barcode,count
GTTAAAACAAATGTAC,367775
ATGTGGATTTCAGGAA,275515
ATTGCCAGTTCCCACA,220078
TCAACGGTAGTGCCCC,217099
GACTACTAGAACAAAC,178580
AATGAGAAATGATTGA,173853
CTTCCAGACATAAGAA,135382
TATGCTCTTCAACTAA,129700
CAGTACATTTCAATAG,129696
AAGACCAAAGGAAAGA,127278
GGTATACTGTAATAAC,126438
CAGATTTTAAATTTAA,125268
TGTATAGGCATATATC,124434
GTACCTGTGCGTGAGG,124338
TTCATACAAACATTTA,123258
GATCAAGAGTTATAAA,123013
AAACAGTAAGATGTTA,121012
AAAACCGTTTTAAGCA,120225
TAAGGAGGAGATATAA,110552
GAGCGAAGACAACACA,110275
TCCCACCGATCTCAGC,109503
CGGTAAATCGCACATT,109417
TTAGCCACCTATACAG,101343
CGGACAAGATGACCCC,98852
CGAACTTTCGAAAGTA,97608
GATGTATAACAATAAA,97262
TGGGATAGGATAAAAT,97035
ATTATATAAGCTATAC,96979
AATGACCATTACGCAT,96899
TCTATTAACCCCTTAT,96579
TCCACCTGAGATAGAA,95048
GAATCATTTTGAAATA,95031
TAACCAGGAGAACTAT,94680
ACGTCAAATGCATGAT,91332
AAATTGCTTATCCGGA,91270
TTAAATAGTGTAAAAT,91234
CAACCCGCTTAAAATA,90927
GAGTTGCGGTGTCAAA,89084
TTTATATCACATGCGT,86965
CATTCCAGTTATATTA,86963
CTCATTCGAAATACAG,85648
TCGCATCAGAACTAAT,85292
TCCCGATGAAAAGGAC,84287
TACTGTACTCCTGAGT,84284
CCAATTTCCGACATTA,83835
CCAACGAGGGACCTAT,82256
AGATACGTTAAATTAA,81422
ATGAGAGTGTTCCCAC,81010
GAGACTGCAACGAAGT,80883
TCGTACATCCAGCTAT,80609
GAAGAACTAGCTCAAA,80600
TTTTATAGCGGCGTTG,80131
GACTTAAGGTTACCAT,79790
TTAATTTGGAGGTAAT,78904
CAAATGTCTTGTGGAA,78743
TCAGCATGGTAGAGTA,78637
AAAAGATGCGCTATGT,78560
AACAAAACCTTAATAT,78492
TGACGTTTCCAGCACC,78430
AATTGCGCGGGCGAAA,78406
AAATTAGAGTTTCCAA,78376
ATCCGGACCACGCTTA,77809
CAATGATTACACAAAG,76894
AGTGCAAGATGGCATT,76807
ATATAGCACTGATATA,76702
TAGGTAGATTAAAAAA,76555
CAATTTGAAAGAATCA,76313
GCCCGCCCTATAAATA,75829
CGAGGAGTGGAAAAAG,75724
CCCTGAGATCATACGC,75486
TCAGAATGTATTTCTA,75460
AAACTAGGTGCCCAAA,73609
GTATCAAGCGGGACAT,73462
GCACTCTGCCCATTGA,73206
AATAGAAGACTATAAC,72878
CAATGCTAGTGTCCGA,72813
GAAAGCACCGAACATA,72223
CGTATAGTTTTAAATA,72117
CAGCAACTAATTCAGG,72018
TGAATAGGAAAAGATA,71607
GACAGGGAGTAGGTGA,71103
GAACTTCGTCAGTGGG,71015
AAACCGGCACACTATT,70868
ACCTCAAACAGGCTAG,69833
GTGTAGAATGAAGCTA,69707
ATATGAACAACCCGAG,69604
CTACTTGTAATTCGCA,69552
GCTCATAAATGATACT,69503
CCAATAAAGAGAATAG,69298
CAACCCAAAAACCTAA,69230
ATTCATCGGGAATATA,69007
AGATTGATCACTAATA,68958
GGACAAGTAAAGATGA,68546
AACAAACTGCCAAATA,68448
CAGGACCGCTCTTAAA,67623
ACGAACAATCAGAACT,67571
ACAGACAAAAGTTAGA,66997
ATCATACTCGTCAATA,66954
GACTAAGAGTTACAAA,66530
AGCGCAAACAGAATAA,65950
TTTTAAAAATACTCCA,65651
ACTCTAAATGAAAGAC,64984
CCAAATTCACATAATA,64720
GACAATGACAGGGGAA,64624
AAACATTGCATCTCTA,64545
ATCATGTTAAAAAGGA,64079
ACACTGAAGGCACAGT,64069
TTAAGGTTCTACAGCA,63088
GGACTACATGGTACTA,63020
TACAAACAGTAGACGG,62629
TAAATAAAGAATCTAT,62591
ACCCTAAAAATACCTA,62581
CTGTATGTAGTTTAAG,62537
GACAATACAGTGCAAA,62495
AGGGACTGGACCCACT,62385
CTAACCACAAGCTACC,62365
TCATAGGCAACTTGAA,62339
GTACTTAATAAGTGGG,62136
CTACTGTACTCGGCTA,62134
CCTTGAATTAACGGAT,62116
CATTGAGGCACAGGCA,62061
TTAGTAAAAGTTCCAA,61891
CCTGTAAAGTTGTCCT,61887
GGGGAAAGCAGTGCCA,61541
TTGGCCCCACACCAGA,61358
CTGCTTTAGGAGAATA,61267
GTTAGCTGGATACTTC,61254
CCCGCACATTCATTAA,61149
GCGGTAATCAGGACGC,61016
CCAGAGTATATTGGCT,60904
ACCTCACTATCAATAA,60842
TGGTTCTACTCACTAA,60723
CAAACCTTTGCAACTA,60441
TTGTACGGTTACGGAT,60075
CTTGACCACAGACAAA,59806
ACCATTATCATAAAAT,59051
AGCCATCCGCACAGTG,58714
ATTGCGAGGATCTAGA,58507
AACAATCGGACCTAAA,58330
CTAGTCTCAACCGGAT,58317
GGTTCGCCAACGCCGG,58161
ACCTTATGAAAGCATA,57856
CGAACTTTCAAGTCGT,57754
TCTGGCTATAAAATCA,57750
AATCTGGAATGCAACA,57705
AATATATCTTACGGTA,57442
CAAAGAGAGATCAATG,57436
GACCTAATAACCTATA,57306
TGACCTTCCGACTAGG,57073
TCAATAACTTAGATAA,56932
TACTCCTCTTATCAAA,56920
AAAGTAGAGACCTAGA,56841
GCAGGCAGATGCACAT,56775
TAACCCCATACAGAAC,56744
AAAGTACTGAAGAATT,56431
ACTTAAAACCCCTTAT,56425
GCATTTTTAGCTGACA,56413
CGTATTAACAATGTGT,56322
AGCAAATTGTATAAAA,56184
CTGCATTCCGTTAGAC,55443
CCACTAGTTACATAGT,55390
TAACAACAGTTGACGA,55306
AACCTACCTTATGACA,55135
ATGTGCCCTGAAATAA,55134
TTCCATGGGTAGAGAA,54965
ACATTATAACTTACCA,54925
CGGCATGGTAGATCAC,54879
AAGATAATTTCAAAGA,54871
CCGCCACGGTTGTAGA,54852
TATTTGAAAAAATCGA,54831
CGTGCGACAAAAGGCA,54710
ACAAGACACTGGTAAT,54641
TGCAGAGGCAGATCCA,54597
ACTGATTTTGTCTCTG,54555
AGCATTATATCACCCA,54543
TCGGTGCGCGTGTTAA,54540
CAATGAAAATACGCAA,54490
TGCAATTCTCGTCATA,54479
AATGCTATTTCGTAAT,54454
AAGGGATGGGCAGAAA,54391
GTTTAATGGTTCGGGA,53991
GCATAGCTTAACGGAG,53903
AGAGTAGCTAACCGAT,53874
TCTCACGCAGGACCTA,53861
GCTGAATCAAATCAAA,53626
AACCCCCGTAGCCCTG,53365
CACTATCGTATAATCA,53199
TAGCGTCACTTGTATA,53141
ATCGTTTATTACATGC,53081
CAGCTAAGTCAAGCGG,52752
TTAGGACTTGCGTACA,52651
AAATGTGGCAATTTTA,52563
AATGCCGGTGTACGAG,52472
TTTCAAACCGGCCCTT,52375
ACCACAACACTCGCAG,52355
TCATATACATAGATAA,52350
GGAAATTCGTCCATGG,52198
GAGTCTTCCTCCTTTG,52149
AGTTAAATCAAGATAG,51986
AAAGTTCAAGTTCAAA,51932
GGTGTATTTCATTAAA,51905
AAGGCTATAGATAAAC,51858
TTCGAGACCTCTTAAC,51822
GCTTTATGGTATGGGT,51778
TATGGGATTAGCGATG,51717
CCCGCAGCTCGGCACT,51697
AACAAAACATCGCCAA,51691
ATCGTAAAATGATAAC,51646
AGAGTATAGAATGACA,51586
TGCGAGCGCAATAGTT,51410
ATATACACTTGAAAAA,51173
GTACAAATACTGGCCA,51066
GTACTTATTTCATGAG,50996
TCAACAGTATTCCCTA,50938
AGGAAGAATCAGGCTA,50866
CACAGGAAAGTTTGAT,50684
CTCTACACCAGGGTAA,50674
ATCCGTGACTTTCAGG,50645
TCAATAGTCCCATGAT,50561
ATATTCACCTACCCCA,50541
TTCGAAGAAGTTAGAT,50324
GATAATCTACGGTGAC,50306
AATGAATGCTTATTAA,50171
GACTTCGCGAATCTAT,50163
TCCTACACTTGTTCGA,50154
ATAAAGCCCGACAATA,50105
AAACGAGTAGACGTAA,50104
TTCGGCAATCAAGTCT,49966
ATGATAATATAGACGT,49921
CTGTCTACACAGGCCA,49901
CCGTATGAAACAATGG,49705
TAAACTATTTCCTGGG,49499
CAAGAAGTAAGAAACT,49485
CATCCCCTAACAGCTG,49408
TCTACTGTCCCCCTTT,49386
ACCACCATCTTCACTT,49311
CGAACACATAAGGTAG,49189
AAGTATTCAATTTAAA,49129
CGTACGCAAGATAACT,49096
GTCACAACAGTATTAA,49077
AATACGGTACATATGA,49062
TTAGAAAAGATAGAAG,48930
TCGAAAAAACAACTCA,48863
ATAAACATCTTTTCTA,48785
AGACGGAAAAGTGAGC,48429
ACTCTGACCAAATGTA,48395
CCGCCAACTCAATGGA,48382
CCTACCGTCTAACGAA,48069
CATCGCTGATAAATGG,48064
ATAACACCAGTTCAGA,48047
ATAAACACTGAAGTTA,48025
CCGCGGCGGTCACAAG,47998
CACCTTGACCTATAGA,47884
AACCTAAAAGCAGTTA,47821
ACCGGGGCAAGAACCA,47807
TTAAACCACCGTATTG,47801
CTCTAGATTAATCTGG,47793
GAGCAGCACTAAATGC,47778
GAGCATAAAAAGTCAG,47553
CTAAAATAGTATGAAA,47538
AGACAGATACTGTAAT,47516
AGATCCAGCAGAACAA,47516
GTAATTAGCGGTTGAA,47411
TGGAATACGTAGTATG,47367
TTACAAATGCAGGAAT,47349
GCATGCAGGATAACAA,47328
TGATTCAAACTACAAA,47304
TTCAGAAAGAAAAGAT,47296
TGGACACCACCTATAG,47291
AAAATTGTAGGCAGTA,47262
CGACTGCTGTTATAAT,47222
TCCACTAAGTAACATA,47168
GAATGTGAAGGTACGA,47114
AGATTTTGTTCGATAG,47088
GTTATTTAGAAAAAGA,46910
AAATTACGAGGATATG,46909
TGGCTTTGTTGAGCAT,46863
ATAGAGCTGATCTTAC,46791
ATAAAACCGAATGTGA,46778
ATTTTGAAGAACTGTG,46761
TTCGAAACCACCAACC,46753
GAATGCCAGACTTAAT,46697
CCTACTAAATGTGAAC,46668
CGAAGAATAAAATATG,46639
CGAGCATTACTAACTT,46556
CACCCCCGAACTACCA,46487
AGAAATCGTTGATTGA,46450
CTCCCTGCGCGCATGT,46380
GAAGAATAGCTTCTCA,46297
GAAACTGATCAAATTC,46201
GTAAGCTTTCGTCATA,46199
GAATACTATACTGAAG,46161
CGCTGCCTGCTTACCA,46147
TAATAATATGACACCA,46133
AGAAACCTTCTCTAGT,46113
CTTACAATATTAGTCA,46112
TGAGGCTTGAATACCA,46080
GATGGAGAAGGATAGT,46064
GCACCACAAAATGTAA,46013
AAGGGTAATTAATAAA,45901
TCATATAGCGTGCAGG,45879
CTGCAACCAGGTCGTA,45807
CTTGATGAATACTAAA,45756
TACTTGCATATACTGT,45732
AAGTCTGTTAATTCTT,45671
TCTTTAATTTTGGCCT,45576
TATACCTAATGCCTCA,45536
AATGCTTCATAAACAC,45445
CTCACTGCAGACATAA,45365
CAGCCGTTGTAAATTA,45315
TAGAAAGACCCTAGAA,45182
CGATCCAAAAAAGCCA,45167
TACGTATCATATTGTA,45092
TTAAGCCATACGTGCA,45086
ATACTGGACACAGAGT,45065
AATGAGGATTCCGAAA,45012
ATAGATTTATACGGGG,44992
TCAGTAATCGTCGCAT,44952
TTAACAAATTATATCA,44941
TACCGAAAGTCACGTA,44931
TTGCTCAAACCATATA,44804
TCAACATATGAAACAT,44743
TAATACCTCACCCCCT,44740
TGTTTGAGCCCTGTAC,44725
CGCACAAAAGCCCAAT,44715
AACACGGCATTGACAC,44679
TCCACCTGTGTATTGT,44623
ACCACTCGCAATGGAC,44598
ATCCAAATTGGATCTA,44458
CAGTAAATCTACTAAA,44378
ACATTCACTACCCCCT,44268
TGCCCACTCATTACTA,44244
ACGTACTTGGCGAAGA,44233
TCAGTCAATCGACCAT,44168
GTGTAAAGGTGAATGA,44166
TGTGACAATTAAATCC,44142
AGTAAAGAGGGGCTAA,44121
CGCTTACTAATACTAA,43989
TGCTCAAAGTACTGAG,43988
CCCATCGGCTTGAAGA,43986
AGATGAGGTACTTCAG,43896
CTTTTAGGAGCCCATA,43886
TCCCTAATTGAAACAT,43842
TCATCACAATTGACAA,43793
GATTGCTTGAGGATAT,43745
TCAATAAATAGATTGT,43731
GAGGTAATCCTGGCGT,43656
GTGCAAACTTTGATCT,43622
CACTGAAAACCCATAA,43575
GGAACTAGCCTAAAAT,43458
ACCTACGACAACTGTA,43443
TCCTAAACTATCTAAA,43357
ACGACTAATATTAGAG,43291
TATTGTTCTCGATAAA,43280
GTGTTAATTTAATTGT,43278
TGCAAGTCAATGTACT,43263
AAAATAGGCACACAAT,43256
TACTGCAACTTAAGTA,43136
AATAGACTCAGCTCAT,43042
GCTCGCATTGACTCTC,43007
AGGAAACAACAAACAT,42981
ATAAACACTTCTGCTA,42974
AAACATGGCAGGCGAT,42947
ACGAAGATAGCACATC,42944
TTGTACGCTCACCAAT,42916
TCAAGCATAAATTTCA,42841
TGTAATCGTGGGATAT,42820
CTGATCAAGAAGTTTA,42759
ATTGCCCTTCGATCTG,42733
GACCCATACCTGTTTT,42722
TGTTTCAACTCCGCAT,42631
AACATAAATGTTTCTA,42616
AAAGGCACTCCCTAAC,42609
TTATCGTTCATCTGTA,42594
TCGAGAAAAACTATGT,42547
CCATCACGAAACAATA,42454
TACACAAACATCAGTA,42424
CTTATGAGTAAAATGG,42332
CGATGGGAGAGTGTGA,42308
TGATCTTACGAAACAG,42283
AAACAAGCAATATGAT,42251
TAACCGTGAAACAAAG,42221
ATAGGACCCACAAGGT,42218
TAAAAAAAATCTAAAA,42211
ACTGTACCAACACACA,42118
GTTCAACGTGTTTAGG,42117
ACAATGAATAGGATTA,42111
CTACACTTCTTCTAGC,42088
TAACATTACCCTGAAG,42060
CATATACGATTTATAC,41972
AAATAATAAAAGGCTA,41960
AATTGAGATACTGTTG,41889
CAAATAACTTTGTAAT,41782
ACCCCTTCCAGTTGTT,41739
ACTGGCTAGATGTCGA,41737
CTGTGACAGCCTTACA,41636
GTAGGATTTATAAAAT,41583
CATTAATGTTAGGTTA,41539
ACGAACATATCAAAGT,41523
GTCGATCCGATCTCAT,41501
ATTCCTTCACCATTGC,41470
TTTTCACTTAGCTTGG,41412
TTAAGGACGATCATAA,41394
GCAGACACTTAGTACC,41373
AGATCACTCCTAACGG,41352
ACATACTTACTCTACG,41301
TCTGTGATGGAAATCT,41295
CCGTCCCAACAATTGA,41289
TGCTTTTTAGAAACCA,41272
TGGTAACTTAAGTTAG,41240
GCACGTACATGATCAG,41165
TCACTGCTTAAGGAAT,41137
CATAACGTTAAACCGG,41047
GCCTGGATTATAGTTA,41040
GACCTTTAGCAATTCT,41008
CATAAGCAACAGTGCC,40996
GTAAAGGTGACAATAC,40964
TAACCTATGGTTGAGT,40907
CCCATCGTACAACCAG,40839
ACACCAATATTGACTA,40792
TACAAGACTCACAAAA,40773
AATTGCAATGATCAAG,40733
CAGCAGAAATTACCGC,40732
AGCGACGACACCTAGA,40725
TGAATCCGAATGGTAT,40724
AAGTGCGATGATACGA,40689
CTGAGAGGCTGTTCTC,40650
ACGTCACGTTAAGAGG,40643
AACTACAGAATCCATA,40641
GACATACGATCTAGCC,40639
CATGTTTTATATTTAT,40609
TTTCGATGTCTTTACT,40609
TGACTACATTAGGGGA,40570
GTTAAAAGGACTACTA,40527
TACTTCATGAGAGTAC,40490
GCAGAGCACGTCAAAA,40449
GTCTCGGATGCATAGG,40393
CGCGCTAAATGAGGTG,40350
GTAGTCTAATTGTATA,40339
CTAACTGAGTTAGATT,40263
CCAATAGGACCTTGAA,40233
GATTGAGTTTTAACCA,40182
AATCCCTAAGCAAGGG,40174
TACAACTGACAGAGAA,40142
ACTCTTAGAAATTGAA,40119
GTTATGCCAATAATAA,40104
GACTACTTATCTAGTG,40102
AAATTCGATAACAGGT,40099
GTTTTATGAACTCGTG,39941
ATGACAGAAGGTTCCA,39863
TATTAACTTGGGCAGT,39845
CTGTATCGCAAACCAA,39817
TCCATTCCAGATATAT,39773
GACCTAGCCCGTTGAA,39759
AAATAAACGGGTACTA,39753
TATCGTTTCTTGGTAT,39731
CAATGACCCCCATAAA,39725
ATAGGATATACTGAAA,39656
GGCCTAATTCTGAGTT,39645
ACTGAAAAAGAAAGGA,39638
CGCAGTTTCGTAGGGA,39612
TGGCTACCCAGTTGCA,39610
CACAAAATTGACCCCA,39605
TCATCACCACCAATTT,39562
ATTTAAAGGACTGATA,39516
AACTACATTAGTCTGT,39463
TCACCGCCTAGGTCAG,39432
ATTCTAAAAACAGGAG,39397
CGCCAGTGCCCTACGA,39368
AGAGTGGACAAAGGTA,39333
GTCATCACTAATGGTA,39196
AAGTTCAGTTCCGAGA,39189
CTGACGTCGATGGTGA,39142
TGATAAACTAACACGG,39128
TTGTTATGCTGGAGAA,39113
ACTAAACTGATGCCTG,39097
GTCGTATGGGAACATT,39074
ATAATCAAATCGATAC,39063
CATGCAGATCATGCAT,39062
CAAAGAACCATCTGAG,39037
TATATGCATTCGTACA,39002
CGGGATATCAAAGCGA,38901
TGAAACTTAGATCAAT,38900
CCAAGCCGACGAACAT,38881
GGAGATCTTTACATGA,38872
ATACATAATCGTGGAT,38871
CGTTTACGGCAGAGGA,38777
TCAGAAACCCGATTTA,38728
TTACCTGCAGTGGAAA,38722
GTAAAAAAAGACTTAA,38615
CTCTAAGTGGACGACA,38590
CATAACATATGGTTAG,38564
ACCCTACAGGACCGCC,38559
TAGCCGAATCCTATAG,38525
ATCGTTAGGGATAAAT,38486
GCTCACGTAAACAAAA,38443
GACCTTTAGCGATTAA,38419
TGCTGTCATAGAAATG,38388
ACACAGTAGAATGCAA,38364
GAAGGAACGAAGGGAA,38355
ATCTTTATGCATACAA,38314
ACCCCCAAACAGACAA,38310
ATTGTGGATAGTTTCT,38301
CAGAACGAACATTAAA,38298
TTACTACAGTACCTAA,38241
ACTAAACATAGCGACT,38197
AGGACAAGAGCGCTGG,38131
CACAAAAATAAACATA,38125
GTAGTGAGCATTGGAA,38091
GCTCCGATACTATAAG,38080
AAGGCTACGCAATCCA,38008
CTGTGTGCGTGTACCA,37952
CATACATAGAGAGCAA,37868
ATAGCTACGCTCACTA,37852
TATGCAAATTATTGAA,37851
ATTCACTACGGCCCCA,37813
TAAGTTGAACTTAATA,37795
TACCAAAGTAGAGGAA,37789
ATTCTATCTCCCCTTT,37783
AGTTACGCATTAACAA,37755
CGATAATAAGCATGTA,37744
GAAGATAAACATACCG,37721
ACATTAGTCAGCTAAT,37705
GAAAACCACAATTAGA,37656
ACAAATAAAACGAACA,37634
ACGTTCCATGACACGT,37633
CATAAATGTTCCAAAA,37592
ATAGATATATAAAACC,37557
AACTAAGACGCCAGAA,37524
ACCAATGTAAGAAGAA,37486
CCTCCCATTGACAAAA,37462
GCACCAGCGAATGGAA,37448
TTCATGTAATAGGAGA,37219
AAAGTAGAATTTAGCA,37199
ATATTCCGCGTGGGAA,37169
CTAGAAATTGATCAAT,37095
TCAGCATAGAGGGGAG,37065
ATTTACATCGAGAAGA,37026
ATCATTGTATCACTTA,37005
ATTGTTATACGAGTAA,36998
ACCTAGCGAAACTCAG,36997
TCACATACTAATGAAA,36939
CTCACCCCTTTAAAAC,36917
CACTTAAAAGAGTTTT,36895
TTACACGTGCTTTTCA,36889
ATCTCTCTACTTAAAT,36883
AAATAAACCCGAAAAA,36871
ACCGCTCGGCTTTTGA,36842
TCATATGTTGAGAACG,36790
GCACAGGGACATTCAG,36786
CCGATAGCAGAGCTAT,36769
ATAAATTAATATTACA,36743
TTCCAAACAAGTTCAA,36740
AAACAATAAGACGCAA,36737
CCCCATGAAGACAGAC,36724
ACACAGGTGTTTCATA,36719
AGAGCATGGAGCCCAA,36695
AAATACCAAGAGAATA,36680
GGACCCAAATTAGCGG,36638
CTCTCACTCGAATAAA,36637
CCGCAAGTGACCATAA,36614
GACAGTGTATAAACAT,36612
GTGTCCAGGACCCGAA,36582
CAATACAACAGCCAAG,36576
TCTCGTGAATGATCCA,36552
TACCCGAGGCGTTTAG,36534
AAAGATGAAAGCGTAA,36503
TGAATGAAAGTTGGAA,36485
TTAGAAACGTCTACAG,36480
ACCGAGTTTTGGTTAT,36478
ATGCGAGCGACGTATG,36471
ATACGCAATTAGAGAA,36463
ATCAGGATAAAGATGA,36463
CGAAAGGTAAAAGTGG,36389
ATCGAGGACTCAGGCA,36363
TCCCTCAGGAATTGAC,36337
CAGTGGGCTCGGCAAA,36321
CACTACATAAGTTGTA,36309
TAGATGAAAGACAAGA,36282
GTACTTACAAAAATGA,36240
CGCGTTTAAAAACTTA,36236
TGTAGTGCCGCATTTA,36222
TAAATAACTCAATATA,36220
CTCCTTAATTCATGGA,36203
AGTGATAGGAAGGGAC,36124
TAATAAATAGCTTAAG,36103
TGCTTGGACTTATTGA,36065
CAAAGTTTAATGTGTA,36034
CCGAGTTATTACCCAA,36029
TTGGCCAGACAATAAA,36026
AAACAAGATTCGAGGA,36018
GCATGAATGGATAGGG,35993
ATCAATCAATCCCAAC,35981
GTAAAGTAACAAAAGA,35958
GTAGCGATGTCTCGGT,35953
TAAAGCGTAGCGTAAC,35948
CTAAAGAAACCACTGG,35924
AACGCGTAGATTAACG,35834
AGTGAAGGCTCAGAAT,35827
TCGGTCTTGATCAGAA,35793
GGTGACTTTTCATAGG,35787
GATCAACTCAGGTTAA,35766
TTTTCCGGGCACAAAA,35758
GAACAGCCACACCGAC,35751
TGAATGCACATTGCAT,35717
GTAAATAGCGAAGAAC,35669
GCTCTAGTAGCCCCTC,35662
ACCCATCATCAGGCTA,35646
TAAGGAATAACGCGAT,35591
CCTAAAAAAGCGATCA,35573
ACTCCTACCAGCTAAA,35530
TTACTCCCTTTGAGAC,35494
ACGTGTTTAGCGGCAT,35492
ATACTAACTACCGTGT,35439
ATTAGCTCACACATTA,35427
AATGTTTCAATATAGT,35420
TATGTTAAACCGGTTT,35398
CAAAAGATTTACAATA,35384
GGCTTCTCATCCAAAT,35314
AACAATAGGCCCTATA,35282
TGACACTTACCGCCAG,35260
AAGGGTACAAGGTCGT,35257
CGAATCAGTAGACCAA,35248
CGATGGTAGCCATAGA,35200
AACATGGCAGATAGGG,35188
ACAATTAACCCTTAGA,35184
TAACCCGTAGACAAGG,35150
CGCTGACGCACGTTTA,35136
ATAGTATTTAGTTGTA,35106
GTAAACTTAAGGCCAG,35081
CAAAAACCTAGGAAAG,35049
TGCTTAGACTTTTTAA,35043
GGAGATGATAAGCAGA,35016
AAAAAATCTCTGCCCA,35007
ATCCAGTTTCCTCTAG,34999
CTAATAAAGGGGAGAT,34987
GCAAGTTTCATCCAAA,34987
TAGTGTTTCGGACCCA,34904
CAATAAGCGGCCTTGT,34899
ACGTGTACCACCCTCA,34894
GATGACGAGCCGGCGA,34885
AGACGAAACAGTCGAA,34884
TGAGATGTCCAAAAGA,34883
GGAGAACCTTAGTTAA,34828
TGCATGAACAAGCCAA,34704
ATGGGTTGTTAATTAA,34666
ACACGCATGGCATTAT,34636
TAGCCAGGAAACGTGT,34624
ACCCGGGGGAGTAATA,34610
CTTACTTTTTCGACCA,34600
AGTCCCTTGGGCATGG,34563
AATCTCATTCAGGTGA,34552
CGGAATTTGGTTCATA,34540
GACGAAGTTTAACTGA,34507
AAGAATCCCTGGCTAA,34461
TAACACTGCCGCAAAA,34447
GTAGCAAAATCCAAAA,34446
AGACCATCTTGGTAAC,34426
GATATGCAGAAATTCG,34405
GGATCTAACTCCTAAG,34401
CTTCTCTGAATCGATA,34366
CATACGTAGCAGAACC,34346
AACTTCTATAGCCGAG,34341
TCTTAATATAAATTAG,34338
AGATGAACTTAGTAGG,34312
GGGTTGATGAGGAGAG,34293
CAAACGCGGATTAGAT,34278
AGCTGACCTAATATCG,34275
TGCTCACTAAAATCCA,34239
AAACAAACAGGCGTGT,34119
GAGTAAAAGAAATTAA,34096
CTCACGCGACCGTAAG,34093
GAACTACTCTAGGGAT,33988
TAACATATCCATTTAA,33968
AGCCCATCATAACGCA,33967
CAAGGTTGCTGAAATA,33920
AATCGATCAAAAATAC,33903
TCGTATGTTAACCCCT,33903
TCTATTAACGAGCTCA,33901
AGACCACGTTGGGATA,33893
CACAACGTTGATACAA,33832
GTGCAATTCGAAGCCA,33795
CCACCTAAATGGCATA,33792
GAAACGGGAACTTCGA,33777
CCCCACCGGAAGTATT,33761
GAACAATAACTCGAAG,33750
CTCAAAATTAAGAACT,33718
GTAGAGACTATAAAGT,33711
CTTAAAAATAATCATT,33690
TCAAAATGCAAGGACT,33688
TCCTTTTGATACTAGG,33635
AACACCCCGATTAGTG,33631
CTTTGTCTTAGTGAAA,33627
TGTAAAACGTTGGCAA,33621
AATAACAACAGATGCC,33576
CTAATAAACGAAAGAT,33560
AATAGTGTTCGTACGA,33533
GGTAAATAGCAAGTTT,33526
CCATAGCGATGATGAA,33516
TAAATCCTAATATCTT,33494
GTGGCAATTTTTAGAT,33478
CCTTATACAGCAGGGG,33414
CATAATGCATATTCAA,33411
AAAGACTGCTCTCATA,33381
AATATTTGACACCACG,33377
AGAATAATAACCTTAC,33373
TTCTTCAATTTTGGTA,33333
TAGCCAAAAAGTTCTA,33313
ATCTTTGCTTAGGATG,33289
GGAGTGCGCTACTAGT,33280
TCAAAACCCACAGCCA,33277
TATAGAAGAACGATTA,33269
GATTGTCAAACGTAAA,33257
TGAGGGGCGAAACAGG,33228
CTAGGAAGGTAACGAC,33220
ATTAGACTTGATCACA,33157
CCCACCTTTGAATAAG,33156
ATAACTGGCCTTCCCG,33114
TATCCCTAAATCCTAG,33075
GCGTACCTACATGCGT,32992
TGGCTTTGTGCCGAAT,32991
ATATGAACTACGACAA,32964
ATACCAGATCAAACCA,32923
CTGGCCCGATTTATAA,32881
TTACGAGAAATAAGGT,32856
GAGCTTGGGCGTTTGA,32851
AATTGTACGCTCATGA,32847
CCAATTAATCTAGTTA,32844
GAATATTACAGGCTAA,32837
GACCAGGGACTACCTT,32810
CGTAATTTAAGATACC,32787
GAATACGAATACCTCA,32774
CCCCGGTTCAAAGAAC,32715
TTCACAATTCCATGGT,32682
CTCCAATCACTCTCCC,32643
GCTTGTAGATCAGTCA,32635
TCGCAACAATTCCTAG,32589
GTGCAGAAGATGGATA,32571
GTAGGATAATGCTCAA,32552
CCTGATAGACGGCGAA,32549
CAACCATCTTAAGCTT,32546
AAAGACAAAGAGATGA,32486
TGTGAATTATGAGTAG,32466
CACATAGTCCCCTTCA,32447
ATGAGGAATTGCTAAC,32419
CGGATCCATGAAAAGT,32399
AACGCTCTGCTTGGTA,32378
TCTTTGATTCGGTCGG,32368
TTCAAGAGAGTTATAT,32338
GGCCATTGCAACCTAG,32318
TATTTGGCTGAGAAGA,32231
AAAACACATCGAACAA,32173
CTCCATCATCTATAAC,32141
ATAAGTGAAGGAAATT,32088
TATAGAATTCGCGAGG,32045
GTGATACGACATGGAC,32031
TAGTAATTTGGAATAA,32012
AAAATGTAAACGTAGA,31962
TCCCATCCCCAACAAT,31936
TGGTTTGATACCAGAA,31927
CCTACAACCCTAAAAA,31923
AACCACCCGGCTGCAA,31872
CTGCGGGGGGGACCTA,31809
CCGCAAGATATAGTAT,31794
GTAATGACTAAACTGA,31792
AAAAAACGTTCACTAA,31775
AAAGACAATGTAAGGA,31769
AGGCGTTTGGACGCAA,31762
TGAATTACATAATCGG,31752
AATAATTGACACAAGA,31748
GTCTGTCTGGTCCTGT,31707
CCTTGAGTCTGTTGGT,31700
TAAAATTAGAAATTTA,31693
TTTACCTAGAATGTAC,31641
ACTACGCTTCTGCCAC,31629
TATCTCGTTGGGCTGG,31579
GTTACTCACATCTATA,31564
ATACTTACATCCATTA,31552
TAACAACTGAACGAAT,31532
TGATCGCGAATCGGGG,31527
AGCCGCGTTTGGGAGG,31522
GACGTGGACGTAGTAA,31495
ACTGCAGAGAACATAA,31485
GCCACAACTCGGGGTA,31471
CTGTAGGCGAGCCCCT,31427
TTAACGGTATCTCCTT,31422
AGACACGGCAAAGCGG,31412
ACATAGTAACGATGAA,31402
GGGAAAGCTTTATGAC,31389
AGTGGGTACAACCAAA,31380
CAACAGCGTAGTAAAT,31376
TGTCTGGGCCAACCAA,31350
TAGAGGATCTGACAAC,31349
TAACTAACGGAATACC,31344
TAAAAAGAACTCAAAG,31293
AGTATGCCACACGTAT,31256
GTTAACACTCAGATTA,31131
TCATGGGGTTACGGAC,31131
CGACATCAGTATTTCG,31091
AGCAATGCCATACATA,31069
CATGGAACGTAGTCGA,31025
AACCACCTAAAGTAGA,31001
AGGTGGAGCTAAGGGG,30970
AAAGAATCTACATAAT,30947
GCGGGAAACAACACAT,30857
CAAGTTCTCGCAACAA,30791
AACGGCCAAAGATTAC,30731
CTACGGAACGATGTGT,30679
TGGTGTGACTTCCCAC,30642
GAATATAAATGATCAT,30623
TAATGATGACGCTATA,30623
CTCAATATCATCCGAA,30592
CCTAAAGGTCAAGCTA,30568
AAAATTTCAAGATGGG,30561
AGCTATCCCAAACATA,30555
ACTGCGTAACCAGTAA,30548
TTTGATAAACTGTAAT,30545
GAATAAGCGTTATGGT,30531
GTCGCGCATCAGCTTA,30531
GAACAACGTGGTTATA,30522
CTATTTTCCCAAATGT,30469
TACATAGAGATGTGGG,30453
TAAGAAAACACGTCAA,30447
AAAAGCACCTGGATAG,30434
CCTACCTTACGAAAAT,30414
GCCAAACTACTCCTGT,30399
AATTGTGATTAAAATG,30338
AGAACACGAGCCTGAC,30337
TTACATAACTCATCTG,30260
CACCATGATCAAGGAT,30241
TCCGGAGTCCGCCAAA,30226
AGAAATAACAAAAGAC,30138
CTCTCATACAAATAAA,30114
CTTCGGAAAAATTGAA,30112
GAATCAGAATGACAAA,30066
GAAGCAATCATCCATT,30056
GGGTTGGAAGACTGAA,30046
TGCTCCTTCACGCCCC,30011
GAATCGAAAGGAACCG,29991
TTGGCCAAAAAGTCGT,29984
TCGCCAACCCCTTAAA,29964
CAGGATACCAGCCTAT,29946
TGAGCGAACATGAGAA,29930
ACGTTAGAAGGTGATT,29925
TTGATTTCTTTTTAAT,29906
CACTAAACCACCGTAA,29905
TTAATCTATATAGTTA,29878
ACGCGCAACTCCTATA,29868
AAGCCTTCCGAATGTT,29861
GACTTCTTAGGGACTA,29829
TTTAAAGCAATATAGA,29826
TTACACTCATCCCACT,29823
GAACCTACTTTAGAAG,29821
AGCCAAATACAAAAGA,29811
CGTTTTATAAGGTTCT,29789
CGATTTCCATGAACTT,29726
TTATTATTTTATCCCA,29692
AACAAACCGAAGATGA,29650
TCCCCTGCAAATGTAG,29649
GTCGAACATAATAAGA,29635
AGCCATCCAAAACATT,29618
GGACGATCAGCATAGT,29594
AATCAGCTACTCTCAG,29575
TAATGCAATATAAGAA,29562
TCAACATTGGGTGTAA,29562
TCTTTTCAATGACAGG,29550
ACTACATCTAGCTCAT,29529
CACCGCACCAGTCATG,29522
CTGGATATAAGTCAAA,29513
GTACGCTGGTGCCCAA,29509
GACTATTGAGCAGACA,29508
TTGGTTTACTGCCATG,29493
TTGCTTAAGGGACCAA,29476
GCAGCACTCAGCAGGA,29447
CGATCATAGTCATCAC,29420
GACTCTAACCCACCGT,29403
TGGTTTGCATAGGTCG,29393
TGACGGCGAACTATTG,29384
CTACAAAGCTCGATAG,29366
AATTGCTAATCAGGGA,29362
AGTGCAACAGACGCAA,29334
TTTATAAAACGCAACA,29248
GCATAAGTCCCCTGAA,29241
CCAAATTAGGGCGATT,29226
ACTAACGTGCTTAAAA,29192
TAGGGGACGCCCGAGT,29178
TCCGTCCCGATATTCA,29177
CAATGAATACGAGGCT,29153
GTTTACTGCTGAAACT,29152
TCATGCGCTATCTAAA,29133
TAATTAAAATTGACAG,29087
ATCAGGATCTATGGCA,29086
CTACAAATAATCCTCA,29071
TATATTCGTTTCACGA,29063
TACTGGACCCAATAGC,29049
AATGATAGTTCCTAGA,29042
ATTCCAGAATCTGCTC,29010
ACAATAGCTCGCGTTG,28938
GAACTTGGCGGGTGTA,28925
CTAAGAATGACGCACA,28769
GGGTTTTGTGACAATA,28749
GTATAATGGACTTCAA,28738
AGAAATACCCAGGGAT,28710
CAACGGTATGGAAATA,28695
TCAGCACTCTTGAGTC,28688
GTTCATAGGGCATTTG,28659
CGAGGGGGTTTCACAA,28642
TCACCACACGGTCTCA,28634
ATACAATCATCAGAAA,28620
GGTGTGTAATGAATAA,28599
GCTGTATTAGGGCTAA,28558
TGTAACTATCCAAGGA,28547
ACTAAACTGTCCTTTC,28529
CGTGCTAACAAAGGAA,28509
TATTTACCTCAGGAAC,28479
TTCGGAATATAGTGTA,28464
GACCGGACTCGCCGAA,28424
AGGGAAAAGTTGAAAT,28418
GGTGCATTAGATACAC,28411
CGCGCGAACTCTAATA,28410
AGCCGGGTGATTCATG,28402
ATTGGAAATGCAGGAT,28400
CCAGCCACCATATCTG,28395
GCGCACTTTAACACAA,28385
GATGAACTTCGTAGAG,28369
AACGCAAAGTATCAAA,28362
CTTAACTGAGGAGGTG,28347
ATCGGATCAATGAATA,28319
TTGGGCAAGCTCTAGA,28246
TACACCTGATCATGTT,28238
TCCTTGCGTACATAAC,28221
CGGCCATTTTACATGG,28189
ATAAGGAATGGCAAAT,28183
CATAAGTAGGACCATG,28176
TATAGATTGTCTGCTT,28173
AAGGGGTGCCAACAAA,28147
GCCATACAATGAATCA,28147
AACTTCATTCAACCTG,28146
CCCCAACTAGCATCAC,28113
TAACAAACTGAGGGGA,28066
GAGCTGCCGTAAACGA,28055
GTCAGGAAAAGGTGAA,28055
TACGCTGTTTTCAGAG,28047
AATTAAGTGGAGGTAA,28025
ACGAAGAGTAGCAGAA,28024
GACATTCCGATCGAAA,28018
CGCCCGACACCGCCAA,28011
TGGGTTCCCTCTCCTA,27990
AAACATATAGAGTGGA,27983
CTTAGTTTGAACATGG,27941
AAAGGGGTTAGACAAG,27932
ATTCCATGAAAAGAAC,27922
TCCATAAAGAAAGTAA,27893
TAATAGCTGTTATAAA,27873
GAATTAGTAACTATAA,27867
GATACATACGCTCAGT,27861
CGAGACCACCATTATA,27852
TCCTAATCTGACCTTA,27851
CTGTTTATCTATGCTA,27837
AAACTACTCAACTTGG,27833
CCAGTGCCCGTCGGTA,27816
GGGATAGGAAATGGAT,27796
AATTAAGACGCATAAC,27792
TACGACTACCAAGCAG,27791
TCCTGACACGAGAGCA,27779
CAAAGACAGTGTCCGC,27771
ACAACAAGTACCTTGA,27768
GTAAGCCAAGTGTGTT,27767
TACAACAGACAAAGGA,27735
TATTTTGCATCTTGAA,27729
ATCATGGTATAATTAA,27701
CTTAGGGCAAAAATGG,27698
TAGACCACATTTTACT,27673
TACGAGAATTGCAGAC,27670
GATCTATGTGCGGACT,27669
TATATTGTGGCTAGCA,27627
CCACCCCTACTCTGAA,27625
CGAGCTCACGGTTTGG,27613
TATCCTAGGAAAAGGG,27612
CCAAAATACCGGCATA,27572
AACATCCCGTGGCAGA,27560
AGCCTACCACGTGACA,27538
GAAACAAATCAGATAA,27536
TGTAAAGGCGAGAGTA,27492
GATAATTAATTCATAA,27483
AGCTTATTCAGCTGAC,27461
CTAACGTATTAAAGTA,27453
ACAGATTGGCTTTATG,27416
TTCTGGACCCCTGATA,27416
CGCACAACTTGATAGT,27388
ACGAAATATCATAGCA,27383
ACAGGACAATAGAGTG,27376
GGTAGACTCCCCTCGC,27371
GCATGAACATGATCGC,27360
ATTCAACGCTGAATCA,27352
GTGATATGAAAGGCAC,27319
TTATACAGATACACTA,27313
AGGCCTTCATTATAAA,27311
TCAACCGTGGTGGTAC,27310
CACCACAGCGGAACAA,27292
AAAAAAATGGTGAAAT,27281
TGCTAGAGAATAAATA,27277
AAACTGGCCAACGTTA,27263
CATGGGATTAAAGAAG,27242
GCTACCGACAGTTCAA,27238
GCCCAGTACTGGCAAT,27226
AAATGCTGGCTGGTCT,27211
CCAATCTGAATGAAGT,27208
CTTGCTGACTGGGCTA,27205
TAACCCCCAAACGTAG,27196
CGTAAGATTTAGTAAT,27189
CGAACCGCCAATAGAT,27186
CGTCTGATTATACACC,27168
CGTTCCACCAGATAAG,27167
AATACTAACAGTAAGA,27157
CGAGGCTGGCGTACAT,27146
GTTAAAAACATATATA,27143
TTTAAAGATCACTCCA,27140
CAGAAAGCAGTAGAAG,27136
GATTGCAGGACACAGT,27134
GCACTCCATGTCCCGC,27121
CGTCGCTCTATCCAGA,27084
TGAGGTGACGTCTTTA,27072
AAGGAGTTAGAACAAA,27066
AAAATATAGTCGTCAG,27056
CACATCCTAAGGCAAA,27051
CCATCGCCTACAGGAA,27023
CAATGGCCTTACTGTC,26998
AGAGCAGACTAACAAA,26991
AACATTGAATCTGCAT,26988
ATGAGGCGGACTGCCC,26979
AGCCTTCTACCTTACC,26962
GTCTATGAGCAGGGTA,26932
TAGATTTAGATCTCGA,26911
CACGACCCTACCTCTG,26903
GCGACTTGAAGTCTAA,26902
CTACTTCTGTTAAAAA,26900
TCGAATGATAATGTGT,26873
AAGATTAGAACTGCAC,26870
GGCAGGCCATGCCGAA,26857
AGTAACTACAACTCTA,26834
GAGCGCATTTAAAAGT,26815
TAAAACAAGGAGCCAA,26807
TCTTCAAAAAATCAAA,26797
TAAGAAAATCTAAGAT,26759
AACCACCACCCTCAGG,26756
ACTCAAAATTCACTCT,26746
GCCATATACACGCCAG,26743
AAACAAATCCCAATTA,26734
TCAGTAGGTTGCACAA,26732
AGAACAATGTTTAAAA,26705
CCGATACCAGAGTTAA,26702
ACAGAGGCCGTGGATA,26693
AATTGCCTCCGTACCT,26650
ATCCTCCAAATATAAA,26640
ACAGGCCATATATCAG,26608
TTTCGCGGAGCATTAT,26591
CGTAACGAGGTTGATC,26584
TAGTCTGTAGTGAGGT,26574
CGGGCTCAATAGTTAA,26556
AATGCCTCGTTGGCTT,26549
TACAGACCCTTGCAGA,26546
CGAGCTCCTACGTTAA,26507
AGAAGCCCCTAATCAG,26493
ACAAAGTGAAAGCTAC,26490
TCTCGGTCACGGGTCA,26479
ACCAAATCGTAATCAA,26453
ATTGCCCTATATGTTA,26448
TATTAGAGATTGGTTG,26447
AAAAGGGCAGTTTCCC,26438
GATTGAGAAGAGTCAA,26435
CTCGTCCGTCACAGTT,26409
AGTTAAGTTCGTTGCA,26405
AATCCTTGGATGTACT,26336
TGACGACGCAACGGGT,26335
TCTAGAAGTTAGATTA,26329
ATGGAGTAGGATGCTG,26326
CTTGCAAAAACAGTAA,26305
ACACCTGCTTTCTAAT,26289
CGACTGTTACATTTTT,26288
TCAAGTCAATACGTGA,26285
ATCCCAACACATAAAA,26274
AGCGTAGCCCTACAAA,26270
TTTCAGCCAACATCAT,26240
TAAACACAAAAAATGA,26239
CTTAGACGCCGTACTT,26224
TTCGATGCTTCCAATA,26217
TGAGTTTTTCACTTAA,26207
GGCAAAACCCGCAATA,26171
AAAGTCTCTAACGCAC,26170
TGTAAAGTTGTAGATG,26153
TAAGACCGAAATATAA,26129
CACCTTTGACACTACG,26122
TACTGTTTGGAATTGA,26111
GCAAACGGGACGGACC,26086
CTCCTGTTGTTAGGAT,26084
TACGATGATTCAGGGA,26075
TGAAAACGAGCCCCTT,26071
CAAGCAACTGCTTTGG,26057
GGCGTCGCGAAAAGTA,26050
CGCAGCGCCCACATAT,26048
TGGGTTAACTCGAATC,26014
GTCCACTGAAGCCACA,26007
TCACACGACGTAGCAA,26003
TTAACCCGGCAAAAGA,25998
CCCAACTGCTCACACT,25992
ATCAAAAAGTAGAGAT,25985
GAAATGAACCGAATAG,25976
TTTATTACCGTGTCCA,25949
CTTGACACGGAGTGTA,25944
GGCCTAAGAAACAAAT,25935
GTCGACGGGAAACAAT,25926
CACAACAAATCTGATA,25903
GCCTTGATGAGAATAA,25894
TGGTGAACACGTTAGG,25894
TAATTTGTTACTTTAG,25860
GTCCCCCGGAAATAAC,25856
GACCTATCAATCAACT,25842
AGGCCTCGAATTCTTA,25834
GGAAACGCAGGTTACT,25832
TGCAACCCGGGAGATT,25828
GTCTGACAACCATCCA,25809
CCAGAACCGCGGTACA,25808
TGCCCTAAAACGAATG,25807
TATTGCAAGCATTATA,25803
AGCGCTACTGCCTTTA,25795
ATACAAAAGCAAACGA,25785
GAGTAAAACCCGAAGT,25773
TAAACAAGAGTATCGA,25770
TCCGGGCCAATATACA,25765
TGAACAAAATAAACCA,25763
TCGACTCAACAACGGA,25758
ACCGTTTCATCTAGTA,25742
CATCCATGACTGGCAA,25712
ACACCCAGTTGCGGAA,25686
GAAAAAGGGATTAGGA,25686
TCGTTTAAACAATCAT,25680
TGACCCGTCCACGGTT,25677
AGTAGTTGCAACAAGT,25676
ATGCATGTGACCATTT,25674
AGTAATGGTTAAACCT,25671
CACGCCGTCTAATATT,25670
ACAGAAATAATTTAAT,25665
CCTACGACTGATTTGT,25662
GGCTCAAAAGCGTACA,25652
AGTTAGATGATCATTT,25651
CTGTTGCTGATAGGCT,25634
TACCCAACCACCTATC,25621
TCAATAGCCCGGTAAA,25607
AACCGGGAAGTATTGA,25599
CCCGAGCAGAGACAGT,25589
AAATTACTAATTAACA,25582
GTGGCATACGTGAGAT,25575
ATACTTTTCAATCGAA,25560
TACAAACGTTCTATCA,25527
TAACTCAGAATCCTGG,25507
TTCAATTAGTAAGCGT,25492
CACGCGCCCATTGTAC,25477
ACTAAAACCTCATTCT,25460
GAAATGTAAACTGCTA,25459
TGTTAGAGACTGGGAA,25454
CAGTGACATGGAAATA,25452
AAACGCCATTTGAACA,25426
AAACAAGAAGCCGGTT,25424
AAAATCTACATCCCAC,25420
CAGTACCACTTAGATG,25419
TGCCACGTACAGTTGG,25406
TAGCATATTAATACAA,25398
ATCAACTGATGCTACA,25372
CGATACGGTAACAACA,25357
AGCCATGGAGGATAAA,25352
AAAAGTGGTGTGCCCC,25335
AACAAATAAACTTACA,25321
GCTATTGACTTTAAAA,25276
CAAAGTCTTTCAGTCA,25273
ACATTCATCTTCGCGA,25259
TGTTTCTCAAAGACAA,25244
AGCTTGACTACAGGAG,25243
GGGCTGGCTTGAACAA,25226
ACGACTTTGAATTAGT,25224
ACCAACGAAAGCTAAA,25210
ACTCATGACCTTCGTA,25188
CACGGACCAACGGTAC,25185
TGGAACTCCGGACTAT,25176
CCTATCGTGACTCAAG,25170
TTAAAAAACTGTTTAA,25167
CGAATCAATTATATTA,25148
TAACGATTCATAGACC,25141
GGAAAATACTTAACAA,25139
GAAACATCGGTGTCTG,25137
GTAGAACAATATTATG,25134
GTCACATAATACACGA,25130
AACCACAATCATTCAA,25126
ACAAAAGCGCGTACTA,25122
AAAAATGAAATATCAG,25110
CTTCTCGTTAAACATA,25108
CTGACACATTAGAGTG,25105
CCATCGCTATCTTCAT,25095
ACGTTGCATAGTATGA,25089
CCCAGAACTAAACTAT,25078
GATAACGATACGTTCA,25072
AAGCAACGTGAAATTG,25066
CAAGGATTCGGCACGA,25055
CACTAGTACGGGAATA,25047
TAATACGCAAGGAAAT,25047
AGAGCAACTATGTTAA,25042
CGAACCCATTTAAATA,25040
CTAAATACCACAGCTA,25036
CTGGTGTCTGATGGAG,25033
TATTCACGAGCAGTTA,25033
ATATTGCTCTGACCAA,25019
ATCCTGGAGTGGCATG,25007
TGGCACGTTACGGAAA,24998
CGCGACTGATACGTAA,24995
ATTATCGTAACTGGAT,24984
ATTTTTTATGTGTAGA,24982
TGAACCAGAAGAAAAA,24974
CATTTTAGTGAAATGC,24970
AAATCGGCACAATCAT,24961
TTCCCTACGACCCTAA,24958
GCTTAAAGCCGATTAA,24945
TGTCCCATGAAGCGGA,24937
AAAGAACATCCCTAAG,24925
CCTCCACGATTAGCGT,24923
GCGCTGACAATGCTGT,24916
GGATACATGTGAAAAA,24916
AACACCAACTCAATAC,24898
TATACAGGAATAATAA,24887
AGAGAGTTTTAATGAA,24872
ATTTTGTTTCAAAGGC,24855
GGCTTATACATTGGAC,24841
GTAACCTTGCCGGTAA,24833
AACACCTAGAACTCTC,24831
TGGCAGACGGAGAAAA,24828
CCGAGTCTGTAGCCCA,24819
ATTTCACCAAATTTGA,24804
ATGTAATAAGCAAAAT,24777
CAACAAGCTTAAAACG,24773
AAATCTAATCGGGCGT,24771
AGAAAGAGAAACAATA,24767
GTAACACCGCAAAGTA,24749
GGAATCACTATTAATG,24737
CGGGCGCCTCCGCTAT,24709
GTGCCACAACTAAGTA,24701
ATCTACTTATCCTCAT,24700
TTGTTATGGGCAAGGT,24698
AGACTCACGGCCAATA,24696
TTTAAAACCTGTCATT,24692
GATTACGTTAGATTTA,24672
CAAATAACACGACTAA,24654
TAAGTCGTATAGCCGT,24647
GGAAGTAAAAGCAAAA,24646
ACACAAAGTAACGGAT,24645
GCTACACACTGTAAAA,24635
GAAAATAATTGAATCA,24612
TTACTGTAACAAATGA,24606
ATGCAAGAATGCAGCT,24600
CCCCCTTAATAACTCA,24593
AGGGTCACCAAACCAT,24586
CGCAACCACGTATTTG,24586
ATCATTAATCTGAGTA,24566
TAAAAGAAACATGAAA,24559
TTAGCGCCACCCTAAT,24517
GCACATTTCCCGATAG,24501
CGCACATGGACCCATA,24458
CAGAAGTATATGTATA,24457
CAATTAGCTTATGATT,24454
CTGTAAAGGTTGATAC,24453
CATCCTAGTACGATTG,24426
TAAAAATTGGCTTAGT,24402
CAATCACACATAACAT,24399
GCATGTTTCTCTCTAC,24399
TTTATACAGTCATCAA,24396
AATGATACAGCGGTGG,24388
GCGGAATCAGAAAACA,24348
ACGGTATGGCTGTTAA,24346
AGTTTAACGATATTAT,24336
TAGCTCACCAACTAAA,24336
GATACGTACATTTATT,24329
TATGCAACAAAGCAGG,24322
TAAAATGAACAGGGAT,24313
TTTCCAAGACTAAATA,24303
CCACCAAAGGAACAAA,24288
AACGATGCCACTCAAC,24275
GGATGGAAAGATGAGA,24265
AAGTATAATTAGAAAA,24261
ATACACATAGCCAAAG,24260
GACTTCGAGGCAAAGC,24254
TGAGTGATTAGATGTA,24254
ATCTTTCATTGACGAA,24235
ACCAGTCGTTAGAAAT,24224
TTTCGAGAGTATTGGA,24213
ACCGTCACCAAAAAAC,24191
CCCTCCACCGAGCATG,24185
TGTGCACCGGTTATAT,24181
ATGCTTTATCCGGCAC,24162
CTAGGCGAATGGACAA,24158
TAAATAATGGCCGAGA,24154
ACAACAAGTTGTGAAG,24150
GGATTACTAACGGAAA,24137
TCGCAGAGTTAGCGTA,24129
GAGAAATAAACGGTGG,24125
TCTTTGCGTACATCTA,24123
GAGGACAAACATAACC,24107
AGGTGCCGATTTCGCT,24098
ATTGGCTGGGACGCAC,24094
GTCAAACGTCGCATAG,24090
ACTAAGTGACAAGGGG,24089
CATCGGACAACCGGGT,24084
ACAATAAGCGGTATAC,24056
CAACTCGGAGCAAACT,24049
TTTAGATTTGTTGTTA,24047
TTAAAGACTGGTGGTT,24023
TAGTGATCTACAGAGA,24021
CACGAGTTGTTTAGCA,23991
CCCCGGTCCCAATCCT,23982
ATCTCATAGTCTTAAC,23972
TATTAGAGTATGTACA,23963
ACGAACATTCATCCTA,23944
TGAGCAAGAGACTGAA,23939
TTCAGTGCAGACTTCT,23930
TTCGATGAGACCCCAA,23922
TCACATAAACACGAAA,23903
ACATAGAGATAAACTA,23898
AACATCCTTTAGAATA,23881
CGCGATTACCACCAAA,23839
ATATGGGTGCTACAGA,23832
GCTATCCTTAGGTACG,23812
TCAAGAGGATAAAACG,23804
GAGAGTGTAACTGTTT,23780
AATAATCCAAGCTCAG,23772
GACTATGGCAGGATAG,23769
GCAGAAAACATCTGGA,23765
TACCTGAAACGTAAAA,23757
GACACGATGCCCAAAT,23750
TAAAAAAAATTCCTAA,23739
CGCCCGGGCCATCTAA,23732
TGAGAATATACAATCA,23726
CAGTCCCTAAGGACCT,23698
CTGTAGCTAGAGTTAA,23674
GCAACTGGGGCTTTCG,23661
CGAGAACAAAAGCCGT,23655
TGCGACACTTTTGAAG,23643
ATGACCGATCAATCAA,23637
AAACCTAATTAAGAAT,23634
CTTAATACTCAAAAGG,23604
AATCCCCACTACTGAG,23595
AAAACCGCTAAGGAGA,23594
CTCACAGTGAAATATA,23593
CCCCATGGTTTGAGTA,23592
TTTACTGTCAAATTGA,23552
GTATGATGACTCCATA,23547
CTAAATGGATGATCTG,23529
GATTATCCAGAAAATG,23528
CTAGTCTCTAGGTCAA,23512
CTGTAATTCCTGTCGA,23502
CGAATCGCCAACACGA,23500
TCGAATGTACCGCAAA,23484
GGCGTTCTAGCCCTTA,23483
ATTATCCGTTCCTAAA,23481
ACCATAGGATAATCAG,23478
TTAAAGCTTGTGTTGC,23472
CAGACAAGATATATCG,23467
TTCCTACAACGCGGGG,23452
GCCCTGGCATACCTAG,23451
ATCTAGCCACCACAGA,23425
CCACACACTCCTGCAC,23398
AAAGCATAGCAAGTAA,23397
CCGAAGAACTCCAATG,23382
ACACAATATTGTACGG,23376
CTAAAAATATTGTCTA,23374
TGAAAGAAGGTATAAG,23370
CGATAGTCTAAGCGGT,23356
ATCATGCACTATCATT,23348
GATGAATCAAAAGTTT,23344
TTCACATACTTCTGTC,23344
CGCTCATTCTATTGGA,23340
CTTCCAGACCACCCGG,23323
ACCCCTAACAACTAGG,23304
ATCCCAACCGTACTGA,23294
TCACTCTTAGATTAGT,23293
TTATTCGGTGCACAAC,23292
TGAAATAATACAACGG,23289
CAGAGATTAGCATAAG,23256
TGCTGGTGATAGTGTA,23247
ATTTTTTGATATGCCT,23243
ACTCTTTGCTCTATTA,23241
GTTTGAGTTTTTAAAA,23239
CAGTAGAATTAGTTGG,23219
CAAAGAGGCTAGGAAC,23211
AACTAAGGTGTTCTAG,23206
TGATATTGATCGTGTT,23204
AACATCCAAATATAGA,23203
TACAAACTTGAGCCTA,23194
CCTCTCACAGCAGATA,23189
GGCCCGATTCCGTCCA,23178
ACTACTTGCCCTTACC,23140
GAATTGTTTGATGAAT,23138
ATATATCAGGAGTTAT,23124
AGACTATGGAACCTAG,23114
AGTTCGCAATCGGAAA,23114
ACAAGATCCCATTTAA,23093
GAGGAAGATTATGGTT,23086
ACTCGACTAGAAGTAG,23047
ATAACCGGATTCATTA,23047
CAGAATTTGCAACTTA,23029
CAACCCACTGTACACG,23021
GACGACCTAAAATTGA,23011
TGAGTTCTTTACATAA,22995
GTAATCACAGCCTCAT,22980
GATGCTAAGCGATCTA,22963
AGTGGGACTAAAAAGT,22938
AAAAAATAACTTGCCA,22937
CCCCTATGTTAACAAT,22935
GAACATGGTAACAGAG,22932
AGAAGGGTGGTTGATC,22907
GTAAGACTTGCGTGAG,22891
CCTTAGGTCATAACGA,22885
CTCTAAAAAAATGAAA,22878
TTAAATAAGAAACCCC,22856
AACACAGGATAATAGA,22851
CCGCAGACTAGAAAGA,22850
CGCTTGTACTGCGCAC,22850
GAGGAAGAAAGGCAGA,22841
TATGACAGAGATTGAT,22837
TGCTTTCCTATAAGTA,22826
TCCACAAAATGACAAT,22810
TGGCTCTTCACTGGCC,22810
CCGCGGAGATTTCACT,22798
ATACCGAGTCGGGGAA,22783
TCTAGGCGACGTCTCT,22778
TTGAATAATTAAAAAT,22759
TAAAATAGGACCTTCA,22758
ACATGCAGGGCCTAAT,22745
AGAGATAGACAAACAT,22744
TAACTAGCCGACTAAA,22736
GATGTACGCCCATACA,22721
TCTTTACTAAAAAAAG,22712
GCACTCATATTTTATA,22709
GAACGTGGATGGCAGT,22697
GTATAGGCCGAGGTAA,22697
ATTATGTAGATGTAGG,22694
AATTTCCCCCGACCAT,22658
AAAATACCCCGACTAA,22652
GAGCCAGGACAGTATA,22639
CACAACTACAAGGATA,22628
CCGAGCTGGAAAAGAG,22628
GTTGAGCAATGTGTAT,22623
CGTCCGCAGCGGGAGG,22620
TGAACGACATGTGTAC,22619
AGCATTGGCAGGAACA,22611
GACACATGTAATCAAA,22600
TACTAACCGCCAGAAA,22599
TGGCTAGCGCGATAAA,22597
ACATCTAAGTAAATTA,22594
ATCGCGGATCGGTTGA,22584
TGACTGTGACCCACAG,22583
AAATCAAATACACTGA,22574
ACGATATGATCATCAA,22568
TTACACTATCGGTGTG,22566
CCACTCTTATAATGAT,22562
GCAATTTCATGCGTAT,22536
AGAAAATTTTTATGGT,22528
ATCAAAAAAGAACCAC,22528
CAAGTTATAAGAATAA,22506
TGGATCCCTCTCCTCT,22506
TCTTAGAAACTAAAGA,22487
AAGGGAGCCTCATAGT,22478
GAACTGAGGGTTGGAT,22477
TTTGAAGACTCATTGA,22477
CAACTTGAAGGACATA,22469
CATATGCGAAATAAGG,22468
CATTAACCTGAATATC,22458
TTAGCTTAGGAATTAT,22448
GAATCTGCGGGTTCTA,22444
AAAAGACCTGTTTTAA,22440
ACAAGATATGAAATAG,22440
GATCCTAGCGAATCCA,22421
TTGTGTAAATGGTTCA,22418
CCTTGCCTTGAGCATA,22411
TGCTGTACGCTGTGAA,22405
ACACTATACCTCCTAG,22399
GGCTAATATGAACCCA,22390
CACTGTACACCTAAGT,22388
GTACTGCAGATATCAG,22379
TGAACACCTACTCAAG,22377
CAGAAAGAGACCAATA,22375
TGACAAAAGACATCTA,22368
GTTGAGAAAAGCCAGG,22367
CCCACGGAATATCCAT,22356
CCTATATGCAACCTGA,22341
TTGCCGCCGTCCATAA,22296
AATGGATAACGCCAAT,22294
AAAACACAAAGCTGGC,22286
TAATAACCACAAATAT,22285
GAGTCACCGATTCCAT,22284
CTAAGTAGATTCCAAT,22270
ATTAACATTGCCCGAC,22268
CCCCATCCGAAAGCGA,22266
ACCTAATATACCGCAA,22258
AAAGCAAGCTAGTTGC,22252
CAAAGCCGCTACAATG,22249
CTGATTGCGAACGCGA,22246
ACCTTGCACGAGCAAG,22236
TTTAGTAAAAATTTCA,22201
TCAGCAAGAAACCTTA,22198
CTAATCTTATAGAAAT,22192
CCTGCTTCGAAATTAA,22191
AACTGCCCATGAGTAT,22188
TGCTGGATGTGACACA,22180
ATAAATGATAGAATTG,22175
CGATAAACACAAAATC,22144
TATCCCCTGCCGACTT,22139
CGTTCAATGGATTTGA,22130
ACTCTAAAGATTGTTA,22129
GGTAATGGCGTCCAGC,22120
TAGTAGAATCTACACA,22118
TCAGATCGCTTGCTAC,22117
CACTATAGTGTATAAA,22116
CGGTTCACGGTGGTTA,22116
CACACACTTACGCCAG,22109
TGGAACAATAAGGGGG,22107
GTAGGAAAGTAAGGAC,22099
AAGTTAGTTAAGCAAG,22098
CATTTTATTAATCTGA,22090
TTACGGGCTGAATGAA,22087
GCTGATAACTACAAGA,22085
GATTGCGCCATTATTT,22081
ATCCGGGAATGCATTT,22059
GCGTTGTTCAACACTA,22042
CTATCATTAGGCGGAC,22039
AGACTTAAGCAAGTGT,22035
CCGAGTGCTAACGCAT,21995
AATGGCTGCCCGACAT,21990
AGAAAAGCCAAATCAG,21987
ACTGAACTGTAGTGAC,21973
AGGAATCAAGGTGGCA,21958
GAGTCATCTACCACAA,21944
CTGCCGTCCTATATTT,21937
CTTACATTGCCCTCGG,21904
ACGAAGCAGACATGCA,21888
TCAGGCATGTATAAGG,21880
CGAGATTAAACGCTAA,21859
GGACAATTAGGGTAAA,21854
GGAACGTACCAGTAGA,21846
GATGCCCAAGTTAGAA,21841
ACCATGTGATAATAAC,21837
TTCTGGGAGACCATAA,21836
ATCACGCTCGACCCAG,21831
CGATTAAGCAATGGTA,21828
CATCACAGCAGTAGAA,21807
AAATCGTTTCAATCTC,21798
ACCAAACCATACAATA,21791
TCATCAAGAGCGAGGA,21788
CAGTAAGAAGTTCATA,21780
CCCGCCAAAGTTATTA,21767
GGCTATAAATATACTT,21758
GTCAGGTTTAGCAGAA,21758
AACCCGAATCTTCGAT,21757
TTGCAATTTTAAAAAA,21753
AAGCATTAGCTCGTAC,21741
TGCAGAGTTTTGCTAA,21738
TAATTTGCTCTCTTAC,21733
TACAGCCACATTTATT,21732
ATAACTACTTGCTAAT,21729
CTACAACGGAGAAAAA,21712
CATATATCTATGTGAG,21709
AGTTTGCTCATCCTAA,21700
AAAGAAATGAAGCAAG,21693
ATAAAGTATAAGGGTG,21682
ATAACTTTAATCCTGT,21668
TGGGCTCAGGCCCAAG,21655
ACAAACTAATCTGGAA,21654
CACATACTGATAGTGT,21643
GTTTCCGACAATGAAA,21618
AGGATCAACATCAAAA,21610
TGTCGCTATTACCTCT,21598
AGGGATCGACCACTGA,21593
GACAAGGCCCCTATGT,21593
CGCTTCATAAACTATA,21590
AACAAGGATTGTGCTT,21580
GTCCCCCCTACATATA,21579
CAACAAACACCCGTGA,21545
CGACCAGCTTAATCAA,21534
ACTATTAAAGAACTAA,21530
TATGACCTATTGTAAA,21522
TCCAAACAACTTAGGA,21511
CACTCACACGGTGCAA,21504
CACTGTCTCTCATCGT,21489
CGATATAATTACAGTA,21488
TATGCCCACGTTCGGA,21487
CATTGTATAACAAAAA,21481
ACAATTCAGTAACGGA,21473
CATTAATGGGAATAAA,21443
TCGAGACACACAGCTA,21443
AAGGGACTGGAGTGGA,21442
CTGGTGTGTGGATACA,21434
CGAATTCGGACTGCAA,21425
ATGTGCCCCATGAATA,21417
AGACTAATACTGCACT,21413
CATGCAAAGAATGAAA,21409
CAACTACTGCGGACAT,21402
GCGATAACCTAATCAA,21397
GGTGTTTACATTTAAT,21388
CTGATATATGACCTTA,21379
GCCAAACTTATTATTT,21358
CGTAAATCTATCTAAT,21344
TCATTAAAAGAAGATA,21339
TTCATATTTTTACAAT,21336
CAATTCGACTGGGCAC,21299
GAGGCAAAGGCGTTAG,21298
TTGGAGTGCCCCTTAA,21297
TAGACTCCTGCACTAA,21295
TCCTCTTTAGCCGTTA,21290
TAACACGTCGGCATAG,21284
ACGGAATGTGTTATAA,21282
AATAGTTCTCGTGATA,21271
CACTTGACCATCCACA,21261
GGACAGGGGCAATTAT,21260
ACTATTCTTGCCATTG,21239
GCAGGTGCTTAACACA,21234
ATTTACTACCATAAAC,21232
CGAAACAAATGATATT,21222
TTATGCACCCGATTAG,21218
TTGAACAAGCCATTCA,21206
AGCCAAGATAAAGTAC,21204
CATCTCATAAGTATAT,21202
TGACCTGTCAAATACA,21201
GGCTGGTGTCTTTAGA,21199
TGTGGAACAAAAAGTA,21186
GACAGTTTAAGCACAG,21180
TAACGAGCGCAATAGA,21148
CGAAGTGAGGGTGTGA,21145
GTAAAAGAGGGTGATT,21138
AAAATACATATTGAAG,21133
AAGCGAACCTGAAAGG,21130
CATAGTATCAAAATAC,21117
AGTGGAAGGTCCGGGA,21100
CAAAACGAAGGTCACT,21090
AACCTACTGGCTCTAA,21062
ACTACCTCTTGTGCAG,21056
ACATTATCCCAGCAAG,21052
TCCGTTACTGACCATT,21051
TGGTTAACGTTGATGC,21050
AACACCGACTGAATAC,21047
TAAGACTTGGTAGGTT,21047
TGTTTTTACCTTTGCA,21046
TAATTTTGCTCTTCCA,21035
GACAATAATGCCCTAA,21017
ATTATGTTCCGCGGAA,20994
GCGAATAGGAGAAAGT,20960
GAAGTAACGCACAAAG,20955
GCTGCACCAGTGGTAT,20955
GTGCTTCTTGCAGGTT,20955
TGAACCTTAAAGAATT,20954
CCCAGAAACTATACAT,20940
ATTAGGACAATATAAC,20936
ACGAAAGAAACGTAAA,20935
GAACAGTCCCCGGACC,20920
GGGTTAGACTCTTGCA,20919
CTCTTATTCAGTAAAA,20912
ACCCTAATATCTCAAA,20904
ATAGGCTAATTTGTAT,20899
AAGCGCGTGGCATGAG,20884
CCAGACGTACTCATCT,20882
TAACCGGCAATTTTGT,20878
TATTAATATGTCCCAA,20874
AAGATAAAAAGTAGAT,20867
TTTCCCCTTCTCGTTA,20867
AATCTCCCTCACCAGC,20863
AAGGGTCACAATTAAC,20861
GCGGAACAAAGCCTGA,20860
GCTTATAGTGAGGCAA,20851
ATTGTGAGGCCGATAT,20847
AGAGGCAGACTGTGGG,20845
AATTGTCGCCTGTAAT,20844
CGAAAGCTTTCAGCAG,20835
TTCAAGTTCTCCTATG,20822
AACGCTAGATAGATAT,20820
TTAACCACTTGTGTGT,20812
AAATTTTTATTATAAC,20807
TATTAGAATCTTACCA,20783
GTTTTTAACTGTCATA,20782
CCAGGAAATTATTATT,20779
CCAACCGGAATATAGG,20773
ACAATCGCCTAATCCT,20754
ATTCAATAGTATGCAT,20738
TGTAACACCAGCAAGA,20734
CAGCTACCGCATCCCA,20722
GGTGGTGAACCACTTA,20691
TCTAAATTTTTTTCCG,20683
CTCTACAGGTTTTGGA,20681
CATAATTAAAGGACAC,20673
TACCCAGTGTCATCAT,20668
TACGGCCCCAAAAATA,20666
GGGCAAAGGGCATTAA,20664
AAAACCCCCGGGACGA,20663
TCCCTGAGGAGTTCTA,20655
AAATACATTGAACTAA,20651
CAAATGTTAAGGGTAG,20651
CTATCACCGCAAACTA,20645
CTTCAAACAAACTCTA,20638
ACATGGTATAGGCAGA,20633
TTTGGGGGGCTGCTGA,20626
GAACCATAGAACGTTA,20625
GGGTGAAGGATGCAGT,20625
CAGCCACCCGTAAGGA,20618
GACACAACACTCTTTA,20610
GTATTATCATACAAAA,20602
AAACAGGCGCTAGGCT,20599
CCCCAATAACAGAAGA,20588
TAACGTTTGTCGGGCA,20585
CGCATTCTAGACTAAA,20583
GGAGTCGCTGTTGAAA,20581
AAATAGTATTCGAATT,20576
TTATACTTACGCTATA,20572
TATCTACTGAGTACCA,20571
TTGAGGAGGCTACAGA,20570
GCCATTGGAATGAATA,20568
TGAAACCCAACAAAGT,20559
TGTTACCGCTGTATTT,20558
AGTATTTAAAGGACTA,20551
CATTTTAGAATGAAGC,20543
TAGTTGAAGCACTTTA,20536
CCCGTATAACTGTAAT,20530
CAAACAAGACTAAAAT,20518
GAAACTCTTTGTCCCT,20513
ATAAGCAAGTATGTAA,20509
GCGAAAACGAATGAAA,20504
TGTGTGTAAGATAGGA,20498
TGGGGGACAATCCCGA,20493
TTAAACTTATAAACTA,20486
AATAATGTCCACCAGA,20480
TGCGCAAGCTAGTTGA,20466
CTGTATATGGTCAACT,20462
AAGTTTATTTTCTTGT,20447
CGATAGACAAAACGTA,20447
AAGAGCGTAAAGTAAG,20437
TCGGGACACATCTAAT,20429
GTTCCAAGAGCTATAT,20428
GAGGTGGTAACTGAAC,20420
TCTTGTCCGCACAGAC,20416
TCGTTTCAATACTCAA,20415
AGTCTGATTGGCCTGA,20406
GGCAAAGACACACTGC,20403
AACTTATGATAGACGG,20394
AAAGTATATGTTGGGG,20392
GCACGGCAGCGAGCGA,20381
GTATATTTACAAAAGG,20378
TACAACTAGAGGCTAT,20375
ATGCGGTTACGCCAGT,20369
AATAATCTAATAGGGA,20365
GTCGAGGATTGTTGAA,20355
CTCTCTTACCCAGCGA,20354
ATTATCATACAAGGTA,20350
TTTAGATGGACGTAAA,20339
TATGAAGACAATTTGT,20335
TAAAACAGTTATCTTA,20332
CACAAGAGAAACTAAA,20318
AAAACTGCCACTGGCT,20314
AGGCCTACAGTAGCAG,20313
CAAACAACGCTCACAT,20310
GTCACCCCACCAAGTA,20309
TAAATGTGTCTTACAT,20302
GAAAAAGTAAAACAGT,20293
CATACCAATTCAAATC,20290
CGTACTTTAACCAGTC,20290
AACTGCATGCAAACAA,20287
AAGAATTATAAACTAA,20285
ATATAGCTGAGCCAGG,20270
CAGTGGTTATCGGGGA,20270
CTGGTGAACGAATAAA,20261
TTAGGCAGCAAGTTAA,20249
TCATCAATCTGTTAAG,20244
CAATTTCAGTTATGCA,20229
TCAAGCTCATTGATAG,20228
CTCCTACTTGATCTAC,20215
ATGTATCAACTCGGGG,20207
TAATGTACCTTAGGTG,20198
AGAACTCCAGCATTGA,20182
CACTTTACAGGAATAA,20176
GATATGTGGTGAGAGG,20175
GATCACCATTCGAATG,20169
GAACCCTTATACCAAA,20167
GTTACGTCTTTTATCA,20163
TCAACCTTGAACCAAA,20159
ATTAAATTATTGTAGG,20155
ATTCACCTGCAAACAA,20150
TCCGTTGAAGAAGGGA,20148
CTAAAAACTAGTCAGT,20131
ACGCTTTATAAATATA,20127
CTTATAGATAGCGCTC,20119
GAGTTAGATATACCTT,20115
GCGAACGAATATTGCT,20111
ACTTCCCGTCAACCCC,20107
CAACATATGACACGGG,20103
GGGACACTCGCCTCAC,20100
ACTATTCAAGAAAATC,20098
ACTTCCAAGTAGGAAA,20098
GCGCTTGCGAGTCCCT,20095
TTGAGATTGGTGTATT,20094
TAAACGCCAAATTTTG,20087
TAAATGTAACGTCACC,20084
GATCTAAATCCGCGCT,20076
TAAGCATGACACCAAC,20074
AAAATTTCCATCATTA,20071
GCCGCATAACTCCAGG,20071
ACTAACATATCTCCGG,20068
TTTACTACTACACCCA,20068
ATTATTTCACGAAACA,20067
TCTAAAGACAAAAAAA,20043
GTCAACAATCGACCGA,20042
CAAGATAGTAACTGAA,20032
CTACGTTGGCTCGGAT,20027
AGCTGGAGTATATATA,20025
TTACAGCATCGAACAA,20015
ACACCCCCCAGTCTTA,20014
TCAGCTTTGAAAATTA,20013
TAGATGGACCCCAGAA,20007
GCGTAGATCGGATGCA,20000
GATGTACAGTGTTATA,19993
CAAACAACAAACGCGT,19982
TTGAATGATAGATTGA,19967
TATTGTATGAATGCAT,19960
CTTGAGTAAACCCTAA,19959
TACGGACATCTGCCAC,19958
TCAGAAATATGTCTCA,19954
CCGTCACCCGTCTTTG,19953
AGCATATCTGGTTTGA,19952
ATCACTTGATTAGAAA,19934
GCTGTGAAGATGTTGC,19930
TGATTGATCCTATCAC,19924
TTACTGCCCATCATAC,19922
TTATCCACAACGGCGG,19906
AAAGCACTAGATCTAG,19901
GGAAAAAAATCTTAAC,19894
TATAAAAAATCTCGAA,19849
TTCGCTAATAACACCA,19846
CGCCATGGATGGGTTT,19840
GTTCCAAGCTTTATTA,19835
GCATGTGGATCGGTAC,19832
GTAATCTTATGGTAAA,19817
GATGGAGAGTAGGGAA,19811
TTCAGATCAATGGGGA,19808
GAAACTACTGGGGGTC,19804
GGACCGACCCCAAGCA,19785
GGAACTTTAGAACGCC,19780
GCTGAGAACAACACAT,19766
GTTACGAATTGCTAAA,19759
GAACCGTGATCTAATA,19751
TATCTCGACTTCAGGG,19749
AGTAGCAAACCAGGTC,19743
TCAATAGCGTAAATAA,19733
AATGGACCACCAAATT,19731
GAATATAACCACACTA,19727
CTCAAAGAACATTAGG,19723
CACAAGATCATCATAC,19713
AGAGAATGTGTTGCGG,19699
AGCTAAAATTCATCAA,19696
CTAATCCAGGAGCCAT,19678
AACTAAGAGTATTCAT,19674
AAACGGAGCAGATAAA,19673
CATAAGCTTTGCGAAA,19663
CGAACAATATTCATCA,19651
GTCCGATATGAACTAG,19642
TACCTCGACGTAATTA,19638
ACGTGTTCTGTTTAGG,19624
CATCTAAAGACACCTA,19616
CTGATGAATGTGAATT,19613
GACGTCATTTAAGTGC,19597
AGGCTCCCGTGAGGAG,19585
GAACAATTACTCTAGA,19581
CAAAGAGCGGTTAAAA,19580
TAACCATAGGGGTAGG,19571
GAGAGATACACAGTCA,19567
CTTGAAGTTGAGTTGA,19561
AGTGTAGTATGTAACG,19556
TAATTTCTCATAGCTC,19539
ATAGGAAACTCTCCAA,19533
TGCTCCTACGTGATGG,19523
TGATATGACCTCTATT,19519
ATGAAATATAAATCTA,19501
CTGACTGTAAAGGTGG,19500
GAGATGCATGGATGGT,19497
ATGAAGAACATTGGTA,19496
AGTGACGGGACGGATA,19492
TTCAGTTGGCAGGAAA,19492
CAAGATTTTGTTTATA,19476
CATTGAACAGCATAGG,19473
AAAGCTATTATAGATA,19472
GATGCTGCTGTCTTCG,19471
TAACAAAGTAGATAAA,19458
GTATGACATCGCCTTC,19453
AGGGCATGCAGAGCAG,19449
TTGACAGTCTCACAAC,19436
GTGCATAGTCTTCACA,19430
TACGGTCCCAGTCGAT,19423
TTCTTTGGGTCAAGGG,19420
AAGCTAATCTGGCTGA,19404
GTACCCTGGCTTTCTG,19404
TCGAGAGTAGTATCCA,19391
CTCATATTTGCCCTTA,19378
GCGTCAAGCTAAATCT,19378
GAACAAACGTTTTAAC,19375
CAATTGATAACGTTTT,19372
GTCCCTGATTCTAGAT,19372
TGATACATAACTTAAC,19371
ATAGTTTGGATTACCA,19370
AACAGGGGGAAACATA,19367
GTCGGATCCTCGCAGA,19345
CTGTATACTTTAATAA,19329
ATCATTAGATAGGCAG,19325
TGCGACAACGCCCGAG,19322
GCCGAGCGAAAAGGGA,19311
GGAACTTATAACGTCA,19295
TGAAGCAACTATCAAA,19293
GAGTACCACTAAAAAA,19278
TTCTGAAGCGACCCAC,19273
GTTGATTATGGATCAA,19272
TGTGAGGCTTTAATGT,19267
AGCCCAAGATAGGTTG,19256
AGATAGTGACTGTATT,19252
CTACCGTTGTTGCAAC,19248
CGCGTTCACAATTTGT,19245
CATAAGTTGTCTAACA,19236
GGTATGCGGACTACAT,19234
AATTAAAACGAGATTA,19232
AAAAATAAATCCAGAT,19227
AACTATCCGACCATAG,19227
CAGCCTAACCCGGTGA,19226
CCGTCCCACCTATCAG,19225
GAAAGTAATTTTCGTT,19222
GGCAATGCACTAAGAG,19206
GTTACTACAAGCCGCA,19205
GTAAAGATGCTCTAAA,19197
TCTATGCAAAAATTGA,19192
AGACTAATAAGGGTTT,19189
TCGATAGTTAAAAATA,19185
TTAAGTGCTGCCCTTG,19184
TAGTTGTTAGAGACCA,19170
AGTAGAGGAAACAGAA,19154
AGTAGGCTAAACTGTG,19141
TACAATAAATATGGGC,19131
ATAATATCACGCGCCC,19126
ACCTTGGTTTAGAATA,19121
GCTCGTACATAAGAAC,19110
AGTAAATTGTTCAATA,19107
TCAATAATGAAGGAAT,19104
CCTTCCTGTAGAGTAA,19103
GTTCAAGACCGCCCAT,19098
ATTTAGTCTCATTAAT,19092
GCGAACAATTCACGAA,19085
CTGTACAGATATGCTT,19082
AGTGTCTTTTATGGTA,19057
TGCCTCCCAGAAAGTA,19057
AGGACGAACAAGTATA,19056
TCTATGACCTACCTAG,19050
TATAATTCAAATACTT,19036
TTTGTTAGTTGGGACC,19025
ATACCAATATTTTAAC,19021
TAAGCTAGGTCATCTA,19004
CAATTCAAAAGGAGCA,18998
TAAAAGAGTTTATGTT,18984
CGACGAGAACATTTAT,18980
GGACCATCCACACAAC,18978
CATGAATAAACGTAAC,18977
AATGAGATAACATTTG,18974
TTTGAATAGTCTGGGT,18962
GTCACAATAAAAACAA,18951
TATCTAGCCCTGGGTA,18945
ACTTGCTATTATGTCT,18943
TCCCTAAGACAGCATT,18931
TGGCTGGATACGAATA,18917
TACAAGTGATCCCGAC,18911
TAGGGCAGATATTACC,18898
ACAGATGAGGTATAAT,18872
AATAGTGAAGTTTTGT,18866
GCTTCCATAGGCAAAT,18862
AAGAACGAGCACGTTT,18861
ACCTCTTAGGCCTAAG,18856
CTCCACACGCCTGAAT,18855
TTGTTACCGCTTAGAA,18855
ACGCCCTGGTCATGGA,18848
GAGCTATCCTGGTCGC,18847
TGGTTCATTAAGCCAG,18840
TGTGATGGGAGCCTAT,18836
ATACTTAATTGCGTAT,18829
TCCAGATTCACGTACA,18829
AATGTATTACAATGAA,18805
CACAATACGAAATTCT,18805
GATCATATGCAATATA,18799
TCTACAACCTATCCTA,18791
AGAAAAACGGGCATTA,18788
GTATATGCGCCGATGT,18767
AATCGTGACTGGTTAA,18764
GAAAAAAAATAAAACA,18760
GTAGGTTTTAACTCCA,18747
AGTGCGACGATATATA,18728
CTAGCTAAAACGATGT,18713
AACTCGAAACTCGTAG,18709
GTAAAGTAGAAGGAAA,18706
AATAAAGCTTGGTCGG,18701
TATGTAGGATTCAAAC,18700
TTGAGTGTGAGAATTA,18698
AGCTTGCAGAAAATAA,18697
CCCCAGATGTGCATAA,18688
TCCCCAAGGTCCATAA,18688
AAACACCTGTTAATGC,18684
ACATTTGGGATACAGT,18673
CAGAGTACTTTAGAAC,18665
TTCGAAGGAGGGCTCG,18660
CAAGACGATGAGACAG,18659
CCAAGCACCCCCCTTC,18651
GAGCTGACGAGAATAC,18650
GTTCGTATGATGATTC,18644
GTATAGGTTCACCCCT,18633
GTTTGGGTTACCCAAA,18627
ATCAGAAATCGCAAAT,18620
TATCATTCAGGAGAAG,18603
TTGTAAAGATCATAAA,18599
TTAGATAAAATATAGC,18589
CGGTATACAAATACAT,18582
TGATGCCAAATAGAAT,18577
TATCACGCCTTCGTGA,18565
CTCACTAAACTAAAAA,18557
ATTTGGAATCACTGGT,18549
TGAATCTGTGCTAATA,18542
CTGGTTGAACCCATAA,18539
ATCTACTCGGATTAAT,18525
TCCTACTAACAGTCAC,18522
AAACCGTTTTAAAAAA,18509
CGAATAGCAGTAAGTG,18506
CTGCGGGACAATTTTA,18506
ACACCATGATTCCTCA,18503
TCACCGGAATAGTAAA,18501
CATTAAATATTAAAGA,18495
TATTGCATGTTTAGAT,18495
ACTCGAATTCAAGAGA,18492
CAGGAGTGCAACCAAG,18483
GATTACTACGATATTC,18463
CCTATCATGCTTTAGG,18460
CCAACAGGTGACATGT,18452
CCGAAACAAAAACTAA,18441
GAAGACGACCCCCGTT,18441
ATTCAGCCTTTGGGAG,18432
GTTCCTGAACATGCTT,18430
CTGACGGCTGACCTCA,18427
CCAATCGTAGGACCAT,18426
CATTACTCCCAGCTGA,18420
ACGCATAGACAATATC,18419
GACTTAACCGACTCGT,18410
GCAAAGACTGCATTCA,18386
TGAAAAAGCGCAAGTA,18386
GGCGAATTTTAGACAA,18381
ACCACTCGCGTTCATG,18378
CGTAGACAATCTTAAT,18374
GTCAGTCAAGGGTAGA,18374
GTACGGTACAACGCTT,18360
CTGGGCAACACTGAAG,18351
TCTAGATTAGTACTAT,18333
TGTAGAAAATGATATT,18329
AAAGCGTAACACTACA,18322
AATTCCCGCTTCATAT,18320
TTGTATCAAACACGAT,18319
CAGTTTAACGTCTATG,18306
ACGCTGAAGCCTACTA,18305
AAGCTAAGACCAGAGG,18299
GACCTACGAAAAAAAA,18272
ATTTAAAACGACATCT,18268
AATCTACAAGTATCCA,18259
TGAGCCCAGGGGACAA,18259
ATTCTAAAACCATTTG,18256
GACGGGCCCGCCTGAC,18255
GGGATATGGGGCAGGA,18251
GTGTAATCCCGCCACA,18247
TAAGGATGAGTCCCAT,18247
CACCATGAATGACAGC,18240
CTCCAAGGGCAACAAA,18239
AACCAGAGGCACTCAA,18234
GGTTATGACCCCCCTT,18233
ACACAATGCGTTACGG,18232
CATGATCAGACTGCAG,18230
AAACTAAACGTAATAA,18228
TCAACCCTTAAGCCCT,18222
GATCGGCTTAAACACA,18219
GTCTTCACCCACCCCA,18219
ACCGGATACAATATCA,18209
CTGATCGGTACCAAGT,18205
TATCAGCAAAGCCTAC,18187
CCAGGCTTAACTGGAT,18182
GTGCCCATAACCAATA,18181
TCCCCAAAATCGAAAG,18176
TGATTCAACAGGGAAT,18168
GTAGCCCGCTCGGAAT,18163
CACCCCATATCTCTGA,18161
TCATCTCTTAACATCA,18161
CAAAAACTGTAGCTAA,18157
GAGCTTAGACTATGAA,18149
AACACGAGCCACGCAG,18131
AGATAGAATCAACTGG,18131
CCGTTACGATCATTAA,18122
AAGCGGACTACAGTCG,18116
TTCACTCTTTGTTTAC,18109
AAACTAATATAAGATA,18098
CTCTTCTTTAACCCCA,18094
AGCGAGAAAGTGACTA,18091
GCGGGAACCGGGTTTA,18086
GCTAGAACAGGCTTGT,18084
GCACAACCAGGTGGAC,18073
AGGCAAAGGGTGAAAT,18068
CAGCGTTCCTACCCTA,18066
ACATCACCATCTCCCT,18059
TTCCCCATTCGTGGGG,18055
TTGACCGATAAAAAAT,18053
TAGTTCTGACAAGGAA,18052
GGCAGCGCCCCTCCTA,18050
CCTCACTTAGCTTCTA,18048
CTTACACAGTGCTCGT,18048
ATCGCTAACAACATGA,18044
TGAGTGTGGTACCAGA,18043
CCTCTTCGGTGCGTGA,18023
GATAGCTGATAGATGG,18015
GAAATCAGGTAGTACA,18014
CCAATCCGGCACCAGT,17995
ACATACAAACGTCAGT,17992
AAAAGTGTTACAGGGA,17991
ATAGAGACTAAGTGAA,17990
AGGGTACAAGCCAATA,17981
ATATCACATTGGCACC,17979
TCATGGCACCCGACAA,17979
ATTTACAACCGAACAA,17978
GGCACGATGACTGTAA,17977
GAAATAATATAATAAA,17973
CAAATATAATCCTCAA,17954
TGAGCACTCCCTCGAT,17952
AATACACGGACCTAAC,17949
AATTAATAGATGAGCT,17939
ACGAGAGATAAAATGT,17934
TATAGGGATTAGCAAG,17931
TGTATGCCGCCACTGT,17929
CATCCCCCACCTAGAT,17928
CCAAACCTTGGCTGAA,17928
GAAGACAAGTAAAAAG,17925
TGTATAAACGAGCACT,17915
TACCGCAACGACAATC,17909
AACTTCAAACCCCCAT,17907
GATATCGCAGCGCCAT,17902
CAAGTTAATATGGATG,17894
GTGGTGACAGTACATA,17894
TATTCCACATGACCGT,17893
ATATGACTCATTGTTA,17892
TGTATAACACAGCAAT,17884
TGCTAAAACGTTATTC,17876
TTTGAGTTAGAGAAGT,17874
TAAAACCCTTAGTCCA,17865
AAATAACCCAGCTTGC,17858
CAGGAACGAGTCAACA,17852
CATCCGAACCATGCAT,17850
AAATATTATGAGGTGC,17848
GACCGAAGCGTATAAT,17847
AAATATGGATCTAAAG,17840
ATATAAAGGCTAGCTT,17837
CTTATGTTAAGAGTAG,17837
CTTAAAATACCTACGA,17826
CGAGGCTAAGCTATAA,17822
GTTTGCAAAATCCTGG,17813
CGTGTTCTGTGTGTCA,17812
CATGGTAGGATCCAAA,17793
TTCGAATCGCCAACGA,17792
TTTACAAAAAACTCGT,17790
ATATCTGATACTCCCT,17789
TAAATGCGGGGTAAAG,17789
GAAACAGACTGTTAAA,17783
TCAAGGATGACAATCG,17781
AAGGACCGCCTGCTAT,17778
ACGACCTAAATGTGAA,17776
CTTCAGTCCACATCTG,17775
CAGATTAGTGGTTAAA,17760
AACATCCACAGCAAAG,17753
TGGCTTAAAATGGGAC,17744
ATAATAATTAGGGGGT,17740
CCTAAAGAATATGGAT,17739
CAGCCTATCACAACAT,17728
CCGTATCTCGCATAAA,17708
TAACACTTTAATCTAA,17704
CCCATATCTTAACTAC,17696
CCATTGTTATAGGCAA,17683
GAGTATATTTCCAGAA,17668
GACACCTGTTGATACT,17667
CGACACCGTGCATAAG,17665
TTAAAAACCTCGCACT,17661
AGTATGGCGGTGCTAA,17652
TACAGTCTGCAGATTG,17652
TGTATATGTTTGTGAA,17652
GTAATCGGGTTGTCGG,17639
AATGGACCGAACATAA,17638
CAACAACCATACAAAT,17638
AGATAGGAGAAACCTT,17637
CCGCACACTTAAGGAA,17605
AGCCTGTAACTTGGAT,17599
TGTTGGTTTAACGTGG,17594
GTATATAGACACCCCC,17589
CAGAACGGTCTTATAA,17587
AATTGTAGCCTTTATA,17585
GAACGGGAAACAAAAT,17582
AGCTAACCCACATACT,17579
CATGCCCCCTTGTGAC,17567
GAACCGATTATCTTTG,17567
CACATATTCTTAACGT,17560
AGTCATTTGCTAATCT,17558
TTGAAAAAAGGCCGTT,17558
TGAGAGTGCCCAATGT,17544
GTTTGTAGCTAAATCA,17539
GTGAGGAACGGCATAT,17535
GTAAACCCAAACGAAA,17533
CTGGGGGCCAACTGCT,17526
AATTACGCGTAGTCAT,17524
AAAAATACCGATATAC,17502
ACGTTAAGCAAAAGCT,17500
GATCACAGAGCAACAA,17498
ATAACGAAGGTTAAAA,17497
GGTTACTACAATCTCA,17493
TGGCTGACATCACCTA,17493
TAAGTTATCCTAAAGG,17464
CACGACCGGCTAAAAG,17456
AACACGAAGCAGTTTA,17451
CTGCTGAACCATTGCC,17446
AGCGGCATCAAATAGG,17427
TGAATAACGAGTGCTA,17419
AATAAAACTGTAAGAC,17417
CAATTGCAGAACGAAA,17409
CCTAGATTTTCTCATA,17408
CTTCAGCTAAAAGGCA,17406
ACAAAGACAAATAATA,17405
ACCCTTTACAATTAAA,17402
TGCCGGTATACTGCTA,17401
CCAAATCTTTATGTCA,17394
CAAGCGACACACGTGT,17389
AACCACATTCGTTCGA,17387
AGAGGAATGCCAATAA,17383
AGTGGTCTTACAACTA,17365
CACTTGTCTAGATAAA,17365
GGCTAGAAAACGAGAG,17364
CGCATGACTATATGAT,17356
CTGACAATATCTACTA,17354
CGTTAAAAGCTCCAGT,17348
AAACTGCGGCTAATAT,17347
ATGTGAACTTAGTAGT,17341
GAGCGAATAATAATTT,17341
TACTAAGTAACGGTGC,17339
TGAAAGAAAACAGTGA,17339
AGCATCGCTACTCCAT,17334
AGTGACTAAAAGAAGG,17324
GTACAGGTGTCTTAAG,17322
CCACAGATATAGTTAC,17316
TGAGAGTGAGACCATA,17299
GGCGTAAATAACTCGG,17297
AACGTTCGTCCCCATA,17296
CCATCATACTATTCTA,17290
TTTGGCTGGCGCACGA,17290
AAATCAGAATCAATTG,17289
ACCTTCCGGGTATTAT,17289
AATACCGACAAAGATA,17286
TAACCTATGATACAAG,17277
CCTACAGATTACAGGC,17273
AGCATCTCACCTAATA,17266
ACATCTAAAGTTGAAG,17260
GAATCCAACGAAACAA,17257
TCAACACACTTACTTT,17256
TGCCGAAAAAGATGAT,17256
ACCCACTGACACCTAA,17254
AGAATTAGAGCACAAA,17251
ATTACGATCAATTATC,17251
TCCTGCGACCAAAATT,17246
ACAGCGCATGCGGAAC,17242
CGTCAACCATCTCACA,17230
TGTATTCCAACATAAG,17229
CTTGGACCACCTTTAA,17227
CCTCATTCAACTCTAA,17221
GCTCGATCAAGTATAA,17221
TGATCGGGCTCAAACA,17219
CTATAATCACCTGCTC,17217
TCATGATACGGATGGT,17213
CCACACATAAACATTT,17202
GAAACGACGTGGTAAT,17191
GTCCAAAATAGTTCGA,17189
GTCGAGGTCCGGGCCT,17188
GCAAAAGACTATGCGA,17180
CATATTATTGGTTAAT,17172
TCAATGTGCCCCGAAA,17166
ATCGACCTTGGGACTT,17161
TTCTTTAAAGATTCAA,17151
AACATTTTATCCTTAT,17150
GAACACATTAAGAAAC,17134
CCGCTCCTGAGTTAGA,17130
AGGGAACGCCAAATAG,17129
TATATTTCGACACAGC,17126
CTGCTAATAAACAGTT,17114
ACAAGAAGAAAAAGAG,17109
CGCAACGAAACGGTGG,17100
AACGATGCATCATGAT,17098
CTTGCCGACTAGTAAA,17092
CGAATAGGCAGTATTT,17088
AGCAGTACCTTCCTGA,17080
GTACTAAGAATATGAT,17079
ACTGAAAAGCTAATGA,17073
GTGGCTTTATAAGGAA,17067
GATGATGAATGGCCAA,17062
GGTATGGTCCCACACT,17060
TATTTTACTGATGAAC,17046
GAGTTGTATCACTTAA,17036
TCATTAGCATGTGCGG,17034
TCTAGAATAATCATGG,17030
TTATCTTAACTCCAGG,17028
ATTGGCATAATGATAG,17025
ATGGGTGCGGTATGAC,17014
GGGCTAATCGTGATAT,17013
AGTTAATTTCGAAAAG,17012
GCTTAGCTGCGGCAAT,17011
CAATCTCTCAATTATG,17005
AGGTAGCCTAAGGGTT,17001
TCACGAACGAACGAGT,17000
ACAATTGATGAAGTAT,16998
GTATCGGATCAAATCA,16994
TTCACATAAGCATCCA,16987
TTGTCGAAAGTTAAGA,16987
TACCCGGTCGAGTGAT,16986
TCGTAAAGAATAGTAG,16974
CAGACGCTATAGCAAA,16967
TCATTAACTGGGCAAG,16960
ATCCTCCCGCACGATA,16959
TACTCACACAATAGCA,16945
AAGACCTTCGGGAGGA,16944
AACCGCGATGATTCCG,16935
ATGACCGCTACAGAAT,16935
TGACAAGGACACCAAA,16927
AGCCGCGCACCTAATG,16924
ATCGCAAAAGATTTTA,16920
GTTCTCAGTCGCCTTA,16918
ACGAGGATAATAATGA,16917
TGTGAATGTTCAACGA,16915
GGCTAGGCAATAGAAA,16913
ACCGAATAACTCGTGA,16911
ATCCCTCTACTAACTA,16908
AATAAGAGTGCTAGAA,16906
CACAATGAATACAGGA,16905
AGATGGCTATTCCTAA,16902
ATGTGGGGCTAGAGAA,16897
GTATAAATATACATAA,16893
TCCAAAAATGTACAAA,16890
AAAGTAATGATATCCA,16886
CTATTCTACCAGGTGA,16883
AAGAATCTCACCACTA,16880
AAAAACCGATGCTGAC,16878
TGATCGAGCCCCAGAC,16878
TGAATATTTCGCCTAT,16877
CATCATGCACCATAGG,16875
GTAGTTTTGAATTCTA,16873
CGCAGAACTACACTAG,16871
TCGAGTACAAATGTTT,16871
CAGTACCACTGATACT,16857
CACATGCGTACTAAGT,16828
AACGAGGGAACTTAAA,16826
AATGTAGATTATATTT,16823
CAACATCACAATGGAA,16817
AACATACCCCGAAGCG,16807
TAACTCCACAGAAAGA,16806
GCTCGAGCCCCAATGA,16802
TGTTTTGCACGCTAGG,16800
GCTTAAAGGGACCGAC,16789
ATTAGGACCGGTCAAG,16777
TAGGATAATCCCGTAG,16777
CTTGATTGCTAGTAGG,16768
TATCCGCTAACTAAGA,16768
GTTTGATTTCTATAGA,16762
ATGATGCTTACCTGAA,16760
GCAGAGTTGGTTCCAA,16759
GATGTTTGTTATGGAA,16752
CTGGTAGAGAAGCGAG,16745
AAATAGTTGGGTTGCC,16743
CACTTCCGGGCCTAAA,16741
CAACGTAGATACACTA,16738
CTACCTGATGGCCTTA,16726
CACTAGTTACCATCTT,16723
GCCGAGCCAAACTGAT,16723
CGTTATCGCATATATC,16718
TTTAAAGATAGGTTCA,16716
AACCTTGATCCTATGA,16714
AATAGACCAACACAGA,16706
AAACTACCACCAAATT,16693
TAGAAAATGCATATGG,16690
TGACGCGACAAATAAT,16688
TCTGTTAGTACGATAG,16687
GCACGTTTTCACGAAA,16681
TGATGGCAACGATAAA,16681
TCACCATCACGTTGGA,16680
AGCGACTGAACGTGAA,16678
ACGGCGCAATCGAAAA,16675
GCGGACCGTACATCGG,16671
ACTCGAACCGCCACGA,16669
TGCTTAGTGATTTAAT,16668
TGCGAAGGTCCCTAGG,16665
CATCTTAAAGCCCTTT,16662
CCAGACCAAGTGTAAT,16657
CGCGTGGAAAGTCAAT,16656
CCCGTTATAACAAAGG,16653
TCAACCTAAGCTGGAT,16649
CCTAGGACGATACAAC,16639
GACTAAAAAGAGGACA,16639
TATTAGATACGGTTAA,16631
CAAGATTGATTATCAG,16627
ATTATTAAAGAGGGAT,16624
TCGCACGGTCGAGACC,16614
CAGTACTAGGACCCAT,16607
GTATGAAGGTGTCTAG,16599
CGCCCCGATATAGATA,16595
AACCTGAAATATGGAA,16589
TAGATGTCAGGAAGAA,16581
ACCGAGAGGAAGTACA,16580
GCATAGCTAGTCCCGA,16580
AGTTGGCACGTCTTAA,16572
CGTGATTGGCGGCCGT,16563
ATGTCAAAACGCTGCT,16550
TCAACCTTGTGCACAT,16546
GTCGGGGCTAGTTTAA,16542
CCGGCGAGAAAAGTAC,16541
AGTTAAAAGAATCCAG,16539
GCACTTTGAAGGTAAA,16539
CAAGATTACCAGAACC,16536
ATAAAATATCCACTAT,16530
ACCGGTATAATTTGGA,16524
GTTGATTCATGCACTC,16524
TAGTAGGCCAGTTTAT,16522
ACCCGACCGTCTTCCG,16518
TTTGAAGTGATTAAAA,16500
GTCACGAATGCAAACG,16498
GTGGGCAATAGCTTGT,16497
AGGAATAATCAGACAC,16494
GACGTTAAACGTATAC,16492
GAGGTCTTGATGGTAT,16490
TCTGGCTATGAGTAAA,16486
TATCCTACTACTATAA,16484
ATTTGGTAGTCCTCTA,16479
AACTAAACCATAACAT,16470
GAGCTTGCTGATAGGG,16464
GATAAGGATCTCTATC,16463
GACTGGGAATGAAGAC,16454
GAGAAAATCTAATATA,16449
ACATATTCCGAAAGGT,16448
CTGGCCAATGTAATGT,16448
TAAGTCAACGTGTACA,16443
AACGAATTTATAAACT,16442
ACAGCTCTTATATAGA,16438
AACCCATCGGCGGAGT,16437
TGCTGCAGGCCCAAGT,16434
CCTAGCGGAGCTGAGG,16424
TAAACTACACTAAAGC,16423
AAATAGAATACGTAAC,16417
GCAGTCAATATGTACT,16417
AATGTTACTTTCACGA,16401
GGAAAATAGGGTCGAA,16401
TTAAGAGTAATAACAC,16391
CAAAAAATCACTCACA,16389
ACGACTCGATACACAG,16387
AGAATTGGATCTGTCA,16375
ACTGGGAGTTGCTCGA,16374
TAATGCACAAGATTGA,16373
TTACCCTATGACCTCC,16368
CGCCAGAAACAAAATA,16364
GGTAAATACAAATTGA,16362
ACTTTAAAGCTATGTG,16361
ACTTTTCAGAGGAAAA,16353
TAGATAACTCTAGTGG,16351
AATGTAGTTGATGCGA,16348
CTGGGTTTGGCCATAA,16343
TCACGAGCGTTTCAAG,16334
ACTGAGAGGGCTGAGA,16322
AGATTTTAGAGGTTAA,16315
ATTACAAAATCCAGGA,16304
TCTGGCACCTATTGAA,16304
TGCAGTGACCGAAGTA,16303
CAGTGATATAAAATGT,16299
CCTCCAAAAAACAACA,16296
TAACCAAAAACGATCA,16295
GTCGAGTTGCTACTGT,16293
GAAGATACCGTTAGAA,16292
CCCCCCCAGGAATACA,16286
AAGCATAAGACGATAA,16273
TTGAAAATTCAGATTA,16270
CACGTAGGATAGCGGT,16269
AACTGCGCTTTTGTAA,16265
ACTTAGAGAGGTGGTA,16260
GTTATAGTAATTGCTA,16256
GGTGGGGAATGCAGAA,16247
CTGAGATGAAACTTGT,16246
GCAGTAATAGACCAGG,16244
ATTACCCACAGATAAA,16243
GGAGGAATCTGTCTCG,16243
AAAACCGAGTCAACTG,16235
TTAACAAGAATGTATT,16231
CTAACAAAGGGCACGT,16228
GTACATTATGAACCGA,16223
TGCACAAGTTCTCACA,16218
AGTACTTTTAAGTCTA,16217
TTATTGGCATAAGCGA,16214
CTAGAAGGAAAGAACA,16213
CTCCGTTACCGAAAAA,16209
GGAGTGCGAATTAAAA,16207
ATGAAGAATCCACAAA,16204
TTTTACTTCTGTTGGC,16203
CGTGATTGTAGGCTGA,16199
GACCTATAGAGACCTA,16197
TCCACCAATGTCTAAA,16194
ACCGCGCTGCACAAAC,16191
TCTTTTGAGAACTATG,16186
ACAAACCGAAGCAAAA,16185
ACACACAATGGTGGGT,16177
AGATGAAGCTTGGCAA,16174
TCTATCGTAACATTAA,16173
AGTGCTAGGCTTTCTA,16167
GCTGAGTAAATTTATA,16160
CAACCCCGACCGCGCA,16143
TAAATAAACTAAATCC,16133
AAGCAACATTATCCGA,16129
ATATGTAATGAAGAAA,16126
CTAAACAGCATATGAA,16120
GACAAAGAAATTCATA,16120
TCTAGGAATATCAAAA,16120
TTAAAAAGCAGATAGT,16119
TTCCAGGGGACTGACC,16118
ATAGGAGATTGATATA,16115
TGATAATCCATCACTA,16112
GAATGAGTCCTCTGTA,16103
ATAATCCAAGCCATTA,16098
GGTGACGGCACCAAAT,16097
AAATCTGGCTTTAATG,16093
AATGTATTTAAAAACA,16093
GGCAGTTATTTAAAAT,16091
TTTGGCAGGATCCAGA,16088
ACATGCTACACGGTTG,16083
TTAGAGGTTGCATCGC,16081
AAGACTACCGAATTGC,16080
AGTATTTCAAAGAAAA,16080
GGCTCGTTTAAGTATA,16072
GGCACTACAGAAAACG,16069
GACCACGTGTAATGTT,16059
GAAAGGATAAATTTAC,16053
TATGAATTAATCATAA,16051
ACCAAACTTTACTTGA,16050
CGACCTAATATAAATA,16042
CGAGTCGATTCATACA,16040
CGTGAACCAGATAATA,16038
TGGGAATGTAAAACTC,16038
TACTGAAAGCCTGGGC,16031
GAACTCTGTCATCAGA,16024
TCGAAGCACTTCAAAA,16024
ATCAATGCCCGAAGTA,16021
AAAGGAACGACTGTTT,16018
CTATTCGACCCAAAAT,16016
TGAATTAGAATTGAAA,16010
TGTAACTCTAAATTAA,15999
AGGAATTTCTACACAA,15996
CCTCATCGAACCTGAC,15993
CAAACCCCAGCACATA,15991
CATTGATCTAGGAAAA,15981
CTTGAGGAGGTTTTCA,15969
CTGACTGGAAACTTAG,15962
TAAACGGACATATTTA,15955
CAGAAGGGAGACTGCC,15951
GGTGTAATAGACACTA,15951
TTTGACACAGAATATA,15949
CCTATAAGACTGTGAA,15943
TCCAATTATGTCAAGG,15938
GCAAGAGTTAAACTAA,15923
AATAGAAATCTGAGTA,15915
AAAACAATCCACTCAA,15911
TAAGACATGACGAGCT,15911
CTCTGTTGCAGGCTGA,15900
CGTTACCCCATAACTT,15897
TTCCCGATCGAATTAA,15894
AGTATTCTTTTATTAG,15891
ATCTACAGGAGTATAA,15887
TCCTATAGTAACATAC,15885
AAAACCGGGCATTATT,15884
GCTGATGACGCATGAT,15884
GCTCCCTGATAGCAGC,15883
ACCTCTGGACCCTAAA,15881
GCAAGAAAGTCTTAAT,15876
GGGTATTTAAAACAAG,15875
CACTAGGGCATCTGTA,15874
CGCGGTCGCGGGCAAA,15873
TATACTCAATAAATGA,15869
GAATATATCTATGATT,15862
ATGCGAATTGTCAGTG,15858
GATTGGAATACACTTA,15857
ACAAAATCACCGACTA,15856
ATGTCCTAAACTGAGA,15853
AACGAAAATATAGACC,15850
ACCCTAAAGATCGGAG,15849
CCATACGTTCGCTACA,15849
CCCTCCGAAGAGCCTA,15848
CATGAACGATCTGAGA,15838
ACCGCATATCTATCTA,15834
ATCTTCCAGACAATAG,15826
CGGTTTACAACCCATG,15823
CTGGCAAGCGTTAGAA,15823
CAGATTGACCGGGAAG,15822
ACCCCAAAACTGCAAA,15819
CGAAACCTGATTAAGT,15817
TGCTTAATTTAGACCT,15812
TGTCTAACAGCTGATA,15804
TACAGGGTTTTAATTC,15801
GCTGTTAATTCGATGA,15800
GATCCTAAGAATATAC,15797
AGGATAACCTGGGTTG,15796
AGGTTAAAGCAGACGA,15796
GTCCCCACGATACTAC,15787
ACTCGAACACCTTTAT,15784
CCCTGTACAACTAAGG,15783
AACGTAACGCAAACAA,15777
CATACTCAATTAAGGT,15763
GCCTCAGTATATGGGG,15761
TTATCAGAACAAAAGA,15760
CAAAACTGCCACGGAA,15757
CTATTTTGCCCTTGGA,15737
ATATGCACAGTCAAAT,15736
GCAACCCTCACTTTAA,15733
TTATCAAATATCAAGA,15733
CCAGCTGTAAACGTAA,15722
TAATATGAAAAGAGAT,15719
CACAGGGAGCAAGACA,15717
GGCACATTTCCTGTGA,15714
TTGACCTAAATGATAG,15711
TCCTGCTTCTGGGCGA,15704
GCTTGACCGCAACAAA,15691
CTCCTTAATTCCAAAC,15684
TGTAACACGCGGGGAG,15683
TAAGGAATCTACAAGT,15681
CAAAGGAGGAGAGTAA,15673
GATCGAGCAATGTTGG,15652
AACAAGCTAAGTCCGA,15649
TCTAGTATATAATGGG,15649
GACATACTTCAGAGAA,15646
GCTCGGGGATAACAAA,15644
GCTTCATCCCCCAATA,15642
TACCTTTAAAGTCGAA,15641
AACCTAATAATAATAA,15634
CACCAGGTAGCACGAT,15634
GAAACGACTACCTAAT,15632
CACGGAGAGTATACGA,15631
GGGCCAACACATCCCA,15631
AGTAAAGAAGCGTACT,15630
TTGCGAAAGTATAGAT,15628
GGCCTTAGCCACTTGA,15614
CCCTCAAACGAGTAAT,15605
TGAAGTCCAACCCTAG,15589
CCCCCGGTAACAAAGT,15587
GGGAATCTTAGACACT,15582
TAATGTAAGACCAGGT,15576
CCGTACCCAAATGGAA,15570
CGTCCACGATGAGTCA,15560
ACAATCGTTCGATGCC,15556
AGAACATAGAGGAGCC,15555
AAACAAGAGCTTTGCA,15552
GCATTGGTGAAAGAAG,15551
CATTTATAGAGTGCTT,15528
TGACAAAACATAAAAA,15522
GCAATCGGTATAATAA,15521
GTGGGAAACACGGACA,15521
TCCGTGCAGCTTAGGA,15515
TAGTAACCAGTCCCTA,15509
ACCACTGATGCAAATG,15502
AAGCTGCATAAGTAGA,15501
CCAAAATCGGACAGAA,15488
GGTATGGGTGAACGAA,15482
TTTGATACAACATTAA,15470
CGCCAGAACAAGGGTT,15466
TGAACATGCCCGGCTA,15466
ACCGTGATAGCGGGGA,15465
AGCCATGGTGTCGTAA,15458
AAAAACATAAACATAC,15452
AATGTAACTGACCCAT,15448
ATCACAACTGGGGTCA,15447
CTCAGATTAACAGTTA,15447
TGTTAGAAAATAAGAC,15445
TAGTATACTGCATATA,15443
AAGTAAAACCTGATAT,15434
TGATCTGTGAACTTTT,15431
GATAGTTGCTATATAC,15428
TGTCTGATCAGGGCAG,15428
TATGAACACCTATTCA,15422
AATCTCCTGAGTACTT,15420
AACAGCGGATTCACGA,15415
TATGAGCATATAGGAT,15414
AAAGTTCGACGGTAGA,15413
AGTCCATTACCTGAGG,15404
GGCAATAATAACAAGA,15395
AATCCACTCATTAGAA,15392
TGACGCGAAGAGACTA,15391
GAACCGGATCAGTCAA,15372
GACAAGACCGTAACAG,15370
ACCTACCATAAGTAAT,15368
GTTCCATCGCAAGGGA,15368
AACTACTCCGACATGA,15364
ATTGTGTCCAGTGGCG,15361
CACGTGAAGTACCATA,15359
AGTCCAGTCCGTGTCT,15353
GAATAACTGAGGTATG,15348
CACATAATGATGCATA,15347
TGTGGCATTACAAGAA,15344
AAGAACGTTAGAGCCG,15338
TAGCTGGCCAGGTACT,15338
CAGGCGCTTGAAGTTA,15337
CGATAATTAATAGTTT,15331
CAAACTCCCCCACGAA,15317
TGACCTGAAGTAAAGA,15315
AATCGTGGTTAATAAT,15314
ACTTGGATAGAATGAT,15313
TTAGAGAGCACTCAAA,15310
TAAGAATCCTCGACAT,15295
AAACAGGGCCCCCCAC,15282
ATCCTAAACACCATTT,15268
CTAATATAATTTATGG,15268
GACAAACCTTTCGGCC,15268
TCACGCATTTTACGCC,15266
CATAAAAAAGTCTATA,15265
TGCACACTCACGTCAG,15262
GAAGGACACAACTATG,15260
GACATAGCATTGAAGT,15260
ACATGAATATAGTAAT,15256
CTCACTACCTACCCAA,15253
GTCAATTACGGTATTA,15252
CAAACACTCAAAGCGC,15249
TGCGTCAATTGGTAAC,15249
TTACGTTCAGTTCAAG,15248
TGTGCACACGGACGGG,15246
GTTGGAAATAAGAAAA,15244
CGTAGCTAAGATCATA,15241
AGAAGGGATCATTCAG,15239
GGCTATTGGATATGCA,15238
AGGGGGTGGCACATGT,15234
CAATACAGGATGTATA,15221
CAATTATTATAACCAT,15210
TAAGTAATATGTGGGG,15210
TAAGTAATTGAGAAAT,15207
TGTGAAATGGTGCAAC,15205
TATACAACAACCACGT,15203
CGTATAATTTGTTGCT,15200
CACCAGAATACATGCA,15193
GACTTATCACAGTTTT,15193
ATAGCAAAAAGTTACC,15190
GGACCAAGTATAGCAC,15189
GGGCTAGGAAAGATGA,15188
CAACAAGGCCAACCAA,15182
GGCGAACAGACCGAGA,15179
AATGACATTATTGCAG,15176
ATTAGTGATATCTAGG,15174
CGACGCACTTGGTAGG,15171
GGTGCAGAAAAGACCC,15165
GTGGGTAGATGGTACG,15161
GATGCGTTTAACCCGG,15153
AGCCTAGGACCCCAAA,15128
CTCGACTACTGCTGTA,15126
TAGGTCTTAGCTAAAA,15125
ATCGTACGATCAATGG,15122
ATATTACTAAATGTCA,15118
CAATATGTACGTTCAG,15115
TCAGCGGTATGGTCGC,15112
GTTGAGTACTATTAGT,15110
GCGCCTCCAAAGTCGT,15109
GCGACCATAAACCTTA,15108
ATAGCGTATTTGCTAT,15107
AGAAAGGAAAACGTGT,15104
TCTCACGATGCCAATA,15102
GCGTACAGACCAATTA,15099
TACCATAATCAGCAGA,15098
CTTATCAATAAGACTT,15097
GCCAAACAAGAGATGA,15094
AATATCCTATAAGTGG,15089
GGTATAACAAATTAAG,15087
GTACCTTACGAGTTCA,15085
CTTGCCGGAGCCTCGA,15071
GGATAGTAAACTGCTT,15065
GAAGAGATGAAATGTA,15056
GAATGTTTAAAGGAAT,15052
GATAAAAAAGGGTCTA,15052
TTCAACAGATATAGCC,15051
CTGGGACGAGGTATAA,15049
GATGCACATCGGTATC,15047
TCAGAGACCCACTCAG,15045
AGCGAAGAGAACCAAA,15035
TGGAGGAGGATACTAT,15035
AAGGCGGCCAGAGAAA,15033
TGACTGGGTCACTAAA,15033
AGGGACGTATACCAGA,15032
GCAAGTTCTATTTTAA,15031
AGAGAAATGACTCGGA,15027
GAGTTGCTAACACAAT,15027
CCAAAATTCCTGAGTA,15016
ATAAAAGCACGTCCGT,15009
GGAAAGAAGAAATAAA,15003
GCTTCCGAGTCACAAC,15002
GTATCAATAAGTGACC,15000
ACCCATTATCTTTACC,14998
TAGAATAGTGATCTGA,14991
ATAGGACAACGAGATT,14984
TAGTTAATGGGATATG,14983
AGTATATAAAGAAATG,14980
CAGAACCTCACAGGGG,14979
TAAAAAAAGGAGCGAA,14979
TTGCATCGTCTACTGA,14975
AACACGCAACGCTAGA,14973
AGCAGAGATGTAACCA,14972
CTCGGAGTTTCATGTT,14965
TTGAAGGGCCAAATAG,14963
CTTACACAGCAGCCAA,14958
AGAGTACTAACTTTGC,14956
TCAAATTCAATCCAAA,14955
TATGGACACGTAAATA,14947
ATTATAGGTGTCTGAA,14944
CGGAATAATAAGGCCC,14944
TCAGTTTGCCCCTCCT,14944
TTTCAGGGTACTCCAA,14944
ATATCGTTGACTGATA,14938
TCACGGAATGAATCGA,14936
ACTGCACATGTGGGAT,14934
CGCGCGTTTGAAACCT,14931
TATCTTACTGTTTATA,14928
GTTTTTATTTATATGC,14912
AAACTACATTCGGAGG,14907
AATCATGTTGTCGAAG,14897
TAAATATCGGACTTAA,14897
AGCGCAGTACAATGGA,14881
ATGTCAATCAGATCAT,14880
AACAAAAATTATCAGA,14873
GTTACTTCTATGTAAT,14873
TTAACAGACGACGAGA,14864
AAAGATTACGTTTTCA,14853
TTCTCATTAACATTAG,14853
CATGCAACGTAAACCA,14848
CACAAGGACCGTACAG,14846
AAGTTGTGTGGTCCTA,14845
ACTTTATCTTAAAACC,14841
CATTTGAACAACCAAG,14836
ATGTAAAGGGATGACA,14835
ACAGATAGACTTTCAC,14833
GTCGAGAGCCGATAAG,14832
TGTAGCCCTGGATAGC,14831
TATTATACTAGTCTAT,14830
TACCCCCCAATGTCTT,14829
CAGAATAGTGATCGTT,14817
GAGTGCATCGACAATG,14804
GGCGGGATTAGCCACA,14804
CTCCCACCGATGATAC,14801
GCTCGATTGAAAGGCT,14799
CATCAATAAGTCGTGG,14798
AAGGAACTGAGACCAG,14795
CTTGCGAAGGGAAACA,14790
TTTATTGAAGAGGAAA,14789
AGCAGAGTCCGTCAAA,14788
TATCCAGCTCGCTGTG,14786
ATTAAAGAGATTAGGG,14784
AACCCCAACCGCCACT,14778
AGACTTCCGGACCCTC,14778
CTATCACGCCTAACCA,14774
CATAATGCAACCCTGT,14773
TCTAGCACAAAGATTC,14769
TTGTTTTTTTGATGAG,14769
AACGAAGATCGTTACT,14766
TGACTAGTCAATAGAT,14765
ACTAAAAACTTGCGAA,14755
ATATCTAATGAGTTAC,14755
TAAGCACAGGCATAAT,14755
GTACACTTGAGACTAG,14750
AGGTTATACGAGTTTG,14745
CATGAGATTAGGTGAA,14745
TATCCGATATAGGGCC,14741
GCACCCTCAATTAGAT,14731
ATCTACGTTACATTTC,14729
AAAAAACTTACATGAT,14726
ACAACCAAACAGAGGT,14718
ATCAATTAGCACGAAT,14715
AAAAGGTAGCTAACAA,14711
ACTACCCTTGTATATA,14708
GGCACGAAATTAAAAA,14704
GTGTATACATTGTTTA,14703
CATAATTATAATAGAG,14694
AAACCACTCCTTGTCA,14693
AAGATGAACCTTGATT,14689
CACCGAGTAATAATAG,14687
TGGATGGCTACCTGAT,14687
TCATAAACTTCTACTA,14684
CCTTGGATTAATTGAA,14681
GACATCGTACGTTTGT,14677
TTTAACCTAAGTTTAT,14671
AGGCCTTTGGTCTCGG,14669
ATAGGGCCACACGCCT,14665
CAACCATTCGAAGAGG,14645
GGCCGTAAGTCGTGAA,14638
GGGGGCTAACTGGCGA,14638
GTTTCCAAATGCTAGC,14632
TATGGACATGGTCTCA,14629
CTCAATAACATTAATA,14627
TGTTAGTTTTTTACAT,14627
CAAGAATAGATTAGGA,14624
ACGCATACTGGACGGA,14621
TTAATATAGGACATAT,14615
CCCGTACAAGCTCTAC,14608
GGGGACAATCGATATG,14604
GGATCATGTATGGAGT,14601
TGTTGCTCTCTATGGT,14591
CCGAAGTCCTAAATAA,14582
AATTCAACCAACCCTA,14577
CTAGGGACTTAGGGAA,14577
AGTTCTTACGGTTCTA,14569
TAATGAAGAGAGCAAA,14559
TTCACACCTACCCTGT,14557
GAATTTATCTACATAT,14549
TGCACGACAAGGGAGG,14549
TTAGTCGATGAACAAT,14547
TGGAAACGAGTCCCCA,14545
TCGGGCTTTAGTAAAT,14543
TGCACCCGACCGAAAC,14541
CATAAAGTGATGTAGG,14527
TGCAACTATAACGATC,14520
CGTCTAACAGTTCAGC,14515
CTGTGTCTGGTGCATA,14512
CCTTTCATCGCCATGA,14508
TGGAAAAGCAGTGTAA,14507
TTGATATTCTGTATAT,14506
AGTTACAAGCAAATTG,14503
TAAAAACACCAAAAGG,14503
AATATACTTAAAATCG,14502
ATACTTCTGCAGAAAT,14499
AATCCGGTCTTGTCAA,14494
AAGTTTGGCGATATAA,14491
AACGGTGTCGGTCTAA,14487
CTGTCTGTGGAGATAT,14482
GCATTTGATTTATGGG,14472
ACCCATATTATGCTTA,14466
ATCAAGTAGAACCCTT,14466
CCCCGATAAAATATAT,14466
CGGTAAATCGCCACAA,14455
TTTAATACTCGTCAGT,14455
CCTTATTATAATTTAA,14452
TCGGCGGATTTTCAAA,14450
GAGCACACATGAGAAG,14447
TGAGGAGTAAACTATA,14443
CTTGGTTGACATCAAT,14438
GGTACACTGAATTGTA,14436
TGCGAGGATGTACTTA,14433
AATAACTCATTAATAA,14427
CAGCATGAACATGATA,14423
TTAGAGAACAGTTTAG,14419
GAAGGCCATATTTCAC,14417
CAGTACTTGCATAATG,14416
GTTGAATGCACTTAAC,14415
CGGTCCACCGCATTAC,14413
GCGGCTAAAGAGCACA,14413
TCCAAAGTTAAACCGA,14410
GTCAAAGACGAACCAG,14408
CTTGTTACAAGAGTTT,14406
GCTTTACGATCCCCCA,14402
ATGCAGAATTTATCTA,14396
TTGCATGGTTACCATT,14395
TATAGACGTGCTTAAA,14388
CTGTAGCATATAGTTA,14385
ACGTGGGCTCCATTCT,14383
CTACGAATTCTGTACA,14379
TTATGATGAGGGGGGA,14379
AAAATACTATCATAAG,14378
TCGGTCTTACAGAGAA,14368
ATTACGGACGTGAGGA,14367
GTTAGGTGTTAGAATA,14365
TTTTTGTCAAGTCAGT,14363
AAACCCGCTTAGGCCT,14360
AAAAGGTTACCATGAT,14355
CCGTGACAACTCTAGG,14346
TGGATACAAATGGAAA,14345
CGGCGGGCCGCTTAAC,14344
ATGATCTCCATTTCTA,14334
AAGCGTTAAATCGAAG,14326
CTTACCAGTTGCATAG,14325
ATTATACTGAGACAAG,14324
GACGATTGAGCCGTGG,14323
CTGTCCATTCCTGAAT,14313
AATTCCGGACGGCATA,14309
GGGTTATAAAGGGCTA,14302
TCTACATTCTTTATCT,14302
CGATGTTGATAGTCCA,14301
ACTTAAGAAGTCACAA,14299
TGACTTAACGACGTAG,14297
AATCAGTAATTATGAA,14296
AGAAAATAGTTAAATA,14292
ACTTGCACAAGTATCA,14284
AATAATCCCCATTCGA,14276
CAGTAGTTAAGTGTTA,14274
ACAGCATTGGAGAAAG,14272
GGCCAAATATGACAAT,14272
ACTGGACAATGATCGA,14268
CTCCAGTAAGACAAAT,14265
CAATCGTCGTCTGCTA,14260
ACAATAAATTCCTAAA,14255
GGACACATAAGCGGAG,14251
TTATGGCAGATTTGCT,14250
ACGTTATTAGGTATAA,14245
GGACAATCATAAATCG,14239
TCTTGCATATATGGTA,14236
TTTGATCAGACCCAAT,14236
AGGCTGACTCACCTAA,14231
ATTTATCGCCTAATAT,14231
CAGCAAAATAGAATAT,14229
ACAGTCATTGGAGGAA,14216
TTTAGACACCTATACC,14214
AAATGACATACCGTTA,14204
TCTGAGACATTTCTTA,14198
AATACTCACGTATCAG,14193
GAAATGGTTGCAGTAA,14187
GATATAAGCAAGTAAT,14187
ACCTCAAAGAGATGAA,14181
TGTGGGGAGAGTAGTA,14175
TGTCGCAGATGTTCGC,14174
CAATGGCAGTTCTTAT,14173
GTCTCGACAACGAAAG,14172
AGAATAGGAGATGAAC,14169
AGCCGGAGTTTAGGAT,14168
TAACGTTGTTTAAGAA,14165
AAACGATACTTATTGT,14156
CAATCATGAACTCATG,14156
GGTCTGATGACGCGAA,14155
ATTTGTGCTTTCATCT,14150
AAACGGACGGGTGAAT,14149
TATTTATTGAGGGCTA,14149
ACCCCTTACTCATGGC,14145
TAAACAAATCGGTAAA,14145
AGAATAATAAAACAAA,14135
TAGAACGCCAATTCTA,14132
CAACGCAGACCCAGTT,14126
TAGGCAGATACCCAGG,14124
TCCAGAGACATTAAAC,14115
TCCGGGTATATCTCAA,14112
TCCGCCCATATGATGA,14108
TTGTGTATCCTGTTAG,14102
CCATACACTAGATACG,14100
CACGCATACCAAAAAG,14099
AATAACATTATCAAAG,14092
TTTTTTACTGATGCAA,14090
ATAGAAAACTTACCAG,14087
AGTTAGTTCTGGGTAA,14080
TCAACTCTTAAGGGGG,14079
CACCATACATCCTTTA,14078
CTGTGACTAAAATTTT,14075
AAGCTTCCTTAAATTA,14073
CTAGGCATGGACAAAG,14060
TGCCCATCTTATCCTA,14059
TTTCCAAGGCGAACAA,14059
TAAACAGAGGGATCTT,14040
GATTCGAGTCGTGCTA,14038
TCAAATTAGCCAGAAA,14035
AGTAATAACTCAGATA,14034
ATGAGTAGCCACTAAT,14034
ATGGTTCGCATTCACA,14031
TATTATTGCAGAATCG,14030
ATTATGCGGTTAACGA,14022
CCTTTCAGTGAGCGGA,14021
ACATAGGCCTCCATAA,14019
GCTAGCTATTGGGTAA,14017
TACGGTATGGACAGGA,14016
AGTTCCTTGCACGTTA,14004
TTACCTTGCGAGAGGG,14003
ATCGCGATTAGACATA,14002
GTACGTGAAATAGACG,13999
AGATTGAGTACAGGGT,13997
CATTTAAAACGAAGAG,13996
GGCCGTAAAAAGATAG,13996
TGTTGAAAATTGCATG,13995
AACCGAGAATGGTATA,13989
ATGGCGATTACCACTT,13986
CAAAGGTATAAAGTAA,13986
ATTCTATTGATCATAT,13985
CGGAACGAACCAGTAA,13984
ACAAGTCGGGGATACT,13971
GTAACGCGAAGCCAGA,13968
TACGATAAAAACGTGT,13968
TCTACGAGTCTTGATG,13965
GGTCCAGGCAACACGA,13963
GTGTAAGGCCTTAAGA,13960
AGAACGATAGACAAGG,13954
CCAGAACAAGATTTAA,13946
AGGAAACTGTAAAAGA,13942
ATCAGCTAAAAAGGGA,13940
TTTATAGGACCGTTAT,13936
TGAAGACAATATAGAA,13935
ATATACCACTGTCGAC,13930
GTTAAAGGGCGATAAA,13927
TTAGTAACCACCTAAG,13926
TTCACGGATCTTGAAA,13926
GCCGCTGGACGACAAA,13920
ATAGTTTACAGCATAA,13914
AGGGTGAGACCTATAA,13912
CAGTGATGTACATGAG,13911
CGGAGTGACAGTAGGA,13911
CATTTGTGATTTAATA,13903
TAAACGTTGCAACTCA,13903
CTGCATGCACAATGAG,13896
ACAGCCGAGAATCTCA,13895
AGTGAGTAGTGATGTC,13882
GATCGAACTGAATATA,13882
CATAGTTTAAGATTAG,13871
GAGATACCACAGGAAT,13871
CCAGGCAAACTATAAC,13868
GACGCAATTGACTACG,13868
ATTAGGTCATAGTTTA,13862
ATAACCCCATCAGGGA,13859
ACCTCGAAAGCGTATC,13858
TAACCAATTCAGAAAA,13858
AGCTTGCGATGAGCAC,13856
ACGATTCCACGATTTA,13852
TATTAATAGCGCGAAG,13849
TATCAAACCCTGATGT,13840
AGCAACTAAAACGGGA,13838
ATTTCAGAAATACTAG,13835
AACACGAAGAGTGGAA,13832
ACCAGACACACGATAA,13830
AATAACAACACCTAGT,13829
GACGAAAGGTCTAGAA,13828
GAAAGATGTATTATAT,13826
CACAGAAAAATAGGTA,13824
TACCCGAGAAAAAGAA,13824
TAAGATCCTTTATACT,13822
ATTTTCGTCAAAAATA,13816
GCTAAAAGCCAAAAAA,13815
ATAGAGTTGATCAGCA,13814
GGTAGCAAAGCATCTT,13810
GACACATACTGCAGCT,13808
CAGCAGACCAAAATGA,13807
AGGGGATACAGATCAC,13796
GGGTTGTGGAGCTAAA,13793
CATAAGTACCCTTGCT,13790
GTTACCTTCGCTTAGA,13780
ACGAACCCACTCTAGA,13776
GGCATAGACCAAGTAA,13776
ATCAAGCGTAAGGAGT,13771
CCCAGACCCCTACAAT,13770
AGCCTCCTAACAGTTA,13769
AGGTATACGTATTCCT,13765
GGAGGTGAAAATAATG,13762
GCGTGCTTACCATTTT,13759
GAATGGGTATACGTGT,13753
GACGCAAGTGGACCTA,13753
ATCAGCTTCAAGCAAC,13749
AGATCGCTATTTGTTA,13746
TTCGACATGCAAACAT,13736
TGCAGACGGGCCTATA,13733
CAAGCTAAGCAGGGAA,13732
TAACCGTAACGGAGAT,13729
TATACTGGTTTCAAAA,13726
TCCTAACTAACCGATC,13724
TACGTTGTTTGAACAA,13721
TAACTAGTGAACTTAG,13717
TAAGGTGACTAATCTA,13713
CTTTCTCGTAGAGGCT,13712
CATTCCGTTTGGGTAT,13706
CAATAGAGAGTAGGTA,13705
GGGAAATAGAGAAATA,13705
AACACGAAATTGAAGG,13703
CGTGAACCCATTACAA,13702
TCCCAAAGGAATGTGC,13702
GACAAATTCCGAAAAA,13700
TCATAAAGAACGCAAT,13699
AAGTAATTTCAGAGAA,13696
CCTGGTATCCTCCAAC,13696
ATTTTGAACTGATAGT,13695
AAAGACTGGACCTAAT,13692
GTATATGATTGCTGAA,13692
TTGTCCGACAGGCAAA,13689
TGTAGATTAAATAAAT,13688
AAAATTGAGTGCGGGT,13683
GCGTGCTACGAGCTAA,13682
AAAATACTGAGCATAT,13681
GTTCTAATTAAATTAG,13678
AATCAGAATTAAGCAG,13677
CCGCATGTAGATCAGG,13676
CCCAATAAACGGTTAG,13673
GGCATACAGCTTATTA,13673
TGAACGCTATACCGAA,13670
CTTGAATTACATCTCA,13667
TCTTCACCTTGCCCCC,13657
TTTAGGGACAACGTTA,13654
GTGACACTCATGTTGA,13653
GGTTCATGCCCGAGAG,13648
TAAGTTTATCCAAAAG,13647
TCTCGCGAGCCGGAAT,13645
GTGCAAAGAAGGTACA,13642
TAAGGTTTAAACTAAA,13639
TCGTATATCATAGAAA,13639
ATCATTGAGAATTACA,13634
TACCATTTGTAACAGA,13634
AAGGTTAAGAAACAAT,13633
TGACCCCGATTATGAA,13632
ATAAGACCTCCAGACA,13628
GTAGCTGACAAGCCCC,13628
TTAGACTCATGGTCGA,13628
GTTAATCATTGTGAAC,13625
GAGCTCAATTAAGGAA,13624
ATCCATTTGTCGTTCA,13621
GCTTTTGATAATATAT,13619
GGAAACATGCAGCTAC,13618
TAAAGCCATATGAGCA,13618
ACAGGATCAGTCAACA,13609
TTCATGTTATCAGATG,13608
GCACAAGTGTAGTAGT,13604
GTAAGTACGGGGTGGG,13597
AAATTAACGAACCACC,13594
AAGTGGACATAGGGAT,13590
CCCGACGCTTGGTAGG,13589
ACCATTGGCTTACCCT,13587
GTCCATATTACGAAAA,13575
TTTTAACATTCTCCGA,13575
GCATACGTCCGAAGCA,13566
TTTCACTTGTATCGTA,13564
ACACTGATCAAAGATC,13563
ATACATGGTCGGTAGA,13562
GCCTGTGCATCCTATG,13560
GCTCTCCGCCGCGTCA,13551
TGACCATGCAAGCCAA,13551
TTTCACGGCACTGTCG,13551
CTCATGAACCTGAATA,13540
CATCCAACGATATCTG,13536
GAGGTGGATTTAGCCC,13530
GTATTGAGGGGGATAC,13524
TTAATCAATATTACGT,13523
ATCCGTTCGGCGTTAT,13520
CATGCGCGTAGTCACA,13511
GTCTACAACTATACAA,13500
AGACCCCCGAAAGAAC,13495
CTTTTTTACTGTGGCA,13493
ATAATGAGTCAGGGAA,13490
ATACTGAAGACTACCT,13490
GCATATATTCACCAGA,13486
AGTAACGCGCGAGGGT,13482
TATACGGTTAGTACTA,13477
GTCACAGTGTCTGCGG,13470
AGAGTAGTAGACGAAA,13465
TGACACCACATTCTAC,13460
AAACATGAAGAATATA,13455
GGCAGGCACGAACAGG,13441
GGAAAGCACAAACAGA,13438
CATAATCGCGTTCACT,13435
TAACTGCTTATGTTAA,13430
TCGTAAAACTACTTAA,13429
ATAACCTGAGTGGTTG,13428
AGGCAAAGCAGTACCG,13424
GTTCAAGAGGAATGGG,13411
GCTTTCTTACGGTCCA,13409
AAAGTGACGAAGTCTG,13406
AGTTAAAATCGATGAG,13406
TGTTTCCTCCCGATAG,13406
CACGCTAGAAGGACTA,13399
AAAAGCTGATAGGTAA,13396
CCCTTGCTAAACCGTA,13393
GCACGTGGTCGTGACT,13392
ATAGTACCATCCGATA,13388
TCCTACAGATTCGAAT,13387
TAACATCAAACGAGGT,13379
GGAAACTTTCTCAACC,13377
CCTGGGGATCTTTCAA,13367
GGCCTATAAACGTCAT,13367
CCTACTGGCCATAGAA,13365
GGTAAACTTAGTCCCA,13361
TTCATCACCCACAATA,13360
CCTTAATATTGGGTAA,13356
CTATGGACTCACCAGA,13355
GCACTCACGTAACTGA,13354
AACCCACCCATAATAA,13353
CGGACAATTTACATCC,13353
CGTTACTTCACATAGT,13352
GGTTAATGTTTTTACC,13351
GATTCGGGTGGCACTA,13350
AGCTGATACAAATATA,13347
ATTCTCCCTGTTAAAC,13345
GAACCGATAACTAAGT,13345
TAAGCAGGTTGACCAC,13341
CGAGCCAATCCGAAAA,13339
ACAACTCCGCCTTGAA,13331
GTTAGTGGCGTTAGTT,13326
ACAGGAGAAGTGTTAG,13325
GAACTGCGACTAACCA,13322
CAAGATTTAACAGTGT,13320
GCCTGTATTCATTCAC,13316
TTAGTAATGCCTAGAG,13313
TTGGGGTAATTGGATA,13307
GTGTTGAAATGAAAGA,13303
CACTGCATTCATGTGG,13300
GATCCACTAAATCCCA,13296
GGTCCAGGTAGAATTA,13296
TTACCTGGGTGCCAAT,13293
CAAGCAAGCAGTTACT,13291
TGCCCCTGTGTTAAGT,13288
TCCATCAACTACTGAA,13285
AGGAAAAATCATGAGA,13281
ACAGTACAAGGGGATG,13280
TGTTACGCGCTAGAGA,13280
AACAACACTTTCCAAA,13268
ATTTATACAATAGATA,13267
GCAAAAGCAGGTAGTA,13262
AATGTGACCCCACCTG,13254
TAACGCATCGTATGAG,13251
TCCCTTTGGAAAGCAC,13248
TTGATCAAGCCATAAT,13248
AACTCACCGCTGAAAA,13244
ACTAAGTTGTGATGAG,13237
CTCCTAGTTCAATATA,13234
TAAGAAAGGACTAAAG,13233
GATGGATCAGTTCTGT,13232
TGTCTGATACCATATG,13232
ATGGATAAAACGAACA,13229
ATCGCGCATCGGTCTA,13226
AAAAAAAAACTAGTAA,13220
TAGCGCCGAACCACGA,13216
CGATCAATTCTAGAGT,13213
CATTGAAGGTACTGTT,13211
GCCACTCACAAAGTGA,13210
TGGCCGAACCCAGGAC,13210
GCCCTGTTTTGTGGCA,13202
AGTATGTTATAAATAA,13201
GCTCATTGCGGTATAA,13200
AAACCTGTGTTAACAC,13198
TGTACTGATGTCTACC,13194
GACTCACATGATTACT,13189
GTAAACCTCGTCTAGG,13189
GACAATAGCCTGTGAG,13188
TCACTTGGAAAAGGGT,13188
CGAGACAAAAGCTTAT,13187
AGTGAAAGCCCGAAGT,13186
CCACGAAGACTTAGGA,13186
GGACTTTCGTAGTCAG,13186
AGGCAACTACATGAAA,13182
TGCGCCCCCTACCCCG,13178
TTTTGGATCTGGAAAC,13176
TGCTACTTTCTGATAA,13173
ACTACGTTTTAGAGGG,13170
TAGACTACATCAGGTA,13167
CGAACCAGAGTAATAT,13165
GGGGTGGAGTAGCTCC,13162
GAAGCGGTTTACCAGA,13154
CCTTTCCGTGAGAAGG,13146
TCGATACGGTAGCATA,13142
GTTACGAAACGAAGAC,13141
CATGGCGAGGCTTTTT,13135
GAGGATATGCTGTCAC,13132
TAAAACGCGACAATAA,13132
CGGCGATAGACCAAAC,13131
TTGCCGAAATTTAAAA,13130
CCCCACCGCCCTATTT,13126
ATACAAAAAGAGAAGC,13125
CCACGGAACACGAATA,13123
AAGACAGGGCTGGTAA,13122
CTTGCGATCCCGGGTG,13121
GCCGAAAGGGTTCAAA,13121
GAGCAGCCAAAACCAG,13119
TGTGGACCCAAAGAAT,13116
TGCTCATGATCCGCTA,13114
CAAATTTTTTAACAAA,13112
ACACTGCACCCGATCT,13111
ACAACCGAGCTTACGT,13107
GAAGAATTACATCCGT,13106
CACCATAGGATGTAAC,13103
GAGGTATAAAGCGAAA,13103
AATGTTATGGAAAGAT,13101
GTGTAGTGTAGTAGGA,13101
ATTTTGACAAATAAGA,13100
ACCAACGATGATAGGA,13099
CCACACGAAGAGACAT,13095
CCTACGTAGAATCCAG,13090
TACGAAATTTAAAGTA,13083
GTGTAGCACAAGTTTG,13081
CCTTGAATGCCATGAA,13079
CCACGTTATGAAACAA,13078
AATCCCGCACTCTTAT,13072
CTAAACGTCTAACTCA,13070
AGCCGAACCCAAGGAT,13065
CGATTAGGAGAAATAA,13063
ATCCGAATTCCATAGT,13062
TGATTGCTTCGGAAGG,13061
ACAACAATAAACTATC,13057
CCTCAGCCCCTTCCAT,13056
ACAAGATTGTTTATTA,13055
CTTAAAATTCGGTACA,13055
ACCCTGGACAAAATGT,13051
TGAATGGCCCAAGGAT,13051
GTCTGCTACTCCTAAA,13046
CACAAGCACGATTTTA,13039
GAACGCACGATCTAAA,13035
GTCAAAGCCCGATAAA,13027
GGGATTGGCACCATGT,13026
TATTTTAATCGTCATC,13025
ATACTTATTATCTTTA,13023
CCATATCAAGAACCTA,13023
ATCCATATCGTACCGA,13021
TCCCCCGGCGCAAGGA,13021
GAAGGATTCACATAAC,13019
GTCAGGTGCGTGAGAA,13019
TTCTCAGAACTTGGGT,13014
TACTGTCAGAACCTAT,13013
ATTTTCATATCTATAT,13011
GATATCCCTTATTATG,13004
TATGAGTCGATGCTAT,13001
AGTGTTTTGCATCGTA,12999
GATAAAAAAAGATTTG,12999
GTCACGAGCGGGTAGG,12998
TGGTAATGGGTCCCGT,12998
CGAGTATGGTGGATTA,12996
TACGAATTATAAGGAA,12996
CATGCTCCACATCCTA,12993
ACAATCGGAACCATGG,12992
GAGGATCTGCACGAGT,12992
ACGAACGCACAAAGGA,12991
GAGGAAAACATACTAT,12986
TGCAGAAATCCTAGAT,12978
ATCCGAAATAACCGTA,12972
ATTCGCCAATTGGGCC,12969
TTCACCCCAGTATCAG,12964
CTGTGTCCAAGACAGT,12963
GAGCGCCATTGTCTTT,12962
ATGGCTGAGGAGTGGG,12961
TTCGAAAGCCTGTCTA,12960
ATACGCTGAAGGCCTC,12954
GCGCGAATTCACCTAG,12946
GAAGTATTTCAATTAA,12945
ACAAACTGTGCATAGT,12943
ACAGAGACTTTTCCAC,12942
AATATAGAAAATCCCC,12939
ACTGCCCATACTTAAT,12934
AGTCTATTAAGATAAT,12934
AACGATTCGCGTGGGC,12933
ATATTACCACTATAAG,12928
ATGCACGGAACCTAAA,12919
GCAAACGCGGGCCACA,12916
TGAAAAGTATAATCAA,12913
CAGGATGAAGAGGATA,12910
CCAATTCAAACTAGAT,12897
ACATTAGCGCCGCAAT,12893
CATCGGGAAAGTGTAT,12892
TTGCAGTGACGCTACA,12892
TTATCAAGGTCTACCA,12890
AGGAGCCAACGCTACA,12888
GTACTGCAAGTTATTA,12887
AACTAAGCTGTTAGAT,12880
GACCACAGTGCCATCA,12880
GCATGAGCTGTGGACT,12879
GTAAGAGAGGGATTGC,12877
AAAGAGAAAATGACGC,12870
CTGCATTAACCAATTA,12866
TTCATGATTACCTAAG,12865
GGGCACTCACGAGATG,12856
ATCGTGGCTGTACTAC,12855
CAGACCCAGCTGCATG,12853
ATAGCCCCATTCAGAA,12846
ATCCGCGGAACTGGGA,12843
ACATCAGGTACAGCGT,12842
GAATAATAACTTTGCC,12841
TAAAAGCTGAAGATAG,12839
TTTCCCGTTTCTCTAA,12837
GGATAAGTTGCGAATA,12830
CTGATACAAAACCACT,12824
GCCAACAATATGGATA,12824
ACTAAAAATTAGTCTA,12823
TAGGATAAGGACGGAA,12823
TAGGTCCAAGGGTGGC,12822
GCCGAGAACGTGATCG,12818
TTACCGGATTAACCAC,12818
ACCTGCGACGCATGAT,12813
CAACCGGTATGGAGTT,12812
CAATTGAGTGACACGA,12812
AAATGACTAAAAAATT,12808
GCGCCCAAAGGATTGA,12807
CTTACGCTTAATGGGG,12805
ACATAAAGATGGAATA,12802
TGTATGAATCATTAGG,12800
ACGTGATTCTAATTTA,12796
CATCCGGTAAACCATA,12792
GAAACTCATTTGTAAA,12792
AGTGATTCATTATGAC,12790
GAATACCCTTAATACA,12788
ACACCAGACGGGAGAA,12785
TGTCACAATTCCTTGA,12785
ATATGATGACCTAAAT,12776
ATTAAAATTGAACCAA,12775
CGACTGTCATAGAGGA,12775
GGTGATGAATAGTGCA,12775
AGGGAGAACGAAAACA,12772
AGGTTCCACATGTAGA,12771
TCAAAAGGAGACCACT,12770
TTTGCAAGCCCATAAA,12769
TGAATTTTACTTGGGT,12764
CGCGAGGACCCACTTA,12757
ATGGCTAATCAGTAAA,12754
ACAAAAAACCAGCAGG,12743
TAAAGCATCAAAACAA,12743
CAAAACCACTAAGTCA,12741
CCCTATCACATAAGAA,12741
ATGCCAGACCTAATAA,12740
ATCGCCCGTCGCCATA,12738
TAAAGACTTAATGGCA,12734
AGAAACTTTATATGAA,12731
GAGCATACAGTTACTA,12724
ATCACTTACATATCAA,12723
AAGAAGGTTTAGGAAA,12721
ACATGTCAAGGACTGG,12719
GACTCGTAGAAAAAAA,12718
CGCTCAAAGCGCCCAT,12709
GATACGGAGGTCTAAT,12708
GCAAGAGAGGACATTA,12705
GAATAACTATCCCTCT,12700
ATTCCTCTTTATGATA,12693
TTGTACGATGTACAAA,12688
TAGCTCAACGTATGAA,12687
TATTCCCGCCTTCATG,12684
ATAGGTAGACGCTTAC,12682
CTCTCTCATAAAGTTA,12679
AAACGAGAACAATTTA,12676
ATGGGCAGGAGAAAGG,12676
AGGAAAAATCCGTGAC,12675
TGCATGTAATTTCTAT,12672
AATGCTACCTAAGGTG,12661
CGTAAGAAAGAATTTT,12660
TTAAGCACTGTGTTAC,12658
TTTGCCATTACTTAGC,12658
AGTGTGTGCGGTTGTT,12654
TCAAATTTTATTAAAC,12653
CAGGAATCAACACACT,12652
CTCCTAGACGGGCGGA,12650
TAACACTATCCCTTAT,12649
GTGAATACGGACATCA,12645
ACAACGTGATGTACTA,12643
TGAATGGCTACATAAA,12632
CGCTATACCATACCCA,12626
AATAATTACTCCACCT,12622
ATCAGGGGTAATTGAG,12620
CACGTGTATATGCACT,12618
TACAGGAGAAGTTAAT,12618
GTATCTTTATTCAACG,12616
CAAGAATCGTCAGCAA,12614
CAAAATCAGAGTCGTA,12610
CGTAAGCAGTCATGGT,12609
ATGGCTCAGATGCAAT,12608
GCCAAAATACCACAGA,12606
TCTGCGCTATTAATCC,12603
AGGAATAGCAGTTGGA,12599
AAAACTAGGAGAATGC,12595
GAACAAGTGTAGTTAG,12595
TTGATAAACTAATGGG,12593
GCAACCAAGTGGATGA,12586
CAGTCCAATCGGCAGT,12584
ATCCGGCGTACTCCGA,12570
GAAGTTACTTGTTCTA,12569
CTCTACGGGATCATAA,12568
AAAAGGATGCCTTCGT,12564
TGAGAAAAATTGAGAA,12563
CAGGCTTTTTCTGATT,12559
TATGAGATAATTTGTG,12558
TAGCATCGCGCTGAGT,12553
TTACAGACTAATAACA,12551
ACAAACCGCCTATATC,12545
TGAACAGCATCTCCTA,12540
CAGGCCAAAGTCATTT,12539
ACAACAACAACACTCA,12538
CTCTTACTTCAGGTAC,12537
GAGACTGATATGTAAG,12537
CAAATATTCGTACATT,12536
GATAATCCAGAGTTCA,12532
CCCGAAGCCAGACTAC,12528
ACCAATTCGCGAGTAA,12527
CGCTTTCACCTAGTCA,12526
AAAAACTCGGTCAAAT,12523
ACACAAAACTAAGTAA,12521
CTCGGCGCCAACTTAT,12518
CATAATTTTCGAGAAA,12516
AAAACCAGCCCCAGTA,12507
ATCAACAGGGAAGCAA,12505
ACAGTTTTAAGGCTTA,12504
ACACGAAATTAAATAG,12498
GCACTCTAAATTAAAC,12497
AAGTCCAGACAGACGA,12495
ATGGAATGCGGCTAGC,12495
CACACTTACCCTAAAA,12494
CACTCTGGGGAAACAA,12490
ATCGATGTACGAGCAG,12488
TGTAAACGTTTGAAAG,12486
GACGTATTTCAGGCAT,12485
TTGACGATCAGCGGAC,12485
GGAAGATAAAAAGATT,12483
TGGATGTAATCATCAG,12476
TCCATAAGCCACATTG,12475
CCCTTGCTCTTTTTAC,12474
CGAACCATTTCGTTAA,12472
CAGATGAATCCGATAA,12470
TTTAAATATAAACATA,12464
AGGATACGGGAGAAAC,12463
ATGGACGAGCCTTTTT,12463
TACCCAACAACGAGTA,12458
TGCTCAACCCCCTTAA,12457
CAAGTGGAGTCTAGAA,12456
GATAAGTTAATCCAAG,12456
CTAAAAGCGAGCTAAA,12451
ATTATTATTCCCTCAA,12448
TTTTGCACACGTATAC,12448
GTTTCTCTAGCCCTTA,12442
GCCTATCATACAAGGA,12441
ACATCAGGTTGTATAT,12435
TCAAGCCTTGAGCAGA,12435
CTAAAAAACGGGCCAA,12432
ATACGAATTTTAGATC,12430
CAGATAATCACTTCCT,12428
AAATAACATATTGATA,12423
CGAACATATATTCCAA,12422
GCGAACGTTGAGTTTT,12417
TATAGTGAATACAGCC,12414
GTGAAAGATTAATCAG,12413
TTTAGTCCAAGACAGG,12411
CGCATCCCAAGCGATA,12409
TCTGCAACGATACTGG,12409
TGCCGAATAAGTACTA,12409
TATGATGACTACGATT,12407
CTGGTACAACTTGTGT,12406
GCCAAAAAGCCTATGA,12399
ACTGACCCATATTTTA,12396
CACAAACCCTGAATGT,12395
GATAGAATCCGCCAAC,12393
GTGCCTGTTGACAGAG,12393
AGTGTCTTTACGATTT,12392
TTCTGTCAACAGTTCA,12390
TACCCATCCATACGGT,12385
GTAGTAATTCTGTGGA,12384
GGAGTGCTCAGATAAC,12380
CAGATGGAGTGAGCAC,12368
CAGGATTCTTGCGATA,12368
TCTTATCGGAAACTAT,12365
TTGATTAGCGCACCTA,12361
TCAACAGATATAGTGA,12357
AGTCTGTAGAGGCCGG,12356
CATGTTGACTTCTGGT,12355
TTAATCTCCTGTTACT,12349
CTCAAAAACCTAGATT,12340
CACGTTGGAATCCTCT,12335
TAGTAAAAGTTATAAC,12335
AATATATCAGTCACGA,12334
ATCCTTACAATAAATA,12333
GCTCGGGGATATGTAG,12326
TAATCATGGCGCACTT,12325
CCCAAAATCCTCCAAC,12323
TCTCGGAAATGACCAA,12322
AAGAATCTATCCCGGA,12320
TCCAAAGGATTTAAAT,12320
ACAGGGCTAGCGTTTG,12319
AGTTTAAGGTCTGCGA,12319
CCAGTGAACCCATTCA,12316
TACTGGCCGGAGTTAA,12309
CACAATGAAACGAGGT,12308
CATTATATCGGTTGAA,12308
TAAAAAAATAAGAAGA,12308
CATGACACGACAGACT,12307
AGGGTCGGGTTAATCG,12303
GTGCTAAGCAGTCTCC,12297
TTTTAGGTTACTTGAG,12297
GTAAAATGCAGAACAG,12296
TTAGAATATAACAAAT,12296
TATCTTGTGGGGTAAA,12293
TGTAAACACAAGCCCA,12293
TCTGTGGAGAAACTGT,12287
CTATGTTAACGATTAA,12286
TAGCAGGATGTGGATA,12282
CGTCATTGTGGTTTGG,12279
GACATTACACCTAGGA,12279
CAAAGAAATAGTAGTA,12278
CACAACGAGCCGGGGG,12277
AAAGTTCAACATACTA,12271
CTAAAACGTAGCTGTT,12271
TCTATTTAGCCATCCA,12265
TGGAACGAGTCATAAA,12264
GGTCATCGTCTATATG,12256
AACGACCAAACCCCAA,12250
CGGGCCCCACACGACA,12245
CAATTAAATACCCCTA,12244
ACTAGTACAACATGCT,12239
GGTCTAGGGGGGACAT,12234
AATGCATGGACAGAGA,12232
TAAAAGCCATTCATGA,12229
AAACATAAGATTCAGG,12228
ACAAAAACCTAGATGT,12228
CATAGCCACAATAACT,12224
CGTTGCGCTATTTTAT,12220
TGATTAAAGCGTGATT,12220
GCCAAGGTCAATAACG,12218
AATTAAATCGAAGAGG,12216
GTTCTGGGATGCCAGA,12216
AAAATCACCGCCAGTA,12213
ATTATAATGATTCCTG,12213
TTATTAAATGTTCAGG,12207
CCACACTATTCTTCCA,12206
TTATCCTAGAGCAGGA,12200
ACCTGCACTAGCATCA,12199
CAATTGAAACAAGCAC,12198
TTCAATTGAAGTCCAA,12196
CGAGCGCAGAAGAAGA,12192
ATCAAGATTACATCAT,12189
TGAAACAAAGGCTTTT,12188
TTTTAGTAAGCGCAGA,12184
TGCTGAACCGTAACAG,12179
TAAAATAAGTCAAAGT,12175
GCAGTAGGACGAACTA,12174
CAGAAATGCACGCATA,12173
AAAATATTTGTTGGGG,12172
GCAACTAAATACGAGG,12169
GAACAACTCCGCAGAA,12164
CTATGCTGGTCGATGT,12159
GACTTTAAGCAGAAAA,12159
TACGAAGTTTTCCAAA,12159
AACGATAATTCATAAA,12156
ATTAGTTGAACAAATG,12156
GGCGAATGAGAGAGAA,12153
AGTAACAAAACAATGA,12151
GATAAGACGCGAAATA,12150
GAAAAAACACTTTTAT,12148
AAATCCGATTCTGGAA,12146
GAAGCCCCTGTAGAAC,12146
AATATCAAGCCTTCAA,12145
TTGAGCTTAGTAATGG,12145
GGTAAAACTTAAAAAG,12141
AGTAAATAACACGTAT,12131
GCATTTGCTTATTTAT,12124
TACGCGTATTTCTAGA,12122
CTTGTTACGAAGACAG,12121
AACTATATCTACATAG,12118
CGAACAAATCACATAA,12117
CTCAGCGCTAAAACCG,12116
GCATCTAATAGGTTGA,12112
CGGTTCTTACAAGTAT,12110
GTCCCCGAAGTCTAAG,12110
AAAAACTATGATCAAA,12107
GTAAACATGCAGAGCA,12106
GGTTGTCTTCAAGTGA,12105
TACTGTCGACCTCACT,12105
ATTACTCGATAAGAAA,12103
TCTGTAAATCTAGTAT,12101
GTGACGCATTCTTAGT,12096
ACAAAAAGCCAAATAC,12089
CGGTCTACAACGTAAG,12089
CAAATAACTACAACAA,12087
GGCTGACAACTAGTCA,12087
CCGGAGTGGGCAGAGG,12086
CTTATTCGTAACTCCA,12086
AGACTCCTCGAACGAT,12083
AACAAATGCTAAAATG,12078
GGCCGTATCCCAGTTA,12075
ATAGTAAACAAACAGT,12070
GAATCCATATAGCTAT,12070
AAAATGCGAAACATAA,12064
CTGAACCGCTAGACGA,12060
GCATTGAACCTTTAGG,12060
AAACGCAGTATCGGGA,12055
GAATAATTAAGGAGTC,12052
TGGAGTGTTACGTATC,12052
AAATTAAACATTTTGG,12051
AGAGATATTACCTGTC,12049
TAGAGTATCCACGTGG,12049
CGTCAATTAGCACCAT,12048
TGTATGTGGCATGAAG,12033
TACGAAAATAAGTCCA,12030
GAACCATTTCCGCCTA,12028
ATAAATGAAGAGCAAG,12027
AGGACAGAACGGGTGC,12026
CCACAACTAGTTAAAT,12022
AACTCCCCTCTCTAGG,12020
AATAAATCATTGGATA,12016
CGTTTAATGAACTCAC,12015
GAAGTTAACCTGATGC,12015
TCCGAGGGCAAACATA,12014
CACGTAGATTGGCACC,12011
TTTGTTAGTTTTATAC,12010
TGTGCAAGTAAACACA,12009
AATGACATCATCCATA,11999
CTATGTCTTAAGGACA,11999
GACTTAGCATACAAAC,11996
ATCGTATCAAAATGTA,11995
TCAATGTCGTCACTAG,11992
ACAGCCTGACAGCTTA,11986
CAATAAACGCGCGCTA,11984
TTGTGCGAGAGATATA,11984
CATACGAACGCACTGA,11983
GCTGGAGGCCTAATAG,11982
GGCAGTATGAATTATC,11980
CGCGAGGCATAATTTA,11979
TACCAAGATACAAAAT,11979
AAGAAGATTGACAAGA,11977
ATTGGGATAATGTATA,11973
AAAAGCATTGCATAGC,11971
AAAACGCAGCCGCTCG,11968
AAATCTCAGTACGGCC,11967
TTAGTACGGTAGATGT,11963
GAACAATTCCAACTAA,11958
ACCGATAAAGCGATCC,11953
CTAAAATATGGCCCCT,11946
GGGTCGTTGATTAGTC,11943
CATTAGAAGAACTTTA,11942
ATACAATTCATCTCCT,11933
TGGCTAAGTGATTGAG,11930
CGGTTTTCTACCGTCT,11927
AACTCTCATAATAGCC,11922
GCAGGAAATAGGGAAT,11920
GAATTGAAACATTATT,11915
CAGAGATGCAAATTAC,11914
TCGCTTGCTGGATTGC,11912
ATTACGATATCCTCCA,11911
CGACAGAATAATTGAT,11910
ATATCGGCATATTGCT,11908
GAGTGAACATCACGAG,11908
AAACGAAGTGGATACC,11906
TGAGGCCCCAAGTCAG,11904
CATAGTGATAGCATTA,11900
ATCGGGAAAAGCTGTA,11894
AATTGCATTAAGGAAT,11893
TCTGTAACGAAAGGAT,11893
AATACATTGCTATATA,11891
AAGCAATAGGCAGTAT,11889
TGTAACTCAAGAACCG,11884
CCATAAAACACGCCGG,11883
AAAAATTCAGATAAAA,11881
AAACTGTGCAAACCAC,11872
TGTAGCACGTTGACCC,11869
TATACAGAATATGATG,11867
AACATGAAGCACTGAA,11860
AGTACGAAAGAGCAAG,11859
CACATCGCGAATGACT,11859
TACGCAAACATAGAGG,11857
TTTCCACAATACTCTA,11853
GTCAGACTCTCCGCAA,11847
TCGATCAGAGCCCAAG,11836
TTAGCCCGAAAATAGT,11829
ACAGCAAGCAGACCTG,11826
ATCACCAATAAATAAA,11823
AAGTTTCTTGTACCAA,11822
ATACTAACGTCTTATA,11822
CTACTCTTAGGAAAGA,11816
TCGAAGCGTTTGAATA,11816
ATCAAGTCATGATCCA,11813
CATGCATGTTGGATAA,11813
TTAGTGGTAGACTAAT,11813
TTCTTGTAGAGCATAC,11806
GGCGCACTCTTTGGTA,11802
ACAAAAACAAATGTTG,11801
CTGGGTCGACATCATT,11794
CTCAAAGTTGAGAGGT,11793
TCTTAGCACTTAAGCC,11788
TGGATGGCGAACCCCA,11787
GAAAGTTAACACTGCT,11781
GAAGCGAGAAAAATAA,11779
AAACGCCTTATAACGG,11773
ATCCTATAGATTCATA,11773
GAACATGTTATGGCAG,11772
GTCACTGGTAAATAAA,11771
ACGCTATCACGGTATA,11763
CTTAACTGACCACTGA,11759
GAGAGTCAGCAATGAT,11750
ATACTACAAGCTAAAG,11749
AAATGATGGACAAACA,11746
TGTCCACCCATTAGAG,11744
CCTATCGTGTTTAAAG,11743
GATTTTGCGTGTATTA,11743
TCAACAGGTATAAAAT,11742
GATGAATCCAACTTAA,11739
AGGATAACAAAAGCAA,11732
CCCTGCTAACTACAAG,11730
ACGACTTAATTCTTTA,11724
ATCCCTTACTAATGAG,11719
ATCTACAGACTCAGTC,11714
CTGAAGTGGCAGGGAA,11713
ACCCAGTACTAGGGTG,11711
TACAAGTCAGTCTACA,11710
TCCGATTAGTCTGTGA,11706
AGTTTGTTAGCACAAC,11704
TGTCTGGAATTATAAG,11701
TAATGCGGGGCCCGAT,11698
ATAAAAACAGTCGTGA,11697
GTGGCTTTCTTTCCGA,11695
AAAAACACCCTCTATG,11693
AACGAACTCCATGTGT,11686
TGAGCAAAGAACGGAA,11683
TCCGAGAATCAGTATA,11679
GATTCTTATTGTAATA,11678
ACAACATACACTGTAA,11674
TTTTATATCAATGATA,11672
GCACGGACCCTAACTG,11668
TCAATAAGCGAATCAA,11668
AATTGGAGATGTAAGT,11667
ACTCGGATTCAGACAA,11666
GAGATTCGCAAGGGGG,11666
AAGCACCATCCGCTTA,11665
AGCTTTAAATCCTATA,11665
GTGTTCTAATCATTGG,11664
AGTCGGCCAATCTATC,11663
AAACAGAAACAACCTT,11655
TTTTAACAAGATCCGA,11648
ATCCTCAGTGTATAAG,11641
TAAGAAATATAAAGTA,11640
CAGCTGCCCGATGCAG,11638
GACTACATACAAGAAA,11635
AAGAAACCCGAATAGA,11627
CCCGAGCTGCGTCTTT,11625
CGCAGAACTGATGCCA,11622
GGGCGAAAAGGGATGT,11620
AGTAGACAGAAAGCAA,11619
ATACTTGTGATGAAAT,11618
CGTAATTCCGGGTCCT,11617
TGTCATAATCCATAAA,11616
ACAGCTTTGCATAGTG,11614
CAGCAAGCCCGATGAC,11614
TCTATCGCAGTAAGTT,11614
ATACGGCATGAAATAT,11613
CACCAAGTCCAAACAA,11613
CTTTAAGCCAATATAA,11610
ACCGTGAAAAGCAGCC,11608
AGCCGAGCGGGGAATG,11607
CACAACACAATTGAAC,11605
GCACGTATGAGCTAAG,11601
TGTAAAAGCAGCTCGA,11601
GCAAGATACTTTGTAA,11598
GTGGTTGCCACCATTA,11598
TTATGGTTCGCTAAAA,11598
GAGGGAATTTTACCAT,11596
TACTACTGAACCCACT,11592
AAATGCCAAACCCATA,11589
GCACAGGTACTAAGTA,11588
TTCCCGGTTGCGGTAC,11586
AGACTAGAGAGGAAAT,11584
CATACGGTTCACAGTA,11583
CAATGAAAAGGTCATT,11579
GTAAGAAAGCTTAGAA,11579
ACAGCATATTGTCGAA,11576
GTTATACGGATCATTT,11575
AATGTAAGATCCAAGA,11573
ATAGAGCGATAAGAAC,11573
GGGCTGTTATAGGATA,11573
TGTGCCGCTCTTGAAA,11571
GACTTGTTCAGACGAT,11563
GTCCCTAAAATACTTA,11557
GCAACTAGACTCCGAA,11556
CCGCAGGAAGAAAACT,11551
AGCGACGGCAAATTCT,11548
CAGTCTTATGGGGGAT,11547
TCAAGTTCTTTGATTA,11547
ATCGAACTATAGTAGG,11545
GCTCACCATCAGAGTA,11545
CTCCTTGGTGTTGAAT,11544
TTGATATTTTAATTCG,11542
GAGTATGTTAGACAAC,11540
GGTCGAAATGTCTATA,11540
CAATTTCCAACAAGAA,11535
CAATACTCTGAACTCA,11530
CATAATATACATGCGA,11530
GTAGTCTCAAACTGAT,11529
TGTACATTATGCGGGA,11528
AGTTTAGAGAAACAGT,11525
AAGGCACATTCGCAAC,11524
AGAATAACCCCCCATA,11522
AGACGAATTGACTTGA,11518
GCAACTCACTTTCAAA,11518
TTTCCAAGGATAATAG,11517
GAAGGCGAGTATAATA,11516
AGTATGTAAGGTTTCA,11513
GATATGACTTTTGAGC,11507
TGCGGAGCCATTGTCA,11504
ACTTGCACATTCTGGA,11502
CATGAACAAGCCGTAA,11502
TCGTGACCTGCTCCAA,11502
TTTACTACTCAAATAT,11501
GAACATGAAACGGGAA,11498
TGGACATCTAGCCTAT,11497
GAGCATTACGTTACTA,11496
CACAGTCCGCGAAAAA,11495
TAAAAACTAAAAATGG,11495
GAGGTCAATAACTAAA,11490
GTCTACGGGGGGTCGA,11489
TCGTTCATCTTAAGTA,11488
AGCTCTAGCGTATATT,11484
CCTTGATCGCCTTCGA,11484
CATCATGGACAATCAG,11483
TTCGAAGAATGTCAGA,11483
ATGATTAAGACTACCA,11482
TCTAGTAACGAGATTA,11479
ATTGGACAAGTCCTAC,11471
GATGACGAACACGATT,11471
AATTAAGGAACATAAT,11470
TGGAAAGTGGTAACAA,11468
CGTTGAAATCTGCGTA,11467
TGTTCGTCAAGTCGGG,11467
TAAAAGATGGGACAAA,11464
AAATTTGAATATGTGG,11461
CAAGCTTTGAACATTA,11461
ATAAAGACCAGCTTTA,11460
CTTCCATATAGACATA,11459
ATGGAGGAGTATAAGG,11457
ATACCCATATAATGTA,11456
ATCACATGCACGAGTT,11455
CTCGCCCATCAATTAA,11454
GCCAGGATGCGTGAAA,11445
CAGGAGAGCGAAACAG,11439
CTAGTACCCACTCATA,11437
TAATCAAAATATACCA,11437
TAATGTGAAATGCTGG,11432
GATCTAGGAATGTGAT,11431
GTACAGAAAGAATAGA,11428
TAAAGACCTGTAGTGA,11426
TATTACGACCGGACGG,11425
CGTGAACTTACGAATA,11423
AACTTGGGTATTCGAT,11410
AAAACGTGAGAAACGG,11409
TATTATCTAGCCGAGT,11408
ACTAAGAGCTATCTAA,11407
TACGTCGACTTAAATA,11404
CATCCACTGTAGCTGT,11403
CGAAGTGGCTCTCTAT,11396
AATGTCATAAAGACGA,11390
GCGCCTGCGCACGAAG,11388
ATCGAACGCTTCCTGT,11386
GTGCAAAATATATTTA,11384
CACGCAGCCAGCTTAT,11379
ATCTTCACTTAGCCCC,11376
CCATTGTCCCACCGGA,11376
GAAGAAGGTATACTAG,11376
GATCTTGGAAAAGACA,11363
TGATCTGGGGAAGAGA,11358
CTATAGACGATCAAAA,11350
CACACAGTTCAGGTGG,11341
TTAACTAGAAGTACAA,11339
CAGCCCATCTTGTGGG,11338
AAACTATGCTACATAG,11336
CCTTGGAAGGGCAAAA,11336
GACTTGATGAGAATGA,11332
TATGGATATCCCTACA,11328
ACGGACACCTTATGTC,11323
CCGCTGAACAAAATAT,11321
TCAAAAAAATTCGTAT,11316
TGCAGCGCCACGCAAC,11315
TGCCACGACTACACAT,11314
CTAAATAGTCATGAGA,11313
CTAGAGCGATACCCGT,11313
AGAGATGACTGGTAAT,11310
TAACCCTGCGGATATG,11308
AGAGAAAAAAAGACGT,11305
GTAATACTGCTACGGT,11303
GGAAAAAAGCAATAAA,11302
ATAAAGTTCCCTTGGA,11300
ATATCTCTAGTATGAA,11300
AAATCTGACATAAGAC,11285
AGACATAGTTACCGAA,11282
AGACGTGTGAGCAAAT,11282
TTCGCTATACAGGGAA,11279
TACCCAACAGCTATCA,11277
TAAACAGAAAAAAACC,11276
CACACAGAGAAAGGTA,11275
CTAATTTAATCATCCA,11275
TGCAATTTGTCCCCAT,11257
GGTGAAAATCAGTTAC,11255
CTTGATATAAAAGAGG,11251
GGAATCCGTACCGGGG,11249
ATAGCCAGTCGTCATT,11247
CTGACAAGGGTGTGGG,11246
ACGGTGGAGATAATTA,11244
GGGTGGCAGCGATTTA,11244
CATGCACGAAACAACA,11241
GACATAGTTGAGATAT,11239
CGTGTTACTTCCCTCA,11232
AGACACTGGATACTAA,11230
TAAGGGAAGTCACACT,11229
AGATATGCGATTTTAA,11228
TGCTGTTCACTTCGAT,11228
ACACGATTTGGACCGA,11227
GAGTATTATAGTTGAC,11227
AAAGATTAGCAAGGCA,11226
GCATAATGACCGAACA,11223
GTCTCGCAATCGCTAA,11222
GATCGTAGCCAAAGTG,11220
GCCTGAACGCTAGCAG,11220
TAGGTCTAGCATCTAC,11220
ATCCCAAAAACGTAAT,11213
CTAGACGGAAGAACGA,11205
ATACTTGGCCAGCCGA,11203
CTTGCACGTATCGGGT,11202
GTCCCTTCGATTACAA,11200
TGTTTACCTGTAATAC,11199
CTGTTACTTGGATCAC,11198
CGCCAGGCGCACGTTA,11195
GTCGGTTTCGCGGCTA,11195
CAAACCCGTGCAGGAT,11190
TTTGTCACCTACTAAA,11190
CTTGGGGGCGAGCCAG,11189
CAAAAAATATGATAAA,11187
CTACCAATAAGGGTTC,11186
CTCGTTAGAAGATAAT,11186
CAGTTCAACTGAAGTT,11179
TAGGATTGTACCCTAG,11173
CCTAACACACAGTCAT,11161
TGTCAAAAAGTTAAAG,11161
CGCCCGGTTCAAACAG,11160
TGATTTCGAACCGGAA,11160
TGATGAAGGCTAGATA,11159
ACGGCCCCTTAATATA,11155
ATACATAGATATCATA,11154
GAGAGTCTTAGACGGA,11151
GAGTAAAGCCCTTGCA,11149
AACCACGAGTTATCAC,11146
TACATTGCCCTATATG,11141
TAATATCGCTTGCGTA,11138
AGCCTAGAGCAAACTA,11134
CGCACAAGGCACCGAC,11134
CTCCAGAGGCTATACC,11133
TCAAGCGCTATGTAGA,11130
AGGGAAGGCCTTTTAA,11125
AGCTATCGCAGGTGTT,11124
CGAATATAGTTACATA,11123
GACGTGCTCCAATGTG,11122
TGCTACTAGACAGAAA,11122
AAACATCAAAACCATA,11121
GGGGGAGAATATCCTA,11120
GCAAATCCGTAAAGGA,11118
GAAAGGGGATGGATAT,11116
GGAACGTGAAAGTGAT,11114
ACAACCTGGCGGCCCG,11112
GGACCGCAGTTTATAA,11109
TCATTGGATTTTAAGG,11106
CTGGACTACATGGCAA,11105
AAATTAGAATACATAT,11104
TGAATCAAATGAATCA,11101
CGGTAAAAACCTGCTG,11097
TTTAATCGTCTGGAAG,11089
GGAACTCAGAACAACT,11084
GAACATATTCTCTAAA,11081
TAGTTACTTGTTCGGA,11080
TGCTCAAGTACTACTA,11080
AAGGGCACGGAATTTG,11075
TATAGTGAGAAATATA,11074
AAACAAACAAAACAAA,11073
GCTAGGTGCCTTGCAT,11072
GTGTTTAGTTAAACTG,11070
GAGCGCACAACCCATT,11064
TACCACGATTGATACT,11062
TCTTGGAAGGAATTTC,11059
TTAGCATTAATAACGA,11058
ACGAGCCCTCAATGAC,11053
AAGTTTCATCTTTAAT,11052
TTGCGATACTACATAC,11052
TCATTAACAGGATGAA,11043
TCCGGTAACGTTGTCT,11041
GATTACCCGAACTAAG,11040
CCCATTTCTGCCGTAG,11039
CCTACTTCGAACATAA,11036
AAAATCATAGCTATTC,11028
ACTAAGGTGGTCTCAA,11024
GAGAAGCATACCACGA,11020
GAATCTTCAAACTCGA,11019
AAATCGTTTGCCTTTG,11018
GAGTTCACCCTTAGAA,11017
GGTAGCAACTACCCAG,11015
TTCTCGCTCACCGGAT,11015
TTCGGCTAGCAACTTA,11013
CTTACGTATCGAGCTA,11010
CATATTTAAAATCAAC,11007
TTAACCCGATACTGGT,11003
GATGAATAACTAAACA,11001
TAAAATGCTATGCTAT,10998
CTTAGCTTGCTAATGA,10997
TAATAAAAGATTAAGT,10995
TAGGGAAGGGCAGAGT,10995
CGATACTACACGTGAT,10993
TGGAACAGATTACATA,10992
GAACTTTAGATGTGAC,10990
GCTGCACTTAGTTCAC,10990
ATTGTGCGGCGACAAA,10989
GGACCAATCAAACAAA,10985
GATACGAGCTGTCTAA,10984
ACATATGACGTCCGTA,10982
CAAGAGCAAGAAAATA,10980
GCCATAACTTTATGAG,10980
TGACGAGCGCTGTGAC,10980
TCAAATGTCCACTCAT,10975
TATTAGGGATAAATAT,10974
ACTTGCCGCAACATGA,10973
GTAGCGGTTTGTGCCA,10964
TTCAATATCGACCTAA,10961
CTTTAAGCAAAGGTTA,10959
AAGTATAGGAAAGACC,10955
CAAAAAACATAGGTTG,10955
AAAACGATATCATGAT,10950
GCTTAGCTGTGCTCAA,10944
TTAGTTCTCGCGTAGA,10942
GTGAGAAACGGGACAA,10941
TACACAAGTCTGCGTA,10937
AAGAAACAAGAGGATA,10934
CGTCGAACAAACGCGA,10933
TTCAAGGGCTCCGCTA,10931
CGGGACCCTCAACCCG,10927
GCTACTAACAAACAAA,10926
CTATTAAAACGCGATA,10925
TGTGGACAAAGAAGTA,10923
AATGCCAGACTATCAC,10919
ATTGGCCTACATGGGG,10918
TTACAAATCTTGTGTT,10917
AGCAATACGTCGAAAA,10914
CCAGTGACTCCAATTT,10911
ATATTGGTGAAGCCTG,10910
GTTGACAATTTAAACG,10906
CCTTATTACGAGCAGG,10903
CGACCCCTTCCCATTA,10902
GCTTTATCCGACCAGA,10897
AGTCCGATGGATTGAG,10894
CGTTTTAGAACGAGAA,10894
AAGGAGACTTGTCTTT,10893
AATATATAGTTTTTAA,10893
TGGAAAAGTCTATAAC,10891
CTACGACAATATGCAC,10889
GCCACAAGATGTTTAC,10889
GGTATAGTCAAACCTT,10889
CGAACTTACGGTATAT,10888
GCCCGTTCGACTGAGA,10883
CGAAATACTGCAATTA,10882
AATGCAGTTGATGTAT,10876
GATGAGCATGAAAAAT,10873
AATATTTAACTACTTT,10872
CACGTTATTCGCTTCA,10869
CGCGGCCAGATCGCTA,10866
ACCTATAAGGCTGATA,10863
TGAGCCGACAGCGAAT,10859
TCTCCCTCCATCCTAA,10858
ATAAGGATTCAAGTAA,10854
CAAAGTGTGGGATCAG,10852
GCAGGGGTTGCTGTTA,10852
AGAATAGAGAATCTTT,10851
CCATCTTGGAGTCTGA,10851
ATTTTGAGCAGTCCAT,10850
AGCAACATTAGTCTCA,10849
TCGGTGCCGTAACAAT,10848
TCAAGCCAAACCCAAA,10847
TGACATAACCGATAGC,10847
CGGCGTGACCACAAGA,10846
ACAATAGCACCACTAT,10845
CTCAGTAAGCATTCAG,10842
CAAGTGTCAATCAGAA,10839
GAGATACCTCTGACGG,10834
AGAACTTTGAACATAA,10833
ATAAGTCCTCACCCAC,10831
TAAGTCAGGATATACT,10831
TAATAGCCTCAGGCCA,10830
ACAGCAAGTTCTCCTC,10829
CACGTTGCTAGGTACC,10829
CTCCATTCCAATTGAA,10828
GTGAGCGAGTACTCAA,10828
TAAAGCTAGTAAAAAA,10826
AAAGGCACGTTGAGGT,10825
TCAATCTGACGTCTAA,10824
AAGTATGCAACAGAGA,10821
CTAATTGAATAAACAG,10819
TAACACAGACTGAGAT,10819
TACTTCGTTTAAAAAA,10817
CCTTCAATGCAATCTC,10815
AAGCTGAATCATGAGA,10814
TCTTCACCGTCTTGGC,10810
ATATTGTTGAGGTGAT,10807
AGATCAGTTTGAAAAA,10806
ACTAGAAGCAAGCTAC,10805
ACTTGATCAAGTATAC,10801
GGAACAGGCAAGCCTG,10799
TAAAATAGACGATAAG,10799
AATACAAGGCATCGTA,10786
AATAAAGAACAATGGA,10785
GGTGAAGGACTGTATT,10785
CTCGTGTTCAAGATAC,10782
TGGCCTGCCCCAACAA,10782
GGCAATAGTTCATGAC,10780
GAGTAAGCTATAAATA,10777
CAATAATACTTAAAGA,10769
TAAAGGCTATTCCTCA,10764
CGATTTTGTTTTGGTA,10757
GCCACTTCCTTCAAGA,10756
GCTTAGACAATTTAAG,10756
TATCGTTACCGGGTAC,10750
ACTTTATATGATTCAA,10748
AGCCCTGAATTAAGAA,10748
TAGGGCAAACCATTAG,10748
TGACTAGCATTCATTA,10746
CATTCAAACAAAGTAA,10743
TTATACAACTCGGCAA,10742
CTATGCCCAGACGTAA,10739
CATATTAATATGTGGA,10738
TATTATGTACTTGTCG,10737
TCTGAGTCGTACTCGT,10736
AGTGAAGTAACGTATA,10729
TAATAAAGAACTACAT,10728
ACACGCGATTTCGCAC,10727
AGCATTACCATGCTGG,10726
TGATTTAAAACTTTGT,10723
GTAGTGACTTGAAGAT,10721
CTCTTAAAATGATAAA,10718
TATAAGATATAAATAG,10717
AAGTATTAATTGGCAA,10716
ACAGTTCTGTTATAAT,10715
GGCCGTGCACGGAAGT,10714
AGATTCCGTTACTTAG,10710
AAATATAAGCATGGTG,10709
GGCAGCACCACGTAGG,10707
GCAGAGAACACCATGC,10706
CGCGCATCCCGAGAAC,10705
ACTTATCTTACTAACA,10704
TTAGCATATTAAAAGA,10704
CAGAAAAAAACTCAAA,10703
ACAAATCTAGGGGTTC,10702
ATAGGCTATGTTGAAT,10699
AGGCCGCAAATGGTGA,10691
GACCATATTGATCGAA,10690
ATAGAAATTGTGCTAC,10689
ACTAACTTATCAGAGT,10687
AAAGAATACCTTTAGT,10683
CACACAGCGGCTAAAA,10682
CCGAAATGCTAAAGGG,10679
CTGATTGATAGAATTG,10679
TGTGGGATAACAGTAA,10679
AGCTGGGCAGGGGAGC,10673
ACACTGCACTATGCAG,10669
GCCAACAAGACCTCAA,10666
AGAACGCAGTACTTAG,10663
ACGAACAAACCAAGGT,10662
AATAGTCACAAGAATG,10659
TCTTTATCGGACTTGT,10659
AACGTGTTCGACGCGT,10658
AATTTACCCACTCACT,10655
CCTCATCACGCAACAA,10654
CCAACTATTAGAACAT,10653
CTGTAACTCTTACCTT,10652
AAGACGGCCAAATAAA,10651
GCAGCACTGCAACCAA,10649
CGTGAAGACCCCTGAT,10646
AAAATATGAATTATAA,10645
TGCGCTTCAATTATCA,10644
GTATTATTTACAGTAA,10642
TTGTCAACACAAGCAC,10642
CAGGGCACATCATGAT,10638
CTAACTAACTTACAGA,10638
TTACAGCCAAAGTGTC,10638
CACGACATATTAAAAT,10637
ATAATCCTCCCTAAAA,10633
GGGCGTTAATACTAAA,10632
AGACTTACAGATTCCA,10630
CCGCATGAAATGATAA,10629
TGGTTATGCTCTGTGC,10628
AGAAACCCCTCCGCAT,10627
CGTAAACATTTAACAT,10627
ATGGTTATCACTCTGG,10625
CTGGTGCGGCAGGCTA,10625
CTGAACAAGTGAAACA,10624
CAACAAAGCTATGGAT,10623
AAATCTCACCGGACTG,10622
GCGCCTGACTCCCAAT,10619
AAAAAGATTACACTGA,10618
GCAAAAGACCAATCTA,10618
TACTCGTACCCGTCAC,10616
CCGAACAACTACCAAG,10613
GGGGAATGTCCTGGGA,10610
AAGGGAAAGTACGGAA,10609
ACGATCACGTTCTAAC,10607
GAAACTATATGTTCTA,10607
CCCGTTTCGCCTCTCA,10605
GAAACTGAACCATCAA,10604
GCTGTAAAAATTCCCA,10600
ATCATATTAACTGGAG,10599
GAACGGTGCCTTCCAG,10582
TGCAAACTCTAAAGTA,10582
TTGATCGTCTTGACAA,10581
ATATTTACACATGAAT,10580
CAGATAGTGAACGCGT,10577
CGTACCCATAAGTTTA,10577
AAAACGTGCAAAATTG,10575
CATCCAATTAGACCAA,10575
GACTCGATGAGGCCAT,10575
CCAGTGACAGGACGAA,10573
CGGACCGTGGAAATAA,10573
TTACGGACAAAGTGAA,10572
TAATGATTCTATAAAA,10570
AGGACCGTCCACTATT,10569
ATCTGCATACAATAGC,10569
GCACAGAAACTCATAG,10568
TGTCGACGATCGACTG,10568
GTGGAAACACACAAGG,10559
AACGTGTTTAACATCT,10555
ACACAGGCACGATAGG,10545
TCAACTTACCCTTTCA,10542
AATAGCTGGACGAATA,10537
ATCGCCTTTATGACAA,10537
CGAGATGTCACAACGT,10536
CACCCATAATTACACT,10535
TGAGGACACATGAACA,10533
GGGACCTGTCATAATA,10527
TCGACGGCTATACAAA,10527
GGGCACTGACGATAAT,10525
AAAAAACACCTTCACA,10523
CACTAAACAGCCTGAA,10519
AGTTGCACCCCGCAGA,10515
GCTGCACCAGCATGTT,10513
TAAAGACTATCCGATT,10512
AAACCACGGTAACAAT,10510
AAAACAACGCTAATAA,10504
CCACTTGAAGAAATAG,10504
TGCACTTTGTGTGAGA,10504
AACATTCCTTAAGAGA,10501
TGGTGAAGACGATGGA,10501
AACATCTCGGCCTAGA,10500
CTTAGCTATCACCAAA,10500
GCCAGTATACAAGCTA,10497
AACTACCTTACACAAA,10496
TCCTGACATTTGCTGA,10495
ACACGATCGAAGCCAT,10487
CGCCACCAGCCACAAT,10485
GATCCGAAAGCTATGA,10483
CTCACACGTTTATATA,10479
CGGAGCATGAGGGAAT,10477
AATGGCATTAAATATA,10476
AACAGCCATTAACTAT,10474
TCAAAAACTATATTTG,10467
TGTATCAAGCTCAAGG,10463
CCCAGGACGGCCGAGA,10460
ATGGTTTGAAATCTAT,10456
CGTGAAAGCCCCCCAA,10455
TTTCGGCTTCGGACGA,10450
ACCAAAGAACGAGCAC,10449
TCTCCGGCACGGTCAC,10446
GAGCCATTAATACTGA,10445
AAATGCCTATCACCGA,10444
ATATTGGACGTCTAAA,10439
GGCAAAAGAATCAAGA,10439
GAGACTTAATCCAAAA,10438
AGGAGGGATTACTTTA,10437
TTCCTCCAAGAAGATA,10437
AATCTGTGCTTCTTCG,10436
CGGGGTCAAATATGTA,10436
GATAGAACTCCGAGCA,10434
AACCTTCACGTAACCA,10433
TCAAAATGAGAGCAAA,10433
GCCAAAGCTAAATGAT,10432
TGCACCGAACCTTAAT,10431
GAGGCTGTGCAGCGCA,10430
TGAATCGGTAAGAGTA,10430
CACGATACGGCTCCAG,10426
TTACGACACGACGCCT,10426
TCACCCGATACGGAAT,10425
TTATTTAAATAAGGGA,10424
AGGTTGATCGTTCGGA,10423
GGTTCATCACTTAAAT,10423
AAACAGACTATGGTAC,10420
GCATTAATTCTTACTT,10415
GGTCCCAACTTGACCT,10414
TCTGATACTTTGAGGT,10410
TCCGCAGATATGCATA,10408
AAAAGTATTGAATTGG,10406
CGAGATGTACTCGCAG,10406
GATATGGCGACCGAAT,10403
CGAAACTGGAAGTAAA,10398
CCACTGTAGGAGTAAC,10397
AGACAACCATCTAAAA,10395
TAGCTATAGATATGAT,10394
ACGATTATGTAAGTGA,10389
TGGACCATACAAATAC,10387
CCACAGGCAATCCAAG,10386
GGCGCGATTTCTGTGG,10381
ATCCCCCACAAACATC,10379
GTATTGACCAATTGAT,10379
TGAAAATGAACGGGTG,10378
CAAAGCCCATGTTTAT,10371
CAACTCTTAGTGATAT,10369
CCGGTTGTCAGTAACT,10369
GGGACGGGTGTGCTTG,10368
AATGACGAGAACACAG,10366
GTTGGCTAACCAGAAA,10366
TCACCAGCATTCGAAT,10366
AGATATAGAAAGCTAA,10365
GCCGAAGGGCGGCAGT,10365
CACTGGGTGGCACGCG,10361
TACCAAAACACTTTAA,10361
AAATCACTGGTTCAGG,10359
TATAATTAACCCTGAC,10358
ACGAACATACTCGTCA,10357
AGGTATTAGTGCCTCT,10357
CCTTAACTAACAGGGA,10352
TATGGTTTTTCGGATA,10352
TAAGAGCTGCAGTTCT,10351
GCGTCTAGTTCAGCTT,10349
TTTTCTAACCATCATA,10349
ATATTTAAACGAAAGG,10348
GTAAAGATAAATTATA,10348
CACATGAGCCATCCGA,10346
CGCTAAAAAAGTAGTA,10345
TTAAACTGAATAGAGA,10344
GCGTGCACACCATGGT,10342
TACCAGACCCTTACTT,10341
TCGAAATAATAAAAAG,10338
AGAACAATAACCCCAT,10337
CGACCCAGAAGACCCT,10337
GATGCAAAGAAGAAAT,10335
ATAGGAGTTAATCTAA,10327
TCGCCCGCCCATGACA,10326
TCATCTCATGCATCTA,10323
CTCAGGAATCAGATTC,10321
CACGTAATAGGCTCTA,10319
TAAACGGGACCTGCAT,10317
GGATACAATTTAATAA,10315
TAGCTCGCCTAATGAG,10313
GATAATGAAATGATAA,10312
GACCGGCACATACAGA,10311
GCGGTCAACATGAAAT,10310
CCTTTCCCGCACACAG,10308
TGAACCCCAATGAGAT,10304
TGATTTCATTAAGGAT,10302
ACTATCATGTTTGATT,10299
GCGAATGAGTTTACAC,10299
ACGAATAAAACGCCGA,10298
GATAACGGGGCTAAAA,10296
TGCCAGCATGAGGGGA,10295
AATTTGTGCCTGAAGA,10294
GCCATACTTACTGCAT,10294
ACATAGAGTCTAGATT,10292
GATATAAAGACGTGTT,10292
TGTGTCGCAAGAAGGA,10289
ACCGACGGATTTCCTA,10288
CTTAAGGACAACGAAC,10287
TAGTAGAGATCAAATA,10286
TGAGTTCCCTGATAAT,10286
TTTATACTAAAACTCA,10285
ACGTTTCGAGCGTTAT,10284
AATCTCCCTGACAGCA,10282
ACGAAGAACAATAAAA,10282
TTCAATTATCTCAGTG,10280
CCTCACCCAACCTACG,10276
CGCCCGTATACATCAG,10275
CTTTATGCGGCGATTA,10274
AATATGTTTTTACGGA,10270
ATTACAAGTCACACGA,10270
TCTCCTACGCGTCGTA,10266
ATCCATATCCCAAGGA,10265
CTACGACATAGGCATG,10264
GTACCTGCCAGATAAA,10263
GGTGTCAATCTCCAGC,10253
GATAGCCACGGAAGTG,10248
GGTGAGACAACTATCG,10246
GTGTCCTTAGTTAGCA,10238
AGTGATGTACGTTCCA,10233
ATGTCCCAGAGGACAA,10232
AACGCCTCTTTAAGAG,10231
ATCGGGCAAGTAGAAG,10229
GACCGGACACAAAGAG,10225
GGTATCTAAATAACAC,10222
GTCGGTAATTGGCTAC,10221
CAAACAAACATCAATA,10219
CCCTAACAGTTCACGA,10218
ACTTCTACAAAAGGAC,10217
ACTAAATGCAGGAAAC,10215
ACACGCCCCAAGAAAA,10212
CAATCTCCATGCGATG,10212
TAATCCTCGTAGCACT,10212
GCCCGAACAGTAACAC,10206
AACCACAGGTAGAAAA,10198
TAGAAGAAGTATAAGA,10198
TACAACGAACGATGGA,10197
CAATGATTCAAATGAA,10196
GGCAGTACGCGCGAGA,10194
TGCTAGCATTCATTAT,10193
GACAGGACGAGAGTAC,10188
GCAAAATATAGAAGTA,10187
ACCCATAGATGTCTTA,10183
CACGTCTTTATGTGCC,10181
CGTCGGATCAATCTCA,10179
TGCCAAATGAGACACC,10179
TTCAGCGAAATCTTAA,10179
TAGTAGGCTATGTAAA,10178
CTATCTGGTTTCACGG,10176
TCTTAAGAATAAGTGC,10175
TTTTGGGCTATGGGCC,10175
GACCGAAGTAGGGGGA,10167
TAGAAGAAGAATATGA,10163
TGCTCGATACTACATA,10163
TGGCACAATCATCTAA,10163
TGGCTTTAGTATAAAA,10162
TAAAAAAAACTACGTA,10161
TTAATGCGGTTAGAGG,10160
CTAATGAGGTTCGCAT,10156
GGCGAAAAACTCGAAC,10155
GTTAAAAAAAAAAAGT,10152
TTAAGTTCCAGCTAGA,10150
TCAACAGTTCCCCCGA,10142
TGAGTATAGCGGGCCA,10139
GCTATACGAGACATTC,10135
ACTAACCTTGTCCTAC,10133
CAAGGTCAGATGTGAC,10132
CCAATACCTTCACTAA,10132
ACTTGAGCATAGATTC,10130
CAAGACCTAACAACCA,10128
TCCGCAAACACATGCG,10127
CCACAACCCAAGCGAT,10126
AGCGATAATGACATAT,10125
GGGAAACATGCTGATG,10123
GTTAAATTTCCCGCAA,10121
ATACAGGACTCTAGGG,10119
CTAATTCAGTCTAGCT,10119
GAACAAAACGGCCTAG,10108
TAGCTAGAAGCAGGAA,10108
TCAAAGATCAAGTAGA,10108
AGCCCAACATACTTAA,10107
GAGCGGGGGGGTTCGA,10107
TAGACTCGAACGTAGG,10107
ACCAATAGCCAAAGCA,10106
ACCCTAAACATCATAT,10106
GAATACTAGGATGACA,10104
GGATTAGGGTTGATAT,10104
GGCGTGTCACGAAGTC,10103
ACGACGGCCACTAATC,10102
AATCATTTAAACCATA,10099
TTACAGCACGAGACTA,10099
GAGTGAACGGGCCTTC,10098
ACACTTTGAAGCCATT,10097
GCCGCTATTGAGAATA,10096
TCTAACATCAAGAGTT,10093
CCAACGGGAGCAATAA,10091
CTTTAAGTCTAGGACT,10086
ACCCATCCCCGAAGTA,10083
CAGTCGGTGCGAGGAC,10082
CGTAGTAGGTTAGGTA,10082
GTAGGACTGAAGCCCC,10082
TCGCAGGAATCATAAA,10082
CTAAGCGCTGGTCCTG,10078
ACATGCTGATGCAAGA,10077
TGCGTAGCTTGTCATA,10077
CTGCCCAATTGCTAGT,10076
AATAACCACAATGGAG,10072
GGCCGAGTGCATTAGG,10067
CCCCCTAACTACGAAA,10065
TCCACGTGCGACACCA,10065
AAGGGTATTTCTTAAG,10062
GTAAACTGAAATACAA,10062
ATTAGGAATCGAGCGT,10060
CGCGTCAAAATACAAA,10060
GACGGCAATATGCATA,10056
ATGTGAGTCACCGTGT,10052
GTAAGCGACAAATACC,10049
TAACGACAAAGTTTAG,10043
ACAGACACGAATTTGA,10042
TACACGGTCGCCAGTA,10035
GTCGAAGAAGCAGAAG,10034
TAAACTGTCTGTGAGC,10031
AAAAACGTTTGTTAGA,10029
GAACGTACTGATACAG,10029
GATGTAGAGAACTAAA,10028
TTAAACGTAATAGCAT,10028
CGGCAAATCTACCAAG,10027
CTATCGTAATATGGAT,10026
AGAGTGTGATGAAATA,10022
ACTGTTGACGTAGAGG,10020
CAACACTGACTCTCCT,10019
CACGCTCAACGGAAAA,10017
AGAGAAAGAGCAACGA,10016
ACCCCCGTATCGAGCA,10015
TCGAGTGACACGTCGA,10014
CAGGAATGAGAATCTT,10008
CCAAACATCTAAACGG,10005
GGAGAATCATAGCGTA,10004
GGATCTAGAGTTAGGG,10004
AGCCCGAATATAAAGT,10001
CCTGATTGAGGAGAAG,9996
AAAGTCGTTTAAGCAC,9995
TGATAGGCAGTCGAGA,9994
GCAAAAAGGTAATAAA,9991
CATAGTTAATCTATAC,9989
GAAAATTAACTCGTAA,9986
GCTAGTTGCCAGCGAA,9985
TAAGACCATTGTCCTG,9983
AACTACAGGAACGAGT,9977
CTGTGATGCGAGATGA,9977
ATCGCTAGGAACCCCA,9975
GGACCCTAAGCATATT,9971
TAGAGTGAAAGGAAAG,9968
AAGCAGAGTTCTATAA,9963
GGATAGGCCAGGGAGC,9963
ACTACATTTCGTAAAA,9959
AACGCTGGTGGCTATA,9952
TCATCGGGTTGCAGTA,9951
ATTAAATAGAAAGGAG,9950
CTCTGTAAGAAGAATT,9947
TATAGTGACTCCTGTC,9943
GAAACCTCCTATCCGA,9933
TGTGACAAATCGGGGG,9933
TCAAACGTTAAGCAAA,9927
TGCATTACTCAGGCAG,9927
CAGGAATAAAAACAAT,9925
CCTACTAACGTCCAGA,9924
AGGGAGAGCAAAGAAA,9923
CGTCAAGACCAAAAAT,9920
CTGCATGGGTAACCAA,9919
ACCATCGGACGTACAA,9918
ATCTATATCCGTGTAA,9916
ATAGCCAGCGGGGCGA,9915
TTAATGGTTGCAGAAC,9913
TCGTAGGGACTGTAGT,9909
CGCAGACACCATAAGC,9908
TTCCGACGAATATGGG,9908
TTGCGGGCATCTTGGA,9908
TTTAGAGAATCCGAAA,9908
CGAACTGATAGTCCGG,9906
CAATTGGTTGATTCAA,9905
GAAACACTAGACTAAG,9903
ATCCAATAGTTCTGAA,9902
TCCTTGGCGACTGGAA,9902
GCAGAATAAAACAATA,9896
GATCAAGTTTTGGAAC,9895
GAATCTACAGAATATT,9894
TCACTATTCCAGTCCA,9892
TTCGCCGCCAGCCCAA,9891
CCAGACCACGAGCCCT,9888
ACGACGTCATCTGTAC,9887
GAGAGTTGTTTTACTA,9881
GTAATAGGTTAAGTCA,9880
ATTCAAACGGTGGGTA,9879
GAACGAGTCACGTTTA,9878
AGTAACAATAAGTAAG,9877
ACGAAGGAGTAGGAAA,9875
CTGCGCAATTGACTAA,9875
GATGAAGCTCCCTTAT,9875
GTATGAAGTATGGATA,9872
GTCGCCGTGATAGGCT,9872
AACACAGCCCCAAAGA,9871
GGAGCTCAGTTGATGG,9870
AAAGGTATTTAGAATA,9867
ACTATCTACTATTGCA,9866
AGTTTCCGGCTGACCC,9865
ACTTTCGGCCTGCCAC,9862
GGTGAAGTGTTCCCAA,9859
CCGTCACCTAACATCC,9858
TGGAATCTATATGGGG,9858
AATTTTCGGTTTATTG,9857
CAAATATGAACCTCGA,9854
ATGTAAGTTATCCGAT,9853
ACCAGGTCTTCCGTAT,9849
CGGGGGGACGTTCTCA,9849
GTGCATTGCCACACTT,9847
AAATTAAACAAAAACG,9844
CAAGAAAGTAGAGATA,9844
GGAGTTGCGAAGGTAA,9843
AAAGCGCAGAAGGGTA,9842
AACAATGCGTACACAT,9842
TACTCACATTAGACCT,9839
GAGCGGTTGACATAGT,9838
TGAGATCTCCAAGGGG,9838
GGCATCTACGACAAAA,9836
TTACTGATCTTTATGG,9827
ACTCTATCACGCGAGG,9820
TAAGAGTGATATATGT,9820
AACGGCTATTCGTCAA,9819
CACCCTGGTATTATAA,9818
GTAATGATAATAATAG,9818
CGTAAGACAAAATTTT,9817
CAGAACTTAGCACTAT,9810
TGCCGCAATTTGGTAT,9806
ATACATATACGTATCT,9797
CTATATGTAATATTAA,9793
GGAACAAAAATCCAAT,9792
ATAAGACCTCGATAAT,9791
ACAATCCCCCCAATAA,9790
TCAAATTCCTTCCCAT,9789
GGGCAAGTAGGTAATA,9787
TAAATTTATGATCCAC,9787
ACAATAATTCCTTGAG,9785
GATAAGATTTAAAAAA,9781
CGGACCGCAACTTAAC,9779
GAGTTAAAAGTATTCA,9779
GTGGTATTTGAAGAGT,9779
AAGGCGGGTAAAGAAA,9778
CGGGTTAAAGTCACAG,9776
AAAAAGCTCACAGATG,9775
TTCCGTAACTTAGTAA,9775
GAAGAATCCGCATATA,9774
AGCTAAGGTACTATTA,9772
ACTTACCAACAATATT,9768
AGATAAAGGACACTCT,9767
TATATTTGTTTATAAA,9767
AAAAATGGCCCATCAC,9765
AGAACATGTCCAGTAA,9763
AACGCCTCGGTACCAA,9759
TGGGGTAGACATTTAA,9757
CCGGCGTTAACCGAGA,9756
GAACTTGAATAAATTA,9755
AAAAATATCTGGGTCA,9751
CAGTTCCCCTTACTAG,9750
AAGTACCCATTGAGAT,9748
TAAGGGAGCGAACAAA,9745
AGAGTTTGGTCTTGGG,9737
AGAAAGTAAGCCCTAG,9736
GAGCAATCAAAACACA,9736
CAAGATAACAACAGTA,9734
CATCCGGGGAAGGTAA,9730
TCCAAAGGTGGAGTGA,9729
ACCAAAGCCTGAATTA,9727
AGAACAATCCTAATCG,9727
TACATGACCTTGATAC,9726
TGCTGTTGGGGACTCA,9725
ACGCAGCTACCGAGAA,9723
TAGCATTACATATTTC,9723
CCCCGAGCTTAAAAGC,9719
TTACTCCGAACCGATC,9716
CAAAAAGTGTTCCCAT,9712
TCAAACCCATTAAAAC,9711
CATGCGGCCTGGAAAA,9710
CTGCGAGATAAAGTGG,9707
TGAAATATTGTCAGTA,9707
ACGAGAGATATGCTTA,9705
CATGGACACGGTTTTT,9702
CCACTGTATAAGAACA,9702
CCTGGCGAAGTGAAGG,9701
AGGACGTTAGTCCCCA,9698
CTCTACTTTTTAAACT,9696
CAATAGACCTATTGGA,9695
ACTATTAATAGATCAC,9694
CCGGATTCCAGTTACA,9694
ACCAGGACTAAGGATA,9691
AAAGCGAATGCAATCA,9690
ATACTAAATAATGGAA,9689
CACAAACGCCACCTAG,9686
CAGTATGCCGAGCCGC,9686
AGCTTCAGTCAATAAC,9683
TGAAAGATAGAAGATA,9678
ATTCAAATTAACTTTG,9677
CTGCCTTAAGTTAAAG,9676
AGTACCACTTTAACCT,9675
AGGCCCCAAGTTATCC,9669
TAAGATATGTTACTTA,9669
ACTTGTACCATCAATA,9666
CGCCCGTCATGGCCAA,9665
CGACATGAGAACAAGA,9661
GTAGCTGCGGATAAGA,9661
AATTGAGTCTTTATAA,9658
ACGGACCCGACACTCT,9656
CACCCGAAGGGCCCCA,9655
CCCGCTTGAAGAAAGT,9648
CAACATTAAATCGTTA,9645
AGACCGCGCTAATAAC,9644
CGCTACCACGAATGTA,9644
TTCTTGGTCTCAGCGT,9644
TAACGCTAAAAGTGTC,9643
CAGCCTTATACAGTAC,9641
TCTTGTTTGTGATCTT,9640
CAATGTTATGACGAAG,9639
CATGACACAGAATTGG,9639
GTCCACATATGTAAGA,9639
ATCTTGTCTGTGATTT,9638
AAGGTGAAAGCCCATT,9634
CCAATCGGAGGACAGA,9634
ACACCACATACGTACC,9633
GAATCATGTTGGCACA,9632
CGGTTTAAAGCAGTTA,9631
TCCCACGATACGTTAT,9631
CACCGAGGATAAGGAA,9630
CCAGTAGAGACAGTAC,9630
AAGCGGCGCCTCAAGC,9629
CAAACATCCCGTCAAG,9629
GGAACCCAGTCCCAGA,9629
ATGAGTGTTACATGGA,9628
TAACCCCACGTTTACT,9628
TAATCTGTAGCAAGAC,9628
TGCGACCAGCAAGTCA,9627
ACCGCCCTATTGTAAC,9621
TATTTTGTCGTTAAAA,9620
AACTAGAAAATGTAAG,9619
CAGTTAAAAAAGATTT,9618
GTCATACGATCGGAAA,9617
CGTAAAGGGCAGCAGT,9616
AAAACGTAGATACCCC,9614
TACACCGCTAATCCTT,9612
CCCACCTTGACGCAAA,9608
TTAGTCCGCCCAGGAT,9606
CTCGTGTCCTCCTCCC,9605
ATTATAATTTAAAAAC,9603
TGGGAGGCCCTCGATA,9602
CTTCGCCATTCAAAGA,9601
ACAGTTATCCACAAAG,9600
CATAATACAGTAGGAG,9594
ATTTAATTACGGTGTT,9591
CGAACGGAAAAGGGTT,9588
CGAGTTTGATAACAAA,9587
ATAATCTGTCACACAA,9586
ATCATAAGGAATACGA,9584
TCCATATGCTGTGAAG,9582
GTCTTTTATGAACAAC,9578
TGTTCTTGCTTTAACG,9578
GAACGCTCCGGAAAAG,9572
AGAACTTGCAAGGATA,9569
GCGTGACAGTGCTTGG,9569
TATAAACCAGCAATGA,9568
CATGAGAGGCCAGAGT,9567
GCGTTCGATAACATCA,9566
ATATTAACAGACTGAG,9565
CACCTGATAATACGAT,9565
CACAAAACATAGCAAA,9563
TTTATTAACGACCAAG,9563
CTACACTCAACTGTAA,9556
CGGACAGCCACTGTAA,9554
GTACATATTAGTTCTC,9554
GTAAAAACCGCGTTAC,9549
CCATTGGTAACGGCCA,9548
GAATGTGGTAATACCA,9548
AATGAAAAAGGCAAAT,9547
CAACGACGACGTCATG,9545
GAGGATTGCGGATCAC,9543
TTTTATTTGCAACGAA,9543
CAGTCAACACTCACAC,9542
GTGCACTAGAACGATA,9542
AACGATGATCATTATA,9541
GGCTCAAAAGTCCCAC,9540
TACTTATTAAGCACCA,9537
CCGAGTTGGTGCACAA,9533
TGTGTACAATTAGAAC,9533
CTGATTTTGCATGTTA,9532
AGCTATTACAGTGGTA,9530
ATCGATGCTTCGGAAC,9529
GCGTTTCTTGAAATAA,9529
CAAATACAGCAAATGA,9526
CGCTACCCCACAAAAG,9526
AGGGCGGGATGCTGAG,9522
CTCCTGAGATAGCGCC,9522
TAACACGAACCCGAAT,9522
TTTTATGAGTCCGAAC,9522
AGTATCGCAAAGCCCA,9521
TCTCATGTCGTTGAAT,9519
TTGAAATCAGAGGGGC,9513
ACACACCTTAGCCGAA,9511
ATATCGATATAACGAT,9510
CGAAACTTTAAGAGAA,9508
TGCTGAACTACTAAGA,9507
TATAATACGTTGACAG,9505
AACGGTTGACACTTCA,9504
GAATATGAGGCTACAA,9504
GACATCCCCAGATCTA,9502
GAGTGCGGTTAATCTT,9501
AATTTGATTTCATGGT,9499
GGAGTTGGCTAAGAAC,9497
CGTAAGCTCAGTATCA,9490
GAAATACGACACTAAT,9490
CGACTGCACACACATC,9486
AAAAAAGTGTGAACCA,9485
CGATCAATATTTCAGT,9485
GGGGGTAACCTCCATT,9482
AATGAACAATACCTCA,9480
CAGCACGAACCCGAAA,9478
GAAACACAGGAGTTCA,9478
CGCCTAAATTAGTTAA,9476
ATGGTCGGATGCTATC,9474
CACTGCCGCAAGATAA,9474
TACTGGATCACCCAAA,9474
GTCCCTAGCACTTCCA,9468
TACCCAGATTTCACCA,9468
GAGCTCATGAGCCCAA,9467
GAAACAAAGTAGACGG,9454
GATAACCACAGAAATG,9453
GTAGGTTTGAGACCAA,9452
ATCAGTAGTGTCCACT,9450
GAACCTTCATGCAGCA,9450
AAATGGTTTTGGTGAC,9449
AATATTTAACCGTACA,9445
ACGCAAACCCCCAACA,9445
CGCGGATATGTCCTAC,9443
AATTTCCAAGTTGTAC,9442
AGAATACGCTACCGAA,9441
CGGCGTAAAATCTCTT,9440
GACTAAATTACACCAC,9438
TCTTGATAGTATTAAC,9438
TCAGCGCGATTACAAT,9437
ATTTCAGCAAATGAAA,9436
ACGTCGCAAACAGGGT,9435
GGAGTATCTCATCCTA,9435
TGGATCTCCTATAGTA,9430
TACAAAGAACTCCAAT,9424
AGATGGGAACCGTAAT,9420
TGCTAACATATTCCTA,9420
CGTGGCGGGACCTCAG,9419
GAGGTGATATGATCAG,9419
GAAAATGCACACTGAC,9418
TTTAAAAATGGATAAA,9417
CGTAGGGCCCAGACAA,9416
TAATGAATGGCCCTAC,9416
AGCGAGACAAAGAAAA,9415
CCGTACTTTCGCAAAA,9413
CAATTGAGTGTGAAAG,9410
ATGCGGGCCACTTGGT,9408
GGATAATTATAGAGAA,9408
AAACGAGACACGCAAA,9407
TGAAACAAACGTTAGA,9406
GGACTATTTTAAGTTT,9405
AAAGGAGGGTGGCACT,9403
CGAACTAATGTTACGT,9403
GAATGGTGTAGTCCCA,9403
GCAATGCGGGTATAAT,9400
GAAGCGTTCGAAAGGT,9398
AAACACCCGATACGGG,9397
ACCTATTTTGAATTAA,9391
AGCGGTACAATAAATA,9390
AGCTTCAAGTACAGAC,9390
CTAGTCGGCCGCGTAA,9390
AGGTTTATCTAATCTT,9388
AGTACCATCCCTGTAA,9388
CAAGCACGTCATGATA,9388
TTTTACCTACGATGTA,9385
TCACGAGCGGTTTCTA,9382
AACTAACCTCGAATAG,9381
ACAAACTACTTATGAG,9381
ACTTTTAGTAGGAAGA,9381
CTTCACCTGCTACCTA,9379
GAAGTCACTATAGAGC,9377
TGCAACCCACAATACA,9377
TTGATGACTCCACAAG,9375
GTTGTCCACTCTTCAC,9374
GAAAGCATGTGTCAAT,9368
TGAATCGGATCAGGGT,9365
AAGGTAGCCCACGGTT,9361
GGCCCCACATCAGCAT,9360
GAAAGGCTAGCCCCGA,9356
AATCCTGTCAGAGTTG,9355
CAAGTGCAAGCGACGT,9355
AAATACGATAATTCAA,9354
CTAACGCCGACCTTTG,9353
AAGTTTCCGGTTAAAA,9352
TCAAGTGTAAGAGTAG,9343
GTTCTTAAAAGCACTA,9342
GTTTACTGACAAGCTT,9339
CAGAAAAGATTCGCAA,9338
ACCCTTGTTAAGATGC,9337
ATGTCTCATCACACTA,9337
GTTAAGACGAAAATAG,9337
ACCCACAATTGGTTGC,9335
CACTAACGACTAGATG,9334
TTACCACTTCATTTGG,9334
ACCGCCTTATGAACTA,9332
TTCCCTTACACCTCGT,9332
GCGAGAGCCAAATAAT,9330
ACTTGTACATTTCTAA,9329
ACAACAAAGGACAGGA,9327
CAGTGAGCCAACTAAA,9327
TTCTCTCAAACCTTAA,9323
GCATAAATATTGATAC,9321
AACGGCAGCAGACCTA,9320
AGTATAGTACCTGTGT,9317
ACACACAATTATCCCA,9312
CTAATGTATCCTCGAG,9311
AACGCGCAAAATAAGT,9307
CTGCGCGAACACAGGT,9304
CAGCGACATATCCCCA,9301
CCGACCCATTAATAGG,9301
AAACACGAGTAACTAT,9300
AACTCGTTAGCATAGA,9299
CGCTGGCGCAGGTGAA,9299
AATTATTCCTCGTAAA,9295
AGAACATAGCTAAATA,9294
AAGACCCCGTTACACG,9292
CGAACCAAATAAACAA,9289
ATGATCCCATGTCCGG,9286
GTAAAACTCTTATCAA,9286
GTTTAGCGTGTTGAGT,9284
AACCAACGCATTTAGA,9283
AAGAAAAATTCCAGAG,9280
TCGATAAAATCCTGAT,9279
AAAAAAATTCTGCTGA,9278
TATGACATTACATCTT,9278
AAATAGTGAAACGCAA,9275
GCAAAGAGGCTATACA,9275
CCTCAATCTTAACCAA,9273
CGAATGAGATACACGG,9273
GGGCACCAAACAGAAA,9273
TGTATAAATAAGCAGA,9272
CTAAAAAGACAATCCA,9271
TGGCAAAGGATCCTTA,9267
AATTTATGTCCTCCAA,9266
CGAGCATCAACAATAT,9266
AATTCAAAGTATGATA,9265
GAGTGAGCCACCTCCA,9262
TTCAAAACTATATTAT,9261
TCAATCCAAAATATCG,9260
TTCGTACGCGGATAAA,9260
GGAACGTGAAGCAAGT,9259
ATGTCATACGTCAGTA,9258
CACAAGAATTTTATTA,9251
CATAGATTTGTCACTA,9251
ATCCATAGAAAGGCAA,9249
CGTACAAAATTCCGAA,9248
GATGTGTGCGTTCATT,9247
ACAGTGAGGCGAGTGT,9245
AATATAGAATCAGCCT,9244
GCCGCTAAAAGTCTCG,9244
ACTTATCAAGCGCTTA,9242
TGGAGCAAGCAAAATC,9242
AAAGCACAAGGGCATT,9239
GTAAACAGCTGCTTGG,9237
GAGTCCAGACGAGAAA,9235
CGAAATGCTTTGCAAA,9231
GAATCTTAATTGTGAG,9230
AACGGAAAGCTGCATG,9229
ATTTCCTGTGGTGTAG,9229
GAACTGAGTCAAAAGC,9229
TGAATGAGTCCGGAAG,9229
AGTGTTTATGTGTATT,9228
CAAGGACCACCGTAGG,9222
TTACGGTTCACGCATA,9221
CCAAAAACACAGCGCC,9217
AAATAAACCTGAACAA,9215
ATCGAGAATACTACAA,9215
CACGATAAAAATCACG,9213
TTGACATCCGCTATTA,9211
AATGGCGAATTTCTTG,9210
CAGCTGAGGTATCTGA,9210
TGTATTAGGCACTCAA,9209
AGATTGGCGATAATGA,9207
GGTGACTGTACGCATA,9207
AGGCATAATCAAAGAA,9206
GTGACGAGAAACACAC,9206
GTTCCTAACACACTGA,9205
TGACGGTGTGAACGAA,9204
ATGAAGATTAATCTTA,9203
ATCTCCCAACTGGTAT,9200
AGCGAAGGGTATAATA,9197
AAACAAGAGCCTAGAA,9196
AATACACGACAATTAC,9196
TGACACAGGGCTCAGT,9195
CAATTTTTGATGGGAG,9194
AATTGAGCCAACAAAA,9193
GATAAACTGCCTTAAA,9193
ATATCTGTATAGGATG,9191
TCTATGTCACAATAAA,9190
TAACGCATAATGATTG,9187
GCAACAGATTTCGTCA,9185
GCTGAAAATATGTAAA,9185
GGAGATTGTAGAGCGT,9184
CAGGTAATCGAATGGA,9181
AAGGTAATAGAGCCCT,9177
CATGTGTGAATTTATA,9176
TAAAATGCCAGGAATA,9176
ACAAGAGGAACATAAA,9173
ATGAAAATACGAGGCA,9165
CCTATCAAGTATTTGG,9165
TTCATCAAACACTACT,9165
GAAAACACGAGGTTGA,9163
TGACAAAGACCCACCC,9163
CAACTGTACACGACAC,9162
AAGTAATGTATTTGAA,9156
CGATTACTCATCGGCC,9153
GGAAGAAGCAGTCATA,9153
AAAATCGCAAACACTT,9151
ACATATTACATTCATA,9150
ATAATCACAACATGGG,9150
TTTTCGATCTTGGAGA,9150
AAACCATGCCACCCAC,9149
CTGTGGTGAACTAAAA,9149
TTAGCCGATACAGAGT,9149
ACTGCACGCAGGCTTA,9146
GGAACCTGGCAATCAG,9146
TAGGCCCCAACCCCAA,9146
AAACAAAGTGGTATAA,9145
ATGTAATTGATACCAG,9145
ACCTTCAACTACTCCT,9144
ACACAAAGCTACACAA,9142
CGGAAGACCCTTTTGA,9140
TAACCGTTTTATAGAG,9140
TACTAACTCTAATAAA,9139
CTTACGAACAATAAAC,9136
GTAAAGCCTCTATCAG,9135
TTCTGCAACACAGACC,9135
GGTACCTAAGTCCAAA,9133
GAACCTAACATCAGGG,9129
CAAATATGAATAGTAA,9128
TACCTACTGTAGATAC,9128
ATGCCGAAGTAGAGGA,9126
ATTATGATGGCAAAGG,9126
ACAGCGATACTTCAAA,9120
ACATAACGAAACAATT,9119
GGCCTATGAATTTGAG,9119
ACTGAATTGAATTTAA,9114
GTCTTATCAATCTATA,9114
CACTAGTCTTCTCATA,9113
GCATGCTTAATGACCA,9109
AACATCCTAATAGATA,9108
CAGATATACAAATATT,9107
TCACAAGACGAAATCC,9107
ATTCAACATGAAGAAT,9105
CATACCTGATTCGCGA,9103
CCCAAGATACTATCGT,9103
GTGAATACGACCCTGT,9102
TTACCGTACTTCTGAA,9102
CGGCTCGTTAGGTCAA,9101
TATACTAAATCAGGAT,9100
TTCAAAATGGTTCTGG,9100
ACAGACTAAAACTAAA,9098
CAATGCTGCGATAATG,9097
CTGAAACATCGATGTG,9096
GGACACTCCATTCAAA,9095
CAGCAGACGAGAATAA,9093
TTACTAGTCATGCAAG,9089
AGGCATCCGTCAGGTA,9087
GTACACGAGCCCATAA,9087
CCATTAGACGATAGGA,9084
GACATTTGTGTCAAAC,9084
GGCTACGCAGCCACAT,9084
CCTCCACAGTTGATAG,9083
AAACCCGCGTACCCTA,9079
ATAGTAACAGAACATA,9077
AAGCTTAAGTTCGCCA,9075
ATCGCGGGTCACAGGA,9070
ACTGGTACCCGACGTA,9069
GGTTTTCACCCACAAA,9069
GGTGAATGTTATTGAA,9067
AAAAATTTACCCTTAC,9066
AAGTAAACCTACTAAG,9064
AACACGAAGCCAAATG,9063
CCATCAGAAAGTATTG,9063
GGCAACATACTGGACA,9063
CATACATTCATTTCGT,9061
TCTGCATGTAGTTCAA,9060
ACCGGAGTGTCTGAAA,9058
CAATCTAGAAACTCGT,9056
TGTGTTCGTATCCCAG,9056
AATAGATACGTAAATT,9055
TTTAAGACATGACAGG,9055
ATCGGGTCATAAACGT,9054
GCGTTAAAGGACAAAA,9054
AAAGAATGCAGATGCA,9053
GCTACTTAGCCTCAAT,9053
AAATTACTTAATTGCA,9049
AAGACCTGCCTTTAAT,9049
CGTATTACAAAGTCAG,9045
CAGCTCGAAAAAGAAC,9044
GTTAGCTGAAAATCTA,9043
CGTTTGGTAAACCGAA,9042
GATGAAGGGCCATATT,9042
ACAGATTGTGTCATGT,9039
GGTTTTCTTGGAGTAG,9039
TGGAGGAGTTTGTGAC,9038
CAGGACAACCAGTGAA,9036
GTTAAAAAATGGGGTA,9036
TCTTCACGCCTCCTTT,9033
CGACATTTCGTAAATG,9030
CCCTTCTAGGTCATGA,9027
AGACCCGACTATCTTA,9026
CGGAACCGGAACTCTG,9026
ACTTAACTCTCACTGA,9025
AAGACAATCGTAAAGA,9023
AGTCGCCGGTGTTATT,9022
GGTACTTGCTCTCAAT,9021
GACCCAACCTTACACT,9020
TCATCTAGGCGACTAA,9018
AAACATTGAGGGGAGT,9017
AGCTAAGCGGCCCGAC,9017
TTAAGGGAAGAGACAA,9016
TAGTAATTCGACGTAA,9013
GATAGGGAACATGAAA,9012
TATAATCAATTTTTCA,9010
ATAACAACACACATTA,9008
TGCAGTGAAAAAATCC,9005
GAATCTGATTAACTAT,9004
GTCTACATATAGCTGC,9001
GGGCATACGGAGGATC,9000
AAGAATCGGAAATTAA,8999
CCAGCGATTTCAATTG,8998
AGACCACTGAGTCCAA,8996
AGCCATACTCTCAATG,8996
TAGGCTACATAATGAC,8996
AAAAAGCAACCCTTAA,8995
ATATAAAGGCTACTGC,8995
CCACCCTAGCCTTGAA,8994
TCGAAACAACCACGGA,8993
TACGTTATATGTGGAA,8989
CGAGTTTTTTGTATTG,8985
GTACACGAAAGTTCAA,8985
GTTTTATATACGTCTT,8985
CTGAATCAGTAATCAA,8983
TATAAAGACCTAACTA,8983
ATTATACGGACTACAC,8981
GCTAGAGTCCACCGAA,8981
GTACACAGCGACAACC,8979
TTAAAGATTTGGATAA,8979
TTATATTCCTGGAAGA,8979
ATACACTGATTCCTAG,8977
ACCCACTCCGATATGG,8976
CTCATGGCCCTTTTAA,8976
GATGACGCATATGCGA,8974
CGCACCTGCATTAAGA,8971
CGCTGGCATTAACAGG,8971
TGTTCGAAAGACTCTA,8971
TCCTAATTCGCCCTTA,8969
TTGACCATGTCAAGAG,8969
TTCTTTGTGTGGCTAC,8967
CCTGAGAAGCCGAAAT,8965
ACAACAAAAAATCTTA,8964
GAGAATCGAGAAACGT,8961
ACAATACATGTAATGT,8960
GAAATAAAACATGAGA,8959
ACGGAGGACATTAAGA,8956
CGGTTGACGATCATAG,8954
CACGCGAAACGAAGGA,8952
CGACTACGGTTTACTA,8952
GGTACCACAATATAAA,8950
ATTGGCTATAGATATA,8947
CACTGAGGATTGCTGA,8946
TTAGATTCTATGAAAA,8945
AACACTTGGGCGATAA,8944
CCACTATAACAATCTA,8944
CAAAAGCACAAATTTG,8942
TCACCCCTGTCAATAT,8939
ATGAGATATATTCTGA,8938
CCGAATAGTGAAATTA,8936
GCCAAAAATTACTCAA,8936
TGGGCCCACTAAAAAA,8934
CAATACTGACCCCCTA,8933
AAAACCGATAACCGAA,8932
ATCGAGCCTGACATAA,8932
GAATAAATTAAGATTA,8930
ATTAGAGACCTCTCTC,8928
GGTACACTGTAGACCA,8928
AAGACATAGCCACTAC,8927
GTAGAAAGCTCGTGGT,8926
TGAGAATTCTGAGAAA,8926
GATACCGTTTATGTAC,8925
GACTGCTACACCTCGA,8924
GTAAAATAATGATGTA,8924
AGGGCCGACTTGCAAT,8923
GTGAGTCAGGTCGATA,8923
GTGCAATAGATATAGG,8923
GCATATGTAAGCAAAT,8917
TCGATAGAATGTGCAA,8917
ACGCAACGACTATCCA,8912
TCATAGTTTCGGATGA,8911
TACTGCGACAATCCCT,8909
TATTTCTTCTGACGTT,8908
ACCATGTCCCAAAAGG,8907
CTTACTCGCGCTGATT,8907
GGAGAACATTCCGATA,8907
TAAAAAAGTATATCGA,8904
ATGAGGCACCCAAGAA,8900
GCCTTCCCATTCATTG,8900
CGTAGGGGAAGATCAG,8899
CATTAATCAGAACAAT,8898
TGACAGAACAATTGGT,8896
AAAGATTGTAGTTCCA,8895
AACAAGCATATGTAAA,8895
AAAAGATTTGATGAGT,8894
ATACGTTTGACATGCT,8893
GTAGAGTTGAACCCAT,8893
GCTGCGAGTGTTCTCA,8886
AGAATCCAAAAACCAA,8885
ATGGTTATGGTTTGTT,8885
GAACCTTGACGGTATT,8883
AGAGACAACAATATGA,8880
TTCGGGCCCGCAAATA,8880
ATAGTGCGTATAAGAG,8878
GCAGCAAACGAGCGTA,8878
TGGAATTCACTTATTG,8878
ATTACCTAAGAATAGC,8877
ACCCTATTTAGATAAC,8876
ACATGCAACACCCGGT,8872
AGCGCGTAGGACAACA,8872
GACATTTTCGGGGCCA,8870
GACAAATTTAGTGCGA,8868
GGACTAATGATTTAGG,8868
ACAAACAGTAGTTTGA,8866
CACATATGGCGAAAGA,8866
TGGGACTTCCAGCTTA,8866
CGCCGAGGTGTGATGA,8862
TAACCCAAAGCAAAGG,8861
ACCTGTAATATACAAG,8859
CCCGATATTGAAGAGA,8859
GAATTGTTATAATGGT,8859
GCGAAAGAGAACAATA,8854
AATATGCCGGAGATAT,8851
TACCTTATGAAGAAAA,8851
CATAAACTGCCAACTA,8850
AAACTTCTTTGTATAA,8849
GGGGGCAACGTGGAAA,8846
GGCATAATAGTCAAGA,8845
TCTAAGGCGGAGGGAA,8844
CCTGCTATTACCCAAG,8843
GTACTTTAAGAAGATA,8841
CAGGGTATACTTGTGA,8840
ATAAACCACCATGCAG,8839
CTTGATTAATAGGTAA,8839
GTGGGTTATCTTTGAG,8838
AATAGTAACTAACAAG,8837
GCTTTAGAACAGTGAT,8837
TCAGATGGAAACGTAT,8837
CAAAAGCAGTGTCCGA,8836
GATCAACAACCATGGA,8836
AGGTTGCAAATGAGAA,8834
CGACCAGATTTACTGG,8834
TAATTCGATTACCACA,8834
ATACAATTACAAATAC,8833
TATAATTCAAGCCCGA,8832
AAATTCCGACCCCAAA,8829
TAACACATGTCTGGAG,8827
AATAGAGTATTTCATT,8826
CCCAAAACTCTTTTAG,8826
TAACCGACTAAGAGGA,8824
AAATGGAATGGGATTT,8823
CACGGAGGCCTTATAG,8822
TGACCAACAGTCTGCT,8822
ACAACAACAGTAATTC,8819
GCGGCATATCAAAAGT,8819
ACTGGCGGTACAACTA,8813
ATCCGCGCAAAAGAAA,8810
CACATGCCTAAGTAAC,8809
GAGCTTACATGTGATA,8809
AAAGAGTAGAATCTGA,8808
TTATATTCCTTTGTAA,8806
AGAGCCAATAACTCTG,8804
ACGTGCATACGCAGTC,8799
GCTTTGAACCATAGTA,8798
ACTTGGAGTCCATAAG,8796
CCACTAAGAGCAGGCA,8796
CGATAAATCCAGTTGA,8795
TCCTTGTGGATCTGGT,8795
TGTGCGACACTATCGG,8794
AATGCTCTGATAGGTA,8792
ACTCGGCCTAACACCC,8792
AGAAACAGTTATTACA,8788
GTACTGCGAGTTGAAA,8788
AAGACGTGAACCGTAT,8787
CTGGGTTTCATCTAGG,8787
ACCACATAACTGCAAA,8786
AATTGCTAATTGTCTC,8784
TTCAAAAAGAACACCT,8780
ATCACGGCCTCGCAAC,8779
GCGCACAGTAACTTTA,8774
AACAGCAACCAGGGTG,8770
TTCTTATCAATTACTT,8770
ACGCTTCATTAGGATA,8768
AAGCATCTGTCCAGTA,8766
ATTTTGTATGCCCTCA,8765
GTGTCCGTCAGCGTAA,8763
TGATGTGCTAAACCGT,8763
AAAATCTAGGATGCAA,8762
TGGCGTGATGTCAGAC,8762
TTAGTGCACTAGAGTT,8759
AGAAAAGAGAAGCCAA,8758
CGGTAAAAATCCAGCA,8758
TACGGGACCTGTGGTA,8758
TAGACGGCTTAATAAA,8758
TCTTCATTTCAAATAG,8758
AGCGACCTTCATAAGA,8755
GAAACTAAATAAAATA,8755
TATGGCCATATACTAA,8753
ACAGGCCGAGATTGGG,8751
CACGGTGGAATAGTGT,8750
GATCTCCTGCCTGAGA,8749
GAAATAGTCTATTTTT,8748
CATTTGCATCAATGAA,8747
CGGACCTAAAAATGGT,8747
ACACAACTATCCAGGA,8746
ATAGTACCGAATCGAA,8744
CCCCTTGCAAACACCT,8744
AGGAGCACAGGTTCAG,8737
AGCCCCACACGATGAA,8735
TAGTTGTATACGTTAC,8734
TGACTCATAGTTTTCT,8731
CCCGATCAGAACTAAA,8730
GCAAATCTACGTCAAA,8728
CTCAAGATTGCCCGAA,8725
TTGAAGGACCCAGATA,8724
GTGTATATTAGGCAGA,8717
GAACCAGTAAAACTGA,8716
TGGCCAAGCAACAAGA,8714
GTCGCAACAAATAGTA,8713
TAGACACTTTTTCCAA,8713
GAATTCTAGATACTCA,8712
ACAGTCGTATCGCCTT,8709
AAGGCGCACGAAGCAA,8708
CCCTGAAAACGTGACA,8708
TTCGCTATACAAATTA,8704
AGTACTAGTTAGAGAC,8702
AGGCAAATAGAGGAGG,8701
AGGGAGTGAATTAGTT,8698
CCCCGAAAGGTCTCTT,8696
TTCGAAGTACGATTGG,8696
GAACAGCGGGCATAGG,8692
TCACCAACAATTCGAA,8691
GTGCAGAATACACAGA,8689
ATGTCCAAAAAACAGA,8687
TTCTCTGATCTGGTAT,8682
AGGAACCCAAGCCGAT,8679
GAGGTCGGACCCGTTA,8679
TTACACCTTTTACCAT,8677
TATCTGGTCTTTAACA,8676
AGTCCATTAACCCATA,8675
GTGCAATTATAAATAT,8669
CCTCCAATAAGGCAGG,8666
TCCAGTGGGAAAGAAA,8665
ATGGTCTTTAATGCGA,8664
CTGGAGTCTTATGAAT,8664
TTAAGCCACCATTCTA,8660
ATGTCCGGTGGAATGT,8658
AAGCGTTAGATCTTTC,8657
TATATTCGAACAACAC,8656
TACGCCGGCAGCGGTA,8655
TAGATGATTGCGAAGT,8655
CGTGAATGTTGGAGAG,8650
GGAAGTAACTTGTTAA,8649
TACAATTTTGTTTATA,8649
AGTCTAAGCGGACAAA,8648
CTAGGTGCACGCAGTC,8647
AGAACAATAATTTCCT,8643
GCTATGTAGGCTAAAT,8642
CTTCAAAACTTTACAT,8641
GTTAATAGACCCAGGA,8641
TTGTGATACATTCAGG,8641
TGTGGCGAAGGTTCCC,8637
GCTTCACCCAACAATT,8636
TTGATTTATATATGAG,8636
AATTCAAGAATATCTA,8635
CAATCTGACGGCTTGA,8634
GGAACTCCTTCACCAC,8628
TATGCATCTAGGGAGA,8620
AAGGCAACCTAACCTT,8619
TAGATAAATCTACTCA,8619
TCGTTAATCGTCAAAC,8619
CCCCGTGTACTTCGAA,8618
CTCCGCTTGCCAAGTT,8618
CTGGGTGGTAAGGCTA,8618
GACATTTGGTAGTTCA,8617
ATTGTACAGACACCTT,8613
ATAAAAAAACACGTAG,8611
GAACATGTATAAAAAG,8607
GAGCTGGATAACCGAG,8606
AAGTAACCATTTATAG,8605
AAAACTATAATAGAGG,8604
ACAAATTTTAAAGGAT,8604
GCCGACTCTCGGGCAA,8602
CGAAAACCATTCAAGA,8599
GAAAGCATGAATTCCG,8598
GGTAACAAGCAGGAAA,8598
GAAGACTCAAATTGAG,8594
CTAGTGTCCAGGATCA,8592
GGCATTGTGTAGTAGA,8589
TAGAAGCCTCATTGAA,8588
AATTTACGCCAGCAAT,8587
AACAGAATGTGGATAG,8584
TTCCGTCGATAAAGAA,8582
AAAGAGTGCAACACAC,8578
CATAACAGATTCCCAG,8577
GGTAGATAGAAAAAAC,8577
GACAAAGTCCTCGAGA,8575
TGGTACCTTAATGAAT,8572
CCCACCGTACATAGTG,8565
TTGGCAGAACATCAGA,8563
ACTTTGGATGATGACT,8559
AATGTACGGATATCAA,8557
TGACTACCGCACCATT,8554
GCCCCTAAATCAGGCT,8551
ATTTTTGCCACCTAGA,8549
CGATGATTACCGAAGA,8548
TATAAAAATAGAAAGA,8547
AATAGCAAAGGTTTAG,8545
CGAATTGCTTTCCGAA,8545
ATACCATAGGGACGTA,8543
ATATACACTACAAACA,8543
AGCACATCTATGATAG,8541
TAAGCACAATGAGATA,8541
TACCCCAACCTCGAAA,8536
ACAATGCGTAATATGT,8535
TGCAGCAAGCAATATT,8534
TTCAAGGACTAGAAGA,8534
ACGCTAGGGTCAGAGT,8533
AGTTTTATGCACTTAC,8532
GAATGCATAGTCAAGC,8530
GTCAAAGCTTCATATT,8528
CTTGCCTTGCCATCTA,8527
ATAGTATGAAATAGGT,8526
TTAACGGTATCTGCGG,8523
AAGAAAATTTACAAGT,8521
TGACCTCCGAGCTTAT,8521
TACGTAACAAGAAAAA,8520
CAAATCCTTACGATAC,8519
ATCTTGTTACTAACAA,8518
ATCCGAACTCTACTGA,8517
CATCGAAGGATAGCCT,8517
CTAGAAATGGAATGAA,8517
TAAAACACAATTGCGG,8517
TTGGGCTACTCGCATT,8517
ACAACTGGATTATCTA,8515
ATCCCCTGTGTGAGAA,8515
TAGTGGCGAACTCCAC,8514
ACCCCGCCGCAAAACC,8513
TAAAAATGTTACGTAT,8511
AAGGCATTTAGGAGTT,8509
TTTTGGTAGGTGTAGC,8509
AATGAGTACCTAACAA,8508
ACTTGTAGAGATAGAA,8505
ACAAGCCCATGGGATT,8504
CACCAGTGCGTAATAT,8504
ATGGACGTCTATGAAA,8503
GTACCCCAAACACTTG,8503
AGCCATGCGAGACATG,8502
GAAGGTCTGAACATAC,8502
TAGACTCGCTGTTAAA,8502
ATATAAACTTGACTGA,8501
AGAAAGTTGCGGGGAT,8499
TGCAATATATCTGAAA,8499
CACGGTATGAGATACC,8496
TCTGTGCCCGAGACAG,8495
TGCGCCCCCGTCTTTA,8495
AAAATAAATATAAAAG,8490
CACATGAGCATTCGGA,8487
GGATACAGTAGCGAAT,8484
AGTGCAACTGTGTTCG,8483
ATGCGAAAAGGAAGAA,8481
AAACTAAACTGGCGGC,8475
GGCAGAATTCTTCAGC,8473
ATGATACACTCGTCAG,8471
AAGGGTTGTTTGGCTA,8468
AGATGAATGTATGTAT,8468
CACACCTCAAAGCAGA,8466
ACCTATCCCTCATATT,8459
ACGACAATGAGATGCT,8459
AGAAGCGGTTGGCATC,8458
TTGTTATATACAACAT,8458
CAGAAGATGAGTCAAC,8457
TTAACAACCCGGACAC,8457
ACCCTGCAGGTCCAAC,8453
TTTTCTGCAAACTTAA,8452
CTATTGACGCTTGCAA,8451
AAGTTCATATACGAGT,8450
CGGGCCGAATTTGGAG,8450
CAATTGTCCCCCTAGG,8446
CGCCAATGAGATCTGA,8446
TCTACCTATGTTGAAA,8446
AGAATGGAGGTACATA,8445
TCAAAGCTTGCATCCA,8443
GGGGTAGGCAAGAGTA,8440
TAACTCTGTAAACTAA,8439
TTCCCGGATTCAATAG,8438
CTAAGAGGTGTCTAGA,8436
GCTTAGAGAACTGTCG,8435
AGCTCACGGCCCCGGT,8434
ATGATTAACACAACAC,8434
GGAGCCTTAGAAACTA,8432
AAGTACACTCTAGGTA,8431
GGCACCAAACAACTTT,8431
ACAAACACTCGCTAAA,8429
ACATCCCATGTCATAA,8428
CGAAAACGACAACTGG,8427
AAGATACAATTCACAA,8425
GCCCAAAAAAAGACTA,8425
AACTACTACGGTTCAA,8417
ACAAATACCAAATTTG,8417
CCCGAACCGCGACAGT,8417
CTTATTGCTAATGAAT,8416
CCAATTTCGTCTGGAG,8414
GACCGTACTGGAGCAA,8414
ATTATGCGACACCGAA,8413
CCTCTGAAGTAATAAC,8413
AACTAGAACGGCCAAA,8410
AAGCATTAAATAATTG,8410
AGCCGTACCGGAGCAG,8407
AGCGAGACCGAAAGAA,8406
TACGACTCACAGGGAA,8405
CTAAACATAAGCCACT,8404
ATCAAACCGCCGCCAG,8403
AACGGAGGAACGGGAC,8402
GCCGATGTTCCTGCCA,8402
AACAGCCTTAGAAGAA,8401
GTTGTAGCCTCCGTTC,8399
AGAGTTAATCATTTGT,8394
ATGCGGAGGCTTCTGA,8391
GCCCAACTGCAGAGGG,8391
TAAATTCGACTTGCTA,8390
ATGACTCTAACTGATA,8388
GATAAGAGTGTCATTA,8388
TACTCGTCGAGCACAC,8387
TGCCTAGTAACACTAA,8386
CCATCAAAACGCTCTA,8385
AAGCATAGTTTGGCTA,8384
GTCTTATTATAATGTA,8384
GGGAGACAATGGGTAC,8383
TTGGCAAAATACGAAC,8382
TTGTTACAACTCTGAC,8378
GAAAATACACGACTGC,8377
TCGGGGGCACAAACTA,8377
ATCACGCTTTTTCATT,8376
AAACGTGTATATACTA,8375
AAGGATACAGGAAGTA,8375
CAGAAAGACACAACAA,8375
GCTAAATATTACTTAG,8371
TGGAATGAAAACAGAG,8370
GTGCACCCTTTGCTGG,8369
GAGATCGTGCTCATAC,8367
TCTCAGTGTCCTGCAA,8367
CTCTGCTACCCCATAG,8364
GAGAAAGCGGCGGGAT,8364
ATGGAAACTTCCTTGA,8363
ACCGGAGCGTACTATT,8360
TGGCGTATAGCGTTAA,8360
AACCGGAGGATAGGGG,8359
TGAGTAAACCGAGTTT,8358
CTCCCTTTGAAATCGT,8357
TACTCTCTTACCATTA,8356
TGTTCGGCATGCTACC,8355
GGTGAAATACTCTATT,8354
TCTAAGTAAAGATGGT,8353
GTCTACGGACCGATAA,8352
GCCAAGTGGAAACTAA,8348
TCTCACTGTACGTAGT,8346
GTCAAAAATCTCACTG,8345
TACTCCTGGACAACAA,8345
AAACACGCAACTCTTA,8343
CCCAAACACAAATAGT,8341
GTCTATTAACATTTGG,8338
GACCGACCGCACGCCA,8336
AAAGCGGTAGTTTCCA,8335
CTGACCACGTAATAAA,8335
GACTTGAGCTCCCATG,8333
TTGTCCGCGTGATAAA,8332
ACCAAATGGACCTATA,8330
CGTCATAAGTTTAATT,8327
TCAAATAACACGGAAG,8326
CAGAAATTGCTAGCAT,8318
ATATGGAGATAAAACT,8315
GATAATGCAGTCCTCA,8315
TATGGTGTACGCCCTC,8314
GTGGAAAAAGGTGCCA,8311
AAACGAGCAACGGTAA,8307
AGGCAAATGAGAGTGG,8307
GAATGGCGACCTATCC,8305
AATGGGTTGTCCCGGG,8302
ACGTACATGCTAGTTT,8301
CACATATGTCAGAAGT,8301
GGTAACCGTAAGACCT,8301
TGCTAAATATCCACCA,8299
CACCAACAAATCCTTT,8297
CAGAGATCGGCCCATA,8297
CGTAACGTCCAGTTGT,8297
GTGCTAGATTGAAAGA,8297
AGGTCTTAACGGAGTA,8296
CTTACGAGGGGTAAAC,8295
AAGCGTCCAAGGTATA,8294
CTCACACGGTTTGCCA,8294
GACAAATCGAGGTTAA,8293
AGCGGATTCCCATAAA,8289
ACAATTTTCAGGACTA,8287
AGCAGTTTGCGTTAAC,8287
GACTGCAATATAAATT,8285
GAGCAATAGCTTAAAC,8285
ATCAACGTATAAGAAC,8282
ATCTTGAAAATCCCAT,8282
CTTCCGTCGCCGGTAA,8282
TGGAGCAAAAGTTATA,8282
ACAATTAAAATATTAA,8280
AGTATAAATGGGGTGT,8280
AATATGAGCGGCACAT,8279
TAGATTGAGACTATGC,8278
TTGGGCATTGGGAATA,8278
GATAAAAAACACGTCA,8277
CTCGCTTATTGGAAGA,8275
ACGCCGAGCGCACACA,8274
CATGTTTGACTCCAAG,8271
CTCCCGACTAATGAAA,8271
ACGAACTTAAAAGTGA,8269
TACCTTTGCCTTTTAA,8269
GTCAGTTTTGTATAGG,8267
CTGGGACTGATGGTAT,8266
TAAAATATGATAACTA,8265
ATACATAAACACACGG,8264
TTAGAGTCGCTAGCCA,8264
GAACCCGACGCAATTT,8263
GGGTAGCGTACTACGA,8263
TCTGCGCCAGACTCGT,8262
GGACTTAATAACGAAG,8260
TAAAAGTAAATATACA,8259
AGCCTATAGTAACACA,8257
GCCCCTAACTTACAGT,8257
AGGAGGGCAACACTCA,8256
CATCGTTACGCTTTAC,8253
AACATAAAGACCGATA,8248
CTCGAAAAGTGGCCAG,8247
ACCGGTCGTAGATTAG,8246
CATAGTAAAATCACAT,8246
GATTTAAAATTTGCTA,8246
ATACTCGCTCGAAAAG,8239
CACTTAGGCACGTGAG,8238
TTGACTACTTTAAATA,8238
TTGATCGACCAATCAA,8238
AATTAGATCCGTGGAG,8237
TCTCTATACTTAGTAA,8236
CGGATACAATACCAAT,8235
CTATAAGCTATACAAT,8235
CTGTACCGAGGGTTGG,8232
TATTACATCGCATGTG,8232
GTATGAACGACAATCA,8230
GGAGAGCACAGTCTTA,8227
CATAGTTTGATTTCTA,8225
ATACTCTAGTAAGTTA,8224
AAACAGAGCAATAAAT,8223
CGATTGATAACCATAA,8223
CTTGGAACGGATCACT,8223
GTGGGGAATTGGCAAC,8223
GTAAAAAAGGGGGTAA,8222
AGCGACGGTGGTTCTT,8221
GCTCCACTACAACCAA,8221
CCCCTTAAATCTTGTA,8217
GAAATGATCCTGAGCA,8215
GTAGCTCTATCTTTAA,8215
GGGGGGTAGCAGATAT,8214
TCAACTTGCGTTATAA,8208
TCTATACATTTGACAC,8208
TTTATTATTGTAATAA,8207
CGGGGCTAGGACCAAA,8206
AGGTTGTGTACGCAAT,8205
GCAACCGTGGAGCAGG,8204
GTTGGTATCGGGCCCG,8201
TAAAATTAAATGCACA,8201
TTGAAGCTTCGGTGGG,8201
CCAATCGATAAGCCAG,8200
GGTAAATGCTAAACAA,8198
ATCTCCTCCCTAGTAA,8196
AGAGTCGACTCAAAAT,8195
TAACGGGTCTTGTGCG,8195
GATGAATGACAAGTCA,8190
TCATCCATGGCAGGAA,8189
TTAAAGGGAGGGTTTG,8186
TTCTAATAGGTCCCAA,8185
AAACTTGACGAATGTG,8181
AGTCATGCCCACAAAA,8181
AAAATTTGCGCGCATT,8180
AAATAGCCCACCAAAT,8180
TGAACCCAGGACCCGA,8179
GGAGATCCACTTATTA,8178
AAACGGTCCGGCGTAA,8174
CCGTAGGAAGGATCGT,8174
CATTACGGAGCCATGA,8173
GACCGATAATAATAAA,8173
GGAGCACTCGGTGTCG,8169
GAAACAAGGGCTAAGT,8166
TGAGGACATCCAGGAA,8166
ACACTTTATTACGAAG,8164
TATTACAGGGCTGTGG,8164
AATATCCTCTCACCAA,8161
TGGGACCCTCAGCTAG,8158
GCATGATCCTCAAGGG,8155
TTCACTGATAAATCGG,8154
ATACAAACGAGATTTT,8152
CATAGCTGCACCTTTT,8152
TAAGAGCCTAATAGAA,8149
AATGTTTAAGTGTTTT,8148
ATATACAAAAAGTTTA,8148
AAGTACCCCTTTCCTG,8147
CAGGCAACGACTAAGA,8145
CATCGAATTTTGTGAC,8145
CACCGACGTTGACTGT,8144
GCGACGCCAATACGTA,8143
TCGAATCTGTGTTCGG,8140
AACATTGGGGAACGGT,8138
TTGTAAGAGTCCTAAA,8138
ATCATTTTAAGTCAAG,8135
TGAGGCTTTGAAACGT,8134
AAATACATACCATAAA,8130
ATAGGATAGGTCTATA,8125
GACCTAGTATATATTA,8124
GAGTAAGGAACTGCAA,8124
AACAGAACAGCTGCAC,8123
CGGCTCAAGATAGAGG,8122
TGAAAGCCCCCTACAG,8120
ATTGATCTGGTGAGAT,8118
GAAAGTTTACTAGATA,8117
CGGTAGCTCTGTTTGT,8116
GCCACTCAAAATTTAT,8116
GGCAATAATAGGGTCG,8115
CAACTATGTACGAAGG,8114
GACAATTTGAATTGGA,8114
ACACTCAACAGAAAGT,8112
TCTTTTCAGAAGCCCA,8112
AGCACTCAAAAATGTA,8110
AAGCAGATTCAACTGT,8109
TCCTGATAGAAAAATT,8109
AATAATAAGGATATTT,8108
ACCCTGTTCTAACTTT,8107
ATACCAATCTTCTTAA,8107
CACAATGGTAGAAGAC,8105
GCCGCGTAAGGCCCGT,8103
TAAAATGTACACTAGA,8099
GAAAGATAAAAAACCA,8094
TAAAACTACCAAAATA,8094
CACCTATCAGTCAAAC,8093
CGCTTTAGTCTATAGG,8093
GGGACTGGAGAAAACA,8092
CGCGATAAGCGGTTAA,8091
GAATCCCAGCAGCATT,8091
TAAAGAGGATTGTAAT,8090
CCCTTCTATTTAGTTT,8087
ACCCTTACTAAAATAA,8084
GCACTAACCCTCGGGC,8084
TTCCAACCGCCGTCCT,8083
GCGGGCAGAGCTTACT,8082
AGTAAGCCATCAACTA,8080
AAAGAAGTAGTCCATA,8079
TTTTGCGAAGTGACAG,8079
GCAACGAAGGTTGAGA,8076
ATATCCATATTGTAAT,8075
CACACCTAAACAGTAA,8075
CTTTATAGTAATTTCG,8074
GGTACTTTTTATCTAG,8074
GTAAAGCGACATCAGA,8073
CCTTCTTCACGCGTCA,8072
AACGGGGCGAATACTA,8067
CCAGGCAATTAAATCA,8067
ACAGCCCCTTTGAAAT,8064
CCCTCATCTTGACCGA,8061
TCAGAATAGACCTTAA,8057
ACCACAACATATTTAA,8056
TTCTAAGCAGCCTAGG,8056
TGCACTATAGAATAGA,8053
TGTATAGGTCTTAAAC,8052
TGCCTGATAGATTTAA,8051
TAACAGGCAGTCCGCA,8048
TTTGATGTATGCTGTT,8047
ACACCACATTACATCA,8045
TGATAAGTAAATCGAT,8045
CTCAATTGACCAAATA,8044
TTCAACGACCTAAGAT,8044
TATTACGGTTACACAA,8043
TAGACAGTAAAGAATA,8041
GAAACATACTTCAATA,8040
GGACGATAGCTTTAGA,8040
AAGAGGAACATGACTA,8038
ATAGAAAGTCGCCTGA,8038
TATAAAAATTAACTTA,8037
ACCATAGTCCTAAGGG,8035
CCTAAGGCCTACCAGC,8034
AGTTCGAAAAAGAGAG,8032
CCCAAGCTCATGTGAA,8032
TAAATCGCAGCGGAAA,8031
AATCATTTTAGAATAG,8030
ATTCCGAGGATACTGA,8030
CCAGTCTCACATCGGA,8030
TACAGCCATAGAAGCA,8030
ATGAAAAATGGAAGTA,8029
TTTCTTTCCGCTCCAC,8029
ACCTCTCAAAGTCCTA,8028
TCCCAAGAGGAGTATT,8028
CTTCTTAACCGGAAAA,8026
TGTTAGCCGCCTGTGA,8025
AGGATACAATATTGGA,8023
TAAACCTAAACTAGAT,8022
GATTCAACTAAGTTAG,8020
ACAGTAATACTCCAAA,8018
ACTAATTAATAACATT,8018
CAAACACTTAGTCAAC,8018
TTACAGTTTTATCCCA,8018
ATACATACCAATCAAT,8017
CACCACCTCCCGGGCA,8017
TGCATGTCACCCAATT,8017
TTGATAACAAACACAA,8017
CAACGTTTATAAGACT,8016
AAAGTTGGGCCGAATA,8014
GAAAAAACGCAATTAT,8013
GCCCTTGCGAATGAGC,8013
GTAATAGTGAGGAAAT,8010
GTCAACATGTATAACA,8008
GTGACTACCCCCGGAA,8008
GCAAAAATCCTGGGAA,8005
CACTAGAATCCGGGGA,8004
CCCTCCGCTGGACTGA,8003
TAACTAAAGTTACCAA,8003
GATGGTATGCATCCCT,8001
GCTCAAAATTTATACT,8001
CGCGATGTGTTTTAAA,8000
CTCGAACCATATCGAT,7998
TAGACTATACAATAGC,7997
GACCTGCAAGCTGTCT,7996
GAAATACAAGACGTCA,7995
TACATTAAACGAGAAG,7995
GCAATTGCTTAAATAT,7993
AACAGGTTGACTTAAG,7992
TTCAGAGGGAGATCAC,7992
CTGCACAGAATAAGAA,7989
GGCCCAAGCACATAGG,7989
GCAAAGACCTCAATTG,7986
GGATGTGGAAACTAAG,7986
TAATAAAAAGGACTGG,7986
CATAATCACCGATAAA,7983
GTGTTCTCATTCAGTA,7983
ATCTATGCGGCTGAAG,7979
AACGATTAATCAAATA,7978
AATTGATAAAACACTT,7978
ACCCACAAGTAACTAT,7975
TATACGTTGTTCCAAC,7975
TCCATTCGTTAGATAA,7975
CAACAGTGTGGATAAA,7974
CAGACAATAAAAGACT,7974
CAAAATAAAGATGGAA,7971
ATAGGGCACTCCATTG,7970
GTTTTAGATGTCCGTA,7970
ACTGTCGCTTAATTAA,7969
ATCACGCCCACAAATG,7968
AACATAGTAAAGTATG,7965
GAAGCAAAGGACACCG,7964
TGGATTGTGAGATACG,7964
TTAATTTGGGAGCATA,7964
CTTATAAGGTTACAGA,7963
ACAGATATAGGCACAG,7962
GGTCTTGGAAATGAAA,7961
CCAACCTTACTTAGGC,7960
CTAATGAAATACAAGC,7959
ATTAAATAGACTAGAT,7958
TACATAACTCCTGGGA,7958
AGAGTGTCGGTTGCTT,7957
GGGGATATGACTCAAT,7957
TATGGCACCGCAATAC,7957
ACGTACATAAATTAAA,7956
ATCCAGCGAGAAACAG,7952
CCCTAGTGTACACAAT,7951
AACAACTTAATCGTTA,7950
AATGTCAGGAAGCCAA,7950
AGCCCCATGGTTTCGG,7946
ATATATTTCATCAAGT,7944
GCCAACTTTCGATCTT,7944
TTTCGGCCATGTACAT,7944
GACCGGTAAAGACAAA,7942
TTCGAACATCGAAACC,7942
CGAAGAAACCGATGAC,7941
ATTGAGTAATAGCTGA,7940
TGAGCACGGTTAGTTG,7940
TGCAGAAGGAAAGTGT,7937
GCAGGGATAGATTGGC,7936
AGTTAAGAGGCCTAAT,7935
CAAGAAGAGAGTGAAA,7934
GCTTGCATCAATGTAC,7933
GAGTCCAAAAAAGCCA,7931
AAAACCAAGAGAAATG,7929
AAATAGAAGGACCTAT,7925
ATGCCTAAAAGAGGAA,7925
CGTTTGCTAAACCGAT,7923
GTCAATTGGCGATATG,7922
ATATTACCAAAAGATA,7921
ATCTCTTAAGAAATTA,7921
AATTCCGATTTCAGTT,7920
TTCGCTGTGTCATACA,7920
GAGGAGCCGTAAACTA,7916
TGGTACAGGCAAAAAA,7910
TTGGGACACACAGAGA,7910
AGGCTAACTTGCTCAA,7907
ACAGCGCGCTGATTTC,7905
TGAATGCTAAGTTTGA,7904
TGCTAATATGTGCAAA,7904
CCACCAAAGAATGCCC,7903
CTGTGGATCAACGTCA,7903
GAACCACATGCCAAGA,7902
AATGATGGACCAAGCC,7901
CTGAGACAAGCCTCCA,7899
TAAAAAATTTGCCCTG,7899
AATAATATCCGTGAAA,7898
CACAGTGCATTGTGCT,7898
GCGCTCAAATAGAAAC,7897
TTGAGCAACGGGATAA,7897
ACTGGTGCGACGCAAT,7896
CTCTGATGTGGACCTA,7895
TCACCATTGTAATCTC,7895
ACTTTAGTGTCTCAAA,7889
TCCGATAAACGTATGG,7889
ACCAACGTTCTTGATA,7888
CTCATCATAACACAAC,7888
ACAAGCATCATAAACG,7886
ACTGTGGACCCCCGAT,7886
GAACGTGGAAAACTAC,7886
TCTTACTACAGCAATT,7886
AGTAAAAATTTTAGAG,7885
CTTATGACTAAAAGGA,7885
GACCCACGTCAAGCGA,7882
GCATGCTGAAATCTAA,7882
AGGTAGTCGCATCCCG,7878
TGTATTGCGGATCGAA,7877
GGAACTGGTAACCATG,7874
TCCGGCCTCATTAAGC,7872
CATGAGCTTGATGGAA,7870
ACGAAATTAATCGGAA,7869
GTGTCCCTTAGGTAAC,7869
GGAAGAAAATAGTGAA,7868
GGCACCGCAGTAACAC,7867
AACCAACAACTCGGAC,7865
CAGGGCTTAACCCAAA,7864
TAACTGAACTTTCAGT,7864
GCATACCCGTATCCCA,7859
ACAACGAACGTAATAT,7856
TATCTGGTTGCTGTAG,7854
CGGTGTGGGTATCAGA,7853
AGCACAACCTACATGA,7846
CCTCGTAACTCGTTAA,7846
TCGCTTTAGATTATAA,7846
GACAAAGTAATTGCAA,7844
AACAGCCAATAAACCA,7842
ATTACAGCAGTAGCGG,7842
TACTCGAATAACAATA,7842
AACCGAATGCAATAGC,7841
AGCGAGCTAAATCCAT,7840
ACAACCATGAGCCATA,7836
AAAGTACAGATCGCAT,7835
AGGGCACTTATTAGGG,7835
TCTAGCTGGACATCAG,7833
AGATCGTGCATAAATA,7831
GACAGTGGCGTGACGT,7831
AACACTAGATCCTCCA,7829
ACCACTATAAAACAAT,7829
ACGGCTCCTAGTGAAT,7829
GGATAAGGCAGCAACA,7828
ACAGCATGCTCTTGAA,7823
GGTTATTGGACGAGTA,7823
ACCCCCGATTATAGGA,7820
GAATGCCTAGATGCAA,7817
GAGCCTAGTTTCAAAT,7816
TGCTGAGCTTGAGACA,7816
CCTTACCCGAGGACAG,7811
GCATAGTAATAGATAA,7811
TACGGCCAGTAAAACA,7809
CTGTCTGCAATGCCTA,7808
TAGACTCGGGACGTAA,7807
AGTGCGAAATCACTGA,7805
CACTAAGTAACTGGAT,7804
TCCCCCAAGTTCCTGA,7803
GACCTTTAATGATTCA,7800
TATACCCACCATATAA,7799
TGCGGATAGCGAACCA,7791
TTGAAGATATTATATT,7791
GAGGTAAAGCAAAGAT,7788
AGTTAGAGAATAAAGA,7786
GGACTAGAAAAGCTTA,7786
AACCGCCCACCAGGAA,7785
ATAGAGCGCTAATATC,7785
TGGGGAATTGCCGAAT,7784
GTGCTAAAGATGACAC,7782
ACTATTATATCAGATA,7779
GATATTAGATGATTGC,7779
AATAAATACCGTACCA,7778
GGCGGCGTATCTAAAC,7778
CAAGCAGTTACGAAAA,7777
GTCCTATCACACTTAA,7774
TGACAGATTCATGAAT,7774
GACAAGTTCATAGACA,7772
CACAACACTAGACAAT,7771
GACGACTCAGTCAATA,7771
CACAATCCGCGTAGCA,7769
GCTAAGGGACGAAAGT,7769
TGTACAAACACAATAA,7768
CTATCAACGTTCGGGG,7767
GGCATACATCCATCGC,7763
AGGGTAGCGTAACAGA,7761
CGCGCATGGACATAAA,7756
GCACCAAAGCCATAGG,7756
TAAACAGGCTCTTATA,7755
TCTACGATACCATACT,7755
AACGAAAAAAAAAGAA,7752
CGAAGACCGTATATTA,7752
AAACATGAGTAAAATA,7748
CAGTCATTAGGCGTAA,7748
CATCTTGCGTGCATAA,7747
TTTACAAAATAATTGA,7747
AAAATATTATTGCATA,7745
CTTACGCACTAATCCT,7743
ACACCAAGGGACGCTA,7741
AAGCTCAACTTGGCTG,7740
CCACATGGTATAAGAA,7739
CAGAAAGGCTGATAAT,7738
TAGTTAGCCTTCAAAC,7737
ACCACTGATTAAATAA,7736
TAGAGAGCTAGTCTCA,7736
GGAAACTGTGGTACGA,7735
AGCCTTTGATATGCAT,7734
CTACATCATAAATTTG,7730
AATGCAGATGCGAAAA,7729
TGCATAATTAAGTTAG,7729
TCTACTTTCGCAATAG,7728
AAGCCCCAACAAGGAG,7727
CCAGCTCAACAATGAA,7726
TATTTCCAAAGACTGT,7726
AATGGATAGGATATAT,7724
CAAGCTAATTCCGCCT,7720
TTATTAGAGATTTTTA,7720
CGCACTGGTGAAATAT,7719
ACACAGGTATCATAGA,7717
CTTGAACCCCATGTTA,7715
AATTTTATAAGGGACT,7714
GTTCGATGTCAAGTAA,7714
AGAAAACAAAACGATG,7713
TCTTTCCTTTCGGAAA,7711
ATATATCACGCGTAGA,7707
CTAGAGTATCAAAATA,7707
TACGTAATACTCGGTA,7707
CCAAAGCCATTATCAG,7706
GTAAATTTAACTTAAA,7705
AGGCTATATCGGCCTA,7704
ATCAATCCTAAAAAGG,7702
GCTTGGCATGAGTGCC,7702
GTTATTATATGATTCG,7702
CTGCGAAACATCTAAG,7701
CAACTCGCCAGGCTAT,7700
TGCGGCGGGCCTTATT,7700
TCCCGAGGATTGGTTA,7699
TAGGATCATAGTCCAA,7698
TGCGCCTCAACAGACT,7698
AAAATTAACCAAGTCT,7696
AGCGTGACCATAACCA,7696
ACGAGGATACTACCTA,7695
CGACCAATAAGAACAA,7695
AACACAATTTTCTCGA,7693
TTCGGTATAAATGTGT,7693
ATGCTACGTCTATTCT,7691
ACGTAAAGAGTAAGAT,7690
ATACCTTAACTACAAT,7689
TTCTTTGCGTAAACTG,7687
GGACGGAAACTATATA,7685
TTCTCGACCGCAAGTA,7685
GCAGTCCGTTGTGAGA,7684
TTTGGATATCTGTAAC,7684
TCGGAACTGGTGATAA,7683
ACTTTACGGGCAGGAG,7681
GATAATTATCCTGGTA,7680
TTAAAGCATTCTTTAG,7678
CAGCAGAATTGGCAAA,7677
CGAATAGGGAGTTGGC,7676
CGAGCATGTGAGGCGT,7675
ACTGGAAATGTCGAGA,7673
TAACTTATGTAAGACA,7671
CAACTCTCAACTGTAA,7669
GATAGCACCCGACTCA,7669
AGGTACTTGAATAAAT,7668
GCTGATAGGAAACGAA,7668
TACGAATGGCAATATA,7668
ATCAACAACAAAGGAA,7667
TCAAAAATACTAGTAG,7666
GTGCGGAGAGTGAAAA,7664
GTTGAGGATATTAAAG,7664
ACCAGCACGCAGAAAA,7663
GACAAAACTGGCAAGA,7663
ACTAAGTTAACGTATT,7661
AGCGCGGTAACCACTA,7661
CTTCGTAGAAGGTATA,7661
CGTCTGCCTTCTATCT,7659
AACCACTGCCGTAGTG,7657
CATTTCTTATGGATTA,7657
GACCCATTTTACGTCA,7657
ATACGTTGGTGCCAAA,7654
GTAAGATCGTTAGTAG,7654
ATAATGGAAATCTAGT,7652
GATCTGGAGTTTCACA,7652
TTCGTATAAAAGTAAG,7651
GAAACGGTATACCAGA,7649
ATCAGGAGAGTTGGTA,7648
ATTCTATTTAGATAGT,7646
GACTAGGCTATGAGAT,7645
CATTTGTGTGCCATTT,7644
TGGACGTTTGAGCGGA,7644
TTACCTATAGGAAAGA,7642
AAAAGTGAGGCCGTGG,7641
ATTTGTGATGGTTTCA,7640
CAGGGCCCTTTAAACT,7639
CGGCTCGGATTCAATC,7639
ACACATTTCAATGCAA,7638
AGTACGAGTATAAAAA,7638
AGTAGTTCTACCCTAT,7636
GTCGATGTAACGTCAA,7636
TATGCTAGACGCACAA,7635
AAATCTAACTCCGAAT,7633
CTCAGTAGTAAATATA,7633
ACGTATCTTTCTCATA,7632
ATCGCTTTTTTCGAAG,7632
GCCCAACTATATGTAC,7632
TACACAACAATAAACA,7631
AAAAACATTTCTGAAT,7629
AATCAAAACGCCGACT,7625
AATAGTGTACAATCGA,7624
TTAATAACAGTCGAAT,7623
TGAATTTTATCGTAAG,7622
ATTGTGTACGACAAAA,7620
ACTTTATTACTAAAGC,7618
CGCAGGGGATGTTGGA,7617
AATAAACACAACCAAT,7616
TATGAGTAAATGTGAG,7615
TCATTATGAAGGGTAT,7613
TTATCTGTGACATTCT,7613
CGGATAATCATTCAGA,7611
GGCGCATTGCCCAGAG,7611
TTTCTCCACATGGCCC,7611
GATCTCAACAATAACC,7610
GTCTAGCCATTCCTAT,7609
ACCAACACTCTATAGT,7608
CGAAAGGATTCATTGT,7608
TTCATAAGCTATATAC,7608
ACGGTTCAGAACAAAG,7607
CTGAAGGCTGGTTAAG,7606
GCTCCACTCAATACAT,7602
TTTGACCGTTTAGATT,7601
ATACGTAACTTCTTGT,7600
ATGAGAAATATCCTAA,7600
ACACATGCTAGGGTTA,7598
TACTCAATACATATGT,7598
ACCGAACGTTTCAGGT,7595
AGTGAAGAGAATCACT,7595
CGCGTCACCTAAAGAC,7595
CGTAAATCCCAATAAA,7595
TATCAACGCTTTCATA,7593
GACGAATGTAAACTGA,7591
TACGAGGAGGACCTAA,7591
GTTATATCCACAATGA,7590
ATATGTGTCGTCCACT,7588
TGTAACAGAACGGAGC,7588
AGGAATTTCTGGATTC,7586
CGTGATCAGTCACTAC,7583
CGGAATAGGCACAATA,7582
GCTCAGTGTTGCTTAA,7579
TCATCAAACCTTGGAT,7578
GCGCTTCCCCTTCTAT,7575
ATTGGGGGTTCACTAA,7574
CTACATGATGATCTAT,7573
GAAGTTACACCAGGAT,7573
AAATCCTCGACGGGGC,7571
TACTTCCCCTACCAAG,7571
CTTATAAAAGGACAGT,7570
CACTTGATAAGAGTTT,7567
CTTTAGTTATACAGTA,7567
GTGTTAAAGAGATTGT,7565
GCCCGGTACTAGTTAC,7561
CTAGTGCGGGATATGA,7558
CTTCTAAGAAACAGGT,7557
TTCAGGTACTAAGTAA,7557
CGGAGCGTAGAGATAA,7556
TGAGTATTGGGGGCCA,7556
TAATCCATATGCTTGA,7555
CCCAATTTGAATTAAA,7553
TAATAGTACGAGACTC,7553
AAGAATCAGGATCCAT,7551
CCCGAAACTTATTTAA,7551
GCGTCTGCTGCAAAAT,7549
TCGGATGGTTTTACAA,7549
ACATAATATGCGCGAT,7548
ATTTCACTGCAGCATC,7548
TAAAACGAGATAATCG,7548
AGTAAGCACTACTAAC,7545
AGCCGGGTTTTTTCCA,7544
ATTGTGGAAACCGCAA,7544
CACAAACTGCTGGGGT,7544
CATGATACAAGCGGGT,7544
GAGCTCACGATAGAAA,7541
ACGAAACTAAATTATG,7540
CAGAACAAGTTCGAAC,7540
GACGATTGAAACACGG,7539
TTCATTTACAGCAGGA,7539
CAACATAAAATGTTAA,7538
ACTCTGCGTGTTAAGA,7537
CAGAATAAGAGCTGTA,7537
TGGGAGATATAGAACA,7536
ACACTTGTCATATTTC,7534
GCGCCTTAAAGGAAAA,7533
CCGGAGTATTAGCTGC,7532
TAAACAGGAACACAAC,7530
ACTTTCATGCTAGCCT,7528
GGGACTTAGGTTATTT,7528
CGCACACTCCTACCTT,7527
GACGCACTATTTAAAA,7527
CAGAAAGTCTAGAAGT,7526
ATTAGTTCAGGCCCAC,7525
CAGTGAACACGTCCAT,7525
TATTTGAAGTCTCAAT,7525
AAAGCCAGTAGCATTA,7523
ATAGGAGTATGAAAAA,7523
GGGATGCCGAGAGGGG,7523
CGACTCAATTGTGTCG,7522
TGATGGGAATACGCAG,7518
TTTGACACAACCTTTG,7513
GTAAACGTGATTGGCA,7510
AGACTCAGAACCTCAA,7509
AGCTGTATGGATTATA,7509
CCTACTAAATCCTGAA,7509
GAATCGAACACTAGGA,7509
GATGGACAAAGTTTAC,7509
TCGATACATGGTCTAT,7508
ATATGTCATGCGGTGC,7507
GACCCAGAGATTATAA,7504
GATATACGCTAAACCA,7504
TACCTTGTGATATCAA,7500
TTGCACGAAAGATGCG,7500
GACACTGATTCGACTA,7499
CAATTCCCAACAGAAC,7498
TAGCACACTAACGCGA,7498
ATTTCTACAACAGCTA,7497
ACCACAGGTGTCACAA,7496
ACCCGAGGAATCTACT,7496
CTCACGTCTACGAAGT,7496
CTAGTGCGGCACTCCG,7494
ATCCCTAATTCTAATA,7493
AAATTTAAGAGAGAGG,7492
TCAACCGTGACACCCA,7492
AGCGTCATACAATTCA,7491
AAATAATAGTAAGGGA,7490
ATCAATAATGTCATAT,7490
ACAAATACCCCGCCAA,7486
ACGACTAAATAGGGGA,7485
ACAGAATGCCGACTAA,7483
TGAGGTGACAAGCCTA,7481
AACTGTGTTACCTACT,7478
CATCTAATAGGTGTAC,7477
CGACACATTTTATATA,7477
AAGGTTACCTATTAAC,7474
AGTAGGACCTCGTCAA,7474
CATACGAACACTTAAA,7471
CATATACGGAACACAG,7471
ACTCCGAATTCGGGCC,7468
CGCTTTTCAATTGGAG,7461
AAATAATAATTCCCAT,7459
GTATTCTCGCTTAAGT,7459
CACAACATAACCAAGA,7457
GTCTAGCCCAAAGCTC,7457
TCAATGAATGCTAATA,7455
ATTAAGACTAAAGTCA,7453
CACAGACAGTTGGACA,7451
ATTTGGGATGTCTGCA,7450
AGTAAAATTTAGCTGA,7449
CAAAACCACCGGTCAG,7446
AGAAAACCGGTCTAAA,7445
GGGGCTATCTCAAACT,7443
TAAACTACGGTCGGGT,7442
GAAACGATCGACGGAG,7441
TTACTTCATCCGATTG,7441
CCACGTTCGCCCGAAT,7440
ACGCAGTAGAAAATGG,7439
AAGACCCCGCGTCAGA,7435
AATCACGTTAGTATAT,7434
AAATTTTAATAATGGC,7433
AGTTTATGAGCGTAAT,7432
CAAGTTCCCCCTGCAT,7432
TCCCCCAGCGATGCAA,7432
GTTAAAGCTAGTGAGG,7431
CAGGCAAACTGACAAA,7430
ACCGTCAGATTCAATA,7427
ATAACCGACGGGTCAG,7422
AAAGCACTGACAAGCA,7419
AGTAGTTGTATTCTTA,7419
GTACGTTGCAAGACAA,7419
ACCAACTACCTTAAGA,7416
GTGTATGTGGTCTGAT,7416
CGAGGCAATAAATGCG,7409
TTGAGGGTCGCAAATA,7409
AGAACGGTCGCAGTCA,7406
GAGTGACAACAACCAA,7406
GAGTTATTCACTGAAA,7406
CGGATTGCGTATCGAA,7403
AAGACGTGTTGGCCAT,7401
AGTAAAAAGTTACCAT,7401
GTTTGACTCCAGGAAT,7399
TCGACATTCTTAATGG,7399
TGTGGTTATTAATGCT,7397
CTTACGGGAGCGAGTT,7393
AACATCAAACGATTTT,7392
CCCCTGAGAGTGAAAG,7392
TGCTGCCAGTCAAGGA,7390
CGATCGGAGACTATAC,7389
CTGTCGTGGAGAGTAC,7389
ACAATATTTTAAGAAA,7388
ACTCTTTAGCCTGAAT,7388
ACAAAGGATGACAAGT,7387
AAATGGAGTCGGCATT,7386
TGGCACAATAAAATTA,7385
GCCACAAGCGCACACA,7384
GAATTAAAGCAGGTTG,7382
ATCTCATGACGACTAA,7377
GATGGTGTGATAACAT,7377
GTATAGCCTATAAGAA,7377
ATTAAATTCACCCCTG,7376
CGGGCAGGCTATTAAA,7374
CTATCATTATTTGAGA,7374
GGGCCCAATCGCTCAA,7372
CACACCAAACGATACA,7371
GGACTATGTCTTTAAA,7371
TGCCTGTTCCCTCACA,7370
AATTAGTCCAGGTATC,7369
ACTAGATGGTATAGTT,7368
CACAGAGCCTTGACCA,7367
GAAAAGGGTTTTTTAA,7365
GTTCTTTCCCTCACGG,7364
CCAAGAAAGTTCGAAA,7363
ATCCTATCAACGGAAA,7362
CACCTTCCAATATTCT,7362
ACGATACCGTGATGGA,7358
CACGATTAAAACCTTA,7358
TTAGAAATCTTAATAG,7358
AACGACTAAAAATACA,7357
AAGACAGAGACTCCAG,7357
AATGCGGGTTTAGTTT,7356
CCTAAACCCTACGTCT,7352
ATTTAAGACACTAAAT,7351
GGAGTGAGTCTCCTCA,7350
CCGGTAGTATAATACA,7348
GGTCTTAGCACAACAA,7343
AAATCCCGTCCACAAA,7341
ATAAAAACAGGGCCGG,7341
GGCAAGCATACAACTG,7341
GGAGTAGAATATCTGA,7337
TCATGGAGATACACGT,7336
ATTGAGTATGCCAATA,7334
GCTTAATTTGATTGTT,7332
GAGGACTCTGTCTCAA,7330
GGAAATAAGACAACAA,7330
GGCGCAGACTAATGGA,7330
TACATGTGATGTCAAT,7329
AGAAATAACTCATGCA,7328
CCAAAAGCTCGTATTA,7328
ACCAATAAGAACGGAC,7327
AGACCAAAGTCACATG,7327
CAGCCGGTGACGGTAA,7327
CACAAACCCAAATCAA,7326
CATTATTACACAACTT,7323
AGAATAGTTATGGATA,7321
GCTAGACCTATGGGTA,7321
CATGCGTACTATCCGA,7319
TAATAGAAGGTGGTAT,7317
ACTCCAATTGTATGGA,7314
CCGGTTGCGACGAACC,7314
GGACACTTGTTGGTAG,7313
TAGGTAAGGTAAAATA,7313
TTCCGCCTACCCGAAA,7312
CACCGTATTTGAGCAA,7311
GACAACTGGAACCTAT,7311
AACGGTTCGACTGATA,7309
TGATCTATCGTCGCTT,7309
GGGTTACTGCACGATA,7305
AGCCATGCATCAAATA,7303
ACTGTAGAGGTTCTAA,7302
GTGTACAGAGTAGAGT,7302
CGTGTAGATTGCTCGG,7301
CACGCTTTGACATGGA,7299
ATTTTGAATTTCTCAG,7298
TCGAGGCGCAAGTACA,7296
GGATACGAACCACGAA,7295
ACAACAACATATCCAA,7293
AGCCGTACCTATAAAT,7293
ATTCCTGGTACCAAAA,7292
CTCTTTGATAGCGTGA,7292
GTTGAGCGGCTATGCA,7292
AAGAGAAGTAACAAAA,7291
GGTTGAACATGGTCAT,7291
CAACCTGGTTTACGCA,7289
TCTTGTATTGGGTAAT,7288
CAAAGGAATACAAGAT,7285
TCCACAGAACACACTA,7284
GGGGACGTGAGAATAT,7283
TCTATTAGATGGTGTA,7280
GGGGCGCTTGTGAATC,7278
AGAGTCTAGATACCAT,7277
CTTATAAAGTGAACAG,7277
GGCATTAATCTAATCG,7277
AGAACTGAATCCACCT,7276
ATCGGGGATGAACAAT,7275
GGAAACGTGGGCAGAT,7273
TTGGCCCACTCAAAGA,7273
TGTGAATATGATGCAA,7272
GATTGAACGCGATTAA,7271
AACACATGATGTATGA,7269
CGAGATCTGTCGTTTA,7268
AGCGCGGCGAGGCTAC,7267
TATTCGCTCAGTTGGA,7267
AAGAGGCCCAAGCCTT,7265
ACCTGCCTGATGTGCC,7265
ACGACCACGTAGTCGG,7264
CACTATCAACGAGGGA,7264
CCCGCAAGACATAACA,7263
AATTGACGTTTTTTGT,7262
AAATATTTCATAAAGA,7260
CATCGGAATCTTCCAA,7260
TATACTAAAGTGAGAA,7260
ACCTAGAAACTACAAA,7258
AATAATTTCCACCCGA,7257
GCGGGTATAGAGGAAC,7254
AAAGATAAAAGGACTC,7252
GTATCTAAACTCCTGA,7251
AACACAGTGGGAGAGG,7247
AAACTTACGCGGTTAG,7246
AATACAAGGATGATAG,7246
CACTTGACAGACCTCA,7246
CACAAATCAAGAGCCG,7245
GTCAAACAAGGGCCAG,7245
GGAAGCCAGCCAGAAG,7244
GCCACCAAGAATTCGG,7243
TGAACCTTAATCAAAA,7241
TTTAATATGGCCAGCA,7239
TAAGTTTATTGAGCTA,7238
AACCCTGTCCTTCTAA,7235
CATGATAAAACACAGA,7235
GGGTGAATCACTTAGA,7232
ATGTTCCGCAGTGTAA,7228
TCCATTAAGATGCAAG,7228
TTATGAGAGTCCAATG,7228
CTCTTTACATACATCA,7226
TTGCCAACCTACCCTG,7226
GGCGATGTGACCCAGA,7224
CACTATTCTACCAAAA,7223
CAGTAAAGATAGGAAA,7223
GCGGAGTACCTCAGGT,7223
AAATAAACACTACCAA,7221
CTTGGTACAACCTATA,7221
GGTAATGTAATTTAGG,7221
ATGGTTAAGCAAGCAG,7220
CGGTACAAAACGGAAG,7220
GCATGGTAGTCTCAAG,7216
GTCCTCACAGAGGTAC,7216
AATCATCGGACGAAAC,7213
GGACTTGGATTATATG,7212
ACTATCAAACTAACTA,7210
AGGGGTCCCCGAATGG,7210
ACACCAATGAACAGTC,7207
AACACCGCTCCCTATA,7206
CAGCACTAGGCTAAGA,7202
TTGCATTTCCGATAAC,7202
AGTACACCCCGTCCAC,7201
TTAGGGAAGAAGTCCG,7199
TTTAACACAAAAAACA,7198
ATATGTATCTAACAGT,7195
AGCGATTGTATTACCA,7190
GAGTTTAAAGGTCTAA,7190
AAAAAATTATGCCAAT,7189
AGCTCTTTCTATACCG,7188
AATACACGGGACCCTG,7187
GAACCCATACATATAC,7186
GCTGATGGATGTATGT,7186
ATGTATGTAGAATTGA,7185
ACATATACCACTTTAA,7183
GAGAATCAAGTCTACA,7183
TCCCTAGGCAGATACG,7183
CCAGCTATTTCGTCAT,7182
AAATACTTAACTCAGA,7180
ACGCTTAAAAAGAATA,7179
CGATGAGGTAACTAGG,7177
CTACCTCCCTAGATAA,7176
CTGAATACAGAGAATG,7176
AAGCACACTCACCCGA,7173
ACATTTGAATAGGAGG,7173
AGAGGTACTACCAACA,7171
TGAATTCCAAATCCGA,7171
TAAAGACCTATGTACA,7170
AACCAACAGCGATGGG,7169
ACAGGAAATGGAGCAC,7169
CGCTGCTATATACAAA,7169
AAAGCTACTGCTCAGC,7168
ATTAGCCTATCAACTA,7168
GAAGCAAGCACGCACG,7168
GATTCAACCGCGAAAG,7168
ATAGTTCGAACGTTCA,7166
CCGCTTGTAGACGAGC,7162
CATGTAATTCCACTTG,7161
TTTGGGCTTTCTTTTG,7161
GGCTACCACCTAACGA,7160
ATTACAATTTAAAATG,7159
CTGTACTTCATGGATT,7157
ACAAAGAAAATCGGGA,7154
GAAAATATTTGCTATA,7151
TGAACACTGACCGGGC,7150
AAAACGGCATCCAACA,7148
CGCGCGGCAAGGAAGA,7148
ATCTAGACAGCTAAGA,7147
TTAGCGGAGAGATAAA,7147
TCATATCGGCGGCTAA,7146
AATTGACACCGCTCGA,7145
TAGCAATCTTGGACTA,7145
CTCCATGGTTTATGTC,7143
AGTATAATCAGCTCTT,7141
ACCAGCCGGCACAGGT,7138
GACTTAAGGGAGATAA,7137
AGCGGGCAGGTTCAGC,7132
GCCACACATCCTGAAA,7132
ACTTATGGGATAAGGG,7131
CAGGGACCAAAATAAA,7130
TTCCCCGGATTCCGGA,7129
AGTCAATTACCGGATT,7128
CAAAGGAAAGAGCCAC,7128
ACTAACGTACGTATTA,7127
CCGATACCAGCAAAAA,7127
CGGGTAAAACTAGGGA,7126
CAAAGAGACCTTAGTA,7125
GGGGTGTTATTATGCG,7123
TACCCTAGACGATGAA,7121
GATAGAATGTAACAGA,7120
CAACCTAGTGTAGGAA,7116
TTTACGCATTACTGAA,7115
AAAAACCGTACCACAA,7114
CAGACAAACCCAATAA,7113
TATGGACAATCACAGT,7113
ATTACATTGCCCCTAA,7112
AAAGTAATTGGTATAG,7110
CATTCAATGCTATACA,7109
CTGACTCTACGAAATA,7108
CGACACCAGAAGATAA,7106
GAAGTCGCATATCCCA,7104
GTATATAGTTTAGAAA,7104
TAGTGACTAAATATGA,7100
ATCAGTTGATGACTTT,7099
TGATTCTCCCTTTACC,7098
CCTACGCAGCGTACAA,7097
TTCCCAAAAAGTCACA,7097
CAAGGATGTCAGAGAA,7096
CGCCTCCTTCCATCAT,7096
AAACAAAGCACCTATA,7095
AGAGTTAAATACTATT,7093
ACCAAGCCAAGAGCAA,7092
AATCGTTTAACGACGA,7091
CGTCGAATCCGTATGA,7091
GGGTGAGGTTTGTGTG,7089
TACGTAAAAGACGCAT,7089
CTCGGTGAATAAGGCT,7088
TTACTTTAACCGGCGT,7088
ACTGACATACATAGAA,7087
TATCAAGAGAACACCT,7087
AACGTGTGGTTCAGAA,7083
CTGAGAATGACAGAAA,7082
AAAAACACGAGCCCCT,7081
GAACTTCTGGGAGAAG,7081
AACGAGCCATATTAAT,7079
CATATCATAGTGTAGA,7079
ACAGACTGGTTAAAGG,7077
ATAGACAAAAGGTCAT,7077
CTGAATTACAATCCTA,7077
GCTGGCCAGTGAATGG,7076
ATATAAAGTCGATCAA,7072
TATGACAATGGTGCAA,7070
GGGAAGATCGTGTCGA,7069
AACATAACGCGGAGGA,7067
GATAATGATTCAGAGA,7067
AGTGTACGTACATAAC,7061
CTTAAGTACTACTCAA,7061
TAAGACTGTGATATAA,7061
CGATACGTGTACCACA,7058
GAACAGTGCACTACAC,7057
GCGAAGGCCTAAGTAC,7055
ACGTCATCATGAACTA,7054
TTTCGCGGATAAAAGG,7053
GTTGGGGGAAGCATGT,7050
TCTAGAATTGTTGGTA,7050
TACGTTGAGCCAACGG,7049
AAATATACACCAAGGG,7048
TAATGAGAACATGGGA,7046
TTCTAACAGATTGTTA,7046
CCTACACTGTGCGGAT,7044
GAGAACTACATAGATG,7043
AGAATAGACGAACATA,7039
GTAAAGACAAGGGAGC,7039
ACATTTAGAGTCGCGA,7038
TATTAGGGAGGGCTGT,7038
TGACATAAGAACCTAA,7036
CCTAATGGAAACGCAT,7029
CCAGATCATGTAAGCA,7028
ATCCAGGTCCCATATA,7027
GACCACAGCTAAAAAT,7025
TGATGGATGGCATTAG,7025
AAAGCATACCTTTCCT,7024
ATGAATAAAACTGCAT,7024
AAGCTAACGGGACGAA,7023
TATTTGAGGCGAGCGT,7023
AGGGAGATAGTTCCAT,7022
TCATCCAAAGTTCATT,7022
GGCACAACACTTAATA,7015
GCCTTTAATACAGGGG,7014
CTATGAGATCAAGGTA,7013
TCCTCTATCGTAAGGA,7011
GGGAGTCCGGGATATA,7010
TTACGGTATACGACCG,7009
ATCATAATTGGTGATA,7008
TGCGATTATAGCGCTT,7008
CTACACTATTCAAACT,7007
CTCAATTCAATTTATA,7006
AAACACTTGCGCGAAG,7004
CAGACTCGAACGCATA,7004
GAAGGGACAGTATTAC,7004
GACCAGCCCGAATTCC,7004
GGATTAAACCGGTGGC,7004
TATCAGCTGTCCAAGG,7003
AGCAATGGGAATAATA,7002
CAAGAACATGACAAAA,7000
CAGTCAACTGCGATGA,7000
GAATAGGTAGAATGTA,7000
TACCCAGTGCTCTCTT,7000
ATAGAATTAAGAAACC,6993
GTATCTAAACCTTAAT,6992
ATGACACTTTAACCAG,6990
TCAAACACCTGTCACT,6990
GACAACGGAGTACCCG,6988
GTTTAACGAATGTATA,6988
GGAGCTACACGACACA,6987
GAACCCAATTCTGAAC,6983
TCTACGCGATGAGTAT,6983
CAGGGAAAACATGTCA,6981
TAAGTAACTTCATCGA,6980
GATTAGCAGTTATTCA,6979
GGCAGCCGTACCAATA,6979
GTTTCTTTTACAACGA,6979
ACAGACTGGCCAAATA,6978
TGCTGACAAAAAGTTG,6978
GAACCCACTAGAAGGA,6975
ACTACCATCATTGCGA,6973
TTAGCTAGAGCAAATT,6973
ACAACTCATTAAAAAA,6971
ATGGGTGGCATTGATA,6971
TGTGGAGAAATGTTCA,6966
CACAGCACTTGACAGG,6965
ATTGGCTCTGAAATCA,6963
AGCTAATCCCTAGAAA,6962
CTAGTATTCCGCATGT,6962
AGAAATATATTATGGT,6961
AGGACTGGAGCGGTAC,6958
GATAGAACGGCAGTTA,6957
TACCAACCAAAAGGGA,6957
ATACTCTCGTTACTAT,6956
GAGGAGAACAGAATCT,6955
TGGATATAGGGGATAC,6955
ATAACTTATGTGTTAG,6953
CAACTACCGTAATAAT,6951
AATACGACATCTTAAA,6949
CACTGATGCCCGGGTG,6946
TAAGTTAATATGAATG,6945
GATTAGCCATCCAAAA,6944
AATCAGAGTGGATACG,6943
AATGGGAAAGTTATTA,6943
GCCTACGTGTAGTTCA,6943
TCGGGGTAAACAGTAC,6942
AACCGTTGATACCCGA,6940
ATTCCTGGAATAAACT,6940
TTATGTAAACGAAGAA,6940
CGCCTCGAATAGGCTA,6939
GACGCAGAGTACAGAC,6937
CAAGTTCTCTAGATAT,6936
ATAAGAAATTGGCAGT,6934
AAGCCTGAGGCGCACA,6932
CTTCCAGTCAGGTCCC,6932
GGAGCCTTAGAAATTA,6932
TAAAATGGAAAACTTG,6932
ATATTAAAGTCTAAGT,6931
TGGACTGTCCACTTGG,6931
CTTGATTGTTTAATGT,6930
AAAGCAATCCACCAAC,6928
ATGTGTGGCATCCCTA,6927
CTAACGAAAGCCTCCT,6926
ACAAAAGGATTTATAT,6925
AACATCGTTTAGGAAG,6923
CCGCGAGCAATGTGTA,6923
TTTCCCAACGGAGGAA,6922
AAATCCCAAATGTCGA,6921
GGATTAATAACAGGAA,6921
AGCTAGCACTTATATC,6919
GACTTTATAATAATGA,6919
ATTTCAGACTCGCAGT,6918
TTGTAACCCTTAGGAT,6918
TATGAATCACGGACTT,6916
TAAACGAACAAATCAT,6915
GTGAGAGTCAGCTTAA,6914
TAAGAGAACCGAGGAC,6914
GGTACACCTTACACAA,6913
CCTTAATTTTAAAGAC,6912
TGGACTGGTAAAAGAA,6912
TTAGAGATTTGGGCTA,6912
AAATCGAAGTTCCCCC,6911
TCCACAAACATAAACA,6911
ACTGCTGCGCATGTAG,6910
ACCACACCGGGAATAA,6908
CAAGGTACGGTTCAAT,6908
GTGCCATATAGCTTAT,6908
AACTATATGTTGGGAG,6907
AAGATTTGAGCAAAAA,6907
ACAAATCCGTATATTA,6905
GACAGCCACGATCCAT,6904
GCCAGGTCATAAGCTA,6902
TAACTTGTAGATTGAT,6901
AAGAACGATACCGGTA,6898
AGTAGTTAACAAAATG,6898
GGCCGAGATTCACAAT,6897
TAAGAGGTCGCTTCAG,6894
TTACGGAACTCAATAT,6892
ACCTTTTTAAATATAT,6888
CTCTAATTCTCAAGAC,6888
GCACGAGACCTAAATG,6887
TGTTGCCATAACAGTA,6887
AAGAAGAGCACAAAGT,6886
CAACAGCAAATACACA,6885
TTCGAGCAGCACAATA,6884
ACATAGCACTTATTGT,6883
CTGTCCGCGCTTCCAC,6883
TGTAACCCCACCATAA,6883
ACATACCTATAGCTTT,6881
ATTACCAATAGCCAGG,6879
TGAAGAATCAAGTACA,6878
GAGATGGTTAGGGTGC,6875
ACCCAGCAACGGCAAC,6874
TACATGGGCCAATAAA,6873
ATGACCAACCAGTTGA,6871
TAGATTAATTTGAAGA,6871
AGTACATCGCTTGGAA,6869
CCACTGACCATCTAGG,6868
CCTACTCCCCGATCCA,6865
GCCCATAACCTCATTC,6865
CTACGTGATTTACAGA,6863
TCAGAAACGTAGAAAA,6863
TACAGCACATACATAA,6862
ATAATTAGGATGAATA,6860
GATTTAATACACGCTA,6860
ACAAGTACTAGACCAC,6859
CTGGCGACTCGCTTAA,6859
CTAAGCTCACAGCCAT,6857
TTTATATGAGGCACTA,6857
AGGTATGCAACTAAGT,6856
TTCGAATCATCTCCAT,6856
AGGAATCCATCGTCAT,6854
AGGTCCGGACCCTGGA,6854
AAGCGTATGATATTAA,6853
CTCGTAGATAGACACC,6851
GGATACGCTACAGCAC,6850
TTGTTCTACTTAAAAA,6848
AAATCTAGGGGTGAAT,6847
ATGGTAACCTACAGGA,6847
GACTTCACCTGCTGCC,6847
GGTGCGGAGTAGTTAA,6847
TACACCGAAAAGCCGG,6845
CGGCGACACCCGGGGC,6844
ATTAGAAAGTAGGACT,6843
TAAGTAAGGTTAGACA,6843
ATATAATGAGTGCCTA,6841
GAAATTTGATGGGTGT,6834
AAACAAGGCAGCAGAG,6833
GCATCTAGGACCTAGC,6832
CTATAACGGGACCCGT,6831
AGGAAGTAAGCATTAC,6829
CCCTGCCTGGTGATTA,6829
CTCCCGTCAAGGAGAA,6828
GCTCCTATTGCATTAC,6824
TTGCTGACTAACACTT,6824
GCGTTGGCAGTCAATA,6822
ATTCGAAGATTGTAAG,6821
CACTAAGAATATATGA,6819
ATATATCTTAGTTACT,6818
CCATCTTGATTGTGTG,6818
TCACAAAGTGGCGTAG,6818
TCCAACCCCAGGCCTA,6816
GTTTGCCTATCCGAAA,6815
AATCACGACGTTTCCA,6813
CGTAGAAATGCGAAGA,6813
TAAATGAATTTATCTA,6812
TCGAAATCGAAATAAA,6808
CACGCGACCTAAGAGA,6806
AGGTGAATGTTCATAG,6805
GCGCACTGACCAGGTT,6805
TATGAAACTTGGGTTA,6805
CAAGTCACAAATCTCA,6804
CGCGCCTGGTGTAGAC,6803
CTGTGGCCCACTACCA,6803
TTGCGTTCAGAAGTAT,6803
AACAGGACAAGTCACT,6802
ATGAGTCCAAGAGAGG,6802
CAACATGCCAGAGTAA,6801
GAATGGGTTATACAGA,6801
ATACAGGAGCTCGCCA,6800
GTAAACACGTCAGGTA,6799
CTAATAATAAGTGGCA,6798
GTGCCGCCTTCCTAGC,6798
CAATGATACAGCTGGG,6795
CCCGACATATCTCTGC,6795
CAAACCTTAGAGCTAA,6794
TCTCGACGGAACCACC,6792
ATTTGCTAGGGGCTAT,6789
ATTAACTAATGATCGT,6788
CCAATATAAAGTAAAT,6788
GACCTGTGAATCTACA,6788
GCAGTTGAGGGTCCAT,6785
GCGCCTTAACGTCATA,6783
CAAAAGAAAGGGCACA,6781
GACCTGACGGGTAACC,6781
GACACAATTCTACAAT,6778
ACGGCAACCTTTACAA,6776
TTAAAAAGATCATAAG,6776
GCCATATAACACCTAC,6775
CGAGCTGTACCCTCCA,6774
CTCAGAAGACATAAAA,6774
GTACTTTACATATCTA,6774
TACTACACGGCCCGAA,6774
TTAAGGGCCAATCTTT,6774
TTGACAGGTTCTTCAG,6771
CGGGATACACAGGTAC,6769
GATTAACGATAGAATA,6768
ATCATTTTCAGTCTAT,6767
GAGTATCATAGGTTTA,6767
TCTACACTCGCTTCAA,6765
AACAATAGACAGCACC,6761
AGGCAACCCGAAAGGA,6761
GGTTAAACGGGTATTT,6761
ATATGAGAGTTATGAT,6759
CAACGGCTCGGAAGCA,6759
GAAACGTGGAATGAAA,6759
ACCGCCACAATCTAAC,6757
AATCTGATCTAAAATA,6756
ATTGTACTCCACTTAT,6756
ACGCAAATTTATGCCT,6746
CTAAGATATCAGTATT,6745
CTACAATTGAACTGTA,6745
TCTTATTAATGAGTAA,6745
CTCCCCCAAGACAAGA,6743
ACAGTGCTCACACTAG,6742
GATAATGCCTGCTAAG,6741
GCACCTTCCGAGCAGT,6741
TGAGCTACACTAAGAT,6741
AAAGACTAGCAATGAG,6740
CTGCAAATAACCAATA,6739
TATGCAAGATGCCATA,6738
CACGGTATGCAGGACT,6737
GCTGCATTATTCTAAG,6737
CCACAATCTCAGCTAA,6736
ATGGACTGGATTGCTT,6735
ATAGCTATAGACGTAA,6734
ATGCTTCAAATCGATA,6734
TGAGTCGCTCCTACAG,6734
TACTAGACCGAGTGGC,6733
ACGTATGGTTAAGTAT,6731
CATACCCACTTGTTGT,6731
TGTAAGCATGCATAGG,6728
CTCAGGGAGGAGAACA,6726
GGCCAGGAACACCCAC,6726
TATGACGAAACTTCGG,6726
ATACTGGAAAAGATTG,6724
CAGCTTAAGCCAGAGA,6724
AGCAAATAAGATGAAA,6721
AGTGACAAAACCTGAG,6721
AGCCCCAACCACCAAT,6720
CAGATTCATTACCAAA,6718
GGTTTGACAAAGAAAG,6717
CCATATTCACCTGTAA,6716
CTGGGAGCACCCATAC,6716
AGCGGAACAACATCAA,6714
GCGCGAATATTTGCGA,6714
AAAGTATGGTGATTTA,6713
CTTGATACATCAAGAT,6712
ATGGACAACTCAATTT,6711
TATAAACCGATAAAAA,6711
GGTCCTGGCCAAAGAT,6709
TGTTGGAAATAGCACA,6709
GCATAAACAACTGCTA,6708
TTAGAAAAGCCGAACA,6706
AGTCGTGACCGTCGGA,6704
AAGCCGTTCTTGAAAG,6703
TCCCTGGCCTGCCACC,6703
CTGTGAAAGCACTAAG,6702
GTGCAGAGCATAACAT,6701
TCATGCCAAACATTTA,6701
AGTGGCTCTACCATGG,6700
CCTAGCTTCACATTTG,6700
GAGACTATGTCCAGTC,6699
CGTAACAAGCTTATAA,6697
GAAACGCAGACTAAAC,6697
TCTTCCGTGCAAGTGT,6697
CATACTTTTAAGCGAA,6696
AATAATAAGACGAAAT,6694
ATGTTGGAGTTGCACA,6694
CACGTTGGCTCTAGAA,6694
GGCCCAAGTATTAGCA,6693
TTTTTATCACGGTAAC,6691
GTTATGCAAGAGATTT,6690
AACCGTCCGGGAATTC,6688
ACAGACATGGATAAAT,6688
CCCCACACATTGTAAG,6688
TGGCATGACCGAGCGG,6686
ACAAATGCCCTACTCA,6685
GAATACACTAAATTCA,6685
GCTTGTGACTGAGTGA,6685
AATACTCCGAGGTGCG,6684
AGCTATATGAACCTAC,6683
AACTATTTGAACCAAT,6682
AGGGAAGGAAGAGGAA,6682
CGAGTAAAAATGAATA,6682
AAGCCTTTATGTACAT,6680
TGGTATTAAGCGTATT,6680
CAACGGCCTACTGGAA,6673
GCGGTTGCGCCCACGG,6672
GTGGCGAGAAAAATAA,6671
TGTTAGTCTGTAATGG,6671
ATCCCGGTATGGTCAT,6669
TCAAATAACTTTGGCA,6669
AACAATTCTCATACAG,6665
AATCCCGCAACACAAA,6663
GACGGTTACAGGCGAA,6662
TGTTGACAAATGTACA,6662
AAAACGCAGACGCAAA,6661
AGAACAGACTAAATTA,6661
GAGAAAACAATGATGT,6659
TACATAAATATAAGTA,6659
CAAAAGATAAGACTAG,6658
CAAGCGGCTCGTGTAA,6658
CATAAAGAGGCAATAC,6658
CTCTTGATCCACCCTA,6658
AATCCATCACATGAAT,6657
AAGTGTAACGTTGGAC,6656
CTCAGACGGATTTTTT,6655
GAGACCATAACGGAGA,6654
TACATGTATGAAATTT,6653
AGTGACGGCGAGCACC,6652
TATTCTGGGTAAAGCG,6652
GTGCAAATTTCTGTAT,6651
CTTTAGAATACAGAAA,6648
AGGTTAATTGGAAAAA,6647
GCGAACGTTACCTAAG,6647
ACCATACTAGCTTAAG,6646
CCCCAAGAAAACGGCT,6645
TTTTAAGAATTAAGTA,6644
CCGGCTATTTCCATTC,6642
TAGTCTGAGAAGTTAG,6641
TCCCCCAGTCGATCAA,6641
ATACCGGGCATAATTA,6638
CGCCCCAAGCGACACT,6637
TCGCTTAGAGTCATGG,6636
GAAATTATAACGTTTA,6634
AGATTACATGCGCTGT,6633
TCATTAACAAAAGCTA,6632
GTTATACACACCTGGG,6631
ACAAAAGCGACTAGGT,6630
GGTAAACTGAGAAGAT,6630
AAAATAACTCAAACTA,6627
ACAGATAATAAATCCA,6627
CACAGAGACCTTCGAG,6627
CACAATAATTGAGTGT,6625
TGTCAGAGTATTTATA,6625
GTCTAAGCACCAGTGT,6624
ACTAAGGACTGGTGTC,6623
AAGAAAATGTACTTTA,6619
TTACGTACATAAGCCA,6618
CATCCGTGGGCAACTA,6617
GGCGCATGACCCGAAT,6617
AACTTACATGGGGGAA,6615
CAAAAACACAGTTTAA,6615
CCCTACGATTTATGTA,6615
CGTGAATATACTCAAA,6615
TTTAAATGCATTGGCT,6612
CAACGTGACGTCTTAT,6611
AAGTCCGGCGCGGCCG,6607
GGAAAGCGGTTACCTT,6606
GTTGTCACAGCTACAA,6606
TAATATCAAGATTATA,6602
ATAGCAGGTGGAACCA,6601
ATATAGGCAGTTCCCA,6599
GGACCTAACGCTCGAG,6599
ATGTATCACTGGTATT,6597
AAAATCATGTAACGCA,6596
TAACCAGCAAACCATA,6595
TTCCCATGTGAGGGAC,6594
CTGCTCAGATTTATGT,6593
GCACACGGCACTATTA,6593
AAAACGCTGAGTCCAT,6591
CGTCGAGTCTCACATT,6591
CAACATCGAATTTGGA,6589
CAGGCAGGGATTAAAG,6588
TAGAGGCTGATTCAGT,6586
AGTACTGATAGAAGCT,6584
TATAGTAGTCCGTAGA,6584
CAATTCTAAAATTAAT,6583
CCAGCACTCCAGTAAT,6582
CCCTAACTTTCTGAGA,6581
CGTGAGGCCCCGTAGT,6581
CATTTGACAGGGATGA,6580
ATGAAAAAGGTTGCCT,6576
GAACTCGCTTTGTCGC,6575
CTAACATTCAATCATT,6570
AAACAGTAATGATTGT,6569
CTAAGGACCGACTTTC,6569
GAACCAACACTACAAT,6569
TTGAGACTAGGCAAGG,6568
ACCCGATGCATACTGA,6567
ATCGGTCTGCTATCGA,6567
CAACGTGTAAAAGATA,6567
GTAAACTAAACATGTA,6566
CTAGAATACAGGTCGT,6564
GACGGACCACGACCCA,6563
TTATGAGTCGGAGGGA,6561
ATTAGACCAAAGTTGA,6560
TACCTAGGACCAACAT,6560
ACTGAAATGCTAAAGG,6558
CGGACGCGGATCGGCT,6558
TAGTTGGGTTGAACAT,6557
CCTTTGCCTTTCGCCA,6556
GATCAATGTTGCATAT,6554
TTTAACGAAATGACAT,6554
ATAACTACACTCCAGA,6553
GCGAAACAAAATCTTC,6553
CGATCCGAACTACCAT,6552
ACTCTGGATAACATAT,6551
ACGTTCCTGGCTCTGT,6550
ACTCGACAGTAGGTAG,6550
GTATAACTATCCGACC,6549
TAACGCTTCACTTAAA,6549
GCCAAACCCGTAAAGA,6546
ATGTAAAGCACTCTGG,6545
TTCTCAAAAGCGACGG,6545
AGTAGCCAAAGGCAAG,6544
GATAAGAAAAAAACAC,6544
AATATAGCCGCCCCAA,6542
ATAGCGGACTCATGTA,6542
GCATCGCTTTGAAACA,6542
GACAGGATGGTACAAA,6541
CCCTCCTCCAAGATGC,6540
ACTAACGCGATAATCA,6539
TATGATTTAATGAATG,6538
AAACACGCTTATTTTG,6537
GCTAATCAAACAATCA,6536
TAACCATTATAATAGA,6536
TGATCCCAACAGTATA,6536
ATGGCCATAAAGGACA,6535
TAAAATAACTAGTGAT,6534
TAGTGTAGTTTATCCT,6533
ATCCGAATCCGGGACA,6532
TCACGCAGAGGGTTTT,6532
TGTACATTGAGCTGGC,6531
TACTGGGACAATAAGG,6530
GTATACGGGCGCACTA,6529
ACACTGCGAAGATGAG,6528
AGTCGAGATGTACATC,6527
ATAAAAAGCATTGAAA,6526
CAGGGCCTATGCTGAA,6525
CAGGATAAAGGTTCGG,6523
TTAACAGACTCTCGAC,6523
TTTAGCATATATGTAC,6522
AGCTACTATAGGGGAC,6520
GTCAAGTCGTGACTCT,6520
TAGTATACGCGATACG,6518
CACTTGAAAACACATA,6517
CACCAGCCCCGGATAA,6515
TTCCTAAGAGAATAAC,6514
TTTGTCTTCACCTTTT,6514
ACGACAATTAGAAGTA,6512
TTAGGAATACATTATG,6511
AGCAATAGCACAAGTT,6510
AGTATTGTGTCCGAGT,6505
ATAGCGCGGAAATGGG,6505
CTCGAGGGTGTCAACT,6504
GGAATCGATACTGTAC,6504
TAACTGGATACAAAGA,6503
CTCCATCTGTATATCG,6502
GACTCCCGATTAAGAA,6502
CTGAACCACTGTGGGG,6501
CAAGTACCATCTGGGA,6500
AGACGCATAAATTGCA,6499
ACAACTCGGGTTAGGG,6497
CTGTGAATATCCTACA,6497
CACAGAAACGCGCTTT,6496
ATTACAAGTCCGAATA,6495
AGTAGTAAGGGAAAAG,6492
TGAACACAGCTCCGAG,6492
GGGGCTAGCTAAAGTA,6490
TTTAGGTCGATATAAA,6490
AACACGAGCTTAGATA,6489
GTAAGAGTAATATGAC,6484
GTCGGCGTATAGGCAT,6484
TCGGGTTGAGTCCGAG,6484
AGAAAGGGACGACCAC,6481
TAAGCTTCGCAGTTAA,6481
GCGAAATTTGTTAAAA,6479
TCAGGATCTTACCCAA,6478
CTGGCCTTAGCGATAA,6475
GTAACCGTATAAAACA,6474
TAGGTTATTATCGGGA,6474
TGTTTACGCTCAAATG,6474
AATGGTTAGGTGCTAG,6473
GGACATTATTACAAAT,6473
TTGGCCCTGCACCAGT,6471
AATACTGAATTTCACA,6470
CAAAAACCCACAAACA,6470
AATAGCATACAGGATA,6468
TATGTGAAGGGTCTAT,6468
AGTAACTTCGTTAAAC,6464
AACTATACTAAAGATG,6462
GGTGATCAATGACAAT,6462
GAACCATCGCACACAA,6461
CCAAACCTGGGATAGG,6460
GTTACATACTACCAAA,6458
ACACTAAGTGATATAG,6457
AGATTCAGCAAATAAT,6457
CAAACGTTAATGAGAA,6457
CAGTATAAAAGGGCAA,6457
CCATCGACGGTTTAAG,6457
GCGGCTCAATGCGCAC,6456
TTTGTAAGTTTAGATG,6455
AGAAAACTATAATGAA,6454
CAATACATATAGTAGA,6454
TATATTAATTACACGA,6454
GCGATAACTTACGGGA,6452
CGTCACTGGAAACAGA,6451
TGCCCAAGTCAAGAAA,6451
TAATTCTGAAGCCGGT,6449
TCCCAGGCTCAAATAA,6449
CCGTGTACTTCCAATA,6448
GTTCATCTACACTATA,6447
ATACCGAACCCGGGGG,6446
GACGTTGCAGGCGTAA,6446
GCACAGGCGAGTGGTC,6446
CCATATTAACTGTCAA,6443
GTATACGTATCAATAG,6443
CACATACTACCCGAAG,6440
GTATAAATGCACCCCA,6439
ACTAGGATAATAACGA,6433
CAAAATTAAACAAAAT,6433
ACATCAACAATATCAA,6430
CTCGGGTTATTTTTTA,6429
TGAAAGTCCTAGTCGA,6428
ATCTAATCGAGACATA,6427
CACGAAAGTAATGCGG,6427
CGAAACCAACGACGAT,6427
GATTCTCCATATCAGG,6427
GGAGTCCATGGCAAGG,6420
TGGGGTTCTCCATGAG,6420
GGAGAGGTAGAACATA,6419
CAATGGTATTGCGCCA,6418
GGACATAGTTCAATAG,6417
TAAGTCGCTAGTTCTA,6413
ACGAACGGAGACACAA,6410
CTTTCGTGCAAGCTAG,6410
GCGATGGATCTTAATA,6409
CCTCTTATTCATGAGC,6408
GACTAGTTAGGTCCGT,6405
CTTTCTTCAAAGTCAT,6403
AATGAGGACAACTTTA,6401
ACAATTTGACCTAAAA,6401
AACATAGACAAATAAT,6400
GCCCGCCTGACACGGA,6400
TAAAGTACCAACATGC,6400
AATACGGTGTCCGTGA,6399
CAACGTCTGGATGAAT,6397
TTTACACGACTACCGA,6397
CTGCGACCCGGCTAAG,6395
AAGTCACAAACGAGTA,6389
CCACGAACCGCATTGT,6388
GCCGCTAGATAAGGTA,6388
CAACAGCGGGGGTCAA,6387
TCAGCCGTGATAAAGA,6387
TGAACGTTGTGTTAAA,6386
AAAGATTTATTGACTA,6385
GTTTGGGAAGTATTTT,6385
AATAAATATGCCTTAG,6384
CGGACACCCCACACAT,6384
GAACTTTACGGAATTT,6384
GATGATTCAGAATCAA,6382
TTAGGTATATACATCG,6382
ACGAGGTAAAATCAGT,6381
GTTCACCAGAAGCAAT,6380
GGGACTAAGCATTCTT,6379
TCAGTCTTGCGATTGT,6377
ATTTAGTTACGTTTAT,6375
GATCTCTGGAAATTCG,6372
TGATAAAGTCTGAGGA,6372
GAGAGTGACTAACCAT,6371
CTTACATTATGGCAAG,6370
CTTCACCATATGGAAT,6370
GGAGGTACCGGCATTG,6370
ACAGGAACATTAAACA,6368
TAAACAGGCAGTGTAG,6368
TAGGTGGCGCCCTATC,6368
TTACAATCATTTGATA,6368
CAAACGCGAGCAAAAG,6367
CTTTACCGGGAGATAG,6367
CTATTTCTCCGTGAGA,6366
GTACCTTTTAGATCCC,6366
TCCCCATCCACCCCGA,6366
TTATAGGCCATCAACA,6366
TAGTACGGCACGAAAG,6365
AGGCTACGCTGCTGTA,6364
GCTGTTAAAGAACAAA,6363
GTACAATGATACGTTT,6362
AAGGCTGGCAAGCAAA,6358
GTTTACGGCCACCGAA,6357
CGTGTGCCCAAGGCAT,6356
GACTTATCATAATGAG,6354
TAGGGGAAGACACCAA,6354
TCTTAAATCCTCAATA,6354
TGAGAGTATGTCGAAT,6354
TGCATACGCCCGATCA,6354
TTGATATTTAAAAAAG,6354
GTCCGCCCCCGGTACT,6352
ATCCATATATGACTGT,6351
AACAATCATAAAGAAA,6348
GCGTCGAAAGGGCAGA,6348
TCACGACCAAGTATAA,6347
TCTAATATAATTGAAG,6346
AGTCGAACGCACGAAG,6344
GCTAGAAAAAGTGATT,6343
GTTCTTCGAAAGCCAA,6343
AAAAATTAGTCCTACT,6342
GACCCTATGACTTTAT,6341
AACTAGTCGACTAATA,6340
CAGCAACTATTCGTAG,6340
AATCTGATTGGTGCGA,6339
AGTGAGTCGCGCAGAA,6339
CAAAGGAGTACGTAAT,6339
TATTATGTCTATACTT,6339
TGATTTTACCATAATA,6336
ACCTAAAAACCTGGGA,6334
CATTCCTGGACGAATA,6334
GACATGCGAACCCAAA,6334
GGTACGACAAGCCAAT,6334
CCGACGACATTATAGC,6333
CTACTTATACACGAAC,6330
CTTTGTTCAAATCACC,6329
CATGTACCAACGCCTA,6328
TCCACAAGCCTGGTAA,6328
CTTCTCGTTGGAGAGC,6327
ACCTGACCTTTAGGTA,6326
AACGAGACCTTGACGT,6324
ATTGCTCCGATATTAA,6324
AGGGAATAACACATGA,6323
GATCAACAACTCGTCT,6323
GCACGTCTATTACTAA,6323
TATTAACATCTTTTAA,6323
ACTTAGTTGCAATCAG,6317
GGAAAACCACCTTTTC,6317
AAATAGGTGAAGAAGT,6316
TTGTAGGACCATTTAG,6316
TAATGACTAAGGTATT,6315
AACAACCGTCAGTACT,6314
TACCTATGGAATAGGA,6314
AGTCGTGGTTAGACTG,6312
TCCTATCACACGTAAA,6310
AGGTAGACACGGATAT,6309
TAACATTTGACCGGAA,6308
TCTTGCCGTCCCTCAT,6308
CGGGCGAAAAAGTATA,6307
ATAATGGAATCTATAC,6306
CCAGTCATCTAAAGAT,6306
TCCCACGACTGAAGGT,6306
TAACTGGTACTATAAG,6302
ATTCCTACTATACCTT,6301
GCGGAGAGAGATAAGG,6301
AATGAGGAAATTTCCA,6300
TTCGCTCTACACTTCA,6300
TCTTATCCATTGGTGA,6299
CGTACTTCACAAAAAC,6298
TTCTCTATAATAGTCA,6296
GAAATCCTACCAGCTA,6295
GATCCCCTCGTACCAA,6294
TGTGGCTCGTACAGTT,6293
TTGCACTTAGGAGAAT,6292
AATTTCGAATGTCGAA,6290
ACAACCAGTATTTGAA,6290
TGTATCTGAGAAGTGT,6289
ACTACACCACAAAACG,6288
GGGATAGCCGGGGTTG,6287
ACCTCGTAGACGGTAC,6285
TGAGGACCAGGGTTAG,6285
TCCTTAGAGTGCATCT,6284
AGCGGATTACCTAGGT,6283
CATAAACAAGCCTCTA,6283
TAACTACATCGCGGTA,6283
TCTGCCGTCGCATAAA,6283
TTTACGGAGTCTATAT,6283
ACCGCCAAGCGCCCGA,6281
ACTTGGGCACTTACAA,6279
ACACTAAGGGTTATTT,6278
TAGTTAAATAACAAGG,6278
GGGGCACACTAACCTA,6276
AATGAACTCCACGCAT,6274
GAATCCTGCGAACAGA,6274
TTAAAGCACTTTGTTT,6274
CACATTTACAAATTAT,6272
GTAATACATCAAAGGT,6272
TACAATTGGAACGGAA,6272
CCAGATAAGAGCCTGG,6271
TCTGCGGAAACATCCA,6269
TGCGATGAAATAGCGA,6266
AGCACTAACTAGCAGG,6265
TGAGTGACGTTTTCAA,6265
TAGAGAAACGAATGAT,6262
GATACGTCAAGCTCAA,6261
AGTAAGATCATAACAA,6257
GGGAAGCAGACCATAT,6256
AGGTGTGTAAGATTGC,6254
GGACCAGTGCCAACTA,6254
TAACTGTTAAATAAGG,6254
TAATCGCATAAAAAAG,6254
AATCAGCAATACACTA,6253
AATGTGGATAAGTAGA,6252
AAAATTAATAAGCAGA,6250
ACAGTGAACCATACGA,6250
CAAGGACAGTCTTTAG,6250
CCATGCAAAATTTGTA,6250
TAGAACTATGACTGGC,6248
AACCAATTATGTACTA,6246
TTGAACCGAATTGGAT,6246
AGCGAAGGAGCTATTG,6245
AATCACTTCAATAGGA,6243
AAGCGCTATATACCGC,6241
ATCTCAATCGTCGTAC,6240
TTCCTACCTTCATTGA,6239
CATCATTAAACGTCAC,6233
CTTTGGCATCAATTGG,6233
CATTCACAAAGCTGGA,6232
GAATAGCTAAAGAACA,6232
AATATCAAACTTGGGA,6231
GACGCTATGAACAAAA,6230
CAAAGGACCTACTCAC,6227
TCAGCCATATAGAGCA,6227
CAGCAAATCCAAGAAT,6226
TTACATCACATATTAT,6226
TCTTCATACAGAGAAT,6225
AAACCCCTATCAGTAA,6224
GCGAACACTAAGTCGA,6224
AAATCTCTAAAATAGA,6223
AACAGACGTGGGCTAA,6222
GTTCAGCAAGACAGCA,6222
TAAAATCCCTCTTAGG,6221
CTTACACACGACTTGA,6220
GACTCAAAGAAGTGGA,6220
TGTGCAAATCACGCAT,6220
AAGTAACAGGTAGTGA,6219
GATTAAACACTGTTTT,6218
TCGCCGGTCCTGATAA,6216
TTGCGGTAAGAAGCCA,6215
TCCGGCTATAACAAAA,6214
AGGGGCAAGCCTGGTA,6212
CTCTGGAAACAAATGT,6212
GTCGTACTCACAACTA,6212
AACTTAGTGGCGACAA,6210
ACCGCGTACTCTTTAC,6210
ACTGCAACTCACTGAT,6209
TCGATCCTCAATTTAA,6208
AGTGCCCGAAATGGAA,6207
AAGGCCTCAAAGCGTA,6206
GGATAATAACGTTCGG,6206
TGAACTATGAAGATAT,6206
ACACCAGAGAGTACTA,6205
CAGCGCCTTGGGCCAC,6205
GAGCGTAAAGAAAAGT,6205
AGTCTTACACCGGCAT,6202
GGGATACGTAACGTCC,6202
GTAATTCATTAAGAAT,6202
ACCTCATCCGGGAAAA,6200
GGATAGTAGAAACCCA,6200
AATCTGGCGAACTTAC,6199
TTGGCATTTTAATGTA,6199
GATAACCATTTCTGAC,6198
TTATCTACCGCTAGGT,6198
ATTAAAGTTATACCGA,6197
GTTAACCTTATGGTGG,6197
TTTCACTTAAACAACA,6197
AACGATGAGAACGCTA,6196
AATTAAGGGCGGATTA,6196
GACAAGGACGGTTTGT,6196
TAGCGTATGGACCTTT,6196
ATATTCCAACCTCATA,6195
CACAATCCAAACGAGT,6194
GCCCTGAGGTCCCGAA,6194
AATCGTACCCTCGAAT,6193
GACGAACCGAAATCGT,6193
TCACTAACATTTCCAT,6193
AAGTAGGGGATTATAT,6192
GAAGAATTGTTTGTGA,6191
TACTTCACTGCCCCAT,6191
AGTGATGCTGAGTAAC,6189
GACTACTATTATGACT,6189
TAACCTCTTTCCAGTA,6189
TAATAGCTTGGGCCTA,6189
TCATCGCAAAGTGTAA,6188
AATAAGGCAAGAAGGA,6187
TGTACCGACTACCCAG,6186
AAATCACGCTAGGAAA,6185
CTATGATATTACCTTT,6184
AGAACCGAGCCATCAC,6178
AGTAAACACACATCAA,6177
TGTTAGATGAGGAAAA,6177
TTCGTTGAACTCTAAG,6177
CAGCCTTATGACAGTT,6174
AGGTCATATCGCTTTA,6171
GACTACATAGAAGCAA,6171
TGGCAAATCCTCAAAA,6171
AATGTACTACTCCAAA,6170
CGTAAGACCGTAGAGA,6170
TACAAAGGCAAGAGAT,6169
GACCTAGTCGGGGAAT,6167
GAGTGATCTACGGCTC,6167
TCTGATTCCCCTCACT,6166
CAACGACTCCTGCATA,6165
AGTTCACTAATCCTTA,6164
GATGGCTAGACCAAGA,6161
TCCGCGATATGGCTAA,6159
GTAGCTAGTAGAATAT,6158
ACATTGTGCAACTGGA,6157
TATGGGCCACTGTACG,6156
CTGCAAAAATGTCATA,6155
AGGCCGTGACCATATA,6153
ATCAACCCAATCAGGT,6152
GTACTCATAAACAATA,6149
ACATTAAACCAGCACA,6147
CTGGGGATTCGTTCAA,6146
TACTTATAAACCTAAC,6146
AATCACGATGCATCTA,6144
CAAGACGATAAACAAA,6140
CCACGCATCCTACCCT,6140
GTCAAAGCTTAAAAAT,6138
AGCGGCCGTGGCAATA,6136
TAGCGGTACGTGCAAC,6136
AAACTGAAAAAGAGAT,6133
ATACATGTATTTGAGA,6132
ACAAGGCTTAACTAAG,6131
AGAGGCGATGGATAAT,6131
AAGTAATAGGCGTCTA,6130
CTTAGTTTCCCTACAA,6129
TATGAATTGCTAACAT,6129
CCCATTGATCTTCACC,6128
CGGTATTCCGCAATAT,6125
TACACATTTCTTTAGT,6125
TGATAGGCTAGAACTA,6125
AATTTTACCGGGGTAA,6124
GAAAGTAAACAGTTGG,6124
CAATCACGGTTGAGAC,6122
CCCGTACCCGACTAAT,6122
TCCGGAACTATCATTA,6121
TGGGATCAAGCTGGGA,6119
CGGTATGGTGGAGAAA,6118
TCAATCGTCTGTTATA,6115
AAAGAGTGCTGACCAA,6114
GAATACACCTTCACAC,6114
TAAAGTGCGCGGCAAA,6114
GCGATTGGGGTACCAA,6112
TGCAAACAGGCAAAGT,6112
AAATGGAAAAACCTTA,6111
ACATATATCAGCTTGG,6109
CGTCTGATGGTTCTAA,6109
CCCAGAAGTTGCAGCT,6108
CCTCGTAATACTATAA,6108
CTATTGAGATCCTCAT,6106
GAAACATTCATATAGA,6106
GGATACAACACCGTGA,6105
AGCATGTGAAACTCCA,6103
GTAGACTGATGTGAGT,6103
AGATGCAACCCATCAT,6102
GCCGCATATGTGAACA,6101
CTCATCGGGGAATCCT,6099
GCCCACGAAAGGGCTC,6099
TAGCCAAAAATGGTAA,6099
TATATGTGTTATAAGG,6098
AAGCAATAAGACTGAA,6097
ATTTAGAGATGGTGTT,6097
GTAACGGCTCCAAAAT,6097
TGAAAATTTCGATAGG,6097
CTTTTAACACCCACCA,6096
GATTTAGGCATGCACT,6095
TGCGAGGAGCAACCTA,6095
GGGGCGCAATTCAACA,6094
AAGTTCATGAGGATAT,6093
CTTGAGGAACTGCTGC,6093
CGAGCTCATCACAAGC,6091
ATCTGAGACAAGCAAT,6090
TGACGATAAAATACCT,6087
AATTGAACGTTATACC,6086
AGGACAAACTTAACAA,6085
TTCACCGAAATGGAGA,6084
AGCACCTTCAGGATTA,6083
CCATCAGCACGCTAGG,6081
CGGCGGGCGAACCAAA,6081
AAAAGAGATTGTGCCA,6080
GTGTCGCGAAGGACAG,6077
TGAATAAACCGGGCAG,6077
ACAACTTGACGATGAT,6076
TTTTGGCCGCCTACGA,6071
AAAGCAAGAGTGATTA,6068
AATTCTACCGTCGCAA,6067
GCTCGTGTAAACAAGA,6067
GTGAAGAATGGAACAG,6066
TAAAGAAAATATTGAA,6064
TTGTCCTAAGTATACC,6064
AAAGAAGAGATATATT,6062
AAAACGTTATTCAAAG,6061
CGCAGAATTCGAATAC,6059
GTCAACACAGTGGACT,6059
AGCCGATCTATATCAT,6058
TCTATCTTTTCCGGGA,6058
CACCGGTACCCTTTAG,6057
CGACCACCAGAGCCAC,6057
GGCACTGTCGGATATA,6056
CACATGTATACTTGTT,6054
CGATCTAAATCTCATA,6054
GGCGAAAATACGTTTG,6054
GTGAATAAGATTCAAT,6053
GTGAACCATAATGACT,6052
TCCAGGGGATAACATA,6051
ATTGTTGTCGAGCACA,6049
ACATGGGGCTATGTAA,6047
GTTTGCTTTCCATAAA,6046
ACGTAAACATAAAAAG,6044
AGTGAGCAGTCCGATA,6043
GCAGGGCTCGATCAGG,6042
AGTGGTGCTCCGTTAA,6041
GAGGATAGGAATACCA,6041
GCCCAGTAAACTCACT,6040
AGCCAGTCTAGGCGAT,6039
GCGAGCTTAACAAGGC,6038
AACTAAGGATTTGAAA,6036
ATAGGGAACACGGCTA,6035
ATACTGCTGCTTTAAT,6033
GATAAGAGAATTACTA,6033
GCGAAAATCAAAGAAC,6029
TTATTATTAATACCAA,6029
GAATGTAGCGTAATTA,6028
TCTTCACCTAAAAACT,6028
TGATTCGTTGACTTAG,6027
AAAATTCTTGTAGATA,6025
ATCCCTTGGAAACTTA,6025
CGTGCGATCAATATGA,6023
CCGTTATTAGAGATAA,6022
GTGCCTATATGGGTTT,6022
TAATACAACGTTTTGA,6022
GTTAGACATCTTTTCG,6021
ATATTTCATTAGTGAC,6019
CAATAGAACCAAGACA,6019
AAACGACTACGGCTAG,6018
ACAATAGCTAATTGAA,6017
TGAATGTGGTCTTCGA,6017
AATCCTATACTGTGTC,6015
CAGGCACAACTATAGT,6015
AATCGTTCGTCGTGAA,6013
GTCAAATTTAAGTTAT,6013
GTAAAACATAATAGTA,6011
TGAGTACAAGAGTTAA,6011
CTAACCCTCAATACAC,6010
TACTCACCGCAGACAA,6010
TTACAAGCAAACACAT,6009
AAGCCCATAAATACAC,6008
CTGATGATAATGCTAA,6008
GTTTATATTACTGCTT,6008
TTAATTCAACTGACGA,6008
ATAAACAACACGCTAA,6007
GCGATGGGGTTGTGAA,6007
CCTGATAAACATCCAA,6006
GACTTGTCTGAAAGAT,6006
ACCTTTAAACGTGTAG,6005
AATAGTTCAGCCCCTT,6004
CTTACTTAAGAGAAAA,6004
ATACCACGTAACAAGA,6003
CATGTCCACTAGAAAT,6002
TCTTTTGATTAAATCA,6000
ATAGCAAATGAATTGT,5999
TCACAGAAGACCTTCT,5999
AGCTTGTTTAGCCAAG,5998
TGTGTCCTGAATTTGA,5996
AGACAAAAAAACACGG,5994
ACACATGCAGTGCAGT,5993
TGAGCGAGATCACGAT,5992
TGTATTTCAACAAACC,5992
GAAGAATAAATGTTGA,5989
TTCTATGTAACGTCTA,5988
TTGGTAGTTGAGTTTG,5988
GCAAAATGGTTTTAAG,5987
ATGTGGAGGATTGAAA,5986
GTGCAGAAATAATAAG,5983
CTAACCACGCTTCTCG,5982
TTAAGTAAATTCATCT,5982
TACACGGGATATCCAA,5981
GACCCTAGGACGCCTA,5980
GATACAGCTGTACCAG,5980
GGCCTAAACACACTAA,5980
TTATGAGTAACAATAG,5980
AAAACGTGCCAAAAGG,5979
ATGAAAAACCACCCCA,5978
TAGAGATCTGCCGTGT,5977
TGTATCAGAGGGCCCA,5977
CGTACCTGCTCACCAT,5975
TCCCACAAGCGCCCTT,5975
TGGTTGTGGTTTAAAC,5974
AATCATACAGACAAAA,5972
GAAGAATAATAGCAAT,5972
TTTTCTTAAGGTTGTA,5972
TACATACACGATAAAA,5971
AAAAAAAACGGCGTTA,5969
AAATACATACATTAGG,5969
AAGTAAGACTATTGGA,5969
CGACACCACGGATAAA,5969
ATTCAAAGTGTTAAAG,5968
AATAGCTATGTGGCTT,5967
CATTTAATTGCGTGAA,5967
AACTATTTTAATGGCC,5966
TGATCAAAAATAACCT,5965
AGTAATCCTTCGGAGT,5960
CACCTATGCGAGCTGC,5960
AGATCTCCCTGTTCAG,5959
CAGAAGACAATCACGG,5959
GGCACGATCTCATCAA,5958
GAAAGAGTAACACGAA,5955
CATAAATGAAACAGCC,5954
CATTCAACGAACTGGG,5954
GAAAGTTGATGCAGAA,5954
TATACACCAATTATGA,5953
AAACTGAGCCGAAGGA,5952
AAGATCAAATATGTTT,5952
CCAGGTACTACATTAA,5952
AAATTGACTTAACTGA,5951
AAAAAAAAAACCTAGA,5950
AGGGCGGACAGTACCT,5950
TAAGGGTCAGCTATAA,5949
TAAAATAAGGAGACAC,5947
TATACTCGGTTCCTGA,5947
ATTGTCTACTACAAAT,5946
GCGCATTACCTGGGAA,5943
GATGGAGGATAGGACA,5941
GTAGTTAGAAAAACTA,5941
TCTCCCATACAGTACA,5940
TGACAATTTAACTTCT,5939
AATTGGACGCTTTAAA,5938
GCTTTAAACGATAATT,5935
AGGTTACCTCTGCACA,5933
CTGACAGCATCTTCAA,5930
AGGGGTCAGGGGATGT,5927
GAATAGCCCTGTTTTA,5927
AATTTCTGTAGAAAAA,5926
ACCAGTTGAACGGGAA,5926
ATTCTTGCCCCGAGAG,5926
AGATCTGGGTGTACTA,5924
TGAACATATGACATGT,5924
CAGACCGAACTAAGAA,5923
AATAATTATCATGGAG,5922
GTTTAATTCCATCGGA,5922
CATACCAGGAATAGGA,5921
AAAGTCAAAAGAAAAG,5920
CACAAGGTAGAGTCCC,5920
ATCCATACGCGCATCA,5914
CAACGAAGTGAGCAGA,5914
CACAGCAAATCGGATT,5914
GCTGTATTCCGCAGAA,5914
GGTAATAATGGTCTCC,5914
TAATGGTTAACCAATA,5914
CAAAAAACAAAAACAC,5913
GACTTACCGAGCTGGA,5912
TGTTCATTACCAAAAA,5912
TGTCCTCGCTAAGTGA,5911
TTCAAATTTCGCCAAA,5911
CTACCCCACCAGAATA,5910
TCCAAGATCAGGCGAT,5910
ACGCACAAATCTCTTA,5909
GACAAACCAGTCTCAG,5908
TCGGTCTATCTGTGGG,5907
AACAGAATCTGGATAA,5906
GAGGGGCAAGCAAAGT,5904
TACGGTACACCGTAAG,5903
TTACCCAACTTGCATC,5903
ACATAAGTGTATCTCA,5902
AGGGACTATAAAACAA,5901
GGCATCATCGTTATAA,5901
GTCAGCAGGGCCAGGA,5901
AACTCATACTAAGACA,5899
CAAGTATATTAAGATT,5899
GCTCACGGTCACCCAA,5897
GTAAACTATAACACTG,5897
TACATACATACCAAGA,5896
GCACGGGCTGGTCATA,5895
ATAAAAGAAAGCTTAG,5893
TGCTAAACGTACAGAT,5893
TTAAGAATGTATACCT,5893
TGTGCACTCGAAGCGT,5892
AGCTGCTTATACCACA,5891
GGGACTATCCTATAAA,5891
CGCAGAACTACTAGAT,5890
AATAAGGCCTACCTGA,5886
CGAGTTGCGGGTCCCA,5886
AAATAAGAGCCCCAAT,5884
CAAAGTTTTTGCCTAG,5884
TTGAAATTCGCTTAAA,5883
TTCCCAAACACTAGAA,5882
AGGGTGGAGGGTCTTT,5881
GTATTCCGTACATTTG,5880
GAGAATCTTAGAGTCA,5876
GCCCTAATGCAGCCAC,5876
GCGGTAATGACAGTAT,5876
TTGTATGTGTTAAAAA,5876
ACCAGACCACTGCAAT,5875
CAGGCCAGGTTATCAA,5874
CTCATGTAGTCGATTA,5874
AGCGGTGATCCATATG,5871
ACAAGATACTACTACA,5870
CATGAAAATGAAGAAT,5870
GCCGCTTTAGATCAAA,5870
GTCTAGTGAGGTGAAT,5870
TTCCCGCAGCTACAGA,5870
TATACAAAGAGTCATA,5869
ATTGAATCATCGCACA,5868
GCCCCACCATGGTCCA,5868
AAAGGATCAAATGAAT,5867
CTACAAGACTGTCGAT,5866
TCGGCTAGACTGATTA,5866
AATGGACCTACCAAGA,5864
CCTAACGGAGCTGGTA,5864
CCATCTAACGTACAGT,5863
ACAAACATACGAAACG,5860
GCCACACTCTTAGTAT,5859
TGTCGAGACAGACGCA,5858
ATAATTGGAACACAGG,5857
CAACCCAAACACGGTA,5856
CGCCCAATCAAGGATG,5856
CGACACTATTTGAGTT,5855
ATATTCAAGGCACTAA,5854
TTTTACCCAATTGAAA,5854
AGATGCGCCCAATATA,5851
GCTTTAAGCAGCGAAG,5850
AGGTCTAGTGTTAAAA,5849
AGAAGATAACACTTAA,5848
GGATACTAAATGTTGA,5848
TATATGCATGAAGTGA,5846
GTACAGATCCCCCGGT,5845
ACAAAATATCGCTCAT,5844
CACAACCCGAGCCGAG,5844
ACTGATGGTCATTAAG,5843
TTCACACTGTCCATGT,5841
AAGAAGCGGTGCCCAG,5840
TAGTGAAAAACAAAGA,5837
TCGATTATGTTAAACG,5837
GATATCGAGTTGTGTT,5836
TTGATTTGCCACTACA,5836
ATCCACGGCGCAGGGG,5835
CAATGTGGGACGCTCA,5835
GACCAGACTATATAAG,5835
TAGAGCGTACTGTAAG,5833
TAATTTGATCACTTAT,5831
ATGACGGCCGCGGCAT,5829
ACACATATGGCCATTA,5827
TATTTGGTTGGCCATA,5827
TGAGACTACCGATGAT,5827
TTTTCATCTACTCTAA,5827
AGAATTAGCCAGTTTG,5826
GTGAACAAAATGTGTA,5826
TGAAAGGTATTAGATA,5825
AATGGGTAGCATACTA,5824
GAAATTACAAAATAAA,5824
TTATGATAACTGTACT,5824
ACACACTATGTCCAAA,5823
AGTATTAATCGGGAAT,5822
ATCTGCTTGCCGATCA,5820
GATCGAATGTTTACAG,5819
TCTAAAACCGGCACAT,5819
AAAAAGAGAGGATAAA,5818
AAGCCACCCTAGCCTA,5818
CAATGGTCCAGCGGAC,5817
GTAAGACTCGTCCCTT,5817
TGAAATGAGTTTCACT,5817
CTTGTCTCTAAAACGT,5816
GATGATATGCACAAAT,5815
AGAAGGATACTGCCCA,5813
ATATCTGCTAAACTAA,5811
AGACTGTACATGGTAA,5810
CGTTCCCCCTGTCGTA,5810
GTGATTGTTGCACCTT,5810
AGTCAATTATCGAATT,5809
GATACGCATTAACCGA,5809
AGATAATTATGGCCTG,5808
AATAGTCCCTAAGAAA,5807
CATAGCCTGACATAAC,5805
TCCAATTGTCAGCGCA,5805
CAACGAAATTTATGCA,5804
CACAGAAAATAGCTAA,5804
TAAACCTTAAAGCTTA,5803
CACACTATAAGCCCGA,5801
ATATCCCTAGGCCCGT,5799
AGTAACAATAAGACCA,5796
ACGGGACCACAACAGA,5795
GAATTCGGGGCGAACA,5794
TCATTCTAGCGTGCTA,5794
GGGAAAGCTAGGGAGG,5793
AACAAAACGACTATGA,5792
AACTACCCTCCCCAAG,5792
CATTTTGCCGAGCAGA,5792
CGAGCCCATCCAAAAT,5791
ACTATCAGACATAGTA,5788
ATCATGATTAATGAGT,5785
CACAATTACGTGAGAG,5785
ACGGCATGGACATCCA,5784
CCACACTAATTAGCGA,5784
AGATTCAACTTAATGG,5778
ACGTTATGGAAACAAG,5776
ATGCAGAGAACCAAAA,5776
ACCAACGAGGGTCAAT,5775
ACTTTCCTGACTGTTA,5775
CCAGAGCCCTCTGCAG,5775
GAGAAAATTAACGGAC,5775
TGCATATGTCTCTTAA,5775
AAATTAACAGGTGATA,5773
CCGGCGAAGGGACCAT,5773
GTTATGGATGAGGCCA,5773
TAGTAAGAACTCTCGG,5773
AATAAGCGATCACGAA,5772
TCAACTCTGCTATAAT,5772
CCAACTAAGGCAATAG,5771
GCGTTAAGCTGTCAAA,5771
GTGGGGGTCTAATTGT,5771
CACCACAAAGCTTGAC,5770
GAAACGAGGATAGGAA,5770
GTCGTGCATTTTCTTA,5770
TTGGGACCGTTAAAAT,5769
CTATAAGACCAAAGGA,5768
TGCCATAGATAGGCCA,5768
CACCCTGCATTGTGAC,5766
CGCAAGGCATTAAAAA,5766
TAAGTACACAGTACCA,5766
ATCCAGGAATACGCAG,5764
CCCGTGAATGTAACTA,5761
GAATAACCCTAACCTT,5761
GAGCCGGAACTAATGG,5761
AGACTATCAGGATAAT,5760
TAACAGTCTGATCCCA,5760
GAATTTGAGTCCCTCA,5755
TGTAGACTATAAAAAA,5755
TAGGTACGAACTAGGG,5753
TTGCGAGGACCCTTCA,5752
GGTTAAGTCACCTGAA,5751
AAGAACTTAACAAGTA,5749
TATGATCAGGCGAATA,5749
TCGTTTGAATCCAGAT,5749
CATCGCGGAAGAAGTA,5747
GCTGACGAGGCAGTAG,5747
GGAGGGATATCATGTA,5746
AATTCGTGAACTAACA,5744
GAGACTGATCAATAGC,5743
GTCTAACGAAATCAAC,5742
AATCTGTAATGAGGAG,5739
GCTATAAAATATAAAA,5739
CAAATCCTTCATGCAA,5738
TCTTGCGTTGCCCCAG,5738
GAACGCGGAGGACTGA,5737
CAGTGGGGTGATTCAA,5735
TTGAAATGCGCCCAAG,5735
CTCAACGTACGAACGA,5732
AGGTTCTAGAGCCATG,5731
ATACGGGCTTCATAAT,5731
GGAAAGATGTTATCAA,5730
AGAGATAAATTATATA,5729
ATGCAAAACCACTACT,5727
GTTCTCCGATAAATGA,5727
ACGGTCGTGACTCCAA,5722
GCAAGACGCCAAAAAT,5722
GCTGAAACACGTGGTA,5722
ATGGAAATAATTCAAA,5720
CAGATCGTGATGGCAT,5720
AAAGTTCCCACAGGAC,5717
ATAGAGAGAAACGATA,5717
CTCTAAAGAATATATT,5715
GAAGAAATAATCTGGA,5715
GGTCGACCACAATATA,5715
AAAAGACATGTCTGAG,5714
CATAATAATTCAGCCT,5712
GATAGCGGGTGGATAA,5712
GCGCTCGTTAAACTGT,5712
AAAATAATTTAAATTG,5710
ATAAACAAATAAAGAG,5708
GCATTTAGGTAGATGA,5707
AGAACTACACAAAGGT,5706
CAAAGAAATTCGAGAC,5706
CGCCAGGTACCAACAA,5704
GCGATTTTAAGAACAG,5703
TAGTGCAGACAATCTA,5703
TGTGTTGGAATTGTCG,5703
GGTCTGTTTTACGCAT,5701
ACCGTCTATGTGACTT,5697
ATTTTGCCGTAAACTT,5696
TATGTGGAAGCCTTGA,5695
GGTTGCGAGATCCTCA,5694
CGAGTAGATTCTCCAA,5693
GTAGTCCGCTTAATAT,5693
GAATAATTATGTTAAA,5692
AACAAGCTTGACTACA,5690
CGGTAATAAACAGTCG,5690
CGTTAGTAGATAAAAC,5689
CTTCGAAAAAAAAAGG,5689
ACCTAAACCATATAAT,5687
CACCGTTTTTGCATGA,5687
AAGGTTGGGAAGGCTA,5684
CAGTTGAAGCATTTGT,5684
TTATCTTGAAAGCTAA,5684
AGTTATTGTAATTGAG,5682
ATAAGCGATAAACATT,5682
TCGGCATCAATGTTAC,5682
AAAAAAGAATATTTAA,5678
AGGCGTGAGCTCCAAT,5677
TGCACTAAAACCAAAT,5675
AAGATTATTAAGTTGC,5674
CGAACGTTATTGAAAG,5674
ATGAGAATCAACAAAG,5673
CAACATGGTGCGGCAA,5673
GACACAATCGTAGCGG,5672
AGTTAAGGGGTCTTAA,5670
CTTAAGGGACGCATGT,5670
GTTTCGAATGGGATGA,5670
AAAAAAACAGAAAAGG,5669
TATGAATCTCATATTC,5669
CTCGTGATGCAATGTT,5668
AGAGCTTCGAGCTTTA,5666
CAAGAGCACGGCATAG,5666
TCAGTATAACGGGCAG,5666
TGCGCTCCTCAAAAAG,5666
AGGATTTGACCCCATG,5665
CCTGCACGTTAAAATT,5665
CGATCACATTGGCGAG,5664
ATCACTACCACACAAA,5663
TCCGACCCAGACTCCA,5663
AATTCATAGGTAGAGA,5662
GTCCACTATGTAAAAA,5662
AACGATCTCCCGGTAT,5661
ATATCAGAGAAGTAAA,5661
CAAGATGGACATTACG,5660
TAGCATATCCATCAAT,5659
GGCACTGGTTGTAAAG,5656
GGCAACAGTAGCAAAG,5653
AAAGTTTTTAATAGAA,5651
CAATAAGTCCTAACAA,5651
GGGGGACCATTTGTAT,5651
TGCACCACGACCCTCA,5649
AGACAAAAAAGAATGT,5648
GGTCGCCGACGTAAGA,5648
TACAAACAGGCAATGA,5647
GACACGCAGAAGTCTA,5646
AACAAGGAGAGCGCAT,5645
CCTGTACCTCGATATT,5644
CGAATTGTATGGTTGT,5644
TAACTGTCTAAAGCAC,5643
CACAGCCGGGCTGCAT,5642
GCTTCAGAGTTTTTGA,5642
TGTCTACATCCCCTAG,5642
AGTTTAAACAAAATTG,5640
CCACGGCGGCGCCTTC,5638
CTGGAATTCCCGGATC,5638
CTGGGCGCTAGGAGCT,5638
GTCTAAATGAGCCCAT,5638
GTGACGGAAAAAGAGA,5637
TGAAAAACCCATTAAC,5637
GCCCCGCTGGCAATAT,5633
AAACACAAATATATGG,5632
ACGATTCCAATATTGA,5630
AGCCCACTTCCTACCC,5630
TCGACAATTATGTCCA,5630
AAGGCCATCTTTTCGT,5628
GACTCCGTTAGACCTG,5628
GCGTAAATTCACCAAA,5628
TTTTATACCGTTTGGA,5625
AACCATAAGGTGATTT,5624
ACAAAGAAATCTCCGA,5624
CACTACGAACTTAATT,5624
CGAGTACAGAAAAAAG,5624
AAATGCCAACTTTTAT,5623
ACACTTAGGGTTCGGA,5623
AGATGCGGTGACGGGA,5623
TCCATAACGCCCGTTA,5623
CGGGACAATTCCTCCT,5622
TGACACGGATGAAATA,5621
AGATTGGCCCTCGTCC,5620
GATGATAATTTAAACT,5619
CAAGGGTAACTAATAG,5618
CCACGAGGCGACAATA,5618
AATACAACATGACCAG,5617
AAGGATGCAAACCTGA,5615
AAAGCGTTTAGTCAGT,5614
TTGCCCGCCTACCAGC,5614
GGATCTCGGGACAGAC,5612
CACTCAATGTGCCAAA,5610
AGGACAAACGATGGGA,5608
CCGTCTGAATTGGGTG,5608
TGAGCCCAGCACTGAA,5608
CAACCCAGAACGCAAA,5607
CATAGAATGTAATCCA,5603
TCACAGGAGTTTTAAT,5603
TTGATACCTGATCCCG,5602
TTGATTGAAGAAAAAA,5602
GCCAGAGGGGTATACC,5601
AAGCGCAGGCTTCCCA,5600
GCGATATCTATCTATA,5599
ACTACTTTCCTGGCAA,5597
GAACGACGACCGGAGG,5597
GGTAGCAAATCATAAA,5596
TGACAAAAAAGATGGT,5596
TGAGTTTTAAGTTTAT,5596
CGAGGGGCCATAGGAA,5595
AGTGTAATTAAGCAGT,5593
ATTTTGCTCCACGGGA,5592
TTAAGGATAAACAGGG,5592
AAACAAACGTAATCTA,5591
TCGATAGTAATAGGTA,5591
GACGATGTTGAGTATG,5590
TCAGAGGGGTGTCCTA,5590
TCGCATGGACAAAAGG,5590
TCCACCTCTTACATAT,5589
TCGAACCCGTATAAGT,5589
AACTACGGCTCACCAA,5587
TCGAGGGAGATATCCA,5587
ACTAATAGGCTTTTTT,5586
GGAGCTTTTTAGAGAA,5586
TATTACGATACGGTAT,5586
ACGTGTTTCGTACCAA,5585
CACGAGTTGATGTAAA,5584
GGGAGGGTTATTTATG,5584
GAGGATAATATTGCAA,5577
AGGAGCAAAGAATATT,5576
GAAGAATAGTATATGA,5576
CTGAATATACAAGGGA,5575
TGACGCTTCGCCTAGG,5574
TGTCAAGCGGAGAACA,5574
AGCACCAATAAAGTGT,5573
AATTACGACAGCAGAA,5569
TAAAGATCGCATCCAA,5569
GAAGACCAAATTATAA,5567
CGATTCCTATGCTTGA,5564
AAAACCGTGACCCAAG,5562
CGATCAGTTCTCTCAG,5562
ACAGACACCTGTTAAA,5560
AGAAAGTGTCCTTTAA,5560
GATGCTGTTACGGCAG,5560
AAGTGAGAACAATACT,5559
AAACGAAGCCGCATTG,5558
TAAAAAAGCTTTAAGA,5558
TCATGTACAACAAAAG,5558
AGAGTTCCAACCTTAG,5557
ATAATATTCGCCATGG,5556
GCCTGATAGATTTAAG,5556
GACATCTTCAATACAT,5553
GTACATAGATACATTA,5550
GTTTCATACCGGGCAA,5550
TGACCAGAATCTATGA,5550
AGAACCTTTAGCACAC,5549
TTATGACGACGGTCCG,5549
GTACGTGATTGAGTTT,5548
GCCACGCCTGGGTGAG,5547
GCGCGAAGTGAGATTC,5547
TGCCTATCTAGGTACT,5546
CCGACGGGTTAGCAAT,5545
CTGTTAAACAAAGGAT,5541
CTGAACGACTCATGAT,5538
GCCATGGTGCATCTAG,5538
CCACATGTTTAAGCGG,5537
CGAGAGTTACCCCTAC,5537
TGCAAAATACCTAAAA,5537
ATTTTTTTTGATTACC,5536
AGATATCTCGCACCAT,5535
CAACATAGATGTGCAT,5535
GTAAGTCGATCACAGA,5534
TAAACAGGATTAGAGG,5533
GGAATGTGTGGAGATA,5532
CGCAAAAGGAAATGAA,5530
GAAGGAATAAGGGGTG,5530
AAAAAGTGTAATGCCG,5529
CATCCATTAAATGCGG,5529
CTCCGAACGATCTCGA,5529
CGGGCGTGCCTCCGAA,5527
GGACTGCGGATTTAAA,5527
AGTGGGAAAGATGCAA,5526
TAGACACTGGCTAAGA,5526
AATAATCGCTCACAAT,5525
ATGTTCCAGCTACAAC,5524
TTATAAAATCCAATCA,5524
AAAAAAAGCCTTAAGA,5522
AGACTGACGGACGAGT,5522
AACAACAGCACTGAAA,5521
AGCCCACGGGAGTTAA,5521
CAGGTTGTATCCTTCA,5520
TCCACGCATACCTCTA,5516
TTACTACCTTTATGAC,5515
ATTCTTAGGCGTTTGT,5514
AAATCAGATTCAAAGT,5513
AGTTATCCCGAAAGAA,5512
ACTAATTTGGTCCCAA,5510
CGGGTTCAACCGAGAA,5510
GCCTACAGGTGGTGCA,5510
TTGTACCGGCAAATAG,5510
CCCGGAACGCCGGCTA,5509
AGGCAAAATGACTAGT,5508
TCTAAGCCAGTGTACA,5508
TGAGTAGGGGTCGGAG,5507
CCCTAGGACTAATCCA,5506
TCTTTATTGGTTCTAC,5506
ACCCCATGGATGCAGA,5505
GACCTCGACAACTACA,5504
GATATAGCCGGGCATA,5504
TAGTATTAGTACAGCA,5504
TAACGAGATGCCTAGA,5503
ATTATATTGATTAAGT,5502
CGAGCTTAAGAAGGAT,5502
CTGTAAGCGTAAGATA,5502
CGCGGGATATAAGGAG,5500
CTGACGCCTACAAAAT,5499
CAAGCCATTTAGAAGA,5498
CCACTGTTACATTACT,5497
CTCTCGAGTAAGACCA,5497
CGACACACTTTGTACA,5495
ATCTTTTCTCATGTAA,5494
CTAGAGCCACCAGTTG,5493
AATACGTGTACATCAA,5492
ACACATTAGTAATCTA,5491
ACGTGTAAAATTATTA,5489
AAATTTTTAGTAGTCG,5487
AGTGACATAAGACTAT,5487
GATATTAACTGTTGAA,5487
TAACAACAAACACATA,5487
ACGGAGAGCCGAAATA,5485
AATATACAAGTGTGTA,5484
ATACTCCGCTAGAAAT,5484
GCAGCTCTCTGAGAAA,5483
CCACAAACAGAAAGAT,5481
CCGTTAAATACGAAAA,5481
AAGACAAGGCTGGTAA,5480
ATGCCGTTATCGCAGG,5480
CCATACAGCTATGTGG,5480
ACGCTAGCTACCACAT,5479
ATCAGTTGACATTCAA,5473
CTGCCACGGACCATAG,5472
TAATACAACTATGGGG,5472
AGGCACCTACGAGTAA,5471
CCGATATGTGAGTAAA,5471
TCCGAGATTTCGTCGA,5471
AGTAGATATCAGTTAG,5470
CCACGACTCTAGTAAA,5469
CGCCGCTTAGTGTTTC,5469
AGAGCAGACTTATAGA,5468
GGCTAACAGACACCAA,5467
TAGACCCGGAGTATTG,5467
TTGATTTTGTACGGTA,5467
GGTAAAATCAAGACCA,5466
ACATAAGATCAGTGGA,5465
CGTATATTCCATCCAG,5465
ATAATCAGAGTAGTTA,5463
CGAGTGAGCCGCAGTA,5463
CTTGAATACAACCTAA,5463
TGACATGAAGGTAAAC,5463
ACAATGCTGACCTTGA,5462
ACTCTATACTTCCATT,5459
TGCAAACTGTGCAAAT,5459
CCTGCCATACAATAAT,5458
AGAAACCTTGACCAAA,5457
CCAGCGGTCCAGAAAA,5457
CAAGATCCTCAGGCAT,5456
CCTTGCAGCAGTAAGA,5456
TGCGACCAGCATTATA,5456
AAACGAATCAATAGCC,5455
CTTAATAATTTCTACA,5455
GAGCCTGTTCATGTAT,5455
ACATATAAGTACGCGG,5453
GAGCAAATAATAATTA,5452
GGTACTTTACCGTTCA,5450
CACATCATTCCAGTAG,5449
GAAACTTGCATACCTA,5448
ACTGAAGCAATATACT,5447
TTGCCAAAACCAGGCA,5447
ACGACTGGGCAACAGG,5446
TAATATGAAATCCCAC,5445
CACATTCTTGCCTAAT,5443
CAAAACAGGACGCTGA,5440
TGCCTTATAACACCAG,5440
AAGATTAGCTAAGCGT,5439
AGTGTCCGAAAATTGA,5439
AACCAATCAGTTGAAG,5438
CCTAGAATGGTATTTA,5438
GCATTGCTAAGTATAG,5438
AATGTTTTACATTAAA,5436
CTAGCCGGATCATGAT,5435
CTTGCATAAGACTAGA,5435
TTGCTAACAGAATATA,5435
AATGATTAACACACGA,5434
GGAACCCAACCAGAAC,5433
AAACGACGTACCGAAA,5431
CGAGAAGGTAACTGTA,5431
AGTTTAAGTCTTCCAC,5429
CGACCAGAACATATAA,5429
GAGAATATGAATTTCG,5428
CGCATATTTACTACGT,5427
TGCCCCATATCCTCAG,5427
ATCCCACCGAAGATGA,5420
CTTATAAGACGAAAAA,5420
GATAAGAGATATAGAG,5420
GGACACTTATTTGGAT,5420
ATAAGGAGTAGTTTTA,5419
AAACCACCTATTGAGA,5414
GCAAAATAGCCATGAG,5414
ATTCCAACATAGGCGG,5413
CAAACTGCAGTGGGAC,5413
CCCAACTAGAAGAAGA,5412
AGGGTCCTAGCCGGGG,5411
ACCTAGTACGTTGTTA,5410
CTGTTTGCTACCTTCA,5410
GTTGGGGAAATCTAAA,5410
TCGTAGAACACATACA,5410
ACTATCCACGACTCAG,5409
AGCGGATGTAATGCAT,5409
CAACATCTGTATGCAC,5407
GTAATGTACCTACAAA,5406
TAGGACGAGATCCCGT,5406
ACACTTCTCGAGTGAA,5405
TAACACCCTGAGCAAC,5403
AGCTACCAAAGACCCA,5402
ATGACAGTCTAGTGTT,5402
TTAGAAAGCAACCTAT,5402
GGTTTACCAACCAAAA,5401
CAGTTTGACCGATTAT,5400
GAGTATCCCCCGTCGG,5400
TAGCTTACCTATGAAT,5400
GAATTAAGATAATACA,5398
CCCCACGGGCGTGCTA,5397
TACACACCATTATAGT,5396
GTCCCGTAAACTCAAA,5394
GGACGCTCCGAATTGA,5393
GAAGATAGCGATTAGT,5391
GGGGAAGGAGGGTTTT,5391
AATCATTGCGAAAAAA,5390
CGCGCAGTAAGGTCTA,5390
ACTGAAGTATTACACA,5389
CGAAAATGTTGCAAAA,5389
CTGAAACCGAACTTAA,5388
GCGTAGAAAGATCAGA,5388
ACACCCCCCACCCTTG,5386
CAGCAGGGACTCATTA,5385
GCTAATAATTAATGAA,5385
TTTTTCGCTACTCTAG,5385
ATTGACTTGTTGTTAA,5383
AACGCGTCCGACAAGA,5382
ATTTTAATCGCTCATA,5381
CTCTCCGCAGTGAATT,5380
AATACAGGAATAGCTA,5378
AATTTACACTGATAAA,5378
CATCTCGAGAGCAATA,5377
GCGCGAACCAGTTCAT,5374
TCAGGTCAGGATGATA,5370
TAAAGCAGTTAGTAGA,5369
TATCAGGCAACGTGAG,5369
AGACCTATCACAATGA,5368
GTGGAACCACGATAGA,5368
CCGCTTCCAACCCAGG,5367
ATATAAGAAAAAATAA,5366
ACATGAGGGAGCTTAT,5364
CAGTAATATCTGGCAG,5362
TTAAATATGATAGCAC,5360
AGTGGACGCGGGGCAT,5359
ACAGGGGGGCCAAATA,5358
ATGAAATACATATAGA,5356
CTAGGCACCCTCTTAC,5356
GTGCTCGTAAAGAGAA,5352
TGAAAGCTCCACAACT,5352
AGGGCACAATTGCAAT,5351
TATCATATGAGGGTAT,5351
CGTTTGGGAACCCGAA,5350
GCATTTGCGCTTTTCT,5350
GTTCGACTTATTAATA,5350
TACATATAGTGGTTCT,5350
ATTTGGTAAGGGGAGC,5349
CATAGATGGGATTGAC,5349
CCGCCGACTCTAGAAA,5349
GGCTTCACTTCTAGAA,5347
ATCACAATTTAATTGG,5346
GCACAGAACAAGCCTC,5346
TCTTCCTTGATCCTGA,5346
AAAACAAACACAAGAT,5343
GTTGTACAAGGTCTAA,5343
CGAATTCGGTATTGTA,5341
TATAGCGCAGTTCCTA,5341
GTGAAAACAGGTCCAG,5339
GTTCGAATACAAGCAA,5339
AGATAGCTACTTAATT,5338
TGGGGAGGTAATCAAA,5337
AATATTATGTCATGAA,5334
GGAACCACAGATATTG,5333
CCGTGAGTTGACACCA,5332
TTTTAACGGATAAATA,5332
CCGGGAATATAGACAA,5331
CGAAATGGAACAAAAT,5331
AAGACACCTGTTCGTT,5330
TATACGGTAAAAGGGG,5330
GTGGAGAACTGCAAGG,5329
CGAGTACCATAGATAC,5328
TACTAATAGTATTAAT,5328
TGTTCCTTCGCTCAGT,5328
TTTGATGTTTTACTGA,5328
CCGTGCATTGAACAAG,5327
GGGGATGGGTGGAAAA,5327
TTGCTTAAGGACTATA,5327
CAGTACTAGCGAGAAA,5326
CGAACATTATCTTACA,5326
CGAGTAATTACTGAAT,5326
TAGTTACAAAAATCAT,5326
GTTCTTTATCTCGACT,5325
TAAACTTTAGGACTGA,5323
ATTAGGTTATATATGA,5321
TGCGCTGAACTAGTGG,5321
GAGGCTAAAACGCAGA,5320
TGCCATCACAAAAACC,5320
CACAAAGAGGGGCAGG,5319
CTAACGCAAGAGTGGC,5319
GTTCAGTTTGTAACGA,5316
CCCAAATAATCCTAAA,5315
TAAAATGATTCTCATT,5315
AAATACATGCCTTCGG,5314
CTTAGCTACAATGCGT,5311
CATGAATTACAATAGA,5309
CGTGGATAATTTGACT,5309
TAATGATAAGGGACTA,5309
CCTTCTGCGGACCCAT,5308
TTATGTAGGGGGCACT,5308
CGCAAAACGCCCGAAT,5306
ATCTGCCAAACAATAA,5304
GATCCACGGTCCATAT,5304
AACAATCCTAAACTCT,5303
ACATTAAAACGTTCAA,5303
GACCAAATCGCCAACG,5302
TCTTAGGTTCAATAAC,5302
AACAAAGAATGAGAGA,5301
CATAAAATAAACCAGA,5301
GGGATGAATCTTGGAT,5300
TACGCACTTCGATAAA,5299
CCAGTGTAGGAGAGGG,5297
CGATTCATTAACGAGT,5297
GACCGCGTATCTTGTA,5297
TGCTCTCCGATAAAAT,5297
ACAGTACGTCTTGATA,5296
TTGAATGCAAGACGAG,5296
AACTGATGTGTAGTAC,5294
ACCTTCTATCTCTAAA,5293
CCAACGAACTTGGAAA,5293
TCGGAGAGGAACGATA,5293
TGAGACCGGAGATCAA,5293
ACAAAAATGCAAAGCA,5291
CTCCACACCGCCACTC,5291
CTTGCCTAACATCTAC,5291
CCGGCGAACAAATCTG,5289
ATCGAGTTATTCGGAG,5286
GTGGACCAAACTCAAT,5286
TTGTTTATATATGGTA,5286
AATCAAAAATAAGAGT,5285
AATCCGTACAGTAGAC,5283
GACTAAGGGACCGACT,5283
GATCTACACGGACCCC,5281
TTACGAATATAAAAGA,5281
AGTTACATGAAGGTAA,5280
GAGGGGATGACCATGG,5279
AAAGGACCCTAATCAC,5278
GACGATGGGGTGGAAA,5277
CGGATATGGGAATCAA,5276
GACCGTAAATCTGGAA,5276
ACCACTAGACGCATGT,5275
GCCCGCTAGTTGAACC,5275
GAAGACATACAGTAGG,5273
GAGAATCAACCAAAAA,5270
CAAGGAATACAATTAT,5268
AATGGGATGAGTGAAT,5267
CCGACCGTGTTCTTAA,5266
GGTTCAACGTAAATAA,5266
ATAAGTCGACAGGCAA,5265
CAGATACAGGAGAAAA,5265
TTCCCCATTATCATAT,5265
TTGACTTCCATGTCCA,5265
TAAGAACTAACATGAA,5264
ATATGACATATTGTTA,5262
CCGCTTGTGAACTCAG,5262
TGGACAATGAAATGAT,5262
ACGAACGGTTTGGGTA,5259
CATGCAAAGAACCACT,5259
GCAGTACCCATGATTA,5259
GGAGAGTACGAGAAAG,5259
ACCAATGCATAAGGGA,5258
ACGCCAATCACAAAGG,5258
GGTGGATTGAGCTGGG,5258
AACTTTACGCTAATTA,5257
AACACACGACCTGAGA,5256
AGGAACAGTGCACATA,5256
AGGATATCCATTCGAC,5256
AACACATTACACTTGT,5255
ACAGACGCGGTCGAGG,5251
AAAGAACTCTTTAAAG,5250
AGATATTAGGAAGCTA,5249
GTAAAGCTTGAGTACT,5248
CGGGAGGTGCATTGTA,5247
TATCAATAGTAGAGAA,5246
TCTAACATCCAAACAT,5246
ACACGGGGCATGATGG,5244
AGCCCTGCAGCGTGAG,5244
CTCGACAATTTTATCA,5244
TCCAGTTACAACCTAA,5244
TGACAGGTAGATGAAG,5243
CACATAGCGTGATCTT,5241
TGTGCGATTGGGGTGA,5241
CCCATATAAGTAATAA,5238
CGATCGGCAGCAATCA,5237
GAGTTAAACCATGAGT,5236
CTGGGACTACTGACTA,5235
GTTACAAAAAGGCTGG,5235
ATTGAGGCAACGTTTT,5234
TGTATAAAGGATCCCT,5234
CATAAAATTGGAGTGA,5233
TGGGCTCGAGGACAGA,5232
TTAATTACCGTCATAA,5231
AAGTGCTGTGCGAAAT,5230
ACTAATGGGAACTCGT,5230
CCCATAATCCGACTAA,5227
TCAACTACACTCGGGC,5226
CAAGGCAGAGCGGGAT,5224
TCACGCCATATGAATA,5224
GTTCAACTAATGCCTG,5222
TAAATAGACATTTAAA,5222
CTGGTCGGCGAGCCGA,5221
TATGAACGATGACCTA,5221
GCCTCCCTGACCCGGA,5220
TAATCTCACAAGGCGA,5220
TTAATTATGACCAGTC,5220
AGCCACACACAGTGCA,5219
CATTTATCACCAACTG,5219
ATCCTATATGCATTCA,5216
GATTAAGCGTGATTCG,5216
ACAGCTATAAAGTAGT,5213
TACCGAACCTAAAAGA,5213
CGCACTCGGTGGTTCA,5212
CCAAGGCGTTCTCTAT,5210
CGAAACTTTTGCGACT,5210
GAACCAGCAAAGACAC,5210
GAGTCAGATCAAACCA,5210
TGGAAAATCATCACAG,5210
CAACCCGGATCGTTGC,5209
CGCAGTCGAATAAACT,5209
GCAACTCTGATTCTCA,5209
GTTCTATGCAGGTGAA,5209
GTTACTTCGTGCGCTT,5208
ATTATGCCCCGGAAAA,5207
TAACAACACAATGAGG,5207
TACAAGTACGGATGGT,5205
GCAGTCATCGCCCTAA,5203
GCCTAACGATCGTAAA,5203
CAAAAACGAGGTGTAA,5202
CACTACTCGAGGGCAA,5202
CCAGGATTAGTAATTA,5202
CGTTGACGAAACTCTA,5202
GCGTTACGAAAGGCGC,5202
ATTACGAATGGAACTA,5201
AGAGAACAATATTAGA,5198
CGAAACCCAAATCCAA,5198
TTAGCTTAACTCAAAA,5198
AACTTTGCCCAAATGA,5196
GCAAACAAATCACCAT,5196
ATCGTAGAGTACTGAA,5193
AAAAAGAGAGCTAAGA,5192
CAAGGAAACGCTTATA,5191
GGCAAACGAATGCTTA,5190
CTGAATGAACATCTAT,5189
ACGTCGCTCAAAACGA,5188
TCTGCTTGAGGAGCCA,5187
AATATAACCCATTATA,5186
GGTACAATTCTTCAAG,5186
AACCCCGTACCAAAAA,5185
CTAGAATCCCTGATAC,5185
CCTCCTAAGTATGGAT,5184
GCCAATCACCCCTCTG,5184
GCTAGGGTCTCCAATT,5184
AGTCTTACGATTGTGG,5183
CTACTTATCTCCACCA,5182
TCATTAGACCGAACGT,5182
ATTGGAATCCAATCCA,5181
CATAAAATAGTAAAAA,5181
TCTCGACCTTGTTTGG,5181
GAAAATATAGCAATAT,5180
GGGTGGTTTGAGGGGA,5179
GTGACAGGCCAGAGCA,5179
TATCCTCTATGGGTAC,5179
CCATAAAATGATGAAG,5178
TTGATAGTCTTCCATA,5178
TATAAAGAACGCGAGA,5177
TTAAACAGTTAGTGAT,5177
CTCACACCCAAAGAAA,5176
TACAAAAAGTTATGTT,5176
ATTTCCGCCCTCGTAA,5175
CTGATAAAAGTTTTCA,5174
GCGAGCATTCTAGAAA,5174
CAGGATAACTTGTTAC,5173
CTTCGGGTCGTAATAG,5172
GTCTTGTTTTATACGA,5171
TAAGCTCCCCTCCAAA,5171
TCGCTTAACATTCAAA,5171
GGGGACAGGGTTGTAG,5170
TGACCCCAAAGCCGTT,5170
CTAGAAAAGGATCAAT,5167
CTACACTTCTAAGTGA,5166
CAACCAAAGCCTTTAA,5165
TAAACAAGGGTAGGAG,5164
TACCCAAACGAAAAGG,5164
ATGTCGTGAGGGGTGA,5163
ACCCATCAAAACTGTT,5159
GAGAGGTTTATATAGA,5159
AGAACGAAAGCCCTAA,5158
AACCAGAACCAGGTAG,5157
AGCACGAGACAAAAAA,5157
GAGCTGGAATACAAAA,5157
CACATAACTTCCCGGG,5156
GTGGAATGGAACACTA,5155
AAATATCCCCTATATT,5154
AGGATTTGGAACAAAC,5151
CAAACAATCAGTGTCA,5151
AAGGCAGGACGGTTTT,5149
CACCATCCGAAATCCA,5148
GTGCCCCACCAGTTCA,5148
AAACATGTACCGTAAA,5147
AAGTTTGGAGACCCTT,5147
AATGCGTTGACGTTAG,5146
GATTACGCCTGTCTAA,5146
CAGGGCGAAATAATTA,5144
AACTTTTGTATGATGA,5142
GAGTGGAATCAGAACG,5142
CAAACATCGTAGAACG,5141
TCGAAATAGTAAAGGA,5141
ATGGTATAGCATGAGA,5140
TGTGGAAAGGCTGGTT,5138
TGCCCAATATCTTCCG,5137
ATAAGAACAGCTGGTT,5136
AACGGCGCGAAGGAGA,5131
CCCTTAAGTATATTGA,5131
CACAGTGCGGAATGGA,5130
TCGGCCAACCATAAGT,5129
TTCACAACACGATCAA,5129
TACTATTTAAGATTAT,5128
CAACGTGGTGTCCATG,5127
TGAATGGTCGGAGATT,5127
CTACGATCTTATTTAA,5126
GTGACTTACATTGCCA,5126
AAATCAATTATAAAAG,5125
TCGACTGTGGCTAAGA,5123
TTCTTGCCGCACTGAA,5123
AATAGAATCACCTGGG,5120
ACACCTAGAAGCAATA,5120
CAAAAGTTCTCCGCGA,5119
TATACAACTAGTATAA,5118
TTTCTTAATATTGGAA,5118
AGCGATGCGGCAGTGA,5117
AAACATCTACAATCCG,5116
GGTGCACAATTAAAGA,5116
TGGTTACGTGGTAATT,5116
TGTGGAGTATAAGAGA,5116
AGTTTATGGTTACCAA,5114
CGAGATAACAGCTATT,5114
ACATGATAAAATCTAT,5112
CATGTGTAAGAAATGG,5112
TAATACACCTTCTAAT,5112
TAAAAAAGTTACTACT,5111
TTATATCAAGATGGGT,5111
ACTTCCGGAACTCAAA,5110
CTTTAAATGTAGAGGG,5110
ACACCTCTGTAGGTAA,5109
GTGGATGCTCCCTATA,5109
AAAACGCGTATAAAAA,5107
AATAAAACAAGAGCAA,5107
TATGCAAACCAGAGTA,5106
TGATTGACAACCCCAA,5104
GCTAAAATTAAAGGAT,5103
GTAGAGTAGAACACAA,5103
AAACAGCCATAATTAA,5102
GGACTTATCAATGAAT,5102
GATATTTCCGATGGAA,5101
AGAACGTGTTTATTGC,5099
TATTAGGGTCAGTACA,5099
TGATATGGAAACCAAT,5099
TAGACCGACTAACCGA,5097
TCAAAAAACCAACCGG,5097
TGCGCAGGAATCGTAA,5097
GTTACCATTGAGGCGA,5096
GAAAAACTAATGCTGT,5095
TTTAATAAGAACCCCA,5095
AGGCAAGCAAGTAGAA,5094
ATGCTCAAATAGACGA,5093
CACCAGCTGCGTAGAA,5093
ATAGCTTTCCCAAAGG,5092
TTCATTAAGAAAAGTA,5092
CAGTTTTAATGATTTT,5088
GAGAATGACAATCTAA,5087
TCAAAGAAGAATGATT,5087
TGATAACCATCTACAA,5087
CCCGTTCCACGCAATA,5085
GTAAAATGTCGAGAAT,5085
TCATCCTTAACCGGAG,5085
AAAAATTAAGCTATTA,5084
ACTAGAAAAACGATAA,5084
GAAATAATCAGCGCGA,5084
GGAACATTCCGTTTAA,5084
GTTACCAGAATAAGCA,5084
TGACCAGTATTGTACA,5084
AAACCATGTAATTTTA,5083
ACCCTACTAGGCTCGA,5082
CTAGTACGTAACTGTA,5080
GAGATATGAGTAAGTT,5080
TTTTATCGTAATCGGT,5080
GCAACTGAGTGGCATT,5079
GGCTAAGTAGACCAAA,5077
GGCTCAATAAGAGGAC,5075
AATGATTCCAACAAAA,5074
ACCAGAACTGACAAAT,5074
GGTGATACCATCCATT,5074
TACTTATTGAATGGGG,5074
AGACACGAAGTGAGTC,5072
GGCCGAATCATAACTT,5072
CCTACATAGCGGATCT,5069
CTTGTTAGCTAAAAGA,5069
AAAGTAGACGAAACCT,5068
AGAGGCGTGAACCCAT,5068
AAGCGAAACCACAAAC,5067
AGCAGTGAAAGGATCG,5067
CAAATAAAAAACCCTC,5067
GAATATAAGTAGAGAA,5067
TAAAAACGTAATTAGA,5066
GCTGATCGAAATCCTT,5064
CTAGACGTGGAAGCAA,5063
GTCAATTCTTACCTTT,5063
TCCAAATTATGTCTAA,5063
AACAAAGTGAACTTAT,5062
GTGCCTAGTCAATTAA,5060
GTATGTTACTAAACAA,5059
GAAGGGGTTACACATT,5055
ACCCGGGACGAGAGCA,5054
AATTTCAACACCTAAA,5053
GACAGCCAAACCTATA,5053
AAAGACTTAACAGTGA,5052
GTCCATCCCTTGACCT,5052
GCAAATTGTTCCTCTA,5051
AGACAATACCGCTTTG,5050
AGTGACGCAACGTACC,5048
CTCGGGTTTTATTCAA,5048
CTAAGCTACCGAGAAA,5047
TAGCACGCGCTCCCAG,5047
TAGGACCTAGACTAGT,5047
CAGTATAAAAGCTAGT,5043
CCTCCAGGCCCCAGTA,5043
GAGAAGCATAGCACAA,5041
GGGTGGTAATACGGGA,5041
ACTCCAATTGCCCGGT,5040
GTAATCTCAGCTCTGA,5040
TTCATCCCGTGAGCAA,5040
TTACAAATTCCCACTA,5038
ACACAATTGATATGAT,5037
CGCGTGCTTTGAGAAA,5037
ACTAAATCTTCAATCA,5036
ATAGTTGTTGATACGA,5036
GCTCGGGCGAACAGGA,5035
TACACCAGCACAAGAA,5035
AATAGGAGAAGATAGA,5033
ATGTTACGCTATAAAT,5033
CGCTTTACACAATACT,5030
AAAGTATCATCAGGGG,5029
CAGGGCGTTAAACATT,5029
CATATATAATATAGAA,5029
GGGAATAAAGACACAA,5028
AGGCATTTCAAACTAC,5024
GCGATGTGACAGCAAG,5024
CAATCGGTCGAATTAT,5023
GGAAAAGTTAGCACAC,5023
TTAGAATCGAGCTTTT,5023
TCGCCCATCCGCTAAA,5020
GATGCCGGGAAAAGCC,5019
TACTAGAACATTCCAA,5019
ACGAGACTACAAATGA,5018
TTTGGTGTTCTGTCGA,5016
ATACACGCACAGTGCA,5015
ACCGATGGACTCCCTA,5014
AGGTGCCATGCAGGGG,5013
CTGAACAAATCGACGA,5013
GTATCCGATTCGACAC,5013
TTACACAAATGGAAGC,5013
GAGCAACCCGACGCAG,5012
GATAAAAGACAGGTGC,5012
GGGCAATCAGAATGAT,5012
AAAAACTTTTCACGTT,5011
CGTATATACTTATCGA,5011
ACCTCACTGTCAGTGA,5010
TAGAACTTTGGATAAT,5010
ATGCTCAGTTGAGCAG,5008
CTGGCAAATGTAAAGA,5005
ACTAATTTCCTTTGAA,5004
AAAAATGAATACCTCA,5002
TAGATGTCAACAATAC,5002
AGTTGCAATGCATAGG,5001
ACCCATTATTTGCAAT,4999
GCAGTTGAGACCCCGA,4998
TAAGGAAGAAATTAAT,4998
AAAACTGCGATAATCT,4997
AAACTGAGTGTCTTAG,4997
CATAAACACTCATTAC,4997
GACTATAACTTCAGCA,4997
AGTATGAATACTGCAC,4996
CCCTATTATTGATAGG,4995
CGATAATAGAAGAGAT,4995
TCACATGCCATCAAAA,4994
TAACAGGTGAAGTAAA,4993
CTATTGACAACATTTT,4992
GTTTGAACTCCCGGGG,4992
CAATTTCAAAAGTCCT,4991
CCTTTCATAGTTGGAG,4991
CGAGATAACTTCAAAA,4991
AAGGTGAATGTATATA,4990
CTACACATGGGACTAC,4989
CCCGTTGCAGCATTAG,4988
ACGCAGAATGGTTACA,4986
GAGTAGTCGTTTCCAA,4985
TTATTGACGCTCCCAA,4985
ACTTCCTAATGACAAA,4983
CGTGGGACTATCTTGG,4983
ATTGAAGAATCAATAG,4982
TCCCGGAGAGACTGTT,4981
GGCTCCCTAATCTAGG,4979
ACACGGAATGAACTAA,4977
GCAATATGGGGAGGGC,4977
GAGATGAGAACGCATT,4976
GTTTGATTGTAGTAGA,4976
TTACGTAATTGCTATA,4975
AATGCAGACGTGCAAT,4974
AGAAATGTTATAAAGA,4974
GTTACCAGGTCTAGTA,4974
AAAAGTTCAAAAGGGT,4973
GGAAATAATTAAAGGA,4973
AGTACCGGGTTACAAC,4972
CAATACCGTCTACAAA,4972
CTTGGACAACTCAATT,4971
AAGCCACGTTATGAGT,4970
AGTTGTCAGCGGAAAC,4968
CATCGCTAATGTGCAT,4968
CTTGGCCCAATGTTAT,4968
AATCACGCTCAACTAT,4967
TCAAAACATTACTAGT,4967
CCAACACGGCCAAAGG,4966
GCCGAGTCTCGGTCTT,4966
AACGAAGGGACGTGAT,4964
GCACATCTCGCAAGCA,4964
ACGTTGACTAAGGGAA,4962
CAAAATAGAGCACCCA,4962
CTGACAAAGTACCTGT,4961
GCACGGACATTATGAT,4961
GTACAGTAACAAGAGA,4960
CGGGCCCGGGAGCAAC,4958
ACCGACGTTATTAGGA,4955
ATAACAGGCTGGACAT,4955
TCCAGGTTGCCCTCCA,4955
ATTGGGGCACTATTGA,4954
CATGCCTGGTCAGAGC,4954
CGTATATATACAGTCA,4954
CCCGTACGGAGGTTAA,4953
ATTAAAAAAACATCAC,4952
GATCTTACAGATTAAA,4951
TAAATCTCATGGTAGG,4951
ATCAGGATCGGTGGAA,4949
GCAGGCTCGTGGAATA,4948
CGACAGATACAGCCTG,4947
GCAGTGGGAACGGAAT,4947
ATCAGGGGTGGTGAGC,4946
TGGGTCGCCGCTAAAT,4946
GATAAGAGGGTATATT,4943
TAATGAGATGTTCAAC,4943
CACGAGAGTCAAATTT,4942
CATAGGTTCTATGAGA,4942
CGGGCCCCGGTGTAAC,4942
TCTAAGCACTGACAGA,4942
TATAAACTCTGCTAAA,4941
GACATGGCTTCATCAA,4940
AGAAAATGCGCGTACA,4938
ATATAGAAGTCAATAG,4937
GATATTTAGTTGTTAG,4937
ACAATACGCTGCCATA,4935
CGAAGCTGGAGAGAAC,4935
AGGGAGGAAAGTCAAA,4932
GATGCAATCTAGTAAG,4932
TAAATCATCGATGAAA,4932
CCAAATTAGACGTCAA,4931
GACAGTTGTAATGCAA,4931
GAGCTTAGCAATGTTA,4929
TCATGCGCATCAAAGT,4929
TTCTAGTCCTCCCTGT,4929
GTGCATGAGCTGTCGG,4928
CTTGGGTTAAAACTAT,4926
AAGTTCAATATTGGAA,4925
GAATATAAACCAGAGT,4925
AAAAGGCTATTCCTAG,4924
ATATCATAAAGATAAT,4924
AAAATCTGGTTCCCAG,4923
CAACGGCTGGTCGTTG,4923
AGGACCTTAATTCTTA,4920
ACGGAGCGAACAATAT,4919
TTAGAAGAAAGAGCGA,4919
AATACGTGGTTTTCCA,4918
CAAACTGGGGAACAGG,4917
TAGGAGCTATTTACTA,4917
AACTGACCAATATATG,4916
AATACATACAAGCTGT,4916
CAGTCGCCAGTTAAAA,4916
CGTCGATTCTTGATAT,4916
TATCCTAAAACATGTA,4916
CAACCTATCGAAATAC,4915
CTTCTTCAATACATAC,4914
CCTCTAAGTCGTTCTA,4913
ATCTAAACTATCTCCA,4912
CACACACCAAACCCAT,4912
GTGCATAGCCGCGGGA,4912
CAAGAATGGCGAACAA,4910
ACAGAGATCCGCCTAC,4909
AATTGGCAATCGGGGC,4908
ACGGCAGCTGACGCTT,4908
TTCACTTAAGAATCCC,4908
GGATAAACCTCACGTA,4907
GGCAAATAAATGTAAC,4907
GACTCAGACTGGTGTG,4905
AGCCCGAAGCGTTGGA,4904
AGACAGGAAAATGATA,4900
AGGAACCAACAAAGCT,4899
TTCAGAGATTACAGGA,4899
GTTGTTTTCCCATGCC,4898
TGAGGCAGTGCTGTAA,4898
TTGTCGAAAAAACTGT,4898
ACGCAAATGTCCTAAA,4897
CTTATATAAACATTGA,4897
GTTAGGAATCCCTAGT,4896
AAAAGGCTAGCTATCA,4894
AACGAACCGAGAAAGA,4893
GATCTTCTTAGTTGTA,4893
TATGTCTGAACCTAGT,4893
GAACCAAGAATTCGGA,4891
GAAGACAAATAATGAA,4889
ACGGCAGGGGTCTCAG,4888
GAAACGTAAGGGCTCT,4888
TGGAACTTCCGTTGCA,4888
CCAGCTACCTTATTGA,4887
ACAGTGATTTCTCCAT,4886
ATAAGGACGCTGACAA,4886
ATACTACAAGTAACAA,4886
GCCTCCCAGTGATCAT,4883
AACTCACCACTCAAGG,4880
AATATATTCGCTCTGT,4880
ACACTATAAGTGCGAT,4880
AGAGCGTATTAGTTTA,4878
GAAGCTCCTATGCGAT,4878
CTGGCGGAGCGTAATT,4877
GTAGATAGTTAGACGT,4877
GTTTTATTAAACCAAT,4875
TAATACCCAGACGAAT,4875
AGGGTCACTGAATGGA,4874
CCTCCACTACTACCCA,4874
AAACACCTCGTCCATA,4873
CAGGGAGAACGTCTGA,4873
AAAGAATGACGCAGAC,4870
ACACTAAACAGGTCCT,4870
GATGTATCAGAAAAGA,4869
AAATCTGCATCAAAGA,4868
AACAGGGTAACGTCGC,4868
GGTTCTAATTAAGAAA,4867
ACCACAAAATCAGTGT,4866
CTCCAATAATGTCTAA,4865
TTAGGTAACGTGAATA,4865
GGGGAAATGTTGATAA,4864
TAACCGGTATTGTTAG,4864
GTTAAGAGTCCTCTTA,4863
TAGCACAAAGACATAT,4863
ATCTTCTCGCTAACGA,4862
AGCTTAGGATAGGGAT,4859
ACGCCGACGGAACGTT,4857
TAACGTAAAGATAAGG,4857
TACTCTGACAAACACA,4857
ATCATGAGCGTATTGT,4854
GAGTTAGCTCGATCAA,4854
GTAACACGGCATAATA,4854
TAGACTTTGAAGTGTA,4854
AGATGAGGTGGACGAG,4852
TGTAGGTAGTCACCAG,4851
ATGTACCCTCTATCAG,4850
AAGAGACTAAAATAAG,4849
CTAGTCGCATTACGAA,4848
TACTTAGATAGTATCG,4848
TCGAAAGCCTTAATAA,4847
TGACACCCCCCTAGTA,4847
ACGTCTTAAGGTTCTT,4846
ACATTAAGGCCTTGCT,4845
CCGGTACTAGCCAGTC,4844
ATGTATCGAAGAGCGT,4843
ATCGACTATAAATAAA,4840
GCAAGGACTAATAAAA,4840
AACACATGTGTATTCG,4839
ATCCAACGAAACAGCC,4838
ATGTTATATAGAATAA,4838
CTCCAATTAATATAAT,4838
CCTTTGGTGTGTCTAG,4837
ATCCGTTTTTCAATAA,4836
TAGTTGATTCCAGGAT,4836
AAAGCGTAACCATGAA,4835
GTGATAAGACAGGCAT,4835
GTTGTATAACTATCCA,4833
GCGCCCTATTGTGAAT,4831
TAACAAAGAGGAAGAT,4830
TTCAAATTACTGATGA,4830
AGTTTTTCGTTTAAGT,4828
ATCAAGGGAGGTCGAT,4828
CCAACAAAGGGTGAAT,4827
CCCCAAAGTTTTTAGA,4827
CCAATTAAACTATAAA,4826
CGAAAAATTCATAAGT,4826
GAGCGATAAAACAGAA,4826
TGTACACGAACTAAAA,4826
ATGGACTAACCTCAAA,4824
CCTTTTACGTATTCAC,4822
CGATGAAAGCTGTCAG,4822
GCCGATACTATGCTGT,4821
GGCCCCAACGCCGCAA,4821
TCACGGGGAATTGGAG,4821
ACAACACCCGTTAAAA,4820
ATTGTCAGAGAATCAC,4820
CATTCAAAAGTAGGGA,4820
CCAGACTATAATATTG,4820
TGCAGAAAGGGATACT,4820
AAAAAATCCAAGATAT,4818
GGTAAACAAACTAATA,4818
AGACCTGTTGAGAGTA,4817
CATCGGACGATAGAGA,4817
CGGCATCTTGACGATA,4817
AACTTAAAATTAGCAA,4816
AGGGAATCATGTCGAC,4816
TAGGAGGTGCTACAAA,4816
TTCGATAGTTTCTCTT,4815
TTTATTGATACCACCA,4814
ATGATTGTAAAGAGGC,4812
GTTGGATAATTATAGA,4811
CAAATTTATAACATTA,4810
CGATTACTCACGAAAT,4810
CTGGACCAATAACCGT,4809
TATTGACCACTATAAT,4809
AGCCATAACTGAAGTA,4808
ATCCCCGTAACTCAAA,4808
GCACCTCCGATTCGAA,4808
ATCTTAAGAATTATGA,4807
GTAGTACACAACTAAT,4807
GCATTTTTAAACTGAA,4806
TTGATAAGAACTGAGA,4806
ATTCAATATGTGTGGA,4805
AAGCTACTCTCAGAAA,4804
TTACCGATGACATGAA,4804
TTTTATAAATTGGTGA,4804
AAGATTACTTGGAACC,4803
AAAACCATACGCAAGT,4802
TGGTTAAGTTAATAAT,4802
GACCCCTTGACTAGAG,4801
GTCAATTGACGGAATA,4801
CAATAAATGATATTAA,4799
CGACATACATCGCCAA,4799
CGCCAGGACTACGGAA,4799
CCAGCCGACAGACATT,4797
TAAAAGTTATTGCTGT,4797
TGGCCATATTATAAAG,4797
AAAATGATTTTATAGA,4796
GATTAAAAGTTTTTCT,4794
AGGGGCTTGCAGTAGA,4793
GACTATGGCTAAATAG,4793
ATAAGGGAACTCGCCT,4791
ATCAACCTACGGGATA,4791
GAAATGGTGGGGACAG,4791
CAGCATCTAATAACCA,4789
TTTCTTAAGACTTAAG,4787
GATTAAGTCGTTGAAT,4786
TACCTAATCCCATGAT,4786
AAGCCACTCAACATCC,4785
AGTCACGAAGAGAAAC,4783
ATAACTCCGTAACAGA,4783
ATATGAATTACTACAT,4782
TGCGACAGACGCGTGT,4782
GGGGGTTATAAGTGGG,4779
TCACCACTCTGATGCC,4779
GAAACCAGAATTCCGA,4778
AGAATGACAATGAAAA,4777
GGTAGTTCTCACATCA,4777
ATCCCACACGTGATAT,4774
GTAAAATTAATTAGAG,4774
GGCATGTGTGAAATCA,4773
GTAGCGGGCTAATGGT,4773
AATATCCTCTAATAAA,4772
CAGGAATGCGAATGGA,4772
GCTCATATATTGTCGT,4771
GTTACCGGAGGTTAAA,4771
ATAGAATATGAAAACC,4770
AAGAAGCGGGTAAAAT,4769
TCCCCCATTCCACCAG,4769
AAAAGTCAATACCGAA,4765
CATTACCGTTACTAAT,4765
CTAGTCTCAAAACATA,4765
CGCACAAACTCTCTGG,4763
TCACAGTCACAAAACT,4763
TAAAATTCAGAGTTTT,4760
TCTGCGGACCACTATA,4760
GCAGCCCGCGCAAGAA,4758
GTCCCTGCCTTCTTTA,4758
GTGACAGAGTCGCTGA,4758
TGGGAACCTGTAGGAA,4758
ATATAATCAAAAATAA,4756
AACCACCAAGAGAGGG,4755
ACACGTAGGAGATCCT,4755
ACGAAAATTCAGCGAT,4754
CAACCGCGAGTAGTCT,4753
GCCATAACTCTCAAAA,4752
ATAGCCATAACATTAT,4750
TGATGGCATAAGGCAT,4750
CCAACCCAAACCGCGA,4749
CCTAAATCTAATTCAA,4749
GCGCTCCTTACCCCGT,4749
AAATACTCTCAATTAA,4747
GCAGTGATGTGTGAGC,4747
ACAAAGAAATTATCAA,4746
ACAATAATTGACTGTA,4746
CATTCACAAGGCATCA,4745
CAAAAAAAATTAGCAA,4741
TTAAAACGAGCGATGG,4741
GTGAGGAACAAAATCG,4739
ACAATCCGGGCACATA,4738
CCGACTTAGGATTAAG,4738
GGACAAAAGCAGTGAA,4735
CACGCAAACCTGCATG,4734
CGTTAAACGCTATACT,4734
TGCCGGAAGACGATAA,4734
AACCGATTATTTATTA,4733
AGACACAGTCACTTAT,4733
AAAGAAACAGGACTGG,4732
TAGAGTCTTGTTCTGA,4731
AGGAGTGTATTCACCG,4730
CATGAGGCCATCATTA,4730
TACGAAATGGCGCCGT,4729
CGAGAGGGAGATCAAA,4728
ACAGAAACGGTCACTT,4723
AGTTACACATAATCTA,4723
TCTAGGGAAGTTTCAG,4723
GATCAAGACTTTCAAG,4722
CAGCCACGGATAACCA,4721
CCACCCGTTACCTGGT,4721
TGTCTACTATTCGTAC,4721
CCAATTCTAGCGTTAA,4720
GAATAATACAATTGAC,4720
TAGAGATACACAGTGG,4720
AATTATAACGCCCTGG,4718
ATAACCGAAAGCATAG,4718
AGACGCAAGGAATTAA,4716
CAGTACAGCCCAGGGA,4715
AGGCAAATAAGGAGGA,4714
CCAGCGTGCGAGGTGA,4714
GCCCCGCCATCTTCAA,4714
GAGAAGATCTAATTGG,4713
TCACGAGTATCTGTTT,4712
ACGAGTAACACCCACA,4711
ATTTAGTGTCAATAAC,4711
TTTCGTAGAACCTAGT,4710
TAGCCTCCATAACCCA,4709
AAAAACAGAAGTACTT,4708
TATGAAGTACTATTTG,4707
CCGGAACCCCTAACGA,4706
CCTATGCAAAAAGGAA,4705
GGCATAATATTAGTGT,4704
AAGGGGAGGACAGATA,4702
AAAGCAATCACAGAAA,4701
ACAAAGGTGGCTATGT,4701
TGCTATGGACAAAGCG,4701
GCCTAATTACCAGCGA,4700
CGAACTTAACGGGTAT,4697
GCAAAAAATGGCGGGA,4697
ACCAACATTTTGCAGT,4696
TTCTTAGTAATATAGC,4693
AGCCGTCCCCGGGGTA,4692
TACCATTTGTTTTTTG,4691
ATATAATGATACTCGT,4690
GTGGCCCTCATTTAGA,4690
TAAAGTAACGGACTTT,4690
TAGGAGTTACATCCAT,4689
ATATAGATTATATCAT,4687
AAGTAACTATACTTGG,4686
CGAACACATAAACCTG,4686
AGTGTATTGAAGGTCC,4685
AGCGCACCGTTAAGTA,4684
TATGATTGATATAAGA,4684
AAAACTTGGTAATCGT,4682
CAGTAATAATGACCAG,4682
TCAGGGTCCCATTACA,4682
AGAATAGAAACACAAG,4681
GTTTGAGGGTCCTCAT,4681
TGATACACTTGATGAA,4681
CCTGTAACGTAAGAAT,4680
TTGCATAAGACATACC,4680
GATTGGAGATGCTACT,4679
AAAAAGACAAAGCTAA,4678
CAATGCTTGCCCCATA,4678
CCGGTAGCCATGCAAA,4678
ACACTCTGTTCGCCTT,4677
ATAGACTCCTTTACAT,4675
GAATAGAATTTAATGA,4675
GATGAACAAGTAAGCA,4675
TTACGAGTTAAATAAC,4675
AAACCACGATGGAAAT,4674
GATCAACCCTTCCTTA,4673
ATATTACCTAACCTAG,4672
CAGCCCCCACCTACCT,4672
AGAATATATAGCGCGA,4671
ATGGTTGAATGAAAGA,4669
CAGCACACATGCCTAA,4669
CATTCTCCCTCTCAAC,4668
TTATCTGCAAGACCGA,4668
GGAGGCTAACCGGATA,4665
GTGCGCATCTAATATA,4665
ACTACGTTTAAAAGTG,4664
GTGTAATAGACTATAT,4664
TGTACAGTTATTACAG,4664
ACACAGAAATGCTGTT,4663
ATGTTACAGCGGTAGA,4662
CTTTTCAAGAGAACCA,4662
ATTAAGATAGCTTAAC,4660
ACCTGAAATGTATTTA,4659
AGCTTTAACCATTAAA,4659
TTCCGAATATGGACAA,4658
TCTATAAGGGCCTATA,4657
TGCGAATGCAAGCGAA,4656
AACAACTACCGCTGAA,4655
AACACAAAAGGACCTA,4655
ACAGAAATGCAAGTTA,4655
CAATCGCTGATATTAA,4654
CAAAATAATTCTCCTT,4652
ACAGTAGAATATATTA,4651
TGAGCGGATGGAGAAC,4651
ATACCCTTTTGACCTA,4650
AGTAGACATTGATACC,4649
TAACGTAGAGATTAGA,4648
ACTTTGCGATAACTTG,4647
CTAACAATAATATTAA,4647
GGGAAGTGCGAAGTTA,4647
ACCACTGTATAATAAA,4645
GACGTATAAATCTATA,4645
AATCCAGCAAGCGTTA,4644
ACACTAAAACCGCCAC,4643
CGTATAGTCGACACAA,4643
TTTACGGGATAAAGTT,4643
CTCACCGGGGACTCAG,4642
GGTCTCTAAATAAGGG,4641
CACCTAAGACGTACAT,4640
TCGATAATGCAAGAGC,4640
AATAGTTCATCTTACA,4639
AAGCATAAGATATTAT,4638
AGCATAAAAGCTAATA,4637
TGTCGCTGGAAACTAT,4637
AACGCTAACACAGATT,4636
ATAATCACCGCACGTA,4636
ATGGGATAGAGATCAT,4636
AAACTATGTTAGGTGT,4634
GATAACATAGTGAAAA,4634
GCCGTGACACATTTCA,4634
AAAAATGTAATGCAAC,4633
AAGGCTCGAAGTCTAA,4633
ATGGGGACAGGAAGCT,4633
GATGTTACGATCCGAT,4632
GCCGACTAAACATTGT,4632
ACCAGAGTTTATAAAT,4630
GAACGAAAAAAGCAAC,4630
AGAGTAGTCCTGTAGG,4628
CTTATCATCAAAAAAG,4628
TCTGGCACTTGTGTCA,4628
AGACCACGAAGGCTCA,4627
TCATCGTTCTTACCTT,4627
TGCGACCAACACATAA,4626
ATTTGTTTTACGCCAT,4625
CGGGTCTTTCTAAACA,4625
AGTGAGGGGAGTACAA,4624
GGGGAAATTCAAGTTA,4624
AAAAAATGCAATGATC,4623
AGACCAGGCGTAGGTC,4623
ACGATTGAGAGCTATG,4622
AGTCCAAAACGGAAGG,4622
ACTTGGTAACGTGTCA,4621
AGAGGGCACTCCAAGA,4621
CACGGGTGGCCAAAGT,4621
GGAGCTCTCTCGTCAG,4621
TGTGAATTGGAAGTAA,4621
AGTATCCGAATAAGGC,4620
ATCACGTGAAAGGATA,4620
TTGTAGCAGCATCAAT,4620
CTCTCAGTAAAGGCTG,4618
GACCCAGGAAAGGATA,4618
TAAATTCCTACCGAGT,4618
TAACCCTACATACAGA,4618
AACAAGAACCGAAGGC,4617
ACATTCGTTGATCAAA,4617
GACGTTAACTCTTCGA,4617
GATGTAATTAGACCGT,4617
GTAAGCAGGATAATCG,4617
GGTACATTATAATTCT,4616
GTCAATGAACCAACGA,4616
CATCACTCGAAGAAAA,4613
GAATAGAAGAAAAAAG,4611
AAAGGAAAAGATTTGT,4610
TCAGATTTGGGACCAC,4610
CAAATGTAAGACATAG,4609
CCCGGATGCCCGGGAT,4609
GTTTACGATCACCCAT,4609
CGTAATCGAGTATTTA,4608
GTTATGCACGGGTCAG,4607
TCACTGACCAATCCGT,4606
AGAAGTTAACCAACTA,4605
GTTGAATCTAGCTCTG,4605
AAGGCAAAGTTCCTGA,4604
ACTTACTCTGGTAATA,4604
CGGAAGCGATAAGCGA,4604
CTAGTAGATAACCAAT,4604
GCCACTGGCAGATTGA,4604
ATACAGCACAGAGTTA,4603
ATAAAATTATGTTGAT,4602
CGGGGTATAAGGGAAA,4601
TACGCCTTACGCGTGT,4601
GCTGCGCGGGCGAGTA,4600
AACGCAATACCCCATG,4599
ACAGGCGATATGAAAG,4599
CGAGTTACTAAGAAGA,4599
TTGAAACTGCGCGACA,4599
GTGTTTCACGTTTGAA,4598
ACCGCAGACAGACCGA,4597
CAAATTCATCCAACTT,4597
TTAGTTTATGCACAGA,4597
ACAGTTGATCACAGTA,4596
ACTATCCTTACCAAAT,4596
GGTAGAGTGACGGATA,4595
TGCTCGATCCGTCAAA,4595
TTATCGTCACTATAAG,4595
ATTCTGGCTCCTGGTA,4594
CGGCCCATAGCTTCGC,4593
CTCAGATAGAGCGAAA,4593
CATATAGTATGCTAAT,4592
CTAAAGCAGATTAGAA,4591
GGGGGCAGCGTTAAGA,4591
AAACCACTACAACACT,4590
TTATACCACTGAACTG,4590
GCATTTCACTGAGAGT,4589
GCTTGGACCAGTAAAG,4588
TAGAACAGATAAAACT,4588
TGTAAAATTGAGAAGA,4588
AGAATTGTTCGCCTAT,4587
ATTATAGAAACTAGAC,4587
GATAGCAGACAATGAG,4587
CACGTTACTGGAGAGA,4586
TTACTGCCTCATCAAT,4586
AACATAAGATGGTTCA,4585
ACCCGCGTCCCCGGAT,4585
GTTAGTACCGGGCTGT,4585
TCTCATCCCCACGAAA,4585
ATTTGATAGGCTACCA,4584
TCAGGCAACCCTATAT,4584
ATTGATCTGGTGGAGA,4582
GAAAACAAGGAGGGCT,4582
CAATGAAATTGAAACC,4581
GCACTTATAGTCTAGA,4581
TCTCATGTGGAAGCGG,4580
TTATCATCCGCGAATA,4580
CATGACGAATAGAAAT,4579
CGAACGCCTAATGGAA,4579
CCCGGTATTAATGAGT,4578
GAGGATAAAAACACGA,4578
AGTTCGTTCCCCGTGG,4577
AAAATTCGATCCCCGA,4576
TCAGGAAGCCAATATC,4575
ATTCGAGTGTTCTATG,4574
CATAATTTGACAACAA,4574
GGAGTCCGAAGTAGGT,4574
GTTCTGCTAGACGAAG,4573
AGCGCACGGCGGTGAC,4572
TTCGGGAGTACTATTT,4571
AATAGAGTTCAGTAGA,4569
CAAATTTCCACTAATG,4569
AGTAACCGACAGCAAA,4568
TTGACCGGCGAAGGTT,4568
AGAACCGCTACCGTCA,4567
CCGATGACCATTAGAG,4566
CGGGATTTCAAAACAG,4566
GTTACCTAAGGGAAGG,4566
CGGATGGGGGAGTGTA,4564
GGTCCAAGTGAAAAAT,4564
AGGTTAAACCTAGAAA,4562
CTAGATGTCGTCGCCT,4562
GTAGCCTCCCTTAATG,4562
GAGCCGAGGAATGGGT,4560
ATAAATCCGTATGCAA,4557
CACCTTATCTAAGAAA,4554
AGTATTTAATAGTAAT,4552
ACTTGGCTCGCTCCGG,4551
CAATTCCAAAAGGTGG,4551
GAGGGCTGGAACACTA,4551
GTAGTCACGAGTAAAT,4551
ACGACTCAACACCTCA,4549
CCGAACAAAAATTTTA,4548
CATTTCACTTAGCGAT,4546
ACGCATCTCAAGAAGT,4545
AGTAAAGAAGTTCTCT,4545
ACATAAAAGCGCGCTT,4544
TAAGCAAAGTAATGGG,4544
TTAACCAACTCGCGGG,4543
TACATGACACGACGTA,4542
CACTATAAGGACGACT,4541
GATAATATGGTGAACA,4541
TCCAATACGCCCTGCA,4541
CTGTGCTGTTTCATAA,4540
GCGACAGAACATCGTG,4540
TAACATATCGAACAGG,4540
CACAAGCCGCACGTAG,4539
CCAGACCGGAGGTAAA,4539
TAGGGGCAATCTTCAT,4539
AAACGTTCGTTTACAC,4538
TAAAAAAAGGTTAGGG,4538
TCTTTCAACACCGAAA,4538
AGTGTCTTAGGTTGAT,4537
TTGGAGTCAACAGCTG,4536
CAAAACTTTCCGTACA,4535
CTAATGCGAGCGGCAG,4535
ACATCCACATGACTAA,4533
CACCTCCTAGAAATTG,4533
AATCTATAGTCCATCT,4532
GAATGTCCGAGGAAGA,4532
GATTACTTTTCTGCAA,4532
AACCCACACCCAACAC,4531
ATATCCTGTGTTAAGG,4531
TCAGTATGGATCGAAT,4531
AGAAACAAGAGAACGT,4530
TTGCCGAGTCAAAAGA,4530
AATAGCGTCAAAAAAG,4528
AAACGTACAGTGATCC,4527
GGTGGTAGGATATATG,4527
TAGTCCTCAGCGTTGG,4526
AAAACCAGAAAAAAGT,4525
AAATGGAGACAATGGG,4525
CCTACACCGGTTACGA,4525
CCGGGAGACTCATATG,4524
GAGGAATTTGTGACAG,4524
AACACGATAAAAACGA,4522
AAATTTGATGGATACT,4521
CCCCTACAAAACCAAG,4521
GCATGTTGCAAGAGTA,4521
GGAGCTGCGGGACTAG,4521
CCAAGGGAGGGATAGG,4520
CACGTATGCTGCCCAA,4519
GAATAAATGAGTCAGG,4517
TGATACTTTAATGTTG,4517
AAGAGGGCACCCGCAT,4516
CATCGAAAATGCGACA,4516
ACACAACATTGTGCTA,4515
CAACCTTTATATTTGT,4515
ATTGGCCTACCTGGGT,4513
AAGGGGGGAGCTTCGA,4512
AACATGATCATGTTCA,4511
ATAGTTCTCAAGCATA,4511
AGTAAGCATAGGATAC,4510
GTATCAGGATGATTTA,4510
TGAGTATTGCCCCCAT,4510
AAAATGGGCCGAAAAA,4509
GATTTCCTAGATCTGA,4509
AGTAACCCAAAATCAG,4507
ATACAAATAGCTAAGA,4507
ACACGACTCGTAACTA,4506
ATCTAAAGGGGCTACA,4506
CACCACTAAAGAATCA,4506
AAATACATGTCGATAG,4504
GGCGCTGTTGGTGAGT,4504
TACTTTCAAAACGAAA,4504
CTCCTTATTCGTACAG,4502
GTCCTTATGAAATGAT,4502
ATATAAATAAAGATTA,4501
CGAAGAGAAGCTCACG,4501
CGTAAGCGGTCGACAT,4501
TCTTAATTGGGACACC,4501
TAGCAAACTAACAGGT,4498
AATCTTGTTTGATAAC,4497
ATACGGTGATGGTAGC,4496
AAACCCATACAAATAT,4495
ATAATTTGTCCTTCAG,4494
TTGAGGTAGAGCACGT,4494
AGGCCCGAGTATGGAC,4492
CTCCGTGTTTTATGGA,4490
GTATACAAACTTTTTT,4490
TTAATACCATTGTTAA,4490
TTTTAATATTTGGAGA,4490
AGATGGTAAACCTCAT,4489
TTAGAACACGTTCAAG,4489
CCAGCCGAACAAGGAT,4488
GCCACGACCCAATTTA,4488
GCCCGCGAAAACTAAG,4488
ACGGACGCTAAATCAA,4487
ACAGTAGGAACCAGGA,4486
ATAAGCCTGCAATGGA,4486
CACATAGGAGTCCTAG,4486
GATGTTGTGCATGCCA,4486
CAAAGCAAGAATCCGA,4485
CTATCAGTACCTTAAA,4485
TACACCATTAAAGGAG,4485
TCACCTCCCCGTGTCC,4485
AGATCATGTAAATCCC,4484
AGAGCGGAGAATTAGA,4483
TGTTCCAGATCACACA,4483
CAAAAAAATTGTGCAT,4482
CCCAGCGCTTCTACCA,4481
GGATAGTCGACACAAG,4481
AAGCTAAGTGACTCGC,4479
GGCCTTTATCTAAGGG,4479
CAACATTACCGTGCCA,4478
ATATGGACTGAAGTAG,4476
AGACATTCTTGAACTA,4475
ATTAACCGATATCCAC,4475
AACGTTTTCAAAAACA,4474
TACGTTGTTATTGAAA,4473
ATAGCTCTGTTAGTCG,4471
CTTAGAGCCTCCGAAA,4471
GAAGCTCCCGCTCAAG,4471
TCATCGACTAAGTAGA,4471
ACAATTTAGATGCGGA,4470
TCGAAACTTGGTGTAA,4470
CTGAGCTCCAAGCCAA,4469
GAGTCCGACTGAACTA,4469
TAAGCAGGACGCACGG,4468
AAAACACCATCTATGG,4467
AACGAATTGAAGACGC,4467
ACTATGCCGGTGCAAA,4467
TGAACACCACAGGAAA,4467
AATTAACATAATCCAT,4466
GCCACCCAGTAATAAA,4466
TGATAATAACAGAAGC,4464
GCCAAAATCTTAAAGT,4463
CCGTGCATGGGCAGAT,4461
ATTAAGTACACCAAAA,4460
CGGAAAGTAGAATAGA,4460
CTAAAGGGCTTCACAT,4460
CCTTATGGGAAGTGTC,4459
TACTCAACAAAAGAGG,4459
AAGAAAGGGCTAGTTT,4458
TATGGAGCAATTATAA,4458
ATTACCGAAAACCAAA,4456
CACAACTTTTGATTGC,4455
CCACCGAGTTTCGGAT,4455
AATCGTATGTATTGAT,4454
GAGCACTATCTACAAG,4454
CATGTCACAAATCACT,4453
CTATCATTAATGTTAG,4453
ACAATAGCCCAATCAA,4452
AGCTGAAGAAGTGGGA,4452
TCATCCTGAAATGAGA,4452
AGAAACACCACACTAC,4451
TATCAGTGACTAAGAC,4451
CAATGGCCTACGAAGA,4449
CAATTGCAAACAGTAA,4449
CTAACCCAGCCGCCAC,4449
GCCATGAGAAGGCTAG,4448
GGCGGTAATTCTTGTC,4448
ACTCGGAACCACCTAG,4447
AACAAGAACTATGAAG,4446
AGAACCTTCATATCAT,4446
GGTCATGGAACCATGA,4446
GTGAGGCTCGTTCAAA,4446
TAGATCCTCTTCATAG,4446
TCAAATATGGAAACAC,4446
AAAGGTAGAGGCGTAA,4445
CAATGCGAAATGGCTA,4445
CACATGTACGGGGCAT,4445
AAGCTGATAGGTCTAA,4444
ATACAATTGCAAGAAT,4442
CTGGCCCGGTTGGAGA,4442
CATTAAATTTAGGTAT,4440
ATATAAAAGGGAAAAG,4438
CTGTTAGTAACATCCA,4438
TAAGCTTTACTGTATC,4438
TGAGTTCAAACACTTG,4438
TGTGGCACCCGGTCCT,4438
ACTACGTGGTAGTTTG,4437
ATTGCTTAGGATTACA,4437
TAAGGAAATCAGTTAA,4436
CAATATGAAACTCATA,4435
GAACACTGTTAACGAA,4435
GAACAGTAGGCCGGGA,4435
GCACGCTGATCCATTA,4435
AAACTAAGACAGCCAC,4434
AGTCAAAAGCAACACA,4434
AGTGATTGCTTTAAAT,4434
CGGATCCATCCCTAAC,4434
TGAATCAGTTCTCACT,4434
AAGGAACCCAGATATT,4430
AGCGCTGTGGTCATAA,4430
CAACCCGAACATTAAA,4430
GTTCTGCTCATCGATA,4430
CTCCGGCACACACGAC,4429
TAAACACAGAACTGTA,4429
GCGTGTACCAGACGGG,4428
TCGGTACAAATCTCGC,4428
CCCAAACAGTAGCCTT,4427
CCCGACAAAAATAAAA,4427
TTCCGGATCAATCATC,4427
AGTTTAATGACATGAA,4426
CCGGCCATATGGCGGT,4426
GTACATAATCATGGTA,4426
ACTGGTAATTAGGTAA,4424
AAGATCAAGCTCTCTT,4422
GAGGCAATACAGGTAG,4422
AGGACGATCCTAATTG,4420
CCATTGTTAACACTAT,4420
TGACCGCGTGATTAAG,4420
CAAGTCCCTTGCCGAG,4419
CGAACTTCGCCCAATT,4419
GGACACTTAATACCAA,4419
CACTTATCCTATATGT,4418
AAACCAAAAAGTAGAG,4417
ACACCAGAATTCCCTG,4416
AGGCATCATCTATTAT,4416
CCTAGAATTGGTGCGT,4416
TGTTTGCGAGTCATAA,4416
GCCCCCCGTTGCACAA,4414
AAATCGTAGGGATGAC,4413
CACCACCCGGACGCTA,4413
TGCAAGGCTGGTTAGA,4412
TGCGAATAGGGACCCT,4411
AATGACTGACTAAGAT,4410
GGGGACACACCTGTAA,4410
TAAAAATTAATTCAAT,4410
TAACTATAATTGGGAT,4410
CCACCCAAGATTGGGT,4408
AAGACCATGAGACACA,4407
CTTACTTAAGACGTAC,4407
ATGCCCCCGAGCCGAA,4406
GGTAAAATCCGTTATG,4406
TGTAGTAATTATGAAT,4406
ACGGTAGTTTACAGAA,4405
ATGGGACGGCTCATGC,4405
TGACTATGATATAGAT,4405
ATTCCATTAGCGCAGA,4401
CAGACACCGAGGTCAA,4401
CTATAAGATCGGGTTG,4401
ACAAGGAACGCTGAAG,4400
GTGATGAAATACACAC,4400
ACCAATGTAAAGGCGT,4398
GCGCGCCCTTCGACCA,4398
GTTGGAACCTAGCGCA,4397
GTTGATTTGTGTGAGC,4396
AAGCTCACAGCAAAGA,4395
AATGGTCGACGTATAT,4395
AGACATACGCGAGGAC,4394
AGCAGCTTTGGTGACT,4393
TGAGATACCGCACCAT,4393
TATTAACTAGTCGAGA,4392
AACGAAAACACATTGT,4391
ACAATGTGAATCCAAT,4391
GGTGCGCAATTCTAAA,4391
TGACGATAGTCACTTA,4391
ATTTGTTTCCTGAATC,4390
GTGTATTGGACGCGTA,4388
CTACTTAACCAGAAGT,4387
GGAGACAGATATTGCA,4387
AAAATATGCACCCTAG,4385
AACATGGAAAATAAAA,4385
CGAAACATTAAAGCGA,4385
TAATACGGGGGATGTA,4384
AAGGGAAAACCATGAA,4383
CGATGAACAAGTGTGA,4383
ATTAATGAGGTCCCGA,4381
CTCGGGACCTGATACA,4381
CTTCGCATAAGTGCGA,4381
GTTTGCCTTCGGTCCA,4381
CAAGTTTTTTATATAG,4379
CCGAATGCCCGGCTAA,4379
AATCGTGAATTTGCAT,4378
GCTATAGCAGCAACCT,4378
AACACTCATAAGTAAC,4376
CAAGTATTATCTACCC,4376
ATTTCCTCGTTTACGA,4375
CTTGAAAACGCCCAAA,4375
ATCCGTATGAATTAAA,4374
ACATAACGAAAAATGA,4371
ATCCACTACGTCTTAA,4371
CCACAGGCCTGAGAGT,4371
GCTTCCCCGAGTGAAT,4371
CCGTTGGGCACATGAA,4370
GTTGCTGCCTAAGAAG,4370
ATCCGCCTCATGTTAT,4369
CCAAGTGTGAACTTTC,4369
CGAAATACCCCTATAG,4369
AACTAGCCACATGCAG,4368
TAGAGGATTACAATAA,4368
GGCGGGGCGGAAGTAG,4366
GTACAGGTGCTTTGAA,4366
AAAATGAAAATCCGAT,4363
AATATTCCTTGATAGG,4363
AGTGGCCTACATCAAT,4363
ATTGAAATACACTTAA,4363
GCTGGCCTCTCCGTAC,4363
TACACTACCCGGAAAC,4363
CGGTTCTACATTGCGA,4362
GTGCCGCTATACCTAT,4362
TGGATAACCCTCCCCT,4362
TGGTGGCATAACAGAG,4362
ATTTTCAGCTCGTTAG,4361
TCCAGAGTAGGGGACT,4361
CACCAAGATCAAAGTT,4360
AAGATATAATTGTGCA,4358
CAGTCAAGCTGCACTT,4358
AAAATAGTGATCCTGG,4357
CTGTAGTCGAGTGAAA,4356
AGTCCGATCGTAGCGT,4354
CTCAAGAACCTTTGGG,4351
TAGAGTGGACGCTGGA,4350
AAGACGGCAACTGAGG,4349
GAACTTTTCCTAGCGT,4348
GTATAGGCACTGGATT,4348
ACAGCACTTGTGTAAC,4347
CGACCCAGACCGCAAG,4347
AATAGCTAAACAAAGA,4346
CCCGGACACGGCCGAG,4346
AGGACAGATCCATGGA,4344
AGTGTGATTCGCTAAT,4344
ATTAGACATCTGGTAC,4343
GAAGAGGCTATTTAAA,4343
TCTATATAGTGACACA,4343
ATAAGCCACACGTACC,4342
CCTAGCAACGGTCAAC,4342
TGAAATGAGAGCGGAA,4342
GACGAATAGTAGGAAA,4341
ACGCACAGGTCGCGCA,4340
CGCATGGTGTCCTTAA,4340
GACGACGTATTGGGCT,4340
GGAGTAACTTCATAAC,4340
CTATAAGTGCGGAACT,4339
AAATTTACTCGTTAGT,4338
ACAACATAGTTCGAAA,4337
TATCCATTTAGGTCAT,4337
AGTCATCTTGTCTGAC,4336
CCGAATCTAGGTGTAA,4336
GGAGAGGTTCAAAATA,4336
GTCAACGCCAAGTAAA,4336
CAACTTGGTCCCCTGT,4335
CAAGAATAGGGCGGAA,4335
CCCTCTCCGGGCGTAA,4335
CGGTGTGGAGCTTGAT,4335
CTAGGCTGAGGCGAGA,4334
TGATGGGTAGTTGACT,4333
AAGCGATGTTACCAAA,4331
ATTTGACCATACATGG,4330
CAATTTAAAAGATTAA,4330
ATTGATGAGCCAGATT,4328
CAAGACCGCCTCAAAG,4328
CCTATTTATGAAGGAG,4328
GCAGAGCTAAGGCAGA,4328
TGTGCATTTTGAAAAG,4328
AGAGATAGTTCAAAAA,4327
GCGTAGAGGGGCATTG,4327
ACCCTCTTACCAAATA,4326
ATCGCCTAAAACATTA,4326
CATAAGTTTAAACCGA,4326
GGGTTTAATAAGGTGC,4326
TCTTTCTCATTGTTTG,4326
TTAGTGGAACAGTTGT,4325
AGCGCAGATGAAAAAA,4324
ATAGAGACTTTACTCA,4324
TAGGGGAAGCCGAGGT,4324
CAAAAACATGATCGAT,4323
CCATTAAATGAAAATC,4323
TGAACGATCTTGTTGA,4323
CCAATCTGACTAGTTT,4321
GCAGACAACGGGTTTG,4321
GGAGTGGCACTCTGGG,4321
GTAAATCTTGCTCGGA,4321
TGAGTCTTTATTAACA,4321
AGCTAGAGGGACAATC,4320
ACGCGCCCCAGATGCT,4319
AGCGAAATCTACCAAA,4319
CGAGCCTTGCGATATA,4318
TATGACCAGAAGCTAC,4318
ATACCGTATTGTGAGA,4317
GAGTAAAGCGTGCTCA,4317
TCACAGAATCAACAAA,4317
GGCTAAGCCAATCAGA,4314
AAAATTCCTCTGTGAA,4311
GACCGAAAACTAAGAA,4310
CCCAGCGAGAGCAACA,4309
TCCAATCACAACTTGA,4309
AGGTTAGACCAGGCTT,4308
GTGTTTCTTAGAAATT,4308
TATAATATGAGATGAG,4308
CCGACTTAAGTTAAAT,4307
ACGTGTTTTCTTCCCC,4305
ACGCGCCCCACTTCTA,4303
TCGACCAATCGAAAAA,4303
AATGACAAATTGAGAG,4302
AGCGGTTAAAAATAAA,4302
CCAGCGTATAATCCTA,4302
AGAACATCTTTAACGT,4301
TAAGAAAAACAGTGGT,4300
ACCACCCACTTTGGAA,4299
AAGCCTAGAAACTAAA,4298
TGTCTCGGTCAGCCTT,4298
ATGTTCAGTCTCACTA,4297
CTCAGAACAGAAGAAA,4297
AAACAACTTTCACAAT,4296
AACATTGCACGATAGA,4296
CCGGAGATAAGTATTA,4296
AAGTCGAAGTATAACT,4295
CCCGTGTATGGATAGA,4294
TAGGGAGGCGTCCGAT,4294
TATTGTTACACAAAGA,4294
CGCCGGGGAACACAAG,4293
AATAATGAGACAACCA,4292
ATGGGCACTTTATAAG,4291
CAGTTTACTCGCCCCG,4290
CCTCATCCAACGGACC,4290
CTTAACGTAACATTAC,4289
TCCTTGCATTGCGTAT,4288
ATTACGAAGGGAACAG,4287
AGAGAGACTAAGTCTA,4286
GAGTGCTTAGAGTAGA,4286
GTATTTTACCTTACAT,4286
AATACAACTAGAGTAA,4285
AATGTCTGAATCCCAG,4285
GTCCAAAACCAACACT,4285
ACGTATTACCTTAACA,4283
CTACGAGAAGAGATTA,4283
GTAATAAAGTAGGCGA,4283
CGGGTGGAATGCTACA,4282
GACGCTGCTAAAGGAG,4282
TTACTGTCCCAGGTGA,4282
GATGTATCATTACGTA,4281
GCTGAATGCACCAAAA,4280
GGACCACCACGACAAT,4280
CAAATAAGACAAGAGT,4279
CGTACGCATGGCCAAT,4279
TCCAGACTGAATAAGA,4279
GAACGTGGGTACCTGA,4278
GAGGTTACATACAAGT,4278
AGCGAGACTGTCAAGA,4277
AACATAGCGATAAGAA,4276
ACCGACCAATTCACCA,4274
CCATTGGAAATATGAC,4274
GCCTAATAGGTATACC,4273
ATCGTTTAAGAAGAGA,4272
AGATTATCCGTCATAG,4271
TTCCGTATCGGCTCTT,4270
CATCATGGTCCCCTAA,4269
GCAAATATACCAAAGA,4268
GAGAGGTACATAGTTA,4267
TATAGAAATACCTAAT,4265
CATGCGGACTGCGGTT,4264
GAAAATACGGTCGTAA,4264
CAACACCGAGCTGGCC,4263
AGAACCTACGACATGA,4262
AGTCAGTCCACCTTGC,4261
CGATTTGGGTAGAGTA,4259
TTAAGATAAACGATAT,4258
TTTCACCGGCTTACGA,4258
CCCCGCCGGCCGCCAC,4257
GCCTACTGTCCATGAC,4257
AATGCGTCACGGACCT,4256
CCGAAGTAGAAAAAAT,4256
CCTTACGATTATGTAA,4256
CTTCTCCGAAGCAAAT,4256
GAGCAAAAACTGTAAA,4256
AGCTGAATAATGTTAG,4255
CGACAGGCCTCAACGA,4254
GAGATGCTTTGCGTTG,4254
ATGGTATTGCTTCCAA,4253
AGTACAACATCCATAA,4252
CTACTAAGACTCCCCA,4252
AAGGTATAAAAGATTG,4248
CATACCACCGACCGTA,4248
CAAACAGGACAGTTGG,4247
CAAGAGTCTCCTAAAG,4247
GTGCTAAACGCAAGTA,4246
TCAAAGATAACATGAG,4246
ACTCAACGCAAAGTTA,4245
AGCTCCTTGACCGGAG,4245
TGCATGAGTCAGTAAG,4245
GGTTTCCAAAAGGGAG,4243
AGCGGAATTTATACCC,4242
AGCTACTTAGAGAATA,4242
ATCGTAAAACTCCAGA,4242
TAAGAGGCCTACACTT,4241
AAACATTTAACTTTCA,4240
CTGATGATTTATGCGG,4240
AACAAATCTCGATCAT,4239
ACTTGTTTAATTTACT,4239
GCAGGTCTAATTATAA,4239
AAACACATAAAGCCTC,4238
AAACTGCTATACATGG,4238
GTTTGGTGAGGTCAAA,4238
AACGACACTGCTACAT,4236
AATTATTTAGGGGAAC,4236
CAATTGAATCTCGTAG,4236
TGCAAAGATGTAAATA,4236
AGCACTATACTTTTCG,4235
CGAGAGAAATTACTGA,4235
CTAGCGATTATTTATA,4235
ACTGGGACCTCTACAC,4234
GGACTGACAACGCACG,4234
AGAACTCATGCCGTTG,4232
AAAGGTGCATAAGTCT,4231
AATAGCTAGAGTCGGT,4231
CTATCAATAGACACAA,4231
GCAACGATGTGTGTTA,4231
TCAAACGTTCGCTGGG,4231
CTCTCATGGCTTGAAA,4230
TATTAGTGAACGATGG,4228
GAATGACCAAAATCGA,4227
TCTAATAATCTGTATT,4227
CATAGCGTCCGACTGA,4224
TCAATGTATCATGAGG,4224
TTATTCGTTCTTATCA,4223
GCAAAGCGCTTTACAG,4222
CGATCTCACAAACAGA,4221
AGTATTACTTCTATCA,4220
GGGAACCTTTATCTAA,4220
GTATTTCCGGATTAAA,4220
ACCCAACACAAATTTG,4219
GCAAATGGTAATGCAA,4218
TCCAGTATTTAGAGTA,4218
AAAAAGAACACTGAGA,4217
ATGCGCACAGATAATA,4216
CGGAGTTACGAAGCGC,4216
CTCCGTATTGGAAAGC,4214
TCCAACATTAACGAGA,4213
TGGACTGAGTTCTGAT,4213
AAGCAGGTCCATATGA,4211
GTACAACCGGGTTAAG,4210
AACACACTCCCGATAA,4207
GTTCGAAGTAGCATGA,4207
GCCAAGTGCCCCCAGA,4206
GACAACAGACATGTGG,4205
TAAACCGCCTAGTTTA,4205
TAGAGAAAGATGTAGC,4205
TATTACCGTACTCAAC,4205
TTGAATAACCTGGATT,4204
ACAATCTCGGGAAATA,4203
AGAAAAATGAACCCGA,4203
GGAACGAGGTGTAATA,4203
AATAATCCAGTTTTTA,4202
AGAGAAAGGGAATTTT,4201
TACACCTGTGGCACAT,4201
AACGTTAAGCAACACA,4200
GCCGAGGGGCCTCACC,4200
CTACCTCGCAGTCCTG,4199
CGTTCTTACATCCAAG,4198
GCAAGCGACGCTACGG,4198
AGTGAGCCCGTTATAG,4196
TCGTAGCGCGAAATAA,4195
AAGCGTGAAAAATCAT,4194
CAACAGGTTTTGTTAG,4194
CACAAGTATTTGAAGA,4194
GATCCGTGGGCGTGGA,4194
ATCCGGAGCGAAGCAC,4193
CTTGCATTCCCTACAA,4193
AGCTTTACCGGTTAAA,4192
GCCTATGAAAAAAAAA,4192
GGTCCCAACTTTTACC,4192
TTATGATGATGAGCCA,4191
ATAGTGGACACCAAGA,4190
GAAGAATCGCGGTGGA,4190
ATACAACCCTATCCTA,4189
GAATGCAACGCTCTCA,4189
GGCTGACTAGGTACTG,4187
CAATGTGACGAAAAAA,4186
GTAGTATTGCGATTGT,4186
AGCCTCCGAATCAACA,4185
TCATATAGGACAGAGG,4185
AAGAATATCTCAAGGC,4184
AATGCGTCGAAGATTA,4183
CCCAAGGCATACGGAC,4183
GAGCCGGAGTTATAAT,4183
TATCCCGTATCTTCTG,4183
CACCCAAATTTAATCA,4182
GGTCAAACGTTACAGA,4182
TTACCGGCATTCTCCA,4182
AACAGGAACGCCTTGT,4181
CACGCATAATAGAATC,4180
AGAATATGCTGTGGTT,4179
ACTGTATGCACTCTTA,4177
AGGAAGGTGACTCCAC,4177
CATAGAATAGTGTGGC,4177
AGACACATCCACCAAC,4176
TCAGCGCGACTCCCGA,4176
ATCCAACATTAAATAA,4175
CACTACGTGAATAGGT,4175
CGCCAGGGGAACACTA,4174
CTTCGCCAGGGCGTAA,4174
TGATCAAAACCAGAGC,4174
GACCTAGTTAGCCACA,4173
CACTAAACACCCGCTA,4172
TCATATAGTGTGGTGA,4171
GGAGCGCTAAACACAA,4170
GCTCAAGTTAGTAATA,4169
TAAAAGTAGTAGAAGG,4169
CCGCCGGTACGGTTAA,4168
TAACCTTTCCTGGGAT,4168
CCGTTTGCTGGACAAC,4166
GGCCTTAGACAAAGAA,4166
AACAACGACGTCTTAC,4164
AACGTCTTGCTCCAAA,4164
ACTAATTCAGCATTGC,4162
CAAAAATCCAATATCA,4162
ACATCGGCCTGCAAAT,4161
TGGAACGAGTGACCAA,4161
AAATGCTATCCATATA,4160
AACTCGCACACACAGC,4160
CGGTATGCACATGGAA,4160
CTCTGCACGTGGTAAC,4159
CCCTTACTCAAGCAGG,4158
AACAGAATGAAGGTGG,4157
AATGTATAGTGTATAT,4157
AGTAACTTCTAAATAT,4157
CATTAAAATCATCTCA,4157
GTGATGTTTGTAAAAT,4157
CATTAGGTGGAGTTCG,4156
TAGCAACTCACCAAAC,4156
TTGGATATTAGCATAA,4156
TACACCACCAAGTTAA,4154
ACATGGACGAATGCGT,4153
CACCATATTTGATCTA,4153
GATGTCGCCCGAAAAT,4153
ACCTTCGAGCATGGTA,4152
CGAACTGTTTACAAAG,4152
ACAAACATAAACACTA,4151
GCATGATATAAAGAAC,4151
GGCACCCTCCTGTTTA,4150
AGCGTGTGTCGCATAA,4149
CCCTCCGAAACTACCA,4148
CTAGTGAATGAATAAC,4148
GGACTTTTAAGTTAAA,4148
GTCTATGCACACAGAC,4148
GATAAATACTCAGTGT,4147
TCAAAACTAGTAATCA,4147
CGAAAGCTATAACATA,4146
CTTCTGGTAATCTAAA,4146
GAACTTACGCGAGATT,4146
GCGCTGTAATCTTTCT,4146
CGCTCAAAAGGAAGAG,4144
GTACTGATATCTAATT,4143
GCCAAAAAGCTAGGTT,4142
TTAAAGAGCAGGCGAA,4142
ATTCAATGGAAAGGCC,4140
CAATGACGAAAAGACA,4135
CTCAGAAAACCCCAAA,4135
AAGCACACACAAATAA,4134
CTTTGGACAAAAGACA,4134
GCAAACAGCGGAACTG,4134
GGACCTGTTTTTTACA,4134
TATGAGCCCGAAGCAT,4134
ATTATGTTTACGATAA,4133
CTCAAATCAAACATAT,4132
CTTAGCATTTACAAGG,4132
GCAGGTAACAATACAG,4132
GCGATTTTATAGCCTG,4130
GGAGGTTGTACGCCGA,4129
GAACAGTAATAATACA,4128
ATGTAAGGGACCACAA,4127
CTACCAGCCCATGTTA,4126
TCACCGTGTCACGGGG,4123
TTACTATAATTGAAAA,4123
CCCCCGCAACCGGCTA,4122
GAATATAATATAGGAC,4118
TAAATAAGGACATCTT,4118
GCTTTGGCAACGAATG,4115
AGCTGTGGGTGTCCAG,4114
CATTTAGAGTAGCTAA,4114
CCGCCCAATAACCCTC,4114
CACGTTTACGAGGACA,4113
GTGAAAGGGTTGCATT,4113
CCTACTAGCTAAAGGA,4112
AATCCTCAGCCAAACA,4111
CATCTCGACAAGGGAG,4111
AAAATAAAGAACTGGG,4109
CTGTGCTTTATTATGA,4109
TAACCTGTTTGCTAGG,4109
TGTTGTAGGGCAATCA,4109
TCACCACTTCATTTAG,4108
AACCAGATCTACCTAT,4105
GATTAGGCACCTCAGG,4105
TAGTTCCTTCCCATAA,4104
TGAGCTATGCCCAAGT,4104
AGGAATAGCAACTTAA,4103
CAATAAGGGGATCCCT,4103
GACCGCAAAAAGCACA,4103
GAGGCTGTTTCAGGTA,4103
GGCTGCCTCTGCTCCT,4103
TACAACTATCATGTAG,4103
GTGGTTTTAGAGAGTA,4101
CCACAACATAGATGTA,4100
CCTGGAAGGCGAACAG,4100
TATGAGCATTGTGTGT,4098
ATAATTGCTCCTTAGA,4096
AAATACACAAAACAAG,4095
ACCATTTAAGGCCTGG,4094
AGTGTAAAATGACCCT,4094
GAATACTAGGGACGTT,4094
GACAGATCAGCTCAAA,4093
AGACAGCGCTGCGAAA,4092
GAGCCTAATTAATTAT,4092
TCATGGATACATCAAT,4092
ACAGATCAGCGACGTA,4091
GACATTAGGATTAAAA,4091
GACTCCCACGAGATAT,4090
GATAGAACTTACATAA,4090
GGAGCCTTTTGCGCTC,4090
AGTTTTGAAGAAGCGA,4089
AAAGAGAATATTGATA,4088
AAGTTTTACGGCATAG,4088
CGCGCGAGCCAGCTGA,4088
GATAACAATCGATGAT,4088
TTTATAGCCCGAGCAT,4087
AGACCCATTGATTGGA,4085
AGTCCAAACACAGATT,4085
ATGATAACAACGCAAT,4085
GGGAATCTTCAATAAG,4085
AATCTAAAAACTTCAA,4084
TATCCAAAAGCTGGTT,4084
TCCGCGTTCAGTATCG,4084
CACCAGGCAATACTAC,4083
CCAGCGGTTCTACAAG,4083
CAACGTAATATGTCGA,4082
GCGCGGTGCATAGGAG,4081
TGTACATAACCCTAAC,4081
TTCCATGATAGCCAGT,4081
TGGTTTAACTACACGA,4080
ACCACGAGTTTTAAGG,4079
ACTGTACTCACTCCAT,4078
TAATAAATGCAATGGC,4078
TAGGTGCACGAGTTAG,4078
ACAGAAAATCACGAAG,4077
GTGCTAGACCAAGTAT,4077
TACTATACTCAGTAAC,4077
ATTTTTGTATTATGAC,4076
GCGACAAATAAAATCA,4075
CTGAACTTAGAACTAG,4073
CTGGAAACGATCCTGA,4073
GTACAAGAAGATGCAA,4073
ATAAAGCAAACTCTAG,4072
TTCCTTTCAAATCCTA,4071
AGCAAAAAAGAAATAA,4069
ATAGGTCGTTTCTTAG,4068
GACATACAAGTTGAAT,4068
TATGAAGTTCTTTCCA,4068
GCACGCAGCTTCTCAA,4067
TAGTCAAAAAGCCGGA,4067
AACGTCCCGCAACACT,4066
GACTGTTGCTCCATAC,4066
GTGTGGGGACCCATTG,4065
ACTTGAAAGTGAAATA,4064
CGTGACTATAACCCAC,4064
GGATAAAATCTCGTAT,4064
TACCTAGACGTGACAT,4064
ACATTTCGCGATTCAT,4063
GGAGACTGAATACACT,4063
TAGAGAAACTCGTCCA,4063
ATCCGTCTATTATTGG,4061
CGCAAGATCTAATAAA,4061
ATTGTTAGTAGCGAAC,4060
CGTTAATAGCGAGAAT,4060
TACTTGGGACTAACTA,4060
CATTCTCGAGGGGTTA,4059
GAATAGACCTGGTATT,4059
CTTGTACAGCTCTTTG,4057
GGAACGATCAGTATAC,4057
ATTGCGCTTATGTAAA,4056
AAACACGCACTGCATA,4055
CAGATAATACATATTA,4055
CATAACAGGCGACTCA,4054
AGAATACAAAACGCCT,4053
GACAACTCCCTACTTA,4053
TATACAAGTCACACAA,4053
CTGTGGGAGAACATTG,4052
TGGCAGTAAACTGAAA,4051
GCTACTTTGGCTGAGA,4050
TTAAGCGAATTAACAT,4048
TAATTTATAAGACAAA,4047
AGTAATGGTGCGTTTG,4046
CGAACGTAATCTGCGA,4046
GATTTAACATTTGTGG,4045
TCAATCTATACACGTT,4045
ATCTTCGAGACCCAAC,4044
GGCAAATACCAAATCG,4044
TATAAAGATAGGTTGA,4044
TTCCGGATGTGACATA,4044
CCCCACGAATGCCAAC,4043
CTCTTAGGGACTTCAT,4043
TTTCGAAAAAGTATAG,4043
GTCGCTACACAAGCAA,4041
GTGCAAGGCAAACTGA,4041
GGTCACCCAACATCCA,4040
AACAGTGGGGCCGAGC,4039
CAAAGCCTGCGCGCTA,4039
AGAGCTCTGAATCCTA,4038
CATTATGGGCTGTCGT,4038
CAAGTCACCAGATCAT,4037
CATCACCATAGTAAAC,4037
CTTTACATGTAGCGGT,4037
CAAAAGATCTATAAAA,4036
CCGTGACAGGCCAAAT,4035
TCCTCACGTTGTTGGA,4035
AGTGTCTCAATGGACT,4034
AGTTAGCCCGTTTATA,4034
ATCCTGGTTTGTATGG,4034
AGGGATGGCATAAATA,4033
GAGAGTCAAGCTGCCA,4033
TAGGTTTACAAATGAT,4033
TGAAACCAGAAAATCA,4033
TAAGAAGCGCTCATGT,4032
TCTTCGCATTCTTGAA,4032
ATATCATTGAACAAGA,4028
GCCTATTAATAAACAA,4027
GGGAGGAGATTGATAG,4027
TCTACTTCATCTGCAT,4026
GAGCTTCTACCAATCC,4025
CAAATAGAACTAGTAT,4024
TGGAGACTTATCAAGG,4024
AAAATACGTCAATAAA,4023
GCGCGTACACCTTCCG,4022
TACCAGAATAGGTGTA,4022
AAAACAATATTGACCA,4021
CTCACAGAATCATAGA,4021
ACGATTACTATCCTAA,4020
ATTCTGGATGTTGTAG,4020
CCGCTTCAAAATCAAA,4020
CCTGACGGGGATTACA,4020
TAGCTGGAGAATGTAG,4020
CAACATATTTCCACAA,4018
CACGATGCAATCTTTT,4018
GTTGGATTGGTTCACC,4018
TAAACTAGAGGCCCCA,4018
CATAATACCAAGAAAT,4017
ATGTGTAGCACGTCAT,4014
GACTACGCCTTGATAA,4013
GGCTTATGAAACTCAT,4013
GTTATCAGTTGACATA,4013
ACAAGGAGCCGCGGGG,4012
AATTCAACAATATTAT,4011
ATATTACGCAGTACAG,4010
GTAGTGTTAATAAAAA,4010
CAACGTACTCGATACA,4009
CCCCCGACTATGAATT,4009
CTAGATTGGAATGGGG,4009
CAAAACAACTCAGGGC,4008
CTGATCAAAAAAAAGA,4008
CTCTGCGGGCATTCAT,4007
GTCAACATCACCTGAG,4007
AGCCATTACCCGCAAC,4006
CCTGACACGGTGAAGA,4006
GATAAACACAAGGAAC,4006
GGTTAGATGACCCAAG,4006
TGCGACATGGCATCAG,4005
CATGTCACCGAAATCT,4004
CTAAAGCAACTCATCA,4004
ACGATTATGTGGTCTA,4003
ATCTTGTTAACTGGGT,4002
ATAGTGAAAATGTCAC,4000
CCGACGGCTAGCCGGA,4000
TTAGCCAGTGCGGGAA,3999
TCATAGCGTAATCCTA,3998
AAAATTGCTCCTTAAA,3997
GTATGGGGGCGTGTAA,3995
CAAAAACAAATAAAAA,3993
TTGTAACGTGAAGCGA,3991
GTTTACCATTGACATA,3990
AAATGTACCCCATCAC,3988
CGCGAGGAGTTCGAGA,3987
GCCCGAGCCCGGCATA,3986
TAAAATCAGTAGTAGT,3986
ATGATAATGTTATAGA,3984
GGCTTTAACAACCTCA,3983
CCGTGTTGTGGGACAT,3982
ACCACTCCACCGTAAA,3981
ACCCCTCAGTGGGTGG,3981
AACCAAAAACATTCGA,3980
ACCCACGAGGGGCAGT,3980
GTCAACATGTATCACT,3980
ATACGACACCGCAAAG,3979
CGGATTGGGTCAGGAT,3978
CTTCCCGCCCACCGAC,3978
GGATAATAACGCTTAT,3978
TTAACACGGCGGCCTA,3978
CAGCAAGCGGGTAGCT,3977
TACGGGGTTAAATAAA,3976
TATGAATACATGAGAT,3976
TCCTATGCTTACGCTT,3976
ACATTCCCTACAGGTA,3975
TTGACTGAGTTACAAT,3975
GATTGCATAATGACTT,3974
GCGTGTGGTGAAAACG,3974
TTGAAACTGACAGAGA,3973
CGACAGTACAAGCAGA,3972
CTAATGATACGAGAAC,3972
GGTGAAGATCAAGGGA,3972
CTAGGATGTAAATAAC,3971
ATAACTAGTAGTATGT,3970
TCCAAACACTATTCGA,3969
AAGACATTACTGCCGA,3968
GAAACGAAACTAGATT,3968
CGGCGGGGAAGAGGGT,3967
AAATGGGCCCTAATAA,3966
AGTGCCATATAGCTAA,3966
CAAAGGTACTCCGCGA,3966
CATGAAGAGAAGGCGA,3965
TATGATATGGTACCGA,3965
ACCAAGTAATCTTTCG,3964
ACTATACATTTAGTAA,3964
CACACTGAGGCTCCAT,3964
AGTTTTACTGAACGAG,3963
AATATTTAGTGCATTA,3962
AGATATGACTCCCTAA,3961
TTTAAGGACGACCATG,3961
CGATGGGAAATACTCG,3960
CTAGAAGTATCCTGAA,3960
CTAGCGCGATTTATTC,3960
CGGCGTGAGGACACTA,3959
GTCTCGTAGGAGTTCA,3959
TGTGGATTCTGGCCGA,3959
GAAAGAGAACGCAAAA,3957
TGAGTACCGACAAGGA,3957
ATAGGATTATCTCTAA,3956
AAATAGAAACAGTCGA,3954
CTGATAATCTCTCTAA,3954
AAAATACCCTACGCAC,3953
AATCATGGCCCAGAAC,3953
CACCAGTAAGTCAAGA,3953
GAAGACGGACGATGGG,3953
AAACAGAATATAGATA,3951
ACTTCCTTATTCTGAA,3951
GTAAGAGATAGCAAAT,3951
AATGTTAAGGTTTTGA,3950
ACTCGCTCATGACTTT,3950
ATTAAAAGCTCAAAGT,3950
CAGCCTTAAGGTGGTT,3950
TGCAATTCCCTACAAT,3950
AATCTTGGTTGATACC,3949
AATGGACCGAATAAGA,3949
ATGCACGGCGAACAGA,3949
CTTATCTATGATACCT,3949
GAAGAAACATACCCAA,3949
TCGTCCAGAGCGTATA,3949
TGTTCAGATAGATTAC,3949
CAGTCATACGATCAAG,3948
AAGAGCAAATTTCAAA,3947
ATTACCACAGAGCCGG,3946
TAACCTATTAGGATAT,3946
CAAATGAAGGAAAACA,3944
CCGGAGAAACGGCAAC,3944
CACTCACATCCTGATA,3943
ACTTTTGTGCAGCGAA,3942
AAGTTAGAGGAGTGAA,3940
AATCCCAGATCTTTCA,3940
AGTGTCATCGACTGAG,3940
ATAGCCATAACGTACA,3937
TCAGCAGGGCGGTAAG,3937
GTCTATCAGGTGCGTT,3936
CTGTTGGGTAAAGTGA,3935
GTTAAGTAGCTCCAAC,3935
AGTAATAGGCACTATA,3934
TGCATTAATTCATTCA,3934
ATACGCAAGGGCAGGT,3933
CCACCAATCAATATAA,3933
CCGTAACAACAAAGAG,3933
CCTGCAGAGATCTAAA,3933
TATCCTGCACATCTAT,3933
TATGAAAACTCCGAAA,3933
TATTCTAAAGCAACAA,3933
TTATATAGAGATAGTA,3933
GACATTAACCAAGCGA,3932
CAAGCTACTCTGATAC,3931
CCATCAGCAATGCAAT,3930
TCAAGGAATTCGTTAG,3928
TGACGTGACAGTCAAA,3928
GAGAGCTACCAATTGT,3927
AAGTATATAATACGAG,3926
CATAGTGATGCGAGAA,3926
CTTATTATAACTCGTA,3926
TAAACAAACATTGCAC,3925
CACCCGAACTCTCATT,3924
TGTACAAAGACCAATA,3924
CGTGAGGTCTGGATAG,3922
GATGAGTTAATAGAAT,3922
GTAGTTGGTATTCAGT,3922
ACGTTGTCTATGCCCG,3921
TTATTGTAGCTGGGCT,3921
ATAATATGGGTACAAA,3920
ACTAACCTGGGGGTGT,3919
ATTTGCACCATAACGC,3919
CTAGTTAATGCAACTA,3919
TACTCCCATAATAATA,3919
GCACACCATCGAGGAA,3918
TTACTACGGACAAAGT,3918
TTCGTCTACACGCACA,3916
TGTATGGGCAAACTTG,3914
AACCGCGAGTTGCTTA,3912
AGTACGGTTCTCATAT,3911
ATACTTATTTAAGTAA,3910
TAATGACCATCTGAAA,3910
TCCGGTCGACTGTTGA,3910
GGACCAAAATATATAT,3908
CATTATGTAGCGGCAA,3907
TAAGGCATAGAGTTTA,3906
CTACTAGTGCCCAAGA,3905
TGTTTAATGGACCAAA,3905
TATATTTACCTGGATG,3904
CAGACCACTGCCATAT,3903
CTCGGCGGAATCGCTT,3903
TCTAGATGAACGCAAC,3903
ACTCCCGTATACTCAT,3901
GCATAAAGCCACAACA,3901
TATACTGTGTAGAAAG,3900
GGCGACCAGCAAACAA,3899
TCCTAGATGAAAGAAT,3898
AAGGCCGAAGCTGATG,3897
AATATATAACAGTCCA,3897
TATGAACATAATGGCT,3897
ACCCTTTGTAATGGAG,3896
GCTCGGAATGGCAACG,3896
ACTGTTTCTGCTGGTG,3895
ACGTGCGACGGGTAAA,3894
TACAATGCCACAATAT,3894
ATGATCTACGACGGTG,3893
CACTACGAATAGTAGT,3893
TCCTTGAAGTTTTTGA,3893
GTAACACCAAAGTATA,3891
GTATAATAAATTCCAA,3891
ATTGCAGTCTTGAACA,3890
ACGTATGGTATTCTGA,3889
CTAAAAAGCGTATCAG,3889
GTCAAAACACCTATTG,3889
CCTTTGGACTGAGTAT,3888
GTCACTATTACCATAG,3888
TATAAACAGAAACGAA,3888
AAAGCGCCTCATTCAA,3887
AGATATAAAGATGAAA,3887
ATAGACAGATAACCAA,3887
TAATGATTGAGGGTTA,3886
TATACATCAGTTATAA,3886
ATACATTAACTCGATT,3885
ATATGGAAACCATTAA,3885
CCAATCTCCTTCACAA,3885
GACTGAATGAAACTAA,3885
GCATGGAAATACATGG,3885
ACAGATCTGTGGAGTA,3884
TATAGGACAGACCCAT,3884
TGTCAGACATTGTCTG,3884
ATCACATACTTAAGAA,3883
GAGTTGTGCCGACACA,3883
TAGTAATCACAAATTG,3883
TCTTATAATGCCCCAT,3882
ACCCTTGAAAATGCAT,3881
AATATACCAAATTCAA,3880
ATATTGCCCGAGCCTA,3880
TACGACAATATATTCA,3879
CTACGCCCGAGCAAAG,3878
GGGGTAATCGATGAAA,3878
ACCAAGAACCGCCCAG,3877
AGAGTTCCCCTCATTT,3877
GCAGTATTAATCTTAT,3877
CGTACACAAAGTCAGA,3875
GACTCTTCTGGAACGA,3875
AAACAAATGGCAAATG,3874
ACATCGTACGGATTAG,3874
GAAAGATATTGAACAT,3874
AGATAACTAGTAAGAG,3873
CAACTCTTATGTCTGT,3873
GGACCGATCGCCTTAT,3871
CAATAGTAAAGGATGG,3870
TGCAAATTGAACTGGA,3869
CACAGCAGGTGTATGT,3868
TAATGTATTCCGTACC,3868
ACTGTCGGGGCGCTGG,3867
CCTCGGGAAGCTCGAA,3867
TACGTAGCCCCCCCAA,3867
ACTTCCGACTCGTATA,3866
AGCACCGAACAAGAGT,3866
CACTCAAGGTGTGTAA,3866
GAACAAAAACTGTAAT,3866
CTAGGAACCGTTGTTA,3864
GTGTGATTGCGGGTTA,3864
TAGCACATACATCCGT,3863
TTAATACCTCACTTCA,3863
TTTTCTAATGTCGTTA,3863
AGGTAAAGGGAACCTT,3862
ATGTCACTTCCTGGGG,3862
CTTCAAGATCCGTAGT,3862
GGATCTACACACATCC,3862
AAGCCGACACTGAGCT,3861
TCAAGTGAGTTCTGTA,3861
TCGTCCAAACGGCTCA,3861
AAGGTTGAAAGTCCGA,3859
ATAAATCGTAGTCTTA,3859
AAATCGTTGAAGGAAA,3858
AGCATCTCTGTGGCAC,3858
TCACTTGTGGCTTTGG,3858
ACTCCCGGCACTGGAT,3857
AGATCCGCTAATCCAT,3857
CAAAAATTCCTTTAAG,3857
GGTCGGCTCTAGCGAA,3857
TACGATAGTAGCGTAA,3856
ACCCAGGTGTCGATTA,3855
CTGTTTGAGCTCAATA,3855
CCCTGAAAAAACGCAT,3854
CTGCCTTAAGATGGGA,3854
GTTAAATACCGGAAAA,3854
CAGTACATTACACTTA,3853
CGATGGGAAAGGCACG,3853
ACTTTAATCAGTTTTG,3852
GTTAAGCCCTGTTCTA,3852
AACTAGAGCTAAAGGA,3848
CGGCGAGCACTGACCG,3848
GCATAGCAAGACCATC,3848
AAATAAGGTGTCAACC,3847
GTTAAAATCAATGCTA,3847
ATTCAAATCCAAGAAA,3846
CAGCTAGACCACAAGA,3846
TGGACTTAGAAACCTA,3846
GTGGGCATAAGAACAG,3845
CTGTACAAAGTAAAGA,3844
GACAACTCCACACTAT,3843
CAGATTAGAGCCGATA,3842
GCGTATAAATAGTGCA,3841
AGTTACCGAACAAGAA,3840
CGGGAGTCTGCAATAT,3840
GGTGCTATTGTCACAC,3840
GTATGGCGGGTACCGA,3840
TCCGCAAAATTCTCAA,3840
GTCCATATAAGATTTC,3838
GCTTAATAGCCAGATT,3837
AGCTAGAGATAACTTG,3836
ATACCATATCTGCCAT,3836
AAAAGTGAACATGCGT,3835
CACTCCTAGGATAAAT,3835
CACTGTATATAATATA,3835
AAACCCCGAATCCGGG,3834
AACGCCGAATACGGAT,3834
CCACGGTATCAGTAGG,3834
GTGTTATATGAGAGGT,3834
GTTTACGGTAAAGTAA,3834
AACACCTGGAAAAAGA,3833
AGGTCAAAATCTCAAG,3833
ATAAATATATAACCTA,3833
CCAATCAGTTAAAGAA,3832
CCGAGCGTATACCAGA,3832
TGTACCAGGAAATTGT,3832
AACGCGGTAGGGACAA,3831
ACCTTATCATGCCCAG,3831
AGGACAGTCAAACTAT,3829
TAAGACACAGAGCAAA,3829
TTAAGAGGAGATAAGT,3828
CCATAGGTGAACAAAT,3827
GCTTCTAGTGGACAAC,3827
ACGGGGAACGGGGTCT,3826
TAAATGCGAGCGGCTA,3826
GCGCCTAATAATGTGC,3825
GTGAACCTTCGCAGGA,3824
CTACAAGTACAAATTG,3823
TAATATTCATGTTGCT,3823
TGCAAACCGCCATGTA,3823
CAAGAAAATTATTCGA,3822
CCAAAATGCGGACACT,3822
TCGTTTCGTACTTATA,3822
GACCCACAGAAGGGAC,3821
GTGAATTTGGAGGAAA,3821
AAGCGGAACTCCATTC,3819
GCCTCGGCGAGGCAAT,3819
AAAAAATGGCCCAAGA,3818
CCTGCGTAAATGATAC,3818
GGGTGGCATTAACAGA,3818
AAATGGGGAGAACTAA,3817
ATATTTTAAATTAACA,3817
TACTACACGGAAATGT,3817
GCAATACTTGGTGCAT,3815
AGAATTTATACATAGG,3814
ATGCAGATTTGACAAG,3814
CCAGAACAAAGATCCA,3813
TAATATCGACCATCAA,3813
GTGATGTCCGGGTACT,3812
TATGAAATTAAACTTA,3811
TCACACGCCGTTGTAT,3811
TTTTGCGAAGGTCAAT,3811
TAAAGTCAAGCTGAAT,3810
CATGAAGTTGTACTAA,3809
AGATTATACCAATCAT,3808
TAGACCAGTCAATCTG,3808
AATCCTACTCACGAGT,3807
AGCAACTTTTATCAAA,3807
GGGGATAATGAAAGTA,3807
ATCGCATACACCATGA,3806
CAATAAAACGAGAAAA,3806
GCTCCGGACAACCACA,3806
TATTTCTTACGAGAGA,3806
GACGATGCGGGGTCCT,3804
GCTAATGAAAGCTAGT,3804
AGACAAGCTTATAGAG,3802
TGTGTGTGGTACGTGG,3802
AGAAGCAGGACCCCGT,3801
GGCACGCCTCGATATT,3801
GTCGACCAAGGACCAA,3800
CCGCTTGTTGAAACAA,3799
CTAGGAAACAGATACT,3799
GTCGATTACTAGAAAG,3796
TGACCTTAAAACTAAT,3795
ACAAGGCCACATATCA,3794
TGGCAAAGCACCCCGA,3794
TTAGTCCTGGCAGCTA,3794
CAGTAGCCTCTCCCAT,3792
TTTAGTATTTATCATA,3792
AAGCCCACTACTAAAT,3791
CAAGGTAACCCCGCTA,3791
CTTACATACTGATTGA,3791
TTAAGGAATCTATCGA,3791
TGTAATCATTGGTAAA,3790
GAAAACGTACAAGTAA,3789
AGCGCTCAACTAAAGT,3788
GATACCTAATCCAATA,3788
GCCTCTGAAGGGGTTA,3788
AAACCATAAGTCTATA,3784
ATTCCACAAATATGGC,3784
GAACTTGTCGCTCGAA,3784
ATAGCCCTACACTGGA,3782
CGTCCCTACTACACAG,3782
TTAGACTGCATTTATG,3781
AACTTATAGTGGATCA,3780
TCGGAAGCTTAGTATC,3780
AGCGGCTCCTCCGGGA,3779
GCAGACTATCATTACA,3779
GCCTGTATGAAATTTA,3779
TCAAAACATATTAACA,3779
CATATGCAGGGCTGTT,3778
CATTCTTTTACATAGA,3778
CGGCCACAATAAACTA,3778
GACAGGGAATACGAAG,3778
TATAAGTTACTAATAA,3777
AGAAAGCTGTCTCAAG,3776
CTCCGTCCGAACTTGC,3776
AATGGGGAGGTTAGAG,3773
AATTGGACTGGATACA,3773
CTCGAGTCTTTTCTCC,3773
GAAACTTTTAGTTTTA,3769
AAACGATTTCAGGTCA,3768
CGCGGTTATGGTTAGT,3767
AACAATTATAAAAATG,3766
GACAGATTGAAAAATG,3766
GGGAAAATTAGTTTAT,3766
AAATAGGGGAACTTGA,3764
AAAATTGACTTTAATA,3763
AAACGAACAACACTAA,3763
AAATAAACAGGCCCAC,3763
AAATACTTTTAGAGGC,3763
AGCAAGAAACCTGCGT,3763
ATGCCCCAAGTCCAAT,3761
CAGACCATATATCCAT,3761
AAATCAGTGGAGATAT,3760
GAACCCAAATGCCACA,3760
TTCAAGGTTAACATAA,3759
TGGTTATTAAGAGCAA,3758
TGCTACACGAGGTGTT,3757
TTCGCTTGAAGCCACT,3757
GACGAAAATCTGCTAA,3756
AAATAAGCTCCAAGAA,3755
ATTTTCATTTTAACTT,3752
CAGAAACCAGCGGTTG,3752
GAGATCAGCGAAGATA,3752
TGATAAGGATCGTACT,3752
TGTCGTATCTGCCTAT,3752
CGCACTGCTTACAGAA,3751
TATCACAAATCACTCA,3751
AATATCGCGTAAGCGA,3748
GAAACCAAATGAACTA,3748
AGAAGCCGTATGCCCA,3747
AGGCAGAATCTAAATC,3747
TAAAACGGGGAGGCTT,3747
TAGTTCTTAGAGGAAA,3747
TCAATGATATTGCAAC,3747
CAAGTGCGGTTTATAG,3746
CATAGATTGGGTTTAA,3745
AAGCAGTAAATAAAGC,3744
GCTCGCGACCTTAGGA,3744
GTAGTGAGCTGGGTAC,3743
TCGCATGAACAATGGT,3743
TGGAACAACTCAAAGA,3743
ATGATATCACCAACTA,3742
GAGCGAAAAAGTAACT,3741
TTTTAGAACTAGCTTA,3741
CAAAAGACCTTGAATA,3740
GTAAATCGGGCCTTTG,3740
CGACTCTCAAAAATTA,3739
TTACAGGTTAATGGTT,3739
AAATATTTGAGGCTGG,3738
AATCATCGCGATGAAC,3738
GGCGGCTTAGAAAGGG,3738
GTGATGTGTTAGGAAG,3738
AACAGATGTTCCGCAA,3737
TCAGGCCACCTGCTCT,3737
TCTTTTACGATGTTAC,3737
AGGCTCTACTGATGTT,3736
TCCTACGACAACGGAT,3736
AATAGCCATACTGCTC,3735
ACGACGCTTGAAATAA,3735
AGACTCTGGCCCTCGC,3735
TATATTTCCTAATACA,3735
AACGGTCGGACCCCAT,3734
CAGGGTAACCGCTGAA,3734
CCATGATACATCACAA,3734
CTTGTCATACCTGTAG,3734
AATTTTATCTATCCAC,3732
CCAGTATTAAAGCAGA,3732
TATGGGGAACGATACA,3732
CAAAAACCGTCCCGAA,3731
CTAACATACGCGAAAT,3731
CAGTCACACCCAACAA,3730
ACCGCACATCAAGCAG,3729
ACTTAGATAAGTATAG,3729
CAAAACAAGACTATCA,3729
TAAGATAATCGCATAA,3729
AAGGTCGATTCCTATG,3727
GCATGGAGCGGAATAT,3727
GGGCTAAAAGGATAAC,3726
TCTCTGGGTGATATAC,3725
TCTGCGCGAACTCCCT,3725
CGGTGAGAAACAATTA,3724
GACTAAATGCCTGAGA,3724
TGCTAAAGATACGTAG,3724
ACCTTAGTGTAATGAC,3723
AGAGACCGTTCGGGAT,3723
ATCTTAATAATTGTAG,3723
CACGATTTACAAATTT,3723
TACACAAGGTGTAAGT,3723
CCTCGAAGCCAGAAGA,3721
TGACATACTAGAGGAA,3721
TGAGGAATGACGTCTA,3720
AAAAAATTCGACCTTA,3719
ACAAGGGAGTAAAACA,3719
GGAAAAGCTGGAATTA,3719
TGTCGATAGCATAGAG,3719
AACTTTGTTAACGTAG,3718
GAAGAATATTCCTAGA,3717
AGGATAGAAAGCCAGA,3716
AGTGAAACAAATAGAA,3716
GGGGTAGGTTTAACAA,3716
ATCATTATGCTACAGG,3714
GAACTGAAATCCCCAA,3714
ATTGAAACAGAAATTT,3713
CATCAAATAGTTTCCT,3712
TACGTCTGAGCGGTAC,3707
TGTGATTGAACGAGTT,3706
AGTATCCGAAAGGACA,3705
CAACAACAAACATGAA,3705
GAATAAATACGAAGGA,3704
GGTCACCAGCGAGGGT,3704
TGAAACAATTGTAGTT,3704
ATATAAAACAAAGTGA,3702
GAACATGAGAAAAGAA,3702
GAGATATATCCCTAAA,3702
GAGGGGAACAATATGT,3702
TATAAGGCTGATTAAC,3702
TCAAGTTCCAGAGTGT,3702
AAACACGTAGAATGGA,3701
CCCTTCTTGCACGCAA,3701
ACAAGTTGGACTAATG,3700
CAAAGATAAGCTTGAA,3700
ATTGAGGGCTTTACAC,3698
TAAACTGAACTCGACA,3698
TACTTCTAATCTGTTA,3697
TAGAGAGGAGGACGTA,3697
TCTAACGCATGAATAA,3697
ACGAGAAAGGCTTAGA,3696
CAAAGAAATGTCAGGG,3696
CCGTCAGACTCCTACC,3696
GAAAGCCATAACTGGA,3696
GGCATTCTAGAGCAAT,3696
CCAACAGCCGATAAAA,3695
TGTCTTCAAACTGAGA,3695
AATAGGGAAACAGAAT,3694
ACGAGCAGTGTGGAAA,3694
AGCGGACGACAACGTA,3694
GCAGCGCAAAAAATGA,3694
TATACCGCCTTAATTA,3694
AGGCAGGCCACTATGA,3693
CAAGAGGACATCCGGA,3693
AAGCGTGGGATACAAT,3692
AGAGCAGAGCACCCAA,3692
GTTAGAAGCATCACAA,3692
AAGATACAGGGGCATA,3691
GTTGAGTTAAAAAGTA,3691
TAGGAAGAATATCAGA,3691
GAACGACCTTCACAAT,3690
TTTCAATAACAAGGGA,3690
AAACTACGTTCGATAG,3689
CACTACGGGCATGCAA,3689
CGAACCCAAAGAAGAA,3689
CTCTAGGCACCGTACC,3689
TGTACGACAATAACTT,3688
AGTACATTTCCATTCA,3687
AAGCGAAGGGTAACGG,3686
GAAAAACTGAGACTAA,3686
GAGGTGACAGAGTAAA,3686
GCCGTCCGATCAAAAA,3686
CATCTGACTTTAGAAA,3685
GAACATACCGATAATT,3685
TAGGGACAAATTATGG,3685
CAGGGCGTATGGTGTA,3684
ACCATAGCTAACGTTA,3683
CCAAAAAGCATCCATC,3683
CCGTCTTAACACAATC,3683
GTAATAACACGCCCTT,3683
GAAGACTTTCAGCTAA,3682
GCCCGCTGATACTCTA,3681
CGCTTGGAATAGCCGG,3680
CCAACCGAACAGGAAA,3677
CGAGTACTGTTAACGG,3676
ATTGATGATAAGAGGA,3675
TCTTACTAATTGATAG,3674
AACTATAGGCGATTAC,3673
GCTATATTAGGGTCAG,3673
TGCTGCCGTAGCTTAT,3673
AAAAAGTTTTGAAATG,3672
CTACCCAGATCCCACA,3672
AAAGGATGGAGTAAAA,3671
ATTGCATACACTGACA,3671
TAAGGATCGGTCCGAG,3670
TTTACAGAACGTTTGG,3670
AGGTGAGACCTAACGA,3669
GACCAATCAAAAGTTA,3669
AACAACACTCAATCAT,3668
AGCGAATAGCAGTAAT,3668
CCATTGCCGAAACGTA,3667
AAGGTTGTACTTTGAA,3666
AGTGACGAGGGAAGCT,3666
ATATGAAAACAATGGG,3666
GTAGCAAACTTCTCGG,3666
TTTTGCCTTAGACATA,3666
TCAAAGATAGCACAAC,3665
ATACCGATGCCAAAGA,3664
CATCCCGACTTACAGA,3664
CGTTTTAAATTGTTAT,3664
ATGATAAAAAGCTAAA,3662
TAACAAACTACTGCCA,3661
GGAGACATAAGTTCGA,3660
GGCTTAATAACTAACT,3660
TTGGGTAATTGTGACG,3660
ATGTCTGATCCGAGTA,3659
CGATAATAGGTTAGGT,3659
GCCTGGGCCTACACGA,3659
TTAGTATCTATAAGTA,3659
ACTCTGATCCAGCCTA,3657
ATCACCCACTACTACA,3657
GCATATATGAAGCAAA,3657
GGCCCTTACCATGACA,3657
TCATTCGGAGATCTGG,3657
TGAATAGACCAAAATA,3657
TTAATAAATGTCCGGA,3657
GAATGCAGTTGAGAAA,3656
GGATGTATTCATCAGA,3656
CGAAACCTCAGGCCGT,3654
GTCATAGATCTAAAGA,3653
TGTGACTCCTATGAGA,3653
AATTAAATCTCAGACA,3652
GCAGGCTCATTAAAAG,3652
TCATTGGGAAACAATT,3652
GAGCACTGTGGTCAAA,3651
TGCATGACAAAGTAAA,3651
CAAAACGTACCCAGAG,3650
GGTTAGCAGTACATAT,3649
AAAGGAAACACACAAT,3648
GCCATAATTCTAGGTT,3648
GGATATCCGTAGACAT,3648
TAGCTTATAAAGGATT,3648
TTAATACAAGACGGAA,3648
GAACAGAATCGCTGGA,3647
GCGTTGGTTTAGCAAT,3647
GGCCGACTGCTCATTA,3647
TCGGCACAAGACCCGT,3647
ATGAATTAACATCCGG,3646
CATTGATACGAGATAA,3646
GTAATAACCTCGAAAA,3646
AGACTGTTTATTAAAA,3645
AGGTGGCTTGACCCAT,3645
AGTGCAAAGCGAGGCA,3645
CGCACCAGAGTAGTAT,3644
CTGACTTGTTCTCGAA,3644
AGAACTCATCAGAGTA,3643
ATCTGAGGGCGTTGAA,3642
GCATAGTTACCCCAAG,3642
ACACGAATGCAGATAC,3641
ACTGTCTTATTAATGA,3641
GATGCATATTCCCCAA,3641
TAAACAGTTAACATAA,3641
TGGGTGGTTTTAGTAC,3641
GATGGGGTGGAGGGTA,3638
AAATCCCCGTATACTA,3637
ACATTATTGCGTTAAA,3637
TGTTCATTCCGCTCGA,3637
AAAGCTCTAACGGGTG,3636
ATATGAACATTTAGGG,3636
ATATTGATAAGGCATC,3635
CGTCCACAGCAGGGTA,3635
GGACCCGTCAGTATAG,3635
GTCCACGCATCGTTAG,3633
AAATACAGATCTTTGA,3632
CATCTCGAGAGAAAAT,3632
TAGGACTATAAGCGAA,3631
AATGTACATGTTGGCT,3630
ATCAGGCGTGGTACAG,3630
ACTTAAAGATTTAGAA,3629
TAGTATCGTGGCGACA,3629
ATCACTGCCAATGGAC,3628
CACACAGCTACCTAGG,3627
CATCCCATAAAAATAG,3627
GAGATAAGACATTGAA,3627
TAGGCTAGGTATTCTG,3627
CTGATTGCAGCCTCCA,3626
CTGCGATTCAGAAATA,3626
GGGGACACATGGCCTA,3626
GCCTGGATTTATCCAG,3625
CAGGGCTTCACGAGAC,3624
GGAATCCAGCCAGAGG,3624
AACGGATGATGATTCA,3623
AAGTCGGTTAAGTAGG,3622
ATTTGTATAATAAAGA,3621
CATACTTCTGATAATA,3621
TCCGGCTACCAACAAA,3621
CAGTGAACCTTCGGGT,3619
TAAAGCCGAGATAGGG,3618
TAGCATATAAACGCAT,3618
TGGTCCGATCCGCTAG,3618
ATACGTCCGAAGTAAT,3617
TGATGTATGGTTCATT,3617
TCTAAATACTGAATGG,3616
AACGTTGGAACCGCTG,3614
AATTAGAAGACCTCAA,3613
ATAGGATATGAGACCT,3612
ATCACGCTCGTTAACA,3612
GAAACGTGGGCACTAA,3611
GAGGAGGTGTAAATAA,3609
TTACCCGTATCGCCTT,3609
CGTTCATAAGAAAGTA,3608
GGCCTGATCACCTAGA,3608
TAATTAAAATATCACT,3608
GATAGGGGGCGACCAC,3607
GTGTACAAGGAAGTGA,3607
ACAAATATGGTAAAAG,3606
CCTGAGCAGCAGCAGA,3606
ATGCGCAAGGATGAAT,3605
ACGAATAAGTCGTAAG,3604
CAGAAAAGAACTGGTA,3604
GAATCACCTATCTCGA,3604
AGCTAATTATCAGTAT,3603
ATTAGCGAAAAAGCCC,3603
GCATCCATGGTATCTT,3603
AAAATATAAGCATTCT,3601
ACATTATATTAGCTAC,3601
CATTTCCAAAAGAACA,3601
TAGGTGTACACGCTCA,3600
AAAGCCTGATACCCGT,3599
ACCCAGCATATCAACT,3599
ATCCATAAGAGAGTAT,3599
ACCGCCTACAAAATTA,3598
CATTAGGCTAAGACGT,3598
GTTTAAGCCACTTTCT,3598
CAGTGATAAGCAATAA,3596
CTTCGAACAAATGCAC,3596
TCTTCCAAACATATGT,3596
ACGGTCGATTGAATCA,3595
TAAATGTAAGAATTGA,3594
AGTCACAGTGTAAAGA,3593
CGAAAACCAAGCAGCC,3593
CAGTCGGAGTACGAAA,3592
CCTTGATATAAAAGCT,3592
GGATAAACAGCATGAT,3591
ATGGAGCTTTAACGAA,3590
CAGTCCGACCTTTAAA,3590
GTAATATGAAACGATA,3590
GTCAATTCCCAAGACA,3589
AGTAAACGTGGGATTA,3588
CTAGCAATCTAATATA,3588
GACCTCAATAGGATAC,3588
GGGTACTCAGAGCATT,3587
GTAATACCAATGTCAG,3587
ACGCAAGGGATGAACT,3586
AGATGCAATAGCCAGA,3586
CTTGTATAAATAATGT,3586
TACCGGACAAACTAGA,3586
GAAACAAAAAAAACCA,3585
GTGGATGGTTTGCAAG,3585
AGATGTTGAAAGATAT,3584
TTGCACTCACTATGAA,3584
GGCGTCGCCCAGATTA,3583
ATATCTATGCACTAGA,3582
ATAGTGTGTCCTAGAT,3580
GATAATCTACACCAAA,3578
GCCAGGCTCGGTGAAA,3578
AACAGATGATCGAATA,3577
ATCGAAGAACGCGTAA,3577
AACTACAAAGAACAAA,3576
AGAAAGAACATAACTT,3576
ATGTTAATCCCTGACA,3576
TAAAGTGTATCTACCT,3576
AATATATTCAACCCCA,3574
ATTTATGCCGCTTGCA,3574
TGTCACTATGAGTTCA,3574
AAGCGCATGTGAGCTT,3573
ACTAGGATCATCGCTA,3572
CTTGTATCATACATAC,3572
GAGATGCCCTTCTACA,3571
TGGGGTATTCACCAAT,3571
GGATGCCTGGCCTTAG,3570
TAACCATTAGGAGCCA,3570
GTTAGTACTAAGACAA,3569
TAACGACTGTTAGTTG,3569
TAATGCTCTGCGCAGG,3569
CCACACTCGACCTCAA,3568
GATGACGGTCCTTTGA,3567
CTCAACGGATACCCGG,3566
TCACAACTTTGTCAAA,3566
AAGGGTCGAGATGACA,3565
ACTTGCAAGCGCATTG,3565
AGAGAAAATTCAGGGT,3565
GGTACGTTGAATAAAG,3565
TTCTAACAGACGAAAA,3565
GTCCCGACGTGAATGA,3563
TCGCACATCACTGTAA,3563
TCTCCCGACTTTCAAG,3563
TGCCCAGCAAAGATTA,3563
TGAACTCAACCATCGA,3562
AGCTGCAACCGACCAG,3559
GATAAAACCTTACAAA,3559
GCTGTGCTGGATAAAA,3559
TACACGTCAAGTTAGT,3558
AAGCACGTGGGGCAGT,3557
ACGCTTGAGAGCTTAT,3556
AGAAGATGTTCAAAGA,3555
CAATGTGGGGGATTAA,3555
CCCAGCCCTTCGTTTA,3555
CTCGATTTTCAGCGTA,3555
GGGGAAACATGTCTAT,3555
GTTCACGGACTAAAGT,3555
TACCACAAACACAAAA,3555
AGCGACCATGGAATAT,3554
GTTGTAAAATTCAAAA,3554
AGGAAATGGTGGTCAC,3552
AAAAAGGAAATGAATA,3550
ACGCACACCGGGCATA,3550
GAAGGATATAAAAGGA,3550
AAACGAATGTGCGAAT,3549
ATCATTCAATGGTCGA,3548
TCTGAGACAACTCGAT,3548
AAGATGTATATGGAAA,3547
CAACGAATACATTTAA,3546
AAGCGTAAAAAGGCAC,3545
CTACTAAAAAAATGGG,3545
GTATCGCCCATAATCA,3545
ATACACTCGGATTTCT,3544
GATCACAAGCATGTAC,3544
TTAGTGACGCCCCATA,3544
AAGAAAAATGCAATCT,3543
GAAGCCGACAAAGCGA,3543
TAAACACTGCTGAAGA,3542
ATCAAACCTGCACTAA,3539
GAAGTATCAATCTCGA,3539
ACGTCTTACGCGTGCG,3538
TACGGACATACTATCA,3538
TGCCTAGGCAGATAAG,3538
TTTACCGTATCAAAAT,3538
CAAGTCAGGTAATAAC,3535
TACGGCGCATAGTGGG,3535
TTGCTAATAAACGCAT,3535
AAGTTTAAGTAGGAGG,3534
TTATTGCTAATGGCAA,3534
CCGGGAGAAATCCCAG,3532
GATTGGTACATCCAAG,3532
AGATGATCGACACACT,3530
ATAAAAGCAGATACAA,3530
CGAATAGAAGTTACTA,3529
GGTCGGAACTTTGAAG,3529
CCTCCCTCACGCCAAA,3528
GCAGAGAATGGCCTAA,3528
GGTAACGAAGACCCCA,3528
TAAGGAAATTACCAAC,3528
AAATGCATCCTGCTAT,3527
ATAACCGACTGTGTTC,3527
ATTCGGCCCTTCTCCA,3527
CTATACGATGTTCATA,3527
TTGATAACTCTGCAAT,3527
TTGGCATCTTCAAAAA,3527
ATTCTAAGTACGATAA,3526
GGAAACAGTAGCGTAA,3526
TTAATATCCAACATAG,3526
AACAAGGATGACGTAT,3525
ATCGAAAAGACACAAC,3524
TGGGAACGACTACTAG,3523
TTCTGAGGCAATTTGA,3523
AATGTACCTCACTCCA,3522
CACTCACGCTCTCGAA,3522
AAAGACCAACAGGAGT,3519
AATCTATGCTGCCCCC,3519
ACTTTACTAAAATGAT,3519
GCTCCTGTTATGTCAT,3519
GGGCTGGGGGAAGAAG,3519
CAACCTCACCGGCAAA,3518
CCCCTGATGCCAACAG,3517
GGTGTAGACCGTGTAC,3517
TAAGAAGAATACAAGA,3517
TACGATAGTGCAATGA,3517
TGTAGTGAAAATACAT,3516
GCGACCGAAAGACAAA,3515
ACTACTGAATTCGGAG,3514
GAGAAGCCCATAAGGG,3513
CAACGCGGAAGGTGTA,3512
TACCTTTACCCAACAA,3512
CCAAATACAAGCGTAA,3511
CGACCAGAAAACGCTA,3511
GGCCACGTCGTAAGGA,3509
TCGTCTTTGTTAGGGA,3509
CTGATAAGTAGACCTC,3507
GCGTGAAAGCCCTAAT,3507
AAACTGCTGTCTTTAC,3506
TTGACCGTTTTAAAAA,3506
ACATAGCCGTAATTTT,3504
ACGCGAGTATACCCAA,3504
AGGGGCTGAGCAATAT,3504
TATAAGTTTGAGTTTA,3504
CAGCTCCGTTGCCACA,3503
CGTATGCGTGTCCGTT,3503
GCCGGATGGTGTGCAT,3503
GGTTAGTGGACCGAGC,3503
GTTACCAACCGAGGGT,3503
AGATAACTTACATGAT,3502
AGGATGGCCCAAAAAG,3502
GCTACCTCGTCTAACT,3502
AGTGGGAGAGGCTCTA,3501
CACAGCACTCTTTCGA,3501
AGATAAAGGAGATTAT,3500
GCCCCGCACATTCTGA,3500
AGCCGCACCAAAAATG,3499
CCCCCCAGCCAAGCTA,3499
GTCCATAGCCCCACCA,3499
AAACGCGCGCTTACCT,3497
GCAACAAGCCACCAAA,3497
GTAAATCTTCAAGGGG,3495
GGACCGTTCCTAGCAT,3494
AAAATTTGAAATAAGG,3493
GATTCGATTTGGGCAT,3493
GGAGCTAGCTCCAGAA,3493
TATAATTCTGTTGTGA,3493
CAAAACGGAGAGGGAA,3492
GTCATTCTGAAATAAG,3492
AAACAGGGTAGGCGAA,3491
ATTGGGGATACGGCGA,3491
GAACACAGACATTCTA,3491
GAGGGCTATACTCTGA,3491
GTCATATAACACTCAT,3489
AACAATCTGCACGCAA,3487
ATTCTATAGCCACTAA,3487
AACCTCCGTATAAAAA,3486
AATTAAACCAGCATGA,3486
CGTTAGGCATTTCTAA,3486
GCGGTAAGGATGACAC,3486
AACCAGGCTCTACAGT,3485
GCAAAATTAATTGAAA,3485
TGTGTAATATTAATGG,3485
TGATAAGATGAAAGAC,3484
AATAGATGGGAATAAT,3483
TCGACTTAGTCACAAA,3483
AGACCAACGAAGCTGT,3482
GAATAGTTATGCCAGC,3482
GATCCCATACAAAAGA,3481
TCGTAGTTCTGGTAGA,3479
AGTACGGGAAAGGAAG,3478
CAATGCCGGAGGTGGG,3478
GGAACCACGTAATCTA,3478
TATTATGCCGCTCTAA,3478
TGGCGCTAATGGCAAT,3478
TTAAAGACATGTGCGT,3478
CCCCGTGGACGGATTA,3477
ATATCCATAGTCGATT,3476
CCCATGTTGTGACCAC,3476
CGACACGAAGCTACCA,3476
TGACACAAGTTAGTGA,3476
ACAGTGAAATCCATTT,3475
CAAGTTTAATGGATGG,3475
GAGCTTTTCACGGGCC,3475
TTTCGATTAAAGCAGG,3475
AGAGTTAGCCAAGGAT,3474
TCGCCACGAATGGAGT,3472
AGAGTCAGTGAGTCTT,3470
AGGATAACACTCCCAC,3469
AACGTGTGACATTGGA,3468
ACACCTTCAACCTCTT,3467
ATACACAGTCATAAAA,3467
TATATCAGGGTCCCGT,3467
AAGAAGTTTTCCATGG,3462
TAAAAGAGGCAATTAT,3462
TGAGGCTGGAAGGCAC,3461
GGGTATCGTTAACCAG,3460
TAACAAAGCAAATGGA,3460
ATAAAAGGCCTAAGTA,3459
GTAATCATCCATGTAT,3459
CCTGCTATACTGACCA,3458
GCCTTATCGTGGGCGA,3458
AGTATGACTACTTTGG,3457
AGTCTTGTTGTAACCA,3457
CGAAGTGGAGCTTATT,3457
CTCTAAGCTGATGTAT,3457
CGTCGCAGTGTCGGTA,3456
CAAGGCATTCAATAAG,3455
CTCTTATGAAGCATAT,3455
CACTAAACCCAGACCA,3454
CAGGCATGAAAATTTT,3454
GAATACTTATAGGAGG,3454
TAAAACCATAGTGTAA,3454
TACACGGGATTCGAGA,3454
GGAAGGTCTGACCGAC,3453
ACAGTAACTCACGGAG,3452
ATCATGCAGCAATACT,3452
GATCTACAGTATTAAG,3452
ACTGAAAACGATGGCT,3451
CTTCGTAGTGACGCCT,3451
GACAACACGGACTAAA,3451
CCGGTGCAGTCTTGCC,3450
GGGACCGAAGAGTAAC,3449
CGAAGCGAAGCAAACG,3448
GGCTATACAGAGTTGG,3448
TAAAAGAAACCTGTTA,3448
TAAATCATGACGACTG,3448
CTGCCGTAGTTGACTA,3447
TAGATATACTATAAAG,3447
TCCAGCCTCTCCACGA,3447
TTGTGCTGTTGTACAC,3447
ACGGGAACAAAAGACT,3446
ATAAATGACGCTCTAA,3446
TGTAGAGAATAATAAA,3445
AGTCGAGATGTGTTGG,3444
CCGCGTCCATGAATAA,3444
TTGTCTGGTCCTCGAT,3444
GACGCTGTGTACTAAA,3443
ACCGGATAAGCAGGAC,3442
CTCAGCAAGTATGGAC,3442
TTATACCCGCCCAATA,3442
TTCAAAAAAGGTGCGG,3442
TTTCCAAATGGTTGTA,3442
CAATGTCGCAGTAGAG,3441
TTCAAAAGACAAGGTA,3441
AACACTACAGTACAAA,3440
TACGGGCAAACAAGTA,3440
CAAAAAGACAAGGAAC,3439
CACACCGAAATAGCTA,3439
TCTGTCTGCAGGAAAC,3438
TGTACAGAACGTTAGG,3438
TTCAACATCAAGGTTG,3437
AGAGCACCTGACCTTA,3436
GCCATTGTGGTCAGGT,3436
TATAGCTAGAATGTAA,3436
TCGCGAGCCTCTGTAT,3436
ACTAAATCACATTGGT,3435
CCATTAATGGACCAAG,3434
GTATACTAGAAAACGG,3434
TAACCCTCGAATAATG,3433
TTGAAATGCGAGACAC,3433
ACTTAAAAAAGCGGAA,3432
ATAGCGAACATTATCG,3432
CATTCACCCGTCAGTC,3432
GAAAAAAGATAATACA,3432
GCTTACAATATTTCCA,3432
CGCAAGGTTAATATAT,3431
TTAAGGATTTAAGGCA,3431
ACGTGATCAACGTAGG,3430
CAGTACTATTACCCCA,3430
AAATAGACCCGTATAA,3429
GAACCCCCATTCTAGA,3429
GGACAAACCACGGGGT,3429
TGAAAAACGATTAATT,3429
GTAGGTATTAAATAAA,3428
TGACCTGCTAGGTAAT,3428
AGAGAATTGCACTCTC,3427
AAGTTAGAGAATTTTT,3426
GAACCCCAGAAATAAT,3426
GGAAAACTTGTAAATA,3424
TGAGATTACAAGCTAA,3424
AACAAGTAAGAAGTCT,3423
ACTCCCGATATAAAAA,3423
GACAGAAACAGGGGTT,3423
TCTAATATTATCCAAT,3423
AGAGAGGAGAATAACA,3422
AGCGTGATTAAGCCGA,3420
GATAGATTTACCTACA,3420
CTATTGGAAATCGGTT,3417
CTCTTGACCCCAAATA,3417
GACCTAATTCTTGCCT,3417
GAGAACGGAAGATCTA,3415
GGTAAAACCTGATATG,3415
TGCATAGGCCTCCAGT,3415
AATCCGTATAGGATCT,3414
AGAAGCCACGCCGAAA,3414
ATCCGGAATATAGAAT,3414
GATCAGGAGATCACGA,3414
AAGACACTTTGAATTG,3413
AGATTTACTTGTCTGG,3413
CACAGCATAGACTGGA,3413
TTACCAAAACCGTGAC,3412
AACCTATTGCCTACGA,3411
AGCAAAGCGCAATTGG,3411
ACTATTAAAAAGGTGG,3409
AGCCTCAAGTCTGAGA,3408
TTCTTCCTGCTCGCGT,3408
AGATACAAAGAATCAT,3407
AGATGAGGATACCGGA,3407
TGCCTAAGAGACATGG,3407
AACCGGCAGGTTCAGC,3406
ACAACCAACTACAATA,3406
ATGTTCGCTAATCGGC,3406
TAAATAAATGTAGATT,3406
TGCATCGCCTCAACGA,3406
TTAGTCGTGCGGACCA,3406
AAAACCACTTTCTAGT,3404
ACAAGCATTGGGGCAA,3404
CACCGAGGACTAAGAG,3404
GCAATCCCAGACCGAT,3404
TCATGTCGTTAAAGCC,3404
TCCTCGCGTCCTTAAG,3404
AAACCCATTTCGTTAC,3403
CAACAAGAAGGGGCAG,3403
CGGCTACTAGTCAAGT,3403
GGTACTAGCCTTCAGA,3403
TTATCAACCTGTTAAA,3403
ACACTGTATACATAGA,3402
AGACTTGGTTTCTGAA,3402
ATCACCGGCATAAAAG,3402
ATCGTATTACTAACTA,3402
CCCCTGCGATAGACCA,3402
TGCGGAAACGATACGA,3402
TTATCTCCTGGATTGA,3402
AAATAGAAATCGAGTA,3401
GTTCTTAGATTTCTAA,3401
AAGGGCGGGTTGCATG,3398
ATCGATGGGTATTTTT,3398
GACATTAGGTATAGAA,3398
AGCAGGTCAACCGGAT,3397
AGTAAGATCTTTTAAA,3397
ACAGACACCACACCGT,3396
ACACCGTAGATGCCGA,3395
CAATGCTCGTGGAAAG,3395
CGATAGACCTGGCAAA,3395
GGAGGTTCCCTAAAAA,3395
TCCGACAACTAATAAT,3395
TTATTACGCTGTGAAA,3395
CCTATATTGGAAACTG,3394
ACTCCAAAACTTGGGT,3393
CAAAATATAAAACCAA,3393
CGTTATGGTGGGGCAA,3393
AGTTAAGCGCCTGAGA,3392
CTAGGATGATATTCAA,3392
AAACATAACATCATTA,3391
ATGTTTAAATTGCGTG,3391
TTTTGTAGAGATTTTG,3391
ATCCTTGTGGAATTTA,3389
GGTCGTTACAACTGAG,3389
TTGTGGACAAATCAAA,3389
GACTAAGGGTTGTAAA,3388
GATAATAACGAGCAAA,3388
GCCGAATTCTTGAGAT,3387
AACGAACTTCTCTGAA,3386
AAATTGGCAAAACCAT,3385
AAAAGCCTGCAGATAA,3384
AAGTAAAGTTAGTAAA,3384
ATTTTAGCCAAGTGGA,3384
AACAATTTTAGCGTCT,3382
ACTTAAAACTGGTTTG,3382
AGACACGGGCACATAT,3381
ATATAGAAGGATATGT,3381
GGTTCATACGAGACTC,3381
TTGGAACAAAGCCATT,3381
AATCCAGAGTTCATAA,3380
ACACGATGAGTACTGA,3380
GCGCTAGGGTTGCGAG,3380
AACCGCAATTAATAAA,3379
GTGGATCTTTACAGAG,3379
CGTCGCTATCATCTTG,3378
GGCAAATCAGATGAAA,3378
TGGTACAAATCATCAT,3378
CAGAAGCCGAACGGCT,3377
CCGTGGTGGGGAGGAC,3377
TAATGTGTAACGCAAC,3377
TATAACCGATCTTGAG,3377
ATGGTAATGCGATAGT,3376
TTTTATCTTACACCGA,3376
ATTTGCCGGTTGTTAG,3375
TCGATCCATTTAAGAG,3375
CAAATGTTACATACAT,3374
TGGCAGGGAAGGAGGC,3374
GCCTGATCTTTCCCTT,3373
GTGGGGGGAGGCAACT,3373
GAGCAATATGTACGAT,3371
AATATGGGATATTCCT,3370
CAACGTACGAGAGCAG,3369
CTGAGCGATTTGTAAG,3368
CTGAGGACTAAAATCA,3368
GGCGCCTACGTCCCAC,3368
TGGTTGAATTATCCAT,3367
GCAAACGTCTTCAGAA,3366
GCATATGGGAACTTAC,3366
TGAATAATCAAAGAAC,3365
TGAAACAGTGCCTATA,3364
CAAGACACTACAATCA,3361
AGCAAAGTAAGAGTAA,3360
GATCTTCTGACCCCAC,3360
GGAACCAAAGGTTAAA,3360
TGCGGACCCAACGAGT,3360
AAGGAATCTGGTCAGA,3359
AAGTCGATATTTGCAT,3359
CCGGACAGTCCTACCT,3358
TGGGTTAACTTAATAC,3358
ACACCAACAGAGGGAG,3357
CGAATGAAAAATTGGT,3357
GTCTACCACACTACAT,3357
AAGAGTGTCATTTAAA,3356
ATGGCCCGTCGTTCAA,3356
GAGGAAGTCTAGGCAA,3355
GACCGGATAAAATAGG,3354
TAAACTATGGAAAGAG,3354
CCTTTTAGGCTGAGTA,3352
ACCCCAAAGAACGAAA,3351
GAGAAACCATGTTAAA,3351
TGCTAGCCACTTTATT,3351
ATCTTTACCAGTTATA,3350
CGTCACATGACCAAAG,3350
AAAAGACGAACCCTGC,3349
AGACTGCAGCTAGTGA,3348
CCACTTGATGTAAACA,3348
GAGCTAGACCTAACAT,3348
AGCGCGTACAGTAATA,3347
ATTTCGCGAAGGGAGT,3347
ACCAAGGAAAATGCAA,3346
CGACATAATTCATCTG,3346
AACCCCCAGATATTAG,3345
GATTTAAGAAATGGAG,3345
CGATAAACCGAGGAAA,3344
ATGAACTATAGGGGAT,3342
GCAGTCCCGTGATGAA,3342
GAGACAAATTATCACC,3341
CAAGCGGACCCTTTGA,3340
CGATAGAAATGTGAAC,3340
GTGGGAAAAGTTCTGA,3340
AAACAGACATACCCTA,3339
CCATAGGAGACACATT,3339
AGCGCCTCGCTGGCTA,3338
AGGAAAAGATATGAAA,3336
ATCCCTAAGATAGCAG,3336
AAATGATCGCAAAAGG,3335
CGTGACGCAATGATTC,3335
CTTTGCCCCATGCCGG,3335
GCCGAAATCAGGATGG,3335
AAATAAATATGAAGTA,3334
ATACATGGGGAGTAAA,3332
CATTGGACAGTTTGAA,3332
GAAAACCTGAGACAGA,3332
TGTAAATCTCCCACAA,3331
AGGTTAAATATTAGGA,3330
CTACCCACCGACCCGG,3330
TGATCTCAGTACGATA,3330
AAAGAATGCAACGGGT,3329
TAATGATACATGGATA,3329
GCGCCCCAGCCCAAAT,3328
TATACGAACAAACCAT,3328
CCCTATGAATACTGAG,3327
TTGGGACAAAAAATAT,3327
ACAAAAACGTGCCTAC,3326
ACAGAATTTTAAAATT,3326
CGCTGGGTGTATCGTA,3326
CTGGGTTCACCAAGAA,3325
TCACTGAATAACTAAA,3324
ACCTGGGGCCCTTGAG,3323
CATATTTGAGCCTGAA,3323
CTAATTGCGTTTATTT,3323
GGTGACTAGTGCAAAA,3323
GGACAGGATTAGGTGA,3321
TACAACTTTTGAAAGA,3321
TTCACCCCTGCCTATC,3321
ACCATCTAACACATGA,3320
AGATAACAGAATTTAG,3320
GAATTATAAACCATTA,3320
TGTATCGGCAAACTAA,3320
AGCCAACGAAAGGGGT,3319
GGTTTGGAGCACCCAA,3319
ATAATCGATGCGTTAC,3318
TGAAAACAGGGCGAAT,3317
ATCTCAGAATACTCGA,3316
GGTAGTGCCAATCACT,3316
ACTGCTAACGCATGTT,3315
CTAAGGGATTGTTGAG,3315
CTAGGTTAAGCGCAAG,3315
TGTTCTTTAAAGCAGA,3315
TTCTGAATCGTCAAAC,3315
ATCTCTCCTACCCTAA,3314
CGGCCAAAGGGCGATA,3314
AACCATACATGCGGAT,3313
AGAGGTTAGGACTGGG,3313
ATAACTGGACATCCAT,3313
GTAGTAGATTTTTAAT,3313
GTGTTTTCAACTACAA,3313
ATAATTTCTCCGTAAT,3312
CACAATACATAAATAG,3312
CATCCTTATTAGGGTA,3312
GAGCAACTTGCTAGAT,3312
GGATACGAGAAGAAAA,3311
TATCCAAAGGTTACAC,3311
TGCGAGTCCCCGGCCC,3310
AGAACGTGGGCACACA,3309
GGACCGATAAAGCAAA,3309
CCGGCAATATCACAAA,3307
AAAAGAAACACCCAGA,3306
GATTTATTACACGGGT,3306
GCTGTCCAATGGTATG,3306
TCGTATATCCGAGAAC,3306
AGTGCTAGAGAAAAAA,3305
CAGGACATCGTGCTTT,3305
CTCGAGACACTCAAAT,3305
TGATATGAATACATAA,3305
TGCGGCCTTTCAACTA,3304
AAACAATGCTACACGT,3302
AAATGCGAGTCCGTTG,3302
CACCGCAAATAATGGG,3302
GCAATCCAACGATACA,3302
GGGATCGTGTCAGCAC,3302
AACCATCTTGACATTA,3301
ACCTATGGGACACAAG,3301
GGCTAAGATCAGAGGA,3301
CAGCAATTATTATTTG,3300
AAAAATTGTATCAAGT,3299
ACAATGATAGAAGAAT,3298
GAGCCTGTGGGTTGGC,3298
TAAGGATGTATGACTA,3298
TACGAGATTAAGAAGA,3298
CAAAACTGCAACACTG,3297
GGCGATTACCAACGTA,3297
GTGGAAGGGGATATGT,3297
TTGAAATATCGGTCAT,3297
GAAAGTCGACCGAACA,3296
ACGATCAACCTAAGGT,3295
GAGACCGTTTTCCACC,3295
CCCATCACGCACTGAA,3294
GTGGCTGCCCGACCTT,3294
ACCCGAATACACAAAA,3292
CTCCAGAGATATGAAA,3292
GACGAGCTGCTCTGTG,3292
GAAGACACAAGACGGA,3291
ATTAGTCGAGCCAAGA,3290
CCATAATCAACCGCCA,3290
CGCACGGAGGCCAATT,3290
CGGGGTAGTGTTAAAC,3290
CTGCCGGTAAATGAAT,3290
GCCGAGAGGAATCCAT,3290
TTATAAACGTAGCATA,3290
AAGCAACAATTAGGTA,3289
AGCGACGTCCTTGTTG,3289
CTTTAAAAGACTGTAT,3289
TAGATAAATAGAATAT,3289
TGATGAGTCGGGCCCA,3289
CCACATGAAATATCGA,3287
TCTCCATGCCTGGAAA,3287
GCGACATAAATTGGTA,3286
GGGTCGATTTAGTCTA,3286
GTAACTATTTGAATAT,3286
TTAACCGGTTAATCGG,3285
ACCAATGCAACGGCGG,3284
ATGTTATTTGAATCAA,3282
AAGTTCCGATTAGCAA,3281
AGCACGTCCGGGATTT,3281
GAGTAAGAAATAATAG,3281
AAATTTATTACAGAAC,3280
ATACAAGTTTAAAATA,3280
TTAGGCCCTCTCTTGA,3280
AGCATTACGCAAAAGT,3279
GGGATACATTCATGAT,3279
CACGCGGAACCATATT,3278
CGACACAACTTCCATG,3278
GTTGCGGTTTGGCCCT,3278
TGAATAGGCACCTCTA,3278
TTAAACATGAGTGAAA,3278
ACGTACATAAGTATAC,3276
AGATATCTTGGGGAAC,3275
AGTATTAATGCTGCAG,3275
CAATCGTCACAGTTGT,3275
TAGGCAGACATTAACA,3275
AAATGTAGAAGATGAA,3274
ACTTTAGGGCTACATA,3274
AGACCGAACAAATATA,3274
ATGACAGGCGAAAAAA,3274
AGGGGGAATCAGTACT,3273
GTGAACGTTTGATTAA,3273
TGAGAAGTACCTGAAG,3273
TTGCATTAATTTTAAT,3272
TAACTCTTACTGTGGT,3270
TAGGAGGATTATCTAA,3270
AAAAGGGCATCGAACC,3269
AACATAGTAAATGACA,3268
CAGGAGTAGAGGTTCG,3268
TTCCCAGCCACCATCA,3268
TTGACAAAAAGATCAA,3268
AGACCGTTCGCAGCTA,3267
TAATATTGAAGAACGA,3267
TGAATTTGTTACTATA,3267
ACGATGGCCGCGCATA,3266
ACTAAGGTCGAAAAAA,3266
ATCTTCAAACCTAGAT,3266
GTGTGTGCGGGATCAA,3266
CAAAAACTGGCCTGAA,3265
TTGTAAATGCAATGAT,3262
AGGGGCTGGTGGACTA,3261
GATTCACGTGGCAAGG,3261
GTGAATGCAAAAGAGG,3261
GTGTTCGATAGTAAAT,3261
AGGCAGATCCTGCAAC,3260
AGAGTCACCACTTGTG,3259
TGCCGCAAAGTGTGAA,3259
TTAAAAGAGATTCCGG,3259
TATCTTATACTGTATA,3258
TATGGCATGGGCTATA,3258
TCTAGGACAATAGGCT,3258
ACTAATGGGAATTTAT,3257
CGAGATAACGGTTTGA,3257
GATAGATGCACTTCGG,3257
TAAAAGGCGAATCTAC,3257
AAGCGGTAGCCCGAGG,3255
GTCTGTTAGGAAGAAC,3255
TTATGACGAAAGTGAG,3255
ACTACTACCTTCTGAT,3254
CTTAGGCATTGAAGTT,3254
ATCGTTTTAGATACAA,3253
CGGTCATCAAACGCTA,3253
AGTTTACTGTAGGGGG,3252
ATATACAACGCATCAG,3252
CCCCTATACTTCTCAG,3251
TCATAAAATCACGGAG,3251
ATAGTAAAGCACCGGC,3250
CTAACCTGCTTTGAAA,3250
GTACTCCCAAACCAGT,3249
TGTACAATATACTAAT,3249
AGGCTTCCTCCATAAG,3248
TAAAAAGCTTCAACAT,3248
TCCGTAGTCCTTGACC,3248
GAAATTTTATATACTT,3247
GATGAGCCTCGACCAT,3247
TGAGGTGGGACAGGTT,3247
AAAATAGAGAATAGAA,3246
AGAATATAAGGGTGGA,3246
CTAGAATAAGTACTAA,3246
AAGTAGACGAATAAGT,3245
GACGAAAAATAAAAGA,3243
AGCTCACCGGACTGAT,3242
GCTGGATAGCCTGTGT,3242
ACAGGCGGGAGGGATT,3241
ATGACAAGAGCAAAGG,3241
GCGTTACAACGCTAGG,3241
GTGCAACACTGGACAA,3240
TCTAGACTAAAAAAGA,3240
CTGATTTGGTGTCCGC,3238
AGAGCATAGGTCAAAC,3237
AGGGAACAACAACCAG,3237
ATATCCCACTCAGGGG,3237
AAACGCGAAGCAGGTA,3235
ATCCTTGGCTGGCTCA,3235
GTCTACTAAACCCTCT,3235
AAAACACCCCAGTAAG,3234
TGGGTGATGGAATCTA,3234
CATCGTCATCGATAAA,3233
AGGAACACGGTAGGGG,3232
CAAGAAGATCAAAATA,3232
CATCAACTGAAGACAC,3232
TGTCCATGAGTATTAT,3231
ACTAGAACACTACTCA,3230
ATATTTAAGGTGGGCG,3230
CACCGCTACCAAGCCC,3230
CTATAATAAACGTACA,3230
TAACAGGTGGTATTAA,3230
TAACCTGGAGTAGAAG,3230
TAATCGCGATACCTTT,3230
GATCACTGCAAGGAGT,3229
GTACAAGAACCATAGA,3229
TCAGACAGGGGAACGC,3229
CGACATATCAAACCAA,3228
AATCCCCGTTCAGCAG,3227
AGGCGGTGGCTTGAAC,3227
CTTATCAATTTCATCA,3227
TTAAATAATCAGACTA,3227
GAATCGTAGTAGGCGG,3224
GGAATACATACGATAA,3222
TAAGGGTAGCCAACAT,3222
AGTGGAACTGTCAGAA,3220
CCCCTCTCAACACGAG,3220
GCCACTTGGAGTAATA,3220
CAACATGACTACTCAA,3219
GCCCACCCAACCTATA,3219
GGAAAGGAGAATTAGC,3219
GGATCACAAAGTAAAC,3219
AAAAATTGGTAATAAA,3217
AAGACGAGATAGGTAC,3217
AATCTAAGGCAATCGA,3217
TCAACAAGATTATAAT,3215
TGCATGAAATTAAGAG,3215
ACCGGTTAAAGGTCTA,3214
GGTTTTAAGTAGATAA,3214
GTAAGCCAGCATATTG,3214
GGGTCTAGTCCAACCA,3213
CGAGTTCACTGGTTGA,3211
AGGATCAATTGGGAAA,3208
CACCCAGCGCTAGCTA,3208
CATTAAAGTGTAAAAA,3207
AAGGCTAGGCCCAGAA,3206
ACCAATGGTTAAAAGA,3206
AACGACGCGCACGATA,3205
AAAGTGAATAAGTTGA,3204
CACAGACTATGGTCAT,3203
CCATCACACGAGTAAA,3203
TAATTTCATGAAGAAA,3203
ACAGCAAACAATAATA,3202
TCACAATGACAGGTTG,3201
ATTCACAGACAAATAA,3200
TCGACGCTGATTTGAT,3200
AGAGAGCCAGGTGACC,3199
CTACCCAGGCTCTCAT,3199
CTGAACCTGTCATTAG,3199
CTTAATGGACATAGAA,3199
GAGATACAACTCAGGT,3199
TAAAGTCATCAATATA,3199
AAGCGCAAGACCATTG,3198
TAAATTTAACATAGAG,3198
TTAGCGTCCATCCCAA,3198
CGTAATAACAGCATAA,3197
GAAAGGAACGTCCCTA,3196
AGAAAGTGAAAGTAGA,3195
GACCAACTACACGAAC,3195
TACCAAGAGTACTAAA,3195
ATATTAAATACATATA,3193
ATGACCCGGCGGTAGA,3193
GCAACTAGGAATGACA,3193
TGCCAACAAACAGCCG,3192
GAAGCCGACATATAGT,3191
ACCCGGTCCTATCCCA,3190
GCCGATGTTAACCTAA,3190
TCAAGGGTCAGGCAAA,3190
CTGGTATATTCGAATT,3189
TAATTGCTTACAAGCA,3189
ATCAGTCAGTAAAACG,3188
CACACAAACGTATGAA,3188
CTCCGATAACATCAAA,3188
GCAAGGTCCTAGATAG,3188
GTTACGGACACGTCAA,3188
TAGGCGCATTACAGAT,3188
GATATAGACAACGCAG,3187
GCTATTTAAGACACAG,3187
TCGGACGACAGAAATG,3187
CTACGACGACAAGCCT,3186
AAATACTGGGTTTAAT,3185
ATCAAAAGTACCCAAA,3183
TACCATTACCACCTCT,3183
AGAGTGCTCACATGGA,3182
GATGCAAGCAATTATA,3182
GCCCCCTGGCACGTAA,3182
TACCAGAAAGAAAGGC,3182
TGACCACCAAGCCCCA,3182
TTGACCTAGAATGTAA,3181
TAAGGCACGAGATATA,3180
AAGTTTACACCAAGTT,3179
ACTGGATAATCTTATA,3179
AATTAAGAAAGGTCTA,3178
ACTGCCGGGCTAAACA,3178
TCGTGAGAGTAAACTA,3178
TTTGACTAGCAAGAGG,3178
ACCATTATTAATATTA,3177
GTATCCATTGGATCAG,3177
GTAGCATAACGAAAAG,3176
TGATTAGCTTTAGCCT,3174
TGAGTGAAAAAAGATT,3173
TTAAGCGACAAGTGAG,3173
ACAATTCTTTACCCGA,3171
CCGGCAGAATCCCAGC,3171
GGTGCATCCTATCTAG,3171
TTGTCATAATTGGTAG,3171
GATACTAAATTAGAAA,3170
AGTAGTATTAATTTAA,3169
GAGTTAAACCATTTAA,3168
TGCCCAAAGCAACTAA,3168
CAATGCAAAAGCAAAT,3167
CGTAGGACGGATGGAA,3167
GGATTGATTACAACAT,3167
TTCCACATCCCCATAT,3167
CACACCAACCAATCGG,3166
GTCCAACCAACGCGAA,3166
AAGTTCATCATAGAAG,3165
AGGCACAGCTTTCCAA,3165
AAACTGGCTCGAAAAT,3164
AATCCAATAATTGGAA,3164
CTCTCACACGCTGACG,3164
ATGAGTAGGACATACA,3163
AGCCAATGCCAGTAAA,3162
CAGAGCTGACCTACTA,3162
TACCCCCACATATGGT,3162
TCTTCAGGAAACTTGT,3162
ATTGCGCTCACGTTAG,3161
AGCGACTGCCTGTCAC,3160
ATACCCAGCACGTCAA,3160
ATTCCACACACGCTAA,3160
GCACTTTTCCGGATAA,3160
TGAACGGCAGAAAACA,3160
ACCACTCAGCTTATAA,3159
ATAACACACCTACTTA,3159
ATAGGGCCTGACCTAC,3159
ATGAAAGCGACCCCAT,3159
GATAGGCTGAATTATA,3159
CCGGACGGCTAACCCT,3158
TTAGTTAGGGAAACTA,3158
ATGAATTAGGAGTGGT,3157
GCCAGTGCTCAACTCT,3157
AAAATTCCAATGTAGA,3156
TGTCTAGGGATAATCA,3156
GCTAAGCTCGCTCGAG,3155
TACAACCGAATACCAG,3155
AAACAGGCAGAAGATG,3154
AACCACAAACTTAGAC,3154
TGACCTGGCTTATCAA,3154
GCCAGTATTCTTGAAG,3153
AGTATGTCTTCGTCAG,3152
ATTATCTTGAGCCGAA,3152
TTATACAATTTCAAGA,3152
TTTATGATAGGTCATC,3152
TATTTCCTCTTAAAGG,3151
TATTATTCATCTCTAA,3150
TGAGGCTCTTCCTAGA,3150
CAATTTCATTCACAAT,3149
ACTGGTGTACCGCAGA,3148
GACCAAAAGACGGTAA,3148
TAAAACAGAAAAGGAC,3148
TTTACCGCACCATTAT,3148
TTTCAGAAAGTAGATA,3148
AAACTGCAGTTGACGA,3147
GGGCGACCGTAGGGTA,3147
AGCCAAATCCTATTGA,3146
ATCAAGAGACAGGCGG,3146
CCGGAGTTAACCATCC,3146
TAGCTGTAAAGAGCCT,3146
TTCGATTATCACGTAC,3146
ACAAACGTAGACAAAT,3144
CAGGTTTCTCCCAAAC,3144
GCACGCACGAAACCAG,3144
ACAAAAAATGCCTTGA,3143
CGGGACGGTTAGAAGA,3143
GAATCTCAGAGTCACA,3143
GCTACCGTAACATGAT,3142
TAAGCCGAGTCAGTAA,3142
ACGTAGCGAAACCAAG,3141
ATAACAATCTTGATTA,3141
ACATTTAAGGTCGAAT,3140
CACAGCAGAAAACCAC,3139
GGGACATCGGGAGACA,3138
AAACCTATAGACCCAA,3137
CCACCACATCTCGTTA,3137
GTTTACCATAATCAAA,3137
AAGATCAATTTGAAAG,3136
ACAGATTTTGGAGAGC,3136
AGTAGCGAGTACTAAT,3136
ATAAAATATATTATGC,3136
ATAATGGAACGTTGAA,3136
TGGTGATGGACCGGAG,3136
AAAAACTCGTAGGAGG,3135
AATGGGATTACGTGCA,3135
GCAAGCATGTTATAGT,3135
GTCAGGCGGGATGCAA,3135
GCCAAGACTAGTCCAA,3134
TATACGGCCGAGGGGA,3134
ACCCGTATAAGACGCA,3132
AGAAAAACCACAAGAA,3132
GACTGGCGTGATCGAT,3131
AACGATATACACGGGT,3130
AGTAAAAAATAGAGTC,3130
ATAACATTCGTCAAAA,3130
GACACCGATGATTGAA,3130
AATAATGGTACCTGTT,3129
GCAAGTGTGCTAGTGT,3128
TATTTAATTGTAGTCG,3128
GAAATTAAGGATGACA,3127
TGCTCAACGGCAAATA,3127
AGAGACAATACTATAT,3126
TTTCCGAACGCTTGAC,3126
TTTCGAACACCCGCAC,3125
AGTACCATAAATGGAG,3124
AAATAAGCAACACGAA,3123
ACTTTTGCAATAGGGC,3123
CGACATGCAGATGGGA,3120
GCCCGACCCAACGATT,3119
GTGCAAGGATACCTAA,3118
TACGTAATGAATAAAT,3118
TGATTCAACTTGTAGG,3118
CCAAACATTGCTATAA,3117
CGAACCCGAAGCCTCA,3117
TAGCACAGCAATCAAT,3117
AAAGTAATCCTGGGTT,3116
TTACGCAGTTCGTACT,3116
TCATCATCATCGCATT,3115
GGGAAGTAACAAACCA,3114
GTCGCATAAGGGCCAA,3113
CGTCCCAATGTGTACT,3112
GCCGTAGCAATATCAT,3112
TCCGGAAGGAACTAAG,3112
AGCAAAGGGAGTATGC,3111
CGTTACCAACGGCGAA,3111
GAGGAGTCACTTGAAG,3110
TCAGGTCGATAACAAT,3110
ACAAATCAACTAAGCA,3109
AGTATATCTCAAAGAA,3109
AGGCTCCTAGAAGTAA,3108
TGGACACCGATATGGA,3108
CACTATGAGCAGCATA,3107
CGAATTGAGGAATAAG,3107
GCCTTTTCTACCACGA,3107
GGAGACCTGTTGGATA,3105
ACCTTAGATACCGCGA,3104
CTACTGAAAGGGTTCA,3104
GCATCCAATGTGCTTG,3104
GGCAAAATAGGACCCA,3104
GAGGAGTGTACACCTA,3103
ATACGATAATGCCGAT,3102
AACTTGAATAAGATAG,3101
ACGCCAATCGCTAGCC,3101
CAAGGGCCAGGTCTGA,3101
GAACGCTTATTTAGAC,3101
AACATCTTTAAAGTGG,3100
ATTTGGTAGGAGACTA,3099
TATATGAATCATGCGT,3098
AGAGACACATATCATA,3096
AGATCCGAATATCAAA,3096
CCAATTAATAAGAGGT,3095
CGGCCGCTAACCATTA,3095
AGCTACCCGACTTTTA,3094
CGAATCCAGCCCTTGG,3094
GATGCCGCACAGCGAA,3094
ACGAAATGACGGTTAT,3093
GGCTATACAGGCCCTT,3093
TTCGTCACAGATGTCA,3093
TTTACCTCCAGATCAG,3093
CGGAATATCGAGTGGC,3092
TTAGCTATGTATTACT,3092
ACAGAAGGAAAGACGA,3091
ATCTGAGTGACATTAA,3091
ATGACGCCCACGACAC,3091
ACCGCTGTGACAAATG,3090
TATAGTGCAAGGGCCA,3090
TGCGGCCTCGACCCTA,3090
GCAGAACCCGTTACTC,3089
GCCCTACCGCCCTAGG,3089
TATAATTTCTAAAAAG,3089
TGTGCTCAATTAATAT,3089
ATTGATCGCCTATGCA,3088
AGATATAAAAGTCAAG,3086
CTTATTGAAGTGGAAA,3085
TACCGCCTCAAATATG,3085
TTTACCCTATCAAGAG,3085
GCAAGCATCGCAAAGA,3084
CGTAACAATTCCCTTC,3083
CTGATGAATTAAATTG,3083
GTTTCTCTAAACAACA,3083
ATAGTTCGGGGGGATT,3082
TAAGTTATACAACCCA,3082
AAAATAAGGGATTGAA,3081
TTGAGAAAAAGAGGGT,3081
TCCTTGGGAAGCAAAA,3080
TCTAATGGAATCAAGA,3080
AAGAATTTTATGTAAC,3079
AGATCCACTGAGTAAA,3079
CACGAGACAGATACCT,3079
GAACTGTGCAACCTTC,3078
TATAAGAAAACAATTA,3078
AATGAAAATAACTCGG,3077
CGAACACGAGAAAAAA,3077
TTCCCTTTACTGTTAA,3077
ATCCAGATAAGTGAAA,3076
GCCAAATGGGTAATTG,3076
TGATTTTCCACGGCAA,3076
GAGACACAGCAGTAAG,3075
GGTGAACACATAATGA,3075
TGAGAATTCTGCATTG,3075
AGTCATCATTTGGCTA,3074
GCGTCACCCAATGACA,3074
TCGGAGGACAGAGTTT,3074
TGTTGATACCACCCGG,3074
GATACACGACTCTCCT,3073
TCAGATTTGCATCGCA,3073
TGTCCGATTCATAAAT,3073
AAATTATCCACGTGGT,3072
AGGTGACAGACGTTAT,3072
AACCATAGGAACAATC,3071
GGATATGGGCGATTAA,3071
CTCTTGAACCCAAGAA,3070
GAGTAACAACTGCACC,3068
AAGTCCTAAAACCAGT,3067
CTCCGCAAGACGCTGC,3067
TGTAGCAAATCCCAAA,3067
CAACCTAAGTGGGAAA,3066
CTCCAAGCTTTCAAAA,3065
TAGTATACCGGCGACA,3065
CCCGGGACCCTAAATG,3063
GTCTTACATCAGGTGT,3063
ACACATATTTAGTTGA,3061
TCTGATATGCATTACT,3061
TGCCGTCACCTCTTGC,3061
ACAGATACCACGTACC,3060
CTTAACAACCAGACAA,3060
GCAGTCTAAATGAATG,3060
GCTTCCGACTGAGTGA,3060
CCTCCGGACGAAATAA,3059
GACACTGCTTATGCAG,3059
AAAGAAAGAACCCGAT,3058
ACTGGTACGAAAGAAA,3058
ACCGAAAACTACCTAA,3057
GAGCCAGAAAGTCCAC,3057
ATTACCTATGCTCCAT,3056
CTTTATAACCTAATCA,3056
ACATACAAATAACCAG,3054
GGGTAAGATGCGAAAA,3054
CTCACACACCCGAATC,3053
AGATTTTAGGAACATT,3052
GGAGGAGACTTCGCCT,3051
TGACGTTACTATAAGA,3051
CTATGATAAAGATAGA,3050
AACATTTCAGACATAA,3048
AACTATAGTTTTATTT,3048
ACGATTGGATCCCAAT,3048
TAATAAATAAGGTCAC,3048
TTTAGAAAGCCGAAGA,3048
TTTGAAAAACCAATTA,3048
GGGAGGGGTTTGTGGG,3047
TATTTTTGGCGTTTCA,3047
AGCTGATAATAACAAG,3046
CCCAAACTTCTAGTAC,3044
ATATCAAGAAAAGAAT,3043
GCTGATGGGAACGCAA,3043
GGGTAATTGCTTTAAA,3042
GTAGCCAACATGGTGA,3042
CCTGCTGCGCGATGTA,3041
CTCCATTTATATCCAA,3041
ACTCAATTAGGAGCCC,3040
TTCGCACGAACAGAAG,3039
AGTCGGAAGTCAGTGG,3038
GTAGTACGACTGCTCG,3038
CCGCGAAACGATCAGT,3037
CGTACTAATCCCTTAA,3037
GCACCGGTGCGACCTA,3037
AACGTAGTCCGCGCGA,3036
AACTGGTTAATACAGG,3036
ACGCCCCCCTCTAATA,3035
ACACAAGTAAAGCCTC,3034
ATTTCACGCCCAACGA,3034
CTTCAAAATTGGAAAC,3034
CTTCCTCATCACTTTA,3034
TGAGTTAAAAGATAAT,3034
AGAAATACTCTGGTGG,3033
CAAAGAGTGATGTCAT,3033
CACGAAGTAGTCTGAT,3033
CCTGCCGCCTATAGCA,3033
AATCCAGGGTGAAGGA,3032
ACATACAAGGCCGTGT,3032
AGTCCGACAGAGAAAA,3032
CTGGCTCGATGTAGGA,3032
GCACCCAACTGCGACG,3032
GTAAGGCACACTCGGG,3032
TGAGAGCGACACCCGA,3032
TGTTCATTCCATTCAA,3032
TTTTTGCGACGTCTAG,3032
ATTGTATGTGTTTCAA,3031
CTGAGGGACGCAAACC,3031
TGTGTGACAAGTTAAA,3031
TTTCTCAGATGCGAAA,3030
AGGGGTGAGAGTAGGC,3028
AGTTCCACCGCTATTA,3028
ATTAGAGCTAATACAA,3027
CTGGTCACGTCAACGT,3027
TACGTGTGGAGAGGGT,3027
CTCGTCGACTTATGGA,3026
GACAGCAGGTCACGAA,3025
TGTGCATGATGTATAA,3025
GCGGTTTAACAAACAG,3024
AGAATGGCTCAATGAA,3023
CCTTAGACCTCTCGGC,3023
GATTTCAAATACATGA,3023
TCTACAAACGCAACTA,3023
ATGAATGACAGAAAGT,3022
CGTGGCGTCAATTTAA,3022
GATCAAGACGTTTCTT,3022
AAATGCGTCACTCCAG,3021
GGTCCTTACTGATGGA,3021
ATAAAATCTGGTACAT,3020
CTCAACACTAGAATAA,3019
GGGGAAAAAGTTGGAA,3019
TCTAGATCAAACCCAT,3019
AATAGTATCTATCCGA,3018
ACAAGTCCCACACATT,3018
CATAAGAGCGTGTTAG,3017
CGAACAAGGGGGAATA,3017
GGGCGGCGGACCGGGA,3017
CCTCTGTAACGTTTGA,3016
GCAAATGAGTTTGGGG,3016
GGTTCACATGAGCTAG,3016
AATACATAGACATGAT,3015
AGCGAATTGACGCAGA,3015
GCATGCATTCACGTAA,3015
GTCCTCAGCTATAGTA,3012
TCTCATACACCCGTCA,3012
GGCGCCTAAAAAGCAA,3011
ATAAAAAAACCCATTT,3010
ATCAAATCTATAGAAT,3010
GAGGTATAAAGTGGGG,3010
ATGGCCGGTTTAGGAA,3009
AGCCAAAAGTTATTTG,3008
CTTAGTAACTAAGAGG,3007
GTGGGATATGGGGATA,3007
ATACAGTTCCAGCTAG,3006
GACCGTTACATGTTTT,3006
TGATAGAAGACAATGA,3006
TAAGATGTATTCGTTA,3005
ACCATACTCGGATTTA,3004
CAAGAATACGATACGA,3004
CGCTCGGCAATCGAGA,3004
GCGTCTGCGAATCCTA,3003
TATGCCATAGGTATTT,3003
TGACAAATGCACGTAA,3003
AAATACGACGCGACAC,3002
AGACCTAAGTACAAGT,3002
GGTACCACTCTACAAA,3002
TATGATATCCCCATAA,3002
CGTTGGGGAGATTGAG,3000
GGTATGGGGTGGTGCA,3000
ACGGCAGGCCATAAAC,2999
TCGGGTGCCCATTCGG,2999
AAATTTGCGCCGACGA,2997
AACGTGCATTAGAGAA,2997
AGTCACTGGGTTTAAA,2997
TTTAGAAAATGATAAG,2997
ACCATGTTTTAGGGCG,2996
GTCAACACCGAAATCT,2995
AGCGTGTCCTCCCATA,2994
TGAACCCCACAATCTA,2994
GCTATGCGAGTAGTCT,2993
ACCACTCGCTGATATG,2992
ATATGGGCAAGACAAG,2991
CGTAAGACCTAGACGA,2991
CTATGGCCAGCTATGA,2991
AGGACCTGGTTATGTT,2990
CTAACACGCTGATGAA,2989
GACAGCTAACATGTTA,2988
GGCAGTAGACTACGTA,2988
AGTCTGAGGCAACCCA,2987
CGCAAATACAAGGTAT,2987
TACGAAGTTACGATGA,2987
CCACGAAGAATGCCGA,2986
ATACTTGAGTTTTCCC,2985
TACGACAGAACTTCAA,2985
TATAAATCTAATAGCT,2985
TTTCCACCCCTTAGTA,2985
TGGGAGATCAGCAAAT,2983
TGTACGAGGTCGATTG,2983
ATAAGCACCAACCGAT,2982
TTTGGCACTCCAAAGT,2982
CCAAGTTCCCCCTACT,2981
TTTTTCCCACACTCGG,2981
ACTGCTCGATCGTAAC,2979
ATTCTCTACCATTCAA,2979
CACCGTTCTGAAACGA,2979
CTTTAATACTGGTTTC,2979
GGAGATTGCAAAAAGT,2979
ATATGGTTAATGCTAA,2978
ATAGGATAATCCCAGA,2976
TAATCACTCAAGGAGA,2976
ACGCGCACGGTCTTAC,2975
GCGACACCCCAGCATA,2975
TACTTATACAAACAAA,2975
TTAAATTCCAGGAGAG,2975
AAATAGTTAAATGAAT,2974
AAGAATTTTGTTCCAC,2974
TAGGTGAAAACTGCCA,2974
AAAATAGACGAAAACA,2973
TAACAACCCTACACAA,2973
ATGATGCCAGGATAGA,2971
CTTCGGAAACTAATAT,2970
CGGCGTACCTAGGTCA,2969
AGAGGCTGACAGACGA,2968
AGCCCGGCCTTCTTTA,2968
CAGTAAACATTAATAG,2968
CCCAACGGTTAATATA,2968
AAATACCTGGTCGTTT,2966
ACAAATTGGGAATGAC,2966
ACAGATGCTTAATAAA,2966
ACATGTTCGGTGTCTA,2965
TAATAGTAACAAACCA,2965
TGAGCTGACTTAAATA,2965
TTGCTAGTAGTGGGGG,2965
GTACCTGACCGAGGTA,2964
TGCCCTATCAAACGAT,2964
TTGTAGAGGTAGCGAT,2964
CCCTCAGAACCATAGG,2963
GCCTAAAAGCCTGTGG,2963
GCGGAAGCCCTGCAAT,2963
GTACCCTTTTAGTAGG,2963
AGGAAATAAAGCCAAA,2962
TAGTCCGAAACCGTAG,2962
TGTACCAAGCATAGGC,2962
TTCCACGCCACGGATA,2962
GAGCGGATGAAATAAA,2961
GGAAGGAAAAAAGGTA,2961
CCACAGTTGCAAAGAG,2959
GCGCATTTGGGCTCCT,2959
TCGCACCGCACAGGGT,2959
AACATTAATTCATGCA,2958
CCATATAATCGGTGAG,2957
CCCCAAAGAAGCGAAA,2957
TAAACTAAAGGGAGAC,2957
TAACTGGCCATCTTGA,2957
CCAAGTTGATGCCTAA,2956
GACTGAAGGCTTTTCC,2956
GATTATGCATATAAAT,2956
GGGAAGGGGGGCAGGG,2956
TCGATGTTAGCCACAC,2956
AAGGATGGACAGGACT,2955
CGGATCAGGATGTGTA,2955
TTTAAAGTATGAGTAT,2955
CGTCTGTCAGCACAAC,2954
CTATAAAATCAGATCT,2954
GCAAACCGGTTAATAC,2954
AACACGGAAGAGGCAA,2953
CACACTAATCATAGGA,2953
CCTTGAGCATTTATGT,2953
ATTTAGTCTCAAATAA,2952
CAGACATCCTGAGTAC,2952
AATCATTTAGTTCAAT,2950
AAGCCTAGGATCTGCT,2949
AGGGGGCAAGTTCCCT,2949
ATGTTGCCGGATATAT,2949
CAAGGAACCCCCCCAT,2949
CTGCAGACTAGGAGTA,2949
AAATGGGGGAGCCAGA,2948
CCAGTTGCAGACCATA,2948
CATCAGAGTAGCTAAT,2947
GACGGGAAGCTAACAT,2947
CAAAATGCGGCGTTAG,2946
ATTAGGAACGCGCTAC,2945
TCAGTATTCCAGTAAA,2945
AATTTTCAATAGCCAG,2944
CCAACACCAGTCGAGA,2943
CCAGACGTAAATCTAA,2943
GAAATGTCATCTCGGA,2943
GCATTTCGTGCGCTTT,2942
TCAGGAAGGTAAAGTG,2942
TTGTCATAGACAAACG,2942
GCCGGCGATGAAAGAG,2941
TGGGAAAATATTTACA,2941
AGGCGGACCCAAGAAT,2940
AGAAGTCGAATCGCGG,2939
ATAATGTATCATGCCC,2939
CAATCCCCCAAAAGAC,2939
CTAATTAAACTCATAA,2939
GATGACAACAATATAT,2939
AAAGCTTATAGTTGGC,2938
AAGAAGTTTTAGAGAT,2938
ACGCAAACGAAGCTCC,2938
ATGGCAAATACAATAA,2938
TCGCTCAAGCATTTCG,2938
AAGCCTTAAACGCTGA,2937
ATGATAATCCAGCATA,2937
GATCCCTGTGAATGAT,2937
GGGCACCTTGACGAAC,2935
CCACTATTACTCGTGG,2934
CCTTCTAATCAGTGCA,2934
TAAGTCGACGTCCTAA,2934
ACATCGCTAGTGAATA,2933
ACGTGCGACAAAGCTA,2933
CAATATTCAATCAAGA,2933
CCTTAGAAATGCCTAC,2933
GGCCTCCTCGGAAAAA,2933
TAATTGTATTCTGAAG,2933
CACAAGAGAAACATAA,2932
TGATACGACAGCTGAG,2932
GTATGGTGAGGAGGAA,2930
AGCCCTAAGAACAAAA,2929
TTGTGGTTATACTATA,2929
AATCAACAACATTAGT,2928
AAAGTCAAATCGAAAA,2927
CTATAGGTACTAACAA,2927
GCGCAACACAGTTAGG,2927
GTGAAAACTTAGGAAA,2927
CGGATTTTTGAATAGG,2926
AATAAAGGAGATCAGG,2925
AAACACCACTCAGACA,2923
AACAAGTTGCTGTTAA,2922
GAGGGTAGGCGGACGT,2922
TCTATTCGATGGCAGG,2922
TTCACAGTGCGCACTA,2922
GGCAGATACCAAAAAT,2921
GGTTCAAGAGGTTGGA,2921
TAAAAGGAACCCACGA,2921
TGAATAAAAACCGTGA,2921
ACCTGCCCCCGAGTCA,2920
GGCAGTACGAATAAGG,2920
TTCTTGTGGTGCCGTT,2920
CCTGTACATACGAACC,2919
GCTGGACAGAACTCGA,2919
TATTCAAAAATAAACA,2919
TTGGGTACCGCAACAA,2918
TGCTCGGCCACGGAAT,2916
TTCGCCCACCCAATTG,2916
CAATGGGATACTATAA,2915
CCCTGTATAAGCTACA,2915
GGAAGAAATATTGGTA,2915
ATATTCTCGAAATGGG,2914
CCCAAAATGCATCTAA,2914
GTCACAGAACGTTGGT,2914
AAGGCCCGGGGCCACC,2913
AATTCCTGAAAAGCAA,2913
ATATTAAGTAGAGAAG,2913
CTATGGCAAGGTTTTA,2913
GAAGAGCGAAAAACCA,2913
TCCACGAGAAATGGTC,2913
TTGAGAGCAGGCTCAA,2912
AGCGGACAGAAACAAA,2911
CAGGCCTGATAATCCT,2911
AGATAATCGGACAAAT,2910
CAGTCTGACTTCACAA,2910
GAAACCAAGTGAGGCG,2910
CGTAAACACATGGGGG,2909
GGTCTCATATGTGAAG,2909
ATCATCGATATTGGGG,2908
GAGAAATGGAGTGATC,2908
GATGGATGAAAATATG,2908
GCTTTACTCACTGGAT,2907
TTTGGACGAGGGACAG,2907
CTATGAAACTAAGAAA,2906
CACTGGCTGTCCAAGA,2905
AGTATCCTCTAATCGT,2904
CTAAACATGCCAAAAC,2904
GGAAATCCAAAAGCTC,2904
TCGTCTGTTAGAACTA,2903
TTATAAAAATGATTAA,2903
CCACCAAGGCAATACC,2902
CTCACTCAACGCCCAG,2902
CAATAACAGAGTACGA,2901
CGAAAGGTTCAGCCGT,2901
CCGACCAATGCAGCTA,2900
GACGTTTTCCGTTTGG,2900
ATGACGGATTCTGTAG,2899
GTTATGCGGGCCCAAC,2899
AGACCGAACAACACGT,2897
GGTAGGGTTATACTCA,2897
CTTACGCACTCAGAGG,2896
AGGTAGTTCGACTTAG,2895
ATTATTTGACATGTGA,2895
GCAAAGAGACCTTACC,2895
AAACTTACTGCTCAAC,2894
AAGTGAACATCATGAT,2894
AATCCCACAGTCTGAG,2894
ATAGCAGATGCTACAT,2894
CTTGATATGACGCCCC,2894
TAATGTATGAGCCTTA,2894
TAGGAGCATTAAATGA,2893
ACCAGAATACTCTCTT,2892
AGATAAGAACTTTTTA,2892
CAGGACGCTCGCCAGG,2892
CCTGAATCCGACTCAA,2892
GAAAGGGGCGAGGATT,2892
TGAGGACAAACACCAT,2892
CTCAAATTGGGTAGAT,2891
GATTAGGGGAGACAAG,2891
AATGTCTTGCACACTA,2890
CAGTAAGAGAACCTAT,2890
GACCCACTGTATTTAA,2890
GTACAGGAAAGCATGA,2890
AGAACGGGTTGTCCTA,2889
CCACTCTTGACAAAAG,2889
CGCCAAAGTGTATTGA,2889
GAGAAACGAGGAATAA,2888
TTCGACAAAATAATGA,2888
AATAAACCCAGGGATC,2886
ATCGGGAATGACTAAC,2886
CAGATACAACATACAT,2886
CTAGATACTTCAAAAT,2886
GGGAAAGTAAAGCAAG,2886
TAACTGCTGGGACTAG,2886
TCAGGAAAATGATTTA,2886
TGACAGTGGGGATCGA,2886
ATTTTCGACACGTACA,2884
CCGATCAGGTTGGTTG,2884
ACCTACCAAGGAATAA,2883
AGTGCTTTTCATGAAT,2883
GACTGCGAAGCTGTAC,2883
CCCACTACAAGACGAG,2882
GACCACTCGAATCCGA,2882
TTTCCACGACAACGTG,2881
ACTCCCGTTAACGAGG,2880
GTCACAGTTTTATAGT,2880
GGGTTGCCGGAACATT,2878
CACCAACGTAAGACTA,2876
CGAATTAGTTTTGTCA,2876
CTTTGGTCCCCGAGGG,2876
TGACTATTAGGAGTTA,2876
TTAGCTTGGCCGCCCG,2875
AAAACAACATAGAAGA,2874
AACTGTTCTTCATATA,2874
AGGATCATAGGCCGAT,2874
ATGTGAAGTGACCAGG,2873
CTGTCCAATTATGTCA,2872
CTTGACGCAACCGGGA,2872
TAATGAGCTATAAGTA,2872
AGCTTGATATTCATAA,2871
GGTTACCAGTGGTCGG,2871
GTGTTGGACTAACCCA,2871
TCGTTGATATTGGCCT,2871
GTAATATAACATACAT,2870
CGTCCAGTTAGAAATT,2869
GCACCCCACCCACCTG,2869
TAATCATGAGAAACAC,2869
TTATAGTATAGCAAAG,2869
ACCAAAACTGGAGCAA,2868
TTCTATAGCCATTGTC,2868
ACAAATCACCTATGGA,2867
CACAAATTTTAATCAA,2867
AGAGGAAGGTAAAATA,2866
GAAGCCAGCATTTCGC,2866
GTGAGCAATTGTCGAA,2866
AGACTAATTGCGGGTA,2864
CGGCCCCCGTATAATA,2863
TCATATGAAATAGCAT,2863
TGATAGAACGGGTAGT,2862
CGTCGATAGTAAACAA,2861
ATTAGATAATTATAAA,2860
TGGTGTGACTACATAG,2860
AAACACGTATTGTAGT,2859
AGAGATACCGGTGCAA,2859
AAATTAAACTCTGGCA,2858
ACAGATCACTAGAAAA,2858
CAGGAGAGAACGGTAA,2858
CTTGCGGCAATATAAA,2858
GACAGACCTAAATTAA,2858
TATACCGTGAGAACAA,2858
TTACAAAACTACCCAC,2858
ATATACATGTACACAG,2857
ATTACGCGCCATCCAA,2857
CGAGTACAATTTACAA,2857
GATTCTGATTTTGAAA,2857
GTAGAGGCCTCCACAG,2857
GGATAAAAGAATGTTG,2856
TTTTGTGGTAACCTAG,2856
AAAGAAGAAACCCACA,2855
CATATGCATGGATCAA,2855
GGCCTACCTGACCATT,2855
ACAGAGTTTATTACGT,2854
CACTGATATGGACCGA,2854
TCGCTGGGTGATACCT,2854
AAAATCAGTGGTCAAC,2853
TACCGACATTCAAATG,2853
TCTACCACAGTGGTTC,2853
TTAAGTTAACGCCAGA,2852
CAACATTGACAGTTGG,2851
CACCCCTACCGGGGGA,2851
ATGCTAGAATGACATA,2849
TAACGGCTCTGAAATA,2849
TGGAACCCCGAATGAT,2849
AATCAAACAGGAAACT,2848
GCTTAGTTTAGACCTT,2847
TCCTACTGAACTTCGG,2847
ACGTTTTATCACCATA,2846
GAATATAGACCCCAAT,2845
CTTCCATATAATCGGT,2843
GGGCAAGATAAGACCA,2843
TTGCAGACGCACTGTT,2843
GTTGGACTAATTGTAT,2842
GTCCTAAACTATATCG,2841
TCGCAAATATCAAAGC,2841
AGTTCCAATATTAGTT,2839
CCCCTTTTAGACTAAT,2839
TAATGCGACGCTTACA,2839
CAGTAAAAGCCGGTTG,2838
TAAAAAAGCAACCCTA,2838
AAACACTAAGCACTCA,2837
AAATGGGGAGAGGCGA,2837
ATCACTTTTATTATAA,2837
TGCCCTGCATATAATA,2837
TTATAGATTGATGTTC,2837
ATTTACGATCCTCACC,2836
CCGGGAGTCTTGCAGA,2836
GCGTTACCATTGGAGG,2836
ACCATTATTAGCTAAC,2834
AGGATTCCTGCACTCG,2833
TCCAAGTGTACATCGT,2832
TGTGAAGTCAACTAGG,2832
ACCCAACTCTACTCAA,2831
GACGTACCGTATGCGT,2831
AGCGGGCTTTTAACTA,2830
GAGGGGCGCCAGTACA,2830
GAGGGCCACGATATCA,2829
TAAGGGCCGCATCTAG,2829
TAGCCAGGTCACCTCA,2829
TGCGGCCCGGACGCGC,2829
TAAATGGGAAGTCAAG,2828
AGCATATGGTACAATG,2827
TTCTAGCTCTCTTCAC,2827
AGAATGTAATTATTCA,2826
AATCGAATACTGAAAC,2825
CACAAAAAGTGAGGGA,2824
CCCTTACGGCTAACTA,2824
GTGCTCTAAGTCAAAG,2824
TACTCCAGTGAATTGA,2824
TGCCCTAACCACTAGT,2824
TGTATACATAACACAA,2824
TTTCACACCGTCAAAT,2823
ACCAGCGCCTTACACA,2822
CCCTGTGTAGCACATA,2822
TACCACCCTGTTTTAA,2822
AAGTGTCTCAAACTTA,2821
AATTACAGGGCTTACT,2821
ACTAATAAGCCTGCGG,2821
ACTGATACGTATAGAG,2820
CAAAATAAAATAAGGA,2820
GAAAGGCTCAATATAT,2818
GCTGCCCTGCCTATAA,2818
TGCTGTATTCCTGAAA,2817
TTACTTCCATAAATTA,2817
ACATGAATCGCAAACA,2816
AAATGAATATTAATCT,2815
ATGCCCGGTCCGCCCC,2815
GGTCATTTTTAGGTCT,2815
TATTTACCCCATACAA,2815
ATGGAACTCGGCAGGG,2814
CAAGTACTCGGAGATA,2814
CTATTAGCAGGATTAA,2814
TTCAATAGCGAACCAA,2814
ACAATAAGTACTTGAA,2813
CCGCCTGCTCGGGAAG,2813
CGGAAGTGTATGCTGA,2813
CGGAGCAAATGCTCCA,2813
GAGAGCCGAAATCATG,2813
TGACAACAAAGGCTCA,2813
CTTAGTCTCCCTTTAT,2812
TCCACACTCCAGCAAT,2812
TTCTCACCACGATACT,2812
CAAAAAAGCATAGTTC,2811
CGCGAGGGCGGCATAA,2811
AGCATACTGAAGTCAA,2810
AACATAGGGACTCATG,2809
CTTGTCTTCGGCAACT,2809
AAGTCACTTACCCCAG,2808
AGAGCAAAGTCGATGA,2808
AGCGGGTACTGTTTTT,2808
AAGATGCCTGAAAGAA,2807
TCAAGAGGCCCTAGTA,2807
TGCAACATAATGGGAC,2806
CTAACCTCCAATGATA,2805
GACCTCTAAAACCCTC,2805
TAACGCCTCAGCTGAA,2805
ACTGGGTTAATGAAAG,2804
GGGAAAGGGGGGGAGA,2804
CAATCGTTCGTTGCAA,2803
TGTCCGCTCAATTACA,2803
AATAGGGGGTTTATCT,2802
ACCGTGAAATTTATAT,2802
CTTTTCGGGTAGCTAA,2801
GGAATCCCTCGATAAA,2801
TGGAATAATATTCAGT,2801
ATGAACTTGACCTCGT,2800
CAATATCTATCCCCTA,2800
ACGGTAACTCAATAAA,2799
CCACATCGAAGGATTG,2798
CCCTAATCAGAGACAG,2798
CTAATGAAATACCCAA,2797
GGTAAAGAACTCTGCT,2797
TCCTAAAGAATTATAA,2797
TTATATGTTTACGAGA,2797
CCCCACCAATTAAGAA,2796
CTTTAGCCCACTTTAG,2796
GATCGTGACAAAAGGT,2796
ATGTCTATTCTGACGA,2795
GTCAACCGCTTGATGG,2795
CCAAAAGAGGATGTCC,2794
CCACACCTGATCCTTG,2794
AGTACCAGTGATATCA,2793
ATACGATGCATTGGTA,2793
GGAACGGAGCTATTTA,2793
TCACATCTGATAATAA,2793
ACAGGAATTCTAGATT,2791
ATCGATTTTAAGACAA,2791
ATCGCTAGGATAGCGC,2791
GATCTAGTAACCGGGC,2791
GGAAATAATATAAGTC,2791
AATAAAACCAACAGCT,2790
GATCCGCCGGTTTACA,2790
AACAGAGAGTTCTAGT,2789
TTTCCCCTCTGCTTGA,2789
GATGATGATAAGGTTA,2788
TTAAACTCCAAATGGG,2788
AACCCCAATTGTATAA,2787
CACAGGGACGTGGGAG,2787
AATATCATACTCCTGA,2786
AACCAGTGGAGCTAAT,2785
AGCAAAGCCGAGCGTT,2785
AGGGGTGTGTAATAGG,2785
ATAGAAATAGGCATTT,2785
CACCCCCAGACACCTA,2785
CGCCGACCAATTACAT,2785
CTAAGACTACATAAAA,2784
GCTGGTACAAATATAA,2784
CACGCCTTAAACGGGT,2783
TGAATTTGCCCACTCT,2782
AACTTACAGTCAAAAC,2781
AATTATCAAAGCAAGG,2781
ACGTTATATAGACGAA,2781
CGATCAGATGACATAA,2781
CAGATGGGGGAACTAA,2780
CATATGTAAAACCCCA,2780
GATTAAAAACAACCAT,2780
TCTTTTACTGTGTGCG,2780
AAAATAGATAACTAAA,2779
AAGAACCATGTTGGAA,2779
ATCGAAGCGGCATGAA,2779
CAAACTGTCCTACAGA,2779
GTTTCTCTTCACCTAC,2779
AGATCGCGATGCAAAC,2778
CCAACAGCAGTAGAAC,2778
TAAAGGAGTGAACGTT,2778
AAGACATAGATAACAT,2777
GTAAAAGTTAAATCAG,2777
GTATGGCGACCAGGTA,2777
TTCCCGGACATAAGTA,2777
TTGAAACGAGAAGTAC,2777
ATTAAACAGGAGCAAC,2775
GTAATGGAAGAGTGTA,2775
ATAAAAAAACCGGTAC,2773
ACTTCTAATAACGAGA,2772
CGCAGCTAGATGAGGT,2772
GGTATCCACTGTGTCA,2772
TCTCCCGCTAGCATAA,2772
TGATTCAGACGAACCC,2772
AGTTATATAGCGACGA,2770
GGAGGAGTACACCCAA,2770
TACGCCATAAGACTGG,2770
AAGCCAAGTAGATACA,2769
ACAACGTCATAAAACA,2768
CGTAACATCGTTTCAC,2768
GCTCGAAACATCGAGG,2768
AAAAGTTACTCATAAG,2767
GCAAACGAGTGTGTGG,2767
GCGAGAACGCTGCGTT,2767
GTTGTCAAGCATCTTA,2767
TTTCCCTGTCCAAAAT,2766
CACCTGTTTAGACCAG,2765
TTTCTTCCTATAGCCA,2765
ACTAAAACGCTGAAAG,2764
AGCCAACACCGGGAGA,2764
ATGGGAGGACGCGGGA,2764
CACTATAGTCAAAAAT,2764
CTTACAAGCAAGATAA,2764
ACGGGTCACATGCCAA,2763
ACTCAAGAACCTATCG,2763
AGGACAAGAATTAAAT,2763
CCTGCAAGAAGCGTAA,2763
CACATTAAACCGGTAG,2762
ACTCACGAGGTGATAG,2761
ATCTGATGTGACAGGG,2761
GCAGTTAATATATCGC,2761
GAAACAATGAGTATAC,2760
TCTTTTGAGTATGCTA,2760
AACAAAGTGATACTTA,2759
GACACAATACTTAAAT,2759
CTCCCGAATGTCGTGA,2758
TTGGGAATCTTTAGAT,2756
CCCCTTTAACCTCGAG,2755
TAGGCATACTATGCCA,2755
AGATGACCGTAAGTCA,2753
TAAATCTTCAACTTAA,2753
CTTCTCAACTGCCCCA,2752
GTGGCCCTTCAACGAG,2751
TGCTTCCCCGCATAAA,2751
CTATCCCGGTCGACCC,2750
AACACTAATTGAAACG,2749
AGTTACTATAGATCCA,2749
TCACGCATACTTCGAA,2749
TTAGTCTGCCTCGTGA,2749
CACATTAGTAACAAAA,2748
AACCACAGAGTGATGT,2747
ACAACTGCCTCGGCAT,2747
CAGGCCGATTTGACTA,2747
CGCCATGCCTGGACAG,2747
TACCGCCACAAGTCAG,2747
GTGGGTGTCCCCTTTT,2746
AGGGCGGGGAGGATAG,2745
ATACCCCATCCCCCCA,2745
CTGCGAATAAGCCATA,2744
AGACACTTACTAACTT,2743
GATCAATATAACAGGG,2743
TAGCCCATCACGCTCA,2743
AAATGCAGTAAACACA,2741
ACACAGGGGTAGATAC,2741
ACAGCCTAGGCCACAC,2741
AGTCGCGGGGGCGTGA,2741
TCCGTGAATGCCTCAA,2741
AATTTACCATCCAGAA,2740
CGTTGTTGAAAAAAAA,2740
GAACAAGAGCTAATAA,2740
TGACAGTAGAGACCTA,2740
GCGTGTATGTTCTCCT,2738
GTAAAGGAATAAGATA,2738
TTGCGCACGCGAGTAT,2738
AGTTGAGCTAATCTGG,2737
AATATCAGGGGCTGAT,2736
CTGGTACTGAAGCTGT,2736
GAAAACCAGTTAGTGA,2736
TGAGGAGATAAGAGAT,2736
AAGATACGATAATTAA,2735
TAACATTCGGCTAAAG,2735
ATGATAAGGTAGGGAT,2733
ATTGAGCATGACGCCA,2732
CCTCCGAAAAGATGAT,2732
GATGAGGAGCGTGTAG,2732
GGAGCCCCATAGCAAA,2732
CGCAATACCGTAATGA,2731
CTAGTACCTGATAGGT,2731
GACGATAAACGGAAAG,2731
TGCACATAGAAAAGAA,2731
CACAGTTTCCGTAGAC,2730
TTGCGTAGGGGCGAAT,2730
AGCGTTCCCCAGGTGG,2729
AGCGATCTTTACGGGT,2728
ATCCCAAACGATCCAT,2728
TAGACTGGATAAGTAG,2728
CCCAATAAACATACCC,2726
GGTGCCCAACCATAGA,2726
TAAATCATAATATTAA,2726
TGAATAAGGAAGAGAC,2726
GACACAAAACGGTGAA,2725
GTAGCCCTCTCCGAAT,2725
AATGATGTTTGTGATA,2724
TACTAAAAAATGCTGT,2723
ATATTGCAACTTATTT,2722
GTACCTCAGTCGCTAA,2722
TAAGAAAAGTAAAGGT,2722
ACTTTATACCCGGTAG,2721
AGATATAATGCTGGAG,2721
GCCAGCTGTTGCAACT,2721
CGTTGTGAACGGTGGC,2720
AAGGAAGACTTGGAGA,2719
CCGCTGAATGGATGAA,2719
GTGATCTTGGAGACAT,2719
ACTGAAAATACCGAAA,2718
CCTTGAGATATGTTAC,2718
CTACCCAAAGCTTATA,2718
GCATAAACGATTCAAC,2718
TAGAGTAGCAGCTTTA,2718
TTTTTAGATCTCTACA,2718
AAGCAATATGGAAACT,2717
GGCCACTAGAGCCCAC,2717
TCACTGTGAAATCGTA,2717
GCTTCCAACCCGAAGA,2716
GTAAGCGATTCCATCA,2716
ATAAGGCATCTGCCAG,2715
TAGTTTCGGAACATAA,2715
CCTGTCAGGCAGGAGC,2714
AGATAACAAAAAGCAA,2713
ATTGCCGAATCAGCGA,2713
AGAAATTCACCCTCAA,2712
CAGTAGCCACCGTATG,2712
CCCAATCATTGAACTA,2712
GAGTTTAAGGAGATTA,2712
GGTAATTAAAACGCAA,2712
TAGGATTTATACTTAA,2712
TCAATAGAGCACCTTG,2712
AAGACTCACCGTATTA,2711
ATCCTGAAAGACTCAT,2711
ACGCCCACCCCTGCTG,2710
ACGTAAAGCATGCTTA,2710
GAGGGCTAGACCCCAT,2710
GATAGAGCTGTCTGAA,2710
ATGGTAAACTGAGAAA,2709
AGAAAATGTCTCTGAA,2708
AGAGATTTCTCATCCA,2708
CCGTAAACTGTTGCGA,2708
GTGTCGATATTCATTA,2708
TCCCATTGGAGTCATA,2708
TCTAAACCAAGTGAAA,2708
AAAAATAACGATCTAG,2707
ACAAAAATCCCATAGA,2707
ACGAGATGCTTCCCAG,2707
AGTTTAATCTGGAAAA,2707
TATAGTAGATATTACA,2707
TCGAATCGCCACCCTA,2707
TTCATAATTAAATAGA,2707
GAAAGATTGTACGCTA,2706
TACGATCACATCCATA,2706
CGATGTCGGTAGTTAA,2705
GAATACCGTAATTTAA,2705
GATGCCCACGCAGTAT,2705
TAAACTTTCTAATACA,2705
AGTTTGGATATGCATA,2704
AAACCCTTTACGTGGA,2703
GGTGCCTACGTGGCCA,2703
AAATACCATACTTACA,2702
ATTACGCGGACTATGG,2702
TCATTGGTCACTTACT,2702
TGATTATCACGACAAA,2702
AATCTTGCGTAGAAAA,2701
ATCGGCTTGACTAAGA,2701
GACGCCGGCTTCTAGG,2700
TGTAGCTAGATTTCAT,2700
TTAATATTTTGTCCAG,2700
ACGTGGCGAACAAGAT,2699
AGGTCAAGTCTTATTT,2699
CAACATATGTACCTTC,2698
AATGAAGACATCGAGG,2697
CATACAAGTAATACAT,2697
CTGTCACCCGTAGTAT,2697
GACTTAGAAAGCTGGA,2697
AATTTGGGTTTCAACA,2695
GATACCTTACCGACAA,2695
TTCGCATACAAAATGA,2695
AACCCCGGTGAACAGT,2694
AAGGACATATAAATTT,2694
CGAAATATTTGGAATA,2694
CTATCACCAGACCGAC,2694
TCCCAAAAAGGTCACC,2694
ATAAAGGCCTGTCACG,2693
CATAAGTGAACCAAAT,2693
ACAAATTGGTACATAA,2692
GCTACCCTTGCCACAG,2692
TTCGGTAGTGATATTA,2692
AATGAATTCGCCAATG,2691
ATATCACACAAACTTA,2691
CACCGACCTAGGAAAA,2691
GGACGCCCCGCGATAC,2691
TGGTGAAACGACTTGT,2691
AAGCAATGCGATTCTA,2689
CTTACACGTAAACCAA,2689
ACAAAAAATTATCGAA,2688
GTAGGATTAGCTCCGT,2688
TGAATGTCCAAATTTG,2688
AGCGAAGGGGAACATA,2687
AAAGAGTAACGTGAAT,2686
GCTACTTAGACGAGGG,2686
CGCTACGGCCGATGAT,2685
GCAGTGAATAATTGGA,2685
GGAGTCACTCAAATCG,2685
ATAAGGAGAGTAGCTG,2684
CGGCAACTAAACGGTA,2683
TGAATCGTCGGACCGC,2683
GACTGCAGTTATCAAA,2682
GTGGGACCCAATGAGA,2682
TAACCGAACAAGCAAA,2682
TGAATCAAGCATACAC,2682
ACACGCTCTAGGCGCC,2681
CAATGAGCAGCTTACT,2681
CAGTTACTCAGGACAA,2680
GCTCGATTCAAGTATA,2680
TCCTATTTGGAGATGG,2679
TGTGATCGGAATGACC,2679
CACTTATAGATAGTTA,2678
CCAGGGAACAGATACT,2678
GCCAGGAAATGTATTA,2678
GGACCAAAACATATAA,2678
AATAACGAAACCACCT,2677
AATAGGGATAGCATAA,2677
CAAGGCATTGCCACTC,2677
TGTCATAACTGACAAA,2677
CACGCGGATTTGAACA,2676
GGAATACTGCCGCAAA,2676
ATGTGCCATAACTTAA,2675
CGGGTACTGTCGGAAA,2675
CTAGCGAATTCTAGTG,2675
CTCTTTTCATAACCAG,2675
GTTCATTGCTTTCTAA,2675
CAACCGAGGGGGAATT,2674
CCTCAAAGAACTGGTT,2674
GTGAGAAAGGAGTCGA,2674
TCGAAAAGCTCTAAAA,2674
CAATATATAAGAATAA,2673
CCCGAACAACCCAGAA,2673
CAAATCTAAAATATAA,2672
AACTGTTACTGCGCTC,2671
ATCAACAACGACACGG,2671
TGGATACTCCCATGGT,2671
AACCACCAAATAGGAA,2670
ATAAACAACAACATGA,2669
ATGAGGCCAGACAAAT,2668
CTGAATAATACTAGGA,2668
GTATTGCGAAGCGTGG,2668
TATCGGCGACCCCAGA,2668
CAGTCATATCGTCCCT,2667
TTCTATATAGGGGCTT,2667
GAATCAGAAGCCTACC,2666
ACGTCCATACGCGAAT,2665
CCTAGTATAGAGGGCC,2665
TGGAGCAGGATAGGTA,2665
TAGACTGATGCTGCTA,2664
TCAAAGTAATTGGCTA,2664
TTGTGAAACCGTCCAT,2664
CAAGGTTAGACAGAAG,2663
GAAAACAATCGTTTAA,2663
GCCTCACATCAATATA,2663
CGCTAGTAGTTCATAC,2661
CTAAATGAATTAATGA,2661
CTCTTACTACCATGCG,2661
AGAACCCACCAAGTGA,2660
CCTAAGCGAATTGGGA,2660
CGAAATTGGGGTATAG,2660
CGTGGCAAAACAACCA,2660
ACATTTTATTATCAAA,2658
CATTACAAGGCGATAC,2658
GCAAAGTCCTAGTGCA,2658
CTGCGCGTTCTCTTGT,2657
TAATTGCTTTGCTCTC,2657
CATGGCCCTATTAGGT,2656
CGCCGGGCAAACGCGA,2656
CTCATTCGAAGGTCAA,2656
GTTCGTGTTCTCACAA,2656
TCTATCCCGATAGAGA,2656
AAAATATTTTAACACT,2655
ACAACGCTGGGACACT,2655
GACATTCACTGGTGTT,2655
TGTGGATGTTGTGTGT,2655
ACAGATAAAGCCCGAA,2654
GGCTAGCTAAGGATTA,2654
TACAGGAATAAAAAGG,2654
AAGGCGCGGATTAAGT,2653
CCTAAATCGACTCCTT,2653
GGACCAAATAAATTAA,2653
CGAATGCGCTATCTTC,2652
CTCCTTGTACTCGAAG,2652
GCCTATCACGAGAAAC,2652
CTACTGCAAGAGAGGT,2651
GGTTTCTGACTCTGGA,2651
TGCGAGATTACGTGCG,2651
TGTTAGTCTACATGAT,2651
CTTTATGACATGGTAG,2650
TACACACTAGAAATTG,2650
TTAACATGGCTAGTGT,2650
ACCTCGCGGTATTTAT,2649
CACTTAAACAGTGCCT,2649
TATTCATAAAACAGAC,2649
AAAAATGTGTTGCAGA,2648
AAGTAACAACTACGAC,2648
GCAGACTAAATGACAG,2648
TTCACGGTACAATATA,2648
AAAGATCCAGCATAAC,2647
TTCTTTCGTTTTGCCT,2647
AAGTAATTACTCATGG,2646
GATGGTCGTGGTGCAA,2646
ACGAATGAGGATTGGG,2645
GTACCTGGTGATTTGA,2645
TAGGTGAGGCAGAACA,2645
CGCAGAGGCAGAAACT,2643
GAATATCCAACAAGGG,2643
GCCGAATGTCCCGGGA,2643
GTCCTGAACTCTAACA,2643
GTGTTATTTCCCTATA,2643
CCCTCAGATTCGCCTC,2642
CTATTTGGCCGTAAAT,2642
GACGTCAAATTGTGAG,2642
TAACTCTAGCTGAATA,2642
TATGGTGAAGCCAGAC,2641
TTAAATTTAGAATAAA,2641
AAGCTATGGCGATCGG,2640
CACCTCATTTACCTGT,2640
GGAATAGCCGTAATGA,2639
AGTGAACCTGGGAAGG,2638
GTACTGTGATTGACTA,2638
AACGGATGTAAGATAG,2637
CTACCTTTTGCCGAGT,2637
TATCAGCTTCCTTGAG,2637
ATAGCAAATATCGAGA,2636
ATTCGTATGAGGATAT,2636
TCCCACAAGGACGCAA,2635
CGAAATGCCTGACCAA,2634
AAATTCCGTGGAAAAA,2633
ATAATACGCACGGAAA,2633
TAAATCCTCCGGACGG,2633
TGAGCGCAGAAAATGT,2633
ATTTTTGGAATCGGCG,2632
CCACATCTTGTTCTTA,2632
TGAGTCATGGAGTAAA,2632
CATCCAAAGGCATGTT,2631
GTACAAGATACCATAA,2631
TTGATCACAAAAGGTA,2631
CACGTACGAGTGACTG,2630
GCAATGGTCAAACAAT,2630
TTGTAACTCAAACATA,2630
AAGACATAATGGATAA,2629
GACCCTAAATCATAAT,2629
GCCCCAAACTTCCATG,2627
ATCGAAACTTAAAGAA,2626
GTAATACAGTACGTTG,2626
TTAAAAGACGCTACAT,2626
ATAGCGGACGAGAAAC,2625
CATCTCAATGTTTCGC,2625
GGTGTTTGGATGCGTA,2625
AGAACACCCTTAGAAT,2623
CATAGGTCTTTTCCAA,2622
GGGAATTTGAGAACGA,2622
GGTTAGGGTAAAATGA,2622
AATTTAATAGTTGACA,2621
TATAACGAACAGAGGC,2621
GGTTATTCCGTTTGCG,2620
GTCCAACCAGAACTAT,2620
AGATCAAATCACAATT,2619
ATCCTGGATTTAAGTT,2619
CTGAAGAAGGTAAAAA,2619
TCAACGGATATCTTTA,2619
AACAAAGTTAAAAAAG,2618
CCCGAAAAGCACCCGT,2618
CTAAACACGCGAAAAA,2618
GATAAGATAGGGCACT,2618
TAAATATCATCAGGAT,2618
TAATTATAGAACACGT,2618
CTCACAAGTCTATATT,2616
ACTCGAATACTTGGTT,2615
TTTCTGTACGAATGTA,2615
GAAGTTAGAGACTCCT,2614
GCTAGCATTCGGCAAA,2613
GTTCCTAGTAGAATGA,2613
TACTCCGTGCCCAGAA,2612
GGCGCAATGTTTTCCA,2611
ATTAACAAGCCAGCCT,2610
CGCGGAATAAACGTAA,2610
CTGAGCTGGGGCTGGG,2610
TGAAAACCGTTGGGAT,2610
TGATAGAAATAGTTAT,2610
GAGCTCATCTGAATAA,2609
AACTGAAATATGTATA,2607
ACGGGATAGTATCTGA,2607
CGTGGGCTACACATTA,2607
GTCTGACAAGCGTAGG,2607
GTTTCTAAATATTAAG,2606
ATCGAGAAAGAAACTG,2605
ACCCTTAATAACAAAC,2604
AACGTCACTTTTTGCT,2603
ATTAAAGTTCTCGTAG,2603
CGTTACGATTCGTAAC,2603
GGTTTTGGATCTGTTA,2603
GGAATCTACCCAACTT,2602
TAGTCCTTTTAATGTT,2602
GTTTTCAAATGATAAT,2601
ACCGGCAAAGTGATTA,2600
AGGGAAGAAACTAAAA,2600
CAATTACTAAAAACGA,2600
GTTCCACGAATCATTG,2599
TATCGGCTAACAGGTA,2599
AAAAAGAAACGAGGTG,2598
GGCGTCGAGCCGTATA,2598
TCATAAAAAGTGGATG,2598
TTGAGAGATGAATGGG,2598
ACAAGATGACCCGATA,2597
TCGCGAGGTGAAATAT,2597
ACCTATGACATTGAAT,2596
AGTAGTACTTAATTGA,2596
ACCAACAGATACGTGG,2594
GAAATTAGTTCTATGA,2594
GGACATTATGTCAGAA,2594
ACACGGATAGCGGTGG,2593
AGATAAATGACGAAAA,2593
CTGGGACAAGGAATTT,2593
AACGGAAAGTCGCATC,2592
ACTTAAGATAGATAAA,2592
GGTTAAAAATTAAGGA,2592
AAGAGAGATGAGCGAT,2591
CTTCCTATAGGCCTCA,2591
CCTGCCACCGGTGACA,2590
CTCACACCAGACACAC,2590
GACTTCTCTTTGTGAT,2590
TGCGCTATTACGTATA,2590
ATGACGAGTAGCTAAT,2589
TGATAAGCAATTAGAG,2587
AGGGACCTTATTGTGG,2586
ATATAGGAGAAGTTGA,2586
GTTATTAAGCAAGCAT,2586
ACACCGCCACCCAGGA,2585
CGTCAAATTCTTATTA,2585
CATACATTAGATTCCA,2584
TATTTTTGGGTAGAAT,2584
TGCCTTGCCTGCACCA,2584
GTAGAATTAGCTTACA,2583
TGCTGAAGTATATCGA,2583
CTAAAACCACGAAGAT,2582
GAAACCTCACAGGCAA,2582
TAGCGCGCAGTAAACA,2582
AAGCTAGGGAACTTAG,2581
ACTTAAGGCAAGCTAG,2581
TCGCCAGTTGAAAAAA,2581
ACAAGACAACTTAAGA,2580
ACCCTTAGGGAACTGT,2580
CCTAAACCTCTAAACC,2580
TCAAACTTGATATGAT,2580
CAGTGAACATTATCCA,2579
CGCTATCTGCAAGTTA,2579
TAGTCCAAGCACAGAA,2579
TCACGTAACGTACTGA,2579
TGCTAAGGTCCACTGA,2579
TTCGGTCATAACACAA,2579
TTGGATATTCTGTTAG,2579
CCACCCAGATGGCTTT,2578
CCTAATACTAAATACA,2578
GAACTAAAACTATTAT,2578
GGTACGAATCCAAACG,2578
TATCGGTCAATATAAG,2578
TTGCGGACAGAATCGT,2578
CCCGATCTTAACTAGA,2577
GATATAGCCCGCGCTT,2577
GTATTCCCGAACCCAT,2577
AAATGCGCGGAGATGA,2576
GTTAGTACACTATGTA,2576
TCCAAGCACTATCGGA,2576
TTCTAATATTGTCCAA,2576
AGCATATACTTACCAG,2575
ATAAGAACTTGCTTTT,2575
CCCACCGCCAATATGA,2575
GCCCCAACGGTCCCAT,2575
TCCGATAGTATAAAAA,2575
TGTAACTTAGTCATAA,2575
TTTAAGGCGCTGCTCA,2575
CCTCACCTCATTCCTT,2574
AGAATGCTATTGTCCA,2573
CAGCAGATCGGGCCTC,2573
ACAGAGCATTACCAAG,2571
CATTTGACATCGCATT,2571
CTGATTGTCTAATCGT,2571
GAGTCTAACTGGATAC,2570
CCAGATACAATTTTGA,2569
AAACTGCGTTTCGCAA,2568
ATACTAAAAGACATAA,2568
TAGTCACAAAGGACTA,2568
TGTGGCTCACGTACTC,2568
CCGTAGACGTATTGAC,2567
CTAGGATAGACCCAGA,2567
TATAACGTGCGACAAC,2567
GCTTAGGAATACAACA,2566
TATATCAGAGTGGCCA,2565
TTGGTCCGGTGATAAC,2565
AATATTGCCACCAAAG,2564
CACAATAGTCAGCCTG,2564
CATTAAAATGCGACAC,2564
CGACTTCGTATAAAGA,2564
CGGTGCAGACTATAGC,2564
ATAGCGCCACAGTCTG,2563
ATCTCATAGTTCAGGG,2563
GTTTGCATTGCTGTTT,2563
TTTTTATATACCCAAG,2563
ACAATCCACCTTTACT,2561
CTTTGATTCCATATTA,2561
TTTAAGAACTTCCATA,2561
AACTCTAACATTTAGA,2560
AGGACCAAAACTATAG,2560
TCCAAGGTATACCCTA,2560
AAAAACAGATTGGAGT,2559
TCACCATTCCCTGAAT,2559
AGCAAATTAATTTTAG,2558
AGCAACCCTGTATTTA,2558
GACGGTCTAGATGTCT,2558
AAACTGAAAAAAAAAA,2557
CCCCGCCTGACCTATC,2557
TGTAGAACTCAGAAAT,2557
CAGAAGACGCTTTAAA,2556
GACATGCTATTGTATA,2556
ACGAGAACCCACAACA,2555
GGTATACATCATTTGT,2555
GTTGCGATTAAGTGAG,2555
AAATGGCGGGGACATA,2554
GATAAGAATGAGTGAT,2554
GATCTATTCAAAAAAT,2554
TGAGCCATAAGCACGG,2554
TGCGCACGTGCAATAG,2554
GAGCGCACGACCGAAA,2553
ATCGTTCATACATATA,2552
CGTAGCAAATGGCAGT,2552
CGTATAATATGGTGGT,2552
GCTACTCCTGTCTTCA,2552
ACTACAAACAGAATAG,2551
GTAGGAGGGTTGGAAC,2551
GAATGGAAACGTGTGT,2550
TAGTGAGAGGAAATCT,2550
TCGCGGTTGTGCACAG,2550
ACTTAAGACGTTGGAT,2549
CGTGCAAAACTCAGAG,2549
CTCACCATCTTGTCTA,2549
TTTTATGACCATTGGG,2549
CGAATGCCACAAGCAG,2548
GATATAAAAGACGATA,2548
GGCTACTTTAAAGAAA,2548
TGAATAGTAGGCGGAG,2548
CAATAAACCCTCGGGT,2547
TCCAACAACAGACAAG,2547
AAGCTCAGCAAGGGAA,2546
ACTGCCCGTTGCAAAA,2546
ACCTGGCAGTTGACAA,2545
ATGAATAAAATTATGG,2545
GCCCACTTGACAGGAA,2545
TTACGTCAGCAACACA,2545
AAGCAAACTAGGACAG,2544
ATTTGCATACTTTTAT,2544
CACACGAACTGTAAAA,2544
CATCAACTGTCGCCAT,2544
GAAAACAGATCACTGT,2544
GCATCAACCTGAAATA,2544
ACAGGTGAAACTGGGC,2543
GTATCGTGAGCTAGGG,2543
TGTGATATCACGTCAT,2543
TTTCCGTTTTCCTTCA,2543
ATGAGAACGCAATTCG,2542
AAATACTCAATGTTCG,2541
ATAGTCATCGCATAAT,2541
TAAAGCAACGTCGCAA,2541
ATATATCGAAGTATAT,2540
GTTCGATATTGTAGAG,2540
TACCACAGCGTCCCGC,2540
ACGTGCTAGAAACAAA,2537
CCAGTTCCGACTAGGA,2537
CTGTTCTCGACCTAGT,2537
AATTCCTAACCTGTAG,2536
CGGCCAATGGACATCA,2535
TCGACCTATAGAACAT,2535
AATTAGGGACATACAT,2534
ACCCCCTGTTCCGGAT,2534
CTTTCTATAATAGTAA,2534
GCAGAGTTACCAAAAA,2534
TAACTAAGAAGGGTCC,2534
AAAATGACTCCATATG,2533
AGATTTCATAGGTGAA,2533
CAGGACAGCGGAATAT,2533
GATGACGGTGAAATCG,2533
AGGATTGGCGCGACGA,2532
ACATTCGGAGTAATAC,2531
GCTGCGTTTCCGTACT,2531
ATGCATCAAAATACAG,2530
CACTATATCGAATAGT,2530
CGTTTGGCGGTTTTTG,2530
GGGTGGGGTGCCTGAA,2530
CAGGTCAATCCGTTGA,2529
ATATGCGCTGTCCTTA,2528
CTAAATCCTACGCCAT,2527
ATCTGACTAACATATC,2526
GGAGGGTGAAGAAGAA,2526
GGGCAGCCGCGTTTGA,2526
AAAAAAAACCGAATAC,2525
ACAGACATTGAGAATG,2525
ACTCACGTGGTTATAG,2525
GAACGTACTCAAGTAA,2525
AAGACAAATGTATGGA,2524
AGACGGCATACGAATA,2524
AGATTACAATAACGGA,2524
TAGCATTTTAACACGA,2524
TAGTTAATCTATTAAG,2524
TTTAACAAATGGAATT,2524
AAGAGAGTACTAGTAG,2523
CTGTAGCTTAATGCAC,2523
GCCAGACTTGCCCCCT,2523
CCACTCGTACTGGCAA,2522
ACATGAGTTTGTTCCT,2521
CTACATGACAAATCAC,2521
AACCTAACACCGGCGG,2520
AGAACACACTAGCAAT,2520
AGATTTTCAATATTGA,2520
ATTAATCATTGAAGAA,2519
TGCTAACCAACCCAGA,2518
AATAAGTCTTGCAGTA,2517
ATGGCGCCGACTTTCA,2517
ATCCATCTAATAATAA,2516
GAAAGGGCTCTTCAAT,2516
TAACGCTTCGAAAAAT,2516
AAGTAGCTAATTGGAG,2515
CCAACGATGGGGCTTA,2515
CCATATAGGACCTCTA,2515
GAACGAGGTTGTGACC,2515
TGCAAATGGAACAAAA,2515
GCCCCACCACGAAATA,2514
TAGCAAGTCTAATCAG,2514
TCCGAAAGTCTTTCGG,2514
TTTCCTATGTTCTGAC,2514
GACGGATTAAATCCTT,2513
ATGGCCTACATCGGTA,2512
GACGCAGAAGGCCCTG,2511
TGTACTTGTTCTATTT,2511
ACGACTGTGTTCGCAC,2510
CATGGCCTTATATAAG,2510
CCTTGCGAAATAGTTA,2510
GATGTGACCTCCATAA,2510
GGTGTTCTCCCAGTAT,2510
GTAACCTTAGCGGTGA,2510
ACACTAAGTAAGATTA,2509
ATGGAATCATGAATAC,2509
GAAGCGAAAGTTGTGC,2509
TAAAACTACTAGTCCG,2509
AAAGAACGTAACGACA,2508
AAATACGATTCCCAAA,2508
ACAAGTTATTGCGCTT,2508
CAAAACCCCTACTAGA,2508
TATATGAGTTAGATTA,2508
AGGAGGCGAAACGCCT,2507
CAATAAAGTGAGCAAG,2507
AAAAAAGTTCGGGGAA,2506
ACGACACGTAAATGGG,2506
GAAAGCTTGATCCCCC,2506
TCGACAGTGAGCTATG,2506
GAGCGAGTTTAACAGA,2505
GGATGCGGAAAGATAG,2505
CAGTTTTGACCTGAGA,2504
CATTCGCTACCCTTCT,2504
CGCGGAACTAACCAAA,2504
CTAATAGAACTGAAGA,2504
GACATGAAAGTAGTTA,2504
GTTAATGTATGGAAAA,2504
ATGAGCATACTGCACT,2503
CAGCGCCAAACGCATT,2503
AGCGCCGACGGGGGAT,2502
CAACACTGCTTAAAAG,2502
CAGTGGACACATTGGA,2502
TAAAATATTGTGTTCA,2502
AGGTTTTGTAAAGACA,2501
AGTGCGTTAACGCAGA,2501
TAATAACATAAGTAAA,2501
AACATGCTTACCTGTC,2500
ACCATGGGCCCCAGAG,2500
ACAACAAATGATAAGA,2498
CCGTAGTGATGTAGGA,2497
GCCGCAGTCATCCAGA,2497
GTGCAACCTATATAGA,2497
TAGCAATAGTAAAAAA,2497
TGCCATATATGGAATG,2497
AAAGTCTCCTAGTCAG,2495
AATACATTAAAACAAT,2495
GTGAGGTCTATCGAGC,2495
ACGATTAGCGAGCTTA,2494
TAAACCCATGATCCGA,2494
TCCTAGCCCGAGAAAA,2494
TTACGCTTATCAGCAG,2494
AAAGTAGGCCGGTCAA,2493
CCAGTCCTGAGATGTA,2493
GCGGGCACGAAGTACC,2493
TACCCCCCTAATCCAT,2493
TCAACTTATGCGTTAG,2493
ATTGACGATCTTGAAA,2492
AGTTAACTAGGGTGAG,2491
GAACCACGTAGACTAG,2491
GTAGATAGGGCGATGG,2491
AGAGCCGAAACGATCG,2490
CTGCTTGAGCGTGCTA,2490
CTTCCGGGCGGAGCAA,2490
GTAGGGTTGCTTAGAG,2490
TATTAAATCGGTAAGC,2490
GCAAAACTGTTCGCAA,2489
GTGCACCGCGATCTAG,2489
ATAACCGAATAAGAGC,2488
CCTGCGGGACATGGTT,2488
GACCTAAACGACAAAT,2488
GTCCCGAGGCTAAGGC,2488
TCGAGCAGTATGACCA,2488
ATGCACCGACAGTGAT,2487
CATTAAAGATGGGTAG,2487
GAAGCTGTGGGGGTTA,2487
TAGTCGGATAGGCAAA,2487
TGAAGCAAATTACATA,2487
GACTAGACAAACATGA,2486
GTTGTGCTGCGGTAAT,2486
AGGCAGGGAGTACTAT,2485
GGCTAGGTACGCGAAG,2485
TGGTCTATGGGTGTTA,2485
AAAACGACAGCACAGC,2484
TTTGCAGAGACAACCG,2484
TTGACGCCCATGGGAT,2483
ATAGTTAACAAGGCAT,2482
CATGACACTTTTTATT,2482
CTACAACACAACTTCA,2482
GACAATAAACTCACTA,2482
GGTTTCAAGCTGAAGC,2482
TCGAAGCTGGACGTGA,2482
AACAAGAGGAAAGGGT,2481
GAATATGTGGAGTGAT,2480
TCTGTGAAAGGCTGAC,2480
TGAATAAGTCAGCATT,2480
GGAAGGAACTATCCAA,2479
AGTGGAGACTCGCAAA,2478
GTGGAACGTATTCGAT,2478
TACCGGAATGAAAATA,2478
TTTGAAAAAGCTAGAG,2478
ATCCAAATGGGAACTA,2477
CTTTTTTGATTAGCCC,2477
AAAACAAGGATTCCCA,2476
AAGTATTATATTCAGA,2476
CACCTCGTGACACCAA,2476
CCATCCTATGCCCTAA,2476
TAGATAAATGGATAAA,2476
CATGAGCAAAGGGACC,2475
CAGGCTCCCATTTCAT,2473
GAGAGTAGAAGATATG,2473
TTAAAATAATCCCTGG,2473
ACACTGAGACCTATAT,2472
CCGAACTACGCGTTAA,2472
GATAAGGGGTATGCAA,2472
TTGACATAAATGGGAG,2472
TGTACGCAGTCTTATA,2471
GTAAGGATTATCAGGG,2469
AAGGCCGAACAGTTAA,2468
CGGCGGGCTGACCCAA,2468
GCTAAAATACTCGAGG,2468
TCCATAGAGCAACAGG,2468
TTCCCATTTACAAAAG,2468
CGTACACTATTCACTG,2467
TACTTCAATAACAGAA,2467
CTCCAACACCTAGCAC,2466
AATGACCCGTACCAAA,2464
TATTGACTATCTCTCA,2464
AGATTGACGTTTATCG,2463
TCGGAGAGTGGGAATG,2463
AACGTTTGACAGGCCG,2462
GATAGGAGTTATTCGG,2462
GTTTGTTCATGTGAAA,2462
TTCAGGGACCCACCGC,2462
AAAGCACGCTTATAAT,2461
CCAATAATACAAGAAA,2461
CGATAACCCTACTCAA,2461
GGGAGGCAGGGTAGAA,2461
GTGCAAAGTACCGAAA,2459
ACTCCAGCTAGGGGGG,2458
AGGCAGGGCAGGGAAG,2458
AACATGTCAGCGGTTT,2457
CGTGACCTCGTCGTTA,2457
AAGCTCGAGGCCTCAC,2456
AGTTGTCAACAAAAAG,2455
AAGATGCGATTAGAAT,2453
CACTCTGGCCTTGTAT,2453
CCTAAACAAAATGAAA,2453
ACTTCTGAAAGGCAAA,2452
TAAGTGCTCGCCATAC,2452
TTTAACGAAAAACCCG,2452
ACACTAGCGTTAGCAT,2451
CCCCACTAAGACCGCG,2451
AATGAATCTTAACAAC,2450
AGGCATTCAGGTCAAA,2450
ATTACAGTAAGTACAA,2450
GAAAAATACGGTTTTG,2450
GCGATGAGTCTAGAAT,2450
TTAATAGGGCCGACTA,2450
TACGAATAACAAAAGA,2448
AAATAACACGAATAAA,2447
GCGAACCGAGGACCTA,2447
TTAACTTGGCGCCCAA,2447
AACCACTAGAAACAGA,2446
AATGGTCTGGATATAA,2446
CAATTAGCTCCAGGAA,2446
CCTAAATTGTGGTCTA,2446
AATCAAAGATGAACAT,2445
GAACCTTGTATTTCCT,2445
GAGGAAAACTGCGAAT,2445
GGAACAATCTATTTAA,2445
AGTTAATTCCCTAAGT,2444
CTAAGGATAGTCGTAG,2444
CTAAGTCTGCACGAAG,2444
CAATTAATAAGACTAC,2443
GAGAAAACAACACAAA,2443
GCGCTGACAATGGCTA,2443
GATATTGAAGGAAGAT,2442
GATCCAGAGGAAAAGT,2442
TCAAGTAACCATACGG,2442
ACGAAACCGATTGCGG,2441
AGCGGATCCGAGTCCG,2441
CGCAATGATGCAGAAT,2441
CTGGCCGACTGTTGTT,2441
GCCACATAACTCAGCT,2441
GGGGACCACCAGTCTG,2441
CGCTATTGTGATTCAT,2440
TCAATGTTAAACTAAG,2440
ACTAATAACTGAACTT,2439
TACAATTAACATAAAA,2439
AACAGAATAAACAGAT,2438
AACAGTTGCAACTAAA,2438
ACCTTGAGTGATATAA,2438
AGAGGGATCCTGCGGG,2438
CGTATTAACGCATGAC,2438
CTATGCAACAAAGAGA,2438
GCATTATTAGCATCTA,2438
TCCGTGTAAGGAGCAA,2438
TGGACTCAAATTGACC,2438
AGTGAAGCCCGACAGG,2437
ATTTAATAGATATCTG,2437
CTCATGAGAAAGTATA,2437
TATATACAAGGAGCTG,2437
AATTGAGGCAAGTTAA,2436
ACACTAAGAACAAAGA,2436
GATGTTTCTAGGTGAT,2436
TATGATGAGGGTTTAT,2436
AATTATGCGAATATTT,2435
CAAAGGAATACATGAA,2435
CCTGTACATACCCCAA,2435
ATCAAGCAAGAGCTTT,2434
TATATACTCACTGTAT,2434
ATATAAATTATTTAGA,2433
TCAAAGATGGTCAATA,2433
TTTTTATGTGAAGGGA,2433
AGGACAAAGGGCAAGG,2432
ATAGGTCCCAACCATT,2432
CAAAGATAATGTCGGG,2432
CACTCATTAGAGTAAA,2432
GGAGAACCACTCTTAG,2432
TACTAAAACTATCGAA,2432
TGGGCAAATGCGGTGA,2432
ACTGCTACTTCTCTAA,2431
ATCCCACGCCCGGTGA,2431
CAAAAAAAACCACATA,2431
CAAAGCCACCGTCAAA,2431
TGAGTCAAAGCCGAAT,2431
AATATCACTGGAATCA,2430
TAGAGGAGGAAGCAAA,2430
CTGTCAACTCTCTTGG,2429
TCACGGGGGGGGGAGT,2429
ACGCAAGGCCACTTGT,2428
TACCTTAGACTAGACT,2428
AACTAATTTTAAACCC,2427
AATATTGTCGATCCAA,2427
AATGTTCTCGTCTACT,2427
TGCTCCCAAACCAAGG,2427
TTAATATATAGGACTA,2427
AATAAAATGGCCCAAT,2426
GATCATACCGTAAAGT,2426
TAGCGCTTAAAGTGGG,2426
AAACATGTAAGTAGGT,2425
ACGGTTACTTTGTACA,2425
GAGGCACTCTGAAATA,2425
CCTCGACTAGGAATGG,2424
GGTAATAATACGAAGT,2424
CTCTATAAACTAGAAT,2423
GAAAGTTCAGTGTGGT,2423
ATATTCAAATATTCCA,2422
GACTTAAGCTAATAAG,2422
CAGAGAAGGATTAGAT,2421
AGTGTAAACTGAGAGT,2420
CTATAAAATGTTGCGA,2420
AACATCCTGAGGGTGG,2419
AACTCCAAACGAGCTT,2419
GAGCTAAGACCAAACT,2419
CGATGAGCTCAATAGT,2418
TCATTGAACACAGTAA,2418
AACACCCTGTGGTGGA,2417
CTGTACGTAACTACTA,2417
GTTCGGTCCAAACTAT,2417
AGAATAGCGATAGCTA,2416
AAGATGTATGATTATA,2415
TATTGACATTGAAACA,2415
CGACCACCGTAGCGCT,2414
AGATGTTACCCCTGTA,2413
AGGATAAACCTGAGCG,2413
AAGGCATTAGACATTC,2412
AATGTTAAGGCAGGGA,2412
CCAACCCATAGTAAGG,2412
GAAGCACTTATATTTA,2412
AATTCACGCTTATCCA,2411
AGAAATACTAATCAAG,2411
ATAACTCGCAAGATAA,2409
ATCTATGCAAGAGAAC,2408
CACGGACGATTAGCCA,2408
CCGCTCAGATGTGACA,2408
ACGCACCCAATCCATA,2407
AGGCTCTTTATCCCAT,2407
CAAGCTAGCGATTGCC,2407
CCCAAGGAAGCATATA,2406
CTAAAATGTCAATCAA,2406
TAGAATGATTACAAGC,2406
CCGCACTTAGCATTAG,2405
AACTAGTATAGACAAG,2404
AGAACACACTCGTAGA,2404
TCTAAGAAGGATGCTT,2404
TGAAAGCGCGATCTAA,2402
CAACCCTCGAGACAGG,2401
TTACCCGGGTCTTGGT,2401
CTATAATTGGAAGCAA,2400
CTGCTTGAAAATCCTA,2400
TCCAGTAGTTACCACA,2400
TGTGATGACAATGTAA,2400
ACTAGTGGATTAGATA,2399
GACACCATTATCAAGC,2399
TTAAGCGTTTAGGAAA,2399
TTCTGGTTGAAACAGA,2399
TTGCCGAGCGATTCAG,2399
AGACGAATAGGGTCGT,2398
TCCGTCGACGATGGAA,2398
TCGATTCGCCTTGGAA,2398
ACATAGAACGAGAGGA,2397
TAATCCGTTGGTGAAA,2397
CATCAAATGTGTCTAG,2396
GGGCCGTTGTCAGTCA,2396
TGACAAGCAAGAAGAA,2395
TGATCTTATTCCTCAT,2395
ACTGTGCCGGTTTGTA,2394
ATCCAAGTACGGGAGG,2394
CTCGGCAAAAAACCCC,2394
TACGATACATCGTGTA,2394
ACTGCGGAAGATGGAT,2393
GGTGCGCAAACATACT,2392
GGTGTTGAATTGCCAT,2392
TACCAACAACACTTGG,2392
AGAAACTAAATCATAA,2391
TAGATCGCCATTCGAG,2391
TTATCAACAGAGAACC,2391
AGGCGGGTTCGACCGA,2390
CAGAAGCGGAGGCAGA,2390
TAACGCGACATTTCCA,2390
TTAAAAAATTCCGTAG,2390
GAGGATGTAGATTAAG,2389
GCGCGGGCGCGCGCCA,2389
TAAGCGATCTGTGTGT,2389
TTCTGAATTAGGACAA,2389
CACAAAATATACTATA,2387
CCGTTGGCATATAGGA,2387
TGAGGCTGGAACAGGG,2386
ACCTAACAAGCAAAGT,2385
CTGTTAATCGCTTATT,2385
GTCAACCTCCTTTAGG,2385
TCCTTTAAGGAAGGAC,2385
TTCTTCCCAGCGAGTA,2385
CGAACGGGACGCGAAT,2384
AAACGCTATTTGGATA,2383
GCTGACTCACTCATCA,2382
GTCGGTCTGTTTGCCC,2382
AACGGGTCCAGAATGG,2381
CCTAATATAGAAGAAA,2381
GGGTACCACCTGATCG,2381
TACGAAAACAGGGAGA,2381
TGATATAAACGACCAT,2381
CACTACGTTAGATTTA,2379
GAAAGGGCTCTAACTG,2378
GCAAGAGTCTTCTGAA,2378
GCGTTAAGACATGTTA,2378
AGAAATACCCCCAGGA,2377
CCAACTCACTGAACTG,2377
CTCACATTCCGCAACT,2377
GGGTGAGCGTAAGTGT,2377
TTCGACATAACTGAGG,2377
GAAAGTGGATTAGCCA,2375
GAAGGAGCAAGCAATA,2375
GGCGCACATAGGAAGA,2374
TATTTGTCGTAAGAGA,2374
TGTTTCCGAGCACGGA,2374
AGTGTCCTACCCGGAA,2373
GAACGCAGTAAAAAAA,2373
TCTGAGTGTTTAGTGA,2373
AAGTGTTATGCAGTGA,2372
TCACGGGATATACTTT,2372
TGTACCAGATATATAT,2372
AATATGGTGAGAAACC,2371
ACGAGTGTACTTGTTT,2371
CGCGAGGTGTTCTTCG,2371
AATGTAATACCCACAG,2370
GTACTAATAGAGATGA,2369
TTAAACACCCACGTGT,2369
GATATAGATGGTTAAA,2368
TAATTAAGGACGAGAA,2368
TTGCTAGACCCAAGAT,2368
AAAACGTTAGTGATGT,2367
ATAAATCCAAATTTTA,2367
ATCATTACTCATCAGA,2367
CGAGACATCACATCGG,2367
TAAAGCACCACAAAGA,2367
TCCAGATATACTGTGG,2367
TTGTTGATCCCGTATG,2367
AGATTAGTGGTTCCAT,2365
CCTCCCTAGGACTAAG,2365
CGGCTATCGAATAGAT,2364
GGAGATTGAAGTATTA,2363
GTACAGTAAGAGTAAA,2363
TAGGTTCAAGAAAACA,2363
ACACTCTTTCGTTAAA,2362
ATGAGTGTATATTCGA,2362
GAATCTTCACACCTCA,2362
TAACACAGTTCTTCTC,2362
CGAATGGTCTGCAGCA,2361
AAGAATTCTTATATAT,2360
ACGATCCACAAATACT,2360
CCATTAAAACATGGAC,2360
GATCCATATACGGTTA,2360
GGAAGTTATAACGAGT,2360
TAAACAGGCTCTATAA,2360
TTATTCTAATTAAGAC,2360
AACGACTCAAGCGAGC,2359
GATACCGAAGCTAGGT,2359
AATCCTAATCCACAAT,2358
CACTCCAGACCACTCA,2358
CTATTTATCCACGGGA,2358
GTAAGTTTACAATAAC,2358
TTATAAAGATCGAATA,2358
AGGTTCCGAAGGCTTT,2357
CTCCAGATCTAGGGAC,2357
TGGAACAGAAGCGGAA,2357
TGTATGCATCTCAGGG,2356
AACAAAATGGAAAAAT,2355
ATAGCCCTAAAGGGGC,2355
CATATACTAAACTCAT,2355
CTGTTTAAATTCCCAG,2355
AAAACTATTTGACCAA,2354
CTCAGAAAACGAATAA,2354
GAATTGATACAACGAA,2354
GTCAATCACCTACTGG,2354
TAATAGTTTCCATGGG,2354
TGATTTGTAGTTAAGC,2354
TGGGCTCCAGCGTAAA,2354
GCCTGAAAAGCAGTTT,2353
GTTCGCGAATGAGAAC,2353
CATCTGAACTAATGAA,2352
GACCAAATCCTGGGAG,2352
GCCTATAAGAGAGATG,2352
CATAAAGGATGTCTAA,2351
CGTTAGCCTACAACAT,2351
CCAACCTAATAAAGAA,2350
GATCCGAACAATGTAA,2350
TTACCACGGTTACTTG,2350
AGATGCATACCACCTT,2349
GTAATATATACAGGGA,2347
TCTTTTCCGCCTTGTA,2347
ACGCCCGTGTTCGCAA,2346
GATTCAGGTGTAAACT,2346
GGGACCGTTCTCGTTT,2346
TTTTGAAGGTCCCAAC,2346
AGTTGATTTCATCCAT,2345
GTTATGCCATCTCGCG,2345
GTTTGCATTGGATCGG,2345
TAGCTTATCACAAGAA,2345
CTCAGACAAGACATGA,2343
TAACGTATTTAATATA,2342
AACTCCCAAGAGAGGG,2340
GGACTAAGATCTCAAC,2340
TTTATAATGGCGTTAA,2339
ACTAAACTCCCCCAAG,2338
AAAAGGGGACAAAACA,2337
GCGCTAAGCCTTGCTT,2337
TATTTAACTCAGTTTA,2337
CACACTTGTAATGAGT,2336
GAAAGGCGAATTCAAG,2336
AGTTCACTAATGCCTA,2335
TCACTGGCCTATAAAA,2334
CGGGGGTGTGAGCCTA,2333
TGAATTTACCTGAAGG,2333
GAACTTGAATAGATGC,2332
GATGTCGACTGAACTC,2332
GGCGCGATACAATACA,2332
GGCTTCGCTAACTGCC,2332
TATATAGTATGCATAA,2331
CAAGATACACTACTTA,2330
TATTTCAAGAAACAAA,2329
CCGTCAAAATGTGTAA,2328
GAGTTGGCCTTAATGA,2328
TAATATGACATCCAAT,2328
TATCCACCACGGTGAC,2328
TCGAAAACTTATAAAA,2328
ATAGGCTGTAAAAATA,2327
CTTGCGGCGTAGAAAA,2327
TCACCCTGACGGTTTA,2327
AATAGCGATGGATTAC,2325
AATGGACAAAAGAATA,2325
ACAAATTTGACTGGTC,2325
AGCGGCAGCATTTGAC,2325
GGTGAGAAGACAGAAG,2325
TGTCGAACTATAAGTA,2325
AGACAACAGTACCGAG,2324
ATGTCCTAACCAATCG,2324
ATTATGACAATTGCAA,2324
CGCACTAATGATGTTG,2324
CTGAGAAGCGAGATGA,2324
GAAGCATTCAAACTTG,2324
ACTCATCTCCAGGTGG,2323
TGCTGTAGAGATATGA,2323
TTGAAACCAAGGGAAT,2323
AAGCTACAGTATAGAG,2322
AGACCTCAAAACGAGT,2322
ATATTCGTTGAAACAC,2322
GACTATATGGGAAACC,2322
AAAAAATTCATTTAAA,2321
CAAGCAAGTTTTGCAA,2321
CCGTAATACGAATCCA,2321
TAGGAGCTTAACTTAA,2321
GAGAAGTTCCCCACGA,2320
TGGCCATTGATAGTTA,2320
GCAACGGGCGTATGCA,2319
AAAGCACATAGATCCA,2318
GAAGCCACTTGCTTAC,2318
GCACCCTGATTGCCGA,2318
TCACCCTTGAACAATC,2318
ACAAATTTAAAACCTT,2317
ATTCATTGCAGTTAAT,2317
TTACTTTCGAGATACA,2317
CCGCGAAGAAAGTTCA,2316
TTACATCCACCTTGGG,2316
GCTCGGACGACGACTA,2315
GCAGGTAGCCAGGAAC,2314
GCTTTAGGAAGCACGT,2314
ACGGGCTAACCACCTA,2313
CAAACGCTTGTCTCCA,2313
GACCCCGCACACCATT,2313
GCCGTACCCCACCCCT,2313
GATACATGTAGCAAAA,2312
GGCGTTATAAATCAGG,2312
GGTCGGCATCTAGGAA,2312
AATGAGACTCTCCAGA,2311
AGGAGCAACTGAATAA,2311
GATCCATCCTGAGAGA,2311
GGCAAGCGACGAACAG,2311
TAACTGAAAAACTAAG,2311
CACAAGGTTACGACCG,2310
CACAGAAGCTAGCTAA,2310
GGCCTAGAGGAATAAT,2310
TAATCTGGTGAAAGGG,2310
TTTATCCGACTAGAGT,2310
ACACAGGTACTAGAGG,2309
ATAGCCATTCTATCAC,2309
GTGACCTAGTAAAGGA,2309
TAGAAAGACCATGGAC,2309
TTTGGCACGTCTTCAT,2309
GTGCCATCGAGGGATA,2308
ATAAACTAACAGTGAT,2307
GAAAGAGTACACATAA,2306
GAAGAGACAATAGAAA,2306
GCTAAGAGAATCTATG,2306
GGTTTATTCCTCCTGA,2306
GTAAAACAAAAAGACT,2306
ACACACTATAACCGGT,2305
ACCCACACTATGTCTA,2305
AGCACGACCCATAGAG,2304
AGGGGCACTATAACTT,2304
TTAAAAACGAACCAAG,2304
AAGTCTACACACCAAC,2303
AGGGAAAGATAGGTAA,2303
TTTTTACTCACGCTCT,2301
AAATAAACCAATAATG,2300
CTTGAAGGAAGATTCA,2300
GATCCGTAGCTTTGAA,2300
AGAAGAAATCCACCTT,2299
CCGGATAATATGTAAC,2299
CCAGGCCAAAAAAAAG,2298
GTACGGCCGTACATAA,2297
ATCGGGCATGGCATAC,2296
AATGTATACCTGTGCA,2295
GCCATTGAAACTAGAA,2294
GCTGGACGAACAAGGG,2294
ACTTCAAGCAGTGGGA,2293
CATTATTAGAACATAC,2293
GCACTACCACAAGCGT,2292
CGCAGTCAGAATATGG,2291
GATATAGAGACAATTA,2290
TCGAGAAGCTAATTCA,2290
TGCGTGGTAAGGCAAG,2290
AATGTCACACCGACGA,2289
ATAACAACACTGTGGG,2289
CCCTTAACGTGTTTGG,2289
TGCCAGGAAACACTAA,2289
TTGAATAGTATAGAGA,2289
GAATTAAGTCACGTAG,2288
AAAACTGGAGATTGAA,2286
AAATTTATTAATCTAC,2286
GTCACCGGTATAATGT,2285
AAACTAGTATTACAAC,2284
AGAGGCCATACAAAAT,2283
AGTTTCCTCACCCGGT,2283
CATCAACTGCTAATAG,2283
CCTAGAAAAAACAACA,2283
TCCAGAAACGGTTTCG,2283
ACTACGAACTGTTGAA,2282
CCAGCTAATACTTTAT,2282
TAATTTGCTATCACAG,2282
TTAGAAAAATCAAATT,2282
CGAGCTTCGAAAAAAA,2281
GGAAAATTGCAGGAAT,2281
GGGTACATTCCCCAAC,2281
CGAAAAAATCGCCAGT,2280
TAAATTCAATCAACTA,2280
CGCAAGTAGGAACCGA,2279
TCCACTAAAAGATGAT,2279
ATACGTTTGCACTAAA,2278
CCGATTTCTTTCTAAT,2278
CTATGATTAGGGGTGA,2278
GACCGTAAAACATAAA,2278
GCACAGCAAGCTTTAC,2278
CACCAGTCTTGTACAG,2277
CGAGGGAAACAAGGAT,2277
GGATTTCTTGCCCCAA,2277
ACATGGTAACAAATTG,2276
TGAGACCCGAGGGTAG,2276
ACATTTGATTACTGAA,2275
ATTAGTGTCTCCGGCA,2275
TCTTCAAGATCCGAAA,2275
ACGATCAGGCAATCCA,2274
GCCGCAAAACCATATA,2274
GCTAGATATTGTAAGG,2274
GTACGTAAATAAGGAA,2274
CCTGCTTGACAAGCAG,2272
GGAGTGACAAAATAAC,2272
AACTGGACAGTAGTAA,2271
ATAGACACTTAAACAA,2271
CATTAAAAAGCAGTTA,2271
GGCATAAACGTAAATC,2271
TAACAACTGTGCTTAA,2271
AGTATAGAAATTATAT,2270
ATAACTGATTTCGCAA,2270
GGGGGGAAACGAATTT,2270
TACGGAAAGACTCCGT,2270
AATCCTTGGCTATCTT,2269
ACCACCTTTCGTTTCT,2269
CGCGATAAAGAAACTA,2269
CGGAGGAATCATGAAT,2269
TACGATTTGACGCTGG,2269
TGATAAATCTTGTTAA,2269
AAAAACTATGGATATG,2268
GACCATTAGGGACTGG,2268
ATTAAGAATTGGCCGA,2267
GCACACAGCTTTCACT,2267
GTATATGAACGAAAGT,2267
TTAGAGCTCTCGCCAA,2267
AATAGCAAGACGAATG,2266
AGCGACAGGAAAGATA,2266
CATCTCCAGATGCACT,2266
GTGGCTGGGGGCCTAG,2266
GATGCGACGTAGATCG,2265
GGGCGAAACAAGTTAA,2264
GGTAACACAAATAGAT,2264
TACGAAACGCCACCAG,2264
TGAGTGTCCGGATCTT,2264
TTTGGCACATGGTATA,2264
ATCGCAACTGAATAGC,2263
CCGGGTCACCAACTAA,2263
CGGGGATCACTATTAT,2263
GAACCGAAAAATCTAT,2263
CCCACAAGCCGATAAC,2262
GTAATGACCGCTGTGC,2262
TAATGCAGTTAACGAG,2262
GAAACTAGGAACATAT,2261
TTTAATTGGTTCGTGG,2261
ATCGGCCAGATTGCAA,2259
CGTACCAAAGACATGC,2259
TGAATATCGATTGAGA,2259
GTTTATGTGCCCCAGT,2258
TAGACCGTACTTGTGG,2258
TCTGTATTTTACGCGT,2257
TGGTCTTGATACAAAA,2257
CCAAATAAACCATTGT,2256
CGGCAGGCCCCTAAGT,2256
GAAACTTAGCTAGATA,2256
ACAAAACATTGAAGAC,2255
CAAATTATTCTGAAGA,2254
CCACCGTGAACGTTGA,2254
CCGATGCATATAACTA,2253
CCTTACCCCAGCAGAT,2253
CGAGTGGTCACCGATT,2253
TAAAAGAATCCACAAC,2253
AAATACAGACGTCTTT,2252
CAGTGCAGAGGTTTGG,2252
CGGTGCCACACATCCT,2252
CGTCAGAGAGGTTGAT,2252
CTGAAGTAGAGTTACC,2252
ATAGCCTTGGTCAAGT,2251
TCAATGGAGTATCAGT,2250
ATGATCCAACAATCAC,2249
ACCCTATGCCCAATGT,2248
ATCAGATGCCGGGTTA,2248
ATCCGACTCTGACCTA,2248
ATCGGGGCTCGTTAGT,2248
ATCTTTAATGTATAAC,2248
TAAAGTTTCACACTAT,2248
AAATACCCGAGTGATC,2247
CCACTAATAGGGCGCA,2247
CGATAAATCACGATAA,2247
GTTGTAAACACTAGGA,2247
CCAATGACGCTGCCTG,2246
CCCGACCCATGTCTTA,2246
TGAGAAAACACCATGG,2246
CGAAGTGCGTTTATAT,2245
AACCAGAAACAACCAC,2244
AGCCGCCACTACTAAT,2244
CAGATTTTAGAATGGA,2243
CCCAACTGAGCTAAGT,2243
ACATCTTATTGAGAAC,2242
ACTTTCTGCTGCGTGG,2242
AGATGAGAAGAAGACG,2242
ATCCGCTTATAGAATA,2241
CCGTAATAAAGAGAAT,2241
CGGGTCCAGAGTTAAT,2241
ATAATTACCACGAAAT,2240
CACACGAGTCTTGTAA,2240
CTTAAGGTGTAGGCCA,2240
TGGTTAAAACAAAATA,2239
TAACTGTAACGAACGT,2238
TTAATGATTTCCGAGT,2238
ATAGATTATAGTGAGA,2237
CTTAAGAGATAGATGC,2237
GGACAAAACGGGAGGA,2237
TGACACCGCAATATGA,2235
GGTAAATCGAGGGTAT,2234
GTCAACATACCTCCGG,2234
TGCAACAGCCAACACA,2234
AATTAAATAGCAAGAG,2233
CCCGAGCCGGTCCCCG,2233
ATACGTCAGAAACAAT,2232
ATCTGGAGCAACGTGA,2232
ATGCCACAATCCTCAC,2232
GCATCGAGGATTAAAT,2232
GTCAGCACAGTGAGAG,2232
TCGGCCGGTCAGAAGC,2232
AAAGTATGGGGACTAA,2231
AGTAGGCGCACTCCCT,2231
ATAAGCGGCAACGTAT,2231
ATCCACCACAGGAAAC,2231
CGCCCAAGAGACTGTA,2230
CCGATTATAGGTTTAT,2229
GAAAGTCTATCCTTAA,2229
AAATCTATCGCTTAGT,2228
AACTTCTAAAGCGAAG,2228
GTGAAACTGTATACTA,2228
CGACTCACCAAACCGA,2227
TCCCGATAAAAGTTGA,2227
GCAGCTAGAATTCCCT,2225
TCACGACAGTGGCTCA,2225
AGACCAATATGCCAAC,2224
TCAATATTATGATTGA,2224
TCAGTCTATTGAGGTA,2224
ATCATTAAGACGTACT,2223
AAAAAGGTGGGACAGA,2222
CGAATTACCTCTAATA,2222
ACAGACAGTTCTCGCA,2220
CTGTGTGTACCTATAA,2220
GTGCGTCAATAAGCAC,2220
TCTGCACGGAACGGAG,2220
CAACTCAAATGATGAC,2219
CTATAAAATATGTTTG,2219
CTGGGTTAGAAATAAA,2219
TTTTCTCGCAGTCACA,2219
AAGGACTCTACTTCAA,2218
CCAATAACACCGGTGA,2218
GACCGTCTAGGCCAGA,2218
GCGCCTTGTCCCCTGG,2218
GTGAGGGTAATCAACG,2218
GCACCAATTCGAACTA,2217
ATACCAAGACGACAAT,2216
CTAACGAAGAACTTTG,2216
GTAATGAAATACGACT,2216
ACGGCCGAAGAACCTT,2215
CCATTCTCCTGCAGAC,2215
TTCCCGAGTGTAGGTA,2215
ATAAATAAGAGGGAAA,2214
GTACTAATTAGAGTAA,2214
TGTAACCCTGAGCTCA,2214
AACATAAAGTAAGCGA,2213
AACCTACTAGTTCATG,2213
AATTGGAGCGGGCCAC,2213
ACTCGGTAGATTTTGA,2213
CGCAGTCAATAACAAT,2213
ACTAGGCATTATTACT,2212
ATTGGAGCGGAGGGAT,2212
GAACATCGTTTTTAAA,2212
GATGTATGCCAAAAGG,2212
TATAAGATCCGATAAT,2212
TTGCCGGGGCTAATCG,2212
CTGCACCAACCTCACA,2211
CTGGTGATGTCTCAAT,2211
GTGACCAAGTAAATAA,2211
TCTTGCCATGCCGAGG,2211
ACGACTACCTTTGTAA,2210
GTTAACTACGATGTAT,2210
TAGTAAATGTCCCCAT,2210
AGTTGAGGTCATAGTT,2209
TCAATGCGAAATATGA,2209
CCACGTAAGGAACCTA,2208
CTTACGACGCATTGAG,2208
AAAGTATCAAGTCTAG,2207
GGGTGACTAAGCTTAG,2207
TAGCTATTCGTTGAAA,2207
TTATCGTCGGTGAGTA,2207
AACGAAGGACCGGACC,2206
AGTGCTGACCATCCAA,2206
ATCCAAGTGCATTAGA,2206
CTGGCGTTGGGCCAGA,2206
GCGAAACATACGTAAG,2206
CCTGGCGGGACAATAA,2205
CGTGGTCCAAGGGACT,2205
GAGTAAATAGCGTGGC,2205
TAAACTTAGCGTATAC,2205
TGCCACTGTCTCGTAA,2205
TGTATTTGTGACAGCC,2205
TTTCAGTAGTTGCACT,2205
ACGTTGGATAGGTGGT,2204
CACGAAAAGAAATTAA,2204
CGAGCCAGACCTTGGA,2204
AACATACACCACACGG,2203
ATACACCAGGAAAACA,2203
GTTACCATGGGGATTA,2203
TCTAGACAACCGCATT,2203
CGCAGAGGAAGTGCTG,2202
GCCAGATGTAGGATCT,2202
TTCAGAGACACCTGAT,2202
CCCTCCTGATTAGAGA,2201
CGCCAGTTCGCTCAGA,2201
CTCAGCTGGGATCGTA,2201
TCCAGCCTAATCTAAT,2201
ACTACCTCAGCCCTAG,2200
AAGAGGCGGATCGCTA,2199
GAATATCGGAAGTTAT,2199
GTGGTACCTACTTCGA,2199
AAAAATAGACCCCATT,2198
AACTCAGGATTAACAA,2198
ACCCTTTACGCCCAAG,2198
ATAAACACAGCATACA,2198
TATAGTGCAAAAGGTT,2198
GAACGGAACCAAAAAA,2197
CGAAGCATCACTGGAT,2196
GTCAAGCGGGACCATA,2196
ACATAACGATTCTGAG,2195
AGGGGAATACAGCCTC,2195
ATAATGCGGTCAGCAA,2195
TACTTAGAAGTAAATA,2195
CTAAGATATAGAATAA,2194
GGGTGTTCTGATTATA,2194
AGACGATTTTTGAGAG,2193
ATTTCACGAAATGCAA,2193
CAGCAATACCCTTAGA,2193
CTAATCACGGCCCCGC,2193
GCCCCGTTCATGAGCA,2192
AATGTCCATTAAAACT,2191
AGACCTACAGCCGCAA,2191
ATTTCAGAGAAGTTAC,2191
GCGATACACATACAGA,2191
GTAAGAGTTGATCGCG,2191
GTGGAAAATGACATAG,2191
AATTATCAAAAGGAAA,2189
AGTGCAGTTAAGAAAG,2189
TTTGTCAATCACGTGT,2189
GCCGGGCCTCGATGAA,2188
GCGCGCGAGAACTAAT,2188
ACGATTACGTAACCAT,2187
ACTCCCCCCAAATGGT,2187
GTTAGCAAAGAAGCGA,2187
TTCTACCTAAAGTGAT,2187
GCGCAAGGTCTATACA,2186
TCAGCTAAGAGCGTTA,2186
ATCATGCAGACTAGAA,2185
AAAAGTCCAACAATAT,2184
TTAGACATAATACATA,2184
CCTACGTGGCGCTCAT,2183
AAGGTGGCCTCGGAAT,2182
ATAACGGGCTAAGACA,2182
GAGCTAATTTTCCGTA,2182
GATGGTGGCGCTCCTT,2182
TGGTGCGCCTCAGGAT,2182
AAATGGGCATCTAATA,2181
GTAGATTTAAAACAAT,2180
ACCATGTCCACTCCAA,2179
AGCTAACTTGCATATT,2179
ATTCTTCATTATGGGA,2179
AACCAACTATCCTGTA,2178
AGCGATCTAAAAGATA,2178
GTTTTGCTAATGTGAT,2178
ACAAATAGAGATTGTA,2177
TATATGCACATTTAAT,2177
TCAGTACACATGGGAA,2177
AACGCTTTACATCCAA,2176
AAGCTTCACCTCAGAC,2176
CAAATTGAGGGGGAGG,2176
TTTCACAGCTAATCGG,2176
AAAGCATGTAGTCCAA,2175
ACTGAATGGCACAAAT,2175
CGTATCAAGTATTCTA,2175
AACAATAACGCGTCAA,2174
AACCAAAATCGTTTGT,2174
CTGTGCTGGAGGGGTA,2174
CTTACTAAGCGAGCGG,2174
TTCATCCTAGTAGGAA,2174
GAAACATAGGACGATT,2173
GTAAAGCTAAATTGAA,2173
TTCCGCTCCACAAAGA,2173
AACTGATTATTATTAA,2172
TGCAGAAAGCTATCAG,2172
AAATTTCACCGAACAA,2171
GACCACTCTTACATAA,2171
GACTGCCAGAGTCCGT,2171
AAAGTGTCTCATTTAC,2170
ACCGTGATAGTGTTAA,2170
ATTACTCTATACCTAC,2169
CCCATAACGCGGCTAT,2169
GGCCAACGCGCGGTTA,2169
TGGATAGAAATCCAAT,2169
TTCCGTCACACATAGT,2169
CAGGGTTATACAATAG,2168
CTGCATCCTGAGGAAC,2168
CTTACTGGGGCCCTGT,2167
GCACAAATGGGTACAG,2167
GCTAGCCAATGTCATA,2167
TGACACGATTACGTAT,2167
TTAATTAGTGTCACGT,2167
ACCCTTCATCTATCAT,2166
CATCCATCGTAGATAT,2166
CTATAGTATCAGGTTT,2165
CTGGGGTGCCGTGGGG,2165
GTGGGCTCCAAGGAAG,2165
TGAGTAACCATGTAGA,2165
AAACTCTGCTATGCTT,2164
ACACTGAAGCGATCCA,2164
GATCAAACCAGATAAA,2164
GGATACCAATACGGAC,2164
TCTCAAGTTCAGGCGG,2164
ATAAAAACGTATGATA,2163
CACATAATTGAATGGA,2163
GGCCTAGTAAATCCCA,2163
TTCCGAGTTCACACAA,2163
AGTGTTGACGTCGTTT,2162
CCGCGACAGCCTTAAC,2162
CCTTTCTAGGGCTAGA,2162
GATCAGGACGGGTATA,2162
GTGATAAGGAATCGTA,2161
TAGCCGTCCTGTAAAA,2161
AGTTACCAACGGTCGT,2160
CACCGGCCCATCCATG,2160
GACGACCGCCAAAAAC,2160
ATCATACCCAACTAAG,2159
GAGTCCAATCAACTGA,2159
GTAATACGCACCACGA,2159
AAACCAAGGGTAAACG,2158
AAGTTACTAGTGCAAA,2158
ACAAGACATACGATCG,2158
GCGAATAACTGTAAAC,2158
TGGCACTATTCGTCGA,2158
AGTCTGAAAGAGCGTA,2157
ATGAAGGAAATTGTAA,2157
TCATACGCTGATAATA,2157
ATACACTCCTCGTGGA,2156
GTATTCTACGTCCACC,2156
TAGATTGGGCTATGAC,2156
GCGAGTGGCGCCTTAA,2155
GTTCGAAAAAAGGTAG,2155
TAGGTTAAAATGAGTA,2155
ACATAGTGTGAAACAT,2154
ATGCATCCAAAGATAA,2154
CCCAAAATAATTCATA,2154
TTTATAGAGTTAAAGT,2154
TTTCATACTTTCTTTT,2154
ACATGCCCCGCAAGGG,2153
ATTCCTGATCCCTCCT,2153
CTCATAAAAGGCCAAA,2153
AGAGTGATAACATGAA,2152
AAAGGTTAACAATTTA,2151
AATTTCTAGTTAAAAA,2151
GCGGGATCCTGAAAAT,2151
GGGAGGTCTTGCGTTA,2150
CCTCTCAGCACGTGAT,2149
GAGGAAATTGAGGCGA,2149
CACAATTGAGCAGGGC,2148
CCCTCTGCGGCCCAAA,2146
CTAGCGGCATCCCCAG,2146
GCATAGGGGAAGCCAA,2146
TCCTCGTTTTGCTGAA,2146
AGAGTACTGAAAACCA,2145
ATTGCGCTATGGCAAA,2145
CAGGAGGAACCGTACT,2145
CATTACATGAGTGTCA,2145
CGAAGTAATTGCTGAA,2145
GCGATGTCCCACGTCT,2145
TAGGGTGCACGCTGAG,2145
TAATAGTAATCCCGAC,2144
TGAGTCGAGAGTGTTG,2144
GACTGTGGCGCCTGGA,2143
TCAAGCAGAATTGGGT,2143
ACTTGCAGAGTAACTG,2142
AATCTTATCAGGCTAG,2140
ATCCTGAATGTCAAGA,2140
CCGATAAGATCATCCA,2140
CGATCCTAACACATTA,2140
TAGACTACCAAAAGGG,2140
TCCAACAGCCACATTG,2140
AGTTTGGTGGACTCAG,2139
CATTTCACGCAATAGT,2139
ACAAGGCACTCACATA,2138
GAACAGTAGTGAAGAT,2138
GGCCGTGGGGATTAGT,2138
ATATGGTTAAGGGTTG,2137
CACAAGATATGTCAGT,2137
GGTAGAAAACGAATAA,2137
GTCCATCGCTATTGGT,2137
TTGTAATTATCAATAA,2137
TTTGAACGCCCGTAAA,2137
TAACATACAACCCTAG,2136
GCCCGGCAAGATATAT,2135
ACCGTTCTGATTTAAA,2134
ACTACTAACACTTAAC,2134
ATTGGTTCGAACTAGA,2134
CTAAATTGATCAACAA,2134
GCATTGGGCATCATTA,2134
GGACTTCTGAAACGAG,2134
GGTGATATGTACGTTA,2134
AATGTCTCCGTATACG,2133
CAATAAATTACCCGAG,2133
GGACGCACAAGAAATA,2132
GGGATAATCGAAGTGA,2132
TTCCGCCTCGGTCGAA,2132
AATAAGTCAATGCGAG,2131
CTGCTGAGCAAAGAAT,2130
TAAGACCCGGCCCCAA,2130
TACTAAATACTTTAAT,2130
AACAGTTTGGAGCAGA,2129
AAGTCAATTAGCGTCT,2129
AAAATAGTAGATTGAA,2128
AATATTAGGTCAAGAC,2128
CCTAGTTCGGAACACC,2128
TGTTATGTACACCCTC,2128
AAACCAAGGGGACCAA,2127
CCGGGAAAAACGAGGT,2127
CTTGCCCCCGTAGTGT,2127
GTAATTATTTAAACAA,2127
TGCACACAAAAGTGGG,2127
AATGCGGTGCTCGAAT,2126
TTCATAGGAAGAAACA,2126
CTAATTGGTTTTGTAT,2125
GCCAGTGAGTAAACAT,2125
GGTAGACAGTCGTAAG,2125
GTGAGCAAGGCCTTGC,2125
TTCTAGACCTACCACT,2125
AAAAGGTGCTAAATCT,2124
CTTCAAATTTAATAAG,2124
TCGCAACAAACTCCCA,2124
CCAAGAGGTTCGCGCA,2123
GAAATTCAAAGAATTA,2123
GAAGAGAATTCAACAT,2123
GCGACCCTAAATTTAA,2123
TCCGGGAGGTATGAAC,2123
ATACGTGTAACCATAG,2122
TTAGGAAATACCGTCG,2122
CTTGCTCAAACGACAT,2121
GATACTTCTTGAGTCC,2121
TATGAAACTCAAATAT,2121
TCATGTGTTGACCTTC,2121
CATGGGTTCGACCGAA,2120
GAGGGTACAATCGGGG,2120
AGACATGCGTCAAAAC,2119
ATCGATGAAAGTCTGA,2119
CAATCTTAGGCTGATA,2119
GTTATTGGAAGGAAAG,2119
GATCAGAAAAAAACCA,2118
GGTTGATTGACAAACG,2118
TCTATAACGAACATGT,2118
TTAACATGTCATACCC,2118
ATGCCACGCAGGCGGG,2117
CCAACGAAAATTCGTA,2117
GCTTTCCGAGGCGAGA,2117
TTCCTACATAACCCAC,2117
ATAACTGAACAAAGAG,2116
ATTAATGACCGTCAAC,2116
CCCTGGACGTAAAGAA,2116
GAAGAGACTAAAAGTT,2116
TCCAAAGGAGCTTAGC,2116
CCAAAGGTTGAAGATG,2115
TGACCGGCGATAAAGA,2115
AGACTATTTGGTATTA,2114
GCTTTCATCAACATAG,2114
AACAACAACATGATTG,2113
TTCACTGACTCTATTC,2113
AACTTAACCGATCTAT,2112
CGAGTCCAAGAACGGA,2112
GTTGAAAATAATGGAT,2112
AAACAGCGTGGTTAAG,2111
AAATACGATGTCCAAA,2111
GCTTCGGGCCAGCTAT,2111
CCAAGTCCGTAAATAA,2109
CGGATCGCAAGCTGGA,2109
AGAGCTATGTCTATTA,2108
CAGACCCGGTACGAGA,2108
CAGAGTGCAAGTCACT,2108
CGGCGCCTCCCATAAA,2108
GAGGCTCTACTACACA,2108
TTCATCTCATTAACGA,2108
TTCCTTGTCAAATAAA,2108
TTGGTAACCCACCGTA,2108
AATGCTTTAAATATAA,2107
ATGTCAAATGAGTAAT,2107
ATTTTGATATACTAGA,2107
AATCAAAATTGGTGTA,2106
GAAAAAGGAATTAGGT,2106
GCGGAATTAGAATTGA,2106
AAACATTGCAGTATGA,2105
AGTCGGGGACAGCCGG,2104
GTTAGGAAACTTGGGA,2104
TCTCTAGCGATCGAAC,2104
TCTTATCCTTATTAGG,2103
AAATCATAATTTAAAA,2101
ACTGTACACTAAATTA,2101
CGTTGGTAACCAGACA,2101
AACGGATCACGTGCAG,2100
ACTACTCCTGATGCGA,2100
CCCCCGCAGAATAGAA,2100
CCGCACGATACGACAT,2100
CTACGGGGATGTATGA,2100
ATAATCACGTAAAGGA,2099
CAATGAAGGATTGAGA,2099
AACGTAGTAGACCTAA,2098
GCGGGCAACTCACGTA,2098
AACAAAAATTCACAAA,2097
ACACCTTTTAGCTAGG,2097
AGGAAAGAAGTGACAT,2097
CCAGCATCTCTCATAA,2097
AAGGCGGTTAATCTTT,2096
CGCAATAAGAACAGGA,2096
GGTTAACGAAAAGGAC,2096
GTTCCAAAGCGAGCAG,2096
TTAACCTGAGCTATTA,2096
ACGATAAATAGCCAAT,2095
CGCGTCCGGCGGACTC,2095
TCATCAAGTGGGAGAG,2095
CCAAATTTAGTTTTAT,2094
GAGGAAAGACAGATAT,2094
TGATACCCAGAAAAAG,2094
ATAAAGCTAAGTAACT,2093
ATAAATTAGTCCATAT,2093
TAATAGCTACAAAAGA,2093
TAGCTTTCTACACTTG,2093
TTACCGTGCGTATATT,2093
ATCATCGAGCTTCCCA,2092
ATGTAGCGGAAGAAAG,2092
CAATTGAGCCCCTTAG,2092
GGCCATAGGCAGGAGG,2092
AACGACGCAAATATAA,2091
AGGTGCAAATGGTAGC,2091
TACAAAGAATGGCCAG,2091
TGCTGACAAATTCACA,2091
TTAGTCAGAAGAGTAA,2091
ACCCTGTACACTACCT,2090
ATAAATACATGCGGAT,2090
ATTTACACCCGTAAAG,2090
TATGCGACTCTGTTAG,2090
TGAAAAAACTGGTGAG,2090
AACCAGTAGTTGAGAG,2089
AACTAATGATGCATAA,2089
ATGGGGACCGCGTTAA,2089
GCCTATCCCTTTGAGA,2089
AACTAATGGACCGTAT,2088
AGCTTGCCCACCCTAT,2088
ATAATATTAAAGCGAA,2088
GGCCTACTCATTTGCT,2088
CTATTACACAACCAGG,2087
TAGTACGCGCGAGGGA,2087
TGGATCTTGGACATAA,2087
TTCGCGCAAACGAAGA,2087
AATTATAGAATGCATT,2086
TGAACCACCTGCTTGG,2085
ACTTAAATGAAAACAC,2084
CGCGAAATAGATGAAG,2084
AAAACTCGCGAGATAT,2083
CCGTATATGCTCAAGT,2083
CGATTTTAACAAGAGA,2083
TCAACCCTATGCTTTG,2083
GTAGTACGGCATTAAT,2082
TTGCATTAATCTCACG,2082
ACTCACGTTCCAATAG,2081
ATTGGGCTGTAAAAGG,2081
CAGTACTAAGATACAA,2081
CTCCGACTCTTCTTCT,2081
ACACACAACCGGACTA,2080
ACGTTCCTTGGATTTT,2080
TTGGCAATAAGACCCA,2080
ACATTTGAGCAAAAAA,2079
ACCCTCAGGCATAACA,2079
CTGACAGACCAAATAT,2079
TGACGCGCGAGGAAAG,2079
AATGGATGAAGACCTA,2078
ACTCACAAGCTAAGGG,2078
ATAAAGATCACTCGTT,2078
CAAGTGACAACTGCGC,2078
GAGAATTACTACTTAA,2078
ACTCTCCTACTTGCTA,2077
TCGTACTGGACCAACC,2076
TTTAATCAATCCGAGA,2076
AACACTGAATGCTATT,2075
ATTCTGTAATAATTGT,2075
CGGACTGCAATCCTAC,2075
CTAAAAATAAATACAT,2075
GCAAAAACATACGTGG,2075
GTCCGCCAATAATAGC,2075
CCGGATAATAACTGAA,2074
CGATATTATAAGCGGG,2074
GACCGTATCAGAGGAA,2074
GTAAGAAGACGGAAAA,2074
GAAACAATGAAACCAC,2073
AAAAGGAAGCCCGGAG,2072
CGTGTCAAGTCGCAAG,2072
GCTTGGAATAATTAGA,2072
AAAAACCCAGAGACTA,2071
AATCGCCGACACTGAA,2071
AGCACCTATTCACAAT,2071
GCGACAGTCTGTGTAT,2071
CGAGCAGTATAACAGT,2070
TCTAAAAAGGCGTTTG,2070
CCTTTGTTACCTGGGA,2069
GAAACTCTTGTTCAAA,2069
GAAATCATTGAATAAG,2069
GAACAATCGTCATGTG,2069
GGAACTATGGATGCAG,2069
TTAACTATTAAACGAA,2069
AACCCAAATCATGTGA,2068
CACCAATTCTTCCGTA,2068
CAGACAACCAGAAGAT,2068
ACCGATTATAATTAAC,2067
TATCTAATGGATCAAA,2067
TTTCCGGGACCCGACT,2067
AAACTAGCAGGTGCAC,2066
ACCAGCACGGTCCCTA,2066
CTAATTTCGACAGTTA,2066
GTCCCCTCACCTATAG,2066
GTCCTAAACATGTTGA,2066
CAGAGGTAGTCTTCAT,2065
GCTAGAGCCTTCTCAA,2065
AGAGTCGAAGAGCACT,2064
ATAGGCCACTTGGTTG,2064
CTCATATTACGTTAGT,2064
ACTTACCTATAATAGA,2062
TTAATTAAGAATTAAT,2062
AAGGGCAAAAATCATA,2061
TATGGACAAAGTAGTA,2061
ATCTTTCCTAGACCAA,2060
CCGTTAACAGAGAAAA,2060
GAAGTATATAAGTATT,2059
CTCACCTTACGTGCAC,2058
GCCACCATACATGAGG,2058
GTGAAGGAGAACCAGA,2058
AAGCTAAGGGATGATT,2057
CCCGCTATCTATGCAT,2057
TAAAAGGATAATTATA,2057
AGAACTGGGCGTTCAA,2056
AGATTACTAAACGACC,2056
CAGCAAGTCCCGTGGT,2056
CGGAATGCACAGAAAG,2056
GTAACAGGAATGAAAC,2056
AATGCACCTTAAACAG,2055
ACGCGTGCGGTCTCAA,2055
CATGCACCGCCTGGAC,2055
TTGGGTCGCAGTTAAT,2055
ACAGAACGGAATTCGA,2054
GATTTAATGCCCTAAC,2054
CACATGTTGTTCCTCT,2053
AACCAAAATTTCGTGG,2052
AACTACTAAATGACAC,2052
CATTGGAGAGGTGTAA,2052
CCGAGCAAATTAATGA,2051
CGTCAGACAGCTTCAA,2051
CTACGAGGCAACATTT,2051
AGCCTGTACCTACAAA,2050
AGTAGTATACATGAGA,2050
TACGCCTGTTGATCTT,2050
AACGAGATCGGGACAA,2049
AGTGCCACTTACTCAC,2049
CACTAAGTCCCCAAAC,2048
ATGTTGTTACACAGAG,2047
GAAAAAGTCCCGTAAG,2046
GAGGGGTAATGCCAAG,2046
GCTGGGAAGATTTACC,2046
GTTACAAGTAACAAAA,2046
TATACAAGCTGACACT,2046
AGGCTCTAGAGTTCTA,2045
CCAGACCCATTGTCAT,2045
CCATACGTACAGCGAC,2045
TTCGCAAACACAACAA,2045
AATACTGTATTAACAT,2044
ACCCCTAGTCAATATA,2044
ACCGAATCGATCAATC,2044
ATGCCGTCATGGCGTG,2044
TGAAAGATCAGTATAA,2044
CTAGATGTTAGATGCT,2042
ATACACAAAAGGTCTA,2040
CATACAGAAATTCGAA,2040
CTAGGGACGACCACGA,2040
GAAGTGCAGGATTTCA,2040
AGGCCCCTAAGAGAAA,2039
AGGGAACCGTTAGAAA,2039
AGGTTCATCATGGACA,2039
ATTATACGCCCACAAG,2039
CACGTATGCGAACCTT,2039
CTCCCAACTCCAATAG,2039
TAAAGGTCGTTTTTAA,2039
AGAAAAGTCGAACAGT,2038
ATCGCCCCGAAAGGGT,2038
CTCCGTTGAGGGAGCT,2038
CAAATCTAACCCCTTA,2037
CAATGCCCATAACTGA,2037
TTGGCAAACAAGACTA,2037
ACTCCTGCACGGATCA,2036
ATTCAGCAACACCTTA,2036
GGGGCGTTGCAGTGAT,2036
GTATCAGACCTTTAGA,2036
TACTGTTAACACACAA,2036
TAGAAAAAACTATCAG,2035
ATTCACTTTGAGTTGT,2034
ATTTGCAAGATCCGGA,2034
GAGCTCAAACTAATAT,2034
GCGCATAGGTGACAGT,2034
TAGCGAAACTTGACAG,2034
AGACACTGATATTGAA,2033
ATAAATGAACGAGCAG,2033
CTGTTCCAGTAATGAA,2033
TATCAATAATTCATTA,2033
GAGTTCGGCCTGCATA,2032
TCAAACGTAAAGTAAA,2032
AAAACTGACTTTGAAA,2031
CAGCTACCTGTACCCC,2031
TCATGCGGAAAACTAA,2031
AATTCCCACAGACCTG,2030
AGTTCCTTAAACCAAA,2030
GTACGAGTTCATAGTG,2030
GTCGAGCCCAAGTCTA,2030
AGAATATAGTATTTTC,2029
CCGATCTTCTAAATTG,2029
GGATGGCCACATTTAG,2029
GCCGCAATAGCCTTAA,2028
GTAATGAATAAAATAG,2028
TATCCGTACAATTTAG,2028
CGCTTGCGCCGTCCAA,2027
CGTCAGATAGTACAAA,2027
GACGCCCATATGCAGA,2027
ATACAACGTGACCAAC,2026
CGTAAGATAATAGCAT,2026
GACTGGCCCGTACACA,2026
GAAATAGAGCCTACAA,2025
TGAGTGGCGCAGCACA,2025
AAACATCCATTCACTA,2023
AGATATCGGATCCTTA,2023
ATTAGCTGGGAAACTG,2023
CACCCACCGTACATAA,2023
GAAACTTGGTACCCCA,2023
GCAAGTACAAAGACAT,2023
TTAACGCCGCCTTGGG,2023
TTAGGGATTAATTGAA,2023
GAAATGATCGACCCTA,2022
GCATCGTTTAACACAA,2022
GCCTTAGATATGCCCC,2022
TTATGTGCAGACACCA,2022
ATACCTAACCCTCTAA,2021
GCTAGAAGATACAGCG,2021
GGTCATCTTTCGTACA,2021
ACAACTGAACACTGAT,2020
AGTGTTGAGGGACTGC,2020
GATCCATTGGTTTTTA,2020
TCATAATAATCAAGGG,2020
ACGACGATACCATTGT,2019
AGACGAATCAAACTTT,2019
AAAGCTATACTACACA,2018
ACATTTATTACTTTGA,2017
ACTATAGTAGAAAAAA,2017
GGATTGAGACTTCGAG,2017
AATCATTAGAAGTTTA,2016
ACCAGTTAGGATTAAA,2016
ATGGCCATACGCCCGA,2016
ATTTGCCATCTAAAGG,2016
GCCGTAACCTTCACAA,2016
AAAGTAATACTTATCG,2015
ACAATCAACCAAACAT,2015
GTTCCTCCTAGCGTTA,2015
TTCAGAAATTAACGAT,2015
AGCAGACACCAGACAA,2014
TCGAATAGGGTGTTAT,2014
TGTTATAAAACCTCCA,2014
CAATGGAACTCACCGA,2013
GATGCAGACACAATGT,2013
GGCCTGGACCGCTTGG,2013
TCCGAACAAATGTAGC,2013
TTTGTCATAAGGTACA,2013
AACATCGAATGTGAAT,2012
AATGGGTTCGAGCTGA,2012
CCTGATAAAGTACGTA,2012
GTCGACTCGATGCGAG,2012
GTCTATTAACAGGGAT,2012
AAGGGAACACCAATTA,2011
ATAGACGAGATTAAGA,2011
CAACTACAATTGGTAA,2011
CGCCCTAACAACAATG,2011
TATGGGTGCACACCAA,2011
CTCGTGGTAATAACAG,2010
GACGATATAAGACCCA,2010
GCATACTACGACGTTC,2009
ATCAGCGTAATCGTAA,2008
TGTAGTAAACAATGAA,2008
TAAAAAACAAGTTCGT,2007
TACTGTACACTCCCTG,2007
AGGCTCGCCAAATATG,2006
CATTTATGTACCCAAT,2006
CTACCCATTGACAAGG,2006
ATGGTGAGCCTAAGAA,2005
CCAATTCCTATCTGAG,2005
GTTTTAGTGACTTGAA,2005
AGTGGCGCAACAAGTT,2004
CCAACTTCCTGATGTA,2004
TCGGGTAAGGTTTCAG,2004
CCCGTAGTTGCTGGAT,2003
TACATTACAACACTTA,2003
TACGCCAGTCTACGAT,2003
AGCAAAGATGAACAGG,2002
AAAAGACACAGTCTCT,2001
AACACAAGTAAATACT,2001
GAAAGGTGCTCCACGT,2000
TGTTTAACAATTTCTA,2000
AGTGTCCGAATAGAAA,1999
GCAAAATATTCAGAAT,1999
TCTCCTATATAACTCA,1999
TTCCCACCCTGTTTAC,1999
AATTAAATTACTAACC,1998
AGCGGTTGGAAACAGT,1998
CATAAGAGTCTGCACT,1998
GCTATACCGTCGCATA,1998
GGCAGCTCAAAACCGA,1998
AACGGATGCGAAGAGA,1997
TCGGATTTATTATGAA,1997
ATACGACAGCGCTACA,1995
CATTAGGTAGCCCACA,1995
GAGACAAGTTGTACTA,1995
GATAGAAGCAAATAAA,1995
GGTAGCCATAGATAAT,1995
TGATAGACTCCAGACC,1995
TTTTCCGTAATGAACA,1994
GCCACGCGCGCATGAT,1993
TCAAACCGTAAAACAT,1993
AAGGTTAAAGGAGAGA,1992
CACAGGAAGGACTTGA,1991
CTATGATGGGGTTCGG,1991
GCGTTCAAGAGTCATC,1991
CAGGACTAGTACCAAG,1990
GACGGGCCGCCTTAGG,1990
GGCTGGAACAACAGGA,1990
GAAGTAAAACTTTCGT,1989
GGTTCTCGATAAACGA,1989
TCATGACAGATAGACA,1989
AATATCAGCATTATTA,1988
AAGTTTTCCTGGCTCA,1987
GGATAGCCCTTTACCA,1987
GCTCCGCTGTGCACCC,1986
AACGGTACGCCTGAAC,1985
ATGATAAATACGCATC,1985
GGTTCTCACGGATTAT,1985
AAACTATAAATGACTA,1984
AGGATGCTGTTAGGTA,1984
CACACCAATAGACCGA,1984
GGGGGTCCGGAAAGAA,1984
TCTGAAAAGAGCTCGG,1984
ACAAGTTTGATTGCCT,1983
AGTGCAAACAAGATTA,1983
ATATCTAACAAGAAAT,1983
CATTCTACAGTAAAGG,1983
TCAAAATTGGGAAATG,1983
ACAGTAGCGTTACCAA,1982
GCCGTCTTCACTGTAT,1982
AAAACCACCCGTCACT,1981
AAAGATGTGGCTTATA,1981
CTTTAAGTGGGATAAG,1981
TACATGCTTCTTGGAA,1981
TGTTAATGAGTACAGG,1981
TTAAAAGGACATTACA,1981
AATGTACCACGTTGCT,1980
ATTAGTCAGGTGTGGC,1980
AATACCAATGTCATGT,1979
ACTGACATGCATCTAT,1979
AAACAGACGCTCCCTA,1978
AAACAGCACCCCTACC,1978
ACCGAGATACCGTTAT,1978
CATTGACGTGACGTGT,1978
GCCTGTTCGAAGTCTG,1978
ACGGTGTTTTCCAGCC,1977
ACTTATGCAACCTTGA,1977
CAGTAATGACTCGCAC,1977
CCACAGGAAAGTGCAA,1977
GGATTATATGTAGTTT,1977
TCGAGTGACTCCTTGC,1977
TCCCGTGATGCATGAG,1976
CTTAGCAGGCATGTAT,1975
GCCAAATACCCTTAAG,1975
ACTCGAACTATAATCT,1974
ATGTGGCGAAATGACG,1974
CATCCGTAAAGTGTAA,1974
CGTATTCGCTGTGTGG,1974
TGTCAAGCTTTTGTGA,1974
AAAGCAATTAATCTAT,1973
ATGTCACAGTGAAGGA,1973
CATTGGGTTAAGTAAG,1973
CTGCACATAGATCCTA,1973
CTTCTACCGACATCTA,1973
GATAACCCGTTGGCAT,1973
TATGATGTAGTCTAGA,1973
AAAATGAAAAAATCAG,1972
ACCTTATGTATTTGAA,1972
AGTCCAGAGTACGAAA,1972
GCTATGGCTCCTTAAA,1972
TACCTGGCCAGAAAAT,1972
AACGGCTTTCCGGAGT,1971
AAGCGCGAGGGATGAT,1971
GCAAATGTACAATATA,1971
TGAGCAACCATCGTAT,1971
AGTTATCTAAACAAAT,1970
CAACGGGGCTGCCCTA,1970
TTATGGGCACATATAG,1970
AATATTTAGTCCCGAG,1969
GTTATGGGTGTCATGT,1969
TATGAGGCCAGCGTAG,1969
TATGTAGAAGAGCGAT,1969
AAACATGTCAACCACT,1968
CTCAATAGCTGTCCCT,1968
TCTAAGTCACCCTCCT,1968
AAGATTGTATCCGTAA,1967
AAGCACCGGAATTAAA,1967
ACCGCAGTAATCCTGG,1967
CAACATTTCTGCTAGA,1967
CATCATTTAGATTGGA,1967
CGGACCGTTGGGATAA,1966
GAAACTTATCATGTTT,1966
GGCACACACTAAAGGA,1966
TTTAGCTAGGGTCAGA,1966
TAAGAGAGATGCTAGA,1965
TATGCAAGGAGCTAGA,1965
TGCACCTATCTCGCTG,1965
TGGTTGAGAATCTCGG,1965
ACAAAAATTATGTAAC,1964
CGCGAGATGTAAGATT,1964
AACACTAACCACATAA,1963
CACGGACATACTACAA,1961
CATTTAAAGTCCGCAT,1961
CTAACTGAAAAACACA,1961
CTGAAAAACAATGAGT,1961
TCATATTAGACTTTCA,1961
CAAGGGGATAGGCCTT,1960
TTAATTTTAAGCTCAG,1960
ACAGACCAGACGGGGG,1959
AGGGCACAAATTTTGA,1959
CCCCAGGCGTTACAAT,1959
CGGCCTCTGTAAAGTA,1959
TGAACACAAGTTAAGA,1958
ATCTTAAGGTGATACA,1957
TATAACACCGATAAAG,1956
ACGCAAATGTCTTTAC,1955
AGGATGCTAAGGGCGT,1955
TATAAGCGAAGTTAAA,1955
AAACTGCGAACATAAT,1954
ATGTGCCAACGGTCAA,1954
ATTATACAAAGTCCTT,1954
CCTAATGAATCTGGAC,1954
CTAGTGTGTGGAATGA,1954
TAAAGGAGTATGGGGG,1954
AAACTTAACGCCCATA,1953
CCGTACTAAGGTTAAA,1953
ACCAAAGGGCAAACGA,1952
GAAAGTACCACAATAA,1952
GCGCAGAGAGGATGGA,1952
TTGCACATCCTATAGG,1952
AAGGTGATAGAGATGA,1951
TCTGTACAGTACGTCA,1951
TGCTGGACGTCAATGG,1951
AAGATTAAATCGTTGC,1949
GCCCGTGACGGTTTTA,1949
TGGGACGGGCTCAAAA,1949
CGCTCATCGTTATAGT,1948
TAAAAGAAGACGCTCA,1948
CAAATCACAACTAAGT,1947
TGGTATGTTTGGCCGA,1947
CACCAGGTCGTTATAA,1946
GCACATAGGTTCACAT,1946
GACGGCGGAGTTGTTG,1945
GTGTTACTACTATAAG,1945
ACTGTAAACCCTTGGA,1944
ATATTAGTGAGGCATA,1944
CAATATTAACCAGAGT,1944
CGGGGATCAATATGGC,1944
GGCCCCAACATTACTA,1944
GGGTAACTGTTGGCTA,1944
TCAGCAATATGAACAT,1944
ATATCATTAGGGCACA,1943
CTAAAACTTACATCCA,1943
GTGGCCCATACCTAAT,1943
TTTAGGTGTAACAGAA,1943
GACAAGACGATTTTTT,1942
AAGTGTAATGGTTAAG,1941
CACAAAAGGAAAAAGT,1941
CGAAGATAGTTAAATC,1941
TAATACTAATTCTCAT,1940
AGATAAGCTGTCCAAA,1939
GAGCCACTCCCTGCTT,1939
GCACGGAATGTGCCTA,1939
TCCAACAACCGTAAGG,1939
ACGCTAGCGAACATGA,1938
ACTATCCCAAACCCTA,1938
AGCGAAACACAAAGCG,1938
ATGGAAACCCTTCGGA,1938
AGAGTCCGCCCTCTTA,1937
TAGATAAGCGATGGGC,1937
ATTAAACGACTACCGA,1936
CAAGTTATAGAAACTT,1936
CTCTAAAACAGGACTA,1936
GCATAAGGAACAACTA,1936
TGGTATACGATCAGTA,1936
AATAGTATTTGGTGAA,1935
ACCATCTCGTACCCGC,1935
ACCGAGTCCATCGACG,1935
ACTGAGAAAACCATTA,1935
CTGCTTATTAACAAGA,1935
TTAAATTGCTATCCAT,1935
TTGCCCTATAAAGCTA,1935
ACCGTTATCATCCGAT,1934
CCTCCGAATTCGTCAA,1934
ATAAAAGGAATGCAAT,1933
CATAAAATTTAAGTAT,1933
GTATCAATAGAAGAAA,1933
TCAAATTTACTACAAA,1933
TCAGTCTTACTTTTTA,1933
CATCTCGGTATTACAA,1932
CTTCATTAGCTTGGAT,1932
ATTATTACCAGCAGAA,1931
CACATTGGGCAAGACA,1931
CCTTTGAATACCTCTT,1931
AAGAGGAGTATACCTA,1930
CTAACAGTGTCGATAG,1930
CTTGTAGGCAGCTAGA,1930
GGTGTTCAGTAATGGA,1930
TAGACATACTGAACTT,1930
TATATTGACTTTTCAT,1930
CATCATCGGCCCTTGG,1929
CGCCTCCCAGGGACGT,1929
CTCTAGAGAGAACTAC,1929
GGTAGGGATTGGCCAA,1929
TAGGCTAGCCAGAGTA,1929
TGGCCAGCATACCTAA,1929
TTGCAGGAAGGTTGAG,1929
AGCTCCCCACCTCAAA,1928
CAAGTTGTCATCTTAT,1928
GCTGACAAGAGAACAG,1928
AAACGGTTTAAGCTTA,1927
CTGGTTGTCAGGGTAT,1927
CTTGTTGAACGATTAA,1927
TAGGAAACAAAAGGAA,1927
TAGTTTGGTAGGAACT,1927
CACTTTAGTATATTAG,1926
CGAGATCTGACAGTAT,1926
CTCTTTATCAAAGAGG,1926
GCTTCAGAGGCCGCAG,1926
GGTGCATAGAAGCAGT,1926
TAGCATAATTGGTAAA,1926
AAGTAATGATTGGCAC,1925
GAGAGAGATGTCGGGT,1925
GGACAACATTGAGAAT,1925
TCATGTAACGTTCATA,1925
AAGCACCGTTAAAGAG,1924
TAGTAAAACCGCATGA,1924
CTAGGCATTATTGAAT,1923
CGGAGACAATCTTCGT,1922
GATTCCATATCGGGAG,1922
TTCAACATTCACCTCA,1922
GTGGGAAAGTCGTCTA,1921
TAGCTCAGGTTATGGT,1921
TGTATAATTCCACTAG,1921
TTCTCGAAAAAAGCAA,1921
TTTAAACGACGTCGCT,1921
TACGGCCACGCCAAAA,1920
TCTAGTATCGCGTTGG,1920
TTTGATCGCCCGAAAA,1920
AACGGCTCTTGATTAA,1919
AGTTGGGGAATTTACA,1919
CACTACCCGCACAACA,1919
GAGAGCGTGCATCCAC,1919
TTACCGATGAACCATG,1919
GCAAAGCGAGCGATGT,1918
AAGGAGCAATGTTTGG,1917
ACTCCTGTATTGAAGT,1917
GATATGCCCTCAAAGC,1917
GGGCAAGGGCGTAAGT,1917
TGACAACTACACCCTA,1917
AGTGCAGTTAGGTATA,1916
GTTGGAAACTAGGACC,1916
TATTACGAATCTCATT,1916
TGAAGCCAGGGGAAAA,1916
ACTATAGTTCAGGAAA,1915
ATAGATAAAGTGAAAA,1915
ATCCCTGAGAGAATAG,1915
GGCGCTACGCAACAGA,1915
TAGCTTTTAAACGGAT,1915
TGATAGCATTTTTTAA,1915
AGTATCAATCCATTTA,1913
CATGGATCGTTGGAAT,1913
TAGGAAAAGTAGACGA,1913
TGCACTTTGGAGGATT,1913
TTAAAACATTGACACG,1913
AGACATATGAAAGAAA,1912
CACCAATGGCAGAGTA,1912
GTATTTGTCGATCCGC,1912
TGTTTTTTTTGTTGGA,1912
CGACAGAATTACATCT,1911
AAAAGTTAGTACCAAA,1910
AAGGGTGCCCGAATTG,1910
AAGTGGACAACAGAAG,1910
CAGGCGCGATTTAAAT,1910
CATCAGGACTAGACCA,1910
AGACTAACTGAAAGTT,1909
AGTGAGCTGTCGCTCT,1909
ATGAATAACTTAATGT,1909
CTTACATATATGTGGA,1909
GGTGCGAAACCGGATA,1909
GGTTAGCCAAGAACGG,1908
TTTCACAAGACAACTT,1908
AATACGGCCCTCTGAT,1907
ACTCCACGGGCGTGAT,1907
GATCACTTGAAGTAAG,1907
TACAGCTCTATGCAAT,1907
ATCCTGCTAGAGTAGA,1906
CGGTATAAGAACGTGT,1906
GTGCACACCGAAATAA,1906
TAAGGTGGGGTAAGCC,1906
TGCAGCGACTCAGAAC,1906
CAAGCCTTCTGAGAAA,1905
TATAAATGAAACGATA,1905
AAAGAAATCTACTTTA,1904
CGTGATGACCTACAAA,1904
GAACCAACTGAAGATG,1903
GGTATCACGGGATGCC,1903
AACACGACTCGGCCAA,1901
CGATTGCTAAGTTTAT,1901
TATACTAGGGGTTAAA,1901
ACCCACGTAAAAATTT,1899
CCTAATAATCTAAACT,1898
TAAAAGAGTTACAGAT,1898
AATTAAAAGAGAACCC,1897
ACGATAGCTATTCCAA,1897
AGCCTCGCGATCGAAA,1897
GTCGAACCATAGACAT,1897
TACGAAGGTTTAGAAA,1897
GATCGCCCGTTTGAAA,1896
TCGAAATTTTACCCTT,1896
TGCAAGAGCCATAGGA,1896
TTCTTAGTACACCTAA,1896
AAGCACGAACTCTTCA,1895
AATGCACTATGATATG,1895
AGACAATCCTGTAGGA,1895
GAAAACCTCTTGACGA,1895
GCGTGACGAACTAGGG,1895
AAACTCGCACTCCACA,1894
AGCAAACTCTAAAGAA,1894
AGGCTTGAGCTGATAA,1894
CAGCTTTGCGGGGGGG,1894
GAGATAAATTAGTACA,1894
TACTTAGACAAGGAAG,1894
CTACATTGACTTTTAC,1893
GTGGGTATCAACAAGA,1893
TTGAAATCGAGTCTAA,1893
AATGATAAACACAATA,1892
ACGCATTAAGAGATTT,1891
AGGGTCCACAGGTAGA,1891
ATATAATGAATTACAC,1891
ATTCATAATCAAAACA,1891
GGAACCTTATGAAGAA,1890
TAAACAGTGGTTAAAA,1890
TGAGAGAGCGCACTAA,1890
AACGGCAGCATTGGAT,1889
ACCCTACCCAATCAGA,1889
ATTTATCAAAATCATT,1889
CCACGTGACGCTCGTA,1889
GGCCATAAAACAGGTA,1889
GTGCACCGCTTCCCCA,1888
TGGTATCTAAAAAAAA,1888
AAAATACTCCGCGATG,1887
CACTATACCACGCACA,1887
CTCTTTACGACCAATT,1887
GCCAGGGCCGTGGGAA,1887
TTAAAAGCAAATATGG,1887
ACAAAAGCTACTTGGA,1886
CACCAGGGAGGAGTAA,1886
GCATGCTGGAAGTAAA,1886
TGTCAATTAGATGGCC,1886
ACGGGTTAGATAAATA,1885
ATAAGTGGGAAAGTTA,1885
GTTCGAACAAAATATA,1885
TAGAAACACTGAGGAA,1885
TAGACGCCCAAATGTT,1885
TTACCTGACATCATCG,1885
CAAGAAATACAGATCA,1884
AACGTAGCCAATGCTT,1883
ATGAACCTTGTATGAT,1883
GTACGCAATATAATTA,1883
TAGGGACCAGAAATTA,1883
AGAATAGATGAACGAA,1881
TAAAAGCATGTCAGAT,1881
TGAGTATAACCCTGTA,1881
TGGATTGATTTATTAA,1881
AAAACAATGAACTAAT,1880
AAATATAAAAGATAAG,1880
GAAATCACACAATCTA,1880
TTGTGTTAAATTAGTA,1880
AATACTTAAATAGCTT,1879
GCCCTAACGCCACCAA,1879
AAGAACACACTCGGAT,1878
ATGCACCAACTATAAA,1878
CACATTGTTTAATGAC,1878
CCCTGAAAACTGTAAA,1878
AAGCAACAATAACAAA,1877
AATCGTTAACCATTAT,1877
ACCTCAAGACAGCACA,1877
GACAATACCGCGTTGT,1877
TTCTCATATACTGAGA,1877
TACATTTGCATAATAC,1876
TTGTAAGGATAGTCCA,1876
TTTAACAAGTCTGAAG,1876
TTTTGCGATAACACTT,1876
TCCGGACCCAACTTAT,1875
AATGAATCACAACAAA,1874
ACGTTCTGCGTTTAAT,1874
AGTTTAAAATGCTATT,1874
ATACACTCCCAAATAG,1874
GCCCTACCAGTTGGCA,1874
GTCGAATTGATTCACA,1874
TATTTAATTGTCCAGT,1874
AAGACCAAGCGATATT,1873
CCATTCTACTTATAGA,1873
TAGGACACGATGTATG,1873
TCAAAAAAGAGGGGAT,1873
AACATCAACCAGTAAC,1872
GGAATAGACGCTGTAA,1872
TACGTATAGGAATGAC,1872
ATGGGGACTTAACAGG,1871
TAGACTAATGAACCGA,1871
TCACTGGTTTGTGCAA,1871
AGGATTACAATCATAA,1870
ATAAATATTAACAAAA,1870
GATGTATATGATGAAA,1869
TACGCTAGATCAGGAT,1869
ACGGGCGACCCTTGAC,1868
ATTCTATCAGGAAAAA,1868
GCAAGCCATTGCCAAG,1868
AACATTTATAATCATG,1867
CAACTGGAAAAGGAGG,1867
CTCTCGGATATTAGAT,1867
GCTCTGACAGGCCCTA,1867
ACAACTTCGCTCAAGA,1866
ACGAATAAGCCAACGG,1865
CATGCGCTCTGAAACG,1865
CATTTTAAATTACCGT,1865
GTACTCCAGACATTCT,1865
AAGCTAATGATGAAGG,1864
GAGTATAGGTAGTAAG,1864
TGTTCTTCAAGACCAA,1864
AACGAATACTTGACTA,1862
GAGATTTCCGACGGGA,1862
TAACTGGAATTAGAGA,1861
ACACCTACAATATAGT,1860
TTACGTAAACATAGGT,1860
TTATAAAAGTCGAGGA,1860
AATAAACTAAGACAGT,1859
GTGGAGATAAACCAAT,1859
CTGACAGAGACAAAGG,1858
AACTTTCAAAAGCGCG,1857
AAGAGGATTAAATAGT,1857
ACATGCCCATTCACGC,1857
AGACGTGTGACTCAAA,1857
CTTTATATGCCGGAAT,1856
AACCTTCCTCTCCTAG,1855
AATCACGCCACTTCAA,1855
CGATATATCTAAGTAA,1855
ATAACCATTCAAATAT,1854
GAAAAAGCTATTAGGA,1854
TCATCAACGGTCCAAC,1853
TTTTCCGAGTGGAGGT,1853
ACCCTTTGGACCTCCA,1852
CAGAACTGACGCGATT,1851
CGAAGTGATCCCTAGA,1851
GACGAGGACCATGAAA,1851
TGTGACTAGGATGGTA,1851
ACAGGTGAAATTCTAG,1850
AGCTGAGCTCCCCTGA,1850
ATTGGCCAGGATAGGG,1850
CATAGGAAGATTCAGG,1850
GCGGCATCTTACAAAG,1850
ACCCGGGCGACGCGAT,1849
GAGGGTGTAAAAGAAT,1849
AGTCATCAATTACAAT,1848
ATGGAAATTTAAGGAG,1847
ATTAAACTCGACATGA,1847
CAAAGGCCGGCTAGAT,1847
TCGGGCGTCAGCTTAA,1847
TCTGTATTGCCCCAAA,1847
TGTATTATAACCTTTA,1847
GGAGTACAACTGTAAA,1846
TATATGTAGACGAGGT,1845
ACGTTTAAAATGAGAT,1844
TTCACCTGTAATGAAA,1844
AACGAATTTATGGGTG,1843
ACCAAAGAATATATGT,1843
ACCAGACTTGACCATC,1843
ACCATAAGCTAATTAG,1843
CCAACCGGTAGTTAAA,1843
CTGGCAGGACGTGCCA,1842
GCACAGCATTAGCTGT,1842
TAAACCATGAAAAAAG,1842
TCAATAGATAAAATTG,1842
TGATTCGCTCGTCCAT,1842
ATAGAAAAAGTTGCTA,1840
ATCGATGGCGTATGTG,1840
ATTTCTAGACATAAAA,1840
CCCAACAATCGTTTGA,1840
CCCCTGCGCGATTTCT,1840
TTAAGCTGAAATAGTA,1840
CATTCAATGTTCCCGA,1839
GTGATGAGGGCCCTTG,1839
AGCCCCCCACACGCAA,1838
ATCCGCGGACTTATTA,1838
GCAGGTTTCAATTCAC,1838
TTATAAGGTCAGGAGA,1838
TTGGGCACCCCCCGAC,1837
AAAAACGCGATAGATG,1836
CGTTCGAGACTGCAAA,1836
TTAACTGGGAGTCATT,1836
CACAAACAACTATGAG,1835
CTCGAAGGTTGGAATA,1835
CTGGACAAACAATTAA,1835
GAAAGAACACGAAAAT,1835
TCCTGAGATACTAATC,1835
TCTCACTACCCGCTAA,1835
AGATACATAACCCAAA,1834
CCATGTCACAACAATG,1834
AAAGAACTACTACAAA,1833
ACCGTTACACATGACT,1833
AGAGCCGTTGGGCAAA,1833
CTCCAAACAATTCAAT,1833
ACGCCAGCCAAACCAA,1832
ATATTGCACCTACCCT,1832
ATCAGGCCAACCTGAT,1832
TTAGAAATTCACCAAT,1832
CAATCTAATTGTATTC,1831
GATGAGACCGATTTAT,1831
AACTCAGGGTAGCATT,1830
AATGATCTGCATAGGA,1830
CATGGGCAGTTATGCT,1830
GTAACCGCTGTGAGAC,1830
TACTACGAGTTTCTAT,1830
AGTGCCCAATTGGTAT,1829
CAATAGATAGATGATC,1829
CATCGGTTTGAAACGA,1829
ACCAACCTTTGGCTGC,1828
ATAACCTCGGTAGAAG,1828
GACATGGGAATGCCTA,1828
TGTTAATGTTTTAATA,1828
TTATCTAGCTTTAAAT,1828
ACGCTTGACATTAGAC,1827
ATAAATAAAGCAGGAA,1827
GTTGAAATCCCTTCAA,1827
TGGCAAAAAAACCGAT,1827
TCATTATCTGTCGATT,1826
CGCCACGGTACCTTAG,1825
CTTCTACTCTACCATT,1825
TACGCGCGGCCCCCGT,1825
TCGTTGCGACAGAGAA,1825
TCTTACATGAATTCAA,1825
CCTCTGACGAGTTTAG,1824
GAGTGAGTATGTTCCA,1824
TGAGTTGTACAAAGGA,1824
TTTGCACCAACAATGG,1824
AGGGCTGAAGGCCATA,1823
ATAGCCGCCCATATGT,1823
GCCATTGCATTGGTAT,1823
GCCGAGCTCAAACACA,1823
CACACCCTCCGCCAAC,1822
CTACCGTGCAATATAA,1822
GAAAAATTACAAAAGT,1822
GATGGACAATGGAAAC,1822
CGCCTTTGTATGCATC,1821
AAATCCACCCAAACAA,1820
AACTTCAGGCACTGGG,1820
ACCGTACCAAGAAGAG,1820
TAAATATGGAATTCAC,1820
TAACTAAATCGGACAT,1820
TCAGGAGCGCATACAA,1820
AAGGACGTCATGAGAG,1819
ACGCTGCCGGCAGGAA,1819
ATACTGCTGGCTCCAA,1819
CAGCTGGTCATGCCAG,1819
CCCATCACTTGGGCAC,1819
CGGAAGAAATTGTAAT,1819
TACCCTCTGTAGTAGA,1819
TCGCTAGAAGCAATGG,1819
ACTAGAAAATTATTGG,1818
AGCTGAGGTGGACTAA,1818
CCAACAAATCATTAAG,1818
AATGAACTGCTACAAA,1817
ATCTCTACACATAAGA,1817
GTAGAGGGGGCACATA,1817
ACACATTAATCCCAGT,1816
AGTCGCACAACAAAAA,1816
TCTACTAAGGAATTGA,1816
AGACGCATTAAGTCAG,1815
ATGACAGGATCGGCAC,1815
GCAAATAACATGCTAA,1815
GCTAGAAACGTGTTTT,1815
GCTTTCCCATCGCGAT,1815
CATGGCGCCAATTAAA,1814
GATGTTTATCACGGAT,1814
GTACGCGCTAAAATAG,1813
AAGTCGTACCGCTACA,1812
CAGAATGCCCACTATT,1812
CTGGGAAAGTGGGTGA,1812
GGCCACGGTGTTAGAT,1812
AATGCTCAAAGACCAG,1811
CTAGGAAACTAATACA,1811
CTAGGACGATTCACTT,1811
GAACACTGAAAGAGGA,1811
GAGGAGCCTTAAAAGG,1811
GGTAGCATCCAACCAA,1811
ATGAATCATGACATAA,1810
GTTGAGCTTTAGATAC,1810
AAAATATTACCCTTGA,1808
AATGACAACAACATTA,1808
AGAATAAATAGATGAG,1808
ATAAACTTGATATCGT,1808
ATCTATGCAGGGGACA,1808
GACGAGACATCAAAAA,1808
GCGATATAGTCTTTGG,1808
CATAGTATCGAGCAAT,1807
CTGGCCTCCCACCCTC,1807
TCTCGTCAATCCATAA,1807
GTGTCGCTGTAATGAA,1806
ACGAGTGAATGCGGGA,1805
CACATGACGCTAATTG,1805
TTATGGTCATAGATAG,1805
AACGATGTGTTGCTAA,1804
CCGAGCCAAGGTTTAC,1804
TTCGACACAGATATAG,1804
TTGTGAGCGAAAGCGA,1804
AATAATTCGAATGTGA,1803
TAATAGTGCGTATCTA,1803
AACTGAACTAATCCGA,1802
ACTTACATTATACCCT,1802
CGTCAAAACTGAGAAA,1802
GACGGGACGACGGAGG,1802
GATCAGGTCTGTGTGG,1802
GGGAAGAAACATGACA,1802
ATGTAAATGACCATTT,1801
AACTTCAGGTTTGCCT,1800
CACGGATATCTCGACG,1800
CCTGTCAGAGCCCGAA,1800
CGGGCAACCGGGGAGC,1800
GATCATTACTTCATGT,1799
GTCACAACTTGCGCAT,1799
GTCTAACAAAAGAAAC,1799
TACTCCAAGCCTGGTA,1799
AAAGGGCTTCTATATA,1798
AACACGTCGGACGTTG,1798
CTCATTTGGACAATTT,1798
CTTACTTTCAAAACAT,1798
GGCAGTAAGGAGTAAG,1798
GTTACCTTGTCCTGGA,1798
ATTAAAATTATGCCCA,1797
GTAACGTTTAAGAATA,1797
ATACGACCGGTAGCTT,1796
CGCAATTATAATAAGA,1796
GTCTCCTACTTACAAG,1796
TATGCTTCATACACCA,1796
TGATCCCATCCTCAGT,1796
TGTTCCCTCTTCAGGA,1796
GACCCTGCAACACCGT,1795
AAGAAACCGCCCCCGA,1794
ACCCAGCATGTATCAG,1794
GCAAAACATTAGACTT,1794
GGAAAGAAATTCGATA,1794
ATCATGGTCAATTTTG,1793
CAAACCTAAGCCCATC,1793
CCATACTGTCCCTGAT,1793
CGAAACCGCGAACTAG,1793
GAAGAATACCTGTATC,1793
TATCACATTGACTCAC,1793
TTAGAATATTTCTTGT,1793
TAGTCGTAGCCCCTAT,1792
TTAAGAAGGCACAAGA,1792
AATTATCAATCACATA,1791
CTAACCAGTAATATGT,1791
CGACTGAAAGAATTCA,1790
CTACGCAGTTCGTAAT,1790
GCACACAAGTCTGGAG,1790
GGATAAAGCATGATCA,1790
TTAACCAGGATCGGAA,1790
GTAAGACCATGGAAAA,1789
TATAAAGGACGGAAAA,1789
GAGGCTGCTAAGACTG,1788
AGAGTTTGGGTGGAAA,1787
AGGCATCCAACAAGAT,1787
CGGCACAACGTTGTAT,1787
GCGATTTAAAAATAAG,1787
AAAATTATTCCCTTCA,1786
ATCAAGACGCTAAATG,1786
ATCACTAATCAAAATT,1786
CTCAGCGTTGATCCGA,1786
CTGGCATAATATCAAG,1786
ACATACACACGACAGT,1785
AGGTTCTGTTACTCAA,1785
ATCAGTGGCAAAAACG,1785
CAGCCTACAGCATTAA,1785
GACTAACCAAACAATT,1785
GATAGTCTAACGCTAA,1785
TCATGAGTCGAATGAC,1785
AGATACAGCATCCCTA,1784
AGGGCTACCAAGATAA,1784
AGTACTTTTTACTGAT,1784
AGTAGTCGATAAAGAG,1784
GGAGTGGTGACCTCTA,1784
GTGCTACTTGTCAAGA,1784
TGTAGAAACCTCTGCC,1784
ACTTCACCAACAGTCT,1783
CTAGAGATCTTCCATT,1783
CGTTCATGCTAAATGT,1782
GATGGTGACAGTGGAT,1782
TATCGAGGGTTGTCAA,1782
TCATACAACCTCAGCT,1782
TGCAGGTTGGGAGTAA,1781
TGGGGGGGAGTGAAGA,1781
GTTGCGGAGATAAGAT,1780
TAATGGAAAAGGCCAC,1780
TACTGGACGAGGTTAG,1780
TTCTACGGTGCCAAGG,1780
AAATGATAAAAAGAGT,1779
GGAATCCACATCAAAT,1779
TAATCATCAGACTATA,1779
TAGGGCTGACGAGCGG,1779
AGAACCTTTTCCCAAC,1778
CTACCAGATACAACAT,1778
GATTGTATTTAACTCT,1778
GGAATATAACAAAAAT,1778
TCCAACCCTCTCGGAA,1778
AAGATTAAATTTGAAA,1777
CAAAGACAAGAGCTGT,1777
CAACGGCTCCCATCAT,1776
CAGCACAAGTTTATGA,1776
GATTCACGACTGAAAG,1776
CTGCATAAAGGAGCGT,1775
GGACATCAAAGAAGTA,1775
ACTATTGGCCTTTATA,1774
AGACCCATCTATCTAT,1774
CCTAAACTGACAAGAA,1774
TCCAAATACACCCTCT,1774
AATTGTTTCAATTCTC,1773
AGATAAAGATGAAGTA,1773
ATGACGCCCAGAGCTA,1773
ATTACTAATTCAATGA,1773
TATCAAACTTTAGTGA,1773
TCGAGTGTACGATTGG,1773
AGAAAAGTCACGAAAA,1772
AGAAAATCAGGGAACT,1772
AGTATAATGTCGTTAA,1772
TTCGATCTTAAAAGAT,1772
ACATACGTGGCCAAAA,1771
CATTTTGATAGCATAG,1771
GAAACACCTGATCCGA,1771
TTCGGCTGGAATCCCT,1771
AATCAACGATACAATA,1770
TTAGTAAGAGATCTTT,1770
CAGGAAAATGCGGTAG,1769
CGAATGGTACCATCCA,1769
GAGGAAAAGGCAGACT,1769
GTACCGAAAGTTAACC,1769
GTGTCAAGAAACAACT,1769
GTTATTCTGGGCTGCA,1769
AGGGTCTTACAAACAA,1768
GGAAAGTGCGCTGAGT,1768
AAATGGTTTGGAACGA,1767
AGTAGAAAATCTCATA,1767
CCAAGGTGCTACCGGC,1767
AGCAGAGATTGCGTAA,1766
TGTGACTAAGAACCAA,1766
AAAGAACCATTCTGAA,1765
GTAACGTCGCATCAGG,1765
ATCATGGTTAGGGCAA,1764
ATTGACCCACTCTTAC,1764
TAGGATCAACAATAAA,1764
AAACACCGTGGTTGGG,1763
GTTAAAGCACGATACT,1763
AAGCATGGAAGGAACC,1762
AAGCCGCAAAATCGAA,1762
CTTTTTGACTCGAGAA,1762
GGCCACACTAAAGGTA,1762
GTATATCTGGATCGAA,1762
GTCTATCTGTAAAATA,1762
TCTAGTAGGAGAAATA,1762
ACTTGATTAAATAAAT,1760
AGCTTAAGAGGGGCCT,1760
GCCTAGTTACTTGCTA,1760
GAGACTAATAAGAAAT,1759
AAGCTACCGACCTTGA,1758
ATGATTAGCAGTTGAT,1758
GGGAACAGATGGCGAA,1758
TGAGCAGGATCGACTA,1758
AGGTCGCCTTATGTGG,1757
ATATAAGGCTTGTTGG,1757
TTAATTACTTTCGTAA,1757
TTTGCTTGGTACAAAG,1757
GAACTGATTTTTTAGA,1756
GTCCCCGATACGACTA,1756
GCAAAAGCTAATCAAT,1755
CTACTATTCTAATTTA,1754
TAGAAACAACTTTATA,1754
TCGCTGCCTAGAGCAC,1753
AAGGACTCGCCGACAA,1752
CCTATAATCAATCAAA,1752
GCGGGAGAAGATCCGG,1752
GTCAAGAGCTGGGAGT,1752
TGCGCTCGATTATCTT,1752
TTAAAACGGGAATGTA,1752
TTAGGACCATGCTCAC,1752
ACTCGCGATAGATGAG,1751
CATAGAATAGGGCTGT,1751
GTAGTTACGGTCGTGA,1751
ACCGGAGGTAGGTTCG,1750
AGATGAAAACACGAAA,1750
ATGCTTAACAGGCGCT,1750
CAGAATAAGAAGACGA,1750
GACCAATAAGTAATTT,1750
GCAATTTACTATACAT,1750
TAGTCCTGACCAAACG,1750
TCTTGTAAATGAACGC,1750
ACCATAGAGCAGGTAA,1749
AGGTACGATTGGGAGG,1749
AATCGCAGGGAAGTAG,1748
ACGAATACCAACCTAC,1748
CCGAGACTCGAATACA,1748
GGCACGCACATCGAAG,1748
TGCGATAGGGTGCAAT,1748
AACTAAAATAACCTTT,1747
CGTTTATAAAGTTAAG,1747
GAGGTCAACCCTTCAG,1747
GTTTGCGTCTACATAA,1747
TGATGTTATAAAAAAA,1747
TACTCTGCAAGGCCAA,1746
CGTTCCGTACGACAAA,1745
TAAAGTGTATATTTTC,1745
GTGTCCCTCTCTAATA,1744
ACCTGAGTAAGTAAGA,1743
ATTATTGTGCACCATA,1743
CGAAAAATTCCGACTA,1743
ACACCAATGCAAGGTC,1742
GCTCATTGGAACAAAA,1742
GTAGTGGGTAGAGCTA,1742
GCGTGAAGCCACTTAC,1741
GGATTTCAACCGTTCA,1741
GTTACGAAAGGTATGA,1740
AGAGGGGTGAGCCCGT,1739
AGCTAGCTGTTTTCAA,1739
AGCTGAGGTATTATAC,1739
ATGGAGCACTACTAAA,1739
CCCGTTAAATCGCAGG,1739
GCCTCCCGAAAACTTA,1739
GGAACTAGCATATACA,1739
GGATGGGTATATACAG,1739
TCTCCGCTCCTTCAAC,1738
CAGTTACTGCCCAACT,1737
CTTTTGAGCCTGCTTG,1737
GCAGTGTGAAATGAAG,1737
AGGAGGTGAATCTACC,1736
CTACAGTGAATCTAGA,1736
GAAAATAGTTAACCGA,1736
AGAGACACTGCCAAGA,1735
TAACTGGATGACCGAG,1735
AAGGAGAACGGGAAAA,1734
TAACTGTAACATCCAG,1734
TATATTCAGAGCTAAG,1734
GTACCTAAAACACGTA,1733
TATAAAACCTAAATAA,1733
CCGGCTCAGGGATCCT,1732
CTGTGCGACGGTACAT,1732
TGAACCACACATGCAA,1732
AGCGTTCCTATTTTCA,1731
CAAATACACTACAATG,1731
CCCTCCCGCAGCAAGT,1731
CTACAGAAGTTAAAGA,1731
CTCACAGTTGCACAAC,1731
AGTTTGAGAAACTTGT,1730
CTTCTCCAGATAAAGA,1730
GAAATTCGTAGATTGA,1730
GTAGGTCTGATCTCTT,1730
GTCCGAGTTAAGCAAA,1730
TCGGCCAATGTGATAA,1730
AAAGGGAGTGGTCAGT,1729
ATGACTGTGTTCTCAC,1729
CAACTCCAGCGGTAGA,1729
CGACAACAATCAAATA,1729
TGCGCATGCAACCCAC,1729
GCCGAGGCACAATATA,1728
GCGCAAAGAAAAGTTG,1728
TATCAACATCACGTTG,1728
TCTAGGGGATCCTACA,1728
CATTACTCTTGGGGTA,1727
CTAAGAAGTTTGCCCT,1727
GTAATATACCCGTTGA,1727
TTACGATTGAATGCTT,1727
AACTAAGTACGGACCA,1726
CACGTAAAGCCGGTAA,1726
CGTTAACAGACGAAAA,1726
CTCAAGATTTCGAGCA,1726
CTCTGCGGCGTGTGAT,1726
GATATGAGGTTTTTAA,1726
ATTTTAAAGACTCTAC,1725
CACGCGTGTTTTCCAA,1725
CCGCGCTATATTCCAA,1725
GATGAGGATCAAGGTT,1725
CATTCTCGTGCCCTGG,1724
CGCCACACCCAGAATA,1724
AACCGCGTAATATCAA,1723
AGGTGTATAGAGATAA,1723
CAAGAGGACTGAAGTA,1723
CTATAGCGATAAAAAA,1723
ATTAATTCTTATGAAC,1722
CCCGACAATTAGGTGA,1722
GCTCTAGGCAGGGCGA,1721
GTTCATCATGAGCCGG,1721
TACCCAGCCCGTTTAA,1721
TGAACTGACTTACAAG,1721
AAACGAAGCGACGGAC,1720
AGTCACTAACCTCACC,1720
ACGTGAGACCTGTGAA,1719
CCTACCGAGAGGCCAC,1719
CGGTATAGAGTGATCC,1719
AAACATTCATGCGAGA,1718
AGACTGCGAAAACTAA,1718
CATGACATTTCGCACA,1718
GAGTCCCAATCAAAGT,1718
AGGCGGAACGAAGCAG,1717
CAAAACGGGCAACAGA,1717
TGATGCCCCATAGATC,1717
TTCAGAACCAGGACGT,1717
GACCACGGTTCTAGAC,1716
GGATCGCCCCATCTCT,1716
TTGTTTGCGCCAAGGT,1716
AGCGATGGGAACAAAA,1715
AGGGGGTCCCACTAGA,1715
AGTCAACCCCCGAATA,1715
CTGTAGAAACGCGAGA,1715
AAATAAAGATAAATCT,1714
AGAAAGTCGTACTTAA,1714
AGAGTCCTTAGAAGTT,1714
ATTTGGGATAATATGG,1714
GAAAATCAAGTTGAAT,1714
TAAAAACTCTGAATAA,1714
TGGGCTAGTTAAAACG,1714
AAATCACAATCATAGG,1713
AGTCACTCGCCTTACC,1713
CATTAGCCTTCAGGTT,1713
GGATTGTCAAGATTAA,1713
TGTTATGCGCGCTCCC,1713
CTTGAACGTATTCTAT,1712
TACTTGAAGTCAAGGG,1712
TAGGAACACAGACTAT,1712
CAAGAGCATAACAAAA,1711
CAAGTCATCGGTATGA,1711
GCGGTTTATGTGATGG,1711
AAAATGACATTCGTAA,1710
AGTCACCATTCATATG,1710
CCCACATGTAAAGGAG,1710
CGCGCCCCCCATTAAT,1710
CTGAATATTCATAAAT,1710
GGATCTGAGGCATCTA,1710
AATGCAGCAGGTCCGC,1709
CACAAATTATACCGAA,1709
TAGGAGCCCTCACAAG,1709
AGTTGAGTAAACGATA,1708
GAGGTGACAATAGATA,1708
TACATACAACTTGCGA,1708
TTTTATTCATCTGAGG,1708
ACAAGAATACTCAAAA,1707
TAATATGATCTTGGAC,1707
TAGTACCTAGGGTCGA,1707
TCTTGTTAATATTAGT,1707
GGTGCGTTGAAATAAC,1706
TTAAAAACCAGGAGAA,1706
AGGCTATTCCCAAAAG,1705
ATGAGTACACTGCCGG,1705
GACGCGTTACTGGAAA,1705
TGATCGGTCACGTGTA,1705
ACAGTCAAACCCCAAT,1704
ATAGGCCAGATACGCC,1704
GGTATGCGACTTTAAA,1704
AACGCTATTCAAATAA,1703
CAGCCATATGGAAACT,1703
CGGTCCAATGACCATC,1703
GTTAGGCCATAAAATG,1703
AGTGGCGGATCTACTT,1702
GATGAGGAGTTTGCCA,1702
TCACAATTGGACCAGG,1702
AACCAGTGGCCGTAAG,1700
ACCGCCAAATTTATAA,1700
ACTACTGCAACATTAT,1700
ATATGGCCGGATTAGC,1699
GGGAGGTCAATTTAAG,1699
AAATGGGTATACCCTA,1698
AACATTAGAAAAATAA,1698
AAGAAATATGTCAACA,1698
AGGCACGTGCTAAACA,1698
ATAATCGCGAGATTTA,1698
CTAAACGGTCCTATAG,1698
TACGCGCCCTAGGGGA,1698
TCATAGAATTGCTGTA,1698
TGGAGAGGGAGTCTGG,1698
TTCAATAGTAAAAAGA,1698
AGCGAGCTAAATTCAA,1697
GTTACGTATGGAGGGG,1697
TGATAGACCCTGTCTC,1697
ACCTGCACAATAGGTT,1696
GTAACCCAGGTTCTCT,1696
TAGGCTGGAGATCCAC,1696
TGATCTTCTTTTCGCT,1695
TGGTAGCGCCTCTCTC,1695
ACGGTATCATTCCGAT,1694
CACGAGCGCCACGGAG,1694
CATCATAACAAAAGAA,1694
CATTATTAATGACCAG,1694
GGAGGATAGGTGATAT,1694
GGCTTTAAAGATTCGA,1694
TCCCAAGTGTAAACGG,1694
TGATAATAGACCCCAT,1694
CCCAATTATTATTAAA,1693
ACATTAACATGCCTTT,1692
ATTAGTAAACCATATC,1692
ATTGGTTACAACGCAT,1692
CCATGCTTACTCTTCC,1692
AACGGACCCTAATCGA,1691
AACCTCCAAATGGGAC,1690
AGTCCATTCATTCAAA,1689
ATTTGGGAACAAATAC,1689
GGGTATACTTAATTTT,1689
ACCGGATGGTGATCGA,1688
GAATGTCAACTTTATA,1688
TAATAGAACAATACAG,1688
ACTCATATTAGTTACA,1687
AGCGCCGCTACAAAAC,1687
CGCAAGAAAGGTCCAT,1687
AAAGGTTTCTAGTAGC,1686
ACTGTTAATACAAAAC,1686
ATATTGAAAAGTTCAA,1685
CGCCGAGAATTCCCTA,1685
TCGAACTGGCACACAG,1685
TGCTACCACCGGTTAC,1685
TGCTGTATAGTCCAGA,1685
CAGCCCAGTCTAAACT,1684
CAGCCTCTTGCTGTAG,1684
ATCAATCGTTAAACTA,1683
GTAAAAAAAGAGTAAT,1683
AAAAGAGTTAAAAAGT,1682
GAATGTAAATAAATTA,1682
TAGAGTTAAACCAAGG,1682
ATGTAGGTCCCTTTTA,1681
CGGACAGGTATCCCTA,1681
CTCAAAATCGCCGAAG,1681
GGTCTCGGATTTACAA,1681
AAATTTGTTGACATGG,1680
AATAGACTCAGGCTAA,1680
ATACTCGTAACATCGT,1680
CAGGAATTATAGAATA,1680
GAACCGGATGAACAAA,1680
GGTTCTAGTATTAAAA,1680
TGCCATACAATCTTGG,1680
AGGAAATAGAAATTCG,1678
AGGGCACATGACGGGC,1678
ATTTTAATGGGGAAAA,1678
CAACAGCGGTAACCCA,1678
GATACCACCGTACAAA,1677
TAGAGGTGTAAACCTT,1677
AACAAATGAACGTGTT,1676
CAAGTCCGTGACTAGG,1676
CCTCAGAGTATAAATA,1676
CGTATCTTCAACCCGG,1676
TCCCGCGAATACTCCA,1676
CGACCTGATTTTCTGA,1675
CGCTTGAGCACCCTAC,1675
AAAACACTTAAAATAA,1674
GGCTAGCTTATATCGA,1674
TAAGGATTCAGTAATG,1674
TTATTCACTGTGTAAG,1674
AAAAGTTGAAAGGAGA,1673
ACAAACAAGAGAGCTA,1673
GTTGTGGCGGGGGGAA,1673
TCTCCGATATGCGAAA,1673
AATTGTACGATGGGTA,1672
AGTGAAAGAGGAATTA,1672
ATACGATATGCATTCA,1672
CAGTTCCGAAAGTCAG,1672
CTAGGTGGAGCGGTAG,1672
AACACCCACAACTAGC,1671
CAGAGTTTTCTGATTG,1671
CCATGAGACCAGAGTA,1670
CTAAATATGGGCTATA,1670
TCCTGCGCAAACCAGA,1670
AACTGTGTAGAGTAGC,1669
ATCAAGCTCGTAATAC,1669
TTTACCATTCCGGTGG,1669
CACTTTACTGTTGAAA,1668
GGTTATAACAACCACG,1668
AGAGTCGTATACGCAA,1667
ATACGTAGATTCTCTA,1667
CACAGAACCATTCTGA,1667
ATTCCACCACTAAGAA,1666
CGCAGACCTGCAATGG,1666
GAAATTGCGCTTTTGG,1666
GCTTTGCGGTAGCCAT,1666
GGGGAATGACGCTAAG,1666
GTTCTGTATGGTCTGG,1666
GACCTATATGACACGG,1665
TTCTCTTTGTATAAAT,1665
CAAGTCTGTTGATTGA,1664
TTGAAAAAGGTGGAAT,1664
TCCGCGCGCTTGAAAA,1663
AAAAAGATTAACAGCT,1662
AAGACAGTAAAAATTA,1662
AATCCTATCGCCAAAA,1662
GTGAGCGGGGGGACTA,1662
TACTTGAAACTGGGAA,1662
TCCTTGAGGCTGCGTA,1662
ACCCCGTAGCACAAGA,1661
CACGTTTGATGGCTAG,1661
AATAAGATAAAAACTT,1660
AATCCTATCCAGCCAT,1660
AGAGTGCACAAAATAG,1660
GGTGACATCCCCTAAA,1660
GTAACCACCCCACGTA,1660
TTGTCGCTAGTACCAA,1660
AATTTTAGTGATAATA,1659
TATCAAAACCTCAGAA,1659
TTAACAAGACAAAAAT,1659
ACCATGTATTATGTCT,1658
ACCCCTTACGAAGAAG,1658
GCATTCTAAATCATGG,1658
AAAGCCGAATAGTCGA,1657
ACAGAGAATACCATAT,1657
GAGAAGCCCGAACTTA,1657
TAGGAGAAACTAACCA,1657
TCAGTAAAAGTCAGAG,1657
AAGCCAACATCAAAAT,1656
GAAATAGCGCAACTTA,1656
TCCATGAAGTGTAGCG,1656
TGATCAACCGCATTAA,1656
GAAAATATCTATAAGT,1655
TATATTAATAACGAAG,1655
TGACAATGCATTCGTT,1655
TGAGCGTATAATATAT,1655
CGAGCTCGTTCTTGAA,1654
GGATGTATTCGGCCAA,1654
ATAACCTTTATTGTGA,1653
TAAACTGCTACTGGAT,1653
TAGACACTGTCCCAGA,1653
TTCTCTTCTTCCAGAA,1653
ATATTTCATTCTCCTG,1652
CAAATGCACATTAGGT,1652
TCTATTAGAATAGGGA,1652
CCAATGTCACAATCAG,1651
GTACTGTTAATCAGAT,1651
AGCAGAGACAAACTAG,1650
AGTTGCATGGTTAATA,1650
GAAAAAAGTGATTGAG,1650
TAACTTCGAGCAAAAA,1650
TCCTTGGGCCCCACTC,1650
CCTGTGAACAGGCAAA,1649
GAACGTTTAATAATAA,1649
TCATGAGGTGCCGGAT,1649
TCGAGAAAGTACTAAG,1649
TGGTACAAACGAGACT,1649
AAGAGTAGACACACTA,1648
ACTCGGTCCAGTGCCA,1648
AGTGTACAAACTTCAC,1648
CAATCGCGTGTGGCCA,1648
GAAATAAGGGTGGGAT,1648
TTAGGATGATAATAAT,1648
CTACTTTCTCAGGAAT,1647
TCATAATAATTCCATG,1647
CAGACTGTATTGGGAA,1646
GATTCCGGGCACACAA,1646
TCGATCGAAGACACGA,1646
TTTTACACTTAGCCAA,1646
AAACACTCTTCTACAC,1645
AAACCTCAAAGCTGGA,1645
ACCCAACACCGGACTA,1645
AGTATAAACAAGATAA,1645
TACTATGCTTGTTATG,1645
TCCTAAGATAATAGAT,1645
AATAGGGATAGCCCGA,1644
ACCCACCATAACCAAC,1644
CAAGCTCGTACTGATA,1644
GGTAGGGCACATATGT,1644
TTCACCCACATAACGA,1644
AAGACGCGGCGGAGAG,1643
ACCACAAATCCTTCGA,1643
CCGATGAATGAGCAGT,1643
CGAGAGAAGTTTCTTA,1643
ACGCAACAAGACGCAA,1642
ACGGAGTTCTTCAGAG,1642
ATACCGTATGACACTA,1641
CATAGAGACCGTCTAG,1641
GTTACATATACAATCA,1641
TGACACCGGAACCATA,1641
AAATCAAACAATAAAA,1640
AATTCTTGTGCTACTA,1640
ACGGGGAGAGTGCTAG,1640
GCATTGACCTGACTAG,1640
GTAACATTACTAGTTA,1640
TAGTTCTTATATGTTA,1640
TGTTTCCTAGACTGGC,1640
TTAACAAGCCTTATAC,1640
TTACGAAATTCGCGGG,1640
AAAGTCCTAAGTAGCA,1639
TTGAGAGGGTACGAAT,1639
AGTCGAATATCCCAGT,1638
GCATCAGACAATTAAA,1638
TGCTTTTCAGCTATGA,1638
AACCAAAGAACTCTTA,1637
AGCCAGCCGCACTCAT,1637
AGTTATCTTACGATTA,1637
CGGCTAAAACTAGTAT,1637
GACGAAATGACATCAG,1636
TCCGCAAAGTTTCAGA,1636
CCACTCTCACTTTAAT,1635
CCTGATCGGAACAAAG,1635
CGCAGGGATAATACTG,1635
CTGATCCATGTAACGA,1635
GTACAGGAGTAAAGGT,1635
TCTCATGCTGTCGTAA,1635
CACTAAACTTTCGCGA,1634
TTTGGCTAGGAATCAT,1634
ACTGATAGACCAACTC,1633
GTTAGTTAAGTCCAAC,1633
AAACTTCGGCGAAACA,1632
ACACATTTCTCACAAA,1632
GGGATATAATAATTGA,1632
AATCGAGAAAGATCGA,1631
AGTACTATGGGCCCGC,1631
AGTCTGACAGTGCATG,1631
ATGCACCGGGCAGCGA,1631
ATGTCAATCGAGCAAA,1631
ATTAACCGTATATAAA,1631
CGGGGGCCGACTTCGC,1631
GCATAACCGGGTATAG,1631
GTACAACTAAACTACT,1631
GTCATGTAATTGACGG,1631
TAAGGGACCTTGCTAA,1631
TTATACCTGCCACTGA,1631
CAATCAATGGGAGACT,1630
CAGCTAGAAGGTTAAA,1630
GGCATTTATCAGCTTA,1630
TGTATGGTACGGTCTA,1630
AACATAACCCACAAGT,1629
AACAAGAGGTCGAAGC,1628
ACGACGGAACCCACCA,1628
ATACGGAATTCTGAAA,1628
CTAACTTGAGACAGGA,1628
CTAGGCACCGTTTGTT,1628
GTACGGGCTAATCCTA,1628
ACTCCACGGTAGCGAG,1627
ATGAACCTGAATGAGA,1627
CGTAGCTACCATATTA,1626
GGACGAAATGTCTCGA,1626
TACTTCAAAAAGGTAA,1625
TATATTATAAATGGAT,1625
TCCATATTGAGAAACG,1625
TGTTTTAGGATAAGGA,1625
AAGTAACGAGCCCCCA,1624
CTTCACCGGTAATACT,1624
GATTCTTTCTGGTCAA,1624
GGAAGTACGAAGAAGG,1624
TATTCTCTGAGGCTAA,1624
TGTTCATACCCGTGAG,1624
ATCGATGACCTTTGCA,1623
CTTCCTCGCGAACGTA,1623
TATTCACAGGTATCAG,1623
ACACAGAGATGTACCA,1622
CAAGCCCCCCCATAAT,1622
GACCAGTCATATCCAA,1622
GATACAATCTGAAAGG,1622
GTAGGGTATTGTACAA,1622
TGAACTCCCTAAGGAA,1622
CGGGTTGCATCCTGAA,1621
GTCATGTGTTGAGACA,1621
ACGGATATCCCATAAT,1620
ATAAGTAGACTGCCTG,1620
CGCCCCTTGTAGCGAA,1620
GAAATCCACTACGGTT,1620
TGATGACATCCTCTTT,1620
TTAGTCGATTAAGCTA,1620
ACCAGTATATTAGTAA,1619
ACCCTCATTGACGAAA,1619
CAGACACAAGACATGG,1619
CGAGGAGAGAGATAAA,1619
TATCGCGGTTCTAGAA,1619
TTAGCCCCATCTAGTT,1619
AGACTACTGTGTACAT,1617
AGCTCACAGGACCAAA,1617
CATGTCGTTACTCGGA,1617
AAAGCTAATCCTTTGG,1616
AGAAAAAAATCGCTAG,1616
CAGTCCTTTAAGTGAA,1616
CCAAAGACATACGATG,1616
AAGCTAATCCCAAATC,1615
AATTATGCTTTATCTT,1615
GTGACGAGCAAAGGAA,1615
AATATCACGAAATCAA,1614
ACACGGACGCTAACCA,1614
ATGGGTTATGCTGGAA,1614
TAAAGTATGCCGATAC,1614
TGAGCTGCAACGAATT,1614
TTAACGTCAATAGAAT,1614
AGGTATGTCGGCAACG,1613
TACTGATGCTTACCGA,1613
TGGGATGGACATATCG,1613
ACTAAAAAGCTACTTT,1612
CCCGACCGGACCCCAG,1612
CTGTAGGAGCTAATAA,1612
GCAGGTATAGAAGGGT,1612
TTGATAACTTAATTAA,1612
ATCTATTCATGAAAGG,1611
CACCCAAATGACCGCT,1611
CTCCGTACGGACTTAA,1611
CATTCACTATTCTCTT,1610
CGGAAACGCGATGCCA,1610
AAAAAGGAGCACTGCC,1609
AGTTAAGTAACCAGCG,1609
ATTTCGAACACGATGA,1609
CGATAGTTATTGTTAG,1609
GGCGATTCAGACCGAC,1609
GTTGTATACATGGAAA,1609
TAATACAGTCAAATAG,1609
TGGAGCGGATAACAAA,1609
AGTGACCCATTTGAAA,1608
CAATTAAGTTTTAAAT,1608
TCTCAAATAGATCATC,1608
TTCTGGTAGCTATTCA,1607
AGGCCAGTTGAAGGGG,1606
GGTCCCAGAATGTTGG,1606
TGTTAAATAAAGGTAG,1606
AGAACCAAGTGCAGGG,1605
ATCAGCCAAGACTCCT,1605
CAACCAACATGACTAT,1605
GACTATGACAACTAAA,1605
TATAAGACTGTAGATC,1605
TCGGCATGCATCGCTA,1605
ACAGTTATGAAGAAAC,1604
ATCAAAAACGATGCTT,1604
CATTAAACTATAGCAC,1604
GTTAATTATCTTTAAA,1604
TTAAACGTGTCTCATT,1604
ACCCAATAGTGAAGTA,1603
ATAAAATGGAACGGAA,1603
ATCGGGACTACTTTGA,1603
CTAATCGCTCCGATCA,1603
TAAAAATATTTCCAAT,1603
TACCACGGTCACTCGA,1603
CAAGGCGACACGTCTA,1602
TGCATGCCTATGTGGA,1602
TTCCGAAGCCCCCTAT,1602
AAAAAATAAGACAAGG,1601
ACAGACAGCGGGTTTA,1601
CATGGCACTGGGGCAA,1601
GGAGTAAGGAGAAAAA,1601
GGTATAACGGCCTAGG,1601
AACTTAAAACGTGAGA,1600
GAAAACTTGGGCAATC,1600
TTAAGTGCGAGCTTGT,1600
TTCCTGAACGTCGAGG,1600
AACCTCGATCAATATT,1599
AACGGAATCTCATAGG,1599
GATTTCGTATAATGGA,1599
TACTACTGTACCGTGA,1599
TGACTTTACTGGCGAT,1599
GGATACTATTTCGAGA,1598
GGTTCGCAAGCCTTAT,1598
AGTGGCCATCGCCTCA,1597
CTAGTAACACACACGG,1597
CTGCTCCCAATACTGA,1597
GGTGTACGCGCACAGA,1597
TACACCGTGAGGGCAT,1597
AAACATACTCACCAAT,1596
AGAAAAGACGGTGAAG,1596
CAGGCATAGAATGACC,1596
GCAATCTCGTATTTCA,1596
TAAAATGAAGTACCTT,1596
ACGCAACTGCGGCTTT,1595
ATATTGAACCAAAGGT,1595
ATGGCAACTTACTCTT,1595
GGCAGCTCGGTTATGT,1595
GTTGAATATCCTAGAT,1595
TAAGTTCGGCGGTCCA,1595
TAGCAGTTTGAACCAC,1595
TGGTGGACGGGAACAA,1595
AGTGAAGTATCCAAAG,1594
GCTAGCGAAGTGTTTA,1594
TACAATTACGTGCCGC,1594
AATCAAAACTAATTTT,1593
GCAGACGGCTCCCTAA,1593
TATGTCTCTTTTGATT,1593
AATCGCGGGCGTGCTT,1591
AGAGATTAAGTTAATT,1591
CGTTCGATTGACATAA,1591
GTCCTATAATGCAGAC,1591
TTCGAGCCTCATCTAA,1591
AAATAAGATAAGGATG,1590
AGCTAGACTCGTACAA,1589
GTATGGGGCACGATGT,1589
AAGCAACAATACCCCT,1588
CGCAACGATAGATCTC,1588
TACCGGTTTCAGTTAG,1588
AATCAGCCGACACAAA,1587
ACATCATCGTTCACGT,1587
AGAATCGAGATAGTAT,1587
AGGGAGCGTAGTGATC,1587
ATTGGAGTAAATAGGG,1587
CATCACCACCTAAAAT,1587
TGAGGACACATGATAA,1587
CTAGAGAGTAAAACCG,1586
CTATTTAAATGATAGA,1586
TCAGTGCGAGTATAGA,1586
AAAAATCTTATTGTTG,1585
AACACCCTGCAAACCC,1585
ATAAGGCAGGGGCCTT,1585
GACATCTCCCACATCA,1585
CCGATAAAATCCATCT,1583
TAAAACCGTGTATCCA,1583
AACGTTTAATGGAGGT,1582
AATAAAATAACGGGAA,1582
ATCAGCTTCAATATGT,1582
CTTTCTCGATAACAAA,1582
GTGGGTATGGCGTAGG,1582
AATGTCGTATCGAAAC,1581
ACAAGTAATGCTTAAC,1581
ACGAATCTCATGCACT,1581
AGACAAAAGGTTTCTA,1581
GAAATCATGGTTCGTT,1581
TACTGTTTTTATCATT,1581
TCGGTCTGAAGAAAAT,1581
ACCTTAAAGAAAATTT,1580
CAACCACCTGTCGAGG,1580
CACAAGTCACAGGGTA,1580
GCCATTTAAATCGCAC,1580
GCCGAAAACTATTCTA,1580
TTTATCAGCATTCTAA,1580
ACTATATCGAGTTATC,1579
ACTGGCGTCATGATTA,1579
ATCATGGATTCCCCCA,1579
CGCCGTAGTTCCCAAA,1579
GTCACAATGAAGCCAA,1579
AAGCACCAATTGACAA,1578
CGAAAGAACGAACCAG,1578
CGCGAACCCAGTTTTC,1578
TAAACATAATTCTCTA,1578
TTACGACATGCAGGAC,1578
AAGCGCTGGGAATTGA,1577
CAATAGGTTACTTAAC,1577
GGATACATATGGATGA,1577
GTTTTAAGTCTTTACG,1577
AGGGTAGGGACCCGAG,1576
ATGCGGAGCGAGGTCC,1576
ATGCTCCTGAGTTGGG,1576
TCCGAAGATTAAGGCA,1576
AAACCGACCAGATCAA,1575
ATTAATTGTATAGCCT,1575
CAGCATGATTTAAGAC,1575
CCAGATCGCTTACTCA,1575
TTACTGAGTTATACCA,1575
GTTCATGGCTAAAAAG,1574
GTTTTAAATGTTTTTC,1574
TTGCCAAGCAGGATTA,1574
ACACGTTAACTCATCA,1573
ATTATCTAAGCATTAT,1573
CAAGTCGATTGAAAAA,1573
CTTAAGCCATATGAAT,1573
GAAGACATCCGAGCCA,1573
AAAAATTTAGTGATTA,1571
CCTAGTTCGGAGCACC,1571
CTATGTTCATACGAGG,1571
GCAAAAGAAATTCAAA,1571
GCAGCTACACACAAAT,1571
GCTAGATTTCTACAAA,1571
TAGACCTTAGTCTGTT,1571
AAAGAAAGGAGTGGTT,1570
CCCTATAAGCCATACT,1570
ACCCCCCACCAGCGAT,1569
AGACCCCAAATACGAT,1569
CTTTAACGCACATGGT,1569
GAGTATGTAATTGCAT,1569
GTAGATTGCTTGTGAA,1569
TCAATGGCGCGTGCGA,1569
TGTTAGTCGTGGCCAT,1569
ACCGTACGCATTCAAC,1568
CCGCTAGAAAAAATTA,1568
TAGATAAGACCTTAAA,1568
AACGACAATAACGGTA,1567
ACAAATCAATCGCTTG,1567
CAACGCTTGAGAAGCT,1567
GCACGAAGGAAAGGAA,1567
GTCAAAGTTGTTCAAA,1567
TCGCTCTAAATTCCGG,1567
TCGCTGATTTAGTCAA,1567
GCAAATATGAAAAGAA,1566
TATGAAAACCGTAAGG,1566
TGCGCTCCCATCAATA,1566
GGTCCGACTCAGGGAT,1565
GTCCCACGCGATAGTA,1565
AAACGATGCATGACAT,1564
AAGTGATAACATATAA,1564
ACTCCGGTAGCTCCTA,1564
AGATCGTTCCTTATAA,1564
CCGGGAAAAAAATGCT,1564
TGAACTATACTAATTT,1564
AACAGAAAAAAACAAG,1563
GAAAATACAGCATCAC,1563
GTACCTAGATAAATAA,1563
ATAAGTACCTCATGGA,1562
GACGTTATATACTAAA,1562
ACAAGCGATAAGTACA,1561
AGACATACCCTGGGAA,1561
ATAGTGCAAGGAAAAT,1561
AAGGGAGGCTATCCAA,1560
CAGTCCGACCTTTCAA,1560
ACGCCAATACAGGGAA,1559
AGAAGTGCCAAAGGTT,1559
TACCACACCAGGAGGC,1559
ATTTTGGCCTATAGAT,1558
GCATAACTAACCCTAG,1558
TCTGTTGTTGAACCAG,1558
ACCTGCGCACATGTAG,1557
ATAATATAAAGTCTCA,1557
CTTCATGGGACCTCTT,1557
GAGGCAATATGCGCAT,1557
ACGTCCAGTGGGCAGT,1556
AGATAAAGGAAAACGA,1556
GAACGCATAGAATAGT,1556
GCATGACTTATTTCAA,1556
GGGCGAACCGTTTCTA,1556
ACGGGATAGTTATCAT,1555
ATCGGTAACAATTGAA,1555
GGAAGAATAATAGTAA,1555
TATACAAATAGGGTGA,1555
TTTGGTAAATACCTCC,1555
GAGACAACTAAAAAGA,1554
TCACATGACCTATCAT,1554
TCCTGGACAACGATCA,1554
ATGGTGCCTAGGGGGT,1553
CTGGGGAAATACCTAG,1553
ACGCTAGCAACTAATG,1552
AGTACGATTATACCAA,1552
ATCCACGATGAAATCG,1552
CGTCATCGATAGTTAA,1552
AACTAGACGCAAAGAA,1551
ACCATTAGGTGCTCAA,1551
AGAACCCACACGCGAT,1551
CACGATGACCAAAAAT,1551
CTAAACCGAAATCCGA,1551
GCGAGCGTTAGAAATG,1551
TTGAGATTCAGAGTAA,1551
TTTACCCTGTAACATA,1551
GTTCCCAATAAGTAGT,1550
TGAGCTATCTTGCGCG,1550
AACTGTCAGAATTAAG,1549
ATGGACTGGTATATCG,1549
CACAGAGCGTTCAAAA,1549
GAAGGTCACGTTAATA,1549
GTTACAAACACCGTCA,1549
GGTACCCCTGGACTAG,1548
TCGCTAACGTCCAAGA,1548
ATGTCCCGTCCATTAA,1547
TCCAGAGACATAGGAA,1547
TGTAATCAAGTGATAA,1547
CATGAAACCAACGACA,1546
GAACCACGGCACTGGC,1546
GGACTTGGGCAGGTTA,1546
AAATTCGTGTTGGCGG,1545
AATCGGAAAACTTATA,1545
ACCCACCATCTGTTAA,1545
GAATCTTGATACAATA,1545
GGGTACGTTGTGTCGA,1545
GTTCAAGTGAACATTG,1545
TGTCTCATTCGCAGAA,1545
CTCTGAGCTACAAGAT,1544
GAAGCAGTAATAGTCC,1544
AAATCGAGCGAGGACA,1543
AGCTTTCGGATGATAC,1543
ATGGCCACCATTCTAC,1543
CATAGCCGACCCATGG,1543
GATCACGAGCATGTAC,1543
GCGGCGGATGTTACCA,1543
GTAAATGGGCGGGGGG,1543
GTCCCCGCTATAATGA,1543
TACTGATTGGCTGCTA,1543
TTGAAGGACATAGAGA,1543
ACGACTAATTCACAAG,1542
ATTCTGCAGCATTTAA,1542
AGCTCATGTAATTAGA,1541
GAAACCCTGAAACAGA,1541
CGTCGAAGAGCCGACA,1540
TCACGGGTTAGTTTGT,1540
TTGTCAATCGTTATGA,1540
AAAAAAAAGCCTGGAG,1539
ACCTGTCTTGTCCAAC,1539
CGATAATACGCCCTAG,1538
CTCGTCAGCTCAAGGG,1537
ATCTATAATTTGCAAT,1536
ACTTCTGGCTAAGAAA,1535
AGATCATTGAGCCGTA,1535
AGTAAGGTAACTTAGG,1535
ATCAATATTTGAAATA,1535
GCGCTTCATTAGTTCA,1535
TTGGATAATTACCTAA,1535
AAAATTATGAATGCTG,1534
ACATTAACATCATAGC,1534
ACCAGATTGGTGGTTA,1534
ACCGCGAACTGACTGT,1534
ATGAACAGACCTGAGT,1534
ATGATTATGCAATATT,1534
AAAAACGCGCCTCAGA,1532
ACGAATCACAACACAA,1532
ATGGCACCGGTCCCTC,1532
CATCCGAGCGCTAATA,1532
GGACTGACTAAGAATA,1532
CTTGGGTACCGGCAGG,1531
AAAACGTGGTTGGTCT,1530
AACCCCATTGTACCCA,1530
AGGCTAACAATGTCCA,1530
ACGACGAGAGACACAT,1529
ATAATCGACCTCATAT,1529
TGACACCGTTGCATGG,1529
TGGACCACGCAAACTA,1529
AGCTTAAAGATTACCA,1528
CTATTAATAACGGTTT,1527
GCAGGCGAAGCGTCAC,1527
GGTCTGGGTAGCATGT,1527
TACCCGCCACAAGAAG,1527
ATGTGGGTTACATGAG,1526
CATAAACTTAAGCCTA,1526
CATGTGAGCGATCAAT,1526
CTATGAAAGCTCTGGG,1526
TATAACGACAATAAAA,1526
TTCTTCTACCACTTAA,1526
AAATCTTACCGGTTAC,1525
GCAACATGGTCATTTG,1525
TACTAACCGCAGTGCT,1525
TGCTGTTATCACGGTA,1525
AAGAGATTGCACCAAT,1524
AGGAACCCAAAGTAGG,1524
AGTTTCCAAGTGTGTG,1524
CATTAAATGTTCGAAC,1524
TACCAAGGAGAATAGG,1524
ACGCCCTCGCTTCCCT,1523
ACGGACGCTCTGAAAA,1523
AGAAGGATCGCTGATT,1523
TGGGATCGAAGGATAA,1523
CACAGAAACTCAACGA,1522
CGCACCTACGCCCAGC,1522
TATCTTTTAACTGCAA,1522
TCCAAATAAACAACGA,1522
ACACCATGTCCTACCA,1521
AGTCTTTCGCTTTCGT,1521
GGTCAATGATGTATAC,1521
TTCAGGGGAACAAAAA,1521
ACTAGATACATCTGGG,1520
CGCCATCGAACATAAG,1520
GCATTTACGATAAAAA,1520
TTGAGCCTATGGGGGG,1520
AGAAGGTGAATTCAAA,1519
AAAAATAATCCCTACA,1518
AGAGGAAATAACGGCG,1518
AGCCATGGTAACCGAA,1518
AGGATCGGAGGCTACT,1518
CCGGGCACTCTAACAT,1518
CCTAAAACGAAAAAAG,1518
GAGGCGAAATGGCAAA,1518
TAGAGATTTTGCATCG,1518
TATGCGCCTAGCTTGA,1518
AAAAACGTACAATCAT,1517
AACTGGGATCAACAAA,1517
ACGATATCTATGAAAA,1517
GAAAAAAGTAGGAGCA,1517
GAGCACACCTTATACT,1517
GTGACTAGAAAACACA,1517
TTCTAGGCTGATCGAT,1517
AACTCATACGCCCCTA,1516
ATAGCTGATAGCTGGT,1516
CCGCTGAGGGCGGTAA,1516
GGGACAAAATGATAGG,1516
TTCGATATGGGTTTAT,1516
AAAAGACATGCAGAAA,1515
AATTTAATGCCACAAC,1515
TATGGATGCTGTGAGA,1515
TCCTTAACCGCTAGAC,1515
TTCTTACGAACTTACT,1515
TTTACTAGCTCAATAA,1515
AGTCGAATGTATCGTA,1514
AAGTAGACGACTGCAG,1513
ACCTAGTACAACGGAG,1513
ATTTCGGATCATGAAA,1513
TACAGATATCAAATGG,1513
TGAACTCCTTACACGG,1513
AACCCTTTACAGTATA,1512
AAGAAAGTGTCTGAGT,1512
CCACGAAATCGATTGA,1512
CCGTAACATTTCAATA,1512
CTCCCCATCGTCATAT,1512
GCCACACAAATTGATT,1512
TAGAAAAGGGACCCAA,1512
AAAATAACAGATCTTA,1511
AATTTATAATTACTTA,1511
ACCAGATACGGGAACA,1511
CAAGCCTTCTAAGCCT,1511
GGAGTTGAGCGATCCA,1511
AAACCTTCATATATAT,1510
GCCTCAACAATAAATT,1510
GGGAGTAGTTATACAA,1510
TATTGGTATAAATGCA,1510
AGATGTCTCATACAGA,1509
CTGAAAAGATACCCAG,1509
GACTGAAGATACATAA,1509
GGAACGCGCACCGTAA,1509
ACTCCAAATTCGTTGG,1508
CTAAAGTACTCTTGAG,1508
TTAGGACGCCCATTTG,1508
AATCCGTACGAAACTA,1507
AGGAAGATTCCAAGAT,1507
GCGTAGTGGCAACTAG,1507
TACTAAAGGAGCGGAA,1507
TAGGCACCATCATCTG,1507
AGAGATCGGTTATCTA,1506
CACCGAAAACGGCGCA,1506
CCATTAGAATACATCG,1506
TAAAAGGGGTGGACGT,1506
TATAGTACAGTAAAAA,1506
TTGCCTCGGCGGTCTG,1506
TACAATTCTAGCCACA,1505
ACTATATTTGACATAT,1504
ATAAGAGACAGTATTA,1504
TATTTTTGAAACAGGA,1504
TTAATCTAGACAATAG,1504
ATTTTAAGTTAAGAGC,1503
GCCGAAGTGTATAAAA,1503
TGAAGTACACTCTGGG,1503
AAGAAGATTCGATAGA,1502
CAAGGACTACAGCGGA,1502
CCTGAATACCTGGCAG,1502
GAGAATTACATATCAG,1502
CCTAACCTATCTGGAA,1501
TTAGTACCCTTGTGAA,1501
TTGAACTTCACATGAA,1501
CCCCTTACGTTTGTAT,1500
TCATAAAACAAAAGTT,1500
AGTAGAAACGGGGAGA,1499
ACGTGGTTCCGAGGTA,1498
AGATTACTGGTATATA,1498
CAAAAGCTTACAATAT,1498
GGCCTTTGATAGAGAA,1498
GGGAACTATATACCTT,1498
GTAATGCGTGGGTTTA,1498
TACCCGTGACATCCAT,1498
CGCAGGTTCTGTTTTG,1497
GATTAAACCAGCTAGT,1497
GCGACAAAAACATAGA,1497
AGACAAGTAATATTAC,1496
ATGGTTATCAGGAACT,1496
TTCTGATAATAGAGAT,1496
AAAAAAATGTATAAAC,1495
ATATCGACTTTAACTA,1495
CTATGCATGAGTAAAA,1495
GACATTCACGTGGGTT,1495
GTAATCTAGACACGTT,1495
GTATATGGAAAGCCTA,1495
TTCATTCTAATGTATA,1495
AAATAATGATGAGCGA,1494
CATAACGTGTCTGAAG,1494
GAAACAGGAGATTTAG,1494
GGTTTCTAAGGCAGCA,1494
TGCTTCTTGAAAATTG,1494
AGTACAAACATCTAAC,1493
GAATAGCTAAAATTTT,1493
GGGATCCGGCATACAC,1493
TCTGTTACCGAATTGA,1493
AGCGATATTGTGGAGA,1492
GCCCAACACTATTTAT,1492
TGATATTTGATTTTGG,1492
ACAAGTCTGATACAAC,1491
GGCAGACCAGGTTTAA,1491
AAAGTTGCCTGAACCA,1490
AAGTAAAGGAATAGAT,1490
CAAAAGAAAACTAATT,1490
CCGAACATGAGTGGGT,1490
GGTGTAAGACAGTCAA,1490
TAATGTAACCTAATAG,1490
AACCAGGTGGCATGAC,1489
ACGAAAGTCGGTTAAG,1489
AGCAGTAGAGTCAACT,1489
AGCCGGCAGGCCACGT,1489
CCATGACAAACGACTA,1489
GGCGTGGTAGAGCACA,1489
TAATAAGTGAGATGGA,1489
ACACAATTAATCCCTT,1487
CTGCATTCTATATTAT,1487
GACCGACCATGCTTAC,1487
GAGAACTCTTAACACC,1487
AAAGGACTCCTTACAA,1486
ACCATACGGTGTCATA,1486
AGAGCAAAGAAATAGA,1486
AGCGATAACAGAAGGA,1486
AGTCCCTGGGAAGAGA,1486
CCAGCATAGGCCGAGA,1486
CTACTTTCTTGGATTT,1486
ACGATTAACATATGGA,1485
ACTGCATGGAGTGGGA,1485
ACTTGAATCTAGTCTC,1485
GCTCCTAAACTAAAGT,1485
CAAACCAGGGGATAAT,1484
GACTCGTAGATAAAAA,1483
TACAATATAACCTTAA,1483
TGAGAAATACTTACTT,1483
ACGCTCCAGATGTACA,1482
AGTCAGAGCTCCAAGT,1481
ATTAGCATCACCAAAG,1481
GAATACCTTACGCGAA,1481
GCATCGAGCGACGTAC,1481
GGAACATCTCACGATA,1481
TGTCAATTAGAAAAAT,1481
ATGATATAATAAGGCT,1480
GTATGGATAGAGATAA,1480
TACTCAAGTAGGTCAT,1480
TATACGATCGTCTAGA,1480
AAGAGATCTCAATGAC,1479
AGCAGGTTTCAACGGA,1479
CATGAGTGTACTCCAA,1479
GCGTGCCGGTAGTCGA,1479
TCCGCGCGATGATCTT,1479
TTTTCCTAACTATAGG,1479
AAATTATGTATGTCTA,1478
AATTCTGCAAGCTAGT,1478
AGACCCTTAAGGAATG,1478
GAGCTAGATCGGAAAC,1478
GATTAAAGGGCCGGGG,1478
GTGATCTATTCATCGA,1478
GTTTGAAGACTGCAAA,1478
ACCGGAGTGTTACATA,1477
CGCAGGCGGCCATGGA,1477
TCCGCTCAAACGTATG,1477
TTCGTTGCCGCTCTGT,1476
TTTCAGCTACATTCTT,1476
CGTACAATCCCATATA,1475
TCCCGAGATTACACTG,1475
CGTAGAACTTAATATT,1474
GGCATGAAAGCTTCCC,1474
TATGGATAAAAGACTT,1474
ATTGGCAGTATAGCAA,1473
GTCTGGATGACCCAGT,1473
TAATATGATGCCGTAT,1473
ATGGCGACAACATAGC,1472
GGCTGGTTCCCCCTAG,1472
GTTGCTGAAGTGACAA,1472
TAGGCGGTATACTTGA,1472
AGAACCATAATCTCTC,1471
CTAAGCGTGGAACCTT,1471
CTCAAACTCAAGAAGT,1471
GGACGATAACAAAGAA,1471
TACCTATTAAGGCTGC,1471
TCGAACTAGCTTTAAA,1471
AAAGTTTCTTAGTTTA,1470
ACCTATTCGAAAAGAT,1470
CATTTTATCCTTTTAT,1470
GAGCAGGCGCTATAAC,1470
TAACTGAGTAACTCGT,1470
TTCTAACGTAATTGAA,1470
CCTTAAACCGAGGAGT,1469
TAATAACCAACCTGTT,1469
GCGTCTAGTCCCCCCA,1468
AAGGCTAGTAAAGGGG,1467
GAGAAAAAATGAAAGA,1467
TAGGGCCGGATCAAGG,1467
ACCTCCGTGTTGACAC,1466
GCTCGCAAAGCTAGAA,1466
GTCCGAGAATCAGCAA,1466
TGAATGGCATCCACGT,1466
ATAGGATGTTCCACGA,1465
CATCGTAGGTCGATTA,1465
GAACCATCCCATATAA,1465
GTAACTTGAGCTCAAG,1465
AAATTGGTTATAAAAG,1464
ACCAAGCTTAGCTACA,1464
CTCTCAGTGCGGAATA,1464
GCACTAAATCAGGGGT,1464
GCAGCAGTTCAATCCT,1464
GCCTAATGTACTGCAA,1464
GCCTCATACCCTAGTG,1464
GGGAGGAACCTGCCTG,1464
ACACGAACTTCCCATT,1463
CAAAGAGTATTAATTC,1463
TTCCCTCGCTGCCAGA,1463
AGGCCCTATAACTAGA,1462
CACGCGGAACAATTGT,1462
CACTTGTTTTATACGA,1462
AACAGAGTCTATCCCC,1461
CTCATATATGCCCTCA,1461
GCACCGGATGAACTTA,1461
GTTGGCATAAAATAAA,1461
TGGCCAACCAAAAGAG,1461
ACAGAGTGACGGTAAT,1460
CTGTTACCGGAAAATA,1460
TAGCAATCAAGGAATT,1460
CGACATTGCGTAAAAT,1459
GGCGCTGTGTTATCGG,1459
GTTAGCAACCTGGCAG,1459
TAACTAAGACACAGAA,1459
TATAGATATACCTCGA,1459
ATAAAATCGTTTTCGT,1458
ATACATTATATGTATT,1458
AGCACCAATTCTGTGG,1457
CCTTAACGTTAAAATG,1457
GGTATCGCAGGGTAAA,1457
TTCAACCCCCCCTAAG,1457
ATACCCACAGCTAGAC,1456
TGTCCCTTATGCGACA,1456
AAGGTACCATATTCAC,1455
CTAGTGCAATATTTAG,1455
TAGGTACCGTGTTAGA,1455
TCCCTAAATCTAGCAA,1455
AATTTCGAATGCTAAA,1454
AGGCCTTAGGGCTAAA,1454
CGCTCAATATGAGTAT,1454
GAGCAAGTAATAGACT,1454
TACACGATCCAGTTTA,1454
TATCAGACCATCACAA,1454
TGTTGCACTATGCATG,1454
AAAAAATCTTTTAATA,1453
CTCCTATCATAACTAA,1453
GAGTATTTCCATGGTA,1453
CGGATGTAATAGTTAG,1452
CTAACAAAGGGCTGCC,1452
TAAACATTAGTAAGAT,1452
AAAAAGTAGCTAATAC,1451
AATTACGAAAAGCGTA,1451
ATTGCGCGAGGCCGTA,1451
CTTTGATGGTACAAGA,1451
GCCGATCGTTTCAGAT,1451
CAGAAAAAAATGTCCC,1450
CGAAACTACACTATTA,1450
TCTAAGATAAGCAAAT,1450
CGAGTAAAGAGTTGAG,1449
TACGACACAAAAGCGA,1449
AAGGATATAAGCTGCT,1448
ACCAGAGGTGCTAGCA,1448
CTCACTATTTCAGAGT,1448
TAACCATCAAGGCGGG,1448
CACATATCAGCGCATA,1447
CTGGTGTAGGGCTAAA,1447
CTGTGTAATCGCACAA,1447
CTCGCTACGAAGAGAC,1446
GACCATGTGTCTGTTA,1446
TCTCCCCGGTAACGAA,1446
AACCCACGGTGCCTGA,1445
AAGCTTGGAGAAGTAA,1445
CGAATAGCAGCATCCC,1445
GTCCATATGCCGTAAG,1445
AAGGTGGACAACTAAT,1444
CGGGTGTAAACATTTA,1444
CTAATAACGGCGGCGA,1444
GAAATACCTTAACATT,1443
GAACACTTGGCATGCC,1443
GAGCCAGAGTCCCAGA,1443
GATTATAAATAATCTA,1443
TAATACAATGAGGTAA,1443
AAAAATAATAAAGAGG,1442
AGCCTGCCCAGGTAGC,1442
ATACACATCCCATGAG,1442
CAGTTTAGTCTTGGAA,1442
GATCATGACTGGATAA,1442
GGATATGATCGAAGAA,1442
GTATGGATTATATTAC,1442
TATGTCTAATCTGTCT,1442
ACTAAAGTAAACGGAA,1441
AGGATTATAAGGCCAT,1441
CAGGCAACAAAACATA,1441
CGCCCTTAAAGTCAAG,1441
GAGCAGGTAAACTATG,1441
GGTAAAAATCAGCAGA,1441
GTGTGTGTCAAAGAAA,1441
TTGTAACAGCTTGGAA,1441
AACGCTCTACCATGGC,1440
ATTAGAAACAAATGTA,1440
TAAGTTAAATATCACC,1440
AATATGCCTTCATTCA,1439
GATATTCACCTCAAAC,1439
ATAGGTACATAAAAAG,1438
ATCTTGGCGCTCTCGC,1438
ATGATGGGAGGTCGAG,1438
CAACTTAAAGGACCGG,1438
CTAGATGTCTAATACT,1438
CTTATTGACCTTCGAT,1438
GTATGCATAGAACTCA,1438
TTGATGAGCAAATAGG,1438
ACGTCTATCCTGGCTC,1437
TCAAACGACAATGGAC,1437
AAGGATGATCGTTATC,1436
AGCAGTCTGCCCTATA,1436
TGTAAAATGCGCATAT,1436
AGGTATAAAGTCAACT,1435
CAGATATGCGGAGAGT,1435
GAATACTATAATCTGA,1435
GGCTCCAACACGATTA,1435
GTTTAGCTCAAGTTAT,1435
AACATTCCCAGAGATA,1434
ACACCATTCAGCGTAT,1434
ATCGGCTCCCACAAAG,1434
AAGAAAGAGCACCCAT,1433
AATCCCTAACAGGGTA,1433
ATAAAAACTTTCAAGG,1433
CATCCTAAGACGTTAC,1433
GAGGATATCGAACAGA,1433
ACGAATGTCATAGTAA,1432
AGAGCGCTGACTACAT,1432
ATATTATCGTCACCAA,1432
TACCGTAGACTCTCAG,1432
AAGGGCATAGAGAGAA,1431
AAGTCCCCATAGCTTA,1431
CCAGGCAAAATGTACT,1430
TAAATGCGCATCAAGA,1430
AATTCATGCAAACGTA,1429
CAGCTAAAAATAAGTA,1429
GAGATCGTTATGAAGG,1429
GTGGGAAAGAAAGGGT,1429
TACCCCTCTGACTTTT,1429
CTATGAAAAGACAACA,1428
GTGAACGCAAAGATAC,1428
AATGAGGGGTTGGAAG,1427
ACTAGGGAAGCCAATG,1427
CACGTAATAGAAAACG,1427
CTACCGGCAGACATGC,1427
CTGCTCCACTGTCGAT,1427
GAGGTGAGTTCTGCTT,1427
GCGGTTAACAGGATTT,1427
GCTAAATTCATCTAAT,1427
TAAGAGCGCTCAACAC,1427
TTAAAGTTTTTCTGGT,1427
TTGACAAACATATTAA,1427
AAATTGCTAACCAATT,1426
AGAGAACTATAAAAAA,1426
GAATAGATACGAGGAG,1426
TAGGGAGTCGAAGTGG,1426
TATGTCGAGTTAATGG,1426
TCGCTATGAATAAATA,1426
TGTATACATTACTCAA,1426
ACCCCACCTTACTAGT,1425
AGTCGAGGTGCATTCA,1425
CATCAAATTAACTAAA,1425
TTGATGGACGCGCAAT,1425
CAGCTAACAATATTAA,1424
CATCAAGCTTATTTGT,1424
CGGGCCCCTCTGCGAA,1424
GATGCACTTCCCCTAT,1424
TTATCATAAGCTTGTA,1424
ACAGTACCGAAGTGAC,1423
CAAGCTACAAAACTGT,1423
TACCGTGATGAGCCAG,1423
TCTGACAGGACCGACC,1423
AAAGCTATCAAATGAG,1422
AAAGCTGACTTGCAAT,1422
GAACCTAGAGTGGAGC,1422
TGAACTGCCGCCAGTA,1422
ATGAAGGGCGAACAAA,1421
CTAGGGATACACGCAA,1421
TACCCCGATGTTTATA,1421
TTACGACTACTCATAA,1421
ATGCCTGAGTTCCACT,1420
TGATTAAATCCCAGAA,1420
AATAAAAATAGGCAGA,1419
GTGAACGCCTTTGGGC,1419
AAAAAAGGGTTTGTGA,1418
CCAAAAATGAACCAAG,1417
CGCTGAGCTGATAATT,1417
GAGGTCGCAAAGACTA,1417
AAATAACTCGTCACGA,1416
ACTATCAAGCAGGGCA,1416
AGACCGTATTTCAAAT,1416
CAGATTACCCTAACTT,1416
CATGCAGAGATAGCTA,1416
TAGAAACACCTTGAAA,1416
TGAGGGTTGTGGGACC,1416
TTATTTCAGGGTAGAT,1416
CCCAATCGCGACGAGG,1415
GTAACGATTCTTTTAT,1415
TCCGCCGTTTACTAAG,1415
AAAATTTCTTATCTCA,1414
ACGGGGACGTCAGTGA,1414
CCCGGATCCTGCTTAG,1414
TAACAATACAGATTGG,1414
TAATACCCAAGATTAG,1414
TCTAAGGAACCCTTAA,1414
TGCCTGATATATAGTA,1414
TTAAGGGAGTAGACAG,1414
TTTAGTGATAAGAGAA,1414
CGATAAGGCCGCCAAG,1413
CGTTGGTACAAGCCAA,1413
CTCATGAGCACTGAGA,1413
GCGAAAAAAAGACTGA,1413
TCCTGCGTAATCTGTA,1413
TGTATAATCGCGATTA,1413
ACTAACCATTTCAAAT,1412
ATTCCCTCTAACGCAT,1412
GCGAGACTTTTACCTC,1412
AAATCCCTGTAATATA,1411
ATGAATTGCCAAGTGA,1411
GACACCAACCATGTAT,1411
GCGTCTTACGAATTTA,1411
TTTCTTGATAAATGCA,1411
AAAGCAGTGATAACGA,1410
CCTCTCAAGATATCCC,1410
CAATACAGAAAGCATT,1409
CAGAGTGTTCCACTGA,1409
CCAGAAGCCGCTTCCA,1409
GACTTAACCAATAACT,1409
GCAATCATCACGAAGA,1409
GGACAGGCTGTCCAGT,1409
TGAAGAGAGGAGCTCT,1409
AGTCGTTGCTTGTTAT,1408
GAGTGTTAAGAATTTA,1408
TATAAAATGCGCCAGA,1408
ATACGATTACAAACTG,1407
CCTGTCATTTACTCCA,1407
CTGTCCAGAAGAATAG,1407
TTTCTCCCAATCTACT,1407
AAAACCCCGACCGAGG,1406
CAGATGTCACGTATGT,1406
GTGCCGCTCGTATTAG,1406
TCACAGAGGTAAAATA,1406
ACGGCCAAACCATAAC,1405
TATTCTCCGTGAATTA,1405
TCTTGACAAGGACAGA,1405
TGAGTCTGTTAACAAA,1405
CCTTCAAAAACAATGT,1404
CTTGTCTTTGAAAGAT,1404
TGTATTCTCAGCGCAA,1404
CTAAAAAATCTAGTCA,1403
GTAGGAAACCAAATAG,1403
TACTAAAGCCCTAGAG,1403
TGATAAATATCCCCAT,1403
ACTTGATGGGCGATAT,1402
ATCCTTTGGCGTTCTG,1402
CAAATTACATAAGTAC,1402
CGAACGAACGGTAGGA,1402
CTTCCCGTGAAAACGA,1402
GTCACTCAGTAAAAAA,1402
TAATAATTCACTGGAT,1402
TTGCGCGGATACGCAT,1402
AAGATCTTAGGACCAC,1401
CCTTTAAAACCAGGCA,1401
CTCAGTGAACTCTTGT,1401
GTACTTTAAGAATCAC,1401
TCGCTAATAACCTCGG,1401
AGGTTTCAGTACCCTA,1400
TAGGTGGTCTATCATA,1400
TTTACATGCTACCCAA,1400
CAGTAGCCAAAAATGA,1399
CCCCACAACTAATAGA,1399
CCTCAGGGCTGCATAA,1399
GAATAAAAGAAGAAAA,1399
TCATCCAGTCTAATAA,1399
TTAATCTTAAACTCGA,1399
CAGCTAAAATGATTCT,1398
GCCGCTCTTAATTGAA,1398
ACTTTATTGTGTTCTA,1397
ATCACTAATGTCCGAA,1396
ATGATTGCGTGTTTGG,1396
CGGGAGAACATTCACA,1396
TAATCCACAAAAACAA,1396
TTGCGTGTTATAATTT,1396
AACGACTTATTCCCAG,1395
ATGCGAAGCACGGCAT,1395
TCCCTAGTGACAGTTT,1395
CACTTATGCGATGTGT,1394
TAATAGGAAAAATGAA,1394
AAAGCATCTATGAAAT,1393
CAGTGATCACCGTGAG,1393
CATGTTTAGATAGGCT,1393
CGGCCAAACGGAAGTA,1393
CTTTGAAGGAGTCTAA,1393
CCTAACCGTTCCTTAA,1392
GCGACTATAAATTAAA,1392
TACCAATACCTCGTAA,1392
TAGGATCTACGTGTAA,1392
AGTGCTACGGTCTATG,1391
GACGATCAGCAAAAAA,1391
GCAATTCATCACTCAA,1391
GGAGCCGTTTGGTAGG,1391
TAACTGTAGTGTTAGA,1391
TAGCAAGTGTGGGTAA,1391
TGAACTTTCAAAAAGA,1391
ATACACCAACAGGGGA,1390
TAAATTTGGAAGTGAA,1390
TCAAGGTTTGAACAGG,1390
AGCAACGAGTACCGAC,1389
ATACATAAACATCCAA,1389
CGAGTGGTCTTCGTAA,1389
CTTTAGACAGATGTAA,1389
GATGCAAAGGTGGAAT,1389
GCAGGGTCTCCTTTCA,1389
GTGAGAAACTTATAGA,1389
TTCCTCACGCGCCGAT,1389
ATTCGAGTCATTACTA,1388
GACAGTAAGGTAGAAA,1388
GATTGGTTACATATAA,1388
GCCCGCACCTGTGACC,1388
GGAAATTCACGGTTAA,1388
TGCGTTTAGTCAGGAA,1388
TTGGATACGGATCAAG,1388
ACAACTGTTGCCTCCA,1387
CGTCACAGTTGAGAGT,1387
CGTTAGATCATTCTCA,1387
CTTTTAATGCTATAAA,1387
AAAGTTACGAGCTGGG,1386
AATGCTAACCGTAAGA,1386
ACGACAAATTTTTGAG,1386
ATGGCAACACGGCATA,1386
CAAGTAACCAGATCCT,1386
GGCCAGATACATCGGG,1386
TGCGTACAGCCCACAA,1386
TCTTACTATTTATTTA,1385
AGCCAGTAGATCACAA,1384
CAAAAACATTCACAAA,1384
CATATAGAGCCGCCAG,1384
CTGGAGTACGCTGGAA,1384
GAGGTCCCGCAGCACA,1384
GCTGTAATTGGGCCTT,1384
TCAAAATTAAACGCCC,1384
AGGCCAAACCCAAAAA,1383
GCAATCTCTAATAGGG,1383
GCGGATACTGTAGAGA,1383
TTTTGAGTCCGACCAA,1383
ACCATCCCTATGAGAG,1382
ACGAGCACGAACATAG,1382
AGGATTGATTAGAGAA,1382
CTTCTTTTTCATAATA,1382
GAAAGGGATAACGTGG,1382
GACTAGATATAGATTT,1382
GCGAAGTTGATCTTTG,1382
TAAAAGCCATAAATGT,1382
TAGACATAAGCTCCCA,1382
AGCCGGCTACAAGTAG,1381
ATATACCACAATAGAG,1381
CAAGTACAGACGCATG,1381
CGAGTCCACACAGCTA,1381
GCGCATATGTGAAATC,1381
AATATGTACTACATTA,1380
ATTACAATCAACGGTC,1380
CGAACAATATGATTAA,1380
GGAATTACTTCCCATT,1380
TATAAACCCGCAACGT,1380
TCAGACACACGAGAAC,1380
AAGGATATTGTTGTTA,1379
ACGCTGTGTTCAACTA,1379
TGATAAAGGATTGCAT,1379
ACAACCATCTGAAGAT,1378
GCATGTAAATAAAACT,1378
GCTCTTTACTTAAACA,1378
TTAGACTAACAGACCT,1378
AGGGTCTCTGTTCTGC,1377
ATTGCAAACGGGGCCC,1377
GAAAAAGATGTGGTTT,1377
AGTTGTCCCGATACAA,1376
CATATTGCACAGAGAA,1376
CGGGACTAAAGTAAAA,1376
CTTAAAGGACACGCAA,1376
GATGAGCAAAAAGCTA,1376
TCCACATAGGAACCTA,1376
TGGCACGTGAGTCAAT,1376
AACCGTAGTCTAGCTA,1375
ACTGCCCCTATATCAA,1375
GCATGCAGAATATAAA,1375
GGAGAACACAAATAAA,1375
CAATTCATTTAAAGCA,1374
GGAAAGAGACAAGCAA,1374
GTAATGCCACTAAGAA,1374
AAACCTAGCATTGGAG,1373
GAATATTACCAACCTT,1373
CCAAAGCTAAGCGTTT,1372
CTATTCTTACATAAAA,1372
CTGTTCCATTAAACGT,1372
TATTACAGTCCGCCAC,1372
TTACGACATTGAGGAA,1372
AACGAATAACGTTGAA,1371
ACAACAAAGGAATGGA,1371
ATTCGAATTCGCGTAG,1371
CCGTGTGTAATTAAAC,1371
CGGGGGGGCCTTGCTA,1371
GGGGTGACGAATACAT,1371
TAATCTCTTACAATGT,1371
AATAAAAAGTAGTATT,1370
ACTTGGTACCCCTAGG,1370
AGTCTTTCGCTTCCTG,1370
CGAGAGTACTGTGGAC,1369
GTTGTAATGAACGTTA,1369
TAAAGACAACGTGGAC,1369
TCTGTTAATGACGTGA,1369
GATGTCGGTCCAAATA,1368
TTTAGGAACGTTGTAA,1368
TTTTAAAATCAAGGAA,1368
ATGTGAAGAGTTGTGT,1367
CAGACGGAAACCAGAA,1367
GGTCAGTGAGGTTCTA,1366
AAAGAGTTGTTATTAT,1365
AAATAAAATTAAGTCT,1365
CCCTTTAGGGCCGCTT,1365
CGTACAATAAGGCAGG,1365
GCTTTCTGTCGTGAAC,1365
GTGCCTAAATGGGTAA,1365
TAGACGAATACATTAA,1365
AATTCCCTACAATAAA,1364
GCTTGTATTATACGAA,1364
TGCGGTGTTGAATGGC,1364
AACTGAAAACCTTCCT,1363
AAGGACTGTCAAAAAC,1363
ATCACGATCGCGTGAT,1363
ATCCGGCCCCAATAGT,1363
TCTATTCCCTAATCAA,1363
CAACAAAGCATTCTAA,1362
CTTAATAGGTTTACAT,1362
GCCAGTAAGGTGAATA,1362
TTATGACTCCGAATTA,1362
ATTAAGGCTGGCTGGG,1361
CTCCTTGCCGCACCGA,1361
GTCTGGGAAACTGAAG,1361
ACCACAATCAGACATA,1360
AGATATAATCCAGAAG,1360
TCTAACAAATGGTATA,1360
TGTTGCAGGGGACTAG,1360
TTGCCCTATATGATGA,1360
AACATACCTTTCTAGA,1359
AGGAAACAGTATCCAA,1359
ATAAAGAGGCCACCAA,1359
GACATACAAATGAGGG,1359
CTCCCGGTGATCCAAA,1358
CATTGACCTCACCATA,1357
CGGTCAACACGCATGA,1357
CGTTCACCAATATACT,1357
AATAATACAAAACTAA,1356
AGCGCAAATTATCCCA,1356
AGGGTTCAAGTCCTGA,1356
TCCTTTGTTTACTTAC,1356
TGCAACCTTTCTTATA,1356
ATACTGTAAGCCTAGA,1355
CAGCGAAGAATTATCA,1355
CTTCAAATTAGCGTAC,1355
GACAAGGAGATATGAG,1355
GTAGTGCTAGCCAGTT,1355
TTCGCAGGCTTCTTGG,1355
AAGGAATAGTAGACAA,1354
ACACGAAGTTCTGCCT,1354
CAAGCCTAGACGTTTT,1354
GTTCCTATGCCGCACT,1354
CTATTGTACTGTAAAG,1353
TACCATAGTTCGTCCA,1353
CTATCTATGAATACAC,1352
TCATAACACAAGCCGG,1352
AAGGAGAGTAGTAGAG,1351
AGAAAAAAATCAGCCT,1351
ATCGGCTAGCCTAAAT,1351
ATTACCCTGCGGTATA,1351
ATTGCTCCAGACAATA,1351
CTAAGAGAAGCTAATT,1351
GAATACAATCCATGTA,1351
AATCGTACGCTTGTAA,1350
CTGAAGAAGTAAGAGA,1350
GAGAGAGCAGATTGAT,1350
GATAAATACCTTTTTA,1350
ACGACTAACCTTTCCA,1349
CCATCAACAATAGAGA,1349
CTAACACTGTTTATGA,1349
GGGGAACAGCCTACAT,1349
GTCTGTATTTGCGGTA,1349
TAACTAAACCCTCTCA,1349
TACGAATAATCCCTCA,1349
TAGTTCAAAGGACTAA,1349
TCCTCGCATACGTCCT,1349
AAAAAGGAATAGTAGA,1348
AGCGACTGTCGTATAA,1348
TACGCCCCGGCCTGAC,1348
AAAAGGGCTTATAGAC,1347
AAGATATTGTAAAAAG,1347
AGCCCAGGTTAAAATT,1347
GTGATAGCTAACAGGG,1347
TGATTGCATGTTCTGA,1347
AGTCGAGATACGGGTA,1346
CCAGAAATCGGACGAA,1346
CCTAAAAGTATAGGAG,1346
TATGCCTGAATCCAAA,1346
AAATTGGAATCACAGG,1345
ACCGACCGGTCTGCAG,1345
ACGAGCTGATGATGGA,1345
GCAATCTTGGAAAAAA,1345
TAAAGAATTGCACATT,1345
AATCCATGTCCAAAGA,1344
ACCGGTCCGTGACCAT,1344
TACCGGATAGGCCAGG,1344
AAGGGGATATGCAATA,1343
TATTTAAACTCTTTTG,1343
CAAAAAATGCTTTGGA,1342
CTAAATTAGGTTAGCG,1342
TTGAAACGCCGGGAAT,1342
CAAACCTATAACTTGA,1341
GCAGGGCAACAGGTTA,1341
TCTCTCTGGACGCCAA,1341
ACATATGGATTTAGTT,1340
CAACTCTCTAGCTAGA,1340
CGTGACAGACCATTGG,1340
GGGACACGATTAACCA,1340
TCCCATTAGAGATACC,1340
TGAGCGGATTACTGTA,1340
ACTATGACAGACAGGT,1339
CGCAATTTAATAAAAG,1339
CGTTCTCAACACAGAC,1339
GACCACAGGACAGTAA,1339
GGCCAAATTGATACGA,1339
GTGACTTACAACTAGA,1339
TTGCCTCTAGATTTTA,1339
AGTACAATAGGACACA,1338
CACTGAGGGCAACCAA,1338
CAGAGAACGCAGTTAT,1338
GCATAGTTATGGTTGG,1338
TGGAGCTTTCGCAAAA,1338
AGCGGGGCCATTCAGA,1337
CCGTTTTAGAGATACA,1337
TACCAATACACACATA,1337
TAGCACCGGATGTCAT,1337
TCCAAGAGGAATATAA,1337
AAAACATTCATTGAGC,1336
ACTCCAATCGAGATCC,1336
AGTGCGACACCATTAA,1336
CGTGAGCATTGTTCAA,1336
GGCCGGGTAAGCCCTG,1336
GGTATATATAAATACG,1336
GGTATTCTGGCACAAG,1336
GTAGATTTATTCAAAT,1336
TGTATAAGTAGAAGGT,1336
CGATACCACATATCTA,1335
CGGATAAATCACGTGA,1335
CTTATCAGGCATCAGA,1335
GTTTCGTTAACGAAGA,1335
TGTCATAAGCTAGAAA,1335
AAAAATAACGTAATCT,1334
AACGAAAGTTCATATA,1334
AATATGATTTGGTACC,1334
ATTACAACATCACGCA,1334
CGGGATATAATCAGGG,1334
TACTCTGTTGAGTGCA,1334
TGTAAATTGCACCTAC,1334
AAAAAACCACAGAAGA,1333
CACGCGCTGAACTAGT,1333
CCTGAAGAACGACAAA,1333
GCGAGTCATGATCGTG,1333
GCGGGACCCCTCAAAT,1333
AAAACCAAGAAAGAAT,1332
ACAGGCAATCATCAGA,1332
ATGGGGATACCAACTT,1332
CAACCTGCACCGACAC,1332
GCGCCGATGAATCAGG,1332
GCTAGACTGACGTGAG,1332
CGCTAATTAGGAGGAC,1331
TAGAAACGCACAAACA,1331
AGACATACGATAGCAC,1330
AGATACCGAATCAAAA,1330
AGGTTACCAGCCTACA,1330
GAAACTAGGCTAGAAT,1330
TACATTGCATAGCCTA,1330
TCCAACAGATGCAACC,1330
ACACATGTATGACATT,1329
CCCCTGGGATACACCG,1329
CGCCCAATCAGTATAC,1329
TAATCATACTCCCTTA,1329
AACAAGGGCCTCGCAT,1328
AATTCAGAGCGAACCA,1328
GATATAAGGCCAATTA,1328
AACAATATTGACTGGT,1327
CAGTAATTTTATAGAA,1327
CGCAATGTATGAATAG,1327
GACCATACGATGTAAG,1327
GATACTGTATAGCAGT,1327
TGCGAAAACGTCCCAG,1327
AGAAGTAAGCAGTACT,1326
TCGACGCCAAAATGAA,1326
CTAAAATACCCAAGGA,1325
TTGGGTCTGAGGGAGT,1325
AGCAGCAATAGATATA,1324
AGTCCTAGATCGTGGA,1324
ATCTAAGTAGTTCTAA,1324
GAGCTAACATCGAAAA,1324
TAAAACGATGACCGAC,1324
AGCCCAAGAATAAAAA,1323
CCAGGCTCTAGAAAAA,1323
GAAGTGACTGTCAACA,1323
TAAGGCTAATAGGTAG,1323
TTCAAGCTTATATGCA,1323
TTTTAGAAGTAGAGGA,1323
AAGTATGAGAAGCTTA,1322
ACTCAAGGCTAAGTGG,1322
ATTCGAACTACCTTAC,1322
CCTAGTTAGAACCTTA,1322
CTTCAGACTTATATGC,1322
GATATATCACAAGATT,1322
GATTCAATCCGGACAT,1322
GGTATTACTAAGGGGA,1322
TGCGGGGTGCTTTAAA,1322
AATTGCCGCTTATAGC,1321
CCACATACTTCTTAAA,1321
CCTCGGTGCAACATTA,1321
GGGATAACGGTTGTAG,1321
ACATCCAATGATTGAA,1319
AGTGATTATTTTTCGA,1319
CACCACGAAATGCAAA,1319
TGGAGGACAAAAGCCA,1319
TTGACTAGGATATGGA,1319
AAGTCGGCAAAAGAGA,1318
AGAACGGCATAACCTA,1318
TTAACATGGCCGATGG,1318
AAGACATAATTATGAA,1317
ACGCGCCTGTGTCACA,1317
GACGCATCTATAGATT,1317
GTTCTTAAAGTGACAG,1317
TTCAGTCGCTACCGTA,1317
CTCTCCAAATGAGGAC,1316
GCACGAAGTTGTTACT,1315
CGAGACCTTCAAATTG,1314
GAGACAGTATGAATAG,1314
GGTGAAATTTAGCCAT,1314
AATATAGGCGTACAAG,1313
AATTCGGTAGTGTTTT,1313
TAACAACAATATGATA,1313
TGACCCCAGTACGAAG,1313
AGTGGTTAGATTGAGA,1312
CCTAAAAGAAATGGAG,1312
GGATAGAACCGTGCGG,1312
TGCCCGTTAGGGAGAT,1312
AGGGGAACTTGTACCA,1311
CAACTTGGGGAGTGAC,1311
CATTACCGAAAGCATT,1311
CGGCTAGCAAGCAACG,1311
GCGCCCCTTAAGGGCA,1311
TGGTACTAGCTCAACA,1311
ATATCTACAATCTGAA,1310
CAGACAGAACACTTAG,1310
TTTGAAACTCATAGTA,1310
AGGCACCTTCTCCCTG,1309
ATTATGTAGTGGAACA,1309
CCGGGTTGAGAACCTA,1309
GACCACGTTTACCGAC,1309
GTAACAGTTCACACTA,1309
TTTGGAGCTAAAAGAT,1309
AAGGGAAGGTTCGGGA,1308
CTCTTCCCACAAGCAG,1308
TCGGTAAAACAATCTT,1308
TGTGGGTAAGGAAAAA,1308
TTCGTACTGACCGGGA,1308
CATTGAAAAAGGGAAA,1307
CTAGGGCCCCTGTTGA,1307
CTAGCCTGATCGTAAA,1306
GCGAAGAACAGCACCC,1306
TACAGCACCCCCAAGT,1306
TAGTCCGACATTCCAA,1306
TCCTTGCTACGATCAT,1306
AACCCCACGTGCCAAA,1305
ATTGAATGTAATCAAT,1305
GAATCAGGGCAGATGT,1305
GTAAGATTACAATACA,1305
TTTATCGGATACTAGA,1305
AGAGACTAACCGTAAA,1304
ATAAAGGCGTCACAAC,1304
CATAATCCTGAGCCGA,1304
GAAACCGCGTATCCTC,1304
GCAATCAGACAGCCTA,1304
TCTATGGGAGCTGTTA,1304
ACACCAATCGTAACTA,1303
CCGGAATGCGCTGTAG,1303
GGAATAGGTAGTTAAG,1303
TATAAATTTTTAATAC,1303
TCCCCTCATCTTATAA,1303
TGATCAGAGAGTAAAA,1303
AAACCAATTAACACAC,1302
AGAAAGCCAGTAGAAG,1302
ATAGTTATATGATGGA,1302
CACCCCTATACGGGTA,1302
CTCTGCTAAAGCCTTA,1302
GACCATTCGAATCCTA,1302
GGTAACAATCCATGAT,1302
TTAAGTCATTGGTGAC,1302
ACTTGAATAATAATGA,1301
CCAATGAACCAAGAAA,1301
CGAAAGCAAAAAGCTA,1301
TTGGGTGTATGCAGAT,1301
AAATGCAAGCCCCTAT,1300
AATGCTTAAAGCTAAT,1300
AGCAAGGTGTTAAACC,1300
AGGCAGTAATATGGAA,1300
GAACTACCGTGATCAC,1300
GCATTCCCAAACAATG,1300
GGATCGGAATTAAAGC,1300
TGTCGCCACAAGGAGT,1300
AAAATAGCCAATGATA,1299
AAACATGCTGTCTGCG,1299
AGGAGTCAAATGGTAC,1299
CAAGTGCTCATTAGTA,1299
CTGTATATTAATGAAA,1299
GACTGGACTTCACCAT,1299
AATATAATAAACCAAG,1298
GAAAGCACCAGTTGCG,1298
GTATAGTATTAAATTA,1298
GTTGCCCTCCATAGAT,1298
CGACACCCCTACAGAA,1297
GGTGGCGTGCCCCACA,1297
AAGCAGAGTATAGACT,1296
AGATAACAGATACAAA,1296
CGTAATATTTCTTAGG,1296
GACTTAATATCAAAAA,1296
GATACCAGCAAAGCCC,1296
CAACTTAAGGAACTCA,1295
GGATCTCAAGCAAGGG,1295
TAGCCAACGAGCAAAT,1295
TCAACGGGTCAATACA,1295
TGAAGGAGATATTAAG,1295
TTCTCAGTGGAAGTTA,1295
CAATGAAATGCTTAAA,1294
TGTCAGAAAAGCAAAA,1294
AGCGCTAAGTTTCTAA,1293
CTAGTCCCCAGGAAGC,1293
GAGTACAACTCTCCCA,1293
TAAAACGAACCAATTG,1293
TCAACAACAAGGACGT,1293
ACCAGGAAGCCGTAGA,1292
ACTACAGTATGACATA,1292
ACTGCTACTAAAAGAA,1292
CTAAGCTTACAGTTGT,1292
GGTTAAGGCAAGTTAA,1292
TACGAGAAATTGTAGT,1292
TATCTTACTTAAGTAA,1292
AATATAAAACGAAACA,1291
ACTATCGGACGTCTAA,1291
CGGGTCGCAGTGAAGT,1291
GAATGCCTTGTCGCGT,1291
GCAAATGAAGCTTAGT,1291
GCCGAACAGTCCCAAT,1291
TCTAAAAGTTCTTAGA,1291
AAACTTAAGCACCCGG,1290
CACTACCGTCGAACAT,1290
CTGATAGGCTTAATAT,1290
CTGTAAGTGAACCGAA,1290
TAGAACAAGCGAAATT,1290
TTCTGAGCTGTTCATA,1290
AAATTAGTTCTCCAGA,1289
ACGGAGTGAACTTTCA,1289
AGCCTATCTAGATGTG,1289
CAGCGGATTCTGAATG,1289
GTACACCTAATAAAAG,1289
GTAGAATCCTGCGGCA,1289
GTGACTGCAGACAAAT,1289
TATTCGGATCTACCGC,1289
CCCCTCCTTTTACACA,1288
TCACCCTTGATCCCAG,1288
ACGAAGAGGAAAAGAT,1287
ATCACAATTTCATAGA,1287
CGGTCAATAATGTGGA,1287
CTAATTAACCTCAAAT,1287
GGTAGGCATTGAGGGC,1287
TTACAACAAGACCTAA,1287
CATTTCAGAAACACCC,1286
CCAATGCTTGATTGGA,1286
GTAGTGATCCGTATCA,1286
AACATCGTTTCCCTAT,1285
CATAAGTACAAACGAA,1285
GTGGTTCCATTACCAT,1285
TGCCACGTGCTACCCA,1285
GACGGGATGAGAATGA,1284
GGACAGTACAACGAAG,1284
GGACATCACTTAAGTG,1284
TCCACCGACCGGATAT,1284
AGAATTTGGTGCACTC,1283
CCACGCGCGTAGCATA,1283
CGTCCAGTGGGAAGAA,1283
GAACAAATGAAAACCG,1283
GTTCTTTTAGCTGTTG,1283
TGGTGAAATGATAATA,1283
TTGTTTGTACAATTAA,1283
ATGAAAAATTGAAGCA,1282
CATCCTGCGGGCTAGG,1282
CCCCAAGTGCTGCTGG,1282
GAAAACAAATCCGAAT,1282
GAAGTGCATTGCATCA,1282
GCAAGTACCTAACAGG,1282
AACTCTAGTGCACGAA,1281
ACCTTCATAATCGAGT,1281
ATACCCTCTCAAGAGA,1281
ATACGCTAACAACAAC,1281
CTATGGGCAATCCACA,1281
GATGATACAAGTGGGT,1281
GCCTCGCTGGGGAAAA,1281
GGTCTCAATGCCGAGT,1281
TGGATGTCGAACCAAC,1281
AATAAATTCGCATAAA,1280
AGCCTGTAAACAGATA,1280
ATATACTAATGAGAAA,1280
CTGTCATTTGCTAAAA,1280
CTTAGTTCCTAATGGA,1280
TAAAGGAGAAACGATA,1280
TACATGGCAAAACCGA,1280
ACCGACCAGGTTGAGA,1279
ATAAAACCGAGGAACT,1279
GGTACAGCACCAATGT,1279
GGTCGCTTCTTTGTAC,1279
TCGATGAACATGAAAA,1279
TTGAATTACATGCCGT,1279
CTGAGTGTCGGCATAA,1278
GTGAGCGGGACTATTA,1278
TTCAAATTTGTGGTTA,1278
AAAGTTCGGTCATACA,1277
GGAAAAAAAAAGCACA,1277
TAGGTAGTAAGTGGAG,1277
TAGGTCAGCTTGATAT,1277
TGGTATATTGACGCTT,1277
TTTTTGAATCTATGGA,1277
GCAAGCCTAATACCGA,1276
GCTAAACCCTAGTGAC,1276
GGGAGGAGCCCAGCAT,1276
TAAATGACACACCCAA,1276
TCATTAATGGCTCTGT,1276
AATAACTAGATATACA,1275
ACAGAGGTCCCCACAA,1275
TCGGTGTACCGGGACA,1275
ACAATAACGCTAAAGT,1274
ATGACCATACCTTGAT,1274
ATTGGATTGTAAATTA,1274
CATCGAAGAGTGATAC,1274
GTTAAATAGTATCCAA,1274
AGAACCGAGGTTAAGC,1273
AGACACATATGAGGGT,1273
AGATACCAATGCTCAA,1273
GAGCAAGAAACCTAGA,1273
TCCGTTGCCCAATCTA,1273
TTATCATCGATATTTA,1273
AAACAAAGGAATGGCC,1272
CCGGATTAACGTAATA,1272
GCTTAGCCTCCACCTT,1272
CAAAGCCACAAGTGAC,1271
CAGTTCGCAATCAAGA,1271
GAAGCCCACCACGACA,1271
AAAATTGGTAGAGAGA,1270
ATAGGGGGTATGGTGA,1270
ATATAACCAAACTCGA,1270
ATTATTGAGAAAGCGA,1270
CACGTTATGACCATTG,1270
GGTAAATATATAATTC,1270
TACGCATAAACGTTCA,1270
ACCAATGCTAGACATC,1269
ATCAAACTCGTCACAA,1269
ATCTCGGGTGCAAAGA,1269
GCCAAGCTACACCTAA,1269
TCAATATGCATGAGTA,1269
ACGCGATACATAAGAT,1268
ATATTAATTGGTGTGA,1268
TAGCCAATTAACGAGA,1268
TGGCGTAGCTACAAAC,1268
AACTGGACAACGTAGA,1267
AATCCTGCAGCGCAGA,1267
ATCTAAGCCACCATGA,1267
CCTGGAGTAATGGGTA,1267
CTACACGCTTTTCCGT,1267
GTTTTAATTACTATGA,1267
AAAACTCCCTTGAGAA,1266
CAAAACCGATAAAGAA,1266
CCGTAACAAGCGGGAG,1266
GGCATTAAACGATAGT,1266
GTGTAAAAAGATGAGG,1266
TACGACATAGGGGAGG,1266
TAGGCGATTAGCAAAA,1266
TGATTACCGGATCAGG,1266
AACGATAATCCAAAAA,1265
ACGCAATAGTATGAGA,1265
AGAGAAATGCGTATAA,1265
CATAACGGGTAAAGTA,1265
CTAAATGCCTTGGCTA,1265
TGTTATTCTCTCCAAA,1265
TTATGGCAAGTCAAAA,1265
TTCACCCTAAACCCAA,1265
CAGTAAATACATCAAA,1264
CGTTCGGTAAAATTGA,1264
GAATTGGCACCTAGAA,1264
GTAACGGGTCAGAGGT,1264
GTGATGTATTAAAAAC,1264
AAGCCCATGCAAGTGA,1263
CCCTAACATATCATTT,1263
CCTGGGATAAATCAAT,1263
GAAATGCAATAATATA,1263
GTCCGCTTAGTTGACC,1263
TCTACCAGAGCCGTAT,1263
TTCCACAGTGGAATAA,1263
AATCTCTGTAAAGCAA,1262
CACGAACGTAATGTAT,1262
CTAATCTTGTATAAAA,1262
GATGAAATGTCAGAGA,1262
AAAATAATAGTGCAAC,1261
TGAACGTCACGAACAT,1261
AACAGTATCTTGGAAA,1260
AAGCACACGCCTCCGA,1260
ATAAATAATAGTAGGG,1260
CAAGGGATGCGATTAG,1260
CCCTTCGGTCCACTAA,1260
GCCTCGAAAACACGAC,1260
GGGACTAGATAATACA,1260
TGAATGCAGACAAACA,1260
TTTAAACGGTTCTTAG,1260
AGAAGGTTGACGCGAC,1259
TGACGATCTGCTACCC,1259
TTACGGTATCTAATAC,1259
CATGAACGATAAACTA,1258
GGTGTGGGAGGAGCGG,1258
GTAGCCCGAATCATAA,1258
AATAATTCCCGTTTGA,1257
CAGCGCCCAACCCGGA,1257
GACAATTTGCTTCACC,1257
GACTTTGGAATCACGG,1257
TAAAATACTAAAATGG,1257
TATAGTAATGTCGCAA,1257
TATATGTACCATGTTT,1257
TCATATTTGTTCCACT,1257
TTAGAATCTCCTCTCC,1257
AACAGTATGAGAGGGA,1256
ACCGACCGTGCCCATA,1256
AGACTCGTATTATAAA,1256
ATCCTAAGTTACTAGA,1256
CAATGTCTATGGAATA,1256
CCGCTGCCGATAGTAA,1256
CTCAGGGATAGATAAT,1256
GTTGGAAGTCAAAGAT,1256
AGGGTAAGCACAAGTC,1255
CAAGAATCCAAGTCAA,1255
CCCCGTGCCGAAACAT,1255
GAATCGACACCTCAAT,1255
GCCGCCACGCCCCTCA,1255
GCGCTACCATCGTAGG,1255
GTAGCGGCTTAGAAAT,1255
GTGAACAAAAAACCTA,1255
GTTTCAACCGGGTTAA,1255
TGTTAATGTGTAGAAA,1255
ATTGAAGACCGGTGAA,1254
ATTGGGGTTTGAGGAG,1254
CAACGCAGAAGTCAAT,1254
CATATGAGCTGATAAG,1254
CCGATATCAAACCCAC,1254
CGTGTAGACTGCTCGG,1254
TAGACCCTGACAGTAA,1254
TCATTAAATTAATATA,1254
ATCTCTAAAGGCGATC,1253
GTAACGACTAGTACGT,1253
CTTTGCCGCAACCAGG,1252
AACAATCCCTCTCTAT,1251
GGTATTATCTTGGTAA,1251
TCAAGAGACTGACAGG,1251
TCTGCCGGAAACTTGT,1251
TTTAGGAATTGGTTAT,1251
CGTCAGATATTGTACC,1250
GAAAAAACTTATTCAA,1250
GTCTAAGATGAAAAGA,1250
TATAATTAGATCCATA,1250
TATCTCAAAGAACTAC,1250
TTGGGCGCTTTGCTGG,1250
TTTTTATTGAGCCTAC,1250
AACCAAAAAATGAACC,1249
AACCATCGATTTGGCA,1249
AGTTCCTATACTTCGA,1249
CTCAACGGGGGATATA,1249
GGGAAGGGACCACCAG,1249
TTGATGTTACAAGCTT,1249
CGCCCCTCTTGGATGG,1248
CGCGTCCAGTGAGCCT,1248
TAAACGTTCCTCATAT,1248
AAAGGAGACAATGGGG,1247
ACATTCCGCGCAGGTG,1247
AGCTGGCAAAGCCCGA,1247
CGAATAGATAAGAGGT,1247
GATTCAAACCAGCGAG,1247
GGCGGAGAAACACTCA,1247
TTGTTAAAAGCAGTGG,1247
ACGTGAACTCCTTTAA,1246
ATGCCCACCGGCCGAC,1246
CTAAAGTTTAGCAAAA,1246
GTAGATCATATAGATG,1246
TTAAAACGACTTAATG,1246
ACGACCGTCTTACCAT,1245
ATGCACCAAGCGTAGT,1245
CCGACTAGTTAAATCA,1245
CGAGTCCCAATTCCTA,1245
CTATAGGAACTGAGGT,1245
AATTGGGAGTACTGTA,1244
ATTTCTGATCCTACAA,1244
CCCCCTCGCAACCTGA,1244
TGATGGTCTTTATACC,1244
TTAACAGTGAGAAGCC,1244
AGTACAAGCACAGTAT,1243
AGTAGGCACTTCCCTG,1243
ATTCTCAATTACTCAA,1243
CTGGAACGAACTCGAA,1243
GCTAACACCAATTAAA,1243
TAGGACATACTGACGA,1243
AACGAGAGCAAGCATA,1242
AACTGTACGGAGTGAA,1242
ATACCCATACATTGCA,1242
CCACATTAATATTGAA,1242
AGAAACGACTGGTTAA,1241
ATGAAGGTTAAATAAC,1241
GAATAAGATAAAGAAA,1241
TTCATGGCTCGTCTAA,1241
AACAGTCAAACGAAGA,1240
ACGTGTATTTTACAAG,1240
AGGGATACTAGAGAAG,1240
CAGTAGCTTAACCCAA,1240
CCGCCGTATCAATAAA,1240
TATCCAAAAAGGCATA,1240
AGACGAACCAGAAAAG,1239
CGTCATATCTATTAGA,1239
GAAACAACGGGGAAAC,1239
GACATATTATTAATGT,1239
GCCTGGCTATAAATAG,1239
TACTATATGATGGCTA,1239
AAGCGGACTGATGATG,1238
ACCCAAACTACAGAAA,1237
AGTGCTAGTATCACGA,1237
ATAAAAAGAATATGGT,1237
CAAGCCAGAGAACACT,1237
GGTTGTAATCCAGCTA,1237
GTGATCAGGGCTTTTA,1237
TTTACCGGAGTATCTA,1237
CTCAGAAAGCTCCTAG,1236
TGACTCATCGAGAAGG,1236
GAAGGAATCGGCCATT,1235
TAGAAGAAAAAAATCG,1235
TATTTAGTTCTAAAGG,1235
TTCATGGCATTGTTAC,1235
ATGATTCTTTCGTTAA,1234
CGGCGTTTATTGTCTA,1234
GCTACTCAGGCAGAGA,1234
GTGTAGTGTGAATAGA,1234
TCCCGGAAAGTTCCAA,1234
TGACCCATGTTATCTA,1234
TGAGTCAGGTGTCCAC,1234
AATTGAAACAATGGGG,1233
ACGAGGCTAACAGACG,1233
AGTCGCCTTTACAAAT,1233
CTAGGCGACATCCCGA,1233
GATAAGAGATTACGAA,1233
GATTAAAATGCATCTT,1233
TAACTTAGAGCTCTGA,1233
CCGTCAATCCCCGCTT,1232
GAGGAATAAGATGGAG,1232
TATAGCGTTCTATATA,1232
ATATGTTGCTATGAAA,1231
TACATTTCAGGTGTGC,1231
AACTTTATCAACACAG,1230
ACGTACAAATAAATCG,1230
CCTCAGCGAAGAACAA,1230
CTGATCAAGCACTTTA,1230
TGGGATTGTTATTAGA,1230
TGGGGTACCGTGTAAG,1230
TGTGACTTCTGCAAGT,1230
TTAACAACCAGAGAGC,1230
ATTGAATTCGTATTAA,1229
CACTCCAAAGTCATAT,1229
GAGGAATTAAGAGATA,1229
TTATTGGTATGTGCGA,1229
AGAGGGAACTTAGGTG,1228
GGAGCGCCCGGGTAGA,1228
AACTGAGCTACATAGT,1227
ATACCGCTCCAACAAA,1227
ATATGGGGATGCCCAC,1227
CGACGATAGGACAAAC,1227
CTAAGAGCTAGATGAA,1227
GCCACTTCACATATTG,1227
GCTTTTATCCGCACAT,1227
ATCCGATGCTAACAGT,1226
TCCTAATTCCCACTGA,1226
AACCGAAGTGACTTTG,1225
AACCGGACACGTTAGA,1225
ACATTTACATCAAACA,1225
ACTGTTTGGAGCTCTA,1225
AGAAGTTACCAGCACA,1225
CTACAGGCAGTGCGTA,1225
CTCGAAGTTTCATGAT,1225
GATGTGATATAATCAA,1225
GGACGATCCCACACGA,1225
AGTAAGGGACTCGGGA,1224
GGAACAAGGGATTCAC,1224
TAATATTGTAGTTGGG,1224
TCAGTCGCTTAGAAGG,1224
TTTACAAGGTAAAGAG,1224
CGGCAGATTTGAACGG,1223
GTGAACTATCAAGCCT,1223
TAGAAGACCCAAGAAA,1223
ACTCAAGGAAGCAGAT,1222
AGGATAAAAGAAGACG,1222
CTGATGAGGCACGAGT,1222
GGACAGTTTAACATAA,1222
TATTTGGCTATTCTGA,1222
ATGGCATAACTGGTTC,1221
GAATGCAAATGTATGT,1221
GTATTGTAACGCGATT,1221
TAATGTCTGTTGCAAC,1221
TGGATTATGAATTAGA,1221
TTAAATATTCAAACTA,1221
AGCTCGAGAGACTGAA,1220
GACGTGCAATTGCCAT,1220
TAAACTGCTTCAAATA,1220
AATCCGTTGCCACCAG,1219
AGATTTGTGAAAGCCA,1219
ATCTGCACCCTCGTGG,1219
GACTTCATACTAAAGA,1219
GGCAGTGAAATGTCAT,1219
AAAGGAATAGTGCAGA,1218
CGGTCATTAATTCCGT,1218
CAAATGCGGATTTACA,1217
GCTCAGAGTTAGGTGG,1217
AATCTCTGACCATACC,1216
ACCGGAAACAATCTAT,1216
ATGAAGGACAATAAGA,1216
GGGTCATTGGAAAAAG,1216
TAATATGCCAATATGG,1216
AAAAAAAGGTTTCATA,1215
ATTTAGCACAGTATCA,1215
CAAAAATAGTTTATTG,1215
CCTGCTTGCCACACAT,1215
CTAGAGTTGTTATACG,1215
TTGACGAGACTAATGT,1215
AACCCAATAATCTGCT,1214
AAGATGATCCACGTCA,1214
AGACACAATCTTGAAA,1214
GAAATGGGGGTACGAT,1214
GGCAATGACCGATATA,1214
ATCGATAACCGTCCAC,1213
CTTAGCTCAGGCTCTA,1213
GCGTGGGGAACACCAA,1213
TTACGTCAATTCTCAA,1213
ACAAGTGGCAGGGTTT,1212
ATAAAGGTCGGGGAGG,1212
CCGTTACCCCAATGAG,1212
CGATAATAAGAGAGGC,1212
GGGAGCATTATATGAA,1212
TACCATCTATATGCCA,1212
ATTATGAACCATTCTA,1211
CCTTTGAACCGGAAAA,1211
CGGGTGGAATAAAAAA,1211
GGAGGTCGACTTACCT,1211
GTACCATTTCGGATTC,1211
TTTGGTGCAAACCAAG,1211
AACACAGTTAAGAAAA,1210
AGTATGTGACTTCTAT,1210
CAAACTTTTTTTGTTA,1210
GCGTTACAGCCGATGT,1210
TCCCATCGGATGCTAA,1210
AGATACCGACTAAGCT,1209
GAAAACCCATTAAATT,1209
GGGACTCCTGTCATGT,1209
TCTGATTGAACGTAGA,1209
AAAAGTCCGAAGCTGT,1208
ATACTAACTTAACTAT,1208
ATTGGTAGTTCTTACA,1208
CTATCCACAAGATACA,1208
GAATAGAAAAAGCTAA,1208
GTGGGCGTGGGCATGA,1208
GTTTGGGAAAAGCTGT,1208
TAAGCTGCCCGTGGCA,1208
TAATGCACCCTCCCTG,1208
TACAGGTTAAGGGACA,1208
AGCGAAAAAACTGTGA,1207
ATTATGTAACTGGCAT,1207
CAGCCTATCATCGCTA,1207
GCATTAGACGATTAAT,1207
GTGTCGTTACACGAAG,1207
AGAATTAAAGGGTCCA,1206
CTGGAAGGTTAATCTA,1206
TTGTACACGATTTGAA,1206
AAGATAAAAACATGCT,1205
AATTACCCATATCCAC,1205
ACAGGGCTGTAATACC,1205
ACTGGTCTTCGCAATA,1205
AGCGATACTTCCGACA,1205
ATACAAACTTAAAAGA,1205
ATTACTGACAGGAAGA,1205
CGAAGAATCCGGTCCT,1205
GTATATAATCGACACA,1205
TCATTGGTTAGGGGCT,1205
TTAATATGACCCTTTA,1205
AAACCAGCCTACATAT,1204
ACCGAATAAGAGATAT,1204
ATAAAAACTTAGTGGA,1204
ATCACCTTGGAGAGCC,1204
ATTCACATTGTTTGGT,1204
CAAATTGAAAACAATA,1204
GACAGCGGCAGATAAA,1204
TCTTAGGGAAGGTCAT,1204
TGACACAGCAGCACGT,1204
TGATTGAAATGCCAGG,1204
TGCATGACCTTCAACT,1204
ACTCAAGTGGGCTTTT,1203
AGCCTTCACGTGAATA,1203
TCGACCGATAAAACCG,1203
ATAATGAAGTGAGCGG,1202
ATTATGGAACCCTTAA,1202
CTTAATACGTCCAACA,1202
GAAGGGAACGCGGCCA,1202
TAGAACATGCGATGAA,1202
ATTCCACCTCCCAAGA,1201
CCACAAATGGAGGGAA,1201
CTTACACAAGGTTTAT,1201
GGGAGGGATATGAAGT,1201
GTCTTAATGTGAATAT,1201
ACGCAAGTGGTACTAA,1200
GGATCCCGAGGTAAAC,1200
TGATAAACACTAAAAA,1200
TTGACCGGGGAGCTCT,1200
TTTTGAGTAGCTCTAA,1200
ACAGGTTGAGATCTAA,1199
GGAAATGATGTTTACA,1199
TAGCTACACAATTGCA,1199
TCCTGTAAGCAATGGA,1199
TTACCCTGGCTTTCCA,1199
CAATCTTTATAATAAA,1198
GATAAGGAAGCACTAT,1198
TAAGAACAGAGTCTAA,1198
TACTGATCGAAATTGA,1198
AAAAGCTCCCGTGGGT,1197
AATCGCATCTCGATTC,1197
ACGAATTGCTTCGCAA,1197
AGCAAGATCATTAAGA,1197
ATCGTCAAGAATCACA,1197
CATAGCTTACCTACTA,1196
TTGTGACGTAAGGACA,1196
CCCGTCCCTGATCAAT,1195
AACGATTGTATGAAGG,1194
GAATGAAGTAGGTCCA,1194
GCCGTATTCAATATCA,1194
GGTTTTGCCACGAAAC,1194
TGTCAACACGACTTAT,1194
ATTCAAGAAAGTTTGT,1193
CTAGGGTACGTTAGAA,1193
CTTGAGAGCATGAATG,1193
TCCAAGAAACGTAGAA,1193
AAACCACAGTGTTGGA,1192
ATCAGTAACTGATCAG,1192
CACTAATCCCAATTTT,1192
CTATAGTTAGATACCG,1192
CTGAAAGACTTTAAAT,1192
TCCGGAAAATTGTCAA,1192
TTTCGAACAACGGCGA,1192
AAATTAGGGGCTGGCA,1191
AATCACAGGTTGGATA,1191
CATTCAAATGGTCCGG,1191
GGCAAATATTACTTAT,1191
ACTATCAACAATGTGG,1190
CCACTTTAATTCATAA,1190
CGTCATAGTTCACATA,1190
CTTCAAGTCCTGTTAA,1190
GAGAATCGTCAATAGA,1190
GATATTAACGAGAAAG,1190
TATAAGCACAGCCCAA,1190
AAGCCCACGGACAGGA,1189
ATGCACCGGTACAAGA,1189
CATGCAACGATTTCAA,1189
CCTTACTACTAATTAT,1189
CTAGGAGGCACATCAA,1189
GAACTTTATAAGGTAG,1189
CAACCTCCACACAGAT,1188
CCTCTCACGTTATTCA,1188
GTCAAACTTTAACCGA,1188
AATAGGGATATTCATG,1187
AGTACGCCAGCCGCAT,1187
AGTATCTTCTGGGTGA,1187
GAGTCCCGGTAAATGG,1187
GTTTTATTGGTTTCCA,1187
TGACACACGTTATGAC,1187
AAGCTGAAAGAAACAG,1186
ATTCCTGACAAGGGCC,1186
CAATGGATTTAATACG,1186
CCCCCGAATTGAATAT,1186
CGGACAAACAGTCCGA,1186
GACGTAAACGGGGGCA,1186
TAATACGCAGAAACAT,1186
TCGAGTCGAGCATTGA,1186
AGGGTAGAATTATGCT,1185
ATAGCAGGAGGAACAA,1185
CCAAGCATAGGAGTCC,1185
GATATTAAAAATCTTA,1185
AAATAAGAGACATCTC,1184
GGCTCTTATGTATCTC,1184
GTCGTTGACACCTCAA,1184
CTTTAATTGATGGGAC,1183
GTACGAACGTATATGG,1183
TGGGCTGAGACAAGGA,1183
AGTAGGAGGGTTTAGG,1182
ATTTTAACGGTGTACT,1182
CATCGGAGTGTGATAT,1182
AAACTAATAAAAACAA,1181
ATACCGTGCAGCTAAA,1181
CACTTGGTCAAGTAAA,1181
ACGAAATAGCGTAGAT,1180
CCACGTGTCCGGGGAT,1180
TCCACGAGAGATGGCT,1180
AAAAGCCGAATACAGG,1179
AAACGTCCACCAACAC,1179
AAATAGCACTTCTTCT,1179
ATCAAAAAGCTAATAA,1179
GTAGCAATGGTATCTC,1179
GTTTGTAAGTTACCAC,1179
TTTACTTCCTTATATA,1179
ACAGAATCTTGTCCCT,1178
ACCTAGAAAATAGGAA,1178
ATTCAATATACAAGAA,1178
CGACAGTGACCTTAGT,1178
GATATCAGAGACAAAT,1178
TTCCCCGGAGGACAAC,1178
AGATCCAATTCTAAAG,1177
AGTTCGAACCATTTTG,1177
GGAGGGACTACTGCAT,1177
GTTCACAGGTCTAAAC,1177
TGGCTAATCAAGCCAG,1177
CCGTCATTCCCGGTAA,1176
CTCCTCCTCGGGCAAA,1176
TATATAGCTATTTTAA,1176
TCCCAAGTGCCAAATA,1176
TCGCCACTTCTCTGAA,1176
AGAGATGAAAAATAAG,1175
AGCTTCAAGAGATTTG,1175
AGGCTTTGGACTGCGG,1175
CAAGAATATTGCCAAT,1175
GTACATTATACGTCGA,1175
TAGACAGGGCTACTGT,1175
TCCAAACACCAAAACG,1175
TGCTCATCACATCAAT,1175
AAAACTCCCGGGTTTG,1174
AAAGCGCAGACAACAT,1174
AGTCCAACAGCCACTA,1174
CTTATGAATGAGTTCT,1174
GTATATTACCAGGCGT,1174
AGTAGCTTCAATCTTA,1173
ATATCTTAATTACCAA,1173
CAGATCGACCTGATTA,1173
GATAAACCGAGTAAGA,1173
ACCGTAGTGCCGCCGA,1172
ACGCGCCCGCACACTA,1172
CACATTTATTGCAAAG,1172
CATCCTGAAACTGGGA,1172
CGAAATCAAGCCATTA,1172
CTCAAAGATGAAAAAA,1172
GCAAGGCATTAAAGGT,1172
GGTGATGATACCTAGA,1172
TAAGGAGCATACTGAA,1172
TAGTAACCTATAGATA,1172
AAAGGCACGTACTCAG,1171
AGTGACTTTATCAGGA,1171
ATTACGACCTTCCTAG,1171
CAGGGGCTAGAACAGT,1171
GAGCCGCAAAGCGAAA,1171
TTTCAATATTAAGTGA,1171
AAAGGATGAACATAAA,1170
CCACATACATATCCAG,1170
CGAATTAACACCTCGT,1170
CTATTGTAAGGCCCAA,1170
GACGTGTCCTCCAAAC,1170
ACTAATGTGGAGTGAA,1169
GAAGTGAAGATACACC,1169
TGTCAGAAATAAATTT,1169
ACAGGTCCCAATGAGC,1168
AGACGATATCGTAAGA,1168
AGCACCAAGAAGTACA,1168
CATTCAATTCAATTAC,1168
GAGACTTATATTTGTA,1168
TAAGTCGTATTATGAA,1168
AGGAAGTCAGCGTTAT,1167
AGGGACGTTCACTAAA,1167
ATAATGTGAATTGTAG,1167
ACTGAGGCTACCAAGT,1166
CACACACCTACGAAGT,1166
AACTCGCTGAAATCTA,1165
AAGTGATCCGTTGTAC,1165
GGTAACAGAACATGCA,1165
GTCTTTCCGAAGCAAT,1165
TGCTCGAAGAATCTAT,1165
AGAAGACCATAGAACT,1164
AGACCCAAGCAAGCCA,1164
ATTGAGACTATGAAAT,1164
GCTAAAGACCTTTCGA,1164
GGACCTCGCAGCCTGA,1164
GGAGACACAATACTCT,1164
ACAATATAGGAATCAG,1163
GTTAATAGAGAGACAT,1163
TCGCCTCAACCTGCAA,1163
TTAACCGTGCAAAACC,1163
CAAAGCTGCGAGTCAT,1162
CCGGAGTGTCCCAGCA,1162
GTGCTTACTGTCCGGG,1162
CAGATAACGAGGAAAA,1161
CGCGTGAAAAACCTGG,1161
GAAAAAAGTTAGACAA,1161
TAAAGTAAAGAACACT,1161
ACCCAATCGTTATTAG,1160
GACTTTACGTCTTGAT,1160
AACCAATGACATAGAA,1159
AGTTAATGGCGAAGAA,1159
CACGAAATATGATTAG,1159
GATCCTGGGCGGTGGA,1159
CACATGCGCTCTGAAA,1158
CTAAATCGATTGGAAA,1158
GACTAAAGTTGAAAGG,1158
GGACACATTCTCTTCA,1158
GTGATTCAATTCCCCA,1158
TCTAACACCCAGTGTT,1158
AAGAAGTCAAAGTAGG,1157
ACGAACAGTACATAAA,1157
AGTTTGACGGACGTAT,1157
ACCTAATAAACATACA,1156
AGTGTGACGAGGCCGA,1156
GAATGCTACGTGTCCA,1156
TTGCTAAGACTCCGGA,1156
AGATTCACTCTCTTCG,1155
CAAAACATAGGAGCAA,1155
CATCCCAACTGAGTAA,1155
CCCTTGTAGATGCTCA,1155
TCATATATTTAGTTAA,1155
TGGCAATAACATCATA,1155
TTAAAAACAGGCAACT,1155
AGCGTAGTGGAAGACT,1154
CAAATTGCACTCAGAA,1154
CAGGCGGGAACATTAG,1154
GCCCAAAGACGTACCA,1154
TAAAAAATGTAAATCA,1154
TACAAATCCAGACCAA,1154
AGAAAACATCGCGGGT,1153
CAACATCGAAGAGAGT,1153
GAACCTAGATCAATTA,1153
GCGCTAGAATGTACGT,1153
GTTAGCCAGGTAGTGA,1153
TGACAAAGATGATAAA,1153
AATAAGCAGGACCATG,1152
ACATAAGAGTGTATAA,1152
CGACAAAAACAGGGAC,1152
CGTTGGATTCAATGTA,1152
GTGTTTAAGCGATCTC,1152
TAACGTGGTATTTCAT,1152
GAACGCAGGTCAGACG,1151
GACGATGACCGTCTTA,1151
GCTTATACGCGAGAAG,1151
TATAACGTCCCCGAAA,1151
ACCGGGAAGTCTAAGG,1150
CTTACGGACTTACAAT,1150
AAAACTCTAAGAAGAG,1149
AATTGGTAGGGACTTT,1149
ACGGATACTATAAAAG,1149
AGAGCGGCAGATTACC,1149
AGCTCTTCACTATCCT,1149
AGTACGTTAACACACT,1149
TCTGCAGCACTTCCTG,1149
TTACTATAATGAGGAA,1149
AACAAAGAAATACATT,1148
ATTGTTACTAGGAAAT,1148
CTGTCTGAGTGAATAC,1148
GTCTATTGCAAATCCT,1148
TGACAAACCCATACCC,1148
ACAAATACATAAATTA,1147
AGTATAATCTAGCGCA,1147
ATAAGGAAGATCAAGG,1147
CCCGATGTTAGCGCAG,1147
CGACATAAAACCGCTA,1147
GAGCTTGATTACTCAC,1146
CCGGTTAACAGACGGG,1145
GAGCCACTACCATAAT,1145
TAGATTTTTGCACAGA,1145
TGACTGAACACGCAAT,1145
TGAGTGTTTTAACAGA,1145
TTAACCAAACCAGTCA,1145
TTGTCTGTTTGTGTCG,1145
AGTAAGCCATATAAGT,1144
ATACGTCAAACAAAAA,1144
CACAAATTATTAAGTA,1144
CATCCGATCCATGTAC,1144
CCAAGTAAGTAAACCT,1144
CTTATGGAGGCGTAAA,1144
GTACTGTTAGGTAAAG,1144
AACGAAGTCGGTCTCA,1143
GTATAAAAATCCGCTT,1143
TGTAATGTGTTTACAG,1143
ACACTCTCGCCCGAAA,1142
AGATCGATTTCTGCAA,1142
CATTTGATGGATAATT,1142
CCCCTTGCAGACTATT,1142
AGGAAAATATAACACA,1141
ATGCACATCGAGGGGT,1141
GAACCTTCCACTTAGT,1141
GCGGGCTCTTAGCAGA,1141
GGGAAGTTGAAGTATC,1141
TGACACATATAACAAG,1141
AATATTAATATATAAT,1140
ACGCAATACTCAGATA,1140
ATGCCCAAAATCCCAG,1140
ATGTTGTGAGGAAGCA,1140
GACTAGATACATATTA,1140
GCCTCCCAGACGCAAA,1140
AATCACCAACACACCC,1139
CGAACGGAACGATGCT,1139
GAGTATAATACTATCT,1139
TAAACTTGTTAGTTAT,1139
TAGAGGTACCGTTTGA,1139
TATAGTGGTTCATATT,1139
TATCGGAGGGTTGGCA,1139
CAGGCCCCTATTGGAC,1138
CCAAGTTTGATCGATA,1138
CTAAATGTGCGTATTA,1138
GAAAAACTAGCACTCA,1138
GATGCAAGCGGTTTTA,1138
CAAATGTGGTACAGAA,1137
CGATCCGAATAATGCT,1137
AGCGAGCGACCGGGTT,1136
AGGGACCGTAATGGAC,1136
ATTTAATTGCGTCGTA,1136
GAGAAACGAATAGCTA,1136
GTGTGGCGAGGCATAT,1136
TTGATCCCTTGCAATT,1136
AAACCAAAGAGGAATG,1135
AAGGCGGTTCAAAGGA,1135
ACAAGATTCCCACAAA,1135
ATTACCTGGACCATTA,1135
CAAGTTCCAGTGGGTA,1135
TGCGCTACGAGCTTTA,1135
AATGATAAGCAGCTCA,1134
AGAAGGTGCTTTAAAA,1134
AGATGCGCGGGCATCA,1134
AGTATGTAAAATGCAA,1134
AGTGAGAAACATGCAA,1134
ATTTGAAGTGGGACAG,1134
AGTGATCATAATTGTA,1133
ATATACAACCACGATA,1133
CACCGTTTAGGCGCAG,1133
CATACTAATCAAGTTG,1133
GTCGGCTCCAACCAAT,1133
TTTAGACTATATGGAC,1133
ACAATTAACAGCTAAA,1132
CACTCCACCGGACTAG,1132
CCCACCCGAAACCTAC,1132
GTTTATGGCACAATGG,1132
TAGTGACGGGTTAGAT,1132
TGACAAAAATTGTTAC,1132
AAACGGTATCGAGTAC,1131
AATTTAATAGCCCTCA,1131
AGACAAGAGATCCGAA,1131
CACGATATGTAGGAGA,1131
CCCCGACAAAAGACCT,1131
GAAAAGAAATACAATT,1131
CTAAATCCTAAAATTC,1130
GGAACAGCGACATAAC,1130
TACTTCCAGGTTGATA,1130
TCCGGTTGATCAGTAA,1130
TTCATGACATTGCTAC,1130
ATAGGTCTTTACTAGT,1129
CATTATGTGACGCGGT,1129
GTGTAAGGCAGGTAAT,1129
TATGTTTGCGTTATGA,1129
TTACTGTTGAAGGAAT,1129
TTGTGGCAGAGTAGAT,1129
ACTAGTGGCTTTGGTA,1128
TAGCCTGTACCCGAAA,1128
TTGCCAATACGCTATT,1128
AAGAACTCTGCTTTGA,1127
GATAACTAGACTCATA,1127
GTACCGATAGCGGTTA,1127
ACCTCATTATTTGCGG,1126
CAATCAGCCAGAAAGT,1126
CGAGAGATGAAGGAAT,1126
GATAGATTTATACAGA,1126
TATTCATAGGGCAGAA,1126
TGTTGATACGCTGTGA,1126
TTTGACTAGGGGACTT,1126
GTGGCCTGCCTAGGCT,1125
GTTAACGAGAATTTGC,1125
TAAGTCCCGGAGGCAG,1125
ATACAACAATATCGAC,1124
CGAATGCTACTAACCT,1124
CGGAGTGAGAGACTGA,1124
TAGAGTAGCATGCTGT,1124
TTATATAACCGCTGAG,1124
AGATGAAGGGCTTGTA,1123
CGCCATGCGATACCCA,1123
GCCGCAGAGAGATACA,1123
TGCAGAGAGTCGGCGG,1123
AAATGTGAGAAATCCT,1122
ACAGTGTGCCGACCAC,1122
ACCCGCGAGGAAATCA,1122
AGATCCGTATAGTGAT,1122
ATTTGGATGTCCATAA,1122
CTGGAGTAGACAGAAT,1122
CTTCAGCAGGATGCAA,1122
AACGGCAGCATATAGG,1121
ACCGTTAGCCATACAT,1121
ATAATATACTAATAGA,1121
CCCTGCTGAACCCGGC,1121
CGGTTGCGTAATATAC,1121
CGTGAAAATGGCAATA,1121
ACACAGACCTCGGGAA,1120
ACCCTGATTCCCCTGT,1120
AGAAGACTCAAGCTTT,1120
AGCGAGCTAGCTCGGA,1120
ATACCGTCTTAAAAGG,1120
ATTCGAAGTTTTTTTA,1120
CACACTACGTTATATG,1120
GAGCTTTTAATTGTAG,1120
GGCCGTAACTATAAGA,1120
TTAATATGAAGCTAGG,1120
TTTCTGTCCATTTGAT,1120
AAATTAACTCGCAGGA,1119
ACTGTAGTCTATTCTA,1119
ATATATATATCACCGT,1119
GAATGCTACACACGAA,1119
GCGTTGCCGAAAAAAA,1119
TCTCAACTAGACCTAA,1119
AAACTTTTTTAAGGAA,1118
CCTTATGAAGGACTAA,1118
CTTACAATGGGCGGCA,1118
GGGCATGCTAAGCAGA,1118
TCGTAATAAAGAAACA,1118
AAACTCCTGGTAGAAT,1117
ATGGATTAAATATTGT,1117
CCGTTAATTGCTAGAC,1117
GACACAATGCCCGATA,1117
GATTAAAGTGATCAAG,1117
GTCTCTTGGAGATAGT,1117
TAGCCAAACGCTGATA,1117
TCGTGGAGGAAGTAAT,1117
TGACCACCAAGATAGA,1117
TGTCATAGCGTCCAGT,1117
ACGGTGAGAAGAAGGA,1116
ATAACATATGTGATCA,1116
CATGCGTCTATCACTA,1116
CCCCCTGCTTACGAGG,1116
GACATAGTTGTAGTGT,1116
GACCCTTGCATTTGTA,1116
TATGAATTCCTAGAAT,1116
CACAATAACCCAGAAT,1115
CCACTGTGAAAAAAGA,1115
CCGAATCATGAGTCCT,1115
GTGTATAGCCACGAAG,1115
AAATTTGGGCGGCCAT,1114
AGTCCAAACCCCCAAC,1114
CTATATTCCGATCGGA,1114
GACTAATGGGAGACTA,1114
GGGCATCCAGTGAGAT,1114
GATCGATATATATCGA,1113
GCCTAGCCAGTGTGAG,1113
GTGGGGCTATGTTGGA,1113
TGGCGCCATAATTTCT,1113
ACGGGAGGTGGCGAGA,1112
ATCGTAGCAACGGCAG,1112
ATGTCCCATTGACACA,1112
GCTATACTTCAGTTAT,1112
TAAAAGCCGAAGGAAA,1112
TAGATAAGTTCTTTAA,1112
TCCGAATTCTAACTTA,1112
AAACGTAGCGGTCAGA,1111
GCCTTTGAACAAAAGA,1111
GGGCTCCCACCGGCTA,1111
AACTATACATCGGAAT,1110
ACAGGGAACAGGTTTA,1110
CCAATGTAACTACTGT,1110
CCACTCAATTCCAAAA,1109
TGTTCATAAAGGTCTA,1109
AAAGCTCTAGCTTGAG,1108
AACCTAACCCTGCATA,1108
AGAGGATACCATACTA,1108
ATGTTAACTAAAGAAA,1108
CATTAAATCATAATCA,1108
GAAAATTCTTAAGAAT,1108
TCCAGTATAAATATAT,1108
AAAACATAAAATTTAT,1107
AAAACTTTGCAGTGGG,1107
AGACGTGCATGACAAT,1107
ATCACCGATGATGTAC,1107
CCAGTAGGCACACTCA,1107
CGGTAATTCAAGGAAA,1107
GCGGAACAATACATAA,1107
ACTAACCAAGCAATAA,1106
ATCTTGATCCGAGTGG,1106
GGCCAGAACGACATAA,1106
TGGCTTCAATGAGCGT,1106
AACACAGCCGTCCGGG,1105
AACCCGACAGAGACAC,1105
ACGGATAACCTATTCG,1105
CGAGTACGGATGACTA,1105
AGACACCCTTAGCTAA,1104
CTTAACAAGAACGCAT,1104
GTGCAAGTTCGAGATG,1104
TCCTTGTCTCCAGGGA,1104
CGGTAACAATATGAGA,1103
CTGTCATCACCCGGGG,1103
GAGGGGTGTTGGTTTA,1103
TCAGAATCCAAATTAA,1103
AGAATGCCCATAAGGG,1102
AGATCAGACATTTCAG,1102
CAAACGATGCTACTTA,1102
CCTCAAACTGATTATA,1102
ATACTTATTAGGTGTG,1101
CACCCAGATACCAGAA,1101
CAGCCAATGTCGACTT,1101
CTTGAAACACGTAAGA,1101
TACCTCGAAAAATACA,1101
AAAACGGTCATGTCCT,1100
AATATCATCCGTCAAG,1100
ACGCAAACTCCAAGTA,1100
AGAGAGGCAAAGGATT,1100
ATTTGGCCTCGCCTTA,1100
TCAAGCCGCGAGCATA,1100
AAATTCCGTTCCCGAA,1099
AGTCCTGAATTAGCAA,1099
CAACGTTTAGGGAGTA,1099
CAATATAGTATGATGT,1099
CTAAGAATTAAAGGAG,1099
GAGCTAATCTGTGGTA,1099
GAGTAACTTGCCGTGG,1099
TATCATTGTGCCCCAA,1099
TCCAAATATATGGAAA,1099
AACTGTTCCAGGAACA,1098
AAGAATACGGTACCTA,1098
AAGCATCACCACAAAG,1098
AGCGAAAAATAGGAGG,1098
CTCCGGACAAAACCAA,1098
GCATACCGTATCCTAA,1098
GGCGGATGCAAGATAA,1098
GGGGCGAGAACGCTGT,1098
GTTAAAGGATGGAACA,1098
CATAACACGATAGGAG,1097
CTCGCCCCTAGTATAT,1097
GACCGAGCCTGGCATG,1097
GGTTGATGTTTATTAG,1097
TCACCGTTGTGAACAC,1097
TGATATTGTTGTCTTT,1097
AGCGGAATACTAAAGA,1096
CGTCAACAGAATTGGT,1096
GAAAATACTTGAGTAG,1096
GACATTGGGGACCTGT,1096
GGACCCCAAGAAAGAC,1096
TTAAAAAAAGGATGGT,1096
AAACAGGGACAGGCTA,1095
AGAGCTTCTAAATAGC,1095
CTAAATCGGGGATAAA,1095
GTTCGCGCCCGTAAAA,1095
TTCAATAGAACTTTCA,1095
AGTACCAACCACACAG,1094
CTTCAAACATTAGCTA,1094
GCATATAGATCTGTGG,1094
GCCGGATTGGAATGAG,1094
TTACTTCGCATTGGCT,1094
AAAACAAATTGTCTGT,1093
AATGCTGTGACCTCCA,1093
GATGGGCTTAGGCTAA,1093
GGCGTTGAACGGGGCC,1093
GTCATGCGAAGTTTCT,1093
AAAGAATGCCAAACAA,1092
AAATCCAATACAGGAC,1092
AACGGCCAAGAAACCA,1092
CAAAGGGCTTCTTAAA,1092
CCTGGGCGAATCCGAC,1092
GAATTTCAAGGTAAGG,1092
GCCACTTTTAAACATA,1092
GTACATCCTCACTCAA,1092
AACACGACTTATGTGA,1091
ACGCACATAGGGGCAG,1091
ACGCGAACCGACCGGT,1091
ATTGACCGATGATAAG,1091
CCACTCCCGGCACATT,1091
CCCGATAAAAAAGAGC,1091
GAATAATGGAGTGTGA,1091
GCTTAATAATATTAAC,1091
GGTTACCAGAAGTATT,1091
TCTCTTAGAAACACTA,1091
AATCAGACGGTATTAG,1090
ACATTAATGGGACCGA,1090
ACCCACATGATCTATT,1090
ACGGATTATGGTTAAA,1090
ATATGCCAGTAAAAGG,1090
ATCATAACTTTCGGGA,1090
GGTAAGTCGGACGGGC,1090
GTAGTTGCACATATCA,1090
GTCAGGCATGGATAAA,1090
AAATGTGATAGAGAAA,1089
AACTCTTATGAAAAAA,1089
ACCCAAGTGAATACAT,1089
TATTTATGCGGCTAGA,1089
ATGGAGGGCTCTAGAG,1088
AAACAGAGAGGGGCAG,1087
ACGAGCACACAGATAG,1087
AGCACCATGAGTAGCA,1087
ATATGACCAGCAATTA,1087
TAAGTTCACAGTCAGA,1087
AGCTGTGTCGGCGGCA,1086
CCATGATAAAGATCAC,1086
GATACAAGATGATAAG,1086
GCGTACATCATAGAAT,1086
GTCGCCAACCCTGTAC,1086
TCCAAGTCTACAAAAA,1086
TCCTATAAAAGATTTG,1086
AGAGTTGAGTAGGATA,1085
ATGACATTTAGATGAC,1085
CGACCCTTGGATTAAA,1085
CGGTGGAGACTGTACC,1085
TACAATACGGCAGAAG,1085
TCGAAAACGAAACAAG,1085
TGCCATATAATGGAAG,1085
CGTTATGTATCGAATG,1084
GTTCAGTTAGTGAGGT,1084
TTGGTTATAAAAAACG,1084
ACCATGATTATCTAAA,1083
AGAATCCTCGGACATT,1083
GACAAAGCTGAACAGT,1083
TCTTTATAGCAATGCC,1083
TGGAAGTAACACATTG,1083
ACTCAATTTGCGGCAA,1082
CCTAACATAGAGCGTT,1082
GTAAAAACATATTTCT,1082
TAAAAGAGGTAGTAGT,1082
TCCAATTCGCGGTAGG,1082
TTAGAAACTGTCCAGG,1082
AACAGTTAGGTTATGG,1081
ACAAATAAGCGTCACT,1081
ATAATTTTGATTGAAT,1081
CAATTTAATCGAGACA,1081
CCTGTGTAATGCCATC,1081
GCATATCTGACCACAT,1081
GTGCCGGGAAGCAAAA,1081
GTTTACCACAGAATGT,1081
TATTGGTTGCATTCAG,1081
AAGTTCATGCGCTTAT,1080
ACAATAATTAATCCAT,1080
CCAAAGGGAAGCCAGG,1080
GGCGGAGGGTTTATCA,1080
ACTCTGCGATACTGAG,1079
CAGAACTAGACGTCCA,1079
CGTTAGACACTCAATT,1079
GATTGAACCGGGATAA,1079
GTGTAAGAGTAAGAGG,1079
AAACCCTAGGAGTAAA,1078
AAATGCCCGTCGGAGA,1078
AAGAGCATCAAGGAAG,1078
CGGTTTGTAAGGCATC,1078
CTCTCACTCATACCTA,1078
CTCTCTGTAATACAAG,1078
TAATCCTGCACGAAAG,1078
AATACAAACGGAAAGT,1077
AATGGTACAGCTACTA,1077
AGAGTGACGCTCTAGT,1077
AAGGACAATACGCAGA,1076
ACGTACAAACGTCTTT,1076
ACGTACACGCGTCATT,1076
AGAAGTGATGTGTCAT,1076
CCCGCGTCTAACTACT,1076
CCCTGGGTTGATTAAA,1076
TATTACGACATAGACC,1076
ATGGGCCGGCCGGTGC,1075
CATGATTATCGCTCAT,1075
CGACAATGACTTCAAT,1075
GACACAAACGTGTTGA,1075
TCAAGAATATTCCTTG,1075
AAGTTGACCCCGGTAA,1074
ACAACTTTAAAGATGG,1074
ACTATAAGTAGGTAAA,1074
TTGCCTTGCTGGCACA,1074
ACATAAGTGATACTAA,1073
ACCTAAATGCAAGCTA,1073
CTTCGACTTAAAAGCA,1073
GTGGAAAACCTACAAT,1073
CTTCTATGAAAAAGTC,1072
GCCGCCTAATCCTCAT,1072
GTTCATCTACCGGCAT,1072
TATGTCTACTCGGAAT,1072
TCATAAACAAGCAATG,1072
AAATCTATTACCCCAC,1071
GAGATGACCATTAGTA,1071
TACGACAGCGGGTGGT,1071
TAGCGCCTGAAGCATT,1071
AAGGGAAGAGGGAGGA,1070
AAGTATGCCAGATCCT,1070
AAGTTCAAGAGAAGAG,1070
ACAGACAAGTGCTTAT,1070
ACTGTTCCGTTCTGAA,1070
AGATACCGTGCCATAA,1070
GCACGAAACGAGGTAA,1070
GTAGACCAATCCGTCT,1070
CAACACATTAAGATAA,1069
CCCCCCTGTCCCCAAA,1069
TACCAATGCAACTGAA,1069
TGTCCAAAAGATCTAT,1069
TTAGATATTACTTAAC,1069
ATCACCTCCGATGTAA,1068
CATCTAAATGCACCCA,1068
TTGCGCCAGATCCCTA,1068
AAACAGCGACTGGCTG,1067
AATGAGCTGGAACTGA,1067
ATGGAATTTCGAACAA,1067
CCATCAAGTATAGGAA,1067
GCAGGCAGGAATCCAT,1067
TATCTCATGCAAGCAG,1067
TGGGAACCTCGACTTA,1067
AACATTCTCCGGATGA,1066
AAGACTGGGCATTAGA,1066
CCAAATAGTGTTGAGT,1066
CTCACAGTTCAGAAAC,1066
GACGACCTAATACTTG,1066
TGACGTGGAGAATTAG,1066
AACGAAAACAAAGGGA,1065
ACACTCCATAAATGAA,1065
CACCTTTCGGTAGGAA,1065
CATGAACATTGTCTGA,1065
CATTAACTAAAATGAG,1065
CCCCCCGTCCTCTAAG,1065
CCTGATGAAGCTTAGG,1065
CCTTAGACCATTTAGA,1065
CTTGAAGAAAGCATTG,1065
GAATACGGAGCCTAAG,1065
GCGCCGTAAGACAATA,1065
TACCTCCATTGAGTTA,1065
TTTACAGTACGGGATG,1065
TTTGATAAGGGGGGGC,1065
ACAAACATACAACCGA,1064
ACTGATAGACGTGCAG,1064
ATAAGACTGACTTAAT,1064
ATTGATGAGCCCACAT,1064
CAGAGAGCAAATATAC,1064
TGATGTGGGTGTGAAA,1064
AAGACCACTCTTATAT,1063
ATAAAAGTCGTTCTGC,1063
GATTTAAAATGTTGGA,1063
TGGTCGCACGCCCCCT,1063
ACCGGCCCAACTAAGA,1062
ACCTGCCACCACCCAA,1062
ATTCAGAATTTATTCA,1062
GCAAGTTTTAATCCAA,1062
GTCGCAGAGAGTTCAT,1062
GTGAGTATATTGGTCT,1062
TTATTTCAGACTCCAT,1062
ATAGTCCTATTAGTCA,1061
ATCTCTAAGGAAAATA,1061
CCCCACGGTTCTGATA,1061
CTGAGATTTTGAATCA,1061
GGCCCATAGCCCGACA,1061
AACCGATTAAAACTAT,1060
ACCTCTATCGTATAAG,1060
TAATCGGGACTTAGTA,1060
TTGCAAAATATAATTG,1060
AATAGCTAAAAAGCAA,1059
AATGGCGTGGTTTTGA,1059
ACAATAAAACTTTCCA,1059
AGATGAGTGTAATAAC,1059
ATGCTATTACCTCTAC,1059
CTGGCTTATGTTATTA,1059
GAAAGTTAGATGTGAG,1059
GATATCTGCACTAGTA,1059
GCTAAAGAATTGCCAT,1059
AATCAAAATATAACCA,1058
ACCTTATTGTATGAAT,1058
ATCATCGAACATTGTC,1058
CACGAAAACACGTAAT,1058
CATAATTCACTCATGT,1058
CCTCTAATAGAAATAG,1058
GATACAAGACAAAGAA,1058
GGTTCGTAAGTCATAA,1058
AGCTTAGAATGTATTT,1057
ATATTATTTGAGGTAA,1057
CAACAATGCTAAAGTA,1057
GTTGCCGTGCCAGGAG,1057
ATTGCCGCACAAGCTT,1056
CATTTAACAAGATATG,1056
CGTTGCGGAATTTCGA,1056
GGCCTAACAAAAAGAA,1056
GTGCGGGCCTAATGGA,1056
AAATAATTCCACTGAT,1055
AGAGAAATGTTTTGTG,1055
AGTAGGTATAATTGTG,1055
CTTATAGAGAAATGAC,1055
GTACGCGTCTTATTTG,1055
TAAGAGTATTACAAAA,1055
AAACAAATATAGACGA,1054
AAAGTTACGTTATAAC,1054
AAGGATCCTAATGCAA,1054
ACTACTATATTGGTGC,1054
ATAATCTTCGATCTAA,1054
CCCAATAACAAGTTTA,1054
TTCAACTAGATCCTTA,1054
ATGAGGGGAACATGTT,1053
CATCCTAATATAATCA,1053
CCGACTTGGGGTATAA,1053
CCTGCTACGATGTACA,1053
GGAAGCCAACGTGTGT,1053
AAGACATAAAACCAAA,1052
CATTCTCGATAATAGA,1052
GACCTTTATTAATAGA,1052
TGCTTCGACCTGCTAA,1052
AGAATCTAAAAGTACG,1051
ATATTCATATTTTGAT,1051
CAATTCTAAGTGCCCT,1051
CAGTAAATCCATATTA,1051
GTAAAATCACGCTGGA,1051
TCCGTTGCCACATTTT,1051
AAATTTCGACCTATAT,1050
AACATCTAGGACCTGC,1050
ACACACAATACCGGGG,1050
ACCCGGTCCGAAGCGA,1050
AGCTGGCCGGCGATTA,1050
CCACATATAGACAGTA,1050
GCGGCGGGTACTAATA,1050
AGTTCAGCCCAACTTG,1049
CAGGCGCAGAGAGAGA,1049
CTCAAGTCGATCTCAA,1049
CTCGGCCTAATTACTA,1049
GAATGTAAAGATGCAT,1049
GTGGACGGTCATTCGC,1049
AACGATATTTTTCAAA,1048
ACCACACATAACCCGA,1048
ATGTTAGCTTAATTCT,1048
CGATCCAGCAATTTTA,1048
CTTATCGCCTTAAAAG,1048
GACAACACTGCAATAA,1048
GATTAGCGAAACTGAA,1048
AAGGAATTTATAAACG,1047
ACGGAGGCCAAAGTAG,1047
CACTCATAAATCGAAA,1047
CGCTGCGGGAGTTGCT,1047
GCCTGACTTCTAACAG,1047
GCTAAATAAAGCAGGG,1047
GGCCCGCCTAGGGTCG,1047
TCTGCATGAAGACCGA,1047
AGCGCGAAATGAATAC,1046
ATCTCGTTAGGGTCCT,1046
GACACTATGTCGCGCA,1046
TTTAACAAGATATTGA,1046
AATGGAATAAGGGATA,1045
ACAGAATTACGTAGGC,1045
ACTACGAGGCAAGTAT,1045
ACTCGCGGTGCTGTGG,1045
ATAACAACCGAAACAG,1045
AGACAAGAAGACTCCA,1044
ATTTTTCAACCGTGAA,1044
GGTGCCGCAGAATAAT,1044
TATCCAAGGATGCGAA,1044
TTATCTAAAATCCCAG,1044
TTCATACAGCCCTAGG,1044
ATAAAATGTCGTCCGA,1043
ATACACCAAGCATCAG,1043
CATAGAATTACTGCGG,1043
CCATCCGACGGGGAAC,1043
GGTAAAGAACTCTGCG,1043
TAACCAGGCCCCCTTA,1043
AGAACATGCACCACCC,1042
AGTCCCAATTTTATAA,1042
ATCTATATGAGACAAT,1042
CAAAAGAGCATAAAAG,1042
CATTTGTATATAATAA,1042
CCCAAAACCGTAATAC,1042
CCGTCAATTGTTTCAG,1042
GAATTAACAAGGGACA,1042
GACAGTATGTGTAATT,1042
GATAGGAAAAGGAATA,1042
GCTCAGACATCACGAG,1042
GGGGAGCAGTAATTTG,1042
GTAAATGCATCTAAAA,1042
GTCCAGCTGGACCCTG,1042
ACCGAACTCCAGTTAG,1041
CGGAGAGTGAAAGGGT,1041
GCCGAGGAAACGGCTG,1041
GGGGAAGTTTAACTGG,1041
AAATTCGTTGTTCTTG,1040
ATATAAAGTGTGTACA,1040
GTCACATTCATAGTCA,1040
TAAACCACCAGCCGGG,1040
TATGATGTCCGGCCTT,1040
TCCAAGGCTTACATAG,1040
AAAAGCTTCGGGCGAA,1039
AAGCCGATTAACAGCA,1039
ACAATTGGCTGCGTAT,1039
ACGACTCTCCGTCAAT,1039
ACTAGCTGAATCACGT,1039
CGCTAGTGGCAGGCAA,1039
CGGGAAAGGCAAATGA,1039
GCCGCGGCAAAAGCTT,1039
AAAGAATCGGGCTCAT,1038
AGGAATATCCCCAGGA,1038
GGGCATAGACTAAATA,1038
GTTACATGAAATGAAG,1038
ACACAATTCCTATTAG,1037
CCCAATTTAAACCCTG,1037
TGCCGAAGAAGTTATC,1037
TTAAGCTAACATATAA,1037
AATCTAGGTCACCTAG,1036
ATACGAAAATTAAGTA,1036
CGGGCTAAAGGAGGAT,1036
GGAAGTGTCACTCACA,1036
TAATGGGCTATGATGC,1036
TGGCATGATGTAAGAA,1036
AATCTGACGAACAGTA,1035
CAAATCAGTTAAATTT,1035
CAGTCCACGCCCCTAA,1035
CGACGGTTAGATTAGG,1035
AATACCGTTAAAGCAG,1034
CGTAAAATGGGAACAG,1034
ACACGATGTTAGAAAG,1033
GACCAGAAAAATCTAA,1033
GCCTTCCTAGCAGGCA,1033
AGTGATGAAGACATTG,1032
GAGGTAGTCGGAAGAG,1032
TGACGTCCCTATGATG,1032
AAAGTAATGTTTGAAT,1031
AAATTTCCACGTACCA,1031
GAAACGTAACCTGGAG,1031
GCGCATCAGTCTAATC,1031
TAGCTAAATGTTACAT,1031
ACGCTTACCAACAGAG,1030
CTAAATCATGATAGCG,1030
CTGATAATCTGGGCCA,1030
GAGCACATTAGTGCAG,1030
GTAAAGGCGTTATCTA,1030
TAATTCGTAACCAGGC,1030
TGCCATGCTAAACCAC,1030
ACAAACCACGCGACCT,1029
ATTAGTGAGCAGATAT,1029
CCCCGAACACTAATAA,1029
GAGGGATAGAAACCAA,1029
GTGGTAGTTATAAGTA,1029
TCAAAATAAGCCTCTT,1029
AAAAAACCGGATAATC,1028
ACTCTACACTAAAGTA,1028
GCACGGAGCCCGACAG,1028
TACCAAGTGTTAGTGT,1028
TATCCAACTAGAGACA,1028
TTAGACATGAGCCCAG,1028
AAACAAGGAACCCTGT,1027
AAAGACCACTTAGATA,1027
AACGCCGATTGGTATC,1027
AACTACGAGTGCAAGA,1027
ATACCAACCAGACTTA,1027
GCAGAGTATATCCAAT,1027
GGAAATAGCTGCTACT,1027
GGCAGACCCATCTGAC,1027
GGCGCAACCGGATATA,1027
AAAAACATAGACGCAT,1026
CTCCACGTTGATCTTA,1026
TAATAATCCTCACAAT,1026
TTTGGAAAACTTAAAA,1026
AAAAACACTCCGGTGT,1025
CACTTCCGACGACCGT,1025
CCATGATGACATGTTG,1025
CGCTCCGAAAAATATG,1025
GTACGGATCCCACAAT,1025
TCCTTACGTTATAAGA,1025
TCTTTCTTCCCAAGAA,1025
AGAAGGTACATTTCAC,1024
CCATCGATTCAACCGA,1024
CCCTGGGCCTGTTCCA,1024
GAATAGATATGTTTGG,1024
AAACAGATACCTAAGT,1023
GGAACTAGAACAGACA,1023
TAAAACTTCACGACTG,1023
TCAACGTGAATTATTA,1023
TGCGCACGAATAAATT,1023
TTCTCGTGGGACGAAT,1023
AACGTCAGAGGAGTCT,1022
AACTGCACGATTGATA,1022
AATAAAAACAGGCTGG,1022
ACACGCTAGACGGGAG,1022
CAAGTAATCAAAATAT,1022
GCGGTAGAGAACGCGA,1022
GGCGTAAAACTTAGGA,1022
GTAACGCAGCATGGTT,1022
GTAATATACGGAAGGA,1022
GTTACGAGTTACCAAA,1022
TAATAATGACTAGATA,1022
TCCACGGAAACACTTA,1022
TTTTTATTGGGGTAAA,1022
AGCAACACGATAAAAA,1021
ATACTGTCCAATGGAT,1021
ATATCAAGGCAGGAGC,1021
CAACTAAGACCAAACA,1021
CGATTAAGATACCAAT,1021
GGTATGCGCAAAGGTG,1021
AATACCAACCATGATA,1020
CAGGAGGGGGTAGCGA,1020
GAAATTAGAACAACTA,1020
GCATAGATGCAGCCTA,1020
GCGTCCGATTGAGTTT,1020
GGCGGACCATGATGTC,1020
TGAAAAGCATGCATAA,1020
TGGGGCACTCGCACCC,1020
AATGTCCAAATACATT,1019
CAATCCCCGGAACATA,1019
CCTAACTTATGAGGGA,1019
GACAATTCTTAATTAT,1019
GTATATAACTAGGGAT,1019
GTTGCTACGAACGCAC,1019
ACGGACCGATACCGAT,1018
CCCACACGACAACGGA,1018
GCCAAGATGCCTCATT,1018
GGCATCAGCTGGCGAA,1018
ACGTCCATCGATGAGC,1017
ACTCAAGACAGAGCTC,1016
AGACCTTTACAGCCAA,1016
ATGGACTTACGATAAA,1016
CGCAAACTAATGACCA,1016
CTGACGCGTGAAACAC,1016
TAAGAAGTGGGAGCCT,1016
TATCTAAGGGGGCGCT,1016
TGAGACTGTTGGGTGA,1016
ATAACGCGAGAGTAAA,1015
ATGTGGTCCTACCGGT,1015
CCACAACAAATATGGG,1015
GCCCATCATGAGTACG,1015
AATGGGAACTCATAAA,1014
AGATATATCCTATGGG,1014
ATGAGACAAAATTAGT,1014
GACCCCTGCCGTGTAA,1014
GGAGCACACGGTATAT,1014
GGGCAATCTCGGTTAC,1014
TAATGGCTTGGCCTTT,1014
AACTAACAATATACTT,1013
CATCCGATATAAGTTA,1013
CTTAGGTGATATAGCA,1013
GACAATAGAATAATCT,1013
TTTTGGTGGTAGGGAG,1013
AACAAGAGAACCTGAA,1012
CAATAACACATTTGGC,1012
CTCTTACCATGGGAAG,1012
CTTCAGTGATTAAAAA,1012
GAATATACTGAACAGA,1012
GTCACATGCTCCACTT,1012
TACCCCAAGCCTTCTA,1012
ACTAAAGGCGGAACCA,1011
CTTGGATTTGGACGAA,1011
GGTCGGAAATCCTGAA,1011
AACTGACTGGTCTTTA,1010
AGAGGCAAAGAATAGT,1010
ATCTACAAGGTCGATA,1010
GGCACTTTAAAAATGA,1010
GTAACTGACGCCCAGA,1010
TCAGAAAGTTACGAAT,1010
AAGGAAAATACCTCAA,1009
AATAAAGTCGGGGGCT,1009
ATACTCGTCAAGGAGT,1009
ATCCAAGAAGACAAAT,1009
CGCCTAGCATTGTTAT,1009
GGTGGCGAGATCTAGG,1009
GGTGGGACACCGGAAG,1009
TTAAGACGACGCCTTC,1009
AGGAGCCGAGATACTA,1008
ATCACCTCGCAAACTA,1008
CCCCCCAGGCATGAAG,1008
CTACCCAAGACTAAAA,1008
CTTGAAGCCATAGCAC,1008
GAAGTTCGTCCCGACA,1008
GTAACCACACACCCAT,1008
GTAATAGATCATAAGT,1008
AACGTAACGTCCGAAT,1007
AAGCGATGGTAGCCCC,1007
ACATCCGTGAATACTA,1007
AGCAACCCTGCAATAT,1007
AGGAGGCTAGGTATCC,1007
CACTTGGCACACGAGA,1007
CTAAGGATCAAGACGA,1007
GTCCAGTGCTAAGTGA,1007
GTCTTATATACTCAGA,1007
TAACCTTATGCTACTT,1007
ACAACTTAAAACCTTA,1006
AGCTTTCAAATACTAA,1006
ATTACCCAGTTGACGG,1006
CAAAAACCGTTGCTGT,1006
CTTGTAAACGAAACGT,1006
GGACAATCCGTCATGA,1006
GGGTGGTTGACTCACT,1006
TGCTTCAGGTCAATAG,1006
TGGATCCAATGCCCAC,1006
TGTTAGGCCATGTCAA,1006
AAAGATGAACGTTCAA,1005
GCAAAATCTAACTGAC,1005
GTTTCACCCCATTTAA,1005
TCAACTAAGGTATCGT,1005
TGAGTAAAGTGGAAAA,1005
TTTTCCGTTGAGCGTA,1005
TTTTGCTCGCGAACTC,1005
AAAACCAGTGCATGTA,1004
AAGAAGTGAAACAAGA,1004
ACATAATATATGAGGT,1004
ACATGTTATATATCGA,1004
AGCTTGGAATGAAAGG,1004
CCGATAAACAGTAATA,1004
ACGAAAATCCTACAGA,1003
GAACACACAGGCAATA,1003
ACTAACGCTCAATATT,1002
CACAAATCTAAATTAA,1002
GCTCAGCGCGAGTGGG,1002
GTAGATTCGTCATTGG,1002
TGGTCGAGTTTAAGAT,1002
TTTCAACGGTGGTTCA,1002
CCGGAGCGGGGATTCA,1001
GAATAGCTAAATAGTA,1001
GTCGCAGTGGTTTTGG,1001
GTTAAAATGTGAGATA,1001
TGCTCCCCGTTCTACA,1001
ACAAGATTAAGAGCTA,1000
ATAAAAATTGGCTTCT,1000
ATCACGTGCCAAGCTA,1000
ATTGAACGAAAATAAC,1000
CCAAATAATCTCTGCA,1000
CCGTCCTATAGCAACA,1000
CCTGACCGCAGACAGA,1000
GAAAGATATTCGAAGT,1000
GCGATGGCACCCAAGA,1000
GGTGCCCCCAGTGTAG,1000
GTGATTTGCAGGAAGT,1000
TAGACTTAGATAATAT,1000
TCTCGCATTGAACGGA,1000
CACAATACGAACGAAC,999
GAGGTTGTATAGATAA,999
GGAAAGCATTCAACAA,999
GGCTGAAAGTCCCATA,999
GTTCCACTGGCGAAAT,999
TACCTAATCATCTACT,999
AGCGACAAAGACATTG,998
AGGCGCATCCAACCAT,998
GTATCCTTGGTGGGAG,998
TTCCGAATGGGTATCA,998
AATCGAGACCACAAAT,997
AGCTATACCGTTGAAA,997
ATCAATAGTGCTGGGG,997
CAATAGTTGGTTAGAG,997
CGAGAACTTATACTAA,997
CTTAGTCAGCGTCGAG,997
GTAAGCCATCCCATTA,997
TTCAATCGAAACATCT,997
CCAGGCGCATTAGATG,996
TCAGCAAGTTGTCCTT,996
ATAGGTTCCAGTTCTA,995
CATTGCACGCCCGTTT,995
CGGGCAGTCAATAAAT,995
CTCAGATAATTCTGGA,995
GTGGGGACCCTAAAAC,995
TATTCCTTTACCTGCC,995
AACAAACACAAGATTG,994
ATAACCTGAGTCATAA,994
CGAACCGGATCCTTAT,994
ACATCTTCGGGGGTAC,993
ACCAGATAACGGGGAA,993
AGTATAAGGTATTGAA,993
CAAAACCACGGCGAGT,993
CACAACCTAAAGGAAT,993
CATTCGGTCCTGGCAG,993
TAAGACGAACAAATGA,993
TGTGAACACTTTTTTG,993
TTATACCTCCCTACAA,993
TTCGAAAACAACGAAA,993
TTCTACAGTAGGTGAT,993
ATGTTACAGAAGAGAA,992
CGCTGAGAAAAGCTTA,992
AGCGCGTATACCTTAA,991
AGGCTATTTTAGCCCA,991
ATAATGACCATGTGAG,991
ATAGCAGAATTTTAGT,991
ATTGCGTCTGACTCTA,991
CCCTGGGCATGACGGA,991
CGAAGTGGAAGAGTTA,991
CGTGATTATTACTCTA,991
GAAAGCGATTTCTTTT,991
GTTCCTAATATAAAAA,991
TCAATGTACTATGCAA,991
AGCAAGTATAGTGAAA,990
AGGAACCGACCCCACT,990
GTAAGCTAAAATAGAA,990
TACACCAGGGTAGCTA,990
TCACGCCGAACCCGTA,990
TGCAAACTGCATCCCA,990
TTCCATCTAAATCAGA,990
ACCAAGCGTGTAAGCA,989
ACTGAATTCTAACAAA,989
AGACCAAGCACCGTAA,989
AGGAATATCCGTTCTA,989
AGGAGAACCAGCCCAA,989
ATTAACTTAGTTCGCT,989
CACAAGATGAACTGAC,989
CACGAATATCCGATAG,989
GGGTTTCTTGAACAAA,989
GTAAAGAGCGAGAAGT,989
GTGGCACATAACATCA,989
TGATTAAGCGGGGTAG,989
ATTAGACGAGCTTATC,988
GATGAGATGAAATTAA,988
GATGTCGAACTCCAAA,988
GGAGCGACAAAATAGG,988
TCTCAACTTTTGTGCT,988
AACACAATTAGATCAA,987
ACAGATAGCATACACA,987
AGCAACAAGCCGTAAC,987
TCGTTACGTATAATAA,987
AGGTCCTTAGAAAGTA,986
GAAGCGGCTCGAGTTT,986
TATGAAAATAGATGAC,986
TCGAACAGGGGCACTA,986
TGAATGTTGCATAGAT,986
TTAGCGGGACCGAATA,986
AACAACCGTCACGACT,985
AAGTACAATCATAAAG,985
AGGATAGCAAGCGGTT,985
ATACTCGTGCTCCCAT,985
ATAGCTGAAGATGTGG,985
CGCTAGGTAACAAGAG,985
CGGAATAGCTTGGGGA,985
GTTACAAAAACCGCTA,985
GTTCTGGATAGTTAGA,985
TCAAACGATAACCCTA,985
AATCAGACTTGAAACA,984
ACCGTAAAAAAAACCC,984
GTAGAATCTGAAACTA,984
TATAATTCGTCAAGGA,984
TGAACGGACTCAACGT,984
ACTTCGCAAACTGCAA,983
AGACGAGGCATAAGCT,983
AGTATTCTTTAACAAT,983
CTGAGAATTAAAATAA,983
GAGTGGCGAACGAGAT,983
TGCGGAATCCGTAGCC,983
TTAATTGAAAGCTGAT,983
TTAGTAACAGAGAATA,983
TTCAAGGCAAAATTTT,983
TTGTTAACTCGGTTAT,983
ACTCAAGACCAGTATG,982
ATGTTACCCAGCAGTA,982
GCCCCAGTTACCCTAA,982
GTATAGTCGTATATCT,982
TACTATATTAACGGAC,982
TTCCCGCCCTCTGGTC,982
CAAATGTCAGGCAATA,981
CCAGCGAGCGCCTTAA,981
GCGGGCTATTAATAGT,981
GGACAGGAAGCACCTG,981
ACCAAGATCTTGGCAC,980
CAATTGGGGCATATAT,980
GCGTATTCCGCAGTAA,980
GGGTTCATAGGTTTAC,980
GGTGTGACTCGTTGAA,980
TAAAAAACACTCCAGG,980
TATTGTACTAAGCTAC,980
TCCGGGAATGATTGGC,980
TGTTTCTCATCCAAAA,980
GGTGAATCATTCGCAG,979
TACCACACATCAGTAG,979
ACGCAATGTTAAGTAT,978
GATAGCATAATTTTTA,978
GTAGTTAAGAACTGAG,978
TATGATATGGTTTCAA,978
TCTTTGATAGTTGAAC,978
ACCTTGCCAAGACAGT,977
ACTTTCCTCAGAAGGA,977
AGCAGGAAACATCCAT,977
AGGGTTTTCTTGTAGG,977
AGTTAGTAGAAAAAGT,977
ATGGGGAGGAGTTATT,977
ATTGAAATTAAAATTC,977
CTAAACTGTAATTTAA,977
GCCCGGACAATGGTGG,977
AGGGCTCGACCCAAGC,976
ATCGGCGAATTAATAA,976
ATCGTAGACTAGACTA,976
ATTCGTAAAAGACTTG,976
CAAATGGAAGAGGCCC,976
CAAGCTCCGTGAGATA,976
AGCGCACGGGATTAAT,975
ATATCATTCAGGCCGA,975
CTCGTCATTCACGGGA,975
TGAATCCGTTCAGGAT,975
ACGGCTGGCAACACCA,974
CGAGGTATGCTGCCTA,974
GAACTATCCGGTCTAG,974
GACATCAACAATCTCT,974
GAGTATCCCTTTAGGC,974
TACTTTAGGTAGCCCA,974
TCACTTGGTGTAATCT,974
TCGGGGGTAGCCGCGC,974
AAACTGACCACCCGAT,973
CCCTGGTTACGCGAAA,973
TACACTGATATACAAA,973
ACAAGAAATAACGGGG,972
AGACCATAACAGCTGG,972
CAAGGAAAACAGGCCA,972
GAAGCGTGGGAAAGGT,972
GCAACACTGCCTGCCA,972
TTTACGGAGTGTTTGA,972
AACCAGAACCTCGGCA,971
ACAAAGCAGGCCTTTG,971
ATATCCGATATCATTT,971
ATGAACGGGCTGCTAG,971
CGACCCACTGGCTGGC,971
AGGTGTACACCGAAAG,970
AGTATTAGATTAAGAC,970
CCGCTGGGTCCCGATA,970
CGAAAATACCGGGCAA,970
GCCTAGAAGAGTATAT,970
TGCGACTACTTCATGA,970
TTGAGAGCACTCGGGA,970
CAGAGGCACATCGTAC,969
CATGAGACCAATCTAT,969
GATTTAAGACACCACT,969
GCCAATAGGCTGTAGA,969
GTGGATCAGAAATCCA,969
GTTTCTTAGAATCTGA,969
TAGACGCCAATTTTAA,969
AAAAGTACGTCGTTAA,968
AATAAGCTCGTATCGT,968
AGGCGAATGTATATCG,968
AGGCGCTTAGAATCAG,968
GGTCGAATTTAAGGGT,968
TGCCCTGTACTTGGAG,968
TTGCGAAGGATAAACA,968
AGATATTAGCCAGGGG,967
AGCTGTACTCTTTCGG,967
AGGACCTTAAAGGACT,967
CTCAGATTTTGAAATA,967
CTCAGTGGCCCAACAA,967
AAGCCAAACCTTGCTT,966
AGTGTGTTCACATGGA,966
ATAGATAAACCCGTAG,966
CTGTCGAAGCAGCAAG,966
GCTAAAGTCACGAGAA,966
TAATTCTTACAGATAG,966
AAACTATAGATCTTTG,965
AACATCCGACTGTTAG,965
ATGCGAACCGTCAAGA,965
ATTGGGGCTTATTTAG,965
CCGACACACAACACAC,965
GACCTACTTCTGCAAA,965
GTGAGGTGAGTTGCGA,965
TACCGTACGGGAATAA,965
ACTCTCTAACATTGCT,964
AGACTTCTATTAAACA,964
CAAGAGACAAAGAAAC,964
CTTGATCTGTCAGTTG,964
GTAGATATACGCAAGA,964
TTACAGCCATGCATAA,964
CCTTTTATAAGGCCCT,963
GTACTTTGGGTAACCA,963
GTTATTGAACCATCAA,963
TTGAACCCTTTCTGGA,963
TTGAGAGGTTCGCTAA,963
AACTGACTCTTCAACA,962
AATATGACGATGGTAA,962
ACTGAGGGGGCCGAGA,962
AGAGTATTGAGGTGAG,962
ATCATGTGATTTTTAG,962
GCCGAAAAACACATCA,962
ACTTAAATTTAATCTT,961
AGAAGCTCGGTAACAA,961
AGTATCAGAATCTGGT,961
ATTAGACGAAGAGAGC,961
ATTTTAATCCACTGAT,961
CACCACGGCAATTAAG,961
GTCCAAGGAAAGGCGT,961
TCACATGAATTCCGAT,961
TCACCCAAATTTGATA,961
AAAATGTAATAGTCCA,960
ACCCGGTGATAACAAT,960
AGTGCAAAAAAAGAAT,960
CAATGGTGGACTCTTT,960
CTTCCAGTCATGAAAA,960
GGCGTGGGTCATTCAA,960
TGGTCTCATTGGTCTA,960
TGTTGCGCAAACGAAT,960
AAACAATTTGAGTTAT,959
ACCCAGACCTTATAAA,959
ACGTAACGCATCGTCA,959
CAATTGATATACTTGA,959
CCGCCCGCTAAACTTA,959
CGGACCTCTTTCTGGG,959
GAATTGTTTGCGTAAG,959
TGCTGCTCGGTATAAG,959
TTGCGCACTAAATCAT,959
AAGTATAGACAAGCAT,958
AATAGTGCCACTGTAG,958
ACTAAGTGAAGGATGG,958
CGTACGATCTTCTTCT,958
TAGAAAAAAAAAAAAA,958
TGCTGGATAATTCCTA,958
TTAAACCGAAACGTGG,958
CGGCTCTTCTGACAAA,957
GAATAACAAATCCTAC,957
GTCCTAATGGCCCCTT,957
CACTAAAAATTCTATG,956
CCGGCGAACAAGTACC,956
GGAAAGATCTAAATCG,956
TCTAACTATTTTAACA,956
TGTTACGACCTCTACA,956
CAAAAAGATCTGCCAA,955
GAAAGGAAATGGCACT,955
GAACAAACGTTGACAT,955
AAAAGATGAAAAGACT,954
CACAGAATGTTAACTT,954
CCCTAGCCTAGCACAA,954
CGCAGACAAAGAGTTA,954
GGCCTCACTATTTGGT,954
TCAGCATTCAGTGCGT,954
ATATATCAGAATGTAA,953
CACAATAACAGGTCAA,953
CCGAACGCGTTTAATA,953
TGCTGGTGTATGTAAG,953
AAAAAGTCTATGTCAA,952
AAAGCGATATCGAGAC,952
AGGCAGGGGATCGTCA,952
GCATTGGGGAATGTGC,952
TAAATTTCCCCGCCAG,952
TAGATAGTCCCCCATG,952
TAGATATTTCAACAAG,952
TTTGAGACATGGCTAA,952
ACATAGACCCATCAGA,951
ACGAGGACGAGAGGGT,951
ATGTGCTTTCACTGTA,951
GGAATGCTCACATGAA,951
AAATAGATGACAGCAG,950
ACTCATCTATACATAA,950
ACAACCCACGTACAGA,949
CAACGATAGCCAGCCT,949
CAAGAATAAATAACAT,949
CAGCCTATGATAAAAG,949
CGCAACAGCAGCCCTA,949
GCTGATCTTCAACCAA,949
TAAACATGGCGAAGTA,949
TCGGGTGGAGAACATA,949
CTATGTAGCATTAAGG,948
GTAGCAATGCTTCTCA,948
TGCTTGAGGTCATGTA,948
TTATAAGATGACTTAA,948
AGGAACGGTAGTGCCG,947
CATTCCGATCATATAA,947
CTTGTCGGATCTCCGG,947
GAATGTATAAACTGAT,947
TTCATTTTAAGAGAAA,947
AACGTGGAAAGAACCG,946
AAGCGCAGCCACCAAA,946
CGAACAAGAAATGGAG,946
GAGCTAGCTGCTAGGG,946
GATTCGCAATTATAGA,946
GGTATTCTGTGGCCTT,946
GTGAGGAAACCACCCA,946
TAACAAAAGTCCCAAT,946
AAACTGCGGAGCTATA,945
ACGAGAATGCGTGTAA,945
ATCAATGACTCGGTTA,945
ATCCATACATAAACTA,945
CCACATACTGAGGGAG,945
CGTACAAAAGGGAAGC,945
CTGTTTTTGGTAGCGA,945
GACTCACAAAGTCAAA,945
GATTACCGAGTGCTAC,945
GGACTACGTAAAGATA,945
TACCACCCTCCCTGAA,945
TAGAGAAATGTAAAGT,945
CCCGCATAAGCCCAAC,944
CCTATTCGATTCGAAT,944
GCCTGAATCACAGTAG,944
GCTAGTAACCGTTGTA,944
GGTTCCAAGATGGCGT,944
TTCGAAAGGGGTATAC,944
AATTCAAATCAAGCGA,943
CAAATATCATTGTAGT,943
TTCACTACGAAGTATT,943
CAAATATGTGTGTACC,942
TAACCATGGACGAAGA,942
TACATTTGATGGGAAA,942
TCTTCGGAGGCCTCAA,942
AAGTAGTAACAGCAGG,941
ACCCATTTCTAGAATA,941
GATTAAGAAATGTAAC,941
GTTACAGCATAGTAGG,941
TGTCCCAATATCGAAT,941
AAAGCTCTCACGCTAG,940
AGGGAGTAAGTTGTGA,940
ATAATACAATACTTTC,940
ATCATTGATATGTCAA,940
CAGCAAGGCTAAGGAT,940
CGCATGTTTCAGCCAA,940
GGAGGCCTCAAATAAG,940
TAATATACAAAGTTGT,940
TCGCATAAACTACTAT,940
TCGGGTTTTAGTATGT,940
ATAAGTGAGAGGTAGG,939
ATACCAGCGATTAAGA,939
ATATTATAGGTAGGTA,939
CATACCACCCGTTAGA,939
CGGTGGGGGGCCTGAT,939
CGTCACATTTACGGAG,939
GGTATAGGTGGACAAA,939
GTAGACACCACAACAA,939
GTCATCACGTAAATAA,939
GTTGGTCCCTAAGTGG,939
TACAACATCTGACCCT,939
TCCTAGGAAAAATCTT,939
TCTTATCTGGCTTCGA,939
TGCAACTGCTGCCTAA,939
CAAAAACGAAGGGTGA,938
CATCTCCACCTAAAAG,938
CGCTATCACTCGGGAC,938
GCTGGTAACGCAACCA,938
TCCAATCACAACCCTC,938
TGAGCAGTAACGAAGA,938
TGTCATGTAACTGGGG,938
ATGCCGCCGTTCCAGA,937
CTTACATATTGCGTCA,937
GAATCTTCGCAGGTAC,937
GTTGAGTAGCAGGAGA,937
TGGAGAGATCATTACA,937
ACGCCAGGTTGTTACA,936
ATCCACCATGGTGAAT,936
CACCATGCCGGGGAAC,936
GAGGAATATCAGTGTT,936
GTAGTGGCATGATAAG,936
AACGGAAAGCAGCCAA,935
GCTAATAGTCAGATAG,935
GGGCCGCAATGTTCAA,935
GTTAGAAACGTATTTG,935
TAAGAAGATCGATGTC,935
TAATGAGAACACCAGA,935
TTCAATTAGTCATCAA,935
AGTATTCACCTATGAA,934
ATAAAACTACTTCCAA,934
ATACCGGCTCCAATGA,934
CTACATTTTCTCTAGG,934
GCAGCCACAGGTAGAG,934
GGCCAAAATGACGTGC,934
GTCATAGGCTGGCTAT,934
TACCCGATGAACGCAA,934
TCCACGGATTGAACAA,934
TTACTGAACAAGAACG,934
TTCCTAGGTGAGGCAT,934
CTTTGCTACGAAATAT,933
GGATTTGCGTTAAAGC,933
AAAAAAACTTGAATAA,932
AACTTCCACCGAGCGT,932
AAGGACATCCCAAGAG,932
CAAATAAAACGAGAAC,932
CAGTACACAGGCAGGA,932
GAACAAGTTGTATTGG,932
TAAAGGAGCCGGAAAA,932
AGAGGAACATGAGCCA,931
CAGCAGCGGTGGAAGA,931
GACCATGGCCGTCAGC,931
TTTTCTGAAGAATCGA,931
CAAACTGCAGTTGCAC,930
TGAGGCATTATTGATA,930
TTGTAAAAAAATTGAT,930
CATAAGGAAGCGGAAG,929
CCCCATAAATAACACA,929
GAAACGCTAGAGCTAT,929
GGTTATGACCTTAGAA,929
AAGACTGACAAGGGGA,928
AGACATGATAAGGGAT,928
AGGGCGAGAATATTGA,928
ATAAATCAATAAGCCC,928
ATTATAAAACGCCAGG,928
CCGCTACAAGGAATGT,928
GACTGTGAACTGTGTT,928
GCTTATCACGATACAC,928
TAGAATGAGTGGATAA,928
AATAAAGGTCTGACAT,927
ACCTTATAGTGTCGGT,927
ACGTACATAATTCCCA,927
ATACGAACGAAGTTAA,927
ATATGCTAAGACACCT,927
CCGGAAAAATGACACA,927
CTAGATAGAGAAGAGA,927
CTTCAAGAATTTCCGA,927
GGCCGAACTATACCTA,927
TCAGAAAATATCATAG,927
TTCATAGAGGCGCAAA,927
AACTAGATTGCATAAC,926
AAGACTGTCTTTTTAA,926
ATAAAGACTCTTATAA,926
CACAAAGTTACGATGA,926
GATGCTATTCAATGGT,926
TCCGCAAGGTAACTAA,926
TCTGGTGTAGGCAGAA,926
AACTGAAACATGAGGG,925
ATAAACAAAGAAAATG,925
CTCCCACAACAGACTA,925
CTTACAAACCAGGAAC,925
AAAGCAACACGGCACA,924
AGACCTCTCGGGCTCA,924
AGCAGTCTGACAATAT,924
ATAAGGAATTGTACAA,924
CAACTCATACACCAAT,924
CCGGGGCAAATTTTTG,924
CGGGTTCCATCACTAA,924
GAATAGTTAAGTACAA,924
GGATACACGACGTATT,924
TGTGGCAAGTATGGCC,924
AATGCGCTCACAGGGT,923
AGCTTTGTGAGGGCTC,923
GCTAAACAGAAAATGC,923
GTTGGTTGTGTACCAA,923
TTAACTAAAAAGACAG,923
TTCCCTCTAATCCTGC,923
ATTAGGCTAGGCTGCA,922
TAAGTATGGTTCGGAC,922
AACGTGAAGGCTAGAC,921
ACAAAAGCCAATACAC,921
ACTAACCTGATGGACC,921
AGTGTACCAAGCTACT,921
GACCCCGTTCAATAAC,921
GGCTGAACTGACCTTA,921
ACTTCGAAAATTAAAC,920
CAGTGACAATTAATAA,920
CCGAATCAGTTAAGAT,920
CCGATCAGCTTTAGAA,920
CTAATACTGCACAAAC,920
TATGCGGGTACCCTGT,920
TGCGTAGTTGAGGACA,920
TGTGAAGAATTAGACA,920
TTATGCACTAGTAGTA,920
ACCGCTAAAGGCTGTA,919
AGAGTCCAAATAACGT,919
ATAAACAACAACTGAC,919
ATGAGTCACTGCTAGA,919
CATACAAACAGAAAAT,919
GCAAGTTGACTACTAA,919
TCTATTTCAAAACACT,919
AATGAAAACTTAGGAT,918
AGCCCTTGCGATTACA,918
ATAACCTTGAAATCAG,918
CAAGCGAAGGTCCCAA,918
CCTAGCGACGATATGT,918
CGTCTACCTAATTAAA,918
AAAATAAAACGACAAT,917
CCAAAATACACGCTTA,917
GGCTATAATTCAAATT,917
TAAAGTATAACTGGAA,917
TCCGCACTCGTCCATA,917
TCTAGATCGACAGTTA,917
TCTTTAATGAGGACAA,917
CTAGACAACAGTTGCA,916
CTGGTCTCATTTCTGT,916
TTTAACTGTAGCAGAG,916
ACCCCATCAGCCGGAA,915
ACTTAAAAATTGAACA,915
AGATGGAGTTTACTGG,915
CCCGCTTGGATGAATA,915
CTCAAGATATCGCAGA,915
GTCACATGCATCTCAA,915
TAATGCCTGACTCCGG,915
AAGATCCCGTTGGCTT,914
ACCGAGATAAGATCTC,914
ATGAAAGCGAGAGAAA,914
CGATGTAAAACGTACA,914
GATGGATACAAAGGAA,914
ACAAGCGATGCGCGGT,913
CACCGGCAAATTCAGA,913
CCAAGTACCGTAGAAT,913
CCCGTCTTGTTTGAGC,913
GCCTCCATAAGGTGGT,913
AATGGGTTAGAATTTA,912
TGACGGTGTGGGAGAT,912
TGTGGAATTTACGAAA,912
AACGCGGTTAACAGGG,911
CATGCTCCCCTATCGG,911
CCTCCCTAAACCATAC,911
TGGTAATCATTATCGT,911
TTATGGACTCAATGTA,911
TTCTGGTAAAGTGAAT,911
AAAAATACACTGTGGT,910
AAAATAATTTACACAA,910
AATCCTACAGCAATAT,910
ACAGCAGAAGAGGTAT,910
ACTGTCCAATTAAGTA,910
AGAATCTACGGCGTTG,910
CATGATATGGACTTAC,910
GATTAAGCTATATCAA,910
TGTGGCTGTAACGCGT,910
ATAAGTGAGGAAGATC,909
CAGGGGTGTTAAGGAC,909
CGCGGTAATGGGACGC,909
GAAAGAAAGAAGTGAT,909
TTTAGTTGCGAATGAC,909
AGGGATACATCTGGTA,908
ATGTTTTGTACCGTGG,908
CGCTCGTAACACTTAA,908
CTAATCACCATTTCTC,908
GATCCTTACATTTTGT,908
GTGCCTCTCAGGACCA,908
TGCTCCGATTAGTGAG,908
TTATACTTTTGCAGGC,908
AAAGAAATACATCATA,907
CCACCTAGGCAGAGAA,907
CCCACAATCCGGCAAA,907
CGAGGATGCCAACTCG,907
GTCTTAGGAGACCAAG,907
TCCGTTCACACATATA,907
TTATTTAGGCGGAATT,907
AAGTACGGTCGTACAA,906
AATGCGGCAGCTACCA,906
ACTGCGAACAAGAACT,906
CAGGGGGTGCATAAGG,906
GCTCCACCGGAGAACT,906
TCATTGCTACTGACAA,906
TGCCTGAAAGTCTTAA,906
CAACCATAAAATTCCA,905
CTAAGATACTATCCTT,905
GTAGCCACTGCAAATA,905
AACAAAATGTCATGAG,904
AAGGATACATTAATCA,904
ACCGGCTTAGCGTTGG,904
AACAGTAAACACACAG,903
AGTCATATGCGGATTC,903
ATACATAGGGACAGAT,903
ATGAGCCGGGTGGGCA,903
ATGCTACAATCGTAAA,903
GTAACTATCTGATTGA,903
TGAAGGCATGCAATTT,903
ACTGCGGCAAGAAAAA,902
AGCCCATTGGTTTAAC,902
CTAAGCTAAACAAATA,902
GTAGTTGAAGAGGCGC,902
TGGACCTATACATGAC,902
AAGCACTCAACATGAG,901
ACTGTAAATACTACGT,901
AGTGAAATGGGTGGCA,901
ATACAGAATGTTCACA,901
CATCAAAACATTCAAG,901
CTCGAAAGTCGAACAT,901
GCAACCTCTTGGTTAG,901
TATCTACTTAAGGTAA,901
AAAACGTCCTGAGGCC,900
ACTATACGAACAATTC,900
AGTAATCCAGTACCAA,900
GGAAAAGCCTACAGAA,900
GGGCCCCTGTTTATAT,900
GTCTATACCAAGGGCC,900
TCACTTAACCCCCTAA,900
TGCTACAATCCGCAAA,900
TTACATAGAATAACTG,900
ATAATGTGACTGCTTA,899
ATCGTATATAAAAACA,899
CACTACGAATTGATAT,899
CACTTTAGTTACATAA,899
CAGCTCCCTAAACAGT,899
TCGCGTTTACAGGACG,899
TACGTACACAGGCATT,898
TGAACCGGAGGAACAT,898
TTAGAAGTTGAGATTA,898
CAGTAGCAAACGGAGT,897
CGTGCAATCAAAATTT,897
GTCCGCTGTAAGACAT,897
TCAGGGTCCAGTTCAA,897
AAAGGCACAATTCTTA,896
AAGCAAGGGTGAAACA,896
ACTGGTAAGGGCAAAA,896
GCGGGGAACGACCTAT,896
AAACAGGTTTCGCATA,895
AAGCCGCCTATTATAT,895
ATACGTTACACCGGAT,895
ATGGCGTACTCGGGAT,895
CATGGAACCAAATGTA,895
GAGGTCACCAGCAAAA,895
TAGAGACAACGAATAA,895
AAGGTTGAGTAGGGAG,894
AGTTTAGTAGTATAAA,894
ATAACAGCCGAACAAG,894
ATATCCAGCACGAAGT,894
ATCAACAAAACGTTAA,894
CAAACCATCAACTAAG,894
CATAATGATACGATAA,894
GATATTGGAATAGTAC,894
GATGTCCTCTGATAGC,894
GGACTAAATGTTGCTA,894
TATAAGCTCGCATGGG,894
AAATCCAGCAATAGAG,893
AAGCACGCAGTATAAA,893
GGTCCCTAAATGAACA,893
GTGAAGGGGGTCTATT,893
CATGACTAGTAGTGTT,892
CTACGGCTATCTCGAA,892
TACTATGGCTTGCAGG,892
TCTCCCAACTGTGAAA,892
AAGTCCCCATTAGTAA,891
AGTATGTACATAGTCG,891
GACGGCTAAGGTCCCC,891
GACTCTGATACTATGA,891
GTTCGGGTCATACACT,891
TAAAGCCCAATAAAAG,891
AAAATCGTTGTTAAAA,889
AAGCCGCGATTTAAAC,889
CGCGCCCCTTGTGTCC,889
CGGCGCTGGTCGTAAA,889
GAAGTAAACCATAGTT,889
GTCCTAGCACCTTGAA,889
AAAAATCCGTTCAACA,888
AGAGGAGCGAATGAGA,888
CGAGCCCTAGCCTTTA,888
GTTAACCATAAGGGAA,888
TCATACCCCATTTAAA,888
AATGATCGGGATACAA,887
ATTTGGCTACACGGGG,886
CTGTTACACCCTTAAA,886
GATCTAACCCGGCCTC,886
GTACGCATGTACACAA,886
AACGCTGATTTCACTT,885
ACCCATGTTAACATCA,885
ATTATGGCCCTGTGAG,885
GCAACCAACCCATTAA,885
TATGCATTGACACACA,885
TCTCAGAATGCCACGA,885
AGTGTTTGAAATGAAT,884
CACTCCGCAGAGCTAA,884
CCTATGGCCTAGTCAG,884
CTCTTTTCCATGTACT,884
CTTCCGGGAAACTCAA,884
GAGAGAAACCTGACAA,884
GATGTCGGAAGCGAGG,884
GCCCACTAACAGAAGT,884
TAGCACAATGTTGGTA,884
TATACAGTTAATGAGT,884
ATGGGTCTGCCTAGTA,883
GGGAGCAGCCAAGTGA,883
TGCAGAGTTACCTAAC,883
AACTTCGGAGAAATAA,882
AAGCGAAAAGACCAAG,882
AATGAAATTGCCTATA,882
ATAAAGGGACACTAGA,882
ATCCAGGGAATTACTA,882
CAAAGTAGAACGAGAT,882
CCACGTAGTTCCTGAA,882
CTCATGCAGATTCAGG,882
TCACGGTCAAAGCGGA,882
TCAGAGAACAATGATA,882
AACCCGTATTCTATCG,881
AATCATAATCTTCAAA,881
AGAAATAAACCCTGTA,881
AGCGGAGGGAACAGCA,881
CAAACCTCGGCTCCCC,881
CACAGCATGAAAAGTA,881
CATATGGACGTCTAGT,881
CCTCCACTTCAATCGA,881
GTAGGTCCTTATCTAT,881
TTACAATGGAAATATA,881
TTATAACACACGGTGT,881
TTGCCAAAACATATGG,881
AAATAATTCTACAAAT,880
AACCAAAGAAATGTTA,880
AGAAGCAAGATAGTGA,880
AGCGGACTAAGGAATA,880
CCGGTTACCAAAGGAG,880
TGACCTATGACTGCTT,880
ACGTAATGTCGGTACA,879
AGACCATAAGTTCATT,879
CGCACCGGCAATCGAA,879
CTATACTAAACTAATC,879
GAGAGAATTCTGGCTT,879
GATCACCGGACCAACG,879
GCAGTTAAATGAGAGC,879
GGAACAAAAGATGGTA,879
GGGACCTGTAGAAAAT,879
GGTACACGAGCATAGA,879
TAGTTACTCTATCAAT,879
TTGTAAATCGCAAACC,879
AAAAGTACATCTACTA,878
AGAAGCAGATAGTCCA,878
CACCAGAAATAAATGT,878
CTCATTCTGAACGTTC,878
GGCATTCTGTATGAAA,878
GGTGCAAGTAGAAAAG,878
TAGAATGCAGCTGAAG,878
ACAGTAAAATTTCAGT,877
AGAAAATATTAATGAG,877
CAAGCGGGGGACGATA,877
CAGAGAATTCATGAAA,877
CCGACAATGCATGTGC,877
GTATGCACTCAATAAA,877
AAGTGTACCGGCAACA,876
ACACAATAGCGTTTAA,876
CACCAAAGAATGAAAA,876
CGGGGCTAATGTGTGG,876
GAAGACGTAGGAAGAT,876
GACCCATGCTTGTTTA,876
GGAAGCTTATGAAGAA,876
TAATTTACGTCATGTA,876
TAGGTCTTAAAGCGTA,876
TGAGCTACCTGGTAAA,876
TTCGAAATTGGAATGG,876
AGTCAGCACATATCAT,875
CAGAGGCTAAACAATA,875
GAAATTAGACCCTAAA,875
GAACTTGGGATCACCA,875
GAGAATTCAACATACT,875
GCAAAGGCCTCATTTA,875
GCTACCATACGCCTAA,875
TACACACCACTATAAT,875
AAAGAGCGAGTCAATA,874
AACCTAACTTGTGTAC,874
ACTCTAGTTTTAGTAG,874
CGACGTGCGGGCTAGA,874
GGGTACTGTTTTATAT,874
GTAAAGTAGCTTGATA,874
TGGTTGAAGCTAGAGC,874
TTCTTAGTAACTCAGA,874
AGGCCGTTCCTACACC,873
CCGTATGCGGAACGAT,873
GCTTTTCTTTAGTTAA,873
TATGCATATCTAACTA,873
TCGGCTGGAGAGTGCA,873
AAAAATAAGCCACCGA,872
CGTGAATGTCAGACGG,872
GAGATGAAAGTGGAAA,872
GCTCGAGTCCTAAGAT,872
TCTAGGGTACAGACAA,872
TGACCCTCGACAGGCT,872
TTAAACTTAATAAAAG,872
CAAAAGCTGAGAGGAA,871
CTAAATAATTCTTTGT,871
CTGACATTATGTTCCT,871
GTCGGAATGGCTGCTA,871
TAACGCTTACAAGGAA,871
TTAGACTGGTTCTTTT,871
AAGAATCAAGTTTAAT,870
CAAACACTGCTATCAA,870
CACTTGAGAACCAATA,870
GATTTAGTCACTTGCA,870
AAGGAGACTGATGTAC,869
ACATATTAAAAGAATA,869
CCTATTCGAGAACGAG,869
CTTCCTGAGGTATATA,869
GCTTCGACAACATATA,869
TACAAGACAATATCAG,868
TTGGATTAAATGAATG,868
AACGATTAGAAGGATT,867
CAAAAATTGGTCGTAA,867
CGCGGAACCTAAAAGA,867
GCCAAATTGGACCATC,867
TACATCAGTTCAAGGG,867
AACAGATTTAATATGT,866
AGTACACGAGTGCTAT,866
CAGTATAAAGTCGAAG,866
CATGAGGATCGAACAA,866
GTGTTGTTACAATAGA,866
TCACGGTGAGAAAGTT,866
AAGAACATAGTAATAG,865
AATGTCAAACACTCTA,865
ATTTGGAATCCATCGG,865
CGATCTTTTTAAAGTA,865
GAACAAGAGGAATGGT,865
GACGATGAAGGGAACG,865
TGACTGTTTTCCGAGG,865
AAAAAGATGTAGTAGA,864
AACTATAGCTGCAGGA,864
ATATATATATCTGTAG,864
CGGGCAGTATGATCTA,864
GAGAACTTTTGATACT,864
CATAACAGAGGCAAAC,863
CGGGATGATTACAGAT,863
TAGGTACAAATAGAAG,863
TTACGGTATCAGGTAT,863
AAATGTCTGGATCAGA,862
ACGTTGTCTTGCCCAG,862
AGTTTTTACGGGTTGC,862
CCCAGTAGTGTATCGA,862
GCCCATCCAGGAGCCA,862
AGCGACCCGCAAGGAA,861
ATGCTACAGGGCTACT,861
GCTGTATTTTCTAGAA,861
GTACGTGCCTAAGATA,861
GTTAGTTACGACTAGA,861
TAATTCTATCCAGTAG,861
TCATGAGAGTTGTGTA,861
AAAGAATAAACGCAAA,860
AGACGCAAAGCGCCAA,860
AGGGATTCAAAAACCA,860
ATACTCGGTAGGGAGA,860
ATCGATCATAAAAATA,860
CAAATCGCTATACAAT,860
GAAAAATCACTCGAAT,860
GAAACTTCATAAACTT,860
TACTAGAAACCTTGGG,860
TATACGGAGCATTGCA,860
TTACATCACTCATTAA,860
ACGATCACAAGAAAAT,859
AGCCATAAACTATTTA,859
AGTCAATTGTGCACTT,859
CTATAGGTCTTAATAA,859
ACTTATATTTGCAAAT,858
CTTGCGAAATTCTTGA,858
GAAGCGTTAAGGTAAA,858
GGTACCGAACCAGTAA,858
AACGCTCACTCCGCAA,857
AAGGAAATCCCGTAAG,857
CCCCAGATGTCATAAA,857
GATACGTGGACAGGGT,857
TATCCTCCGGCCCACA,857
ACAGCCATCACCGACA,856
ATAGAATGAAGGATCT,856
TAAGCATGAAGGCCGT,856
TGAAAAATTGTGCAAT,856
AATCATTCGACCGGAT,855
AGATAGGGTAGCGGGA,855
CCGAGTGGGACTTAGG,855
CTCGAGGTGTAAATTT,855
CTCGTACTTACTCTAG,855
TCTGCAATAAGATTCA,855
TTAAACTAGAAAATAG,855
AACAGTGGATAAGGCA,854
CCCCATTGACTGTAGG,854
CTGGTTAAAGTTCTAG,854
GATTATGGTGTCCCCA,854
GTTAATTGTGGTGCAT,854
AAATTAAAGTTGATTT,853
ACTCTTATCGTGCATT,853
CCCCTAATCAATGCGG,853
CGGTCATTTCAACAAA,853
GACCAGATCTGAAGGA,853
GTGAGGGGACAGTACT,853
AACCGGGCTCAATGGA,852
AAGGCGAAATATTAAA,852
AATGAATGCAACAGAG,852
CATGTCAATTAAGGGA,852
GAGCTAAGGTGATAAG,852
TGATAACATTGCGATA,852
TTCTACAGACGGCAAG,852
CGTTAAGAGAAGTCTG,851
GCAGCGTTGATTAGAT,851
GGCTATGCGTCCAAGC,851
TAGTTGCTCACACAAT,851
AATCGGCTAAGCGCTG,850
ATCCCACCAATTTATT,850
CGCATCCTTTGGATAA,850
CTATCGTAATCCGAAA,850
CTGTAAGCGATGAGAA,850
TACCTTGCTAAAAAAC,849
TGTGATCCCGTAGAAA,849
AAAACAAAAGGTGGAA,848
AAACAGAACTACACAT,848
AAAGAAAGTCAGAGGT,848
CCACCATTCTTGTGGG,848
CTTGATACCGTGACGG,848
TGAGGATAGTGCACAA,848
TGCGATGCATAGGGCG,848
AATCTAGAATAAGTGT,847
CGAAAGGGAATATAAT,847
GAAAGACGACATTTAT,847
GTACTAAATCGGGCGT,847
ACTGCCCAGGGGCTGG,846
ACTGGACAGATACATT,846
AGAGGTTTTTAAATAC,846
GAGCGTTAAATTCTAG,846
GTGAATTTTGGATTAT,846
AATCCTGGATGACTTT,845
AGGTGGGAATCCAGAA,845
ATTAAGCGAGGCCAGT,845
ATTAGTTGTGTGACGA,845
CCACACCAGATACCCT,845
CCAGTTTACAGAATAC,845
GACTGAATTATTTGAG,845
GCTCTTAGCGAGAGGA,845
GGACCCGGCCTATGTC,845
GGTATACGTGAGCGAT,845
TAGGCTAGAGTAAGAC,845
TCTGCGCTGAAATTCT,845
CCAATTCTATATTTTA,844
GCGTCTAAACGGACAG,844
GGATAAAATGAAGGAT,844
GTTCGACATATTTAGC,844
TAATTTACATAGTCAG,844
TCCATCATCACAACTA,844
TTAATAGAACCAACTA,844
TTTTTTTCGAGACTCA,844
ACTCACGAACTCTGGA,843
CAAGACTGAATATAAA,843
CAGAATAGAGTAAACT,843
GTGATCCATGTTCCAA,843
TCCTATGCACTATCCA,843
TTCGAAGTGTCTGAAC,843
ATATCACCATACCGGA,842
CTCGTCCTATGTACAT,842
GCCGTTATACCTTTGA,842
GGGTAGTAACATTATA,842
ACAGCACTTATTAGAT,841
AGGCTGCAATTCGTGA,841
CAACTTGGAAAAGGAG,841
CTCTGGTATGATCAAC,841
TCGCATCTGACCAAGG,841
AATAGAACACAAATAT,840
ACACCTATTTGTTTAA,840
AGATGGTTAAACAGGG,840
CGCTGCAAGCTATAAG,840
CTTTTAGAATTTATAA,840
GACCCAACAGACACAC,840
TAGTGGGCAGTTATCA,840
TGGTCGACAATTATAA,840
AAAAATCACGGAGTAA,839
AAGCCCAAGACGATAA,839
ACAGAACACGCATAGG,839
ACGGCGGCACCCAAGT,839
ACTTCGAACATGGCCA,839
AGTAGTGGGGAAGTAA,839
CACAGCCCGAAACAAA,839
GAGCAAATCCGGTCCA,838
GAGTCATCTCAGACAG,838
TGATTAGCCCTCAAGA,838
ACATATAAATTAAAGA,837
ATACGACAAAGGTCAA,837
ATGATCCAACAATAGG,837
CGAGAGTTATACAGTA,837
CTGTCAATCGTAAGGA,837
GCATTAAAAACATTCT,837
GGATAATTTGAGGAAG,837
GTGATAAAGTACAAGA,837
TCTAACACATCTCCAA,837
ACAACGCGGTGAGATA,836
ACTCTGACACCTTCAA,836
CCCAGCTATCGGCAAC,836
CTAAGTACTGTAGTAT,836
GCCGGGGGCGGGTGAA,836
TTCTATTCAACAAGTA,836
AAAAAGGAGCACAATA,835
AAATATAATAGGGAAG,835
CAAGAAGAACATTGCA,835
GCATGACGGGCCATAG,835
GTCCCCGAACAAGTAA,835
TCAGTCAATAAGTTTA,835
TCGAGCTCAAGCTTAA,835
TCTATTTTCTGACTAA,835
TCTGTTAGAACAGTGG,835
TGAAAAAATAGATGCA,835
AAGACCAACTAAAAGG,834
ACAGAACCTAAGTAAG,834
AGACACACAATCTAGC,834
GGAGTTTTCTCTGTGT,834
TATACGCGTCGATCCG,834
AAAATAATGGAGGATT,833
AACAAAGTAGGTTGTT,833
AACCAGGTCAGGATTT,833
AAGCCGCACACAAGAC,833
ACCTTAGTGGGCAAAT,833
ATAAACTGGTAGATAG,833
ATACCCGGCTCGCTGA,833
ATGAGAGTTTTCCTAA,833
CGGAATACGCAAAAGC,833
TCACGCGAATACCCAA,833
TTAGGAATGATAAACA,833
TTATTCTTAGATCAAA,833
ACAATTCTTCGGTAAC,832
ACGCCCTCTAGGTAAC,832
AGAAAGACAGGATGAA,832
ATTTCGATACAGAGTT,832
CCCTTCGATCACGCAA,832
CGTCTGGATCGATCTA,832
GAAGCCGCAAATCCAA,832
ATATACAGGGTGAATA,831
CAAGAATCCGCGATTA,831
CACACGGGAGTATAAT,831
CGCGTGTCACCTTATG,831
GAGATAAACAGATCGT,831
GGCCGAAGATTCTCTT,831
GGTGGATCATAAGTAC,831
TGACGGTCATACGAAC,831
TGAGCGACCTAGGCCT,831
TTATCATTCTAAGAAG,831
AGAAAGGGAGAGAACT,830
AGCTTGCGAGGATTTA,830
ATCAGACTTCTTGGTC,830
CGGATAAGAAAGCTCA,830
CGTTAGCATTACGGAA,830
CTGGAACTAGAGCCCA,830
GTAGGACAACTATAGA,830
TCCAAAAACCAAAGGA,830
ATAACAAGTTTCAAGG,829
ATTCTCTTTCCTCATT,829
GATTAGTTGAGTCTTA,829
TACTGGTAGCCTGAGT,829
TTCTCTAAAATATAAA,829
AGTGTAAGTCGACGTA,828
GAGAGGGAGTACACTT,828
TAGAACGACCAAGCAA,828
TGAGTTACACTAACCT,828
ACATTTTCAAACTAAA,827
AGCGATGAACTACTAG,827
ATTATCCGTAAGAATG,827
ATTCGAAGAAAATGTA,827
CTTGAACACATCCTGC,827
GAAAGTATAATTGTCA,827
GTTCGGGAACTCCAAA,827
TAAAATGGCTGAATGT,827
AAGATTTCTGAATTTA,826
ACATAAATCACAAGTT,826
ACCCAGTGGCGTCCTA,826
AGCCCGTAGAAGACAA,826
ATAGACCCAACGCTGT,826
ATGACTCACATTCACA,826
CTAGCTACAGTCAAAT,826
GACATGAGCCATGCCT,826
GGTAGGGTCGGGACAC,826
GTGCTTCCAAGATAGA,826
TAATCGAAGCGAGGAA,826
TAATTAGAATATGTGA,826
AATGAGCAAGTGTAGA,825
ACTCTCCAAGTTCTAA,825
CTGATCACTAACCATG,825
GAAGGGGCCCGAGCTC,825
GACACCACAACCATAA,825
GGCGTAGTGAGCCGTA,825
CGAATTCCACGTGAAA,824
GTTGTTAGTCTCATCT,824
TGTACGCGACCTTTGT,824
TTTATGCACGCAGCAT,824
ACACGATGCGTTGTAG,823
CAAAGGTAATACGCAT,823
CTGTACTCAAGTTATA,823
GAAGATACAAAAAAAA,823
GATCGCGCCAGAGAAT,823
GGTGGAGAAGATGCTA,823
TTATAGGAAGGGCCAT,823
GGCGGGTCTAATTCAA,822
TGGACCTTATTTGAAA,822
AACCTCTGCTCTTGGG,821
AGGCGGATAAAAATAA,821
CAGAGAATAAGTCACA,821
CTCAAGACAATTTAAT,821
TGTAATTGGCAATCAA,821
TTTTAAACGTTAAATC,821
AGAAGTCGTTACCACG,820
ATAAAGATCCCTTGCA,820
ATTTGAACTTCCCACA,820
CAGTCCGCTATGGTGG,820
CATCTGATCTCTTGTA,820
CGAATAAATTACTTAA,820
CGACACCGCGTTTGGG,820
CGGAACCAAGCTTGAA,820
CTTTTGGATTGGAGAA,820
GATGGTAGAGACATAA,820
TCGGAACTGATAATAA,820
TGACTTCAGGGCACGA,820
TGATCCGTGCGGATAT,820
AAATCATGTATTTAAT,819
CTTGTGTATAGTATGG,819
GATTTATCCCACCATT,819
GTACGAAAAGATGAAG,819
TGCTAGATGACCTAGA,819
AAAAAGGTGGTGCCAC,818
AGGTCCTAACTGCCTT,818
CATACGAAGTTCCGCT,818
GGACGCCAAACGGAGT,818
GGAGCAACACTGGAAA,818
GTATTGCTGTTGGTAG,818
TTATACACACGAAAAT,818
ACTTGTATGAAAACAT,817
ATCACATTTTAAATAA,817
ATTATTCGAACAATAT,817
CTAGAAAGTAACCAAT,817
GATTTATCCAAATTTT,816
GTCATCAGCGGAACTA,816
TACAAGGCGCACTACA,816
AGAGATTGACTGTATT,815
ATGGCCAGTACCGGTA,815
CGAAACAGGATCCAAT,815
CTTGAGCACTGATAAT,815
GTACGCGCCTTCCTGC,815
GTCCCTACGATGTCTA,815
GTTAAAAAAAGCGCAC,815
AACGAGGCCCACTACA,814
AGGTAGAAAATATTGG,814
CACTCAGACCTGGATT,814
CCCAGACCACTGTAAA,814
CTACTTTACACGAGCA,814
TGGTCCGACTCCGCTA,814
AACAGACGCATTCTGT,813
ATCACAAATCGAAGAA,813
CTGATTCAGTGGTAAC,813
TACCTACGCCTTGTCA,813
TCACTAACCAGCATTG,813
ATGAGCAGGCACACTT,812
CAATATCCAAACTAAC,812
CTTAGGTACTTTGCCA,812
AAAATCAAGTTCGTAC,811
AAATACAAGAGAGGTT,811
AACAAATTGTTCGAAT,811
ACGGCTGCGCGGGAAA,811
CAACTAATTAGGACAC,811
TAAGACCAGGCATTTG,811
TCGGCACAGTTGACTG,811
TTTCACATTAGTTCAA,811
AAACCCAGCATCGTTC,810
AACGTGCGCGACACTT,810
AAGCCATACGCTTACT,810
AAGTGTCCCGACAAGA,810
AGCGCAGCACTCAAAT,810
CGGCCAAGCTAACCGA,810
GGAGTCTTCCATTTAA,810
GTTGTTATGGAGTTGG,810
CCAAATGTTTCTTGGG,809
CGACTGCATGGATAAG,809
TAGTGACACTATACAT,809
TATGAACTTAAGTACA,809
AGCAAGTTAATATTTA,808
ATCTCGACATGTTCTA,808
CTGCACCCTTAAAGGT,808
TGAGGACATTAATAGA,808
AGACTATTAAAATGAA,807
CTGCCGAGTAATAAGG,807
GCATCTCTCACCTAAA,807
GGCATTTATGTCCCAG,807
AGTCCCAACAACCTAA,806
ATAAAACGGGGAATGG,806
CAATAATCCTTCTCAC,806
CAGTCGAAAGGCAACC,806
TACTTTAGATGGTAAA,806
TGCACAAGCGAAGCTG,806
ATGAGTGCCCAGAAAA,805
ATTAGGAGTGAAAAGA,805
CAATATACTGAAGACA,805
CAGATAAATATCCCAG,805
CCTGATGTAATTGTAA,805
GCTATAGAATTGTAGG,805
TCACGCCCCATGATCC,805
AAGTGCAATCACATGG,804
CAGGCACTTCCCCCTG,804
GGTGGGCCTTTCGAAA,804
TATAGACATCCAATTA,804
TATCCAAATCTGGCAT,804
TATTGGGACTGACATC,804
TCAATCAGCGCGAGGG,804
GGTTGAGGTGCTGTTG,803
TACATGTGAAAGTAGT,803
TGCAAGTGTAGAGCAC,803
AATCTGGATTTTGAAA,802
ACCGACGGATATGGTT,802
AGGCGCAGAGTATGTT,802
ATTTGATAATTGCATA,802
GCCCTCTAAGTCCATT,802
GGATAGTAAAGAAAGA,802
GGTGAAAGACACTAAA,802
GTCTTACCAGATATAA,802
TCTGTAACAGGAATTG,802
TTATTCAATCGATTAA,802
AACGCATGATGAAAAA,801
AAGATGCTCTGATCTA,801
AAGGTTATACATGCAT,801
AGGTGACTTTAAACCG,801
ATAGGATGTAAGGAAT,801
TTCAGTTCCTAAAGTT,801
GCTGAGATGAGATACG,800
GGACGAAAGAGTATGA,800
GTACTTGGACAAGCGA,800
ACAAATGCATCACATA,799
CAGTATAACCAACTGA,799
GCCGATGTAACCCGGT,799
GTAGCAGCCCGGTCTA,799
TAACCGCAACCGAAGT,799
TCGCCGAGCCTATTAA,799
AACATTCAGTGTCCAT,798
AACGGTGATACAAAGT,798
AGGAGGTTAAAGCACC,798
ATCTCACCGTGGGTGC,798
CAATAACCTTTCGGAC,798
CGGATTAACAGAAGCA,798
GAAAAAATCTAAATTT,798
GACTAAGTGGACGTGA,798
GAGGTAACAAGCGAAC,798
GATCGCGCAGATGCTC,798
TCTACTGAACACATGA,798
TGAGTGATTTGTAACA,798
AAAAAGAGCAACGCTT,797
ATTGTAATAAACGGAT,797
CGCAGTATAAAGATTA,797
AAATTAATGTCAATCG,796
ACATTAGATTCCACAA,796
CACCCACTCCGCATTG,796
CCCCAATATTGGCGGT,796
GAACACGATGATCTAT,796
TAAATTCACGGTCAAA,796
TCAGCACCTCAATAAA,796
TTAATGATTCGATATA,796
ACATAAAACATTTTTT,795
AGACACGCTTCATTTA,795
ATCTGTCAAACTTATA,795
CAAACATCAGAGAGAT,795
CAAGACATAAGAGGCA,795
CAAGCGTGCATAGCAA,795
TTGTATAGCAAAAACA,795
GCTAACAATAAATTTA,794
TAATTTCTTGATAAAT,794
TGATACAAGTAGGCAA,794
TGCAGGTGGGCATTGG,794
CATAAATTGTCCCACT,793
CCTTATAATATTAAAA,793
CTACTGTACGCCCAAA,793
CTTTTATTGCTAACTA,793
GAGAATGAGCCACCAA,793
GCCCCGTGAGGAACGC,793
GCTCTAGCATCTATGG,793
GTACGGGCGATGGAGA,793
GTTCTAATCGTACAAT,793
TGCTGAAGCATTTGCA,793
TGGCTCCATGGCAGTA,793
TTTAGACACAGGAAAG,793
AAATGCAGGCAAACCA,792
ACAGGACGTAAAATAC,792
ACCGCAATTAGGTTAG,792
AGCAAGAACGTAAATA,792
ATCCCGACGAGCTAAA,792
ATGCGTAAGTAGAACC,792
CTGATTATATCGTCAC,792
GCCACTGAGATAAACC,792
GTCTCTGGGAATATGG,792
TACGGAAATAATTCTG,792
TAGGGGATGTTAGAAT,792
AAACAATGCAAATAGG,791
AACCCTCTCGAAAATG,791
AGTGACGCAGGCCGGA,791
CACAGAGAATGTCGGA,791
CATTAACTTTGGCTCT,791
CATTTTACTGAGCAGC,791
GGGATCTATGTATTAT,791
TAAACTGTGTTCCCGG,791
TCGCCGTTTTAAATGA,791
TTTATCAGAAACCTAT,791
AACCGGAATTAATGGG,790
CAGACAGGACATGCAA,790
CCGAACCGGACCCCCT,790
GACGAGGTTTCAAGAA,790
TAGGCAATCAACACTG,790
TCCTAGTTCTTAATGC,790
AATTTGGTAATGCTGA,789
CAAGTAAAAAAGCCTA,789
CAATGCTAAGTAGTGA,789
CCAATGCTAAGATGTT,789
CCTGCCTTCTTGATTC,789
AAAAAGTTAGGCTAGG,788
AAAATGTTGCTATTAA,788
AACGCAATCTCTGACC,788
AATACAGTAGGAACGG,788
ACATTCCCAGACTTAG,788
CCTAACCGTGCTCTAC,788
CTATAGAACGCCGCAA,788
CTTGGTAATACGTACA,788
GATTGGCTACCAGTAA,788
GTCACATGAGTTTTGA,788
TTGGCGCAGGCGGAGT,788
AAGAATAATCTGTTAA,787
ACATCGCGCAGATGAA,787
CGTAACAAACGCTACA,787
GAAACCTAAAAACTTT,787
GCTTCAGGTCGTAAAA,787
GTAAGACATTTAAAAC,787
TTACAACCACAGCTCA,787
AAATTAGTGAGTAGAT,786
AGATTACGTAGCTGGG,786
AGTCTATCGACGTAAT,786
ATTTGGCGGTGCTGGC,786
CAAAAGGTGTGCCATT,786
CAACTTGCGGTGAACA,786
CAGCTAACCACATGAT,786
CTAAAGCAACCACAAT,786
GAATATATTGGATAAT,786
TAACCCCCGATTCCGT,786
TTTAACACGGATGTAT,786
TTTAGGCGACATAGAT,786
AAGAGATTAGGAGCAT,785
CAGGGTCGTAAATACT,785
CCAAATCATCAGCCCA,785
GGTGGTACAACAATAT,785
TACCACAAATACCCGA,785
TAGAGAATCAAGGTGG,785
TTTCTCCCGAATTCTA,785
TTTGCAGCAAGAGATA,785
AATCTATTGCGCTAAC,784
AGTAAGATATCTATGG,784
GATCGAATCGGACCTT,784
TAACATAAGGTTATCG,784
TTTATGTTTTAAACTG,784
TTTTCCCGTCAGGACA,784
AACGCTAACCAGTCAA,783
AAGCTAGTTCAAGGCC,783
AGACTTACTCATGAAA,783
ATCACAAAAATAATTT,783
ATCCGAAACGTCGTGG,783
CAACAAGACCAAGTGA,783
CGGATGAAAACAATTG,783
GTATATTTCCGGCGAC,783
GTGATGCACATATAAA,783
TGTCTAATTGGGTCGA,783
AAGGCCCCCGAGCACA,782
ACAACTCTCTAATCCA,782
CCCTAACATTTCATGG,782
CCGACCTTTACCAAGA,782
CTCCCTAAAACTTTAG,782
GATCATTCATCATCGA,782
TAGTGGAGGGGCCTAA,782
TTACAAGAGATATAAG,782
TTGCGACTAAAGTAAA,782
AATATGTAAAATGATA,781
AATTAAGTTGAGATAT,781
CACCTGTCGTGGATCA,781
CTCCCCATTGAACAAG,781
CTCGTCAGCATATGGT,781
GGGCAGTCGCCTGTCA,781
GTTGACTTAGTAAAGT,781
AAGACAGGACACCGGC,780
CACAGGAAAGCCAAAT,780
GCTTTACTTCAGGTGC,780
GGAGCCCGCGGAAAAT,780
TAATCGCTATATGAGT,780
TACCCTATGGTAGACT,780
TCGGGATATTGAGAAC,780
AACCGCATTATTTTCT,779
AGTATCCGGATATACA,779
CACCACTAAAAGTAAG,779
GCCCCCCACCTACTGA,779
GGGCGATGCAAGTGAA,779
TCGAGCCGGCAGTAGG,779
TGATCTAACGGTTAAC,779
TTAACAATAGTCAATA,779
TTGTGCGGCTAAGAGG,779
AATGCGCATGGCCCAG,778
CGGGCCTCGTCCCTAG,778
CTAAAATAGAATATTA,778
CTACTAAAGAACATAG,778
GAATACAAAAGTAAGA,778
GACATGGAATTAAGCC,778
GGTACTAACACGGAAA,778
GTTTGCACCGAGGTAA,778
TAACTAATTAAATGAG,778
TAATATATATCGCATA,778
TACATTTTAACCATAG,778
TACTCCCGATTGTAGG,778
TGACATATGCATGTTT,778
TTCAATGAGACATTTA,778
ACTCACGGAATCTGAA,777
ACTGCCAACTAGGACA,777
AGACCGCGGAATAAAA,777
GATAATCAGAGCAATA,777
GCGTGCATCCAGAAGT,777
GTCATTCGTAATCTAA,777
TTCGGGAAACTATCAT,777
AACATATTAATGCCAT,776
AAGAAAATGATGTTTT,776
AATTAAGGAAACTCAA,776
ATTCAATCTAATATAA,776
CGGGCATTGTTTTAGA,776
GCCTAATATTATGCTG,776
GAGATACACACGAATG,775
GTCAAACGTAAAAAGT,775
TAAATCGGCAACTCTT,775
TCGAAGCGGCGCATAT,775
AATAAGTCGAATTCAG,774
AATCAAACTGTTACAC,774
ACAAGAATGAAGACAT,774
AGTCGACAACATCACA,774
AGTTAAGGAAGAAAAG,774
ATCACCGGTAACAGGA,774
CATTGTCGGATTCGTA,774
CCTAATATTAGAGGTT,774
GATATTAATTTCACGA,774
GCTTTTAATTGAGAAA,774
TAGTTCCTCTCTCCGA,774
TTCCCAATAGGGATCA,774
TTCGACATAGGCTCCG,774
ACGCTTAGACTACGGT,773
CTAAATGTAAAGATCA,773
GGATTAGCCCTGTTTA,773
GTCAGCGGAACATTGA,773
TAGTCGTTTGATGCAT,773
TCGAAAATAGTGGTTT,773
AAACTGTGCCGTACCA,772
AATTGACGCGTGTGTA,772
ATCATAAAGGTTGGAC,772
ATTTGCGAAATTATGA,772
CTATCCACAGTCGGAA,772
GGAATATACGGCCTGA,772
GGAGTACTATAATCGA,772
GGATTTTTGATCTTGA,772
AACATATCCTTGTATA,771
ACACAATACCGGATGG,771
ACCAAAAAATGTTCTT,771
AGACGGCACAAGCTCC,771
CAGTTTATTAAAGAAA,771
CGAATAAATGGGTGTG,771
GAGACTATAATAGATT,771
GCATACTGACCATGAT,771
GTAATGAAGCACATGA,771
TGAAGGGGAAAAACAG,771
TGACCGAATTAGAAAG,771
TTGCAACTGAGTATGA,771
TTTAACGCTAAGTTGA,771
ATACATGAGCTCACTT,770
CACACTTGCCTGTTTG,770
CTTATAAACGACGGGT,770
GCCTGACTGATAGGTA,770
ATCCATTTTTTGAACA,769
CCACGAGGGACGCTTA,769
GCTTCAAAAAACTCTC,769
AGGACCCCTATCATAG,768
AGGCAGGATGGGCATA,768
CAAAAAATATTCATCT,768
CTAAAGTAGTCGTACT,768
GGAATGAGAAAATTTA,768
TAGGTCGAACAAGAGA,768
AACATTAATCATGGAG,767
AAGGCCTACCCGCTGA,767
ACAGTACGGGTAATTG,767
AGTGGAGTTTATGATT,767
CCACCAGACTAAGAAC,767
GCAAATTCTTAAATGT,767
TGACTGTTAGCAATGT,767
AAACTCCGGAAAACAA,766
AACGCAAGGACAGTAT,766
AGATATATCGGTCACA,766
ATAAGGTGCATAACAG,766
ATTTTCGGGTAGAGTT,766
CCGTCGCTCGTTAAAT,766
GCTGAAATACCCCACA,766
GTCTAATCGGGTTTGA,766
TACCCCGATTCGAAAA,766
AAGCTAAAAGAACAAT,765
AAGTCGAAAGCCAAGA,765
AATGTCGTACATTGAG,765
AATTCCTATTATTTAT,765
ACCCATTCCCAAAGTA,765
ACGTATCGTATTCACA,765
ATACAACTTCATAATT,765
ATTTCACTTAACCCAG,765
CCGAGACATAGAGAAA,765
GCATCAATACCCTTAG,765
GCCAGAGACCGAAAGC,765
GGACAGCCACAGTGTG,765
TGCCAAAAGCAAGCGA,765
TTTACCATGTATCCAT,765
ATAACTCCAGAGACCT,764
ATAAGAAGGAATTCTA,764
GACTATCAGGATGAAA,764
GCAACATAGCGCAGGA,764
GGTATCTATTCTTAAA,764
GTGGCATTGCAACTTA,764
TTGTCAGCCCCTGCAT,764
ATATGCCACTATTGAA,763
CAATACACGCACAAGA,763
CCCAAGATTTTCAGTA,763
GAAAAAGTCAACACAA,763
GACTAAAGCGTTTGAT,763
GAGTATAATTGCTTAT,763
GTTAATTGCGATAATA,763
TTAAAAGTACATTGCA,763
TTGCGCTTCCGGATTG,763
TTGGAATACTCGTGCA,763
AATAAGACAATGAAAG,762
AGCCGAGAGACCGATA,762
ATAAACCCAGAAAGAA,762
ATGACTCAGAATCATA,762
CGATCCGTATACCAAA,762
CGTGATCCAAGATCTG,762
GAAAAGTAAATATTAA,762
GCCCATAAGAACCACA,762
TTTCAAAAGCGAAGGC,762
AACTCAGCACGGCCGG,761
AGATTGCAGCTAACAA,761
CACCAGTAATTCACAA,761
CAGGGCCAGATTTAAA,761
TTATAAAATAGTTTCA,761
TTATATTGAACGGAGA,761
ATATGATTGGCCAATA,760
CCCTTGAGTCAACAAT,760
GAGCTTACCGGTTCAA,760
GAGTCGAATTAATACT,760
GAGTGATACCATGGAG,760
GGCGGACGGCCAGTAT,760
GGCGTATAGTACAAGA,760
GGGAATAGACTTTTAT,760
TGCGGGTGGCCACCCA,760
AATTGGTTAAAGAAAT,759
ACATGGTAACCAATTC,759
ACTTGAGAAATGCATA,759
CAAACACAATAATGGA,759
CCGAAAACTATACCTA,759
CGTATTCCTAGCCAAG,759
TGACAGGTCACCGAAG,759
TGCGTCAAGTGTCCCC,759
AAAGACTTTAACAACT,758
AGAAGAAGATGCTTAA,758
ATAATCAAGATGTTGA,758
ATGAAATTAGGGCGAG,758
CTAGGAAAAATCGCAA,758
GCCCAAGTCAGTCTTA,758
TCTGCATGACGTCTGA,758
TGGCCGTTCATGCCAA,758
CAAGCAAAACATTTGC,757
CTAGTTGATTTTTATC,757
AAAGTGCATCCCTCAA,756
ACGCTATCTAACGGTA,756
CCGGCAAAATGGATAA,756
CTTATTGGAACTCAAA,756
GCCGAACAAACAATCG,756
GGGTCGTACCGACAGA,756
TAAGACAAAGTGTATA,756
TATCCAGGGAGACTGG,756
TCATCTGGGAATAAGA,756
TCCACTTAACCCGAAA,756
TGTCTAAGAGTCGTGT,756
AGGTTATACTCGGTAA,755
CCGCTACTTTAATTAT,755
GATGCTTTACTCGGGT,755
GTAAAATGAGATTAGA,755
TGAAATCCTGCTTCAT,755
TTTAACGCACCTGGTT,755
AAGGGAAGAGAGGGGT,754
AATCCGGGCGGGCTCC,754
ACCTCATGATTAAGCA,754
ATACATATAAGCCTAC,754
CACTGAGATGAAAACG,754
CTAACCAGTAACACAA,754
GCACGCAGTACCTTAA,754
TCTAGACAGGCTATAT,754
TTGAGCTACGGTCAAC,754
CAAATAAATTGCTGAT,753
TAAGGAACCTCCGACT,753
TAATACGGAACAGGAT,753
TCATTTCCAGGCCAGG,753
ACAAGTGTCCCAATAT,752
CATAAGTTTTAGATGC,752
CTACCAACGACCTATA,752
CTAGAGCGATTGACTA,752
GAGTTGAAGTCTGGGA,752
GATTAACGGGACCAGT,752
TAGCAAGTACACATGA,752
TGAGCGGGACAACAAA,752
TGTCGAAAGAGTATGC,752
AAACAATTCTAACAAA,751
AACAACACGCTGGGGG,751
AATATTTGGTGACATC,751
AATTCATCTCGAATAA,751
AGGACTGGGTGGACAC,751
ATAGATAGAGGAGAAA,751
ATAGCAATTGAAATTC,751
ATAGCCGCGAGTCATA,751
CACGGTCGAGCCGCGA,751
CTAATGTTCAAGCCAG,751
GGAATTGGTTAAACCA,751
TTTCTACGCCCTCAAA,751
AAATATAAACACTGGA,750
AGGATAGACATCATAG,750
ATGACGAACATACAAA,750
CAACCATACCTGCCGT,750
CAGAAATGTAATGCGT,750
GATACTTTTGTGGTTA,750
GGAACCATCTTAGTAC,750
TATTGTTCCCCATGGA,750
TGCGTACCGGTTAAAA,750
TTCGCGGGTTAGGGGA,750
AACTACCCCTTACATA,749
AACTGAGGGCGATTCA,749
AGGATACAGACGATTG,749
CTCATATGATAGAACT,749
GACCCTGAACCCGAGA,749
GCATGAGTCTCGATTA,749
GTATGACTGGAGAACA,749
TAACCCACAGCCATTT,749
TAAGGATGTCGAAAAA,749
TTGGAACCCTCGACAG,749
TTTTGTAAAAAGACAA,749
CAAGGATATAGTTAAG,748
CATTATAGATTTCAAA,748
CTGATTAAAGAAGTCT,748
TCACGGACACTTCTAC,748
TCGATGGTTCGTATTT,748
ACGACGTATACGGGAG,747
ATATGGTGTCACAAGT,747
CCGGACTCATTACTAA,747
CGACTATGACATATAA,747
GAGAGACACACATAAA,747
GATAATTCAGTAACAA,747
TGTAACATTAACGAAG,747
AGTTTACCGGCAAGTA,746
ATGAGGAACAGTATGG,746
GGCACTACCTTACTGT,746
TTCTATTGAGGCCACC,746
AAAATAAAACTCATGA,745
ATTGACAATGACACCA,745
TAAACTAGCAATCCGT,745
TGGGCGAATTCTCCTT,745
AACAATGTATAGATAA,744
ATCCCAAGTTCTGTAA,744
CAACCATTCTGCTAGA,744
CACGATGACAGTAACA,744
CCTTGAAATGAATGTA,744
TAATGCAAGTCCAAAA,744
TCGGGTGAAATATTCA,744
AAAAACTCAACGTGGC,743
ACTCGAATACAATAGT,743
ATCTCTACAGTATTTT,743
CAAACGGCATCAAGGG,743
CGGCGACTCCGGTGGT,743
AACCATAATTACTACT,742
ATTATGCAATCATTAA,742
CCAAACACAGTGATGA,742
CGAAGGATAGATATAC,742
CGTTCCATGAGGTTGA,742
GAGCGTGGAAGAGGGA,742
TCCTTCACAATCCGGT,742
AATTGAGGGCACTTAA,741
ACACTATAACTACAAG,741
ACTCAGTGACATGATC,741
CAAGAATGTCCAAAAA,741
CATAAAGGCAAATAAG,741
GAAGGAAACAAGTATA,741
GTTATATTAGCGAATA,741
TCGGGTTTGACTACAT,741
TGTGGCTACGTCTTAC,741
TTAACGTGTAGGCTTA,741
AACTCTTATCGATTTG,740
AGTGTTTGCTGATGAA,740
CGTGGGACGCGTTTGA,740
GGCTAACCAGCACACA,740
GGGGACTTGCACTTCA,740
GTATTTTCTCCGCTAA,740
GTCTGATGAGGATGCC,740
TCCGGACAATAATTTA,740
AGACGAGGACCTTAGA,739
AGCCGACTAAAAGCAC,739
CCAGTCTGAATGACCA,739
CCCTTTGCCAAATAAG,739
CCGAGCACAAAGGGAT,739
TAAAGGGACTAGTTGG,739
AACAGCAACGAGGTTT,738
AGCACACGGCAGAGTA,738
AGCGCGACCTAACTTA,738
AGTCTCCTTGAATATA,738
CGTAAATCTCCGTCAA,738
CTCTTCTCGGGTAGAG,738
CTTAAAAAGGAGATTA,738
TATAACTGTACCTCGT,738
AAAATGTGATTACCAA,737
CCCCTTTTTTAGCCAG,737
CGATTTGATTGTTAGA,737
CTGAAATCTGCAGTTG,737
TTCGGTTGTTGTAGGG,737
AGGAGGATATGGTTTA,736
ATCCACTTAATTCATA,736
CAGCATGTTACAATGA,736
CGGCGAGTGTGTGAAA,736
GATTGAGAAGCCCAAC,736
GTACAGAATATAAGAT,736
GTATCACAACCAATAA,736
GTCTGACTGGAATTGG,736
AAATAATATCGGTAGG,735
ACGACCGCCACCATAT,735
ATCGGTCGGTGATTGA,735
ATTGACATTCGAAATT,735
GATAAGAGGTAAGCTA,735
GCGAATCCCGCCCTGA,735
GTTCATGCATACATGT,735
TGAACCACAAAAACAA,735
AACTGAATAAGATTGT,734
ACAAAGATATAGATGT,734
ACTACATTCTAAAATA,734
AGTAACATCTCAGCGA,734
CATCTGTAAACTAAAT,734
CGGAGCTTTATTAAAT,734
CTGGTAGCTGCCAAGA,734
AATACCGATAGATACA,733
ACGTTCCATAGCGGAA,733
CAAAGGGTTACGCATA,733
CCCTTTTAGAAAGCAG,733
GCTAAACGTAATTAGA,733
GGAAGTAAAATGATTA,733
GGGGCCATCTCTCATA,733
TAAATATTGTCTATAT,733
TATAGGCTGTGCTCGA,733
TCATTTCGACGATTAT,733
TCCATTCCATAAACAT,733
AAGGACTTCCCAGGAC,732
ATAGCAATTAATTATA,732
CAAGTGTAAGTTTAAA,732
CAGCAAACAGCCCATC,732
TATATCTGTGCATGCA,732
TCAAAATAGACTACAT,732
AACTAATTGGCAATAT,731
AATGAACTTTCACACA,731
ACTCAGATTGCCAATT,731
CCGGTGTTCTAAATAA,731
CTAGGCTGGAGAATAA,731
CTAGTACGAGCCCCGC,731
GAATATTACTTTCCGT,731
GCATCTTCAATTACAT,731
TAATTGTTATTAGCGA,731
TACTAGTCCCGGGATA,731
TAGATCCCCGACAAAT,731
TGCCCGGACTAACATA,731
TTTTAGTCGACGACTT,731
AGAATAGTTCAACCAT,730
CAGCTAAGGAACTCCT,730
GCGATACATTCAAATA,730
TGTCTCGAACAAGCCA,730
ACTTACGAAAATTCAA,729
CTGCTGCACCTATAGG,729
GTTTCTTCTACTACCA,729
GTTTGATCCGGAATAA,729
TTAATTGTTTCGGGTT,729
ACAGTAAATCACGCTT,728
ATAACTACAGCTATGG,728
ATCGGGGGCGATGCCA,728
ATTTAAACCTTACATT,728
CATATTTCACAAATTG,728
GAAGATAGTAATTGAG,728
TCTTATACACAAGAAC,728
TGCTAACCAAAGTGAA,728
TTGTACGAATTTAGTC,728
AAAGATGTTCGACGTA,727
ACACACCCTTATTGTA,727
AGAGTTCACTGCTGCA,727
ATATCCCAAACATTAT,727
ATTACATAGTTTTCAT,727
GACCGAATGCTGTTTG,727
AGTCGATCACGTTGAA,726
CAATCACTCCCGCCCA,726
CATGGAATAATTCAAT,726
CCTGGGATAGTAATCA,726
GCGGAGAGCATTTTTT,726
GTACTTGTTCTTCATA,726
GTCGTTGGTCAAGCGG,726
TATACACGGAGTTGTA,726
ACATAGGAGCTACTGA,725
ATACTCTAGTATCCCT,725
CAACGCCATGTCACGG,725
CTTAACAAAAGGGAAC,725
GAAGTAGGCGGCTAAC,725
GAGAGGCTAAGCTATA,725
GGCGTACCTCCGGAAG,725
TTGTTATTAGCTAGGA,725
ATAGTACAACTCTATA,724
ATCAAATAGTTATAAG,724
CGATAACATGTCTGAA,724
CGATCTGGCGAGAGTC,724
GATGATTAACAAAAAT,724
GCCGGCTAAGGGTTGG,724
GTTGAAAGATATACTA,724
TACCAGGTGCCCTAAG,724
TGTACCAGGTAAGGTA,724
TTGGTGGGGTCTCTGA,724
TTTCGCAGAGCCTAAC,724
ACATGCTTCCTTCTTA,723
ACGAATGCACGACCAA,723
AGCTAGTGCCTGTCTG,723
ATTCAATTTGTGGTTC,723
GACAAGTATAGTCAAG,723
TAAACTATATCAGGGT,723
TCTTCCTCTCCAAAAG,723
TTAGTTTTCTTGCTTG,723
TTCGGGCAGTCAGGGC,723
AAAACTATAATAGAAT,722
ACAATGGGGCTGTCAT,722
AGAAACATGATTTGTC,722
AGTGCTTTTCTCAGCT,722
ATCTGTATGAACCTTT,722
CACTATAGGCGCAGGA,722
CATCGGGCCAGGCCAT,722
CCGAATAATCGAGTTA,722
GAACATAGGTATCTAC,722
GCCGCATAACCATAGG,722
GCGCGTGTGATCATAA,722
GTTAGGATACAAAGGC,722
TAATCTTCATCCAGAA,722
TGTGGCAGCAACGGAA,722
TTGGCATATTCATGAC,722
TTGGCGGTCTACTCCT,722
ATCTCAGGGATACCTA,721
CAAACTGGACTGTCAT,721
CCACTGTCGTAACAAA,721
CCAGCGTGTGCATCAA,721
GATTAAAACTCGGAGC,721
GTCACTGGCTTTTAAC,721
TCGACCTACTATCGAA,721
ATACTTTCATCACGAT,720
CAGACGAAATCAAAAT,720
CGCACGGGGAACATAA,720
GACCTCGGAGCATAAT,720
GTAAGGGATTTATGAT,720
TACAAAGGGGCCTAAT,720
TCAATCAGAAAGAGCA,720
CCTGACAAAAGGCAAG,719
CGTCATTTAATGCAGT,719
CTAAAGAGATTTCCGA,719
TGAATAGGGCTGGCTA,719
TGCGAACTTGCTCCCA,719
TGTGTCGTAAAAATAG,719
TTTTGAACCTGTTCAA,719
ATCGATCTATATTCCA,718
CATGATGATTGTTATA,718
CCCCGAAATGCTGTAA,718
CGAACATCCGGAAATC,718
CGGGAACCCAAAGAGT,718
GGAACGTATGACGTGA,718
CCATGGCTACAATTCT,717
CCGGGGAATTACAAAA,717
CGACAGAAAAGATAAT,717
CTCGGAAGCTAAGGTA,717
CTTAAAAACACCAAAT,717
GCAAATAAACAAGAAA,717
GGGTATTTAAAAAAGG,717
TCAAGCCCCAAGAGCT,717
AATGGTTTCGATGACT,716
CCCCTTGCACGCTATA,716
CCGGCTGGCCGTAAGT,716
CTACTACGAACAAATG,716
AAACTAGCCATATTAA,715
AGAGGGGGTAGTTCTC,715
ATCATACAAACATATA,715
CGCGGCGGATTCCTAT,715
GTGCGCAACAAAAGAT,715
GTTGCGGGAGCAGGTA,715
TAAACATAAAGGTATT,715
AAACCTACACAGGAAT,714
AACGAACGTAGTATAT,714
ACAAAAGTCAATAAAA,714
GCCACCATAGTTTACT,714
TAGTCCAGCATTAAAA,714
TTAAACCAAAATGGTA,714
AACAATTGGGCCTGAG,713
ACAAACACTTGAGCGA,713
CGCCAGCAGATTACAC,713
GCTTCCAAAGAATAAG,713
TATAAACAGTTGGGAA,713
TATGGATAACGGCTAG,713
AAACTTAGCGTGTCAC,712
AAAGATGCCTCCTCCA,712
ACCATAGCACATGTAC,712
AGACGTGTGCATTGGG,712
CATTGTCGGAAATTAG,712
CCCCTGACCGCATTAA,712
GACGCTCGCCAGCGGT,712
GCATAGAAGTATTAAA,712
TCATTTAGGATAACTA,712
AACGATAAATTATACT,711
AGATTGAAAATCTGAT,711
CACTACGTATCCTTAA,711
CCTGGGAGAGAATATA,711
GCCTATCATCGAATAC,711
TCTTAGGATTAGCTAA,711
TTAGACCTATATTGTA,711
ATACATGAAGTCCGAA,710
ATACTAGGCGTGTGAG,710
CCTAACTGCGAATGAA,710
GATTTTTGGAGATGGT,710
GCACTTCTAATGGTCG,710
AGGTGGTATATTAGAA,709
CAGGAACTAAAGATTT,709
CGAGACTCAAACATTT,709
GAAACCAAGTTATCGA,709
TAGTAAATATCACCAG,709
TATGGATCTTGGGGTA,709
TGATATATCGGGGCCA,709
AACGTAGAGTGGTATA,708
AAGTGTCCGGGATAAA,708
AGAGAGAAAATCCCTT,708
CTGACCCTGACGACTA,708
CTGAGCCAGCAAATGC,708
GACGCTTGCGACTATA,708
GGGCCACAGGACTAAG,708
GTGACCAGAGGCATTG,708
GTGCTAGCATAACTGA,708
GTTAATAAAGCTTGAA,708
TCTGGATGGCAATATA,708
TGCCGTTACTATTTTA,708
ACCCCTTAACTTACTG,707
CAACGAATAATTTCTG,707
CAATTAGAGATCTATA,707
CCTAGCTGACAGCATA,707
CGTACAAGACAGTAGA,707
CTAACAAGTGGGGTCG,707
CTGATAGTCAGATGTA,707
GACGATCAGGAGCAAA,707
GCCATCACTGTCTCCA,707
GCCTATGGCGTGACCT,707
TGGCGCAAAAGACAAG,707
TGTCACAAAAAGCATT,707
TTTCGATATCTAAAAA,707
AACCGACACAAGAAAA,706
AATTCAATCCTACACT,706
ACACAAGCTTGTGATT,706
ATTCGTTTCCTTAATT,706
GACCTTCATTGCCAGA,706
GATGGAGATAGCCTTT,706
GGGTCTGGACTATGGA,706
GTTTCCAGGAAAAATG,706
TTAAAAGAGATTATGT,706
ATATCGAAAAGGGTGC,705
ATTGTTTGTTTAAAAA,705
GACCTTGCTGTGAAAA,705
TGACAGAATCGACAAT,705
TTTCTAGCGTCCCCCT,705
AATCAAGTTGACAAAG,704
ACGCTGGATTACATCC,704
ACTTCCTAATCCCATT,704
CACCGGCTGCCCTAGA,704
CATTATCTAACAATTG,704
GACTATAGAAACAACA,704
TACATTCGACTTGTAC,704
TCTGTAATCGCTGTTT,704
TGAGAAGAAGGGTTTA,704
AAAATACCAGGCAATA,703
AACCATAGGTGTGAAA,703
ACTAAGATCTGTTGAA,703
AGATGAAAGCGCATAC,703
ATGCCTTAAAAGGCTT,703
ATTTCCCACGAAAACT,703
CACAACCGTGGCTCAT,703
CACGATGTTCGCCCGA,703
GAAATAATATGCGCCA,703
GCAAGGCAATTTGGGT,703
TCTTTTCAACTCAGTA,703
AAAAAAGCAGAAAAAT,702
AAAGTAACACGGTAAA,702
ACCGGTACGGCGCCAT,702
CCAAGCGGTTTGTTAT,702
CTAAGTACTGTTAAAG,702
GAGAACCTAAACACAT,702
GTACATCTCGTTACCA,702
GTAGGATGGCTATCAC,702
GTCGTGCTTTATCAGT,702
TACTCCCTACAGCTGC,702
AACTATCATATGCTAA,701
AGAGTGTAATGGATGA,701
ATGGGCTGGGGAAATT,701
CCGCTGCAAACTTCTG,701
CTGAACGCTGTGTTAT,701
GACATAAAAGCGTGCC,701
GAGAAAAGGGGACTTA,701
TTACGTGTGACGAAAA,701
AACTAGGGTTGTGGAA,700
ACCCAACAAGTGTGAA,700
ACGGACAGAAACCAAA,700
AGTAGCCAGTAAGATT,700
GCAAGCAACAGAAGGA,700
GCTCTCTGTTCACCAG,700
GTCGAAAACACTTAGT,700
TACTTAAAAGATCAGA,700
AACCATCATGCCACGA,699
ACATTGTGGTTATATA,699
ATTGAAGCGCGGGCTA,699
CTTAGTGTCGGACTTA,699
GAAATTAGATCAGTTA,699
GAACCGACATGAACAA,699
GCCAAAAGTTGTTTTA,699
GTGAATCTATAGACCA,699
TACCACCGCCACAATA,699
TTAAGCTATTATGGAC,699
TTACTGACCACCACAT,699
AGAGCTAACTACCTAG,698
ATACATAGTGGGGATT,698
CGGAGGTGATGAATGA,698
CTAAGAGAGGAATGCC,698
CTACTCCAGAAGCAGA,698
CTCGATGCCAGGGTAT,698
TAATTGGAGAATCCTG,698
TGAAGCCTATAACGAA,698
TGCGTTCGGGGCTATA,698
TTATGGTTACTAAAGC,698
AGGAAATCGAGGATTG,697
AGTCGGAAAACATGGA,697
CAATAATTTGACCACA,697
CCAAGACTATACCATT,697
CGCTAGTCAATTCCGA,697
CTTTTTACCCGTAAAA,697
GAAACAAGTGTTTACT,697
GGGAAGTACGTGACCT,697
TACTGTAGTGATTCGA,697
AAGATACACAATAAAG,696
ATTACTTTAAAGGCAA,696
ATTTCTGCAAACTTAG,696
CCAGTCACCAAATAGA,696
GTACCTTTTATAGTCT,696
TAACATCACGATCTTT,696
AATGTATCACTGACTA,695
AGCAACACCTCCGCTA,695
CAATTATGAAATATAG,695
CTGCGTTTGTATGGGT,695
GGCTAAAGGCAAAAAA,695
ATCATGCTGTAGTCGA,694
CTTAACATGGATCAAC,694
GGCATTATCAGGGAAT,694
GGGTGGCGAACGCATC,694
TGGCCTGACACGCCGA,694
CTCCGATGAACCATCA,693
GAGTCTCTCGAATTGA,693
TAACAGCATGAATAGG,693
TCCACTTAGAGGAGGT,693
TGGACCGGCTCTGCGT,693
TTCCAGGATGAGTCAG,693
AAAGTCCTGGGCTTTT,692
AGCCCTTGGATAGAAA,692
ATAGCAAGAGACTAAG,692
CTAGGGGGTTATGTTT,692
TTTCTTCGTTCCCAGA,692
AATTCCATTAGGTACA,691
ATATGACGATCACAAA,691
CAGCTCCCCTCTGAAA,691
CGAAAGTCTCATAGAT,691
CGGCCTCATTACCTAA,691
CTAAAAGTTAAATATA,691
GACGCGGGAAAGATTC,691
GCAGCCATACAAGGAA,691
GGCACTCGATCAAGAA,691
GTGGCAACCGTCGCGT,691
TGCGGCCCTTTCTTAA,691
TGGACTGATTGCGGAC,691
TGTACATGACTGTGTG,691
AAATTACGTTTGAATA,690
AAGTACACAAAGAGAA,690
ACAACTAAAGAAGGTA,690
ACAAGCCTTCAATCTT,690
ACATTGGAGGTTTGGT,690
CCACGTTCAGATAAGG,690
CCGCTATTGATAACAA,690
GACTGTTTAAAATGGC,690
TAGATTCTTGCCTAGT,690
TCCGCTCAATGACATA,690
TGAGTGGGTGGCCCTA,690
AATATAACAGGTCAAC,689
ATTGCTGTAATGATAT,689
CAAAATGGATGCATAC,689
CCAGACCTACCAATAA,689
GCACAGGCTATATACA,689
GGAGGCAAACATGTAC,689
GGTAAAATAGAGCAAA,689
TTATACTAGTAGGCAA,689
AAAATTAATACTTACC,688
AACGACCGTGCAAGAT,688
AATCGTAGTCTTTGAA,688
ACTATAGTAACGAAAC,688
ATATTGACCCTGTTTA,688
CAAGTTTAAGAAAGTA,688
CATAAAAACGAAAGGA,688
CGGAGGCAGGGGGGCG,688
GTCTCAAACGAAGCTA,688
TATGGCCATTGGTACT,688
TGCAGAGCTCCGAAAA,688
TTGATGCTTTGAATGG,688
ACAGAAACTGTTACTA,687
AGAGAAGCACGTAGAA,687
AGATAAATCAGGCTGT,687
ATGAGCAGCGAGAGTA,687
ATTAATAGCGCAAACG,687
CCCAATGGCAGGAAGG,687
CTGCCACTAGTGATGA,687
GCATAACTTATGGGCA,687
TAAAGTAGCCGCGGAC,687
TGTTTCAATAACCATC,687
ACTCGTTTAGATGCCC,686
AGATCGGGACTAAAAA,686
CAAAGGCCTAACCATT,686
CCTCAAATAAAACCAG,686
CTAACGCCGTTATCAA,686
CTATGGAATCTCAGTA,686
CTTCGAAGGGAATTAG,686
GAACAACCCGTAACAT,686
TACCCCCTGGGGTCAA,686
TTCCGACAACTTGAAG,686
AAAAAAAAACTGGGGT,685
AATTGACGGGATACAA,685
AGTGAACCCCGTAAAA,685
TCATATGCGTGGAGTG,685
TCGACACGTCGGACAG,685
TGATTGCTAAGGTGTT,685
TTGAATATGCCGTAAC,685
ATCGAGGGGCATGTTT,684
ATTTTCAAAGACGGAA,684
CGATAACACTCCAACT,684
GCAGGCACAACCATGG,684
GCCGAACTTCATCGAA,684
GGCAACAACGATACAA,684
ACCGGTAGCCATAAAG,683
ATACCGAAATGGGGCA,683
AAGCAAAGAAGAGATA,682
ACCACCCTTGGTAGAA,682
ATATTCACAAAGTGGA,682
ATGGAGAGTTGTTATT,682
CCTAGGGGTAATGAAG,682
GAAATTGCACCGTTAA,682
GTTGGGCGAGCAAATA,682
TATAGTGCTATACGGA,682
TGACATCTAGTAATCA,682
ACGCCGTCACACACCA,681
AGCAGTGGCTAATAAT,681
AGGCTTAAGAAATCCG,681
ATTATAGGTTTCTATA,681
CTACGACAAGAAGAAA,681
GGGTCACGATAGCTTT,681
TAGGATCGAAAGGATG,681
TGCTAATCTATCTTAA,681
TTAGCCTACCAAATTA,681
TTCAACACCGACGAGG,681
TTGACATGGCACCTTA,681
AACCCTTAAATATAGA,680
AGCGCTAACGAAACAA,680
AGGCAAAGACTCTATG,680
CCGCTTCTAAACCAAT,680
CGCACCCACTAACTCA,680
CTAGTACAGATGGTAC,680
GGAGTATGCGTTCGGA,680
GTCAGTAATGCATGAA,680
TGAAACTAGCTCGAAA,680
AACGCATAATGTTTGG,679
AAGAGCAATATAGAAC,679
AATACCTGTGTAGGAA,679
ACAACAAGACCCGAAC,679
ACTGTTAAGGATACCA,679
CAAGATAATTTTAAAA,679
CGACTTATAATACTAT,679
CTCAATATACGGGAAA,679
GGAATTTGGAGCACAG,679
TACATGACCCTCTCTA,679
TGAGGTTAGGTTTATG,679
ACACGTACTGCCCGAC,678
ACGCATGATGCTTATA,678
CAACCAAAGCACACAG,678
CCGACAGTGCTACCAA,678
GCCAGTTGGAGAAAAC,678
GTGTTATCTCTGACAT,678
TAGGAGCATCTCCCAC,678
TATAGTATGTAGTATA,678
TTAGCACAGCTGCTAT,678
AGTAATCTTGGCAGGA,677
ATTTAGACTTATTATA,677
CGAAAACTTTATAGAA,677
CTAAAAGAAAGTCAGG,677
GCAACAGTTAACGAAC,677
GCGAGGTTAACCCGCA,677
TAGTGCCTCTACACCC,677
AGTTAAAATAAGATAC,676
ATGAAAAAAATGAAAA,676
ATGCGCACGTATACAC,676
CATCCCGATTCGACTT,676
CTCAACAGACCATAGC,676
TAGATCGGGGTTATAT,676
ATTATGTATAATGTTA,675
CCAGTGCTTTGGTAAT,675
CGTCGCCGTAAACCAC,675
GAGTAATTAACCCTAA,675
GATACCCAGATGTGGG,675
GGACCAAGTTAATGAG,675
TGAAAAAGGTTCAATT,675
AGGTGAAACGAAAAGT,674
ATTGTCAATGCTAAGA,674
CACCAACTAAAGGCAA,674
CACGATGCTTGTGCAG,674
CACTCACATCCAAGAA,674
GAATCATAAAGACTAA,674
GGACGAAGATAGGTTT,674
TTCGTAGTGTTCAGAA,674
ATCTCAAAGTGTGCAA,673
CAAAATTATGATATAG,673
CACTGATCGAACGGGG,673
CAGGGCAGAATCTTTG,673
CCCAAGTCAAGGGATG,673
CCCTCCATGAACCATA,673
CGACTTGAGGTTAAAA,673
CGCTTTAAGTAAATCA,673
TCAAACGTTGATCTAT,673
TGAGAGCAGGGTTCGA,673
AAACGCTGACAACCAT,672
ATCGATTAAGCCCATG,672
ATGTCTATGATGTATA,672
GAAAGTCACTAATAAA,672
TAAGTACTATACCATA,672
TAATCAATATAATGGA,672
TCAACCAGGAGAAGTG,672
AATTATTTACGATGAG,671
AGATACTAAGCGCTGA,671
CATGCTGCACCGGAGT,671
TATAGGGTCAAGCATA,671
TTTGACATGCAGCAGA,671
AAAAAGTTACGTAGAT,670
AGGACATGCCCTACTC,670
ATCAATGCGATGCTAT,670
CAAGATCAGACCCTTG,670
CACATGTATCAATAGG,670
CTCGAAAAGTTTAAGA,670
GTAAAATTTGGCGAGA,670
GTCGCTAAAGAGTAAT,670
TCACCAGCCTGTTATA,670
AACTAGGTTTCTGGCA,669
ACACATCAAAACACAA,669
AGAGGGATATAGTGCA,669
ATAAGGGATCAAAAAT,669
ATAGTTAAATTACACC,669
GAAAGAGGGGACCAAG,669
GATAGAAATCGAATAG,669
GATCGCGCTGGAATGA,669
GCAGAGATGTACACTT,669
GGTAGAATTCATATAC,669
GTGGAAAGGAAATCAA,669
AGCATTATGACCCCAC,668
CTCCAAGTTTCTGGAA,668
CTGTAGATTAACTTGG,668
CTTGATTTTTTGTTTA,668
GATAATTACTATATAG,668
GGACTAATGGGCCGAT,668
GTAGTCCTCCGTTAAA,668
GTCGCAAAACAGATCA,668
GTTACGACCGAGTTGA,668
TAAAATGATTATGGAT,668
TACCACAAAAATCTAA,668
AGATTCTGGTATAATA,667
CCAAAGATTATCGAAT,667
GCTACATTCATTAATA,667
GGTTCGAAGAAGTCTC,667
AAATCTTCGCGGCCGT,666
ACGCATACTGTCTGGA,666
ACTGGATTACGAAAAG,666
AGAATTCCTTTTATGG,666
AGTACACAGTGTTCGT,666
CACATGCAAAGGCAAA,666
CACCTTGTCAATCAAA,666
CCCGCGTAACCTTGCT,666
CGTAGTGAAGCATACA,666
CTGGGAGAATCGACGA,666
GACTAAAGGTCTGGTA,666
GTTCCAAGGAAGCGTA,666
TCCGCGTGACGTAAGC,666
AATGTGTATTAGATTT,665
AGATCGATCTCGGAAC,665
AGTGCAAAGAATTCGT,665
ATCTCGCTTCTCCGAG,665
ATCTGTAGCCGCAGAT,665
CACATTTCCATACAAA,665
CGTTCACGGTTTGGTT,665
CTAGCAGGTCAAGGTA,665
CTATTTCCAGAAAAAA,665
TACCGTAGTTTTCAAA,665
ACACCATCCCTGGTTT,664
CAGGGTATAGGACTAA,664
CGGTTAACGCAGTAAG,664
GAGACTACTAATTGAT,664
GCACAATTAGGAGCAC,664
GGACACTTGATGATAC,664
TATTCCCCTTTTTTAC,664
TGCCGCTGATCTAAAA,664
TTATGCGAATCAAAAA,664
TTGGCAGCTTAAATAT,664
AGAACTATAAGCTAAA,663
CAAAATGTTAGATACA,663
CTAGCGGGCGCCTGGA,663
CTCCCGGATTAAAGAA,663
CTCTAACTAGGCGAAT,663
GGATTAAGCTTCCCAG,663
GTAATTATAACATAAA,663
TACGTACGTCATAAAT,663
ACAGCCTAATCATAGA,662
AGTCTAAACAAAATTA,662
CGCGCAATAAAAATAC,662
GAACCCAAAGAGTGTC,662
GAGTAAACCATCTTAT,662
GCTCCAGTCCTGGGAG,662
TTGACTAGACCAGTGA,662
TTTATTGTGTAATTCG,662
AACGAGAATAGGAATG,661
AATGAAAGCTTAATGA,661
ACGCAAAAGGTAGAGT,661
ATCAAGATGAGACCAA,661
CAAAAAAAAAAGCCAA,661
CTAATAGAACGGTGCA,661
GCCTAAAAAAGTCTTA,661
GTGGTCTGAAACGGTC,661
TCGATCAATTCCCAAG,661
AATATCTAGTGTGCAG,660
ACCAGAACTTTGGAGA,660
AGCTCTTAAAGCCTAA,660
ATATCGAAAAATTCTA,660
ATTAGGGGAACAATAA,660
CAGATTATGAAACATA,660
CGCGGTCATGGCGTTT,660
CTTAATCAGGGACTAG,660
GCACGTTTCAAATGGG,660
GCTGGCCCCTGTACAC,660
AAACGGCATAATAGAA,659
ACCACCATAACCTAGA,659
ATATCAATGAAATTGT,659
CAAAGCCGAACCCGAT,659
CACCAAACTGTGCAAA,659
CTAACAACATTCTAGA,659
GATGATAAAGTCAGAT,659
GCCAACTTCTGGGGTC,659
GGTGTTTGCACAACGT,659
TCCGTGCGAGGCACCA,659
AACTATCACTACGCAG,658
AATCATATCCCATGCT,658
ACAAATGACTCAAGAA,658
AGACAATCGTACTTTT,658
AGACTGGCCGAGGGAA,658
CGATATTAAATGCAAT,658
GACACATTCTATAAAA,658
GATGGTGAATCATTAC,658
AAACGACCACAAGGGA,657
AGGGCAATGCTATGGT,657
ATGGAGAAAACCCAAT,657
CCAAAAGTGTATGCTA,657
GGTTGAGGGGAGTGGT,657
TAGCCAGGGGTTTAAG,657
TGGATCTCGCAGGGAT,657
TTAACATTAAGAATTT,657
AGACGTTTACGGCCGA,656
AGCATGACAACTTGAT,656
AGGAAATGATGTTCGG,656
ATTGTCCAGCATGGAC,656
TAAATCTGTGCTTTGT,656
TTCAAAGAATATTACG,656
TTGCACGATTCTATAT,656
AAATTAGCTAAGTACC,655
AACAGGACTGCACTCT,655
AACTCAGCAATCAAAC,655
ACGTCCAATAACCCAA,655
AGCGCTGGCTAAGGAT,655
CTATCACAAAGTTAAG,655
GTCTGTGAACTCCTTT,655
GTGGTTACCAATTTTA,655
TTTAAAGAGGAAGTAG,655
ACCCGCCATGATCATT,654
GAAAGTAGTATGGTAG,654
GAGATAATGATTATAG,654
GCAAGCTGGATGATCG,654
GCTTTAATTTACACTA,654
GGGCGTAGCCTCCAGA,654
GTTTTGTTAGAGATAT,654
TAACTTAATAACTTCA,654
ACGTATAATCTGTATA,653
ATAAATCACCTCAATG,653
ATCTTGCAGTACGCAA,653
CCTGGGGCCACATGAT,653
CTGAGAAGTTAATCTA,653
GCAAAAACTTCTGAAT,653
ACGCTAGTTAAGTAGG,652
CGATATTATTTTCTGT,652
GAACAAGACGACATAA,652
GACAACGCCGGTTCGA,652
GGAGATCGCAAACCAA,652
GTAGCTGACAGCTTGA,652
TAAGCCCAGGAAAGAC,652
TGGGCAAGTGGCCAAC,652
ACAAATTTAATGCCTG,651
ACAGAACCATGATCTA,651
CAACCTTCCGTAGGCG,651
CCTGGCACGACTAGCA,651
CGCAACAGGACATTTG,651
GACAAACCCGTCACAG,651
GCCAACTTCAACGGCT,651
GCGACACGCCAAATTT,651
GGAATTACAGGATTTT,651
GGTAAATTATTCATAA,651
TCGCCCTGCGTACTAT,651
TCTTCAATGGCGTTAC,651
TGGGCCGGGTCTGGAG,651
ACAAACGAGGAACCAG,650
AGCCACCTAGTACCAT,650
AGTCTGATGCTGAAGC,650
AGTGCTACTAAATTTA,650
GACAACACCACTGGAC,650
GTGTCTACACAACCTA,650
ACCGAAGGAGAAACAA,649
ACTCGGGCAACATATA,649
ACTCTCAGTAGCCATC,649
AGCATCTATCTACCAA,649
AGCTTTAAACCACGTA,649
ATAAGCCAAATATAGA,649
ATCCGGAACCGTAGCA,649
CAAGAATATTGGAATC,649
CATCATCTTTCAAACT,649
GACGTTGTCTTAAACT,649
GCGTGTAAAGGGAGTA,649
GTTGAGAAATAGCCAG,649
TACAAAACATAGAATT,649
TCCCACCACACGTGCC,649
TGTTAGGCCTTAGTAG,649
ACTCTAGTCAGCCCAG,648
ACTTTCGTGTATAGTA,648
AGTGAAAAACTTTATT,648
ATAGGCAGAAGGATAT,648
CCTTCGTCACGGCTCA,648
TCAGCAGCCACAATGG,648
TCTTCGATCGGAAGAC,648
TCTTTCTCAAGGTGAA,648
AACTAGCAATCTATCT,647
AAGATGAACCTCTATC,647
ACTCGTTCTAAGTGGT,647
AGTTCTTTCATCCCAA,647
CAACTGTTAACGCATC,647
CCTGGAATTGCGAAGA,647
GCCACAGGGAGCTCGG,647
TATATACAATCCGAGT,647
TTATAAGGGCAGGTCC,647
TTTCCCCCGCACCCGC,647
AACGGATTAACCAGAG,646
AATCAGACAAGGCCTG,646
ACAAACTTCCATAATA,646
CTGTCCTTTAAAGAAT,646
GGACCGGCCTACGTTA,646
TCGAGAATGAGCGCAA,646
TTTCCCGAATGTGATG,646
AACAAATAATAATATA,645
AATGTCCTGGTGGCAG,645
CTCCGGATAGTGATGA,645
GAGCTGGAGTTTCCTA,645
GTTCCCAGGCCTATGA,645
TAAAGAAAATCGTGCG,645
TCACGCAACCACTGAG,645
TGTAGTGAAGTCCATG,645
AGACTCTTCGAGCCAT,644
CACGGCGCACCCCCAG,644
CCGTATGCTGATGTGG,644
CGCAAACACTTATTGT,644
GATATCGACGTTACAA,644
GCCGCAAGTAATGGAT,644
TGGACTAATTCAAATG,644
AAGCATTACAAGTGAA,643
ATACGTATGAACGTCT,643
ATACTTACCGGTCTTA,643
ATCAGCTAAATCTAAA,643
CACAGCTCCCCCTGTA,643
CTCGTCCCCTTACAAC,643
GGTGTCATTAACAGAG,643
GTACTAAATGTATGTT,643
TAATACGAGTAGAATA,643
TTGAGCCAGATAACTA,643
TTTAAGACTCACCTGA,643
AAGTATTCTTTCAAGT,642
CATGGTCCCGCCCCCC,642
CTAACGCCGGGGAAGA,642
GATACGTGAGATCAAA,642
GGATGTAAATAGGGCT,642
GTAGTAAAGCACGGGG,642
TAAGCCGGTTATAGGT,642
TCGCGCGAGCAAACAT,642
AATGTGTAGTGTCGGC,641
ACACCCGAACGACCAA,641
ACATTTATATTATTAA,641
AGAAAATCATATTACT,641
ATAGCAAGAACCAAAG,641
CCACGTCAGCCAGACC,641
CGTAAAAATTCATAGA,641
GAAACTGCCTTCTCGG,641
AACACTACAATCCATA,640
AACAGAGTATATGTAG,640
AATCGAGACACAAAAT,640
AATTGAATGCGATGGA,640
ACTTATTAGAACTTCT,640
AGCACAAGGGCTCCCA,640
ATATAGTCGTTCCCAT,640
ATGCTAAGTTAGGATT,640
CCGACTGATATGCAAG,640
GATAAGAAACGCAAAC,640
GTTGACTGTAACAAAT,640
TTATAACTATGTTAAT,640
AAAAACATCAGATCAG,639
AAGAACCCAAAATCAG,639
ATCGACTATAACCATA,639
CTTGAAGTGAACTGAT,639
GAAACGAAAGTACTTT,639
GGTTCAACATAGGAGA,639
GTCCTACCAATGGGAA,639
TAATTAATTTTCACTA,639
TAGTACGTGTAAACAT,639
TCTGTATCGGCTCATG,639
AAATCAAATTTGTCTG,638
ACGCATTTACAGGGGG,638
AGGTAGCGTGAAAGGG,638
CAAATAAGAAGAAATA,638
GCATGCGACCCATAAA,638
GGCTCTAGCAGGCTTG,638
GGTACTGCGGCTGGAA,638
TGAGCACTCAATTCAC,638
AAAACCTAGTTATTCA,637
AAATCCTATTTCTTGG,637
AACAGTTAGTGATGCA,637
AATAGGTAATCGAAGA,637
AGATCTAAACTGTTAA,637
AGTTTGTAAACATGGA,637
CACGAAAACTCCTCGA,637
CAGATAACATATAACT,637
CTTATTCAATCGCATA,637
GAAGTGTATCTTGCAT,637
GCCACTATCCTCGTTT,637
GTAAGCGCGACAGGCT,637
TACACCCTAGGTGTCA,637
TTGGAGGAGGCTGACT,637
TTTTACAAAGAGTAGA,637
ACCGTACCAAATCTAA,636
AGTAGCCCTTATAAGA,636
ATATTCCAAAAGGGTT,636
ATGCCTACAGAGTCAT,636
CAATTAAATTCTGCAG,636
GTCGGGAGACATGGAA,636
TCCAAGTCGAATTCAC,636
TCGCTAGTCCTCGAGA,636
TTGAAACAAAACTTAT,636
AGATACAGGCTCCCTA,635
AGCGAGATCGATAGAT,635
ATAGAAAGTAAACCGG,635
CTACCCCACGAATGCA,635
CTATGCCAATCAACAC,635
GCCCCCTTTCCGTCAT,635
TAGGAAAATGGGGTGG,635
TGCCATAAGTACAAGG,635
AGATAGCAATATGATA,634
CACGCTGTATACATTA,634
CTTACTTGCTGACCAA,634
GAAACTAACAATTAGC,634
TATTACTACCTTCTAA,634
TCCTTCGCGTAACATA,634
TCTGTTGGATCTGTAA,634
AGATATTGACTAGTTA,633
AGATCCGAGTTGACAA,633
CCTAGCTAGAAAAGAA,633
GACGCAGAGCAAGAAT,633
GCAATAGATTAGAGAT,633
GGAACTATTATATAGA,633
GTGCCCGGTTACTTTA,633
GTGGCGGAAAACCTGG,633
TAACAAAAGACCGAAC,633
TCAATTGATAATTCTA,633
TCTGTTGTTGACGCTT,633
TTAACCTTAGCCAGAA,633
TTCGATAGGCATTCTT,633
AAAAACGTGGTTCTAC,632
AAAGTAATAAAATGCA,632
ACATTAACATTCCTTC,632
AGTCATGATCAGAAAC,632
CACAGACAGGAAAAAC,632
CCAGGAGAATCAGTTA,632
CGGACGAGTCAGCCGA,632
GCTGAGGAAGAAGTAT,632
TATGATCCTAATAGAT,632
TGCCAGAAAGATGGAA,632
ACCAAATTTACCCTAG,631
AGTGGCTTAGACATTC,631
CGATACAGCCGTAGAT,631
CGTGCTATGCTCCACT,631
GACCTTTCTAAGAAGA,631
GCAGCCAATGGATACT,631
GGGTGGTCACAGCATA,631
ACCATGAGGCGCTGAA,630
AGAGCGATAGAAAATA,630
ATGATCAGCGATACAA,630
GCTTAGCTTGCGCTTA,630
GGGCAGACAGCTGGTA,630
GTAAATACCACGCAGA,630
GTATCATGGCGGAAAA,630
TAACTTAATCAATCTA,630
AAAGCAAGTGTGCCCA,629
AGCGAGTCTCAAATTA,629
CAATCATAGAACAGGA,629
CGGGCGTATAAGTCAT,629
CTGGACTTGTGCTCGC,629
TAAATAAAGCTAACGT,629
TCAAAATTGAAGATGC,629
TTCATTAACAGATATT,629
TTCCGGATCCCGTAAA,629
TTGATCCACCCCATAA,629
AATACCTAAATAATGG,628
ACGACCAGAAGACTAA,628
AGCAATTCCCATGCGT,628
CAGATATCTCATTGGA,628
CGGTAAAAACCTAAGT,628
GAATCGGAGATGGAGT,628
GACGCAACCGTGTAGA,628
GCAATGCCGCAACCGC,628
TTACTCGTACGCCCTC,628
TTTGACAATGCAATAA,628
AGCAACTATAAGTCGT,627
AGGCAATTATGTTGGA,627
CCACAATTCTTCACGA,627
CTCTACAAGGGTAGTT,627
GCGAGTTTAGTCCATG,627
GTTCTGCTCAATGCAA,627
TCCTTCCGAGCTAATG,627
TTGTTAACATGGTGGG,627
AAGCAAGCACACACAT,626
AAGGCAGAGATCACAT,626
AGAAGTAAATCATGTA,626
CGTACGGCAGGACAGA,626
CTGACCTATCAAGTAT,626
CTGTCCGTTTGCGAGA,626
GCATCAACGCAAAAGG,626
GTTAGCGTACTCCAAA,626
CATTAGAAAAAGGAGT,625
CGCTTTCGAAACGCTA,625
CGTAATGAACATAAGG,625
TGATAAACTTAGGGAA,625
AGACGGCGGGGTATAT,624
AGGCGATGAATAAACG,624
CCAGGGTAAGAGTGTA,624
GATGTACCCTAACGGG,624
TTAAGAGCAATGCCTA,624
AAAACTATGCCCGAGG,623
AGAAACTTGGATCTGG,623
ATCAGAGCTATTTAAG,623
CCATAGTACAAGCATG,623
GAATGGTGCTGTATAA,623
TATGTCCTTTGTTAAA,623
TGCATTTCCGACTCCG,623
TTAGCTCGCACACATT,623
TTCCCCATCTGTCCTG,623
ATGGCAAAGTTTTTTA,622
ATTGTATCGGAAAGCT,622
CGCTTTACAGATGCAG,622
CTCCAAAGAACAACCA,622
CTTAGCGTAGAAAAAT,622
GAAAGCAAATCTAAAT,622
GAAATGGGGGAATTTT,622
TCTAGATCAAATTATT,622
AACAGTGACTGCTTGA,621
ACTCCACTGGCATCGT,621
ATGGAAACGCCAGAAG,621
ATTATAGTATTCAACA,621
GAATGTGGTTACTGGA,621
GATGGAATTAAAGAAC,621
GCGTGGGGTTCTAGAC,621
TAGTATAACGACTAAA,621
AAAGAGCATGCACCAA,620
ACAATAATCATTGGTA,620
ATGATACTAGAAGAGA,620
CAGGACCGATAGTAGA,620
CTTTCGCACAGAATAA,620
GAACCTAGGGCGTGGA,620
TAAAAGGCTTATACAT,620
ACTGCACTCCATGCAG,619
AGTTTTTTTAGAGCTA,619
ATACGTCAGACCCGAT,619
CAGTATAGAGTAAGGA,619
GAATATGTCTATCAAC,619
GCCCACAAACAAACAA,619
GGTAAAGCAATTGTTA,619
ACAGTGTACTATCTAA,618
AGCTGTTATCTGATAT,618
AGTTTGACACTAGTTC,618
ATGGAAAAGAATGAGA,618
ATGTACACGGATAACA,618
CATTGAAGTACTTAAT,618
GATGCGAAACGTAGAT,618
GCGCGAAAGAAAATGT,618
GTACGTTTAACGACAG,618
TACGCTCTACCTAGCT,618
TAGTAATGGGACGATA,618
AATGGACGCAACTAAT,617
AGTATGTGGTAAGATG,617
ATACTACGTATGGAAA,617
CAGGAAAAACCCTATT,617
CATAATAGAGTGTGTT,617
GAAACAGAACCATTGT,617
GACCATAACGGCTCCT,617
GGCCGGGCGGATGAAA,617
TGAATTTGGAGGCCAA,617
TGGGCGGGACGCCTAT,617
ACAGTTAAGCCAATAA,616
ACTGTTTAAGAGGATA,616
AGCCCATGGGTCAAAA,616
AGTTTATCTCGTACAA,616
ATACAAGGTTAACGGT,616
ATCTGCGGATTGGAGA,616
CAGCTATTACCCGAAA,616
CCGCTAGCATTTTAGT,616
GAAAAGATGACCTAGA,616
TAGCTGCACCCGAGAG,616
TTGCTGTCTAACTTAT,616
ACAAGAACATTGAGGA,615
TCCTAGTATAGGTGGC,615
AATTCTATGATTAGCT,614
ACGGTTTTCAAGTCAG,614
AGCCACCTAATTGTAT,614
CAGTTAATTTACGGAA,614
GTACTTTATAGTTTTA,614
TATCAGCTTGTTTACA,614
TATTCCAGGAAGATCA,614
TTCTTAGCGGGCATTA,614
TTTACAGCTTATAAGA,614
AAGTTAGTGAAATGGT,613
ATAATAGGACCTGTGC,613
CTAGTCGGGTGTACAA,613
TAAGAAAACTAGCAGA,613
TTCCGGCGTCCGTGCA,613
AAACGAAAACTGATAG,612
ATATATTGACGCCTCT,612
ATCGCGGCCGGCTAAT,612
CATCCTCTAACTTTAA,612
CCTTTCCGGCACAAGT,612
CTATGCAACAAGGCAG,612
CTATGTCCGGACTAGA,612
TAGCCACAGCGATCGA,612
TTTTTTTCTCAGACAC,612
ACCTTGCTAGGGTGAT,611
ACGCAAGATTGAATGA,611
AGGCCTAGTCTCTAAT,611
ATGGGGGTGGTAATTT,611
ATTACAAGCTACTTGA,611
CAAGATAAGCTCACTT,611
CAGTCACGATATACAG,611
CTAAAATAGCCTAAAG,611
GCAGAAGCATGATCCA,611
AAAGGTGCTTAGGAAT,610
AAGAACACTGGAAAGA,610
AATACGGATCCAATAA,610
AGAATCCAAAAATAAT,610
AGAGGAGAGGCGCAAA,610
GACGGTATATTGCAGA,610
GATCCAAACTGAGAAG,610
GGACAGGTTCACGAAA,610
GTAGACAGAGTAAGCA,610
GTATGCCCGACTCCTT,610
TACTTCGGTACGCTAC,610
TAGCACTAGATGCCAC,610
TCAGGTTGGCACAATA,610
TTGCACTTGAAACTGT,610
TTGCATACTACACCAT,610
AAACTGAGGACCATAA,609
AAGAATTGGCGACCAA,609
AATCAAGACTCCCCAC,609
AGAACCTCAACATTAG,609
CAATATGTCTACTCAA,609
CACCGCCAATAAATAA,609
GACACCTGATTCCTCT,609
GGACGTTTAATTGTGA,609
GGGCATATGATATAAA,609
TAATTCCAGCGAAAAA,609
TGTCGTATGTTGGTTA,609
TTTGATTTCTGACGAT,609
AACAAAAACATAACTG,608
AACGTAGCCTTAGGGG,608
CGCGCACGATGACTAA,608
TAATCAGTTTAATCTA,608
TATATGCTGTGATATA,608
AAGTTATAGGATCGAC,607
ATGGGGCACTTAAATA,607
ATGTATGCTGAGTGCT,607
ATTTGCGTTTGCGCAA,607
CCAAACATCTAAATGG,607
CCGAAGGACGAAAGAG,607
CGATACTCCTTAATTA,607
GAAGGATATTTCGCAT,607
GACACTGGTAGGATTT,607
GACGCCACCGGTCATC,607
GGCTTCAGCACATGGG,607
GTTCCACACAACATAA,607
TGGTAATCACTCCAGG,607
AATTGAGCTGCTCATA,606
ACAGAAGGAACGCGGA,606
CGGCACTCTGTTCCAA,606
AAAGAATAGTGTCAAT,605
AACGGGGTGGGCTCTA,605
AAGGTGAACAGCTAAA,605
AGGCATCATCATGGCA,605
AGTGCGCAGCATACGA,605
ATAGACCTCCCTGTCT,605
CCCAGAAGGTGCTTAG,605
CGGCGCGACGCGTAGA,605
GATGGTCCAACTCTTA,605
GCGACGTCATTCCATC,605
GGAAAGTATAGTGTGA,605
GGCATACGCTCTTTGG,605
TCACCAATAGCAGTAA,605
AAAGGAACTGCGCACT,604
AGAACAGCCTCGCTGA,604
AGAGTTTAATGATTAT,604
AGTTATTACCTGACAT,604
CAAAGATACGGCTCTA,604
CTTGCAACCAGAGCGA,604
TTAAATATAGCCGAAA,604
TTCAAATAATTCCAAA,604
AAGATTGTTCTACAAT,603
AAGGGAGCTGATTAAA,603
ACCACAACATAAGGGG,603
ACCCCGACTTTAACTT,603
CAGAGACTAGAACTAG,603
CGCTGCCTAGTTAATA,603
CGTGCATTTAAACAGA,603
GAAAGCTTAACCGAGA,603
GTTACACGAAGTATGT,603
TAAATCTTCTCTTGTC,603
TAGATGGTAACGGTCG,603
TATCTAAGATCTCCAA,603
TCGGTGTGCCACATAA,603
TGGATGTTATGTAAAA,603
GATTATACCCTATTAC,602
GGCCGGCTAAATAAAA,602
GTAACGGCGCTGTCAA,602
GTCAATACTTAGGTTT,602
TATGGCGCACCGTTAC,602
TCAAATTGAATATTCA,602
TGTATACCCCTTGACA,602
AAGTCATACCCGAAGA,601
ACTACGGCAAAATGTT,601
CAATTAACCAATGGCA,601
CTCATCGAGAAGATGT,601
GACAAAATTCGATTAT,601
GACTACGACATTTCCA,601
GGGGTGACATGCAGAA,601
TACTTATGCAGTGAGG,601
TATTACCTGCTATCTT,601
TCTTCTTATTATTAAA,601
ACCACTACTCAAGTTT,600
AGCAGCAAGGCCCACG,600
AGTAATACCAGTATTG,600
CACAAAACTGTAATGA,600
CATTTTGAGTAGGAGC,600
CTAAGAATATAAATTT,600
TTAAATTTCGTTGACG,600
AAATACGACTAGTCGG,599
ATACCAAGGTTGACAT,599
CTCGCCCGCCAACAAA,599
GACCTAAACTATGGGT,599
GGTCTGTTTAAAAACG,599
TACAGACCAAGTTAAA,599
TAGAGGGAGACCTCTT,599
TTAATGCGGGATTTGA,599
AAAACAATATGTGCGA,598
ACCCCTATAGACAAGA,598
ACCGCAAAACCACCAG,598
CAGCTGTCCCACAAGC,598
CCAAGGAGTGAAACTG,598
CGATTTATATCGTCAC,598
GTCAGAAAATGGGATG,598
GTGCACACTGTTATAT,598
TAGTGATTCGGATCTT,598
TGGAAAGGTACAGCAT,598
AGCAAGCCCGTGAAGG,597
AGTCCTAAAACCCATA,597
ATCTGAAGTAGTAGAA,597
GAACTTACGCTGCCGG,597
GCCCCTTTTTTCATTG,597
TAATGCCTAACTGACA,597
TAGGGCGATTGGTCGA,597
AAGAAGGATAATATAG,596
ACCGCTGTAAGAGGGT,596
CGTAACCTCTCGCTGT,596
CTACCGCGAGTATAAC,596
GAAACACGCTCTACAG,596
GAATTATCCACGCAGA,596
GAGCACGTATCAAATA,596
GCCACAGGACCTGCAA,596
GCTGGCCATATATCTC,596
TAGAAACCAAACATTA,596
TCATCGACTTGCGTCT,596
TGAAGTTAAGAATACA,596
AAAGCCCTAGCAACTG,595
CGCTGAATTAACATAA,595
GACTTTCGAACACCTA,595
GGTCCGTAAAATTTGA,595
TGACGAAACCAGAAAC,595
TTATGGGCATAATGAT,595
ACAGTTACCAACAGGA,594
ACCGGAAGGTAAAATA,594
ACTGCAGTCCCCGCAA,594
AGCGGCGTGCCTAGAT,594
ATCGTATTGAAACAGT,594
CATCACCAAAAGGTCT,594
CCCCCGGAAAATGATA,594
GAATAATCACAATTAT,594
GCAATGACCTATAAGG,594
GGGATAAAAACCGTAA,594
TATATCGGGCATCATT,594
AGGTAAATGTAAGTAG,593
AGGTCAATTGAATGAT,593
ATTCCTGACATAAAAC,593
TCAATTACACTATAGA,593
TTCTACTAAAGCTACA,593
AAAAAACTTCTATGAG,592
AAGCATGCTCTTGTGA,592
AAGCTCACTGTATTGT,592
ACCCGTCCACAAACAA,592
CACGAAGGTGCTACTA,592
GCGGGGAATACAATGA,592
TAAATAAAATATTACT,592
TTTAGGCCTGCATAAC,592
AACGTATTCATAACTA,591
AATGCGGAATAACCAT,591
ACCTTCGCAACTGGAA,591
CAACCTGCCTCCAGGT,591
GAAGGGCACCCCTAAT,591
GACGAAAATTCAGAAT,591
TAACTTACACAGTTAA,591
TGTAGTTCAATCGCTA,591
ACAACCCACTCTTTGA,590
AGAATGACGGAGGTAT,590
AGGATGTGGGCCGGTA,590
CAAAGCGATGACAGAG,590
CATTTATAAAACCGGT,590
GGATCAAACTCTTTAA,590
TAAAAAACACAGACTA,590
TCAGAAAGTCCCAATA,590
AGAAAGAAGTGTTGGT,589
AGAGATGCCAAGCAAG,589
CAATAACCAGAATAGG,589
CAATAGGCTCTAAAAG,589
CGTATAGATAAATGAC,589
GATATCATCCACGTTG,589
GTCCAGTTCACTGCGA,589
TCAAAATGAAGGTGCA,589
TCCATCTTACAATTTA,589
TTATTGTTGTAATCTT,589
TTCTAAAGGGACTGGT,589
AACTATTGTGGGTAGA,588
ACAAATGGCAGGGAAA,588
AGAGCCAATAATAGAC,588
CAAGGCACGGAAAGAA,588
CTAGCCCGACACAGCT,588
GAAGTAACGATTCCTT,588
GGCACTGCAGATATAT,588
GTATGTAGCAACTAAT,588
GTCATTGCCCAAAACT,588
TAAATTTAACGAATCC,588
TAACTCTAATCAAAGA,588
AAAATAGAATACGATA,587
AAGTAGCGACCTATCG,587
AGCGCTCTCGAATTTA,587
AGCTCGAGCCATACTA,587
CGATCGCGCTTACCAA,587
GGTGGTACAAATGCTA,587
TAGCCGAACGGACCAT,587
TAGGGCCATTTGTAGT,587
TCAAAGAAGCTAATTC,587
TCACTAATATCAAGAC,587
TCGCAAGGGTGGCATT,587
TGAGATAAAAAAGTTA,587
ACAGTTTAAAATATAT,586
AGATGGTCCAGAAGAC,586
CGCCCGAACCCCTGAA,586
CGGCCCACAGACAAAT,586
GACCGTACTATTTCAA,586
GATAAGTAACCATAAT,586
TATCCTAACAACATGG,586
TATGTGATTATTACAA,586
TATTAAGCGACCCCTT,586
AAAAATATGACAACCA,585
ACAGTAATATTATACT,585
ACTGAAATTAAAAATG,585
AGGATTGCTATGAGAT,585
AGTGCCAAATTGTTTT,585
CATTAGGGAACATTAG,585
GATACAGGGTAATGTT,585
GTGCGATTTGAACCTA,585
AATAGCAAATACTAGT,584
CAGTCTTGACGCTGAT,584
TCTAAGTAGCTACAAC,584
TGGCAAATAAGCTCTT,584
TTTGACTGCTCAAACA,584
AAGGGAAGTATGAGAA,583
ACGCAGTTATCATGGG,583
CAACCGGCAGATTAAA,583
CAGCAATATCGTTAAA,583
CCGACAAAACTTAGAT,583
CGTTAAATGTAACAAA,583
CTGAAAGGGCCGAAAG,583
GAGATAACAAGTCTTA,583
TGAAATCACGACCAAC,583
TTCGAGAGAGACACAA,583
TTTGTAAAGATGAAAA,583
AAATGTGAACGACGAA,582
ATGTTATCTGTGTGTT,582
CCAATGAGGAGCGATA,582
CCCCAACGATAAACCT,582
CTAAAAGATAGGCTCA,582
GCCACCACAGGATGCC,582
GGTGCGGCATACTAAC,582
GTCTAGTAAAAGATCA,582
TCGTGAATAGTGGAAG,582
TGTTCGGCCATCCCGC,582
TTATAATGTAGGGCAA,582
TTTCCAGGTGCACAAG,582
ACATTCATGATTTCGA,581
ACCGACTATCGATGTG,581
CCGATGTAGTACAGCA,581
CTTGCACGACGCATAT,581
GCTGAACGGCAATAAA,581
TAAATATATTCAACAG,581
TCTAGTCACTAGCCTT,581
TGACTTACCGATCGCA,581
TGGAGTATAAGGTGGG,581
AAACCAGGAACTTATA,580
AGAACAGTAGCTCTGA,580
AGACGACAATACTCTA,580
AGGAAATCCCATGGAG,580
CAGACCCATATGATTT,580
GAAGTACCGAGCCAAA,580
GCAAGAAAAACTAGGG,580
TCATAGTCAGACCTAA,580
TCTGACCGACTCTGGT,580
CTACTGCCATCTATAA,579
AATGGACGAACGTGAG,578
ACTAATAAGAATAAAC,578
ATATGAAATATCACGT,578
CTGTTGGCGAACCTGA,578
GAGACAAGATCATTAA,578
GATGAATACTCTCGGC,578
TCACAGGGGGCCAGAG,578
TTTTGCGTGAGAACTA,578
AATCGTTCTCAGCCAT,577
AGCCTAAGGCAACCGT,577
AGGACAATCTAGCTGT,577
CAACGACCTACAGTGT,577
CCAAATATCCACGGTA,577
GATTCGTCACGGTTTT,577
GGACCATGAATACAAG,577
TATATGCTAAATTGCA,577
TGTTCAATACTTGAGA,577
ATGGATGATTCCTTCG,576
CAAACCCAAGAGGAAC,576
CAAGACGAACTCACAT,576
GATAAAAGCTAAGGAA,576
GCAATTATGGAATACA,576
GGGTAAGGTGGTGCTA,576
GTTGCATTTAAAGCAT,576
TGTTATCAGACAAAAT,576
TTAAACGACGACCACG,576
TTCCGACGCAAAAAAT,576
AAAGCAATGTCAAACA,575
AAGCACTCCCTAATAG,575
ACCGCTAGCTGATTTG,575
AGAATCCTGCAAGGTG,575
AGTAGTGGATTCCTTT,575
ATTTATGTCAGGTTAA,575
CTTAAATAGTTATTAA,575
GGGCTAGTTATCTACT,575
GTACAGGATGATGCAA,575
GTGCAATAAAGTGAAC,575
TGACCATCGTTGACAT,575
TGTAAAGCCTAAGGGT,575
AACGGGGTAATGAGAT,574
ACAAACGAACCACACT,574
ACCCGCACCACCTAAA,574
ACGTAACTATGTTAAG,574
ATAACGATCGATTAAA,574
ATGATTTCGCGCATAA,574
ATTCACGTCATCGCGT,574
CCAAGTACATTGATAC,574
CGGATGTGCTAGTTGG,574
GATTTCGCGTGAATTG,574
GTAAACGCCATCACCA,574
GTAAAGCAGCCTGAAA,574
GTAAGAAACTAAGAAT,574
TTGGAAATACTCTAGG,574
ACAAGTATAAACAGGA,573
AGGAGAAGATCGAAAT,573
ATAAGAAGAAAGTAAG,573
CCTGAGATGCCGACAG,573
CTTATAGTCCTATAAG,573
GCAACACGTACATCTC,573
GTTGAAAAATTATAGA,573
TAAAGTGGACCTGTCA,573
TGAGCAAGGTACATTG,573
TGCCGAATCGTGCTAG,573
TTTTGACATAACGGAG,573
AAAAAGGACTATCGGA,572
AACACCGGACCAAATT,572
AAGATGTTAAATGGAG,572
ACAAACAAGTTTGTTG,572
ACTACATTAATTCAAA,572
AGACAGAAGTTGGTGG,572
ATCACTAATAACTAAC,572
CCTGCATACGTGCAAA,572
GCTTCTGTCCGATGAT,572
TTGTGACTGTTGGCTT,572
AATAATTAAGGGTAAT,571
AATGGGTATTAGTTAA,571
ACCAAACGAGTACACT,571
AGAGTCAGTTGACTGA,571
CAGAGAGAGCGCGGTA,571
CATGAAGTTATTTATT,571
CCAATGTATTCCGCTA,571
CCCTAAGTGTAGACGA,571
CGCTCGCGGAGTCGGA,571
CGGAGAGGCTCACCCA,571
TAACAATGAAACTCTA,571
TGAGAGCGAGACTAGT,571
TTACGGCGTGGCCCAA,571
TTATAAATAACATCGA,571
AATGGTCTCTAACTAT,570
ACGCACTGTCAGGAAG,570
AGCAGAGGGTGATAAA,570
ATAGTAATCGTAATAA,570
CAAGATTTAATCTAGT,570
CCCTAACTAAAGCTGT,570
GAAGCGTCACAATAGT,570
GCAATTCAACTGCTGA,570
GGTAACCATAGTCCCT,570
TAAAAACTACGGTCTA,570
TAATCGACCATGTGGA,570
TGTATTAACGGACATA,570
TTCCTGTTTCGCTTGA,570
TTTAGACCCGCGTAAG,570
TTTGGGCATAATCATA,570
AATGTGTGTATATATA,569
AGATCCCCATTATGAT,569
CCGGCTAAGGAGGATT,569
GAAAACGTCAGTGCAA,569
GAATCAATCGCTTAGA,569
GAGGCAATAAGAGAGA,569
GGGGCAAGAAGGATTA,569
TGACGTGGGCGGTGAA,569
TTAAGAAAGGTGAAAA,569
AAACGCCTTCGCTCAA,568
AATTAATATTTCTAAA,568
ACACTGAATGTCCTAA,568
ACAGGAATGTATCAAA,568
ACTGGCGCTACTTAAT,568
AGACCGCAGGCCCCAA,568
ATAAGACGGTATTTAA,568
ATACATTGAAGAATGG,568
CAACTAGGAGAACTCA,568
CCAGAGTCCATAAATA,568
CTGCAGACTAAGTAGA,568
GCTAAGGAAGAAAAAA,568
GGCCACTGCAGAGTAT,568
ACAGGCAATCTAGACC,567
AGTATAAATCTAGAAG,567
ATACGCTCATTAGTAG,567
ATGACGAAGCACTGGA,567
CATGGAACATGTTAAA,567
CATGGGACTAAAATAA,567
CCGATCAGCCTACCAT,567
CCGCTACAATAGTAGA,567
CGAACTGTACTCCTAG,567
CGCAAATTTAAAATAT,567
CTAGACCGGCCCTCGA,567
CTGAATCGGAAAATAA,567
GGCGAAACCACTGCTG,567
TAAATCTCAATATGCA,567
TTATTATTAATCATGT,567
TTCACACCGGGAACCA,567
TTGGAGGATCTAGTAA,567
ACGCTTTATTAGCGGT,566
ACTATAGTGATGAAAT,566
AGATCCCTAAGCCCGA,566
ATAGAAGACATGCAGA,566
CAAGAACTACAGCTAG,566
CGTAAAAAACTGTCCA,566
CGTACAATTTAATGAA,566
CTCCTTAATTCCTCTT,566
CTTACAAAATTGACAT,566
GCGCGATCCGCTCAAT,566
GCGGCTGCCTTCTCAT,566
GCTTCTGGGGGCTTAT,566
TATGAAACTAGGCCTA,566
AGTAAATGATAAGGGT,565
ATGGAGGTTATGTAGG,565
CTTTACACACTAAGAA,565
TAAATTGCCAGGCAGT,565
TGGGAGACAAAAATCT,565
AAAGCAAATAGCTGAC,564
AAATTCCACTTAAAGG,564
AAGCTTATAAGGGGGC,564
ACTTAAATTGAAACTA,564
AGAAGGAATGTGACCT,564
ATAGACTGTTCAATTA,564
ATGGCCCACGCCCTTA,564
CAAACCTCTTTAGGAG,564
GCGCGAGTTTGAGAAA,564
TTACGCCCGTGACGTG,564
TTACTGTCGGTGAACT,564
AACATCCTCCAAGTAA,563
AACCAAGTAAGAGTGT,563
ACACGGAGGAACGCTT,563
AGAATTAAAAGCGGAA,563
AGGCTTATAGCAACGT,563
CCAGTCCCCCCACCTG,563
CTGATTAATAGGTATC,563
CTTAAGCTAGTACCAC,563
GAGCATTAGATCCTTC,563
GGCAGGACCAAAATGA,563
GGCGAGGATATCAGGT,563
GTAAACCTAAAGATAG,563
GTTTGAGGTACATGTA,563
TTGGGATGATGATAAG,563
AAAGTACACGTTGAGT,562
ACGCCGCGGCGGCAGC,562
ATAAATTTCATAGGAC,562
CTCAACTGCGGATAGT,562
CTCATATACCAACGCA,562
GTTATATAGGTAATCA,562
TCGGCACGGTTCTTAA,562
AAATGTATTCCCCCAA,561
AATCTTATAGTAAAGA,561
ACCTGCCTGAGTGAAT,561
AGCAGTGGCAACTATT,561
AGTGAAGATAGGACAA,561
CAAGAATGGGTAACAA,561
CAAGACGTGCAGAAAA,561
GATCAAAAGAACTGAC,561
TAAGGGGCAATCCAGA,561
TATGCTTGAGTGACGA,561
TGCCTGCGAGTAGTAG,561
TGCTTACCATTAGCAA,561
TTAGGGAATAGCTAAA,561
AAATAGAAACCGAATA,560
AAGACAACTACAACTA,560
AATGTAAAACAGTGAG,560
AGGGTTGAACTATAGT,560
CACTCCATATCACCCA,560
TACCTTTTCGATCAGG,560
TCCTCTGAGACCAAAT,560
TCTAGAGAGACTCTAT,560
TGAACAGTTCGGAGTA,560
AAGTGATAGTAAATAG,559
AATAGTACTATTGAAG,559
ACTCAAATTCAAAAGT,559
AGTACAGTCGAGGCAG,559
ATACTTAGCCATCTAC,559
CGCTACCCGTGATTAT,559
CTGAATAGCATAATTA,559
GCACTACGGTAAATAG,559
GGAATAAGAGGCCTAC,559
GTACCACTAGACATCT,559
TAAGCTAACGAAAAGA,559
TGCACAAATAGTTAAA,559
AAAGTAAAGAGCGAGT,558
CGATTCTTCCCGGGTT,558
GACAAACGGCCAATAG,558
GCAGCGGTAACCGGAC,558
TCCCACTCGGCATTCG,558
AAACGAGGTGAAAACC,557
ACAAGTTATAACAAGG,557
ATTTCCGCGAATAGGA,557
CGCATATCCTACCATG,557
GATCGTTGCTGATTCA,557
GGATATTTATTTTCGA,557
TTCCCAACCTTGAATT,557
ATCAATAAGTGAACTT,556
ATTCTGTAGAGTTTAG,556
CAGCCCATTTACTTGC,556
CGAATACGCTTACTGT,556
CGTAACAACTAACAGA,556
GCAATCAATAAATGAA,556
GCATGCCCACTGATCA,556
GGTCAAGCGAGTAGTA,556
TCTCAACAACCAAAAA,556
TTGCTCTAACCCTATA,556
AAAATCACGAGCTGAA,555
AAGCGAAAAGTACGGT,555
AAGCTACATCTGCACA,555
AATCTCAGTGCTAGGA,555
ACTAAATTAACTTAGT,555
AGCCAGCTCAAGCCAA,555
AGTGACATGTTAAGCA,555
ATTAATATCCCCTGGC,555
CAAGTTAGGAGAATGG,555
CACGGAATAATAAACT,555
GACGTTTCAGTTTCAT,555
GGCGACAAGACAGATA,555
TAATTTATCAGGTAGT,555
TACCCAGGAAGGTCTG,555
TAGTAGCTACAGAAGC,555
TCAATTAAGAAAAAAA,555
TCTATAATGCTATAAC,555
TGAGCAACACAATATA,555
TGGGCTAACTCCAGAG,555
TTCGGAATAGAATTTC,555
AAATTCTAACAGAAAA,554
AACTAAGATTGCTTGA,554
ACTCTCACGATGATCA,554
AGGATTACAGCGTACA,554
ATTATATTCTATCTAC,554
CCAGGATAAAACACAA,554
CCTTTCTACGCTAAAT,554
CGAATTTACTAATCAT,554
CGTAAGCAGTGTGGGA,554
GAATAATGCTCTAAAA,554
GAGCTATACAAGTCCC,554
GATAGTTTTCCTCAAA,554
GCAGTAGTAATGAAAG,554
TCGGGGGACGGTCGAT,554
TTCCACCGGTTGCTAA,554
AAGATCTATGCCTTCA,553
AGCACTCACCAGTGCT,553
AGCGCGATGAAAGATG,553
AGGCTTATTTAATGAG,553
AGTGCAAGAATTGTTT,553
ATGTTACGCACAGTAC,553
ATTAAATGGCAATCGG,553
GAAGGAGCAAAGTGTA,553
GTTCCGCTGTAGGAGA,553
TACTCTTAAGGTTGGG,553
AAAAATAACCCTGCAG,552
ACTACAAACATAATCA,552
AGTCATAGTAGTGTAA,552
ATACCCAAAGTATAGT,552
CGACACAGGTAGATGT,552
CGCCAAGAGTAGTAAG,552
CTAGGCGTAAAAAACA,552
GCTTCCACGTGGTCAA,552
GGTATCTGACCGTTGA,552
GTGCAACCTTAGACTA,552
TAGATGCCTTGAATCC,552
TCTGGTACTTAGCGAA,552
TTGACTTGATCAGCAA,552
AAATGAATATAGATTA,551
ACGGTCAAACATCAAC,551
ACTCAGGTCGTCGATG,551
CTTTCTGGACATTAAA,551
GAATATAAAATGCGAA,551
GACTTTAAGTAGAGAA,551
GCATAGAGGGCTGAAG,551
GTACGATATAAAGCGA,551
GTGGGTGGGAGGATAG,551
TATTAATTTGGAGCAG,551
ACTTGCGTGATGCCCA,550
ATATAAAAACATTAGA,550
ATGATAGTAAGACCAA,550
CACAAACACGAAGAGA,550
CCTCCGTCAACGGGTC,550
CGCGAAAATCATCGGT,550
GTATCAGGGGATCATC,550
GTTAATCTTAGCGAAT,550
TTATGCGTATGTATCA,550
ACCCTTAATAATAGAA,549
AGTAAAAGGAAGAGGA,549
ATGCCCACCCGATTGA,549
ATTGAAATTATGGTAA,549
GCCCGCAAAAATCCAA,549
GGAAATATAGAAAAAG,549
GTATTGAACAGCACTG,549
GTGATGCTAATGGCTA,549
TAGTGGGAAACACAAA,549
TCAGTCATAAGTAGAC,549
TGCAATAATACCGCCA,549
TTAAAACTCCTAAGAA,549
TTACAACTCAATGCAA,549
TTCGGACGCACCCCTT,549
TTTGGAAAGGGTCAAT,549
AATGAGAAATAATTGA,548
CTAACACTACATATAA,548
CTTTTATTGTGGTCAA,548
GCCGGGAAATAGTCTG,548
GCTAGCCACTACTTCA,548
GCTGGTTGCTATACAG,548
GCTGTAGTTAGCCCTA,548
GGAGCCTTATGTTATT,548
GGGACTCTGGGATAGC,548
TGCTGATGGGACACGA,548
AATTCACTAGTATTTA,547
AATTGGACAGTAGGAA,547
ACCGCCAGAATGGGTT,547
ACGAGTTTATATGACC,547
AGGTAAAATTACCACA,547
CTTAAGTGGGAAGCTC,547
GCCCCGGGCGTAACAA,547
GGAAGATACATCGAAG,547
GGGCGCGGAAATCGGT,547
GTAAATGTCTGATAAC,547
GTGAGCACTATGTTTA,547
TGGAATCATTATACGA,547
TTAATGGGGAACTTAA,547
TTTCAGTTAACCAGTA,547
AATAAGTCGGCAATCG,546
ACCTGATACGAGCAAC,546
ATCGGTGAGGTGAGAG,546
ATTAACATGCTCGAAA,546
CTAAAGATACATATTG,546
GACAAGAACTGTACTG,546
TACTTAGAATCTACAT,546
TCCCATAAACGCGACA,546
AGGGGAGCAGAATTAG,545
ATAAACGTCTGAGACT,545
ATTCCTTGCATTAAGA,545
CAGAACTACGTGTAAT,545
CGCTTAATTTGAAAGG,545
CTTCGCATCATATCAA,545
GACATGTTTTCCAAGA,545
GTACGCACTGGGCTTA,545
TACGTCATAATTCCTA,545
TCAATATGCTCAATAA,545
TGTTAAAAGCGGATAG,545
TTTATTCAGTACCACA,545
AAGAACATAAACCTGA,544
AATAACACCGGTATGC,544
AGTAAACCGTAGTTTA,544
ATTCAATGGACCATAA,544
CGAAGTCACTATAGTA,544
CGACCCCCACAGGCAA,544
GCTATCTCCTTAGAGC,544
GGGAGAACATGAGCTA,544
TCTCGTCGCAAAGATA,544
TGTGGTAGAAAATAAA,544
AAAATCACTTGCGAAA,543
ACCAATACCCGCTTAT,543
ACTTAGTTTTCACAGA,543
ATGAAAGCAGTGGTAA,543
ATTGAAAATGGAGAGG,543
CAATCGCTCCATATAA,543
CATCACGGTTGCAACT,543
CGAATACTCCCACCAG,543
CGCACGATTTAAGATG,543
GACTTTGACGCGGTAG,543
TAAGATCGGGTAATAG,543
TACCAATTAGGACAAT,543
TCCGGACCACATTCGA,543
AAGGGTCCTCGATCTC,542
ACCAACAGCTTCGGGG,542
TAAATGATCAGTCTTA,542
TGCTAAAAAGGCGCAA,542
ACAAATTCGGACCGTT,541
CACTTCATACTACTGA,541
CCGTGCGAATGCACAT,541
CGCTCCTTTGACCAGT,541
GAACGAATAGCACAGA,541
TAAGACAATCACATAC,541
TCGCGCTTAGTACGGA,541
TGACACAGTTGCACAT,541
TTCGACGCAGGCATAG,541
AAAGTACAACCGCACA,540
AACACTCACAGAAACT,540
AACCTGAAACTGTGTC,540
AAGGTGAAAGATGTAG,540
ACAATGAAGAAAGACT,540
ACTTAGTCTCACTATT,540
AGAGCAGCATAGAGAA,540
AGATTGTTACAGAGCA,540
AGTTTAACAACTGTAT,540
ATACTGGATGCAAGAA,540
ATGATCCTTAAGGGGA,540
CGACAAACACGCTCAA,540
CTATGTGGAAAGACAT,540
GAGGAAAAATACTACA,540
GATTGATGCAAATTAA,540
TATGTTTCAGGTATAA,540
TGCTGATGTATGCAAC,540
TGGATCTTTAACCCTT,540
TTGGAGGCAATAAGGG,540
AACCACCTATTTGTAC,539
CAGTGCGTACCATATC,539
CGACGCATGCCGTATA,539
GCTGGCGGATATAGAA,539
GGCCACATGGATCCTT,539
GGCCGAGTGCGATCTA,539
TATCCCCTAGAGCCAT,539
TCTGTTAGAACAGTAT,539
AAATACAACGATGATG,538
AGAGGGGAGAGTAGAA,538
GATTACGGTACGCGAT,538
GGTTATAACTTGAAGA,538
TATTTGTGCTGTCCCG,538
TGCTCTGTCGACAAAA,538
TGCTGCAGCTCGGAGA,538
TTAGGAAAAGTACTAT,538
TTTACTTTGGTTTGGA,538
AAAGATGTATAGCGAA,537
AATTACCAGGGAACTA,537
AGAGAATGGATTTAAA,537
AGTACAAGCTCCCTAT,537
ATAGCCTACTAAAGTA,537
CATCGCCATATCGAAA,537
CCAACATTTTTAAAAA,537
CCAAGTGTCTATAAGG,537
CCTTCCTGGTGCGGTA,537
TACTCGCCGCGCGGGT,537
TATTTTGGGAAGTATT,537
TCCTTCGTTTCTTTAT,537
TCGCTGCTCGCAGGTA,537
TGGCTCAGACAACCTA,537
AAAACTGCTGTTAAAA,536
ATAAGTCTCACTCAGA,536
CAAACAACTCGGCTAT,536
CAGATCTTATTCACGT,536
CCTGCCCATCATACGA,536
GAATCCATTCCGCAAA,536
GGTTCGCCGTTTAACA,536
AAAGCTAAAAATATAT,535
CGAAGATTACCGACAA,535
GCACGAGGGATCTGAA,535
TCAGCGAAACCTTTAA,535
TCTCGTAGATTCCCGT,535
TTATAGAGATATTATA,535
CTTAGTTGCAAAATAG,534
GAACGTTCGTTAGCAT,534
TACGTGTCTCTCATTG,534
ACTGCTCCAGGATGCT,533
ATATCGTCAAGGGCGA,533
ATCGCTGAGGGCTTGC,533
CAAGGATAAGCATACG,533
CGATGACAAGCGCCTA,533
CGATGATGCTGTGGGA,533
GACGATGTGAAAAAAG,533
GCTTTCACGGAGGTTA,533
GTCCTGAACAAGTCGT,533
TGACACTAACTTATCG,533
TGGTGGTCGTGAATAA,533
AAACTTTAACCGAAAT,532
AACCTTGTGTCTCCAA,532
AAGATAACACGATGAC,532
ACTGGTAGGACGATTA,532
ACTGTTTATAGAAATA,532
CACAAGAAGAAATCTT,532
GAATCAATACTCTTAA,532
GCATATCAGTCAAAAT,532
GCGTTTATACAGCTAG,532
GGATGTATTTCTTTAA,532
GGTAGGGTATAGTAAC,532
GTACCATATCCATAAG,532
GTTCCTAGCGACTATT,532
TAAGAAAGTGCAATCG,532
TAATTAGACCGAGGCT,532
TTACTACACTATTTAT,532
AATAACACAACCTGTA,531
ACAAGCGAGAGCATTA,531
ATGAACCGAAAGAAGA,531
ATTAAGCGGCTGAAAA,531
CTATGAAAGACATAAA,531
GGCCCAATATACATTT,531
GTGACTGGGCACTTCA,531
TAAGACGAGCAGCTAA,531
AACTCAAAGCAGCGAA,530
AAGGTTTCATGTGCAA,530
AATGCAGAACTAACAT,530
AGAACCAGTCGAGATA,530
AGCGACCGTGGAAAGC,530
CCTTGGTACAACAAAA,530
TTAGTACATGTGGATA,530
AATATGCAGAATGATC,529
AATGTCCATGAACAAT,529
ACTCTGGCGAATTGAG,529
GCACGGGTGGCATTTA,529
GCTTTACACAACTGAT,529
AAAAAAATCGATGACC,528
AAAGCTGAGCTTAATA,528
AACTCATAGACATTTA,528
AACTGTTGCAAAATAG,528
AATACCGTGAATATGT,528
ACTTGCGTGTCACTCT,528
ATTTTGACCAACAAAA,528
CCTTCCAGACATTTGG,528
CGACAGGATAGATAGA,528
GTCCAGCGAACGTAAG,528
AAACGACCTCCTGCAC,527
ACAAAGTGTCATTAAT,527
CTAACTTACCCTGATA,527
CTAGCTTACGTTCAGA,527
GCGAAACCCATACAAA,527
GCTCTAATCGGACTTA,527
GGATGAATACAGCCTT,527
GTGTTAAACCGCATAT,527
TATGACTGAACCTGCA,527
TGGACCCCATACCTTA,527
AAGGATGGCGCATATG,526
AATCTATACTTGATAG,526
AGACTATATCAATCAT,526
ATAATTGGACCAATCG,526
ATTACAAATGAAAATG,526
CTATAGAGAAAGGGGT,526
GGGCAGTTATCCATGA,526
TTAAATCGCTACTATG,526
AAAAATAGCTCTAGTA,525
AAATGTCACAGAATAC,525
AACGGCTCAAGCAGTA,525
AACGTTAGTAGTGTTG,525
AATATATGTTTGTGTT,525
ACATTATGTACATTGT,525
AGTACAGCGAAGCGAG,525
ATATACATAATCATTT,525
CACACCTCGCATCAAG,525
CCAAGTGTCCTTAATT,525
GTTCCACAATATCAAA,525
TGGGCTATGAGAACTA,525
AAGAACAAACGACCGA,524
AGCAATTATTATAGAA,524
AGCAGTTTAAGATAAG,524
AGCCCATCACAAGGTA,524
ATAGAGTCGGGCGAGC,524
ATTCGAAAAACGCAAC,524
CCCATCTACATAACGC,524
GACATCAAGTACTGAA,524
GCCGATCTCCTATTGT,524
TGACTAACGCTCACTA,524
TGGTCCCAGAAAATGA,524
TTTTCCCAGTGCCACA,524
AACCCACCGTAGGCAA,523
AACCCGCCCACACCAT,523
ACGAGATATTGATATG,523
AGCCAACATTCTATAA,523
CGGGGTTTTAATCAGT,523
CTTCTAGGATTTATAC,523
GTACAGATCCTTCCGT,523
AAATCTACTTCTAGTT,522
AACTCCAGGATTAAGA,522
AATAAGTGCGGAATAT,522
AGAAGTGGGTATGCCT,522
AGCACACAAAAAAGTA,522
CCAACAGTTAGTAGAC,522
GGGCCAATACGGCCAA,522
GGGTGACTATGCCGGA,522
GTTATTGAAACAAACA,522
TCTCAGGTATAACCTA,522
TTATATACTGAGCTTA,522
AATACCCATCGCGCAA,521
AGAACCCAGTGGAGAT,521
AGGGCTTATACGTAGC,521
AGTACCACGCATCAAG,521
ATAAAAGAATAGATGC,521
CAGCCCGAGAGAGCAG,521
GCTAAGAGTACTCAGA,521
GTAACAAATAGTACCA,521
GTCCGGCTAAACATTC,521
TAAGGCTGTTACAAAT,521
TCATAAGACATCCTCT,521
TTCGGTTAAACGTGAA,521
AATCGAACCGGAATAG,520
AATCGCTAGGGGTAGA,520
ACTTATGGTAAACAGT,520
CTAAGGGTCTTACATG,520
GAAAAATGGAGCCGCC,520
GGAAAATCCGGGGTGA,520
GGCAAGAGAAGTTTTC,520
GTATTTATTCCAATAT,520
GTTTGAGTATCGTAAA,520
TAAGCCCGAGTCAGTA,520
TATGTTAAAGTACAGG,520
TCACATGTTCTCCTTT,520
TCCTCTGATCACACAA,520
ACTACGTCACCACTTA,519
ATACTCCAATCATCCG,519
ATCCCGTCAGAAGAAA,519
ATGTCTCTCGTGATAT,519
CGATAGCTACCCGGGA,519
CGTATGCTTAGAAAGG,519
TAAACGACTAGGCTGA,519
TATCGCTGGACCCAAA,519
TCCCTTCGCACCTAAG,519
TCCGGACGGGTGCCTA,519
TTAGTCGAAGAAACCA,519
AAATTACCAATCGGGA,518
AGGCGGAGTGCCGGTT,518
CAAAGTATGACAATAA,518
GAATCAGCACTGACTG,518
GACAGCGAAACACCAG,518
GAGAAGGGCTCTTAGA,518
GCCAGAAACATGTGGG,518
TAAATTGGCATGAGGA,518
TCGCGCCCATTCAAGA,518
TGACTTCCCCCTGGAG,518
TGATGGACCTCATCAA,518
TGCTGTCCTATGGCTA,518
TTGACATACGATCCTA,518
TTTGTATGGGTCACCA,518
AGAAAATTATAATGTC,517
CAGATATAACACTCAA,517
CGTCGAAACTTGAAGG,517
GAAACAGCTGCCACGT,517
GGATAGGCAGACATAA,517
TAAAGGTACCCTAAAA,517
TAGGTACTAGTGTTGG,517
TATAGCTGCAAGTCAG,517
TGCACTTTATACCCTT,517
TTGTTTATTCAAAACG,517
TTTGATTGGCAGTCTT,517
AAAAAGCCTAATAAAC,516
AAAGGGAGACTGTGAA,516
CCAAGAGAAAAAAACC,516
CCGTAACCTGCTGCAA,516
CCTAGCCTTAATACAG,516
CGATACAACATAGCAT,516
GAAAACTCATCCTCGA,516
GGGAGGAGAGGTCTGG,516
TATGTTTTCAGTTATA,516
AAAAAAAAACGCGTAA,515
AAAAACGCCCAGGTTT,515
AAGCACGCACGCCAGA,515
ACACCCACACGTTTTG,515
ATACAGTACAATTTGA,515
ATTGACCCTGAGATGT,515
TAGGAATAATTCAGGG,515
TTTAAGACTCTAAGTA,515
ACACCAGGGTTTACGT,514
AGCAAGATGCCATACC,514
CATTTTACTGATTTTA,514
CTATGTTTACATTCAA,514
GATAACGCGACACATA,514
GCCTTAGGCAAATTGA,514
GGATACGACATTACGA,514
TAGTACTGTACCACTC,514
TCCACAATCGTATGCT,514
TCTAACAAATTACAAT,514
TTGAACATGCGCAAGT,514
AAATAAGGATGTTACT,513
ACTTGCGCTATCATGT,513
ATGGAAAGCTCCACCG,513
ATTATCGATAGAACCA,513
ATTGCGAAACCCGCAT,513
CAGACCCGCGCACTAG,513
CTAGTGCCAAGAACCA,513
CTATAATGAAAAACGT,513
GACATAAGGAGGTTTT,513
GAGGGGGACTTCAAAT,513
GAGTATATCTAGTCTC,513
GCAAGCTTGATTTTAA,513
GGTACTACAGTAGGGG,513
TCCGGGGTTTGATTTA,513
AAATCGTTAGAATTAC,512
AATATTGCAGCTAGAG,512
AGAGATGATCCGCTAC,512
AGATACTTTAGCTCAA,512
AGGCTAAGAACACAGA,512
AGTGTCCTAGAGTTCT,512
CTCACCATACTGATCT,512
CTTGCTGTAGTCGCAA,512
GCGCGTAATGGGTGAA,512
TATAGCATAGGCCCCA,512
TCTTATTGAAGGAAAA,512
TGAACGTAACTGTTGG,512
TGCGCGAAGCATACTA,512
TTAAACGAGATCTGAT,512
ACACTGTAAGACGATT,511
AGCAATCACATGTAAA,511
AGTAAGTAAAAACAGA,511
AGTAGGCGGACAATCA,511
GAACGTTAAGTTAAAG,511
GCACAAGAAAGAAAAA,511
GCAGCAACGGGCAAGA,511
GGTTTATAAACTATAG,511
TACGGAATTAAAAACA,511
TCAACAATTCGAAGAG,511
TTATCACACCTTGAAA,511
AAATTAAGTCAACCTA,510
AACACTGAATCCGTAT,510
AACATGGTGCCTACTA,510
ACCTAGCTTCACGAGT,510
ACTACATGAAAAAGAA,510
ACTTCACAGCAGGGAT,510
CAACAGTAACACCCCA,510
CCACTACTGACAGTCT,510
CCCATTACGATTACCA,510
CGATATTGACCTTAGA,510
CTTATTAGTGAGAAAT,510
GGATACTGAACAGCGT,510
TAGAGATACGCAAGAC,510
TCCTAAATATTCCAGT,510
TGCTATAGATAAATGC,510
TGTGATAAGGTGTCTA,510
TTAAGACAATACTCAG,510
TTACATAGTTAGATCG,510
TTGACCAAGTGCAAAA,510
AAAACTTCTCGAGGGT,509
AAGCTAAGAGAAACTA,509
ACGACCTCTACCAAAA,509
AGGGTATATTATTAAT,509
AGGTCACTAGTCTCAA,509
ATACAGAACCTTATTT,509
CACGCGTACATGCAAT,509
CTACATCATAGAACCA,509
GCAATGGACAATCCTG,509
GTAATTGTGGACTTTT,509
GTCCAGAAGTTGCCAT,509
TAACCCACATGAAGCG,509
TAACTAGAAACTGAAA,509
TCACTGAAATATTGGT,509
TCCCCAAAAGGATGAG,509
TCGGCTCTCGAAATGA,509
TGTGACTCACAGAATA,509
ACCCCGGTGACACAGA,508
AGTGACACAAAGAGAT,508
CGAAAAGGGACGCAAT,508
CGTAGATATAAGATAA,508
CTAATATATCAGCCAG,508
CTCCACCTGACCATAA,508
CTTCTCGAAACATCTA,508
GATTTTGGTTAATGCG,508
GGTTACATCTGTGTAA,508
CAGAGGGCAACAGCAT,507
CCATACCAACGTTTGT,507
TCATTGACGGAAATAT,507
TGACGGTATGAATTGT,507
TTAAACAAGGGGAGAG,507
AATAGACACAGAAAAT,506
AATTAAAGACCCGTAT,506
AATTTATTATGTATGA,506
AGATGGAAAAAGGAGT,506
ATCGGCGACTCATCGG,506
CAGAAGCAGAAATACA,506
CCAAGTATAGCTAAGG,506
CTAAAAAAGATGTAAA,506
CTCAGTTTGCAAGACC,506
TGGACCGAAAAAAAAT,506
ACTTAGTATATACAAG,505
AGTTAGTAATAGTGAA,505
ATACACACCCACCCAA,505
CATATAACACCAATGA,505
CTGCTACAATTGGAGT,505
CTGTTGGGCCATTAGG,505
GGCTCGCTCACAGAAA,505
GGGTCTTAAAATAACC,505
TCCATGAAGGGATTTT,505
AAAAACGTAGAAATAG,504
AAACAGGTCTATGAGG,504
AAGATGTAGAATAATG,504
ATAGACAGGAAGTCTT,504
CAGGCTTACGCGTCCT,504
CCGTCAAATATAACGG,504
GATATGGTCGATGGTC,504
GATGCATATAGGCACG,504
GCAGACACGCAAGGAA,504
TTGAACAATCATTAAT,504
AACGAAGGAATCTCTG,503
ACCTCAGGAGGTCACC,503
AGGCCGTTTCGGGCGG,503
ATCACGGATTCGGGCT,503
CATCGATAAAAGTGTA,503
CCATAGAAGGTCAAAC,503
GCGTTGTGATGATTAC,503
GGTTCATAACCACATA,503
TACACATTGGTTAGAG,503
TTAATAGGAGAAATTA,503
AAAAGAATCGATAGTA,502
ACGCGAAGTAGTTAGA,502
AGTTCAGTGAGCGTGA,502
GAATACGATAAAAAAG,502
GCCGGACAGATAGAGA,502
GGAATGTAAACGGGGC,502
TAGATGAGTTAGTGAT,502
TCCCGGTAGCCATCGA,502
TGGGGGGTGGCATTGG,502
TTACAAAAAGATATGA,502
ATATAAAACCTCCAAT,501
ATTGCAAAAAAACGTA,501
CACCTCTTAGTCCTAA,501
CATGCAAATACTAAAA,501
GAAAGTCATGTAGTAA,501
GAATTTGATACTGTAG,501
TACTAATGAATGATAG,501
TATATGCCTAAAATTG,501
TGTCGGTTGCGCAAAT,501
TTAACCACGAATACTA,501
TTGGTGAGATCAGTTT,501
AATACTAATGACTCAC,500
ACGGACCACGTATAAG,500
ACGGGGGGCCGAGAAA,500
AGACAGGCAGGGTAAG,500
ATAATTTCTGAGTACC,500
CACATTTGGTTCTATA,500
CCGAGGAATGTAAACT,500
CCTTATGGAAGAGAAA,500
GAACAAATTGCAGTGA,500
GACGATTCCGCCCCAA,500
GATTTCTTGACTTAAA,500
GTTCGGAAATAACGCG,500
TAAATTGTCTCCATGC,500
TCAAGCCCTGGCTAAG,500
TGGGGTATTTTCTAAT,500
TTAAATAAAAATTCAT,500
AATAATGCCACCGAAT,499
ACAAAATCGAGAGTAG,499
ACAGCAAATGCGTACC,499
ATAAGGAATCTGATCT,499
ATAGCATAGCCAACTT,499
CAAATGACGAAATGTA,499
CAAGAACCGTTAAAAG,499
CGACTGTTACGACTAT,499
CTAAGGATAGAGCCCG,499
CTAATATCTATGGGTA,499
GATAAAAGATGAAGAT,499
GATGAGCCTTATCACA,499
GGATCGGTAATATAAC,499
GGGTCTCCCGGTAACA,499
GTAAGCTGAAATGTAG,499
GTCGACGGCCTCTAGT,499
GTGAATCGAAATGAAC,499
TCCCCACACTGTGCAA,499
AAATCTTAAATTACTA,498
ATGTAATGCAAAATGG,498
CACAAATCTTAAGGAT,498
CGTAACCCAATAGACA,498
CTATATACACTAAAGA,498
CTATTAATAAGCATTA,498
GATACTGTACACTAAA,498
GATAGGTCTTAGGTAA,498
GCGAACCGTTTCCCAG,498
TAAATCCTTGCGTCTA,498
TAATTTTAGTAAAAAA,498
TACTCAGCTTTTTGAA,498
TCTGTTGCGTTCCGAG,498
TGAATTTGGTACTGAA,498
AAGCCCGTGCCCCCGA,497
ACGTGACAAGAACCTC,497
ATAAGCACAACGTCAA,497
CACGGAAGCTACAACC,497
CATGATTGTTTGAATA,497
CTCTGAGCCCAGCTGA,497
CTGTCTTTCATTCAGT,497
GACAACCCAGGAGGCA,497
GCTACCCCATAATAAG,497
GGACCGTTTTGAAAAA,497
GTGAGTTTACAAGTCA,497
TACTGTCACGGGACAT,497
AAGTCGCTAATAGACC,496
ATGAGTCAGGATACAA,496
GAAATACTGTTATTAA,496
GCCAATTACTTTCATG,496
GTATGCATATAGAAGG,496
TAGTTTGTTGTTAAAA,496
TATAGTGGGACATCAC,496
TGCGACCCCGTTCCAG,496
AAACGAGGACCAAAAA,495
AACTCCTCAAGGTCTT,495
ACACAATCATGCTAAT,495
ACCTCTAGGGGCATGG,495
AGAAAGAACAATGGAG,495
AGAACTCTTACTCAGA,495
AGATCTCACCCTCCCA,495
ATGCAAATAAGACAAT,495
CACTACCTTGTTATAA,495
CCTGGGCTTTCCATTA,495
CGAAGACTAGAGAGAA,495
GGACAGGAAAACACAA,495
GTGGAAAGTATGAAGA,495
TAAGAACCACACGCAT,495
TACTTCGACTACCACC,495
TGCCCACGAGCGGATA,495
CAGGCCAGAGATGAAA,494
CATACATCTACCGTAC,494
CCCGGAGTGATTTTTA,494
CTAAAAAGTAGGCAGT,494
CTACACATACTCTGTT,494
TATAACTAGATAGTTT,494
TGAGCAGATTAATACT,494
TTCAAAATACGGGAAG,494
TTCCGCCGTACCCCTG,494
TTGATATACCTAATAG,494
AACAACTCTAAAAACG,493
AACGGGAAAGTCTTGG,493
ACATATCGCTCATGGT,493
ACCGTCATATCGATAC,493
ATACACTAACGAAAAA,493
CGAACAAAAACTCAAG,493
CGAATTAGGCCGGGGA,493
GAACAAATCCCGATGG,493
TGGCACGCCAGCATGA,493
AAGGAAAACTATTCCA,492
ACACTGTCTCGATATT,492
CATAGGGATGCTTGGG,492
CATGGATTGCGTTACT,492
GTAAAAGGTCCATAAA,492
TAAGAACAGATAAAGT,492
TATACATCCCTTTAAA,492
TTCGTGGGCGACTGAG,492
AGAGACCTTAACAATT,491
AGTTCGAAACGAGGGA,491
CGCGACAGACCGTTTA,491
GGCCACGAACGATATA,491
TGGTAACCTTGTATAG,491
TTACGGTTTTGATAAC,491
TTGCTCTTACGCGCGG,491
AAAAAACAAAAGCTCA,490
AACTAAACTCCCGTAA,490
CAAACCAGGTCATACA,490
CACACGTACCGCCGCA,490
CACTGAATCAAATGAG,490
CCGAAAAAAAACAAAA,490
CTCGAAGGGTAAAGGT,490
GTCCGAAGCTGCCCAC,490
TACCAAAGAAAAAAAA,490
TGATATCAGTTAAGTT,490
TTGGTTGAATTCTGAG,490
TTTAAGGTACTCTAAT,490
AACCACGATCATAAGG,489
ACAATCTCTCGCCATA,489
AGCCTATGTTTACCAA,489
ATATAGTGAAATGGGT,489
ATATCAATCTATATGA,489
GAGTAAGAACTCCTAA,489
GTCAAAGAGGAGTCGT,489
TAGTGGCGGCAGAACA,489
TATAAGCACGACGCAT,489
TCTCTGCTAAGAGAAC,489
AAGATCTTAAACCATA,488
ACCATTGTGTTCAATT,488
AGCTAATAAGCGTAAA,488
ATCGACGTAACCAAAA,488
CAAGGCTACTGGACTA,488
CGCCGGTGGGGCTTGG,488
CTAACTGACCGATAGA,488
GATATTTCCTAATCTA,488
GGCCTCCACGGAAGAA,488
TATTAAATACGATAGG,488
TTTAAATCGCGTATCT,488
CCACTGACTAACCAAA,487
CGGTAAAGCGGTTCTC,487
GATACCGCTGTGTCAC,487
GTATTAACTTATTAGA,487
TATAAAAAATTATCTC,487
TTGGAATTTTTAATGA,487
ACAATATTGAGGACGC,486
ACCTGAAATACAGATA,486
ACGCCGACATGTTAGG,486
ATCAACGGGTGACGGT,486
CAATGACTGTCGATAA,486
CAGAATGAATAATGAC,486
CCGAAGATTTAGGCGG,486
CGGCCAATGACTAGAG,486
GCACAATCATACGTCA,486
GCACGTGTAACTACCG,486
TGTGCAAGCTGCCTAA,486
AACGGTTATTAGATTA,485
AAGGTAGACGGAGCAT,485
ATATAGTGAACTCTAT,485
ATGCCAAGCAAAGGTT,485
ATTAAAATTTTTTAAT,485
ATTTTGCAGAGTCGGG,485
CCTTATATGTACATTT,485
CGGATGTATTACGGAA,485
CTAGTGCCATGATTAT,485
CTCAAAGCTAGGCCAC,485
GACCTTGTATAGAATG,485
GAGGTAAAACCTCAGA,485
GCAAGAGAGTTAACAA,485
GTCTGACGGATGAAAT,485
TAGTGCGAGTCCTACT,485
TATACAAACTCGTCCA,485
TGGGTGAGTCGACGTA,485
AAACCCAGTTGAAAGA,484
AAATGCACGACACACT,484
AATAACACCGATTCAA,484
AATCCATAATTCTGGA,484
ACTTGGGGGAATTAAG,484
ATCGTAGATTAACGGT,484
CGACTAACCTATTGAG,484
CGACTAATGAATCGGT,484
GCAAACAACCATAGAT,484
GGACTTGATATCTATT,484
GGCCGATTACGTACCA,484
TGAACTTACACAGATG,484
TGTCCCTGAGATTGAG,484
TTGTACAATAATGCCA,484
AAAGCGAATCGTAGTG,483
AAGAGAAGCTGACGAC,483
ATACACACTAACACTA,483
ATTGTTATTACAGAGA,483
CATATATTACCTAACA,483
CGAGATTCCTCCATGT,483
GAAAGACACTACATAA,483
GCAAAACCTCCCCAAA,483
GTAATATGCGGGCTTC,483
TATCGCAACTCCTCGG,483
AATATAGCTACTGTCA,482
ACAAATTAATACTGAG,482
AGACGGACAATGAAGC,482
AGTATAACCGAAGTTA,482
ATACGCGTGCCTACTT,482
CCGTAAAGTGCCACAG,482
CTAACGAGTCTATAAG,482
GGGTCGACGTCCGTAT,482
TCCCTTTTAAGGTGTT,482
TTAATAGTGACATACA,482
AAACAACGATCATGGA,481
AACTGAGCTGTCCAAA,481
ACCATTTCGGTGAAGA,481
CACTTATAATAAATAA,481
GAAAGAGGAAAAGGAC,481
GAAATGAAAGGTTGAT,481
GTATAGGGATAATAAC,481
TGAGCTCGTAATATAT,481
TTTAAGTGTTACTGCT,481
TTTCTTTAAAGCCAAA,481
AACTGACCGTTATTAA,480
ACATGGCCATTTGAAG,480
AGATACCAGCGAGTGG,480
ATAGAGAGTATCTTGA,480
CAAGAAACGTTAGCCA,480
CACTGTCCGGCCATCG,480
CCATTCACACGCCGTG,480
CCTGTTCTAATCTAAA,480
GATACAGACTCGACTA,480
GGCTGGTAAGGCGAGA,480
GTATTCAGGATTCAAA,480
TCGATGGGGAATATAA,480
TGTTTCGAACGCTCAG,480
TTCAAATTATTAGTAA,480
TTTGGCACGACTAGTA,480
ACTCTGAAACCGGGCT,479
AGCCGATCTTGAAGCG,479
AGGTAAAATGCATGAG,479
ATCCGCTTAGGACGAC,479
CAGTTGTTACTGTTAT,479
CCCAGAAAGCCTAACA,479
CTGAATTCATGGTAAA,479
CTTAACAACCTTAGAT,479
GAAAGGAAATAAAGAT,479
GATACTGGAAGGAAAT,479
TAAGTGGTGCAATCAC,479
AAAATTTCTAGTCCGG,478
AACTATAAAGAAATAC,478
AGCAGGATAATAAATA,478
ATATAAAGAAGTAAGG,478
CATTTTTTATGTATGG,478
GAACTTTGCCCTCTAT,478
TAAGTAATGTTCTGCC,478
TCATACATCAATATCA,478
TCATGTGACACGACAT,478
TGAACACTAAAAGTAA,478
TGGCTCGAGTCTGGTG,478
AGACGTCCAGTGACGG,477
ATTAACATACCACTAA,477
CAAGAATAAAAGTACA,477
CATGTTGCTACTAACC,477
CGTGAGAATACCGTAT,477
TAACCACATATCGACT,477
TCCACCGGATGCCTAC,477
TTAGGATCCGTGTGTA,477
TTTTGCAGGCTGTATG,477
AATAGGATCCGAACTG,476
ATTCGACCAACACGAA,476
CAAAATAATTTCGGCA,476
CCAGTAGGATTCCTAA,476
CCGAGTTATCATTAAT,476
CCGATAATTTCTTGCT,476
CGAAGCAAAAGGGAAG,476
CGACTGGTCAATCAAC,476
GATCGAAAATTACCGT,476
GCGAAACAGCAATGAA,476
GGAAAAGCAGAGTGAA,476
GGGGATATTGTATAGT,476
GTATCGAACTTATATA,476
TACGCCCGTAGAACGT,476
TCAGATACGAGGCCAA,476
AAGTATGTCTTTTTAT,475
AATAAGCTGTGGACGT,475
CAAGGCTGACTTTGGA,475
CCAATAAGATAAGAAG,475
CTCAATATCGTGCTAA,475
CTTAAAACTTAAGACA,475
GAAGTTTTAAGGACTT,475
GATCCTTAAAAAGGAC,475
TGAATTTATAATGATT,475
ACCTCCACATATGCTA,474
AGCTATGGTGTCCAGA,474
ATTAAACACTTAACGG,474
CACAACATATGTCAAT,474
CACACTATCAAATAAA,474
CGCGCTGATGGGGAAT,474
GAAAATTAGAAAAAGT,474
GTAAATTTGATATAGT,474
TATACTGATCGTCCTA,474
TGGTTTCGAATTCCTA,474
AATAGAACAACCACTA,473
ACCGACAACACGGATT,473
CAAAGGAAGGACATTA,473
CACACCCAATAAACAT,473
CGACAAGTGTAGGGGA,473
GATTTATGACGCATAT,473
GCCCAACAAAGGCCTA,473
GGCTTAGTTAAATGTG,473
GGGATGTGGGCTAGAA,473
AAATCGTCTGTGTAAT,472
ACATGATAACAAAATT,472
ACGTGGAAACAGAGTA,472
AGGGTGCACGTTCGAA,472
AGTATAAAGCTGACGT,472
ATGTTTTATTAATCCA,472
CAGGACACGTAATGGG,472
CATATGAAGAAAGGGG,472
GACCACAGCTGATGAA,472
GCAGAGAAACGATCGC,472
TTATAGAGAGTATGTG,472
ACGTCGTACTTAATTA,471
ATGGTTTAGTTGGCAA,471
CATAATACGAAGGTGG,471
GACAATGCATGAAAAG,471
GTATACACCATGATTT,471
GTATTTAGAATTCCCC,471
GTCGCTCGTGTACATA,471
GTCGTCAGAGTTTCAA,471
TGAAAGTGCAGAAATC,471
TGAAATTTGTAATCAA,471
AACTATTCTTTACAAA,470
AATAGCTACTAGTCAT,470
AGGCTTTGAATAATAA,470
AGTAATGGTTATGTTG,470
CCAGCAGGCGAAGAGA,470
GAGAGAAGGAAGAGAT,470
GTAGACAACCAGGGAG,470
TCTCCACCCGTTCCGA,470
TCTTAGAAACTTGCTG,470
TGAGCTGCAGAAGGTT,470
AAATCATTGGTTGACC,469
AAGTTCAGTGCAAAAT,469
ACCATGCATGGAGCTA,469
ACCTTAAATTGATTTA,469
ACTTATGTTTCGAATG,469
ATAACCGTCTACACGA,469
CACGCATTCTTTATTT,469
CATAGAATAAATGAAT,469
GAATTTGGCGTTGGGA,469
GCACCTGACGCAAGAA,469
TACTCGAATGATTGAA,469
TTTTAGGCAAGCATAA,469
AACGATTTGAATAACG,468
ACAACTGCACGAGAAT,468
AGTCATCTAAAAACTG,468
AGTGGAGGCAAACAAT,468
ATTCAAAGAAGGGTTG,468
CAAATTTGTGGGGAAT,468
CCGTATCGGTCAAGCA,468
CTAATAACGTGAAACC,468
GAACGTATAAAAGGAA,468
GGTTGCGTCAGGCTTT,468
TAAATTTACACAATAA,468
TTTAACTGTAATTAGA,468
AAAAATAATATAACAT,467
AATTGGGCGGGTGAAG,467
AGAGGAGGAAAGTAAT,467
CACACACCCAGATGAA,467
CCAACCGGCCTTCTAA,467
CCAATAGACCCAATCT,467
CCACTCACGGTTAAAA,467
CGACACTAAACCCAAA,467
GAAAAAAGTACAGTTA,467
GACAGTGATCGGTGCC,467
TCGCTCCGCGACCGAT,467
TTCAGGCACAGGGTTA,467
ACAACAATTTGCAAAT,466
ATTAAGTAAGACGAAT,466
ATTTGCATAAATCAAT,466
CCGCATGAACAATCTT,466
GCAATTAGGCCACAAT,466
GGGTCAACGTCTACAG,466
TAAAATGCATCGAAAT,466
TCCACATCAGATAAGA,466
AAATGCCGCCTAAAAA,465
AACGTCGGTAAAAGTG,465
ACCGTTTTTTCAAAAC,465
AGGTTCAATAAGTCTA,465
CCAGCTCTGGGAAATG,465
CGAAGGAATTGACATG,465
CGGGGTGGCACATATA,465
CTTCAGGAATATAAAT,465
GGTACAGGCTGGACCA,465
TAATGCCCTGAGATTT,465
TACCCGTATGTCCCGA,465
TCGACTGACTTTCACA,465
TCTAGGCGATATAGTC,465
TGAGTTCATTTAGTTG,465
TTTTTTGTTTTTTAAA,465
AAGCCGGGTTGCGAGA,464
ACCTGGCTAGGAATTA,464
CTCATATAGTGCAACA,464
CTGGAGGCGGATGCCC,464
GGGAGCAAAGCTTGTA,464
GGGCACTCGTAATTTT,464
GTCCGAGATAAGACTT,464
TAAATGAACCTTGACC,464
TACAGAAGCAACCCCA,464
AATAAAATTATGGCCA,463
ACAAATCACATCTGAA,463
AGGCGCACAGTCAGAG,463
ATTAACTCACGGCAGT,463
CATTCGAGCAACGACA,463
GACGTAATGAAACAGA,463
GGGAGGTTAGAATGTA,463
GTTACAGTAGATATAG,463
TAGTATACTCGAATGG,463
TCTCCTAATGCCATCA,463
TGTATGCATTCACGGT,463
AAGTACACAGAATAAT,462
ACCCACCAGTAACTCA,462
AGAACTGTTTGCCAAA,462
ATCTATAACGAATCGA,462
CCAGATTTTTTACAAA,462
GCTCTGCCACAGCAGG,462
GGATTTGGCACGTAGA,462
GTAATTGGGCACAAAT,462
GTTGCTAAGACGCGAA,462
TGCTTCGCCCAATCTT,462
ACTAGCACTGAAAAAA,461
CCGAAGCCTAGTGCAC,461
CGGAAGCTGTCATTGA,461
CGTCGCCGAGTTGGTT,461
GAAGCCATCGAGTGAG,461
GAAGCCTTTATTTTGA,461
GAAGGGACAAATGAAA,461
GATATGTGGGATTTAA,461
GATTGGCCCTCGGAAA,461
GGAGCTCCTGACAGTA,461
GTTATAATGACTGATA,461
TACTGATAGCGATCAC,461
TGAAGACTGTGTCGAC,461
TGGTTAAGCTCGAAGA,461
TGTCAGATCAACTAAG,461
TTTTAATAACAGGAGT,461
AAATATTCAGAGCGAT,460
AATAAAAATTATGGAC,460
AGACATAGCCACCAGA,460
CATTGACGTGTCTATA,460
GACGATTTGCACAGAA,460
GAGCGAGGGTAAAAAG,460
TAGGGTATATTTCAAA,460
TTTAATCTCGCTTTAT,460
AGAGATACTATAGTTA,459
AGGCGTGATGGAAGAT,459
AGGGACAATAAAGAAG,459
CCAGTAATTCGGACAA,459
CGTGAGACTCTGCAAA,459
GAGACATAGTACAATG,459
GGAACTAGATAGAAGA,459
GGCTTTGAGAGCAAAA,459
GGTATAATGACAGTAT,459
GTCAAGGGTAATCTAA,459
GTTTATCTTGATTAAA,459
TAAGATGGATCAGAGC,459
AAGCATCAACCTTAAA,458
AGACGACTTAAATGTC,458
ATGGATAACGAAGAGA,458
ATTCGGGGGAACTACC,458
CCAGGGGGGATATACA,458
CGGGTCCACAAGACAT,458
CTCGCGTTGAAATGAC,458
GTCCGTCACAGAATAG,458
TGATTCTAGCCTGCAT,458
TGCACATGAACCCGCC,458
TGCACCATTACTCAAG,458
TTGGTGCAAATACAAC,458
AAATCGAGTTAATGGA,457
AATAGCGAAAGAAACA,457
AATTAATAACCACCCA,457
ACAACACACAAAATGA,457
ACCCCCCGAAATCTGA,457
CACATTTATCAATGTA,457
CGCACATAGATAACCG,457
CGGGGATTAATTTTTA,457
CTCCTAATGCCTCTAA,457
CTCTTCTTAGCGCAAA,457
CTTGTAATGAAGATGT,457
GCTAGGATACAACTAT,457
GTATCGTCATTATAAA,457
TACCAGTTAGGAGAAA,457
TGAAAGAAACTATGGA,457
ACAACTGTAATCCTAA,456
ACATGGCCCTGGTGTG,456
AGCTGGCATTAAACAT,456
CACATCGAGACAATAC,456
CACCAAATGTACACTT,456
CACGAACGACCGTTGT,456
GCTAATGCATGTAGAA,456
TGTAACTTCTGAATAA,456
AAGTCACAGCAGATAG,455
ACAGACATGTACAGGA,455
CACTGTGGTTAACATT,455
CATCTCGTGAGGAAGA,455
CATGCTCTAATGCTAA,455
CCGCCGTAACATCATT,455
CTATTGGGGTCGTTGA,455
CTGGAACCCAAAAGCA,455
GAAAGAAATAATGCAA,455
GAACATAAAAACCTAG,455
GAGGTAAACTACCAAA,455
GCCCAACTTATACGCG,455
GCTACACTTCACCTAA,455
TCCGGTCACATGTAGA,455
TGCAGCGGCTAGGTAA,455
AACAACGGGCTAAAAA,454
AAGTTGGTATTTTATT,454
ACCCCAGATAGATCCT,454
ACTCAAAATAGCTAAT,454
AGATTAGAGACCTCTA,454
CAAATCTCCCAAGACT,454
CGTTTAGAGATCCGTT,454
CTTGGCGATAGACCAA,454
GCATTGAGAACTTATG,454
GCCGGGGTGTGATGCT,454
GTGACAACATAAGGGG,454
GTTTCTACAAACAAAA,454
TAAATATTAGAGCCAG,454
TTACAAAATTATTAAT,454
TTCTGGCTAAATTCAG,454
TTGTAACCGGATTTAA,454
AAAGCAAAAAAAACAG,453
AATAAATTCTTAAAAT,453
AGATCGACTGGATTTA,453
CACATGCAACGCAATA,453
CGATCGGACATTATGT,453
CGCGCCTATGTGCAGA,453
CTAACTTGTTCACCAT,453
GAAAATGGCCCATAAA,453
GAAGAAATTATCCAAC,453
GCGGATCCACTTCCTA,453
TGTAGGCAAGTGTGAG,453
AACATCATCGGAAACG,452
AACGCACAGCAATAAA,452
AAGATTTGTCAGCCTG,452
AATACAAGTCCTCCGT,452
ATCATTTTGCTAATCG,452
CGAAAACCCTAACCGA,452
CTACTTTAAGCGTTTT,452
GAACAGTGATTCGCTA,452
GATTACTACGATGTAC,452
GGGCAACAGTGACTGA,452
GTCTCTACCCGAGCAT,452
TCAGTCGAAAATATAA,452
TGAAAAGTCATATTAG,452
AACGACACATACGTGG,451
AACTAAGACCTACAAT,451
ATGGTAGCGCCCGCAA,451
CACATCAAAAACCCTA,451
CGGACTTAAAGTAATA,451
CTTAGAGAGCTCTTAC,451
GAAGGGCCCCTCGAAA,451
GGGGACGTACGACGTT,451
GTCCAACACCGGTTAA,451
TCACCCTACAGACACT,451
AATAATCAAAATCCTA,450
ACCAACCTTCACCTAG,450
AGCCCTGTCGTAGTCT,450
AGGAACCATAGCCCTA,450
CACTGAAATTAAATAT,450
CAGACACATAACCTGT,450
CGCAAGCAAGGGTAAT,450
CTACTAACGGCATATT,450
CTGCTTAACAATAACA,450
GACGTGTCCTCCAAAA,450
GTAAATAAGAGCTATA,450
GTGAAAGTTAGGCATA,450
TAAGCAGCGTACAAGA,450
ACCTTGGTCGTCACTA,449
ACTGGCAAGTAATAAA,449
CACACGAGGGACCGAA,449
CACCATCTGAACAAGT,449
CACTGACTAACCAAAA,449
CCTATTGCGCATACAT,449
CGTCTAAAACACAACA,449
GATACCGTCTACTAAC,449
CCCCAGGTTGAGGGGG,448
CCCCTTAGCAGTATTT,448
GAAATCTTGTGTAAGC,448
GAACGGACAAGGGATA,448
GAGTCTGACGGTGATG,448
GGAGCACCGGGATATG,448
GTCTGGGAATTATGTG,448
TCAAGTTACCCAACAT,448
TTGCCAACGGATGTAG,448
TTTTACGATTAAATCG,448
AGGGCGGACCGGAGGA,447
AGTGAATAGCCAATGA,447
CACCCAATGTCCGTTA,447
CTTGACACTGAGCTGT,447
CTTTAAAATCATGGGA,447
GCCGGCAAGGCGTATT,447
TAATCTAACTTGCGGA,447
AACTAACACGGACGTT,446
AAGAAGACATAGGAAT,446
AGGCTTATATTAGACT,446
ATAATGCAATACCGGA,446
ATGTAACGGCGCCTAG,446
CCGGCGAGTACAAGAG,446
CTACTCTATGAGCTTC,446
GAACTTGAATCGAATA,446
GGTGGAGTCAAGGCTG,446
GTCAGGTTCAAGCCTA,446
GTCTTAACTCACGATA,446
GTTTAGAGTGATTGGA,446
TATAAACTAATTAAAC,446
TCTCCGAGCTTAGGAA,446
TGTAGATGAAGTAAGA,446
TTGAAAAAACGGTTAT,446
TTGGTTGGGGGAAGGA,446
ACACGCTCTACCCGAG,445
ACTCCCTAAACTACTT,445
ATACATGCTTAAGTTA,445
CAATAGCGCGACTGTA,445
CACATAGTAGGGCTTA,445
CATAGGGGGTGCTGGG,445
CATCAACTCATAATAT,445
CATGCCCATGGCTAGG,445
CCCTAAAAGAATGAAA,445
GAGTGATCCTCACTTA,445
GCCATTATTAAACAGA,445
GGATGTAAATACCAAC,445
GGCCAGCTAGTAATGA,445
GTGTACATTTGGCCCA,445
TACCCTAGGCTAGTAA,445
TACTGAACGACCGATC,445
TAGGAAACTGAGTAAA,445
TCTTCGATTAATAGGC,445
TTTTAACATTTAGAAA,445
AAGTTAACAGGGTAAA,444
ACCCTTATACTATTCA,444
AGTGTTTAGTTGCATC,444
ATTAAAATCCGTGCTT,444
CACAACATAAAAGCGT,444
CATCAAGGAAAATCAC,444
CCCACCTTTAAATAAG,444
CGACGGATATAACTAA,444
GATAGGCCGGGAAAGA,444
GCCTAAATTAAAAGTT,444
GGACCGGCAAGCATGA,444
GGTGTTCTGCAAGAAA,444
TTTTTGGGCCGCACAC,444
AATGAACCCAAGACTA,443
ACACGTATCTGAAGAA,443
AGATACATCTCGATGA,443
CACTATGGAACATTAT,443
CCCCGTGTGGGTATTA,443
CGTTTTTATAACCAAC,443
GAAATATCGAAAAGAA,443
GAACAGAAGCTCCAAA,443
GGTTCAAACGATAAAA,443
TGTACGATGCTGCACT,443
TTGAACTTTGTCTTAG,443
TTGGACGCTAGTGACA,443
AAAACTCGGAATATTA,442
AATCTATCCTAAGGAA,442
CAATTAAGTGACACTA,442
CCCGACCTATAGGATA,442
GAAGGTCAAGATTTGA,442
TAACCCTACTAAAGAA,442
TACAAAACAAAAGATA,442
TGATCCTGGTCAACGT,442
TGCTCGGGGCAGTGAA,442
AACCTAATGATAGAAC,441
AATGTACTAAAGCTGG,441
CAAGATCCTCTAAATA,441
CATATAAAAACACTCA,441
CCCAACCCTCACATGC,441
CGTGAAAACAATAACC,441
GATCTTGAACGAATTG,441
GCAAAAAGACCCATAA,441
GTAACGGTAGATGATG,441
TATTCAAAATGTGAGA,441
AGAGCACACGACAATA,440
ATAGATTGGGGTCAAT,440
ATTCATTATAAGAGAG,440
CAATCAGATATATGAG,440
CAGTAAATTCAAGGTA,440
CGCATGTAGGCGTTTA,440
CTAATGGCGGGATGTA,440
CTATGCCGCCCACCGG,440
GACGCTTTAATTAAGA,440
GACTACAACCTTTACA,440
GCGCCTTGCACTAGAC,440
GTCCGTGAACGTGAGG,440
TATAATTAGAGCTCTT,440
AAATTTTAGTGGAGAG,439
AGCCATGCACTTAATC,439
ATCGGAACACGTTCTT,439
CACAACATCAACGCAT,439
CCGAAAAACACAATTT,439
GACCGCCCCATAATGA,439
GCGACAGCCACGCCAT,439
GCGGACCCGTAAACTA,439
GTTTCAGAATGGAAAA,439
TGATAAGGCTAATAAG,439
TTTAAAAGGGGGTTTC,439
ACTATCGTCACATAGT,438
ATAAGGCCAACTGGAG,438
ATATGTGTCGCAACGG,438
ATTAGACATGCCTTCA,438
ATTGATTCAACTACAA,438
CATTCGGTACGCAGTA,438
CTTCCAATACTCGGGG,438
GAGCACTGGCCATTAG,438
GATCTGACATATGCAA,438
GGCCTGGGCATTTACA,438
GGTAAAAATTACTCTG,438
TACGTCGCGGAATCAG,438
TCAACGAACGAGAAAA,438
TTCGTAATATCCGGAG,438
AAAAAATTCTTAAATA,437
AACAAGGTATTACAAA,437
AACAGTATACAAGGTT,437
AATATGTTGTCAGGGA,437
ACACCGTTCGGGACAC,437
ACAGACACTGGGGTAA,437
ACCTAATGCAGTTAAG,437
CAAGGGAAGCCAGCCA,437
CACGAGCGCCTGTAAA,437
CAGTAAAGTCGACCCA,437
GAAGGAAAAGATTCGG,437
TCTCAACCACGAGGCA,437
AAAACACTGCTACCAG,436
AACCTTAGACGTTTAA,436
AAGTAAGCCGCTGACC,436
AGACATCTATCAAGGA,436
ATGTTGCCTACAAAAG,436
CAATTTGACAGTCACA,436
CACGCAAGAGATGAGG,436
CATAGGGAGAATAGGA,436
CGGCCTAACTTCGCGC,436
CTCTAACACGGCAAAC,436
CTGGCGGAGGGATACT,436
GGCTGAAGGACGGTAC,436
GTTATGTGTTGATCAC,436
TAGAACATAAAATTCA,436
TTGCCACAAAGGAACC,436
ACATTATATATGGGCT,435
CACTAAGTCATTACAG,435
CGGCTTCCTGAGTACT,435
CTCATAACCACTGAAG,435
GAGAATGAGAGATGTT,435
TGGGCATGATACCGTA,435
AAGCCTAGATTTGTAC,434
AGTCATATGGGGGTAG,434
ATAGATATCGGGAATA,434
ATATTATGGAAAGTAG,434
ATCTATCCCTACGGAA,434
ATGCTGACTAAGCTGG,434
CAGGCGGGTCTCGCCA,434
CGCTCTGTTTCAGGGT,434
GAAAAACTGGATATAG,434
GCCTCCGTCTAAAATA,434
AAAGACTAAAGCAAAG,433
AAGCTATGCAAAACAG,433
ACATGCAGGACGCCAA,433
AGCATAAACTAAAGTC,433
CATTCGCGAACAACAA,433
CCTGGTGTCGGACAAA,433
CTGGATTCTTAAGCAA,433
GATGTATGCCAAGTAA,433
GGATCGATTGAGATCA,433
GTAGATATGAATTGCT,433
TCACCAACGCGTAGAA,433
AATACCGCCAAGCATA,432
AATCTAGACTGACTAT,432
ACATAGTCGCTATTTT,432
GAAATTTTTGTTTTAT,432
GAATACAGTTATCAGC,432
GATTGTGTTTACGACC,432
GCGGGCCGGATAGTAA,432
GGAACTGCCAGATTAG,432
GTACATAGTGAGACAG,432
GTCCTTACCACGCAGT,432
TAAAGAAGTCTGCTTA,432
TAAATCATGCCAAGAA,432
TATCATTAGTATATTA,432
TATCATTCACTTCATT,432
AAAAGAAGTTTCGAAT,431
AAAGGGCAGTAGACAT,431
AAGAGCAATAAGAAGG,431
AAGTACTCGATTTAAT,431
AATCCGTTGCTTCTAT,431
AATTGCCTGACCTTCA,431
ATTAAGATGCTAGTAA,431
GTACCGGGGAACGGAG,431
GTTGAAATTTATTCTA,431
TAAGAACTAACGGAAG,431
TACGACAATCGGTCTG,431
TCGGGGCGGTGTACGA,431
AATGCATGCATATACA,430
ACATGTGTGGGAAGAA,430
ACGTTTAGAAGAACCC,430
ACTGTAAATATAGCAG,430
AGACCAAAGTAAACTT,430
CACAATTGTGTCCAAA,430
CCCCCTACGATACAGG,430
CGGGACAGAGATTACA,430
CTAACATGCTAGTGAC,430
CTGGCCCTTTGCGGGA,430
GAAGCAAGATTGGTTA,430
GGAATGGGACAGCTAG,430
TAAAATTTATTCTGAG,430
TCAAGAAGCAAGGAAT,430
TGTATGTTAATCAGGA,430
AAATAGATCTGGATAA,429
AAGTCATTGGTTAAAT,429
AGTTACTGTACATAAT,429
ATCCTTACAAACTTTC,429
CGACGATATCCGGCAG,429
CGCCACATGGGCGTGA,429
CGGTATAAAATAAGTT,429
GCACTAAATCCAGAAC,429
GGAAAGACAACGTTAC,429
GGTACACCCCCTGAGT,429
TGATATGACTAAAATA,429
TGCAATGTTAACGAGA,429
TGGCTTGTATGAACAC,429
TTATTTTACAAACTGT,429
AACAAACTTTGGGCTA,428
ACCCTCGGAGACTTCA,428
ACTTAATGGAAGCCAT,428
ATCAATTATCTTTCAC,428
ATTTAATGTTAAACCT,428
CAATGTGGTTCACACC,428
CTTCCAATCTCGATCA,428
GAATTCAACAACAATA,428
GGTATCAACTGTCGCA,428
AACGTCCCTTCGCGGA,427
ACGTGAGCCGCCTATA,427
ATGTGGCACGCCAACA,427
ATTCTATATAAGGGGA,427
CTCAAGGCAGATCGTT,427
CTCGAGCTATCTCAGA,427
GAATGACCAGGCAGGG,427
GCTTTATCCATAGAGT,427
GGCTCCTGGCCTCACA,427
TAGTCAAACAAAACAA,427
TCAACGAACAGACTTA,427
TGGTAAAAGTTTGAAT,427
TGGTACTACTGTGACC,427
TTTAAACTAACAAGAA,427
AACACAAGTTTAAAAC,426
AAGCTCGGATAAGAAC,426
AAGTAGGTTAAAGAAG,426
ACAGAGCTCACTCACG,426
ACCAAACTTGTCGCAA,426
AGGTTCAATGGTGTTA,426
AGTACAAAGCTCTATT,426
CATGAAACTATGGTAA,426
CGCCAAATGGCTGCGA,426
CGTCAAGGAATGGCTA,426
GGATCATAATAGGTGG,426
GGGCAATATTTCGGAG,426
GTATAATTAAATCGGA,426
TGGAGGGCGCCACAAA,426
AACACGCCAGCTGACA,425
AACCTGTAAATCTCCA,425
AACTCGACAAAGTAAA,425
AGGAGGGTATAGGGTA,425
CAAAGGGGTATAATAG,425
CGTGGATATGATTCAA,425
GACCTCTACCTGCGAA,425
GCCGGAGGAAACACAT,425
GCTATTAACACGACAT,425
TAGCCTATATAACATA,425
TCTAAAATCGATTAAG,425
TGCGCCCCGGATTAAA,425
TTTCACTCTGGTCGGT,425
AAATAAGTCGTCGAAG,424
AACTCAGCTCGGCATA,424
ATGTAGGGGGTCATAA,424
CATAGACCTGTGCAAT,424
CTTGCTTGAGTTTATA,424
GCCGACGCGCGTTAAA,424
GCTGCAACTAATTTGA,424
GTAAATAAGGATTTAG,424
GTATTAAAAGAAATGG,424
TATTCAGAATAGTGAA,424
TCCGCGACGGGCGAGG,424
AACGTGGACTCTTAAA,423
AATAACTTGACGATGT,423
ATCAATAACGTGATGA,423
GATACAGGAAAAAATG,423
GCAGGTTACGTACCAA,423
GGAAATGAAATGTCAA,423
GGTGGCGCATTTGAAA,423
GTGTAATCGCGTAAAA,423
TGCGTTACACCTCTGA,423
TGTTTTAAGCCACTAC,423
TTCTCGGACTTTTATG,423
TTTACTAAACCAAAAA,423
AAGGTGCAACAATTGT,422
AGCACGCGGATGCCAA,422
AGGTAGAAACTCCCAT,422
CAACATAACCAAAGGT,422
CAACATCAACCATAAT,422
CACTTACTCTATGCAT,422
CATGAAAGCAACTGTA,422
CGGTAGGAAGCAATCG,422
CTAAAAACACTGTAGA,422
CTAATGTTACGTTGCA,422
GTTTCGTGTTACCAGA,422
TAAAAAGTATTTCCCG,422
TAAGGAGTCAATCTTA,422
TACAGCGTAGGAAGGG,422
TAGTTATAGAAACTGA,422
TGCATATGTAAGTGTG,422
TGTAATATACCAAATA,422
TGTCATAGTAAATTTT,422
AAGCAGTGCGGATACA,421
AATTACGTTATGTACT,421
AGAGAAAGGACCTTAT,421
ATGAAGACTGTAGAAG,421
CGCTATTTTTAAGAGC,421
GAAGATAATTTTGCTT,421
GGAGCAATTATGTACT,421
GTGTGTGGGAACCAAT,421
TAAGCCAAAGGAGACA,421
TAGGAGAAAACAAAAG,421
TCAAGATTATTCGAAG,421
TCAGCTTCTCATCGTA,421
TTGACACCGAACATAG,421
AAGTCTAAACAATGAA,420
AATAAAGAGCCCTAAA,420
AATTGAGAACGTTTGG,420
ACAAAGGGTCTTCAAA,420
AGAAGGCCCGATGGCT,420
ATAACCTGGAACTCCA,420
CCCTCCACTACAGATA,420
CGATCCAAACCATAGC,420
CTATTGCCTACCTGTT,420
CTCACTGCGTCCTAGG,420
CTGAACATATCTCCGA,420
GAAAAGTATCGAAGCA,420
GAAGAGACTCTTGGAC,420
GCGATACACCGTCTAA,420
GTTACCCTTCTATTAA,420
TACGATACATTATGGG,420
TATACACAGCGCGAAA,420
AAATCGCACAAACAAC,419
ACACCATTGCCTACTT,419
ACCAAAGAGAAATGGT,419
AGCAGAGTAGACCCAG,419
AGTATATATAAAGGCA,419
ATCCAACAACCCCCGG,419
ATTATATTTATAGAAA,419
CAGGATAAATTAGAGA,419
CATAATACCATATGTA,419
CGTCAATTAATAACGC,419
CTGCTTGATAAAATAA,419
GAAACATCGGGATAAC,419
GAGAGTATAAAGCTTA,419
GATCCTGCACTGAGAA,419
TAAATACGAGGGACAG,419
TAATCAACTATAAAAC,419
TACCCTGTAAATTTAT,419
AATCGTATTAAATGCC,418
AATCTAAAGGCATGCA,418
ACACAACATCGGGGAC,418
ACACGCAAACAGTTAA,418
ACACTTTAACTTGTAT,418
ACCGCATTTTCAAAAA,418
ATGAAAAATTTATCGA,418
CAACTCCTAAGGAGAT,418
CACAAGAAATATAAAC,418
CCCACAATAAAGCGTA,418
CTACTACATAACGCAA,418
CTCGAATGAGGATTAA,418
GAGCGCCTATTGCTAA,418
GAGCTTACGTATGCTA,418
GCTACTAGGAGCGGTA,418
GGGCACGGTATTGAAA,418
TAAGCTACTGACCAAA,418
TAATGGGTACCGTAGT,418
ACAACACTGGCTATGG,417
ACAGCTTAACGGCCTG,417
AGAAAAATATACCTAA,417
AGTAAAAAAACACTCA,417
ATACAGAAAACAGATA,417
CAAAAATGTGCCTCAA,417
CATTTTATATGAATTA,417
CCACCACATAGGTGGG,417
CCCGGGCCGGCTCTTA,417
CGGGATCAAACTGACC,417
GCACACCAAATCGCTT,417
TAACGGATATTCGCAA,417
TAAGCGGTAAGAATAT,417
ACACAGACGGATTTTG,416
ATCCCGTTTTATAAAA,416
CAATTGATGATCCTTA,416
CAGACCTATTCAAGTA,416
CGAGCAAAGGCTAATA,416
CTGCACGTCTATGCAC,416
CTTGACAATTACAAGG,416
GAACTGCCTAAGGTGG,416
TCAAGAAGTACAGAAA,416
ATATGCCTAGCAACTA,415
CAGACCATCTAAACTA,415
CCAGCGTGAATTTTAA,415
CCGCAATGCAGTCTAA,415
CGCAGATAATGGGCCC,415
CTCTTGCGCGTTCCAA,415
GAAAATAAATCCCAAA,415
GACTAGAGGCGCAGAG,415
TAGCAAACCATCATAA,415
TGACGGCAGAGACCGA,415
TGGCCCCCCGAAATTG,415
TTGAATATATTCAGAG,415
TTGGCGAAAAACTGAA,415
AGATGACCGGGAAAAT,414
ATTAAACATTCCTCAT,414
ATTTACGCTTGGTTAC,414
CCATACATCTTGTGGA,414
CTCAACAGTAACGAAG,414
GACTTGCAAGCCTGCA,414
TAATCTTACAACTGTA,414
TATGAGAAACCATCTT,414
TGACACGATGGCTATC,414
TGGTGCTATTAGATAT,414
AAAACACTTTGCGAGA,413
AAAACGGTAACGACTA,413
AAGTCGAGCTACGGAT,413
ATGTATGTACGAAAAG,413
CAAAACAGATTCTACA,413
CGATATAATCTATGAC,413
CGGTCTCCAATAATAG,413
CTACCGAGCATAAGGA,413
GCAGGAGCGCCACAAA,413
TACTCGGCTCAGCACT,413
ACCCCTCCTGGGTGCA,412
ATTGGCACACACTGTA,412
CCTAACTAAAGGTAGA,412
CGGCTCAATCCCCAAG,412
GCATGATGGAGATAAC,412
GGGGCCATGAGCCAGG,412
GTTCGGAGTCATTCTT,412
TAAGGGCTGAGTCGAC,412
TGTCAGCCTACTTATA,412
AAACTAAAATGCTAAA,411
AAATTAGGCACACAGA,411
ATCCTTATTCGAACAT,411
CAAACCGCAAAGCAAA,411
CACCTGTAACCCGCTA,411
CCAACAAGCAGAAGAA,411
GCATGGCAAAAGGAAT,411
GGGAAGGAGAGTTTTA,411
TACATAAACGAGCGAA,411
TCACTTATAAAGGGAC,411
AACACTGGACGACAAA,410
AAGGTTGGGGACACAC,410
ACCACCTACAGACGGG,410
AGAGGGTTCCGAAGGG,410
CAAAAGAATTTTATAT,410
CAACCCATTTGCATAA,410
CACAGTAGGGGAAGTT,410
CCCGAACCCCAGTTAA,410
CGTATAGGCATTTGCA,410
CTGTTCCGCGAGTAAG,410
GAGTGATAAGCTTACA,410
GATGGGCACAAGTGTA,410
GCTGACCTTTTATACA,410
GGCGGGGTATCCAGTT,410
TAGGACATAGCGGATT,410
TCTCATTACGGCTATT,410
AGAAGGCAAGACTCCA,409
AGAATAGGGAAGGTTT,409
AGACACTAGACGTGAA,409
AGGACATACAGGGCAG,409
CCCACTACTTGGCACA,409
GCCCCGACTGATCATA,409
GGCTTTTGAAGGTCAA,409
GTACTATAGTGATGAT,409
TAATCCGAAATAGCTA,409
TATAAAAAATACGCCA,409
TGAAGTGAGTGCTCTA,409
AAACATTAAGATAAGT,408
CAATCTAGCCCCATTA,408
CATAGATGAAGACAGT,408
CTACAGAGGCATTAAT,408
TAAATATATACACTGT,408
TAGTAAAATAATTGAC,408
TATTAAAATCGCCTAT,408
TCTATATGGCCCTGAG,408
TTTGACCCAAATACAA,408
AATGCCCTCGTCTATA,407
ACCCAGAGTCGCCTAA,407
AGACATGTTTACAGAA,407
ATTCTAGAATTGGGGG,407
CACTAGCAATTAAAAA,407
CCATTGAACGACAAGA,407
GGCAACCGCATCGAGA,407
GTTCGACGTGATTTAA,407
TCTAGCCATGAGATGA,407
TTCATTATGTTAGTTT,407
TTGTAAAACTATTTAC,407
AATGAAAATGACAACG,406
AATGAGAGTGGGAATA,406
ATCGTTTCACTAAAAT,406
CACGTCGCTTACAGAC,406
CCGACTACCAAAGAAG,406
CGACAGAAGCTCTGGC,406
GAGATGGCAGCGGGAA,406
GGATAAACTATATGTT,406
GTTAAGATTCAAGTGA,406
TACACTAATTGGATTT,406
TATACGAAATCATAAG,406
TTATAGCGAATGTTTA,406
TTTTATTCAAGGTGGT,406
AAGTGTAGATTAGCCA,405
AATCTGGGACGACACA,405
ACAAACATTATTTAAT,405
ACCACAAGGTGTGGTA,405
ACTCAAAAAAACTATA,405
AGCACATTTGGGATAA,405
AGCATGACCAACATAA,405
CAGATCTAAAGCTATC,405
CGAACCGTGCATGCTG,405
CGGCTGCCTTAATTTT,405
CGTACCAATCAGTTAG,405
CTCAAGGGAGTTGAAA,405
GAGACCGTGCAGAGAA,405
GCCCGGTAAAAGCCTA,405
GGAGGTGCGTGACAGA,405
GTCTCTTCCACGTAAT,405
TATATAATAAGTTTTC,405
TCATTGCCCTTGCAAC,405
TGTAGAAAATGAACAA,405
AACTATATCATCAAAA,404
AGAGCAATACAGATTG,404
AGTAAGTTTTCCTCAA,404
ATTATAGTAAAAGGGG,404
CATGATGTCAGATCAC,404
CTTATCAACATCGAAG,404
GGAGCGAACGCAACAC,404
GGGACATCTTGCCATT,404
TAAAACCTTGGTCTAA,404
TTAAGAAAGGGGGCGC,404
ACTGAACTCGAGGGGA,403
AGCGCGCAACTCTATC,403
AGGTTGCATAATGTCT,403
ATCCCAGTTTGAGAGC,403
CAAAAATGAGGCTGGC,403
CCTTATACTGTGTTGA,403
CGGCGATGATACAATC,403
CTAAATTATAGATAGG,403
GACACAATCGATAAAT,403
GAGTGGGCAAGCACAC,403
GTTCGTATCGAAACAC,403
TATCGGATAGTAAATT,403
TGAAGTTGTACAATGT,403
AAATACACATCAAATA,402
AACCTCCTTGATACTA,402
AAGTCCGTATTAATAC,402
ACCTAAGATAATGGTG,402
ACTTTTAACCAAGCGC,402
AGATGTTATTCGATAA,402
AGTAGTGTTTTTTGAT,402
AGTTGGATCTAGTAGG,402
CCGCATGAAATAATGC,402
CCGCTCCGCCAGCTGA,402
CTTCTTCTAGGTACCT,402
GCTAAACTCGACGTGG,402
GCTACAGTATAGACCA,402
GGACCTACTGCCAGTA,402
GTGGTATGAAGGGGGA,402
GTTAGAACGTGAAGCT,402
TCAAAACCTGAAACGT,402
TTGAACTCTTTTTGTA,402
AATCGCAATGAAGAAA,401
ACCGATTGATAATTGA,401
CCGCGTGAAGTGAAAA,401
CGTTTGGGAGTGCCAA,401
CTAACCCTATATCTCT,401
GAAAGAAGAATCGGAA,401
GAAATATACGCTCATT,401
GAACATCTACTACTAA,401
GAAGCAATACCGGTTA,401
GAAGGGAAGCACCTTA,401
GGGAGAAATAAACTTT,401
TAAGTCTAACTCAGGG,401
TACTAACCCTATCTAG,401
TAGCACTCAAATGAAA,401
TGTGGTGGGATTTTAC,401
ATAAAGATTTCGACAG,400
ATCTCGACTTCGAAAA,400
CATTGTTGCCACAAAA,400
CGAAGAAGATATAGTA,400
CTAAGTCTTGTACTAT,400
GAAACCAATCGTTACA,400
GAATGGCGTTAACAGG,400
GCTCTAAAATGTCATT,400
GTCGCAGTGAACATGA,400
GTGACGTCACCCCTAA,400
GTTCGAAAACGCTAGG,400
TATTTGCCGAAGACAT,400
TCGCATGCGGCTGACC,400
TGAAGAAGATACTTGA,400
AGAGATAGGAACCTGA,399
CAACAATAGCAGGGGA,399
CAAGGGGAAAGGCCAT,399
CGGCTCCTACAATATA,399
CTGACAGTAAATACCA,399
GGAACTATTAAAACTG,399
GGAGCGGGGACAACAT,399
GGCACAGGATGTCTTG,399
GTCTAGCACGACCCGA,399
TCCATGGCGTATAAAG,399
TCGACTAATAGCTGGA,399
AAGAAATATTGTGGAA,398
ACAAAGTGGGAGTAGC,398
ACTAACTAGGTAAAAT,398
CCAGGTCATAGCATAT,398
CCTGATTGATACTAAT,398
CGGTCCCACTGTCAAT,398
CTTAGGTTTACTTATA,398
GAACGGGATTGTCTGG,398
GAGCCTAGTTAAATGC,398
GAGTACTCTGGCCTTG,398
AACAAATGCAGAACGG,397
AACTTAGACAAGGTGA,397
AGCCCAACTAAAGAGA,397
ATTGCGAGAATCGAAT,397
CAATTGGACTCAGCAT,397
CACTACCGATAATCAT,397
CATGGATTCACTGTAT,397
CTGGGTGTTGATATGG,397
CTTCCGAATGGGGAAA,397
GACATGGTGGTCCCAG,397
GGCCGATATCCTCTAA,397
GGTTTAGATACATAAA,397
TAGAACCCACCCGAGA,397
TGGAAGTTATATAAGT,397
TTACTACACAGAACAG,397
AACCAAATTCAAATAG,396
AAGAAGTTTAGTGTAA,396
AAGGCCCGTCAAAAAT,396
AATAGGCACATAGTTT,396
ACGGCAACGTAATCAT,396
ACGGCGAACAAACAAA,396
ACGTTATACGTGGGAA,396
AGCTAATTAGACTCCA,396
AGGCCAAACAAATAGA,396
CATAAAATCGAACAGG,396
CCCAGCACCTTCGGAA,396
CCGATTTAAAGAGTAA,396
GACTTCAATCTCTAAA,396
GCATAGGATTCAACTT,396
GGCTACGCAGTGTGTG,396
GGGTGGCAGATATACA,396
TAGTTTTGCCTATAAT,396
TGAAAGATACTGTATA,396
TGATAATAGCCATACT,396
TTATCCCGAGCTCGAA,396
AAAGAAGAATGCATAA,395
AAGCTCAGGTGGGAGT,395
AAGTATCGTTTAATTT,395
AAGTCGCGGAACACGG,395
ACCAGCGCACTAGATA,395
ACCCACGCACTACAGT,395
ACCGGATTGTGTGAGA,395
AGACAGCTTGCTAACA,395
ATATCTACGCATTAAA,395
CAATCCATAGCACTAT,395
CACGCCCAAGTATTTA,395
CGATATAACTTCTCAC,395
CGATATATTTATTACC,395
GAGATTAAACAACATC,395
GCTGAATGCAACAGAT,395
GTGCCTCTTGGGATAT,395
TAAGAGCAAGAGAAAA,395
TAGTGCATACCGTGCA,395
TCTAGTACAGACGACC,395
TCTATTAGCCCCATTA,395
TGTCCTGATACTCTAT,395
TTCCCCGGGATAACTG,395
TTGAGCCTTGCACGAC,395
AAAGGCAAAAGAAATA,394
AGCAGCACATCTAAGT,394
AGCTTAACAAATAGAT,394
CAGATATTTACGATTA,394
CAGGCATACAAGGACT,394
CGGAGTGAGAGAGTTG,394
GGATCCCTACCTGTTT,394
GTAAGAAGAAATCCGA,394
TAAAACAATTGCTAAG,394
TAAAAGCCTCCATTTT,394
TAGGCAAACCCGGTAT,394
TCCGGACCCATTTAGA,394
TGTGGAGGTCTGTTGA,394
AAGGCATGTATGATGA,393
ACAAGGCGTATGATTA,393
ACTCATAGCGTGCCTA,393
AGAAAGTATTGTAGGA,393
AGTAACACGACATCCT,393
ATAACCCCCGGCGGGA,393
CACGGACTAATCCAGG,393
CATTTAGTCAGGTTCG,393
CCACTATGGAATTCAT,393
CCGATTGAACGCCCAT,393
CTACATCTAACTTGAA,393
CTATATGACCGATTAT,393
GAGCATCACGAAACCA,393
GTTGAATAATAAATCA,393
TACTCCGAGAATCATT,393
TAGGGTCACTTGAATA,393
TATGTCGCGACCAAAT,393
TGACTATGGCTCATGG,393
TTTCCCTTCCTCATCA,393
AAACTTCTACCCTAAA,392
AACAACCAACTTCCAA,392
AACACTAAAACGTTGA,392
AACGAATCTCTGACGG,392
AATATAGATGAAATGA,392
ACCACCAAAACTGTGA,392
ACGATTAAACCGATAT,392
ATCGATTGACGGACAG,392
CAATTCGATAACTAAA,392
CACCGCTGCAGCGTAT,392
CATGAAAGTACCTATC,392
CCTATCGCACTTTATC,392
CTCTGTCCTACCGCAG,392
GAAATCCTGCAGTAAA,392
GAACCCTAAACCGAGA,392
GGAAGCCAGGACTAAG,392
TAAAGTTATGTATTTA,392
TCATTTGAAAGACATA,392
TCTCTAGGAACGCAAA,392
TTAAGGGGCTAGACGA,392
TTATCACACTGGCCTT,392
ATGAAGTGAATCGAAA,391
ATTAATTGACGATTGG,391
CAAAAGTAATAACTGA,391
CAGATAACACCATAAA,391
CCAGCACCGGCTTACA,391
CCGATCGATTGTGTGT,391
CCGGAATGCAAATAAA,391
CTCATCACCTTAGGAT,391
GAACCCTGAACAGCGA,391
GAACGTTTGACTACGA,391
GAGACTTACCGGAACA,391
GATACAACGAGTGTTA,391
GGCCGAACAAGGGCTA,391
GGTGTAGCAAGAGCAA,391
TAAAACAATCAAAGGA,391
AAAGTACACCTGTCAC,390
AACGCAACGTCTACAT,390
AGAAAGGACATATTGT,390
AGCGACCGTTGATATA,390
ATGGACGTGGGACTAA,390
CAGCAAATAAGAGAAA,390
CCAAATATTTTTCCAT,390
CCTGAGGACTGCAGAC,390
GCCATTCATCCCGGGA,390
GGAAAAGCTTAAAACA,390
GGCATAAAGAATCGTA,390
GGCATGGAAATCTTAG,390
GGTCAGTCAACTAAAA,390
GTTCATATTGAGGGAT,390
TATACAAGCGTTTTAA,390
TCGACGGGATATTCTT,390
AAAAAAACCAATAGAA,389
AAACGTTACTTGGCGT,389
ACTCGCCAGCCCGTGT,389
AGGGCAATTACAACCA,389
ATTCAAAGGCCTCGCA,389
CAAACCGGTACCTACA,389
CATTACCGATACGTAA,389
CCAAACAGATTAATGT,389
CCAGAGAAGAAACAAA,389
CCTACAGGTTTCAAAC,389
CGCTATTCCCGCCAGC,389
CTCTAACGGTTGGATT,389
GCAAGCATATAAAAGC,389
TAACCTCTATGAGAGC,389
TGACCCATACGTTTAG,389
TTACATGTGTCTCAAT,389
TTTATAAGTAGCTAGA,389
ACTGCGCTAGAAGCAC,388
AGCTTCGAGAATGAAC,388
AGGCACGGCAATTGCT,388
ATTAAAGGTTCGGAGA,388
CAAAAACGCAATATAA,388
GATAGGAAGCCAACCA,388
GCCGCCACAGCCAGAT,388
GCGTCTGACGTGTATT,388
GCTGTCCAGGGCGCTT,388
GGAGAAAATGACAAGG,388
TGGACACTGTCAGTTT,388
TTTAAAAACAATTGAA,388
TTTAGCTAAATCACTA,388
AAATCTGAGGCTGGAC,387
ACAAGCGTAACCTTAA,387
ACATCAGAAATCAAAT,387
ACATTAAACAGTTAAT,387
ACCGCAAAATAGATAA,387
AGACTGATTCTCTGTG,387
AGTAAGGGTGCATACA,387
CATGATCAACAAGTAA,387
CCAAAATTAACTGATA,387
CCACCAGGGCAGATAT,387
CCCTATTCAAAGAAGC,387
CGTGTCACTACCCCAA,387
CGTTTAGTGTTAATAC,387
GAGAATGTGTAACGGG,387
GCTTATGAGACCAAGC,387
GTCCCGGGCCCCTGAT,387
TAACAAAAAAGCCGAA,387
TAAGGCAAACGGCACA,387
TTATACCTCAAAAACG,387
AAGCACTGACAAATGA,386
AGTTGGTTTAACTAAG,386
CTTAGACTCGACTTAA,386
GACAAGAATTTTAAAG,386
GACTTACCCGGAGTTC,386
GAGTTACCAAAAAAAG,386
GCTCAACATAACTAGA,386
GGAAAGACAAACTATT,386
GGGGAATTTCGTTGAA,386
TAATGAAGCTGAGAGA,386
TACATAGGCTCTAAAA,386
TCCCCATTTTCCTTCA,386
TTAAGCGGGGACGCAA,386
AAGAAGCAGTAGGTAC,385
ACAGTGGTTTGTTAGG,385
AGACCAAATGTAGTGC,385
AGCCTCTTATCGGGAA,385
ATCCATGCCAAAGGGA,385
CAGAACTCTCCTTAAT,385
CATTCCACAGTCCCGA,385
CGTGACGAACTGTCCT,385
GCAACTTAAAAAGTTA,385
GTAAAAACCAAGTTAA,385
GTGGACCGGTAAAGAA,385
GTTCATCTATGTCCTA,385
TAACAAATAACTACGA,385
TACGAAAAGGGATAGC,385
TATACATTAAACAAGT,385
TCAACCTTTATTCTCA,385
TCTAGGGATGGTGTAA,385
TTATTCTAGTATGATC,385
TTTGATCTCCCGAACC,385
AATATCTTTTAAATGA,384
CACAGAGCATAGGAAA,384
CACGGTAGGCAGATGG,384
CATCCATGAGGCACAC,384
CGGTCAGCCCACGCAA,384
CGTGAATAACAAGTAA,384
CTTAATAGCGATTGGA,384
GACGGACGTAAAGGAA,384
GATCTATCCTATGTTA,384
TCGGATGGGCCAGAGA,384
TGTTCCAATACTGGAA,384
TTTTTATCACATGAGC,384
AAGACTTGGGGTTCAG,383
ACGATCATGAGCTAGG,383
AGATTTACTTACATGA,383
CACTCAGGAACGGGGA,383
CATAACAAATCGACGT,383
CTACCGTTATTCTCAG,383
GATGACACGATGCCAG,383
GCAGCGCTCCTAGATA,383
GGAATCAACCAGTTAC,383
GGATGAAAATAGGAGT,383
GGTCCGAGAAGAGACA,383
GTGAGTGTAAATGTCA,383
TACACGAGGTTAACAA,383
TGACTTTACGAGAGAC,383
TTAAATCATATTTCGA,383
TTCCCTATGGCCATAC,383
TTCTGGAAAGAGATTA,383
TTGCTTGCCTGCCAAG,383
AATGCCCTTCAGCCAA,382
ACAATATATATGAGAG,382
ACAGGCCGCGGGACAA,382
ACCCGAACCTTCGTGC,382
AGAACCTGGACTGAAA,382
AGCATTAACATATACT,382
ATACAATAAACCGGTA,382
ATTAATGTGACTGAGT,382
CAGCGCTTAGACCCAA,382
CATGATTGCGGAGTTT,382
CCCAATGCACAGGGTT,382
CGACTTAATCGTGACC,382
CTTTGTAACGGGAAAG,382
GAGCACAAAGTTGAGA,382
GGCAATGTCATTCGAT,382
TACAAGTGAAAGGTTT,382
AACGTAAAGGTTCAAT,381
ACAACTTTTTTCGATT,381
AGATATACGAGAATAG,381
AGTCCGTAATCCAGAA,381
CAGTATGAATAAATAT,381
CCCACTGACAACAGAC,381
CGCGTGAATATTGTGT,381
CTTGCAATGGGGTATA,381
GAAATAAAAGGGATGG,381
TACAGTGAGGCTTGAA,381
AAAATTATATTGAAAA,380
AAAGTCACCCATAGAA,380
AATCGGCATTAGAAAC,380
AATTTCGAATCTTAGG,380
ACACCGCCGAGCTTAA,380
ACAGACCAAGTATAAT,380
AGGAATACCGAACCGT,380
ATACTCTCGCCTTCGC,380
CAAAAAATTGCGTTGT,380
CAAGACACTTAAAAGA,380
CATTACTGTAGAAGAA,380
CGTACTGAAGGGCCAA,380
CTGCTCCACCCTTAAA,380
GCTAAGGGATTACAAA,380
GTAAGCTGTTAAGTGA,380
GTAGCTGCCTTATACG,380
GTTCAAGATATGACAA,380
GTTTTAGAGGAATAGG,380
TCGCTAAATACTATTA,380
TGACAATTAAACCAGG,380
TGAGGGCCAAGATCAA,380
TGCGACCGTAACTAGT,380
AAAACTAAGTTCGTCA,379
AAAGAAATTAAGGAAT,379
AAATAATGTAACGAAT,379
AAGCATGTGTTTATTA,379
AATTAAGGACAGGAGA,379
ATATCAGAAGGGCTGA,379
ATCACCACTGGGTTAA,379
ATCTAACAGCGGAAAG,379
CCCCGTCAATGAGGAT,379
CTAGCTTACTGGCGGA,379
GATCGAAACTAATGGT,379
GGTCAAAACACAGTGG,379
GTACCCTACTTCTGAC,379
GTCTGAACCCCACTAA,379
TACAACTGGTCCGGAC,379
TTTTGAGTATAATTGA,379
AACGCTAGTATTTGTA,378
AAGATATTATATAAAC,378
AATATGAAGCTTAAGG,378
ACGTACACTTGAATAT,378
AGAAAGCAACGGTGAA,378
AGCTCTGATTGCAGAT,378
AGCTTTGAGTCTACAT,378
AGTATGAGATGGTAAA,378
ATCGTTACGTTAGAAA,378
ATGGGCGTCGTTCAGA,378
CCAACTTTAATTGAGG,378
CGATGGTGATTAGGTA,378
CTAAATGTAGGCATGG,378
GACACGACGAACGGCA,378
GTACCCCCGACGAAGA,378
TGAATGGTATTGTAAG,378
TGTATTGAGTAAGAAT,378
AAAGTGCGCCCTTAAT,377
ACCACGTTGGTTCCAA,377
ATCTAACAGGGCCTAC,377
ATCTGAGGAGAATGAA,377
CACCGACCACGGTACT,377
CCGAATTAAAAGCGCC,377
CGAATATACAGAGAAT,377
CGGCAAGTTACCATTA,377
GCAAGTTTGGGAAAGA,377
GGAACACTTAAGGAGT,377
GGCTGCTGACATTTAT,377
GTTGGACACGGGATCA,377
TACCGTATCCCAAAAC,377
TATAATTTTACCATAC,377
AAAACTGGTGAACTCC,376
AAAATTTTCCACCCCT,376
AACACAATAGACTCTG,376
AAGACGAAAGAGACAC,376
ACACGACAGTCACCAA,376
ACACGGCTATGTCAAA,376
AGATAAATCAGAGATG,376
AGATTGGTTGTTTATA,376
AGTATTCAGAGCTCCA,376
AGTTTTTCGTGACCTC,376
CAACTACTAACCCTGT,376
CAGAATTATCATTCAA,376
CAGACTAATTTACGTT,376
CGGTACTCAAGCCAGC,376
CTAGCGCTAAGCTTAA,376
GATGGACGCGACAGGG,376
GTCTGAATGAAGCGTA,376
TAAACTGGTCACTAAA,376
TAACAGACCTTCAATA,376
TAAGGATAACAGAAGA,376
TGACATAACCTATTCA,376
TGTGCCTGCAACTTCG,376
TTATCAGGTGAACGGG,376
TTTTCGTCCCAATTCA,376
AACAAATCGACCCCTT,375
CAAGATTCACTGACGA,375
CAGAACAAATTAATTA,375
CATACCCAAACGTTAA,375
CGAATCTATAAATGGG,375
CGACACCTCCACTTAT,375
CGGAACAAAATATCAA,375
CTTTGGAACTAGTGAT,375
GGTTAAAAAAATTGGT,375
TACAATAATAGGTGAA,375
TCAAAATCGTTAATCA,375
TCTCCGATCGAACTCA,375
AAGCATGTGCAAACAA,374
AATTACAAACTCAAGA,374
ACGCAGAAAGAGAACC,374
AGAACCACGAAAGACT,374
CACTCTCCTTTAACAT,374
CCACGGGCCAACACCA,374
CCGCGCCTCTAATCAT,374
GAACCATAGCCATACA,374
GAAGCCGGATCTGGGA,374
GGGGCGTCGAGGTTTA,374
GGGTAGACAACGGTGA,374
TCTCGTAATTTTACTA,374
AAAGCTAAACAATCTA,373
AACGTAGTAATGCGGA,373
AAGAGACAACTAATGA,373
AATTCCCTAATCCATA,373
AGAGCCCTTTGTGCTA,373
AGGACAAAGCTTTCGC,373
AGGTGTTGAGAAAAAC,373
ATCTCTGGGCAAAGAG,373
CTAAACTTACATCACA,373
CTGTCTAGAAATATAT,373
GACCCATAACTCGTAA,373
GCAATGATAACAAACA,373
GTATGAGATTTATAGA,373
GTCTACCAGAATACCA,373
TAAAGGTCACGGGTGG,373
TAATGTCGTATTATCA,373
TGTCGTTTAAAAAATT,373
TTCCATGCATGCATTT,373
AACGTGCTCGCGAAAT,372
AATGAGCACAATGGAA,372
AATGTACCCCTGACGT,372
ACGAATGCAATTTCAA,372
ATAACGCGTAGGGTAC,372
CACGTAATTCGTGGAA,372
CAGAAAGTCACTTGGC,372
CGAAGAAAGACTTCCA,372
CGAGCTAAACGATGAT,372
CGGTAACGATCCTGAA,372
CTCCACCAAGCAAGGA,372
GCTAAGTACATCAAAG,372
TGGGCAAAGCCCTATA,372
TTTATGGGTTGCTTGC,372
TTTGATTGCTCGTTTA,372
AAGTTACAGTAAGGCA,371
ACCTAAGCCACTCTAC,371
ACCTGAATAGATCTGA,371
ACGTGCACTACGAAAG,371
AGCAGGTAGAGCATTT,371
AGTATCTAATTGCAGT,371
ATAATATGTGAAGAGT,371
ATAGGCCAAGTTCAAA,371
ATCCACCACGTCAACA,371
CATTCTCACATGCCTT,371
CCTTCTAAACACTTGG,371
CGACACCAATCTTAAA,371
CGGTCATAGTGAACAA,371
CTTTGATTGATTAAGA,371
GACATAGGGACAATGG,371
GGAAACAATAAACCAC,371
TAACAGAAACTAAAAA,371
TCTACAGATGAAAACG,371
TGCCATTTCATTAAAA,371
TGTACTGAGATGTAAA,371
ACGACACGTGTTTTCC,370
CAACTACCTTACTAGG,370
CAATAGCGGCGCATAA,370
CACCAAGACTTTATCA,370
CACTGTCGTCGGCAAT,370
CCGTCAAATCGATTTA,370
GCAAATTGTAAACGAC,370
TACTGCCCAAACTAAT,370
TGATAAAAGTACCCAG,370
TTCAGTATTAAGTTTA,370
AACTACGGGAACTTCA,369
ACGTAATGAAGTAAAG,369
CAACAATCAAAACTTA,369
CAAGCCTTGGAGGGGT,369
CATACAAAGAATACAA,369
CCCGTCACCTCGATGC,369
CCTCTTTATAAAAGCT,369
CGATGACTGGTATAAA,369
CGATTAAAAGAGTTAG,369
CTCCCTAACTAGGCCA,369
GAAGAATTGGACAGAA,369
GCGATCATGCCCGAAC,369
GGAAATAGAACCGTTT,369
TACACCAGATAAGTAT,369
TACTAATAGAATGGAG,369
TGAGTAGGCTTAGTTA,369
AAAGGGCATCTTTAAT,368
ACGGTATTATAAGGTC,368
ACTCCGGAGCTTCAAG,368
AGCTGCATGACTTATA,368
AGTAATGAGGGAGGAA,368
CTGCTGGAGGCAATTA,368
GGCACCGCCGGAGTTT,368
TACGAGTTATCTTCTA,368
TTAAAAGGTCACTGAC,368
AACCTAAACTAGAGAA,367
AACCTTCCCAGAAAAA,367
AATGATACGAAAGCTT,367
ACCAAGCGAACCGATA,367
ACCCAACTGACCAAAG,367
AGGAAAAAGATATTGT,367
ATCTGAAAGCGTATTC,367
CAACTTATTTGTAGAA,367
CATACAGGCAGCACCT,367
CCGTAATTGACACCAT,367
CGAGGCATAGGTGAAG,367
GAAAGCTATTAGCACG,367
GATAGAATGATTATGT,367
GTTTCATTCGCTGTTT,367
TAATTAGAACTGTGAG,367
AACGCCATAAATGCCC,366
AAGTGACGTGATTTAT,366
ACTACTGGAGACCCGA,366
ACTTTAAAGCCATCTA,366
ATCTTTGAGGCTATGA,366
CAATTGTACAATGGAA,366
CCAACTCCAGCTTCTA,366
CCGTGCAAGCACGGAA,366
CGAGAAGATGGCCCGG,366
CTGACAGGACACATTA,366
CTTACAAAAATGTAAA,366
GAACATAACCCAATAG,366
GAGACTAATATCCCAT,366
TTGTGCACTCCAGAAT,366
ATGGTATAACCACACA,365
ATTGGTCAGCAGTTAT,365
CCCAACGGCGCCATCA,365
CCGCATATCCAAGTAC,365
GACTAACAACTCTTGT,365
GGCTCGCATTAGCGGG,365
GTTGAGATTGGAAGAC,365
TACACAGCTGGATAAT,365
TAGACAACTTTTGAGG,365
TTGAGGAGTTCAGTGA,365
ACAACATAAGAATCAA,364
ACACATGGAGAATTCA,364
ACTAATGCTTGAAAAA,364
AGAATGGGTTCATAGA,364
AGCATCTGAAACAAGA,364
ATAAGCGTTGTTAGAC,364
CAATACCCCGCTTAGG,364
CTAGGTGCTGGAATGA,364
GAAACCCCATGCCTGG,364
GAAGAACACAAACCGA,364
GATAACGATTTGAAAC,364
TAAAAAATCCGAAGGA,364
TCGACAATAAAAGGGA,364
TGTAGCGCCTGCAGGA,364
AATTCGTAACATATGT,363
ACCCCTTTCTCGATAA,363
ACGTGAAAATAGGAAT,363
AGTGTATGATAAACGT,363
ATCATATTATGGTGAA,363
ATTGCGGGTTGCATAA,363
CAACTAACAGCTGATA,363
CATGAATTAATGTCCC,363
GAAATGGGCATAACAT,363
GAACCGATGACGGGAA,363
GACAAGATGGTGACAC,363
GCAGAATCAGACTAGA,363
GCCGATAAGCCCGTGA,363
GCGATAGTTATGTACT,363
GGTGAGTACGAGACCA,363
GTGACTGCCACCAGAG,363
TAACGTACCGATGACA,363
TAATGATAAGAAAAAC,363
TTACGTTTTGTGTGTT,363
AATGTGATTTTATGAA,362
ATTAAGCAAAACCTAC,362
ATTTAGAACATTTGAA,362
CACAAAAGAAGGTAGA,362
CCAATTTTAAAGAAGA,362
CGATTCGCTAGAGACC,362
CGGTGAGGGTCTAACA,362
CTGGGCCACCATCCAG,362
GCAAACCCGTAGAGGT,362
GCCGGGAATTCTACAA,362
GGCTTCCTATCCATGT,362
GGGGTGGGGTCTATAC,362
GGTGAGAGTGAGGTAT,362
TCGAAGAAAGTTAAGG,362
TTACACATTTGTAAAA,362
TTTATAGTGGTCCTGA,362
TTTGAACTAGAATTAG,362
AAAGGTTAATCAAACT,361
AATATGTTTTCCACAT,361
AGAGGCAATGCCAAAT,361
AGGCCACTAATCATGC,361
CCAAGCATGACATACC,361
CCGGAGCAGAAACGAT,361
GAATTCGACACCTACT,361
GACTCTGGGACAAGGT,361
GGTAGGCAAAAATTTA,361
TCGAGTTTATCCCGTA,361
TCGTAAAAGAACAAGT,361
TTCATTAGACAGAACA,361
TTTAGACACACCTATA,361
AAGGTGTTTGTGTAAA,360
ACCAACAACCAGGACC,360
ACGTTAATCATGGGTA,360
ACTTATAAAGATCGTA,360
ACTTTTAAACGAGGTC,360
AGACAAACCTGCATAA,360
AGCAAGTGCAGTGGAA,360
CCATGTGTGGCTTTGG,360
GACAAGGCATACCGGT,360
GCTGGTGTCCTAGGAA,360
GTAAGAAAAGAGAGGG,360
TCCGTTTCAAGCCTAA,360
TCTCGCTCGACTAAAT,360
TGGCGTAACCCGGTTA,360
AAAAGTTATCAAGTGT,359
AACCAAATCTGATCGG,359
ACACTAATAATTTCAT,359
CAAACATTTAGTAAAG,359
CATCCTCGAATAACAT,359
CGCCTACCAATATCAA,359
CTGACGATATTAAAAC,359
GAACAGTAAAATATTA,359
GAACGGTTATTCCCGA,359
GGCACATCTATAAGCT,359
GGTAAATCCCGTGCCA,359
TAATCGTGTCGCTAAC,359
TAGCACTGTGCCGCAA,359
TCGAAGATCAGGAAGA,359
TTCAAATCTGCTTTTA,359
AAAAACGTAGATAGCC,358
AACACCTGGAGGTATA,358
AATGAGTGAATTAATA,358
AATGTCATAACGAAAA,358
ACAATTAAGCTACCGT,358
ACACCGCCTAACAACG,358
ACACGCCTAACCGAAA,358
AGAACATAAGCTTAGA,358
CAACAGATTTAGAATA,358
CTCAAAATCCATGTTA,358
CTGTATTAAAGGTAAC,358
GATTGACACGACCAAG,358
TATCTTCCACCACCAG,358
TCATGAGCGAAATAAG,358
AAAAGGAGGTAGTATC,357
AACCTATTTAAAAGTA,357
AGCATTACAACCAGTT,357
ATGACAGACTAAATCA,357
CTAACGTTCACTAAGC,357
CTCTCCGGAAACCTTT,357
CTGAAAAGTGATATAG,357
GAATATCCGATAGTGT,357
GACGGAATGCTACTAA,357
GCCGAATTAGCCGCAT,357
GTATTGTCTCTGAGTA,357
GTTTTAGAAACCGAAT,357
TCTAGAACTAGCCAAT,357
TCTCACTATGAAAGAC,357
TGAAATAAACTACCCT,357
TGAAGATAATGACAAC,357
TGAGTACACTTATCAA,357
AAATAAGTGCAAGCTA,356
ACGAATAATGGAGTGA,356
ACTGCCGGTTCATGGT,356
AGCAGTAAGTTGCACA,356
AGCCACGCGTAGTTAA,356
ATCTCTAGTGATCCTA,356
CAATCTCTTTAGTAAG,356
CACTAGTCTCACCTGA,356
CAGTATAGGAGCGGGA,356
CCCACCAAACTACAAG,356
CTTGCTTCTCCCCTTA,356
GAAGATACAAAGGGAT,356
GACGTGAGACAAATTA,356
GACTCTTTCACAATGT,356
GATAACATAGTGAAGG,356
GATTCTCCCTACGCAG,356
GCCAATGAACAACTAA,356
GGAACGAATTCCCTAA,356
GGTACAATATTATACA,356
TCAGACCTCATCCGAA,356
TTGGTGGACCAGGAAT,356
AAGTCACCAGAAAGAA,355
AGAACTGCCCGGCACA,355
ATAACAGGACAAGGTA,355
ATGTAATATAGCTATA,355
ATTTGCAACAACAGGA,355
CAGTAATTTACCTTAA,355
CCAAATCTAGTACCAC,355
CCTGGACTGACATGGC,355
GGCCTTGAAAAGCTAA,355
TGAGTTAATCCTATTT,355
TTGCCTGTACGCCCGC,355
AACAACCTGTCTCTGA,354
ACATCGGGGCCATAAT,354
AGGGTAGTCAAGGAAA,354
CACTTTTCAGACTGAC,354
CGCGCACGATGACTGG,354
GCCTCACCCAAGTCTC,354
GGAGAGGCGATGCTGC,354
GTGGAGTCGTAAACCA,354
GTTTAAGTGGACAAGC,354
TTTCGCTATCCTGAGG,354
AAAACCAGTGTTACAT,353
CATATTGAGAAATGTA,353
CTACCTAAGCTCATAA,353
GAACGAATCAACACAA,353
GAAGAGTAGAGCGCAT,353
GCTTCAAGAGTTCGAT,353
GGCTGAAGTAGGACTA,353
GTTGGGATAGGGTTGA,353
TAGAGGAGTCTACAAG,353
TATTACGAAAATATTG,353
TCTCTGTACATTGAAT,353
TGACCGTCCGCTAATA,353
TGCAGGAATTCATATA,353
AATCAAAGACTTTGGA,352
ACATGGGCAGTAAATA,352
ACCGAAGTACGACCGA,352
AGCCCCGGTCAGCATG,352
AGTATACGGAAAATGA,352
CAAGGCTACCTGGCAG,352
CCAGGCCAAACAATAT,352
CGCGCCCTCACTAAAA,352
GACAATAGATAGACAC,352
GAGGAAGGAAACGAAA,352
TCACAAAGTCGATAAA,352
TTACTCGCACTCCTAG,352
ACTTATGGAATATCAT,351
AGAAATGTTGTAATAA,351
ATACATTGTTGACTTT,351
CTGCAGGGCACATAGG,351
GACAGTATTAAATAAA,351
GAGCTGGGCGTTAAGA,351
GAGGAGAAAAAGCTGG,351
GAGTTGCCTCACCGTG,351
GATTTTACATAGGTTA,351
GGCGAAATAGCCCTGA,351
TGCCCAAGTAACGAGC,351
TGGTGGGACTTACATA,351
TGTGGACGCGACGGAA,351
TTGCTGGGGAACTGTT,351
AATAGATAAAACTGAA,350
AATGCGCGAGTTCAAC,350
ACAATCACTAATCAGT,350
AGACTAAGACGCAGTG,350
AGCATCACTCAGTCAA,350
AGCGCAAATACACAAA,350
AGTAAACTTGATGGAT,350
ATGAGGTACTGATAGC,350
CAAACTAGTACAACTG,350
CAATGCCCTCGTGCAA,350
CCATAAAGAGTATAAT,350
TCAGAAATAGATACGT,350
TCATTGTGGGTGGGGT,350
TCCACATCCAGTAGGA,350
TCCTTTCGATCTGTCC,350
TGGCGTACTTATCCAT,350
TGGGGGCCAACATGAA,350
AAATTATAGATGAATA,349
AACCAATGTAGATTAA,349
AACCCTGATAGGCGAT,349
AATACTAATTTGGCCA,349
AGCTACGTAGAACTGG,349
ATAATGATCTAGCAAG,349
ATATAAGTAGACAAAA,349
ATTCCGCTAATCTTAA,349
ATTTGGACCGGTGGCA,349
CAAAAATCATATAAAA,349
CAATCCCTCAAGTCGA,349
CGCCAGAGGAGTCCGT,349
GAAAATGACCCCGACT,349
GGAAACATATACCATA,349
TAAGGACTGATGTCGA,349
TGCGGTAATAGGTTAA,349
TTACGACCTAATCAAA,349
ACGTAAATCTTCTAGC,348
ATCTGGGCCGAGACTC,348
ATGCTAGATTAAGAGG,348
ATTACAAATCAGCCCG,348
CATCCGCATTTAAATA,348
CTGCATGCTAGGGGCT,348
GTACAGTCTACGATCT,348
GTGTAAGCAATTGGAG,348
TCACTACGTGTGATTG,348
TGAAATCGCTACCTTA,348
TGGAGCATTTAAAACT,348
TTTTCGTAACGTCTAC,348
AACGGAATGCAGGGAG,347
AATTTGGCGTTTCATG,347
ACACACACACACCCCA,347
ACCCGAAAGAACATTA,347
AGGACCGTGAGTAGGT,347
CACACATTCCCGGGAA,347
CACGGTTCAGGTAAGG,347
CCGCAACCGTTGATTA,347
CCTGCAAATAGATGAA,347
CGACGGGAATACAGTA,347
CGATATACGTCCAATA,347
GAGTTCTCGGTATTAA,347
GATGATTATGGTAGGA,347
GCAGTAGTGCCCAGGA,347
GTGTATTTAGACTACA,347
TACTTGTCATGTGAAC,347
TGAGTCGCATCCGCAT,347
TTACGGGACCGGATTA,347
TTAGGAAAGAATAGAT,347
TTAGTTTCTTGTACAC,347
TTTGGAGCAAGTACAC,347
AAAAAGAAGCCAATGG,346
AACCGACAGATAGAAG,346
CCAACCATCGGAAACA,346
CCCGAGCATTTCTATA,346
CCCGGCTTTCCTATAA,346
CGACGCCTCATTAGAA,346
CTCTAACCTTGCTAGA,346
GAGCGTATAAAATTAA,346
GAGCTGCATTCTTTAA,346
GATACTCGCTCATTTA,346
GGAGTAAACATAACCA,346
GTACAATAATCAGGAA,346
TACTTCTCAAACTAAA,346
TGCACCCGGCACCTTT,346
AAAGCAAGTTTCTCAA,345
AATAATTGGCAGCTGG,345
ACAACAGCCGGGAAGG,345
ACCGAGCTACACCTAT,345
AGACTATGAGTAGTAA,345
AGGGGGTAACAAGTAT,345
AGTACATAGAGATCAT,345
AGTATTGCGGCATTAA,345
ATTTTGGGCGTTCACT,345
CAAAAAATGCCGGAGA,345
CCTATTAAAATGATAA,345
CCTCGAATGTAGTGGA,345
CCTCTTTCGAGAACAA,345
CGAGGACTGAAGGTAT,345
GACCTGTTCTGCGGTA,345
GAGTGGCTGAAATAAA,345
GCAAGGAGCCACGGGG,345
GCGCGGCACAGTATTA,345
GGAAACAGAATATTAT,345
TGCACTAGGAGATAAA,345
AACAATTACACGAGAT,344
ACCTAATGGGAATTGA,344
AGGTATGATCTATAGA,344
ATCGTACTGTGATCGA,344
CGAAAAGTATAGTAAT,344
GAAACCCCACGCCAGA,344
GACGGGCAGCATGATA,344
GCAGAGAAATCTTAAA,344
GGACTCATCCATCGGT,344
GGAGCATACCGACGGG,344
GGATACGACTTCTATA,344
GGCACGAAGGCCTTAA,344
TAATCGTGCTGTTAAA,344
TACTATCAACAATAAC,344
TATATTGCCTACACGA,344
TATCACATAATACCAT,344
TCACGCGAATGGACGA,344
TGGTCCCAGTAAGACT,344
TTCCCGTAGACGCACA,344
TTGCTCACACAGGGGT,344
AAGGGGTCGGCATCCA,343
ACACCGCACCAAACCA,343
ACGTATTTTTACACGA,343
ATAATTAAACAACGAG,343
ATTGGTATCCATGGTA,343
CCCTCAGGATTGAGAT,343
CCGTAATCGCGAAGCT,343
CCGTGCTCGTTAGCAA,343
GAATGAGACTATGAAT,343
GTCGAATGCAAGCTAA,343
TACGTTAAGTTAAGTA,343
TCGACTGAGAGGAAAT,343
TGCCTGCACCCACCGA,343
TGGGATCCCTATGGGT,343
TTAGAGCAAGCGTCAG,343
TTTTAACTAATAGGGG,343
ACGAGATTATTTGTAA,342
ACTGTTGGACGCAGGA,342
AGGCGAGAGAGTTTTG,342
AGGGGTGGTATGTAAA,342
ATTGCACGACCGCCGA,342
CGCAATGTTCGAAATT,342
CTTATCAATTTATAGT,342
GAACCACTCATGTTGC,342
GGGCCAAGCTGGTGGG,342
GTGAGGTTGTCAATAC,342
TAGGAATAACAGTAAC,342
TGCTCGTCCTGGCAGA,342
AACCAACAGTAAAAAA,341
AACTGTATGTATAGCA,341
ACACTTAATAAAGTCT,341
ACATATTTGACGTAAG,341
ACTAGAATAGTCTAAC,341
AGAACGGAAAGGTACT,341
AGTCAGCCTCAAGCGT,341
ATAATGTGTCGATATA,341
CATATTACAAGTTTGA,341
CATCGTGGTAGCCTGC,341
CGAGCATAGGTCAGCA,341
CGCTCCAATGGCCTGG,341
GAGAGCAATTTGTAAA,341
GCCTCAAATAACCAAA,341
GGGCGGTATAACCTGA,341
GGTCCCGTTGCGTGGA,341
TAAGGTTGTGCATAGG,341
TACATACAAGGCTAAA,341
TGAACCGTGACGGATT,341
TGATGTATTAACAGGT,341
TGTTGAATATAGAATC,341
TTAACGGGACATATAG,341
AAACGCAGGCTCTAGA,340
AGCTTACGACCATAAG,340
ATATTATGCTACTTTA,340
CAATACACAAGCAAGT,340
CCGTTTAGTAGGACTT,340
CCTAGTCCAAGATCCG,340
CGCCGCTCATAATACA,340
CGTTTGGCAGAAAAGG,340
GAAAGAGCACAATCGC,340
GATCTTGGGACGTGGC,340
GCCCGATGAAGCTTAA,340
GCGTATTATCGAGAAG,340
GGACGTAATAAGAGCA,340
GTGACGTAGCAAACAA,340
GTGGGTTCTCAACGAA,340
GTTAATATGACAATAA,340
TACTGTTCTTCGGTTT,340
TCCTAAACAGCAGGGC,340
TCGGAGATTCGACCAG,340
TGATCAGTAGTATAAT,340
TTACACATGAGGGACC,340
TTAGATACTCGCCCGA,340
ACTTAGTGCAATTAGG,339
AGAAGACCAGAACCCT,339
AGCAGATGTGCACCGA,339
ATTAAGTACTATTAGC,339
ATTAGGGATCCCATGA,339
CAAAAACTCTAAGGAC,339
CAAAGCATTTCCATAA,339
CAGAATAAATGTGTAA,339
CGCTTGGTTAACAAAT,339
CTGGAAATACCGGGAA,339
CTTCCTTATCCCCCAG,339
GATAAAAACACCCCAG,339
GGTACTAAAGAAAGAC,339
GGTCCACATATTTTAA,339
TAGCAATATCTCCAAA,339
TATAACCTCGCGCTGG,339
TATATGAGACTGTATC,339
TCGGCTCCAAACACCC,339
TCTCAGTGTGCATAAC,339
TGATTGATGTCTGCAA,339
TTAAAAGTAGGATATA,339
AAGCGGCTTTCGACAT,338
ACATCCGCCGCTCAAT,338
ACCTCGTAGGATTGAG,338
AGCACCCCTTAGAATA,338
ATCTCTAACAATAGTA,338
CAGTCCACAAAAGGTA,338
CGCACACTCTACGATC,338
CTAGTTATAATTTACC,338
GACCTCACAAAGATAG,338
GATAGGGCCTACCACA,338
GCCTGGAATATGTTAA,338
GCTCCGTCACGAATAG,338
GCTGAACCTTCCCCGA,338
GTTATATGCATCAATA,338
TAAAAATACCGCGCCT,338
TAGTGGTACACATCGA,338
TATTGTCCTCTAGCAA,338
TCACAATCAGGGCTAT,338
TGTGAGAAAAATCTAA,338
AAATTTGACACCGCAA,337
ACCGTACTCCCGATAA,337
ACTAATTAAGAGGATA,337
AGAAGACCTCCTCCAT,337
AGCGAACCATTCAAAT,337
ATATGGCATCCATCTA,337
ATGACTACGCAGTACA,337
CCAAAGGCACCAGGCT,337
CCTTCCGAGGGGACGG,337
CGCCCGAATGGGCATT,337
GAGAATCAGACAACAC,337
GCGACTGTTCTGATTG,337
GGTATCGCACTCATAG,337
GGTCATCTTAACCAGA,337
GTGTCCTAACTACATT,337
TACTGACTTATTTTAA,337
TCACAGCTTAGTTAGG,337
TGAAGCCTAGCAAAGT,337
TTCGGTCACCGGTGGT,337
AATACGAAGCACGTAA,336
ATACTTATATCTGTTA,336
CAACTAGGTACCCTTA,336
CAATATATTTGCAAAG,336
CACAGAATACTTCAAA,336
CCAGGTCCCACGCGTA,336
CGTTTCGCTGCATTAG,336
GAGCATTGGAAGTAAT,336
GATGAGCATTCAAGAC,336
GCATAGGAGGTTAAAA,336
GCGGGGCCGGATTAGA,336
GCGTAAGCAGCCTTCC,336
GTAACCCCGGGATATA,336
TACAATTACTGACTGT,336
AAATAAGGCAAGACAC,335
AATCAACTTTGGTCAA,335
AGTTCTGTCAAAATCA,335
ATAGCATAAGTATCAG,335
ATGAACACGAACGTCA,335
CAATAGTCCATTGAAA,335
CCGGCAGTTGGAAAGT,335
GACGAATACTGAATGA,335
GAGAAGCGCCGGCGGT,335
GATGCCCGGCGATCAT,335
GTTCCAATTTGATTGA,335
TAGGGACCCGATAGTA,335
TCAAGATATTTCAAAA,335
TCATAACCAAAGGCAA,335
TCTTAGCCGGGGGGGC,335
TGAGACCACAGCGAGA,335
ACTGCATACCACTCGC,334
AGGTAAAATAAAAATG,334
ATCGAACAGCATTACA,334
ATTCCCGGTATGCCTA,334
CATAATAATTTGTCCG,334
GAACTCTTCGTTGCAG,334
GATAGCTCTTGAGCGA,334
GCGGTCAAGATAAACA,334
GGATATGCGGTACTCG,334
TAAAGATCATGGGTAA,334
TCGGTTTTACCCGTAT,334
TGCACAAATCTAGGGA,334
TGTGGAAGACTATGTT,334
ACAACACAAGAACCTA,333
ACGTATGTCTAACTGT,333
AGTCAACATATCCCCA,333
CCAAAATAGACTCTGA,333
CCGTTCTCTGTTCGAA,333
CGTTGAAAGAAGTTCT,333
CTCACTACTCGAGCAT,333
GATACACAAAGCCCGA,333
GATGTGTCTGAATAGA,333
GCCCGTGGTCTGATAA,333
GGCGATCATACATACC,333
GTACTATAAAAATACG,333
GTCGACAAAGGACTGA,333
GTGCTCTTGGTGGCAA,333
GTTTAAGCTCAGATAT,333
TAGTAAAGTAAAAACA,333
TATATGGCCACACTAT,333
TATCACGATCACACAC,333
TATGTTAGAAAGGAAA,333
TGTTCTCTAAATTGTG,333
TTAGTCTAAGACGCGT,333
AAATTAACATGGGCTT,332
AAGTGAAACCAGGATA,332
AATAACAATAGTTAAT,332
AATGAATTGATATTAT,332
AATTCGAGGAGACCTC,332
ACAATCAAGAAATCCT,332
ACAGACTATGGGTTTT,332
ACCCTTCACTATTGCA,332
AGAAAGTTCGCTGCTC,332
AGTGCTGTAGGCAAAG,332
ATACGTAATCCCCAAA,332
ATGGCGAAATTGGTGG,332
CAATAAAAGATCTAAT,332
CCAAGCTGGGAGTAGG,332
CCAAGTAAGACGTTAA,332
CCCCGAAGACGTCATT,332
CGGGTTAGAGACTGAA,332
CTACACTTACATTCAA,332
CTTTACATCGAGGACA,332
GTCCGTAGGGGGATCA,332
GTGCCGTGGGAGAGGA,332
TAATTGTCTTGTCTTG,332
TGAATATAGAGCACAT,332
TGTCGGCGACGTCAGA,332
ACAGACACGAACACGT,331
AGTTAACACGGTTGAA,331
ATGAATTGCAGATAAC,331
CAACTCATTGTGATGA,331
GCTGAACGAGCGCGAT,331
GGCCTTGAAAGGCGGA,331
TGACAGTATATTTCGA,331
TGCGCTGTCTTGGGTA,331
AAACAAATTGCCCAAT,330
CAGAGATATCGATAAT,330
CATGCCCCCCATTTTA,330
CATTGTCTGCATTGTT,330
CATTTGCAATGAAGAG,330
CCAGCCTGACCTCGAA,330
CGTAGAGGCCCCCCAA,330
CTACATAACAGCTGAG,330
GAAGGGTATCTTGAGA,330
GAGCCACTATTAACAT,330
GTAAAAGTCCCAGCCA,330
GTATCCGGTATTAGAT,330
GTGCACCTCATTTACA,330
GTTTTTTCAGACTTCG,330
TACCGACCTATGAAAA,330
TAGTACAGCTGTTTCT,330
TCAGCTATAACCCCAG,330
TGGATTAAATATTAGT,330
AAACTAGTCGAGACAT,329
AAGTTATTATCGATAA,329
ACAAAAGCCGTTTTAG,329
ACTTTTCTCAACTACT,329
AGAAGAAACACTTATT,329
AGCAAAGTTGTTGAAT,329
AGCAACGAGCTCAAAC,329
AGCGCTATTGACAGGA,329
AGGTCGCACTCTATGA,329
AGTGAAATCATTCAGG,329
ATACAAACCTATCTAT,329
ATGTGTCGAGACCCAA,329
ATTACTATGATTACAA,329
CAACCTCTATAGGAAA,329
CAAGCTCATTGCCCAA,329
CAGACTAGACGCCTGA,329
CAGATGACCATCTAAT,329
CCCGTACGCAAGTAGG,329
CGTCCACCACTTGAAT,329
CTGTAAAGATTCTGTG,329
GGGAGTAGAGTATATG,329
GGGCTGACGGGTCTAA,329
GGGGGAAGAGGTAAAA,329
TAAATGGAACCCCAGT,329
TACTGGGGTAATCAGA,329
TATCCAGGCGCCTCTT,329
TGATAGTCTGTAGCAT,329
AACGGGTCAGGGCACA,328
AACTGTGGCGGAAAAG,328
AATGGTTCTAAGGGAT,328
ACCTCCAAAGCATAGA,328
ATAAAAACAATAGATA,328
ATATCAATATCTTTTA,328
CAATCTGGCGGTTACC,328
CACAGGCATTAAGGTT,328
CAGCAGGGAGATCGAA,328
CAGCTAGGATAATTCT,328
CTACTACGGTCCTGGG,328
CTCGAGGACGGATTTA,328
CTCGATGAACGTAAAA,328
GATCAAAGTGGCTTCA,328
GGACACAAACATCCAA,328
GTGCTTCGAAGATGGA,328
TAACAAACTTACTTCT,328
TATAATAGACATAATA,328
TCTCGATATTTAAAAT,328
TTGAACTTAAACATTA,328
AAACAATGTAGAACAG,327
AAACATTATACGCCCA,327
AAACCGAGCACTGTGA,327
ACTAAAGAATAAACTA,327
AGCAAAGTGTTGGTCA,327
CAAACAGGGGTGTAAA,327
CAGAATTGCCGATGGG,327
CCGTATTGAACACGCC,327
CGCCAAAATCGGACGA,327
GAAATTTAGTGGTCAA,327
GAGGTCCTAGAATGTA,327
GTTACCTGACTGGATA,327
TAAGGTGTGGCAATAT,327
TACAGTCTCGTATATA,327
TATTTATAAAACCATA,327
TCATACGTCACAAGCA,327
TCTGCTCGCATGCCAA,327
TGCTCATGGGCGTGGT,327
TTAAAAGAGCTAAGCA,327
TTGTCTCAAATGAGAT,327
TTGTTGTCTTTCAGAT,327
ACATTACGGAAAGCAA,326
AGATCTACAGTCGAGC,326
ATGTGTGCCGCGGGTA,326
ATTGGATCGTTGGACT,326
CCCAATACATAAGGAT,326
CGAGGCATGAATCGGA,326
CTAAACATCGGTACAA,326
CTGAAGAAGTTGTACC,326
GCACTATTAAGATGTT,326
GCATAACGAAATATTA,326
GCGACACTATTTACAA,326
GGATCCCATAAGAGAG,326
GGGATTCTAATTAATA,326
GGGGTTACACTAAATA,326
TACAGAGATATTTCGA,326
TATTTAAGACGGCATA,326
TGTGCATTGCCTCTAT,326
TTAAATGTATAGTAAA,326
AATACCTTATGGTACT,325
ACTCACCAACAACTTG,325
ATAATGAAGCACACGT,325
CATTTAATCCGCTATC,325
CCCGATGGTGCGTTAA,325
CTAAGATCCCACAAAA,325
GCATTATCAATATGAG,325
GCGCAAAAGAAAGCAA,325
GCTCTCGAGCTCAAAG,325
GGCTTAAGGTAGCTCA,325
GTAACTTAGGATCAGC,325
TAGCCATTCCAGTCTA,325
TATCTAGGGCGAGAGG,325
AACTACTTTTTGGCGA,324
ACTTACTGTACAATTA,324
AGAATAGCTTTAAAAC,324
ATTAATTCAGGAATTT,324
CAATATCAGGAATTAT,324
CACCATAGGAACATCT,324
CGATCCCATGGGAGCA,324
CGCACTGGGAGCGTGT,324
CTGGGACAAAACTCAA,324
GAAATAAGGAGCCAGA,324
GAGCTCTTTCTCGAGG,324
GCACTATTATGTGGAT,324
GCAGAAAGATCCCTAA,324
GGCGTACGGGGATGTA,324
GGTGGAGCCGCCCGGA,324
TACCCATGGGACTAGA,324
TTCGCCGAAGATGTTC,324
AAGCATAACCAGAATA,323
ACACGCTCGTGTTAGT,323
ACCAATATAGGGAACC,323
AGACTACTTTGCATAT,323
ATACCCATTCACACGA,323
ATATCTGTATGGGAAA,323
ATCAAGGCTGAAGCAT,323
ATTGTGCCAAAAATTA,323
CCGTTCAAAAGGTCGA,323
CCTGGTCAACACGCAT,323
CGTTGGTTTCCGACGA,323
CTTTAAACCCCTGGTA,323
GAAGGGTTGGGGGAAA,323
GATAGCCCCATGAGAT,323
GATGGCAAGATCCCAC,323
GTAAAACGGACACAGT,323
AAAGACCGTCTTTAGA,322
AAGGATTGTCGCACAA,322
AATCTCAAAATCGTAA,322
ACAAAATGTGAGTAGC,322
ATATAGACACGTGACC,322
CATTTCCAACACTAAT,322
CCTTTAATCTTGCCCA,322
GCATCGAAGAAGGAAA,322
GCCACCTCAACAAAGT,322
GGAAGGCAATATGAGA,322
GGACTATTCTTGCGCA,322
GTAACATTAGTATTGA,322
TAAAACATCGCTATAA,322
TACGTGACATTAATCT,322
TCCCTTGATAAGTATG,322
TTAAGACATACCGATA,322
TTACTAGATAGAGAAC,322
TTTTGCGCCACCCCAA,322
AAAAGCTACTAAACAT,321
ACAGGTTCAATAATAA,321
ACCAGGACTTGGACGA,321
ATACGATGTAATGGGA,321
CCAAGCGCGCGGTCTA,321
GAATACCATTCCTGCA,321
GATCTCACGAGATCAA,321
GCCAAAAAGAAACGAA,321
GCCCTTATTCTTACAC,321
GCTGAAGAAACATGGA,321
TAATCTGAAAAGTTTA,321
TACCTCGTACTCAAGA,321
TAGATATCTTCCAGAA,321
TGACAAAAGCCGAGCT,321
TTACCCATTAACACCA,321
TTCTATAAACTCGATC,321
TTGGCGCTACACACAT,321
AATAAGCAAAACCGGA,320
ACGACGCGGGACGTGG,320
ACGGACACAGAGTCGC,320
AGCTGGTTTCATTGGG,320
AGTGGGAAAGATTCCT,320
ATAAACACCATATATG,320
ATGGGATAAGCCTATT,320
CACCACGGGAATACGA,320
CACGTTTTGCTTTCCA,320
CAGTCTGGTCAGTTGA,320
CGGATCATAGACGAAG,320
GAAAGGTAACGATGCG,320
GATAGCAAACTCCCAA,320
GGTCTAAAGGACGGAG,320
TCAAGAAGACCTGACA,320
TCCCCGACAAACAAAG,320
TCGCGAGATGATACAT,320
TGTTTAGATTTCGAGA,320
AAAGAAAATCGCTTTC,319
AACAATAGACGAGGGG,319
AAGGGGTGAACTTGAA,319
AGCGTGGCCGCCAATA,319
CATCTGGGAAACCTAA,319
CCACCGGATTCATCTC,319
CCTTGATCCAACAGGC,319
GAAACCCATCATTATG,319
GCACAGGCATTCCTCT,319
GTAAAGGCAGGGCGAG,319
GTACGGAAGACACAAT,319
TCCACATAAAAAAAAA,319
TCTGTACACTTAAGAT,319
TGAAGCTTTAGATATA,319
TTTAATTTACCTGTAT,319
AAATATAATACGGGAT,318
AACAGGCAAATTTAAT,318
AGATGGACAATTAGAC,318
AGGATAATATGTAACC,318
ATAAAGACTCCGAAAA,318
ATCCTTCGGGTAACCA,318
ATTACTCAGGATGCAT,318
ATTCAAGAATGGGCAG,318
CACATTGAGTCACCTA,318
CACGAACCCTGACTAA,318
CACTCATCGTCGGACT,318
CCAAAAAGCAACGGAA,318
CGGCCAAAAAAAGACT,318
GACAGGTGTAATTGGG,318
GATCTCCCATGATGCA,318
GCAGAGCACAAAACAA,318
GTAGTTTGGTTCCTAA,318
GTATACCGAGGCTAGC,318
TAAAAGATTCGTTTAG,318
TACCCTCCAACAAAAA,318
TGCTTCAAGCGCACAC,318
TTAAAGGACAGGGCGA,318
AAAAACATTACAGCAA,317
AAGTGCAGCTCCGCGA,317
AGACAGTTGGAGTCCT,317
AGGGAAAAAAAAGTTA,317
ATATCCTACAAAAAAA,317
ATTTACAAGCACGTTA,317
CAGGAATACGCTATCC,317
CGCGGGGATAGCGTTT,317
GAAGGATCCATGAGGG,317
GAGCACGGGAAGAAAC,317
GATCTGCACGGGTAGA,317
GGACTAATGCGGGGAA,317
GTATTGGGCAAGGTGC,317
GTGCGCGTTGCACATT,317
GTTCCCTACGGCGCAG,317
TATGATAATATTACAT,317
TGAATATGGTTCGCAA,317
TGCCTATCAAGATCCC,317
TTTTGTGTAAGATGTA,317
AAAAGCTGAGCAAAAC,316
AACCCCATTAGTCCAT,316
CAACTGGCACTTGCGA,316
GTAAAAAAACGGCATA,316
TAAACGCTAAGAACTT,316
TAATGTAATTAACAGA,316
TACAATAGATTTTGAG,316
TAGAGGACTCTTCACT,316
TGAAACGGGTCTCGAA,316
AACGCAGTAGTGAGGT,315
ACGCTTCGCTGAGACA,315
ACGGCGATTTAAATAG,315
ACGGGAACCCTATCCA,315
ACGTTGATTAGGCCGA,315
ACTATAGAAGCAAAGG,315
AGATGAACCTGCTTAA,315
AGCGAGCTCACTAATG,315
AGGCAAAACATACTAT,315
ATGGATGCCAATGCAA,315
CAAAAAAAAACTCCAT,315
CAACAGACCAATCTGG,315
CATTTCTAAAAAAGTA,315
CTGAGCCCTCAAGGAT,315
GATGTGACTATGAATC,315
GGCCCCTTACAAACGA,315
TAATTAAAACTCTCAT,315
TATGCTTGGCCAATAA,315
TCCATATGGTCAAGAC,315
TCCCAGATAGCCCGAA,315
AAACCTGCACACCGCT,314
AAATTCTATTAATGAA,314
AATCCACCTAAGACTA,314
ACACCAGCACAATATT,314
AGACTATAACTTAAAT,314
ATAATTAGACACCGAG,314
ATATTCAATAACTCAG,314
ATCCTGTAGGATTCAG,314
ATTAGGGACGTAACTA,314
ATTATTGTTTACATTG,314
ATTTGCGCAGGATGAG,314
CAAAATTGGGAGATGA,314
CATTAGGGAACGCTCA,314
CATTCCCTAAGGTTTT,314
CCATCCAGGCGCGATG,314
CCCGAGCTCCCATATT,314
GATAACCAAAGCTCAT,314
GCCGGATGAAGTTGGG,314
GCTGTTCGTGGCGAGT,314
GGACTAGTTTTGACCG,314
TTTATGCTAGTGAGGT,314
ACCCGATTTGAAAGGT,313
ACGTAGAAGATACTAA,313
ATGACGAAATAGTATA,313
CCCACACTAAACGCGA,313
CCGGGTACTAGTTCGG,313
CTCGGATCGAGCATGA,313
GAACCTAGTACCAGAT,313
GAGGGTATCCACGAAG,313
GATGGAACTAAATAGG,313
GCAGTTATCAGCTAAC,313
GTTCAGAAATTGGCAA,313
TCGACCTGTTCCGAAT,313
TGCCGCCCACACCAGG,313
TGGAGAGTCGACCAGT,313
AAATGGAAATGTAGGA,312
ACCCCGCGCAGGGTTT,312
ACCCCGGCAATATATA,312
ACGGAAACGGTAATGA,312
AGGGTTTGATCCGTTC,312
ATATAGCAACAGTGAA,312
CAAATCGCTAGACGTA,312
CAACGAAACATAGGAC,312
CGCAAGAAAAGCGAAG,312
CTGTGCTATCACTAAT,312
GCACAACTGACAAAAG,312
GCACCAATGGCGTAGC,312
GCGAACAAGCTTCTCC,312
GCGATGTCATGGGACA,312
GCTTGGGCCGCTCGGG,312
GTAGCAAGAATCTAAG,312
GTTTCAATAATTCATA,312
TACTGTGAGAGTGGGA,312
TCATAATGCAATGTAA,312
TCCACCTGAGATAAAA,312
TCCACGAAGGTACCAT,312
TCTGGCCATTGAACAT,312
TGGCCTCATGATGGAT,312
AAGTAATCGCCCCCCC,311
AGATTAGTGAGAGGCG,311
AGTGAAGATGTGGTCC,311
ATATCCACAAGCAAAA,311
ATATCTCCTTTAAAGA,311
ATTTCAGGAAAATTTG,311
CACTTTCGACCATTAG,311
CAGAGAAACACTAGTA,311
CATGATGATGGACAGT,311
CCATAATAACCCTAAT,311
CCCATGTAAAAGATGG,311
CTACGATAATCGGCTA,311
GAGTTCAAACGAGGGA,311
GGAGCTAGCATCGTAT,311
GTAGCGAAAAGTTCTC,311
TACTTATTCCTAAAGA,311
TTCGAACCACTGTGCA,311
AAGTATAACCTGTCGA,310
AATACTGCGGTGAGAA,310
ACGAACAGTGCCCTAT,310
ACGTAAAGGACATAAA,310
AGTTGATAGTCGTTGG,310
ATAGGCGGAACTAACT,310
CAACATCACGGTAAAG,310
CAATCTGATTTATTGT,310
CATCAAAAGGAACCAG,310
CCCTAAAACCAAGTTT,310
CGGAAGGATTTTGCCA,310
GCCGCACAATGGATAT,310
GGCAAGCTCACCCAAT,310
GTCGGTAAAGGCTATT,310
GTTTCAAATAAGTTAG,310
TATAAAGCCACATTGT,310
TGCGCTAATATCGGGA,310
TTCCTCTTGTGTTGAG,310
AAAATACATGAGATGT,309
AATTACTAGCTCCTAA,309
AGGAAACAGAATATTG,309
ATAAAAGCTGATTCAA,309
ATAGTCGTGCTTGAGA,309
ATGGATCAGACCTCGT,309
CACCCACGCGCTTCTT,309
CAGCAGCTGAAGAAAT,309
CATCAACGGACCAAGC,309
CGATAAATGATGTAAA,309
CTACGGGTTAACGGCA,309
GGTGTGTAGAGGTTAT,309
TAAATCAAATAAGAAG,309
TATGCCTTCCACAAAA,309
TCACATGAGAGGTGGA,309
TGGGAAAACTTACAGC,309
TGGGACTTGGCGGCAA,309
AAGACTTTCGCCAGAT,308
AAGCTCAGAGGGTAAC,308
AATAAATGCGGTGCTG,308
ACACTACGGAATACAC,308
ACAGTGTTTTCGATAC,308
ACATAGGCGTCACCTA,308
ACTATGGCGGTATGAA,308
CAACCATTGCACATCT,308
CAATTACGGAAAACGA,308
CCAAGGGAGAGATAGG,308
CCACAGGGCGAATAAA,308
CTAGACGTGCTACAAC,308
CTTGCATTTGGCTGGA,308
GACACATCTGGAGTAA,308
GCTAGCCGGCGCACGT,308
GTCTTCGTACTCACAT,308
TGCCGAACTGCCTAAG,308
TTCGCCCGCTAGTTGG,308
AAAATAAGAGAGATGA,307
ACCAATATTTACTGAC,307
ATACACCCCGCTATAA,307
ATATCTGATTATAGAG,307
CAAAACCACACCGCTA,307
CACAGGAGCGCAATTC,307
CCAAAAGGGTACAAAG,307
CCGAAAGAAATATAAA,307
CTCTTATGAGTATGAT,307
GATTTAAACTTCCAAA,307
GCGCGTTAATATGAAC,307
GTTCAAAACGAATCAG,307
TGAACTGTGGACAAGG,307
TTACATTGTTTGACTT,307
TTTTATTAATGAAGGA,307
AAGTGTCTTAAGTAAT,306
AATAAGTTAACGCGGA,306
AGAGGCCAGAGGTGGC,306
AGCACCTATAAGGCTA,306
ATCATAAGATAGACGT,306
CCCGGTCCTCCACTAA,306
CGTAACCACCCGTTAG,306
CTCCCAATTGCTTAAA,306
CTGTTTAGAAACACAA,306
GAACAAGGCCTTCTAG,306
GAAGAGTGCTAAAGAA,306
GGGGAAGTATCGTCAT,306
GGGTCCAACTAATAAA,306
TAGACAGAACCGGAAC,306
TCCGGATCGTGAGCGA,306
TCGGTCAAGCTGATAA,306
TGTTACGGACTCATGT,306
TTAAGATTATATCAGC,306
TTCAATTAGTGTGTGA,306
AAAGTCAAGATCTTTG,305
AATCGCAAGGATGAAA,305
AATGCACCCATAGGAA,305
ATCTGGCGTAAATAGA,305
CAGACGGCCATTGAAC,305
CGCACAAAACGCAGAA,305
CTTCTCGAACAACCCC,305
GCAACAACTGAAACTG,305
GGATCTTCGATTGAGA,305
TCTAAACATTTTTTAA,305
TGATACATCGACTAAA,305
TGTCGTGGGTTCTCTA,305
AAACACGCACACCTTA,304
AACAACGTTTGGCCAC,304
AGAGAGGTGGTGGAAC,304
AGGATGGCGTTACAGA,304
ATCACCCACCTCAACG,304
CATTCTGCACAAAAAA,304
CCACGATGGTGAACCT,304
CGTGGATTTAATGAAT,304
CGTTGCAAAATCATAG,304
CTACGCAACGACAACA,304
GGGAATTCCTAAACGT,304
TCCAAACCACCTATCA,304
TTATGCGATTAATAGG,304
AAAGTAGAAAGAAAAT,303
AAAGTCACTATGGTCG,303
ACAGACCAAACCGCGA,303
ACATTAATGCTCTCGT,303
ATTTTGAGTATTAAAA,303
CACCCCGTGCTCGTCT,303
CAGTGCTCGACAAAAA,303
CATCTACTGTCATGTA,303
CATGGCTATCTCAACT,303
CCCAAAGGGTACCATG,303
CTGCGATGGACGACAG,303
GAAAAGTAATAAAAAA,303
GAATTAATATACTCAA,303
TAAACCGCATCCTTGA,303
TAAGCGTAACTGATGG,303
TAATACAAAGATATAT,303
TACCACGGTGACGTAA,303
TGTGACCGGTGCGTAA,303
TTCAGAGGCAATGTAA,303
AAATTTTGCGTAAAGG,302
AACATATGGCGCATAA,302
AACGATTCCTCATTGA,302
AAGCCACCCAGTATGA,302
ACAATAAGCCCTAGAA,302
ACGAGGGGTGACTAAT,302
ACTCCAGCGTTAGGAA,302
ACTTAGTGACATGTAA,302
ATAAATCGAACAATGG,302
CAATACAAAGTCGTAC,302
CACATGGGGACAGTAA,302
CACCTGTGTGACGTAG,302
CATGCTCGTATAAATA,302
CTAATGTTAAATGAGT,302
CTCGGAAGGTCATTCA,302
GAAAAACGTTGAGGGG,302
GATGCACCAACCAAAT,302
GCATATGTTAAATCAA,302
GGCCAACGAAGCGAAC,302
GTAACGACTACCATTA,302
TCGGGACTCGGATTTG,302
AACCGCCTAATATCTA,301
ACCTGACACCCAACGA,301
ACGCAGTTGTATGTAC,301
ACTCTTACTGAGCCGA,301
ACTTTTCGGCCGGTAT,301
AGGGCCTTTCCATAAA,301
ATTGATGCAGCATGTT,301
CGCAAGTTCTACTAGA,301
CTAATGTTTTAGGTGA,301
GACCAAACCAAAATGA,301
GAGCAAGGATGGTTAA,301
GGAACTTGATATCCAC,301
GTCATGAAAGCTAAAA,301
GTGGATGGCATGCTTA,301
TAAGAAACAGTATCCA,301
TCAACACAGTAATGTT,301
TTTGTCAAATATAGTA,301
AACCACTTAGTATTAC,300
ACGACATGAGCTAATA,300
AGAGAGATGAAAAAGT,300
AGAGAGCTTCAATAAG,300
CAGAAGGCGTACGCGG,300
CAGCATGAATTTCAAG,300
CTAAGAGCGCGCCTAA,300
GCAACGAATTGCTTCG,300
GCGCCTGTCGTCGAGA,300
GGAGAATATACATATT,300
GTATGTGCACACAAAG,300
TAATCTGCTTCCTCAA,300
TTCACCTGTACCATGT,300
TTTAGTCAAAATTGAT,300
ACAACATAGAAAATAG,299
AGATCTTCAGCAAGGA,299
ATCAAATAGGTGGGAT,299
ATCTTTACTCGAGCGG,299
CCAGTGGGATAGGGTT,299
CGACGCCGACAGTACT,299
CTTCGTCTGAGGAAGA,299
GAATATTAAGTACTAC,299
GAGCCCCGCAGGCTAG,299
GCTGTACTCTTAAACG,299
GGTATTCATTTGATAG,299
GTCGGTATAACCCCGT,299
GTTCAATTTTCAATCT,299
TATATTGTGTACTAAA,299
TATTCACCTATGACAG,299
TCATATCTTTGAGGGG,299
TGCTACGATCCGTTTC,299
AACCAGCCTAGTTAGT,298
AATCGTGGTCACCCAA,298
AATTTGCGAGTGTTAC,298
ACAATACTAAAATAAC,298
ACACATCCCGGTAAAA,298
ACCCACAAAGATACTG,298
ATTCGTGGCCAGCCGG,298
ATTTTTGTGCCTAAAT,298
CATTATGAGCGCTCGA,298
CATTCGAAGAACGAGG,298
CGACGCGAGCACACAA,298
CGAGCAATCTGAGTTA,298
CGTCTTTGCGGAGTAC,298
GGCTTGATACACGCGA,298
TCGGTAACGATATTAT,298
TGTCTTAAGTATATAC,298
TTCATGTGGTAGCGGA,298
TTCCCGAACAGGCAGC,298
TTTGACATTGAAGTAA,298
ACAGTAAGGCAATAAT,297
AGGTTGATAACATTGG,297
AGTCCTCATAAGAGGA,297
ATGGTTCAATTGTGTA,297
ATTAAAAGGTGATAGA,297
CAACGCAATACATCGG,297
CACGACATTTAGATGA,297
CCACAAGTAAGGATTT,297
CCATTAAGAAACAGAA,297
CGCACGGACAAAAAGT,297
CTCAAGTAACTTGGGA,297
CTTTATAGTTTGAAGT,297
GAACATCGAGTCTTAT,297
GAGCCTTTCACTAAGA,297
GGCGGTTCAACCATGT,297
TGTCAATCGAGTATAC,297
AAAACAAACTCGACGA,296
AACGCGAGCCGCTTAG,296
AAGAATTCGGACAAAT,296
AAGACAACTATATCAG,296
ACTCTAGATCTTGCCA,296
AGAAAGAGCCATTAGT,296
CGCCTAGTTTATGCAA,296
GTAGAATTTGTGTAGT,296
TTTCGCAGCCCGTCAC,296
TTTGAGCATCCAGAGG,296
AACATATTTACCCAAC,295
AATACATCCATATAAC,295
AATTATGTCACTGAGA,295
ACATAAAATCTCTAAA,295
AGAGGGATGGCTACAC,295
AGTACTACACGGTTAA,295
AGTGGATCACCGAAAA,295
AGTGTGCTACAGTGCA,295
CAGTAAATTAAAGCAC,295
CATGTCTTGAGGAAGA,295
CCGGAGTGAGCCGGGA,295
CCTTGTAGTGGACTCA,295
CGATTGTATCGATAAA,295
CTACATGAATTATCCA,295
GAGCTGATGCATGTAA,295
GCGATCTTATGTATTA,295
GGTTGCGACGACATAA,295
TACGAAGACTACGACA,295
TCTTCTAGTGGGTTAG,295
TGGTATGGTAAGTATC,295
TGTTTGGCGCGATGCT,295
TTCACTTAGGTTCCAA,295
AAGTCTACGGTATAAG,294
ACAACAGAATTATTTT,294
AGCTTCATTGGGATAT,294
AGTAACAAAATTATTA,294
GACGAAGGTGGGAATT,294
GCGCACTGGTTTCGAG,294
GTACTCGGAATAGAGT,294
GTCGCAAACACTGTTG,294
TATATTGCTTTAAATA,294
TGCTAAGTTCCGAGGT,294
AAAAGATACTAGCAGA,293
AAAAGTTAGTTACTAA,293
AACATCCGAGAAAATG,293
AATCCACGTGACTTCA,293
AATCCTGTTACGTAAG,293
AATGAAGGACTTTAAG,293
ACGCTCCACGAAATTT,293
ATAACATAGCCATATA,293
ATATATTTTGTACTAA,293
CAGTAGAATATCGAGG,293
CCATATGGACACGCAA,293
CCGACGAGAATATCGT,293
CCGTTTTCATCTGAAT,293
CGTTTTAAAACCGAGA,293
CTTTCTATGATGACAT,293
GAAAAAAAACAAGAAC,293
GCGATTCACGCGTTGG,293
GGCTAAGGGGCATCAA,293
TGCTCCTATAACAGGT,293
TGTAACTGGTCTACGT,293
TTCGCGCCCCCGTGGA,293
AAAGTCGGACCGAAGA,292
AAATAGTCAACTAACA,292
AAGGGGCACAAACCAG,292
AATTTCTTAGTGCAGA,292
AATTTTCAGAAAGAAA,292
ACAGCGGATCTCATTA,292
ACTAAGTTGTCAAAAC,292
AGATAGATCTGGACAA,292
AGCTCCAACATTCCAA,292
AGGGAATAATGCATAG,292
ATAAGGGTTACCGAAT,292
ATGTAACGTTGATCAA,292
ATTCAGTTTCTTGCCT,292
ATTTCTTTTCGAAGCA,292
CATGACTAACAAGTAA,292
CCACAAATGGCCCAGA,292
GAAACATGATAATAAG,292
GACCAACAAGTCCTTG,292
GATAACTTAAGGTATA,292
GATCCAGGCTTCAAGA,292
GATCTAAACTCACTTG,292
GCTAAAACCGTGTACC,292
GCTTCCAAATGCTTGT,292
GGCTGAATGTTTGGAT,292
GTAGAGAGGGGAATCA,292
GTGAACGAGTAATGCT,292
GTTCAAGACGCTGTTG,292
TCCAGAATAGAACTGT,292
TGACCATAGTGATCAA,292
TTTATTATACAAGTGT,292
AAACACGCATAAATAA,291
AAAGGAAAGTGTATTT,291
ACAGAAACTTAACAAA,291
CAGTAAAGTGTTTAGC,291
CATTTAAGTGCTGAAA,291
CCCCAGCCGATACATA,291
CGAAAATTACAGCAGA,291
CGTTCGGCATACATTA,291
CTCTACTCCAGCCCTT,291
GACCACGCAAAGCAAA,291
GGATAGATATATAGGT,291
GTACACCTCTAGTGTC,291
GTATGACAGGATAAGA,291
GTCGATGGGATATAAA,291
TCTGGGTTCCTATGCT,291
TTGAGAAAGCATAAGT,291
AAATGTGAGAGGCGAG,290
AACAGCACGACTGGGA,290
ATATTATACGTTTAAA,290
ATCCTTGGGCACCCAC,290
CAACCGATGTGATCCA,290
CACCCACTCGTATAGC,290
CCATACAACTGAACGT,290
CGCATCGACTTAAAAG,290
CGCCAACTAGACACTT,290
CTTACGCGGCACTCAG,290
GACCCAATAGATGAGC,290
GAGTTAGATGGTTGTA,290
GCGGCCAGTTAGGGGA,290
GCTCGAAAGAAAGAAA,290
GGAACAAAGAACAGTA,290
GGCCCCCAATGACTTA,290
GGTAGTACCATCTTAC,290
GTCGGAACGTTATCAA,290
TAGTGAATAAAAAATA,290
TGACGTGGTGGTACTA,290
TGCTAGAGAACATTAT,290
TGTCCTCCGGTGGGAA,290
TGTGGACTAGTATCAA,290
AAGAAATAACAATAAG,289
AATAATAGGAAATTGT,289
ACACTCGGAAAACGAT,289
ACCTACACGCTTAGAA,289
AGGAAACTGTCTTGAT,289
ATCACAAAAGGAGACA,289
ATTAAACGCATCCCAG,289
CACCGGCTTCGGCAAC,289
CAGGACCATACAACAT,289
CATAAAGCCCAGTAAG,289
CCACACAAAGCTACAG,289
CCCCAAAGACTAGAGA,289
CCGTAGTGTCACTTAA,289
CGAGAAATGAGGCAAC,289
TAAATATTAAGGACTA,289
TTACCTCCTGAATTAA,289
TTAGGTTCGGGTTACT,289
AAGAAGCTTAATACGA,288
AAGCCAAATTAGAAAT,288
AATAACAATCGTTGAC,288
AATTGGGGGCATCAAA,288
AATTTCCTCATAAAGA,288
ACAACGTCTGTTTAAG,288
ACCAGAGATAAGTACA,288
ACTCTTAATCGCGCAC,288
AGACAGTGTCCGCAGA,288
CCCTAAATAACCTATA,288
CCGAACTTCGTGGAGA,288
CGAATAGTTACTGCGA,288
CGCCCAGCCGAAGGAG,288
CGGCGGAAATGCCTAT,288
CTAATACTATGATAGT,288
GAAGGGACATATGGAA,288
GACATCTTATGCAAGA,288
GAGGCGTGCCCTAGAT,288
GCAGGGACGAATCCTG,288
GGAACGTATTTATGCT,288
GGTCAAAGATTAAACA,288
TAACAAATGCGATGGT,288
TACGCGCCGTAAGTGA,288
TAGAACCGAGACCCGT,288
TAGATGCGTATGATAA,288
TCCTAGAAAACCCGAA,288
TGAACAATAGACCAAT,288
TGATACGTATTTAATA,288
TTTTCAAGTATTCTCA,288
AAGAATCCGTAGCAAG,287
AATTGTTTTATAAAGT,287
AGAGATATTAATATAG,287
ATAACGGCAGCGCGAG,287
ATAGAAAGTACCACGT,287
CATCAAATTAACTAGA,287
GCGTCATAAAGCCCTG,287
GGAACTCCACTGAGTT,287
GGCAAAAAATTAAAAG,287
TGTGGAAGCCAACAAT,287
TTTTCTTGGGAGGAAT,287
AAAAACATATCGGGGA,286
AAAATTAATATAACGG,286
AAAGAACTTATCTTAA,286
AACGCACATCCCTCTT,286
AGGGTTCGGGACGTTA,286
CACCCGCACGTGTAAG,286
CGGCAAGGTTTTGGAT,286
CTCCCGAGATGTGCAA,286
CTTTCTAACTTATAAA,286
GATCTACTAATAAAAA,286
GGACAGAAATGTGTGT,286
GGCTCAATACCTCCTA,286
GTCGAGACAAACATGA,286
TTCTGCGGTCCACCAT,286
AAAGACATTCAGTTCA,285
ACACGGTGGTATGCTA,285
ACAGATCATTATCACT,285
AGTATGAAGAGCCACT,285
ATATTAATCAACTTAG,285
ATGAAATAACAGCACA,285
CCGGATGTAACAAAGA,285
GATGGGTTGTATGTAA,285
GGCAACGCCACTATGA,285
GTACTCGAAACGTTAA,285
TAAATAGCACGGAAGT,285
TCAGCTGGAATGTCTA,285
TTCCAGGTCCCATCTA,285
TTGACTAATAAGAAAA,285
AACATGGAAGTCGGCT,284
ACCATCTGCCGCTTGC,284
ATGACCAAACCTTCCA,284
CATGTCCAAAACACAA,284
CATGTGCCGACTTTTT,284
CGAACCCAAATTCAAT,284
CTCAGCTTGATGATCC,284
CTGAGTTATATTCTAA,284
GCAATCCTGGCCTATA,284
GCACATCAGAATGAAT,284
GTCAGTTAATTGTGAA,284
TAACAGTAATAGTTAA,284
TAGAGAAATTATAAAT,284
TGATAAGATAACCAAA,284
TTGAAGTCCCTGGTTT,284
AAAGGAGACCCACTTA,283
AAGTTATTTAGCCAAC,283
AATACATTGGCGGGAG,283
AGCAAAGGCTTCCAAT,283
AGGCCAAATGAGACAA,283
AGTGATTCATAGGGAA,283
ATGACATAAACAGGCA,283
ATGATGGTGATGTATT,283
ATTTAGTAATGGCTAA,283
CGACTCGCGGACCTTG,283
CGCCAATTTCTTCAAA,283
CTTCCAGACATAAAAA,283
GGAACGAATCATACAG,283
TAATTGCACCATCCTA,283
TCAAATCATTAAGCAT,283
TGCACACATATTAGAG,283
TGCTGAACAGTCCGAA,283
AAAGCTAAGGTGAACT,282
AAATATCCGAAAATAT,282
AAATCTTTTGTCTCAT,282
AAGCTCAGAACTCGGT,282
AATATTAGGAGCTTAA,282
AGATCCTGCCACGCGG,282
AGGACAAGAATGTATG,282
AGGTACATAGAATATG,282
CAATGCTTTCCGGAGG,282
CTGATCTAAGAAGCAA,282
GAATGGAGCACATGGG,282
GACTAACCTCGAATCA,282
GTTCTTTAAGTTAACT,282
TACCGAAGCTATTATA,282
TGTTTGAAGTTAAAAA,282
TTTTAGGAACCAGAGG,282
AAAAAATACATATATG,281
AACGACTGTACAATAG,281
AGATCGTATCGAAAAT,281
ATCTGTTTACGTACAA,281
ATCTTGCTAGGACTAG,281
CCACCGTTGAAGCCCC,281
CGGTTAATATTAAACA,281
GGATCAGTACGGGTGA,281
GGCGAGCTACTTCAGA,281
GGGCTGGTGGTTCAAT,281
TAACTATAAGCTCATA,281
TAAGCACTCTTTAACT,281
TAATATAGGCGGGAAA,281
TAATATTTCTAATATG,281
TAATTAAATTCTCAAG,281
TAGAGAATAAAACAAA,281
TCACTGGTATCATTAT,281
TCGGGTCAATCTACAT,281
TCTGGGAAAAAATTAT,281
TTCTACGGGGAAAACG,281
AAAAAAATCCATAGAT,280
AAAGGTCAAATGTCAA,280
AATTAGAACGTTAATA,280
ACACAAAATAAAATGG,280
ACACGCATACGTGGCA,280
AGATACAAGGGCGTCT,280
AGATTGAGAGATACGA,280
AGCTTCTGACCTCCGA,280
AGTCGCCACTATTAGT,280
CTCAGTAAAAAGGCAA,280
CTTGAGACAAGTATAA,280
GCCAATTAGCAACACT,280
GCGCAACGCTTCAAAC,280
GCGCCTCATTCGGTAC,280
GTACAAGGACTTTATC,280
GTGTTCACATTATGTC,280
TAATCGTTAATTTAAA,280
TACCAGTATACCCTTT,280
TATACCTCACCAAATA,280
TATTGCCCATACAGAT,280
TCAAACACGATAAAGA,280
AAACTTGCAATGAACG,279
AATTAAACTTAAGCGA,279
ACGCTACGGCGTGGGG,279
AGATTAATTTATCAAA,279
AGTATTACCATACCAA,279
CCCCTTGGACCCCCAA,279
CCTGAGGCAGGACAGT,279
GCCACCCTTTATGTTA,279
GGAAACGGGTATATGT,279
GGACTAGAATAGTGAA,279
TAAACAACTAGAGAAC,279
TAGACAACCCTGCGTA,279
TATGGTGAACTTATTA,279
TCAACCGAATGTGGGA,279
TCCATTGAGTAGAAAC,279
AAACAACCGTTCTCGG,278
AAACGTTGTGACAAGG,278
ACCCCCGGACTAGGAC,278
ACGACAGAGCGCTCTC,278
AGAGTGATAAAATACA,278
AGCTAATAATTCGTCA,278
AGTCCAACAGGCTAAC,278
ATTGCCAGACTTGATA,278
CACGACTAGCCCACTT,278
CATCAGTGGCAGTTAG,278
CATCTCCTTTATAAGA,278
CCCCTATAGTTAGTTA,278
CTATCATGTGAGCGGA,278
CTCCGCTTTAACCCAT,278
CTTCAAAGCGAGGGCA,278
GAAGTTATAGAAAAAT,278
GCAGTTCCGTGCACTT,278
GTAACGAATAACCATT,278
GTTATAGCCTGCTTAT,278
TCAGACGTCTTGACTA,278
TTCGTAATCCAATATA,278
TTTCGACAGTTTCTAT,278
AAAAAATTTGGGTGTA,277
AATATGACACAGAGAT,277
ATGATAGTGGTTTGAA,277
ATGCGAAATAAAAATG,277
CGACGAAATAAGTACA,277
GATCTACTGCGTACTG,277
GCTTACCTAAAGAAAC,277
GGGGGCTCATAACATA,277
TGTGTACCATGATAAT,277
TTAGAGAGTACCATAA,277
TTGGCACATGTTTAGA,277
AATTCTCGTGAGTAAC,276
ACACTAAGGGTTAAGT,276
AGAGTTCTGGTCGCTT,276
AGGAAACTTAAGAAGG,276
ATAATGAAACAAAGGG,276
ATACAAGCTAACGCCA,276
ATGTTAGCAATTTAAA,276
CAACATCGGGTCCCGA,276
CGTACTAATATGTGTA,276
CTAGATCCTTAGCCAC,276
CTCTCATTACCTAGAG,276
GTAACAGAGCCCCGAG,276
TAAAATGCGGGATAAA,276
TCGAAATGTTTGCAGA,276
AAATAGCCATACGTAG,275
AAGAAAGTACAAAAAG,275
AGCGTCGTTTTCGGAA,275
AGGAAAACGTGAATTG,275
AGGTTTTATGTTATAA,275
ATAGGAAGATAGCAAC,275
ATGTTCGCTTTAAGTG,275
ATTAACAATGAGCGTA,275
CACAGCAGGCTACAAT,275
CCGGCGAGCCATGAAC,275
CCTTACTGACACTCGA,275
CGTCTTATCATTATGT,275
CTAGGATACAGGCCGG,275
CTTAGACCTTACCTGA,275
GAAAGAAGCAAGTAGT,275
GACTAGACACTCACAC,275
GAGAATGCTTAATAAG,275
GAGGTCATCGGACGGA,275
GCGAGAAGGGCGGTAA,275
GCTTAAAGGTAGTTCC,275
GGAACCACGAGAGGTA,275
GTGTCTGTTGCTTGTA,275
GTTACACTGTTTGATT,275
TAAGATTAAATGCCAT,275
TGACCATTTACTACAC,275
TGAGATCACTCGGGTG,275
TTTTCATTCTGGGTCT,275
AAGATCAATACATGTA,274
AATTGAGTTTAAGAGA,274
ACAGTCGCTTAAACGA,274
AGCGTGGATAGATTTG,274
ATATAAGTTACAACTA,274
ATCCAGTGAATTATTT,274
CACTAATGAAATCCCA,274
CGTCCATAGGGTCCTA,274
CTCTACTTTTAAACCA,274
GAATCACCAATTATAC,274
GACTTCTGACACAATT,274
GCCAGCATCGCCAAGG,274
GTACTAATTTTCGAAA,274
TCAGCCTAGCAAGTAC,274
TTGTTGGACAGTTATG,274
AACAACAAGTTCAGGA,273
AATTATATATATAGAA,273
ACACCAACATATGCGA,273
AGAGACACGCAAGTAA,273
AGTGATGGACGATAGC,273
CACACCTCACATTTTG,273
CGGAGTGTAAACTTCG,273
CGGAGTTGTAGCTGAG,273
GAATCCGGCAACTCAT,273
GATCTTAAGCAAGGAT,273
GGTGCGGGTGCCTTCA,273
GTATTGACCTCCCAAG,273
TAAACTTATGAGTGGA,273
TTTCAACCATAGCCAT,273
AAAATTTAGAAAATCG,272
AAACCAACCCTGGCGA,272
AATAAAATGAGGCAAA,272
AGTGATCCCTGCTTGA,272
ATCTCGATAAAGTTTA,272
ATGAACGAACCGAGAA,272
ATTGACCATGAACTAT,272
CATGTTACCGAGCAAG,272
CCCCGACTTAAATTAG,272
CGCGCGACTTATGTTA,272
CTGGTCGCCATGGTTG,272
GAAAGCTTTAAAAGAA,272
GATTATACACCCTAGT,272
GATTTGATATCCAGGC,272
GCTAACGGCTCGACAG,272
GGAGGAAGTAAATGTA,272
GGCGGCGCAATGCATG,272
GGCTATATAACTGACA,272
TAAATGTCCTGAGGCT,272
TACCAACCTGCGGACA,272
AACACTACCTTATCTG,271
AACATCCTTTAAAATA,271
ACCCTATTAAGCACAA,271
AGCACAGTACAGTCTG,271
ATCGCGATAAAATGCT,271
CAACGAAAGCTTTGAA,271
CATATTTGTCGTATTA,271
GAAATGAGTACGCAGT,271
GACAACTTACGAACGA,271
GCAAAATCAATCAAAA,271
GTATATGACTGGTACC,271
TACTCTCATAAGGTCA,271
TATATCCCACGAGGTA,271
TGACTCCACAGAGGGC,271
TGGCCCAGAAATCTTC,271
ACAACGAATGAATAAT,270
ACCTATTCAGACTCTA,270
AGAGGATATATGCAAA,270
AGCACTCACAAAATCA,270
AGTGTAAAGATACAAC,270
ATCCTATTGTGATGAA,270
CATACTTAACTCATAT,270
CCTGAACACGTCAAGA,270
CCTTAAATGAGCCATT,270
CGTGAGCATATAGGAA,270
CTATAGAAGGGCAGGA,270
GCTCCTTTACGTTGCT,270
GGAAAATAAACCGAGA,270
GTTACGAAAGATTGAC,270
TACGGCACCATCCTGA,270
TATGATAAAAGTCCAA,270
TCACTAACCAAAAAAA,270
TTTAGTCAGTACACAG,270
TTTAGTGACCCCTTAG,270
AATCAATTAATATGTA,269
AGTTACTGAAAAGTAA,269
ATAGCAAGAATCTACA,269
ATAGTGGGAACATGAC,269
CCAAATTGGCCAGAGT,269
CTTATAAATCGTACGT,269
GCGACAATAGACTTGT,269
GCGTAACCAGGCGCCT,269
GCTTGGAAGTTGTGTG,269
GTCTGTCTATAGTATA,269
TAAAATGACGAGATAG,269
TAGCCCTGGCCAGGGG,269
TCCGCAGAAAGCGAAA,269
TCTTAATTCTCTTACT,269
TGACACGGCCCCACTA,269
TGACTCACCCTGATGG,269
TGGCAGCATGACGAAA,269
TTAAGCACGCTTCTAG,269
AAATTGTTTACGTAAA,268
AAGGGTTGAGCACAGA,268
AAGTGACTCCAATGAC,268
AAGTTCCGGGGGTCGT,268
AAGTTGAACAATGAGT,268
AATCACGAGAATCGGT,268
ACTATCAATGTTCCTA,268
AGTTGAAGGAAATGCT,268
ATGGACCGGTTACTAT,268
ATTTATAGGCACGGCA,268
CCGCGATCGCGCTGAG,268
CGATACTGGTGGGATG,268
CTATTAATGGCGTCAA,268
GCCGGACATTAAGCGT,268
GCGCAACCCCTCGTGT,268
TACAAAGAATAAAACA,268
TACAACAAAGATGGAG,268
TACTGCATAATCGGCA,268
AAAAGAGATGGAGAAA,267
AACTAGATGCTCCCAA,267
AAGTTTTAACTCAAAC,267
AATGAAATAATCCATC,267
ACAGAACAGCTCCCAC,267
CGGCAATTATGGTAGG,267
CTAGCCACTGCCGATT,267
GGCCCCCTGTGGCAAA,267
TGACACGCGGAGTGTG,267
TGATTCAATTTGTTAA,267
TGGTTATTTTGCCTGA,267
TTACTCGACCCACTTA,267
TTGAAGGGACTAGAGG,267
AAACCAAGCCGAAAAA,266
AAGGGCTGATACACAA,266
AATATGTTGGGAAGAT,266
AGCTATTTGGTGAAGG,266
ATTAACGTAACAGTGA,266
CATTAAATCAGATAAG,266
CGCGCCAATCACTTGA,266
CTATGCCTATAAGACA,266
CTTTTTGTGGAATAGT,266
GAAGAAAATTTGGATA,266
GACGGTTCATCTTGAT,266
TAAAGGTTAGGTACCA,266
TAAGTAATTAAAACGG,266
TCGACTTGGAACGAAG,266
TGTGACCTAAAGGAAA,266
TGTTTATAGAACGGTT,266
TTACAGGTCAAGAAAC,266
TTATTGGAAGGGGAAA,266
ACTACGGTATTATAAA,265
ACTTTACAGAGGCCTT,265
AGTCCGGCCGGTCTTA,265
AGTGCCATGACTCAAT,265
ATCAAGAGGATTAACT,265
ATCGCTCTAACAGAAA,265
ATTCCGAAGAAACCAT,265
CGATCTTTAGCCTGAC,265
CGCGTTAATAGGCAAA,265
CTACAATAAGATCAGG,265
CTCATTTAAATTTCCA,265
CTTTAGTACCGAGATG,265
GGAATACTAGCTGCCA,265
GTCAGATATAAATGCA,265
TAGTAAAATAAGCAGG,265
TTGTACGATTCCCTTA,265
AAAAAGTTCAAAATCT,264
ACCGTTCATTGCCATC,264
AGACTGAGAAAATGGG,264
ATGCCATCTTGCCCAC,264
CAAAAGATTAAGATCC,264
CAGTAATAAGCAAACC,264
CCAACTTGATGTCTGG,264
CGCGCAGAAGGCGAAG,264
GACATTCTCGGAAATG,264
GATGTATGATTGAAGA,264
GGCATATCCGTTGGCT,264
TGTGGTAGCGATGGTA,264
TTCACTAACGTTATAG,264
TTTACGTCCAAGCAAA,264
AAAACAGAAATCCCTG,263
AACCCATTTAGCTCGC,263
AAGACGTACTTTAGAA,263
ACGCTTGGCCAACTAG,263
ACTAGATTGCATAAAA,263
ACTCCACGCACGCAAA,263
AGCCAGTGCGTATTCA,263
AGTCGGACTTTACCAG,263
ATAACGGGGCTAGAGT,263
CCAACAGAATGCCAAA,263
CCTTTGATGACAAGAG,263
CGAAGTAAAACATATG,263
GCACGCAATTTAAAGT,263
GCAGGAGAGCGGCCAT,263
GGTCAGGAACACCCTA,263
GTCCCGGTCTTCGGGG,263
TAATAAAGGGTAGTTA,263
TCCCATGCGTTGGAGT,263
TCCTTTCGTTAAGCAA,263
TCGCCGGGACAAGCAC,263
AAACTCCTCAATAGAA,262
AACAATAGATTACGTT,262
AACTTTGACAGGCGAC,262
AATTTAACAGGCCTTT,262
ACTACGTAAGGAACGT,262
AGCGCCTTCCTCACGT,262
AGGGAGATTGACTTTT,262
CCTCTAAACTGTAAAA,262
CGCTGTGCTTTCCTGC,262
GATACGACGTGGCCAA,262
GATCTCAATCCGATAG,262
GCTGTTTTAGGCCTAA,262
GGCCGCTTAAATTTCG,262
TACGAGTCTAGTAAAG,262
TATTCTAGTTAAATGT,262
TCAAAGTGAAACTCAC,262
TCATACATCAATTTGG,262
AAAAGAGCCGAATAGG,261
AACAGGCGGAAGTTAT,261
AAGGTTTGCTTGCCGA,261
AATATGTCATTGGGCC,261
AATTAATACTGCTAAG,261
AGAGACATATAAAAAA,261
ATAATAAGTGATCAGC,261
ATCACACCCGGCCAGT,261
CACGCTGGCACTACAG,261
CATTGCGGGCAGTTAT,261
CGACGTTGCTACAGAA,261
GCATAAACGGTTTCAG,261
GCGGTTAAATGTTGGA,261
GGCAGCAAGATTGGAA,261
GGGTCATAGTAAACAA,261
GGTTCACAACCAGCTT,261
TTAATTCGTCTGCTAC,261
AAAACGGCGGACCTTA,260
AATAATTGGGATTCTA,260
ACCAGCAAGCCACTAG,260
ACGGCCAAAGATTTAA,260
AGCAATAGCCGCTAGA,260
ATTAGCCATAACACCG,260
ATTGTAACATTAAAAA,260
CCCATCAACGGTGCCA,260
CCGATGCCCCGCCGGA,260
CGCTCGCACAACGAAA,260
CTGCCGTCACTATAAT,260
GTACTCTATAATCTAT,260
GTATGGGAAGTAATTA,260
TAACCACGGGGGTAAT,260
TATAATCGTGTCTCGT,260
TCCGAAGTTACGTATA,260
TCGATTCGAGAATGAA,260
ACCCAAACAATAGCTA,259
ACGATTTGTTGCTAAA,259
AGAAAAAAGGGCCTGG,259
AGAACTGAGATACCGT,259
AGTCTTAAATGAAATA,259
ATTCAACATCGAACAA,259
CCATCTAGTGGCTAGG,259
CGAACGTGTGGGGCGT,259
CGTATTATAATATTGA,259
GAAAACGGATAGCCGT,259
GATCATAAATCATTGT,259
GCAACGGAAATCGGCT,259
GTACCCGACGAGTGGA,259
TCTTACGCAAACCCAA,259
TGCCAACACGTAGTGG,259
TTACGGGGGGCGATTA,259
TTGGCTATTAATATAT,259
AATTATGTAGACCCCA,258
ACTACACCTGAAGCGA,258
ATAAATAATAGTCCCA,258
ATAATACGATTGACAA,258
ATCAAATAAGAACTAA,258
CACAGACACCGAATTA,258
CAGTTCAGGTCAGCGT,258
GAAGCCCGGGCGAATA,258
GCACCAGTCTAATAAA,258
GCGTCAACTATACTTA,258
GGACCATTAGTATAAA,258
TACCCATGGATACGAT,258
TACTAAACCCCTCAAT,258
TCAACAACTGAAAGAT,258
TCAAGATGTATTTCGA,258
TCTTTACTAACCCGGA,258
TTCGATGTAACAACAA,258
AAAACATGTTTGTATA,257
AAATCACTGTTTGAGA,257
AATTTATGACTAGCAG,257
ACACACCAACAAAGTA,257
AGTCGGCTAGTAACAG,257
AGTTTGCTGACTGTAT,257
ATGGCCTACACGGCCA,257
ATTTGGCAGGCGGATA,257
CACTGCTAGCAGTCTT,257
GAGGGAATTAAGCTGG,257
GTCCCAAGTTAATGAC,257
TACTGCTCGGAGTGGA,257
TCAGAATGCACCTCTT,257
TGCCCGACACGCTTCA,257
AAAAATACAACTGTAT,256
AAATCGAATCAACATT,256
ACATCACCTATAGCAT,256
AGAAAGTTGGTTACGA,256
AGCGATCCGCGATCAG,256
AGCTAACGGCCTGAGA,256
AGGTCTTAATTCCATA,256
AGTTTGCCATTAAAGC,256
ATTCTCGGGCATTAAC,256
GAAAACTAACGATCGA,256
GCCTTCATCTCGCACA,256
GTGAAACTAAAAAAGA,256
GTGCCAAAGTGCTGAA,256
TGAATCCAACGAAAGT,256
AAATCACGGGTATGGA,255
AAGAATCCCGAGAAGA,255
ACTTATAAGCAGGAAA,255
AGGATCTTCATAGAAA,255
ATACTTTAAAAAAACA,255
CACATAGGGCCGTGGT,255
CACGGAACCGCCTGTT,255
CAGAACCTAGCATTAT,255
CAGATCTAAAGGAGAA,255
CCCTAAGAACCTCCCA,255
CGCGGTATCTTCTGAT,255
CGGCCTTGTTCTAATA,255
GGATAACTACAGTCTT,255
GGTGTAACTTGCACGG,255
TGCAATAATTGGTCCA,255
TGTCTTAGTGGTACCT,255
TTCAGCGACTAGGAGA,255
TTTCTTCAGAATATAG,255
AAAGTGGGGTAAAGAC,254
AACAGCAGTGGCTGAA,254
ACCAAAGATAGTTGAG,254
ATAATTATGAACTAGG,254
CGCCGGATTGACCTAG,254
GACACACGAGAAAAAA,254
GTATAGCCGAACCCAT,254
TACGCAACCAAAAAGG,254
AAGTAATGGACTCAAA,253
AATAAGTGATAAAAAA,253
ACACGTTCATCAGAGG,253
ACCAAGACAATGTTGC,253
ACGCTGGGTAAGTGAT,253
ACTGACGCACGAATTA,253
ATGGAGTAAAAATTAT,253
CGATTATAGGTCCTTA,253
CGCTGATGAGACATAG,253
CGGGGAATCTTAGTGA,253
CTAATATTCTTCAGTT,253
GAACGTGTTCACTCAA,253
GAGGGTGAAGGGTGAC,253
TAGAAACTGCAAGGAT,253
TATAATTATTTATAAA,253
TCGAGATTGGAGACTA,253
TGAAAAAAAACGAATT,253
AAACAGGTTTCTGTAT,252
AACAGATTAATGTTAA,252
AATGCACGATGTATGG,252
ACATGATTTCTAAAGT,252
AGATCAGTTTAAAAAA,252
AGTATGATCCCTTGGT,252
ATTCAAGAACAGTATG,252
CAAGAAAACGTATAAA,252
CAAGCCAAGTTGAAGA,252
CATAGACGCACATCCG,252
CATTAAATTTACAAAA,252
CCAATTATGTAGCTAC,252
CCGCGACACCTTGAGG,252
GAACTGTAACCCAATA,252
GAATGTGCTAGGCAAT,252
GGACATACTTTGATAG,252
GTCAGCAATGACTTAA,252
GTGAAAGAGTAATTCA,252
TATACAATCATGAATA,252
TCGCTTGGTGACGACC,252
TGCCACGGCTGAAAAG,252
TGTGTCGACGAGAACT,252
AACCGTATACGCTTTG,251
AATGGGAGTCTGTAGT,251
AGGAAATCGAACCCAG,251
ATTACCCTGTAGTCAC,251
CACAGGCATGAAGGTA,251
GTTACAACATTCTCTA,251
GTTCTCTCAAAAGGGG,251
TCAACCCCAAACCAAT,251
TGAAAAAATTATGACA,251
TTAAACACCAACTCAT,251
AACAGAATACTCGCTA,250
ACACGCCACATTAACA,250
ACAGGGTTTCATATTG,250
ACGGGGAAAAACTAAA,250
AGATTTGAGTGGGACA,250
AGTGACCCGTTGTGAA,250
AGTTTGAAACGTAGTT,250
ATGAATCGTACGAGAT,250
ATTGATTGACTCCATA,250
CAGTTAGAGTTTGTCA,250
CGGTACCGGGACAAAA,250
CTTAGGGTGAATACAA,250
TAGTATATATTAAACA,250
TCCCCGCGGCCTGGAC,250
TGAGAAGTGTCAGAAA,250
TGCTGCTGCCTATTTA,250
TGTTCACTTTTCGAGT,250
TTCCCCCACGGTCAGT,250
AATCGGGGCCACCAGG,249
ATGCAATTAACTCATA,249
CATGCACGGTTAGATA,249
CATGTCCGGGGTTAAT,249
CTTGATTGAAATAGAA,249
TATTGTGTCACTGATA,249
TCGGGCCAGGTAAAAG,249
TGAAGACTGACACGAA,249
TTTCTTTGGCCGGTTT,249
TTTGGCAACAGTTCCA,249
AACTAACAACCAATAC,248
AAGGTTAGTACGCCTA,248
ACCAGGAAGTTACTTC,248
ACCGAAAACTGTGAGG,248
ACTCATCAAATTGCAA,248
ACTTTTTGACATCGGT,248
AGACGGTGAGTGAGGA,248
AGAGGAGGCGCAATGG,248
ATGTATGGGTCTAAAT,248
CAACAGCATATCGAAA,248
CACTTACACACAGAGA,248
CGCGACTGTGCCAAAT,248
CTAAGCCTTCACCTCG,248
CTCAGTGACCCCCAAT,248
CTTTAAAAGGTAATAC,248
GCCCGAAACGTCGGGA,248
GGACCCTTCACACAGA,248
GGCCCAACCAGTTATT,248
GTAAGCGATATGGAAT,248
TAAAAACATGCGGAAA,248
TGACTGAGAGGAATTG,248
TGTGATCTTGATCCGA,248
ACACACGTCTTATAGG,247
ACTCTAACAAAAAAAA,247
AGGTTATCTTTATTTA,247
CAACCAATCCTTGAGA,247
CCCAGCGTTACCAATT,247
CGCAAATCAGCCAAGA,247
CGCTATAATATAACGA,247
CGTGTTCATGACTTAA,247
GCTCTATGCGTTCCCA,247
GGGCAGGGGGCTTAAA,247
GTATGCATGTGATTAG,247
GTCAGCCTAAATGCTG,247
GTTGATTTGGAAAGCA,247
GTTTATATGCTAACTT,247
TATCTAATGACAGAAA,247
TCAATTGAATGTCCTC,247
TGCCAGCCGATGACAA,247
TTCACCACTCACTCGA,247
AACGATATCCAGTCTT,246
AAGACGGGACTATCTT,246
ACTTAAATAACATGCA,246
AGAAAAAGGTGAAAGT,246
AGAAACCACTGTTGAA,246
AGATAGCTTAATACTA,246
ATAATACAAGAAGCTA,246
ATGAATTAAGGGACCT,246
ATTCAGAAAGTAGAGG,246
CGGTAATAACAGATAT,246
CGTGGCGTTTACACTA,246
CTACCGGTATCAGTTA,246
CTTTTAAGACCAGTAA,246
GAAAGAATTGCATCGA,246
GAAAGGTTCCTTATAC,246
GACTTGCAAATCAGTA,246
GCACTAACTGTGAAAA,246
GTCGGAATTAATGTCA,246
TATGTGTATTGACACA,246
TGTGGGTGTACCATGT,246
AGAAGTCTCTCTGTTT,245
AGACTTACGAGGTCAA,245
ATACGTATTAGGACTA,245
ATCGTAGTGGCTCAAA,245
CAACCATAGGTCACGG,245
CGCTTATAGGGTCCTA,245
CTACGGAGGAACTGTT,245
GAAAAATTAACGTCGA,245
GATCACGTACAACCTA,245
GATGACTGGAAATTTA,245
GATTCATGAAAGGATA,245
GCGAAATAACCCTTAG,245
GGACAGACGATAAGCG,245
GGTAAAATCCGATCCA,245
GTCTTATTCGTGGCAG,245
TAAAGGGTGCCAAACA,245
TACCAATTCCGGTAAG,245
TCGAGCGTACGGAGTT,245
TGCCGTTCACGTCCAT,245
TTTGCTATGATAGATA,245
TTTTGTGTTCGCTTAG,245
AACGCTAGCTATTCAT,244
AATAACCAATCGGTAT,244
AATATGCTAGGAGGCA,244
AGGATTTTCACCGTAT,244
AGTATTTTTATTACAT,244
AGTGAGAAATCAAGTG,244
CCTCCCCGATCTGATT,244
CGCCGATGACCTATTA,244
CGGACTACAGAGAAAA,244
CGTCATACTATATCAA,244
CTGATATTATTGGACA,244
CTTGCCGAATTCTGGA,244
CTTTGGTCACTCCTCA,244
GAATGGTGCAGCCGGA,244
GCTAATTAGTCAAAGC,244
GCTTAACAACCCGAAA,244
GGGCGTAAATGTATCT,244
TATCGAACAGACTTAT,244
AACCTGCAAGAAACGA,243
ACAGGTCTACGGTTGG,243
AGGTCACAGCCCGTAA,243
ATCATAGTGAACTTCA,243
CCTACCTAGCTTTGGA,243
CTAGGCTAAGGACAGA,243
CTCAATAAACAATAGT,243
GACAAACAGCAATAGG,243
GGAAGTCAGAATAGAT,243
GGTAGTACAGCGCCTT,243
GTTCCTTTCATTTTAG,243
GTTGCGAAAGTTCAGA,243
GTTTAGGTAGAGTATC,243
TAATGTATTTGTTCCC,243
TAGGAGGACATACGAA,243
TATGGACATCCCCGAA,243
TTGTTTTACGAAAAAA,243
AATCGCCCCCTGTTAA,242
AGATGCCACCCCCGTT,242
CAGAAGAAGTATTGTA,242
CATCTTTAAGTTACTG,242
GAAGGACCCTTGACAA,242
GAGAAATGCAGGGAGT,242
GCAATCGCCTCATAAG,242
GCGGTAGGTATGTAGT,242
TAAAACAAGGTGACAA,242
TTCCTATTCAGTTTTA,242
TTTCCCCGTTACTCCG,242
AAACAAAATATTGATA,241
AAAGCTGCACTCCGTT,241
ACGAAGCATCCAGTAT,241
ACGACGACCTGCTTAG,241
AGTTAGAAACTCGTCT,241
ATTAACACTGACTATG,241
CCAACGCGCCAGAGCT,241
CGCTCACTAAGGCAGC,241
CTTACCATAATGTTGC,241
GACTTGCACTGCAAAA,241
GAGGGGGGCAGTTTAG,241
GATAGAATCAACGCCT,241
GGAAGACTTTTCTAGG,241
GGAATAGAGTAGGGTA,241
GGATTTGTAGCCAGAT,241
TAAGCTAAACGGCTTG,241
TATAATAGTTGTTAAG,241
TATTTGCCTGAAAATC,241
TTCCGGTTAAACTTAA,241
AATGAACGAAGGGGAA,240
ACATATTTGGAAATAA,240
ACCTTTCGCAGTACCA,240
AGCGAGATTGAGGTTA,240
ATTATCACTAATCTTG,240
CAAGCCAACACTTCTG,240
CTCCCGCACTCATCTA,240
CTCTAAAGCTAGCCAG,240
GACAGTTCATCTCATG,240
GAGCTAGTATAAGGGT,240
GATAATACCCAGACGT,240
GGCCTAAATGCAGAGA,240
GGGACAACTTGAACGG,240
TTATGACTTAAGGCTG,240
AAAGTACAAGGTGAAA,239
AAATGGCTTTAATGAA,239
AGGGGAAAATACTCTT,239
AGTATAATCTACAGAA,239
ATTGCTGTTTTGAGAT,239
CCAGAAGCTTGTACAC,239
CCCCTAGGGCTCGCGG,239
CCGTTTATGAGGCGTA,239
CCTGTGGCACTCAAAA,239
GCATTCCACCGAATAC,239
GGATGCTAATCATACC,239
GTCCAATAAACATGTA,239
GTCGCCTATTGTCTCA,239
GTGCAATAGGCTGAAG,239
TATGTAGGAGGGGGGA,239
AACATCAACATACGCA,238
AACCAATAACAAGAGT,238
ACACAACGAGGGTACA,238
ACCTAAACCGATCAAA,238
AGACGACCACTCCTAA,238
AGGATAGATAACGTGC,238
ATAGGCGATTGGGACT,238
CCTCTTCAACCCAACA,238
CGCTAAAACTGACATA,238
CGGTACTACATATCAT,238
CTTAGTTAAGACGCGC,238
GACATAGGAAACAAGG,238
GACGCTTCCGAATGAT,238
GGACATTGATTAGTGG,238
TCCACGTCAGCGATGT,238
TGAACGACTGCATCTA,238
AACGGATAACTCCTGA,237
AAGCTATTTGGAGAGG,237
ACCTTCAAATCCGAAC,237
AGAACTACACCAACCT,237
AGGACGCACACTCCGA,237
CAATTGACTGCACCAA,237
CGATGTTGCCCTGACC,237
CTCAGCCCGAATGTAA,237
CTTAGGTGGATAAGGG,237
CTTTCATCAGGGAGTG,237
GTAGAGAAGCAGCAAC,237
GTATGGCAACTCCTGA,237
GTGCTAGATTCAGGTA,237
TACTACGGGCAAAAAT,237
TAGACCTAAGCTTCTG,237
TCATTGTCTGTATTTT,237
TTGCGGGAAAAGAAAG,237
AACAGGGGCAGGGCGT,236
AAGTCACCGTAATCGG,236
ACAAACTCCTGGGTTT,236
ACCAGGGCGCCCATAA,236
ACGGGATCTTCACAAC,236
AGAAACTAGAGCCTGA,236
AGAAGATAAATTCCAA,236
CAAGGGTAGAAATACT,236
CAGTGATTTACTTTGA,236
CCTAACGTACAGTAGC,236
CTAGCCGATATACGAG,236
CTGTAGTTAAGAAAGC,236
CTTTTATAGAAAGTGT,236
GTTTACTCACAGCGTA,236
TCAAGAGGAGCTCGAA,236
AAACGCGAGTACGAAT,235
AACTGCGAAAGTGCAT,235
AGAGTTCTTCAACTAG,235
AGCCCGGCCGGATATA,235
ATCCAATGACATCAAA,235
CCAATATAATTATAAT,235
CGACCGGGGACAATTA,235
CGTTACGTGACATAGA,235
CGTTAGACATTGAATA,235
GAAAAAAGACACCTCA,235
GGGCATGAGAACCGAA,235
GGTAATTACGACTAAG,235
TATATTAACGACTACA,235
TGCAGATATCGGGCGG,235
TGCCGAAGGAGCGGCC,235
TTACGAATCCGGAGGA,235
AAACAAGGGAAACCTA,234
AAGGAACACGGGATAA,234
ACACAAAAAATATATA,234
ACCGAGGAAAAGACAT,234
ACCTTGCGAATAACCA,234
ATTCCAAGGCTTTTAA,234
ATTGAACCGAAACACA,234
CAGAGGAGAACGTGCA,234
CAGTATCCCCGTTTTA,234
CATACAGGGCACATAT,234
CATTTTAATCATTCAA,234
CCAAAAGAGCTTTCTA,234
CGTGGGAACAGCAGTA,234
GGAGCTCCTAACACTA,234
GTAAGGCACGGCATAC,234
TAGCATGATTTATATA,234
TAGCGGTCCAGGTTCA,234
TCACGCACAAACACTA,234
TCAGACCCATGGCATA,234
TCGTCCACAAGTGCAG,234
TGCTTCTAACACAGCA,234
TTAATTTCAGCGTTAA,234
TTATTACGAGTTGTAA,234
AGATCATGCTCAGGGC,233
AGTAACAAATATTATA,233
AGTGACATCAAGTAAC,233
ATGAGTAAAACTAACA,233
ATTAAACCAAGCATGA,233
ATTAGCTGAATAAAAC,233
CCTGAGAACATGGATT,233
CTCATAATCCAAGGCA,233
GAACTAAACGCCGCAC,233
GACAATATATTACTGA,233
GCTAACTTGTGTTACC,233
GTCTACTAGTTGACAT,233
GTTTATTTATACTGGA,233
TAACATTATAGGTACA,233
TAAGTTCTCGTTAGGC,233
TCATAATATAAACAAC,233
TCCTTTTGATACCATG,233
TGAGCTCGGGTAGTGG,233
TGTTTGAGACTTTAGA,233
TTGCCAATATGAAGAC,233
AAAAATATCCCGGAAA,232
AACAAGAAACGAAATT,232
AACAATCAATATGGCA,232
AAGTCTAATGATTAAA,232
ACAGTTCACAGAGATA,232
ACCTAATTCCAATTTA,232
AGAATCGGATAAGGGT,232
AGATCTGGGGGCTGAT,232
AGTGGATTGATTTCAT,232
AGTTTGAATAACTGTA,232
CAAGCTACCCTGTCGA,232
CACCTGCTTTCATTCA,232
CATTAAGTACGAGAAA,232
CCACACGTAGTAACGT,232
CTAAGCAGGCTTGAGG,232
CTAATGGTCACTCACA,232
GATCCTACACCGCGAA,232
GGATCTGACACGTAGT,232
TAATGGCATAAGGGGT,232
TACAATGGTAGGACGA,232
TACCCCGCCCGCGAAA,232
TCAATAGAAATTGACA,232
TGCCTGGCTAACAAGA,232
TGCGTCCTTTCACAAC,232
TGGACAGTCTAACTCT,232
TGGCTTCTTACTAGGT,232
AACTTGTTGGGGAGAT,231
AATAGTCGGGACTGAA,231
AGTGGTGTATGTATAG,231
AGTTTAGATGTTCTGA,231
ATAAACTCATAATCAC,231
ATATCAAAATATAAGA,231
CAAACCGCTGGATAAG,231
CCAACATTATCCGAAT,231
CCTTAAACATAGTGGA,231
CGCAACGTACCGCATA,231
GCACCTTCCACCTACA,231
GCCGCTTTTCGATCAG,231
GCTGGGAGTTAGGAGG,231
TAATATTCTCGAGCGT,231
TACCAGCAGGCCGTTA,231
TATCGACTCTATGCGT,231
AACAGGAAAAGCTGAT,230
AAGCCTCAATAATCGG,230
AGACCTGTGACCTACA,230
ATACATCGATATGATA,230
ATAGATCCGGCCGTTA,230
ATTGTCCAACGAGTAG,230
CGGGGTAAAAAGCAAT,230
CTCCGGCAACACTGAT,230
GAATAGAGGAACAATA,230
GATACCGCATGAATGG,230
GCCAAATGGGAAGGGA,230
GCGCAGACTCCTTATA,230
GGGGAAGCCTATGCCT,230
TACGACTGTTTAGCGA,230
TCCCACAAAATGGCGA,230
TTAGGGGGGACAATGG,230
TTTAGAAGACCGTAAA,230
AACCTGGGGTTAACAC,229
AAGTAGTGCGTGGATG,229
AAGTTACGAACAATAT,229
AATGGGCAGATGACAC,229
ACTAAAAGAATAACAT,229
AGCAGAGGTAACCCTA,229
AGGACAGACCCATGCT,229
AGGGAATATAGACAGG,229
AGTGCGGAGCACTACA,229
ATAGACTTCGGATAAA,229
CACAGTGCCAGGTACA,229
GAAGGTACCGCGATAT,229
GCACGGTCCGGTCTCT,229
GGGAAAAATAGGTCCA,229
GTCGAGCACCTGGAGC,229
GTGAGCTCATCTCTAA,229
AAAAACAAACTCGAGA,228
AAACGAACTCGAACAG,228
ACAGAGATAGACGGAA,228
AGCATGCGCCCTCTGA,228
AGTGGACCCCCGGGTA,228
ATAACTACGGTCTAAC,228
CAAAAGCGGCCTATAA,228
CAAGCCCAGTCACACA,228
CCCATTCTCGCGACGC,228
CCTAAACTGACCCCGG,228
CTTCACTTTGCCAAAA,228
GAAATCTACAGATCCT,228
GATAATGGGATAGATC,228
GATAGTGTGTAGACAA,228
GCTGTTCCCGTCTAGC,228
GGACTAACATAATTAA,228
GGTATTAGTACGAGAT,228
GTCATACACAATTGGT,228
TACGTCGCAATGGTCC,228
TAGAATTGTTCGTGTA,228
TTACATAAAACTTGCA,228
AATTGTAAACATAATA,227
AGAGCGAAATAAGCTT,227
AGCGGAAGGCTAAATA,227
ATAGTAGCGTGAAACG,227
ATTAAAAAATCTTAAA,227
CAAATGGTATACTTAT,227
CAAGTTCGTATTACAT,227
CATACGCACCCATATA,227
CCCGCGAGAAGTATCA,227
CTGTTAAACTTTCGAA,227
GAAGACTAAGTAGCAA,227
GACAACTCCTTTTCAA,227
GAGTGAGCGGTTAAGG,227
GCCACCAAATATAAAG,227
GCGCATAGAATGGAGT,227
GGAGATTATTATGCGA,227
GGGAGTATAAGACAGA,227
GGGTGCGACGGGTAAA,227
TAATCTGTAGGATAGG,227
TAGCTAGATATATAGT,227
TCCTAAGACGCTAGAA,227
TGCCGAGCAGAAACTT,227
TGGGTACATGTAGAAG,227
TGTTTTACGGAGAATT,227
AAACATTAAAGACCGA,226
AACCAACTAACAGAAC,226
AACGTGCGTGGATTTA,226
AATTAAGGGGTATGAG,226
ACACTGCAGCCTTTGA,226
ATAACGTATCCTTATA,226
ATACTTACACCAATAT,226
ATAGACACTGACGAGT,226
ATCCTGCACAATACCA,226
CCACTAACGGACATAG,226
CCCCATAATCAACCGA,226
CCGATCACGAATTCGG,226
GATCCAAAATCAAGAA,226
GCACAGGCATCCATTT,226
GCATCATAGCTATCAT,226
GGAGATAGTACGTCTA,226
GTAGGTGGGTTACCTA,226
TCCATCACGCTTCCAA,226
TGTATGCGTAATCATA,226
TTCGAATGCATAGATA,226
TTTGTGTAGAAGGTCT,226
TTTTAAGACACAGGGA,226
AAAGAAACCCGCGAAT,225
AAATTACATTCCTATA,225
AACAGAACGAACAGAA,225
ACCGTACGTCATTTAA,225
ATATAGAACGGGAGTA,225
CTACACCCAATTGTGA,225
GGAGCCTCTTTCGGAT,225
GTGGCGTTGATGACAA,225
TAAATAAGAGGTGATA,225
TAGAATGTAAAGTAAA,225
TAGAGGAATTGGTGAA,225
TATAAAATGATATATA,225
TCGCCGAACGTCTGAA,225
TTTGCAATTTGTCAAA,225
AAAAGCCGACATCCTC,224
ACCAATAGTAAACTGA,224
ATCAAAATTCCCGGGA,224
ATGAATTCTGGTATAT,224
ATTAAAATTATTCTTC,224
CAAACATAAAAGCCCA,224
CAAGTAAAATATGGGA,224
CACGAAAAGCAAAGAT,224
CATAAATTCAAGGAGG,224
CATGGAATCGCTTCCA,224
CCACTCCATTTAGGGA,224
CCGTCAGAAACATTAT,224
CGCGGTCAGAGCGCAA,224
CGGAAACTATGATATC,224
CTTCAGGTCCCGGGAG,224
GAAAATATCCACTGTA,224
GAGGACCACAGCCAAT,224
GGAGGAAGAAGGGACG,224
GTGAGTTACGAGCAGG,224
TAATCGACACAGGGGG,224
TAGACTAGAGCAAGTT,224
TAGGTTAACACCGGGT,224
TGGATGTAGTATAAAA,224
TGTATCGGGCAACATG,224
TTCGTTGCACAAGAAA,224
AAATACTATATTGTAA,223
AACACGCACCAGACTA,223
AACCGAGGTTAAGTAA,223
AATGTACACAATCATG,223
ACATAATTTTTAATAA,223
ACATTTACCATATCTA,223
ACCCCACCCCCAAGCG,223
ACGGCCTTGGCCAAAG,223
ACTAGAGCCCGATAAG,223
AGAACCCATAATAGGC,223
AGAAGGCAAACTAAAC,223
AGCCTGATCTTGTGAG,223
AGGGTTAGATAAACCA,223
CAGTATATGGTCACCT,223
CCAAAGTAGCTGCTCA,223
CCCATTCGGTACATAT,223
CCTTCTAAATGAATCT,223
CGAAAATGAGATGTAT,223
CGAGAGAAATACCAAG,223
CGATCTAAGTCAGTAC,223
CGGATCATCAATGGAA,223
CGTTAAATAGATATAG,223
GAAGTCATATCTAAAG,223
GAGTCTCGTATTAGTG,223
GCCCCCCTCTTTAGAG,223
GGTAGGCAAGACGAAA,223
GTGAATAAGACGAGAA,223
GTTGATATATAAATCA,223
TAAGATTAGCTTCAAT,223
TGATGGAGTGCAGCTA,223
TGGAGCAGGCGACCTA,223
TTGCAACTAGATGTGT,223
AAAAATGTATCGTTCA,222
AACACTAGGGGATATG,222
ACATATAATGCCATCA,222
AGACTTGCCACCGCTA,222
AGCTAATTTACATACA,222
CAAAGCCTAAACTTCG,222
CCAGCTGTCAAAACTG,222
CCCACGATCTGCCCCT,222
CCGTACTATTGCCCAG,222
CCTAAGACCAAAAGGA,222
CGGACCCTGCGGTACA,222
CTTAAATAAGTATGAA,222
CTTCCGGGGACCTCGA,222
GCGACTAAGCAGGGTT,222
GGAAGGCAATATGATA,222
GGGGGTTGAAATAGAT,222
GGTTGAATCATAAATT,222
GTACAGCAGGCAGCAA,222
TAATGCGAACTCCCAA,222
TGGGCTATTAATCTGA,222
TTGTTCGGGTTTGAAA,222
AACATATGAACGCAAA,221
ACGTGAACAGCCCCTA,221
ATAAGCACGTATATAC,221
ATACTAAATACGAAAA,221
ATATACAGTGTCTATG,221
ATCGCCGTAATAAAAA,221
CAAACCAACTGACAAC,221
CCTCTAGAATTTGCCA,221
CGGGAACTCGAACCCT,221
CGTAATAGCGTTAAAT,221
CTATACAACCTATAAA,221
CTATTAAAGTTAAGTG,221
GAACCAAGCCATTGAC,221
GATTACCAGGTTATTA,221
GATTATTAGAAGATTG,221
GCAACCGGGGCCTGCG,221
GCCAACAATAGGTCGA,221
GCCGCATCTGTAATAT,221
GGGGGAAGGAAAGAAG,221
GTCAAATCGCTCGTGG,221
TCCGACTTAAAAGGGA,221
TGTGTGGGCCATGGAT,221
TTAAGGAATACTTTAA,221
TTCACTTTAGCTTGAT,221
TTTGCGTATAGAACGA,221
AAACGTTCTCGCCTTA,220
ACCGCTTAAAATGGGT,220
ACGAAACGACCAGCCA,220
AGAATCGGGACAAGAT,220
ATACGGATACGAGATC,220
CAATAGTCATAGCCTT,220
CATCATGCTGCCTGAT,220
CCAGAAGTTTTGAGGA,220
CGTACCCGAACATTGA,220
GACCGAACCCTATCAC,220
GAGGGTGAAGTTGAAA,220
GGACCTTCTGTCTACT,220
GGCTTGTTCTAAGAAA,220
GTTATGAGCATTTCAA,220
TAACGTGATTCGTAAG,220
TCAGCAGTTGACGATA,220
TCCTGACTTAACTCCA,220
TCGCACAGGATGACAC,220
TCGCTGTCGGCAATAT,220
TGGATGATTGACTATA,220
AAACACGCTGGGCCAG,219
AAAGGAGCAGAATAAG,219
AAGTCAACAATATGCT,219
ACCAACGGAATTCTAA,219
ACCGGCTTCGGGGTAT,219
ACTTTAACTTGTTTTA,219
AGGCTACTACGATAAT,219
AGGTTGGATTCCGGAG,219
CAAGAGATAATCAAAT,219
CATGTAAACGTATAAC,219
CCTTGAGAAGATGGGT,219
CGGGAAATTACTAAGG,219
CTGCTTACTTGTTAGG,219
GAAGAACGAATAATAG,219
GAAGTGAAGATTTTTT,219
GACTGGAGGCAATGCT,219
GCCAAAACTGGATCCA,219
GCTGTTGTACGAGAGA,219
GGGAGCCCGAGGGCCA,219
GGGGGACGAGGAGCTA,219
GGTCTGGGGTGATCAA,219
GTCTTACACCGAGGAG,219
TAATTAACAAAACTAG,219
TAATTGTGATATTCTT,219
TACAAAATTGAACAAA,219
TAGGTAATCTTTAAGA,219
TATGTGTATGAGTTAA,219
TCGAAAACAGAAGAGA,219
TCGGCGGGGCAATAAA,219
TGCTAACGAGTCTGGG,219
TGGTATATAAAGTAAT,219
TTAGTTACTAAAGAAC,219
TTTAAGTGTTTAAAAG,219
AAATAGATAGCACACT,218
AAATCTGATGTACGAA,218
AAGTCACGGCTCTCCA,218
ACGTTCAAGTCATACC,218
AGCCAGAGTGTCCCAA,218
AGCTAAAGCTCCAATA,218
AGGACATCGACAGTAG,218
ATTATGTACCTCGATG,218
CAAACAGCTGGGTAGG,218
CACAGATATCGCGAGG,218
CACTAACGACCTTCGA,218
CAGCCCCGGAAAAAGG,218
CTACGCCGACTCCCGG,218
GAGATTCATTCAGATT,218
GATGGTGAAGACAGGT,218
GGAAATCACTAGACTT,218
GGGCCCCGGCCTCGAT,218
GTAACTAGGGCAAATG,218
GTAGGAACTAGACAGG,218
GTCTGTTCAGACCTGA,218
TACGATACAAAGGGAG,218
TACGTACGAAACTCCA,218
TACGTCACACATTTCA,218
TCATTGCGTAATGAGT,218
AAGACTATACAGTATA,217
AAGTGTGGTCTTTCTA,217
AATTTGATAAACGGAT,217
ACGGGGGGAGGCCAAA,217
AGACATTGGATATATA,217
AGCTTCGCACGCGTGT,217
AGGGGCTTCAACCAGG,217
ATACGCGGTAGAGAAG,217
ATCCCACGTTAGCTTT,217
ATGCAATAAGACTCGA,217
ATTAACACGGTGACAA,217
CAGCGATGCCTTATAA,217
CATAGCAGAAAAGATT,217
CCGGCTAGGGACGGAG,217
CGCCCTTCAGACATAG,217
CGCTATAGGCGATGCC,217
CTAAATGAAATCGACT,217
GACATATTAGACTCGA,217
GGACTAGCACGGTAGG,217
GGAGAAAGATGATCAA,217
GGAGTAACGGTCCAAA,217
GGCCATCGTCTAATAC,217
GGGCGAGGACCGTAAA,217
GTATGCGATATTAGAC,217
GTCACGTGCCATGACA,217
TAAACAAAATAAACGG,217
TACTAGTATCAGTATT,217
TCAACTTGCATTCCAC,217
TCAATTCGGCACAATA,217
TCTCCCATACTTTAAT,217
TCTCGAGGAAACATGA,217
TGAAAATAATCTAGCA,217
TGACTTTTGCAGGGTT,217
TTAAGCCCTATTACTT,217
TTGTCTCATCTGAATA,217
AAAACATGTTAATCAT,216
AATAAGCAGCGAGAGT,216
AATCATTGATACACAT,216
AGTCGCGACGTCGGGT,216
ATCGTATAAATTTCAA,216
CATTGCTAAGCCAAAT,216
CCCGACGATTCAAACC,216
CCGGAAATTGAGTAAA,216
CCTAATACTCACGAGA,216
CCTCGGTTTACTGCAA,216
CGAAGGCCGTTAGCAA,216
CGGACGGATCCCGAAT,216
CTACGGAATTAGGCGA,216
GCGAGTGCCAAGACAG,216
GCTCTGGTACTTTAGA,216
GGGGGAAGCTAAGGTA,216
GGTCGCACTTTAATAG,216
TATCAAACAGTATAAA,216
TATTCGCACGAATAAA,216
TCATTTGTTGGTTCAT,216
TGAGCTCACTGCATGG,216
TGGACTAGTGAGATTA,216
TTAGATGCCCACGGGT,216
AACCAAAGATAGAACA,215
AAGTATTGAACTTCTA,215
CAATAGGAGAGTGTTA,215
CACAAAATCGAAGTAC,215
GAAATGGTTGAATAAA,215
GCAACCCGAACTAAAA,215
GCCGATTTTATAAGAT,215
GCTTCTGAGGAGTATG,215
GGACGTAAACGATAGA,215
GGTAGATATAATGAAA,215
GGTGCGAGAGGGGAAC,215
TAAACGAGACAGATCA,215
TAAGGCAGACAAAACT,215
TAGGTTTATACAAGAT,215
TGATTGGATAACTGCA,215
TGTTAGGAGAATGTCA,215
AACAAGGATCTAGCCA,214
AACGCAGTTCAGTGGA,214
AATGTTCAAATATAAA,214
ACATCAGGGCGACAAG,214
AGACTAGGCGATTTTA,214
AGCAGACCTCAATCGT,214
AGCTGATTCTTTACTG,214
AGGCTAGACATATGAC,214
ATCTGAAACCTTGACC,214
CAAACGTTGCATGCCA,214
CAACTAAACAAATAAT,214
CAATATTATGTTCAAA,214
CACACATCACGGTGAT,214
CATAGTATCTTATAAA,214
CGGGCACGAGAGTTCA,214
CTATAATGCTCTTCCT,214
CTGACTACGATAGGGA,214
CTGACTATAATCTAGG,214
GAACTTTTATCGGTTA,214
GACCAGTCCTAAAAGT,214
GATTTGGTATTTGCAA,214
GCTAGAAAAAAACCTA,214
GTAGACCTATGATGAC,214
GTTAGAGGAAAGTGTC,214
GTTTAGGGAGCTAAAA,214
TTTATTTAGTTGTCCA,214
AACGCCTGGAACTAGT,213
AAGTTAACGTCATACT,213
ACAAAGAGCTACCTTA,213
ACTAGCAGTCAAAATA,213
AGACACGAATATATTA,213
AGTAAGCTCCATTACA,213
AGTGCATAAGGTGCAG,213
ATGAAGGCCATGAATT,213
CAAGATTCAATCTAGG,213
CAATCACTGACAAATA,213
CACAATGGGAAAAGGT,213
CATAAAAACCTCCAGC,213
CCGCTGGAGAAAGAGT,213
CCTAAATAATTAGCTT,213
CGACGATCTGTCAGAA,213
CGATAGTGTGTGAAAA,213
CGGACCACCATCCTAG,213
CTACACAGAGGTTCAG,213
CTATTATTCTTCCGGA,213
CTGTTACAAAGTTCTA,213
GAGCTCATCCAGCATA,213
GATCACTTCGGATTAG,213
GATCCTAACGTACAGG,213
GGAGGGACGAGTAAAA,213
GGCAAACCTAACTGAA,213
GGGTAATGTCTACTAT,213
GTTCCACCAAGCTAAA,213
GTTTGGGTATACCCTA,213
TAAGAATACCTGCGAT,213
TACGAAAAGTTACAAT,213
TGAGCCCGTGAAACGC,213
TGAGCGTTAGAGCAGG,213
TTGCTGTTGTACGAGG,213
AAGATTGATTCAGTTA,212
AAGGAAGTACACCCAC,212
ACCCTCAAACTGATTG,212
AGAAAAAAAGGCCAGG,212
AGTCTGAAAAGAACAT,212
AGTTAACCGTATAGGG,212
ATACAATTAGGCTACT,212
ATCAATACCGAGGAGG,212
ATTTAAGGGGAACAGA,212
CAAAAGCACCGCGTTG,212
CAGACTACTGGCAACC,212
CAGATCAAGACTGTAA,212
CAGGGGGTATAGAATA,212
CCACAAATTATAAACA,212
CCATAAAGCTAAGTCA,212
CCATAATACTAGCATT,212
CGAAGTGAAATAGATC,212
CGGACAGCCCATTGTG,212
CTCACAATGTAACGTA,212
CTTTGTTCAATACAGT,212
GATAATGTTAGACCAT,212
GCAGATACGAGCAGGA,212
GCATTTGCGAACTGAC,212
GTGAAACACCGCTCAA,212
TAGAATATAATAATAT,212
TATAAAAAAATGGAGA,212
TTTGGTTTCTCAAATG,212
AAAAAATCGAGGATAA,211
AAAATCTAAACCATCG,211
AAGTGAAGAAATCAAT,211
AAGTGCGGGAGTCTGA,211
AATGAATAAACGCATA,211
AATTGAGCCTGAATCG,211
ACGGTTCGCAACCTAA,211
AGGAATTAGCTTCGAC,211
AGGGGAATGTAAACTA,211
AGGGTGGATATATTAA,211
CCCCGTGTCTAATCAG,211
CGCCCGTGTCTGTGAA,211
CGCTTTCAACAATAAT,211
CGGGAGAAAACACATA,211
CTAAATCGAAGTTACA,211
CTGTAATAGCACCGAA,211
CTGTCCTTCCGAGCGT,211
GTCCAGCCTTCCCACC,211
GTTCAAAAGCTGATCT,211
TAGTCATTAAGAGAAA,211
TAGTGGACTAAATTTG,211
TGAACGTAAAATTTCT,211
AACGTATGAACCGCGA,210
AACTGGGGAAGCATTT,210
AATTACCATGACCGCT,210
ACCTATCCCCTACTGA,210
ACGAAAAGGAAAGTAA,210
ACGAGCCATACTCCCC,210
ACGATTCCACCAGTAA,210
AGAACCTCTTCCCTAA,210
AGAGGCACCAGGTCTA,210
AGTTACCAGTACCAAT,210
ATAGGACGTACATAAT,210
CAAAACTTTTTAATGC,210
CCGAAATAATAGCTAC,210
CCGGACCGACATCATG,210
CCTATATGAAGGTACC,210
CGAACAAAAGACTGGC,210
CGCACAGATTGAAATA,210
CGTAAGAATGTTCGAA,210
CTATCAAAGCTGGCAA,210
CTCCCTAAGAAAGGGA,210
CTTTTTCAGAATCGAG,210
GAAACGGAATAGTTAG,210
GAACTTGCGTACACAA,210
GAATACAAAGCATAAA,210
GAATGACAACACTCGC,210
GACCCTTGGCGATAAA,210
GCTATACAATGCCTTG,210
GGGGGTACACAAGTCA,210
TAAAGGATGAATACAA,210
TAAGCTCCTTCGGTTT,210
TCAGGCACAGCAAGAT,210
TGAAAATGGTCAGTAG,210
TTGTTTGGAGAAAAGT,210
AAAGGTCCTGTCCAAT,209
AACAAGCCAAAGTACA,209
AAGTACGGGGATGCTG,209
AAGTGTCAGCCATTTA,209
AATATCAGATAAGAAG,209
ACACGAAGCCCTAGAT,209
ACAGCTTAATAATGCG,209
ACCTATGATCCGTGAC,209
ACGTATCCGCGAAAAC,209
AGGCAACCCATCGATG,209
AGTACAGCGGGAAATA,209
ATACACTACCACCCTA,209
ATACGGTGCCTCAGCA,209
CAACATTACCGGCCGA,209
CCTCCCTTAACTGAAT,209
CGAGCACGACTAACGA,209
CTCTAGAGTCAAAATG,209
CTTAGGCTACGGAACA,209
GGACCACAGAATAGGA,209
GGCGTTATCAGTAGGT,209
TACTACTTCGCGGAGA,209
TGGCGGTTGAAGCTAT,209
TGTGACATATCATAAG,209
AATGTAAGAGTCCTAA,208
AATTTCACCGAGAGTC,208
ACACTAAACTGGAAGA,208
ACACTGCTAGAATGTA,208
ACCCGCTGAGATGGCT,208
ACGGATTATACACCAC,208
AGTTAATCGGTAGAAG,208
ATCCAAGTAGCCATAT,208
ATCTGCAATCAGCATT,208
ATTCACAATGAAACTA,208
CAACATTTGGTTATAA,208
CCCATGAGGGTGGTCA,208
CGTACCCAAAAATAAT,208
CTATCTATAACCAGAA,208
CTTACCACGGAACGAC,208
CTTTAGATCCCACCAA,208
GAATTAGATATCTCTA,208
GACACAAGCGCATTAA,208
GACGGCGTCCATCTAA,208
GAGCTCCTGGTGAGGA,208
GCAACCCAGACTAAAA,208
GTTGCCAGATGAGGTA,208
TAAAGAGAAAAAGGGT,208
TAAGTGGCGGATTGGG,208
TGAGGGCCATTAATAG,208
AAACCCGACAAGTGTA,207
AAGAAGTCTTTCAAGT,207
AATACGGAAACCGGTA,207
AATCATAGTCTCGTAT,207
AATCTGTACAAACACA,207
ACTAGGTATTGGTGAT,207
AGAATCTGTGATTATA,207
AGGAAATGCAACCTCC,207
CTCATAGAAGTAATTA,207
CTCGACCGTACGTCAC,207
GACGTAGGCCTATAGT,207
GAGATCCTCGAATGCA,207
GCATGCATCTTAATGG,207
GCATTACCAATCACAA,207
GCCACTGGTAAAACAA,207
GCCGGAACTGCTTAAA,207
GCTAATCAATAAGCAA,207
GCTTAACATCGCAAAA,207
GGCCATGATTGGTGCA,207
GGGGATACGGAGGCTA,207
GTTATCCGTAGCAACG,207
GTTGGGATGATTCCAA,207
TAACAGCGTGATTAAA,207
TACAGGGAGTGGCAAG,207
TACTTAAGCAACGATA,207
TGATAGGTTACTAACA,207
TGCCACTTGACAACAA,207
TTACGCAGCTTGAAAG,207
TTAGGAACTATCCCAC,207
TTGAACTGCAATAACA,207
TTGGCGCATCCTATAT,207
AAAACTCGTAGCGTGA,206
AATAACGAAAAAAATG,206
AATAGCGATGACCCAA,206
AATGTCAGCGATCAAT,206
ACTGTGGTGTACCTGA,206
AGTCAATAGCGATTAG,206
AGTGACGTGTTTGTTA,206
ATAATTGACGCTGAAG,206
ATACTTTTGAAAAGCC,206
ATAGCAATGAACATAT,206
ATATAAGATATCTTCA,206
ATATTCAACCAATCAA,206
ATGGATTGACCGGGCT,206
ATTTTCGGTATAACGC,206
CGAAAAGAACTATGGG,206
CGCTCTAGGCTAACAT,206
CTGTCAACAACCGCTG,206
GAAATAGGATTGGAGA,206
GAGTTGTTAAGCTAAA,206
GCAACGGAGGGCAGAA,206
GGAGCCTTCCTTCCCA,206
GGTACAGAGATTCGAA,206
GTGAACCACTTCAAGA,206
TAAAGCTAGCTAATTA,206
TAACTTACAGTTAATT,206
TATGAATGCATATTTA,206
TCCAACAACAAGGTGT,206
TGCCAGGGGAATGTGA,206
TTCAAGCAGCACTAAA,206
TTTAGAGCTCATACAG,206
AAATAGTCACCACAAT,205
ACAGGGTGAATGAGGA,205
ACTAGCCAGTGTTCCC,205
AGATTAGTGCGGATGG,205
CAGACCTAGGACTACC,205
CGTTTAATGTGAACAT,205
GAAGAGCCAGAGCATA,205
GCAAAATCTCGTACTA,205
GGTTTCCATGCTATTA,205
TAATTCGTGCTTAGGA,205
TACGATGTTCAAGTCT,205
TAGCAGATCACTCAGA,205
TCTGGTACAACCAGTA,205
TGGAAATTCAAAGATA,205
TGTAAAATGCTCGAGA,205
TTTGGTAACTCGCGGG,205
AAAAAACGGGAGTAAA,204
AAATGTAAGCCTCACA,204
AACTCCTAATGCGTAG,204
AAGTGAATTGTTTTAG,204
ACAGACAAAGGATCAC,204
ACTCTCGACTTAACCA,204
ACTTGTTACAAATGAA,204
AGTTATATTACACACT,204
ATAACACAGAACCCGT,204
ATAACACCACAAAAAA,204
ATATCCAGACCGGGGA,204
ATCAATCCATATATTG,204
ATTTATCGCCCTGGTG,204
CAAAGTGGATTCTTTC,204
CACACGAGTGTTTAGA,204
CATATTACGCAAGAAT,204
CATTGAACGTCTGTTA,204
CCAATACTTCTTTGTT,204
CCGGCAGCTAGCCCGT,204
CGAACTGCGTATGGTT,204
CGCTTACTGGAACAAT,204
CTACTATAGTTACCGA,204
GAACGCATGAATGAGT,204
GACGCGTAAAATCACA,204
GAGATACACTTAAAGA,204
GCCGCTAAACTAAAAC,204
GGCCTAGTGCCAAAGT,204
GGCGTCATCATGAAAT,204
GGGCTCGAAATAATGA,204
GTCAGATCACCGTGAT,204
GTTACATATATGCATA,204
GTTCATAAACTGGGTA,204
TAATTTAGGGCATTAC,204
TGGGTGAATTAGGGAT,204
AACTCTCGATGAGGAA,203
AACTGGGATGTCATGA,203
ACCATGAAGACGAAAG,203
ACGTTTCACAGCGGTC,203
ACTAGAAAGGAATAAG,203
AGCAATTGCAGACAGA,203
AGCATCACATAAGCAA,203
AGGAATATGCAAAATA,203
AGTCCAACAAATGTAC,203
AGTCCATCTTGACCAA,203
ATTCAAGTAGACAATA,203
CCGTCTACCCTTCAAT,203
CGCAAATCCATGGTTG,203
CGCTGCCATGTGGTCA,203
CGGCACAAACACTCCT,203
CGGCTGTATAAAGACA,203
CTTCAAATCAGCATCG,203
GACGTTAATTAACAGT,203
GAGAGGACGGTGAATA,203
GTGGAGCTTCAAGGAT,203
TAAACGCGACCACTAA,203
TCACGTCTACAAGGTC,203
TGAATCTAAACTCAGA,203
TGACTAGAGAAGCATT,203
TGTTAGATCCACTCGA,203
TTAAATTTGTAGTAGT,203
TTGTATCGCAAGCCAG,203
AAACTGGTAAGACCAA,202
AAGTATGCCGCATTCA,202
ACGTATCTTGCCTAAA,202
ACTTGACACAAGGCAG,202
CAATAGGGTTACATAA,202
CATGTAGTTAGGCTGC,202
CCCCACACCTCTGGCT,202
GAACATTATATATTTT,202
GAGAAACTCTCAACCG,202
GAGCCAAGGACGCAAC,202
GATCCTCGAACTCGAT,202
GGGAATGATATGACAG,202
GTATGAGTACAATAAA,202
GTGGAAATTAACACAT,202
TAAACAGTTCCAGGAC,202
TATCATAATGAAAACA,202
TCAGAACCATCCTCCG,202
TCAGCCTAGACGAAAC,202
TCTCGTTCGGGGTAGT,202
TGATGTCCAGAGCCAA,202
TTAAGTCAAAATGACA,202
AAAACACGAGTTATTG,201
AAAATGACAAAAGAGA,201
AAACTAGATCATATCA,201
AAATTAACTAAAAAGA,201
ACCCAGATAATTGAAA,201
ACGCAGTATTGAAAAA,201
AGAATCAATAACAAGT,201
ATCCGATCCATGTGTG,201
ATCGAGTGTGGAAATT,201
ATTAAGGCTGAAGCAA,201
CACCATCCCTCACTAG,201
CGAGCTAGTCATGGAC,201
CGCGAACGTGGGTAAA,201
CTACTATTATAAATCA,201
CTATAAGACGATCACT,201
GCAAACCGGGAACACT,201
GCAAAGTTGTATAGGA,201
GCACCTCAGAACTCGC,201
GCGCATATAATTTTAT,201
GGGGTTTTATACTGGA,201
GTCTAAGAGGCATATC,201
TAAATGACGCAATGTA,201
TACTATTACAGGATAG,201
TATGAATTAAACGACT,201
TCAAACCCACACAGAA,201
TCACATCATACGTTCA,201
TGACATGTTTGGTAGA,201
TGCAATACTAACCAAC,201
TGGAATGCCTCCGATA,201
TTCGTTGGGTCCACTA,201
TTGGCTGGAAAATTTA,201
AAGCGATATATCCAAA,200
AATAACAAACACCAAT,200
AATTAACAAATTTGAA,200
ACATGTAATAAGCTAA,200
ACTAATTATATGATAT,200
AGGCTCATCATACAGA,200
ATAAATGATTAATAAT,200
ATCTGGTTGGCTATAA,200
ATGTAGATATCCACCA,200
CAACCAGAGCACCCGA,200
CGTTACTCGCAATCAG,200
CTAACTTTACACCCAT,200
CTACCTGTTTGAGAGT,200
CTCCATACTACATAAG,200
GACGGCATTAAAGCCA,200
GCTAGCGTGATAGGGT,200
GGCAAGTATCACCAGA,200
GGTCAGCTGCACGAGA,200
GTAATGCTGTACGCCT,200
GTTCAGCGACCTAACT,200
TAACACGGAATAAACC,200
TACCTAAAATCTGGAA,200
TCCTAAGCTCTTGATA,200
TGATCACCCTTTACTA,200
TGGTAAGGCTGAGATT,200
TTAAGTAACAGACAAT,200
TTGAACGCTCTTCGGA,200
TTGTGGCATTTACGAA,200
AAAATGGGAGGAATAG,199
AAATAAGTGATTGTAA,199
AACGAATAAAAGCGAA,199
AATCGTATGCCCATAC,199
ACTAATCTGGACCTAA,199
AGATATCGGAATCCGA,199
AGATTAGTTGTTTCCT,199
CAAAATATATTCACAT,199
CAACCCTCTTAACACA,199
CAACGTACCGAGGATA,199
CAGATACCAACCTAGA,199
CCAACGTCAAAAAAAG,199
CCTAAGTGCTAGAGAA,199
CGACCCCACTTAGACC,199
CTAGAAAAAATGCTTA,199
GACCTTGTAACCTAAT,199
GACTGCTTATATTGGT,199
GATCGAAGCAAATCAA,199
GGAGAATGGATGCATA,199
GGGAATATGTTGTAAA,199
TCCACGCGTTATCATT,199
TGATTAGCCATACGGT,199
TTCCAGCCTATTATAT,199
AAAGATGGAGTGTCCG,198
AACACAGATGAATCGA,198
AACTATTATATCCCGT,198
AATGCATCTTGTATAA,198
AATTCGCCTTATATGG,198
ACGTCTAACGGGGATT,198
ACTTAGCTAAACAAGC,198
ATCTAGAGAAGTATTA,198
CATGATACGCTTATGG,198
CATTCCTATTCTTCAA,198
CCATAGCGAGAAATAT,198
CCGAACTATATGTTCT,198
CCGGAGCATAGTAGGT,198
CTAACTGTCGGTTCCA,198
CTCGTTCAGGCTTGGG,198
GCTGCACGTCCTTCCT,198
GGAACAATAACGTCGA,198
GGAACGAGCAAGAACA,198
TAGATTTGAACGTTAA,198
TATGGCGAAATTATAC,198
TCATGAGCATCCTAGG,198
TCGCCAATGCTTTCAA,198
TCGCGACGCGTAGTAC,198
TGGAAGAAGGGGAATA,198
TGGCACAAATAAAGTT,198
TTAACCGCAATTTACT,198
TTCGCCCCGGAAAACA,198
TTTACCTTTAACAGTT,198
AAAAAATAGATACAAT,197
AAAAAGATTTACTTTA,197
AAACGACCACGCCTTA,197
AAACGCGTCTAGGAAG,197
AACTAAAGGACGTAAA,197
AGAAAAAACAAAATTA,197
AGAAGTAGCAAGGCCA,197
AGAGCATTAAAAACAT,197
AGTGTTATATGAACAA,197
ATCCCTCCCGACGCAA,197
ATCTCCGTTGTACGCA,197
ATGCAGATTGGTTTTA,197
ATTAACCACAGTCCAT,197
ATTGCAAGGAATGCTC,197
ATTTAATTTACTGGGA,197
CACCAACTCTGTTAAC,197
CATTAGAAACAGAGTA,197
CCAGTGAACCAAAGTA,197
CCCTCTTACAGTCTAC,197
GAATGTTACAAGCCCA,197
GAGTATAAACCGCCCA,197
GATGGCTTGCCATTAA,197
GATTCTCCAAATAAAA,197
GCTTCAAGCCTTACTA,197
GTAGACGATTATGTTA,197
GTGAGCTAAAGTTAAA,197
GTGTTAGCGAAGAGTT,197
TAACTCAAACCAAATA,197
TAGAAAGAATGCTGTA,197
AAAAAAATGGACTAAG,196
AAGATATATATAATAT,196
AAGGGCTTGTTAACTA,196
ACAATATTGTTGAATT,196
ACCGTAACTATTAGTA,196
ACTCTGTCAATCCAAA,196
AGAACGTTTGATCACT,196
AGACCAACCTAACACT,196
AGTATGTTCACTAGAT,196
AGTGGAGATCAAAGAA,196
AGTTCATTGTAATCCT,196
ATAATAACACTATGGA,196
ATCTTTCAGTACCAAT,196
CCAGATAAATGTGAAA,196
CCATCATAGAAGCATA,196
CCCAAGATGGCTCTTA,196
CCTCATAAACAGGTGT,196
CTTTTTCAGATTTTGA,196
GAAACACACAAAAAAT,196
GAAGGGTGAGGACCTA,196
GACAAAGGAACTTACT,196
GAGCCACCACTCTTAC,196
GCCAGTGACGGGGTTT,196
GGACAATAGCTCTATA,196
GGTGACGTGCGATTTA,196
GTACCCATTGCTGGAA,196
TAATATTACATCGTAG,196
TAATTAATGCCAGCAG,196
TACAAACAGTATTAAG,196
TAGAAACTTCACCATT,196
TCAAACCCCGCCCATG,196
TCACCCTACTCGGTCT,196
TCTGTTACGTCCAGAA,196
TCTTTCATCCTATTTA,196
TGACCGATAGTATAGA,196
TGCTGGCATGCATCAT,196
TTGAGCAAAGGATCAA,196
AAAGAACAAACAATAC,195
ATAGAAAATGAAGCAA,195
CAATGAACGACCACAT,195
CACCATCTAATATAAT,195
CATCCTATACCGTATG,195
CATTGGGCCAATAGGA,195
CCCAATGTTTGACCAG,195
CCTGAACACGCCCAAA,195
CGAACGGCATTGCCTA,195
CTAAGCCAGGACTCAA,195
GAACGCTAGACTTATG,195
GAACTAAAAACCGGAG,195
GACGTGAGGTGGTCTG,195
GCCACATATTATTAAC,195
GGGCAAGCAAAACTTA,195
GTTGCAAGGCTACTAA,195
GTTTACAAGTATAGTA,195
TAGTAGCTCTGCCATT,195
TAGTCGAACATGATAA,195
TATAATATACCATAAA,195
TATGGAGCTCGACAAA,195
TCAGGTGATCTGTCAG,195
TCGACATGGAGATATG,195
TGCTGAGATTCATCCA,195
AAAGGTAGAGGACAAA,194
AAATCTAATTCATATA,194
ACACATCAGTAAGATA,194
ACACGCATAGCGTTAT,194
ACGATATAGAGCATGG,194
ACTACCGGCTGCTATA,194
AGAACAGCGCGGGAGT,194
ATAATGGCCAGCCGCC,194
CAACGCAGGAATGGTA,194
CACTGAACAGAAGTAT,194
CCCCTCGCCTGAATGT,194
GACTCCATATTAAGAG,194
GCTATTCCCCGGGCAC,194
GCTTAGCATATCAAAG,194
GTAACAAGATATTGGT,194
GTCAAGCTTTCCAGTA,194
GTCGTACACTTAATAA,194
TAATAGAATCACTTAA,194
TACTATTCTGGGTAAG,194
TAGGAACAGTTAAGCT,194
TATAGGAGATTCTCAT,194
TCAAAAACAACAGATA,194
TCACTTTATTAAACGG,194
TTGATTGCTGAACATA,194
TTTTTTAAAGATCCTT,194
AAAAATAGAAACTGAT,193
ACATAAATTTAAAAGA,193
AGATATTAAATCGTAT,193
AGGCTACGCGAAATAA,193
AGGGTCGAGACTCATA,193
AGGTCGGCTCAGACAA,193
ATGGAAATATGCAGAA,193
ATGGTAAACCCACTAA,193
ATGTAACACTGAAGTG,193
ATTGCGCAGAAATTAA,193
CAACACATACACTTGT,193
CAACACTAAAACGGAG,193
CAAGGGGCTGGCAATA,193
CACCATGATAGCCCTG,193
CACTGATACATTCACA,193
CAGAATCCTACGTCAA,193
CCCTTTCGACTGATTA,193
CGGTCTCAGTGGCATA,193
GACACGTACTAGGGAG,193
GCCAATATTGAATTCA,193
GTAAAGTTGTACAATA,193
GTGGTCCAGGAACTAA,193
TAATTTCTTCTTATTT,193
TACCTATCTAAATTTT,193
TCATAAGACGGCCCGA,193
TCGTGAGCCCGACAAA,193
TCGTTAGAATGAAAAC,193
TGAAGGCAGTACGAAA,193
TGAATGTACGAGCCAA,193
TGCAACCATCTGTAAG,193
TGCGCATGAAAAGTGA,193
TTACTATACATGACCA,193
TTGCAATTGTTCAGGA,193
TTGGGCTGTAGCCAAC,193
TTTGGCCCAAGATTAG,193
AAAACGCGATACGATT,192
AAAAGGGATTTAAACT,192
AACAGGAACAAAATAT,192
AAGCTGGACCTAACAA,192
AAGGAATCGTACTGTT,192
AATACATACACAATTA,192
AATATAGAACCTGCGA,192
ACACAGTGTACGAACG,192
ACACGAGAATGCTTGA,192
ACGTTAGACTGAACAG,192
AGAAGAGGCTATTTGT,192
AGAGATAAATAATAAA,192
AGCAAAGGAACAATAA,192
ATTAGAGCCTTACAAA,192
CACTGAACGGACCAAA,192
CATGACAGATGAACAG,192
CCCACATAGGAGCATA,192
CGCTAATGGAATAGTA,192
CGTGATGAAGTTAAAA,192
CGTTACAACAGGATAA,192
CTAGTACGTTGACAGC,192
CTGAGACACTGATGGA,192
GAATATCAAGACTTAA,192
GACCACCGTAAACCAT,192
GATCTTGGGTTATGGG,192
GATTAGCGAGAATCAA,192
GCATACTGTGTGGTAA,192
GCCAAATAGGCGATGT,192
GGCTCCGACAAGTAAA,192
GGTTGGACAAAGCAGA,192
TAATTATTTTATGGGA,192
TAGCCTAACCCAAACT,192
TCACATAAGTCATAAA,192
TCAGCATCCGATTGGC,192
TGCAAGAGCGATGTAA,192
AAGGTTGGCCATGAAG,191
AATCGCGATAGGGAAG,191
ACAATAATACAAATAA,191
ACCCCCCATAGTGCTT,191
AGCAAAATTATGTGTA,191
ATAAAAGCACAGGCAT,191
ATACTGACACTGAAAC,191
ATAGCCGAATCGGAAA,191
ATAGTCAGGCTAGAGT,191
ATGAAGGACGGCTCAT,191
ATGAAGTTAAGTGAAA,191
CATGGGCGAAGAACTT,191
CCACAGAACTAGCCAA,191
CCCTAGCTCAAAAAGA,191
CGACCTCTATCATAAC,191
CGATCTCTCCCCCTTA,191
CTATTACGAGATTAAA,191
GAGAACCAGTGCTTTA,191
GCCCGGGTAGAAAGGA,191
GCGATAAACAGTAACA,191
GCTTATAGGCAGTAAT,191
GTAAGCAGTTGAACTC,191
GTATGAAGGCATACAG,191
GTTGGAACCGACGTTC,191
TAGTGAAGACAAAGTC,191
TCAACTATGGCAGAAA,191
TGATGAGAAGAAAAAA,191
TTCAAACCCTGTGAAC,191
TTGCACTCTTAATGGT,191
TTTAGCTCGATAATAC,191
AAACAAAGAGTAATAC,190
AACTAAATAAAGGATA,190
AATAGGCCTTCTCCGA,190
ACGGGAGGTGACCAAC,190
ACGTAAGAACAGGGCA,190
ACTTAACGATACGGGG,190
ACTTATGATGTAATAG,190
AGAGGCTCCAAGGGGG,190
ATCTTGGAGCAACGGA,190
ATGGCAGGGGTGTATT,190
ATTGGATGTGCTTCAG,190
CAAAACCAATTGGACA,190
CAAAATCGAATCTATA,190
CAAGGATCAAACGGAT,190
CAGATGGCGAGTCCAT,190
CTAGTAAATGTCGCAA,190
CTGGGGAAGACAAAAG,190
GAATTTGCGAGACATA,190
GCCCGATACAGGGGAT,190
GTTCTACCGTAAGGTT,190
TAAATACATATAACTA,190
TACGAGTAATATGAGG,190
TACTAAAGTTCAGACA,190
TATCCGAGATATTCTA,190
TCAAAAAACCCGATGA,190
TCCGGTAGACCCCGGG,190
TCGGCCGGTCAAGTGA,190
TGAAGTTAACAAATCG,190
TGGTCCGCGAGATGTA,190
TTCGGGAGCCATACAG,190
AAATCCAGAGCATAAA,189
AACACGTATATCCTGG,189
AACCGTTCTGTCTCAG,189
AAGAGTAAGGTGACTT,189
AATACTAGACCTGGCA,189
ACAGGCAAACACCCAC,189
ACCAAGGACTGACAAA,189
ACCCTCGGAAAAGTCA,189
ACCGGGAGTTGAGTAT,189
ACTACAAGACCAAATA,189
ACTGTCACCGACACAT,189
AGAAAAAGAGTCCAGA,189
AGACTACTAATGAAAA,189
AGTGATGAGCATAAGT,189
ATAGTAATGAGGATTT,189
ATGTAGGAGGACTCTA,189
CAGCCAATTCTCTAAC,189
CATCGCTAAGATGGGA,189
CATGTTAGAAGTCCTA,189
CGGAACGGTCAGTCTT,189
CGTACTGTGGTGACTA,189
CGTGCAATATTTCAGT,189
CGTGGTACTCGAGTTA,189
GAAACAGATAAGTAGT,189
GAGCGGCAGGCATAGA,189
GCCACCTCTAGGTGGT,189
GCCAGTTCTGTAAAAA,189
GCTGGAGACTGCGGTG,189
GGAAGCGTATCCATAT,189
GGCCGATTGTAATATA,189
TAGGTTTTTTATTGAT,189
TATATTACAACTTTGT,189
TATTTACGTGGCAGAG,189
TATTTTTGTGGATTAT,189
TCAAAAAGAAGGGAAA,189
TCAAACCAAATGTACG,189
TCGCCTGCACAAAATA,189
TGCACAACGGGTAAAC,189
TGCTGAATATCAAACT,189
TGTGGCTAAAAACAAA,189
TTATGGCCACTACGCG,189
TTCGTTGCTGAATGAA,189
TTTTAAGACGTGGATA,189
AAAAACAAGAACGAAA,188
AAACGAAACTAGATAT,188
AACTGCTATGACTATG,188
AAGATGCGGGAGAGAT,188
ACCTGCTGGTGAAACT,188
AGCATTATGGCCCTAC,188
ATATGCAAAATCCCTA,188
ATCACGATGTGAACAA,188
ATGTATCAGGGATTCT,188
ATTTGCGCTTTTTTCA,188
ATTTTGAAGATACGAA,188
CAAACGGAAAAACAGA,188
CAAACTGAGTACTTAA,188
CGCCATGTTGTAACGC,188
GAAGTCCAAGAGTACC,188
GATAGTTTGGCAGTAT,188
GATATTAACAAAGATT,188
GCCAGCATAGGATTAA,188
GCCGATTGTAGAGATT,188
GGTAGTATAATCATGG,188
GTATGTGCAGAAGTGA,188
GTCGGAAGTGTCCGTA,188
GTCTAAAGGGAACCCT,188
GTTGTATACTTTGTGG,188
TAAGAAAAAAAGAAGA,188
TCCTCAGCGAGAACCA,188
TGAAAGTTCGTTTTTG,188
TGCTCTGCCACCCCGA,188
TGGACTTAATAGTTAA,188
TTAGCTACTAAATAAC,188
TTGACTTATTCCCAGA,188
AAAACAGACTAAGTAT,187
AAAGAAAGTTATTCAC,187
AATGAGGTCGACCGGG,187
ACATTCTGACCTCCAA,187
ACCTTCATGCAATAAT,187
AGCGCAACTTAAATAA,187
ATCGCCAAACACGGAC,187
ATTGCGGACCAAAGCA,187
ATTGGGACTTCGAAGA,187
CAAACTCCTCCCCCAC,187
CAAGAATGTGTATGAT,187
CACAACTTAATTGTAC,187
CCGTGTTGGAAGAATA,187
CCTAGTGTCCAGTGGG,187
CGAACTACTAGTAAGG,187
CGATATCACTAACACA,187
CTAAAGTAGTATCCAA,187
CTAACCTAATCCAGAA,187
GAACGGACGGAGATCA,187
GACTCATGTTACGTTA,187
GCTCATGCCTTATACG,187
GGTAACCGCTCGCAGG,187
TAAATTCCAGAGTTGT,187
TAAGTCTAAGATGTAG,187
TCCGACTTAGTAAATA,187
TCTCCTCACACTGCGA,187
TGAACGCGGTAGACTA,187
AACCTGTAAGGATCTA,186
AACTGACTACGTCAAG,186
AATCGGAGCCAACAGG,186
AATGCTAGCGTTACTA,186
ATTTTGCAACAGCAGA,186
CAATCGGCGATTGAAA,186
CACGTGACAATCTGGA,186
CATCGATTGGGACTCA,186
CCAGACACACCGACAT,186
CGTTAAAATGGCTCGA,186
CTACCATGCATCGTAA,186
CTCACCATATGAAAAA,186
CTCTAAGCTGATGTTA,186
GAGTTAGAATAGGGAA,186
GCAAGATGAGTACAGT,186
GCTTTTTCAAAAAAAA,186
GGACATCAACTATGAG,186
GGCGTATAGGGCACGA,186
GGGCAGGTTTATCAAG,186
TAAAACGTGAACCGAA,186
TAGAGGATCCAGCACT,186
TATCAAATTGTACAAG,186
TCTTTGATCAGCCTTG,186
TGAGTAGTGCCCTCAC,186
TGGGGATCCAAGGTAA,186
TTAGTAGACACATCAT,186
AAGGGAACTTGATAGG,185
ACAATCAAGTGAAGTA,185
ACCTGTGCGAAATAAT,185
ACGAAGTTGCGGCTAA,185
AGGCAAAAAGGCCTGA,185
AGGCAGTACTATTCAA,185
AGGGCAGATGAACTAA,185
ATATCCGAACGTATTA,185
ATCATGTGAATGGTAA,185
CAAATCTCTTACCCTA,185
CCGCCAATCTCCTGGA,185
CCTACTACTATGTCAA,185
CGAAGCAGTTCCAGGT,185
CTATGGTTACTCAAAA,185
GAATAAGAATCGGGTC,185
GAATGTGACATGATGG,185
GATCCGTGTAACAAAC,185
GGAGCTCGAATACTTA,185
GGGTCAATTAAACTAA,185
GTAAGGCGACGAAACA,185
GTCACCATAGGATCCA,185
GTTTTCCCTTCGTATC,185
TAATTCCCCATTAACG,185
TAGAAACGCAGGTAGA,185
TATATGGTGCGTATAA,185
TATCTGCAAAGCGAGG,185
TCCACGGCCAAGCAAA,185
TGAGAGCAATTTTGAG,185
TGGATACAGTAGGGGA,185
TGTACAATTCTATCTT,185
TTAGCAACAGAGGTGA,185
AAACACAACACGCTTG,184
AAAGTAGCTTCGGGAC,184
AAATCAAACTTGCCTT,184
AAGAAAAACAAGAGAT,184
AAGAGGGAAGTAAGTA,184
AATACGTAGACACCGA,184
AGACAATAGATCGAGG,184
AGACGCGTGCCCGTAT,184
ATAAGCACCCGTCAGT,184
ATTTTCGCGAAGTCAA,184
CAGTCCAAACTGAAGA,184
CCAAATACCGGTTCCA,184
CCACTCCAACGCGTAT,184
CGTTAAACAGGACGAT,184
CTCATTGTCTGGTTCA,184
GAATTATATTAGGTAA,184
GCCAATGTCCATTCTT,184
GCCACAATCCGATAAT,184
GTACATTGCATCATCA,184
GTATGATGGACCCCTA,184
GTCACACTCAGCGTAT,184
TAGAAGGTGCCTTTTG,184
TGCACGATAGAAAAAG,184
TGCGCAAATACACCAA,184
TGCGCAGCCGACCTCA,184
TGGAAAAGAGCAGATA,184
TTGGTATTTACCATCA,184
TTTAAAAACACAACAA,184
ACACCGGCCACTGTAT,183
ACGATGACAAAAGAAC,183
AGCACGAATTATACAC,183
AGCTTAACGAGTTTAA,183
ATTAATCGTTAAAACA,183
ATTCGTGCTAGAAAAT,183
ATTGTCCACAGATAGA,183
ATTTTGGTAGCCTGTA,183
CAACGCGTAGAAAATG,183
CAGAAGAACCAATAAC,183
CAGAATCATCTTACGA,183
CCGACACACAAACAGC,183
CCGATCACGGTTAAGT,183
CGGCAAGGATAAGCGT,183
CGTTTCTACCAATTTA,183
GACTGGTATAAGTATA,183
GAGGCCAAATTGGCAC,183
GAGGTAACACCGTATA,183
GATAACTAATATATAA,183
GATTAACATAGCATAA,183
GCTTACTAAGGTAAAG,183
GGCACGCACTTATTAT,183
GTCGCATCCTCCGACT,183
TACCGGACGAAGATGT,183
TCCGTTTGAAATGAAC,183
TCTGCAATAAAGGGCA,183
TGAATCACACGCTTAA,183
TTCAAAACCAGACTAC,183
TTCACATAAGACAATA,183
AAACGATCGCAGGTGA,182
AATACACAGCTTTAGG,182
ACAAAATCAACTGAGG,182
ACCGAATCTGATCCTA,182
ACGAAAGTCATAATGG,182
AGCTGAAAGGACAAAA,182
ATACTCGCCGAAGAAA,182
ATCCCGTGGTGTCCAA,182
CAAACCTTACGTATAG,182
CAATGAAGTTATTCTA,182
CACTTAGTGCCTTCAA,182
CAGGAATAAATGTAGA,182
CATGGCGACGATGTGA,182
CCACCGATAGATACTA,182
CCCACTTGACAGGTTA,182
CTCAGGCGCATAAAGA,182
GATGATTGCACCTATA,182
GCAGGGGATTAGTGAT,182
GTAATAGCGAATGCAA,182
TAGAGAGGAAATCAGA,182
TAGGTGCCCGCTCTCA,182
TCACACAAAAGGAAAC,182
TCGCTGCTTAGAGTAG,182
TGCTTCGTGAGTTAAT,182
TGGTACCGCACAGGGG,182
TTCCGTAAATTACGAT,182
AAGCGGAATGTCTGAG,181
AATACTACAGATTAAA,181
ACAACTTGTTTGCTAG,181
ACACCATTACCCCCTA,181
ACCTGTTGAACGACAA,181
ACGTCTTTCTGTCCTC,181
AGAGTTAAACACACCA,181
AGTAAGAAACGTTGAT,181
AGTAATTTAAGACGTT,181
ATAAAGACTGACATAA,181
ATAAGTCAAGCGTTGA,181
ATATGACAGTAACAGA,181
ATCCTCCTGGCTTCAG,181
ATCGCGCTGAATACAC,181
ATTATGCCAATGGAGG,181
ATTCCTTGCGAGTGAG,181
CAATCATATGACCTAA,181
CAATCATGCACACAAG,181
CAATTCCAATGTGCAA,181
CCAAGCATAGGTGTCC,181
CGAACATTGCAACTTA,181
CTTGTAAACACCTGAA,181
GAGGGATATGGGGAGA,181
GCCGTTTCCGGTATAA,181
GCGGTGGAACAGCAGG,181
GGAGTTAACAAATTAA,181
GGATCAGTAAGCGTAT,181
GGTTGTGCATGAAGAG,181
GTCAGGCAACTTATGA,181
TAAGCTCCACGAATAG,181
TACTTGCCGGTGCAAG,181
TCAAAAGACTGTCAAA,181
TCAGAATGTTGTGAAA,181
TTAGCGTTACCTGCTG,181
TTCTCGTTTTAACGAG,181
AAAGACAGCTTAGGCA,180
AAATAATAAATCATAA,180
AATGACGAGCTAGGGA,180
ACAACTAGAACTTGAC,180
ACAATGAAGCATGCGC,180
ACAGAGACTGGATTTT,180
ACTCAATGGTTCCAGA,180
ACTCCCACTTGCCCCT,180
AGATGGCCATGGCCTA,180
ATGGAAAAAATTTCAA,180
CAGTTAGGCACACCTT,180
CATCCGTTTTACTGCG,180
CCATAATCTAAGATAA,180
CCGACCCAAATCCATT,180
CGCACCTACCTCTTAG,180
CGTTTCGACTCATAAT,180
CTAAGTCAAACAGTTA,180
GAAACAATTAAAATTT,180
GAACCTTATGGCAAGA,180
GAGTAACGAGGGGAGG,180
GATTATTATAACGGGT,180
GCAACACCGTCAATAT,180
GGCTCTTCAGTGAGTA,180
TATACGAAGAACCGTT,180
TCGACAGCACCATGGT,180
TGCGTGCCGAAACTGG,180
TGTATAAACCACCCGT,180
TGTATAATTGCCGCAC,180
TTTATTTGGATATGTA,180
AACAAAATATAGTAGA,179
AACATTATTTCAGTAG,179
AACCAATCGCGTCAGT,179
AAGAGTGACTCGGCAC,179
ACAAGAAAAGGGCCCA,179
ACGTTTCGGACATGAT,179
ACTATGAGATTGAGAA,179
AGTATGCCCATTCCAA,179
AGTTATAATAACTAGG,179
ATAGACACCTAAACTA,179
ATCATAGCTAGTAAAA,179
ATGAGGATTAAGCAAG,179
CAAACGAAAATAAGCA,179
CAAGGAGTAATCCGAA,179
CCAGAAAGTTTCCCTG,179
CGCTGCACGGATATTT,179
CTACGTTTGCCTATCA,179
CTTGTTCCAGTGTCAG,179
GAAGAAGGGATGGTAA,179
GACAATGAACTTGTCA,179
GGAACCGTTATAGACA,179
GGCAGAGAGTGTCGCA,179
GTTAGGGTAAATGATC,179
TAATAAGATCAAGATG,179
TACTTCGCCCTACAGG,179
TAGCCGTGCTAGGAAT,179
TATATAATACTATACA,179
TCAGACGCGAGATTAA,179
TGTTGGTTAACTATAT,179
TTGAATTATGCTACAA,179
AAACTCAATACCGGGT,178
AAATACCTGTAGATGT,178
AACCCCGTGGATTGAA,178
AAGCGCACCACCGCGT,178
AATATGGGGCTAATGC,178
ACAAGGGTCTTATGGG,178
ATAGGTCTACTCGCAG,178
ATCCGCAGAATGATTT,178
ATGTACCACCGGTACG,178
ATTAATCGCACTTCAT,178
ATTACCAGTTTGATAA,178
CATATGGCCTAGGAAT,178
CGAACTATATGATATG,178
CGACCGAATTTAACAC,178
CGATCAACCTATGAGA,178
GGTAATTCTGTGTTCG,178
GTTCAAATATACGTTA,178
TAACTTTACGCGTGAA,178
TACGATTATGGCAGTA,178
TACTTCGCTCATTTTA,178
TCAAAAGTGTCTCCTT,178
TCAAATGGTAGGGAAA,178
TGAAAGCCCCATGGTA,178
TGGTCAGTATTTATAC,178
TGTTTAGAGAAATATG,178
TTTTCAAGTGTTGTAG,178
AAAAATGTTTTATGGG,177
AAAGCAGCGAAGGCCA,177
AAATGCTACGTAGTGA,177
AATCCGAAACCCTAGA,177
AATCGCAGTTCTAGGG,177
AATTGGACGAGAATGG,177
ACTAGGCCGTAAACGA,177
AGATGTCTCATATAAA,177
AGCTCTCAAATGTAAA,177
AGGCATTAAGGAAAAA,177
ATCTTACGGTGTAAAC,177
ATGCATTGGACCGTGA,177
ATGCCAACACCAACAA,177
ATTACAAGGAGATGAG,177
ATTAGTGCGCAAGCAC,177
CAACTAGTAAAATAGC,177
CAGTCGTATGTTCAAT,177
CAGTGAGGAACTTGAT,177
CGACCAAAATCGTTGG,177
GAAGATTTTAGCAAAG,177
GACCCGGGCCGCGAAT,177
GAGGGTCTTATCTGTG,177
GATACCGGAAGCTGAG,177
GATGCGCGACAATGAA,177
GGACACTTCAAAAAGG,177
GGCAGTGGAACAACCA,177
GGCGGGTTCATAGCAA,177
GGGCCTTCCACAACAG,177
GGGGCGGTCTATAGGC,177
GGTAAGTTACCGAAAA,177
GGTTCAGGCATACAAT,177
GTATACCCCGCGGAAA,177
GTATCGCAACCCACGG,177
GTGGTGTGACAAATCA,177
TATGCGAAACCAGTAA,177
TGAATCCATTAGGGAA,177
TTCTGGTGTACCCCTT,177
TTGAACCGTCACACTT,177
AAAATGGCGATTGTTA,176
AAACATGATGAGGAAA,176
AACGCGCGAGTGCTAA,176
ACCCATATCATGTGAG,176
ACCTCTTATGGCAGTA,176
ACTATAGTGATAAAAT,176
ACTCAGTGAGTTAATA,176
AGACGAAATACAATTA,176
AGCTCAGGTGAGTGTG,176
AGTCAAAAAAGATCTA,176
ATAACGGAACACGTTA,176
ATTGCAAGTCCAAATA,176
CAAATAAATAGATCAC,176
CCTTCCAAAGGCTATC,176
GAAGTCATATAGGTGG,176
GATGAGCTAACATGTT,176
GATGGGAAGCATCACT,176
GCGAAACTGGGCTATC,176
GCGAGGACTTAGTGAG,176
GCGTAACTCTAGGGGA,176
GGCCATTCGTTAAGAA,176
GGCGAGCTGAAACCAC,176
GTGCGTACGTGCTAGA,176
GTTATGAACCTTCGTA,176
TAATACCATGTAATAT,176
TACAAAACAATCCATA,176
TACGACGTGGCCAAGG,176
TATGATGCTACAAAGA,176
TGAAACGGCGATAGGA,176
TGACACATCCTCGGTA,176
TGACACTGATGTGTAA,176
TGACGAATCCCAAGAT,176
TGGGTAATGATAATAA,176
AAAGAACACCAAAAAG,175
AAATACGAATACCTCA,175
ACCACTTCAAAGCACT,175
ACGTCATCAAAAATAA,175
ACTGATTAACGGCCAC,175
AGTGAACGGGTATGGG,175
ATCTGCATAGTATCTG,175
ATGGATTGGCGGGCTG,175
ATTTATACCAGAAAGC,175
CAATTTCAAGGTTTGG,175
CCTTAATAACTGCTAC,175
GACCTGAACAACCAGA,175
GACGCAGAGAAACTGT,175
GAGGGTACATGCGAGC,175
GCATCATGTGTGAACA,175
GCCCTTCGCGAGCTAA,175
GCGTCAGGGAATTGAG,175
GGACTCAAAGCGTAAG,175
GGAGTTCTTCCGAAAA,175
GGGCCTGCGTAATCGA,175
GTAACGTCTGTCTGAA,175
TAAACCGACCAGGTCA,175
TAACAAACCTAAATGA,175
TAAGAACAATGCAGGA,175
TAATGGCTATATAAAC,175
TATAATATCATTCAAT,175
TCGAACCAATTATAAC,175
TCGTTTAATGCCGCGA,175
TGAAATCAACTAACAA,175
TTACCCACTTCTATAT,175
TTGAGAGGCCGGAGAT,175
TTTGGGAAGCTGTTAT,175
AACTAGTTTGGATAAT,174
ACAAACGATTTTAGTA,174
ACAGCACTGATGCAAT,174
AGGGGAATCTGATGGT,174
ATAGCTTAACATAGTA,174
ATTTTTAAAGAGCCAC,174
CAACACGACTATATGT,174
CCTCAGGGACTCCAGA,174
CGATGCCAATATCATT,174
CGCCATGGGTAGGATA,174
CGTGATCACAAGTATT,174
CGTGTCAAAACATAGG,174
CTAAGGGTGACATATT,174
CTAATGCACTCCCAAT,174
GAAGAAAGTAGATTGA,174
GACTGTCAGGGGGTAA,174
GATGTTAGGCGACTAG,174
GATTATACTGGCGACA,174
GCAACTTTCTTGTGTA,174
GGTGCGGCTACGGTTG,174
GTCGCTTAGATAAGTT,174
TACAATGCGTAGCTTA,174
TCCCGTATACTGACCA,174
TGATAACACGTCGAAA,174
TTCAACGGTCCCACCA,174
AAACACTCTACACATA,173
AAACTGGACGAACAAA,173
AAGCAATTTACACCAT,173
ACAATGTAAGAAACAA,173
ACGCCTCTACTATTCT,173
ACGGAGAAATATACAT,173
AGCATGTTATCAAATA,173
AGCGAATATTGAACTA,173
AGTTACCAGAGAATGG,173
ATAGAACTTATATGAA,173
CATTAAGAACCTTAGT,173
CCAAGTTACTTTCTAG,173
CCAGTGAGCTCCGAAA,173
CCTATGAAAGCAACTT,173
CTATGAAATGTATGCG,173
CTATTCCATCAAGAGA,173
CTGGTCGCTAGAGTGA,173
CTTACTGAATGGTACC,173
CTTCGAGCACCTAATA,173
GACAGGTCTATAACAG,173
GAGAGCCAAGAGAAAT,173
GATCCTAAGTTATCTA,173
GCGGTCGAACAAAAGG,173
GGTACCCTAAGAAGTG,173
GGTCGCAAAGGGCGGT,173
TAGTAAATAAATTGGG,173
TATGCATTTTTAATTT,173
TCCCACCCACAAAAAA,173
TCCGCGACAACCTAGG,173
TCTCTCTCGAGCGATA,173
TGAACCCCTTCAGAGA,173
TGAGTCGCAAACGCTG,173
TGCTTCAAAATCAAGT,173
TTAATACAAGACTTTA,173
TTTTAAGTGTGAAGTA,173
AAACGTCATGGTAACG,172
AACTAAAAACCCACAA,172
AATTTAGTAGTGAACG,172
ACAAACTTGTAGGGAT,172
ACATCTGATAAAAAGA,172
ACGGCGTTGTGCGCAA,172
AGAAAACTAAGCCTTG,172
AGACTACTAGACCAAA,172
AGAGAGCGCTAAATAA,172
AGCCTCGACCACGTAC,172
AGCGGAAAGAGCAAGA,172
AGCTCAGTTCATCCCT,172
ATATAGACCTAAGTGA,172
ATTCGAATGCGATAGA,172
ATTTCGCAAAACGCAA,172
CAGAACGAGAATTAGG,172
CATAGCTAGTTCTCTA,172
CCCATGTTGAACGCCT,172
CCTATATAATCCCGTT,172
CGAATAGTTCTGGCGG,172
CGACATGCAGAGTAAA,172
CGCCGATAGTTTATGA,172
CGTCCGCAATTATCTT,172
CGTTCTGCTTATTTAT,172
GACACACATTGTATAT,172
GACCCCCAGGGGTGTT,172
GATTACATACTTTGGT,172
GCACTAAAAAGCGTGA,172
GCCCCCGACTAGTACA,172
GCGTCTGGGGCACTAT,172
GGACAACAGACAGTGA,172
GTACTCACGTCCTTAC,172
TAGCGAGCCAGCATCA,172
TCACTAATCTGATCCC,172
TCCGCTATTAAAGAAG,172
TGCATAGAGCACGACT,172
TGGACATGTGAAGGTA,172
TTCAGAGGAGGAACTT,172
AAAAGCAAGGTAACGA,171
AACGACTCTAATAAGG,171
AAGGGATTTGAACCAC,171
AAGTCCAAGGGTGTAA,171
ACCAACTGATACACCA,171
ACCCAAGAGATTGTGA,171
AGCACAAGTACCATAC,171
ATAACTTGCCGATCAC,171
ATTACCTATGACTAAA,171
CAACAGCTTGATCCAG,171
CACGATGTCTCATTAT,171
CCCCGGTTAAACTAGG,171
CCTATTCGGCTTTGAT,171
CGAACGTGCCTGTTTA,171
CGTCTGGGATTAAATA,171
CTGTAAATCTAAGATT,171
GAAAGGACGTGTGCAA,171
GACCTTCATATCTTGA,171
GCGTTTATGTAAAAAC,171
GGGTGGCGTAGCGTAT,171
GTACGTTAGCGGGGAA,171
GTATATATTTTGTATT,171
TAAAGCAGATATGTGA,171
TAAGCCCACCCCTTTA,171
TAATAGAAACTCGAAT,171
TAATAGGCACCCCATT,171
TAGTGAACGAAAAGGG,171
TATTTTAACGACTAAA,171
TCTGCATGTCCCGGAT,171
TGAACTTCATTGAGAA,171
TGATATTGCTCCCCAC,171
AAAAATCGCACTCTAC,170
AAATAACCCCAGGCTG,170
AACTGGAGATAAACAA,170
AATAATTTACCTGGAT,170
AATTATATATTGTAAC,170
ACTCACGTATGTTCAA,170
ACTTGATAAGGTGTGT,170
AGACTAACAGATATGG,170
AGAGCACACCAGGAGT,170
AGCAGACCGACAACAA,170
AGCGAATAACGGCTGA,170
AGCTCGAAAGAGTTGG,170
AGTCCGGGATAAACTC,170
AGTGGGAAGGTAAAAA,170
ATAACACCCACATTGG,170
ATGCCGAGAGGCAATA,170
ATGGCTTGGTACCCCA,170
ATTCCAACGGGAATAA,170
CAAATCGAATTATCCG,170
CAAGAACTACACAGTA,170
CATTATCTCAATAGTA,170
CCGACGAGGCTGGTGA,170
CCTAAAGCACGTGCCT,170
CCTGTAGAACCCGTAA,170
CGACACTCAATGTGAC,170
CTACAAGTGACTAACC,170
CTATGATGGAACGTAG,170
CTCCATACGCCTCCAG,170
CTTCACTCTTACGAGC,170
GAAATCAAGCACCACA,170
GACTTTGAAATTCTGG,170
GATCAGAGTGAAATAG,170
GGCCCATCTCGCACTA,170
GGGTACGCGTATGTCG,170
GGTGGCCGGTATGACC,170
TAACAACATGACGTAA,170
TACACTAAATCGCAGG,170
TACTCTTCACTATGCC,170
TAGGTGCATGTACAAA,170
TCCTAGCCAAAATTCA,170
TCGTACTCTGTCTAGC,170
TCTTCAGCTCTCACGA,170
AAAACTGTTTCCATCA,169
AAACAGCCGGATATTA,169
AAATACCCGGGGCAGG,169
ACACTCGTAGCTCTGT,169
AGAGAGTATACGGACA,169
AGATAAGAATAAGAAT,169
AGTTTGGATCAAAGTA,169
ATGCTAATACGGGGCA,169
CACCAATTTAATCATA,169
CAGAAAAAAACGGCCT,169
CCAGAATGGTCGGAAA,169
CGCCTCACTTCAGGGA,169
CTAACAAAACCCTGCA,169
CTGGCTGGGGCAGCAC,169
GAGACAAAAATAGAGA,169
GATAACGTGAGGAATT,169
GCAATAAAGCAGATGG,169
GGCTAGAGTCATAAAT,169
GTACAGTTTTTTTGCA,169
GTACGAGCTGAAGTTA,169
GTGATAATACTCGTGT,169
TAATAACTGAACATAG,169
TCATGTGACTTTTAAA,169
TCGATTCGTCGGCCAG,169
TCTACGCTAGACCAAA,169
TGACGTTTTTAGCGAT,169
TTATAACGAAGGCCCT,169
TTATTACCTAAAGGAT,169
AAAAGAAGACCGAGAA,168
AACCAAAAATGGAGGT,168
AAGTCTAACAAGCGGG,168
ACAATATGAGGTTGAG,168
ACCGTGAGAGCAATAA,168
ACGGCAACTATCTCGA,168
AGCTTCCAAATTTACA,168
AGGTCGGCAGAGTTTA,168
ATAGTATCGAATGAAA,168
ATTATAGGGACGTAAG,168
CAAAAGCCGATTGGCA,168
CAGAATGAAAACCTTA,168
CATAGTGGGAAATGCA,168
CATTTTTACAAAACTT,168
CCACTCTTGTGGAGAC,168
CCCGTCAATTAGAACT,168
CCGGTTCTGAGCTAGG,168
CCTTGAGTTCAAATAG,168
CGAGACTCTGGGAACT,168
CTCGGGGGAGGACCGG,168
CTGAAACAAGTATCAT,168
GAAAGCGAATACGATT,168
GAACATGCTTTATACA,168
GAATCGTCAACTAGTA,168
GAGTGTATGTATAGTA,168
GCGGCCCTTAAATTCA,168
GGAAATCCATTGGGAA,168
GGAGTGAAGACACATC,168
GTCCTTTAATGCCACA,168
TACAACTCATACAAAA,168
TACAATAGCTAACGAA,168
TACATGGGATAAGAGC,168
TATACCATCATCCCCT,168
TATTCTTTGAAACCAA,168
TGGAATAGGCTCCGGA,168
TGGCTTACACCTGTAT,168
TTAACAAAAGACACCT,168
TTCTGAATCGGCGCTA,168
TTTCAGATCTACACCC,168
AAAATTGACATCGAAG,167
AACGCGTTGTTTACTA,167
AAGACCCAAATTTTTG,167
AATTGAGAGGAAAGCA,167
AGGGATATGGCATATA,167
ATACTTGTTTAAGTAG,167
ATCACAAAAAAATCTT,167
ATGATAATCCCGCTGT,167
CAAGCAAAATATGAAA,167
CACCCGGAAACGTTGA,167
CACGAAGATAGACCGA,167
CCCCAACCCATGCGAA,167
CGAAACCTATCTGCAT,167
CTTCGAAGCGAGGAAG,167
GAAAAGAAAGTTACGA,167
GCTGAAAATCAAAGGG,167
GGAACGTAACTAAAGG,167
GGGATACGGATACATA,167
GTAAAACAATACGCGT,167
GTCAGTATTAGGTATC,167
GTGAAGTATACATGGA,167
TAACCTTGTACATAAT,167
TAGAGAATATGCTTAA,167
TAGAGGATTCGAACAA,167
TCAAATTAAAGTATAG,167
TGAGCTATGGTTCGAG,167
TGGAGGCAAATTTGGA,167
TTCTCATATGTGTTAA,167
TTTATTATCACAAGGA,167
AACTTCCTTAGACCGA,166
AATGCTGAGAACGAGT,166
ACCTGAGTCCCGGCTA,166
ACGGTTATTTCGCATC,166
ACTACAATCGGTACGT,166
AGGAATGTAAGTTGAA,166
AGGTAATTTTCGGCTT,166
ATCTGTAAGCTCAGTA,166
ATTCCGTAAGCGCTGA,166
CAATGGGAGATTGTGA,166
CACATATACGAGGCTG,166
CACCCAAGCTAGGAAA,166
CCAAATATGAAGAAGA,166
CCCACACCATCAACAG,166
CTATTATCATACCAAG,166
CTCAAAATTTCAAATG,166
CTCAAATGAAAACCGA,166
CTCCAAGGCGTGATAT,166
CTGAGAATCTATTCGT,166
GAATATGAACAGCGTA,166
GAGTAGGCAGTCCCAC,166
GCAATAATCGACATAG,166
GGGCCGGTTCGAATTC,166
GGGTATATAACTTTGG,166
GGTTATAGAGATCCTA,166
GTAAGAGCGAGAGGAC,166
GTCACAGTAGCATATA,166
TACTAACCCCTGTCCA,166
TATAAAAGGCCGGACA,166
TCGAGAAACGTAGATC,166
TCTAAGAGATATCAAA,166
AAGAACGCCTCCGGAC,165
AGGCTTAGCAACCCAA,165
ATAAAAACCGATTCCC,165
ATACCAAATCAAATAA,165
ATCCCATTTAAAGTGT,165
ATGGTTTTGTAATAGT,165
CAATGAGGGAGAAAAA,165
CACTACAGTTTGTCTA,165
CCATGTAATGGCTGGA,165
CGAAAATGTTAATGAT,165
CGTTACAAGGACCGGG,165
GACACGAGCGTATAGA,165
GACCAAGAAACTCATA,165
GAGTTGGCATACTAAT,165
GGAAAACTCCCCCCAA,165
GGACGCGGCAATAGAA,165
GGATAACATAAGCTGT,165
GGCGTCCATCTCCTTA,165
GGGTTACTAACCATGA,165
GGTATTATTATCTAGA,165
GTAAGAACACCCAGAG,165
GTAGCATAATAGAAAA,165
GTTCGTCACTGGATGA,165
TAAGGGATCCACACGG,165
TATAAACAAGAAGGGA,165
TCCTTTTTGATTAAGA,165
TGCAGTCCATAACAGA,165
TTCATGTCTGCGACGA,165
TTTCATTTCACTGACA,165
AAACATTTGATTTACA,164
AACTGGATTGATTCAA,164
AAGAGAGGATTCTCCA,164
AATGCTGACCGTGCTT,164
ACACAATAAAAGTAGT,164
ACCGAAAAGCTATTTA,164
AGAACGTCCCAATCGA,164
AGACGCGCGATAAGAT,164
AGCGAAAGGGCGCTAA,164
ATAATAACAGATGAAT,164
ATGATAGCTTTAGCAA,164
ATTGCTACTGCAGTTA,164
CACTGTGAGCAACGAT,164
CATAACCTGAGCATTG,164
CATCAAGAGACTTAAC,164
CCCAAACGGCAATCAG,164
CCCGCATCCAGCTAGA,164
CCTTTACGGCCGTTGG,164
CTAAGTTCAGTTATTG,164
GATGGTTGGGCGGCAG,164
GCCATTAGGCAAATTG,164
GTTGCCTGGTCGGCTT,164
TAGTCATGTCAATTTA,164
TCCAAACGGGTGTAAG,164
TCCGAAAACTATCAGT,164
TCGGAAGAGAAGGTAC,164
TCTGATTGTTATGAAT,164
TGCCTATATGTTAAAG,164
TGTAATTGGACGTAGG,164
TTAGTCCGCGGAAAGT,164
TTTCCCGGCTCTCACC,164
AAACAGGTGGGACTCT,163
AAAGGGCCATTAGAAA,163
ACACCAAGGAAGAAAT,163
ACGCTATAAGGAACCA,163
AGATAGTTAGTGTCCT,163
ATAAACCATGATTAAG,163
ATAGTCAGGCCTTGGG,163
ATCAAATAGGGTGAGT,163
ATCGAGGCAATGGTAA,163
CAATCACTAACATAAA,163
CACAATAGAGGAATGC,163
CACATTCCGGGCCCGC,163
CACGGATACATGAAGT,163
CAGTATACACGGTAGC,163
CCACCCAGGTTATAAG,163
CCGCACGAACCTTAAA,163
CCTCTTTTCCAGGTAG,163
CGGAATTTAGAAATTA,163
CTTCTAATAAACATTA,163
GAATGCTGGTGTGAAT,163
GCCCATTGGGATATAA,163
GCTCTGAAATGTAAGG,163
GGAGGCTGAAGTCCTA,163
GGTGAATTAAGAAAAA,163
TACAATATCCTATAAA,163
TCAAAATGCAAAACAT,163
TCCTAGGAGACATAAA,163
TTAATGACACATACGT,163
TTCAACCCCAAAGGTA,163
TTCCAGTTCTTAACCC,163
TTGCCGGCTAACTTAG,163
AAAACTAGTTGGCTTA,162
AAATAGAATCAAGAGC,162
AAATTTAAAACAACAA,162
AACAAAAACATTACGT,162
AACCACCTACGGACAG,162
AATAGGCTCAGAACTG,162
ACATAGCAGTAATAAA,162
ACCCCACTAACGTCAA,162
ACCTACGCGGAGTATA,162
ACTGCAAACACATTAT,162
ACTTGTGTCCGAACTG,162
AGAGCGACGCGAAACA,162
AGCACAAAGGTTTCAA,162
AGGAAATGATGGGAGC,162
ATAGCAGAAATTCCGA,162
ATTCTCCAACGGATAA,162
ATTGAAAGTACCTAAG,162
CATTACCAAGATAGTA,162
CCACAGATGAATCGAC,162
CGATTCATATGATGAA,162
CGCTTATCAGATCGAA,162
GACTTCAAAATGAGTA,162
GATGATCAACAAATAA,162
GGCCACATTGCCTATT,162
GGCTTTATCATGGGAA,162
GGGCGGCCCTTATTGG,162
GTATGGAGGTCAGACT,162
GTATTAGGTTGTATAC,162
TAATTAGCTGTAGAGA,162
TAGCGTATTGACCCAT,162
TATTGACGTGAACTAT,162
TCAAAGCCAGCAGCAT,162
TCACGACATCATCTGA,162
TCATACATGAACAAGG,162
TTCATATATCAGAAAA,162
TTCTTTCCATTCTAAA,162
AAAATGGTTACTTCGA,161
AACCAGCTCCTAAAAA,161
AACTCAAATAGACACA,161
AAGAAAGAAATCAAGT,161
AAGGGTCTACGGATTA,161
AATGACCAATACGTAC,161
AATTATTTACCTATAT,161
ACACACTACTTACTAC,161
ACCGACACCCAAAGGA,161
ACTGCGCTTAAGCCAT,161
AGAAAGTTTCACACGA,161
AGAACTGGGAATAAAA,161
AGAGTAACCTTGCTGG,161
AGATGTGTTAGGCTAA,161
AGGACAGGAATAATCG,161
ATCCAGGTTCTCTGTG,161
ATTGGAAGGTCCTTCT,161
CAAAATAATCTCTTAA,161
CAAAGAATGTTCCCTA,161
CACGTACACGAGTGAC,161
CACTACAGTAACAAAA,161
CAGGTAAAAGCAAGAA,161
CAGTTTAATATTGAAA,161
CCGAGTGGTTTGAGGT,161
CCGTAGTTAGAAGTTG,161
CGAATAAAGACGCCAC,161
CTTACCCCACTGACCT,161
GAATGGATATCGATTA,161
GACATCCATCACAGGT,161
GATGAGGGCAAATATC,161
GCGTTAATTATGATAT,161
GGAAATAGCTACTAAT,161
GGCCCTAAGAACAAAA,161
GGCGCTCACACTAACA,161
GGGGGTTGTTGAGAGA,161
GGTGAAACCACAGCTA,161
GGTTAAAAATACTATT,161
GTTGAACGAAACATGA,161
TAAAGATATCTGCTGT,161
TAATATAGGCATGGTT,161
TAGTAAGTGACTGATA,161
TATTCAACTTCTAGTA,161
TCAACACAGCAGATGG,161
TCCGAAGTGCACTGCA,161
TCCTATAATACCGGAC,161
TCGTTGATTGTCTCGG,161
TGACCGAAAGACAGCC,161
TGCAATGGCGAAGAAA,161
TTACCGTAATTAAAAA,161
AAGCATAACGAAAGAG,160
AATTCTGACTTGTAAC,160
ACATGTAGAGGGGAAT,160
ACTAATTCACACCCAG,160
AGCAAGGTTGTGAATA,160
ATATAACGTCCCTAGT,160
ATTCGAATAAAATAAA,160
CAAAAGCTTGCATCAC,160
CAAAATGTCAAATTGA,160
CAATACCGGTTCATTA,160
CACAAGCTTCTTACTA,160
CACGCATATACTTGAT,160
CCCCGCACTTCTGAAA,160
CCGCAAGTAGGATGGC,160
CCTTATGATAGACCCA,160
CTCCGATTAGGAGAAA,160
GACCCAGTCATTTTTT,160
GCCGGAAGCAAACAAA,160
GGACACTGCTAATTCA,160
GGATGTGATTCTTCGT,160
GGGCGTTTATCTCAGG,160
GTACGTAATTACGTAA,160
TTTCCCTTGGATACGT,160
AAACACCAAATGTTCG,159
AACATTGGTGGCACAT,159
AACTGTCATAATATGA,159
AAGATTAGTCATCACA,159
AAGGGCAGAAGATGAA,159
ACAATGTTGTACCTTA,159
AGACGATCCGTAATTA,159
AGCAAGATTGCTCAGC,159
AGGACCAATGGAACGT,159
AGGATATGCTACTCAG,159
AGTAGACTAATCCCAG,159
AGTTGCATGTAGATAA,159
ATCAATAAAGCAGAAG,159
ATCACTAGTGATAGTT,159
CAACTACACCATATAT,159
CACCAACCGATATATA,159
CATTCTCGATAAGCAA,159
CGACCAATAATAATAT,159
CGCAGAACTCGCCTAA,159
CGGCCATAACGCAGAC,159
GAACCGCGATCAAGCA,159
GACACCGTATTATGTA,159
GAGGACCGAGACTCAT,159
GGTCCGGAATAGCAAT,159
GTAGAGGGCCGTCGAT,159
GTGAGCAGGATGTTTA,159
TAACGAGTTTCTTAGG,159
TATGCCGTGCACTTTA,159
TGCACGATGTGGGGTC,159
TGCCGTATGAACCAGT,159
TTAGATGCAAAGCCGA,159
TTCGAAGTTGTCGTAA,159
TTCTAACCGCGTCTGA,159
AAAGAATTAGGCTATA,158
AACCATAGTCAAATAA,158
AATCCCGATTCGGACA,158
ACAGCACCACCATTAT,158
ACCGACCGGCAGCCAA,158
ACCTAATTCGAATATG,158
ACGAATTGATACTAGA,158
AGGAATGCAACTGGGG,158
AGGCAAGACTAAATGA,158
ATCCCACTCGACATGC,158
CACCTTGCGCTCAGAA,158
CATCGAAAAATTTTAT,158
CCCTCGGGTTACGGTC,158
CGTAGATAAGGGATGG,158
CTACGAAACGACCAGC,158
CTACGGCAAAAAGGGA,158
CTATACATGTATCAAA,158
CTTAGTCTGTCATCTA,158
GAAACTAGCAAAGTTG,158
GAAATATGGCTACTAA,158
GAGCTATATGCAAAGC,158
GATACACGGTCCAATA,158
GGAACGTGTGCGTAAA,158
GTAGAGCAGCGTCCTC,158
GTCCAGAGTCATAGGA,158
GTCCGAACGACGTGGG,158
GTTTGATACTTCAAAG,158
TAAGAGCAGCGGGTAG,158
TACATTACCCGGTAAT,158
TCAGCATCGTCTTAGG,158
TCCCCACGATTTCATA,158
TCCTGGTAAATGACAT,158
TCTCGCCCTAAATGTA,158
TCTGAACACTGGGGAG,158
TGAAACCGGCTCGGAA,158
TGGTCCGGATTTTAAC,158
TTAGTTGGCAATAAAC,158
AATAAGATCTGCAATA,157
ACAGAGTCTAGCCGGA,157
ACTAATTTAACCAAGA,157
ACTGCAAGGATCAAGA,157
AGACTGAGACTTACAG,157
AGATTAAACGGTGCCC,157
ATCATTAAACCGGATA,157
ATCCGCATTTCATATA,157
CACTTCCGATCAGCTA,157
CAGCATTCCGTGTTTC,157
CCAATAGAATCCTTAA,157
CCGAAGCTATTACATA,157
CGAGATAAAAGAGGGA,157
CGATACAAACTGAAAT,157
CGTAAATGCCGATGGG,157
CTAATTAGCTGGGGAA,157
CTCCGAATCGTTAGGA,157
GAAATACTGAGGTACT,157
GAATTGCGACAGTTCA,157
GATGCACAAGACCAAA,157
GCAGGACGGATATAAG,157
GCATGTAGCCAGAAAT,157
GCCACCTTAATATATC,157
GGATATAAAGATGCAA,157
GGATCAAGTGTTATGA,157
GGGATCAAGTGGGAAT,157
GTCGAAAAGATATATC,157
GTTTCTTCAGGTACTA,157
TAAGGACAGAGTTTTA,157
TAGTTTCTAAGCTACC,157
TCGAGAGCGGGTGCAA,157
TCTCTTATCCGCCATC,157
TGGATTTGAAATAGTA,157
TTGTCACATGACACTA,157
AAACGACCACAACAAA,156
AAATTGATCATATCTA,156
ACCCTCCAATCTCCCT,156
AGACTCAAAACGCCGA,156
AGGGCTGGGGCCTTTG,156
ATCGTGGACACGATCT,156
ATTCTCAAGCAGAAAA,156
CAAAGTACCGCTAGCT,156
CAACATTTCTCTTAGT,156
CAACTTTTGTCTAGAA,156
CAATAACGAACGTTCG,156
CATGATAGCGCGAAAA,156
CCACGACACATATTTG,156
CCCGTCGGGAGGTTAA,156
CGGTGCCACCTTTTGG,156
CTAACAAGCCTGATTA,156
CTAGCTGATATAATTA,156
CTTTTGAAGAAATAAA,156
GAAACATAAGCGGAGA,156
GAGCTTCTCAGCCCTG,156
GATGACGATTGTAGAA,156
GCCTACATATGAAATA,156
GCCTCACGGTTGAATT,156
GCGCTTTCATGGTGTA,156
GGCTAGTGGTACCTAC,156
GGGCCCAAACATGAAA,156
TAATTGACCTATAAAG,156
TAGACCGAGGAACTTA,156
TAGCGACACACGAAAG,156
TAGTAAGCAATAGTAC,156
TATGGCATAAAACCAT,156
TGAACTACGAAAATAA,156
TGTATAAGTGACTTAT,156
TGTCGAACATGTAAAT,156
TTAGAACTTGTGTTTG,156
TTGAGCGAGTATGGAG,156
TTGCGCGAAAGACACT,156
TTTGATAATGCATTAT,156
TTTGTTCAAATGTTAT,156
AAAACCGGAATTGTGT,155
AAAGTAGGAAAATAAA,155
AAATGGGCTACTGAGT,155
AATATCCTGAAGGGAA,155
ACATTAGCAAAGAATT,155
ACGTAAAAGCAATTAA,155
ACTTACCGGAAATTAA,155
AGAGCTTAGGCAAAAA,155
AGTCTATACCCGGGGC,155
AGTTAGGTGGAACGTA,155
ATGTAACGGCTGGGCA,155
ATTTAATAAATTCCAA,155
CAGGCAATTGGAACCA,155
CCCAGGCCCTGAGTGA,155
CCTATTGGTCTACAAT,155
CGGCTCGAAGCAGGGA,155
CGTTATCCTCGGGATA,155
CGTTTTTTTTACCTGG,155
CTAAACAATAAAACTG,155
GAAAATTGAAGTGAGA,155
GAAGTAGAAATTGTAA,155
GACAATACGCGAGTGG,155
GAGAGTGGTTAGTAAA,155
GATAATTTATCGCAGG,155
GATGGCAATCGGGGAA,155
GATGGGCAATATGGCA,155
GCATATTCCAAGTTGA,155
GCCCATCACATACAAA,155
GCTTGATAGGCGAGTA,155
GGAGGACCCATTCCAC,155
GGATCGTAAAATACTC,155
GGCGGCCAGTCTGGGC,155
GGTATGTAAGTATGAA,155
TAAAGTCAATATAACC,155
TAAATCCAAATACAAT,155
TAATCCATCAACCATA,155
TATAAAACTGTTAAGA,155
TGCGCGCTGAGCCCGT,155
AAAAAGGACCGATAGT,154
AACAGAGTAGTTTAAG,154
AACTGAATACCAATCA,154
ACCTGTCCTGCCCCAT,154
ACCTTGTAAGGTGAAC,154
ACTGGTTGATTAAGAA,154
AGACCGCAATGTTAAG,154
AGCAGTAAGGTTTCAT,154
AGTGGTCTTGACCAGG,154
AGTTATATGCAGACGA,154
ATAAATCAGAACCTAT,154
ATATAGCCCATAACAT,154
ATCACCCTAAATCAGA,154
CAACAGACTACATCAA,154
CATATAATCTAGCTTA,154
CCCATCCAACATATAA,154
CGAGACAGCGAACCAG,154
GAAGTAGGAATGCCGA,154
GGAGAGGGTCCAGAGG,154
GGGAAAAATAGGTTGC,154
GGTTAGCTTCACGTTT,154
GTCAGATCACAGTTGA,154
TCCCCGTTTAATTTTT,154
TCGCAGGTCCAACCAA,154
TGACAAAAACAATGAA,154
TGCACAGTGATATTAA,154
TTATTGTGATGGTTGC,154
TTCCCCAGGCGCCCTA,154
TTGAAAAGATGTAGAT,154
AAAAGAGTATCAAGGG,153
AAAAGTCAAAAAATAA,153
AACAGATGTGAAACAA,153
AACATTGGATACCCAA,153
ACGTCATATATGCTAT,153
AGAATAACTACGATTT,153
AGAATATACATACCAT,153
AGACCCCCTACGAAAA,153
AGAGGCCAAAGACGGG,153
AGTAATGCCGATGTGT,153
ATAATAGGCATCAAGT,153
ATCGTGCGACTCGACA,153
ATTGACTCCTAGCTAG,153
ATTTAAATACTTGAGT,153
CAAGTGGTACTAGAAA,153
CACTCTCTTCCTCCAC,153
CCCACCCCCACTCCCC,153
CCCATGAGTATATGAG,153
CTCTTTACGAGGTCTA,153
GAATTAGTAGTGAGCA,153
GACCAAGTAGAACATA,153
GAGCAAAAGGTGGAGA,153
GCCATACAAATACTCT,153
GGGTACGTGGATGTAA,153
GTCCAGCATGAGCCTC,153
GTCCATAAAAGGTGCT,153
TAAAACATCAAACGGA,153
TAAAGAGACATCCTGT,153
TAAGCTCAACTATAAA,153
TCCGAACCGACGCCAT,153
TCTAAGCACGTTAGAA,153
TGATTTAACATCTAAG,153
TTATCTATACTCGTTG,153
AAGAGCATCATACTTT,152
AATACCAATACCAAAA,152
AATCAAGTGAAAGGGG,152
ACACGTAATAGATCAT,152
AGTCGAACATCTCGGA,152
AGTTTTAACTCTACCT,152
ATCTGACCGGAAAAAG,152
ATGACCACTAATGATA,152
CAGAAAGTGAGTCTGA,152
CATGAAAACTTATTGG,152
CCAAATCGCCGGGCGA,152
CCTAACTCCACTATGT,152
CGCCGAGAGTAACAAA,152
CGGCCTTAACACTACA,152
GACTTTGTGTACCAGT,152
GATAAAAGCACCATAA,152
GCTTCATATAAAAACA,152
GGATCCAAAGACTCAT,152
GGGTATAAAATAAAAA,152
GTGAATCCTTGGTATG,152
GTGTACTTGCAAAAAA,152
GTTATCTTGAAGCAAT,152
GTTTGATATGTGTCCC,152
TAGGTATAAAGATGAA,152
TATTCACTCCATAAGA,152
TCCAAGGAACAACTTA,152
TCTAGCCTAGCATGAA,152
TGTTGCTAAAAGTTAT,152
TTAAGTAACAGTTTGT,152
AACTTTAAACTCTGAT,151
ACCTCTTCTTGCTGCA,151
ACGAAAATTGGATCAA,151
ACGCGGCAAGGAACAA,151
ACTTTAAGCCAGCCGC,151
AGCAGTTGCAATTCAA,151
AGGCTCATAAATGCTT,151
AGGTAGAAATCATTCT,151
AGTAATCATTACCTTA,151
ATAGTACCTTTATGGT,151
ATATGCCTATCGACTA,151
ATCAAGGATATTGTAA,151
ATGCAGGCGCTCTATT,151
ATGTTAATCCGAGTTT,151
ATTGTATGTTGGAAAC,151
ATTTTGAAATGGGAAC,151
CCTAGTTCCTTGCAAA,151
CGAACGCCTGCAGTTG,151
CGGGGTACGCGATTGG,151
CGTCTTGATACTGAGT,151
GACCTAAAGACCAAAA,151
GAGAGTGGTAGGTATA,151
GATGAGTAATGTTGTA,151
GCACCTTTAAGACGAT,151
GCGATCACTTTACTAG,151
GCTTCGCGACTGTAAA,151
GTCCAACAATCCCACA,151
TAAAAGTTTAGAGTTT,151
TAGACATGATATTAAT,151
TATACCATTACCAGAG,151
TTAACAAATGATCAAT,151
TTAACGGGATAGTGAA,151
AAAGGAATGGGATAAA,150
AACCAGTAATTTATAT,150
AATAAATGATGGTTGA,150
ACACGGTAACATGGGT,150
ACCTGCGAATAAATAG,150
AGAGATGAGAGACATT,150
AGAGTTCGCGAAACCA,150
ATCCTGATTCAACTTT,150
ATCTTCGGAGGGGCAA,150
CCTCAAATGGGGAACA,150
CCTCTTCCCGCCCAAA,150
CTAACTCACACGATAA,150
CTGAAATTCCTTCCGA,150
GATCAGTATTGCCCAG,150
GCAGAAAGGCTAGTTA,150
GCATCTAGCCAAAAAA,150
GGGCATAACAAAAAGA,150
GGTGCCCATTTGTTGA,150
GTTTGTTACTCCCCCA,150
TCATAGGCAACTTAAA,150
TGACGGATAAAGATTC,150
TGCGTGATCTCTGAAG,150
TTAAACGGAATGGGAC,150
TTCTTAGAGACATTTT,150
AAAACACGACAATAAT,149
AAATAGATAGTGGCGG,149
AACCGCGGCAGAGTTA,149
AAGCATACAGCGGGGG,149
ACCAGCGTGCGGAGAC,149
ACCCAAGCCCCAAACA,149
ACGCCTAACTGCCACG,149
ACGTTACTTGCAGCAG,149
AGACTCACTACCAGAT,149
AGATCCTATCTCCAGT,149
AGTTAACAAAGCCACA,149
ATAAAGAATCTTTAAT,149
ATAAAGCTTTACATAA,149
ATACCAAGCCAGTTTT,149
ATATAAGCACACTTTA,149
ATCCCATGACACGGCA,149
ATCCCCCCAAGCCCGC,149
CATCCCTCAAGTGTAA,149
CCTAAGTTCTCTATTT,149
CGACACTAATGAAAAA,149
CGAGACCTTACGAGAA,149
CGGGTTACCTATCTCA,149
CGTTAATAAATAGCGG,149
CTGACGTTCTACATCA,149
GAGAAGGCCTAACACT,149
GAGCGAAAACACACGA,149
GTACAGACAGGTATAA,149
GTCGACCTTCAATTAA,149
GTTCAAACTTAACCAT,149
TAGGGCAGTATTTTTT,149
TATGATCGTTACAATA,149
TCAAATTTCCAATAAA,149
TCGGCGACGGTCTTTA,149
TGGAGAAAATCGATGA,149
TTCGGAGAATCGGTCA,149
AAAGCAAAGGACATAT,148
AAAGTGGGATCTAAAC,148
AACTAGCACACTGGAT,148
AAGAACTATACCCTGA,148
AATCAAACAATGTATC,148
ACCGTACTTACATCAA,148
ACTAACGGTTAATACA,148
ACTAGCAATAACGTAG,148
AGAAAAAGATCTAGTA,148
AGAAAATTTGGACAAT,148
AGAAATTAGCCCCAAG,148
AGTTTAGATACGCCAC,148
ATACCCACACGTCCCA,148
ATAGTGACATCGATGC,148
ATGATGAACCGACAGA,148
ATGGTAAAAGGAAAGG,148
CATATAAGCTCTTATC,148
CGTACCAATTTGTCTA,148
CTGAAGGACTACTCAC,148
CTTATCAGAGTAGATA,148
GACGAACCTTACCACA,148
GACTCCACTTTACTAT,148
GATTGAGTACCCCGAA,148
GCATCCCCGTGGCTTA,148
GCTCATTTACCTTTGA,148
GGAAACAAATAATCGA,148
GTCCTAGAGGGGACGT,148
TAAATCTCAGGATTAG,148
TAAGAGGAACAGTGAT,148
TGAACCTTGAGAATGA,148
TGTGAAAAACGAGCAA,148
TTCTCCCAGAACCAAA,148
TTGGCCCATAAGTACA,148
TTGTTGAACAAAAAGA,148
TTTTATCCAACTCACT,148
ACGAGTGAATAGATAA,147
ACTCCTACAATTAAAA,147
ACTGAGCCACATTAAG,147
ACTTATTTATCACATA,147
AGAACAAAGTACAACC,147
AGTTGTTGTGGTTCAA,147
ATACCAAACATAAAAA,147
CAGCCGGGATTCTAAA,147
CATATATTAGCCGTCA,147
CTATAGAATAGCTTAT,147
CTATGACACTACCCAG,147
GAAAACGAATGATGAT,147
GCAGGGCTATAAGAAC,147
GCCACAAGATAAACTT,147
GCGAACCAATTTCCAA,147
GCGACTAGACTGTAGT,147
GGGGCGGCAACGCACT,147
GGGTACGAGTGGTAGA,147
GTCAGGTAAATAGGGC,147
TATAGAGTTGTCACAT,147
TGGAGCGCGTTATTGA,147
TGGCACACTTAGATAT,147
TTTAGGAGGAGGGTAA,147
AAAATACGCCAGCACC,146
AAACAAACAAGGGGAT,146
AATCTATACCGACGTG,146
ACCTGAACAAGTTTTG,146
ATCAATGAAAATTAGT,146
CACAAATTAGCCAAAA,146
CACGTTCATAACTTTA,146
CAGACATCAAGGAATA,146
CAGCTGGCGAACCTAT,146
CATCAAAATGCGCTAA,146
CGAAATCCTTTGAAGA,146
CGTCCAGGTGTCAGAA,146
CTCTAGATTTCCCTAC,146
GAATGGGGCAAAACTA,146
GACGCAATATGTTTAC,146
GATTAGCATAAATAAT,146
GCAAATGGTATAAAGT,146
GCATTATGATGACAGA,146
GCTGAACACTGGCTTA,146
GGAAGTAGCCGGCTAA,146
GGATTATAAAGGTCTG,146
GGCGTAAGGGACCTTT,146
GGCTTGGCCTCCCCTA,146
GTACAACCTATCAAAA,146
GTCGGCTTGCCAGGAC,146
GTGTGTACACATCAGT,146
TAATATCTTATATGAA,146
TACGGAGGCGGATATG,146
TATACAGACTGACTAA,146
TCTACAGTCAATAAGT,146
TCTGATGGTGTAAAAT,146
TGAAAATCTAATGCAA,146
TGTGTGCCAAGACGCT,146
TTGGAGGTTAAAACAA,146
AAAACAGGATGCATAG,145
AAATAATAATGAATAT,145
AAGAAATAAAGCGACA,145
AGGACAAGTTAGTAAA,145
ATATACACTTAAAAAA,145
CACCGACAATATGTGA,145
CCAAATAAACGGATAT,145
CCAGAATTATTAAATT,145
CCTATCTATATAATTA,145
CGCACTAGGTCACCTA,145
CGGTCTTGGAGAAAAA,145
CGTTAACAGATAAAGG,145
CTACATCGACACGCAA,145
CTCGTAATACGTTTGA,145
CTTCGTATGAAGAGCA,145
CTTGCATTGTCCCGGA,145
GATTCTAGATACTAAG,145
GCATGAATCGTGAATA,145
TACGCAGGCGTGTGAA,145
TGACGATTGCAACATA,145
TGAGGAATCATTAACT,145
TTGGGGCTGCAACTAA,145
AAGATGAGTCAAATCA,144
ACAGCACTCTCGCTTA,144
ACATTTATTTATTAAG,144
ACCCACTCTATGAGAA,144
ACCGATTAAAAATAAA,144
AGAGTTGATCGCATAG,144
AGGGCTTAATCGGTAG,144
AGTGACGATTCCTCTA,144
ATTGTCATCAACTTAC,144
CAAAAATAAAAAGAAA,144
CATTTTGAGTTGTGGA,144
CCTGAGAAATCCAATA,144
CGAGTGAACGAATTAA,144
CGTTAAATCCAGTATC,144
CTCGTGGGTAGCTGAG,144
CTGAAATCTCAACCAT,144
CTTCAGAAAACATAGT,144
GAGAGTAGACGATGTA,144
GATACAATGGCATGAT,144
GCAGAACCTAGTGTAA,144
GCTGGACGCCAATCTT,144
GGAAGTCTGGAAATGG,144
TACGATTAAAAGGAAA,144
TACTGCTGCTAAGAAT,144
TAGGGATAAGATTAAT,144
AAAACACCTGAAATTA,143
AAACTAAAGCAGAGAA,143
AAAGGAAACAAATTAT,143
AACAGTGAGACTAACA,143
AACTTAGCTAAAGCAT,143
AATATAGATGGCTTAA,143
ACACATTTATCTGGAA,143
ACATTACGACGTTAAG,143
AGAGAAGGAAGAGGAT,143
AGGGCATGACGCAGAA,143
AGGGCCGGGGATATTA,143
ATCCAGCTTATTGGGG,143
ATTATATTTGCTGCAG,143
ATTGGGCTCTCAAAAG,143
CAAAATGACTGTATAG,143
CCAAAATCGTACACAA,143
CCATAATAGACCCAAT,143
CGCTATTGTAGGATAA,143
GAGTAGATATTCAATT,143
GAGTATTGGAACAGTT,143
GTTACGTCGATACCGA,143
GTTCCATGATATAGAA,143
TAGAACGCAGGCAAAA,143
TCAGTAGCTGTTGCTT,143
TCGATTAGTGCAAAGA,143
TGAAACATTGACTACT,143
TGACATTGTCTAGAAT,143
TGCAAGCATGTGTGAA,143
TTACGAATCAATCTAA,143
AAACATTGATTATTTG,142
AAATCTATCTGTTGAA,142
AATCTATTGCTACGGG,142
AGCGCTTCTCAGGATT,142
ATAAATCGAATAAAAG,142
CAACCAAGAATGGTCA,142
CGCAAACGGAGCCCGT,142
CTGGTTTAATATATGA,142
CTTGTAAATACGGCGA,142
GAAATGCTGGAGATAA,142
GAAGTACGAGCGAGTA,142
GGACATGCACTCTATA,142
GGCGACCGTTAAAAGG,142
GGTAACCTAGTATCAA,142
GGTGTGCAATCCTCAG,142
GTAAAATTAAAATAAA,142
GTTAACTGACATCGTT,142
TAGTAGGTTATACAAG,142
TATGGCCAAGACATAA,142
TCGGAAGGCCTTACAG,142
TGTAGAGACCTTTGTA,142
TTTCTTCCATACCGAT,142
AAGTCAAACCCTGTTC,141
ACAACAGCACCAACAT,141
ACCGTTCAGTTGGAAA,141
AGAAACATCGCAATCA,141
AGGAATGGAACCGAAT,141
ATGATATATGAATTGC,141
ATTCATCTTTACAAAA,141
CACGGTTTGATAGCAC,141
CATGCCACTAATTATA,141
CCGTCCAAAATACTTA,141
CGATTATGAACAGCAG,141
CGTACTTAGAGAACGA,141
CTACGCCCTTCACATG,141
GACCAACCGGGTCCCT,141
GAGCGGACAACGAAGA,141
GATACAGTTCAATATA,141
GCCGTAAAGAACCTAA,141
GCGGAACCACGGTCAC,141
GCGGAGGATTAAAAAT,141
GTAACAAAAGTGACGG,141
GTATAATACCCTTTCA,141
TAATGTCTGTTTGGAA,141
TACGGACTTAATTTAA,141
TAGATATGGTCCAAAT,141
TAGTTCCTCAAGAGGT,141
TCTACATACGTACTGT,141
TGCCGGCCGTTCGGAG,141
TGCTTACATTTCTACA,141
TGTATGTCCGGAAAAA,141
TTAAATGTAACGCAAT,141
TTATAAATAATCGTAG,141
TTCTCAGGATGCAAAT,141
TTGGGGAATCTGTTTT,141
AAATCCGTATATGCGA,140
AAGAGCCATGGATAAC,140
AAGTATCGCTAGGTTG,140
AATTTAATAAAGCAGA,140
AGGGTCTTAATCTAAA,140
ATCCCTTTAGAGTAGA,140
CATAATCCGTGCGAAA,140
CGACCGATCATGACAG,140
CTAGCCCCGACTTATA,140
CTGAGTACATATGTAA,140
CTGTGTCAGGTTGAAA,140
GCCGATTATGGGGCAA,140
GGTGAATAGGACAGGG,140
TAAGATATCAGTAAGA,140
TACTAAAGCGCCTTCA,140
TCAATATTTTACTGTT,140
TTAACCAACGTTGGAC,140
TTGGAAACCAGGCCGA,140
TTTTGCGTCAAAAGGG,140
AACGGGAGTGGAAGTA,139
ACCTGTGGTCCGACAC,139
ACTAATATGCTGCTAA,139
AGACCGTATCAGTAGG,139
AGCAAATGTCATAAAT,139
AGTAGTCGTCATTAAG,139
AGTGTATGCGATTTGA,139
CCAAAAACGTAATAGG,139
CCATACGCAAGTACTT,139
CGTTGATTTGGTGGGG,139
CTATGATTAATTTTAG,139
CTGCTTCGGTATTAAA,139
GAAAGTAAATGCTTGC,139
GAAGACCTGTTACCGT,139
GATTATTACAACACAG,139
GGAGGCAACGAGGCTA,139
GGGAAAAATAGAATGA,139
GGGGTTTGCTGTACCA,139
GTACGTGTGCGAATGC,139
GTCTGTAGTATATAGA,139
GTGTAAAAGGACCTAA,139
TCAAGAAGACTATGTT,139
TCTAATTATCACACTT,139
TGCAGTGCCTATTCCA,139
TGTTTACCTGTGGTGA,139
TTAAGTTTAAATCAGA,139
AAGTGGACAGAAAATC,138
AATAAATACTGTGAAC,138
AATTCGAGCTGATGTA,138
ACGAACGAGTTGGGAT,138
AGACATTATAATACAA,138
ATAGACACAGAGTTAA,138
ATAGCTTCTAACGGGA,138
ATGTAGTGGTAGATGA,138
CCATATAGTTAGCGTA,138
CCGAGCTGGATCAGAT,138
CCGAGTTTAGAACCCC,138
GAGCAATCTGGCTGGT,138
GAGGGCCTTTATGAAG,138
GGTTCTTTGTAGATTA,138
GTGAAAAGCTAGCCTT,138
TAGGAAAAAAAAGCTA,138
TATAAACTATGGGGAT,138
TGGGCTTTAATCGGGT,138
TTTACCGCATAGTAAC,138
AAGGTCACGCGGTGAT,137
AATAAATACCGTGACA,137
AATCATAAGACTCAAT,137
ACAACTTCGAACCCAT,137
AGAAAATTGAGAGGAA,137
AGTACGACGAAAGAGA,137
ATTTGTTGAGTAGAAA,137
CACTCGAGGCAAGGAA,137
CCAAAAAAGCTAGGGT,137
CCGCGACCCCGAATAA,137
CCTGCACTCTAGATTA,137
CGTGCCACGGCTCCAT,137
GACCCTCTGTGGAGGT,137
GGAGGCAGTAAAATCA,137
GGCGAGCTACCTTAGA,137
GTTGATATGAACAAGT,137
TAGTCAAGGCAAATCG,137
TATGGCACGTAAGTTA,137
TGCAACCTACCCGGAA,137
TGTAGACATTCATAAT,137
TTAAAGGGCCTATATC,137
AAAGGTAATGAACCAT,136
AACACCGCCAGATGAC,136
AAGTTAATAATAATAG,136
ACCATCCCAACTGCTT,136
ACGCAGTTCACAGAAT,136
ATCAGTGTTTATAACT,136
ATGGTGCAAATTGTAA,136
ATTAGGCGGTTCTGAG,136
CAGTATTTCGCCGTTG,136
CCAGCGGGAGTAGCAA,136
CGACAGCAGGAGTATC,136
CGTAGTCCAACCATAT,136
CTAAAAGTCTCAACTT,136
CTTAGATGACGCGAAA,136
GAATCTAACTAGAGAT,136
GAGGAAATAAGGTTGA,136
GGTAAACACACACTCA,136
GTGCTTTTGCTCGGGA,136
GTGTTCATGGCATCAA,136
TAAAAAGACTGACCGA,136
TAAAAAGTTAATTGTA,136
TACGACGCACTCCAAA,136
TAGTCTTCGGATGTAG,136
TATCTCTCCGTTAATA,136
TCAAAACCGAATTCAA,136
TCGGAATTACGAATGG,136
TTCCATGGGGAATCGA,136
AATTTGTCTGTAAGAA,135
ATAAATCGTTAGCCAT,135
CAACACAGCTGATTGT,135
CATAAAACAGCATTAT,135
CCAGTAACCTTATTCA,135
CGTGCAGCCTACAAGG,135
CGTTTTATATTCCCCA,135
GAATGGGGCAAGGGAT,135
GCGGGCGTGGGAAGCA,135
GCTAATTATGTCAAAA,135
TAGCAGTCGAACTTCA,135
TCGCGCCTTCCCAACA,135
TGTGCTGGGACTGATA,135
TTAAAAGGTTCAAAGG,135
AAACTGTGCTAAAGGG,134
AAATTCAAATGAAATA,134
AATTCACTTACGTAAT,134
ACTAGAAATGCACAAG,134
AGCCCGGGAATGAAAG,134
ATAACCAGGATCGTAA,134
ATACGAAGTGATGAAT,134
ATTGAGGCTCACACGT,134
CAACTTTGGAGAGAAT,134
CATTGCAGTCGTGAAG,134
CGTATTGATCGATTGG,134
CGTTTATGTGGGGTAA,134
CTACCGGTTGCATAGC,134
GAAGCCTAAATAATAA,134
GACGTATGCCCCGCGT,134
GATTTTTGTACATAAA,134
GTCTGTGTGTAAGTAA,134
TTTGTGATGAAGATAC,134
AAACGTTGGCACCGTT,133
ACACCCTTTGACGCTT,133
ACCGGGTACCAAACCA,133
ACGGCTGCGCTGGAAC,133
ACTCCGCGAGAATTAT,133
ATCGTTAACTTAAAAA,133
ATGACGCGACTTGGGA,133
ATGCATCAAATAATGG,133
ATGCTAGAGCAATTTA,133
CAACTATCCGAACAGA,133
CAATGCTCCTGGTGGG,133
CACTCTGTTTATTTAA,133
CAGCGGGAATAGTGAA,133
CAGGGCTTGACTGACC,133
CATCACCCACTACATA,133
CGATATACGAATTGGA,133
CGTCACGGAGTTCAGA,133
CGTGGAAATTTCCTGG,133
GAAAACTATATAGCAT,133
GATACACAGAAAACAT,133
GATGACGGGGCTCAGA,133
GCAGCACCACCAGGCA,133
GCCTAGCGGCTTAAGA,133
GGACACAACAAGGGAT,133
GGGTGACAGGCAGAGA,133
TAAATTGTAATTGAGA,133
TATTGACGCTGGTTTG,133
TGAACGGTTAAAAGTA,133
TTACAGAAGATGTCCC,133
TTATTGTCGCTGGAAA,133
AAAGAATTAACCCCAG,132
AAGGGTCCAAGTGTCT,132
ACAGACAATCTGCAAA,132
ACGTTTAGGCTAGAAA,132
AGAACTTACGATTGCA,132
AGCCCGACCGTCGGTA,132
AGGACAGGCGCGTCTT,132
AGGATTAACGGGGAAC,132
CAGAGAACTTAGACAA,132
CAGCTGTCGTCTATAA,132
CAGGGAACCTTTCAAA,132
CATTTAAGCTAGCAGC,132
CTACATTTGATAGAGG,132
GGAGCTGTTAGAGATA,132
TATACGTTCTATTCAT,132
TCAAAAACTGTACTGA,132
TGACGTTCACCTTTTA,132
TGTGATTATTAAAAGA,132
AAAGGACACTAAACCA,131
AAATTAAAACCTGGAT,131
AACCAATTAATATACA,131
AACCTGACCTGTGTGA,131
ACTGTAAACATTTAAG,131
ATAATGTTAAAGATAC,131
ATACCCCTGCTCTAAT,131
CAGCATGAACATGGAA,131
CATGAGATCCAAGGGG,131
CGATCCCTTATAAAAA,131
CTTTTTTCAGATTAGA,131
GAACAATGTAAATAGA,131
GAGTATAAGAAGTTTA,131
GGGAGTTTAAGCGGAA,131
GGTAGTAATGTCCCTA,131
AACATGTGGCGTTATA,130
AACCGCAATACAATCA,130
AACGGGGATGTACACT,130
AAGTACAGAGATTAAG,130
ACATACCTACAACTTA,130
ACCGAACGTCTTCCAT,130
ACCTGATTGAGAGTGA,130
ATCTAAGTATATCAGA,130
ATTCATCGCTTTCGGG,130
ATTTTCAACCATTTAG,130
CAATCTACTGACCGAG,130
CAGAGTTAGGTCATGG,130
CATCATTAAAGATTAG,130
CATTGGGTGAGAAAAT,130
CTGCAGAAAAACTGTA,130
GGCGGAAACAGGTTAA,130
TAAAAGTTATATTGAC,130
TGAAACAACCCATAGA,130
AAATAAATATCATTAC,129
AAATTATTAACAAAAT,129
AACGGAGCTTGGGCTT,129
AATTCTCAATAGTTGG,129
ACAAACCTTAAATAAT,129
AGCTGAGCGACAGGAC,129
AGGTGCATAGAGCCAA,129
AGTCTCGCACTTAAAT,129
CGGCTTAAGCCACATC,129
CTAAAAAGGCCCTGTT,129
CTCACACAGAAGGACT,129
CTCTAATTCCCCTTTG,129
CTTAGCGTCCATTCGA,129
CTTGAAAGACCAACCT,129
TAACACAAAGCTCTTT,129
TACGTGAAATAGGAGG,129
TATATTTATGCCAGAA,129
TCAAGGCAAATTGTTG,129
TCGAAGCGGTTGCTAG,129
AACAAATGAATCGATT,128
ACCTAGCTTTTATTCC,128
ACCTGGCGCATGACCA,128
AGAAGATCCTTGCTGT,128
AGATTAAGGGTCGGAG,128
AGGACATTGAACTAAA,128
AGGCAATCGATTTACC,128
ATTGTCTATCAGGGCA,128
CAAGCGGGCCGCTGAA,128
CCTTGTCTCAGCCAAG,128
CTTAAAGAAGTTCTAT,128
GAATATGACTACACGA,128
GTGGCTCACCGTGTAC,128
TGTGAAGAAAGATACA,128
TTAGGGAAAGACAAAT,128
AACACCATAGCACCCA,127
AAGCGATTACCGTGGA,127
ACTTCCCATATTAATG,127
AGAATCGCTAAAGCGA,127
AGTGAATTCGCTGGTT,127
ATGGAACCACGATCCA,127
ATGGAGCTTCAGAGAG,127
CATCGATTCTATTCAA,127
GCATTATTCGTAACAT,127
GGTAACAAGCAGAAAA,127
TAAGTATTTAATTTAA,127
TAGCTATACGGACAGA,127
TCACCCACCACCCAGA,127
TCCAAGGTGCCTGATA,127
TTCGCTAACCACAAGA,127
TTTCCTACCGCTTACT,127
AACACGTAGGAAGTGC,126
AACAGAATCCACAGGA,126
AACTATGAGACAAGGA,126
AATCCCTGGAATCCAC,126
ACAGTTTAATAGGGAA,126
ACCCTCTTCTTAATAG,126
AGATGGCTCTATGCTA,126
AGCTAGGAGCTTGTCA,126
ATAAAAAATTTAAGGA,126
CACTTCAAGCATCGGT,126
CATAGATCATTAAGTC,126
CCCACTATATGTAGTG,126
CCGAAACGATATAAGA,126
CGTCAAACAATTGAGA,126
CTAGAAAGAGGCCCGA,126
CTCGGTAACGCGGTTA,126
TAATGTTGAACGTAAA,126
TCCGAAGGGGACGAGG,126
TTAAAGTAAATAATAG,126
TTCGAAGCACACGCTA,126
AAAAGTGGGTGGAAAG,125
AAACGTTATATTATGA,125
AAGATATAGCCTGCAT,125
AATAGATTAAAAAAGA,125
ACATCACATTGAGAAG,125
ACGAGATTACGATCGT,125
AGTTAGAAATGTTCTA,125
CAAAGCCATCGAGAAA,125
CCAAAGTATATGATAA,125
CGGTTTGACATCGCAG,125
GAAGATACTTTAAATA,125
GATCCGGTAAAAATCT,125
GGACACTGTAAATTTT,125
GGGTAGACATGACCGA,125
TAAGTCAAGTATCGAG,125
TATAATAACACTTACT,125
TCAAGACCTCTCGGAA,125
TCGTCCTGGTGCCTGG,125
TGCGGCTAGCTGCCAG,125
TGCTAGTTATTATGAG,125
AGAATACCCAATTGTA,124
AGCCGATAGATCTTGG,124
AGGCACAAAGAGTGTA,124
ATCAGACCCCGGGGTA,124
CATATGCCCTGCAGGA,124
CCAGATGCTCTCTTGA,124
CCAGATGGTCCATTAT,124
CGAAAATAAGCAGCTA,124
CTTGAGAACCTACAAT,124
GAAGTCGCTGAATACG,124
GAGTATTCTCCTAGAC,124
GCATAGATACGGGCAG,124
GCCCTTCTATTGAAAA,124
GCGGGTTAAATCTTTA,124
GTGTGCCACCTAGTGT,124
GTGTTGGCGTGTCTAA,124
GTTAACATAGTGCAAA,124
TACGCTGCCACCCAAT,124
TATTCTGTTGCGGTAC,124
TCTGGAAGAAGCAAAC,124
TGAAACATTATAAATT,124
TGAACGGGAAATACGT,124
TTAAAAAGACTAGTGG,124
TTATGACAATCATTTT,124
TTTAAGGAGGAACACA,124
AAATTGTTTGATGAAT,123
AATAATCACCCATCGA,123
AGAAACTACCGCGAGA,123
AGTATAGAAAAATGAA,123
ATATCAACCCCAGGGG,123
ATCTTAACAATATTAG,123
ATGGGAACGATACCAC,123
ATTCTGGACAGATGAA,123
CATACCAGGAGGGTTA,123
CCAAAGTTTTACCAAG,123
CCGACCGCTATTGAGA,123
GCGCCAAAAAGACCGG,123
GGAGTAAAAAATATTA,123
GGGAATACAGTATTAA,123
GGTCCAGACATTGTTA,123
TGCGTCCGACCTCCGA,123
TGGAAGAGTTGCAAGA,123
TGTATGACGAAACAGA,123
TTAGCGTATTATTATA,123
TTCTGGGGGAGGGGGC,123
AATTGAAACTTGATAA,122
ACCAATAAAGGTATAA,122
ACTACATCAATAGTCC,122
AGTCTTGATGTTCCCC,122
CAACCCTGAAGGCCAT,122
CATCCTTCTCAGATAG,122
CTACTCTCCGGACTAT,122
GAAAGATAGCATAGGT,122
GTGAGTAACTTAACGA,122
GTGCAGTAGTAAAGTA,122
TAATGCATGCAATGAA,122
TACTCGATCCTACACG,122
TTGGTTGTAAACTTAA,122
TTTAGAGTTTAACAAA,122
AAAAATTATGAGAAAA,121
AATTAAGAGTCCAATA,121
ACCAAGGGACATGCAA,121
ACGTTACCAAGGTAAG,121
ATAACCATGTTCCAAC,121
CATCTGATAAACGGTA,121
CGATAAATAGAAAAGT,121
GCTAACGAAAAAATAA,121
GTAGTATCGGAATATT,121
GTATAGAGATATTAAA,121
TAAACTAATGACAATA,121
TCTTTTAAAGAGCTAT,121
TGAGGGACAAATGCAT,121
TTAAGGCCGTGATCTA,121
TTTGCAGCAAGAGAAA,121
AAGTGTCGCCCGTAGG,120
ATCTGCTAACGTCCTT,120
ATTCATATACTCAAAG,120
ATTTATATTATGGAAA,120
CATAGCATCACTGCTA,120
CCCAACTGCTGGACGT,120
CCGAATATTTAAAACA,120
CTTTAATAGCGGGGTT,120
GAAAAATAGGGTTGCA,120
GCTCCTAAAAAATAAA,120
TACAAGAAGAGTGAGG,120
TACCCTGGGAATACTA,120
TCCCCTGCCGACTAAT,120
TTTAAAAAGTAAAGTA,120
TTTGCAGTCCCAACAA,120
AAAAACACATCAGATT,119
AAACTTTGGATACATG,119
AACCTCAATGTTTATA,119
AACTTACGGAATGGGA,119
AAGCTGCTTGGATGAG,119
AGAAAATCTTAACCCA,119
AGTTACGGGAGAGTAA,119
ATAACAGAGGAAGAGT,119
ATATCGGGTACTGACT,119
ATATGGCTAATCCTAA,119
CAGATAAGAAGCACAA,119
GAACGGTGGGAACAAA,119
GAGGAGCCAAAGCAAC,119
GATGCCGTGTGAAACA,119
GCTGTGATGATAAATA,119
GGAATTGGGAGCTAAC,119
GGATAAAACATCTTTT,119
GGGAGTGACAAGCCCA,119
GTACAATGTAATGATT,119
TACAAGTATATTTAAA,119
TAGCGAAACAAAAAAT,119
TGTGACCCTCTATTAA,119
TTATAAAAGACTAAAA,119
TTGTCGCTATTCATCA,119
AAAAACACATAAAAAA,118
AAAGAATAAAATACCG,118
AATCGATGACCCAGAA,118
ACTCCCTTTACTTGAC,118
AGTTAAGCTTGGGACT,118
ATTGAGAAAAATCCTA,118
CCAAATGCTCGGCGAA,118
CCCCTGGAGAGGGCAA,118
CTACGATGACCAAAAA,118
CTAGTACAAAGGACCA,118
CTGATAAAACCGCACA,118
CTTAGCTAGTTATCGT,118
GAAGTCGCGGAGTAGG,118
GGATCGTCACGCTACT,118
GGGACAAGTAAGGTAA,118
TCCTAAGAACGCAAAC,118
TGCCATATTCAGGCCA,118
AACAGACATTTAGAAG,117
AAGTGGGAAAGACAGG,117
AGTAGTCAACAAAACT,117
ATCCGTGAAATCTAGA,117
CAAGGGTGAGACATAC,117
CAATAAATAAGTTAAG,117
CACTCCCCCTGACCCA,117
CTGTTGTGAAAAAATT,117
GAACAATGTGAGAAAA,117
GCCAGTTCGCATAGTT,117
GGTATACTTTTACTTT,117
GTGGCGGTAGTAAGAT,117
TGGATAGCTGAGGAAT,117
TTAGTACCAAATGTAG,117
AACCAATATACTTGAA,116
AAGCAGTTCATAGTAG,116
AATCCTGAATTTTATC,116
AATGCTCACTGATATG,116
ACAGAAGCCTAGTAAA,116
ACAGGGCGGTTATGAC,116
ACTCATGAACTTCGAT,116
ACTGGAAATGGATATT,116
AGCACCTCCAAATTGA,116
AGTCTCTAACGCCAGA,116
ATAAGGATTACATCAA,116
CACACGGCCTAGTTAA,116
CAGAACAGTCGGTAAG,116
CAGTCGTCGTATAAGC,116
CATTCAAATGTGACGC,116
CGCAAGTCACGTTGAA,116
CTTATTTACGAATTAT,116
GAAGAGGATCTCAAGG,116
TAAACACACTCATACA,116
TATCTAGACACCAGAA,116
TCTATCAAACATATCG,116
TCTATCGGCGTGGAAC,116
TGACCCGTCTTTAGAT,116
TGAGCTGCGAGATAGC,116
TGTTTAGAGGCTCGCA,116
TGTTTTATTTAAAACA,116
TTTGGTAAGGATATCG,116
AAGATAGCGTAAAAAG,115
AATCCGGTGCTAGGAA,115
AGCTGGTGATTAAGAC,115
AGTACACGATGTCGAA,115
ATAGATCTTGTGTTCC,115
ATGTTCGGCGTCCGAA,115
CACATTAACAATTAGC,115
CAGCCAACTTCCCATA,115
CTAATGCTTCCAGCAA,115
CTGGCCTAGATGCACT,115
GAAGCCCTTAGCACCA,115
GCAGAATTAGGACATA,115
GCATGGCAAATAAAAA,115
GGTCCTATAATTGAGG,115
GTTTATTCAGCGTAAC,115
GTTTGGGAAGTTCCAT,115
TACGCGGATCCATTTA,115
ACATAGCCCAATGACA,114
ACTAACGCCAATTGAT,114
AGACCTAAGTGTAAGA,114
AGCTTTACCCAGATAA,114
ATAAGTATTTGCGAAG,114
ATACCGCACTGTGAGC,114
ATCAGTGAAAGAGCTA,114
ATCCCTTCCCCCAATT,114
ATTAATAAGGGAAGGT,114
CAAGTCAATCGCGGGG,114
CTCACAATGGTATATA,114
CTCCCAACCATCCCTT,114
CTTTGTCCAGACAATA,114
GACACTACTGACCCTA,114
GATCTAGTTCGATCAA,114
GGAAATTTTTTAATGA,114
GGTATTTGTGATTACT,114
GTCAGATTACATGTAA,114
GTTAGGACAGTAGAAA,114
TACTAGTGTTACCGAG,114
TATAGGGCCCTTTAAT,114
TTAGAAGTGAACGTAG,114
AACCTCTACACCGAAA,113
AAGATACTGAAACTCA,113
ACCGCTCGCCGATTAA,113
ACCTATTTTAAATTAA,113
ACTGATGTGTACCAGA,113
AGGATGACGTGATAAG,113
ATGATGTAAAATGGTA,113
ATTGACAGGCCTCAGT,113
CAACAAAAATTCGAAA,113
CCAAACCCGGTTCTGG,113
GAGAATTAAATAAGGA,113
GATATGCGATTCCCAA,113
GCATCAAAAGTGGTGA,113
GCATGGGATCACGAAG,113
GCGTGCGAACTGTGGA,113
GTCTTACATCCATCGT,113
TCGTACGTCCTATTGT,113
TGATGCAGATATATAT,113
TTATAGTGAATGGAAC,113
TTTTGCCAATTTCCAT,113
AAATAACTGAGAACTA,112
AAGGCCGTGTAATTGA,112
AATACAGTGCTGAAGT,112
ACACAGGCGATTCCTA,112
ACTGGCTCCGAAAGTA,112
AGTAAGGATAAGTATT,112
AGTTAGTTAAACTAAC,112
ATAGTAACAATACACA,112
ATGGATTTGAAACAGG,112
CACCGCAAGCATACTC,112
CATAGTCTAGGGGAAA,112
CCTGATACTTGAATTT,112
CGCTCATTATTTTTTT,112
CTACAACTATATTGTA,112
CTACCTTCATGAAAGA,112
CTCCACTCGCAAGCTC,112
CTTAGACATGCTGAGT,112
GAAGCACCTTTTGATG,112
GCGAGAGTCAGGATTC,112
GCTTCAATATCGGACT,112
GGACGCATGACTGCTA,112
GTACAAGCGCATTCAG,112
GTGGGTGAGCGAGTAG,112
TAGCGTCGATTCGAAT,112
TGGCACCGAACTTGTT,112
AAAAAACCATTTTTAT,111
AAAAGGGATTAATCCG,111
AAAGCTTTTTTGAAAG,111
AAGATAAGATAAACAG,111
AAGTTGTATTTAGTGA,111
ACACCTGCACATAATT,111
ACAGCTGAAGGCTCCA,111
AGGAATCGTACAAGGC,111
ATTAAAACAGGAGTGT,111
CAGCGTACGTCGAGTA,111
CCGTACTAACCTTTAG,111
CTATAGGTATCTATTA,111
GAAATAAACTTATACA,111
GAATCCCACAGGCATA,111
GAGATCCGCAAACAAC,111
GCCAAATAAACGAATA,111
GGAGGATAATATTCGT,111
TAAAGCCGAGCGGTTG,111
TCAGTTGGTAACCCAG,111
TCTACCCTAGACACCT,111
AATAAACCGTGAACAA,110
ACAATGCCTGGTTGAA,110
ACACTAATCAACTAAC,110
ACAGGATAAGAATGTT,110
ACCTCGCCCACTCATT,110
ACGATTGAGTTAGGTA,110
AGCAATAACTAATTCT,110
AGCTCAGATACACTCA,110
AGGTACACCTGTCAAA,110
CACACGATGATGACAA,110
CATATCACTGCTACAC,110
CCGCAGAACACCAGAC,110
CGCGGAGAATCATTAA,110
CTGCCACCCCATATGG,110
CTTTAATAATTGGTCA,110
GATAGTCAAGGCCATA,110
GCAAACTGGATAAAAA,110
GCAATCGTTACTGACT,110
GGGTAAATACAGGCTT,110
TGGTCAAACTTATTAG,110
TGGTGATTATACTAAG,110
TTAAATCACGCTCAGG,110
AAAAGTGGATTACTGA,109
ACCAATCCGGATTTAA,109
ATCGTAAAGCTTGATA,109
CCGCCACAGAGGAATA,109
CGAAGTAACCTCAGGG,109
CTGCTGATATTCTCTA,109
GACGGATACGTACAAT,109
GCAGTAAGAGTAGCGA,109
GCTTTGGTAAGGGGTT,109
GTAAAGATATGGGTAA,109
GTATGATCCTCACTAT,109
GTTTTGTGCTTACGGC,109
TACTGTTTAGAATTGA,109
TCGAGGGTATTACAAA,109
TGAGGATTTAATGGTA,109
TTAGTTCTCGGTTTGA,109
AACACTAGATATCTAA,108
AATCGATCTGTAAGAT,108
ACGCGGAAAGAGACTA,108
AGACTACCATATTAGG,108
AGCAACGCTAGAGAGA,108
CCACTTCCTTGTCCAA,108
CCTGTGATGAGACCGA,108
CTCAAACCGACATCCA,108
GAAATCGTTTTTATTA,108
GACGACTGACCTAAAT,108
GCCTAAGCTCAAAAGG,108
TCAAGACGCTCCTAAG,108
TCCGATCCGGCTGATT,108
TGATCTTACGAAGGAC,108
TGCACTGGGAGTTAAG,108
AACCAACGAGGTTGAG,107
AATAGTCGGCTTTGCA,107
ACTACAAGTTGGGTGA,107
ATGGACAAAGTGTAAA,107
ATTCTTGGGACCAGGG,107
CAAGCCTTTAAAACTA,107
CACCAAGACTATTAGT,107
CAGACTAATCGTAGCG,107
CCCGACCTCCCCATAT,107
CCTCCGACATGGTACC,107
CGGCCCTCGGAATAAA,107
CTAGATGCAAGGATGA,107
GATCCCGCCACCCTCT,107
GCGTAAAATGAGGATA,107
GGAAGCAGATAGAATA,107
GGAGCATATCGATCGA,107
GGCCGAGAGTAGCTTT,107
GTAAATGTTCTCCCCA,107
GTACAGTGCGCTTAGT,107
GTGAAGGTCGAGAAGG,107
TAATACTTATATCAAA,107
TATGATAGATTACCAG,107
TCCACAAAGAACGGAA,107
TCCTACGCGGGACATT,107
TGCTAACCAGGAGAGA,107
AAGTAGCGAGTAGAGA,106
ACAAACAGCCCCCCGC,106
ACAATCCTCCTTTAAT,106
AGCGAATCTGTAGTAT,106
AGTCCAGTGTTAGGGG,106
CAAGCTGGGTCCCTAA,106
CAGATGGAATAGAGAG,106
CAGGGGCAACTATGTT,106
CATATTACGGTGAGAT,106
CCCACGACAGGATAGT,106
CCTTTGGCCACTAACC,106
CGAAACTAAATACCAG,106
CGCGATTGTAACAGAA,106
CTACAAGTATATATAG,106
CTCATCGCACGCCAGC,106
GCAAACCATTGGACCA,106
TCACAGGATGCCCTTA,106
TTTTAGAGTGAAATGA,106
ACACCTTCCAATCTTA,105
AGATGGCCAATCTATT,105
ATGTAGCTTGGTATAC,105
CAAAATATCACTAAAG,105
CTACACCTGGATAAAT,105
CTCACGCTAAGTCTAA,105
GTGTAAAACTGGTGGT,105
GTTAAAAGTGAAGGTT,105
GTTTATTCGTAAGCAA,105
TAAAGTTACCTGATGA,105
TGAATAGAGGACTAGC,105
TGCGCTATAAGAACAA,105
AACGTACACATATGGT,104
ACAACTACTTAGCTAT,104
ACATCATGCAGAGCAA,104
ACCAGCTACTTGGTTT,104
CCCTCCTAGCTGGAAA,104
CTAAGACGTTAGAAAA,104
GAAGCTGGATTAGCTA,104
GCCAGCCGGACCGCCC,104
GCCTCTGGATTGAAAA,104
GGTGATTATGCCATGA,104
TATCACATTGAACAAG,104
TCGATCCGCGACTCAG,104
TCTCATAAGTCTTTAG,104
TGATGCTAACATAGGT,104
TGGATAGGCTTCGCTA,104
TTGAAACTTAAATAAA,104
AAAACCTGAGTTGATA,103
AACGGACCTATAGGGA,103
AACTTATCGAAAAGCA,103
AAGCTTGCGCTGGATA,103
AATCTAGGCGTTAAGA,103
ATGGAATGTATCAAGA,103
CGCAGAGAAGAGGTAG,103
CGGTGTCTATCATCAC,103
GCTTCGGGCATTGTAG,103
GGTACAGATACTTGTA,103
GGTTTAAGGTAGATGA,103
GTAGGGGCCCTTAGGA,103
GTGCATAAAGAAGACA,103
GTGGGGGGCCTCGAAT,103
TTCAATAGTAACATGT,103
AAAGTTTTGCAGGCAT,102
AAGCGATAAAATGACC,102
AATAACGATGAGATCG,102
ACGTTGAGAATAATGT,102
AGATGTGGACTTTGCC,102
ATAAGCCCAACGGGTA,102
ATACAGTCATACCATT,102
ATGGTCCGTAACAAGC,102
ATTTCCCAGATAATAT,102
ATTTGAAGGGATAAAA,102
CAAGCTTAACTGGCAA,102
CCGAGGATGGGGAGGG,102
CCTAGGCGAGACTTGG,102
GAAATAACGTCATCAA,102
GACACCGATTTGGTAA,102
GACACGTATTTCCAAC,102
GATTAATCAAGAATAG,102
GGATATACCCACGTAA,102
TATTGCAGGAAATATT,102
TCGCAGGGATGATTAT,102
TTTAAAAATTGTTATG,102
AAAGCAAATGTAGCAA,101
AATGGCGGATCTTGAT,101
ACAAGTCGTTACACTT,101
ACCGCAAACTCATCAC,101
AGCAAGAAAGCGCAAT,101
ATACACGACTAATTCA,101
ATAGAGCACAGGGTAA,101
ATTGCTTAAAAATCAG,101
ATTGGACAACGAAAGT,101
CAAATCATACACCCAG,101
CAATATATCTAGTTGG,101
CAGAGGCGAATGATAG,101
CATTCAGGTGTCTGAC,101
CTCGCAAGAATTGCGT,101
CTGTTGACCCGCTGCT,101
GATAATATTGAGAAAA,101
GGGATACTCTGATACC,101
GTCGGGAACAAGAAAA,101
GTGGAAAGAACGTTCA,101
TAAAGGTTTCTGATGG,101
TATCATCCCAAAAAGG,101
TCAACTGGCCATTAGG,101
TCCAAACATTCAATCG,101
TCCTGAACGGCGTTTA,101
TCGCTAGCGAGCTTTA,101
TGACCTTTCGAACGAT,101
TGCTCACCCGGCGGCC,101
TTAGTAATTGGTTCAG,101
AGATTCAAAAGTATAG,100
AGTAGACTCCCTCCAT,100
CCATAAGTGTATTAAT,100
CTAAAAGTCCCCTGAA,100
CTGATCAATCGAATTT,100
GACATCAGCTGCCGAA,100
GGAAACGACAATGGAC,100
GGCGCGAACGCCTTCA,100
GGTTTGTTCGCCCCAA,100
TACAAAGACGGAGGAT,100
TACAAGACGCTATAGT,100
TGCATAAGGTAAATAA,100
TGGAGGGTAAATATAT,100
TGGTACAAAGCGATAT,100
TTACTTTGACATCTAA,100
AGAAGTTGAAAACTCA,99
ATACCTTCTGAAGATA,99
ATATGTGCGAGAACTT,99
ATTAAAAATTATTTGT,99
ATTCTGATGGTTTAGC,99
CCAGAGGAGGGAATGT,99
CGCAACGACGATGAAA,99
CTCATCGGCTTAGAAA,99
CTTAAGACAGGATTGC,99
GCACGATAACTGCAAA,99
GCGTTCATAGGAATAC,99
GGAACCAGTCCCATTG,99
GTTTGTCATTCAAAGT,99
TAATGACCAATTGGAA,99
TCATAGAATCAGCATT,99
TCATAGATAAGTCTGA,99
ACGCAGCACTTTCCCC,98
ACGTCCTATTTCCTTA,98
AGGAGAAGGCCTTGTA,98
AGTCCCGCTGGTGATT,98
ATACCTAAGTAATTTT,98
CTGAGCGAATACGAAC,98
CTGTGCAAAAGAAATA,98
GAGCAGCTCTAAGGAT,98
GGCACAACGGGTTAGA,98
GTGACATTGACGTTGT,98
GTGCTATTGAAGCTAA,98
TAAGGCGATAAGCACA,98
TCCCTCCAATGCAGAT,98
TCGGATCTGGATGTAT,98
TGATATGGAGAGCAAT,98
TTACAACTATGCAAAA,98
TTACGTAAACATCATA,98
TTTATCAACAACCGAG,98
TTTTAACCAGAAACAT,98
AAAAACGCCCCTTGAA,97
AACGAATTTACCAAGG,97
AATCTAGCTTGATACT,97
ACCACCCTCCATCTTA,97
AGAGGAAATGTTAGGC,97
AGGAACCTAGAGAGAC,97
AGTGCCAAAGCATAAT,97
ATAGGTGGACACCGGA,97
ATTTTGTTTTATCAGT,97
CAAACGCATACGGATT,97
CGAACAGGCAATGTGT,97
CGTTTTAAAGGACCAG,97
CTGGAGAACGTTTACA,97
GACACGTGGACGTTAG,97
GATGATATAGCTGAAC,97
GGCTTAAGGATGACAG,97
TACGAGTCTAGTAAAC,97
TCACGGGTCACATGAC,97
TCTTCATGCAGCTAAA,97
TGTATGAAATGCCACT,97
TTAATCTGACGGTGAA,97
TTAGGAACCATTTAAC,97
TTTATCTTCCAAGAAT,97
TTTGCCGTGCCAGGAA,97
TTTGTTAAATAGCTAA,97
AAATCTTGCAGTTACC,96
AACTAAATCGAGGATA,96
AAGCAAAGTGATCCAG,96
AATTGCAGAGAATACC,96
ACTAATGATCACGCAA,96
ATCAGCCGGTAACATA,96
ATGGGGTGCGCAAGAT,96
CAATGTGTCTATTTTA,96
CAGGCCAACTGGCGGA,96
CATAAATATTCCCCGA,96
CCCCCAAGTGAGTCTT,96
CCGCGCTACGACGAGG,96
CTTGGCGAATTAATTT,96
GCTTAACATGACAAGT,96
GGCTGATTATTGATAG,96
TAACCGACCGATGGAT,96
TAATTTAAAAATGGTG,96
TAGGACGCTACAAAAT,96
TGAGCACACCAATTCA,96
TGAGTGTGGTGCCTCA,96
TGATATAGGCAGCTTA,96
TGGGACTGGCGGTATG,96
AAAAAAAGTGACACTG,95
AATTATTGCGGGTTTG,95
AATTCCTAACAAAGAG,95
ACAAACACATTAAATA,95
ACAACCTTAACTTTTA,95
AGCACGAAAACGGACA,95
AGCTGACGACTAATGT,95
ATTGACGCTAGAGGAA,95
CATCAACTTATATTAA,95
CCATTACTGGACCAGA,95
CCGCTTATAAGGGAAC,95
CGCACATTTTTAGGAA,95
GATTGCACATAGCCAA,95
GTAAGCTGAATAATCA,95
TCTAGCAAGCCATAAA,95
AAAATCTTGAAATTTT,94
AAACACTAGACAGTAG,94
AACTTAAACACTAGAG,94
AAGAAAAACTACTAAT,94
AAGATATGGTTATTCT,94
ACCCTGGCAAAAGGAA,94
ACGCCATGTTCAAGAT,94
ATCAATGCAATTGCAC,94
ATCGGAGCCATTCCAT,94
CACTACAGGAATAAAA,94
CAGGAATGGCCAGTGT,94
CGGCAACAAGGAGTTA,94
CTGAGTACGAGAGAAA,94
GAAGTGCTCGTGCGAA,94
GCGTCTATTTTCCAAA,94
GGGGTTAGTGACCACC,94
GGTAAAAAAGTAGAGA,94
GTACAGTGCCTAAAAG,94
GTAGACGGTCGCAAGA,94
GTAGCGTCTGCAAAGA,94
GTTGTTGGGATCTCCG,94
TAAGTCAGAAAGCTGA,94
TACACGACCGTGGTGG,94
TCTGGACGTCCGGGGC,94
AAATCACGCTGTCAAT,93
ACCATCAGCTATGTAC,93
ATCAAGACAATTCGTA,93
ATTAGAATCCACGTCA,93
CAAGCATAAATTGCAA,93
CAATGACAGTATAAAT,93
CTATTTAGTACAGCTA,93
GGCATACGAAGGATTT,93
TCAGCGACAAGGTACT,93
TGCCCTTTCGGTGTAA,93
TTATGGTGGTTAAAGG,93
AAAACGAACAAAAAAA,92
ACATGGTAAACAAATA,92
ATGCAGAATTCGGTGT,92
CAAAACCGAAAGTCAT,92
CAAAATGAATAATAAT,92
CCAACACTTTGATTAC,92
CCAGATCTACATTAGG,92
CGCTCATACGACCTTA,92
GAACAAACTCACAATG,92
GAACTCCTTGTCCAGC,92
GCAAAGAGCCGGAACA,92
GCGGGCTTCAAAAAAA,92
GCTTATCCACCCAGGA,92
GGCACGTTGAAGCCCA,92
TCAAATCCATGAACAT,92
TGCTTGGATCTTACGG,92
AAAACATAACATCCGT,91
AATGCTACCGTACAGA,91
AATGGCATATTGTAAC,91
ACAAACGACAAATCAG,91
ACATTAGGCTCAGGAT,91
ACCGCTATCATTTAAG,91
ACGCCCACATGGTAAA,91
AGAAATTGCAAATTGG,91
AGATAACTACTTCCAG,91
ATAGGTATATAGATCA,91
ATCCAAATTATGGTTA,91
CAACGAAGCTAACGAG,91
CCAACACAGATCGGGG,91
CGTCACCCCGCACCAC,91
CTAGGTCAGATTATAC,91
CTGGGCCCAGGAGCTT,91
GAAACAGAGAACGACA,91
GATGCTTATAGGATTG,91
GCTTTGGTGTTACAAT,91
GGAACTGATTGAATTA,91
GGTCCACTTAGATTTA,91
GTCCCTCGCAGTTTGG,91
TAATACGATTCTTTGA,91
TACGTCAGATATCTGT,91
TAGTTAATGTCCAAAA,91
TCAACCAGATTCTCAT,91
TTAACACATGGAGTAG,91
TTTAGGGGCGAAGCAA,91
AAAACTTCCGAATTCG,90
AAATTGAAAACACACA,90
AAGTGCCTGACGGGGG,90
AATGATAACCAATCGA,90
AATTAAACTTAGCAAA,90
ACGCCATAACTCATAA,90
ACTATATATGAAAAGA,90
AGTCTAGCGATATAGT,90
CAACAAAATAAGCATG,90
CCCCGCTACATGTAAA,90
CCTCGCAAGTCAAACT,90
CGCGATACAGAAAAGA,90
CGGGATTCATCCAGAT,90
GAAAAAAAAAGATGTT,90
GAATTGAAAGACCAAC,90
GATGGTGGGATATTCG,90
GCCTAAAAATTGGTTG,90
GTACGAAAGGACTCCT,90
GTGAGCCTAGAGTCTC,90
GTGGTGGGGCTGACTT,90
TAACTTGTAACGCATA,90
TCGGGAGTCCCAGGTT,90
TTAACAGTAGCAAAAA,90
TTCAAATTTGAGGCAG,90
AAAAAAAAATAAAACA,89
AACGAACAGTCGGTTA,89
AATAACGGGTGCTGTA,89
ACAGAGAATGGGGAAA,89
ACAGGATAAGGCTTGG,89
ACGAGAACCACCTTAA,89
AGAAGGATGAAAAAAG,89
AGACTCTTCTTCCAGA,89
AGCAATCCACTGAAGA,89
ATATATATTAGCGAAA,89
CACTTCGTGGAATTAG,89
CGCAAACGATGCCAAT,89
GAAGGAATGGCACACA,89
GCCAATAACAGGGAGC,89
GCCCCTTAGAACGAAG,89
GCCTAGATACCGGAGA,89
GGGTGCGTGAAGTATT,89
TAAAAAGACTAGCGCA,89
TACAGAACTCCCTGAA,89
TCAATGACAACACAAA,89
ACCGTAGGTCAAAGAC,88
ACTGATAGAGGCTATA,88
AGCTGAAAGGCCTCAG,88
ATGTAGAGTCCTTGCA,88
CATTCGTGACGTACAA,88
CGACACAGACTGTTAA,88
CGCTGAAAGGGCCACC,88
CTAGGCACGATTCTTA,88
GCCACCTAATTGATAC,88
GGAGCATAGTAGTTTG,88
GGTAGAGGATGCTATT,88
GTGACCAAGAATAAAA,88
TCCTAGGTTAAGTGAT,88
TGGATCATGTGAAAAC,88
TTTCACCGACCATGGA,88
AAAGTCGTCGTCGGGT,87
AATTATTTTTGTTGGT,87
ACAGATATACCATGGA,87
AGAAAAGCGCCGAAGG,87
AGGCCTGAGTGGAAAT,87
AGGTGATAGTAGGCAA,87
AGTTATCAAACTGCTA,87
ATAATGATAATCTAGA,87
ATATCAGCGAGCACGG,87
ATCGAATAGAACCCTG,87
CAATAGCTGACCGCTC,87
CACAAACTGAGTGCAA,87
CACAAAGCTTTACCCT,87
CACCGCGTAATGAATG,87
CACTGGGATCCCAAGT,87
CCAAGCCTCATAGATA,87
CCGTTGTATATTCTTA,87
CGTCCGAGCTGAGCAT,87
CTAAAAATAAGATGAT,87
CTGACTACGGGATGAC,87
GAAATAGCGATATAAA,87
GAAGGTTTCTGTCGAG,87
GCAAATGCGGCATGTA,87
GCCTACTTGAACCATT,87
GGATCAAACTCTCAAG,87
GGCATCCATCAATTAC,87
TACATCGTCACAGTAG,87
TAGAATAAAGCATAAG,87
TATATTTTGGAAACCA,87
TATTTTGTGATGTGCG,87
TGAGGGCAGTTGCCCA,87
AACAGCTTAGGTTCGG,86
AACTCTCATAAAAACT,86
ACACAACAAATATGTA,86
AGATGGAGAGATTACA,86
ATATATTAGCACCCCA,86
ATCTTGATAGTGGGAG,86
ATGGGCCCACCCAGAC,86
ATTGAAAATTGTCAAA,86
CAGATTAAAAGGCAAA,86
CCCATGCACATGTGAG,86
CGACAGCGAAAGGTAA,86
CGGGATTTAGATAACA,86
CTTCAAGCTAAGTCAC,86
GATATGTTCGTCTACA,86
GATGTAAGTACAGGAG,86
GATTAGTTCGGGGACA,86
GCCCGAATAAGTAAAA,86
GCCCGTGGAGGAGATG,86
GTGGACGGCATCAATT,86
TAAAAAATGGCTCTAA,86
TCATCAGTAAAAAAGA,86
TCTGTGGCCAATCACG,86
TTAAGCGTTCAGGGAA,86
TTACAATGAGTTAGCA,86
TTCATAGAGTAGTGAA,86
AAAGCGGTGAACGTAT,85
AACGACGAGTATCAAC,85
AACTCTATTCCCGAAT,85
ACCTAAAGCAGTCCAC,85
AGAAGTCGGGCAGCGT,85
AGGCCCAATAGAGAGA,85
ATCAAAAGGCCAAAGT,85
ATCAGCGGGATGAGAC,85
ATTCCGGGTACTTGCG,85
CACACACCGTATCGTA,85
CGTCGATGGGAATTAA,85
GAGGCATTATCTTTAA,85
GCAACGCTCATCCCTT,85
GGATGTGTTGCTATGA,85
GGTGTATACAACCATG,85
GTGCCATAATGTGTGA,85
TAACCGTTTGAAGAGA,85
TACAACCATAATCTAT,85
TACACGCAACAAATCA,85
TCAGAGGAGTAACTAT,85
TGACGGCACCCCAGAT,85
TGCAACCCCCACACAA,85
TGCTATAGGACAAGAG,85
TGGAACGGTTGTGGGC,85
AAATTTATAATGAGTG,84
AATCTCCTTCGTTACA,84
ACCCAATGAGATATGC,84
ACCTGCTAGTATAATT,84
ACGATGTCTACTTTTC,84
AGAACGTCGGCAATAA,84
AGCCTATACTTGTGTA,84
AGGATATATATCGAAT,84
AGGCTCCGTTCCCCTT,84
AGTAAGTATCTTTCAA,84
CCCGAATAACCTATAT,84
CTCCAAGACTCCCTAA,84
CTCCGGAGGTGATATC,84
CTTGCTTCCACAGTGG,84
GACCCCGGATTATTAT,84
GCAGGTCAAGGGGCAA,84
GGAAATGAAATATGTA,84
GGCGGCACTTTAAAAC,84
GGTAAAACAAACGGGA,84
TAAACGGACCGAGGAA,84
TAACCATAGTGGACAG,84
TACCTGTAGCTGGCAA,84
TCTTAAGCAACAATGA,84
AAAACGAACAAAGGAA,83
AAACGCTTGTAGGAGA,83
AACCGGAATGACAACC,83
AAGATAAAATCTAAAG,83
ACTGTAAAACGTGACC,83
ACTTCTAACTTGTTAT,83
AGCTCGGATAGCACAG,83
ATGGCCAATTGAACTT,83
CAGACAAATTTAGAAT,83
CCTAACATATATACAA,83
GAGTGATGTAACAGAC,83
GATATTGCGAGCCAAT,83
GCAGTGTAGGATCGAA,83
GGATTAGATTATAAGA,83
GGTAAACAATCATGTT,83
TAATAAAGACGCGAAG,83
TACATTTACCGTCAGA,83
TACCCGGGTAGAGAAC,83
AAATATTAAAGTGAGA,82
AACGCCACCAGACGGG,82
AATTTGAATTCGACAT,82
ACAAAGAGACCAAAGT,82
AGCGCAAAACACTCGA,82
AGGAAACCTCCTGCAA,82
AGTTTTAGGACAACGA,82
ATCAGTTACTATTTAA,82
ATCCCCTTACCCCATT,82
ATGAATCACGAGGAAG,82
CAGATCTCAAACACAC,82
CATAACTGTATGAAAG,82
CTTAGAGACCGGTAAC,82
GCACCCGTTTACCTAA,82
GCTGATGGGGACATGA,82
GGATCCGATGTGTGGT,82
GGTATTGATCAACGCA,82
TAAAATAATGACACTA,82
TAGACTCTTACCCTGA,82
TAGCAAGTGAAATTAA,82
TGTAGATAATTAACAT,82
TGTATGAACACGTTAT,82
TTTTGCAGTACAATGG,82
AAATATGGAGGTTTTC,81
AAATCCCCACAGCACT,81
AAATGACTGAGTGTTG,81
AACATTGAAAGTGAAG,81
AACTCCGGGTGAAGAA,81
AAGCAGGTAAGCGGTT,81
AAGTAATACGAGAAGG,81
AATAACTTATATTTGG,81
AATGCGTACATCGTGT,81
AATTTTACAAATCCGT,81
ACAGAAATAAACATAT,81
ACTTGGATAAAATGAT,81
AGCGAACGTGGATAAA,81
ATAGAATTATTGTATC,81
ATAGCATGTACAAGAG,81
ATAGGTAATGCAATAA,81
CAGAGATATTCAATAG,81
GAAGCCATTGCAATTT,81
TAGACACTACTAGCTA,81
TCAAGGATTGTGAAGT,81
TCACGCATTATACGAT,81
TGTTAGCTTATAATAA,81
TTCCATCAATAACAAT,81
TTGTCCGGGAAGCCGA,81
AAATATATTAATACTA,80
AAATCTCGCACTTATT,80
AATACAGTGGCCACCT,80
ACAAAAGGCGTTAGCT,80
CCCCAATCGGTTCTGG,80
CCTCTGAGGTGTTTGA,80
CGAACGCCGCCATGCG,80
CGGGGCGTGTCAACCC,80
CTACAAATCACACAAT,80
CTGTCAATCTGTGCAA,80
CTTACATAAGCAATAA,80
GCTCAACTTCGGTACA,80
GGTGGTTACGATATAA,80
GTAACAAAGCAGGTTA,80
GTTCTCAGAGTAGTTC,80
TAAGGAGCCACGACAG,80
TCTAATAATATGGGTT,80
TGACAAGAGCCATTAG,80
TGCAGAGTTCAACTTG,80
TTAATTGTAACTCATA,80
AACCCCGTCCCTCCAC,79
AACCGGCTTACCGAGA,79
AACTTATGCTATTACA,79
AAGATAAGTTTGTATA,79
AAGGCGAGAGACAAGA,79
AATGAAATTAGAATCA,79
ACCTCAATTGCAACAT,79
AGAGGGGCCATAAAAG,79
AGGGGGAAATGTCTAT,79
ATGGACTATCATCAAA,79
CAGATAGCATACGATA,79
CATTCCATATTGGGTA,79
GACATCCTCTTAAAAT,79
GCTCTTAAACCATACC,79
GTAAGGCAACCCTACT,79
GTTAGCTGAGGCAGGG,79
GTTGCAGGAGCCATAA,79
TACCTATTCTTCAAGC,79
TATACATAGATACCGT,79
TCCGCAAAAGACAACC,79
TGATCTCGAAAGTACT,79
TGTTAATTAACGTCAG,79
AAAAGACTATTCATAT,78
AAAGCCAAAGACGGAA,78
AATTCCGACGTTTCCA,78
ACATTTGAGAACGGAT,78
AGCAAACAATAGAGGT,78
ATACCCACAACATAAT,78
ATACTGCGAAATTTAC,78
ATCAGGTTAAAACTTT,78
ATGTCCTGTCTAGGAA,78
CAGTATGCCTTTCTGG,78
CATAGGGTGAAAAATA,78
GACATGGGTAACATAA,78
GCACCTACCCAGGCAA,78
GTAGTCCGCTGATTCC,78
TATTCTGTGCGATGGA,78
TGCATAATCAACCACG,78
TTTAGAAAGATTCAAG,78
TTTATACCCCGATACC,78
TTTTGATAAAATTTGT,78
ACAACCTATATAATTA,77
ACAGTCTCTAGAAGAA,77
ACATACGTTCTGTATT,77
AGACGATAACCTACGA,77
AGAGCCAGAGTTTTAC,77
ATAGTTCAGAATACAT,77
ATCGCCTGGCTCCCCC,77
CAAGCTACAAGCAGAA,77
CAAGTCGTTCGTTACA,77
CAATCCGGTCCTATGC,77
CCCATATTGAACCCCA,77
CCTGGATTGCGAACAG,77
CGTTTGTTTCGCGGAT,77
CTAAAACCAAAATCTA,77
CTACATCATGATTGGT,77
GAGCGTAGATTGAAGG,77
GCTCAGACCTCTCGCA,77
GCTCGACCACCTCTAG,77
GGGTAGCCCAAGCGAG,77
TAACCAAACTAACGAA,77
TACTCATAGGAGGGTT,77
TGAACAATGAAGACTA,77
TTCTCCTAAATAGACC,77
TTTAACAACCAAGTAT,77
ACCACATGGATCTGGC,76
ACCTCGCTGCACATGA,76
AGAGTTTGTCCTTTGT,76
AGCAGATTTCCAGACG,76
AGGGGCGAGAACCCAT,76
CAAATCTCAAAAATTT,76
CAGATATGGGCCTGGT,76
CAGCGCAGACCATATG,76
CCAACAAGGCTAGGAC,76
CCTACAGAAGTAAATC,76
CGTACGAGCGGTTTAA,76
CTGTACCGGATCGAAG,76
GACTTCGAAAACAAAT,76
GCAATTGGAGATAGGA,76
GCGGTAAAAACCTAAA,76
TAAACGTGCCACACCA,76
TAAAGGTTAGATCACT,76
TAGGTCACGATGCAAG,76
TATCATATAAGTGCTA,76
ACCCAAAGCCCCTGTA,75
ACGTGTGTTCGGACAT,75
ACTTTGCAATACGGGG,75
AGACATTACGACATTA,75
CACGAAGCATGCGATA,75
CTCGGCCCCGACAGTA,75
CTGACTATATAAACTA,75
CTGAGTTCGGAAAGAC,75
CTTCGGAAGCCATATG,75
GAATAATCTGACATAA,75
GACGATACCCAAAAAC,75
GAGTCATAGGCATAGA,75
GATACCCAAAGTCTGG,75
GCTTATAAGGTACATA,75
TAGGAGATTGCATCAA,75
TAGGCCGGAACAAGAT,75
TTCAAGCGAAGTCAGT,75
AACCGGAAAGTAAAAA,74
AAGCTCATGCGCACCA,74
AATAACATAGACGGAT,74
AATCCATGAGTTGAGG,74
AATTAATAACATTAAA,74
AATTATCGTAAGTCGA,74
ACAGGGTGGATTAACA,74
ACCTAATTGCTCGGTT,74
ACGTAGCCTGCCAAAG,74
ACTCATGTGCACAAAA,74
AGATATCGGCGAGCAG,74
AGATTGTCGCAGTCTT,74
AGCATGCATGTTATAT,74
AGGATGACCTGTTAAA,74
AGGGGGGTCTCATGAT,74
AGGTGTAAATATGAAG,74
ATACGCCTGCCTACAA,74
CAAGTCCGTGCTCTCT,74
CAAGTTCATACTTTAG,74
CACTGCGATCAATAGG,74
CCAGAAAAAGACTGGA,74
CGCATGATCATGAGGA,74
CGTCGGCGGTTTGATA,74
CGTGGGCCCACCGATA,74
GGGAAAAAATAGTACC,74
GGGAAGATTCGTGAAG,74
GGGGCTCGGGAGATAG,74
GTACAGAAAAAATAGA,74
GTACTAAATGTCCCAA,74
GTGGCCACCTAAACCA,74
GTTCTACATTACGGAG,74
TACCGGGCTGCCCTTA,74
TAGGACAAAGTAGATA,74
TATCTCGCTAAATAAA,74
TCCTTACGCCACAAAA,74
TCTGCAAACATGCCTA,74
TGTTCCAGGGGATGAA,74
TTCCTTCCATCTCTAT,74
TTCTCAACCTGAATTT,74
AAAACAAGCCTTTCGT,73
AATGCTGTTGGGGCTA,73
AATTAGTGAATCCTAA,73
ACCTCGATCCAAACCT,73
AGGGTATGCTTCCCAG,73
ATAGAGCAATCGGACT,73
ATCACGTTCTATATAT,73
CAACAAGATGGGGGTG,73
CCACGTTCATTAACAA,73
CCCTCATGTAAATCTT,73
CCTATATACGTGGGGA,73
CGGGCCTTACTCATTG,73
CGTTCCAATAGTGGGT,73
CTGCGAAACACTGTAT,73
GAAGACGAGACTTAGT,73
GCCGCCTGAGAAAACA,73
GCCTAGCAATACCTGA,73
GGGGCGACACAAATGT,73
GTACAAAGTACCTGCC,73
GTGAAAATATGGTACA,73
TAACTACAATGGGAGA,73
TAAGACGGAGCGATAT,73
TACACACCGGCAACAA,73
TAGAAGGGCCATCTTA,73
TGATTGCATGTTCTAA,73
TGCCGATACATCCACA,73
TTAACCCAGAAGACTA,73
TTTAATGAAGATCATT,73
AAACTTGTCGCTTAAT,72
AATGTAGGGTCCTATA,72
ACTCAATAAATAAATT,72
ATACCGTAGGCATATG,72
CATTGCGACCCATAGA,72
CCAAAGGAATTCATAA,72
CCGACCATAACCAAAA,72
CGAGTAACAGCCTCTA,72
GAGCACAAAAAGATGT,72
GAGGCTTTTTAAGCAC,72
GGTTCACACAAACAGT,72
TACACAGTGGGTGGCA,72
TCAAACAGACCCACTA,72
TCAACCAGACGCCCAT,72
TCTGGTCAGTAGAAAG,72
TGAGGATAACGTCAGC,72
AAAAAAAAAAGTCTTA,71
AATAACCACGGGGAAC,71
ACGGAGCCGTACATAA,71
AGAGAGTATATGAGAT,71
AGTTGTCCGCGATGCG,71
ATCGTAGGCGGTGAGA,71
ATTCTACAAGAAGAAA,71
CACGATCTAACCGTGA,71
CGCCACAAGACAGCCT,71
CTCACCTCTGGGCGAA,71
CTCGTATAAAGCTTTA,71
GAACATACAGTCACAT,71
GAAGACGCGCAACCTC,71
GAAGCTTGAAGTGAGG,71
GAGAGGTAGAATCACA,71
GCACGGATACAAACGG,71
GCCTACTATATACAGA,71
GGGCTTCATAACCATA,71
TACCAAAGTCGATAAA,71
TACTAGGAAACAATCG,71
TCCTTGAGATCAACGA,71
TCGACCACACCATACG,71
TGATGGGTCATTCGGG,71
TGCTTATGAACTAAAG,71
TTTGCCCCTTGATGAC,71
AAGTAACTGGTATAAC,70
ACTACCCGAATATAAA,70
ACTACCCTTAGAGAGA,70
AGCTGGACTGTATTGA,70
ATGACAGTTGGATCTA,70
ATTGGCACAGATATAT,70
CAAAGGATATCTTAGC,70
CAATGCAAAATCTTTG,70
CATACTCTGCGTTACT,70
CCACATAATAAGCCTA,70
CCCTAACTTTACTAGA,70
CGGTTTTGTTATCCGA,70
CTATCCTATTACTTAA,70
CTGGATGACCTTACGT,70
CTTGATAAAAGAACAT,70
GAGGTGCGGAGCTACC,70
GATACGATAGAAAATA,70
GCCTGCCATTGCAGCT,70
GCTCTTTGAAGCACCT,70
GGATTCCACCTTGCGT,70
GGGAATTAGCCCATGG,70
GTTCAATTCCACGACT,70
TAAACTGAGGTTCTAA,70
TAAAGAGCACGAAAGA,70
TAAGACGATAACGTTA,70
TACAGGCGACTCAAAT,70
TACCTGACCACATTTG,70
TATAAACGGAGGTTCT,70
TCCTTGGGCCAAATAG,70
TCGAATTAGTCGAAAG,70
TTACATCCTCTGCATA,70
AACGAATATCCATAGA,69
AAGCACCCTCGGCTGA,69
ACCCGAGAGAGGGTGT,69
AGCCCGTAGATTTAAA,69
CTAGTTATTGAGTACT,69
CTTGAGACAACTGAAA,69
GAAATGAACAATCCCT,69
GACTAAACAATTGAGG,69
GAGGCACGAAGATAGA,69
GAGGCTCCTGCCCTGA,69
GCATGGGAATGCCATG,69
GGACGATACCTAATCA,69
GGCACGGGCTACCCAT,69
GGTAAAACAGAATCAA,69
GGTACTGGAATCATGG,69
GTACTAACGTGCCCCA,69
GTCGCAAAAGGATAGT,69
TAATGACATATGAACA,69
TACGTATTATGAGTGA,69
TATAGTGACGCCCAGA,69
TATATGGGATAGACTA,69
TCGAGGATATTGGTCA,69
TCGGAAATGTAGATAA,69
TCTGCAGACATAATTA,69
TGCAGACAAACGTACT,69
AAAAAAGACCATTTAT,68
AAACATACGTCCAAAC,68
AAATCTAATAATTAGA,68
AGATTACTAGTCTGAA,68
AGCATTGAGTGCTTAA,68
AGGAGGGGGATGTGAT,68
ATACGAAATACTATTG,68
ATCCTATATCCAACTA,68
ATGATAAGGCACGAGA,68
ATGCGATTGATTGGAA,68
CATGTCGTTGACCTTT,68
CCCCGACCCCACGGCT,68
CCTCTTCGCGAGAAAC,68
CGAAAGAAACTACAAC,68
CTAACAATATAAATCA,68
GAACATTAGGACCCAA,68
GACATTCCTCTCCAAT,68
GAGCTAGATTCTTGAA,68
GATCTCATCGAGTGTA,68
GGATGCGGTCTGAGTT,68
GTGGACGTTCCGAAAT,68
GTTTGAGCCAGTAGTA,68
TAAACAATCAGTCCTA,68
TAAGCATTCTGTTCAA,68
TAATCATTTTAATTCA,68
TACGGAAATGTAGTAG,68
TATGCCCTGCTTGGCT,68
TATTGATTAGCAAAGA,68
TCTACGGAAAAGTGAG,68
TGAACCTTGTTGGAAT,68
TGCTTACCAGTTGTTA,68
TGGCCTAAAATTGAAG,68
TTCCTACGTAAATTGC,68
AACTAACGACAGAAAG,67
AACTAGCAACGAAACA,67
AAGAGAGATCGGAACC,67
AAGGACATCCGCAGCA,67
AATTGAATACATGTGA,67
AATTTACAGTCGTGCA,67
ACGCTAAATCTGTCAG,67
ATCTGGCACACGCATT,67
CAAGTAACATCTAACA,67
CCGGAAACTAGACAAC,67
CGCAACTAATGGTTGG,67
CGGAAACGTCAAGGTT,67
CTAACCAATGGGAGAT,67
CTAGAACCTTTAAAAC,67
CTGGCGAGCTAATGAA,67
CTGTACGAACTAGAGA,67
GCCAAAATTAAAATTT,67
GTACCCATGAAATCGG,67
TATCAGTACAAGGGAC,67
TGCATGACAATCCAAT,67
TTACAGAATAACACAA,67
TTCTCTACTAAGGCAG,67
TTTACAGTATTTACCA,67
AAAAGGGCCAATGAAT,66
AAAGCAAGGAGGAACA,66
AACCCAGATGACTCAG,66
AACGCCCAATGCGAGA,66
AATCAGAGAGATTGAA,66
ACCTACACGAATGATA,66
ACGACTGACCTCGATT,66
ACTCATATACATTCAA,66
ACTCCATTTTGGCTAT,66
ATCTGAGGTACTACCA,66
CAAAAAACACGGGACT,66
CAAACCCTCCGTGCAG,66
CATCCAATCTTGGTAA,66
CCAACCCCTTGCTCTA,66
CCTATCAGTTCATTAC,66
CGAACATGGGAAGAAA,66
GAAGGTGGACGTATGG,66
GACTTAAAGTGAAGGG,66
GCGCTTGAAGCCCCAA,66
GTAATTGAGGGACCAA,66
GTATATTTAACATACA,66
GTGCGAGTGAACTAGA,66
TACTACCCGGCACATA,66
TAGAAAATGAACAATA,66
TATTTAATAGCTTTAA,66
TCCGGCATGTGAGACA,66
TGAAAACCCAGCCATT,66
TGATTACGATGGAAGG,66
TGCACTCTCATGATAG,66
TGTGTAACGATTACAA,66
TTATCATTGTGAGGTA,66
TTGGAGAGCTGATCTA,66
AAATATACATGGGAGT,65
AAATCATGAACATTTA,65
AATATGCATAAGCGAA,65
ACAATGATAACTGTGA,65
ACATACTCGCTCTTAT,65
ACGCGACAGGGGGTGG,65
AGAAGGCCACAAAAGT,65
AGACTAACATTGTCTT,65
AGAGATCAGTGCCTCG,65
AGAGCCCCTCGCAAGT,65
AGGTTTTGGCCTGACT,65
ATAAATTATGAACCGT,65
ATTGCACGCGGTTCCA,65
CAGTCACCTGTCGATA,65
CCGCTAATAACTGGAC,65
CGATTAACGAATTAAG,65
CGCAGGCCAACGCCAC,65
GACTGGTATTGTCGAA,65
GATGATTGATGAAACT,65
GCATCATAAAGGCCGT,65
GCCAGCATAGCCCAAA,65
GCCCATCCGAGATATG,65
GCCTCCTTGGCAGGGA,65
GGATTTAACGGAAAGC,65
GGCATGTCGGTGTTAA,65
GGCGCAGACTAAGAAG,65
GGGATACACTTCAACC,65
GTATGGTGCGCCCACG,65
GTGTCGGTAACTAGAA,65
GTTAAGGGACGTTGAG,65
TAGTCTAAGACTATGG,65
TAGTTCCACGGGTATT,65
TATTACATCTATTTAA,65
TCAAACCAGGAATCGC,65
TCAGTCACGCGTTAAA,65
TTCGGAATTTGACGCG,65
AACGGCTAAGTCAGAC,64
AATAATCTAAAACTAA,64
ACCGATCAGAAAGTAA,64
ACGACTGAGTTCCTGA,64
AGATGGGGATATACAA,64
ATAGTAATATTAAAGA,64
ATGATACCAGGAGTGA,64
CATGATATAATACCAG,64
CGGCCACATTACTACT,64
GACCGCTTCACAATGG,64
GATGACTAGCATGTAG,64
GGAAGGGGATGAGGAA,64
GTAAAGATAACGTGAC,64
GTTACAACTTAAAGGA,64
GTTAGCAATTACCCAT,64
TACACTCAAAAACCGT,64
TACCGTTTGTTCGCAA,64
TACTTAGGCGAGCATA,64
TATGAAAATAACAGGG,64
TATTCGATTATCCAAA,64
TCTAGCGTACACGAGA,64
TCTATATAGAACCAGG,64
TGCACTGAAAAGCCAT,64
TGCAGAATTTTGAGTG,64
TGGCTCGGTGCCAACA,64
TTACGGGCTGAATAAA,64
AAATATCAGGGTACAT,63
AACTCGAATGGGGCAA,63
AATAACAGCCTCCCGA,63
AATCACACAGACTCAA,63
AATCTCCGACAATGAA,63
AGGAACCACCATACAG,63
ATAAAACTTAACCCTT,63
ATCGCCGTGAGGTAAA,63
ATGCCAAAAGATTCAC,63
ATGGAAGGCCTCGTAG,63
ATTAATTTACGAGATA,63
CAACGACTAATGGCGA,63
CAGGCCAACTTAAATA,63
CGATCCCAAACTGACC,63
CGTAGTCATAAAATTG,63
CGTGACCTTTAGCTTA,63
CGTTAAAACTCCCCGA,63
CTCTGAAACACATTAA,63
GAATATGATGTAATTA,63
GACACCAACGTTTCTT,63
GACGGCATAGACGTAG,63
GAGGTCTATGCATTAA,63
GCTAAAGGAGCCCTTA,63
GCTTTTATACAATCAA,63
GGCGATAATAATTTGA,63
GGTGACTGTGGTTTGG,63
GTATTGTACTCGCACC,63
GTTTGCCGATAGTGAA,63
TATTTTCTCTGATCAA,63
TCTTAGGGCCTACTTC,63
TGACTATAAGTATTAT,63
TGCCCAGAAACGTTTA,63
TGCGCAAAATCGTGAG,63
TTTTCTAATGCCTCCT,63
AAACTATGACCATAGG,62
AAATGATTTCCTATGG,62
AACGGTACAGGGAAGC,62
AAGAATCGCGCGACCA,62
ACAGCGCATAAGCTTA,62
ACCATCGGATTCGATC,62
AGAACCATTGAAAGAA,62
AGACGCAATAGGACAT,62
AGCCTTCAATATGCTA,62
ATAGTCCTGCATACAA,62
CACCTGACTTATCTTA,62
CACTGCATCTTCTATA,62
CCGAGTGTCTGTGATA,62
CGAAAGACTACTTGAA,62
CGGAGAAATACCCTAA,62
CGTGCAATGAAGTGGA,62
CTATTCAAACAAACTT,62
GAGAGGGAATATTTAA,62
GATACCCCTCATCTAC,62
GATTTCATAGAATTTT,62
GCACTCACATCCGCTG,62
GCTAAAAAGGAAAATA,62
GCTGCGCTTTCATCGG,62
GGAAAAAAGAAGCGCA,62
GTTGTTAATGCACAGT,62
TAAACAGCATATTCAA,62
TAAACAGCCACATTGG,62
TAGAGGGCTACTCTAT,62
TATATCACAATATGAG,62
AAGAATATTCCGGCCC,61
AATATTGTATGTACAC,61
ACACATGAGGCTACAT,61
ACAGCCCATGCTTGAT,61
ACTGAGTTCGAAATGG,61
AGACTAAGAAACAATG,61
AGACTAGACAATACTA,61
AGATGAGTGAAGTAGT,61
AGCTTCAAGCGCTACC,61
AGGGCTACACTGTTAC,61
AGTCTAAGGCAGAGAG,61
ATGTGTATGTAATGAG,61
ATTAAGCTATGATGTG,61
ATTAAGGCCGACTCAC,61
CAATGAACTGACTCCA,61
CATACTTAGTATTCAG,61
CCAATAGGACCTTAAA,61
CCTAGTCGGAAACGGT,61
GAAACGGTTAAGAAAA,61
GACCCCACGTGGCTTA,61
GACTTGCAACATTCTA,61
GATAGACCAAAAATGG,61
GATCAAAAATAAATGA,61
GCCGCTATCAGCCCAG,61
GGAAATAAATGTGGGT,61
GGAATGTTCTTATGAA,61
GTATGGCTTATAGAGA,61
GTCACCTCAAGCTCAG,61
GTGAGGAGGCTATAAT,61
GTTATCTTAAACGAGG,61
GTTTAGCTGATAGCCA,61
TAAAGCGCGTGAAAGT,61
TAAGTCGTTGGTTAGA,61
TCATTTGGCATCGTAA,61
TGCCCAGGCCTCATTT,61
TGCCGAGCGCATCCTT,61
TGTCGATTGATCCAAA,61
TTCGAACATGCATACT,61
TTTCCGACGATGCAAT,61
AAATGGGTCACAAGAT,60
ACAATATTAGAACCTA,60
ACTAAAAATACATTGT,60
AGTCAAGCCTCTGGGT,60
ATATCCGAATGAGAAG,60
CCGCATTGTAAAGGTA,60
CGAAGAGAGTATGCGA,60
CGCTTCACTTAAGGAA,60
CTCACCCACAAGTTTA,60
GAACAATTGAGGTAGA,60
GAACATCTCTCGTAGA,60
GACGTTCAAGCCGGAA,60
GAGGAATGCCCTCTTA,60
GCCAGCACCAAGAAGG,60
GCCCCCATTTACGCAC,60
GGCTCGGCCACCTTAT,60
GTATACTGGGTCTGAA,60
GTATATGGCGAGGCAT,60
GTCGCATGGAGTTGAT,60
GTCGCGCAGCTTGCAA,60
TAAATTGCAATTGTGT,60
TTCAAAACGTGGAAAG,60
AAATTTGAATGGGTGA,59
AACAGCGCAGGCTGAG,59
AACCATTTTTATGATG,59
ACCCCAACGGAGTTTG,59
AGAACGATTCTTGATA,59
ATAACAGCATTAAGAA,59
ATATAAACCAGCATAT,59
CATGTTTATACCTAAA,59
CCTCGAAGCGCCAGTA,59
CCTTCTGTGACCTCAC,59
CGACAGACGCAAAAGC,59
CGCACGTGCCCATATT,59
CGCGCCGGTGGTATAC,59
CGTATACACCGAGTTT,59
CTGACCCGTATACGGA,59
CTGGCGCGAGGGTGAG,59
GAAGCTAGAAAGTATG,59
GGCATAATCACAATCA,59
TATAATCTAAATCAAT,59
TCACCCCCAATCGTAT,59
TCCGAAACGATAGCAC,59
TGAAAACAGCACCTAT,59
TGAACCAAAGGTCCGA,59
TGGTAGGGGCAGAACG,59
TTAAAATGCAACAGGC,59
AAAACCACCGTTGGAG,58
AAACAGACACGGGGCC,58
AAGAGACCATCTTTGT,58
ACACAGACTTAATAGT,58
ACTATAGACGAGAAAC,58
ATATTGGCCCCATTGA,58
ATTTCCGAACAATTCG,58
CAAGAATGTACCAAGG,58
CCACAATCTAATGCAG,58
CCGAATGAAATGGTAA,58
CGACAGTATACATGCT,58
CGCGATCTTGGCTCGT,58
CTAAGCACTCTATACC,58
CTAGATAACAATTAGA,58
CTCACCGTGAGTGTAG,58
GATTTGATTGAATTAA,58
GCACCAGTATAGTTAA,58
GCGCCCGGGCCCTTTA,58
GCGGGCGATAATATCG,58
GCTGGATCAGCTATCT,58
GGAAACCGTTTAATGG,58
GTAGTGTTCGTACTGA,58
TAGATGTGAGACACAC,58
TATAGTAGTGAATGGA,58
TCTGAAAATTTACAAT,58
TGGTATGTATACGGTA,58
AAGACAAACTTTAAAA,57
AATTCAAAAAGGAGAA,57
ACGAACTGAATAAATA,57
ACTTAACGAATAACCA,57
ACTTATATACACTGAG,57
AGAGTTGTTTAGGAGC,57
AGCTATCTAACAAAAA,57
AGGCGCGTTATATTTT,57
AGTCTTAAGAAAGCTC,57
ATAGAATTAAAACAAA,57
ATAGAGATCTAATGCA,57
ATCTCACAAGGAATCA,57
ATTCGCGTTATGGGAA,57
ATTGCATGGGGACCAA,57
CACCACGCCCCTGTTT,57
CACCGAAGAATTTGGA,57
CACTTGAGAATTGCGA,57
CAGAGAAAAGCTGAAA,57
CAGCTTATAAGCGAAT,57
CCATCTAGGTGTCTAG,57
CGATGCACCCCGAAGA,57
CGCCCACAGACATGAG,57
CTAAGGATCTATGCAA,57
CTCCGAACTCCTATAC,57
CTCTCACCACTAACCA,57
CTCTTGACGGGTTCAG,57
CTTTCTACCTTTTTTA,57
GAATATGATAAAGAGA,57
GACGTAAACTCAATTT,57
GATTAGGATCCATAGG,57
GGAACCAGAGGCCATA,57
GGCGACCTCCCTTAGG,57
GGGAAATGATAGGCGG,57
GTACTACACAAGGCCA,57
GTGCTTGCGGGAACAA,57
GTTATTGTCTATCTGA,57
TATTCGAAAGATATGA,57
TCCTGCCATCCTCGAA,57
TCTAAACAGCGAAATA,57
TCTCCACTTAAGATAA,57
TCTGTCGATCAAGAGA,57
TCTTAGCGGGACGTGA,57
TGGCCTAGCCTTGAAT,57
TGTTACGCAATAACAC,57
TTCAAGCAGAGATAAA,57
AACCATTAGTACCAAA,56
AACGCTCCACACGATA,56
AAGCAGGTTACATAAA,56
AATGAGGGAATGTGGA,56
ACTACGGGACCCGAAT,56
AGACACAAATTCGCAA,56
ATATAAAGAGTCTTAT,56
ATTAAGGACGCCTCAG,56
ATTAGTAGCGCAGTAG,56
CATAGGAGGGTCCGAA,56
CATGGTAGTCACTATC,56
CCGGAAATCGAGTATT,56
CGAAAGATAAAAGTGG,56
GAAAAAGGATGTACTA,56
GAGGAAACACGACATT,56
GCGAGTCATTATTAGT,56
GGCCGTCCAAGTATCT,56
GGTATTGCTGAAAAGG,56
GGTCGACGCAAGCCCT,56
GGTGAATGTTATTAAA,56
GTATAGATCTAAAAAA,56
GTCCATAATTAGAATA,56
GTGTATACATTGACGG,56
GTTGCGGGATACCATA,56
TAGAAGAGATCACAAC,56
TAGAGGAAATAGTAAT,56
TAGGATTGTCCGATGC,56
TCAATTTTCTGAGGAA,56
TGACGACCTGACAATT,56
TGGCCGGACTGATCTG,56
TGTGAATCTTGGGGGA,56
TTGATCATATGCTTTC,56
AAAAGGTATTACGGTA,55
AAAGGAAGCCACCTAT,55
AAATGATCCCACCTGA,55
AAATTAAAACAACCTA,55
AACGCTGAACAGTGAG,55
AACTCATAAGTTTCTA,55
AACTCTCCAACAATAG,55
AAGATATTAAACCAGG,55
AATAATATTGTTCATA,55
ACCTCTCTTAATACTT,55
ACGGTTTGCAAGTATA,55
ACTAAGCGTGTGTTCT,55
ACTGACTATTCCCAAT,55
ACTGGGGAATTACAAA,55
AGGCAAACAACTTTCA,55
AGGGCAGTTCTGTAAC,55
AGTTAACGCATATTGT,55
ATAGTAATCATAAGGA,55
ATCCTGATCTACTACA,55
CCAGCAAGTTGCTGAG,55
CCGATTAACTATGTCT,55
CTACGGTCGGGCTAAT,55
CTCCAGCTCATCCCAA,55
CTTTCAAAGTAAAAGG,55
GAACAGAGCCCCCGAT,55
GATTCAAACTATAGTA,55
GGATGTCAGATTGTCA,55
GGTATTTAATTGCCTG,55
GTAAATGACGCAGAAA,55
TATAGGGCTTAGGATC,55
TATTCTTACGGTAAAT,55
TCACATCTAGCGAGAA,55
TCATATCCCACGTATG,55
TCTCCCAATACATAAA,55
TGTTCAACGACTTGGA,55
TGTTTCGTATTTAGGT,55
TTGAGTACCGGGCCAG,55
TTGCTAGTACGGCCAT,55
AACACGATCACCGAAG,54
AAGTTCACTTAACAGT,54
AATATTATCGTCTGTT,54
ACGAAGATTGAGTGCT,54
ACGGTCCGGTACATTA,54
ACTTAAAAAGCATAAA,54
AGACGCAATGATTCAT,54
AGATCGACCCCGACTA,54
AGCCACCACAGTTACA,54
AGGGCGTCCTGTTATT,54
AGGGGATTTTTCAAAA,54
AGGGTGGCCTACGCAG,54
AGTAACCTAACTAGGA,54
ATTCGAACTAGCACAC,54
CAAGTAGACAATGCAG,54
CATGTGGCTTATTGTA,54
CCATCTATACATATGA,54
CCGGAAGGGAGCAGTA,54
GAAAAGGGGAGGTTGT,54
GACCACGTAGGCAATA,54
GACGTGCTGTGAAGAA,54
GAGTGAAGTTATGAGT,54
GGGAGAAGCTTAGTAA,54
GGGCCACGAAATACCG,54
GTAACCCACAAGGAGA,54
GTCCGACCAATAATAT,54
GTGAAGCTAGGTCAGA,54
TAGACTTCGAACTTAT,54
TATTACGACTTAAACA,54
TCCCCCCCTGTTGCCT,54
TTAGCGGTCTGCGAGT,54
TTCCTTGAACCCCTGA,54
TTTGTGTGAATGTATT,54
AAACGGAATCTCCTAA,53
AAATAAGCCAAAGTTT,53
AAATTTCCGGCTGAAT,53
AATCCAAGATAATGCT,53
AATTGGTTGACGGCTT,53
ACGTTAGTTCAGAAAA,53
ATAGCCTCACAATCAG,53
ATATACAAAATCTTGT,53
ATCAGGCAAACTTAGG,53
ATCCGATAACGACCCA,53
ATCGGCATAGTAAAAC,53
ATGTATATCAAACGGA,53
ATTATTCAGAGTCCCC,53
CACAAACTCTTAATGA,53
CATACATTGATCGCGA,53
CCCAGTATTGCCATGG,53
CCTGATTAGTGATGGA,53
CTCATACATGCTTAGG,53
CTGTACAGGTATCTGT,53
GAAAAACGGACCAACA,53
GATGACAACAAAAAGG,53
GCAACAAACGCTCTAA,53
GCCCGACCTTGATAGT,53
GGGCATCCCCCCTGGT,53
GGGGCGATACATCTGC,53
GTCTATTCTAGCACCA,53
TAAACAGAAGATGTAA,53
TAAATTGAAGACGTGT,53
TAACCGATGGAAACAA,53
TACATTTGAACCAAGA,53
TAGCTAGCTACCTCTA,53
TAGTACCGAAGGGTAA,53
TATATGTAATGCCTAG,53
TATTGATTGTTCCTGT,53
TCCAAAGTCACGCGTA,53
TCGAAAAATGTGGGAT,53
TGAAGTCTCGACAATG,53
TGAGTGTCTCGTACGT,53
TGATCGCTTGAGCGGA,53
TGGCTGCTGGGGACAT,53
TGTACCGCAGCTGTAT,53
AAACAAACGCAGCTGA,52
ACTACAAGTAACAATA,52
AGCAAGAGATACCCAA,52
AGCAGAGATGTATAAG,52
ATAGGTTACACACGTA,52
CAAACAAGCTATCGTA,52
CAGACCGATAATGAGA,52
CGAAATTACCATCATA,52
CGAGTCTTCCTATAAG,52
CGGCGGAGCTTTTATA,52
CGTACACCAATTATGA,52
CTACCCAAGATCAAAA,52
CTCGACGTACTCAAAG,52
CTTTTCCAACTGGACA,52
GAATATCAGCGAGTGA,52
GACACTCTATGTAGGG,52
GAGACTGGGCGATAGG,52
GCACCAGCGAATAGAA,52
GCCCGAGCTTCGATTG,52
GCGAGCATAACATCAG,52
GCTAATTAGGTTAGAA,52
GGTACTGAGAGGGGAA,52
GTAAAATACTCATAAT,52
GTTGCATAGGCATAAG,52
TAAAGGAGTGCAGTGT,52
TACTTCACGGGATTCC,52
TATAAAATTACATAAA,52
TATGGGAATGAATATT,52
TGGCTGAGTTAGGTAC,52
TTAGTCTACAACCCAA,52
TTGCTTATTCTCATGA,52
AAAAAATAACAACTAG,51
AAAATTTGGTGGTAAA,51
AAATTAAGATAATACA,51
AACAGGACGCGCGGGG,51
AAGCCAGGTCTAGTAT,51
AAGTGATTGTCACGTA,51
AATCCTGGTTGCCTGA,51
AATCGTGCCTAGGCTT,51
AATGGTGCACAAGATT,51
ACAGCATTGAAGAAAG,51
AGAAAAGAACGAGAGT,51
AGCAAGCTCAAGGCGA,51
AGCGAGACCGAAAAAA,51
ATAACCCGAGTAATGG,51
ATAGAACATAGACTGA,51
ATGAACGCAGTTGTAA,51
CAGGAGTGACTATAAA,51
CCAAGGACCGTTCTCA,51
CCTGTGAAGTTGACCT,51
CGCCCGGCGAGAATTT,51
CTAAACTAAAATGTGG,51
CTACGCGGTCCTGCAA,51
CTAGAGAGTAAACCAT,51
CTGCATGGTATTGGAA,51
CTTACGACAGTAACAT,51
GAAAAAAAACCCAAAT,51
GACCAGTTGCTTTGGA,51
GAGCAACAATAAAGTA,51
GATCAATGTGAGGGAC,51
GCAGAAGTCTATGAGA,51
GCATCCGGTTTGTCCT,51
GCATGCTTGAATACCC,51
GCCAAAACTTGAGCAT,51
GGACCACGTCACCAGA,51
GTCCGCACACTTATTT,51
GTGAAATGGCTAAATA,51
GTGACAACTCCACTAT,51
TACTGAAAATAGAGAT,51
TAGCTGCATTACTGAC,51
TCAAATAGTAACCTGA,51
TCCTAACTCAAGCTAA,51
TGAGAACTTCAGATCT,51
TGCAAGGAACAGTAAC,51
TGGAAAATTTAATAGA,51
TGGTCTTTGCGTATGA,51
TTACGGGGGGCATAAA,51
TTAGATGCCTAATCAG,51
TTCTGGCCACACCCAA,51
AAAATTTGCAAAATTA,50
AAACTTAAATCTCAAG,50
AAAGAAAGTATTGCGA,50
AACCTGCCTGAATGCC,50
AAGTGGGAGGGCAACA,50
AATGGGTCCACCTATG,50
ACCAAAATAATATAAC,50
AGCTTCGATGCGGTAT,50
AGTTACCCATTATAAA,50
ATTAGGCGTTCTGGAA,50
ATTCTATCTTGCAAGA,50
CAATATGTAACCACTA,50
CACTAGTCAAAAGAAA,50
CAGTGAAAGCAACCCA,50
CAGTTTCAAGTGGAAA,50
CCGATCGCTACGCATT,50
CCGCCTCTGACAGTGT,50
CGCTAGTAAGCATAAC,50
CTCCTAAAGCCTATTG,50
CTCCTTAAGGATCTGT,50
GACTAGCTATGTGGAA,50
GATAACCGAAGATGGG,50
GATCGAAGCTAATACC,50
GCATGGAAACATTGCA,50
GCCCCTATTTCATAAA,50
GGACTCTACCTGAAAT,50
GTGGCATTTGATAATA,50
TAACAAGCAGCCGATT,50
TAATTAAGGGAGGAAT,50
TACGTCCAATTAGCTA,50
TAGAAAAAAAGTGTCA,50
TCTTTCTGTGATGCTA,50
TGACAGAGTCCACATA,50
TGAGATCAACAGTCAG,50
TGATTGCAAAGTCTGA,50
TGTCTCGCATCTTAGG,50
TTGGGACGATCCTCAA,50
TTTCTCCTAACTCATT,50
AAATGTTAAGACGGGA,49
AAGTAACGATGGCTGA,49
AATTCAATTCTCGATA,49
AGCGGGCCTTTGGATA,49
AGGCTGGGCTCAACCA,49
ATGCGATTGACCCGGC,49
ATGGATGAATTGGCAG,49
ATTACCAAAGGGCAGT,49
CACAAATAGCGAGTAT,49
CCCATTAGGTTCTTGA,49
CCTCGGCAGAGTTTAA,49
CCTCTCAGAGTAGTCA,49
CGACAGACATATCCGT,49
CGCATGCTCCATTTTA,49
CTAGTCCAAGTAACAT,49
CTTGAATAACATCCCT,49
CTTTTATTGACATACC,49
GAATGTACGTAGCTTT,49
GAGCCACAGCAGACCA,49
GATTAATCTTGATCAA,49
GCTTGAAAACCGTTTC,49
GGCTAAATACATAGTA,49
GGGTAGCGCGTTGTGG,49
GTGACATTCTGGGGAT,49
GTTGTCAGCGAAGCGA,49
TACGATGAGGTGGGAG,49
TAGGAGAAAATCGAAA,49
TGAAATACCTAAAACA,49
TGATATGATGGTCTTC,49
TGCTGTTGAGCCTTAA,49
TGGTAATATGGGGGAT,49
TGTCCATTATAAAATT,49
TTAGACTGTTACGGGA,49
TTCCTTGGGCTCTTCC,49
AAAATCGTGCCTACAC,48
AAAATTTTCATAAGCA,48
AACAGGAAAGATATAA,48
AACAGTAAGACTAAGC,48
AAGAACACGGACTATG,48
AATAGCAATAATAATT,48
AATTAATAAGTCTAAT,48
AATTGAGTCTGATCAC,48
ACAGATCCATACATAC,48
ACAGATGGGTTGTTGG,48
ACGTAGCGGTTGAATC,48
ACTCTACGGTCAGAGA,48
AGCAAAGTGAGTCTGG,48
AGCCACAGGTCTGTCA,48
ATACCTTTCTTGTATA,48
ATCGGTGCCGTTAATA,48
ATGACGGCGTCGTGAA,48
ATGTATAAAAGGTAAA,48
ATTAACTGAATGGAAG,48
CAAAGAACTGAAGTGA,48
CAACCAAAGCCTTCTT,48
CAGTTCGACTCCTGAA,48
CCCGAGTGGTACATGT,48
CCTAAACCACAGCCTA,48
CGTCACGTTCCCGATA,48
CTAGAGAGGCATTCAA,48
CTCAGCTTATTATAAG,48
GACAACAAATGACAAT,48
GACAAGAGAAAAGACA,48
GATGGGGGCTGAACTA,48
GATTTGCCAGTAAAAG,48
GCGACGGGTGAAATAA,48
GCTGAATCCGGCTAGG,48
GGGAGACACATGACTA,48
GTCTAGGTCCCACAAA,48
GTGATCAAAATGGTGA,48
TAAACATAATAAAATG,48
TAATACCCACATACGA,48
TATTCGTAATTCTTGA,48
TCTACCTTACGACCAT,48
TTAACGGTTGCTTAAA,48
TTAGGACAGCAAAGAC,48
TTCAAACATCAAGTTG,48
TTGCCACGGTGTTTGG,48
TTTGGAAATAAGTCAT,48
TTTGGCTACATCTAGG,48
AACATAATTTAGCGGA,47
AACTTTTTGTAGGTTC,47
AGATTTAGCCGACAAA,47
AGTGCAAAAATAAGTT,47
ATATCCTACACACCCA,47
ATATCCTCTAATAACT,47
ATATTCTTACAATACA,47
ATCAATTGAGACTCAT,47
CAACTGGATTGCCTAC,47
CAAGTTCTGTTCGTAT,47
CACAACACATCATCTA,47
CATACAACGGTGCAAA,47
CCAGAAACTATCCCCC,47
CCATACTTCAAAGTCA,47
CCGGATGACTCAGAAA,47
CTAGAATCACCCATTG,47
CTCACGAATGTGTGAA,47
CTGAAGCCTCAGAAAT,47
CTGATACTCCCTTACC,47
GAAACTCTATCGAAGA,47
GACCCGCACGCGGGTG,47
GAGACAGTGATACAAA,47
GAGTGACAATTAGGGG,47
GCATACATTGCCTATA,47
GCTCTAAAGTTTTCGT,47
GCTGATTCTAAAGACG,47
GGACACAGAGACAATA,47
GGATCTGTAAAGAACC,47
GGCCAACTTTGCTTAG,47
GGGCCGAGTTTGTAAA,47
GTAATGTTATTCATAT,47
GTGGAAAGGACGAAGC,47
TAACGTGATAAGGAAC,47
TGCATGATCGCAGGAA,47
TGTGAGTTTCCGATAA,47
TTATTATTATATTGAT,47
AAGTCACCGAGCACGT,46
ACCCGGGTAAGAGACA,46
ACTGAAGACCACCTAG,46
AGATACCAAGGGGAAT,46
AGCATAGTAAAAACAT,46
AGGACTTCAAAATGGT,46
AGGATCCGTGAGGGTA,46
ATGTCGCCGGTCGGAT,46
ATTCCCCCCACGTTTA,46
CAACAATGTCACCAGA,46
CAAGAAAAACAGATTA,46
CAAGAATCAGACCATA,46
CAATCAAACCTTGAAC,46
CATTCAGCCGTAGACG,46
CCATGAAATAACGATT,46
CCGGATTCGGTATATC,46
CCTATACTCCTGTTAA,46
CTAGTGAAAGTCAGTA,46
CTGGTCCTTATAAAAG,46
CTTGCAGAGAGCAGTT,46
GACCGTGTCACGGTCA,46
GAGATATTGACATAAA,46
GCAGGGAGTTCGAATA,46
GCTAGAATACTCGCGT,46
GCTGATAGTAAACCGA,46
GGCTTCAAAAGGCTAT,46
GTAATTAGGGATAGTG,46
GTGCTGGAAACTGTAA,46
TACAGAACACAAGTGT,46
TACCGGCTCGGGCCCC,46
TATACCGGGGGCCATT,46
TATGAGATAGAACACA,46
TCTTCATACATGACGA,46
TGAGCCATCAGATCTC,46
TGCCGATTATATGTAC,46
TGGTCAATGAAACCAT,46
TGTAGTCACACAGAGA,46
AACAGTAGGCCTAAGT,45
AACCCGATGATCATGG,45
AACCGCCAAATCAGTA,45
AAGCAGCCCGATATAG,45
AAGTTAATGAATTCAA,45
AATAAGGTGCACAGAA,45
ACACGCTGTTTGCAAA,45
ACCCCAGTCTTCTGCT,45
AGCCCACTAAACAAAA,45
AGCGGCCGAGACTAAT,45
AGGGGTAAATTCGCTA,45
AGGGTATAAACTTAAG,45
ATGCCAACTCTAGGCA,45
ATGGTGACCACGGTTG,45
CAAACATTAGGTACGA,45
CAACAACACGAAACTA,45
CCGCTGTTACGTTACA,45
CGCGACTACACATCTA,45
CGCGAGGGACTAGGGA,45
CGTGCCCCGAAATTAA,45
CTCATAAATTCAGAAT,45
CTCCGGGTTTATTAAT,45
CTGCACACGATATTGA,45
CTGGGGAGCCAGAAAA,45
GACGATATCATTAAAT,45
GACGTTTTAATTATAA,45
GACTATTACGCTTTTG,45
GAGAAGTTAGGTTAGA,45
GAGTAAACGCTTAAAT,45
GAGTCCTGTACGGTAG,45
GCACATGTCTGTTCGA,45
GCAGAGGAATGACTTT,45
GCCTCTCCGAAATGGA,45
GCTCGCACCAGGGTAT,45
GGAACTTGCAACTGAG,45
GGGCTAGCCCAGTCAG,45
GTGGTGTATTTGGGGG,45
GTTCGTAAAGCAGAGT,45
GTTGATTGTGAACTCA,45
TAAACTGCATCGAAGA,45
TAAAGCTTGAAATCAC,45
TAAGAGTTATTGGCAA,45
TAATTGCGCTTATCTT,45
TATTCAGGTCAGGAGG,45
TCACATTAAACGGCTA,45
TCTACCGCTATATTGA,45
TCTAGAGCTAGAGAAC,45
TCTAGTTCCACGAGTA,45
TGACGTCAATGAACAT,45
TTAGTCGCGCCTTAAT,45
TTATACCACTGGATCA,45
TTTACCAAGATAGTAT,45
AAAAAGTGGGGCCACT,44
AAAACAACGTGCTAGG,44
AAAGCTTTTCTTATAA,44
AAAGGCCTGCCTATAG,44
AACAAGATACATCTAT,44
AACATGATAAACTAAT,44
AACGAATATTGAACAG,44
AATTAGTCCGGGCTGA,44
ACCACCCCATCGGTAA,44
ACGATGTGGGTCCCCA,44
ACTCGCAAGGCCTCCA,44
ATAACCCGACACCAAA,44
ATACAAAGTCAAAGCA,44
ATGATAAACGAAGATA,44
ATTCTACAGATTGAAA,44
CACATATATAAGTTCC,44
CATCAGATGACCCGTT,44
CCATTTCGCACTTTAT,44
CCGAGATAGGTCCCTT,44
CCTTAGTGTAACGTGA,44
CGACGATCGCCCTAGA,44
CGTATGACGATCATAC,44
CTGACCCCTGGGAATT,44
GACTACACACGGATGG,44
GATCACACGCTGACAT,44
GCAACCGATGATTAAT,44
GCCCCTTGCAAAATAA,44
GCCTAGACATAATGAT,44
GGGACTGAAGGAGCAA,44
GGGCACATGCGTTAGA,44
GTATGACTCCCATCCC,44
GTTGAGGGATTTTTAA,44
GTTGGGGCTAGTTTAT,44
TAAAAGCAAAGCTGCA,44
TAAAGGGAGCTAATTG,44
TAACCTTTCGAGGGAA,44
TAACTATTGAGACACT,44
TATTTTGACTTGACCA,44
TCAGGTTATGCCCTTT,44
TCATATCAGGGGCGAA,44
TGACTGTAGAAAGAGA,44
TTTCCTTGCAAATATG,44
TTTCTCGACATGATAC,44
AACCTCAATTACTAAG,43
AATACGCAAAAGTTTA,43
AATTTTTAGCCAGAGT,43
ACAAAGAGCAGCTTGA,43
ACAAGGCTGGGCTGGC,43
ACAAGTACTAGTACAA,43
ACCCACATCCGGAGGA,43
AGAAGAACAACAATCT,43
AGAAGTGGTTCCGCAA,43
AGCACTATTTTAATAG,43
AGCCAATCGGTCCACA,43
AGTTTATGTGGGAGAA,43
ATAGCAGAGTTTTGAG,43
ATATGAGGAGAATGGA,43
ATGGAAGTTTACAATA,43
CAAAGCTATTAACCGC,43
CAAGCGAGCTTATGAG,43
CAGCCTAGACGTTCCA,43
CATGCCGGGACATAGG,43
CCACATCCAGCACTCC,43
CCATAACATTATCAAA,43
CCGATATAATCAATAT,43
CCTAAAGCGATGTGGT,43
CGAATCAGACGCTCCC,43
CGCATCATTCGAACTA,43
CTAAGATCAGTATACA,43
CTACGGGGTTTTCTCG,43
CTAGATCAAGGACCGT,43
CTCGGCATAAGACAAG,43
CTGCCAAAAGCAACAA,43
CTGTAGCTATGGACCT,43
CTTGCTTTGGTTTACA,43
GAACAGCGTGACACAG,43
GACACTAAAAATGCTG,43
GACCCTTTGTAGACCA,43
GACGGGGTATAAATAA,43
GAGCGTAATTTGTGAA,43
GATCGCAACAACTGAC,43
GCTATGAATGACGTTA,43
GGGATCCGCTTACTCA,43
GTAACCCACTATTTAA,43
GTAGAGGCTGGATCTA,43
GTAGGGCGGGCCCAAA,43
GTATTAGAATACCCAC,43
GTCGTTCATCCTGAAC,43
GTGAAATGGCCTCCAT,43
TATAATTATTTCTCAG,43
TATCGGAAGATAGAGG,43
TCAAATGGGAAAAAGA,43
TCGGTCTGGGACGGAT,43
TCGTTTAGTTATGTGA,43
TCTAAATAGATCTTAA,43
TCTCCGGGCCGGGACA,43
TCTTTAAATCGATCAA,43
TGAATGCAACCACACG,43
TGGCACTCGTAATAGG,43
TTAAATGATGAGTCTC,43
TTCAAAAATGTAGGGT,43
TTCGTTGGACCTTGTA,43
TTTACGACATTAACAA,43
TTTATGAAATAGTAAG,43
TTTGGGTAGCATTAAG,43
AAAGATGGTTAGAATA,42
AAATAACGCAGGACGA,42
AAATCACTTAATGTGT,42
AATAACAGCTGTCGAA,42
ACGTACAAATATCGAG,42
AGAAGACTGTAGTAAA,42
AGAATAGGCACGCACA,42
AGACAACGCAACATGT,42
AGAGTGGCTAACTCAA,42
AGGCACGTTCCACCAA,42
AGTTTTCCTGACTGAT,42
ATAATCCATGAACAGA,42
ATAGTCACACTAAGCG,42
ATTTAAATTAATAGGA,42
ATTTGCATAGCACTTA,42
CAGAAATGACTATGTG,42
CAGCCACAGATAACCA,42
CCATCTTTGAGTGAGA,42
CCTCATCCCATGGAAG,42
CGCATTCCAACATCGA,42
CGCCCGGGGCTTGGAA,42
CGGGTGCGGTATGCAT,42
GAAACCACGATCACCT,42
GACAATTATTATTTCA,42
GACTGAAGGAACATTT,42
GAGGGTCATGCATTGT,42
GCCCAAACGCTCCCAT,42
GCTCGAGGGCTCTGAA,42
GGACAAAGTGGGGGTA,42
GGCGTATAACGCAGGA,42
GGGTCAGGAAAAGATG,42
GTGTCTTAAATGACTA,42
GTTACCCGCTCTGCAT,42
TAATTAACATTCTAAG,42
TAGTCCTGCCGGTTCT,42
TCAGCCCAAGTAAAGA,42
TCCTATCTTCCTGATT,42
TCGATTACTGGATAGA,42
TCTATAGGAAACAAAA,42
TGTCACCTCAAATAAC,42
TTCAAAACCTCGTACA,42
AACCACCCTGCCAGGA,41
AAGGTGATGCTCTGGG,41
AAGTCACGTCAACCAA,41
AATCCTGACAGATAGA,41
AATGGGTCCACGTGAG,41
ACAAGGCATGGGACGA,41
ACATATCTCCCAGACT,41
ACGTAGCCCACCACTA,41
AGACTAAATTACCGAA,41
AGCGCCATGTGGACTG,41
ATAACGAAGATAGGGA,41
ATACCTATGTAACACA,41
CAAACGAAATGGATAC,41
CAACACAAAAGTAGAA,41
CACGGCCAATACTAAA,41
CACTACCTCTTCCCAT,41
CACTCTGCAGGCGTAA,41
CACTGATTCCGACTAA,41
CAGATAGGTGTAACAG,41
CAGTAAAATTGTCTAA,41
CATAGCCCCGGCTCTA,41
CATGAGCTGAATTGGA,41
CATGAGGGGCTATAGA,41
CCACTGACAAATCTTA,41
CCGCCACGGTAAAAGG,41
CGACCTAAAAAGGTAA,41
CTGAAAATTAGTTAAT,41
CTGCTATCACGCTTGT,41
CTTTTTACGCAACAAT,41
GAAAGGCCGAACCAGA,41
GAACTTGAATCTCCAA,41
GACGAAGTGGGGACGG,41
GATATGGTCAAGAGAG,41
GCATATATGCATCAAA,41
GGGATAACGGAACTAT,41
GGTAATACAGGCCAAT,41
GTCATAGCCGCGGAAG,41
GTCCGACACGCAGTAT,41
GTTAGATTAATACCTG,41
GTTGGGTTTCGATATA,41
TAAAAGCATCCACCAA,41
TAACAAAGGAAACAGA,41
TAATAGACAGCAAAGA,41
TACTCAACTAGCATAG,41
TATTTAAATTAAAAGA,41
TCAACCCGCCCGCTAT,41
TCCATATTAGATATAC,41
TCCCAATTAAACGAAA,41
TGATCAAGAGTTGGGA,41
TGCAGGCGAGTTACAG,41
TGGTAGTGAGGCCCAG,41
TTAACCGTAGACATAG,41
TTATGCAAATGAGGTA,41
TTGGTTACCGGATGAA,41
AAAGAGTTCCATGTGA,40
AAGTAAGTACTACCAT,40
AATTCGATGACATCAA,40
ACCACAACTTCACAGA,40
ACGACACTAGTAGCTA,40
ACGCTTACAACTCAAG,40
ACTAATGAAATACAAC,40
ACTGGGACAGATGCAA,40
AGAGTGGGCCAAGATA,40
AGCCCAAGGAAAACAT,40
AGGAGTGTTAGACTGA,40
AGGGAAGAACTATAAG,40
AGTAGCTTATAGCCTA,40
AGTATCAGACGGAGAA,40
ATCCCGTTGCACTAAC,40
ATGGCCGTGGTATACT,40
CAAAAGTATATGGGAC,40
CAGCAGTAAATTCAAA,40
CAGGAAGACACCGTTG,40
CAGGACCTCAGAAATG,40
CATCCGACTTAAATAA,40
CCATTCCCAGTGATAG,40
CCCACCCCAAAACCAA,40
CCGATACGACAAACTA,40
CGAATAGAACAGGGGA,40
CGTGTTTCCCTGACTA,40
CTACTCCGTTAATACA,40
CTGGTTGATAGTTAAG,40
CTTCTATCTGTCCGAA,40
GAACTTACAGGGCTGA,40
GACAAAACACATCAGG,40
GAGCTAGACATTCGAT,40
GATACGCCACGACCTA,40
GATCCCAAGCCCAGAG,40
GCCCTTCCCTAACGGT,40
GGAAACAGAAATTTTG,40
GGCACTTGGTTAATAC,40
GGCATAGAAGGCACCT,40
GGGCGACCTCATGAAG,40
GTGCGAATGTTGTCAG,40
GTGGCTCCGCGTAAAT,40
TAAGGGTCAAATAGAA,40
TACTTATTAAATGGGG,40
TAGAAAGAGTAGAATA,40
TAGTGGTGGAATCACA,40
TCAATTAATTTAAAGA,40
TCGACAATATGAGAAT,40
TGCAGTGGAAAGGGTA,40
TGGGTACGAGACAAAC,40
TTAAAAATACATAATC,40
TTAACCAGATATTAGG,40
TTGTCTTATTAGCAAC,40
TTTCGCGGGTTGCCTA,40
AAAAATGAGAAAGGGT,39
AAATGGCTCTCTGATA,39
ACACAGTTATGATAAA,39
ACGGTAGTCGGAATAC,39
AGACTAAGCACGCACT,39
AGCGTGACGGGCGGAA,39
AGCTCAGTTAGAGGAT,39
AGGAGGGTGCATCAGT,39
AGGGGACAAGCTTATA,39
AGGTGGGTCTAGATAA,39
AGTAGTATGTGAAGAC,39
ATAATAATTACCAAGG,39
ATCGATATAGCTAGCG,39
CAATTACGGAAGCGGG,39
CATCGTGCTAAAATAA,39
CATGTCCGGGATATTT,39
CCACGGCGTCCGTGGA,39
CCATTTCTGTCCCCAA,39
CGAATTTTTGTAATAA,39
CGAGATAATAGACGAT,39
CGAGGACCTACATAGA,39
CTAAGAGGCGAATTCA,39
CTATATCAAGTAGGAG,39
CTGTTAGTAACTCAAC,39
GAATACAAACACATAA,39
GACCTGACAACCTAAA,39
GAGGCACAGAAAAACG,39
GGATTCCACCGGTTAA,39
GGGAACGCAGCAATAA,39
GGTAATTCGTGTGGCA,39
GTCGCACTGCGGAAAA,39
GTGTGACGAGTGACTG,39
TAAGTAATACAACAGG,39
TATATCCAAGGATGTG,39
TCACATTACCGGGTGA,39
TCAGCCAGACTAACCC,39
TCCCTGAAAAGCGAGA,39
TCTAGATAGCATGCTG,39
TGCAAAGGAATCACAC,39
TGCAAGAATTCGAGTA,39
TGCGATACGGGCCCAT,39
TGCTTCCTAAACTCGA,39
TGGACCAATGATGAGA,39
TGGTCGTTCGCTATCT,39
TGTGCTACTAAGGAAA,39
TTGCGGGTGAAGGCGA,39
TTGGACGACGACCCAG,39
TTTATTCATTACTTAA,39
TTTCTACTAGCAGAAT,39
AAAAAATAATCGTCGA,38
AAATACGTGACGTTGG,38
AAATCAAAAAGAAAAC,38
AACCCCCATAAACTGA,38
AAGCGTTTCCCAATCG,38
AATAAACGAGACCTGT,38
AATAACAAGAACTACA,38
ACCAGTCGTTAAAAAT,38
ACCTAGGGAAATATGG,38
ACGAAATTTATTATAA,38
ACGACCGACAGTTGTG,38
ACTATATAGATAGCAG,38
AGAATTTCAGTATGAA,38
AGACATATAAGTCGTA,38
AGTCACCCTCATATTA,38
AGTTAACAAGACAACA,38
ATACAAGCAAGCTGAA,38
ATATGTACAAAGTAGG,38
ATCTCTATCTTCCTGA,38
ATGATAGCTACAGCAA,38
ATTATTAGCCCAATAC,38
CAACAGGACACAAAAT,38
CACCCAACTTCATTTA,38
CACTAGGCTTACGTTA,38
CAGTAATAAACAATAA,38
CATAAAAGCATCAGAA,38
CCTCGAACTTCCGTAA,38
CGAACCACACACTAAG,38
CGAGGTGGGAAATTTA,38
CGGAGGAGAATACCAA,38
CGGAGTTGAAAGATGC,38
CTATTGATGACCACAG,38
GAACGTAAGGATCCTA,38
GACGATTCAAACCCAG,38
GACGTAAAATCAAGAA,38
GAGCACCATCCACTCT,38
GAGCAGATTTGCAAAA,38
GAGGTAGTTAGAATGA,38
GATAACGGGTGTGGAA,38
GATAATCCGAGCCTAT,38
GATTCTTTTGACCCAT,38
GCAAACAGGGGATTGT,38
GCGGCTCGCCATATGG,38
GCGGTGAAAGTCCGTT,38
GGAACTAGCCGTGTGA,38
GGTGAAGGCCCTAACA,38
GTATGGACGGTTTCGC,38
GTTGCCAAGACTGGAG,38
GTTTACTTCTAGTACC,38
TAACATGTGCACTCGG,38
TACTATGTCTTAACGA,38
TATAATGGGCAGAAAA,38
TATACAGACGATACTA,38
TCACAATATGACGCAA,38
TCCGGGCCGGTTCATA,38
TCCTCAAGCACGTCCT,38
TGAAGCATACTTGTAA,38
TGCCTTTTGATTTGTC,38
TGGCTTAATTGTGAGG,38
TGGTTCGGACGCCCAA,38
TTAGATCGATCTGAAA,38
TTAGTTAACAAATTAG,38
TTGGATTAACATTGGA,38
TTTGGAGATCGCTTAG,38
AAAAAAGATGTTTCGT,37
AAAACGGGTCTTCCTA,37
AAAGAGATCCAACCAG,37
AACGAACAGTATTAAT,37
AAGGGTGGTTAAAGGA,37
AATGAGGGTGGTGAAA,37
ACATGGAGCAGTCCAG,37
ACCAAAATGTAGCGAT,37
ACCAAGGAAAGCACAG,37
ACGACTTTTAAAAATA,37
ACGAGCTACCTAATAG,37
ACTCCTGATGAGCCCA,37
AGAATTACTAGTACGC,37
AGAGTTAGATACATAT,37
AGTGATAAGTTGGCTA,37
ATAACATCCTTGACAA,37
ATAGATCCTCTGGAAC,37
ATCCTCGAATCGCTCA,37
ATCTGAAACTGCAGAT,37
ATGCGTTGACACCTAC,37
ATTAGTGTGACATTAT,37
CAAAGCAAAAGGACTT,37
CAACCAGTTTTCATAG,37
CACGTACTATGATAGA,37
CAGACAGTTAGCCTAT,37
CAGCAATAGAAATCAA,37
CCGAAAGACATAGTAT,37
CCGCTGGGTGGTTCCT,37
CGAGGCCATAATCCGA,37
CGGACTGTCATAGCAT,37
CTAAAAAAACGGGATA,37
CTGCTCAACTAATGTA,37
GAAAACAGAGTTTGGG,37
GAGAAAGGGCAGACGA,37
GAGCAAGAACGCAAAA,37
GATAATCGTAACCTCC,37
GATATAAGATAAGGAG,37
GATCGAATGCGAATAA,37
GCAAAGCACTCTCGTA,37
GCCAATTCGCCATTAA,37
GGCACTGAGGGCCCGC,37
GGTGTAGTGAATAATA,37
GGTTTTTAACAAACAT,37
GTGATGCGAAATCTAT,37
GTGGACATTTGAACTA,37
GTGTCGTAAAAAGAAA,37
TAACCATACCTCGCAG,37
TACAGGCCAAACCTAA,37
TACATTAATATGAAGA,37
TACTGCTCCTTGATGA,37
TATCTTTATATGGACT,37
TCCGGGATCGATGATC,37
TCCTGGGCCAAAATAT,37
TCGCGGCATCATGTGT,37
TGACAGAAGACGGGAT,37
TGAGAAACGAACTGAG,37
TGGGGCGACTCGAATT,37
TGTGTGCGGGTACTAT,37
TGTTCAGTAAACTAAT,37
TTACCATAAGTAACGA,37
TTAGATCATAAAGCAA,37
TTATCAAGTGGATAAG,37
TTGACGGATAAGATAT,37
TTGATTACCCATATAA,37
TTGCACGGCCATACGA,37
TTTATGCTGTTAACTA,37
AACCATGCGGACCAGA,36
AACTAACGGGGATCCG,36
AACTTATAATAGACGG,36
AATTGGCAAGCCCTAC,36
ACAAAACTGCACCATA,36
ACAGGCCCCCTAATAA,36
ACAGTCTAGTCCAAAG,36
ACATGAATCCAAGAGA,36
ACGGCTGCATGGAGTT,36
ACGGTGCGATCTGGAT,36
ACGTGGCAAGGGATTT,36
ACTCCCTCTGAGGGGA,36
ATAAGAAACAAGGTAA,36
ATCAAACCCGAGGTTA,36
ATTACAATAACTCCGG,36
CAAACAATAGTGTAGG,36
CAAGACTTATCGATAA,36
CAGACGCTCCCTAACA,36
CATAAATATAGATGGG,36
CATATATTCATCTTGG,36
CATCCCGTTCATGATA,36
CCACACCGAACAAAGT,36
CCAGTAGACCCATGGG,36
CCCCTTGAACCTAACA,36
CCGATGCCAAGGTTCA,36
CGACCTCAGATTTGTA,36
CGCTTCCGAGGAAATC,36
CTAAACGTAATACAAA,36
GAAAGAGAAGTACTAA,36
GAATGCAACTTAATAG,36
GAGAGATTATCCTGGG,36
GAGCATAAGAAACTGT,36
GATAGAGAGACCTAAG,36
GATCAGTAGAATTGGC,36
GATGACTTGGGTCATT,36
GCCATGACCAACAGTC,36
GCTGCCAGCGACACGG,36
GGAGGACCAGATATCA,36
GGCATGTCAGTAACTA,36
GGGACAGACAAAGGGA,36
GGTAAAATTTACCAAG,36
GTCCAGCACTATTTAA,36
GTTGCATTAAAAGAGT,36
TAAAGGAAAATATCAA,36
TAAGAGATATAACAAA,36
TAATTTCCGGCGGCCA,36
TAGATACATAGGGGGT,36
TAGTACGCGAGTGTGA,36
TCAAAAGTATTAAACG,36
TTAAAAAAGACGTCGA,36
TTCATAATTGTCAACT,36
TTGAGACACCTCCGAT,36
TTGATACAAACCAAGA,36
TTTCTGTACGAGCAAA,36
AAAATCGCATAAGACA,35
AACATTGCATCCCACT,35
AAGAATTTATCAGTAT,35
AAGTTGACGGTTTGGA,35
AATATTCCATCAAGAA,35
AATGGATAAAACTGGT,35
ACCTATAGGGGTACAA,35
ACGCACGCCATATTTG,35
ACGCGAATGTATAATA,35
ACTCAGTGCGGAATAA,35
AGATAAACTATAACTA,35
AGCCAACGAACACATT,35
AGTTTATAGCGAGTTG,35
ATAGTAATCCGATAAC,35
ATGGAGAAGCGACTAA,35
ATGTAGTATATACTGA,35
ATTTCCTCTTGTTATT,35
CAAACACATAAATATT,35
CAATCAAACACAACTA,35
CAATCTGAACCCATAA,35
CACGGCCTGTCAATGA,35
CACTCTCGCTAATGGC,35
CAGAGCAGCAAATTCA,35
CATAAAAACTAGGGTA,35
CCAGGGTCTTTAGAGA,35
CCCTTATGAACCCCCA,35
CCGAGAGTTAGGACAT,35
CCTGAGCACGCGATAG,35
CGAGGAAAACCCTAAA,35
CGCGCTAGTAACCAAT,35
CGGAAGGAGAGTAGGA,35
CGTGACGTATATGAGA,35
CTAACCCCGACTGGAC,35
CTACAATAGGAAAAAG,35
CTCTATAGTTTCTAAG,35
CTGTTAATACTTAGAT,35
GAAACCTAAAATGCTA,35
GAACAAAGTAGTATCA,35
GAGCTAAATCTTAAGA,35
GAGTGCAGCAATTGAG,35
GCAATAGTAACTTAAG,35
GCTCGACCTGAACTTA,35
GGAAATCAGCAGAGTT,35
GGAGATGTGTAGTCTG,35
GGAGCAACTATATCAT,35
GGATACAGTCCTGGGA,35
GGCCCCGTTGGCATAC,35
GGCCTCTCAGCGAACG,35
GGTAGCAACCTAACGA,35
GGTGCGCTCTCCTGAG,35
GGTTTCCGACTTACTA,35
GTAGGGCGGGGTATAT,35
GTCTATTGAGTATCTT,35
GTTTGTGTACAAGACT,35
TAATGCGCGAAAAAGC,35
TACGTGGGACTCATAG,35
TAGACTGACATCTGAT,35
TAGGAGACTCTCTAAG,35
TATAACAAGCGTTACT,35
TATCATTTTGGATAGG,35
TATCCCTCGACGGTAC,35
TCAACAATTAGGTGCT,35
TCATAAAGTAGAACTA,35
TGATCAGGTTCCCTAA,35
TGATGTGCTTCTTTAC,35
TGCATCTATGAACGGG,35
TGCCCATGGCAAATGA,35
TGCTCTTGTCGGTATA,35
TGTTAACCGGTCCCAA,35
TTAACAGAGACAAAAT,35
TTGAAGATAGGGTCAA,35
TTGCGAAGTAACGTGT,35
TTTCTGCTGTCCAGCA,35
AAATACCCACTGGGAG,34
AAATGCCGCCCCCAAC,34
AACAGTCAAAGCATAA,34
AACGAATTTTGATGAT,34
AACTATTTCAAAGGTA,34
AACTTTGTGACTGCAT,34
AAGAATGAAGTTACCA,34
AAGAATTTGCGGGAAC,34
AATATATCAAACGTAA,34
AATCAACGATGCACGA,34
ACACGACCCGAGTAAT,34
ACATCCCTCGCTCCAG,34
ACATGATCCGGATTTG,34
ACCCAGAACCATCCGT,34
ACCCTAAGCCCCTGAT,34
ACGACGATACGTCTTA,34
AGAAACATTCTTTAAG,34
AGAAATATATGGCTAA,34
AGTGAATAACTAATAG,34
ATAGTCACGTGTGTGA,34
ATATTACTAGACCTGA,34
ATCAAAATCAACGTCT,34
ATCGACAAGAGACAAT,34
ATCGACTAATTCGTAT,34
ATCTGTTGGAACAATA,34
ATTTCAAACGTTGTAG,34
CAAACGGTTGGAGAGT,34
CAAAGTACAAGACCCA,34
CAATACAAAAGGAAGA,34
CAGACGCATCAAAATA,34
CCGACGGTCATATAAG,34
CCTAGTGTTACCAAAC,34
CCTGGGAAAGATTGGA,34
CGCAAATATAGTCCAC,34
CGGAAACTAATACCAA,34
GAAAAGTAAAGATATT,34
GAAATTGTTGATACAA,34
GACGATGCCCCTAAAA,34
GACTAGTTAAGCATAA,34
GAGACAGAACACTTGA,34
GATCAAAAATGTTGTA,34
GCAAGGGGGGTACCAA,34
GCAGACCGAACAAGAA,34
GCAGGATTAGTTTTAT,34
GGCAAGAATTAGAGGG,34
GGGCCCTATCTCATCT,34
GTACAAGAAGCATCTA,34
GTCAAGAACAATAGAG,34
TAAAACAGCAATTCGA,34
TAAACCGAGCCTTCGT,34
TAAATATCCTTCTGGG,34
TAAATCCAGTGTCCCG,34
TAAGCCAATTAATGTA,34
TACAGCCTGACCGGCA,34
TACGAAACATAGAATA,34
TACGTGACATAAGGAT,34
TACTAGGCTGTAACGA,34
TACTTCAATGGCTAGA,34
TATCATCCGAATCAAA,34
TCAGTATCACGCTATA,34
TCATTCCAGAACAGCA,34
TCCCCTGTAGAACAAA,34
TGAAAAATTCACGAAG,34
TGACTTGATGGCTGAG,34
TGATTGGGGTAAGCAG,34
TGCACCAGGTGCAATA,34
TGCTGACCGTTAAAAA,34
TGGCAGACGCACTGCA,34
TGTGTATTTTATCATA,34
TTAAGTAGGCAGTAGG,34
TTCAATAAGGACGAAT,34
TTCGAATTATTTTGGT,34
AAATAACAAATGTTTA,33
AAGAACGTAGTACCAA,33
AAGCACCATGGCTCCA,33
AAGGATACTTCGACTA,33
AATACTATAGTATCAG,33
AATACTATATACAGAA,33
AATCATAAACCGTGAG,33
AATTCACGGAACATCC,33
AATTTTAAATCATAAA,33
ACAAGGAATTCACTAA,33
ACCGACTCAAACGAGA,33
ACCGCCAAAAAAGATA,33
AGAACTCTTATTAAGG,33
AGCAACAGACGACCGA,33
AGGATAACCACTCGTA,33
ATCACGGATACCAATG,33
ATCGACGGATATTAAG,33
ATCGACTCAACAGAAA,33
CAAGAGGAGTACCTTG,33
CAGCACAAGCATTAAT,33
CAGGCCAACTACGTAA,33
CCAGCTGCAGGCACGT,33
CCAGTCCAGAAGGAAA,33
CCGGACGACAGACTGT,33
CGAATAAACAAAGGCA,33
CGACGATATACCCCCG,33
CGGGACACTCGTCAAG,33
CGTGAGAATTGGTACA,33
CTAAGAAACATTTGGA,33
CTAATAGACTAGGAAT,33
CTACATCCATGAGGCA,33
CTCCAACTGATCTTAA,33
CTGCGGATGTAGGCTA,33
CTTGCCTTACACACTA,33
GAACACCTTCTGGAGA,33
GAATTACGTGTTGCAC,33
GACCGGATGACAGAAT,33
GACTGTGGAATGGTAT,33
GAGAATTAATGGGAGT,33
GATAATGAACCACAGA,33
GCCCAGAAATTGTAGA,33
GCCTAAACCAATTCTT,33
GCGCGAATCAATCTAA,33
GCGCTGCCCTTAGTGA,33
GCTATTAAATCCGTCA,33
GGAATTCTGTTTGGAT,33
GGCATGGTTCACTTGG,33
GGCCTACGAGATAAAG,33
GGGGAATGTGAGCTTA,33
GGTATAGCCAGCAGAC,33
GGTTGCGACCAAGAAT,33
GTAAACCCTTAATAAA,33
GTAGAACCAGTGTCTA,33
TAATTACTGAGCTAAC,33
TACGTTACAGACTTAT,33
TAGGGCGAGACTCAAA,33
TCAATAGTAAAGTCCA,33
TCATTCGGGCGGTGGA,33
TCCAAGTATCAAACAT,33
TCCATCTCTAATCCCA,33
TCGGGGCACATAAAGT,33
TGAATGCCTCATTAAT,33
TGACTGAGGCTGACAT,33
TGCGGTTCAACCCACC,33
TGTGTAGAAGAGGCTT,33
TTAAGCCAGCCGACCA,33
TTGGCTACCTGATGAG,33
TTTATAGTCAAACAAC,33
TTTCGTGGACAGTCTT,33
AAACACTAGTCTACTA,32
AAAGACATACATAGCA,32
AAATCTTAGCAACCGA,32
AAATTAGTCAAACTTA,32
AACCCGAACATTTAAT,32
AAGACGGGAAAGTCAG,32
AAGAGGGAAGTCCTGG,32
AAGTAACAAGCAGACC,32
ACATCCAAAACACTAA,32
AGAAACAAGCCCCAAG,32
AGAACGTACTCCTCAA,32
AGAAGAACGAGTTTTG,32
AGACTACCAGGACGAA,32
AGCACGAATTTAAAGT,32
AGTTTACTCGGTTATG,32
ATAAATTTTAACAGAA,32
ATAATCTCTAGACGGA,32
ATAGATTCGGACCGGA,32
ATCATCTGGACTATAA,32
ATCCAAAGAGCGTTAG,32
ATCTAATTCATACTAC,32
ATGACCGGTAGCATAG,32
ATGAGCGAACCATTTA,32
ATGTACGCGGTGCAGC,32
CAACAGAAAAATGAAA,32
CAAGAAAACCTCCCAC,32
CACGAGCATTCCCTAC,32
CAGAGAACAGACACTA,32
CATGACATGCTTGCTT,32
CCATTACTCATTAAAA,32
CCCCGCAAACATATAT,32
CCCTGAGCGTATCGAA,32
CCTCGTTCGTCTAAAT,32
CCTTACATGCAGGGAC,32
CTAACAGACCAATTGT,32
CTAAGAAAATACCGGT,32
CTAAGTAAAACGCCAC,32
GAAAGATTGTACACCA,32
GACTCTCATTCCTATA,32
GACTTACTTGTCACTA,32
GACTTTCTACAGCACC,32
GAGCTAAGGTAGCAAA,32
GAGTCAGGTAGCTATC,32
GAGTCAGTCATACATA,32
GATGATACCCGGGAAG,32
GCAGTCAGCTCCACCA,32
GCCAATTGAGGACGAA,32
GCGTAGGTTCAACATA,32
GGACCGGTAGGACACT,32
GGATCAAATAAGAAAA,32
GGGCCCATCAAGTCCA,32
GTAGTTCGAATTATGT,32
GTTCAACATTCCATAT,32
TAAACGAGAGACCGAG,32
TAATAAAACAAGATCC,32
TATAAGTGCCGTTGAG,32
TATAGATTAAATATGG,32
TATAGTATAGGATGCC,32
TCGTGGCGTTGGCGCT,32
TCTTTACATTTCCGCT,32
TGCGGAAAAATTCAAA,32
TGTAACGTAGATTAGA,32
TGTTGGGCGAGAGCTA,32
TTAGTCACGGTGCCCC,32
TTCCTGTACTGGAGGT,32
TTGTGGAAGCTGACTA,32
AAAACAGGTGTGTACA,31
AAAATTGAAACACCTA,31
AAACCGGAGATTTGTT,31
AAACCGGGAAACAGAT,31
AAAGGACCAAAAGAGT,31
AAAGGTTTCTGTTAAG,31
AAATGCGCGATTTTTT,31
AACTGCCCCTCTTACC,31
AAGAATGATTGCTGAT,31
AAGGTTAGAAACATAA,31
AATAGGAACTTAAGCA,31
AATATAAACTCAGCAG,31
AATCTTGTAGGAAAGA,31
AATGAATTTCAGGGCA,31
AATGGAGCCGAAAGGA,31
AATGTAGATATAATTG,31
AATTTAACTAACGTCA,31
ACACACTACTTAAAGA,31
ACAGACACTCCACCCT,31
ACCAACCACCATCCCA,31
ACCTCTTTTCAATTAA,31
ACGAGAGGTACTGTAT,31
AGATATCCCAATGTAA,31
AGATGCGTAAATATTG,31
AGCAAAATACACGGGG,31
AGCAAGCACTACTAAA,31
AGGGTATAATAAATAA,31
ATATTGGAACCCTATA,31
ATGCATTCTAAGAGAA,31
ATGCCATTTACGGTCA,31
ATGGAAAAAGCGTGTA,31
ATGGTTTCAAACCCTT,31
ATGTTGAGTCGCAAGA,31
CAACGCTGATCCTTGA,31
CAACGTACGGTCTGAA,31
CACAAGGAGCGAGGAA,31
CACCGTAATGAGTGGG,31
CAGCTCCCGCTCCTAT,31
CATATTCGAGCATAGA,31
CATTCGCCGCACCTAA,31
CCCAAAACATAATTTA,31
CCCCCTATATACCAGA,31
CCCCTACCCATTTGCT,31
CCGGCACTAATGACTT,31
CGAAACGAACGAATCC,31
CGACCATGGAATTGGG,31
CGGGATAGGCAGTTAG,31
CTAAGCTTAAGATAAA,31
CTACTTAAAACGATGC,31
CTCCGAAAAGCAATGA,31
CTGTAACTCCGACTAT,31
GAACCAATATCCGGAA,31
GAGTCATTCAGGCAAT,31
GATAGCTGGGTTGCGG,31
GCAGTAAATTGCCCAT,31
GCTAATTCGGTATACT,31
GGAAGTGTGTCTATAG,31
GTACGATCACAATCAC,31
GTCCCCAACCACTCAA,31
GTCGATGCATTTCACC,31
GTTCAAGACCCGCATA,31
TAAAAGGATTTGTGAT,31
TACAGCATCCATGTTA,31
TACGTCGAGATTGAAG,31
TAGAGGACTCTTAACG,31
TAGGAATTAAAACTGA,31
TCACCAATCAACGTAT,31
TCCCGTTCTTCGATTT,31
TCCTAAGCAAGGGCAT,31
TCTTGGATAAACTGAT,31
TGAACATATGGTCGTA,31
TGGAAATTGCTTTATA,31
TTACGCACCCGGCGAA,31
TTATATGCGATCTGGC,31
TTCGGAATAGTCCAAG,31
TTGTGAACAAAGCTCA,31
AAAACGAGCGTTTCTA,30
AAAACGCAACGAAAGA,30
AAACAATCCGAATTAC,30
AAAGATGACTGGTAAT,30
AAATTCCAATCGTTGC,30
AACCTTATTAGTAAAT,30
AATAAATGCGAAAATA,30
AATGACTGTGAGCTAA,30
ACAAAAGTACCTTTAT,30
ACAAGTGCTCTCTCAA,30
ACAGCGAGACAAAGAA,30
ACCTCCGAAGGGTCGA,30
AGGACTTAGGTTATTT,30
AGTGCACCAGGAAGCA,30
ATAACAACTCAATCAG,30
ATAATGAGGCAATTCG,30
ATGAGTGACTACCGAT,30
ATGGCGATTATGGGGT,30
ATTGGAATTAAGTTTA,30
CAATATGAAGCGAAGG,30
CAATTAAATTAAGAGC,30
CACATAGAGCTCACGC,30
CAGTAAGATTAGTCAC,30
CCAGACTCGAAAAAAA,30
CCCAAACAGGGTTAAA,30
CCGTTCTAAAACATTC,30
CGAAAAACTTCATAAG,30
CGATACAGTTGCACAA,30
CGCCATCGTGGTGGGC,30
CGGAACAAACCCGCAT,30
CGTAAATCAAGATACT,30
CTATCACGGAGTTTGT,30
CTGATTGAGGACAAAT,30
CTGCAGATACCCGTTT,30
CTGGTTGTGCCATTCG,30
CTTAATGAAACCCAAT,30
CTTGGGCCTACCAGAG,30
GAAAACGTAAAGGGAA,30
GACTTATCTGGACTAG,30
GATCCGAGGAATAGAA,30
GCAAGTCAATGACGAG,30
GCTCGACAAGGGTTGA,30
GCTTGAGTTTGAATAA,30
GGGAGATTCGGGACAA,30
GGGAGCCAGACGGGCT,30
GGTAATCGAATTGTAT,30
GTCAAAGAGAATGAAT,30
GTTACAGTTAAGTTAT,30
GTTCATTTTTTAGGCA,30
GTTCGTCCGACGTCAG,30
TAAACTTAAAAGCCAA,30
TAGAAGGACAATTGAG,30
TAGATAGTCCATGTGG,30
TATAACATTCGAATGA,30
TATACACCAATCCAAC,30
TCAAAGTTTGGAAAAA,30
TCCCAATGTTGGTCCG,30
TCCGCTTATAAGAAGA,30
TGACAGTGAAGATTTA,30
TGACCTTTCCTACTGT,30
TGTGAAATCAACCAGG,30
TTAAGCCAGGGCATGA,30
TTCCCGCTCTGCAATA,30
TTCTCGGAATGTCACC,30
AAGGTCAAGATCAGAA,29
ACACACGATAGTAGGA,29
ACAGTACTAGGCACCA,29
ACGCCGACTGCTACCA,29
ACGTGAATTCATTACA,29
ACTTGATTAGTATTAG,29
AGAAGACCGGAGGTGA,29
AGACAGACACATAAAT,29
AGATCGCTGGTATTAG,29
AGGGACAATTACCTAA,29
AGGTCGAACCCGTGAT,29
AGTCCCCGAAGCCGTA,29
ATAATACATATCCAAA,29
ATATAAAGTTTAAACA,29
ATATCTAGTACCTGTA,29
ATCAACTTTGGCCCTA,29
ATGAGAGTAGATTAGC,29
ATTACGATGAAGCACG,29
ATTTCACAAGGATAGA,29
CAACAGAAACGCAATT,29
CACACTTAAACCATGA,29
CCAAACGCATTATTCA,29
CCAAAGAAATTGGAGA,29
CCATCAAGCGCGTAGA,29
CCATTGAACACACGCT,29
CCTAAAAACTCCACAT,29
CCTACACCCAAGAATA,29
CGAAAGGCAAACTCAC,29
CGAACTACACTTGTAA,29
CGATCGACTAACGCCT,29
CTCCGGTCATTATAAA,29
CTTCGGTGCAACATAA,29
GAACGTAATCGTCAAG,29
GAATACTGTAAAGTAA,29
GACGGAACAATGGATA,29
GAGAGGATTCGCTCAA,29
GCCGACACAGTCGCAT,29
GCGCACCATAAACCAT,29
GCGCTGAGAAAGCTGT,29
GCTTCTGGTTACAAAA,29
GGAAAGCCCACATGAC,29
GGACCTCATGGCATAG,29
GGCATTCGGAGTCACA,29
GGCTCCTCTAACTGTT,29
GGGATCAAACAGGGAG,29
GGGGCCCTATAGGGAA,29
GGTGCCCGAAAATTAG,29
GTAATCAACTAGGAGG,29
GTACTTCTGCACATCA,29
GTTAAGGGTAGACGAA,29
GTTTCCCACACAAGAT,29
TAAATCGGGTTATAAT,29
TAAGAAAACACCATGG,29
TATTTGTGATAGGCCA,29
TCAGTCTCAAAGACCT,29
TCATCTCCCAAGGATT,29
TCTAGTATTTCAGAAA,29
TGAACTCAAGAATAAA,29
TGAATCCTGAGGACCA,29
TGAATGAGGGCACGGT,29
TGAGCAGGTTAGCCGA,29
TGCCTAAGTGAACAGA,29
TGGAGGAATGTCTCGT,29
TGGTATTGACACAGTG,29
TTACACGAAACATAAT,29
TTATGTCCTGACCAAG,29
TTGGTAGTTACACGTA,29
TTTATCCGCAGGTTTT,29
TTTGTAAGGGATGCCA,29
TTTTGACGTGTTAGTA,29
AAAAGCCGTCGACTTG,28
AAATGATGGAAATACT,28
AACCAACTAAAGTTCA,28
AAGCTAATTGTTAACA,28
AATGCCAAGACACAGA,28
AATGGGGCGGATTCCA,28
ACACTGAAAAATGGAA,28
ACATAGAGATCGGGAA,28
ACATATTCTCGAACCA,28
ACGAGACATAAGATCA,28
ACGATGCCCAACAAAT,28
ACGTAAAAATAGGATA,28
ACTCCGGGAAATCAGA,28
AGAGAACGGTATCAAC,28
AGAGGAGGGCCTGCAA,28
AGAGGGTTGCAATCTT,28
AGAGTCCGAACCTAAT,28
AGATCGTGCCTATTGT,28
AGCGACCCTAATTCAG,28
AGGCCTAGCCTATTAT,28
AGGTATGATGGCCTCA,28
AGTTGTAGTAAGACAT,28
ATACAAACTTACACCA,28
ATCGCCACAAATGACA,28
ATGGAAGTGCACGCGT,28
ATGGGCAGTAATGATT,28
ATTCCGACTTTCTGGA,28
ATTCTCTTGAGAGACT,28
ATTGATCGTAAAGCAA,28
ATTTGATTCCAGATGA,28
CAAAAGGGAGAACCAA,28
CAAGCAGCTGGAATTG,28
CAAGGGACAAGTAAAT,28
CAAGGGTAACGTGTGG,28
CAATGTAAGGTGGTAC,28
CAATTTGTATTCAAAA,28
CACAAACCTCCCAGAA,28
CACACCTGTTCCTTTA,28
CACCGAACTCCAGCAA,28
CAGTTAATATGTCAAA,28
CATACATTTTCTCAAC,28
CATCACATGACGGTTC,28
CCACAAATGTAGACAA,28
CCGGTACTATTAATCT,28
CGAGAGCTGAGTTTGA,28
CGGATAATCAAGGCCA,28
CGTAGGAGAAAAATAA,28
CGTTGAATATAACAAT,28
CTCGGCGGTAATACAG,28
CTGATAGATATTGGAG,28
GAACTAGTAGCCTGAA,28
GACAGGTTGGGACAAT,28
GACCGAAGCGTGCTAT,28
GACCGCGTTCAATTAG,28
GACGCAACGTACTGAC,28
GATGAGTGATAGAAGT,28
GATTGAATGAAATTGT,28
GCATTCACAAGGCTTA,28
GCTGCCAGGCAATCAA,28
GGGTTGGACATAGTAA,28
GGTCACCGTCCAGTCT,28
GTATATCATTGTTACC,28
GTTCGGGTATGAAGGA,28
TAAACATAGTTGACAA,28
TAACAATCATGATATA,28
TAACTTCATCAATCAG,28
TAAGTTTTTGGTAGAT,28
TACATTGCCAGGTATC,28
TACTTCAGCACCTAAA,28
TACTTCATCCCAGCAG,28
TATACTGTGGCCTCTT,28
TATAGCAGTGTGCCTA,28
TATATCATTACAGGAT,28
TCAGACCCCTGGCGAC,28
TCATGTTTGAGGAACC,28
TCGTTATTGCCACTAG,28
TCTTTTCATTATACGG,28
TGCACAGCAATAATTA,28
TTAACAAACCACTTGT,28
TTACGCGCCAATTGAA,28
TTAGGAATTTTGGATA,28
TTTAGAACGTGCATGA,28
TTTATATTGGACGGAA,28
AAATCAAGGTCCGGGG,27
AAATGGTGCATTGTCA,27
AACAGGGGTGAAAAGG,27
AACCGAACAAATAAAA,27
AACTATCAAAGCTAAG,27
AAGCTTGATGACAAAA,27
AATCTAGCCGGGAGAT,27
AATGCGAAGAACGCTG,27
AATTCCGTATCGGTGG,27
ACAAACGGCATCATAG,27
ACCATAGTACTTCTAA,27
ACCCAATTAAGCCTCC,27
ACGGCGGATTACCAAT,27
AGAGGAATGAAAGATA,27
AGATATACCGCAACAA,27
AGATTTGTTGACATAG,27
AGCGAGTTTATTAGGG,27
AGCGGGCTTATCGAGG,27
AGGTTTACTATGCCCA,27
AGTACGCAGTTACCCA,27
AGTTCTGCATAATAGA,27
AGTTTCAAATGCCTAG,27
ATAAAGCTTAAGGGTA,27
ATACATCAACATATCA,27
ATACCCTTGAAGAGGA,27
ATACCTTCTCCCTCGT,27
ATAGAGTACGAAGATT,27
ATATGTGTCGTCTTTA,27
ATCGGAGACTATAGAA,27
ATCTTAAGTCCATAAA,27
CAATCTAATATAACTA,27
CCGGGACACCCTCCGC,27
CCTAAGTTAAATTGTA,27
CCTCACTGATGTTTTC,27
CGACCCAGTAAGGTGG,27
CGAGGACTAGCATTTG,27
CGAGTACCGAAGCATA,27
CGCAGGAAAGGCGCAG,27
CGTAAAGGGGTTAGGA,27
CGTAATGTGAGTTAGA,27
CGTGCGGGAAGCCCAA,27
CGTTGATAAAGAGCGG,27
CTCTGTGAAGTTACGA,27
CTGCCAGTTGTGTGAA,27
CTGGATACAGGATTGA,27
CTTGACCAATATATTC,27
CTTTACGAGACAAACG,27
GAAATCACTATTAATG,27
GAATCAGAACCAATCA,27
GAATGCAGAGGAATTA,27
GAATGGTCTTTCGCGA,27
GACCCTTTGGTAATAA,27
GATACTAAAGCTACAT,27
GATCAAATTCGAGAAA,27
GCCAGGGCTATGTCAA,27
GCCGCAGATTAACAAG,27
GCGACATAAGCGAAAT,27
GCGTAAGTACCTTAGT,27
GGCTACCTAACTCCAG,27
GGCTTGTTAGTGCTAT,27
GGGGGTAGTATAGGTC,27
GGGTATCTATCGATGT,27
GTCGGCAAGCATTCAA,27
GTGCGATAGAAAATCA,27
TAAAGTAATAGTCTAC,27
TAATGCCGAAAGTAAT,27
TACGCCCTTTTCGTAC,27
TAGCACCGGTGTGCAA,27
TATGGACGAAAATCGA,27
TATGTAAGCGGTACAG,27
TCCTGCAGTAATTAAG,27
TCGGTCTCTTCTAAAG,27
TCTGAGAATCATACAT,27
TGCGTGGCTAGCATAT,27
TGTTAGACAGATGAAA,27
TTATTCTATCTAACAT,27
TTCTATCAATCGGCTT,27
TTGATTGACTATGGTA,27
AAAAAGGATGGATTAG,26
AAACTCAATCACCCGG,26
AAAGAGGACAAATGTA,26
AAAGCCTAGAATAGGA,26
AACAGTACAGAAATAT,26
AAGGTGCCACTGTGCT,26
AAGGTTCAATACACCA,26
AATCAATCTGACGAAA,26
ACCACCTGGGAGAGGA,26
ACCACGGCAACATGAG,26
ACTGGGATGTTTAGTA,26
AGCAAAATAGCCAAGT,26
AGCATAACTAACTGGG,26
AGTACCTGGCAGCAAG,26
ATAACAAACTCTTGTA,26
ATAGGACTTACTCACC,26
ATCACAGCACGCCATA,26
CAAAAGATACATCCGT,26
CAAACTTTCAAAATAA,26
CAAATCTCAAATTGGG,26
CAAATGATAAACATTA,26
CAACTCGGTCGGGATA,26
CAAGCCTGTGCCACAA,26
CAAGTTATAGTCACTA,26
CACAGAAGTTAATTTA,26
CACGTATCTTAAAGAG,26
CCACATACCGCGTACA,26
CCTCACCACATGTAAT,26
CGAAATGAAAGTTTAG,26
CGAAGTAAATACACGG,26
CGAGTGCGAAAAAAGA,26
CGCGCTTCAGGAGATA,26
CGTACGTGAGTTCTGA,26
CTAATGGACAGCGATA,26
CTACACATGTAGAAAG,26
CTAGGAATCACCACGA,26
CTCCACTGAAAAAATT,26
CTCTACGGGAAACGTA,26
CTCTAGAAATAACCAT,26
CTGAAGACATTATAAT,26
GAAAACTCTAAGAGAA,26
GACAAGCATGACGGTC,26
GACCGCGCTTGAACAA,26
GACGTCCGACACTTCA,26
GAGAAAGCGATATTGA,26
GATCCAGCTATACAAA,26
GATTATTTCAAGGAAT,26
GCAGAACAAAAAAGAT,26
GCAGCATCAGAAATAT,26
GCCGAGGACTGTGTAG,26
GGCAGGCGGACATGAA,26
GGGCAACTGGTGCAGG,26
GTAAGGTGACACTTTA,26
GTATGAATAGAATTTA,26
GTCCGGAGGATTTTAA,26
GTCGATGTCTACACAT,26
GTGCAGTCGGTGGCAT,26
GTGGTTTGTGTGATAA,26
GTGTGCTGATTATCGA,26
GTTATTAATACAGTGA,26
GTTCATAGAGCAAACA,26
TAGATCAAATTAGTGG,26
TAGCGCTAGTAATTTA,26
TAGTCTCGGCCGCCTT,26
TCACTGAAGTGAGCAA,26
TCCATAAGGTAAAATG,26
TCGCTAATCGAAGAAG,26
TCGGCCAGGGACTGAC,26
TCTCTAGACACTATCA,26
TGACGAAACTGATATT,26
TGAGAAGAATGAAAAA,26
TGATACGGAGAAAAAT,26
TGCCTGATAAGTATTG,26
TGGAATAACGACTAGT,26
TTATACGAAGTACAGA,26
TTCAATAGATCATTAA,26
TTTTATTCAGTCTAGT,26
AAAACTGCTTTCCAGG,25
AAACAATACGCACTTT,25
AACAATACGCGTTAAC,25
AACGTGAAATTTCCCT,25
AAGACCTTAGCCAAAG,25
AAGCGCATTAACCAAT,25
AATACTGCAGCGTGTT,25
ACACGGGGCGATCTTA,25
ACCGGAACTCTTGGTT,25
ACGGAGTGATGCCTAT,25
ACTGTGAGAACCGCGG,25
AGAGAAACCAGAATTA,25
AGCGACATCAAAATTG,25
AGTATAAATAAATGAG,25
AGTGATGAAATATTCA,25
AGTGTGAGGTTAAAGA,25
ATATAGTCTGCGGCAA,25
ATGAGATAGGCATCAC,25
ATTAATGCCTATCGAT,25
CAAAACGAGGCAAGAA,25
CACCTAAGAACGTAGC,25
CACTATTAACGAGAAA,25
CAGGTTATAAAGACCT,25
CATGTTAATAACTCGA,25
CGAACAGTTTTGTTAT,25
CGAAGCTTGTTATATA,25
CGCCTACCTGGAGGCC,25
CGTAGAAGACAAGGAA,25
CTATGCAGTAGTAGGT,25
CTGCTTATCTAAAACA,25
CTGGGGTTAACTTTAG,25
CTTAGTAGCACAGCAC,25
CTTGGTAAAGAGCTAA,25
CTTTAAAAGCATCAGT,25
GAACTATAACAATCAA,25
GACAACGGATGTTTCG,25
GACACCAAGTTTACGA,25
GCAATCTTAATCAGTT,25
GCAGTAAGAAAACACA,25
GCCGCTGCGAGCTCCA,25
GCTGCGTTCACCATAT,25
GCTTAAAAATACAAAT,25
GGATAATGATTATGAA,25
GGCAAACCTGGCATTA,25
GGTTTGAACCGCCTTA,25
GTAGAACATAACTAAT,25
GTGACAAGCGAAGCTA,25
GTGCTTTAGGTAGACT,25
GTGGGAATAATCGAAT,25
GTGTGGCAAAAAATCA,25
GTTCAACCCAGATGAC,25
TAAGAACGGAGCAGGT,25
TAAGTCAATAAATTTA,25
TAATTGCTTAAAATTT,25
TACGTGCATGAAAAAA,25
TAGTTAATGTCTGAAA,25
TATTCGACTTTCATAA,25
TCCCCGCGCCATTCAA,25
TCGGGCCTAAAAAAAA,25
TGAAAAAAATCGGTCA,25
TGATTTACCACGGGTA,25
TGCATAAGCGTATTAA,25
TGTAGCAAGCTGATGG,25
TGTATCAACTCACAAA,25
TTAACCAAATGTGGAA,25
TTAGTGTCAGATACGA,25
TTCAGGTTTTTAAGAG,25
TTGGAGGCCCGGATTG,25
TTGTGTACGTAAAGAA,25
TTTACACATAACCCAT,25
AAAAACATGATTGTAG,24
AACAGTCAATCTTCAT,24
AACGTTTACATGAGAA,24
AAGACTCGTTGTAGGG,24
AAGCCTATCATGTGTA,24
AAGCTGAAACATCATG,24
AATAATCTTATAACTA,24
AATAGGAAGTTACACT,24
AATCCCAATAACCAGA,24
ACAACTACACCATTCA,24
ACAATAGAGTGACACT,24
ACAGAGTACAAGTTGA,24
ACGAAGCGAAATCATT,24
ACGTTTCGATAGCAAA,24
ACTCCATTGCTGTTAA,24
ACTTCGTGTAGTACAG,24
AGAATTATTATACGAA,24
AGGATAACAGATGAAC,24
AGTTGACTCCAGTAAA,24
ATAGTAAAATGGTAGT,24
ATGAATCTTGGATAGT,24
ATGACATTTGGGGAAA,24
ATGTGCAGAACAATTT,24
ATTAATTTCAACTGAA,24
ATTAGATTTGGTTATT,24
CAACGCTACATATGTA,24
CAATACCGATAGTGGC,24
CACGTGGCTGCTTCGG,24
CATACTAAAGCGCCAT,24
CCCCCCGACCGCTCCC,24
CCGAACCAGGGGCGCT,24
CCGAGGGCTTCGTCGT,24
CCGTGATGATCTTTAT,24
CGAAAGCGTCCTCCCT,24
CGACATAAACTGGCTA,24
CGACATACAATGCTTA,24
CGACTGCACTAAAACA,24
CGAGACCGCAAACCAG,24
CGTGGACCTTTAGTTT,24
CTATGAGACACGAGAT,24
CTCACTACCAGACTAT,24
CTGGAAACTCAGAAAA,24
CTTACGCTTAACCAAT,24
CTTACTCCTCTATGGA,24
GACCAAATTGTATTAG,24
GAGCGCGGGACAAAGA,24
GATCGTATGAGCACAC,24
GCACCGCGCTAGGATA,24
GCATAATATACGGAGT,24
GCGCTTTCAGAGATGA,24
GGAGTTAAAGGTGGTC,24
GGGGCTTACAGATGAG,24
GGGTGTAGTTAAACAA,24
GGTAATTAGAACGGGT,24
GTAAACTTTAGGACGA,24
GTAGATGGCTGTTAGA,24
GTGGGACCAAGGATCT,24
GTTGTGGTTCTGAGAT,24
TAACACTCTCCTGGGA,24
TAACCAACAGTTGTGT,24
TACAAGACACTCTGAT,24
TATACCCGGCGCTAGC,24
TATGAAATCTAAAATA,24
TATGGGGAAGTTTAAC,24
TCTATATCGAGATCAA,24
TCTATGCGTGAATCCA,24
TCTGCATTGGGAAGCA,24
TCTTAAAGGTCAACTA,24
TCTTGACACCTGGCGA,24
TGAGAAACTTAGAGAA,24
TGAGGTTGAGCTGAGA,24
TGCGAAACCTCAAACG,24
TGTCTAAAATAAATGG,24
TGTGTTTAAAAACTGA,24
TTAACTGACGGCAAAC,24
TTCAGAGACCATGCAA,24
TTCCATACAGAGGTAA,24
TTCCTGCCGAATATAC,24
TTTCGATTTAGGATAC,24
AACCCGGGCGGGAAGG,23
AACCGACTTAGTGCAG,23
AACGGTCACGATCCGA,23
AACTTATTTGTGTAGT,23
AAGAGAAATTGGCAGA,23
AAGTGAGGTCACAGGG,23
AATCGGAACAACTGTT,23
ACATCGTTGCGGAGAG,23
ACTAAAACTTCGGCAA,23
AGATGATTCAGAGGGA,23
AGTCACCAAGCTTCTA,23
ATAAGAAGGTTGTATA,23
ATAATCACCAATGGGG,23
ATATACCCCTCTGAAA,23
ATGAACTCCATCTACT,23
ATTAAGCCAGTGGCAG,23
CAATCCGAGCAATTTG,23
CAATGCGGTAACCAAT,23
CCGTGATAATTGGAGA,23
CGAGGGATGCGTGGGG,23
CGCTACCCGACCCTAT,23
CTATTCCTCTTTACAT,23
CTGCTACATCAATTAA,23
GAAAGAGTACCGTGAT,23
GAAAGAGTTGCATTAG,23
GAATCCCGCCAGATAG,23
GAATTGCCCTTCGATA,23
GACACTAAACGTCTAC,23
GACGCGCTCCCCGGAA,23
GCAGTAGGAGAGCGAA,23
GCTATACTGTTATATA,23
GCTGAGTACCAATATG,23
GGCCATTGTCTGTAAA,23
GGGACAATTGAGTCAT,23
GGTATGGATATCTACC,23
GTACAGCCCACAAAGA,23
GTATATAATTAATTGA,23
GTCCCTGGCGGCAAAG,23
GTGCAATGCGTACGTT,23
GTGCGGAGAACTCGCA,23
TAACCTGACCTTTCAT,23
TAACTCGGGCAACGAC,23
TAAGAGTAAAGGAATA,23
TAATGTGCAGCGAAGT,23
TATCCAACATGCCTGA,23
TATTCTTCTGACGGCT,23
TGAAACAATAGGGGAT,23
TGACCCGCATATCAGT,23
TGCTGGGAACGTGTAA,23
TGGTGTTTTACGTTGG,23
TGTAAGGACGTCTGGC,23
TGTCAATGGACGCGAA,23
TTATCAAGGCCAAGAA,23
TTCACGCACAACATAT,23
TTCCAGTGCATGTTAC,23
TTCGGGCCATAATAGC,23
TTGATGTAACTCCCAA,23
TTGCAGCAAAGCGGAA,23
TTGTAATGCCTTAGTA,23
TTGTAATTTGCATTAA,23
AAAAATATAATTGAAG,22
AAAACTTGAGAAGACA,22
AAACAATTATAAAAGA,22
AAATACTCGACAAGGG,22
AAATCTTAAACATTGT,22
AAATGGGTAAAAAAAT,22
AAATTGTTATCCTTAT,22
AACAGGCATTCTTGAC,22
AACAGTGAGGCATTGG,22
AACCAAGGGATGCCTA,22
AACCCGGAAATAATTA,22
AACTACACCTAAGAAT,22
AAGATTCGGACTTACA,22
AAGTACCTGTCAAGGA,22
AATATCTATTACAAAC,22
ACACATTCGTGCATTA,22
ACGATTTAATGAAAGG,22
ACGTCAAACCTGGACA,22
ACTAAATGACAATAGG,22
ACTGACGAGTACACCG,22
AGGAGGATATTGTGAA,22
AGTAATGCGATTAGGT,22
ATAAATGGATCAATGC,22
ATAACATCGTACGTGA,22
ATACCTGACCAACAGA,22
ATATCATGACCGTGGA,22
ATGTAAAACTCAGGGT,22
ATTAAAATGGAATGAA,22
ATTGGATACGAGAGAA,22
ATTTTCGTACAAAAAA,22
CAAACGAAAGACAGAT,22
CAAATCGTACTCAGAA,22
CAATAATAATTCAGGC,22
CACGAACTACCCGGAC,22
CCGACAAGTTAAGTAA,22
CCGCAACTTCATGAGG,22
CCTAGAAACTTCTTTT,22
CCTGGGAAAAGGCCAA,22
CGAAGTTGTTTATAAC,22
CGCTCGGTAGCGATTT,22
CGGTCACGGGGGGACT,22
CTCTAGTGGCTTTCTA,22
CTGGAAAATTAGTGCA,22
GAAACAAACCGACCAC,22
GAAACTTGGCGACAAA,22
GAAGGACTGATTCCGA,22
GACTAATGAATAACCA,22
GCAAATAGTACGCCTA,22
GCAGTACTCACGTAAG,22
GCTACCATAAAGCTTA,22
GGGACCTGATAGGTTA,22
GGGCACTGCAACTTGG,22
GGTATCGACCTTGAGG,22
GTAAACATGGCACAGG,22
GTCATATCCGTGGGGA,22
GTCGAAACGCGGCTTT,22
TAAAACCCACGCAGTG,22
TAACCCAGTAAATATA,22
TAACGAACTTGTACAG,22
TAACTACTGACGATAT,22
TAAGACTGAAGCTGAG,22
TAAGGGGGTAATGTAT,22
TAAGTGATGCGCGAAT,22
TAATCCAATAAACAAT,22
TAATGGTCATACGACC,22
TACAATTGCGACCCCA,22
TACGTTCCATTTGAGG,22
TAGAGGAGCATTGTCC,22
TAGTTCGTTTTATCAC,22
TAGTTGAGGGTAAGGT,22
TATCCCCAGGCGAAAA,22
TATGCAAAAGGCCAGA,22
TCACTTGCGTACCTAG,22
TCGAGCCAACTATTGT,22
TCTAGAATGGTATCGC,22
TGCGGATGGCGGATAT,22
TGGAAGTATACATTTG,22
TGTCTAATATAGTAAG,22
TGTGGAGCCCCGGAGA,22
TTAACACAAATTATAG,22
TTAAGAGCAGAGTTAT,22
TTACGAAAGCATATCG,22
TTAGAGGTACAGCTGA,22
TTAGTTCAGTAGTAAT,22
TTGTGACGGCCGGGGT,22
TTTTTTGAAGACAATG,22
AAAAACTACCGGGAAA,21
AAAAGACAACAAATAC,21
AAAATGAGAATTGCAC,21
AAAATGTGAAACACTA,21
AAACCAAGACCGTATA,21
AAATAAAAGTTGGCAC,21
AACATCAGTGCTCTGA,21
AACTCAAACTCTGAAC,21
AAGAACATAATAACAA,21
AAGGGAGGTAATGTCA,21
AAGGTAAACGGAAAAC,21
AATTATTAATAGTGAG,21
AATTTGGGAGCATATA,21
ACCTGCGCCAAAAGAA,21
ACTTTAAGAACTCAGG,21
AGACAAGCTGGTACAT,21
AGACACGAGTCTTAGG,21
AGACAGTTATGGCAAG,21
AGATATTCGCTGGGAC,21
AGATCCCGGGTTTGGT,21
AGCCTAGAACAAGAGC,21
AGGATTCTTAGGCCAG,21
AGGCATGTGTCTACCT,21
AGGCCGAAAGATGAAG,21
AGGCCTATATGGATAA,21
AGGCTATAAAAATTGA,21
AGGGCACTAAACATGT,21
AGTCGAGTTTAATTCA,21
ATAATATAAGATGAAA,21
ATACCCCACGAATAGC,21
ATAGTAGACCCTCTTA,21
ATCAACAAGGAATCTA,21
ATCATAAGAAATACGA,21
ATCTATATTGCAATGA,21
ATTAACAAACAGGCTA,21
ATTCTTAACCGGTGTA,21
ATTTAGTATTGAACTA,21
ATTTGTAACACATCCA,21
CAATAAATTCTATTAA,21
CACTGCATCGAAGCTA,21
CACTGCGTACTCGCCA,21
CAGATAGATGACCAAG,21
CAGGTTCACACATGGA,21
CCATATATGAGTCTAA,21
CCGACTTTAATCGAGT,21
CGATCCAGTTTGTTGG,21
CGATTGCATTAATGAC,21
CGGCAGGCAAATTAAA,21
CGGTACGCTTGGATGA,21
CGTGATATGACCGATA,21
CTACAATATTTATTGT,21
CTTGGGGACCAAGTAA,21
GAAAATGTATGACTTG,21
GAACACGCAAGCTCGG,21
GAACAGCTCAATCGTA,21
GAACTACCAAAGCTAC,21
GACGTAATTGATGAAT,21
GAGCAGGACCACTCAC,21
GAGGCGGACGCGGATT,21
GAGGGAGGAAGCTTTT,21
GATAACGCACAGGTAT,21
GCCCAGGATCGCCGGG,21
GGAACAACTAGTAAAA,21
GGAGTGAAAACACTAA,21
GGCAAATCTAATGAAC,21
GGCTAGTAACACCTCA,21
GGCTTTCTTGAAGTAT,21
GTACAAGTAAACGAGT,21
GTACCGCTTTGAGCAC,21
GTAGACAAGACAAGGG,21
GTAGACCGAAGAAACG,21
GTCCTAGAGCGAGTAA,21
TAAACCTGGGGGTGAA,21
TAAACGAAATCCTCGG,21
TAACGGGTCAACTGGT,21
TAATTTACATGCATCG,21
TAGACTATACAGATAA,21
TAGGCATTACTATCCT,21
TATAACTAGTACCGTA,21
TATAGAAGACAAGTCG,21
TCAAGATAGTGCGAAC,21
TCAAGCAAATTGACTA,21
TCGCCACAAGCTAAAA,21
TCTCGAACTTTCCAAT,21
TGAAACCGCCTGCCAC,21
TGACATCTCTAAATGA,21
TGAGTGATGTGTAGAA,21
TGCGTATAGGTTCTAA,21
TGGCTTCTTATTAAGA,21
TTCACCTCGATCACAA,21
TTTGATCAAGGCGGGA,21
AAAACCTTCGCATTGT,20
AAAACTTTTACTTAAG,20
AAAATAAATCGAGATA,20
AAAATGCGAATGCCAT,20
AAAGTATAATAGGGAT,20
AACCCTTTGGACTACC,20
AACCGAAACACCACAG,20
AACGAGTAGGCATAGA,20
AACGTAAAGAAACAAG,20
AAGAAAATCTACAAAC,20
AAGACACTATGAAGGG,20
AATAGGAGTCGAGATA,20
AATATAGTGCAACAAT,20
AATTTTCAAACACGGA,20
ACAACGTTAGTAGTAA,20
ACAAGACCTACTTCAG,20
ACAGTCATTCGATTGA,20
ACTACCGTGGGACTAA,20
AGACCATGACAAAGGG,20
AGAGCAACACCTAAAG,20
AGAGGAAACTATTAGT,20
AGATAACCGCTCCAAG,20
AGCGAGGGGATAGTAG,20
AGGCGACACCATCCAT,20
AGTAAGAAAAGTGCCA,20
ATACAACTCAAGTACT,20
ATACGATTAAATAAGT,20
ATATTATACGCAGGGA,20
ATCTACCGTTGCGCAA,20
ATGGAACTAACTCAGT,20
ATTCAGCTGATGGATC,20
ATTCATAGAAAAATAG,20
CAAACCATGAACCCTA,20
CAACAGAAGGAGTTAG,20
CAAGGCCGGAACATAA,20
CAATTATATCAATAAA,20
CACACAGGGAGGTAAC,20
CAGACCAATCTGATAC,20
CATAACAAATACTTGA,20
CATCTAAATATTGATG,20
CCAGTACATATCAATT,20
CCATTGATGGATACAA,20
CCCGCGTAATATACGA,20
CCGAAAGGAATAAACA,20
CCGATAACTACATTCA,20
CCTTACATAAACTTCA,20
CGAAATGCGCGTTTCA,20
CGGACAATGCAATGTG,20
CTAGAAAAAATTAAAA,20
CTATGATCCGAGATTA,20
CTATTTGCCAAAGGAC,20
CTCCGCGAACACCAAA,20
CTGAGAAAATAAAAAT,20
CTTAAGTGAAATACGA,20
GAAATAAGATATTAAT,20
GAAGAGGGTCCGGTGT,20
GAAGTCTTATATGAAT,20
GAATACCGAATTATGG,20
GAATATTGGATCACGT,20
GACCGAGAAATTCTCA,20
GATACCTACGAGGAGT,20
GCACGAATAGAGATGT,20
GCATAGAGAAGAGGTT,20
GCTAAATGAGAAGGGA,20
GGATTGCCTGGAACCA,20
GGGCGAGCAAGAAAGC,20
GGGGATAATGCATCTT,20
GGTAGCTAGGACCAGA,20
GTCCCAAACATGAATT,20
GTTAATTTTATCCCTC,20
TAAACCACGGATTAGT,20
TAAGTGACCTGAAGAT,20
TAATACGTGTTATACG,20
TACCATAAAACGATTG,20
TAGGAGATGACCGCCA,20
TATAATCAGCCTTAGC,20
TATACAGCCACACAAT,20
TATATCACCATTCATA,20
TATTCATACATGCATT,20
TCAAAAGGCAAGCTAC,20
TCGATAGAAACGATCA,20
TGATTCAGACTATGGT,20
TGGATACAATAGTGGG,20
TTAAAGTGTGCGATAA,20
TTACTCCAAACACCCA,20
TTCAAACAGGCAAAAT,20
TTCAATATGGATACCT,20
TTGAATTCTGGTCATG,20
TTGCTAAGGCCATTTG,20
TTTAATCGGATTGATA,20
AAAAATGATAATGATA,19
AAACATTGCTAGATGT,19
AAACTAGACCTGAAGA,19
AAACTTGGCTACTCAG,19
AAAGCAGCTAGATCGC,19
AACAGTCTGCAAACTA,19
AACGACATAACTGAAA,19
AACGACGATACTTCTT,19
AAGATAGATCTCGATA,19
AAGCTGCAGTAGCCGA,19
AATAAATACGCACTAT,19
AATATGAAACGCGTGG,19
ACATGTTTACCTTAGA,19
ACCCTTCCAAACGTTA,19
ACCGTTACAGATGGAA,19
ACCTACCACAATGATA,19
ACGCCTTACGACTGTC,19
ACGCTAAAATTTATGT,19
AGCTAAGGACGGACAT,19
AGCTTGTTGACGCTGT,19
AGGATTAGGTAGGCGA,19
AGGGCAAGTACGGCAA,19
AGGGGAGACAAGTAAT,19
AGTACGGATCCCACCT,19
AGTTTGCCAGGCATAG,19
ATAACTAACATGGCGT,19
ATCTTTGTCGATCCAG,19
ATTGAAAAGGCGCACA,19
ATTGCACCCAACAAAG,19
CAACATGAATAGGGGT,19
CAAGCACAGCTAATGA,19
CAATGGGACTAATTTA,19
CACACTAAGGATGATA,19
CACTTGACAGAGGGAA,19
CAGCGCTTGTCAGCCG,19
CATCGGCCCCTGCCAC,19
CATGAGGTAAACTAAA,19
CCATCGGGCTCGATCA,19
CCCAAAACTGGTATTG,19
CCCGTCCCGACAAAAA,19
CCGGGCCGAGGGAAGT,19
CCTAATTTGTTGGTCT,19
CCTGGAAGTTGCCTCT,19
CGAAAAACAGAAGTGG,19
CGACAGGAATTAACGA,19
CGAGAGATGAAGAAAT,19
CGAGGGGGAAATAAGG,19
CGTAGCGATAGAACTA,19
CGTGGCACGTAAGATA,19
CTAAGTTGAGCACCCT,19
CTACAAAGAGTAAAGA,19
CTATTACCAACCTACT,19
CTCTCGGGTAGACCGT,19
CTCTGAACTATAACGA,19
CTGGCCCGCGGGAAGC,19
CTGTGACCATATATGA,19
GAAAAGGATCAGAGTG,19
GAAAGGCAAAACATGA,19
GAACTACTGTACCTAA,19
GAAGCATGTATTAAAA,19
GAGTAACAGAAAGTAC,19
GCAAAGAGGAGGACGA,19
GCCGTTCAATCTACAG,19
GCCTTTATAGGCGTCA,19
GGAAACATTTAGTAGG,19
GGAGTTGGGCGTCATA,19
GGATTTAAAACACAAG,19
GGCCAGACTGCTAAAG,19
GGTGCCTATTGGTATA,19
GTAAAAGATCGGAAAT,19
GTAAGACACACAGACA,19
GTACCCCCTATATAAA,19
GTATCAGTCTCCTTGG,19
GTCGAGAAACCGCAAA,19
GTTTACATAAAAGTAA,19
TAATGTAGGTGTTATA,19
TAATTAATGCGCTTGA,19
TATCTTGAGAATTGAA,19
TATGGGAAACCCAATT,19
TATTTGAAGGTGCTAG,19
TCCACATCGATAGAGA,19
TCCTCAATAAGGCAAA,19
TGATGCACCCCCATCG,19
TGGATCTGGCGGAGGA,19
TGGTAGAGCCCACCAT,19
TGTGGACTGTTCCTTA,19
TGTTCGAATTTGTAAA,19
TTAATCATGGTACCCA,19
TTACTTTATCAGGCAC,19
TTGAGCTTCCAGATAA,19
TTGTAATTATAAAACG,19
TTTCAAACAGATCCAA,19
AAAAAGTCACAACCTA,18
AAAACCAAACCGATAA,18
AAACACACCCAGCTTA,18
AAATGAGAAAAAGTGA,18
AAGGAAATGAGAAAAA,18
AAGTACCGTGAGGATG,18
AAGTCAAAGCGTAAGG,18
AATAAAATAAAAGAAG,18
AATGAAGTGTAACCAG,18
ACAAATCATCGATGCT,18
ACAACACAAACCCGGG,18
ACATACTTCCAGGGAG,18
ACCCGCAACGGTGTAA,18
ACGCAATGAACTAACT,18
ACTATAGAAAGATAAA,18
AGAGGACTACCCCATA,18
AGATACGGCCAATGCT,18
AGCATAATGATTTGTA,18
AGCATCCGGTCCTTGT,18
AGCGAAAGGTCGCATA,18
AGGTCTCAGGCATGTT,18
AGTACCATAGATAAGT,18
AGTATTGTGATTCAAA,18
AGTCTGCTCTGCTTTC,18
AGTTAAAAGAAAGTAA,18
ATACATCGAGAGCCGG,18
ATATGTGTGACGTTTT,18
ATCGGCAGGTGACATC,18
ATGATTGCTTAATATT,18
ATTTGAAATGGTAAGA,18
ATTTGTGGAGAGGTGC,18
CAACCCGGCCAAGGGG,18
CAATACTGTTCTTATA,18
CACACAGAATAAGATT,18
CACGAATATACGGGTA,18
CAGGCCAAAACCAAGT,18
CATAGGGATTAAAATG,18
CCATTTGATTACCCCA,18
CCCTATAAAAGTGTTA,18
CCGAGCCTGTAGAAAT,18
CGAAACTTACGTACTA,18
CGACGTATACGATCAA,18
CGCGATACAAAGCCCT,18
CGGAACGATACATTGA,18
CGGCCCAAAAAGTTCA,18
CTAAGGTAGTGCTGAT,18
CTACAGATCATATGAA,18
CTAGTGTGCCCGACGA,18
CTCCAAACCTACAATA,18
CTCCGGCCGCGAAGAT,18
CTCGGCAGGGTATATT,18
CTCTTGAAATCATGAT,18
CTGTCGCCTGCAATAA,18
CTTCAGACGTGGAAGT,18
CTTGTGCACAATGAAG,18
CTTGTGGATTAACAAA,18
CTTTACACATTACCAT,18
GAATGACAATACCGAA,18
GACATTTTAGTGCGGA,18
GACTGATCACGAACAC,18
GAGAGACAATGATAAA,18
GAGTCAAATCTGGGGA,18
GATAAAATCGGTTACC,18
GATAAATTCATATTGA,18
GATCATTCTGGACCAG,18
GCACATAATCGGCAAT,18
GCCATCGAATTAATTA,18
GCGCGGGAAACCAACG,18
GCGGGATACCAGTTAA,18
GCTTAAGCCGCAATGA,18
GGAAGCAGCCTGACGA,18
GGAATTCCGATACCGG,18
GGCATCCTAAATGCAA,18
GGCATTCATACAGTGG,18
GGCTGAAGTTACACGA,18
GGTCGCACAATAAGCA,18
GGTTACAGACGGTGGG,18
GTACGATTCGATAGGT,18
GTAGAGAGGCAATCAG,18
GTAGAGGCGAGATAGT,18
GTGTTAAACTACTAAG,18
GTTTACGGTCCAGGCG,18
TAAACGGTACACGAGA,18
TAACAATAGAGCCACA,18
TAACAATTTTTAGGCA,18
TAACCGTAAACCCAAA,18
TAACGTGTGGCCAAAT,18
TAAGACGGGTTTTAGG,18
TACACGAGCCGATTGA,18
TACATTGTCGGAATAA,18
TACCTGAGTGTGATAC,18
TACTAAGTGATATTAC,18
TAGACGGGCGCGAGCA,18
TAGGACGATTTAAGCA,18
TATAGGCAGATGGCGA,18
TATGTGGGTTTAGACC,18
TATTGAAGGGCATAGC,18
TCAACGCCTTTTTTTA,18
TCCCACAAGTGTGCAA,18
TCCGGGTTCCAGTTAG,18
TCCTAAAGGTAGCCGC,18
TCGCTAAACATCCGAA,18
TCTGCTAGCTAACCAC,18
TGAAGTTTTTAAGTTT,18
TGAATTTGAATTAGGA,18
TGCTAAATTAATTATT,18
TGCTGCGACATGTAAA,18
TTAGCTAACCAAACAC,18
TTCGAAGCGTGGCCTT,18
TTGTGGTAAAGTAAAC,18
TTTATCTCATGCCCAG,18
TTTTGAGTGGTTCAGT,18
AAAAAAAGATACGGTA,17
AAGAAATAAAAGTATG,17
AAGGCACAAATGTAGA,17
AATAAGACAATCAGAG,17
ACAACACTTATGAGAT,17
ACAACGAAAGCGGAGA,17
ACAACTGAGGGGATAT,17
ACAGAAACCTGAGACA,17
ACGCGTTGTTTTATAA,17
ACTCTTTAAAGCAGCA,17
AGAACCTTGGAGTACA,17
AGACTACGAAACCCAA,17
AGATAAATTAAAACGA,17
AGCAAAGAAAGGTTAA,17
AGCATGCCAGATCTAT,17
AGCTTGCCTATCATGA,17
AGTACAGTATTGATTA,17
AGTATGGGTTACACGC,17
AGTCTACGTGTGCTTA,17
AGTTAGACTACATTAG,17
ATAATTTACATGCAGT,17
ATACAAATGCACTTGA,17
ATACTAATATTATATA,17
ATCCGTAAAAAAATAG,17
ATGGAGGAGTCATCAG,17
ATGTAAAGTGTGCAAA,17
ATGTAGAACGTCCAAA,17
ATGTATTTGAAGCAAT,17
ATGTTGGTTCAATACC,17
ATTACGACCAAAATCA,17
ATTCCAGTAGTCGCGC,17
CAAACTGTAAGCTATA,17
CAACATTACCTAGAAA,17
CACACTCTAATGCACT,17
CACGCAGGCTCCTTGA,17
CACTCAATATTTACAT,17
CAGCTAGAATGAGGAA,17
CAGTCGAATTGTTCAT,17
CATAAAGCCATGGAGA,17
CATAATCAAAGCCTAT,17
CATACATAATCACAGG,17
CATCAGTTATGTTTGA,17
CATGAAACGTTTTATT,17
CATGGGCGAGGTAGAA,17
CCAGGTTTCTCGAATA,17
CCCGATAGGTTAGAAA,17
CCGTACCAGAACTTAT,17
CCTAATACTATGCATA,17
CCTGACACAATCCTGG,17
CGAACCACGTCATAGC,17
CGAAGGGTAAGGTTTG,17
CGAATAATCACTAGGG,17
CGACAATCCATGCATA,17
CGACCAACCAACTTAA,17
CGAGAAGAAATTGGTA,17
CGATACAACGTCCTTA,17
CGGCGATCGAAGCTAT,17
CGGTAGACTCAGGGAG,17
CGGTGTTAGAAGTCCA,17
CGTACCAATCGACCGG,17
CGTATGGATCATAAAC,17
CGTTAGATACTCCCCA,17
CGTTGATCGCTGAACA,17
CTAAAGCGATCGCTCA,17
CTATCTTATCCTCGAG,17
CTATTCCAGATTACGG,17
CTCAATAGAAGCTTTA,17
CTGCAGATAAGTGAAA,17
CTGCAGGATCGCATAC,17
CTGGAAAGAATAAAGT,17
CTTCGGAACGTCACTG,17
CTTCTTAAAAGACAGA,17
GAAAGGGTGCAATGGA,17
GAAGCGGATATTTGCA,17
GAATCCATTATACCTA,17
GACTGAGCCGTTCGTA,17
GAGGGTGGAGGCTAGA,17
GATAAACTGAAAGAGA,17
GATAATGCAAAAGAGG,17
GATATTAGAAAGGGGG,17
GCCATTATAATATATA,17
GCCGAGTAGAAATATC,17
GCGGCTACAAGGTTGC,17
GCTGGAATAAATACAT,17
GCTTGGATGGAGTTGA,17
GGAACAACACACACAT,17
GGAATCAAAGAACCAG,17
GGATTCTTCCCCATCG,17
GGCAGTTTCTAAAGAA,17
GGTGAGATTACGTCAA,17
GTATGATTAAATGGTG,17
GTTCGTGGACTCTCTA,17
GTTTACGAGCTACCCT,17
GTTTCACTAATAGGAG,17
TAAGAGATATTTCGGT,17
TAATTCATAGCAACAA,17
TATATGATATGGGGGT,17
TATGGGGACTACACAT,17
TATTACTCCCTGGGAA,17
TATTATGGTTCTATGA,17
TCAAAAAACGCTTTGC,17
TCGAAGGCATTTGGGA,17
TCTTTTGGCTTGTCAC,17
TGAAGTCGTTCCTGGA,17
TGACACTAAAATCCAC,17
TGATAAAAAAGGGCAA,17
TGATCTATCACAAATA,17
TGCCGGGTATCGCCTT,17
TGGGATATTGCTAGTT,17
TGTACGACATGTCTAA,17
TGTGCGGCAAAACCAG,17
TGTGCTCACATGCAAG,17
TTACAAAACCACACTA,17
TTATTTCCGATAACAT,17
TTCATCTATAAAGCAC,17
TTCCAAAAATTCCCGT,17
TTCCGCAGAATAATAT,17
TTCTTTGGTAATAGGA,17
TTTACAAACAGAATCA,17
AAAACATAAAACATAT,16
AAACCAACACAGAAGC,16
AAACGGGAAGCCGAGT,16
AACATTTCGCTGTCCA,16
AACGACGGCTAGCATA,16
AACGGCAGAATGAATA,16
AACGTAGCGGCATTAA,16
AAGCAATATCGTCCAT,16
AAGCCTTAACTTGAAT,16
AAGTAAGTGGTAAGTT,16
AATCCTTTGCGGCTGA,16
ACCGGAGCTGAATGAT,16
ACGATGCCGGGTACTT,16
ACGCGCACGCTCTTTT,16
ACGTAGACAGAATCGA,16
AGAATGGCCAAGTAAT,16
AGACAGAACAGTTACC,16
AGCCCTAATGATTCGA,16
AGCCGTTATGCCATTA,16
AGGCATGAAAGTTTAA,16
AGGCCCCTGATGTATA,16
ATACCATGCAGAGTAA,16
ATACCCCTAGAAATGG,16
ATCCGAACTATTTTAA,16
ATGATGGCAGCTTAGG,16
ATGTGCCTGACTTAAC,16
ATGTGGATACCTAAGA,16
ATTAGCCGACATACCA,16
ATTCAAAGAGCTACGC,16
ATTCCATCGACCGAGT,16
CAAAAGACATCCTTAG,16
CAAGAACGATTGCCGA,16
CAAGATTTAACATAGC,16
CACACTCCACAGTGAG,16
CCAATTCGCCAATAGA,16
CCATGTAAACCTGATA,16
CCTCTCGTAGTAGGAA,16
CCTGACGGGACCAAGA,16
CGCAGGGTCTGCGGCA,16
CGCTGATCGTTCAGAA,16
CGTACGGTTGAGGCAA,16
CTGATCCGATCTACGA,16
CTTGTATCGGAGGTAG,16
GAAATCTAAATCCATC,16
GAACGTGAGAAAAAAA,16
GAAGGTCTCACCAGTT,16
GAATGGGGGCGGTACT,16
GACCAATTTTATCCCC,16
GACCCAAATTTGCTGT,16
GACGAAAACCCATCTC,16
GAGGTACAACACGGAA,16
GATACCGCCCGGTGTT,16
GATCGAGGAGTAAAAA,16
GATTATGTATAGTAAT,16
GATTGCATCAGAAAGC,16
GCATGGGGAGGGCCTC,16
GCCCACAAACGTTACG,16
GCCGTTGATCGTTAGA,16
GCTATACGTGCAATTA,16
GCTGGGAACTCACGAA,16
GCTTCAAACTGGGTAA,16
GGAGGGAACGAGCAAT,16
GGATAACTCCTATTTT,16
GGGTACCAAATTAGTA,16
GGTAAATAGTGTAAGG,16
GGTTCAGGGTACAAGT,16
GTAGACACGAAATGCT,16
GTATTTATGAAAAAAG,16
GTCACACTGATCATGT,16
GTCGAGCGGCAATATG,16
GTGAAACTATAGAATA,16
GTGGAAATCTAGACAA,16
GTTAAGGGGTATATAT,16
TAACCGTGCTGAAGGC,16
TAACCTATAATATAAT,16
TAGAAACATACTTAAG,16
TAGCCCGTGCACCTAA,16
TATAACAACACTATTG,16
TATACTAGGAAGGCTT,16
TATAGAGGCTACAGAA,16
TATGAAAACGAAATAG,16
TCATCCAATAAATGCA,16
TCCAAACGGACCATCC,16
TCGAACACAGCTTCAT,16
TGACACTAGTATTTGA,16
TGAGAACGGAAAAAGA,16
TGAGGCACATAACATA,16
TGATACCGCATAATTG,16
TGCACTAGAGGGCCTA,16
TGCAGTGCTAAGCTAA,16
TGGCCTAAGTGAAGAC,16
TGGCTAGTAACATAAA,16
TGGGAAAAGGGATATC,16
TGTCAAATACTGGAAA,16
TGTGTGACCAATTTAG,16
TTAAGATAGGAATATA,16
TTACTAGACAGAACCA,16
TTCAACGGACGGGATG,16
TTCGTTCTACTAGCTA,16
TTGGAGATAGCTCGAA,16
TTGGTCTGAATATATT,16
TTGTCCTCATCAAACG,16
TTTAGGCCGCAGGAAA,16
TTTTCTGTGAATGTAC,16
TTTTGAGCTGCTCTCA,16
AAACACTTGTAAATAT,15
AAAGGCACACAAACCG,15
AACGACGTATTACGAA,15
AACGTTTGAGCCTACA,15
AAGATGGTGTGCATTG,15
AATCAAGTAGGTTAGC,15
AATGACCCACCAATAA,15
ACAGATTCATAAGAAA,15
ACATCGAGGGACCCGA,15
ACCGTTCGCGGAACTT,15
ACGAATTACAAATCTA,15
ACTAGTAAGCTCAGAT,15
AGAAGTTGAAATACTA,15
AGACGTCATAGCAGAA,15
AGATAGATGGTACTAA,15
AGCACAGTTGCAAAAT,15
AGCCCTGGATATCGCA,15
AGGGTTAGAATGAAAT,15
AGTGAAGTAATAAAAA,15
AGTTGTAGAAGGTACT,15
ATAAGCCGTCACCCGA,15
ATACGACTTTATTATA,15
ATCCATTTGTTCACAA,15
ATGAAATTTAATTTGA,15
ATGATAGAAATAAAAA,15
ATGCGAGGTCGAACAG,15
ATGGGAAGGTTCTAGT,15
ATGGTCCTATCGCTAC,15
ATTATGAACATATCAT,15
CAAAGAGCAAGAATAC,15
CAAATTGGGCGGCAAA,15
CACACAGACCTCCTGA,15
CACATTCAATTGCAGT,15
CACTCTCTCAGGCAAA,15
CAGATAAAAGGGACGA,15
CAGTAATAAAAGGTCA,15
CAGTGGGCCACAGAAT,15
CATACTACTGTATTAA,15
CCACACACTACGGCAA,15
CCATCCAAGATATTAT,15
CCATCTAATGATTAAA,15
CCCTACCCCGAACAGA,15
CCGCAACAAAAAAAGT,15
CCTATCAAGGTCAGAG,15
CCTGCACAACCAGATA,15
CGAAAAAGGAAAGAGA,15
CGAAACGACAGTAGAA,15
CGAAGCAATTATGGGG,15
CGACAAGCCACGCAGC,15
CGAGGAAAGCAGGATA,15
CGCTACTGCTTCTGTT,15
CGCTCGAACTGAATGG,15
CGGATACAATCGCTTA,15
CGTATGGCCCTGGAAC,15
CTAACCTTGAGGATAT,15
CTACCGGTTAGTCCTA,15
CTCGCGAACAATATCA,15
CTGAGTAAAACTTAAA,15
CTGGTGTACTGAAGGA,15
CTTGAACAAAGCGTGA,15
GAACCAACCTGCGAAT,15
GAAGAGAAAAAATGAT,15
GACAATGAACCTGTAA,15
GACAGATAGGCCCAAA,15
GACCATTTGACGCAAT,15
GAGACTTAAGACATTG,15
GATAAATATTAGTCCC,15
GATCCGCAACAAGGGG,15
GCAAAAGAGACACCTC,15
GCATGTCCGGTTCTAA,15
GCCCATATGATCTACA,15
GCCGTTAATTTCGGAT,15
GCGGCCTGGTCGAAAA,15
GCTACAGAAGTTCTAC,15
GCTTGATCGGAATCGG,15
GGAGAGGATACTTGAG,15
GGCAAACTTACAGCGC,15
GGCTCTTTAATCCTGT,15
GGGTATCTGCGGGAAT,15
GGTAAAATCTGTATGT,15
GGTCATCAAATAAGCG,15
GTAACCTTCTCATTTC,15
GTAATTGATAAGGGGA,15
GTGAAGAATTATGGAA,15
GTGGAAATATGTCTTT,15
TAACATTGACTATGTA,15
TACAATCGACAAGGAG,15
TAGATCGAGAGCCAGT,15
TATAGTTGCAATGAAT,15
TCAAATAGACGCACAA,15
TCCATATCAAACAGGA,15
TCGGCGGATGCCGTAA,15
TCTGACAATTTGACCA,15
TCTTAACGATTCCTTG,15
TCTTAGGAAGGGTCCA,15
TGAACTGCGATTTACG,15
TGAGAACAATCTAAAA,15
TGATCGTTCACTACGC,15
TGCCCCGTAACAACAG,15
TGTACAGTTAAGGCTT,15
TGTACTCTAGGCAAAA,15
TGTTCACGCAACGCAA,15
TTACTAAGTCAATTTG,15
TTGATAGAGATCACGA,15
TTTCTGGGTCCCCAGG,15
AAAAAAAGTGACAACT,14
AAAAGATCCGACTCAG,14
AAAATTGATACGCTCA,14
AAACTCGTCATAGAAA,14
AAAGTTCCAGACTAGA,14
AAATCAGATGTGTCAG,14
AACAACGAGATCAAGG,14
AACGAGCGAAATGGAC,14
AACGATTTCACATGAA,14
AACGCGCTACGCGTAT,14
AATCAAGAACCTTTAA,14
AATCAGAAAGACGAAA,14
AATTATAAGTAATTTG,14
ACAGACTCCCCATAAC,14
ACAGCGAGAATATAGG,14
ACATAAAAATAATATT,14
ACGAAGAGTAGTCCCA,14
ACGTACAGTAAAATAA,14
ACTATGGAGTAAAGAA,14
ACTTGTCCTACCGAGC,14
AGACGTTTTGCTAAGA,14
AGCACATCAATAAGTA,14
AGTAACAAATAAAAAT,14
AGTAGACGAAGCAATA,14
ATAAAAAAAAAGACTT,14
ATAAGCCTGTTACCCT,14
ATCGGTCAAGGACACT,14
ATGATGCAATTTACAT,14
ATGCTTGTATCTCAGA,14
ATTATAGGATAACATA,14
ATTGTTGACATGAAGT,14
ATTTGGAGCTATGCGT,14
CAAACACTGCATCCTT,14
CAAACCTCGTTTGAAT,14
CAAGCCTCTAAATCTA,14
CAAGTTGTGCAACATT,14
CACCCAATGTGGCAAT,14
CACTAATTTTTGGCAA,14
CAGCAAATTGTATTGA,14
CAGCATGGTACTGCTA,14
CATTCTGAACAATAAA,14
CCCTTACGGTTTACTA,14
CCGCTAGTCACTCCAG,14
CCGGAAAGAGAGAAAT,14
CCTACACGCGAGGTGG,14
CCTCCTCGAATCGTCA,14
CGAAAAGGATGAGTAT,14
CGAATATCGTTCCCAG,14
CGCAAAAACTACTCAA,14
CGCCAAATGTACAGTA,14
CTACCCTCAGAGAGAA,14
CTACGCCAAACCAGAT,14
CTACTAGTACCAACAA,14
CTAGACAAGAAGTGAA,14
CTAGTAACGGCGTAGC,14
CTGAACCAGGCGAATA,14
CTGTTATGCTACTCTC,14
CTTAAGAAACCGGTGG,14
CTTATGCTTGGTGTAC,14
CTTCGATCTTAGAGTT,14
GAACGGTCTATGGCAA,14
GAAGCGAAATGTGAGG,14
GAAGCGGTCTGCAATA,14
GAAGTACGATAAGAAC,14
GACTTCGGTGCAGGGA,14
GATATCGTACCCTATA,14
GATCGAACCCATTACA,14
GCAGTCATACCCCTGA,14
GCCGTATCGTATAGCA,14
GCTAAATCCCTAGGAT,14
GCTAATCACCCCTCCC,14
GGAAAAATCGGCGAAT,14
GGATGTTGACTGGTAC,14
GGCAGTTTACATCAAG,14
GGGTTAGCGATTAATA,14
GGTGCTACTGATAAAA,14
GTACATGCACATTAAT,14
GTACGTTCAGTACCTT,14
GTCACCACCAAGGCAA,14
GTCCCTGGAGGCTAGA,14
GTGACGCCTCTACGTA,14
GTTATCGGATTGGTGT,14
GTTGAATACCGATCCT,14
TAAAAACTGCAAGCAT,14
TAACACGAAATCAATA,14
TAACTGTTGGTTTCAT,14
TAATATAACTAGACTT,14
TAATATATATGTATGA,14
TACACTATCTCCAAGG,14
TACCACAAACAAAAAG,14
TACTAACCATAAAAAG,14
TATCAATAGCTACTCG,14
TATCGAAAGACCACTT,14
TCACAATATCCAGGAG,14
TCCTGGGTCCGCGAGG,14
TCTCTTCATTGGACTA,14
TGAAAAATAGCACATA,14
TGAAAGACCGATTATA,14
TGACTGAGGCAGCAAA,14
TGCCGGTATGTGCGAC,14
TGCTAGAAGTAAGATT,14
TGTAAAAATGGAACAA,14
TGTAAAAGTACGGTAC,14
TTATTCTAACCTGCGG,14
TTCAAGACCAATTCAC,14
TTCTCAATCACAGGCT,14
TTGCACAGTATTTCGT,14
TTTGCACAGAAGATAC,14
TTTGTCCGCAGTCAAA,14
AAAACAAATCCTGAAC,13
AAAATTACTCGTACTA,13
AAACAAATAGAAAGCT,13
AAACGCTGAAAATACT,13
AAAGAGGGTACTACAC,13
AAATAACATCAGTAGA,13
AAATCTGGAGAATAAG,13
AACCCCCCAGCCTAAA,13
AACCGTATACGGGAGA,13
AACCTCCACTGTCTTA,13
AAGGAGTTGGCAGGGA,13
AAGGTCCGCAGTGACA,13
AATATACTAGATTGAA,13
AATATCTACCCATAAC,13
ACAAAATCAGGAACAG,13
ACAGCTAATCGCGCAA,13
ACATAACAATGGGAGG,13
ACCCCCTGGTGCAAAT,13
ACCTGACATAAAGTCA,13
ACGAACCTAGGCAAGA,13
ACTCTATTGTCTTAGT,13
ACTTTAATAATTACAA,13
ACTTTGCATAAGGGAC,13
AGATAGTATGTAAGGT,13
AGGTCATGATATGTGT,13
ATAAAGTCTGATAAAA,13
ATCAGACTAATTTTTA,13
ATCGGGATGTGAAAGA,13
ATCTAGTGTGGTGTAA,13
ATCTGTGGGTTATAGG,13
ATGAAAGAAATCGGAG,13
ATTAAAATGAGAGACA,13
ATTATTAATAGAGAGA,13
ATTTATTAGAAACCAG,13
CAACAGCTGGCCGTCT,13
CAAGACTTTAACAGCA,13
CAAGGTATATGTATGT,13
CAATAGTACGCATTAG,13
CACGAGTTAGATATTT,13
CACTGATGCCCAGGTG,13
CAGAAAATATTAAACT,13
CATAAATGAATCATGT,13
CATTGGGTAGTGAAGT,13
CCAAATGACAGAACGT,13
CCACGATTAAGAGTTA,13
CCAGGCTGTTATAGAA,13
CCTAAGCGATATTGCC,13
CCTTCAAAATGAGATT,13
CGACCTCTATTTGACT,13
CGCGTAGGCACGAAGA,13
CGGCACTTAGCATAGT,13
CGTGGTAGTCAAGTGA,13
CGTTTTGTGTGGTATC,13
CTAAAACCCCATTCAT,13
CTACAAAACCGCAAGA,13
CTACAAGTGGCGTAAA,13
CTCACATTACCGAACG,13
CTCACCCTACAACATA,13
CTGATACAGGAGTAGA,13
CTGTAAAAAAACCAAG,13
CTTCGCCGGGCTTAAA,13
GACCACGTAGGATGGA,13
GACGTGAATACGAATG,13
GACTACAAAGTCATAA,13
GACTCATGGGTAGTTG,13
GAGATAGAAACATATT,13
GAGCCATTAATACTAA,13
GATAGACGAAAAATCC,13
GATAGCGTATGCTAAT,13
GATTAAATGACTGGAA,13
GATTCGTGCTATAGGT,13
GCCAAGATACCATACT,13
GCTTGGAAAGACGTCC,13
GGAGAAACTTGTACGA,13
GGATATCCATAATAAG,13
GGCAATCCAAAGTAAT,13
GGCGCAAGCGAGTTGG,13
GTGACTGATCGGCTAA,13
GTTAAGAAAGATGCTT,13
GTTTAGCTCACAAAAG,13
TAATGTCCCGTAACCA,13
TAATTCCCCTCGAAAT,13
TACAATGTCTCAAATA,13
TACATTTCTTGAAAGC,13
TACTTACTCATTAGAT,13
TATATAGTCTAGGTCA,13
TATCCATGCGTTCAAA,13
TCAAGCGGTTGGGATC,13
TCAGAACCAGACTTAC,13
TCTCATGGCCCTGACA,13
TCTTGGCAGCCGAGAT,13
TCTTTAGACTACCGAG,13
TGAATCTTGAGCGTTA,13
TGAGCCATTATATTCT,13
TGATAAATGTCCCTTA,13
TGGACTTACGATGAGA,13
TGTAAAACACCGAAAG,13
TGTCTCCTTTCATGAA,13
TTCCGGGAAGGTCTCT,13
TTCGATGCGGAGCTTC,13
TTCGTTGGTTTGACAA,13
TTGACACCGCTTTAGA,13
TTTATTGCAAAAATAG,13
TTTGCAAACTCCCCCA,13
AAACAACACGATACGA,12
AAACTCTGAATTCTAA,12
AAAGGTACTGCCTACT,12
AACCCACAGACCAAAT,12
AACCTCAAAAGGTGAA,12
AACGTAATACCTCCAT,12
AAGACTGATAATAATA,12
AATGACGTTAAGCCAT,12
AATGGAGCAGAGAACA,12
AATGTCGATCAAAAAA,12
AATTAAGATCCTACAG,12
ACAGCCGGACAACCGA,12
ACATAAATCTGAAATG,12
ACCAATCCCCTCGGTA,12
ACGAGAACAGAAATTA,12
ACGTGAGGCAAACAAA,12
AGACGGATAATTGCAA,12
AGAGCGAGTCTTTAGA,12
AGATGATAACGGGAAA,12
AGATGGAAATTGTCTA,12
AGGACACCACGCATTT,12
AGTACGAGCTAAATAT,12
AGTTTTTTTAGGGAGA,12
ATAAATAATGACACTG,12
ATACCCCGTACACAAC,12
ATAGACGGTTATAACA,12
ATAGCTACACATGTTG,12
ATCATTTCGTAATAGA,12
ATCCACCAGAAAGGGG,12
ATCCCATAAAGCAGTA,12
ATCCCTACTCTTTCCA,12
ATCCTTAACACCAATA,12
ATGAAAAAGTATCCAC,12
ATGAAAGACATAGGGG,12
ATTGCTGTCCCAGCCA,12
ATTTAGATATGCCTGA,12
CAAAAATCATAACTTG,12
CAAACGCGTCCAGGTA,12
CAAATGTCAGACCGAT,12
CAACCTAGACAAGACC,12
CAAGATCGTAATTTCT,12
CAATACGGAGCTTACA,12
CAATTTTGCCCGTGGA,12
CACATGTATGACTAGT,12
CACTTTGAATATGCAA,12
CAGATGCCTTAACTAG,12
CAGCTAGAAACACAAG,12
CAGGTGCATACACAAC,12
CATAATAGAATATAAG,12
CATACAACCTCATGTA,12
CCCACCTCCCGCATTG,12
CCCAGCTAGAACTGCA,12
CCCATGCAGATCATCA,12
CCCGATGCCTGTGTCA,12
CCCGGGAGCTGGTCCA,12
CCCTGCATCGGCCTTG,12
CCGGTAACCTCATTCG,12
CCTTTTAGAAGGAGGA,12
CGAATAAACGAAGAGA,12
CGAATCGTACTAGCCA,12
CGATATGTAACCTCAA,12
CGATTCTTACGCTTGG,12
CGGTCTGACCCCGACC,12
CGTGTCCACACTGGGA,12
CTAAAACCATAAACAA,12
CTAAAGCGCAAGAAAA,12
CTGGGCAGTAGCTAAG,12
CTTCCATATGTCAATA,12
CTTTTAAGTCATCACG,12
GAACCTAACCGGCTGA,12
GAAGTTTAACAATACA,12
GACAGGTGGCACGGGG,12
GACATTTACATCAACA,12
GACCAACAAAGAATAT,12
GACGAAATTTTTCAGA,12
GAGACATACGATCATT,12
GAGATTCACAAAGACA,12
GAGTCCGTGGTAAACT,12
GCAAAAGATACACCAA,12
GCAAGCGACAACCAAA,12
GCAGAAGTAAAAATAT,12
GCCGGAGCACGACAAA,12
GCCGGCTCATGACTAT,12
GCGTAAGCGATGAAAA,12
GCTATAAGTTAGAAAA,12
GGACACATCTGCAGAG,12
GGCAAATTCCGTTTGC,12
GGGATAGTGGAATTAT,12
GTAGAACTTCAAGGGT,12
GTGCTGCAACTTGCAT,12
GTTCAGAAGCTTAAAT,12
GTTGTTCACCGTGTAT,12
GTTTACGCTAGCGTGA,12
GTTTGTATGAGAATGA,12
TAAAAATGGAAGGAGT,12
TAAATAATTCAACATT,12
TAACCCGCTACGCTAT,12
TAAGTATAATAGGTAG,12
TAATTAAACGGTATAA,12
TACCTCTCGCCGAGAT,12
TACGCTTGTAGAGAGT,12
TACTCTACGAGCGCGC,12
TAGAAAGTCCTAATAA,12
TAGCTGGTAATAAGGA,12
TAGGTGAAAGGAAGTC,12
TAGTTAAGTCCGGAGA,12
TATACAAAAGACCGGA,12
TATCATGGATTATGGA,12
TATGAAATATGCCCTT,12
TCAATGCCGAAGTTGG,12
TCAGAGCCTCCCAAAA,12
TCATCATAATTATAAA,12
TCCAGCATAAAAACAT,12
TCCGGACAAAAGATCG,12
TCCTCTACGAACGAAA,12
TCGGGCATACACAAGT,12
TGAACACCATCTGATC,12
TGAAGTAATAACACAT,12
TGAATCCACGCTACGA,12
TGATGTAGTTTTCCAG,12
TGCACTGAAGTCGGGG,12
TGCTCTCCATAATATA,12
TGTCGGGAAGATATAC,12
TTACCTTTTATGTGTA,12
TTCACAAATATTGAAT,12
TTCATACAAGAAAGGG,12
TTTACTTAACAGTGGT,12
AAAAAGGAGGAGTCCA,11
AAAACGAATGAACCAC,11
AAACCGCATAGTTTTG,11
AAAGATAATATACTAT,11
AAAGCAAAGCCAACGA,11
AAATAGAAAAAGCTAA,11
AAATAGAACGGAAATG,11
AACACACCCTCGTAAG,11
AACATCCATCCACAGA,11
AACTCCGGTAACAATG,11
AATATCTGAAATGTTA,11
AATGGACAAACAAACC,11
AATTAGTAGTTGAGAA,11
ACAAACTAATGAGTGC,11
ACAACCTACTAATCCA,11
ACAACTGGGGCTTGAA,11
ACAGACCTATCCTGTA,11
ACATTATCTGACTCAG,11
ACGATGAAGCATCAAA,11
ACTGGAATGTAAAGAG,11
ACTTTGCAGCAACATA,11
AGAATAAACTCGAGAA,11
AGATACCAAGGAGAAC,11
AGCCAAGAAGTGGAGG,11
AGCCATATATGCACAA,11
AGCTGCCTACAATGAG,11
AGGCTTTGATCAGCAG,11
AGTCAACCACCCGAGA,11
AGTGCAATGGATGAAA,11
ATAATCAAGAGAGGAC,11
ATACGACTCCTGTCGG,11
ATACGACTGGTTCCAA,11
ATACTGTGAGACTAAA,11
ATAGATGAAGAGGCTT,11
ATAGATGCTCAGCGGA,11
ATATATCATAGCCTTT,11
ATATGATTAAGTCTAA,11
ATCGTGATAGAACTAA,11
ATGAGAATATGCTAGA,11
ATGGATGAAGGGACCA,11
ATGGTAGATTTCACGA,11
ATGTAGAAGGAAACAC,11
ATGTTAAAGCCCAACT,11
ATTAATAGTAACGTTG,11
ATTGAGTGGAACCTGG,11
ATTTAAATTCGTTGCA,11
CAAAAAACAGAGGAGT,11
CAAATGCAATATCAAA,11
CAACTGAGTTATAAAT,11
CAAGGGATTCAGAAAG,11
CAATGGTAATACTTAA,11
CATAGAAGATCCGGAT,11
CCACAATAGTGGAAAC,11
CCACGTCAAAAGCCAA,11
CCAGCCTAGGTAACTA,11
CCGACCTATTACAGCC,11
CCTCTAGCAAAATTTG,11
CCTTTCATTGCCATGA,11
CGACTCTTGACAACCA,11
CGATACGAATACGTTG,11
CGCAACATGTGTAACA,11
CGTGTCATTCCGCTAT,11
CTAACCATAACTTGAC,11
CTCGCGGGGTTGATGC,11
CTCGCGTGGATTGGAT,11
CTCTGAGCAAGAACGC,11
CTGAAAGGACCCCCTA,11
CTGGTCGGGTCTGAAC,11
CTTTCCTATCCCGAAA,11
GAAATAACAGAATAAG,11
GAATAGGTAATGGTAA,11
GAATGGATATCTGCCC,11
GACAACGCACCCTTCG,11
GACATTTGCGGTATTT,11
GACCTGAACGTACGAG,11
GACTAAAGAATATTAA,11
GACTAACTGATTTACA,11
GACTGAACCCAGACTC,11
GAGATAGGATGTGGTT,11
GCACTAAGGACGACAT,11
GCCAGTTCGCGTTTTA,11
GCTTGCCAATCCATAC,11
GGCAATAAACGGTGGA,11
GGCCTGCCACCCAGGA,11
GGCTAGAGTGTCCGAA,11
GGGATACAGGATAGAT,11
GGGCTTAATGGGATCT,11
GGTTGAGTTATACCAA,11
GTAATGCAACAGACGA,11
GTAGCTCATGAGGAGA,11
GTATACTACGACTGGG,11
GTCACAGCTTCTGGAA,11
GTCACTAGTCAGATAA,11
GTCCAACAAAAGGATA,11
GTCTAAAATACGATAG,11
GTTAACCATCAAATGA,11
GTTCACTCGAAAAGTA,11
TAAAAAGATACATAGA,11
TAACACCCTGGGCAGT,11
TAAGAGGCAAGGTACT,11
TAAGCTCCTGAATTGT,11
TAAGTTCCTATTAGAG,11
TAATTAGGTATTCAAA,11
TAGAAAACACCCAGAA,11
TAGCGTACTAACACCA,11
TATAAAATATTAATAC,11
TATAATCGTAAGTAGA,11
TCACTACAGACCCGTA,11
TCATGGCAGCTTAAAT,11
TCCGTTGCTCTAGGAA,11
TCGATTAAACAGGAGC,11
TCGGCGTAGTCTGTTA,11
TCGTGAAAAACTGAAT,11
TCTCCAGAGAGATCAA,11
TGACAAAACGCCAATG,11
TGACTAAATCAGGTCA,11
TGCAAAGTTACATCAA,11
TGCCAAATGGACTAAT,11
TGGAAAAGTATTTGTG,11
TGGCGATTGAAGAGAT,11
TGTAAATTTTTTTAGT,11
TGTACGGATGCACAGA,11
TGTGAATATTCGTGCC,11
TGTGCTCATATTTTAA,11
TTAAAATACAATGACA,11
TTAAACTGTAACGCAA,11
TTAAGCGCAGACTGGG,11
TTAATTGGCAGATTAA,11
TTATAAATATGAAGTA,11
TTCATAATAAACTAAA,11
TTCATGGCCTACGCAA,11
TTGACATAGTTAAAGC,11
TTGGTAAAAGTGCATA,11
TTTATTGGGGACATAA,11
TTTCAACTAAGTCTAA,11
AAAAACAGGCCTTCCG,10
AAAATACAAATGCTAG,10
AAACGATTTAGGCAGA,10
AAACTCGTGCTCCCAA,10
AAAGCCCAACAAATGC,10
AACATAAATTTGCGAC,10
AAGACCCGACCCCACC,10
AAGCCCTTCGAGAAGA,10
AAGTCGACGAGTAATA,10
AATACCCATGAATCAT,10
AATACTGCAGCATTTG,10
AATAGAAACAACTCAG,10
AATAGAGTAGGGGACA,10
AATCCAAAAACGATGG,10
AATGAAATGCATAGGG,10
AATGAGGGCAAGAAAA,10
AATGCGGACGCTCAAA,10
AATGCTACCCTGCAGT,10
ACAAATACTGCAGTAA,10
ACAAATCGTCGATAAA,10
ACAAGGAATGTGATGC,10
ACAGCCATACTAGTAT,10
ACCGCTTAATAGCGAA,10
ACGCTTAGAAACATTG,10
ACGGGTAATATAACCT,10
ACTAATAAAGTCAGAG,10
ACTCAGACAGCTCCCA,10
ACTCTAAATGAAGTGC,10
ACTTAACAGGTTTAGT,10
AGAGCATTATATCATG,10
AGCCCCACAAAAGCAT,10
AGCTAGAAATTGGCAT,10
AGGACTATACGAATAT,10
AGGATAGTAATAGTAT,10
AGGATATCTGTATACA,10
AGTATAAGTAGTGGAG,10
AGTTAGTTTTAAGTGA,10
AGTTGCAGAGTGGATA,10
ATCTACGGAACGAGTA,10
ATCTTTAAAGGGAAGT,10
ATGTTTTATGAAATGA,10
ATTAGGTTTCAACGGA,10
ATTATCGTATCCTCAA,10
CAAAACGTACTATTAT,10
CAAGATCGACAAGACA,10
CAAGCGGGATTATTTA,10
CACAGTTCATACCCTA,10
CACCCAATAAACAGAA,10
CACCCGAAGCATTGTG,10
CACCTCTTAAGCACAA,10
CACGAATGTAATTGGT,10
CACGTGACACGAACTT,10
CAGGCGCAGGAAATCG,10
CATAGTGGGAAGACCA,10
CATCCATAATGTCGGT,10
CCAACCCCTACTTAGA,10
CCAATTACCAGCGACT,10
CCAGCTCCTAAGTAAT,10
CCCAAGCTCTTCATGT,10
CCCATCATAACCGTAA,10
CCGGCAATGAGTGGAC,10
CCTAAAAGCTTACAAG,10
CGAAGGAATTGTCCCA,10
CGACCATCACGGGATT,10
CGATTAGAGAGTGAAG,10
CGGAAAATTTACAAGT,10
CGTGGCTTCATGGCAC,10
CTAACATGCGGGCGAA,10
CTACAGTGCGCGTGGG,10
CTCAATATTCCATTAA,10
CTCGCCTTTATCGGGT,10
CTGGCTAATAAGTCGT,10
CTGTGTGCCTTGGGCA,10
CTTCACCAACACTTGT,10
CTTGCTTAAAGTTAAA,10
CTTGTTGGAATTCACC,10
GAAGAACCGACATGTA,10
GAAGGAATGACCGAAT,10
GACAAAAGGCCCTTTG,10
GACAATACACCCAGGA,10
GACCGTTAAAATTGAG,10
GACGCCAAAGACATAT,10
GACGTTTATGGCTCGT,10
GAGAGACTGAAAGTAA,10
GAGCACAATAAGAAAA,10
GAGCAGATAACCTCGT,10
GAGTAATACTACGGAT,10
GATAAAACCGCCGAGA,10
GATGACAAGATGTGAA,10
GCCAGTGCGATGACTT,10
GCCGAGGGCTTTGCAA,10
GCCGGTGGCGCTAGTA,10
GCGCACATCCAACACT,10
GCGGCGCATAAGTAAT,10
GCTAACATGATGGAAT,10
GCTCCAAACACCTAGT,10
GGACGTCGCAGGAACT,10
GGCGGGAAGAAGACGA,10
GGGACGAGAGCTTAAA,10
GGGGCATCCAAATAAG,10
GGTATACTGGCGGAAG,10
GGTGCAGTGCCTGAAC,10
GTAAAATGTTGGCAAA,10
GTACCAGTATCGTTAC,10
GTATGGGGCCGGGCCA,10
GTGGCCAGAGTAGGCA,10
TAAGCGTGTCGGTAAA,10
TACAAAGAAGGGCATA,10
TACGACAAAAGCACGA,10
TAGCGCTCTTGCTGAA,10
TAGTCTGTGATCGTGA,10
TATACACTCATCCCAA,10
TATCAATCACGGTAGA,10
TATCCGTGAGCTAATG,10
TATGAGATCGGAGACC,10
TATGTGAAAACTCTGA,10
TATTAATCTTAACCGA,10
TCAACAATGAAAGGTT,10
TCAACGTTGCAAACGA,10
TCAGAGACTTTTACAA,10
TCATTAAGTAAATAAG,10
TCCACGATGGCTTGGA,10
TCGAAACTGGTGATAA,10
TCTCGCGTCCCATCCA,10
TGAGCAACTAAGTAGG,10
TGCGTAACAAGGCAAG,10
TGTAAACTGAGCATGG,10
TGTTAGACGACGGCGG,10
TTAGACAGATATCTGA,10
TTATCCGCTAATTCAT,10
TTGAACTGAACTAAAG,10
TTGATCAACAGCTAAG,10
TTTCGTTTAATATACT,10
AAAAATAATCACCACT,9
AAAAATCCCGGAGAGG,9
AAAGTGTAATGCAAAA,9
AAATAAAATTTGCAAA,9
AACCAAGCACGCGGAT,9
AACCCATAATACAGAC,9
AACGCCAACGCATGCA,9
AAGTGAGACACTTTGA,9
AAGTGCCGTTACAGCA,9
AATAATAAGCTTGAAA,9
AATATTCCTTAATAGG,9
ACAATCAACGCAACTA,9
ACACGGCGCTACTAAC,9
ACAGATTAGAACGGGA,9
ACATATCAATTGCAGG,9
ACATGGAATTAAAAAA,9
ACCCGCTAACTTGATA,9
ACCCGTCGGATCTGGC,9
ACGGATGTAGGATTTA,9
ACTCCCCACGCTCACC,9
AGCCCAGCATTGGTTA,9
AGCCTCAGTATAAGGG,9
AGCGTATAAGAAGGAA,9
AGGACTTATTCAAAGG,9
AGGAGACCAAGAGAGA,9
AGGTCCTAAACTATAA,9
AGGTGAATAGGTTCAT,9
AGTAAAGATAGCAGGA,9
ATAAAAGAACCCAAGA,9
ATAAAATCATGTGAAT,9
ATAGAAAACAAATTAA,9
ATAGGAATAGTTGTGA,9
ATCACGTGTCTTAAAG,9
ATGAAAAGTTAAAGAA,9
ATGCAGGCTTTCAACT,9
ATGTGCGGTGTCATGA,9
ATTAAGGGTTATTAAC,9
ATTATAGTAAACTAGA,9
ATTGCGAATCCTGGGT,9
ATTTGGTCCAAAATAT,9
CAAACCCTTTACTAAT,9
CAAACTAACTACACGT,9
CAAGAGTCAAGGATGA,9
CAAGCACTGTTAGAAG,9
CACGTACATATTACCA,9
CAGAGAACACTTCCGA,9
CAGTTGAAGAGGTTTA,9
CATATACATTGGAAAA,9
CATGAAAAGCAACCCA,9
CATGACTTATCTACGA,9
CATGATATTTACGAGA,9
CCAAGTATGCCGGGAC,9
CCACTTTAGAGCAGAT,9
CCAGAGCACATTGCTA,9
CCAGGCTAGTAACTGA,9
CCATGAAGATCAATAT,9
CCCGGAAGGCAGCCGT,9
CCGAACAAACGGGCTA,9
CCTTATGGCCATAGAC,9
CGAAAAATGAAGTCCT,9
CGAACTAAGCTTTAGT,9
CGACATTAGGTATAAT,9
CGACTTCTGTTTGGCG,9
CGAGGTAGTAAGCCAG,9
CGCAAATGAATCAAAA,9
CGTTTCGTATTAAATA,9
CTATGCATATGAACTT,9
CTCCGTTCGCATATAG,9
CTGAGGGGCCTATGAG,9
GAAGTTTGTTCTTTTG,9
GACTAAGACAGTGTGG,9
GACTAGGGTGAGTACT,9
GACTATGGAAGTCCAC,9
GAGATCACCAGCATAT,9
GATAAACCACAAAATA,9
GATGGGTAAAGGTTCA,9
GCACTTAAAAGAACGA,9
GCATGTGCCTGTGCGT,9
GCCGCTTAACATTTAG,9
GCGGCCCAATTAGTGA,9
GCGGGCGGCTTTGCCA,9
GCTCAATATTAACAGA,9
GCTCTGCACCTAATGC,9
GCTGAAAGTATTATCC,9
GGAAATCCATCCTTTT,9
GGCCCAATCAAGGATT,9
GGCTAAAGTACGGCAT,9
GGCTAAGGCACCAAGT,9
GGGAGAATCAAATGGT,9
GTACTTTTGTATTGCT,9
GTAGCGAGATTTTAGA,9
GTCAAAAAGTTGAATA,9
GTCGGTACTTCATACG,9
GTGGTTATATTCCCCA,9
TAAAACTCTTTGATAT,9
TAAACATGAATAACAA,9
TAACACGGATAATTCC,9
TACATGACTAACAAAA,9
TAGGCAAATTATGACA,9
TCAACTCTTAATGAGG,9
TCACATCGCATCGCAG,9
TCCATAGAAAGAGTAG,9
TCCCACTACACCACAT,9
TCCGCTGAGACTTGAG,9
TCGAACCAACGATACA,9
TCGAGGACCATACCCA,9
TCGTAGCAAGAAACGG,9
TCTGATTCAACCCAAA,9
TCTGCCAAATATGGTG,9
TGAAAACTAGACACTA,9
TGAATGCACAAAGTCA,9
TGAATTAAGAGATTAG,9
TGACATTTCGCGTTTA,9
TGACTTTTACCGATAG,9
TGCTCAGGAGCTTAAA,9
TGCTGCTACTAGCGGG,9
TGCTTTGCATTCACAC,9
TGGGGCATTTGTTTTG,9
TGTAAGAGGACCTCTC,9
TGTGCGAAAATAATTG,9
TGTTAGTACCCGCGGG,9
TTAAACCTGGTACCTA,9
TTAGATATGGAAGCAT,9
TTGAAAGTATATTAGA,9
TTTATGACTTCAACAA,9
TTTCATAGAACTCAGA,9
AAAAAAACCTGGCGGG,8
AAAAAATTCATACCTA,8
AAAAATTAAAAGCATG,8
AAAAGGTTTGAGCCAG,8
AAACCGATTCAGTAGA,8
AAACGTGTGACATCAA,8
AAATCGTTCGATAAGA,8
AACAATACAGCAGGAT,8
AACACGAAGAGTGAAA,8
AACACGATGAAGAACT,8
AACCACGCAACAAGTA,8
AACCGTAAGAAAAACT,8
AAGGCAAAAAGCAGAG,8
AAGGGATAGCATTTAA,8
AAGTGCAAAGGGTATA,8
AATAAAAACTCCTCCA,8
AATAGCAAGTGCTAGA,8
AATATGCCGGAAATAT,8
AATCCGAGCAAACCAA,8
AATCTCCAAAAGTGCC,8
AATTCAACCGACGGAA,8
AATTCAATAAGTAGAG,8
ACCCTCATTTGAGAAA,8
ACCCTGCAGTGGTTTA,8
ACCGCCTTTAAACCCA,8
ACGCGTTGGGACGCGA,8
ACTGGCAAGATAAAAA,8
ACTTATATAGAATCGG,8
ACTTCTTAATCGCGAG,8
ACTTGTTAAAATGAAG,8
AGAAGCGTAAAAGGAA,8
AGAATATATTCTTACA,8
AGAATTGGATGCCTAG,8
AGAGGTGGCGAAGCAG,8
AGCAGAGTGGCTAAAA,8
AGCTTCGTATATCCGA,8
AGGGAATGAGGATACA,8
AGGTACCTTTTCTTAG,8
AGTCCCATAGGACCAG,8
ATAAAAAGATCTTACA,8
ATAAAGAAATCATAAT,8
ATAACGACTCCATTTG,8
ATACAATACAGAAGAA,8
ATATAGAATTGGCACA,8
ATGCGAGCAAAACAAA,8
ATGGATCACGACCAGT,8
ATTTATGTACGAAGTG,8
ATTTGCTACCGTGTGT,8
CAAAATCTAATGATTG,8
CAAAGTAGTTCTAGCT,8
CAACCACCTATAGTAT,8
CAAGGCGACCTTTCTG,8
CACAGAAAGGTCTAAA,8
CACCCCCATAGTATAT,8
CACCTAGCAGGATGAA,8
CACTCCATTTAGTAAA,8
CAGACCTCTGCTGCAA,8
CAGCAAAGGCAAGAGA,8
CAGCCCGACCCATAAA,8
CATATATTTCTAATGC,8
CATATTGGCAGAGAAA,8
CATGCTACTCTTGCAG,8
CCAACAGCTAACTTGG,8
CCAGACACCGAATTGG,8
CCATCCGACAAAGTTG,8
CCTATACACTATCTTA,8
CGATCCATTCCGGTAC,8
CTAAATGTGGATGAAT,8
CTACCTGATTTGAAGT,8
CTATCTGTGTAAAGTA,8
CTATGAGATCAGGGAA,8
CTCATTCGAGCATTTT,8
CTCTAACATCCGCCTA,8
CTTACAGGAACCTCCT,8
CTTCAAAATGGTGTGA,8
CTTCATTAATAGGAGA,8
CTTGACCTACACGAGA,8
GAAACTTTAAGGACAA,8
GAACAACAAACATTCC,8
GAACAGACAGAGTTAG,8
GAACTTACAGACTAAT,8
GAAGTTGGACAATTGT,8
GAATAAACCGCACGAA,8
GACAGAATAAGTATTA,8
GACCAAGTACACATAA,8
GACCTTGGATATCAAT,8
GAGTAATAATATGTAA,8
GATACACAGACAATAA,8
GATAGGGTTGTGGAGA,8
GATATGGGGGCGATAC,8
GATTAAGGGAGACAGG,8
GATTATCAGGAAGAAT,8
GCAACTTGAGAGTTGG,8
GCAAGATTGAGAAAAT,8
GCAGGGCTCCAGTGAT,8
GCCTACTAAGGGCAGG,8
GCCTTCCGAATTCTGA,8
GCGACCGGGTGGGTCA,8
GCGAGTGATTCCCTCA,8
GCGATCATACTGCAGA,8
GCGTGACTGATCCATT,8
GCTACTTGTGTAGTGG,8
GCTGAACGAGCGTTGA,8
GGAAAGTTATTTAGCA,8
GGAACCGTCTAGCCTT,8
GGAATCTGTGAAAACT,8
GGCAAGTCGAAAGCAT,8
GGCACTCATTAGTGCA,8
GGCTCTAACGTACCTA,8
GGCTGGAACTTAATAT,8
GGGGGATAAACGATTA,8
GGTAGTAAATATAACA,8
GGTCGGCCAGTCGGAT,8
GGTTGAAACGGGAATT,8
GGTTGCCGGCCTCCAC,8
GTAATTAACCTGGGAC,8
GTACCAAGGCGCCGCA,8
GTAGTGACACAAATAC,8
GTCGAATGAGTCGTGC,8
GTGCAAATGATACAGG,8
GTGCTACGAGGAGTAA,8
GTGTTACAAAGGGTTA,8
TAAGAAAATAATGAAA,8
TAATACGTGTCTTATT,8
TACATCACATCCAACT,8
TACATTCTAGTAAAGC,8
TACATTTATAAAATAC,8
TAGGGACAAGGCACAC,8
TAGGTGGGAATAATAA,8
TAGTCTCTGCTGCACC,8
TATCTGACACATCTAA,8
TATGAAGCTATATAGA,8
TATTTCGATAGTATAA,8
TATTTCTCAATCACAT,8
TCACTAGCAAATCGGA,8
TCATTGCTGTAAAATT,8
TCCCATCTCCCACACA,8
TCCTGGGGTCAGGCGA,8
TGAAATTGGAATAGAC,8
TGACAGACACAACACA,8
TGATGTTTTTACGTGG,8
TGCAGCATCATATTGA,8
TGGACAATTCGTGAGT,8
TGTAAAAGAAGGGGAG,8
TGTAGCACGAAGCGAT,8
TGTAGTGCGGCTCCTG,8
TGTATAACCAATCCTA,8
TGTTCCTTCGACAAGT,8
TTAGAAAACAAAGTTG,8
TTAGTATTAGTGTTAA,8
TTATTGCTTTCAGAAG,8
TTCAAAATATTTCCAA,8
TTCAGATCAGACTTAC,8
TTGCAACTTAGCGGTA,8
TTGGCGCCACAGACAG,8
TTTACATTAAAGTATA,8
TTTTGTATCATGAAAT,8
AAAATGCAGCTGACAG,7
AAAGCAGTGATATAAA,7
AAAGGGCGAATGACAA,7
AAAGTTTGTCTTCTTA,7
AAATAACGTATTCAGA,7
AAATTCGATAGTTCTA,7
AACTAAGCATTTTGAT,7
AACTCCGATCATAACC,7
AACTGAGAATTAGGCA,7
AACTGCTCCCCCGGGT,7
AAGCACGACCCCACAA,7
AAGCCTACCTAGTTAA,7
AATAAAGCTCCCATAT,7
AATAGAATTGACACCT,7
AATAGGAACTACCTGA,7
AATATATCTATTCAAT,7
AATCAGAAATGGCCAA,7
AATCTCGAAACACTCC,7
AATGCTAGGCCCTGGG,7
AATGCTTATAAGGGGT,7
AATGGTCAAATGATAT,7
AATTAAAGTAAGCCTA,7
ACAAACCTAAACTAAT,7
ACAAGACACAGCGACC,7
ACCCAATATACTGACT,7
ACCTAAATCTGATTAG,7
ACCTATTAGTAGGGCG,7
ACCTCTTACACCACAA,7
ACGGGAGGCAATTCCA,7
ACGGTTCCAACAACAG,7
ACTAACAAGAGCATAA,7
ACTTTTACGGAAGTAA,7
AGAATTCAACAGTTAA,7
AGATTTAAGGCCGCAA,7
AGGAAATAGAAATCCA,7
AGGACTCAACTAATAT,7
AGGACTCACGTATGCA,7
AGGCTAATTCTAATGC,7
AGTAAAGAGGCCCAGA,7
AGTATAATGGACAGGA,7
AGTCGGCCATACCACT,7
ATAAGCCAAATATCCA,7
ATAATTTGAAAATACA,7
ATAGTAATTTAAGTTT,7
ATATTTCCCCAGTGAG,7
ATCAAAAATACTCCTT,7
ATCGAAAATTTAGTGA,7
ATGATGAATTGATAAA,7
ATGGGCCCCGCCACAA,7
ATGTCAAAGAGGAGAT,7
ATGTGAAGAACGATAA,7
ATTGAGAACCTTCTGT,7
ATTTCTCGAAAGGTAT,7
ATTTGAAACACGTAAG,7
CAACTGCAGCGACCAA,7
CAAGGGTAAAAAGGTA,7
CACAAAACCGACTCTA,7
CACTTTCTCAGGGGGA,7
CAGAACGAACTACCAA,7
CAGATACAGGAAAAAA,7
CAGCCGAATAATCAAA,7
CATAGACTAACTGAGT,7
CATGTATTGCACACTA,7
CATTAGAATATGAAGA,7
CCAATACTCACTCTAT,7
CCCCAGTAGATAAAGG,7
CCGACCAATGCCTCCA,7
CCGATCCCTTCCCTTG,7
CCTGCGGGACACAAAT,7
CCTTTACAGTATAGGA,7
CGAACACTTAAATAGT,7
CGAATACCACTGGCAC,7
CGATATATGTTATAGG,7
CGATCTTGGAACGGCC,7
CGGTGTTTCCACTTGG,7
CGTGGACAGCTGATCC,7
CTACCAAAAAAATCCA,7
CTAGCGCTGCCGATTA,7
CTATATACTATCTGAT,7
CTCTCGTAGACCGTAA,7
CTGTATAAAAACATAC,7
CTTCCGGCTTGTTGTA,7
GAAAAAAAGTTGGAAC,7
GAAATAAACCTAAAAA,7
GAAGCACAGCTTTGTA,7
GAAGTACCTACGTGCC,7
GAATGCTTGGCGAAAT,7
GACAAAGCGAACCATT,7
GACGTGAAGCATCGCA,7
GAGAAAAGGCGTTAAG,7
GAGTAAATCGGGATCA,7
GATATACCTGGAACAG,7
GCACTAGCTGGGCTAA,7
GCAGGCCGTGGTGCAC,7
GCATAAAATAACCCTA,7
GCATATCAGATTACTA,7
GCCAGGTTGGACAACG,7
GCCCCGAAGATTCTAA,7
GCGATTATGTTTTAAC,7
GCTCAACCCTAATTGG,7
GCTCCAGGTTGAGAAA,7
GGAATAGCATAGTTAA,7
GGACGCTTTTAAAATT,7
GGACTTTTATGATCAA,7
GGCAAAATTGAGGATT,7
GGCAATAAGAAACATA,7
GGCACCAGTTGCACTA,7
GGCAGTGATGATTTTA,7
GGCGCCCCTGGAAACA,7
GGCTAAGACTCGTTTA,7
GGCTCGTGCAATGATT,7
GGGAAGTCGGGTATAA,7
GGGGGGTCTCAATTAT,7
GGGTTGAATACACCGA,7
GGTAGATTGACGAAAG,7
GGTCATTCTAAGCAAC,7
GGTTAGATAACGTTGT,7
GTAATAACCTTTCCAA,7
GTAATAGAATAGACTA,7
GTTCAAAATTTAACTT,7
GTTCCAAGGAACCGAG,7
GTTGAGTGTCTGTATG,7
GTTTCACACACGACGC,7
TAAATTGAAATATCAG,7
TAATCTAGATGCAGGA,7
TACAGCAAGTCCTCAA,7
TACTCTTGCTTCTAGC,7
TAGAGACTCCTGATAT,7
TAGCTAACTCGGTCGT,7
TATAGGTACGATCACT,7
TATCACCGATTATACA,7
TCCAACAAGGAATCCT,7
TCCCGAAAAGAGATGA,7
TCCGAATACTGAGGCA,7
TCCTAAAACCTAGGAT,7
TCGCTGTACTCATCGA,7
TCTAGTCGTGATGAAG,7
TGAAAAATTTGAAAGT,7
TGAAATGGAGAACCGG,7
TGAAGACGCAAAGAAA,7
TGATAGAAGTAACATA,7
TGATTAGACTGTGCAA,7
TGGCAATACACGTAAA,7
TGGGCGTGGGGAAGGC,7
TGTACATCTTATTAAA,7
TGTACCTGATAAGAGG,7
TTAACACAGACCCATC,7
TTACTCCAGCAAGGGA,7
TTCAACGTAGAGTTAT,7
TTCACAGAACCGTAGA,7
TTCCATAGTCCCGTTA,7
TTCCTGCACGCCACTA,7
TTCTCTGGTTCCATGC,7
TTGGTAAAGGTGTATC,7
TTGTCGTTCGCGGGGT,7
TTTAGACTATATAGAC,7
AAAAAAAAAATCTAAC,6
AAAAAATAGAGTTTGT,6
AAAAAGATACCCGGAA,6
AAAACAATAAGAACCC,6
AAAACTAATTTAAACA,6
AAAGCCCGTGTCCTAG,6
AAATCGATCGAGCGAA,6
AAATTCTCCTCCCTCA,6
AACATTATATGATAAA,6
AAGGTACCACAGCTAA,6
AAGTAAATAGGTCCAG,6
AAGTAGGATATAGCCC,6
AAGTCTCGGATATGAC,6
AATGTTAAGACCACCT,6
AATTGTTGAAACATGT,6
AATTTAATGAATGATA,6
ACAACCGAGCGTAGTG,6
ACAACTAGAAAATCCA,6
ACAGGTACCATCCCCT,6
ACATTAGCGTTAACTT,6
ACCGGAGGGGAATTCC,6
ACCGTTCTAAACGCGT,6
ACGAGCTCCTCAACTG,6
ACGAGGGTGTCTCTAG,6
ACGCTGTGTCTAACTA,6
ACTAAAACTACCCCCA,6
ACTACGAAAAATACTA,6
ACTATAGAATGTACAT,6
ACTCAAATCCAATACT,6
ACTGAAACTAAACTAG,6
AGAACACCCTTAAAAT,6
AGAAGCCCTAGACATG,6
AGAAGGGCTATCTCAA,6
AGAGGATGAGTGGAAA,6
AGAGTACTGGTGATAT,6
AGCGGCGCTAACACGA,6
AGCTAACTGTTTAAAG,6
AGGAAGAAAAACGAGA,6
AGGTACCAGGAATTAA,6
AGGTATATGTGCTTGA,6
AGGTCAACAAACTCAA,6
AGGTCGCAGTTTCGTA,6
AGGTCTACTATGTAAC,6
ATAACGGTTTAGCAAT,6
ATCAAGACAATTAACG,6
ATCACCCATCAGGCGG,6
ATCGATCTGATAGTAA,6
ATCGCAAAGGCACGAA,6
ATGCCAATCAAGGATA,6
CAAATCAAACAGACAT,6
CAAATGAGCATGTCAT,6
CAACTTCCACAAAATA,6
CACAGTTAATGCTATA,6
CACCAGCCGTGGAATA,6
CAGACTGAAAGATTAA,6
CAGAGGATGGCTTAGG,6
CATGGGCCAAGAATAA,6
CATTAAGAATTTCACT,6
CCAGTGTGTAACTGGG,6
CCATTTCTCCATCAGA,6
CCGAACTTTAACCCAA,6
CCGTTCTGGGGCTAAT,6
CCTAGGAAATATACTA,6
CGACAATGATAAGATT,6
CGAGTTATCTTGTATA,6
CGCACTGCGAGCTCTC,6
CGCGATCCAAGGCTGT,6
CGGGAGTGATGGCACA,6
CGGTGAATGAAGACAT,6
CGTAGAACAATGGACA,6
CGTGTGTTCTTGGGTG,6
CGTTCGACCTAGCGAT,6
CTAAGCAAAAAAGGTA,6
CTAAGCCAAGATGTGT,6
CTCTACAGTCGTGCAA,6
CTGAACCATAGGTGAT,6
CTGCGCAAGCACGTAT,6
CTGGACAAGAGGGCAA,6
CTTATAGGGTCGTACA,6
CTTCAAATTATTGAAC,6
CTTTCACCTCCCCACC,6
GAAACCCATGAAAGGA,6
GAACAGTTGGGGGTGA,6
GAAGCCAGCAGACCGA,6
GAAGTGCGCGCATAAG,6
GAATGACCCGATTTGT,6
GACACATTGAACTTGG,6
GACCCTTCCCTGCAGA,6
GACGGTATCACTTAAG,6
GAGACACAAAGGTTCT,6
GAGATAACTCCGATAG,6
GAGCGGCGGGTATTTG,6
GAGTCTCTGTAGTATG,6
GATAAGACTAAATTAG,6
GATGAAGAGAACCCTT,6
GCAATGCAGACGCCGG,6
GCAGTAAAGTTAAGGA,6
GCCCCAGGAGGCGACC,6
GCCGCCAAATGAACTA,6
GCCTGTCATCCTGAAA,6
GCTAAGATCAGGAAAA,6
GCTACAGGAATTAGAC,6
GGAGTTCGTTACGTAC,6
GGATTACGAGAGTAAA,6
GGCCAGGGGCCTACGA,6
GGCGAATCTTTAGAAC,6
GGGAAGGAATGTAATA,6
GGTAAATCGAGGATAT,6
GGTAGCAAGTCTCAAA,6
GTAAACTTGTCGAGAT,6
GTACGGTAATTAAAAG,6
GTACGGTTATTCAATA,6
GTATATAACAATTTTT,6
GTCATTCCAGTATTAT,6
GTGAGAGTAAAGTAAA,6
GTGTTGTTCACGAGGG,6
GTTACACACGAATTTA,6
GTTTGACAACTTTAAT,6
GTTTTACCGCAAACGG,6
TAAAATCCTACTCTCA,6
TAAACATATACTTAAA,6
TAAATCCACTGGGTAA,6
TAACAAAATGCTCCCA,6
TAAGGTCCCATAGTAT,6
TACACCAGGAAGAGGT,6
TACAGCTATCTATACC,6
TACGGGAGTATCCCCA,6
TAGAGTGAAAGTTAAA,6
TAGCCGGAGGTACTTA,6
TAGTAGACTTCCAACC,6
TAGTGATAATATCAGT,6
TATAATAGAATGTAAT,6
TATAATTTCTGTACAC,6
TCACAACCTGACCCGT,6
TCAGGCGATCGTAAAA,6
TCATTACATATTCATA,6
TCCGCACAGTGAGGGA,6
TCGTCCCCAGAGGCGT,6
TCTAGTAACAGAAGCA,6
TCTATACCCTTTTCAT,6
TCTCCGACTTCGTAAG,6
TCTTCTGAACCACATA,6
TGAAGGATTAGGGATA,6
TGAATCAAATAAATCA,6
TGACTAATCAGCCAGC,6
TGAGTTTAGAGTGGAA,6
TGCAATAGTCTAGCAA,6
TGCCGTATTCAGATGA,6
TGCCGTCCATCGATGT,6
TGCGTAATTAGAGCTT,6
TGGAACTGTACCTAGC,6
TGGATAGGTATTCAGA,6
TGGCCCATCCAATATG,6
TGGGGATTACAATTAA,6
TGTAACATTTAAGTAC,6
TTAATTCCGATCAAAT,6
TTACACCGAGGAAAGA,6
TTAGAACGCCTGAAGA,6
TTGGGTCTGCAAAACA,6
TTGGTCTATGATGTGT,6
TTGTGAGGCAACTGCA,6
TTTCGATCGCATGTAT,6
AAAACAGGCTATTAAT,5
AAACCTGTGTATGCAT,5
AAAGACATCAGGTATA,5
AAAGTGACTCGCTTAC,5
AAATCGAGGGCTTTTT,5
AAATCGTCCACCCTTA,5
AAATGACATCAAATAA,5
AAATGTAGGTAAAGAT,5
AACAAAAGGAAGTGGG,5
AACATAAAGACTTCAC,5
AACCGTGACGAGCAAC,5
AACTTGTGGAACCAAA,5
AAGAGGAACTTAGGTA,5
AAGATATAAGTGATGA,5
AAGCACGCAAGCCTAT,5
AAGGTCCAATAGAGGA,5
AATACCTGATGACAGT,5
AATCCCTACTCGTGAG,5
AATGCAGCGGATTCGG,5
AATGCGCCGAGCGATA,5
AATGTCAACCGTCTGC,5
AATTGCCGCAAGTCTT,5
ACAAAATACATCAAAG,5
ACAATTCGCAGCAAAA,5
ACACTAGAGCACTTGA,5
ACCAGGACGATTTCAT,5
ACCGAGGGTACTCCAC,5
ACCTCGGTAGTAGAGA,5
ACCTGTCAACAGATAA,5
ACGAGGTCTTCCTCGA,5
ACTAGGTAAAAAGAAA,5
ACTGATCCCCATCTTA,5
AGAATCGCAAAGAGTC,5
AGACAACCACCTCTAA,5
AGAGAACAAAATGATT,5
AGAGCTGTAAACTTTA,5
AGAGTATTCATGTATA,5
AGAGTGCATGATTGAT,5
AGATTGCCTCCAAGGA,5
AGCACAATCACAACAA,5
AGCTAAAAGAGAACTA,5
AGGAATTAATGCGGTA,5
AGGCACCATAGACTAA,5
AGGGCATACAAAAGTA,5
AGGGTACATCGAGTGG,5
AGTGAGCTATACTCTA,5
ATAACTCAGACACAAT,5
ATACACGATAAGTGTA,5
ATACTGACATTTGAGG,5
ATAGGAAAATCCTCTT,5
ATATAGGCTTAAGTGA,5
ATATCCTCAATGCAAG,5
ATTATGATCCTGCAAA,5
ATTCCTGTATATCGAG,5
ATTTAAAACTAAGGGC,5
ATTTCTCCTTTAATAC,5
CAAAATAGAAGTAGTT,5
CAACAACCCACGAGGG,5
CAACACGAGGTGAAAA,5
CAACTACGTTCCTGTA,5
CAATTATGGTAGATCT,5
CAATTGTACAAGAAGG,5
CACATTGAGTGTATAA,5
CACCCAAAAAGAAAGG,5
CACGAAAAATTAAACA,5
CACGCTCACAAATGAG,5
CACTGATAAACCTCAT,5
CAGCAACCAAAGCATA,5
CATCAACATTTTTAAT,5
CATGGTACGCGGGCAA,5
CATTGGCACGAGAACC,5
CCAACCACACGCCCTA,5
CCATCCTATCTCCTCA,5
CCCAAGGCTAGGCAAA,5
CCCACTCTTTTGACTG,5
CCCAGTAAATAATACC,5
CCCGGGTATGTATATA,5
CCGAAATACATTGGAC,5
CCGAGAACTTAACCGA,5
CCGCAAAAGGTAAAGG,5
CCTTTATACTCGGTGA,5
CGAAAATCCTTCAGAA,5
CGAAATTATATAACAA,5
CGAAGATTAAAAGAAC,5
CGGATCAAAATCAGTA,5
CGGTCATGTTGATAAT,5
CGTAACGTACATGATC,5
CGTGGGCTCGTGCTGA,5
CGTGTGATAAAAAGAG,5
CGTTCTAGGGACCAAA,5
CTAACAAGAGGCCCGA,5
CTAACAATTGACTTCA,5
CTAAGAACAAGACTTC,5
CTAATGTCATTAGTGG,5
CTCCGCTCCCATCGTA,5
CTCGGGCTCGGAAGCT,5
CTGAAAATTGAGGGAA,5
CTGAACACAGGCTCAC,5
CTGTCTAACCATGGTG,5
CTGTTGTTTAGGAAAT,5
CTTCTATTGGGATGAG,5
GAAAATCTGAAATACT,5
GAAACCTGTAATACTT,5
GAACACCACAACGGGT,5
GAACTGAATAAATTGA,5
GAAGGAACAGTGGCCA,5
GAATCCGATCCTACTA,5
GACATGTTTGAGGCAT,5
GACTCCACCATTGGTA,5
GACTGGTTTACAATAA,5
GAGATCTGTATTAGGT,5
GAGGGCGCCGATAATA,5
GATGCTTTTCGAGTGA,5
GATTAATTCTTATTCA,5
GCAGCGCAAGACCACA,5
GCCAATTATGGGGCAA,5
GCCATGTAAGGACTGA,5
GCCGAAAAACAAAAGA,5
GCCTACCTCACCAACT,5
GCGAAGATCCAACTAT,5
GCGATGTCCCGGAAAG,5
GCGGAGGTTTATCAAC,5
GCGGTCTAAAGTTAGA,5
GCGTCTTTGTCAATTA,5
GCTCACTTACCCGTTA,5
GCTTTCATTGAGGATA,5
GGAAAACTTGAACATA,5
GGCAAACCCCGTAATG,5
GGCGCCTGAACTGTGA,5
GGCTTTATAGGAGATT,5
GGGAACGAATAATTTA,5
GGTAGAGTATTACCTT,5
GGTCCAGGTGGAATCA,5
GGTCGTCTTAGAAAAC,5
GGTGGAAATAAGCGGG,5
GGTGTGGCACCATGTA,5
GGTTCATGAAAAGGTA,5
GTAAGAGTTCTCGTAG,5
GTATAACAGTGAATCG,5
GTATCTGACAAAGCCA,5
GTCCTTATTTAGGGTT,5
GTCGGGATTCCGTGAT,5
GTGGGCGCACTATGCA,5
GTGGGGATGCTTCTCG,5
TAAAAACATATTAGGG,5
TAAAGAATGACGATAT,5
TAACAGAGGGTTGGAG,5
TAAGGGGGCTTCTAGA,5
TAAGGTGAGAACTTTT,5
TACCGTCATATAAATG,5
TACCTAAGAACAATTA,5
TACGGCACGGCCAAAT,5
TAGAAAAACGGAAAGT,5
TAGAAATGAGTCTAAG,5
TAGACATCCTCGGAGC,5
TAGCTCGACGAGTTAA,5
TAGGGGACAATTGTTA,5
TATGGACACGTAGCAA,5
TATGTACAGGGAGCAA,5
TATTAAGCAATAGCTT,5
TCCCAAGGTTCCAAAA,5
TCCCTCGTTTCTGCAT,5
TCCGAACACCTGATAG,5
TCCGATGACCCAATGG,5
TCGAAGCAGCTATAAA,5
TCTAAGCTTGCTACCA,5
TGCACCTCGACTTAGA,5
TGCAGTGCCCCAGCTA,5
TGCTCGAGCGCCCTTA,5
TGGCAGCGAAGAATAC,5
TGGGAAGTCTAACTAA,5
TGGGATTAGCTATGAA,5
TGGGCTGGGAAAGTAT,5
TGGTGAGCGGCATGAA,5
TGTGTGGTATAAAAAG,5
TGTTTTTCTGGGAAGA,5
TTAACGAGTGACTCCA,5
TTACCAGCTAGGTGAA,5
TTACTATACGAAGCCA,5
TTATCTAATGAAGGTA,5
TTATCTGAAGTTCTAA,5
TTCGTCATCTTCCCTA,5
TTTAACATGAAACAGA,5
TTTATCATAAACGAAC,5
TTTATTGCAAAGTAGC,5
TTTCACTTTCTGCAAC,5
TTTCGGATCTGGCAAA,5
TTTGCCACATGGTGAT,5
AAAAAACCATGCGCTC,4
AAAAACAAAGTAATTG,4
AAAAGGAACACCCAGA,4
AAAATAGTGTATACTA,4
AAACAAAATTGAACAA,4
AAAGTGTCGTGATCAT,4
AAAGTTGAACGCCCGT,4
AAATGGTGTCAAATGT,4
AACAAGCACCTGAGTC,4
AACGGTCTAAGTCCAT,4
AACTATCTTTGATGGA,4
AACTCACGGACCCGCA,4
AAGAAAGGTTTATAGA,4
AATCAAAGCACTCAGC,4
AATGAGAAGGTCGAAT,4
AATTAATTGAGTACAA,4
AATTACAGAAAGGAGA,4
ACAAAAGAAAAAGAAA,4
ACAAGGTACGAATACA,4
ACACACGTACTCCCAG,4
ACAGTACTGAATATAC,4
ACATTTAATAGCAAGT,4
ACGAATATCCCATAAT,4
ACGAGAACGTTTCAAA,4
ACGGCCGTAGTTAAAA,4
ACGTTGAAAGGACCGT,4
AGAACAAAGAGAAGGA,4
AGAAGGCCTGCTGAAA,4
AGACCACCCATAAAAG,4
AGAGACAGTCTGGGAA,4
AGAGCATTAATAGTTG,4
AGATAAGCAATATGAT,4
AGCGGACAATAATAGA,4
AGCTAGTAAAAAGGTA,4
AGGACGATACGCCGTA,4
AGGTGAAGGATAGGAT,4
AGTAATGGTTAAACCC,4
AGTATATCTAAATAAT,4
AGTGCCACGAAATTCG,4
AGTGGAATCATGGGAA,4
AGTGTGATTCTGGCAC,4
AGTTTCATCTATCGAA,4
ATAAAAAGCACCCACA,4
ATATAATCCTAATGAC,4
ATATGAATAGATTAAA,4
ATCTACTCCGATTCAG,4
ATGAGAAGTCAATTAT,4
ATGCGAGAAACAATTA,4
ATTAGATTATATCAAG,4
ATTCAAGACGATCAAT,4
ATTGATGTAGATCTAG,4
ATTGCTCGCGGATAAA,4
ATTTATAAGGGACTAG,4
CAACAGTCCTTAACTA,4
CAACCAAAACTCGATT,4
CAATAGACTAAGTCCA,4
CACAAAATATATCTTT,4
CACAGTGTAACCCCTT,4
CACTAGTGACCGCATT,4
CAGACAAAATATTCGA,4
CAGCATAATGTGCGAA,4
CAGGACCTACCGCCTT,4
CAGTACAACGCATAGA,4
CAGTACTGATTAAGGG,4
CATATTACCCCATCGA,4
CATGAAGGTTTTGTTA,4
CATGCAAAGTCTTTAG,4
CATGCTGACAGCATTT,4
CATGCTGGCAGTCAGT,4
CATGTTCTTGATTAGG,4
CCAAGGCTAATGAAGA,4
CCTGGAGCTGATTGTA,4
CGAGCAAGGACCATAG,4
CGAGGCACACATACCG,4
CGATTGCAGAAGGGTG,4
CGCGGTCTAAAAGATA,4
CGGAAGGTCCTAACAA,4
CGGATTGTCTGAGATA,4
CGGCGAACTCAAAACC,4
CGTAGAGTGGTCTATA,4
CTAAGATTGGACGCGA,4
CTACACCGAATTTTAA,4
CTAGTATTAATGATTA,4
CTATTCCAAGTAAACA,4
CTGCTCTCGGTTGGGG,4
CTGGCCTCCAAAGTTG,4
CTGGGAGTAAGTGTTG,4
CTGTAGTTATAGGAGG,4
CTTTACAGACACGAGT,4
GAAATGAATGTGGAGT,4
GAAATTTGTGAACTAA,4
GAACGACAAACTATAA,4
GAAGTAAAGGCATAAT,4
GACACATAACACAAGG,4
GAGAGATAAAGCCAAC,4
GAGCACATATGAAGAA,4
GATAATTGCATTTCAA,4
GATATAACTGAATCTT,4
GATGGTACTTGACAAA,4
GATTAAAAGGACTAAT,4
GCACATTATAAAACAA,4
GCCCCGGGAAACAAAT,4
GCGAATAACAATGGTA,4
GCTTTGACATCTAATA,4
GGAAAAATGGTTAACA,4
GGAGAAGGCTGAGGAA,4
GGAGCATGCCCTCTGA,4
GGCAGGACACATCTAG,4
GGTACGGAACGTTTAA,4
GGTCGGAAGGGAATTT,4
GGTGCGATGAACGGAT,4
GTAACTAAAGTTTATA,4
GTATGATTCATGCATA,4
GTCATATCAGGCCAAA,4
GTGAGAGAAAAGGAAA,4
GTGAGCGGGAGGACTA,4
GTGTCGACGACAGCGA,4
GTTTATAAGGAAATTA,4
GTTTCAAGGGATTTTG,4
TAAATTAAGGCAACAG,4
TAAGACAAAGAGCATA,4
TAAGTCGTGCACGAAT,4
TACAAAAGACTCAAAA,4
TAGGGTAAAAGGTACT,4
TCAATGTAGAGGGAGC,4
TCTCACATTACAATAT,4
TCTCGACATGGAACGG,4
TCTGATTTTGGCAGAA,4
TGAAATCCGATCCTTA,4
TGACATCGTCCACCAT,4
TGACATGGGCGGCCGG,4
TGGTCTGTCAGCCTTT,4
TGTACTTTGTCTACCA,4
TGTGAAAGGACAGCAA,4
TGTTTTCTGTGTGTGG,4
TTAATCGTTTAGATAG,4
TTAATGCGACAGGAGC,4
TTAATTAGCAAATATT,4
TTACGCTTGATGCCCT,4
TTAGCCATCTATACAG,4
TTCATCAGGACTCTGG,4
TTCATGGCGAATAGAT,4
TTGAAACGAAATTGCA,4
TTGACATTGATGATAA,4
TTGCGCGGTGTCATGT,4
TTGTAACGGAGGAAAC,4
TTGTTGTCAACAATGA,4
AAAAAAGAACGGAGGA,3
AAAAATGTACGGAGCT,3
AAAAATTTAGGTGGAA,3
AAAACAAATGCCTCGA,3
AAAATTAGTACAAATA,3
AAAATTTACTCGTAAA,3
AAACGTGTTAATTAAT,3
AAATACACTTTTTACA,3
AACAACACGAGATCAT,3
AACCTACTTAAGGTGG,3
AAGACACTTAAGATAC,3
AAGACTAAAACGAGGA,3
AAGTAAGTGAATCAAG,3
AATGATGGAGTGCCCA,3
ACAAACATAAAGAAAA,3
ACAACATGAAACATAA,3
ACAGATGTTAATGAAA,3
ACATAGAAGCAAGCGG,3
ACCACTCCGCACTATT,3
ACCCCTCCCGATCACT,3
ACCGCGCAACCAGGGT,3
ACGAGCTAAGAGGGAA,3
ACTACCCGGCGCCCTA,3
ACTCCACGGCACGCTA,3
ACTGAGTGGTGCCTAG,3
AGAATATAAACGCTAA,3
AGACGGGAAATACAGT,3
AGAGGCTAAGTCATGG,3
AGATGATTTAAGTAAT,3
AGATGCCGCGAATCGT,3
AGCATTGACGACCTGG,3
AGCTATCTCAAGATAA,3
AGCTTATCCGACGGGA,3
AGGATGAGCTAATTTG,3
AGGCGATATAATCAGG,3
AGGCTACGGGAATTGT,3
AGTCAGTCCCTATTAT,3
AGTCCTAAACCGTAGA,3
AGTTTAGAAGGGCAAA,3
ATAAGTGCAGGTCAGA,3
ATATAATCACAGCTTA,3
ATATCTCTACTTAAAT,3
ATCCAAAAAAGTCAAA,3
ATCTGTAATGCATTCA,3
ATGACGAGCGACCCTT,3
ATGATACACTAGATCC,3
ATGCACGTGCATCAAC,3
ATGCATAAATAGGACA,3
ATGTCGTGATTAGCCA,3
ATTCAGTCTGATGATA,3
CAAAACCGTTACCAAG,3
CAAAGAGATATGAACC,3
CAACAAGTATCTGGGC,3
CAACAATTTAAAGATT,3
CAACAGAAATGCATTC,3
CAACGTAGATGTCAAC,3
CACTAAGCCGGGTTTA,3
CACTTCCTAAATATTA,3
CAGAGTTGAATCTAAA,3
CAGCGATTATCAAATA,3
CAGTGGCTCACGACAC,3
CAGTTTATATGAATAG,3
CATCTCCTATAAATCA,3
CATGCTTGGTAATCAA,3
CATTGCCTGAAAGGTG,3
CCAAGTAAAGCTGGAA,3
CCCCCATAATCACGGT,3
CCCTAATTGAATGCAC,3
CCCTGCAAGCAGCTTT,3
CCGAAAGGGCGAGCAA,3
CCGGAAAAAAAATGCT,3
CCGGGAGTGCAAAAGG,3
CCTAATAAAATTCTAT,3
CCTACATGACCATTGA,3
CGAGGCTTAAACTCAA,3
CGGCATGTACTATTCG,3
CGGTAATGGTGTTAGC,3
CGTACGCAAACATAAA,3
CGTCGGGGAAGGGCGC,3
CGTGCTCGGTGAAGGA,3
CTACAGATTGGAATCT,3
CTGTTTCAGGTCCTAA,3
CTTAGTAAAAAGAAGG,3
CTTCCGAGGGATAAAA,3
CTTGGGACGTACCCTG,3
CTTTGGATAAAGGGAA,3
GAAAAAACAAGGGACT,3
GAAACGGTGATACTAA,3
GAACAATCTAGCAGGT,3
GAACGGTTATTCCCAA,3
GAAGGAGGTCAGGGTG,3
GAATACTACCTTCTTA,3
GAATTGGTGATACACA,3
GACTAATAGAGCCGAA,3
GAGTCAACAAGCGATA,3
GATAACACCCCAAGAA,3
GATATATATAGGCCAA,3
GCAACTATGCTAGGTA,3
GCAAGCGCACCCGATA,3
GCAGAAAACGATTAAG,3
GCCAAGAAATGTATAA,3
GCCACATTATCGAGTT,3
GCCAGGATTAAACTAA,3
GCCTAATGTCTTTTGG,3
GCGCAGAAAAAGAAGA,3
GCTACTAATCTCCTTA,3
GCTGAAATCAGACATG,3
GGAAGAATTACAATAG,3
GGACTTAACACATTGT,3
GGAGCACGGTCGATAG,3
GGCAGACGATTCCTAC,3
GGCCACATCACGTGGG,3
GGCTAGCCCAAGGTTT,3
GGCTGAGTGAGTTGTA,3
GGGGGCTTAAACGAGA,3
GGTTTAAATAGGGAGT,3
GGTTTGACTCGTACTA,3
GTAATTCTCGAAAATG,3
GTAATTGAACACAAGT,3
GTACAAAAAAACTGAA,3
GTACACCCCGAAATAA,3
GTAGTTAACAAAGGAA,3
GTATGAAACTTACCTA,3
GTCTTTTTGATTGACT,3
GTGTGGAAGACCTTGA,3
GTTTACTTCAATGTGC,3
TAAAATGCCTCAATAA,3
TAAACGAGGACCTTAC,3
TAAACTCAAGAAACTA,3
TAAAGGATCTGACAAC,3
TAAAGTCTCAACCTAA,3
TAAATAAACAAGTGAG,3
TAAATAATGATTACAG,3
TAACGTTTATCAATAA,3
TACAAGTTTATAAAGT,3
TACAGCTTCAGGCTAT,3
TACGCTAAGACCAACA,3
TATAATTTAATTCATA,3
TATACACTTTCGATTC,3
TATCAGAACTATAAAT,3
TATCGAGTTTATAAAG,3
TCAAGAAACTAGTAAT,3
TCACATAATATGGAGA,3
TCAGGGCTGACGGGCA,3
TCAGTGTGGTGAAGAG,3
TCATCAGTGATCGGGA,3
TCATCGACTCCAATTG,3
TCGGACGGTCTCTCGT,3
TCGGCCCCACGCTATA,3
TCTGTTAACATTCAAA,3
TGAAACTGGCCGGAGA,3
TGAAGGCTCATCGCCA,3
TGACTGGAACCTACCA,3
TGATACCTCGCTTTTG,3
TGATCGAGGGAGTTTA,3
TGCCACGTTATGACGC,3
TGCCCGATTTTGATAA,3
TGCTATTGACAGTGGT,3
TGTCGGTAGTAGCGGA,3
TTACTGACCAATTAAA,3
TTACTGGCCGCCGAAA,3
TTAGCGTTCAGGTTAA,3
TTCAAGGTCCGATGAA,3
TTCCTAGCTAGACAAT,3
TTGAATGGATCGGTTT,3
TTGCATACGCCTATTC,3
TTGCCGGCGGAATGCA,3
TTGCTCAAACAAGGGA,3
TTGGCCGTTAACCGGG,3
TTTTCTGGAAGTAGGA,3
AAACCTAGTCTCCAAT,2
AAAGATAAAATAAAAT,2
AAAGTACCAAACCCAT,2
AAATCAGGCGTGTACA,2
AACACACAACACTTGT,2
AACTGGAAGTTGTCCT,2
AAGAACCAGTAAGGTT,2
AAGCATAGAGATTGTA,2
AAGCCGAAACACATAG,2
AAGGAATGAAGGCATA,2
AAGTCGTATCCTTAAA,2
AATAAGAAACACACAA,2
AATAGCAACTGTAAAA,2
AATGAGTTCTGGGACT,2
ACAACTGACAAATAGG,2
ACAATAAATCAGAGGT,2
ACAATCACTTGGACCA,2
ACACAGTGTACGTATG,2
ACATACTTACAAGGAG,2
ACCCATTAACGAGTAT,2
ACCCTCGTAGGAAATA,2
ACTAGCGTGTGAATGT,2
ACTAGGAGTAAAAGAT,2
ACTAGTCATGAGAATA,2
ACTGACGGTCTGTAGC,2
ACTTAGGCACGCGCCT,2
AGAATTTACATTGAGA,2
AGGCAGACATCGAACT,2
AGTAGGAAATGTTACA,2
ATACCGTTGTTTGCCA,2
ATACTTTAATCAGACA,2
ATAGCATAGAAAAGGA,2
ATAGGGTCAGCTTTAC,2
ATATATGGAAAGGATA,2
ATATATTACTCAATAT,2
ATATTCGCGCTAGGGT,2
ATCAAAATAGAAGAGT,2
ATCACCGACATCTATA,2
ATCCAGACCTATGGAC,2
ATGAAATCAAGTCCTG,2
ATTCATACAGTTAGAT,2
ATTCGTGCAAAAAAAC,2
CAAGCAATCTTATGAA,2
CAAGCAGATTGACGGG,2
CACATGACTCTGCCTA,2
CACCTTTAAAGAATTA,2
CACTTGCTCTAGTCAA,2
CAGAAGACTAACATGG,2
CAGCCCGATACCTCCA,2
CAGCGATACTTTAGTA,2
CAGGTCAAAGCAGTAT,2
CATAAGTGCATGCATG,2
CATCCTTTCTCAGTGA,2
CATTATAGATGGCCGG,2
CCACACTCTTCCAAGA,2
CCATGCCAAAGTAGTA,2
CCCTAATGAAAATTTA,2
CCGTCACCTAACATCA,2
CCTAGCCAGGTCTCAA,2
CCTGGCAGTCATAGAT,2
CCTTGTACAAGGGCGT,2
CGAATCTAACGGAAGT,2
CGCGATGGATGTTAGT,2
CGGGATAGGGATCAAA,2
CGGTGAAATGACAACC,2
CGTAACTTAAGATTAT,2
CGTTATATATCGAATG,2
CTAAATACAGAGAATG,2
CTAAGATAAGATGAGA,2
CTAGACCTGCAGGTAT,2
CTCGAGCAACGCTTAG,2
CTCTACTAAAAGGCGA,2
CTGACTCGGTTAGGGA,2
CTTATACCGAACCACT,2
CTTGAAGGTTGAGACC,2
CTTTTGTGCCTTTTAG,2
CTTTTTAGTATGTATA,2
GAAAACCAGCTTCCGA,2
GAAGAAGGTCGTAAAG,2
GAATGCAGGCAGATGT,2
GACCATCTTCGAGTCA,2
GACTCTACTTTGTGGA,2
GAGATTACACTATAGG,2
GAGGATTAGCGAATAA,2
GAGGCTTAAATGGCCA,2
GATGGGTTGAAGCGCG,2
GCAAAACCCTAAACTT,2
GCACCGAATAGTCCCC,2
GCCCTCTATAACGGGG,2
GCGTGACGACGTCCCA,2
GCTAGCGACATCAGAG,2
GCTGTATAAACCAGCA,2
GGAGAGTTTATTGGGG,2
GGATCAGTGCCTCCCA,2
GGCCAACCAAAATAAG,2
GGGCTTGGAATTGTAT,2
GGGGTTCGTGGAAGGA,2
GGGTCCCTGATAATAA,2
GGTGCCTACGTCCCAC,2
GGTGGTTACATACTAA,2
GGTTAAATGGGTATTT,2
GTAAATACCAGGGCAA,2
GTACAGCAACACATGG,2
GTACTAGATTGTTAGA,2
GTATACGAAAGTTCAA,2
GTATACTGAGCACCAA,2
GTATCCGGAGATCCTA,2
GTCTATCTTGACACCA,2
GTGAATGAAAACTACA,2
GTGACGGCTAAAAAAC,2
GTTATTAACACGAAAC,2
GTTCAACACAGCGTTA,2
GTTCAGCACGAATAAC,2
TAAAACATACAATCCC,2
TAAATACGTTACTCTA,2
TACGGGTATACCACAT,2
TACGGTTTTGTAAAAG,2
TATCAGCCGCAACAAA,2
TATCCCCAGGTGTAAA,2
TATCCTACTGATCATG,2
TATTAATAGATCGCTA,2
TATTGGCACCGAATCG,2
TCAAAACGCACAGGCA,2
TCAACAGTAGTTAGTT,2
TCAATACTTAAGATGA,2
TCACGCCGTGAGGCAG,2
TCAGTCATCTTATAAT,2
TCATTCCGCCCTGCAA,2
TCATTTCGCCGATACA,2
TCCCCATACTGACAAA,2
TCCGTGACGACAATAA,2
TGAAAATAGAGATAGG,2
TGAAGATTGAACCCTT,2
TGACATAAGGAAAGCA,2
TGCAAACCAACGATAG,2
TGCAGGGTGACGTAAA,2
TGCCCTGTGAATGCAG,2
TGGTAATCTTGTAAGA,2
TGTGAAATCTAATAGT,2
TGTGGTACGTATTACA,2
TGTTCCACGTGACTAA,2
TTAAAAAATCATTCAA,2
TTACGCGCAAGAAAGA,2
TTAGATGCTGACAAGA,2
TTAGGGGTCAACGTGT,2
TTATTGAACTTCATAT,2
TTCTCACCACAATACT,2
TTCTGGACCCACGTAG,2
TTGAACATTAGTTATA,2
TTGATAAACCTACAGG,2
TTGATAGAAAAGTAAA,2
TTTAATATTACTATAA,2
TTTACGCAATCTTCAC,2
TTTAGCTAAATAAGAG,2
TTTTTACTTACCATAA,2
AAAAAAATTTGGATAA,1
AAAACATAAGCGGAGA,1
AAAAGCTCGATGTCAG,1
AAAAGCTTGATCCCCC,1
AAAATCCGTACCGTTT,1
AAACAACAACAACCCA,1
AAACAATAGTATCAGG,1
AAACTTAGTGTCTCAT,1
AAAGGCCACTGCGTCC,1
AAATAAGGGGGCCTTA,1
AAATGCAAATGTATGT,1
AAATTCGTACTTGCCG,1
AACACTAACATACGAG,1
AACCTCCTATCTCAAA,1
AACGAAGCATGAAAAA,1
AACGAGCAAAGGTTGT,1
AACGGTGTTGAAGCAA,1
AACGTTAAAAGAATAT,1
AACTCCCCCCGGCCAT,1
AAGATACAGTGAGAAA,1
AAGCCTATATTAGAGG,1
AAGGGTAACAGATACG,1
AAGTCAAGAACCCAAT,1
AATAAAGGGATCGTAA,1
AATAACACGATTAAAG,1
AATACGGCATCACTAA,1
AATCAACGATGATAGT,1
AATGCAAAGCGCCATA,1
AATTATGGATGGTTAG,1
AATTGTAAGCGTGGAA,1
ACAAAATCGTGATTCT,1
ACAACAGACGCCCTGT,1
ACAATCACGTCCTTAT,1
ACATTAATATTACTCA,1
ACCTCCGAACACATAG,1
ACGAGGAAACATAATA,1
ACGCGTCCTTGGGAAG,1
ACGGAGACCAGAGAAA,1
ACTAAGAAAGATAGGT,1
ACTATAAACCTGGAAT,1
ACTCCTGTATTAAAGT,1
AGAAAAAGGCCGTGCT,1
AGAACGCGGTATGGTA,1
AGAATTACTACTATAT,1
AGAGAAATAGGGTGGA,1
AGCCATTACCTCGAAT,1
AGGAAGAGCAATGAAA,1
AGGACACAATTAAAGA,1
AGGCAGCAGGGAATAA,1
AGGGTGAGACCGGATT,1
AGTAAAAACGTTGCCA,1
AGTCAGCTGTACCCTA,1
AGTGCTCGAGTTATGC,1
AGTGTCAGGGTATCCT,1
ATAAAGAGAGTGCAGA,1
ATAACCGAGCTTACGT,1
ATACCGACTAGGGGTA,1
ATACGGAACTATCTTA,1
ATACGTCTGCGATACA,1
ATAGCATTCGTAATGA,1
ATCAAAGGCAGTGACA,1
ATTCTCTGTAATAAAG,1
ATTGAAGAACAGGAAC,1
CACCAAGACTACGGGA,1
CACTGACAAGCAGCAT,1
CAGGTAGAGAAGCGAG,1
CATAACACCGGTTAAC,1
CATACCGATATAACGA,1
CATAGCAGAGGGATCC,1
CATCCTAGATTATCAT,1
CATTAAAACCCAGCAC,1
CATTCTAATGTCACAA,1
CCAATGGGGCATCTAA,1
CCACTCCCTTCAATTA,1
CCAGTGTAGGAGGGGG,1
CCATAACGCAATTAAA,1
CCATTAGCCGCGGAGA,1
CCCCCGTAGTATGCAT,1
CCCCGGACGCTCATTA,1
CCCGGGCGCCCAGCGT,1
CCCTTTCAGAACATGA,1
CCGCTCACCCACTTGA,1
CCTAATATAGAAAAAA,1
CCTACATAGCTTTAAC,1
CCTCGCAACAACGGAA,1
CCTCTTCGAACGCCAC,1
CCTGAGATAGCTCGTT,1
CGACATTAAGTCACAG,1
CGACTAGATCACGCAT,1
CGAGCAGATCGTACAC,1
CGAGGCAGAACATGGA,1
CGATAAATCACCGATA,1
CGCAACCACACCTTTT,1
CGCGAAAGACGATGGA,1
CGGCAACAGAGGGTTA,1
CGGTAAACCGGTGGAG,1
CGTAATACTAATCAAT,1
CTACAAAACAAAAAAG,1
CTAGAGAGAACTCGCC,1
CTAGCGTAAAAGAATA,1
CTATAATTGAACTGTA,1
CTATGTTGACACGCCT,1
CTCACCGAGTAAGGCG,1
CTCCGCCATAATCAAT,1
CTCCGTCATACTCTGG,1
CTCGGTATAGTTCCAG,1
CTGGTTGTTTCAAGGA,1
CTTGCTCAAACGACAC,1
CTTTTGTCCCCACTAC,1
GAAATGACAAAAGAGA,1
GAATACACTGAAACCA,1
GACAGCCGTAGGCTCA,1
GACCTATAGAAACCTA,1
GACGAGCTGGCTTATG,1
GATAAGGATTGAAATA,1
GATATAAATAGCATGT,1
GATCCAAGTTAGAGCA,1
GATTGAGCGTGCAAAG,1
GCACATGATGATGACC,1
GCACGATTCCTACTAA,1
GCATAAGGAGATAGCT,1
GCATTAAAAACTCGTA,1
GCCCTAGATCTAGCCC,1
GCGTTCAAGCTAATCT,1
GCTTCTTTCTATCGAA,1
GGCCATAGGCATGAGG,1
GGCGGTTTGTCCCATA,1
GGGATGGCCTGCTAAA,1
GGGGTCCAATGTTAAG,1
GGGTTACACAAACTGA,1
GGTGTAGCAACCTAAA,1
GTAACACTAAAGCCAA,1
GTCGCGACGCCTAACT,1
GTCTGACACACTTTGC,1
GTGCCATGCTGGGTAC,1
GTGTAAATTCCACATC,1
TAAATCTTAAGAATAA,1
TAAGTAAACCGATAGG,1
TACACAGTGTGTGACG,1
TACCAAAGTAGAGGTA,1
TACCCCCTGCGACTTA,1
TACGACCTACGACATA,1
TACGCTCGCTCTCCAA,1
TACGGACAATCATATG,1
TAGACACACACAGGCA,1
TAGCGAACCCCTACTA,1
TAGGAGCAATCATTTA,1
TAGTCTCACAGCATTT,1
TATAGACCAAGCGAAA,1
TATCGACCATAATGAA,1
TATGCAACGGCTATTA,1
TCACTCCGACACAGGC,1
TCATCGGGATCAGAGC,1
TCTCTTGTTACATAAC,1
TGAAATACAATTGCAT,1
TGAATAAATTCATATA,1
TGAATAGCATCTCCTA,1
TGAATGGGTAATCCAA,1
TGAGGGACGGCACAGT,1
TGCAAAACCCAGTAAA,1
TGCAAACACGAGAACG,1
TGCGGGAAAGCTATTG,1
TGGCCACTCATTAAAA,1
TGGCGAATGAATAAAT,1
TGTTCCATGCTTAGTG,1
TTAAATATGGGCCGTA,1
TTAATTTAGTGAATTG,1
TTACGTTTAGACGTAG,1
TTCAATTAGAGTTATG,1
TTCCCCATTCTATTTT,1
TTCGGTGGCAGAGGCT,1
TTGGATAACAGGGAAA,1
TTGGCCAAGCAATCAT,1
TTGTCATGTGATTAAA,1
TTGTGATTTAATAAAT,1
TTTACTAAGGTGGAGG,1
TTTCCCGTTTCTCTAT,1
AAAAAAAAAAAGCCAA,0
AAAAAAAAGGCTTCAC,0
AAAAAACCCTATATGA,0
AAAAAATACCCTACGA,0
AAAAAATATTGGGGAT,0
AAAAAATTTGCGGGTA,0
AAAAACAAAATATCGT,0
AAAAACCATGTTGGAA,0
AAAAACCTCGTATGGT,0
AAAAACTAACGATCGA,0
AAAAACTTATCATAAA,0
AAAAAGACCCTAGGGA,0
AAAAAGAGTTAAAAGT,0
AAAAAGCTAATAAGTC,0
AAAAATAACAATATAG,0
AAAAATAAGTAGATAC,0
AAAAATGATACTCTGA,0
AAAAATGGGCAAGCAG,0
AAAACAAAAGAACTTA,0
AAAACATAAGCCAGAT,0
AAAACATGCACACCAT,0
AAAACATTAAATTTCA,0
AAAACCACACACTCCT,0
AAAACCACCCCCCAAC,0
AAAACCAGTAACAAGT,0
AAAACGGACGTATCAA,0
AAAACTTCCGAATTGG,0
AAAACTTGATCATTGT,0
AAAAGAGGGATTGCAT,0
AAAAGATTATGGCCGA,0
AAAAGTAAAAACTTAT,0
AAAATATCGAATGACT,0
AAAATCCTGGAGTGTA,0
AAAATGATCTGCATGA,0
AAAATGTTCTGGTAAA,0
AAAATTCAGATATAGA,0
AAACAACGATTATCCT,0
AAACACCTCCTTCCAC,0
AAACAGAACCCGGTAA,0
AAACAGTACTAATAAA,0
AAACATGAAAGAAGCT,0
AAACCGCCAGAACTAC,0
AAACCGGCTCTAATTC,0
AAACCTCCCGCACATA,0
AAACGACCGCACAATT,0
AAACGACGAACCCTAA,0
AAACGAGTAATTTACA,0
AAACGATCTTACAGGT,0
AAACGTGTCAGAGAAA,0
AAACTACAGCGTAAAC,0
AAACTCCAGATTTAGA,0
AAACTGCCCCTTTGAC,0
AAACTGCCTGTTTGAC,0
AAACTTCCTATAAGGT,0
AAACTTTGACTAATAG,0
AAAGAACAGTTCCACT,0
AAAGAAGGATAAACGG,0
AAAGAAGTTACCGGGG,0
AAAGACACAGTGAAAT,0
AAAGACCTGGGCAGTA,0
AAAGACTTTTATTTGA,0
AAAGAGCGGACCAAAC,0
AAAGAGCTAGAGCCAC,0
AAAGAGGCTAGGCAGG,0
AAAGATCGTGGCCTAA,0
AAAGATGGACCAATCA,0
AAAGCGCATGCCTTAT,0
AAAGCTTCCTCGACCA,0
AAAGCTTGAACATAGA,0
AAAGGAAGTACTTTTA,0
AAAGTAGCTGGCTTAG,0
AAAGTCACAAAGTTAG,0
AAAGTGCGAATTTAAC,0
AAATAACACTGGAAAG,0
AAATAACATAGCTACA,0
AAATAAGCGACCACAA,0
AAATAATAAAAAGAGT,0
AAATAATGGGGTATCC,0
AAATACACTGAAACCA,0
AAATACAGTAATCCGG,0
AAATAGATAAGCGACC,0
AAATAGGAGCATCTAA,0
AAATAGGTCACAAGAT,0
AAATATAACCGTGTAA,0
AAATATAGAAATCCTA,0
AAATCCCCGTATACTT,0
AAATCCGATCCTACTA,0
AAATCCTTGAATCGGA,0
AAATCGAATCCTTGCA,0
AAATCGTACGCATCTA,0
AAATCTAAGCGATGTA,0
AAATCTAGGTCATCGA,0
AAATCTGGAAAAGATA,0
AAATCTGTTGTACCAG,0
AAATGGCCAATTTTGA,0
AAATGGGCACTGTAGA,0
AAATTAGGCCCCGGAG,0
AAATTATCTCGAAGGT,0
AAATTCACCATAGTCT,0
AAATTGCTAAACGCCT,0
AAATTTTGTAGATCTT,0
AACAAAACAGAAATTA,0
AACAAAACCCGGTACA,0
AACAAAGAATACTACC,0
AACAACTCCTGCCCCA,0
AACAAGACACGAGTGA,0
AACAAGAGGAAAAGGT,0
AACAAGCCACTATAGA,0
AACAAGGACTGGTACT,0
AACAAGGGTCGTACAA,0
AACAATACTTATAGAA,0
AACAATAGGCAATGGA,0
AACAATCAGCAGTTGC,0
AACAATCTCTAATCCC,0
AACACGCACGTGAGAT,0
AACACGCTTCATATGT,0
AACACTAATAACACCA,0
AACACTGAAGATGTAT,0
AACACTTATGTACCTA,0
AACAGAGCAACTTTAA,0
AACAGATACATTTAGA,0
AACAGCATTCCTCCTG,0
AACATCCCATGATACA,0
AACATGTATTGAGAGA,0
AACATTTACAGTTCCA,0
AACCAAATGTCTAAAT,0
AACCACGGCCAACAAA,0
AACCAGTAGGGGGTTA,0
AACCATGAGATTAAAA,0
AACCATGTAGCCGCAA,0
AACCCCAGGATAAGAT,0
AACCCGGGCATACAGA,0
AACCCGTTTTTCGGTA,0
AACCGAAATTAATGGG,0
AACCGATAAGTAGAAC,0
AACCTAATAATATTGG,0
AACCTAGTATCAAAAA,0
AACCTATGTGTCATTA,0
AACCTTACTATAAAGG,0
AACCTTTGTTCGATGG,0
AACGAATAGCTGAGGT,0
AACGAGCATGACGCAT,0
AACGATTCTTGGCAAT,0
AACGCAAGGCTCTCTC,0
AACGCAGCGGCAACCT,0
AACGCAGCTTGATATG,0
AACGCGTAGACAGAAA,0
AACGCTAATAGAAAAA,0
AACGTAGAACGGCAAT,0
AACGTGCAGCTAAGTT,0
AACGTTAGGTGTATAA,0
AACTAAAGTTGTAAGG,0
AACTACAGAGAAACGA,0
AACTATAGGTAGCCGG,0
AACTATCAAAACTAAG,0
AACTCAGGTATATAAA,0
AACTCATTAAAGCGGA,0
AACTGAACGCAAACTT,0
AACTGACCTAAGCCAA,0
AACTGGTCGCTCATAT,0
AACTGTGCTCATCCCT,0
AACTTATTAGAACCAA,0
AACTTCACCGTCCCGC,0
AACTTGAAACCATGAA,0
AAGAAACAGTTATGTA,0
AAGAAAGAGATAAGAA,0
AAGAAAGTTTAGATCG,0
AAGAAATATGTTGCGG,0
AAGAACTAGGACCCTT,0
AAGAACTTAACGAGGA,0
AAGAAGACTCATAAAA,0
AAGAAGCTCAAAGGAA,0
AAGAAGGACTCGACCA,0
AAGAAGTGATAACCTA,0
AAGAATTAAAAATAAA,0
AAGAATTCGCTGTAAA,0
AAGACACGATGGAAGA,0
AAGACTCTGAGAAATA,0
AAGACTTCCAAGACAG,0
AAGACTTGTTTATTTA,0
AAGAGAATACTTAAAA,0
AAGATAACAAGACAAA,0
AAGATAGCATAATCCT,0
AAGATTAGACTGCTAA,0
AAGCAAAAAAAAACAG,0
AAGCAACTTAGACTAT,0
AAGCACAGGGGAACAT,0
AAGCACCACATAAAGT,0
AAGCACTCACTACAGA,0
AAGCATAGGTCTACCA,0
AAGCATATACCCCAGT,0
AAGCCAAATATTATGT,0
AAGCCATAGTAATTAG,0
AAGCCCCATCTCGTTA,0
AAGCCTATTTTCCCCA,0
AAGCCTTATCAATATA,0
AAGCGAGAGCCCTAGA,0
AAGCGCCGTTCCTGAG,0
AAGCGGGTAGGATGAT,0
AAGCGGTGACGGTATG,0
AAGCTAGTCAATCAGG,0
AAGGAAAAATTTAAAT,0
AAGGATAGAATAACTT,0
AAGGCCATGTGGGGAT,0
AAGGCGGCAACAGTTT,0
AAGGTAGACAGATATT,0
AAGGTGCACTGTACGT,0
AAGGTTAGGCCCAGAA,0
AAGGTTATTCCTCGCT,0
AAGTAACAGCGCGAGT,0
AAGTGCCTAAGAATGC,0
AAGTGGCCCGCGAAGA,0
AAGTGGGGAAAGTAGA,0
AAGTTGAGGGATGAAA,0
AAGTTTAAAAGTCGCG,0
AAGTTTTACTCATCAA,0
AATAAAAAATTGTACC,0
AATAAAATGCCACCAA,0
AATAAACAGATCACTC,0
AATAAACTCTAAGAAA,0
AATAAATGGGCGTAAT,0
AATAACAACTCATCCT,0
AATAACAGCCTCCTGA,0
AATAATAAGCAGCTCA,0
AATAATATTAACCGAG,0
AATAATTGATACGGAA,0
AATACAAGTCCTCCAT,0
AATACAATATTCTTAG,0
AATACACATCAAACAC,0
AATACATATCGTCCGC,0
AATACATTCTTTCGGA,0
AATACCCGAAATCTTT,0
AATACCTTAGACGAAA,0
AATACGAAAATAGCTA,0
AATACGCGGGTGACTC,0
AATACTCAATATTAGG,0
AATAGAGGACCAGTGG,0
AATAGATAATAATTAT,0
AATAGGCTCGACGCAA,0
AATAGTTACTTCAATA,0
AATATGGAACTGTATA,0
AATATTACAGTAGAGT,0
AATATTTGACACCATT,0
AATCAAGTGCAACACA,0
AATCACGAGATCAATA,0
AATCACGCTGGTTAGG,0
AATCAGTTGTTCTGGT,0
AATCGAATAAACAACA,0
AATCGGTTTGCATAAC,0
AATCGTTGGAACAGAT,0
AATGAAAATGCACTGA,0
AATGAACAGATTCTGT,0
AATGACCACTGTATAA,0
AATGATATTCATAGAT,0
AATGATCCGCTCAAAT,0
AATGCATCTTGTTATA,0
AATGCTGGGCTGCAGC,0
AATGGACGTATTACGA,0
AATGGCAATCAGCAAT,0
AATGGGGGAAGAAAGA,0
AATGGGGGCCCAATCT,0
AATGGTCTAGATATAA,0
AATGTAAATTGTCGAG,0
AATGTACCACGCGATA,0
AATGTCATATCAGTAG,0
AATTAGATCAGCTTTA,0
AATTAGGAGTACTGTA,0
AATTCACGCTTATCAA,0
AATTCACTTTGCGGGA,0
AATTCCAACTAATTCG,0
AATTCGGCGCGTAGCC,0
AATTCTAGATGAATCT,0
AATTGAACAACCCAAA,0
AATTGAATTCATTGAA,0
AATTGCGATTTAAAGT,0
AATTGGGACAAATAAA,0
AATTGTCAAGCCTAGG,0
AATTTAGCTGAGAGAA,0
AATTTGCACCCACTAA,0
AATTTGTAAAAACACT,0
AATTTTCAAACACAGA,0
ACAAAATGACTGAGTT,0
ACAAACAACTAATAAT,0
ACAAACTTCCATGGAT,0
ACAAAGACTGGGAGTA,0
ACAAAGTTTCACATGT,0
ACAAATAGCCCGGGTA,0
ACAAATGACTCAAGAG,0
ACAAATTACCGGCCTA,0
ACAACAATCTTACAAC,0
ACAACCAGGATGAAAT,0
ACAACCCAGGACACAG,0
ACAAGAACAAGATCAA,0
ACAAGCATATAAAAAA,0
ACAAGCATCCAGGATA,0
ACAAGGAACAGGTTTA,0
ACAAGGAGCACCCCTT,0
ACAAGGGATAATTGAA,0
ACAAGGGTGACCAGTG,0
ACAAGGTCGTTAAGTT,0
ACAAGTGGTTTTGGTA,0
ACAATATGCACTTGCA,0
ACAATGTCCGGCAGCG,0
ACAATTAACGTACACT,0
ACAATTCTTAATAAAT,0
ACAATTGAAAAAATCA,0
ACACAAAGTCCATTAA,0
ACACAAATATTGTTGA,0
ACACAAGATAGGGCAA,0
ACACAATAGGAATTAG,0
ACACAATATACGTTCT,0
ACACAGTAATTGAAGG,0
ACACAGTGCAGAATAG,0
ACACATACTACTGCGA,0
ACACATCAATGTTATT,0
ACACATGCCTTGCTAA,0
ACACATGCTGCTATGA,0
ACACCGGCAACTAGCA,0
ACACCTATGCTCATAA,0
ACACGAAGAGGCTGCC,0
ACACGCCAAACTGTAT,0
ACACGTATAAACCGGT,0
ACACGTGTGGGCATGA,0
ACACTACACCTGGACA,0
ACACTGTCAAGATCTA,0
ACAGAATGGATGTAAT,0
ACAGACGATATGAAAG,0
ACAGAGCTTTGAATGT,0
ACAGATCCATACATAG,0
ACAGATCGCTGCTGCG,0
ACAGCAATCACGAGGT,0
ACAGCGCCCCTATGAA,0
ACAGGTAGTTTAGTAA,0
ACAGGTGTTACCGGGG,0
ACAGTGGTAAGAACGA,0
ACAGTTTTTAGATAAT,0
ACATAAACAGATGCAA,0
ACATACATGCCTCTAT,0
ACATAGAGTCTAGATG,0
ACATAGTAGGCTGACC,0
ACATATAGCTAACTGA,0
ACATCTATGGGCTTAA,0
ACATCTCTGCCTTTTG,0
ACATTACCGAGACTAC,0
ACATTAGCTAGCGCAA,0
ACATTCTATAGGCTCG,0
ACATTGAGAATAATGT,0
ACATTGCTCCCGTTAA,0
ACCAAAAATGCATCTA,0
ACCAAAAATTTAGACA,0
ACCAAAACTCAGATAA,0
ACCAACAAGGATCAAC,0
ACCAACCCCTCCCCTA,0
ACCAACTGGCATAAAT,0
ACCAATCGATCTAGGA,0
ACCAATTGATGAAGAT,0
ACCACAAAGCTGTAAA,0
ACCACAAAGGCTGCAC,0
ACCACTATGGATACAA,0
ACCAGGCAAGAATAAA,0
ACCAGGGCAAAGCCGG,0
ACCATAACGCACTAAA,0
ACCATACTTTACGGAT,0
ACCATCAGTTGTTATA,0
ACCATGGGAACCGAAT,0
ACCCAGCACGTGTGAA,0
ACCCATGGACAAATGA,0
ACCCCCCTTGTATAAT,0
ACCCGACCAACAGGCA,0
ACCCTAACTGACCTAT,0
ACCCTAGGTACTCCGT,0
ACCCTCAAGACACTGA,0
ACCCTTAGGACGGGTA,0
ACCGAATCAGTCCTCA,0
ACCGAGCCAAAGCTAT,0
ACCGGTCACAGAAACA,0
ACCGTCATATAAATAA,0
ACCGTCGCAAATGTGA,0
ACCGTTCGGCCACTGA,0
ACCGTTGGCTGTAAAT,0
ACCTAAAAACTACCAT,0
ACCTAAATATCGTCAG,0
ACCTAAATTGCAGAGA,0
ACCTAACACGTATTAA,0
ACCTAAGAGCTTAGGG,0
ACCTAAGTTAACTAAG,0
ACCTACAAGACGAGTA,0
ACCTACGAAAAAAAAA,0
ACCTTATGACGCACAA,0
ACCTTTGACTCTCAAT,0
ACGAACACATGACCAA,0
ACGAATAAGTAATGTC,0
ACGACAAAGGTAAACA,0
ACGACCAAGACTCTAA,0
ACGACTATTTTGTAAT,0
ACGCAGTATTAAAAAA,0
ACGCCAATATAGGAAT,0
ACGCCTGAAATGAAGG,0
ACGCTAGTTATCAGTA,0
ACGCTATCTACTCCTG,0
ACGCTTAGAAGATGCA,0
ACGCTTCGACGTCTTT,0
ACGGATACACGATTGG,0
ACGGCAAGGTTGCGTA,0
ACGGCCCAAAACGAAA,0
ACGGCTCGGTTAATGT,0
ACGGCTGTTAGGTAAA,0
ACGGGAAAAATGCGAA,0
ACGGGAGGCGGAAAAA,0
ACGGGATCATTTCGCA,0
ACGTAACGGTTGAATC,0
ACGTACTAAGAACGGC,0
ACGTAGTTATGGCTGA,0
ACGTCAACCGTTGAAT,0
ACGTGTCAACAAACAA,0
ACGTTACCCTACGCTC,0
ACGTTATACGGACAAC,0
ACGTTATCGAGATGTA,0
ACGTTCGCGAACCCTT,0
ACTAAATGCAAGTATG,0
ACTAAGATCTGTTAAA,0
ACTAATTACCATAGTA,0
ACTAGAATTAAGTGAT,0
ACTAGCCATACATGAT,0
ACTAGTGAGAGCCATG,0
ACTAGTGGATACAAAG,0
ACTATAAAATTTGTGC,0
ACTATTATACAATTTT,0
ACTATTCTCTTTTATT,0
ACTCACCGCGAGCTAA,0
ACTCAGATTAACGCAA,0
ACTCATCTGAACAGAA,0
ACTCCTCCGCTCGATA,0
ACTCCTCGGATCAAAA,0
ACTCGACGATTGAAGA,0
ACTCTTGGGCGACAAA,0
ACTGAAGAATGCCAGA,0
ACTGAGATGGACGAAT,0
ACTGGGAAGGACGAAT,0
ACTGTCAATATGGACA,0
ACTGTCATGAGCATAA,0
ACTGTGTTTACATTGA,0
ACTTAAAGGCGGTTAT,0
ACTTAAGGGATTCGTA,0
ACTTATAAGTAGCAAT,0
ACTTCAGAATATCCTA,0
ACTTGTACCTTTGACA,0
ACTTTCTATCGCACGC,0
AGAAAAGTTAGTAATA,0
AGAAAATTAAAAACGT,0
AGAAAGTACATGTACG,0
AGAAAGTATAGTGTGA,0
AGAAATAGAACCGTTT,0
AGAACAGAGACTGTAG,0
AGAACAGGTTGAGAGT,0
AGAACGAACACTGTTG,0
AGAAGAAACCATGATC,0
AGAAGCATGAGTACAT,0
AGAAGTATGACGGGGG,0
AGAATCCTGTACCGGG,0
AGAATGGCCGTATCAA,0
AGAATTATCATATCAG,0
AGACAAAGCCGCCTGC,0
AGACAGCGCTGCAAAA,0
AGACAGGCTGGCTGAC,0
AGACAGTCAAGCCTTT,0
AGACAGTTAGAATAAA,0
AGACATAAGAACTTCG,0
AGACGACGTATGTTTA,0
AGACGCTATCTAAGAT,0
AGACTATAACCCACAG,0
AGACTCTGCCGGAAGA,0
AGAGAAAATTCCCTAC,0
AGAGAACGCTCCGTTT,0
AGAGACTAAATACAAG,0
AGAGATAAAAAATAAG,0
AGAGATATTAGTAAGT,0
AGAGATATTTGCGTGA,0
AGAGATTGACTATATT,0
AGAGCATAAAAAAGAA,0
AGAGCCAATTGTGCAA,0
AGAGGAAAGCCTAAAC,0
AGAGGTATCCTGAAAT,0
AGAGGTGTTGTCCGAA,0
AGAGTAAGGCTTACTA,0
AGAGTGGTCAAAAAGA,0
AGAGTTAATCGCTCCC,0
AGAGTTGATAGCACGA,0
AGATAACCGTGTCAGA,0
AGATAAGAGTTTATGG,0
AGATAGAGAAGACAGA,0
AGATATGAACTAACTT,0
AGATATTAACGGGAAG,0
AGATCCATGTAAATGC,0
AGATCTCCCGAGACAA,0
AGATGAGATGGAACAA,0
AGATGAGGTTACAAGA,0
AGATGCTAGACGGCTA,0
AGATGTCGCCGAAAGC,0
AGATTAGGACGTCCAA,0
AGATTGATACGATAGA,0
AGATTGCGTGAGCAAT,0
AGATTGGAGGAATCGG,0
AGATTGTGCGTGTTCT,0
AGATTGTTAGGGTAAC,0
AGATTTGTAAAGATCA,0
AGCAAAAATGAAAGAA,0
AGCAACGTTAATTCGA,0
AGCAATTATCAGGCAT,0
AGCACACTCTACATAG,0
AGCACGGACTAATTAC,0
AGCACGTCCGCATAAC,0
AGCAGACAGAAGTCAT,0
AGCATACAAAACGAGG,0
AGCATTGTGAGTGTAC,0
AGCCAAAAATAGCAAA,0
AGCCATCAGCAGACCG,0
AGCCGAAGATATGACA,0
AGCCGATGTAAAATAT,0
AGCCGCCGATCAGAAT,0
AGCCGTATTTGCAAGC,0
AGCCTAACTCCATCAT,0
AGCCTCTCTGGGTACT,0
AGCGCAAATCTACAAT,0
AGCGCCAGGGCCCAAA,0
AGCGCTGGCTAAAGAT,0
AGCGGCCACGCACAGA,0
AGCGTAAGTAAGCCAA,0
AGCGTAATAACAGCTT,0
AGCGTCATTTCCCTTG,0
AGCTACGAGACTTCTA,0
AGCTCCCCACCACAAA,0
AGCTGCCGACATATTA,0
AGCTGGCAGAGAACAA,0
AGCTTCACAGTTACTT,0
AGGAACCTTTTTAAAA,0
AGGAAGTATACCACCA,0
AGGAATTATTCCTAAG,0
AGGAATTCGGGGAAAG,0
AGGACTCAAGTTCCAG,0
AGGAGACTGGCTTCGA,0
AGGAGGCTAAGCATCA,0
AGGAGTTACTGATAGA,0
AGGATCCGTCCTAAAT,0
AGGCAACGAACTCAAT,0
AGGCAGGGAGTCGCAG,0
AGGCATAAGTAAGCAA,0
AGGCATAGAGACAGGA,0
AGGCATTAAGAAAAAA,0
AGGCCTACCTTACTAT,0
AGGCGAAGGAACTTGA,0
AGGCGACCATCCACGA,0
AGGCGAGAGTATGACC,0
AGGCGATCAGAGTATT,0
AGGCTCAGAAATGAAG,0
AGGGCGAGGGACATTA,0
AGGGCTAAAGAATGCT,0
AGGGCTCAACGAAGAT,0
AGGGCTTTTGAAATTT,0
AGGGGGGGCAGTTTAG,0
AGGGGTCATTATTAAA,0
AGGTCATACTTAATAA,0
AGGTCTTATAACGTAA,0
AGGTGAACAGCCAAAC,0
AGGTGACGATGTGAAG,0
AGGTGCATTATTTCCA,0
AGGTGGCTAGAATCAA,0
AGGTGTGCTAACCGAA,0
AGGTTAGCATTATATT,0
AGGTTCATATTAAGTG,0
AGTAAAACACTGGCTA,0
AGTAACAGAACCCTCA,0
AGTACAGACCAAAAAA,0
AGTACAGTCGAGACAG,0
AGTACATCGCTTGGAT,0
AGTACGTATGTGACAA,0
AGTACTATTTCTACTT,0
AGTACTCTAAACGAAC,0
AGTAGAATGAGGCCAT,0
AGTAGTGATCAGTAAT,0
AGTAGTTGAAAATCAA,0
AGTATGAAATGGTAAA,0
AGTATGAGCTTACCAA,0
AGTATGTACACTGCAT,0
AGTCCGCGACAAGGGT,0
AGTCGATACGGAAAAA,0
AGTCTAACGTTGTTAT,0
AGTCTACAGCGAATAG,0
AGTCTATGCTCCTTGT,0
AGTGAACCACTAAGAA,0
AGTGAAGAATAAGAGC,0
AGTGAAGCGTGCAAGA,0
AGTGACTAAATTGAGT,0
AGTGACTTAAACTAAA,0
AGTGATTATGCTAAAT,0
AGTGCGTTACACAGGG,0
AGTGCTAACAACCTAT,0
AGTGGACATAGATCCC,0
AGTGGTAGGAAGGAGT,0
AGTGTATTCCCACTAC,0
AGTGTCCGTAGCGGAT,0
AGTGTCTTTCTTTTGA,0
AGTGTGCAAGAGTTAC,0
AGTGTGTGGATCATAG,0
AGTTAAAATGAGGGGA,0
AGTTAACAGCTATGAC,0
AGTTAGCATATAAAGA,0
AGTTAGGCTTGAGCTA,0
AGTTCAAAACGAGGGA,0
AGTTCACCCGTACCCC,0
AGTTCCGTAAAAATAA,0
AGTTTAAAATGCTACT,0
AGTTTACGTGGGGGAG,0
AGTTTCAGCGGATGTA,0
AGTTTCCGGAGTCTTT,0
AGTTTTGTACTAGAAG,0
ATAAAAGCCGTTCATA,0
ATAAACCTCTAAGTGG,0
ATAAACTTGGGGCTAT,0
ATAAAGAACACGTAGA,0
ATAAAGGAACGGTGCA,0
ATAAAGGGGTAGGAAG,0
ATAAAGGTACCAATCA,0
ATAAATAAGTATGCAA,0
ATAAATAGATGACAAA,0
ATAAATCCAACTAACA,0
ATAAATCGACACGTAT,0
ATAAATGTTGTAGCTG,0
ATAACAAGGCCCCGGT,0
ATAACACTAGTCGAGG,0
ATAACAGCGCTTACCA,0
ATAACCAGGACCCAGG,0
ATAACCTCGAATTTGA,0
ATAACGAGTCGAAAGG,0
ATAACGATCCATGGGG,0
ATAAGATGGGCCGTGA,0
ATAAGATTATGAACAA,0
ATAAGGAAAACAAAGA,0
ATAAGGGGGAACGATA,0
ATAATAATAAGCTTAA,0
ATAATACCAGTGGGGT,0
ATAATACGTAATCTAT,0
ATAATCACAACATAGG,0
ATAATGAACAGCACAT,0
ATAATGTTGAAGAAAA,0
ATACAAGTAAGCTACC,0
ATACAATATGCACCCA,0
ATACACTGCTGGCCTT,0
ATACCAAGTCTCCCAA,0
ATACCCCTCTCGGTTC,0
ATACGCCATAGGTCAG,0
ATACGTAACCGAAAAA,0
ATACTAAACGGGGGGC,0
ATACTCGCACAAGGAG,0
ATACTCTAACAGTAGA,0
ATACTGAGGTACACAC,0
ATACTTGGGACAGAAA,0
ATAGAGCTACCAGAAT,0
ATAGATGAAAAAAAGG,0
ATAGCGTTAATAATGG,0
ATAGCTAAGGTACACA,0
ATAGCTACAGGGGGTT,0
ATAGCTGCCGTGACTC,0
ATAGCTTGACAATTTA,0
ATAGGACTAGGGAAAA,0
ATAGGCACTTGGCGAA,0
ATAGTCCTATGTAAAT,0
ATAGTCGAAAAACTGT,0
ATAGTTCACACAGGGT,0
ATATAACAATAATACT,0
ATATATTAACGCGACT,0
ATATCTCTGGGATTAA,0
ATATGGTCGGATCAAA,0
ATATGTCGGCCCATAC,0
ATATGTCGTAGGCCCA,0
ATATTACTTGAGTAAT,0
ATATTATATAAGCTCA,0
ATATTATTAAACTACA,0
ATATTGGAGGGCGAAC,0
ATCAAATACAACATAT,0
ATCAAATGGTGGACTA,0
ATCAACAACAATATAA,0
ATCAACCCCTTGTGAT,0
ATCAACGGCTATGGAA,0
ATCAAGATCGGGGTGA,0
ATCAAGGCTAAATACC,0
ATCAAGGTCACTCATT,0
ATCAAGTATGTAAATA,0
ATCAATGATGTCACGA,0
ATCACAAAAAAAAGAT,0
ATCACCAGTATCTCTG,0
ATCACCCGCGTAATAC,0
ATCAGGAGGAAAGGTT,0
ATCAGGGTGGTCTAGT,0
ATCATTCTACCCTGAC,0
ATCCAGTATCAATGAA,0
ATCCATAACTTACAGG,0
ATCCCTTGCAGGAGGA,0
ATCCGGTATATGATAA,0
ATCCTCGCAGAGCATT,0
ATCGAATTTGTTTATG,0
ATCGGCCTTAAATAGG,0
ATCGGGTACAGAAATA,0
ATCGGTATTTCGTACT,0
ATCGTTCCCCATTTGA,0
ATCGTTTGACCTGCTG,0
ATCTAACCTTCGTAGC,0
ATCTACCTATACATAC,0
ATCTACTTCTGCGGAT,0
ATCTAGGTTAATGGGA,0
ATCTATTAGTAACTTT,0
ATCTCAACTAGTAGCA,0
ATCTCGTCTGATGGAG,0
ATCTCGTTAAGGTCCT,0
ATCTGCAAGCAGACAG,0
ATCTGGTAAAGTGAAT,0
ATCTTTACCGCTGGGA,0
ATGAAAGAGGTTGCAA,0
ATGACCTTTACCATGG,0
ATGACTACGCAGTATC,0
ATGATAAATCTAATGA,0
ATGATAACCGTATATA,0
ATGATACTGTCGACAA,0
ATGATGATAGATGCAG,0
ATGCAACTCGTTGCCT,0
ATGCAAGGCCCCCGTA,0
ATGCAATCACAAACAA,0
ATGCAGAGCACGTAGA,0
ATGCAGTGTATTAGAG,0
ATGCCTGTCGTAAAAA,0
ATGCGCGTGAGGAAGA,0
ATGCGGGAGTGGGGCT,0
ATGCGTGAGGATTATA,0
ATGCTCACAAGAATAC,0
ATGCTGACCTTTTACA,0
ATGGACTTCCCGACAG,0
ATGGCAGCCTAGAAAC,0
ATGGCCGATCAGCCTC,0
ATGGGAGGACGCGGAA,0
ATGGGTTTAATGGAAT,0
ATGGTCACATTGTATT,0
ATGGTCTGGACATTAG,0
ATGGTTATCACTCTAA,0
ATGGTTATTGGGTCAT,0
ATGGTTGTAATAACAT,0
ATGGTTTATGTGAGTA,0
ATGTACACAGATAAAT,0
ATGTATAATGACAGAG,0
ATGTCAAATAAGTAAT,0
ATGTGAGCAAACCAGT,0
ATGTGGTTCACTACAA,0
ATGTTCCAAGAACAGA,0
ATGTTCCACTCGTCCT,0
ATGTTCGCCCCATAAA,0
ATGTTTATCATAGTAC,0
ATTAAAAAATACGAAA,0
ATTAAATAGTGTCGAA,0
ATTAAATTCACCCTTG,0
ATTAACAGTAGACTAG,0
ATTAACTGAATGGAAA,0
ATTAAGGAACGTGGAT,0
ATTACCTCTCCAATAA,0
ATTACGTCAGCACAAA,0
ATTAGGGGGGTTACAT,0
ATTAGTAATTACACAG,0
ATTATGGATGAACACT,0
ATTATTAAGAACCAGA,0
ATTATTCAGAGAGATG,0
ATTATTGTTTTAACTG,0
ATTCAAAAACAATATA,0
ATTCATAGATCCAAAA,0
ATTCATGATACTCTAA,0
ATTCCATAGAGTTCAT,0
ATTCGTCCACGCTCAA,0
ATTCTAAGCTTGCAAC,0
ATTCTATTAATCTTCG,0
ATTCTCGACCTCATAG,0
ATTGAAAATTGGATAC,0
ATTGAAACCAACTGAC,0
ATTGAAATATTAGCAT,0
ATTGAGGCTCACACGG,0
ATTGCCAGGGGAGATT,0
ATTGCCGAGCACACGG,0
ATTGCGATTAATCTAA,0
ATTGCGGATATATGAG,0
ATTGGAATATTACAAG,0
ATTGGCGTATGTGGAA,0
ATTTCTGAGGATGTAC,0
ATTTCTGTGTCTCTCA,0
ATTTCTGTTTACAGCT,0
ATTTGAAAGGGCTAGG,0
ATTTGAAGCCTGCAAA,0
CAAAAAGAAGTGGGAG,0
CAAAAAGTATACCTGA,0
CAAAACATATGGTACA,0
CAAAACTCAGACCAGT,0
CAAAAGCAAAAATATA,0
CAAAATTAATATGCCT,0
CAAAATTACATCCCTA,0
CAAACAATCTGGTCAC,0
CAAACGGCGTGCGAGC,0
CAAAGAGACCTTAGAA,0
CAAAGCATAAATTAAC,0
CAAAGTGATTCTGAAG,0
CAAAGTTAGCACGGGA,0
CAAAGTTGCTTAAGTG,0
CAAATAGTACTCCAGT,0
CAAATCTGTATTGTAG,0
CAAATTGCGATACTGG,0
CAACACCTTAAGAATA,0
CAACATATTAATTTTT,0
CAACCAAAGCCCGTAA,0
CAACCACTAAGATCTA,0
CAACCGACAACATAGA,0
CAACCGACCCATACAC,0
CAACCGTGTTTAGGTT,0
CAACCTGACATCTAAA,0
CAACCTGATTCAATCA,0
CAACGAATCTTTGAAA,0
CAACGTGCAAACAGAT,0
CAACGTTTAAGGAGTA,0
CAACTAAATTACTAAG,0
CAACTACATCCCTCCA,0
CAACTGTGCACCTTTA,0
CAAGAAGTTCGACTCG,0
CAAGACAAAGACGTAA,0
CAAGACATAAGAGAGT,0
CAAGACGAATAGAATA,0
CAAGATGCCGGAGGAA,0
CAAGATTAGTCATAGG,0
CAAGCCGAAACAGATT,0
CAAGCGTATAAATCTA,0
CAAGCTAGGGTCACAG,0
CAAGGGCAACCGTCAA,0
CAAGGTCATGATGTTA,0
CAAGTACTGAGAAAAG,0
CAAGTCCAAAAATGAA,0
CAAGTGCATGACATGT,0
CAAGTGCCCCGATAAA,0
CAAGTTGAACCAGTAT,0
CAATAAAACCGTTCAA,0
CAATACACGCACAAAA,0
CAATACAGAACCGACT,0
CAATACATGTAACATT,0
CAATAGGCAAAAGTAT,0
CAATATACTGGTAACA,0
CAATGCAAAAAGTAGC,0
CAATGTGTCTAATTTA,0
CACAAAAGGCGTGGTT,0
CACAACTGCAATGTAT,0
CACAACTGGTAATAAA,0
CACAAGACCGAAGAGA,0
CACACAAATAACAAGC,0
CACACCTATAATAGGG,0
CACACGGTATTGTCAC,0
CACAGACAATAAGGCT,0
CACAGGGCGTCCCCTT,0
CACATCGGAAAGACGT,0
CACATCGTCGTGGTCT,0
CACCAACGGACTAGGA,0
CACCACCTGGAGAAAA,0
CACCAGTCACGGAAGT,0
CACCCAGACGTCTATC,0
CACCCATCCCCTAATT,0
CACCCCAAACCATAAC,0
CACCCTAATGAAGCAA,0
CACCCTTGACGATCGA,0
CACCGCACAATGATGA,0
CACCGCGGGAAGCTAA,0
CACCGCTGCGCACACA,0
CACCTCTGTACCTTCA,0
CACCTGTTAATCCCAG,0
CACGAAAAATACGATA,0
CACGAAATATATTCGA,0
CACGAACGAGGTTAAT,0
CACGACTATAACCCTG,0
CACGCAAAGCCCATCA,0
CACGCGCGTAAATATA,0
CACGCGGATTCATCGC,0
CACGCGTTTTACTGCA,0
CACGGATCCCCTAGAA,0
CACGGGAACAATTAAA,0
CACGGGTGCATGGAAG,0
CACGTATGAGGCTACA,0
CACTACCGTACCTAAC,0
CACTACTATCAAAAGA,0
CACTCCGCGGTTGCAA,0
CACTCTGAGGGGTGGG,0
CACTGAGATCAGTGTT,0
CACTGGAAACGCTGCT,0
CACTGGATAATCGAAA,0
CACTTAACAAACTAAA,0
CACTTCTATTTAATCC,0
CACTTGCAGCCGTATG,0
CAGAAAATACGGGAAG,0
CAGAAACATCATACGT,0
CAGAAACCATATAGTG,0
CAGAAATTTAGGCCAT,0
CAGAACTGAATGGAGA,0
CAGACACACAAGTCAC,0
CAGACAGATTGTCTAT,0
CAGACCATCAGTAGCG,0
CAGACGGCATGAATAT,0
CAGAGGATCGGTATAA,0
CAGAGGCTCGCCCTGA,0
CAGAGTACGATACAGA,0
CAGAGTAGATTGAAAA,0
CAGATATGAGCATGCA,0
CAGATCGCTTGGGGAA,0
CAGATTGACCCCAGAT,0
CAGCACACGTATGGAT,0
CAGCACCCTACCCCGG,0
CAGCACGTGTGACGTA,0
CAGCGGAAGGCCACCT,0
CAGCTCCGTCGCCACA,0
CAGCTGCTAACGGACT,0
CAGCTTCATAACTCAT,0
CAGGACTAGAATTGAT,0
CAGGACTGACGTTAAT,0
CAGGGAAATTCTATTG,0
CAGGTCAGCTTTCCGA,0
CAGGTCCATATGTCGA,0
CAGTATCTCTGAACAG,0
CAGTGAAACACTCCGA,0
CAGTGTCCACTAATAA,0
CAGTTAGAGACTGGTA,0
CATAAAACCAGAGTTT,0
CATAAATAATCAATCT,0
CATAAATCATGGGTAG,0
CATAAATGTAATGCGT,0
CATAAGACCTACTAGG,0
CATAATAAATTATAAA,0
CATAATACACCGGTTA,0
CATAATGCCCTGGCCA,0
CATACCCGAACGGAGA,0
CATACTGCGAAGATGA,0
CATAGATAACCTTTAG,0
CATAGATATTAAGACT,0
CATAGATTATCAAAGA,0
CATAGCACCGGTCGTA,0
CATATCAACTTTAGAC,0
CATATCGTAGAAGTCT,0
CATATCTGGCCACGGA,0
CATATTACACAAGAAT,0
CATCAACTACTGGGAT,0
CATCACTGTTACGTGA,0
CATCAGCCACGTATAT,0
CATCAGTCGGACCCAA,0
CATCATACAAATGGGG,0
CATCCACTGACGTATT,0
CATCGACAATTTGGAG,0
CATCGCAACGCCTTAT,0
CATCGCCGGGTCCGTA,0
CATCGGATCTTAACAA,0
CATCGGATTCTAGCTA,0
CATCTAAGATATGCGA,0
CATCTATGGAAAGATT,0
CATGACAAGACAAAGG,0
CATGACTTTTAGCCAC,0
CATGATGAGATTGGTA,0
CATGATGTTGCCGATG,0
CATGGATACCCCGGAA,0
CATGGGAGCAAATGTA,0
CATGGTAAAAGTTCAA,0
CATGGTACCCAACCGA,0
CATGTGTTTCAGTCAA,0
CATGTTCCGGACACTC,0
CATGTTGACCGGCCAA,0
CATGTTGTAAATCTAT,0
CATTAAATCGCCGAAA,0
CATTACCGCGACTGAG,0
CATTAGCACAGATAAG,0
CATTCGGAACAAACCA,0
CATTCGTGATAGAATA,0
CATTGAGAAAGATTTT,0
CATTGATTACTGCAGG,0
CATTGCACATTTCTGA,0
CATTGCCGGATACCGG,0
CATTGGGCGGACTAGA,0
CATTGGGTAAACTCAG,0
CATTTACGTCTAAAGG,0
CATTTCGGCTATAATA,0
CCAAAACATACTTTAG,0
CCAAAATCATGGCCTA,0
CCAAACGTTCAATGTA,0
CCAAAGGCCAAAAGTA,0
CCAAATTAGTTAGGGA,0
CCAACCAACCAGTAAT,0
CCAAGAAAGTTAGGCT,0
CCAAGATACTCAGGGG,0
CCAAGCGTATAGCCAC,0
CCAATAGTAGGGGATA,0
CCAATGAGCTCATGAA,0
CCAATTGCAATTGCAT,0
CCACAAGCAAGGATTT,0
CCACCGTATTAATACA,0
CCACCTCGAATTGGGT,0
CCACGAATGGCCCATA,0
CCACTAACCAGGCCAT,0
CCACTAACTTTGGTAT,0
CCACTCCTGTAGCCAC,0
CCAGACATTTGATAGA,0
CCAGACGGAAAAACGA,0
CCAGATGAGGCCAATA,0
CCAGATGCTGTTTGAA,0
CCAGATTGAATGTACC,0
CCAGCACCCGGAAGGA,0
CCAGCTTCCGCAAAAA,0
CCAGGAGTGCACAATA,0
CCAGGCGCGGTGAAGT,0
CCATACCAACAATAAC,0
CCATATTAACTCGCAT,0
CCATCACTCCATTAAG,0
CCATCATGTTGTCTGT,0
CCATCGACCTCCCGTT,0
CCATCGCGAGAATTCA,0
CCATGGCTACGACTGA,0
CCATGTATCAATTATT,0
CCATGTGTGAAGAAGC,0
CCATTGAACGTGGTAA,0
CCCAAACATCCTACCA,0
CCCAACAACGCAGCGT,0
CCCACCATGACGCCAA,0
CCCACGTTTGCATATA,0
CCCACTACCTCCCGTT,0
CCCAGCTGTCTTCTAG,0
CCCATAACAATCCGAT,0
CCCCACCATCTGTCTG,0
CCCCAGGTGTGGCAAT,0
CCCCGGAACCCCCCAA,0
CCCCTAATAGACATAG,0
CCCCTACCCCCTGACT,0
CCCCTACTCACTAGGT,0
CCCGACAATTAGGTTT,0
CCCGAGCAAGACTAAA,0
CCCGCAGCTGTTATAG,0
CCCGCCCGGAAAGGTC,0
CCCGGCGGTCCCCGTA,0
CCCGGTCCACCTAGTA,0
CCCGGTCTCTAGGACC,0
CCCTAACACTAACTTC,0
CCCTACAAACCGAGAC,0
CCCTCACCACATACAA,0
CCCTCACCCTTGCTAT,0
CCCTTACGAACACCTG,0
CCCTTGCGTTGCTTGC,0
CCGAACCTATGATAAG,0
CCGAACTTCGGGATGA,0
CCGAAGCCCAACATTA,0
CCGAATGAAGCCTAAC,0
CCGAATGTAACAAAGA,0
CCGAATTCGGTATATC,0
CCGACACCGCCCGGTA,0
CCGACGATTACCTCCT,0
CCGACTTGTTATTTAT,0
CCGAGAAATGTAAACT,0
CCGAGAACCATAACGG,0
CCGAGCGAATTCGACC,0
CCGATATGGGGCTTAA,0
CCGATCGCACAGTATA,0
CCGCAAATTTCTCGTC,0
CCGCACATAGAGAAAA,0
CCGCCACGCTGACAAA,0
CCGCTATACTAGTAGT,0
CCGTAAAAAAAAACCC,0
CCGTAAGTCCCACCCG,0
CCGTGATTTATTTTAT,0
CCGTTCAGTGCGGCGG,0
CCGTTTACTTCAAAGT,0
CCGTTTGAGCAGATAG,0
CCTAAAGATAGGCAAT,0
CCTAACGATGGATATA,0
CCTAACGTCTGAAAAC,0
CCTAAGAACGCAACAG,0
CCTAATTCTCACAGTA,0
CCTACAAAAAGGGGAA,0
CCTACTACAATGAAGA,0
CCTAGAGGCGAGCAAC,0
CCTAGATCTCTGAAGG,0
CCTATGAAAAAAAAAA,0
CCTATGCGTATAGCTA,0
CCTCAACAGGTGAAAA,0
CCTCAATTTTGCCCAA,0
CCTCAGCCAGGTAATA,0
CCTCAGCCGACGAATT,0
CCTCCAAGCAATTCAT,0
CCTCCTCAAAACGCAA,0
CCTCCTCTGCTTACTA,0
CCTCCTTGACTGTGAG,0
CCTCGTCTAGTAACGA,0
CCTCTAAAAAAGTCTA,0
CCTCTTAGCCACAGGT,0
CCTCTTTAACTGTAAG,0
CCTGAGCACGCGATAA,0
CCTGCCACACCGTTAT,0
CCTGCGGTCAATGAAA,0
CCTGGTATCATGGCTA,0
CCTGGTGGAAGCCCTC,0
CCTGTACTGAGGGAGA,0
CCTGTCTGGCCGTTGT,0
CCTGTGATTACATTGA,0
CCTTAAAGCTAGCGTA,0
CCTTAAGTTCAAATAG,0
CCTTAGTATCGCCGCT,0
CCTTTCTAGAGATGTT,0
CGAAAAAACATAGAAA,0
CGAAAAAGTTGATATA,0
CGAAAAGAAGCTCACG,0
CGAAAAGAATAGCAAA,0
CGAAAAGGGCCAAGCC,0
CGAAAATGTTTGAAAA,0
CGAAAGGCCACACGGA,0
CGAAATGGCAAACCTA,0
CGAACCAAGCTTTATA,0
CGAACTATGTGTTCCA,0
CGAAGTAACCTCAAGA,0
CGAATACAATCGCTTA,0
CGAATACCTGTTACGA,0
CGAATCGAGTATTGTA,0
CGACATCAGTAAGATA,0
CGACCCTAGCGAATTC,0
CGACCGACACATGCAA,0
CGACCGATTGTATGGA,0
CGACTAGCTTTAGTAT,0
CGAGAAAATATACCGT,0
CGAGAAGTGTAAAGGA,0
CGAGAGAAAAATTCAT,0
CGAGCCGGTGTGCCCA,0
CGAGCGATGCCTCGGT,0
CGAGGATCTACATAGA,0
CGAGGCATTCTGTTAG,0
CGAGGCGATTACTAAA,0
CGAGTAAATAAATATA,0
CGAGTAATAAAGCAAC,0
CGATAAATGTCGAAGT,0
CGATAATGCGAATACA,0
CGATACAAGAATTAAA,0
CGATAGTTATCAAGTC,0
CGATATAACGGAAATA,0
CGATATGATAGGTAAC,0
CGATCAATTAAGCAAA,0
CGATCACAGTGTTTAA,0
CGATCTTGATCCCTAG,0
CGATCTTGTCAAACGA,0
CGATGACCCGTGCTAA,0
CGATGTCTACAATTGG,0
CGATGTTAGTCGGGTA,0
CGATTTTCACTAGGGT,0
CGCAAACCATCCAAAA,0
CGCAAACTCCCTTCAT,0
CGCAAAGACCTTAGGA,0
CGCAATAGACATTTGA,0
CGCAATGACAGGACAG,0
CGCACAAAGATTCCAA,0
CGCACAAATGAGGTCA,0
CGCAGAAAAAAGATTA,0
CGCAGAACCAATTACA,0
CGCAGATAATTGCGCG,0
CGCAGCCACTGGCGTT,0
CGCATCGCAATGTACA,0
CGCATTATTCCCGAAC,0
CGCCCGACAGACTAGA,0
CGCCGAAGCGTTATAC,0
CGCCTGAGTAGGCAAG,0
CGCGAGTAAATGATAT,0
CGCGCCGCGAACTAGG,0
CGCGTTCAGGTGAAAA,0
CGCGTTTCAATCGTGA,0
CGCTACATCTTTGAAT,0
CGCTACCAGTATTAAT,0
CGCTATTAAATATTAA,0
CGCTCGGAACCGAGAA,0
CGCTTAATTTAAAAGG,0
CGGAAAAAACGTAAAA,0
CGGAACGTAGGGAGAG,0
CGGAATATGGGAGGTA,0
CGGACGGCACATAAAG,0
CGGAGCCCTATAGAAT,0
CGGATAAGATTCAAAA,0
CGGATGTGGGACGCGA,0
CGGCAGTTGAACAAAA,0
CGGCGATATTGTGGTA,0
CGGCGGTTAGGCATTA,0
CGGCTGGGAGAAGAAA,0
CGGGCTTGCTAGACTA,0
CGGGTTATGCGCCGGA,0
CGGTAAATATCCAAAA,0
CGGTATAAATTGCACA,0
CGGTGAATAAATTCGT,0
CGGTGACTCTTCAAGC,0
CGTAATCGAAGAGTAT,0
CGTACCAACGAGGCAT,0
CGTACCTAGGGTGGCA,0
CGTACTAAAGGGCCAA,0
CGTAGAAGCCGGTATG,0
CGTAGGATTAATTGAA,0
CGTATGTGAACTAACG,0
CGTATTTGGAATGTAA,0
CGTCAGAAAATAAGAG,0
CGTCAGAGAGGTTAAT,0
CGTCATGACAGAGGAG,0
CGTCCCGTAGAAAGAA,0
CGTCGTCCCTCCAAGA,0
CGTCTATAATGAAAAG,0
CGTGAACAGAAAACCA,0
CGTGACTGGCAATGAT,0
CGTGGTACAAAGGAAG,0
CGTGTCTGGTCGGAAC,0
CGTTAACTCCGGCATT,0
CGTTAAGAAGAACTGA,0
CGTTAAGAGAAGTCCA,0
CGTTAATGCATGGAAT,0
CGTTAGCGTCAACCAA,0
CGTTATGATACTGAAG,0
CGTTCAAAAGTCAGGG,0
CGTTCAAAGTCATACA,0
CGTTCTAATTTACAGT,0
CGTTGTAATCCAGACA,0
CGTTTGGATATGACAT,0
CTAAAAAAAAGCACGA,0
CTAAAAACGAATATGA,0
CTAACAAGGAGCGAAG,0
CTAACCCTCTAGCAAC,0
CTAACGAAAACTAAGA,0
CTAACTGAGCGAGATA,0
CTAAGCCACACGCATT,0
CTAAGGCAAAGATTCC,0
CTAATATAGATTGCAA,0
CTAATTCTCAGTATAG,0
CTACAAAGAATGTAGA,0
CTACAGTTTAAGTTTT,0
CTACATCTCCTCCCCA,0
CTACGCGGTCCTGTAA,0
CTACGTCCAACATCAA,0
CTACGTTGTTAGGCTA,0
CTACTAGTAGTAGAAA,0
CTACTATAGAAAGGAC,0
CTACTCGTAGGAACAG,0
CTACTGCACATCACTA,0
CTACTTCGTCGAATAG,0
CTAGACATCCAGTCCA,0
CTAGACTGGAATGGGG,0
CTAGAGTATCACGCCA,0
CTAGATTTCTTAAAAA,0
CTAGCATATGGCAGCA,0
CTAGCATTAAAGTGCA,0
CTAGTAGAATCCCGGA,0
CTAGTATCTCGTGGTC,0
CTAGTGCTACTGTTTT,0
CTAGTTGTCATTCAAG,0
CTATAAGTTAGGACTG,0
CTATAGTTGGCGCCAT,0
CTATATATTGAGTGAT,0
CTATGTCTAACGCATA,0
CTATTACGAGATTATA,0
CTATTCAGAGGGACAC,0
CTATTCATTTCCACGA,0
CTATTGGTTCTAATGA,0
CTATTTTACCCGTAGG,0
CTCAACTAAGTATGGA,0
CTCACCTATTTAGAAA,0
CTCAGAGATGGTCTCA,0
CTCATGAATAACACAA,0
CTCATGGATACAAATA,0
CTCCACAGCGACCAGG,0
CTCCACCTGGGAGTAA,0
CTCCCAATGACTCCGT,0
CTCCCTCATCCATAAG,0
CTCCGTGTTTTATAGA,0
CTCCTATCCACCGATA,0
CTCCTATTAGCAGGAC,0
CTCCTTAGATATTCAT,0
CTCGAAAGCCAATGAA,0
CTCGGAAACATTTAGG,0
CTCGGAACCTGATACA,0
CTCGGTGGGTATGCGA,0
CTCTACACTTCATAAA,0
CTCTATAAGGGATACG,0
CTCTATATGTGGAACA,0
CTCTCGCCAATGTTAT,0
CTCTGTATTCTCACAA,0
CTCTTCCCCCTGCCAT,0
CTGAAAAGCCAAACGG,0
CTGAACGAAGGTAGAA,0
CTGAATAACCAGTGCA,0
CTGAATACAGCCAAGG,0
CTGACCCGAAACAATT,0
CTGACCCGGATCTAGC,0
CTGAGCAGTGTGGCTG,0
CTGAGCTATCTGTAAC,0
CTGATAGGTTGCCCGG,0
CTGCAGGATTAAAAAT,0
CTGCATTTAAAAATTG,0
CTGCCAAGGACAACAA,0
CTGCCATCAAACACCC,0
CTGCCCCGCTACACCA,0
CTGCCGACCAACTCAT,0
CTGCTAGATCAAGAAG,0
CTGCTCAACAAGCTTA,0
CTGGAAAGCCAGACTC,0
CTGGAAATATGCTGAA,0
CTGGAAATGAGCAATA,0
CTGGAATCGCAAACGA,0
CTGGCAGGTCCATCAA,0
CTGGCCCCGGAGAAAC,0
CTGGGAACCCCTGTAT,0
CTGGGGGCAGGTGTAG,0
CTGGTATTTCGATGGG,0
CTGGTTTGTGATCCGT,0
CTGTACCCACACGTTA,0
CTGTAGTACACGCACC,0
CTGTATGAAATCCTGA,0
CTGTCATGGCAAAGGG,0
CTGTCCTCACGATCAG,0
CTGTGAAGTTAACTGA,0
CTGTGTAATGGGCATT,0
CTGTTCATCTGAGTGA,0
CTGTTGAAAGCCTGTT,0
CTTAAATTAATGCTCT,0
CTTAACCTGGGTCTTA,0
CTTAATATTTTGATGG,0
CTTACTTAATCTCCGA,0
CTTAGAACATTAAAAA,0
CTTAGCATTAGCAAAG,0
CTTAGTGGCCAATCAT,0
CTTATCGTTAATAAGT,0
CTTATTTGCGCGTTAA,0
CTTCAAAGTAAAACAT,0
CTTCAAATGAACCGAT,0
CTTCAATCCGGAAAAG,0
CTTCACCCAAAACGGT,0
CTTCCTGAATGAACCA,0
CTTCGACGTAGGTGAA,0
CTTCGGGTACTGTTAA,0
CTTCGGTCCACATAAT,0
CTTCTGGAGGGTCCAA,0
CTTCTGTGATGCACTT,0
CTTGAAAGTTAAGCAC,0
CTTGACGAGATTATAT,0
CTTGCAAAAGCGTCGA,0
CTTGGACCGGGAGTTA,0
CTTGTAGCAATAGAGT,0
CTTGTAGGCTGGTAAA,0
CTTGTGTCAGAGGGAG,0
CTTTAGGAATCCGGGA,0
CTTTATAATAAAAGTA,0
CTTTCTAGTCGAAGAA,0
CTTTCTCTATGGTTAA,0
CTTTGCTTCGGCCACA,0
CTTTGTAAAAAGAGGA,0
CTTTTGTAACACAGTA,0
GAAAAAACAAGTCTTG,0
GAAAAATGCTTTGTAA,0
GAAAACTACTTAAACT,0
GAAAAGATTGTCTGAT,0
GAAAAGCTAATTAAAG,0
GAAAATCACTCGCAGA,0
GAAAATGGCCGGTCAA,0
GAAAATTCAAGCCCTT,0
GAAACAACAGCACCAA,0
GAAACAACTGGGAGGA,0
GAAACACGTACGCAAG,0
GAAACATGGACAGTAG,0
GAAACGTAGGGGAAGA,0
GAAAGAACTCAATATC,0
GAAATAACTTAGACAG,0
GAAATAAGGGACATAG,0
GAAATGATGGGGACAG,0
GAAATTAGTAACATCG,0
GAAATTGTTATCATCT,0
GAACAAAGTCAGCTCA,0
GAACAAATCAGAAAGC,0
GAACAATATACGTTTA,0
GAACAATGATGGGTGA,0
GAACACCAAGATATAA,0
GAACACGATGATCAAT,0
GAACACTATTCCTTGG,0
GAACAGGAAATCACCA,0
GAACCATGGCACTAAG,0
GAACCGCCCCATTCGA,0
GAACCGGACAACTATA,0
GAACCGTATACGGTGT,0
GAACCTCGGTAAAGTA,0
GAACCTCTAGTCCACA,0
GAACGATAACGGTATA,0
GAACGCGGACCGTTGT,0
GAACGTTAAGTTAATG,0
GAACTAAGTACTTGGA,0
GAACTCTCTCATGGTT,0
GAACTGAAGAATCCAT,0
GAACTGATGCAGGCTG,0
GAACTGTACTGCTCCC,0
GAAGAACGGATAATTG,0
GAAGAATAGACAAAGA,0
GAAGCATACGAAAAAA,0
GAAGCCAACAACGAGA,0
GAAGCCCGATACACTG,0
GAAGGCGATCCACGGC,0
GAAGGGTTAACGAATC,0
GAAGGTTATACAGGAG,0
GAAGTAACTCTTATAA,0
GAAGTACTGGGAGAGA,0
GAAGTCATTGGCCCGT,0
GAAGTGATGGAATCGG,0
GAATACATAATGACTA,0
GAATACGTTCGATAAT,0
GAATACTTCCTCTAGA,0
GAATACTTGGTGGAAA,0
GAATATAATGAGAAAA,0
GAATATTAATAGGATT,0
GAATCAAAACCTATAT,0
GAATCAATGACTTACA,0
GAATCACAATAACGTA,0
GAATCCGGAGCACGAT,0
GAATCCTACTTAGGCA,0
GAATCTGAAGATCCAA,0
GAATGAGTCAAAATAA,0
GAATGGTGGAGCGTCA,0
GAATTAGCCCATTACA,0
GAATTAGGGTCTACGG,0
GAATTAGGGTGCGCAC,0
GAATTCAATCACGCAT,0
GAATTCGAAACCATGG,0
GAATTTCTAACGTGAA,0
GACAAAGAGAGCTTAA,0
GACAAAGTACGGTACT,0
GACAACGATAACTATA,0
GACAAGACGTTCAGTT,0
GACAAGATGTTGGCAC,0
GACAATTCGAGTTAAG,0
GACACCTAATTGAATA,0
GACACGTAGACGTTAG,0
GACACTGCGGGGGATA,0
GACAGAAGAGTAAATA,0
GACATCGAAGAGAAGT,0
GACATCTTCGAGAGAG,0
GACATGAAGAATAGAT,0
GACATGTTCCAGAAGT,0
GACATTGTTACCCAAC,0
GACCCAAAACAAAAGA,0
GACCCACTTTCCTCCC,0
GACCGAACCGTCATGA,0
GACCGCCCACACTCAT,0
GACCGGATCGATCTAC,0
GACCGTATAAATACAA,0
GACCTAATGTATGTGC,0
GACCTGCCGACTATTG,0
GACCTGGAGCGCTCTA,0
GACCTGGGGTCCCCCA,0
GACCTTATAACACCCA,0
GACGAATATCAGTGGA,0
GACGATATGTGGTCCT,0
GACGATTTCCCCTAAA,0
GACGCCCGATCAATCT,0
GACGCCTAAACGCGGC,0
GACGCGTAGATAAAAA,0
GACGGCGCAAGCCCCT,0
GACGGGACTATAAGAT,0
GACGTCCCGACGCTAA,0
GACGTTGGTTACCACC,0
GACTAAAATCAAGGGA,0
GACTAATAGCGTCAAA,0
GACTCAACTTAAGAGT,0
GACTCACAAAGTCATA,0
GACTCCGATTCCTGAT,0
GACTGAACTCACACCA,0
GACTGAGACAGCCCTT,0
GACTGTAATTACAATA,0
GACTTCTGTCTATAAC,0
GAGAAAAATAGCAAAG,0
GAGAAAATTTTATAGT,0
GAGAAATTTCTATAAG,0
GAGAACTATTAAATAC,0
GAGAACTTGGTTCTAA,0
GAGAAGACATAGTAAT,0
GAGAATGGGACGTAAA,0
GAGAATTAGCCCATGG,0
GAGACATATTGCGTTT,0
GAGACCAGACATCACA,0
GAGACCCGGCCGCCGA,0
GAGAGAGTCGCGGGAA,0
GAGAGGGCTCTCGTCT,0
GAGAGTAATTTGAAAT,0
GAGAGTATGGGGTGGT,0
GAGATCTTATAAAGTA,0
GAGATGGGGAGTTTGA,0
GAGCAAATACTTATAA,0
GAGCAGCGGGATACTT,0
GAGCATAACCCTGACC,0
GAGCATACCCCGCGTA,0
GAGCCTGTTAGTGCGC,0
GAGCGAATACCAGGCT,0
GAGCGCAACCTATATA,0
GAGCGCCCCTCTATAA,0
GAGCGTGGACTCTTCG,0
GAGCTATTAAAGTGAA,0
GAGGAGAGACCTGCAG,0
GAGGCACACTGTACAG,0
GAGGCCACGCGTAGTA,0
GAGGCCAGGAGCCCCT,0
GAGGCCATAAACACTT,0
GAGGGGTGCATAGAAT,0
GAGGTATTAGGCCAAT,0
GAGGTTGTCAGGTCAT,0
GAGGTTTCGGCTCTAA,0
GAGTAGTCCAACAAAT,0
GAGTATGGTACATAAT,0
GAGTCAGATTCAACGG,0
GAGTCTAAAAGGGATA,0
GAGTTGACATAGTAAA,0
GATAAAATTGAAATCA,0
GATAATTGGACTGAAG,0
GATACAATACTATTCA,0
GATACAGAAAAAAATG,0
GATACCAACGAAGTAA,0
GATACCTAACATCTGA,0
GATACTCGTTTGGGAC,0
GATATAGAACACTCGG,0
GATATGCAAGGGGCAA,0
GATATTACAAACGTGG,0
GATATTACGCCCTCAA,0
GATCAAAAGAACATTG,0
GATCAAACATTAATAA,0
GATCAGGACTACGGAA,0
GATCATCACTATTCAT,0
GATCCCATTCATCTAC,0
GATCCGAAATAGAACA,0
GATCCGAAGCTATAAC,0
GATCCGGGCCCCCGTA,0
GATCCTTCCCGCAGGG,0
GATCGGAAGTAGTTAC,0
GATCTCACTTTCTTGA,0
GATCTGTATATAGAAA,0
GATCTGTGCATGGCAC,0
GATGCAGCAGCAATCG,0
GATGCATTGGTAAAAT,0
GATGCCGTTGAGACTA,0
GATGCCTTACAGGGAA,0
GATGCGCAAAACATAA,0
GATGGCCAGTGTTATA,0
GATGGGCCTCATTGGA,0
GATGGGGGATCAATCC,0
GATGGTCAGAAGGGAT,0
GATGTAAGTACAGAAG,0
GATGTGCCACGCGAAT,0
GATGTTCACCGGAATG,0
GATTAAAAGCATTCGA,0
GATTAGGAGCACCAAA,0
GATTATGTAAATATTT,0
GATTATTGCATATGGT,0
GATTGCCAATACGAGG,0
GATTGCCCACGTTAAA,0
GATTGGGTGACCATGT,0
GATTGTTGAAAGGTAT,0
GATTTAGAGACATGTG,0
GATTTTTTAGAGGACA,0
GCAAAAGAACAATTTG,0
GCAAAATAACCAGGTA,0
GCAAATAGCTAATATA,0
GCAAATGCAGACGGGA,0
GCAACAACTATAATCG,0
GCAACAAGGACGATTA,0
GCAACCGCCAGATCAA,0
GCAACTAATTATAAGA,0
GCAACTATATTAGTGA,0
GCAACTTAAGAGTCCG,0
GCAAGATAAAATTAAC,0
GCAATAAAAATCGTCA,0
GCAATAGAAACCCAGA,0
GCACAATAATATAAGA,0
GCACATAGTTTCTCAA,0
GCACCAGTATCGACAA,0
GCACCCAACAAATATC,0
GCACCCCCTGGACCAA,0
GCACCCCTGCAGGATG,0
GCACCTAAGAAAATAT,0
GCACGATCCTGCTTGA,0
GCACGCTGATCCATGA,0
GCAGACCCCTTTGTAG,0
GCAGAGGTCAATTTTG,0
GCAGATAGGCATTGAA,0
GCAGCCAATGACGAGA,0
GCAGCCTAGATGATAT,0
GCAGGACACAAACAGA,0
GCAGGAGACTCGATTC,0
GCAGGCGATGAGTCAA,0
GCAGGTAGCACGACTA,0
GCATAAAGTACTACAT,0
GCATACAAGATTATAA,0
GCATATAAACACCGGA,0
GCATCCGACCTAAAAA,0
GCATCGTTCTTACAAA,0
GCATGCGAGGGTTATG,0
GCATGCGGCAAGAATA,0
GCATGGTCGGTCCTAG,0
GCATTCAACTAGAGGT,0
GCATTTCATAGTGAGA,0
GCCAAAACATTCGTAC,0
GCCAACTCAGAGTGGG,0
GCCAAGAACACAGAGA,0
GCCACAAAATGGTCGA,0
GCCAGAAAAACCTCAA,0
GCCAGAGTAAAAGGTA,0
GCCAGATATATCTGAA,0
GCCAGCGGTGTGTTGC,0
GCCATCAATTTACGAA,0
GCCCAAATCGCTCAGT,0
GCCCCCTTTCCTCTAT,0
GCCCGAATGAGTAAAG,0
GCCCGCCCACTGAATA,0
GCCCGTTCTCTCTGTA,0
GCCCTGATAGAGGACC,0
GCCGACCAGGCAGGCT,0
GCCGAGAATGAGGACC,0
GCCGATGACTTACAAT,0
GCCGGTTTATGAAGGC,0
GCCGGTTTTGGAAATA,0
GCCTAAAACAAATCTA,0
GCCTACCAGACCACAT,0
GCCTACGCTAAAAACT,0
GCCTATAACATCCGAC,0
GCCTGCATAAATACTA,0
GCCTGGAGTACTTTAG,0
GCCTTCATTGAGCCAA,0
GCCTTGAGAGTGGAAA,0
GCCTTGGCCAAAAAAG,0
GCGAAAGGAGCATTCT,0
GCGAAATATACACAGA,0
GCGAATTAGGTATGTA,0
GCGACAGTGGATTGTT,0
GCGACGTAATTGGCAT,0
GCGACTACGTCAAAAT,0
GCGATTACTCGGAGGA,0
GCGATTTAAGGGCTAG,0
GCGCAACACAGTTAAC,0
GCGCAACCCATGGAGT,0
GCGCGACAGTGTGAAA,0
GCGCGTGGGAAAAGAA,0
GCGGCCCGCAACCACA,0
GCGGCCGATTGAACGA,0
GCGGGAATATGACGTA,0
GCGGGACACCGGGAGA,0
GCGGGGTATCTGCTCC,0
GCGGTAAGAGGAAGTA,0
GCGGTATTATATGCCA,0
GCGTAATAATTAGGCA,0
GCGTACAGGCGACCAA,0
GCTAAAAGACGGTGGT,0
GCTAAAGAGAACAGAA,0
GCTAAGCCGTTAGAAA,0
GCTAATAAATGTTGAA,0
GCTAATCTCATAATAA,0
GCTACTCGAATGATAA,0
GCTAGAATTTATCGGA,0
GCTAGACGTTCACCCA,0
GCTAGGTACCCCGAGA,0
GCTATAATATTGGAAA,0
GCTATAATTGTGATAG,0
GCTATATTTAAAGCAA,0
GCTATCGTCACCATAT,0
GCTATGCAGGACGCAG,0
GCTATTCATAGATTAT,0
GCTCCCTGATAACAGC,0
GCTCGACACGTCTAAA,0
GCTCGGGAACTATCAA,0
GCTCTTCCCGGTCAAG,0
GCTGAGAGGTGCCTTA,0
GCTGCATCGGATGCAT,0
GCTGCCGTCAAATAGG,0
GCTGCTAGACCGGATA,0
GCTGGTGCGTCAATGT,0
GCTTAAAACTGTCCGG,0
GCTTAGGTAACAGCAC,0
GCTTCAAAGAATTATG,0
GCTTCGGTAGTATTGA,0
GCTTCGGTTAACAAAC,0
GGAAAACGGCTAAAAG,0
GGAAAATCCCCTCCTA,0
GGAAACAGATAGAATA,0
GGAAAGTATTCATAGC,0
GGAAATCTTCTCTCCG,0
GGAAATTAGATAGTGT,0
GGAACAACCTGCTTGG,0
GGAACACCGCGAGTTG,0
GGAACCGAATGACTCC,0
GGAACGCGAACACTGA,0
GGAACTAACGGAGCAT,0
GGAAGAAAAAGATTTA,0
GGAAGATGGCTGCATT,0
GGAAGCGAATAAACAT,0
GGAAGTAAATCTGCAA,0
GGAATCCACCAAGGGG,0
GGAATTAATATTCAGT,0
GGACAATTTAGATAAA,0
GGACACAATAAGGCGG,0
GGACCGAAAAAAAAAT,0
GGACGAAATCAGACTC,0
GGACGGACAAAACTGG,0
GGACTATCACCCAGTA,0
GGACTGCATCTGTTAA,0
GGACTTAATCTATATA,0
GGAGAGAGTAGAAGCT,0
GGAGGCCGTTGTGGTC,0
GGAGTTGGACTCCATG,0
GGAGTTGTGTGATCGC,0
GGATAACGGGACGACA,0
GGATATCCTCGTCAGA,0
GGATCACAACCCACAT,0
GGATCACATCATGACG,0
GGATCATCGCTCCACG,0
GGATCGACAACACCAT,0
GGATGAAACTGTATGT,0
GGATGAGAAACACTAG,0
GGATGGTCTCTATGTT,0
GGATTCGACTGGAATT,0
GGATTTAGCCACAGTA,0
GGATTTCTCCCCAAGA,0
GGATTTGCCTATTCAT,0
GGCAAGAGCTGAGGAT,0
GGCAAGCCCCCCATTA,0
GGCAATACCACACAGA,0
GGCACCGGATAGATGA,0
GGCACGAAGGGCAGGC,0
GGCAGCCTCATGAGCG,0
GGCAGGTTACATTCCA,0
GGCAGTCAACTCAGAA,0
GGCATAACTCATACGT,0
GGCATTGGAGTTAAAT,0
GGCCAAAAAAAAGACT,0
GGCCAAAAGTATCATA,0
GGCCAAGGCATATCTA,0
GGCCACATACCCATTA,0
GGCCACGTTGGATATG,0
GGCCCATCCCACGAAA,0
GGCCCCCTATGATTTA,0
GGCCCTAACCCATTAT,0
GGCCGGCCCAAGGAAA,0
GGCCTTGGTGAATTAT,0
GGCGAGAGATGGACAT,0
GGCGAGGCGGGAGGAA,0
GGCGCCCAAGCCAAGA,0
GGCGCGAGCTTCACAC,0
GGCGGATAATAACATA,0
GGCGGTTTTTACGTCA,0
GGCGTAACGAATTTCG,0
GGCGTCGGCCAGGAAT,0
GGCGTCGGCCAGGTAT,0
GGCTAAATGTTTGGAT,0
GGCTAGACTAGAATGA,0
GGCTATAAACAGAGTT,0
GGCTCAAGTAGTTAGG,0
GGCTTCGACTATGTTA,0
GGGAAATTGCCGTCGA,0
GGGAATCAATAACCCT,0
GGGAATCGCATGTAAC,0
GGGAGACATATCCCTT,0
GGGATGACAGGCATAA,0
GGGCACGAAATAGATA,0
GGGCAGTATTTTGATT,0
GGGCAGTTAGGACCTT,0
GGGCGGCAATCTTTGG,0
GGGGCAAACTACAAAA,0
GGGGCCTACAAAAGCT,0
GGGGCTAAGCATGAAT,0
GGGGGCGGGGTAATCG,0
GGGGTAACAGTCAGGA,0
GGGTAAAAGTCACTAG,0
GGGTCCATGATCACAG,0
GGGTTCTAAACAGAAC,0
GGTAACTCTGCGAAAG,0
GGTAATGTCAGCACAA,0
GGTACAACTGGGTGTC,0
GGTACCGAAAACACAC,0
GGTAGTAGACTCTTAG,0
GGTAGTTTTGACCCTT,0
GGTATTTTAACTAAAT,0
GGTCACCGATCACACG,0
GGTCAGACCAACTATA,0
GGTGAGATTAGTATCA,0
GGTGATGGATTTCATT,0
GGTGATTGGATAGGGA,0
GGTGGCAGGTGACCAA,0
GGTGTGGACTTTGGAG,0
GGTTAAGCGACTGATT,0
GGTTAGCTAAGTCAGT,0
GGTTATAGCTTGTTGT,0
GGTTATCAATCGTTAA,0
GGTTATCCAACACTCA,0
GGTTCCGTATGTCAGA,0
GGTTCGAAGAGTGAAA,0
GGTTCGATCTAGTGGG,0
GGTTCGGTCAAGGAAA,0
GGTTGGAACAACTAGT,0
GGTTGTAATATCTAGA,0
GTAAAAAAACTAGCTC,0
GTAAACACGACCTGAG,0
GTAAAGTATACATGGA,0
GTAAATTTAGCCTAAT,0
GTAACCATACTACCAC,0
GTAACGCGTTTATAGT,0
GTAACGTATTTTGTGA,0
GTAACTGAGTAGACTA,0
GTAAGAGAAGGGGTTA,0
GTAAGCAATTGTATGG,0
GTAAGCGAACCGCCTA,0
GTAATATAACTCTTTC,0
GTACAAAAGGATACAG,0
GTACACGAGAATATGA,0
GTACAGAAAGGATGAA,0
GTACAGAGCATGATAG,0
GTACCGACATGGGAAA,0
GTACCTCGTGTTATTG,0
GTACCTTGGAGCGTTT,0
GTACGGGCATAGTATG,0
GTACTAAGGAAATGTA,0
GTACTTACATTTGATG,0
GTACTTATAGATAAGA,0
GTAGAACTTTTTCTAT,0
GTAGACATAACGCTCG,0
GTAGAGACTATCATAA,0
GTAGATGGTGCCCTAA,0
GTAGCGCCTGCGGCCA,0
GTAGCGTTAACACAAT,0
GTAGCTGTTTAAAATA,0
GTAGTAAATCACACGA,0
GTAGTAACCGGGAGTT,0
GTAGTCGTGGCTAGAT,0
GTAGTGAATCAGACGT,0
GTATACATCGTTTAGT,0
GTATATTTACGCAAGA,0
GTATCTACCTAGGGAA,0
GTATGAAGAAAGACAC,0
GTATGGCTCAAGACGG,0
GTATTCAAGTACATAT,0
GTATTTCGCTACTACA,0
GTATTTGCTCAAGCAA,0
GTATTTTCCTCCGACA,0
GTCAACTTATGAGAAG,0
GTCAATTAAGCCAAAG,0
GTCAATTTTTACCTTT,0
GTCACAAGGGAAGGTG,0
GTCACCTAGGGGATCA,0
GTCAGATATCAGTCAT,0
GTCAGCGTTCTTCACC,0
GTCAGGAAGATTAAAA,0
GTCATGTTTCACCTCC,0
GTCCAAACGTAAAGCA,0
GTCCAGTTCTCTTGTA,0
GTCCCGTAAACTCATA,0
GTCCTACGGTTAAAGG,0
GTCCTCACGTCCTCTA,0
GTCCTCCATTAGGTAT,0
GTCGATTAATACCAAG,0
GTCGGATTGGAATGAG,0
GTCGGGAAACTCTATT,0
GTCTACAGGAGTCCTG,0
GTCTAGGAAACTGAAG,0
GTCTGCATAAAGTCTA,0
GTCTGGTACATCATAT,0
GTCTTGAGCAGTCATA,0
GTGAAACGGGGATGGT,0
GTGAAAGAAAGAAGTA,0
GTGAAATAAACATAAG,0
GTGAAATGACAAATAG,0
GTGAAGAAGCCATCAA,0
GTGAAGACAGAAGGTA,0
GTGACGTGAAACAAGA,0
GTGAGATACACTATTA,0
GTGAGGATGTAAATTA,0
GTGAGTGGCTTTAAGT,0
GTGATAAACAGGGACC,0
GTGATGCTAGATAAGG,0
GTGCAGAAAATGAATA,0
GTGCTTCCCTAGGATG,0
GTGGACTAAGTATACT,0
GTGGGAGGCTCCAAAT,0
GTGGGAGGCTCCACAA,0
GTGGGCCACATAATAA,0
GTGGTAACACGGTCAT,0
GTGGTCACAGAGCAGA,0
GTGGTCCCTCATAGCA,0
GTGTAAGGGGAGGCGT,0
GTGTAGGCGCGGATAA,0
GTGTCAACCTCATCAT,0
GTGTTGCGCAGTCAGA,0
GTTAAAAAAAATTGGT,0
GTTAAAGGTCTCGGAG,0
GTTAACACAGGTTTGA,0
GTTAACAGCAATTAGT,0
GTTACAACTCCAGCAT,0
GTTACAGAGAAAACGA,0
GTTAGAACTGTAACCC,0
GTTATGCATAAACATA,0
GTTATTACGAACGAAT,0
GTTATTGACGGAAATA,0
GTTATTTCGGAACTAT,0
GTTCAACGTGTGGTCA,0
GTTCATAGATTAAAAA,0
GTTCATGCCACTGAAG,0
GTTCCCAAACTGCCGC,0
GTTCGTGCAGTTAGGT,0
GTTCTATGTTAACCCC,0
GTTCTGCCACAACATA,0
GTTCTTAAGCTTTCAC,0
GTTGACAAGGGTATGT,0
GTTGAGGCGACGAAAA,0
GTTGCGAATTGAGCCG,0
GTTGTACCGATAAAGG,0
GTTGTCTACACGTTAT,0
GTTTAGTGTACAGATC,0
GTTTCCATTATCATTA,0
GTTTCCTAACCATGCG,0
GTTTCGCGTGGATAAG,0
GTTTTAGGGAGAATGG,0
GTTTTCCACTAAAGGA,0
GTTTTTTTTTGTTGGA,0
TAAAAAAAACACGTAG,0
TAAAAAAAATAATGAA,0
TAAAAATGAATTGATA,0
TAAAAATGACACACTT,0
TAAAACGATAATGGGT,0
TAAAACTGAATGTATA,0
TAAAATAACAAAAAGA,0
TAAAATATTTCTGCAG,0
TAAAATGACTTTGCGC,0
TAAAATGTGTTGCCGA,0
TAAACATTCTGTTCAA,0
TAAACGAGCATGTAAA,0
TAAACGCTTCGCCACA,0
TAAACGGGCAACGGAT,0
TAAACGTCATACAGTT,0
TAAACTGCTCGATTCA,0
TAAAGAAATCAGTTAA,0
TAAAGGAGGTACTCGA,0
TAAAGGGGTCCATAGA,0
TAAATAATAAAGAAGC,0
TAAATATAAGGAATAG,0
TAAATATATGCAAAGA,0
TAAATGACCCACTGAC,0
TAAATTAAGCCCCTTA,0
TAAATTAAGTACAATC,0
TAAATTAGGATACCCA,0
TAACAAAAGGACGGAT,0
TAACAAAGGAACGTTT,0
TAACAAGAGTGGAATA,0
TAACACCTAAGAAAAT,0
TAACAGCATTAAGGAA,0
TAACATAAGGTTAAGG,0
TAACCCGCATCCTGGA,0
TAACGAAGAGGGTTAA,0
TAACGATTGCTGACGC,0
TAACGCAAGTAGATGA,0
TAACGCCATAGGAAAG,0
TAACTAAGGCCTATCA,0
TAACTAGTTGATTACA,0
TAACTCCTAGCCCCGG,0
TAACTTGATCGAAAAA,0
TAACTTGCTCGGCTAA,0
TAACTTGTCCGTCGAA,0
TAAGAACATAGACAAA,0
TAAGAAGAATATGGAC,0
TAAGACGGGTTTTAGA,0
TAAGACGGTTAAAAAG,0
TAAGACTTCATGATAT,0
TAAGATTAGAAATGTT,0
TAAGCAAGTAGGGAAA,0
TAAGCTATGCTGGACT,0
TAAGGAACATCTAGTA,0
TAAGGGAAGTAGCAGA,0
TAAGGTGGGACAGGTT,0
TAAGTCACGCCTCCAC,0
TAAGTCGAGTGGCCGG,0
TAAGTTTGGAAATTTG,0
TAATAATATAAAGAAA,0
TAATACGGAACAGAAT,0
TAATATAGAAGCACCA,0
TAATATCTCCAGACTA,0
TAATCACAAAGGAAAA,0
TAATCGCAATCTCTGC,0
TAATCTAACGAGGCTA,0
TAATGCAACACTTCGT,0
TAATGCAGCCAGAAAA,0
TAATGGAGAGAAAGGA,0
TAATTACATTTGAAGT,0
TAATTCATTGCCTCAA,0
TAATTCCCGTAGAACA,0
TAATTCCGTACTCAGG,0
TAATTCCTATTAGAAT,0
TAATTGCTCCACGTAC,0
TAATTTTGCATTGTCA,0
TACAAAAAATATACGT,0
TACAAACCAAGTTAAA,0
TACAAAGGTTTAGAAA,0
TACAAATACGAGGTTA,0
TACAACTTAAACGCTA,0
TACACAACAGAACTAT,0
TACAGCCAGCCCATGG,0
TACAGCGAAGAACGGA,0
TACAGGCCTGTCGCAC,0
TACAGTATCGCTCCGT,0
TACATCAAACAAGGTA,0
TACATCGATAAGTATA,0
TACATGCGAACGATAA,0
TACATTAGTTTTGTGT,0
TACCCATATCAAACCA,0
TACCCGTACGTCCGTA,0
TACCGAAATTAATCAA,0
TACCGTTTGAGTCAGC,0
TACCTAAATAATAAAA,0
TACCTCTTAACCAAAT,0
TACGAACGTACACAGT,0
TACGACTGGATATTAA,0
TACGCCGAACAATCAT,0
TACGCCTGGAGAACGA,0
TACGCTAGATGTTAAA,0
TACGGATACAAGTATG,0
TACGGTATACACACTA,0
TACTAGTCAAAGCAAT,0
TACTCACTCACACTAC,0
TACTCGTCGAAGGGAC,0
TACTGCCGCGTTGTAA,0
TACTGGATAAGATGAT,0
TACTGGTCAGGCCAAT,0
TAGAAAAACAATAAGA,0
TAGAAAAATGGACCAG,0
TAGAAATGCACCAAAC,0
TAGAAGCCTGTGTAGT,0
TAGACAATTTCTGCAT,0
TAGACACTACTAGGTA,0
TAGACATGCCCTGAGA,0
TAGACCCCAATGCGGA,0
TAGACGCGCGAAGGGA,0
TAGACGTGATTACAAA,0
TAGAGCATTCAAACAC,0
TAGATACCTATATCCT,0
TAGATGTTAAATGGAG,0
TAGATTAGGCTATGAC,0
TAGCAACAAGCCCGTA,0
TAGCACAAGAGCTAAC,0
TAGCAGAACAGCACAT,0
TAGCCCTTGGTCCTAA,0
TAGCCGTTGTATTCCA,0
TAGCGAGAATTTCTAA,0
TAGCGTATAAGGACAT,0
TAGCGTCCACACTGAT,0
TAGCTAAAGATAGAGA,0
TAGCTAGTGATGTCCC,0
TAGCTAGTTACCTATA,0
TAGGAAAATAAACTTT,0
TAGGAATCTTTTCCCT,0
TAGGACAAATGATAGT,0
TAGGAGGTAGTGGCAA,0
TAGGAGTCCTGAAATC,0
TAGGATACTACAACAT,0
TAGGATACTTTAAGTG,0
TAGGATCTCTCAACAA,0
TAGGCTATTATACACA,0
TAGGGAAAGGCTGAAC,0
TAGGGTCCAGCAACGA,0
TAGGGTTGTACTTAAT,0
TAGGTGATTTATAATA,0
TAGTAAAATCACAACC,0
TAGTATTACCAAAGAA,0
TAGTCACCTACCAGAA,0
TAGTGTACATCCGGCG,0
TAGTTCTTACATCATG,0
TATAAAAACGAAATAG,0
TATAACGACAGAATGT,0
TATAATCATAATGGAT,0
TATACAGTACTAGGCA,0
TATACCTTAAAAGGGG,0
TATACCTTGAATCCTA,0
TATACGACGCGGTACA,0
TATACGAGATAAAAAC,0
TATACTACGGACGACA,0
TATAGAAAGGATAAGA,0
TATAGCAAGGCTTGAC,0
TATAGGGAGCTAAATA,0
TATATAATGACTCTAG,0
TATATGAACCATGATA,0
TATATGAGACTGTATA,0
TATATGCGCCGATAAA,0
TATCAACGGTAATACT,0
TATCATGTTTCATATT,0
TATCCACCCTTTCAAG,0
TATCCATGCGTTAAAC,0
TATCCGATAGTTTGGG,0
TATCCTGGAACCACGA,0
TATCGTTAAGGACAGT,0
TATCTACAGCTCGTAG,0
TATGAAAGACGGTTCT,0
TATGAGAACATATCCA,0
TATGATATAATCAAAT,0
TATGCAACACGCTAAA,0
TATGCCACCAAGGATT,0
TATGGGGTGCGTAGGA,0
TATGGGGTTAAACAAA,0
TATGGTCTTACTAGTA,0
TATGTAAGAAAGTAGA,0
TATGTGAAACAAAGGA,0
TATGTGACAAGTCTTA,0
TATGTTACATAGTACT,0
TATGTTTATAACTAGT,0
TATTAACCAGTGTATT,0
TATTAAGAGGACTAAA,0
TATTACCTAATGTCTG,0
TATTAGTGATGAGTTA,0
TATTCACATGGGTCAA,0
TATTCGACATGACCAT,0
TATTGATACACACAGA,0
TATTGTCAAAGTATTA,0
TATTTACCGACAAGAT,0
TATTTCAGTTGGCCCT,0
TCAAAACCGTCTTCAG,0
TCAAACCAACAATCAA,0
TCAAATAACGGACAGT,0
TCAAATGGACCATAAT,0
TCAAATGGCATATGGT,0
TCAACAAATCGCATAA,0
TCAACACCGTCATGAA,0
TCAAGCTCTCTAACTG,0
TCAAGGGTCAATTCTA,0
TCAAGTCGAGTAGAGT,0
TCAATAAATCTCTGTA,0
TCAATATTGATTGCGA,0
TCACAGGATGAACTAG,0
TCACAGTTACCATAAT,0
TCACCAACTCAGACAT,0
TCACCCTGGTTATGGG,0
TCACCTCGCAGTTAGT,0
TCACGAGAGTCCAACC,0
TCACGATCATCCCCCA,0
TCACTAATAGGGATAA,0
TCACTCCAAATGGGTT,0
TCACTCTAGCAGCGAC,0
TCAGCGTCCAATTATT,0
TCATAAAAACACACCA,0
TCATAAAAGTAGGTTT,0
TCATAGTATTTCTGTA,0
TCATAGTTTTCGTCTG,0
TCATATCCTCAGATTA,0
TCATGCGGAAAATTAA,0
TCATGGTATTTGGGCT,0
TCATTTATATCGGGCC,0
TCATTTGTGATTGCAC,0
TCCAAACCTAAACTTA,0
TCCAAGGGACGGTAAC,0
TCCACCGAATCCTAAT,0
TCCACCGGATAACTGT,0
TCCATAAAACACTGAG,0
TCCCAACTCCGGCTTT,0
TCCCAAGCTCGAATGA,0
TCCCAGAGGATTCGAA,0
TCCCCAGTGAACCTAA,0
TCCCCCCAACAATTTG,0
TCCCTAATAGGTTGTA,0
TCCCTCAGCGCGACCA,0
TCCGAGGATAAGGAAA,0
TCCGCCAAAAGTAGAA,0
TCCGCGCGGTTTCACA,0
TCCGCTCTAGGAACGA,0
TCCGGGCTGACTTGTA,0
TCCGTGAGAGTTGCGG,0
TCCTAAGGAGCGTAAA,0
TCCTCCTAGCAAAGAA,0
TCCTGATGTTTGGAGT,0
TCGAAAAATCCAAAAG,0
TCGAAAGCCGAGCGGA,0
TCGAACCGATGCCAAA,0
TCGAACTCTAACAAAT,0
TCGACCACACCATACA,0
TCGAGGTCCACGACAT,0
TCGATAAAGAACAGAG,0
TCGCAAAAACTTACGA,0
TCGCAAAGGTGGCATT,0
TCGCCGTGAAACATAT,0
TCGCCTAGGTCAGACT,0
TCGCGAGATGATACAC,0
TCGCGATGAGCATATA,0
TCGCGCCTTCCCAAAA,0
TCGCTAAGTGGATATC,0
TCGCTGTAACGAGCCA,0
TCGGATTAACCTCTAA,0
TCGGGACACCGAAACA,0
TCGGGTCTGCAGACCA,0
TCGGTTGTATTCTGAG,0
TCGTAATGAGTGTTAA,0
TCGTATACAATGATCT,0
TCGTATGTTGATGGAA,0
TCGTATTAAATGTATC,0
TCGTGACACCAGTATC,0
TCGTGATCATCGCAGA,0
TCGTTCAATAACCGGG,0
TCTAAATGCTAGCAAA,0
TCTAAATTCGAAGAAA,0
TCTAAATTGTTGAGTA,0
TCTACCGCCTATCACA,0
TCTACGTTAAATATGT,0
TCTACTCAATCTCTCA,0
TCTAGCAACTGAGGTA,0
TCTATAAGTAAAGCAA,0
TCTATGGCGTCGTATT,0
TCTCCAAGGTCCGATA,0
TCTCTAACCTACCTGG,0
TCTGAACGTAGTTTCT,0
TCTGACTGCAGAGAGT,0
TCTGATACGAGCGGGC,0
TCTGCGAACGAATTAG,0
TCTGCTCGGGCGTAGC,0
TCTGGACCCAATCCCC,0
TCTGGCTCGGCATGGA,0
TCTGTGACGTAGCTGG,0
TCTGTGAGTTAGGAGT,0
TCTTATACATACTAAC,0
TCTTATAGAAGCCAAA,0
TCTTCAAAGTCCTGTG,0
TCTTCCGTATGTAAGA,0
TCTTCTAGCGTTGTCA,0
TCTTGACATTGATTTT,0
TCTTGATGAAGTACTA,0
TCTTTGACTGCCGGAA,0
TGAAAAATTTAAAAGT,0
TGAAATCAAAGACCGG,0
TGAAATTACCAGCCGG,0
TGAACCTTTTCCCAGA,0
TGAACGCAACAATACA,0
TGAACTAAATAAGCAG,0
TGAACTATCGATGAAA,0
TGAACTGCGTGACCTG,0
TGAACTTAAAAGGACA,0
TGAAGGCCAGGGCAGA,0
TGAAGTAAATGTAGGT,0
TGAAGTGATAAACTAA,0
TGAATAAGTCACCGGT,0
TGAATACTGAATGGAT,0
TGAATAGAAGGCAGGT,0
TGAATCGATCTCATAA,0
TGAATGTAGTATAAAA,0
TGAATTCGACGAATAA,0
TGAATTGTTTGGATCT,0
TGAATTTTTTATTTAC,0
TGACAAAGTAGTTATC,0
TGACAACTACGCTTAT,0
TGACAAGAACTTGCGT,0
TGACAGAGACCTACAA,0
TGACGCCAATTAAGAA,0
TGACGCGGAGTAATGG,0
TGACGCTAAGGTGTGA,0
TGACTTTCCTCACTAG,0
TGAGAAACCATCAGGA,0
TGAGAACTAGGTAGAG,0
TGAGCGTAACGATAAA,0
TGAGGCACAAGCCTGT,0
TGAGGGGCCAAATACG,0
TGAGTTCCCGCATAGA,0
TGATAAACCAGAATAT,0
TGATCAAATTCCTAGC,0
TGATCGAGTGCGTGCC,0
TGATCGGACTCTGAAG,0
TGATGAACTTAACATA,0
TGATTACATGAAAAAC,0
TGATTAGTGTGATTGT,0
TGATTCTCCATTCTAA,0
TGATTTAAACGTGGCA,0
TGCAAGCCTCACATGT,0
TGCAAGGTGCCAGATA,0
TGCAATAAGATATATT,0
TGCAATACCATTGGGC,0
TGCAATTCAGTGTGTC,0
TGCACAAGGCACAAGG,0
TGCACAGCGAAATCAA,0
TGCACCGACCAACAAT,0
TGCACGAGATCGAAAA,0
TGCACTAGTTCCGGGG,0
TGCACTGACACCCGAA,0
TGCAGCAAAGGAAGGA,0
TGCAGTGGCATTCTAA,0
TGCAGTTTGGAGAAAG,0
TGCATCTGCAACTCTA,0
TGCATTGACGACGCCA,0
TGCATTGAGAGCCTAA,0
TGCATTTGCTTGAGAT,0
TGCCAGGGAAATGTGA,0
TGCCATTAAGATCATA,0
TGCCCAACGGTTGGAA,0
TGCCCTCAAGAGCAAG,0
TGCCCTGGCAACCACT,0
TGCCGAACAAGGTAAT,0
TGCCGATGCTAAAAAA,0
TGCGACAAACAATAAT,0
TGCGATCGTGGTTCAA,0
TGCGGCAAAAGGGTAG,0
TGCGGTTCTAGCATAG,0
TGCGTACACCTCCTAT,0
TGCTACCACCGATTAC,0
TGCTACGAAAGCGGGA,0
TGCTATAAATATGCTT,0
TGCTCAATTCAGACTT,0
TGCTCACAGGTCGATA,0
TGCTCAGAAGACAGAA,0
TGCTCATTTTGCTTGA,0
TGCTCCGCAGCGCTTA,0
TGCTTCGGCGACCAAT,0
TGCTTGGGTGGTAGGA,0
TGGAAAGGTAGACTAC,0
TGGAAGAAAAGCCTTA,0
TGGAATCTCAATAAAA,0
TGGACGATCCACTATC,0
TGGACGCGAAGCGGTT,0
TGGACTAGTGTTACCG,0
TGGAGCAATATACCAA,0
TGGAGGAACTGTCACA,0
TGGATGAACAGGATAA,0
TGGATTCAACCAAGGA,0
TGGCACAGGGAGCTAG,0
TGGCATCACAACACAT,0
TGGCCATGGGGGAAGG,0
TGGCCATTGTTGTTAA,0
TGGCCCCTGTCGGTAC,0
TGGCCGAAATTCATGG,0
TGGCGAATTGAGTACT,0
TGGCGTATACCAATGA,0
TGGCTATTTGTTCCGC,0
TGGGAACCAGGACAAA,0
TGGGAGTAGTGAGTGT,0
TGGGCCGTGAACATAA,0
TGGGCGGGCGGGGAGA,0
TGGGTCTTGCCGCGTT,0
TGGGTGAGTCGACTTA,0
TGGGTTTTTACTGTTT,0
TGGTAATTGGCCCAAG,0
TGGTACAAGACATTAA,0
TGGTCAAAATCCACTC,0
TGGTCCTAGCGGATAT,0
TGGTCTATAGGTGTTA,0
TGGTGACAGGTGCCAA,0
TGGTGTAAATTATTAG,0
TGGTTTCTAAAAGACA,0
TGTAAAACGTGGTTTA,0
TGTAAAGGGACCTAAT,0
TGTAAATTTCGAAAAT,0
TGTAACAAGACTTTAC,0
TGTAATGTATCGATTA,0
TGTAATTAGACGTAGG,0
TGTACAAAGGAGAAAC,0
TGTACCACGAATGTAG,0
TGTACGTAATATCCCA,0
TGTACTCGGATCCGTT,0
TGTATATCTTTCAACC,0
TGTATCTCCCTTCACC,0
TGTATTAAAAGAATGT,0
TGTATTTCAGTCTGAG,0
TGTCCACGGAAGGAAT,0
TGTCGAGCCCTGAGAA,0
TGTCGTTTATGGCCAA,0
TGTGACACATAATTAA,0
TGTGCCACGATCTTTC,0
TGTGCTATGGTTATTT,0
TGTGGGCTTGTCGTAG,0
TGTGTCCACTTATCTT,0
TGTGTCTAACCATTCG,0
TGTGTCTCCTGCGGCA,0
TGTGTCTGATGCAGGG,0
TGTGTGAAAGACAGCT,0
TGTGTTTTCTTATGGG,0
TGTTACCGTCAAAAGT,0
TGTTAGCAATGGAAGC,0
TGTTAGGCCGTATGGA,0
TGTTCCCCCTTATAAA,0
TGTTCCGGCTACATAG,0
TGTTCGGACTACAGTA,0
TGTTCTTAGCCAAAGA,0
TGTTGTCCTAGGATAA,0
TGTTGTTAATAAGTTA,0
TGTTTATATCGTACTA,0
TGTTTATGGAGGTACC,0
TTAAAAAAGAACCAAG,0
TTAAAATAGGAATGGG,0
TTAAAGCAGCCTATAG,0
TTAAAGGGGAGTCTAG,0
TTAACCAAATGTGAAA,0
TTAACCTGAGTGTATA,0
TTAACGCGCGGAGAAT,0
TTAACTACAGCGCAAA,0
TTAAGAGGGGTGAGAA,0
TTAAGGAGAGTAGAAA,0
TTAAGGTTCGTCGCCA,0
TTAATTAGCAGATTAA,0
TTACAAAGTATGGTCA,0
TTACAAAGTGTAACGA,0
TTACACACCAGTAAAA,0
TTACAGCTAGTCTGAC,0
TTACAGGAATTAGAGG,0
TTACATAGATTGTTAA,0
TTACCGCTTGTTTGAC,0
TTACCGTCTGTCTCAA,0
TTACCTACAGCGGAGG,0
TTACGTAGAACGGAGA,0
TTACTGATTCGTGGAA,0
TTAGAACTGAGACAGA,0
TTAGACATGATGTAAT,0
TTAGAGCGGGAATCAC,0
TTAGCGACCTTCCCAA,0
TTAGGCTCTCGGCAAC,0
TTAGGGGTCGCTGAAA,0
TTAGGTACCAAATAAG,0
TTAGTACTTCTAGAGA,0
TTAGTATGTCACAGTC,0
TTAGTGAGGCCCATAA,0
TTAGTTGATATTTGAC,0
TTATAAATCAATGAAA,0
TTATACAATACGCTCA,0
TTATACCTTCGAACTA,0
TTATCCATACCCCATA,0
TTATCCCCACACATCT,0
TTATGCACGAAGTTTG,0
TTATTAAAATCCTACA,0
TTATTACGCATCAATA,0
TTATTAGTGTCTGAAG,0
TTATTATTGTTCGCGT,0
TTATTCACAGACTCAT,0
TTATTTAAATCAAAAA,0
TTATTTTAAGTAAAAT,0
TTCAACACCGACGAAG,0
TTCAACGCGAGTCTGT,0
TTCAAGGCAAGTAACA,0
TTCAATTGGTTCATAA,0
TTCACACGGCAGGCTA,0
TTCACAGAAGGACGAA,0
TTCACCTACCAAGAGG,0
TTCAGATGGCCTCATA,0
TTCAGCTTACCTCGTT,0
TTCATGCTCAATGTAA,0
TTCCAGACTGGTGTTT,0
TTCCGCTTACTGGAAC,0
TTCCTCTACAATCCTC,0
TTCCTTATCTAAAAGA,0
TTCGAAAAAAAAAAGG,0
TTCGAAGTCGATAAGA,0
TTCGACAGTACAGCAG,0
TTCGACATTTACGGGT,0
TTCGACCCTGGAGGAC,0
TTCGAGACTATACGAT,0
TTCGGATCAACAACTT,0
TTCGGTAATGTTTGAG,0
TTCTAACGTACAAAGA,0
TTCTCCATTTACATGT,0
TTCTCGTAGCTTAGCA,0
TTCTGCAAGCCATCTA,0
TTCTGGGGCAATTTGA,0
TTCTTACTAGCGGAGA,0
TTCTTAGGGATAGGAA,0
TTCTTGCGCCACGCCT,0
TTGAAACAGAACCTAA,0
TTGAAATCAAATGAAA,0
TTGAAATTTTTAATGA,0
TTGAACTCACTTGTTA,0
TTGACACGACATATAT,0
TTGACATATAATGTTT,0
TTGACCAGAGGAACAC,0
TTGACGTCGGTTGCAT,0
TTGACTCTAGGAGAGT,0
TTGAGAGCTGACATAT,0
TTGAGGACTTACAAAG,0
TTGAGGCCAGTGCCGA,0
TTGATTAGAAGAGCAT,0
TTGCAAGGGTGTGCCC,0
TTGCAAGTAACACCAC,0
TTGCAGGCATCTTGGA,0
TTGCCACGATACGCCA,0
TTGCGCCGGGGAAGCT,0
TTGCGTATTAGACCCA,0
TTGCTAAAAAGGATCT,0
TTGCTAATCCATGGAG,0
TTGGAAAACAACTCGA,0
TTGGAACCTTTGAAAA,0
TTGGACACTGTACCTA,0
TTGGAGTGGAACGAGG,0
TTGGCAAGATGTTCGG,0
TTGGCAGATAACACCC,0
TTGGCCTATGAGGAAC,0
TTGGGAGCCTGAACAT,0
TTGGGATGATAATAAG,0
TTGGTGCCCCAACCAA,0
TTGTACAATCAGATTA,0
TTGTAGAGTCGACTCT,0
TTGTAGGCGGGCGATA,0
TTGTATCCATTGCGGG,0
TTGTCATGGAAGACGA,0
TTGTCTTAGATGCTTA,0
TTGTGGTCTATTTATC,0
TTGTGTAACCAGGGTA,0
TTGTTCTTGGTGAACA,0
TTGTTTACAGTTAGCG,0
TTTAACAAGTCTAAAG,0
TTTACCACTATGCAAG,0
TTTACGACGTGGCCTC,0
TTTAGAAAATCAACAA,0
TTTAGGGCTTAATGAT,0
TTTATAACGGACAAGA,0
TTTATGACTCGAAGAT,0
TTTATTGGATTATATT,0
TTTCCACACTTACAAA,0
TTTCTAAAATTGGTAA,0
TTTGCAATAATGTTAA,0
TTTGCAGAGCGGTAAT,0
TTTGCTAAGATCCCAA,0
TTTGGAACGGATCTTG,0
TTTGGAAGCTCAGACA,0
TTTGTGAAATACTGAT,0
TTTTAGATTCTGTGCA,0
TTTTAGCAAGAAAGAT,0
TTTTCAAACTATTGTA,0
TTTTTAACCAGTTAGG,0
