site,wildtype,mutant,effect,effect_std,times_seen,n_selections,referance_aa,region
18,T,-,0.00045,0.0268,1,2,T,1
18,T,I,-0.004045,0.06574,2,2,T,1
18,T,N,0.1484,0.0285,1.5,2,T,1
18,T,S,0.17,,0.5,1,T,1
18,T,T,0,0,,2,T,1
19,T,-,0.09746,0.06681,2,2,T,1
19,T,A,-0.3592,0.4953,5,2,T,1
19,T,C,-0.006325,0.1224,4,2,T,1
19,T,D,0.03476,0.02222,8.5,2,T,1
19,T,E,-0.9345,1.033,6.5,2,T,1
19,T,F,-0.2275,0.5014,7,2,T,1
19,T,G,-0.8354,0.3403,6,2,T,1
19,T,H,0.04047,0.0127,3,2,T,1
19,T,I,-0.006307,0.00295,4,2,T,1
19,T,K,-0.05766,0.1832,4.5,2,T,1
19,T,L,-1.858,1.702,4,2,T,1
19,T,M,-0.4742,0.4521,9,2,T,1
19,T,N,0.00405,0.1623,2.5,2,T,1
19,T,P,0.06035,0.1374,6.5,2,T,1
19,T,Q,0.08429,0.07893,4,2,T,1
19,T,R,-0.05415,0.271,2,2,T,1
19,T,S,0.1339,0.03818,7.5,2,T,1
19,T,T,0,0,,2,T,1
19,T,V,-0.2092,0.4474,4.5,2,T,1
19,T,W,0.1004,0.08801,6.5,2,T,1
19,T,Y,-0.09088,0.2027,3,2,T,1
20,N,*,-4.756,0.1923,7.5,2,N,1
20,N,-,0.1145,0.02473,2.5,2,N,1
20,N,A,-0.4468,0.6799,1.5,2,N,1
20,N,C,-0.8613,1.121,4,2,N,1
20,N,D,-0.2913,0.2708,3.5,2,N,1
20,N,E,0.153,0.02744,3,2,N,1
20,N,F,-0.1164,0.1019,5.5,2,N,1
20,N,G,0.1079,0.05117,6,2,N,1
20,N,H,-0.2614,0.06053,3.5,2,N,1
20,N,I,0.09507,,2,1,N,1
20,N,K,-0.1301,0.3311,5,2,N,1
20,N,L,-0.8008,1.321,6,2,N,1
20,N,M,0.107,0.0212,3.5,2,N,1
20,N,N,0,0,,2,N,1
20,N,P,-0.8635,0.2482,5,2,N,1
20,N,Q,-0.3746,,3,1,N,1
20,N,R,-0.1635,0.3919,3.5,2,N,1
20,N,S,0.1099,0.03102,6.5,2,N,1
20,N,T,-0.09738,0.1463,8,2,N,1
20,N,V,-0.4094,0.3289,4,2,N,1
20,N,W,-0.7222,0.9133,3,2,N,1
20,N,Y,0.07326,0.01303,7,2,N,1
21,G,-,0.02863,0.1137,2,2,G,1
21,G,A,-0.333,0.4278,2.5,2,G,1
21,G,C,0.1024,0.05374,11.5,2,G,1
21,G,D,0.1557,0.02397,4,2,G,1
21,G,E,0.1512,0.03062,4,2,G,1
21,G,F,0.1331,,0.5,1,G,1
21,G,G,0,0,,2,G,1
21,G,H,0.07994,0.08367,4.5,2,G,1
21,G,I,-0.1102,0.392,2.5,2,G,1
21,G,K,0.1542,0.02355,2.5,2,G,1
21,G,L,0.1421,0.04384,4.5,2,G,1
21,G,M,0.1097,0.05093,3.5,2,G,1
21,G,N,0.1105,0.08861,2,2,G,1
21,G,P,-0.00765,0.1983,5,2,G,1
21,G,Q,0.1475,0.03578,4,2,G,1
21,G,R,0.06266,0.1266,1.5,2,G,1
21,G,S,-0.6832,0.8723,6.5,2,G,1
21,G,T,0.08391,0.05146,3.5,2,G,1
21,G,V,0.1412,0.005515,4.5,2,G,1
21,G,W,0.08128,0.05901,6,2,G,1
21,G,Y,0.04218,0.1371,1.5,2,G,1
22,L,*,-4.87,0.09687,2.5,2,L,1
22,L,-,0.08102,0.07281,2,2,L,1
22,L,A,0.1561,0.02319,3.5,2,L,1
22,L,C,0.1352,,1,1,L,1
22,L,D,-0.3294,,1,1,L,1
22,L,E,-1.135,0.7734,3,2,L,1
22,L,F,0.1375,,1,1,L,1
22,L,G,-2.267,3.45,3.5,2,L,1
22,L,H,0.1381,0.0333,2.5,2,L,1
22,L,I,0.1516,0.02546,2.5,2,L,1
22,L,K,0.156,0.02468,2.5,2,L,1
22,L,L,0,0,,2,L,1
22,L,M,0.0727,0.0007142,7.5,2,L,1
22,L,N,0.1555,0.02171,1.5,2,L,1
22,L,P,0.05229,0.1042,6,2,L,1
22,L,Q,-0.3468,,1,1,L,1
22,L,R,0.1535,0.02213,5,2,L,1
22,L,S,0.07658,0.08714,3,2,L,1
22,L,T,0.1335,0.05151,1.5,2,L,1
22,L,V,0.1547,0.021,4.5,2,L,1
22,L,W,-0.1919,0.4418,1,2,L,1
22,L,Y,0.1564,0.02404,3,2,L,1
23,N,-,-0.5737,0.8646,2.5,2,N,1
23,N,A,-0.06036,0.114,2,2,N,1
23,N,C,-0.1002,0.2687,2.5,2,N,1
23,N,D,-0.6946,0.9142,1.5,2,N,1
23,N,E,0.1487,0.01704,3.5,2,N,1
23,N,F,-0.3406,0.1882,3,2,N,1
23,N,G,-0.3185,0.6165,3,2,N,1
23,N,H,0.1014,0.0475,2.5,2,N,1
23,N,I,-0.9451,0.6532,2,2,N,1
23,N,K,0.04062,,2,1,N,1
23,N,L,-0.7953,0.636,5.5,2,N,1
23,N,M,-1.498,1.072,5,2,N,1
23,N,N,0,0,,2,N,1
23,N,P,0.00285,0.1839,3,2,N,1
23,N,Q,0.1264,0.05832,2.5,2,N,1
23,N,R,-0.1671,0.443,3.5,2,N,1
23,N,S,0.1516,0.01648,3,2,N,1
23,N,T,-0.4927,0.6707,4,2,N,1
23,N,V,-0.3537,0.436,5.5,2,N,1
23,N,W,0.00955,0.159,2.5,2,N,1
23,N,Y,-0.1934,0.2393,6,2,N,1
24,T,*,-4.845,0.2242,4.5,2,T,1
24,T,-,-0.4639,0.0391,3,2,T,1
24,T,A,0.08285,0.03458,11,2,T,1
24,T,C,-2.389,3.172,6,2,T,1
24,T,D,-0.3796,0.1289,7.5,2,T,1
24,T,E,0.1516,0.01902,2.5,2,T,1
24,T,F,0.04108,0.08361,3,2,T,1
24,T,G,0.1006,0.05323,3.5,2,T,1
24,T,H,-0.4142,0.1433,3.5,2,T,1
24,T,I,-0.7676,0.6143,8.5,2,T,1
24,T,K,-0.3081,0.6272,9,2,T,1
24,T,L,0.05228,0.1042,2,2,T,1
24,T,M,-0.4206,0.13,6,2,T,1
24,T,N,-0.6824,0.7207,4,2,T,1
24,T,P,-0.4824,0.3773,5,2,T,1
24,T,Q,-0.4468,0.4731,4,2,T,1
24,T,R,0.03869,0.1025,4,2,T,1
24,T,S,-0.2791,0.473,6,2,T,1
24,T,T,0,0,,2,T,1
24,T,V,-0.3691,0.3268,3,2,T,1
24,T,W,-0.1051,0.3282,3,2,T,1
24,T,Y,-0.6853,0.9754,5,2,T,1
25,S,-,-0.3237,0.3764,3,2,S,1
25,S,A,-0.5497,0.3272,5,2,S,1
25,S,C,-1.124,0.1032,2,2,S,1
25,S,D,0.1207,0.06855,5,2,S,1
25,S,E,0.09985,0.09469,4,2,S,1
25,S,F,-0.4251,0.7518,7,2,S,1
25,S,G,-0.3021,0.06718,7,2,S,1
25,S,H,-0.1023,,1.5,1,S,1
25,S,I,-0.04354,0.06588,6,2,S,1
25,S,K,-0.2873,0.3881,4,2,S,1
25,S,L,-0.08075,0.2818,2,2,S,1
25,S,M,0.1409,0.01605,4,2,S,1
25,S,N,-0.0298,0.006406,5,2,S,1
25,S,P,-0.1087,0.3815,3,2,S,1
25,S,Q,0.05606,0.03859,2,2,S,1
25,S,R,-0.1837,0.2743,10,2,S,1
25,S,S,0,0,,2,S,1
25,S,T,0.1243,0.06868,4,2,S,1
25,S,V,-1.464,1.592,4.5,2,S,1
25,S,W,0.00535,0.1603,2.5,2,S,1
25,S,Y,-1.6,1.096,2,2,S,1
26,H,*,-4.973,0.009192,6.5,2,Y,1
26,H,-,-0.1808,0.1266,3,2,Y,1
26,H,A,-0.2572,0.1448,7,2,Y,1
26,H,C,0.1401,,2,1,Y,1
26,H,D,0.1493,0.02998,3.5,2,Y,1
26,H,E,0.1119,0.01806,3.5,2,Y,1
26,H,F,-0.3143,0.1798,2,2,Y,1
26,H,G,-0.2046,0.4173,3.5,2,Y,1
26,H,H,0,0,,2,Y,1
26,H,I,0.0134,0.1744,3,2,Y,1
26,H,K,0.05014,0.0954,5.5,2,Y,1
26,H,L,-1.571,0.6166,5.5,2,Y,1
26,H,M,-1.811,2.801,5,2,Y,1
26,H,N,0.1225,0.07215,6,2,Y,1
26,H,P,0.04072,0.1364,3,2,Y,1
26,H,Q,-0.1048,0.02222,5.5,2,Y,1
26,H,R,-0.2892,0.497,6.5,2,Y,1
26,H,S,-0.351,0.7426,7,2,Y,1
26,H,T,-0.08113,0.2507,1.5,2,Y,1
26,H,V,-0.5139,0.7186,4.5,2,Y,1
26,H,W,-0.2625,0.4119,6.5,2,Y,1
26,H,Y,0.1257,0.01209,4,2,Y,1
27,S,-,-0.1042,0.1106,2,2,S,1
27,S,A,-0.2586,,1.5,1,S,1
27,S,C,-0.0409,0.2203,4.5,2,S,1
27,S,D,-0.3875,0.7033,4.5,2,S,1
27,S,E,0.09565,0.01873,5,2,S,1
27,S,F,-0.01672,0.1004,5.5,2,S,1
27,S,G,-0.5243,0.7576,7,2,S,1
27,S,H,-2.047,,0.5,1,S,1
27,S,I,0.1152,0.02697,8,2,S,1
27,S,K,0.08866,0.1156,3,2,S,1
27,S,L,0.1555,0.0215,4,2,S,1
27,S,M,-0.7633,,1.5,1,S,1
27,S,N,0.05983,0.0667,7.5,2,S,1
27,S,P,0.04922,0.166,5.5,2,S,1
27,S,Q,-0.2533,0.3845,3.5,2,S,1
27,S,R,-0.1226,0.1223,7,2,S,1
27,S,S,0,0,,2,S,1
27,S,T,0.1409,0.04236,4.5,2,S,1
27,S,V,-0.6965,0.9807,4.5,2,S,1
27,S,W,-0.1479,0.2699,4,2,S,1
27,S,Y,0.151,0.02793,3.5,2,S,1
28,V,*,-4.885,0.0007071,2.5,2,V,1
28,V,-,-0.07736,0.0216,2,2,V,1
28,V,A,0.1504,0.02772,5.5,2,V,1
28,V,C,-0.8187,1.403,1,2,V,1
28,V,D,0.1515,0.01761,5,2,V,1
28,V,E,0.01799,0.1247,5.5,2,V,1
28,V,F,0.08294,,3,1,V,1
28,V,G,-0.0792,0.3024,3,2,V,1
28,V,H,0.1527,0.02934,4,2,V,1
28,V,I,-0.08125,0.3385,4.5,2,V,1
28,V,K,0.1467,0.0128,3,2,V,1
28,V,L,0.04453,0.01579,9,2,V,1
28,V,M,-0.02727,0.01302,6,2,V,1
28,V,N,0.1552,0.02348,2.5,2,V,1
28,V,P,-0.254,0.5541,4,2,V,1
28,V,Q,0.1163,0.07577,5,2,V,1
28,V,R,0.08436,0.02947,2,2,V,1
28,V,S,0.07843,0.06529,3,2,V,1
28,V,T,0.1385,,1.5,1,V,1
28,V,V,0,0,,2,V,1
28,V,W,-1.431,2.137,1,2,V,1
28,V,Y,0.1293,0.06092,4,2,V,1
29,C,*,-1.654,,0.5,1,C,1
29,C,-,0.06044,0.006244,2.5,2,C,1
29,C,A,-0.3488,0.6773,2.5,2,C,1
29,C,C,0,0,,2,C,1
29,C,D,0.1261,0.01103,2.5,2,C,1
29,C,E,-2.189,3.294,2.5,2,C,1
29,C,F,0.06572,0.03011,10,2,C,1
29,C,G,-0.3843,0.3295,2,2,C,1
29,C,H,0.1382,0.05035,3.5,2,C,1
29,C,I,-0.1933,0.2125,2.5,2,C,1
29,C,K,-0.8469,0.9915,3.5,2,C,1
29,C,L,-0.1312,0.224,2.5,2,C,1
29,C,M,-0.1889,0.1017,4,2,C,1
29,C,N,-0.2034,0.4005,3,2,C,1
29,C,P,0.04501,0.1739,2,2,C,1
29,C,Q,-0.1106,0.2957,5,2,C,1
29,C,R,-0.0284,0.1861,4,2,C,1
29,C,S,-1.497,2.085,3,2,C,1
29,C,T,-0.08765,0.2658,4.5,2,C,1
29,C,V,-0.2761,,2,1,C,1
29,C,W,0.125,0.04742,3.5,2,C,1
29,C,Y,0.1375,0.008344,7.5,2,C,1
30,N,*,-4.891,0.01414,5,2,N,1
30,N,-,-0.2779,0.4463,2,2,N,1
30,N,A,-0.7403,0.9316,3.5,2,N,1
30,N,C,0.05188,0.04097,3.5,2,N,1
30,N,D,-0.02489,0.0235,6.5,2,N,1
30,N,E,-0.3634,0.7092,2,2,N,1
30,N,F,-0.7822,1.273,5.5,2,N,1
30,N,G,-0.3323,0.6916,8,2,N,1
30,N,H,0.06216,0.01351,4,2,N,1
30,N,I,-0.4957,0.9324,7.5,2,N,1
30,N,K,-1.144,1.514,4,2,N,1
30,N,L,0.06937,0.04784,5,2,N,1
30,N,M,-1.197,1.358,4.5,2,N,1
30,N,N,0,0,,2,N,1
30,N,P,-1.389,1.847,2.5,2,N,1
30,N,Q,-0.4478,0.6468,5.5,2,N,1
30,N,R,-0.8607,0.2295,3,2,N,1
30,N,S,0.06854,0.09087,5,2,N,1
30,N,T,-0.5026,0.2355,4.5,2,N,1
30,N,V,-0.3566,0.6654,6,2,N,1
30,N,W,-0.4231,0.08506,3,2,N,1
30,N,Y,-0.07183,0.1169,5,2,N,1
31,G,-,-0.03252,0.05894,2.5,2,G,1
31,G,A,0.1358,0.001131,1.5,2,G,1
31,G,C,-0.1417,0.2346,10,2,G,1
31,G,D,0.1568,0.02454,8,2,G,1
31,G,E,-1.183,0.1923,5,2,G,1
31,G,F,-0.1925,0.09256,3,2,G,1
31,G,G,0,0,,2,G,1
31,G,H,-0.1712,0.3723,4.5,2,G,1
31,G,I,-0.2551,0.2553,5.5,2,G,1
31,G,K,-2.412,1.766,4,2,G,1
31,G,L,-0.3991,0.1059,7.5,2,G,1
31,G,M,0.1174,0.01061,3,2,G,1
31,G,N,-0.3255,0.6039,6.5,2,G,1
31,G,P,0.1038,0.01421,3.5,2,G,1
31,G,Q,0.02373,0.05839,4,2,G,1
31,G,R,-0.3832,0.6995,5,2,G,1
31,G,S,0.07197,0.09267,3.5,2,G,1
31,G,T,-0.394,0.4982,4,2,G,1
31,G,V,-0.00135,0.1654,8,2,G,1
31,G,W,-1.655,0.5466,7.5,2,G,1
31,G,Y,0.1147,0.06307,2.5,2,G,1
32,C,*,-4.931,0.04031,4.5,2,C,1
32,C,-,-0.157,0.2474,2,2,C,1
32,C,A,-0.4181,0.305,4,2,C,1
32,C,C,0,0,,2,C,1
32,C,D,-0.1391,0.1457,5,2,C,1
32,C,E,-1.042,0.5241,5.5,2,C,1
32,C,F,-0.2435,0.4233,9,2,C,1
32,C,G,-0.8168,0.5843,5,2,C,1
32,C,H,-1.175,1.147,2.5,2,C,1
32,C,I,0.01804,0.01589,3.5,2,C,1
32,C,K,-0.0568,0.2738,2,2,C,1
32,C,L,-0.7781,0.5797,6,2,C,1
32,C,M,-0.3965,0.06307,2,2,C,1
32,C,N,-0.488,0.6411,5.5,2,C,1
32,C,P,-0.006985,0.1153,4.5,2,C,1
32,C,Q,-2.136,3.207,2,2,C,1
32,C,R,-1.638,0.4356,6.5,2,C,1
32,C,S,0.1249,0.0004243,5.5,2,C,1
32,C,T,0.1318,0.05959,2,2,C,1
32,C,V,-0.4574,0.879,1.5,2,C,1
32,C,W,-1.311,1.001,5,2,C,1
32,C,Y,0.03726,0.04391,11.5,2,C,1
33,V,-,0.02414,0.1161,1.5,2,V,1
33,V,A,-0.3493,0.5237,7.5,2,V,1
33,V,C,-0.3605,0.4391,7,2,V,1
33,V,D,0.04798,0.1745,3.5,2,V,1
33,V,E,-0.1154,0.4086,4.5,2,V,1
33,V,F,0.006555,0.03227,6.5,2,V,1
33,V,G,0.005042,,2,1,V,1
33,V,H,-0.1233,0.3682,5.5,2,V,1
33,V,I,0.04346,0.1818,5,2,V,1
33,V,K,-0.042,0.2758,3,2,V,1
33,V,L,-0.1785,0.3267,6,2,V,1
33,V,M,0.02964,0.1824,8.5,2,V,1
33,V,N,-1.691,2.539,2,2,V,1
33,V,P,-0.1273,0.3888,4.5,2,V,1
33,V,Q,0.09832,0.025,2,2,V,1
33,V,R,-0.3292,0.7016,4.5,2,V,1
33,V,S,0.122,0.004667,5,2,V,1
33,V,T,-0.0773,0.296,2.5,2,V,1
33,V,V,0,0,,2,V,1
33,V,W,-0.3974,0.1024,4,2,V,1
33,V,Y,0.1467,0.02454,7.5,2,V,1
34,G,*,-4.944,0.09546,4,2,G,1
34,G,-,0.0411,0.05203,2,2,G,1
34,G,A,0.08908,0.07187,2.5,2,G,1
34,G,C,-0.5858,0.2238,3.5,2,G,1
34,G,D,0.06628,0.08997,4.5,2,G,1
34,G,E,0.09277,0.05406,2.5,2,G,1
34,G,F,-0.2922,0.3799,3.5,2,G,1
34,G,G,0,0,,2,G,1
34,G,H,-0.6861,1.128,4,2,G,1
34,G,I,0.0209,0.216,4.5,2,G,1
34,G,K,0.1694,,0.5,1,G,1
34,G,L,0.07886,0.1313,3,2,G,1
34,G,M,-0.3116,0.5286,6,2,G,1
34,G,N,0.09402,,2.5,1,G,1
34,G,P,-0.2463,0.5037,4.5,2,G,1
34,G,Q,0.05569,0.03702,2.5,2,G,1
34,G,R,-0.2226,0.5035,10.5,2,G,1
34,G,S,0.04018,0.02616,6.5,2,G,1
34,G,T,-0.05035,0.3085,5.5,2,G,1
34,G,V,0.07379,0.1146,5.5,2,G,1
34,G,W,-0.442,0.2303,12.5,2,G,1
34,G,Y,-0.02055,0.2105,4,2,G,1
35,H,-,-0.1173,0.2048,1,2,Y,1
35,H,A,-0.6188,0.5815,3,2,Y,1
35,H,C,-0.4954,0.8721,4,2,Y,1
35,H,D,-0.289,0.6477,2,2,Y,1
35,H,E,0.07351,0.07763,4.5,2,Y,1
35,H,F,0.1121,0.0008485,4.5,2,Y,1
35,H,G,-0.2496,0.08704,4.5,2,Y,1
35,H,H,0,0,,2,Y,1
35,H,I,-0.01595,0.1829,4.5,2,Y,1
35,H,K,0.1538,0.02051,5,2,Y,1
35,H,L,0.1556,0.02489,1.5,2,Y,1
35,H,M,-0.1186,0.3235,5.5,2,Y,1
35,H,N,0.128,0.03825,6,2,Y,1
35,H,P,-0.7992,1.169,2.5,2,Y,1
35,H,Q,0.03694,0.1616,4.5,2,Y,1
35,H,R,-0.1358,0.3115,4.5,2,Y,1
35,H,S,-0.0916,0.3393,4.5,2,Y,1
35,H,T,0.06895,0.06908,4,2,Y,1
35,H,V,-0.5122,0.5551,5.5,2,Y,1
35,H,W,0.14,0.04327,1.5,2,Y,1
35,H,Y,-0.06401,0.2124,7,2,Y,1
36,S,*,-4,1.249,2.5,2,S,1
36,S,-,-0.02046,0.0585,1.5,2,S,1
36,S,A,-0.3557,0.5085,6,2,S,1
36,S,C,0.1503,0.01421,6.5,2,S,1
36,S,D,0.1448,0.01598,6,2,S,1
36,S,E,-0.3195,0.1001,4.5,2,S,1
36,S,F,-0.04635,0.2569,4,2,S,1
36,S,G,0.01431,0.04238,7,2,S,1
36,S,H,0.1257,,1,1,S,1
36,S,I,0.0057,0.2085,11,2,S,1
36,S,K,0.1135,0.06228,5.5,2,S,1
36,S,L,-0.08815,0.2715,4,2,S,1
36,S,M,0.07778,0.07442,4.5,2,S,1
36,S,N,-0.1375,0.05542,4.5,2,S,1
36,S,P,0.1501,0.02461,4,2,S,1
36,S,Q,0.1248,0.06843,5,2,S,1
36,S,R,0.1486,0.03578,5,2,S,1
36,S,S,0,0,,2,S,1
36,S,T,-0.09453,0.211,5,2,S,1
36,S,V,0.1302,0.0538,3.5,2,S,1
36,S,W,-0.1007,0.3183,4,2,S,1
36,S,Y,-0.09917,0.2233,5,2,S,1
37,E,*,-4.985,0.02121,7,2,E,1
37,E,-,-0.06512,0.2131,1.5,2,E,1
37,E,A,-0.146,0.3936,4,2,E,1
37,E,C,-0.2515,,2,1,E,1
37,E,D,-0.08366,0.1809,15.5,2,E,1
37,E,E,0,0,,2,E,1
37,E,F,-0.2794,0.4162,7.5,2,E,1
37,E,G,-0.1065,0.3393,3,2,E,1
37,E,H,0.126,0.06802,5.5,2,E,1
37,E,I,0.1431,0.02369,2,2,E,1
37,E,K,-0.141,0.1647,11,2,E,1
37,E,L,-0.1991,0.1353,2,2,E,1
37,E,M,-0.07576,0.1982,6.5,2,E,1
37,E,N,-0.06876,0.08504,4.5,2,E,1
37,E,P,-0.6411,0.6136,4,2,E,1
37,E,Q,-0.2735,0.05968,4.5,2,E,1
37,E,R,-1.31,2.091,4.5,2,E,1
37,E,S,-0.1825,0.4991,3.5,2,E,1
37,E,T,-0.4009,0.5944,4.5,2,E,1
37,E,V,-0.3294,0.5188,7,2,E,1
37,E,W,-0.7424,0.8041,4.5,2,E,1
37,E,Y,-0.4152,0.1455,2,2,E,1
38,N,*,-4.921,0.08627,7,2,N,1
38,N,-,-0.1662,0.323,1,2,N,1
38,N,A,0.1385,0.0001414,2.5,2,N,1
38,N,C,-0.4833,0.8226,5.5,2,N,1
38,N,D,0.03443,0.1497,2,2,N,1
38,N,E,-0.5097,0.3312,3,2,N,1
38,N,F,-2.738,3.066,6,2,N,1
38,N,G,-0.4392,0.5351,4.5,2,N,1
38,N,H,-0.5547,0.9791,5.5,2,N,1
38,N,I,0.01729,0.1454,5.5,2,N,1
38,N,K,-0.3401,0.09808,6.5,2,N,1
38,N,L,-1.164,0.03818,7.5,2,N,1
38,N,M,0.06319,0.1192,5,2,N,1
38,N,N,0,0,,2,N,1
38,N,P,-0.2427,0.4028,5,2,N,1
38,N,Q,0.05633,0.02106,5,2,N,1
38,N,R,-0.5438,0.6791,3,2,N,1
38,N,S,-0.07004,0.2375,10,2,N,1
38,N,T,-0.4385,0.09072,4,2,N,1
38,N,V,-0.6956,0.2338,5,2,N,1
38,N,W,-0.1504,0.3905,7,2,N,1
38,N,Y,0.1455,,1,1,N,1
39,V,-,-0.4047,0.6116,1.5,2,V,1
39,V,A,-0.5404,0.8607,6.5,2,V,1
39,V,C,-0.00205,0.1884,3,2,V,1
39,V,D,-0.281,0.4716,8.5,2,V,1
39,V,E,0.01563,0.1027,5,2,V,1
39,V,F,-0.4118,0.8101,4,2,V,1
39,V,G,-0.3084,0.6298,2,2,V,1
39,V,H,-0.4405,0.23,5.5,2,V,1
39,V,I,0.0068,0.1728,5,2,V,1
39,V,K,-0.2867,0.5783,3.5,2,V,1
39,V,L,0.005895,0.1214,10.5,2,V,1
39,V,M,-0.4291,0.8511,11.5,2,V,1
39,V,N,-0.2568,0.03175,3,2,V,1
39,V,P,0.1335,0.0569,3.5,2,V,1
39,V,Q,-0.1321,0.2035,5.5,2,V,1
39,V,R,-0.1424,0.2192,4.5,2,V,1
39,V,S,0.1327,0.05594,3,2,V,1
39,V,T,0.016,0.06338,7,2,V,1
39,V,V,0,0,,2,V,1
39,V,W,-0.4415,0.1931,3,2,V,1
39,V,Y,-0.0908,0.3647,3.5,2,V,1
40,F,*,-4.951,0.03394,1.5,2,F,1
40,F,-,-0.6268,0.8871,1.5,2,F,1
40,F,A,-1.313,0.2737,3,2,F,1
40,F,C,0.04861,0.121,2.5,2,F,1
40,F,D,-1.368,2.145,2.5,2,F,1
40,F,E,-0.4273,,2,1,F,1
40,F,F,0,0,,2,F,1
40,F,G,-0.89,0.2135,5.5,2,F,1
40,F,H,0.08828,0.1201,4.5,2,F,1
40,F,I,-0.4424,0.521,3.5,2,F,1
40,F,K,-2.107,1.334,4,2,F,1
40,F,L,-0.629,0.01089,11,2,F,1
40,F,M,-0.4011,0.3389,5,2,F,1
40,F,N,-0.3194,0.6975,5,2,F,1
40,F,P,0.07917,0.06566,6,2,F,1
40,F,Q,-0.5328,0.05685,6,2,F,1
40,F,R,0.1207,0.0406,2,2,F,1
40,F,S,-0.7436,0.01648,6,2,F,1
40,F,T,-0.7413,0.4054,5,2,F,1
40,F,V,-0.6201,0.7564,3,2,F,1
40,F,W,-1.088,1.307,6,2,F,1
40,F,Y,-0.2771,0.1956,5.5,2,F,1
41,A,-,-0.07872,0.06545,1.5,2,A,1
41,A,A,0,0,,2,A,1
41,A,C,0.03967,0.1402,5,2,A,1
41,A,D,0.07541,0.06292,7,2,A,1
41,A,E,0.1386,0.003818,5,2,A,1
41,A,F,0.1521,0.02079,3.5,2,A,1
41,A,G,-1.024,1.641,3.5,2,A,1
41,A,H,-0.4887,0.7485,2,2,A,1
41,A,I,0.1226,,2,1,A,1
41,A,K,0.01035,0.0658,6,2,A,1
41,A,L,0.0897,,0.5,1,A,1
41,A,M,-0.1347,0.306,5.5,2,A,1
41,A,N,0.1535,0.02496,3,2,A,1
41,A,P,0.1517,0.02397,3.5,2,A,1
41,A,Q,0.004325,,2,1,A,1
41,A,R,-0.0817,0.1976,2.5,2,A,1
41,A,S,0.1184,0.02496,8,2,A,1
41,A,T,0.1348,0.003253,6,2,A,1
41,A,V,-0.3047,0.5589,7,2,A,1
41,A,W,-0.04255,0.2988,2.5,2,A,1
41,A,Y,0.1532,0.02333,5,2,A,1
42,V,*,-4.76,0.215,7,2,V,1
42,V,-,-0.02548,0.02397,1,2,V,1
42,V,A,-1.643,0.268,7.5,2,V,1
42,V,C,-2.178,0.04031,5,2,V,1
42,V,D,-0.8034,1.125,3,2,V,1
42,V,E,-0.246,0.3838,4,2,V,1
42,V,F,-1.452,0.2517,5.5,2,V,1
42,V,G,-0.588,0.6152,3.5,2,V,1
42,V,H,-2.327,1.691,5.5,2,V,1
42,V,I,0.09049,0.03297,4.5,2,V,1
42,V,K,-1.39,0.7487,4,2,V,1
42,V,L,-2.793,3.089,5,2,V,1
42,V,M,-0.544,0.4388,13,2,V,1
42,V,N,-0.1662,0.02489,3,2,V,1
42,V,P,0.00891,0.02939,2,2,V,1
42,V,Q,-2.117,0.3818,2,2,V,1
42,V,R,-0.2286,0.5631,3.5,2,V,1
42,V,S,-0.1215,0.3692,6,2,V,1
42,V,T,0.02261,0.1127,6.5,2,V,1
42,V,V,0,0,,2,V,1
42,V,W,-1.725,0.5926,4,2,V,1
42,V,Y,-1.564,0.6498,3,2,V,1
43,E,*,-4.516,0.4716,4.5,2,E,1
43,E,-,-0.4783,0.002051,2.5,2,E,1
43,E,A,-0.5052,0.8835,3.5,2,E,1
43,E,C,-2.371,2.724,3,2,E,1
43,E,D,-0.1088,0.3478,3.5,2,E,1
43,E,E,0,0,,2,E,1
43,E,F,-1.16,0.2334,7,2,E,1
43,E,G,-0.05405,0.2563,4.5,2,E,1
43,E,H,-2.2,2.857,3,2,E,1
43,E,I,-0.4225,0.8251,2,2,E,1
43,E,K,-0.3825,0.4229,15.5,2,E,1
43,E,L,-1.177,1.552,3,2,E,1
43,E,M,-0.1994,0.223,6,2,E,1
43,E,N,-1.018,0.7591,6,2,E,1
43,E,P,-0.5837,0.1411,6.5,2,E,1
43,E,Q,-0.2583,0.2586,6.5,2,E,1
43,E,R,0.146,0.01499,1,2,E,1
43,E,S,-0.215,0.5267,5.5,2,E,1
43,E,T,-0.2821,0.09928,2.5,2,E,1
43,E,V,-0.4167,0.307,4,2,E,1
43,E,W,-0.2544,0.06633,6,2,E,1
43,E,Y,-0.9439,0.4245,7.5,2,E,1
44,S,*,-4.87,0.1181,6,2,S,1
44,S,-,-0.3862,0.545,2,2,S,1
44,S,A,0.1038,0.08369,3.5,2,S,1
44,S,C,-0.4327,0.5163,4,2,S,1
44,S,D,-0.7182,1.258,2,2,S,1
44,S,E,-0.2785,0.539,2,2,S,1
44,S,F,0.136,0.04122,7,2,S,1
44,S,G,-0.1026,0.0131,6,2,S,1
44,S,H,0.145,0.01004,4,2,S,1
44,S,I,-0.7736,1.14,6,2,S,1
44,S,K,-0.00235,0.1873,3,2,S,1
44,S,L,0.0996,0.05304,3,2,S,1
44,S,M,0.09692,0.05427,4,2,S,1
44,S,N,-0.2319,0.2173,9.5,2,S,1
44,S,P,-0.0094,0.1732,5,2,S,1
44,S,Q,-0.04865,0.01276,5.5,2,S,1
44,S,R,-0.08486,0.1396,9.5,2,S,1
44,S,S,0,0,,2,S,1
44,S,T,-0.4351,0.5097,4.5,2,S,1
44,S,V,0.1164,0.02362,5.5,2,S,1
44,S,W,0.02794,0.03939,5.5,2,S,1
44,S,Y,-0.6724,0.06095,3,2,S,1
45,G,-,-0.6723,,1.5,1,G,1
45,G,A,-0.3786,0.7309,4.5,2,G,1
45,G,C,-0.7512,0.588,8.5,2,G,1
45,G,D,0.07838,0.06578,10.5,2,G,1
45,G,E,0.1724,,1,1,G,1
45,G,F,-1.919,2.925,5,2,G,1
45,G,G,0,0,,2,G,1
45,G,H,-1.029,0.2385,6,2,G,1
45,G,I,-1.718,0.08627,6,2,G,1
45,G,K,0.01945,0.1268,5,2,G,1
45,G,L,-0.4552,,1.5,1,G,1
45,G,M,-0.3539,0.08323,2,2,G,1
45,G,N,-0.2272,0.09935,3.5,2,G,1
45,G,P,-0.3752,0.4524,1,2,G,1
45,G,Q,-0.4261,0.2,4,2,G,1
45,G,R,-0.6706,0.5294,4.5,2,G,1
45,G,S,0.1219,0.02616,5.5,2,G,1
45,G,T,-3.03,2.251,2.5,2,G,1
45,G,V,-0.9402,0.3915,5.5,2,G,1
45,G,W,-1.178,0.8718,4,2,G,1
45,G,Y,-0.2057,0.1546,1,2,G,1
46,G,*,-4.893,0.02192,6,2,G,1
46,G,-,-2.19,,1.5,1,G,1
46,G,A,-1.582,0.8742,3.5,2,G,1
46,G,C,-2.995,0.8917,9,2,G,1
46,G,D,-2.657,0.2001,7,2,G,1
46,G,E,-1.307,0.858,6,2,G,1
46,G,F,-2.632,0.1584,7,2,G,1
46,G,G,0,0,,2,G,1
46,G,H,-1.494,0.9104,8,2,G,1
46,G,I,-3.055,1.662,2.5,2,G,1
46,G,K,-0.8925,0.01322,4,2,G,1
46,G,L,-3.5,0.903,6,2,G,1
46,G,M,-2.365,1.29,3,2,G,1
46,G,N,-1.943,2.151,3.5,2,G,1
46,G,P,-2.394,0.04596,5,2,G,1
46,G,Q,-1.055,0.098,4.5,2,G,1
46,G,R,-3.13,2.563,3.5,2,G,1
46,G,S,-1.417,1.021,6.5,2,G,1
46,G,T,-1.554,0.5013,5,2,G,1
46,G,V,-2.356,1.459,8.5,2,G,1
46,G,W,-3.704,1.531,4.5,2,G,1
46,G,Y,-1.925,0.8202,3,2,G,1
47,Y,*,-4.989,0.01485,7,2,Y,1
47,Y,-,0.0002773,,1.5,1,Y,1
47,Y,A,-0.1476,,1.5,1,Y,1
47,Y,C,-0.1161,0.32,11,2,Y,1
47,Y,D,-1.49,0.3189,5.5,2,Y,1
47,Y,E,-1.122,1.823,5.5,2,Y,1
47,Y,F,0.1446,0.01039,6.5,2,Y,1
47,Y,G,-0.4414,0.04943,5.5,2,Y,1
47,Y,H,-0.8687,1.299,7.5,2,Y,1
47,Y,I,0.162,,2,1,Y,1
47,Y,K,-0.3605,0.4646,6,2,Y,1
47,Y,L,-0.8939,1.001,7,2,Y,1
47,Y,M,-0.528,0.3577,7.5,2,Y,1
47,Y,N,-0.1274,0.1654,8.5,2,Y,1
47,Y,P,-2.252,1.138,3,2,Y,1
47,Y,Q,-0.2233,0.5003,5,2,Y,1
47,Y,R,-0.4221,0.5812,4,2,Y,1
47,Y,S,0.05703,0.09315,1.5,2,Y,1
47,Y,T,-1.534,0.5381,2,2,Y,1
47,Y,V,0.08748,0.0928,3,2,Y,1
47,Y,W,-0.1024,0.2404,6,2,Y,1
47,Y,Y,0,0,,2,Y,1
48,I,*,-4.955,0.0693,3.5,2,I,1
48,I,-,-0.5612,,1.5,1,I,1
48,I,A,-0.5815,0.1271,5.5,2,I,1
48,I,C,-0.5659,0.2568,6,2,I,1
48,I,D,-2.586,1.929,5,2,I,1
48,I,E,-1.535,0.297,4.5,2,I,1
48,I,F,-0.2326,0.5734,6,2,I,1
48,I,G,-1.567,0.4151,4,2,I,1
48,I,H,-1.943,0.4016,5,2,I,1
48,I,I,0,0,,2,I,1
48,I,K,-0.7007,0.7103,4,2,I,1
48,I,L,0.1132,,1,1,I,1
48,I,M,-0.1394,0.01662,5.5,2,I,1
48,I,N,-1.136,0.5194,6.5,2,I,1
48,I,P,-1.624,0.589,2.5,2,I,1
48,I,Q,-1.785,0.3041,5,2,I,1
48,I,R,-1.752,0.7128,4,2,I,1
48,I,S,-1.114,0.03818,6,2,I,1
48,I,T,-1.129,0.2928,8,2,I,1
48,I,V,0.05922,0.02659,7.5,2,I,1
48,I,W,-3.248,2.042,5,2,I,1
48,I,Y,-1.469,0.727,5,2,I,1
49,P,*,-4.722,,0.5,1,P,1
49,P,-,-0.9193,1.23,2.5,2,P,1
49,P,A,-0.2752,0.5855,2.5,2,P,1
49,P,C,-1.248,0.4648,4,2,P,1
49,P,D,0.002145,0.1,5.5,2,P,1
49,P,E,-0.0553,0.3066,3,2,P,1
49,P,F,-1.276,0.8595,2,2,P,1
49,P,G,-0.3027,0.1728,5.5,2,P,1
49,P,H,-0.5804,0.4189,16.5,2,P,1
49,P,I,-1.064,1.126,4,2,P,1
49,P,K,-0.08804,0.07731,2.5,2,P,1
49,P,L,-1.538,0.2242,6,2,P,1
49,P,M,-0.7655,0.2127,6.5,2,P,1
49,P,N,-0.4677,0.159,5,2,P,1
49,P,P,0,0,,2,P,1
49,P,Q,-1.219,1.634,5,2,P,1
49,P,R,-0.02195,0.07261,4,2,P,1
49,P,S,-0.6145,0.116,6,2,P,1
49,P,T,-0.04104,0.19,10,2,P,1
49,P,V,-0.2737,0.4523,2,2,P,1
49,P,W,-2.861,0.5275,6.5,2,P,1
49,P,Y,-1.157,0.4789,4,2,P,1
50,S,*,-4.58,0.4893,5,2,S,1
50,S,-,-0.01461,0.0383,1.5,2,S,1
50,S,A,0.027,0.193,3.5,2,S,1
50,S,C,-1.022,0.7568,3.5,2,S,1
50,S,D,0.07717,0.1341,4,2,S,1
50,S,E,-0.4103,0.4294,2.5,2,S,1
50,S,F,-1.177,0.4411,8,2,S,1
50,S,G,0.09963,0.01594,4.5,2,S,1
50,S,H,0.1208,,2,1,S,1
50,S,I,-0.0936,0.3523,1.5,2,S,1
50,S,K,0.1251,0.0164,5,2,S,1
50,S,L,-0.1063,0.3697,3,2,S,1
50,S,M,-0.13,0.3744,4,2,S,1
50,S,N,-0.3992,0.675,5.5,2,S,1
50,S,P,0.03904,0.1107,5.5,2,S,1
50,S,Q,0.0042,0.2297,4.5,2,S,1
50,S,R,0.02683,0.02585,4.5,2,S,1
50,S,S,0,0,,2,S,1
50,S,T,-0.3746,0.7113,5.5,2,S,1
50,S,V,0.1048,0.06425,6.5,2,S,1
50,S,W,-2.243,3.369,3.5,2,S,1
50,S,Y,-0.1862,0.2635,9,2,S,1
51,D,-,0.007935,0.1384,1.5,2,D,1
51,D,A,0.003786,0.01355,6,2,D,1
51,D,C,-0.9688,0.07106,2.5,2,D,1
51,D,D,0,0,,2,D,1
51,D,E,-0.011,0.02392,6.5,2,D,1
51,D,F,0.1123,0.03654,4.5,2,D,1
51,D,G,0.03335,0.1933,3,2,D,1
51,D,H,-0.4378,0.3367,6.5,2,D,1
51,D,I,-0.9658,0.7469,4.5,2,D,1
51,D,K,-0.0846,0.3595,3,2,D,1
51,D,L,-0.2421,0.4876,3.5,2,D,1
51,D,M,-0.2463,0.1964,4.5,2,D,1
51,D,N,0.05522,0.06942,19,2,D,1
51,D,P,-0.2652,,2,1,D,1
51,D,Q,-0.6873,0.776,5.5,2,D,1
51,D,R,-0.8478,0.9873,2.5,2,D,1
51,D,S,0.0501,0.0956,6,2,D,1
51,D,T,-0.2177,0.4914,4.5,2,D,1
51,D,V,-1.491,0.9159,5.5,2,D,1
51,D,W,-0.2347,0.06208,5.5,2,D,1
51,D,Y,-0.7254,0.1493,10,2,D,1
52,F,*,-4.911,0.02616,4.5,2,F,1
52,F,-,-0.4961,0.3309,1.5,2,F,1
52,F,A,-0.678,1.061,2,2,F,1
52,F,C,-0.4644,0.004455,5,2,F,1
52,F,D,-1.169,1.493,4.5,2,F,1
52,F,E,-0.6173,0.5709,4,2,F,1
52,F,F,0,0,,2,F,1
52,F,G,-0.6097,0.9493,4.5,2,F,1
52,F,H,-0.905,,1.5,1,F,1
52,F,I,-1.704,1.952,4,2,F,1
52,F,K,-0.9342,0.2006,5,2,F,1
52,F,L,-0.2629,,3.5,1,F,1
52,F,M,0.1705,,2.5,1,F,1
52,F,N,-0.5869,0.587,2.5,2,F,1
52,F,P,-1.097,0.189,4,2,F,1
52,F,Q,-0.06087,0.1777,3,2,F,1
52,F,R,-1.808,1.422,3.5,2,F,1
52,F,S,-0.04985,0.1767,7,2,F,1
52,F,T,0.06665,0.0664,1,2,F,1
52,F,V,-0.8891,0.6759,2.5,2,F,1
52,F,W,-0.2188,0.4974,3.5,2,F,1
52,F,Y,-0.777,0.243,3.5,2,F,1
53,A,-,-0.159,0.0856,1.5,2,A,1
53,A,A,0,0,,2,A,1
53,A,C,-0.3001,0.5746,4.5,2,A,1
53,A,D,-0.0864,0.3442,3.5,2,A,1
53,A,E,-0.5451,1.015,2.5,2,A,1
53,A,F,0.1239,0.04675,7,2,A,1
53,A,G,-0.1086,0.3197,5,2,A,1
53,A,H,-0.6028,0.8884,3.5,2,A,1
53,A,I,0.02149,0.09716,3,2,A,1
53,A,K,-0.268,0.1852,4.5,2,A,1
53,A,L,0.03459,0.08228,3.5,2,A,1
53,A,M,-0.6108,0.02447,3,2,A,1
53,A,N,-0.0771,0.282,4.5,2,A,1
53,A,P,-0.1757,0.1434,5,2,A,1
53,A,Q,-0.5061,0.8527,3,2,A,1
53,A,R,-1.98,,1,1,A,1
53,A,S,-0.009955,0.05727,7,2,A,1
53,A,T,0.1008,0.02379,7,2,A,1
53,A,V,-0.2154,0.4261,15,2,A,1
53,A,W,-0.01055,0.2074,4.5,2,A,1
53,A,Y,-0.2533,0.01697,3,2,A,1
54,F,*,-4.933,0.111,3,2,F,1
54,F,-,0.018,0.02148,1.5,2,F,1
54,F,A,-0.779,0.2998,4.5,2,F,1
54,F,C,-1.507,0.7751,3.5,2,F,1
54,F,D,-1.39,1.098,6,2,F,1
54,F,E,-1.574,,2,1,F,1
54,F,F,0,0,,2,F,1
54,F,G,-0.7049,0.3207,3.5,2,F,1
54,F,H,-1.202,1.189,7,2,F,1
54,F,I,-1.689,2.063,4,2,F,1
54,F,K,-0.5303,0.05706,3,2,F,1
54,F,L,-0.7331,1.025,9.5,2,F,1
54,F,M,-0.04445,0.2546,5,2,F,1
54,F,N,-1.437,0.01202,5.5,2,F,1
54,F,P,-0.8223,,1.5,1,F,1
54,F,Q,-1.505,0.1181,8,2,F,1
54,F,R,-1.455,0.09475,6,2,F,1
54,F,S,-2.958,1.342,4,2,F,1
54,F,T,-1.318,1.311,2,2,F,1
54,F,V,-0.6371,0.6178,6,2,F,1
54,F,W,0.07147,0.1361,2.5,2,F,1
54,F,Y,-0.5202,0.7974,4.5,2,F,1
55,N,-,-2.79,0.6208,2.5,2,N,1
55,N,A,0.1094,0.07356,6,2,N,1
55,N,C,-0.1016,0.3304,2.5,2,N,1
55,N,D,-0.03619,0.1355,4.5,2,N,1
55,N,E,0.06727,0.05124,3.5,2,N,1
55,N,F,-0.9022,1.384,3,2,N,1
55,N,G,-1.323,1.642,4,2,N,1
55,N,H,0.06496,0.08632,5,2,N,1
55,N,I,-0.0902,0.3172,3.5,2,N,1
55,N,K,-0.3699,0.5747,5,2,N,1
55,N,L,0.1462,0.02722,3.5,2,N,1
55,N,M,0.02264,0.1575,3,2,N,1
55,N,N,0,0,,2,N,1
55,N,P,-0.2743,0.2407,5,2,N,1
55,N,Q,-2.914,1.27,1.5,2,N,1
55,N,R,-1.12,1.147,1.5,2,N,1
55,N,S,-0.1626,0.009051,4,2,N,1
55,N,T,-0.08449,0.071,3.5,2,N,1
55,N,V,0.0096,0.2046,6,2,N,1
55,N,W,-0.5645,0.3559,2,2,N,1
55,N,Y,-0.5671,1.038,2.5,2,N,1
56,N,*,-4.948,0.04384,5,2,N,1
56,N,-,-1.612,1.8,2,2,N,1
56,N,A,-0.4777,0.9182,3.5,2,N,1
56,N,C,-0.5556,0.1969,4,2,N,1
56,N,D,-0.1076,0.2266,3,2,N,1
56,N,E,-0.7143,1.209,4.5,2,N,1
56,N,F,-0.4594,0.1145,2,2,N,1
56,N,G,-0.9383,0.3645,3.5,2,N,1
56,N,H,-1.394,2.133,2.5,2,N,1
56,N,I,-1.701,0.5204,3.5,2,N,1
56,N,K,-0.2769,0.134,7.5,2,N,1
56,N,L,-1.224,0.227,5.5,2,N,1
56,N,M,-0.6454,0.1232,7,2,N,1
56,N,N,0,0,,2,N,1
56,N,P,-2.112,0.2447,5,2,N,1
56,N,Q,-0.3507,0.7398,3.5,2,N,1
56,N,R,-4.499,0.4921,2.5,2,N,1
56,N,S,-0.535,0.7142,7,2,N,1
56,N,T,-0.4698,0.2388,7,2,N,1
56,N,V,-2.608,1.489,6.5,2,N,1
56,N,W,-0.192,0.4569,2,2,N,1
56,N,Y,-0.9613,0.005303,3,2,N,1
57,W,*,-4.88,0.07566,13.5,2,W,1
57,W,-,-0.4044,,1,1,W,1
57,W,A,-2.349,0.5607,2.5,2,W,1
57,W,C,-3.797,1.59,7.5,2,W,1
57,W,D,-4.918,0.004243,5.5,2,W,1
57,W,E,-4.936,0.009899,3,2,W,1
57,W,F,-1.916,2.384,2.5,2,W,1
57,W,G,-4.899,0.1124,4,2,W,1
57,W,H,-3.199,0.297,9,2,W,1
57,W,I,-1.558,0.2044,3.5,2,W,1
57,W,K,-4.958,0.05162,2.5,2,W,1
57,W,L,-1.637,0.5558,14.5,2,W,1
57,W,M,-1.293,0.9,7,2,W,1
57,W,N,-4.749,,3.5,1,W,1
57,W,P,-4.521,0.1379,4.5,2,W,1
57,W,Q,-4.63,0.244,6,2,W,1
57,W,R,-4.024,1.327,4,2,W,1
57,W,S,-3.168,0.6032,1.5,2,W,1
57,W,T,-0.5634,0.02645,2.5,2,W,1
57,W,V,-1.363,0.01697,4.5,2,W,1
57,W,W,0,0,,2,W,1
57,W,Y,-0.8325,0.05537,5,2,W,1
58,F,*,-4.868,0.05515,8.5,2,F,1
58,F,-,-1.356,1.778,1,2,F,1
58,F,A,-1.05,1.234,3,2,F,1
58,F,C,-0.5738,0.3594,5.5,2,F,1
58,F,D,-4.91,0.02687,4.5,2,F,1
58,F,E,-4.437,0.5091,2,2,F,1
58,F,F,0,0,,2,F,1
58,F,G,-4.046,0.8287,5,2,F,1
58,F,H,-1.826,2.183,2,2,F,1
58,F,I,-4.912,0.07071,5.5,2,F,1
58,F,K,-4.881,0.1838,8,2,F,1
58,F,L,-2.37,1.061,17,2,F,1
58,F,M,-1.108,0.5023,5,2,F,1
58,F,N,-1.333,1.229,1.5,2,F,1
58,F,P,-3.894,0.2567,6.5,2,F,1
58,F,Q,-3.117,,1.5,1,F,1
58,F,R,-4.907,0.001414,5.5,2,F,1
58,F,S,-1.726,0.06576,3.5,2,F,1
58,F,T,-3.455,0.3041,5,2,F,1
58,F,V,-5.012,,2,1,F,1
58,F,W,-3.179,0.004243,6,2,F,1
58,F,Y,-0.6645,0.241,4.5,2,F,1
59,L,-,-1.455,0.6088,1,2,L,1
59,L,A,-1.296,0.1888,5,2,L,1
59,L,C,-1.146,0.6541,4,2,L,1
59,L,D,-4.89,0.05586,2,2,L,1
59,L,E,-4.941,0.007778,3,2,L,1
59,L,F,-2.317,0.2906,2.5,2,L,1
59,L,G,-4.91,0.02899,6,2,L,1
59,L,H,-1.886,2.823,7,2,L,1
59,L,I,-0.4266,0.2836,6.5,2,L,1
59,L,K,-3.154,0.3274,11.5,2,L,1
59,L,L,0,0,,2,L,1
59,L,M,-0.1856,0.4554,9.5,2,L,1
59,L,N,-4.872,0.005657,4.5,2,L,1
59,L,P,-3.352,2.156,3.5,2,L,1
59,L,Q,-0.5573,0.9995,5.5,2,L,1
59,L,R,-4.632,0.5275,6.5,2,L,1
59,L,S,-1.914,0.03606,5,2,L,1
59,L,T,-2.773,0.4115,2.5,2,L,1
59,L,V,-0.1603,0.2157,6,2,L,1
59,L,W,-2.503,0.3444,3.5,2,L,1
59,L,Y,-1.982,0.6654,4.5,2,L,1
60,L,-,-1.173,1.137,1,2,L,1
60,L,A,-4.851,0.1577,3,2,L,1
60,L,C,-0.1209,,2,1,L,1
60,L,D,-4.79,0.1775,5.5,2,L,1
60,L,E,-4.99,0.02758,22.5,2,L,1
60,L,F,-4.909,0.02616,5,2,L,1
60,L,G,-4.883,,1.5,1,L,1
60,L,H,-4.931,0.03465,4.5,2,L,1
60,L,I,-0.177,0.446,2.5,2,L,1
60,L,K,-4.917,0.01838,4,2,L,1
60,L,L,0,0,,2,L,1
60,L,M,-0.1087,0.3125,2,2,L,1
60,L,N,-4.744,0.2567,3.5,2,L,1
60,L,P,-4.97,0.007778,5,2,L,1
60,L,Q,-3.355,1.835,3.5,2,L,1
60,L,R,-4.787,0.1252,4,2,L,1
60,L,S,-4.943,0.04101,4,2,L,1
60,L,T,-1.649,0.6032,3,2,L,1
60,L,V,-2.127,0.4759,5,2,L,1
60,L,W,-4.976,0.04384,9.5,2,L,1
60,L,Y,-4.797,0.128,3.5,2,L,1
61,T,-,-0.3643,0.4294,1,2,T,1
61,T,A,-2.261,1.339,6.5,2,T,1
61,T,C,-3.776,0.833,4.5,2,T,1
61,T,D,-3.101,0.3825,5,2,T,1
61,T,E,-1.367,0.3748,6,2,T,1
61,T,F,-1.771,0.9461,4,2,T,1
61,T,G,-1.576,0.8004,5,2,T,1
61,T,H,-0.529,0.5094,5,2,T,1
61,T,I,-2.761,1.665,6,2,T,1
61,T,K,-3.158,2.574,9,2,T,1
61,T,L,-3.786,1.192,4,2,T,1
61,T,M,-4.868,0.2036,15.5,2,T,1
61,T,N,-4.059,0.06293,7.5,2,T,1
61,T,P,-2.401,3.58,4.5,2,T,1
61,T,Q,-3.526,0.4377,2.5,2,T,1
61,T,R,-4.881,0.1853,5,2,T,1
61,T,S,-0.4324,0.5073,7,2,T,1
61,T,T,0,0,,2,T,1
61,T,V,-3.25,0.9313,3.5,2,T,1
61,T,W,-0.899,0.035,6,2,T,1
61,T,Y,-0.3575,0.4458,5.5,2,T,1
62,N,-,0.06563,,1,1,N,1
62,N,A,-0.4615,0.4982,5,2,N,1
62,N,C,-3.963,0.0997,6,2,N,1
62,N,D,-0.316,0.5602,9,2,N,1
62,N,E,-0.6941,0.384,9,2,N,1
62,N,F,-2.666,,3,1,N,1
62,N,G,-1.731,0.2249,5,2,N,1
62,N,H,0.03537,0.03183,6,2,N,1
62,N,I,-2.109,0.3917,3,2,N,1
62,N,K,-1.889,1.421,6.5,2,N,1
62,N,L,-2.288,0.00495,5.5,2,N,1
62,N,M,-1.934,0.2581,6,2,N,1
62,N,N,0,0,,2,N,1
62,N,P,-1.349,2.067,3,2,N,1
62,N,Q,-1.988,1.068,5.5,2,N,1
62,N,R,-2.599,0.6569,2.5,2,N,1
62,N,S,-1.381,0.8481,4.5,2,N,1
62,N,T,-0.1902,0.4726,6,2,N,1
62,N,V,-1.671,0.9348,5.5,2,N,1
62,N,W,-3.785,0.5544,5.5,2,N,1
62,N,Y,-1.775,0.3543,5.5,2,N,1
63,T,-,-0.3975,,1,1,T,1
63,T,A,-0.2355,0.5403,10,2,T,1
63,T,C,-0.8301,0.4595,5,2,T,1
63,T,D,-0.2788,0.6207,7,2,T,1
63,T,E,-1.122,1.148,4.5,2,T,1
63,T,F,0.1087,0.003677,6.5,2,T,1
63,T,G,0.1286,0.03847,3.5,2,T,1
63,T,H,-0.2554,0.4894,5,2,T,1
63,T,I,-0.4527,0.238,9,2,T,1
63,T,K,-0.1277,0.09957,5,2,T,1
63,T,L,-0.2927,0.5814,4.5,2,T,1
63,T,M,-0.03903,0.1965,3.5,2,T,1
63,T,N,-0.3115,0.2256,9,2,T,1
63,T,P,-2.726,0.4999,2,2,T,1
63,T,Q,-0.8373,0.3362,5,2,T,1
63,T,R,0.05252,0.07847,4.5,2,T,1
63,T,S,0.1399,0.02687,5,2,T,1
63,T,T,0,0,,2,T,1
63,T,V,-0.5819,0.9986,2.5,2,T,1
63,T,W,-0.6955,1.009,4.5,2,T,1
63,T,Y,-1.104,1.286,2.5,2,T,1
64,S,-,-0.5877,,1.5,1,S,1
64,S,A,-1.209,0.4721,6,2,S,1
64,S,C,-0.4599,0.2369,1.5,2,S,1
64,S,D,-1.119,0.6281,7,2,S,1
64,S,E,-0.4805,0.5105,6.5,2,S,1
64,S,F,-4.101,0.6314,2.5,2,S,1
64,S,G,-1.789,0.7495,8.5,2,S,1
64,S,H,-0.6253,0.3584,5,2,S,1
64,S,I,-4.744,0.215,11.5,2,S,1
64,S,K,-4.477,0.2256,5,2,S,1
64,S,L,-4.097,0.6809,3.5,2,S,1
64,S,M,-3.256,0.6866,3.5,2,S,1
64,S,N,-1.401,0.1471,12.5,2,S,1
64,S,P,-4.556,0.6215,6,2,S,1
64,S,Q,-0.9455,0.9342,4,2,S,1
64,S,R,-4.579,0.5296,9.5,2,S,1
64,S,S,0,0,,2,S,1
64,S,T,-0.4112,0.3639,7,2,S,1
64,S,V,-2.559,1.836,5,2,S,1
64,S,W,-4.006,0.3429,9,2,S,1
64,S,Y,-3.11,0.6413,6,2,S,1
65,S,-,-0.3663,,1,1,S,1
65,S,A,-2.794,1.342,5,2,S,1
65,S,C,-1.637,0.02333,4.5,2,S,1
65,S,D,-4.778,0.0594,6.5,2,S,1
65,S,E,-4.716,0.3012,3,2,S,1
65,S,F,-3.294,1.659,5.5,2,S,1
65,S,G,-4.272,0.0502,7,2,S,1
65,S,H,-1.525,0.3422,4.5,2,S,1
65,S,I,-0.73,0.1392,15,2,S,1
65,S,K,-4.714,0.3231,4.5,2,S,1
65,S,L,-1.12,0.3087,3.5,2,S,1
65,S,M,-3.448,0.4511,3,2,S,1
65,S,N,-2.086,1.329,11,2,S,1
65,S,P,-3.357,0.7743,2.5,2,S,1
65,S,Q,-2.825,1.648,9,2,S,1
65,S,R,-4.733,0.3868,7,2,S,1
65,S,S,0,0,,2,S,1
65,S,T,-0.0463,0.2485,5.5,2,S,1
65,S,V,-0.09591,0.1408,6.5,2,S,1
65,S,W,-4.631,0.2998,2,2,S,1
65,S,Y,-4.54,0.4787,5,2,S,1
66,V,-,-0.01903,,1,1,V,1
66,V,A,-0.6059,0.548,6,2,V,1
66,V,C,-0.1888,0.08528,4.5,2,V,1
66,V,D,-2.628,0.2065,5,2,V,1
66,V,E,-4.375,0.5169,3,2,V,1
66,V,F,-0.2057,0.2089,8,2,V,1
66,V,G,-4.752,0.3118,5,2,V,1
66,V,H,-2.019,0.2404,8,2,V,1
66,V,I,-1.27,1.837,9.5,2,V,1
66,V,K,-3.83,0.3345,5.5,2,V,1
66,V,L,0.0628,0.05387,7.5,2,V,1
66,V,M,0.002745,0.1201,6.5,2,V,1
66,V,N,-2.416,0.01697,5.5,2,V,1
66,V,P,-0.4306,,2,1,V,1
66,V,Q,-3.421,0.939,5,2,V,1
66,V,R,-4.194,0.2581,4,2,V,1
66,V,S,-2.801,0.07707,3,2,V,1
66,V,T,-0.1947,0.4408,3.5,2,V,1
66,V,V,0,0,,2,V,1
66,V,W,-0.4758,0.8417,4.5,2,V,1
66,V,Y,-1.064,1.615,5.5,2,V,1
67,V,-,-0.7216,,1,1,V,1
67,V,A,-3.455,1.691,5.5,2,V,1
67,V,C,-1.02,0.4308,4,2,V,1
67,V,D,-4.911,0.0495,2.5,2,V,1
67,V,E,-4.942,0.09122,4,2,V,1
67,V,F,-0.9523,1.246,4.5,2,V,1
67,V,G,-4.924,0.07849,3.5,2,V,1
67,V,H,-3.192,0.4158,4,2,V,1
67,V,I,-0.5973,,3,1,V,1
67,V,K,-0.07599,0.09236,2.5,2,V,1
67,V,L,-0.385,0.08294,5.5,2,V,1
67,V,M,-0.5457,0.2072,12,2,V,1
67,V,N,-4.95,0.07142,4,2,V,1
67,V,P,-4.876,0.02899,2,2,V,1
67,V,Q,-4.67,0.01414,6,2,V,1
67,V,R,-2.728,1.095,3.5,2,V,1
67,V,S,-3.717,0.5586,4,2,V,1
67,V,T,-1.084,0.1124,4,2,V,1
67,V,V,0,0,,2,V,1
67,V,W,-3.66,0.8782,5.5,2,V,1
67,V,Y,-0.8408,1.105,5,2,V,1
68,D,-,-0.8362,,1,1,D,1
68,D,A,-0.3607,0.6841,4,2,D,1
68,D,C,-0.6318,0.2014,4.5,2,D,1
68,D,D,0,0,,2,D,1
68,D,E,-0.1562,0.05402,5.5,2,D,1
68,D,F,-0.5076,0.6384,3.5,2,D,1
68,D,G,0.1394,0.005374,4.5,2,D,1
68,D,H,-0.01999,0.1376,4.5,2,D,1
68,D,I,-0.9192,1.49,3,2,D,1
68,D,K,-1.72,0.4773,6.5,2,D,1
68,D,L,-2.446,1.371,4.5,2,D,1
68,D,M,-0.8748,0.5348,6,2,D,1
68,D,N,-0.0407,0.2172,15.5,2,D,1
68,D,P,-4.878,0.009192,3,2,D,1
68,D,Q,0.06774,0.06811,2.5,2,D,1
68,D,R,-0.333,0.6624,2.5,2,D,1
68,D,S,-1.463,0.6832,3.5,2,D,1
68,D,T,-0.0816,0.2934,2,2,D,1
68,D,V,-0.2773,0.2097,2,2,D,1
68,D,W,-0.09741,0.2059,3,2,D,1
68,D,Y,-0.8034,0.2033,9,2,D,1
69,G,-,-0.2682,0.1767,1.5,2,G,1
69,G,A,-3.149,2.588,1.5,2,G,1
69,G,C,-3.875,0.3896,11.5,2,G,1
69,G,D,-3.214,1.092,11,2,G,1
69,G,E,-4.858,0.1421,5.5,2,G,1
69,G,F,-4.674,0.007071,6.5,2,G,1
69,G,G,0,0,,2,G,1
69,G,H,-4.889,,1,1,G,1
69,G,I,-4.309,0.8167,3,2,G,1
69,G,K,-4.931,0.06152,2.5,2,G,1
69,G,L,-3.606,0.07425,4.5,2,G,1
69,G,M,-3.87,0.8478,4.5,2,G,1
69,G,N,-4.131,1.076,2.5,2,G,1
69,G,P,-4.928,0.0396,2.5,2,G,1
69,G,Q,-4.726,0.1789,3.5,2,G,1
69,G,R,-2.65,3.185,2,2,G,1
69,G,S,-3.341,0.14,9.5,2,G,1
69,G,T,-3.913,1.419,1.5,2,G,1
69,G,V,-4.782,0.08839,5.5,2,G,1
69,G,W,-4.705,0.03606,3,2,G,1
69,G,Y,-4.941,0.0891,3.5,2,G,1
70,V,-,-0.1866,,0.5,1,V,1
70,V,A,0.1515,0.02546,5,2,V,1
70,V,C,-0.7016,0.7769,6,2,V,1
70,V,D,-4.637,0.3564,7,2,V,1
70,V,E,-2.55,0.8464,10,2,V,1
70,V,F,-0.08603,0.1637,6.5,2,V,1
70,V,G,-2.494,0.7361,4,2,V,1
70,V,H,-0.9667,,2,1,V,1
70,V,I,0.07262,0.02798,5.5,2,V,1
70,V,K,0.1503,0.01754,3,2,V,1
70,V,L,-0.3263,0.06463,7,2,V,1
70,V,M,-0.7991,1.138,5.5,2,V,1
70,V,N,-0.0463,0.236,7,2,V,1
70,V,P,-0.4508,0.1346,3,2,V,1
70,V,Q,-0.459,0.6009,3,2,V,1
70,V,R,-3.37,2.085,1.5,2,V,1
70,V,S,-0.6953,0.5256,5.5,2,V,1
70,V,T,-0.04295,0.2256,3.5,2,V,1
70,V,V,0,0,,2,V,1
70,V,W,-1.062,0.4277,4,2,V,1
70,V,Y,0.09225,0.1129,4,2,V,1
71,V,-,-0.05353,,0.5,1,V,1
71,V,A,0.1128,0.01471,4,2,V,1
71,V,C,-0.06885,0.3399,1.5,2,V,1
71,V,D,-0.7392,1.222,3,2,V,1
71,V,E,-0.1831,0.4105,7,2,V,1
71,V,F,-0.1941,0.3882,11,2,V,1
71,V,G,-0.3624,0.4895,3,2,V,1
71,V,H,-1.157,1.223,4,2,V,1
71,V,I,-0.5111,0.387,9,2,V,1
71,V,K,-1.07,0.5396,5,2,V,1
71,V,L,-1.016,0.01909,5,2,V,1
71,V,M,-0.5998,1.078,4,2,V,1
71,V,N,-1.413,0.4165,3.5,2,V,1
71,V,P,-4.871,0.116,6,2,V,1
71,V,Q,-0.1661,0.411,2.5,2,V,1
71,V,R,-3.152,0.3175,3,2,V,1
71,V,S,-2.403,3.21,2,2,V,1
71,V,T,0.1453,0.0309,3,2,V,1
71,V,V,0,0,,2,V,1
71,V,W,-0.3517,0.5305,3,2,V,1
71,V,Y,-0.4951,0.004596,4.5,2,V,1
72,R,-,0.0856,,0.5,1,R,1
72,R,A,-1.97,0.7842,3.5,2,R,1
72,R,C,-4.609,0.5395,3.5,2,R,1
72,R,D,-4.916,0.02687,6,2,R,1
72,R,E,-3.486,,3.5,1,R,1
72,R,F,-4.906,0.05728,8.5,2,R,1
72,R,G,-3.539,0.5035,5,2,R,1
72,R,H,-1.437,0.02121,6.5,2,R,1
72,R,I,-4.893,0.01131,3,2,R,1
72,R,K,-1.173,0.7201,4,2,R,1
72,R,L,-3.062,0.4087,15.5,2,R,1
72,R,M,-3.41,0.6901,5,2,R,1
72,R,N,-0.506,0.9178,4,2,R,1
72,R,P,-4.748,0.2143,4.5,2,R,1
72,R,Q,-0.8401,0.9191,12,2,R,1
72,R,R,0,0,,2,R,1
72,R,S,-3.502,0.5204,3,2,R,1
72,R,T,-3.357,0.5834,4.5,2,R,1
72,R,V,-4.731,0.2645,6.5,2,R,1
72,R,W,-4.926,0.06081,14,2,R,1
72,R,Y,-3.388,0.6371,7.5,2,R,1
73,S,A,-0.1149,0.3771,4.5,2,S,1
73,S,C,0.1432,0.01336,5.5,2,S,1
73,S,D,-2.021,2.795,4,2,S,1
73,S,E,-0.3179,0.5037,4.5,2,S,1
73,S,F,-2.001,0.04384,6,2,S,1
73,S,G,-1.387,0.6436,4.5,2,S,1
73,S,H,-0.3094,0.6322,3.5,2,S,1
73,S,I,-0.587,0.0367,12,2,S,1
73,S,K,0.0027,0.09938,5,2,S,1
73,S,L,-0.5038,0.1397,5.5,2,S,1
73,S,M,-0.1649,0.4624,2,2,S,1
73,S,N,-0.1203,0.0773,9,2,S,1
73,S,P,-4.91,0.01273,3.5,2,S,1
73,S,Q,0.06491,0.007616,7.5,2,S,1
73,S,R,-0.00335,0.2374,6,2,S,1
73,S,S,0,0,,2,S,1
73,S,T,-0.002595,0.1203,5,2,S,1
73,S,V,-0.1676,0.4298,3,2,S,1
73,S,W,-3.989,0.9765,5,2,S,1
73,S,Y,-1.829,0.6392,6.5,2,S,1
74,F,A,-0.1021,0.2319,9,2,F,1
74,F,C,-0.693,0.5388,3.5,2,F,1
74,F,D,-0.02144,0.1425,5.5,2,F,1
74,F,E,-0.4847,0.8532,3,2,F,1
74,F,F,0,0,,2,F,1
74,F,G,0.04822,0.1082,3.5,2,F,1
74,F,H,-0.8217,1.303,6,2,F,1
74,F,I,-0.05973,0.04302,5.5,2,F,1
74,F,K,-1.366,,1,1,F,1
74,F,L,-0.1399,0.4163,6,2,F,1
74,F,M,-0.0928,0.3289,4.5,2,F,1
74,F,N,0.1353,0.003606,4.5,2,F,1
74,F,P,-0.3571,0.05084,6.5,2,F,1
74,F,Q,-0.2465,0.4573,3.5,2,F,1
74,F,R,0.1155,0.05703,5.5,2,F,1
74,F,S,0.1527,0.02157,2,2,F,1
74,F,T,0.1394,0.03599,4.5,2,F,1
74,F,V,0.138,0.01909,1.5,2,F,1
74,F,W,-0.3557,0.1942,4,2,F,1
74,F,Y,0.05905,0.02874,5,2,F,1
75,Q,*,-4.967,0.0007071,8.5,2,Q,1
75,Q,A,-4.893,0.009192,2,2,Q,1
75,Q,C,-4.886,0.01626,3.5,2,Q,1
75,Q,D,-3.258,0.6265,4,2,Q,1
75,Q,E,-0.7572,0.01655,2.5,2,Q,1
75,Q,F,-4.905,0.02616,7,2,Q,1
75,Q,G,-4.906,0.07566,2,2,Q,1
75,Q,H,-4.926,0.1138,4,2,Q,1
75,Q,I,-4.899,0.04031,3.5,2,Q,1
75,Q,K,-4.956,0.04667,5,2,Q,1
75,Q,L,-4.888,0.05869,3.5,2,Q,1
75,Q,M,-4.253,0.4228,6,2,Q,1
75,Q,N,-4.937,0.03536,6,2,Q,1
75,Q,P,-4.853,0.1796,2,2,Q,1
75,Q,Q,0,0,,2,Q,1
75,Q,R,-4.661,0.3026,6.5,2,Q,1
75,Q,S,-4.558,0.5077,4,2,Q,1
75,Q,T,-4.954,0.03394,7.5,2,Q,1
75,Q,V,-4.935,0.03041,3,2,Q,1
75,Q,W,-4.977,,1.5,1,Q,1
75,Q,Y,-4.976,0.00495,6,2,Q,1
76,P,-,-4.887,,1,1,P,1
76,P,A,-3.21,2.339,2.5,2,P,1
76,P,C,-4.871,0.01697,5,2,P,1
76,P,D,-4.885,0.0997,4,2,P,1
76,P,E,-4.896,0.006364,4,2,P,1
76,P,F,-4.844,0.1803,7,2,P,1
76,P,G,-4.338,0.6251,5.5,2,P,1
76,P,H,-4.928,0.00495,10.5,2,P,1
76,P,I,-4.886,0.002121,2.5,2,P,1
76,P,K,-4.775,0.1824,4,2,P,1
76,P,L,-4.962,0.0396,12.5,2,P,1
76,P,M,-4.965,0.02051,5.5,2,P,1
76,P,N,-4.751,0.1916,3,2,P,1
76,P,P,0,0,,2,P,1
76,P,Q,-4.96,0.06081,5,2,P,1
76,P,R,-4.99,0.03041,3.5,2,P,1
76,P,S,-4.895,0.003536,5,2,P,1
76,P,T,-4.908,0.1075,4.5,2,P,1
76,P,V,-4.911,0.01414,5.5,2,P,1
76,P,W,-2.533,3.344,3,2,P,1
76,P,Y,-4.886,0.0495,5,2,P,1
77,L,-,-0.9046,,0.5,1,L,1
77,L,A,-0.9528,0.6225,4,2,L,1
77,L,C,-0.9872,0.5512,5,2,L,1
77,L,D,-4.918,0.03182,6.5,2,L,1
77,L,E,-4.919,0.1075,3,2,L,1
77,L,F,-0.1001,0.07497,4.5,2,L,1
77,L,G,-4.676,,3,1,L,1
77,L,H,-4.895,0.06647,3.5,2,L,1
77,L,I,-0.8972,0.9231,2,2,L,1
77,L,K,-4.94,0.01202,6,2,L,1
77,L,L,0,0,,2,L,1
77,L,M,-0.3119,0.6083,12,2,L,1
77,L,N,-4.769,0.2312,3.5,2,L,1
77,L,P,-4.932,0.05798,7.5,2,L,1
77,L,Q,-4.892,0.08697,5,2,L,1
77,L,R,-4.205,1.133,3.5,2,L,1
77,L,S,-4.944,0.04243,4,2,L,1
77,L,T,-0.7492,0.5696,2.5,2,L,1
77,L,V,-0.767,0.1474,3.5,2,L,1
77,L,W,-4.55,0.2623,4,2,L,1
77,L,Y,-2.58,0.886,3,2,L,1
78,L,A,-0.9061,0.3152,3.5,2,L,1
78,L,C,-0.2673,0.1612,5.5,2,L,1
78,L,D,-1.062,0.2913,3.5,2,L,1
78,L,E,-0.2387,0.2671,6,2,L,1
78,L,F,-0.6985,0.084,3,2,L,1
78,L,G,-0.1676,0.4037,7.5,2,L,1
78,L,H,0.08619,0.06309,3.5,2,L,1
78,L,I,-0.07859,0.1328,4.5,2,L,1
78,L,K,0.07902,0.07889,4.5,2,L,1
78,L,L,0,0,,2,L,1
78,L,M,-0.9479,0.3536,6.5,2,L,1
78,L,N,-0.1477,,3.5,1,L,1
78,L,P,-4.386,0.7616,4,2,L,1
78,L,Q,-0.2937,0.5578,5.5,2,L,1
78,L,R,-0.1492,0.3107,4.5,2,L,1
78,L,S,-0.3753,0.007778,3.5,2,L,1
78,L,T,0.06526,,0.5,1,L,1
78,L,V,-0.09255,0.231,5.5,2,L,1
78,L,W,-3.026,1.845,3.5,2,L,1
78,L,Y,-0.4,0.7372,3.5,2,L,1
79,L,A,-0.6792,1.154,2,2,L,1
79,L,C,0.1522,0.01959,4,2,L,1
79,L,D,-4.923,0.03182,6,2,L,1
79,L,E,-4.882,0.004243,2,2,L,1
79,L,F,-1.963,0.2022,4,2,L,1
79,L,G,-4.054,0.9136,4,2,L,1
79,L,H,-4.326,0.3613,3.5,2,L,1
79,L,I,0.1428,0.01089,2.5,2,L,1
79,L,K,-4.739,0.2114,2.5,2,L,1
79,L,L,0,0,,2,L,1
79,L,M,0.06668,0.1274,4,2,L,1
79,L,N,-2.9,0.2333,3.5,2,L,1
79,L,P,-1.987,0.3875,7,2,L,1
79,L,Q,-4.089,1.102,6,2,L,1
79,L,R,-4.962,0.02404,5,2,L,1
79,L,S,-1.825,0.355,5,2,L,1
79,L,T,-0.0972,0.3087,9,2,L,1
79,L,V,-0.1154,0.01322,4,2,L,1
79,L,W,-3.973,0.7106,6.5,2,L,1
79,L,Y,-1.841,0.4872,3.5,2,L,1
80,N,A,-1.054,0.4473,4.5,2,N,1
80,N,C,-1.007,0.09617,5,2,N,1
80,N,D,-0.3322,0.4789,5,2,N,1
80,N,E,0.1426,0.04179,3,2,N,1
80,N,F,-1.076,0.9677,4.5,2,N,1
80,N,G,-2.32,3.526,2.5,2,N,1
80,N,H,-0.2703,0.05339,2.5,2,N,1
80,N,I,-1.419,0.6109,7,2,N,1
80,N,K,-0.1731,0.1366,5.5,2,N,1
80,N,L,-1.543,0.2135,6.5,2,N,1
80,N,M,-0.4432,0.653,5.5,2,N,1
80,N,N,0,0,,2,N,1
80,N,P,-2.909,2.964,2,2,N,1
80,N,Q,-0.3009,,1.5,1,N,1
80,N,R,-0.1284,0.1266,1.5,2,N,1
80,N,S,-1.019,1.686,4,2,N,1
80,N,T,-1.048,1.05,4.5,2,N,1
80,N,V,-0.3014,0.02404,5.5,2,N,1
80,N,W,-1.585,0.2772,3.5,2,N,1
80,N,Y,-2.604,3.401,3.5,2,N,1
81,C,*,-2.404,3.421,2.5,2,C,1
81,C,A,-2.71,0.0502,3.5,2,C,1
81,C,C,0,0,,2,C,1
81,C,D,-4.729,0.2454,4.5,2,C,1
81,C,E,-3.762,1.533,4.5,2,C,1
81,C,F,-4.91,0.01626,7.5,2,C,1
81,C,G,-2.946,0.396,5.5,2,C,1
81,C,H,-4.498,0.0495,7,2,C,1
81,C,I,-4.846,0.0891,4.5,2,C,1
81,C,K,-4.714,0.2461,4,2,C,1
81,C,L,-4.917,0.04667,4,2,C,1
81,C,M,-4.841,0.009192,5,2,C,1
81,C,N,-4.117,1.158,3,2,C,1
81,C,P,-4.927,0.03748,9,2,C,1
81,C,Q,-4.608,0.391,3,2,C,1
81,C,R,-4.902,0.1252,9,2,C,1
81,C,S,-2.856,1.077,6,2,C,1
81,C,T,-4.957,0.002121,4.5,2,C,1
81,C,V,-4.944,0.0007071,4.5,2,C,1
81,C,W,-4.904,0.06859,5,2,C,1
81,C,Y,-4.928,0.003536,13,2,C,1
82,L,A,-0.9457,0.7852,5,2,L,1
82,L,C,-2.653,0.8966,4.5,2,L,1
82,L,D,-4.947,0.04455,5,2,L,1
82,L,E,-2.195,0.06081,8,2,L,1
82,L,F,-0.07045,0.2633,3.5,2,L,1
82,L,G,-1.261,0.7401,3,2,L,1
82,L,H,-0.6866,0.7472,4.5,2,L,1
82,L,I,-0.5733,0.5181,5,2,L,1
82,L,K,-0.07734,0.02718,5.5,2,L,1
82,L,L,0,0,,2,L,1
82,L,M,0.03004,0.1561,9,2,L,1
82,L,N,-1.653,0.4667,4,2,L,1
82,L,P,-4.944,0.04455,5.5,2,L,1
82,L,Q,-0.1835,0.368,3,2,L,1
82,L,R,-2.987,0.5197,6,2,L,1
82,L,S,-4.935,0.07212,4,2,L,1
82,L,T,-4.903,0.0693,3,2,L,1
82,L,V,-0.03047,0.1437,4,2,L,1
82,L,W,-0.1883,0.496,4.5,2,L,1
82,L,Y,-0.6804,0.3262,7.5,2,L,1
83,W,*,-4.976,0.04172,9,2,W,1
83,W,A,-0.7272,0.275,4.5,2,W,1
83,W,C,-1.641,0.09405,8.5,2,W,1
83,W,D,-4.931,0.111,3,2,W,1
83,W,E,-3.713,1.363,2,2,W,1
83,W,F,0.06929,0.0768,4,2,W,1
83,W,G,-1.539,0.925,4.5,2,W,1
83,W,H,-1.21,0.4517,6.5,2,W,1
83,W,I,-0.2293,0.2698,9,2,W,1
83,W,K,-3.746,1.725,1.5,2,W,1
83,W,L,-2.197,0.4377,11,2,W,1
83,W,M,-0.1968,0.5225,3.5,2,W,1
83,W,N,-1.96,0.1831,5,2,W,1
83,W,P,-4.942,0.09899,5,2,W,1
83,W,Q,-0.4655,0.08549,4,2,W,1
83,W,R,-0.3651,0.5592,6,2,W,1
83,W,S,-0.8109,1.284,3,2,W,1
83,W,T,0.111,0.02077,6,2,W,1
83,W,V,-2.299,2.451,4,2,W,1
83,W,W,0,0,,2,W,1
83,W,Y,-0.08749,0.1146,2.5,2,W,1
84,S,*,-4.959,0.0297,6.5,2,S,1
84,S,-,-0.231,,0.5,1,S,1
84,S,A,-0.898,0.4696,2.5,2,S,1
84,S,C,-0.4383,0.7958,2.5,2,S,1
84,S,D,-0.3324,0.4001,4.5,2,S,1
84,S,E,0.05958,0.009977,4,2,S,1
84,S,F,0.09491,0.07621,5.5,2,S,1
84,S,G,0.06284,0.1497,2.5,2,S,1
84,S,H,-0.3493,0.6135,4,2,S,1
84,S,I,-0.5486,0.8872,5,2,S,1
84,S,K,0.0055,0.1601,6,2,S,1
84,S,L,-0.04249,0.09392,8.5,2,S,1
84,S,M,-0.04309,0.1744,5,2,S,1
84,S,N,-0.2694,0.2817,4,2,S,1
84,S,P,-0.00715,0.2101,3.5,2,S,1
84,S,Q,0.02264,0.1605,6,2,S,1
84,S,R,0.0294,0.1892,2.5,2,S,1
84,S,S,0,0,,2,S,1
84,S,T,0.09576,0.07175,5.5,2,S,1
84,S,V,0.0755,0.1355,3.5,2,S,1
84,S,W,-1.647,1.374,3.5,2,S,1
84,S,Y,-0.7191,1.259,5.5,2,S,1
85,V,A,-0.3737,0.7252,4,2,V,1
85,V,C,0.09473,0.1079,3.5,2,V,1
85,V,D,-0.2843,0.4689,5.5,2,V,1
85,V,E,-0.2304,0.02348,6,2,V,1
85,V,F,-0.03455,0.2952,4,2,V,1
85,V,G,-1.367,0.2729,4.5,2,V,1
85,V,H,0.1139,0.005728,3,2,V,1
85,V,I,0.05508,0.06721,7,2,V,1
85,V,K,-0.02642,0.07932,6,2,V,1
85,V,L,0.1148,0.01018,7.5,2,V,1
85,V,M,0.119,0.02546,6,2,V,1
85,V,N,-1.493,,1.5,1,V,1
85,V,P,-0.05915,0.317,5.5,2,V,1
85,V,Q,-0.2372,0.5238,3.5,2,V,1
85,V,R,-0.103,0.3439,5,2,V,1
85,V,S,-0.8689,0.2547,3,2,V,1
85,V,T,-0.4519,0.5511,3,2,V,1
85,V,V,0,0,,2,V,1
85,V,W,-0.9925,0.8974,4.5,2,V,1
85,V,Y,0.1227,0.02121,8.5,2,V,1
86,S,A,0.1499,0.01442,8.5,2,S,1
86,S,C,-1.252,1.14,3.5,2,S,1
86,S,D,-1.214,0.007071,5.5,2,S,1
86,S,E,0.1082,0.03004,5.5,2,S,1
86,S,F,-0.8116,1.34,6,2,S,1
86,S,G,-0.0033,0.2499,5,2,S,1
86,S,H,-0.2935,,2,1,S,1
86,S,I,0.08443,0.07109,4.5,2,S,1
86,S,K,-0.5604,,1,1,S,1
86,S,L,0.06572,,5,1,S,1
86,S,M,0.03013,0.01038,1.5,2,S,1
86,S,N,0.1156,0.06145,6.5,2,S,1
86,S,P,-0.3439,0.7249,7,2,S,1
86,S,Q,-0.7212,0.6686,3.5,2,S,1
86,S,R,-0.02769,,1.5,1,S,1
86,S,S,0,0,,2,S,1
86,S,T,-0.02765,0.2641,2.5,2,S,1
86,S,V,-0.6245,0.08492,5.5,2,S,1
86,S,W,-0.6806,,1.5,1,S,1
86,S,Y,-0.07075,0.09525,11.5,2,S,1
87,G,A,-0.1257,0.2022,3.5,2,G,1
87,G,C,-4.444,0.1633,16,2,G,1
87,G,D,-0.5958,0.4004,15,2,G,1
87,G,E,-0.5166,0.5309,4,2,G,1
87,G,F,-1.164,0.03606,4.5,2,G,1
87,G,G,0,0,,2,G,1
87,G,H,-0.251,0.2014,3.5,2,G,1
87,G,I,-1.304,0.05303,5.5,2,G,1
87,G,K,-0.93,1.389,2.5,2,G,1
87,G,L,-0.3052,0.2326,3.5,2,G,1
87,G,M,-0.7075,0.2777,3.5,2,G,1
87,G,N,-0.5923,0.9528,3,2,G,1
87,G,P,-1.002,0.2652,5.5,2,G,1
87,G,Q,-0.4042,0.5842,5,2,G,1
87,G,R,-0.7594,0.3344,8,2,G,1
87,G,S,0.0415,0.1399,9,2,G,1
87,G,T,-0.1468,0.3171,4,2,G,1
87,G,V,-0.9304,0.6188,10.5,2,G,1
87,G,W,-1.269,0.03889,4,2,G,1
87,G,Y,-0.6437,0.1178,5.5,2,G,1
88,S,-,-0.9333,0.1001,1.5,2,L,1
88,S,A,0.1163,0.0563,4.5,2,L,1
88,S,C,0.06095,0.06978,4,2,L,1
88,S,D,-0.2155,0.09454,4.5,2,L,1
88,S,E,-0.0929,0.01994,5,2,L,1
88,S,F,-0.2774,0.1828,3.5,2,L,1
88,S,G,-0.4062,0.3849,2.5,2,L,1
88,S,H,-0.5947,0.5746,4,2,L,1
88,S,I,-0.3877,0.1439,8,2,L,1
88,S,K,-0.3678,,4.5,1,L,1
88,S,L,-0.7627,0.4558,4.5,2,L,1
88,S,M,-0.4181,0.4956,5,2,L,1
88,S,N,-0.1162,0.3299,9,2,L,1
88,S,P,-0.5762,0.8794,3.5,2,L,1
88,S,Q,-2.195,1.246,4.5,2,L,1
88,S,R,-0.2021,0.3137,8,2,L,1
88,S,S,0,0,,2,L,1
88,S,T,0.1006,0.005975,4.5,2,L,1
88,S,V,-1.031,1.628,3,2,L,1
88,S,W,-0.05171,0.01578,6.5,2,L,1
88,S,Y,-0.1473,0.4059,2,2,L,1
89,R,-,-0.2979,,0.5,1,R,1
89,R,A,-0.2571,0.5802,6,2,R,1
89,R,C,-0.1415,0.4106,6,2,R,1
89,R,D,-0.3001,0.1983,4.5,2,R,1
89,R,E,-0.534,0.5906,2.5,2,R,1
89,R,F,-0.05083,0.008577,3.5,2,R,1
89,R,G,-0.0302,0.2287,3,2,R,1
89,R,H,-0.4677,0.4946,54,2,R,1
89,R,I,0.02033,0.09839,2.5,2,R,1
89,R,K,-0.1207,0.3432,4,2,R,1
89,R,L,-0.1514,0.3431,15,2,R,1
89,R,M,0.05528,,2,1,R,1
89,R,N,0.07564,0.09031,8,2,R,1
89,R,P,0.1216,0.02234,6,2,R,1
89,R,Q,-0.07313,0.1094,13,2,R,1
89,R,R,0,0,,2,R,1
89,R,S,-0.1159,0.2631,6.5,2,R,1
89,R,T,0.0196,0.1863,5,2,R,1
89,R,V,-0.3155,0.1073,5,2,R,1
89,R,W,0.0946,0.09758,12,2,R,1
89,R,Y,-0.09475,0.3724,6.5,2,R,1
90,F,-,-0.2964,0.5623,1,2,F,1
90,F,A,-0.5465,0.9269,3,2,F,1
90,F,C,-0.8272,0.7563,4.5,2,F,1
90,F,D,-1.156,0.2522,4,2,F,1
90,F,E,0.04715,0.05981,4.5,2,F,1
90,F,F,0,0,,2,F,1
90,F,G,-0.2613,0.4132,3.5,2,F,1
90,F,H,-2.53,3.352,2.5,2,F,1
90,F,I,-0.1354,0.3389,4,2,F,1
90,F,K,-0.5054,0.659,2,2,F,1
90,F,L,-0.5848,0.829,10,2,F,1
90,F,M,-0.0448,0.2653,4,2,F,1
90,F,N,0.155,0.02708,4.5,2,F,1
90,F,P,-0.4325,0.7823,3.5,2,F,1
90,F,Q,-0.5288,0.5166,4.5,2,F,1
90,F,R,0.08571,,3.5,1,F,1
90,F,S,0.0473,0.1553,7,2,F,1
90,F,T,-0.5883,0.8849,3.5,2,F,1
90,F,V,-0.04905,0.2655,4.5,2,F,1
90,F,W,0.1725,,2,1,F,1
90,F,Y,0.129,0.008415,5,2,F,1
91,T,-,-0.49,0.5192,2,2,T,1
91,T,A,-0.00316,0.1444,5,2,T,1
91,T,C,-0.4695,0.7295,4,2,T,1
91,T,D,-0.3277,0.498,2,2,T,1
91,T,E,-0.6584,0.7291,4,2,T,1
91,T,F,-0.1536,0.04087,7,2,T,1
91,T,G,-0.4231,0.772,6,2,T,1
91,T,H,-0.4088,0.7325,4,2,T,1
91,T,I,0.03935,0.1135,8.5,2,T,1
91,T,K,-0.4862,0.8596,4.5,2,T,1
91,T,L,0.07383,0.02302,5.5,2,T,1
91,T,M,0.0571,0.07099,5,2,T,1
91,T,N,-0.6296,0.736,7,2,T,1
91,T,P,-0.7603,0.5298,5.5,2,T,1
91,T,Q,-0.3398,0.7191,2.5,2,T,1
91,T,R,-1.607,2.465,2,2,T,1
91,T,S,-0.4683,0.4988,5.5,2,T,1
91,T,T,0,0,,2,T,1
91,T,V,-0.00315,0.1788,4,2,T,1
91,T,W,-0.7338,0.3384,7,2,T,1
91,T,Y,-0.3446,0.6011,5,2,T,1
92,T,-,-1.273,1.091,1.5,2,T,1
92,T,A,-0.1006,0.2793,5,2,T,1
92,T,C,-0.833,0.9164,4,2,T,1
92,T,D,-0.6904,0.7122,3.5,2,T,1
92,T,E,-0.3332,0.5539,3.5,2,T,1
92,T,F,-0.6654,0.2208,2.5,2,T,1
92,T,G,-0.3674,0.09185,5.5,2,T,1
92,T,H,-0.6035,0.7178,4.5,2,T,1
92,T,I,-0.741,1.037,8,2,T,1
92,T,K,-0.6522,0.3152,2,2,T,1
92,T,L,-1.152,0.2316,5,2,T,1
92,T,M,-1.246,1.32,4,2,T,1
92,T,N,0.06842,0.03751,5.5,2,T,1
92,T,P,-0.4459,0.5646,3.5,2,T,1
92,T,Q,0.00835,0.1743,3.5,2,T,1
92,T,R,0.03584,0.06065,1.5,2,T,1
92,T,S,-1.017,1.615,2.5,2,T,1
92,T,T,0,0,,2,T,1
92,T,V,-2.619,2.73,4,2,T,1
92,T,W,-0.8361,0.2374,5,2,T,1
92,T,Y,-0.9293,0.216,5,2,T,1
93,G,-,-1.33,0.06081,1.5,2,G,1
93,G,A,-0.3044,0.496,4.5,2,G,1
93,G,C,-2.189,0.5636,22,2,G,1
93,G,D,-0.9977,0.1432,4.5,2,G,1
93,G,E,-2.735,2.958,3,2,G,1
93,G,F,-2.755,3.029,2.5,2,G,1
93,G,G,0,0,,2,G,1
93,G,H,-0.6698,1.133,3.5,2,G,1
93,G,I,-1.151,0.7686,3,2,G,1
93,G,K,-0.431,0.1592,6,2,G,1
93,G,L,-0.4879,0.2685,7.5,2,G,1
93,G,M,-1.658,1.697,4,2,G,1
93,G,N,0.03333,0.05215,4.5,2,G,1
93,G,P,-0.4568,0.1167,5,2,G,1
93,G,Q,-1.092,0.9767,3,2,G,1
93,G,R,-0.00885,0.1797,2,2,G,1
93,G,S,0.06107,0.02071,6.5,2,G,1
93,G,T,-0.7108,0.01605,3.5,2,G,1
93,G,V,-1.253,0.2164,14.5,2,G,1
93,G,W,-1.093,0.04243,3.5,2,G,1
93,G,Y,-0.3332,0.6577,8,2,G,1
94,F,-,-0.2335,,1,1,F,2
94,F,A,-0.1064,0.1009,6,2,F,2
94,F,C,-3.557,1.093,3,2,F,2
94,F,D,-0.1286,0.3352,4.5,2,F,2
94,F,E,-0.6158,0.2804,7,2,F,2
94,F,F,0,0,,2,F,2
94,F,G,-0.7932,,0.5,1,F,2
94,F,H,-0.2546,0.298,7.5,2,F,2
94,F,I,-1.259,0.6075,6,2,F,2
94,F,K,-1.125,0.7091,3.5,2,F,2
94,F,L,-1.166,0.5217,12.5,2,F,2
94,F,M,-2.393,2.118,2.5,2,F,2
94,F,N,-0.08488,0.0467,7,2,F,2
94,F,P,-0.05801,0.09036,9.5,2,F,2
94,F,Q,-0.8466,0.04978,6,2,F,2
94,F,R,-0.9939,0.1062,7,2,F,2
94,F,S,-0.09946,0.03118,7,2,F,2
94,F,T,-0.612,0.6632,4.5,2,F,2
94,F,V,-0.7909,0.00594,4,2,F,2
94,F,W,-0.1146,0.08394,3.5,2,F,2
94,F,Y,-0.2357,0.1633,6,2,F,2
95,V,-,-1.159,,1,1,V,2
95,V,A,-0.6989,0.2778,6.5,2,V,2
95,V,C,-2.062,0.3401,7.5,2,V,2
95,V,D,-3.281,1.11,6,2,V,2
95,V,E,-3.778,0.1259,10,2,V,2
95,V,F,-1.202,1.187,3,2,V,2
95,V,G,-4.631,0.05869,9.5,2,V,2
95,V,H,-2.569,1.247,7,2,V,2
95,V,I,-0.8195,1.3,6.5,2,V,2
95,V,K,-2.117,1.235,4,2,V,2
95,V,L,-0.4327,0.6485,11,2,V,2
95,V,M,-1.461,0.4547,13.5,2,V,2
95,V,N,-0.909,1.532,5,2,V,2
95,V,P,-4.896,0.007778,4.5,2,V,2
95,V,Q,-1.095,0.8125,3.5,2,V,2
95,V,R,-2.106,0.9567,3.5,2,V,2
95,V,S,-0.5,0.4378,3.5,2,V,2
95,V,T,0.01906,0.02455,6.5,2,V,2
95,V,V,0,0,,2,V,2
95,V,W,-3.01,1.422,6.5,2,V,2
95,V,Y,-2.231,0.3804,3.5,2,V,2
96,Y,*,-4.876,0.14,5,2,Y,2
96,Y,-,-0.3698,,1.5,1,Y,2
96,Y,A,-0.3997,0.2179,4.5,2,Y,2
96,Y,C,-1.244,0.3323,7,2,Y,2
96,Y,D,0.0049,0.1851,4.5,2,Y,2
96,Y,E,-1.048,0.7661,3.5,2,Y,2
96,Y,F,-0.9035,0.6201,4,2,Y,2
96,Y,G,-0.489,0.8796,6.5,2,Y,2
96,Y,H,-2.492,3.462,3,2,Y,2
96,Y,I,-4.182,0.0601,7,2,Y,2
96,Y,K,-1.376,0.8895,4.5,2,Y,2
96,Y,L,-0.9056,1.044,5.5,2,Y,2
96,Y,M,-0.2263,0.05777,4,2,Y,2
96,Y,N,0.1236,0.02397,7.5,2,Y,2
96,Y,P,-3.117,0.198,8.5,2,Y,2
96,Y,Q,-0.3186,0.6639,6,2,Y,2
96,Y,R,-0.6841,1.095,6,2,Y,2
96,Y,S,-0.0943,0.3291,5,2,Y,2
96,Y,T,-0.5369,0.1833,6,2,Y,2
96,Y,V,-2.862,0.3033,3.5,2,Y,2
96,Y,W,-0.501,0.8514,4.5,2,Y,2
96,Y,Y,0,0,,2,Y,2
97,F,-,-1.912,2.86,2,2,F,2
97,F,A,-4.883,,2.5,1,F,2
97,F,C,-4.881,0.04596,8.5,2,F,2
97,F,D,-4.915,0.02051,7,2,F,2
97,F,E,-4.889,0.05657,4,2,F,2
97,F,F,0,0,,2,F,2
97,F,G,-4.178,0.9581,3,2,F,2
97,F,H,-0.8799,0.0002828,3.5,2,F,2
97,F,I,-0.9431,0.2543,6,2,F,2
97,F,K,-4.944,0.01697,5,2,F,2
97,F,L,-0.1107,0.06741,10.5,2,F,2
97,F,M,-0.6758,0.8927,4.5,2,F,2
97,F,N,-4.95,0.06505,6.5,2,F,2
97,F,P,-4.91,0.002121,2.5,2,F,2
97,F,Q,-3.436,1.77,2,2,F,2
97,F,R,-3.83,1.526,2,2,F,2
97,F,S,-4.955,0.0792,6,2,F,2
97,F,T,-3.885,0.2927,6,2,F,2
97,F,V,-2.301,0.4617,3.5,2,F,2
97,F,W,-0.2428,0.3784,8,2,F,2
97,F,Y,-0.3445,0.598,4,2,F,2
98,N,-,-0.185,0.1645,2,2,N,2
98,N,A,-2.698,2.631,5,2,N,2
98,N,C,-4.771,0.1025,5.5,2,N,2
98,N,D,0.1158,0.07715,3,2,N,2
98,N,E,-0.531,0.268,4,2,N,2
98,N,F,-4.943,0.06364,6,2,N,2
98,N,G,-0.829,0.328,5,2,N,2
98,N,H,-2.049,1.497,5.5,2,N,2
98,N,I,-1.828,0.8316,7.5,2,N,2
98,N,K,-1.133,1.263,10,2,N,2
98,N,L,-4.186,0.9306,3.5,2,N,2
98,N,M,-1.346,0.2319,6,2,N,2
98,N,N,0,0,,2,N,2
98,N,P,-4.818,0.2602,6,2,N,2
98,N,R,-1.528,0.2234,6,2,N,2
98,N,S,-0.2815,0.0408,8.5,2,N,2
98,N,T,-0.1641,0.4258,5.5,2,N,2
98,N,V,-0.4849,0.6049,3,2,N,2
98,N,W,-4.899,0.06576,4.5,2,N,2
98,N,Y,-3.96,0.4978,8.5,2,N,2
99,G,-,-0.4291,0.4667,1.5,2,G,2
99,G,A,-0.597,0.1304,3.5,2,G,2
99,G,C,-4.981,0.03606,13.5,2,G,2
99,G,D,-0.9331,0.6066,17.5,2,G,2
99,G,E,-0.9496,1.266,6,2,G,2
99,G,F,-1.963,1.962,2,2,G,2
99,G,G,0,0,,2,G,2
99,G,H,-0.1796,0.1689,6.5,2,G,2
99,G,I,-3.011,0.8825,3.5,2,G,2
99,G,K,-1.029,1.488,2.5,2,G,2
99,G,L,-1.078,0.2329,6.5,2,G,2
99,G,M,-1.325,0.7886,3,2,G,2
99,G,N,-0.5509,0.8035,2.5,2,G,2
99,G,P,-3.811,0.4709,3,2,G,2
99,G,Q,-0.7336,0.644,3,2,G,2
99,G,R,-1.121,1.077,4,2,G,2
99,G,S,-0.008005,0.1059,6,2,G,2
99,G,T,-0.6197,0.1146,3.5,2,G,2
99,G,V,-1.442,0.4808,9.5,2,G,2
99,G,W,-2.621,0.001414,4,2,G,2
99,G,Y,-1.152,0.1831,4,2,G,2
100,T,-,-0.3345,0.5609,1.5,2,T,2
100,T,A,-0.06505,0.247,5.5,2,T,2
100,T,C,-1.967,0.8287,5.5,2,T,2
100,T,D,-0.4952,0.07099,3.5,2,T,2
100,T,E,-0.3455,0.6301,2,2,T,2
100,T,F,-0.3503,0.1273,11.5,2,T,2
100,T,G,-0.5308,0.3065,4.5,2,T,2
100,T,H,-0.2973,0.1516,10,2,T,2
100,T,I,-0.1563,0.01824,8.5,2,T,2
100,T,K,-0.7623,1.25,6.5,2,T,2
100,T,L,-0.271,0.0741,4.5,2,T,2
100,T,M,-0.07915,0.3512,5.5,2,T,2
100,T,N,-0.7165,0.2381,4.5,2,T,2
100,T,P,-0.5534,0.06491,3.5,2,T,2
100,T,Q,-0.0558,0.3151,5,2,T,2
100,T,R,-0.9051,0.2007,3.5,2,T,2
100,T,S,-0.00756,0.03632,4.5,2,T,2
100,T,T,0,0,,2,T,2
100,T,V,-0.2386,0.339,3.5,2,T,2
100,T,W,-0.1828,0.04547,5.5,2,T,2
100,T,Y,-0.7392,0.9614,2,2,T,2
101,G,-,-0.4191,0.7398,2,2,G,2
101,G,A,-0.4657,0.214,7,2,G,2
101,G,C,-3.397,0.01768,15.5,2,G,2
101,G,D,-0.4858,0.7951,12.5,2,G,2
101,G,E,-0.3488,0.4709,3.5,2,G,2
101,G,F,-0.4564,0.2047,7.5,2,G,2
101,G,G,0,0,,2,G,2
101,G,H,-0.1305,0.05551,2.5,2,G,2
101,G,I,-1.708,0.0495,7,2,G,2
101,G,K,-1.143,0.6223,6.5,2,G,2
101,G,L,-0.546,0.908,6.5,2,G,2
101,G,M,-0.6492,0.1494,5.5,2,G,2
101,G,N,-0.8575,1.283,3,2,G,2
101,G,P,-2.565,1.226,3.5,2,G,2
101,G,Q,-0.1719,0.007,5.5,2,G,2
101,G,R,-1.187,0.4875,5,2,G,2
101,G,S,-0.8329,0.6832,8.5,2,G,2
101,G,T,-0.6166,0.286,6.5,2,G,2
101,G,V,-2.018,0.2864,8.5,2,G,2
101,G,W,-2.289,0.0693,9,2,G,2
101,G,Y,-0.9921,1.459,3.5,2,G,2
102,R,-,-0.1175,0.1191,2,2,R,2
102,R,A,-0.202,0.1947,3.5,2,R,2
102,R,C,-0.0634,0.2715,7,2,R,2
102,R,D,-1.579,0.1195,4.5,2,R,2
102,R,E,0.1143,0.02526,2,2,R,2
102,R,F,-0.2319,0.5013,3,2,R,2
102,R,G,-1.324,1.269,3.5,2,R,2
102,R,H,0.01533,0.0473,3.5,2,R,2
102,R,I,-0.1777,,1,1,R,2
102,R,K,0.04619,0.04072,7.5,2,R,2
102,R,L,-0.08547,0.05943,16.5,2,R,2
102,R,M,0.02375,0.1538,8.5,2,R,2
102,R,N,-0.2642,0.3819,5,2,R,2
102,R,P,-1.541,2.241,6.5,2,R,2
102,R,Q,-0.7139,0.8741,13,2,R,2
102,R,R,0,0,,2,R,2
102,R,S,0.1218,0.06411,5,2,R,2
102,R,T,-0.04168,0.1082,4,2,R,2
102,R,V,-0.5026,0.5846,9,2,R,2
102,R,W,-0.6224,0.4474,12.5,2,R,2
102,R,Y,-0.5506,0.1807,5.5,2,R,2
103,G,-,-0.7618,0.8021,2.5,2,G,2
103,G,A,-0.248,0.1785,5.5,2,G,2
103,G,C,-1.977,0.256,14,2,G,2
103,G,D,-0.7998,0.7498,13,2,G,2
103,G,E,-1.441,,3.5,1,G,2
103,G,F,-2.135,0.3882,4.5,2,G,2
103,G,G,0,0,,2,G,2
103,G,H,-0.7006,0.1433,7,2,G,2
103,G,I,-1.63,0.8089,5,2,G,2
103,G,K,-1.137,1.589,3,2,G,2
103,G,L,-1.221,0.2751,7.5,2,G,2
103,G,M,-0.7659,0.2232,3,2,G,2
103,G,N,-0.552,0.1039,4,2,G,2
103,G,P,-1.178,1.041,6.5,2,G,2
103,G,Q,-0.4239,,0.5,1,G,2
103,G,R,-0.7353,1.091,5,2,G,2
103,G,S,-0.1739,0.348,4.5,2,G,2
103,G,T,-0.5431,0.5287,6.5,2,G,2
103,G,V,-0.9325,0.5749,7.5,2,G,2
103,G,W,-2.469,0.8217,4,2,G,2
103,G,Y,-1.603,0.02333,5.5,2,G,2
104,D,-,-1.346,1.823,2.5,2,D,2
104,D,A,0.01605,0.2187,5.5,2,D,2
104,D,C,0.1002,0.1024,4,2,D,2
104,D,D,0,0,,2,D,2
104,D,E,-0.4779,0.648,6.5,2,D,2
104,D,F,0.1057,0.07145,4.5,2,D,2
104,D,G,-0.3365,0.4126,9.5,2,D,2
104,D,H,-1.03,1.634,2,2,D,2
104,D,I,0.1384,0.0338,4,2,D,2
104,D,K,-0.3129,0.6597,3,2,D,2
104,D,L,-0.3236,0.7001,6,2,D,2
104,D,M,-1.264,1.85,6.5,2,D,2
104,D,N,-0.2283,0.0821,8.5,2,D,2
104,D,P,-0.1455,0.3958,4.5,2,D,2
104,D,Q,-0.061,0.278,8,2,D,2
104,D,R,0.07252,0.01913,3.5,2,D,2
104,D,S,0.1084,0.01401,5.5,2,D,2
104,D,T,-1.444,1.517,3,2,D,2
104,D,V,-0.4931,0.354,4.5,2,D,2
104,D,W,-0.2078,0.1072,6.5,2,D,2
104,D,Y,-0.1933,0.05487,20,2,D,2
105,C,*,-4.88,,1,1,C,2
105,C,-,-0.1388,0.06783,2.5,2,C,2
105,C,A,-4.857,0.1676,4.5,2,C,2
105,C,C,0,0,,2,C,2
105,C,D,-4.671,0.07071,4.5,2,C,2
105,C,E,-3.836,1.492,1,2,C,2
105,C,F,-4.978,0.01202,9.5,2,C,2
105,C,G,-4.848,0.0007071,5.5,2,C,2
105,C,H,-4.872,0.1344,5,2,C,2
105,C,I,-4.915,0.1195,5,2,C,2
105,C,K,-4.912,0.007071,2.5,2,C,2
105,C,L,-4.927,0.004243,5.5,2,C,2
105,C,M,-4.952,0.01414,5.5,2,C,2
105,C,N,-4.949,0.06718,5,2,C,2
105,C,P,-4.953,0.01061,5.5,2,C,2
105,C,Q,-4.835,0.01485,2.5,2,C,2
105,C,R,-4.941,0.03677,8,2,C,2
105,C,S,-4.622,0.2772,4.5,2,C,2
105,C,T,-4.742,0.1662,5,2,C,2
105,C,V,-4.803,0.2171,7.5,2,C,2
105,C,W,-4.912,0.09405,3,2,C,2
105,C,Y,-4.813,0.1994,7,2,C,2
106,K,-,-0.9814,0.7518,3,2,K,2
106,K,A,-0.1696,0.2717,6.5,2,K,2
106,K,C,-0.5544,0.9753,2,2,K,2
106,K,D,-0.2163,0.489,4.5,2,K,2
106,K,E,-0.04325,0.258,6.5,2,K,2
106,K,F,-0.03976,0.002843,4,2,K,2
106,K,G,-0.5433,0.7901,4.5,2,K,2
106,K,H,0.06581,0.008323,6.5,2,K,2
106,K,I,-0.149,0.3915,3.5,2,K,2
106,K,K,0,0,,2,K,2
106,K,L,0.07596,0.0859,4.5,2,K,2
106,K,M,-0.1711,,2.5,1,K,2
106,K,N,0.02491,0.1209,14.5,2,K,2
106,K,P,-1.619,0.7983,1,2,K,2
106,K,Q,0.0793,0.1311,11,2,K,2
106,K,R,0.1017,0.05078,7.5,2,K,2
106,K,S,0.1136,0.03712,6,2,K,2
106,K,T,-0.04726,0.04148,7.5,2,K,2
106,K,V,-0.1098,0.2183,2.5,2,K,2
106,K,W,-0.4011,0.4815,7,2,K,2
106,K,Y,-1.51,1.799,4,2,K,2
107,G,-,0.06083,0.0694,2.5,2,G,2
107,G,A,-0.4995,0.3984,7,2,G,2
107,G,C,-2.035,1.426,12,2,G,2
107,G,D,-0.7618,0.7285,12.5,2,G,2
107,G,E,-0.9554,0.2272,8.5,2,G,2
107,G,F,-2.54,1.249,7.5,2,G,2
107,G,G,0,0,,2,G,2
107,G,H,-0.6729,0.2697,5,2,G,2
107,G,I,-1.928,0.9631,5,2,G,2
107,G,K,-2.273,2.446,2.5,2,G,2
107,G,L,-2.365,0.1308,4.5,2,G,2
107,G,M,-2.654,1.686,6.5,2,G,2
107,G,N,-1.747,0.5395,5.5,2,G,2
107,G,P,-0.7956,0.3399,4.5,2,G,2
107,G,Q,-0.7117,0.856,7,2,G,2
107,G,R,-0.5316,0.06208,4.5,2,G,2
107,G,S,-0.4434,0.2557,6.5,2,G,2
107,G,T,-0.9838,0.002263,6,2,G,2
107,G,V,-2.42,0.04455,11.5,2,G,2
107,G,W,-1.94,0.7184,9,2,G,2
107,G,Y,-0.961,0.1258,1,2,G,2
108,F,-,-0.1823,0.2829,2,2,F,2
108,F,A,0.1013,0.0251,6,2,F,2
108,F,C,-0.7304,0.004313,2,2,F,2
108,F,D,-0.354,0.5496,4,2,F,2
108,F,E,-0.282,0.09638,8,2,F,2
108,F,F,0,0,,2,F,2
108,F,G,-0.3411,0.515,4,2,F,2
108,F,H,0.1232,0.02256,4,2,F,2
108,F,I,-0.01625,0.06508,2,2,F,2
108,F,K,-0.7123,0.2607,6.5,2,F,2
108,F,L,-2.048,2.923,2.5,2,F,2
108,F,M,-0.5644,1.036,5.5,2,F,2
108,F,N,-0.8252,1.065,2.5,2,F,2
108,F,P,-0.0045,0.1778,3.5,2,F,2
108,F,Q,-0.515,0.7014,5.5,2,F,2
108,F,R,-0.3158,0.6025,5.5,2,F,2
108,F,S,-0.4822,0.1146,7,2,F,2
108,F,T,-0.1346,0.3185,1.5,2,F,2
108,F,V,-0.4336,0.271,4,2,F,2
108,F,W,-0.0227,0.03593,5.5,2,F,2
108,F,Y,0.134,0.03154,7.5,2,F,2
109,Y,*,-0.6615,1.182,1,2,S,2
109,Y,-,-0.1421,0.1926,2,2,S,2
109,Y,A,-0.08492,0.09006,6.5,2,S,2
109,Y,C,-0.3076,0.6705,6,2,S,2
109,Y,D,-0.9268,1.555,4,2,S,2
109,Y,E,0.1079,0.006647,1.5,2,S,2
109,Y,F,-0.3315,0.649,4.5,2,S,2
109,Y,G,-0.05583,0.1022,4.5,2,S,2
109,Y,H,0.1371,0.05028,5,2,S,2
109,Y,I,0.1374,,2,1,S,2
109,Y,K,-0.0674,0.3346,3,2,S,2
109,Y,L,-0.6838,0.7357,6,2,S,2
109,Y,M,0.1353,0.03712,3,2,S,2
109,Y,N,-0.1773,0.333,6.5,2,S,2
109,Y,P,-0.6009,0.5658,7,2,S,2
109,Y,Q,-0.07127,0.2166,7,2,S,2
109,Y,R,-0.4793,0.3675,6,2,S,2
109,Y,S,-0.1291,0.09938,6.5,2,S,2
109,Y,T,-0.1586,0.1006,6,2,S,2
109,Y,V,0.00861,0.1029,8,2,S,2
109,Y,W,-0.000565,0.1291,6.5,2,S,2
109,Y,Y,0,0,,2,S,2
110,S,-,0.0665,0.08387,2.5,2,S,2
110,S,A,-0.1264,0.4236,5,2,S,2
110,S,C,-0.7676,0.05155,8.5,2,S,2
110,S,D,-0.4033,0.3557,5,2,S,2
110,S,E,0.1284,0.02447,3.5,2,S,2
110,S,F,-0.6002,0.943,3.5,2,S,2
110,S,G,0.0157,0.1703,6,2,S,2
110,S,H,-0.722,0.5148,4.5,2,S,2
110,S,I,-0.8974,0.07297,4,2,S,2
110,S,K,-0.08727,0.244,6.5,2,S,2
110,S,L,-0.03666,0.0163,7.5,2,S,2
110,S,M,0.09369,0.05531,3.5,2,S,2
110,S,N,-0.6999,,4.5,1,S,2
110,S,P,-1.032,0.476,10,2,S,2
110,S,Q,0.0572,0.07905,5,2,S,2
110,S,R,-0.1952,0.2524,3.5,2,S,2
110,S,S,0,0,,2,S,2
110,S,T,-0.9537,1.453,4,2,S,2
110,S,V,0.1098,0.07028,5,2,S,2
110,S,W,-0.6752,0.2216,3.5,2,S,2
110,S,Y,-0.7044,0.23,14.5,2,S,2
111,N,-,-0.1135,0.2951,2.5,2,D,2
111,N,A,0.08224,0.1022,4.5,2,D,2
111,N,C,-1.677,0.7552,6.5,2,D,2
111,N,D,-0.2444,0.4773,6,2,D,2
111,N,E,-1.292,1.071,4,2,D,2
111,N,F,-1.111,1.104,4,2,D,2
111,N,G,-0.504,0.9419,4,2,D,2
111,N,H,0.02073,0.01225,4.5,2,D,2
111,N,I,0.1308,0.0314,7.5,2,D,2
111,N,K,-1.415,1.748,9.5,2,D,2
111,N,L,-0.5349,0.4427,5.5,2,D,2
111,N,M,-0.4696,0.2054,6,2,D,2
111,N,N,0,0,,2,D,2
111,N,P,-1.184,1.403,2.5,2,D,2
111,N,Q,0.04558,0.101,6.5,2,D,2
111,N,R,-1.167,0.4705,8,2,D,2
111,N,S,-2.041,3.042,7,2,D,2
111,N,T,-0.1804,0.4955,4,2,D,2
111,N,V,-0.8722,0.1073,5.5,2,D,2
111,N,W,-2.836,2.225,3,2,D,2
111,N,Y,-0.2278,0.4996,3.5,2,D,2
112,A,-,-1.117,0.1223,3.5,2,V,2
112,A,A,0,0,,2,V,2
112,A,C,0.1025,0.09915,3.5,2,V,2
112,A,D,0.1346,0.04186,10,2,V,2
112,A,E,-0.1357,0.4354,2,2,V,2
112,A,F,-0.4028,0.7521,4.5,2,V,2
112,A,G,-0.1294,0.1277,6.5,2,V,2
112,A,H,-0.283,0.6422,3.5,2,V,2
112,A,I,0.1061,0.006223,3,2,V,2
112,A,K,-0.3659,0.5856,10.5,2,V,2
112,A,L,-0.5005,0.753,3,2,V,2
112,A,M,-0.0117,0.1564,4,2,V,2
112,A,N,-0.1529,0.3113,4.5,2,V,2
112,A,P,-1.361,0.3316,4.5,2,V,2
112,A,Q,-0.4184,0.3466,7,2,V,2
112,A,R,0.02598,0.08557,9,2,V,2
112,A,S,-0.3249,0.4368,10.5,2,V,2
112,A,T,0.04757,0.1658,14,2,V,2
112,A,V,-0.02203,0.09783,9.5,2,V,2
112,A,W,-1.4,2.055,4.5,2,V,2
112,A,Y,-0.5117,0.09899,4,2,V,2
113,S,-,-0.6921,0.7041,3.5,2,L,2
113,S,A,-0.01715,0.2078,4,2,L,2
113,S,C,-0.0659,0.3305,6.5,2,L,2
113,S,D,-0.6198,0.3951,6.5,2,L,2
113,S,E,-0.9899,1.068,5,2,L,2
113,S,F,-0.3319,0.1843,4.5,2,L,2
113,S,G,-0.02595,0.01979,4,2,L,2
113,S,H,-0.6883,1.172,4,2,L,2
113,S,I,-0.1807,0.1496,14.5,2,L,2
113,S,K,-2.783,2.977,3,2,L,2
113,S,L,0.05648,0.08516,6,2,L,2
113,S,M,-0.5617,0.9846,5.5,2,L,2
113,S,N,0.08229,0.07977,5.5,2,L,2
113,S,P,0.07961,0.069,9.5,2,L,2
113,S,Q,0.0801,0.1116,5.5,2,L,2
113,S,R,-0.09587,0.04303,5.5,2,L,2
113,S,S,0,0,,2,L,2
113,S,T,-0.1136,0.2761,3.5,2,L,2
113,S,V,-0.3339,0.01492,3,2,L,2
113,S,W,-0.2797,0.6025,4.5,2,L,2
113,S,Y,0.1413,0.02758,3,2,L,2
114,S,-,-0.1986,0.3768,4,2,S,2
114,S,A,-0.7265,0.2376,3.5,2,S,2
114,S,C,-0.6153,0.5268,6.5,2,S,2
114,S,D,-4.079,0.1202,4,2,S,2
114,S,E,-4.916,0.04243,5,2,S,2
114,S,F,-1.152,0.3974,9.5,2,S,2
114,S,G,-0.0695,0.3411,6,2,S,2
114,S,H,-2.151,1.059,6,2,S,2
114,S,I,-1.641,0.4137,3.5,2,S,2
114,S,K,-4.965,0.06576,7,2,S,2
114,S,L,-4.558,0.4653,3.5,2,S,2
114,S,M,-4.476,0.2758,4.5,2,S,2
114,S,N,-0.8593,0.742,2.5,2,S,2
114,S,P,-2.675,2.572,11,2,S,2
114,S,Q,-4.262,0.5332,5.5,2,S,2
114,S,R,-4.906,0.08344,8.5,2,S,2
114,S,S,0,0,,2,S,2
114,S,T,-0.3137,0.4672,10.5,2,S,2
114,S,V,-0.8097,0.2231,8,2,S,2
114,S,W,-3.583,0.09405,6.5,2,S,2
114,S,Y,-0.9295,0.49,14.5,2,S,2
115,D,-,-0.08635,0.04363,4.5,2,D,2
115,D,A,-0.3092,0.05911,6.5,2,D,2
115,D,C,-1.275,0.7021,4,2,D,2
115,D,D,0,0,,2,D,2
115,D,E,0.1092,0.00997,4.5,2,D,2
115,D,F,-1.76,0.9489,5,2,D,2
115,D,G,-1.393,1.011,4,2,D,2
115,D,H,-0.683,0.36,3,2,D,2
115,D,I,-4.499,0.4844,4.5,2,D,2
115,D,K,-3.585,0.741,5.5,2,D,2
115,D,M,-0.03185,0.1931,4.5,2,D,2
115,D,N,-1.11,0.3848,11.5,2,D,2
115,D,P,-3.021,2.192,3,2,D,2
115,D,Q,-0.1938,0.4592,4.5,2,D,2
115,D,R,-4.49,0.7163,5,2,D,2
115,D,S,-0.3657,0.3074,4.5,2,D,2
115,D,T,-0.1145,0.1426,4,2,D,2
115,D,V,-1.264,0.2567,4,2,D,2
115,D,W,-1.837,0.5508,4,2,D,2
115,D,Y,-1.982,0.9723,9.5,2,D,2
116,V,-,-0.2659,0.5162,4.5,2,V,2
116,V,A,-0.3722,0.1445,5.5,2,V,2
116,V,C,-0.718,0.7381,6,2,V,2
116,V,D,-4.802,0.2638,5.5,2,V,2
116,V,E,-4.93,0.004243,6,2,V,2
116,V,F,0.09456,0.02494,5.5,2,V,2
116,V,G,-0.3109,0.05006,4.5,2,V,2
116,V,H,-0.2425,0.1237,2.5,2,V,2
116,V,I,-0.3549,0.1456,1,2,V,2
116,V,K,-4.921,0.06152,2.5,2,V,2
116,V,L,-2.83,0.0799,13.5,2,V,2
116,V,M,-0.08003,0.2121,7.5,2,V,2
116,V,N,-1.618,1.282,4,2,V,2
116,V,P,-4.886,0.007778,4.5,2,V,2
116,V,Q,-4.983,0.03111,8,2,V,2
116,V,R,-4.881,,0.5,1,V,2
116,V,S,0.1295,0.00997,3.5,2,V,2
116,V,T,-1.676,0.6767,3.5,2,V,2
116,V,V,0,0,,2,V,2
116,V,W,0.01776,0.1464,4.5,2,V,2
116,V,Y,-0.4975,0.7375,5.5,2,V,2
117,I,-,-0.5559,0.7384,4.5,2,I,2
117,I,A,-0.821,0.2227,6.5,2,I,2
117,I,C,-3.201,2.506,5,2,I,2
117,I,D,-4.944,0.03182,8.5,2,I,2
117,I,E,-4.479,0.5735,3,2,I,2
117,I,F,-0.303,0.321,3,2,I,2
117,I,G,-4.92,0.01344,4.5,2,I,2
117,I,H,-4.924,0.0693,5.5,2,I,2
117,I,I,0,0,,2,I,2
117,I,K,-4.072,1.201,3,2,I,2
117,I,L,0.04171,0.1205,5,2,I,2
117,I,M,0.1419,0.03783,4,2,I,2
117,I,N,-4.854,0.04101,5.5,2,I,2
117,I,P,-4.72,0.2927,7,2,I,2
117,I,Q,-0.2126,0.3518,6,2,I,2
117,I,R,-4.942,0.0198,9.5,2,I,2
117,I,S,-4.929,0.1047,3.5,2,I,2
117,I,T,-2.094,0.4031,6.5,2,I,2
117,I,V,-0.248,0.2642,8.5,2,I,2
117,I,W,-1.098,0.5545,7,2,I,2
117,I,Y,-4.019,1.34,4.5,2,I,2
118,R,*,-5.012,,0.5,1,R,2
118,R,-,-1.08,1.076,4.5,2,R,2
118,R,A,-4.953,0.05657,5,2,R,2
118,R,C,-4.92,0.01556,7.5,2,R,2
118,R,D,-4.877,0.06293,7.5,2,R,2
118,R,E,-4.78,0.3033,7.5,2,R,2
118,R,F,-4.93,0.07212,8,2,R,2
118,R,G,-4.87,0.1287,7,2,R,2
118,R,H,-4.893,0.05303,5.5,2,R,2
118,R,I,-4.978,0.02051,11.5,2,R,2
118,R,K,-4.931,0.04101,6.5,2,R,2
118,R,L,-4.934,0.05586,9,2,R,2
118,R,M,-4.742,0.2411,7,2,R,2
118,R,N,-4.945,0.05233,8.5,2,R,2
118,R,P,-4.887,0.1322,9.5,2,R,2
118,R,Q,-4.408,0.5565,4.5,2,R,2
118,R,R,0,0,,2,R,2
118,R,S,-4.903,0.0198,5.5,2,R,2
118,R,T,-4.893,0.08556,9,2,R,2
118,R,V,-4.917,0.0396,7,2,R,2
118,R,W,-4.945,0.03111,4.5,2,R,2
118,R,Y,-4.921,0.1223,5,2,R,2
119,Y,*,-4.867,,2,1,Y,2
119,Y,-,-2.193,2.978,5,2,Y,2
119,Y,A,-0.1002,0.2286,8,2,Y,2
119,Y,C,-0.2357,0.5245,7,2,Y,2
119,Y,D,-4.795,0.1442,3,2,Y,2
119,Y,E,-4.889,0.05869,2,2,Y,2
119,Y,F,-0.322,0.1858,5,2,Y,2
119,Y,G,-1.792,1.775,4.5,2,Y,2
119,Y,H,-0.1271,0.1772,3,2,Y,2
119,Y,I,-0.2254,0.4518,4,2,Y,2
119,Y,K,-4.066,1.31,6,2,Y,2
119,Y,L,0.09776,0.04842,4.5,2,Y,2
119,Y,M,-0.4153,0.6082,4.5,2,Y,2
119,Y,N,-2.13,0.6343,6,2,Y,2
119,Y,P,-4.939,0.05445,7,2,Y,2
119,Y,Q,-3.114,2.192,4.5,2,Y,2
119,Y,R,-4.501,0.5883,7.5,2,Y,2
119,Y,S,-0.1408,0.2688,5,2,Y,2
119,Y,T,0.0958,0.05898,6,2,Y,2
119,Y,V,0.1533,0.02249,6,2,Y,2
119,Y,W,-1.227,0.504,5,2,Y,2
119,Y,Y,0,0,,2,Y,2
120,N,-,-0.4989,0.6504,5,2,N,2
120,N,A,-0.2609,0.5551,5,2,N,2
120,N,C,-0.1821,0.3192,3,2,N,2
120,N,D,-0.6343,0.1128,5,2,N,2
120,N,E,-0.3493,0.7282,3.5,2,N,2
120,N,F,-0.8298,1.376,5.5,2,N,2
120,N,G,-0.2328,0.197,3,2,N,2
120,N,H,-1.247,1.742,3,2,N,2
120,N,I,-0.4675,0.8167,4,2,N,2
120,N,K,0.05538,0.007361,5.5,2,N,2
120,N,L,-0.5346,0.5337,4.5,2,N,2
120,N,M,-0.09745,0.372,4.5,2,N,2
120,N,N,0,0,,2,N,2
120,N,P,-0.07325,0.3,5.5,2,N,2
120,N,Q,0.1481,0.02673,3,2,N,2
120,N,S,-0.3278,0.6432,5,2,N,2
120,N,T,0.1365,0.05063,7.5,2,N,2
120,N,V,-0.3811,0.5176,4,2,N,2
120,N,W,-1.73,0.4837,7.5,2,N,2
120,N,Y,-0.5363,0.7859,4.5,2,N,2
121,I,-,-2.222,3.254,5.5,2,L,2
121,I,A,-2.739,0.5119,3.5,2,L,2
121,I,C,-2.498,0.1089,4,2,L,2
121,I,D,-0.1437,0.1198,2.5,2,L,2
121,I,E,-0.03715,0.2491,2.5,2,L,2
121,I,F,-0.3978,0.7611,4.5,2,L,2
121,I,G,-2.016,2.523,3,2,L,2
121,I,H,0.04886,0.01533,5,2,L,2
121,I,I,0,0,,2,L,2
121,I,K,-3.877,1.098,2.5,2,L,2
121,I,L,-0.01725,0.2548,5.5,2,L,2
121,I,M,-0.1699,0.2919,6,2,L,2
121,I,N,-0.3367,0.1677,3.5,2,L,2
121,I,P,-2.882,2.856,2.5,2,L,2
121,I,Q,-0.4215,0.4293,5.5,2,L,2
121,I,R,-0.5091,0.09242,5,2,L,2
121,I,S,-0.2074,0.06025,1.5,2,L,2
121,I,T,-0.1994,0.4793,3,2,L,2
121,I,V,-0.8454,0.551,6.5,2,L,2
121,I,W,0.1377,0.002263,3,2,L,2
121,I,Y,-0.0657,0.2763,5,2,L,2
122,N,-,-0.1527,0.1725,4,2,N,2
122,N,A,-0.03358,0.0544,6,2,N,2
122,N,C,-1.032,0.3096,4.5,2,N,2
122,N,D,-0.3449,0.3583,3,2,N,2
122,N,E,-1.604,1.63,4,2,N,2
122,N,F,-1.997,2.784,5,2,N,2
122,N,G,-0.1181,0.3396,3,2,N,2
122,N,H,-0.6666,1.139,5.5,2,N,2
122,N,I,-0.133,0.2133,3,2,N,2
122,N,K,-0.08984,0.2617,5.5,2,N,2
122,N,L,-0.4737,0.2206,3.5,2,N,2
122,N,M,-0.5342,0.08188,4,2,N,2
122,N,N,0,0,,2,N,2
122,N,P,-0.3713,0.4158,6,2,N,2
122,N,Q,0.1517,0.02001,4,2,N,2
122,N,R,-0.2335,0.08754,3,2,N,2
122,N,S,-0.08161,0.04313,7.5,2,N,2
122,N,T,-0.6352,0.4822,4.5,2,N,2
122,N,V,-0.3826,0.201,3.5,2,N,2
122,N,W,-0.9284,0.9498,4,2,N,2
122,N,Y,-0.5304,0.9752,3.5,2,N,2
123,F,-,-0.0678,0.2411,3,2,F,2
123,F,A,-0.4658,0.8361,5,2,F,2
123,F,C,-0.419,0.2795,5,2,F,2
123,F,D,0.08826,0.09269,4,2,F,2
123,F,E,-0.2136,0.5337,3.5,2,F,2
123,F,F,0,0,,2,F,2
123,F,G,0.137,0.04921,4,2,F,2
123,F,H,0.1534,0.02121,5,2,F,2
123,F,I,0.1001,0.1024,5.5,2,F,2
123,F,K,-1.012,1.525,3.5,2,F,2
123,F,L,0.1412,0.006081,8.5,2,F,2
123,F,M,-1.057,0.2118,4.5,2,F,2
123,F,N,0.08954,0.06713,4,2,F,2
123,F,P,-0.3829,0.2744,4.5,2,F,2
123,F,Q,-0.3157,0.62,5.5,2,F,2
123,F,R,0.08285,0.01414,6,2,F,2
123,F,S,0.1448,0.03168,7.5,2,F,2
123,F,T,-0.2502,0.5908,4.5,2,F,2
123,F,V,-0.3889,0.4754,5,2,F,2
123,F,W,-0.8619,1.042,4.5,2,F,2
123,F,Y,-0.0175,,1.5,1,F,2
124,E,*,-4.989,0.03041,11,2,E,2
124,E,-,0.08212,,2,1,E,2
124,E,A,-0.5416,0.3306,3,2,E,2
124,E,C,0.135,0.03642,5.5,2,E,2
124,E,D,-0.356,0.3264,9.5,2,E,2
124,E,E,0,0,,2,E,2
124,E,F,-2.442,0.6364,3.5,2,E,2
124,E,G,-0.1684,0.3934,3,2,E,2
124,E,H,-0.5888,0.1151,4,2,E,2
124,E,I,-0.5767,0.5831,4.5,2,E,2
124,E,K,-0.7245,1.217,6.5,2,E,2
124,E,L,-1.335,0.04667,4,2,E,2
124,E,M,-0.2236,0.5018,7,2,E,2
124,E,N,-1.118,0.5942,3.5,2,E,2
124,E,P,-0.4487,0.8759,2.5,2,E,2
124,E,Q,-0.04845,0.2716,5,2,E,2
124,E,R,-0.09215,0.2982,5.5,2,E,2
124,E,S,-1.417,2.115,2,2,E,2
124,E,T,-3.47,1.13,3,2,E,2
124,E,V,0.1014,0.02207,4,2,E,2
124,E,W,-4.197,0.1386,4,2,E,2
124,E,Y,-1.051,0.03394,2.5,2,E,2
125,R,-,-3.532,,2,1,E,2
125,R,A,0.0635,0.08995,4.5,2,E,2
125,R,C,-0.03635,0.2474,4,2,E,2
125,R,D,-0.0805,0.3,3.5,2,E,2
125,R,E,0.128,,1.5,1,E,2
125,R,F,0.1456,0.03444,5.5,2,E,2
125,R,G,0.04,0.04354,2,2,E,2
125,R,H,0.1126,0.0329,4,2,E,2
125,R,I,-0.3721,0.7608,6,2,E,2
125,R,K,-0.03237,0.1385,5.5,2,E,2
125,R,L,0.1497,0.03062,10,2,E,2
125,R,M,-0.4186,0.6374,4.5,2,E,2
125,R,N,0.1437,0.006505,3,2,E,2
125,R,P,-0.4928,0.1331,7,2,E,2
125,R,Q,-0.1395,0.2021,11,2,E,2
125,R,R,0,0,,2,E,2
125,R,S,0.1258,0.008415,3.5,2,E,2
125,R,T,0.1458,0.01923,6.5,2,E,2
125,R,V,0.0363,0.06791,7.5,2,E,2
125,R,W,0.1154,0.02483,11.5,2,E,2
125,R,Y,0.08654,0.05269,5.5,2,E,2
126,N,-,0.08899,,1.5,1,N,2
126,N,A,-0.4666,0.8562,5.5,2,N,2
126,N,C,-0.2998,0.6059,3.5,2,N,2
126,N,D,0.1488,0.02821,2.5,2,N,2
126,N,E,-0.1524,0.4546,5,2,N,2
126,N,F,0.134,0.008132,5,2,N,2
126,N,G,-0.7382,0.8709,6.5,2,N,2
126,N,H,-0.7251,1.041,4,2,N,2
126,N,I,-0.3247,0.5972,3.5,2,N,2
126,N,K,-0.1892,0.12,4,2,N,2
126,N,L,0.09958,0.09661,7.5,2,N,2
126,N,M,-0.2809,0.6407,5,2,N,2
126,N,N,0,0,,2,N,2
126,N,P,0.06881,0.04722,9,2,N,2
126,N,Q,0.1022,0.03849,4.5,2,N,2
126,N,R,-0.8782,0.3334,4,2,N,2
126,N,S,-0.2187,0.51,5.5,2,N,2
126,N,T,-0.02101,0.06865,4,2,N,2
126,N,V,0.04721,0.1712,2,2,N,2
126,N,W,0.09879,0.07724,7,2,N,2
126,N,Y,-0.1361,0.4057,6,2,N,2
127,L,-,-0.2504,,1.5,1,L,2
127,L,A,0.1231,0.01372,3.5,2,L,2
127,L,C,-0.2059,0.2883,6,2,L,2
127,L,D,-0.8243,0.3928,1,2,L,2
127,L,E,-0.4179,0.6856,5.5,2,L,2
127,L,F,-0.2218,0.1723,5.5,2,L,2
127,L,G,-1.284,2.061,3.5,2,L,2
127,L,H,0.1026,0.06155,5,2,L,2
127,L,I,0.1478,0.01308,10.5,2,L,2
127,L,K,-0.7738,0.1859,5,2,L,2
127,L,L,0,0,,2,L,2
127,L,M,-1.861,1.199,2,2,L,2
127,L,N,-0.5534,0.2305,7.5,2,L,2
127,L,P,0.1537,0.02659,5.5,2,L,2
127,L,Q,-1.718,1.286,5.5,2,L,2
127,L,R,-0.7717,0.2189,4.5,2,L,2
127,L,S,0.07014,0.0964,4,2,L,2
127,L,T,0.127,0.03019,3.5,2,L,2
127,L,V,-1.049,0.6594,5.5,2,L,2
127,L,W,0.121,0.02206,5,2,L,2
127,L,Y,-0.0523,0.2263,4.5,2,L,2
128,R,-,-0.004704,,1.5,1,R,2
128,R,A,0.004,0.2404,6,2,R,2
128,R,C,-0.1102,0.3229,4.5,2,R,2
128,R,D,-0.09885,0.3318,7,2,R,2
128,R,E,0.1397,0.02793,4,2,R,2
128,R,F,-0.2181,0.4504,10,2,R,2
128,R,G,-0.2797,0.6397,3,2,R,2
128,R,H,0.1296,0.02772,11,2,R,2
128,R,I,-0.8756,0.9552,2.5,2,R,2
128,R,K,0.0055,0.1973,4,2,R,2
128,R,L,0.06839,0.07864,11,2,R,2
128,R,M,0.1185,0.02192,4,2,R,2
128,R,N,-0.1913,0.3301,6.5,2,R,2
128,R,P,-0.6027,0.873,5,2,R,2
128,R,Q,0.1501,0.01372,3,2,R,2
128,R,R,0,0,,2,R,2
128,R,S,-0.0955,0.3711,11.5,2,R,2
128,R,T,0.1047,0.04283,5,2,R,2
128,R,V,-0.6799,,1.5,1,R,2
128,R,W,-0.6389,0.09447,5,2,R,2
128,R,Y,-1.114,0.7267,9,2,R,2
129,R,*,-0.4931,,0.5,1,R,2
129,R,-,0.1511,,1,1,R,2
129,R,A,-0.4639,0.8897,4.5,2,R,2
129,R,C,-0.4892,0.8538,5,2,R,2
129,R,D,-0.1946,0.4644,7,2,R,2
129,R,E,-0.4417,0.8391,2.5,2,R,2
129,R,F,-0.5065,0.903,4.5,2,R,2
129,R,G,-0.3651,0.7137,4,2,R,2
129,R,H,-0.0208,0.2606,5.5,2,R,2
129,R,I,-1.586,0.6194,15,2,R,2
129,R,K,0.1509,0.01541,6,2,R,2
129,R,L,0.03125,0.1965,4.5,2,R,2
129,R,M,-0.1426,0.3992,4,2,R,2
129,R,N,-2.428,3.487,3.5,2,R,2
129,R,P,-0.3337,0.186,7.5,2,R,2
129,R,Q,-0.551,0.7764,2.5,2,R,2
129,R,R,0,0,,2,R,2
129,R,S,-0.3671,0.7225,8,2,R,2
129,R,T,-0.2111,0.3642,5,2,R,2
129,R,V,-2.436,0.5996,4.5,2,R,2
129,R,W,-0.2358,0.4937,3.5,2,R,2
129,R,Y,-0.1182,0.2946,6,2,R,2
130,G,-,0.1341,,1,1,G,2
130,G,A,-1.933,0.5268,5.5,2,G,2
130,G,C,-2.416,0.2369,17.5,2,G,2
130,G,D,-3.102,2.039,10,2,G,2
130,G,E,-0.3579,,2.5,1,G,2
130,G,F,-4.931,0.07142,2.5,2,G,2
130,G,G,0,0,,2,G,2
130,G,H,-0.7193,0.8072,9,2,G,2
130,G,I,-0.306,0.01895,5.5,2,G,2
130,G,K,-0.9869,0.1727,3.5,2,G,2
130,G,L,-1.406,1.983,5.5,2,G,2
130,G,M,-2.972,,2.5,1,G,2
130,G,N,-0.1145,0.3396,2.5,2,G,2
130,G,P,0.08654,0.1238,4.5,2,G,2
130,G,Q,-0.4145,0.5425,9,2,G,2
130,G,R,0.1314,0.06013,5,2,G,2
130,G,S,-1.914,2.691,5.5,2,G,2
130,G,T,-0.2925,0.2642,7,2,G,2
130,G,V,-2.264,0.7439,14,2,G,2
130,G,W,0.02737,0.1594,2,2,G,2
130,G,Y,-3.051,1.568,3,2,G,2
131,T,-,-0.1593,0.1497,2.5,2,T,2
131,T,A,-2.318,3.298,6,2,T,2
131,T,C,-0.3121,0.04313,4.5,2,T,2
131,T,D,-1.308,0.5235,6.5,2,T,2
131,T,E,-0.7364,0.5933,5,2,T,2
131,T,F,-0.26,0.1984,7,2,T,2
131,T,G,-0.6548,0.3493,5,2,T,2
131,T,H,0.1498,0.02906,3,2,T,2
131,T,I,-0.4522,0.05643,10.5,2,T,2
131,T,K,-0.8335,1.299,4,2,T,2
131,T,L,-0.04029,0.1164,3.5,2,T,2
131,T,M,-0.4111,0.1734,4,2,T,2
131,T,N,-0.1326,0.2727,7,2,T,2
131,T,P,-0.0748,0.2827,4,2,T,2
131,T,Q,0.1392,0.02454,7.5,2,T,2
131,T,R,-0.2697,0.009546,6.5,2,T,2
131,T,S,-0.4087,0.7901,5,2,T,2
131,T,T,0,0,,2,T,2
131,T,V,-0.6107,0.265,7,2,T,2
131,T,W,-1.626,1.405,6,2,T,2
131,T,Y,-0.4481,0.1684,5.5,2,T,2
132,I,-,-0.1552,0.1986,2.5,2,I,2
132,I,A,-0.4297,0.6881,3.5,2,I,2
132,I,C,-2.024,0.04596,5,2,I,2
132,I,D,-2.558,3.324,3.5,2,I,2
132,I,E,-4.974,0.05233,4.5,2,I,2
132,I,F,-1.958,0.6109,6,2,I,2
132,I,G,-2.756,1.422,5,2,I,2
132,I,H,-2.111,0.5247,5,2,I,2
132,I,I,0,0,,2,I,2
132,I,K,-4.946,0.02758,4,2,I,2
132,I,L,-1.181,0.5163,3.5,2,I,2
132,I,M,-1.331,0.6668,4.5,2,I,2
132,I,N,-4.809,0.1096,6,2,I,2
132,I,P,-4.893,0.05445,3,2,I,2
132,I,Q,-4.22,0.2737,6,2,I,2
132,I,R,-4.923,0.02828,5.5,2,I,2
132,I,S,-4.099,1.118,2.5,2,I,2
132,I,T,-1.158,1.264,7,2,I,2
132,I,V,-0.6381,0.7028,5,2,I,2
132,I,W,-3.479,,6.5,1,I,2
132,I,Y,-1.99,0.1167,6.5,2,I,2
133,L,-,-0.6693,1.156,3,2,L,2
133,L,A,-0.03965,0.2647,9,2,L,2
133,L,C,-0.7151,0.434,5,2,L,2
133,L,D,-0.07095,0.2839,3.5,2,L,2
133,L,E,-0.3946,0.6744,3,2,L,2
133,L,F,-0.8122,0.1575,7.5,2,L,2
133,L,G,-0.8033,1.025,3,2,L,2
133,L,H,-0.2007,0.5245,3,2,L,2
133,L,I,-0.6396,1.046,4,2,L,2
133,L,K,-0.305,0.5798,2.5,2,L,2
133,L,L,0,0,,2,L,2
133,L,M,-0.7133,1.05,9.5,2,L,2
133,L,N,0.06789,0.07312,3.5,2,L,2
133,L,P,-3.718,1.106,4.5,2,L,2
133,L,Q,-0.5557,0.9833,2,2,L,2
133,L,R,-0.4938,0.4079,6,2,L,2
133,L,S,-1.092,0.07495,6.5,2,L,2
133,L,T,-2.368,1.601,2.5,2,L,2
133,L,V,-0.318,0.1554,5,2,L,2
133,L,W,-0.2103,0.09037,4.5,2,L,2
133,L,Y,-0.2809,0.08471,5,2,L,2
134,F,-,-0.1886,0.3068,3.5,2,F,2
134,F,A,-0.8659,1.322,3,2,F,2
134,F,C,-0.4937,0.04978,3.5,2,F,2
134,F,D,-4.787,0.007071,7.5,2,F,2
134,F,E,-4.67,0.4214,3.5,2,F,2
134,F,F,0,0,,2,F,2
134,F,G,-1.625,0.05091,2.5,2,F,2
134,F,H,-1.48,0.04313,7,2,F,2
134,F,I,0.06217,0.107,3,2,F,2
134,F,K,-2.125,3.093,3,2,F,2
134,F,L,-0.1896,0.4241,3,2,F,2
134,F,M,-0.9885,0.5947,4.5,2,F,2
134,F,N,-4.919,0.01202,4,2,F,2
134,F,P,-4.861,0.04596,4.5,2,F,2
134,F,Q,-4.492,0.6017,5.5,2,F,2
134,F,R,-4.896,,0.5,1,F,2
134,F,S,-1.375,0.6695,5,2,F,2
134,F,T,-0.8813,0.708,5.5,2,F,2
134,F,V,-0.1572,0.2278,5.5,2,F,2
134,F,W,-1.535,0.671,4,2,F,2
134,F,Y,-1.54,0.5897,6.5,2,F,2
135,K,-,0.09807,0.05831,2.5,2,K,2
135,K,A,0.07987,0.0262,5,2,K,2
135,K,C,-0.2819,0.3859,6.5,2,K,2
135,K,D,0.1026,0.07579,6.5,2,K,2
135,K,E,-0.311,0.1121,9.5,2,K,2
135,K,F,-0.3141,0.2942,10,2,K,2
135,K,G,0.1445,0.03953,3,2,K,2
135,K,H,-0.2935,0.3341,6.5,2,K,2
135,K,I,0.1074,0.04847,6,2,K,2
135,K,K,0,0,,2,K,2
135,K,L,0.1342,0.03019,7,2,K,2
135,K,M,0.08964,0.04605,6.5,2,K,2
135,K,N,-0.4296,0.1394,13.5,2,K,2
135,K,P,-2.236,0.2022,8.5,2,K,2
135,K,Q,0.09627,0.04982,7.5,2,K,2
135,K,R,0.1421,0.002899,8,2,K,2
135,K,S,-0.5795,0.3664,6,2,K,2
135,K,T,-0.3757,0.4418,3.5,2,K,2
135,K,V,-0.4232,0.6319,5.5,2,K,2
135,K,W,0.03863,0.1344,5,2,K,2
135,K,Y,-0.2962,0.06491,2.5,2,K,2
136,T,-,-2.481,3.216,2,2,T,2
136,T,A,0.09811,0.05203,7.5,2,T,2
136,T,C,-0.009555,0.06499,3,2,T,2
136,T,D,0.03712,,0.5,1,T,2
136,T,E,-1.61,0.1428,4,2,T,2
136,T,F,-0.1028,0.3286,2,2,T,2
136,T,G,-0.4606,0.03741,2.5,2,T,2
136,T,H,0.09333,0.04465,4.5,2,T,2
136,T,I,-0.6443,0.232,8,2,T,2
136,T,K,0.08661,0.001697,3.5,2,T,2
136,T,L,-0.2876,0.4174,6,2,T,2
136,T,M,-0.3056,0.6564,3,2,T,2
136,T,N,-0.1012,0.2937,4.5,2,T,2
136,T,P,-2.776,0.7191,2.5,2,T,2
136,T,Q,0.05278,0.1673,1.5,2,T,2
136,T,R,0.03604,0.08216,4,2,T,2
136,T,S,-0.2003,0.1957,8.5,2,T,2
136,T,T,0,0,,2,T,2
136,T,V,-0.2461,0.511,5,2,T,2
136,T,W,-1.069,1.349,3,2,T,2
136,T,Y,-1.128,0.8197,5.5,2,T,2
137,S,-,0.00275,0.193,2,2,S,2
137,S,A,0.0156,0.215,3,2,S,2
137,S,C,-0.2432,0.03967,3,2,S,2
137,S,D,-0.08535,0.3403,6,2,S,2
137,S,E,-0.2082,0.4925,5.5,2,S,2
137,S,F,0.1215,0.07042,4.5,2,S,2
137,S,G,0.1429,0.01492,6.5,2,S,2
137,S,H,-0.5455,0.8351,2.5,2,S,2
137,S,I,0.07218,0.144,13.5,2,S,2
137,S,K,0.07168,0.007121,7,2,S,2
137,S,L,0.05619,0.1506,5.5,2,S,2
137,S,M,0.02029,0.1512,4,2,S,2
137,S,N,-0.1754,0.3489,10,2,S,2
137,S,P,0.04117,0.004978,2.5,2,S,2
137,S,Q,0.05533,,2.5,1,S,2
137,S,R,0.08024,0.03347,11,2,S,2
137,S,S,0,0,,2,S,2
137,S,T,-0.009027,0.009267,5,2,S,2
137,S,V,0.1361,0.01754,6,2,S,2
137,S,W,-1.919,1.342,5.5,2,S,2
137,S,Y,-0.1132,0.3579,8,2,S,2
138,Y,*,-4.512,0.5431,3,2,Y,2
138,Y,-,-1.694,2.586,3.5,2,Y,2
138,Y,A,-1.771,1.457,3.5,2,Y,2
138,Y,C,-0.6338,0.1233,8.5,2,Y,2
138,Y,D,0.1432,0.02991,3,2,Y,2
138,Y,E,-0.0829,0.3592,5,2,Y,2
138,Y,F,-0.1145,0.3512,5,2,Y,2
138,Y,G,-0.3722,0.7353,2,2,Y,2
138,Y,H,-0.2454,0.5197,4.5,2,Y,2
138,Y,I,-0.3116,0.5434,5.5,2,Y,2
138,Y,K,-2.071,0.2878,5,2,Y,2
138,Y,L,-0.5191,0.2745,5,2,Y,2
138,Y,M,-0.00265,0.1976,5,2,Y,2
138,Y,N,-0.6177,0.8349,7.5,2,Y,2
138,Y,P,-0.1629,0.4731,3,2,Y,2
138,Y,Q,-0.912,1.416,5.5,2,Y,2
138,Y,R,-0.945,0.06619,3.5,2,Y,2
138,Y,S,-0.8438,0.959,7.5,2,Y,2
138,Y,T,-0.1166,0.2452,5.5,2,Y,2
138,Y,V,-0.3115,0.5633,3.5,2,Y,2
138,Y,W,-0.9544,0.2357,4,2,Y,2
138,Y,Y,0,0,,2,Y,2
139,G,-,-3.115,2.104,5.5,2,G,2
139,G,A,0.08113,0.05411,5,2,G,2
139,G,C,-2.468,0.2666,19,2,G,2
139,G,D,0.0976,0.09574,11,2,G,2
139,G,E,0.1084,0.01082,3,2,G,2
139,G,F,-1.04,0.2124,7,2,G,2
139,G,G,0,0,,2,G,2
139,G,H,-0.338,0.1031,2.5,2,G,2
139,G,I,-4.045,1.302,5,2,G,2
139,G,K,0.1239,0.01612,3,2,G,2
139,G,L,-2.797,2.55,4,2,G,2
139,G,M,-2.74,1.07,7.5,2,G,2
139,G,N,-1.617,2.008,2.5,2,G,2
139,G,P,-3.244,0.2482,5,2,G,2
139,G,Q,0.06542,0.04027,6,2,G,2
139,G,R,-0.8438,0.1532,5.5,2,G,2
139,G,S,-0.3483,0.6983,9,2,G,2
139,G,T,-0.2451,0.4173,3.5,2,G,2
139,G,V,-3.913,0.9454,5.5,2,G,2
139,G,W,-2.757,1.227,2,2,G,2
139,G,Y,-0.1944,0.3712,3,2,G,2
140,V,-,-1.157,1.69,3,2,V,2
140,V,A,-0.1825,0.3252,7,2,V,2
140,V,C,-0.2308,0.511,4.5,2,V,2
140,V,D,-0.4226,0.08818,5,2,V,2
140,V,E,0.02023,0.008733,8.5,2,V,2
140,V,F,0.07017,0.01208,5,2,V,2
140,V,G,-0.371,0.04101,4,2,V,2
140,V,H,-0.09775,,2,1,V,2
140,V,I,-0.102,0.08188,6.5,2,V,2
140,V,K,-0.688,0.659,3,2,V,2
140,V,L,0.09728,0.03299,9,2,V,2
140,V,M,0.1422,0.01414,5.5,2,V,2
140,V,N,0.04832,0.1666,7,2,V,2
140,V,P,0.105,0.08596,2.5,2,V,2
140,V,Q,-0.0164,0.1663,5.5,2,V,2
140,V,R,-0.0509,0.2185,6.5,2,V,2
140,V,S,0.04593,0.1585,2,2,V,2
140,V,T,-0.1892,0.3249,4,2,V,2
140,V,V,0,0,,2,V,2
140,V,W,-0.1702,0.1052,4.5,2,V,2
140,V,Y,0.05542,0.1165,7.5,2,V,2
141,V,-,-0.02194,0.1624,3,2,V,2
141,V,A,-1.11,1.711,4.5,2,V,2
141,V,C,-0.6391,0.8314,8.5,2,V,2
141,V,D,-0.3672,0.7171,4.5,2,V,2
141,V,E,-2.151,0.6541,5,2,V,2
141,V,F,0.1302,0.03818,5.5,2,V,2
141,V,G,0.03042,0.07858,4,2,V,2
141,V,H,-0.1253,0.284,3.5,2,V,2
141,V,I,0.1223,0.05177,7.5,2,V,2
141,V,K,-0.2417,0.5182,6,2,V,2
141,V,L,0.1392,0.001909,6,2,V,2
141,V,M,0.1503,0.01612,9,2,V,2
141,V,N,-0.09265,0.3173,6.5,2,V,2
141,V,P,-4.177,0.1301,5.5,2,V,2
141,V,Q,-0.1388,,0.5,1,V,2
141,V,R,-0.6504,1.107,3.5,2,V,2
141,V,S,-0.1144,0.05376,4.5,2,V,2
141,V,T,0.1353,0.01824,7,2,V,2
141,V,V,0,0,,2,V,2
141,V,W,-0.1719,0.4387,5.5,2,V,2
141,V,Y,-0.1566,0.3801,3,2,V,2
142,V,-,-0.1689,0.02121,3,2,V,2
142,V,A,-1.314,0.1994,6,2,V,2
142,V,C,-0.1848,0.02298,7.5,2,V,2
142,V,D,0.1126,0.01768,5,2,V,2
142,V,E,-0.0464,0.2168,8,2,V,2
142,V,F,0.1364,0.002687,3.5,2,V,2
142,V,G,-3.237,0.8301,7,2,V,2
142,V,H,-0.6518,0.1099,7,2,V,2
142,V,I,-0.05925,0.01234,4,2,V,2
142,V,K,0.09625,0.09313,3,2,V,2
142,V,L,-0.0906,0.02617,9,2,V,2
142,V,M,-2.222,1.595,8,2,V,2
142,V,N,0.08982,0.1192,1.5,2,V,2
142,V,P,-0.0703,0.2953,4.5,2,V,2
142,V,Q,0.1482,0.01676,3,2,V,2
142,V,R,-0.0666,0.2937,2,2,V,2
142,V,S,-1.531,0.007778,7.5,2,V,2
142,V,T,-0.8035,0.8435,6.5,2,V,2
142,V,V,0,0,,2,V,2
142,V,W,-0.4718,0.2077,5.5,2,V,2
142,V,Y,-0.1535,0.4086,5.5,2,V,2
143,F,-,-2.603,3.284,4.5,2,F,2
143,F,A,-3.136,0.3528,5.5,2,F,2
143,F,C,-3.66,0.9518,5,2,F,2
143,F,D,-4.297,0.9581,3.5,2,F,2
143,F,E,-4.812,0.1308,4.5,2,F,2
143,F,F,0,0,,2,F,2
143,F,G,-4.948,0.0198,3,2,F,2
143,F,H,-0.5022,0.4681,4.5,2,F,2
143,F,I,-3.808,1.496,3.5,2,F,2
143,F,K,-4.941,0.07849,1.5,2,F,2
143,F,L,-0.4275,0.1151,16,2,F,2
143,F,M,-0.7889,0.2275,4.5,2,F,2
143,F,N,-3.545,1.926,5,2,F,2
143,F,P,-2.415,0.6845,6.5,2,F,2
143,F,Q,-4.589,0.2871,4,2,F,2
143,F,R,-4.897,0.07849,4,2,F,2
143,F,S,-4.859,0.0198,5,2,F,2
143,F,T,-2.205,0.4893,3,2,F,2
143,F,V,-2.731,0.2065,2.5,2,F,2
143,F,W,-0.6224,1.119,3.5,2,F,2
143,F,Y,-0.4818,0.7838,4.5,2,F,2
144,Y,*,-4.128,1.187,3,2,Y,2
144,Y,-,0.0187,0.1829,4.5,2,Y,2
144,Y,A,-4.144,0.9864,2,2,Y,2
144,Y,C,-3.949,0.1739,6.5,2,Y,2
144,Y,D,-4.21,1.121,4,2,Y,2
144,Y,E,-4.662,0.3613,3,2,Y,2
144,Y,F,0.143,0.007495,4,2,Y,2
144,Y,G,-1.904,0.676,5.5,2,Y,2
144,Y,H,-2.573,2.788,7.5,2,Y,2
144,Y,I,-4.187,0.5968,6.5,2,Y,2
144,Y,K,-2.671,1.876,7,2,Y,2
144,Y,L,-3.868,0.4568,7.5,2,Y,2
144,Y,M,-4.651,0.1004,6,2,Y,2
144,Y,N,-4.588,0.3967,6.5,2,Y,2
144,Y,P,-4.916,0.02121,5,2,Y,2
144,Y,Q,-4.745,0.3769,7,2,Y,2
144,Y,R,-2.551,0.3719,6,2,Y,2
144,Y,S,-0.4212,,0.5,1,Y,2
144,Y,T,-4.559,0.1909,8.5,2,Y,2
144,Y,V,-4.134,0.4978,6,2,Y,2
144,Y,W,-0.0596,0.3288,3.5,2,Y,2
144,Y,Y,0,0,,2,Y,2
145,C,*,-2.66,3.147,2,2,C,2
145,C,-,-0.6494,0.3746,4.5,2,C,2
145,C,A,-3.657,0.688,4,2,C,2
145,C,C,0,0,,2,C,2
145,C,D,-4.947,0.01909,5.5,2,C,2
145,C,E,-4.944,0.02828,3,2,C,2
145,C,F,-4.58,0.2885,6.5,2,C,2
145,C,G,-4.88,0.1754,5,2,C,2
145,C,H,-4.89,0.005657,4,2,C,2
145,C,I,-4.102,0.6463,4.5,2,C,2
145,C,K,-2.792,3.055,2,2,C,2
145,C,L,-4.558,0.4695,2.5,2,C,2
145,C,M,-3.39,0.3012,2.5,2,C,2
145,C,N,-4.915,0.02616,5,2,C,2
145,C,P,-4.904,0.04313,3.5,2,C,2
145,C,Q,-4.111,1.223,5,2,C,2
145,C,R,-4.938,0.03536,6,2,C,2
145,C,S,-3.019,2.529,5,2,C,2
145,C,T,-4.935,0.04243,1.5,2,C,2
145,C,V,-4.349,0.5784,3.5,2,C,2
145,C,W,-2.159,0.3493,4.5,2,C,2
145,C,Y,-4.955,0.07778,23.5,2,C,2
146,T,-,-1.396,1.705,4,2,T,2
146,T,A,-1.619,0.1237,12.5,2,T,2
146,T,C,-2.146,1.874,2,2,T,2
146,T,D,-1.812,1.819,5,2,T,2
146,T,E,-2.502,0.1435,2,2,T,2
146,T,F,-4.772,0.2913,7.5,2,T,2
146,T,G,-2.083,0.8139,4.5,2,T,2
146,T,H,-0.6574,0.5057,6.5,2,T,2
146,T,I,-3.263,0.06293,10,2,T,2
146,T,K,-0.03125,0.1569,7.5,2,T,2
146,T,L,-3.107,2.533,2.5,2,T,2
146,T,M,-2.429,0.2213,3.5,2,T,2
146,T,N,0.08749,0.05644,4.5,2,T,2
146,T,P,-0.3014,0.04207,8,2,T,2
146,T,Q,-0.9187,0.1248,6,2,T,2
146,T,R,-0.0337,0.1007,5,2,T,2
146,T,S,-0.806,1.239,2.5,2,T,2
146,T,T,0,0,,2,T,2
146,T,V,-3.218,1.784,5,2,T,2
146,T,W,-3.854,0.8012,4,2,T,2
146,T,Y,-4.31,0.7198,2.5,2,T,2
147,N,-,-0.211,0.02496,3,2,N,2
147,N,A,-4.843,,2,1,N,2
147,N,C,-1.378,1.682,4,2,N,2
147,N,D,-0.1447,0.2862,6.5,2,N,2
147,N,E,-0.7922,0.2642,4,2,N,2
147,N,F,-1.415,0.2171,3.5,2,N,2
147,N,G,-0.529,0.6346,6.5,2,N,2
147,N,H,-3.087,0.1039,5,2,N,2
147,N,I,-1.957,0.314,8.5,2,N,2
147,N,K,-1.812,0.763,9,2,N,2
147,N,L,-2.837,0.5303,7.5,2,N,2
147,N,M,-0.9014,0.8918,8.5,2,N,2
147,N,N,0,0,,2,N,2
147,N,P,-1.155,0.4907,6,2,N,2
147,N,Q,-0.7256,0.5324,6.5,2,N,2
147,N,R,-2.003,0.8061,2,2,N,2
147,N,S,-0.6638,0.1268,8,2,N,2
147,N,T,-1.069,0.7789,4.5,2,N,2
147,N,V,-1.892,0.227,6,2,N,2
147,N,W,-2.87,1.747,3.5,2,N,2
147,N,Y,-1.349,0.3246,7.5,2,N,2
148,N,-,-0.1096,0.005162,2.5,2,N,2
148,N,A,-2.76,1.294,9,2,N,2
148,N,C,-1.044,0.8057,8,2,N,2
148,N,D,0.1487,0.01676,3.5,2,N,2
148,N,E,-0.2985,0.6088,5,2,N,2
148,N,F,-0.2572,0.5405,7.5,2,N,2
148,N,G,-0.2177,0.1617,5,2,N,2
148,N,H,0.0547,0.05737,5.5,2,N,2
148,N,I,-1.272,0.1386,5.5,2,N,2
148,N,K,-1.235,0.6853,6,2,N,2
148,N,L,0.04927,0.1094,3,2,N,2
148,N,M,0.08141,0.09671,6.5,2,N,2
148,N,N,0,0,,2,N,2
148,N,P,-1.504,0.3041,6,2,N,2
148,N,Q,-0.3314,,1.5,1,N,2
148,N,R,-0.9614,1.118,6.5,2,N,2
148,N,S,-0.372,0.2005,7,2,N,2
148,N,T,-0.1443,0.1621,6.5,2,N,2
148,N,V,-1.28,0.8601,3.5,2,N,2
148,N,W,-1.925,0.9228,5.5,2,N,2
148,N,Y,-0.3146,0.4441,6,2,N,2
149,T,-,0.05971,0.04274,2.5,2,T,2
149,T,A,-0.1686,0.3082,7.5,2,T,2
149,T,C,-1.007,0.645,6,2,T,2
149,T,D,-1.97,0.1025,8,2,T,2
149,T,E,-1.97,0.7729,6,2,T,2
149,T,F,-0.1849,0.08287,8,2,T,2
149,T,G,-0.6863,0.8749,5.5,2,T,2
149,T,H,-0.1302,0.1879,4.5,2,T,2
149,T,I,-0.5826,0.8166,7.5,2,T,2
149,T,K,-1.171,1.382,6,2,T,2
149,T,L,-0.6264,0.1643,5,2,T,2
149,T,M,0.05924,0.03044,6,2,T,2
149,T,N,-1.22,0.6409,8.5,2,T,2
149,T,P,-0.26,0.5643,5,2,T,2
149,T,Q,-1.368,0.5049,6,2,T,2
149,T,R,-0.3065,0.2286,3,2,T,2
149,T,S,-0.358,0.0548,6,2,T,2
149,T,T,0,0,,2,T,2
149,T,V,-1.512,0.8418,3,2,T,2
149,T,W,-1.454,0.7415,3.5,2,T,2
149,T,Y,-0.3134,0.5624,4.5,2,T,2
150,L,-,-0.03485,0.01227,2.5,2,L,2
150,L,A,-2.417,3.613,3,2,L,2
150,L,C,0.1668,,1,1,L,2
150,L,D,0.1599,,2,1,L,2
150,L,E,0.08536,0.08222,5.5,2,L,2
150,L,F,-2.206,2.933,2,2,L,2
150,L,G,0.1412,0.04292,7.5,2,L,2
150,L,H,0.06602,0.04434,2.5,2,L,2
150,L,I,-0.3915,0.3166,3,2,L,2
150,L,K,-1.274,0.7264,1.5,2,L,2
150,L,L,0,0,,2,L,2
150,L,M,-0.1782,0.115,10.5,2,L,2
150,L,N,-0.4044,0.07418,1,2,L,2
150,L,P,-0.9943,1.65,5.5,2,L,2
150,L,Q,-0.1418,0.3819,5.5,2,L,2
150,L,R,-0.04025,0.2341,5.5,2,L,2
150,L,S,-0.08106,0.07501,2,2,L,2
150,L,T,-0.1972,0.3628,3.5,2,L,2
150,L,V,-0.3304,0.5152,5,2,L,2
150,L,W,-0.4715,0.6359,3.5,2,L,2
150,L,Y,-0.02705,0.2368,2.5,2,L,2
151,V,-,-0.04068,0.03054,2.5,2,V,2
151,V,A,0.1266,0.009758,7.5,2,V,2
151,V,C,-1.428,1.735,4.5,2,V,2
151,V,D,-0.7429,0.2429,3,2,V,2
151,V,E,-1.059,1.742,4.5,2,V,2
151,V,F,-0.3152,0.5462,5.5,2,V,2
151,V,G,0.1542,0.02213,6,2,V,2
151,V,H,0.07429,0.06747,6.5,2,V,2
151,V,I,-0.0833,0.2804,7.5,2,V,2
151,V,K,0.1143,0.05769,2,2,V,2
151,V,L,-0.126,0.3986,6.5,2,V,2
151,V,M,0.0495,0.1587,4,2,V,2
151,V,N,-1.433,1.512,1.5,2,V,2
151,V,P,-0.09618,0.1922,7.5,2,V,2
151,V,Q,-0.09,0.3173,5.5,2,V,2
151,V,R,0.07883,0.08354,2.5,2,V,2
151,V,S,-0.6639,0.3534,3.5,2,V,2
151,V,T,0.08823,0.07024,4.5,2,V,2
151,V,V,0,0,,2,V,2
151,V,W,-0.2689,0.581,6.5,2,V,2
151,V,Y,-0.6429,1.095,2,2,V,2
152,S,-,0.00736,0.03965,3,2,S,2
152,S,A,-0.0348,0.1939,3.5,2,S,2
152,S,C,-2.521,1.284,3.5,2,S,2
152,S,D,-0.7999,0.5318,4.5,2,S,2
152,S,E,-1.631,0.1633,6.5,2,S,2
152,S,F,-0.8708,1.426,6,2,S,2
152,S,G,-0.3936,0.08775,7,2,S,2
152,S,H,0.1406,0.002616,4.5,2,S,2
152,S,I,-0.3339,0.04151,6,2,S,2
152,S,K,-1.261,1.203,2,2,S,2
152,S,L,-0.7897,0.131,2,2,S,2
152,S,M,-0.1505,0.01195,7.5,2,S,2
152,S,N,-0.5633,1.031,5,2,S,2
152,S,P,-0.2109,0.3167,5.5,2,S,2
152,S,Q,-0.1005,0.299,4,2,S,2
152,S,R,0.02943,0.05998,6,2,S,2
152,S,S,0,0,,2,S,2
152,S,T,0.01781,0.1063,4,2,S,2
152,S,V,0.00389,0.08016,5.5,2,S,2
152,S,W,0.1478,0.01556,3.5,2,S,2
152,S,Y,-0.4803,0.007637,9.5,2,S,2
153,G,-,-0.12,0.3671,3,2,G,2
153,G,A,-0.284,,2,1,G,2
153,G,C,-1.408,0.7575,13.5,2,G,2
153,G,D,-0.3595,0.7198,10,2,G,2
153,G,E,-0.3823,0.2574,6.5,2,G,2
153,G,F,-0.2416,0.313,6,2,G,2
153,G,G,0,0,,2,G,2
153,G,H,-0.233,0.08634,4.5,2,G,2
153,G,I,-0.484,0.5655,5,2,G,2
153,G,K,0.1425,0.003748,4.5,2,G,2
153,G,L,-0.4742,0.2516,7.5,2,G,2
153,G,M,-0.0212,0.2741,5.5,2,G,2
153,G,N,-0.1663,0.34,2,2,G,2
153,G,P,-0.4404,0.04052,4.5,2,G,2
153,G,Q,-0.283,0.03811,4,2,G,2
153,G,R,0.09887,0.0368,5,2,G,2
153,G,S,-0.2299,0.361,7.5,2,G,2
153,G,T,-0.4508,0.03967,7.5,2,G,2
153,G,V,-0.5471,0.2804,13,2,G,2
153,G,W,-1.196,1.317,5.5,2,G,2
153,G,Y,-0.09886,0.1364,3,2,G,2
154,D,-,-0.05869,0.1891,3,2,D,2
154,D,A,-0.0171,0.2222,6.5,2,D,2
154,D,C,-0.3761,0.03514,3.5,2,D,2
154,D,D,0,0,,2,D,2
154,D,E,-0.0666,0.005346,5,2,D,2
154,D,F,-0.0946,0.3199,6,2,D,2
154,D,G,0.09699,0.1025,5,2,D,2
154,D,H,-0.1103,0.1353,6.5,2,D,2
154,D,I,0.1565,0.02277,8,2,D,2
154,D,K,-0.4875,0.8804,5,2,D,2
154,D,L,0.06177,0.1044,5,2,D,2
154,D,M,-0.0031,0.2275,5,2,D,2
154,D,N,-0.3704,0.4078,11.5,2,D,2
154,D,P,0.05553,0.1421,3,2,D,2
154,D,Q,-0.1075,0.07687,4,2,D,2
154,D,R,-1.118,0.6612,3,2,D,2
154,D,S,-0.3029,0.1755,2,2,D,2
154,D,T,-2.281,3.126,5.5,2,D,2
154,D,V,-0.6948,1.175,1,2,D,2
154,D,W,-0.4807,0.6835,2,2,D,2
154,D,Y,-0.5405,0.5253,12.5,2,D,2
155,A,-,-0.5092,0.6367,3,2,A,2
155,A,A,0,0,,2,A,2
155,A,C,-1.198,0.2758,4.5,2,A,2
155,A,D,-0.8639,0.8232,9.5,2,A,2
155,A,E,0.1431,0.007212,4,2,A,2
155,A,F,0.1404,0.04709,6.5,2,A,2
155,A,G,-0.1274,0.05059,5,2,A,2
155,A,H,-0.2842,0.09921,3,2,A,2
155,A,I,-0.5944,0.6174,5,2,A,2
155,A,K,-0.1928,0.3891,5,2,A,2
155,A,L,-0.08516,0.02932,3.5,2,A,2
155,A,M,-0.7059,1.167,5.5,2,A,2
155,A,N,-0.1266,0.3449,5.5,2,A,2
155,A,P,0.1064,0.0869,4.5,2,A,2
155,A,Q,-0.7334,0.5525,6,2,A,2
155,A,R,-0.9989,0.7624,5.5,2,A,2
155,A,S,-0.3285,0.1238,6,2,A,2
155,A,T,-0.6325,0.5465,9,2,A,2
155,A,V,-0.6163,0.6571,13,2,A,2
155,A,W,-0.03665,0.1974,3,2,A,2
155,A,Y,-0.05085,0.1049,7.5,2,A,2
156,H,-,0.004914,0.005457,3,2,H,2
156,H,A,-2.429,2.656,3.5,2,H,2
156,H,C,-0.8397,0.7967,7,2,H,2
156,H,D,0.01748,0.1593,6,2,H,2
156,H,E,-0.4954,0.2792,8,2,H,2
156,H,F,0.1517,0.03175,3.5,2,H,2
156,H,G,-0.2761,0.2899,2.5,2,H,2
156,H,H,0,0,,2,H,2
156,H,I,-0.4125,0.5948,5,2,H,2
156,H,K,-0.1338,0.3196,4,2,H,2
156,H,L,0.1532,0.02107,3,2,H,2
156,H,M,0.05495,0.0158,4,2,H,2
156,H,N,-0.0107,0.2118,11.5,2,H,2
156,H,P,-1.652,2.048,4,2,H,2
156,H,Q,0.1147,0.03647,5,2,H,2
156,H,R,-0.2549,0.4732,8.5,2,H,2
156,H,S,-0.2344,0.1418,1.5,2,H,2
156,H,T,-1.526,0.2086,5,2,H,2
156,H,V,-0.1806,0.4899,4.5,2,H,2
156,H,W,0.1236,0.0145,8,2,H,2
156,H,Y,-0.00425,0.1541,7.5,2,H,2
157,I,-,0.04741,0.09204,4,2,I,2
157,I,A,0.09045,0.09991,6.5,2,I,2
157,I,C,-0.9858,1.038,4,2,I,2
157,I,D,-1.343,0.8835,5.5,2,I,2
157,I,E,-0.5381,0.9064,2,2,I,2
157,I,F,-0.1598,0.1934,4.5,2,I,2
157,I,G,-1.013,0.5338,6,2,I,2
157,I,H,-1.749,1.316,3.5,2,I,2
157,I,I,0,0,,2,I,2
157,I,K,-0.5458,0.6155,2.5,2,I,2
157,I,L,0.09259,0.06705,3.5,2,I,2
157,I,M,-0.1662,0.1837,4.5,2,I,2
157,I,N,-1.174,1.845,3.5,2,I,2
157,I,P,-0.5415,0.2342,5.5,2,I,2
157,I,Q,-1.116,0.3659,6.5,2,I,2
157,I,R,-0.5508,0.7469,4.5,2,I,2
157,I,S,-1.527,0.2666,4,2,I,2
157,I,T,-0.8027,0.08549,8,2,I,2
157,I,V,-0.1885,0.4547,10,2,I,2
157,I,W,-0.2161,0.2939,6,2,I,2
157,I,Y,-1.035,0.2329,6.5,2,I,2
158,P,-,0.01467,0.007555,5,2,P,2
158,P,A,0.0031,0.1178,6,2,P,2
158,P,C,-2.982,0.1959,7.5,2,P,2
158,P,D,-0.501,0.4297,3,2,P,2
158,P,E,0.1117,0.01858,2.5,2,P,2
158,P,F,-0.6421,0.1332,3.5,2,P,2
158,P,G,-0.03835,0.2408,3,2,P,2
158,P,H,-0.5764,0.1693,9.5,2,P,2
158,P,I,-0.5607,0.2006,5,2,P,2
158,P,K,-0.00665,0.1836,5.5,2,P,2
158,P,L,-0.04985,0.04812,9.5,2,P,2
158,P,M,-0.789,0.6788,4,2,P,2
158,P,N,-0.4317,0.01336,11,2,P,2
158,P,P,0,0,,2,P,2
158,P,Q,-0.4172,0.1109,4,2,P,2
158,P,R,-0.2619,0.5296,6,2,P,2
158,P,S,-0.5297,0.5504,7.5,2,P,2
158,P,T,-0.1745,0.1027,7.5,2,P,2
158,P,V,-1.355,1.055,5.5,2,P,2
158,P,W,-0.5321,0.1992,6.5,2,P,2
158,P,Y,-0.2687,0.6183,4.5,2,P,2
159,F,-,-1.531,1.853,4.5,2,F,2
159,F,A,-0.00985,0.1838,3.5,2,F,2
159,F,C,-0.3151,0.397,2,2,F,2
159,F,D,-0.3929,0.4823,2.5,2,F,2
159,F,E,0.1022,0.03833,5,2,F,2
159,F,F,0,0,,2,F,2
159,F,G,-0.00484,0.03206,7,2,F,2
159,F,H,-0.4609,0.7441,4,2,F,2
159,F,I,-1.147,1.719,6,2,F,2
159,F,K,0.01815,0.2162,1.5,2,F,2
159,F,L,-0.07645,0.2891,8,2,F,2
159,F,M,-0.3675,0.4613,4,2,F,2
159,F,N,-0.02234,0.1558,5,2,F,2
159,F,P,0.1107,0.02343,6.5,2,F,2
159,F,Q,0.1209,,0.5,1,F,2
159,F,R,0.01656,0.01679,6,2,F,2
159,F,S,0.06764,0.09046,3.5,2,F,2
159,F,T,-0.0281,0.1308,4,2,F,2
159,F,V,-0.7322,0.9091,5,2,F,2
159,F,W,-0.492,0.2093,3,2,F,2
159,F,Y,0.02455,0.1812,6,2,F,2
160,G,-,-0.2996,0.4256,4,2,G,2
160,G,A,-2.24,0.8047,7,2,G,2
160,G,C,-4.957,0.01626,17.5,2,G,2
160,G,D,-0.2532,0.2505,10.5,2,G,2
160,G,E,-1.095,0.1131,8,2,G,2
160,G,F,-4.502,0.4285,4,2,G,2
160,G,G,0,0,,2,G,2
160,G,H,-3.429,2.23,2.5,2,G,2
160,G,I,-4.212,0.3578,4,2,G,2
160,G,K,-4.285,0.9779,2,2,G,2
160,G,L,-3.851,0.2249,5.5,2,G,2
160,G,M,-3.868,1.451,2.5,2,G,2
160,G,N,-0.5104,0.1817,5,2,G,2
160,G,P,-0.05445,0.298,4.5,2,G,2
160,G,Q,-2.466,0.3939,8.5,2,G,2
160,G,R,-4.777,0.2864,8.5,2,G,2
160,G,S,-1.425,0.1973,11,2,G,2
160,G,T,-3.247,0.6725,2.5,2,G,2
160,G,V,-3.649,1.085,7,2,G,2
160,G,W,-3.153,0.2758,4,2,G,2
160,G,Y,-3.976,0.3642,8,2,G,2
161,T,-,-0.131,0.007707,4.5,2,T,2
161,T,A,-0.0033,0.2469,7,2,T,2
161,T,C,-1.058,0.1855,4.5,2,T,2
161,T,D,0.1413,0.008485,5,2,T,2
161,T,E,-0.9999,1.611,3,2,T,2
161,T,F,-0.06712,0.1275,11.5,2,T,2
161,T,G,-0.6218,0.2666,3.5,2,T,2
161,T,H,0.03095,0.1934,4,2,T,2
161,T,I,-0.0105,0.2113,10.5,2,T,2
161,T,K,-1.025,1.155,5.5,2,T,2
161,T,L,0.05388,0.1197,3.5,2,T,2
161,T,M,-0.295,0.4593,7,2,T,2
161,T,N,-0.06214,0.1626,9,2,T,2
161,T,P,0.05339,0.1191,7,2,T,2
161,T,Q,-0.5748,0.1088,8,2,T,2
161,T,R,0.1076,0.08527,3.5,2,T,2
161,T,S,-0.3307,0.4604,8,2,T,2
161,T,T,0,0,,2,T,2
161,T,V,-0.8508,0.7103,4.5,2,T,2
161,T,W,-0.4787,0.2652,5.5,2,T,2
161,T,Y,0.0604,0.03478,4.5,2,T,2
162,V,-,0.04557,0.02336,4,2,V,2
162,V,A,0.03735,0.0968,4.5,2,V,2
162,V,C,-0.4788,0.3324,5.5,2,V,2
162,V,D,-0.0425,0.2553,5.5,2,V,2
162,V,E,0.1205,0.02128,3.5,2,V,2
162,V,F,0.04196,0.1273,5,2,V,2
162,V,G,-0.2554,0.5163,7,2,V,2
162,V,H,-0.1948,0.425,3,2,V,2
162,V,I,-0.1597,0.01442,4,2,V,2
162,V,K,0.04604,0.1111,5.5,2,V,2
162,V,L,-0.3726,0.5176,12,2,V,2
162,V,M,0.06407,0.08432,13.5,2,V,2
162,V,N,-0.2912,0.6313,4.5,2,V,2
162,V,P,-0.3001,0.5976,2,2,V,2
162,V,Q,0.0628,0.06633,3,2,V,2
162,V,R,-0.5101,0.02227,5,2,V,2
162,V,S,0.0107,0.1833,6,2,V,2
162,V,T,-0.2722,0.5749,4,2,V,2
162,V,V,0,0,,2,V,2
162,V,W,-0.3584,0.7017,5,2,V,2
162,V,Y,-0.1144,0.3455,3.5,2,V,2
163,L,-,-0.0353,0.1039,4.5,2,L,2
163,L,A,-0.4057,0.02963,2,2,L,2
163,L,C,-0.1376,0.2498,4.5,2,L,2
163,L,D,-1.205,0.8509,3.5,2,L,2
163,L,E,0.06799,0.1375,5.5,2,L,2
163,L,F,-0.2261,0.514,3.5,2,L,2
163,L,G,-0.06067,0.1195,5,2,L,2
163,L,H,0.1516,0.02899,4,2,L,2
163,L,I,0.1062,0.08594,4,2,L,2
163,L,K,-0.506,0.9037,4.5,2,L,2
163,L,L,0,0,,2,L,2
163,L,M,-0.6452,0.8468,8,2,L,2
163,L,N,-0.1226,0.3243,3,2,L,2
163,L,P,-0.6262,0.9939,3.5,2,L,2
163,L,Q,0.08359,0.07468,4,2,L,2
163,L,R,-0.2771,0.5692,2.5,2,L,2
163,L,S,0.1186,0.07241,2.5,2,L,2
163,L,T,-0.248,0.5838,6.5,2,L,2
163,L,V,-0.1664,0.08648,7,2,L,2
163,L,W,0.1007,0.04712,3.5,2,L,2
163,L,Y,-0.07725,0.3072,7.5,2,L,2
164,G,-,-0.3022,0.1339,4,2,G,2
164,G,A,-0.6197,0.8136,7,2,G,2
164,G,C,-0.9251,0.5839,18.5,2,G,2
164,G,D,-0.1779,0.1895,14.5,2,G,2
164,G,E,-0.498,0.5547,3.5,2,G,2
164,G,F,-0.01648,0.1197,7.5,2,G,2
164,G,G,0,0,,2,G,2
164,G,H,-0.02594,0.1753,5,2,G,2
164,G,I,-0.1021,0.3659,3,2,G,2
164,G,K,0.1112,,1.5,1,G,2
164,G,L,-0.9032,0.1835,4.5,2,G,2
164,G,M,-0.2601,0.5711,3.5,2,G,2
164,G,N,-0.562,0.8882,7.5,2,G,2
164,G,P,-0.9262,1.487,6,2,G,2
164,G,Q,-0.3696,0.4459,6.5,2,G,2
164,G,R,-0.9011,1.036,5,2,G,2
164,G,S,-0.533,0.4183,12.5,2,G,2
164,G,T,-0.2779,0.2264,5.5,2,G,2
164,G,V,-0.7043,1.052,6.5,2,G,2
164,G,W,-0.3606,0.1336,7.5,2,G,2
164,G,Y,-0.5769,0.8402,5.5,2,G,2
165,N,-,0.04751,0.02513,4,2,N,2
165,N,A,0.1341,0.05304,6,2,N,2
165,N,C,-0.5524,0.6797,3.5,2,N,2
165,N,D,-0.8609,0.9406,3,2,N,2
165,N,E,-0.3009,0.3136,7.5,2,N,2
165,N,F,-0.1455,0.09547,8.5,2,N,2
165,N,G,-0.5422,0.9642,3,2,N,2
165,N,H,0.04612,0.06403,5,2,N,2
165,N,I,-0.2556,0.5568,2,2,N,2
165,N,K,-0.1414,0.3797,8,2,N,2
165,N,L,-0.3947,0.7098,6.5,2,N,2
165,N,M,0.1515,0.02475,6.5,2,N,2
165,N,N,0,0,,2,N,2
165,N,P,-0.2871,0.0799,3.5,2,N,2
165,N,Q,0.08117,0.01479,3,2,N,2
165,N,R,-0.2547,0.4705,4.5,2,N,2
165,N,S,-0.9558,,3.5,1,N,2
165,N,T,-0.03665,0.1382,5,2,N,2
165,N,V,-1.047,1.623,4.5,2,N,2
165,N,W,-0.2391,0.09588,7,2,N,2
165,N,Y,-0.5587,0.06215,6,2,N,2
166,F,-,-0.07825,0.2634,3.5,2,F,2
166,F,A,0.03368,0.1337,4,2,F,2
166,F,C,-0.9302,1.145,1.5,2,F,2
166,F,D,0.1401,0.01662,7,2,F,2
166,F,E,-0.5444,0.7575,6,2,F,2
166,F,F,0,0,,2,F,2
166,F,G,-1.68,1.601,1.5,2,F,2
166,F,H,0.1316,0.006435,4,2,F,2
166,F,I,-0.9338,0.6918,6,2,F,2
166,F,K,-0.2972,0.2938,5.5,2,F,2
166,F,L,-0.6618,0.7909,11,2,F,2
166,F,M,-2.961,2.846,4,2,F,2
166,F,N,0.04452,0.122,4.5,2,F,2
166,F,P,-0.845,1.041,4,2,F,2
166,F,Q,-0.5854,0.9187,5,2,F,2
166,F,R,-0.087,0.3304,2.5,2,F,2
166,F,S,0.1065,0.09568,8.5,2,F,2
166,F,T,0.1552,0.02461,4,2,F,2
166,F,V,-0.7443,,3.5,1,F,2
166,F,W,0.00955,0.2126,2,2,F,2
166,F,Y,0.08719,0.07143,5,2,F,2
167,Y,*,-0.7577,,0.5,1,Y,2
167,Y,-,-0.09448,0.1095,3.5,2,Y,2
167,Y,A,-0.6569,0.7058,4,2,Y,2
167,Y,C,-1.132,1.807,5.5,2,Y,2
167,Y,D,-0.5173,0.3969,6,2,Y,2
167,Y,E,-1.153,0.394,3.5,2,Y,2
167,Y,F,-0.1359,0.02489,2.5,2,Y,2
167,Y,G,-0.203,0.13,4,2,Y,2
167,Y,H,0.01505,0.2234,4,2,Y,2
167,Y,I,-1.642,0.2609,7.5,2,Y,2
167,Y,K,-1.579,0.1252,6,2,Y,2
167,Y,L,-1.042,0.2591,3,2,Y,2
167,Y,M,-0.6313,0.2462,4.5,2,Y,2
167,Y,N,-0.5381,0.077,3.5,2,Y,2
167,Y,P,-1.086,0.7315,8,2,Y,2
167,Y,Q,-1.64,0.06435,2.5,2,Y,2
167,Y,R,-1.971,0.5968,4.5,2,Y,2
167,Y,S,-3.496,0.5812,3.5,2,Y,2
167,Y,T,-2.7,0.05586,7,2,Y,2
167,Y,V,-1.378,0.1768,7.5,2,Y,2
167,Y,W,-0.5332,0.624,2,2,Y,2
167,Y,Y,0,0,,2,Y,2
168,C,*,-4.932,,1.5,1,C,2
168,C,-,-0.1066,0.194,3,2,C,2
168,C,A,-0.9526,0.6003,6.5,2,C,2
168,C,C,0,0,,2,C,2
168,C,D,-4.55,0.5282,6.5,2,C,2
168,C,E,-4.842,0.02546,2.5,2,C,2
168,C,F,-4.941,0.01485,13,2,C,2
168,C,H,-3.006,2.005,5,2,C,2
168,C,I,-4.851,0.09546,6.5,2,C,2
168,C,K,-4.133,1.115,4.5,2,C,2
168,C,L,-4.646,0.3026,3.5,2,C,2
168,C,M,0.1455,0.01598,2,2,C,2
168,C,N,-3.745,0.123,4.5,2,C,2
168,C,P,-4.797,0.1711,4,2,C,2
168,C,Q,-3.777,0.3246,7.5,2,C,2
168,C,R,-4.969,0.05233,4.5,2,C,2
168,C,S,-2.323,1.777,3.5,2,C,2
168,C,T,-4.35,0.6604,5,2,C,2
168,C,V,-4.869,0.04525,5.5,2,C,2
168,C,W,-4.972,0.03465,6.5,2,C,2
168,C,Y,-4.721,0.3451,9.5,2,C,2
169,F,-,-0.3003,0.1762,5.5,2,F,2
169,F,A,-3.478,2.147,3,2,F,2
169,F,C,-2.664,0.06081,4.5,2,F,2
169,F,D,-4.847,0.1761,6,2,F,2
169,F,E,-4.458,0.5918,3,2,F,2
169,F,F,0,0,,2,F,2
169,F,G,-2.997,0.6208,7,2,F,2
169,F,H,-1.326,,2.5,1,F,2
169,F,I,-3.37,0.1018,6,2,F,2
169,F,K,-1.231,0.8544,4,2,F,2
169,F,L,-2.316,0.01061,16,2,F,2
169,F,M,-2.139,0.2171,5.5,2,F,2
169,F,N,-2.022,0.3161,6,2,F,2
169,F,P,-4.93,0.03677,5,2,F,2
169,F,Q,-3.402,0.4363,3.5,2,F,2
169,F,R,-1.629,0.6668,3,2,F,2
169,F,S,-0.8758,1.482,4.5,2,F,2
169,F,T,-4.643,0.5226,4.5,2,F,2
169,F,V,-3.817,1.372,4.5,2,F,2
169,F,W,-0.8054,0.3063,8,2,F,2
169,F,Y,-0.1271,0.333,5.5,2,F,2
170,V,-,-0.284,0.2429,4.5,2,V,2
170,V,A,-0.165,0.09965,10.5,2,V,2
170,V,C,-0.588,0.4566,5.5,2,V,2
170,V,D,-4.947,0.06647,5,2,V,2
170,V,E,-1.582,0.09899,5.5,2,V,2
170,V,F,-0.4216,0.07955,5.5,2,V,2
170,V,G,-1.441,0.3981,4,2,V,2
170,V,H,0.1271,0.05315,1.5,2,V,2
170,V,I,-0.07886,0.2024,4.5,2,V,2
170,V,K,-0.7664,0.01768,4,2,V,2
170,V,L,-2.609,0.4377,7.5,2,V,2
170,V,M,-0.3976,0.7131,8,2,V,2
170,V,N,0.01197,0.08835,7.5,2,V,2
170,V,P,-4.924,0.03111,4.5,2,V,2
170,V,Q,-0.8154,1.21,5,2,V,2
170,V,R,-0.7089,1.245,6.5,2,V,2
170,V,S,-0.1819,0.4422,4,2,V,2
170,V,T,0.1121,0.0869,8,2,V,2
170,V,V,0,0,,2,V,2
170,V,W,-2.215,0.4115,5.5,2,V,2
170,V,Y,-0.5652,0.8213,3.5,2,V,2
171,N,-,-0.2775,0.1374,4,2,N,2
171,N,A,-1.014,0.7485,4,2,N,2
171,N,C,-2.962,0.01273,6,2,N,2
171,N,D,-0.5537,0.2005,6,2,N,2
171,N,E,-1.16,0.5093,4,2,N,2
171,N,F,-3.185,1.045,3.5,2,N,2
171,N,G,-2.145,0.7608,3.5,2,N,2
171,N,H,-1.172,0.427,7,2,N,2
171,N,I,-4.119,0.2694,7.5,2,N,2
171,N,K,-0.8135,0.3812,5.5,2,N,2
171,N,L,-3.516,0.8825,2.5,2,N,2
171,N,M,-3.698,1.612,3,2,N,2
171,N,N,0,0,,2,N,2
171,N,P,-4.887,0.1047,6.5,2,N,2
171,N,Q,-1.524,0.6102,5.5,2,N,2
171,N,R,-0.0998,0.3673,5,2,N,2
171,N,S,-1.933,0.1407,6.5,2,N,2
171,N,T,-2.388,1.227,8,2,N,2
171,N,V,-3.071,0.7559,4,2,N,2
171,N,W,-4.478,0.5339,3.5,2,N,2
171,N,Y,-2.665,0.3288,5,2,N,2
172,T,-,-0.155,0.1245,4.5,2,T,2
172,T,A,-0.1358,0.1201,7.5,2,T,2
172,T,C,-2.904,0.4957,5.5,2,T,2
172,T,D,-0.02985,0.2539,6,2,T,2
172,T,E,0.1491,0.03267,6.5,2,T,2
172,T,F,-0.3304,0.1579,7.5,2,T,2
172,T,G,-0.2022,0.3435,4,2,T,2
172,T,H,-0.3343,0.4348,3.5,2,T,2
172,T,I,-0.4909,0.1131,7,2,T,2
172,T,K,-0.1172,0.4093,5.5,2,T,2
172,T,L,-0.2308,0.3514,3.5,2,T,2
172,T,M,-2.538,,1.5,1,T,2
172,T,N,0.1462,0.01648,4,2,T,2
172,T,P,-2.812,1.445,7.5,2,T,2
172,T,Q,0.1508,0.03125,6.5,2,T,2
172,T,R,0.04066,0.1603,5,2,T,2
172,T,S,-0.7457,0.5846,1,2,T,2
172,T,T,0,0,,2,T,2
172,T,V,-0.1611,0.2454,7.5,2,T,2
172,T,W,-1.442,0.4921,3,2,T,2
172,T,Y,-1.172,0.1838,3.5,2,T,2
173,T,-,-0.5106,0.8308,4.5,2,T,2
173,T,A,-0.4557,0.3448,9,2,T,2
173,T,C,-0.09146,0.2651,5.5,2,T,2
173,T,D,-1.184,0.7232,8,2,T,2
173,T,E,-0.7122,0.8836,3,2,T,2
173,T,F,-1.113,0.08556,7,2,T,2
173,T,G,-0.5682,0.1587,6.5,2,T,2
173,T,H,-0.8234,0.5921,6.5,2,T,2
173,T,I,-0.6721,0.3409,6.5,2,T,2
173,T,K,-0.3205,0.68,6.5,2,T,2
173,T,L,-1.545,0.07849,4.5,2,T,2
173,T,M,-1.031,0.9589,4.5,2,T,2
173,T,N,-1.806,0.2143,3,2,T,2
173,T,P,-0.278,0.4737,3,2,T,2
173,T,Q,-1.07,0.7613,3.5,2,T,2
173,T,R,-0.6394,0.2023,2.5,2,T,2
173,T,S,-0.3643,0.7127,4,2,T,2
173,T,T,0,0,,2,T,2
173,T,V,-0.7073,0.5483,9,2,T,2
173,T,W,-1.881,0.1386,7,2,T,2
173,T,Y,-2.976,1.416,7,2,T,2
174,I,-,-0.1821,0.03026,4,2,I,2
174,I,A,-0.4809,0.6819,2.5,2,I,2
174,I,C,-1.384,0.5762,6.5,2,I,2
174,I,D,0.145,0.01259,8.5,2,I,2
174,I,E,0.1154,0.0277,2,2,I,2
174,I,F,-1.073,1.594,6.5,2,I,2
174,I,G,-0.3321,0.2468,7,2,I,2
174,I,H,0.1511,0.0157,6,2,I,2
174,I,I,0,0,,2,I,2
174,I,K,-2.026,1.442,8.5,2,I,2
174,I,L,-0.1588,0.4133,7.5,2,I,2
174,I,M,0.1373,,2,1,I,2
174,I,N,-0.02493,0.1326,9,2,I,2
174,I,P,-0.3181,0.4533,5.5,2,I,2
174,I,Q,-0.5403,0.5052,2.5,2,I,2
174,I,R,-0.6297,0.02284,3.5,2,I,2
174,I,S,-2.176,2.681,4,2,I,2
174,I,T,-0.0607,0.3161,5.5,2,I,2
174,I,V,0.1357,0.003394,6,2,I,2
174,I,W,-0.0756,0.3516,6.5,2,I,2
174,I,Y,-0.4137,0.7802,3.5,2,I,2
175,G,*,-4.956,0.0792,7.5,2,G,2
175,G,-,-0.4913,0.5218,4,2,G,2
175,G,A,-0.0788,0.2543,8,2,G,2
175,G,C,-0.9184,1.231,6.5,2,G,2
175,G,D,0.1128,0.01848,7.5,2,G,2
175,G,E,0.1106,0.01682,25.5,2,G,2
175,G,F,-0.8353,0.3404,10.5,2,G,2
175,G,G,0,0,,2,G,2
175,G,H,-0.5166,0.2879,7,2,G,2
175,G,I,-0.09485,0.3801,3.5,2,G,2
175,G,K,-0.3822,0.2421,3.5,2,G,2
175,G,L,-0.0073,0.2536,8.5,2,G,2
175,G,M,-0.2292,0.4048,4.5,2,G,2
175,G,N,-2.743,2.742,3,2,G,2
175,G,P,-0.031,0.2041,3.5,2,G,2
175,G,Q,0.1548,0.02652,1.5,2,G,2
175,G,R,-0.3565,0.5236,18,2,G,2
175,G,S,-0.04765,0.2201,3.5,2,G,2
175,G,T,-0.4412,0.432,7,2,G,2
175,G,V,-0.0317,0.131,10,2,G,2
175,G,W,-1.136,1.704,2.5,2,G,2
175,G,Y,-0.3725,0.3219,4.5,2,G,2
176,N,-,-0.3181,0.1181,3.5,2,T,2
176,N,A,-0.5932,0.3741,4.5,2,T,2
176,N,C,-0.7406,0.4559,6.5,2,T,2
176,N,D,-0.03296,0.1573,12,2,T,2
176,N,E,-0.1288,0.07296,5.5,2,T,2
176,N,F,-0.07377,0.1809,7,2,T,2
176,N,G,-0.6215,,7.5,1,T,2
176,N,H,-0.06945,0.2749,6,2,T,2
176,N,I,-1.098,1.778,3,2,T,2
176,N,K,-1.293,0.5457,8,2,T,2
176,N,L,-0.158,0.2002,8.5,2,T,2
176,N,M,-0.113,0.3565,3,2,T,2
176,N,N,0,0,,2,T,2
176,N,P,0.05612,,0.5,1,T,2
176,N,Q,0.04094,0.06019,3.5,2,T,2
176,N,R,-1.289,0.14,4,2,T,2
176,N,S,-0.2313,0.4851,10,2,T,2
176,N,T,-0.07974,0.2428,3,2,T,2
176,N,V,-1.647,0.4476,4.5,2,T,2
176,N,W,-0.9479,0.3806,3.5,2,T,2
176,N,Y,0.1035,0.003111,4.5,2,T,2
177,E,*,-4.857,0.2051,5.5,2,E,2
177,E,-,-0.09577,0.01235,3.5,2,E,2
177,E,A,0.1472,0.01124,6.5,2,E,2
177,E,C,-0.8349,0.01294,7.5,2,E,2
177,E,D,0.006655,0.0841,17.5,2,E,2
177,E,E,0,0,,2,E,2
177,E,F,0.1045,0.04258,3.5,2,E,2
177,E,G,-0.08474,0.2586,6,2,E,2
177,E,H,-0.4041,0.5598,5,2,E,2
177,E,I,-0.2312,0.1885,5,2,E,2
177,E,K,-0.2264,0.01853,14.5,2,E,2
177,E,L,-0.5597,0.6269,4.5,2,E,2
177,E,M,-0.04465,0.27,5.5,2,E,2
177,E,N,-0.6135,0.01669,5.5,2,E,2
177,E,P,-0.6633,0.8694,7,2,E,2
177,E,Q,-0.02567,0.1642,4,2,E,2
177,E,R,-0.1961,0.2726,6.5,2,E,2
177,E,S,-0.0524,0.3124,3,2,E,2
177,E,T,-0.6046,0.2693,5.5,2,E,2
177,E,V,-0.7372,1.082,4.5,2,E,2
177,E,W,-0.3688,0.7135,4,2,E,2
177,E,Y,0.0206,0.1963,2.5,2,E,2
178,T,-,-0.2394,0.07531,3,2,T,2
178,T,A,-0.3074,0.02906,6,2,T,2
178,T,C,-1.077,0.6305,5,2,T,2
178,T,D,-0.3186,0.39,3,2,T,2
178,T,E,0.1084,0.05613,6,2,T,2
178,T,F,-0.04247,0.1163,6,2,T,2
178,T,G,-1.931,2.68,1.5,2,T,2
178,T,H,-0.3051,0.1512,6.5,2,T,2
178,T,I,-1.347,0.1789,12.5,2,T,2
178,T,K,-0.6422,0.4039,9.5,2,T,2
178,T,L,-1.94,0.3734,3,2,T,2
178,T,M,-0.7343,0.7166,6.5,2,T,2
178,T,N,-0.3043,0.6259,3,2,T,2
178,T,P,-0.6066,0.8548,3,2,T,2
178,T,Q,-0.8345,0.05035,8,2,T,2
178,T,R,-0.4186,0.05487,5,2,T,2
178,T,S,-0.55,0.8499,5.5,2,T,2
178,T,T,0,0,,2,T,2
178,T,V,-0.5166,0.8576,4.5,2,T,2
178,T,W,-1.234,0.4048,6.5,2,T,2
178,T,Y,-0.6555,0.9341,4,2,T,2
179,T,-,-0.1921,0.4356,3,2,T,2
179,T,A,-0.02115,0.2054,6.5,2,T,2
179,T,C,-1.676,0.169,3.5,2,T,2
179,T,D,-2.184,1.822,3,2,T,2
179,T,E,-1.01,1.552,2,2,T,2
179,T,F,-0.528,0.359,7,2,T,2
179,T,G,-0.1561,0.4082,6.5,2,T,2
179,T,H,0.1101,0.02515,6,2,T,2
179,T,I,-0.2898,0.01577,10.5,2,T,2
179,T,K,-0.0599,0.3256,6,2,T,2
179,T,L,-0.3917,0.428,2.5,2,T,2
179,T,M,-0.1755,0.1785,5,2,T,2
179,T,N,-2.519,3.354,3,2,T,2
179,T,P,-0.4765,0.08372,8,2,T,2
179,T,Q,0.1354,0.00396,6,2,T,2
179,T,R,-0.8699,0.6479,4,2,T,2
179,T,S,0.1016,0.05767,4,2,T,2
179,T,T,0,0,,2,T,2
179,T,V,-0.05223,0.02593,8,2,T,2
179,T,W,-0.1643,0.4292,6.5,2,T,2
179,T,Y,0.1547,0.0263,2,2,T,2
180,S,-,-0.1258,0.384,3,2,S,2
180,S,A,-0.02763,0.1658,2.5,2,S,2
180,S,C,-0.1742,,4,1,S,2
180,S,D,0.1302,0.01329,5.5,2,S,2
180,S,E,-0.7142,0.07778,5,2,S,2
180,S,F,-0.4647,0.4016,9.5,2,S,2
180,S,G,-0.7246,0.9524,2.5,2,S,2
180,S,H,-2.682,3.108,2,2,S,2
180,S,I,-0.022,0.05566,5,2,S,2
180,S,K,-0.0627,0.2561,4,2,S,2
180,S,L,-0.7558,0.508,4,2,S,2
180,S,M,-0.04591,0.1093,7.5,2,S,2
180,S,N,0.09205,0.06273,6,2,S,2
180,S,P,0.009025,0.06383,9,2,S,2
180,S,Q,0.07387,0.1345,4.5,2,S,2
180,S,R,0.1412,0.04299,4,2,S,2
180,S,S,0,0,,2,S,2
180,S,T,0.1332,0.01527,6.5,2,S,2
180,S,V,-0.4802,0.8016,6.5,2,S,2
180,S,W,0.1201,0.07391,6,2,S,2
180,S,Y,-0.3766,0.04681,10.5,2,S,2
181,A,-,-0.8089,0.6464,3,2,A,3
181,A,A,0,0,,2,A,3
181,A,C,-0.07825,0.3091,4.5,2,A,3
181,A,D,0.1508,0.02744,6.5,2,A,3
181,A,E,-0.3527,0.6736,3.5,2,A,3
181,A,F,-2.638,,1.5,1,A,3
181,A,G,-0.5948,1.027,4,2,A,3
181,A,H,0.126,0.01945,7.5,2,A,3
181,A,I,-0.5731,,3,1,A,3
181,A,K,-0.63,1.102,4,2,A,3
181,A,L,-0.1965,0.522,7.5,2,A,3
181,A,M,-0.375,0.223,4,2,A,3
181,A,N,0.1368,,1.5,1,A,3
181,A,P,-3.573,,1,1,A,3
181,A,Q,-0.1774,0.4421,2.5,2,A,3
181,A,R,-0.5124,0.2198,6,2,A,3
181,A,S,0.13,0.05703,8,2,A,3
181,A,T,0.08808,0.02152,9,2,A,3
181,A,V,-0.2595,0.1271,10,2,A,3
181,A,W,-0.9002,0.03691,8,2,A,3
181,A,Y,-0.9362,0.2756,4,2,A,3
182,F,A,-2.631,1.125,4,2,F,3
182,F,C,-1.603,1.176,5,2,F,3
182,F,D,-4.858,0.1952,6.5,2,F,3
182,F,E,-2.692,1.255,9,2,F,3
182,F,F,0,0,,2,F,3
182,F,G,-3.063,0.4547,6,2,F,3
182,F,H,-4.676,,1.5,1,F,3
182,F,I,-0.2974,,2.5,1,F,3
182,F,K,-2.022,1.026,1.5,2,F,3
182,F,L,-0.2127,0.1238,6,2,F,3
182,F,M,-0.2356,0.365,3.5,2,F,3
182,F,N,-3.077,0.08132,4,2,F,3
182,F,P,-2.546,0.5791,6,2,F,3
182,F,Q,-1.766,0.548,1,2,F,3
182,F,R,-2.4,1.356,2.5,2,F,3
182,F,S,-2.438,0.5614,5.5,2,F,3
182,F,T,-1.03,0.02828,2,2,F,3
182,F,V,-2.657,0.6251,3.5,2,F,3
182,F,W,-2.729,1.402,1.5,2,F,3
182,F,Y,-0.2961,0.3851,2.5,2,F,3
183,V,-,-0.8359,,0.5,1,V,3
183,V,A,0.03809,0.06256,6,2,V,3
183,V,C,-0.3189,0.6433,5.5,2,V,3
183,V,D,-3.899,1.324,2.5,2,V,3
183,V,E,-4.829,0.1945,3.5,2,V,3
183,V,F,-4.341,0.00495,7.5,2,V,3
183,V,G,0.1411,0.003889,3,2,V,3
183,V,H,-4.782,0.2086,2.5,2,V,3
183,V,I,-0.1129,0.1143,3,2,V,3
183,V,K,0.07941,0.08526,4.5,2,V,3
183,V,L,-0.1173,0.1008,9.5,2,V,3
183,V,M,-1.027,0.2087,7.5,2,V,3
183,V,N,-3.285,1.058,3,2,V,3
183,V,P,-2.426,0.4547,3,2,V,3
183,V,Q,-0.5449,0.9448,4.5,2,V,3
183,V,R,-1.744,0.9454,5.5,2,V,3
183,V,S,-0.9884,0.4605,5,2,V,3
183,V,T,-0.3809,0.2802,3,2,V,3
183,V,V,0,0,,2,V,3
183,V,W,-2.793,3.026,3,2,V,3
183,V,Y,-2.495,3.553,1.5,2,V,3
184,G,-,0.1481,,0.5,1,G,3
184,G,A,-4.143,0.9256,6,2,G,3
184,G,C,-0.6069,0.2182,8.5,2,G,3
184,G,D,-1.508,0.009192,9,2,G,3
184,G,E,-3.098,,1.5,1,G,3
184,G,F,-4.903,0.06223,3.5,2,G,3
184,G,G,0,0,,2,G,3
184,G,H,-2.156,0.09334,8.5,2,G,3
184,G,I,-4.83,0.05515,6,2,G,3
184,G,K,-2.643,1.824,5.5,2,G,3
184,G,L,-3.62,0.5254,2.5,2,G,3
184,G,M,-4.861,0.04738,8,2,G,3
184,G,N,-2.446,3.487,4.5,2,G,3
184,G,P,-3.651,0.6795,2,2,G,3
184,G,Q,-1.079,1.251,3.5,2,G,3
184,G,R,-2.107,1.034,10.5,2,G,3
184,G,S,-0.6818,0.3112,7,2,G,3
184,G,T,-0.1435,0.02008,4,2,G,3
184,G,V,-4.944,0.08273,7,2,G,3
184,G,W,-2.648,3.297,2,2,G,3
184,G,Y,-4.934,,1.5,1,G,3
185,A,-,-0.1327,,0.5,1,A,3
185,A,A,0,0,,2,A,3
185,A,C,0.1407,0.0116,3.5,2,A,3
185,A,D,-2.829,0.9376,6.5,2,A,3
185,A,E,-0.05485,0.12,2,2,A,3
185,A,F,0.1046,0.05095,7,2,A,3
185,A,G,-0.6185,0.3686,4.5,2,A,3
185,A,H,-0.6737,1.145,2.5,2,A,3
185,A,I,-0.1541,0.1978,6,2,A,3
185,A,K,-0.1362,0.2185,6.5,2,A,3
185,A,L,-0.03715,0.2269,5.5,2,A,3
185,A,M,0.1385,0.0239,4,2,A,3
185,A,N,0.03611,0.1826,5,2,A,3
185,A,P,-0.0649,,2,1,A,3
185,A,Q,0.08505,0.02694,4,2,A,3
185,A,R,-0.6925,0.985,4.5,2,A,3
185,A,S,-0.02184,0.1423,10,2,A,3
185,A,T,-0.4162,0.102,7,2,A,3
185,A,V,0.1316,0.01153,8,2,A,3
185,A,W,-0.815,1.377,4.5,2,A,3
185,A,Y,-0.484,0.1405,3.5,2,A,3
186,L,-,-0.1761,,1,1,L,3
186,L,A,0.1229,0.0215,4.5,2,L,3
186,L,C,-0.05965,0.3009,4,2,L,3
186,L,D,-1.573,0.2206,5.5,2,L,3
186,L,E,0.01317,0.1093,4.5,2,L,3
186,L,F,0.03694,0.1452,3,2,L,3
186,L,G,-1.907,0.9192,3,2,L,3
186,L,H,0.06423,0.06756,2.5,2,L,3
186,L,I,-0.4188,0.2722,5,2,L,3
186,L,K,0.002047,0.008057,6,2,L,3
186,L,L,0,0,,2,L,3
186,L,M,0.02782,0.1006,11.5,2,L,3
186,L,N,-0.9355,0.6074,7,2,L,3
186,L,P,0.1175,0.07877,4.5,2,L,3
186,L,Q,-0.6142,0.8963,5,2,L,3
186,L,R,-0.1334,0.379,4.5,2,L,3
186,L,S,-0.2915,0.6006,5.5,2,L,3
186,L,T,-0.4465,0.8265,2,2,L,3
186,L,V,-0.1065,0.3373,4.5,2,L,3
186,L,W,0.1102,0.04597,6,2,L,3
186,L,Y,0.0846,0.06563,5.5,2,L,3
187,P,-,-1.582,,1,1,P,3
187,P,A,-0.4456,0.1788,3.5,2,P,3
187,P,C,-3.197,0.4794,6,2,P,3
187,P,D,-0.5352,0.135,2.5,2,P,3
187,P,E,-0.2819,0.4553,4.5,2,P,3
187,P,F,-1.574,,2.5,1,P,3
187,P,G,-0.61,0.2075,3,2,P,3
187,P,H,-1.962,0.2192,9,2,P,3
187,P,I,-2.428,2.679,4.5,2,P,3
187,P,K,-4.112,0.355,5.5,2,P,3
187,P,L,-1.66,0.3422,4,2,P,3
187,P,M,-1.765,,3.5,1,P,3
187,P,N,-4.856,0.04384,6.5,2,P,3
187,P,P,0,0,,2,P,3
187,P,Q,-3.208,0.7106,1,2,P,3
187,P,R,-2.906,0.28,5,2,P,3
187,P,S,-0.2462,0.2966,4.5,2,P,3
187,P,T,-2.027,0.3302,3.5,2,P,3
187,P,V,-0.5214,0.03811,5.5,2,P,3
187,P,W,-2.254,0.3677,7.5,2,P,3
187,P,Y,-1.631,0.2058,4.5,2,P,3
188,K,-,-0.7191,0.8413,1,2,K,3
188,K,A,-1.077,1.623,2,2,K,3
188,K,C,0.1117,0.008344,4.5,2,K,3
188,K,D,-1.81,2.65,2,2,K,3
188,K,E,0.1198,0.02192,3.5,2,K,3
188,K,F,0.00655,0.1733,5.5,2,K,3
188,K,G,0.06517,0.09861,3.5,2,K,3
188,K,H,-0.04085,0.143,2,2,K,3
188,K,I,-0.119,0.3434,3,2,K,3
188,K,K,0,0,,2,K,3
188,K,L,-0.1566,0.2129,6,2,K,3
188,K,M,-0.07948,0.07201,3,2,K,3
188,K,N,0.02401,0.04311,12,2,K,3
188,K,P,0.1543,0.02793,6,2,K,3
188,K,Q,-0.1272,0.2616,2.5,2,K,3
188,K,R,-0.9111,1.529,3,2,K,3
188,K,S,0.1149,0.02286,4.5,2,K,3
188,K,T,0.02142,0.1632,4.5,2,K,3
188,K,V,0.04755,0.1783,1.5,2,K,3
188,K,W,0.1116,0.07928,2,2,K,3
188,K,Y,-0.3558,0.6699,3.5,2,K,3
189,T,-,-0.09693,0.246,1.5,2,T,3
189,T,A,-1.385,,2,1,T,3
189,T,C,-0.1732,0.1063,4.5,2,T,3
189,T,D,-0.1526,0.04837,5.5,2,T,3
189,T,E,-0.5155,0.705,1.5,2,T,3
189,T,F,0.05332,0.1643,4,2,T,3
189,T,G,-1.055,0.08471,4,2,T,3
189,T,H,-0.2129,0.4969,5,2,T,3
189,T,I,-0.09962,0.03292,5,2,T,3
189,T,K,-0.09065,0.3113,4.5,2,T,3
189,T,L,0.0999,0.05515,5.5,2,T,3
189,T,M,-0.02899,0.1703,5.5,2,T,3
189,T,N,-0.01033,0.06814,5.5,2,T,3
189,T,P,0.09595,0.01648,4.5,2,T,3
189,T,Q,-1.718,0.1718,1.5,2,T,3
189,T,R,-0.3026,0.5034,3,2,T,3
189,T,S,-2.357,3.579,5,2,T,3
189,T,T,0,0,,2,T,3
189,T,V,-1.129,0.657,3,2,T,3
189,T,W,-0.2013,0.02234,5,2,T,3
189,T,Y,-0.5565,0.5028,3,2,T,3
190,V,-,-1.418,,0.5,1,V,3
190,V,A,0.01992,0.1039,5.5,2,V,3
190,V,C,0.04037,0.05824,4.5,2,V,3
190,V,D,-0.04587,0.01378,4,2,V,3
190,V,E,-0.6171,0.1595,6,2,V,3
190,V,F,-1.415,0.09687,2,2,V,3
190,V,G,0.0836,0.1131,2,2,V,3
190,V,H,-0.9297,0.5662,5,2,V,3
190,V,I,-0.2839,0.4916,2.5,2,V,3
190,V,K,-0.6762,0.1586,4,2,V,3
190,V,L,-0.3639,0.5665,10.5,2,V,3
190,V,M,-0.448,0.6832,7.5,2,V,3
190,V,N,-0.0205,0.1974,1,2,V,3
190,V,P,-0.05998,0.05372,3.5,2,V,3
190,V,Q,-0.7841,0.01633,4,2,V,3
190,V,R,0.008,0.2157,1.5,2,V,3
190,V,S,-0.2916,0.5444,2.5,2,V,3
190,V,T,-0.2795,0.5749,2.5,2,V,3
190,V,V,0,0,,2,V,3
190,V,W,-0.2171,0.5012,4,2,V,3
190,V,Y,-0.2404,0.06965,4,2,V,3
191,R,-,0.08049,,0.5,1,R,3
191,R,A,-1.067,1.649,5,2,R,3
191,R,C,0.09537,0.04573,6,2,R,3
191,R,D,0.1386,0.01315,1,2,R,3
191,R,E,-0.238,0.05537,4,2,R,3
191,R,F,0.07462,0.07055,6.5,2,R,3
191,R,G,-0.01213,0.1482,3,2,R,3
191,R,H,0.04945,0.1054,2,2,R,3
191,R,I,-0.272,0.531,4.5,2,R,3
191,R,K,-1.293,2.01,2.5,2,R,3
191,R,L,-0.3094,0.3782,14.5,2,R,3
191,R,M,-0.4215,0.05424,5,2,R,3
191,R,N,0.112,0.05437,2,2,R,3
191,R,P,-2.756,2.065,4.5,2,R,3
191,R,Q,0.1281,0.04668,11.5,2,R,3
191,R,R,0,0,,2,R,3
191,R,S,0.1472,0.03493,2,2,R,3
191,R,T,0.1327,0.001414,5.5,2,R,3
191,R,V,0.03165,0.188,5.5,2,R,3
191,R,W,0.00245,0.08437,13,2,R,3
191,R,Y,-0.05338,0.04861,5,2,R,3
192,E,*,-4.918,0.09051,7.5,2,E,3
192,E,-,-0.4152,,0.5,1,E,3
192,E,A,-4.898,0.02404,4,2,E,3
192,E,C,-4.829,0.0997,4,2,E,3
192,E,D,-3.771,0.2758,6.5,2,E,3
192,E,E,0,0,,2,E,3
192,E,F,-4.893,0.009192,4,2,E,3
192,E,G,-4.906,0.01556,7,2,E,3
192,E,H,-4.849,,1,1,E,3
192,E,I,-2.496,3.01,2,2,E,3
192,E,K,-4.968,0.04738,20.5,2,E,3
192,E,L,-4.861,0.009192,2,2,E,3
192,E,M,-4.921,0.1103,2.5,2,E,3
192,E,N,-4.935,0.04243,7.5,2,E,3
192,E,P,-4.953,0.07566,8.5,2,E,3
192,E,Q,-2.821,3.083,2.5,2,E,3
192,E,R,-4.972,0.01061,11,2,E,3
192,E,S,-4.889,0.01556,4.5,2,E,3
192,E,T,-2.507,3.451,1,2,E,3
192,E,V,-4.977,0.03111,7,2,E,3
192,E,W,-4.089,1.151,1.5,2,E,3
192,E,Y,-4.952,0.009192,6.5,2,E,3
193,F,-,-0.09137,,0.5,1,F,3
193,F,A,-0.02784,0.164,1,2,F,3
193,F,C,-0.2989,0.3665,8.5,2,F,3
193,F,D,-4.899,0.05728,7.5,2,F,3
193,F,E,-4.848,,0.5,1,F,3
193,F,F,0,0,,2,F,3
193,F,G,-0.382,0.1841,3,2,F,3
193,F,H,-0.7338,0.3878,5,2,F,3
193,F,I,-2.502,3.501,3.5,2,F,3
193,F,K,-4.932,0.05091,4,2,F,3
193,F,L,-0.2146,0.525,9.5,2,F,3
193,F,M,0.1192,0.01959,2.5,2,F,3
193,F,N,-3.567,0.3217,2.5,2,F,3
193,F,P,-4.91,0.01697,3,2,F,3
193,F,Q,-2.456,1.718,3,2,F,3
193,F,R,-4.899,0.01485,3.5,2,F,3
193,F,S,-1.656,0.0693,11.5,2,F,3
193,F,T,-0.2109,0.4789,2.5,2,F,3
193,F,V,-0.3842,0.629,5,2,F,3
193,F,W,-0.3044,0.6002,2,2,F,3
193,F,Y,-0.3202,0.5158,4.5,2,F,3
194,V,-,0.03495,,0.5,1,V,3
194,V,A,-0.1996,0.5252,5,2,V,3
194,V,C,-0.4189,0.5913,5,2,V,3
194,V,D,-3.439,2.019,3,2,V,3
194,V,E,-4.904,0.02758,4.5,2,V,3
194,V,F,-4.863,0.03748,5,2,V,3
194,V,G,-1.112,0.02687,4,2,V,3
194,V,H,-4.905,0.007778,2.5,2,V,3
194,V,I,-1.401,1.074,3,2,V,3
194,V,K,-4.956,0.0792,3.5,2,V,3
194,V,L,-1.758,0.1697,9.5,2,V,3
194,V,M,-3.6,1.105,12,2,V,3
194,V,N,-4.837,0.04667,7.5,2,V,3
194,V,P,-4.879,0.03111,5,2,V,3
194,V,Q,-1.796,0.6576,6,2,V,3
194,V,R,-4.83,0.08061,2,2,V,3
194,V,S,-0.3724,0.1598,5.5,2,V,3
194,V,T,-0.7081,,2.5,1,V,3
194,V,V,0,0,,2,V,3
194,V,W,-4.901,0.02404,5,2,V,3
194,V,Y,-4.925,0.02899,5,2,V,3
195,I,-,-0.6378,,2,1,I,3
195,I,A,-0.7688,0.6833,3.5,2,I,3
195,I,C,0.01341,0.1342,5.5,2,I,3
195,I,D,-4.919,0.04596,3,2,I,3
195,I,E,-4.94,0.05515,4,2,I,3
195,I,F,0.1172,0.02587,7.5,2,I,3
195,I,G,-4.412,0.2546,1.5,2,I,3
195,I,H,-4.596,0.3465,2.5,2,I,3
195,I,I,0,0,,2,I,3
195,I,K,-4.909,0.01273,5,2,I,3
195,I,L,-0.7129,0.4258,9,2,I,3
195,I,M,-0.7279,0.7497,3,2,I,3
195,I,N,-4.443,0.7524,6.5,2,I,3
195,I,P,-4.755,0.1336,3,2,I,3
195,I,Q,-3.943,0.3932,4,2,I,3
195,I,R,-4.947,0.003536,4,2,I,3
195,I,S,-1.533,0.2645,2,2,I,3
195,I,T,-0.072,0.2758,4,2,I,3
195,I,V,-0.2056,0.5238,4.5,2,I,3
195,I,W,-2.018,1.012,3.5,2,I,3
195,I,Y,-3.442,0.9949,4.5,2,I,3
196,S,-,-2.952,0.7644,3,2,S,3
196,S,A,0.1436,0.007566,1.5,2,S,3
196,S,C,-1.003,1.283,8.5,2,S,3
196,S,D,-0.01808,0.1277,4,2,S,3
196,S,E,-0.1142,0.4047,2,2,S,3
196,S,F,-0.4727,0.849,7.5,2,S,3
196,S,G,-0.8169,1.025,8.5,2,S,3
196,S,H,-0.4633,,2,1,S,3
196,S,I,-1.262,0.08485,13,2,S,3
196,S,K,-1.341,0.8786,3,2,S,3
196,S,L,-1.25,1.312,3.5,2,S,3
196,S,M,0.05727,0.07118,3,2,S,3
196,S,N,-4.941,0.07566,9.5,2,S,3
196,S,P,-4.815,0.1739,7,2,S,3
196,S,Q,-0.8637,1.426,2.5,2,S,3
196,S,R,-1.349,0.7026,8.5,2,S,3
196,S,S,0,0,,2,S,3
196,S,T,-0.1613,0.2866,3.5,2,S,3
196,S,V,-0.8437,0.1614,4.5,2,S,3
196,S,W,-4.427,0.4695,9,2,S,3
196,S,Y,-0.08579,0.1805,6.5,2,S,3
197,R,-,-2.51,3.498,2.5,2,R,3
197,R,A,0.1015,0.09884,4,2,R,3
197,R,C,-0.9744,0.4181,5,2,R,3
197,R,D,-0.249,0.5358,3,2,R,3
197,R,E,-0.1108,0.08514,6,2,R,3
197,R,F,-0.9153,0.496,7.5,2,R,3
197,R,G,0.1324,0.003748,6,2,R,3
197,R,H,0.04396,0.1256,3.5,2,R,3
197,R,I,-0.5025,0.611,29,2,R,3
197,R,K,-0.3986,0.06901,15,2,R,3
197,R,L,-0.5432,0.1527,4.5,2,R,3
197,R,M,-0.7286,0.2104,8,2,R,3
197,R,N,0.09509,0.04018,4.5,2,R,3
197,R,P,-1.897,0.3203,4,2,R,3
197,R,Q,-1.265,0.8073,4,2,R,3
197,R,R,0,0,,2,R,3
197,R,S,-0.2253,0.1785,5.5,2,R,3
197,R,T,-0.3276,0.1011,2,2,R,3
197,R,V,0.1504,,0.5,1,R,3
197,R,W,-0.4725,0.4091,5.5,2,R,3
197,R,Y,-0.3085,0.3164,5.5,2,R,3
198,T,*,-0.08782,,0.5,1,T,3
198,T,-,-0.03278,,2,1,T,3
198,T,A,-0.7708,0.9705,4,2,T,3
198,T,C,-1.133,0.6495,1.5,2,T,3
198,T,D,-1.417,1.384,8.5,2,T,3
198,T,E,0.06671,0.1017,6,2,T,3
198,T,F,-0.4116,0.7724,2.5,2,T,3
198,T,G,-1.049,1.265,2.5,2,T,3
198,T,H,-0.9354,1.518,4,2,T,3
198,T,I,-0.0547,0.3148,9.5,2,T,3
198,T,K,0.003215,0.1082,7.5,2,T,3
198,T,L,-0.5453,0.3661,3.5,2,T,3
198,T,M,-0.2886,0.5562,3.5,2,T,3
198,T,N,-0.0005811,,0.5,1,T,3
198,T,P,-1.301,,1.5,1,T,3
198,T,Q,0.0122,0.18,3.5,2,T,3
198,T,R,-0.07662,0.1207,2,2,T,3
198,T,S,-0.5994,0.9582,3.5,2,T,3
198,T,T,0,0,,2,T,3
198,T,V,-0.0926,0.3758,3.5,2,T,3
198,T,W,-0.3595,0.3823,3.5,2,T,3
198,T,Y,-0.5667,0.89,6,2,T,3
199,G,*,-4.76,0.1351,8,2,G,3
199,G,-,-0.253,,2,1,G,3
199,G,A,-4.777,0.1464,6.5,2,G,3
199,G,C,-4.921,0.05162,4.5,2,G,3
199,G,D,-4.934,0.04384,5.5,2,G,3
199,G,E,-4.923,0.04313,6.5,2,G,3
199,G,F,-4.851,0.1308,3.5,2,G,3
199,G,G,0,0,,2,G,3
199,G,H,-4.886,0.03889,2.5,2,G,3
199,G,I,-4.887,0.008485,2.5,2,G,3
199,G,K,-4.921,0.03182,4.5,2,G,3
199,G,L,-4.898,0.01838,2.5,2,G,3
199,G,M,-4.91,0.01273,3.5,2,G,3
199,G,N,-4.922,0.01202,5,2,G,3
199,G,P,-4.549,0.4228,2,2,G,3
199,G,Q,-4.804,0.2065,5,2,G,3
199,G,R,-4.912,0.1308,4.5,2,G,3
199,G,S,-4.896,0.04667,3,2,G,3
199,G,T,-4.923,0.04031,5.5,2,G,3
199,G,V,-4.9,0.08061,18.5,2,G,3
199,G,W,-4.885,0.01909,2,2,G,3
199,G,Y,-4.934,0.0601,4.5,2,G,3
200,H,-,0.07575,,1.5,1,H,3
200,H,A,0.04544,0.02845,6.5,2,H,3
200,H,C,-0.2004,0.4212,2.5,2,H,3
200,H,D,-0.435,0.05317,5.5,2,H,3
200,H,E,-0.9328,0.2435,6.5,2,H,3
200,H,F,-0.2295,0.4136,5,2,H,3
200,H,G,0.04726,0.005629,4,2,H,3
200,H,H,0,0,,2,H,3
200,H,I,-0.2421,0.3372,4,2,H,3
200,H,K,-0.3207,0.06831,3.5,2,H,3
200,H,L,0.05555,0.01262,8.5,2,H,3
200,H,M,0.1235,0.02072,2,2,H,3
200,H,N,-0.8514,0.3996,7,2,H,3
200,H,P,-0.5335,0.9864,5,2,H,3
200,H,Q,0.1534,0.0198,3.5,2,H,3
200,H,R,-0.505,0.6432,4.5,2,H,3
200,H,S,0.1336,0.009617,4.5,2,H,3
200,H,T,-0.2873,0.3653,2.5,2,H,3
200,H,V,-0.1235,0.3662,4,2,H,3
200,H,W,-0.8273,0.281,5,2,H,3
200,H,Y,-1.428,1.034,4.5,2,H,3
201,F,-,0.05271,,1.5,1,F,3
201,F,A,0.1161,0.03569,5,2,F,3
201,F,C,0.1305,0.01054,4,2,F,3
201,F,D,-4.716,0.08697,4,2,F,3
201,F,E,-4.704,0.03041,6.5,2,F,3
201,F,F,0,0,,2,F,3
201,F,G,-0.4187,0.4818,4,2,F,3
201,F,H,-3.719,,2,1,F,3
201,F,I,0.09921,0.05076,5,2,F,3
201,F,K,-4.907,0.03182,3.5,2,F,3
201,F,L,0.09589,0.04809,4,2,F,3
201,F,M,-0.0859,0.3106,1.5,2,F,3
201,F,N,-4.923,0.07354,3,2,F,3
201,F,P,-4.892,0.05233,6,2,F,3
201,F,Q,-4.252,0.7715,2,2,F,3
201,F,R,-4.909,0.01202,5,2,F,3
201,F,S,-0.5696,0.5581,5.5,2,F,3
201,F,T,-0.3465,0.7284,4,2,F,3
201,F,V,0.1248,0.06138,4.5,2,F,3
201,F,W,0.073,,1.5,1,F,3
201,F,Y,-1.588,2.174,1.5,2,F,3
202,Y,*,-4.305,,0.5,1,Y,3
202,Y,-,-0.09392,,1.5,1,Y,3
202,Y,A,-3.866,0.9666,6.5,2,Y,3
202,Y,C,-4.781,0.1952,6.5,2,Y,3
202,Y,D,-4.947,0.0891,3.5,2,Y,3
202,Y,E,-4.553,0.3076,7,2,Y,3
202,Y,F,-0.3441,0.7251,3,2,Y,3
202,Y,G,-4.705,0.3783,4.5,2,Y,3
202,Y,H,-1.092,1.485,4,2,Y,3
202,Y,I,-1.794,1.421,3.5,2,Y,3
202,Y,K,-4.827,0.02828,6,2,Y,3
202,Y,L,-4.94,0.01909,3,2,Y,3
202,Y,M,-1.938,0.8535,3,2,Y,3
202,Y,N,-4.028,0.502,2.5,2,Y,3
202,Y,P,-4.829,0.2298,8.5,2,Y,3
202,Y,Q,-4.879,0.01131,4,2,Y,3
202,Y,R,-4.426,0.6781,5,2,Y,3
202,Y,S,-1.615,0.3571,7,2,Y,3
202,Y,T,-4.285,0.4568,4,2,Y,3
202,Y,V,-4.24,0.9306,2.5,2,Y,3
202,Y,W,-0.3223,0.05006,2,2,Y,3
202,Y,Y,0,0,,2,Y,3
203,I,-,-0.01896,,2,1,I,3
203,I,A,0.1502,0.01952,5.5,2,I,3
203,I,C,-0.02405,0.1945,7,2,I,3
203,I,D,-4.938,0.03182,3.5,2,I,3
203,I,E,-4.972,,0.5,1,I,3
203,I,F,0.003395,0.09435,4.5,2,I,3
203,I,G,-0.9868,0.2605,5,2,I,3
203,I,H,-4.524,0.4575,4.5,2,I,3
203,I,I,0,0,,2,I,3
203,I,K,-4.961,0.07142,4,2,I,3
203,I,L,0.138,,2,1,I,3
203,I,M,-0.0688,0.3435,5,2,I,3
203,I,N,-4.837,0.09899,3.5,2,I,3
203,I,P,-4.963,0.01061,3,2,I,3
203,I,Q,-4.505,0.5515,3,2,I,3
203,I,R,-4.837,0.1563,4,2,I,3
203,I,S,-1.501,0.5713,3.5,2,I,3
203,I,T,-1.482,,4,1,I,3
203,I,V,-0.254,0.5991,3.5,2,I,3
203,I,W,-0.5572,0.4614,5.5,2,I,3
203,I,Y,-1.627,0.9221,3,2,I,3
204,N,-,-0.00818,0.04565,2.5,2,N,3
204,N,A,-4.635,0.256,6,2,N,3
204,N,C,-4.89,0.07495,4,2,N,3
204,N,D,-0.02705,0.2224,7,2,N,3
204,N,E,-0.2294,0.128,3.5,2,N,3
204,N,F,-4.731,0.1838,6.5,2,N,3
204,N,G,-2.175,0.2708,4.5,2,N,3
204,N,H,-2.851,0.49,4,2,N,3
204,N,I,-4.857,0.06435,6,2,N,3
204,N,K,-4.942,0.07071,4,2,N,3
204,N,L,-4.881,0.009899,4,2,N,3
204,N,M,-4.615,0.1994,4.5,2,N,3
204,N,N,0,0,,2,N,3
204,N,P,-4.939,0.008485,3.5,2,N,3
204,N,Q,-1.163,0.6802,3.5,2,N,3
204,N,R,-4.848,0.1089,4.5,2,N,3
204,N,S,-1.465,0.0502,5.5,2,N,3
204,N,T,-4.593,0.5006,3.5,2,N,3
204,N,V,-4.566,0.5091,1.5,2,N,3
204,N,W,-4.921,0.1237,4,2,N,3
204,N,Y,-4.928,0.1153,2.5,2,N,3
205,G,-,-0.09791,0.125,2.5,2,G,3
205,G,A,-0.8534,0.247,9.5,2,G,3
205,G,C,-4.918,0.03041,7,2,G,3
205,G,D,-4.903,0.1435,12,2,G,3
205,G,E,-4.806,0.1223,3,2,G,3
205,G,F,-4.934,0.01697,2.5,2,G,3
205,G,G,0,0,,2,G,3
205,G,H,-4.962,0.02333,2,2,G,3
205,G,I,-4.941,0.01485,4,2,G,3
205,G,K,-4.937,0.0601,1.5,2,G,3
205,G,L,-4.775,0.1464,5.5,2,G,3
205,G,M,-4.912,0.03677,3.5,2,G,3
205,G,N,-4.899,0.01697,4.5,2,G,3
205,G,P,-4.886,0.06718,2.5,2,G,3
205,G,Q,-4.867,0.1237,3.5,2,G,3
205,G,R,-4.928,0.03818,3.5,2,G,3
205,G,S,-3.125,0.3896,6,2,G,3
205,G,T,-4.935,0.01202,5.5,2,G,3
205,G,V,-4.665,0.09405,7,2,G,3
205,G,W,-4.897,0.06788,2.5,2,G,3
205,G,Y,-4.816,0.1732,5,2,G,3
206,Y,*,-0.8383,0.9698,2,2,Y,3
206,Y,-,0.0235,0.009171,3,2,Y,3
206,Y,A,-0.03141,0.1595,3.5,2,Y,3
206,Y,C,-2.654,0.1662,7,2,Y,3
206,Y,D,-3.42,0.5621,5.5,2,Y,3
206,Y,E,-4.608,0.2058,7,2,Y,3
206,Y,F,-0.08125,0.2493,3.5,2,Y,3
206,Y,G,-0.5472,0.2253,1.5,2,Y,3
206,Y,H,-1.004,1.157,3,2,Y,3
206,Y,I,-2.308,0.8075,1.5,2,Y,3
206,Y,K,-3.664,1.068,4,2,Y,3
206,Y,L,-4.562,0.42,5.5,2,Y,3
206,Y,M,-2.551,1.477,3.5,2,Y,3
206,Y,N,-1.304,0.4066,7,2,Y,3
206,Y,P,-2.848,0.7771,10,2,Y,3
206,Y,Q,-1.861,0.7361,6,2,Y,3
206,Y,R,-0.0253,0.2687,4,2,Y,3
206,Y,S,-4.843,0.1711,4.5,2,Y,3
206,Y,T,-4.309,0.9221,2.5,2,Y,3
206,Y,V,-0.1442,0.00792,6.5,2,Y,3
206,Y,W,0.1236,0.06512,5,2,Y,3
206,Y,Y,0,0,,2,Y,3
207,R,-,-1.509,1.856,2.5,2,R,3
207,R,A,-0.8194,0.1911,6.5,2,R,3
207,R,C,-1.197,0.6055,4,2,R,3
207,R,D,-2.797,1.761,1.5,2,R,3
207,R,E,-3.842,0.3861,7,2,R,3
207,R,F,-0.7587,0.08111,3.5,2,R,3
207,R,G,-1.233,0.9055,5.5,2,R,3
207,R,H,-1.09,1.246,6.5,2,R,3
207,R,I,-2.173,0.3076,7.5,2,R,3
207,R,K,0.1418,0.009758,8.5,2,R,3
207,R,L,-2.438,0.02263,4.5,2,R,3
207,R,M,-1.747,0.5812,5.5,2,R,3
207,R,N,-0.1437,0.09454,8.5,2,R,3
207,R,P,-0.8943,0.5582,3,2,R,3
207,R,Q,-0.7574,0.575,4.5,2,R,3
207,R,R,0,0,,2,R,3
207,R,S,-1.509,,0.5,1,R,3
207,R,T,-3.401,0.3825,4.5,2,R,3
207,R,V,-3.452,0.6512,7,2,R,3
207,R,W,-2.719,,2,1,R,3
207,R,Y,-1.726,0.2793,4.5,2,R,3
208,Y,*,-4.72,0.1747,3.5,2,Y,3
208,Y,-,-4.944,0.07283,3.5,2,Y,3
208,Y,A,-1.715,1.043,5,2,Y,3
208,Y,C,-2.337,0.2814,5.5,2,Y,3
208,Y,D,-4.836,0.08485,6.5,2,Y,3
208,Y,E,-4.976,,1,1,Y,3
208,Y,F,-0.1752,0.4837,4,2,Y,3
208,Y,G,-2.745,,3,1,Y,3
208,Y,H,-0.2175,0.4764,5.5,2,Y,3
208,Y,I,-1.661,0.4921,4.5,2,Y,3
208,Y,K,-4.346,0.7792,4.5,2,Y,3
208,Y,L,-0.3079,0.5362,4.5,2,Y,3
208,Y,M,-1.917,0.362,5,2,Y,3
208,Y,N,-4.889,0.006364,2,2,Y,3
208,Y,P,-4.617,0.3981,8.5,2,Y,3
208,Y,Q,-1.868,2.36,5,2,Y,3
208,Y,R,-0.8571,0.6645,2.5,2,Y,3
208,Y,S,-1.224,1.163,5,2,Y,3
208,Y,T,-2.901,0.7495,4.5,2,Y,3
208,Y,V,-0.556,0.9843,2,2,Y,3
208,Y,W,-0.4382,0.4892,5,2,Y,3
208,Y,Y,0,0,,2,Y,3
209,F,-,0.04501,,1,1,F,3
209,F,A,-0.6712,0.4421,6.5,2,F,3
209,F,C,-0.2086,0.1059,8.5,2,F,3
209,F,D,-0.3936,0.2162,4,2,F,3
209,F,E,-1.218,0.1082,5.5,2,F,3
209,F,F,0,0,,2,F,3
209,F,G,-4.598,,1.5,1,F,3
209,F,H,-0.5344,0.6853,4,2,F,3
209,F,I,-0.1487,0.3812,4.5,2,F,3
209,F,K,0.04103,0.01321,4.5,2,F,3
209,F,L,-0.5531,0.8753,6.5,2,F,3
209,F,M,-0.4715,0.4833,2.5,2,F,3
209,F,N,-0.06545,0.285,3,2,F,3
209,F,P,-3.049,0.9291,4.5,2,F,3
209,F,Q,0.07584,0.06372,2,2,F,3
209,F,R,0.1054,0.02908,4.5,2,F,3
209,F,S,-0.022,0.1964,7.5,2,F,3
209,F,T,0.05354,,1,1,F,3
209,F,V,-1.77,0.4391,5,2,F,3
209,F,W,0.04035,0.1306,1,2,F,3
209,F,Y,-0.3345,0.7054,5.5,2,F,3
210,T,-,-0.3233,,1,1,T,3
210,T,A,0.1479,0.02737,3.5,2,T,3
210,T,C,-0.359,0.3359,5.5,2,T,3
210,T,D,-2.804,2.555,2.5,2,T,3
210,T,E,-0.07808,0.1269,4.5,2,T,3
210,T,F,-0.7788,0.155,4.5,2,T,3
210,T,G,0.0029,0.2331,5.5,2,T,3
210,T,H,0.1207,0.01831,2,2,T,3
210,T,I,0.1378,0.002263,10.5,2,T,3
210,T,K,0.1106,0.03294,7,2,T,3
210,T,L,-0.8512,0.5004,3.5,2,T,3
210,T,M,0.1181,0.05375,5,2,T,3
210,T,N,0.02315,0.1802,4,2,T,3
210,T,P,-2.058,0.5508,3,2,T,3
210,T,Q,-0.557,,2.5,1,T,3
210,T,R,-0.6643,1.149,3,2,T,3
210,T,S,0.1023,0.02394,4,2,T,3
210,T,T,0,0,,2,T,3
210,T,V,0.08808,0.06452,5.5,2,T,3
210,T,W,-1.739,2.028,4.5,2,T,3
210,T,Y,-0.0347,0.2352,2,2,T,3
211,L,*,-0.08152,,0.5,1,L,3
211,L,-,-0.07953,,1,1,L,3
211,L,A,-1.57,2.12,4,2,L,3
211,L,C,-0.6872,,4.5,1,L,3
211,L,D,-4.918,0.07849,4,2,L,3
211,L,E,-4.168,1.078,4,2,L,3
211,L,F,0.01347,,2,1,L,3
211,L,G,0.1294,0.05115,2.5,2,L,3
211,L,H,-1.56,0.9115,5,2,L,3
211,L,I,0.09775,0.05862,7.5,2,L,3
211,L,K,-3.228,2.363,1.5,2,L,3
211,L,L,0,0,,2,L,3
211,L,M,-0.3742,0.7155,8.5,2,L,3
211,L,N,-2.361,0.4038,2.5,2,L,3
211,L,P,-4.303,0.4702,2.5,2,L,3
211,L,Q,-1.339,0.9797,5,2,L,3
211,L,R,-1.115,0.9239,5.5,2,L,3
211,L,S,-0.671,0.7679,4,2,L,3
211,L,T,-0.7297,0.5251,5,2,L,3
211,L,V,0.1205,0.06689,6,2,L,3
211,L,W,-4.256,0.2623,6,2,L,3
211,L,Y,-1.26,0.08273,4,2,L,3
212,G,-,0.06219,,1,1,G,3
212,G,A,-1.115,0.9617,3.5,2,G,3
212,G,C,-2.199,0.775,16,2,G,3
212,G,D,-0.366,0.18,10,2,G,3
212,G,E,-0.4619,0.7529,1,2,G,3
212,G,F,-0.5771,0.8965,3.5,2,G,3
212,G,G,0,0,,2,G,3
212,G,H,-0.4177,0.7294,4,2,G,3
212,G,I,-1.43,0.3755,5,2,G,3
212,G,K,-2.233,0.5848,6.5,2,G,3
212,G,L,-0.9859,0.8572,6.5,2,G,3
212,G,M,-0.3523,0.5422,6,2,G,3
212,G,N,-0.563,0.7283,3.5,2,G,3
212,G,P,-0.08364,0.06244,5,2,G,3
212,G,Q,-1.02,1.307,6.5,2,G,3
212,G,R,-2.68,2.918,1.5,2,G,3
212,G,S,-0.6265,0.2112,8,2,G,3
212,G,T,-0.4316,0.4505,5,2,G,3
212,G,V,-0.237,0.1931,10,2,G,3
212,G,W,-0.5849,0.9477,5.5,2,G,3
212,G,Y,-0.1481,0.2978,1.5,2,G,3
213,N,-,-0.2724,0.456,1.5,2,N,3
213,N,A,-1.124,1.601,5,2,N,3
213,N,C,-1.87,2.695,5,2,N,3
213,N,D,-0.3063,0.1811,5,2,N,3
213,N,E,0.09075,0.04122,8,2,N,3
213,N,F,0.09143,,2.5,1,N,3
213,N,G,0.1407,0.04639,3.5,2,N,3
213,N,H,-0.5953,0.7081,6.5,2,N,3
213,N,I,0.1298,0.01294,5,2,N,3
213,N,K,0.1215,0.04552,5,2,N,3
213,N,L,-0.2103,0.2863,4,2,N,3
213,N,M,-0.09558,0.2018,3.5,2,N,3
213,N,N,0,0,,2,N,3
213,N,P,0.1119,0.07707,6,2,N,3
213,N,Q,-1.111,0.07849,6.5,2,N,3
213,N,R,-0.4668,0.4394,5,2,N,3
213,N,S,-0.02025,0.2104,5,2,N,3
213,N,T,-0.02425,0.2046,3,2,N,3
213,N,V,-1.217,1.865,2,2,N,3
213,N,W,0.1563,0.02461,7.5,2,N,3
213,N,Y,-0.2221,0.2005,4,2,N,3
214,V,-,-1.22,0.2312,2,2,V,3
214,V,A,0.123,0.06476,5.5,2,V,3
214,V,C,-0.4064,0.8184,3,2,V,3
214,V,D,-4.543,0.548,3.5,2,V,3
214,V,E,-4.867,0.02051,6.5,2,V,3
214,V,F,0.1567,0.02298,6,2,V,3
214,V,G,-4.247,0.3267,4.5,2,V,3
214,V,H,-3.164,0.3493,6.5,2,V,3
214,V,I,0.139,,2,1,V,3
214,V,K,-4.96,0.02051,7,2,V,3
214,V,L,0.03475,0.1377,8,2,V,3
214,V,M,0.1315,0.0584,7.5,2,V,3
214,V,N,-2.983,0.4589,2.5,2,V,3
214,V,P,-0.5009,0.5351,1.5,2,V,3
214,V,Q,-4.989,0.02475,4.5,2,V,3
214,V,R,-4.939,0.03889,8,2,V,3
214,V,S,-1.658,0.8683,4.5,2,V,3
214,V,T,0.04556,0.07912,4,2,V,3
214,V,V,0,0,,2,V,3
214,V,W,-4.13,0.05515,5.5,2,V,3
214,V,Y,-3.246,1.493,5,2,V,3
215,E,*,-4.878,0.07212,5,2,E,3
215,E,-,-0.2145,0.4624,1.5,2,E,3
215,E,A,0.1137,0.06612,3.5,2,E,3
215,E,C,-0.1004,0.3188,5.5,2,E,3
215,E,D,-0.8141,1.141,5,2,E,3
215,E,E,0,0,,2,E,3
215,E,F,-0.1016,0.09511,2,2,E,3
215,E,G,-0.7696,0.1858,3,2,E,3
215,E,H,-0.15,0.1453,4.5,2,E,3
215,E,I,-0.446,0.1289,5.5,2,E,3
215,E,K,-0.6111,0.03429,14,2,E,3
215,E,L,0.02928,0.1062,4,2,E,3
215,E,M,-0.1674,0.2148,9,2,E,3
215,E,N,-1.389,2.207,5,2,E,3
215,E,P,-4.856,0.05162,3,2,E,3
215,E,Q,-1.35,0.8524,5.5,2,E,3
215,E,R,-1.562,0.3684,1,2,E,3
215,E,S,-1.76,0.9772,4,2,E,3
215,E,T,-1.069,0.6429,5,2,E,3
215,E,V,0.1042,0.02913,5,2,E,3
215,E,W,-0.6352,1.127,6,2,E,3
215,E,Y,0.1423,0.03642,2,2,E,3
216,A,-,-0.1705,0.2814,1.5,2,A,3
216,A,A,0,0,,2,A,3
216,A,C,-1.099,0.4769,2.5,2,A,3
216,A,D,-4.976,0.01556,4,2,A,3
216,A,E,-4.421,0.5296,5,2,A,3
216,A,F,-1.152,0.5559,5.5,2,A,3
216,A,G,-0.2051,0.08132,6.5,2,A,3
216,A,H,-1.341,0.4094,5.5,2,A,3
216,A,I,-4.375,0.2242,3.5,2,A,3
216,A,K,-1.211,0.5069,6,2,A,3
216,A,L,-2.171,0.03182,3,2,A,3
216,A,M,-1.466,0.5275,6,2,A,3
216,A,N,-1.303,1.519,5,2,A,3
216,A,P,-2.573,3.272,1.5,2,A,3
216,A,Q,-1.88,0.02546,9,2,A,3
216,A,R,-1.109,0.3484,5,2,A,3
216,A,S,-0.4738,0.4395,11.5,2,A,3
216,A,T,-1.248,0.1478,9.5,2,A,3
216,A,V,-2.452,0.6562,10.5,2,A,3
216,A,W,-1.33,0.06647,5,2,A,3
216,A,Y,-1.091,1.18,4,2,A,3
217,V,-,-0.1022,0.1392,1.5,2,V,3
217,V,A,-0.3732,0.2208,6,2,V,3
217,V,C,0.02014,0.1459,5,2,V,3
217,V,D,-4.934,0.03323,7.5,2,V,3
217,V,E,-4.944,0.0898,4.5,2,V,3
217,V,F,-0.5915,0.6937,8.5,2,V,3
217,V,G,-4.992,0.0198,3,2,V,3
217,V,H,-4.904,,3.5,1,V,3
217,V,I,0.1188,0.02792,8,2,V,3
217,V,K,-4.571,0.3231,6,2,V,3
217,V,L,0.1289,0.02461,3,2,V,3
217,V,M,-0.6107,0.8815,3.5,2,V,3
217,V,N,-4.905,0.05586,4,2,V,3
217,V,P,-4.706,0.2553,4.5,2,V,3
217,V,Q,-4.902,0.04031,4.5,2,V,3
217,V,R,-4.829,0.1287,5.5,2,V,3
217,V,S,-0.2709,0.1474,2,2,V,3
217,V,T,-0.2986,,1,1,V,3
217,V,V,0,0,,2,V,3
217,V,W,-2.937,0.0396,4.5,2,V,3
217,V,Y,-4.697,0.2114,3.5,2,V,3
218,N,-,0.05393,,1,1,N,3
218,N,A,-0.4022,0.2201,2.5,2,N,3
218,N,C,-0.5464,0.9554,3,2,N,3
218,N,D,-0.1908,0.09716,4,2,N,3
218,N,E,-1.271,0.7101,5,2,N,3
218,N,F,-0.517,0.495,3.5,2,N,3
218,N,G,0.1486,0.01167,7,2,N,3
218,N,H,-0.1721,0.3288,3,2,N,3
218,N,I,-0.7646,0.6116,2,2,N,3
218,N,K,-0.2525,0.2374,5.5,2,N,3
218,N,L,-0.3879,0.386,4,2,N,3
218,N,M,0.0229,0.1956,2,2,N,3
218,N,N,0,0,,2,N,3
218,N,P,-4.893,0.03748,7,2,N,3
218,N,Q,-0.0625,0.2333,4,2,N,3
218,N,R,-3.719,0.8839,2,2,N,3
218,N,S,-1.348,1.943,4,2,N,3
218,N,T,-0.1338,0.04752,5.5,2,N,3
218,N,V,-0.3517,0.4764,3.5,2,N,3
218,N,W,-0.5926,0.4011,7.5,2,N,3
218,N,Y,-0.3787,0.6183,4.5,2,N,3
219,F,-,-0.1096,,1,1,F,3
219,F,A,-0.5593,,0.5,1,F,3
219,F,C,-3.189,1.371,4,2,F,3
219,F,D,-4.927,0.04525,1.5,2,F,3
219,F,E,-4.527,0.6032,2.5,2,F,3
219,F,F,0,0,,2,F,3
219,F,G,-4.941,0.03465,2.5,2,F,3
219,F,H,-1.093,0.843,3.5,2,F,3
219,F,I,-0.0299,0.2295,6,2,F,3
219,F,K,-4.912,0.006364,2.5,2,F,3
219,F,L,-0.05029,0.153,7,2,F,3
219,F,M,-0.1632,0.4712,2.5,2,F,3
219,F,N,-1.85,1.918,3,2,F,3
219,F,P,-2.492,0.367,3,2,F,3
219,F,Q,-4.136,0.03041,3,2,F,3
219,F,R,-4.892,0.05657,5,2,F,3
219,F,S,-3.755,0.2623,5.5,2,F,3
219,F,T,-0.6074,0.9992,2.5,2,F,3
219,F,V,-1.768,2.688,2.5,2,F,3
219,F,W,-0.009305,,3,1,F,3
219,F,Y,-0.1148,0.3536,3.5,2,F,3
220,N,-,-3.116,0.2588,2,2,N,3
220,N,A,-1.395,0.7329,5,2,N,3
220,N,C,-0.9192,1.196,1.5,2,N,3
220,N,D,-3.433,1.466,6,2,N,3
220,N,E,-1.917,0.6003,6.5,2,N,3
220,N,F,-1.372,1.503,3,2,N,3
220,N,G,-1.665,0.9452,8.5,2,N,3
220,N,H,-1.793,0.2942,5.5,2,N,3
220,N,I,-2.183,0.5926,6,2,N,3
220,N,K,-1.374,0.02263,6,2,N,3
220,N,L,-2.624,2.407,6.5,2,N,3
220,N,M,-0.6517,1.145,4.5,2,N,3
220,N,N,0,0,,2,N,3
220,N,P,-0.4601,0.2713,3,2,N,3
220,N,Q,-0.7267,1.03,3.5,2,N,3
220,N,R,-1.638,1.671,5.5,2,N,3
220,N,S,-1.118,0.01556,3.5,2,N,3
220,N,T,-1.79,0.1379,2.5,2,N,3
220,N,V,-0.4858,0.7399,5.5,2,N,3
220,N,W,-2.252,0.7587,4,2,N,3
220,N,Y,-1.18,0.3613,7,2,N,3
221,V,-,-0.05905,0.2732,2,2,V,3
221,V,A,-0.8873,0.2597,8,2,V,3
221,V,C,-0.7383,1.231,4,2,V,3
221,V,D,-2.993,0.2828,3.5,2,V,3
221,V,E,0.02778,0.07158,6,2,V,3
221,V,F,0.07447,0.136,7.5,2,V,3
221,V,G,0.1457,0.02242,4,2,V,3
221,V,H,-0.04375,0.2398,6,2,V,3
221,V,I,-0.1174,0.3026,7,2,V,3
221,V,K,-0.5676,1.022,3,2,V,3
221,V,L,0.07478,0.0258,9,2,V,3
221,V,M,-0.6056,0.743,4.5,2,V,3
221,V,N,-0.2222,0.5416,2,2,V,3
221,V,P,-0.05142,0.2069,4,2,V,3
221,V,Q,-1.5,2.064,3.5,2,V,3
221,V,R,-0.3965,,3.5,1,V,3
221,V,S,0.09592,0.06192,4,2,V,3
221,V,T,-0.4481,0.658,4.5,2,V,3
221,V,V,0,0,,2,V,3
221,V,W,-3.675,1.72,5,2,V,3
221,V,Y,-0.4236,0.3882,2.5,2,V,3
222,T,-,-0.04845,0.0763,2,2,T,3
222,T,A,-0.2411,0.5593,4.5,2,T,3
222,T,C,-0.4776,0.5246,4.5,2,T,3
222,T,D,-2.165,0.05445,6,2,T,3
222,T,E,-4.075,0.3338,5.5,2,T,3
222,T,F,-0.5678,0.8602,4.5,2,T,3
222,T,G,0.1166,,2.5,1,T,3
222,T,H,-0.6793,0.2563,2,2,T,3
222,T,I,-1.627,0.4639,5.5,2,T,3
222,T,K,0.1731,,1.5,1,T,3
222,T,L,-0.7745,0.3176,5.5,2,T,3
222,T,M,-2.665,3.151,2.5,2,T,3
222,T,N,-0.5949,0.1798,7.5,2,T,3
222,T,P,-0.09531,0.01696,4.5,2,T,3
222,T,Q,0.03611,,1,1,T,3
222,T,R,-0.4853,0.9245,7,2,T,3
222,T,S,0.0625,0.08542,2.5,2,T,3
222,T,T,0,0,,2,T,3
222,T,V,-1.617,0.06293,7,2,T,3
222,T,W,-1.686,0.04667,5.5,2,T,3
222,T,Y,-1.519,0.1952,5,2,T,3
223,N,-,-0.2869,,0.5,1,T,3
223,N,A,-1.234,0.385,2.5,2,T,3
223,N,C,-0.3896,0.4232,2.5,2,T,3
223,N,D,-0.4472,0.5355,5.5,2,T,3
223,N,E,-0.5552,0.6502,4,2,T,3
223,N,F,-0.9319,0.02645,5.5,2,T,3
223,N,G,0.005415,0.03169,2,2,T,3
223,N,H,-0.394,0.1728,4,2,T,3
223,N,I,0.06439,0.08501,5,2,T,3
223,N,K,-0.8641,1.415,7,2,T,3
223,N,L,-1.1,0.1623,6,2,T,3
223,N,M,-2.197,0.9284,6.5,2,T,3
223,N,N,0,0,,2,T,3
223,N,P,-3.192,2.531,3,2,T,3
223,N,Q,-0.2859,0.5991,2.5,2,T,3
223,N,R,-0.0246,0.1952,3,2,T,3
223,N,S,-0.7546,0.3335,3.5,2,T,3
223,N,T,-0.5639,0.02758,4,2,T,3
223,N,V,-0.8117,1.02,3.5,2,T,3
223,N,W,-0.0197,0.1932,5.5,2,T,3
223,N,Y,-1.694,0.09829,4.5,2,T,3
224,A,-,-0.9014,,0.5,1,A,3
224,A,A,0,0,,2,A,3
224,A,C,-0.7782,1.244,4.5,2,A,3
224,A,D,-0.09695,0.3106,4.5,2,A,3
224,A,E,-2.384,3.55,2,2,A,3
224,A,F,0.143,0.02942,6.5,2,A,3
224,A,G,-0.4991,0.7422,3,2,A,3
224,A,H,-0.475,0.3868,6,2,A,3
224,A,I,-0.6092,1.053,1.5,2,A,3
224,A,K,-0.1208,0.296,6.5,2,A,3
224,A,L,-0.0411,0.2557,5.5,2,A,3
224,A,M,-0.0552,0.2707,2,2,A,3
224,A,N,0.03581,,1,1,A,3
224,A,P,-0.2568,0.5434,7,2,A,3
224,A,Q,0.1388,0.04596,4.5,2,A,3
224,A,R,-0.3415,0.4431,2.5,2,A,3
224,A,S,-0.5035,0.4483,11.5,2,A,3
224,A,T,0.062,0.09885,4.5,2,A,3
224,A,V,0.06633,0.07944,8,2,A,3
224,A,W,-0.1968,0.4469,4.5,2,A,3
224,A,Y,-0.3826,0.3564,1.5,2,A,3
225,E,*,-4.985,0.01838,9,2,E,3
225,E,-,-0.08702,,0.5,1,E,3
225,E,A,0.08356,0.05238,4.5,2,E,3
225,E,C,-0.6148,0.1585,5,2,E,3
225,E,D,-0.1481,0.204,7.5,2,E,3
225,E,E,0,0,,2,E,3
225,E,F,0.07336,0.142,6,2,E,3
225,E,G,0.1176,0.03173,7,2,E,3
225,E,H,0.01975,,3,1,E,3
225,E,I,-0.4388,0.8289,3,2,E,3
225,E,K,-0.3578,0.4395,9,2,E,3
225,E,L,-0.566,0.6717,2,2,E,3
225,E,M,0.04241,0.1184,5.5,2,E,3
225,E,N,0.1485,0.03323,2.5,2,E,3
225,E,P,-0.3727,0.5017,4.5,2,E,3
225,E,Q,0.06535,0.002963,5,2,E,3
225,E,R,-0.1538,0.3627,4,2,E,3
225,E,S,-0.7724,1.156,4.5,2,E,3
225,E,T,-0.1909,0.1479,6,2,E,3
225,E,V,-1.248,0.1167,5.5,2,E,3
225,E,W,-0.1628,0.2334,5,2,E,3
225,E,Y,-0.0644,0.2834,7,2,E,3
226,T,-,-0.3605,,1,1,T,3
226,T,A,0.04113,0.06039,7,2,T,3
226,T,C,0.1376,0.0002121,5,2,T,3
226,T,D,-0.2097,0.3346,5,2,T,3
226,T,E,0.07131,0.01061,4,2,T,3
226,T,F,0.002825,0.02372,3.5,2,T,3
226,T,G,-0.0996,0.3487,1.5,2,T,3
226,T,H,-0.00715,0.1088,5,2,T,3
226,T,I,0.1348,0.02447,10,2,T,3
226,T,K,-0.2771,0.4047,3.5,2,T,3
226,T,L,-0.0166,0.2539,3.5,2,T,3
226,T,M,0.001435,0.06147,5,2,T,3
226,T,N,0.0319,0.1765,4.5,2,T,3
226,T,P,-0.1829,0.366,5.5,2,T,3
226,T,Q,-0.3534,0.6251,4.5,2,T,3
226,T,R,0.09916,0.03541,3.5,2,T,3
226,T,S,0.06432,0.0367,7,2,T,3
226,T,T,0,0,,2,T,3
226,T,V,0.04953,0.0006081,2.5,2,T,3
226,T,W,-0.05148,0.07753,4.5,2,T,3
226,T,Y,0.04783,0.1521,6.5,2,T,3
227,T,-,-0.03126,,1,1,T,3
227,T,A,-1.212,0.2991,3,2,T,3
227,T,C,0.05066,0.16,2.5,2,T,3
227,T,D,-0.1833,0.1858,5.5,2,T,3
227,T,E,-0.0443,0.1962,2,2,T,3
227,T,F,-0.3518,0.11,7.5,2,T,3
227,T,G,-1.302,0.4976,1.5,2,T,3
227,T,H,-0.2327,0.23,3,2,T,3
227,T,I,-0.114,0.317,13.5,2,T,3
227,T,K,-0.4791,0.6476,3,2,T,3
227,T,L,-0.01869,0.1018,4.5,2,T,3
227,T,M,0.1475,0.01344,4.5,2,T,3
227,T,N,0.1472,0.02475,5.5,2,T,3
227,T,P,-0.5791,0.6886,3.5,2,T,3
227,T,Q,-0.7032,0.8568,1.5,2,T,3
227,T,R,-0.7976,1.047,2,2,T,3
227,T,S,-0.2316,0.4247,4.5,2,T,3
227,T,T,0,0,,2,T,3
227,T,V,0.1132,0.02728,6.5,2,T,3
227,T,W,-0.5587,0.9692,3,2,T,3
227,T,Y,-0.2535,0.4871,4.5,2,T,3
229,V,-,-0.0957,,0.5,1,F,3
229,V,A,-0.0148,0.2113,7,2,F,3
229,V,C,-0.0056,0.1714,4.5,2,F,3
229,V,D,-0.6072,0.8708,8.5,2,F,3
229,V,E,0.1375,,1,1,F,3
229,V,F,0.08374,0.02164,6.5,2,F,3
229,V,G,-0.6686,0.09935,3.5,2,F,3
229,V,H,-1.839,0.717,3.5,2,F,3
229,V,I,-2.143,2.863,6.5,2,F,3
229,V,K,-0.1191,0.3485,3.5,2,F,3
229,V,L,-0.1923,0.4388,2.5,2,F,3
229,V,M,-0.0671,0.3135,4,2,F,3
229,V,N,-0.3996,0.6889,6,2,F,3
229,V,P,-0.0815,0.285,2,2,F,3
229,V,Q,-0.8118,0.1487,2.5,2,F,3
229,V,R,-1.113,0.5733,4,2,F,3
229,V,S,-1.951,1.514,3.5,2,F,3
229,V,T,-1.385,0.8404,2.5,2,F,3
229,V,V,0,0,,2,F,3
229,V,W,-0.3912,0.661,5.5,2,F,3
229,V,Y,-0.5296,0.9948,3,2,F,3
230,C,*,-0.6482,,0.5,1,F,3
230,C,-,-0.3651,,0.5,1,F,3
230,C,A,0.1508,0.02206,3.5,2,F,3
230,C,C,0,0,,2,F,3
230,C,D,-0.1781,0.385,9.5,2,F,3
230,C,E,-0.8629,1.417,2,2,F,3
230,C,F,0.03814,0.1658,10,2,F,3
230,C,G,-0.0084,0.1987,2,2,F,3
230,C,H,-0.129,0.1628,6,2,F,3
230,C,I,0.1129,0.0862,5.5,2,F,3
230,C,K,-0.8546,1.435,1.5,2,F,3
230,C,L,-0.6047,1.099,2,2,F,3
230,C,M,-0.7884,1.346,7,2,F,3
230,C,N,-0.4909,0.1116,3.5,2,F,3
230,C,P,-0.8364,,1,1,F,3
230,C,Q,-0.08065,0.2579,3,2,F,3
230,C,R,-0.4446,0.5533,4,2,F,3
230,C,S,-0.1894,0.2383,6,2,F,3
230,C,T,-0.1108,0.3022,9.5,2,F,3
230,C,V,0.07777,0.0426,2,2,F,3
230,C,W,-0.1806,0.4685,4.5,2,F,3
230,C,Y,-0.254,0.4427,12,2,F,3
231,T,-,-0.1009,,0.5,1,T,3
231,T,A,-0.1106,0.3465,8,2,T,3
231,T,C,-1.104,,1.5,1,T,3
231,T,D,-1.045,1.086,5,2,T,3
231,T,E,-1.436,1.594,3.5,2,T,3
231,T,F,-1.214,1.922,2,2,T,3
231,T,G,-0.4603,0.6179,3.5,2,T,3
231,T,H,-0.4628,0.5404,5,2,T,3
231,T,I,-1.012,0.07877,7,2,T,3
231,T,K,-2.283,0.1372,3,2,T,3
231,T,L,-1.568,1.439,4.5,2,T,3
231,T,M,-1.724,0.0297,3,2,T,3
231,T,N,-1.463,1.502,5.5,2,T,3
231,T,P,-2.634,3.215,1.5,2,T,3
231,T,Q,-1.211,1.1,5.5,2,T,3
231,T,R,0.01091,0.03471,4,2,T,3
231,T,S,-0.00891,0.0943,6,2,T,3
231,T,T,0,0,,2,T,3
231,T,V,-1.184,0.2171,5,2,T,3
231,T,W,-0.732,0.4299,4.5,2,T,3
231,T,Y,0.06023,0.05567,1,2,T,3
232,V,-,-0.1573,,0.5,1,V,3
232,V,A,-0.9403,1.158,7,2,V,3
232,V,C,0.1551,,0.5,1,V,3
232,V,D,-4.935,0.0007071,5,2,V,3
232,V,E,-0.2604,0.5629,5.5,2,V,3
232,V,F,-0.2651,0.6206,6,2,V,3
232,V,G,-0.1973,0.4764,4.5,2,V,3
232,V,H,-0.5888,0.8544,4.5,2,V,3
232,V,I,-0.02048,0.1495,3,2,V,3
232,V,K,-2.603,2.41,5.5,2,V,3
232,V,L,-0.4007,0.786,5,2,V,3
232,V,M,0.09241,0.05386,11.5,2,V,3
232,V,N,-0.7846,0.3103,3.5,2,V,3
232,V,P,-4.642,0.3903,4.5,2,V,3
232,V,Q,-0.2077,0.4297,3,2,V,3
232,V,R,-2.507,2.487,2,2,V,3
232,V,S,-0.4595,0.2384,5.5,2,V,3
232,V,T,-1.101,1.442,6,2,V,3
232,V,V,0,0,,2,V,3
232,V,W,-0.6353,0.02475,5.5,2,V,3
232,V,Y,-1.373,0.2864,2.5,2,V,3
233,A,-,0.0984,,0.5,1,A,3
233,A,A,0,0,,2,A,3
233,A,C,-0.0725,0.3459,5,2,A,3
233,A,D,-4.925,0.03818,6,2,A,3
233,A,E,-2.072,0.6873,3.5,2,A,3
233,A,F,-4.493,0.6873,2,2,A,3
233,A,G,0.1366,0.04207,3.5,2,A,3
233,A,H,-4.142,0.9942,3.5,2,A,3
233,A,I,-0.9514,0.5496,1.5,2,A,3
233,A,K,-4.378,0.8181,5.5,2,A,3
233,A,L,-4.159,0.7905,4.5,2,A,3
233,A,M,-1.574,1.244,2.5,2,A,3
233,A,N,-0.5282,0.02666,3,2,A,3
233,A,P,-4.929,0.08768,3.5,2,A,3
233,A,Q,-2.86,0.2312,3,2,A,3
233,A,R,-4.777,0.2546,4.5,2,A,3
233,A,S,-0.1927,0.4739,9,2,A,3
233,A,T,-0.00267,0.1376,8.5,2,A,3
233,A,V,-0.4173,0.04165,7,2,A,3
233,A,W,-4.575,0.4688,9,2,A,3
233,A,Y,-2.338,1.372,3.5,2,A,3
234,L,-,0.0713,,0.5,1,L,3
234,L,A,-0.3955,0.6495,1.5,2,L,3
234,L,C,-0.3358,0.6445,4.5,2,L,3
234,L,D,-4.838,0.06293,3,2,L,3
234,L,E,-0.0017,0.1981,3.5,2,L,3
234,L,F,-2.974,0.874,6,2,L,3
234,L,G,-0.7126,0.06548,3,2,L,3
234,L,H,-0.9047,0.5449,4.5,2,L,3
234,L,I,-1.393,0.008485,2.5,2,L,3
234,L,K,-2.733,0.4695,5.5,2,L,3
234,L,L,0,0,,2,L,3
234,L,M,-0.0141,0.1788,10.5,2,L,3
234,L,N,-4.545,0.483,4,2,L,3
234,L,P,-3.583,1.824,6,2,L,3
234,L,Q,-0.128,0.3456,3,2,L,3
234,L,R,-4.901,0.001414,6.5,2,L,3
234,L,S,-0.352,0.6929,6.5,2,L,3
234,L,T,-0.7672,0.4551,4,2,L,3
234,L,V,-3.635,1.75,4.5,2,L,3
234,L,W,-4.133,0.6074,2.5,2,L,3
234,L,Y,-1.544,2.029,4.5,2,L,3
235,A,-,-0.02317,0.06811,1,2,A,3
235,A,A,0,0,,2,A,3
235,A,C,-2.083,3.099,5,2,A,3
235,A,D,-4.829,0.1025,8.5,2,A,3
235,A,E,-4.917,0.04101,5,2,A,3
235,A,F,-3.673,1.772,7,2,A,3
235,A,G,-0.2196,0.5411,5,2,A,3
235,A,H,-4.237,1.086,3.5,2,A,3
235,A,I,-4.957,0.07778,4.5,2,A,3
235,A,K,-4.342,0.7863,2.5,2,A,3
235,A,L,-3.894,0.5169,3,2,A,3
235,A,M,-0.3449,0.07361,2,2,A,3
235,A,N,-4.459,0.5268,6,2,A,3
235,A,P,-4.884,0.0792,6,2,A,3
235,A,Q,-3.265,0.09617,3.5,2,A,3
235,A,R,-4.881,0.1252,4,2,A,3
235,A,S,-0.1605,0.3941,10.5,2,A,3
235,A,T,-0.2705,0.2493,11.5,2,A,3
235,A,V,-1.552,0.9187,13,2,A,3
235,A,W,-4.92,0.06576,3.5,2,A,3
235,A,Y,-3.92,1.443,5,2,A,3
236,S,-,-0.1188,,0.5,1,S,3
236,S,A,-0.9291,1.534,2.5,2,S,3
236,S,C,-0.3906,0.07121,5,2,S,3
236,S,D,-0.5989,,2.5,1,S,3
236,S,E,-0.517,0.9716,1.5,2,S,3
236,S,F,-0.08365,0.2863,4,2,S,3
236,S,G,-0.1963,0.2706,7,2,S,3
236,S,H,-0.5029,0.8953,6.5,2,S,3
236,S,I,-1.961,2.295,11,2,S,3
236,S,K,0.1709,,2,1,S,3
236,S,L,-0.0449,0.2526,4,2,S,3
236,S,M,-0.1799,0.4407,4,2,S,3
236,S,N,-0.2902,0.6002,9.5,2,S,3
236,S,P,-4.919,0.01414,4.5,2,S,3
236,S,Q,0.1511,0.03182,6,2,S,3
236,S,R,0.1289,0.01153,5.5,2,S,3
236,S,S,0,0,,2,S,3
236,S,T,0.1194,0.0334,3.5,2,S,3
236,S,V,-0.3526,,2.5,1,S,3
236,S,W,-2.079,1.653,5.5,2,S,3
236,S,Y,0.07433,0.133,2.5,2,S,3
237,Y,*,-1.243,,0.5,1,Y,3
237,Y,-,0.07,,0.5,1,Y,3
237,Y,A,-0.6681,0.2003,2.5,2,Y,3
237,Y,C,-0.6385,0.1116,4,2,Y,3
237,Y,D,-0.2578,0.3805,2,2,Y,3
237,Y,E,-0.3679,0.7512,2.5,2,Y,3
237,Y,F,-0.04914,0.1627,3.5,2,Y,3
237,Y,G,-0.1333,0.2587,6.5,2,Y,3
237,Y,H,0.1259,0.04228,5.5,2,Y,3
237,Y,I,-0.1616,0.2655,1.5,2,Y,3
237,Y,K,-0.403,0.7162,7,2,Y,3
237,Y,L,-0.5853,0.08733,3.5,2,Y,3
237,Y,M,-0.2204,0.1005,6,2,Y,3
237,Y,N,0.1431,0.004031,3,2,Y,3
237,Y,P,-1.656,0.3953,4.5,2,Y,3
237,Y,Q,0.1185,0.02107,4,2,Y,3
237,Y,R,-0.4892,0.0437,4,2,Y,3
237,Y,S,-0.3857,0.7839,2,2,Y,3
237,Y,T,-0.547,0.1643,8,2,Y,3
237,Y,V,-0.07369,0.127,3.5,2,Y,3
237,Y,W,0.0855,0.09871,6,2,Y,3
237,Y,Y,0,0,,2,Y,3
238,A,-,0.08942,,0.5,1,A,3
238,A,A,0,0,,2,A,3
238,A,C,-0.3128,0.6421,4,2,A,3
238,A,D,-0.4553,0.4923,6.5,2,A,3
238,A,E,-0.7641,1.145,6.5,2,A,3
238,A,F,0.1501,0.02913,2.5,2,A,3
238,A,G,-0.3985,,3,1,A,3
238,A,H,-0.1422,0.2675,6,2,A,3
238,A,I,-0.3608,0.1633,6,2,A,3
238,A,K,-1.249,,1.5,1,A,3
238,A,L,-1.212,0.03465,3,2,A,3
238,A,M,-1.644,0.9141,2.5,2,A,3
238,A,N,-1.306,0.8762,4,2,A,3
238,A,P,-4.947,0.02546,4.5,2,A,3
238,A,Q,-0.04595,0.1781,5,2,A,3
238,A,R,-2.051,2.904,3,2,A,3
238,A,S,-0.1125,0.2776,9,2,A,3
238,A,T,-0.2497,0.3437,9.5,2,A,3
238,A,V,-0.04355,0.2348,11,2,A,3
238,A,W,-1.236,0.2885,5,2,A,3
238,A,Y,-2.135,2.22,2,2,A,3
239,D,-,-0.06468,,1,1,D,3
239,D,A,-1.974,1.223,5,2,D,3
239,D,C,-4.966,0.01768,3.5,2,D,3
239,D,D,0,0,,2,D,3
239,D,E,-0.7236,0.4545,7.5,2,D,3
239,D,F,-4.689,0.4045,5,2,D,3
239,D,G,-4.954,0.00495,9,2,D,3
239,D,H,-0.7488,1.296,3,2,D,3
239,D,I,-4.91,,3,1,D,3
239,D,K,-4.587,,3,1,D,3
239,D,L,-1.712,0.8478,2.5,2,D,3
239,D,M,-1.243,0.8806,4.5,2,D,3
239,D,N,-1.503,0.7734,11,2,D,3
239,D,P,-2.563,2.472,3.5,2,D,3
239,D,Q,-2.007,2.103,5,2,D,3
239,D,R,-3.47,0.2298,4,2,D,3
239,D,S,-1.099,0.02687,4,2,D,3
239,D,T,-4.285,0.961,3,2,D,3
239,D,V,-4.502,0.56,2.5,2,D,3
239,D,W,-1.061,0.9501,3.5,2,D,3
239,D,Y,-0.892,0.1838,14.5,2,D,3
240,V,-,-1.042,,1,1,V,3
240,V,A,-0.6663,0.6954,5.5,2,V,3
240,V,C,-0.3013,0.2497,4.5,2,V,3
240,V,D,-4.84,0.07778,7.5,2,V,3
240,V,E,-4.916,0.02828,5,2,V,3
240,V,F,-4.656,0.297,3,2,V,3
240,V,G,-4.846,0.05374,5,2,V,3
240,V,H,-4.893,0.04031,6,2,V,3
240,V,I,-0.3125,0.1392,3,2,V,3
240,V,K,-4.615,0.4045,3.5,2,V,3
240,V,L,-2.661,2.592,6,2,V,3
240,V,M,-0.07798,0.06565,9,2,V,3
240,V,N,-2.564,3.234,1,2,V,3
240,V,P,-4.966,0.0007071,7,2,V,3
240,V,Q,-4.778,0.2143,6.5,2,V,3
240,V,R,-4.92,0.01273,4,2,V,3
240,V,S,-0.5646,0.8137,6.5,2,V,3
240,V,T,0.0094,0.2277,4.5,2,V,3
240,V,V,0,0,,2,V,3
240,V,W,-4.729,0.2609,6,2,V,3
240,V,Y,-4.907,0.01414,5,2,V,3
241,L,-,0.02337,,1,1,L,3
241,L,A,-3.963,0.6357,12,2,L,3
241,L,C,-1.974,,2.5,1,L,3
241,L,D,-4.904,0.02051,4.5,2,L,3
241,L,E,-4.694,0.2008,3.5,2,L,3
241,L,F,-2.413,0.09546,3.5,2,L,3
241,L,G,-4.63,0.1676,4.5,2,L,3
241,L,H,-4.76,0.3564,3,2,L,3
241,L,I,-3.152,0.2227,6.5,2,L,3
241,L,K,-4.928,0.002121,5.5,2,L,3
241,L,L,0,0,,2,L,3
241,L,M,-0.2475,0.4625,4.5,2,L,3
241,L,N,-4.902,0.004243,5,2,L,3
241,L,P,-4.944,0.03818,8,2,L,3
241,L,Q,-4.934,,2,1,L,3
241,L,R,-4.897,0.02333,6,2,L,3
241,L,S,-4.855,0.04243,2.5,2,L,3
241,L,T,-4.571,0.4441,5.5,2,L,3
241,L,V,-4.287,0.4851,6,2,L,3
241,L,W,-3.002,2.835,2.5,2,L,3
241,L,Y,-4.908,0.05515,4,2,L,3
242,V,-,0.1228,,1,1,V,3
242,V,A,-0.9497,,1.5,1,V,3
242,V,C,-1.059,0.07142,4.5,2,V,3
242,V,D,-4.986,0.01061,7.5,2,V,3
242,V,E,-4.978,,5,1,V,3
242,V,F,-3.675,1.33,5,2,V,3
242,V,G,-4.796,0.21,5.5,2,V,3
242,V,H,-4.942,0.01061,6,2,V,3
242,V,I,-0.07855,0.1167,4.5,2,V,3
242,V,K,-4.94,0.03323,4.5,2,V,3
242,V,L,-0.06317,0.1993,8.5,2,V,3
242,V,M,-0.0455,0.237,8,2,V,3
242,V,N,-4.899,0.0898,5.5,2,V,3
242,V,P,-4.869,0.03606,1.5,2,V,3
242,V,Q,-4.915,0.0198,3.5,2,V,3
242,V,R,-4.89,0.02546,8.5,2,V,3
242,V,S,-1.57,0.4115,3.5,2,V,3
242,V,T,0.1333,,1.5,1,V,3
242,V,V,0,0,,2,V,3
242,V,W,-4.911,0.02687,5.5,2,V,3
242,V,Y,-4.979,0.01061,8,2,V,3
243,N,-,-0.1796,,1,1,N,3
243,N,A,0.1391,0.0007778,2,2,N,3
243,N,C,-2.583,0.6357,4,2,N,3
243,N,D,-0.1811,0.1557,7.5,2,N,3
243,N,E,-0.6563,0.1812,5,2,N,3
243,N,F,-0.418,0.7782,4,2,N,3
243,N,G,-0.1351,0.3001,3,2,N,3
243,N,H,-0.6956,1.196,6,2,N,3
243,N,I,-3.932,1.297,4.5,2,N,3
243,N,K,0.1193,0.01124,4.5,2,N,3
243,N,L,-0.004285,0.1141,4,2,N,3
243,N,M,-0.5746,0.5803,7.5,2,N,3
243,N,N,0,0,,2,N,3
243,N,P,-4.899,0.02687,3,2,N,3
243,N,Q,-0.0877,0.3077,4,2,N,3
243,N,R,0.03649,0.09151,5,2,N,3
243,N,S,-0.7327,1.033,4.5,2,N,3
243,N,T,-1.083,1.561,3.5,2,N,3
243,N,V,-1.783,0.8457,7.5,2,N,3
243,N,W,-0.49,0.4117,4.5,2,N,3
243,N,Y,-0.086,0.3043,2.5,2,N,3
244,V,-,-0.4651,,1,1,V,3
244,V,A,-2.078,0.4879,4.5,2,V,3
244,V,C,-2.072,0.5975,3,2,V,3
244,V,D,-2.697,3.183,2.5,2,V,3
244,V,E,-4.92,0.09899,3.5,2,V,3
244,V,F,-4.481,0.01061,6,2,V,3
244,V,G,-4.799,0.1711,4.5,2,V,3
244,V,H,-3.647,1.703,1.5,2,V,3
244,V,I,0.09604,0.03233,3,2,V,3
244,V,K,-4.689,0.2772,3.5,2,V,3
244,V,L,-0.7735,0.7516,8,2,V,3
244,V,M,-0.628,0.5587,5,2,V,3
244,V,N,-4.655,0.437,1,2,V,3
244,V,P,-4.931,0.04031,6.5,2,V,3
244,V,Q,-4.196,0.2942,4.5,2,V,3
244,V,R,-2.815,2.957,3.5,2,V,3
244,V,S,-3.24,0.3472,4,2,V,3
244,V,T,-0.9741,0.8738,8.5,2,V,3
244,V,V,0,0,,2,V,3
244,V,W,-4.899,0.002121,2,2,V,3
244,V,Y,-3.999,0.4243,2.5,2,V,3
245,S,-,-0.459,,1,1,S,3
245,S,A,-0.5659,0.9872,1.5,2,S,3
245,S,C,-1.383,1.082,5.5,2,S,3
245,S,D,-0.05875,0.2566,2.5,2,S,3
245,S,E,-0.107,0.3073,4.5,2,S,3
245,S,F,0.1507,0.02694,4.5,2,S,3
245,S,G,-0.8183,0.8721,6.5,2,S,3
245,S,H,-0.1282,0.3261,4,2,S,3
245,S,I,-1.314,1.681,8.5,2,S,3
245,S,K,-0.2158,0.4748,2,2,S,3
245,S,L,-0.4752,0.5197,2.5,2,S,3
245,S,M,-0.7191,0.5372,2.5,2,S,3
245,S,N,-0.5583,0.5915,12,2,S,3
245,S,P,-4.893,0.07566,6,2,S,3
245,S,Q,-0.1357,0.3342,4,2,S,3
245,S,R,-0.1157,0.3591,4.5,2,S,3
245,S,S,0,0,,2,S,3
245,S,T,-0.114,0.3087,7.5,2,S,3
245,S,V,-0.333,0.07425,2.5,2,S,3
245,S,W,-0.892,0.5544,3,2,S,3
245,S,Y,0.09027,0.09988,5.5,2,S,3
246,Q,*,-4.933,0.05091,5.5,2,Q,3
246,Q,-,0.005408,,1.5,1,Q,3
246,Q,A,-0.07495,0.2132,4.5,2,Q,3
246,Q,C,-0.5989,0.6591,6.5,2,Q,3
246,Q,D,-0.346,0.4141,5.5,2,Q,3
246,Q,E,-1.275,0.865,4,2,Q,3
246,Q,F,-0.2807,0.3712,8,2,Q,3
246,Q,G,-0.09712,0.2021,5,2,Q,3
246,Q,H,-0.1658,0.1077,8.5,2,Q,3
246,Q,I,-0.55,0.4681,3.5,2,Q,3
246,Q,K,-0.7387,0.04914,7.5,2,Q,3
246,Q,L,-0.0873,0.2669,4,2,Q,3
246,Q,M,-1.027,0.7274,4,2,Q,3
246,Q,N,-0.4805,0.8393,2.5,2,Q,3
246,Q,P,-4.89,0.06859,5.5,2,Q,3
246,Q,Q,0,0,,2,Q,3
246,Q,R,-2.431,1.008,5,2,Q,3
246,Q,S,-0.3331,0.7073,2.5,2,Q,3
246,Q,T,-0.2361,0.2991,7.5,2,Q,3
246,Q,V,-0.3713,0.1657,2,2,Q,3
246,Q,W,-0.7045,0.5848,5.5,2,Q,3
246,Q,Y,-0.1505,0.1312,3,2,Q,3
247,T,-,-0.2381,,1.5,1,T,3
247,T,A,-0.1908,0.04349,4,2,T,3
247,T,C,-0.01419,0.1346,4.5,2,T,3
247,T,D,-4.505,0.6611,4,2,T,3
247,T,E,-4.264,0.9334,5.5,2,T,3
247,T,F,-5.012,,1,1,T,3
247,T,G,-3.71,0.5056,6.5,2,T,3
247,T,H,-4.912,0.01626,6,2,T,3
247,T,I,-4.691,0.09263,7,2,T,3
247,T,K,-4.919,0.03111,3.5,2,T,3
247,T,L,-4.921,,0.5,1,T,3
247,T,M,-4.676,0.3995,5.5,2,T,3
247,T,N,-4.825,0.0997,6.5,2,T,3
247,T,P,-4.914,0.04243,4,2,T,3
247,T,Q,-4.247,1.033,3.5,2,T,3
247,T,R,-4.797,0.2079,5.5,2,T,3
247,T,S,-0.8288,0.1271,10,2,T,3
247,T,T,0,0,,2,T,3
247,T,V,-1.406,1.357,3,2,T,3
247,T,W,-4.63,0.432,6.5,2,T,3
247,T,Y,-4.962,0.05445,3,2,T,3
248,A,-,-1.334,1.912,2.5,2,S,3
248,A,A,0,0,,2,S,3
248,A,C,-0.3008,0.6131,4,2,S,3
248,A,D,0.1273,0.021,6.5,2,S,3
248,A,E,-0.1942,0.2697,3,2,S,3
248,A,F,0.1478,0.02107,6,2,S,3
248,A,G,0.04097,0.09945,3,2,S,3
248,A,H,-0.04021,0.05079,2.5,2,S,3
248,A,I,-0.05745,0.3088,3.5,2,S,3
248,A,K,-0.08804,0.2116,7,2,S,3
248,A,L,0.1048,0.09236,7,2,S,3
248,A,M,-0.1123,0.3677,2.5,2,S,3
248,A,N,0.00945,0.171,4.5,2,S,3
248,A,P,-4.659,0.321,1,2,S,3
248,A,Q,0.07524,0.05665,5.5,2,S,3
248,A,R,-0.2154,0.2488,4.5,2,S,3
248,A,S,0.06606,0.06653,12.5,2,S,3
248,A,T,0.06736,0.07118,11,2,S,3
248,A,V,-0.03326,0.1477,6,2,S,3
248,A,W,-0.2303,0.09864,7,2,S,3
248,A,Y,-0.3,0.3387,7.5,2,S,3
249,I,-,-1.797,1.613,3,2,I,3
249,I,A,-3.015,2.687,2,2,I,3
249,I,C,-2.642,0.939,6,2,I,3
249,I,D,-4.926,0.01556,5.5,2,I,3
249,I,E,-4.819,0.1612,5.5,2,I,3
249,I,F,-3.043,0.4094,5,2,I,3
249,I,G,-4.91,0.01768,3.5,2,I,3
249,I,H,-4.909,0.01061,3.5,2,I,3
249,I,I,0,0,,2,I,3
249,I,K,-4.864,0.05728,5,2,I,3
249,I,L,-0.3861,0.4233,2.5,2,I,3
249,I,M,-0.4894,0.06512,6.5,2,I,3
249,I,N,-4.946,0.08202,4.5,2,I,3
249,I,P,-4.409,0.2164,2,2,I,3
249,I,Q,-4.966,0.01485,6.5,2,I,3
249,I,R,-4.973,0.0396,5.5,2,I,3
249,I,S,-4.913,0.0594,3,2,I,3
249,I,T,-4.825,0.1124,5.5,2,I,3
249,I,V,-0.8083,0.4791,4.5,2,I,3
249,I,W,-4.933,0.03253,7.5,2,I,3
249,I,Y,-4.838,0.1245,5,2,I,3
250,A,-,0.03002,0.09207,2,2,A,3
250,A,A,0,0,,2,A,3
250,A,C,-0.5975,0.6654,1.5,2,A,3
250,A,D,-0.6349,0.2686,8.5,2,A,3
250,A,E,-0.6704,0.3215,3.5,2,A,3
250,A,F,-0.7446,0.3811,9.5,2,A,3
250,A,G,-0.3378,0.115,7.5,2,A,3
250,A,H,0.0226,0.1896,4,2,A,3
250,A,I,-0.5193,0.9132,7,2,A,3
250,A,K,-1.446,1.259,1.5,2,A,3
250,A,L,-1.268,1.3,1.5,2,A,3
250,A,M,-0.2692,0.5783,5,2,A,3
250,A,N,-0.04686,0.1959,4.5,2,A,3
250,A,P,-4.882,,2.5,1,A,3
250,A,Q,-0.4633,0.01796,6,2,A,3
250,A,R,-0.8413,0.1997,4,2,A,3
250,A,S,-2.36,3.093,10,2,A,3
250,A,T,-0.7177,0.09942,13.5,2,A,3
250,A,V,-0.7928,0.525,7.5,2,A,3
250,A,W,-0.06105,0.2326,3,2,A,3
250,A,Y,-1.092,0.3319,5.5,2,A,3
251,N,-,-0.2222,0.01407,2.5,2,N,3
251,N,A,-0.00893,0.0744,3,2,N,3
251,N,C,0.0705,0.06053,7,2,N,3
251,N,D,-0.6373,0.9146,5,2,N,3
251,N,E,-1.399,0.05374,3,2,N,3
251,N,F,-0.6536,0.02249,4.5,2,N,3
251,N,G,-1.422,1.981,2.5,2,N,3
251,N,H,-0.6368,1.088,10.5,2,N,3
251,N,I,-4.915,0.08697,3,2,N,3
251,N,K,0.05041,0.1687,3,2,N,3
251,N,L,-4.38,0.8464,6,2,N,3
251,N,M,-1.788,1.788,3.5,2,N,3
251,N,N,0,0,,2,N,3
251,N,P,-4.724,0.2666,3,2,N,3
251,N,Q,0.106,0.05826,4,2,N,3
251,N,R,0.1043,0.04182,4,2,N,3
251,N,S,-0.1965,0.2959,7,2,N,3
251,N,T,-0.1667,0.2338,4.5,2,N,3
251,N,V,-4.805,0.2461,4,2,N,3
251,N,W,-1.622,2.345,3,2,N,3
251,N,Y,-0.2505,0.008415,4,2,N,3
252,I,-,-2.517,3.299,3.5,2,I,3
252,I,A,0.1164,0.03639,2.5,2,I,3
252,I,C,-0.3229,0.1841,8,2,I,3
252,I,D,-4.946,0.07637,5.5,2,I,3
252,I,E,-4.925,0.03606,4.5,2,I,3
252,I,F,-1.089,0.9752,6.5,2,I,3
252,I,G,-4.53,0.606,5,2,I,3
252,I,H,-0.4258,0.3024,3.5,2,I,3
252,I,I,0,0,,2,I,3
252,I,K,-3.131,1.683,3,2,I,3
252,I,L,-0.3535,0.6822,6.5,2,I,3
252,I,M,-2.397,3.626,2,2,I,3
252,I,N,-1.339,0.04808,4,2,I,3
252,I,P,-4.867,,1.5,1,I,3
252,I,Q,-0.9346,1.406,3.5,2,I,3
252,I,R,-4.427,0.466,3,2,I,3
252,I,S,-1.019,0.004243,5,2,I,3
252,I,T,-0.6,0.07396,4.5,2,I,3
252,I,V,0.1288,0.001768,6.5,2,I,3
252,I,W,-1.204,0.05445,5.5,2,I,3
252,I,Y,-0.299,0.08033,2,2,I,3
253,I,-,-1.287,,1.5,1,I,3
253,I,A,-0.7744,0.2549,2.5,2,I,3
253,I,C,0.1439,0.02539,6.5,2,I,3
253,I,D,-4.548,0.3069,3.5,2,I,3
253,I,E,-2.748,1.697,4,2,I,3
253,I,F,-4.241,0.5247,3,2,I,3
253,I,G,-2.134,0.04384,9,2,I,3
253,I,H,-2.083,0.2821,5,2,I,3
253,I,I,0,0,,2,I,3
253,I,K,-1.806,0.6781,5.5,2,I,3
253,I,L,-0.3176,0.03917,4.5,2,I,3
253,I,M,-0.1365,0.06515,4,2,I,3
253,I,N,-0.3052,0.117,3.5,2,I,3
253,I,P,-4.917,,1.5,1,I,3
253,I,Q,-0.0163,0.2126,2,2,I,3
253,I,R,-2.242,0.2284,2.5,2,I,3
253,I,S,-0.8893,0.4535,7.5,2,I,3
253,I,T,-0.5713,0.7236,3.5,2,I,3
253,I,V,-0.03005,0.2201,6,2,I,3
253,I,W,-4.54,0.1534,5,2,I,3
253,I,Y,-3.461,0.3741,3.5,2,I,3
254,Y,*,-2.398,3.379,2.5,2,Y,3
254,Y,-,-1.204,,1.5,1,Y,3
254,Y,A,-3.662,0.4964,5.5,2,Y,3
254,Y,C,-4.912,0.02899,8,2,Y,3
254,Y,D,-4.873,0.06081,3,2,Y,3
254,Y,E,-2.299,0.09405,6.5,2,Y,3
254,Y,F,-0.9335,0.705,6.5,2,Y,3
254,Y,G,-4.869,0.0297,2.5,2,Y,3
254,Y,H,-0.709,0.4355,6.5,2,Y,3
254,Y,I,-1.911,0.2722,5.5,2,Y,3
254,Y,K,-4.043,1.195,3.5,2,Y,3
254,Y,L,-0.6884,0.4449,6.5,2,Y,3
254,Y,M,-3.857,,1,1,Y,3
254,Y,N,-3.984,0.4342,4,2,Y,3
254,Y,P,-1.455,0.4045,7,2,Y,3
254,Y,Q,-1.202,1.83,3.5,2,Y,3
254,Y,R,-4.687,0.2093,2.5,2,Y,3
254,Y,S,-3.131,2.029,5,2,Y,3
254,Y,T,-3.049,1.626,2.5,2,Y,3
254,Y,V,-0.8192,0.1457,2,2,Y,3
254,Y,W,-2.771,0.7559,3,2,Y,3
254,Y,Y,0,0,,2,Y,3
255,C,*,-3.841,,1,1,C,3
255,C,-,-0.1424,,1.5,1,C,3
255,C,A,-4.915,0.02616,4.5,2,C,3
255,C,C,0,0,,2,C,3
255,C,D,-4.923,0.1068,3.5,2,C,3
255,C,E,-4.899,0.07495,5,2,C,3
255,C,F,-4.838,0.2454,12.5,2,C,3
255,C,G,-4.881,0.06859,2.5,2,C,3
255,C,H,-4.919,0.04384,4,2,C,3
255,C,I,-4.934,0.007778,11,2,C,3
255,C,K,-4.574,0.006364,4.5,2,C,3
255,C,L,-4.88,0.1054,3.5,2,C,3
255,C,M,-4.815,0.04808,3,2,C,3
255,C,N,-4.082,1.221,2.5,2,C,3
255,C,P,-4.723,0.2567,3,2,C,3
255,C,Q,-4.953,0.05303,3.5,2,C,3
255,C,R,-4.926,0.01697,7,2,C,3
255,C,S,-4.897,0.0799,4.5,2,C,3
255,C,T,-4.968,0.01556,3.5,2,C,3
255,C,V,-4.907,0.008485,8,2,C,3
255,C,W,-4.651,0.3677,4.5,2,C,3
255,C,Y,-4.904,0.1075,11.5,2,C,3
256,N,-,0.07002,,1,1,N,3
256,N,A,-0.1854,0.03175,1.5,2,N,3
256,N,C,-1.061,0.4764,5.5,2,N,3
256,N,D,-1.362,2.172,3,2,N,3
256,N,E,-0.09627,0.01121,7.5,2,N,3
256,N,F,-0.3022,0.5197,3,2,N,3
256,N,G,-1.256,0.1633,5,2,N,3
256,N,H,-0.1514,0.3991,4,2,N,3
256,N,I,-0.4156,0.4097,4,2,N,3
256,N,K,-0.7865,0.6512,5,2,N,3
256,N,L,-1.211,0.1011,6.5,2,N,3
256,N,M,-0.8211,0.3521,9,2,N,3
256,N,N,0,0,,2,N,3
256,N,P,-4.906,0.04525,2.5,2,N,3
256,N,Q,-1.056,1.577,4.5,2,N,3
256,N,R,-0.1418,0.413,4,2,N,3
256,N,S,-0.3981,0.1909,6.5,2,N,3
256,N,T,-0.0747,0.2738,6,2,N,3
256,N,V,-2.968,2.824,4,2,N,3
256,N,W,-4.347,0.1124,3,2,N,3
256,N,Y,-0.2568,0.4299,5.5,2,N,3
257,S,-,-0.2925,,1,1,S,3
257,S,A,-2.455,0.2934,5.5,2,S,3
257,S,C,-1.212,0.05869,7,2,S,3
257,S,D,-1.038,0.828,1,2,S,3
257,S,E,-3.238,2.229,5,2,S,3
257,S,F,-4.831,0.1888,3,2,S,3
257,S,G,-0.4803,0.3145,7.5,2,S,3
257,S,H,-2.252,2.429,3.5,2,S,3
257,S,I,-4.617,0.01414,14,2,S,3
257,S,K,-4.869,0.001414,4.5,2,S,3
257,S,L,-4.893,0.002121,2.5,2,S,3
257,S,M,-4.968,0.04101,5.5,2,S,3
257,S,N,-0.06435,0.1264,4.5,2,S,3
257,S,P,-2.229,0.8902,6.5,2,S,3
257,S,Q,-4.779,0.3224,8.5,2,S,3
257,S,R,-4.854,0.02475,8.5,2,S,3
257,S,S,0,0,,2,S,3
257,S,T,-0.0519,0.1827,4,2,S,3
257,S,V,-4.787,0.1987,2.5,2,S,3
257,S,W,-4.814,0.005657,4.5,2,S,3
257,S,Y,-4.678,0.297,4.5,2,S,3
258,V,-,-0.5048,,1.5,1,V,3
258,V,A,-0.584,0.3283,6.5,2,V,3
258,V,C,-2.663,0.7135,7,2,V,3
258,V,D,-2.526,0.396,6.5,2,V,3
258,V,E,-3.855,,3.5,1,V,3
258,V,F,-0.1614,0.2774,1.5,2,V,3
258,V,G,-3.396,0.7842,5.5,2,V,3
258,V,H,-0.4189,0.03437,3,2,V,3
258,V,I,-0.02335,0.2058,4,2,V,3
258,V,K,-4.94,0.0601,4,2,V,3
258,V,L,-0.05,0.2536,8.5,2,V,3
258,V,M,-0.1324,0.01103,9.5,2,V,3
258,V,N,-1.548,1.045,3.5,2,V,3
258,V,P,-0.7648,1.174,3.5,2,V,3
258,V,Q,-2.627,1.108,6,2,V,3
258,V,R,-4.821,0.09192,4,2,V,3
258,V,S,-2.992,1.599,3.5,2,V,3
258,V,T,-0.4475,0.8266,5,2,V,3
258,V,V,0,0,,2,V,3
258,V,W,-1.505,1.333,3.5,2,V,3
258,V,Y,-1.865,0.5268,7,2,V,3
259,I,-,-0.08792,,1.5,1,I,3
259,I,A,-3.101,0.1697,4,2,I,3
259,I,C,-4.675,0.4448,4.5,2,I,3
259,I,D,-4.581,0.4363,3.5,2,I,3
259,I,E,-3.704,1.726,3.5,2,I,3
259,I,F,0.06296,0.1504,8.5,2,I,3
259,I,G,-4.486,0.5268,3.5,2,I,3
259,I,H,-2.421,,2.5,1,I,3
259,I,I,0,0,,2,I,3
259,I,K,-4.718,0.0997,5,2,I,3
259,I,L,0.06745,0.05918,6.5,2,I,3
259,I,M,-0.3297,0.5905,5,2,I,3
259,I,N,-3.125,0.5409,4,2,I,3
259,I,P,-4.676,0.02192,3.5,2,I,3
259,I,Q,-4.54,0.145,8,2,I,3
259,I,R,-4.263,0.08344,3.5,2,I,3
259,I,S,-0.6679,0.7893,2.5,2,I,3
259,I,T,-0.7846,0.2345,6,2,I,3
259,I,V,-1.091,0.08415,4.5,2,I,3
259,I,W,0.03333,0.1493,4,2,I,3
259,I,Y,0.1121,0.03643,4.5,2,I,3
260,N,-,-0.4176,0.02659,1.5,2,N,3
260,N,A,-2.681,,3,1,N,3
260,N,C,-4.819,0.1662,6,2,N,3
260,N,D,0.105,0.05238,6.5,2,N,3
260,N,E,-2.167,0.6993,7.5,2,N,3
260,N,F,-4.897,0.0007071,4.5,2,N,3
260,N,G,-2.347,0.3097,5.5,2,N,3
260,N,H,-2.938,0.1174,7,2,N,3
260,N,I,-4.871,0.1322,9,2,N,3
260,N,K,-4.364,0.1683,11,2,N,3
260,N,L,-3.269,2.278,3.5,2,N,3
260,N,M,-1.072,1.754,1.5,2,N,3
260,N,N,0,0,,2,N,3
260,N,P,-4.923,0.009899,4,2,N,3
260,N,Q,-2.438,0.1025,6,2,N,3
260,N,R,-1.298,,0.5,1,N,3
260,N,S,-1.528,0.1704,5.5,2,N,3
260,N,T,-4.835,0.1336,6,2,N,3
260,N,V,-3.083,2.719,4.5,2,N,3
260,N,W,-4.872,0.05445,6.5,2,N,3
260,N,Y,-4.413,0.1824,4.5,2,N,3
261,R,-,-2.311,3.211,2,2,R,3
261,R,A,-1.004,0.2686,3.5,2,R,3
261,R,C,-0.8719,0.3565,7.5,2,R,3
261,R,D,-2.641,0.7828,4.5,2,R,3
261,R,E,-1.437,0.1768,9.5,2,R,3
261,R,F,-1.692,0.6237,9,2,R,3
261,R,G,-1.363,1.22,8,2,R,3
261,R,H,-0.4926,,2.5,1,R,3
261,R,I,-1.187,0.7524,4,2,R,3
261,R,K,-0.07245,0.3369,5,2,R,3
261,R,L,-1.097,1.022,9.5,2,R,3
261,R,M,-0.3747,0.3434,4,2,R,3
261,R,N,-0.1414,0.124,6,2,R,3
261,R,P,-4.933,0.1018,5,2,R,3
261,R,Q,-0.582,0.2539,9.5,2,R,3
261,R,R,0,0,,2,R,3
261,R,S,-0.6195,0.01096,8,2,R,3
261,R,T,-0.7114,0.03712,8,2,R,3
261,R,V,-0.4071,0.3932,4.5,2,R,3
261,R,W,-1.559,0.04313,14,2,R,3
261,R,Y,-0.758,1.096,2.5,2,R,3
262,L,-,-0.08783,0.1821,2.5,2,L,3
262,L,A,-4.888,0.05798,2,2,L,3
262,L,C,-4.89,0.05586,7,2,L,3
262,L,D,-4.925,0.009192,5,2,L,3
262,L,E,-4.873,0.1556,7,2,L,3
262,L,F,-4.935,0.01202,6.5,2,L,3
262,L,G,-4.676,0.3012,2,2,L,3
262,L,H,-4.995,0.02404,4,2,L,3
262,L,I,0.1067,0.01485,4.5,2,L,3
262,L,K,-4.883,0.1789,3.5,2,L,3
262,L,L,0,0,,2,L,3
262,L,M,-3.998,0.3429,5,2,L,3
262,L,N,-4.919,0.06718,4.5,2,L,3
262,L,P,-2.636,3.332,4,2,L,3
262,L,Q,-4.904,0.06576,5.5,2,L,3
262,L,R,-4.925,0.02051,7,2,L,3
262,L,S,-4.926,0.03536,5,2,L,3
262,L,T,-4.923,0.02899,5.5,2,L,3
262,L,V,-0.5472,0.9049,4.5,2,L,3
262,L,W,-4.957,0.003536,4.5,2,L,3
262,L,Y,-4.966,,1.5,1,L,3
263,R,*,-1.494,1.966,1,2,R,3
263,R,-,-0.5828,0.8247,1.5,2,R,3
263,R,A,-2.216,0.5197,3,2,R,3
263,R,C,-0.2792,0.5405,4.5,2,R,3
263,R,D,-4.832,0.03606,4.5,2,R,3
263,R,E,-4.96,0.06293,6.5,2,R,3
263,R,F,-1.697,0.3578,9.5,2,R,3
263,R,G,-4.499,0.2454,4.5,2,R,3
263,R,H,-3.083,1.068,6.5,2,R,3
263,R,I,-4.688,0.3302,10.5,2,R,3
263,R,K,0.03811,0.1817,11,2,R,3
263,R,L,-0.8502,0.4353,6.5,2,R,3
263,R,M,-1.66,0.7142,4,2,R,3
263,R,N,-3.412,0.4808,6,2,R,3
263,R,P,-4.961,0.02546,3.5,2,R,3
263,R,Q,-4.092,0.9553,5,2,R,3
263,R,R,0,0,,2,R,3
263,R,S,-1.401,0.3769,5.5,2,R,3
263,R,T,-4.887,0.09475,5.5,2,R,3
263,R,V,-4.934,0.04879,4,2,R,3
263,R,W,-4.12,0.3458,6,2,R,3
263,R,Y,-1.238,0.08273,8,2,R,3
264,C,*,-4.819,,0.5,1,C,3
264,C,-,-0.3212,0.035,1.5,2,C,3
264,C,A,-4.934,0.02333,7.5,2,C,3
264,C,C,0,0,,2,C,3
264,C,D,-4.915,0.0799,12.5,2,C,3
264,C,E,-4.919,0.05091,2.5,2,C,3
264,C,F,-4.963,0.02192,11,2,C,3
264,C,G,-4.819,0.1464,7,2,C,3
264,C,H,-2.704,3.078,3,2,C,3
264,C,I,-4.706,0.2751,6,2,C,3
264,C,K,-2.97,2.838,3,2,C,3
264,C,L,-4.918,0.0297,4,2,C,3
264,C,M,-4.917,0.0007071,5.5,2,C,3
264,C,N,-4.893,0.06718,2,2,C,3
264,C,P,-4.947,0.06718,3.5,2,C,3
264,C,Q,-4.992,0.02051,4,2,C,3
264,C,R,-4.948,0.02616,7,2,C,3
264,C,S,-4.873,0.03253,4.5,2,C,3
264,C,T,-4.632,0.4766,5,2,C,3
264,C,V,-4.883,0.1704,11,2,C,3
264,C,W,-4.928,0.02758,4.5,2,C,3
264,C,Y,-4.689,0.06788,11,2,C,3
265,D,-,-2.419,2.581,2,2,D,3
265,D,A,0.1002,0.04792,7,2,D,3
265,D,C,-1.683,0.5834,8,2,D,3
265,D,D,0,0,,2,D,3
265,D,E,-0.3689,0.3715,8.5,2,D,3
265,D,F,-3.587,1.923,5,2,D,3
265,D,G,-0.5462,0.9431,2,2,D,3
265,D,H,-0.002815,0.1379,4.5,2,D,3
265,D,I,-2.357,0.2772,9.5,2,D,3
265,D,K,-0.9523,0.8028,4.5,2,D,3
265,D,L,-1.135,0.3108,5.5,2,D,3
265,D,M,0.02516,0.1314,3,2,D,3
265,D,N,0.1507,0.01471,3.5,2,D,3
265,D,P,-4.949,0.07,6,2,D,3
265,D,Q,0.06273,0.08806,2,2,D,3
265,D,R,0.01624,0.1629,11.5,2,D,3
265,D,S,-0.1372,0.2631,6.5,2,D,3
265,D,T,0.02805,0.1828,7.5,2,D,3
265,D,V,-2.832,1.752,4.5,2,D,3
265,D,W,-0.496,0.8937,2.5,2,D,3
265,D,Y,-2.484,0.3627,17.5,2,D,3
266,Q,*,-4.835,0.07495,4,2,Q,3
266,Q,-,-0.7028,0.1597,1.5,2,Q,3
266,Q,A,-2.175,0.01131,4,2,Q,3
266,Q,C,-1.7,0.0799,4.5,2,Q,3
266,Q,D,-4.387,0.1499,1.5,2,Q,3
266,Q,E,-2.414,2.924,4.5,2,Q,3
266,Q,F,-1.907,0.8917,4,2,Q,3
266,Q,G,-1.399,0.5551,4,2,Q,3
266,Q,H,-0.5395,0.001344,9.5,2,Q,3
266,Q,I,-0.1218,0.1233,3.5,2,Q,3
266,Q,K,-1.978,2.634,6.5,2,Q,3
266,Q,L,0.05,0.02471,3.5,2,Q,3
266,Q,M,-0.8708,0.4458,6,2,Q,3
266,Q,N,-4.159,1.138,4.5,2,Q,3
266,Q,P,-4.86,0.09899,6.5,2,Q,3
266,Q,Q,0,0,,2,Q,3
266,Q,R,-0.3942,0.7952,6,2,Q,3
266,Q,S,-1.306,1.372,4.5,2,Q,3
266,Q,T,-0.1797,0.4815,4,2,Q,3
266,Q,V,-0.3275,0.4905,1,2,Q,3
266,Q,W,-1.322,0.5143,6,2,Q,3
266,Q,Y,0.04338,0.09775,5.5,2,Q,3
267,L,-,-4.099,,0.5,1,L,3
267,L,A,0.0659,,0.5,1,L,3
267,L,C,-0.3517,0.1505,4,2,L,3
267,L,D,-2.149,0.5141,3,2,L,3
267,L,E,-0.6681,1.012,3,2,L,3
267,L,F,-2.981,1.17,5,2,L,3
267,L,G,0.173,,3.5,1,L,3
267,L,H,-0.6935,0.5536,7,2,L,3
267,L,I,-0.341,0.4247,4.5,2,L,3
267,L,K,-0.77,1.025,4,2,L,3
267,L,L,0,0,,2,L,3
267,L,M,-0.8054,0.8961,6,2,L,3
267,L,N,0.09149,0.03028,5,2,L,3
267,L,P,-4.822,0.2305,7.5,2,L,3
267,L,Q,0.1492,0.02411,2.5,2,L,3
267,L,R,-0.3696,0.4931,4.5,2,L,3
267,L,S,-0.0489,0.2516,1,2,L,3
267,L,T,-0.3326,0.1819,7.5,2,L,3
267,L,V,-0.2814,0.01492,8.5,2,L,3
267,L,W,-4.983,0.01697,3,2,L,3
267,L,Y,-2.827,1.677,4,2,L,3
268,S,A,0.05228,0.1238,5,2,S,3
268,S,C,-0.2269,0.01329,2,2,S,3
268,S,D,-0.17,0.4449,4,2,S,3
268,S,E,-0.6922,1.166,2.5,2,S,3
268,S,F,-1.458,2.134,2.5,2,S,3
268,S,G,-0.6635,0.6088,5.5,2,S,3
268,S,H,-1.148,0.2547,5.5,2,S,3
268,S,I,0.01567,0.04243,14,2,S,3
268,S,K,0.04195,0.1074,5.5,2,S,3
268,S,L,0.09819,0.1071,4,2,S,3
268,S,M,-0.1449,0.3924,4,2,S,3
268,S,N,-0.4764,0.0676,9.5,2,S,3
268,S,P,-4.91,,2,1,S,3
268,S,Q,0.07031,0.00524,5,2,S,3
268,S,R,0.121,0.00601,3.5,2,S,3
268,S,S,0,0,,2,S,3
268,S,T,0.01817,,0.5,1,S,3
268,S,V,0.09056,0.1108,2,2,S,3
268,S,W,-1.071,0.7278,2,2,S,3
268,S,Y,-1.804,1.197,2,2,S,3
269,F,A,-4.188,0.9864,2.5,2,F,4
269,F,C,-4.382,0.5289,4,2,F,4
269,F,D,-4.918,0.04384,1.5,2,F,4
269,F,E,-4.991,0.02546,13,2,F,4
269,F,F,0,0,,2,F,4
269,F,G,-4.89,0.006364,3,2,F,4
269,F,H,-4.099,0.145,4,2,F,4
269,F,I,-2.916,1.839,2.5,2,F,4
269,F,K,-3.938,1.031,4,2,F,4
269,F,L,-2.288,0.2694,13,2,F,4
269,F,M,-1.62,0.3196,5,2,F,4
269,F,N,-3.598,1.785,2.5,2,F,4
269,F,P,-4.476,0.3613,1.5,2,F,4
269,F,Q,-4.867,0.07212,5,2,F,4
269,F,R,-4.591,0.5933,6.5,2,F,4
269,F,S,-4.905,0.1492,10,2,F,4
269,F,T,-4.889,0.007778,1.5,2,F,4
269,F,V,-3.951,,2.5,1,F,4
269,F,W,0.1535,0.02843,4.5,2,F,4
269,F,Y,-0.08105,0.3071,1.5,2,F,4
270,D,A,-0.01373,0.09265,5,2,Y,4
270,D,C,-0.4524,0.7517,6,2,Y,4
270,D,D,0,0,,2,Y,4
270,D,E,0.01135,0.1343,9,2,Y,4
270,D,F,-0.7609,1.189,4.5,2,Y,4
270,D,G,-0.8,0.1344,9.5,2,Y,4
270,D,H,0.1268,0.01478,8,2,Y,4
270,D,I,-0.5965,1.039,5,2,Y,4
270,D,K,-0.5581,0.8668,5.5,2,Y,4
270,D,L,0.0947,0.05714,4.5,2,Y,4
270,D,M,0.09851,0.05245,7.5,2,Y,4
270,D,N,0.1439,0.02213,7.5,2,Y,4
270,D,P,-4.608,0.4342,4,2,Y,4
270,D,Q,0.1341,0.006859,3.5,2,Y,4
270,D,R,0.1447,0.01747,4.5,2,Y,4
270,D,S,0.1554,0.0239,5,2,Y,4
270,D,T,-0.1039,0.3333,2.5,2,Y,4
270,D,V,-0.02665,0.2702,4.5,2,Y,4
270,D,W,0.1555,,1,1,Y,4
270,D,Y,0.02339,0.1639,18.5,2,Y,4
271,V,A,-4.95,0.03889,4.5,2,V,4
271,V,C,-3.923,1.381,5,2,V,4
271,V,D,-4.796,0.2319,5.5,2,V,4
271,V,E,-4.447,0.705,2,2,V,4
271,V,F,-4.825,0.1775,7.5,2,V,4
271,V,G,-4.932,0.0198,6,2,V,4
271,V,H,-4.59,0.3627,2.5,2,V,4
271,V,I,0.1494,0.02312,10.5,2,V,4
271,V,K,-4.914,0.05233,4.5,2,V,4
271,V,L,0.1315,0.0007071,9,2,V,4
271,V,M,-2.386,0.8111,4.5,2,V,4
271,V,N,-4.851,0.1131,4.5,2,V,4
271,V,P,-4.459,0.7821,1,2,V,4
271,V,Q,-4.927,0.1011,7.5,2,V,4
271,V,R,-4.708,0.05374,5.5,2,V,4
271,V,S,-2.382,3.566,1,2,V,4
271,V,T,-4.624,0.1598,4.5,2,V,4
271,V,V,0,0,,2,V,4
271,V,W,-3.603,1.834,3,2,V,4
271,V,Y,-4.959,0.05657,9.5,2,V,4
272,P,*,-0.7866,,0.5,1,P,4
272,P,A,-0.1587,0.3389,4.5,2,P,4
272,P,C,-1.381,0.4165,3.5,2,P,4
272,P,D,-0.3358,0.1126,5,2,P,4
272,P,E,0.09882,0.05018,3.5,2,P,4
272,P,F,-3.006,1.691,7,2,P,4
272,P,G,-0.1692,0.2056,2,2,P,4
272,P,H,-0.6647,0.3017,3,2,P,4
272,P,I,-0.8319,0.5233,7,2,P,4
272,P,K,0.04031,0.1413,3.5,2,P,4
272,P,L,-0.3199,0.5818,9,2,P,4
272,P,M,-0.8556,0.1954,5.5,2,P,4
272,P,N,-0.1681,0.2721,4,2,P,4
272,P,P,0,0,,2,P,4
272,P,Q,-0.0698,0.1161,9.5,2,P,4
272,P,R,0.1409,0.009899,4.5,2,P,4
272,P,S,-0.03734,0.0725,12,2,P,4
272,P,T,-0.7563,0.933,5,2,P,4
272,P,V,-0.5978,1.075,1.5,2,P,4
272,P,W,-4.636,0.2539,4,2,P,4
272,P,Y,-1.292,0.9906,1,2,P,4
273,D,*,-4.891,,0.5,1,D,4
273,D,-,-4.97,,0.5,1,D,4
273,D,A,-4.642,0.3726,5,2,D,4
273,D,C,-4.908,0.01202,2.5,2,D,4
273,D,D,0,0,,2,D,4
273,D,E,-4.93,0.02263,5,2,D,4
273,D,F,-4.908,0.01414,7.5,2,D,4
273,D,G,-4.938,0.03748,8,2,D,4
273,D,H,-4.936,0.05445,10.5,2,D,4
273,D,I,-4.064,1.121,2.5,2,D,4
273,D,K,-4.925,0.0007071,4.5,2,D,4
273,D,L,-4.956,0.05657,8,2,D,4
273,D,M,-4.902,0.009192,4.5,2,D,4
273,D,N,0.000935,0.089,6,2,D,4
273,D,P,-4.68,0.2871,4,2,D,4
273,D,Q,-4.643,0.379,3.5,2,D,4
273,D,R,-4.896,0.02333,7.5,2,D,4
273,D,S,-2.987,0.4731,3.5,2,D,4
273,D,T,-4.957,0.01768,3,2,D,4
273,D,V,-4.829,0.2199,2,2,D,4
273,D,W,-4.986,0.01131,4.5,2,D,4
273,D,Y,-4.988,0.01202,8,2,D,4
274,G,A,-4.768,0.2263,4.5,2,G,4
274,G,C,-4.99,0.02404,13.5,2,G,4
274,G,D,-4.994,0.02333,13.5,2,G,4
274,G,E,-4.965,0.0007071,7,2,G,4
274,G,F,-4.845,0.1563,6.5,2,G,4
274,G,G,0,0,,2,G,4
274,G,H,-4.93,0.06505,4,2,G,4
274,G,I,-4.961,0.02263,3.5,2,G,4
274,G,K,-4.965,0.06647,8,2,G,4
274,G,L,-4.522,0.5388,4.5,2,G,4
274,G,M,-4.825,0.04031,4,2,G,4
274,G,N,-4.711,0.2482,5,2,G,4
274,G,P,-4.381,0.734,5.5,2,G,4
274,G,Q,-4.919,0.01414,3.5,2,G,4
274,G,R,-4.901,0.02121,4,2,G,4
274,G,S,-4.989,0.02263,9,2,G,4
274,G,T,-4.938,0.03323,5.5,2,G,4
274,G,V,-4.936,0.002828,9,2,G,4
274,G,W,-2.679,3.212,3.5,2,G,4
274,G,Y,-5.003,,2,1,G,4
275,F,*,-1.881,,0.5,1,F,4
275,F,-,-0.1035,,0.5,1,F,4
275,F,A,-4.918,0.09263,9,2,F,4
275,F,C,-4.909,0.09192,3,2,F,4
275,F,D,-4.873,0.1329,5,2,F,4
275,F,E,-4.962,0.01273,5.5,2,F,4
275,F,F,0,0,,2,F,4
275,F,G,-2.501,2.167,5.5,2,F,4
275,F,H,-4.876,0.03323,2.5,2,F,4
275,F,I,0.09326,0.01109,8.5,2,F,4
275,F,K,-4.889,0.005657,2.5,2,F,4
275,F,L,-0.5129,0.3849,13.5,2,F,4
275,F,M,-2.001,3.017,2,2,F,4
275,F,N,-4.501,0.6498,4,2,F,4
275,F,P,-4.929,0.04243,6,2,F,4
275,F,Q,-4.946,0.08485,4,2,F,4
275,F,R,-4.914,0.04101,4,2,F,4
275,F,S,-4.933,0.04455,4,2,F,4
275,F,T,-4.702,0.02899,4.5,2,F,4
275,F,V,0.1454,0.03486,9,2,F,4
275,F,W,-2.514,3.478,2.5,2,F,4
275,F,Y,-4.584,0.4455,4,2,F,4
276,Y,*,-2.49,3.326,1.5,2,Y,4
276,Y,A,-4.921,0.01626,5,2,Y,4
276,Y,C,-4.947,0.02475,7,2,Y,4
276,Y,D,-4.905,0.06081,2.5,2,Y,4
276,Y,E,-4.842,0.239,6.5,2,Y,4
276,Y,F,-4.505,0.5268,8,2,Y,4
276,Y,G,-4.89,0.06293,9,2,Y,4
276,Y,H,-4.718,0.1909,5.5,2,Y,4
276,Y,I,-4.902,0.06223,4,2,Y,4
276,Y,K,-4.951,0.0007071,6,2,Y,4
276,Y,L,-4.834,0.1803,4,2,Y,4
276,Y,M,-4.854,0.1294,2,2,Y,4
276,Y,N,-4.954,0.02404,9,2,Y,4
276,Y,P,-4.909,0.0601,4.5,2,Y,4
276,Y,Q,-4.832,0.1096,3,2,Y,4
276,Y,R,-4.89,0.04525,6.5,2,Y,4
276,Y,S,-4.761,0.005657,6.5,2,Y,4
276,Y,T,-4.976,0.01061,5.5,2,Y,4
276,Y,V,-4.915,0.1287,3.5,2,Y,4
276,Y,W,-4.899,0.09192,7,2,Y,4
276,Y,Y,0,0,,2,Y,4
277,S,-,0.06382,,0.5,1,S,4
277,S,A,-0.3291,0.3102,3,2,S,4
277,S,C,-1.155,0.7418,5,2,S,4
277,S,D,-4.605,0.4794,4,2,S,4
277,S,E,-4.827,0.145,6.5,2,S,4
277,S,F,0.00555,0.2075,3,2,S,4
277,S,G,-4.197,0.08627,4.5,2,S,4
277,S,H,-2.341,1.252,4.5,2,S,4
277,S,I,-2.455,1.838,4.5,2,S,4
277,S,K,-4.845,0.0792,4,2,S,4
277,S,L,-0.1717,0.4342,7,2,S,4
277,S,M,-0.57,0.6449,6,2,S,4
277,S,N,-4.084,1.232,11,2,S,4
277,S,P,-1.428,0.1131,3.5,2,S,4
277,S,Q,-1.196,0.8367,6.5,2,S,4
277,S,R,-4.543,0.5211,7,2,S,4
277,S,S,0,0,,2,S,4
277,S,T,0.1286,0.01584,6,2,S,4
277,S,V,-1.735,0.1124,6,2,S,4
277,S,W,0.1496,0.01591,3.5,2,S,4
277,S,Y,-0.09873,0.04098,7.5,2,S,4
278,T,-,-0.5718,0.3641,1,2,T,4
278,T,A,-0.2238,0.5606,6.5,2,T,4
278,T,C,-0.693,0.117,3.5,2,T,4
278,T,D,-4.471,0.4646,5.5,2,T,4
278,T,E,-4.887,0.08344,3,2,T,4
278,T,F,0.1126,0.01892,6,2,T,4
278,T,G,-1.89,1.223,5.5,2,T,4
278,T,H,-0.1928,0.3995,3.5,2,T,4
278,T,I,0.1261,,5.5,1,T,4
278,T,K,-2.831,2.763,3,2,T,4
278,T,L,-0.1522,0.3122,4.5,2,T,4
278,T,M,0.1539,0.0251,2.5,2,T,4
278,T,N,-0.1547,0.09626,4.5,2,T,4
278,T,P,-4.668,0.1591,6.5,2,T,4
278,T,Q,-0.2917,0.3588,4,2,T,4
278,T,R,-1.178,0.8206,3,2,T,4
278,T,S,-0.4091,0.8101,2.5,2,T,4
278,T,T,0,0,,2,T,4
278,T,V,-0.3653,0.6806,6,2,T,4
278,T,W,-0.4487,0.1281,4,2,T,4
278,T,Y,0.109,0.01843,5,2,T,4
279,S,-,-1.798,2.026,2,2,S,4
279,S,A,-0.2466,0.5422,4,2,S,4
279,S,C,-0.4387,0.05388,4.5,2,S,4
279,S,D,-3.273,0.7212,9.5,2,S,4
279,S,E,-3.093,0.9426,5.5,2,S,4
279,S,F,-1.607,0.2284,4.5,2,S,4
279,S,G,-4.159,0.8224,4,2,S,4
279,S,H,-0.7814,0.1288,5.5,2,S,4
279,S,I,-2.812,0.04101,3,2,S,4
279,S,K,-2.639,0.03889,5.5,2,S,4
279,S,L,-3.082,0.1308,2.5,2,S,4
279,S,M,-1.615,0.05728,4.5,2,S,4
279,S,N,-0.8804,0.2921,8.5,2,S,4
279,S,P,-3.205,2.074,5.5,2,S,4
279,S,Q,-1.005,1.425,6,2,S,4
279,S,R,-1.782,0.0495,10,2,S,4
279,S,S,0,0,,2,S,4
279,S,T,-0.4808,0.863,4,2,S,4
279,S,V,-0.5825,0.5933,11,2,S,4
279,S,W,-2.45,1.423,4.5,2,S,4
279,S,Y,-1.39,0.6586,10.5,2,S,4
280,P,-,-2.055,2.241,2.5,2,P,4
280,P,A,0.08361,0.05329,3.5,2,P,4
280,P,C,-1.184,0.5686,5.5,2,P,4
280,P,D,0.137,0.05244,4.5,2,P,4
280,P,E,0.1361,0.02963,7.5,2,P,4
280,P,F,-1.331,2.125,4,2,P,4
280,P,G,0.171,,1,1,P,4
280,P,H,-0.3597,0.1197,10.5,2,P,4
280,P,I,-1.026,0.4676,1.5,2,P,4
280,P,K,-0.475,0.8796,5.5,2,P,4
280,P,L,0.151,0.03111,6,2,P,4
280,P,M,-0.2858,0.1938,4.5,2,P,4
280,P,N,0.1232,0.02249,2,2,P,4
280,P,P,0,0,,2,P,4
280,P,Q,0.08044,0.05553,6,2,P,4
280,P,R,0.1517,0.02482,3,2,P,4
280,P,S,0.05031,0.1144,4.5,2,P,4
280,P,T,-0.1443,0.3158,10.5,2,P,4
280,P,V,-0.1043,0.3822,6,2,P,4
280,P,W,0.0494,0.1387,3.5,2,P,4
280,P,Y,-0.02765,0.08217,6.5,2,P,4
281,I,-,-1.547,0.8975,2.5,2,I,4
281,I,A,-0.1601,0.4598,3,2,I,4
281,I,C,-1.48,1.513,3,2,I,4
281,I,D,-0.8574,0.7179,5.5,2,I,4
281,I,E,-0.6052,0.02715,4,2,I,4
281,I,F,-0.3537,0.2145,2.5,2,I,4
281,I,G,-0.8347,0.7811,9.5,2,I,4
281,I,H,-0.6714,0.9116,4,2,I,4
281,I,I,0,0,,2,I,4
281,I,K,-0.3682,0.3217,5.5,2,I,4
281,I,L,-0.02225,0.1791,3.5,2,I,4
281,I,M,-0.1263,0.1793,4,2,I,4
281,I,N,-0.03155,0.08123,2,2,I,4
281,I,P,-0.05087,0.2064,4.5,2,I,4
281,I,Q,-0.1099,0.1611,6.5,2,I,4
281,I,R,0.08906,0.03202,3.5,2,I,4
281,I,S,-0.04645,0.2389,5,2,I,4
281,I,T,0.1498,0.03345,5,2,I,4
281,I,V,-0.1211,0.2064,10,2,I,4
281,I,W,0.007585,0.122,4,2,I,4
281,I,Y,-0.5379,0.2069,5.5,2,I,4
282,Q,*,-4.67,0.3896,3,2,Q,4
282,Q,-,-1.397,,1.5,1,Q,4
282,Q,A,-0.2372,0.529,5,2,Q,4
282,Q,C,-0.4206,0.7521,4,2,Q,4
282,Q,D,-3.809,0.6166,2.5,2,Q,4
282,Q,E,0.1356,,0.5,1,Q,4
282,Q,F,-1.313,0.6198,4.5,2,Q,4
282,Q,G,0.08073,0.0168,8,2,Q,4
282,Q,H,-0.25,0.1324,5,2,Q,4
282,Q,I,-0.6049,0.382,4.5,2,Q,4
282,Q,K,-0.9565,0.7885,11,2,Q,4
282,Q,L,-0.5372,0.1096,7.5,2,Q,4
282,Q,M,-0.2052,0.4708,5.5,2,Q,4
282,Q,N,-1.035,0.6209,4,2,Q,4
282,Q,P,-0.193,0.4405,3,2,Q,4
282,Q,Q,0,0,,2,Q,4
282,Q,R,-0.3575,0.3651,13,2,Q,4
282,Q,S,-0.2151,0.2446,8,2,Q,4
282,Q,T,-0.3151,0.6486,4,2,Q,4
282,Q,V,-0.8225,1.409,3.5,2,Q,4
282,Q,W,-1.79,0.3182,7.5,2,Q,4
282,Q,Y,-0.3028,0.4465,9.5,2,Q,4
283,S,-,0.04652,,1,1,S,4
283,S,A,-0.372,0.3749,6,2,S,4
283,S,C,-1.444,0.5614,12,2,S,4
283,S,D,0.09942,0.005487,5.5,2,S,4
283,S,E,0.1235,0.05761,3,2,S,4
283,S,F,-1.781,1.238,3.5,2,S,4
283,S,G,-0.1731,0.2444,7.5,2,S,4
283,S,H,0.04652,0.07945,5,2,S,4
283,S,I,-0.3303,0.07651,14,2,S,4
283,S,K,-0.03815,0.249,4,2,S,4
283,S,L,-1.347,2.032,6.5,2,S,4
283,S,M,-0.2611,0.1876,8,2,S,4
283,S,N,-0.6973,1.183,10,2,S,4
283,S,P,0.03648,0.1921,3.5,2,S,4
283,S,Q,-0.1775,0.3762,8,2,S,4
283,S,R,-0.3975,0.2541,9,2,S,4
283,S,S,0,0,,2,S,4
283,S,T,0.08613,0.03914,6.5,2,S,4
283,S,V,-0.3272,0.2257,6.5,2,S,4
283,S,W,-1.595,0.314,5.5,2,S,4
283,S,Y,-0.1789,0.4516,8,2,S,4
284,V,-,0.04988,,1,1,V,4
284,V,A,0.0471,0.063,8,2,V,4
284,V,C,-0.2277,0.5312,4.5,2,V,4
284,V,D,0.06603,0.1349,5,2,V,4
284,V,E,0.03795,0.1541,5,2,V,4
284,V,F,-0.4473,0.6751,15,2,V,4
284,V,G,0.1359,0.03026,4,2,V,4
284,V,H,-0.2473,0.07502,4.5,2,V,4
284,V,I,-0.1326,0.1105,4.5,2,V,4
284,V,K,-0.6049,0.3695,3,2,V,4
284,V,L,0.08231,0.08851,4.5,2,V,4
284,V,M,0.1319,0.01202,4,2,V,4
284,V,N,0.04819,0.1059,3,2,V,4
284,V,P,-0.09244,0.1834,4.5,2,V,4
284,V,Q,0.13,0.01358,7.5,2,V,4
284,V,R,-0.06438,0.1631,9,2,V,4
284,V,S,-0.3673,0.4763,2.5,2,V,4
284,V,T,-0.166,0.1893,9,2,V,4
284,V,V,0,0,,2,V,4
284,V,W,-0.7132,0.9063,4,2,V,4
284,V,Y,-0.02118,0.05416,5.5,2,V,4
285,E,*,-4.918,0.006364,9,2,E,4
285,E,-,-0.2901,,1,1,E,4
285,E,A,-0.1849,0.4436,4,2,E,4
285,E,C,-2.59,0.8245,7,2,E,4
285,E,D,-0.0825,0.06747,12,2,E,4
285,E,E,0,0,,2,E,4
285,E,F,-0.4416,0.1568,5,2,E,4
285,E,G,-0.9613,0.5158,3.5,2,E,4
285,E,H,-0.2079,0.4784,12.5,2,E,4
285,E,I,-0.841,0.707,4,2,E,4
285,E,K,-0.09811,0.1349,10,2,E,4
285,E,L,-0.7756,0.1566,9,2,E,4
285,E,M,-1.105,0.9663,4,2,E,4
285,E,N,0.01503,0.1588,3.5,2,E,4
285,E,P,-0.3621,0.1489,3.5,2,E,4
285,E,Q,-0.01935,0.08864,3,2,E,4
285,E,R,-0.6443,0.5723,8.5,2,E,4
285,E,S,-0.1552,0.1569,3,2,E,4
285,E,T,-0.2293,0.5651,2.5,2,E,4
285,E,V,-0.3067,0.0693,3.5,2,E,4
285,E,W,-1.23,0.01485,8,2,E,4
285,E,Y,-0.5149,0.6428,5,2,E,4
286,L,-,0.0222,,1,1,L,4
286,L,A,-2.313,1.519,5,2,L,4
286,L,C,-2.825,0.5112,5.5,2,L,4
286,L,D,-2.769,1.365,2.5,2,L,4
286,L,E,-0.6479,0.1279,3,2,L,4
286,L,F,-0.3108,0.1986,2,2,L,4
286,L,G,-2.491,3.283,3.5,2,L,4
286,L,H,-0.01509,0.03766,3.5,2,L,4
286,L,I,0.1532,0.02835,4,2,L,4
286,L,K,-1.467,0.4207,4,2,L,4
286,L,L,0,0,,2,L,4
286,L,M,-0.7028,0.2497,8,2,L,4
286,L,N,-0.6662,0.6078,2.5,2,L,4
286,L,P,-0.5167,0.2116,2.5,2,L,4
286,L,Q,-0.9832,0.9656,2.5,2,L,4
286,L,R,-2.024,1.335,4.5,2,L,4
286,L,S,-2.252,0.5035,3,2,L,4
286,L,T,-0.447,0.8642,4.5,2,L,4
286,L,V,-0.5185,0.08535,7,2,L,4
286,L,W,-2.763,2.407,4,2,L,4
286,L,Y,-1.723,0.7149,3,2,L,4
287,P,A,-2.824,0.6732,4.5,2,P,4
287,P,C,-4.94,0.02828,10,2,P,4
287,P,D,-1.273,0.2051,2,2,P,4
287,P,E,-2.441,0.4469,6,2,P,4
287,P,F,-2.557,3.293,1.5,2,P,4
287,P,G,-1.91,0.6336,4,2,P,4
287,P,H,-4.934,0.02121,5.5,2,P,4
287,P,I,-4.892,0.009899,2.5,2,P,4
287,P,K,-4.882,0.01556,2.5,2,P,4
287,P,L,-4.571,0.4801,5,2,P,4
287,P,M,-4.958,0.04243,6,2,P,4
287,P,N,-4.097,0.8118,4.5,2,P,4
287,P,P,0,0,,2,P,4
287,P,Q,-4.989,0.03182,5,2,P,4
287,P,R,-4.788,0.2397,8,2,P,4
287,P,S,-4.098,0.4681,11.5,2,P,4
287,P,T,-4.829,0.1011,8.5,2,P,4
287,P,V,-4.716,0.3309,5.5,2,P,4
287,P,W,-4.921,0.01202,4.5,2,P,4
287,P,Y,-4.726,0.1626,7.5,2,P,4
288,V,A,-0.1784,0.3468,5.5,2,V,4
288,V,C,-0.3343,0.5633,3.5,2,V,4
288,V,D,0.1216,0.06597,3,2,V,4
288,V,E,0.08736,0.06285,6,2,V,4
288,V,F,0.1391,0.01386,3.5,2,V,4
288,V,G,-1.196,0.4576,4,2,V,4
288,V,H,-0.3853,0.6764,5.5,2,V,4
288,V,I,0.0677,0.08118,4.5,2,V,4
288,V,K,-0.1558,0.2294,2,2,V,4
288,V,L,-0.2577,0.4449,8,2,V,4
288,V,M,-0.3778,0.7322,5,2,V,4
288,V,N,0.03491,0.1331,4,2,V,4
288,V,P,-0.257,0.4701,4,2,V,4
288,V,Q,-0.1137,0.1797,4,2,V,4
288,V,R,-0.02133,0.09185,8,2,V,4
288,V,S,-0.4836,0.7473,5.5,2,V,4
288,V,T,-0.08005,0.2659,7,2,V,4
288,V,V,0,0,,2,V,4
288,V,W,-0.8265,0.9709,3,2,V,4
288,V,Y,-0.2738,0.4475,8,2,V,4
289,S,A,-3.14,0.2765,5.5,2,S,4
289,S,C,-2.664,0.6633,2.5,2,S,4
289,S,D,-4.925,0.1025,5,2,S,4
289,S,E,-4.821,0.1697,5.5,2,S,4
289,S,F,-4.69,0.3316,7,2,S,4
289,S,G,-4.601,0.4391,5,2,S,4
289,S,H,-4.836,0.08768,4,2,S,4
289,S,I,-4.873,0.02899,3.5,2,S,4
289,S,K,-4.894,0.02263,4,2,S,4
289,S,L,-4.923,0.06505,3,2,S,4
289,S,M,-4.463,0.4844,5,2,S,4
289,S,N,-4.933,0.02546,3.5,2,S,4
289,S,P,-4.776,0.1471,4.5,2,S,4
289,S,Q,-4.776,0.2404,3.5,2,S,4
289,S,R,-4.883,0.04455,4,2,S,4
289,S,S,0,0,,2,S,4
289,S,T,0.09094,0.1151,5.5,2,S,4
289,S,V,-1.868,0.3818,4.5,2,S,4
289,S,W,-2.777,2.977,2,2,S,4
289,S,Y,-4.979,0.007071,10,2,S,4
290,I,-,-0.5525,0.7771,1,2,I,4
290,I,A,0.03704,0.05854,3.5,2,I,4
290,I,C,-0.4358,0.1051,2,2,I,4
290,I,D,-1.81,0.01414,5.5,2,I,4
290,I,E,0.07449,0.115,5,2,I,4
290,I,F,-0.3429,0.6751,6.5,2,I,4
290,I,G,-4.143,1.138,4,2,I,4
290,I,H,-0.44,0.4557,1,2,I,4
290,I,I,0,0,,2,I,4
290,I,K,-3.93,1.3,4,2,I,4
290,I,L,-1.111,0.5609,6.5,2,I,4
290,I,M,0.04204,0.05984,5,2,I,4
290,I,N,-0.1337,0.2649,3,2,I,4
290,I,P,-4.326,0.9207,4,2,I,4
290,I,Q,-0.03635,0.1609,4,2,I,4
290,I,R,-0.4808,0.1492,5.5,2,I,4
290,I,S,-0.09035,0.3239,6.5,2,I,4
290,I,T,-0.3473,0.429,2,2,I,4
290,I,V,0.1397,0.003536,7.5,2,I,4
290,I,W,0.03689,0.1714,5.5,2,I,4
290,I,Y,-0.1285,0.3765,4,2,I,4
291,V,-,-0.1971,0.3254,1.5,2,V,4
291,V,A,-1.258,0.8519,8.5,2,V,4
291,V,C,-0.555,0.1509,5.5,2,V,4
291,V,D,-4.5,0.5572,4,2,V,4
291,V,E,-4.932,0.03041,3.5,2,V,4
291,V,F,-3.144,2.592,3.5,2,V,4
291,V,G,-2.907,0.1089,4,2,V,4
291,V,H,-3.986,0.6109,5,2,V,4
291,V,I,-1.337,0.7295,7.5,2,V,4
291,V,K,-4.671,0.3571,3,2,V,4
291,V,L,-1.33,0.6459,11,2,V,4
291,V,M,-0.1969,0.4024,6,2,V,4
291,V,N,-4.88,0.02616,7.5,2,V,4
291,V,P,-4.867,0.03253,1,2,V,4
291,V,Q,-4.802,0.2404,2.5,2,V,4
291,V,R,-4.604,0.3592,4.5,2,V,4
291,V,S,-4.639,0.5254,2.5,2,V,4
291,V,T,-3.139,0.3062,9.5,2,V,4
291,V,V,0,0,,2,V,4
291,V,W,-0.9755,0.06152,9,2,V,4
291,V,Y,-0.9598,0.7653,3.5,2,V,4
292,S,-,-0.31,0.5941,1.5,2,S,4
292,S,A,-0.5371,,0.5,1,S,4
292,S,C,-0.5978,0.2744,13.5,2,S,4
292,S,D,-0.4725,0.8492,5.5,2,S,4
292,S,E,-1.607,0.04455,4.5,2,S,4
292,S,F,-2.252,0.5162,3,2,S,4
292,S,G,-0.309,0.2944,3.5,2,S,4
292,S,H,0.1144,,1,1,S,4
292,S,I,-1.221,0.4042,4,2,S,4
292,S,K,-4.654,0.09122,7.5,2,S,4
292,S,L,-0.1249,0.1793,4.5,2,S,4
292,S,M,-2.254,1.732,2,2,S,4
292,S,N,-0.9123,0.2597,5,2,S,4
292,S,P,-3.894,0.7311,10.5,2,S,4
292,S,Q,-0.569,0.7312,3.5,2,S,4
292,S,R,0.1387,0.0222,4.5,2,S,4
292,S,S,0,0,,2,S,4
292,S,T,0.1314,0.04356,3,2,S,4
292,S,V,-0.8253,0.5313,5.5,2,S,4
292,S,W,-0.6564,0.5467,4.5,2,S,4
292,S,Y,-0.5878,0.9294,10.5,2,S,4
293,L,-,-0.2232,0.09178,1.5,2,L,4
293,L,A,-4.386,0.2878,7,2,L,4
293,L,C,-4.814,0.28,5.5,2,L,4
293,L,D,-4.84,,1.5,1,L,4
293,L,E,-4.712,0.3203,8,2,L,4
293,L,F,-1.834,1.405,4,2,L,4
293,L,G,-4.882,0.08485,4,2,L,4
293,L,H,-2.905,0.9086,5.5,2,L,4
293,L,I,-1.011,0.3379,3,2,L,4
293,L,K,-4.345,0.7559,3.5,2,L,4
293,L,L,0,0,,2,L,4
293,L,M,-0.1378,0.4018,8.5,2,L,4
293,L,N,-3.453,0.3748,3,2,L,4
293,L,P,-4.344,0.02758,6,2,L,4
293,L,Q,-3.881,0.5621,3,2,L,4
293,L,R,-4.946,0.07637,6,2,L,4
293,L,S,-3.508,0.1648,3,2,L,4
293,L,T,-3.279,0.3755,4.5,2,L,4
293,L,V,-2.293,0.1025,4.5,2,L,4
293,L,W,-4.028,0.321,10.5,2,L,4
293,L,Y,-4.341,0.1754,7.5,2,L,4
294,P,-,-0.5971,0.8328,2,2,P,4
294,P,A,-1.595,0.8794,5,2,P,4
294,P,C,-4.774,0.2192,3.5,2,P,4
294,P,D,-3.405,,1.5,1,P,4
294,P,E,-4.66,0.2652,4,2,P,4
294,P,F,-2.198,1.9,4,2,P,4
294,P,G,-3.191,0.4073,4.5,2,P,4
294,P,H,-2.662,0.5006,10.5,2,P,4
294,P,I,-3.546,0.2609,6.5,2,P,4
294,P,K,-4.962,0.01556,2.5,2,P,4
294,P,L,-3.86,1.494,5.5,2,P,4
294,P,M,-3.393,1.725,4,2,P,4
294,P,N,-3.665,0.6322,9,2,P,4
294,P,P,0,0,,2,P,4
294,P,Q,-3.377,0.03536,5.5,2,P,4
294,P,R,-4.011,1.305,5,2,P,4
294,P,S,-3.117,0.8096,8.5,2,P,4
294,P,T,-3.227,1.581,5,2,P,4
294,P,V,-2.457,2.532,3.5,2,P,4
294,P,W,-2.266,1.452,4,2,P,4
294,P,Y,-2.052,0.4299,6,2,P,4
295,V,-,-0.4247,0.2625,2.5,2,V,4
295,V,A,-0.3214,0.6397,4,2,V,4
295,V,C,-0.02685,0.2234,3,2,V,4
295,V,D,-2.054,0.1294,7,2,V,4
295,V,E,-1.149,0.4348,7,2,V,4
295,V,F,-1.519,1.343,2,2,V,4
295,V,G,-1.633,0.2171,6,2,V,4
295,V,H,-0.3333,0.4016,6.5,2,V,4
295,V,I,-0.6347,0.3275,4,2,V,4
295,V,K,-1,0.2936,2.5,2,V,4
295,V,L,-0.6349,0.1377,9,2,V,4
295,V,M,0.02856,0.0527,11.5,2,V,4
295,V,N,-0.1744,,1,1,V,4
295,V,P,-4.755,0.3352,5.5,2,V,4
295,V,Q,0.06427,0.1474,4,2,V,4
295,V,R,-0.03589,0.123,4,2,V,4
295,V,S,-0.5896,1.074,4.5,2,V,4
295,V,T,-0.1729,0.141,7.5,2,V,4
295,V,V,0,0,,2,V,4
295,V,W,-1.207,1.438,6.5,2,V,4
295,V,Y,-1.337,0.4632,5.5,2,V,4
296,Y,*,-4.974,,1.5,1,Y,4
296,Y,-,-0.7207,0.5082,2.5,2,Y,4
296,Y,A,-2.388,1.141,7,2,Y,4
296,Y,C,-1.755,0.01697,6.5,2,Y,4
296,Y,D,-2.07,0.6767,6,2,Y,4
296,Y,E,-0.7924,0.862,3,2,Y,4
296,Y,F,-0.2996,0.01633,3.5,2,Y,4
296,Y,G,-1.781,0.07849,5,2,Y,4
296,Y,H,-0.1593,0.2395,5,2,Y,4
296,Y,I,-0.1003,0.2236,3,2,Y,4
296,Y,K,-2.473,0.1329,3,2,Y,4
296,Y,L,-0.3087,0.6146,4.5,2,Y,4
296,Y,M,0.1035,0.07769,4.5,2,Y,4
296,Y,N,-0.8212,0.7775,2.5,2,Y,4
296,Y,P,-1.258,0.1655,6,2,Y,4
296,Y,Q,-0.5116,0.6418,6.5,2,Y,4
296,Y,R,-0.7893,0.242,3.5,2,Y,4
296,Y,S,-2.421,1.037,3.5,2,Y,4
296,Y,T,-2.152,0.123,6,2,Y,4
296,Y,V,-0.74,0.001202,2.5,2,Y,4
296,Y,W,-0.2602,0.4503,9,2,Y,4
296,Y,Y,0,0,,2,Y,4
297,H,-,-1.415,,2,1,H,4
297,H,A,-0.1932,0.2091,3,2,H,4
297,H,C,-0.9612,0.4621,6.5,2,H,4
297,H,D,-1.298,0.1796,8.5,2,H,4
297,H,E,-2.089,0.3168,3,2,H,4
297,H,F,-0.8202,1.319,6,2,H,4
297,H,G,-2.126,0.3649,4,2,H,4
297,H,H,0,0,,2,H,4
297,H,I,-3.204,2.505,2.5,2,H,4
297,H,K,-1.185,1.325,4,2,H,4
297,H,L,-0.0991,0.3306,7,2,H,4
297,H,M,-0.3677,0.2411,4,2,H,4
297,H,N,0.128,0.03189,12,2,H,4
297,H,P,-1.982,0.01768,6,2,H,4
297,H,Q,-1.131,0.2499,3,2,H,4
297,H,R,-0.1193,0.3107,7.5,2,H,4
297,H,S,0.1513,0.02517,6,2,H,4
297,H,T,-0.1819,0.421,4,2,H,4
297,H,V,-0.3868,0.05897,10,2,H,4
297,H,W,-2.338,0.3019,7,2,H,4
297,H,Y,-0.3309,0.2732,6,2,H,4
298,K,*,-0.04799,,0.5,1,K,4
298,K,-,-0.6376,0.377,2,2,K,4
298,K,A,-0.08735,0.2866,6.5,2,K,4
298,K,C,-1.243,0.4487,2.5,2,K,4
298,K,D,-0.01521,0.1076,6,2,K,4
298,K,E,0.08295,0.09144,9,2,K,4
298,K,F,-0.1378,0.07565,4,2,K,4
298,K,G,-0.102,0.2951,3.5,2,K,4
298,K,H,-0.01957,0.06196,5.5,2,K,4
298,K,I,-0.4679,0.7495,3.5,2,K,4
298,K,K,0,0,,2,K,4
298,K,L,0.08845,0.06073,3,2,K,4
298,K,M,0.09495,0.09595,5,2,K,4
298,K,N,-1.547,0.4624,12.5,2,K,4
298,K,P,-2.145,0.7113,6,2,K,4
298,K,Q,-0.0424,0.3002,4,2,K,4
298,K,R,-1.419,1.319,6,2,K,4
298,K,S,-0.8078,0.5391,3.5,2,K,4
298,K,T,-0.4064,0.3513,3,2,K,4
298,K,V,-0.04213,0.1671,5,2,K,4
298,K,W,0.09087,0.007007,6.5,2,K,4
298,K,Y,-0.511,0.9207,3.5,2,K,4
299,H,-,-1.263,1.804,2,2,H,4
299,H,A,-1.518,2.203,2.5,2,H,4
299,H,C,-2.3,1.174,5.5,2,H,4
299,H,D,-4.777,0.2546,5.5,2,H,4
299,H,E,-4.941,0.01061,5.5,2,H,4
299,H,F,-1.481,0.6923,5,2,H,4
299,H,G,-4.891,0.02758,2,2,H,4
299,H,H,0,0,,2,H,4
299,H,I,-2.729,1.712,4,2,H,4
299,H,K,-4.314,0.6859,2,2,H,4
299,H,L,-2.712,3.182,2,2,H,4
299,H,M,0.000125,0.07869,5.5,2,H,4
299,H,N,-1.934,0.7467,10.5,2,H,4
299,H,P,-3.325,1.261,4,2,H,4
299,H,Q,-1.818,0.09546,3.5,2,H,4
299,H,R,-4.056,0.2249,6.5,2,H,4
299,H,S,-2.579,0.5664,3.5,2,H,4
299,H,T,-4.867,0.02758,3,2,H,4
299,H,V,-0.5806,0.9283,3.5,2,H,4
299,H,W,-0.9413,0.8934,3,2,H,4
299,H,Y,-3.187,0.2242,7.5,2,H,4
300,T,-,-1.421,1.383,1.5,2,M,4
300,T,A,-0.5197,0.1821,3.5,2,M,4
300,T,C,-0.3444,0.3101,5.5,2,M,4
300,T,D,-0.777,0.8556,2,2,M,4
300,T,E,0.07393,0.1353,2,2,M,4
300,T,F,-1.401,0.2326,5,2,M,4
300,T,G,-0.6427,0.01471,5.5,2,M,4
300,T,H,-1.342,0.4066,5.5,2,M,4
300,T,I,-0.4824,0.8097,5.5,2,M,4
300,T,K,0.0273,0.2005,5,2,M,4
300,T,L,-0.2415,0.1925,6,2,M,4
300,T,M,-0.4819,0.2618,2.5,2,M,4
300,T,N,-0.9203,0.3164,6,2,M,4
300,T,P,-4.925,0.01768,5,2,M,4
300,T,Q,-0.06176,0.1447,4,2,M,4
300,T,R,-0.5003,0.7065,5,2,M,4
300,T,S,-0.02485,0.1807,4,2,M,4
300,T,T,0,0,,2,M,4
300,T,V,-0.5242,0.9742,3,2,M,4
300,T,W,-3.365,2.016,4.5,2,M,4
300,T,Y,-2.45,0.8245,3.5,2,M,4
301,F,-,-0.5612,0.7902,1.5,2,F,4
301,F,A,0.1082,0.09228,11.5,2,F,4
301,F,C,-0.03875,0.3009,6,2,F,4
301,F,D,0.1275,0.01506,6,2,F,4
301,F,E,-0.1002,0.0534,4,2,F,4
301,F,F,0,0,,2,F,4
301,F,G,-0.02035,0.1931,3,2,F,4
301,F,H,0.09552,0.0499,4.5,2,F,4
301,F,I,-0.1178,0.1989,3,2,F,4
301,F,K,-0.7181,1.075,5.5,2,F,4
301,F,L,-0.1439,0.4245,11.5,2,F,4
301,F,M,-0.631,1.068,4,2,F,4
301,F,N,0.03498,0.1069,3.5,2,F,4
301,F,P,-0.9876,0.9665,6.5,2,F,4
301,F,Q,-0.237,0.5335,6.5,2,F,4
301,F,R,-0.3512,0.3554,6.5,2,F,4
301,F,S,0.07836,0.01195,2.5,2,F,4
301,F,T,0.08829,0.04046,4.5,2,F,4
301,F,V,0.1436,0.0432,3,2,F,4
301,F,W,0.08679,0.06803,4.5,2,F,4
301,F,Y,-0.9001,1.458,2.5,2,F,4
302,I,-,-0.9514,,1,1,I,4
302,I,A,-4.928,0.1195,2,2,I,4
302,I,C,-4.768,0.04808,4.5,2,I,4
302,I,D,-4.909,0.04172,4.5,2,I,4
302,I,E,-4.927,0.05515,3.5,2,I,4
302,I,F,-2.777,1.822,6.5,2,I,4
302,I,G,-4.61,0.437,6,2,I,4
302,I,H,-4.88,0.05869,4,2,I,4
302,I,I,0,0,,2,I,4
302,I,K,-4.987,0.01768,6.5,2,I,4
302,I,L,-0.3356,0.6681,1,2,I,4
302,I,M,0.09748,0.1081,3.5,2,I,4
302,I,N,-4.913,0.001414,6,2,I,4
302,I,P,-4.852,0.0693,6.5,2,I,4
302,I,Q,-4.907,0.03394,2.5,2,I,4
302,I,R,-4.911,0.06223,4.5,2,I,4
302,I,S,-4.95,0.009192,9.5,2,I,4
302,I,T,-4.807,0.2744,7.5,2,I,4
302,I,V,-0.0932,0.3176,8,2,I,4
302,I,W,-4.908,0.0297,5,2,I,4
302,I,Y,-4.643,0.3797,6,2,I,4
303,V,-,0.1228,,1,1,V,4
303,V,A,-1.556,2.217,6.5,2,V,4
303,V,C,-0.5615,0.1119,3.5,2,V,4
303,V,D,-0.5769,0.9575,4.5,2,V,4
303,V,E,0.1548,0.02355,3.5,2,V,4
303,V,F,-0.5987,0.5481,6.5,2,V,4
303,V,G,0.1465,0.02828,3.5,2,V,4
303,V,H,-0.9269,1.041,3.5,2,V,4
303,V,I,0.05254,0.1713,6.5,2,V,4
303,V,K,-0.5171,0.9587,5,2,V,4
303,V,L,-1.544,1.973,4,2,V,4
303,V,M,0.02834,0.03282,9.5,2,V,4
303,V,N,-0.2105,0.4452,3.5,2,V,4
303,V,P,-1.846,0.4681,2,2,V,4
303,V,Q,-0.1279,0.3231,7,2,V,4
303,V,R,-0.2779,0.3748,4,2,V,4
303,V,S,-0.229,0.3974,2.5,2,V,4
303,V,T,-0.09274,0.2469,12.5,2,V,4
303,V,V,0,0,,2,V,4
303,V,W,-0.1145,0.3119,7,2,V,4
303,V,Y,-0.4984,0.8947,5,2,V,4
304,L,-,-3.162,,1.5,1,L,4
304,L,A,-2.876,0.4759,3,2,L,4
304,L,C,-1.223,0.9759,3,2,L,4
304,L,D,-4.91,0.08556,7.5,2,L,4
304,L,E,-4.948,0.06788,3.5,2,L,4
304,L,F,-4.921,0.08132,7.5,2,L,4
304,L,G,-4.97,0.01131,8,2,L,4
304,L,H,-4.951,0.03465,4,2,L,4
304,L,I,-0.01395,0.1578,4,2,L,4
304,L,K,-4.948,0.06223,6.5,2,L,4
304,L,L,0,0,,2,L,4
304,L,M,-1.574,,1,1,L,4
304,L,N,-4.918,,3.5,1,L,4
304,L,P,-2.779,3.109,3,2,L,4
304,L,Q,-4.931,0.06293,6.5,2,L,4
304,L,R,-4.389,0.5381,1.5,2,L,4
304,L,S,-4.817,0.1895,4.5,2,L,4
304,L,T,-2.764,,0.5,1,L,4
304,L,V,0.1525,0.02036,2,2,L,4
304,L,W,-4.937,0.07566,4,2,L,4
304,L,Y,-4.898,0.06788,3.5,2,L,4
305,Y,*,-4.349,0.08839,4,2,Y,4
305,Y,-,-0.4348,0.6601,1.5,2,Y,4
305,Y,A,-0.6982,0.6631,2.5,2,Y,4
305,Y,C,-0.3286,0.1076,8,2,Y,4
305,Y,D,-0.667,0.4936,4.5,2,Y,4
305,Y,E,0.1337,0.01471,2.5,2,Y,4
305,Y,F,0.01345,0.2248,4,2,Y,4
305,Y,G,-0.5283,0.9428,3,2,Y,4
305,Y,H,0.05782,0.07832,5,2,Y,4
305,Y,I,-0.05265,0.2856,6,2,Y,4
305,Y,K,-0.8606,0.7261,7,2,Y,4
305,Y,L,-0.2397,0.5677,7,2,Y,4
305,Y,M,-0.09376,0.2062,4.5,2,Y,4
305,Y,N,0.09603,0.1029,9,2,Y,4
305,Y,P,-4.484,0.6753,4.5,2,Y,4
305,Y,Q,0.1043,0.09678,3.5,2,Y,4
305,Y,R,-0.4682,0.1309,5,2,Y,4
305,Y,S,0.1398,,1,1,Y,4
305,Y,T,-1.052,1.153,3.5,2,Y,4
305,Y,V,-0.1584,0.07142,4,2,Y,4
305,Y,W,-0.4046,0.3429,5,2,Y,4
305,Y,Y,0,0,,2,Y,4
306,V,-,-0.004075,0.1167,1.5,2,V,4
306,V,A,-0.06924,0.1137,6,2,V,4
306,V,C,-2.189,0.2171,7.5,2,V,4
306,V,D,-4.917,0.002121,5.5,2,V,4
306,V,E,-4.936,0.06081,3.5,2,V,4
306,V,F,-4.95,0.0495,8,2,V,4
306,V,G,-1.984,1.054,1.5,2,V,4
306,V,H,-4.925,0.02899,4,2,V,4
306,V,I,-1.094,0.8939,4.5,2,V,4
306,V,K,-4.925,0.06223,5,2,V,4
306,V,L,-1.512,1.362,5.5,2,V,4
306,V,M,-4.589,0.4582,8.5,2,V,4
306,V,N,-4.89,0.04243,11.5,2,V,4
306,V,P,-4.726,0.2496,4,2,V,4
306,V,Q,-4.933,0.1117,2.5,2,V,4
306,V,R,-4.927,0.02616,5.5,2,V,4
306,V,S,-0.8277,0.1595,8.5,2,V,4
306,V,T,-1.458,0.8198,5,2,V,4
306,V,V,0,0,,2,V,4
306,V,W,-4.864,0.1435,6,2,V,4
306,V,Y,-4.848,0.0891,7,2,V,4
307,D,-,-0.2607,0.4032,1.5,2,D,4
307,D,A,-0.3224,0.1915,4,2,D,4
307,D,C,-4.021,0.2185,4.5,2,D,4
307,D,D,0,0,,2,D,4
307,D,E,-0.2273,0.1489,4,2,D,4
307,D,F,-0.313,0.4008,2.5,2,D,4
307,D,G,-0.8868,1.282,9,2,D,4
307,D,H,-0.1472,0.3185,2,2,D,4
307,D,I,-1.37,1.016,2.5,2,D,4
307,D,K,-1.004,0.8591,7.5,2,D,4
307,D,L,-1.331,,2,1,D,4
307,D,M,-0.815,0.3195,6.5,2,D,4
307,D,N,-0.3926,0.6729,6,2,D,4
307,D,P,-4.922,0.01697,4,2,D,4
307,D,Q,-0.344,0.3908,8,2,D,4
307,D,R,-1.378,0.06647,8.5,2,D,4
307,D,S,-0.489,,2.5,1,D,4
307,D,T,-0.08045,0.2948,2,2,D,4
307,D,V,-0.504,0.07319,4.5,2,D,4
307,D,W,-0.7951,0.5288,2,2,D,4
307,D,Y,-1.091,1.092,12,2,D,4
308,F,-,-0.4645,0.5995,1.5,2,F,4
308,F,A,-1.818,0.5982,5.5,2,F,4
308,F,C,-4.956,,3,1,F,4
308,F,D,-4.931,0.03323,7.5,2,F,4
308,F,E,-4.854,0.145,4.5,2,F,4
308,F,F,0,0,,2,F,4
308,F,G,-4.585,0.123,5.5,2,F,4
308,F,H,-3.53,0.741,5,2,F,4
308,F,I,-0.3211,0.3988,4,2,F,4
308,F,K,-4.935,0.02616,6.5,2,F,4
308,F,L,-0.6686,0.03656,13.5,2,F,4
308,F,M,0.1295,0.008556,5,2,F,4
308,F,N,-4.942,0.009899,7,2,F,4
308,F,P,-2.496,2.96,2.5,2,F,4
308,F,Q,-4.966,0.05586,4,2,F,4
308,F,R,-4.268,0.9376,2,2,F,4
308,F,S,-4.755,0.1011,4,2,F,4
308,F,T,-2.254,0.1471,3.5,2,F,4
308,F,V,-0.6668,0.4557,3,2,F,4
308,F,W,-0.2793,0.387,5.5,2,F,4
308,F,Y,-0.5113,0.8396,2,2,F,4
309,K,-,-0.0212,0.1544,1.5,2,K,4
309,K,A,-0.3736,0.7747,5,2,K,4
309,K,C,-1.23,0.4773,3.5,2,K,4
309,K,D,-0.4921,0.9219,2.5,2,K,4
309,K,E,-0.4022,0.4847,6.5,2,K,4
309,K,F,-0.06705,0.2961,2,2,K,4
309,K,G,-0.1338,0.03338,7,2,K,4
309,K,H,-0.9249,1.445,7.5,2,K,4
309,K,I,0.05266,0.114,5.5,2,K,4
309,K,K,0,0,,2,K,4
309,K,L,0.07114,0.1162,5.5,2,K,4
309,K,M,-0.01734,0.02797,5,2,K,4
309,K,N,-0.2258,0.4795,12,2,K,4
309,K,P,-0.9077,1.34,3.5,2,K,4
309,K,Q,-0.2427,0.5032,5,2,K,4
309,K,R,-0.09617,0.1519,8,2,K,4
309,K,S,-0.2857,0.5325,7.5,2,K,4
309,K,T,-0.5243,0.7448,6,2,K,4
309,K,V,0.0894,0.07042,6.5,2,K,4
309,K,W,0.03574,0.1914,3.5,2,K,4
309,K,Y,-0.09008,0.09861,6,2,K,4
310,L,-,0.08564,0.1238,2.5,2,P,4
310,L,A,-0.2303,0.3963,4.5,2,P,4
310,L,C,-2.093,1.021,9,2,P,4
310,L,D,-1.068,0.007071,6.5,2,P,4
310,L,E,-0.3543,0.6223,10.5,2,P,4
310,L,F,-0.09568,0.06762,5,2,P,4
310,L,G,-0.0644,0.2855,1.5,2,P,4
310,L,H,0.1526,0.02531,1.5,2,P,4
310,L,I,-0.161,0.287,3,2,P,4
310,L,K,-0.3657,0.5409,3.5,2,P,4
310,L,L,0,0,,2,P,4
310,L,M,0.02278,0.1009,6.5,2,P,4
310,L,N,-1.673,0.7071,2,2,P,4
310,L,P,0.1537,0.02857,2.5,2,P,4
310,L,Q,-0.1659,0.4617,4,2,P,4
310,L,R,-0.6809,0.1409,3.5,2,P,4
310,L,S,-0.3861,0.6676,2.5,2,P,4
310,L,T,0.1227,0.0164,4.5,2,P,4
310,L,V,-0.0965,0.268,3,2,P,4
310,L,W,-0.9555,0.7799,6.5,2,P,4
310,L,Y,-1.067,0.1196,2,2,P,4
311,Q,*,-4.806,0.05728,3.5,2,Q,4
311,Q,-,0.09617,0.02522,1.5,2,Q,4
311,Q,A,0.1487,0.01874,5,2,Q,4
311,Q,C,-3.282,0.01909,5,2,Q,4
311,Q,D,0.1067,0.04397,3,2,Q,4
311,Q,E,0.1033,0.09367,2,2,Q,4
311,Q,F,-0.2775,0.2734,5,2,Q,4
311,Q,G,0.09303,0.1066,4.5,2,Q,4
311,Q,H,0.04414,0.06898,14.5,2,Q,4
311,Q,I,-0.5202,0.4352,3.5,2,Q,4
311,Q,K,-1.3,0.9822,5.5,2,Q,4
311,Q,L,-0.1486,0.1895,5.5,2,Q,4
311,Q,M,-0.05398,0.06163,5,2,Q,4
311,Q,N,0.1228,,2,1,Q,4
311,Q,P,-0.175,0.4411,3.5,2,Q,4
311,Q,Q,0,0,,2,Q,4
311,Q,R,-0.9596,1.321,3.5,2,Q,4
311,Q,S,-0.04695,0.2597,5.5,2,Q,4
311,Q,T,0.02712,,2,1,Q,4
311,Q,V,-0.5354,0.5473,6,2,Q,4
311,Q,W,-1.042,,2,1,Q,4
311,Q,Y,-0.1651,0.4521,2.5,2,Q,4
312,S,-,-0.2537,0.2121,1.5,2,S,4
312,S,A,-0.2422,0.1577,6,2,S,4
312,S,C,-4.948,0.0891,5.5,2,S,4
312,S,D,-0.04198,0.1823,5,2,S,4
312,S,E,0.1271,0.05841,4.5,2,S,4
312,S,F,-0.054,0.2918,4.5,2,S,4
312,S,G,-0.2089,0.4762,6.5,2,S,4
312,S,H,-0.1532,0.4047,4,2,S,4
312,S,I,0.06523,0.1172,5.5,2,S,4
312,S,K,-0.4905,0.4381,5.5,2,S,4
312,S,L,-2.06,2.974,5.5,2,S,4
312,S,M,0.1434,0.009687,2,2,S,4
312,S,N,-0.1439,0.373,9,2,S,4
312,S,P,-0.7349,0.8147,8,2,S,4
312,S,Q,0.05121,0.1182,5.5,2,S,4
312,S,R,-1.036,0.8131,12.5,2,S,4
312,S,S,0,0,,2,S,4
312,S,T,0.05993,0.08636,3.5,2,S,4
312,S,V,-0.2711,0.1771,4.5,2,S,4
312,S,W,0.0248,0.1792,7.5,2,S,4
312,S,Y,-0.06207,0.0658,6,2,S,4
313,G,-,-0.01087,0.0581,2,2,G,4
313,G,A,-0.1636,0.3736,5,2,G,4
313,G,C,-4.41,0.7283,15.5,2,G,4
313,G,D,-0.4854,0.1808,7.5,2,G,4
313,G,E,-0.1395,0.3253,4.5,2,G,4
313,G,F,-0.215,0.3921,4.5,2,G,4
313,G,G,0,0,,2,G,4
313,G,H,-0.4814,0.3723,4,2,G,4
313,G,I,-2.189,2.516,3,2,G,4
313,G,K,-0.4552,0.834,4,2,G,4
313,G,L,-0.3298,0.6375,4.5,2,G,4
313,G,M,-0.2367,0.3243,6.5,2,G,4
313,G,N,-0.000955,0.05677,3,2,G,4
313,G,P,-0.44,0.7793,2.5,2,G,4
313,G,Q,-0.5108,0.747,6,2,G,4
313,G,R,-0.5016,,1,1,G,4
313,G,S,-0.01958,0.02859,6.5,2,G,4
313,G,T,-0.989,0.9121,6,2,G,4
313,G,V,-0.492,0.3779,12.5,2,G,4
313,G,W,-0.4524,0.1102,5.5,2,G,4
313,G,Y,-0.4272,0.00594,5.5,2,G,4
314,V,-,0.0344,0.01849,3,2,G,4
314,V,A,-0.3627,0.5346,3.5,2,G,4
314,V,C,-3.591,1.743,3,2,G,4
314,V,D,-1.696,0.432,4.5,2,G,4
314,V,E,-0.7822,0.9657,3.5,2,G,4
314,V,F,-0.103,,2.5,1,G,4
314,V,G,-1.18,0.9954,3.5,2,G,4
314,V,H,0.04071,0.1578,2.5,2,G,4
314,V,I,0.1331,0.009334,2,2,G,4
314,V,K,-2.385,2.154,4.5,2,G,4
314,V,L,-0.3216,0.3112,8.5,2,G,4
314,V,M,-0.2522,0.002758,9,2,G,4
314,V,N,-0.2582,0.6056,4,2,G,4
314,V,P,0.08265,0.07079,6,2,G,4
314,V,Q,0.04029,0.1144,2.5,2,G,4
314,V,R,-0.4882,0.567,8.5,2,G,4
314,V,S,-0.09026,0.1679,9.5,2,G,4
314,V,T,-0.04682,0.0486,5.5,2,G,4
314,V,V,0,0,,2,G,4
314,V,W,-1.08,0.9012,3.5,2,G,4
314,V,Y,-0.02328,0.04731,5,2,G,4
315,G,-,-0.1133,0.05404,3,2,G,4
315,G,A,-0.1634,0.08372,5.5,2,G,4
315,G,C,-4.769,0.1308,11.5,2,G,4
315,G,D,-1.698,0.2645,8.5,2,G,4
315,G,E,-1.186,0.9583,3,2,G,4
315,G,F,-1.691,0.4038,6.5,2,G,4
315,G,G,0,0,,2,G,4
315,G,H,-0.9399,0.6167,4.5,2,G,4
315,G,I,-2.654,0.6739,4.5,2,G,4
315,G,K,-0.6257,0.501,4.5,2,G,4
315,G,L,-2.203,0.1216,5.5,2,G,4
315,G,M,-0.8594,0.06534,3.5,2,G,4
315,G,N,0.1527,0.02687,3,2,G,4
315,G,P,-0.7428,0.426,5,2,G,4
315,G,Q,-0.353,0.4274,5,2,G,4
315,G,R,-0.02619,0.1099,4,2,G,4
315,G,S,-0.5213,0.9202,5,2,G,4
315,G,T,-0.8395,0.6287,5.5,2,G,4
315,G,V,-0.8653,0.9033,8,2,G,4
315,G,W,-2.885,0.8309,4,2,G,4
315,G,Y,-0.6961,0.05268,8.5,2,G,4
316,R,*,-4.718,,0.5,1,K,4
316,R,-,-0.3378,0.5502,3,2,K,4
316,R,A,-0.3095,0.6425,3.5,2,K,4
316,R,C,-3.192,0.1633,5,2,K,4
316,R,D,-4.814,0.1103,2,2,K,4
316,R,E,-4.797,0.2192,5,2,K,4
316,R,F,-1.527,0.4405,4,2,K,4
316,R,G,-0.5149,0.7667,5.5,2,K,4
316,R,H,-0.3877,0.6697,4,2,K,4
316,R,I,-0.8887,0.07276,10,2,K,4
316,R,K,-0.7676,0.2774,6,2,K,4
316,R,L,-0.01942,0.08553,6,2,K,4
316,R,M,-0.7357,0.5209,2,2,K,4
316,R,N,-2.26,3.359,3,2,K,4
316,R,P,-2.463,3.407,3,2,K,4
316,R,Q,-0.6093,0.9896,3.5,2,K,4
316,R,R,0,0,,2,K,4
316,R,S,0.135,0.005162,5.5,2,K,4
316,R,T,-0.2646,0.1367,6.5,2,K,4
316,R,V,-0.1908,,1.5,1,K,4
316,R,W,-4.575,0.06435,3,2,K,4
316,R,Y,-1.889,0.09475,3.5,2,K,4
317,C,*,-4.834,,1,1,C,4
317,C,-,-0.2352,0.3076,2.5,2,C,4
317,C,A,-4.891,0.07283,4.5,2,C,4
317,C,C,0,0,,2,C,4
317,C,D,-4.946,0.07071,3,2,C,4
317,C,E,-4.689,0.01344,5,2,C,4
317,C,F,-4.829,0.1181,5.5,2,C,4
317,C,G,-4.974,0.03253,4.5,2,C,4
317,C,H,-4.829,0.0891,3.5,2,C,4
317,C,I,-4.931,0.07212,4,2,C,4
317,C,K,-4.931,0.06364,4.5,2,C,4
317,C,L,-4.946,0.03536,3.5,2,C,4
317,C,M,-4.889,0.03748,9.5,2,C,4
317,C,N,-4.877,0.009899,4,2,C,4
317,C,P,-4.93,0.08627,2.5,2,C,4
317,C,Q,-4.872,0.02333,4,2,C,4
317,C,R,-2.548,3.462,2,2,C,4
317,C,S,-4.909,0.01202,7,2,C,4
317,C,T,-4.788,0.2227,3.5,2,C,4
317,C,V,-4.854,0.05374,5.5,2,C,4
317,C,W,-4.704,0.04031,5.5,2,C,4
317,C,Y,-4.928,0.02404,7,2,C,4
318,F,-,-0.2122,0.02093,3.5,2,F,4
318,F,A,-0.5502,0.6813,4,2,F,4
318,F,C,-4.699,0.3175,4,2,F,4
318,F,D,-4.897,,1.5,1,F,4
318,F,E,-4.668,0.4872,2,2,F,4
318,F,F,0,0,,2,F,4
318,F,G,-2.345,,3.5,1,F,4
318,F,H,0.00235,0.1774,4.5,2,F,4
318,F,I,-0.0151,0.215,3,2,F,4
318,F,K,-1.157,0.7953,7.5,2,F,4
318,F,L,-0.2542,0.02906,15,2,F,4
318,F,M,-0.1988,0.4775,3.5,2,F,4
318,F,N,-3.576,0.6838,6.5,2,F,4
318,F,P,-4.922,0.02899,5,2,F,4
318,F,Q,-0.3586,0.1503,5.5,2,F,4
318,F,R,-1.639,1.028,3,2,F,4
318,F,S,-0.8871,0.08033,10,2,F,4
318,F,T,-0.7929,0.6436,2.5,2,F,4
318,F,V,-0.7306,0.104,3.5,2,F,4
318,F,W,-0.0156,0.1338,3,2,F,4
318,F,Y,-0.2743,0.3518,9.5,2,F,4
319,N,-,-0.1837,0.3141,3.5,2,N,4
319,N,A,-4.282,0.8181,2,2,N,4
319,N,C,-5.011,,2,1,N,4
319,N,D,-4.924,0.07637,7,2,N,4
319,N,E,-4.902,0.02899,1.5,2,N,4
319,N,F,-4.902,0.02333,4.5,2,N,4
319,N,G,-4.873,0.03677,5.5,2,N,4
319,N,H,-4.96,0.06859,6.5,2,N,4
319,N,I,-4.894,0.05091,2.5,2,N,4
319,N,K,-4.967,0.01697,8.5,2,N,4
319,N,L,-4.941,0.04172,9,2,N,4
319,N,M,-4.905,0.1202,3.5,2,N,4
319,N,N,0,0,,2,N,4
319,N,P,-4.767,0.2072,4.5,2,N,4
319,N,Q,-4.937,0.03111,5.5,2,N,4
319,N,R,-4.923,0.01344,3.5,2,N,4
319,N,S,-1.124,0.7239,5.5,2,N,4
319,N,T,-4.623,0.2609,7,2,N,4
319,N,V,-4.947,0.08485,3.5,2,N,4
319,N,W,-4.793,0.0594,7,2,N,4
319,N,Y,-4.816,0.1584,5,2,N,4
320,C,-,-0.02404,0.05805,3.5,2,C,4
320,C,A,-4.899,0.01909,4.5,2,C,4
320,C,C,0,0,,2,C,4
320,C,D,-4.902,0.01768,4,2,C,4
320,C,E,-4.712,0.3946,2,2,C,4
320,C,F,-4.861,0.21,8.5,2,C,4
320,C,G,-4.486,0.63,4.5,2,C,4
320,C,H,-4.954,0.01061,7,2,C,4
320,C,I,-4.876,0.0198,2.5,2,C,4
320,C,K,-4.929,0.02333,4.5,2,C,4
320,C,L,-4.928,0.02404,7,2,C,4
320,C,M,-4.39,0.6696,3.5,2,C,4
320,C,N,-4.918,0.0997,2.5,2,C,4
320,C,P,-4.976,0.01414,4.5,2,C,4
320,C,Q,-4.808,0.1131,5,2,C,4
320,C,R,-4.937,0.005657,6,2,C,4
320,C,S,-4.918,0.1252,5.5,2,C,4
320,C,T,-4.931,0.06718,6,2,C,4
320,C,V,-4.905,0.02333,2.5,2,C,4
320,C,W,-4.936,0.006364,4,2,C,4
320,C,Y,-4.938,0.02404,8,2,C,4
321,R,-,0.0245,0.06736,3.5,2,Y,4
321,R,A,-0.08337,0.1672,3,2,Y,4
321,R,C,-3.591,1.554,3.5,2,Y,4
321,R,D,-0.5723,0.5086,3,2,Y,4
321,R,E,0.1007,0.0008485,5,2,Y,4
321,R,F,0.02677,0.06781,4,2,Y,4
321,R,G,-0.0011,0.1478,7.5,2,Y,4
321,R,H,-0.3923,0.7473,4,2,Y,4
321,R,I,-0.2368,0.303,10,2,Y,4
321,R,K,-0.2056,0.4304,6,2,Y,4
321,R,L,-0.62,0.04511,4,2,Y,4
321,R,M,0.01348,0.0005233,3.5,2,Y,4
321,R,N,-0.02505,0.256,5.5,2,Y,4
321,R,P,0.0238,0.1872,2,2,Y,4
321,R,Q,0.01023,0.1116,8,2,Y,4
321,R,R,0,0,,2,Y,4
321,R,S,-4.957,0.06293,3,2,Y,4
321,R,T,-4.886,,2,1,Y,4
321,R,V,-0.4362,0.7692,4,2,Y,4
321,R,W,-0.7719,0.1095,6,2,Y,4
321,R,Y,-0.2081,0.4227,4,2,Y,4
322,P,-,-0.9236,1.249,3.5,2,P,4
322,P,A,-2.397,2.64,5.5,2,P,4
322,P,C,-4.818,0.1004,4.5,2,P,4
322,P,D,-4.986,0.01768,12,2,P,4
322,P,E,-3.936,1.287,2,2,P,4
322,P,F,-4.904,0.03536,5.5,2,P,4
322,P,G,-4.897,0.05869,6,2,P,4
322,P,H,-4.991,0.0297,9,2,P,4
322,P,I,-4.845,0.05728,2,2,P,4
322,P,K,-4.949,,2,1,P,4
322,P,L,-4.873,0.01838,5.5,2,P,4
322,P,M,-3.997,0.7637,3.5,2,P,4
322,P,N,-4.898,0.009899,3.5,2,P,4
322,P,P,0,0,,2,P,4
322,P,Q,-4.933,0.02475,4,2,P,4
322,P,R,-4.927,0.007778,5.5,2,P,4
322,P,S,-4.609,0.1789,5.5,2,P,4
322,P,T,-4.905,0.02899,5,2,P,4
322,P,V,-3.796,0.4667,5.5,2,P,4
322,P,W,-4.768,0.3203,2.5,2,P,4
322,P,Y,-4.896,0.06364,2.5,2,P,4
323,A,-,-0.3343,0.5589,4,2,A,4
323,A,A,0,0,,2,A,4
323,A,C,-0.7284,0.0688,5.5,2,A,4
323,A,D,-0.4661,0.7721,5,2,A,4
323,A,E,0.06305,0.0862,5.5,2,A,4
323,A,F,-2.218,2.309,1.5,2,A,4
323,A,G,0.05894,0.02545,5,2,A,4
323,A,H,-0.1497,0.4506,4.5,2,A,4
323,A,I,-0.1145,0.04583,5,2,A,4
323,A,K,0.09002,0.02939,1.5,2,A,4
323,A,L,0.06266,0.04665,3.5,2,A,4
323,A,M,-0.5654,0.3523,4,2,A,4
323,A,N,-0.259,0.5407,5,2,A,4
323,A,P,-0.9305,0.5663,5,2,A,4
323,A,Q,-0.4184,0.7171,4,2,A,4
323,A,R,-0.3175,0.4989,8.5,2,A,4
323,A,S,-0.6389,0.2575,10,2,A,4
323,A,T,-0.4909,0.4844,9.5,2,A,4
323,A,V,-0.7666,1.198,9,2,A,4
323,A,W,0.0775,0.09361,2,2,A,4
323,A,Y,0.09521,0.04737,3,2,A,4
324,V,-,-0.19,0.4395,3,2,G,4
324,V,A,-0.05175,0.3079,5,2,G,4
324,V,C,-0.6255,0.5932,4,2,G,4
324,V,D,0.1112,0.07646,1.5,2,G,4
324,V,E,-0.3883,0.7473,6,2,G,4
324,V,F,0.04295,0.06229,5,2,G,4
324,V,G,-0.05943,,1.5,1,G,4
324,V,H,0.1386,0.03776,3.5,2,G,4
324,V,I,0.00135,0.1852,7,2,G,4
324,V,K,-0.1029,0.1131,9.5,2,G,4
324,V,L,-0.2172,0.4201,8,2,G,4
324,V,M,-0.1399,0.3847,9,2,G,4
324,V,N,0.09463,0.05157,4.5,2,G,4
324,V,P,0.1265,0.01252,4.5,2,G,4
324,V,Q,0.1113,0.02927,4.5,2,G,4
324,V,R,-0.08412,0.01891,3.5,2,G,4
324,V,S,0.06374,0.01484,5,2,G,4
324,V,T,-0.2429,0.5056,9.5,2,G,4
324,V,V,0,0,,2,G,4
324,V,W,0.1361,0.0449,4.5,2,G,4
324,V,Y,-1.015,1.646,4.5,2,G,4
325,V,-,-0.05504,0.1131,2.5,2,V,4
325,V,A,0.06913,0.1446,5.5,2,V,4
325,V,C,-1.081,1.638,3.5,2,V,4
325,V,D,-0.8288,,2,1,V,4
325,V,E,0.04673,0.1189,8,2,V,4
325,V,F,-0.1606,0.4332,4,2,V,4
325,V,G,-0.8436,0.09595,6.5,2,V,4
325,V,H,-1.006,0.8876,2.5,2,V,4
325,V,I,-0.2851,0.06859,8,2,V,4
325,V,K,-0.291,0.6331,4.5,2,V,4
325,V,L,-0.1842,0.3844,7,2,V,4
325,V,M,-0.1674,0.4122,7,2,V,4
325,V,N,-0.8077,0.7924,7,2,V,4
325,V,P,-0.204,0.2548,7.5,2,V,4
325,V,Q,-0.1125,0.3256,4.5,2,V,4
325,V,R,-1.255,0.2355,3.5,2,V,4
325,V,S,-0.4219,0.3822,5,2,V,4
325,V,T,-0.6298,0.3132,5,2,V,4
325,V,V,0,0,,2,V,4
325,V,W,-0.1508,0.3527,3.5,2,V,4
325,V,Y,-0.5045,0.2593,6.5,2,V,4
326,N,-,-0.1055,0.2167,2.5,2,N,4
326,N,A,-1.172,0.3694,1.5,2,N,4
326,N,C,-4.885,0.1464,2,2,N,4
326,N,D,-0.5925,0.9157,6.5,2,N,4
326,N,E,-0.928,1.498,2.5,2,N,4
326,N,F,-3.046,1.01,8,2,N,4
326,N,G,-2.974,1.348,3,2,N,4
326,N,H,-1.106,0.01838,6.5,2,N,4
326,N,I,-3.648,1.143,5.5,2,N,4
326,N,K,-1.496,0.2029,2.5,2,N,4
326,N,L,-4.122,0.7792,10,2,N,4
326,N,M,-2.113,0.5558,3.5,2,N,4
326,N,N,0,0,,2,N,4
326,N,P,-4.767,0.1909,4.5,2,N,4
326,N,Q,-2.3,1.244,2.5,2,N,4
326,N,R,-2.677,2.759,1.5,2,N,4
326,N,S,-1.319,0.2404,5.5,2,N,4
326,N,T,-1.111,0.4727,2,2,N,4
326,N,V,-2.747,1.467,4,2,N,4
326,N,W,-4.135,0.5353,4.5,2,N,4
326,N,Y,-2.134,0.3649,6,2,N,4
327,I,-,-0.8304,1.351,3,2,I,4
327,I,A,-2.415,0.5812,5,2,I,4
327,I,C,-1.41,0.2489,5.5,2,I,4
327,I,D,-4.878,0.1294,3,2,I,4
327,I,E,-4.902,0.007071,5,2,I,4
327,I,F,-2.339,0.4582,4,2,I,4
327,I,G,-4.952,,3,1,I,4
327,I,H,-4.95,0.03041,3,2,I,4
327,I,I,0,0,,2,I,4
327,I,K,-4.96,0.07425,6,2,I,4
327,I,L,-0.1673,0.2706,3,2,I,4
327,I,M,-0.3364,0.1339,4.5,2,I,4
327,I,N,-4.987,0.01414,6.5,2,I,4
327,I,P,-4.97,0.0007071,6,2,I,4
327,I,Q,-4.936,0.07637,2.5,2,I,4
327,I,R,-2.22,3.009,1.5,2,I,4
327,I,S,-4.886,0.06859,11.5,2,I,4
327,I,T,-1.17,0.3159,6.5,2,I,4
327,I,V,-0.1207,0.1476,4.5,2,I,4
327,I,W,-4.925,0.006364,6,2,I,4
327,I,Y,-3.766,0.0297,7,2,I,4
328,T,-,-0.5558,0.3742,3,2,T,4
328,T,A,-0.847,1.288,4.5,2,T,4
328,T,C,-4.522,0.4561,5.5,2,T,4
328,T,D,-1.851,0.4794,4.5,2,T,4
328,T,E,-0.0977,0.06053,2.5,2,T,4
328,T,F,-1.869,1.115,4,2,T,4
328,T,G,-0.9415,0.3246,3.5,2,T,4
328,T,H,-2.053,2.581,2,2,T,4
328,T,I,-0.9808,0.1474,5.5,2,T,4
328,T,K,-1.117,0.03182,5,2,T,4
328,T,L,-0.8718,0.3538,3,2,T,4
328,T,M,-0.6014,0.5708,4.5,2,T,4
328,T,N,-1.05,0.5685,5.5,2,T,4
328,T,P,-4.96,0.02051,6.5,2,T,4
328,T,Q,-2.181,2.385,3,2,T,4
328,T,R,-1.253,0.9081,4.5,2,T,4
328,T,S,0.04784,0.1152,5,2,T,4
328,T,T,0,0,,2,T,4
328,T,V,-1.243,0.1782,4.5,2,T,4
328,T,W,-0.3284,0.6432,4,2,T,4
328,T,Y,-1.121,0.1676,5,2,T,4
329,L,-,-0.1545,0.2346,3,2,L,4
329,L,A,-4.75,0.2135,4.5,2,L,4
329,L,C,-4.94,0.09758,4.5,2,L,4
329,L,D,-4.961,0.01697,5.5,2,L,4
329,L,E,-4.904,0.02051,3.5,2,L,4
329,L,F,-1.405,0.01768,5,2,L,4
329,L,G,-4.7,0.2659,4.5,2,L,4
329,L,H,-4.897,0.01202,4.5,2,L,4
329,L,I,-0.3388,0.7225,2.5,2,L,4
329,L,K,-4.973,0.05162,3.5,2,L,4
329,L,L,0,0,,2,L,4
329,L,M,-1.857,2.551,8,2,L,4
329,L,N,-4.91,0.02899,3,2,L,4
329,L,P,-4.754,0.1994,7.5,2,L,4
329,L,Q,-4.964,0.06364,11,2,L,4
329,L,R,-4.941,0.0198,8,2,L,4
329,L,S,-4.912,0.06647,6.5,2,L,4
329,L,T,-2.545,3.363,5.5,2,L,4
329,L,V,-1.753,1.225,3.5,2,L,4
329,L,W,-4.676,0.3281,3,2,L,4
329,L,Y,-4.922,0.005657,6.5,2,L,4
330,A,-,0.05516,0.07953,2,2,A,4
330,A,A,0,0,,2,A,4
330,A,C,-0.1218,0.3951,2.5,2,A,4
330,A,D,0.1286,0.001344,4.5,2,A,4
330,A,E,0.02917,0.04401,3.5,2,A,4
330,A,F,0.08758,0.02889,5,2,A,4
330,A,G,-0.1401,0.3248,4,2,A,4
330,A,H,-0.1229,0.1306,5,2,A,4
330,A,I,-0.8798,1.132,2,2,A,4
330,A,K,-0.02275,0.1945,3.5,2,A,4
330,A,L,-0.4538,0.6438,9,2,A,4
330,A,M,-0.07225,0.2774,4,2,A,4
330,A,N,0.0638,0.002256,7,2,A,4
330,A,P,-0.2639,0.5901,7,2,A,4
330,A,Q,-0.0493,0.253,5,2,A,4
330,A,R,-0.1253,0.3671,4,2,A,4
330,A,S,0.02637,0.1371,6.5,2,A,4
330,A,T,0.04451,0.1621,12,2,A,4
330,A,V,-0.2437,0.3394,8.5,2,A,4
330,A,W,-0.0252,0.1527,7.5,2,A,4
330,A,Y,0.02729,0.1079,6.5,2,A,4
331,N,-,0.03206,0.01121,1.5,2,N,4
331,N,A,-0.3357,0.03543,3,2,N,4
331,N,C,-0.5259,0.1969,3.5,2,N,4
331,N,D,-0.4661,0.6617,7,2,N,4
331,N,E,-0.226,0.2371,7,2,N,4
331,N,F,-0.09565,0.2891,4,2,N,4
331,N,G,-0.273,0.105,4.5,2,N,4
331,N,H,0.01346,0.04735,10,2,N,4
331,N,I,-1.236,0.1704,3.5,2,N,4
331,N,K,0.0059,0.2237,10.5,2,N,4
331,N,L,-0.3696,0.1696,6.5,2,N,4
331,N,M,-0.2214,0.4887,5,2,N,4
331,N,N,0,0,,2,N,4
331,N,P,-0.6539,0.2715,4.5,2,N,4
331,N,Q,0.1342,,0.5,1,N,4
331,N,R,-0.4695,0.02362,7,2,N,4
331,N,S,-0.258,0.56,3.5,2,N,4
331,N,T,0.1261,0.01697,2.5,2,N,4
331,N,V,-0.8875,0.1648,6.5,2,N,4
331,N,W,-0.5102,0.2379,9,2,N,4
331,N,Y,0.0299,0.04308,10,2,N,4
332,F,-,-0.1244,0.0459,2,2,F,4
332,F,A,0.1419,0.006435,4,2,F,4
332,F,C,-0.7054,0.1941,6,2,F,4
332,F,D,0.0972,0.09998,7.5,2,F,4
332,F,E,-0.9689,1.567,4,2,F,4
332,F,F,0,0,,2,F,4
332,F,G,-0.1509,0.4596,6,2,F,4
332,F,H,0.1072,0.06034,5,2,F,4
332,F,I,-0.4546,0.0787,3,2,F,4
332,F,K,0.1312,,2,1,F,4
332,F,L,-0.02525,0.04062,14,2,F,4
332,F,M,-0.2293,0.2631,4.5,2,F,4
332,F,N,0.05579,0.001937,4.5,2,F,4
332,F,P,-0.05463,0.1839,6,2,F,4
332,F,Q,-0.4621,,2,1,F,4
332,F,R,-1.135,1.715,4.5,2,F,4
332,F,S,0.1323,0.05332,5,2,F,4
332,F,T,-0.1706,0.2102,4,2,F,4
332,F,V,-0.08638,0.2108,4.5,2,F,4
332,F,W,-0.0281,0.2845,4.5,2,F,4
332,F,Y,0.1219,,5,1,F,4
333,N,-,-0.1049,0.1019,1.5,2,N,4
333,N,A,-0.03978,0.14,8,2,N,4
333,N,C,-0.753,0.278,3,2,N,4
333,N,D,0.1346,0.0461,11.5,2,N,4
333,N,E,0.09939,0.1055,6.5,2,N,4
333,N,F,-0.5759,1.02,3,2,N,4
333,N,G,-0.1545,0.314,3,2,N,4
333,N,H,-0.4503,0.6305,3.5,2,N,4
333,N,I,-0.1394,0.3791,3.5,2,N,4
333,N,K,-0.135,0.1815,3.5,2,N,4
333,N,L,-0.0583,0.2589,6,2,N,4
333,N,M,-0.1805,0.3885,4,2,N,4
333,N,N,0,0,,2,N,4
333,N,P,-0.7756,0.8533,5.5,2,N,4
333,N,Q,-1.168,1.666,1,2,N,4
333,N,R,-0.7669,0.1734,4,2,N,4
333,N,S,-0.3975,0.2498,4,2,N,4
333,N,T,0.1369,,1.5,1,N,4
333,N,V,0.08539,0.1201,5.5,2,N,4
333,N,W,-0.00115,0.1662,7.5,2,N,4
333,N,Y,0.0875,0.05656,5,2,N,4
334,E,*,-4.978,0.02758,11,2,E,4
334,E,-,0.07808,0.05914,1,2,E,4
334,E,A,0.133,0.005515,2.5,2,E,4
334,E,C,-0.942,0.006505,7,2,E,4
334,E,D,0.1372,0.01846,4,2,E,4
334,E,E,0,0,,2,E,4
334,E,F,-0.1256,0.3572,6,2,E,4
334,E,G,-0.19,0.1383,3,2,E,4
334,E,H,-0.0637,0.2867,2.5,2,E,4
334,E,I,-0.5394,0.9682,6,2,E,4
334,E,K,-0.2515,0.4784,19,2,E,4
334,E,L,-0.3266,0.0968,3.5,2,E,4
334,E,M,0.06279,0.05857,4,2,E,4
334,E,N,0.1488,0.01584,4.5,2,E,4
334,E,P,-0.4451,0.235,5,2,E,4
334,E,Q,0.06162,0.04704,4.5,2,E,4
334,E,R,-0.695,0.7594,2.5,2,E,4
334,E,S,0.113,0.02664,5.5,2,E,4
334,E,T,-0.0738,0.3004,7,2,E,4
334,E,V,-0.03015,0.1938,4,2,E,4
334,E,W,0.07722,0.003486,5,2,E,4
334,E,Y,-0.177,0.4352,13,2,E,4
335,T,-,-0.02222,0.035,1,2,T,4
335,T,A,-0.02805,0.008931,8.5,2,T,4
335,T,C,-3.436,1.113,6,2,T,4
335,T,D,-0.04359,0.1488,3,2,T,4
335,T,E,0.1149,0.03422,4,2,T,4
335,T,F,-0.4833,0.916,3.5,2,T,4
335,T,G,-0.1447,0.109,6.5,2,T,4
335,T,H,0.07211,0.08668,5.5,2,T,4
335,T,I,-0.01453,0.08753,10.5,2,T,4
335,T,K,0.1422,0.01146,2,2,T,4
335,T,L,0.08203,0.1021,4.5,2,T,4
335,T,M,-0.1478,0.3862,5,2,T,4
335,T,N,0.06029,0.09872,7,2,T,4
335,T,P,-0.1595,0.4231,6.5,2,T,4
335,T,Q,0.1065,0.04208,4,2,T,4
335,T,R,0.0045,0.1765,7,2,T,4
335,T,S,-0.7215,,3,1,T,4
335,T,T,0,0,,2,T,4
335,T,V,-0.09651,0.1554,3,2,T,4
335,T,W,-0.2681,0.5462,4.5,2,T,4
335,T,Y,-0.0156,0.2656,3.5,2,T,4
336,K,-,-0.1272,,0.5,1,K,4
336,K,A,0.1543,0.02539,4,2,K,4
336,K,C,-1.789,0.3345,6.5,2,K,4
336,K,D,-0.1875,0.4425,4.5,2,K,4
336,K,E,0.05194,0.1531,9,2,K,4
336,K,F,-0.02105,0.2666,3.5,2,K,4
336,K,G,-1.5,2.322,2,2,K,4
336,K,H,-0.07043,0.1595,3.5,2,K,4
336,K,I,0.1066,0.04571,5,2,K,4
336,K,K,0,0,,2,K,4
336,K,L,-0.03685,0.2285,3,2,K,4
336,K,M,0.154,0.02107,4,2,K,4
336,K,N,-0.06749,0.09193,8,2,K,4
336,K,P,0.1411,0.02213,3.5,2,K,4
336,K,Q,-0.08203,0.007927,7,2,K,4
336,K,R,-0.2502,0.4085,4,2,K,4
336,K,S,0.07657,0.1153,6,2,K,4
336,K,T,0.1174,0.0164,3.5,2,K,4
336,K,V,-1.593,2.255,3,2,K,4
336,K,W,-0.5689,1.047,3,2,K,4
336,K,Y,0.1119,0.02128,6,2,K,4
337,G,-,0.1277,,0.5,1,G,4
337,G,A,0.05675,0.1653,4,2,G,4
337,G,C,-2.062,0.4144,12,2,G,4
337,G,D,-1.392,2.197,4,2,G,4
337,G,E,0.08384,0.04902,5.5,2,G,4
337,G,F,-1.408,0.7212,2,2,G,4
337,G,G,0,0,,2,G,4
337,G,H,-0.8655,0.0338,6,2,G,4
337,G,I,-0.6658,0.5334,12,2,G,4
337,G,K,-0.5416,0.2003,6,2,G,4
337,G,L,-0.8451,0.4538,5.5,2,G,4
337,G,M,0.05307,0.1156,2,2,G,4
337,G,N,-0.2578,0.4584,5.5,2,G,4
337,G,P,-0.6356,0.2038,3,2,G,4
337,G,Q,0.05784,0.1136,5,2,G,4
337,G,R,-0.7173,1.139,6,2,G,4
337,G,S,-0.1685,0.3047,7.5,2,G,4
337,G,T,-0.3016,0.03274,4,2,G,4
337,G,V,-0.941,0.6237,8.5,2,G,4
337,G,W,-1.178,1.183,6,2,G,4
337,G,Y,-0.9077,0.9521,2.5,2,G,4
338,P,-,-0.01543,,0.5,1,P,4
338,P,A,-0.3962,0.3102,7.5,2,P,4
338,P,C,-0.7972,1.045,4,2,P,4
338,P,D,-0.9116,1.176,4.5,2,P,4
338,P,E,-0.473,0.6586,2,2,P,4
338,P,F,-0.4945,0.5115,3,2,P,4
338,P,G,-0.5179,0.9363,9.5,2,P,4
338,P,H,-0.3861,0.3119,10.5,2,P,4
338,P,I,-0.3305,0.01824,7,2,P,4
338,P,K,-1.839,0.42,4.5,2,P,4
338,P,L,-1.491,2.128,3,2,P,4
338,P,M,0.1478,0.03161,5,2,P,4
338,P,N,-0.9046,0.8632,3.5,2,P,4
338,P,P,0,0,,2,P,4
338,P,Q,-0.3965,0.6593,3.5,2,P,4
338,P,R,-0.638,0.6506,5.5,2,P,4
338,P,S,-1.352,1.82,3.5,2,P,4
338,P,T,-0.09491,0.255,6.5,2,P,4
338,P,V,-0.172,0.3696,4,2,P,4
338,P,W,-1.572,1.277,5,2,P,4
338,P,Y,-0.5299,,1,1,P,4
339,L,-,-0.5838,0.443,1,2,L,4
339,L,A,-0.7513,0.1981,5,2,L,4
339,L,C,-0.8738,0.5334,5,2,L,4
339,L,D,-4.76,0.03182,3.5,2,L,4
339,L,E,-0.4527,0.8843,3,2,L,4
339,L,F,0.05087,0.1031,5,2,L,4
339,L,G,-4.502,0.4837,3.5,2,L,4
339,L,H,-0.6159,0.57,2.5,2,L,4
339,L,I,-0.041,0.11,4.5,2,L,4
339,L,K,-0.8824,0.8225,5,2,L,4
339,L,L,0,0,,2,L,4
339,L,M,-0.3467,0.1956,5,2,L,4
339,L,N,-0.0818,0.3469,2.5,2,L,4
339,L,P,-4.809,0.009192,6,2,L,4
339,L,Q,-0.6766,0.7345,4,2,L,4
339,L,R,-2.066,2.04,5,2,L,4
339,L,S,-0.6122,0.629,4.5,2,L,4
339,L,T,-1.724,0.968,4.5,2,L,4
339,L,V,0.00281,0.09207,6,2,L,4
339,L,W,-0.8261,0.376,6.5,2,L,4
339,L,Y,-0.2052,0.4638,6,2,L,4
340,C,*,-2.159,3.137,3,2,C,4
340,C,-,0.006766,0.005351,1,2,C,4
340,C,A,-4.885,0.02546,3.5,2,C,4
340,C,C,0,0,,2,C,4
340,C,D,-4.348,0.8577,3,2,C,4
340,C,E,-4.679,0.3048,8,2,C,4
340,C,F,-4.632,0.3125,10,2,C,4
340,C,G,-4.889,0.02758,6.5,2,C,4
340,C,H,-4.889,0.005657,3,2,C,4
340,C,I,-4.858,0.1478,6.5,2,C,4
340,C,K,-4.321,0.7969,3,2,C,4
340,C,L,-4.938,0.0007071,5,2,C,4
340,C,M,-4.893,0.03677,6,2,C,4
340,C,N,-4.667,0.3917,3,2,C,4
340,C,P,-4.841,0.1718,8.5,2,C,4
340,C,Q,-4.948,0.02121,14.5,2,C,4
340,C,R,-4.957,0.04738,8.5,2,C,4
340,C,S,-4.977,0.04384,4.5,2,C,4
340,C,T,-4.829,0.1478,4,2,C,4
340,C,V,-4.894,0.05233,2.5,2,C,4
340,C,W,-4.924,0.01909,5.5,2,C,4
340,C,Y,-2.436,3.542,7,2,C,4
341,V,-,0.0665,0.09588,1,2,V,4
341,V,A,-0.4908,0.5412,3.5,2,V,4
341,V,C,-0.9152,0.6418,1,2,V,4
341,V,D,-4.927,0.02263,5,2,V,4
341,V,E,-4.931,0.01909,4,2,V,4
341,V,F,-4.956,0.0693,10.5,2,V,4
341,V,G,-4.954,0.02899,6,2,V,4
341,V,H,-4.941,0.0799,3.5,2,V,4
341,V,I,-0.4476,0.818,9,2,V,4
341,V,K,-4.954,0.04031,7.5,2,V,4
341,V,L,-0.03601,0.02623,3,2,V,4
341,V,M,-2.88,1.006,2,2,V,4
341,V,N,-4.969,0.05374,5.5,2,V,4
341,V,P,-0.00475,0.246,2,2,V,4
341,V,Q,-4.938,0.01061,5,2,V,4
341,V,R,-4.793,0.1761,7,2,V,4
341,V,S,-4.885,0.08839,4,2,V,4
341,V,T,-4.566,0.5268,5.5,2,V,4
341,V,V,0,0,,2,V,4
341,V,W,-4.919,0.04879,3.5,2,V,4
341,V,Y,-4.589,0.4384,5.5,2,V,4
342,D,-,-0.1931,0.1767,1,2,D,4
342,D,A,-0.6943,1.14,4.5,2,D,4
342,D,C,-1.452,0.4306,3,2,D,4
342,D,D,0,0,,2,D,4
342,D,E,0.04572,0.01826,5.5,2,D,4
342,D,F,-0.1659,0.4477,6,2,D,4
342,D,G,0.00382,0.0446,8,2,D,4
342,D,H,-0.1349,0.2037,10,2,D,4
342,D,I,-0.26,0.2539,1.5,2,D,4
342,D,K,-0.3341,0.507,8.5,2,D,4
342,D,L,-0.3852,0.01683,5,2,D,4
342,D,M,0.05863,0.1135,5,2,D,4
342,D,N,-0.4017,0.3357,6.5,2,D,4
342,D,P,-0.1677,0.4786,5,2,D,4
342,D,Q,0.08154,0.1118,5.5,2,D,4
342,D,R,-0.5683,0.2504,6,2,D,4
342,D,S,0.1126,,1,1,D,4
342,D,T,0.07445,0.03896,8.5,2,D,4
342,D,V,-0.2109,0.4955,5,2,D,4
342,D,W,-0.1491,0.25,8.5,2,D,4
342,D,Y,-0.08681,0.05104,17.5,2,D,4
343,T,-,-0.2389,,0.5,1,T,4
343,T,A,-1.652,0.3656,5.5,2,T,4
343,T,C,-2.489,0.7418,4.5,2,T,4
343,T,D,-1.69,0.5339,7,2,T,4
343,T,E,-0.6718,0.06449,3.5,2,T,4
343,T,F,-3.432,1.334,7,2,T,4
343,T,G,-0.7454,1.107,2,2,T,4
343,T,H,-0.965,1.491,2,2,T,4
343,T,I,-4.899,0.001414,7.5,2,T,4
343,T,K,-0.439,0.1047,3.5,2,T,4
343,T,L,-4.158,0.5332,8.5,2,T,4
343,T,M,-4.983,,2,1,T,4
343,T,N,-0.6814,0.7872,3,2,T,4
343,T,P,-1.973,0.8217,2,2,T,4
343,T,Q,-0.4322,0.8369,4,2,T,4
343,T,R,-1.413,0.6972,3,2,T,4
343,T,S,-1.074,0.04455,5,2,T,4
343,T,T,0,0,,2,T,4
343,T,V,-1.361,1.138,3.5,2,T,4
343,T,W,-4.914,0.002828,4,2,T,4
343,T,Y,-2.316,0.1867,6.5,2,T,4
344,S,-,-3.222,2.49,1,2,S,4
344,S,A,-0.8141,1.099,3.5,2,S,4
344,S,C,-2.524,0.8132,5,2,S,4
344,S,D,0.1727,,2.5,1,S,4
344,S,E,-0.7589,1.313,4,2,S,4
344,S,F,-1.829,0.1181,4.5,2,S,4
344,S,G,-3.221,2.413,6.5,2,S,4
344,S,H,-1.099,0.995,5,2,S,4
344,S,I,-2.377,1.217,15.5,2,S,4
344,S,K,-1.81,0.8747,7.5,2,S,4
344,S,L,-0.6825,0.08613,2.5,2,S,4
344,S,M,-0.7667,0.6128,2.5,2,S,4
344,S,N,-1.034,0.1318,6,2,S,4
344,S,P,-1.758,0.1923,3,2,S,4
344,S,Q,-0.863,0.8754,6,2,S,4
344,S,R,-1.383,0.1916,6.5,2,S,4
344,S,S,0,0,,2,S,4
344,S,T,-0.02195,0.02965,4,2,S,4
344,S,V,-1.847,0.3953,4.5,2,S,4
344,S,W,-2.925,1.08,5,2,S,4
344,S,Y,-2.873,1.808,4,2,S,4
345,H,-,-4.419,0.7778,1.5,2,H,4
345,H,A,-1.243,0.398,1,2,H,4
345,H,C,-1.232,0.9749,7,2,H,4
345,H,D,-0.315,0.4547,5,2,H,4
345,H,E,-1.633,0.6456,4,2,H,4
345,H,F,-4.348,0.4335,4.5,2,H,4
345,H,G,-0.3749,0.5024,4.5,2,H,4
345,H,H,0,0,,2,H,4
345,H,I,-0.5983,0.5737,8,2,H,4
345,H,K,-0.8928,0.2648,5,2,H,4
345,H,L,-1.364,1.24,3.5,2,H,4
345,H,M,-0.8023,,1,1,H,4
345,H,N,-4.855,0.1273,13.5,2,H,4
345,H,P,-4.971,0.05798,6,2,H,4
345,H,Q,-0.8269,0.9787,8.5,2,H,4
345,H,R,-0.5241,0.7465,5.5,2,H,4
345,H,S,-0.6895,0.4434,5.5,2,H,4
345,H,T,-0.4143,0.3184,2.5,2,H,4
345,H,V,-0.4855,0.6043,5.5,2,H,4
345,H,W,-1.059,0.03041,2.5,2,H,4
345,H,Y,-1.809,0.1817,10,2,H,4
346,F,-,-3.597,1.858,1.5,2,F,4
346,F,A,-4.88,0.06576,5,2,F,4
346,F,C,-4.693,0.1867,4.5,2,F,4
346,F,D,-4.944,0.009192,8.5,2,F,4
346,F,E,-4.415,0.7665,5,2,F,4
346,F,F,0,0,,2,F,4
346,F,G,-4.864,0.03889,4,2,F,4
346,F,H,-4.305,0.8089,3.5,2,F,4
346,F,I,-0.3967,0.1529,3,2,F,4
346,F,K,-4.873,0.1138,4.5,2,F,4
346,F,L,-0.9756,0.1462,9,2,F,4
346,F,M,-0.05027,0.1447,4,2,F,4
346,F,N,-4.933,0.02192,6,2,F,4
346,F,P,-4.907,0.06152,4.5,2,F,4
346,F,Q,-4.735,0.2369,4,2,F,4
346,F,R,-4.889,0.05728,3,2,F,4
346,F,S,-4.901,0.04172,5.5,2,F,4
346,F,T,-4.85,0.0601,4.5,2,F,4
346,F,V,-0.06935,0.2343,4.5,2,F,4
346,F,W,-4.864,0.01768,7.5,2,F,4
346,F,Y,0.007,0.2199,5,2,F,4
347,T,-,-2.524,,1.5,1,T,4
347,T,A,-4.95,0.00495,8.5,2,T,4
347,T,C,-4.86,0.09829,2.5,2,T,4
347,T,D,-4.923,0.01131,5,2,T,4
347,T,E,-4.014,1.175,2.5,2,T,4
347,T,F,-4.901,0.0594,3.5,2,T,4
347,T,G,-3.79,0.244,3,2,T,4
347,T,H,-4.418,0.08556,13.5,2,T,4
347,T,I,-4.895,0.09899,12.5,2,T,4
347,T,K,-4.906,0.004243,5,2,T,4
347,T,L,-4.922,0.0495,6.5,2,T,4
347,T,M,-4.841,0.1549,8,2,T,4
347,T,N,-4.53,0.6003,3,2,T,4
347,T,P,-4.948,0.02616,3,2,T,4
347,T,Q,-3.954,0.09405,8.5,2,T,4
347,T,R,-4.947,,3,1,T,4
347,T,S,-0.3584,0.3435,4,2,T,4
347,T,T,0,0,,2,T,4
347,T,V,-4.908,0.01131,8.5,2,T,4
347,T,W,-4.858,0.0601,4.5,2,T,4
347,T,Y,-4.877,0.03606,3.5,2,T,4
348,T,-,0.04778,,0.5,1,T,4
348,T,A,0.08333,0.06162,5,2,T,4
348,T,C,-2.955,2.414,3.5,2,T,4
348,T,D,-4.931,0.02051,7,2,T,4
348,T,E,-4.946,0.05091,3.5,2,T,4
348,T,F,-4.712,0.198,4.5,2,T,4
348,T,G,-3.341,1.292,3.5,2,T,4
348,T,H,-4.535,0.5798,3,2,T,4
348,T,I,-1.671,0.1591,10.5,2,T,4
348,T,K,-4.917,0.02333,4.5,2,T,4
348,T,L,-1.43,0.6661,5,2,T,4
348,T,M,-0.6517,0.7499,5,2,T,4
348,T,N,-1.689,0.1471,9.5,2,T,4
348,T,P,-4.88,0.02899,5.5,2,T,4
348,T,Q,-4.928,0.02475,6,2,T,4
348,T,R,-4.921,0.0502,3.5,2,T,4
348,T,S,-0.0174,0.2154,4.5,2,T,4
348,T,T,0,0,,2,T,4
348,T,V,-0.09773,0.2573,6.5,2,T,4
348,T,W,-4.87,0.1082,6,2,T,4
348,T,Y,-4.566,0.478,4.5,2,T,4
349,K,*,-4.645,,1,1,K,4
349,K,-,-0.7982,0.5244,1,2,K,4
349,K,A,-0.1351,0.3504,5.5,2,K,4
349,K,C,-0.7248,1.038,2.5,2,K,4
349,K,D,-0.2717,0.6031,4.5,2,K,4
349,K,E,0.03005,0.115,5,2,K,4
349,K,F,-0.5646,0.283,7,2,K,4
349,K,G,-2.211,3.295,5,2,K,4
349,K,H,-0.00595,0.2355,7.5,2,K,4
349,K,I,-0.1259,0.3722,5.5,2,K,4
349,K,K,0,0,,2,K,4
349,K,L,0.1336,0.03783,2.5,2,K,4
349,K,M,0.03814,0.1035,7.5,2,K,4
349,K,N,0.05865,0.1091,12.5,2,K,4
349,K,P,-4.928,0.02192,6,2,K,4
349,K,Q,-0.5602,0.5906,6,2,K,4
349,K,R,-1.592,2.383,2,2,K,4
349,K,S,-0.04855,0.2938,2,2,K,4
349,K,T,0.1397,0.04115,8.5,2,K,4
349,K,V,0.1208,0.01824,6.5,2,K,4
349,K,W,-0.07805,0.299,5.5,2,K,4
349,K,Y,-0.7722,0.2143,7,2,K,4
350,F,-,-0.6548,0.5419,1,2,Y,4
350,F,A,-4.1,,1.5,1,Y,4
350,F,C,-4.168,0.6095,3,2,Y,4
350,F,D,-4.952,0.02546,2,2,Y,4
350,F,E,-4.925,0.05798,2,2,Y,4
350,F,F,0,0,,2,Y,4
350,F,G,-2.736,3.135,3,2,Y,4
350,F,H,-4.114,1.039,3,2,Y,4
350,F,I,-0.1651,0.211,3.5,2,Y,4
350,F,K,-3.655,1.259,4,2,Y,4
350,F,L,-0.2059,0.1722,14.5,2,Y,4
350,F,M,0.0141,0.1918,2.5,2,Y,4
350,F,N,-3.992,1.385,3,2,Y,4
350,F,P,-4.909,0.01061,3,2,Y,4
350,F,Q,-2.519,0.6258,4,2,Y,4
350,F,R,-4.502,0.4851,2.5,2,Y,4
350,F,S,-4.748,0.2114,6.5,2,Y,4
350,F,T,-1.444,0.4306,3,2,Y,4
350,F,V,-2.478,3.027,4,2,Y,4
350,F,W,-0.0413,0.2705,3,2,Y,4
350,F,Y,-0.6466,0.05961,3,2,Y,4
351,V,-,-1.148,1.481,1,2,V,4
351,V,A,-0.7306,0.2601,3.5,2,V,4
351,V,C,0.07985,0.01693,3,2,V,4
351,V,D,-0.6452,0.1776,6.5,2,V,4
351,V,E,-0.3206,0.3616,3.5,2,V,4
351,V,F,-1.029,0.1782,2,2,V,4
351,V,G,-2.381,1.515,2,2,V,4
351,V,H,0.02125,0.2108,5,2,V,4
351,V,I,-0.0445,0.2205,3,2,V,4
351,V,K,-0.8792,0.4084,5.5,2,V,4
351,V,L,-0.6659,0.6592,8,2,V,4
351,V,M,0.08818,0.1207,10,2,V,4
351,V,N,0.1146,0.03096,2.5,2,V,4
351,V,P,-3.075,2.681,6,2,V,4
351,V,Q,0.1211,0.02044,5.5,2,V,4
351,V,R,-0.0956,0.3138,2,2,V,4
351,V,S,-0.01114,0.01447,4.5,2,V,4
351,V,T,0.07022,0.06643,3.5,2,V,4
351,V,V,0,0,,2,V,4
351,V,W,-0.3659,0.5848,7,2,V,4
351,V,Y,0.0804,0.08273,3,2,V,4
352,G,*,-4.972,0.04455,12,2,A,4
352,G,-,0.01347,,0.5,1,A,4
352,G,A,-0.2412,0.3816,5,2,A,4
352,G,C,-1.326,0.7013,8.5,2,A,4
352,G,D,-0.6648,0.0961,13.5,2,A,4
352,G,E,-0.4339,0.5196,13,2,A,4
352,G,F,-0.0708,0.3424,5,2,A,4
352,G,G,0,0,,2,A,4
352,G,H,-0.7079,1.238,4.5,2,A,4
352,G,I,-1.155,0.00495,7.5,2,A,4
352,G,K,-0.9472,0.3179,2.5,2,A,4
352,G,L,-1.006,0.0413,5,2,A,4
352,G,M,-0.4086,0.3558,5.5,2,A,4
352,G,N,-0.5506,0.8533,6.5,2,A,4
352,G,P,0.032,0.1522,4,2,A,4
352,G,Q,-0.9296,0.4277,3.5,2,A,4
352,G,R,-0.6923,1.178,10.5,2,A,4
352,G,S,-0.2986,0.5744,5,2,A,4
352,G,T,0.07367,0.06085,6,2,A,4
352,G,V,-0.5717,0.3671,15,2,A,4
352,G,W,-2.358,3.312,2.5,2,A,4
352,G,Y,-0.6214,0.4738,3,2,A,4
355,A,-,-0.3736,,0.5,1,A,4
355,A,A,0,0,,2,A,4
355,A,C,-0.5806,0.3301,4,2,A,4
355,A,D,-1.431,2.133,2.5,2,A,4
355,A,E,0.06814,0.0517,5,2,A,4
355,A,F,-0.6374,0.2498,4.5,2,A,4
355,A,G,-0.7671,0.4311,4.5,2,A,4
355,A,H,-0.9041,1.291,5.5,2,A,4
355,A,I,-0.09237,0.2266,4,2,A,4
355,A,K,-0.2023,0.1474,4,2,A,4
355,A,L,-0.1529,0.3688,8.5,2,A,4
355,A,M,-0.0069,0.2239,3.5,2,A,4
355,A,N,-0.0018,0.1486,18,2,A,4
355,A,P,0.08249,0.05813,5,2,A,4
355,A,Q,-0.09135,0.3466,5.5,2,A,4
355,A,R,-0.274,0.3891,10,2,A,4
355,A,S,-0.05305,0.2505,9,2,A,4
355,A,T,-0.1604,0.3591,7.5,2,A,4
355,A,V,-0.1288,0.04736,9.5,2,A,4
355,A,W,-0.5776,0.4342,5.5,2,A,4
355,A,Y,0.07515,0.08874,6.5,2,A,4
356,N,A,-0.2354,,2,1,N,4
356,N,C,-0.3037,0.002404,5,2,N,4
356,N,D,-0.3622,0.1058,7,2,N,4
356,N,E,-0.1692,0.4755,4.5,2,N,4
356,N,F,-0.6147,1.029,2.5,2,N,4
356,N,G,-0.5306,0.124,3.5,2,N,4
356,N,H,0.01953,0.02159,6,2,N,4
356,N,I,-0.001515,0.1321,7,2,N,4
356,N,K,-0.8333,0.9189,7,2,N,4
356,N,L,0.0649,0.1047,6,2,N,4
356,N,M,0.01371,0.1575,5.5,2,N,4
356,N,N,0,0,,2,N,4
356,N,P,-0.7337,0.4204,5.5,2,N,4
356,N,Q,-0.1299,0.39,5.5,2,N,4
356,N,R,-0.2463,0.1505,9,2,N,4
356,N,S,0.112,0.05926,5,2,N,4
356,N,T,-0.3065,0.3316,3.5,2,N,4
356,N,V,0.1474,0.02312,4.5,2,N,4
356,N,W,-0.0151,0.2216,6,2,N,4
356,N,Y,-0.365,0.0961,4,2,N,4
357,F,A,-1.181,1.84,7,2,V,4
357,F,C,-1.613,0.5296,2.5,2,V,4
357,F,D,-0.2518,0.1939,3.5,2,V,4
357,F,E,0.1375,0.0297,1.5,2,V,4
357,F,F,0,0,,2,V,4
357,F,G,-1.694,1.687,1,2,V,4
357,F,H,-0.8319,0.9575,4,2,V,4
357,F,I,0.04462,0.1596,6.5,2,V,4
357,F,K,-0.3886,0.7072,4,2,V,4
357,F,L,0.08812,0.01406,6,2,V,4
357,F,M,-1.005,1.61,5.5,2,V,4
357,F,N,0.1313,0.004596,3,2,V,4
357,F,P,-0.2885,0.5955,3.5,2,V,4
357,F,Q,-0.1418,,1,1,V,4
357,F,R,-0.5086,0.1314,3,2,V,4
357,F,S,-0.08775,0.04942,3.5,2,V,4
357,F,T,-0.3886,0.4175,1.5,2,V,4
357,F,V,-0.04595,0.2512,4,2,V,4
357,F,W,0.07855,0.1026,4,2,V,4
357,F,Y,0.02494,0.09863,5,2,V,4
358,G,A,0.1523,0.02206,5,2,G,4
358,G,C,-1.364,0.1032,15.5,2,G,4
358,G,D,0.1487,0.01591,7,2,G,4
358,G,E,-0.02165,0.2396,7,2,G,4
358,G,F,-0.3812,0.2326,3,2,G,4
358,G,G,0,0,,2,G,4
358,G,H,-0.2159,0.3925,8.5,2,G,4
358,G,I,-0.4445,0.1351,4,2,G,4
358,G,K,-0.7523,0.1003,3.5,2,G,4
358,G,L,-1.517,0.08627,3.5,2,G,4
358,G,M,0.01556,0.09802,3.5,2,G,4
358,G,N,-0.00275,0.2444,3.5,2,G,4
358,G,P,0.05547,0.1044,3.5,2,G,4
358,G,Q,0.05369,0.1448,4.5,2,G,4
358,G,R,-0.5343,0.4043,6.5,2,G,4
358,G,S,-0.09483,0.2237,9.5,2,G,4
358,G,T,-0.6353,1.103,3,2,G,4
358,G,V,-0.3782,0.4003,10.5,2,G,4
358,G,W,-1.288,0.664,4.5,2,G,4
358,G,Y,-0.3411,0.3816,2.5,2,G,4
359,R,A,-4.296,0.9857,4,2,R,4
359,R,C,-4.769,0.01838,10.5,2,R,4
359,R,D,-4.832,0.09617,3.5,2,R,4
359,R,E,-4.854,0.02475,3.5,2,R,4
359,R,F,-4.925,0.03606,6,2,R,4
359,R,G,-4.889,0.01273,4,2,R,4
359,R,H,-3.952,0.07849,8,2,R,4
359,R,I,-4.921,0.03041,6,2,R,4
359,R,K,-1.117,0.07495,5.5,2,R,4
359,R,L,-4.882,0.1301,4.5,2,R,4
359,R,M,-4.869,0.01909,5.5,2,R,4
359,R,N,-4.752,0.2546,6,2,R,4
359,R,P,-4.759,0.1301,5.5,2,R,4
359,R,Q,-4.874,0.02192,6,2,R,4
359,R,R,0,0,,2,R,4
359,R,S,-4.696,0.2765,4,2,R,4
359,R,T,-4.534,0.5402,3,2,R,4
359,R,V,-4.694,0.268,4,2,R,4
359,R,W,-4.913,0.03465,3.5,2,R,4
359,R,Y,-4.924,0.05515,5,2,R,4
360,W,*,-4.884,0.1287,15,2,W,4
360,W,A,-4.792,0.3012,7,2,W,4
360,W,C,-4.94,0.0007071,15,2,W,4
360,W,D,-4.938,0.002121,1.5,2,W,4
360,W,E,-4.935,0.06223,3.5,2,W,4
360,W,F,-1.185,0.6476,2.5,2,W,4
360,W,G,-4.774,0.2326,3.5,2,W,4
360,W,H,-1.653,0.531,3,2,W,4
360,W,I,-4.5,0.7234,4.5,2,W,4
360,W,K,-4.701,0.03323,5.5,2,W,4
360,W,L,-4.304,0.3288,11,2,W,4
360,W,M,-4.689,0.4511,4.5,2,W,4
360,W,N,-4.915,0.0997,4,2,W,4
360,W,P,-2.666,3.114,2.5,2,W,4
360,W,Q,-4.928,0.1167,1.5,2,W,4
360,W,R,-4.944,0.01061,7.5,2,W,4
360,W,S,-4.987,0.02758,4.5,2,W,4
360,W,T,-4.652,0.4462,5.5,2,W,4
360,W,V,-3.131,1.047,1.5,2,W,4
360,W,W,0,0,,2,W,4
360,W,Y,-3.364,1.977,1.5,2,W,4
361,S,-,-3.22,,0.5,1,S,4
361,S,A,0.1345,0.0003536,1.5,2,S,4
361,S,C,-1.7,1.278,6,2,S,4
361,S,D,-0.01695,0.1938,3,2,S,4
361,S,E,0.09676,0.003642,4.5,2,S,4
361,S,F,-0.06815,0.05763,5,2,S,4
361,S,G,0.1446,0.01803,6.5,2,S,4
361,S,H,-0.06688,0.1002,9,2,S,4
361,S,I,-0.1896,0.4851,7,2,S,4
361,S,K,-0.01801,0.1107,4,2,S,4
361,S,L,-0.3031,0.3789,12.5,2,S,4
361,S,M,0.01373,0.0652,3,2,S,4
361,S,N,-2.951,2.815,5,2,S,4
361,S,P,-4.845,,3,1,S,4
361,S,Q,-0.1853,0.1583,8,2,S,4
361,S,R,-0.1458,0.2502,9,2,S,4
361,S,S,0,0,,2,S,4
361,S,T,-0.4514,0.8324,4,2,S,4
361,S,V,-0.1026,0.195,5.5,2,S,4
361,S,W,-0.2339,0.1531,3.5,2,S,4
361,S,Y,-0.3487,0.1957,6,2,S,4
362,A,-,-4.972,,1,1,A,4
362,A,A,0,0,,2,A,4
362,A,C,-0.6761,0.468,8,2,A,4
362,A,D,-4.904,0.1442,9.5,2,A,4
362,A,E,-4.926,0.006364,3,2,A,4
362,A,F,-2.091,0.169,6.5,2,A,4
362,A,G,-0.7649,0.6762,4.5,2,A,4
362,A,H,-3.026,0.3599,5,2,A,4
362,A,I,-1.045,0.4997,4.5,2,A,4
362,A,K,-4.8,0.2503,5,2,A,4
362,A,L,-0.4349,0.654,5.5,2,A,4
362,A,M,-0.934,0.01803,6,2,A,4
362,A,N,-1.921,0.5756,4.5,2,A,4
362,A,P,-0.1842,0.5039,5,2,A,4
362,A,Q,-3.232,0.9772,5.5,2,A,4
362,A,R,-4.939,0.01768,7,2,A,4
362,A,S,-0.1934,0.1094,10.5,2,A,4
362,A,T,-0.1233,0.08458,7,2,A,4
362,A,V,-0.953,1.283,6,2,A,4
362,A,W,-2.532,0.1527,4.5,2,A,4
362,A,Y,-2.901,0.425,3,2,A,4
363,S,A,-0.411,0.6758,4,2,S,4
363,S,C,-1.848,1.361,3,2,S,4
363,S,D,-0.139,0.3393,2,2,S,4
363,S,E,0.1333,0.007425,3.5,2,S,4
363,S,F,-0.5798,0.2621,5,2,S,4
363,S,G,-0.1754,0.03649,6.5,2,S,4
363,S,H,-0.1894,0.2918,1.5,2,S,4
363,S,I,-0.2978,0.01789,12,2,S,4
363,S,K,-0.05722,0.2134,5.5,2,S,4
363,S,L,-0.3275,0.6413,1,2,S,4
363,S,M,-0.7582,1.182,2.5,2,S,4
363,S,N,0.07168,0.03146,8,2,S,4
363,S,P,-4.949,0.04738,3.5,2,S,4
363,S,Q,-0.05645,0.2494,2.5,2,S,4
363,S,R,-0.6587,0.08231,6.5,2,S,4
363,S,S,0,0,,2,S,4
363,S,T,-0.6219,0.3423,4,2,S,4
363,S,V,0.1069,0.05438,6,2,S,4
363,S,W,-0.03311,0.1349,3.5,2,S,4
363,S,Y,0.03223,0.01187,5,2,S,4
364,I,-,-0.4712,0.628,1.5,2,I,5
364,I,A,-4.681,0.3373,4,2,I,5
364,I,C,-2.779,0.6944,7,2,I,5
364,I,D,-4.946,0.08344,5.5,2,I,5
364,I,E,-4.674,0.2786,4,2,I,5
364,I,F,-4.603,0.01061,5,2,I,5
364,I,G,-2.827,2.976,4.5,2,I,5
364,I,H,-4.944,0.04808,7.5,2,I,5
364,I,I,0,0,,2,I,5
364,I,K,-4.905,0.003536,6,2,I,5
364,I,L,-1.707,2.66,3,2,I,5
364,I,M,-0.8232,1.144,6.5,2,I,5
364,I,N,-4.849,0.1223,2.5,2,I,5
364,I,P,-4.634,0.3338,3,2,I,5
364,I,Q,-4.435,0.8146,1.5,2,I,5
364,I,R,-4.901,0.00495,5.5,2,I,5
364,I,S,-4.925,0.01273,3,2,I,5
364,I,T,-2.5,0.03041,9.5,2,I,5
364,I,V,-0.9147,1.139,5,2,I,5
364,I,W,-4.599,0.4073,2.5,2,I,5
364,I,Y,-4.899,0.002828,4.5,2,I,5
365,N,-,-0.02388,0.08403,1.5,2,N,5
365,N,A,-0.2065,0.486,6,2,N,5
365,N,C,-0.5399,0.4734,3,2,N,5
365,N,D,-0.9112,0.5144,7,2,N,5
365,N,E,-0.372,0.2303,8,2,N,5
365,N,F,-0.1991,0.117,3.5,2,N,5
365,N,G,-0.1835,0.1911,9.5,2,N,5
365,N,H,0.06513,0.07858,2,2,N,5
365,N,I,-0.8517,0.3159,2.5,2,N,5
365,N,K,-0.0079,0.2461,8.5,2,N,5
365,N,L,-0.3008,0.6227,4.5,2,N,5
365,N,M,0.00015,0.1744,2.5,2,N,5
365,N,N,0,0,,2,N,5
365,N,P,-2.458,0.06647,7,2,N,5
365,N,Q,0.1499,0.01676,5.5,2,N,5
365,N,R,-0.5085,0.9016,4,2,N,5
365,N,S,-0.4456,0.6448,5,2,N,5
365,N,T,-0.0744,0.0322,4.5,2,N,5
365,N,V,0.04376,0.1756,5.5,2,N,5
365,N,W,-0.292,0.5111,1.5,2,N,5
365,N,Y,-0.2961,,1,1,N,5
366,T,-,0.00966,0.02321,1.5,2,T,5
366,T,A,-0.2856,0.5953,3.5,2,T,5
366,T,C,-0.3018,0.4743,6.5,2,T,5
366,T,D,-4.855,0.1237,2.5,2,T,5
366,T,E,-4.927,0.07849,6,2,T,5
366,T,F,-3.904,0.4441,3,2,T,5
366,T,G,-0.0085,0.1898,3,2,T,5
366,T,H,-3.561,0.4674,4,2,T,5
366,T,I,-3.604,0.6314,11.5,2,T,5
366,T,K,-4.899,0.07849,7,2,T,5
366,T,L,-3.421,1.17,3,2,T,5
366,T,M,-0.4278,0.7812,3,2,T,5
366,T,N,-1.833,1.019,8.5,2,T,5
366,T,P,-1.918,0.9815,3,2,T,5
366,T,Q,-1.446,0.4349,4.5,2,T,5
366,T,R,-2.093,3.044,2,2,T,5
366,T,S,-0.1424,0.1766,5.5,2,T,5
366,T,T,0,0,,2,T,5
366,T,V,-2.516,0.9532,4.5,2,T,5
366,T,W,-4.751,0.01061,6,2,T,5
366,T,Y,-1.844,2.445,1,2,T,5
367,G,-,-0.5621,0.6517,2,2,G,5
367,G,A,-3.708,0.4158,6.5,2,G,5
367,G,C,-4.891,0.01414,13,2,G,5
367,G,D,-4.559,0.3345,11,2,G,5
367,G,E,-4.361,0.6201,4,2,G,5
367,G,F,-4.612,0.009899,6,2,G,5
367,G,G,0,0,,2,G,5
367,G,H,-3.744,0.91,4.5,2,G,5
367,G,I,-4.305,0.84,3.5,2,G,5
367,G,K,-4.18,0.1556,6,2,G,5
367,G,L,-3.185,1.298,6.5,2,G,5
367,G,M,-4.813,0.1245,7,2,G,5
367,G,N,-2.874,0.4193,7.5,2,G,5
367,G,P,-4.725,0.2277,3.5,2,G,5
367,G,Q,-2.792,2.677,2.5,2,G,5
367,G,R,-4.867,0.00495,4,2,G,5
367,G,S,-4.957,0.06435,7,2,G,5
367,G,T,-4.934,0.04738,7.5,2,G,5
367,G,V,-4.824,0.1718,6,2,G,5
367,G,W,-4.928,0.003536,1.5,2,G,5
367,G,Y,-3.8,1.343,4,2,G,5
368,N,-,-2.125,3.055,2,2,N,5
368,N,A,-0.08923,0.05426,7,2,N,5
368,N,C,-3.192,0.3882,3,2,N,5
368,N,D,-0.04985,0.2396,7.5,2,N,5
368,N,E,0.0054,0.1973,4,2,N,5
368,N,F,-3.201,,2,1,N,5
368,N,G,-0.2321,0.4789,7.5,2,N,5
368,N,H,-1.076,0.5387,8,2,N,5
368,N,I,-0.3185,0.5074,2,2,N,5
368,N,K,-0.08711,0.206,4.5,2,N,5
368,N,L,-1.127,1.026,5.5,2,N,5
368,N,M,-1.067,1.326,2.5,2,N,5
368,N,N,0,0,,2,N,5
368,N,P,-1.39,0.5261,5,2,N,5
368,N,Q,-0.02214,0.01272,9.5,2,N,5
368,N,R,-0.257,0.3098,3,2,N,5
368,N,S,-0.7326,0.8194,8.5,2,N,5
368,N,T,-0.2876,0.4114,6,2,N,5
368,N,V,-0.2729,0.4636,5,2,N,5
368,N,W,-2.229,0.1563,3.5,2,N,5
368,N,Y,-0.5294,0.2421,3,2,N,5
369,C,*,-4.354,,1,1,C,5
369,C,-,0.00601,0.06901,1.5,2,C,5
369,C,A,-4.78,0.2001,5.5,2,C,5
369,C,C,0,0,,2,C,5
369,C,D,-4.988,0.03394,2,2,C,5
369,C,E,-4.917,0.0198,6,2,C,5
369,C,F,-4.971,0.006364,13.5,2,C,5
369,C,G,-4.841,0.06435,2.5,2,C,5
369,C,H,-4.898,0.005657,5,2,C,5
369,C,I,-4.912,0.009192,10.5,2,C,5
369,C,K,-4.776,0.21,9,2,C,5
369,C,L,-4.928,0.06364,5.5,2,C,5
369,C,M,-4.531,0.6081,3,2,C,5
369,C,N,-4.983,0.03465,7,2,C,5
369,C,P,-4.955,0.07778,4,2,C,5
369,C,Q,-4.802,0.07071,5,2,C,5
369,C,R,-4.925,0.006364,3.5,2,C,5
369,C,S,-4.901,0.006364,3.5,2,C,5
369,C,T,-4.813,0.1824,9,2,C,5
369,C,V,-4.962,0.01414,12.5,2,C,5
369,C,W,-4.948,0.04384,5.5,2,C,5
369,C,Y,-4.948,0.09051,11,2,C,5
370,P,-,-0.2428,0.3391,1.5,2,P,5
370,P,A,-0.1059,0.1024,2.5,2,P,5
370,P,C,-4.774,0.2411,4,2,P,5
370,P,D,-0.4543,0.668,6.5,2,P,5
370,P,E,-0.5181,0.3878,6,2,P,5
370,P,F,-2.05,,2,1,P,5
370,P,G,-0.2477,0.442,2,2,P,5
370,P,H,-0.3357,0.2048,13.5,2,P,5
370,P,I,-1.082,0.05798,7.5,2,P,5
370,P,K,-1.065,0.4529,7,2,P,5
370,P,L,-0.6263,0.433,7,2,P,5
370,P,M,-0.5748,0.09532,3.5,2,P,5
370,P,N,-3.09,0.379,4.5,2,P,5
370,P,P,0,0,,2,P,5
370,P,Q,-0.4774,0.202,7,2,P,5
370,P,R,-0.65,0.1297,3,2,P,5
370,P,S,-2.224,0.1386,6,2,P,5
370,P,T,-2.004,0.1442,11.5,2,P,5
370,P,V,-1.207,,2,1,P,5
370,P,W,-1.153,1.714,1,2,P,5
370,P,Y,-1.82,0.7573,4.5,2,P,5
371,F,-,-0.0279,0.1843,1.5,2,F,5
371,F,A,-4.783,0.1301,5.5,2,F,5
371,F,C,-4.417,0.7821,7.5,2,F,5
371,F,D,-4.412,0.6923,3.5,2,F,5
371,F,E,-4.947,0.08697,7.5,2,F,5
371,F,F,0,0,,2,F,5
371,F,G,-4.885,0.01344,2.5,2,F,5
371,F,H,-4.913,0.04172,5,2,F,5
371,F,I,-1.288,1.251,4.5,2,F,5
371,F,K,-4.9,0.005657,3.5,2,F,5
371,F,L,-4.535,0.4455,4.5,2,F,5
371,F,M,-0.6976,0.5663,8,2,F,5
371,F,N,-4.932,0.0198,6,2,F,5
371,F,P,-4.742,0.1492,3.5,2,F,5
371,F,Q,-4.848,0.2157,2,2,F,5
371,F,R,-4.959,0.01131,7.5,2,F,5
371,F,S,-4.518,0.5183,2,2,F,5
371,F,T,-1.741,1.963,2,2,F,5
371,F,V,-1.248,0.3132,3.5,2,F,5
371,F,W,-3.911,1.493,4,2,F,5
371,F,Y,-1.938,0.1973,5,2,F,5
372,S,-,-0.3176,,1,1,S,5
372,S,A,-0.1689,0.3368,4,2,S,5
372,S,C,-1.94,0.1471,8.5,2,S,5
372,S,D,-4.651,0.3472,2,2,S,5
372,S,E,-3.032,1.428,5.5,2,S,5
372,S,F,-4.76,0.1796,4,2,S,5
372,S,G,-2.212,0.8252,10,2,S,5
372,S,H,-1.974,0.6187,4,2,S,5
372,S,I,-4.71,0.2991,10,2,S,5
372,S,K,-3.919,1.069,3,2,S,5
372,S,L,-3.525,2.07,5,2,S,5
372,S,M,-1.573,0.3288,6,2,S,5
372,S,N,-0.8338,0.5009,10.5,2,S,5
372,S,P,-3.293,1.256,7,2,S,5
372,S,Q,-0.8654,,0.5,1,S,5
372,S,R,-4.553,0.4759,6.5,2,S,5
372,S,S,0,0,,2,S,5
372,S,T,0.1087,0.06384,5,2,S,5
372,S,V,-2.178,0.09405,5.5,2,S,5
372,S,W,-4.521,0.1287,3,2,S,5
372,S,Y,-4.716,0.2312,5,2,S,5
373,F,-,-0.4379,,1,1,F,5
373,F,A,-4.922,0.1047,4,2,F,5
373,F,C,-4.946,0.06364,4,2,F,5
373,F,D,-4.699,0.2956,4.5,2,F,5
373,F,E,-4.915,0.02192,3,2,F,5
373,F,F,0,0,,2,F,5
373,F,G,-4.892,0.01273,3,2,F,5
373,F,H,-4.905,0.05798,4,2,F,5
373,F,I,-4.885,0.0198,6.5,2,F,5
373,F,K,-4.944,0.002121,3,2,F,5
373,F,L,-1.944,0.9588,10.5,2,F,5
373,F,M,-1.773,0.9603,3.5,2,F,5
373,F,N,-4.687,0.3033,4.5,2,F,5
373,F,P,-4.886,0.01768,6,2,F,5
373,F,Q,-4.881,0.01626,3,2,F,5
373,F,R,-4.743,0.1994,3.5,2,F,5
373,F,S,-4.909,0.06152,5.5,2,F,5
373,F,T,-4.899,0.02192,2.5,2,F,5
373,F,V,-4.938,0.05091,5,2,F,5
373,F,W,-0.0266,0.1988,3.5,2,F,5
373,F,Y,0.1572,0.02376,5.5,2,F,5
374,G,-,-0.04829,0.08981,1.5,2,G,5
374,G,A,0.112,0.0157,8,2,G,5
374,G,C,-0.3156,0.3808,18,2,G,5
374,G,D,-0.8975,1.5,3.5,2,G,5
374,G,E,-0.4162,0.6955,3.5,2,G,5
374,G,F,-0.7598,0.358,3.5,2,G,5
374,G,G,0,0,,2,G,5
374,G,H,-0.9885,1.317,4,2,G,5
374,G,I,-0.1558,0.1693,9,2,G,5
374,G,K,0.07077,,2,1,G,5
374,G,L,0.1391,0.03069,6,2,G,5
374,G,M,-0.02435,0.1991,3.5,2,G,5
374,G,N,0.01125,0.1056,1.5,2,G,5
374,G,P,0.06413,0.03195,6,2,G,5
374,G,Q,-0.1167,0.2945,5.5,2,G,5
374,G,R,-0.0904,0.01101,7,2,G,5
374,G,S,0.06143,0.1097,9,2,G,5
374,G,T,0.05918,0.0009475,7.5,2,G,5
374,G,V,-0.4631,0.3629,9.5,2,G,5
374,G,W,-2.433,0.7934,3.5,2,G,5
374,G,Y,-0.4529,0.06074,3,2,G,5
375,K,-,-0.2459,0.2672,2,2,K,5
375,K,A,-4.946,0.02546,3.5,2,K,5
375,K,C,-4.164,0.8712,6,2,K,5
375,K,D,-4.909,0.06647,7,2,K,5
375,K,E,-4.48,0.3253,6.5,2,K,5
375,K,F,-4.852,0.01697,8.5,2,K,5
375,K,G,-2.064,0.04101,2.5,2,K,5
375,K,H,-3.002,1.587,2,2,K,5
375,K,I,-4.916,0.0198,4,2,K,5
375,K,K,0,0,,2,K,5
375,K,L,-0.6563,0.3784,3.5,2,K,5
375,K,M,-3.213,0.1492,5.5,2,K,5
375,K,N,-4.922,0.05091,11.5,2,K,5
375,K,P,-2.626,0.2574,4,2,K,5
375,K,Q,-4.968,,3,1,K,5
375,K,R,0.1229,0.05264,6,2,K,5
375,K,S,-4.918,,2.5,1,K,5
375,K,T,-4.717,0.3196,6.5,2,K,5
375,K,V,-4.822,0.1379,4.5,2,K,5
375,K,W,-4.863,0.0898,5,2,K,5
375,K,Y,-4.934,0.002828,2.5,2,K,5
376,V,-,-0.00698,0.0593,2.5,2,V,5
376,V,A,-0.0656,0.256,10,2,V,5
376,V,C,-0.3543,0.02878,7,2,V,5
376,V,D,-4.934,0.04879,5.5,2,V,5
376,V,E,-4.919,0.01202,6,2,V,5
376,V,F,-1.866,0.05798,4.5,2,V,5
376,V,G,-4.785,0.06223,4.5,2,V,5
376,V,H,-4.781,0.28,2,2,V,5
376,V,I,0.00053,0.08605,4,2,V,5
376,V,K,-3.194,2.484,3,2,V,5
376,V,L,-0.08698,0.2587,8.5,2,V,5
376,V,M,0.1274,0.008344,6.5,2,V,5
376,V,N,-4.668,0.2178,4.5,2,V,5
376,V,P,-4.908,0.008485,5,2,V,5
376,V,Q,-1.859,0.6852,5.5,2,V,5
376,V,R,-4.484,0.589,4.5,2,V,5
376,V,S,-0.3684,0.699,4,2,V,5
376,V,T,-1.699,2.291,3,2,V,5
376,V,V,0,0,,2,V,5
376,V,W,-4.725,0.2093,6,2,V,5
376,V,Y,-4.723,0.1153,7,2,V,5
377,N,-,-1.083,1.022,2,2,N,5
377,N,A,-0.5007,0.2036,7,2,N,5
377,N,C,-1.543,0.9959,3.5,2,N,5
377,N,D,-2.586,0.775,7,2,N,5
377,N,E,-2.335,0.5791,5,2,N,5
377,N,F,-4.816,0.2029,7,2,N,5
377,N,G,-0.2349,0.4991,6,2,N,5
377,N,H,-2.388,0.8125,6,2,N,5
377,N,I,0.1157,0.01725,4.5,2,N,5
377,N,K,-0.7954,0.4208,9,2,N,5
377,N,L,-2.892,0.1626,5,2,N,5
377,N,M,-4.6,0.5218,6.5,2,N,5
377,N,N,0,0,,2,N,5
377,N,P,-4.064,0.03182,7,2,N,5
377,N,Q,-0.606,0.5642,6,2,N,5
377,N,R,-1.18,0.02404,5,2,N,5
377,N,S,-0.1391,0.01195,7,2,N,5
377,N,T,-0.2356,0.04801,2.5,2,N,5
377,N,V,-0.1879,0.4583,2.5,2,N,5
377,N,W,-4.913,0.02263,4.5,2,N,5
377,N,Y,-4.87,0.04596,4,2,N,5
378,N,-,0.08866,0.05805,1.5,2,N,5
378,N,A,-3.541,1.031,4,2,N,5
378,N,C,-4.707,0.08273,3,2,N,5
378,N,D,-4.402,0.7715,4.5,2,N,5
378,N,E,-4.896,0.1025,4.5,2,N,5
378,N,F,-1.614,,1,1,N,5
378,N,G,-4.698,,1,1,N,5
378,N,H,-3.059,0.07354,8,2,N,5
378,N,I,-4.306,0.1344,6.5,2,N,5
378,N,K,-4.906,0.02333,5.5,2,N,5
378,N,L,-4.83,0.009192,4,2,N,5
378,N,M,-3.189,0.005657,5.5,2,N,5
378,N,N,0,0,,2,N,5
378,N,P,-4.564,0.483,4.5,2,N,5
378,N,Q,-3.588,1.357,3,2,N,5
378,N,R,-4.659,0.3288,3.5,2,N,5
378,N,S,-1.489,1.465,3.5,2,N,5
378,N,T,-2.047,0.09334,6,2,N,5
378,N,V,-4.478,0.1153,8.5,2,N,5
378,N,W,-0.7917,0.2534,5,2,N,5
378,N,Y,-2.775,0.4186,8.5,2,N,5
379,F,-,-0.05165,0.2528,1.5,2,F,5
379,F,A,-2.91,0.4886,5.5,2,F,5
379,F,C,-4.503,0.5756,4.5,2,F,5
379,F,D,-4.897,0.04455,6,2,F,5
379,F,E,-4.93,0.09051,2,2,F,5
379,F,F,0,0,,2,F,5
379,F,G,-0.8489,1.076,2,2,F,5
379,F,H,-0.6682,0.6983,4.5,2,F,5
379,F,I,-2.46,1.87,4,2,F,5
379,F,K,-4.71,0.2298,5,2,F,5
379,F,L,-1.421,0.2722,13.5,2,F,5
379,F,M,0.106,0.01409,7,2,F,5
379,F,N,-2.305,0.8287,4.5,2,F,5
379,F,P,-4.912,0.006364,6,2,F,5
379,F,Q,-4.463,0.5381,1.5,2,F,5
379,F,R,-1.598,0.5968,2.5,2,F,5
379,F,S,-4.944,0.01697,7.5,2,F,5
379,F,T,-4.905,0.009192,5,2,F,5
379,F,V,-2.734,1.436,2.5,2,F,5
379,F,W,0.1401,0.002899,2.5,2,F,5
379,F,Y,0.1248,0.06988,4,2,F,5
380,V,-,-2.546,3.341,1.5,2,V,5
380,V,A,-0.7143,0.03776,5,2,V,5
380,V,C,-0.6109,0.4115,3.5,2,V,5
380,V,D,-4.92,0.06788,4.5,2,V,5
380,V,E,-4.556,0.28,6,2,V,5
380,V,F,-4.573,0.5268,3.5,2,V,5
380,V,G,-2.122,0.9136,8.5,2,V,5
380,V,H,-2.8,0.07566,4,2,V,5
380,V,I,0.03406,0.1232,5.5,2,V,5
380,V,K,-4.821,0.2093,3.5,2,V,5
380,V,L,-0.4052,0.2534,8,2,V,5
380,V,M,-4.39,0.7495,6,2,V,5
380,V,N,-1.176,,1,1,V,5
380,V,P,-4.661,,1.5,1,V,5
380,V,Q,-0.7047,0.518,4.5,2,V,5
380,V,R,-3.466,1.397,3,2,V,5
380,V,S,-3.58,0.2079,4.5,2,V,5
380,V,T,-4.864,0.03111,4.5,2,V,5
380,V,V,0,0,,2,V,5
380,V,W,-1.129,0.6197,4,2,V,5
380,V,Y,-4.018,0.8415,7,2,V,5
381,K,-,-0.05717,0.02065,1,2,K,5
381,K,A,-1.312,0.2553,5.5,2,K,5
381,K,C,-4.953,0.003536,5,2,K,5
381,K,D,-4.566,0.3097,4.5,2,K,5
381,K,E,-4.035,1.269,7.5,2,K,5
381,K,F,-3.845,1.587,2.5,2,K,5
381,K,G,-1.855,0.6576,4,2,K,5
381,K,H,-0.5752,0.4207,3.5,2,K,5
381,K,I,-2.237,0.7121,4,2,K,5
381,K,K,0,0,,2,K,5
381,K,L,-0.6992,0.3117,5,2,K,5
381,K,M,-1.491,0.3847,3.5,2,K,5
381,K,N,-1.201,0.8098,11,2,K,5
381,K,P,-0.9692,0.6969,6.5,2,K,5
381,K,Q,-0.6502,0.5144,6,2,K,5
381,K,R,-0.359,0.5525,9,2,K,5
381,K,S,-1.053,,1.5,1,K,5
381,K,T,-0.2676,0.524,4.5,2,K,5
381,K,V,-2.954,2.905,4.5,2,K,5
381,K,W,-3.967,1.301,3,2,K,5
381,K,Y,-0.3139,0.629,3.5,2,K,5
382,F,-,-0.3786,0.5416,1,2,F,5
382,F,A,-4.062,1.02,2.5,2,F,5
382,F,C,-4.882,0.06505,4,2,F,5
382,F,D,-4.506,0.483,3.5,2,F,5
382,F,E,-4.909,0.04172,3.5,2,F,5
382,F,F,0,0,,2,F,5
382,F,G,-2.628,3.247,1.5,2,F,5
382,F,H,-4.883,0.0799,6.5,2,F,5
382,F,I,-0.7934,0.3119,5.5,2,F,5
382,F,K,-4.949,0.0792,6.5,2,F,5
382,F,L,0.02883,0.1064,9.5,2,F,5
382,F,M,-0.4728,0.2394,6.5,2,F,5
382,F,N,-4.755,0.1987,3.5,2,F,5
382,F,P,-4.944,0.03748,6,2,F,5
382,F,Q,-4.984,0.01131,6,2,F,5
382,F,R,-4.802,0.1796,3.5,2,F,5
382,F,S,-4.883,0.04525,5,2,F,5
382,F,T,-4.798,0.1428,3.5,2,F,5
382,F,V,-1.808,1.384,4.5,2,F,5
382,F,W,-0.7304,0.9117,4,2,F,5
382,F,Y,-1.186,0.8601,6,2,F,5
383,G,-,0.03555,0.1626,1,2,G,5
383,G,A,-0.0379,0.2384,5,2,G,5
383,G,C,-2.381,0.02333,15,2,G,5
383,G,D,-0.04208,0.02142,10.5,2,G,5
383,G,E,-0.2657,0.09871,6,2,G,5
383,G,F,0.1419,0.03147,5,2,G,5
383,G,G,0,0,,2,G,5
383,G,H,-0.3206,0.2091,6,2,G,5
383,G,I,-4.399,0.763,5,2,G,5
383,G,K,-0.6453,0.1701,7,2,G,5
383,G,L,-0.96,0.7014,6,2,G,5
383,G,M,-0.0813,0.3001,5.5,2,G,5
383,G,N,-0.4376,0.5296,4,2,G,5
383,G,P,-4.964,0.06788,6.5,2,G,5
383,G,Q,-0.0613,0.283,4.5,2,G,5
383,G,R,-1.199,1.112,3,2,G,5
383,G,S,0.0335,0.1276,9,2,G,5
383,G,T,-0.2226,0.0741,6.5,2,G,5
383,G,V,-3.549,0.5346,6.5,2,G,5
383,G,W,-0.2798,0.3415,1.5,2,G,5
383,G,Y,-0.3041,0.2395,4,2,G,5
384,S,-,-0.3139,0.5916,1,2,S,5
384,S,A,-0.4594,0.4588,5,2,S,5
384,S,C,-3.101,2.252,3,2,S,5
384,S,D,-0.3469,,4.5,1,S,5
384,S,E,-0.05999,0.1447,9.5,2,S,5
384,S,F,-0.02065,0.2225,3,2,S,5
384,S,G,0.1116,,2,1,S,5
384,S,H,-0.2368,0.4283,5.5,2,S,5
384,S,I,-0.7579,0.02022,11,2,S,5
384,S,K,-0.6096,0.9905,2,2,S,5
384,S,L,-1.263,1.431,5.5,2,S,5
384,S,M,-0.5345,0.5513,4,2,S,5
384,S,N,-0.2606,0.2516,10.5,2,S,5
384,S,P,-4.919,0.04384,5,2,S,5
384,S,Q,0.0293,0.1833,4,2,S,5
384,S,R,-0.1847,0.3527,9,2,S,5
384,S,S,0,0,,2,S,5
384,S,T,0.06801,0.002376,7,2,S,5
384,S,V,-2.056,3.068,4,2,S,5
384,S,W,0.0828,0.1151,6,2,S,5
384,S,Y,-0.6168,1.06,9,2,S,5
385,V,-,-0.0261,,0.5,1,V,5
385,V,A,-0.653,0.734,6,2,V,5
385,V,C,-0.8062,0.4551,2.5,2,V,5
385,V,D,-4.926,0.02051,5,2,V,5
385,V,E,-4.919,0.0495,4,2,V,5
385,V,F,-0.8783,1.086,12.5,2,V,5
385,V,G,-4.924,0.03111,4.5,2,V,5
385,V,H,-4.873,0.03394,3.5,2,V,5
385,V,I,0.1517,0.01683,7.5,2,V,5
385,V,K,-4.842,0.06293,5.5,2,V,5
385,V,L,0.1065,0.04054,4.5,2,V,5
385,V,M,-0.1056,0.3025,6.5,2,V,5
385,V,N,-4.898,0.07071,3,2,V,5
385,V,P,-4.834,0.1584,5,2,V,5
385,V,Q,-4.938,0.02263,6.5,2,V,5
385,V,R,-4.9,,0.5,1,V,5
385,V,S,-4.73,0.379,5,2,V,5
385,V,T,-0.7218,0.02312,7,2,V,5
385,V,V,0,0,,2,V,5
385,V,W,-4.934,0.02899,5,2,V,5
385,V,Y,-4.841,0.01061,6,2,V,5
386,C,-,-0.04301,,0.5,1,C,5
386,C,A,-2.757,2.892,4.5,2,C,5
386,C,C,0,0,,2,C,5
386,C,D,-4.972,0.04808,6,2,C,5
386,C,E,-4.843,0.1089,3,2,C,5
386,C,F,-4.917,0.0792,12,2,C,5
386,C,G,-4.937,0.09263,4.5,2,C,5
386,C,H,-4.89,0.00495,4,2,C,5
386,C,I,-4.792,0.1768,9.5,2,C,5
386,C,K,-4.941,0.04738,5.5,2,C,5
386,C,L,-4.944,0.002121,6,2,C,5
386,C,M,-4.903,0.04172,4.5,2,C,5
386,C,N,-4.885,,1.5,1,C,5
386,C,P,-4.947,0.02404,4.5,2,C,5
386,C,Q,-4.881,0.09051,4.5,2,C,5
386,C,R,-4.979,0.003536,11.5,2,C,5
386,C,S,-2.897,2.589,4,2,C,5
386,C,T,-4.875,0.04384,6,2,C,5
386,C,V,-4.928,0.1181,3,2,C,5
386,C,W,-4.929,0.06576,3,2,C,5
386,C,Y,-4.801,0.2828,11,2,C,5
387,F,-,-0.5641,,0.5,1,F,5
387,F,A,-4.784,0.1662,5,2,F,5
387,F,C,-4.795,0.1358,3.5,2,F,5
387,F,D,-4.912,0.01344,4.5,2,F,5
387,F,E,-4.843,0.05657,2,2,F,5
387,F,F,0,0,,2,F,5
387,F,G,-4.97,0.05586,9.5,2,F,5
387,F,H,-4.918,0.02899,5,2,F,5
387,F,I,-4.18,0.2362,5.5,2,F,5
387,F,K,-4.915,0.007071,5.5,2,F,5
387,F,L,-1.556,0.005657,12.5,2,F,5
387,F,M,-0.2428,0.4866,4.5,2,F,5
387,F,N,-4.865,0.0297,6,2,F,5
387,F,P,-4.947,0.008485,8,2,F,5
387,F,Q,-4.956,,1,1,F,5
387,F,R,-4.703,0.3642,6,2,F,5
387,F,S,-4.787,0.07849,3.5,2,F,5
387,F,T,-4.926,0.04808,3,2,F,5
387,F,V,-0.3853,0.4685,2.5,2,F,5
387,F,W,-0.02635,0.1921,4,2,F,5
387,F,Y,-0.2576,0.007495,3.5,2,F,5
388,S,-,-0.5003,0.7547,1,2,S,5
388,S,A,-0.09666,0.2041,5,2,S,5
388,S,C,-4.037,0.9468,6.5,2,S,5
388,S,D,-2.481,3.522,4,2,S,5
388,S,E,-4.931,0.06576,6.5,2,S,5
388,S,F,-2.482,3.423,2.5,2,S,5
388,S,G,-0.2075,0.5309,5.5,2,S,5
388,S,H,-1.715,0.5042,7,2,S,5
388,S,I,-4.921,0.01061,9,2,S,5
388,S,K,-4.911,,3.5,1,S,5
388,S,L,-4.938,0.02899,7.5,2,S,5
388,S,M,-4.797,0.1895,3.5,2,S,5
388,S,N,-1.552,0.6626,8.5,2,S,5
388,S,P,-4.908,,3,1,S,5
388,S,Q,-3.982,0.8082,4.5,2,S,5
388,S,R,-4.875,0.07637,8,2,S,5
388,S,S,0,0,,2,S,5
388,S,T,-0.4047,0.09306,6.5,2,S,5
388,S,V,-4.566,0.4179,6,2,S,5
388,S,W,-4.818,0.198,3,2,S,5
388,S,Y,-4.937,0.1004,7,2,S,5
389,L,-,-0.1631,0.1304,1,2,L,5
389,L,A,-1.27,0.8209,5,2,L,5
389,L,C,-4.47,0.3429,8,2,L,5
389,L,D,-4.815,0.157,6,2,L,5
389,L,E,-0.0202,0.2249,4.5,2,L,5
389,L,F,-1.409,,3,1,L,5
389,L,G,-4.62,0.3118,3.5,2,L,5
389,L,H,-3.534,0.6343,4.5,2,L,5
389,L,I,-0.9699,0.03161,3,2,L,5
389,L,K,0.1285,0.01605,3,2,L,5
389,L,L,0,0,,2,L,5
389,L,M,0.09628,0.1102,6.5,2,L,5
389,L,N,-3.279,2.174,4,2,L,5
389,L,P,-0.02857,0.1252,10,2,L,5
389,L,Q,-0.0818,0.2961,8.5,2,L,5
389,L,R,-1.414,0.4497,3.5,2,L,5
389,L,S,-2.272,0.8818,3.5,2,L,5
389,L,T,-0.6151,1.099,3.5,2,L,5
389,L,V,-0.2135,0.3379,3,2,L,5
389,L,W,-5.006,,4,1,L,5
389,L,Y,-3.52,0.8683,4.5,2,L,5
390,K,-,-0.1368,0.2767,2,2,K,5
390,K,A,0.129,0.04985,5.5,2,K,5
390,K,C,-0.3707,0.7203,2,2,K,5
390,K,D,0.151,0.01902,3.5,2,K,5
390,K,E,-0.1507,0.2843,5,2,K,5
390,K,F,-0.1438,0.2585,6,2,K,5
390,K,G,-0.1238,0.3738,3.5,2,K,5
390,K,H,-0.0882,0.2932,7.5,2,K,5
390,K,I,0.03214,,2,1,K,5
390,K,K,0,0,,2,K,5
390,K,L,0.1555,0.02135,7,2,K,5
390,K,M,-0.3113,0.05424,3.5,2,K,5
390,K,N,0.0061,0.09225,13,2,K,5
390,K,P,-4.781,0.1541,4,2,K,5
390,K,Q,-0.0141,0.2365,3,2,K,5
390,K,R,0.06261,0.07933,3,2,K,5
390,K,S,-1.002,0.26,3,2,K,5
390,K,T,-0.1341,0.3801,2,2,K,5
390,K,V,0.02644,0.1162,5.5,2,K,5
390,K,W,-0.1791,0.3235,2.5,2,K,5
390,K,Y,-0.1424,0.3594,3,2,K,5
391,D,-,-1.048,0.8474,2,2,D,5
391,D,A,-0.3452,0.08627,9,2,D,5
391,D,C,-1.437,0.8354,2,2,D,5
391,D,D,0,0,,2,D,5
391,D,E,-0.08495,0.2454,5.5,2,D,5
391,D,F,-0.2959,0.5315,7.5,2,D,5
391,D,G,-0.3237,0.502,4.5,2,D,5
391,D,H,0.000475,0.05993,4.5,2,D,5
391,D,I,-1.775,,1,1,D,5
391,D,K,-1.409,0.004243,5,2,D,5
391,D,L,0.00925,0.1675,3,2,D,5
391,D,M,-0.4594,0.02892,4,2,D,5
391,D,N,-0.2069,0.2117,21,2,D,5
391,D,P,-0.0379,0.2367,10,2,D,5
391,D,Q,-0.1997,0.5146,5,2,D,5
391,D,R,-1.385,0.309,5,2,D,5
391,D,S,-0.06845,0.3406,6.5,2,D,5
391,D,T,-0.02964,,2.5,1,D,5
391,D,V,-0.0744,0.13,4,2,D,5
391,D,W,0.06572,0.02336,3.5,2,D,5
391,D,Y,-0.2,0.07333,8.5,2,D,5
392,I,-,-0.1925,0.2319,2,2,I,5
392,I,A,-0.01675,0.186,3.5,2,I,5
392,I,C,-2.173,0.164,5.5,2,I,5
392,I,D,-0.5094,0.1853,9,2,I,5
392,I,E,-0.7084,1.049,1.5,2,I,5
392,I,F,-0.2067,0.03083,7,2,I,5
392,I,G,-0.1807,0.3364,6.5,2,I,5
392,I,H,-0.977,0.642,4.5,2,I,5
392,I,I,0,0,,2,I,5
392,I,K,-0.6059,0.5396,6.5,2,I,5
392,I,L,0.1373,0.001556,4,2,I,5
392,I,M,-0.08605,0.3679,4,2,I,5
392,I,N,-0.6591,0.9926,7.5,2,I,5
392,I,P,-2.004,0.4441,8,2,I,5
392,I,Q,-0.1307,0.1865,3.5,2,I,5
392,I,R,-0.6269,0.6889,2.5,2,I,5
392,I,S,-1.906,2.522,3.5,2,I,5
392,I,T,-0.1399,0.077,7.5,2,I,5
392,I,V,-0.1496,0.3591,4,2,I,5
392,I,W,-0.6706,0.04653,6.5,2,I,5
392,I,Y,-0.3315,0.562,4,2,I,5
393,P,-,-0.05838,0.08516,1.5,2,P,5
393,P,A,0.1219,,4.5,1,P,5
393,P,C,-1.715,0.432,7.5,2,P,5
393,P,D,-0.5281,0.6999,5.5,2,P,5
393,P,E,-2.026,0.3161,1.5,2,P,5
393,P,F,-0.03271,0.1643,3.5,2,P,5
393,P,G,0.1505,0.02595,4,2,P,5
393,P,H,-0.3051,0.2288,18,2,P,5
393,P,I,-0.1827,0.3393,6,2,P,5
393,P,K,-0.9461,1.178,2.5,2,P,5
393,P,L,0.1428,0.04412,9.5,2,P,5
393,P,M,-2.342,0.6569,1.5,2,P,5
393,P,N,-0.1732,0.3772,7,2,P,5
393,P,P,0,0,,2,P,5
393,P,Q,0.1127,,4,1,P,5
393,P,R,-0.9916,0.5394,4.5,2,P,5
393,P,S,-0.249,0.1006,7.5,2,P,5
393,P,T,-0.3533,0.5427,12.5,2,P,5
393,P,V,-0.1874,0.1719,6,2,P,5
393,P,W,-4.855,,1,1,P,5
393,P,Y,-0.623,1.061,2,2,P,5
394,G,-,-0.06268,0.05887,1.5,2,G,5
394,G,A,-1.151,0.7581,4.5,2,G,5
394,G,C,-1.174,0.07849,22,2,G,5
394,G,D,-2.115,1.503,5.5,2,G,5
394,G,E,-1.052,0.1718,2.5,2,G,5
394,G,F,-0.0802,0.3265,3,2,G,5
394,G,G,0,0,,2,G,5
394,G,H,-0.02875,0.2525,6.5,2,G,5
394,G,I,-0.6121,0.3933,5,2,G,5
394,G,K,-2.258,0.84,3,2,G,5
394,G,L,-0.8803,0.2287,2,2,G,5
394,G,M,-1.088,1.133,7,2,G,5
394,G,N,-0.8219,0.4965,5,2,G,5
394,G,P,-1.512,0.04667,3.5,2,G,5
394,G,Q,-1.512,0.3995,2.5,2,G,5
394,G,R,-1.47,2.188,1.5,2,G,5
394,G,S,-0.1195,0.3004,11,2,G,5
394,G,T,0.03993,0.1726,4,2,G,5
394,G,V,-0.3945,0.05127,7.5,2,G,5
394,G,W,-1.094,0.1332,4.5,2,G,5
394,G,Y,-0.0948,0.2833,5.5,2,G,5
395,G,*,-4.927,0.06647,13.5,2,G,5
395,G,-,-0.1437,0.3458,1.5,2,G,5
395,G,A,-0.2006,0.03741,9,2,G,5
395,G,C,0.07393,0.1045,5,2,G,5
395,G,D,-0.7029,0.5064,5.5,2,G,5
395,G,E,-4.668,0.3571,13.5,2,G,5
395,G,F,0.01655,0.1686,6.5,2,G,5
395,G,G,0,0,,2,G,5
395,G,H,-1.085,0.6829,2,2,G,5
395,G,I,-4.72,0.309,5,2,G,5
395,G,K,-0.7436,0.5875,4,2,G,5
395,G,L,-4.287,0.4306,6.5,2,G,5
395,G,M,-3.208,0.6689,4,2,G,5
395,G,N,-1.133,0.7106,3.5,2,G,5
395,G,P,-4.816,0.2093,3.5,2,G,5
395,G,Q,-0.3581,0.2239,5.5,2,G,5
395,G,R,-0.9622,0.2217,13,2,G,5
395,G,S,0.1501,0.02178,2,2,G,5
395,G,T,-0.5587,0.6059,9.5,2,G,5
395,G,V,-2.671,0.2072,11.5,2,G,5
395,G,W,-1.047,0.3021,2.5,2,G,5
395,G,Y,-0.4877,0.1212,5,2,G,5
396,C,*,-4.986,0.03748,2.5,2,C,5
396,C,-,0.03589,0.1412,1.5,2,C,5
396,C,A,-4.915,0.1308,4.5,2,C,5
396,C,C,0,0,,2,C,5
396,C,D,-4.915,0.02475,15.5,2,C,5
396,C,E,-4.946,0.07849,3,2,C,5
396,C,F,-4.9,0.04879,5.5,2,C,5
396,C,G,-4.926,0.01273,6.5,2,C,5
396,C,H,-4.931,0.02333,5.5,2,C,5
396,C,I,-4.96,0.06859,4.5,2,C,5
396,C,K,-4.936,0.05445,2,2,C,5
396,C,L,-4.905,0.03041,3,2,C,5
396,C,M,-4.931,0.04172,6,2,C,5
396,C,N,-2.728,3.067,3,2,C,5
396,C,P,-4.924,0.04667,4,2,C,5
396,C,Q,-4.93,0.02687,5,2,C,5
396,C,R,-2.72,3.003,2,2,C,5
396,C,S,-4.697,0.3543,8.5,2,C,5
396,C,T,-4.899,0.003536,3.5,2,C,5
396,C,V,-4.925,0.05798,5,2,C,5
396,C,W,-2.402,3.538,3.5,2,C,5
396,C,Y,-4.944,0.02828,7,2,C,5
397,A,-,-0.08712,0.2272,1.5,2,A,5
397,A,A,0,0,,2,A,5
397,A,C,-0.07936,0.2186,7.5,2,A,5
397,A,D,0.05097,0.03382,5.5,2,A,5
397,A,E,-0.5484,0.1691,3,2,A,5
397,A,F,-0.1935,0.2882,8,2,A,5
397,A,G,-0.3867,0.7254,4,2,A,5
397,A,H,-0.4649,0.3564,2.5,2,A,5
397,A,I,0.05393,0.08594,8.5,2,A,5
397,A,K,-0.9394,0.5128,2.5,2,A,5
397,A,L,-0.4183,0.1118,3,2,A,5
397,A,M,-0.5869,0.3716,2,2,A,5
397,A,N,-0.1519,0.145,6,2,A,5
397,A,P,-2.337,0.4533,6,2,A,5
397,A,Q,-0.5958,0.7159,3,2,A,5
397,A,R,-0.3609,0.1879,7.5,2,A,5
397,A,S,-0.191,0.07029,8.5,2,A,5
397,A,T,-0.1243,0.1246,26,2,A,5
397,A,V,0.04954,0.09668,14,2,A,5
397,A,W,0.0444,0.004858,2.5,2,A,5
397,A,Y,-0.2467,0.1203,6,2,A,5
398,M,-,-0.02547,0.01262,1.5,2,M,5
398,M,A,-3.688,0.4914,5,2,M,5
398,M,C,-4.934,0.01202,4,2,M,5
398,M,D,-4.843,0.1061,4,2,M,5
398,M,E,-2.508,3.454,4.5,2,M,5
398,M,F,-0.7445,0.3591,7,2,M,5
398,M,G,-4.331,0.8697,8,2,M,5
398,M,H,-0.7056,0.2749,6.5,2,M,5
398,M,I,-4.962,0.06293,18.5,2,M,5
398,M,K,-4.901,0.0007071,4,2,M,5
398,M,L,-0.3721,0.1499,7,2,M,5
398,M,M,0,0,,2,M,5
398,M,N,-4.906,0.01556,7,2,M,5
398,M,P,-4.829,0.1195,5,2,M,5
398,M,Q,-1.353,1.284,5,2,M,5
398,M,R,-4.916,0.02121,4,2,M,5
398,M,S,-4.752,0.005657,6,2,M,5
398,M,T,-4.767,0.1881,5,2,M,5
398,M,V,-4.908,0.02333,7,2,M,5
398,M,W,-0.7386,0.4418,4.5,2,M,5
398,M,Y,-0.4259,,1.5,1,M,5
399,P,-,-0.02734,0.07541,2,2,P,5
399,P,A,-0.8144,0.3855,9.5,2,P,5
399,P,C,-4.433,0.145,6.5,2,P,5
399,P,D,-3.316,1.244,4.5,2,P,5
399,P,E,-2.587,1.006,5.5,2,P,5
399,P,F,-2.192,0.09475,2.5,2,P,5
399,P,G,-0.3746,0.2407,4,2,P,5
399,P,H,-2.255,0.2645,6,2,P,5
399,P,I,-2.074,1.601,4.5,2,P,5
399,P,K,-1.922,0.157,4,2,P,5
399,P,L,-1.58,2.433,3,2,P,5
399,P,M,-0.2716,0.3059,2,2,P,5
399,P,N,-0.8465,0.9397,1,2,P,5
399,P,P,0,0,,2,P,5
399,P,Q,-1.565,0.5678,6.5,2,P,5
399,P,R,-1.422,1.343,5.5,2,P,5
399,P,S,-1.702,0.8365,12,2,P,5
399,P,T,-1.724,0.1577,6.5,2,P,5
399,P,V,-1.324,0.3408,3.5,2,P,5
399,P,W,-2.135,0.7509,3.5,2,P,5
399,P,Y,-1.281,0.747,3,2,P,5
400,I,-,-0.7302,0.2969,2.5,2,I,5
400,I,A,-4.907,0.03253,3,2,I,5
400,I,C,-4.023,0.4285,6,2,I,5
400,I,D,-4.931,0.02192,7,2,I,5
400,I,E,-4.854,0.1393,6.5,2,I,5
400,I,F,-4.91,0.01768,3,2,I,5
400,I,G,-4.764,0.1754,3.5,2,I,5
400,I,H,-4.857,0.05728,4.5,2,I,5
400,I,I,0,0,,2,I,5
400,I,K,-4.841,0.1308,3.5,2,I,5
400,I,L,0.05386,0.04625,7,2,I,5
400,I,M,-0.8216,0.1455,2.5,2,I,5
400,I,N,-4.944,0.04738,7.5,2,I,5
400,I,P,-4.929,0.01626,6.5,2,I,5
400,I,Q,-4.916,0.001414,4.5,2,I,5
400,I,R,-4.912,0.01273,6.5,2,I,5
400,I,S,-4.898,0.009899,3.5,2,I,5
400,I,T,-4.875,0.06647,8.5,2,I,5
400,I,V,-1.38,1.973,2,2,I,5
400,I,W,-4.78,0.1888,6,2,I,5
400,I,Y,-4.957,0.01768,3.5,2,I,5
401,V,-,0.1234,,2,1,V,5
401,V,A,-0.1492,0.1878,8,2,V,5
401,V,C,-0.499,,2,1,V,5
401,V,D,-0.0831,0.2076,4.5,2,V,5
401,V,E,-0.01571,0.05427,3,2,V,5
401,V,F,-2.564,3.409,3,2,V,5
401,V,G,0.131,0.0384,2.5,2,V,5
401,V,H,0.07126,0.1426,2,2,V,5
401,V,I,-0.4128,0.681,5,2,V,5
401,V,K,-0.1933,0.462,4.5,2,V,5
401,V,L,-1.566,0.4985,5.5,2,V,5
401,V,M,0.08418,0.07031,10,2,V,5
401,V,N,-0.01505,0.1696,3,2,V,5
401,V,P,-4.969,0.0594,8,2,V,5
401,V,Q,-0.00725,0.1925,4,2,V,5
401,V,R,-0.7299,0.6691,3,2,V,5
401,V,S,-0.1406,0.02411,4.5,2,V,5
401,V,T,-0.2261,0.376,2.5,2,V,5
401,V,V,0,0,,2,V,5
401,V,W,0.04941,0.1621,6.5,2,V,5
401,V,Y,0.09593,0.05781,5,2,V,5
402,A,-,0.08079,,1.5,1,A,5
402,A,A,0,0,,2,A,5
402,A,C,-1.779,0.08697,9.5,2,A,5
402,A,D,-4.827,0.04243,6,2,A,5
402,A,E,-4.829,0.0898,4,2,A,5
402,A,F,-0.9576,0.3994,5.5,2,A,5
402,A,G,-0.3458,,2,1,A,5
402,A,H,-4.855,0.0495,3,2,A,5
402,A,I,-1.194,0.0594,4,2,A,5
402,A,K,-4.857,0.1435,6,2,A,5
402,A,L,-0.5004,0.06498,7,2,A,5
402,A,M,-1.451,0.7811,4,2,A,5
402,A,N,-1.648,0.1577,9.5,2,A,5
402,A,P,-4.53,0.1464,3.5,2,A,5
402,A,Q,-4.225,0.04879,1.5,2,A,5
402,A,R,-4.962,0.02263,6.5,2,A,5
402,A,S,-0.9308,1.357,8,2,A,5
402,A,T,-0.6881,0.2843,11,2,A,5
402,A,V,-0.2643,0.5762,6.5,2,A,5
402,A,W,-4.713,0.2553,5,2,A,5
402,A,Y,-1.608,0.94,3,2,A,5
403,N,-,-1.772,,1.5,1,N,5
403,N,A,0.03226,0.1706,2.5,2,N,5
403,N,C,-0.9768,0.8163,2,2,N,5
403,N,D,-0.2163,0.2877,6,2,N,5
403,N,E,-0.1015,0.3393,3.5,2,N,5
403,N,F,-0.5964,0.5692,5,2,N,5
403,N,G,0.03916,0.1801,5,2,N,5
403,N,H,-0.3842,0.4387,6.5,2,N,5
403,N,I,-0.1065,0.3403,3.5,2,N,5
403,N,K,-2.547,2.226,6.5,2,N,5
403,N,L,-0.4727,0.1908,4,2,N,5
403,N,M,-0.3275,0.03882,5,2,N,5
403,N,N,0,0,,2,N,5
403,N,P,-4.894,0.1471,6,2,N,5
403,N,Q,-0.6431,0.2678,5.5,2,N,5
403,N,R,-0.02075,0.06376,5,2,N,5
403,N,S,0.00655,0.1889,9,2,N,5
403,N,T,-0.0752,0.297,4.5,2,N,5
403,N,V,-0.1606,0.4053,2.5,2,N,5
403,N,W,-0.9453,0.199,5.5,2,N,5
403,N,Y,-0.381,0.7591,3.5,2,N,5
404,L,-,0.05187,,2,1,W,5
404,L,A,-0.9047,0.6934,3,2,W,5
404,L,C,-1.804,0.4207,7.5,2,W,5
404,L,D,-4.762,0.1952,5,2,W,5
404,L,E,-4.949,0.08061,2.5,2,W,5
404,L,F,-0.3376,0.3045,3.5,2,W,5
404,L,G,-4.87,0.07142,3.5,2,W,5
404,L,H,-3.821,0.6385,2.5,2,W,5
404,L,I,-0.1094,0.08362,6.5,2,W,5
404,L,K,-4.026,1.324,4.5,2,W,5
404,L,L,0,0,,2,W,5
404,L,M,-0.3798,0.7031,5,2,W,5
404,L,N,-4.643,0.02121,6,2,W,5
404,L,P,-1.849,0.8952,4.5,2,W,5
404,L,Q,-4.919,0.03677,3,2,W,5
404,L,R,-2.237,1.515,5,2,W,5
404,L,S,-4.825,0.1379,5.5,2,W,5
404,L,T,-3.647,1.841,3,2,W,5
404,L,V,-0.8511,1.175,2.5,2,W,5
404,L,W,-1.258,2.014,2,2,W,5
404,L,Y,0.05046,0.159,3.5,2,W,5
405,A,-,-0.05158,,2,1,A,5
405,A,A,0,0,,2,A,5
405,A,C,-1.785,0.1096,7,2,A,5
405,A,D,0.04231,0.07775,9,2,A,5
405,A,E,-0.5961,0.8767,6.5,2,A,5
405,A,F,-1.505,1.349,7.5,2,A,5
405,A,G,-1.416,2.096,7,2,A,5
405,A,H,-0.02025,0.2252,6,2,A,5
405,A,I,0.0225,0.2102,3.5,2,A,5
405,A,K,-0.03286,0.04102,4,2,A,5
405,A,L,0.144,0.01739,3,2,A,5
405,A,M,-0.02815,0.07891,5.5,2,A,5
405,A,N,-0.1257,0.3511,2.5,2,A,5
405,A,P,-0.01785,0.03708,4.5,2,A,5
405,A,Q,0.05395,0.1077,6.5,2,A,5
405,A,R,-1.011,0.2798,2.5,2,A,5
405,A,S,-3.611,0.8959,7,2,A,5
405,A,T,-3.464,0.5459,14.5,2,A,5
405,A,V,-0.3179,0.03239,6,2,A,5
405,A,W,-1.252,0.2694,4.5,2,A,5
405,A,Y,0.08804,0.07335,3,2,A,5
406,Y,*,-3.576,1.79,3,2,Y,5
406,Y,-,-0.57,,2,1,Y,5
406,Y,A,-0.4439,0.2679,5,2,Y,5
406,Y,C,-0.1173,0.009263,8,2,Y,5
406,Y,D,-2.104,3.082,3,2,Y,5
406,Y,E,0.1404,0.01527,3,2,Y,5
406,Y,F,0.0105,0.1765,6,2,Y,5
406,Y,G,-0.161,0.4199,4.5,2,Y,5
406,Y,H,-0.8146,0.9693,2.5,2,Y,5
406,Y,I,-0.2489,0.3629,3,2,Y,5
406,Y,K,-0.9369,0.5191,4.5,2,Y,5
406,Y,L,-0.1565,0.1709,3.5,2,Y,5
406,Y,M,-0.2448,0.1625,5,2,Y,5
406,Y,N,0.08286,0.009016,3.5,2,Y,5
406,Y,P,-0.1459,0.05565,3.5,2,Y,5
406,Y,Q,-0.3946,0.08351,5.5,2,Y,5
406,Y,R,-3.277,1.959,5.5,2,Y,5
406,Y,S,0.05398,0.01609,1.5,2,Y,5
406,Y,T,-0.4844,0.4689,4,2,Y,5
406,Y,V,-0.1098,0.3275,2,2,Y,5
406,Y,W,-0.06413,0.00664,3,2,Y,5
406,Y,Y,0,0,,2,Y,5
407,L,-,0.03221,,2,1,S,5
407,L,A,-0.161,0.4579,4.5,2,S,5
407,L,C,-4.369,0.8563,4,2,S,5
407,L,D,-0.6931,0.7254,3.5,2,S,5
407,L,E,-1.143,0.5144,4.5,2,S,5
407,L,F,-0.047,0.2526,4.5,2,S,5
407,L,G,0.00813,0.1282,2.5,2,S,5
407,L,H,-0.1986,0.3411,8,2,S,5
407,L,I,-1.713,2.377,3.5,2,S,5
407,L,K,-4.296,0.6774,5.5,2,S,5
407,L,L,0,0,,2,S,5
407,L,M,-0.5866,0.8731,10,2,S,5
407,L,N,-2.546,3.485,1,2,S,5
407,L,P,-3.371,0.6505,10,2,S,5
407,L,Q,-0.1052,0.1756,2.5,2,S,5
407,L,R,-2.072,0.5183,6.5,2,S,5
407,L,S,-0.3359,0.6721,4,2,S,5
407,L,T,-0.04975,0.2074,6,2,S,5
407,L,V,0.1501,0.03154,3.5,2,S,5
407,L,W,-1.664,1.004,2.5,2,S,5
407,L,Y,-0.08196,0.216,4,2,S,5
408,N,-,-0.2955,,2.5,1,K,5
408,N,A,-0.3253,0.4599,3.5,2,K,5
408,N,C,-4.693,0.05091,3.5,2,K,5
408,N,D,-0.0907,0.2901,6,2,K,5
408,N,E,-0.8944,0.3926,7,2,K,5
408,N,F,-2.92,0.5848,3.5,2,K,5
408,N,G,-0.067,0.2793,4,2,K,5
408,N,H,-0.2237,0.08514,4.5,2,K,5
408,N,I,-0.7781,0.8202,6,2,K,5
408,N,K,-0.0867,0.2606,8,2,K,5
408,N,L,-0.8749,,2.5,1,K,5
408,N,M,0.03764,0.07846,5.5,2,K,5
408,N,N,0,0,,2,K,5
408,N,P,-3.093,1.159,3,2,K,5
408,N,Q,0.1216,,1.5,1,K,5
408,N,R,-0.0032,0.1544,1.5,2,K,5
408,N,S,0.09964,0.04378,6,2,K,5
408,N,T,-0.08549,0.02364,2,2,K,5
408,N,V,-0.1339,0.2207,4,2,K,5
408,N,W,-1.783,0.5784,7,2,K,5
408,N,Y,-2.077,0.7736,5.5,2,K,5
409,S,-,-0.3888,,3,1,Y,5
409,S,A,-0.7294,1.264,4.5,2,Y,5
409,S,C,-1.965,0.3458,4.5,2,Y,5
409,S,D,0.153,0.02044,4.5,2,Y,5
409,S,E,0.1333,0.03649,6,2,Y,5
409,S,F,-0.5527,0.1034,9,2,Y,5
409,S,G,-0.1241,0.3588,3,2,Y,5
409,S,H,0.07122,0.02562,4.5,2,Y,5
409,S,I,-0.2929,0.3944,4,2,Y,5
409,S,K,-0.1824,0.1068,8,2,Y,5
409,S,L,-0.7681,0.2391,4.5,2,Y,5
409,S,M,-0.1819,0.4553,3.5,2,Y,5
409,S,N,-4.946,0.09051,3.5,2,Y,5
409,S,P,-0.9474,0.0009899,7,2,Y,5
409,S,Q,-0.1683,0.4808,3,2,Y,5
409,S,R,-0.9247,,2,1,Y,5
409,S,S,0,0,,2,Y,5
409,S,T,-0.1959,0.04752,4.5,2,Y,5
409,S,V,-1.013,0.1701,4.5,2,Y,5
409,S,W,-0.6821,0.7197,6.5,2,Y,5
409,S,Y,-0.3386,0.3503,11.5,2,Y,5
410,Y,*,-0.1317,,0.5,1,Y,5
410,Y,-,-0.4196,,3,1,Y,5
410,Y,A,-0.7369,0.3594,4.5,2,Y,5
410,Y,C,-4.91,0.02828,10,2,Y,5
410,Y,D,-2.458,2.76,5.5,2,Y,5
410,Y,E,-0.03318,,1.5,1,Y,5
410,Y,F,-0.00645,0.1664,5,2,Y,5
410,Y,G,-4.574,0.2044,3,2,Y,5
410,Y,H,-0.2781,0.2683,9.5,2,Y,5
410,Y,I,-0.9518,0.286,6.5,2,Y,5
410,Y,K,-2.78,0.4999,7,2,Y,5
410,Y,L,-3.042,0.5325,4,2,Y,5
410,Y,M,-0.7966,0.3569,2,2,Y,5
410,Y,N,-0.7927,0.5831,2,2,Y,5
410,Y,P,-3.928,0.1025,3.5,2,Y,5
410,Y,Q,-2.171,0.1888,1.5,2,Y,5
410,Y,R,-2.221,2.47,6,2,Y,5
410,Y,S,-4.121,0.1393,3,2,Y,5
410,Y,T,-4.738,0.3408,4,2,Y,5
410,Y,V,-1.072,0.28,4,2,Y,5
410,Y,W,0.06473,0.02009,2.5,2,Y,5
410,Y,Y,0,0,,2,Y,5
411,T,-,-0.02692,,3.5,1,T,5
411,T,A,-0.3647,0.3725,2,2,T,5
411,T,C,-0.3716,0.4906,4.5,2,T,5
411,T,D,-0.6231,1.014,4.5,2,T,5
411,T,E,-1.103,0.4855,4,2,T,5
411,T,F,-0.6706,0.6511,3,2,T,5
411,T,G,0.09686,0.08406,9,2,T,5
411,T,H,-0.3113,0.3567,8,2,T,5
411,T,I,-0.2654,0.3745,6.5,2,T,5
411,T,K,-0.7444,0.8819,3.5,2,T,5
411,T,L,-0.4744,0.5259,3.5,2,T,5
411,T,M,-0.02195,0.2276,3.5,2,T,5
411,T,N,-0.2643,0.03033,4,2,T,5
411,T,P,-0.01858,0.02758,7,2,T,5
411,T,Q,-0.1356,0.3877,5,2,T,5
411,T,R,-0.1775,0.1356,3.5,2,T,5
411,T,S,-0.912,1.26,7,2,T,5
411,T,T,0,0,,2,T,5
411,T,V,-0.2827,0.4384,7.5,2,T,5
411,T,W,-0.1995,0.3512,3.5,2,T,5
411,T,Y,0.02972,0.1014,4.5,2,T,5
412,I,-,-0.08808,,3,1,I,5
412,I,A,-1.022,0.193,4,2,I,5
412,I,C,-1.93,0.1584,8,2,I,5
412,I,D,-2.632,3.303,4.5,2,I,5
412,I,E,-3.165,2.418,2.5,2,I,5
412,I,F,-0.3847,0.1279,6.5,2,I,5
412,I,G,-4.579,0.1492,4,2,I,5
412,I,H,-4.916,0.02121,6,2,I,5
412,I,I,0,0,,2,I,5
412,I,K,-4.894,0.009192,2.5,2,I,5
412,I,L,-0.4118,0.543,6,2,I,5
412,I,M,-0.0114,0.1238,3,2,I,5
412,I,N,-4.718,0.1747,4,2,I,5
412,I,P,-4.942,,2.5,1,I,5
412,I,Q,-4.987,,1.5,1,I,5
412,I,R,-4.701,0.4257,9,2,I,5
412,I,S,-4.572,0.4914,5,2,I,5
412,I,T,-2.54,1.146,4,2,I,5
412,I,V,-0.02894,0.0604,3,2,I,5
412,I,W,-4.373,0.1867,4,2,I,5
412,I,Y,-1.644,0.2913,6,2,I,5
413,G,*,-3.191,,0.5,1,G,5
413,G,-,-0.1798,,3,1,G,5
413,G,A,-0.1687,0.4043,4.5,2,G,5
413,G,C,-4.491,0.2418,12.5,2,G,5
413,G,D,-3.232,0.3656,14.5,2,G,5
413,G,E,-4.745,0.01909,4.5,2,G,5
413,G,F,-4.229,0.927,2.5,2,G,5
413,G,G,0,0,,2,G,5
413,G,H,-2.346,0.164,4,2,G,5
413,G,I,-4.896,0.009192,5.5,2,G,5
413,G,K,-1.048,1.35,1.5,2,G,5
413,G,L,-4.707,0.3401,4,2,G,5
413,G,M,-4.556,0.5431,5,2,G,5
413,G,N,-4.36,0.413,2.5,2,G,5
413,G,P,-4.928,0.02899,2.5,2,G,5
413,G,Q,-1.446,1.102,5.5,2,G,5
413,G,R,-3.139,0.5911,5.5,2,G,5
413,G,S,-0.08016,0.1398,7,2,G,5
413,G,T,-4.014,1.304,5,2,G,5
413,G,V,-4.948,0.08344,11.5,2,G,5
413,G,W,-4.942,0.02687,9.5,2,G,5
413,G,Y,-4.94,0.04525,3,2,G,5
414,S,-,-0.0518,0.1335,3.5,2,T,5
414,S,A,-0.7163,0.7025,3.5,2,T,5
414,S,C,-0.1666,0.01676,4.5,2,T,5
414,S,D,-2.125,0.1945,4.5,2,T,5
414,S,E,-0.1557,0.2909,4.5,2,T,5
414,S,F,-0.0212,0.2683,3.5,2,T,5
414,S,G,-4.142,1.072,2.5,2,T,5
414,S,H,0.1218,0.05875,3.5,2,T,5
414,S,I,0.00779,0.03999,13.5,2,T,5
414,S,K,-1.831,0.84,2.5,2,T,5
414,S,L,-0.2248,0.4785,4,2,T,5
414,S,M,-0.4752,0.8256,2,2,T,5
414,S,N,-0.1362,0.1575,9.5,2,T,5
414,S,P,-4.507,,3.5,1,T,5
414,S,Q,-0.7902,,1,1,T,5
414,S,R,-0.6493,0.7321,4.5,2,T,5
414,S,S,0,0,,2,T,5
414,S,T,-0.2662,0.3915,3.5,2,T,5
414,S,V,0.1392,0.0285,4,2,T,5
414,S,W,-0.286,0.593,2,2,T,5
414,S,Y,-0.0993,0.3274,4,2,T,5
415,L,-,0.00688,0.1388,4,2,L,5
415,L,A,-3.446,0.1959,3,2,L,5
415,L,C,-1.986,0.3939,6.5,2,L,5
415,L,D,-4.771,0.2029,4.5,2,L,5
415,L,E,-4.971,0.05233,6,2,L,5
415,L,F,-0.6683,0.4678,5,2,L,5
415,L,G,-4.026,0.4702,3.5,2,L,5
415,L,H,-4.886,0.0502,3,2,L,5
415,L,I,-0.09131,0.04043,6.5,2,L,5
415,L,K,-4.919,0.03677,3.5,2,L,5
415,L,L,0,0,,2,L,5
415,L,M,-0.1867,0.4088,9.5,2,L,5
415,L,N,-4.748,0.2298,2.5,2,L,5
415,L,P,-4.931,0.1153,6,2,L,5
415,L,Q,-4.902,0.0601,4,2,L,5
415,L,R,-4.864,0.0799,6,2,L,5
415,L,S,-4.923,0.01697,6.5,2,L,5
415,L,T,-4.865,0.1131,2.5,2,L,5
415,L,V,-2.761,2.814,2.5,2,L,5
415,L,W,-4.939,0.07637,3,2,L,5
415,L,Y,-4.967,0.06364,5,2,L,5
416,Y,*,-3.723,1.644,4,2,Y,5
416,Y,-,-0.01223,0.1231,4,2,Y,5
416,Y,A,-0.1439,0.06237,5,2,Y,5
416,Y,C,-1.491,0.321,3.5,2,Y,5
416,Y,D,-2.842,0.9892,6,2,Y,5
416,Y,E,-1.642,1.42,2.5,2,Y,5
416,Y,F,-0.05891,0.1768,9,2,Y,5
416,Y,G,0.05895,0.1109,6,2,Y,5
416,Y,H,-0.1702,0.244,9,2,Y,5
416,Y,I,-1.78,1.296,4.5,2,Y,5
416,Y,K,-0.5493,0.3275,2.5,2,Y,5
416,Y,L,-2.067,0.9129,2.5,2,Y,5
416,Y,M,-0.1096,0.02203,3,2,Y,5
416,Y,N,-4.931,0.01909,3.5,2,Y,5
416,Y,P,-4.764,,3.5,1,Y,5
416,Y,Q,0.09974,0.005749,4.5,2,Y,5
416,Y,R,-0.2883,0.2209,4,2,Y,5
416,Y,S,-0.1021,0.1424,3.5,2,Y,5
416,Y,T,0.00195,0.1951,4.5,2,Y,5
416,Y,V,-1.201,0.06081,5,2,Y,5
416,Y,W,0.1497,0.03387,7,2,Y,5
416,Y,Y,0,0,,2,Y,5
417,V,-,0.0217,0.0576,3.5,2,V,5
417,V,A,-0.1667,0.3446,6.5,2,V,5
417,V,C,0.1228,,1,1,V,5
417,V,D,-4.95,0.05869,3.5,2,V,5
417,V,E,-4.914,0.116,3.5,2,V,5
417,V,F,-3.213,1.624,3.5,2,V,5
417,V,G,-4.795,0.2539,6,2,V,5
417,V,H,-4.881,,1.5,1,V,5
417,V,I,0.1098,0.007071,5.5,2,V,5
417,V,K,-4.896,0.01485,4.5,2,V,5
417,V,L,-0.7298,0.05127,10,2,V,5
417,V,M,-1.097,0.2747,8.5,2,V,5
417,V,N,-4.933,0.1117,5,2,V,5
417,V,P,-4.91,0.06647,5,2,V,5
417,V,Q,-4.979,0.04243,4,2,V,5
417,V,R,-2.49,3.5,3.5,2,V,5
417,V,S,-0.1188,0.3404,5.5,2,V,5
417,V,T,-0.1573,0.201,2,2,V,5
417,V,V,0,0,,2,V,5
417,V,W,0.02858,0.1337,6,2,V,5
417,V,Y,-4.86,0.1471,5,2,V,5
418,S,-,-0.2451,0.318,3.5,2,S,5
418,S,A,-0.07425,0.3043,3,2,S,5
418,S,C,-2.489,0.7658,4.5,2,S,5
418,S,D,0.1292,0.05732,4.5,2,S,5
418,S,E,0.1461,0.02786,3,2,S,5
418,S,F,0.05776,0.06427,9.5,2,S,5
418,S,G,-1.278,,5,1,S,5
418,S,H,-1.375,,0.5,1,S,5
418,S,I,-0.07843,0.08424,9,2,S,5
418,S,K,-2.378,0.4879,2,2,S,5
418,S,L,0.06226,0.1498,3.5,2,S,5
418,S,M,0.09793,0.02145,6,2,S,5
418,S,N,-2.575,0.2284,8,2,S,5
418,S,P,-4.861,0.05657,4,2,S,5
418,S,Q,0.1018,0.00577,1,2,S,5
418,S,R,-0.4396,0.8391,4.5,2,S,5
418,S,S,0,0,,2,S,5
418,S,T,-0.0565,0.2758,5,2,S,5
418,S,V,0.1488,,2,1,S,5
418,S,W,-0.8033,1.319,2,2,S,5
418,S,Y,-0.1572,0.1304,2.5,2,S,5
419,W,*,-4.956,0.02121,12,2,W,5
419,W,-,-0.5859,0.8006,4,2,W,5
419,W,A,-0.2402,0.4682,2.5,2,W,5
419,W,C,-0.3466,0.1565,12,2,W,5
419,W,D,-4.44,0.6619,2,2,W,5
419,W,E,-4.967,,3.5,1,W,5
419,W,F,-0.05175,0.2618,5,2,W,5
419,W,G,-1.05,0.1933,4,2,W,5
419,W,H,-1.322,1.98,2.5,2,W,5
419,W,I,-0.9891,0.6348,4,2,W,5
419,W,K,-2.271,0.618,5.5,2,W,5
419,W,L,-0.6046,1.013,8.5,2,W,5
419,W,M,-0.6718,0.3842,6.5,2,W,5
419,W,N,-1.532,1.206,4.5,2,W,5
419,W,P,-4.846,0.0495,8.5,2,W,5
419,W,Q,-1.173,0.05515,5.5,2,W,5
419,W,R,-3.554,1.78,11,2,W,5
419,W,S,-0.2169,0.5264,4,2,W,5
419,W,T,-0.1416,0.3912,6,2,W,5
419,W,V,-0.2306,0.2853,6,2,W,5
419,W,W,0,0,,2,W,5
419,W,Y,-0.0696,0.2903,4,2,W,5
420,S,-,-0.3456,0.01358,4,2,S,5
420,S,A,-0.7829,1.265,3.5,2,S,5
420,S,C,-0.5557,0.9833,4.5,2,S,5
420,S,D,0.1029,0.03823,3.5,2,S,5
420,S,E,-0.1638,0.4035,2.5,2,S,5
420,S,F,-0.3349,0.1146,7,2,S,5
420,S,G,0.04564,0.1333,8.5,2,S,5
420,S,H,-0.858,0.5416,6.5,2,S,5
420,S,I,0.07544,0.1247,5.5,2,S,5
420,S,K,0.09929,0.03764,1.5,2,S,5
420,S,L,-0.09984,0.2411,2,2,S,5
420,S,M,0.1355,0.05109,3.5,2,S,5
420,S,N,0.1316,0.004738,3,2,S,5
420,S,P,-4.992,0.02758,9,2,S,5
420,S,Q,-0.1854,0.447,4.5,2,S,5
420,S,R,0.01535,0.1634,2.5,2,S,5
420,S,S,0,0,,2,S,5
420,S,T,-0.2426,0.4493,4.5,2,S,5
420,S,V,0.1172,0.01937,2.5,2,S,5
420,S,W,-0.09082,0.2685,3,2,S,5
420,S,Y,-0.0565,0.2355,6,2,S,5
421,D,-,-1.295,0.5646,4,2,D,5
421,D,A,-0.1958,0.06449,6.5,2,D,5
421,D,C,-0.5668,0.4241,6.5,2,D,5
421,D,D,0,0,,2,D,5
421,D,E,-0.0687,0.1868,8,2,D,5
421,D,F,-0.187,0.1892,3,2,D,5
421,D,G,-0.6024,0.4289,7,2,D,5
421,D,H,-0.3086,0.1259,4.5,2,D,5
421,D,I,-0.3309,0.1929,3,2,D,5
421,D,K,-0.7372,1.124,5.5,2,D,5
421,D,L,-0.1589,0.02489,6.5,2,D,5
421,D,M,-0.2723,0.07722,3,2,D,5
421,D,N,-0.2406,0.3499,3.5,2,D,5
421,D,P,-0.0328,0.2075,4,2,D,5
421,D,Q,0.02172,0.05793,6,2,D,5
421,D,R,0.04877,,2.5,1,D,5
421,D,S,-0.6328,0.7696,4.5,2,D,5
421,D,T,-0.1709,0.1145,7.5,2,D,5
421,D,V,-0.2261,0.4675,8.5,2,D,5
421,D,W,-0.5823,0.05459,4.5,2,D,5
421,D,Y,-0.4509,0.4385,10,2,D,5
422,G,-,-0.4631,0.05325,5.5,2,G,5
422,G,A,-4.835,0.09546,5,2,G,5
422,G,C,-4.88,0.09263,13.5,2,G,5
422,G,D,-4.85,0.1329,11,2,G,5
422,G,E,-4.938,0.04455,2.5,2,G,5
422,G,F,-4.957,0.07142,7,2,G,5
422,G,G,0,0,,2,G,5
422,G,H,-4.893,0.02475,7.5,2,G,5
422,G,I,-4.709,0.2927,5.5,2,G,5
422,G,K,-4.939,0.05445,3.5,2,G,5
422,G,L,-4.913,0.0594,12.5,2,G,5
422,G,M,-4.96,0.003536,8,2,G,5
422,G,N,-4.935,0.02263,4.5,2,G,5
422,G,P,-4.925,0.04313,5.5,2,G,5
422,G,Q,-4.908,0.009899,3.5,2,G,5
422,G,R,-4.899,0.003536,3.5,2,G,5
422,G,S,-4.727,0.02263,9,2,G,5
422,G,T,-4.859,0.1754,5.5,2,G,5
422,G,V,-4.934,0.04455,7.5,2,G,5
422,G,W,-4.963,0.004243,3.5,2,G,5
422,G,Y,-4.987,0.03465,10,2,G,5
423,D,-,-0.09194,0.1042,4.5,2,D,5
423,D,A,0.04031,0.02147,4,2,D,5
423,D,C,-0.609,0.7241,2.5,2,D,5
423,D,D,0,0,,2,D,5
423,D,E,0.01145,0.1872,7,2,D,5
423,D,F,-0.0779,0.2386,7.5,2,D,5
423,D,G,-0.5099,0.09086,10,2,D,5
423,D,H,-0.01945,0.1269,3.5,2,D,5
423,D,I,-0.5659,0.6181,2.5,2,D,5
423,D,K,-0.4294,0.5646,5,2,D,5
423,D,L,-0.2289,0.008344,3,2,D,5
423,D,M,-0.5888,1.06,5.5,2,D,5
423,D,N,-0.04271,0.136,14,2,D,5
423,D,P,-0.6518,0.6819,7.5,2,D,5
423,D,Q,-0.2113,0.4921,2.5,2,D,5
423,D,R,-0.2551,0.2133,6,2,D,5
423,D,S,-0.9948,0.05685,4,2,D,5
423,D,T,-0.1488,0.351,3,2,D,5
423,D,V,-0.547,0.5651,4.5,2,D,5
423,D,W,-0.5744,0.9611,7.5,2,D,5
423,D,Y,0.01349,0.08455,16.5,2,D,5
424,V,-,0.05425,0.1013,4.5,2,G,5
424,V,A,0.03539,0.09292,8,2,G,5
424,V,C,-0.8632,0.8002,3,2,G,5
424,V,D,0.03211,0.128,4,2,G,5
424,V,E,-0.6594,1.131,2.5,2,G,5
424,V,F,-0.1361,0.3729,5.5,2,G,5
424,V,G,-0.2583,0.4911,6,2,G,5
424,V,H,-0.1672,0.02977,7,2,G,5
424,V,I,-0.252,0.3895,5.5,2,G,5
424,V,K,-0.234,0.2058,6.5,2,G,5
424,V,L,0.02336,0.0784,8,2,G,5
424,V,M,-0.6682,0.755,8,2,G,5
424,V,N,-4.431,0.02546,6,2,G,5
424,V,P,-1.144,0.7796,6.5,2,G,5
424,V,Q,0.06088,0.0829,6.5,2,G,5
424,V,R,-0.3498,0.515,3.5,2,G,5
424,V,S,-0.0334,0.2268,5.5,2,G,5
424,V,T,0.1432,0.004525,6,2,G,5
424,V,V,0,0,,2,G,5
424,V,W,0.1172,0.01464,2,2,G,5
424,V,Y,0.04412,0.1193,5,2,G,5
425,I,-,0.07239,0.05235,4.5,2,I,5
425,I,A,-1.446,2.189,2,2,I,5
425,I,C,-0.1832,0.05141,5,2,I,5
425,I,D,-4.892,0.01485,3,2,I,5
425,I,E,-4.929,0.04808,4,2,I,5
425,I,F,0.07157,0.03898,2.5,2,I,5
425,I,G,-4.934,0.06293,1.5,2,I,5
425,I,H,-0.4647,0.4699,7,2,I,5
425,I,I,0,0,,2,I,5
425,I,K,0.1396,0.01195,1.5,2,I,5
425,I,L,0.05391,0.1144,2,2,I,5
425,I,M,-0.2519,0.06696,7.5,2,I,5
425,I,N,-1.565,1.095,4,2,I,5
425,I,P,-4.933,0.03111,3,2,I,5
425,I,Q,-3.782,0.08556,5,2,I,5
425,I,R,-0.3969,0.2285,7,2,I,5
425,I,S,-0.9855,1.498,2.5,2,I,5
425,I,T,-0.4415,0.5182,5.5,2,I,5
425,I,V,-0.2926,0.1062,4.5,2,I,5
425,I,W,-4.944,0.0007071,4.5,2,I,5
425,I,Y,-0.1734,0.4817,2.5,2,I,5
426,T,-,-0.67,0.3896,3.5,2,T,5
426,T,A,-0.1397,0.4385,11,2,T,5
426,T,C,0.04695,0.1692,4.5,2,T,5
426,T,D,-4.971,0.002121,5,2,T,5
426,T,E,-2.237,,2,1,T,5
426,T,F,-1.951,0.5749,4.5,2,T,5
426,T,G,-0.765,0.6393,5,2,T,5
426,T,H,-1.123,1.678,4,2,T,5
426,T,I,-1.647,0.6781,9.5,2,T,5
426,T,K,-1.362,1.926,3.5,2,T,5
426,T,L,-2.383,0.9638,4.5,2,T,5
426,T,M,-0.2936,0.6309,6,2,T,5
426,T,N,-0.6391,0.06498,5,2,T,5
426,T,P,-4.723,0.2468,4.5,2,T,5
426,T,Q,-0.4193,0.5475,2.5,2,T,5
426,T,R,-0.2649,0.4234,5.5,2,T,5
426,T,S,-1.534,0.3917,3,2,T,5
426,T,T,0,0,,2,T,5
426,T,V,-0.6608,0.8078,1.5,2,T,5
426,T,W,-1.349,0.8397,5,2,T,5
426,T,Y,-4.518,0.2772,2.5,2,T,5
427,G,-,-2.864,2.761,4.5,2,G,5
427,G,A,-0.4579,0.5346,7,2,G,5
427,G,C,-3.543,,2,1,G,5
427,G,D,-4.942,0.02687,2.5,2,G,5
427,G,E,-4.693,0.379,9.5,2,G,5
427,G,F,-4.964,0.05586,6.5,2,G,5
427,G,G,0,0,,2,G,5
427,G,H,-4.905,0.02616,6,2,G,5
427,G,I,-4.774,0.1549,4,2,G,5
427,G,K,-4.917,0.06223,2.5,2,G,5
427,G,L,-4.806,0.2581,5.5,2,G,5
427,G,M,-4.918,0.01697,3,2,G,5
427,G,N,-4.787,0.1351,9,2,G,5
427,G,P,-4.822,0.2206,9.5,2,G,5
427,G,Q,-4.872,0.04384,4.5,2,G,5
427,G,R,-4.813,0.1273,12.5,2,G,5
427,G,S,-0.3562,0.6596,2.5,2,G,5
427,G,T,-3.424,0.4525,5,2,G,5
427,G,V,-4.976,0.005657,19,2,G,5
427,G,W,-4.966,0.002828,23.5,2,G,5
427,G,Y,-4.963,0.01131,8,2,G,5
428,V,-,0.04063,0.05284,4.5,2,V,5
428,V,A,-2.083,0.8422,4.5,2,V,5
428,V,C,-1.53,0.5926,3.5,2,V,5
428,V,D,-4.742,0.3224,4.5,2,V,5
428,V,E,-3.792,0.5247,3,2,V,5
428,V,F,-0.9473,0.134,5,2,V,5
428,V,G,-4.293,0.4094,8.5,2,V,5
428,V,H,-2.075,1.632,4.5,2,V,5
428,V,I,0.05149,0.0207,4.5,2,V,5
428,V,K,-4.75,0.2425,2.5,2,V,5
428,V,L,-1.719,0.5176,11,2,V,5
428,V,M,-0.7038,0.2921,10,2,V,5
428,V,N,-3.715,0.577,8.5,2,V,5
428,V,P,-4.902,0.01909,4.5,2,V,5
428,V,Q,-0.1791,0.1029,3.5,2,V,5
428,V,R,-1.428,0.7731,5,2,V,5
428,V,S,-4.605,0.5176,3,2,V,5
428,V,T,-0.8242,0.156,4,2,V,5
428,V,V,0,0,,2,V,5
428,V,W,-0.246,0.3168,6.5,2,V,5
428,V,Y,-1.323,0.1322,6.5,2,V,5
429,P,-,-0.05003,0.1322,5,2,P,5
429,P,A,-0.9683,0.8595,4.5,2,P,5
429,P,C,-4.151,0.367,5,2,P,5
429,P,D,-0.4793,0.08917,5,2,P,5
429,P,E,-0.6902,,2,1,P,5
429,P,F,-3.005,1.114,2,2,P,5
429,P,G,-0.8215,1.398,3.5,2,P,5
429,P,H,-0.1517,0.4069,3,2,P,5
429,P,I,-0.7349,0.2251,10,2,P,5
429,P,K,-1.306,0.1598,4,2,P,5
429,P,L,-0.6793,1.181,6.5,2,P,5
429,P,M,-1.845,0.8224,2,2,P,5
429,P,N,-0.8955,0.08549,5.5,2,P,5
429,P,P,0,0,,2,P,5
429,P,Q,-0.4509,0.4195,10,2,P,5
429,P,R,-1.251,0.4686,4,2,P,5
429,P,S,-0.1495,0.3917,7,2,P,5
429,P,T,-0.3855,0.4031,11,2,P,5
429,P,V,-1.299,,1.5,1,P,5
429,P,W,-0.587,0.5062,7,2,P,5
429,P,Y,-0.7831,0.08768,5.5,2,P,5
430,K,*,-0.6161,,0.5,1,Q,5
430,K,-,0.001335,0.08466,5,2,Q,5
430,K,A,0.0259,0.1368,3.5,2,Q,5
430,K,C,-0.2019,0.2314,3.5,2,Q,5
430,K,D,0.02935,0.2047,4.5,2,Q,5
430,K,E,0.1351,0.01888,4.5,2,Q,5
430,K,F,0.1321,0.03783,7.5,2,Q,5
430,K,G,-0.1454,0.03825,2.5,2,Q,5
430,K,H,0.0748,0.08145,5.5,2,Q,5
430,K,I,-0.3012,0.3368,4.5,2,Q,5
430,K,K,0,0,,2,Q,5
430,K,L,0.1332,0.05569,5.5,2,Q,5
430,K,M,-0.08985,0.3717,5,2,Q,5
430,K,N,0.02296,0.06114,14,2,Q,5
430,K,P,-3.73,0.1032,5,2,Q,5
430,K,Q,-0.5712,0.8426,5,2,Q,5
430,K,R,-0.05774,0.1244,6,2,Q,5
430,K,S,0.1184,0.01761,4,2,Q,5
430,K,T,0.1471,0.01485,5.5,2,Q,5
430,K,V,-0.4058,0.7702,5.5,2,Q,5
430,K,W,0.1461,0.009334,4.5,2,Q,5
430,K,Y,0.1454,0.01973,4.5,2,Q,5
431,P,-,0.08282,0.01322,5.5,2,P,5
431,P,A,0.1471,0.01336,1.5,2,P,5
431,P,C,-0.4909,0.6282,4.5,2,P,5
431,P,D,-1.068,1.622,5,2,P,5
431,P,E,-0.4499,0.745,3,2,P,5
431,P,F,-0.09735,0.2606,5,2,P,5
431,P,G,-0.3027,0.6094,4.5,2,P,5
431,P,H,0.06822,0.003161,6.5,2,P,5
431,P,I,-1.579,0.4483,5,2,P,5
431,P,K,-0.2093,0.4953,4.5,2,P,5
431,P,L,-0.4563,0.3502,7,2,P,5
431,P,M,-0.2992,0.6578,2.5,2,P,5
431,P,N,0.1413,0.03224,5.5,2,P,5
431,P,P,0,0,,2,P,5
431,P,Q,0.09825,0.1074,5.5,2,P,5
431,P,R,0.1276,0.02305,4,2,P,5
431,P,S,-0.1229,0.06722,5.5,2,P,5
431,P,T,-0.5479,0.71,10.5,2,P,5
431,P,V,-1.617,1.075,4.5,2,P,5
431,P,W,-0.708,0.4285,7,2,P,5
431,P,Y,-0.1559,0.1997,6.5,2,P,5
432,V,-,-0.4546,0.4273,6,2,V,5
432,V,A,-0.458,0.3483,4,2,V,5
432,V,C,-0.2118,0.2311,6,2,V,5
432,V,D,0.1521,0.0215,3.5,2,V,5
432,V,E,-0.08497,0.1167,6,2,V,5
432,V,F,-3.809,1.09,4,2,V,5
432,V,G,-0.03985,0.2709,3.5,2,V,5
432,V,H,0.1195,0.04054,7.5,2,V,5
432,V,I,-0.4278,0.7265,4.5,2,V,5
432,V,K,-0.175,0.4337,3,2,V,5
432,V,L,-0.2234,0.3091,8.5,2,V,5
432,V,M,0.06255,0.09284,12,2,V,5
432,V,N,0.02303,0.07259,4,2,V,5
432,V,P,-1,0.1089,3.5,2,V,5
432,V,Q,-0.6047,0.8885,7.5,2,V,5
432,V,R,-0.3781,0.4821,3,2,V,5
432,V,S,-0.2418,0.3411,2.5,2,V,5
432,V,T,-0.1781,0.3269,3.5,2,V,5
432,V,V,0,0,,2,V,5
432,V,W,-0.3524,0.03536,3,2,V,5
432,V,Y,-0.1972,0.4369,5,2,V,5
433,E,*,-4.865,0.193,7.5,2,E,5
433,E,-,-0.8579,0.7709,6,2,E,5
433,E,A,-0.1296,0.06132,3.5,2,E,5
433,E,C,-0.9889,1.088,4.5,2,E,5
433,E,D,-0.5645,0.1043,15.5,2,E,5
433,E,E,0,0,,2,E,5
433,E,F,-0.0042,0.1933,1.5,2,E,5
433,E,G,-0.5796,0.9962,4.5,2,E,5
433,E,H,-1.465,1.198,3.5,2,E,5
433,E,I,-0.2454,0.004667,10,2,E,5
433,E,K,-0.6457,0.341,11.5,2,E,5
433,E,L,-0.5269,0.3463,4.5,2,E,5
433,E,M,0.1422,0.00601,1.5,2,E,5
433,E,N,0.02251,0.1582,3.5,2,E,5
433,E,P,-1.147,0.1054,6.5,2,E,5
433,E,Q,-0.06098,0.06182,6,2,E,5
433,E,R,-0.4902,0.2714,4,2,E,5
433,E,S,0.01877,0.1021,3,2,E,5
433,E,T,-0.2168,0.226,8,2,E,5
433,E,V,-0.534,0.3708,5.5,2,E,5
433,E,W,-0.0716,0.2949,7,2,E,5
433,E,Y,-0.2868,0.638,1,2,E,5
434,G,-,-0.2257,0.005586,5,2,G,5
434,G,A,-3.578,0.4172,8.5,2,G,5
434,G,C,-3.99,1.053,14,2,G,5
434,G,D,-3.407,0.4808,10.5,2,G,5
434,G,E,-1.482,0.2751,5,2,G,5
434,G,F,-2.163,0.432,5.5,2,G,5
434,G,G,0,0,,2,G,5
434,G,H,-1.747,0.6378,7.5,2,G,5
434,G,I,-4.878,0.1895,7.5,2,G,5
434,G,K,-3.934,1.356,1.5,2,G,5
434,G,L,-4.082,0.1103,7.5,2,G,5
434,G,M,-2.703,0.1442,3.5,2,G,5
434,G,N,-2.562,0.4115,7,2,G,5
434,G,P,-1.493,0.2694,5.5,2,G,5
434,G,Q,-3.957,1.002,4.5,2,G,5
434,G,R,-4.578,0.1761,6.5,2,G,5
434,G,S,-1.865,0.03465,7.5,2,G,5
434,G,T,-0.567,1.039,5.5,2,G,5
434,G,V,-4.595,0.1973,8,2,G,5
434,G,W,-1.92,0.2786,6,2,G,5
434,G,Y,-1.842,0.3161,3.5,2,G,5
435,V,-,-2.11,0.6138,4,2,V,5
435,V,A,-1.042,1.189,2.5,2,V,5
435,V,C,-3.03,0.6371,4,2,V,5
435,V,D,-4.602,0.03394,6,2,V,5
435,V,E,-4.316,0.6654,4,2,V,5
435,V,F,-2.032,0.3868,8,2,V,5
435,V,G,-2.088,0.04667,7,2,V,5
435,V,H,-4.399,0.002121,7,2,V,5
435,V,I,-0.09935,0.3866,9.5,2,V,5
435,V,K,-3.707,0.3684,3,2,V,5
435,V,L,-1.177,0.8514,9,2,V,5
435,V,M,-1.109,0.05091,3.5,2,V,5
435,V,N,-4.874,0.02687,6.5,2,V,5
435,V,P,-3.573,1.698,4.5,2,V,5
435,V,Q,-4.271,0.8853,3.5,2,V,5
435,V,R,-3.857,1.46,4,2,V,5
435,V,S,-3.199,1.239,5.5,2,V,5
435,V,T,-1.364,0.8232,7,2,V,5
435,V,V,0,0,,2,V,5
435,V,W,-2.024,,2,1,V,5
435,V,Y,-2.192,0.2065,6,2,V,5
436,S,-,-0.2962,0.1447,3.5,2,S,5
436,S,A,-0.6563,1.111,5,2,S,5
436,S,C,-0.9836,0.3371,4.5,2,S,5
436,S,D,0.02532,0.07566,3.5,2,S,5
436,S,E,-0.1199,0.1737,6,2,S,5
436,S,F,-0.9041,1.256,7,2,S,5
436,S,G,-0.6472,0.9925,5.5,2,S,5
436,S,H,-0.3116,0.6046,5,2,S,5
436,S,I,0.09754,0.02045,12.5,2,S,5
436,S,K,-1.176,0.8257,4.5,2,S,5
436,S,L,-0.4974,0.2375,2.5,2,S,5
436,S,M,-0.5603,0.7321,3,2,S,5
436,S,N,-0.4693,0.9033,8.5,2,S,5
436,S,P,-2.615,2.087,4.5,2,S,5
436,S,Q,0.09028,0.04316,2.5,2,S,5
436,S,R,0.09928,0.09633,3.5,2,S,5
436,S,S,0,0,,2,S,5
436,S,T,-0.1608,0.2916,7,2,S,5
436,S,V,0.08926,0.09707,3.5,2,S,5
436,S,W,0.1073,0.09442,4,2,S,5
436,S,Y,-2.263,3.442,1,2,S,5
437,S,-,-0.6565,0.8196,3.5,2,S,5
437,S,A,0.1295,0.05535,4.5,2,S,5
437,S,C,-0.1116,0.3506,2.5,2,S,5
437,S,D,-2.798,0.4497,5.5,2,S,5
437,S,E,-0.3216,0.5238,4.5,2,S,5
437,S,F,-3.816,0.1089,5.5,2,S,5
437,S,G,0.0178,0.1684,7,2,S,5
437,S,H,-4.045,0.3656,5.5,2,S,5
437,S,I,-4.978,0.02758,9.5,2,S,5
437,S,K,0.1191,0.07541,6,2,S,5
437,S,L,-1.532,0.02333,4.5,2,S,5
437,S,M,-2.514,0.9977,4,2,S,5
437,S,N,0.00405,0.1668,13.5,2,S,5
437,S,P,-0.3201,0.1068,5.5,2,S,5
437,S,Q,-0.604,0.1602,8,2,S,5
437,S,R,-0.2514,0.02913,6,2,S,5
437,S,S,0,0,,2,S,5
437,S,T,-0.5166,0.2039,6,2,S,5
437,S,V,-4.242,0.4045,6,2,S,5
437,S,W,-0.1758,0.3428,3.5,2,S,5
437,S,Y,-4.684,0.08132,5.5,2,S,5
438,F,-,-1.6,0.9418,3,2,F,5
438,F,A,0.1109,0.006293,5,2,F,5
438,F,C,-0.02123,,1.5,1,F,5
438,F,D,-1.321,0.1407,8,2,F,5
438,F,E,-1.208,1.324,4,2,F,5
438,F,F,0,0,,2,F,5
438,F,G,-0.0064,0.2471,4.5,2,F,5
438,F,H,0.04797,0.1191,3,2,F,5
438,F,I,-1.595,0.08415,6.5,2,F,5
438,F,K,-2.465,3.362,1.5,2,F,5
438,F,L,-0.6402,0.2613,6.5,2,F,5
438,F,M,-0.336,0.6064,4.5,2,F,5
438,F,N,-0.09629,0.2338,4,2,F,5
438,F,P,0.02739,0.156,3.5,2,F,5
438,F,Q,-1.204,0.7579,7.5,2,F,5
438,F,R,-2.825,0.07071,4,2,F,5
438,F,S,0.05189,0.09562,4.5,2,F,5
438,F,T,-0.3965,0.6413,7.5,2,F,5
438,F,V,-1.849,0.5501,5.5,2,F,5
438,F,W,-0.1606,0.4163,2,2,F,5
438,F,Y,-0.1816,0.1337,9,2,F,5
439,M,-,-0.1906,0.08118,2.5,2,M,5
439,M,A,-0.5121,0.1193,3.5,2,M,5
439,M,C,-0.2334,0.379,8.5,2,M,5
439,M,D,-0.6036,0.9354,7,2,M,5
439,M,E,-0.8192,0.6234,5,2,M,5
439,M,F,-0.503,0.1255,1.5,2,M,5
439,M,G,-0.4157,0.471,4,2,M,5
439,M,H,-1.822,2.161,1.5,2,M,5
439,M,I,-0.1161,0.00898,40.5,2,M,5
439,M,K,-0.203,0.4473,5,2,M,5
439,M,L,-0.4886,0.6856,5,2,M,5
439,M,M,0,0,,2,M,5
439,M,N,-1.157,1.874,3,2,M,5
439,M,P,-2.006,0.8301,2.5,2,M,5
439,M,Q,-0.5268,0.176,5,2,M,5
439,M,R,-0.221,0.2009,7.5,2,M,5
439,M,S,-1.361,0.193,5,2,M,5
439,M,T,0.0817,0.1172,4,2,M,5
439,M,V,0.1095,0.07394,4.5,2,M,5
439,M,W,0.1181,0.02093,2.5,2,M,5
439,M,Y,0.03279,0.1205,3.5,2,M,5
440,N,-,-0.1418,0.2315,1.5,2,N,5
440,N,A,-0.8239,0.5899,5,2,N,5
440,N,C,-3.272,0.8054,8.5,2,N,5
440,N,D,-0.3251,0.358,6.5,2,N,5
440,N,E,0.04101,0.1145,7,2,N,5
440,N,F,-4.475,0.3691,5.5,2,N,5
440,N,G,-1.807,0.3917,5,2,N,5
440,N,H,-0.4369,0.2502,5,2,N,5
440,N,I,-2.288,1.152,2,2,N,5
440,N,K,-0.506,0.9602,6.5,2,N,5
440,N,L,-3.668,1.269,3.5,2,N,5
440,N,M,-0.8424,0.6416,6,2,N,5
440,N,N,0,0,,2,N,5
440,N,P,-4.839,0.06718,8,2,N,5
440,N,Q,-0.3168,0.5953,4,2,N,5
440,N,R,-0.4074,0.03903,4,2,N,5
440,N,S,-0.1201,0.3482,7,2,N,5
440,N,T,-0.2565,0.3914,6.5,2,N,5
440,N,V,-2.593,0.1987,3.5,2,N,5
440,N,W,-3.603,0.8167,4.5,2,N,5
440,N,Y,-1.559,0.4377,6.5,2,N,5
441,V,-,0.04608,,1,1,V,5
441,V,A,-1.56,2.395,1.5,2,V,5
441,V,C,-3.976,0.9249,4,2,V,5
441,V,D,-4.968,0.06081,7.5,2,V,5
441,V,E,-4.927,0.06223,5,2,V,5
441,V,F,-0.2178,0.1245,10,2,V,5
441,V,G,-4.776,0.1718,3.5,2,V,5
441,V,H,-4.189,0.1252,4,2,V,5
441,V,I,0.03013,0.1122,8.5,2,V,5
441,V,K,-4.976,0.02616,5.5,2,V,5
441,V,L,-0.7962,1.152,2,2,V,5
441,V,M,-0.1346,0.3192,5.5,2,V,5
441,V,N,-4.936,0.06081,6.5,2,V,5
441,V,P,-4.867,0.07707,6,2,V,5
441,V,Q,-4.914,0.1032,4.5,2,V,5
441,V,R,-4.885,0.06505,6.5,2,V,5
441,V,S,-4.891,0.06081,4,2,V,5
441,V,T,-2.356,0.1846,8,2,V,5
441,V,V,0,0,,2,V,5
441,V,W,-4.714,,1.5,1,V,5
441,V,Y,-0.4523,0.6377,3.5,2,V,5
442,T,-,-1.067,,1.5,1,T,5
442,T,A,-0.5367,0.6877,5.5,2,T,5
442,T,C,-3.609,0.6661,8,2,T,5
442,T,D,-4.955,0.07212,2,2,T,5
442,T,E,-0.8892,0.175,3.5,2,T,5
442,T,F,-1.363,0.01768,10.5,2,T,5
442,T,G,-4.889,0,3.5,2,T,5
442,T,H,0.06615,0.151,3.5,2,T,5
442,T,I,-0.3858,0.6694,7.5,2,T,5
442,T,K,-0.8832,1.4,2,2,T,5
442,T,L,-1.607,,1.5,1,T,5
442,T,M,-2.507,1.542,6,2,T,5
442,T,N,-2.516,1.424,6,2,T,5
442,T,P,-4.95,0.001414,5,2,T,5
442,T,Q,-0.6848,0.08591,1.5,2,T,5
442,T,R,-1.711,1.231,8.5,2,T,5
442,T,S,-0.6198,0.395,4,2,T,5
442,T,T,0,0,,2,T,5
442,T,V,0.01555,0.2082,3,2,T,5
442,T,W,-1.581,0.1294,8.5,2,T,5
442,T,Y,-0.1965,0.4154,3.5,2,T,5
443,L,-,0.05063,,1.5,1,L,5
443,L,A,-4.29,0.4639,3,2,L,5
443,L,C,-3.918,1.151,4,2,L,5
443,L,D,-4.83,0.1103,8.5,2,L,5
443,L,E,-4.176,0.1669,3.5,2,L,5
443,L,F,-0.05523,0.1407,7,2,L,5
443,L,G,-4.765,0.2072,5,2,L,5
443,L,H,-4.807,0.2234,9,2,L,5
443,L,I,0.1411,0.008697,3,2,L,5
443,L,K,-1.966,0.04596,2,2,L,5
443,L,L,0,0,,2,L,5
443,L,M,-0.746,0.2537,14,2,L,5
443,L,N,-4.5,0.7227,3,2,L,5
443,L,P,-4.898,0.03818,6.5,2,L,5
443,L,Q,-0.2858,0.4871,2.5,2,L,5
443,L,R,-4.366,0.5303,4.5,2,L,5
443,L,S,-4.877,0.01768,8,2,L,5
443,L,T,-0.08,0.003231,9,2,L,5
443,L,V,-0.4841,0.406,6,2,L,5
443,L,W,-3.786,1.172,4,2,L,5
443,L,Y,-0.7533,0.07757,4,2,L,5
444,N,-,-0.7174,1.083,2,2,D,5
444,N,A,-0.1701,0.3591,3.5,2,D,5
444,N,C,-1.924,0.3939,6,2,D,5
444,N,D,0.01731,0.06563,7,2,D,5
444,N,E,-0.225,0.195,4.5,2,D,5
444,N,F,-1.425,0.1195,3.5,2,D,5
444,N,G,0.04298,0.132,3,2,D,5
444,N,H,-1.097,1.405,1.5,2,D,5
444,N,I,-4.976,0.04879,3,2,D,5
444,N,K,-0.6221,0.3878,8,2,D,5
444,N,L,-2.857,1.319,6.5,2,D,5
444,N,M,0.1001,0.05704,1.5,2,D,5
444,N,N,0,0,,2,D,5
444,N,P,-4.928,0.0601,6,2,D,5
444,N,Q,-3.264,,1.5,1,D,5
444,N,R,-1.255,0.5449,3.5,2,D,5
444,N,S,-2.138,2.955,4.5,2,D,5
444,N,T,-2.907,0.5933,6.5,2,D,5
444,N,V,-4.938,0.05091,6.5,2,D,5
444,N,W,-1.931,0.3543,4,2,D,5
444,N,Y,-0.6012,0.7931,2.5,2,D,5
445,K,-,-1.439,1.185,2.5,2,K,6
445,K,A,0.1506,0.0222,5,2,K,6
445,K,C,-0.5477,0.1461,6,2,K,6
445,K,D,-0.311,0.06626,2,2,K,6
445,K,E,-0.7683,1.179,11.5,2,K,6
445,K,F,-1.305,0.04738,5,2,K,6
445,K,G,-0.6993,0.4507,4,2,K,6
445,K,H,-0.1694,0.09709,4,2,K,6
445,K,I,-2.928,2.504,3,2,K,6
445,K,K,0,0,,2,K,6
445,K,L,-0.1768,0.3588,8,2,K,6
445,K,M,-0.128,0.3658,3.5,2,K,6
445,K,N,-0.007525,0.1519,5,2,K,6
445,K,P,-4.858,0.1372,5,2,K,6
445,K,Q,0.06052,0.05115,6,2,K,6
445,K,R,0.1032,0.03553,3,2,K,6
445,K,S,0.02075,0.08755,7,2,K,6
445,K,T,0.141,0.04038,2.5,2,K,6
445,K,V,-0.2683,0.2029,3.5,2,K,6
445,K,W,-3.281,1.072,4.5,2,K,6
445,K,Y,-0.9133,0.5469,7,2,K,6
446,C,*,-4.523,0.5289,2,2,C,6
446,C,-,-0.2397,0.2143,3,2,C,6
446,C,A,-4.804,0.152,6.5,2,C,6
446,C,C,0,0,,2,C,6
446,C,D,-4.944,0.03041,4,2,C,6
446,C,E,-4.909,0.02616,3.5,2,C,6
446,C,F,-4.915,0.08132,11,2,C,6
446,C,G,-4.885,0.01697,5,2,C,6
446,C,H,-4.919,0.03818,4.5,2,C,6
446,C,I,-4.908,0.08485,2,2,C,6
446,C,K,-4.942,0.0594,4,2,C,6
446,C,L,-4.762,0.2369,3,2,C,6
446,C,M,-4.752,0.2737,4.5,2,C,6
446,C,N,-4.855,0.1054,2.5,2,C,6
446,C,P,-4.929,0.02616,9,2,C,6
446,C,Q,-4.955,0.002121,5,2,C,6
446,C,R,-4.847,0.0601,7.5,2,C,6
446,C,S,-4.858,0.02546,6.5,2,C,6
446,C,T,-4.893,0.00495,5,2,C,6
446,C,V,-4.994,,0.5,1,C,6
446,C,W,-4.88,0.1209,4.5,2,C,6
446,C,Y,-4.971,0.05374,14,2,C,6
447,T,-,-1.016,0.5692,2.5,2,T,6
447,T,A,-4.633,0.3528,7,2,T,6
447,T,C,0.02122,0.1523,5.5,2,T,6
447,T,D,-4.955,0.07495,5,2,T,6
447,T,E,-4.924,0.009899,5.5,2,T,6
447,T,F,-4.271,0.8089,2,2,T,6
447,T,G,-4.689,0.2397,6,2,T,6
447,T,H,-4.937,0.01273,6,2,T,6
447,T,I,-4.532,0.5848,8.5,2,T,6
447,T,K,-3.147,2.633,4,2,T,6
447,T,L,-4.938,0.04596,8.5,2,T,6
447,T,M,-4.971,0.05162,7.5,2,T,6
447,T,N,-4.917,0.01768,3.5,2,T,6
447,T,P,-4.961,,3.5,1,T,6
447,T,Q,-4.9,0.01838,6,2,T,6
447,T,R,-4.946,0.07425,2.5,2,T,6
447,T,S,-0.2217,0.5266,3,2,T,6
447,T,T,0,0,,2,T,6
447,T,V,-2.372,2.419,6,2,T,6
447,T,W,-4.867,0.03041,3.5,2,T,6
447,T,Y,-4.911,0.08627,3,2,T,6
448,K,-,-0.5273,0.6259,2,2,K,6
448,K,A,-3.021,0.8902,6.5,2,K,6
448,K,C,-4.439,0.7495,6,2,K,6
448,K,D,-4.851,0.1598,5.5,2,K,6
448,K,E,-4.704,0.3924,9,2,K,6
448,K,F,-4.749,,1.5,1,K,6
448,K,G,-4.909,0.03394,4,2,K,6
448,K,H,-0.02505,0.2797,2.5,2,K,6
448,K,I,-1.142,0.5048,3.5,2,K,6
448,K,K,0,0,,2,K,6
448,K,L,-3.024,2.353,4,2,K,6
448,K,M,-2.513,0.6307,7,2,K,6
448,K,N,-4.054,0.5317,7,2,K,6
448,K,P,-4.825,0.08556,5,2,K,6
448,K,Q,-0.258,0.2058,5,2,K,6
448,K,R,-0.4654,0.1678,7,2,K,6
448,K,S,-3.662,1.365,2,2,K,6
448,K,T,-1.167,0.2862,3.5,2,K,6
448,K,V,-2.037,0.565,2,2,K,6
448,K,W,-1.325,0.3557,3,2,K,6
448,K,Y,-0.2115,0.3211,3,2,K,6
449,Y,*,-3.924,0.4964,1.5,2,Y,6
449,Y,-,-0.7308,0.8219,2,2,Y,6
449,Y,A,-4.888,0.1718,8.5,2,Y,6
449,Y,C,-4.976,0.01768,8,2,Y,6
449,Y,D,-4.886,0.05586,3,2,Y,6
449,Y,E,-4.952,0.01273,5,2,Y,6
449,Y,F,-0.4392,0.4002,6,2,Y,6
449,Y,G,-4.639,0.3203,3.5,2,Y,6
449,Y,H,-4.929,0.04667,8.5,2,Y,6
449,Y,I,-4.912,0.06152,4,2,Y,6
449,Y,K,-4.931,0.1124,5,2,Y,6
449,Y,L,-4.953,0.03041,5,2,Y,6
449,Y,M,-4.888,,2.5,1,Y,6
449,Y,N,-4.915,0.01626,3.5,2,Y,6
449,Y,P,-4.888,0.05657,3,2,Y,6
449,Y,Q,-4.934,0.0007071,3.5,2,Y,6
449,Y,R,-4.926,0.08061,2.5,2,Y,6
449,Y,S,-4.945,0.04808,5,2,Y,6
449,Y,T,-4.927,0.04667,4,2,Y,6
449,Y,V,-4.961,0.02263,5.5,2,Y,6
449,Y,W,-3.021,1.555,7,2,Y,6
449,Y,Y,0,0,,2,Y,6
450,N,-,-0.8691,,0.5,1,N,6
450,N,A,-0.9587,0.7741,4,2,N,6
450,N,C,-2.366,0.7566,3.5,2,N,6
450,N,D,-4.947,0.08697,11,2,N,6
450,N,E,-4.745,0.1846,6.5,2,N,6
450,N,F,-2.845,0.2609,2.5,2,N,6
450,N,G,-4.896,0.007778,3,2,N,6
450,N,H,-0.4242,0.1646,7,2,N,6
450,N,I,-0.5353,0.2628,5,2,N,6
450,N,K,-4.542,0.338,7,2,N,6
450,N,L,-0.3121,0.5908,2.5,2,N,6
450,N,M,0.136,0.009405,4.5,2,N,6
450,N,N,0,0,,2,N,6
450,N,P,-4.931,0.0198,5,2,N,6
450,N,Q,-0.419,0.3,2,2,N,6
450,N,R,-3.306,0.5332,4,2,N,6
450,N,S,-0.472,0.4363,5.5,2,N,6
450,N,T,-2.812,0.02263,5.5,2,N,6
450,N,V,-0.6745,1.108,2.5,2,N,6
450,N,W,-1.292,0.1563,3,2,N,6
450,N,Y,-0.1996,0.03069,3,2,N,6
451,I,-,-0.9584,1.26,1.5,2,I,6
451,I,A,-4.926,0.1181,4,2,I,6
451,I,C,-4.907,0.03182,3.5,2,I,6
451,I,D,-4.846,0.152,9,2,I,6
451,I,E,-4.912,0.005657,5,2,I,6
451,I,F,-4.891,0.009192,3,2,I,6
451,I,G,-4.896,0.0997,3.5,2,I,6
451,I,H,-4.902,0.07707,4,2,I,6
451,I,I,0,0,,2,I,6
451,I,K,-3.676,1.725,4,2,I,6
451,I,L,-4.329,0.8386,5,2,I,6
451,I,M,-4.889,0.09405,8,2,I,6
451,I,N,-4.932,0.04384,6.5,2,I,6
451,I,P,-4.929,0.04384,4,2,I,6
451,I,Q,-4.909,0.0297,5,2,I,6
451,I,R,-4.922,0.01909,7,2,I,6
451,I,S,-4.937,0.04384,5.5,2,I,6
451,I,T,-4.888,0.007071,4,2,I,6
451,I,V,-0.4502,0.2089,7.5,2,I,6
451,I,W,-4.739,0.2821,3,2,I,6
451,I,Y,-4.905,0.01202,7,2,I,6
452,Y,*,-4.893,0.009192,4,2,Y,6
452,Y,-,-3.03,1.593,1,2,Y,6
452,Y,A,-4.757,0.02121,6,2,Y,6
452,Y,C,-4.949,0.08202,5,2,Y,6
452,Y,D,-4.929,0.01414,8,2,Y,6
452,Y,E,-0.2937,,0.5,1,Y,6
452,Y,F,-1.583,1.022,5,2,Y,6
452,Y,G,-4.899,0.001414,3,2,Y,6
452,Y,H,-0.9519,0.2349,4.5,2,Y,6
452,Y,I,-4.924,0.03041,2.5,2,Y,6
452,Y,K,-4.764,0.169,5,2,Y,6
452,Y,L,-4.908,0.1011,3,2,Y,6
452,Y,M,-3.775,0.6534,1.5,2,Y,6
452,Y,N,-4.807,0.2432,7.5,2,Y,6
452,Y,P,-4.92,0.03253,4.5,2,Y,6
452,Y,Q,-4.916,0.007071,5,2,Y,6
452,Y,R,-4.924,0.1103,6,2,Y,6
452,Y,S,-5.012,,1,1,Y,6
452,Y,T,-4.91,0.03606,4,2,Y,6
452,Y,V,-4.944,0.08556,5.5,2,Y,6
452,Y,W,-4.811,0.1386,2.5,2,Y,6
452,Y,Y,0,0,,2,Y,6
453,D,-,-0.7991,,0.5,1,D,6
453,D,A,-0.5104,0.5121,3.5,2,D,6
453,D,C,-3.112,1.713,5,2,D,6
453,D,D,0,0,,2,D,6
453,D,E,0.05786,0.04666,6,2,D,6
453,D,F,-3.112,0.4391,8,2,D,6
453,D,G,-0.02612,0.0164,4.5,2,D,6
453,D,H,-0.7636,0.3357,2.5,2,D,6
453,D,I,-2.559,3.247,2.5,2,D,6
453,D,K,-1.591,1.94,2,2,D,6
453,D,L,-1.581,1.175,4.5,2,D,6
453,D,M,-1.684,0.7997,6.5,2,D,6
453,D,N,-4.944,0.004243,9.5,2,D,6
453,D,P,-4.902,0.005657,5,2,D,6
453,D,Q,-0.9472,1.141,3,2,D,6
453,D,R,-1.278,0.5159,5.5,2,D,6
453,D,S,-0.3725,0.752,4,2,D,6
453,D,T,0.1122,,1,1,D,6
453,D,V,-4.97,0.03748,5.5,2,D,6
453,D,W,-3.074,0.4561,2.5,2,D,6
453,D,Y,-2.406,0.5565,11.5,2,D,6
454,V,-,-0.1297,,0.5,1,V,6
454,V,A,-0.8599,0.6789,1,2,V,6
454,V,C,-0.2489,0.5964,4.5,2,V,6
454,V,D,-0.889,1.099,4,2,V,6
454,V,E,-0.318,,0.5,1,V,6
454,V,F,-0.2905,0.2664,2,2,V,6
454,V,G,-3.756,1.078,6.5,2,V,6
454,V,H,0.1182,0.06732,9.5,2,V,6
454,V,I,-0.5298,0.9379,2.5,2,V,6
454,V,K,-0.03435,0.2085,2,2,V,6
454,V,L,-0.1449,0.2665,7,2,V,6
454,V,M,0.1453,0.01358,9.5,2,V,6
454,V,N,-0.2413,0.03125,4,2,V,6
454,V,P,-4.921,0.0495,6,2,V,6
454,V,Q,-2.276,3.377,6,2,V,6
454,V,R,-1.509,0.3953,8.5,2,V,6
454,V,S,-0.2597,0.5497,1.5,2,V,6
454,V,T,-0.4724,0.6761,3,2,V,6
454,V,V,0,0,,2,V,6
454,V,W,0.07302,0.1257,4,2,V,6
454,V,Y,0.1365,0.008697,5,2,V,6
455,S,-,-0.06349,,0.5,1,S,6
455,S,A,-0.01585,0.1397,6.5,2,S,6
455,S,C,-2.464,1.455,2.5,2,S,6
455,S,D,-4.934,0.05091,3.5,2,S,6
455,S,E,-4.976,0.01202,5.5,2,S,6
455,S,F,-4.963,0.05374,8,2,S,6
455,S,G,-0.8849,0.5037,3,2,S,6
455,S,H,-2.966,2.659,2,2,S,6
455,S,I,-4.759,0.1506,2.5,2,S,6
455,S,K,-4.911,0.03748,4.5,2,S,6
455,S,L,-2.418,3.618,3,2,S,6
455,S,M,-4.865,0.06223,4,2,S,6
455,S,N,-4.72,0.3118,5,2,S,6
455,S,P,0.1416,0.01351,6,2,S,6
455,S,Q,-4.62,0.1174,6.5,2,S,6
455,S,R,-0.4981,0.2138,3.5,2,S,6
455,S,S,0,0,,2,S,6
455,S,T,-2.621,,3,1,S,6
455,S,V,-2.181,0.01626,2.5,2,S,6
455,S,W,-4.688,0.3995,4.5,2,S,6
455,S,Y,-4.829,0.251,11.5,2,S,6
456,G,-,-2.674,3.248,1,2,G,6
456,G,A,-4.426,0.5982,5.5,2,G,6
456,G,C,-4.927,0.03536,11.5,2,G,6
456,G,D,-4.734,0.006364,9.5,2,G,6
456,G,E,-4.779,0.1478,6.5,2,G,6
456,G,F,-4.928,0.05869,6,2,G,6
456,G,G,0,0,,2,G,6
456,G,H,-4.911,0.08697,5,2,G,6
456,G,I,-4.812,0.1874,4,2,G,6
456,G,K,-0.5515,,0.5,1,G,6
456,G,L,-4.819,0.0799,3.5,2,G,6
456,G,M,-4.905,0.03748,5.5,2,G,6
456,G,N,-4.845,0.2008,5.5,2,G,6
456,G,P,-4.912,0.07,5,2,G,6
456,G,Q,-3.524,1.949,3,2,G,6
456,G,R,-4.953,0.0297,2.5,2,G,6
456,G,S,-4.801,0.1831,7,2,G,6
456,G,T,-4.864,0.157,5.5,2,G,6
456,G,V,-4.955,0.01768,9,2,G,6
456,G,W,-4.932,0.007071,4,2,G,6
456,G,Y,-4.835,0.1485,4,2,G,6
457,V,-,-0.3156,,0.5,1,V,6
457,V,A,-1.053,0.1254,5.5,2,V,6
457,V,C,-0.7563,0.7873,4.5,2,V,6
457,V,D,-4.753,0.1704,5,2,V,6
457,V,E,-2.829,0.1287,6.5,2,V,6
457,V,F,-4.2,0.2659,5,2,V,6
457,V,G,-4.551,0.08485,4.5,2,V,6
457,V,H,-2.941,0.1344,4.5,2,V,6
457,V,I,-0.4599,0.8275,2,2,V,6
457,V,K,-2.014,0.08839,7,2,V,6
457,V,L,-1.359,1.384,5,2,V,6
457,V,M,-1.363,0.4052,8,2,V,6
457,V,N,-2.36,,2,1,V,6
457,V,P,-4.934,0.01485,5.5,2,V,6
457,V,Q,0.03033,0.02102,4.5,2,V,6
457,V,R,-3.527,0.251,5,2,V,6
457,V,S,-1.569,0.07566,8.5,2,V,6
457,V,T,0.05073,0.09768,5.5,2,V,6
457,V,V,0,0,,2,V,6
457,V,W,-4.922,0.05233,4.5,2,V,6
457,V,Y,-4.518,0.384,3,2,V,6
458,G,-,-3.132,2.494,1.5,2,G,6
458,G,A,-4.931,0.06718,3,2,G,6
458,G,C,-4.97,0.0297,20,2,G,6
458,G,D,-4.924,0.03253,11,2,G,6
458,G,E,-4.925,0.007071,7.5,2,G,6
458,G,F,-4.96,0.0495,6.5,2,G,6
458,G,G,0,0,,2,G,6
458,G,H,-4.926,0.1216,3,2,G,6
458,G,I,-4.739,0.3387,5,2,G,6
458,G,K,-4.944,0.04879,4.5,2,G,6
458,G,L,-4.891,0.07283,5,2,G,6
458,G,M,-2.487,3.409,3,2,G,6
458,G,N,-4.933,0.03536,7.5,2,G,6
458,G,P,-2.509,3.381,4,2,G,6
458,G,Q,-4.509,0.5572,6.5,2,G,6
458,G,R,-4.754,0.06505,5,2,G,6
458,G,S,-4.888,0.05869,6,2,G,6
458,G,T,-4.889,0.004243,3.5,2,G,6
458,G,V,-4.902,0.05162,9.5,2,G,6
458,G,W,-4.933,0.02051,5,2,G,6
458,G,Y,-4.927,0.04384,6,2,G,6
459,V,-,-0.6286,0.7219,1.5,2,V,6
459,V,A,-4.454,0.4667,6,2,V,6
459,V,C,-3.375,0.3613,4,2,V,6
459,V,D,-4.953,0.07354,4,2,V,6
459,V,E,-4.597,0.4907,4.5,2,V,6
459,V,F,-2.284,0.425,4,2,V,6
459,V,G,-4.845,0.1068,5,2,V,6
459,V,H,-4.7,0.4009,5,2,V,6
459,V,I,-0.4227,0.6544,3.5,2,V,6
459,V,K,0.1501,0.02135,4,2,V,6
459,V,L,-1.024,0.7698,9,2,V,6
459,V,M,-0.8416,0.4022,6.5,2,V,6
459,V,N,-3.774,0.3359,6.5,2,V,6
459,V,P,-4.916,0.04101,4,2,V,6
459,V,Q,-3.005,0.007071,4,2,V,6
459,V,R,-0.0174,0.1885,2,2,V,6
459,V,S,-4.917,0.04313,3.5,2,V,6
459,V,T,-0.383,0.3584,3,2,V,6
459,V,V,0,0,,2,V,6
459,V,W,-4.942,0.02121,5.5,2,V,6
459,V,Y,-2.167,0.7509,4.5,2,V,6
460,I,-,-0.4403,0.01351,2,2,I,6
460,I,A,-2.686,3.175,2,2,I,6
460,I,C,-4.948,0.04879,6.5,2,I,6
460,I,D,-4.901,0.0007071,3,2,I,6
460,I,E,-4.774,0.1669,1,2,I,6
460,I,F,-4.909,0.04172,3,2,I,6
460,I,G,-4.913,0.05091,4.5,2,I,6
460,I,H,-4.937,0.04879,7,2,I,6
460,I,I,0,0,,2,I,6
460,I,K,-4.934,0.04243,4.5,2,I,6
460,I,L,-2.626,2.306,4.5,2,I,6
460,I,M,-4.735,0.1556,2,2,I,6
460,I,N,-4.713,0.2574,7,2,I,6
460,I,P,-4.931,0.03748,10.5,2,I,6
460,I,Q,-4.911,0.01838,7.5,2,I,6
460,I,R,-4.963,0.06293,4.5,2,I,6
460,I,S,-4.897,0.009899,5.5,2,I,6
460,I,T,-4.679,0.3366,5,2,I,6
460,I,V,-1.464,0.2772,4,2,I,6
460,I,W,-4.761,0.181,2.5,2,I,6
460,I,Y,-4.806,0.1464,3.5,2,I,6
461,R,-,-2.568,3.194,2.5,2,R,6
461,R,A,-2.545,0.7191,4,2,R,6
461,R,C,-4.885,,1.5,1,R,6
461,R,D,-4.019,0.6138,4.5,2,R,6
461,R,E,-4.912,0.01485,6,2,R,6
461,R,F,-4.93,0.04525,7.5,2,R,6
461,R,G,-4.633,0.3309,9.5,2,R,6
461,R,H,-0.7211,0.905,7,2,R,6
461,R,I,-4.901,0.01131,8.5,2,R,6
461,R,K,-0.331,0.4637,11,2,R,6
461,R,L,-4.785,0.1648,5,2,R,6
461,R,M,-3.888,1.065,3.5,2,R,6
461,R,N,-3.417,0.1902,4,2,R,6
461,R,P,-4.949,0.008485,3.5,2,R,6
461,R,Q,-2.813,0.2192,4.5,2,R,6
461,R,R,0,0,,2,R,6
461,R,S,-3.214,0.1697,6,2,R,6
461,R,T,-3.835,1.582,4.5,2,R,6
461,R,V,-4.697,0.1789,4.5,2,R,6
461,R,W,-4.961,0.02121,4,2,R,6
461,R,Y,-4.583,0.297,5.5,2,R,6
462,I,-,-0.2026,0.2232,1.5,2,V,6
462,I,A,0.1053,0.07621,3.5,2,V,6
462,I,C,-1.105,0.3688,3.5,2,V,6
462,I,D,-3.151,1.748,5,2,V,6
462,I,E,-0.7411,0.366,2,2,V,6
462,I,F,-0.7722,1.288,3.5,2,V,6
462,I,G,-1.052,0.3021,6.5,2,V,6
462,I,H,-1.532,1.473,3,2,V,6
462,I,I,0,0,,2,V,6
462,I,K,-0.2246,0.396,3.5,2,V,6
462,I,L,0.07762,0.08526,6.5,2,V,6
462,I,M,-0.5828,0.02708,8.5,2,V,6
462,I,N,-0.0576,0.1574,5,2,V,6
462,I,P,-0.2529,0.5285,2.5,2,V,6
462,I,Q,-0.5886,0.1283,3.5,2,V,6
462,I,R,-0.883,0.1585,2,2,V,6
462,I,S,-0.2395,0.375,5.5,2,V,6
462,I,T,-0.1905,0.458,5,2,V,6
462,I,V,-0.01365,0.2314,7,2,V,6
462,I,W,-0.2485,0.07616,5,2,V,6
462,I,Y,-0.2505,0.1517,2.5,2,V,6
463,S,-,-0.4007,0.5442,2,2,S,6
463,S,A,-0.285,0.4745,3.5,2,S,6
463,S,C,0.1627,,0.5,1,S,6
463,S,D,-4.793,0.2199,4.5,2,S,6
463,S,E,-4.918,0.01626,6.5,2,S,6
463,S,F,-4.971,0.01273,8,2,S,6
463,S,G,-2.465,0.758,6,2,S,6
463,S,H,-3.293,2.268,2.5,2,S,6
463,S,I,-1.59,0.5572,2.5,2,S,6
463,S,K,-4.918,0.01344,7,2,S,6
463,S,L,-1.844,0.3762,6.5,2,S,6
463,S,M,-2.887,0.4653,8,2,S,6
463,S,N,-4.636,0.4073,2.5,2,S,6
463,S,P,-4.846,0.002121,6,2,S,6
463,S,Q,-4.782,0.1527,4.5,2,S,6
463,S,R,-4.971,0.001414,4.5,2,S,6
463,S,S,0,0,,2,S,6
463,S,T,0.1508,0.0314,5,2,S,6
463,S,V,-0.2319,,0.5,1,S,6
463,S,W,-4.725,0.3083,3,2,S,6
463,S,Y,-4.47,0.5523,12,2,S,6
464,N,-,-2.493,3.354,1.5,2,N,6
464,N,A,-0.5856,0.8576,7.5,2,N,6
464,N,C,-2.332,0.8754,3,2,N,6
464,N,D,-0.389,0.4543,5,2,N,6
464,N,E,0.06287,0.1014,3,2,N,6
464,N,F,-1.594,0.6067,4,2,N,6
464,N,G,-1.061,1.403,4.5,2,N,6
464,N,H,0.14,0.03578,6,2,N,6
464,N,I,0.0356,0.193,4.5,2,N,6
464,N,K,-0.3018,0.3997,7.5,2,N,6
464,N,L,-0.1436,0.2489,5.5,2,N,6
464,N,M,-0.3325,0.6214,4.5,2,N,6
464,N,N,0,0,,2,N,6
464,N,P,-1.847,0.2447,5,2,N,6
464,N,Q,-1.561,2.311,4.5,2,N,6
464,N,R,-0.01525,0.2549,3,2,N,6
464,N,S,-0.4804,0.2509,3,2,N,6
464,N,T,-0.3863,0.4895,5.5,2,N,6
464,N,V,0.07412,0.03251,2,2,N,6
464,N,W,-2.33,0.9914,4,2,N,6
464,N,Y,-1.638,1.625,5,2,N,6
465,D,-,-0.4018,0.6892,1,2,D,6
465,D,A,-0.2057,0.4509,2.5,2,D,6
465,D,C,-1.152,0.1266,5,2,D,6
465,D,D,0,0,,2,D,6
465,D,E,-0.03465,0.293,7,2,D,6
465,D,F,-2.051,0.8089,5,2,D,6
465,D,G,-0.963,0.4836,5,2,D,6
465,D,H,-0.6302,0.5568,7.5,2,D,6
465,D,I,-2.702,1.923,6.5,2,D,6
465,D,K,-2.716,0.4844,3.5,2,D,6
465,D,L,-0.4089,0.0635,3,2,D,6
465,D,M,-1.851,1.143,6,2,D,6
465,D,N,-0.9676,0.5706,7.5,2,D,6
465,D,P,-4.98,0.04455,4.5,2,D,6
465,D,Q,0.02839,0.08151,3,2,D,6
465,D,R,-3.215,0.2312,10,2,D,6
465,D,S,-0.3453,,4.5,1,D,6
465,D,T,0.1002,0.0244,5.5,2,D,6
465,D,V,-0.4793,0.2903,6,2,D,6
465,D,W,-2.818,0.06788,9,2,D,6
465,D,Y,-1.258,0.5506,15.5,2,D,6
466,T,-,-0.1414,0.1798,1,2,T,6
466,T,A,-0.5347,0.7698,4,2,T,6
466,T,C,-1.55,0.4561,4,2,T,6
466,T,D,-0.1945,0.4585,7,2,T,6
466,T,E,0.06632,0.08257,1,2,T,6
466,T,F,-2.029,0.04384,3,2,T,6
466,T,G,-1.106,1.662,3.5,2,T,6
466,T,H,-0.1543,0.08316,2.5,2,T,6
466,T,I,-0.1115,0.3043,5,2,T,6
466,T,K,-1.324,2.118,2,2,T,6
466,T,L,-0.5711,0.2627,5.5,2,T,6
466,T,M,-0.8847,0.1267,4,2,T,6
466,T,N,0.01103,0.07295,9,2,T,6
466,T,P,-0.7128,0.5348,2,2,T,6
466,T,Q,-0.7123,1.192,2.5,2,T,6
466,T,R,-0.5508,,0.5,1,T,6
466,T,S,-0.108,0.07517,4.5,2,T,6
466,T,T,0,0,,2,T,6
466,T,V,-0.6874,1.135,2.5,2,T,6
466,T,W,-4.378,0.7806,3,2,T,6
466,T,Y,-0.7834,1.16,5.5,2,T,6
467,F,-,-0.3717,0.4604,1,2,F,6
467,F,A,-1.418,2.134,4.5,2,F,6
467,F,C,-4.66,,1,1,F,6
467,F,D,-2.778,2.761,2.5,2,F,6
467,F,E,-2.328,0.2333,4.5,2,F,6
467,F,F,0,0,,2,F,6
467,F,G,-0.8939,0.5899,3,2,F,6
467,F,H,-0.8257,0.5972,5,2,F,6
467,F,I,-2.462,0.6668,3,2,F,6
467,F,K,-3.213,1.495,4,2,F,6
467,F,L,-0.9638,0.4443,7,2,F,6
467,F,M,-2.761,,1.5,1,F,6
467,F,N,-3.918,1.449,2.5,2,F,6
467,F,P,-4.811,0.1039,4.5,2,F,6
467,F,Q,-2.87,0.2899,5,2,F,6
467,F,R,-3.952,1.043,4.5,2,F,6
467,F,S,-3.987,0.7007,4.5,2,F,6
467,F,T,-4.376,0.4561,5.5,2,F,6
467,F,V,-4.24,1.062,1.5,2,F,6
467,F,W,0.03505,0.1875,5.5,2,F,6
467,F,Y,-0.06484,0.03669,4,2,F,6
468,L,-,-0.0637,0.2674,1,2,L,6
468,L,A,-0.3002,0.536,1.5,2,L,6
468,L,C,-0.9029,0.4032,4.5,2,L,6
468,L,D,0.1047,0.09384,7,2,L,6
468,L,E,0.1468,0.03606,3.5,2,L,6
468,L,F,-3.99,0.8407,6,2,L,6
468,L,G,-0.9173,0.759,6.5,2,L,6
468,L,H,-0.5137,0.2054,4.5,2,L,6
468,L,I,-0.8067,1.215,4,2,L,6
468,L,K,-0.8085,0.4265,3,2,L,6
468,L,L,0,0,,2,L,6
468,L,M,0.01024,0.06996,6.5,2,L,6
468,L,N,-1.873,2.769,2,2,L,6
468,L,P,-0.4088,0.7768,6,2,L,6
468,L,Q,-0.2052,0.4412,5.5,2,L,6
468,L,R,-0.4612,0.8935,2.5,2,L,6
468,L,S,0.08422,0.01164,4,2,L,6
468,L,T,-0.6489,0.287,2.5,2,L,6
468,L,V,-0.4002,0.5458,4.5,2,L,6
468,L,W,-2.938,2.32,6.5,2,L,6
468,L,Y,-0.0621,0.2824,3,2,L,6
469,N,*,-4.97,,0.5,1,N,6
469,N,-,-0.05058,0.007014,1.5,2,N,6
469,N,A,0.00265,0.1817,5,2,N,6
469,N,C,-0.8622,0.5003,5.5,2,N,6
469,N,D,-4.413,0.6689,4.5,2,N,6
469,N,E,-3.115,0.2362,3,2,N,6
469,N,F,-4.107,1.08,6,2,N,6
469,N,G,-0.4622,0.7161,5.5,2,N,6
469,N,H,-1.816,0.5268,5.5,2,N,6
469,N,I,-1.369,0.02616,4.5,2,N,6
469,N,K,-4.847,0.1216,9,2,N,6
469,N,L,-2.053,1.092,2.5,2,N,6
469,N,M,-3.58,1.85,4,2,N,6
469,N,N,0,0,,2,N,6
469,N,P,-0.4568,0.6804,5.5,2,N,6
469,N,Q,-0.7617,1.255,2.5,2,N,6
469,N,R,-4.636,0.3543,3,2,N,6
469,N,S,0.09305,0.07375,7.5,2,N,6
469,N,T,-0.1441,0.3132,4,2,N,6
469,N,V,0.00955,0.2081,5,2,N,6
469,N,W,-0.5193,0.9725,5.5,2,N,6
469,N,Y,-3.228,0.4193,5,2,N,6
470,G,-,-2.221,2.494,2,2,G,6
470,G,A,-4.904,0.03606,5,2,G,6
470,G,C,-4.989,0.03111,14.5,2,G,6
470,G,D,-4.964,0.009899,20,2,G,6
470,G,E,-4.549,0.5883,5,2,G,6
470,G,F,-4.915,0.06152,5.5,2,G,6
470,G,G,0,0,,2,G,6
470,G,H,-4.961,0.07142,6,2,G,6
470,G,I,-4.859,0.03606,5,2,G,6
470,G,K,-4.88,0.002828,5.5,2,G,6
470,G,L,-4.495,0.5551,4.5,2,G,6
470,G,M,-4.938,0.07425,6,2,G,6
470,G,N,-4.813,0.1987,5.5,2,G,6
470,G,P,-4.888,0.0799,6.5,2,G,6
470,G,Q,-4.857,0.1032,7.5,2,G,6
470,G,R,-4.917,0.1075,4,2,G,6
470,G,S,-4.905,0.1174,10,2,G,6
470,G,T,-4.916,0.01697,4,2,G,6
470,G,V,-4.941,0.04596,7,2,G,6
470,G,W,-4.928,0.05798,4,2,G,6
470,G,Y,-4.671,0.1478,5,2,G,6
471,I,-,-1.399,2.051,1.5,2,I,6
471,I,A,-2.167,3.052,6.5,2,I,6
471,I,C,-2.815,0.4837,2,2,I,6
471,I,D,-4.929,0.05586,4.5,2,I,6
471,I,E,-4.846,0.2333,5,2,I,6
471,I,F,-1.699,0.4384,6.5,2,I,6
471,I,G,-4.911,0.0198,4,2,I,6
471,I,H,-0.3908,0.08535,5,2,I,6
471,I,I,0,0,,2,I,6
471,I,K,-2.205,0.2348,6,2,I,6
471,I,L,-0.06477,0.02046,9,2,I,6
471,I,M,-0.8858,0.4232,4,2,I,6
471,I,N,-1.792,0.06859,7.5,2,I,6
471,I,P,-2.86,0.56,8,2,I,6
471,I,Q,-3.217,0.1895,2.5,2,I,6
471,I,R,-1.4,0.2319,7.5,2,I,6
471,I,S,-4.924,0.0495,7.5,2,I,6
471,I,T,-4.96,0.009899,5.5,2,I,6
471,I,V,-2.915,0.6668,4,2,I,6
471,I,W,-4.748,0.1867,8.5,2,I,6
471,I,Y,-0.4528,0.746,6.5,2,I,6
472,T,-,-1.146,1.598,2,2,T,6
472,T,A,-0.1571,0.2098,2.5,2,T,6
472,T,C,-1.55,0.2892,7.5,2,T,6
472,T,D,-4.755,0.1775,4,2,T,6
472,T,E,-3.168,1.323,4.5,2,T,6
472,T,F,-0.6827,0.1192,5.5,2,T,6
472,T,G,-2.809,0.2984,4,2,T,6
472,T,H,-1.808,0.1393,6.5,2,T,6
472,T,I,-1.065,1.625,5.5,2,T,6
472,T,K,-0.2744,0.09086,3,2,T,6
472,T,L,-1.588,0.832,5,2,T,6
472,T,M,0.06303,0.05652,6,2,T,6
472,T,N,-4.971,0.05374,11.5,2,T,6
472,T,P,-4.921,0.04031,5.5,2,T,6
472,T,Q,-1.375,2.125,3.5,2,T,6
472,T,R,-1.125,,2.5,1,T,6
472,T,S,0.1401,0.04632,4.5,2,T,6
472,T,T,0,0,,2,T,6
472,T,V,-0.4853,0.2657,7,2,T,6
472,T,W,-0.5452,0.1814,4,2,T,6
472,T,Y,-0.1593,0.1225,5.5,2,T,6
473,Y,*,-4.887,,0.5,1,Y,6
473,Y,-,-0.2394,0.1039,1.5,2,Y,6
473,Y,A,-4.822,0.1124,6,2,Y,6
473,Y,C,-4.918,0.1259,5,2,Y,6
473,Y,D,-2.519,3.344,2,2,Y,6
473,Y,E,-4.457,0.2949,5.5,2,Y,6
473,Y,F,-0.4051,0.07481,8,2,Y,6
473,Y,G,-4.936,0.09334,3.5,2,Y,6
473,Y,H,-4.921,0.0799,9,2,Y,6
473,Y,I,-4.97,0.01344,6,2,Y,6
473,Y,K,-4.717,0.3019,4,2,Y,6
473,Y,L,-4.934,0.03041,3,2,Y,6
473,Y,M,-2.393,2.96,5,2,Y,6
473,Y,N,-4.381,0.7771,6.5,2,Y,6
473,Y,P,-4.98,0.04455,4.5,2,Y,6
473,Y,Q,-4.9,0.005657,5.5,2,Y,6
473,Y,R,-4.891,0.09617,4,2,Y,6
473,Y,S,-4.876,0.08556,4,2,Y,6
473,Y,T,-4.922,0.009899,4.5,2,Y,6
473,Y,V,-4.68,0.3097,2.5,2,Y,6
473,Y,W,-2.987,0.4419,4.5,2,Y,6
473,Y,Y,0,0,,2,Y,6
474,T,-,-0.2105,0.08118,1.5,2,T,6
474,T,A,-0.2376,0.09405,8,2,T,6
474,T,C,-1.044,0.1542,5.5,2,T,6
474,T,D,-4.901,0.006364,2.5,2,T,6
474,T,E,0.1465,0.03281,3.5,2,T,6
474,T,F,-0.214,0.4057,3.5,2,T,6
474,T,G,-2.381,3.589,2,2,T,6
474,T,H,0.1354,0.004384,2.5,2,T,6
474,T,I,-0.1584,0.002263,9.5,2,T,6
474,T,K,-0.251,0.07036,7,2,T,6
474,T,L,-0.9183,0.332,6,2,T,6
474,T,M,-0.024,0.2186,4,2,T,6
474,T,N,-4.92,0.04031,7.5,2,T,6
474,T,P,-4.812,0.1655,7,2,T,6
474,T,Q,0.0014,0.1683,4,2,T,6
474,T,R,-1.764,2.149,2,2,T,6
474,T,S,-0.2153,0.1283,1.5,2,T,6
474,T,T,0,0,,2,T,6
474,T,V,0.06782,0.0895,5,2,T,6
474,T,W,-1.893,0.198,4,2,T,6
474,T,Y,-1.684,0.2715,3,2,T,6
475,S,-,-0.3328,0.4535,1.5,2,S,6
475,S,A,-0.3294,0.199,6,2,S,6
475,S,C,-2.772,0.8224,5.5,2,S,6
475,S,D,-3.79,0.9199,6,2,S,6
475,S,E,-4.792,0.1011,4.5,2,S,6
475,S,F,-4.269,0.6109,10.5,2,S,6
475,S,G,-1.133,0.9187,4,2,S,6
475,S,H,-0.8323,0.1136,4,2,S,6
475,S,I,-4.877,0.03394,3.5,2,S,6
475,S,K,-4.907,0.02899,4,2,S,6
475,S,L,-4.584,0.379,2,2,S,6
475,S,M,-4.697,0.2871,4,2,S,6
475,S,N,-4.813,0.1605,4.5,2,S,6
475,S,P,-4.949,0.02404,4,2,S,6
475,S,Q,-4.873,0.03889,2,2,S,6
475,S,R,-4.616,,3.5,1,S,6
475,S,S,0,0,,2,S,6
475,S,T,-3.796,0.5926,6,2,S,6
475,S,V,-4.877,0.08485,4.5,2,S,6
475,S,W,-4.598,0.251,5.5,2,S,6
475,S,Y,-4.915,0.08627,8.5,2,S,6
476,T,-,-0.493,0.5831,1.5,2,T,6
476,T,A,-0.1996,0.4584,6,2,T,6
476,T,C,-2.905,2.967,3,2,T,6
476,T,D,-0.09187,0.2494,4,2,T,6
476,T,E,-0.4667,0.2121,5,2,T,6
476,T,F,-0.07895,0.2379,7.5,2,T,6
476,T,G,-0.5882,0.7154,4,2,T,6
476,T,H,-2.582,0.4547,4.5,2,T,6
476,T,I,-0.2777,0.1375,12.5,2,T,6
476,T,K,-4.319,0.1266,5.5,2,T,6
476,T,L,0.1003,0.04536,5.5,2,T,6
476,T,M,-0.1749,0.1432,4,2,T,6
476,T,N,-1.155,0.09899,6.5,2,T,6
476,T,P,0.1399,0.0004243,5,2,T,6
476,T,Q,-0.9488,1.501,7.5,2,T,6
476,T,R,-4.591,0.2638,3.5,2,T,6
476,T,S,-0.03595,0.2299,5.5,2,T,6
476,T,T,0,0,,2,T,6
476,T,V,-0.8144,0.2371,4.5,2,T,6
476,T,W,-0.5923,0.8665,4,2,T,6
476,T,Y,0.09654,0.06882,3,2,T,6
477,S,*,-3.967,,0.5,1,S,6
477,S,-,-0.07897,0.04657,1,2,S,6
477,S,A,-0.0829,0.3097,3,2,S,6
477,S,C,-3.643,0.02263,4.5,2,S,6
477,S,D,-2.422,,2.5,1,S,6
477,S,E,-4.906,0.1499,4,2,S,6
477,S,F,-4.679,0.2807,4,2,S,6
477,S,G,-0.2314,0.5204,7.5,2,S,6
477,S,H,-4.838,0.1838,4,2,S,6
477,S,I,-2.044,0.1676,10.5,2,S,6
477,S,K,-4.642,0.3203,6,2,S,6
477,S,L,-4.783,0.2779,7.5,2,S,6
477,S,M,-4.941,0.05162,3.5,2,S,6
477,S,N,-3.628,0.4377,10,2,S,6
477,S,P,-4.905,0.01909,3.5,2,S,6
477,S,Q,-4.887,0.008485,5.5,2,S,6
477,S,R,-4.877,0.04879,8,2,S,6
477,S,S,0,0,,2,S,6
477,S,T,-1.546,0.7276,7,2,S,6
477,S,V,-1.417,0.56,2.5,2,S,6
477,S,W,0.08266,0.08053,3,2,S,6
477,S,Y,-4.593,0.5141,2,2,S,6
478,G,-,-0.2574,0.2762,2,2,G,6
478,G,A,-3.606,0.6732,5,2,G,6
478,G,C,-4.972,0,13,2,G,6
478,G,D,-2.942,0.5614,12,2,G,6
478,G,E,-4.75,0.111,7,2,G,6
478,G,F,-4.805,0.1372,3.5,2,G,6
478,G,G,0,0,,2,G,6
478,G,H,-4.278,0.2885,5,2,G,6
478,G,I,-4.954,0.06859,6,2,G,6
478,G,K,-4.869,0.1082,3.5,2,G,6
478,G,L,-4.728,0.2765,5.5,2,G,6
478,G,M,-4.389,0.1322,5.5,2,G,6
478,G,N,-2.106,0.91,5.5,2,G,6
478,G,P,-4.944,0.0007071,6.5,2,G,6
478,G,Q,-4.132,0.5134,7,2,G,6
478,G,R,-4.902,0.08556,5,2,G,6
478,G,S,-3.563,0.08273,11,2,G,6
478,G,T,-4.921,0.0495,5,2,G,6
478,G,V,-4.906,0.04172,6.5,2,G,6
478,G,W,-4.928,0.02263,5.5,2,G,6
478,G,Y,-4.612,,2.5,1,G,6
479,N,-,-0.1824,0.4395,2,2,N,6
479,N,A,-0.2594,0.2813,4.5,2,N,6
479,N,C,-1.883,0.5183,5.5,2,N,6
479,N,D,-0.3554,0.3893,7,2,N,6
479,N,E,-2.881,0.8415,4,2,N,6
479,N,F,0.1335,0.04758,3.5,2,N,6
479,N,G,0.1133,0.01351,3,2,N,6
479,N,H,0.03689,0.05204,8,2,N,6
479,N,I,-1.801,0.396,4.5,2,N,6
479,N,K,-1.859,0.5933,9,2,N,6
479,N,L,-2.205,1.425,4.5,2,N,6
479,N,M,0.1003,0.03055,6.5,2,N,6
479,N,N,0,0,,2,N,6
479,N,P,-4.737,0.2383,6.5,2,N,6
479,N,Q,-0.09125,0.3013,6,2,N,6
479,N,R,-0.2264,0.544,3.5,2,N,6
479,N,S,-0.8937,,1,1,N,6
479,N,T,-0.6009,0.157,6,2,N,6
479,N,V,-3.473,1.817,3.5,2,N,6
479,N,W,-0.7526,0.3172,5.5,2,N,6
479,N,Y,-0.6623,0.5582,6.5,2,N,6
480,L,-,-0.007065,0.09694,2,2,L,6
480,L,A,-4.899,0.002828,6,2,L,6
480,L,C,-4.774,0.1605,5,2,L,6
480,L,D,-4.955,0.05798,3.5,2,L,6
480,L,E,-4.955,0.03394,4.5,2,L,6
480,L,F,-4.897,0.007071,3.5,2,L,6
480,L,G,-4.933,0.02546,5,2,L,6
480,L,H,-4.55,0.5904,6,2,L,6
480,L,I,-0.5821,0.6122,4,2,L,6
480,L,K,-4.846,0.04384,3.5,2,L,6
480,L,L,0,0,,2,L,6
480,L,M,-1.315,0.03041,10,2,L,6
480,L,N,-4.948,0.07142,5.5,2,L,6
480,L,P,-4.883,0.0502,6,2,L,6
480,L,Q,-4.881,0.05303,10.5,2,L,6
480,L,R,-4.954,0.01909,7.5,2,L,6
480,L,S,-4.962,0.0198,5.5,2,L,6
480,L,T,-4.963,0.01768,9,2,L,6
480,L,V,-2.914,1.624,2,2,L,6
480,L,W,-4.959,0.0594,5,2,L,6
480,L,Y,-4.705,0.2065,4,2,L,6
481,L,*,-4.757,,0.5,1,L,6
481,L,-,0.000235,0.1162,2,2,L,6
481,L,A,-3.17,0.9496,5,2,L,6
481,L,C,-2.715,0.6718,2.5,2,L,6
481,L,D,-4.442,0.7347,5,2,L,6
481,L,E,-4.888,0.01414,3.5,2,L,6
481,L,F,-4.908,0.1025,7,2,L,6
481,L,G,-4.831,0.02404,3,2,L,6
481,L,H,-4.704,,2.5,1,L,6
481,L,I,0.06695,0.08394,3.5,2,L,6
481,L,K,-4.646,0.1344,5,2,L,6
481,L,L,0,0,,2,L,6
481,L,M,-1.307,0.5474,7,2,L,6
481,L,N,-3.543,1.838,2.5,2,L,6
481,L,P,-4.96,0.02758,10.5,2,L,6
481,L,Q,-4.437,0.2192,4.5,2,L,6
481,L,R,-1.899,2.826,3.5,2,L,6
481,L,S,-4.364,0.8945,7.5,2,L,6
481,L,T,-4.907,0.01273,2,2,L,6
481,L,V,-0.6851,0.7721,6,2,L,6
481,L,W,-4.812,0.1549,3.5,2,L,6
481,L,Y,-4.104,1.107,4.5,2,L,6
482,G,-,-0.4176,0.2407,3,2,G,6
482,G,A,-3.15,0.004243,4.5,2,G,6
482,G,C,-4.982,0.005657,10.5,2,G,6
482,G,D,-4.774,0.152,9,2,G,6
482,G,E,-3.687,1.097,3,2,G,6
482,G,F,-4.898,0.07778,3.5,2,G,6
482,G,G,0,0,,2,G,6
482,G,H,-4.788,0.2835,4.5,2,G,6
482,G,I,-4.643,0.4306,5,2,G,6
482,G,K,-4.813,0.181,4.5,2,G,6
482,G,L,-4.906,0.02546,6,2,G,6
482,G,M,-4.818,0.1619,3,2,G,6
482,G,N,-4.945,0.06364,7,2,G,6
482,G,P,-4.94,0.05515,2.5,2,G,6
482,G,Q,-4.892,0.04525,4.5,2,G,6
482,G,R,-4.899,0.07849,2,2,G,6
482,G,S,-4.892,0.05515,5,2,G,6
482,G,T,-4.862,0.1902,8,2,G,6
482,G,V,-4.892,0.0799,7.5,2,G,6
482,G,W,-4.837,0.1414,6.5,2,G,6
482,G,Y,-4.962,0.06647,6.5,2,G,6
483,F,-,0.02262,0.08151,2.5,2,F,6
483,F,A,-4.885,0.01202,5.5,2,F,6
483,F,C,-4.829,0.2128,7,2,F,6
483,F,D,-4.875,0.03889,4,2,F,6
483,F,E,-4.867,0.1563,4,2,F,6
483,F,F,0,0,,2,F,6
483,F,G,-4.926,0.02758,4.5,2,F,6
483,F,H,-4.838,0.2029,6,2,F,6
483,F,I,-4.963,0.06152,4.5,2,F,6
483,F,K,-4.95,0.007071,1.5,2,F,6
483,F,L,-4.911,0.08697,8.5,2,F,6
483,F,M,-4.919,0.05515,4.5,2,F,6
483,F,N,-4.902,0.01344,3,2,F,6
483,F,P,-4.946,0.04738,4.5,2,F,6
483,F,Q,-4.891,0.03889,4.5,2,F,6
483,F,R,-4.928,0.1004,5,2,F,6
483,F,S,-4.866,0.003536,4.5,2,F,6
483,F,T,-4.92,0.02687,5,2,F,6
483,F,V,-4.941,0.0792,7,2,F,6
483,F,W,-0.7244,0.1802,4,2,F,6
483,F,Y,-0.6154,0.1391,6,2,F,6
484,K,-,-0.8223,1.172,2.5,2,K,6
484,K,A,-2.06,1.872,3.5,2,K,6
484,K,C,-4.562,0.1676,2.5,2,K,6
484,K,D,-4.835,0.193,3.5,2,K,6
484,K,E,-4.546,0.3734,7,2,K,6
484,K,F,-4.936,0.06576,5.5,2,K,6
484,K,G,-4.857,0.08415,4.5,2,K,6
484,K,H,-4.495,0.07778,5,2,K,6
484,K,I,-4.826,0.01838,5.5,2,K,6
484,K,K,0,0,,2,K,6
484,K,L,-2.147,0.8775,6,2,K,6
484,K,M,-1.554,0.123,5.5,2,K,6
484,K,N,-4.88,0.08697,21,2,K,6
484,K,P,-4.927,0.02121,4.5,2,K,6
484,K,Q,-0.291,0.5436,5,2,K,6
484,K,R,-1.043,0.01273,5,2,K,6
484,K,S,-3.805,0.9256,5,2,K,6
484,K,T,-4.339,0.08697,5,2,K,6
484,K,V,-4.827,0.08344,2,2,K,6
484,K,W,-4.861,0.128,6.5,2,K,6
484,K,Y,-4.932,0.002828,4.5,2,K,6
485,D,-,0.01635,0.008719,2,2,D,6
485,D,A,-0.8459,0.8246,3,2,D,6
485,D,C,-0.3709,0.3943,6.5,2,D,6
485,D,D,0,0,,2,D,6
485,D,E,0.02945,0.1788,4,2,D,6
485,D,F,-3.476,1.995,2.5,2,D,6
485,D,G,-2.687,1.764,8,2,D,6
485,D,H,-0.5822,0.4171,4,2,D,6
485,D,I,-0.6461,0.4126,5.5,2,D,6
485,D,K,-4.941,0.02616,3,2,D,6
485,D,L,-0.00101,0.04994,4,2,D,6
485,D,M,-0.3135,0.1251,5,2,D,6
485,D,N,-4.902,0.03748,8,2,D,6
485,D,P,-4.96,0.001414,6,2,D,6
485,D,Q,-0.9506,0.4757,3,2,D,6
485,D,R,-3.805,1.549,2.5,2,D,6
485,D,S,-0.618,0.1036,3.5,2,D,6
485,D,T,-1.713,0.6696,6,2,D,6
485,D,V,-0.9009,0.8543,9,2,D,6
485,D,W,0.002475,0.04241,4,2,D,6
485,D,Y,-1.116,0.2804,8.5,2,D,6
486,V,-,0.1102,0.02543,1.5,2,V,6
486,V,A,-0.4978,0.228,5.5,2,V,6
486,V,C,-0.9797,1.29,1,2,V,6
486,V,D,-3.924,0.2079,4.5,2,V,6
486,V,E,-4.276,0.9143,8,2,V,6
486,V,F,-0.08915,0.2723,10.5,2,V,6
486,V,G,-4.814,0.2135,3,2,V,6
486,V,H,-0.3443,0.6778,7,2,V,6
486,V,I,0.1527,0.03012,4,2,V,6
486,V,K,-4.881,0.003536,4,2,V,6
486,V,L,-0.474,0.5536,6,2,V,6
486,V,M,-0.3974,0.2249,10,2,V,6
486,V,N,-0.5851,0.9644,4.5,2,V,6
486,V,P,0.1343,0.04412,3.5,2,V,6
486,V,Q,-2.108,1.024,3,2,V,6
486,V,R,-4.884,0.08768,3.5,2,V,6
486,V,S,-0.3143,0.009192,3,2,V,6
486,V,T,-0.2325,0.4712,4.5,2,V,6
486,V,V,0,0,,2,V,6
486,V,W,-0.3989,0.8011,3,2,V,6
486,V,Y,-0.8508,1.023,5,2,V,6
487,T,-,-0.04576,0.005579,2,2,T,6
487,T,A,0.13,0.05424,6,2,T,6
487,T,C,-0.5729,0.7638,5.5,2,T,6
487,T,D,-1.551,0.2991,4,2,T,6
487,T,E,-0.4953,0.5827,3.5,2,T,6
487,T,F,-0.1728,0.218,7.5,2,T,6
487,T,G,-0.3421,0.5621,4.5,2,T,6
487,T,H,-1.056,0.03606,7.5,2,T,6
487,T,I,0.1068,0.09513,6,2,T,6
487,T,K,-1.093,0.7637,4.5,2,T,6
487,T,L,-0.08075,0.2244,2.5,2,T,6
487,T,M,0.0984,0.07806,4,2,T,6
487,T,N,-0.1703,0.3791,5.5,2,T,6
487,T,P,-0.753,0.156,6.5,2,T,6
487,T,Q,-0.1556,0.2797,5.5,2,T,6
487,T,R,-0.1916,0.1578,3,2,T,6
487,T,S,-0.1721,0.4318,5,2,T,6
487,T,T,0,0,,2,T,6
487,T,V,0.09255,0.07459,7.5,2,T,6
487,T,W,0.01852,0.02583,3,2,T,6
487,T,Y,-2.284,2.784,2,2,T,6
488,N,-,-0.2578,0.4421,2.5,2,K,6
488,N,A,-0.07132,,3,1,K,6
488,N,C,-1.157,0.2587,3.5,2,K,6
488,N,D,-0.4405,0.7404,4.5,2,K,6
488,N,E,-0.0769,0.3036,6,2,K,6
488,N,F,-1.901,1.073,4.5,2,K,6
488,N,G,-2.146,3.265,2,2,K,6
488,N,H,-0.01567,0.1095,5.5,2,K,6
488,N,I,-0.5956,0.1708,5.5,2,K,6
488,N,K,-0.1694,0.2027,6,2,K,6
488,N,L,-0.2974,0.6044,7,2,K,6
488,N,M,-0.6853,0.7039,3.5,2,K,6
488,N,N,0,0,,2,K,6
488,N,P,-4.834,0.1556,6,2,K,6
488,N,Q,0.0505,0.03415,4.5,2,K,6
488,N,R,-0.08078,0.02789,3.5,2,K,6
488,N,S,-0.9115,0.1534,4.5,2,K,6
488,N,T,-1.405,0.5614,2.5,2,K,6
488,N,V,-0.5284,0.8409,7,2,K,6
488,N,W,-0.9875,0.8082,7.5,2,K,6
488,N,Y,-0.4246,0.1245,4,2,K,6
489,G,*,-4.956,0.07566,7.5,2,G,6
489,G,-,-0.1582,0.3041,2.5,2,G,6
489,G,A,-0.7762,0.1411,7,2,G,6
489,G,C,-4.845,,0.5,1,G,6
489,G,D,0.1049,0.0277,3,2,G,6
489,G,E,-0.1648,0.0635,20.5,2,G,6
489,G,F,-2.878,0.7043,5,2,G,6
489,G,G,0,0,,2,G,6
489,G,H,-1.836,0.07,3,2,G,6
489,G,I,-4.926,0.03818,9,2,G,6
489,G,K,-4.547,0.5819,4.5,2,G,6
489,G,L,-2.859,0.6541,5,2,G,6
489,G,M,-0.7075,0.04271,2.5,2,G,6
489,G,N,-0.7833,1.337,2.5,2,G,6
489,G,P,-4.777,0.1549,4,2,G,6
489,G,Q,-3.095,2.481,4,2,G,6
489,G,R,-4.607,0.04667,13,2,G,6
489,G,S,-0.7167,0.1395,3.5,2,G,6
489,G,T,-3.979,0.5127,4,2,G,6
489,G,V,-4.976,0.02828,16,2,G,6
489,G,W,-3.929,0.0997,4,2,G,6
489,G,Y,-4.137,0.4547,8,2,G,6
490,T,-,-0.1739,0.063,2.5,2,T,6
490,T,A,-1.296,0.2821,5.5,2,T,6
490,T,C,-0.9654,0.2937,6.5,2,T,6
490,T,D,-1.348,0.2432,5.5,2,T,6
490,T,E,-2.623,0.3217,4,2,T,6
490,T,F,-0.7059,0.2504,6,2,T,6
490,T,G,-1.301,0.8884,3.5,2,T,6
490,T,H,-0.3804,0.285,2.5,2,T,6
490,T,I,-0.146,0.1835,11.5,2,T,6
490,T,K,-1.071,0.79,7,2,T,6
490,T,L,-1.031,0.5911,10,2,T,6
490,T,M,-0.8132,0.07792,4,2,T,6
490,T,N,-1.875,0.7927,4,2,T,6
490,T,P,-4.943,0.001414,6.5,2,T,6
490,T,Q,-1.551,0.2687,2.5,2,T,6
490,T,R,-0.3249,0.5715,5,2,T,6
490,T,S,-0.1075,0.2673,5.5,2,T,6
490,T,T,0,0,,2,T,6
490,T,V,-0.7855,0.9368,3,2,T,6
490,T,W,-2.559,0.2249,2.5,2,T,6
490,T,Y,-1,1.429,3,2,T,6
491,I,-,-0.09566,0.0217,3,2,I,6
491,I,A,-4.147,0.09334,2.5,2,I,6
491,I,C,-1.346,0.0898,8,2,I,6
491,I,D,-4.492,0.6739,3.5,2,I,6
491,I,E,-4.921,0.0502,5,2,I,6
491,I,F,-3.699,0.8563,2.5,2,I,6
491,I,G,-4.945,0.0693,4.5,2,I,6
491,I,H,-1.976,0.1775,4,2,I,6
491,I,I,0,0,,2,I,6
491,I,K,-4.88,0.09405,8.5,2,I,6
491,I,L,-0.7051,0.2239,4,2,I,6
491,I,M,-1.514,0.9231,5.5,2,I,6
491,I,N,-2.361,0.4257,6.5,2,I,6
491,I,P,-4.965,0.009899,8,2,I,6
491,I,Q,-2.407,0.01202,3,2,I,6
491,I,R,-3.951,,1,1,I,6
491,I,S,-4.867,0.01626,3.5,2,I,6
491,I,T,-2.663,0.1308,4.5,2,I,6
491,I,V,-0.05665,0.2732,4,2,I,6
491,I,W,-4.862,0.1181,7,2,I,6
491,I,Y,-4.901,,1.5,1,I,6
492,Y,*,-2.335,3.548,2,2,Y,6
492,Y,-,-2.57,3.427,3.5,2,Y,6
492,Y,A,-4.93,0.0693,9,2,Y,6
492,Y,C,-4.986,0.03606,6.5,2,Y,6
492,Y,D,-4.958,0.002828,6,2,Y,6
492,Y,E,-4.864,0.09334,4.5,2,Y,6
492,Y,F,-1.968,0.6102,4.5,2,Y,6
492,Y,G,-2.992,2.448,2,2,Y,6
492,Y,H,-2.784,2.683,1.5,2,Y,6
492,Y,I,-4.907,0.03253,6,2,Y,6
492,Y,K,-2.671,3.133,1,2,Y,6
492,Y,L,-4.938,0.05091,5,2,Y,6
492,Y,M,-4.886,0.0007071,3,2,Y,6
492,Y,N,-4.907,0.03606,4.5,2,Y,6
492,Y,P,-4.816,0.1273,5.5,2,Y,6
492,Y,Q,-4.99,0.01626,2,2,Y,6
492,Y,R,-4.97,0.02333,5,2,Y,6
492,Y,S,-4.888,,2,1,Y,6
492,Y,T,-4.958,0.0198,6,2,Y,6
492,Y,V,-4.944,0.02475,8,2,Y,6
492,Y,W,-4.949,0.08627,7.5,2,Y,6
492,Y,Y,0,0,,2,Y,6
493,S,-,-0.9884,1.293,3.5,2,S,6
493,S,A,-0.3382,0.1718,3.5,2,S,6
493,S,C,-3.106,0.4504,4,2,S,6
493,S,D,-4.872,0.0396,1.5,2,S,6
493,S,E,-2.985,2.712,3,2,S,6
493,S,F,-3.248,0.7177,10.5,2,S,6
493,S,G,-1.639,0.6682,5,2,S,6
493,S,H,-3.075,1.29,5,2,S,6
493,S,I,-1.949,1.529,3.5,2,S,6
493,S,K,-1.002,0.9692,4.5,2,S,6
493,S,L,-3.183,1.206,3.5,2,S,6
493,S,M,-3.723,1.289,3,2,S,6
493,S,N,-4.879,0.02404,4,2,S,6
493,S,P,-4.899,0.001414,5,2,S,6
493,S,Q,-2.225,0.618,8.5,2,S,6
493,S,R,-1.672,0.483,7.5,2,S,6
493,S,S,0,0,,2,S,6
493,S,T,-0.08208,0.1441,5.5,2,S,6
493,S,V,-1.75,1.292,4,2,S,6
493,S,W,-3.962,1.412,4.5,2,S,6
493,S,Y,-2.455,0.07071,15.5,2,S,6
494,I,-,-0.5578,0.7682,3,2,I,6
494,I,A,-4.895,0.008485,7,2,I,6
494,I,C,-4.726,0.2878,5,2,I,6
494,I,D,-4.409,0.6725,5.5,2,I,6
494,I,E,-4.94,0.1004,10,2,I,6
494,I,F,-4.912,0.01414,6.5,2,I,6
494,I,G,-4.864,0.03465,2.5,2,I,6
494,I,H,-3.04,1.532,2,2,I,6
494,I,I,0,0,,2,I,6
494,I,K,-4.91,0.01626,3.5,2,I,6
494,I,L,-0.1682,,1,1,I,6
494,I,M,-3.048,0.1266,5.5,2,I,6
494,I,N,-4.956,0.02546,4.5,2,I,6
494,I,P,-4.925,0.05586,4.5,2,I,6
494,I,Q,-4.928,0.04596,3,2,I,6
494,I,R,-4.883,0.05445,3.5,2,I,6
494,I,S,-4.99,0.01626,2,2,I,6
494,I,T,-4.957,0.07495,6.5,2,I,6
494,I,V,-0.5064,0.7772,5,2,I,6
494,I,W,-4.937,0.05798,6,2,I,6
494,I,Y,-4.948,0.05303,5.5,2,I,6
495,T,-,-0.1204,0.07377,2.5,2,T,6
495,T,A,-0.8137,0.2162,6.5,2,T,6
495,T,C,-0.8108,0.2329,5,2,T,6
495,T,D,-4.928,0.01344,1.5,2,T,6
495,T,E,-4.261,,1,1,T,6
495,T,F,-3.948,0.9772,4,2,T,6
495,T,G,-2.771,0.03536,5.5,2,T,6
495,T,H,-0.655,0.7496,3.5,2,T,6
495,T,I,-0.5606,0.6284,2.5,2,T,6
495,T,K,-0.4816,0.3087,6,2,T,6
495,T,L,-3.679,0.7495,7,2,T,6
495,T,M,-0.7324,0.04617,9.5,2,T,6
495,T,N,-4.023,1.185,3,2,T,6
495,T,P,-4.918,0.009192,4.5,2,T,6
495,T,Q,-0.862,0.6435,1.5,2,T,6
495,T,R,0.0944,0.1102,2,2,T,6
495,T,S,-0.9438,0.004243,2,2,T,6
495,T,T,0,0,,2,T,6
495,T,V,0.1454,0.014,7,2,T,6
495,T,W,-4.854,0.01414,2.5,2,T,6
495,T,Y,-4.168,0.5523,5.5,2,T,6
496,P,-,0.0057,0.1894,2.5,2,P,6
496,P,A,-3.472,1.373,5.5,2,P,6
496,P,C,-4.904,0.009192,4,2,P,6
496,P,D,-4.824,0.1697,4.5,2,P,6
496,P,E,-4.953,0.01626,6,2,P,6
496,P,F,-4.94,0.01202,4,2,P,6
496,P,G,-4.777,0.169,3,2,P,6
496,P,H,-3.94,0.8231,8,2,P,6
496,P,I,-4.811,0.1047,1.5,2,P,6
496,P,K,-4.802,0.2164,6,2,P,6
496,P,L,-4.875,0.01626,10,2,P,6
496,P,M,-4.62,,3,1,P,6
496,P,N,-2.708,3.211,3,2,P,6
496,P,P,0,0,,2,P,6
496,P,Q,-4.896,,2,1,P,6
496,P,R,-4.873,,1.5,1,P,6
496,P,S,-0.8783,0.4902,5.5,2,P,6
496,P,T,-3.659,0.6619,10,2,P,6
496,P,V,-4.765,0.2333,6.5,2,P,6
496,P,W,-4.893,0.02687,4.5,2,P,6
496,P,Y,-4.925,0.007778,5,2,P,6
497,C,*,-4.91,0.03606,2.5,2,C,6
497,C,-,-0.1205,0.01803,2.5,2,C,6
497,C,A,-4.933,0.004243,6,2,C,6
497,C,C,0,0,,2,C,6
497,C,D,-2.657,3.166,2,2,C,6
497,C,E,-4.918,0.04101,4.5,2,C,6
497,C,F,-4.944,0.07566,9.5,2,C,6
497,C,G,-4.909,0.01414,3,2,C,6
497,C,H,-4.701,0.3571,3,2,C,6
497,C,I,-4.912,0.02899,4.5,2,C,6
497,C,K,-4.898,0.0693,5,2,C,6
497,C,L,-4.947,0.09122,5,2,C,6
497,C,M,-4.919,0.02263,3.5,2,C,6
497,C,N,-4.858,0.06435,3,2,C,6
497,C,P,-4.942,0.05869,5,2,C,6
497,C,Q,-4.86,0.0396,3.5,2,C,6
497,C,R,-4.96,0.02192,12.5,2,C,6
497,C,S,-4.911,0.01414,3.5,2,C,6
497,C,T,-4.917,0.009192,4,2,C,6
497,C,V,-4.763,0.268,5,2,C,6
497,C,W,-4.213,0.985,3.5,2,C,6
497,C,Y,-4.947,0.04031,15,2,C,6
498,N,-,-0.1285,0.004172,1.5,2,N,6
498,N,A,-0.4094,0.0857,4.5,2,N,6
498,N,C,-1.849,0.1945,7,2,N,6
498,N,D,-3.897,1.337,4.5,2,N,6
498,N,E,-4.49,0.6237,5,2,N,6
498,N,F,0.0923,0.06718,5,2,N,6
498,N,G,-0.1845,0.4892,6,2,N,6
498,N,H,0.1243,0.03442,3.5,2,N,6
498,N,I,-4.744,0.2835,4,2,N,6
498,N,K,-1.76,0.5183,4.5,2,N,6
498,N,L,-4.075,1.261,4.5,2,N,6
498,N,M,-4.878,0.05728,5.5,2,N,6
498,N,N,0,0,,2,N,6
498,N,P,-4.886,0.1273,7.5,2,N,6
498,N,Q,-1.861,1.334,3.5,2,N,6
498,N,R,-2.163,0.251,6,2,N,6
498,N,S,-0.6929,1.134,5.5,2,N,6
498,N,T,-1.848,0.3903,4,2,N,6
498,N,V,-2.344,3.152,1.5,2,N,6
498,N,W,-0.5347,0.0799,5,2,N,6
498,N,Y,0.003596,0.01811,6.5,2,N,6
499,P,-,-0.2697,0.2273,2,2,P,6
499,P,A,-1.151,0.1633,3,2,P,6
499,P,C,-1.11,0.6136,6,2,P,6
499,P,D,-4.806,0.1655,4,2,P,6
499,P,E,-4.503,0.7014,5,2,P,6
499,P,F,-0.7033,0.3673,2.5,2,P,6
499,P,G,-3.971,0.2857,5,2,P,6
499,P,H,-1.513,0.3889,19,2,P,6
499,P,I,-1.75,1.426,7,2,P,6
499,P,K,-4.63,0.2425,2,2,P,6
499,P,L,-0.6524,0.9215,6.5,2,P,6
499,P,M,-0.8472,0.8553,4.5,2,P,6
499,P,N,-1.832,0.4115,6.5,2,P,6
499,P,P,0,0,,2,P,6
499,P,Q,-3.913,0.7764,5,2,P,6
499,P,R,-4.79,0.05303,2.5,2,P,6
499,P,S,-1.49,0.1725,6.5,2,P,6
499,P,T,-0.2142,0.4345,12.5,2,P,6
499,P,V,-0.3142,0.4197,4,2,P,6
499,P,W,-3.585,0.3012,4,2,P,6
499,P,Y,0.1201,,3,1,P,6
500,P,-,-0.09775,0.3311,2.5,2,P,6
500,P,A,-3.253,0.2305,5,2,P,6
500,P,C,-3.003,1.639,2,2,P,6
500,P,D,-2.288,3.294,2.5,2,P,6
500,P,E,-4.867,0.1025,5.5,2,P,6
500,P,F,-1.317,,2,1,P,6
500,P,G,-4.82,0.07354,4.5,2,P,6
500,P,H,-4.934,0.1082,8.5,2,P,6
500,P,I,0.04708,0.06018,6.5,2,P,6
500,P,K,-4.918,0.01768,2.5,2,P,6
500,P,L,-1.137,0.3029,7.5,2,P,6
500,P,M,-1.136,1.188,4,2,P,6
500,P,N,-4.942,0.09758,3,2,P,6
500,P,P,0,0,,2,P,6
500,P,Q,-4.951,0.01061,5.5,2,P,6
500,P,R,-4.915,0.02051,3,2,P,6
500,P,S,-4.009,0.5431,5,2,P,6
500,P,T,-1.776,0.256,13.5,2,P,6
500,P,V,-0.4605,0.8294,4.5,2,P,6
500,P,W,-0.1112,0.08591,6.5,2,P,6
500,P,Y,-4.736,0.04879,5.5,2,P,6
501,D,-,-0.04759,0.09477,3,2,D,6
501,D,A,0.1278,0.04074,3,2,D,6
501,D,C,-1.029,0.3075,4,2,D,6
501,D,D,0,0,,2,D,6
501,D,E,-0.04331,0.03495,2,2,D,6
501,D,F,-0.5192,0.8723,3.5,2,D,6
501,D,G,-1.394,1.87,8.5,2,D,6
501,D,H,0.08863,0.02471,1.5,2,D,6
501,D,I,0.07808,,2.5,1,D,6
501,D,K,-0.5303,0.3628,3.5,2,D,6
501,D,L,-0.388,0.7031,4,2,D,6
501,D,M,-0.2453,0.151,4.5,2,D,6
501,D,N,0.04416,0.03327,8.5,2,D,6
501,D,P,-4.617,0.4462,2.5,2,D,6
501,D,Q,0.1177,0.03218,6.5,2,D,6
501,D,R,-0.5588,0.8842,3.5,2,D,6
501,D,S,-2.393,2.426,4.5,2,D,6
501,D,T,-0.4893,0.6737,6,2,D,6
501,D,V,-0.4258,0.2706,4,2,D,6
501,D,W,-2.038,0.2256,4.5,2,D,6
501,D,Y,-0.4838,0.3511,8,2,D,6
502,Q,*,-4.778,0.2411,4.5,2,Q,6
502,Q,-,-0.02678,0.09881,3,2,Q,6
502,Q,A,-2.208,0.1633,4.5,2,Q,6
502,Q,C,-0.578,0.8965,4.5,2,Q,6
502,Q,D,-4.963,0.02192,4,2,Q,6
502,Q,E,-4.872,0.03536,2.5,2,Q,6
502,Q,F,-0.4696,0.01598,6.5,2,Q,6
502,Q,G,-2.576,3.436,2,2,Q,6
502,Q,H,-0.4051,0.6189,9,2,Q,6
502,Q,I,0.1561,0.02546,3.5,2,Q,6
502,Q,K,-0.9488,0.3538,7.5,2,Q,6
502,Q,L,0.1257,,2.5,1,Q,6
502,Q,M,0.1566,0.02475,6,2,Q,6
502,Q,N,-2.454,0.4023,6,2,Q,6
502,Q,P,-4.883,0.05303,3,2,Q,6
502,Q,Q,0,0,,2,Q,6
502,Q,R,-1.281,1.798,4.5,2,Q,6
502,Q,S,-0.5974,0.8451,1.5,2,Q,6
502,Q,T,0.0112,0.1854,4,2,Q,6
502,Q,W,0.1569,0.02341,5,2,Q,6
502,Q,Y,0.149,0.02956,5,2,Q,6
503,L,-,0.03204,0.09922,3,2,L,6
503,L,A,-4.952,0.02121,8,2,L,6
503,L,C,-4.952,0.06788,5,2,L,6
503,L,D,-3.463,1.727,2,2,L,6
503,L,E,-4.887,0.05798,2,2,L,6
503,L,F,-2.426,0.6138,5,2,L,6
503,L,G,-4.671,0.152,1.5,2,L,6
503,L,H,-4.909,0.006364,4.5,2,L,6
503,L,I,-0.1972,0.4455,6,2,L,6
503,L,K,-4.944,0.06081,6,2,L,6
503,L,L,0,0,,2,L,6
503,L,M,-4.796,0.05657,6.5,2,L,6
503,L,N,-4.905,0.02899,2,2,L,6
503,L,P,-4.964,0.007071,11,2,L,6
503,L,Q,-4.833,0.1831,4.5,2,L,6
503,L,R,-4.929,0.06647,4,2,L,6
503,L,S,-4.761,0.2737,3,2,L,6
503,L,T,-4.835,0.1181,6,2,L,6
503,L,V,-0.2094,0.06406,5.5,2,L,6
503,L,W,-4.867,0.01556,7,2,L,6
503,L,Y,-4.825,0.003536,5,2,L,6
504,V,-,-1.124,1.658,4,2,V,6
504,V,A,-3.979,1.203,5.5,2,V,6
504,V,C,-4.391,0.007071,2.5,2,V,6
504,V,D,-4.896,0.007778,4.5,2,V,6
504,V,E,-4.958,,2,1,V,6
504,V,F,-0.9983,1.622,3.5,2,V,6
504,V,G,-4.865,0.04313,2,2,V,6
504,V,H,-4.933,0.08697,5,2,V,6
504,V,I,-0.1858,0.3599,4.5,2,V,6
504,V,K,-4.981,0.04101,4.5,2,V,6
504,V,L,-2.237,,2,1,V,6
504,V,M,-4.99,0.01626,4.5,2,V,6
504,V,N,-4.835,0.1633,8.5,2,V,6
504,V,P,-3.147,2.638,2,2,V,6
504,V,Q,-4.855,0.06435,4,2,V,6
504,V,R,-4.965,0.06576,2.5,2,V,6
504,V,S,-2.759,3.091,3,2,V,6
504,V,T,-4.933,0.009899,5.5,2,V,6
504,V,V,0,0,,2,V,6
504,V,W,-4.868,0.03536,1.5,2,V,6
504,V,Y,-4.955,0.01697,3.5,2,V,6
505,V,-,0.08786,0.0767,4,2,V,6
505,V,A,-4.941,0.03182,8,2,V,6
505,V,C,-4.93,0.01838,8,2,V,6
505,V,D,-4.914,0.07778,4,2,V,6
505,V,E,-4.926,0.02758,4,2,V,6
505,V,F,-4.925,0.007071,4,2,V,6
505,V,G,-4.944,0.08556,3,2,V,6
505,V,H,-4.012,1.294,5,2,V,6
505,V,I,-0.8038,0.1087,7,2,V,6
505,V,K,-4.459,0.6322,5,2,V,6
505,V,L,-4.272,0.5643,8,2,V,6
505,V,M,-4.845,0.1407,6.5,2,V,6
505,V,N,-4.778,0.09405,1.5,2,V,6
505,V,P,-4.891,0.009192,2.5,2,V,6
505,V,Q,-4.895,0.07212,3,2,V,6
505,V,R,-4.919,,3,1,V,6
505,V,S,-4.951,0.02616,3,2,V,6
505,V,T,-4.902,0.08415,5,2,V,6
505,V,V,0,0,,2,V,6
505,V,W,-4.927,0.03111,5,2,V,6
505,V,Y,-4.851,0.1301,5.5,2,V,6
506,Y,*,-4.976,,1.5,1,Y,6
506,Y,-,-3.088,1.191,5.5,2,Y,6
506,Y,A,-4.812,0.1039,4,2,Y,6
506,Y,C,-3.001,2.697,3.5,2,Y,6
506,Y,D,-4.954,0.06718,5,2,Y,6
506,Y,E,-4.956,0.07566,5.5,2,Y,6
506,Y,F,-2.22,2.772,4,2,Y,6
506,Y,G,-4.918,0.0495,4.5,2,Y,6
506,Y,H,-3.931,0.1174,9,2,Y,6
506,Y,I,0.1336,0.02114,5,2,Y,6
506,Y,K,-4.835,0.1011,5.5,2,Y,6
506,Y,L,-0.9519,0.966,7,2,Y,6
506,Y,M,-4.494,0.6817,3.5,2,Y,6
506,Y,N,-4.878,0.01626,7,2,Y,6
506,Y,P,-4.816,,2.5,1,Y,6
506,Y,Q,-4.912,,3,1,Y,6
506,Y,R,-4.799,0.1768,3.5,2,Y,6
506,Y,S,-4.921,0.04243,6,2,Y,6
506,Y,T,-4.334,,3.5,1,Y,6
506,Y,V,-0.2068,0.3953,4,2,Y,6
506,Y,W,-1.728,0.9765,7,2,Y,6
506,Y,Y,0,0,,2,Y,6
507,Q,*,-4.633,0.4151,3,2,Q,6
507,Q,-,-1.38,0.8762,5.5,2,Q,6
507,Q,A,-2.406,3.276,1.5,2,Q,6
507,Q,C,-4.921,0.08415,8,2,Q,6
507,Q,D,-0.7012,0.7379,4.5,2,Q,6
507,Q,E,-1.382,0.8438,5.5,2,Q,6
507,Q,F,-4.921,0.02546,6,2,Q,6
507,Q,G,-0.4738,0.9012,5,2,Q,6
507,Q,H,-0.2853,0.645,5.5,2,Q,6
507,Q,I,-4.659,,1.5,1,Q,6
507,Q,K,0.09648,0.005685,11.5,2,Q,6
507,Q,L,-4.961,0.07142,4,2,Q,6
507,Q,M,-2.425,0.02899,4,2,Q,6
507,Q,N,-0.0656,0.2959,6,2,Q,6
507,Q,P,-4.947,0.04525,2,2,Q,6
507,Q,Q,0,0,,2,Q,6
507,Q,R,0.1438,0.005869,5.5,2,Q,6
507,Q,S,-0.7093,0.208,2,2,Q,6
507,Q,T,-4.947,0.08485,4.5,2,Q,6
507,Q,V,-4.92,0.02687,5,2,Q,6
507,Q,W,-4.957,0.007778,4.5,2,Q,6
507,Q,Y,-4.623,0.3557,3.5,2,Q,6
508,Q,*,-0.2817,,1,1,Q,6
508,Q,-,-0.2093,0.3864,4.5,2,Q,6
508,Q,A,-0.4922,0.3351,2.5,2,Q,6
508,Q,C,-3.155,2.147,6,2,Q,6
508,Q,D,-0.2977,0.3815,6,2,Q,6
508,Q,E,-1.367,2.13,2,2,Q,6
508,Q,F,-4.67,0.116,5,2,Q,6
508,Q,G,-0.829,1.36,4.5,2,Q,6
508,Q,H,-0.5046,0.3377,13,2,Q,6
508,Q,I,-2.581,3.308,4.5,2,Q,6
508,Q,K,-0.1668,0.4173,5,2,Q,6
508,Q,L,-4.492,0.6322,8,2,Q,6
508,Q,M,-0.1356,0.09565,4,2,Q,6
508,Q,N,-1.515,1.858,4,2,Q,6
508,Q,P,-4.696,0.1987,5,2,Q,6
508,Q,Q,0,0,,2,Q,6
508,Q,R,-0.7162,0.8723,5.5,2,Q,6
508,Q,S,0.03043,0.1473,5.5,2,Q,6
508,Q,T,-2.34,0.5148,4.5,2,Q,6
508,Q,V,-4.902,0.008485,4.5,2,Q,6
508,Q,W,-4.91,0.03111,4,2,Q,6
508,Q,Y,-4.891,0.06576,4,2,Q,6
509,A,-,0.102,0.04827,4,2,A,6
509,A,A,0,0,,2,A,6
509,A,C,-0.7594,0.5807,3.5,2,A,6
509,A,D,-3.064,0.623,6,2,A,6
509,A,E,-0.846,0.4836,4.5,2,A,6
509,A,F,-3.611,0.7149,6,2,A,6
509,A,G,-2.134,0.6541,2,2,A,6
509,A,H,0.1508,0.0326,3.5,2,A,6
509,A,I,-0.4506,0.4172,5.5,2,A,6
509,A,K,-0.2829,0.4235,4,2,A,6
509,A,L,-1.462,1.113,4,2,A,6
509,A,M,-0.0206,0.1795,7.5,2,A,6
509,A,N,-0.4677,0.8871,2.5,2,A,6
509,A,P,-3.801,1.544,3.5,2,A,6
509,A,Q,-0.1715,0.4282,5,2,A,6
509,A,R,0.07619,0.02642,3,2,A,6
509,A,S,-0.0719,0.2308,15.5,2,A,6
509,A,T,-0.4094,0.122,7,2,A,6
509,A,V,-0.212,0.08457,5,2,A,6
509,A,W,-4.924,0.04243,3,2,A,6
509,A,Y,-2.981,0.7707,6.5,2,A,6
510,V,-,0.1092,0.05023,4,2,V,6
510,V,A,-4.845,0.03111,6,2,V,6
510,V,C,-4.896,0.00495,6.5,2,V,6
510,V,D,-4.923,,2,1,V,6
510,V,E,-4.829,0.1414,6.5,2,V,6
510,V,F,-4.718,0.09546,3.5,2,V,6
510,V,G,-4.501,0.5586,4,2,V,6
510,V,H,-4.979,0.002121,2,2,V,6
510,V,I,0.007835,0.1279,4,2,V,6
510,V,K,-4.886,0.05657,6.5,2,V,6
510,V,L,-1.234,0.756,7.5,2,V,6
510,V,M,-4.678,0.1838,17.5,2,V,6
510,V,N,-4.439,0.5473,2,2,V,6
510,V,P,-4.901,0.1004,6.5,2,V,6
510,V,Q,-4.88,0.04243,3,2,V,6
510,V,R,-4.632,0.3521,3.5,2,V,6
510,V,S,-2.273,3.307,3,2,V,6
510,V,T,-4.892,0.003536,4,2,V,6
510,V,V,0,0,,2,V,6
510,V,W,-4.605,0.4137,3,2,V,6
510,V,Y,-4.919,0.04667,4,2,V,6
511,V,-,-0.1907,0.4257,3.5,2,V,6
511,V,A,-4.724,0.2638,7.5,2,V,6
511,V,C,-4.947,0.03323,5,2,V,6
511,V,D,-2.627,2.73,2.5,2,V,6
511,V,E,-4.933,0.04667,5,2,V,6
511,V,F,-4.682,0.35,5,2,V,6
511,V,G,-4.899,0.06576,2,2,V,6
511,V,H,-4.95,0.007071,3.5,2,V,6
511,V,I,-0.4045,0.6818,5.5,2,V,6
511,V,K,-4.681,0.02475,3.5,2,V,6
511,V,L,-2.281,0.009899,8.5,2,V,6
511,V,M,-4.604,0.009192,8.5,2,V,6
511,V,N,-4.96,0.01626,6.5,2,V,6
511,V,P,-4.716,0.3719,3.5,2,V,6
511,V,Q,-4.641,0.3748,2,2,V,6
511,V,R,-4.828,0.1952,2.5,2,V,6
511,V,S,-4.922,0.09617,2,2,V,6
511,V,T,-4.954,0.08202,5,2,V,6
511,V,V,0,0,,2,V,6
511,V,W,-4.727,0.3168,4,2,V,6
511,V,Y,-4.79,0.1379,3,2,V,6
512,G,-,-0.1876,0.006718,4,2,G,6
512,G,A,-3.778,0.7333,8.5,2,G,6
512,G,C,-4.915,0.05728,14.5,2,G,6
512,G,D,-4.718,0.2531,10.5,2,G,6
512,G,E,-4.991,0.02687,7,2,G,6
512,G,F,-4.935,0.03818,9,2,G,6
512,G,G,0,0,,2,G,6
512,G,H,-4.932,0.0495,6.5,2,G,6
512,G,I,-2.825,2.708,3,2,G,6
512,G,K,-4.947,0.06293,5,2,G,6
512,G,L,-4.891,0.02121,6,2,G,6
512,G,M,-3.741,1.669,9,2,G,6
512,G,N,-4.899,0.1075,2.5,2,G,6
512,G,P,-4.934,0.01626,5.5,2,G,6
512,G,Q,-4.984,0.02475,4,2,G,6
512,G,R,-4.428,0.1541,6,2,G,6
512,G,S,-4.962,0.009192,9.5,2,G,6
512,G,T,-4.917,0.02475,7,2,G,6
512,G,V,-4.855,0.1414,15,2,G,6
512,G,W,-4.937,0.02616,6,2,G,6
512,G,Y,-4.967,0.06293,6.5,2,G,6
513,A,-,-2.099,3.103,4.5,2,A,6
513,A,A,0,0,,2,A,6
513,A,C,-4.339,0.4214,5,2,A,6
513,A,D,-4.877,0.1881,7.5,2,A,6
513,A,E,-4.923,0.009899,3.5,2,A,6
513,A,F,-4.927,0.09758,4.5,2,A,6
513,A,G,-4.917,0.03182,4.5,2,A,6
513,A,H,-4.993,0.02263,5.5,2,A,6
513,A,I,-2.657,1.138,6,2,A,6
513,A,K,-4.942,0.07283,2.5,2,A,6
513,A,L,-4.979,0,5,2,A,6
513,A,M,-1.288,0.1577,8.5,2,A,6
513,A,N,-4.963,0.01626,6.5,2,A,6
513,A,P,-4.954,0.03606,7,2,A,6
513,A,Q,-4.553,0.5339,2.5,2,A,6
513,A,R,-4.875,0.00495,4,2,A,6
513,A,S,-4.824,0.08344,12,2,A,6
513,A,T,-4.803,0.03889,17,2,A,6
513,A,V,0.0294,0.1252,11,2,A,6
513,A,W,-4.628,0.3762,4,2,A,6
513,A,Y,-4.944,0.03889,2.5,2,A,6
514,M,-,-0.3414,0.2263,3,2,M,6
514,M,A,-2.486,0.1421,2,2,M,6
514,M,C,-1.341,2.029,5.5,2,M,6
514,M,D,-3.87,1.442,2.5,2,M,6
514,M,E,-4.915,0.05728,5.5,2,M,6
514,M,F,-0.0885,0.1895,6.5,2,M,6
514,M,G,-4.949,0.02404,4.5,2,M,6
514,M,H,-4.891,0.005657,2.5,2,M,6
514,M,I,0.1367,0,12,2,M,6
514,M,K,-4.935,0.1089,4.5,2,M,6
514,M,L,-2.322,3.481,3,2,M,6
514,M,M,0,0,,2,M,6
514,M,N,-4.873,0.04101,7.5,2,M,6
514,M,P,-4.963,0.01131,6,2,M,6
514,M,Q,-4.942,0.04031,6,2,M,6
514,M,R,-4.995,0.02333,3.5,2,M,6
514,M,S,-4.962,0.01556,6,2,M,6
514,M,T,-4.915,0.08132,10,2,M,6
514,M,V,-0.3685,0.6216,6,2,M,6
514,M,W,-2.188,0.07142,5.5,2,M,6
514,M,Y,-4.827,0.1796,4.5,2,M,6
515,L,-,-0.6457,1.007,3,2,L,6
515,L,A,-4.824,,1.5,1,L,6
515,L,C,-1.483,0.09546,7,2,L,6
515,L,D,-4.899,0.1068,5,2,L,6
515,L,E,-4.137,1.165,4,2,L,6
515,L,F,-4.297,0.5119,9.5,2,L,6
515,L,G,-4.641,0.1966,3,2,L,6
515,L,H,-3.903,1.168,5,2,L,6
515,L,I,-0.1846,0.4574,3.5,2,L,6
515,L,K,-4.132,1.103,4,2,L,6
515,L,L,0,0,,2,L,6
515,L,M,0.1152,0.007283,7.5,2,L,6
515,L,N,-4.771,0.1054,5.5,2,L,6
515,L,P,-4.902,0.01909,6,2,L,6
515,L,Q,-1.114,0.4774,8,2,L,6
515,L,R,-1.072,0.5939,7.5,2,L,6
515,L,S,-0.222,0.5035,5,2,L,6
515,L,T,-0.4605,0.01584,2.5,2,L,6
515,L,V,0.05656,0.1531,2,2,L,6
515,L,W,-4.718,0.2701,6.5,2,L,6
515,L,Y,-4.216,0.3635,7.5,2,L,6
516,S,-,-0.1346,0.06302,3,2,S,6
516,S,A,-0.2412,0.03239,3,2,S,6
516,S,C,-0.7592,0.4564,3,2,S,6
516,S,D,-4.872,0.0007071,5.5,2,S,6
516,S,E,-4.902,,4,1,S,6
516,S,F,-1.174,0.1739,4,2,S,6
516,S,G,-0.09485,0.3292,4,2,S,6
516,S,H,-0.3302,0.652,4.5,2,S,6
516,S,I,-1.99,1.499,4,2,S,6
516,S,K,-3.438,1.164,6,2,S,6
516,S,L,-1.376,0.7641,7.5,2,S,6
516,S,M,-0.7634,0.7334,6.5,2,S,6
516,S,N,-1.634,0.28,9.5,2,S,6
516,S,P,-1.502,0.3606,3.5,2,S,6
516,S,Q,-4.266,0.6569,10.5,2,S,6
516,S,R,-2.089,0.2517,9.5,2,S,6
516,S,S,0,0,,2,S,6
516,S,T,0.06414,0.08833,3.5,2,S,6
516,S,V,-2.341,2.279,2.5,2,S,6
516,S,W,-3.228,1.068,4.5,2,S,6
516,S,Y,-1.864,1.642,4,2,S,6
517,E,*,-4.852,0.04525,10,2,E,6
517,E,-,-0.2644,0.2863,3.5,2,E,6
517,E,A,0.0419,0.08711,7,2,E,6
517,E,C,-2.367,0.1386,6,2,E,6
517,E,D,0.1012,0.015,15,2,E,6
517,E,E,0,0,,2,E,6
517,E,F,-1.178,0.05515,7,2,E,6
517,E,G,0.141,0.001626,5,2,E,6
517,E,H,-0.1087,0.005445,5.5,2,E,6
517,E,I,-1.354,0.5581,6.5,2,E,6
517,E,K,-0.5133,0.2641,10.5,2,E,6
517,E,L,-2.416,0.8429,5.5,2,E,6
517,E,M,-0.3776,0.09157,7,2,E,6
517,E,N,-0.2472,0.2444,3.5,2,E,6
517,E,P,-4.989,0.03182,3,2,E,6
517,E,Q,-0.5649,0.5158,3,2,E,6
517,E,R,-0.8969,1.298,4,2,E,6
517,E,S,-0.06008,0.1437,7.5,2,E,6
517,E,T,-0.1981,0.2968,6,2,E,6
517,E,V,-0.4154,0.8337,7,2,E,6
517,E,W,-2.137,0.3988,4,2,E,6
517,E,Y,0.1299,0.01344,2.5,2,E,6
518,N,-,-0.2836,0.3645,3,2,N,6
518,N,A,-1.587,0.4971,4.5,2,N,6
518,N,C,-4.942,0.03677,3.5,2,N,6
518,N,D,-4.249,0.2892,6.5,2,N,6
518,N,E,-0.2071,0.09037,2.5,2,N,6
518,N,F,-4.939,0.06293,7.5,2,N,6
518,N,G,-2.75,0.4561,3.5,2,N,6
518,N,H,-3.047,0.0594,7,2,N,6
518,N,I,-4.848,0.1322,5.5,2,N,6
518,N,K,-1.469,0.05869,7,2,N,6
518,N,L,-4.882,0.04667,1.5,2,N,6
518,N,M,-3.945,0.5791,4.5,2,N,6
518,N,N,0,0,,2,N,6
518,N,P,-0.01785,0.2184,4.5,2,N,6
518,N,Q,-3.148,2.257,5,2,N,6
518,N,R,-1.038,0.3089,4,2,N,6
518,N,S,-1.879,0.8245,2,2,N,6
518,N,T,-4.453,0.1817,11,2,N,6
518,N,V,-4.958,0.02475,16.5,2,N,6
518,N,W,-4.796,0.2729,4.5,2,N,6
518,N,Y,-4.691,0.08556,8,2,N,6
519,F,-,-0.3015,0.592,3,2,F,6
519,F,A,0.1529,,1.5,1,F,6
519,F,C,-0.6241,0.3932,4,2,F,6
519,F,D,0.07782,0.06121,4.5,2,F,6
519,F,E,0.1296,0.04962,4,2,F,6
519,F,F,0,0,,2,F,6
519,F,G,0.1171,0.03044,4.5,2,F,6
519,F,H,-0.2732,0.6145,3,2,F,6
519,F,I,0.1507,0.01747,3.5,2,F,6
519,F,K,0.1036,0.07094,3.5,2,F,6
519,F,L,0.08192,0.03307,8.5,2,F,6
519,F,M,0.1411,0.02468,3,2,F,6
519,F,N,-0.061,0.2367,3,2,F,6
519,F,P,-4.611,0.111,3.5,2,F,6
519,F,Q,0.08043,0.1296,2,2,F,6
519,F,R,-0.03735,0.2903,4,2,F,6
519,F,S,0.1211,0.04613,8.5,2,F,6
519,F,T,0.1567,0.02326,2.5,2,F,6
519,F,V,0.1132,0.02269,5.5,2,F,6
519,F,W,-0.5021,0.8907,5,2,F,6
519,F,Y,0.08981,0.1024,1.5,2,F,6
520,T,-,-0.503,0.8881,3.5,2,T,6
520,T,A,-0.3092,0.5959,4,2,T,6
520,T,C,-3.683,1.708,3.5,2,T,6
520,T,D,-0.7958,0.679,5,2,T,6
520,T,E,-1.953,0.009192,4.5,2,T,6
520,T,F,-2.487,2.109,4,2,T,6
520,T,G,-1.161,1.597,5.5,2,T,6
520,T,H,-1.305,0.493,4,2,T,6
520,T,I,-2.577,0.7969,8,2,T,6
520,T,K,-0.3491,0.4446,3,2,T,6
520,T,L,-3.49,2.106,4.5,2,T,6
520,T,M,-2.13,0.3684,6.5,2,T,6
520,T,N,0.1254,0.002828,4,2,T,6
520,T,P,-0.2299,0.08521,4,2,T,6
520,T,Q,-0.1312,,4,1,T,6
520,T,R,-1.445,1.289,3.5,2,T,6
520,T,S,0.09434,0.05864,3.5,2,T,6
520,T,T,0,0,,2,T,6
520,T,V,-3.28,1.294,3,2,T,6
520,T,W,-4.419,0.04384,5.5,2,T,6
520,T,Y,-1.107,1.224,2.5,2,T,6
521,S,-,-0.6336,0.2811,4.5,2,S,6
521,S,A,0.1516,0.01973,3.5,2,S,6
521,S,C,-1.164,0.5648,3.5,2,S,6
521,S,D,-0.7645,0.5338,5.5,2,S,6
521,S,E,-0.8806,,1,1,S,6
521,S,F,-0.6286,,3,1,S,6
521,S,G,0.05845,0.09087,6,2,S,6
521,S,H,0.07193,0.0766,4,2,S,6
521,S,I,-0.9163,0.077,9,2,S,6
521,S,K,-0.2617,0.593,4.5,2,S,6
521,S,L,-0.6038,0.3154,5,2,S,6
521,S,M,-0.7583,0.1981,6.5,2,S,6
521,S,N,-1.903,2.423,5.5,2,S,6
521,S,P,-0.8184,0.05176,3,2,S,6
521,S,Q,-1.31,1.536,2.5,2,S,6
521,S,R,0.1327,0.0123,4,2,S,6
521,S,S,0,0,,2,S,6
521,S,T,-1.925,2.804,1,2,S,6
521,S,V,-1.732,1.027,5,2,S,6
521,S,W,-2.024,0.01838,8.5,2,S,6
521,S,Y,-0.4414,0.3665,5.5,2,S,6
522,Y,*,-4.775,,1.5,1,Y,6
522,Y,-,-0.2617,0.209,4.5,2,Y,6
522,Y,A,-4.929,0.1011,2.5,2,Y,6
522,Y,C,-4.957,0.01768,6,2,Y,6
522,Y,D,-4.864,0.1032,2.5,2,Y,6
522,Y,E,-4.802,0.1846,3,2,Y,6
522,Y,F,-3.046,0.9928,6,2,Y,6
522,Y,G,-4.897,0.002121,2.5,2,Y,6
522,Y,H,-4.386,0.4723,3,2,Y,6
522,Y,I,-4.894,0.1315,4,2,Y,6
522,Y,K,-4.809,0.2284,5,2,Y,6
522,Y,L,-2.744,0.4299,4.5,2,Y,6
522,Y,M,-2.329,0.6718,7.5,2,Y,6
522,Y,N,-4.684,0.1895,4.5,2,Y,6
522,Y,P,-4.877,0.0007071,3.5,2,Y,6
522,Y,Q,-4.664,0.2814,4,2,Y,6
522,Y,R,-3.628,0.3281,5.5,2,Y,6
522,Y,S,-4.901,0.09475,4,2,Y,6
522,Y,T,-4.885,,1,1,Y,6
522,Y,V,-4.932,0.1004,4,2,Y,6
522,Y,W,-3.976,1.447,4.5,2,Y,6
522,Y,Y,0,0,,2,Y,6
523,G,-,-0.6349,0.1439,4,2,G,6
523,G,A,-2.816,0.6809,7,2,G,6
523,G,C,-4.96,0.06293,16.5,2,G,6
523,G,D,-0.249,0.4382,9,2,G,6
523,G,E,-2.142,0.4822,4,2,G,6
523,G,F,-4.909,0.06152,6,2,G,6
523,G,G,0,0,,2,G,6
523,G,H,-1.976,0.7863,3,2,G,6
523,G,I,-4.689,0.1633,8,2,G,6
523,G,K,-2.391,2.934,3,2,G,6
523,G,L,-4.959,0.01909,10,2,G,6
523,G,M,-4.834,0.1909,6,2,G,6
523,G,N,-1.379,0.536,3.5,2,G,6
523,G,P,-2.414,0.3479,3,2,G,6
523,G,Q,-1.985,0.8125,5.5,2,G,6
523,G,R,-4.13,0.7934,4,2,G,6
523,G,S,-2.385,0.326,7.5,2,G,6
523,G,T,-3.692,1.009,6,2,G,6
523,G,V,-4.899,0.06435,12,2,G,6
523,G,W,-4.932,0.04101,5.5,2,G,6
523,G,Y,-3.118,1.813,4.5,2,G,6
524,F,-,0.002255,0.03912,3,2,F,6
524,F,A,-4.909,0.01626,4.5,2,F,6
524,F,C,-4.926,0.1181,4.5,2,F,6
524,F,D,-4.18,,2.5,1,F,6
524,F,E,-4.824,0.1018,1.5,2,F,6
524,F,F,0,0,,2,F,6
524,F,G,-2.771,3.116,1.5,2,F,6
524,F,H,-4.885,0.1131,7.5,2,F,6
524,F,I,-4.957,0.0502,3.5,2,F,6
524,F,K,-4.97,0.0601,7,2,F,6
524,F,L,-2.454,0.9355,13,2,F,6
524,F,M,-3.725,0.4356,4,2,F,6
524,F,N,-4.923,0.009192,7,2,F,6
524,F,P,-4.609,0.413,5.5,2,F,6
524,F,Q,-4.96,0.02333,3.5,2,F,6
524,F,R,-4.88,0.01344,2,2,F,6
524,F,S,-4.97,0.01202,7,2,F,6
524,F,T,-4.928,0.05303,5,2,F,6
524,F,V,-4.954,0.01061,7.5,2,F,6
524,F,W,-4.884,0.002828,2.5,2,F,6
524,F,Y,-4.672,0.01697,7,2,F,6
525,S,-,-0.5836,0.9977,2.5,2,S,6
525,S,A,-0.2928,0.5771,3.5,2,S,6
525,S,C,-1.492,0.3656,7.5,2,S,6
525,S,D,-0.2561,0.5786,4.5,2,S,6
525,S,E,-0.2479,0.595,3.5,2,S,6
525,S,F,-1.307,0.5119,6,2,S,6
525,S,G,-1.343,0.8649,10.5,2,S,6
525,S,H,0.001675,0.02099,3,2,S,6
525,S,I,-0.1211,0.0007071,7.5,2,S,6
525,S,K,-0.004025,0.002908,3.5,2,S,6
525,S,L,0.1381,0.02524,4,2,S,6
525,S,M,-0.03415,0.285,7.5,2,S,6
525,S,N,-0.2797,0.3956,11.5,2,S,6
525,S,P,-4.922,0.05233,4,2,S,6
525,S,Q,0.1276,0.005091,3,2,S,6
525,S,R,-0.06175,0.1778,8,2,S,6
525,S,S,0,0,,2,S,6
525,S,T,0.1008,0.04771,3,2,S,6
525,S,V,0.1446,0.02737,6.5,2,S,6
525,S,W,-1.938,0.4511,5,2,S,6
525,S,Y,-0.8642,1.224,4.5,2,S,6
526,N,-,-0.7596,0.8844,2,2,N,6
526,N,A,-2.628,0.4554,5.5,2,N,6
526,N,C,-4.988,0.01556,3,2,N,6
526,N,D,-4.077,1.133,5.5,2,N,6
526,N,E,-3.617,0.1952,2.5,2,N,6
526,N,F,-4.738,0.3026,8,2,N,6
526,N,G,-0.63,0.3847,5,2,N,6
526,N,H,-0.4702,0.5263,5.5,2,N,6
526,N,I,-3.115,0.4349,5,2,N,6
526,N,K,-0.3087,0.01103,6,2,N,6
526,N,L,-3.928,0.3592,4,2,N,6
526,N,M,-3.969,0.8436,3,2,N,6
526,N,N,0,0,,2,N,6
526,N,P,-4.905,0.03606,2.5,2,N,6
526,N,Q,-1.383,0.5851,5,2,N,6
526,N,R,-0.04823,,1.5,1,N,6
526,N,S,-0.4167,,2,1,N,6
526,N,T,0.0177,0.2131,2.5,2,N,6
526,N,V,-2.736,0.7771,9,2,N,6
526,N,W,-4.914,0.01838,4,2,N,6
526,N,Y,-1.341,1.471,5.5,2,N,6
527,V,-,-0.7737,0.5887,1.5,2,V,6
527,V,A,-4.868,0.1768,4.5,2,V,6
527,V,C,-4.916,0.1188,6,2,V,6
527,V,D,-4.847,,0.5,1,V,6
527,V,E,-4.383,0.7877,7.5,2,V,6
527,V,F,-3.392,0.6392,8.5,2,V,6
527,V,G,-4.8,0.1195,6,2,V,6
527,V,H,-4.099,1.095,4,2,V,6
527,V,I,-1.546,1.594,6,2,V,6
527,V,K,-4.879,0.03677,4,2,V,6
527,V,L,-1.367,0.1662,8,2,V,6
527,V,M,-1.322,0.3097,13.5,2,V,6
527,V,N,-4.817,0.0297,5,2,V,6
527,V,P,-4.739,0.03041,7,2,V,6
527,V,Q,-2.477,3.449,2,2,V,6
527,V,R,-4.956,0.02828,8,2,V,6
527,V,S,-4.923,0.111,3.5,2,V,6
527,V,T,-3.609,1.712,4.5,2,V,6
527,V,V,0,0,,2,V,6
527,V,W,-4.75,0.3069,4,2,V,6
527,V,Y,-4.489,0.5162,2.5,2,V,6
528,V,-,-1.792,2.707,1.5,2,V,6
528,V,A,-4.221,0.5112,8.5,2,V,6
528,V,C,-4.484,0.006364,4.5,2,V,6
528,V,D,-4.877,0.04172,9.5,2,V,6
528,V,E,-4.894,0.04243,5,2,V,6
528,V,F,-3.439,0.9086,6.5,2,V,6
528,V,G,-4.941,0.01202,9,2,V,6
528,V,H,-1.565,0.3408,5,2,V,6
528,V,I,0.08604,0.02215,8,2,V,6
528,V,K,-0.2614,0.5204,3.5,2,V,6
528,V,L,-0.7959,0.7454,5,2,V,6
528,V,M,-0.9178,1.31,5.5,2,V,6
528,V,N,-3.62,1.56,2.5,2,V,6
528,V,P,-4.967,0.05586,2.5,2,V,6
528,V,Q,-2.669,0.4752,4,2,V,6
528,V,R,0.1333,0.02708,4,2,V,6
528,V,S,-4.011,0.1541,4,2,V,6
528,V,T,-1.94,0.8874,3,2,V,6
528,V,V,0,0,,2,V,6
528,V,W,-4.417,0.461,8.5,2,V,6
528,V,Y,-2.195,0.1853,7.5,2,V,6
529,E,*,-4.941,0.05798,14,2,E,6
529,E,-,-1.437,0.9975,1.5,2,E,6
529,E,A,-0.1526,0.0589,5.5,2,E,6
529,E,C,-4.924,0.03465,7,2,E,6
529,E,D,-3.176,0.4151,7,2,E,6
529,E,E,0,0,,2,E,6
529,E,F,-4.877,0.1888,2.5,2,E,6
529,E,G,-4.601,0.4052,4,2,E,6
529,E,H,-3.753,0.5805,4.5,2,E,6
529,E,I,-4.879,0.14,8,2,E,6
529,E,K,-2.473,0.3755,62,2,E,6
529,E,L,-4.633,0.2284,6,2,E,6
529,E,M,-3.551,0.7524,7,2,E,6
529,E,N,-3.941,0.9652,7.5,2,E,6
529,E,P,-2.824,1.37,4.5,2,E,6
529,E,Q,-2.574,,2,1,E,6
529,E,R,-3.662,1.257,5,2,E,6
529,E,S,-1.829,1.216,6.5,2,E,6
529,E,T,-1.33,0.9752,5,2,E,6
529,E,V,-3.049,1.85,6,2,E,6
529,E,W,-4.694,0.3132,3,2,E,6
529,E,Y,-4.936,0.0495,3,2,E,6
530,M,-,-0.2385,0.1882,1,2,L,6
530,M,A,-4.022,0.3974,3,2,L,6
530,M,C,-3.484,0.1428,6,2,L,6
530,M,D,-4.925,0.009192,6,2,L,6
530,M,E,-4.764,0.2213,5,2,L,6
530,M,F,0.0078,0.2085,4,2,L,6
530,M,G,-3.801,1.128,4,2,L,6
530,M,H,-1.712,0.35,5.5,2,L,6
530,M,I,-3.74,1.155,18,2,L,6
530,M,K,-3.244,0.7884,3.5,2,L,6
530,M,L,-0.9805,1.141,4,2,L,6
530,M,M,0,0,,2,L,6
530,M,N,-4.91,0.04243,4,2,L,6
530,M,P,-4.835,0.1379,6.5,2,L,6
530,M,Q,-3.088,1.394,4.5,2,L,6
530,M,R,-4.125,0.03889,4,2,L,6
530,M,S,-4.937,0.09405,5.5,2,L,6
530,M,T,-0.5198,0.9747,6,2,L,6
530,M,V,-3.854,0.4702,3,2,L,6
530,M,W,0.00055,0.1542,5,2,L,6
530,M,Y,-0.1255,0.333,5.5,2,L,6
531,P,*,-4.886,,0.5,1,P,6
531,P,-,-2.567,3.426,2,2,P,6
531,P,A,-0.7491,0.02949,7.5,2,P,6
531,P,C,-4.861,0.03748,7,2,P,6
531,P,D,-0.5209,0.9619,5,2,P,6
531,P,E,-0.4599,0.1263,3.5,2,P,6
531,P,F,-4.834,0.0693,2.5,2,P,6
531,P,G,-1.365,1.676,3,2,P,6
531,P,H,-1.015,0.4295,6,2,P,6
531,P,I,-4.912,0.1039,5.5,2,P,6
531,P,K,-0.9278,0.3751,6.5,2,P,6
531,P,L,-4.955,0.06647,11.5,2,P,6
531,P,M,-4.782,0.1966,6.5,2,P,6
531,P,N,-2.107,1.731,5,2,P,6
531,P,P,0,0,,2,P,6
531,P,Q,-0.5735,0.6851,17.5,2,P,6
531,P,R,-4.795,0.1365,2,2,P,6
531,P,S,-1.38,0.02828,10,2,P,6
531,P,T,-1.256,0.4562,12.5,2,P,6
531,P,V,-4.901,0.05233,3.5,2,P,6
531,P,W,-4.931,0.03041,6.5,2,P,6
531,P,Y,-4.938,0.06788,3.5,2,P,6
532,K,A,0.0976,1.052,1.5,2,K,7
532,K,C,-3.53,0.4943,3.5,2,K,7
532,K,D,-1.96,0.6442,4.5,2,K,7
532,K,E,-2.124,0.9857,4,2,K,7
532,K,F,0.3826,0.5212,4,2,K,7
532,K,G,-0.7713,0.7589,3.5,2,K,7
532,K,H,0.4305,0.004243,3.5,2,K,7
532,K,I,-2.369,0.1344,6,2,K,7
532,K,K,0,0,,2,K,7
532,K,L,-0.8475,1.075,4.5,2,K,7
532,K,M,-1.803,0.9666,6,2,K,7
532,K,N,-0.4001,0.5743,7.5,2,K,7
532,K,P,-0.9021,0.3506,3,2,K,7
532,K,Q,0.8316,,0.5,1,K,7
532,K,R,-0.6177,1.751,4,2,K,7
532,K,S,-0.1255,0.3488,5,2,K,7
532,K,T,-0.5242,1.8,2,2,K,7
532,K,V,-1.862,0.5289,2.5,2,K,7
532,K,W,0.03905,0.9479,2.5,2,K,7
532,K,Y,0.1631,0.9306,3,2,K,7
533,F,A,-4.846,0.1655,5,2,F,7
533,F,C,-4.88,0.08556,3,2,F,7
533,F,D,0.01876,,0.5,1,F,7
533,F,E,-4.756,0.3083,3.5,2,F,7
533,F,F,0,0,,2,F,7
533,F,G,-1.508,3.214,2,2,F,7
533,F,H,-4.729,0.1245,2,2,F,7
533,F,I,-4.893,0.07849,2.5,2,F,7
533,F,K,-4.453,0.7538,3,2,F,7
533,F,L,-4.624,0.4504,4,2,F,7
533,F,M,-4.38,0.2977,4.5,2,F,7
533,F,N,-4.399,0.2242,2.5,2,F,7
533,F,P,-4.766,0.03606,3,2,F,7
533,F,Q,-4.88,0.07071,3,2,F,7
533,F,R,-4.895,0.0898,3,2,F,7
533,F,S,-4.864,0.1633,7.5,2,F,7
533,F,T,-4.876,0.07495,1,2,F,7
533,F,V,-3.938,1.402,3,2,F,7
533,F,W,-0.2497,0.2039,3,2,F,7
533,F,Y,-4.046,0.5353,6.5,2,F,7
534,F,A,-4.857,0.1775,3.5,2,F,7
534,F,C,-4.924,0.1146,2,2,F,7
534,F,D,-4.717,0.1669,5,2,F,7
534,F,E,-4.183,1.054,3,2,F,7
534,F,F,0,0,,2,F,7
534,F,G,-4.891,0.08132,2,2,F,7
534,F,H,-4.428,0.8167,2,2,F,7
534,F,I,-4.886,0.06435,3.5,2,F,7
534,F,K,-4.962,,0.5,1,F,7
534,F,L,-4.851,0.1803,11.5,2,F,7
534,F,M,-4.961,,2,1,F,7
534,F,N,-4.92,0.08556,6,2,F,7
534,F,P,-4.804,0.1966,5,2,F,7
534,F,Q,-4.901,0.07707,4,2,F,7
534,F,R,-4.913,0.1301,3.5,2,F,7
534,F,S,-4.607,0.5579,11,2,F,7
534,F,T,-4.869,0.1598,4.5,2,F,7
534,F,V,-4.788,0.2666,5.5,2,F,7
534,F,W,-0.4755,0.1792,4.5,2,F,7
534,F,Y,-0.04085,0.5304,5.5,2,F,7
535,Y,*,-3.109,,0.5,1,Y,7
535,Y,A,-4.413,,1,1,Y,7
535,Y,C,-4.914,0.09334,3.5,2,Y,7
535,Y,D,-4.743,0.3465,1,2,Y,7
535,Y,E,-4.687,0.4094,3,2,Y,7
535,Y,F,-4.887,0.1669,4,2,Y,7
535,Y,G,-2.883,2.965,5,2,Y,7
535,Y,H,-4.787,0.1372,7,2,Y,7
535,Y,I,-4.87,0.08485,5.5,2,Y,7
535,Y,K,-4.11,1.164,2,2,Y,7
535,Y,L,-4.934,,1.5,1,Y,7
535,Y,M,-4.898,0.07637,5,2,Y,7
535,Y,N,-4.348,0.8485,4.5,2,Y,7
535,Y,P,-4.909,0.1308,4.5,2,Y,7
535,Y,Q,-4.902,0.1351,4.5,2,Y,7
535,Y,R,-4.713,0.1994,3.5,2,Y,7
535,Y,S,-4.924,0.09334,2.5,2,Y,7
535,Y,T,-4.92,0.1259,2.5,2,Y,7
535,Y,V,-4.938,0.09829,5,2,Y,7
535,Y,W,0.104,0.1647,3,2,Y,7
535,Y,Y,0,0,,2,Y,7
536,A,-,-3.652,,0.5,1,A,7
536,A,A,0,0,,2,A,7
536,A,C,-4.913,0.06859,5.5,2,A,7
536,A,D,-4.864,0.1846,6,2,A,7
536,A,E,-4.655,0.4561,5,2,A,7
536,A,F,-1.847,1.478,1,2,A,7
536,A,G,-4.347,0.9334,6,2,A,7
536,A,H,-0.1532,,1,1,A,7
536,A,I,-4.899,0.145,3,2,A,7
536,A,K,-4.817,,0.5,1,A,7
536,A,L,-4.721,0.3104,3.5,2,A,7
536,A,M,-2.279,3.757,2.5,2,A,7
536,A,N,-4.928,0.08485,3.5,2,A,7
536,A,P,-4.89,0.1018,4.5,2,A,7
536,A,Q,-4.725,,0.5,1,A,7
536,A,R,-4.107,0.1648,4,2,A,7
536,A,S,-3.016,0.3995,6.5,2,A,7
536,A,T,-0.7764,0.1104,5,2,A,7
536,A,V,-2.462,0.3663,7,2,A,7
536,A,W,-0.7178,,2,1,A,7
536,A,Y,-3.187,1.155,1.5,2,A,7
537,S,-,-2.405,,0.5,1,S,7
537,S,A,-4.929,0.0891,5,2,S,7
537,S,C,-4.902,0.06576,5.5,2,S,7
537,S,D,-4.845,0.2277,2,2,S,7
537,S,E,-4.552,,1,1,S,7
537,S,F,-4.805,0.2447,4.5,2,S,7
537,S,G,-4.486,0.618,3.5,2,S,7
537,S,H,0.7625,0.07007,2,2,S,7
537,S,I,-4.889,0.04101,7,2,S,7
537,S,K,-4.928,,1,1,S,7
537,S,L,-4.873,0.1626,3.5,2,S,7
537,S,M,-4.978,,2,1,S,7
537,S,N,-0.4007,0.73,2,2,S,7
537,S,P,-4.887,0.07354,2,2,S,7
537,S,Q,-4.929,0.1131,2.5,2,S,7
537,S,R,-4.965,,3,1,S,7
537,S,S,0,0,,2,S,7
537,S,T,-0.2534,0.1682,1.5,2,S,7
537,S,V,-4.905,0.06647,4,2,S,7
537,S,W,-4.138,0.04101,4.5,2,S,7
537,S,Y,-2.889,2.58,2.5,2,S,7
538,N,A,-4.819,,0.5,1,N,7
538,N,C,-4.802,0.2029,3,2,N,7
538,N,D,-3.006,2.297,4.5,2,N,7
538,N,E,-4.891,0.08061,5,2,N,7
538,N,F,-4.911,0.0601,4,2,N,7
538,N,G,-4.867,0.0898,3,2,N,7
538,N,H,-4.577,0.5777,6.5,2,N,7
538,N,I,-4.877,0.08344,3,2,N,7
538,N,K,-4.75,0.3295,4.5,2,N,7
538,N,L,-4.98,,2,1,N,7
538,N,M,-4.566,0.5431,4.5,2,N,7
538,N,N,0,0,,2,N,7
538,N,P,-4.902,0.1138,6,2,N,7
538,N,Q,-4.831,0.03818,3,2,N,7
538,N,R,-4.668,0.3415,2.5,2,N,7
538,N,S,-4.882,0.1506,5.5,2,N,7
538,N,T,-4.929,,1,1,N,7
538,N,V,-4.877,0.07283,6,2,N,7
538,N,W,-4.883,0.0898,5,2,N,7
538,N,Y,-4.542,0.1945,6.5,2,N,7
539,G,*,-4.913,0.1329,5,2,G,7
539,G,A,-4.72,0.1534,4,2,G,7
539,G,C,-4.904,0.1068,4.5,2,G,7
539,G,D,-4.927,,0.5,1,G,7
539,G,E,-4.814,0.07283,23.5,2,G,7
539,G,F,-4.962,,2.5,1,G,7
539,G,G,0,0,,2,G,7
539,G,H,-4.889,0.05515,3.5,2,G,7
539,G,I,-4.877,0.0799,3.5,2,G,7
539,G,K,-4.886,0.1117,3,2,G,7
539,G,L,-4.909,0.05869,5,2,G,7
539,G,M,-2.123,3.27,1.5,2,G,7
539,G,N,-4.825,0.0396,3.5,2,G,7
539,G,P,-4.963,,3.5,1,G,7
539,G,Q,-4.863,0.1089,2.5,2,G,7
539,G,R,-4.903,0.07354,10.5,2,G,7
539,G,S,-4.911,0.1344,3,2,G,7
539,G,T,-4.915,0.0891,6,2,G,7
539,G,V,-4.813,0.01273,9.5,2,G,7
539,G,W,-4.89,0.07142,4,2,G,7
539,G,Y,-4.924,0.1174,2.5,2,G,7
540,T,A,0.5288,0.1521,2.5,2,T,7
540,T,C,-4.899,0.1138,4,2,T,7
540,T,D,-2.772,1.933,2,2,T,7
540,T,E,-0.4678,0.2111,4,2,T,7
540,T,F,-1.572,1.577,1.5,2,T,7
540,T,G,-1.213,,1,1,T,7
540,T,H,-0.7338,0.1358,4,2,T,7
540,T,I,-2.813,2.017,6,2,T,7
540,T,K,0.5116,,1.5,1,T,7
540,T,L,-1.194,0.8435,6.5,2,T,7
540,T,M,-2.208,2.633,2,2,T,7
540,T,N,-0.6775,0.6752,5.5,2,T,7
540,T,P,-4.036,,2,1,T,7
540,T,Q,-0.087,0.4912,3,2,T,7
540,T,R,-0.1868,0.3154,5,2,T,7
540,T,S,-0.3026,1.3,3,2,T,7
540,T,T,0,0,,2,T,7
540,T,V,-3.059,2.407,1.5,2,T,7
540,T,W,-2.234,1.855,3,2,T,7
540,T,Y,-1.729,0.524,5,2,T,7
541,Y,*,-2.99,1.281,1,2,Y,7
541,Y,A,-1.54,0.3246,2.5,2,Y,7
541,Y,C,-3.841,1.38,5,2,Y,7
541,Y,D,-2.874,2.66,3,2,Y,7
541,Y,E,-0.3248,1.192,5,2,Y,7
541,Y,F,-0.088,1.094,2.5,2,Y,7
541,Y,G,0.2306,0.63,1.5,2,Y,7
541,Y,H,-2.329,0.1216,3,2,Y,7
541,Y,I,-4.646,0.4271,3,2,Y,7
541,Y,K,-1.744,0.7835,4,2,Y,7
541,Y,L,-3.654,0.3309,3,2,Y,7
541,Y,M,-0.1819,,0.5,1,Y,7
541,Y,N,-0.1689,1.014,3.5,2,Y,7
541,Y,P,-3.11,,1,1,Y,7
541,Y,Q,0.6884,0.0671,3.5,2,Y,7
541,Y,R,-2.287,1.414,2.5,2,Y,7
541,Y,S,-0.3973,,1,1,Y,7
541,Y,T,-1.577,1.131,3.5,2,Y,7
541,Y,V,-4.487,0.314,5,2,Y,7
541,Y,W,-0.5195,0.04045,2,2,Y,7
541,Y,Y,0,0,,2,Y,7
542,N,A,-1.353,0.6136,5.5,2,N,7
542,N,C,-2.316,3.692,1.5,2,N,7
542,N,D,-1.036,0.03748,3,2,N,7
542,N,E,-2.127,0.7559,4,2,N,7
542,N,F,-4.902,0.09263,4.5,2,N,7
542,N,G,-1.519,1.553,2,2,N,7
542,N,H,-2.488,0.2249,3,2,N,7
542,N,I,-4.817,0.1556,4.5,2,N,7
542,N,K,-1.742,0.6428,5.5,2,N,7
542,N,L,-4.703,0.3422,4.5,2,N,7
542,N,M,-3.72,0.3444,1.5,2,N,7
542,N,N,0,0,,2,N,7
542,N,P,-2.892,0.7842,5,2,N,7
542,N,Q,-0.7659,1.117,4,2,N,7
542,N,R,-2.275,1.126,2,2,N,7
542,N,S,-2.651,3.073,2.5,2,N,7
542,N,T,-1.542,0.01909,2.5,2,N,7
542,N,V,-4.527,0.4066,2.5,2,N,7
542,N,W,-4.354,0.8415,3,2,N,7
542,N,Y,-4.894,0.116,6.5,2,N,7
543,C,*,-2.405,3.408,1,2,C,7
543,C,-,0.7621,,0.5,1,C,7
543,C,A,-4.883,0.09546,4,2,C,7
543,C,C,0,0,,2,C,7
543,C,D,-4.873,0.08202,3,2,C,7
543,C,E,-4.921,0.09405,4.5,2,C,7
543,C,F,-4.928,0.08697,10,2,C,7
543,C,G,-4.913,0.1358,4.5,2,C,7
543,C,H,-4.909,0.1336,1.5,2,C,7
543,C,I,-4.887,0.05586,3.5,2,C,7
543,C,K,-4.806,0.2737,7,2,C,7
543,C,L,-2.678,2.978,2,2,C,7
543,C,M,-4.636,0.2029,3,2,C,7
543,C,N,-4.882,0.09405,2,2,C,7
543,C,P,-2.941,2.809,2.5,2,C,7
543,C,Q,-3.673,1.797,3.5,2,C,7
543,C,R,-4.818,0.2036,7,2,C,7
543,C,S,-4.854,0.1294,3,2,C,7
543,C,T,-4.841,0.1138,4.5,2,C,7
543,C,V,-4.904,0.08415,3.5,2,C,7
543,C,W,-4.767,0.2121,3,2,C,7
543,C,Y,-4.864,0.0898,8.5,2,C,7
544,T,-,-0.7152,,0.5,1,T,7
544,T,A,-2.66,1.138,6,2,T,7
544,T,C,-0.5947,0.4204,2,2,T,7
544,T,D,-3.136,,1.5,1,T,7
544,T,E,-3.129,0.5374,2,2,T,7
544,T,F,-4.694,0.4434,5.5,2,T,7
544,T,G,-4.402,0.7007,4.5,2,T,7
544,T,H,-1.683,1.711,2.5,2,T,7
544,T,I,-4.248,0.2058,7,2,T,7
544,T,K,-1.509,1.212,3,2,T,7
544,T,L,-3.933,0.6852,5.5,2,T,7
544,T,M,-2.412,0.4165,5.5,2,T,7
544,T,N,-1.671,0.7262,6.5,2,T,7
544,T,P,-4.67,0.2397,3,2,T,7
544,T,Q,-1.654,0.09758,6,2,T,7
544,T,R,-0.9301,0.5033,2,2,T,7
544,T,S,-1.268,1.168,3,2,T,7
544,T,T,0,0,,2,T,7
544,T,V,-1.186,0.1202,4.5,2,T,7
544,T,W,-4.883,0.1732,2.5,2,T,7
544,T,Y,-3.196,0.07,4,2,T,7
545,D,-,-1.526,,0.5,1,D,7
545,D,A,-1.454,0.02758,2.5,2,D,7
545,D,C,-3.028,0.6817,4.5,2,D,7
545,D,D,0,0,,2,D,7
545,D,E,0.08418,0.02492,7,2,D,7
545,D,F,-3.87,0.6456,7,2,D,7
545,D,G,-4.268,0.9362,3.5,2,D,7
545,D,H,-0.3017,1.186,2,2,D,7
545,D,I,-1.405,0.3571,4,2,D,7
545,D,K,0.3398,0.5155,3,2,D,7
545,D,L,-1.109,0.1673,6,2,D,7
545,D,M,-2.75,2.959,3.5,2,D,7
545,D,N,-0.0231,0.522,8,2,D,7
545,D,P,-4.874,0.08061,2.5,2,D,7
545,D,Q,0.6236,0.1041,4,2,D,7
545,D,R,0.1556,0.3838,6,2,D,7
545,D,S,-0.5047,0.1163,3,2,D,7
545,D,T,0.01895,0.2507,6,2,D,7
545,D,V,-0.115,0.3075,4,2,D,7
545,D,W,-4.726,0.3875,2,2,D,7
545,D,Y,-2.463,1.24,14.5,2,D,7
546,A,-,-1.855,2.607,1.5,2,A,7
546,A,A,0,0,,2,A,7
546,A,C,-4.189,0.8789,2,2,A,7
546,A,D,-4.883,0.05091,5.5,2,A,7
546,A,E,-3.971,0.4582,1.5,2,A,7
546,A,F,-0.1984,0.09574,3,2,A,7
546,A,G,-4.959,,2.5,1,A,7
546,A,H,-2.512,3.296,2,2,A,7
546,A,I,-0.8451,0.2064,3,2,A,7
546,A,K,-3.667,1.604,2.5,2,A,7
546,A,L,-1.903,0.7177,3,2,A,7
546,A,M,-2.071,1.327,4,2,A,7
546,A,N,-4.307,,2.5,1,A,7
546,A,P,0.2839,0.4235,2,2,A,7
546,A,Q,-3.438,0.91,2.5,2,A,7
546,A,R,-3.487,1.149,5.5,2,A,7
546,A,S,-1.387,1.338,6.5,2,A,7
546,A,T,-0.2327,0.07863,7,2,A,7
546,A,V,0.6685,0.04957,5,2,A,7
546,A,W,-1.052,0.7454,5,2,A,7
546,A,Y,0.2251,0.7468,2.5,2,A,7
547,V,-,-0.4163,,0.5,1,V,7
547,V,A,-4.259,0.9433,3.5,2,V,7
547,V,C,-4.849,0.1591,8,2,V,7
547,V,D,-4.902,0.08415,6,2,V,7
547,V,E,-4.785,0.01626,3.5,2,V,7
547,V,F,-4.873,0.08344,3,2,V,7
547,V,G,-4.949,,2,1,V,7
547,V,H,-3.957,1.476,3,2,V,7
547,V,I,-1.877,0.1725,5,2,V,7
547,V,K,-3.189,0.4985,4,2,V,7
547,V,L,-4.905,0.1011,9,2,V,7
547,V,M,-4.892,0.0601,11.5,2,V,7
547,V,N,-4.75,0.1181,1.5,2,V,7
547,V,P,-4.829,0.1386,4,2,V,7
547,V,Q,-4.921,0.08415,4,2,V,7
547,V,R,-2.775,1.806,2.5,2,V,7
547,V,S,-4.838,,2.5,1,V,7
547,V,T,-4.713,0.355,4.5,2,V,7
547,V,V,0,0,,2,V,7
547,V,W,-4.65,0.4214,3.5,2,V,7
547,V,Y,-4.871,0.1739,5.5,2,V,7
548,L,-,-1.429,,0.5,1,L,7
548,L,A,-3.01,2.278,1,2,L,7
548,L,C,-4.821,0.0594,5.5,2,L,7
548,L,D,-4.928,,0.5,1,L,7
548,L,E,-4.908,0.1146,2,2,L,7
548,L,F,-0.1656,1.305,2,2,L,7
548,L,G,-4.905,0.05162,4.5,2,L,7
548,L,H,-4.813,0.2107,3,2,L,7
548,L,I,0.2148,0.4247,4,2,L,7
548,L,K,-4.707,0.1697,5,2,L,7
548,L,L,0,0,,2,L,7
548,L,M,0.2399,0.7735,3,2,L,7
548,L,N,-4.853,0.01838,3.5,2,L,7
548,L,P,-4.679,0.4038,3.5,2,L,7
548,L,Q,-4.745,0.2963,2.5,2,L,7
548,L,R,-4.949,,1.5,1,L,7
548,L,S,-2.024,3.911,3,2,L,7
548,L,T,-4.865,,2.5,1,L,7
548,L,V,-1.948,0.9603,3,2,L,7
548,L,W,-3.68,0.28,4,2,L,7
548,L,Y,-4.062,0.5233,2.5,2,L,7
549,T,-,-4.971,,1,1,T,7
549,T,A,-1.338,2.018,5.5,2,T,7
549,T,C,-4.858,,1.5,1,T,7
549,T,D,-4.745,0.1011,4.5,2,T,7
549,T,E,-0.5775,0.1653,5.5,2,T,7
549,T,F,-0.4994,0.8282,2.5,2,T,7
549,T,G,-3.834,1.287,2.5,2,T,7
549,T,H,-2.166,2.491,3.5,2,T,7
549,T,I,-0.0149,0.2338,6.5,2,T,7
549,T,K,-0.1963,0.3277,6.5,2,T,7
549,T,L,-2.145,3.045,3.5,2,T,7
549,T,M,-0.7312,0.9289,2,2,T,7
549,T,N,-3.302,0.7382,2,2,T,7
549,T,P,-4.902,0.09405,2.5,2,T,7
549,T,Q,-0.1996,0.1999,4,2,T,7
549,T,R,0.2382,0.5531,3.5,2,T,7
549,T,S,-1.711,2.887,2,2,T,7
549,T,T,0,0,,2,T,7
549,T,V,0.1422,0.1325,3.5,2,T,7
549,T,W,-1.26,,1.5,1,T,7
549,T,Y,0.1233,0.4598,2.5,2,T,7
550,Y,*,-4.806,0.1718,2,2,Y,7
550,Y,-,0.2648,,0.5,1,Y,7
550,Y,A,-3.71,0.2242,2.5,2,Y,7
550,Y,C,-2.098,4.038,3.5,2,Y,7
550,Y,D,-4.992,,0.5,1,Y,7
550,Y,E,-4.941,,1.5,1,Y,7
550,Y,F,-0.08223,0.04663,7,2,Y,7
550,Y,G,-4.763,0.07495,3.5,2,Y,7
550,Y,H,-4.642,0.3691,2,2,Y,7
550,Y,I,-0.5573,0.2852,1.5,2,Y,7
550,Y,K,-4.893,0.09829,3,2,Y,7
550,Y,L,-0.006585,0.1146,3.5,2,Y,7
550,Y,M,-0.7199,0.0169,2.5,2,Y,7
550,Y,N,-4.181,1.17,2.5,2,Y,7
550,Y,P,-4.849,0.1612,6,2,Y,7
550,Y,Q,-4.143,1.115,4.5,2,Y,7
550,Y,R,-4.848,0.02051,4.5,2,Y,7
550,Y,S,-4.874,0.07495,3.5,2,Y,7
550,Y,T,-0.919,0.6647,2.5,2,Y,7
550,Y,V,-1.499,0.4766,7.5,2,Y,7
550,Y,W,0.4865,0.3103,3,2,Y,7
550,Y,Y,0,0,,2,Y,7
551,S,-,0.1701,,0.5,1,S,7
551,S,A,0.2691,0.0157,3,2,S,7
551,S,C,-4.681,0.2086,2.5,2,S,7
551,S,D,-4.209,,2,1,S,7
551,S,E,-3.749,1.4,4,2,S,7
551,S,F,0.4069,0.02114,5.5,2,S,7
551,S,G,0.7574,0.003748,2.5,2,S,7
551,S,H,-0.9538,0.5306,3.5,2,S,7
551,S,I,0.0867,0.5153,4,2,S,7
551,S,K,-4.379,,1.5,1,S,7
551,S,L,-0.0837,0.9752,5,2,S,7
551,S,M,-0.2659,0.8224,2.5,2,S,7
551,S,N,-2.568,0.5699,2.5,2,S,7
551,S,P,-3.058,0.8068,3.5,2,S,7
551,S,Q,-0.4227,0.09772,5,2,S,7
551,S,R,-1.259,,2.5,1,S,7
551,S,S,0,0,,2,S,7
551,S,T,-2.012,3.51,4.5,2,S,7
551,S,V,-1.787,1.137,3.5,2,S,7
551,S,W,-1.836,0.5728,2.5,2,S,7
551,S,Y,-2.056,0.2503,14.5,2,S,7
552,S,-,-0.01329,,0.5,1,S,7
552,S,A,-2.501,3.534,2.5,2,S,7
552,S,C,-2.457,0.1831,4.5,2,S,7
552,S,D,-0.8079,0.1801,2.5,2,S,7
552,S,E,-2.962,2.191,3.5,2,S,7
552,S,F,-0.878,0.7367,7,2,S,7
552,S,H,0.5926,0.0717,3,2,S,7
552,S,I,-0.8784,0.3332,5,2,S,7
552,S,K,0.578,0.3668,2.5,2,S,7
552,S,L,-4.541,,2,1,S,7
552,S,M,-0.1424,0.0799,4,2,S,7
552,S,N,-0.5646,0.3362,2,2,S,7
552,S,P,-4.632,0.4639,5.5,2,S,7
552,S,Q,-2.373,1.411,1.5,2,S,7
552,S,R,-0.4622,0.3453,2,2,S,7
552,S,S,0,0,,2,S,7
552,S,T,0.2995,0.6365,4,2,S,7
552,S,V,-0.5871,0.3871,3.5,2,S,7
552,S,W,-0.4368,0.6302,4,2,S,7
552,S,Y,-1.016,1.355,6,2,S,7
553,F,-,0.2459,,0.5,1,F,7
553,F,A,-4.783,0.1138,6,2,F,7
553,F,C,-4.888,0.05728,2,2,F,7
553,F,D,-4.797,0.2744,6.5,2,F,7
553,F,E,-4.88,0.06718,1.5,2,F,7
553,F,F,0,0,,2,F,7
553,F,G,-2.464,3.339,2.5,2,F,7
553,F,H,-3.817,1.397,4.5,2,F,7
553,F,I,-0.2287,0.3466,2,2,F,7
553,F,K,-4.785,0.2878,4,2,F,7
553,F,L,-1.745,0.2722,10.5,2,F,7
553,F,M,-0.056,0.8603,6,2,F,7
553,F,N,-4.543,0.6428,3.5,2,F,7
553,F,P,-4.609,0.1676,3,2,F,7
553,F,Q,-4.934,,1.5,1,F,7
553,F,R,-4.86,0.1237,1.5,2,F,7
553,F,S,-1.63,2.926,1,2,F,7
553,F,T,-4.247,0.9885,1.5,2,F,7
553,F,V,-2.421,1.734,3.5,2,F,7
553,F,W,0.4103,0.2597,3,2,F,7
553,F,Y,0.6598,,0.5,1,F,7
554,G,-,-0.01471,,1,1,G,7
554,G,A,-1.694,1.011,3,2,G,7
554,G,C,-4.91,0.1245,10,2,G,7
554,G,D,-2.007,4.03,7,2,G,7
554,G,E,-4.619,0.4617,4,2,G,7
554,G,F,-4.805,,2,1,G,7
554,G,G,0,0,,2,G,7
554,G,H,-4.728,0.3019,4.5,2,G,7
554,G,I,-4.876,0.1252,3.5,2,G,7
554,G,K,-4.912,0.1329,4,2,G,7
554,G,L,-4.832,0.145,4,2,G,7
554,G,M,-4.577,0.3889,5.5,2,G,7
554,G,N,-4.977,,2.5,1,G,7
554,G,P,-4.895,0.07637,3,2,G,7
554,G,Q,-3.901,0.2242,4,2,G,7
554,G,R,-4.861,0.004243,1.5,2,G,7
554,G,S,-2.377,0.6597,9,2,G,7
554,G,T,-4.915,0.1068,6,2,G,7
554,G,V,-4.919,0.09617,9,2,G,7
554,G,W,-4.597,0.5134,3,2,G,7
554,G,Y,-4.443,0.6131,7,2,G,7
555,V,-,-0.5436,,2,1,V,7
555,V,A,-4.873,0.08132,2,2,V,7
555,V,C,-4.601,0.5028,4,2,V,7
555,V,D,-4.893,0.09192,3,2,V,7
555,V,E,-4.913,0.06293,5.5,2,V,7
555,V,F,0.4545,0.1153,2,2,V,7
555,V,G,-3.403,1.457,2,2,V,7
555,V,H,-4.836,0.164,4.5,2,V,7
555,V,I,0.7062,0.1593,5,2,V,7
555,V,K,-3.816,1.416,2,2,V,7
555,V,L,-3.383,1.449,9.5,2,V,7
555,V,M,-2.731,0.1365,10,2,V,7
555,V,N,-4.868,0.1146,2.5,2,V,7
555,V,P,-4.86,,1.5,1,V,7
555,V,Q,-4.913,0.07425,3,2,V,7
555,V,R,-4.845,0.152,3.5,2,V,7
555,V,S,-4.886,0.09899,1,2,V,7
555,V,T,-4.871,0.08485,3.5,2,V,7
555,V,V,0,0,,2,V,7
555,V,W,-0.03965,0.002942,3.5,2,V,7
555,V,Y,-2.94,2.804,3.5,2,V,7
556,C,*,-3.641,1.507,2,2,C,7
556,C,-,-3.02,,2.5,1,C,7
556,C,A,-4.617,0.4681,4.5,2,C,7
556,C,C,0,0,,2,C,7
556,C,D,-4.812,0.0007071,3,2,C,7
556,C,E,-4.699,,1,1,C,7
556,C,F,-4.804,0.2065,6.5,2,C,7
556,C,G,-4.879,0.08344,5.5,2,C,7
556,C,H,-3.433,2,3.5,2,C,7
556,C,I,-4.745,0.1351,4,2,C,7
556,C,K,-4.934,0.1018,5.5,2,C,7
556,C,L,-4.889,0.09687,5.5,2,C,7
556,C,M,-4.87,0.1266,6,2,C,7
556,C,N,-4.887,0.03394,5.5,2,C,7
556,C,P,-4.903,0.05515,1.5,2,C,7
556,C,Q,-4.905,0.07566,6.5,2,C,7
556,C,R,-4.893,0.0898,3,2,C,7
556,C,S,-4.894,0.09899,2.5,2,C,7
556,C,T,-3.453,1.829,4,2,C,7
556,C,V,-4.717,0.1577,2.5,2,C,7
556,C,W,-4.929,0.08627,8,2,C,7
556,C,Y,-4.926,0.1153,10.5,2,C,7
557,A,-,-4.201,0.9334,3,2,A,7
557,A,A,0,0,,2,A,7
557,A,C,-4.847,0.09334,5,2,A,7
557,A,D,-2.393,0.3415,5.5,2,A,7
557,A,E,-0.9101,0.1056,3,2,A,7
557,A,F,-4.585,0.02192,4,2,A,7
557,A,G,-3.064,2.285,4.5,2,A,7
557,A,H,-1.912,0.8287,7,2,A,7
557,A,I,-3.211,,1,1,A,7
557,A,K,-0.05475,0.9391,3.5,2,A,7
557,A,L,-2.223,3.212,5,2,A,7
557,A,M,-3.377,1.155,2,2,A,7
557,A,N,-3.239,1.081,6,2,A,7
557,A,P,-2.018,,2,1,A,7
557,A,Q,-1.628,1.568,3.5,2,A,7
557,A,R,-0.2427,0.01393,4,2,A,7
557,A,S,-0.2562,0.2674,8,2,A,7
557,A,T,-2.527,0.05728,6,2,A,7
557,A,V,-3.155,1.124,7.5,2,A,7
557,A,W,-3.553,1.146,3.5,2,A,7
557,A,Y,-3.986,0.3882,4.5,2,A,7
558,D,-,-1.829,3.355,3,2,D,7
558,D,A,-4.996,,1,1,D,7
558,D,C,-4.493,0.4794,3,2,D,7
558,D,D,0,0,,2,D,7
558,D,E,-4.9,0.08344,3,2,D,7
558,D,F,-4.888,0.05657,5,2,D,7
558,D,G,-4.397,0.7212,1.5,2,D,7
558,D,H,-4.8,0.2121,3.5,2,D,7
558,D,I,-4.913,0.08061,6.5,2,D,7
558,D,K,-4.921,0.1181,2.5,2,D,7
558,D,L,-4.76,0.2913,3,2,D,7
558,D,M,-4.686,0.3939,3,2,D,7
558,D,N,-4.842,0.1287,8.5,2,D,7
558,D,P,-4.822,,2.5,1,D,7
558,D,Q,-4.88,0.06505,3,2,D,7
558,D,R,-4.886,0.1025,2.5,2,D,7
558,D,S,-4.896,0.1075,3,2,D,7
558,D,T,-4.889,0.09758,4,2,D,7
558,D,V,-2.174,3.765,2.5,2,D,7
558,D,W,-4.889,0.07849,3,2,D,7
558,D,Y,-3.115,2.598,6,2,D,7
559,G,-,-0.3099,0.0157,2.5,2,G,7
559,G,A,-4.736,0.1442,4,2,G,7
559,G,C,-4.851,0.02333,15.5,2,G,7
559,G,D,-4.668,0.4554,6,2,G,7
559,G,E,-4.815,,1,1,G,7
559,G,F,-4.685,0.3868,6.5,2,G,7
559,G,G,0,0,,2,G,7
559,G,H,-4.846,0.01344,3.5,2,G,7
559,G,I,-4.812,0.1648,2,2,G,7
559,G,K,-4.899,0.09263,4.5,2,G,7
559,G,L,-4.894,0.06859,5.5,2,G,7
559,G,M,-4.861,0.1796,5,2,G,7
559,G,N,-4.079,0.3147,4,2,G,7
559,G,P,-4.883,0.09475,3,2,G,7
559,G,Q,-4.891,0.08202,3,2,G,7
559,G,R,-4.888,0.08202,4,2,G,7
559,G,S,-4.907,0.09192,7,2,G,7
559,G,T,-4.902,0.1223,1,2,G,7
559,G,V,-4.905,0.1011,6,2,G,7
559,G,W,-4.921,0.1124,6.5,2,G,7
559,G,Y,-4.55,0.3755,2,2,G,7
560,S,-,-0.2386,0.9261,2,2,S,7
560,S,A,-4.837,0.1245,5,2,S,7
560,S,C,-4.657,0.2496,2,2,S,7
560,S,D,-4.909,0.1287,3,2,S,7
560,S,E,-4.647,0.3118,2.5,2,S,7
560,S,F,-4.886,0.1075,5.5,2,S,7
560,S,G,-3.742,1.449,5,2,S,7
560,S,H,-4.159,0.9313,1.5,2,S,7
560,S,I,-4.907,0.07,5.5,2,S,7
560,S,K,-4.961,,1,1,S,7
560,S,L,-4.911,0.06505,4.5,2,S,7
560,S,M,-4.921,0.1237,6,2,S,7
560,S,N,-4.914,0.08273,15,2,S,7
560,S,P,-4.879,0.0594,4,2,S,7
560,S,Q,-4.578,0.1506,2.5,2,S,7
560,S,R,-4.676,0.4059,5.5,2,S,7
560,S,S,0,0,,2,S,7
560,S,T,-4.753,0.08627,4.5,2,S,7
560,S,V,-4.874,0.08485,2,2,S,7
560,S,W,-4.354,0.84,2.5,2,S,7
560,S,Y,-4.902,0.08132,5.5,2,S,7
561,I,-,-1.248,1.963,2,2,I,7
561,I,A,-2.651,0.7078,2,2,I,7
561,I,C,-4.9,0.07212,4.5,2,I,7
561,I,D,-4.898,0.1485,4,2,I,7
561,I,E,-4.928,,1,1,I,7
561,I,F,-1.669,0.06576,6,2,I,7
561,I,G,-4.816,0.1874,4,2,I,7
561,I,H,-4,0.1209,3,2,I,7
561,I,I,0,0,,2,I,7
561,I,K,-4.835,0.1549,3,2,I,7
561,I,L,0.5487,0.1157,3.5,2,I,7
561,I,M,-0.1363,0.18,2.5,2,I,7
561,I,N,-2.39,3.429,2,2,I,7
561,I,P,-1.625,3.344,2.5,2,I,7
561,I,Q,-4.949,,1.5,1,I,7
561,I,R,-4.807,0.1739,1.5,2,I,7
561,I,S,-4.439,0.04031,5.5,2,I,7
561,I,T,-4.873,0.05162,5,2,I,7
561,I,V,-1.597,1.905,5.5,2,I,7
561,I,W,-3.157,,2,1,I,7
561,I,Y,-1.667,0.5056,6,2,I,7
562,I,-,-1.088,1.792,2.5,2,I,7
562,I,A,-3.649,1.834,1.5,2,I,7
562,I,C,-4.647,0.3825,4,2,I,7
562,I,D,-4.684,0.1796,3,2,I,7
562,I,E,-4.88,0.06718,1.5,2,I,7
562,I,F,0.0013,1.163,1,2,I,7
562,I,G,-4.783,0.2001,2.5,2,I,7
562,I,H,-3.984,1.189,3,2,I,7
562,I,I,0,0,,2,I,7
562,I,K,-3.409,0.4865,4,2,I,7
562,I,L,-3.493,,1,1,I,7
562,I,N,-4.611,0.3712,3,2,I,7
562,I,P,-4.886,0.05586,6,2,I,7
562,I,Q,-3.877,1.054,5.5,2,I,7
562,I,R,-1.739,2.423,2,2,I,7
562,I,S,-4.678,0.3437,3.5,2,I,7
562,I,T,-0.8695,0.78,3.5,2,I,7
562,I,V,-0.5816,1.504,3,2,I,7
562,I,W,-4.704,0.3472,2.5,2,I,7
562,I,Y,-3.654,1.187,5,2,I,7
563,A,-,-0.2395,0.6387,3,2,A,7
563,A,A,0,0,,2,A,7
563,A,C,-3.59,0.3196,4,2,A,7
563,A,D,-0.06502,0.206,6,2,A,7
563,A,E,0.187,,1,1,A,7
563,A,F,0.603,0.3193,6.5,2,A,7
563,A,G,0.7358,,2.5,1,A,7
563,A,H,0.4691,0.2032,1.5,2,A,7
563,A,I,-0.1988,1.026,3.5,2,A,7
563,A,K,0.1264,0.9527,6,2,A,7
563,A,L,-0.0086,0.4931,5.5,2,A,7
563,A,M,0.0821,0.9122,3,2,A,7
563,A,N,0.06105,1.085,5,2,A,7
563,A,P,-0.08505,0.4948,4.5,2,A,7
563,A,Q,-0.6462,1.823,3.5,2,A,7
563,A,R,0.5806,0.244,1.5,2,A,7
563,A,S,0.4761,0.3304,7.5,2,A,7
563,A,T,-0.0873,0.2964,9,2,A,7
563,A,V,0.7307,0.0432,5.5,2,A,7
563,A,W,0.1737,0.8089,2,2,A,7
563,A,Y,0.6694,0.0111,3.5,2,A,7
564,V,-,-0.1774,0.3181,3,2,V,7
564,V,A,-0.1183,1.196,3.5,2,V,7
564,V,C,-2.986,,2,1,V,7
564,V,D,-4.661,,1,1,V,7
564,V,E,-1.801,3.143,2.5,2,V,7
564,V,F,0.6903,0.09376,1,2,V,7
564,V,G,-2.123,1.957,6,2,V,7
564,V,H,-0.6007,0.5474,7,2,V,7
564,V,I,-0.9663,1.899,4.5,2,V,7
564,V,K,-0.3509,0.8024,2.5,2,V,7
564,V,L,0.6148,0.2114,7,2,V,7
564,V,M,0.756,0.1015,9.5,2,V,7
564,V,N,-0.9731,0.212,3.5,2,V,7
564,V,P,-0.2253,0.8634,3.5,2,V,7
564,V,Q,-0.4712,0.3941,3,2,V,7
564,V,R,-0.8033,0.4083,2,2,V,7
564,V,S,-0.2755,0.2826,1.5,2,V,7
564,V,T,-0.0121,0.5544,2,2,V,7
564,V,V,0,0,,2,V,7
564,V,W,-0.07295,0.2908,3.5,2,V,7
564,V,Y,-0.1573,1.21,1.5,2,V,7
565,Q,*,-4.899,0.07425,7.5,2,Q,7
565,Q,-,-0.6852,1.873,3.5,2,Q,7
565,Q,A,-0.7483,0.8425,3.5,2,Q,7
565,Q,C,-3.155,1.331,5,2,Q,7
565,Q,D,-0.2112,0.922,3,2,Q,7
565,Q,E,0.2222,,3.5,1,Q,7
565,Q,F,0.00685,0.864,4,2,Q,7
565,Q,G,0.5428,0.2942,1.5,2,Q,7
565,Q,H,-0.1504,0.2147,9.5,2,Q,7
565,Q,I,-0.6084,0.4155,2,2,Q,7
565,Q,K,0.6899,0.1771,3,2,Q,7
565,Q,L,0.7989,0.05819,3,2,Q,7
565,Q,M,-0.4005,1.078,1.5,2,Q,7
565,Q,N,-0.8193,0.602,2,2,Q,7
565,Q,P,0.4239,0.4273,2.5,2,Q,7
565,Q,Q,0,0,,2,Q,7
565,Q,R,0.0798,1.061,2,2,Q,7
565,Q,S,0.1023,0.6137,3,2,Q,7
565,Q,T,-0.5112,0.8595,6,2,Q,7
565,Q,V,0.1482,0.8152,1,2,Q,7
565,Q,W,-0.6643,,2,1,Q,7
565,Q,Y,-0.3608,0.4746,2.5,2,Q,7
566,P,-,-0.888,1.038,3.5,2,P,7
566,P,A,-0.2686,0.2135,9.5,2,P,7
566,P,C,-2.941,2.548,2.5,2,P,7
566,P,D,-1.563,0.4462,3,2,P,7
566,P,E,-1.598,1.579,3,2,P,7
566,P,F,-1.572,0.7,2,2,P,7
566,P,G,-3.361,1.447,1.5,2,P,7
566,P,H,-0.8168,0.8247,5,2,P,7
566,P,I,-0.6253,0.2572,3,2,P,7
566,P,K,-3.154,0.5834,2.5,2,P,7
566,P,L,-2.901,2.668,6,2,P,7
566,P,M,-0.878,0.4412,4.5,2,P,7
566,P,N,-0.6626,0.07743,3,2,P,7
566,P,P,0,0,,2,P,7
566,P,Q,-0.2581,1.018,3,2,P,7
566,P,R,-0.3174,0.6052,3,2,P,7
566,P,S,-0.1212,0.2382,4,2,P,7
566,P,T,-1.253,0.4482,7,2,P,7
566,P,V,-1.31,0.2772,2,2,P,7
566,P,W,-2.67,0.1704,4,2,P,7
566,P,Y,0.0422,0.9334,3,2,P,7
567,R,*,-4.812,0.1747,5.5,2,R,7
567,R,-,-0.2158,0.3431,2.5,2,R,7
567,R,A,0.0318,1.035,3,2,R,7
567,R,C,-4.88,0.1237,2,2,R,7
567,R,D,-1.38,0.09334,4.5,2,R,7
567,R,E,-1.348,0.5163,2.5,2,R,7
567,R,F,0.1678,0.4246,4.5,2,R,7
567,R,G,0.1881,0.05678,3,2,R,7
567,R,H,-1.049,0.1655,4,2,R,7
567,R,I,-0.5271,0.5391,3.5,2,R,7
567,R,K,-0.3917,0.4577,4,2,R,7
567,R,L,-0.7359,0.01237,8,2,R,7
567,R,M,-0.4672,0.2974,3,2,R,7
567,R,N,-0.08486,0.1057,5,2,R,7
567,R,P,-0.1794,,2.5,1,R,7
567,R,Q,0.0296,0.4084,13,2,R,7
567,R,R,0,0,,2,R,7
567,R,S,-0.737,0.3675,2,2,R,7
567,R,T,-0.9402,0.2486,3,2,R,7
567,R,V,-0.3841,1.584,2.5,2,R,7
567,R,W,0.232,0.6822,2.5,2,R,7
567,R,Y,-0.3461,0.002475,3,2,R,7
568,N,-,-0.4042,0.3908,3,2,N,7
568,N,A,0.7993,0.04921,2.5,2,N,7
568,N,C,-1.954,2.322,2.5,2,N,7
568,N,D,-0.868,2.379,4,2,N,7
568,N,E,-0.2031,1.237,2.5,2,N,7
568,N,F,-0.7891,1.196,4.5,2,N,7
568,N,G,0.0004931,,2.5,1,N,7
568,N,H,-0.7241,1.061,4.5,2,N,7
568,N,I,-0.6993,0.8326,2.5,2,N,7
568,N,K,-0.07585,0.5682,6.5,2,N,7
568,N,L,0.5858,0.1326,2.5,2,N,7
568,N,M,0.5441,0.1047,1.5,2,N,7
568,N,N,0,0,,2,N,7
568,N,P,0.0211,0.1106,4,2,N,7
568,N,Q,0.5874,0.06901,3,2,N,7
568,N,R,-1.156,1.111,3.5,2,N,7
568,N,S,0.1977,0.7913,5,2,N,7
568,N,T,-0.2026,0.1165,4,2,N,7
568,N,V,-0.3204,0.1401,5.5,2,N,7
568,N,W,-0.157,1.26,2.5,2,N,7
568,N,Y,-0.04642,,1,1,N,7
569,V,-,-1.346,0.5827,3.5,2,V,7
569,V,A,0.1526,0.7091,2,2,V,7
569,V,C,-1.138,0.9755,2,2,V,7
569,V,D,-1.047,2.182,3,2,V,7
569,V,E,-0.03425,0.4238,3,2,V,7
569,V,F,-0.1097,0.3203,10,2,V,7
569,V,G,-0.3412,0.7732,3,2,V,7
569,V,H,0.3371,0.1653,2.5,2,V,7
569,V,I,0.117,0.8123,10,2,V,7
569,V,K,-0.5138,0.3164,3,2,V,7
569,V,L,0.03355,0.3294,3,2,V,7
569,V,M,0.0165,0.9993,6,2,V,7
569,V,N,0.7454,0.03231,3.5,2,V,7
569,V,P,0.4299,0.4317,3.5,2,V,7
569,V,Q,-0.4763,1.818,2,2,V,7
569,V,R,0.08948,0.08516,4.5,2,V,7
569,V,S,-1.073,1.837,1.5,2,V,7
569,V,T,-0.596,0.0169,3,2,V,7
569,V,V,0,0,,2,V,7
569,V,W,0.2128,0.3214,2,2,V,7
569,V,Y,0.4338,,1,1,V,7
570,S,-,-0.03556,0.04787,3,2,S,7
570,S,A,-0.5249,0.7383,3.5,2,S,7
570,S,C,-1.281,0.03111,4.5,2,S,7
570,S,D,-0.4655,0.7553,3,2,S,7
570,S,E,0.7997,0.04964,3.5,2,S,7
570,S,F,0.2993,0.501,1,2,S,7
570,S,G,0.6361,0.1385,2.5,2,S,7
570,S,H,-0.0742,0.4936,2.5,2,S,7
570,S,I,0.7126,0.01945,5,2,S,7
570,S,K,0.467,0.5222,3.5,2,S,7
570,S,L,0.3615,0.05162,4,2,S,7
570,S,M,0.4599,0.2476,4,2,S,7
570,S,N,0.4871,0.3538,6.5,2,S,7
570,S,P,0.7258,0.1529,2.5,2,S,7
570,S,Q,0.7708,0.07566,2.5,2,S,7
570,S,R,-0.1283,0.1073,8.5,2,S,7
570,S,S,0,0,,2,S,7
570,S,T,0.5091,0.3093,3,2,S,7
570,S,V,-0.07775,0.3122,6,2,S,7
570,S,W,-0.646,0.9885,3.5,2,S,7
570,S,Y,0.2827,0.3956,5.5,2,S,7
571,Y,*,-4.887,0.05657,2.5,2,Y,7
571,Y,-,-0.3578,0.4017,3,2,Y,7
571,Y,A,-2.165,1.684,3.5,2,Y,7
571,Y,C,-1.764,2.166,4,2,Y,7
571,Y,D,-0.6442,0.7324,5,2,Y,7
571,Y,E,-0.9012,1.24,1.5,2,Y,7
571,Y,F,-0.6761,1.926,4.5,2,Y,7
571,Y,G,0.3535,0.5584,3.5,2,Y,7
571,Y,H,0.0377,1.068,4,2,Y,7
571,Y,I,-0.01445,0.8688,1.5,2,Y,7
571,Y,K,-0.0841,0.4667,4,2,Y,7
571,Y,L,0.1659,0.7969,1,2,Y,7
571,Y,M,0.6617,0.2143,1.5,2,Y,7
571,Y,N,-2.034,0.2885,4,2,Y,7
571,Y,P,0.439,0.46,3.5,2,Y,7
571,Y,Q,-0.4771,0.2258,2.5,2,Y,7
571,Y,R,-0.374,0.125,1,2,Y,7
571,Y,S,-3.035,,1,1,Y,7
571,Y,T,0.8178,,0.5,1,Y,7
571,Y,V,-2.385,3.418,4,2,Y,7
571,Y,W,0.1359,0.7937,3.5,2,Y,7
571,Y,Y,0,0,,2,Y,7
572,D,-,0.1052,0.3594,3,2,D,7
572,D,A,-0.0887,0.3581,3.5,2,D,7
572,D,C,-1.532,0.4533,2,2,D,7
572,D,D,0,0,,2,D,7
572,D,E,0.05692,0.1926,3.5,2,D,7
572,D,F,-0.3302,0.4727,4,2,D,7
572,D,G,-0.1445,1.265,4,2,D,7
572,D,H,0.2802,0.145,3,2,D,7
572,D,I,-0.4169,0.07693,4,2,D,7
572,D,K,-0.07409,0.2394,2,2,D,7
572,D,L,-1.396,2.629,2.5,2,D,7
572,D,M,0.3576,0.4131,3,2,D,7
572,D,N,-1.064,1.788,11,2,D,7
572,D,P,-0.5017,0.89,2,2,D,7
572,D,Q,-0.3197,0.4185,2.5,2,D,7
572,D,R,-0.6743,0.66,4.5,2,D,7
572,D,S,-2.581,3.103,4.5,2,D,7
572,D,T,-0.7489,0.5631,2.5,2,D,7
572,D,V,0.3656,0.5103,4,2,D,7
572,D,W,-0.07764,0.1993,1.5,2,D,7
572,D,Y,-0.7766,1.285,13,2,D,7
573,S,-,-1.196,0.2192,3,2,S,7
573,S,A,-0.5093,1.231,2,2,S,7
573,S,C,-0.9065,1.849,3,2,S,7
573,S,D,0.5209,0.1286,2,2,S,7
573,S,E,-0.85,2.147,4,2,S,7
573,S,F,-0.034,0.4818,2,2,S,7
573,S,G,0.1691,0.7473,6,2,S,7
573,S,H,-0.1329,1.236,1,2,S,7
573,S,I,0.0499,0.4093,9,2,S,7
573,S,K,-1.936,1.338,2,2,S,7
573,S,L,0.7105,0.05523,1.5,2,S,7
573,S,M,-2.108,3.928,2,2,S,7
573,S,N,-2.16,1.916,6,2,S,7
573,S,P,-0.1622,0.3102,2.5,2,S,7
573,S,Q,0.7449,0.1385,4,2,S,7
573,S,R,-1.815,0.3889,7,2,S,7
573,S,S,0,0,,2,S,7
573,S,T,-0.3134,0.3657,5.5,2,S,7
573,S,V,-0.02175,1.083,2.5,2,S,7
573,S,W,-0.4929,0.7751,4.5,2,S,7
573,S,Y,-0.3823,0.9626,3.5,2,S,7
574,V,-,0.2621,0.3582,3,2,V,7
574,V,A,-0.1926,0.6068,3,2,V,7
574,V,C,-0.5567,0.7387,6,2,V,7
574,V,D,-0.9089,,1,1,V,7
574,V,E,0.01107,0.06577,6,2,V,7
574,V,F,0.04295,0.5247,3,2,V,7
574,V,G,-0.6773,1.95,1,2,V,7
574,V,H,-1.774,2.124,4,2,V,7
574,V,I,-1.669,1.702,4,2,V,7
574,V,K,0.4521,0.5318,5,2,V,7
574,V,L,0.1051,0.2761,9.5,2,V,7
574,V,M,0.228,0.4409,12,2,V,7
574,V,N,-0.1863,0.3118,5,2,V,7
574,V,P,0.7865,,0.5,1,V,7
574,V,Q,-0.3998,1.711,2,2,V,7
574,V,R,-0.0815,1.246,3,2,V,7
574,V,S,-1.994,1.964,3.5,2,V,7
574,V,T,0.8066,,1,1,V,7
574,V,V,0,0,,2,V,7
574,V,W,0.09415,0.5236,3,2,V,7
574,V,Y,-1.697,2.055,1,2,V,7
575,S,*,-4.332,0.7545,4,2,S,7
575,S,-,-0.1167,0.6715,3,2,S,7
575,S,A,0.3117,0.593,1.5,2,S,7
575,S,C,-1.035,1.23,1.5,2,S,7
575,S,D,0.5335,0.08096,3,2,S,7
575,S,E,0.5499,0.109,3.5,2,S,7
575,S,F,-0.05634,0.2187,4,2,S,7
575,S,G,0.05595,1.109,1,2,S,7
575,S,H,0.6134,0.1494,2,2,S,7
575,S,I,-0.4293,1.134,3.5,2,S,7
575,S,K,0.1068,0.8635,2.5,2,S,7
575,S,L,-0.64,1.909,2,2,S,7
575,S,M,0.1296,0.06768,2.5,2,S,7
575,S,N,-0.8051,0.7607,1.5,2,S,7
575,S,P,-0.1228,0.3552,6,2,S,7
575,S,Q,-0.5062,1.196,3,2,S,7
575,S,R,0.3221,0.07806,1.5,2,S,7
575,S,S,0,0,,2,S,7
575,S,T,-3.013,2.423,4.5,2,S,7
575,S,V,-0.8311,0.4849,4,2,S,7
575,S,W,-0.0217,0.6223,3.5,2,S,7
575,S,Y,-0.1034,0.4176,12,2,S,7
576,A,-,-1.739,0.3118,3,2,A,7
576,A,A,0,0,,2,A,7
576,A,C,-1.141,0.4211,3.5,2,A,7
576,A,D,0.3287,0.658,4,2,A,7
576,A,E,0.3287,0.003182,3.5,2,A,7
576,A,F,-0.3529,0.202,4.5,2,A,7
576,A,G,-0.04565,,0.5,1,A,7
576,A,H,0.599,0.1638,3.5,2,A,7
576,A,I,-1.278,1.294,4.5,2,A,7
576,A,K,-0.06205,0.0968,3,2,A,7
576,A,L,-1.672,1.793,4.5,2,A,7
576,A,M,-0.0701,0.4346,3.5,2,A,7
576,A,N,-0.7029,1.16,4,2,A,7
576,A,P,-0.6624,0.3555,5,2,A,7
576,A,Q,-0.2401,0.2667,3.5,2,A,7
576,A,R,-0.987,0.2093,3,2,A,7
576,A,S,0.1746,0.8371,7.5,2,A,7
576,A,T,0.2894,0.7777,5.5,2,A,7
576,A,V,-0.3994,0.5384,3.5,2,A,7
576,A,W,-1.277,0.67,5.5,2,A,7
576,A,Y,0.1514,0.1842,5,2,A,7
577,I,*,-4.928,0.1138,3.5,2,I,7
577,I,-,0.3333,0.2316,3,2,I,7
577,I,A,-0.2492,0.5911,3,2,I,7
577,I,C,-0.768,,2,1,I,7
577,I,D,-2.436,1.157,3.5,2,I,7
577,I,E,0.6683,0.04632,3.5,2,I,7
577,I,F,-1.049,1.37,1.5,2,I,7
577,I,G,-0.7891,0.4482,2.5,2,I,7
577,I,H,-2.16,2.992,3,2,I,7
577,I,I,0,0,,2,I,7
577,I,K,-2.204,0.6852,4,2,I,7
577,I,L,-0.2639,1.434,1.5,2,I,7
577,I,M,-0.7606,2.133,1.5,2,I,7
577,I,N,-3.628,0.1732,7,2,I,7
577,I,P,0.8273,,1,1,I,7
577,I,Q,-0.292,0.9311,1,2,I,7
577,I,R,-1.652,0.8174,4.5,2,I,7
577,I,S,-0.7749,1.6,1,2,I,7
577,I,T,-0.5195,0.2333,3.5,2,I,7
577,I,V,-0.01795,0.6403,6,2,I,7
577,I,W,0.5723,0.01711,3,2,I,7
577,I,Y,-1.522,2.413,2.5,2,I,7
578,V,-,-2.461,2.103,3,2,V,7
578,V,A,0.1003,0.3676,4.5,2,V,7
578,V,C,-0.05985,0.3006,3,2,V,7
578,V,D,0.0185,0.2526,1.5,2,V,7
578,V,E,0.2751,0.5518,5,2,V,7
578,V,F,-0.02755,0.4594,2,2,V,7
578,V,G,-0.2965,0.0152,3,2,V,7
578,V,H,-1.284,1.399,3,2,V,7
578,V,I,0.5738,0.2594,5,2,V,7
578,V,K,0.6861,,0.5,1,V,7
578,V,L,0.6828,0.06597,5,2,V,7
578,V,M,-0.328,0.2973,10.5,2,V,7
578,V,N,-0.1812,0.9963,4.5,2,V,7
578,V,P,-1.802,,3,1,V,7
578,V,Q,-0.3579,0.1732,5,2,V,7
578,V,R,-0.2362,0.4325,3,2,V,7
578,V,S,-0.00775,1.063,2.5,2,V,7
578,V,T,-1.075,1.745,3,2,V,7
578,V,V,0,0,,2,V,7
578,V,W,0.5623,0.2932,2,2,V,7
578,V,Y,-0.4487,0.3684,6.5,2,V,7
579,T,*,-4.838,0.1513,5.5,2,T,7
579,T,-,-1.343,0.2645,3,2,T,7
579,T,A,0.2658,0.6777,3.5,2,T,7
579,T,C,-0.4877,0.6745,3,2,T,7
579,T,D,-0.3541,0.8915,4.5,2,T,7
579,T,E,0.4875,0.1676,2.5,2,T,7
579,T,F,0.6838,0.05749,3,2,T,7
579,T,G,-0.9147,0.1984,4.5,2,T,7
579,T,H,0.3352,0.1677,4.5,2,T,7
579,T,I,-1.543,2.018,4.5,2,T,7
579,T,K,-0.4829,,1,1,T,7
579,T,M,-0.0181,1.098,2.5,2,T,7
579,T,N,0.09965,0.5122,5.5,2,T,7
579,T,P,-1.213,0.4484,3.5,2,T,7
579,T,Q,0.7027,,2,1,T,7
579,T,R,0.2947,0.1014,4,2,T,7
579,T,S,0.7109,0.01174,1.5,2,T,7
579,T,T,0,0,,2,T,7
579,T,V,-0.5807,0.125,2.5,2,T,7
579,T,W,-0.09255,0.3887,2,2,T,7
579,T,Y,0.1158,0.09916,3,2,T,7
580,A,-,0.03424,0.1688,3.5,2,A,7
580,A,A,0,0,,2,A,7
580,A,C,-1.14,1.616,2.5,2,A,7
580,A,D,-0.3251,0.4253,7.5,2,A,7
580,A,E,-1.18,0.8417,4,2,A,7
580,A,F,-0.9565,0.04844,3.5,2,A,7
580,A,G,-0.2693,0.9608,3,2,A,7
580,A,H,-0.9941,0.4708,4.5,2,A,7
580,A,I,-1.478,0.1655,7,2,A,7
580,A,K,0.1079,0.405,6.5,2,A,7
580,A,L,-0.5033,1.6,1.5,2,A,7
580,A,M,0.04831,,1.5,1,A,7
580,A,N,-0.0238,0.6684,1.5,2,A,7
580,A,P,-2.571,0.2404,1.5,2,A,7
580,A,Q,-1.108,0.4071,4,2,A,7
580,A,R,-0.618,1.434,2,2,A,7
580,A,S,0.3844,0.1872,10.5,2,A,7
580,A,T,0.1098,0.1257,14,2,A,7
580,A,V,-0.3026,0.3609,6,2,A,7
580,A,W,-0.4545,1.1,3.5,2,A,7
580,A,Y,-0.9714,0.7857,5,2,A,7
581,N,*,-4.915,0.1223,4,2,N,7
581,N,-,-1.66,0.9446,3.5,2,N,7
581,N,A,0.584,0.2677,4,2,N,7
581,N,C,-2.226,0.05728,2,2,N,7
581,N,D,0.6381,0.2055,2,2,N,7
581,N,E,-0.6923,0.8622,4.5,2,N,7
581,N,F,-0.305,0.4212,4,2,N,7
581,N,G,-0.7811,0.1051,4,2,N,7
581,N,H,-0.1069,0.3274,4,2,N,7
581,N,I,-1.237,0.7256,4.5,2,N,7
581,N,K,0.231,0.5344,5.5,2,N,7
581,N,L,-0.8441,1.981,2,2,N,7
581,N,M,0.2457,,0.5,1,N,7
581,N,N,0,0,,2,N,7
581,N,P,0.4379,0.5532,2.5,2,N,7
581,N,Q,0.5148,0.2256,4.5,2,N,7
581,N,R,-2.217,3.566,3,2,N,7
581,N,S,0.5632,,1.5,1,N,7
581,N,T,0.301,0.1323,4.5,2,N,7
581,N,V,-0.3364,0.08026,3,2,N,7
581,N,W,0.357,0.4636,2.5,2,N,7
581,N,Y,0.1713,0.6924,4.5,2,N,7
582,L,-,-2.833,1.512,3.5,2,L,7
582,L,A,-3.532,0.321,4,2,L,7
582,L,C,-2.553,0.285,5,2,L,7
582,L,D,-4.899,0.08415,3.5,2,L,7
582,L,E,-4.698,0.3734,2.5,2,L,7
582,L,F,-0.2371,0.2049,7,2,L,7
582,L,G,-4.832,,1,1,L,7
582,L,H,-1.482,0.2022,3,2,L,7
582,L,I,-0.6159,0.3615,3.5,2,L,7
582,L,K,-4.884,0.09405,2,2,L,7
582,L,L,0,0,,2,L,7
582,L,M,-0.01332,0.08703,7.5,2,L,7
582,L,N,-4.868,0.02687,9,2,L,7
582,L,P,-4.52,0.4653,5,2,L,7
582,L,Q,-3.947,0.9723,5,2,L,7
582,L,R,-4.92,0.116,5.5,2,L,7
582,L,S,-4.577,0.09263,2,2,L,7
582,L,T,-2.183,0.7354,2.5,2,L,7
582,L,V,-0.8657,0.05325,4.5,2,L,7
582,L,W,-4.814,,1.5,1,L,7
582,L,Y,-1.724,1.208,2.5,2,L,7
583,S,*,-4.885,0.07,4,2,S,7
583,S,-,-2.067,3.8,3.5,2,S,7
583,S,A,-0.9013,1.934,2.5,2,S,7
583,S,C,-1.679,0.5459,4.5,2,S,7
583,S,D,-3.539,0.6859,2.5,2,S,7
583,S,E,-0.63,0.3393,3.5,2,S,7
583,S,F,-1.884,0.6527,2.5,2,S,7
583,S,G,-0.6939,0.3898,4.5,2,S,7
583,S,H,0.3646,,2,1,S,7
583,S,I,-0.7831,0.5034,8,2,S,7
583,S,K,-0.6336,0.8986,3.5,2,S,7
583,S,L,-0.5451,0.2453,3.5,2,S,7
583,S,M,0.2004,0.897,4.5,2,S,7
583,S,N,-0.3443,0.7118,8,2,S,7
583,S,P,-2.554,0.5013,2.5,2,S,7
583,S,Q,0.3117,0.4223,2,2,S,7
583,S,R,-0.4733,0.2032,6,2,S,7
583,S,S,0,0,,2,S,7
583,S,T,-1.611,,1,1,S,7
583,S,V,0.497,,3,1,S,7
583,S,W,-1.728,0.6668,7.5,2,S,7
583,S,Y,-1.289,,2,1,S,7
584,I,-,-0.48,1.284,3,2,I,7
584,I,A,-4.886,0.0891,3,2,I,7
584,I,C,-4.229,1.037,5,2,I,7
584,I,D,-4.893,0.0502,3.5,2,I,7
584,I,E,-4.887,0.1004,2,2,I,7
584,I,F,-4.48,0.2524,3,2,I,7
584,I,G,-4.919,0.07495,3.5,2,I,7
584,I,H,-4.782,0.2348,2.5,2,I,7
584,I,I,0,0,,2,I,7
584,I,K,-3.175,2.481,1.5,2,I,7
584,I,L,-0.5312,0.1546,3.5,2,I,7
584,I,M,-2.415,1.128,2,2,I,7
584,I,N,-4.895,0.07637,4,2,I,7
584,I,P,-4.903,0.08768,3.5,2,I,7
584,I,Q,-4.902,0.07071,3.5,2,I,7
584,I,R,-4.91,,2.5,1,I,7
584,I,S,-4.815,,0.5,1,I,7
584,I,T,-4.38,0.8224,4,2,I,7
584,I,V,0.1749,0.3178,4,2,I,7
584,I,W,-4.892,0.08485,3.5,2,I,7
584,I,Y,-4.558,0.5968,5,2,I,7
585,P,*,-4.886,0.08839,2.5,2,P,7
585,P,-,0.1542,0.3111,2,2,P,7
585,P,A,-1.57,1.41,5.5,2,P,7
585,P,C,-2.338,3.503,1,2,P,7
585,P,D,-4.885,0.06293,1,2,P,7
585,P,E,-4.88,0.09051,2.5,2,P,7
585,P,F,-4.901,0.0891,5,2,P,7
585,P,G,-3.985,0.7637,4.5,2,P,7
585,P,H,-4.896,0.05303,4,2,P,7
585,P,I,-4.091,0.4518,3.5,2,P,7
585,P,K,-4.908,0.07425,7,2,P,7
585,P,L,-4.821,0.198,8.5,2,P,7
585,P,M,-4.107,0.9892,4.5,2,P,7
585,P,N,-4.911,0.09405,3.5,2,P,7
585,P,P,0,0,,2,P,7
585,P,Q,-4.939,0.09899,18,2,P,7
585,P,R,-4.886,0.06293,3.5,2,P,7
585,P,S,-4.662,0.4476,10,2,P,7
585,P,T,-4.907,0.08839,11,2,P,7
585,P,V,-1.346,0.309,1.5,2,P,7
585,P,W,-2.273,2.652,3,2,P,7
585,P,Y,-4.878,0.08768,3,2,P,7
586,S,-,-0.2233,0.1538,2.5,2,S,7
586,S,A,0.546,0.1691,2,2,S,7
586,S,C,0.2563,0.4779,4.5,2,S,7
586,S,D,-2.868,2.826,2,2,S,7
586,S,E,-0.2239,0.09461,4.5,2,S,7
586,S,F,0.2956,0.4015,5,2,S,7
586,S,G,-0.7469,0.2194,5.5,2,S,7
586,S,H,-0.2386,,1.5,1,S,7
586,S,I,-0.3611,1.02,7,2,S,7
586,S,K,-0.4936,0.2852,5,2,S,7
586,S,L,-1.7,3.443,3.5,2,S,7
586,S,M,-2.136,3.762,2,2,S,7
586,S,N,-0.322,0.2193,10,2,S,7
586,S,P,-4.03,,1.5,1,S,7
586,S,Q,0.3362,0.1858,2,2,S,7
586,S,R,-0.5156,,2.5,1,S,7
586,S,S,0,0,,2,S,7
586,S,T,0.179,0.1764,3,2,S,7
586,S,W,0.3262,0.6195,4,2,S,7
586,S,Y,0.232,0.2369,3.5,2,S,7
587,N,*,-4.945,,2.5,1,N,7
587,N,-,0.1892,0.1347,2.5,2,N,7
587,N,A,-0.6794,0.5793,2.5,2,N,7
587,N,C,-3.571,0.1329,5.5,2,N,7
587,N,D,-1.8,0.2284,4,2,N,7
587,N,E,0.2668,,0.5,1,N,7
587,N,F,-1.146,0.1428,2,2,N,7
587,N,G,-0.9555,0.408,2.5,2,N,7
587,N,H,-0.6395,,1.5,1,N,7
587,N,I,-1.918,0.758,4,2,N,7
587,N,K,-0.735,0.008344,6.5,2,N,7
587,N,L,-2.037,3.407,2,2,N,7
587,N,M,-0.5948,1.293,6.5,2,N,7
587,N,N,0,0,,2,N,7
587,N,P,-4.867,0.08768,2,2,N,7
587,N,Q,-1.572,0.6364,3,2,N,7
587,N,R,-0.798,0.2652,3,2,N,7
587,N,S,-0.5539,0.1336,3.5,2,N,7
587,N,T,-1.342,1.995,3,2,N,7
587,N,V,-2.906,2.211,2.5,2,N,7
587,N,W,-0.3424,0.519,4,2,N,7
587,N,Y,-2.147,0.3231,4,2,N,7
588,W,*,-4.889,0.05728,19.5,2,W,7
588,W,-,0.1286,0.1341,2.5,2,W,7
588,W,A,-3.247,2.423,3,2,W,7
588,W,C,-4.624,0.3847,14,2,W,7
588,W,D,-4.907,0.1202,5,2,W,7
588,W,E,-4.899,0.08415,4.5,2,W,7
588,W,F,-0.4523,,2,1,W,7
588,W,G,-4.886,0.1138,6,2,W,7
588,W,H,-1.754,3.561,3,2,W,7
588,W,I,-3.883,0.01061,3,2,W,7
588,W,K,-2.926,2.745,3.5,2,W,7
588,W,L,-4.111,0.4335,14,2,W,7
588,W,M,-3.82,1.616,3.5,2,W,7
588,W,N,-4.891,0.08061,3.5,2,W,7
588,W,P,-4.761,0.2454,2.5,2,W,7
588,W,Q,-4.895,0.08697,3.5,2,W,7
588,W,R,-4.73,0.309,3.5,2,W,7
588,W,S,-3.394,2.21,2,2,W,7
588,W,T,-4.874,0.08344,3,2,W,7
588,W,V,-2.909,0.2652,6,2,W,7
588,W,W,0,0,,2,W,7
588,W,Y,-0.2487,1.399,1.5,2,W,7
589,T,*,-4.893,0.08344,2.5,2,T,7
589,T,-,-1.945,2.021,2.5,2,T,7
589,T,A,-3.092,2.514,4,2,T,7
589,T,C,-4.029,0.4844,3,2,T,7
589,T,D,-0.534,,1.5,1,T,7
589,T,E,-0.4303,0.002121,4.5,2,T,7
589,T,F,-4.938,,2.5,1,T,7
589,T,G,-3.428,0.2793,4,2,T,7
589,T,H,-4.034,0.9058,4.5,2,T,7
589,T,I,-1.393,0.4865,4.5,2,T,7
589,T,K,-2.104,0.4596,4.5,2,T,7
589,T,L,-2.279,1.653,4.5,2,T,7
589,T,M,-1.713,0.3592,5.5,2,T,7
589,T,N,-3.244,1.248,5.5,2,T,7
589,T,P,-3.291,2.308,2.5,2,T,7
589,T,Q,-2.109,1.986,3.5,2,T,7
589,T,R,-3.447,0.02192,3,2,T,7
589,T,S,0.1353,0.8826,5,2,T,7
589,T,T,0,0,,2,T,7
589,T,V,-1.961,0.1421,3.5,2,T,7
589,T,W,-4.895,0.07778,3.5,2,T,7
589,T,Y,-3.798,1.332,3,2,T,7
590,T,-,-1.671,0.6682,2,2,I,7
590,T,A,-0.5262,0.9274,3.5,2,I,7
590,T,C,0.3721,0.4031,1,2,I,7
590,T,D,-4.887,0.1315,3.5,2,I,7
590,T,E,-4.88,0.06859,2,2,I,7
590,T,F,0.6374,0.2828,2.5,2,I,7
590,T,G,-2.06,3.804,4,2,I,7
590,T,H,-0.3508,0.8176,5,2,I,7
590,T,I,-0.2772,1.408,2,2,I,7
590,T,K,-4.871,0.0792,1.5,2,I,7
590,T,L,-1.865,,1.5,1,I,7
590,T,M,-0.02572,0.153,2,2,I,7
590,T,N,-4.252,0.3132,3,2,I,7
590,T,P,0.2984,0.09362,7,2,I,7
590,T,Q,-3.369,0.4766,3,2,I,7
590,T,R,-4.888,0.08627,4,2,I,7
590,T,S,-0.327,0.5726,2,2,I,7
590,T,T,0,0,,2,I,7
590,T,V,0.07655,0.9728,2.5,2,I,7
590,T,W,0.2525,0.4038,3.5,2,I,7
590,T,Y,0.6539,0.2496,4,2,I,7
591,S,*,-4.891,0.08202,4,2,S,7
591,S,-,-0.0252,0.4313,2.5,2,S,7
591,S,A,0.1241,0.1923,3.5,2,S,7
591,S,C,-0.9441,,1,1,S,7
591,S,D,-0.3759,,1.5,1,S,7
591,S,E,-0.7431,0.8313,2.5,2,S,7
591,S,F,-3.121,2.308,4,2,S,7
591,S,G,-1.259,1.802,2.5,2,S,7
591,S,H,0.299,0.4677,4.5,2,S,7
591,S,I,-3.379,,1,1,S,7
591,S,K,-2.846,2.436,2,2,S,7
591,S,L,-1.058,0.7555,5.5,2,S,7
591,S,M,-0.9509,0.611,3,2,S,7
591,S,N,-0.2929,1.332,1,2,S,7
591,S,P,-4.881,0.09475,3.5,2,S,7
591,S,Q,-0.7998,1.772,2,2,S,7
591,S,R,-3.926,1.284,1.5,2,S,7
591,S,S,0,0,,2,S,7
591,S,T,-0.2866,1.446,2,2,S,7
591,S,V,-1.405,3.04,2,2,S,7
591,S,W,-4.517,0.5841,2,2,S,7
591,S,Y,-2.674,2.759,7,2,S,7
592,V,-,-1.111,2.025,3.5,2,V,7
592,V,A,-4.926,0.1153,3.5,2,V,7
592,V,C,-4.559,0.5261,3,2,V,7
592,V,D,-4.874,0.08556,4.5,2,V,7
592,V,E,-4.934,0.1018,5,2,V,7
592,V,F,-4.917,0.1259,9,2,V,7
592,V,G,-4.896,0.07849,2.5,2,V,7
592,V,H,-3.58,1.692,1.5,2,V,7
592,V,I,0.6444,0.01336,11.5,2,V,7
592,V,K,-4.923,0.09475,2,2,V,7
592,V,L,-2.343,,2,1,V,7
592,V,M,-4.883,0.06293,3,2,V,7
592,V,N,-4.89,0.05515,2,2,V,7
592,V,P,-4.739,0.3741,5.5,2,V,7
592,V,Q,-4.881,0.06647,2.5,2,V,7
592,V,R,-4.883,0.09405,2,2,V,7
592,V,S,-4.984,,3,1,V,7
592,V,T,-4.878,0.07212,1,2,V,7
592,V,V,0,0,,2,V,7
592,V,W,-4.905,0.06718,4,2,V,7
592,V,Y,-3.37,,1,1,V,7
593,Q,*,-4.913,0.07071,8,2,Q,7
593,Q,-,-1.87,1.487,6,2,Q,7
593,Q,A,-2.308,0.1718,3.5,2,Q,7
593,Q,C,-3.944,,1.5,1,Q,7
593,Q,D,-1.076,0.152,3.5,2,Q,7
593,Q,E,-0.7449,0.1829,4,2,Q,7
593,Q,F,0.5805,0.05035,1.5,2,Q,7
593,Q,G,-2.663,0.157,3,2,Q,7
593,Q,H,-0.2784,0.5164,9.5,2,Q,7
593,Q,I,-4.844,0.1188,2,2,Q,7
593,Q,K,-4.894,0.1004,9,2,Q,7
593,Q,L,-1.127,,2,1,Q,7
593,Q,M,-0.2803,1.559,2,2,Q,7
593,Q,N,-1.514,0.06576,4.5,2,Q,7
593,Q,P,-4.362,0.8407,3.5,2,Q,7
593,Q,Q,0,0,,2,Q,7
593,Q,R,-4.909,0.06788,5,2,Q,7
593,Q,S,-1.603,1.271,1,2,Q,7
593,Q,T,-1.907,3.801,2,2,Q,7
593,Q,V,-1.957,2.509,2,2,Q,7
593,Q,W,0.0679,,2,1,Q,7
593,Q,Y,-1.145,,1,1,Q,7
594,V,-,-2.132,3.258,6,2,V,7
594,V,A,-2.923,2.519,6.5,2,V,7
594,V,C,-2.035,1.453,4,2,V,7
594,V,D,-4.883,0.0502,4.5,2,V,7
594,V,E,-4.884,0.09192,4,2,V,7
594,V,F,-4.891,0.08202,2.5,2,V,7
594,V,G,-4.761,0.2397,3.5,2,V,7
594,V,H,-4.891,0.157,4.5,2,V,7
594,V,I,-3.051,0.7495,3,2,V,7
594,V,K,-4.873,0.0799,3.5,2,V,7
594,V,L,-2.989,0.4002,5.5,2,V,7
594,V,M,-1.472,1.58,3.5,2,V,7
594,V,N,-4.873,0.08556,2,2,V,7
594,V,P,-1.457,1.181,1,2,V,7
594,V,Q,-4.896,0.0891,4.5,2,V,7
594,V,R,-4.611,0.08697,2,2,V,7
594,V,S,-4.882,0.09475,2.5,2,V,7
594,V,T,-2.401,3.49,1,2,V,7
594,V,V,0,0,,2,V,7
594,V,W,-3.309,2.319,2,2,V,7
594,V,Y,-4.842,0.01131,5.5,2,V,7
595,E,*,-4.925,0.09687,11.5,2,E,7
595,E,-,-1.42,1.208,5,2,E,7
595,E,A,-4.816,0.2206,5,2,E,7
595,E,C,-4.7,0.4356,3,2,E,7
595,E,D,-3.999,1.344,1.5,2,E,7
595,E,E,0,0,,2,E,7
595,E,F,-4.902,0.1181,1,2,E,7
595,E,G,-4.897,0.09899,5,2,E,7
595,E,H,-4.881,0.06718,3.5,2,E,7
595,E,I,-4.885,0.09829,3.5,2,E,7
595,E,K,-4.937,0.1018,45.5,2,E,7
595,E,L,-3.497,2.055,3.5,2,E,7
595,E,M,-4.875,0.01273,4.5,2,E,7
595,E,N,-4.626,0.4278,1.5,2,E,7
595,E,P,-4.893,0.08485,4,2,E,7
595,E,Q,-4.887,0.06505,4.5,2,E,7
595,E,R,-4.761,0.2786,3.5,2,E,7
595,E,S,-4.8,0.06718,4,2,E,7
595,E,T,-4.857,0.1633,6.5,2,E,7
595,E,V,-4.899,0.08061,4,2,E,7
595,E,W,-4.856,0.1747,6.5,2,E,7
595,E,Y,-4.912,0.1209,3.5,2,E,7
596,Y,*,-1.539,2.412,1.5,2,Y,7
596,Y,-,-1.28,0.367,5,2,Y,7
596,Y,A,-4.873,0.1372,5.5,2,Y,7
596,Y,C,-2.038,,1.5,1,Y,7
596,Y,D,-3.944,1.428,2,2,Y,7
596,Y,E,-4.786,0.2072,3,2,Y,7
596,Y,F,-4.889,0.07566,2,2,Y,7
596,Y,G,-4.908,0.1329,1.5,2,Y,7
596,Y,H,-4.763,0.2397,6,2,Y,7
596,Y,I,-2.977,2.67,2,2,Y,7
596,Y,K,-4.867,0.06576,2,2,Y,7
596,Y,L,-4.904,0.1195,3,2,Y,7
596,Y,M,-5.009,,0.5,1,Y,7
596,Y,N,-4.761,0.09051,1,2,Y,7
596,Y,P,-4.884,0.1018,3.5,2,Y,7
596,Y,Q,-4.916,0.1004,3,2,Y,7
596,Y,R,-4.864,0.09122,2.5,2,Y,7
596,Y,S,-4.867,0.09122,2,2,Y,7
596,Y,T,-4.894,0.06505,5,2,Y,7
596,Y,V,-4.978,,2,1,Y,7
596,Y,W,-4.895,,0.5,1,Y,7
596,Y,Y,0,0,,2,Y,7
597,L,*,-4.929,0.1131,5.5,2,L,7
597,L,-,0.1491,0.008344,5,2,L,7
597,L,A,-3.435,0.7905,5.5,2,L,7
597,L,C,-1.161,0.006364,2.5,2,L,7
597,L,D,-4.804,,1,1,L,7
597,L,E,-4.883,0.0898,2,2,L,7
597,L,F,-0.04936,0.03559,5.5,2,L,7
597,L,G,-4.459,0.6972,3.5,2,L,7
597,L,H,-1.078,0.2624,2.5,2,L,7
597,L,I,0.7506,,3,1,L,7
597,L,K,-4.904,0.0594,3,2,L,7
597,L,L,0,0,,2,L,7
597,L,M,-0.8176,0.1773,7.5,2,L,7
597,L,N,-4.878,0.06788,3,2,L,7
597,L,P,-2.257,3.679,1.5,2,L,7
597,L,Q,-0.4171,0.4783,4.5,2,L,7
597,L,R,-4.032,1.244,1.5,2,L,7
597,L,S,-4.869,0.1329,6,2,L,7
597,L,T,-0.7047,0.2256,3.5,2,L,7
597,L,V,-2.983,,0.5,1,L,7
597,L,W,-0.9527,0.1644,4.5,2,L,7
597,L,Y,-0.1918,0.8511,2,2,L,7
598,Q,*,-4.676,0.2687,4,2,Q,7
598,Q,-,0.0039,0.5732,5.5,2,Q,7
598,Q,A,-4.843,0.2079,3,2,Q,7
598,Q,C,-4.928,,1.5,1,Q,7
598,Q,D,-4.572,0.1414,2,2,Q,7
598,Q,E,-4.101,1.014,4,2,Q,7
598,Q,F,-4.878,0.08627,4.5,2,Q,7
598,Q,G,-4.815,,1,1,Q,7
598,Q,H,-4.797,0.2531,8.5,2,Q,7
598,Q,I,-4.87,0.1365,5.5,2,Q,7
598,Q,K,-4.83,0.1697,4.5,2,Q,7
598,Q,L,-4.887,0.0594,4,2,Q,7
598,Q,M,-4.909,0.06152,3.5,2,Q,7
598,Q,N,-4.881,0.06788,2,2,Q,7
598,Q,P,-4.728,0.1068,6,2,Q,7
598,Q,Q,0,0,,2,Q,7
598,Q,R,-4.946,,1,1,Q,7
598,Q,S,-4.768,0.02121,4,2,Q,7
598,Q,T,-4.874,0.07849,2,2,Q,7
598,Q,V,-4.772,0.2744,4.5,2,Q,7
598,Q,W,-4.785,0.111,3.5,2,Q,7
598,Q,Y,-4.773,0.06505,7.5,2,Q,7
599,I,*,-4.895,0.06788,3.5,2,I,7
599,I,-,-1.456,1.41,4.5,2,I,7
599,I,A,-4.899,0.08415,5.5,2,I,7
599,I,C,-4.126,1.136,1.5,2,I,7
599,I,D,-4.825,,1.5,1,I,7
599,I,E,-4.88,0.06718,3.5,2,I,7
599,I,F,-4.024,1.191,3,2,I,7
599,I,G,-4.863,0.09192,2.5,2,I,7
599,I,H,-4.83,0.0198,3.5,2,I,7
599,I,I,0,0,,2,I,7
599,I,K,-4.872,0.08768,3.5,2,I,7
599,I,L,-4.591,0.5332,1,2,I,7
599,I,M,-4.719,0.2588,5,2,I,7
599,I,N,-4.851,0.1344,4,2,I,7
599,I,P,-4.89,0.0693,4,2,I,7
599,I,Q,-4.883,0.09192,2,2,I,7
599,I,R,-4.872,0.07778,2,2,I,7
599,I,S,-4.901,0.0495,2,2,I,7
599,I,T,-4.889,0.09617,4,2,I,7
599,I,V,-3.3,0.3168,7,2,I,7
599,I,W,-4.883,0.09405,3.5,2,I,7
599,I,Y,-4.957,,2,1,I,7
600,T,-,-1.572,1.256,6,2,T,7
600,T,A,-2.272,1.3,3.5,2,T,7
600,T,C,-2.197,,2.5,1,T,7
600,T,D,-3.395,2.174,1.5,2,T,7
600,T,E,-3.679,1.783,2,2,T,7
600,T,F,-0.1705,,2,1,T,7
600,T,G,-4.87,0.07778,1.5,2,T,7
600,T,H,-1.21,0.7465,2,2,T,7
600,T,I,-4.098,0.0898,8,2,T,7
600,T,K,-3.26,1.03,2,2,T,7
600,T,L,-3.529,1.931,2,2,T,7
600,T,M,0.4512,0.03175,2.5,2,T,7
600,T,N,-4.919,0.1245,3.5,2,T,7
600,T,P,-4.896,0.08697,4.5,2,T,7
600,T,Q,0.3211,0.5861,1.5,2,T,7
600,T,R,-4.848,0.1534,3,2,T,7
600,T,S,-0.7897,0.1491,5,2,T,7
600,T,T,0,0,,2,T,7
600,T,V,-2.505,,1.5,1,T,7
600,T,W,-0.7609,0.004738,3.5,2,T,7
600,T,Y,-0.3186,0.5317,2.5,2,T,7
601,S,*,-4.898,0.09051,2,2,S,7
601,S,-,-2.476,2.422,7,2,S,7
601,S,A,0.7168,0.06223,4,2,S,7
601,S,C,-0.5805,0.9709,4,2,S,7
601,S,D,-4.578,0.4476,4.5,2,S,7
601,S,E,-4.528,0.5657,2.5,2,S,7
601,S,F,-0.962,1.475,7.5,2,S,7
601,S,G,-4.897,0.1075,3.5,2,S,7
601,S,H,0.3147,0.1024,5,2,S,7
601,S,I,-0.5736,0.9793,2.5,2,S,7
601,S,K,0.503,0.2263,5.5,2,S,7
601,S,L,0.01458,0.04509,3.5,2,S,7
601,S,M,0.7446,0.01676,4,2,S,7
601,S,N,0.6634,0.08641,2.5,2,S,7
601,S,P,-4.876,0.09405,4.5,2,S,7
601,S,Q,0.7532,0.07962,2.5,2,S,7
601,S,R,0.1063,0.9153,1.5,2,S,7
601,S,S,0,0,,2,S,7
601,S,T,-0.088,0.1182,3,2,S,7
601,S,V,-0.2876,0.1032,4,2,S,7
601,S,W,-1.832,0.5798,2,2,S,7
601,S,Y,0.143,0.7196,5,2,S,7
602,T,-,-0.6559,0.3479,6.5,2,T,7
602,T,A,-0.4305,0.2307,4.5,2,T,7
602,T,C,-3.368,1.925,1.5,2,T,7
602,T,D,-4.906,0.06293,6.5,2,T,7
602,T,E,-4.586,0.4837,4.5,2,T,7
602,T,F,-2.988,0.5105,4.5,2,T,7
602,T,G,-1.902,3.772,3,2,T,7
602,T,H,-0.9482,,1.5,1,T,7
602,T,I,-0.891,2.319,2.5,2,T,7
602,T,K,-2.251,3.232,2,2,T,7
602,T,L,-0.6746,1.972,3.5,2,T,7
602,T,M,0.02944,0.07656,5.5,2,T,7
602,T,N,-0.5429,0.3106,4.5,2,T,7
602,T,P,-0.7145,0.3324,2.5,2,T,7
602,T,Q,0.7572,,1.5,1,T,7
602,T,R,0.1729,0.02185,4.5,2,T,7
602,T,S,-0.9377,0.2804,4,2,T,7
602,T,T,0,0,,2,T,7
602,T,V,-1.954,1.996,2.5,2,T,7
602,T,W,-2.181,0.4391,3,2,T,7
602,T,Y,-3.954,1.203,3.5,2,T,7
603,P,*,-4.567,0.08697,3.5,2,P,7
603,P,-,-0.3174,1.151,6,2,P,7
603,P,A,0.3265,0.4727,3,2,P,7
603,P,C,-1.385,1.083,4,2,P,7
603,P,D,-4.873,0.08061,2,2,P,7
603,P,E,-4.312,,2,1,P,7
603,P,F,0.2319,0.04759,1.5,2,P,7
603,P,G,-1.599,0.3656,1.5,2,P,7
603,P,H,0.3619,0.588,7,2,P,7
603,P,I,-0.2148,1.066,3,2,P,7
603,P,K,-1.3,,1,1,P,7
603,P,L,-0.6788,1.907,2.5,2,P,7
603,P,M,-1.041,1.244,4.5,2,P,7
603,P,N,0.8341,,0.5,1,P,7
603,P,P,0,0,,2,P,7
603,P,Q,0.6886,0.192,1,2,P,7
603,P,R,-0.8308,1.376,6,2,P,7
603,P,S,-0.7854,0.7617,8.5,2,P,7
603,P,T,-0.7256,1.402,4,2,P,7
603,P,V,0.2517,,0.5,1,P,7
603,P,W,-0.1053,0.3045,1.5,2,P,7
603,P,Y,0.3335,0.3185,5.5,2,P,7
604,I,-,-1.545,2.031,6,2,I,7
604,I,A,-4.79,0.1945,4,2,I,7
604,I,C,-4.844,0.1513,6,2,I,7
604,I,D,-2.531,2.94,2,2,I,7
604,I,E,-4.752,0.1584,2.5,2,I,7
604,I,F,-4.471,0.02263,5,2,I,7
604,I,G,-3.616,1.896,3,2,I,7
604,I,H,-4.878,0.04738,4,2,I,7
604,I,I,0,0,,2,I,7
604,I,K,-4.907,0.1294,2.5,2,I,7
604,I,L,-0.7475,,1.5,1,I,7
604,I,M,-4.835,0.02546,3,2,I,7
604,I,N,-4.858,0.09405,4.5,2,I,7
604,I,P,-0.2283,,1.5,1,I,7
604,I,Q,-4.896,0.1534,5,2,I,7
604,I,R,-4.873,0.07707,2,2,I,7
604,I,S,-4.872,0.07707,2.5,2,I,7
604,I,T,-4.902,0.09263,4.5,2,I,7
604,I,V,0.5173,0.285,4,2,I,7
604,I,W,-3.122,2.258,1.5,2,I,7
604,I,Y,-4.886,0.0799,2,2,I,7
605,V,*,-4.984,,3.5,1,V,7
605,V,-,0.1884,0.2071,6.5,2,V,7
605,V,A,-3.085,0.9065,4,2,V,7
605,V,C,-4.736,0.3132,4.5,2,V,7
605,V,D,-4.768,0.1393,7.5,2,V,7
605,V,E,-4.921,0.1223,6.5,2,V,7
605,V,F,-0.5178,0.7399,4,2,V,7
605,V,G,-4.882,0.09405,2.5,2,V,7
605,V,H,-0.9011,2.161,1,2,V,7
605,V,I,0.6473,0.1302,2.5,2,V,7
605,V,K,-4.925,0.1004,2,2,V,7
605,V,L,0.2074,0.03062,8,2,V,7
605,V,M,-0.1556,0.8453,8.5,2,V,7
605,V,N,-4.868,0.03748,5,2,V,7
605,V,P,-4.899,0.0898,4.5,2,V,7
605,V,Q,-3.678,0.5211,3.5,2,V,7
605,V,R,-4.947,,1.5,1,V,7
605,V,S,-3.386,,1,1,V,7
605,V,T,-0.8848,0.8855,6,2,V,7
605,V,V,0,0,,2,V,7
605,V,W,-4.117,1.095,2,2,V,7
605,V,Y,-0.1657,1.155,2,2,V,7
606,V,-,-0.0228,0.6002,6,2,V,7
606,V,A,-4.891,0.1075,4.5,2,V,7
606,V,C,-4.92,0.07212,3.5,2,V,7
606,V,D,-4.886,0.06435,1.5,2,V,7
606,V,E,-4.893,0.0891,3,2,V,7
606,V,F,-4.824,0.2623,4.5,2,V,7
606,V,G,-4.817,,1,1,V,7
606,V,H,-4.93,,1,1,V,7
606,V,I,0.6681,,0.5,1,V,7
606,V,K,-4.894,0.1117,5,2,V,7
606,V,L,-3.201,0.09899,12,2,V,7
606,V,M,-4.86,0.01131,6,2,V,7
606,V,N,-4.847,0.02828,1,2,V,7
606,V,P,-4.905,0.08627,7,2,V,7
606,V,Q,-4.917,0.07495,3,2,V,7
606,V,R,-4.016,0.6145,1,2,V,7
606,V,S,-4.854,0.01909,2.5,2,V,7
606,V,T,-4.88,0.07071,2.5,2,V,7
606,V,V,0,0,,2,V,7
606,V,W,-2.009,2.745,1,2,V,7
606,V,Y,-4.863,0.05091,2,2,V,7
607,D,*,-4.925,0.1153,4.5,2,D,7
607,D,-,-1.884,3.043,5.5,2,D,7
607,D,A,-0.08257,0.1287,2,2,D,7
607,D,C,-2.986,1.411,5,2,D,7
607,D,D,0,0,,2,D,7
607,D,E,-2.327,1.119,3.5,2,D,7
607,D,F,-4.812,0.2072,4.5,2,D,7
607,D,G,-4.802,0.03394,4.5,2,D,7
607,D,H,0.6563,0.1523,6,2,D,7
607,D,I,-4.597,0.3571,5,2,D,7
607,D,K,-3.684,0.6067,3,2,D,7
607,D,L,-4.722,0.355,3,2,D,7
607,D,M,-4.718,0.2949,1,2,D,7
607,D,N,-4.855,0.1556,28,2,D,7
607,D,P,-4.491,0.2899,1.5,2,D,7
607,D,Q,-1.569,0.1435,5,2,D,7
607,D,R,-4.31,0.8514,4,2,D,7
607,D,S,-0.8775,0.401,1.5,2,D,7
607,D,T,-4.114,1.183,3,2,D,7
607,D,V,-2.843,2.108,3,2,D,7
607,D,W,-4.828,0.03111,4,2,D,7
607,D,Y,-4.709,0.3479,11,2,D,7
608,C,*,-4.648,0.4101,2.5,2,C,7
608,C,-,0.2227,0.1689,4.5,2,C,7
608,C,A,-4.88,0.1153,4,2,C,7
608,C,C,0,0,,2,C,7
608,C,D,-4.871,0.07849,1.5,2,C,7
608,C,E,-4.893,0.08132,3.5,2,C,7
608,C,F,-4.763,0.1018,7,2,C,7
608,C,G,-4.794,0.05586,5,2,C,7
608,C,H,-4.839,,2.5,1,C,7
608,C,I,-4.93,,1,1,C,7
608,C,K,-4.857,0.1294,2,2,C,7
608,C,L,-4.853,0.169,5,2,C,7
608,C,M,-4.751,0.297,3.5,2,C,7
608,C,N,-4.286,,0.5,1,C,7
608,C,P,-4.86,0.09829,2,2,C,7
608,C,Q,-4.872,0.07707,1.5,2,C,7
608,C,R,-4.24,0.8846,2,2,C,7
608,C,S,-4.895,0.07637,3,2,C,7
608,C,T,-4.063,0.1202,5,2,C,7
608,C,V,-1.478,1.767,4.5,2,C,7
608,C,W,-4.888,0.0997,4,2,C,7
608,C,Y,-4.915,0.07,12.5,2,C,7
609,S,*,-4.88,0.0891,4,2,S,7
609,S,-,-2.357,3.692,5.5,2,S,7
609,S,A,0.2426,0.4924,3,2,S,7
609,S,C,-0.6679,0.7624,4.5,2,S,7
609,S,D,-0.0078,1.029,2,2,S,7
609,S,E,-0.4433,1.695,2,2,S,7
609,S,F,-0.7823,0.7675,3,2,S,7
609,S,G,-0.6109,0.1962,5,2,S,7
609,S,H,0.3158,0.1859,3.5,2,S,7
609,S,I,-0.5846,1.255,6.5,2,S,7
609,S,K,0.531,,0.5,1,S,7
609,S,L,-3.398,0.01909,8.5,2,S,7
609,S,M,-0.5843,,0.5,1,S,7
609,S,N,0.00321,0.08498,6.5,2,S,7
609,S,P,0.3998,0.4021,5,2,S,7
609,S,Q,0.5993,0.3439,4,2,S,7
609,S,R,0.5854,0.237,4.5,2,S,7
609,S,S,0,0,,2,S,7
609,S,T,-0.09445,1.296,4,2,S,7
609,S,V,-0.7954,0.0396,3,2,S,7
609,S,W,0.244,,0.5,1,S,7
609,S,Y,-1.174,1.439,2.5,2,S,7
610,T,-,-0.4404,1.2,4.5,2,T,7
610,T,A,-2.883,2.049,5,2,T,7
610,T,C,-4.697,0.333,3,2,T,7
610,T,D,-4.859,0.2079,2.5,2,T,7
610,T,E,-4.873,0.1054,5,2,T,7
610,T,F,-0.07655,0.256,4.5,2,T,7
610,T,G,-4.84,,2,1,T,7
610,T,H,-2.196,2.013,3,2,T,7
610,T,I,-0.7721,0.1827,4.5,2,T,7
610,T,K,-2.743,1.023,8.5,2,T,7
610,T,L,-1.966,0.09546,2,2,T,7
610,T,M,-0.6059,0.9448,6,2,T,7
610,T,N,-4.895,0.1124,3.5,2,T,7
610,T,P,-4.899,0.04596,4,2,T,7
610,T,Q,-1.245,0.2376,4,2,T,7
610,T,R,-0.7727,0.6821,2.5,2,T,7
610,T,S,-2.603,0.2687,4.5,2,T,7
610,T,T,0,0,,2,T,7
610,T,V,-1.067,,1.5,1,T,7
610,T,W,-1.08,0.4958,3.5,2,T,7
610,T,Y,-1.333,2.681,4.5,2,T,7
611,Y,*,-4.913,0.1082,6.5,2,Y,7
611,Y,-,-1.447,2.36,4.5,2,Y,7
611,Y,A,-4.824,0.1789,3,2,Y,7
611,Y,C,-4.889,0.09829,6,2,Y,7
611,Y,D,-4.929,,0.5,1,Y,7
611,Y,E,-4.678,0.3818,2.5,2,Y,7
611,Y,F,-2.87,2.359,3,2,Y,7
611,Y,G,-4.885,0.1004,5.5,2,Y,7
611,Y,H,-4.768,0.2835,3,2,Y,7
611,Y,I,-4.88,0.0693,4,2,Y,7
611,Y,K,-4.932,,1,1,Y,7
611,Y,L,-4.125,1.178,2.5,2,Y,7
611,Y,M,-4.881,0.06647,5.5,2,Y,7
611,Y,N,-4.758,0.05162,3.5,2,Y,7
611,Y,P,-4.885,0.09475,3.5,2,Y,7
611,Y,Q,-4.111,0.3592,1.5,2,Y,7
611,Y,R,-4.894,0.07778,2.5,2,Y,7
611,Y,S,-4.891,0.1047,4.5,2,Y,7
611,Y,T,-4.884,0.09192,2.5,2,Y,7
611,Y,V,-4.875,0.0792,1.5,2,Y,7
611,Y,W,-4.958,,1.5,1,Y,7
611,Y,Y,0,0,,2,Y,7
612,V,-,-0.4621,1.514,4.5,2,V,7
612,V,A,-4.555,0.3946,3.5,2,V,7
612,V,C,0.01095,0.3635,2.5,2,V,7
612,V,D,-4.866,0.1216,4.5,2,V,7
612,V,E,-3.776,1.679,4.5,2,V,7
612,V,F,-4.905,0.07495,3,2,V,7
612,V,G,-2.79,3.053,1.5,2,V,7
612,V,H,-4.882,0.06364,3.5,2,V,7
612,V,I,-1.762,0.9808,4,2,V,7
612,V,K,-4.709,0.09192,2.5,2,V,7
612,V,L,-4.913,0.06364,8.5,2,V,7
612,V,M,-4.912,0.08415,8.5,2,V,7
612,V,N,-4.916,0.1188,4.5,2,V,7
612,V,P,-4.685,0.42,5,2,V,7
612,V,Q,-4.826,0.2588,2.5,2,V,7
612,V,R,-4.836,0.002828,3.5,2,V,7
612,V,S,-2.703,2.992,2.5,2,V,7
612,V,T,-4.88,0.06718,2,2,V,7
612,V,V,0,0,,2,V,7
612,V,W,-4.896,0.08697,5,2,V,7
612,V,Y,-4.859,0.03111,4.5,2,V,7
613,C,*,-4.78,0.2093,2.5,2,C,7
613,C,-,0.09795,0.289,4.5,2,C,7
613,C,A,-4.84,0.1442,2.5,2,C,7
613,C,C,0,0,,2,C,7
613,C,D,-2.129,4.007,4.5,2,C,7
613,C,E,-4.683,0.4596,2,2,C,7
613,C,F,-4.924,0.1032,8.5,2,C,7
613,C,G,-4.9,0.1174,3.5,2,C,7
613,C,H,-4.612,0.5445,3.5,2,C,7
613,C,I,-4.871,0.0792,1,2,C,7
613,C,K,-4.941,,1.5,1,C,7
613,C,L,-4.691,0.3345,4.5,2,C,7
613,C,M,-4.885,0.1082,3,2,C,7
613,C,N,-4.876,0.07354,3,2,C,7
613,C,P,-4.882,0.09475,2.5,2,C,7
613,C,Q,-4.692,0.1902,3.5,2,C,7
613,C,R,-4.601,0.5523,4,2,C,7
613,C,S,-4.933,0.0997,2,2,C,7
613,C,T,-4.896,0.07778,1.5,2,C,7
613,C,V,-4.905,0.07425,6.5,2,C,7
613,C,W,-3.946,1.414,1.5,2,C,7
613,C,Y,-4.912,0.07,10,2,C,7
614,N,-,-2.695,2.205,5,2,N,7
614,N,A,-1.294,0.5018,4.5,2,N,7
614,N,C,-4.883,0.07283,1,2,N,7
614,N,D,-1.555,0.6626,3.5,2,N,7
614,N,E,-2.238,2.097,1,2,N,7
614,N,F,-4.895,0.0792,4,2,N,7
614,N,G,-0.2998,0.3926,3.5,2,N,7
614,N,H,-1.968,1.157,6.5,2,N,7
614,N,I,-4.813,0.2044,5.5,2,N,7
614,N,K,-4.45,0.6767,5,2,N,7
614,N,L,-4.631,0.4483,3.5,2,N,7
614,N,M,-1.692,0.8407,3,2,N,7
614,N,N,0,0,,2,N,7
614,N,P,-4.876,0.1174,6,2,N,7
614,N,Q,-1.273,,0.5,1,N,7
614,N,R,-3.856,1.572,3.5,2,N,7
614,N,S,-0.742,0.1048,2,2,N,7
614,N,T,-0.6803,0.7491,1.5,2,N,7
614,N,V,-4.89,0.1075,4.5,2,N,7
614,N,W,-4.9,0.08202,5.5,2,N,7
614,N,Y,-4.902,0.09546,5.5,2,N,7
615,G,-,-1.833,2.866,5.5,2,G,7
615,G,A,-1.185,0.7652,6,2,G,7
615,G,C,-4.91,0.1386,11,2,G,7
615,G,D,-4.345,0.8704,12.5,2,G,7
615,G,E,-3.902,1.529,3.5,2,G,7
615,G,F,-0.3953,0.2729,2.5,2,G,7
615,G,G,0,0,,2,G,7
615,G,H,-1.142,1.082,2.5,2,G,7
615,G,I,-4.908,,2,1,G,7
615,G,K,-2.985,2.6,3,2,G,7
615,G,L,-1.407,,1.5,1,G,7
615,G,M,-2.906,2.34,2,2,G,7
615,G,N,-2.245,0.1973,2.5,2,G,7
615,G,P,-4.848,,1.5,1,G,7
615,G,Q,-1.66,,1,1,G,7
615,G,R,-2.99,0.5685,4,2,G,7
615,G,S,-3.446,1.853,9,2,G,7
615,G,T,-1.135,0.5495,3.5,2,G,7
615,G,V,-4.912,0.06859,4,2,G,7
615,G,W,-4.883,0.06435,2.5,2,G,7
615,G,Y,-0.4095,1.187,5,2,G,7
616,N,-,-3.662,1.6,5.5,2,N,7
616,N,A,-4.651,0.42,5,2,N,7
616,N,C,-2.322,0.4448,2,2,N,7
616,N,D,-2.419,0.2036,6,2,N,7
616,N,E,-4.897,0.09617,3.5,2,N,7
616,N,F,-4.899,0.06152,3.5,2,N,7
616,N,G,-4.925,0.0799,3.5,2,N,7
616,N,H,-1.861,3.034,3.5,2,N,7
616,N,I,-0.5897,0.1645,4.5,2,N,7
616,N,K,-4.918,0.1188,6,2,N,7
616,N,L,-4.685,0.1577,8,2,N,7
616,N,M,-4.902,0.0799,4,2,N,7
616,N,N,0,0,,2,N,7
616,N,P,-4.893,0.07142,5.5,2,N,7
616,N,Q,-4.029,,2,1,N,7
616,N,R,-4.872,0.08061,1,2,N,7
616,N,S,-4.774,0.007071,3.5,2,N,7
616,N,T,-4.908,0.1322,4,2,N,7
616,N,V,-0.6468,1.299,3.5,2,N,7
616,N,W,-4.81,0.04243,5.5,2,N,7
616,N,Y,-4.828,0.004243,3,2,N,7
617,V,-,0.3916,0.0145,4.5,2,V,7
617,V,A,0.7637,0.03741,4,2,V,7
617,V,C,-1.435,0.0997,3.5,2,V,7
617,V,D,-0.0241,0.2988,4,2,V,7
617,V,E,-1.167,0.03465,3.5,2,V,7
617,V,F,0.3098,0.6887,2,2,V,7
617,V,G,-0.02525,0.4823,3,2,V,7
617,V,H,-0.6439,,1,1,V,7
617,V,I,0.06614,0.1631,5.5,2,V,7
617,V,K,-1.571,,2,1,V,7
617,V,L,-0.326,0.8655,4,2,V,7
617,V,M,0.1522,0.4091,3.5,2,V,7
617,V,N,0.2322,0.8041,1.5,2,V,7
617,V,P,0.4683,0.2956,4,2,V,7
617,V,Q,0.6296,,0.5,1,V,7
617,V,R,0.4429,,1.5,1,V,7
617,V,S,-0.1603,0.9596,4.5,2,V,7
617,V,T,0.3333,0.2881,4,2,V,7
617,V,V,0,0,,2,V,7
617,V,W,-0.3064,0.6785,2,2,V,7
617,V,Y,0.586,0.1588,3,2,V,7
618,R,*,-4.849,,0.5,1,R,7
618,R,-,-3.261,1.02,5,2,R,7
618,R,A,-4.903,0.05798,4.5,2,R,7
618,R,C,-4.885,0.1195,3.5,2,R,7
618,R,D,-4.83,0.1867,5.5,2,R,7
618,R,E,-4.619,0.49,6,2,R,7
618,R,F,-4.895,0.06647,8,2,R,7
618,R,G,-4.912,0.0898,5.5,2,R,7
618,R,H,-3.95,0.152,1,2,R,7
618,R,I,-4.936,0.0997,13,2,R,7
618,R,K,-4.673,0.3825,17.5,2,R,7
618,R,L,-4.821,0.006364,5.5,2,R,7
618,R,M,-4.89,0.1032,1.5,2,R,7
618,R,N,-2.801,1.44,2,2,R,7
618,R,P,-2.777,2.701,1.5,2,R,7
618,R,Q,-2.596,1.541,3,2,R,7
618,R,R,0,0,,2,R,7
618,R,S,-4.96,,3,1,R,7
618,R,T,-4.917,0.09546,4,2,R,7
618,R,V,-4.902,0.0799,3.5,2,R,7
618,R,W,-4.463,,1.5,1,R,7
618,R,Y,-4.93,0.08768,2.5,2,R,7
619,C,*,-4.87,0.0799,3,2,C,8
619,C,-,-0.7814,1.678,1.5,2,C,8
619,C,A,-4.847,0.01697,3,2,C,8
619,C,C,0,0,,2,C,8
619,C,D,-2.252,2.525,3,2,C,8
619,C,E,-4.856,0.1492,5,2,C,8
619,C,F,-4.733,0.2588,11.5,2,C,8
619,C,G,-4.793,0.1945,3,2,C,8
619,C,H,-4.927,0.09334,1.5,2,C,8
619,C,I,-4.902,0.08202,5,2,C,8
619,C,K,-4.891,0.09475,4,2,C,8
619,C,L,-4.918,0.09051,6,2,C,8
619,C,M,-4.872,0.07637,1.5,2,C,8
619,C,N,-4.878,0.1527,3.5,2,C,8
619,C,P,-4.858,0.1004,2,2,C,8
619,C,Q,-4.798,0.2425,8,2,C,8
619,C,R,-4.996,,0.5,1,C,8
619,C,S,-4.906,0.0891,6,2,C,8
619,C,T,-4.907,0.05869,2.5,2,C,8
619,C,V,-4.787,,0.5,1,C,8
619,C,W,-4.706,0.3762,7,2,C,8
619,C,Y,-4.873,0.04313,9.5,2,C,8
620,V,-,-4.12,0.5607,2,2,V,8
620,V,A,-0.2622,0.05636,3,2,V,8
620,V,C,0.00285,0.4939,1.5,2,V,8
620,V,D,-1.198,0.4046,4,2,V,8
620,V,E,-1.339,1.212,5,2,V,8
620,V,F,-1.765,0.8351,2,2,V,8
620,V,G,0.0972,0.9402,2,2,V,8
620,V,H,-1.773,0.01485,1.5,2,V,8
620,V,I,0.04605,0.9564,3.5,2,V,8
620,V,K,-0.7631,0.5032,4.5,2,V,8
620,V,L,-1.071,0.02333,7,2,V,8
620,V,M,0.2508,0.13,6,2,V,8
620,V,N,0.4784,0.3861,2,2,V,8
620,V,P,-4.922,0.1131,4.5,2,V,8
620,V,Q,-0.2178,0.2792,3,2,V,8
620,V,R,-0.0252,0.8976,5,2,V,8
620,V,S,-2.586,2.884,1.5,2,V,8
620,V,T,-0.5877,2.001,1.5,2,V,8
620,V,V,0,0,,2,V,8
620,V,W,-1.177,,2,1,V,8
620,V,Y,-2.658,0.8386,3.5,2,V,8
621,E,*,-4.692,0.2616,4,2,E,8
621,E,-,-0.4676,,0.5,1,E,8
621,E,A,-1.607,,2,1,E,8
621,E,C,-4.913,0.06435,4,2,E,8
621,E,D,0.4432,0.1771,2,2,E,8
621,E,E,0,0,,2,E,8
621,E,F,-0.00745,0.2925,3,2,E,8
621,E,G,-1.045,1.308,5,2,E,8
621,E,H,0.1356,0.9777,3.5,2,E,8
621,E,I,-0.7582,0.6814,3.5,2,E,8
621,E,K,-0.8536,1.143,20.5,2,E,8
621,E,L,-0.8791,0.4836,2.5,2,E,8
621,E,M,0.5907,0.1257,3,2,E,8
621,E,N,-3.251,,1,1,E,8
621,E,P,-4.89,0.1032,3.5,2,E,8
621,E,Q,0.6134,0.02503,2.5,2,E,8
621,E,R,-1.224,0.3432,6,2,E,8
621,E,S,-0.1018,0.4185,5,2,E,8
621,E,T,-0.2371,0.3462,1.5,2,E,8
621,E,V,-1.586,0.7509,5.5,2,E,8
621,E,W,0.06423,0.1274,3.5,2,E,8
621,E,Y,0.05304,0.04849,3,2,E,8
622,L,-,0.6417,,0.5,1,L,8
622,L,A,-4.845,0.04031,3,2,L,8
622,L,C,-4.894,0.111,3,2,L,8
622,L,D,-4.879,0.07212,3.5,2,L,8
622,L,E,-4.914,0.1188,2.5,2,L,8
622,L,F,-4.86,0.1372,4,2,L,8
622,L,G,-4.743,0.3705,5,2,L,8
622,L,H,-3.216,1.394,3.5,2,L,8
622,L,I,-0.7309,0.4979,2,2,L,8
622,L,K,-1.154,2.791,1,2,L,8
622,L,L,0,0,,2,L,8
622,L,M,-1.158,0.334,5.5,2,L,8
622,L,N,-1.953,1.111,2,2,L,8
622,L,P,-4.922,0.1174,5.5,2,L,8
622,L,Q,-4.025,0.1089,4,2,L,8
622,L,R,-3.221,2.36,2.5,2,L,8
622,L,S,-4.754,0.3606,4,2,L,8
622,L,T,-4.882,0.0601,4,2,L,8
622,L,V,-4.635,0.4243,1,2,L,8
622,L,W,-4.526,0.6032,4,2,L,8
622,L,Y,-4.902,0.1011,6.5,2,L,8
623,L,-,-1.223,,0.5,1,L,8
623,L,A,-4.83,,1,1,L,8
623,L,C,-4.899,0.07566,6,2,L,8
623,L,D,-4.883,0.1782,2,2,L,8
623,L,E,-4.887,0.05798,3,2,L,8
623,L,F,-4.92,0.1032,6.5,2,L,8
623,L,G,-4.902,0.0891,7.5,2,L,8
623,L,H,-4.906,0.128,5.5,2,L,8
623,L,I,-4.585,0.3599,6,2,L,8
623,L,K,-4.896,0.09051,4,2,L,8
623,L,L,0,0,,2,L,8
623,L,M,-3.831,0.7156,11,2,L,8
623,L,N,-4.89,0.05303,4,2,L,8
623,L,P,-4.86,0.06293,3.5,2,L,8
623,L,Q,-4.735,0.3875,1.5,2,L,8
623,L,R,-2.634,3.249,2,2,L,8
623,L,S,-4.612,0.478,3.5,2,L,8
623,L,T,-4.906,0.07566,6,2,L,8
623,L,V,-4.874,0.1018,2,2,L,8
623,L,W,-4.933,,0.5,1,L,8
623,L,Y,-4.8,0.1945,5.5,2,L,8
624,K,-,0.002221,,1.5,1,K,8
624,K,A,-1.526,0.3281,2,2,K,8
624,K,C,-4.878,0.1315,6.5,2,K,8
624,K,D,-4.755,0.1973,3.5,2,K,8
624,K,E,-4.844,,1,1,K,8
624,K,F,-1.898,0.4384,1.5,2,K,8
624,K,G,-2.047,0.03606,6,2,K,8
624,K,H,-0.7258,0.4359,3.5,2,K,8
624,K,I,-0.7548,1.12,5.5,2,K,8
624,K,K,0,0,,2,K,8
624,K,L,-1.229,0.4781,7,2,K,8
624,K,M,-1.15,0.5988,3,2,K,8
624,K,N,-1.833,0.03677,10,2,K,8
624,K,P,-4.894,0.04667,1,2,K,8
624,K,Q,-2.185,0.5996,6,2,K,8
624,K,R,0.7832,0.04087,3,2,K,8
624,K,S,-0.9231,0.1229,3.5,2,K,8
624,K,T,-1.669,0.8379,3.5,2,K,8
624,K,V,-1.105,0.3091,7.5,2,K,8
624,K,W,-0.6016,1.744,1,2,K,8
624,K,Y,-1.395,,1.5,1,K,8
625,Q,*,-4.826,0.1174,3.5,2,Q,8
625,Q,-,0.1072,,1.5,1,Q,8
625,Q,A,0.5545,0.2936,2.5,2,Q,8
625,Q,C,-3.718,0.5614,4,2,Q,8
625,Q,D,-2.475,2.257,2.5,2,Q,8
625,Q,E,-0.433,0.1472,6.5,2,Q,8
625,Q,F,-1.673,0.5876,6.5,2,Q,8
625,Q,G,0.2582,0.6917,2.5,2,Q,8
625,Q,H,-0.07525,0.5557,3,2,Q,8
625,Q,I,-1.351,0.3797,6,2,Q,8
625,Q,K,-3.347,0.009899,8.5,2,Q,8
625,Q,L,-1.214,0.04879,1,2,Q,8
625,Q,M,-0.194,,1.5,1,Q,8
625,Q,N,-4.281,0.7,1.5,2,Q,8
625,Q,P,-1.977,2.79,1,2,Q,8
625,Q,Q,0,0,,2,Q,8
625,Q,R,-3.726,1.282,2,2,Q,8
625,Q,S,0.63,0.2569,6,2,Q,8
625,Q,T,-0.7423,0.7787,5,2,Q,8
625,Q,V,-1.036,1.253,1,2,Q,8
625,Q,W,-2.564,,0.5,1,Q,8
625,Q,Y,-1.549,0.9552,3,2,Q,8
626,Y,*,-4.835,,1,1,Y,8
626,Y,-,-0.5431,,1.5,1,Y,8
626,Y,A,-4.926,0.1138,4.5,2,Y,8
626,Y,C,-4.908,0.09475,8.5,2,Y,8
626,Y,D,-2.915,2.713,2,2,Y,8
626,Y,E,-2.201,1.792,2,2,Y,8
626,Y,F,-1.558,0.5558,7.5,2,Y,8
626,Y,G,-4.422,0.5791,2,2,Y,8
626,Y,H,-3.319,1.809,5.5,2,Y,8
626,Y,I,-4.911,0.1329,3.5,2,Y,8
626,Y,K,-3.559,0.164,4.5,2,Y,8
626,Y,L,-4.835,0.05657,6.5,2,Y,8
626,Y,M,-4.88,0.1414,4.5,2,Y,8
626,Y,N,-4.877,0.0693,1.5,2,Y,8
626,Y,P,-4.884,0.09475,2.5,2,Y,8
626,Y,Q,-4.544,0.4087,3.5,2,Y,8
626,Y,R,-4.885,,0.5,1,Y,8
626,Y,S,-4.545,,0.5,1,Y,8
626,Y,T,-4.812,0.2171,2,2,Y,8
626,Y,V,-4.889,0.09405,6.5,2,Y,8
626,Y,W,-4.056,0.5466,4,2,Y,8
626,Y,Y,0,0,,2,Y,8
627,T,-,-0.2488,,1.5,1,T,8
627,T,A,0.5586,0.1333,2,2,T,8
627,T,C,-2.402,1.918,1.5,2,T,8
627,T,D,-2.188,,0.5,1,T,8
627,T,E,-3.968,1.2,2,2,T,8
627,T,F,-0.6909,0.1363,4,2,T,8
627,T,G,-2.301,,2,1,T,8
627,T,H,-0.3507,1.003,1.5,2,T,8
627,T,I,-0.7861,0.2572,3,2,T,8
627,T,K,-0.4785,0.2739,3.5,2,T,8
627,T,L,-0.3734,1.316,2.5,2,T,8
627,T,M,-0.5072,1.294,6.5,2,T,8
627,T,N,-1.494,0.5961,2,2,T,8
627,T,P,-1.868,0.06647,5,2,T,8
627,T,Q,0.3684,,5,1,T,8
627,T,R,-0.253,1.367,3,2,T,8
627,T,S,-1.211,1.727,3,2,T,8
627,T,T,0,0,,2,T,8
627,T,V,-1.143,0.5713,2,2,T,8
627,T,W,-2.137,,0.5,1,T,8
627,T,Y,-1.117,0.2179,3.5,2,T,8
628,S,-,0.152,,1.5,1,S,8
628,S,A,-0.2487,0.2649,11,2,S,8
628,S,C,-0.6653,0.5355,8,2,S,8
628,S,D,-0.9829,1.177,4,2,S,8
628,S,E,-0.5764,1.763,7,2,S,8
628,S,F,-3.647,0.2531,6.5,2,S,8
628,S,G,0.3972,0.3606,9.5,2,S,8
628,S,H,-2.378,0.8761,6,2,S,8
628,S,I,-2.908,2.135,4.5,2,S,8
628,S,K,-0.19,0.08316,4,2,S,8
628,S,L,-2.42,0.3069,4.5,2,S,8
628,S,M,0.4318,0.4576,2.5,2,S,8
628,S,N,-1.659,1.512,5,2,S,8
628,S,P,-0.3725,,2,1,S,8
628,S,Q,0.07472,0.004264,5,2,S,8
628,S,R,-1.074,1.168,7.5,2,S,8
628,S,S,0,0,,2,S,8
628,S,T,0.4801,0.5014,4,2,S,8
628,S,V,-0.1008,0.6645,3,2,S,8
628,S,W,-4.676,0.2531,3.5,2,S,8
628,S,Y,-3.894,0.05869,2.5,2,S,8
629,A,-,-0.8296,0.7091,3.5,2,A,8
629,A,A,0,0,,2,A,8
629,A,C,-1.064,0.2292,5,2,A,8
629,A,D,-4.16,0.5487,10,2,A,8
629,A,E,-4.556,0.1966,8,2,A,8
629,A,F,-2.373,0.3274,9,2,A,8
629,A,G,-1.833,0.3726,5,2,A,8
629,A,H,-3.345,2.288,3,2,A,8
629,A,I,-0.6168,0.4142,5.5,2,A,8
629,A,K,-3.672,1.085,3.5,2,A,8
629,A,L,-3.268,1.546,3.5,2,A,8
629,A,M,-3.795,0.5558,6.5,2,A,8
629,A,N,-2.499,0.3097,1,2,A,8
629,A,P,-4.899,0.1209,4,2,A,8
629,A,Q,-4.699,0.4052,1,2,A,8
629,A,R,-4.011,0.5593,5,2,A,8
629,A,S,-0.6038,0.8361,4.5,2,A,8
629,A,T,-0.7984,0.5355,10,2,A,8
629,A,V,-0.1027,0.4658,6,2,A,8
629,A,W,-4.127,1.01,6.5,2,A,8
629,A,Y,-4.324,0.5487,4,2,A,8
630,C,*,-4.679,0.2164,4,2,C,8
630,C,-,-0.6331,1.323,3.5,2,C,8
630,C,A,-4.896,0.07425,5.5,2,C,8
630,C,C,0,0,,2,C,8
630,C,D,-4.093,1.228,3,2,C,8
630,C,E,-4.901,0.07425,4.5,2,C,8
630,C,F,-4.915,0.1124,7,2,C,8
630,C,G,-4.85,0.1414,5,2,C,8
630,C,H,-4.956,,1.5,1,C,8
630,C,I,-4.888,0.0997,2.5,2,C,8
630,C,K,-4.803,0.1994,4.5,2,C,8
630,C,L,-4.905,0.0898,3.5,2,C,8
630,C,M,-4.717,0.1442,2.5,2,C,8
630,C,N,-4.904,0.05798,7.5,2,C,8
630,C,P,-4.902,0.07707,5.5,2,C,8
630,C,Q,-4.829,0.2341,3.5,2,C,8
630,C,R,-4.85,0.157,5,2,C,8
630,C,S,-4.833,,0.5,1,C,8
630,C,T,-4.907,0.1047,2.5,2,C,8
630,C,V,-4.929,,0.5,1,C,8
630,C,W,-4.87,0.1223,3,2,C,8
630,C,Y,-4.928,0.09687,14.5,2,C,8
631,K,*,-4.855,,0.5,1,K,8
631,K,-,-1.255,,2,1,K,8
631,K,A,-2.04,1.455,6.5,2,K,8
631,K,C,-4.508,0.5657,6,2,K,8
631,K,D,-3.976,0.1499,4.5,2,K,8
631,K,E,-4.466,0.3635,2.5,2,K,8
631,K,F,-4.396,0.7474,5.5,2,K,8
631,K,G,-4.771,0.09758,3,2,K,8
631,K,H,-2.825,0.3224,5,2,K,8
631,K,I,-0.8249,1.372,3.5,2,K,8
631,K,K,0,0,,2,K,8
631,K,L,0.1497,0.7224,3.5,2,K,8
631,K,M,-3.851,1.199,2.5,2,K,8
631,K,N,-3.799,1.568,4,2,K,8
631,K,P,-4.159,1.103,3.5,2,K,8
631,K,Q,-3.987,0.4667,2.5,2,K,8
631,K,R,-0.8932,0.4113,4,2,K,8
631,K,S,-1.396,1.659,2,2,K,8
631,K,T,-1.707,0.05233,5,2,K,8
631,K,V,-0.5627,0.7825,3,2,K,8
631,K,W,-4.872,0.1428,5,2,K,8
631,K,Y,-4.521,0.02899,3.5,2,K,8
632,T,-,-2.295,3.441,3,2,T,8
632,T,A,0.367,0.6351,2,2,T,8
632,T,C,-0.4004,1.528,4,2,T,8
632,T,D,-4.481,0.7361,3,2,T,8
632,T,E,0.4689,0.4574,2.5,2,T,8
632,T,F,0.192,0.09751,4,2,T,8
632,T,G,0.11,0.2175,3,2,T,8
632,T,H,0.242,0.7089,2,2,T,8
632,T,I,-0.0242,0.4422,8,2,T,8
632,T,K,0.5652,0.1182,3.5,2,T,8
632,T,L,-0.2168,1.267,4,2,T,8
632,T,M,0.6767,0.1162,3.5,2,T,8
632,T,N,-0.8986,1.529,6.5,2,T,8
632,T,P,-4.745,0.1082,2,2,T,8
632,T,Q,0.2873,0.1788,8,2,T,8
632,T,R,-3.011,1.845,3,2,T,8
632,T,S,0.6619,0.07043,3.5,2,T,8
632,T,T,0,0,,2,T,8
632,T,V,-0.0764,1.262,3.5,2,T,8
632,T,W,-1.762,0.9878,2,2,T,8
632,T,Y,0.1125,0.9904,2.5,2,T,8
633,I,-,-0.8877,1.031,3,2,I,8
633,I,A,-2.893,0.5961,2,2,I,8
633,I,C,-4.918,0.1294,5,2,I,8
633,I,D,-4.876,0.07425,2.5,2,I,8
633,I,E,-4.837,0.02263,6.5,2,I,8
633,I,F,-4.349,0.2121,2,2,I,8
633,I,G,-3.245,2.247,2,2,I,8
633,I,H,-3.66,1.793,3.5,2,I,8
633,I,I,0,0,,2,I,8
633,I,K,-4.807,0.001414,3,2,I,8
633,I,L,-0.5215,0.4224,4.5,2,I,8
633,I,M,-0.3477,0.5772,3.5,2,I,8
633,I,N,-4.737,0.268,4.5,2,I,8
633,I,P,-4.899,0.04313,1.5,2,I,8
633,I,Q,-4.737,0.3104,2.5,2,I,8
633,I,R,-4.678,0.2701,9,2,I,8
633,I,S,0.7719,,0.5,1,I,8
633,I,T,-4.816,,0.5,1,I,8
633,I,V,0.2911,0.2815,3,2,I,8
633,I,W,-4.07,0.4794,2.5,2,I,8
633,I,Y,-1.695,0.8895,2,2,I,8
634,E,*,-4.877,0.05586,8,2,E,8
634,E,-,-0.6132,,1.5,1,E,8
634,E,A,-4.642,0.4674,1,2,E,8
634,E,C,-4.669,0.3663,2.5,2,E,8
634,E,D,-3.475,0.111,16.5,2,E,8
634,E,E,0,0,,2,E,8
634,E,F,-4.654,0.4306,8.5,2,E,8
634,E,G,-4.79,0.2489,6.5,2,E,8
634,E,H,-3.401,1.143,2,2,E,8
634,E,I,-4.887,0.08627,2.5,2,E,8
634,E,K,-4.913,0.0898,11,2,E,8
634,E,L,-4.825,0.1973,7.5,2,E,8
634,E,M,-2.678,0.355,2.5,2,E,8
634,E,N,-0.6243,0.8424,3,2,E,8
634,E,P,-4.587,,3,1,E,8
634,E,Q,-0.9847,0.699,2,2,E,8
634,E,R,-4.894,0.07707,4.5,2,E,8
634,E,S,-3.218,0.3599,5.5,2,E,8
634,E,T,-1.526,0.03677,12.5,2,E,8
634,E,V,-4.906,0.09192,7.5,2,E,8
634,E,W,-4.95,,2,1,E,8
634,E,Y,-4.914,0.1344,4.5,2,E,8
635,D,-,-0.5619,,1.5,1,D,8
635,D,A,0.5968,0.3408,5.5,2,D,8
635,D,C,-3.047,1.133,3.5,2,D,8
635,D,D,0,0,,2,D,8
635,D,E,-0.2434,0.8438,7,2,D,8
635,D,F,0.265,0.7542,2,2,D,8
635,D,G,0.3729,0.4644,3,2,D,8
635,D,H,0.3242,0.09532,2.5,2,D,8
635,D,I,-2.526,3.423,3,2,D,8
635,D,K,0.219,0.2023,4.5,2,D,8
635,D,L,-0.0911,1.242,4,2,D,8
635,D,M,-0.0265,0.6097,8,2,D,8
635,D,N,0.4635,0.363,7.5,2,D,8
635,D,P,-5.001,,0.5,1,D,8
635,D,Q,-0.07925,1.165,2.5,2,D,8
635,D,R,0.4176,0.226,3,2,D,8
635,D,S,0.543,0.3105,3.5,2,D,8
635,D,T,0.5653,0.3507,2,2,D,8
635,D,V,-0.1268,0.04762,2.5,2,D,8
635,D,W,-0.9253,0.1877,4,2,D,8
635,D,Y,-0.7712,0.7663,7.5,2,D,8
636,A,-,-0.1712,,1.5,1,A,8
636,A,A,0,0,,2,A,8
636,A,C,-4.613,0.4738,1.5,2,A,8
636,A,D,-0.8082,0.2811,7.5,2,A,8
636,A,E,-1.292,0.1987,4,2,A,8
636,A,F,-4.837,0.1704,4,2,A,8
636,A,G,-4.711,,1,1,A,8
636,A,H,-0.527,0.02567,3.5,2,A,8
636,A,I,-1.371,1.51,5,2,A,8
636,A,K,0.1559,,3,1,A,8
636,A,L,-0.1659,0.4642,3.5,2,A,8
636,A,M,-1.045,,1,1,A,8
636,A,N,-0.8288,0.7117,5.5,2,A,8
636,A,P,-4.899,0.1039,6,2,A,8
636,A,Q,-0.4836,0.1601,4,2,A,8
636,A,R,0.0252,0.4674,3,2,A,8
636,A,S,0.4403,0.4125,10,2,A,8
636,A,T,0.08795,0.8602,6.5,2,A,8
636,A,V,-0.8522,0.5257,2.5,2,A,8
636,A,W,-4.588,0.5607,2,2,A,8
636,A,Y,-4.974,,1,1,A,8
637,L,-,-0.3396,,1.5,1,L,8
637,L,A,-4.713,0.3345,3,2,L,8
637,L,C,-4.907,0.123,3,2,L,8
637,L,D,-4.679,0.4525,3,2,L,8
637,L,E,-4.816,0.04031,2.5,2,L,8
637,L,F,-4.877,0.07566,4.5,2,L,8
637,L,G,-4.825,,1.5,1,L,8
637,L,H,-4.882,0.09405,1.5,2,L,8
637,L,I,-4.896,0.07566,3.5,2,L,8
637,L,K,-4.888,0.09899,2.5,2,L,8
637,L,L,0,0,,2,L,8
637,L,M,-4.162,0.9666,9,2,L,8
637,L,N,-4.907,0.111,6,2,L,8
637,L,P,-4.799,0.2185,8.5,2,L,8
637,L,Q,-4.637,0.4511,3,2,L,8
637,L,R,-4.961,,1.5,1,L,8
637,L,S,-4.832,0.1464,4,2,L,8
637,L,T,-4.855,0.1895,3,2,L,8
637,L,V,-4.919,0.1018,5,2,L,8
637,L,W,-4.785,,1,1,L,8
637,L,Y,-4.692,0.1075,7,2,L,8
638,R,-,0.5207,,1.5,1,R,8
638,R,A,-4.891,0.09546,2.5,2,R,8
638,R,C,-4.888,0.0997,3.5,2,R,8
638,R,D,-4.893,0.1082,2.5,2,R,8
638,R,E,-4.796,0.2093,5.5,2,R,8
638,R,F,-3.254,2.09,4,2,R,8
638,R,G,-4.896,0.08839,5.5,2,R,8
638,R,H,-3.514,,0.5,1,R,8
638,R,I,-4.853,0.2213,8.5,2,R,8
638,R,K,-0.8308,0.3779,55,2,R,8
638,R,L,-4.57,0.5275,9,2,R,8
638,R,M,-4.689,0.2984,4.5,2,R,8
638,R,N,-4.88,0.0898,2.5,2,R,8
638,R,P,-3.522,2.029,8,2,R,8
638,R,Q,-3.312,0.9687,3,2,R,8
638,R,R,0,0,,2,R,8
638,R,S,-4.6,0.1174,2.5,2,R,8
638,R,T,-4.499,0.396,4,2,R,8
638,R,V,-3.961,0.9334,2.5,2,R,8
638,R,W,-1.572,0.9045,2,2,R,8
638,R,Y,-1.029,0.5781,5,2,R,8
639,N,-,-4.279,0.9235,3,2,N,8
639,N,A,-4.99,,0.5,1,N,8
639,N,C,-0.9943,2.518,1.5,2,N,8
639,N,D,-1.04,0.6379,4.5,2,N,8
639,N,E,-1.525,0.4554,3.5,2,N,8
639,N,F,-1.826,1.138,8.5,2,N,8
639,N,G,-0.7483,0.3786,1,2,N,8
639,N,H,-0.2537,0.1479,1.5,2,N,8
639,N,I,-2.26,0.6739,8.5,2,N,8
639,N,K,0.4847,0.04731,4.5,2,N,8
639,N,L,-2.165,0.08415,9.5,2,N,8
639,N,M,-1.066,0.01485,6.5,2,N,8
639,N,N,0,0,,2,N,8
639,N,P,-4.838,0.2001,3.5,2,N,8
639,N,Q,0.3017,0.129,6.5,2,N,8
639,N,R,0.3983,0.492,1.5,2,N,8
639,N,S,0.3106,0.1808,4,2,N,8
639,N,T,0.5939,0.2301,3,2,N,8
639,N,V,-1.495,1.299,5,2,N,8
639,N,W,-1.945,0.5374,8,2,N,8
639,N,Y,-0.7997,0.01966,3,2,N,8
640,S,-,-1.775,3.36,2.5,2,S,8
640,S,A,0.4898,0.1912,2,2,S,8
640,S,C,-0.9231,0.3067,2.5,2,S,8
640,S,D,-5.002,,0.5,1,S,8
640,S,E,-0.1174,0.1858,4.5,2,S,8
640,S,F,-0.0528,1.133,2,2,S,8
640,S,G,0.4589,0.3808,4,2,S,8
640,S,H,0.4135,0.1329,2.5,2,S,8
640,S,I,0.08473,0.03814,10,2,S,8
640,S,K,-1.575,1.364,3.5,2,S,8
640,S,L,-1.943,1.527,3.5,2,S,8
640,S,M,0.5058,,1.5,1,S,8
640,S,N,0.5872,0.362,10.5,2,S,8
640,S,P,-4.909,0.08556,5,2,S,8
640,S,Q,-0.2752,1.338,1.5,2,S,8
640,S,R,-1.813,0.6378,9.5,2,S,8
640,S,S,0,0,,2,S,8
640,S,T,-0.6286,1.256,2,2,S,8
640,S,V,0.1632,0.8194,7,2,S,8
640,S,W,0.1472,0.5858,7,2,S,8
640,S,Y,-1.564,3.254,1,2,S,8
641,A,-,-0.2851,1.311,1.5,2,A,8
641,A,A,0,0,,2,A,8
641,A,C,-4.262,0.1697,3.5,2,A,8
641,A,D,-4.885,0.08061,6.5,2,A,8
641,A,E,-4.7,0.1662,1,2,A,8
641,A,F,-0.8039,0.6126,1.5,2,A,8
641,A,G,-4.787,0.06152,4,2,A,8
641,A,H,-3.025,,1.5,1,A,8
641,A,I,-0.1325,0.1473,3.5,2,A,8
641,A,K,-4.888,0.1047,3,2,A,8
641,A,L,-0.2662,0.5838,6.5,2,A,8
641,A,M,-0.3519,0.784,2.5,2,A,8
641,A,N,-4.334,,2.5,1,A,8
641,A,P,-4.852,0.08344,6.5,2,A,8
641,A,Q,-4.249,,1,1,A,8
641,A,R,-4.864,0.0396,5.5,2,A,8
641,A,S,-4.841,0.04667,6.5,2,A,8
641,A,T,-4.918,0.07,23,2,A,8
641,A,V,0.06083,0.179,10.5,2,A,8
641,A,W,-0.3343,0.08563,2.5,2,A,8
641,A,Y,-2.328,0.1061,1,2,A,8
642,M,-,-0.6474,1.087,2,2,R,8
642,M,A,-0.4384,0.4236,2,2,R,8
642,M,C,-4.663,0.4787,4,2,R,8
642,M,D,-4.236,0.1796,7.5,2,R,8
642,M,E,-0.7515,1.518,2,2,R,8
642,M,F,0.0473,0.7265,3,2,R,8
642,M,G,-3.488,1.802,3,2,R,8
642,M,H,-0.69,0.09511,3,2,R,8
642,M,I,-0.6798,0.5264,24.5,2,R,8
642,M,K,0.0213,0.634,5.5,2,R,8
642,M,L,-0.2551,0.4231,5,2,R,8
642,M,M,0,0,,2,R,8
642,M,N,-0.2302,0.5312,2.5,2,R,8
642,M,P,-4.9,0.1167,2,2,R,8
642,M,Q,0.3265,0.002475,1,2,R,8
642,M,R,-0.1432,0.4547,7,2,R,8
642,M,S,-1.957,2.146,3,2,R,8
642,M,T,-0.3133,0.1283,3.5,2,R,8
642,M,V,-1.094,0.404,2,2,R,8
642,M,W,-0.3594,0.1664,5.5,2,R,8
642,M,Y,-1.085,,3,1,R,8
643,L,-,-1.596,1.677,2,2,L,8
643,L,A,-0.499,0.7353,1.5,2,L,8
643,L,C,-0.736,0.7594,1.5,2,L,8
643,L,D,-0.5134,0.4967,3.5,2,L,8
643,L,E,0.6377,,3,1,L,8
643,L,F,-1.241,0.01697,2.5,2,L,8
643,L,G,-4.655,,1,1,L,8
643,L,H,0.2082,0.5298,3,2,L,8
643,L,I,0.4675,0.03288,3.5,2,L,8
643,L,K,0.3502,0.1068,6.5,2,L,8
643,L,L,0,0,,2,L,8
643,L,M,0.6889,0.03748,2.5,2,L,8
643,L,N,-4.787,0.3005,7.5,2,L,8
643,L,P,-4.896,0.111,3,2,L,8
643,L,Q,0.364,0.5652,7,2,L,8
643,L,S,-0.6754,0.4873,3,2,L,8
643,L,T,0.06223,,1,1,L,8
643,L,V,-1.428,0.1655,1.5,2,L,8
643,L,W,-2.457,3.4,1.5,2,L,8
643,L,Y,-1.39,1.03,5,2,L,8
644,E,*,-3.492,1.841,3,2,E,8
644,E,-,-0.3757,0.3673,3,2,E,8
644,E,A,-4.816,,0.5,1,E,8
644,E,C,-4.72,0.3076,4.5,2,E,8
644,E,D,0.0573,0.6003,4.5,2,E,8
644,E,E,0,0,,2,E,8
644,E,F,-4.788,0.05091,6.5,2,E,8
644,E,G,-4.768,0.1096,6.5,2,E,8
644,E,H,-4.893,0.0799,3,2,E,8
644,E,I,-4.883,0.09263,2.5,2,E,8
644,E,K,-4.912,0.1025,74,2,E,8
644,E,L,-4.892,0.08556,2,2,E,8
644,E,M,-4.482,0.688,6.5,2,E,8
644,E,N,-4.421,0.5989,1.5,2,E,8
644,E,P,-2.031,3.96,3,2,E,8
644,E,Q,-0.4555,1.023,2,2,E,8
644,E,R,-4.67,0.4723,5,2,E,8
644,E,S,-4.832,0.1457,7.5,2,E,8
644,E,T,-4.901,0.04596,1.5,2,E,8
644,E,V,-4.037,0.886,2.5,2,E,8
644,E,W,-4.901,0.1146,7,2,E,8
644,E,Y,-4.857,0.1308,2.5,2,E,8
645,S,-,0.0167,0.5607,2,2,S,8
645,S,A,-0.6686,2.005,2.5,2,S,8
645,S,C,-0.8413,0.8212,5.5,2,S,8
645,S,D,-0.4824,0.1978,4,2,S,8
645,S,E,-0.0437,1.069,2.5,2,S,8
645,S,F,-0.1407,0.2911,1.5,2,S,8
645,S,G,-2.357,0.4914,3,2,S,8
645,S,H,-0.1644,0.524,5.5,2,S,8
645,S,I,-0.5235,0.1877,7,2,S,8
645,S,K,-3.569,,1,1,S,8
645,S,L,0.0568,1.001,2.5,2,S,8
645,S,M,0.016,1.028,3.5,2,S,8
645,S,N,-1.766,2.601,4.5,2,S,8
645,S,P,-4.893,0.06152,3.5,2,S,8
645,S,Q,0.7946,,0.5,1,S,8
645,S,R,-3.752,0.4667,3.5,2,S,8
645,S,S,0,0,,2,S,8
645,S,T,-0.0141,0.7572,2,2,S,8
645,S,V,-1.113,1.371,4,2,S,8
645,S,W,0.666,0.1165,5,2,S,8
645,S,Y,-0.3121,0.4276,1.5,2,S,8
646,A,-,-2.216,0.04384,2,2,A,8
646,A,A,0,0,,2,A,8
646,A,C,-3.112,0.2461,4.5,2,A,8
646,A,D,-1.391,0.5848,6,2,A,8
646,A,E,-0.5223,1.137,6,2,A,8
646,A,F,-1.293,1.005,2.5,2,A,8
646,A,G,-1.957,1.921,3.5,2,A,8
646,A,H,0.5925,0.2204,3,2,A,8
646,A,I,-0.0846,1.079,4,2,A,8
646,A,K,-0.2108,0.1967,3.5,2,A,8
646,A,L,0.0846,0.5282,4,2,A,8
646,A,M,-2.558,1.07,1.5,2,A,8
646,A,N,-0.01919,0.0889,4,2,A,8
646,A,P,-4.899,0.1563,3,2,A,8
646,A,Q,0.7712,0.01499,1.5,2,A,8
646,A,R,0.4031,0.002333,1.5,2,A,8
646,A,S,0.1572,0.1534,8,2,A,8
646,A,T,-0.7846,0.3442,24.5,2,A,8
646,A,V,-0.5054,0.4079,10.5,2,A,8
646,A,W,-0.1998,,1.5,1,A,8
646,A,Y,-0.6864,1.009,4,2,A,8
647,D,-,-1.768,1.067,2,2,D,8
647,D,A,0.2078,0.3107,7.5,2,D,8
647,D,C,-4.28,0.828,2,2,D,8
647,D,D,0,0,,2,D,8
647,D,E,0.4688,0.1176,2,2,D,8
647,D,F,-4.908,0.06081,5,2,D,8
647,D,G,-2.046,1.163,9,2,D,8
647,D,H,-0.7169,0.6054,2.5,2,D,8
647,D,I,-4.835,0.1718,2,2,D,8
647,D,K,-2.108,1.468,2,2,D,8
647,D,L,-1.082,0.8376,1.5,2,D,8
647,D,M,-0.2669,1.262,4,2,D,8
647,D,N,-4.771,0.3196,37.5,2,D,8
647,D,P,-4.827,0.1407,3,2,D,8
647,D,Q,0.4845,0.1271,2,2,D,8
647,D,R,-3.415,0.0891,3,2,D,8
647,D,S,-0.0419,,1.5,1,D,8
647,D,T,-3.423,0.2793,4,2,D,8
647,D,V,-4.901,0.0594,5.5,2,D,8
647,D,W,-4.928,,0.5,1,D,8
647,D,Y,-4.525,0.4837,11.5,2,D,8
648,V,-,-0.1818,0.6867,2,2,V,8
648,V,A,-4.887,0.08768,7.5,2,V,8
648,V,C,-4.844,0.007071,4.5,2,V,8
648,V,D,-4.9,0.08202,2.5,2,V,8
648,V,E,-4.812,0.1732,2,2,V,8
648,V,F,-4.77,0.2192,3.5,2,V,8
648,V,G,-0.01248,,0.5,1,V,8
648,V,H,-4.893,0.08132,4,2,V,8
648,V,I,0.2068,0.4489,3,2,V,8
648,V,K,-4.869,0.09051,2.5,2,V,8
648,V,L,-0.3604,0.3308,7,2,V,8
648,V,M,-0.9182,0.6234,7,2,V,8
648,V,N,-4.882,0.09334,3,2,V,8
648,V,P,-4.899,0.09051,5,2,V,8
648,V,Q,-4.877,0.1082,3.5,2,V,8
648,V,R,-3.773,,0.5,1,V,8
648,V,S,-4.796,0.2567,1,2,V,8
648,V,T,-4.639,0.4101,3,2,V,8
648,V,V,0,0,,2,V,8
648,V,W,-4.893,0.08839,2.5,2,V,8
648,V,Y,-4.909,0.07849,5,2,V,8
649,S,*,-4.921,0.09405,13,2,S,8
649,S,-,0.4371,,0.5,1,S,8
649,S,A,-0.3871,0.7626,1.5,2,S,8
649,S,C,-2.595,0.2623,5.5,2,S,8
649,S,D,0.278,0.3719,1.5,2,S,8
649,S,E,-0.5429,0.4455,3,2,S,8
649,S,F,-2.259,2.354,6.5,2,S,8
649,S,G,0.4683,0.3857,5.5,2,S,8
649,S,H,-0.1172,0.7113,5.5,2,S,8
649,S,I,-2.57,1.344,1.5,2,S,8
649,S,K,-0.5447,0.9126,3.5,2,S,8
649,S,L,-2.046,1.177,3.5,2,S,8
649,S,M,-0.2032,0.648,3,2,S,8
649,S,N,-0.5985,1.971,2,2,S,8
649,S,P,-4.886,0.1054,5.5,2,S,8
649,S,Q,-0.4968,0.9762,1.5,2,S,8
649,S,R,0.1367,0.2486,3.5,2,S,8
649,S,S,0,0,,2,S,8
649,S,T,-0.3812,0.1901,3,2,S,8
649,S,V,-0.4991,0.8243,4,2,S,8
649,S,W,-2.896,2.729,2,2,S,8
649,S,Y,-0.05118,0.07923,3,2,S,8
650,E,*,-4.777,0.169,5.5,2,E,8
650,E,-,0.2084,,1,1,E,8
650,E,A,0.3502,0.2761,1.5,2,E,8
650,E,C,-4.182,0.3663,2.5,2,E,8
650,E,D,-0.4177,0.283,8.5,2,E,8
650,E,E,0,0,,2,E,8
650,E,F,-3.478,0.3401,5,2,E,8
650,E,G,-1.076,0.1529,8.5,2,E,8
650,E,H,-0.3419,0.1058,4.5,2,E,8
650,E,I,-4.256,0.5077,5.5,2,E,8
650,E,K,0.2609,0.2041,21,2,E,8
650,E,L,-1.281,0.2694,9,2,E,8
650,E,M,-0.1625,0.8887,1.5,2,E,8
650,E,P,-4.888,0.0997,5.5,2,E,8
650,E,Q,0.3509,0.0495,3.5,2,E,8
650,E,R,-0.2929,1.069,6.5,2,E,8
650,E,S,-0.5931,0.8427,3.5,2,E,8
650,E,T,-1.08,0.7444,1.5,2,E,8
650,E,V,-2.679,0.5685,7,2,E,8
650,E,W,-4.845,0.03748,5,2,E,8
650,E,Y,-1.472,0.8403,6,2,E,8
651,M,-,-1.023,,0.5,1,M,8
651,M,A,-4.832,0.1846,2.5,2,M,8
651,M,C,-4.901,0.09051,6,2,M,8
651,M,D,-4.127,1.016,3.5,2,M,8
651,M,E,-4.827,0.1796,2.5,2,M,8
651,M,F,0.08379,0.1786,3.5,2,M,8
651,M,G,-3.684,1.601,1.5,2,M,8
651,M,H,-4.415,0.2807,2,2,M,8
651,M,I,-4.924,0.09405,32,2,M,8
651,M,K,-4.916,0.08061,11,2,M,8
651,M,L,-1.795,1.282,4,2,M,8
651,M,M,0,0,,2,M,8
651,M,N,-4.839,0.1428,6,2,M,8
651,M,P,-4.724,0.3776,4.5,2,M,8
651,M,Q,-4.662,0.2044,2,2,M,8
651,M,R,-4.78,0.239,4,2,M,8
651,M,S,-4.729,0.1697,4.5,2,M,8
651,M,T,-4.774,0.2772,6.5,2,M,8
651,M,V,-4.693,0.3762,5,2,M,8
651,M,W,-4.912,0.1358,4,2,M,8
651,M,Y,-4.61,0.2708,2,2,M,8
652,L,-,-0.7927,,0.5,1,L,8
652,L,A,-4.881,0.06718,2,2,L,8
652,L,C,-4.87,0.05445,3,2,L,8
652,L,D,-4.688,0.2482,1.5,2,L,8
652,L,E,-4.861,0.1478,1.5,2,L,8
652,L,F,-4.766,0.3033,3,2,L,8
652,L,G,-4.913,0.06576,4.5,2,L,8
652,L,H,-4.88,0.06576,3,2,L,8
652,L,I,-0.4298,0.2592,4.5,2,L,8
652,L,K,-4.887,0.09758,3.5,2,L,8
652,L,L,0,0,,2,L,8
652,L,M,-1.441,0.1075,3,2,L,8
652,L,N,-4.978,,0.5,1,L,8
652,L,P,-4.89,0.1252,11,2,L,8
652,L,Q,-4.688,0.4455,2.5,2,L,8
652,L,R,-4.864,0.03889,3.5,2,L,8
652,L,S,-4.848,0.04313,3,2,L,8
652,L,T,-2.405,2.803,1.5,2,L,8
652,L,V,-4.758,0.2376,3,2,L,8
652,L,W,-4.619,0.4794,3.5,2,L,8
652,L,Y,-2.933,2.836,3.5,2,L,8
653,T,-,0.4619,,0.5,1,T,8
653,T,A,-1.825,1.175,2.5,2,T,8
653,T,C,-2.516,0.5395,5.5,2,T,8
653,T,D,-2.793,2.182,4.5,2,T,8
653,T,E,-0.1476,0.601,4,2,T,8
653,T,F,0.7928,0.0524,2,2,T,8
653,T,G,-3.271,,2.5,1,T,8
653,T,H,-0.7218,0.3628,4,2,T,8
653,T,I,-0.00073,0.1111,7.5,2,T,8
653,T,K,-1.034,0.141,4,2,T,8
653,T,L,-0.7249,0.009546,3.5,2,T,8
653,T,M,-1.859,1.398,4,2,T,8
653,T,N,-2.462,1.143,8.5,2,T,8
653,T,P,-3.663,1.79,1,2,T,8
653,T,Q,-0.6305,0.1563,4,2,T,8
653,T,R,-0.685,1.119,2,2,T,8
653,T,S,-0.5433,0.8877,5,2,T,8
653,T,T,0,0,,2,T,8
653,T,V,-0.3013,0.2215,2.5,2,T,8
653,T,W,-1.073,0.115,1,2,T,8
653,T,Y,-0.2237,0.4179,7.5,2,T,8
654,F,-,0.1212,,0.5,1,F,8
654,F,A,-3.07,2.369,1,2,F,8
654,F,C,-2.223,0.3189,6.5,2,F,8
654,F,D,-4.851,0.1846,4,2,F,8
654,F,E,-4.869,0.08344,2.5,2,F,8
654,F,F,0,0,,2,F,8
654,F,G,-4.921,,3,1,F,8
654,F,H,-3.672,1.602,1,2,F,8
654,F,I,-0.7582,0.1721,3,2,F,8
654,F,K,-4.852,0.1202,3,2,F,8
654,F,L,-2.65,0.157,5.5,2,F,8
654,F,M,-2.196,0.3415,3,2,F,8
654,F,N,-3.345,2.1,1.5,2,F,8
654,F,P,-3.793,0.3132,5,2,F,8
654,F,Q,-4.783,0.0594,6.5,2,F,8
654,F,R,-4.877,0.05869,9,2,F,8
654,F,S,-2.459,0.4172,2,2,F,8
654,F,T,-3.035,0.6329,4.5,2,F,8
654,F,V,-1.669,0.8782,3.5,2,F,8
654,F,W,-0.0661,1.214,2.5,2,F,8
654,F,Y,0.2258,0.0227,4,2,F,8
655,D,-,-0.06996,,1,1,D,8
655,D,A,-4.886,0.09899,3,2,D,8
655,D,C,-4.867,0.128,4.5,2,D,8
655,D,D,0,0,,2,D,8
655,D,E,-2.688,0.08839,6,2,D,8
655,D,F,-4.648,0.425,6.5,2,D,8
655,D,G,-4.892,0.1209,4.5,2,D,8
655,D,H,-4.494,0.2333,10,2,D,8
655,D,I,-4.988,,2.5,1,D,8
655,D,K,-4.399,0.8167,1.5,2,D,8
655,D,L,-4.66,0.3691,3.5,2,D,8
655,D,M,-4.88,0.07,3,2,D,8
655,D,N,-1.978,0.01768,26.5,2,D,8
655,D,P,-4.836,0.2432,4,2,D,8
655,D,Q,-4.888,0.05657,3.5,2,D,8
655,D,R,-4.891,0.07212,8,2,D,8
655,D,S,-3.425,0.00495,4.5,2,D,8
655,D,T,-4.888,0.1117,6,2,D,8
655,D,V,-4.808,0.06293,6.5,2,D,8
655,D,W,-4.815,,0.5,1,D,8
655,D,Y,-4.912,0.08061,12.5,2,D,8
656,K,-,-1.023,,1,1,K,8
656,K,A,0.3599,0.3246,4,2,K,8
656,K,C,-2.659,0.3401,9,2,K,8
656,K,D,-0.2876,0.1971,4.5,2,K,8
656,K,E,0.4712,0.495,5,2,K,8
656,K,F,-0.7208,0.5081,4.5,2,K,8
656,K,G,-1.042,0.5851,6,2,K,8
656,K,H,-0.0205,0.7327,3,2,K,8
656,K,I,0.3774,0.1942,2,2,K,8
656,K,K,0,0,,2,K,8
656,K,L,-0.1018,1.225,6,2,K,8
656,K,M,0.1438,0.2344,3,2,K,8
656,K,N,-0.1451,0.6512,11,2,K,8
656,K,P,-0.3387,,2,1,K,8
656,K,Q,0.7891,0.04837,2,2,K,8
656,K,R,0.7805,0.03147,3,2,K,8
656,K,S,-0.00145,0.1296,2,2,K,8
656,K,T,-1.879,2.665,4,2,K,8
656,K,V,0.3388,0.06357,2.5,2,K,8
656,K,W,-1.498,1.678,2.5,2,K,8
656,K,Y,0.4867,0.3858,2.5,2,K,8
657,K,*,-4.207,,0.5,1,K,8
657,K,-,-1.304,,1,1,K,8
657,K,A,-0.3004,0.5906,4.5,2,K,8
657,K,C,-0.8711,1.243,3,2,K,8
657,K,D,-0.9645,0.5424,4,2,K,8
657,K,E,-0.4619,0.9292,6.5,2,K,8
657,K,F,0.5379,0.02531,5,2,K,8
657,K,G,-0.1766,0.5412,4.5,2,K,8
657,K,I,-0.996,0.8443,3.5,2,K,8
657,K,K,0,0,,2,K,8
657,K,L,-0.3342,0.07432,2,2,K,8
657,K,M,-0.4092,1.015,3,2,K,8
657,K,N,-0.5692,0.09412,8,2,K,8
657,K,P,-1.977,1.397,4.5,2,K,8
657,K,Q,-0.3227,,2.5,1,K,8
657,K,R,0.436,0.4573,3,2,K,8
657,K,S,-0.9391,0.7239,8,2,K,8
657,K,T,0.3537,0.5715,7.5,2,K,8
657,K,V,-0.5871,,2,1,K,8
657,K,W,-0.36,0.08874,3,2,K,8
657,K,Y,0.5453,0.3796,4,2,K,8
658,A,-,-3.215,,2,1,A,8
658,A,A,0,0,,2,A,8
658,A,C,-2.208,,1.5,1,A,8
658,A,D,-4.912,0.06505,6,2,A,8
658,A,E,-4.538,0.5254,4.5,2,A,8
658,A,F,-2.168,0.3246,5.5,2,A,8
658,A,G,-2.861,0.06505,5,2,A,8
658,A,H,-1.974,0.08344,7,2,A,8
658,A,I,-4.217,0.1761,4,2,A,8
658,A,K,-2.54,0.5544,3.5,2,A,8
658,A,L,0.02371,0.07875,3,2,A,8
658,A,M,-0.6875,0.4378,8,2,A,8
658,A,N,-1.69,0.6286,6,2,A,8
658,A,P,-3.155,0.8393,2,2,A,8
658,A,Q,-2.708,0.3953,4,2,A,8
658,A,R,-2.184,,1,1,A,8
658,A,S,-1.393,2.062,6,2,A,8
658,A,T,-0.6619,0.7229,3.5,2,A,8
658,A,V,-2.528,0.3012,4,2,A,8
658,A,W,-4.867,0.1619,1.5,2,A,8
658,A,Y,-2.601,,1,1,A,8
659,F,-,-1.461,,1,1,F,8
659,F,A,-2.05,0.03677,3,2,F,8
659,F,C,-2.896,1.503,3.5,2,F,8
659,F,D,-3.93,1.448,2,2,F,8
659,F,E,-4.899,0.09122,4.5,2,F,8
659,F,F,0,0,,2,F,8
659,F,G,-4.833,,1,1,F,8
659,F,H,-4.471,0.7163,7,2,F,8
659,F,I,-1.71,1.196,2,2,F,8
659,F,K,-4.079,1.167,1.5,2,F,8
659,F,L,-0.4938,0.7102,6.5,2,F,8
659,F,M,-0.2661,1.44,1.5,2,F,8
659,F,N,-4.922,0.1011,11,2,F,8
659,F,P,-4.904,0.06364,4,2,F,8
659,F,Q,-4.566,0.589,4.5,2,F,8
659,F,R,-4.921,0.07495,6.5,2,F,8
659,F,S,-4.845,0.2284,3.5,2,F,8
659,F,T,-4.127,0.8825,4,2,F,8
659,F,V,-1.081,0.6779,8,2,F,8
659,F,W,-0.9261,0.8046,6.5,2,F,8
659,F,Y,-0.3369,0.1866,7.5,2,F,8
660,T,-,-0.2154,,1,1,T,8
660,T,A,-0.06045,0.891,4.5,2,T,8
660,T,C,-0.5216,0.04412,6,2,T,8
660,T,D,0.3439,0.1313,3,2,T,8
660,T,E,0.1303,0.5386,3.5,2,T,8
660,T,F,-1.266,0.0495,2,2,T,8
660,T,G,0.3319,0.3934,6.5,2,T,8
660,T,H,-0.5218,0.3371,7,2,T,8
660,T,I,0.5984,0.1946,6,2,T,8
660,T,K,-1.724,2.946,3,2,T,8
660,T,L,0.5251,0.3225,3,2,T,8
660,T,M,-0.05755,1.239,2.5,2,T,8
660,T,N,-0.2076,0.09504,7.5,2,T,8
660,T,P,-0.8734,0.2229,7,2,T,8
660,T,Q,0.3548,,2,1,T,8
660,T,R,0.4549,0.467,5.5,2,T,8
660,T,S,0.5597,0.06604,1.5,2,T,8
660,T,T,0,0,,2,T,8
660,T,V,0.6448,,1,1,T,8
660,T,W,-1.052,0.2394,6,2,T,8
660,T,Y,-1.1,1.921,2.5,2,T,8
661,L,-,-0.1256,,0.5,1,L,8
661,L,A,0.1624,0.8958,3,2,L,8
661,L,C,-0.9476,0.8548,8.5,2,L,8
661,L,D,-4.924,,1,1,L,8
661,L,E,0.7502,,1,1,L,8
661,L,F,-0.2157,0.4827,6.5,2,L,8
661,L,G,-3.467,0.8471,2.5,2,L,8
661,L,H,-1.453,0.06223,8.5,2,L,8
661,L,I,-0.7286,0.0396,23,2,L,8
661,L,K,-4.693,,0.5,1,L,8
661,L,L,0,0,,2,L,8
661,L,M,0.5546,0.2942,2,2,L,8
661,L,N,-2.756,0.6916,3,2,L,8
661,L,P,-2.622,1.752,4.5,2,L,8
661,L,Q,-1.415,0.6693,3.5,2,L,8
661,L,R,-2.928,1.273,2,2,L,8
661,L,T,-3.825,1.122,2.5,2,L,8
661,L,V,-1.158,1.38,6.5,2,L,8
661,L,W,0.2638,0.2889,1.5,2,L,8
661,L,Y,0.2119,0.6341,3.5,2,L,8
662,A,-,0.2342,0.03479,1,2,A,8
662,A,A,0,0,,2,A,8
662,A,C,0.3837,0.4495,1.5,2,A,8
662,A,D,-4.755,0.3019,6,2,A,8
662,A,E,-2.929,2.007,1,2,A,8
662,A,F,-0.8541,0.509,2.5,2,A,8
662,A,G,-4.845,0.1209,3.5,2,A,8
662,A,H,-4.763,0.05374,6,2,A,8
662,A,I,-0.4129,0.6556,4.5,2,A,8
662,A,K,-4.673,0.1039,7.5,2,A,8
662,A,L,0.1162,0.6401,4.5,2,A,8
662,A,M,-0.9436,1.995,1.5,2,A,8
662,A,N,-3.291,1.024,4.5,2,A,8
662,A,P,-3.329,0.6852,3,2,A,8
662,A,Q,-4.906,0.06647,4,2,A,8
662,A,R,-4.651,0.432,4,2,A,8
662,A,S,-1.463,1.472,8,2,A,8
662,A,T,-1.202,0.6879,5.5,2,A,8
662,A,V,0.0468,0.3934,6,2,A,8
662,A,W,-1.78,0.4228,2.5,2,A,8
662,A,Y,-1.432,0.01697,4.5,2,A,8
663,N,-,0.2711,0.2503,1,2,N,8
663,N,A,0.1667,0.8177,3,2,N,8
663,N,C,-0.3186,0.09178,4,2,N,8
663,N,D,-0.8726,0.4305,7,2,N,8
663,N,E,0.3053,0.1066,7,2,N,8
663,N,F,-0.4031,1.117,4.5,2,N,8
663,N,G,-2.846,3.054,4.5,2,N,8
663,N,H,0.1929,0.7985,7.5,2,N,8
663,N,I,0.3908,0.6414,6,2,N,8
663,N,K,0.2446,0.7132,2,2,N,8
663,N,L,0.6472,0.03069,6,2,N,8
663,N,M,0.3487,0.05544,6,2,N,8
663,N,N,0,0,,2,N,8
663,N,P,-4.787,0.1294,10.5,2,N,8
663,N,Q,-0.05052,0.05122,3,2,N,8
663,N,R,0.4728,0.3904,3,2,N,8
663,N,S,-1.129,0.1308,3,2,N,8
663,N,T,0.6029,0.02326,3.5,2,N,8
663,N,V,0.3057,0.2715,7,2,N,8
663,N,W,-2.551,0.9546,5.5,2,N,8
663,N,Y,-0.4715,0.3467,5.5,2,N,8
664,V,-,-1.659,0.9324,1,2,V,8
664,V,A,-0.4904,0.9554,8,2,V,8
664,V,C,-2.09,0.8789,1.5,2,V,8
664,V,D,-0.7073,0.4238,4,2,V,8
664,V,E,-1.795,,0.5,1,V,8
664,V,F,-1.225,1.332,5.5,2,V,8
664,V,G,-1.095,,1.5,1,V,8
664,V,H,-0.7182,0.1715,4,2,V,8
664,V,I,0.5613,0.201,9,2,V,8
664,V,K,-1.92,0.2376,5,2,V,8
664,V,L,0.5991,0.3354,2,2,V,8
664,V,M,0.4248,0.3033,3,2,V,8
664,V,N,-0.4377,0.8716,6,2,V,8
664,V,P,0.4221,0.2302,1.5,2,V,8
664,V,R,-2.564,0.06223,7,2,V,8
664,V,S,-0.0787,1.054,3,2,V,8
664,V,T,-0.1401,0.2495,3,2,V,8
664,V,V,0,0,,2,V,8
664,V,W,0.04038,,1,1,V,8
664,V,Y,-1.125,0.2249,5,2,V,8
665,S,-,0.4431,0.09652,1.5,2,S,8
665,S,A,-4.103,,2,1,S,8
665,S,C,-0.5426,0.8081,6.5,2,S,8
665,S,D,-0.01457,0.02297,4,2,S,8
665,S,E,0.1628,0.3416,4.5,2,S,8
665,S,F,0.1573,0.1431,4.5,2,S,8
665,S,G,0.0901,0.6307,4,2,S,8
665,S,H,-0.03135,0.6158,5.5,2,S,8
665,S,I,-0.4733,0.1953,15,2,S,8
665,S,K,0.4295,0.3454,2.5,2,S,8
665,S,L,-0.2891,0.3093,7,2,S,8
665,S,M,-0.0449,0.2192,1,2,S,8
665,S,N,-0.1911,0.2186,8,2,S,8
665,S,P,-2.317,0.2906,2,2,S,8
665,S,Q,0.1202,0.5906,5,2,S,8
665,S,R,-0.317,0.4451,6.5,2,S,8
665,S,S,0,0,,2,S,8
665,S,T,0.04747,,0.5,1,S,8
665,S,V,0.08605,0.2372,4,2,S,8
665,S,W,-0.8806,,0.5,1,S,8
665,S,Y,-0.2969,1.187,1.5,2,S,8
666,S,-,-0.5749,1.503,1.5,2,S,8
666,S,A,0.5537,0.08747,2.5,2,S,8
666,S,C,0.5402,0.3782,4,2,S,8
666,S,D,-0.8235,0.9455,2.5,2,S,8
666,S,E,0.7633,,1,1,S,8
666,S,F,0.505,0.2521,3.5,2,S,8
666,S,G,-0.6548,0.8403,2.5,2,S,8
666,S,H,-0.6234,0.03033,2,2,S,8
666,S,I,-0.6317,0.1532,13.5,2,S,8
666,S,K,-0.8433,0.1376,2,2,S,8
666,S,L,-1.903,,0.5,1,S,8
666,S,M,0.4424,,2,1,S,8
666,S,N,-1.569,0.2524,7.5,2,S,8
666,S,P,-4.21,1.014,2.5,2,S,8
666,S,Q,0.1612,0.3038,5.5,2,S,8
666,S,R,-0.6,1.293,4,2,S,8
666,S,S,0,0,,2,S,8
666,S,T,-1.789,3.677,1.5,2,S,8
666,S,V,-0.4199,1.563,3.5,2,S,8
666,S,W,-1.73,2.282,2,2,S,8
666,S,Y,0.1928,,2,1,S,8
667,F,-,-1.065,1.312,1.5,2,F,8
667,F,A,-4.851,0.1096,1.5,2,F,8
667,F,C,-4.889,0.09758,2,2,F,8
667,F,D,-4.903,0.1124,3.5,2,F,8
667,F,E,-4.293,0.9277,1.5,2,F,8
667,F,F,0,0,,2,F,8
667,F,G,-3.969,0.3946,2.5,2,F,8
667,F,H,-4.563,0.03111,2.5,2,F,8
667,F,I,-4.904,0.09192,7.5,2,F,8
667,F,K,-2.523,3.041,3,2,F,8
667,F,L,-4.87,0.08697,3,2,F,8
667,F,M,-2.776,1.104,4,2,F,8
667,F,N,-4.804,0.0396,7.5,2,F,8
667,F,P,-4.903,0.1372,3,2,F,8
667,F,Q,-3.451,1.37,1.5,2,F,8
667,F,R,-4.873,0.08132,2,2,F,8
667,F,S,-4.635,0.4172,1.5,2,F,8
667,F,T,-2.708,0.2312,4.5,2,F,8
667,F,V,-4.875,0.06647,6.5,2,F,8
667,F,W,-0.9438,0.08938,2.5,2,F,8
667,F,Y,-1.234,0.5165,4,2,F,8
668,G,-,-0.8927,1.963,1.5,2,G,8
668,G,A,-3.13,1.013,3,2,G,8
668,G,C,-4.749,0.1358,3.5,2,G,8
668,G,D,-3.184,0.4391,5,2,G,8
668,G,E,-1.083,1.358,2,2,G,8
668,G,F,-4.897,0.08839,5.5,2,G,8
668,G,G,0,0,,2,G,8
668,G,H,-4.743,0.3281,5,2,G,8
668,G,I,-4.874,0.0601,2.5,2,G,8
668,G,K,-4.817,0.1874,7.5,2,G,8
668,G,L,-4.762,0.2913,7,2,G,8
668,G,M,-4.845,0.1626,2.5,2,G,8
668,G,N,-4.647,,0.5,1,G,8
668,G,P,-4.879,0.09192,2,2,G,8
668,G,Q,-4.691,0.193,5,2,G,8
668,G,R,-4.899,0.09829,6,2,G,8
668,G,S,-4.647,0.3804,13,2,G,8
668,G,T,-4.893,0.1054,3,2,G,8
668,G,V,-4.882,0.1315,5.5,2,G,8
668,G,W,-4.604,0.2369,3,2,G,8
668,G,Y,-4.896,0.07283,2,2,G,8
669,D,-,-1.413,2.155,1,2,D,8
669,D,A,-0.7668,0.1422,2.5,2,D,8
669,D,C,-4.813,,0.5,1,D,8
669,D,D,0,0,,2,D,8
669,D,E,0.1126,0.2046,6.5,2,D,8
669,D,F,-2.263,,0.5,1,D,8
669,D,G,-2.457,1.187,3,2,D,8
669,D,H,-3.436,2.135,2.5,2,D,8
669,D,I,-1.629,1.674,4,2,D,8
669,D,K,-4.902,0.0594,3.5,2,D,8
669,D,L,-0.9003,0.346,4.5,2,D,8
669,D,M,-0.6099,1.037,3.5,2,D,8
669,D,N,-2.447,0.007778,11,2,D,8
669,D,P,-0.1187,0.1305,4,2,D,8
669,D,Q,-1.225,0.4317,3.5,2,D,8
669,D,R,-4.88,0.1669,5,2,D,8
669,D,S,-1.578,0.8587,1.5,2,D,8
669,D,T,-0.2832,,0.5,1,D,8
669,D,V,-2.684,0.5211,2,2,D,8
669,D,W,-2.9,0.7128,5,2,D,8
669,D,Y,-1.603,0.3825,16,2,D,8
670,Y,*,-4.792,,1.5,1,Y,8
670,Y,-,-2.025,1.633,2,2,Y,8
670,Y,A,-4.92,0.1252,5.5,2,Y,8
670,Y,C,-4.87,0.1223,9.5,2,Y,8
670,Y,D,-4.884,0.1131,7,2,Y,8
670,Y,E,-4.917,0.1188,2,2,Y,8
670,Y,F,0.7498,0.02058,2.5,2,Y,8
670,Y,G,-4.709,0.355,3,2,Y,8
670,Y,H,-4.813,0.07495,2.5,2,Y,8
670,Y,I,-4.906,0.08697,4,2,Y,8
670,Y,K,-4.059,1.194,2.5,2,Y,8
670,Y,L,-2.889,1.08,4.5,2,Y,8
670,Y,M,-4.609,0.519,4,2,Y,8
670,Y,P,-4.919,0.07495,1,2,Y,8
670,Y,Q,-4.804,0.1923,9,2,Y,8
670,Y,R,-2.463,3.486,2,2,Y,8
670,Y,S,-4.86,0.1252,4.5,2,Y,8
670,Y,T,-4.88,0.06859,1.5,2,Y,8
670,Y,W,0.5005,0.4796,4.5,2,Y,8
670,Y,Y,0,0,,2,Y,8
671,N,-,-0.3345,0.8745,1,2,N,8
671,N,A,-4.861,0.1945,8,2,N,8
671,N,C,-4.877,0.09829,3.5,2,N,8
671,N,D,-0.0464,0.4018,2.5,2,N,8
671,N,E,-4.921,0.1202,4.5,2,N,8
671,N,F,-4.891,0.1075,1.5,2,N,8
671,N,G,-4.932,,0.5,1,N,8
671,N,H,-4.873,0.1209,6,2,N,8
671,N,I,-4.901,0.08697,4,2,N,8
671,N,K,-4.902,0.08697,6,2,N,8
671,N,L,-4.768,0.3274,2.5,2,N,8
671,N,M,-4.846,0.1584,3,2,N,8
671,N,N,0,0,,2,N,8
671,N,P,-4.905,0.08768,6.5,2,N,8
671,N,Q,-2.724,2.849,2,2,N,8
671,N,R,-4.91,0.08839,6.5,2,N,8
671,N,S,-4.918,0.1266,5,2,N,8
671,N,T,-4.88,0.07566,2,2,N,8
671,N,V,-4.775,0.1047,7,2,N,8
671,N,W,-4.81,0.1888,5,2,N,8
671,N,Y,-4.918,0.116,3.5,2,N,8
672,L,-,-0.7268,0.7568,1,2,L,8
672,L,A,-4.856,0.1039,2,2,L,8
672,L,C,-4.902,0.1471,4.5,2,L,8
672,L,D,-4.856,0.03182,4,2,L,8
672,L,E,-4.252,,0.5,1,L,8
672,L,F,0.606,0.1441,4,2,L,8
672,L,H,-4.904,0.1068,3,2,L,8
672,L,I,-4.865,0.145,1.5,2,L,8
672,L,K,-4.677,0.4356,8,2,L,8
672,L,L,0,0,,2,L,8
672,L,M,0.03358,0.1272,8.5,2,L,8
672,L,N,-4.93,,1.5,1,L,8
672,L,P,-4.963,,1.5,1,L,8
672,L,Q,-4.899,0.0891,4.5,2,L,8
672,L,R,-4.924,0.1167,2,2,L,8
672,L,S,-4.817,0.1563,1,2,L,8
672,L,T,-4.912,0.06435,5,2,L,8
672,L,V,-4.12,0.4632,7,2,L,8
672,L,W,-4.876,0.08061,1.5,2,L,8
672,L,Y,-4.893,0.07,5,2,L,8
673,S,-,-0.1932,0.434,1,2,S,8
673,S,A,-3.54,,1.5,1,S,8
673,S,C,-4.654,0.4285,3,2,S,8
673,S,D,-4.886,0.09122,5,2,S,8
673,S,E,-4.542,0.4327,3.5,2,S,8
673,S,F,-4.843,0.001414,9,2,S,8
673,S,G,-4.915,0.1223,7.5,2,S,8
673,S,H,-4.971,,5.5,1,S,8
673,S,I,-4.878,0.1534,10,2,S,8
673,S,K,-4.796,0.2157,3,2,S,8
673,S,L,-4.88,0.09192,1.5,2,S,8
673,S,M,-4.943,,1.5,1,S,8
673,S,N,-4.79,0.1209,8.5,2,S,8
673,S,P,-3.558,1.994,6,2,S,8
673,S,Q,-4.248,,3.5,1,S,8
673,S,R,-4.858,0.007071,4.5,2,S,8
673,S,S,0,0,,2,S,8
673,S,T,-0.2374,0.05544,6,2,S,8
673,S,V,-4.896,0.0891,4,2,S,8
673,S,W,-4.952,,1.5,1,S,8
673,S,Y,-4.885,0.0792,4.5,2,S,8
674,S,-,0.08542,0.01339,1,2,S,8
674,S,A,0.3205,0.6225,2.5,2,S,8
674,S,C,-1.151,,1,1,S,8
674,S,D,-4.335,0.3663,4.5,2,S,8
674,S,E,-4.773,0.09758,6.5,2,S,8
674,S,F,-0.7804,0.3714,6.5,2,S,8
674,S,G,-3.256,2.139,1,2,S,8
674,S,H,-1.921,,0.5,1,S,8
674,S,I,-2.287,0.2178,4.5,2,S,8
674,S,K,-2.431,0.3366,4.5,2,S,8
674,S,L,0.6339,0.07071,5,2,S,8
674,S,M,0.3972,0.005303,5,2,S,8
674,S,N,-2.856,0.2298,1.5,2,S,8
674,S,P,-2.323,0.1768,2,2,S,8
674,S,Q,0.2378,0.7229,1.5,2,S,8
674,S,R,-4.71,0.08415,1,2,S,8
674,S,S,0,0,,2,S,8
674,S,T,-0.3643,0.7922,2.5,2,S,8
674,S,V,0.3108,0.2062,4,2,S,8
674,S,W,0.8383,,0.5,1,S,8
674,S,Y,0.226,0.2143,11,2,S,8
675,V,-,-3.216,1.874,2,2,V,8
675,V,A,-0.00845,0.486,8,2,V,8
675,V,C,-1.302,0.244,6.5,2,V,8
675,V,D,-4.886,0.04455,3,2,V,8
675,V,E,-4.807,0.2051,3,2,V,8
675,V,F,-1.846,3.305,5,2,V,8
675,V,G,-4.893,0.1082,6.5,2,V,8
675,V,H,-4.935,,0.5,1,V,8
675,V,I,-4.221,0.4356,9,2,V,8
675,V,K,-4.899,0.07071,5,2,V,8
675,V,L,-1.68,2.111,2.5,2,V,8
675,V,M,-3.62,1.788,2.5,2,V,8
675,V,N,-4.723,0.3231,4.5,2,V,8
675,V,P,-4.829,0.01768,3.5,2,V,8
675,V,Q,-4.87,0.1499,2.5,2,V,8
675,V,R,-4.921,0.123,3.5,2,V,8
675,V,S,-4.793,0.2956,3,2,V,8
675,V,T,-4.696,0.05374,6,2,V,8
675,V,V,0,0,,2,V,8
675,V,W,-0.1422,0.6443,5,2,V,8
675,V,Y,-4.887,0.1124,5,2,V,8
676,I,-,-2.842,2.475,2.5,2,I,8
676,I,A,-4.905,0.05586,7,2,I,8
676,I,C,-3.696,0.6201,5.5,2,I,8
676,I,D,-4.786,,2.5,1,I,8
676,I,E,-1.736,,0.5,1,I,8
676,I,F,-3.833,1.169,2,2,I,8
676,I,G,-4.918,0.1223,2.5,2,I,8
676,I,H,-2.904,2.606,1.5,2,I,8
676,I,I,0,0,,2,I,8
676,I,K,-4.883,0.06859,1.5,2,I,8
676,I,L,-0.0814,0.9959,2.5,2,I,8
676,I,M,-0.9343,0.7208,4,2,I,8
676,I,N,-4.897,0.09263,3,2,I,8
676,I,P,-4.895,0.09475,5,2,I,8
676,I,Q,-4.792,0.05374,4.5,2,I,8
676,I,R,-4.917,0.0693,9.5,2,I,8
676,I,S,-4.871,0.08202,4,2,I,8
676,I,T,-3.232,0.6074,4,2,I,8
676,I,V,0.3895,0.2227,2.5,2,I,8
676,I,W,-4.754,0.2022,8,2,I,8
676,I,Y,-4.956,,1.5,1,I,8
677,P,-,-2.533,1.097,1.5,2,P,8
677,P,A,-4.811,0.1216,5,2,P,8
677,P,C,-4.892,0.08061,3.5,2,P,8
677,P,D,-4.921,0.09405,3.5,2,P,8
677,P,E,-4.875,0.1266,7.5,2,P,8
677,P,F,-4.891,0.08202,4,2,P,8
677,P,G,-4.462,0.7573,1.5,2,P,8
677,P,H,-4.845,0.01061,12,2,P,8
677,P,I,-4.896,0.09192,5,2,P,8
677,P,K,-4.592,0.5226,4,2,P,8
677,P,L,-4.899,0.08273,4.5,2,P,8
677,P,M,-4.656,0.4412,5,2,P,8
677,P,N,-4.35,0.8174,2,2,P,8
677,P,P,0,0,,2,P,8
677,P,Q,-4.87,0.111,3,2,P,8
677,P,R,-4.933,0.09334,5.5,2,P,8
677,P,S,-4.825,0.1959,8.5,2,P,8
677,P,T,-4.85,0.1464,5,2,P,8
677,P,V,-4.697,0.3288,3,2,P,8
677,P,W,-4.921,0.09122,8,2,P,8
677,P,Y,-4.775,,2,1,P,8
678,S,-,0.4601,0.1746,1,2,S,8
678,S,A,0.09555,0.3214,6,2,S,8
678,S,C,-3.826,1.475,3.5,2,S,8
678,S,D,-2.338,3.661,2.5,2,S,8
678,S,E,-4.639,0.03041,1.5,2,S,8
678,S,F,-1.89,0.5049,4,2,S,8
678,S,G,-0.7763,0.3828,3.5,2,S,8
678,S,H,-0.3619,0.2101,3.5,2,S,8
678,S,I,-0.9866,0.5069,11,2,S,8
678,S,K,0.372,,0.5,1,S,8
678,S,L,-0.7815,0.6471,3,2,S,8
678,S,M,-0.7522,1.637,1.5,2,S,8
678,S,N,-0.472,0.8103,4.5,2,S,8
678,S,P,-2.49,0.722,3,2,S,8
678,S,Q,0.222,0.3248,4.5,2,S,8
678,S,R,0.4763,0.291,4,2,S,8
678,S,S,0,0,,2,S,8
678,S,T,-0.1028,0.07585,8.5,2,S,8
678,S,V,-0.9375,,1,1,S,8
678,S,W,-4.64,0.4547,4.5,2,S,8
678,S,Y,-2.269,0.2234,5,2,S,8
679,L,-,-1.184,1.413,1,2,L,8
679,L,A,-0.364,0.9885,1.5,2,L,8
679,L,C,-2.464,2.88,4.5,2,L,8
679,L,D,-2.463,2.578,3,2,L,8
679,L,E,-0.6558,0.5475,6,2,L,8
679,L,F,0.3851,0.3413,7.5,2,L,8
679,L,G,-0.1451,0.5841,4,2,L,8
679,L,H,0.7844,0.04547,3.5,2,L,8
679,L,I,0.6657,0.2499,2,2,L,8
679,L,K,0.01975,1.03,2,2,L,8
679,L,L,0,0,,2,L,8
679,L,M,0.3459,0.2066,8.5,2,L,8
679,L,N,-0.1494,1.252,2.5,2,L,8
679,L,P,0.0174,0.2461,3.5,2,L,8
679,L,Q,0.5845,0.2181,5,2,L,8
679,L,R,-0.5839,1.884,1.5,2,L,8
679,L,S,-0.63,1.223,1,2,L,8
679,L,T,0.07425,0.2904,4,2,L,8
679,L,V,0.2631,0.7039,3.5,2,L,8
679,L,W,-0.8126,0.09631,2.5,2,L,8
679,L,Y,0.6024,0.08775,5,2,L,8
680,P,-,-0.9188,0.05374,1.5,2,P,8
680,P,A,-2.178,1.989,1.5,2,P,8
680,P,C,-1.271,1.614,3.5,2,P,8
680,P,D,0.4629,0.05204,4.5,2,P,8
680,P,E,-0.4815,0.4534,4.5,2,P,8
680,P,F,-1.936,1.58,3.5,2,P,8
680,P,G,0.1371,,1.5,1,P,8
680,P,H,-0.5467,0.1686,8,2,P,8
680,P,I,-0.8668,0.5772,6.5,2,P,8
680,P,K,-0.6515,0.03076,4,2,P,8
680,P,L,-1.298,0.3833,3.5,2,P,8
680,P,M,-0.808,0.3196,4,2,P,8
680,P,N,-0.3899,0.2522,4.5,2,P,8
680,P,P,0,0,,2,P,8
680,P,Q,-0.1607,0.2923,3.5,2,P,8
680,P,R,-0.6013,,1,1,P,8
680,P,S,0.2406,0.3901,8,2,P,8
680,P,T,-2.013,2.154,3,2,P,8
680,P,V,-0.839,1.187,5,2,P,8
680,P,W,-1.026,0.07255,4.5,2,P,8
680,P,Y,-0.6197,0.2303,1.5,2,P,8
681,T,-,-0.8726,1.549,1,2,T,8
681,T,A,-0.06865,0.8277,3,2,T,8
681,T,C,-0.439,1.167,5,2,T,8
681,T,D,-0.3306,0.374,3,2,T,8
681,T,E,-0.2031,0.01153,3,2,T,8
681,T,F,-0.6841,0.3252,9.5,2,T,8
681,T,G,-0.2299,0.3206,3,2,T,8
681,T,H,-3.399,2.157,2,2,T,8
681,T,I,0.3625,0.2205,4,2,T,8
681,T,K,0.6894,0.07531,6,2,T,8
681,T,L,0.2644,0.5712,6.5,2,T,8
681,T,M,0.2429,0.5222,2,2,T,8
681,T,N,0.3673,0.09263,7,2,T,8
681,T,P,-0.08775,0.9648,2.5,2,T,8
681,T,Q,-0.2221,0.3283,4.5,2,T,8
681,T,R,0.1958,0.1842,5,2,T,8
681,T,S,-3.853,,0.5,1,T,8
681,T,T,0,0,,2,T,8
681,T,V,-0.6417,1.335,2,2,T,8
681,T,W,-2.315,0.5275,5,2,T,8
681,T,Y,-0.7583,0.04052,3,2,T,8
682,S,-,-0.8952,0.6502,2.5,2,S,8
682,S,A,0.4828,,1,1,S,8
682,S,C,-0.9811,,1.5,1,S,8
682,S,D,-0.0784,1.083,4.5,2,S,8
682,S,E,0.226,0.1752,3.5,2,S,8
682,S,F,-1.894,1.164,8,2,S,8
682,S,G,0.3903,0.4802,2.5,2,S,8
682,S,H,0.3664,0.6043,4,2,S,8
682,S,I,-0.4819,0.3798,2.5,2,S,8
682,S,K,-0.1083,0.313,3,2,S,8
682,S,L,0.0059,0.5152,3,2,S,8
682,S,M,0.3308,0.006435,3,2,S,8
682,S,N,-0.1748,0.8984,7.5,2,S,8
682,S,P,0.2485,0.645,5.5,2,S,8
682,S,Q,0.2968,0.3993,2.5,2,S,8
682,S,R,-1.306,0.8432,5,2,S,8
682,S,S,0,0,,2,S,8
682,S,T,0.3115,0.2033,5,2,S,8
682,S,V,-1.492,2.671,3,2,S,8
682,S,W,-0.7046,0.849,3,2,S,8
682,S,Y,0.2582,0.09001,2,2,S,8
683,G,*,-4.925,0.1061,7,2,G,8
683,G,-,-0.5344,0.4186,3.5,2,G,8
683,G,A,-0.2083,0.3033,3,2,G,8
683,G,C,-4.652,0.355,2.5,2,G,8
683,G,D,0.304,0.711,1.5,2,G,8
683,G,E,-0.6623,0.1833,18,2,G,8
683,G,F,-2.121,0.2362,3,2,G,8
683,G,G,0,0,,2,G,8
683,G,H,-1.5,0.966,2.5,2,G,8
683,G,I,-2.665,0.6088,11.5,2,G,8
683,G,K,-0.8269,0.3467,4,2,G,8
683,G,L,-3.034,0.2418,5.5,2,G,8
683,G,M,-1.826,0.3811,4.5,2,G,8
683,G,N,-0.4022,1.247,7.5,2,G,8
683,G,P,0.6626,0.1844,3,2,G,8
683,G,Q,0.1035,0.4927,3.5,2,G,8
683,G,R,-0.9035,1.155,18.5,2,G,8
683,G,S,-0.4941,0.4849,3.5,2,G,8
683,G,T,-0.7055,0.507,4,2,G,8
683,G,V,-2.442,0.2977,10.5,2,G,8
683,G,W,-3.264,0.664,2,2,G,8
683,G,Y,-2.274,0.3599,5,2,G,8
684,S,-,-0.8522,1.478,3.5,2,S,8
684,S,A,-0.3766,1.132,4,2,S,8
684,S,C,-1.764,0.1181,2,2,S,8
684,S,D,-1.177,1.531,2,2,S,8
684,S,E,-0.1366,0.3785,3,2,S,8
684,S,F,-0.5548,0.4096,1.5,2,S,8
684,S,G,0.3761,0.2797,5,2,S,8
684,S,H,-0.7637,0.7386,5,2,S,8
684,S,I,-0.3864,0.3364,6.5,2,S,8
684,S,K,0.4035,,1.5,1,S,8
684,S,L,-0.929,0.3635,2.5,2,S,8
684,S,M,-0.4899,,2,1,S,8
684,S,N,0.4519,0.2922,8.5,2,S,8
684,S,P,0.6745,0.1829,4.5,2,S,8
684,S,Q,0.00485,0.1679,3.5,2,S,8
684,S,R,-0.934,1.761,2.5,2,S,8
684,S,S,0,0,,2,S,8
684,S,T,0.1545,0.02242,3.5,2,S,8
684,S,V,-2.015,2.095,2,2,S,8
684,S,W,-2.928,2.187,4,2,S,8
684,S,Y,-1.199,0.2326,3.5,2,S,8
685,R,-,-0.8359,2.191,4.5,2,R,8
685,R,C,-1.738,1.541,3,2,R,8
685,R,D,-2.113,1.711,2,2,R,8
685,R,E,-0.6201,0.465,1.5,2,R,8
685,R,F,-1.503,1.312,7.5,2,R,8
685,R,G,0.4657,0.2478,3,2,R,8
685,R,H,-1.291,0.6928,4.5,2,R,8
685,R,I,-0.3177,0.6811,8.5,2,R,8
685,R,K,0.2784,0.2534,8.5,2,R,8
685,R,L,-0.9594,1.428,3.5,2,R,8
685,R,M,-0.3473,0.00502,7.5,2,R,8
685,R,N,-0.727,1.488,4.5,2,R,8
685,R,P,-0.1368,,1,1,R,8
685,R,Q,-0.1387,1.009,5,2,R,8
685,R,R,0,0,,2,R,8
685,R,S,-0.8085,1.866,5,2,R,8
685,R,T,0.0447,0.7625,5.5,2,R,8
685,R,V,0.5016,0.3093,5.5,2,R,8
685,R,W,-4.739,0.1732,5.5,2,R,8
685,R,Y,-1.319,0.4951,6,2,R,8
686,V,-,-0.5595,1.33,4.5,2,V,8
686,V,A,0.193,0.6374,1,2,V,8
686,V,C,-1.574,,1,1,V,8
686,V,D,-2.785,0.5621,3,2,V,8
686,V,E,-1.817,0.4264,4,2,V,8
686,V,F,-0.3835,0.07757,4,2,V,8
686,V,G,-0.4349,0.1232,3.5,2,V,8
686,V,H,-0.9254,0.2582,10.5,2,V,8
686,V,I,0.3968,0.2625,7.5,2,V,8
686,V,K,0.5923,0.01096,7,2,V,8
686,V,L,0.2979,0.1264,4.5,2,V,8
686,V,M,-0.131,0.1441,7.5,2,V,8
686,V,N,-1.072,0.911,1,2,V,8
686,V,P,-0.2802,0.6629,3.5,2,V,8
686,V,Q,-0.186,0.4064,9.5,2,V,8
686,V,R,0.3857,0.6324,1,2,V,8
686,V,S,-0.3034,,1.5,1,V,8
686,V,T,-0.9895,1.443,6,2,V,8
686,V,V,0,0,,2,V,8
686,V,W,-1.883,0.3076,1.5,2,V,8
686,V,Y,-0.7845,1.238,1.5,2,V,8
687,A,-,-0.2309,0.817,4,2,A,8
687,A,A,0,0,,2,A,8
687,A,C,-1.909,0.7821,3.5,2,A,8
687,A,D,-4.731,0.3217,5.5,2,A,8
687,A,E,-4.748,0.2517,1.5,2,A,8
687,A,F,0.2043,0.742,5,2,A,8
687,A,G,-0.5662,0.2188,5.5,2,A,8
687,A,H,-0.5231,1.804,2,2,A,8
687,A,I,0.3567,0.5698,3,2,A,8
687,A,K,-1.913,0.6385,1.5,2,A,8
687,A,L,0.7472,,0.5,1,A,8
687,A,M,-1.517,1.851,6,2,A,8
687,A,N,-3.348,0.04596,3,2,A,8
687,A,P,-1.303,,1,1,A,8
687,A,Q,-0.7925,2.063,4,2,A,8
687,A,R,-0.6232,0.1698,4.5,2,A,8
687,A,S,-1.013,0.122,12.5,2,A,8
687,A,T,-0.809,0.4668,9,2,A,8
687,A,V,-0.1455,0.3685,7.5,2,A,8
687,A,W,0.251,0.01237,5,2,A,8
687,A,Y,0.6764,0.05671,3,2,A,8
688,G,-,-2.582,2.874,5.5,2,G,8
688,G,A,-0.5221,0.3147,3.5,2,G,8
688,G,C,-3.056,0.4794,18.5,2,G,8
688,G,D,-2.987,0.4335,12.5,2,G,8
688,G,E,-4.704,0.1775,2.5,2,G,8
688,G,F,-1.306,1.512,3,2,G,8
688,G,G,0,0,,2,G,8
688,G,H,-1.537,0.8176,1.5,2,G,8
688,G,I,-3.013,1.942,6,2,G,8
688,G,K,-1.491,0.09192,3.5,2,G,8
688,G,L,-2.55,0.1146,1.5,2,G,8
688,G,M,-1.024,0.1718,3,2,G,8
688,G,N,-4.639,0.5169,2,2,G,8
688,G,P,-0.4992,,0.5,1,G,8
688,G,Q,-0.5032,0.697,4.5,2,G,8
688,G,R,-0.3251,0.1015,3.5,2,G,8
688,G,S,-1.135,0.5151,10.5,2,G,8
688,G,T,-1.382,0.502,4,2,G,8
688,G,V,-1.16,0.8304,11,2,G,8
688,G,W,-0.8756,0.1662,6.5,2,G,8
688,G,Y,-0.8497,0.3894,5,2,G,8
689,R,*,-1.129,0.3318,1,2,R,8
689,R,-,-0.242,1.02,3,2,R,8
689,R,A,-4.894,0.111,5,2,R,8
689,R,C,-4.856,,4,1,R,8
689,R,D,-4.78,0.2793,9.5,2,R,8
689,R,E,-4.966,,2,1,R,8
689,R,F,-4.923,0.0792,5.5,2,R,8
689,R,G,-4.897,0.0997,4.5,2,R,8
689,R,H,-3.557,2.039,5,2,R,8
689,R,I,-4.815,0.2178,8,2,R,8
689,R,K,-4.223,0.01061,8,2,R,8
689,R,L,-4.692,0.4073,4,2,R,8
689,R,M,-4.851,0.1153,2.5,2,R,8
689,R,N,-4.872,0.07707,2,2,R,8
689,R,P,-4.088,1.221,3.5,2,R,8
689,R,Q,-4.927,0.09617,6.5,2,R,8
689,R,R,0,0,,2,R,8
689,R,S,-4.877,0.169,8.5,2,R,8
689,R,T,-4.681,0.2468,4.5,2,R,8
689,R,V,-4.181,0.8747,2,2,R,8
689,R,W,-2.933,2.878,3,2,R,8
689,R,Y,-4.889,0.09829,3.5,2,R,8
690,S,*,-4.928,0.09192,3,2,S,8
690,S,-,-0.0169,0.5849,1.5,2,S,8
690,S,A,-4.915,0.09687,2.5,2,S,8
690,S,C,-4.89,0.08344,3,2,S,8
690,S,D,0.0189,0.4192,2,2,S,8
690,S,E,-2.607,3.16,1,2,S,8
690,S,F,-4.886,0.1025,5,2,S,8
690,S,G,-1.407,,1,1,S,8
690,S,H,-2.639,3.239,3,2,S,8
690,S,I,-4.753,0.03182,5.5,2,S,8
690,S,K,-4.894,0.07637,5,2,S,8
690,S,L,-4.87,0.1266,13,2,S,8
690,S,M,-4.901,0.09263,4.5,2,S,8
690,S,N,-4.879,0.1131,7.5,2,S,8
690,S,P,-4.914,0.1202,4.5,2,S,8
690,S,Q,-4.92,0.07495,7.5,2,S,8
690,S,R,-4.752,0.2432,1.5,2,S,8
690,S,S,0,0,,2,S,8
690,S,T,-3.322,0.7587,4.5,2,S,8
690,S,V,-4.905,0.07849,5,2,S,8
690,S,W,-4.812,0.08273,3,2,S,8
690,S,Y,-4.926,,1,1,S,8
691,A,-,-0.0414,1.064,1.5,2,A,8
691,A,A,0,0,,2,A,8
691,A,C,-1.517,,0.5,1,A,8
691,A,D,-4.89,,1.5,1,A,8
691,A,E,-1.917,1.695,5,2,A,8
691,A,F,0.06045,0.6636,2.5,2,A,8
691,A,G,-4.164,0.2942,4,2,A,8
691,A,H,-1.599,1.636,1,2,A,8
691,A,I,0.4127,0.1927,6.5,2,A,8
691,A,K,0.8405,,2.5,1,A,8
691,A,L,0.0287,0.9479,2,2,A,8
691,A,M,0.2268,0.646,3,2,A,8
691,A,N,-2.031,1.206,4,2,A,8
691,A,P,-1.671,1.064,6,2,A,8
691,A,Q,-0.1041,0.8004,6,2,A,8
691,A,R,0.4262,0.4957,4.5,2,A,8
691,A,S,-1.516,0.6109,14,2,A,8
691,A,T,-0.3684,0.7539,8.5,2,A,8
691,A,V,0.1931,0.2457,8.5,2,A,8
691,A,W,-2.262,0.5381,1.5,2,A,8
691,A,Y,0.236,0.6907,3.5,2,A,8
692,I,-,0.1892,0.2018,1.5,2,I,8
692,I,A,-4.899,0.08202,6,2,I,8
692,I,C,-4.871,0.08061,2,2,I,8
692,I,D,-4.917,0.0693,4.5,2,I,8
692,I,E,-4.891,0.09475,5,2,I,8
692,I,F,-0.5977,1.205,5,2,I,8
692,I,G,-4.768,0.2298,4.5,2,I,8
692,I,H,-4.142,1.116,2.5,2,I,8
692,I,I,0,0,,2,I,8
692,I,K,-4.466,0.04596,5.5,2,I,8
692,I,L,0.3819,0.5169,4.5,2,I,8
692,I,M,0.2773,0.4606,3,2,I,8
692,I,N,-4.867,0.1103,2,2,I,8
692,I,P,-4.9,0.08273,7.5,2,I,8
692,I,Q,-4.931,,1,1,I,8
692,I,R,-3.192,2.332,2.5,2,I,8
692,I,S,-4.883,0.06293,4,2,I,8
692,I,T,-4.924,,1,1,I,8
692,I,V,-0.74,0.5812,9,2,I,8
692,I,W,-4.796,0.2482,4.5,2,I,8
692,I,Y,-4.909,0.1075,2,2,I,8
693,E,*,-4.896,0.1068,6,2,E,8
693,E,-,0.2227,0.03422,1.5,2,E,8
693,E,A,-4.943,,6,1,E,8
693,E,C,-4.632,0.454,3.5,2,E,8
693,E,D,-4.901,0.05374,16,2,E,8
693,E,E,0,0,,2,E,8
693,E,F,-4.889,0.1082,4,2,E,8
693,E,G,-2.56,3.425,2.5,2,E,8
693,E,H,-4.726,0.1987,4.5,2,E,8
693,E,I,-3.808,1.45,2,2,E,8
693,E,K,-4.819,0.04101,9,2,E,8
693,E,L,-4.913,0.07707,5.5,2,E,8
693,E,M,-4.856,0.004243,7,2,E,8
693,E,N,-4.843,0.1223,2.5,2,E,8
693,E,P,-4.781,0.07495,2,2,E,8
693,E,Q,-4.912,0.1004,6,2,E,8
693,E,R,-4.872,0.1308,4.5,2,E,8
693,E,S,-3.921,1.315,4,2,E,8
693,E,T,-4.03,0.2673,2,2,E,8
693,E,V,-4.728,0.3203,8.5,2,E,8
693,E,W,-4.899,0.1004,3,2,E,8
693,E,Y,-4.861,0.152,4.5,2,E,8
694,D,-,0.1183,0.7051,1.5,2,D,8
694,D,A,-0.4774,0.4413,4,2,D,8
694,D,C,-3.453,,0.5,1,D,8
694,D,D,0,0,,2,D,8
694,D,E,-0.006465,0.0722,2,2,D,8
694,D,F,-4.927,,0.5,1,D,8
694,D,G,-2.501,0.02263,5.5,2,D,8
694,D,H,-0.8422,,1.5,1,D,8
694,D,I,-4.636,0.1322,4,2,D,8
694,D,K,-2.106,0.3974,3.5,2,D,8
694,D,L,-4.814,0.06576,5.5,2,D,8
694,D,M,-3.726,0.5551,3.5,2,D,8
694,D,N,0.094,0.2215,3.5,2,D,8
694,D,P,-4.596,0.3401,4,2,D,8
694,D,Q,-0.2571,0.2745,6,2,D,8
694,D,S,-0.427,0.1508,8.5,2,D,8
694,D,T,-0.6772,1.239,4,2,D,8
694,D,V,-4.817,,1,1,D,8
694,D,W,-4.897,0.06576,5,2,D,8
694,D,Y,-4.793,0.2072,11.5,2,D,8
695,I,-,0.6138,0.1785,2,2,I,8
695,I,A,-0.01605,0.4675,3,2,I,8
695,I,C,-4.877,0.07283,1.5,2,I,8
695,I,D,-4.884,0.09617,3,2,I,8
695,I,E,-4.785,,0.5,1,I,8
695,I,F,-3.847,0.6152,7,2,I,8
695,I,G,-4.568,0.09758,9.5,2,I,8
695,I,H,-4.882,,2,1,I,8
695,I,I,0,0,,2,I,8
695,I,K,-4.88,0.0297,6.5,2,I,8
695,I,L,-1.818,3.148,3,2,I,8
695,I,M,-0.7512,0.1837,2.5,2,I,8
695,I,N,-4.919,0.1167,7,2,I,8
695,I,P,-4.899,0.07849,4,2,I,8
695,I,Q,-4.924,0.1209,5,2,I,8
695,I,R,-4.304,0.7594,3.5,2,I,8
695,I,S,-4.3,0.7913,2,2,I,8
695,I,T,-4.398,0.4356,6.5,2,I,8
695,I,V,-0.8824,0.3077,4.5,2,I,8
695,I,W,-4.246,0.3479,5.5,2,I,8
695,I,Y,-4.704,0.3649,2,2,I,8
696,L,-,-0.3547,1.293,1.5,2,L,8
696,L,A,-4.895,0.08627,3,2,L,8
696,L,C,-4.897,0.08697,5.5,2,L,8
696,L,D,-4.776,0.07071,3,2,L,8
696,L,E,-4.815,0.002828,2,2,L,8
696,L,F,-4.798,0.2305,3,2,L,8
696,L,G,-4.947,,2,1,L,8
696,L,H,-4.897,0.0799,5.5,2,L,8
696,L,I,0.1905,0.1713,5,2,L,8
696,L,K,-4.846,0.005657,3,2,L,8
696,L,L,0,0,,2,L,8
696,L,M,-2.604,0.8252,10.5,2,L,8
696,L,N,-4.915,0.08132,2.5,2,L,8
696,L,P,-4.884,0.06364,2.5,2,L,8
696,L,Q,-4.915,0.1054,3,2,L,8
696,L,R,-4.908,0.1004,5.5,2,L,8
696,L,S,-4.902,0.08485,6,2,L,8
696,L,T,-4.85,0.2256,7.5,2,L,8
696,L,V,-3.502,1.14,4,2,L,8
696,L,W,-4.701,0.2008,1,2,L,8
696,L,Y,-4.794,0.2369,3,2,L,8
697,F,-,-0.1293,0.882,1.5,2,F,8
697,F,A,-4.873,0.1018,2,2,F,8
697,F,C,-4.88,0.09687,3,2,F,8
697,F,D,-4.893,0.1047,3.5,2,F,8
697,F,E,-4.915,0.1195,6,2,F,8
697,F,F,0,0,,2,F,8
697,F,G,-4.895,0.0792,5,2,F,8
697,F,H,-4.276,0.7538,3,2,F,8
697,F,I,-4.873,0.04243,5.5,2,F,8
697,F,K,-4.949,,1,1,F,8
697,F,L,-4.877,0.02404,12,2,F,8
697,F,M,-4.638,0.2121,5,2,F,8
697,F,N,-4.582,0.2878,4.5,2,F,8
697,F,P,-4.912,0.06859,4.5,2,F,8
697,F,Q,-4.964,,2,1,F,8
697,F,R,-4.88,0.1259,3.5,2,F,8
697,F,S,-4.883,0.09263,2,2,F,8
697,F,T,-4.019,0.956,1.5,2,F,8
697,F,V,-4.826,0.1768,1.5,2,F,8
697,F,W,-4.483,0.2977,5,2,F,8
697,F,Y,-1.254,1.059,6,2,F,8
698,S,-,-1.906,1.144,2.5,2,S,8
698,S,A,-0.1796,,0.5,1,S,8
698,S,C,-4.881,0.07212,4,2,S,8
698,S,D,-4.299,,1,1,S,8
698,S,E,-0.3583,,1.5,1,S,8
698,S,F,-4.365,0.6852,2.5,2,S,8
698,S,G,-0.5958,0.7442,2.5,2,S,8
698,S,H,-1.38,0.4893,4.5,2,S,8
698,S,I,-4.843,0.01344,10,2,S,8
698,S,K,-2.318,0.8973,2,2,S,8
698,S,L,-2.333,3.672,1.5,2,S,8
698,S,M,-3.292,0.9157,7.5,2,S,8
698,S,N,-0.03765,0.8493,11,2,S,8
698,S,P,-4.901,0.06859,3.5,2,S,8
698,S,Q,-1.08,0.3813,5,2,S,8
698,S,R,-2.508,0.297,5,2,S,8
698,S,S,0,0,,2,S,8
698,S,T,-0.8682,0.9402,4,2,S,8
698,S,V,-4.897,0.07212,4,2,S,8
698,S,W,-4.981,,3,1,S,8
698,S,Y,-4.889,0.09334,5,2,S,8
699,K,-,-0.2091,0.4338,1,2,K,8
699,K,A,-3.807,0.9822,2,2,K,8
699,K,C,-0.7012,,0.5,1,K,8
699,K,D,-4.603,0.5148,3.5,2,K,8
699,K,E,-3.79,,1,1,K,8
699,K,F,-4.916,0.09405,5.5,2,K,8
699,K,G,-4.164,0.4681,4,2,K,8
699,K,H,-1.83,1.953,6.5,2,K,8
699,K,I,-4.36,0.8323,3,2,K,8
699,K,K,0,0,,2,K,8
699,K,L,-4.964,,3,1,K,8
699,K,M,-4.8,0.1089,3.5,2,K,8
699,K,N,-4.13,0.5989,11.5,2,K,8
699,K,P,-4.732,0.1167,3,2,K,8
699,K,Q,-3.502,0.01131,6,2,K,8
699,K,R,-0.5837,1.932,6,2,K,8
699,K,S,-2.215,,1,1,K,8
699,K,T,-2.24,0.3656,3,2,K,8
699,K,V,-4.697,0.02404,2,2,K,8
699,K,W,-4.896,0.07566,4,2,K,8
699,K,Y,-4.117,0.7884,10,2,K,8
700,L,-,-0.4314,0.8749,1,2,I,8
700,L,C,-3.192,0.2001,6,2,I,8
700,L,D,-2.639,0.3734,3.5,2,I,8
700,L,E,-1.589,1.147,2,2,I,8
700,L,F,-0.1644,0.1837,5.5,2,I,8
700,L,G,-2.202,0.2326,4,2,I,8
700,L,H,-0.9754,,1,1,I,8
700,L,I,0.05055,0.7164,8.5,2,I,8
700,L,K,-2.165,0.1266,11.5,2,I,8
700,L,L,0,0,,2,I,8
700,L,M,0.4572,0.02355,2.5,2,I,8
700,L,N,-4.117,0.06293,6,2,I,8
700,L,P,-4.521,0.2694,6,2,I,8
700,L,Q,-0.8312,,1.5,1,I,8
700,L,R,-1.465,0.1711,4.5,2,I,8
700,L,S,-1.203,0.9855,4,2,I,8
700,L,T,-0.96,2.229,1,2,I,8
700,L,V,-0.1638,,2.5,1,I,8
700,L,W,-3.139,2.415,3.5,2,I,8
700,L,Y,-0.5816,0.7261,4,2,I,8
701,V,-,-2.061,0.8004,1,2,V,8
701,V,A,-2.103,0.6965,4.5,2,V,8
701,V,C,-2.974,0.2984,5,2,V,8
701,V,D,-1.987,0.1379,3.5,2,V,8
701,V,E,-3.937,1.375,3,2,V,8
701,V,F,-2.412,0.03323,4.5,2,V,8
701,V,G,-2.643,0.7297,6,2,V,8
701,V,H,-1.878,0.6194,6,2,V,8
701,V,I,0.09395,1.025,3.5,2,V,8
701,V,K,-1.186,0.3308,5,2,V,8
701,V,L,0.2141,0.3342,10,2,V,8
701,V,M,-0.185,0.5197,9.5,2,V,8
701,V,N,-3.722,1.234,3,2,V,8
701,V,P,-3.373,0.8026,7.5,2,V,8
701,V,Q,-0.9323,0.1948,2,2,V,8
701,V,R,-0.9161,0.8753,2.5,2,V,8
701,V,S,-0.2971,0.1414,3,2,V,8
701,V,T,-0.8462,0.7111,6,2,V,8
701,V,V,0,0,,2,V,8
701,V,W,-1.143,0.8029,3,2,V,8
701,V,Y,-2.14,,3.5,1,V,8
702,T,-,0.5514,0.1066,1,2,T,8
702,T,A,-1.422,0.3776,5,2,T,8
702,T,C,-4.835,0.0891,3.5,2,T,8
702,T,D,-2.978,0.3677,5.5,2,T,8
702,T,E,-1.997,1.127,2,2,T,8
702,T,F,-1.042,0.1073,5,2,T,8
702,T,G,-1.122,0.04101,7,2,T,8
702,T,H,-4.619,0.3288,1,2,T,8
702,T,I,-1.991,0.6682,5,2,T,8
702,T,K,-3.867,0.4158,2,2,T,8
702,T,L,-2.583,0.1082,3.5,2,T,8
702,T,M,-2.731,0.5233,4,2,T,8
702,T,N,-1.729,0.1131,5,2,T,8
702,T,P,-4.124,0.7029,5.5,2,T,8
702,T,Q,-0.5722,1.038,3.5,2,T,8
702,T,R,-2.258,0.1351,1.5,2,T,8
702,T,S,-0.5616,0.03578,2.5,2,T,8
702,T,T,0,0,,2,T,8
702,T,V,-3.485,1.919,3,2,T,8
702,T,W,-3.722,1.744,2.5,2,T,8
702,T,Y,-1.782,1.71,8,2,T,8
703,S,-,-1.929,0.3493,1,2,S,8
703,S,A,-0.5431,0.1549,6,2,S,8
703,S,C,-5.002,,2,1,S,8
703,S,D,-1.311,1.114,3,2,S,8
703,S,F,-3.787,0.6272,8.5,2,S,8
703,S,G,-1.141,0.4822,1.5,2,S,8
703,S,H,-3.56,,1.5,1,S,8
703,S,I,-1.769,,1,1,S,8
703,S,K,-3.665,0.01202,4,2,S,8
703,S,L,-1.798,1.033,3.5,2,S,8
703,S,M,-1.831,1.904,2.5,2,S,8
703,S,N,-0.06797,0.1228,2,2,S,8
703,S,P,-2.759,2.693,1,2,S,8
703,S,Q,-1.511,0.4624,5.5,2,S,8
703,S,R,-0.2413,,0.5,1,S,8
703,S,S,0,0,,2,S,8
703,S,T,0.4113,0.4602,5,2,S,8
703,S,V,-1.337,0.5182,2.5,2,S,8
703,S,W,-2.238,1.055,4,2,S,8
703,S,Y,-3.626,0.01131,15,2,S,8
704,G,-,-0.746,1.618,1,2,G,8
704,G,A,-2.521,0.1393,5,2,G,8
704,G,C,-4.806,0.0799,9,2,G,8
704,G,D,-3.099,0.6428,4.5,2,G,8
704,G,E,-3.96,1.013,4,2,G,8
704,G,F,-4.337,0.8238,5.5,2,G,8
704,G,G,0,0,,2,G,8
704,G,H,-4.001,1.177,2,2,G,8
704,G,I,-4.785,,1.5,1,G,8
704,G,K,-4.571,0.6017,2,2,G,8
704,G,L,-4.526,0.2666,3.5,2,G,8
704,G,M,-0.7459,2.216,2,2,G,8
704,G,N,-4.498,0.5169,2.5,2,G,8
704,G,P,-4.819,0.002121,2.5,2,G,8
704,G,Q,-3.239,0.3769,1.5,2,G,8
704,G,R,-3.623,0.2383,2,2,G,8
704,G,S,-2.367,0.09122,8,2,G,8
704,G,T,-3.861,0.03889,1.5,2,G,8
704,G,V,-4.619,0.5332,8.5,2,G,8
704,G,W,-4.671,0.215,4.5,2,G,8
704,G,Y,-4.128,0.4787,2,2,G,8
705,L,-,-0.2075,0.2007,1,2,L,8
705,L,A,-1.815,3.446,1,2,L,8
705,L,C,-2.606,0.3394,1,2,L,8
705,L,D,-3.675,1.068,4.5,2,L,8
705,L,E,-2.492,0.3726,3.5,2,L,8
705,L,F,-1.082,0.2869,6,2,L,8
705,L,G,-1.9,0.06081,3,2,L,8
705,L,H,-2.011,0.145,3.5,2,L,8
705,L,I,-2.182,2.578,3,2,L,8
705,L,K,-2.423,0.05728,2.5,2,L,8
705,L,L,0,0,,2,L,8
705,L,M,-0.5167,0.2495,8.5,2,L,8
705,L,N,-3.529,0.04101,3.5,2,L,8
705,L,P,-2.457,0.3309,8,2,L,8
705,L,Q,-1.506,0.6442,7.5,2,L,8
705,L,R,-1.529,0.0198,3.5,2,L,8
705,L,S,-2.284,0.07566,1.5,2,L,8
705,L,T,-0.1876,1.337,2,2,L,8
705,L,V,0.4341,,2.5,1,L,8
705,L,W,-2.649,0.7707,3.5,2,L,8
705,L,Y,-0.8369,0.2745,2,2,L,8
706,G,*,-4.893,0.03606,13,2,G,9
706,G,A,0.2455,0.6127,4,2,G,9
706,G,C,-4.635,0.4653,3,2,G,9
706,G,D,-2.24,0.8924,3,2,G,9
706,G,E,-1.246,0.1973,36,2,G,9
706,G,F,-1.005,0.7714,3,2,G,9
706,G,G,0,0,,2,G,9
706,G,H,-1.512,0.8224,4.5,2,G,9
706,G,I,-1.502,0.215,4,2,G,9
706,G,K,-1.619,,1,1,G,9
706,G,L,-0.4501,0.1148,4.5,2,G,9
706,G,M,0.03954,0.1476,6,2,G,9
706,G,N,-0.6853,0.02058,2,2,G,9
706,G,P,-0.8868,0.2294,3,2,G,9
706,G,Q,-2.038,2.117,2.5,2,G,9
706,G,R,-0.8255,0.2482,16,2,G,9
706,G,S,-0.9857,1.85,2,2,G,9
706,G,T,-0.7592,0.7223,3,2,G,9
706,G,V,-1.42,0.6648,9.5,2,G,9
706,G,W,-2.398,2.547,3.5,2,G,9
706,G,Y,0.07593,0.167,3,2,G,9
707,T,A,-1.155,1.549,5,2,T,9
707,T,C,-3.16,1.077,4.5,2,T,9
707,T,D,-2.085,,0.5,1,T,9
707,T,E,-1.785,0.4179,3.5,2,T,9
707,T,F,-0.1581,0.4243,5,2,T,9
707,T,G,-2.276,,0.5,1,T,9
707,T,H,-0.2404,0.377,1,2,T,9
707,T,I,-2.303,3.319,4.5,2,T,9
707,T,K,-1.24,0.3323,3.5,2,T,9
707,T,L,0.3492,,1.5,1,T,9
707,T,M,-1.895,2.972,4,2,T,9
707,T,N,-0.4783,0.9231,11.5,2,T,9
707,T,P,-1.538,0.08132,3.5,2,T,9
707,T,Q,-3.141,1.407,1.5,2,T,9
707,T,R,-0.2114,,0.5,1,T,9
707,T,S,-0.713,0.008768,4,2,T,9
707,T,T,0,0,,2,T,9
707,T,V,-0.4007,0.6987,4.5,2,T,9
707,T,W,-0.7062,0.7931,2.5,2,T,9
707,T,Y,-0.5487,1.009,3,2,T,9
708,V,A,-0.449,0.8048,3.5,2,V,9
708,V,C,-4.733,0.03111,3.5,2,V,9
708,V,D,-2.862,,2,1,V,9
708,V,E,-4.294,0.5756,4,2,V,9
708,V,F,-1.271,,2,1,V,9
708,V,G,-3.402,,2,1,V,9
708,V,H,-1.481,1.748,3,2,V,9
708,V,I,-0.013,0.8342,1.5,2,V,9
708,V,K,-2.001,,2,1,V,9
708,V,L,-1.597,0.3946,8,2,V,9
708,V,M,-1.282,0.9559,6.5,2,V,9
708,V,N,-2.375,0.8492,1.5,2,V,9
708,V,P,-3.386,0.9192,3.5,2,V,9
708,V,Q,-0.4312,1.429,4,2,V,9
708,V,R,-2.745,0.8492,1.5,2,V,9
708,V,T,-0.1739,0.5641,2.5,2,V,9
708,V,V,0,0,,2,V,9
708,V,W,-2.791,0.1556,1.5,2,V,9
708,V,Y,-2.01,1.21,3.5,2,V,9
709,D,-,0.2879,,0.5,1,D,9
709,D,A,-1.552,0.5523,2.5,2,D,9
709,D,C,-4.517,0.5904,1.5,2,D,9
709,D,D,0,0,,2,D,9
709,D,E,-0.4233,1.022,3.5,2,D,9
709,D,F,-2.934,,0.5,1,D,9
709,D,G,-2.835,2.851,1,2,D,9
709,D,H,-2.697,0.8598,4.5,2,D,9
709,D,I,-4.589,0.5261,3.5,2,D,9
709,D,K,-4.332,0.8464,3,2,D,9
709,D,L,-2.178,2.805,2,2,D,9
709,D,M,-3.004,0.7778,2.5,2,D,9
709,D,N,-2.984,2.059,17.5,2,D,9
709,D,P,-1.976,0.1195,3,2,D,9
709,D,Q,-2.038,0.4646,4.5,2,D,9
709,D,R,-4.554,,2,1,D,9
709,D,S,-1.403,0.1379,2.5,2,D,9
709,D,T,-2.466,0.3762,4,2,D,9
709,D,V,-2.348,0.4723,4.5,2,D,9
709,D,W,-3.675,1.877,1.5,2,D,9
709,D,Y,-2.97,0.7007,7,2,D,9
710,A,-,-0.7626,,0.5,1,A,9
710,A,A,0,0,,2,A,9
710,A,C,-0.9529,,2,1,A,9
710,A,D,-4.758,0.2991,3.5,2,A,9
710,A,E,-4.699,0.1676,3.5,2,A,9
710,A,F,-1.501,,1.5,1,A,9
710,A,G,-0.5355,,2,1,A,9
710,A,H,-0.7061,0.8993,2,2,A,9
710,A,I,0.4948,0.2633,4,2,A,9
710,A,K,-2.699,1.194,6,2,A,9
710,A,L,0.7233,,0.5,1,A,9
710,A,M,0.7631,0.002475,2,2,A,9
710,A,N,-0.8378,0.4358,3.5,2,A,9
710,A,P,0.5227,0.3321,4,2,A,9
710,A,Q,0.09679,0.1102,4.5,2,A,9
710,A,R,-0.7831,,0.5,1,A,9
710,A,S,-1.504,2.189,7.5,2,A,9
710,A,T,-0.2863,0.04943,5.5,2,A,9
710,A,V,-0.2119,0.5875,11,2,A,9
710,A,W,0.3827,,1,1,A,9
710,A,Y,-0.6016,0.7643,3.5,2,A,9
711,D,-,-0.7922,1.748,1.5,2,D,9
711,D,A,-4.889,0.07142,2,2,D,9
711,D,C,-4.809,0.111,3,2,D,9
711,D,D,0,0,,2,D,9
711,D,E,-4.838,0.1103,4,2,D,9
711,D,F,-4.485,0.7071,5,2,D,9
711,D,G,-3.224,0.5862,5.5,2,D,9
711,D,H,-4.447,0.7573,5,2,D,9
711,D,I,-4.695,0.2319,1.5,2,D,9
711,D,K,-4.933,,2,1,D,9
711,D,L,-4.521,0.4603,3.5,2,D,9
711,D,M,-4.806,0.0502,5.5,2,D,9
711,D,N,-0.2555,0.1689,16,2,D,9
711,D,P,-4.819,,2,1,D,9
711,D,Q,-4.177,,1.5,1,D,9
711,D,R,-4.666,,1.5,1,D,9
711,D,S,-3.788,0.4589,2,2,D,9
711,D,T,-3.788,0.4165,3.5,2,D,9
711,D,V,-4.902,0.05657,35,2,D,9
711,D,Y,-4.901,0.0898,11,2,D,9
712,Y,*,-4.468,0.7092,3,2,Y,9
712,Y,-,-1.914,1.053,2,2,Y,9
712,Y,A,-4.888,0.0997,2.5,2,Y,9
712,Y,C,-4.225,0.8669,4,2,Y,9
712,Y,D,-4.652,,1,1,Y,9
712,Y,E,-4.859,,2,1,Y,9
712,Y,F,-3.033,0.4214,19,2,Y,9
712,Y,G,-4.928,,1,1,Y,9
712,Y,H,-4.12,0.9419,4.5,2,Y,9
712,Y,I,-3.83,0.02758,4.5,2,Y,9
712,Y,K,-3.979,0.6371,6,2,Y,9
712,Y,L,-4.198,,1.5,1,Y,9
712,Y,M,-4.04,0.7877,3,2,Y,9
712,Y,N,-4.828,0.01626,3,2,Y,9
712,Y,P,-3.23,2.451,2.5,2,Y,9
712,Y,Q,-4.804,0.2432,4,2,Y,9
712,Y,R,-4.114,1.011,2.5,2,Y,9
712,Y,S,-4.964,,1,1,Y,9
712,Y,T,-4.614,,1,1,Y,9
712,Y,V,-3.33,0.6795,2.5,2,Y,9
712,Y,W,-1.295,1.227,4.5,2,Y,9
712,Y,Y,0,0,,2,Y,9
713,K,-,-0.1386,0.04914,3,2,K,9
713,K,A,-4.89,0.08202,3.5,2,K,9
713,K,C,-4.965,,1,1,K,9
713,K,D,-4.894,0.04525,2,2,K,9
713,K,E,-4.917,0.07,5,2,K,9
713,K,F,-4.616,0.4695,3.5,2,K,9
713,K,G,-4.937,0.1018,4,2,K,9
713,K,H,-4.913,0.1336,5,2,K,9
713,K,I,-4.593,0.3861,2,2,K,9
713,K,K,0,0,,2,K,9
713,K,L,-4.88,0.06576,2.5,2,K,9
713,K,M,-4.885,0.08556,3.5,2,K,9
713,K,N,-4.843,0.1747,14.5,2,K,9
713,K,P,-4.928,,1,1,K,9
713,K,Q,-4.583,0.5735,2,2,K,9
713,K,R,-2.399,0.5148,1.5,2,K,9
713,K,S,-4.702,,2,1,K,9
713,K,T,-3.916,0.3465,1.5,2,K,9
713,K,V,-4.431,0.7969,3.5,2,K,9
713,K,W,-4.884,0.09334,2,2,K,9
713,K,Y,-4.876,0.0792,2.5,2,K,9
714,K,*,-1.234,,1,1,N,9
714,K,-,-1.476,1.615,2,2,N,9
714,K,A,0.3632,0.5567,3,2,N,9
714,K,C,-4.777,0.06718,2.5,2,N,9
714,K,D,-1.134,1.111,2.5,2,N,9
714,K,E,0.159,0.2018,6.5,2,N,9
714,K,F,-2.996,2.758,3.5,2,N,9
714,K,G,-0.4274,0.2298,3.5,2,N,9
714,K,H,-0.5677,,1.5,1,N,9
714,K,I,-2.718,,0.5,1,N,9
714,K,K,0,0,,2,N,9
714,K,L,-1.365,0.9357,2.5,2,N,9
714,K,M,-1.832,0.3536,3,2,N,9
714,K,N,-0.9937,2.427,1.5,2,N,9
714,K,P,-4.948,,1,1,N,9
714,K,Q,-0.7046,1.887,2,2,N,9
714,K,R,-0.5059,0.229,2.5,2,N,9
714,K,S,0.1426,,1.5,1,N,9
714,K,T,-1.517,,1.5,1,N,9
714,K,V,-1.134,0.5952,4.5,2,N,9
714,K,W,-2.141,0.5317,3.5,2,N,9
714,K,Y,-1.759,0.9051,3,2,N,9
715,C,*,-1.615,0.6845,1.5,2,C,9
715,C,-,-0.4226,0.9989,2,2,C,9
715,C,A,-4.896,0.08697,3,2,C,9
715,C,C,0,0,,2,C,9
715,C,D,-4.875,0.09758,1.5,2,C,9
715,C,E,-4.897,0.04384,4.5,2,C,9
715,C,F,-4.873,0.1534,7,2,C,9
715,C,G,-4.717,0.3203,3,2,C,9
715,C,H,-4.902,0.06788,4,2,C,9
715,C,I,-4.946,,4.5,1,C,9
715,C,K,-4.887,0.08627,2,2,C,9
715,C,L,-4.624,0.285,1.5,2,C,9
715,C,M,-4.892,,1,1,C,9
715,C,N,-4.889,0.0799,2,2,C,9
715,C,P,-4.921,0.1138,2.5,2,C,9
715,C,Q,-4.892,0.07637,2.5,2,C,9
715,C,R,-4.883,0.09617,4,2,C,9
715,C,S,-1.628,1.034,2.5,2,C,9
715,C,T,-4.566,0.5127,1,2,C,9
715,C,V,-4.662,0.244,1.5,2,C,9
715,C,W,-4.919,0.08061,4,2,C,9
715,C,Y,-4.434,0.7679,9,2,C,9
716,T,-,-3.232,2.149,2,2,T,9
716,T,A,0.398,0.01004,5,2,T,9
716,T,C,-0.5673,0.3598,3,2,T,9
716,T,D,-1.884,0.9461,1,2,T,9
716,T,E,-2.908,,1.5,1,T,9
716,T,F,0.376,0.4263,4,2,T,9
716,T,G,0.8365,,1.5,1,T,9
716,T,H,0.4932,0.2981,2.5,2,T,9
716,T,I,-0.9843,0.339,3.5,2,T,9
716,T,K,-1.273,1.216,3.5,2,T,9
716,T,L,0.5253,0.3292,3.5,2,T,9
716,T,M,-2.855,2.772,3,2,T,9
716,T,N,-0.9433,2.399,3,2,T,9
716,T,P,-2.591,3.171,2,2,T,9
716,T,Q,0.5274,0.1537,2.5,2,T,9
716,T,R,-2.306,2.082,2,2,T,9
716,T,S,0.711,0.06788,1,2,T,9
716,T,T,0,0,,2,T,9
716,T,V,0.5201,0.1978,4,2,T,9
716,T,W,-0.6067,0.301,2.5,2,T,9
716,T,Y,-0.6859,1.417,2,2,T,9
717,K,-,0.2777,0.06314,1.5,2,K,9
717,K,A,-1.493,2.399,2.5,2,K,9
717,K,C,-1.054,1.805,1.5,2,K,9
717,K,D,-1.048,0.6725,4.5,2,K,9
717,K,E,-0.4162,1.627,4,2,K,9
717,K,F,-3.049,1.195,3.5,2,K,9
717,K,G,-1.957,0.7283,1.5,2,K,9
717,K,H,-0.4507,0.1654,7,2,K,9
717,K,I,-1.234,0.6046,4,2,K,9
717,K,K,0,0,,2,K,9
717,K,L,-2.583,,0.5,1,K,9
717,K,M,0.6881,,1.5,1,K,9
717,K,N,-1.045,0.7466,2,2,K,9
717,K,P,-4.082,0.2093,2,2,K,9
717,K,Q,0.1153,0.2169,3.5,2,K,9
717,K,R,0.1573,0.3388,1.5,2,K,9
717,K,S,-0.08142,0.1505,3,2,K,9
717,K,T,0.3225,0.4445,2,2,K,9
717,K,V,-1.201,0.6025,2,2,K,9
717,K,W,-3.13,0.292,2,2,K,9
717,K,Y,-1.879,0.7382,6.5,2,K,9
718,G,-,-1.117,0.4683,1.5,2,G,9
718,G,A,-1.764,0.3705,3,2,G,9
718,G,C,-4.836,0.1867,10,2,G,9
718,G,D,-3.92,1.46,5,2,G,9
718,G,E,-2.069,1.52,1.5,2,G,9
718,G,F,-2.62,3.369,2,2,G,9
718,G,G,0,0,,2,G,9
718,G,H,-2.316,,1.5,1,G,9
718,G,I,-4.428,0.7531,3,2,G,9
718,G,K,-4.687,0.3691,2.5,2,G,9
718,G,L,-3.123,1.105,4.5,2,G,9
718,G,M,-2.788,1.269,2,2,G,9
718,G,N,-4.866,0.08344,3,2,G,9
718,G,P,-4.675,0.1718,4,2,G,9
718,G,Q,-2.428,0.2404,4,2,G,9
718,G,R,-3.512,1.874,3.5,2,G,9
718,G,S,-0.2591,0.7576,6,2,G,9
718,G,T,-2.231,0.2369,3,2,G,9
718,G,V,-4.669,0.1259,10.5,2,G,9
718,G,W,-4.578,0.4936,5,2,G,9
718,G,Y,-3.641,1.814,5.5,2,G,9
719,L,-,0.05055,0.4774,1.5,2,L,9
719,L,A,-2.095,0.9058,3.5,2,L,9
719,L,C,-4.739,0.1004,3,2,L,9
719,L,D,-4.141,1.019,4.5,2,L,9
719,L,E,-2.914,1.615,3,2,L,9
719,L,F,0.6362,0.08634,3,2,L,9
719,L,G,-2.147,0.4752,2.5,2,L,9
719,L,H,-1.359,,0.5,1,L,9
719,L,I,0.1225,0.4183,8,2,L,9
719,L,K,-3.216,,1,1,L,9
719,L,L,0,0,,2,L,9
719,L,M,0.3423,,2.5,1,L,9
719,L,N,-0.7986,0.09645,1.5,2,L,9
719,L,P,-2.34,3.501,1.5,2,L,9
719,L,Q,-1.609,1.513,3.5,2,L,9
719,L,R,-1.6,,0.5,1,L,9
719,L,S,-3.463,1.529,3.5,2,L,9
719,L,T,-2.139,,0.5,1,L,9
719,L,V,-0.1139,0.02508,2,2,L,9
719,L,W,0.7945,0.04441,3.5,2,L,9
719,L,Y,0.5557,,0.5,1,L,9
720,S,-,0.1366,0.5239,1.5,2,S,9
720,S,A,0.2467,0.8258,3,2,S,9
720,S,C,-4.805,0.02687,4,2,S,9
720,S,D,-4.505,,0.5,1,S,9
720,S,E,-3.113,,1.5,1,S,9
720,S,F,-1.403,0.1584,4.5,2,S,9
720,S,G,-2.771,0.07142,3.5,2,S,9
720,S,H,-2.259,1.872,2.5,2,S,9
720,S,I,-2.128,0.5325,6.5,2,S,9
720,S,K,-2.122,0.3599,4,2,S,9
720,S,L,-1.961,0.1754,5,2,S,9
720,S,M,-4.113,1.227,2,2,S,9
720,S,N,-3.119,0.7898,7.5,2,S,9
720,S,P,-4.015,0.06647,5.5,2,S,9
720,S,Q,-3.643,0.6336,2.5,2,S,9
720,S,R,-1.941,1.946,3,2,S,9
720,S,S,0,0,,2,S,9
720,S,T,-0.0546,1.094,2,2,S,9
720,S,V,0.4881,0.1301,3,2,S,9
720,S,W,-1.058,0.191,4.5,2,S,9
720,S,Y,-3.296,0.2786,3,2,S,9
721,I,-,-0.7411,1.766,1.5,2,I,9
721,I,A,-4.022,0.1881,2.5,2,I,9
721,I,C,-3.093,2.6,2.5,2,I,9
721,I,D,-4.701,0.3479,3.5,2,I,9
721,I,E,-4.72,0.145,5,2,I,9
721,I,F,-2.562,0.9143,2.5,2,I,9
721,I,G,-4.498,0.5134,3.5,2,I,9
721,I,H,-4.902,0.07778,3,2,I,9
721,I,I,0,0,,2,I,9
721,I,K,-4.857,0.14,4.5,2,I,9
721,I,L,-0.3142,0.4857,2,2,I,9
721,I,M,-1.328,0.9891,3,2,I,9
721,I,N,-4.849,,1.5,1,I,9
721,I,P,-4.833,0.164,6,2,I,9
721,I,Q,-4.431,0.7071,2,2,I,9
721,I,R,-4.762,0.2758,2,2,I,9
721,I,S,-4.037,1.37,1.5,2,I,9
721,I,T,-4.075,1.063,2.5,2,I,9
721,I,V,-0.8364,1.347,5,2,I,9
721,I,W,-4.541,0.5494,3,2,I,9
721,I,Y,-4.977,,2,1,I,9
722,A,-,-0.04735,0.8524,1.5,2,A,9
722,A,A,0,0,,2,A,9
722,A,C,-4.8,0.215,4.5,2,A,9
722,A,D,-4.402,0.5183,7,2,A,9
722,A,E,-4.146,0.6442,3.5,2,A,9
722,A,F,-0.1918,0.9931,1,2,A,9
722,A,G,0.4154,,1,1,A,9
722,A,H,-1.551,1.965,3,2,A,9
722,A,I,-4.656,0.413,3,2,A,9
722,A,K,-2.223,0.6272,1.5,2,A,9
722,A,L,-2.932,2.828,1,2,A,9
722,A,M,-1.586,0.3974,4,2,A,9
722,A,N,-0.8623,,2,1,A,9
722,A,P,-0.8151,2.086,2.5,2,A,9
722,A,Q,-2.062,0.6548,3,2,A,9
722,A,R,-0.08945,0.383,4.5,2,A,9
722,A,S,-1.52,0.4589,7.5,2,A,9
722,A,T,-1.198,0.4264,10.5,2,A,9
722,A,V,-3.418,0.8719,6.5,2,A,9
722,A,W,-1.635,0.3854,4,2,A,9
722,A,Y,-0.8851,0.6716,4,2,A,9
723,D,-,-0.7786,0.2111,1.5,2,D,9
723,D,A,-4.88,0.06435,4.5,2,D,9
723,D,C,-4.946,,1.5,1,D,9
723,D,D,0,0,,2,D,9
723,D,E,-2.697,2.511,1,2,D,9
723,D,F,-4.911,0.1089,5.5,2,D,9
723,D,G,-2.838,1.133,1.5,2,D,9
723,D,H,-4.825,0.02192,4,2,D,9
723,D,I,-4.449,0.7071,3.5,2,D,9
723,D,K,-4.121,0.8726,3,2,D,9
723,D,L,-4.901,0.0792,4,2,D,9
723,D,M,-4.886,0.1527,2.5,2,D,9
723,D,N,-4.23,0.8301,12,2,D,9
723,D,P,-4.623,0.4391,6.5,2,D,9
723,D,Q,-4.64,0.4674,4.5,2,D,9
723,D,R,-3.351,0.5247,2.5,2,D,9
723,D,S,-3.282,0.8563,5,2,D,9
723,D,T,-4.835,0.2128,4,2,D,9
723,D,V,-4.341,0.7453,2.5,2,D,9
723,D,W,-4.878,0.1032,1.5,2,D,9
723,D,Y,-4.832,0.07566,9.5,2,D,9
724,L,-,0.01035,0.544,1.5,2,L,9
724,L,A,-2.278,0.7156,4.5,2,L,9
724,L,C,-4.351,0.1209,4,2,L,9
724,L,D,-4.258,0.09405,3,2,L,9
724,L,E,-3.431,0.3868,2.5,2,L,9
724,L,F,-3.244,0.4462,2.5,2,L,9
724,L,G,-4.127,0.4886,4,2,L,9
724,L,H,-3.709,0.9178,3.5,2,L,9
724,L,I,-2.962,0.4363,4.5,2,L,9
724,L,K,-3.859,0.3811,3,2,L,9
724,L,L,0,0,,2,L,9
724,L,M,-2.287,2.288,4.5,2,L,9
724,L,N,-4.397,0.7566,2.5,2,L,9
724,L,P,-4.377,0.5268,5.5,2,L,9
724,L,Q,-3.125,0.8139,3.5,2,L,9
724,L,R,-4.059,0.3019,3,2,L,9
724,L,S,-1.976,2.313,3.5,2,L,9
724,L,T,-0.6452,1.866,2,2,L,9
724,L,V,-2.882,2.331,3,2,L,9
724,L,W,-1.396,2.994,1.5,2,L,9
724,L,Y,-2.729,1.302,3,2,L,9
725,A,-,0.09194,0.2111,1.5,2,A,9
725,A,A,0,0,,2,A,9
725,A,C,0.4217,,0.5,1,A,9
725,A,D,-4.053,0.9079,4.5,2,A,9
725,A,E,-2.247,3.835,4,2,A,9
725,A,G,-2.059,0.7658,5,2,A,9
725,A,H,-3.454,0.4632,5,2,A,9
725,A,I,0.7928,0.06039,2,2,A,9
725,A,K,-4.529,0.321,1.5,2,A,9
725,A,L,0.4245,0.3497,4,2,A,9
725,A,M,0.4683,0.2891,3.5,2,A,9
725,A,N,-2.56,3.197,2,2,A,9
725,A,P,-0.07195,0.3888,1.5,2,A,9
725,A,Q,-4.538,0.5897,1.5,2,A,9
725,A,R,-3.45,0.5862,2,2,A,9
725,A,S,-3.389,0.06435,4.5,2,A,9
725,A,T,-0.92,0.5445,8,2,A,9
725,A,V,0.6867,0.09263,6.5,2,A,9
725,A,W,0.5933,0.2203,2,2,A,9
725,A,Y,-0.6467,,1.5,1,A,9
726,C,*,-4.713,0.3924,2.5,2,C,9
726,C,-,-0.409,0.2462,1.5,2,C,9
726,C,A,-2.719,3.151,2,2,C,9
726,C,C,0,0,,2,C,9
726,C,D,-1.514,,0.5,1,C,9
726,C,E,-4.844,0.1732,2.5,2,C,9
726,C,F,-4.906,0.07849,6.5,2,C,9
726,C,G,-4.905,0.1266,4,2,C,9
726,C,H,-4.818,,0.5,1,C,9
726,C,I,-4.78,0.08132,6,2,C,9
726,C,K,-4.412,0.7347,3,2,C,9
726,C,L,-3.779,1.489,2.5,2,C,9
726,C,M,-3.101,1.616,4,2,C,9
726,C,N,-4.891,0.1032,5.5,2,C,9
726,C,P,-4.663,0.4122,4,2,C,9
726,C,Q,-4.895,0.0891,2.5,2,C,9
726,C,R,-4.601,0.08273,4,2,C,9
726,C,S,-4.914,0.1032,5.5,2,C,9
726,C,T,-2.801,2.875,2,2,C,9
726,C,V,-4.822,0.2539,3.5,2,C,9
726,C,W,-4.933,0.09617,3.5,2,C,9
726,C,Y,-4.905,0.08627,9.5,2,C,9
727,A,-,-3.399,1.484,2.5,2,A,9
727,A,A,0,0,,2,A,9
727,A,C,-4.881,0.09334,2,2,A,9
727,A,D,-3.105,1.211,2,2,A,9
727,A,E,-1.143,0.2923,4,2,A,9
727,A,F,-4.81,0.02263,3,2,A,9
727,A,G,-3.761,0.8514,3,2,A,9
727,A,H,-1.621,0.4851,2,2,A,9
727,A,I,-4.527,0.4773,2.5,2,A,9
727,A,K,-4.734,0.3097,3.5,2,A,9
727,A,L,-4.938,,0.5,1,A,9
727,A,M,-2.08,1.157,3,2,A,9
727,A,N,-4.886,0.03323,2,2,A,9
727,A,P,-2.159,3.995,4,2,A,9
727,A,Q,-2.017,,4,1,A,9
727,A,R,-2.116,1.96,3,2,A,9
727,A,S,-0.004,0.4873,8.5,2,A,9
727,A,T,-4.091,0.8316,9,2,A,9
727,A,V,-3.745,1.582,3.5,2,A,9
727,A,W,-2.124,3.478,3,2,A,9
727,A,Y,-4.654,0.2765,2,2,A,9
728,Q,*,-4.88,0.08202,4.5,2,Q,9
728,Q,-,-1.771,0.5515,3,2,Q,9
728,Q,A,-0.1958,,1,1,Q,9
728,Q,C,-2.439,2.883,2,2,Q,9
728,Q,D,-4.867,0.09546,2,2,Q,9
728,Q,E,-4.235,0.314,2,2,Q,9
728,Q,F,-2.854,0.06293,2,2,Q,9
728,Q,G,-1.467,0.3521,5.5,2,Q,9
728,Q,H,-2.286,0.8853,10.5,2,Q,9
728,Q,I,-2.318,2.861,2.5,2,Q,9
728,Q,K,-3.651,0.7828,12.5,2,Q,9
728,Q,L,-2.421,0.5735,3,2,Q,9
728,Q,M,-1.393,0.0297,3.5,2,Q,9
728,Q,N,0.461,0.319,3.5,2,Q,9
728,Q,P,-4.436,0.2807,3,2,Q,9
728,Q,Q,0,0,,2,Q,9
728,Q,R,-2.381,3.126,2.5,2,Q,9
728,Q,S,-1.953,,1.5,1,Q,9
728,Q,T,-2.657,0.741,1.5,2,Q,9
728,Q,V,-2.555,1.401,4,2,Q,9
728,Q,W,-1.636,2.941,1.5,2,Q,9
728,Q,Y,-3.817,0.1294,5,2,Q,9
729,Y,*,-4.78,,0.5,1,Y,9
729,Y,-,0.3076,0.2971,4,2,Y,9
729,Y,A,-4.911,0.0594,3,2,Y,9
729,Y,C,-4.871,0.1287,4,2,Y,9
729,Y,D,-4.899,0.08344,6,2,Y,9
729,Y,E,-4.873,0.07778,1,2,Y,9
729,Y,F,-0.6258,0.4665,2.5,2,Y,9
729,Y,G,-4.888,0.07637,3,2,Y,9
729,Y,H,-4.54,0.5834,6.5,2,Y,9
729,Y,I,-4.713,0.0891,6,2,Y,9
729,Y,K,-4.842,0.1739,3.5,2,Y,9
729,Y,L,-2.821,0.3253,3.5,2,Y,9
729,Y,M,-4.566,0.3712,3.5,2,Y,9
729,Y,N,-4.883,0.06435,4,2,Y,9
729,Y,Q,-4.703,0.04667,2.5,2,Y,9
729,Y,R,-4.867,0.08556,2.5,2,Y,9
729,Y,S,-4.9,0.04667,3.5,2,Y,9
729,Y,T,-1.318,,0.5,1,Y,9
729,Y,V,-4.893,0.07778,2.5,2,Y,9
729,Y,W,-1.001,0.2036,2.5,2,Y,9
729,Y,Y,0,0,,2,Y,9
730,Y,*,-4.782,0.2694,2.5,2,Y,9
730,Y,-,-1.035,1.869,3.5,2,Y,9
730,Y,A,-4.947,,0.5,1,Y,9
730,Y,C,-4.631,0.3267,5,2,Y,9
730,Y,D,-3.561,1.843,1,2,Y,9
730,Y,E,-4.832,0.2454,5.5,2,Y,9
730,Y,F,0.3984,0.5778,2,2,Y,9
730,Y,G,-4.73,,0.5,1,Y,9
730,Y,H,-3.667,1.138,6.5,2,Y,9
730,Y,I,-4.579,0.5035,3.5,2,Y,9
730,Y,K,-4.872,0.0792,3,2,Y,9
730,Y,L,-4.925,0.1025,5,2,Y,9
730,Y,M,-4.876,0.08061,5,2,Y,9
730,Y,N,-4.996,,1,1,Y,9
730,Y,P,-4.959,,2.5,1,Y,9
730,Y,Q,-4.841,0.2178,1,2,Y,9
730,Y,R,-3.045,2.739,4,2,Y,9
730,Y,S,-4.427,0.6817,3,2,Y,9
730,Y,T,-2.153,3.954,2,2,Y,9
730,Y,V,-4.82,,1.5,1,Y,9
730,Y,W,-3.503,,1,1,Y,9
730,Y,Y,0,0,,2,Y,9
731,N,-,-0.5694,1.469,2.5,2,N,9
731,N,A,-0.3603,1.209,2,2,N,9
731,N,C,-2.99,0.06435,2.5,2,N,9
731,N,D,-1.81,1.68,1.5,2,N,9
731,N,E,-4.545,0.5692,2.5,2,N,9
731,N,F,-4.894,0.08061,3.5,2,N,9
731,N,G,-4.885,0.09334,2,2,N,9
731,N,H,-0.7033,0.6996,4.5,2,N,9
731,N,I,-4.133,0.9786,5,2,N,9
731,N,K,-4.912,0.0898,5,2,N,9
731,N,L,-4.42,0.005657,2.5,2,N,9
731,N,M,-2.342,,2.5,1,N,9
731,N,N,0,0,,2,N,9
731,N,P,-4.851,0.2199,5,2,N,9
731,N,Q,-1.158,0.5709,4,2,N,9
731,N,R,-4.647,0.5006,2.5,2,N,9
731,N,S,-0.5881,0.6405,5.5,2,N,9
731,N,T,-0.5263,0.3857,4,2,N,9
731,N,V,-1.413,0.4448,4,2,N,9
731,N,W,-4.881,0.09263,2,2,N,9
731,N,Y,-4.73,0.3684,2,2,N,9
732,G,-,-1.751,1.77,2,2,G,9
732,G,A,-4.309,0.9539,3.5,2,G,9
732,G,C,-4.929,0.1124,14,2,G,9
732,G,D,-4.912,0.06435,13,2,G,9
732,G,E,-4.712,0.3691,5,2,G,9
732,G,F,-4.886,0.05586,4.5,2,G,9
732,G,G,0,0,,2,G,9
732,G,H,-4.909,0.06293,2,2,G,9
732,G,I,-4.951,,1.5,1,G,9
732,G,K,-4.89,0.1025,3,2,G,9
732,G,L,-4.88,0.08415,2.5,2,G,9
732,G,M,-4.897,0.0898,5.5,2,G,9
732,G,N,-4.911,0.06718,3,2,G,9
732,G,P,-4.363,0.8132,2.5,2,G,9
732,G,Q,-4.51,0.4384,2,2,G,9
732,G,R,-4.888,0.1499,5,2,G,9
732,G,S,-4.853,0.01909,9.5,2,G,9
732,G,T,-4.888,0.05445,3,2,G,9
732,G,V,-4.899,0.06859,8.5,2,G,9
732,G,W,-4.912,0.1365,1.5,2,G,9
732,G,Y,-4.324,0.6223,2,2,G,9
733,I,-,-0.7334,0.5368,2.5,2,I,9
733,I,A,-4.862,0.06223,1.5,2,I,9
733,I,C,-4.837,0.1513,4,2,I,9
733,I,D,-4.904,0.08344,5,2,I,9
733,I,E,-4.832,,1,1,I,9
733,I,F,-4.897,0.09051,3.5,2,I,9
733,I,G,-3.524,1.83,1,2,I,9
733,I,H,-2.588,2.835,1,2,I,9
733,I,I,0,0,,2,I,9
733,I,K,-4.883,0.06718,2,2,I,9
733,I,L,-4.643,0.2687,4.5,2,I,9
733,I,M,-4.929,,0.5,1,I,9
733,I,N,-4.818,0.0297,5.5,2,I,9
733,I,P,-3.919,1.109,4.5,2,I,9
733,I,Q,-4.837,0.1301,3,2,I,9
733,I,R,-4.822,0.1803,3.5,2,I,9
733,I,S,-4.891,0.08344,2.5,2,I,9
733,I,T,-4.85,0.1428,3.5,2,I,9
733,I,V,-1.275,0.1499,5,2,I,9
733,I,W,-4.878,0.07,2.5,2,I,9
733,I,Y,-4.905,0.08627,5,2,I,9
734,M,-,-1.809,2.814,2.5,2,M,9
734,M,A,-4.88,0.06859,2,2,M,9
734,M,C,-4.216,0.4476,2.5,2,M,9
734,M,D,-4.893,0.0495,1.5,2,M,9
734,M,E,-4.927,,1.5,1,M,9
734,M,F,0.3456,0.09786,2.5,2,M,9
734,M,G,-4.847,0.2093,1.5,2,M,9
734,M,H,-4.819,0.01909,4,2,M,9
734,M,I,-0.3509,0.7753,16.5,2,M,9
734,M,K,-4.883,,4,1,M,9
734,M,L,-0.5695,0.7799,2.5,2,M,9
734,M,M,0,0,,2,M,9
734,M,N,-4.928,,2.5,1,M,9
734,M,P,-4.853,0.03677,3,2,M,9
734,M,Q,-3.951,0.9051,2.5,2,M,9
734,M,R,-4.439,0.3988,3.5,2,M,9
734,M,S,-4.817,0.2546,2.5,2,M,9
734,M,T,-4.753,0.09758,4,2,M,9
734,M,V,-2.625,0.2044,5.5,2,M,9
734,M,W,-3.429,1.418,2.5,2,M,9
734,M,Y,-2.874,0.157,4,2,M,9
735,V,-,-0.2288,0.3362,2,2,V,9
735,V,A,-3.948,1.276,5,2,V,9
735,V,C,-4.893,0.05091,3.5,2,V,9
735,V,D,-4.899,0.08697,2.5,2,V,9
735,V,E,-4.917,0.1216,4.5,2,V,9
735,V,F,-4.684,0.123,5,2,V,9
735,V,G,-4.818,,0.5,1,V,9
735,V,H,-4.871,0.08273,1.5,2,V,9
735,V,I,-1.687,,0.5,1,V,9
735,V,K,-3.89,,1,1,V,9
735,V,L,-1.288,0.367,4.5,2,V,9
735,V,M,-2.814,0.01697,8.5,2,V,9
735,V,N,-4.815,,1,1,V,9
735,V,P,-4.261,0.915,7,2,V,9
735,V,Q,-2.967,,0.5,1,V,9
735,V,R,-4.602,0.07637,4.5,2,V,9
735,V,S,-4.781,0.05657,4,2,V,9
735,V,T,-1.655,0.8012,5.5,2,V,9
735,V,V,0,0,,2,V,9
735,V,W,-4.815,,1,1,V,9
735,V,Y,-4.107,0.2701,3,2,V,9
736,L,-,-0.07805,0.01447,2,2,L,9
736,L,A,-4.824,0.1471,3.5,2,L,9
736,L,C,-4.948,,1.5,1,L,9
736,L,D,-4.909,0.08415,5.5,2,L,9
736,L,E,-4.817,,1,1,L,9
736,L,F,-4.601,,1,1,L,9
736,L,G,-2.942,2.316,2,2,L,9
736,L,H,-4.876,0.08202,1.5,2,L,9
736,L,I,-0.5883,0.8708,2,2,L,9
736,L,K,-4.823,0.1803,3.5,2,L,9
736,L,L,0,0,,2,L,9
736,L,M,-0.3272,0.2232,7.5,2,L,9
736,L,N,-4.874,0.08061,3,2,L,9
736,L,P,-4.886,0.0799,2.5,2,L,9
736,L,Q,-1.757,1.845,1,2,L,9
736,L,R,-4.93,,1,1,L,9
736,L,S,-4.946,,0.5,1,L,9
736,L,T,-4.817,0.2326,2,2,L,9
736,L,V,-1.117,0.06859,1.5,2,L,9
736,L,W,-3.488,,1,1,L,9
736,L,Y,-4.421,0.572,2,2,L,9
737,P,-,-0.3029,0.8365,1.5,2,P,9
737,P,A,-3.644,1.825,2,2,P,9
737,P,C,-4.838,0.04172,5.5,2,P,9
737,P,D,-4.417,0.0693,6,2,P,9
737,P,E,-4.345,0.04172,3.5,2,P,9
737,P,F,-4.944,,1.5,1,P,9
737,P,G,-4.229,0.6866,4,2,P,9
737,P,H,-4.846,0.2178,6.5,2,P,9
737,P,I,-4.872,0.05657,5,2,P,9
737,P,K,-4.747,,1,1,P,9
737,P,L,-4.883,0.05728,6,2,P,9
737,P,M,-2.74,2.464,1.5,2,P,9
737,P,N,-4.858,0.05586,3.5,2,P,9
737,P,P,0,0,,2,P,9
737,P,R,-4.793,,1.5,1,P,9
737,P,S,-3.933,1.016,8,2,P,9
737,P,T,-4.278,0.1117,6,2,P,9
737,P,V,-4.785,0.002828,1.5,2,P,9
737,P,W,-4.88,0.0997,4,2,P,9
737,P,Y,-4.84,0.05162,1.5,2,P,9
738,G,-,-0.2915,,0.5,1,G,9
738,G,A,0.7929,0.05572,2.5,2,G,9
738,G,C,-0.6564,0.1357,12,2,G,9
738,G,D,0.2106,0.6603,7.5,2,G,9
738,G,E,0.3639,0.2368,1,2,G,9
738,G,F,-3.192,2.516,1.5,2,G,9
738,G,G,0,0,,2,G,9
738,G,H,0.7506,0.01252,2,2,G,9
738,G,I,-4.272,0.932,4.5,2,G,9
738,G,K,-4.867,,1.5,1,G,9
738,G,L,-3.681,1.384,4.5,2,G,9
738,G,M,0.1157,0.9981,2,2,G,9
738,G,N,0.8084,,1.5,1,G,9
738,G,P,0.3861,0.3403,4.5,2,G,9
738,G,Q,-1.387,2.998,1,2,G,9
738,G,R,-4.28,0.7241,1.5,2,G,9
738,G,S,0.7516,0.1306,7,2,G,9
738,G,T,0.3288,0.5414,6,2,G,9
738,G,V,-0.1301,0.1428,5.5,2,G,9
738,G,W,-4.885,0.1676,3.5,2,G,9
738,G,Y,-1.536,0.2461,4,2,G,9
739,V,-,-0.9369,,0.5,1,V,9
739,V,A,0.0978,1.046,1.5,2,V,9
739,V,C,-0.8138,,1,1,V,9
739,V,D,-4.912,0.06152,2.5,2,V,9
739,V,E,-4.607,0.3203,2,2,V,9
739,V,F,-0.8307,0.8701,6.5,2,V,9
739,V,G,-2.436,3.092,1,2,V,9
739,V,H,-2.895,2.426,1.5,2,V,9
739,V,I,-0.821,0.7,5.5,2,V,9
739,V,K,-4.889,0.09122,2.5,2,V,9
739,V,L,-0.07564,0.1366,3,2,V,9
739,V,M,-1.522,,1.5,1,V,9
739,V,N,-1.322,0.5467,3,2,V,9
739,V,P,-0.9134,0.6811,5,2,V,9
739,V,Q,-4.027,0.1421,4,2,V,9
739,V,R,-4.949,,1,1,V,9
739,V,S,-1.027,0.1117,3,2,V,9
739,V,T,0.134,0.8908,2.5,2,V,9
739,V,V,0,0,,2,V,9
739,V,W,-1.665,0.9228,2.5,2,V,9
739,V,Y,-1.708,1.448,3.5,2,V,9
740,A,-,-1.458,,0.5,1,A,9
740,A,A,0,0,,2,A,9
740,A,C,-0.1349,0.166,2,2,A,9
740,A,D,-2.801,0.5339,4,2,A,9
740,A,E,-4.853,0.1492,3,2,A,9
740,A,F,-0.8782,0.131,2.5,2,A,9
740,A,G,-0.4282,0.732,2,2,A,9
740,A,H,0.4488,0.4921,2,2,A,9
740,A,I,0.2072,0.741,3.5,2,A,9
740,A,K,-2.683,3.077,1,2,A,9
740,A,L,0.7987,,1.5,1,A,9
740,A,M,0.7998,0.05275,3,2,A,9
740,A,N,0.841,,1.5,1,A,9
740,A,P,-4.38,0.1754,2,2,A,9
740,A,Q,-4.467,,1.5,1,A,9
740,A,R,-4.756,0.292,4.5,2,A,9
740,A,S,-3.041,1.857,10,2,A,9
740,A,T,0.118,0.9009,6.5,2,A,9
740,A,V,-0.9201,0.1342,13,2,A,9
740,A,W,-2.024,0.4575,3,2,A,9
740,A,Y,-2.238,,2.5,1,A,9
741,D,-,0.3195,0.4163,1.5,2,D,9
741,D,A,-4.889,0.09475,3,2,D,9
741,D,C,-4.408,0.2263,4.5,2,D,9
741,D,D,0,0,,2,D,9
741,D,E,-0.9522,1.384,4.5,2,D,9
741,D,F,-4.753,0.2878,4,2,D,9
741,D,G,-0.7046,0.2312,2.5,2,D,9
741,D,H,-3.876,0.1499,6.5,2,D,9
741,D,I,-4.876,0.07566,2.5,2,D,9
741,D,K,-4.618,0.3451,4,2,D,9
741,D,L,-4.151,0.9758,3.5,2,D,9
741,D,M,-4.803,0.1747,3,2,D,9
741,D,N,0.06505,0.6635,10.5,2,D,9
741,D,P,-3.247,0.5247,3.5,2,D,9
741,D,Q,-2.143,0.5268,1.5,2,D,9
741,D,R,-4.707,0.1803,2.5,2,D,9
741,D,S,-0.3201,0.3009,3.5,2,D,9
741,D,T,-0.0301,0.647,1.5,2,D,9
741,D,V,-4.968,,2.5,1,D,9
741,D,W,-4.826,0.1669,2,2,D,9
741,D,Y,-4.896,0.05162,10.5,2,D,9
742,A,-,-0.5245,0.1266,1.5,2,A,9
742,A,A,0,0,,2,A,9
742,A,C,-4.784,0.05091,4.5,2,A,9
742,A,D,-3.454,0.2708,6.5,2,A,9
742,A,E,-3.979,0.1075,2.5,2,A,9
742,A,F,-1.704,0.169,2.5,2,A,9
742,A,G,0.2356,0.4952,2.5,2,A,9
742,A,H,-2.782,0.2489,4.5,2,A,9
742,A,I,-1.061,0.8224,1.5,2,A,9
742,A,K,-1.966,0.5091,2,2,A,9
742,A,L,-1.701,0.07849,2.5,2,A,9
742,A,M,-0.5704,0.3584,1.5,2,A,9
742,A,N,-2.063,1.095,2,2,A,9
742,A,P,-0.0954,0.5945,4,2,A,9
742,A,Q,-2.75,0.2475,3.5,2,A,9
742,A,R,-3.063,1.359,1.5,2,A,9
742,A,S,0.1728,0.2449,5,2,A,9
742,A,T,-0.727,1.377,8,2,A,9
742,A,V,-2.117,3.355,2.5,2,A,9
742,A,W,-1.486,0.02475,2,2,A,9
742,A,Y,-3.465,0.9539,2,2,A,9
743,E,*,-4.904,0.14,12,2,E,9
743,E,-,-0.0276,0.438,1.5,2,E,9
743,E,A,-2.729,2.078,2.5,2,E,9
743,E,C,-4.895,0.1124,3,2,E,9
743,E,D,-3.308,0.3981,6,2,E,9
743,E,E,0,0,,2,E,9
743,E,F,-4.763,0.2503,6,2,E,9
743,E,G,-0.6451,0.311,2.5,2,E,9
743,E,H,-1.178,1.133,3.5,2,E,9
743,E,I,-4.394,0.7976,2.5,2,E,9
743,E,K,-3.22,0.7276,6,2,E,9
743,E,L,-4.884,0.09617,4.5,2,E,9
743,E,M,-3.785,,2,1,E,9
743,E,N,-1.513,1.397,3,2,E,9
743,E,P,-2.349,0.3613,3.5,2,E,9
743,E,Q,-0.7907,1.023,3,2,E,9
743,E,R,-2.814,0.3253,6,2,E,9
743,E,S,-1.166,0.1669,7,2,E,9
743,E,T,0.01965,1.028,3.5,2,E,9
743,E,V,-2.704,1.38,4.5,2,E,9
743,E,W,-3.413,1.339,3,2,E,9
743,E,Y,-1.271,1.247,3,2,E,9
744,R,-,-0.8532,1.189,1.5,2,R,9
744,R,A,-3.363,1.633,2,2,R,9
744,R,C,-4.901,0.06788,1.5,2,R,9
744,R,D,-4.889,0.05374,2,2,R,9
744,R,E,-4.888,0.1018,4.5,2,R,9
744,R,F,-4.744,0.1068,4.5,2,R,9
744,R,G,-4.896,0.0898,3.5,2,R,9
744,R,H,-2.446,2.217,3.5,2,R,9
744,R,I,-3.082,0.3203,2.5,2,R,9
744,R,K,-0.0246,0.943,2,2,R,9
744,R,L,-3.975,0.9779,7.5,2,R,9
744,R,M,-3.292,2.176,4.5,2,R,9
744,R,N,-4.896,0.08485,3,2,R,9
744,R,P,-4.927,,0.5,1,R,9
744,R,Q,-4.216,0.4759,7,2,R,9
744,R,R,0,0,,2,R,9
744,R,S,-4.772,0.1492,4.5,2,R,9
744,R,T,-4.078,1.294,1.5,2,R,9
744,R,V,-4.069,0.3104,4,2,R,9
744,R,W,-4.614,0.4787,9.5,2,R,9
744,R,Y,-4.899,0.08132,4,2,R,9
745,M,-,0.4196,,1,1,M,9
745,M,A,-4.912,0.06576,4,2,M,9
745,M,C,-4.785,,1,1,M,9
745,M,D,-4.883,0.06293,3.5,2,M,9
745,M,E,-4.87,0.07637,2.5,2,M,9
745,M,F,-2.788,2.451,2.5,2,M,9
745,M,G,-3.875,1.518,2,2,M,9
745,M,H,-4.881,0.06718,1.5,2,M,9
745,M,I,-2.779,0.9702,19.5,2,M,9
745,M,K,-4.92,0.07354,6.5,2,M,9
745,M,L,-1.76,3.636,1.5,2,M,9
745,M,M,0,0,,2,M,9
745,M,N,-4.194,0.9136,3.5,2,M,9
745,M,P,-4.899,0.04384,3,2,M,9
745,M,Q,-4.793,0.1987,5,2,M,9
745,M,R,-4.849,0.04455,3,2,M,9
745,M,S,-4.89,0.07425,3.5,2,M,9
745,M,T,-4.756,0.02404,6,2,M,9
745,M,V,-4.534,0.2949,2,2,M,9
745,M,W,-3.881,,1,1,M,9
745,M,Y,-4.572,,1.5,1,M,9
746,A,-,-0.2107,,1,1,A,9
746,A,A,0,0,,2,A,9
746,A,C,-3.489,0.5869,5,2,A,9
746,A,D,-4.919,0.1174,6.5,2,A,9
746,A,E,-4.901,0.06152,3.5,2,A,9
746,A,F,-4.894,0.09334,2.5,2,A,9
746,A,G,-4.043,0.4844,4,2,A,9
746,A,H,-4.93,,1,1,A,9
746,A,I,-4.216,0.565,3,2,A,9
746,A,K,-4.887,0.02828,2.5,2,A,9
746,A,L,-4.904,0.08202,3,2,A,9
746,A,M,-4.496,0.4971,1.5,2,A,9
746,A,N,-4.813,0.1655,3.5,2,A,9
746,A,P,-4.79,0.04808,3.5,2,A,9
746,A,Q,-3.03,2.382,2.5,2,A,9
746,A,R,-3.235,1.441,2.5,2,A,9
746,A,S,-2.101,1.027,5,2,A,9
746,A,T,-1.028,0.7545,6.5,2,A,9
746,A,V,-4.486,0.4031,3.5,2,A,9
746,A,W,-4.803,0.2143,5,2,A,9
746,A,Y,-4.543,0.6555,3.5,2,A,9
747,M,-,-2.146,3.663,1.5,2,M,9
747,M,A,-4.42,0.6689,6.5,2,M,9
747,M,C,-4.729,0.01626,6,2,M,9
747,M,D,-4.937,,1,1,M,9
747,M,E,-4.803,0.2758,5.5,2,M,9
747,M,F,-4.373,0.7488,2.5,2,M,9
747,M,G,-4.627,0.3896,5.5,2,M,9
747,M,H,-4.715,0.03606,2,2,M,9
747,M,I,-4.775,0.1301,19,2,M,9
747,M,K,-4.418,0.6901,3,2,M,9
747,M,L,-0.5268,0.6148,5,2,M,9
747,M,M,0,0,,2,M,9
747,M,N,-4.961,,2.5,1,M,9
747,M,P,-4.875,0.0792,2,2,M,9
747,M,Q,-4.25,0.4801,3.5,2,M,9
747,M,R,-3.733,1.085,2,2,M,9
747,M,S,-4.928,,0.5,1,M,9
747,M,T,-4.863,0.01909,5,2,M,9
747,M,V,-4.836,0.2008,5.5,2,M,9
747,M,W,-4.25,,2,1,M,9
747,M,Y,-4.823,0.1556,4.5,2,M,9
748,Y,*,-1.693,,2,1,Y,9
748,Y,-,-1.71,2.444,1.5,2,Y,9
748,Y,A,-4.903,0.1188,1.5,2,Y,9
748,Y,C,-4.915,0.08556,3.5,2,Y,9
748,Y,D,-4.623,0.4858,3.5,2,Y,9
748,Y,E,-2.723,2.956,1.5,2,Y,9
748,Y,F,-3.864,0.6696,5,2,Y,9
748,Y,G,-4.969,,3.5,1,Y,9
748,Y,H,-4.768,0.07849,5,2,Y,9
748,Y,I,-4.756,0.09122,3.5,2,Y,9
748,Y,K,-4.473,0.6661,1.5,2,Y,9
748,Y,L,-2.426,3.567,2,2,Y,9
748,Y,M,-4.887,0.09829,2.5,2,Y,9
748,Y,N,-4.375,0.4879,3.5,2,Y,9
748,Y,P,-4.879,0.1174,4,2,Y,9
748,Y,Q,-4.917,0.1075,2.5,2,Y,9
748,Y,R,-4.899,0.09263,4.5,2,Y,9
748,Y,S,-4.706,0.1534,1.5,2,Y,9
748,Y,T,-4.896,0.0891,3.5,2,Y,9
748,Y,V,-4.865,,1.5,1,Y,9
748,Y,W,-3.796,,0.5,1,Y,9
748,Y,Y,0,0,,2,Y,9
749,T,-,-0.04875,,1,1,T,9
749,T,A,-4.896,0.1124,4.5,2,T,9
749,T,C,-1.318,,1.5,1,T,9
749,T,D,-4.911,0.06505,6,2,T,9
749,T,E,-4.658,,0.5,1,T,9
749,T,F,-4.895,0.1011,5,2,T,9
749,T,G,-4.671,0.3019,6.5,2,T,9
749,T,H,-4.904,0.09546,3,2,T,9
749,T,I,0.4316,0.5276,5,2,T,9
749,T,K,-4.627,0.2786,3.5,2,T,9
749,T,L,-4.909,0.06081,3,2,T,9
749,T,M,-4.854,0.2107,4.5,2,T,9
749,T,N,-4.784,0.09617,3,2,T,9
749,T,P,-4.739,0.1959,3.5,2,T,9
749,T,Q,-4.833,,1,1,T,9
749,T,R,-4.904,0.08556,5,2,T,9
749,T,S,-4.322,0.396,3,2,T,9
749,T,T,0,0,,2,T,9
749,T,V,0.4243,0.4739,1.5,2,T,9
749,T,W,-3.397,0.9157,2,2,T,9
749,T,Y,-3.179,1.759,1.5,2,T,9
750,G,-,0.6435,,1.5,1,G,9
750,G,A,0.1434,0.4399,2.5,2,G,9
750,G,C,-4.58,0.3818,7,2,G,9
750,G,D,-4.79,0.157,14.5,2,G,9
750,G,E,-4.891,0.06576,2,2,G,9
750,G,F,-4.636,0.2722,3,2,G,9
750,G,G,0,0,,2,G,9
750,G,H,-4.514,0.5996,4,2,G,9
750,G,I,-1.372,1.579,2,2,G,9
750,G,K,-4.756,0.3026,3,2,G,9
750,G,L,-1.882,3.847,2,2,G,9
750,G,M,-0.295,1.461,2.5,2,G,9
750,G,N,-4.527,0.4335,5,2,G,9
750,G,P,-4.792,0.1966,5.5,2,G,9
750,G,Q,-4.242,0.111,2,2,G,9
750,G,R,-4.661,0.2164,3.5,2,G,9
750,G,S,-2.14,0.1732,5.5,2,G,9
750,G,T,-2.014,,1,1,G,9
750,G,V,-3.885,0.1167,7,2,G,9
750,G,W,-3.642,,2,1,G,9
750,G,Y,-4.631,0.4745,5.5,2,G,9
751,S,-,-1.743,0.7333,2,2,S,9
751,S,A,-3.05,0.02616,1,2,S,9
751,S,C,-4.85,0.02828,2,2,S,9
751,S,D,-4.899,0.09122,4,2,S,9
751,S,E,-4.86,0.09758,3,2,S,9
751,S,F,-4.794,0.2036,6.5,2,S,9
751,S,G,-3.429,1.245,3,2,S,9
751,S,H,-4.906,0.1252,2,2,S,9
751,S,I,-3.245,2.384,2,2,S,9
751,S,K,-4.964,,2.5,1,S,9
751,S,L,-4.867,0.1676,4,2,S,9
751,S,M,-4.912,0.06647,5,2,S,9
751,S,N,-4.894,0.09122,2.5,2,S,9
751,S,P,-2.91,2.667,3,2,S,9
751,S,Q,-4.892,0.07778,1.5,2,S,9
751,S,R,-4.42,0.7927,2.5,2,S,9
751,S,S,0,0,,2,S,9
751,S,T,0.0912,0.3537,1,2,S,9
751,S,V,-4.906,0.09334,3,2,S,9
751,S,W,-4.826,0.1739,2.5,2,S,9
751,S,Y,-4.879,0.1782,6,2,S,9
752,L,-,-0.6393,1.542,1.5,2,L,9
752,L,A,-2.797,3.059,2.5,2,L,9
752,L,C,-4.765,0.08202,2.5,2,L,9
752,L,D,-4.899,0.09192,2,2,L,9
752,L,E,-4.816,,0.5,1,L,9
752,L,F,-4.853,0.2051,2.5,2,L,9
752,L,G,-4.816,0.1612,3,2,L,9
752,L,H,-4.885,0.0898,2.5,2,L,9
752,L,I,-4.777,0.251,4,2,L,9
752,L,K,-4.799,,1.5,1,L,9
752,L,L,0,0,,2,L,9
752,L,M,-3.813,0.4929,7,2,L,9
752,L,N,-4.871,0.07566,2,2,L,9
752,L,P,-3.768,1.462,3,2,L,9
752,L,Q,-4.889,0.09899,5,2,L,9
752,L,R,-4.56,0.1358,4,2,L,9
752,L,S,-4.912,0.08768,7.5,2,L,9
752,L,T,-4.925,0.1181,3,2,L,9
752,L,V,-4.696,0.3861,3.5,2,L,9
752,L,W,-4.894,0.08839,2,2,L,9
752,L,Y,-4.771,0.2461,3.5,2,L,9
753,I,-,-1.656,0.1584,1.5,2,I,9
753,I,A,-4.956,,2.5,1,I,9
753,I,C,-4.881,0.09475,3,2,I,9
753,I,D,-4.899,0.152,5,2,I,9
753,I,E,-3.047,2.248,2,2,I,9
753,I,F,-3.677,1.846,1.5,2,I,9
753,I,G,-4.827,0.2468,2,2,I,9
753,I,H,-4.873,0.0799,1.5,2,I,9
753,I,I,0,0,,2,I,9
753,I,K,-4.9,0.0792,4,2,I,9
753,I,L,-1.215,1.529,4.5,2,I,9
753,I,M,-2.261,0.2249,2.5,2,I,9
753,I,N,-4.915,0.07566,3,2,I,9
753,I,P,-4.9,,1,1,I,9
753,I,Q,-4.883,0.05869,4,2,I,9
753,I,R,-4.7,0.1867,2,2,I,9
753,I,S,-4.905,0.06152,4,2,I,9
753,I,T,-4.889,0.0502,4.5,2,I,9
753,I,V,-3.724,0.7283,4,2,I,9
753,I,W,-4.899,0.0898,4.5,2,I,9
753,I,Y,-4.831,,1.5,1,I,9
754,G,*,-4.808,0.198,8.5,2,G,9
754,G,-,-1.569,1.356,1.5,2,G,9
754,G,A,-0.8323,0.138,4.5,2,G,9
754,G,C,-4.889,0.1054,1,2,G,9
754,G,D,-4.889,0.07849,3,2,G,9
754,G,E,-4.917,0.1061,7,2,G,9
754,G,F,-2.649,0.4886,4,2,G,9
754,G,G,0,0,,2,G,9
754,G,H,-1.62,1.66,1.5,2,G,9
754,G,I,-4.818,,1,1,G,9
754,G,K,-4.761,0.04738,3.5,2,G,9
754,G,L,-4.336,0.3055,3,2,G,9
754,G,M,-2.914,0.722,2.5,2,G,9
754,G,N,-4.552,0.5841,3.5,2,G,9
754,G,P,-4.916,0.1061,4.5,2,G,9
754,G,Q,-4.913,0.0693,5.5,2,G,9
754,G,R,-4.559,0.4731,10.5,2,G,9
754,G,S,-2.221,0.8888,3,2,G,9
754,G,T,-3.84,0.8704,3,2,G,9
754,G,V,-4.84,0.1676,8,2,G,9
754,G,W,-4.173,0.2517,5.5,2,G,9
754,G,Y,-2.973,1.368,4,2,G,9
755,G,*,-4.885,0.1683,7.5,2,G,9
755,G,-,-2.293,2.468,2.5,2,G,9
755,G,A,0.8387,,0.5,1,G,9
755,G,C,-2.788,0.9143,2.5,2,G,9
755,G,D,-4.465,0.6442,2.5,2,G,9
755,G,E,-4.411,0.2998,58,2,G,9
755,G,F,-4.722,0.1556,4,2,G,9
755,G,G,0,0,,2,G,9
755,G,H,-3.865,,1,1,G,9
755,G,I,-3.917,1.271,2.5,2,G,9
755,G,K,-4.051,0.2164,4,2,G,9
755,G,L,-2.181,3.789,1,2,G,9
755,G,M,-3.212,1.347,5,2,G,9
755,G,N,-4.252,0.9878,4,2,G,9
755,G,P,-2.789,3.053,1.5,2,G,9
755,G,Q,-2.928,1.559,2.5,2,G,9
755,G,R,-4.537,0.6201,15,2,G,9
755,G,S,0.7718,0.08931,4.5,2,G,9
755,G,T,-4.026,0.1534,4.5,2,G,9
755,G,V,-3.918,0.7135,9,2,G,9
755,G,W,-4.561,0.3847,2.5,2,G,9
755,G,Y,-3.801,0.8238,3.5,2,G,9
756,I,-,-3.3,1.198,3,2,I,9
756,I,A,-3.85,1.595,2,2,I,9
756,I,C,-4.917,0.1124,3,2,I,9
756,I,D,-0.9721,,3,1,I,9
756,I,E,-4.904,0.1004,3.5,2,I,9
756,I,F,-3.901,0.2355,6.5,2,I,9
756,I,G,-2.618,3.026,2,2,I,9
756,I,H,-4.928,,0.5,1,I,9
756,I,I,0,0,,2,I,9
756,I,K,-4.884,0.09758,2.5,2,I,9
756,I,L,-2.061,0.9631,3,2,I,9
756,I,M,-1.216,0.05586,5.5,2,I,9
756,I,N,-4.652,0.5013,2,2,I,9
756,I,P,-4.322,0.6498,2.5,2,I,9
756,I,Q,-4.514,0.6173,2,2,I,9
756,I,R,-4.75,0.1315,4.5,2,I,9
756,I,S,-4.019,1.334,4,2,I,9
756,I,T,-4.901,0.06647,4.5,2,I,9
756,I,V,-0.4121,0.02333,4,2,I,9
756,I,W,-4.556,,1,1,I,9
756,I,Y,-3.817,0.6399,3,2,I,9
757,A,-,-1.468,2.27,3,2,A,9
757,A,A,0,0,,2,A,9
757,A,C,0.2903,0.5899,4.5,2,A,9
757,A,D,-4.91,0.06081,7.5,2,A,9
757,A,E,-4.817,,1.5,1,A,9
757,A,F,-0.3798,1.083,2,2,A,9
757,A,G,-3.704,1.214,5.5,2,A,9
757,A,H,-4.79,0.2206,2.5,2,A,9
757,A,I,-2.77,2.682,2,2,A,9
757,A,K,-4.765,0.239,3.5,2,A,9
757,A,L,0.4343,0.4642,1,2,A,9
757,A,M,0.3294,0.3629,2.5,2,A,9
757,A,N,-4.546,,1,1,A,9
757,A,P,-4.736,0.3005,4.5,2,A,9
757,A,Q,-4.686,0.1973,3.5,2,A,9
757,A,R,-4.502,0.07354,3.5,2,A,9
757,A,S,-2.524,1.14,7,2,A,9
757,A,T,-2.554,0.08415,11,2,A,9
757,A,V,0.3815,0.256,5.5,2,A,9
757,A,W,-1.921,1.333,4,2,A,9
757,A,Y,-2.897,2.275,2,2,A,9
758,L,-,-1.079,0.01909,2,2,L,9
758,L,A,-0.4981,0.3609,1.5,2,L,9
758,L,C,-4.506,0.1725,2.5,2,L,9
758,L,D,-4.658,0.123,2.5,2,L,9
758,L,E,-4.928,,0.5,1,L,9
758,L,F,-0.5433,0.04073,3.5,2,L,9
758,L,G,-0.1388,,1.5,1,L,9
758,L,H,-4.443,,0.5,1,L,9
758,L,I,0.4972,0.429,1.5,2,L,9
758,L,K,-3.824,1.628,1.5,2,L,9
758,L,L,0,0,,2,L,9
758,L,M,0.2963,0.2911,9.5,2,L,9
758,L,N,-3.721,0.9553,2.5,2,L,9
758,L,P,-4.309,0.6032,3.5,2,L,9
758,L,Q,-4.246,0.8188,5.5,2,L,9
758,L,R,-4.774,,2,1,L,9
758,L,S,-3.994,0.01909,3,2,L,9
758,L,T,-4.397,0.326,4.5,2,L,9
758,L,V,-2.015,2.154,1,2,L,9
758,L,W,-3.935,0.0495,2.5,2,L,9
758,L,Y,-4.392,0.3323,2,2,L,9
759,G,*,-4.845,0.05162,7,2,G,9
759,G,-,-2.383,1.562,2.5,2,G,9
759,G,A,-1.586,1.847,3.5,2,G,9
759,G,C,-3.151,0.9991,2,2,G,9
759,G,D,-4.295,0.9383,1.5,2,G,9
759,G,E,-3.518,0.04738,9,2,G,9
759,G,F,-4.481,0.7078,4,2,G,9
759,G,G,0,0,,2,G,9
759,G,H,-4.33,0.3635,4.5,2,G,9
759,G,I,-3.327,0.1329,4,2,G,9
759,G,K,-3.933,0.3458,6.5,2,G,9
759,G,L,-4.832,0.1365,1,2,G,9
759,G,M,-2.384,0.05515,5,2,G,9
759,G,N,-2.499,0.6505,2,2,G,9
759,G,P,-1.831,0.483,2,2,G,9
759,G,Q,-3.937,0.1619,3.5,2,G,9
759,G,R,-2.216,2.548,8,2,G,9
759,G,S,-1.097,0.8206,2,2,G,9
759,G,T,-1.547,0.2242,3,2,G,9
759,G,V,-4.357,0.8556,8,2,G,9
759,G,W,-3.879,1.481,2,2,G,9
759,G,Y,-4.198,0.9079,2.5,2,G,9
760,G,-,-2.229,3.401,2.5,2,G,9
760,G,A,-2.801,0.2991,4,2,G,9
760,G,C,-4.179,0.8337,9,2,G,9
760,G,D,-2.602,1.122,5,2,G,9
760,G,E,-2.627,0.3295,2.5,2,G,9
760,G,F,-3.127,1.561,4.5,2,G,9
760,G,G,0,0,,2,G,9
760,G,H,-1.082,0.84,4,2,G,9
760,G,I,-4.753,,1.5,1,G,9
760,G,K,-4.01,1.329,2.5,2,G,9
760,G,L,-3.756,0.1223,3.5,2,G,9
760,G,M,-3.538,1.968,1.5,2,G,9
760,G,N,-4.667,0.3734,5,2,G,9
760,G,P,-4.818,,0.5,1,G,9
760,G,Q,-3.067,1.114,2.5,2,G,9
760,G,R,-3.384,0.7446,4.5,2,G,9
760,G,S,-3.145,1.611,7,2,G,9
760,G,T,-1.771,1.353,2,2,G,9
760,G,V,-3.663,0.5028,11,2,G,9
760,G,W,-1.64,0.4405,3,2,G,9
760,G,Y,-0.8991,0.6617,4.5,2,G,9
761,L,-,-2.054,1.894,2,2,L,9
761,L,A,-0.6943,0.3248,3.5,2,L,9
761,L,C,-3.735,1.599,3.5,2,L,9
761,L,D,-4.529,0.5819,1.5,2,L,9
761,L,E,-4.662,0.4773,2.5,2,L,9
761,L,F,0.04965,0.3946,3.5,2,L,9
761,L,G,-4.01,1.338,3,2,L,9
761,L,H,-4.232,0.2326,2.5,2,L,9
761,L,K,-1.352,2.916,1,2,L,9
761,L,L,0,0,,2,L,9
761,L,M,0.1815,0.03458,8,2,L,9
761,L,N,-4.626,0.4363,2.5,2,L,9
761,L,P,-1.558,0.2369,8,2,L,9
761,L,Q,-3.171,1.657,2.5,2,L,9
761,L,R,-4.484,0.7064,4,2,L,9
761,L,S,-4.153,1.08,6,2,L,9
761,L,T,-2.072,0.6329,2,2,L,9
761,L,V,0.1343,0.5676,4.5,2,L,9
761,L,W,0.6149,0.3166,4,2,L,9
761,L,Y,-3.958,1.001,4.5,2,L,9
762,T,-,-1.537,0.03111,2,2,T,9
762,T,A,-0.4192,1.043,4,2,T,9
762,T,C,-3.815,1.356,3,2,T,9
762,T,D,-4.474,0.4391,2.5,2,T,9
762,T,E,-3.894,0.1846,2,2,T,9
762,T,F,-0.0107,0.4161,4.5,2,T,9
762,T,G,-0.7473,0.2582,2.5,2,T,9
762,T,H,-3.667,0.3642,6,2,T,9
762,T,I,-1.453,2.339,5,2,T,9
762,T,K,-4.762,0.07354,9,2,T,9
762,T,L,-0.01204,0.1071,3.5,2,T,9
762,T,M,0.4282,0.5805,1.5,2,T,9
762,T,N,-3.821,,1,1,T,9
762,T,P,-3.625,0.664,3,2,T,9
762,T,Q,-3.774,,2,1,T,9
762,T,R,-3.746,1.683,2,2,T,9
762,T,S,0.1791,0.178,2,2,T,9
762,T,T,0,0,,2,T,9
762,T,V,0.7413,0.1407,3.5,2,T,9
762,T,W,-1.552,0.9215,4.5,2,T,9
762,T,Y,-4.515,0.5975,2.5,2,T,9
763,S,-,-0.9726,1.278,2.5,2,S,9
763,S,A,-0.09236,0.1757,3,2,S,9
763,S,C,-4.506,0.4243,5,2,S,9
763,S,D,-2.308,0.8973,2,2,S,9
763,S,E,-4.394,0.5961,2,2,S,9
763,S,F,0.307,0.4004,1.5,2,S,9
763,S,G,0.4798,0.3461,4,2,S,9
763,S,H,-1.781,0.4384,2.5,2,S,9
763,S,I,-2.968,1.657,11,2,S,9
763,S,K,-4.598,,1.5,1,S,9
763,S,L,-1.512,0.4794,3.5,2,S,9
763,S,M,-1.694,1.283,3.5,2,S,9
763,S,N,-2.832,0.28,5.5,2,S,9
763,S,P,-4.794,0.09829,3.5,2,S,9
763,S,Q,-2.956,,0.5,1,S,9
763,S,R,-4.129,0.07212,6.5,2,S,9
763,S,S,0,0,,2,S,9
763,S,T,0.5472,0.1716,2.5,2,S,9
763,S,V,-0.3272,0.04582,3.5,2,S,9
763,S,W,-3.157,0.01768,2.5,2,S,9
763,S,Y,-4.515,0.6788,3,2,S,9
764,A,-,-1.31,2.521,2.5,2,A,9
764,A,A,0,0,,2,A,9
764,A,C,-3.735,1.107,4.5,2,A,9
764,A,D,-4.592,0.06505,7,2,A,9
764,A,E,-2.899,2.878,1.5,2,A,9
764,A,F,-0.7313,0.5044,5.5,2,A,9
764,A,G,-0.9003,0.07425,4.5,2,A,9
764,A,H,-4.579,0.5452,3.5,2,A,9
764,A,I,0.381,0.3742,6,2,A,9
764,A,K,-4.083,0.1994,2.5,2,A,9
764,A,L,0.3795,0.626,3.5,2,A,9
764,A,M,-2.505,,1,1,A,9
764,A,N,-4.157,0.6732,3.5,2,A,9
764,A,P,-1.342,0.5926,2.5,2,A,9
764,A,Q,-4.056,0.8464,2.5,2,A,9
764,A,R,-4.869,0.07283,2.5,2,A,9
764,A,S,-0.3805,1.565,8,2,A,9
764,A,T,-0.1824,0.04716,11.5,2,A,9
764,A,V,-0.9948,2.58,7,2,A,9
764,A,W,-2.739,0.2107,2,2,A,9
764,A,Y,-4.327,0.3217,5,2,A,9
765,A,-,-1.95,1.359,2.5,2,V,9
765,A,A,0,0,,2,V,9
765,A,C,-2.039,3.867,2,2,V,9
765,A,D,-3.835,1.092,7.5,2,V,9
765,A,E,-3.208,0.9207,2.5,2,V,9
765,A,F,-0.6573,0.06131,2,2,V,9
765,A,G,-2.138,1.262,1,2,V,9
765,A,H,-4.435,0.5381,1,2,V,9
765,A,I,0.2067,0.6235,1.5,2,V,9
765,A,K,-3.589,,0.5,1,V,9
765,A,L,-2.295,1.107,6.5,2,V,9
765,A,M,-1.289,0.462,2,2,V,9
765,A,N,-2.947,0.2652,3,2,V,9
765,A,P,-4.935,,1,1,V,9
765,A,Q,-3.974,0.4483,6.5,2,V,9
765,A,R,-4.758,0.02687,3,2,V,9
765,A,S,-1.489,1.099,7,2,V,9
765,A,T,-0.5994,0.6656,7.5,2,V,9
765,A,V,0.1127,1.018,3,2,V,9
765,A,W,-3.852,0.5501,2.5,2,V,9
765,A,Y,-4.997,,0.5,1,V,9
766,S,*,-4.923,0.0891,6.5,2,S,9
766,S,-,-1.383,2.216,2.5,2,S,9
766,S,A,-0.2505,0.006223,2.5,2,S,9
766,S,C,-3.696,,1.5,1,S,9
766,S,D,-3.983,0.14,3,2,S,9
766,S,E,-4.302,,0.5,1,S,9
766,S,F,-4.606,0.07425,3.5,2,S,9
766,S,G,0.3272,0.5705,4,2,S,9
766,S,H,-4.252,0.7269,2.5,2,S,9
766,S,I,-1.314,2.788,3.5,2,S,9
766,S,K,-2.145,3.937,1,2,S,9
766,S,L,-4.017,0.4221,10.5,2,S,9
766,S,M,-3.936,0.309,2,2,S,9
766,S,N,-3.332,0.2135,3,2,S,9
766,S,P,-4.655,0.2977,4.5,2,S,9
766,S,Q,-3.85,,2.5,1,S,9
766,S,R,-4.807,,2.5,1,S,9
766,S,S,0,0,,2,S,9
766,S,T,-0.6844,0.7208,2,2,S,9
766,S,V,-2.107,0.6534,3,2,S,9
766,S,W,-4.267,,2,1,S,9
766,S,Y,-4.067,0.07283,2.5,2,S,9
767,I,-,-0.3509,1.194,3,2,I,9
767,I,A,-1.095,0.06647,2,2,I,9
767,I,C,-2.401,3.165,2,2,I,9
767,I,D,-4.724,,1.5,1,I,9
767,I,E,-4.944,,2.5,1,I,9
767,I,F,-4.195,0.1909,2.5,2,I,9
767,I,G,-4.269,0.03606,3.5,2,I,9
767,I,H,-3.954,0.239,3,2,I,9
767,I,I,0,0,,2,I,9
767,I,K,-3.861,1.188,9,2,I,9
767,I,L,-1.663,0.002121,8,2,I,9
767,I,M,-3.603,1.729,5.5,2,I,9
767,I,N,-3.468,0.4561,3,2,I,9
767,I,P,-3.475,1.599,1.5,2,I,9
767,I,Q,-4.139,,2,1,I,9
767,I,R,-3.368,2.14,1,2,I,9
767,I,S,-0.7742,0.6658,1,2,I,9
767,I,T,-1.7,,2.5,1,I,9
767,I,V,-0.7505,0.1034,3.5,2,I,9
767,I,W,-4.634,,0.5,1,I,9
767,I,Y,-4.416,0.6095,1.5,2,I,9
768,P,-,-1.499,2.417,3,2,P,9
768,P,A,-1.182,0.2748,3.5,2,P,9
768,P,C,-4.905,0.06223,6,2,P,9
768,P,D,-4.049,1.297,3,2,P,9
768,P,E,-4.101,0.6908,2.5,2,P,9
768,P,F,-4.624,0.4016,3.5,2,P,9
768,P,G,-2.611,2.903,2.5,2,P,9
768,P,H,-2.652,2.381,5,2,P,9
768,P,I,-4.683,0.4257,2.5,2,P,9
768,P,K,-4.21,0.4476,4,2,P,9
768,P,L,-4.861,0.0799,6,2,P,9
768,P,M,-4.821,0.01202,4.5,2,P,9
768,P,N,-3.725,,1,1,P,9
768,P,P,0,0,,2,P,9
768,P,Q,-4.171,1.039,12,2,P,9
768,P,R,-4.345,,1.5,1,P,9
768,P,S,-1.279,0.5749,1.5,2,P,9
768,P,T,-4.359,0.5975,12.5,2,P,9
768,P,V,-4.666,,2,1,P,9
768,P,W,-4.915,0.06718,3,2,P,9
768,P,Y,-4.789,0.2814,4,2,P,9
769,F,-,-0.5356,0.1752,3,2,F,9
769,F,A,-0.368,0.2445,2.5,2,F,9
769,F,C,-4.707,0.1541,3.5,2,F,9
769,F,D,-4.214,0.06435,3,2,F,9
769,F,E,-4.606,0.4412,6,2,F,9
769,F,F,0,0,,2,F,9
769,F,G,-3.726,1.616,2,2,F,9
769,F,H,-0.3449,0.2505,5.5,2,F,9
769,F,I,-2.849,0.4335,3.5,2,F,9
769,F,K,-4.495,0.408,3,2,F,9
769,F,L,-4.421,0.1407,6.5,2,F,9
769,F,M,-1.388,0.3451,5.5,2,F,9
769,F,N,-4.356,0.8181,1,2,F,9
769,F,P,-4.607,0.4943,5.5,2,F,9
769,F,Q,-4.508,0.06435,2.5,2,F,9
769,F,R,-3.873,0.3769,1.5,2,F,9
769,F,S,-3.966,0.4674,4,2,F,9
769,F,T,-4.303,0.9935,3,2,F,9
769,F,V,-2.68,2.606,1,2,F,9
769,F,W,-2.62,1.38,4,2,F,9
769,F,Y,-3.091,1.457,4,2,F,9
770,S,-,0.11,0.1624,3,2,S,9
770,S,A,0.7077,0.1748,2,2,S,9
770,S,C,-4.246,0.7156,4.5,2,S,9
770,S,D,-1.438,1.948,2,2,S,9
770,S,E,-0.8409,1.328,3.5,2,S,9
770,S,F,-4.49,0.6484,4,2,S,9
770,S,G,0.4908,0.2916,4,2,S,9
770,S,H,-3.369,1.164,2.5,2,S,9
770,S,I,-2.062,1.133,7,2,S,9
770,S,K,-2.083,2.467,2.5,2,S,9
770,S,L,-2.214,2.82,1.5,2,S,9
770,S,M,-2.626,0.8464,3.5,2,S,9
770,S,N,-2.966,0.869,4.5,2,S,9
770,S,P,0.6075,0.3037,4.5,2,S,9
770,S,Q,-4.167,0.553,4,2,S,9
770,S,R,-4.215,0.4504,7,2,S,9
770,S,S,0,0,,2,S,9
770,S,T,0.4081,0.1479,5,2,S,9
770,S,V,0.5645,0.2495,4.5,2,S,9
770,S,W,-4.874,0.08485,1.5,2,S,9
770,S,Y,-4.299,0.2602,2.5,2,S,9
771,L,-,-0.034,0.5862,3.5,2,L,9
771,L,A,-2.251,3.815,2,2,L,9
771,L,C,-3.439,0.2079,3,2,L,9
771,L,D,-2.615,1.45,2.5,2,L,9
771,L,E,-3.603,1.643,2.5,2,L,9
771,L,F,-3.32,0.5473,2.5,2,L,9
771,L,G,-3.976,0.7799,4.5,2,L,9
771,L,H,-1.739,1.785,3.5,2,L,9
771,L,I,0.0937,0.6166,3.5,2,L,9
771,L,K,-2.23,,0.5,1,L,9
771,L,L,0,0,,2,L,9
771,L,M,-2.196,0.9899,12.5,2,L,9
771,L,N,-3.186,1.621,4,2,L,9
771,L,P,-2.076,3.95,4,2,L,9
771,L,Q,-4.321,0.08061,3,2,L,9
771,L,R,-3.948,0.4398,4,2,L,9
771,L,S,-4.144,0.9489,1.5,2,L,9
771,L,T,-4.871,0.08273,4.5,2,L,9
771,L,V,-1.019,0.5609,4,2,L,9
771,L,W,-3.651,0.02475,3,2,L,9
771,L,Y,-3.749,1.008,2.5,2,L,9
772,A,-,0.1148,0.5717,3,2,A,9
772,A,A,0,0,,2,A,9
772,A,C,-3.565,1.468,6,2,A,9
772,A,D,-2.738,0.5119,3.5,2,A,9
772,A,E,-3.498,0.6555,4.5,2,A,9
772,A,F,-4.103,1.161,3,2,A,9
772,A,G,-1.257,0.4922,5,2,A,9
772,A,H,-1.296,1.499,2.5,2,A,9
772,A,I,-3.112,0.7814,1.5,2,A,9
772,A,K,-3.462,0.9694,3,2,A,9
772,A,L,-3.748,0.5664,3,2,A,9
772,A,M,-2.008,1.06,3.5,2,A,9
772,A,N,-3.763,0.3231,2,2,A,9
772,A,P,-4.901,0.06647,3.5,2,A,9
772,A,Q,-1.279,,0.5,1,A,9
772,A,R,-4.884,0.08273,2,2,A,9
772,A,S,-0.9375,0.7063,11,2,A,9
772,A,T,-2.409,1.423,8.5,2,A,9
772,A,V,-2.553,1.181,6,2,A,9
772,A,W,-4.378,0.0799,3.5,2,A,9
772,A,Y,-4.035,1.339,2.5,2,A,9
773,I,-,-1.242,1.466,1.5,2,I,9
773,I,A,-2.548,0.3691,3,2,I,9
773,I,C,-4.331,0.7297,7,2,I,9
773,I,D,-4.055,1.235,2.5,2,I,9
773,I,E,-3.56,0.09617,8,2,I,9
773,I,F,-1.776,0.08839,2.5,2,I,9
773,I,G,-1.008,0.1732,2.5,2,I,9
773,I,H,-3.547,1.839,2,2,I,9
773,I,I,0,0,,2,I,9
773,I,K,-4.379,0.7778,1.5,2,I,9
773,I,L,-1.297,0.4023,2,2,I,9
773,I,M,-2.756,2.779,3,2,I,9
773,I,N,-4.614,0.244,6,2,I,9
773,I,P,-2.394,3.649,4,2,I,9
773,I,Q,-3.143,1.032,3.5,2,I,9
773,I,R,-2.853,,0.5,1,I,9
773,I,S,-0.6835,0.3535,2.5,2,I,9
773,I,T,-2.537,3.09,3,2,I,9
773,I,V,-0.0927,1.152,1.5,2,I,9
773,I,W,-4.452,0.1754,4.5,2,I,9
773,I,Y,-3.398,,2.5,1,I,9
774,Q,*,-4.911,0.1358,3,2,Q,9
774,Q,-,0.0627,0.5053,1.5,2,Q,9
774,Q,A,0.3626,0.3026,4,2,Q,9
774,Q,C,-4.035,1.378,3.5,2,Q,9
774,Q,D,-4.199,1.063,3,2,Q,9
774,Q,E,-2.078,1.003,2,2,Q,9
774,Q,G,-1.27,1.431,3,2,Q,9
774,Q,H,-2.356,0.659,4,2,Q,9
774,Q,I,0.2335,0.1969,3.5,2,Q,9
774,Q,K,-2.59,0.8591,9,2,Q,9
774,Q,L,0.1776,0.8177,3,2,Q,9
774,Q,M,-0.2437,0.5523,2.5,2,Q,9
774,Q,N,-0.3203,0.4357,3,2,Q,9
774,Q,P,-4.05,,3,1,Q,9
774,Q,Q,0,0,,2,Q,9
774,Q,R,-4.498,0.314,6.5,2,Q,9
774,Q,S,0.7596,,1,1,Q,9
774,Q,T,0.03295,0.8684,2,2,Q,9
774,Q,V,-0.8837,1.166,2,2,Q,9
774,Q,W,-3.047,0.5119,1.5,2,Q,9
774,Q,Y,-4.645,0.1435,2,2,Q,9
775,S,-,-0.2979,0.1014,1.5,2,A,9
775,S,A,0.497,0.3132,2.5,2,A,9
775,S,C,-1.76,0.0007071,8,2,A,9
775,S,D,-3.954,0.7382,2.5,2,A,9
775,S,E,-2.126,0.9171,3.5,2,A,9
775,S,F,-3.655,1.59,6,2,A,9
775,S,G,0.5402,0.1433,2,2,A,9
775,S,H,-4.45,0.5565,7,2,A,9
775,S,I,-2.782,1.845,3.5,2,A,9
775,S,K,-2.133,0.2701,3,2,A,9
775,S,L,0.7554,,2,1,A,9
775,S,M,0.4505,0.489,1,2,A,9
775,S,N,0.0753,1.035,4.5,2,A,9
775,S,P,-4.798,0.2828,6.5,2,A,9
775,S,Q,-2.157,0.3479,5.5,2,A,9
775,S,R,-4.396,0.3627,3.5,2,A,9
775,S,S,0,0,,2,A,9
775,S,T,0.3817,0.4822,2,2,A,9
775,S,V,-3.041,0.4476,5,2,A,9
775,S,W,-3.71,0.4377,4,2,A,9
775,S,Y,-4.609,0.5551,7.5,2,A,9
776,R,-,-0.3996,0.137,2,2,R,9
776,R,A,-4.543,0.6088,4.5,2,R,9
776,R,C,-4.913,0.1322,8.5,2,R,9
776,R,D,-3.96,1.24,2,2,R,9
776,R,E,-4.408,0.2567,2,2,R,9
776,R,F,-4.92,0.07354,4.5,2,R,9
776,R,G,-4.879,0.07071,2,2,R,9
776,R,H,-4.863,0.1485,17,2,R,9
776,R,I,-4.873,0.08061,2.5,2,R,9
776,R,K,-3.58,1.517,1.5,2,R,9
776,R,L,-4.905,0.06435,7,2,R,9
776,R,M,-4.911,0.08273,4,2,R,9
776,R,N,-4.873,0.1039,4,2,R,9
776,R,P,-4.934,0.1061,4,2,R,9
776,R,Q,-4.873,0.05515,3,2,R,9
776,R,R,0,0,,2,R,9
776,R,S,-4.9,0.1527,10.5,2,R,9
776,R,T,-4.896,0.08697,3.5,2,R,9
776,R,V,-4.75,0.292,4.5,2,R,9
776,R,W,-4.93,,1.5,1,R,9
776,R,Y,-4.797,0.2291,3.5,2,R,9
777,L,-,-0.1708,0.736,1.5,2,L,9
777,L,A,-2.859,3.015,1.5,2,L,9
777,L,C,-4.334,,2.5,1,L,9
777,L,D,-4.567,0.5897,4,2,L,9
777,L,E,-3.919,0.3125,2,2,L,9
777,L,F,0.6745,0.03734,4.5,2,L,9
777,L,G,-4.612,0.256,4,2,L,9
777,L,H,0.07621,,0.5,1,L,9
777,L,I,0.407,0.4299,4,2,L,9
777,L,K,-3.61,0.7029,1.5,2,L,9
777,L,L,0,0,,2,L,9
777,L,M,0.1459,0.01082,8,2,L,9
777,L,N,-4.114,0.4137,3,2,L,9
777,L,P,-3.992,0.3599,4.5,2,L,9
777,L,Q,-1.425,,1.5,1,L,9
777,L,R,-4.447,0.6131,2.5,2,L,9
777,L,S,-2.663,,1.5,1,L,9
777,L,T,-0.6316,0.2117,2.5,2,L,9
777,L,V,-1.601,1.916,1,2,L,9
777,L,W,-1.792,1.464,4,2,L,9
777,L,Y,0.3083,,1,1,L,9
778,N,-,-0.4109,0.1448,1.5,2,N,9
778,N,A,-4.815,,0.5,1,N,9
778,N,C,-4.734,0.3635,2.5,2,N,9
778,N,D,-4.506,0.1428,5,2,N,9
778,N,E,-2.007,1.459,3.5,2,N,9
778,N,F,-4.953,,2.5,1,N,9
778,N,G,-4.242,0.9475,4,2,N,9
778,N,H,-4.582,0.01061,3,2,N,9
778,N,I,-4.648,0.03677,4.5,2,N,9
778,N,K,-4.905,0.07212,3.5,2,N,9
778,N,L,-4.772,0.09475,2.5,2,N,9
778,N,M,-4.293,,2,1,N,9
778,N,N,0,0,,2,N,9
778,N,P,-4.288,0.1782,4,2,N,9
778,N,Q,-4.582,0.3896,2.5,2,N,9
778,N,R,-3.764,0.3656,3,2,N,9
778,N,S,-4.385,0.7665,1.5,2,N,9
778,N,T,-4.534,0.5834,4,2,N,9
778,N,V,-3.978,,2,1,N,9
778,N,W,-4.864,0.06788,2,2,N,9
779,Y,*,-3.228,2.294,4,2,Y,9
779,Y,-,-0.2242,0.7221,1.5,2,Y,9
779,Y,A,-0.146,0.7663,5.5,2,Y,9
779,Y,C,-2.569,0.2058,6,2,Y,9
779,Y,D,-4.948,,1.5,1,Y,9
779,Y,E,-4.291,0.3097,2.5,2,Y,9
779,Y,F,-0.0715,0.8703,3,2,Y,9
779,Y,G,-1.669,1.135,1.5,2,Y,9
779,Y,H,-0.6671,0.5626,4.5,2,Y,9
779,Y,I,-4.177,0.5332,3.5,2,Y,9
779,Y,K,-1.429,1.32,1.5,2,Y,9
779,Y,L,-2.213,,0.5,1,Y,9
779,Y,M,0.1134,0.7606,6,2,Y,9
779,Y,N,-0.1935,0.4265,1.5,2,Y,9
779,Y,P,-2.649,,0.5,1,Y,9
779,Y,Q,-4.962,,1,1,Y,9
779,Y,R,-4.088,0.1202,3.5,2,Y,9
779,Y,S,-0.01905,0.3251,3,2,Y,9
779,Y,T,-3.989,0.3111,3.5,2,Y,9
779,Y,V,-3.048,2.5,1.5,2,Y,9
779,Y,W,-1.417,0.9769,2.5,2,Y,9
779,Y,Y,0,0,,2,Y,9
780,V,-,-3.572,,0.5,1,V,9
780,V,A,-0.2294,0.4952,4.5,2,V,9
780,V,C,-2.933,0.3741,1.5,2,V,9
780,V,D,0.4848,0.04617,1,2,V,9
780,V,E,-3.223,0.1435,4.5,2,V,9
780,V,F,-1.226,0.9061,5.5,2,V,9
780,V,G,-1.678,1.116,3,2,V,9
780,V,H,-2.003,0.6725,3,2,V,9
780,V,I,-0.2051,0.0688,2,2,V,9
780,V,K,-3.968,1.382,2,2,V,9
780,V,L,-2.817,0.5127,3.5,2,V,9
780,V,M,-1.652,1.597,4.5,2,V,9
780,V,N,-4.085,,1,1,V,9
780,V,P,-3.116,,1,1,V,9
780,V,Q,0.3722,0.5546,2.5,2,V,9
780,V,R,-3.858,1.348,3,2,V,9
780,V,S,-4.546,0.5402,2.5,2,V,9
780,V,T,-4.818,0.1004,3.5,2,V,9
780,V,V,0,0,,2,V,9
780,V,W,-0.2947,0.4778,2,2,V,9
780,V,Y,0.5464,0.2411,5,2,V,9
781,A,-,-0.7698,,0.5,1,A,9
781,A,A,0,0,,2,A,9
781,A,C,-2.086,2.195,2,2,A,9
781,A,D,-1.986,0.06576,4,2,A,9
781,A,E,0.2646,,1,1,A,9
781,A,F,-0.7289,0.3589,7,2,A,9
781,A,G,0.1091,,1,1,A,9
781,A,H,0.1605,0.7471,1,2,A,9
781,A,I,0.7174,0.04426,4,2,A,9
781,A,K,-0.9709,1.14,3,2,A,9
781,A,L,0.5451,0.1361,3.5,2,A,9
781,A,M,0.5577,0.2836,2.5,2,A,9
781,A,N,-1.057,1.869,2.5,2,A,9
781,A,P,-4.157,0.6399,2,2,A,9
781,A,Q,0.1802,0.1907,2,2,A,9
781,A,R,-2.287,0.7757,3,2,A,9
781,A,S,-0.1963,0.7174,4,2,A,9
781,A,T,-2.044,2.521,8,2,A,9
781,A,V,-0.4781,0.1724,6.5,2,A,9
781,A,W,-1.797,0.8386,2,2,A,9
781,A,Y,-2.177,3.661,1.5,2,A,9
782,L,-,0.2874,,0.5,1,L,9
782,L,A,0.4593,0.1035,2,2,L,9
782,L,C,-1.037,0.6155,2.5,2,L,9
782,L,D,-4.895,0.04525,1.5,2,L,9
782,L,E,-0.8629,0.2179,1.5,2,L,9
782,L,F,-0.7044,0.701,3.5,2,L,9
782,L,G,-0.6421,,1,1,L,9
782,L,H,-1.278,0.5223,2,2,L,9
782,L,I,0.08464,0.07263,3.5,2,L,9
782,L,K,-1.144,0.08415,3.5,2,L,9
782,L,L,0,0,,2,L,9
782,L,M,-0.156,0.521,8,2,L,9
782,L,N,-2.922,0.816,3.5,2,L,9
782,L,P,-4.08,0.09546,13,2,L,9
782,L,Q,0.6029,0.0688,3.5,2,L,9
782,L,R,-1.558,0.3585,3.5,2,L,9
782,L,S,-2.178,2.027,4,2,L,9
782,L,T,-0.8114,0.7179,3,2,L,9
782,L,V,-2.808,2.591,3.5,2,L,9
782,L,W,-1.921,0.722,5,2,L,9
782,L,Y,-2.303,0.1775,3.5,2,L,9
783,Q,*,-4.421,0.3882,6.5,2,Q,9
783,Q,-,-4.308,,2.5,1,Q,9
783,Q,A,-0.4096,,1,1,Q,9
783,Q,C,-2.179,0.1648,5.5,2,Q,9
783,Q,D,-4.241,,3,1,Q,9
783,Q,E,-0.7488,0.4939,4.5,2,Q,9
783,Q,F,0.1652,0.9297,2.5,2,Q,9
783,Q,G,0.1236,0.7707,2,2,Q,9
783,Q,H,0.5027,0.1011,13.5,2,Q,9
783,Q,I,-2.415,1.243,3.5,2,Q,9
783,Q,K,-2.731,0.1407,4.5,2,Q,9
783,Q,L,-0.4719,1.455,3.5,2,Q,9
783,Q,M,0.2645,0.7303,2.5,2,Q,9
783,Q,N,0.755,,0.5,1,Q,9
783,Q,P,-4.417,0.5841,4.5,2,Q,9
783,Q,Q,0,0,,2,Q,9
783,Q,R,-1.65,2.332,4,2,Q,9
783,Q,S,0.5234,0.1671,2.5,2,Q,9
783,Q,T,0.0351,0.7607,3.5,2,Q,9
783,Q,V,-2.469,1.973,4,2,Q,9
783,Q,W,-2.96,0.7064,2.5,2,Q,9
783,Q,Y,-1.048,,2,1,Q,9
784,T,-,-0.2466,,1.5,1,T,9
784,T,A,-0.5335,0.811,3,2,T,9
784,T,C,-1.486,0.8812,4,2,T,9
784,T,D,-2.337,0.1626,1.5,2,T,9
784,T,E,-0.8579,0.5502,3.5,2,T,9
784,T,F,-1.304,0.9781,4,2,T,9
784,T,G,-0.3094,1.395,2.5,2,T,9
784,T,H,-1.451,0.362,2,2,T,9
784,T,I,-2.625,1.626,7.5,2,T,9
784,T,K,-4.434,0.804,2,2,T,9
784,T,L,-1.707,0.3465,5.5,2,T,9
784,T,M,-0.4964,0.3102,3.5,2,T,9
784,T,N,0.027,0.2901,2.5,2,T,9
784,T,P,-4.173,1.121,4.5,2,T,9
784,T,Q,-0.2924,0.06449,5.5,2,T,9
784,T,R,-3.37,0.6095,4.5,2,T,9
784,T,S,0.03126,0.06546,1.5,2,T,9
784,T,T,0,0,,2,T,9
784,T,V,-0.7559,,2,1,T,9
784,T,W,-2.391,0.3528,2,2,T,9
784,T,Y,-1.355,1.295,3.5,2,T,9
785,D,-,-0.2185,0.4735,2.5,2,D,9
785,D,A,-0.07055,1.126,1.5,2,D,9
785,D,C,-1.66,0.04738,2.5,2,D,9
785,D,D,0,0,,2,D,9
785,D,E,0.01086,0.136,7.5,2,D,9
785,D,F,-0.6281,0.3422,1.5,2,D,9
785,D,G,0.5154,0.4551,4.5,2,D,9
785,D,H,-1.95,3.921,2,2,D,9
785,D,I,0.1672,0.3521,3.5,2,D,9
785,D,K,-1.015,1.704,2.5,2,D,9
785,D,M,-0.9523,0.2386,2.5,2,D,9
785,D,N,0.7266,0.07078,11,2,D,9
785,D,P,-1.344,0.1655,1.5,2,D,9
785,D,Q,0.743,0.1288,2.5,2,D,9
785,D,R,-1.426,,2.5,1,D,9
785,D,S,-1.248,2.37,3.5,2,D,9
785,D,T,0.4234,0.04978,3,2,D,9
785,D,V,-2.929,2.655,3,2,D,9
785,D,W,-2.14,0.157,2.5,2,D,9
785,D,Y,-0.7629,0.2324,13,2,D,9
786,V,-,-1.599,,1.5,1,V,9
786,V,A,0.09499,0.2465,6.5,2,V,9
786,V,C,-0.266,1.078,3,2,V,9
786,V,D,-3.555,2.046,4,2,V,9
786,V,E,-2.502,1.901,2,2,V,9
786,V,F,0.3263,0.509,3,2,V,9
786,V,G,-1.051,1.426,2.5,2,V,9
786,V,H,-0.0807,0.7715,3,2,V,9
786,V,I,0.0805,0.5633,3.5,2,V,9
786,V,K,0.2537,,2,1,V,9
786,V,L,-1.306,0.5706,6.5,2,V,9
786,V,M,0.4543,0.4027,6.5,2,V,9
786,V,N,-2.439,0.07212,3.5,2,V,9
786,V,P,-3.547,0.5869,3.5,2,V,9
786,V,Q,-4.991,,0.5,1,V,9
786,V,R,-0.3079,1.351,1.5,2,V,9
786,V,S,-0.9061,,1,1,V,9
786,V,T,-0.274,0.4993,5,2,V,9
786,V,V,0,0,,2,V,9
786,V,W,-0.3702,0.02468,2.5,2,V,9
786,V,Y,0.5145,0.4324,1.5,2,V,9
787,L,-,-0.5352,,1.5,1,L,9
787,L,A,-1.811,3.103,2,2,L,9
787,L,C,-4.877,0.07849,2.5,2,L,9
787,L,D,-2.873,0.6746,2.5,2,L,9
787,L,E,-3.799,1.708,1.5,2,L,9
787,L,F,-2.205,0.2595,1.5,2,L,9
787,L,G,-3.075,0.1096,2.5,2,L,9
787,L,H,-4.181,1.17,1.5,2,L,9
787,L,I,0.1965,0.01973,2,2,L,9
787,L,K,0.08862,,0.5,1,L,9
787,L,L,0,0,,2,L,9
787,L,M,0.5245,0.4418,3.5,2,L,9
787,L,N,-0.7034,2.071,4,2,L,9
787,L,P,-3.575,0.9355,3.5,2,L,9
787,L,Q,-2.17,0.2348,3,2,L,9
787,L,R,-4.63,0.03253,3,2,L,9
787,L,S,-1.57,0.7467,1,2,L,9
787,L,T,0.7923,0.05226,3,2,L,9
787,L,V,-0.2309,0.9077,2.5,2,L,9
787,L,W,-1.866,0.9843,2.5,2,L,9
787,L,Y,-2.332,2.411,4,2,L,9
788,Q,*,-4.915,0.1301,5,2,Q,9
788,Q,-,0.2409,0.8079,3,2,Q,9
788,Q,A,-0.3219,0.3211,5,2,Q,9
788,Q,C,-1.07,0.5594,3.5,2,Q,9
788,Q,D,-2.048,0.5636,6.5,2,Q,9
788,Q,E,-0.6251,0.4165,2.5,2,Q,9
788,Q,F,-0.4607,0.9493,2.5,2,Q,9
788,Q,G,-1.855,0.5275,1,2,Q,9
788,Q,H,-0.7924,0.9978,3,2,Q,9
788,Q,I,-0.302,0.4537,6,2,Q,9
788,Q,K,-0.5459,1.513,4.5,2,Q,9
788,Q,L,-0.6492,1.486,6,2,Q,9
788,Q,M,-0.0214,0.2703,3,2,Q,9
788,Q,N,0.1747,0.574,5.5,2,Q,9
788,Q,P,-4.287,0.9086,3.5,2,Q,9
788,Q,Q,0,0,,2,Q,9
788,Q,R,0.1854,0.2991,6.5,2,Q,9
788,Q,S,-0.573,1.37,1,2,Q,9
788,Q,T,-1.248,0.5689,2,2,Q,9
788,Q,V,-0.1238,0.7633,3.5,2,Q,9
788,Q,W,-1.706,0.6116,2,2,Q,9
788,Q,Y,-0.4589,0.3665,3,2,Q,9
789,E,*,-4.897,0.04031,7.5,2,E,9
789,E,-,-1.999,0.4299,2.5,2,E,9
789,E,A,-0.4219,1.474,2,2,E,9
789,E,C,-0.7342,0.3522,5,2,E,9
789,E,D,0.06826,0.1669,19.5,2,E,9
789,E,E,0,0,,2,E,9
789,E,F,-0.556,1.909,2.5,2,E,9
789,E,G,0.119,0.7617,4,2,E,9
789,E,H,0.2412,,1,1,E,9
789,E,I,-0.369,0.3714,4,2,E,9
789,E,K,-0.1881,0.1986,9.5,2,E,9
789,E,L,0.3236,0.6802,2.5,2,E,9
789,E,M,-0.2368,1.513,2,2,E,9
789,E,N,0.7699,0.07806,1.5,2,E,9
789,E,P,-3.327,2.181,2.5,2,E,9
789,E,Q,0.7309,0.09723,4.5,2,E,9
789,E,R,0.00495,0.2279,3,2,E,9
789,E,S,0.4706,0.3565,2,2,E,9
789,E,T,0.1838,0.6336,3,2,E,9
789,E,V,0.6713,0.1136,1,2,E,9
789,E,W,-0.3055,,2,1,E,9
789,E,Y,-0.2932,,2,1,E,9
790,N,-,-0.9183,1.234,3,2,N,9
790,N,A,-0.9491,0.731,1.5,2,N,9
790,N,C,-3.792,1.335,4,2,N,9
790,N,D,-2.325,0.9426,2.5,2,N,9
790,N,E,-4.962,,0.5,1,N,9
790,N,F,-1.528,,4,1,N,9
790,N,G,-3.069,1.296,3.5,2,N,9
790,N,H,-1.93,0.1683,5,2,N,9
790,N,I,-2.638,1.139,2.5,2,N,9
790,N,K,-2.752,0.003536,5,2,N,9
790,N,M,-0.9497,0.09086,1.5,2,N,9
790,N,N,0,0,,2,N,9
790,N,P,-4.859,0.1605,3.5,2,N,9
790,N,Q,-0.7114,0.4166,4.5,2,N,9
790,N,R,-2.653,0.1414,7.5,2,N,9
790,N,S,-1.19,0.1605,2,2,N,9
790,N,T,-0.3204,0.8002,2,2,N,9
790,N,V,-2.611,1.317,3.5,2,N,9
790,N,W,-3.301,0.1457,2.5,2,N,9
790,N,Y,-2.547,1.023,4,2,N,9
791,Q,*,-4.748,0.1648,4,2,Q,9
791,Q,-,-2.067,,0.5,1,Q,9
791,Q,A,-1.194,0.6721,2,2,Q,9
791,Q,C,-3.7,0.4207,6,2,Q,9
791,Q,D,-1.694,1.563,2,2,Q,9
791,Q,E,-3.38,1.085,3,2,Q,9
791,Q,F,-2.078,,2.5,1,Q,9
791,Q,G,-2.614,0.06081,2,2,Q,9
791,Q,H,-0.9953,0.4592,12,2,Q,9
791,Q,I,-2.526,0.2383,3.5,2,Q,9
791,Q,K,-3.905,0.09405,7,2,Q,9
791,Q,L,-3.537,1.232,2,2,Q,9
791,Q,M,-1.912,0.5134,4.5,2,Q,9
791,Q,N,-0.5162,,2.5,1,Q,9
791,Q,P,-4.099,0.7693,4.5,2,Q,9
791,Q,Q,0,0,,2,Q,9
791,Q,R,-4.53,0.1082,4,2,Q,9
791,Q,S,-1.725,0.09334,3,2,Q,9
791,Q,T,-1.526,0.1393,3,2,Q,9
791,Q,V,-1.179,0.6815,3.5,2,Q,9
791,Q,W,-4.13,0.5339,3,2,Q,9
791,Q,Y,-2.744,0.2934,2.5,2,Q,9
792,K,*,-4.294,,0.5,1,K,9
792,K,-,-1.34,,0.5,1,K,9
792,K,A,0.7457,,1,1,K,9
792,K,C,-3.543,1.303,3.5,2,K,9
792,K,D,-1.652,1.644,2.5,2,K,9
792,K,E,-0.2596,0.08704,2,2,K,9
792,K,F,-2.263,1.715,4,2,K,9
792,K,G,-0.9532,2.37,5.5,2,K,9
792,K,H,-0.0675,0.2783,6,2,K,9
792,K,I,-2.785,,1,1,K,9
792,K,K,0,0,,2,K,9
792,K,L,-1.083,,2,1,K,9
792,K,M,-0.4625,1.681,3,2,K,9
792,K,N,0.227,0.04101,9.5,2,K,9
792,K,P,-4.636,0.06505,3.5,2,K,9
792,K,Q,0.2641,0.793,2,2,K,9
792,K,R,0.5154,0.3822,1.5,2,K,9
792,K,S,-0.1567,0.5633,3,2,K,9
792,K,T,-4.307,0.4384,4,2,K,9
792,K,V,-0.9811,0.7084,1.5,2,K,9
792,K,W,-1.79,0.7227,1.5,2,K,9
792,K,Y,-1.236,0.04243,8,2,K,9
793,I,A,-0.4093,0.252,2,2,I,10
793,I,C,-1.806,1.016,2.5,2,I,10
793,I,D,-1.314,0.09758,2,2,I,10
793,I,E,-0.0168,1.026,3.5,2,I,10
793,I,F,0.211,0.1223,4,2,I,10
793,I,G,-3.263,1.676,5,2,I,10
793,I,H,-0.1306,0.5107,3,2,I,10
793,I,I,0,0,,2,I,10
793,I,K,-1.191,0.3106,2.5,2,I,10
793,I,L,-0.0028,0.8287,5,2,I,10
793,I,M,0.2622,0.4793,3.5,2,I,10
793,I,N,-1.127,0.3572,5.5,2,I,10
793,I,P,-3.33,1.258,3.5,2,I,10
793,I,Q,-0.4389,0.8444,7.5,2,I,10
793,I,R,-0.5326,1.246,3,2,I,10
793,I,S,-0.6996,0.5126,3.5,2,I,10
793,I,T,-0.2572,0.7222,3,2,I,10
793,I,V,-2.371,3.317,8,2,I,10
793,I,W,-0.03,0.2599,5.5,2,I,10
793,I,Y,-0.2213,1.329,1.5,2,I,10
794,L,A,-3.955,0.9277,5,2,L,10
794,L,C,-4.489,0.6562,3,2,L,10
794,L,D,-1.58,3.302,2,2,L,10
794,L,E,-4.931,,1,1,L,10
794,L,F,-0.5782,1.087,1.5,2,L,10
794,L,G,-4.41,0.06576,4.5,2,L,10
794,L,H,-4.167,0.1372,3.5,2,L,10
794,L,I,0.2609,0.4541,4.5,2,L,10
794,L,K,-4.872,0.1252,4.5,2,L,10
794,L,L,0,0,,2,L,10
794,L,M,-0.8259,0.04851,7,2,L,10
794,L,N,-3.82,0.4525,4.5,2,L,10
794,L,P,-4.774,0.3168,9,2,L,10
794,L,Q,-4.73,0.1216,2,2,L,10
794,L,R,-4.968,,1.5,1,L,10
794,L,S,-3.697,0.5706,5.5,2,L,10
794,L,T,-4.447,0.1174,4,2,L,10
794,L,V,-1.498,0.1336,3,2,L,10
794,L,W,-2.225,0.396,4,2,L,10
794,L,Y,-2.17,0.1322,3,2,L,10
795,A,A,0,0,,2,A,10
795,A,C,-2.986,0.05233,1.5,2,A,10
795,A,D,-4.918,0.09192,11,2,A,10
795,A,E,-4.704,0.3889,4,2,A,10
795,A,F,-4.897,0.08627,2.5,2,A,10
795,A,G,-3.217,2.261,1,2,A,10
795,A,H,-4.893,0.164,3,2,A,10
795,A,I,-1.583,0.5317,2.5,2,A,10
795,A,K,-4.498,0.7071,9.5,2,A,10
795,A,L,-4.887,0.1018,1.5,2,A,10
795,A,M,-4.053,0.5579,3.5,2,A,10
795,A,N,-4.899,0.07142,5.5,2,A,10
795,A,P,-4.368,0.8344,2,2,A,10
795,A,Q,-4.71,0.06505,2,2,A,10
795,A,R,-4.415,0.6017,3,2,A,10
795,A,S,-1.554,1.462,3.5,2,A,10
795,A,T,-1.667,0.3642,8.5,2,A,10
795,A,V,-1.184,0.7703,5.5,2,A,10
795,A,W,-2.779,3.067,1.5,2,A,10
795,A,Y,-4.896,0.09617,4.5,2,A,10
796,A,A,0,0,,2,A,10
796,A,C,-1.188,0.2496,2,2,A,10
796,A,D,0.3305,0.6133,8,2,A,10
796,A,E,0.299,0.3095,3.5,2,A,10
796,A,F,-1.135,0.2679,9,2,A,10
796,A,G,-0.1007,0.2957,6,2,A,10
796,A,H,0.1078,0.3113,4,2,A,10
796,A,I,-1.004,0.5171,3.5,2,A,10
796,A,K,-0.3264,0.1335,4.5,2,A,10
796,A,L,-0.06135,0.7113,2,2,A,10
796,A,M,0.2461,0.2604,4,2,A,10
796,A,N,0.04458,0.1909,5,2,A,10
796,A,P,-4.617,0.3147,5.5,2,A,10
796,A,Q,0.7846,0.04342,1.5,2,A,10
796,A,R,-1.512,,1.5,1,A,10
796,A,S,-0.03138,0.06266,13.5,2,A,10
796,A,T,0.4207,0.02305,10,2,A,10
796,A,V,-0.2471,0.5026,9,2,A,10
796,A,W,-0.7618,0.4614,4.5,2,A,10
796,A,Y,-0.7212,0.6743,2.5,2,A,10
797,S,A,-0.2652,0.8494,2,2,S,10
797,S,C,-3.215,1.288,5.5,2,S,10
797,S,D,-0.5176,,0.5,1,S,10
797,S,E,0.00765,0.1935,4,2,S,10
797,S,F,-2.014,4.037,1.5,2,S,10
797,S,G,-2.518,3.146,4.5,2,S,10
797,S,H,-0.5571,0.4258,7,2,S,10
797,S,I,-4.786,0.007071,7.5,2,S,10
797,S,K,-2.692,0.2793,6,2,S,10
797,S,L,-4.679,0.3811,6.5,2,S,10
797,S,M,-0.7607,0.4699,4,2,S,10
797,S,N,-0.2552,0.632,6,2,S,10
797,S,P,-4.8,0.04667,2.5,2,S,10
797,S,Q,0.3065,0.2395,4,2,S,10
797,S,R,-3.783,0.2489,7,2,S,10
797,S,S,0,0,,2,S,10
797,S,T,-0.0339,0.6071,4,2,S,10
797,S,V,-4.806,0.186,3.5,2,S,10
797,S,W,-4.879,0.1061,3.5,2,S,10
797,S,Y,-4.731,0.3352,8,2,S,10
798,F,-,-3.767,,0.5,1,F,10
798,F,A,-4.754,0.03041,3.5,2,F,10
798,F,C,-4.896,0.08556,2,2,F,10
798,F,D,-4.902,0.09546,4,2,F,10
798,F,E,-4.899,0.0792,2.5,2,F,10
798,F,F,0,0,,2,F,10
798,F,G,-4.894,0.1025,3,2,F,10
798,F,H,-4.928,,1,1,F,10
798,F,I,-4.428,0.7488,2,2,F,10
798,F,K,-3.397,2.186,2,2,F,10
798,F,L,-4.869,0.002121,9.5,2,F,10
798,F,M,-4.854,0.09687,2.5,2,F,10
798,F,N,-4.874,0.1188,4.5,2,F,10
798,F,P,-3.615,1.686,1.5,2,F,10
798,F,Q,-4.923,,2.5,1,F,10
798,F,R,-3.423,2.181,2.5,2,F,10
798,F,S,-4.904,0.07707,4.5,2,F,10
798,F,T,-2.796,3.036,2,2,F,10
798,F,V,-4.814,0.2164,2,2,F,10
798,F,W,0.1176,0.05554,2.5,2,F,10
798,F,Y,-1.519,0.002121,1,2,F,10
799,N,-,-3.748,1.511,1.5,2,N,10
799,N,A,-4.569,0.5091,3.5,2,N,10
799,N,C,-4.924,,1.5,1,N,10
799,N,D,-4.883,0.06435,3.5,2,N,10
799,N,E,-4.913,0.1011,6,2,N,10
799,N,F,-2.868,2.747,4,2,N,10
799,N,G,-4.883,0.06223,3.5,2,N,10
799,N,H,-3.505,1.878,1.5,2,N,10
799,N,I,-4.642,,3,1,N,10
799,N,K,-4.639,0.2701,3,2,N,10
799,N,L,-4.894,0.08627,2.5,2,N,10
799,N,M,-2.787,2.466,2,2,N,10
799,N,N,0,0,,2,N,10
799,N,P,-4.893,0.09192,3.5,2,N,10
799,N,Q,-4.474,0.6993,3.5,2,N,10
799,N,R,-4.882,0.1513,8,2,N,10
799,N,S,-4.893,0.07849,4.5,2,N,10
799,N,T,-4.896,0.1549,7.5,2,N,10
799,N,V,-4.826,0.1732,3,2,N,10
799,N,W,-4.858,0.1329,4.5,2,N,10
799,N,Y,-4.877,0.05515,5,2,N,10
800,K,-,-0.6127,1.245,1,2,K,10
800,K,A,-0.09767,,1,1,K,10
800,K,C,-0.8966,0.2381,1.5,2,K,10
800,K,D,-0.9117,0.6807,3.5,2,K,10
800,K,E,-0.3214,0.5486,5.5,2,K,10
800,K,F,-3.215,0.9885,6.5,2,K,10
800,K,G,-1.108,1.973,3,2,K,10
800,K,H,0.1501,0.9745,2.5,2,K,10
800,K,I,-1.165,0.6913,3.5,2,K,10
800,K,K,0,0,,2,K,10
800,K,L,0.1034,0.16,2.5,2,K,10
800,K,N,-0.4774,0.831,4,2,K,10
800,K,P,-4.896,0.08768,2.5,2,K,10
800,K,Q,-0.3226,0.9035,1,2,K,10
800,K,R,0.5424,0.257,3,2,K,10
800,K,S,-0.649,0.1674,5.5,2,K,10
800,K,T,-0.8624,0.3134,2.5,2,K,10
800,K,V,-1.016,0.1862,3.5,2,K,10
800,K,W,-3.066,0.9277,6,2,K,10
800,K,Y,-1.698,0.02828,3.5,2,K,10
801,A,-,-1.445,,0.5,1,A,10
801,A,A,0,0,,2,A,10
801,A,C,-2.176,,1.5,1,A,10
801,A,D,-4.696,0.3578,6.5,2,A,10
801,A,E,-2.887,0.553,4,2,A,10
801,A,F,-2.347,1.937,3.5,2,A,10
801,A,G,-4.225,0.0792,2.5,2,A,10
801,A,H,-0.8097,0.7428,4,2,A,10
801,A,I,-3.762,0.0198,2,2,A,10
801,A,K,-4.867,0.02192,5,2,A,10
801,A,L,-4.59,0.01344,4,2,A,10
801,A,M,-1.375,0.0594,4,2,A,10
801,A,N,-4.901,0.08061,3,2,A,10
801,A,P,-4.93,,4,1,A,10
801,A,Q,-1.311,1.438,2.5,2,A,10
801,A,R,-4.897,0.04172,2.5,2,A,10
801,A,S,-4.907,0.1181,7,2,A,10
801,A,T,-4.696,0.1747,5,2,A,10
801,A,V,-3.335,1.162,7.5,2,A,10
801,A,W,-2.914,0.6576,7,2,A,10
801,A,Y,-2.913,0.2249,3,2,A,10
802,M,-,0.5231,,0.5,1,M,10
802,M,A,-4.903,0.0891,5,2,M,10
802,M,C,-4.651,0.4391,2.5,2,M,10
802,M,D,-3.05,2.571,1,2,M,10
802,M,E,-4.751,0.3408,5,2,M,10
802,M,F,-4.755,0.1902,6,2,M,10
802,M,G,-4.95,,1.5,1,M,10
802,M,H,-4.913,0.1174,2.5,2,M,10
802,M,I,-1.052,0.7821,26,2,M,10
802,M,K,-4.867,0.1153,3.5,2,M,10
802,M,L,-1.043,0.7297,5,2,M,10
802,M,M,0,0,,2,M,10
802,M,N,-4.412,0.7418,3,2,M,10
802,M,P,-4.793,0.2906,3,2,M,10
802,M,Q,-4.648,0.4808,3,2,M,10
802,M,R,-4.796,0.1846,2.5,2,M,10
802,M,S,-4.91,0.111,5,2,M,10
802,M,T,-4.895,0.09475,5,2,M,10
802,M,V,-4.064,0.2355,4.5,2,M,10
802,M,W,-4.809,0.2227,7.5,2,M,10
802,M,Y,-4.887,0.06223,2,2,M,10
803,T,-,0.2494,,0.5,1,T,10
803,T,A,0.5409,0.1099,6,2,T,10
803,T,C,-1.376,0.5665,4.5,2,T,10
803,T,D,0.07913,0.03347,3,2,T,10
803,T,E,0.3291,0.1554,3,2,T,10
803,T,F,-1.077,1.598,4,2,T,10
803,T,G,-0.2846,0.5428,5,2,T,10
803,T,H,0.0879,1.036,1,2,T,10
803,T,I,-0.0291,0.463,5,2,T,10
803,T,K,-0.192,0.9327,1.5,2,T,10
803,T,L,0.2991,0.3598,5.5,2,T,10
803,T,M,-0.5758,1.359,2,2,T,10
803,T,N,0.3787,0.1689,1.5,2,T,10
803,T,P,-4.823,,1,1,T,10
803,T,Q,-1.889,3.295,6.5,2,T,10
803,T,R,0.2795,0.6313,1.5,2,T,10
803,T,S,-0.00495,1.017,4,2,T,10
803,T,T,0,0,,2,T,10
803,T,V,0.4401,0.1337,6.5,2,T,10
803,T,W,-2.972,0.3988,5.5,2,T,10
803,T,Y,-1.778,0.4617,4,2,T,10
804,N,-,-0.6197,,0.5,1,N,10
804,N,A,-1.571,1.863,2.5,2,N,10
804,N,C,-0.377,0.09815,6,2,N,10
804,N,D,-0.05843,0.0271,4.5,2,N,10
804,N,E,-1.905,3.473,3,2,N,10
804,N,F,-0.3684,0.546,4,2,N,10
804,N,G,-0.8104,2.121,3,2,N,10
804,N,H,-0.5645,1.626,2,2,N,10
804,N,I,0.06105,0.6693,3.5,2,N,10
804,N,K,-0.5235,0.6964,8,2,N,10
804,N,L,-0.4712,0.07573,5.5,2,N,10
804,N,M,-0.3825,0.4724,3.5,2,N,10
804,N,N,0,0,,2,N,10
804,N,P,-4.803,0.01697,3.5,2,N,10
804,N,Q,0.4821,0.1667,3.5,2,N,10
804,N,R,0.1289,0.05954,6,2,N,10
804,N,S,-1.249,2.246,3.5,2,N,10
804,N,T,0.0124,0.8721,4.5,2,N,10
804,N,V,-2.678,3.012,3.5,2,N,10
804,N,W,-1.691,1.012,5,2,N,10
804,N,Y,-1.124,0.9982,5,2,N,10
805,I,A,-4.893,0.07354,4,2,I,10
805,I,C,-4.274,0.9115,4.5,2,I,10
805,I,D,-4.754,0.01556,5,2,I,10
805,I,E,-4.815,0.1619,2,2,I,10
805,I,F,-4.883,0.08839,3,2,I,10
805,I,G,-4.908,0.05586,3,2,I,10
805,I,H,-4.795,0.02828,4.5,2,I,10
805,I,I,0,0,,2,I,10
805,I,K,-4.877,0.06293,2.5,2,I,10
805,I,L,-0.7276,0.3639,2,2,I,10
805,I,M,-4.817,0.0495,4.5,2,I,10
805,I,N,-4.91,0.1266,4.5,2,I,10
805,I,P,-4.88,0.09263,2,2,I,10
805,I,Q,-4.87,0.08273,2,2,I,10
805,I,R,-4.869,0.07637,2,2,I,10
805,I,S,-4.897,0.09122,4,2,I,10
805,I,T,-2.352,3.513,2,2,I,10
805,I,V,-0.9536,1.036,3,2,I,10
805,I,W,-4.918,0.07142,3,2,I,10
805,I,Y,-4.922,0.09687,5.5,2,I,10
806,V,*,-5.009,,0.5,1,V,10
806,V,A,-0.5577,0.014,2,2,V,10
806,V,C,-3.846,1.408,2.5,2,V,10
806,V,D,-4.883,0.06435,2,2,V,10
806,V,E,-1.399,0.5303,3,2,V,10
806,V,F,-0.1982,1.408,5.5,2,V,10
806,V,G,-4.886,,3,1,V,10
806,V,H,-0.4745,0.3079,3.5,2,V,10
806,V,I,-0.03335,0.636,12,2,V,10
806,V,K,-0.5981,1.469,3,2,V,10
806,V,L,-1.179,,5.5,1,V,10
806,V,M,0.1815,0.2,3.5,2,V,10
806,V,N,-4.426,0.6887,5.5,2,V,10
806,V,P,-4.958,,3,1,V,10
806,V,Q,-0.6246,0.2137,4,2,V,10
806,V,R,-1.421,0.5275,3.5,2,V,10
806,V,S,-4.799,0.01061,5,2,V,10
806,V,T,-4.828,0.1838,2,2,V,10
806,V,V,0,0,,2,V,10
806,V,W,-0.6359,1.276,2.5,2,V,10
806,V,Y,-0.4319,0.7828,4,2,V,10
807,D,A,0.4045,0.3103,1.5,2,D,10
807,D,C,-1.413,0.1725,4.5,2,D,10
807,D,D,0,0,,2,D,10
807,D,E,-0.04735,0.3034,4.5,2,D,10
807,D,F,-2.697,0.1478,5.5,2,D,10
807,D,G,-0.03105,0.4864,3.5,2,D,10
807,D,H,0.2581,0.611,5,2,D,10
807,D,I,-1.206,1.225,2.5,2,D,10
807,D,K,0.1797,0.1651,4,2,D,10
807,D,L,-0.7654,,1,1,D,10
807,D,M,-1.069,1.62,3,2,D,10
807,D,N,-0.5253,0.8141,5.5,2,D,10
807,D,P,-4.574,0.5416,3.5,2,D,10
807,D,Q,-0.4269,1.1,2,2,D,10
807,D,R,0.5585,,2.5,1,D,10
807,D,S,-0.2094,0.4361,7,2,D,10
807,D,T,-1.324,0.4398,5.5,2,D,10
807,D,V,-1.481,0.1775,3.5,2,D,10
807,D,W,-1.062,0.9479,5,2,D,10
807,D,Y,-1.315,0.9767,9.5,2,D,10
808,A,-,-0.8854,,0.5,1,A,10
808,A,A,0,0,,2,A,10
808,A,C,-0.1455,0.2121,4.5,2,A,10
808,A,D,-4.909,0.1351,6,2,A,10
808,A,E,-3.959,0.3493,4,2,A,10
808,A,F,-1.562,0.4504,3.5,2,A,10
808,A,G,-2.201,0.8811,2,2,A,10
808,A,H,-3.093,1.072,3,2,A,10
808,A,I,-1.809,0.8118,7,2,A,10
808,A,K,-2.389,2.741,2.5,2,A,10
808,A,L,-2.426,0.2114,2.5,2,A,10
808,A,M,-0.9338,0.1078,8.5,2,A,10
808,A,N,-4.883,0.09192,3,2,A,10
808,A,P,-4.875,0.07495,2,2,A,10
808,A,Q,-1.681,1.239,2.5,2,A,10
808,A,R,-4.025,0.2659,4.5,2,A,10
808,A,S,-1.881,0.007778,9.5,2,A,10
808,A,T,-1.933,0.1732,10.5,2,A,10
808,A,V,-0.9532,0.3731,2.5,2,A,10
808,A,W,-1.852,1.055,3,2,A,10
808,A,Y,-0.1406,0.604,1,2,A,10
809,F,A,-4.824,0.1881,3,2,F,10
809,F,C,-4.841,0.04031,7,2,F,10
809,F,D,-4.882,0.0693,1.5,2,F,10
809,F,E,-4.924,0.1032,7,2,F,10
809,F,F,0,0,,2,F,10
809,F,G,-4.919,0.123,3,2,F,10
809,F,I,-0.4711,0.2331,3,2,F,10
809,F,K,-4.915,0.06718,7,2,F,10
809,F,L,0.545,0.4077,2.5,2,F,10
809,F,M,0.2775,0.2324,4.5,2,F,10
809,F,N,-4.803,0.05798,5.5,2,F,10
809,F,P,-4.918,0.128,3.5,2,F,10
809,F,Q,-4.732,0.3196,3,2,F,10
809,F,R,-4.601,0.2963,1.5,2,F,10
809,F,S,-4.896,0.07283,6,2,F,10
809,F,T,-4.899,0.07142,3.5,2,F,10
809,F,V,-0.9857,,1.5,1,F,10
809,F,W,-4.907,0.08485,4.5,2,F,10
809,F,Y,-4.937,0.09687,3.5,2,F,10
810,T,-,-2.879,,0.5,1,T,10
810,T,A,-0.1973,0.12,2.5,2,T,10
810,T,C,-0.2526,1.143,5,2,T,10
810,T,D,-0.2677,,2.5,1,T,10
810,T,E,0.8368,,0.5,1,T,10
810,T,F,-0.4047,0.1445,4,2,T,10
810,T,G,0.3418,0.0799,3.5,2,T,10
810,T,H,0.3715,0.66,5,2,T,10
810,T,I,-0.251,0.0116,5.5,2,T,10
810,T,K,0.2885,0.5307,3.5,2,T,10
810,T,L,-0.1654,0.4363,7,2,T,10
810,T,M,0.03448,,1,1,T,10
810,T,N,0.6797,0.2227,2,2,T,10
810,T,P,-4.902,0.0898,3.5,2,T,10
810,T,Q,-0.3066,0.3422,2,2,T,10
810,T,R,0.7898,0.04957,2.5,2,T,10
810,T,S,-0.0609,0.6077,3,2,T,10
810,T,T,0,0,,2,T,10
810,T,V,-0.3953,0.08775,3,2,T,10
810,T,W,-1.172,1.265,3,2,T,10
810,T,Y,-0.126,0.295,3,2,T,10
811,G,*,-4.907,0.0891,10,2,G,10
811,G,-,-4.136,,0.5,1,G,10
811,G,A,-3.183,0.6442,3,2,G,10
811,G,C,-1.476,0.0799,2.5,2,G,10
811,G,D,-1.553,1.057,3,2,G,10
811,G,E,-2.436,2.049,10,2,G,10
811,G,F,-4.457,0.2171,4.5,2,G,10
811,G,G,0,0,,2,G,10
811,G,H,0.02598,,3.5,1,G,10
811,G,I,-4.792,0.2673,5,2,G,10
811,G,K,-1.23,0.9132,6,2,G,10
811,G,L,-4.881,0.06788,2.5,2,G,10
811,G,M,-2.79,0.04313,6,2,G,10
811,G,N,0.1197,0.7231,5.5,2,G,10
811,G,P,-4.258,,1,1,G,10
811,G,Q,-0.9885,0.2157,2.5,2,G,10
811,G,R,-1.462,0.3118,14,2,G,10
811,G,S,-1.675,0.7814,5,2,G,10
811,G,T,-1.059,0.3744,4,2,G,10
811,G,V,-4.28,0.8082,10,2,G,10
811,G,W,-4.534,0.5883,8,2,G,10
811,G,Y,-3.966,1.148,2.5,2,G,10
812,V,A,-0.3199,0.2544,4.5,2,V,10
812,V,C,-1.471,,0.5,1,V,10
812,V,D,-3.839,0.9298,2.5,2,V,10
812,V,E,-3.26,0.6831,2,2,V,10
812,V,F,0.465,0.3892,4.5,2,V,10
812,V,G,-2.453,2.541,1.5,2,V,10
812,V,H,-0.5481,0.163,5,2,V,10
812,V,I,-0.5891,,1.5,1,V,10
812,V,K,-3.93,0.9475,3,2,V,10
812,V,L,0.2861,0.5056,9.5,2,V,10
812,V,M,-0.3127,0.4931,3.5,2,V,10
812,V,N,-4.456,0.08202,9,2,V,10
812,V,P,-4.107,0.5261,5,2,V,10
812,V,Q,-0.0059,0.5627,3.5,2,V,10
812,V,R,-3.37,,1,1,V,10
812,V,S,-3.986,1.418,2.5,2,V,10
812,V,T,-0.343,1.532,5,2,V,10
812,V,V,0,0,,2,V,10
812,V,W,0.1269,0.4479,3.5,2,V,10
812,V,Y,0.02877,0.101,3.5,2,V,10
813,N,-,-1.504,,0.5,1,N,10
813,N,A,-1.645,1.922,4,2,N,10
813,N,C,-1.197,0.1273,7.5,2,N,10
813,N,D,0.1147,0.2526,8.5,2,N,10
813,N,E,0.01035,0.3181,4,2,N,10
813,N,F,-0.1538,1.165,5,2,N,10
813,N,G,0.7551,,1,1,N,10
813,N,H,0.4982,0.1861,3.5,2,N,10
813,N,I,-2.587,0.009192,4,2,N,10
813,N,K,-0.02845,0.2693,4,2,N,10
813,N,L,-1.751,0.2496,3.5,2,N,10
813,N,M,-4.949,,2,1,N,10
813,N,N,0,0,,2,N,10
813,N,P,-4.905,0.05162,2.5,2,N,10
813,N,Q,-0.0558,0.2042,6,2,N,10
813,N,R,-1.056,1.088,2,2,N,10
813,N,S,0.0455,0.9171,3,2,N,10
813,N,T,-0.0789,0.2536,7,2,N,10
813,N,V,-1.284,0.4503,4.5,2,N,10
813,N,W,-1.504,0.05728,5.5,2,N,10
813,N,Y,-0.108,0.8767,2.5,2,N,10
814,D,A,0.5776,,2,1,D,10
814,D,C,-1.985,2.294,2.5,2,D,10
814,D,D,0,0,,2,D,10
814,D,E,-0.5005,0.2749,8.5,2,D,10
814,D,F,-0.9738,1.97,4.5,2,D,10
814,D,G,0.1789,0.04731,4,2,D,10
814,D,H,0.1517,0.9607,4.5,2,D,10
814,D,I,0.6328,0.1458,5.5,2,D,10
814,D,K,0.7517,,0.5,1,D,10
814,D,L,0.217,0.7282,3.5,2,D,10
814,D,M,0.3392,0.434,1.5,2,D,10
814,D,N,-0.3033,1.322,6.5,2,D,10
814,D,P,-4.234,0.8118,3.5,2,D,10
814,D,Q,0.6649,0.2022,4,2,D,10
814,D,R,0.5403,,1.5,1,D,10
814,D,T,0.6974,0.09426,5.5,2,D,10
814,D,V,-0.2227,0.4216,3,2,D,10
814,D,W,-0.02575,0.4241,3.5,2,D,10
814,D,Y,-0.7119,0.785,12,2,D,10
815,A,A,0,0,,2,A,10
815,A,C,-0.9578,0.5475,7,2,A,10
815,A,D,-0.6216,0.2628,7.5,2,A,10
815,A,E,-0.135,1.339,3.5,2,A,10
815,A,F,-3.232,0.915,3,2,A,10
815,A,G,-0.3878,0.7715,3,2,A,10
815,A,H,0.6482,0.1942,2.5,2,A,10
815,A,I,-1.038,,2,1,A,10
815,A,K,0.7946,0.05572,2,2,A,10
815,A,L,-1.521,0.6633,1.5,2,A,10
815,A,M,-0.6616,1.252,4.5,2,A,10
815,A,N,-3.202,1.413,3,2,A,10
815,A,P,-3.315,0.1386,1.5,2,A,10
815,A,Q,0.4249,0.05091,4,2,A,10
815,A,R,0.4401,0.4245,2,2,A,10
815,A,S,-0.9306,0.4403,8.5,2,A,10
815,A,T,-2.25,0.577,9.5,2,A,10
815,A,V,-0.5739,0.06972,8,2,A,10
815,A,W,-2.248,2.358,2.5,2,A,10
815,A,Y,0.8135,,2,1,A,10
816,I,A,-2.959,0.379,3,2,I,10
816,I,C,-3.487,0.03465,5,2,I,10
816,I,D,-3.658,0.6095,4,2,I,10
816,I,E,-4.14,0.1287,7.5,2,I,10
816,I,F,0.4677,0.4942,1.5,2,I,10
816,I,G,-3.885,1.394,3,2,I,10
816,I,H,-0.0445,1.235,1.5,2,I,10
816,I,I,0,0,,2,I,10
816,I,K,-3.438,1.457,1.5,2,I,10
816,I,L,0.6299,,2.5,1,I,10
816,I,M,-0.2409,,2.5,1,I,10
816,I,N,-4.118,,2,1,I,10
816,I,P,-4.31,,1,1,I,10
816,I,Q,-0.9099,2.468,1.5,2,I,10
816,I,R,-4.032,1.083,3,2,I,10
816,I,S,-3.902,0.9086,1.5,2,I,10
816,I,T,-3.592,1.966,2.5,2,I,10
816,I,V,0.0406,1.132,2,2,I,10
816,I,W,-2.984,2.039,1,2,I,10
816,I,Y,-0.1592,0.2566,2,2,I,10
817,T,A,0.3438,0.1203,4,2,T,10
817,T,C,-0.3492,0.494,3.5,2,T,10
817,T,D,0.07275,0.1845,3.5,2,T,10
817,T,E,0.5069,0.4033,4.5,2,T,10
817,T,F,-0.8236,0.5407,8.5,2,T,10
817,T,G,-0.6716,1.668,2,2,T,10
817,T,H,0.3817,0.3212,5.5,2,T,10
817,T,I,-0.1513,0.6114,4.5,2,T,10
817,T,K,0.1079,0.3342,3,2,T,10
817,T,L,-0.07555,0.02425,7.5,2,T,10
817,T,M,-0.3175,0.1302,3,2,T,10
817,T,N,-0.4428,0.1469,5,2,T,10
817,T,P,-3.764,0.8139,3,2,T,10
817,T,Q,-1.153,0.2135,3.5,2,T,10
817,T,R,0.02014,,1.5,1,T,10
817,T,S,-0.1093,0.5733,5,2,T,10
817,T,T,0,0,,2,T,10
817,T,V,-0.5181,0.2708,2.5,2,T,10
817,T,W,-1.047,0.5374,2.5,2,T,10
817,T,Y,0.2011,0.6837,1.5,2,T,10
818,Q,*,-3.564,1.587,2,2,Q,10
818,Q,A,-1.679,0.8096,4,2,Q,10
818,Q,C,-0.964,0.3676,3.5,2,Q,10
818,Q,D,-0.7088,1.211,3,2,Q,10
818,Q,E,-0.0896,0.0331,4.5,2,Q,10
818,Q,F,-0.6068,0.4401,4,2,Q,10
818,Q,G,0.2515,0.5684,1.5,2,Q,10
818,Q,H,-0.09365,0.8253,12,2,Q,10
818,Q,I,-0.8778,0.5774,2.5,2,Q,10
818,Q,K,-0.4461,0.0705,11.5,2,Q,10
818,Q,L,-0.71,0.1759,3.5,2,Q,10
818,Q,M,0.6882,0.1444,1.5,2,Q,10
818,Q,N,-0.5939,1.369,2,2,Q,10
818,Q,P,-4.066,0.02263,4.5,2,Q,10
818,Q,Q,0,0,,2,Q,10
818,Q,R,-0.9358,0.5872,7.5,2,Q,10
818,Q,S,0.7214,0.04462,2,2,Q,10
818,Q,T,0.2552,0.05374,5,2,Q,10
818,Q,V,0.0248,0.9545,4,2,Q,10
818,Q,W,-0.04865,1.133,2,2,Q,10
818,Q,Y,-0.5232,0.4454,4,2,Q,10
819,T,A,-0.6853,0.6742,3,2,T,10
819,T,C,-1.546,0.7403,1.5,2,T,10
819,T,D,-3.606,0.08697,3.5,2,T,10
819,T,E,-0.2846,0.9505,1.5,2,T,10
819,T,F,-2.754,0.5515,3,2,T,10
819,T,G,-0.3181,0.9164,2.5,2,T,10
819,T,H,0.133,0.9936,4.5,2,T,10
819,T,I,-4.905,0.09829,5.5,2,T,10
819,T,K,-1.332,0.9446,5.5,2,T,10
819,T,L,-4.855,,1,1,T,10
819,T,M,-3.733,0.1018,8.5,2,T,10
819,T,N,-0.07175,1.052,2.5,2,T,10
819,T,P,-4.019,0.6032,6.5,2,T,10
819,T,Q,0.4669,0.5279,3,2,T,10
819,T,R,-2.748,0.5805,9,2,T,10
819,T,S,0.0162,0.4272,3,2,T,10
819,T,T,0,0,,2,T,10
819,T,V,-3.988,0.869,4.5,2,T,10
819,T,W,-1.758,0.4674,5,2,T,10
819,T,Y,0.5326,0.3458,3.5,2,T,10
820,S,A,-2.889,0.4483,4.5,2,S,10
820,S,C,-0.4005,1.155,3.5,2,S,10
820,S,D,0.6229,,1.5,1,S,10
820,S,E,-0.4091,,0.5,1,S,10
820,S,F,-4.912,0.0898,6,2,S,10
820,S,G,-0.07285,1.249,1,2,S,10
820,S,H,0.5849,,1.5,1,S,10
820,S,I,-4.912,0.06364,7,2,S,10
820,S,K,-4.659,0.227,4.5,2,S,10
820,S,L,-4.882,0.06081,2,2,S,10
820,S,M,-4.911,0.06718,2.5,2,S,10
820,S,N,0.1778,,1,1,S,10
820,S,P,-3.769,0.9949,3.5,2,S,10
820,S,Q,0.1431,0.3408,3.5,2,S,10
820,S,R,-4.894,,5,1,S,10
820,S,S,0,0,,2,S,10
820,S,T,0.3388,0.327,7,2,S,10
820,S,V,-4.902,0.07849,4.5,2,S,10
820,S,W,-4.811,0.0297,4.5,2,S,10
820,S,Y,-2.713,1.204,2,2,S,10
821,Q,*,-4.894,0.1039,5.5,2,Q,10
821,Q,A,0.5689,0.2071,4.5,2,Q,10
821,Q,C,-0.0525,0.3915,4.5,2,Q,10
821,Q,D,0.5776,0.1911,4,2,Q,10
821,Q,E,0.2427,,0.5,1,Q,10
821,Q,F,0.3948,0.5529,5,2,Q,10
821,Q,G,0.4776,0.4944,6.5,2,Q,10
821,Q,H,-0.2601,1.374,5.5,2,Q,10
821,Q,I,-1.526,1.61,1.5,2,Q,10
821,Q,K,-0.06989,0.1764,12.5,2,Q,10
821,Q,L,0.1315,0.125,7,2,Q,10
821,Q,M,-0.2315,0.2709,6.5,2,Q,10
821,Q,N,-0.2484,0.2501,4.5,2,Q,10
821,Q,P,-4.025,0.8499,4.5,2,Q,10
821,Q,Q,0,0,,2,Q,10
821,Q,R,-0.9017,1.013,7,2,Q,10
821,Q,S,0.6395,,0.5,1,Q,10
821,Q,T,0.3345,0.09702,4,2,Q,10
821,Q,V,0.7868,0.0408,2.5,2,Q,10
821,Q,W,-0.2439,0.2554,5,2,Q,10
821,Q,Y,-0.9194,2.034,4,2,Q,10
822,A,-,-3.72,,0.5,1,A,10
822,A,A,0,0,,2,A,10
822,A,C,-0.7017,0.4275,3,2,A,10
822,A,D,0.5894,0.2407,4.5,2,A,10
822,A,E,-0.0306,0.7139,3,2,A,10
822,A,F,-1.895,0.5982,5.5,2,A,10
822,A,G,0.4964,0.4014,3,2,A,10
822,A,H,0.02525,0.453,3.5,2,A,10
822,A,I,-0.3841,0.146,4,2,A,10
822,A,K,0.0883,0.9034,2.5,2,A,10
822,A,L,-2.897,2.67,3,2,A,10
822,A,M,-0.5468,,1.5,1,A,10
822,A,N,-0.6164,1.24,3,2,A,10
822,A,P,-4.307,0.7467,3.5,2,A,10
822,A,Q,-1.583,1.622,3.5,2,A,10
822,A,R,-1.216,1.668,2,2,A,10
822,A,S,0.5454,0.3181,7,2,A,10
822,A,T,0.2814,0.2233,8.5,2,A,10
822,A,V,-0.2062,0.6235,5.5,2,A,10
822,A,W,-1.167,1.033,4.5,2,A,10
822,A,Y,0.5672,0.05409,3.5,2,A,10
823,L,-,-4.37,,0.5,1,L,10
823,L,A,0.7597,,1.5,1,L,10
823,L,C,-0.04905,0.261,2,2,L,10
823,L,D,-4.409,0.6109,2.5,2,L,10
823,L,E,-3.431,1.804,3,2,L,10
823,L,F,-0.741,0.8994,2.5,2,L,10
823,L,G,-3.654,0.04596,1.5,2,L,10
823,L,H,-1.053,0.1111,4.5,2,L,10
823,L,I,0.7186,0.05735,8.5,2,L,10
823,L,K,-1.231,,1,1,L,10
823,L,L,0,0,,2,L,10
823,L,M,0.7093,0.1211,4,2,L,10
823,L,N,-3.967,0.5629,3.5,2,L,10
823,L,P,-3.963,0.5961,4.5,2,L,10
823,L,Q,-0.6327,0.426,4.5,2,L,10
823,L,R,-4.195,0.2178,5,2,L,10
823,L,S,-3.492,1.848,3.5,2,L,10
823,L,T,0.7906,0.04596,1,2,L,10
823,L,V,0.4786,0.3627,5.5,2,L,10
823,L,W,0.2598,0.7138,4,2,L,10
823,L,Y,0.5942,0.04228,4,2,L,10
824,Q,*,-2.527,3.017,1,2,Q,10
824,Q,A,0.2152,0.8627,2,2,Q,10
824,Q,C,-1.916,0.06152,4.5,2,Q,10
824,Q,D,0.1042,0.06217,3.5,2,Q,10
824,Q,E,-1.444,3.216,1.5,2,Q,10
824,Q,F,-0.3924,1.037,3.5,2,Q,10
824,Q,G,0.3574,0.2444,5,2,Q,10
824,Q,H,-1.171,1.582,13.5,2,Q,10
824,Q,I,-1.256,0.1372,5,2,Q,10
824,Q,K,-0.08425,0.5491,5,2,Q,10
824,Q,L,-0.4971,0.8696,4.5,2,Q,10
824,Q,M,-0.8076,0.1127,7,2,Q,10
824,Q,N,-1.999,,0.5,1,Q,10
824,Q,P,-2.463,0.4455,6,2,Q,10
824,Q,Q,0,0,,2,Q,10
824,Q,R,0.3597,0.3304,2.5,2,Q,10
824,Q,S,0.713,,1,1,Q,10
824,Q,T,0.2708,0.7707,3,2,Q,10
824,Q,V,0.2222,0.7054,3.5,2,Q,10
824,Q,W,-0.05945,0.3993,6,2,Q,10
824,Q,Y,-0.7368,,1,1,Q,10
825,T,-,0.1142,,0.5,1,T,10
825,T,A,-2.47,1.532,2.5,2,T,10
825,T,C,-0.7606,0.5069,2,2,T,10
825,T,D,-0.4411,0.05798,5,2,T,10
825,T,E,-4.375,0.6958,7.5,2,T,10
825,T,F,-4.309,0.5127,2,2,T,10
825,T,G,0.4957,0.3174,4.5,2,T,10
825,T,H,-0.6068,,0.5,1,T,10
825,T,I,-4.933,0.09758,12.5,2,T,10
825,T,K,-4.337,0.8966,3.5,2,T,10
825,T,L,-2.695,0.2729,3.5,2,T,10
825,T,M,-2.305,0.8697,4,2,T,10
825,T,N,-0.2091,0.8914,5,2,T,10
825,T,P,-2.742,0.1039,3.5,2,T,10
825,T,Q,-3.721,1.427,5,2,T,10
825,T,R,-3.141,2.527,2,2,T,10
825,T,S,0.7661,0.09694,4.5,2,T,10
825,T,T,0,0,,2,T,10
825,T,V,-4.796,0.0601,5,2,T,10
825,T,W,-4.604,0.01768,3.5,2,T,10
825,T,Y,-1.875,0.5579,1,2,T,10
826,V,A,-0.7438,0.3878,4.5,2,V,10
826,V,C,-0.1651,0.3319,3,2,V,10
826,V,D,-4.9,0.08273,4.5,2,V,10
826,V,E,-4.896,0.1025,5,2,V,10
826,V,F,-1.698,0.07425,2.5,2,V,10
826,V,G,-4.787,0.1966,3,2,V,10
826,V,H,-4.588,0.3882,2.5,2,V,10
826,V,I,-4.54,0.2539,3.5,2,V,10
826,V,K,-3.632,,1,1,V,10
826,V,L,-4.893,0.04879,5,2,V,10
826,V,M,-4.02,0.5841,9.5,2,V,10
826,V,N,-4.855,0.1011,3.5,2,V,10
826,V,P,-4.785,0.1153,4.5,2,V,10
826,V,Q,-4.258,,1.5,1,V,10
826,V,R,-4.82,0.2107,6,2,V,10
826,V,S,-3,1.218,1,2,V,10
826,V,T,-0.9679,0.8685,4.5,2,V,10
826,V,V,0,0,,2,V,10
826,V,W,-3.785,1.521,3.5,2,V,10
826,V,Y,-3.632,1.062,3.5,2,V,10
827,A,-,0.697,,0.5,1,A,10
827,A,A,0,0,,2,A,10
827,A,C,-1.754,1.232,1.5,2,A,10
827,A,D,0.04718,0.0332,9,2,A,10
827,A,E,0.1884,0.6734,4.5,2,A,10
827,A,F,0.5678,0.1397,4,2,A,10
827,A,G,0.2427,0.6978,5,2,A,10
827,A,H,0.6815,0.06484,4,2,A,10
827,A,I,-0.1685,0.6054,5,2,A,10
827,A,K,0.0311,0.4831,5,2,A,10
827,A,L,-0.5925,0.3077,6.5,2,A,10
827,A,M,-0.6292,0.8766,3,2,A,10
827,A,N,-0.7319,0.778,3.5,2,A,10
827,A,P,-2.725,2.019,4.5,2,A,10
827,A,Q,0.4126,0.5466,3,2,A,10
827,A,R,0.2787,0.464,4.5,2,A,10
827,A,S,0.1012,0.03576,9,2,A,10
827,A,T,0.1639,0.006223,14,2,A,10
827,A,V,0.1904,0.131,7.5,2,A,10
827,A,W,-0.1126,0.3831,3,2,A,10
827,A,Y,-1.713,2.067,4.5,2,A,10
828,T,-,0.3322,,1,1,T,10
828,T,A,0.2439,0.6947,4,2,T,10
828,T,C,0.0711,0.9529,3.5,2,T,10
828,T,D,-1.093,1.055,3.5,2,T,10
828,T,E,-0.2509,0.07361,1.5,2,T,10
828,T,F,-0.5981,,1.5,1,T,10
828,T,G,-0.7921,0.7338,6,2,T,10
828,T,H,-0.4218,1.539,1.5,2,T,10
828,T,I,0.2708,0.1346,6.5,2,T,10
828,T,K,0.1647,0.2734,6.5,2,T,10
828,T,L,0.712,,1,1,T,10
828,T,M,0.1197,0.8859,1.5,2,T,10
828,T,N,0.0396,0.5135,4,2,T,10
828,T,P,-1.039,0.3488,4.5,2,T,10
828,T,Q,0.3487,0.04525,3.5,2,T,10
828,T,R,-0.09683,0.04818,4.5,2,T,10
828,T,T,0,0,,2,T,10
828,T,V,0.5756,0.2062,2,2,T,10
828,T,W,-0.5343,0.67,4.5,2,T,10
828,T,Y,-0.0829,0.8433,3.5,2,T,10
829,A,-,0.2794,,1,1,A,10
829,A,A,0,0,,2,A,10
829,A,C,-0.3754,1.648,4.5,2,A,10
829,A,D,-4.899,0.1549,2.5,2,A,10
829,A,E,-4.777,0.2468,4.5,2,A,10
829,A,F,-3.321,2.14,3,2,A,10
829,A,G,-4.835,0.1831,3,2,A,10
829,A,H,-4.933,,4.5,1,A,10
829,A,I,-4.799,0.05091,4.5,2,A,10
829,A,K,-4.827,0.1061,1,2,A,10
829,A,L,-3.894,1.505,4,2,A,10
829,A,M,-4.993,,1,1,A,10
829,A,N,-4.835,0.00495,4,2,A,10
829,A,P,-4.901,0.09546,3,2,A,10
829,A,Q,-4.399,0.623,2.5,2,A,10
829,A,R,-4.897,0.08061,2.5,2,A,10
829,A,S,-2.018,0.8676,5.5,2,A,10
829,A,T,0.1507,0.7654,4.5,2,A,10
829,A,V,-0.6677,1.055,5,2,A,10
829,A,W,-4.867,0.1153,1.5,2,A,10
829,A,Y,-4.827,0.2447,7.5,2,A,10
830,L,-,-3.47,,1.5,1,L,10
830,L,A,-1.037,0.08803,2.5,2,L,10
830,L,C,0.2543,0.344,4,2,L,10
830,L,D,-4.907,0.09051,4.5,2,L,10
830,L,E,-1.668,,0.5,1,L,10
830,L,F,-0.02025,0.191,7.5,2,L,10
830,L,G,-4.875,0.08202,1.5,2,L,10
830,L,H,-3.403,,1,1,L,10
830,L,I,0.5358,0.06512,14.5,2,L,10
830,L,K,-4.386,0.8181,7,2,L,10
830,L,L,0,0,,2,L,10
830,L,M,0.5678,0.1541,5,2,L,10
830,L,N,-3.345,0.06647,2.5,2,L,10
830,L,P,-4.848,0.2008,6.5,2,L,10
830,L,Q,0.2009,0.7369,3.5,2,L,10
830,L,R,-4.098,0.5643,2,2,L,10
830,L,S,-1.699,1.434,3.5,2,L,10
830,L,T,-1.683,1.203,3,2,L,10
830,L,V,0.2941,,1,1,L,10
830,L,W,-0.1828,0.2906,2.5,2,L,10
830,L,Y,-0.2067,0.4123,3.5,2,L,10
831,N,-,0.407,,1.5,1,N,10
831,N,A,-0.4626,1.114,2.5,2,N,10
831,N,D,0.0389,0.9252,2.5,2,N,10
831,N,E,-1.797,3.186,1.5,2,N,10
831,N,F,-1.163,0.2213,4,2,N,10
831,N,G,-0.7295,0.3246,2.5,2,N,10
831,N,H,0.0468,0.7508,3,2,N,10
831,N,I,-0.9438,0.1177,2.5,2,N,10
831,N,K,-0.3073,0.508,5,2,N,10
831,N,L,-1.589,0.3422,5,2,N,10
831,N,M,-0.9639,1.228,2.5,2,N,10
831,N,N,0,0,,2,N,10
831,N,P,-4.827,0.02263,5,2,N,10
831,N,Q,0.2519,0.2741,5,2,N,10
831,N,R,-0.208,0.3053,6,2,N,10
831,N,S,0.4513,0.2307,5.5,2,N,10
831,N,T,-0.112,0.1482,4,2,N,10
831,N,V,-0.6915,0.531,6.5,2,N,10
831,N,W,0.3674,0.3546,3.5,2,N,10
831,N,Y,0.01835,0.2453,2.5,2,N,10
832,K,-,0.2438,,0.5,1,K,10
832,K,A,-1.259,0.4228,4.5,2,K,10
832,K,C,-2.406,2.087,4.5,2,K,10
832,K,D,-4.293,0.961,5.5,2,K,10
832,K,E,-4.304,0.3203,4.5,2,K,10
832,K,F,-4.895,0.04455,3,2,K,10
832,K,G,-4.854,0.07566,5,2,K,10
832,K,H,-2.235,,1,1,K,10
832,K,I,-4.616,0.2234,6,2,K,10
832,K,K,0,0,,2,K,10
832,K,L,-2.681,0.4115,3.5,2,K,10
832,K,M,-2.253,0.705,8,2,K,10
832,K,N,-3.001,0.734,15,2,K,10
832,K,P,-4.24,1.001,2,2,K,10
832,K,Q,-1.287,0.6566,8,2,K,10
832,K,R,0.4697,0.1162,4.5,2,K,10
832,K,S,-2.35,0.4568,3,2,K,10
832,K,T,-2.532,0.3642,4,2,K,10
832,K,V,-4.674,0.2574,4,2,K,10
832,K,W,-4.959,,2.5,1,K,10
832,K,Y,-4.56,,2,1,K,10
833,I,-,0.4056,,0.5,1,I,10
833,I,A,-4.342,0.8584,4.5,2,I,10
833,I,C,-4.52,0.6088,3,2,I,10
833,I,D,-4.915,0.1252,1.5,2,I,10
833,I,E,-4.897,0.0792,6,2,I,10
833,I,F,-4.88,0.1039,6,2,I,10
833,I,G,-4.903,0.07637,6.5,2,I,10
833,I,H,-4.872,0.1075,5,2,I,10
833,I,I,0,0,,2,I,10
833,I,K,-4.842,0.1612,2.5,2,I,10
833,I,M,0.7642,0.01322,6,2,I,10
833,I,N,-4.899,0.07354,6,2,I,10
833,I,P,-4.904,0.07707,3,2,I,10
833,I,Q,-4.866,,2,1,I,10
833,I,R,-4.835,0.01131,5.5,2,I,10
833,I,S,-4.918,0.0693,5.5,2,I,10
833,I,T,-4.633,0.2751,4,2,I,10
833,I,V,-3.55,0.9185,5.5,2,I,10
833,I,W,-4.903,0.08344,4.5,2,I,10
833,I,Y,-4.896,0.08697,3,2,I,10
834,Q,*,-4.817,,1.5,1,Q,10
834,Q,-,-1.189,,0.5,1,Q,10
834,Q,A,-0.02005,0.7408,4.5,2,Q,10
834,Q,C,-2.139,0.9687,2,2,Q,10
834,Q,D,-0.0047,0.9963,1,2,Q,10
834,Q,E,-0.4284,0.1652,5,2,Q,10
834,Q,F,-0.01047,0.1447,3,2,Q,10
834,Q,G,-2.671,0.8768,3.5,2,Q,10
834,Q,H,0.06255,0.6392,14.5,2,Q,10
834,Q,I,-0.2267,1.504,4,2,Q,10
834,Q,K,0.7968,0.05777,8,2,Q,10
834,Q,L,-0.0373,0.4323,3.5,2,Q,10
834,Q,M,-0.4697,0.3805,5.5,2,Q,10
834,Q,N,0.418,0.4586,4,2,Q,10
834,Q,P,-4.905,0.09122,4.5,2,Q,10
834,Q,Q,0,0,,2,Q,10
834,Q,R,0.7319,0.1592,10.5,2,Q,10
834,Q,S,-1.387,0.1817,2,2,Q,10
834,Q,T,-0.6669,0.7652,2,2,Q,10
834,Q,V,-0.7861,1.017,3.5,2,Q,10
834,Q,W,-0.4544,,2,1,Q,10
834,Q,Y,-0.737,,1.5,1,Q,10
835,D,A,0.4806,0.3816,4,2,D,10
835,D,C,-0.1422,0.3406,2.5,2,D,10
835,D,D,0,0,,2,D,10
835,D,E,-0.4054,0.6062,4.5,2,D,10
835,D,F,0.3472,0.4695,5,2,D,10
835,D,G,0.2046,0.4678,2,2,D,10
835,D,H,-0.3299,1.202,2,2,D,10
835,D,I,-2.884,1.42,5,2,D,10
835,D,K,0.3306,0.6877,2.5,2,D,10
835,D,L,0.0251,0.7747,6,2,D,10
835,D,M,-0.3949,1.352,3,2,D,10
835,D,N,-0.1439,0.7125,12.5,2,D,10
835,D,P,-4.893,0.1075,3,2,D,10
835,D,Q,-0.2222,0.1134,2.5,2,D,10
835,D,R,-0.4812,0.786,3,2,D,10
835,D,S,0.04115,0.6236,2.5,2,D,10
835,D,T,-0.445,1.221,3.5,2,D,10
835,D,V,0.2035,0.6118,4,2,D,10
835,D,W,0.7331,0.06272,4.5,2,D,10
835,D,Y,-0.3221,0.07509,7,2,D,10
836,V,-,-4.869,,0.5,1,V,10
836,V,A,-0.5911,0.1273,8.5,2,V,10
836,V,C,-4.387,,2,1,V,10
836,V,D,-4.739,0.1117,4.5,2,V,10
836,V,E,-4.841,0.0007071,4.5,2,V,10
836,V,F,-4.904,0.05374,8,2,V,10
836,V,G,-4.895,0.07212,4.5,2,V,10
836,V,H,-4.893,0.08839,3,2,V,10
836,V,I,-4.157,0.5862,9.5,2,V,10
836,V,K,-4.771,0.08697,5,2,V,10
836,V,L,-4.929,,0.5,1,V,10
836,V,M,-4.763,0.2659,6,2,V,10
836,V,N,-4.679,0.3861,2.5,2,V,10
836,V,P,-4.851,0.008485,2.5,2,V,10
836,V,Q,-4.886,0.0891,2.5,2,V,10
836,V,R,-4.644,0.4504,3.5,2,V,10
836,V,S,-4.821,0.2065,9,2,V,10
836,V,T,-1.695,,2,1,V,10
836,V,V,0,0,,2,V,10
836,V,W,-4.874,0.07142,5,2,V,10
836,V,Y,-4.158,1.121,2.5,2,V,10
837,V,-,-3.608,,0.5,1,V,10
837,V,A,0.2137,0.4759,4,2,V,10
837,V,C,0.3938,0.481,4,2,V,10
837,V,D,-4.14,0.8966,4,2,V,10
837,V,E,-4.797,0.1605,8.5,2,V,10
837,V,F,-3.048,2.416,2,2,V,10
837,V,G,-4.777,0.0502,3.5,2,V,10
837,V,H,-0.775,0.2202,9,2,V,10
837,V,I,-0.3117,0.1179,1.5,2,V,10
837,V,K,-2.54,,1,1,V,10
837,V,L,0.6936,0.06824,6.5,2,V,10
837,V,M,-1.383,2.569,6.5,2,V,10
837,V,N,-2.912,2.718,1.5,2,V,10
837,V,P,-4.87,0.1372,3,2,V,10
837,V,Q,0.1758,0.6138,2,2,V,10
837,V,R,-1.832,0.4073,2,2,V,10
837,V,S,-3.084,0.874,3,2,V,10
837,V,T,-1.905,0.9786,5.5,2,V,10
837,V,V,0,0,,2,V,10
837,V,W,-2.59,1.607,3,2,V,10
837,V,Y,-0.8551,0.1801,3.5,2,V,10
838,N,-,-3.544,,0.5,1,N,10
838,N,A,0.1132,0.2617,5,2,N,10
838,N,C,0.5746,0.2608,4,2,N,10
838,N,D,-1.372,0.3458,4.5,2,N,10
838,N,E,0.4142,0.4937,5.5,2,N,10
838,N,F,0.4703,0.1749,4.5,2,N,10
838,N,G,-0.351,1.003,5.5,2,N,10
838,N,H,0.1222,0.8591,3.5,2,N,10
838,N,I,-0.0041,0.3548,4,2,N,10
838,N,K,0.3014,0.2675,3,2,N,10
838,N,L,0.4311,0.4792,4.5,2,N,10
838,N,M,-0.03855,0.1536,4,2,N,10
838,N,N,0,0,,2,N,10
838,N,P,-4.776,0.244,4,2,N,10
838,N,Q,-0.8268,1.639,3.5,2,N,10
838,N,R,0.547,0.2845,3.5,2,N,10
838,N,S,0.8101,,1.5,1,N,10
838,N,T,0.7338,0.1397,4.5,2,N,10
838,N,V,-0.1497,1.017,2,2,N,10
838,N,W,-0.2383,1.02,3,2,N,10
838,N,Y,0.0557,0.2278,8.5,2,N,10
839,Q,*,-4.825,0.2135,6.5,2,Q,10
839,Q,-,-4.93,,0.5,1,Q,10
839,Q,A,-0.1378,0.4998,2.5,2,Q,10
839,Q,C,-1.007,0.9529,5.5,2,Q,10
839,Q,D,-0.7406,1.299,3.5,2,Q,10
839,Q,E,-0.3885,1.542,3,2,Q,10
839,Q,F,-2.21,3.531,3.5,2,Q,10
839,Q,G,-0.4652,0.1819,4.5,2,Q,10
839,Q,H,-0.996,0.7015,7,2,Q,10
839,Q,I,-1.064,0.2018,3.5,2,Q,10
839,Q,K,-0.2266,0.2011,8,2,Q,10
839,Q,L,-1.086,0.03041,5,2,Q,10
839,Q,M,-0.05343,0.02133,4.5,2,Q,10
839,Q,N,0.4267,0.3509,2.5,2,Q,10
839,Q,P,-4.883,0.06647,2,2,Q,10
839,Q,Q,0,0,,2,Q,10
839,Q,R,-0.01403,0.1255,6,2,Q,10
839,Q,S,0.179,0.5411,6.5,2,Q,10
839,Q,T,0.7432,,1.5,1,Q,10
839,Q,V,-0.6654,0.4711,3.5,2,Q,10
839,Q,W,0.4848,0.102,1.5,2,Q,10
839,Q,Y,-1.333,1.353,3,2,Q,10
840,Q,*,-4.869,0.08556,3,2,Q,10
840,Q,A,0.7082,0.03309,1.5,2,Q,10
840,Q,C,-1.301,0.02051,4,2,Q,10
840,Q,D,-4.622,0.2807,4,2,Q,10
840,Q,E,-0.5981,0.6051,4.5,2,Q,10
840,Q,F,-0.8245,0.1468,3.5,2,Q,10
840,Q,G,-1.425,1.075,3.5,2,Q,10
840,Q,H,0.3194,0.04405,12.5,2,Q,10
840,Q,I,-1.052,0.4037,3,2,Q,10
840,Q,K,0.3902,0.624,2.5,2,Q,10
840,Q,L,0.4307,0.3745,5,2,Q,10
840,Q,M,-0.8622,0.2754,3,2,Q,10
840,Q,N,0.1082,0.4221,6,2,Q,10
840,Q,P,-4.433,0.6095,3.5,2,Q,10
840,Q,Q,0,0,,2,Q,10
840,Q,R,0.6813,0.06286,5,2,Q,10
840,Q,S,-4.798,,1.5,1,Q,10
840,Q,T,-3.891,1.529,5,2,Q,10
840,Q,V,-1.236,2.397,2,2,Q,10
840,Q,W,0.3821,0.5401,7.5,2,Q,10
840,Q,Y,0.6723,,1,1,Q,10
841,G,A,0.3873,0.612,3.5,2,G,10
841,G,C,-0.06805,0.3429,8.5,2,G,10
841,G,D,-1.293,1.406,13.5,2,G,10
841,G,E,-0.5287,1.61,2.5,2,G,10
841,G,F,0.2175,0.5023,5.5,2,G,10
841,G,G,0,0,,2,G,10
841,G,H,0.516,0.3643,4,2,G,10
841,G,I,0.7464,,3.5,1,G,10
841,G,K,0.3832,0.5335,2,2,G,10
841,G,L,0.1185,,1.5,1,G,10
841,G,M,-0.07392,0.1905,2.5,2,G,10
841,G,N,-4.678,0.2128,4.5,2,G,10
841,G,P,-1.49,0.8521,5,2,G,10
841,G,Q,0.3321,0.5881,6.5,2,G,10
841,G,R,0.6478,0.1653,7,2,G,10
841,G,S,-1.942,3.837,5.5,2,G,10
841,G,T,0.7649,,0.5,1,G,10
841,G,V,0.7163,0.03472,8,2,G,10
841,G,W,0.7253,0.1626,4,2,G,10
841,G,Y,0.5692,0.3891,2.5,2,G,10
842,N,A,0.8043,,3.5,1,N,10
842,N,C,-1.858,1.65,4.5,2,N,10
842,N,D,-0.9415,1.259,7,2,N,10
842,N,E,-0.2454,,2.5,1,N,10
842,N,F,-0.3393,1.482,5,2,N,10
842,N,G,-1.34,,3.5,1,N,10
842,N,H,0.5725,0.3451,3.5,2,N,10
842,N,I,0.1418,0.2756,1.5,2,N,10
842,N,K,-0.3582,1.039,2,2,N,10
842,N,L,-0.7316,0.4064,4,2,N,10
842,N,M,-0.3255,1.534,1.5,2,N,10
842,N,N,0,0,,2,N,10
842,N,P,-4.926,0.09263,4.5,2,N,10
842,N,Q,0.08631,0.2045,1.5,2,N,10
842,N,R,0.756,0.07729,2,2,N,10
842,N,S,0.2409,0.7443,3.5,2,N,10
842,N,T,-0.2275,0.7682,1.5,2,N,10
842,N,V,0.09115,0.2771,4,2,N,10
842,N,W,-1.146,0.215,1.5,2,N,10
842,N,Y,-0.1743,0.117,5,2,N,10
843,S,-,0.5888,,0.5,1,S,10
843,S,A,0.7926,0.04738,3,2,S,10
843,S,C,0.5432,0.1486,3,2,S,10
843,S,D,-0.9115,,2.5,1,S,10
843,S,E,-0.7234,0.4393,3.5,2,S,10
843,S,F,-1.515,0.903,8.5,2,S,10
843,S,G,-1.708,,1,1,S,10
843,S,H,0.4196,0.2564,4.5,2,S,10
843,S,I,0.6144,0.2788,1,2,S,10
843,S,K,-0.1026,0.04666,5,2,S,10
843,S,L,0.4155,0.1001,3,2,S,10
843,S,M,0.6132,0.2983,2.5,2,S,10
843,S,N,0.2705,0.7995,3,2,S,10
843,S,P,-4.873,0.03748,6,2,S,10
843,S,Q,0.4225,0.09666,3.5,2,S,10
843,S,R,-0.05199,0.08162,5,2,S,10
843,S,S,0,0,,2,S,10
843,S,T,0.5944,0.2227,1.5,2,S,10
843,S,V,0.2667,0.3635,5,2,S,10
843,S,W,0.3883,0.5238,2,2,S,10
843,S,Y,-2.173,2.001,7,2,S,10
844,L,-,-0.1347,,0.5,1,L,10
844,L,A,-4.813,0.01131,5,2,L,10
844,L,C,-4.895,0.08627,5,2,L,10
844,L,D,-1.703,,0.5,1,L,10
844,L,E,-4.902,0.128,3,2,L,10
844,L,F,-4.407,0.6173,5,2,L,10
844,L,G,-4.89,0.08697,4,2,L,10
844,L,H,-4.918,0.1266,6,2,L,10
844,L,I,0.2347,0.4642,4,2,L,10
844,L,K,-4.716,0.3033,2,2,L,10
844,L,L,0,0,,2,L,10
844,L,M,-1.402,0.2128,13,2,L,10
844,L,N,-3.591,1.608,6,2,L,10
844,L,P,-4.88,0.06718,2.5,2,L,10
844,L,Q,-4.835,0.1322,6,2,L,10
844,L,R,-3.949,0.02475,3,2,L,10
844,L,S,-4.899,0.07566,2.5,2,L,10
844,L,T,-4.909,0.09829,6,2,L,10
844,L,V,-0.3022,0.14,2,2,L,10
844,L,W,-4.891,0.04808,8.5,2,L,10
844,L,Y,-4.931,,0.5,1,L,10
845,N,-,-1.066,,0.5,1,N,10
845,N,A,0.5887,0.05954,3.5,2,N,10
845,N,C,-1.23,,0.5,1,N,10
845,N,D,-3.78,1.517,1,2,N,10
845,N,E,-0.06257,0.0996,3.5,2,N,10
845,N,F,-3.687,,2,1,N,10
845,N,G,-0.3958,0.1271,2.5,2,N,10
845,N,H,-0.3755,,1.5,1,N,10
845,N,I,-0.6047,,1.5,1,N,10
845,N,K,-0.4237,1.17,8,2,N,10
845,N,L,0.5556,0.1288,2,2,N,10
845,N,M,-0.5923,1.591,2.5,2,N,10
845,N,N,0,0,,2,N,10
845,N,P,-3.268,2.447,3.5,2,N,10
845,N,Q,-1.057,0.2645,4,2,N,10
845,N,R,0.7115,0.04688,3,2,N,10
845,N,S,0.05285,0.3217,3.5,2,N,10
845,N,T,-0.2232,0.7939,4.5,2,N,10
845,N,V,0.06245,0.8395,4.5,2,N,10
845,N,W,-0.5524,0.6194,4,2,N,10
845,N,Y,-0.4906,0.9255,7,2,N,10
846,H,-,-2.515,,0.5,1,H,10
846,H,A,-0.2165,0.1058,5.5,2,H,10
846,H,C,-0.2601,0.6295,2.5,2,H,10
846,H,D,-0.7019,1.208,1,2,H,10
846,H,E,0.5016,0.3367,2,2,H,10
846,H,F,-4.194,,2,1,H,10
846,H,G,-3.98,0.5784,6.5,2,H,10
846,H,H,0,0,,2,H,10
846,H,I,-3.861,1.544,4.5,2,H,10
846,H,K,-1.499,1.115,5.5,2,H,10
846,H,L,-0.953,0.4766,5.5,2,H,10
846,H,M,-0.865,0.3224,4,2,H,10
846,H,N,-4.91,0.05798,14.5,2,H,10
846,H,P,-4.871,0.04243,5,2,H,10
846,H,Q,0.1627,0.7319,3,2,H,10
846,H,R,0.1335,0.5411,3,2,H,10
846,H,S,-0.9884,1.4,3.5,2,H,10
846,H,T,-0.2195,0.1374,3,2,H,10
846,H,V,-0.1726,1.252,1.5,2,H,10
846,H,W,-0.7005,1.087,2.5,2,H,10
846,H,Y,-4.189,1.107,3.5,2,H,10
847,L,-,-1.098,,0.5,1,L,10
847,L,A,-4.893,0.08344,3.5,2,L,10
847,L,C,-4.904,0.0891,5.5,2,L,10
847,L,D,-4.894,0.07778,1.5,2,L,10
847,L,E,-4.815,0.1923,6,2,L,10
847,L,F,-4.903,0.07778,6,2,L,10
847,L,G,-4.857,0.1011,2.5,2,L,10
847,L,H,-4.879,0.08697,2.5,2,L,10
847,L,I,-4.881,0.06859,2.5,2,L,10
847,L,K,-4.835,0.1655,7,2,L,10
847,L,L,0,0,,2,L,10
847,L,M,-4.894,0.05445,11,2,L,10
847,L,N,-4.93,,1,1,L,10
847,L,P,-4.83,0.1937,8.5,2,L,10
847,L,Q,-4.608,0.3196,3.5,2,L,10
847,L,R,-4.892,0.09334,3,2,L,10
847,L,S,-2.65,2.774,3.5,2,L,10
847,L,T,-4.915,0.09263,5.5,2,L,10
847,L,V,-4.693,0.2164,4.5,2,L,10
847,L,W,-4.907,0.09263,2.5,2,L,10
847,L,Y,-4.655,0.2213,4,2,L,10
848,T,-,-3.39,,1,1,T,10
848,T,A,0.3793,0.4287,4,2,T,10
848,T,C,-0.4967,0.3732,2.5,2,T,10
848,T,D,-4.504,,1,1,T,10
848,T,E,-0.5693,0.1297,6,2,T,10
848,T,F,-0.8241,0.2799,2,2,T,10
848,T,G,-1.756,0.6413,2.5,2,T,10
848,T,H,-0.08055,0.5656,6.5,2,T,10
848,T,I,0.3572,0.4453,8,2,T,10
848,T,K,-1.246,0.3567,7,2,T,10
848,T,L,0.374,0.03656,4,2,T,10
848,T,M,-0.6227,0.01895,4,2,T,10
848,T,N,0.1642,0.8187,7.5,2,T,10
848,T,P,-4.842,0.003536,4.5,2,T,10
848,T,Q,0.588,0.1777,3.5,2,T,10
848,T,R,-0.8202,0.5512,4,2,T,10
848,T,S,0.6091,0.2193,4.5,2,T,10
848,T,T,0,0,,2,T,10
848,T,V,0.3673,0.2326,3.5,2,T,10
848,T,W,-0.3965,0.165,5.5,2,T,10
848,T,Y,0.3264,0.07785,6,2,T,10
849,S,-,-2.125,,1,1,S,10
849,S,A,-0.08295,0.402,4,2,S,10
849,S,C,-1.787,1.224,6,2,S,10
849,S,D,-1.944,0.1138,2.5,2,S,10
849,S,E,-0.2409,0.1959,5.5,2,S,10
849,S,F,-0.7891,0.08033,8.5,2,S,10
849,S,G,-0.5784,0.2915,4,2,S,10
849,S,H,-0.4915,0.8209,8,2,S,10
849,S,I,-0.8296,0.6384,8,2,S,10
849,S,K,-0.4773,,1.5,1,S,10
849,S,L,-0.6924,1.137,3.5,2,S,10
849,S,M,0.3726,0.3402,4,2,S,10
849,S,N,-1.183,0.4357,4.5,2,S,10
849,S,P,-4.889,0.1039,3,2,S,10
849,S,Q,-1.203,1.32,1.5,2,S,10
849,S,R,0.06355,0.5361,5,2,S,10
849,S,S,0,0,,2,S,10
849,S,T,-0.065,0.7893,5,2,S,10
849,S,V,-0.5814,1.339,1.5,2,S,10
849,S,W,-0.9829,0.1104,4,2,S,10
849,S,Y,-0.3548,0.4675,2.5,2,S,10
850,Q,*,-4.049,1.078,3,2,Q,10
850,Q,-,-0.7141,,1,1,Q,10
850,Q,A,-1.958,0.0502,3.5,2,Q,10
850,Q,C,-3.749,0.1584,3,2,Q,10
850,Q,D,-4.968,,2.5,1,Q,10
850,Q,E,-2.446,0.2121,5,2,Q,10
850,Q,F,-4.405,0.5848,5.5,2,Q,10
850,Q,G,-4.145,0.7156,6,2,Q,10
850,Q,H,-2.268,0.9843,16,2,Q,10
850,Q,I,-1.121,2.478,2,2,Q,10
850,Q,K,-0.9734,0.00792,8.5,2,Q,10
850,Q,L,-1.364,1.097,4,2,Q,10
850,Q,M,0.1047,0.04184,3.5,2,Q,10
850,Q,N,-2.263,0.2192,3.5,2,Q,10
850,Q,P,-4.452,0.5013,3,2,Q,10
850,Q,Q,0,0,,2,Q,10
850,Q,R,-3.006,1.241,7,2,Q,10
850,Q,S,-0.2271,0.9088,3,2,Q,10
850,Q,T,-1.381,1.061,4.5,2,Q,10
850,Q,V,-0.5355,,0.5,1,Q,10
850,Q,W,-3.578,1.896,5.5,2,Q,10
850,Q,Y,-1.565,0.3444,3.5,2,Q,10
851,L,-,-2.133,0.862,1.5,2,L,10
851,L,A,-3.131,2.545,2,2,L,10
851,L,C,-4.892,0.09475,4.5,2,L,10
851,L,D,-4.909,0.1301,4.5,2,L,10
851,L,E,-4.912,0.09405,3.5,2,L,10
851,L,F,-4.812,0.05162,1.5,2,L,10
851,L,G,-3.889,1.528,3,2,L,10
851,L,H,-4.899,0.04525,4.5,2,L,10
851,L,I,-3.497,2.071,3.5,2,L,10
851,L,K,-4.252,0.2835,3.5,2,L,10
851,L,L,0,0,,2,L,10
851,L,M,-4.861,0.1541,5,2,L,10
851,L,N,-4.921,0.1237,4,2,L,10
851,L,P,-4.671,0.4511,3.5,2,L,10
851,L,Q,-4.72,0.1464,2.5,2,L,10
851,L,R,-4.922,0.1195,7,2,L,10
851,L,S,-4.881,0.09192,2.5,2,L,10
851,L,T,-4.617,0.5063,4.5,2,L,10
851,L,V,-4.888,0.09899,2.5,2,L,10
851,L,W,-4.93,0.1117,2,2,L,10
851,L,Y,-4.894,0.06647,4.5,2,L,10
852,R,-,-0.6661,,0.5,1,R,10
852,R,A,-1.359,1.27,2.5,2,R,10
852,R,C,-2.285,1.333,3.5,2,R,10
852,R,D,-4.703,0.004243,4.5,2,R,10
852,R,E,-3.099,0.8803,1.5,2,R,10
852,R,F,-4.581,0.3507,3,2,R,10
852,R,G,-2.088,0.3564,5,2,R,10
852,R,H,-3.886,1.442,3.5,2,R,10
852,R,I,-4.635,0.03253,13,2,R,10
852,R,K,0.3822,0.08089,10.5,2,R,10
852,R,L,-1.305,1.522,3.5,2,R,10
852,R,M,-2.647,0.6873,2.5,2,R,10
852,R,N,0.5684,0.3033,1.5,2,R,10
852,R,P,-2.334,3.568,6,2,R,10
852,R,Q,-1.139,0.3386,4.5,2,R,10
852,R,R,0,0,,2,R,10
852,R,S,-0.2173,0.7305,5.5,2,R,10
852,R,T,0.01257,0.1567,4,2,R,10
852,R,V,-3.476,0.5169,3,2,R,10
852,R,W,-4.898,0.04243,1.5,2,R,10
852,R,Y,-4.825,0.01202,4,2,R,10
853,Q,*,-2.982,2.851,2.5,2,Q,10
853,Q,-,-0.969,,0.5,1,Q,10
853,Q,A,-1.264,1.317,4,2,Q,10
853,Q,C,0.3082,0.1985,2.5,2,Q,10
853,Q,D,-4.275,0.1619,4,2,Q,10
853,Q,E,-1.371,1.474,3.5,2,Q,10
853,Q,F,0.246,,2,1,Q,10
853,Q,G,-3.852,0.9178,3.5,2,Q,10
853,Q,H,0.2033,0.6198,10,2,Q,10
853,Q,I,-2.675,0.06435,5.5,2,Q,10
853,Q,K,-2.52,2.805,3.5,2,Q,10
853,Q,L,-0.1546,0.8181,3,2,Q,10
853,Q,M,0.5362,0.2291,4,2,Q,10
853,Q,N,-1.589,,0.5,1,Q,10
853,Q,P,-4.821,0.186,6.5,2,Q,10
853,Q,Q,0,0,,2,Q,10
853,Q,R,-0.4178,1.26,2.5,2,Q,10
853,Q,S,-0.3311,0.1051,4,2,Q,10
853,Q,T,-4.524,0.5834,7,2,Q,10
853,Q,V,-0.9983,0.4365,4,2,Q,10
853,Q,W,-2.182,0.7043,3,2,Q,10
853,Q,Y,0.2156,,3,1,Q,10
854,N,-,-1.325,,0.5,1,N,10
854,N,A,-4.873,0.07849,2,2,N,10
854,N,C,-4,,1,1,N,10
854,N,D,-3.821,0.3309,7,2,N,10
854,N,E,-3.869,0.6597,4,2,N,10
854,N,F,-4.681,0.21,3,2,N,10
854,N,G,-3.714,1.608,2.5,2,N,10
854,N,H,-1.769,1.003,3.5,2,N,10
854,N,I,-3.249,2.139,3,2,N,10
854,N,K,-1.851,0.7304,6,2,N,10
854,N,L,-4.99,,0.5,1,N,10
854,N,M,-4.827,0.1789,3.5,2,N,10
854,N,N,0,0,,2,N,10
854,N,P,-1.723,2.148,3.5,2,N,10
854,N,Q,-1.716,0.1245,4.5,2,N,10
854,N,R,-0.5141,0.1183,1.5,2,N,10
854,N,S,0.1887,0.6348,2.5,2,N,10
854,N,T,0.2551,0.2699,2,2,N,10
854,N,V,-4.877,0.05091,1,2,N,10
854,N,W,-4.889,0.06718,1,2,N,10
854,N,Y,-4.527,0.6187,6,2,N,10
855,F,-,-4.589,,1,1,F,10
855,F,A,-4.908,0.05728,3,2,F,10
855,F,C,-4.909,0.05869,4.5,2,F,10
855,F,D,-3.12,2.608,4,2,F,10
855,F,E,-4.532,0.6138,5,2,F,10
855,F,F,0,0,,2,F,10
855,F,G,-4.907,0.07707,5,2,F,10
855,F,H,-1.499,0.2326,3.5,2,F,10
855,F,I,-4.877,0.1245,7,2,F,10
855,F,K,-4.883,0.06576,2,2,F,10
855,F,L,-4.902,0.0891,8,2,F,10
855,F,M,-2.936,2.859,2,2,F,10
855,F,N,-4.657,0.2015,3.5,2,F,10
855,F,P,-4.902,0.07425,3,2,F,10
855,F,Q,-4.893,0.116,2,2,F,10
855,F,R,-4.891,0.08061,3.5,2,F,10
855,F,S,-4.891,0.07,6,2,F,10
855,F,T,-4.908,0.0898,4,2,F,10
855,F,V,-4.876,0.08768,2.5,2,F,10
855,F,W,-4.493,,1.5,1,F,10
855,F,Y,-1.051,0.3312,4,2,F,10
856,Q,*,-4.877,0.1294,3.5,2,Q,10
856,Q,-,-2.473,,1.5,1,Q,10
856,Q,A,-0.7391,0.4934,7,2,Q,10
856,Q,C,-0.3476,0.2298,4,2,Q,10
856,Q,D,0.02545,0.2183,4,2,Q,10
856,Q,E,-1.81,0.7644,4.5,2,Q,10
856,Q,F,-0.8885,0.1086,5,2,Q,10
856,Q,G,-3.494,1.456,4.5,2,Q,10
856,Q,H,-0.1028,0.5983,12.5,2,Q,10
856,Q,I,-4.8,0.04031,3.5,2,Q,10
856,Q,K,-4.835,0.2348,7,2,Q,10
856,Q,L,-1.646,,1.5,1,Q,10
856,Q,M,0.248,0.01888,7,2,Q,10
856,Q,N,-0.2858,0.005445,5.5,2,Q,10
856,Q,P,-4.887,0.06364,8,2,Q,10
856,Q,Q,0,0,,2,Q,10
856,Q,R,-0.9671,0.4241,15,2,Q,10
856,Q,S,-3.651,0.6279,8,2,Q,10
856,Q,T,-2.992,0.9037,6,2,Q,10
856,Q,V,-4.815,0.1457,4,2,Q,10
856,Q,W,-3.579,0.9468,4,2,Q,10
856,Q,Y,-4.66,,1.5,1,Q,10
857,A,-,-2.341,1.167,2,2,A,10
857,A,A,0,0,,2,A,10
857,A,C,-0.5885,0.01011,2.5,2,A,10
857,A,D,-4.922,0.1153,6,2,A,10
857,A,E,-2.892,2.739,2,2,A,10
857,A,F,-4.884,0.0297,6,2,A,10
857,A,G,-4.877,0.1138,5.5,2,A,10
857,A,H,-4.896,0.08697,3.5,2,A,10
857,A,I,-4.909,0.0594,2.5,2,A,10
857,A,K,-4.943,,1.5,1,A,10
857,A,L,-4.904,0.0891,4,2,A,10
857,A,M,-1.885,3.096,1.5,2,A,10
857,A,N,-4.797,,0.5,1,A,10
857,A,P,-4.908,0.09687,1,2,A,10
857,A,Q,-3.851,1.389,3.5,2,A,10
857,A,R,-4.92,0.1181,3,2,A,10
857,A,S,-2.768,1.52,7,2,A,10
857,A,T,-4.865,0.1563,7.5,2,A,10
857,A,V,-4.928,0.0997,7,2,A,10
857,A,W,-2.166,3.939,2,2,A,10
857,A,Y,-4.505,0.6279,3,2,A,10
858,I,-,-2.588,,1.5,1,I,10
858,I,A,-4.662,0.4186,3.5,2,I,10
858,I,C,0.1171,0.9154,2.5,2,I,10
858,I,D,-4.77,,0.5,1,I,10
858,I,E,-4.886,0.1252,3.5,2,I,10
858,I,F,-2.571,1.03,3,2,I,10
858,I,G,-4.828,0.04596,2.5,2,I,10
858,I,H,-4.704,0.1577,2.5,2,I,10
858,I,I,0,0,,2,I,10
858,I,K,-4.937,0.09617,2.5,2,I,10
858,I,L,-3.481,2.019,3,2,I,10
858,I,M,-1.387,1.216,2.5,2,I,10
858,I,N,-4.806,0.227,5.5,2,I,10
858,I,P,-3.699,,0.5,1,I,10
858,I,Q,-3.558,1.611,6.5,2,I,10
858,I,R,-4.941,,1,1,I,10
858,I,S,-4.469,,1.5,1,I,10
858,I,T,-3.513,0.7799,2.5,2,I,10
858,I,V,0.1395,0.8007,4,2,I,10
858,I,W,-4.915,0.08132,4.5,2,I,10
858,I,Y,-2.342,0.454,3.5,2,I,10
859,S,-,-1.768,2.426,3.5,2,S,10
859,S,A,-4.693,0.4398,5,2,S,10
859,S,C,-3.561,2.04,1,2,S,10
859,S,D,-1.118,2.416,1.5,2,S,10
859,S,E,-4.443,0.7212,2,2,S,10
859,S,F,-4.877,0.1266,7.5,2,S,10
859,S,G,-4.794,0.2934,7.5,2,S,10
859,S,H,-4.479,0.05869,3.5,2,S,10
859,S,I,-4.747,0.333,12.5,2,S,10
859,S,K,-4.634,0.4582,4.5,2,S,10
859,S,L,-4.917,0.1025,7,2,S,10
859,S,M,-4.938,,2,1,S,10
859,S,N,-4.918,0.1237,7.5,2,S,10
859,S,P,-4.439,0.63,3,2,S,10
859,S,Q,-4.887,0.09829,2.5,2,S,10
859,S,R,-4.905,0.09263,9,2,S,10
859,S,S,0,0,,2,S,10
859,S,T,-3.226,0.6343,6,2,S,10
859,S,V,-4.884,0.0594,3.5,2,S,10
859,S,W,-4.913,0.06788,3.5,2,S,10
859,S,Y,-4.733,0.1824,7.5,2,S,10
860,S,-,-2.814,,1.5,1,S,10
860,S,A,-0.3478,0.9192,2.5,2,S,10
860,S,C,-0.6414,1.23,5,2,S,10
860,S,D,-4.889,0.09546,2.5,2,S,10
860,S,E,-4.93,,2.5,1,S,10
860,S,F,-0.928,1.325,4,2,S,10
860,S,G,-4.915,0.07425,8,2,S,10
860,S,H,0.4094,,1,1,S,10
860,S,I,-4.566,0.5728,8,2,S,10
860,S,K,-4.916,0.07071,6.5,2,S,10
860,S,L,-4.816,0.2029,6,2,S,10
860,S,M,-3.167,1.866,2.5,2,S,10
860,S,N,-0.02945,0.1863,9.5,2,S,10
860,S,P,0.05891,0.05895,5.5,2,S,10
860,S,Q,-4.831,0.02404,4,2,S,10
860,S,R,-4.846,0.123,8.5,2,S,10
860,S,S,0,0,,2,S,10
860,S,T,-1.599,0.6428,5.5,2,S,10
860,S,V,-4.893,0.06152,2,2,S,10
860,S,W,-0.8792,2.282,2.5,2,S,10
860,S,Y,0.4239,,1.5,1,S,10
861,S,-,-3.156,,1.5,1,S,10
861,S,A,-4.882,0.06788,2,2,S,10
861,S,C,-2.205,1.863,4,2,S,10
861,S,D,-0.7739,,0.5,1,S,10
861,S,E,-4.637,0.4115,3,2,S,10
861,S,F,-4.894,0.1032,5,2,S,10
861,S,G,-4.89,0.1032,4.5,2,S,10
861,S,H,-4.678,0.1103,2.5,2,S,10
861,S,I,-4.904,0.08839,10,2,S,10
861,S,K,-4.643,0.2758,3.5,2,S,10
861,S,L,-4.873,0.07849,1.5,2,S,10
861,S,M,-4.82,0.198,3,2,S,10
861,S,N,-3.476,1.24,11.5,2,S,10
861,S,P,-4.936,0.0997,4.5,2,S,10
861,S,Q,-4.804,0.1655,3.5,2,S,10
861,S,R,-4.149,0.21,4.5,2,S,10
861,S,S,0,0,,2,S,10
861,S,T,-4.87,0.1124,2,2,S,10
861,S,V,-4.917,0.07212,5,2,S,10
861,S,W,-4.849,0.008485,4,2,S,10
861,S,Y,-4.902,0.07283,5,2,S,10
862,I,-,-0.9635,,1.5,1,I,10
862,I,A,-4.684,0.3748,5,2,I,10
862,I,C,-4.848,0.01061,8,2,I,10
862,I,D,-4.577,0.495,3.5,2,I,10
862,I,E,-4.837,0.1301,2.5,2,I,10
862,I,F,-4.901,0.08627,5,2,I,10
862,I,G,-4.882,0.09405,2.5,2,I,10
862,I,H,-4.871,0.1916,3,2,I,10
862,I,I,0,0,,2,I,10
862,I,K,-4.907,0.0594,3.5,2,I,10
862,I,L,-4.897,0.1138,2,2,I,10
862,I,M,-4.816,0.1407,4.5,2,I,10
862,I,N,-4.932,0.1089,4.5,2,I,10
862,I,P,-3.466,,2,1,I,10
862,I,Q,-4.814,,1,1,I,10
862,I,R,-4.638,0.1245,6,2,I,10
862,I,S,-4.803,0.1336,4,2,I,10
862,I,T,-4.908,0.0891,6.5,2,I,10
862,I,V,-0.04545,0.4567,3,2,I,10
862,I,W,-4.891,0.07707,2.5,2,I,10
862,I,Y,-4.883,0.1237,7.5,2,I,10
863,Q,*,-2.812,2.831,2.5,2,Q,10
863,Q,-,-0.04571,,0.5,1,Q,10
863,Q,A,-0.2738,0.8299,3.5,2,Q,10
863,Q,C,0.3462,0.6793,1.5,2,Q,10
863,Q,D,0.5333,0.3661,4,2,Q,10
863,Q,E,0.1414,,1.5,1,Q,10
863,Q,F,-0.6205,,1,1,Q,10
863,Q,G,-4.652,0.06576,5.5,2,Q,10
863,Q,H,0.2022,0.6829,8,2,Q,10
863,Q,I,-4.895,0.07637,2.5,2,Q,10
863,Q,K,-4.535,0.6703,7.5,2,Q,10
863,Q,L,-4.904,0.06576,3,2,Q,10
863,Q,M,-3.112,0.5303,2.5,2,Q,10
863,Q,N,-0.1142,0.05613,3.5,2,Q,10
863,Q,P,-0.2355,0.7929,2,2,Q,10
863,Q,Q,0,0,,2,Q,10
863,Q,R,-4.865,0.02899,7.5,2,Q,10
863,Q,S,-0.1444,0.8506,3,2,Q,10
863,Q,T,-0.7768,0.1759,6.5,2,Q,10
863,Q,V,-0.8171,0.2021,2,2,Q,10
863,Q,W,-1.078,0.3943,2.5,2,Q,10
863,Q,Y,-0.015,,1.5,1,Q,10
864,A,-,0.1535,,0.5,1,A,10
864,A,A,0,0,,2,A,10
864,A,C,-1.859,1.761,2.5,2,A,10
864,A,D,-4.559,0.4193,2.5,2,A,10
864,A,E,-0.0095,0.2507,2,2,A,10
864,A,F,-1.587,0.9008,7.5,2,A,10
864,A,G,-4.995,,0.5,1,A,10
864,A,H,-0.3118,,0.5,1,A,10
864,A,I,-4.015,1.307,2.5,2,A,10
864,A,K,-3.672,,3,1,A,10
864,A,L,-0.7544,,2,1,A,10
864,A,M,-2.15,2.001,2.5,2,A,10
864,A,N,-4.647,0.03889,1.5,2,A,10
864,A,P,-4.907,0.05515,2.5,2,A,10
864,A,Q,0.1922,,2,1,A,10
864,A,R,-4.046,0.717,4,2,A,10
864,A,S,-1.458,0.1365,10,2,A,10
864,A,T,-0.6828,0.2145,8.5,2,A,10
864,A,V,-3.378,1.416,5,2,A,10
864,A,W,-1.287,0.8217,3.5,2,A,10
864,A,Y,-0.05165,1.113,4,2,A,10
865,I,-,0.5003,,0.5,1,I,10
865,I,A,-4.857,0.05869,6,2,I,10
865,I,C,-4.912,0.1018,3.5,2,I,10
865,I,D,-1.889,3.81,2,2,I,10
865,I,E,-4.904,0.09192,5.5,2,I,10
865,I,F,-4.889,0.1047,4,2,I,10
865,I,G,-4.862,0.09617,2.5,2,I,10
865,I,H,-4.593,0.5579,7,2,I,10
865,I,I,0,0,,2,I,10
865,I,K,-4.883,0.09475,4.5,2,I,10
865,I,L,-2.317,0.00495,1,2,I,10
865,I,M,-4.877,0.07212,1.5,2,I,10
865,I,N,-4.896,0.08839,3.5,2,I,10
865,I,P,-4.826,0.007071,4,2,I,10
865,I,Q,-4.896,0.08839,4,2,I,10
865,I,S,-4.908,0.1075,5,2,I,10
865,I,T,-4.891,0.1068,7,2,I,10
865,I,V,-2.182,3.995,2,2,I,10
865,I,W,-4.575,0.5254,3.5,2,I,10
865,I,Y,-4.242,0.8422,4.5,2,I,10
866,Y,*,-2.452,3.432,3,2,Y,10
866,Y,A,-4.909,0.08344,3.5,2,Y,10
866,Y,C,-4.814,0.05515,3,2,Y,10
866,Y,D,-4.894,0.06293,6.5,2,Y,10
866,Y,E,-4.857,0.002121,6.5,2,Y,10
866,Y,F,-4.85,0.14,3.5,2,Y,10
866,Y,G,-4.851,0.145,3.5,2,Y,10
866,Y,H,-4.905,0.0997,4.5,2,Y,10
866,Y,I,-3.764,1.582,1,2,Y,10
866,Y,K,-4.683,0.3995,4.5,2,Y,10
866,Y,L,-4.902,0.07849,4.5,2,Y,10
866,Y,M,-4.896,0.07425,4,2,Y,10
866,Y,N,-4.872,0.1216,3.5,2,Y,10
866,Y,P,-4.8,,2,1,Y,10
866,Y,Q,-3.227,2.464,3,2,Y,10
866,Y,R,-4.885,0.1124,5.5,2,Y,10
866,Y,S,-4.809,0.2468,5,2,Y,10
866,Y,T,-4.906,0.06718,4.5,2,Y,10
866,Y,V,-4.851,0.1054,6.5,2,Y,10
866,Y,W,-4.893,0.09475,7.5,2,Y,10
866,Y,Y,0,0,,2,Y,10
867,D,-,-0.2574,0.8624,2.5,2,D,10
867,D,A,-3.982,1.23,1.5,2,D,10
867,D,C,-4.909,0.0799,10.5,2,D,10
867,D,D,0,0,,2,D,10
867,D,E,-1.571,0.1973,3.5,2,D,10
867,D,F,-4.811,0.1612,1.5,2,D,10
867,D,G,-4.893,0.08344,7.5,2,D,10
867,D,H,-4.886,0.0997,4.5,2,D,10
867,D,I,-4.885,0.0997,2,2,D,10
867,D,K,-4.894,,3.5,1,D,10
867,D,L,-4.905,0.06859,5.5,2,D,10
867,D,M,-4.897,0.05869,2,2,D,10
867,D,N,-4.354,0.8492,9,2,D,10
867,D,P,-4.908,0.09475,6,2,D,10
867,D,Q,-4.559,0.08061,1.5,2,D,10
867,D,R,-4.879,0.08061,4.5,2,D,10
867,D,S,-4.859,0.2121,1.5,2,D,10
867,D,T,-1.856,,1,1,D,10
867,D,V,-4.901,0.14,2,2,D,10
867,D,W,-4.938,0.09829,4.5,2,D,10
867,D,Y,-4.901,0.1428,21,2,D,10
868,R,*,-2.643,2.01,1,2,R,10
868,R,-,-0.6414,0.9837,1.5,2,R,10
868,R,A,-3.138,0.1252,4.5,2,R,10
868,R,C,-2.558,1.084,2.5,2,R,10
868,R,D,-4.883,0.06576,1,2,R,10
868,R,E,-4.911,,3,1,R,10
868,R,F,-4.915,0.07142,5,2,R,10
868,R,G,-4.899,0.08132,5,2,R,10
868,R,H,-4.226,0.8683,2,2,R,10
868,R,I,-4.918,0.08556,13,2,R,10
868,R,K,-1.595,0.2666,6.5,2,R,10
868,R,L,-4.765,0.285,7,2,R,10
868,R,M,-4.002,1.129,3,2,R,10
868,R,N,-4.896,0.1138,3,2,R,10
868,R,P,-4.896,0.0997,6,2,R,10
868,R,Q,-1.386,0.2298,3.5,2,R,10
868,R,R,0,0,,2,R,10
868,R,S,-2.809,0.4511,2.5,2,R,10
868,R,T,-1.101,1.4,3.5,2,R,10
868,R,V,-4.88,0.07,1.5,2,R,10
868,R,W,-4.03,1.269,1.5,2,R,10
868,R,Y,-4.87,0.07566,4,2,R,10
869,L,-,-2.22,2.423,2,2,L,10
869,L,A,-4.912,0.1329,2.5,2,L,10
869,L,C,-4.958,,4,1,L,10
869,L,D,-3.341,2.126,3.5,2,L,10
869,L,E,-4.902,0.0502,4,2,L,10
869,L,F,-1.739,0.6265,6.5,2,L,10
869,L,G,-4.665,,2,1,L,10
869,L,H,-4.865,0.09192,3.5,2,L,10
869,L,I,-4.772,0.1711,3.5,2,L,10
869,L,K,-4.889,0.08556,2,2,L,10
869,L,L,0,0,,2,L,10
869,L,M,-0.4616,0.1165,8.5,2,L,10
869,L,N,-2.365,3.654,3.5,2,L,10
869,L,P,-4.752,0.3514,3.5,2,L,10
869,L,Q,-4.895,0.07637,3,2,L,10
869,L,R,-4.919,0.1237,2,2,L,10
869,L,S,-4.931,0.1018,2,2,L,10
869,L,T,-4.655,0.3083,2,2,L,10
869,L,V,-4.524,0.3083,2.5,2,L,10
869,L,W,-4.88,0.06718,3.5,2,L,10
869,L,Y,-4.264,0.2906,3,2,L,10
870,D,-,-2.41,2.344,2.5,2,D,10
870,D,A,-4.896,0.04667,2.5,2,D,10
870,D,C,-4.891,0.1018,6,2,D,10
870,D,D,0,0,,2,D,10
870,D,E,-2.062,2.011,8,2,D,10
870,D,F,-4.912,0.1322,5.5,2,D,10
870,D,G,-4.629,0.1725,7.5,2,D,10
870,D,H,-4.887,0.09899,2.5,2,D,10
870,D,I,-4.934,,0.5,1,D,10
870,D,K,-4.838,,0.5,1,D,10
870,D,L,-4.869,0.01909,5.5,2,D,10
870,D,M,-4.69,0.3776,2.5,2,D,10
870,D,N,-4.761,0.3274,6,2,D,10
870,D,P,-2.193,1.13,4,2,D,10
870,D,Q,-4.928,,1,1,D,10
870,D,R,-4.809,0.1697,4,2,D,10
870,D,S,-4.883,0.09334,2.5,2,D,10
870,D,T,-4.942,,2.5,1,D,10
870,D,V,-4.887,0.0891,3.5,2,D,10
870,D,W,-4.748,0.3005,5.5,2,D,10
870,D,Y,-4.86,0.2093,12,2,D,10
871,I,-,-2.811,3.034,3.5,2,P,10
871,I,A,-0.7526,0.8477,4,2,P,10
871,I,C,-0.4201,1.015,5,2,P,10
871,I,D,0.6098,0.08499,4,2,P,10
871,I,E,-1.287,0.4325,2,2,P,10
871,I,F,0.1508,0.6126,4,2,P,10
871,I,G,0.7888,0.07,1,2,P,10
871,I,H,-0.8168,0.1762,5,2,P,10
871,I,I,0,0,,2,P,10
871,I,K,-1.346,0.05515,3,2,P,10
871,I,L,0.3396,0.2234,3,2,P,10
871,I,M,-0.9433,1.845,2.5,2,P,10
871,I,N,-0.1053,0.06539,4.5,2,P,10
871,I,P,0.6685,0.0379,6.5,2,P,10
871,I,Q,-0.37,0.1948,2,2,P,10
871,I,R,-2.833,,1.5,1,P,10
871,I,S,-0.07005,0.4496,2.5,2,P,10
871,I,T,0.6053,0.07467,4.5,2,P,10
871,I,V,0.3896,0.2201,4,2,P,10
871,I,W,-0.4162,0.902,2,2,P,10
871,I,Y,-0.4891,,1,1,P,10
872,I,-,0.3217,0.08881,2,2,P,10
872,I,A,-1.526,0.2319,5,2,P,10
872,I,C,-1.719,0.7389,4.5,2,P,10
872,I,D,-3.228,0.186,5,2,P,10
872,I,E,-3.446,1.036,2,2,P,10
872,I,F,0.4181,0.4975,1.5,2,P,10
872,I,G,-1.546,,1.5,1,P,10
872,I,H,-2.793,,1,1,P,10
872,I,I,0,0,,2,P,10
872,I,K,-1.343,2.107,2.5,2,P,10
872,I,L,-0.2539,0.912,6.5,2,P,10
872,I,M,0.2947,,1,1,P,10
872,I,N,-1.081,0.6529,6,2,P,10
872,I,P,-2.2,1.085,2,2,P,10
872,I,Q,-2.381,1.095,3,2,P,10
872,I,R,-2.183,0.3854,4,2,P,10
872,I,S,0.1431,,0.5,1,P,10
872,I,T,-2.056,1.715,3,2,P,10
872,I,V,0.7181,0.05289,4.5,2,P,10
872,I,W,0.6773,,1,1,P,10
872,I,Y,0.4109,0.4674,4,2,P,10
873,Q,-,-1.091,0.3157,2.5,2,Q,10
873,Q,A,0.4586,0.003536,3.5,2,Q,10
873,Q,C,-1.658,0.1584,2,2,Q,10
873,Q,D,-0.2048,0.5424,3,2,Q,10
873,Q,E,0.7905,0.04335,5.5,2,Q,10
873,Q,F,-3.752,0.227,2.5,2,Q,10
873,Q,G,-3.189,0.1945,3,2,Q,10
873,Q,H,-0.06355,0.4283,15,2,Q,10
873,Q,I,-2.315,0.1386,5,2,Q,10
873,Q,K,-0.2678,1.421,10.5,2,Q,10
873,Q,L,-1.415,1.935,4.5,2,Q,10
873,Q,M,-2.276,0.6442,5.5,2,Q,10
873,Q,N,0.2809,0.5717,2.5,2,Q,10
873,Q,P,-0.0241,0.212,4.5,2,Q,10
873,Q,Q,0,0,,2,Q,10
873,Q,R,-2.34,0.6286,9.5,2,Q,10
873,Q,S,-0.4695,,0.5,1,Q,10
873,Q,V,-0.5045,,1,1,Q,10
873,Q,W,-4.768,0.07778,5.5,2,Q,10
873,Q,Y,-0.8352,0.2768,9,2,Q,10
874,A,-,-1.995,0.4186,3,2,A,10
874,A,A,0,0,,2,A,10
874,A,C,-4.606,0.1534,2.5,2,A,10
874,A,D,-4.743,0.1584,5.5,2,A,10
874,A,E,-4.907,0.05515,4.5,2,A,10
874,A,F,-4.861,0.1952,5,2,A,10
874,A,G,-1.981,0.1372,5.5,2,A,10
874,A,H,-4.905,0.08485,4.5,2,A,10
874,A,I,-4.904,0.1252,3.5,2,A,10
874,A,K,-4.906,0.1273,2,2,A,10
874,A,L,-4.902,0.08556,4.5,2,A,10
874,A,M,-4.893,0.1195,9,2,A,10
874,A,N,-4.925,0.1103,9,2,A,10
874,A,P,-4.902,0.08556,5,2,A,10
874,A,Q,-4.833,0.1711,3.5,2,A,10
874,A,R,-4.669,,2,1,A,10
874,A,S,-4.921,0.123,12,2,A,10
874,A,T,-4.905,0.08839,12.5,2,A,10
874,A,V,-4.863,0.0396,7.5,2,A,10
874,A,W,-4.879,0.1011,4,2,A,10
874,A,Y,-4.894,0.1103,3.5,2,A,10
875,D,-,-1.758,2.543,3,2,D,10
875,D,A,-4.88,0.07283,2.5,2,D,10
875,D,C,-4.893,0.07354,4,2,D,10
875,D,D,0,0,,2,D,10
875,D,E,-4.889,0.1075,5,2,D,10
875,D,F,-4.832,0.1888,6.5,2,D,10
875,D,G,-4.917,0.1039,7,2,D,10
875,D,H,-4.65,0.4398,3.5,2,D,10
875,D,I,-4.904,0.1061,4.5,2,D,10
875,D,K,-4.874,0.1485,3.5,2,D,10
875,D,L,-4.922,0.1153,3,2,D,10
875,D,M,-4.882,0.06647,3,2,D,10
875,D,N,-1.858,0.8429,9.5,2,D,10
875,D,P,-4.678,0.1506,5,2,D,10
875,D,Q,-4.773,0.2135,5,2,D,10
875,D,R,-4.903,0.06505,5,2,D,10
875,D,S,-3.162,2.572,5,2,D,10
875,D,T,-4.886,0.0997,4,2,D,10
875,D,V,-2.949,2.841,2.5,2,D,10
875,D,W,-4.894,0.08839,7,2,D,10
875,D,Y,-4.833,0.1747,17,2,D,10
876,Q,*,-4.725,0.2333,4,2,Q,10
876,Q,-,-1.713,0.7566,1,2,Q,10
876,Q,A,0.3558,0.2808,4.5,2,Q,10
876,Q,C,-4.206,0.8358,6,2,Q,10
876,Q,D,-0.7038,1.577,2,2,Q,10
876,Q,E,0.3608,,2,1,Q,10
876,Q,F,-2.869,1.806,6.5,2,Q,10
876,Q,G,-0.4284,1.078,3,2,Q,10
876,Q,H,-1.46,2.493,3,2,Q,10
876,Q,I,-0.2119,0.5114,2.5,2,Q,10
876,Q,K,-2.569,0.7891,12.5,2,Q,10
876,Q,L,-1.457,1.258,4,2,Q,10
876,Q,M,-0.7625,0.8366,2,2,Q,10
876,Q,P,-4.328,0.6194,4,2,Q,10
876,Q,Q,0,0,,2,Q,10
876,Q,R,-0.9111,0.0932,5.5,2,Q,10
876,Q,S,0.05795,0.6872,4,2,Q,10
876,Q,T,0.5218,0.3426,7,2,Q,10
876,Q,V,0.2348,0.5984,4,2,Q,10
876,Q,W,-3.534,1.33,1,2,Q,10
876,Q,Y,-3.692,0.9192,6,2,Q,10
877,Q,*,-4.903,0.06505,2.5,2,Q,10
877,Q,A,-3.617,1.768,1.5,2,Q,10
877,Q,C,-4.834,0.1768,7.5,2,Q,10
877,Q,D,-3.891,0.07566,3.5,2,Q,10
877,Q,E,-1.063,1.441,4,2,Q,10
877,Q,F,-4.879,0.1117,4,2,Q,10
877,Q,G,-4.845,0.006364,3.5,2,Q,10
877,Q,H,0.2757,0.01308,11.5,2,Q,10
877,Q,I,-4.014,1.095,2,2,Q,10
877,Q,K,-4.791,0.2503,6,2,Q,10
877,Q,L,-4.908,0.128,1,2,Q,10
877,Q,M,-1.919,,3.5,1,Q,10
877,Q,N,-0.3549,,0.5,1,Q,10
877,Q,P,-4.902,0.0997,3,2,Q,10
877,Q,Q,0,0,,2,Q,10
877,Q,R,-4.809,0.2772,6,2,Q,10
877,Q,S,-4.883,0.09334,2,2,Q,10
877,Q,T,-4.894,0.1018,3.5,2,Q,10
877,Q,V,-4.89,0.07637,2.5,2,Q,10
877,Q,W,-4.935,0.1011,2.5,2,Q,10
877,Q,Y,-4.911,0.1004,3.5,2,Q,10
878,V,A,-4.095,1.204,4,2,V,10
878,V,C,-2.04,1.694,2,2,V,10
878,V,D,-4.89,0.1025,3,2,V,10
878,V,E,-2.673,3.159,2.5,2,V,10
878,V,F,-4.891,0.08839,2.5,2,V,10
878,V,G,-4.895,0.1089,4,2,V,10
878,V,H,-4.899,0.07071,4.5,2,V,10
878,V,I,-4.905,0.1435,2,2,V,10
878,V,K,-4.883,0.09617,1.5,2,V,10
878,V,L,-4.908,0.0594,6.5,2,V,10
878,V,M,-4.918,0.08697,6,2,V,10
878,V,N,-4.892,0.0799,3.5,2,V,10
878,V,P,-4.688,0.3825,3,2,V,10
878,V,Q,-4.871,0.07849,1.5,2,V,10
878,V,R,-4.892,0.09829,3.5,2,V,10
878,V,S,-4.908,0.08061,5,2,V,10
878,V,V,0,0,,2,V,10
878,V,W,-4.883,0.09334,2,2,V,10
878,V,Y,-4.905,0.09192,4.5,2,V,10
879,D,A,-4.396,0.2192,4,2,D,10
879,D,C,-4.955,,1.5,1,D,10
879,D,D,0,0,,2,D,10
879,D,E,-4.313,0.4837,5.5,2,D,10
879,D,F,-4.703,0.164,1,2,D,10
879,D,G,-3.131,0.6958,2,2,D,10
879,D,H,-2.999,,1,1,D,10
879,D,I,-4.075,0.396,3.5,2,D,10
879,D,K,-3.154,1.42,2,2,D,10
879,D,L,-4.534,0.3246,5.5,2,D,10
879,D,M,-3.766,0.1513,4.5,2,D,10
879,D,N,-3.952,1.333,6,2,D,10
879,D,P,-4.8,0.2298,4,2,D,10
879,D,Q,-4.997,,1.5,1,D,10
879,D,R,-3.851,1.575,2.5,2,D,10
879,D,S,-3.75,1.747,3,2,D,10
879,D,T,-4.886,0.05303,2,2,D,10
879,D,V,-3.805,1.058,2.5,2,D,10
879,D,W,-4.679,0.1945,3,2,D,10
879,D,Y,-4.526,0.5827,12,2,D,10
880,R,A,-3.829,0.0396,6,2,R,11
880,R,C,-3.053,2.65,1.5,2,R,11
880,R,D,-4.878,0.1556,3.5,2,R,11
880,R,E,-4.873,0.05869,5,2,R,11
880,R,F,-3.939,,1,1,R,11
880,R,G,-4.496,0.6081,8,2,R,11
880,R,H,-2.814,2.447,3,2,R,11
880,R,I,-4.545,0.3521,1.5,2,R,11
880,R,K,-4.541,0.3889,1.5,2,R,11
880,R,L,-4.441,0.3069,14,2,R,11
880,R,M,-3.952,0.1563,4,2,R,11
880,R,N,-4.828,,2.5,1,R,11
880,R,P,-4.902,0.08768,4.5,2,R,11
880,R,Q,-4.654,0.05445,9,2,R,11
880,R,R,0,0,,2,R,11
880,R,S,-3.747,0.6343,2,2,R,11
880,R,T,-4.338,0.2128,4,2,R,11
880,R,V,-4.805,0.2708,3,2,R,11
880,R,W,-4.816,0.268,9.5,2,R,11
880,R,Y,-2.399,2.097,3,2,R,11
881,L,*,-4.496,0.6576,1.5,2,L,11
881,L,A,-4.902,0.08485,2.5,2,L,11
881,L,C,-5.004,,3.5,1,L,11
881,L,D,-4.892,0.1075,2.5,2,L,11
881,L,E,-4.928,0.1096,5,2,L,11
881,L,F,-4.852,0.128,12,2,L,11
881,L,G,-4.876,0.06364,3,2,L,11
881,L,H,-4.813,,2,1,L,11
881,L,I,-0.1072,0.153,3.5,2,L,11
881,L,K,-4.722,0.08273,7,2,L,11
881,L,L,0,0,,2,L,11
881,L,M,-4.897,0.08344,5,2,L,11
881,L,N,-3.724,1.57,2.5,2,L,11
881,L,P,-4.778,0.2595,5,2,L,11
881,L,Q,-4.896,0.08697,4.5,2,L,11
881,L,R,-4.812,0.2284,4.5,2,L,11
881,L,S,-4.873,0.07778,2,2,L,11
881,L,T,-4.842,0.164,4.5,2,L,11
881,L,V,-4.752,0.09192,8,2,L,11
881,L,W,-4.883,0.1061,3,2,L,11
881,L,Y,-2.329,3.711,4.5,2,L,11
882,I,-,0.1064,,0.5,1,I,11
882,I,A,-4.914,0.1075,5.5,2,I,11
882,I,C,-4.888,0.07707,3,2,I,11
882,I,D,-4.779,0.2715,2,2,I,11
882,I,E,-4.907,0.06081,4.5,2,I,11
882,I,F,-4.873,0.09122,2.5,2,I,11
882,I,G,-4.898,0.07142,5,2,I,11
882,I,H,-4.868,0.07495,2.5,2,I,11
882,I,I,0,0,,2,I,11
882,I,K,-4.445,0.5459,2,2,I,11
882,I,L,-4.626,0.4695,4,2,I,11
882,I,M,-4.838,0.1336,5,2,I,11
882,I,N,-3.139,2.593,2,2,I,11
882,I,P,-4.816,0.04313,6,2,I,11
882,I,Q,-1.871,3.804,4,2,I,11
882,I,R,-4.799,0.06081,5,2,I,11
882,I,S,-4.729,0.3147,2.5,2,I,11
882,I,T,-4.66,0.3755,4,2,I,11
882,I,V,-4.465,0.6626,6.5,2,I,11
882,I,W,-3.744,1.749,4,2,I,11
882,I,Y,-4.816,,0.5,1,I,11
883,T,-,-3.08,,0.5,1,T,11
883,T,A,-0.6291,,1,1,T,11
883,T,C,0.2538,0.06951,2.5,2,T,11
883,T,D,-4.59,0.5233,4.5,2,T,11
883,T,E,-3.538,0.2899,2,2,T,11
883,T,F,-4.24,0.5169,4,2,T,11
883,T,G,-0.2351,0.886,2,2,T,11
883,T,H,-4.909,,1.5,1,T,11
883,T,I,0.05702,0.136,5,2,T,11
883,T,K,-4.883,0.1294,1.5,2,T,11
883,T,L,-3.96,1.131,3,2,T,11
883,T,M,-0.3639,,0.5,1,T,11
883,T,N,0.8018,0.05388,3.5,2,T,11
883,T,P,-4.851,0.1584,5,2,T,11
883,T,Q,-4.348,0.02546,4.5,2,T,11
883,T,R,-4.116,0.2008,4,2,T,11
883,T,S,0.4871,0.3526,4.5,2,T,11
883,T,T,0,0,,2,T,11
883,T,V,-0.6466,1.433,1.5,2,T,11
883,T,W,-2.402,1.022,2.5,2,T,11
883,T,Y,-1.141,0.8382,3,2,T,11
884,G,-,0.2216,,0.5,1,G,11
884,G,A,-4.87,0.05162,4.5,2,G,11
884,G,C,-4.925,0.1089,12.5,2,G,11
884,G,D,-4.778,0.2687,8,2,G,11
884,G,E,-4.787,0.1994,5,2,G,11
884,G,F,-4.813,0.2192,6.5,2,G,11
884,G,G,0,0,,2,G,11
884,G,H,-3.998,0.5629,4,2,G,11
884,G,I,-4.892,0.09334,5.5,2,G,11
884,G,K,-4.356,0.4412,5,2,G,11
884,G,L,-4.747,0.1761,1,2,G,11
884,G,M,-4.907,0.08344,1,2,G,11
884,G,N,-3.824,0.9044,3,2,G,11
884,G,P,-4.927,,0.5,1,G,11
884,G,Q,-4.457,0.6965,4.5,2,G,11
884,G,R,-4.761,0.2864,4.5,2,G,11
884,G,S,-4.882,0.06505,3,2,G,11
884,G,T,-4.808,0.1704,2.5,2,G,11
884,G,V,-4.92,0.1223,8,2,G,11
884,G,W,-4.909,0.1209,4.5,2,G,11
884,G,Y,-4.362,0.8139,4,2,G,11
885,R,-,-1.383,,0.5,1,R,11
885,R,A,-4.931,0.09051,4,2,R,11
885,R,C,-4.828,0.169,5.5,2,R,11
885,R,D,-4.844,0.1697,4.5,2,R,11
885,R,E,-4.89,0.1018,3.5,2,R,11
885,R,F,-4.915,0.06718,4,2,R,11
885,R,G,-4.816,,1,1,R,11
885,R,H,-4.524,0.3253,2.5,2,R,11
885,R,I,-4.915,0.06435,11.5,2,R,11
885,R,K,-4.847,0.07778,7,2,R,11
885,R,L,-4.955,,2.5,1,R,11
885,R,M,-3.768,1.549,5,2,R,11
885,R,N,-4.838,0.06576,6,2,R,11
885,R,P,-4.697,0.3302,2.5,2,R,11
885,R,Q,-4.878,0.0792,2.5,2,R,11
885,R,R,0,0,,2,R,11
885,R,S,-4.867,0.1167,5,2,R,11
885,R,T,-4.905,0.08061,6,2,R,11
885,R,V,-4.864,0.07142,2.5,2,R,11
885,R,W,-4.902,0.08556,3,2,R,11
885,R,Y,-4.885,0.0891,3,2,R,11
886,L,-,-2.179,,0.5,1,L,11
886,L,A,-4.822,,1.5,1,L,11
886,L,C,-4.902,0.07849,4.5,2,L,11
886,L,D,-0.535,,2,1,L,11
886,L,E,-4.912,0.1322,2.5,2,L,11
886,L,F,-4.832,0.1648,4,2,L,11
886,L,G,-4.769,0.2927,4,2,L,11
886,L,H,-4.913,0.06647,5.5,2,L,11
886,L,I,0.4476,,2,1,L,11
886,L,K,-4.867,0.08627,2.5,2,L,11
886,L,L,0,0,,2,L,11
886,L,M,-4.712,0.3755,9,2,L,11
886,L,N,-4.906,0.1308,1.5,2,L,11
886,L,P,-4.918,0.0792,8,2,L,11
886,L,Q,-4.927,0.1167,7.5,2,L,11
886,L,R,-4.926,,1,1,L,11
886,L,S,-4.876,0.0799,1.5,2,L,11
886,L,T,-4.623,0.4865,5,2,L,11
886,L,V,-4.706,0.2178,4.5,2,L,11
886,L,W,-4.722,0.123,3,2,L,11
886,L,Y,-4.34,0.7262,2,2,L,11
887,A,A,0,0,,2,A,11
887,A,C,-3.736,1.762,5.5,2,A,11
887,A,D,-0.234,1.192,5,2,A,11
887,A,E,-0.8925,0.3924,6,2,A,11
887,A,F,-2.926,1.051,2.5,2,A,11
887,A,G,-0.0242,0.495,6,2,A,11
887,A,H,0.4619,0.3649,4.5,2,A,11
887,A,I,-4.332,0.8719,3,2,A,11
887,A,K,-4.532,,3,1,A,11
887,A,L,-2.33,0.4653,1.5,2,A,11
887,A,M,-4.046,1.136,2.5,2,A,11
887,A,N,-0.5386,,1.5,1,A,11
887,A,P,-4.895,0.1089,5,2,A,11
887,A,Q,0.4976,0.1652,3,2,A,11
887,A,R,-4.333,,1,1,A,11
887,A,S,-0.7864,0.5976,5.5,2,A,11
887,A,T,-1.094,0.3931,8.5,2,A,11
887,A,V,-4.724,0.2927,6.5,2,A,11
887,A,W,-2.995,1.428,5,2,A,11
887,A,Y,-2.062,1.114,2.5,2,A,11
888,A,A,0,0,,2,A,11
888,A,C,-4.698,0.09617,5.5,2,A,11
888,A,D,-4.795,0.0792,9.5,2,A,11
888,A,E,-4.947,,1,1,A,11
888,A,F,-4.697,0.379,5,2,A,11
888,A,G,-4.886,0.05586,4,2,A,11
888,A,H,-0.5439,,0.5,1,A,11
888,A,I,-1.497,0.6237,3,2,A,11
888,A,K,-4.918,0.09687,5,2,A,11
888,A,L,-4.588,0.04879,3,2,A,11
888,A,M,-4.245,1.018,4,2,A,11
888,A,N,-4.9,0.08202,4,2,A,11
888,A,P,-4.911,0.06081,4.5,2,A,11
888,A,Q,-4.879,0.128,5,2,A,11
888,A,R,-4.898,0.116,4.5,2,A,11
888,A,S,-1.559,0.3366,14.5,2,A,11
888,A,T,-1.395,0.3097,15.5,2,A,11
888,A,V,-0.4251,0.1254,7,2,A,11
888,A,W,-4.732,0.1209,3,2,A,11
888,A,Y,-4.636,0.4137,2,2,A,11
889,L,A,-4.906,0.09122,6,2,L,11
889,L,C,-4.883,0.08415,3.5,2,L,11
889,L,D,-4.891,0.0997,3.5,2,L,11
889,L,E,-4.81,0.01202,5.5,2,L,11
889,L,F,-4.918,0.07283,3,2,L,11
889,L,G,-4.892,0.05091,3.5,2,L,11
889,L,H,-4.132,1.178,3.5,2,L,11
889,L,I,-4.775,0.263,5,2,L,11
889,L,K,-4.908,0.1054,4,2,L,11
889,L,L,0,0,,2,L,11
889,L,M,-4.913,0.09617,10,2,L,11
889,L,N,-4.834,0.2376,4,2,L,11
889,L,P,-4.901,0.1216,3,2,L,11
889,L,Q,-4.886,0.1011,2.5,2,L,11
889,L,R,-4.908,0.08061,3,2,L,11
889,L,S,-4.713,0.1945,4,2,L,11
889,L,T,-4.936,0.1032,5.5,2,L,11
889,L,V,-4.887,0.05657,4.5,2,L,11
889,L,W,-4.893,0.1039,4.5,2,L,11
889,L,Y,-4.764,0.2319,3,2,L,11
890,N,A,-1.239,1.902,2,2,N,11
890,N,C,-4.512,0.618,4,2,N,11
890,N,D,-1.643,0.9604,4.5,2,N,11
890,N,E,-2.329,3.492,3,2,N,11
890,N,F,-4.799,0.04172,7,2,N,11
890,N,G,-1.585,0.7566,2,2,N,11
890,N,H,-2.821,0.478,5.5,2,N,11
890,N,I,-4.887,0.1011,4.5,2,N,11
890,N,K,-4.05,0.09829,4,2,N,11
890,N,L,-4.145,0.3564,2.5,2,N,11
890,N,M,-1.853,0.3458,1.5,2,N,11
890,N,N,0,0,,2,N,11
890,N,P,-4.885,0.09192,2.5,2,N,11
890,N,Q,-0.1951,0.08054,4,2,N,11
890,N,R,-3.794,1.162,3,2,N,11
890,N,S,0.2936,0.2851,3,2,N,11
890,N,T,-1.973,0.3642,3.5,2,N,11
890,N,V,-4.849,0.02828,3,2,N,11
890,N,W,-3.019,1.372,2,2,N,11
890,N,Y,-4.313,0.8712,4,2,N,11
891,V,A,0.02654,0.01676,3,2,V,11
891,V,C,-0.5841,1.884,2,2,V,11
891,V,D,-2.776,1.464,1.5,2,V,11
891,V,E,-3.386,1.247,2.5,2,V,11
891,V,F,-4.395,0.5947,2,2,V,11
891,V,G,-2.556,0.7403,5,2,V,11
891,V,H,-4.554,0.3698,3,2,V,11
891,V,I,-0.6115,0.8308,2,2,V,11
891,V,K,-3.854,1.228,5,2,V,11
891,V,L,0.5343,0.2111,9.5,2,V,11
891,V,M,-1.49,1.547,9,2,V,11
891,V,N,-4.639,0.05091,4.5,2,V,11
891,V,P,-4.889,0.06859,1,2,V,11
891,V,Q,-4.27,0.6562,2,2,V,11
891,V,R,-4.141,0.116,4,2,V,11
891,V,S,-0.9504,0.6543,1,2,V,11
891,V,T,0.6242,0.3111,2.5,2,V,11
891,V,V,0,0,,2,V,11
891,V,W,-2.787,0.1831,5.5,2,V,11
891,V,Y,-1.402,1.465,4,2,V,11
892,F,A,-4.891,0.0997,6,2,F,11
892,F,C,-4.899,0.09405,5.5,2,F,11
892,F,D,-3.652,1.833,3,2,F,11
892,F,E,-4.902,0.04808,3.5,2,F,11
892,F,F,0,0,,2,F,11
892,F,G,-4.811,0.1747,4.5,2,F,11
892,F,H,-4.198,0.9023,3,2,F,11
892,F,I,-4.93,0.1089,6.5,2,F,11
892,F,K,-5.004,,1,1,F,11
892,F,L,-4.911,0.1075,14,2,F,11
892,F,M,-4.823,0.2524,3,2,F,11
892,F,N,-3.155,2.565,3.5,2,F,11
892,F,P,-4.867,0.0997,4,2,F,11
892,F,Q,-4.903,0.06505,4.5,2,F,11
892,F,R,-2.642,3.142,2,2,F,11
892,F,S,-4.896,0.1534,2,2,F,11
892,F,T,-4.784,0.2298,2.5,2,F,11
892,F,V,-4.695,0.3564,3.5,2,F,11
892,F,W,-1.075,,1,1,F,11
892,F,Y,-1.726,0.9956,3,2,F,11
893,V,A,-0.6119,1.181,4.5,2,V,11
893,V,C,-1.799,0.5728,2.5,2,V,11
893,V,D,-4.791,0.0693,5.5,2,V,11
893,V,E,-3.46,2.113,2,2,V,11
893,V,F,-4.893,0.1138,9,2,V,11
893,V,G,-4.918,0.1167,4,2,V,11
893,V,H,-4.911,0.08273,4.5,2,V,11
893,V,I,-4.408,0.5911,8,2,V,11
893,V,K,-3.859,1.439,4.5,2,V,11
893,V,L,-1.851,,2,1,V,11
893,V,M,-0.6069,0.6649,3.5,2,V,11
893,V,N,-4.781,0.0891,5,2,V,11
893,V,P,-4.896,0.1591,2.5,2,V,11
893,V,Q,-2.398,,1,1,V,11
893,V,R,-4.887,0.08061,6.5,2,V,11
893,V,S,-4.88,0.06647,3.5,2,V,11
893,V,T,-0.6024,0.6825,3.5,2,V,11
893,V,V,0,0,,2,V,11
893,V,W,-2.435,3.553,3,2,V,11
893,V,Y,-4.168,0.9355,1,2,V,11
894,S,A,-0.2559,1.242,2.5,2,S,11
894,S,C,-3.646,1.462,5,2,S,11
894,S,D,-1.931,0.8888,2.5,2,S,11
894,S,E,-3.742,0.2737,3.5,2,S,11
894,S,F,-2.151,2.2,7,2,S,11
894,S,G,-1.562,1.647,4,2,S,11
894,S,H,-4.132,,2,1,S,11
894,S,I,0.4023,0.4433,2.5,2,S,11
894,S,K,-4.643,0.4038,3,2,S,11
894,S,L,-3.937,0.8344,4.5,2,S,11
894,S,M,0.2023,0.5742,3,2,S,11
894,S,N,-4.674,,0.5,1,S,11
894,S,P,-2.081,4.024,3,2,S,11
894,S,Q,-4.524,0.01768,3,2,S,11
894,S,R,-4.421,0.5636,3.5,2,S,11
894,S,S,0,0,,2,S,11
894,S,T,0.09835,1.02,3.5,2,S,11
894,S,V,-0.4629,0.6786,3.5,2,S,11
894,S,W,-4.298,0.8931,4.5,2,S,11
894,S,Y,-3.034,0.4023,7.5,2,S,11
895,H,A,-0.4525,0.2894,2,2,H,11
895,H,C,-4.006,0.6739,3.5,2,H,11
895,H,D,-2.744,2.83,4,2,H,11
895,H,E,0.08505,0.001322,2,2,H,11
895,H,F,-1.761,1.546,6,2,H,11
895,H,G,-1.208,0.09405,4.5,2,H,11
895,H,H,0,0,,2,H,11
895,H,I,-2.933,0.2213,6,2,H,11
895,H,K,0.3578,0.2163,2.5,2,H,11
895,H,L,-1.24,0.7517,3,2,H,11
895,H,M,-0.4509,0.5733,5,2,H,11
895,H,N,0.4924,0.3509,10.5,2,H,11
895,H,P,-4.935,0.1004,5.5,2,H,11
895,H,Q,-0.0556,0.2342,4,2,H,11
895,H,R,0.7213,0.04122,6,2,H,11
895,H,S,-0.4093,0.3973,2.5,2,H,11
895,H,T,-0.8384,0.6174,2,2,H,11
895,H,V,-2.222,0.263,4,2,H,11
895,H,W,-0.5964,,2,1,H,11
895,H,Y,0.3257,0.4149,6,2,H,11
896,T,-,-4.372,,0.5,1,T,11
896,T,A,-0.034,0.3623,3.5,2,T,11
896,T,C,-0.8078,0.06809,5,2,T,11
896,T,D,-4.883,0.09122,4.5,2,T,11
896,T,E,-0.6885,0.1794,4,2,T,11
896,T,F,-4.931,0.1082,3,2,T,11
896,T,G,-4.908,0.05657,3.5,2,T,11
896,T,H,-3.075,0.02546,4.5,2,T,11
896,T,I,0.1003,0.4506,3,2,T,11
896,T,K,0.6402,0.1663,5.5,2,T,11
896,T,L,-0.3848,0.2746,5,2,T,11
896,T,M,-0.0175,1.094,1,2,T,11
896,T,N,-4.853,0.1492,2.5,2,T,11
896,T,P,-4.847,0.1669,4.5,2,T,11
896,T,Q,-0.1137,0.3878,1.5,2,T,11
896,T,R,0.5839,0.3436,3.5,2,T,11
896,T,S,-1.286,,1.5,1,T,11
896,T,T,0,0,,2,T,11
896,T,V,-0.1247,,2.5,1,T,11
896,T,W,-3.276,0.4462,3.5,2,T,11
896,T,Y,-0.3926,1.495,5.5,2,T,11
897,L,-,-3.704,,0.5,1,L,11
897,L,A,-3.348,1.063,3,2,L,11
897,L,C,-2.874,2.901,2,2,L,11
897,L,D,-4.893,0.0997,4.5,2,L,11
897,L,E,-4.651,0.1245,4,2,L,11
897,L,F,-2.881,0.2206,2.5,2,L,11
897,L,G,-4.893,0.0799,3,2,L,11
897,L,H,-2.857,0.1655,3,2,L,11
897,L,I,-0.2302,0.7602,4,2,L,11
897,L,K,-0.9212,0.5555,2,2,L,11
897,L,L,0,0,,2,L,11
897,L,M,-0.4375,0.5927,5,2,L,11
897,L,N,-2.056,1.266,2,2,L,11
897,L,P,-5.005,,4,1,L,11
897,L,Q,-1.145,0.2746,5.5,2,L,11
897,L,R,-4.738,0.1245,3,2,L,11
897,L,S,-4.763,0.2348,4,2,L,11
897,L,T,-2.531,0.5671,2.5,2,L,11
897,L,V,-0.8226,0.6044,4,2,L,11
897,L,W,-3.387,1.583,3.5,2,L,11
897,L,Y,-4.297,,2.5,1,L,11
898,T,-,0.1558,,0.5,1,T,11
898,T,A,0.5258,0.1297,2.5,2,T,11
898,T,C,-3.054,2.442,2.5,2,T,11
898,T,D,0.7058,,2,1,T,11
898,T,E,0.2735,0.6667,6,2,T,11
898,T,F,-0.6815,0.2254,5.5,2,T,11
898,T,G,0.3915,0.2684,4,2,T,11
898,T,H,0.7477,0.05006,4,2,T,11
898,T,I,-1.633,1.084,9.5,2,T,11
898,T,K,-1.142,0.4737,7.5,2,T,11
898,T,L,-0.3759,0.3499,4.5,2,T,11
898,T,M,0.1407,0.07693,4.5,2,T,11
898,T,N,-0.8874,2.32,3,2,T,11
898,T,P,-4.838,0.1711,2.5,2,T,11
898,T,Q,0.8419,,2.5,1,T,11
898,T,R,0.6609,0.2073,2,2,T,11
898,T,S,0.7229,0.04497,3,2,T,11
898,T,T,0,0,,2,T,11
898,T,V,-0.2897,1.14,3,2,T,11
898,T,W,-0.4393,0.658,6,2,T,11
899,K,*,-5.007,,1,1,K,11
899,K,-,0.1082,,0.5,1,K,11
899,K,A,-4.569,0.5487,2,2,K,11
899,K,C,-4.912,0.1004,2.5,2,K,11
899,K,D,-4.671,0.2036,2,2,K,11
899,K,E,-4.889,0.02899,5.5,2,K,11
899,K,F,-4.897,0.07778,6,2,K,11
899,K,G,-4.9,0.06505,1.5,2,K,11
899,K,H,-2.191,0.7934,3.5,2,K,11
899,K,I,-0.01846,,0.5,1,K,11
899,K,K,0,0,,2,K,11
899,K,L,-1.881,0.111,5.5,2,K,11
899,K,M,-3.626,1.66,3.5,2,K,11
899,K,N,-4.915,0.09051,4.5,2,K,11
899,K,P,-4.637,0.4398,4.5,2,K,11
899,K,Q,-2.252,0.128,2.5,2,K,11
899,K,R,-0.4583,0.2903,6.5,2,K,11
899,K,S,-4.806,0.1725,3,2,K,11
899,K,T,-3.37,1.731,3,2,K,11
899,K,V,-3.646,1.162,4,2,K,11
899,K,W,-2.416,3.473,4,2,K,11
899,K,Y,-4.053,1.09,5.5,2,K,11
900,Y,*,-4.862,0.1018,4,2,Y,11
900,Y,-,0.1712,,0.5,1,Y,11
900,Y,A,0.7828,0.05713,5,2,Y,11
900,Y,C,-1.616,0.9185,2.5,2,Y,11
900,Y,D,-4.903,0.07495,5,2,Y,11
900,Y,E,-4.875,0.07283,1.5,2,Y,11
900,Y,F,-0.719,0.9135,3.5,2,Y,11
900,Y,G,-1.513,0.3663,4,2,Y,11
900,Y,H,-0.4447,0.07319,3,2,Y,11
900,Y,I,-1.112,0.806,4,2,Y,11
900,Y,K,-0.377,0.002899,2.5,2,Y,11
900,Y,L,-0.09195,0.3567,3,2,Y,11
900,Y,M,0.5925,,1.5,1,Y,11
900,Y,N,-1.063,0.3042,3.5,2,Y,11
900,Y,P,-4.889,0.09829,2.5,2,Y,11
900,Y,Q,-0.3213,0.4115,1.5,2,Y,11
900,Y,R,-2.484,2.983,3.5,2,Y,11
900,Y,S,-0.2944,0.6287,6.5,2,Y,11
900,Y,T,-0.6346,0.9862,4,2,Y,11
900,Y,V,-1.583,1.442,4,2,Y,11
900,Y,W,-2.51,0.2666,5.5,2,Y,11
900,Y,Y,0,0,,2,Y,11
901,T,-,-0.489,,0.5,1,T,11
901,T,A,-0.3408,1.328,5,2,T,11
901,T,C,-3.28,2.364,5,2,T,11
901,T,D,-0.6009,0.4989,6.5,2,T,11
901,T,E,-1.253,1.158,3.5,2,T,11
901,T,F,0.2565,0.3565,4.5,2,T,11
901,T,G,-0.84,0.4002,3.5,2,T,11
901,T,H,0.5453,0.4079,2,2,T,11
901,T,I,0.09324,0.2484,11.5,2,T,11
901,T,K,-0.3964,0.5315,3.5,2,T,11
901,T,L,0.7025,0.05367,3.5,2,T,11
901,T,M,0.7102,0.1824,5,2,T,11
901,T,N,0.7869,0.07905,4,2,T,11
901,T,P,-4.888,0.06152,5,2,T,11
901,T,Q,0.5685,0.1508,3.5,2,T,11
901,T,R,-0.0525,0.6889,6,2,T,11
901,T,S,0.4463,0.04752,6.5,2,T,11
901,T,T,0,0,,2,T,11
901,T,V,-1.201,1.056,3,2,T,11
901,T,W,-1.917,2.476,1.5,2,T,11
901,T,Y,0.1692,0.6051,3,2,T,11
902,E,*,-4.88,0.08132,11,2,E,11
902,E,-,-1.801,,0.5,1,E,11
902,E,A,-0.9665,0.4717,1.5,2,E,11
902,E,C,-4.87,0.0898,2,2,E,11
902,E,D,-0.908,1.305,10.5,2,E,11
902,E,E,0,0,,2,E,11
902,E,F,-2.514,,3,1,E,11
902,E,G,-1.747,0.1761,5,2,E,11
902,E,H,-0.2225,0.9636,3.5,2,E,11
902,E,I,-2.739,0.1435,3.5,2,E,11
902,E,K,0.2609,0.03253,7.5,2,E,11
902,E,L,-1.541,1.657,3.5,2,E,11
902,E,M,-0.504,1.044,2,2,E,11
902,E,N,0.6074,0.103,4.5,2,E,11
902,E,P,-4.825,0.1294,4.5,2,E,11
902,E,Q,-0.0637,0.6053,1.5,2,E,11
902,E,R,0.5615,0.3594,2.5,2,E,11
902,E,S,0.21,0.7728,1.5,2,E,11
902,E,T,-0.6953,0.3313,5,2,E,11
902,E,V,-3.114,2.321,1.5,2,E,11
902,E,W,-4.003,0.9164,2.5,2,E,11
902,E,Y,-3.248,,1,1,E,11
903,V,-,-0.7302,,0.5,1,V,11
903,V,A,-2.183,0.3401,6,2,V,11
903,V,C,-3.477,0.4271,2.5,2,V,11
903,V,D,-4.901,0.1202,3,2,V,11
903,V,E,-4.897,0.05586,3.5,2,V,11
903,V,F,-4.892,0.0495,2.5,2,V,11
903,V,G,-4.87,0.07566,2,2,V,11
903,V,H,-4.896,0.08697,3,2,V,11
903,V,I,0.2682,,1,1,V,11
903,V,K,-4.915,0.07071,5,2,V,11
903,V,L,-2.399,3.056,5.5,2,V,11
903,V,M,-2.557,0.379,4,2,V,11
903,V,N,-4.161,0.7976,1.5,2,V,11
903,V,P,-4.89,0.08273,3,2,V,11
903,V,Q,-4.832,0.02192,6,2,V,11
903,V,R,-5.005,,2.5,1,V,11
903,V,S,-4.903,0.08697,5,2,V,11
903,V,T,-2.532,1.894,4,2,V,11
903,V,V,0,0,,2,V,11
903,V,W,-4.289,0.7509,1.5,2,V,11
903,V,Y,-4.846,0.1739,3.5,2,V,11
904,R,-,0.3966,,0.5,1,R,11
904,R,A,-0.7016,2.024,1.5,2,R,11
904,R,C,-4.883,0.09334,1.5,2,R,11
904,R,D,-4.875,0.08415,4,2,R,11
904,R,E,-2.811,3.028,2.5,2,R,11
904,R,F,-4.887,0.05586,4,2,R,11
904,R,G,-4.571,0.2242,5.5,2,R,11
904,R,H,-3.325,0.3246,3.5,2,R,11
904,R,I,-4.742,0.3359,4.5,2,R,11
904,R,K,-0.2024,0.2542,4.5,2,R,11
904,R,L,-4.195,0.4455,15.5,2,R,11
904,R,M,-3.899,0.7163,3.5,2,R,11
904,R,N,-4.519,0.4568,6,2,R,11
904,R,P,-4.829,0.02051,3.5,2,R,11
904,R,Q,-2.367,1.466,9,2,R,11
904,R,R,0,0,,2,R,11
904,R,S,-0.3118,0.1809,2,2,R,11
904,R,T,-4.538,0.04667,4.5,2,R,11
904,R,V,-4.795,0.2277,6.5,2,R,11
904,R,W,-3.49,0.7828,17.5,2,R,11
904,R,Y,-4.029,1.075,2,2,R,11
905,A,-,0.2739,,0.5,1,A,11
905,A,A,0,0,,2,A,11
905,A,C,-1.724,2.373,2,2,A,11
905,A,D,-1.253,0.5893,8.5,2,A,11
905,A,E,-3.02,0.5544,3,2,A,11
905,A,F,-0.7109,0.1274,8.5,2,A,11
905,A,G,-0.9638,0.4698,5,2,A,11
905,A,H,-0.2832,0.9738,5,2,A,11
905,A,I,-0.1055,0.1509,6,2,A,11
905,A,K,-1.309,3.032,2.5,2,A,11
905,A,L,-1.318,1.593,1.5,2,A,11
905,A,M,0.1529,0.225,5,2,A,11
905,A,N,0.447,0.3559,5.5,2,A,11
905,A,P,-4.893,0.09051,3,2,A,11
905,A,Q,0.8433,,1,1,A,11
905,A,R,-0.1369,0.4569,7.5,2,A,11
905,A,S,0.2228,0.2521,10,2,A,11
905,A,T,-0.3225,0.8026,8.5,2,A,11
905,A,V,0.1492,0.7326,5.5,2,A,11
905,A,W,-2.164,0.8111,2.5,2,A,11
905,A,Y,-0.26,0.1693,3.5,2,A,11
906,S,-,0.413,0.2922,1,2,S,11
906,S,A,-2.413,3.154,2,2,S,11
906,S,C,-3.385,0.1322,3.5,2,S,11
906,S,D,-4.873,0.0792,2.5,2,S,11
906,S,E,-0.2054,0.7434,5,2,S,11
906,S,F,-3.359,0.5827,5.5,2,S,11
906,S,G,-3.543,1.098,4,2,S,11
906,S,H,-1.887,0.1683,7,2,S,11
906,S,I,-3.923,0.01273,6,2,S,11
906,S,K,-1.06,1.387,1.5,2,S,11
906,S,L,-2.163,0.2913,6,2,S,11
906,S,M,-0.9919,0.03118,6.5,2,S,11
906,S,N,-1.353,0.1718,2,2,S,11
906,S,P,-4.906,0.07425,4,2,S,11
906,S,Q,0.4739,0.3999,4,2,S,11
906,S,R,-4.94,,1,1,S,11
906,S,S,0,0,,2,S,11
906,S,T,-1.925,0.1153,10.5,2,S,11
906,S,V,-4.83,,2,1,S,11
906,S,W,-4.202,1.056,4,2,S,11
906,S,Y,-1.657,0.6088,6,2,S,11
907,R,-,-1.538,2.809,1.5,2,R,11
907,R,A,-4.949,,1.5,1,R,11
907,R,C,-4.702,0.2531,8.5,2,R,11
907,R,D,-4.586,0.3564,5.5,2,R,11
907,R,E,-4.612,0.4752,2,2,R,11
907,R,F,-4.886,0.07142,7,2,R,11
907,R,G,-4.689,0.3394,3,2,R,11
907,R,H,-4.935,0.1004,21.5,2,R,11
907,R,I,-4.93,0.1018,8,2,R,11
907,R,K,-4.889,0.08485,3,2,R,11
907,R,L,-4.746,0.3649,5.5,2,R,11
907,R,M,-4.949,,1,1,R,11
907,R,N,-4.899,0.09263,4.5,2,R,11
907,R,P,-3.908,1.311,4,2,R,11
907,R,Q,-4.897,0.07283,3,2,R,11
907,R,R,0,0,,2,R,11
907,R,S,-4.846,0.006364,13,2,R,11
907,R,T,-4.896,0.1322,6,2,R,11
907,R,V,-4.91,0.09051,6,2,R,11
907,R,W,-4.893,0.1054,2,2,R,11
907,R,Y,-4.893,0.09051,4,2,R,11
908,Q,-,-0.5253,1.226,2,2,Q,11
908,Q,A,0.4144,0.312,2.5,2,Q,11
908,Q,C,-1.135,0.6102,5,2,Q,11
908,Q,D,-0.3507,0.3687,2.5,2,Q,11
908,Q,E,-0.1214,,0.5,1,Q,11
908,Q,F,-0.1044,0.8024,3,2,Q,11
908,Q,G,-0.4116,0.2879,6.5,2,Q,11
908,Q,H,0.1192,0.2152,3,2,Q,11
908,Q,I,-0.5155,1.259,4.5,2,Q,11
908,Q,K,-0.831,0.07651,9,2,Q,11
908,Q,L,-0.3826,0.09298,2.5,2,Q,11
908,Q,M,-1.006,0.1042,3,2,Q,11
908,Q,N,-0.875,1.243,6,2,Q,11
908,Q,P,-4.867,0.1153,5.5,2,Q,11
908,Q,Q,0,0,,2,Q,11
908,Q,R,0.0352,0.7208,7.5,2,Q,11
908,Q,S,-0.189,0.6438,2.5,2,Q,11
908,Q,T,-2.357,1.765,2,2,Q,11
908,Q,V,-0.4116,0.3492,6.5,2,Q,11
908,Q,W,-0.2749,0.1643,3.5,2,Q,11
908,Q,Y,0.08035,0.8272,1.5,2,Q,11
909,L,-,-0.4682,0.35,1.5,2,L,11
909,L,A,-1.581,0.7022,2.5,2,L,11
909,L,C,-4.88,0.08627,2,2,L,11
909,L,D,-4.709,0.3394,3.5,2,L,11
909,L,E,-3.437,0.08202,4.5,2,L,11
909,L,F,-3.144,1.4,3.5,2,L,11
909,L,G,-4.892,0.05233,4.5,2,L,11
909,L,H,-2.362,0.483,5,2,L,11
909,L,I,-0.8068,0.2746,1,2,L,11
909,L,K,-1.45,0.362,1,2,L,11
909,L,L,0,0,,2,L,11
909,L,M,-0.8344,0.8409,5.5,2,L,11
909,L,N,-4.317,0.1534,7,2,L,11
909,L,P,-4.906,0.0799,8,2,L,11
909,L,Q,-1.398,1.388,1.5,2,L,11
909,L,R,-0.8029,1.682,7,2,L,11
909,L,S,-4.678,0.4674,3.5,2,L,11
909,L,T,-1.716,0.3988,5.5,2,L,11
909,L,V,-0.4334,,1,1,L,11
909,L,W,-3.093,2.638,2,2,L,11
909,L,Y,-1.848,0.6944,2.5,2,L,11
910,A,-,-1.81,0.3104,1.5,2,A,11
910,A,A,0,0,,2,A,11
910,A,C,-3.486,0.6343,4,2,A,11
910,A,D,-4.881,0.0594,6,2,A,11
910,A,E,-4.962,,1.5,1,A,11
910,A,F,-4.888,0.1633,5.5,2,A,11
910,A,G,-4.905,0.09546,5.5,2,A,11
910,A,H,-4.615,0.5501,7.5,2,A,11
910,A,I,-4.918,0.09051,6.5,2,A,11
910,A,K,-4.878,0.1273,6.5,2,A,11
910,A,L,-4.893,0.07142,2.5,2,A,11
910,A,M,-4.714,0.1669,2,2,A,11
910,A,N,-4.877,0.07,2,2,A,11
910,A,P,-4.752,0.2744,5.5,2,A,11
910,A,Q,-2.241,3.857,3,2,A,11
910,A,R,-4.883,0.08485,1.5,2,A,11
910,A,S,-3.05,0.664,5.5,2,A,11
910,A,T,-2.94,2.723,6.5,2,A,11
910,A,V,-4.357,0.0601,7,2,A,11
910,A,W,-4.85,0.1655,8.5,2,A,11
910,A,Y,-4.808,0.2135,2.5,2,A,11
911,Q,*,-3.076,0.42,2,2,Q,11
911,Q,-,0.0489,0.04661,1,2,Q,11
911,Q,A,-3.252,2.181,2,2,Q,11
911,Q,C,-2.306,1.643,3.5,2,Q,11
911,Q,D,-4.417,0.1025,7.5,2,Q,11
911,Q,E,-1.28,0.7653,2,2,Q,11
911,Q,G,-1.841,0.2107,4.5,2,Q,11
911,Q,H,-1.315,0.5733,15,2,Q,11
911,Q,I,-0.4482,0.8086,5.5,2,Q,11
911,Q,K,-0.0068,0.5033,9.5,2,Q,11
911,Q,L,-0.7637,0.5407,4,2,Q,11
911,Q,M,-1.008,1.09,2,2,Q,11
911,Q,N,-0.4844,0.1343,4.5,2,Q,11
911,Q,P,-4.901,0.08768,3.5,2,Q,11
911,Q,Q,0,0,,2,Q,11
911,Q,R,-0.0405,0.3613,6,2,Q,11
911,Q,S,-0.8366,0.3386,1.5,2,Q,11
911,Q,T,0.4341,0.2928,2.5,2,Q,11
911,Q,V,-1.796,,0.5,1,Q,11
911,Q,W,-4.267,0.07212,4,2,Q,11
911,Q,Y,-2.457,0.5056,3,2,Q,11
912,Q,*,-3.279,2.332,2,2,Q,11
912,Q,-,0.1279,0.1717,1,2,Q,11
912,Q,A,-0.08,0.3323,5,2,Q,11
912,Q,C,-2.92,,3,1,Q,11
912,Q,D,-2.245,2.951,2.5,2,Q,11
912,Q,E,-3.456,2.154,1.5,2,Q,11
912,Q,F,-1.599,0.08273,3,2,Q,11
912,Q,G,-3.289,1.445,2,2,Q,11
912,Q,H,-0.7131,0.2865,9.5,2,Q,11
912,Q,I,-0.4444,0.9526,2,2,Q,11
912,Q,K,-0.2495,0.9755,7,2,Q,11
912,Q,L,-0.5993,0.4219,3,2,Q,11
912,Q,M,-2.571,2.984,2.5,2,Q,11
912,Q,N,-2.707,1.318,2,2,Q,11
912,Q,P,-4.858,0.09617,4,2,Q,11
912,Q,Q,0,0,,2,Q,11
912,Q,R,-1.041,0.3936,4,2,Q,11
912,Q,S,0.1484,0.8578,2,2,Q,11
912,Q,T,-0.5507,0.08945,4,2,Q,11
912,Q,V,-1.159,0.09899,4,2,Q,11
912,Q,W,-0.7062,1.253,4,2,Q,11
912,Q,Y,-1.309,0.1534,4,2,Q,11
913,K,-,0.1045,,0.5,1,K,11
913,K,A,-4.886,0.09829,2.5,2,K,11
913,K,C,-4.422,,1,1,K,11
913,K,D,-4.816,0.2008,5.5,2,K,11
913,K,E,-4.907,0.06081,5.5,2,K,11
913,K,F,-4.893,0.08132,5,2,K,11
913,K,G,-4.798,0.1817,2,2,K,11
913,K,H,-4.894,0.08839,3.5,2,K,11
913,K,I,-4.845,0.01131,6,2,K,11
913,K,K,0,0,,2,K,11
913,K,L,-4.508,0.6201,4,2,K,11
913,K,M,-4.913,0.06505,4,2,K,11
913,K,N,-4.921,0.07425,18,2,K,11
913,K,P,-4.801,0.2093,3,2,K,11
913,K,Q,-4.904,0.1117,5.5,2,K,11
913,K,R,-3.758,0.5763,3,2,K,11
913,K,S,-4.792,0.2793,6,2,K,11
913,K,T,-4.893,0.1082,5.5,2,K,11
913,K,V,-4.91,0.07707,6.5,2,K,11
913,K,W,-4.951,,2,1,K,11
913,K,Y,-4.928,0.1025,9,2,K,11
914,V,-,0.5727,,0.5,1,V,11
914,V,A,-4.875,0.08485,4,2,V,11
914,V,C,-4.55,0.5614,3.5,2,V,11
914,V,D,-4.454,0.6689,3,2,V,11
914,V,E,-4.462,0.7552,2,2,V,11
914,V,F,-4.923,0.09263,9,2,V,11
914,V,G,-3.298,2.215,3.5,2,V,11
914,V,H,-4.701,0.3182,3,2,V,11
914,V,I,-0.02763,0.09639,8.5,2,V,11
914,V,K,-4.817,,1,1,V,11
914,V,L,-4.79,0.2425,2.5,2,V,11
914,V,M,-4.794,0.2164,3,2,V,11
914,V,N,-4.834,,1.5,1,V,11
914,V,P,-4.263,0.8174,2.5,2,V,11
914,V,Q,-3.513,0.2333,2,2,V,11
914,V,R,-4.816,0.2546,2.5,2,V,11
914,V,S,-4.878,0.09122,5.5,2,V,11
914,V,T,-4.822,0.2199,3.5,2,V,11
914,V,V,0,0,,2,V,11
914,V,W,-4.74,0.2963,6.5,2,V,11
914,V,Y,-4.931,0.1039,5,2,V,11
915,N,-,-1.998,,1,1,N,11
915,N,A,-1.751,1.48,3,2,N,11
915,N,C,-2.627,1.179,4,2,N,11
915,N,D,0.4538,0.2127,4,2,N,11
915,N,E,0.0691,1.069,2.5,2,N,11
915,N,F,-0.4113,0.8481,6,2,N,11
915,N,G,-0.5659,0.7299,6,2,N,11
915,N,H,-1.062,1.616,7,2,N,11
915,N,I,-1.269,0.8526,4,2,N,11
915,N,K,-0.1581,0.4656,5.5,2,N,11
915,N,L,-0.6624,0.315,3.5,2,N,11
915,N,M,-1.72,0.8217,2,2,N,11
915,N,N,0,0,,2,N,11
915,N,P,-4.842,0.1775,5.5,2,N,11
915,N,Q,0.7796,0.04985,1,2,N,11
915,N,R,-0.4839,1.291,4,2,N,11
915,N,S,-2.039,2.687,6.5,2,N,11
915,N,T,-0.7444,1.343,2,2,N,11
915,N,V,0.4195,0.5528,3,2,N,11
915,N,W,-1.706,0.1146,1,2,N,11
915,N,Y,-0.6726,0.5677,4.5,2,N,11
916,E,*,-4.878,0.02828,8.5,2,E,11
916,E,-,-0.5091,,1,1,E,11
916,E,A,-3.466,2.07,2.5,2,E,11
916,E,C,-4.67,0.1301,6,2,E,11
916,E,D,-1.723,0.1358,12.5,2,E,11
916,E,E,0,0,,2,E,11
916,E,F,-4.912,0.0997,3.5,2,E,11
916,E,G,-3.952,0.7842,3.5,2,E,11
916,E,H,-2.518,1.134,2,2,E,11
916,E,I,-4.774,0.04738,3,2,E,11
916,E,K,-4.473,0.461,14,2,E,11
916,E,L,-2.738,1.315,2,2,E,11
916,E,M,-2.5,0.5636,4.5,2,E,11
916,E,N,-3.133,1.034,4.5,2,E,11
916,E,P,-4.879,0.09829,2,2,E,11
916,E,Q,-0.9163,2.241,1.5,2,E,11
916,E,R,-4.329,,2,1,E,11
916,E,S,-2.433,0.1966,3,2,E,11
916,E,T,-2.893,0.3783,3,2,E,11
916,E,V,-3.997,0.9306,6,2,E,11
916,E,W,-4.857,0.01909,6.5,2,E,11
916,E,Y,-4.262,0.2234,4.5,2,E,11
917,C,*,-4.699,0.1775,4,2,C,11
917,C,-,-0.06113,,1,1,C,11
917,C,A,-4.881,0.06859,2.5,2,C,11
917,C,C,0,0,,2,C,11
917,C,D,-4.895,0.07212,5,2,C,11
917,C,E,0.166,,0.5,1,C,11
917,C,F,-4.902,0.07,9.5,2,C,11
917,C,G,-4.885,0.09122,3.5,2,C,11
917,C,H,-4.845,0.01909,4,2,C,11
917,C,I,-4.799,0.07425,6.5,2,C,11
917,C,K,-4.803,0.2411,5,2,C,11
917,C,L,-4.904,0.05728,4,2,C,11
917,C,M,-4.892,0.1089,5,2,C,11
917,C,N,-4.876,0.07212,3,2,C,11
917,C,P,-4.887,0.1011,3,2,C,11
917,C,Q,-4.884,0.09475,2.5,2,C,11
917,C,R,-4.912,0.1344,5.5,2,C,11
917,C,S,-4.906,0.09051,6,2,C,11
917,C,T,-4.9,0.123,7.5,2,C,11
917,C,V,-4.921,0.09405,7,2,C,11
917,C,W,-4.899,0.1188,3.5,2,C,11
917,C,Y,-4.707,0.3755,6,2,C,11
918,V,-,-3.752,,1,1,V,11
918,V,A,-4.309,0.9185,4.5,2,V,11
918,V,C,-1.732,0.2432,2.5,2,V,11
918,V,D,-4.878,0.09192,2.5,2,V,11
918,V,E,-2.764,2.752,3,2,V,11
918,V,F,-4.733,0.1711,3.5,2,V,11
918,V,G,-4.896,0.08344,1,2,V,11
918,V,H,-4.84,0.1782,7,2,V,11
918,V,I,-1.663,0.7099,5.5,2,V,11
918,V,K,-4.949,,1,1,V,11
918,V,L,-4.897,0.04596,8,2,V,11
918,V,M,-4.87,0.1513,13,2,V,11
918,V,N,-4.636,0.4448,2,2,V,11
918,V,P,-2.127,3.853,6,2,V,11
918,V,Q,-4.915,0.06435,7.5,2,V,11
918,V,R,-4.905,0.0601,5,2,V,11
918,V,S,-4.937,0.09899,5.5,2,V,11
918,V,T,-4.902,0.07566,4,2,V,11
918,V,V,0,0,,2,V,11
918,V,W,-4.889,0.09829,4,2,V,11
918,V,Y,-4.902,0.0792,2,2,V,11
919,K,-,-1.527,1.152,2.5,2,K,11
919,K,A,-3.276,0.7347,2,2,K,11
919,K,C,-4.808,0.2128,4,2,K,11
919,K,D,-4.895,0.07495,5,2,K,11
919,K,E,-4.867,0.001414,6.5,2,K,11
919,K,F,-4.775,,2,1,K,11
919,K,G,-4.894,0.1004,3.5,2,K,11
919,K,H,-4.497,0.6972,3.5,2,K,11
919,K,I,-0.9267,1.908,3,2,K,11
919,K,K,0,0,,2,K,11
919,K,L,-0.6647,0.3128,4,2,K,11
919,K,M,-0.8426,0.5224,2,2,K,11
919,K,N,-4.037,0.483,4,2,K,11
919,K,P,-4.903,0.08344,4,2,K,11
919,K,Q,-1.982,0.02687,5.5,2,K,11
919,K,R,0.1963,0.1597,5,2,K,11
919,K,S,-3.846,1.394,4.5,2,K,11
919,K,T,-3.232,1.945,2,2,K,11
919,K,V,-1.41,0.28,5,2,K,11
919,K,W,-4.836,0.1711,4,2,K,11
919,K,Y,-2.301,3.591,2.5,2,K,11
920,S,-,-2.728,2.091,2,2,S,11
920,S,A,0.4561,0.2813,4.5,2,S,11
920,S,C,-1.81,1.378,3.5,2,S,11
920,S,D,-0.0969,0.3349,3,2,S,11
920,S,E,0.5034,0.3543,2,2,S,11
920,S,F,-1.864,0.2652,3,2,S,11
920,S,G,0.7183,0.0495,6,2,S,11
920,S,H,-0.5825,1.889,3.5,2,S,11
920,S,I,-1.819,0.3564,8,2,S,11
920,S,K,-0.1444,0.9231,4.5,2,S,11
920,S,L,-0.7367,0.04688,5,2,S,11
920,S,M,-1.366,0.7182,2.5,2,S,11
920,S,N,0.1035,0.4178,6.5,2,S,11
920,S,P,-4.907,0.0594,2.5,2,S,11
920,S,Q,-1.535,2.582,3,2,S,11
920,S,R,0.5563,0.2909,6,2,S,11
920,S,S,0,0,,2,S,11
920,S,T,-3.904,0.8789,2,2,S,11
920,S,V,-1.588,0.355,3.5,2,S,11
920,S,W,-4.489,0.3818,3,2,S,11
920,S,Y,-1.482,0.4426,4,2,S,11
921,Q,*,-4.634,0.5204,1.5,2,Q,11
921,Q,-,-1.401,2.794,1.5,2,Q,11
921,Q,A,-3.048,0.227,3.5,2,Q,11
921,Q,C,-4.397,0.2319,8.5,2,Q,11
921,Q,D,-4.905,0.0601,2.5,2,Q,11
921,Q,E,-4.857,0,4,2,Q,11
921,Q,F,-1.478,0.3189,6,2,Q,11
921,Q,G,-4.88,0.0891,2.5,2,Q,11
921,Q,H,-0.8218,0.3383,12,2,Q,11
921,Q,I,-0.1502,0.2239,4,2,Q,11
921,Q,K,-4.308,0.2991,9,2,Q,11
921,Q,L,-2.093,0.1216,2.5,2,Q,11
921,Q,M,-1.829,0.9822,3.5,2,Q,11
921,Q,N,-3.651,0.1457,5.5,2,Q,11
921,Q,P,-4.27,0.7439,4,2,Q,11
921,Q,Q,0,0,,2,Q,11
921,Q,R,-0.3596,1.111,3,2,Q,11
921,Q,S,-3.946,0.1195,7.5,2,Q,11
921,Q,T,-2.747,0.1669,4.5,2,Q,11
921,Q,V,-0.8181,1.28,3.5,2,Q,11
921,Q,W,-1.142,,2.5,1,Q,11
921,Q,Y,-3.115,0.3677,2.5,2,Q,11
922,S,-,0.3228,0.1667,2,2,S,11
922,S,A,-2.49,1.515,4.5,2,S,11
922,S,C,-4.801,,0.5,1,S,11
922,S,D,-4.888,0.09051,3,2,S,11
922,S,E,-4.895,0.08768,5,2,S,11
922,S,F,-4.895,0.09192,3.5,2,S,11
922,S,G,-2.978,1.376,4.5,2,S,11
922,S,H,-4.748,0.285,3,2,S,11
922,S,I,-4.895,0.09405,7.5,2,S,11
922,S,K,-4.9,0.08627,4.5,2,S,11
922,S,L,-4.89,0.0799,4.5,2,S,11
922,S,M,-4.893,0.09051,3.5,2,S,11
922,S,N,-3.263,0.8167,12,2,S,11
922,S,P,-4.919,0.1202,5.5,2,S,11
922,S,Q,-4.904,0.1202,2.5,2,S,11
922,S,R,-4.921,0.1237,4,2,S,11
922,S,S,0,0,,2,S,11
922,S,T,-1.039,0.04313,6,2,S,11
922,S,V,-4.877,0.1054,5,2,S,11
922,S,W,-4.897,0.05657,2,2,S,11
922,S,Y,-4.809,0.05303,6.5,2,S,11
923,K,*,0.07497,,0.5,1,K,11
923,K,-,-1.504,0.4186,2,2,K,11
923,K,A,-0.2365,,3,1,K,11
923,K,C,-4.837,0.1379,6,2,K,11
923,K,D,-1.18,0.02263,5,2,K,11
923,K,E,-1.486,0.6795,9,2,K,11
923,K,F,-0.2217,0.942,2.5,2,K,11
923,K,G,-1.556,0.461,2.5,2,K,11
923,K,H,0.2179,0.3615,4,2,K,11
923,K,I,-0.9496,0.7756,3.5,2,K,11
923,K,K,0,0,,2,K,11
923,K,L,-2.129,1.121,3,2,K,11
923,K,M,-2.089,3.233,4,2,K,11
923,K,N,-1.152,0.1259,4,2,K,11
923,K,P,-1.055,0.5269,4,2,K,11
923,K,Q,-0.6945,0.6753,3,2,K,11
923,K,R,-0.9503,1.664,2.5,2,K,11
923,K,S,0.02415,0.6226,3.5,2,K,11
923,K,T,0.738,,2,1,K,11
923,K,V,-0.6969,0.3777,2.5,2,K,11
923,K,W,-2.554,,1,1,K,11
923,K,Y,-0.8855,0.736,3.5,2,K,11
924,R,-,-1.069,0.2512,1.5,2,R,11
924,R,A,-1.7,0.3811,2,2,R,11
924,R,C,-4.915,0.09546,6,2,R,11
924,R,D,-2.353,0.6675,4.5,2,R,11
924,R,E,-1.845,,1.5,1,R,11
924,R,F,-4.187,0.1952,6.5,2,R,11
924,R,G,-3.324,0.1018,4.5,2,R,11
924,R,H,0.4592,0.2916,3.5,2,R,11
924,R,I,-2.829,0.8259,9,2,R,11
924,R,K,-0.5483,0.3342,17.5,2,R,11
924,R,L,-0.8902,0.5357,3.5,2,R,11
924,R,M,-2.571,2.647,3,2,R,11
924,R,N,0.3759,0.1187,2.5,2,R,11
924,R,P,-4.751,0.128,4,2,R,11
924,R,Q,-1.211,,0.5,1,R,11
924,R,R,0,0,,2,R,11
924,R,S,-0.3313,0.1877,2,2,R,11
924,R,T,-1.181,1.078,8,2,R,11
924,R,V,-0.7223,0.08351,4,2,R,11
924,R,W,-4.646,0.0007071,3,2,R,11
924,R,Y,-3.637,1.396,6,2,R,11
925,Y,*,-3.884,1.476,1.5,2,Y,11
925,Y,-,-1.549,0.5402,2,2,Y,11
925,Y,A,-0.4463,0.1484,2.5,2,Y,11
925,Y,C,-0.5213,0.6164,3,2,Y,11
925,Y,E,-0.2124,0.4978,2.5,2,Y,11
925,Y,F,0.3977,0.007212,3.5,2,Y,11
925,Y,G,-0.2098,0.1412,3.5,2,Y,11
925,Y,H,-0.0527,0.8986,5,2,Y,11
925,Y,I,0.2941,0.5023,1.5,2,Y,11
925,Y,K,-0.6467,1.989,2,2,Y,11
925,Y,L,0.0498,0.8782,3.5,2,Y,11
925,Y,M,-0.6923,0.3639,2,2,Y,11
925,Y,N,0.0779,0.8936,1.5,2,Y,11
925,Y,P,-2.481,3.373,1.5,2,Y,11
925,Y,Q,0.5214,0.2213,3,2,Y,11
925,Y,R,0.3423,0.5868,2.5,2,Y,11
925,Y,S,0.4561,0.1524,4,2,Y,11
925,Y,T,0.339,0.6442,2,2,Y,11
925,Y,V,0.2956,0.5009,5,2,Y,11
925,Y,W,0.03575,0.05232,2.5,2,Y,11
925,Y,Y,0,0,,2,Y,11
926,G,-,-1.942,0.1966,2.5,2,G,11
926,G,A,-2.988,1.764,2.5,2,G,11
926,G,C,-4.586,0.3521,11.5,2,G,11
926,G,D,-0.2038,0.03224,13,2,G,11
926,G,E,-3.204,1.18,2.5,2,G,11
926,G,F,-4.712,0.1103,4.5,2,G,11
926,G,G,0,0,,2,G,11
926,G,H,-1.05,0.2514,5,2,G,11
926,G,I,-3.29,2.228,2.5,2,G,11
926,G,K,-2.683,1.038,3.5,2,G,11
926,G,L,-3.004,2.729,1,2,G,11
926,G,M,-3.189,0.2227,4.5,2,G,11
926,G,N,0.3229,0.04306,4,2,G,11
926,G,P,-4.893,0.1011,3.5,2,G,11
926,G,Q,-1.246,0.5052,3.5,2,G,11
926,G,R,-2.604,1.773,3.5,2,G,11
926,G,S,-0.7415,0.7078,7,2,G,11
926,G,T,0.4905,,1.5,1,G,11
926,G,V,-4.901,0.07354,6,2,G,11
926,G,W,-4.871,0.123,6,2,G,11
926,G,Y,-2.842,0.5869,5.5,2,G,11
927,F,-,-2.154,0.4886,2.5,2,F,11
927,F,A,-2.425,,6,1,F,11
927,F,C,-4.903,0.08485,3.5,2,F,11
927,F,D,-4.833,0.1761,5,2,F,11
927,F,E,-4.717,0.2093,3.5,2,F,11
927,F,F,0,0,,2,F,11
927,F,G,-4.915,0.1308,3,2,F,11
927,F,H,-3.068,,0.5,1,F,11
927,F,I,-2.087,1.23,4,2,F,11
927,F,K,-4.54,0.1435,4.5,2,F,11
927,F,L,-2.993,0.6357,8,2,F,11
927,F,M,-1.688,0.6237,2.5,2,F,11
927,F,N,-4.716,0.1421,2.5,2,F,11
927,F,P,-4.889,0.08344,2,2,F,11
927,F,Q,0.567,0.2317,3,2,F,11
927,F,R,-2.543,0.606,3,2,F,11
927,F,S,-4.37,0.6739,7,2,F,11
927,F,T,-2.853,2.242,3,2,F,11
927,F,V,-1.25,0.0297,5,2,F,11
927,F,W,-0.7901,1.191,5,2,F,11
927,F,Y,-1.251,0.9941,3,2,F,11
928,C,*,-1.747,3.549,2.5,2,C,11
928,C,-,-1.573,0.4335,3,2,C,11
928,C,A,-1.992,4,2,2,C,11
928,C,C,0,0,,2,C,11
928,C,D,-4.905,0.1018,3,2,C,11
928,C,E,-3.794,1.602,2,2,C,11
928,C,F,-4.905,0.09617,9,2,C,11
928,C,G,-4.335,0.8803,3,2,C,11
928,C,H,-4.899,0.09475,5,2,C,11
928,C,I,-4.897,0.1096,8.5,2,C,11
928,C,K,-4.883,0.0594,3.5,2,C,11
928,C,L,-4.885,0.09758,6,2,C,11
928,C,M,-4.933,0.0997,3.5,2,C,11
928,C,N,-4.888,0.0594,3,2,C,11
928,C,P,-4.991,,3.5,1,C,11
928,C,Q,-4.905,0.1004,2.5,2,C,11
928,C,R,-4.902,0.07707,8,2,C,11
928,C,S,-4.894,0.08415,4.5,2,C,11
928,C,T,-4.904,0.07707,8.5,2,C,11
928,C,V,-4.903,0.07849,3,2,C,11
928,C,W,-4.89,0.09617,3,2,C,11
928,C,Y,-4.912,0.06435,8,2,C,11
929,G,-,-2.267,3.855,5,2,G,11
929,G,A,-4.652,0.256,3,2,G,11
929,G,C,-4.921,0.1117,17,2,G,11
929,G,D,-4.919,0.07212,13.5,2,G,11
929,G,E,-4.919,0.07212,4.5,2,G,11
929,G,F,-4.89,0.1082,4.5,2,G,11
929,G,G,0,0,,2,G,11
929,G,H,-4.893,0.1068,3.5,2,G,11
929,G,I,-4.599,0.3147,3,2,G,11
929,G,K,-4.912,0.1294,4,2,G,11
929,G,L,-4.82,,2,1,G,11
929,G,M,-4.627,0.009192,7,2,G,11
929,G,N,-4.958,,2,1,G,11
929,G,P,-4.881,0.0891,2,2,G,11
929,G,Q,-4.794,0.2305,3.5,2,G,11
929,G,R,-4.894,0.08556,5,2,G,11
929,G,S,-4.846,0.2305,11.5,2,G,11
929,G,T,-4.897,0.09051,3.5,2,G,11
929,G,V,-4.835,0.1874,7,2,G,11
929,G,W,-4.912,0.0693,7.5,2,G,11
929,G,Y,-4.896,0.1138,3,2,G,11
930,N,-,-2.146,1.38,4.5,2,N,11
930,N,A,-3.242,1.06,1,2,N,11
930,N,C,-2.564,1.927,3.5,2,N,11
930,N,D,-3.396,0.2107,5.5,2,N,11
930,N,E,-2.624,1.011,4.5,2,N,11
930,N,F,-2.758,3.184,4,2,N,11
930,N,G,-4.517,,3,1,N,11
930,N,H,-4.176,,2.5,1,N,11
930,N,I,-2.376,1.063,3.5,2,N,11
930,N,K,-1.668,1.929,4,2,N,11
930,N,L,-4.205,0.1853,3,2,N,11
930,N,M,-2.106,2.357,1.5,2,N,11
930,N,N,0,0,,2,N,11
930,N,P,-4.507,0.4497,5,2,N,11
930,N,Q,-3.218,1.398,3,2,N,11
930,N,R,-2.828,1.44,4,2,N,11
930,N,S,-1.917,0.7771,3,2,N,11
930,N,T,-2.644,0.3154,4,2,N,11
930,N,V,-2.799,0.7566,6.5,2,N,11
930,N,W,-2.407,0.8167,3,2,N,11
930,N,Y,-4.741,0.3069,6.5,2,N,11
931,G,-,-0.8986,1.469,4,2,G,11
931,G,A,-4.894,0.0495,3,2,G,11
931,G,C,-4.788,0.2432,13,2,G,11
931,G,D,-4.808,0.2383,15.5,2,G,11
931,G,E,-4.915,0.07566,2,2,G,11
931,G,F,-4.898,0.1174,6,2,G,11
931,G,G,0,0,,2,G,11
931,G,H,-4.883,0.07,5.5,2,G,11
931,G,I,-4.831,,1.5,1,G,11
931,G,K,-4.726,0.1683,7.5,2,G,11
931,G,L,-4.908,0.08485,6.5,2,G,11
931,G,M,-4.902,0.07495,5.5,2,G,11
931,G,N,-4.895,0.06435,3,2,G,11
931,G,P,-4.898,0.07212,2,2,G,11
931,G,Q,-4.563,0.3592,4,2,G,11
931,G,R,-4.883,0.06293,2.5,2,G,11
931,G,S,-4.87,0.1457,11,2,G,11
931,G,T,-4.736,0.2447,5,2,G,11
931,G,V,-4.826,0.1874,8.5,2,G,11
931,G,W,-4.911,0.0898,6.5,2,G,11
931,G,Y,-4.89,0.09899,2.5,2,G,11
932,T,-,-0.1868,1.123,3.5,2,T,11
932,T,A,-1.458,0.5077,5,2,T,11
932,T,C,-4.623,0.4653,6,2,T,11
932,T,D,-4.608,0.3684,1,2,T,11
932,T,E,-4.418,,1.5,1,T,11
932,T,F,-0.9667,1.003,4.5,2,T,11
932,T,G,-3.98,0.9843,3.5,2,T,11
932,T,H,0.07075,0.5279,4,2,T,11
932,T,I,-1.873,1.401,6,2,T,11
932,T,K,-1.187,1.79,2,2,T,11
932,T,L,-0.6219,0.4226,5.5,2,T,11
932,T,M,-0.1704,1.147,5,2,T,11
932,T,N,-1.069,0.6025,7,2,T,11
932,T,P,-2.031,0.3048,4,2,T,11
932,T,Q,-2.034,0.2461,4.5,2,T,11
932,T,R,-1.029,0.2135,3,2,T,11
932,T,S,0.2267,0.7963,5,2,T,11
932,T,T,0,0,,2,T,11
932,T,V,-0.9192,0.2712,6.5,2,T,11
932,T,W,-2.224,2.061,2,2,T,11
932,T,Y,-0.2619,0.7473,5.5,2,T,11
933,H,-,-2.986,0.2369,3.5,2,H,11
933,H,A,-4.888,0.0495,3,2,H,11
933,H,C,-4.887,0.1018,3,2,H,11
933,H,D,-2.183,3.276,1.5,2,H,11
933,H,E,-4.884,0.09334,4,2,H,11
933,H,F,-4.907,0.1287,2,2,H,11
933,H,G,-4.896,0.09475,3.5,2,H,11
933,H,H,0,0,,2,H,11
933,H,I,-4.64,0.4865,6.5,2,H,11
933,H,K,-4.851,0.1068,1.5,2,H,11
933,H,L,-4.889,0.1032,3.5,2,H,11
933,H,M,-4.896,0.07849,3.5,2,H,11
933,H,N,-4.825,0.01626,18,2,H,11
933,H,P,-4.88,0.09475,2.5,2,H,11
933,H,Q,-4.879,0.1103,3.5,2,H,11
933,H,R,-4.906,0.1301,4,2,H,11
933,H,S,-4.889,0.06788,2.5,2,H,11
933,H,T,-4.885,0.1704,5.5,2,H,11
933,H,V,-4.404,0.7432,4,2,H,11
933,H,W,-4.893,0.09334,3.5,2,H,11
933,H,Y,-4.898,0.0601,5,2,H,11
934,I,-,-0.2038,0.4131,4,2,I,11
934,I,A,-2.374,2.691,2,2,I,11
934,I,C,-4.834,0.06081,5.5,2,I,11
934,I,D,-4.839,0.2256,3,2,I,11
934,I,E,-4.887,0.1004,4.5,2,I,11
934,I,F,0.0269,0.2471,3.5,2,I,11
934,I,G,-4.869,0.1146,3,2,I,11
934,I,H,0.2159,0.7692,2,2,I,11
934,I,I,0,0,,2,I,11
934,I,K,-4.639,0.1393,3.5,2,I,11
934,I,L,0.1518,0.01916,3.5,2,I,11
934,I,M,0.5577,0.06512,4,2,I,11
934,I,N,-4.904,0.06293,4,2,I,11
934,I,P,-4.899,0.08344,5,2,I,11
934,I,Q,-4.873,0.07354,4,2,I,11
934,I,R,-4.88,0.07071,4,2,I,11
934,I,S,-4.88,0.08273,3,2,I,11
934,I,T,-4.516,0.6343,5,2,I,11
934,I,V,-0.8442,0.4721,7.5,2,I,11
934,I,W,0.5417,0.2913,5.5,2,I,11
934,I,Y,0.5874,0.05013,3,2,I,11
935,F,-,-0.4387,1.502,4.5,2,F,11
935,F,A,-4.772,0.2878,5,2,F,11
935,F,C,-4.844,0.004243,5,2,F,11
935,F,D,-4.783,0.05798,5.5,2,F,11
935,F,E,-4.895,0.07637,3.5,2,F,11
935,F,F,0,0,,2,F,11
935,F,G,-4.835,0.002828,2.5,2,F,11
935,F,H,-4.796,0.0297,3.5,2,F,11
935,F,I,-4.921,0.1124,2.5,2,F,11
935,F,K,-4.939,,1,1,F,11
935,F,L,-4.867,0.07,2.5,2,F,11
935,F,M,-4.194,1.066,1.5,2,F,11
935,F,N,-4.837,0.02616,5,2,F,11
935,F,P,-0.5355,,0.5,1,F,11
935,F,Q,-4.888,0.09899,2,2,F,11
935,F,R,-4.892,0.1047,5.5,2,F,11
935,F,S,-4.906,0.07495,4,2,F,11
935,F,T,-4.906,0.08273,4,2,F,11
935,F,V,-4.756,0.1577,2,2,F,11
935,F,W,-4.713,0.186,2,2,F,11
935,F,Y,-4.71,0.3726,6.5,2,F,11
936,S,-,-0.356,0.9984,4.5,2,S,11
936,S,A,-4.827,,1,1,S,11
936,S,C,-4.755,0.2871,3.5,2,S,11
936,S,D,-4.897,0.0891,4,2,S,11
936,S,E,-4.873,,3.5,1,S,11
936,S,F,-4.787,0.2284,5,2,S,11
936,S,G,-4.883,0.09687,4,2,S,11
936,S,H,-2.472,3.533,3,2,S,11
936,S,I,-4.926,0.1138,11,2,S,11
936,S,K,-3.49,2.062,3,2,S,11
936,S,L,-3.359,2.237,5,2,S,11
936,S,M,-4.893,0.07566,4,2,S,11
936,S,N,-4.749,0.1442,11,2,S,11
936,S,P,-4.901,0.116,3,2,S,11
936,S,Q,-4.688,0.09405,2,2,S,11
936,S,R,-4.812,0.1534,9,2,S,11
936,S,S,0,0,,2,S,11
936,S,T,-0.5936,1.899,2,2,S,11
936,S,V,-4.762,0.2432,4,2,S,11
936,S,W,-4.866,0.02263,5,2,S,11
936,S,Y,-4.756,,0.5,1,S,11
937,I,-,-0.1406,0.5016,4,2,I,11
937,I,A,-3.817,1.611,3,2,I,11
937,I,C,-4.92,0.111,5,2,I,11
937,I,D,-3.749,1.708,3,2,I,11
937,I,E,-4.508,0.6201,1,2,I,11
937,I,F,-1.282,0.818,3.5,2,I,11
937,I,G,-4.905,0.1287,4.5,2,I,11
937,I,H,-4.895,0.09475,5,2,I,11
937,I,I,0,0,,2,I,11
937,I,K,-4.909,0.07,3.5,2,I,11
937,I,L,0.2152,0.2723,3.5,2,I,11
937,I,M,0.3972,,4,1,I,11
937,I,N,-4.906,0.07142,7.5,2,I,11
937,I,P,-4.877,0.1167,5,2,I,11
937,I,Q,-4.892,0.06081,6.5,2,I,11
937,I,R,-4.907,0.1039,4.5,2,I,11
937,I,S,-4.681,0.3917,3.5,2,I,11
937,I,T,-4.7,0.006364,6,2,I,11
937,I,V,-0.00628,0.06874,4.5,2,I,11
937,I,W,-4.812,0.2404,6.5,2,I,11
937,I,Y,-4.912,0.1287,2,2,I,11
938,V,-,0.5767,0.2107,3,2,V,11
938,V,A,0.3931,0.4785,3,2,V,11
938,V,C,-1.281,0.8485,2.5,2,V,11
938,V,D,-4.889,0.08344,3,2,V,11
938,V,E,-4.896,0.07283,4.5,2,V,11
938,V,F,-4.869,0.0297,5,2,V,11
938,V,G,-4.908,0.08768,6,2,V,11
938,V,H,-4.927,,1.5,1,V,11
938,V,I,-0.1238,0.2094,4,2,V,11
938,V,K,-4.894,0.111,4.5,2,V,11
938,V,L,-1.609,0.5515,5.5,2,V,11
938,V,M,-4.893,0.1167,14,2,V,11
938,V,N,-3.161,2.602,2.5,2,V,11
938,V,P,-0.0279,0.8696,4.5,2,V,11
938,V,Q,-4.929,0.1131,7.5,2,V,11
938,V,R,-4.898,0.09192,4,2,V,11
938,V,S,-4.84,0.186,3,2,V,11
938,V,T,-4.247,0.4921,3,2,V,11
938,V,V,0,0,,2,V,11
938,V,W,-4.44,0.7099,3,2,V,11
938,V,Y,-4.886,0.09263,3,2,V,11
939,N,-,-1.321,2.203,3.5,2,N,11
939,N,A,-4.897,0.09263,4,2,N,11
939,N,C,-4.342,0.9171,4.5,2,N,11
939,N,D,-4.781,0.2369,6,2,N,11
939,N,E,-4.881,0.06435,2.5,2,N,11
939,N,F,-4.909,0.09122,4,2,N,11
939,N,G,-4.881,0.06505,3.5,2,N,11
939,N,H,-3.492,1.853,3,2,N,11
939,N,I,-4.861,0.02616,3.5,2,N,11
939,N,K,-4.745,0.3069,6,2,N,11
939,N,L,-4.899,0.0898,7.5,2,N,11
939,N,M,-2.383,3.706,1.5,2,N,11
939,N,N,0,0,,2,N,11
939,N,P,-4.873,0.0799,3.5,2,N,11
939,N,Q,0.6863,0.1082,4,2,N,11
939,N,R,-4.886,0.07425,5,2,N,11
939,N,S,-4.867,0.1181,3.5,2,N,11
939,N,T,-4.889,0.09687,2.5,2,N,11
939,N,V,-3.469,0.4929,5.5,2,N,11
939,N,W,-4.897,0.07637,5,2,N,11
939,N,Y,-3.316,2.321,2.5,2,N,11
940,A,-,-1.485,1.763,3.5,2,A,11
940,A,A,0,0,,2,A,11
940,A,C,-4.431,0.5784,3.5,2,A,11
940,A,D,-4.877,0.0601,5,2,A,11
940,A,E,-4.917,0.123,6,2,A,11
940,A,F,-4.896,0.07495,3.5,2,A,11
940,A,G,-0.4734,0.5818,4,2,A,11
940,A,H,-2.742,0.4405,1.5,2,A,11
940,A,I,-4.891,0.08132,3,2,A,11
940,A,K,-4.89,0.1054,3.5,2,A,11
940,A,L,-4.902,0.1089,5.5,2,A,11
940,A,M,-4.878,0.1711,4,2,A,11
940,A,N,-1.707,,3,1,A,11
940,A,P,-4.917,0.07071,5.5,2,A,11
940,A,Q,-1.759,3.641,2,2,A,11
940,A,R,-4.885,0.07354,1.5,2,A,11
940,A,S,-0.1507,0.6368,8,2,A,11
940,A,T,-2.812,1.051,19,2,A,11
940,A,V,-4.916,0.09051,10,2,A,11
940,A,W,-1.48,0.932,5,2,A,11
940,A,Y,-2.539,3.435,3.5,2,A,11
941,A,-,-0.4611,1.137,3.5,2,A,11
941,A,A,0,0,,2,A,11
941,A,C,-4.926,0.09758,4.5,2,A,11
941,A,D,-4.882,0.06647,4,2,A,11
941,A,E,-4.87,0.03606,7.5,2,A,11
941,A,F,-4.904,0.08202,3,2,A,11
941,A,G,-4.886,0.08132,4.5,2,A,11
941,A,H,-4.899,0.09758,2.5,2,A,11
941,A,I,-4.897,0.09475,3,2,A,11
941,A,K,-4.577,0.548,2.5,2,A,11
941,A,L,-4.907,0.08485,6.5,2,A,11
941,A,M,-4.806,0.2305,2,2,A,11
941,A,N,-4.89,0.07566,3.5,2,A,11
941,A,P,-4.815,0.2574,3,2,A,11
941,A,Q,-4.909,0.07283,6.5,2,A,11
941,A,R,-4.35,0.8613,2.5,2,A,11
941,A,S,-4.906,0.07425,10.5,2,A,11
941,A,T,-4.819,0.2199,8,2,A,11
941,A,V,-4.732,0.3613,5,2,A,11
941,A,W,-4.898,0.08485,4.5,2,A,11
941,A,Y,-4.452,0.7241,4,2,A,11
942,P,-,-0.05285,0.9274,3.5,2,P,11
942,P,A,-4.892,0.1117,3.5,2,P,11
942,P,C,-4.753,0.0007071,7,2,P,11
942,P,D,-2.787,3.031,2,2,P,11
942,P,E,-4.853,0.07425,2,2,P,11
942,P,F,-4.893,0.1054,5.5,2,P,11
942,P,G,-4.902,0.08697,4.5,2,P,11
942,P,H,-4.904,0.1032,8.5,2,P,11
942,P,I,-2.92,2.864,2,2,P,11
942,P,K,-4.879,0.09758,6.5,2,P,11
942,P,L,-4.917,0.07425,4,2,P,11
942,P,M,-4.918,0.1202,5,2,P,11
942,P,N,-4.693,0.3663,5.5,2,P,11
942,P,P,0,0,,2,P,11
942,P,Q,-4.881,0.0297,2.5,2,P,11
942,P,R,-4.79,0.09405,2.5,2,P,11
942,P,S,-4.697,0.0502,5.5,2,P,11
942,P,T,-4.88,0.1648,14,2,P,11
942,P,V,-4.898,0.04243,4.5,2,P,11
942,P,W,-4.873,0.1068,3.5,2,P,11
942,P,Y,-3.966,0.6102,2.5,2,P,11
943,E,*,-4.885,0.04525,7.5,2,E,11
943,E,-,-3.083,0.5544,3.5,2,E,11
943,E,A,-1.194,1.055,6.5,2,E,11
943,E,C,-0.0713,0.4489,5,2,E,11
943,E,D,-0.8358,0.07467,11.5,2,E,11
943,E,E,0,0,,2,E,11
943,E,F,0.369,,2,1,E,11
943,E,G,-1.28,0.513,7.5,2,E,11
943,E,H,0.7032,0.08683,3,2,E,11
943,E,I,-4.819,0.1124,5,2,E,11
943,E,K,-1.245,0.6879,9,2,E,11
943,E,L,0.4811,0.1684,5,2,E,11
943,E,M,-0.04574,0.1121,2.5,2,E,11
943,E,N,0.2901,0.1004,3,2,E,11
943,E,P,-4.895,0.1089,4.5,2,E,11
943,E,Q,0.6372,0.2203,6,2,E,11
943,E,R,-4.115,0.1626,3.5,2,E,11
943,E,S,0.5253,0.1934,1.5,2,E,11
943,E,T,-4.62,0.4716,6.5,2,E,11
943,E,V,-1.461,0.0495,3,2,E,11
943,E,W,0.7285,0.04624,3.5,2,E,11
943,E,Y,0.5209,0.154,8,2,E,11
944,G,-,-1.726,1.525,3.5,2,G,11
944,G,A,-4.909,0.07707,5.5,2,G,11
944,G,C,-4.928,0.1068,16.5,2,G,11
944,G,D,-4.862,0.1372,4.5,2,G,11
944,G,E,-4.909,0.08415,5,2,G,11
944,G,F,-4.883,0.0693,7,2,G,11
944,G,G,0,0,,2,G,11
944,G,H,-4.866,0.1683,4,2,G,11
944,G,I,-4.905,0.07495,4.5,2,G,11
944,G,K,-4.892,0.07849,4,2,G,11
944,G,L,-4.28,0.7601,1.5,2,G,11
944,G,M,-4.886,0.09051,4,2,G,11
944,G,N,-4.344,0.9051,2,2,G,11
944,G,P,-4.846,0.2157,3,2,G,11
944,G,Q,-4.903,0.08485,5,2,G,11
944,G,R,-4.899,0.1004,7.5,2,G,11
944,G,S,-4.669,0.2072,10,2,G,11
944,G,T,-4.891,0.08202,3.5,2,G,11
944,G,V,-4.922,0.09687,9.5,2,G,11
944,G,W,-4.691,0.0502,4,2,G,11
944,G,Y,-4.921,0.1216,5,2,G,11
945,L,-,-0.711,0.2785,3.5,2,L,11
945,L,A,-4.854,0.1386,5,2,L,11
945,L,C,-4.889,0.1039,2.5,2,L,11
945,L,D,-4.886,0.07425,3,2,L,11
945,L,E,-4.279,0.9857,5,2,L,11
945,L,F,-0.6803,1.642,4.5,2,L,11
945,L,G,-4.885,0.06223,2,2,L,11
945,L,H,-4.813,,1,1,L,11
945,L,I,-0.6825,0.6951,4,2,L,11
945,L,K,-4.894,0.07707,3.5,2,L,11
945,L,L,0,0,,2,L,11
945,L,M,-0.2889,0.178,8.5,2,L,11
945,L,N,-4.893,0.04738,2.5,2,L,11
945,L,P,-4.922,0.07495,13,2,L,11
945,L,Q,-4.824,0.239,3.5,2,L,11
945,L,R,-4.886,0.06293,3.5,2,L,11
945,L,S,-4.874,0.14,4.5,2,L,11
945,L,T,-4.966,,4,1,L,11
945,L,V,-0.5286,1.023,3.5,2,L,11
945,L,W,-4.882,0.09617,4,2,L,11
945,L,Y,-4.635,0.4575,4,2,L,11
946,V,-,0.3567,0.5306,2.5,2,V,11
946,V,A,-4.905,0.07495,9.5,2,V,11
946,V,C,-1.167,0.008485,3,2,V,11
946,V,D,-4.893,0.08132,1.5,2,V,11
946,V,E,-4.745,0.1195,7.5,2,V,11
946,V,F,-1.674,0.2772,6,2,V,11
946,V,G,-4.673,0.4122,4.5,2,V,11
946,V,H,-4.851,0.1591,3.5,2,V,11
946,V,I,0.0688,0.3219,4,2,V,11
946,V,K,-4.901,0.0898,4,2,V,11
946,V,L,0.1392,0.8628,6.5,2,V,11
946,V,M,0.436,0.03861,8,2,V,11
946,V,N,-4.848,0.1556,2.5,2,V,11
946,V,P,-4.888,0.08344,4,2,V,11
946,V,Q,-4.399,0.7679,3,2,V,11
946,V,R,-4.891,0.1633,6,2,V,11
946,V,S,-4.89,0.07778,4.5,2,V,11
946,V,T,-4.93,,1.5,1,V,11
946,V,V,0,0,,2,V,11
946,V,W,-4.91,0.07071,6.5,2,V,11
946,V,Y,-4.909,0.09758,5.5,2,V,11
947,F,-,-0.9974,0.6443,3,2,F,11
947,F,A,-4.929,,2,1,F,11
947,F,C,-4.12,1.005,2,2,F,11
947,F,D,-4.906,0.1252,3,2,F,11
947,F,E,-4.871,0.09758,3,2,F,11
947,F,F,0,0,,2,F,11
947,F,G,-4.799,0.2482,3,2,F,11
947,F,H,-4.867,,1.5,1,F,11
947,F,I,-4.572,0.5466,3,2,F,11
947,F,K,-4.875,0.07,3.5,2,F,11
947,F,L,-4.264,0.2949,11.5,2,F,11
947,F,M,-4.882,0.06647,2,2,F,11
947,F,N,-4.876,0.09617,3.5,2,F,11
947,F,P,-4.77,0.2503,3,2,F,11
947,F,Q,-4.889,0.08415,1.5,2,F,11
947,F,R,-4.735,0.2475,3,2,F,11
947,F,S,-4.712,0.3196,2,2,F,11
947,F,T,-4.902,0.06576,2.5,2,F,11
947,F,V,-4.888,0.07778,2,2,F,11
947,F,W,-4.886,0.05869,4.5,2,F,11
947,F,Y,-2.615,0.02758,4.5,2,F,11
948,L,-,-1.476,1.554,3,2,L,11
948,L,A,-4.997,,0.5,1,L,11
948,L,C,-4.797,0.227,3.5,2,L,11
948,L,D,-4.897,0.0997,6,2,L,11
948,L,E,-4.897,0.04525,1.5,2,L,11
948,L,F,-0.02035,1.04,4,2,L,11
948,L,G,-4.838,0.01344,5.5,2,L,11
948,L,H,-4.858,0.1428,5,2,L,11
948,L,I,-1.866,0.5855,5.5,2,L,11
948,L,K,-4.902,0.09829,4.5,2,L,11
948,L,L,0,0,,2,L,11
948,L,M,-1.209,1.084,5.5,2,L,11
948,L,N,-4.915,0.1047,5,2,L,11
948,L,P,-4.888,0.1138,6,2,L,11
948,L,Q,-4.869,0.0495,3,2,L,11
948,L,R,-4.862,0.2079,3,2,L,11
948,L,S,-4.848,0.1167,5.5,2,L,11
948,L,T,-4.982,,1.5,1,L,11
948,L,V,-4.9,0.09475,4.5,2,L,11
948,L,W,-4.913,0.1153,2,2,L,11
948,L,Y,-4.868,0.03253,4.5,2,L,11
949,H,-,-1.044,0.3493,2.5,2,H,11
949,H,A,-4.667,0.3734,6.5,2,H,11
949,H,C,-4.909,0.08202,5,2,H,11
949,H,D,-4.881,0.07,3,2,H,11
949,H,E,-4.905,0.06293,5.5,2,H,11
949,H,F,-4.761,0.2779,4.5,2,H,11
949,H,G,-4.876,0.1096,3,2,H,11
949,H,H,0,0,,2,H,11
949,H,I,-4.815,0.263,3,2,H,11
949,H,K,-2.532,3.492,2,2,H,11
949,H,L,-4.891,0.1068,4,2,H,11
949,H,M,-4.895,0.07566,3.5,2,H,11
949,H,N,-4.621,0.3125,4,2,H,11
949,H,P,-4.903,0.07849,3.5,2,H,11
949,H,Q,-4.888,0.0997,5,2,H,11
949,H,R,-4.83,0.1605,3,2,H,11
949,H,S,-4.758,0.3048,6,2,H,11
949,H,T,-4.899,0.111,5,2,H,11
949,H,V,-4.8,0.1902,4.5,2,H,11
949,H,W,-4.904,0.0891,4.5,2,H,11
949,H,Y,-4.897,0.04313,3.5,2,H,11
950,T,-,0.06132,0.08101,1.5,2,T,11
950,T,A,-1.814,3.461,2,2,T,11
950,T,C,-1.051,0.504,7,2,T,11
950,T,D,-4.895,0.07566,3,2,T,11
950,T,E,-4.921,0.1025,6,2,T,11
950,T,F,-1.579,3.191,4.5,2,T,11
950,T,G,-4.942,,0.5,1,T,11
950,T,H,-1.805,0.6859,4.5,2,T,11
950,T,I,-1.55,0.652,7,2,T,11
950,T,K,-4.877,0.07283,2.5,2,T,11
950,T,L,-2.498,2.01,1,2,T,11
950,T,M,-1.551,,2,1,T,11
950,T,N,-1.657,0.9574,4.5,2,T,11
950,T,P,-4.885,0.06364,3,2,T,11
950,T,Q,-4.904,0.08061,4,2,T,11
950,T,R,-4.899,0.04243,3.5,2,T,11
950,T,S,-1.232,0.1747,3.5,2,T,11
950,T,T,0,0,,2,T,11
950,T,V,-0.1869,0.1638,5.5,2,T,11
950,T,W,-0.7823,0.4139,3,2,T,11
950,T,Y,0.5017,0.193,1,2,T,11
951,V,-,-1.795,0.2581,3,2,V,11
951,V,A,-3.561,0.8917,3,2,V,11
951,V,C,-1.315,0.1082,4.5,2,V,11
951,V,D,-4.569,0.1237,5,2,V,11
951,V,E,-4.82,0.2022,5,2,V,11
951,V,F,-4.891,0.1068,4.5,2,V,11
951,V,G,-3.65,0.222,5,2,V,11
951,V,H,-4.881,0.1259,3,2,V,11
951,V,I,-0.8864,0.3205,4.5,2,V,11
951,V,K,-4.908,0.09617,7,2,V,11
951,V,L,-0.627,0.01011,11,2,V,11
951,V,M,-2.218,0.2694,14.5,2,V,11
951,V,N,-0.906,0.2546,2.5,2,V,11
951,V,P,-4.836,0.01838,2.5,2,V,11
951,V,Q,-4.886,0.0997,3,2,V,11
951,V,R,-4.762,0.3239,2.5,2,V,11
951,V,S,-3.753,1.382,2.5,2,V,11
951,V,T,-0.6636,1.43,2,2,V,11
951,V,V,0,0,,2,V,11
951,V,W,-4.897,0.1308,1,2,V,11
951,V,Y,-4.893,0.08627,2.5,2,V,11
952,L,-,-0.6217,1.275,2.5,2,L,11
952,L,A,-1.56,1.14,4,2,L,11
952,L,C,-4.518,0.6152,2.5,2,L,11
952,L,D,-4.899,0.09687,4.5,2,L,11
952,L,E,-4.806,0.1464,4.5,2,L,11
952,L,F,-0.7987,0.3398,4,2,L,11
952,L,G,-4.252,0.8407,4.5,2,L,11
952,L,H,-4.803,,2.5,1,L,11
952,L,I,-0.1178,0.003677,6,2,L,11
952,L,K,-4.513,0.5006,5.5,2,L,11
952,L,L,0,0,,2,L,11
952,L,M,-0.6615,0.4787,7.5,2,L,11
952,L,N,-4.917,0.06859,3,2,L,11
952,L,P,-4.888,0.09687,4.5,2,L,11
952,L,Q,-4.627,0.1853,6,2,L,11
952,L,R,-4.865,,1.5,1,L,11
952,L,S,-4.897,0.07707,3.5,2,L,11
952,L,T,-4.819,0.01626,4,2,L,11
952,L,V,-1.226,0.04313,5,2,L,11
952,L,W,-3.857,0.5763,2,2,L,11
952,L,Y,-1.867,0.2432,3,2,L,11
953,L,-,-1.703,0.5954,2.5,2,L,11
953,L,A,-0.1134,0.9139,3,2,L,11
953,L,C,-0.8025,0.1274,2,2,L,11
953,L,D,-2.26,0.0997,3.5,2,L,11
953,L,E,-2.214,,2.5,1,L,11
953,L,F,-1.026,0.4919,5,2,L,11
953,L,G,-3.181,2.034,3,2,L,11
953,L,H,-1.196,0.9803,5.5,2,L,11
953,L,I,-0.4114,0.8536,6.5,2,L,11
953,L,K,0.2678,0.3914,4,2,L,11
953,L,L,0,0,,2,L,11
953,L,M,0.124,0.03302,7.5,2,L,11
953,L,N,0.0042,0.5876,1.5,2,L,11
953,L,P,-4.887,0.1018,4,2,L,11
953,L,Q,-0.5259,0.867,7,2,L,11
953,L,R,-0.575,0.3659,4,2,L,11
953,L,S,0.3021,0.2423,4,2,L,11
953,L,T,0.3851,,0.5,1,L,11
953,L,V,-0.3693,0.4142,6,2,L,11
953,L,W,-0.7651,0.2274,5.5,2,L,11
953,L,Y,-0.9198,0.641,1.5,2,L,11
954,P,-,-0.6535,0.5508,2.5,2,P,11
954,P,A,0.1823,0.4002,4,2,P,11
954,P,C,-4.915,0.123,4,2,P,11
954,P,D,-4.864,0.06647,5.5,2,P,11
954,P,E,-2.001,,0.5,1,P,11
954,P,F,-2.809,0.3118,2.5,2,P,11
954,P,G,-2.099,0.9475,6.5,2,P,11
954,P,H,-2.966,0.2708,3,2,P,11
954,P,I,-4.117,1.132,4.5,2,P,11
954,P,K,-4.88,0.0601,4,2,P,11
954,P,L,-3.264,2.331,8,2,P,11
954,P,M,-4.278,0.9164,3,2,P,11
954,P,N,-1.492,2.256,3.5,2,P,11
954,P,P,0,0,,2,P,11
954,P,Q,-4.882,0.1146,9,2,P,11
954,P,R,-4.736,0.1209,5,2,P,11
954,P,S,-3.471,0.9051,7,2,P,11
954,P,T,-2.526,0.9546,8,2,P,11
954,P,V,-2.438,0.7891,5,2,P,11
954,P,W,-1.528,0.3507,7.5,2,P,11
954,P,Y,-0.844,,1.5,1,P,11
955,T,-,0.1022,,1,1,T,11
955,T,A,0.4531,0.2985,3,2,T,11
955,T,C,-0.7015,1.315,2.5,2,T,11
955,T,D,0.01665,0.6277,1.5,2,T,11
955,T,E,-0.4591,0.3959,2,2,T,11
955,T,F,-1.044,0.2445,3.5,2,T,11
955,T,G,-0.5636,0.7148,3.5,2,T,11
955,T,H,-1.284,0.9987,4,2,T,11
955,T,I,-1.615,2.013,4,2,T,11
955,T,K,-0.609,0.4329,8,2,T,11
955,T,L,0.2958,,0.5,1,T,11
955,T,M,0.00465,0.1607,4,2,T,11
955,T,N,-0.09439,0.06522,7,2,T,11
955,T,P,-4.894,0.1018,5,2,T,11
955,T,Q,0.5906,0.1528,6,2,T,11
955,T,R,-2.522,0.9892,5.5,2,T,11
955,T,S,0.6984,,0.5,1,T,11
955,T,T,0,0,,2,T,11
955,T,V,-0.5689,0.1263,4.5,2,T,11
955,T,W,-3.046,0.05798,6,2,T,11
955,T,Y,-1.149,0.5006,3,2,T,11
956,Q,*,-4.717,0.1174,4,2,Q,11
956,Q,-,0.4324,,1,1,Q,11
956,Q,A,-2.483,3.475,2.5,2,Q,11
956,Q,C,-0.8915,0.02843,4,2,Q,11
956,Q,D,0.2739,0.5955,1.5,2,Q,11
956,Q,E,0.0386,0.3161,5,2,Q,11
956,Q,F,-0.2222,0.6341,4,2,Q,11
956,Q,G,0.08967,0.1232,2,2,Q,11
956,Q,H,-0.6396,1.323,11.5,2,Q,11
956,Q,I,0.0094,0.3067,4,2,Q,11
956,Q,K,0.214,0.7768,4.5,2,Q,11
956,Q,L,-0.4365,0.2754,8,2,Q,11
956,Q,M,0.07475,0.192,4.5,2,Q,11
956,Q,N,0.8072,,1,1,Q,11
956,Q,P,-4.335,0.5777,5.5,2,Q,11
956,Q,Q,0,0,,2,Q,11
956,Q,R,0.3753,0.5135,6,2,Q,11
956,Q,S,-0.7377,0.7415,3,2,Q,11
956,Q,T,-0.3053,,3.5,1,Q,11
956,Q,V,-1.157,0.07212,4,2,Q,11
956,Q,W,-1.29,0.6126,3,2,Q,11
956,Q,Y,-0.7726,0.108,2.5,2,Q,11
957,Y,*,-4.726,0.2949,3,2,Y,11
957,Y,-,-0.7286,,1,1,Y,11
957,Y,A,-1.136,0.4762,3,2,Y,11
957,Y,C,-4.62,0.5035,3,2,Y,11
957,Y,D,-3.431,1.051,2.5,2,Y,11
957,Y,E,-2.234,0.1485,3,2,Y,11
957,Y,F,-0.6092,0.8511,5,2,Y,11
957,Y,G,-4.334,,1,1,Y,11
957,Y,H,-0.3605,0.827,4,2,Y,11
957,Y,I,-0.9454,0.701,4,2,Y,11
957,Y,K,-1.757,2.742,1.5,2,Y,11
957,Y,L,-0.574,0.6109,2,2,Y,11
957,Y,M,-0.5346,0.917,3,2,Y,11
957,Y,N,-0.9068,,1,1,Y,11
957,Y,P,-4.441,0.6215,5.5,2,Y,11
957,Y,Q,-0.1076,0.439,3,2,Y,11
957,Y,R,-0.7077,0.3987,2,2,Y,11
957,Y,S,-1.15,2.201,4,2,Y,11
957,Y,T,0.7689,0.1057,2.5,2,Y,11
957,Y,V,0.03186,,1.5,1,Y,11
957,Y,W,0.3133,0.4883,5,2,Y,11
957,Y,Y,0,0,,2,Y,11
958,K,-,-1.889,,0.5,1,K,11
958,K,A,-1.764,0.7686,2,2,K,11
958,K,C,-3.196,0.886,7,2,K,11
958,K,D,-2.186,0.02616,6,2,K,11
958,K,E,-2.123,3.812,2,2,K,11
958,K,F,-2.26,1.476,3,2,K,11
958,K,G,-2.662,0.314,1.5,2,K,11
958,K,H,-0.8003,1.606,4,2,K,11
958,K,I,-1.518,1.125,2,2,K,11
958,K,K,0,0,,2,K,11
958,K,L,-2.122,1.1,2.5,2,K,11
958,K,M,-2.513,3.043,1.5,2,K,11
958,K,N,-0.8285,0.251,1,2,K,11
958,K,P,-4.893,0.08061,3,2,K,11
958,K,Q,0.2661,0.2311,5,2,K,11
958,K,R,-0.737,0.277,4.5,2,K,11
958,K,S,-0.04976,0.07501,5,2,K,11
958,K,T,-0.01175,0.2747,3.5,2,K,11
958,K,V,-1.094,,1.5,1,K,11
958,K,W,-3.82,0.1344,3.5,2,K,11
958,K,Y,-1.371,0.9986,2.5,2,K,11
959,D,-,-4.433,,1,1,D,11
959,D,A,-0.1525,0.02362,6,2,D,11
959,D,C,-2.395,0.7156,3,2,D,11
959,D,D,0,0,,2,D,11
959,D,E,0.3917,0.4206,3.5,2,D,11
959,D,F,0.2914,0.4709,1,2,D,11
959,D,G,-0.6283,0.4977,3,2,D,11
959,D,H,-0.5112,0.1889,6.5,2,D,11
959,D,I,-1.201,0.8306,2,2,D,11
959,D,K,-1.353,0.0594,3.5,2,D,11
959,D,L,-0.4756,0.8745,2.5,2,D,11
959,D,M,-0.2261,0.7766,6,2,D,11
959,D,N,0.076,0.3492,9.5,2,D,11
959,D,P,-0.7742,0.0623,4.5,2,D,11
959,D,Q,-0.1133,0.07439,5,2,D,11
959,D,R,-0.8617,2.06,3,2,D,11
959,D,S,0.3909,0.2143,4,2,D,11
959,D,T,0.1093,0.192,3.5,2,D,11
959,D,V,-0.01905,0.1928,3.5,2,D,11
959,D,W,0.1184,0.07735,3,2,D,11
959,D,Y,-0.2473,0.9491,12,2,D,11
960,V,-,-1.099,,1,1,V,11
960,V,A,-0.8684,0.4137,4,2,V,11
960,V,C,-3.906,,0.5,1,V,11
960,V,D,-4.906,0.08556,5.5,2,V,11
960,V,E,-4.551,0.5756,5.5,2,V,11
960,V,F,-1.956,0.263,7,2,V,11
960,V,G,-3.355,2.23,2,2,V,11
960,V,I,-0.3041,0.4498,4,2,V,11
960,V,K,-1.397,0.8321,4.5,2,V,11
960,V,L,-1.268,0.9737,6,2,V,11
960,V,M,-0.62,0.2114,6,2,V,11
960,V,N,-4.89,0.1061,3,2,V,11
960,V,P,-4.901,0.09758,4.5,2,V,11
960,V,Q,-2.452,1.516,2,2,V,11
960,V,R,-2.935,2.708,2,2,V,11
960,V,S,-2.659,1.222,3.5,2,V,11
960,V,T,-1.111,1.157,4,2,V,11
960,V,V,0,0,,2,V,11
960,V,W,-4.909,0.1308,2.5,2,V,11
960,V,Y,-1.749,0.3833,6.5,2,V,11
961,E,*,-4.856,,3.5,1,E,11
961,E,-,-3.567,,1,1,E,11
961,E,A,-0.9898,0.4132,3.5,2,E,11
961,E,C,-0.4347,0.5815,3.5,2,E,11
961,E,D,0.1853,0.6092,12.5,2,E,11
961,E,E,0,0,,2,E,11
961,E,F,0.00475,0.6202,1.5,2,E,11
961,E,G,-0.9433,0.7407,4,2,E,11
961,E,H,0.044,0.8127,3,2,E,11
961,E,I,-0.1138,0.02287,4,2,E,11
961,E,K,-2.152,3.787,3.5,2,E,11
961,E,L,-0.1019,0.7398,3.5,2,E,11
961,E,M,0.5583,0.293,2,2,E,11
961,E,N,0.336,0.02772,3.5,2,E,11
961,E,P,0.1569,0.1595,8,2,E,11
961,E,Q,0.1077,0.5055,3,2,E,11
961,E,R,-0.4558,1.795,1,2,E,11
961,E,S,0.1284,0.2047,7,2,E,11
961,E,T,-0.3903,1.226,7,2,E,11
961,E,V,0.68,0.01442,5.5,2,E,11
961,E,W,-0.7481,0.5769,4,2,E,11
961,E,Y,-0.6371,1.701,3,2,E,11
962,A,-,-2.243,,1,1,A,11
962,A,A,0,0,,2,A,11
962,A,C,-1.247,1.246,4.5,2,A,11
962,A,D,-1.856,2.647,7,2,A,11
962,A,E,-3.043,0.2249,2,2,A,11
962,A,F,-3.168,1.183,3.5,2,A,11
962,A,G,-0.2207,0.6893,2.5,2,A,11
962,A,H,-0.3246,0.6708,3,2,A,11
962,A,I,-0.7092,0.1219,2,2,A,11
962,A,K,-4.918,0.0799,1,2,A,11
962,A,L,-3.218,0.4554,3.5,2,A,11
962,A,M,-3.468,0.8224,2,2,A,11
962,A,N,-2.757,2.138,3.5,2,A,11
962,A,P,-0.6629,0.5078,1.5,2,A,11
962,A,Q,-1.056,0.2114,4,2,A,11
962,A,R,-4.558,0.4554,2,2,A,11
962,A,S,0.3861,0.1514,9.5,2,A,11
962,A,T,0.3528,0.2614,8,2,A,11
962,A,V,-0.1371,0.1914,8.5,2,A,11
962,A,W,-1.117,0.3186,1.5,2,A,11
962,A,Y,-2.776,1.01,5,2,A,11
963,W,*,-4.918,0.07283,17,2,W,11
963,W,-,-2.011,,1,1,W,11
963,W,A,-1.203,0.1923,1.5,2,W,11
963,W,C,-2.523,0.391,5.5,2,W,11
963,W,D,-4.911,0.07354,4.5,2,W,11
963,W,E,-1.156,0.8941,1.5,2,W,11
963,W,F,-2.263,3.567,2.5,2,W,11
963,W,G,-3.577,1.037,2.5,2,W,11
963,W,H,0.07215,0.7995,6.5,2,W,11
963,W,I,-1.05,1.441,5.5,2,W,11
963,W,K,-1.123,0.239,3,2,W,11
963,W,L,-1.123,0.2048,14.5,2,W,11
963,W,M,-0.5673,0.629,4.5,2,W,11
963,W,N,-2.213,0.2051,3.5,2,W,11
963,W,P,-4.026,0.4073,3,2,W,11
963,W,Q,-2.17,1.077,3,2,W,11
963,W,R,-1.176,0.0594,8,2,W,11
963,W,S,-2.269,2.028,3.5,2,W,11
963,W,T,-0.8279,0.008768,6,2,W,11
963,W,V,-0.6955,0.09235,5,2,W,11
963,W,W,0,0,,2,W,11
963,W,Y,0.2767,0.2626,5,2,W,11
964,S,*,-4.897,0.05374,11.5,2,S,11
964,S,-,-2.993,,0.5,1,S,11
964,S,A,-0.7976,,1,1,S,11
964,S,C,-0.1714,0.1101,3.5,2,S,11
964,S,D,-1.22,0.1287,6,2,S,11
964,S,E,0.3211,0.1254,2.5,2,S,11
964,S,F,-0.5961,0.7721,4.5,2,S,11
964,S,G,-0.4169,0.4808,2,2,S,11
964,S,H,0.1942,0.6148,4,2,S,11
964,S,I,-0.4656,0.6454,3,2,S,11
964,S,K,-1.208,0.05728,2,2,S,11
964,S,L,-1.254,0.1223,9,2,S,11
964,S,M,-0.3652,,2,1,S,11
964,S,N,-0.4711,0.01103,4.5,2,S,11
964,S,P,-0.3879,0.1187,4,2,S,11
964,S,Q,0.4135,0.4398,2,2,S,11
964,S,R,-1.077,0.6655,8,2,S,11
964,S,S,0,0,,2,S,11
964,S,T,-0.2023,0.7264,5.5,2,S,11
964,S,V,-0.539,0.271,6.5,2,S,11
964,S,W,-0.6385,0.4704,4,2,S,11
964,S,Y,-1.918,3.547,4.5,2,S,11
965,G,*,-4.894,0.04384,14,2,G,11
965,G,-,-0.5368,,0.5,1,G,11
965,G,A,-2.84,0.6979,3,2,G,11
965,G,C,-4.819,0.1768,4.5,2,G,11
965,G,D,-4.887,0.09758,2,2,G,11
965,G,E,-4.925,0.1025,10,2,G,11
965,G,F,-4.893,0.08697,4,2,G,11
965,G,G,0,0,,2,G,11
965,G,H,-4.834,,2,1,G,11
965,G,I,-4.882,0.06788,3,2,G,11
965,G,K,-4.905,0.1428,1.5,2,G,11
965,G,L,-4.91,0.1075,3,2,G,11
965,G,M,-4.898,0.1174,6,2,G,11
965,G,N,-4.88,0.06435,3.5,2,G,11
965,G,P,-4.787,0.04313,3.5,2,G,11
965,G,Q,-4.861,0.1803,2.5,2,G,11
965,G,R,-4.907,0.08768,13.5,2,G,11
965,G,S,-4.825,0.01131,2.5,2,G,11
965,G,T,-4.739,0.3373,2,2,G,11
965,G,V,-4.912,0.07849,13.5,2,G,11
965,G,W,-4.881,0.08415,4,2,G,11
965,G,Y,-4.655,0.2687,6,2,G,11
966,L,-,-3.803,,0.5,1,L,11
966,L,A,-0.6301,0.3674,4.5,2,L,11
966,L,C,-2.267,1.401,4.5,2,L,11
966,L,D,-3.486,2.072,2,2,L,11
966,L,E,-4.691,0.425,3,2,L,11
966,L,F,-0.0262,1.045,7.5,2,L,11
966,L,G,-4.861,,1.5,1,L,11
966,L,H,-4.883,0.08132,3,2,L,11
966,L,I,0.3892,0.07361,5.5,2,L,11
966,L,K,-4.908,0.1287,3.5,2,L,11
966,L,L,0,0,,2,L,11
966,L,M,-0.7103,1.446,4.5,2,L,11
966,L,N,-4.916,0.0891,5.5,2,L,11
966,L,P,-4.918,0.1216,5.5,2,L,11
966,L,Q,-4.927,,2,1,L,11
966,L,R,-4.874,0.07637,4.5,2,L,11
966,L,S,-4.833,0.007071,4.5,2,L,11
966,L,T,-4.79,0.09122,5,2,L,11
966,L,V,0.5155,0.3739,4.5,2,L,11
966,L,W,-0.3845,0.8832,5,2,L,11
966,L,Y,-0.3869,,2.5,1,L,11
967,C,*,-4.869,0.06718,4.5,2,C,12
967,C,A,-4.726,0.285,5,2,C,12
967,C,C,0,0,,2,C,12
967,C,D,-4.533,0.5904,4,2,C,12
967,C,E,-4.883,0.09122,2,2,C,12
967,C,F,-4.9,0.1146,14.5,2,C,12
967,C,G,-4.871,0.08061,1.5,2,C,12
967,C,H,-3.886,1.331,2,2,C,12
967,C,I,-4.798,0.08202,7,2,C,12
967,C,K,-3.776,1.32,4,2,C,12
967,C,L,-4.891,0.1061,2,2,C,12
967,C,M,-4.9,0.09899,4,2,C,12
967,C,N,-3.97,1.119,1,2,C,12
967,C,P,-4.882,0.06647,4,2,C,12
967,C,Q,-4.425,0.7814,2,2,C,12
967,C,R,-4.428,0.8202,3.5,2,C,12
967,C,S,-4.742,0.2638,3.5,2,C,12
967,C,T,-4.88,0.07,5.5,2,C,12
967,C,V,-5.008,,0.5,1,C,12
967,C,W,-4.899,0.116,9,2,C,12
967,C,Y,-4.78,0.1301,12.5,2,C,12
968,V,-,-3.271,2.214,1.5,2,V,12
968,V,A,-3.593,0.9341,5,2,V,12
968,V,C,-2.543,1.037,3.5,2,V,12
968,V,D,-4.881,0.02404,3.5,2,V,12
968,V,E,-2.234,1.095,4.5,2,V,12
968,V,F,-4.394,0.6661,4,2,V,12
968,V,G,-4.893,0.07425,4,2,V,12
968,V,H,-4.496,0.7071,2,2,V,12
968,V,I,0.5578,0.3632,3.5,2,V,12
968,V,K,-4.849,0.1259,2,2,V,12
968,V,L,0.05643,0.1777,9,2,V,12
968,V,M,-0.2603,0.001838,10.5,2,V,12
968,V,N,-4.915,0.06647,4,2,V,12
968,V,P,-4.893,0.1096,3.5,2,V,12
968,V,Q,-4.526,0.6364,3.5,2,V,12
968,V,R,-4.536,0.6039,2.5,2,V,12
968,V,S,-4.715,0.355,4,2,V,12
968,V,T,-2.984,0.8704,6.5,2,V,12
968,V,V,0,0,,2,V,12
968,V,W,-4.578,0.5254,1.5,2,V,12
968,V,Y,-4.351,0.9256,4,2,V,12
969,D,-,-1.607,3.094,1,2,D,12
969,D,A,-1.482,0.4985,6,2,D,12
969,D,C,-4.902,0.1216,2.5,2,D,12
969,D,D,0,0,,2,D,12
969,D,E,-0.3944,1.045,8.5,2,D,12
969,D,F,-4.893,0.1054,5,2,D,12
969,D,G,-0.7685,0.5762,3.5,2,D,12
969,D,H,-1.981,2.5,2.5,2,D,12
969,D,I,-4.539,0.6619,3.5,2,D,12
969,D,K,-4.899,0.08132,4,2,D,12
969,D,L,-4.905,0.08839,4.5,2,D,12
969,D,M,-4.415,0.0007071,1.5,2,D,12
969,D,N,-0.5465,0.6049,13.5,2,D,12
969,D,P,-4.906,0.09051,5.5,2,D,12
969,D,Q,-0.5582,0.004384,2,2,D,12
969,D,R,-4.901,0.04455,3,2,D,12
969,D,S,-1.206,0.2475,3,2,D,12
969,D,T,-4.864,0.1209,6.5,2,D,12
969,D,V,-4.819,0.2072,4,2,D,12
969,D,W,-4.735,0.116,3,2,D,12
969,D,Y,-4.899,0.0997,8,2,D,12
970,G,-,-2.529,3.019,1.5,2,G,12
970,G,A,-0.4711,1.162,5,2,G,12
970,G,C,-3.103,0.6774,13.5,2,G,12
970,G,D,-1.477,0.9103,8.5,2,G,12
970,G,E,0.3897,0.4052,3.5,2,G,12
970,G,F,-0.4073,1.093,2.5,2,G,12
970,G,G,0,0,,2,G,12
970,G,H,0.2314,,1,1,G,12
970,G,I,-3.388,0.2001,4.5,2,G,12
970,G,K,0.0958,0.3579,2.5,2,G,12
970,G,L,-0.221,0.4959,2.5,2,G,12
970,G,M,-0.1037,0.3041,5,2,G,12
970,G,N,-1.782,3.641,2.5,2,G,12
970,G,P,-4.913,0.1322,1.5,2,G,12
970,G,Q,0.16,0.1621,2.5,2,G,12
970,G,R,-0.6273,1.905,3,2,G,12
970,G,S,0.0498,0.5387,12.5,2,G,12
970,G,T,-0.1893,0.1155,3.5,2,G,12
970,G,V,-2.606,0.7198,8,2,G,12
970,G,W,-1.44,1.138,3,2,G,12
970,G,Y,0.4249,0.3338,1.5,2,G,12
971,R,*,-4.886,0.169,1,2,T,12
971,R,-,-4.77,,1.5,1,T,12
971,R,A,-0.4499,0.6743,3,2,T,12
971,R,C,0.3049,0.757,2,2,T,12
971,R,D,0.6598,0.0391,2,2,T,12
971,R,E,0.7481,0.02256,4,2,T,12
971,R,F,-0.1176,0.164,3.5,2,T,12
971,R,G,-0.4457,1.682,4.5,2,T,12
971,R,H,-0.2003,0.5419,5.5,2,T,12
971,R,I,0.06315,0.1063,3,2,T,12
971,R,K,-0.0786,0.3332,4,2,T,12
971,R,L,0.05745,0.4474,12,2,T,12
971,R,M,0.4138,0.4905,3,2,T,12
971,R,N,0.1989,0.4673,4,2,T,12
971,R,P,-4.819,0.2044,4,2,T,12
971,R,Q,-0.5867,1.521,20.5,2,T,12
971,R,R,0,0,,2,T,12
971,R,S,0.3062,0.6199,1,2,T,12
971,R,T,0.3943,0.04992,4.5,2,T,12
971,R,V,-0.6519,1.201,5.5,2,T,12
971,R,W,0.2928,0.09779,6,2,T,12
971,R,Y,-0.2761,0.4149,3.5,2,T,12
972,N,-,-1.787,,0.5,1,N,12
972,N,A,-0.2116,1.464,2,2,N,12
972,N,C,-1.478,0.09687,3,2,N,12
972,N,D,0.731,0.01011,2.5,2,N,12
972,N,E,0.6127,0.2546,3,2,N,12
972,N,F,0.0202,1.021,2,2,N,12
972,N,G,0.6371,0.1551,5.5,2,N,12
972,N,H,-0.1805,0.1334,4.5,2,N,12
972,N,I,0.3064,0.6128,4,2,N,12
972,N,K,-0.04994,0.1918,4.5,2,N,12
972,N,L,-1.998,2.913,2.5,2,N,12
972,N,M,0.384,0.5691,1.5,2,N,12
972,N,N,0,0,,2,N,12
972,N,P,-1.513,0.3868,4.5,2,N,12
972,N,Q,0.4142,0.4001,4.5,2,N,12
972,N,R,0.7566,,2.5,1,N,12
972,N,S,0.244,0.02722,8.5,2,N,12
972,N,T,0.3413,0.1883,6,2,N,12
972,N,V,-0.2861,1.459,2,2,N,12
972,N,W,0.6955,0.1039,2.5,2,N,12
972,N,Y,-0.1787,0.6072,2,2,N,12
973,G,*,-4.824,0.05374,14.5,2,G,12
973,G,-,-2.112,,0.5,1,G,12
973,G,A,-1.323,0.9737,3,2,G,12
973,G,C,-3.562,1.21,5.5,2,G,12
973,G,D,-4.87,0.1492,3.5,2,G,12
973,G,E,-4.883,0.02475,69.5,2,G,12
973,G,F,-4.29,0.9065,1,2,G,12
973,G,G,0,0,,2,G,12
973,G,H,-4.55,0.3182,3.5,2,G,12
973,G,I,-4.899,0.08415,4.5,2,G,12
973,G,K,-4.891,0.05515,6.5,2,G,12
973,G,L,-4.883,0.09334,3,2,G,12
973,G,M,-4.924,0.1089,6.5,2,G,12
973,G,N,-4.747,0.09899,5,2,G,12
973,G,P,0.03797,,2.5,1,G,12
973,G,Q,-4.896,0.1124,2,2,G,12
973,G,R,-4.869,0.09263,43,2,G,12
973,G,S,-2.055,0.2369,1.5,2,G,12
973,G,T,-4.916,0.0693,5,2,G,12
973,G,V,-4.92,0.09122,13,2,G,12
973,G,W,-4.897,0.04596,2,2,G,12
973,G,Y,-4.906,0.06788,3.5,2,G,12
974,Y,*,-3.096,2.703,3,2,Y,12
974,Y,-,-2.636,,0.5,1,Y,12
974,Y,A,-4.113,1.206,2,2,Y,12
974,Y,C,-4.915,0.1138,5.5,2,Y,12
974,Y,D,-3.117,2.409,5,2,Y,12
974,Y,E,-4.893,0.08839,2.5,2,Y,12
974,Y,F,0.7662,0.03253,2.5,2,Y,12
974,Y,G,-4.894,0.08132,2.5,2,Y,12
974,Y,H,-0.9089,0.5941,3.5,2,Y,12
974,Y,I,-2.101,1.368,4,2,Y,12
974,Y,K,-4.896,0.08344,5,2,Y,12
974,Y,L,0.45,0.1282,2.5,2,Y,12
974,Y,M,0.3476,0.6183,5.5,2,Y,12
974,Y,N,-4.907,0.08415,7,2,Y,12
974,Y,P,-2.874,2.298,4.5,2,Y,12
974,Y,Q,-4.686,0.1831,4,2,Y,12
974,Y,R,-4.158,1.114,2.5,2,Y,12
974,Y,S,-4.923,0.1188,4,2,Y,12
974,Y,T,-4.887,0.05798,3,2,Y,12
974,Y,V,-3.899,,1,1,Y,12
974,Y,W,-0.7939,1.02,2.5,2,Y,12
974,Y,Y,0,0,,2,Y,12
975,V,-,-2.865,,0.5,1,V,12
975,V,A,-0.7856,0.6709,5,2,V,12
975,V,C,0.1842,0.1399,5.5,2,V,12
975,V,D,-2.89,1.376,4,2,V,12
975,V,E,0.08705,0.884,3,2,V,12
975,V,F,0.3831,,2,1,V,12
975,V,G,-1.087,0.6568,5,2,V,12
975,V,H,0.426,0.3746,4.5,2,V,12
975,V,I,-2.323,2.564,2,2,V,12
975,V,K,-2.051,2.841,1,2,V,12
975,V,L,0.0517,0.9598,12,2,V,12
975,V,M,0.06878,0.07257,12.5,2,V,12
975,V,N,-1.285,1.565,3.5,2,V,12
975,V,P,-3.75,,1,1,V,12
975,V,Q,-1.467,0.6166,2,2,V,12
975,V,R,0.6584,0.1217,3.5,2,V,12
975,V,S,0.4384,0.3386,1,2,V,12
975,V,T,0.6756,0.08754,1.5,2,V,12
975,V,V,0,0,,2,V,12
975,V,W,-0.5051,0.09157,7.5,2,V,12
975,V,Y,-0.1609,0.9409,5,2,V,12
976,L,*,-2.895,,0.5,1,L,12
976,L,-,-1.789,,0.5,1,L,12
976,L,A,-4.873,0.0799,2,2,L,12
976,L,C,-2.402,3.559,5,2,L,12
976,L,D,-4.886,0.1237,7,2,L,12
976,L,E,-4.902,0.09122,2,2,L,12
976,L,F,-1.517,,1,1,L,12
976,L,G,-4.872,0.04525,3,2,L,12
976,L,H,-4.816,0.2036,4,2,L,12
976,L,I,0.1743,0.373,6.5,2,L,12
976,L,K,-4.875,0.1796,5.5,2,L,12
976,L,L,0,0,,2,L,12
976,L,M,-1.302,2.357,7,2,L,12
976,L,N,-4.713,0.04808,4,2,L,12
976,L,P,-2.008,1.031,8.5,2,L,12
976,L,Q,-4.904,0.09334,2.5,2,L,12
976,L,R,-4.881,0.09475,4.5,2,L,12
976,L,S,-4.198,0.8754,3,2,L,12
976,L,T,-1.805,0.3401,3.5,2,L,12
976,L,V,0.4565,0.2898,3.5,2,L,12
976,L,W,-4.897,0.0693,4.5,2,L,12
976,L,Y,-2.793,2.887,3,2,L,12
977,R,A,-0.2249,0.4617,6,2,R,12
977,R,C,-3.925,0.5614,4,2,R,12
977,R,D,-0.9346,0.883,3,2,R,12
977,R,E,0.7362,0.02744,5,2,R,12
977,R,F,-0.2622,0.5038,5.5,2,R,12
977,R,G,-0.2837,0.1202,4.5,2,R,12
977,R,H,-0.9902,2.332,2,2,R,12
977,R,I,-0.1905,0.0006364,10,2,R,12
977,R,K,-0.2364,0.1314,7.5,2,R,12
977,R,L,0.1255,0.2647,3.5,2,R,12
977,R,M,-0.133,0.05903,4,2,R,12
977,R,N,0.694,0.1877,5.5,2,R,12
977,R,P,-1.722,,2,1,R,12
977,R,Q,0.04705,0.819,2,2,R,12
977,R,R,0,0,,2,R,12
977,R,S,0.7333,0.05508,3.5,2,R,12
977,R,T,-0.1748,0.1299,5,2,R,12
977,R,V,-0.1455,0.6678,4.5,2,R,12
977,R,W,-0.1718,0.3339,5,2,R,12
977,R,Y,0.7341,0.0408,2,2,R,12
978,Q,*,-4.932,0.09617,5,2,Q,12
978,Q,-,-0.2907,,0.5,1,Q,12
978,Q,A,0.7974,0.06159,4,2,Q,12
978,Q,C,-0.8257,0.5844,2.5,2,Q,12
978,Q,D,0.1295,0.9185,3.5,2,Q,12
978,Q,E,0.234,0.7415,1.5,2,Q,12
978,Q,F,0.2767,0.6207,1.5,2,Q,12
978,Q,G,0.2693,0.1796,3.5,2,Q,12
978,Q,H,0.2266,0.1433,10.5,2,Q,12
978,Q,I,-1.104,0.3671,2.5,2,Q,12
978,Q,K,0.0335,0.223,6,2,Q,12
978,Q,L,0.6978,0.1057,2.5,2,Q,12
978,Q,M,0.2373,0.4567,6,2,Q,12
978,Q,N,0.04555,0.9972,3.5,2,Q,12
978,Q,P,0.318,0.03224,3,2,Q,12
978,Q,Q,0,0,,2,Q,12
978,Q,R,0.214,0.6015,5.5,2,Q,12
978,Q,S,0.4651,0.1253,2.5,2,Q,12
978,Q,T,-1.222,2.655,3.5,2,Q,12
978,Q,V,-1.166,1.255,1.5,2,Q,12
978,Q,W,0.0833,0.637,5.5,2,Q,12
978,Q,Y,0.2765,0.4779,3,2,Q,12
979,P,-,0.3889,0.2385,1,2,P,12
979,P,A,0.0123,0.1824,4.5,2,P,12
979,P,C,-3.447,1.094,6,2,P,12
979,P,D,0.3418,0.3002,2,2,P,12
979,P,E,-0.3421,0.946,2.5,2,P,12
979,P,F,0.3827,,1,1,P,12
979,P,G,-1.602,2.993,2.5,2,P,12
979,P,H,-2.243,3.679,7,2,P,12
979,P,I,-1.261,0.4865,4.5,2,P,12
979,P,K,-4.754,,1,1,P,12
979,P,L,-0.1951,0.09199,5,2,P,12
979,P,M,-0.3911,0.007142,3,2,P,12
979,P,N,0.2025,0.6071,3,2,P,12
979,P,P,0,0,,2,P,12
979,P,Q,-0.0063,0.9348,2.5,2,P,12
979,P,R,-0.4639,0.7319,5.5,2,P,12
979,P,S,0.4777,0.0169,6,2,P,12
979,P,T,0.3249,0.04624,6.5,2,P,12
979,P,V,-1.835,2.045,3,2,P,12
979,P,W,-0.6978,0.1339,4,2,P,12
979,P,Y,-0.8529,0.9844,7.5,2,P,12
980,N,-,-1.306,1.355,1,2,N,12
980,N,A,-0.4803,0.8538,3,2,N,12
980,N,C,-1.532,0.42,5.5,2,N,12
980,N,D,0.4654,0.02234,5,2,N,12
980,N,E,-0.5132,0.004879,4,2,N,12
980,N,F,-1.625,1.654,1.5,2,N,12
980,N,G,-0.5503,,1,1,N,12
980,N,H,0.3534,0.5009,7,2,N,12
980,N,I,0.1306,0.2008,5,2,N,12
980,N,K,-0.1636,0.2049,7.5,2,N,12
980,N,L,-0.9194,0.8791,3.5,2,N,12
980,N,M,-1.943,2.715,3.5,2,N,12
980,N,N,0,0,,2,N,12
980,N,P,-3.266,0.2984,4,2,N,12
980,N,Q,0.2113,0.1465,4,2,N,12
980,N,R,-0.6505,0.8337,4,2,N,12
980,N,S,0.13,0.403,3,2,N,12
980,N,T,0.3319,0.5762,2.5,2,N,12
980,N,V,-0.3735,0.7569,4,2,N,12
980,N,W,-2.463,0.4101,1.5,2,N,12
980,N,Y,-0.6808,1.028,2.5,2,N,12
981,L,-,-3.022,0.1075,1.5,2,L,12
981,L,A,-2.141,2.729,4.5,2,L,12
981,L,C,0.5504,0.115,1.5,2,L,12
981,L,D,0.534,,0.5,1,L,12
981,L,E,-0.02495,0.1637,4,2,L,12
981,L,F,0.05099,0.1281,6.5,2,L,12
981,L,G,0.628,0.2949,4,2,L,12
981,L,H,-0.06803,0.1327,6,2,L,12
981,L,I,-0.2478,0.6829,2.5,2,L,12
981,L,K,-0.4465,0.4294,4.5,2,L,12
981,L,L,0,0,,2,L,12
981,L,M,0.4815,0.1483,8,2,L,12
981,L,N,-1.019,1.105,4,2,L,12
981,L,P,-4.806,0.0799,6,2,L,12
981,L,Q,0.4541,0.1629,3,2,L,12
981,L,R,-0.3263,0.6259,3,2,L,12
981,L,S,0.6521,0.09157,2,2,L,12
981,L,T,-1.397,3.029,1.5,2,L,12
981,L,V,0.5096,0.006435,4,2,L,12
981,L,W,0.4783,0.3176,5.5,2,L,12
981,L,Y,-1.144,0.6226,2.5,2,L,12
982,A,-,-3.767,,1,1,A,12
982,A,A,0,0,,2,A,12
982,A,C,0.3076,0.6383,2.5,2,A,12
982,A,D,-4.864,0.01131,5.5,2,A,12
982,A,E,-4.903,0.08627,6,2,A,12
982,A,F,-1.198,0.465,2,2,A,12
982,A,G,-0.7005,0.8309,7.5,2,A,12
982,A,H,-2.62,0.2305,4,2,A,12
982,A,I,-1.47,0.4448,3,2,A,12
982,A,K,-1.941,0.4907,1,2,A,12
982,A,L,-1.29,0.4391,5,2,A,12
982,A,M,-0.7313,0.06944,1.5,2,A,12
982,A,N,-1.45,0.5289,4.5,2,A,12
982,A,P,-4.889,0.09687,4,2,A,12
982,A,Q,-1.174,0.4169,2.5,2,A,12
982,A,R,-1.502,0.3274,4,2,A,12
982,A,S,-0.9685,0.6173,7.5,2,A,12
982,A,T,-0.2884,0.8388,6.5,2,A,12
982,A,V,-0.5055,0.615,8,2,A,12
982,A,W,-2.264,0.671,3,2,A,12
982,A,Y,-2.632,3.091,2,2,A,12
983,L,-,-3.105,,0.5,1,L,12
983,L,A,-4.899,0.09192,3.5,2,L,12
983,L,C,-4.915,0.06718,3.5,2,L,12
983,L,D,-4.742,0.35,3,2,L,12
983,L,E,-4.968,,2.5,1,L,12
983,L,F,-2.821,2.914,2.5,2,L,12
983,L,G,-4.846,0.1457,3,2,L,12
983,L,H,-4.584,0.4907,4,2,L,12
983,L,I,-1.025,0.7598,2,2,L,12
983,L,K,-4.906,0.1032,2,2,L,12
983,L,L,0,0,,2,L,12
983,L,M,0.3228,0.5238,11,2,L,12
983,L,N,-4.883,0.0898,3,2,L,12
983,L,P,-4.874,0.1061,5,2,L,12
983,L,Q,-4.912,0.1344,3.5,2,L,12
983,L,R,-4.928,0.1096,7.5,2,L,12
983,L,S,-4.739,0.1697,2,2,L,12
983,L,T,-2.367,3.465,2,2,L,12
983,L,V,-1.733,0.6152,2.5,2,L,12
983,L,W,-4.893,0.1089,3.5,2,L,12
983,L,Y,-4.889,0.1039,2,2,L,12
984,Y,*,-4.714,,0.5,1,Y,12
984,Y,-,-2.853,,0.5,1,Y,12
984,Y,A,-4.87,0.1061,3.5,2,Y,12
984,Y,C,-4.091,1.024,5.5,2,Y,12
984,Y,D,-5.009,,2.5,1,Y,12
984,Y,E,-4.91,0.1365,4,2,Y,12
984,Y,F,0.3216,0.5491,5.5,2,Y,12
984,Y,G,-4.899,0.09758,4.5,2,Y,12
984,Y,H,-4.308,0.7205,2,2,Y,12
984,Y,I,0.0315,0.4463,2,2,Y,12
984,Y,K,-4.854,0.05162,3.5,2,Y,12
984,Y,L,-1.311,0.1895,4,2,Y,12
984,Y,M,-2.1,0.792,4,2,Y,12
984,Y,N,-4.915,0.1273,5.5,2,Y,12
984,Y,P,-4.873,0.07849,1,2,Y,12
984,Y,Q,-4.907,0.0594,4,2,Y,12
984,Y,R,-4.815,,1,1,Y,12
984,Y,S,-4.886,0.06293,2.5,2,Y,12
984,Y,T,-3.087,0.4151,4.5,2,Y,12
984,Y,V,-2.361,0.7665,3,2,Y,12
984,Y,W,-2.35,0.659,2,2,Y,12
984,Y,Y,0,0,,2,Y,12
985,K,*,-4.75,,0.5,1,K,12
985,K,-,-1.505,,0.5,1,K,12
985,K,A,-0.7641,0.1295,6,2,K,12
985,K,C,-1.955,0.9878,4.5,2,K,12
985,K,D,-4.868,0.08061,3.5,2,K,12
985,K,E,-0.7374,0.1583,4,2,K,12
985,K,F,-2.67,0.891,2.5,2,K,12
985,K,G,-1.119,1.554,1.5,2,K,12
985,K,H,0.1407,0.8796,3,2,K,12
985,K,I,-0.9897,0.2351,2.5,2,K,12
985,K,K,0,0,,2,K,12
985,K,L,-0.7054,1.588,5,2,K,12
985,K,M,0.1127,0.2018,4.5,2,K,12
985,K,N,-1.201,1.682,14,2,K,12
985,K,P,-4.447,0.7361,4.5,2,K,12
985,K,Q,0.1663,0.6771,3,2,K,12
985,K,R,0.3923,0.5957,3,2,K,12
985,K,S,0.03012,0.07198,3,2,K,12
985,K,T,-0.8049,0.3027,5,2,K,12
985,K,V,-3.385,1.942,1.5,2,K,12
985,K,W,-2.889,1.27,5,2,K,12
985,K,Y,-1.238,0.297,6,2,K,12
986,E,*,-4.83,0.111,6,2,E,12
986,E,A,0.4718,0.3396,3,2,E,12
986,E,C,-2.105,,1.5,1,E,12
986,E,D,0.4419,0.1693,3.5,2,E,12
986,E,E,0,0,,2,E,12
986,E,F,0.2267,0.8468,3.5,2,E,12
986,E,G,0.5948,0.2392,4,2,E,12
986,E,H,0.6824,0.06456,4.5,2,E,12
986,E,I,0.6069,0.1158,3,2,E,12
986,E,K,0.4863,0.07043,28.5,2,E,12
986,E,L,0.7894,0.05572,5,2,E,12
986,E,M,0.7512,0.03246,1,2,E,12
986,E,N,-0.2414,0.003536,4.5,2,E,12
986,E,P,-0.7888,0.07616,3.5,2,E,12
986,E,Q,0.3992,0.1682,4.5,2,E,12
986,E,R,0.5837,0.1616,6,2,E,12
986,E,S,-1.161,2.563,2,2,E,12
986,E,T,-0.01872,0.06582,3.5,2,E,12
986,E,V,0.06345,0.6693,3.5,2,E,12
986,E,W,0.1986,0.07955,5,2,E,12
986,E,Y,0.6701,0.01075,4,2,E,12
987,G,A,0.1052,0.6607,4.5,2,G,12
987,G,C,-1.137,0.5425,13.5,2,G,12
987,G,D,-0.2372,0.2056,18.5,2,G,12
987,G,E,-0.2982,1.547,3.5,2,G,12
987,G,F,0.2271,0.2592,1.5,2,G,12
987,G,G,0,0,,2,G,12
987,G,H,0.7472,0.0285,2,2,G,12
987,G,I,0.1544,0.02652,5.5,2,G,12
987,G,K,0.2246,0.1281,5,2,G,12
987,G,L,-0.3264,0.4582,2.5,2,G,12
987,G,M,-2.347,3.413,2.5,2,G,12
987,G,N,0.2343,0.5808,3.5,2,G,12
987,G,P,-2.218,0.6442,2.5,2,G,12
987,G,Q,-0.3589,1.451,7.5,2,G,12
987,G,R,-0.2358,0.1161,4.5,2,G,12
987,G,S,0.2814,0.01216,11,2,G,12
987,G,T,0.4642,0.1692,4,2,G,12
987,G,V,-1.187,0.9368,6,2,G,12
987,G,W,-0.9467,0.1037,4.5,2,G,12
987,G,Y,0.2103,0.2714,4,2,G,12
988,N,-,-3.814,,0.5,1,N,12
988,N,A,0.2132,0.7732,1.5,2,N,12
988,N,C,0.04085,0.5692,3.5,2,N,12
988,N,D,0.8063,,1.5,1,N,12
988,N,E,-0.5556,1.773,1,2,N,12
988,N,F,-0.9928,2.1,2.5,2,N,12
988,N,G,-0.1065,0.946,5,2,N,12
988,N,H,-0.6878,1.88,5,2,N,12
988,N,I,0.0487,0.282,5.5,2,N,12
988,N,K,0.3076,0.5267,3.5,2,N,12
988,N,L,0.2807,0.6253,2.5,2,N,12
988,N,M,-0.5278,0.7937,1,2,N,12
988,N,N,0,0,,2,N,12
988,N,P,0.0614,0.3504,5,2,N,12
988,N,Q,-0.6895,1.132,1.5,2,N,12
988,N,R,0.6422,0.2444,2.5,2,N,12
988,N,S,-1.089,0.4743,4,2,N,12
988,N,T,-0.04165,0.4127,4,2,N,12
988,N,V,-0.8015,1.218,1.5,2,N,12
988,N,W,-2.82,1.371,3.5,2,N,12
988,N,Y,-0.2672,0.4539,5.5,2,N,12
989,Y,*,-2.913,2.714,2.5,2,Y,12
989,Y,-,-2.822,1.59,1,2,Y,12
989,Y,A,0.077,0.2602,4.5,2,Y,12
989,Y,C,-2.565,3.291,2.5,2,Y,12
989,Y,D,-1.589,0.9945,1,2,Y,12
989,Y,E,-0.006485,0.02761,3.5,2,Y,12
989,Y,F,-1.074,,1,1,Y,12
989,Y,G,0.619,0.3125,2.5,2,Y,12
989,Y,H,-0.1984,0.9513,3.5,2,Y,12
989,Y,I,0.1411,0.9477,3,2,Y,12
989,Y,K,0.7873,0.07354,1.5,2,Y,12
989,Y,L,-0.05014,0.152,3.5,2,Y,12
989,Y,M,-0.09089,0.215,3.5,2,Y,12
989,Y,N,-0.2461,0.5378,4,2,Y,12
989,Y,P,-3,2.632,1.5,2,Y,12
989,Y,Q,0.0894,,3.5,1,Y,12
989,Y,R,0.5785,0.2239,3,2,Y,12
989,Y,S,0.4678,0.5002,2.5,2,Y,12
989,Y,T,0.2325,0.2226,4,2,Y,12
989,Y,V,0.4985,,1.5,1,Y,12
989,Y,W,0.2864,0.5663,2.5,2,Y,12
989,Y,Y,0,0,,2,Y,12
990,Y,*,-4.649,0.1966,3,2,Y,12
990,Y,A,-0.2042,1.354,7.5,2,Y,12
990,Y,C,-4.575,0.5579,3.5,2,Y,12
990,Y,D,-4.888,0.07637,3.5,2,Y,12
990,Y,E,-4.861,0.07637,1.5,2,Y,12
990,Y,F,0.2645,0.3694,3.5,2,Y,12
990,Y,G,-3.124,0.0396,3,2,Y,12
990,Y,H,-1.122,0.157,3.5,2,Y,12
990,Y,I,-2.169,2.997,3.5,2,Y,12
990,Y,K,-4.901,0.09546,4,2,Y,12
990,Y,L,-1.372,0.14,5,2,Y,12
990,Y,M,-0.8182,,1,1,Y,12
990,Y,N,-3.109,2.432,2,2,Y,12
990,Y,P,-3.051,0.2192,3,2,Y,12
990,Y,Q,-4.922,0.08273,4.5,2,Y,12
990,Y,R,-4.833,,3,1,Y,12
990,Y,S,-3.312,1.515,2.5,2,Y,12
990,Y,T,-3.32,1.973,2,2,Y,12
990,Y,V,-0.2908,0.8646,3,2,Y,12
990,Y,W,0.3167,0.2729,3.5,2,Y,12
990,Y,Y,0,0,,2,Y,12
991,R,-,-3.069,,1,1,R,12
991,R,A,-0.3896,0.2787,4.5,2,R,12
991,R,C,-3.849,0.2086,7,2,R,12
991,R,D,-4.905,0.07495,5.5,2,R,12
991,R,E,-4.79,0.2425,4.5,2,R,12
991,R,F,0.1647,0.5952,5.5,2,R,12
991,R,G,-0.9091,0.7692,5,2,R,12
991,R,H,-0.3287,0.3263,3,2,R,12
991,R,I,-0.7484,0.534,13.5,2,R,12
991,R,K,0.07983,0.1031,13,2,R,12
991,R,L,0.3671,0.6038,2,2,R,12
991,R,M,-3.498,1.86,4,2,R,12
991,R,N,-2.343,0.4738,4,2,R,12
991,R,P,-4.897,0.0898,3,2,R,12
991,R,Q,-0.7166,0.439,3.5,2,R,12
991,R,R,0,0,,2,R,12
991,R,S,-2.406,2.422,4.5,2,R,12
991,R,T,-1.542,0.01344,4,2,R,12
991,R,V,-1.526,0.5155,6,2,R,12
991,R,W,-0.3938,1.635,3.5,2,R,12
991,R,Y,-0.6641,0.2693,6,2,R,12
992,I,-,-0.2765,0.1578,1,2,I,12
992,I,A,-3.05,0.8358,3,2,I,12
992,I,C,-2.809,1.544,4.5,2,I,12
992,I,D,-4.912,0.06576,4,2,I,12
992,I,E,-4.887,0.09405,3,2,I,12
992,I,F,-3.732,0.9341,2.5,2,I,12
992,I,G,-4.824,0.1782,3.5,2,I,12
992,I,H,-4.902,0.0891,2.5,2,I,12
992,I,I,0,0,,2,I,12
992,I,K,-4.533,0.5784,3.5,2,I,12
992,I,L,-0.4516,0.03048,4.5,2,I,12
992,I,M,-0.6022,0.1544,1.5,2,I,12
992,I,N,-4.816,0.1824,4.5,2,I,12
992,I,P,-4.889,0.1018,5,2,I,12
992,I,Q,-4.851,0.1393,3,2,I,12
992,I,R,-2.766,2.938,1.5,2,I,12
992,I,S,-4.849,0.02475,5.5,2,I,12
992,I,T,-1.991,0.09263,5.5,2,I,12
992,I,V,0.2261,0.172,5,2,I,12
992,I,W,-4.898,0.07142,4.5,2,I,12
992,I,Y,-3.679,0.03182,6,2,I,12
993,T,-,-0.6252,0.6785,1,2,T,12
993,T,A,-2.246,,2,1,T,12
993,T,C,-1.923,0.4115,3,2,T,12
993,T,D,-4.879,0.06435,3.5,2,T,12
993,T,E,-4.672,0.3903,4,2,T,12
993,T,F,-4.883,0.06505,2.5,2,T,12
993,T,G,-4.08,0.5303,3,2,T,12
993,T,H,-4.893,0.07849,5,2,T,12
993,T,I,-3.029,0.7474,6,2,T,12
993,T,K,-4.641,0.2927,4.5,2,T,12
993,T,L,-4.918,0.07142,4.5,2,T,12
993,T,M,-4.607,0.003536,3.5,2,T,12
993,T,N,-4.899,0.1527,9.5,2,T,12
993,T,P,-4.816,0.2114,3,2,T,12
993,T,Q,-4.902,0.07495,5,2,T,12
993,T,R,-4.881,0.06788,1.5,2,T,12
993,T,S,-0.03002,0.0603,2,2,T,12
993,T,T,0,0,,2,T,12
993,T,V,-4.9,,0.5,1,T,12
993,T,W,-4.13,0.6442,4,2,T,12
993,T,Y,-4.717,0.3019,4,2,T,12
994,S,-,-0.2349,0.2282,1.5,2,S,12
994,S,A,0.02025,1.037,3.5,2,S,12
994,S,C,-1.337,0.5799,4,2,S,12
994,S,D,-0.3034,0.2401,4.5,2,S,12
994,S,E,0.01115,0.7604,4.5,2,S,12
994,S,F,-2.724,1.949,1.5,2,S,12
994,S,G,-0.2426,0.8461,3.5,2,S,12
994,S,H,-0.4239,1.7,2.5,2,S,12
994,S,I,-4.792,0.06223,10,2,S,12
994,S,K,0.6082,0.1392,4,2,S,12
994,S,L,-3.853,0.07495,3.5,2,S,12
994,S,M,-3.465,0.3521,4,2,S,12
994,S,N,-0.1921,0.2837,11,2,S,12
994,S,P,-0.7162,1.349,4,2,S,12
994,S,Q,0.3362,0.08598,4,2,S,12
994,S,R,-0.4294,0.4371,6.5,2,S,12
994,S,S,0,0,,2,S,12
994,S,T,-0.2856,0.4283,4,2,S,12
994,S,V,-4.877,0.1167,9.5,2,S,12
994,S,W,-4.832,0.004243,4.5,2,S,12
994,S,Y,-3.457,1.115,6,2,S,12
995,R,-,-1.889,2.257,2,2,R,12
995,R,A,-1.718,0.3288,4,2,R,12
995,R,C,-4.587,0.4582,3.5,2,R,12
995,R,D,-2.662,1.027,4,2,R,12
995,R,E,-5,,1,1,R,12
995,R,F,-2.836,0.007071,4.5,2,R,12
995,R,G,-4.167,1.142,5,2,R,12
995,R,H,-2.427,1.056,5.5,2,R,12
995,R,I,-2.99,0.1421,17.5,2,R,12
995,R,K,-0.3509,0.8168,13,2,R,12
995,R,L,-3.635,1.169,7,2,R,12
995,R,M,-2.835,1.421,2.5,2,R,12
995,R,N,0.8333,,0.5,1,R,12
995,R,P,-0.7865,1.179,1.5,2,R,12
995,R,Q,-1.69,1.177,1.5,2,R,12
995,R,R,0,0,,2,R,12
995,R,S,-1.131,0.1259,5.5,2,R,12
995,R,T,-0.2963,0.09447,2,2,R,12
995,R,V,-2.076,0.2546,4.5,2,R,12
995,R,W,-1.13,0.3738,2,2,R,12
995,R,Y,-1.565,1.939,3.5,2,R,12
996,I,-,-1.321,0.2093,1.5,2,I,12
996,I,A,-0.5935,1.978,3.5,2,I,12
996,I,C,-3.379,2.035,2.5,2,I,12
996,I,D,0.07828,0.08247,3,2,I,12
996,I,E,-0.617,1.915,2,2,I,12
996,I,F,0.0397,0.9482,5,2,I,12
996,I,G,0.1435,0.2402,1.5,2,I,12
996,I,H,0.1621,0.3527,1,2,I,12
996,I,I,0,0,,2,I,12
996,I,K,0.6597,,3,1,I,12
996,I,L,0.2556,0.1418,7,2,I,12
996,I,M,-0.117,0.7022,2,2,I,12
996,I,N,0.5385,0.3105,3,2,I,12
996,I,P,-0.05035,0.4871,3.5,2,I,12
996,I,Q,0.1527,0.5156,4,2,I,12
996,I,R,0.1173,0.4236,5,2,I,12
996,I,S,-0.1729,,0.5,1,I,12
996,I,T,-0.1705,1.072,3.5,2,I,12
996,I,V,-0.2874,0.4336,4.5,2,I,12
996,I,W,0.5996,0.005091,4,2,I,12
996,I,Y,-0.7212,1.366,6.5,2,I,12
997,M,-,-0.3978,1.095,1.5,2,M,12
997,M,A,0.5931,0.2422,4.5,2,M,12
997,M,C,-1.982,0.6449,3.5,2,M,12
997,M,D,-0.2408,1.381,2,2,M,12
997,M,E,-0.5296,0.04144,1,2,M,12
997,M,F,-1.253,2.619,3,2,M,12
997,M,G,0.1658,,1.5,1,M,12
997,M,H,0.5167,0.4306,4,2,M,12
997,M,I,-0.3572,0.8548,7.5,2,M,12
997,M,K,-0.1046,0.4352,4,2,M,12
997,M,L,0.1251,0.2215,6.5,2,M,12
997,M,M,0,0,,2,M,12
997,M,N,-0.4265,1.613,3,2,M,12
997,M,P,-0.6254,0.2501,5,2,M,12
997,M,Q,0.3216,0.2216,4,2,M,12
997,M,R,0.05232,,1,1,M,12
997,M,S,0.7456,0.137,2,2,M,12
997,M,T,-0.4829,0.6867,3,2,M,12
997,M,V,-1.178,1.246,2.5,2,M,12
997,M,W,-0.7169,0.2483,1.5,2,M,12
997,M,Y,-0.5613,1.763,4,2,M,12
998,F,-,-0.5641,0.05515,1,2,F,12
998,F,A,-4.097,1.01,2,2,F,12
998,F,C,-4.601,0.4009,6.5,2,F,12
998,F,D,-4.95,,2,1,F,12
998,F,E,-4.656,0.09334,4.5,2,F,12
998,F,F,0,0,,2,F,12
998,F,G,-4.431,0.3684,4.5,2,F,12
998,F,H,0.0104,0.3108,2,2,F,12
998,F,I,-0.8284,,2.5,1,F,12
998,F,K,-4.284,0.6555,2.5,2,F,12
998,F,L,-2.12,0.00495,4.5,2,F,12
998,F,M,-0.6052,1.113,2.5,2,F,12
998,F,N,-2.171,0.495,4.5,2,F,12
998,F,P,-3.136,2.503,4.5,2,F,12
998,F,Q,-4.485,0.5416,5.5,2,F,12
998,F,R,-4.534,0.6131,5,2,F,12
998,F,S,-4.576,0.3111,3,2,F,12
998,F,T,-4.502,,2,1,F,12
998,F,V,-2.165,0.1315,7,2,F,12
998,F,W,0.07238,,6,1,F,12
998,F,Y,0.1459,0.3664,4,2,F,12
999,E,*,-4.862,0.1633,8,2,E,12
999,E,-,0.00215,0.5137,1,2,E,12
999,E,A,-4.477,,0.5,1,E,12
999,E,C,0.07685,0.2773,4.5,2,E,12
999,E,D,0.2591,0.2146,9,2,E,12
999,E,E,0,0,,2,E,12
999,E,F,-0.4409,0.3811,4.5,2,E,12
999,E,G,-0.359,1.092,4,2,E,12
999,E,H,0.01091,0.1339,4.5,2,E,12
999,E,I,-1.907,2.6,5,2,E,12
999,E,K,0.2185,0.1568,20.5,2,E,12
999,E,L,-0.0905,0.5647,6,2,E,12
999,E,M,0.6745,0.04306,6,2,E,12
999,E,N,0.6623,0.1216,4,2,E,12
999,E,P,-4.919,0.1202,2.5,2,E,12
999,E,Q,0.1729,0.05897,1.5,2,E,12
999,E,R,-1.248,1.697,1,2,E,12
999,E,S,0.6813,,2,1,E,12
999,E,T,-0.07845,,2,1,E,12
999,E,V,-0.4605,0.3281,7,2,E,12
999,E,W,-0.5662,0.01648,4,2,E,12
999,E,Y,-0.3057,0.1196,3,2,E,12
1000,P,-,-0.0356,0.2803,1.5,2,P,12
1000,P,A,-1.422,1.577,3,2,P,12
1000,P,C,-2.248,0.7736,5.5,2,P,12
1000,P,D,-2.423,0.1301,4.5,2,P,12
1000,P,E,-2.31,1.041,3.5,2,P,12
1000,P,F,-3.836,1.42,3,2,P,12
1000,P,G,-1.057,0.5369,4.5,2,P,12
1000,P,H,-2.655,1.004,6,2,P,12
1000,P,I,-3.26,0.8598,2.5,2,P,12
1000,P,K,-1.059,0.8901,2.5,2,P,12
1000,P,L,-3.348,0.2397,5,2,P,12
1000,P,M,-2.224,0.3804,3.5,2,P,12
1000,P,N,-2.428,,1.5,1,P,12
1000,P,P,0,0,,2,P,12
1000,P,Q,-0.6267,0.5449,2.5,2,P,12
1000,P,R,-1.506,1.785,4.5,2,P,12
1000,P,S,-1.232,0.4369,5.5,2,P,12
1000,P,T,-2.533,2.565,3.5,2,P,12
1000,P,V,-2.141,2.857,2,2,P,12
1000,P,W,-1.342,0.08415,4,2,P,12
1000,P,Y,-1.098,0.8127,5.5,2,P,12
1001,R,-,-1.846,3.411,2,2,R,12
1001,R,A,-0.3449,0.7688,5.5,2,R,12
1001,R,C,-2.914,0.1103,5.5,2,R,12
1001,R,D,-4.603,0.3309,3,2,R,12
1001,R,E,-1.454,0.07849,4,2,R,12
1001,R,F,0.1639,0.5526,2.5,2,R,12
1001,R,G,-3.128,0.6555,6,2,R,12
1001,R,H,0.3607,0.0606,4.5,2,R,12
1001,R,I,-1.206,0.7043,12.5,2,R,12
1001,R,K,0.1027,0.04233,41.5,2,R,12
1001,R,L,-0.6098,0.0792,4.5,2,R,12
1001,R,M,-1.718,0.6788,2.5,2,R,12
1001,R,N,-2.97,1.887,4,2,R,12
1001,R,P,-4.903,0.09758,6,2,R,12
1001,R,Q,-0.3474,0.1372,6,2,R,12
1001,R,R,0,0,,2,R,12
1001,R,S,-2.433,2.367,4,2,R,12
1001,R,T,-0.1433,0.496,4.5,2,R,12
1001,R,V,-0.3385,0.5316,5,2,R,12
1001,R,W,0.2602,0.413,1.5,2,R,12
1001,R,Y,-0.0974,0.3773,5.5,2,R,12
1002,I,-,-0.9582,1.234,2,2,I,12
1002,I,A,0.08355,0.74,1.5,2,I,12
1002,I,C,-0.3671,0.1787,3.5,2,I,12
1002,I,D,-0.6484,0.418,1.5,2,I,12
1002,I,E,-2.485,2.504,3,2,I,12
1002,I,F,-0.1213,0.5752,6,2,I,12
1002,I,G,-0.4322,0.2689,3,2,I,12
1002,I,H,-0.09023,0.0264,3.5,2,I,12
1002,I,I,0,0,,2,I,12
1002,I,K,-0.8438,1.365,4,2,I,12
1002,I,L,0.2721,0.6706,1.5,2,I,12
1002,I,M,0.2695,0.6378,9.5,2,I,12
1002,I,N,-0.3875,0.5899,6.5,2,I,12
1002,I,P,-0.3124,0.2809,6.5,2,I,12
1002,I,Q,0.1594,0.4248,5,2,I,12
1002,I,R,-1.204,1.222,3,2,I,12
1002,I,S,-0.9257,1.515,5,2,I,12
1002,I,T,-0.1288,0.5993,4.5,2,I,12
1002,I,V,-0.2563,0.4359,2.5,2,I,12
1002,I,W,0.3038,0.3916,1.5,2,I,12
1002,I,Y,-0.5799,0.7157,3,2,I,12
1003,P,-,-1.051,1.256,1.5,2,P,12
1003,P,A,-0.4417,,1.5,1,P,12
1003,P,C,-2.362,1.37,4.5,2,P,12
1003,P,D,-0.4457,0.6224,1,2,P,12
1003,P,E,-4.889,0.0792,3.5,2,P,12
1003,P,F,-3.662,0.6527,4.5,2,P,12
1003,P,G,-4.809,0.08202,4,2,P,12
1003,P,H,-4.903,0.07849,13.5,2,P,12
1003,P,I,-1.32,1.436,7.5,2,P,12
1003,P,K,-4.898,0.06788,5,2,P,12
1003,P,L,-1.524,0.2715,5.5,2,P,12
1003,P,M,-1.292,2.241,6,2,P,12
1003,P,N,-4.124,1.18,4,2,P,12
1003,P,P,0,0,,2,P,12
1003,P,Q,-4.971,,3,1,P,12
1003,P,R,-4.853,0.1556,4,2,P,12
1003,P,S,-4.691,0.3705,7,2,P,12
1003,P,T,-4.633,0.2581,11,2,P,12
1003,P,V,-3.535,1.412,1.5,2,P,12
1003,P,W,-2.962,2.647,1.5,2,P,12
1003,P,Y,-4.875,0.07778,3,2,P,12
1004,T,-,-2.113,3.85,2.5,2,T,12
1004,T,A,-0.6192,0.5075,4.5,2,T,12
1004,T,C,0.3817,0.3664,4.5,2,T,12
1004,T,D,-0.1416,0.4031,5,2,T,12
1004,T,E,0.6404,,0.5,1,T,12
1004,T,F,-0.9248,0.07085,3,2,T,12
1004,T,G,0.4024,0.5122,2.5,2,T,12
1004,T,H,0.7009,0.1121,3.5,2,T,12
1004,T,I,-0.00025,0.5204,8,2,T,12
1004,T,K,0.0398,0.5527,5.5,2,T,12
1004,T,L,0.18,0.4158,2.5,2,T,12
1004,T,M,-0.08099,0.04484,2.5,2,T,12
1004,T,N,-0.3046,0.6336,6,2,T,12
1004,T,P,-4.803,0.1987,2,2,T,12
1004,T,Q,-0.1144,0.2348,2,2,T,12
1004,T,R,-0.5828,0.1772,2,2,T,12
1004,T,S,-0.452,1.048,3.5,2,T,12
1004,T,T,0,0,,2,T,12
1004,T,V,0.3765,,3.5,1,T,12
1004,T,W,-3.929,0.6583,5,2,T,12
1004,T,Y,-1.185,0.03323,5.5,2,T,12
1005,M,-,-1.008,1.274,1.5,2,M,12
1005,M,A,-0.6914,0.602,3.5,2,M,12
1005,M,C,-1.381,0.164,2.5,2,M,12
1005,M,D,-0.4905,,1.5,1,M,12
1005,M,E,-0.6925,0.1219,1.5,2,M,12
1005,M,F,0.03635,0.9244,3.5,2,M,12
1005,M,G,-0.5738,0.9605,4,2,M,12
1005,M,H,-0.9937,0.6383,3,2,M,12
1005,M,I,-0.1216,0.004455,16,2,M,12
1005,M,K,-0.2253,0.1495,5,2,M,12
1005,M,L,0.3671,0.4654,1.5,2,M,12
1005,M,M,0,0,,2,M,12
1005,M,N,-0.2964,0.5437,5,2,M,12
1005,M,P,-0.0475,0.5076,5.5,2,M,12
1005,M,Q,-0.8508,0.3256,3.5,2,M,12
1005,M,R,-0.7999,0.07,6,2,M,12
1005,M,S,-2.833,2.979,2.5,2,M,12
1005,M,T,-1.416,1.245,2,2,M,12
1005,M,V,-1.081,1.668,2.5,2,M,12
1005,M,W,-0.9626,0.9354,1.5,2,M,12
1005,M,Y,0.4646,0.3949,2,2,M,12
1006,A,-,-0.2056,0.9305,1,2,A,12
1006,A,A,0,0,,2,A,12
1006,A,C,-1.276,0.807,2.5,2,A,12
1006,A,D,-0.512,0.09051,3,2,A,12
1006,A,E,0.3059,0.493,3,2,A,12
1006,A,F,-0.4001,,1,1,A,12
1006,A,G,0.2541,0.5858,5,2,A,12
1006,A,H,-0.2568,0.3108,6,2,A,12
1006,A,I,-0.6324,0.6768,2.5,2,A,12
1006,A,K,-0.2444,,2.5,1,A,12
1006,A,L,0.1886,0.2766,3.5,2,A,12
1006,A,M,0.255,0.7162,3.5,2,A,12
1006,A,N,-0.4714,0.7942,3.5,2,A,12
1006,A,P,-0.7726,0.06392,5,2,A,12
1006,A,Q,0.4307,0.221,2,2,A,12
1006,A,R,-0.02575,0.344,4.5,2,A,12
1006,A,S,-0.5303,0.9074,10.5,2,A,12
1006,A,T,-0.1907,0.2248,10.5,2,A,12
1006,A,V,-0.6714,1.064,5,2,A,12
1006,A,W,-1.062,0.3914,5,2,A,12
1006,A,Y,0.0194,0.4977,3,2,A,12
1007,D,-,-1.788,2.056,2,2,D,12
1007,D,A,-4.835,0.01344,2.5,2,D,12
1007,D,C,-4.908,0.09405,5,2,D,12
1007,D,D,0,0,,2,D,12
1007,D,E,-0.1784,0.6843,5.5,2,D,12
1007,D,F,-4.893,0.09122,3,2,D,12
1007,D,G,-4.889,0.1025,6,2,D,12
1007,D,H,-0.4706,0.05452,4,2,D,12
1007,D,I,-4.827,0.08061,6.5,2,D,12
1007,D,K,-2.122,3.973,2,2,D,12
1007,D,L,-4.674,0.3578,1.5,2,D,12
1007,D,M,-3.041,0.6166,5,2,D,12
1007,D,N,-1.201,2.025,10,2,D,12
1007,D,P,-2.405,3.41,2.5,2,D,12
1007,D,Q,-4.918,0.1068,2.5,2,D,12
1007,D,R,-3.712,,1.5,1,D,12
1007,D,S,-2.897,2.579,5.5,2,D,12
1007,D,T,-4.88,0.05515,6,2,D,12
1007,D,V,-4.899,0.04313,3,2,D,12
1007,D,W,-4.77,0.1782,3,2,D,12
1007,D,Y,-4.136,1.107,17.5,2,D,12
1008,F,-,-2.103,0.5112,2,2,F,12
1008,F,A,-4.899,0.05515,2.5,2,F,12
1008,F,C,-2.75,2.94,1.5,2,F,12
1008,F,D,-4.942,,2,1,F,12
1008,F,E,-4.858,0.1245,2.5,2,F,12
1008,F,F,0,0,,2,F,12
1008,F,G,-4.886,0.1075,2,2,F,12
1008,F,H,-4.886,0.1039,3,2,F,12
1008,F,I,-3.132,0.944,4,2,F,12
1008,F,K,-4.89,0.1032,4.5,2,F,12
1008,F,L,-0.6895,0.2358,11,2,F,12
1008,F,M,-2.095,1.118,3.5,2,F,12
1008,F,N,-4.86,,3,1,F,12
1008,F,P,-4.3,0.8839,3.5,2,F,12
1008,F,Q,-4.627,0.4547,5.5,2,F,12
1008,F,R,-4.679,0.4094,5,2,F,12
1008,F,S,-4.662,0.4045,6,2,F,12
1008,F,T,-4.91,0.07495,7,2,F,12
1008,F,V,-4.761,0.07425,4.5,2,F,12
1008,F,W,-2.763,1.026,3,2,F,12
1008,F,Y,-4.856,0.03111,7.5,2,F,12
1009,V,-,-1.428,0.8101,2.5,2,V,12
1009,V,A,-0.4279,0.9067,3,2,V,12
1009,V,C,-3.458,0.7757,2.5,2,V,12
1009,V,D,-0.3733,1.224,5,2,V,12
1009,V,E,0.7834,,2.5,1,V,12
1009,V,F,-2.019,2.111,2,2,V,12
1009,V,G,-1.476,0.2793,3,2,V,12
1009,V,H,-0.06636,,1.5,1,V,12
1009,V,I,-1.534,2.678,6.5,2,V,12
1009,V,K,0.5541,,3,1,V,12
1009,V,L,-0.1617,0.2008,6.5,2,V,12
1009,V,M,0.07,0.4466,14.5,2,V,12
1009,V,N,-0.423,1.41,3,2,V,12
1009,V,P,-4.829,0.2072,2.5,2,V,12
1009,V,Q,-0.07555,1.3,3.5,2,V,12
1009,V,R,-0.6798,1.242,3,2,V,12
1009,V,S,-0.1045,1.225,3,2,V,12
1009,V,T,0.7686,,2,1,V,12
1009,V,V,0,0,,2,V,12
1009,V,W,-0.7734,0.7659,2,2,V,12
1009,V,Y,0.045,0.2309,5.5,2,V,12
1010,Q,*,-2.881,2.998,1.5,2,Q,12
1010,Q,-,-0.6313,1.199,2,2,Q,12
1010,Q,A,0.708,0.1772,3.5,2,Q,12
1010,Q,C,-1.096,0.3833,2.5,2,Q,12
1010,Q,D,0.01992,0.05091,4.5,2,Q,12
1010,Q,E,0.00185,0.3993,2.5,2,Q,12
1010,Q,F,0.5611,,1.5,1,Q,12
1010,Q,G,0.08101,0.2545,7.5,2,Q,12
1010,Q,H,-2.252,3.697,4.5,2,Q,12
1010,Q,I,0.1138,0.1254,3,2,Q,12
1010,Q,K,-0.0301,1.102,7.5,2,Q,12
1010,Q,L,0.3075,0.2716,6,2,Q,12
1010,Q,M,0.4062,0.385,3.5,2,Q,12
1010,Q,N,0.4224,0.385,2,2,Q,12
1010,Q,P,0.515,0.08959,4,2,Q,12
1010,Q,Q,0,0,,2,Q,12
1010,Q,R,-0.7057,0.6976,4.5,2,Q,12
1010,Q,S,0.568,0.03825,2.5,2,Q,12
1010,Q,T,0.2396,0.7275,4.5,2,Q,12
1010,Q,V,0.06772,,3.5,1,Q,12
1010,Q,W,0.1886,0.7962,4,2,Q,12
1010,Q,Y,-0.4566,0.2505,3,2,Q,12
1011,I,-,-2.522,2.992,4,2,I,12
1011,I,A,-0.9875,1.645,4,2,I,12
1011,I,C,-0.1686,,1.5,1,I,12
1011,I,D,-0.5862,,0.5,1,I,12
1011,I,E,-0.2077,0.04936,4,2,I,12
1011,I,F,-1.721,2.474,5,2,I,12
1011,I,G,0.1855,0.4291,3.5,2,I,12
1011,I,H,-0.08598,0.1958,2.5,2,I,12
1011,I,I,0,0,,2,I,12
1011,I,K,-1.935,0.7156,4.5,2,I,12
1011,I,L,-0.09382,0.09289,3.5,2,I,12
1011,I,M,0.2017,0.8095,3.5,2,I,12
1011,I,N,-0.07915,0.4352,5,2,I,12
1011,I,P,-4.893,0.0891,3.5,2,I,12
1011,I,Q,-0.3099,1.086,1.5,2,I,12
1011,I,R,-1.135,0.002121,4.5,2,I,12
1011,I,S,-0.2167,1.444,1,2,I,12
1011,I,T,-0.2777,0.8391,5.5,2,I,12
1011,I,V,0.2526,0.6854,1.5,2,I,12
1011,I,W,-1.883,0.4879,4,2,I,12
1011,I,Y,-1.738,0.3472,3.5,2,I,12
1012,E,*,-4.925,0.09546,9.5,2,E,12
1012,E,-,-1.311,1.31,4,2,E,12
1012,E,A,0.09624,0.202,4,2,E,12
1012,E,C,-0.6081,1.086,3.5,2,E,12
1012,E,D,0.2503,0.7748,15,2,E,12
1012,E,E,0,0,,2,E,12
1012,E,F,0.337,0.2674,3,2,E,12
1012,E,G,0.03355,0.7465,4.5,2,E,12
1012,E,H,0.5723,0.2415,6.5,2,E,12
1012,E,I,-1.148,1.872,2.5,2,E,12
1012,E,K,-0.3946,0.332,16.5,2,E,12
1012,E,L,-2.035,1.842,2.5,2,E,12
1012,E,M,0.8389,,0.5,1,E,12
1012,E,N,-0.2069,0.3581,4,2,E,12
1012,E,P,-0.2664,0.7318,3,2,E,12
1012,E,Q,-0.1562,0.4679,4,2,E,12
1012,E,R,-0.2727,0.09928,1.5,2,E,12
1012,E,S,-1.675,2.381,2,2,E,12
1012,E,T,0.2674,0.1282,7.5,2,E,12
1012,E,V,-3.752,1.771,2.5,2,E,12
1012,E,W,0.1688,0.6517,6,2,E,12
1012,E,Y,-0.8249,0.7709,6,2,E,12
1013,N,-,-0.07192,,2,1,N,12
1013,N,A,0.7619,,0.5,1,N,12
1013,N,C,-0.1563,0.566,3,2,N,12
1013,N,D,-0.02155,0.4429,4,2,N,12
1013,N,E,-2.025,3.739,3,2,N,12
1013,N,F,0.3002,0.2034,6,2,N,12
1013,N,G,0.7829,0.03394,3,2,N,12
1013,N,H,0.08275,0.9384,1,2,N,12
1013,N,I,0.4012,0.5083,4,2,N,12
1013,N,K,-0.1544,0.3111,3,2,N,12
1013,N,L,-0.4674,0.36,3.5,2,N,12
1013,N,M,0.4945,0.3301,2,2,N,12
1013,N,N,0,0,,2,N,12
1013,N,P,0.1011,0.3061,5,2,N,12
1013,N,Q,0.3276,0.1666,5,2,N,12
1013,N,R,0.1942,0.4764,5.5,2,N,12
1013,N,S,-0.7878,2.286,1.5,2,N,12
1013,N,T,0.8337,,1,1,N,12
1013,N,V,0.2003,0.7858,4.5,2,N,12
1013,N,W,0.3079,0.1569,4,2,N,12
1013,N,Y,-0.03081,,3,1,N,12
1014,C,*,-5.006,,2.5,1,C,12
1014,C,-,0.01991,,2,1,C,12
1014,C,A,-4.877,0.08768,3,2,C,12
1014,C,C,0,0,,2,C,12
1014,C,D,-5.007,,4.5,1,C,12
1014,C,E,-4.894,0.1075,3.5,2,C,12
1014,C,F,-4.8,0.0891,6.5,2,C,12
1014,C,G,-4.721,0.152,4.5,2,C,12
1014,C,H,-4.877,0.05303,5,2,C,12
1014,C,I,-4.777,0.2666,4.5,2,C,12
1014,C,K,-4.728,0.3239,4,2,C,12
1014,C,L,-4.891,0.1039,2.5,2,C,12
1014,C,M,-4.623,0.2779,3.5,2,C,12
1014,C,N,-4.895,0.07495,4,2,C,12
1014,C,P,-4.889,0.08556,3.5,2,C,12
1014,C,Q,-4.899,0.1146,5.5,2,C,12
1014,C,R,-4.441,0.577,6,2,C,12
1014,C,S,-4.877,0.0898,4.5,2,C,12
1014,C,T,-4.86,0.1245,6,2,C,12
1014,C,V,-4.841,,1.5,1,C,12
1014,C,W,-4.917,0.1245,5,2,C,12
1014,C,Y,-4.921,0.0799,11,2,C,12
1015,N,-,-0.4639,,2,1,N,12
1015,N,A,-0.6799,0.4318,4,2,N,12
1015,N,C,0.04896,0.1744,2.5,2,N,12
1015,N,D,0.3511,0.2497,5,2,N,12
1015,N,E,0.3172,0.7432,2.5,2,N,12
1015,N,F,-0.8778,0.6621,4,2,N,12
1015,N,G,-1.37,2.88,3,2,N,12
1015,N,H,0.1465,0.5569,3.5,2,N,12
1015,N,I,0.3563,0.6871,6,2,N,12
1015,N,K,0.3547,0.03564,8,2,N,12
1015,N,L,0.07075,0.2183,5,2,N,12
1015,N,M,-0.6346,0.6355,2.5,2,N,12
1015,N,N,0,0,,2,N,12
1015,N,P,-0.4831,0.8088,3,2,N,12
1015,N,Q,-0.575,1.445,4,2,N,12
1015,N,S,-0.1096,1.286,1.5,2,N,12
1015,N,T,-0.9047,0.6622,5.5,2,N,12
1015,N,V,-0.7573,1.424,2.5,2,N,12
1015,N,W,-1.456,1.942,2,2,N,12
1015,N,Y,-0.9791,2.172,3,2,N,12
1016,V,-,-0.09825,0.8166,2.5,2,V,12
1016,V,A,0.1656,0.481,3.5,2,V,12
1016,V,C,0.2332,0.4944,3.5,2,V,12
1016,V,D,-0.3917,1.601,4.5,2,V,12
1016,V,E,0.306,0.007283,4,2,V,12
1016,V,F,-0.2643,0.1879,4.5,2,V,12
1016,V,G,-0.8307,2.119,5.5,2,V,12
1016,V,H,0.1399,0.6271,3,2,V,12
1016,V,I,-1.109,2.057,3,2,V,12
1016,V,K,-0.825,0.6039,1.5,2,V,12
1016,V,L,0.33,0.607,7.5,2,V,12
1016,V,M,0.4751,0.2821,3,2,V,12
1016,V,N,0.3398,,2,1,V,12
1016,V,P,-1.35,0.584,1.5,2,V,12
1016,V,Q,0.7127,0.0589,6,2,V,12
1016,V,R,0.787,,1,1,V,12
1016,V,S,0.316,0.004172,3.5,2,V,12
1016,V,T,-1.378,2.167,3,2,V,12
1016,V,V,0,0,,2,V,12
1016,V,W,0.322,0.3282,5.5,2,V,12
1016,V,Y,-2.204,3.691,3,2,V,12
1017,T,-,0.2326,0.184,2.5,2,T,12
1017,T,A,-0.3804,0.2398,7.5,2,T,12
1017,T,C,-1.31,0.3656,7,2,T,12
1017,T,D,-0.7416,,1,1,T,12
1017,T,E,-0.381,0.869,1.5,2,T,12
1017,T,F,-0.4032,0.7576,5,2,T,12
1017,T,G,-0.5752,0.7323,4,2,T,12
1017,T,H,-0.2959,1.103,3.5,2,T,12
1017,T,I,-1.873,0.734,11,2,T,12
1017,T,K,-1.821,1.136,5,2,T,12
1017,T,L,-0.8914,0.7519,3.5,2,T,12
1017,T,M,-0.8054,0.8168,5.5,2,T,12
1017,T,N,0.1077,0.4844,3.5,2,T,12
1017,T,P,-0.3402,,1.5,1,T,12
1017,T,Q,0.5238,0.3058,4,2,T,12
1017,T,R,-0.3887,0.8549,2.5,2,T,12
1017,T,S,0.2966,0.4972,3,2,T,12
1017,T,T,0,0,,2,T,12
1017,T,V,-1.401,0.4151,4,2,T,12
1017,T,W,-1.61,0.8973,5.5,2,T,12
1017,T,Y,0.2163,0.3637,5,2,T,12
1018,F,-,-1.947,0.05515,2.5,2,F,12
1018,F,A,-3.389,0.7658,2.5,2,F,12
1018,F,C,-2.208,0.4624,5,2,F,12
1018,F,D,-3.816,0.7707,2,2,F,12
1018,F,E,-4.613,0.5006,3,2,F,12
1018,F,F,0,0,,2,F,12
1018,F,G,-4.794,0.09899,2.5,2,F,12
1018,F,H,-0.042,0.209,1.5,2,F,12
1018,F,I,-4.889,0.05728,4.5,2,F,12
1018,F,K,-4.862,0.1153,3,2,F,12
1018,F,L,-1.014,2.031,4,2,F,12
1018,F,M,-0.9817,1.854,2,2,F,12
1018,F,N,-4.857,0.09758,2.5,2,F,12
1018,F,P,-3.962,1.392,3,2,F,12
1018,F,Q,-1.021,0.282,1.5,2,F,12
1018,F,R,-4.881,0.09051,1,2,F,12
1018,F,S,-3.191,0.2638,4,2,F,12
1018,F,T,-4.391,,2,1,F,12
1018,F,V,-4.86,0.1344,5.5,2,F,12
1018,F,W,-2.604,2.945,4,2,F,12
1018,F,Y,-0.5755,1.687,3.5,2,F,12
1019,V,-,-2.486,0.9171,2,2,V,12
1019,V,A,0.08665,0.847,5.5,2,V,12
1019,V,C,-0.06385,0.3818,3.5,2,V,12
1019,V,D,-2.462,0.4172,6.5,2,V,12
1019,V,E,-3.055,1.098,2,2,V,12
1019,V,F,-0.08335,0.964,6,2,V,12
1019,V,G,-2.835,2.432,2.5,2,V,12
1019,V,H,0.7439,,2,1,V,12
1019,V,I,0.6638,0.2497,7,2,V,12
1019,V,K,-2.043,2.994,3,2,V,12
1019,V,L,0.6019,0.01351,4,2,V,12
1019,V,M,0.6475,0.1284,3.5,2,V,12
1019,V,N,0.06115,0.2604,2.5,2,V,12
1019,V,P,0.5038,0.2599,2,2,V,12
1019,V,Q,-1.178,1.41,2,2,V,12
1019,V,R,-0.3515,0.9213,5.5,2,V,12
1019,V,S,-0.9867,1.702,3.5,2,V,12
1019,V,T,0.3945,0.585,3.5,2,V,12
1019,V,V,0,0,,2,V,12
1019,V,W,-0.2434,0.1183,6,2,V,12
1019,V,Y,0.2079,,3,1,V,12
1020,N,-,-2.659,1.205,2.5,2,N,12
1020,N,A,-0.7501,0.1867,3,2,N,12
1020,N,C,-2.556,0.21,4.5,2,N,12
1020,N,D,-0.9483,0.5286,5.5,2,N,12
1020,N,E,-3.72,1.389,1.5,2,N,12
1020,N,F,-0.6183,0.7477,2,2,N,12
1020,N,G,-2.595,0.425,2.5,2,N,12
1020,N,H,-2.183,1.601,2.5,2,N,12
1020,N,I,-1.108,1.6,3.5,2,N,12
1020,N,K,-0.9733,1.097,4.5,2,N,12
1020,N,L,-2.21,1.948,3.5,2,N,12
1020,N,M,-0.834,0.3111,3.5,2,N,12
1020,N,N,0,0,,2,N,12
1020,N,P,-2.656,1.406,4,2,N,12
1020,N,Q,-0.3433,0.1646,6.5,2,N,12
1020,N,R,-0.6319,0.9124,4,2,N,12
1020,N,S,-0.9864,0.3968,5.5,2,N,12
1020,N,T,-2.285,2.198,4,2,N,12
1020,N,V,-1,0.5952,2.5,2,N,12
1020,N,W,-1.829,0.7227,2.5,2,N,12
1020,N,Y,-1.447,0.1344,3,2,N,12
1021,I,-,-2.722,,2,1,I,12
1021,I,A,-1.493,1.418,3,2,I,12
1021,I,C,0.4982,0.2671,2,2,I,12
1021,I,D,-4.873,0.06435,4.5,2,I,12
1021,I,E,-4.895,0.08627,3.5,2,I,12
1021,I,F,-2.246,0.5558,5,2,I,12
1021,I,G,-4.864,0.09263,2.5,2,I,12
1021,I,H,-4.802,,1.5,1,I,12
1021,I,I,0,0,,2,I,12
1021,I,K,-4.748,0.2871,7.5,2,I,12
1021,I,L,-0.6848,0.6099,4.5,2,I,12
1021,I,M,-0.5849,0.01513,6,2,I,12
1021,I,N,-4.929,0.08627,5.5,2,I,12
1021,I,P,-4.764,0.09617,4,2,I,12
1021,I,Q,-4.649,0.3847,4,2,I,12
1021,I,R,-4.992,,1.5,1,I,12
1021,I,S,-2.63,2.699,1.5,2,I,12
1021,I,T,-1.141,0.5189,3.5,2,I,12
1021,I,V,0.3765,0.5628,4,2,I,12
1021,I,W,-4.905,0.06435,3,2,I,12
1021,I,Y,-4.407,0.6859,3.5,2,I,12
1022,S,-,-1.894,,1.5,1,S,12
1022,S,A,-0.6546,0.2203,2.5,2,S,12
1022,S,C,-1.761,2.681,5,2,S,12
1022,S,D,-0.8952,0.1566,3,2,S,12
1022,S,E,-0.716,0.4257,5.5,2,S,12
1022,S,F,-2.283,0.3507,4.5,2,S,12
1022,S,G,-0.6648,0.6494,3,2,S,12
1022,S,H,0.1786,0.7437,4,2,S,12
1022,S,I,-1.579,0.5226,5,2,S,12
1022,S,K,-0.2588,0.3292,5,2,S,12
1022,S,L,-1.483,0.7611,3.5,2,S,12
1022,S,M,-0.3786,0.9665,3.5,2,S,12
1022,S,N,-0.3413,0.6795,8,2,S,12
1022,S,P,-0.3079,0.2501,3,2,S,12
1022,S,Q,-0.399,1.609,3.5,2,S,12
1022,S,R,-0.2826,0.8123,3.5,2,S,12
1022,S,S,0,0,,2,S,12
1022,S,T,-0.196,0.6775,3.5,2,S,12
1022,S,V,-1.454,0.7481,4,2,S,12
1022,S,W,-2.767,1.188,5.5,2,S,12
1022,S,Y,-2.551,0.5452,6,2,S,12
1023,R,-,0.4414,,1,1,R,12
1023,R,A,-0.1193,0.7698,3,2,R,12
1023,R,C,-0.122,0.06811,4,2,R,12
1023,R,D,-2.325,0.9001,3.5,2,R,12
1023,R,E,-0.6194,0.08591,3,2,R,12
1023,R,F,0.3323,0.6544,2,2,R,12
1023,R,G,-2.559,3.1,5.5,2,R,12
1023,R,H,0.6284,0.1564,5.5,2,R,12
1023,R,I,-1.12,0.6307,3,2,R,12
1023,R,K,0.5082,0.2763,7.5,2,R,12
1023,R,L,-1.355,2.163,2.5,2,R,12
1023,R,M,-0.03043,0.0608,8.5,2,R,12
1023,R,N,-2.541,3.175,4.5,2,R,12
1023,R,P,-2.133,2.951,2,2,R,12
1023,R,Q,-0.0982,,2.5,1,R,12
1023,R,R,0,0,,2,R,12
1023,R,S,-3.083,2.251,6,2,R,12
1023,R,T,0.1824,0.8126,3,2,R,12
1023,R,V,0.4151,0.03479,3.5,2,R,12
1023,R,W,-0.1719,1.403,3.5,2,R,12
1023,R,Y,-0.5379,0.7171,3,2,R,12
1024,S,-,0.5167,,1.5,1,S,12
1024,S,A,0.5703,0.1167,5,2,S,12
1024,S,C,-0.2265,0.6102,3,2,S,12
1024,S,D,-0.5171,0.789,3.5,2,S,12
1024,S,E,0.4545,0.102,3.5,2,S,12
1024,S,F,0.1654,0.7961,3.5,2,S,12
1024,S,G,0.4506,0.436,2,2,S,12
1024,S,H,-1.882,3.768,3.5,2,S,12
1024,S,I,-0.1957,0.2446,6.5,2,S,12
1024,S,K,0.00905,0.5505,3,2,S,12
1024,S,L,-0.06335,0.4863,4.5,2,S,12
1024,S,M,-0.5848,0.4898,2.5,2,S,12
1024,S,N,0.4609,0.03394,3,2,S,12
1024,S,P,-0.607,0.461,4,2,S,12
1024,S,Q,-0.855,1.236,2,2,S,12
1024,S,R,-1.141,0.4337,4,2,S,12
1024,S,S,0,0,,2,S,12
1024,S,T,0.6693,0.1454,5.5,2,S,12
1024,S,V,-0.4667,1.259,5,2,S,12
1024,S,W,0.6874,0.1995,7,2,S,12
1024,S,Y,-0.1631,0.4086,9,2,S,12
1025,E,*,-4.913,0.1308,13,2,E,12
1025,E,-,0.6472,,2,1,E,12
1025,E,A,-1.304,1.141,2.5,2,E,12
1025,E,C,-0.9314,0.05784,4,2,E,12
1025,E,D,-0.5439,0.1194,7,2,E,12
1025,E,E,0,0,,2,E,12
1025,E,F,-0.3406,0.7256,2.5,2,E,12
1025,E,G,-0.06135,0.2214,5.5,2,E,12
1025,E,H,-0.4662,0.7874,3.5,2,E,12
1025,E,I,-0.04365,0.5884,2.5,2,E,12
1025,E,K,0.5258,0.1129,9.5,2,E,12
1025,E,L,-1.185,0.9697,6,2,E,12
1025,E,M,0.1169,0.5708,4.5,2,E,12
1025,E,N,-0.1378,0.4383,7,2,E,12
1025,E,P,-4.894,0.1138,2,2,E,12
1025,E,Q,-0.3823,0.4983,5,2,E,12
1025,E,R,0.4047,0.2449,4.5,2,E,12
1025,E,S,-1.501,1.58,3,2,E,12
1025,E,T,-0.2038,0.001414,2.5,2,E,12
1025,E,V,-0.9291,0.1964,4.5,2,E,12
1025,E,W,-2.704,0.1739,3.5,2,E,12
1025,E,Y,0.01995,0.7111,5,2,E,12
1026,L,-,-2.519,2.711,2.5,2,L,12
1026,L,A,-0.439,0.9136,2,2,L,12
1026,L,C,-4.489,0.3147,6,2,L,12
1026,L,D,-2.938,2.684,3,2,L,12
1026,L,E,-4.905,0.08415,6.5,2,L,12
1026,L,F,-0.0043,0.2243,2.5,2,L,12
1026,L,G,-4.879,0.07212,1.5,2,L,12
1026,L,H,-4.668,0.1039,3.5,2,L,12
1026,L,I,0.3441,0.1669,4.5,2,L,12
1026,L,K,-4.397,,1.5,1,L,12
1026,L,L,0,0,,2,L,12
1026,L,M,0.2883,0.2036,3.5,2,L,12
1026,L,N,-4.877,0.08415,2,2,L,12
1026,L,P,-4.919,0.1047,4.5,2,L,12
1026,L,Q,-4.716,0.1732,3.5,2,L,12
1026,L,R,-4.16,1.089,2.5,2,L,12
1026,L,S,-2.441,2.849,1.5,2,L,12
1026,L,T,-4.723,0.3486,5,2,L,12
1026,L,V,-1.916,3.022,3.5,2,L,12
1026,L,W,0.2833,0.6287,2,2,L,12
1026,L,Y,-2.998,0.676,3.5,2,L,12
1027,Q,*,-4.871,0.08627,5,2,Q,12
1027,Q,-,-1.278,,2,1,Q,12
1027,Q,A,0.3388,0.2783,6,2,Q,12
1027,Q,C,-0.3016,0.2119,3.5,2,Q,12
1027,Q,D,-0.6857,1.211,4,2,Q,12
1027,Q,E,0.181,0.6993,2.5,2,Q,12
1027,Q,F,0.07358,0.1294,5,2,Q,12
1027,Q,G,-0.6832,0.687,4,2,Q,12
1027,Q,H,0.2395,0.3723,16.5,2,Q,12
1027,Q,I,0.4574,0.08966,4.5,2,Q,12
1027,Q,K,-0.3565,0.2719,6,2,Q,12
1027,Q,L,-0.1404,0.117,3.5,2,Q,12
1027,Q,M,0.7854,0.0502,3,2,Q,12
1027,Q,N,0.4377,0.4394,2.5,2,Q,12
1027,Q,P,-2.798,,1.5,1,Q,12
1027,Q,Q,0,0,,2,Q,12
1027,Q,R,0.6551,,3,1,Q,12
1027,Q,S,-0.5327,1.815,2,2,Q,12
1027,Q,T,-0.3527,0.5767,2,2,Q,12
1027,Q,V,-0.01405,0.8913,2.5,2,Q,12
1027,Q,W,-0.1106,1.228,2,2,Q,12
1027,Q,Y,-0.6108,0.1583,3.5,2,Q,12
1028,T,*,-4.984,,0.5,1,T,12
1028,T,-,-0.3813,,1.5,1,T,12
1028,T,A,0.3355,0.05197,4.5,2,T,12
1028,T,C,-0.2492,0.5613,4.5,2,T,12
1028,T,D,-0.1121,0.3181,7.5,2,T,12
1028,T,E,-1.678,2.727,1,2,T,12
1028,T,F,-0.01515,0.5758,3.5,2,T,12
1028,T,G,-0.4653,0.1845,2.5,2,T,12
1028,T,H,0.2182,0.7654,2.5,2,T,12
1028,T,I,0.2688,0.6675,7.5,2,T,12
1028,T,K,0.6485,,1.5,1,T,12
1028,T,L,0.1689,0.7311,5.5,2,T,12
1028,T,M,0.4995,0.3545,5.5,2,T,12
1028,T,N,0.01415,0.186,6.5,2,T,12
1028,T,Q,-1.319,1.009,3,2,T,12
1028,T,S,-0.4852,0.08217,3.5,2,T,12
1028,T,T,0,0,,2,T,12
1028,T,V,-0.3426,0.2046,5,2,T,12
1028,T,W,0.4163,0.4916,5,2,T,12
1028,T,Y,-1.19,1.732,4,2,T,12
1029,I,-,-1.032,,2,1,I,12
1029,I,A,0.4048,0.435,2.5,2,I,12
1029,I,C,-0.8448,0.1914,3,2,I,12
1029,I,D,-4.745,0.3203,4.5,2,I,12
1029,I,E,-3.277,2.27,1.5,2,I,12
1029,I,F,0.2396,0.7326,2,2,I,12
1029,I,G,-3.558,0.2397,3.5,2,I,12
1029,I,H,-1.278,1.21,2.5,2,I,12
1029,I,I,0,0,,2,I,12
1029,I,K,-2.028,1.637,2.5,2,I,12
1029,I,L,0.3477,0.499,8,2,I,12
1029,I,M,-2.732,2.424,2.5,2,I,12
1029,I,N,-2.32,0.03253,4.5,2,I,12
1029,I,P,-4.858,0.09617,3,2,I,12
1029,I,Q,-2.006,0.6604,3.5,2,I,12
1029,I,R,-4.254,0.4384,2.5,2,I,12
1029,I,S,-2.165,2.991,2,2,I,12
1029,I,T,-1.379,0.9381,5.5,2,I,12
1029,I,V,0.4656,0.02708,4.5,2,I,12
1029,I,W,-3.444,0.9221,3,2,I,12
1029,I,Y,-0.3239,0.204,3,2,I,12
1030,V,*,-4.815,,0.5,1,V,12
1030,V,-,0.2175,,2,1,V,12
1030,V,A,0.2721,0.4751,7,2,V,12
1030,V,C,0.08235,0.6681,2,2,V,12
1030,V,D,-0.8084,,0.5,1,V,12
1030,V,E,-1.18,0.3636,3,2,V,12
1030,V,F,0.3491,0.03281,5.5,2,V,12
1030,V,G,-2.369,2.1,3.5,2,V,12
1030,V,H,-3.596,1.959,2,2,V,12
1030,V,I,0.0085,1.177,3,2,V,12
1030,V,K,-4.356,0.1273,2,2,V,12
1030,V,L,-0.3279,0.6375,7.5,2,V,12
1030,V,M,0.00635,0.6235,8,2,V,12
1030,V,N,-1.543,1.957,1.5,2,V,12
1030,V,P,-1.637,2.376,4,2,V,12
1030,V,Q,-2.439,0.6406,3.5,2,V,12
1030,V,R,-3.899,1.247,2,2,V,12
1030,V,S,-0.936,0.7821,6,2,V,12
1030,V,T,-0.2046,0.5057,3.5,2,V,12
1030,V,V,0,0,,2,V,12
1030,V,W,-0.1203,1.173,1.5,2,V,12
1030,V,Y,-1.244,0.7321,3.5,2,V,12
1031,P,-,-0.3113,,2,1,P,12
1031,P,A,0.493,0.4313,2.5,2,P,12
1031,P,C,-3.29,0.7799,2.5,2,P,12
1031,P,D,-2.074,0.4667,3,2,P,12
1031,P,E,0.2522,,0.5,1,P,12
1031,P,F,0.3662,0.4872,1.5,2,P,12
1031,P,G,-0.3398,0.03033,3.5,2,P,12
1031,P,H,-0.8748,0.235,12.5,2,P,12
1031,P,I,-0.03125,0.7346,3.5,2,P,12
1031,P,K,-2.827,2.747,3.5,2,P,12
1031,P,L,-0.4677,0.5328,5.5,2,P,12
1031,P,M,0.2652,0.7062,3.5,2,P,12
1031,P,N,-1.325,0.05303,4,2,P,12
1031,P,P,0,0,,2,P,12
1031,P,Q,-0.2356,0.822,2.5,2,P,12
1031,P,R,-0.2862,1.159,3,2,P,12
1031,P,S,-2.222,1.502,6.5,2,P,12
1031,P,T,-0.7161,0.155,4,2,P,12
1031,P,V,-0.2504,0.1469,5,2,P,12
1031,P,W,-2.424,2.538,3.5,2,P,12
1031,P,Y,-0.5111,1.548,2.5,2,P,12
1032,E,*,-4.899,0.09758,12.5,2,E,12
1032,E,-,-0.9896,1.142,2.5,2,E,12
1032,E,A,-1.006,0.6218,3.5,2,E,12
1032,E,C,-2.413,0.4441,3.5,2,E,12
1032,E,D,-0.2784,0.2129,7.5,2,E,12
1032,E,E,0,0,,2,E,12
1032,E,F,-2.419,2.209,2.5,2,E,12
1032,E,G,-1.095,1.79,3,2,E,12
1032,E,H,-2.976,2.673,1.5,2,E,12
1032,E,I,-1.197,0.5901,4,2,E,12
1032,E,K,-0.7631,0.008132,14,2,E,12
1032,E,L,0.0744,0.2213,5.5,2,E,12
1032,E,M,-1.011,0.2868,3.5,2,E,12
1032,E,N,-0.1449,0.02333,5,2,E,12
1032,E,P,-0.6973,0.5341,2.5,2,E,12
1032,E,Q,0.5979,0.1518,4,2,E,12
1032,E,R,-0.3172,0.739,4,2,E,12
1032,E,S,-0.6872,0.06696,2.5,2,E,12
1032,E,T,0.193,0.02574,3,2,E,12
1032,E,V,-0.6568,0.1926,4,2,E,12
1032,E,W,-1.358,0.2913,2.5,2,E,12
1032,E,Y,-0.7552,1.093,3.5,2,E,12
1033,Y,*,-4.694,0.2609,2,2,Y,12
1033,Y,-,-1.349,0.6717,1.5,2,Y,12
1033,Y,A,-0.2463,0.567,7,2,Y,12
1033,Y,C,-3.016,0.1725,5,2,Y,12
1033,Y,D,-0.683,0.2404,4,2,Y,12
1033,Y,E,-1.621,1.461,3.5,2,Y,12
1033,Y,F,-0.094,0.02942,5,2,Y,12
1033,Y,G,-0.0353,0.6599,4,2,Y,12
1033,Y,H,-0.763,0.2453,5,2,Y,12
1033,Y,I,0.2332,0.3433,5.5,2,Y,12
1033,Y,K,-1.137,0.01414,4,2,Y,12
1033,Y,L,0.1966,0.4771,4,2,Y,12
1033,Y,M,0.6996,,1.5,1,Y,12
1033,Y,N,-0.3412,0.7674,6.5,2,Y,12
1033,Y,P,-0.5063,0.8156,5,2,Y,12
1033,Y,Q,-1.143,0.8514,2.5,2,Y,12
1033,Y,R,-0.2859,,3,1,Y,12
1033,Y,S,-0.7158,1.25,4,2,Y,12
1033,Y,T,-0.4305,,3,1,Y,12
1033,Y,V,0.3722,0.2378,3.5,2,Y,12
1033,Y,W,0.8443,,2,1,Y,12
1033,Y,Y,0,0,,2,Y,12
1034,I,-,0.2317,0.1423,1.5,2,I,12
1034,I,A,-1.221,1.16,3.5,2,I,12
1034,I,C,-3.04,1.214,2.5,2,I,12
1034,I,D,-0.4517,0.1877,4,2,I,12
1034,I,E,-0.2792,0.283,4,2,I,12
1034,I,F,-1.178,0.5362,5,2,I,12
1034,I,G,-0.7717,0.182,5,2,I,12
1034,I,H,-1.11,0.4577,2.5,2,I,12
1034,I,I,0,0,,2,I,12
1034,I,K,-1.041,1.037,1.5,2,I,12
1034,I,L,-1.006,1.075,3.5,2,I,12
1034,I,M,-0.2465,0.1402,6.5,2,I,12
1034,I,N,-0.5089,0.4731,4,2,I,12
1034,I,P,0.831,,1,1,I,12
1034,I,Q,-1.717,1.413,1.5,2,I,12
1034,I,R,-0.8778,0.1158,2.5,2,I,12
1034,I,S,-0.65,0.4943,4,2,I,12
1034,I,T,-0.5969,1.873,3,2,I,12
1034,I,V,-0.7162,1.028,6.5,2,I,12
1034,I,W,0.1529,0.3506,3.5,2,I,12
1034,I,Y,-0.7956,0.3513,6,2,I,12
1035,D,-,-0.4869,,1,1,D,12
1035,D,A,-0.1598,0.8806,6,2,D,12
1035,D,C,-3.339,0.9885,3.5,2,D,12
1035,D,D,0,0,,2,D,12
1035,D,E,-1.312,0.6536,2.5,2,D,12
1035,D,F,-3.098,1.052,1.5,2,D,12
1035,D,G,-0.5799,0.9957,3.5,2,D,12
1035,D,H,-1.114,0.42,5,2,D,12
1035,D,I,-0.6803,1.718,2,2,D,12
1035,D,K,-2.048,1.223,3,2,D,12
1035,D,L,-1.45,0.03677,1,2,D,12
1035,D,M,-2.557,0.9405,8.5,2,D,12
1035,D,N,-0.6863,0.6799,22,2,D,12
1035,D,P,-1.266,0.8057,2.5,2,D,12
1035,D,Q,-0.3337,0.2186,3.5,2,D,12
1035,D,R,-2.294,0.02404,2.5,2,D,12
1035,D,S,-0.03875,0.2409,4,2,D,12
1035,D,T,-2.3,0.4815,4,2,D,12
1035,D,V,-1.853,0.5918,9,2,D,12
1035,D,W,-3.546,,3,1,D,12
1035,D,Y,-0.6735,0.02722,8.5,2,D,12
1036,V,-,0.06394,,1,1,V,12
1036,V,A,-2.375,,0.5,1,V,12
1036,V,C,-2.468,1.71,2.5,2,V,12
1036,V,D,-1.54,1.208,3.5,2,V,12
1036,V,E,-2.72,2.972,2.5,2,V,12
1036,V,F,-1.091,,1,1,V,12
1036,V,G,-0.08015,0.6851,1,2,V,12
1036,V,H,-1.92,,2,1,V,12
1036,V,I,0.08869,0.06308,3,2,V,12
1036,V,K,-2.322,0.3882,2,2,V,12
1036,V,L,-0.7385,0.1219,6,2,V,12
1036,V,M,-0.5806,0.05169,9,2,V,12
1036,V,N,-1.352,0.1018,1.5,2,V,12
1036,V,P,-0.9657,0.1136,3,2,V,12
1036,V,Q,-0.9944,,1.5,1,V,12
1036,V,R,-2.836,0.6527,4,2,V,12
1036,V,S,-0.919,,2.5,1,V,12
1036,V,T,0.2712,0.6975,3,2,V,12
1036,V,V,0,0,,2,V,12
1036,V,W,-0.9689,0.611,1.5,2,V,12
1036,V,Y,-2.934,1.877,2,2,V,12
1037,N,-,-3.837,0.4617,2,2,N,12
1037,N,A,-0.8432,0.5583,5,2,N,12
1037,N,C,-0.4741,1.718,6,2,N,12
1037,N,D,-0.9563,0.7562,7,2,N,12
1037,N,E,-0.8571,0.09277,4,2,N,12
1037,N,F,-2.653,3.052,3,2,N,12
1037,N,G,-0.6883,0.06428,5.5,2,N,12
1037,N,H,-1.064,2.514,2.5,2,N,12
1037,N,I,-1.377,0.7058,5.5,2,N,12
1037,N,K,-4.001,,1.5,1,N,12
1037,N,L,-1.514,0.326,5,2,N,12
1037,N,M,-0.695,0.01789,4.5,2,N,12
1037,N,N,0,0,,2,N,12
1037,N,P,-1.373,,1,1,N,12
1037,N,Q,-0.6241,1.258,3.5,2,N,12
1037,N,R,-1.474,0.333,3.5,2,N,12
1037,N,S,-0.4022,0.6208,6,2,N,12
1037,N,T,-0.2732,0.718,4.5,2,N,12
1037,N,V,-1.19,0.3977,2,2,N,12
1037,N,W,-0.3102,0.2344,5.5,2,N,12
1037,N,Y,-0.3249,0.5845,4.5,2,N,12
1038,K,*,-4.964,,0.5,1,K,12
1038,K,-,-4.577,,1.5,1,K,12
1038,K,A,0.2558,0.7071,2.5,2,K,12
1038,K,C,-0.3752,0.994,2.5,2,K,12
1038,K,D,-0.59,0.1818,5,2,K,12
1038,K,E,-3.5,0.6293,3.5,2,K,12
1038,K,F,-0.02915,1.007,4.5,2,K,12
1038,K,G,0.03105,1.118,5,2,K,12
1038,K,H,0.6004,0.2806,1,2,K,12
1038,K,I,0.3887,0.6166,3,2,K,12
1038,K,K,0,0,,2,K,12
1038,K,L,-1.045,0.3454,4.5,2,K,12
1038,K,M,-0.1949,1.014,3.5,2,K,12
1038,K,N,0.4183,0.2756,11,2,K,12
1038,K,P,-0.3543,1.526,3.5,2,K,12
1038,K,Q,0.2747,0.6452,4.5,2,K,12
1038,K,R,0.07914,0.1129,6,2,K,12
1038,K,S,0.1867,0.7898,3,2,K,12
1038,K,T,-0.2036,0.4053,3,2,K,12
1038,K,V,-0.0303,0.4624,3.5,2,K,12
1038,K,W,-0.8367,1.371,1,2,K,12
1038,K,Y,-0.6096,1.49,5,2,K,12
1039,T,-,-0.8899,,0.5,1,T,12
1039,T,A,-0.7486,0.2042,8,2,T,12
1039,T,C,-1.769,2.344,6,2,T,12
1039,T,D,-0.7387,0.2606,8,2,T,12
1039,T,E,-0.8032,,2.5,1,T,12
1039,T,F,-1.374,1.699,5.5,2,T,12
1039,T,G,-4.172,,1,1,T,12
1039,T,H,-1.012,1.035,3,2,T,12
1039,T,I,-0.9069,0.2575,4.5,2,T,12
1039,T,K,-1.762,0.7418,1.5,2,T,12
1039,T,L,-0.7398,0.02687,4,2,T,12
1039,T,M,0.1986,0.7024,5.5,2,T,12
1039,T,N,-1.3,1.507,5,2,T,12
1039,T,P,-1.903,0.3302,2.5,2,T,12
1039,T,Q,-0.5771,1.845,1,2,T,12
1039,T,R,-0.6856,,2,1,T,12
1039,T,S,-0.2051,0.8082,5,2,T,12
1039,T,T,0,0,,2,T,12
1039,T,V,0.3577,0.1324,4.5,2,T,12
1039,T,W,0.3935,0.4663,2,2,T,12
1039,T,Y,0.1061,0.911,1,2,T,12
1040,L,-,0.4676,,0.5,1,L,12
1040,L,A,-1.151,0.5469,2.5,2,L,12
1040,L,C,-2.767,,1.5,1,L,12
1040,L,D,-1.051,1.383,4,2,L,12
1040,L,E,-1.295,0.4181,4.5,2,L,12
1040,L,F,-1.592,1.797,2.5,2,L,12
1040,L,G,-1.419,1.102,1.5,2,L,12
1040,L,H,-1.428,0.4921,3,2,L,12
1040,L,I,-0.0152,1.177,3.5,2,L,12
1040,L,K,-2.132,0.6053,4.5,2,L,12
1040,L,L,0,0,,2,L,12
1040,L,M,-0.4377,0.1549,16.5,2,L,12
1040,L,N,-1.953,,4.5,1,L,12
1040,L,P,-3.639,1.674,2.5,2,L,12
1040,L,Q,-1.278,0.3387,5.5,2,L,12
1040,L,R,-0.6978,0.7073,5,2,L,12
1040,L,S,0.2011,0.3562,1.5,2,L,12
1040,L,T,-4.066,0.9164,3,2,L,12
1040,L,V,-0.1885,1.394,3.5,2,L,12
1040,L,W,-1.302,0.1266,4.5,2,L,12
1040,L,Y,-0.6227,0.2068,2.5,2,L,12
1041,Q,*,-3.275,2.419,6,2,Q,12
1041,Q,A,0.5403,0.2439,3.5,2,Q,12
1041,Q,C,-2.719,2.138,7,2,Q,12
1041,Q,D,-0.9365,2.35,3,2,Q,12
1041,Q,E,0.4645,0.2869,4,2,Q,12
1041,Q,F,0.05778,0.09139,3,2,Q,12
1041,Q,G,0.3162,0.1756,2,2,Q,12
1041,Q,H,-0.2466,0.09482,14.5,2,Q,12
1041,Q,I,-0.5752,0.5376,3.5,2,Q,12
1041,Q,K,0.3938,0.215,3,2,Q,12
1041,Q,L,-0.2793,0.5708,2.5,2,Q,12
1041,Q,M,0.5127,,0.5,1,Q,12
1041,Q,N,0.3213,0.5975,3,2,Q,12
1041,Q,P,-0.1816,0.1362,4,2,Q,12
1041,Q,Q,0,0,,2,Q,12
1041,Q,R,0.3119,0.2179,2.5,2,Q,12
1041,Q,S,0.1105,0.00198,3,2,Q,12
1041,Q,T,0.6478,0.002121,3,2,Q,12
1041,Q,V,-0.09708,,1.5,1,Q,12
1041,Q,W,0.3792,0.5629,2.5,2,Q,12
1041,Q,Y,-0.1381,0.1867,2,2,Q,12
1042,E,*,-4.837,0.2404,7.5,2,E,12
1042,E,A,0.3795,0.5372,3.5,2,E,12
1042,E,D,-0.3301,0.2671,7.5,2,E,12
1042,E,E,0,0,,2,E,12
1042,E,F,0.2762,0.07821,2.5,2,E,12
1042,E,G,0.4427,0.01824,4.5,2,E,12
1042,E,H,0.04972,,0.5,1,E,12
1042,E,I,-2.576,1.707,4.5,2,E,12
1042,E,K,0.1662,0.2936,11.5,2,E,12
1042,E,L,-0.1817,1.255,5.5,2,E,12
1042,E,M,0.738,0.03097,2.5,2,E,12
1042,E,N,-0.127,0.6822,4,2,E,12
1042,E,P,0.6726,0.1404,3.5,2,E,12
1042,E,Q,0.08615,0.5419,4,2,E,12
1042,E,R,0.2604,0.677,3,2,E,12
1042,E,S,-0.5547,0.8575,4.5,2,E,12
1042,E,T,0.07329,0.01908,4,2,E,12
1042,E,V,0.2324,0.6616,5,2,E,12
1042,E,W,0.5788,0.247,3,2,E,12
1042,E,Y,-0.0913,1.084,4,2,E,12
1043,L,-,-3.651,1.704,1,2,L,12
1043,L,A,-0.4435,,0.5,1,L,12
1043,L,C,-2.07,0.7396,2,2,L,12
1043,L,D,-2.095,3.69,2,2,L,12
1043,L,E,0.1442,0.6761,2.5,2,L,12
1043,L,F,0.347,0.5823,6.5,2,L,12
1043,L,G,-0.14,0.1439,4.5,2,L,12
1043,L,H,-0.4339,1.803,4,2,L,12
1043,L,I,-0.1891,0.6327,6.5,2,L,12
1043,L,K,-0.8798,0.0635,7,2,L,12
1043,L,L,0,0,,2,L,12
1043,L,M,-0.3526,0.342,5.5,2,L,12
1043,L,N,-0.0128,0.3149,3.5,2,L,12
1043,L,P,-0.923,0.8301,2.5,2,L,12
1043,L,Q,-0.8029,1.178,4,2,L,12
1043,L,R,-2.296,3.267,2.5,2,L,12
1043,L,S,0.0246,0.5938,2.5,2,L,12
1043,L,T,-0.314,0.829,4,2,L,12
1043,L,V,0.04666,0.1029,4.5,2,L,12
1043,L,W,0.219,0.6094,1.5,2,L,12
1043,L,Y,-0.8345,1.658,3,2,L,12
1044,S,A,0.1438,0.1142,3.5,2,S,12
1044,S,C,-0.8754,0.1452,6.5,2,S,12
1044,S,D,0.1006,0.4698,5.5,2,S,12
1044,S,E,-0.2085,1.295,2,2,S,12
1044,S,F,0.02123,0.05165,3.5,2,S,12
1044,S,G,0.4236,0.4183,4.5,2,S,12
1044,S,H,-3.155,2.507,1,2,S,12
1044,S,I,-0.0576,1.021,6,2,S,12
1044,S,K,-0.3179,0.8598,5,2,S,12
1044,S,L,0.1165,0.488,5,2,S,12
1044,S,M,0.06295,0.3628,6.5,2,S,12
1044,S,N,0.5797,0.03366,11,2,S,12
1044,S,P,-0.1077,,2,1,S,12
1044,S,Q,-1.678,1.898,4.5,2,S,12
1044,S,R,-0.0614,0.4275,9.5,2,S,12
1044,S,S,0,0,,2,S,12
1044,S,T,0.0691,0.9561,2.5,2,S,12
1044,S,V,-0.2905,0.4983,3.5,2,S,12
1044,S,W,-0.3533,0.9924,4,2,S,12
1044,S,Y,0.7582,0.02807,3.5,2,S,12
1045,Y,*,-4.141,0.9836,2.5,2,Y,12
1045,Y,-,-0.1046,,0.5,1,Y,12
1045,Y,A,-0.7048,1.42,1,2,Y,12
1045,Y,C,-0.5682,0.5047,6,2,Y,12
1045,Y,D,0.1494,0.02546,3.5,2,Y,12
1045,Y,E,0.4086,0.4932,4.5,2,Y,12
1045,Y,F,0.1062,0.08032,4,2,Y,12
1045,Y,G,-0.549,1.52,4.5,2,Y,12
1045,Y,H,-0.07248,0.009468,7,2,Y,12
1045,Y,I,0.02974,,1.5,1,Y,12
1045,Y,K,-0.1724,0.4808,3,2,Y,12
1045,Y,L,-0.2915,0.1889,5.5,2,Y,12
1045,Y,M,-0.0736,0.3328,1.5,2,Y,12
1045,Y,N,-0.6365,0.4212,3.5,2,Y,12
1045,Y,P,-0.05055,0.7899,3.5,2,Y,12
1045,Y,Q,0.7712,0.06378,3,2,Y,12
1045,Y,R,-0.5617,0.7457,3.5,2,Y,12
1045,Y,S,-1.421,3.142,2.5,2,Y,12
1045,Y,T,-0.4319,1.016,3,2,Y,12
1045,Y,V,0.212,0.09786,2.5,2,Y,12
1045,Y,W,0.1715,0.378,5.5,2,Y,12
1045,Y,Y,0,0,,2,Y,12
1046,K,-,-2.042,,0.5,1,K,12
1046,K,A,0.1711,0.06428,6,2,K,12
1046,K,C,-0.9203,0.1184,3,2,K,12
1046,K,D,-0.2069,1.029,2,2,K,12
1046,K,E,-1.401,0.2963,2,2,K,12
1046,K,F,-0.5305,0.5301,5,2,K,12
1046,K,G,-0.1321,1.107,3,2,K,12
1046,K,H,0.08195,0.9732,2.5,2,K,12
1046,K,I,-0.2379,1.409,5,2,K,12
1046,K,K,0,0,,2,K,12
1046,K,L,0.07635,0.4088,4.5,2,K,12
1046,K,M,-0.8713,1.578,4.5,2,K,12
1046,K,N,-0.2921,1.481,8.5,2,K,12
1046,K,P,-0.271,0.5838,5.5,2,K,12
1046,K,Q,-0.2811,0.5159,4.5,2,K,12
1046,K,R,0.7804,0.04929,3.5,2,K,12
1046,K,S,-1.869,1.662,3,2,K,12
1046,K,T,-2.897,2.751,3.5,2,K,12
1046,K,V,0.2644,0.5278,2.5,2,K,12
1046,K,W,0.2405,0.7309,6,2,K,12
1046,K,Y,-0.8469,0.6167,5,2,K,12
1047,L,-,-2.701,,0.5,1,L,12
1047,L,A,0.1789,0.4322,5,2,L,12
1047,L,C,-0.4217,0.0292,3.5,2,L,12
1047,L,D,0.4863,0.3924,4.5,2,L,12
1047,L,E,0.5278,0.3157,3,2,L,12
1047,L,F,0.6639,0.07319,2.5,2,L,12
1047,L,G,0.4924,0.1793,4.5,2,L,12
1047,L,H,0.5891,0.04914,5,2,L,12
1047,L,I,-0.1036,0.3907,3.5,2,L,12
1047,L,K,-0.3133,,0.5,1,L,12
1047,L,L,0,0,,2,L,12
1047,L,M,0.2194,0.2067,8.5,2,L,12
1047,L,N,0.7654,0.09263,1.5,2,L,12
1047,L,P,0.2654,0.1505,4,2,L,12
1047,L,Q,0.6786,0.1143,4,2,L,12
1047,L,R,-1.63,3.382,2.5,2,L,12
1047,L,S,0.3419,0.5817,2,2,L,12
1047,L,T,-0.3722,0.3084,4,2,L,12
1047,L,V,0.541,0.1568,4,2,L,12
1047,L,W,0.451,0.03345,3.5,2,L,12
1047,L,Y,0.3492,0.02779,1.5,2,L,12
1048,P,-,-1.111,,0.5,1,P,12
1048,P,A,0.2368,,2,1,P,12
1048,P,C,-0.9741,0.5938,2.5,2,P,12
1048,P,D,0.2443,0.7063,3,2,P,12
1048,P,E,-0.03125,0.3094,6,2,P,12
1048,P,F,-0.3242,1.519,3.5,2,P,12
1048,P,G,0.4735,0.4092,4,2,P,12
1048,P,H,0.4752,0.003536,5.5,2,P,12
1048,P,I,0.6329,0.02758,4,2,P,12
1048,P,K,0.064,0.4127,2,2,P,12
1048,P,L,-0.5154,0.9243,6.5,2,P,12
1048,P,M,-0.586,0.02984,5,2,P,12
1048,P,N,-0.1261,0.6389,5,2,P,12
1048,P,P,0,0,,2,P,12
1048,P,Q,0.779,0.02814,2,2,P,12
1048,P,R,0.2638,0.05162,3.5,2,P,12
1048,P,S,0.7156,0.06527,7.5,2,P,12
1048,P,T,0.165,0.2947,3.5,2,P,12
1048,P,V,-0.3317,0.01704,3,2,P,12
1048,P,W,0.3942,0.3484,5.5,2,P,12
1048,P,Y,0.7618,,1,1,P,12
1049,N,-,-3.716,,1,1,N,12
1049,N,A,0.6995,0.03168,4.5,2,N,12
1049,N,C,-0.6839,0.2076,2,2,N,12
1049,N,D,-0.06957,0.02635,9.5,2,N,12
1049,N,E,0.468,0.4113,4.5,2,N,12
1049,N,F,-0.5378,0.03231,5,2,N,12
1049,N,G,0.3836,0.6144,2.5,2,N,12
1049,N,H,-0.6075,0.4206,1.5,2,N,12
1049,N,I,0.5725,,2,1,N,12
1049,N,K,-0.1152,0.3649,4,2,N,12
1049,N,L,0.8427,,3,1,N,12
1049,N,M,0.4964,0.2908,3.5,2,N,12
1049,N,N,0,0,,2,N,12
1049,N,P,0.7507,0.03557,6,2,N,12
1049,N,Q,-0.131,0.549,5,2,N,12
1049,N,R,-0.09154,0.138,6.5,2,N,12
1049,N,S,0.6639,,0.5,1,N,12
1049,N,T,0.2692,0.4624,3.5,2,N,12
1049,N,V,0.4993,0.3297,5,2,N,12
1049,N,W,-0.6427,1.241,3,2,N,12
1049,N,Y,0.6428,0.08782,5.5,2,N,12
1050,Y,*,-4.912,0.0792,2,2,Y,12
1050,Y,A,0.1068,0.7984,3,2,Y,12
1050,Y,C,-2.312,3.381,3,2,Y,12
1050,Y,D,0.2811,0.5153,2,2,Y,12
1050,Y,E,0.1948,,1.5,1,Y,12
1050,Y,F,0.00585,1.062,5,2,Y,12
1050,Y,G,0.292,0.5648,4,2,Y,12
1050,Y,H,-0.2859,0.5155,3.5,2,Y,12
1050,Y,I,0.7752,0.02772,1.5,2,Y,12
1050,Y,K,0.2645,0.06124,4.5,2,Y,12
1050,Y,L,0.1622,0.3413,5,2,Y,12
1050,Y,M,-1.941,2.805,1.5,2,Y,12
1050,Y,N,0.1094,0.2782,4,2,Y,12
1050,Y,P,0.3158,0.1102,4,2,Y,12
1050,Y,Q,-0.00035,0.5238,4.5,2,Y,12
1050,Y,R,-1.067,1.042,5,2,Y,12
1050,Y,S,-0.3927,0.8028,1.5,2,Y,12
1050,Y,T,0.03778,0.1866,3.5,2,Y,12
1050,Y,V,-4.111,1.266,2,2,Y,12
1050,Y,W,0.2572,0.7032,3.5,2,Y,12
1050,Y,Y,0,0,,2,Y,12
1051,T,A,0.062,0.6102,2.5,2,T,12
1051,T,C,-0.8862,0.6432,2,2,T,12
1051,T,D,0.0608,1.001,2.5,2,T,12
1051,T,E,0.6875,0.06725,3.5,2,T,12
1051,T,F,-0.05265,0.8758,5,2,T,12
1051,T,G,0.1098,0.393,2,2,T,12
1051,T,H,0.1811,0.4728,4,2,T,12
1051,T,I,-0.9582,1.548,5,2,T,12
1051,T,K,-0.6431,0.4554,1,2,T,12
1051,T,L,-2.088,3.723,4,2,T,12
1051,T,M,0.4397,0.4468,6.5,2,T,12
1051,T,N,0.2395,0.2136,8.5,2,T,12
1051,T,P,-0.1153,0.4187,3.5,2,T,12
1051,T,Q,0.6735,0.03437,2,2,T,12
1051,T,R,0.05625,0.4532,4.5,2,T,12
1051,T,S,-0.02855,1.224,2,2,T,12
1051,T,T,0,0,,2,T,12
1051,T,V,-0.7547,1.276,1.5,2,T,12
1051,T,W,-0.6463,1.968,3.5,2,T,12
1051,T,Y,0.06235,0.2374,3.5,2,T,12
1052,V,A,0.09195,0.4977,3,2,V,12
1052,V,C,-1.161,0.2107,4,2,V,12
1052,V,D,-0.1366,0.3099,3,2,V,12
1052,V,E,0.04464,0.1238,3.5,2,V,12
1052,V,F,0.1801,0.3546,4,2,V,12
1052,V,G,0.4812,0.3559,5.5,2,V,12
1052,V,H,-0.4521,1.493,1.5,2,V,12
1052,V,I,0.1497,0.4735,6.5,2,V,12
1052,V,K,-0.473,0.9262,5.5,2,V,12
1052,V,L,0.0231,0.9703,7,2,V,12
1052,V,M,-0.4565,0.03048,14,2,V,12
1052,V,N,0.4575,0.5471,3,2,V,12
1052,V,P,0.8252,,2.5,1,V,12
1052,V,Q,-0.652,1.607,4.5,2,V,12
1052,V,R,-1.391,2.816,2.5,2,V,12
1052,V,S,0.2754,0.6744,2,2,V,12
1052,V,T,-0.04578,,1.5,1,V,12
1052,V,V,0,0,,2,V,12
1052,V,W,-0.4001,0.2922,3,2,V,12
1052,V,Y,-0.2852,0.5385,3.5,2,V,12
1053,P,A,0.3424,0.3955,2,2,P,12
1053,P,C,-1.243,0.09829,2,2,P,12
1053,P,D,-2.582,,0.5,1,P,12
1053,P,E,-0.6559,0.2242,4.5,2,P,12
1053,P,F,-1.97,2.3,2.5,2,P,12
1053,P,G,-0.1207,0.4216,3.5,2,P,12
1053,P,H,0.3036,0.03514,8.5,2,P,12
1053,P,I,0.273,0.3646,1,2,P,12
1053,P,K,-0.7958,1.871,1.5,2,P,12
1053,P,L,-0.8161,0.5076,5.5,2,P,12
1053,P,M,0.09349,,2,1,P,12
1053,P,N,-0.5491,0.332,3.5,2,P,12
1053,P,P,0,0,,2,P,12
1053,P,Q,-0.3949,1.32,2.5,2,P,12
1053,P,R,-0.8583,0.1823,5.5,2,P,12
1053,P,S,-0.0847,0.8801,8,2,P,12
1053,P,T,-0.2124,0.3344,6.5,2,P,12
1053,P,V,-0.9989,0.01153,1.5,2,P,12
1053,P,W,0.09586,0.1488,3,2,P,12
1053,P,Y,-0.5922,0.4978,6.5,2,P,12
1054,D,A,-0.5588,1.183,3,2,D,13
1054,D,C,-0.4973,1.083,2,2,D,13
1054,D,D,0,0,,2,D,13
1054,D,E,0.3981,0.6188,6,2,D,13
1054,D,F,0.5756,0.3281,4.5,2,D,13
1054,D,G,-0.4571,0.489,4,2,D,13
1054,D,H,-0.368,0.003253,2.5,2,D,13
1054,D,I,0.7461,,1.5,1,D,13
1054,D,K,-0.2033,0.3959,2,2,D,13
1054,D,L,0.3849,0.6106,2.5,2,D,13
1054,D,M,-0.9711,0.05077,3,2,D,13
1054,D,N,0.1066,0.6179,22.5,2,D,13
1054,D,P,0.1206,1.023,3.5,2,D,13
1054,D,Q,0.4441,0.3283,4,2,D,13
1054,D,R,0.1794,0.04632,5,2,D,13
1054,D,S,-0.2122,,1.5,1,D,13
1054,D,T,-0.3177,0.4556,3.5,2,D,13
1054,D,V,-1.144,0.5151,3.5,2,D,13
1054,D,W,-1.998,3.866,2,2,D,13
1054,D,Y,-0.1884,0.049,16,2,D,13
1055,L,A,-0.1437,0.461,5,2,L,13
1055,L,C,-1.951,0.8174,3,2,L,13
1055,L,D,-0.7386,0.7459,4.5,2,L,13
1055,L,E,-1.235,2.824,3.5,2,L,13
1055,L,F,-0.0612,0.4882,5,2,L,13
1055,L,G,-0.6018,1.976,1.5,2,L,13
1055,L,H,-0.967,1.099,3.5,2,L,13
1055,L,I,-1.734,,0.5,1,L,13
1055,L,K,-2.033,0.2835,3.5,2,L,13
1055,L,L,0,0,,2,L,13
1055,L,M,0.4684,0.2993,10,2,L,13
1055,L,N,-0.6963,0.3411,3,2,L,13
1055,L,P,-0.6995,0.13,7.5,2,L,13
1055,L,Q,0.2088,0.354,2,2,L,13
1055,L,R,-2.04,0.2341,4,2,L,13
1055,L,S,0.2431,0.4699,3.5,2,L,13
1055,L,T,-0.2575,,1,1,L,13
1055,L,V,-0.1204,,2.5,1,L,13
1055,L,W,0.4326,0.2939,2.5,2,L,13
1055,L,Y,0.1131,0.8205,3,2,L,13
1056,V,-,-0.3265,,1,1,V,13
1056,V,A,-0.2398,0.3853,4.5,2,V,13
1056,V,C,0.5343,0.1206,3,2,V,13
1056,V,D,-0.4037,0.6994,4.5,2,V,13
1056,V,E,0.3117,0.7523,6.5,2,V,13
1056,V,F,-0.1527,0.7048,2.5,2,V,13
1056,V,G,0.02785,0.6885,3,2,V,13
1056,V,H,-2.589,2.234,4.5,2,V,13
1056,V,I,0.3782,0.08719,2.5,2,V,13
1056,V,K,0.4866,0.08959,6.5,2,V,13
1056,V,L,0.4386,0.02319,6.5,2,V,13
1056,V,M,-0.1054,0.001556,8.5,2,V,13
1056,V,N,0.5887,0.2414,5.5,2,V,13
1056,V,P,-0.3583,0.468,4,2,V,13
1056,V,Q,0.1199,0.7431,2.5,2,V,13
1056,V,R,-1.69,,1,1,V,13
1056,V,S,0.3088,0.5975,2.5,2,V,13
1056,V,T,0.7309,0.01054,4,2,V,13
1056,V,V,0,0,,2,V,13
1056,V,W,-0.3987,1.07,1.5,2,V,13
1056,V,Y,0.5822,0.2022,2.5,2,V,13
1057,V,-,0.6496,,0.5,1,V,13
1057,V,A,0.5795,0.2256,4,2,V,13
1057,V,C,-1.583,0.1874,3.5,2,V,13
1057,V,D,-0.4707,0.3818,6.5,2,V,13
1057,V,E,-1.388,1.622,3.5,2,V,13
1057,V,F,-1.461,3.213,4.5,2,V,13
1057,V,G,0.2983,0.5033,3,2,V,13
1057,V,H,-1.069,1.518,4.5,2,V,13
1057,V,I,-1.328,1.48,3,2,V,13
1057,V,K,0.258,0.5779,2,2,V,13
1057,V,L,-0.279,0.1253,4.5,2,V,13
1057,V,M,-0.08115,0.3128,5,2,V,13
1057,V,N,-1.625,1.319,2,2,V,13
1057,V,P,-0.2947,,0.5,1,V,13
1057,V,Q,-0.2111,0.9221,2.5,2,V,13
1057,V,R,-0.4687,1.327,3,2,V,13
1057,V,S,0.6569,0.07806,2,2,V,13
1057,V,T,0.5067,,0.5,1,V,13
1057,V,V,0,0,,2,V,13
1057,V,W,0.7691,0.1059,4.5,2,V,13
1057,V,Y,0.1011,0.189,3,2,V,13
1058,E,*,-4.913,0.1068,13,2,E,13
1058,E,-,-4.034,,0.5,1,E,13
1058,E,A,0.2268,0.54,2.5,2,E,13
1058,E,C,-0.2697,0.3212,6.5,2,E,13
1058,E,D,0.2432,0.5416,11.5,2,E,13
1058,E,E,0,0,,2,E,13
1058,E,F,-0.7647,,2,1,E,13
1058,E,G,0.6399,0.06378,2,2,E,13
1058,E,H,-1.513,3.219,4,2,E,13
1058,E,I,0.1265,0.9757,5.5,2,E,13
1058,E,K,-0.7564,0.4011,5,2,E,13
1058,E,L,-0.3085,1.288,4.5,2,E,13
1058,E,M,0.1338,0.9835,3.5,2,E,13
1058,E,N,-0.8167,0.5322,2.5,2,E,13
1058,E,P,-0.3832,,2,1,E,13
1058,E,Q,0.3935,0.1951,3,2,E,13
1058,E,R,0.4736,0.3434,3.5,2,E,13
1058,E,S,-0.9479,1.731,3,2,E,13
1058,E,T,0.2939,0.298,5.5,2,E,13
1058,E,V,-0.8733,0.9315,1.5,2,E,13
1058,E,W,-0.3283,0.8147,4,2,E,13
1058,E,Y,0.1504,0.1373,6,2,E,13
1059,Q,*,-4.875,0.05798,3.5,2,Q,13
1059,Q,-,-0.1833,,1,1,Q,13
1059,Q,A,-0.3562,1.639,3.5,2,Q,13
1059,Q,C,-0.9601,0.3888,2.5,2,Q,13
1059,Q,D,-1.338,1.42,3,2,Q,13
1059,Q,E,-0.2869,0.2866,3,2,Q,13
1059,Q,F,0.5981,0.2214,4,2,Q,13
1059,Q,G,0.2617,0.04349,2.5,2,Q,13
1059,Q,H,-0.3801,0.7642,10.5,2,Q,13
1059,Q,I,-2.204,2.662,3.5,2,Q,13
1059,Q,K,0.7925,0.05303,3,2,Q,13
1059,Q,L,0.3813,0.3864,5.5,2,Q,13
1059,Q,M,0.1893,0.2295,2,2,Q,13
1059,Q,N,-0.399,0.04639,5.5,2,Q,13
1059,Q,P,-0.0927,1.058,4.5,2,Q,13
1059,Q,Q,0,0,,2,Q,13
1059,Q,R,0.0193,0.6713,5.5,2,Q,13
1059,Q,S,-0.4887,,0.5,1,Q,13
1059,Q,T,0.1286,0.02885,1,2,Q,13
1059,Q,V,-0.3732,0.855,2.5,2,Q,13
1059,Q,W,0.6182,0.06421,4.5,2,Q,13
1059,Q,Y,0.1919,0.6669,1.5,2,Q,13
1060,Y,*,-2.391,0.0502,1,2,Y,13
1060,Y,A,0.01079,0.02383,4,2,Y,13
1060,Y,C,-1.109,1.905,4.5,2,Y,13
1060,Y,D,-0.625,0.1834,2.5,2,Y,13
1060,Y,E,-1.785,1.965,2.5,2,Y,13
1060,Y,F,0.4695,0.0997,4.5,2,Y,13
1060,Y,G,-0.8008,0.4825,4,2,Y,13
1060,Y,H,0.3068,0.2797,4,2,Y,13
1060,Y,I,-0.2575,0.3933,5.5,2,Y,13
1060,Y,K,-0.2887,0.06562,1.5,2,Y,13
1060,Y,L,-0.309,0.98,5.5,2,Y,13
1060,Y,M,-0.7815,2.088,2.5,2,Y,13
1060,Y,N,-0.6349,0.2004,7.5,2,Y,13
1060,Y,P,-0.4367,0.7057,5,2,Y,13
1060,Y,Q,0.511,0.1092,3.5,2,Y,13
1060,Y,R,0.1923,0.08584,4.5,2,Y,13
1060,Y,S,-0.5315,0.2169,4.5,2,Y,13
1060,Y,T,0.2337,0.749,3,2,Y,13
1060,Y,V,0.5393,0.2797,2.5,2,Y,13
1060,Y,W,-0.3348,0.2307,3.5,2,Y,13
1060,Y,Y,0,0,,2,Y,13
1061,N,A,0.6553,0.2009,3,2,N,13
1061,N,C,-0.7273,1.489,2.5,2,N,13
1061,N,D,-0.8138,0.7003,6.5,2,N,13
1061,N,E,0.3474,,1.5,1,N,13
1061,N,F,-1.92,2.342,3,2,N,13
1061,N,G,0.2374,0.02885,3.5,2,N,13
1061,N,H,0.5808,0.1486,5.5,2,N,13
1061,N,I,0.2989,0.09525,4,2,N,13
1061,N,K,0.5659,0.2688,5.5,2,N,13
1061,N,L,-0.0086,0.1048,6.5,2,N,13
1061,N,M,0.5493,0.007425,7.5,2,N,13
1061,N,N,0,0,,2,N,13
1061,N,P,0.2267,0.4774,3,2,N,13
1061,N,Q,-0.8066,0.9509,1,2,N,13
1061,N,R,0.7863,0.07177,2.5,2,N,13
1061,N,S,0.2614,0.6367,7.5,2,N,13
1061,N,T,-1.472,0.7869,2,2,N,13
1061,N,V,-0.1862,0.6731,5,2,N,13
1061,N,W,0.56,,1.5,1,N,13
1061,N,Y,0.3014,0.6798,4.5,2,N,13
1062,Q,*,-4.894,0.0495,5.5,2,Q,13
1062,Q,A,-0.7649,1.856,2.5,2,Q,13
1062,Q,C,-1.05,0.8283,6.5,2,Q,13
1062,Q,D,-0.2599,0.2771,7,2,Q,13
1062,Q,E,-0.1168,0.3824,2,2,Q,13
1062,Q,F,-0.2311,0.35,4.5,2,Q,13
1062,Q,G,-0.1955,0.8939,4,2,Q,13
1062,Q,H,-0.3282,0.3249,14.5,2,Q,13
1062,Q,I,0.2503,0.1557,3,2,Q,13
1062,Q,K,-0.4412,0.2683,6.5,2,Q,13
1062,Q,L,0.0921,0.3043,4.5,2,Q,13
1062,Q,M,0.0401,0.58,7,2,Q,13
1062,Q,N,0.2696,0.04504,4.5,2,Q,13
1062,Q,P,-0.02341,,2,1,Q,13
1062,Q,Q,0,0,,2,Q,13
1062,Q,R,0.392,0.1419,5.5,2,Q,13
1062,Q,S,0.5688,0.2769,1.5,2,Q,13
1062,Q,T,-1.291,,1,1,Q,13
1062,Q,V,-0.2254,0.1465,5.5,2,Q,13
1062,Q,W,-0.1113,1.351,4,2,Q,13
1062,Q,Y,-0.8173,1.854,2,2,Q,13
1063,T,A,-0.1012,0.6867,14,2,T,13
1063,T,C,-0.7285,0.4292,1.5,2,T,13
1063,T,D,-1.888,2.392,5,2,T,13
1063,T,E,0.1221,0.8271,5.5,2,T,13
1063,T,F,-0.3952,1.251,3.5,2,T,13
1063,T,G,0.4588,0.4212,2.5,2,T,13
1063,T,H,0.793,0.05148,2,2,T,13
1063,T,I,0.7192,0.0741,6.5,2,T,13
1063,T,K,0.8005,0.05303,3.5,2,T,13
1063,T,L,-0.01265,1.205,2,2,T,13
1063,T,M,0.433,0.2692,3,2,T,13
1063,T,N,-0.0152,0.2684,3,2,T,13
1063,T,P,-0.6855,0.8097,3,2,T,13
1063,T,Q,0.6305,0.1611,5.5,2,T,13
1063,T,R,-0.37,1.549,2.5,2,T,13
1063,T,S,-2.878,0.4023,1.5,2,T,13
1063,T,T,0,0,,2,T,13
1063,T,V,0.4551,0.4517,5,2,T,13
1063,T,W,0.2321,0.02355,4,2,T,13
1063,T,Y,0.7993,0.04914,4,2,T,13
1064,I,-,-0.3157,,0.5,1,I,13
1064,I,A,-1.768,0.4179,3.5,2,I,13
1064,I,C,-3.653,1.706,2,2,I,13
1064,I,D,-3.368,1.834,1,2,I,13
1064,I,E,-4.643,,2.5,1,I,13
1064,I,F,0.1043,0.5978,5.5,2,I,13
1064,I,G,-2.355,1.377,4.5,2,I,13
1064,I,H,-0.5063,,1,1,I,13
1064,I,I,0,0,,2,I,13
1064,I,K,-1.149,0.9313,2.5,2,I,13
1064,I,L,-0.8622,1.939,3,2,I,13
1064,I,M,-0.3232,0.05827,2.5,2,I,13
1064,I,N,-2.8,0.1768,6.5,2,I,13
1064,I,P,-1.846,0.4709,3.5,2,I,13
1064,I,Q,-3.155,2.582,3,2,I,13
1064,I,R,-1.41,0.1761,5,2,I,13
1064,I,S,-3.983,1.247,4,2,I,13
1064,I,T,-2.066,0.4165,6,2,I,13
1064,I,V,-1.632,3.392,3.5,2,I,13
1064,I,W,0.1065,1.036,3.5,2,I,13
1064,I,Y,-0.9469,2.018,6,2,I,13
1065,L,-,-0.3821,,0.5,1,L,13
1065,L,A,0.696,,3,1,L,13
1065,L,C,-3.417,2,5,2,L,13
1065,L,D,-0.6156,0.03953,3,2,L,13
1065,L,E,-0.4023,0.1019,3,2,L,13
1065,L,F,0.6653,0.2454,1.5,2,L,13
1065,L,G,0.08665,0.4603,5,2,L,13
1065,L,H,-0.7118,0.4825,2.5,2,L,13
1065,L,I,0.3927,0.4642,4.5,2,L,13
1065,L,K,-1.586,,3.5,1,L,13
1065,L,L,0,0,,2,L,13
1065,L,M,0.1836,0.3134,6.5,2,L,13
1065,L,N,0.207,0.2034,4,2,L,13
1065,L,P,-1.436,0.2348,8.5,2,L,13
1065,L,Q,0.5135,0.02263,5.5,2,L,13
1065,L,R,-1.825,0.2086,5.5,2,L,13
1065,L,S,-0.01545,0.3918,5,2,L,13
1065,L,T,-2.433,3.528,3,2,L,13
1065,L,V,-0.5393,0.9273,3,2,L,13
1065,L,W,-0.4889,1.371,2.5,2,L,13
1065,L,Y,0.1788,0.6695,3.5,2,L,13
1066,N,-,0.2464,,1,1,N,13
1066,N,A,-0.1004,1.305,3,2,N,13
1066,N,C,-0.6147,,2,1,N,13
1066,N,D,0.7074,0.1259,5,2,N,13
1066,N,E,0.724,0.1674,5,2,N,13
1066,N,F,0.5484,0.09157,2,2,N,13
1066,N,G,0.119,1.002,7.5,2,N,13
1066,N,H,0.6607,0.1329,3.5,2,N,13
1066,N,I,0.575,0.2559,5,2,N,13
1066,N,K,0.6418,0.1348,4.5,2,N,13
1066,N,L,0.8023,,1.5,1,N,13
1066,N,M,0.4947,0.2138,3,2,N,13
1066,N,N,0,0,,2,N,13
1066,N,P,-2.177,1.563,3.5,2,N,13
1066,N,Q,0.7383,0.07665,3.5,2,N,13
1066,N,R,0.7597,0.04158,5.5,2,N,13
1066,N,S,0.5509,0.2998,2,2,N,13
1066,N,T,0.8332,,0.5,1,N,13
1066,N,V,0.5606,0.2694,3,2,N,13
1066,N,W,0.2652,0.148,3.5,2,N,13
1066,N,Y,-0.6583,2.115,2,2,N,13
1067,L,-,-2.465,,1,1,L,13
1067,L,A,-1.775,2.278,2.5,2,L,13
1067,L,C,-2.916,0.4363,1.5,2,L,13
1067,L,D,-3.318,1.549,4.5,2,L,13
1067,L,E,-3.795,0.7234,2,2,L,13
1067,L,F,0.2759,0.7884,3.5,2,L,13
1067,L,G,-4.679,,2,1,L,13
1067,L,H,-0.7534,2.023,1.5,2,L,13
1067,L,I,-1.029,0.6988,4.5,2,L,13
1067,L,K,-2.775,0.3932,4,2,L,13
1067,L,L,0,0,,2,L,13
1067,L,M,0.023,0.2553,7.5,2,L,13
1067,L,N,-1.777,1.531,4.5,2,L,13
1067,L,P,-2.794,0.28,3,2,L,13
1067,L,Q,-2.274,1.307,3,2,L,13
1067,L,R,-2.643,,2.5,1,L,13
1067,L,S,-2.979,2.169,2.5,2,L,13
1067,L,T,-3.864,0.04525,4,2,L,13
1067,L,V,-0.7449,0.1453,4,2,L,13
1067,L,W,0.2472,0.7096,2.5,2,L,13
1067,L,Y,0.03685,0.3598,3,2,L,13
1068,T,-,0.03899,,0.5,1,T,13
1068,T,A,0.4791,0.1198,4.5,2,T,13
1068,T,C,-2.434,3.365,3,2,T,13
1068,T,D,-0.278,0.5873,5,2,T,13
1068,T,E,-0.0933,0.3004,2.5,2,T,13
1068,T,F,0.3988,0.5608,2.5,2,T,13
1068,T,G,0.8162,,1.5,1,T,13
1068,T,H,0.2691,0.4561,3,2,T,13
1068,T,I,0.3809,0.5137,7,2,T,13
1068,T,K,0.4492,0.005374,5,2,T,13
1068,T,L,0.5037,0.3578,2.5,2,T,13
1068,T,M,0.7328,0.1455,2.5,2,T,13
1068,T,N,0.7226,0.0531,3,2,T,13
1068,T,P,-1.522,0.3147,6,2,T,13
1068,T,Q,0.2128,0.7542,3.5,2,T,13
1068,T,R,0.5378,0.1446,5.5,2,T,13
1068,T,S,0.03865,0.7097,3.5,2,T,13
1068,T,T,0,0,,2,T,13
1068,T,V,-0.1893,1.261,2,2,T,13
1068,T,W,0.2834,0.1988,4,2,T,13
1068,T,Y,0.05,,2,1,T,13
1069,S,-,-0.3048,1.201,1,2,S,13
1069,S,A,0.06054,,2,1,S,13
1069,S,C,0.4083,0.1935,4,2,S,13
1069,S,D,-1.352,0.7517,4,2,S,13
1069,S,E,0.5548,0.3072,5.5,2,S,13
1069,S,F,-2.316,3.605,4,2,S,13
1069,S,G,0.6835,0.1676,3.5,2,S,13
1069,S,H,0.3281,0.4642,2.5,2,S,13
1069,S,I,-0.03316,0.08685,9,2,S,13
1069,S,K,-1.979,3.868,3,2,S,13
1069,S,L,0.4051,0.4992,5.5,2,S,13
1069,S,M,0.1549,0.2897,4.5,2,S,13
1069,S,N,-0.3559,0.9575,5,2,S,13
1069,S,P,-2.468,0.7509,3,2,S,13
1069,S,Q,0.1908,0.5846,5,2,S,13
1069,S,R,0.1966,0.8041,4.5,2,S,13
1069,S,S,0,0,,2,S,13
1069,S,T,0.2509,0.01153,4.5,2,S,13
1069,S,V,0.1957,0.3697,5,2,S,13
1069,S,W,0.7492,0.0186,2,2,S,13
1069,S,Y,0.4461,0.03719,3,2,S,13
1070,E,*,-4.93,0.1018,13,2,E,13
1070,E,-,-0.8358,0.6282,1,2,E,13
1070,E,A,0.5829,,2.5,1,E,13
1070,E,C,-0.03125,0.7482,4,2,E,13
1070,E,D,0.1354,0.3068,5,2,E,13
1070,E,E,0,0,,2,E,13
1070,E,F,-0.2506,1.025,7,2,E,13
1070,E,G,0.3486,0.05544,3.5,2,E,13
1070,E,H,0.4637,0.3155,5.5,2,E,13
1070,E,I,-2.579,0.4589,3.5,2,E,13
1070,E,K,-2.015,3.628,20.5,2,E,13
1070,E,L,-1.184,0.1174,2,2,E,13
1070,E,M,-0.4523,0.8369,1.5,2,E,13
1070,E,N,0.1721,,2.5,1,E,13
1070,E,P,-3.972,1.202,2,2,E,13
1070,E,Q,0.67,0.0816,2.5,2,E,13
1070,E,R,-0.3381,,1.5,1,E,13
1070,E,S,0.05143,0.1484,3,2,E,13
1070,E,T,-1.307,2.124,3,2,E,13
1070,E,V,-2.775,0.05374,4.5,2,E,13
1070,E,W,-0.06787,,1.5,1,E,13
1070,E,Y,0.01095,0.7135,4,2,E,13
1071,I,-,-0.6086,0.5028,1.5,2,I,13
1071,I,A,-2.105,2.18,2.5,2,I,13
1071,I,C,-3.297,0.4596,3.5,2,I,13
1071,I,D,-2.944,0.7234,2,2,I,13
1071,I,E,-4.901,0.1216,2.5,2,I,13
1071,I,F,0.271,0.4102,3.5,2,I,13
1071,I,G,-3.645,0.7792,2.5,2,I,13
1071,I,H,-3.178,0.4087,4,2,I,13
1071,I,I,0,0,,2,I,13
1071,I,K,-3.577,1.238,4,2,I,13
1071,I,L,-0.1983,0.7404,3.5,2,I,13
1071,I,M,-0.4219,1.67,4.5,2,I,13
1071,I,N,-3.071,1.563,3.5,2,I,13
1071,I,P,-2.065,3.739,3,2,I,13
1071,I,Q,-2.435,1.039,3.5,2,I,13
1071,I,R,-2.573,1.199,2.5,2,I,13
1071,I,S,-4.621,0.1259,3.5,2,I,13
1071,I,T,-2.201,0.4327,3,2,I,13
1071,I,V,-0.1149,0.5619,5.5,2,I,13
1071,I,W,-0.7344,0.1426,6,2,I,13
1071,I,Y,-0.3865,0.08309,3.5,2,I,13
1072,S,-,-4.114,0.9921,2,2,S,13
1072,S,A,-0.0267,0.2939,4.5,2,S,13
1072,S,C,-0.7999,1.093,5.5,2,S,13
1072,S,D,-1.402,1.042,2,2,S,13
1072,S,E,-0.1008,1.182,5,2,S,13
1072,S,F,0.635,0.07545,5.5,2,S,13
1072,S,G,0.061,0.3898,1.5,2,S,13
1072,S,H,-0.1902,1.417,2.5,2,S,13
1072,S,I,0.0435,0.6047,4.5,2,S,13
1072,S,K,-0.3959,0.2138,5,2,S,13
1072,S,L,0.1032,0.4659,4,2,S,13
1072,S,M,0.6147,0.291,3,2,S,13
1072,S,N,0.275,0.02319,3.5,2,S,13
1072,S,P,-2.961,0.1351,6.5,2,S,13
1072,S,Q,0.5306,0.05968,3.5,2,S,13
1072,S,R,0.7554,,4,1,S,13
1072,S,S,0,0,,2,S,13
1072,S,T,0.3411,0.063,3,2,S,13
1072,S,V,-0.3136,0.09447,4,2,S,13
1072,S,W,-1.351,2.835,2,2,S,13
1072,S,Y,0.0916,0.5999,12.5,2,S,13
1073,T,-,-0.2211,0.5135,1.5,2,T,13
1073,T,A,0.2962,0.4853,4,2,T,13
1073,T,C,-0.3519,0.6628,2,2,T,13
1073,T,D,-0.0174,0.3978,4,2,T,13
1073,T,E,-0.1905,0.1202,3.5,2,T,13
1073,T,F,0.6209,0.1158,2.5,2,T,13
1073,T,G,0.8072,,1,1,T,13
1073,T,H,-1.017,2.421,2.5,2,T,13
1073,T,I,-0.7802,0.3448,4.5,2,T,13
1073,T,K,0.5142,0.383,4.5,2,T,13
1073,T,L,-0.6057,0.3841,2,2,T,13
1073,T,M,0.04645,0.855,1,2,T,13
1073,T,N,0.3584,0.183,4,2,T,13
1073,T,P,-4.415,0.8365,3,2,T,13
1073,T,Q,0.2707,0.5796,6,2,T,13
1073,T,R,0.5277,0.3815,3,2,T,13
1073,T,S,-0.1091,0.3933,5,2,T,13
1073,T,T,0,0,,2,T,13
1073,T,V,-0.0573,0.2374,3,2,T,13
1073,T,W,0.3761,0.09935,4,2,T,13
1073,T,Y,0.5319,0.1773,4,2,T,13
1074,L,-,-0.4467,0.8998,1.5,2,L,13
1074,L,A,-1.95,0.2899,5,2,L,13
1074,L,C,-3.482,0.5183,3,2,L,13
1074,L,D,-4.5,0.06223,4,2,L,13
1074,L,E,-1.738,3.355,3,2,L,13
1074,L,F,-0.6768,0.5179,4,2,L,13
1074,L,G,-4.9,0.08344,3,2,L,13
1074,L,H,-2.392,0.6986,4.5,2,L,13
1074,L,I,-2.22,1.377,2.5,2,L,13
1074,L,K,-4.364,0.2991,6.5,2,L,13
1074,L,L,0,0,,2,L,13
1074,L,M,-0.9808,0.9181,14,2,L,13
1074,L,N,-2.968,1.117,2,2,L,13
1074,L,P,-3.413,1.637,8,2,L,13
1074,L,Q,-3.054,1.179,5,2,L,13
1074,L,R,-4.403,0.6314,2.5,2,L,13
1074,L,S,-4.449,0.4957,4.5,2,L,13
1074,L,T,-4.221,,1.5,1,L,13
1074,L,V,-1.665,1.096,2.5,2,L,13
1074,L,W,-0.3643,0.3909,4.5,2,L,13
1074,L,Y,-1.085,0.2423,4.5,2,L,13
1075,E,*,-4.902,0.06364,5,2,E,13
1075,E,-,-1.513,2.412,2,2,E,13
1075,E,A,0.6499,0.0007778,5,2,E,13
1075,E,C,-2.536,,1.5,1,E,13
1075,E,D,0.2892,0.03705,4,2,E,13
1075,E,E,0,0,,2,E,13
1075,E,F,0.733,0.04469,2,2,E,13
1075,E,G,-0.5907,0.338,4,2,E,13
1075,E,H,0.6245,0.2732,5.5,2,E,13
1075,E,I,0.3188,0.2589,4,2,E,13
1075,E,K,-0.2337,0.2767,34,2,E,13
1075,E,L,0.1647,0.296,1.5,2,E,13
1075,E,M,0.4341,0.1165,3.5,2,E,13
1075,E,N,0.3929,0.4527,3.5,2,E,13
1075,E,P,-3.585,1.397,3,2,E,13
1075,E,Q,-0.03035,0.1395,4,2,E,13
1075,E,R,-0.2653,0.3001,4,2,E,13
1075,E,S,0.456,0.3083,2.5,2,E,13
1075,E,T,-0.1735,0.1875,2.5,2,E,13
1075,E,V,-0.8037,0.4445,3.5,2,E,13
1075,E,W,-0.19,0.7227,4,2,E,13
1075,E,Y,0.2714,0.3741,2,2,E,13
1076,N,-,-0.4416,0.01782,1.5,2,N,13
1076,N,A,-0.2942,0.02821,1,2,N,13
1076,N,C,-2.055,3.655,4.5,2,N,13
1076,N,D,0.1843,0.6549,2.5,2,N,13
1076,N,E,-0.2814,0.0326,6,2,N,13
1076,N,F,0.6684,,1.5,1,N,13
1076,N,G,0.325,0.6986,4,2,N,13
1076,N,H,-0.1437,0.8393,3,2,N,13
1076,N,I,0.6323,0.2727,4,2,N,13
1076,N,K,0.5066,0.2082,9,2,N,13
1076,N,L,-0.6192,0.2848,6,2,N,13
1076,N,M,-2.097,,0.5,1,N,13
1076,N,N,0,0,,2,N,13
1076,N,P,-4.706,0.1188,5,2,N,13
1076,N,Q,0.2214,0.707,3.5,2,N,13
1076,N,R,0.3498,0.5593,4,2,N,13
1076,N,S,-0.348,0.3452,4.5,2,N,13
1076,N,T,0.6515,,2.5,1,N,13
1076,N,V,0.4606,0.08004,4,2,N,13
1076,N,W,0.1645,,4,1,N,13
1076,N,Y,0.6054,0.1958,7.5,2,N,13
1077,K,-,-0.06295,0.7547,1.5,2,K,13
1077,K,A,-2.08,1.476,3.5,2,K,13
1077,K,C,-4.168,0.6873,3.5,2,K,13
1077,K,D,-2.627,1.937,1,2,K,13
1077,K,E,-1.832,0.5805,8.5,2,K,13
1077,K,F,-2.425,0.3924,3,2,K,13
1077,K,G,-2.439,0.4921,4,2,K,13
1077,K,H,-0.7991,,2.5,1,K,13
1077,K,I,-4.721,0.03182,5.5,2,K,13
1077,K,K,0,0,,2,K,13
1077,K,L,-2.784,2.885,2.5,2,K,13
1077,K,M,-2.515,0.4257,3.5,2,K,13
1077,K,N,-0.8934,0.7447,4.5,2,K,13
1077,K,P,-3.23,0.2121,4,2,K,13
1077,K,Q,-1.496,1.42,5,2,K,13
1077,K,R,0.5779,0.1689,5,2,K,13
1077,K,S,-2.349,0.7474,7,2,K,13
1077,K,T,-2.798,0.1018,4.5,2,K,13
1077,K,V,-3.817,0.02121,4,2,K,13
1077,K,W,-2.442,0.4886,3,2,K,13
1077,K,Y,-1.925,0.1464,2.5,2,K,13
1078,S,-,0.4671,0.1273,2,2,S,13
1078,S,A,0.07455,0.965,2,2,S,13
1078,S,C,0.6723,0.13,2,2,S,13
1078,S,D,-1.695,0.1103,6,2,S,13
1078,S,E,-3.092,1.787,2.5,2,S,13
1078,S,F,0.2045,0.8366,4,2,S,13
1078,S,G,0.1305,0.02906,3.5,2,S,13
1078,S,H,0.454,0.1418,4.5,2,S,13
1078,S,I,-1.01,0.9016,2.5,2,S,13
1078,S,K,-1.357,0.3825,5,2,S,13
1078,S,L,0.06857,0.01047,5.5,2,S,13
1078,S,M,-0.04319,0.0993,2,2,S,13
1078,S,N,-0.4434,0.848,3,2,S,13
1078,S,P,-3.646,1.073,5,2,S,13
1078,S,Q,0.1862,0.1423,8.5,2,S,13
1078,S,R,0.01965,0.6796,3.5,2,S,13
1078,S,S,0,0,,2,S,13
1078,S,T,0.3809,0.5619,5.5,2,S,13
1078,S,V,-2.367,3.114,4,2,S,13
1078,S,W,0.4759,0.5057,2.5,2,S,13
1078,S,Y,-0.3014,0.556,13,2,S,13
1079,A,-,-0.3063,1.005,1.5,2,A,13
1079,A,A,0,0,,2,A,13
1079,A,C,0.375,0.07488,2,2,A,13
1079,A,D,-4.311,0.4236,3.5,2,A,13
1079,A,E,-0.5631,1.565,3.5,2,A,13
1079,A,F,0.4406,0.1251,3.5,2,A,13
1079,A,G,-1.749,1.101,2,2,A,13
1079,A,H,-0.2666,1.085,6,2,A,13
1079,A,I,-0.01235,1.041,3.5,2,A,13
1079,A,K,0.5502,0.2255,2.5,2,A,13
1079,A,L,-0.848,1.252,2.5,2,A,13
1079,A,M,0.7458,0.02602,2.5,2,A,13
1079,A,N,-0.8579,0.7227,2,2,A,13
1079,A,P,-2.906,0.5614,3,2,A,13
1079,A,Q,-0.4573,0.02242,3.5,2,A,13
1079,A,R,0.4423,0.4081,5,2,A,13
1079,A,S,0.0385,0.3216,8,2,A,13
1079,A,T,-0.1144,0.2769,7,2,A,13
1079,A,V,-1.401,0.461,1.5,2,A,13
1079,A,W,-0.4651,0.263,5,2,A,13
1079,A,Y,-0.2658,0.3683,6.5,2,A,13
1080,E,*,-4.871,0.1895,14,2,E,13
1080,E,-,-1.583,0.03748,1,2,E,13
1080,E,A,-0.5134,0.9017,2.5,2,E,13
1080,E,C,-0.3837,0.236,6,2,E,13
1080,E,D,0.4478,0.4648,3,2,E,13
1080,E,E,0,0,,2,E,13
1080,E,F,-4.228,0.07495,1.5,2,E,13
1080,E,G,-0.2095,0.5165,4,2,E,13
1080,E,H,-0.8178,1.286,2.5,2,E,13
1080,E,I,-1.437,1.223,6.5,2,E,13
1080,E,K,0.1413,0.2836,30.5,2,E,13
1080,E,L,0.1026,0.1061,5.5,2,E,13
1080,E,M,-0.08705,0.277,3.5,2,E,13
1080,E,N,-0.512,0.1754,3.5,2,E,13
1080,E,P,-4.877,0.07566,1.5,2,E,13
1080,E,Q,-0.3398,0.1951,1,2,E,13
1080,E,R,-0.2641,1.203,4,2,E,13
1080,E,S,0.4727,0.09709,4,2,E,13
1080,E,T,0.4231,0.4596,3,2,E,13
1080,E,V,-0.6307,0.5972,3,2,E,13
1080,E,W,-2.077,1.447,3.5,2,E,13
1080,E,Y,-0.1038,0.8327,3,2,E,13
1081,L,-,-0.02125,0.7551,1,2,L,13
1081,L,A,-4.681,0.227,4.5,2,L,13
1081,L,C,-2.763,0.1796,5.5,2,L,13
1081,L,D,-4.148,,1,1,L,13
1081,L,E,-4.438,0.05091,3.5,2,L,13
1081,L,F,-0.4246,0.9283,2,2,L,13
1081,L,G,-3.235,0.1245,1.5,2,L,13
1081,L,H,-4.25,0.8167,5,2,L,13
1081,L,I,-0.539,0.7354,2.5,2,L,13
1081,L,K,-4.005,,1,1,L,13
1081,L,L,0,0,,2,L,13
1081,L,M,-0.9647,0.3144,3.5,2,L,13
1081,L,N,-3.976,1.376,3,2,L,13
1081,L,P,-4.064,0.6421,5,2,L,13
1081,L,Q,-3.642,0.5148,4.5,2,L,13
1081,L,R,-4.694,0.1937,4.5,2,L,13
1081,L,S,-4.626,0.1513,4.5,2,L,13
1081,L,T,-2.713,0.3288,4.5,2,L,13
1081,L,V,0.3601,0.02574,1.5,2,L,13
1081,L,W,-2.168,0.6343,4.5,2,L,13
1081,L,Y,-2.971,,1.5,1,L,13
1082,N,-,-2.012,,0.5,1,N,13
1082,N,A,0.03515,0.9667,6,2,N,13
1082,N,C,0.5417,0.348,5,2,N,13
1082,N,D,-0.5118,0.07623,9,2,N,13
1082,N,E,0.339,0.5922,1.5,2,N,13
1082,N,F,0.04817,0.004101,4,2,N,13
1082,N,G,0.5407,0.2707,3.5,2,N,13
1082,N,H,0.8104,,3,1,N,13
1082,N,I,0.7778,0.02397,6,2,N,13
1082,N,K,0.7938,0.04929,4,2,N,13
1082,N,L,0.0278,0.4305,2.5,2,N,13
1082,N,M,-0.1441,0.7575,2,2,N,13
1082,N,N,0,0,,2,N,13
1082,N,P,-3.141,2.349,5,2,N,13
1082,N,Q,0.08805,0.824,4,2,N,13
1082,N,R,0.5635,0.2472,7.5,2,N,13
1082,N,S,0.6198,,1,1,N,13
1082,N,T,0.484,,2,1,N,13
1082,N,V,-1.738,,2.5,1,N,13
1082,N,W,0.3409,0.6464,3,2,N,13
1082,N,Y,0.6701,0.08549,5,2,N,13
1083,Y,-,0.6302,,0.5,1,Y,13
1083,Y,A,-0.4051,0.3154,3,2,Y,13
1083,Y,C,-0.413,1.263,5.5,2,Y,13
1083,Y,D,0.5557,0.144,4.5,2,Y,13
1083,Y,E,0.6137,0.08549,2.5,2,Y,13
1083,Y,F,0.09295,0.3368,2.5,2,Y,13
1083,Y,G,-0.303,,1.5,1,Y,13
1083,Y,H,0.02325,0.3017,3,2,Y,13
1083,Y,I,0.5598,0.3207,4.5,2,Y,13
1083,Y,K,-1.134,1.335,4.5,2,Y,13
1083,Y,L,0.7362,,2.5,1,Y,13
1083,Y,M,-2.025,3.96,5.5,2,Y,13
1083,Y,N,0.1758,0.01768,4,2,Y,13
1083,Y,P,-4.261,0.466,4.5,2,Y,13
1083,Y,Q,-0.8361,2.093,4.5,2,Y,13
1083,Y,R,0.3792,0.5112,2,2,Y,13
1083,Y,S,0.3184,0.742,4.5,2,Y,13
1083,Y,T,-0.2557,1.067,4,2,Y,13
1083,Y,V,0.2732,0.6182,2.5,2,Y,13
1083,Y,W,-0.1786,0.1176,3.5,2,Y,13
1083,Y,Y,0,0,,2,Y,13
1084,T,-,-3.356,1.826,1,2,T,13
1084,T,A,-1.086,0.5837,7,2,T,13
1084,T,C,-0.7907,0.6143,1.5,2,T,13
1084,T,D,-2.218,3.327,4,2,T,13
1084,T,E,0.8366,,1,1,T,13
1084,T,F,-2.683,0.01061,4,2,T,13
1084,T,G,-1.236,0.4674,4.5,2,T,13
1084,T,H,-0.6627,0.8574,3.5,2,T,13
1084,T,I,-2.163,0.1506,9,2,T,13
1084,T,K,0.3377,0.3882,2.5,2,T,13
1084,T,L,-1.126,0.08485,3,2,T,13
1084,T,M,0.5098,0.0007778,1.5,2,T,13
1084,T,N,0.5325,0.1934,3.5,2,T,13
1084,T,P,-0.2426,,1,1,T,13
1084,T,Q,0.7211,0.1128,4.5,2,T,13
1084,T,R,0.7986,0.05353,4.5,2,T,13
1084,T,S,0.2189,0.6858,4,2,T,13
1084,T,T,0,0,,2,T,13
1084,T,V,-1.599,0.4709,8,2,T,13
1084,T,W,-2.039,0.2369,1,2,T,13
1084,T,Y,-3.11,1.251,3.5,2,T,13
1085,V,-,-2.081,3.608,1,2,V,13
1085,V,A,-1.312,0.05586,5.5,2,V,13
1085,V,C,-1.098,0.3711,4.5,2,V,13
1085,V,D,-4.606,0.367,4.5,2,V,13
1085,V,E,-4.64,,2,1,V,13
1085,V,F,-2.237,2.872,1.5,2,V,13
1085,V,G,-0.5746,,0.5,1,V,13
1085,V,H,-4.652,0.2298,1,2,V,13
1085,V,I,0.4161,0.3985,4.5,2,V,13
1085,V,K,-3.99,0.3019,3,2,V,13
1085,V,L,0.3115,0.1356,7.5,2,V,13
1085,V,M,-0.5038,0.87,11,2,V,13
1085,V,N,-1.869,1.624,1.5,2,V,13
1085,V,P,-4.731,0.07495,4.5,2,V,13
1085,V,Q,-2.136,0.3182,4.5,2,V,13
1085,V,R,-3.823,1.659,2,2,V,13
1085,V,S,-4.164,0.9277,2.5,2,V,13
1085,V,T,-1.435,0.1407,3.5,2,V,13
1085,V,V,0,0,,2,V,13
1085,V,W,-2.394,0.4787,5,2,V,13
1085,V,Y,-0.023,0.9735,1,2,V,13
1086,Q,*,-4.918,0.1054,2.5,2,Q,13
1086,Q,-,-1.905,3.163,1,2,Q,13
1086,Q,A,-0.5113,0.2169,3,2,Q,13
1086,Q,C,-0.4901,0.6431,4,2,Q,13
1086,Q,D,-2.062,0.5784,3.5,2,Q,13
1086,Q,E,-2.537,0.3698,3,2,Q,13
1086,Q,F,0.133,0.4361,4.5,2,Q,13
1086,Q,G,-0.356,0.6413,4,2,Q,13
1086,Q,H,0.3058,0.7123,5.5,2,Q,13
1086,Q,I,-0.09825,0.1216,5.5,2,Q,13
1086,Q,K,-1.244,1.044,5,2,Q,13
1086,Q,L,-0.6846,,1.5,1,Q,13
1086,Q,M,-0.6573,1.335,4,2,Q,13
1086,Q,N,0.0255,0.6124,5,2,Q,13
1086,Q,P,-4.71,0.05515,4,2,Q,13
1086,Q,Q,0,0,,2,Q,13
1086,Q,R,0.00675,0.06217,4.5,2,Q,13
1086,Q,S,-0.8681,0.1764,2,2,Q,13
1086,Q,T,-0.1018,0.141,2,2,Q,13
1086,Q,V,0.128,0.5098,2.5,2,Q,13
1086,Q,W,-1.902,3.574,4.5,2,Q,13
1086,Q,Y,-0.2387,0.4547,2.5,2,Q,13
1087,K,-,-3.396,,0.5,1,K,13
1087,K,A,0.5903,0.3002,1.5,2,K,13
1087,K,C,-0.4523,0.4477,5.5,2,K,13
1087,K,D,-1.404,0.454,2.5,2,K,13
1087,K,E,0.6725,0.08881,4.5,2,K,13
1087,K,F,-0.9525,0.1322,5.5,2,K,13
1087,K,G,-0.7893,0.7179,2.5,2,K,13
1087,K,H,-0.3125,1.095,2.5,2,K,13
1087,K,I,-0.3933,0.713,8,2,K,13
1087,K,K,0,0,,2,K,13
1087,K,L,-0.8528,0.05692,6.5,2,K,13
1087,K,M,0.5407,,1.5,1,K,13
1087,K,N,0.1175,0.2566,1.5,2,K,13
1087,K,P,-4.918,0.06859,3,2,K,13
1087,K,Q,0.5861,0.02227,6.5,2,K,13
1087,K,R,0.3009,0.07715,6,2,K,13
1087,K,S,-0.5912,0.7337,3.5,2,K,13
1087,K,T,-0.3537,0.1501,1.5,2,K,13
1087,K,V,-0.4866,0.09857,3,2,K,13
1087,K,W,-2.312,1.249,6.5,2,K,13
1087,K,Y,0.1413,0.5876,4.5,2,K,13
1088,L,-,-4.45,,0.5,1,L,13
1088,L,A,-3.578,1.362,5,2,L,13
1088,L,C,-3.854,0.1754,3.5,2,L,13
1088,L,D,-4.625,0.4837,2,2,L,13
1088,L,E,-3.389,1.299,3,2,L,13
1088,L,F,-0.3004,0.5976,3.5,2,L,13
1088,L,G,-4.457,0.5784,4,2,L,13
1088,L,H,-3,1.516,3,2,L,13
1088,L,I,-0.1625,0.1753,7,2,L,13
1088,L,K,-4.692,0.3762,5,2,L,13
1088,L,L,0,0,,2,L,13
1088,L,M,-1.738,1.551,4.5,2,L,13
1088,L,N,-4.235,1.01,2,2,L,13
1088,L,P,-4.535,0.6116,4.5,2,L,13
1088,L,Q,-3.103,0.8259,6,2,L,13
1088,L,R,-4.441,0.7686,5,2,L,13
1088,L,S,-4.414,0.4342,2.5,2,L,13
1088,L,T,-4.933,0.0898,2,2,L,13
1088,L,V,-1.451,0.3309,6.5,2,L,13
1088,L,W,-0.1683,1.075,3.5,2,L,13
1088,L,Y,-1.915,,1,1,L,13
1089,Q,*,-4.843,0.1499,3.5,2,Q,13
1089,Q,-,-4.609,,0.5,1,Q,13
1089,Q,A,-0.0548,0.8048,3.5,2,Q,13
1089,Q,C,-0.7642,1.27,6.5,2,Q,13
1089,Q,D,-3.425,1.549,5,2,Q,13
1089,Q,E,-2.198,1.773,4.5,2,Q,13
1089,Q,F,-0.159,0.3626,4.5,2,Q,13
1089,Q,G,-0.4129,0.5989,4,2,Q,13
1089,Q,H,-0.2872,0.1281,11.5,2,Q,13
1089,Q,I,0.1349,0.166,3,2,Q,13
1089,Q,K,0.6358,0.1009,4.5,2,Q,13
1089,Q,L,0.5621,0.2732,5,2,Q,13
1089,Q,M,-1.552,2.197,2,2,Q,13
1089,Q,N,0.4026,0.6017,2.5,2,Q,13
1089,Q,P,-4.837,0.2418,3,2,Q,13
1089,Q,Q,0,0,,2,Q,13
1089,Q,R,0.1215,0.1342,5.5,2,Q,13
1089,Q,S,0.3258,0.62,4,2,Q,13
1089,Q,T,0.0932,0.4312,7,2,Q,13
1089,Q,V,-0.3482,0.8673,4.5,2,Q,13
1089,Q,W,0.4341,0.1361,6,2,Q,13
1089,Q,Y,-0.2552,,2.5,1,Q,13
1090,T,-,-4.57,,0.5,1,T,13
1090,T,A,-1.042,1.232,6,2,T,13
1090,T,C,-1.903,2.037,3,2,T,13
1090,T,D,0.6225,0.1846,2,2,T,13
1090,T,E,-1.264,1.758,5,2,T,13
1090,T,F,-2.17,2.607,2.5,2,T,13
1090,T,G,0.1527,0.4563,1.5,2,T,13
1090,T,H,-0.6243,0.2087,3,2,T,13
1090,T,I,-0.2985,1.606,2.5,2,T,13
1090,T,K,-1.007,1.198,3.5,2,T,13
1090,T,L,0.1222,0.147,4.5,2,T,13
1090,T,M,0.3275,0.03444,4.5,2,T,13
1090,T,N,0.2427,0.352,4.5,2,T,13
1090,T,P,-2.771,0.5367,4.5,2,T,13
1090,T,Q,-1.417,2.71,3,2,T,13
1090,T,R,-0.2534,0.5781,2.5,2,T,13
1090,T,S,0.2664,0.1623,3.5,2,T,13
1090,T,T,0,0,,2,T,13
1090,T,V,-0.14,1.389,4.5,2,T,13
1090,T,W,-0.4158,,1,1,T,13
1090,T,Y,0.8252,,0.5,1,T,13
1091,L,-,-4.26,,0.5,1,L,13
1091,L,A,0.6785,0.06788,3.5,2,L,13
1091,L,C,-0.9962,0.035,3,2,L,13
1091,L,D,-0.4033,0.1027,5,2,L,13
1091,L,E,0.2947,,2.5,1,L,13
1091,L,F,0.494,0.2217,4,2,L,13
1091,L,G,-2.636,0.6718,6,2,L,13
1091,L,H,-0.5546,1.395,2,2,L,13
1091,L,I,0.3788,0.5307,3.5,2,L,13
1091,L,K,-0.7357,0.7246,1.5,2,L,13
1091,L,L,0,0,,2,L,13
1091,L,M,0.633,0.1951,12.5,2,L,13
1091,L,N,-2.087,0.001414,6.5,2,L,13
1091,L,P,-4.277,0.9397,5,2,L,13
1091,L,Q,0.1387,0.4185,4.5,2,L,13
1091,L,R,-0.0769,0.8071,1.5,2,L,13
1091,L,S,-0.1041,0.3073,5.5,2,L,13
1091,L,T,-0.0107,0.3608,4.5,2,L,13
1091,L,V,-0.07316,0.1864,3.5,2,L,13
1091,L,W,-0.6132,0.646,3,2,L,13
1091,L,Y,-0.9351,0.6319,7,2,L,13
1092,I,-,0.6421,,1.5,1,I,13
1092,I,A,-1.272,2.046,2,2,I,13
1092,I,C,-0.768,0.4992,6.5,2,I,13
1092,I,D,-4.663,0.3889,3,2,I,13
1092,I,E,-4.16,0.502,4,2,I,13
1092,I,F,-0.7657,0.8009,6.5,2,I,13
1092,I,G,-3.941,0.6873,4,2,I,13
1092,I,H,-3.349,0.3231,5,2,I,13
1092,I,I,0,0,,2,I,13
1092,I,K,-4.784,0.1181,4,2,I,13
1092,I,L,0.243,,2.5,1,I,13
1092,I,M,-1.293,2.147,3.5,2,I,13
1092,I,N,-4.577,0.3493,4.5,2,I,13
1092,I,P,-3.869,1.268,1.5,2,I,13
1092,I,Q,-3.87,0.7156,7.5,2,I,13
1092,I,R,-4.027,0.07566,5,2,I,13
1092,I,S,-2.318,0.5134,3,2,I,13
1092,I,T,-0.3696,0.8487,2,2,I,13
1092,I,V,-0.4618,1.427,7,2,I,13
1092,I,W,-1.397,0.5268,2.5,2,I,13
1092,I,Y,-0.4357,0.08245,2.5,2,I,13
1093,D,-,0.56,,1.5,1,D,13
1093,D,A,0.3071,0.2287,2,2,D,13
1093,D,C,-0.9562,0.8596,2.5,2,D,13
1093,D,D,0,0,,2,D,13
1093,D,E,0.002315,0.0568,4.5,2,D,13
1093,D,F,0.3909,0.4447,4,2,D,13
1093,D,G,0.049,0.8398,5,2,D,13
1093,D,H,-0.8644,,1.5,1,D,13
1093,D,I,0.1173,0.9914,1,2,D,13
1093,D,K,0.5441,0.2465,3,2,D,13
1093,D,L,-0.4117,0.4284,4,2,D,13
1093,D,M,-0.1682,0.3238,2.5,2,D,13
1093,D,N,-0.2107,0.232,9.5,2,D,13
1093,D,P,-3.401,1.525,2,2,D,13
1093,D,Q,0.3909,0.1124,1.5,2,D,13
1093,D,R,-0.3103,0.5658,3.5,2,D,13
1093,D,S,-0.6867,0.8277,3.5,2,D,13
1093,D,T,0.5689,0.3309,3,2,D,13
1093,D,V,0.06076,0.1428,4.5,2,D,13
1093,D,W,0.0268,0.4074,5,2,D,13
1093,D,Y,-0.69,0.2344,16,2,D,13
1094,N,-,0.7031,,1,1,N,13
1094,N,A,-0.5696,0.01096,1.5,2,N,13
1094,N,C,-0.4327,0.1947,3,2,N,13
1094,N,D,-2.047,3.588,4,2,N,13
1094,N,E,0.1842,0.7574,3,2,N,13
1094,N,F,-1.085,0.4059,2.5,2,N,13
1094,N,G,0.4629,0.04419,5.5,2,N,13
1094,N,H,0.5593,0.4019,5,2,N,13
1094,N,I,-0.8328,0.08895,5.5,2,N,13
1094,N,K,-0.5477,1.152,5.5,2,N,13
1094,N,L,-1.259,0.5627,4,2,N,13
1094,N,M,-0.8577,0.2381,6.5,2,N,13
1094,N,N,0,0,,2,N,13
1094,N,P,-3.228,0.6569,2.5,2,N,13
1094,N,Q,0.3694,0.4563,3.5,2,N,13
1094,N,R,-2.131,3.35,3.5,2,N,13
1094,N,S,0.2431,0.3174,4.5,2,N,13
1094,N,T,0.3023,0.3654,2.5,2,N,13
1094,N,V,-0.0037,0.8649,5,2,N,13
1094,N,W,-2.154,0.1945,3,2,N,13
1094,N,Y,-0.8338,0.5362,5,2,N,13
1095,I,-,0.5132,,1.5,1,I,13
1095,I,A,-1.386,0.0297,3.5,2,I,13
1095,I,C,-4.434,0.2786,4,2,I,13
1095,I,D,-3.918,0.9397,2,2,I,13
1095,I,E,-3.886,0.4886,4.5,2,I,13
1095,I,F,-0.0765,0.2785,3,2,I,13
1095,I,G,-3.928,1.404,2.5,2,I,13
1095,I,H,-2.556,1.142,1,2,I,13
1095,I,I,0,0,,2,I,13
1095,I,K,-2.531,0.676,4.5,2,I,13
1095,I,L,-0.1271,0.7471,2.5,2,I,13
1095,I,M,-0.7241,1.571,2,2,I,13
1095,I,N,-3.812,1.254,3.5,2,I,13
1095,I,P,-3.898,1.457,2,2,I,13
1095,I,Q,-3.169,1.99,3,2,I,13
1095,I,R,-3.63,,3,1,I,13
1095,I,S,-2.513,,1,1,I,13
1095,I,T,-2.361,1.018,5,2,I,13
1095,I,V,-0.2357,0.1812,5,2,I,13
1095,I,W,-0.336,0.9068,3,2,I,13
1095,I,Y,-2.367,1.279,5,2,I,13
1096,N,-,0.3114,,1.5,1,N,13
1096,N,A,-1.849,1.141,3,2,N,13
1096,N,C,-2.96,0.3069,4,2,N,13
1096,N,D,-0.4995,0.1599,7,2,N,13
1096,N,E,-0.1903,0.275,6.5,2,N,13
1096,N,F,-2.75,0.7814,3,2,N,13
1096,N,G,-0.8931,0.02956,2.5,2,N,13
1096,N,H,-2.193,1.99,2,2,N,13
1096,N,I,-2.604,1.054,2,2,N,13
1096,N,K,-0.2159,0.9981,9.5,2,N,13
1096,N,L,-1.767,0.7382,4.5,2,N,13
1096,N,M,-3.215,1.604,3.5,2,N,13
1096,N,N,0,0,,2,N,13
1096,N,P,-1.38,,1.5,1,N,13
1096,N,Q,0.0186,0.5846,5.5,2,N,13
1096,N,R,-0.4423,0.3946,5.5,2,N,13
1096,N,S,-1.289,0.3507,2.5,2,N,13
1096,N,T,0.1531,,1.5,1,N,13
1096,N,V,-1.604,1.164,4,2,N,13
1096,N,W,-3.782,1.735,1.5,2,N,13
1096,N,Y,-3.296,1.681,1.5,2,N,13
1097,S,-,0.476,,1.5,1,S,13
1097,S,A,-2.318,2.811,2,2,S,13
1097,S,C,-1.024,0.9291,3,2,S,13
1097,S,D,0.08478,0.03935,6,2,S,13
1097,S,E,-0.1045,1.203,4,2,S,13
1097,S,F,-0.1261,0.6089,6,2,S,13
1097,S,G,0.3604,0.258,4.5,2,S,13
1097,S,H,-0.1749,0.02977,5,2,S,13
1097,S,I,-0.06196,0.1802,10,2,S,13
1097,S,K,-0.5353,0.5618,3.5,2,S,13
1097,S,L,-0.1757,0.4388,6.5,2,S,13
1097,S,M,-0.6356,1.03,8,2,S,13
1097,S,N,0.09731,0.05711,10.5,2,S,13
1097,S,P,-1.72,1.366,4.5,2,S,13
1097,S,Q,0.0988,0.8627,3,2,S,13
1097,S,R,0.1443,0.5085,4.5,2,S,13
1097,S,S,0,0,,2,S,13
1097,S,T,0.0821,0.6336,4.5,2,S,13
1097,S,V,0.2526,0.3168,6.5,2,S,13
1097,S,W,-1.13,0.699,4,2,S,13
1097,S,Y,-0.8814,1.2,2,2,S,13
1098,T,-,-0.216,,2,1,T,13
1098,T,A,0.5464,0.2361,4.5,2,T,13
1098,T,C,-3.761,0.8407,4.5,2,T,13
1098,T,D,-1.74,1.916,3,2,T,13
1098,T,E,-0.4557,0.6609,3,2,T,13
1098,T,F,-0.8747,0.2338,3.5,2,T,13
1098,T,G,0.1191,0.1464,2,2,T,13
1098,T,H,-1.637,,1,1,T,13
1098,T,I,-1.609,0.07707,3.5,2,T,13
1098,T,K,-0.4121,0.1153,4.5,2,T,13
1098,T,L,-1.909,0.6456,4,2,T,13
1098,T,M,-1.897,0.6258,6,2,T,13
1098,T,N,-3.417,1.708,3.5,2,T,13
1098,T,P,-2.934,1.539,6.5,2,T,13
1098,T,Q,0.1833,0.1395,5,2,T,13
1098,T,R,-0.1026,0.4929,4.5,2,T,13
1098,T,S,-0.01515,0.8595,4,2,T,13
1098,T,T,0,0,,2,T,13
1098,T,V,-0.531,,3.5,1,T,13
1098,T,W,-2.804,1.1,5.5,2,T,13
1098,T,Y,-0.3285,1.505,3,2,T,13
1099,L,-,0.1787,,1.5,1,L,13
1099,L,A,0.1284,0.7133,4,2,L,13
1099,L,C,-2.364,1.696,5.5,2,L,13
1099,L,D,-3.097,0.7085,4,2,L,13
1099,L,E,-3.42,0.6611,4,2,L,13
1099,L,F,-1.011,0.09702,3.5,2,L,13
1099,L,G,-1.671,0.4957,5.5,2,L,13
1099,L,H,-1.804,0.3847,5,2,L,13
1099,L,I,-0.4175,0.6265,4,2,L,13
1099,L,K,-3.601,1.74,3,2,L,13
1099,L,L,0,0,,2,L,13
1099,L,M,-0.3468,0.1718,16.5,2,L,13
1099,L,N,-3.829,1.387,5,2,L,13
1099,L,P,-2.072,0.08132,8.5,2,L,13
1099,L,Q,-1.519,0.3033,3.5,2,L,13
1099,L,R,-1.832,0.5445,5,2,L,13
1099,L,S,-0.2743,,2.5,1,L,13
1099,L,T,-0.9429,0.6648,3,2,L,13
1099,L,V,-0.2269,0.609,4.5,2,L,13
1099,L,W,-1.766,0.4525,4.5,2,L,13
1099,L,Y,-1.844,1.076,2,2,L,13
1100,V,-,0.5772,,2,1,V,13
1100,V,A,-1.031,0.2915,5.5,2,V,13
1100,V,C,-2.397,0.09405,8,2,V,13
1100,V,D,0.1236,0.6003,5.5,2,V,13
1100,V,E,-0.352,0.4151,4.5,2,V,13
1100,V,F,-1.359,0.8468,4.5,2,V,13
1100,V,G,-0.9966,1.742,3,2,V,13
1100,V,H,-4.959,,2,1,V,13
1100,V,I,0.09445,1.037,4.5,2,V,13
1100,V,K,-1.202,0.5131,4,2,V,13
1100,V,L,-0.3464,0.2069,10.5,2,V,13
1100,V,M,-0.479,0.17,8.5,2,V,13
1100,V,N,-2.09,1.146,5,2,V,13
1100,V,P,-1.492,0.7524,3.5,2,V,13
1100,V,Q,-0.7354,0.4265,3.5,2,V,13
1100,V,R,-1.269,1.652,1.5,2,V,13
1100,V,S,-0.8469,0.07828,2,2,V,13
1100,V,T,-1.718,0.7064,3,2,V,13
1100,V,V,0,0,,2,V,13
1100,V,W,-2.729,0.4214,5.5,2,V,13
1100,V,Y,-3.635,,0.5,1,V,13
1101,D,-,0.3642,,2,1,D,13
1101,D,A,0.5222,0.003606,1.5,2,D,13
1101,D,C,-4.11,,1,1,D,13
1101,D,D,0,0,,2,D,13
1101,D,E,-2.38,3.208,2,2,D,13
1101,D,F,-0.8299,2.236,3.5,2,D,13
1101,D,G,0.05995,0.4983,3,2,D,13
1101,D,H,-0.2833,0.05834,5,2,D,13
1101,D,I,0.613,0.2055,3.5,2,D,13
1101,D,L,-1.995,3.976,5,2,D,13
1101,D,M,0.1395,0.9762,2,2,D,13
1101,D,N,-0.3344,0.04794,77.5,2,D,13
1101,D,P,0.07868,0.2182,4.5,2,D,13
1101,D,Q,0.1426,0.8264,1,2,D,13
1101,D,R,-0.2634,0.8369,2,2,D,13
1101,D,S,-0.3478,,1,1,D,13
1101,D,T,-3.252,1.742,5,2,D,13
1101,D,V,0.5615,0.01096,7.5,2,D,13
1101,D,W,0.5421,0.2812,2.5,2,D,13
1101,D,Y,-1.109,0.425,10,2,D,13
1102,L,-,-0.8034,,2.5,1,L,13
1102,L,A,-1.749,0.6696,4.5,2,L,13
1102,L,C,-2.976,0.2977,5.5,2,L,13
1102,L,D,-3.379,0.9673,3,2,L,13
1102,L,E,-2.276,0.4936,10.5,2,L,13
1102,L,F,0.1537,0.06251,8,2,L,13
1102,L,G,-1.607,,3,1,L,13
1102,L,H,-1.421,0.123,2.5,2,L,13
1102,L,I,-0.5769,0.2092,4.5,2,L,13
1102,L,K,-1.481,0.03111,2.5,2,L,13
1102,L,L,0,0,,2,L,13
1102,L,M,-0.08533,,1.5,1,L,13
1102,L,N,-1.142,0.3021,3.5,2,L,13
1102,L,P,-1.19,0.948,3,2,L,13
1102,L,Q,-1.139,,1,1,L,13
1102,L,R,-2.878,1.073,4.5,2,L,13
1102,L,S,-0.1581,0.9796,3.5,2,L,13
1102,L,T,-0.7385,0.6781,3,2,L,13
1102,L,V,-1.152,0.3101,6,2,L,13
1102,L,W,-1.081,1.151,5,2,L,13
1102,L,Y,-0.4989,0.8896,2.5,2,L,13
1103,K,-,-2.962,,2.5,1,K,13
1103,K,A,0.1281,0.8037,2.5,2,K,13
1103,K,C,-2.269,0.6824,2,2,K,13
1103,K,D,0.2242,0.4169,5,2,K,13
1103,K,E,-0.4153,1.117,4,2,K,13
1103,K,F,-0.602,0.8429,7,2,K,13
1103,K,G,0.4067,0.4532,5,2,K,13
1103,K,H,0.1706,0.68,3.5,2,K,13
1103,K,I,0.1546,0.1649,4.5,2,K,13
1103,K,K,0,0,,2,K,13
1103,K,L,-0.1591,0.5559,2.5,2,K,13
1103,K,M,-0.2626,1.245,6,2,K,13
1103,K,N,0.5731,0.01584,7,2,K,13
1103,K,P,-0.6414,1.234,5,2,K,13
1103,K,Q,-0.024,0.4934,4.5,2,K,13
1103,K,R,-1.595,2.984,3,2,K,13
1103,K,S,0.3201,0.147,2,2,K,13
1103,K,T,0.4304,0.4723,5.5,2,K,13
1103,K,V,-0.3094,0.6304,2,2,K,13
1103,K,W,0.4807,0.2588,5,2,K,13
1103,K,Y,0.1191,0.04799,2.5,2,K,13
1104,W,*,-4.92,0.1266,67,2,W,13
1104,W,-,-2.976,2.28,3,2,W,13
1104,W,A,-0.1116,0.4072,2,2,W,13
1104,W,C,-3.478,0.7092,9.5,2,W,13
1104,W,D,-0.529,0.9858,4,2,W,13
1104,W,E,0.08631,,1.5,1,W,13
1104,W,F,-0.3797,0.268,3.5,2,W,13
1104,W,G,-0.9655,1.695,3.5,2,W,13
1104,W,H,-0.01785,1.023,3.5,2,W,13
1104,W,I,-0.4129,,2,1,W,13
1104,W,K,-0.7018,0.539,3.5,2,W,13
1104,W,L,-0.5143,0.5827,13.5,2,W,13
1104,W,M,-0.8999,0.6691,4.5,2,W,13
1104,W,N,-0.6563,0.3613,2,2,W,13
1104,W,P,-3.334,1.406,5.5,2,W,13
1104,W,Q,-0.4834,,3,1,W,13
1104,W,R,-1.802,0.1676,3.5,2,W,13
1104,W,S,0.3899,0.2094,3,2,W,13
1104,W,T,-0.0005,0.844,3.5,2,W,13
1104,W,V,-1.131,0.128,3.5,2,W,13
1104,W,W,0,0,,2,W,13
1104,W,Y,-2.071,1.258,4.5,2,W,13
1105,L,-,-3.62,1.686,3.5,2,L,13
1105,L,A,-4.232,0.8994,4,2,L,13
1105,L,C,-4.384,0.2107,4.5,2,L,13
1105,L,D,-3.329,1.3,4.5,2,L,13
1105,L,E,-4.09,1.234,5.5,2,L,13
1105,L,F,-0.855,0.6844,4,2,L,13
1105,L,G,-3.119,0.1259,3.5,2,L,13
1105,L,H,-4.255,0.3175,3.5,2,L,13
1105,L,I,0.4933,0.4822,1.5,2,L,13
1105,L,K,-3.851,0.5834,2.5,2,L,13
1105,L,L,0,0,,2,L,13
1105,L,M,-1.01,0.2355,5,2,L,13
1105,L,N,-4.312,0.2341,5,2,L,13
1105,L,P,-3.787,1.511,4.5,2,L,13
1105,L,Q,-2.38,0.07212,9,2,L,13
1105,L,R,-4.585,0.4285,1,2,L,13
1105,L,S,-3.338,0.4363,6,2,L,13
1105,L,T,-1.875,2.441,4,2,L,13
1105,L,V,-0.2509,1.286,3.5,2,L,13
1105,L,W,-3.384,1.083,5.5,2,L,13
1105,L,Y,-3.227,1.143,4.5,2,L,13
1106,N,-,-2.53,2.575,3,2,N,13
1106,N,A,-1.009,0.1822,3.5,2,N,13
1106,N,C,-4.64,0.5155,2,2,N,13
1106,N,D,-0.1412,1.156,4,2,N,13
1106,N,E,-0.05615,1.155,3,2,N,13
1106,N,F,0.5433,0.2907,4,2,N,13
1106,N,G,-2.019,,1,1,N,13
1106,N,H,-0.1808,1.28,4,2,N,13
1106,N,I,-2.742,0.7814,3,2,N,13
1106,N,K,-1.841,0.9878,3,2,N,13
1106,N,L,-1.278,0.7341,7.5,2,N,13
1106,N,M,-0.6581,0.3484,2,2,N,13
1106,N,N,0,0,,2,N,13
1106,N,P,-0.8148,2.31,2,2,N,13
1106,N,Q,-2.231,3.805,4,2,N,13
1106,N,R,-1.333,,1,1,N,13
1106,N,S,0.81,,1.5,1,N,13
1106,N,T,-0.07045,1.167,1,2,N,13
1106,N,V,-1.879,0.6887,6,2,N,13
1106,N,W,-0.2503,1.053,3,2,N,13
1106,N,Y,-0.5103,0.793,4.5,2,N,13
1107,R,-,-2.822,1.992,3,2,R,13
1107,R,A,-0.828,0.2376,4,2,R,13
1107,R,C,-4.056,1.251,7.5,2,R,13
1107,R,D,-0.7225,,1,1,R,13
1107,R,E,-1.226,1.103,2.5,2,R,13
1107,R,F,-0.4117,0.9452,3,2,R,13
1107,R,G,-2.498,1.269,6,2,R,13
1107,R,H,0.6378,0.2831,2,2,R,13
1107,R,I,0.415,0.3002,13.5,2,R,13
1107,R,K,-0.0701,0.5704,38,2,R,13
1107,R,L,0.3389,0.6282,5,2,R,13
1107,R,M,-0.6572,0.07608,2.5,2,R,13
1107,R,N,-1.09,0.429,2.5,2,R,13
1107,R,P,-2.444,1.409,2.5,2,R,13
1107,R,Q,-0.8529,1.707,2,2,R,13
1107,R,R,0,0,,2,R,13
1107,R,S,-0.2794,0.3491,2.5,2,R,13
1107,R,T,-1.083,0.6902,3.5,2,R,13
1107,R,V,0.4148,0.2297,8,2,R,13
1107,R,W,-1.885,1.538,5.5,2,R,13
1107,R,Y,0.701,0.08902,4.5,2,R,13
1108,V,-,-2.205,3.687,3,2,V,13
1108,V,A,-2.364,0.1082,5,2,V,13
1108,V,C,-4.903,0.1237,3,2,V,13
1108,V,D,-3.304,2.3,2.5,2,V,13
1108,V,E,-3.459,1.232,4,2,V,13
1108,V,F,-0.9345,1.257,3.5,2,V,13
1108,V,G,-4.909,0.1322,1.5,2,V,13
1108,V,H,-1.593,2.855,2,2,V,13
1108,V,I,-0.0899,1.197,1.5,2,V,13
1108,V,K,-4.041,0.07778,5,2,V,13
1108,V,L,-0.8998,1.448,5,2,V,13
1108,V,M,-2.228,0.1124,6.5,2,V,13
1108,V,N,-2.843,0.8358,3,2,V,13
1108,V,P,-4.183,1.112,4,2,V,13
1108,V,Q,-4.333,,1,1,V,13
1108,V,R,-2.513,0.4731,4.5,2,V,13
1108,V,S,-1.85,1.756,3,2,V,13
1108,V,T,-2.003,,0.5,1,V,13
1108,V,V,0,0,,2,V,13
1108,V,W,-0.7256,0.3254,4.5,2,V,13
1108,V,Y,-0.5328,0.1747,4.5,2,V,13
1109,E,*,-4.888,0.09546,4,2,E,13
1109,E,-,-3.282,1.498,3,2,E,13
1109,E,A,-0.1819,0.8565,4,2,E,13
1109,E,C,-1.957,0.7693,3,2,E,13
1109,E,D,-1.551,0.8346,4,2,E,13
1109,E,E,0,0,,2,E,13
1109,E,F,0.0754,1.075,2.5,2,E,13
1109,E,G,-1.508,0.1315,5,2,E,13
1109,E,H,-1.801,0.7227,1.5,2,E,13
1109,E,I,-1.317,,1.5,1,E,13
1109,E,K,-1.952,1.413,107,2,E,13
1109,E,L,-1.621,2.943,1,2,E,13
1109,E,M,-1.457,1.664,4.5,2,E,13
1109,E,N,-0.6877,0.8433,3.5,2,E,13
1109,E,P,-3.17,1.044,6,2,E,13
1109,E,Q,0.1699,0.8335,5,2,E,13
1109,E,R,-0.6474,1.377,1.5,2,E,13
1109,E,S,-0.3107,0.01853,5,2,E,13
1109,E,T,0.7778,,3,1,E,13
1109,E,V,-1.764,3.576,3,2,E,13
1109,E,W,-0.4843,0.06343,4,2,E,13
1109,E,Y,-0.4916,,3.5,1,E,13
1110,T,-,-2.139,3.716,3,2,T,13
1110,T,A,-0.8301,0.07092,4.5,2,T,13
1110,T,C,-3.962,1.119,3.5,2,T,13
1110,T,D,-2.289,0.9129,4,2,T,13
1110,T,E,-0.3262,0.4982,3,2,T,13
1110,T,F,-0.4201,,0.5,1,T,13
1110,T,G,-2.3,0.4561,3.5,2,T,13
1110,T,H,-0.8474,,1.5,1,T,13
1110,T,I,-0.8966,0.9028,3,2,T,13
1110,T,K,-1.498,0.03606,10,2,T,13
1110,T,L,0.05605,0.401,3.5,2,T,13
1110,T,M,0.3126,0.1255,9,2,T,13
1110,T,N,-0.7165,,1.5,1,T,13
1110,T,P,-4.434,0.5579,2,2,T,13
1110,T,Q,0.2846,,2,1,T,13
1110,T,R,-1.305,0.03677,3,2,T,13
1110,T,S,-1.446,0.09475,7,2,T,13
1110,T,T,0,0,,2,T,13
1110,T,V,-0.3861,0.1564,4,2,T,13
1110,T,W,-0.3191,0.2857,3.5,2,T,13
1110,T,Y,0.1909,0.3446,6,2,T,13
1111,Y,*,-4.59,0.3946,2.5,2,Y,13
1111,Y,-,-0.006711,,2.5,1,Y,13
1111,Y,A,-3.267,0.4257,2.5,2,Y,13
1111,Y,C,-4.614,0.4688,3,2,Y,13
1111,Y,D,-4.613,0.2574,5,2,Y,13
1111,Y,E,-4.485,0.5416,5.5,2,Y,13
1111,Y,F,0.0094,0.5894,5,2,Y,13
1111,Y,G,-3.678,1.225,5,2,Y,13
1111,Y,H,-2.093,1.308,2.5,2,Y,13
1111,Y,I,-0.3423,1.026,4.5,2,Y,13
1111,Y,K,-4.694,0.4257,4,2,Y,13
1111,Y,L,-1.154,0.5318,4,2,Y,13
1111,Y,M,-2.513,0.5933,5,2,Y,13
1111,Y,N,-4.562,0.268,4,2,Y,13
1111,Y,P,-3.148,,0.5,1,Y,13
1111,Y,Q,-4.191,1.154,2,2,Y,13
1111,Y,R,-4.735,0.1018,5.5,2,Y,13
1111,Y,S,-3.772,0.3246,4.5,2,Y,13
1111,Y,T,-4.157,0.4349,2.5,2,Y,13
1111,Y,V,-1.352,0.1803,4,2,Y,13
1111,Y,W,-2.206,0.3847,5.5,2,Y,13
1111,Y,Y,0,0,,2,Y,13
1112,I,-,-3.041,,2.5,1,I,13
1112,I,A,-1.611,0.04879,5,2,I,13
1112,I,C,-4.636,0.1308,5,2,I,13
1112,I,D,-2.901,1.801,3,2,I,13
1112,I,E,0.1177,0.7133,4.5,2,I,13
1112,I,F,-0.7726,0.2068,8.5,2,I,13
1112,I,G,-2.819,0.326,2.5,2,I,13
1112,I,H,-3.241,,1.5,1,I,13
1112,I,I,0,0,,2,I,13
1112,I,K,-2.79,1.891,6,2,I,13
1112,I,L,0.05389,,2.5,1,I,13
1112,I,M,-0.3423,0.5377,7,2,I,13
1112,I,N,-0.6493,0.5016,3.5,2,I,13
1112,I,P,-4.174,0.05233,3,2,I,13
1112,I,Q,-1.899,1.602,3.5,2,I,13
1112,I,R,-1.331,0.04525,5.5,2,I,13
1112,I,S,-0.3047,,2,1,I,13
1112,I,T,0.2266,0.04921,7.5,2,I,13
1112,I,V,-0.4968,0.475,7.5,2,I,13
1112,I,W,-0.5835,0.4238,3,2,I,13
1112,I,Y,-2.183,1.167,3,2,I,13
1113,K,-,0.7309,,2,1,K,13
1113,K,A,-2.568,1.29,2,2,K,13
1113,K,C,-4.32,0.4639,4.5,2,K,13
1113,K,D,-4.928,,1.5,1,K,13
1113,K,E,-3.474,0.6534,8,2,K,13
1113,K,F,-3.591,1.163,5,2,K,13
1113,K,G,-3.064,1.652,1,2,K,13
1113,K,H,-0.7527,0.9069,3.5,2,K,13
1113,K,I,-3.691,1.848,4.5,2,K,13
1113,K,K,0,0,,2,K,13
1113,K,L,-2.022,0.1351,6.5,2,K,13
1113,K,M,-3.464,2.075,1.5,2,K,13
1113,K,N,-1.097,0.509,4.5,2,K,13
1113,K,P,-3.623,1.908,5,2,K,13
1113,K,Q,-4.019,1.158,2.5,2,K,13
1113,K,R,-1.788,1.325,5,2,K,13
1113,K,S,-2.645,0.9334,3.5,2,K,13
1113,K,T,-2.658,0.8012,2.5,2,K,13
1113,K,V,-2.207,0.6661,4,2,K,13
1113,K,W,-3.659,0.8464,5,2,K,13
1113,K,Y,-2.134,2.19,2,2,K,13
1114,W,*,-4.925,0.09263,28,2,S,13
1114,W,-,0.4637,,2,1,S,13
1114,W,A,-3.952,,1.5,1,S,13
1114,W,C,-3.906,0.7962,10.5,2,S,13
1114,W,D,-4.405,0.6293,3.5,2,S,13
1114,W,E,-4.487,0.7319,2,2,S,13
1114,W,F,-2.634,0.4929,3,2,S,13
1114,W,G,-4.882,0.09405,3.5,2,S,13
1114,W,H,-3.216,1.447,2.5,2,S,13
1114,W,I,-4.183,0.4632,3,2,S,13
1114,W,K,-4.62,0.1973,5.5,2,S,13
1114,W,L,-4.603,0.4285,13.5,2,S,13
1114,W,M,-4.569,0.4794,4,2,S,13
1114,W,N,-3.957,1.289,3.5,2,S,13
1114,W,P,-4.13,,1,1,S,13
1114,W,Q,-3.345,0.02758,3,2,S,13
1114,W,R,-4.463,0.02687,12.5,2,S,13
1114,W,S,-4.062,0.7559,2.5,2,S,13
1114,W,T,-4.259,0.03253,6,2,S,13
1114,W,V,-2.929,2.155,2,2,S,13
1114,W,W,0,0,,2,S,13
1114,W,Y,-1.853,1.463,3,2,S,13
1115,P,-,0.06259,,2,1,G,13
1115,P,A,-3.143,0.5869,3.5,2,G,13
1115,P,C,-4.284,0.2581,5.5,2,G,13
1115,P,D,-2.291,0.239,6.5,2,G,13
1115,P,E,-2.725,0.4978,6.5,2,G,13
1115,P,F,-4.354,0.1534,6.5,2,G,13
1115,P,G,-4.282,0.5247,5.5,2,G,13
1115,P,H,-4.335,0.8811,8.5,2,G,13
1115,P,I,-4.705,,2,1,G,13
1115,P,K,-2.875,2.205,3.5,2,G,13
1115,P,L,-4.869,0.005657,8,2,G,13
1115,P,M,-4.483,0.2051,8,2,G,13
1115,P,N,-3.115,1.805,4,2,G,13
1115,P,P,0,0,,2,G,13
1115,P,Q,-3.529,0.2284,1,2,G,13
1115,P,R,-4.658,,3.5,1,G,13
1115,P,S,-3.941,1.24,4.5,2,G,13
1115,P,T,-4.659,0.3825,9.5,2,G,13
1115,P,V,-4.796,0.01131,3,2,G,13
1115,P,W,-4.076,0.5982,4,2,G,13
1115,P,Y,-4.466,0.6576,4.5,2,G,13
1116,W,*,-4.933,0.09546,26,2,G,13
1116,W,-,-0.8044,0.6471,2.5,2,G,13
1116,W,A,-4.353,,1.5,1,G,13
1116,W,C,-4.846,0.1407,4.5,2,G,13
1116,W,D,-4.528,0.01838,6.5,2,G,13
1116,W,E,-4.125,0.2878,1.5,2,G,13
1116,W,F,-3.043,0.309,5,2,G,13
1116,W,G,-4.108,1.162,4.5,2,G,13
1116,W,H,-2.986,,1,1,G,13
1116,W,I,-3.329,0.3854,2,2,G,13
1116,W,K,-4.781,0.0898,5,2,G,13
1116,W,L,-4.095,1.232,11.5,2,G,13
1116,W,M,-3.581,0.8393,2.5,2,G,13
1116,W,N,-3.14,0.3196,4,2,G,13
1116,W,P,-3.997,0.2114,1.5,2,G,13
1116,W,Q,-4.444,0.3734,4,2,G,13
1116,W,R,-4.136,0.326,7,2,G,13
1116,W,S,-4.193,,1,1,G,13
1116,W,T,-1.98,3.767,1,2,G,13
1116,W,V,-3.947,0.2496,3.5,2,G,13
1116,W,W,0,0,,2,G,13
1116,W,Y,-3.985,0.9998,4.5,2,G,13
1117,W,*,-4.878,0.02051,33.5,2,Y,13
1117,W,-,-1.494,2.155,3.5,2,Y,13
1117,W,A,-4.008,1.3,3,2,Y,13
1117,W,C,-4.645,0.5077,6.5,2,Y,13
1117,W,D,-4.739,0.1817,2,2,Y,13
1117,W,E,-4.215,1.119,4.5,2,Y,13
1117,W,F,-2.58,,2.5,1,Y,13
1117,W,G,-2.843,1.838,2,2,Y,13
1117,W,H,-4.161,0.734,3.5,2,Y,13
1117,W,I,-2.307,0.2984,3.5,2,Y,13
1117,W,K,-4.444,0.3019,3,2,Y,13
1117,W,L,-4.068,0.4709,18,2,Y,13
1117,W,M,-1.752,3.554,2.5,2,Y,13
1117,W,N,-3.603,1.075,3,2,Y,13
1117,W,P,-4.202,1.13,3,2,Y,13
1117,W,Q,-1.89,0.9822,4,2,Y,13
1117,W,R,-4.606,0.297,6,2,Y,13
1117,W,S,-2.351,1.479,3.5,2,Y,13
1117,W,T,-3.405,1.916,5.5,2,Y,13
1117,W,V,-4.783,,1.5,1,Y,13
1117,W,W,0,0,,2,Y,13
1117,W,Y,0.09623,0.1155,6,2,Y,13
1118,V,-,-3.31,2.061,2.5,2,I,13
1118,V,A,-1.066,0.549,6,2,I,13
1118,V,C,-3.015,0.01485,3,2,I,13
1118,V,D,-3.601,,3,1,I,13
1118,V,E,-2.752,0.5339,3.5,2,I,13
1118,V,F,-3.912,0.7594,2.5,2,I,13
1118,V,G,-0.06665,0.2913,1,2,I,13
1118,V,H,-4.574,0.3373,4.5,2,I,13
1118,V,I,-1.115,0.0007071,4,2,I,13
1118,V,K,-1.386,2.148,2,2,I,13
1118,V,L,-3.158,0.3833,12,2,I,13
1118,V,M,-3.264,0.001414,13,2,I,13
1118,V,N,-4.566,0.3564,2,2,I,13
1118,V,P,-3.01,1.672,1.5,2,I,13
1118,V,Q,0.0258,0.9977,1.5,2,I,13
1118,V,R,-2.184,2.123,4.5,2,I,13
1118,V,S,-0.8667,1.02,2,2,I,13
1118,V,T,-1.564,0.4978,2.5,2,I,13
1118,V,V,0,0,,2,I,13
1118,V,W,-4.206,1.079,2,2,I,13
1118,V,Y,-2.272,0.9157,2,2,I,13
1119,W,*,-4.764,0.227,26,2,P,13
1119,W,-,-1.534,0.4794,1.5,2,P,13
1119,W,A,-4.073,0.5982,4.5,2,P,13
1119,W,C,-4.713,0.1287,6.5,2,P,13
1119,W,D,-4.823,,0.5,1,P,13
1119,W,E,-4.438,0.3161,4,2,P,13
1119,W,F,-3.023,2.091,6.5,2,P,13
1119,W,G,-4.819,0.05162,3.5,2,P,13
1119,W,H,-2.116,,0.5,1,P,13
1119,W,I,-2.76,0.7531,2,2,P,13
1119,W,K,-4.114,1.147,2.5,2,P,13
1119,W,L,-3.591,0.06152,13,2,P,13
1119,W,M,-3.691,0.2044,6.5,2,P,13
1119,W,N,-4.873,0.1223,3.5,2,P,13
1119,W,P,-3.729,,3.5,1,P,13
1119,W,Q,-3.995,1.38,2,2,P,13
1119,W,R,-4.803,0.08697,6.5,2,P,13
1119,W,S,-3.93,0.8867,6,2,P,13
1119,W,T,-4.329,0.7509,3,2,P,13
1119,W,V,-4.238,,2.5,1,P,13
1119,W,W,0,0,,2,P,13
1119,W,Y,-1.14,0.09899,4.5,2,P,13
1120,L,-,-1.196,0.164,1.5,2,E,13
1120,L,A,-2.934,1.85,2,2,E,13
1120,L,C,-1.691,0.9037,2,2,E,13
1120,L,D,-4.884,0.08061,5,2,E,13
1120,L,E,-4.896,0.1153,4,2,E,13
1120,L,F,-2.55,1.631,3,2,E,13
1120,L,G,-1.552,2.459,3,2,E,13
1120,L,H,-4.843,0.1739,2,2,E,13
1120,L,I,-1.716,1.22,4.5,2,E,13
1120,L,K,-4.763,0.1909,2.5,2,E,13
1120,L,L,0,0,,2,E,13
1120,L,M,-0.2353,0.8765,8.5,2,E,13
1120,L,N,-4.79,0.05303,4,2,E,13
1120,L,P,-4.558,0.1223,5,2,E,13
1120,L,Q,-4.769,0.1605,6.5,2,E,13
1120,L,R,-2.552,2.697,4,2,E,13
1120,L,S,-2.159,0.8309,5,2,E,13
1120,L,T,-0.1558,0.6891,2.5,2,E,13
1120,L,V,-0.7486,0.349,7,2,E,13
1120,L,W,-3.705,0.1308,7,2,E,13
1120,L,Y,-3.689,1.092,7,2,E,13
1121,C,-,-0.5314,,1,1,A,13
1121,C,A,0.4766,0.1229,1,2,A,13
1121,C,C,0,0,,2,A,13
1121,C,D,-2.785,0.03465,1.5,2,A,13
1121,C,E,-3.366,2.053,3,2,A,13
1121,C,F,-0.6874,0.06477,10.5,2,A,13
1121,C,G,-1.948,1.873,4,2,A,13
1121,C,H,-2.945,1.247,4,2,A,13
1121,C,I,0.4351,0.1761,3.5,2,A,13
1121,C,K,-4.726,,1.5,1,A,13
1121,C,L,0.1808,,1,1,A,13
1121,C,M,-0.3203,0.9612,3,2,A,13
1121,C,N,-1.525,0.1725,5,2,A,13
1121,C,P,-3.958,1.375,2.5,2,A,13
1121,C,Q,-1.333,0.2008,3,2,A,13
1121,C,R,-4.725,0.396,4.5,2,A,13
1121,C,S,0.2997,0.5888,5,2,A,13
1121,C,T,-0.9305,1.839,3.5,2,A,13
1121,C,V,-0.3035,0.5593,2.5,2,A,13
1121,C,W,-2.258,0.07,4,2,A,13
1121,C,Y,-3.829,0.09192,14.5,2,A,13
1122,I,-,-1.974,0.6088,1.5,2,P,13
1122,I,A,0.3354,0.3057,2,2,P,13
1122,I,C,-1.44,0.4773,4,2,P,13
1122,I,D,-4.92,0.07425,5,2,P,13
1122,I,E,-4.712,0.3345,3.5,2,P,13
1122,I,F,0.0509,0.1776,3.5,2,P,13
1122,I,G,-0.488,1.011,1,2,P,13
1122,I,H,-1.231,,1,1,P,13
1122,I,I,0,0,,2,P,13
1122,I,K,-4.782,0.01414,7.5,2,P,13
1122,I,L,-1.542,1.413,4.5,2,P,13
1122,I,M,0.3347,0.5303,4.5,2,P,13
1122,I,N,-3.236,0.1754,3,2,P,13
1122,I,P,-4.263,0.1492,2,2,P,13
1122,I,Q,-4.859,0.1711,4,2,P,13
1122,I,R,-4.596,0.4009,2,2,P,13
1122,I,S,-0.4265,0.08697,3,2,P,13
1122,I,T,-0.767,0.006293,4,2,P,13
1122,I,V,0.1541,0.2466,4.5,2,P,13
1122,I,W,-2.131,1.322,2.5,2,P,13
1122,I,Y,-1.52,0.2758,4.5,2,P,13
1123,S,-,-3.839,,1,1,R,13
1123,S,A,0.3844,0.1931,5,2,R,13
1123,S,C,0.7087,0.09694,3,2,R,13
1123,S,D,-4.115,0.5211,3,2,R,13
1123,S,E,-2.558,0.3154,4.5,2,R,13
1123,S,F,0.4366,0.2007,2.5,2,R,13
1123,S,G,0.1347,0.2827,6,2,R,13
1123,S,H,-3.721,0.5289,3.5,2,R,13
1123,S,I,0.2368,0.6111,7.5,2,R,13
1123,S,K,-2.465,3.478,2,2,R,13
1123,S,L,0.6095,0.152,2,2,R,13
1123,S,M,-0.2232,0.5881,3,2,R,13
1123,S,N,-1.973,1.242,7.5,2,R,13
1123,S,P,-2.152,0.8697,3,2,R,13
1123,S,Q,-1.401,1.139,5,2,R,13
1123,S,R,-4.88,0.1372,4.5,2,R,13
1123,S,S,0,0,,2,R,13
1123,S,T,0.4084,0.2337,6.5,2,R,13
1123,S,V,0.2426,0.6705,3,2,R,13
1123,S,W,-0.6576,0.01414,5.5,2,R,13
1123,S,Y,-2.584,1.513,2,2,R,13
1124,V,-,-1.005,,1,1,D,13
1124,V,A,-0.8601,1.063,6.5,2,D,13
1124,V,C,0.0444,0.2476,4,2,D,13
1124,V,D,-4.597,0.4695,3.5,2,D,13
1124,V,E,-3.931,0.5346,6.5,2,D,13
1124,V,F,-1.774,0.09405,5,2,D,13
1124,V,G,-1.212,0.2425,5.5,2,D,13
1124,V,H,-3.527,1.838,2,2,D,13
1124,V,I,-0.0687,1.177,1,2,D,13
1124,V,K,-4.501,0.002828,2.5,2,D,13
1124,V,L,-0.2819,0.1591,10,2,D,13
1124,V,M,-1.669,0.123,8,2,D,13
1124,V,N,-3.354,0.5381,3,2,D,13
1124,V,P,-4.694,0.1732,2.5,2,D,13
1124,V,Q,-3.922,0.2107,5,2,D,13
1124,V,R,-4.928,,1,1,D,13
1124,V,S,-0.6117,0.2696,4.5,2,D,13
1124,V,T,-0.8777,0.3186,3.5,2,D,13
1124,V,V,0,0,,2,D,13
1124,V,W,-3.74,1.66,3.5,2,D,13
1124,V,Y,-4.913,0.1344,1.5,2,D,13
1125,V,-,-1.829,2.693,1,2,G,13
1125,V,A,-0.424,1.041,3,2,G,13
1125,V,C,-1.661,3.223,1.5,2,G,13
1125,V,D,-4.04,0.3055,2.5,2,G,13
1125,V,E,-4.281,0.3437,6.5,2,G,13
1125,V,F,-1.093,0.1301,4,2,G,13
1125,V,G,-1.204,,1.5,1,G,13
1125,V,H,-4.569,0.1365,3,2,G,13
1125,V,I,0.03676,0.1852,2.5,2,G,13
1125,V,K,-4.232,0.8902,4,2,G,13
1125,V,L,-2.408,0.2404,10,2,G,13
1125,V,M,-2.729,0.3083,9,2,G,13
1125,V,N,-4.2,0.2708,2,2,G,13
1125,V,P,-4.81,,1.5,1,G,13
1125,V,Q,-3.643,1.831,4,2,G,13
1125,V,R,-4.731,0.07495,3.5,2,G,13
1125,V,S,-1.043,1.68,2.5,2,G,13
1125,V,T,-0.2171,0.5977,2.5,2,G,13
1125,V,V,0,0,,2,G,13
1125,V,W,-4.343,0.08202,4.5,2,G,13
1125,V,Y,-4.803,0.01414,3.5,2,G,13
1126,L,-,-1.808,,0.5,1,Q,13
1126,L,A,-0.2077,0.6888,2,2,Q,13
1126,L,C,-0.8182,0.3957,5.5,2,Q,13
1126,L,D,-3.273,1.626,2,2,Q,13
1126,L,E,-3.607,1.961,5,2,Q,13
1126,L,F,-0.8278,,1,1,Q,13
1126,L,G,-1.156,0.2961,4,2,Q,13
1126,L,H,-2.992,,1.5,1,Q,13
1126,L,I,-1.204,0.5862,4.5,2,Q,13
1126,L,K,0.1962,,0.5,1,Q,13
1126,L,L,0,0,,2,Q,13
1126,L,M,-0.2527,0.6894,5.5,2,Q,13
1126,L,N,-3.881,1.356,3.5,2,Q,13
1126,L,P,-4.25,0.292,5.5,2,Q,13
1126,L,Q,-1.991,0.1245,5.5,2,Q,13
1126,L,R,-4.912,0.1252,8.5,2,Q,13
1126,L,S,-0.8417,0.09086,4.5,2,Q,13
1126,L,T,-0.3636,0.3976,4.5,2,Q,13
1126,L,V,-0.2936,0.2585,4.5,2,Q,13
1126,L,W,-0.5186,0.09525,5,2,Q,13
1126,L,Y,-2.622,,3.5,1,Q,13
1127,I,-,-2.298,,0.5,1,A,13
1127,I,A,-1.058,0.1999,1,2,A,13
1127,I,C,-0.4835,0.2855,2,2,A,13
1127,I,D,-2.776,0.5876,2.5,2,A,13
1127,I,E,-3.79,0.6576,9,2,A,13
1127,I,F,-1.993,0.927,3.5,2,A,13
1127,I,G,-2.361,0.5848,8,2,A,13
1127,I,H,-4.835,0.1442,2,2,A,13
1127,I,I,0,0,,2,A,13
1127,I,K,-3.546,1.952,1.5,2,A,13
1127,I,L,0.2958,0.5329,3.5,2,A,13
1127,I,M,0.1006,0.5469,6,2,A,13
1127,I,N,-3.66,1.679,1.5,2,A,13
1127,I,P,-3.095,0.2765,5.5,2,A,13
1127,I,Q,-2.826,,1,1,A,13
1127,I,R,-4.758,0.05869,3,2,A,13
1127,I,S,-2.718,1.22,5.5,2,A,13
1127,I,T,-1.09,0.7751,5.5,2,A,13
1127,I,V,-0.8689,0.09164,4.5,2,A,13
1127,I,W,-3.125,0.285,4.5,2,A,13
1127,I,Y,-4.381,0.6145,5,2,A,13
1128,F,-,-1.326,,1,1,Y,13
1128,F,A,-0.09736,0.2262,4.5,2,Y,13
1128,F,C,-0.7507,0.7089,3.5,2,Y,13
1128,F,D,-4.365,,1.5,1,Y,13
1128,F,E,-4.287,0.7029,3,2,Y,13
1128,F,F,0,0,,2,Y,13
1128,F,G,0.5145,0.4465,2.5,2,Y,13
1128,F,H,-4.325,0.693,2.5,2,Y,13
1128,F,I,0.4911,0.4651,5.5,2,Y,13
1128,F,K,-4.626,0.03253,5.5,2,Y,13
1128,F,L,0.0289,0.4216,7.5,2,Y,13
1128,F,M,-0.4253,0.1245,3,2,Y,13
1128,F,N,-2.991,0.939,2.5,2,Y,13
1128,F,P,-2.413,0.7729,3.5,2,Y,13
1128,F,Q,-3.522,0.8506,6,2,Y,13
1128,F,R,-4.901,0.09263,5,2,Y,13
1128,F,S,-0.2126,0.9756,5,2,Y,13
1128,F,T,0.6776,,2.5,1,Y,13
1128,F,V,0.1979,0.3211,2.5,2,Y,13
1128,F,W,-3.397,1.041,5,2,Y,13
1128,F,Y,-3.687,1.415,2.5,2,Y,13
1129,V,-,0.54,,0.5,1,V,13
1129,V,A,-0.8417,0.09496,4,2,V,13
1129,V,C,0.3362,0.4069,2,2,V,13
1129,V,D,-4.188,0.8309,6,2,V,13
1129,V,E,-1.874,0.7672,5,2,V,13
1129,V,F,-1.485,2.061,10,2,V,13
1129,V,G,-1.68,0.2828,5,2,V,13
1129,V,H,-3.932,1.249,3.5,2,V,13
1129,V,I,-0.3222,0.4855,9.5,2,V,13
1129,V,K,-4.474,0.4158,2.5,2,V,13
1129,V,L,-0.04895,0.7469,4,2,V,13
1129,V,M,-0.7411,0.03967,3,2,V,13
1129,V,N,-3.636,0.9072,6,2,V,13
1129,V,P,-2.624,2.622,3,2,V,13
1129,V,Q,-1.623,0.693,2.5,2,V,13
1129,V,R,-3.415,1.394,1,2,V,13
1129,V,S,0.2876,0.7129,2.5,2,V,13
1129,V,T,-0.1891,0.4377,1,2,V,13
1129,V,V,0,0,,2,V,13
1129,V,W,-1.74,0.3613,2.5,2,V,13
1129,V,Y,-3.024,0.01131,5.5,2,V,13
1130,V,-,-1.677,,0.5,1,R,13
1130,V,A,-0.61,1.584,5,2,R,13
1130,V,C,0.08105,0.9308,5.5,2,R,13
1130,V,D,-2.74,0.3465,4.5,2,R,13
1130,V,E,-0.5862,0.8058,2.5,2,R,13
1130,V,F,-0.3494,0.2237,4,2,R,13
1130,V,G,-0.1352,0.5158,4.5,2,R,13
1130,V,H,-2.604,,2,1,R,13
1130,V,I,0.3767,0.4269,3,2,R,13
1130,V,K,-3.092,0.7043,3,2,R,13
1130,V,L,0.6334,0.1814,6.5,2,R,13
1130,V,M,-2.059,3.301,4,2,R,13
1130,V,N,-1.488,0.4731,3,2,R,13
1130,V,P,-2.808,0.009192,3,2,R,13
1130,V,Q,-1.821,0.4193,2.5,2,R,13
1130,V,R,-4.901,0.04738,4.5,2,R,13
1130,V,S,-0.09595,0.5174,4.5,2,R,13
1130,V,T,-0.9778,1.248,3,2,R,13
1130,V,V,0,0,,2,R,13
1130,V,W,-1.95,0.8846,7.5,2,R,13
1130,V,Y,-2.588,0.7163,4,2,R,13
1131,S,-,-2.203,,0.5,1,K,13
1131,S,A,0.32,0.5707,2,2,K,13
1131,S,C,-1.763,2.814,2,2,K,13
1131,S,D,-3.297,0.7467,3.5,2,K,13
1131,S,E,-4.209,0.1089,5.5,2,K,13
1131,S,F,0.1127,0.9219,8,2,K,13
1131,S,G,0.05245,0.5663,3,2,K,13
1131,S,H,-2.131,0.362,4,2,K,13
1131,S,I,-0.3556,0.2239,5,2,K,13
1131,S,K,-3.928,0.4759,4,2,K,13
1131,S,L,-2.991,0.9942,3.5,2,K,13
1131,S,M,-1.384,0.3649,4.5,2,K,13
1131,S,N,-2.37,0.1761,2.5,2,K,13
1131,S,P,-2.777,1.308,3,2,K,13
1131,S,Q,-2.976,,2,1,K,13
1131,S,R,-4.889,0.07425,4.5,2,K,13
1131,S,S,0,0,,2,K,13
1131,S,T,-0.34,1.375,2,2,K,13
1131,S,V,-0.04,0.2557,5,2,K,13
1131,S,W,-1.774,0.5466,3.5,2,K,13
1131,S,Y,-1.159,0.6878,7,2,K,13
1132,M,-,-2.036,,0.5,1,D,13
1132,M,A,-0.9786,0.166,1,2,D,13
1132,M,C,0.235,0.09291,2,2,D,13
1132,M,D,-4.879,0.1103,4.5,2,D,13
1132,M,E,-4.86,0.1047,3.5,2,D,13
1132,M,F,-0.03575,0.5737,7.5,2,D,13
1132,M,G,0.01625,0.8113,3.5,2,D,13
1132,M,H,-3.173,0.432,2.5,2,D,13
1132,M,I,0.1797,0.009687,18.5,2,D,13
1132,M,K,-4.756,0.04455,5.5,2,D,13
1132,M,L,0.415,,2.5,1,D,13
1132,M,M,0,0,,2,D,13
1132,M,N,-3.254,,0.5,1,D,13
1132,M,P,-2.022,0.7071,4,2,D,13
1132,M,Q,-2.894,0.6124,4,2,D,13
1132,M,R,-4.596,0.2956,4.5,2,D,13
1132,M,S,-0.5781,0.7975,3,2,D,13
1132,M,T,0.3864,0.2842,6.5,2,D,13
1132,M,V,0.4647,0.3224,6.5,2,D,13
1132,M,W,-1.142,0.6664,4,2,D,13
1132,M,Y,-0.7306,2.039,2.5,2,D,13
1133,L,*,-4.975,,0.5,1,G,13
1133,L,-,-0.894,,0.5,1,G,13
1133,L,A,-1.117,0.6253,1,2,G,13
1133,L,C,-1.182,2.437,3,2,G,13
1133,L,D,-4.883,0.0997,8,2,G,13
1133,L,E,-4.646,0.4391,2,2,G,13
1133,L,F,-0.0477,0.8514,7.5,2,G,13
1133,L,G,-0.8021,0.0746,9,2,G,13
1133,L,H,-2.776,0.5169,3,2,G,13
1133,L,I,0.2219,0.2045,5,2,G,13
1133,L,K,-3.901,1.347,4,2,G,13
1133,L,L,0,0,,2,G,13
1133,L,M,-1.4,1.986,3.5,2,G,13
1133,L,N,-1.64,0.1096,4,2,G,13
1133,L,P,-2.466,0.845,1,2,G,13
1133,L,Q,-0.4117,,1.5,1,G,13
1133,L,R,-4.838,0.09829,5,2,G,13
1133,L,S,-0.434,1.143,7,2,G,13
1133,L,T,-1.77,3.279,2,2,G,13
1133,L,V,0.4098,0.09065,4,2,G,13
1133,L,W,-0.8302,0.3462,3.5,2,G,13
1133,L,Y,-1.789,1.034,3,2,G,13
1134,L,-,-1.463,2.444,1,2,E,13
1134,L,A,0.4932,0.3202,1.5,2,E,13
1134,L,C,0.5397,0.09815,3,2,E,13
1134,L,D,-4.889,0.09051,4,2,E,13
1134,L,E,-3.896,0.9235,6,2,E,13
1134,L,F,0.2109,0.3523,4,2,E,13
1134,L,G,0.2424,,2.5,1,E,13
1134,L,H,-2.859,0.4434,1,2,E,13
1134,L,I,-0.2456,,1,1,E,13
1134,L,K,-3.934,1.416,4.5,2,E,13
1134,L,L,0,0,,2,E,13
1134,L,M,-0.0282,1.119,7.5,2,E,13
1134,L,N,-2.257,0.7432,2,2,E,13
1134,L,P,-2.816,2.828,3.5,2,E,13
1134,L,Q,-1.112,1.351,3.5,2,E,13
1134,L,R,-4.721,0.008485,3,2,E,13
1134,L,S,-1.977,1.789,4,2,E,13
1134,L,T,0.07105,0.473,3,2,E,13
1134,L,V,0.7978,0.05685,2,2,E,13
1134,L,W,-1.16,0.1732,3,2,E,13
1134,L,Y,-1.969,0.2652,1.5,2,E,13
1135,L,-,-0.6013,,0.5,1,W,13
1135,L,A,-0.2373,0.5082,3,2,W,13
1135,L,C,-0.3153,0.5962,4,2,W,13
1135,L,D,-4.876,0.07425,4,2,W,13
1135,L,E,-4.663,0.437,4.5,2,W,13
1135,L,F,-0.0768,0.2322,17,2,W,13
1135,L,G,-1.262,0.4533,2,2,W,13
1135,L,H,-3.26,1.396,2.5,2,W,13
1135,L,I,-0.5571,1.325,5.5,2,W,13
1135,L,K,-0.7957,0.2504,4.5,2,W,13
1135,L,L,0,0,,2,W,13
1135,L,M,-2.232,1.529,3,2,W,13
1135,L,N,-1.668,0.6569,2,2,W,13
1135,L,P,-2.965,1.86,3.5,2,W,13
1135,L,Q,-1.565,0.5416,5.5,2,W,13
1135,L,R,-1.115,0.05303,3,2,W,13
1135,L,S,-1.809,0.5388,2.5,2,W,13
1135,L,T,-1.183,0.3359,3,2,W,13
1135,L,V,-0.2883,1.231,6,2,W,13
1135,L,W,-0.4539,0.5491,7.5,2,W,13
1135,L,Y,-0.5307,0.4586,4.5,2,W,13
1136,C,*,-4.712,0.1153,2,2,V,13
1136,C,-,-2.166,,0.5,1,V,13
1136,C,A,-0.3003,0.4406,5.5,2,V,13
1136,C,C,0,0,,2,V,13
1136,C,D,-4.865,0.1124,4,2,V,13
1136,C,E,-4.504,0.2008,6,2,V,13
1136,C,F,-0.1682,0.5273,8,2,V,13
1136,C,G,-0.7087,0.115,4.5,2,V,13
1136,C,H,-2.742,0.8959,2,2,V,13
1136,C,I,-0.5938,0.09751,3.5,2,V,13
1136,C,K,-2.731,0.6187,3.5,2,V,13
1136,C,L,-0.3999,0.2883,1.5,2,V,13
1136,C,M,0.2608,0.3482,4.5,2,V,13
1136,C,N,-3.337,2.109,2.5,2,V,13
1136,C,P,-3.088,0.4278,4,2,V,13
1136,C,Q,-1.172,0.891,3,2,V,13
1136,C,R,-1.968,1.474,5.5,2,V,13
1136,C,S,-1.266,0.5107,7,2,V,13
1136,C,T,-0.4769,1.006,1,2,V,13
1136,C,V,0.0305,0.2929,3.5,2,V,13
1136,C,W,-0.1065,0.3604,2.5,2,V,13
1136,C,Y,-1.891,0.04525,10,2,V,13
1137,C,*,-4.072,,2,1,L,13
1137,C,-,-0.1843,,0.5,1,L,13
1137,C,A,0.6204,,1.5,1,L,13
1137,C,C,0,0,,2,L,13
1137,C,D,-4.867,0.01838,3,2,L,13
1137,C,E,-4.81,0.06435,3,2,L,13
1137,C,F,0.08163,0.06076,8.5,2,L,13
1137,C,G,-1.044,1.509,2.5,2,L,13
1137,C,H,-4.161,,2.5,1,L,13
1137,C,I,-0.4909,0.1463,5,2,L,13
1137,C,K,-4.825,0.1068,3,2,L,13
1137,C,L,-0.42,0.2872,5.5,2,L,13
1137,C,M,-0.0188,0.6643,5.5,2,L,13
1137,C,N,-4.01,0.1245,3.5,2,L,13
1137,C,P,-3.963,0.9199,4,2,L,13
1137,C,Q,-4.011,0.7969,2.5,2,L,13
1137,C,R,-3.845,1.522,1.5,2,L,13
1137,C,S,-0.8255,0.2595,4,2,L,13
1137,C,T,-0.8764,0.5708,4,2,L,13
1137,C,V,-0.2273,0.2499,3.5,2,L,13
1137,C,W,-0.5467,1.491,3.5,2,L,13
1137,C,Y,-1.751,0.3635,23.5,2,L,13
1138,C,*,-1.567,,1,1,L,13
1138,C,-,0.00025,1.049,1.5,2,L,13
1138,C,A,0.6361,0.02694,1.5,2,L,13
1138,C,C,0,0,,2,L,13
1138,C,D,-4.165,0.1018,4.5,2,L,13
1138,C,E,-3.942,0.1457,6,2,L,13
1138,C,F,-1.641,2.808,11.5,2,L,13
1138,C,G,-0.05105,0.4448,4,2,L,13
1138,C,H,-1.826,0.4441,3.5,2,L,13
1138,C,I,-1.43,2.156,2.5,2,L,13
1138,C,K,-3.204,0.5013,4.5,2,L,13
1138,C,L,0.1546,0.7825,4,2,L,13
1138,C,M,-1.581,2.038,3,2,L,13
1138,C,N,-1.126,0.277,6,2,L,13
1138,C,P,-0.5505,0.7771,1,2,L,13
1138,C,Q,-1.029,,1.5,1,L,13
1138,C,R,-2.503,0.3352,3,2,L,13
1138,C,S,0.1603,0.2109,3.5,2,L,13
1138,C,T,0.1602,0.4034,2,2,L,13
1138,C,V,0.7487,0.1275,2.5,2,L,13
1138,C,W,-3.506,0.1612,3,2,L,13
1138,C,Y,-1.903,0.1075,11,2,L,13
1139,S,-,0.4824,0.08867,1,2,S,13
1139,S,A,0.3125,,1,1,S,13
1139,S,C,0.6433,0.04426,4,2,S,13
1139,S,D,-3.592,0.222,4,2,S,13
1139,S,E,-3.209,0.4879,4,2,S,13
1139,S,F,0.3248,0.4868,16.5,2,S,13
1139,S,G,0.4637,0.3147,2,2,S,13
1139,S,H,-0.5519,0.3088,4.5,2,S,13
1139,S,I,-0.5037,0.3181,2.5,2,S,13
1139,S,K,-1.801,0.9489,5,2,S,13
1139,S,L,0.7389,0.0968,5,2,S,13
1139,S,M,0.3728,0.6186,3,2,S,13
1139,S,N,-0.8213,0.3419,1.5,2,S,13
1139,S,P,-2.118,0.9907,4,2,S,13
1139,S,Q,-1.437,0.9902,5,2,S,13
1139,S,R,-1.217,0.5718,5,2,S,13
1139,S,S,0,0,,2,S,13
1139,S,T,-0.02478,,3.5,1,S,13
1139,S,V,0.5248,0.4438,4.5,2,S,13
1139,S,W,-0.5577,0.8828,6.5,2,S,13
1139,S,Y,-0.2369,0.0008485,10.5,2,S,13
1140,T,-,-0.01505,0.8278,1.5,2,T,13
1140,T,A,-2.554,0.4554,2.5,2,T,13
1140,T,C,-2.95,0.1174,2.5,2,T,13
1140,T,D,-2.32,0.3309,3,2,T,13
1140,T,E,-2.933,0.7814,6,2,T,13
1140,T,F,-2.35,0.56,8.5,2,T,13
1140,T,G,-2.855,,0.5,1,T,13
1140,T,H,-1.337,0.2114,3.5,2,T,13
1140,T,I,-3.066,0.9065,11.5,2,T,13
1140,T,K,-2.86,1.236,4.5,2,T,13
1140,T,L,-1.571,0.5261,3,2,T,13
1140,T,M,-1.764,0.5579,2.5,2,T,13
1140,T,N,-1.117,0.4064,5.5,2,T,13
1140,T,P,-1.525,1.082,3.5,2,T,13
1140,T,Q,-2.226,1.681,2,2,T,13
1140,T,R,-1.019,1.724,2.5,2,T,13
1140,T,S,-0.741,0.7156,4,2,T,13
1140,T,T,0,0,,2,T,13
1140,T,V,-1.182,1.155,2,2,T,13
1140,T,W,-1.55,0.3161,7,2,T,13
1140,T,Y,-1.447,0.9153,6.5,2,T,13