site,wildtype,mutant,effect,effect_std,times_seen_x,n_selections,referance_aa,region,epitope,mutation,APN binding_mean,APN binding_median,APN binding_std,n_models,times_seen_y,frac_models,FS_A-human-APN,FS_A-human-APN_no_2IC99,FS_A-human-APN_no_IC50,FS_A-human-APN_no_IC80
18,T,-,0.00045,0.0268,1.0,2,T,1,1,T18-,-0.4416,-0.4146,0.2486,4,3,1,-0.592,-0.713,-0.2372,-0.2241
18,T,I,-0.004045,0.06574,2.0,2,T,1,1,T18I,0.4263,0.3947,0.2556,4,4,1,0.5156,0.1726,0.7431,0.2739
18,T,N,0.1484,0.0285,1.5,2,T,1,1,T18N,1.111,1.21,0.2594,4,1,1,1.174,1.296,0.7293,1.245
18,T,S,0.17,,0.5,1,T,1,1,T18S,0.5287,0.5312,0.0557,4,1,1,0.5326,0.5299,0.5943,0.4581
19,T,-,0.09746,0.06681,2.0,2,T,1,1,T19-,-0.04547,-0.0519,0.0215,4,5,1,-0.06276,-0.05884,-0.01533,-0.04496
19,T,A,-0.3592,0.4953,5.0,2,T,1,1,T19A,0.0235,0.02082,0.02678,4,6,1,0.01804,-0.006274,0.02361,0.05864
19,T,C,-0.006325,0.1224,4.0,2,T,1,1,T19C,1.06,1.087,0.5328,4,6,1,0.9779,1.196,1.676,0.3913
19,T,D,0.03476,0.02222,8.5,2,T,1,1,T19D,-0.2092,-0.217,0.0237,4,7,1,-0.2091,-0.1757,-0.2271,-0.2249
19,T,E,-0.9345,1.033,6.5,2,T,1,1,T19E,-0.6008,-0.61,0.05017,4,5,1,-0.6152,-0.6514,-0.6048,-0.5317
19,T,F,-0.2275,0.5014,7.0,2,T,1,1,T19F,0.2381,0.2331,0.04324,4,4,1,0.1921,0.2454,0.2208,0.2941
19,T,G,-0.8354,0.3403,6.0,2,T,1,1,T19G,-0.3269,-0.3177,0.08405,4,9,1,-0.3103,-0.4378,-0.3252,-0.2341
19,T,H,0.04047,0.0127,3.0,2,T,1,1,T19H,0.173,0.1765,0.02524,4,4,1,0.1696,0.1992,0.1398,0.1835
19,T,I,-0.006307,0.00295,4.0,2,T,1,1,T19I,0.2018,0.2215,0.06253,4,4,1,0.2518,0.2364,0.1123,0.2066
19,T,K,-0.05766,0.1832,4.5,2,T,1,1,T19K,0.1006,0.1036,0.04879,4,4,1,0.09134,0.1558,0.1159,0.03921
19,T,L,-1.858,1.702,4.0,2,T,1,1,T19L,0.8805,0.9245,0.3623,4,2,1,1.161,1.206,0.6876,0.4664
19,T,M,-0.4742,0.4521,9.0,2,T,1,1,T19M,0.1503,0.155,0.03536,4,6,1,0.17,0.1055,0.1856,0.14
19,T,N,0.00405,0.1623,2.5,2,T,1,1,T19N,-0.1115,-0.1055,0.04814,4,2,1,-0.09819,-0.0597,-0.1127,-0.1755
19,T,P,0.06035,0.1374,6.5,2,T,1,1,T19P,0.09105,0.1021,0.05029,4,8,1,0.08193,0.1223,0.136,0.02395
19,T,Q,0.08429,0.07893,4.0,2,T,1,1,T19Q,0.3351,0.3436,0.02344,4,4,1,0.3384,0.3521,0.3489,0.3011
19,T,R,-0.05415,0.271,2.0,2,T,1,1,T19R,-1.094,-1.167,0.5114,4,1,1,-1.266,-1.63,-1.069,-0.4109
19,T,S,0.1339,0.03818,7.5,2,T,1,1,T19S,0.2485,0.2789,0.1096,4,7,1,0.2518,0.3061,0.09388,0.3424
19,T,V,-0.2092,0.4474,4.5,2,T,1,1,T19V,0.1577,0.1736,0.06784,4,2,1,0.162,0.221,0.1853,0.06269
19,T,W,0.1004,0.08801,6.5,2,T,1,1,T19W,0.4845,0.4314,0.2001,4,5,1,0.4557,0.7697,0.3056,0.4071
19,T,Y,-0.09088,0.2027,3.0,2,T,1,1,T19Y,0.2529,0.2686,0.06862,4,4,1,0.2647,0.3181,0.2725,0.1562
20,N,*,-4.756,0.1923,7.5,2,N,1,1,N20*,-0.4557,-0.4722,0.1356,4,6,1,-0.5195,-0.2818,-0.4249,-0.5967
20,N,-,0.1145,0.02473,2.5,2,N,1,1,N20-,-0.02697,-0.03079,0.01448,4,4,1,-0.02336,-0.03831,-0.007976,-0.03822
20,N,A,-0.4468,0.6799,1.5,2,N,1,1,N20A,-0.1134,-0.1134,0.05357,4,2,1,-0.1265,-0.1777,-0.1003,-0.04915
20,N,C,-0.8613,1.121,4.0,2,N,1,1,N20C,2.866,2.751,0.7206,4,4,1,2.405,3.098,3.775,2.185
20,N,D,-0.2913,0.2708,3.5,2,N,1,1,N20D,-0.01316,0.009627,0.05356,4,5,1,0.007872,0.01138,0.02117,-0.09305
20,N,E,0.153,0.02744,3.0,2,N,1,1,N20E,0.2922,0.2822,0.05435,4,2,1,0.2949,0.2696,0.2383,0.3659
20,N,F,-0.1164,0.1019,5.5,2,N,1,1,N20F,-0.1805,-0.1598,0.07746,4,6,1,-0.1743,-0.2903,-0.1122,-0.1452
20,N,G,0.1079,0.05117,6.0,2,N,1,1,N20G,0.3787,0.4015,0.08536,4,5,1,0.3741,0.4515,0.2603,0.429
20,N,H,-0.2614,0.06053,3.5,2,N,1,1,N20H,-0.1638,-0.1341,0.08497,4,2,1,-0.1052,-0.1631,-0.1028,-0.2842
20,N,I,0.09507,,2.0,1,N,1,1,N20I,0.6104,0.6522,0.1786,4,4,1,0.6152,0.7758,0.6892,0.3613
20,N,K,-0.1301,0.3311,5.0,2,N,1,1,N20K,0.03446,0.0262,0.02977,4,5,1,0.00921,0.07622,0.03457,0.01784
20,N,L,-0.8008,1.321,6.0,2,N,1,1,N20L,-0.03365,-0.03774,0.03018,4,4,1,-0.06096,-0.05635,-0.01913,0.001863
20,N,M,0.107,0.0212,3.5,2,N,1,1,N20M,0.04732,0.05609,0.02147,4,2,1,0.05157,0.0613,0.06061,0.01581
20,N,P,-0.8635,0.2482,5.0,2,N,1,1,N20P,0.2781,0.282,0.1494,4,5,1,0.2575,0.4555,0.3065,0.09298
20,N,R,-0.1635,0.3919,3.5,2,N,1,1,N20R,0.4324,0.4491,0.0523,4,4,1,0.4435,0.4749,0.4547,0.3564
20,N,S,0.1099,0.03102,6.5,2,N,1,1,N20S,0.1406,0.1206,0.06908,4,5,1,0.1102,0.08145,0.1311,0.2396
20,N,T,-0.09738,0.1463,8.0,2,N,1,1,N20T,0.08432,0.08781,0.03161,4,9,1,0.1108,0.06484,0.05006,0.1116
20,N,V,-0.4094,0.3289,4.0,2,N,1,1,N20V,-0.02056,-0.05845,0.1283,4,5,1,-0.02914,0.1621,-0.08775,-0.1275
20,N,W,-0.7222,0.9133,3.0,2,N,1,1,N20W,0.1531,0.1464,0.05847,4,5,1,0.1391,0.2304,0.1537,0.08917
20,N,Y,0.07326,0.01303,7.0,2,N,1,1,N20Y,0.3229,0.3385,0.06382,4,6,1,0.3297,0.3818,0.3472,0.2328
21,G,-,0.02863,0.1137,2.0,2,G,1,1,G21-,0.09488,0.06497,0.07157,4,2,1,0.0549,0.04866,0.2009,0.07505
21,G,A,-0.333,0.4278,2.5,2,G,1,1,G21A,0.246,0.1999,0.1863,4,3,1,0.2762,0.4971,0.1236,0.08715
21,G,C,0.1024,0.05374,11.5,2,G,1,1,G21C,2.105,2.176,0.266,4,17,1,2.094,2.334,2.258,1.736
21,G,D,0.1557,0.02397,4.0,2,G,1,1,G21D,0.7049,0.6783,0.1279,4,4,1,0.7129,0.8795,0.6437,0.5834
21,G,E,0.1512,0.03062,4.0,2,G,1,1,G21E,0.2845,0.2858,0.04394,4,6,1,0.301,0.2706,0.3349,0.2317
21,G,H,0.07994,0.08367,4.5,2,G,1,1,G21H,0.6263,0.6488,0.1103,4,5,1,0.5942,0.7033,0.4845,0.7232
21,G,I,-0.1102,0.392,2.5,2,G,1,1,G21I,0.697,0.7086,0.03331,4,2,1,0.7178,0.7217,0.6993,0.6493
21,G,K,0.1542,0.02355,2.5,2,G,1,1,G21K,0.03306,0.03652,0.0198,4,2,1,0.02918,0.007015,0.04386,0.0522
21,G,L,0.1421,0.04384,4.5,2,G,1,1,G21L,0.4582,0.4794,0.07793,4,3,1,0.457,0.5017,0.5249,0.3492
21,G,M,0.1097,0.05093,3.5,2,G,1,1,G21M,0.3777,0.3801,0.0674,4,5,1,0.3852,0.4576,0.375,0.293
21,G,N,0.1105,0.08861,2.0,2,G,1,1,G21N,0.715,0.6788,0.147,4,2,1,0.7115,0.9208,0.646,0.5818
21,G,P,-0.00765,0.1983,5.0,2,G,1,1,G21P,-0.02481,0.01453,0.1677,4,5,1,0.1336,0.01571,-0.2619,0.01336
21,G,Q,0.1475,0.03578,4.0,2,G,1,1,G21Q,0.1447,0.1379,0.07302,4,4,1,0.1468,0.2399,0.129,0.06295
21,G,R,0.06266,0.1266,1.5,2,G,1,1,G21R,0.2462,0.2377,0.2062,4,2,1,0.26,0.506,0.2154,0.003449
21,G,S,-0.6832,0.8723,6.5,2,G,1,1,G21S,-0.3928,-0.3929,0.1183,4,4,1,-0.3875,-0.3983,-0.5375,-0.248
21,G,T,0.08391,0.05146,3.5,2,G,1,1,G21T,0.3843,0.3833,0.02037,4,2,1,0.3609,0.379,0.3876,0.4099
21,G,V,0.1412,0.005515,4.5,2,G,1,1,G21V,-0.08069,-0.08254,0.01717,4,3,1,-0.09904,-0.05865,-0.0878,-0.07729
21,G,W,0.08128,0.05901,6.0,2,G,1,1,G21W,-0.1504,-0.151,0.06981,4,10,1,-0.174,-0.06754,-0.1279,-0.2322
21,G,Y,0.04218,0.1371,1.5,2,G,1,1,G21Y,-0.003465,-0.003487,0.001891,4,1,1,-0.004242,-0.002733,-0.001253,-0.005633
22,L,*,-4.87,0.09687,2.5,2,L,1,1,L22*,0.693,0.6029,0.5198,4,2,1,0.7904,1.378,0.4153,0.1884
22,L,-,0.08102,0.07281,2.0,2,L,1,1,L22-,0.0951,0.06546,0.07155,4,2,1,0.05489,0.04853,0.201,0.07602
22,L,A,0.1561,0.02319,3.5,2,L,1,1,L22A,0.4796,0.4832,0.05858,4,3,1,0.5399,0.5155,0.451,0.4122
22,L,E,-1.135,0.7734,3.0,2,L,1,1,L22E,0.2478,0.2985,0.1301,4,5,1,0.3267,0.3365,0.2703,0.05766
22,L,G,-2.267,3.45,3.5,2,L,1,1,L22G,0.2254,0.226,0.07264,4,3,1,0.1903,0.1433,0.2616,0.3063
22,L,H,0.1381,0.0333,2.5,2,L,1,1,L22H,0.4476,0.4508,0.05931,4,3,1,0.468,0.3739,0.5147,0.4336
22,L,I,0.1516,0.02546,2.5,2,L,1,1,L22I,0.4777,0.49,0.1515,4,3,1,0.4769,0.5031,0.6498,0.2811
22,L,K,0.156,0.02468,2.5,2,L,1,1,L22K,0.8181,0.8389,0.101,4,3,1,0.7919,0.8859,0.6866,0.9078
22,L,M,0.0727,0.0007142,7.5,2,L,1,1,L22M,-0.0516,-0.04208,0.04296,4,7,1,-0.05355,-0.1107,-0.01156,-0.03061
22,L,N,0.1555,0.02171,1.5,2,L,1,1,L22N,-0.01129,-0.01188,0.02721,4,1,1,-0.02131,0.02126,-0.002456,-0.04265
22,L,P,0.05229,0.1042,6.0,2,L,1,1,L22P,0.212,0.2081,0.02605,4,8,1,0.1941,0.2441,0.2221,0.1878
22,L,Q,-0.3468,,1.0,1,L,1,1,L22Q,0.07506,0.04987,0.06415,4,2,1,0.04781,0.1703,0.05193,0.03027
22,L,R,0.1535,0.02213,5.0,2,L,1,1,L22R,0.1415,0.1455,0.09242,4,5,1,0.1392,0.1517,0.2504,0.0246
22,L,S,0.07658,0.08714,3.0,2,L,1,1,L22S,-0.2318,-0.2345,0.0441,4,3,1,-0.2592,-0.277,-0.2098,-0.1812
22,L,T,0.1335,0.05151,1.5,2,L,1,1,L22T,0.6251,0.6508,0.1221,4,1,1,0.6618,0.7442,0.6398,0.4548
22,L,V,0.1547,0.021,4.5,2,L,1,1,L22V,0.2997,0.2749,0.06951,4,5,1,0.2949,0.3995,0.2497,0.2548
22,L,W,-0.1919,0.4418,1.0,2,L,1,1,L22W,0.2483,0.274,0.2032,4,1,1,0.2641,0.2839,-0.0234,0.4686
22,L,Y,0.1564,0.02404,3.0,2,L,1,1,L22Y,0.5244,0.5219,0.1238,4,4,1,0.5335,0.5103,0.678,0.3757
23,N,-,-0.5737,0.8646,2.5,2,N,1,1,N23-,0.09509,0.06535,0.07172,4,2,1,0.05489,0.04845,0.2012,0.0758
23,N,A,-0.06036,0.114,2.0,2,N,1,1,N23A,0.03758,0.03109,0.02617,4,2,1,0.02518,0.07421,0.01395,0.03699
23,N,C,-0.1002,0.2687,2.5,2,N,1,1,N23C,1.808,1.843,0.3682,4,3,1,2.03,2.18,1.657,1.365
23,N,D,-0.6946,0.9142,1.5,2,N,1,1,N23D,-0.2,-0.1999,0.08293,4,1,1,-0.3012,-0.0991,-0.2101,-0.1897
23,N,E,0.1487,0.01704,3.5,2,N,1,1,N23E,0.4083,0.418,0.05981,4,5,1,0.4084,0.4699,0.4275,0.3273
23,N,F,-0.3406,0.1882,3.0,2,N,1,1,N23F,0.02305,0.0002359,0.06137,4,2,1,-0.004241,-0.02187,0.004713,0.1136
23,N,G,-0.3185,0.6165,3.0,2,N,1,1,N23G,0.3855,0.3804,0.08601,4,3,1,0.3554,0.4927,0.2885,0.4053
23,N,H,0.1014,0.0475,2.5,2,N,1,1,N23H,0.0513,0.03748,0.03464,4,2,1,0.04092,0.03405,0.1026,0.02761
23,N,I,-0.9451,0.6532,2.0,2,N,1,1,N23I,0.007158,0.009241,0.0418,4,3,1,0.01223,0.05609,0.006256,-0.04594
23,N,K,0.04062,,2.0,1,N,1,1,N23K,0.2346,0.2407,0.06844,4,5,1,0.1572,0.2997,0.2839,0.1974
23,N,L,-0.7953,0.636,5.5,2,N,1,1,N23L,0.1039,0.1114,0.07196,4,7,1,0.1092,0.1137,0.1838,0.008885
23,N,M,-1.498,1.072,5.0,2,N,1,1,N23M,0.05314,0.05459,0.03895,4,7,1,0.04757,0.09883,0.06161,0.004542
23,N,P,0.00285,0.1839,3.0,2,N,1,1,N23P,0.2848,0.2823,0.06371,4,3,1,0.3149,0.3581,0.2497,0.2165
23,N,Q,0.1264,0.05832,2.5,2,N,1,1,N23Q,0.009603,0.02392,0.04323,4,3,1,0.01718,-0.05317,0.04374,0.03065
23,N,R,-0.1671,0.443,3.5,2,N,1,1,N23R,0.3746,0.3847,0.06686,4,4,1,0.3555,0.4139,0.4395,0.2893
23,N,S,0.1516,0.01648,3.0,2,N,1,1,N23S,-0.1177,-0.1081,0.03285,4,6,1,-0.1178,-0.1639,-0.09839,-0.09062
23,N,T,-0.4927,0.6707,4.0,2,N,1,1,N23T,0.02665,0.02091,0.01845,4,4,1,0.0265,0.01205,0.05272,0.01532
23,N,V,-0.3537,0.436,5.5,2,N,1,1,N23V,-0.4162,-0.4095,0.05566,4,6,1,-0.4349,-0.4855,-0.3841,-0.3604
23,N,W,0.00955,0.159,2.5,2,N,1,1,N23W,0.1415,0.1427,0.01907,4,3,1,0.1189,0.1519,0.1335,0.1617
23,N,Y,-0.1934,0.2393,6.0,2,N,1,1,N23Y,0.04361,0.01967,0.08125,4,5,1,0.01442,0.161,0.02492,-0.02588
24,T,*,-4.845,0.2242,4.5,2,T,1,1,T24*,0.2443,0.2803,0.1832,4,2,1,0.2132,0.4161,0.3474,0.0002731
24,T,-,-0.4639,0.0391,3.0,2,T,1,1,T24-,0.2048,0.2316,0.1326,4,2,1,0.3053,0.03842,0.3176,0.1579
24,T,A,0.08285,0.03458,11.0,2,T,1,1,T24A,0.268,0.2641,0.03545,4,18,1,0.2774,0.3129,0.231,0.2507
24,T,C,-2.389,3.172,6.0,2,T,1,1,T24C,1.552,1.683,0.4025,4,6,1,1.69,1.877,1.677,0.9642
24,T,D,-0.3796,0.1289,7.5,2,T,1,1,T24D,0.2899,0.2892,0.05991,4,10,1,0.3201,0.3572,0.2583,0.2241
24,T,E,0.1516,0.01902,2.5,2,T,1,1,T24E,-0.2216,-0.211,0.07045,4,2,1,-0.2266,-0.3158,-0.1487,-0.1954
24,T,F,0.04108,0.08361,3.0,2,T,1,1,T24F,-0.06232,-0.06024,0.008258,4,5,1,-0.05567,-0.05608,-0.06439,-0.07314
24,T,G,0.1006,0.05323,3.5,2,T,1,1,T24G,0.2237,0.2195,0.02738,4,4,1,0.2163,0.2607,0.2226,0.195
24,T,H,-0.4142,0.1433,3.5,2,T,1,1,T24H,0.06761,0.05779,0.0332,4,4,1,0.04253,0.1125,0.07305,0.04241
24,T,I,-0.7676,0.6143,8.5,2,T,1,1,T24I,-0.07574,-0.08758,0.03925,4,10,1,-0.1024,-0.02134,-0.07276,-0.1064
24,T,K,-0.3081,0.6272,9.0,2,T,1,1,T24K,0.1888,0.1967,0.05402,4,12,1,0.1764,0.2427,0.2171,0.1189
24,T,L,0.05228,0.1042,2.0,2,T,1,1,T24L,0.3608,0.4311,0.1543,4,4,1,0.4206,0.4509,0.4416,0.1302
24,T,M,-0.4206,0.13,6.0,2,T,1,1,T24M,-0.1319,-0.1306,0.04444,4,6,1,-0.1055,-0.1815,-0.1556,-0.08492
24,T,N,-0.6824,0.7207,4.0,2,T,1,1,T24N,-0.4548,-0.4629,0.1405,4,5,1,-0.2791,-0.4257,-0.6143,-0.5
24,T,P,-0.4824,0.3773,5.0,2,T,1,1,T24P,0.1374,0.1376,0.07447,4,5,1,0.2101,0.1923,0.06414,0.08297
24,T,Q,-0.4468,0.4731,4.0,2,T,1,1,T24Q,0.1607,0.1707,0.02191,4,5,1,0.1735,0.1279,0.1708,0.1706
24,T,R,0.03869,0.1025,4.0,2,T,1,1,T24R,-0.3733,-0.3447,0.1625,4,5,1,-0.3364,-0.5966,-0.353,-0.2073
24,T,S,-0.2791,0.473,6.0,2,T,1,1,T24S,0.5527,0.6027,0.1313,4,5,1,0.5704,0.6434,0.6351,0.3619
24,T,V,-0.3691,0.3268,3.0,2,T,1,1,T24V,0.2615,0.1905,0.1621,4,1,1,0.1902,0.1908,0.1613,0.5038
24,T,W,-0.1051,0.3282,3.0,2,T,1,1,T24W,0.473,0.4826,0.07252,4,4,1,0.4738,0.4915,0.5507,0.376
24,T,Y,-0.6853,0.9754,5.0,2,T,1,1,T24Y,0.6634,0.7484,0.1954,4,4,1,0.7403,0.785,0.7566,0.3716
25,S,-,-0.3237,0.3764,3.0,2,S,1,1,S25-,0.2047,0.2307,0.1326,4,2,1,0.3036,0.03842,0.3191,0.1578
25,S,A,-0.5497,0.3272,5.0,2,S,1,1,S25A,-0.003521,0.01216,0.03895,4,7,1,0.004891,-0.06081,0.0224,0.01944
25,S,C,-1.124,0.1032,2.0,2,S,1,1,S25C,1.679,1.834,0.4077,4,3,1,1.973,1.867,1.8,1.077
25,S,D,0.1207,0.06855,5.0,2,S,1,1,S25D,-0.06339,-0.06343,0.04182,4,2,1,-0.07922,-0.1121,-0.04764,-0.01463
25,S,E,0.09985,0.09469,4.0,2,S,1,1,S25E,0.4559,0.4409,0.05452,4,3,1,0.4665,0.5288,0.413,0.4153
25,S,F,-0.4251,0.7518,7.0,2,S,1,1,S25F,0.927,0.9092,0.1529,4,8,1,0.9443,0.874,1.127,0.7626
25,S,G,-0.3021,0.06718,7.0,2,S,1,1,S25G,0.8998,0.9054,0.05771,4,4,1,0.9472,0.9508,0.8379,0.8635
25,S,H,-0.1023,,1.5,1,S,1,1,S25H,0.2742,0.265,0.1076,4,3,1,0.2495,0.4137,0.2804,0.1531
25,S,I,-0.04354,0.06588,6.0,2,S,1,1,S25I,0.05522,0.06392,0.06576,4,8,1,0.02959,-0.02528,0.09826,0.1183
25,S,K,-0.2873,0.3881,4.0,2,S,1,1,S25K,-0.2369,-0.2499,0.07279,4,3,1,-0.3101,-0.2634,-0.2365,-0.1377
25,S,L,-0.08075,0.2818,2.0,2,S,1,1,S25L,0.04524,0.05328,0.04236,4,2,1,0.0581,0.08759,0.04846,-0.01319
25,S,M,0.1409,0.01605,4.0,2,S,1,1,S25M,0.4319,0.4334,0.04783,4,4,1,0.4159,0.4509,0.3746,0.4864
25,S,N,-0.0298,0.006406,5.0,2,S,1,1,S25N,0.2954,0.3125,0.04417,4,6,1,0.3093,0.23,0.3157,0.3267
25,S,P,-0.1087,0.3815,3.0,2,S,1,1,S25P,0.3253,0.348,0.1199,4,1,1,0.3755,0.4432,0.3205,0.162
25,S,Q,0.05606,0.03859,2.0,2,S,1,1,S25Q,-0.1544,-0.1086,0.1882,4,2,1,-0.1289,-0.4206,0.02001,-0.08824
25,S,R,-0.1837,0.2743,10.0,2,S,1,1,S25R,0.7765,0.7546,0.1233,4,13,1,0.8257,0.928,0.6689,0.6836
25,S,T,0.1243,0.06868,4.0,2,S,1,1,S25T,0.3482,0.3439,0.01785,4,4,1,0.3386,0.3492,0.3321,0.3728
25,S,V,-1.464,1.592,4.5,2,S,1,1,S25V,0.01383,0.005925,0.03915,4,3,1,0.02464,0.06445,-0.01279,-0.02097
25,S,W,0.00535,0.1603,2.5,2,S,1,1,S25W,-0.3667,-0.3675,0.02907,4,2,1,-0.3661,-0.3303,-0.4014,-0.3689
25,S,Y,-1.6,1.096,2.0,2,S,1,1,S25Y,0.547,0.5543,0.1101,4,1,1,0.5377,0.6731,0.571,0.4063
26,H,*,-4.973,0.009192,6.5,2,Y,1,1,H26*,1.614,1.708,0.6858,4,8,1,1.644,1.772,2.347,0.6936
26,H,-,-0.1808,0.1266,3.0,2,Y,1,1,H26-,0.2099,0.2382,0.1379,4,2,1,0.3183,0.03842,0.3249,0.1581
26,H,A,-0.2572,0.1448,7.0,2,Y,1,1,H26A,-0.3313,-0.336,0.03768,4,9,1,-0.3464,-0.2821,-0.3255,-0.371
26,H,C,0.1401,,2.0,1,Y,1,1,H26C,1.299,1.216,0.8078,4,1,1,1.591,2.29,0.8418,0.4739
26,H,D,0.1493,0.02998,3.5,2,Y,1,1,H26D,0.003634,0.001915,0.03351,4,3,1,-0.02009,-0.0292,0.0399,0.02392
26,H,E,0.1119,0.01806,3.5,2,Y,1,1,H26E,0.06424,0.08048,0.0631,4,4,1,0.05057,0.1154,0.1104,-0.01946
26,H,F,-0.3143,0.1798,2.0,2,Y,1,1,H26F,-0.01761,-0.02116,0.02248,4,1,1,0.01257,-0.04069,-0.02599,-0.01633
26,H,G,-0.2046,0.4173,3.5,2,Y,1,1,H26G,-0.01306,-0.01681,0.03571,4,4,1,0.02784,0.005643,-0.04647,-0.03925
26,H,I,0.0134,0.1744,3.0,2,Y,1,1,H26I,0.0525,0.06982,0.1091,4,1,1,0.1344,0.1496,0.005204,-0.07918
26,H,K,0.05014,0.0954,5.5,2,Y,1,1,H26K,-0.01342,-0.003486,0.03518,4,7,1,-0.01001,0.003044,0.01686,-0.06355
26,H,L,-1.571,0.6166,5.5,2,Y,1,1,H26L,-0.1017,-0.1513,0.1071,4,7,1,-0.1628,0.05845,-0.1443,-0.1583
26,H,M,-1.811,2.801,5.0,2,Y,1,1,H26M,-0.04383,-0.04654,0.008806,4,7,1,-0.04715,-0.05119,-0.03106,-0.04593
26,H,N,0.1225,0.07215,6.0,2,Y,1,1,H26N,0.08224,0.09193,0.038,4,9,1,0.1124,0.1116,0.07221,0.03269
26,H,P,0.04072,0.1364,3.0,2,Y,1,1,H26P,-0.06218,-0.07058,0.03461,4,3,1,-0.09448,-0.06965,-0.07151,-0.0131
26,H,Q,-0.1048,0.02222,5.5,2,Y,1,1,H26Q,0.1231,0.125,0.02328,4,6,1,0.1448,0.1407,0.1093,0.09755
26,H,R,-0.2892,0.497,6.5,2,Y,1,1,H26R,0.3884,0.3698,0.1126,4,9,1,0.3608,0.542,0.3787,0.2719
26,H,S,-0.351,0.7426,7.0,2,Y,1,1,H26S,0.1775,0.1827,0.03886,4,8,1,0.1683,0.1275,0.1972,0.217
26,H,T,-0.08113,0.2507,1.5,2,Y,1,1,H26T,-0.01944,-0.02156,0.005197,4,1,1,-0.02293,-0.02148,-0.02164,-0.0117
26,H,V,-0.5139,0.7186,4.5,2,Y,1,1,H26V,0.2702,0.2288,0.1972,4,3,1,0.2348,0.5459,0.2228,0.07731
26,H,W,-0.2625,0.4119,6.5,2,Y,1,1,H26W,-0.271,-0.2838,0.07709,4,6,1,-0.2694,-0.3498,-0.2981,-0.1667
26,H,Y,0.1257,0.01209,4.0,2,Y,1,1,H26Y,0.312,0.3162,0.026,4,4,1,0.33,0.2798,0.3359,0.3023
27,S,-,-0.1042,0.1106,2.0,2,S,1,1,S27-,0.01171,-0.0002518,0.03597,4,1,1,-0.004609,0.06411,-0.01676,0.004106
27,S,A,-0.2586,,1.5,1,S,1,1,S27A,0.2384,0.2423,0.05328,4,3,1,0.2692,0.1752,0.2936,0.2154
27,S,C,-0.0409,0.2203,4.5,2,S,1,1,S27C,1.493,1.554,0.3856,4,6,1,1.47,1.639,1.887,0.9746
27,S,D,-0.3875,0.7033,4.5,2,S,1,1,S27D,0.1695,0.1398,0.09635,4,2,1,0.1728,0.1067,0.09402,0.3044
27,S,E,0.09565,0.01873,5.0,2,S,1,1,S27E,-0.172,-0.1541,0.07694,4,8,1,-0.1758,-0.278,-0.1324,-0.1017
27,S,F,-0.01672,0.1004,5.5,2,S,1,1,S27F,0.05628,0.03749,0.05833,4,6,1,0.04351,0.1411,0.009027,0.03148
27,S,G,-0.5243,0.7576,7.0,2,S,1,1,S27G,-0.2362,-0.2405,0.04218,4,5,1,-0.2731,-0.1909,-0.2712,-0.2097
27,S,I,0.1152,0.02697,8.0,2,S,1,1,S27I,-0.1257,-0.1114,0.04289,4,10,1,-0.0999,-0.09285,-0.1871,-0.1229
27,S,K,0.08866,0.1156,3.0,2,S,1,1,S27K,0.315,0.3223,0.148,4,4,1,0.2502,0.3944,0.1417,0.4736
27,S,L,0.1555,0.0215,4.0,2,S,1,1,S27L,0.198,0.1876,0.03615,4,4,1,0.1933,0.182,0.2498,0.167
27,S,N,0.05983,0.0667,7.5,2,S,1,1,S27N,0.251,0.2357,0.03632,4,9,1,0.2335,0.2379,0.3051,0.2273
27,S,P,0.04922,0.166,5.5,2,S,1,1,S27P,0.5808,0.5774,0.05496,4,6,1,0.6068,0.6446,0.5479,0.5239
27,S,Q,-0.2533,0.3845,3.5,2,S,1,1,S27Q,0.3755,0.4036,0.1261,4,4,1,0.3759,0.4941,0.4313,0.2008
27,S,R,-0.1226,0.1223,7.0,2,S,1,1,S27R,0.3985,0.4059,0.06756,4,11,1,0.4056,0.4732,0.4063,0.3091
27,S,T,0.1409,0.04236,4.5,2,S,1,1,S27T,0.04302,0.04306,0.02261,4,6,1,0.04313,0.01529,0.04299,0.07068
27,S,V,-0.6965,0.9807,4.5,2,S,1,1,S27V,-0.3652,-0.3267,0.1033,4,3,1,-0.3081,-0.5163,-0.3453,-0.2911
27,S,W,-0.1479,0.2699,4.0,2,S,1,1,S27W,0.5031,0.5079,0.03662,4,2,1,0.4959,0.541,0.5199,0.4557
27,S,Y,0.151,0.02793,3.5,2,S,1,1,S27Y,0.2635,0.2715,0.02137,4,5,1,0.2791,0.2722,0.2708,0.232
28,V,*,-4.885,0.0007071,2.5,2,V,1,1,V28*,-0.09982,-0.07258,0.0819,4,1,1,-0.07393,-0.03446,-0.2197,-0.07123
28,V,-,-0.07736,0.0216,2.0,2,V,1,1,V28-,0.01177,-0.0001367,0.03591,4,1,1,-0.00438,0.06409,-0.01673,0.004106
28,V,A,0.1504,0.02772,5.5,2,V,1,1,V28A,0.387,0.3879,0.006027,4,5,1,0.3855,0.3903,0.3931,0.3793
28,V,C,-0.8187,1.403,1.0,2,V,1,1,V28C,3.944,3.87,0.4019,4,1,1,4.123,3.617,4.427,3.609
28,V,D,0.1515,0.01761,5.0,2,V,1,1,V28D,0.335,0.3354,0.09388,4,4,1,0.4057,0.4256,0.2435,0.2651
28,V,E,0.01799,0.1247,5.5,2,V,1,1,V28E,-0.02198,-0.01713,0.04069,4,10,1,-0.02685,-0.007415,-0.07522,0.02158
28,V,F,0.08294,,3.0,1,V,1,1,V28F,0.05605,0.06193,0.01881,4,6,1,0.0712,0.06636,0.0575,0.02915
28,V,G,-0.0792,0.3024,3.0,2,V,1,1,V28G,0.4466,0.442,0.03081,4,2,1,0.4624,0.4823,0.4202,0.4215
28,V,H,0.1527,0.02934,4.0,2,V,1,1,V28H,0.3326,0.3328,0.008432,4,4,1,0.3261,0.3246,0.3401,0.3396
28,V,I,-0.08125,0.3385,4.5,2,V,1,1,V28I,0.05163,0.03737,0.03654,4,5,1,0.04294,0.03181,0.1054,0.02631
28,V,K,0.1467,0.0128,3.0,2,V,1,1,V28K,0.1733,0.1771,0.03275,4,4,1,0.1669,0.1311,0.1872,0.2079
28,V,L,0.04453,0.01579,9.0,2,V,1,1,V28L,0.3974,0.3853,0.05923,4,6,1,0.3786,0.392,0.4797,0.3393
28,V,M,-0.02727,0.01302,6.0,2,V,1,1,V28M,0.216,0.2099,0.0397,4,6,1,0.1977,0.1759,0.2221,0.2684
28,V,N,0.1552,0.02348,2.5,2,V,1,1,V28N,-0.1112,-0.07622,0.1292,4,1,1,-0.06876,-0.08368,0.004027,-0.2962
28,V,P,-0.254,0.5541,4.0,2,V,1,1,V28P,0.07248,0.04818,0.147,4,3,1,0.04376,0.0526,-0.07984,0.2734
28,V,Q,0.1163,0.07577,5.0,2,V,1,1,V28Q,0.6811,0.6978,0.06759,4,6,1,0.6949,0.7437,0.7007,0.5851
28,V,R,0.08436,0.02947,2.0,2,V,1,1,V28R,0.3123,0.3177,0.08428,4,2,1,0.2808,0.2108,0.403,0.3546
28,V,S,0.07843,0.06529,3.0,2,V,1,1,V28S,1.481,1.545,0.2559,4,2,1,1.574,1.515,1.119,1.716
28,V,W,-1.431,2.137,1.0,2,V,1,1,V28W,0.5302,0.591,0.1778,4,1,1,0.567,0.6151,0.6679,0.2707
28,V,Y,0.1293,0.06092,4.0,2,V,1,1,V28Y,0.5484,0.5369,0.04508,4,3,1,0.5469,0.6117,0.5269,0.5081
29,C,*,-1.654,,0.5,1,C,1,1,C29*,-0.04354,0.0273,0.1607,4,1,1,0.01306,-0.2831,0.04155,0.05437
29,C,-,0.06044,0.006244,2.5,2,C,1,1,C29-,0.01778,0.0004265,0.04753,4,1,1,-0.002703,0.08783,-0.01757,0.003556
29,C,A,-0.3488,0.6773,2.5,2,C,1,1,C29A,1.481,1.667,0.4788,4,3,1,1.635,1.819,1.699,0.7723
29,C,D,0.1261,0.01103,2.5,2,C,1,1,C29D,1.527,1.862,0.699,4,2,1,1.904,1.839,1.885,0.4792
29,C,E,-2.189,3.294,2.5,2,C,1,1,C29E,-0.6719,-0.6778,0.2701,4,2,1,-0.7457,-0.3424,-0.6099,-0.9896
29,C,F,0.06572,0.03011,10.0,2,C,1,1,C29F,1.815,1.932,0.3741,4,16,1,1.917,2.126,1.947,1.271
29,C,G,-0.3843,0.3295,2.0,2,C,1,1,C29G,1.772,1.95,0.5798,4,3,1,1.856,2.045,2.252,0.9372
29,C,H,0.1382,0.05035,3.5,2,C,1,1,C29H,2.292,2.258,0.09573,4,5,1,2.282,2.431,2.234,2.222
29,C,I,-0.1933,0.2125,2.5,2,C,1,1,C29I,1.722,1.766,0.3047,4,3,1,1.884,2.027,1.648,1.33
29,C,K,-0.8469,0.9915,3.5,2,C,1,1,C29K,-0.48,-0.427,0.5189,4,1,1,-0.7755,-0.006948,-0.0784,-1.059
29,C,L,-0.1312,0.224,2.5,2,C,1,1,C29L,-0.08901,0.062,0.3829,4,3,1,0.1765,0.09105,0.03294,-0.6565
29,C,M,-0.1889,0.1017,4.0,2,C,1,1,C29M,1.153,1.218,0.4027,4,3,1,1.274,1.569,1.162,0.6062
29,C,N,-0.2034,0.4005,3.0,2,C,1,1,C29N,1.748,1.958,0.7177,4,4,1,2.134,2.347,1.781,0.7299
29,C,P,0.04501,0.1739,2.0,2,C,1,1,C29P,2.257,2.403,0.3687,4,1,1,2.333,2.508,1.716,2.473
29,C,Q,-0.1106,0.2957,5.0,2,C,1,1,C29Q,1.825,1.946,0.5073,4,7,1,2.012,2.296,1.881,1.109
29,C,R,-0.0284,0.1861,4.0,2,C,1,1,C29R,0.7699,0.6906,0.319,4,4,1,0.8457,1.19,0.5085,0.5356
29,C,S,-1.497,2.085,3.0,2,C,1,1,C29S,-0.7244,-0.8357,0.5226,4,1,1,-1.221,-0.7112,-0.005417,-0.9603
29,C,T,-0.08765,0.2658,4.5,2,C,1,1,C29T,1.405,1.518,0.4003,4,4,1,1.48,1.753,1.555,0.8295
29,C,W,0.125,0.04742,3.5,2,C,1,1,C29W,1.34,1.496,0.4224,4,5,1,1.507,1.653,1.485,0.7164
29,C,Y,0.1375,0.008344,7.5,2,C,1,1,C29Y,1.942,2.059,0.4998,4,12,1,1.97,2.407,2.149,1.243
30,N,*,-4.891,0.01414,5.0,2,N,1,1,N30*,1.654,1.605,0.2436,4,5,1,1.668,1.542,1.986,1.419
30,N,-,-0.2779,0.4463,2.0,2,N,1,1,N30-,0.01172,-0.0004764,0.03635,4,1,1,-0.005057,0.0647,-0.01685,0.004105
30,N,A,-0.7403,0.9316,3.5,2,N,1,1,N30A,-0.5531,-0.5302,0.09181,4,4,1,-0.5091,-0.6817,-0.4705,-0.5512
30,N,C,0.05188,0.04097,3.5,2,N,1,1,N30C,1.679,1.81,0.4285,4,2,1,1.804,2.04,1.816,1.058
30,N,D,-0.02489,0.0235,6.5,2,N,1,1,N30D,0.0707,0.06051,0.05821,4,9,1,0.07506,0.04595,0.1492,0.01261
30,N,E,-0.3634,0.7092,2.0,2,N,1,1,N30E,-0.2821,-0.278,0.089,4,2,1,-0.1798,-0.3015,-0.3924,-0.2545
30,N,F,-0.7822,1.273,5.5,2,N,1,1,N30F,-0.5902,-0.5233,0.1453,4,6,1,-0.5099,-0.8072,-0.5069,-0.5367
30,N,G,-0.3323,0.6916,8.0,2,N,1,1,N30G,1.397,1.423,0.1645,4,6,1,1.451,1.567,1.396,1.175
30,N,H,0.06216,0.01351,4.0,2,N,1,1,N30H,0.07833,0.05755,0.06432,4,4,1,0.06483,0.05028,0.1718,0.02639
30,N,I,-0.4957,0.9324,7.5,2,N,1,1,N30I,-0.447,-0.4226,0.08535,4,12,1,-0.4297,-0.5698,-0.4155,-0.373
30,N,K,-1.144,1.514,4.0,2,N,1,1,N30K,-0.3398,-0.3462,0.0405,4,5,1,-0.381,-0.286,-0.335,-0.3573
30,N,L,0.06937,0.04784,5.0,2,N,1,1,N30L,-0.1834,-0.1868,0.02826,4,2,1,-0.1475,-0.2126,-0.1759,-0.1977
30,N,M,-1.197,1.358,4.5,2,N,1,1,N30M,-0.1139,-0.1161,0.03992,4,5,1,-0.1062,-0.1595,-0.06398,-0.126
30,N,P,-1.389,1.847,2.5,2,N,1,1,N30P,-0.528,-0.4828,0.1439,4,2,1,-0.4977,-0.7369,-0.4679,-0.4097
30,N,Q,-0.4478,0.6468,5.5,2,N,1,1,N30Q,-0.5962,-0.608,0.0692,4,4,1,-0.6065,-0.6674,-0.6095,-0.5013
30,N,R,-0.8607,0.2295,3.0,2,N,1,1,N30R,-0.311,-0.3463,0.09367,4,1,1,-0.355,-0.1728,-0.3375,-0.3786
30,N,S,0.06854,0.09087,5.0,2,N,1,1,N30S,0.179,0.1913,0.1012,4,5,1,0.1509,0.2316,0.2827,0.05084
30,N,T,-0.5026,0.2355,4.5,2,N,1,1,N30T,0.07327,0.07285,0.03178,4,5,1,0.04685,0.04473,0.1027,0.09885
30,N,V,-0.3566,0.6654,6.0,2,N,1,1,N30V,-0.8854,-0.8406,0.1186,4,5,1,-0.8696,-1.058,-0.8117,-0.8026
30,N,W,-0.4231,0.08506,3.0,2,N,1,1,N30W,-0.7806,-0.777,0.04284,4,3,1,-0.7456,-0.826,-0.7425,-0.8084
30,N,Y,-0.07183,0.1169,5.0,2,N,1,1,N30Y,-0.3267,-0.3059,0.09696,4,4,1,-0.3248,-0.4611,-0.2342,-0.2869
31,G,-,-0.03252,0.05894,2.5,2,G,1,1,G31-,0.2487,0.2493,0.02288,4,2,1,0.2576,0.2748,0.2212,0.2411
31,G,A,0.1358,0.001131,1.5,2,G,1,1,G31A,1.24,1.26,0.1314,4,2,1,1.283,1.376,1.236,1.063
31,G,C,-0.1417,0.2346,10.0,2,G,1,1,G31C,2.353,2.389,0.6163,4,13,1,2.259,2.519,3.059,1.576
31,G,D,0.1568,0.02454,8.0,2,G,1,1,G31D,-0.4782,-0.4814,0.01536,4,9,1,-0.4585,-0.4892,-0.4735,-0.4915
31,G,E,-1.183,0.1923,5.0,2,G,1,1,G31E,-0.341,-0.3441,0.0349,4,5,1,-0.3529,-0.3795,-0.3354,-0.2963
31,G,F,-0.1925,0.09256,3.0,2,G,1,1,G31F,0.7603,0.8051,0.1537,4,2,1,0.7951,0.8924,0.8151,0.5385
31,G,H,-0.1712,0.3723,4.5,2,G,1,1,G31H,0.1497,0.1405,0.03185,4,2,1,0.1481,0.1948,0.1228,0.1329
31,G,I,-0.2551,0.2553,5.5,2,G,1,1,G31I,0.3848,0.4007,0.08608,4,10,1,0.3759,0.4689,0.4256,0.269
31,G,K,-2.412,1.766,4.0,2,G,1,1,G31K,0.2418,0.2401,0.2044,4,4,1,0.289,0.489,0.1912,-0.002043
31,G,L,-0.3991,0.1059,7.5,2,G,1,1,G31L,0.0398,0.00945,0.125,4,3,1,0.004525,0.217,0.01437,-0.07672
31,G,M,0.1174,0.01061,3.0,2,G,1,1,G31M,0.1805,0.1802,0.1279,4,4,1,0.2057,0.3353,0.1548,0.0261
31,G,N,-0.3255,0.6039,6.5,2,G,1,1,G31N,-0.5177,-0.4973,0.07979,4,7,1,-0.5332,-0.6243,-0.4518,-0.4615
31,G,P,0.1038,0.01421,3.5,2,G,1,1,G31P,1.198,1.196,0.4106,4,6,1,1.413,1.654,0.9798,0.7465
31,G,Q,0.02373,0.05839,4.0,2,G,1,1,G31Q,0.4119,0.4066,0.06063,4,3,1,0.3995,0.4908,0.4136,0.3437
31,G,R,-0.3832,0.6995,5.0,2,G,1,1,G31R,-0.02376,0.0006084,0.07082,4,4,1,-0.01231,-0.1267,0.01353,0.0304
31,G,S,0.07197,0.09267,3.5,2,G,1,1,G31S,0.003261,0.005804,0.03149,4,7,1,0.0032,0.03903,-0.0376,0.008409
31,G,T,-0.394,0.4982,4.0,2,G,1,1,G31T,0.3835,0.3496,0.0826,4,5,1,0.3678,0.5045,0.3314,0.3301
31,G,V,-0.00135,0.1654,8.0,2,G,1,1,G31V,0.3978,0.3868,0.03844,4,7,1,0.3724,0.4011,0.4509,0.3668
31,G,W,-1.655,0.5466,7.5,2,G,1,1,G31W,0.5759,0.5642,0.02901,4,11,1,0.5591,0.5692,0.6186,0.5565
31,G,Y,0.1147,0.06307,2.5,2,G,1,1,G31Y,0.6198,0.6355,0.09702,4,4,1,0.633,0.7207,0.638,0.4873
32,C,*,-4.931,0.04031,4.5,2,C,1,1,C32*,0.0275,0.02101,0.05295,4,2,1,-0.01962,0.08759,0.05632,-0.0143
32,C,-,-0.157,0.2474,2.0,2,C,1,1,C32-,0.9237,0.9385,0.1239,4,2,1,0.9373,1.059,0.9398,0.7587
32,C,A,-0.4181,0.305,4.0,2,C,1,1,C32A,1.637,1.758,0.4498,4,5,1,1.681,1.835,2.035,0.9989
32,C,D,-0.1391,0.1457,5.0,2,C,1,1,C32D,1.391,1.466,0.1993,4,4,1,1.42,1.532,1.512,1.102
32,C,E,-1.042,0.5241,5.5,2,C,1,1,C32E,1.688,1.77,0.2294,4,6,1,1.717,1.856,1.822,1.355
32,C,F,-0.2435,0.4233,9.0,2,C,1,1,C32F,1.943,1.993,0.2599,4,8,1,1.927,2.059,2.196,1.589
32,C,G,-0.8168,0.5843,5.0,2,C,1,1,C32G,0.6615,0.4287,0.6837,4,4,1,0.2218,0.6355,1.636,0.1526
32,C,H,-1.175,1.147,2.5,2,C,1,1,C32H,1.401,1.569,0.5185,4,3,1,1.522,1.616,1.819,0.6457
32,C,I,0.01804,0.01589,3.5,2,C,1,1,C32I,1.88,1.873,0.1243,4,1,1,1.954,2.016,1.792,1.76
32,C,K,-0.0568,0.2738,2.0,2,C,1,1,C32K,1.21,1.185,0.2706,4,2,1,1.228,1.142,1.562,0.908
32,C,L,-0.7781,0.5797,6.0,2,C,1,1,C32L,1.788,1.898,0.4953,4,5,1,1.983,2.258,1.813,1.097
32,C,M,-0.3965,0.06307,2.0,2,C,1,1,C32M,0.04237,0.06046,0.04226,4,1,1,0.0601,-0.02071,0.06928,0.06082
32,C,N,-0.488,0.6411,5.5,2,C,1,1,C32N,2.207,2.204,0.1985,4,4,1,2.231,2.452,2.177,1.969
32,C,P,-0.006985,0.1153,4.5,2,C,1,1,C32P,1.695,1.748,0.2698,4,5,1,1.689,1.807,1.958,1.326
32,C,Q,-2.136,3.207,2.0,2,C,1,1,C32Q,0.8943,1.072,0.4984,4,2,1,1.016,1.128,1.269,0.1631
32,C,R,-1.638,0.4356,6.5,2,C,1,1,C32R,0.9794,1.108,0.3324,4,6,1,1.096,1.214,1.12,0.4867
32,C,S,0.1249,0.0004243,5.5,2,C,1,1,C32S,1.026,1.098,0.195,4,9,1,1.051,1.164,1.145,0.7427
32,C,T,0.1318,0.05959,2.0,2,C,1,1,C32T,1.435,1.482,0.1778,4,3,1,1.455,1.594,1.509,1.182
32,C,V,-0.4574,0.879,1.5,2,C,1,1,C32V,0.8194,0.8983,0.4061,4,2,1,0.8565,0.9401,1.223,0.2576
32,C,W,-1.311,1.001,5.0,2,C,1,1,C32W,1.191,1.131,0.3045,4,4,1,1.141,1.12,1.615,0.8891
32,C,Y,0.03726,0.04391,11.5,2,C,1,1,C32Y,1.673,1.768,0.2248,4,7,1,1.766,1.771,1.819,1.338
33,V,-,0.02414,0.1161,1.5,2,V,1,1,V33-,0.2748,0.2762,0.03651,4,2,1,0.2771,0.3181,0.2287,0.2753
33,V,A,-0.3493,0.5237,7.5,2,V,1,1,V33A,0.777,0.7694,0.1857,4,9,1,0.7807,1.011,0.7581,0.5578
33,V,C,-0.3605,0.4391,7.0,2,V,1,1,V33C,0.904,0.9506,0.2016,4,8,1,0.9188,0.9825,1.093,0.6215
33,V,D,0.04798,0.1745,3.5,2,V,1,1,V33D,0.4009,0.4025,0.07847,4,3,1,0.3032,0.4953,0.4018,0.4032
33,V,E,-0.1154,0.4086,4.5,2,V,1,1,V33E,0.06336,0.06891,0.04775,4,4,1,0.06767,-0.0001318,0.1157,0.07014
33,V,F,0.006555,0.03227,6.5,2,V,1,1,V33F,0.6081,0.6359,0.08494,4,4,1,0.641,0.6765,0.6307,0.4841
33,V,G,0.005042,,2.0,1,V,1,1,V33G,1.394,1.439,0.178,4,3,1,1.411,1.466,1.557,1.143
33,V,H,-0.1233,0.3682,5.5,2,V,1,1,V33H,0.2264,0.2404,0.1116,4,4,1,0.2626,0.3458,0.2182,0.07907
33,V,I,0.04346,0.1818,5.0,2,V,1,1,V33I,0.04566,0.05329,0.04718,4,4,1,0.05883,-0.01847,0.04775,0.09451
33,V,K,-0.042,0.2758,3.0,2,V,1,1,V33K,0.6233,0.6517,0.1525,4,3,1,0.6294,0.7759,0.674,0.4137
33,V,L,-0.1785,0.3267,6.0,2,V,1,1,V33L,0.6722,0.6536,0.1154,4,4,1,0.6708,0.6364,0.8286,0.553
33,V,M,0.02964,0.1824,8.5,2,V,1,1,V33M,0.821,0.8095,0.0776,4,9,1,0.7966,0.9252,0.8224,0.7397
33,V,N,-1.691,2.539,2.0,2,V,1,1,V33N,1.828,1.862,0.1297,4,3,1,1.945,1.871,1.852,1.643
33,V,P,-0.1273,0.3888,4.5,2,V,1,1,V33P,0.6469,0.6705,0.1042,4,7,1,0.6624,0.7461,0.6787,0.5004
33,V,Q,0.09832,0.025,2.0,2,V,1,1,V33Q,0.6971,0.692,0.07493,4,3,1,0.6546,0.7856,0.7295,0.6186
33,V,R,-0.3292,0.7016,4.5,2,V,1,1,V33R,0.6173,0.6161,0.04774,4,2,1,0.5998,0.5623,0.6746,0.6324
33,V,S,0.122,0.004667,5.0,2,V,1,1,V33S,0.9883,1.043,0.198,4,3,1,1.036,1.164,1.049,0.704
33,V,T,-0.0773,0.296,2.5,2,V,1,1,V33T,0.2726,0.2651,0.03357,4,3,1,0.2695,0.2407,0.2608,0.3196
33,V,W,-0.3974,0.1024,4.0,2,V,1,1,V33W,0.9796,0.9493,0.1187,4,2,1,0.9914,1.142,0.9073,0.8774
33,V,Y,0.1467,0.02454,7.5,2,V,1,1,V33Y,0.1951,0.1884,0.05111,4,6,1,0.1552,0.254,0.2215,0.1495
34,G,*,-4.944,0.09546,4.0,2,G,1,1,G34*,0.9481,0.8901,0.7817,4,3,1,1.133,0.647,1.928,0.08369
34,G,-,0.0411,0.05203,2.0,2,G,1,1,G34-,0.2653,0.2642,0.02766,4,2,1,0.2669,0.3002,0.2328,0.2615
34,G,A,0.08908,0.07187,2.5,2,G,1,1,G34A,-0.1105,-0.121,0.04009,4,3,1,-0.1212,-0.05315,-0.1207,-0.1467
34,G,C,-0.5858,0.2238,3.5,2,G,1,1,G34C,2.038,2.042,0.4086,4,3,1,1.821,2.262,2.483,1.584
34,G,D,0.06628,0.08997,4.5,2,G,1,1,G34D,-0.2642,-0.2488,0.07578,4,5,1,-0.2563,-0.3694,-0.2414,-0.1896
34,G,E,0.09277,0.05406,2.5,2,G,1,1,G34E,-0.4359,-0.4266,0.0953,4,3,1,-0.4346,-0.5609,-0.4185,-0.3295
34,G,F,-0.2922,0.3799,3.5,2,G,1,1,G34F,-0.02272,0.001049,0.4238,4,3,1,0.0001787,0.4715,-0.5645,0.001919
34,G,H,-0.6861,1.128,4.0,2,G,1,1,G34H,-0.02348,-0.02773,0.03461,4,2,1,-0.02053,-0.06057,-0.03494,0.0221
34,G,I,0.0209,0.216,4.5,2,G,1,1,G34I,0.0001319,0.0005712,0.03342,4,6,1,-0.03552,0.02143,0.0349,-0.02029
34,G,K,0.1694,,0.5,1,G,1,1,G34K,-0.0206,-0.02851,0.02255,4,1,1,-0.0329,-0.02412,-0.03756,0.01218
34,G,L,0.07886,0.1313,3.0,2,G,1,1,G34L,0.5602,0.5924,0.1541,4,2,1,0.5626,0.7086,0.6222,0.3472
34,G,M,-0.3116,0.5286,6.0,2,G,1,1,G34M,-0.1222,-0.1124,0.02734,4,5,1,-0.1113,-0.1625,-0.1016,-0.1134
34,G,N,0.09402,,2.5,1,G,1,1,G34N,0.05996,0.05199,0.02717,4,5,1,0.03876,0.04061,0.0971,0.06337
34,G,P,-0.2463,0.5037,4.5,2,G,1,1,G34P,-0.181,-0.1844,0.01967,4,5,1,-0.1886,-0.1543,-0.2008,-0.1803
34,G,Q,0.05569,0.03702,2.5,2,G,1,1,G34Q,-0.3399,-0.3508,0.05674,4,4,1,-0.3694,-0.3942,-0.3322,-0.2639
34,G,R,-0.2226,0.5035,10.5,2,G,1,1,G34R,-0.07943,-0.08324,0.01536,4,11,1,-0.093,-0.08798,-0.0785,-0.05823
34,G,S,0.04018,0.02616,6.5,2,G,1,1,G34S,-0.02099,-0.02471,0.01388,4,6,1,-0.02717,-0.001296,-0.02225,-0.03324
34,G,T,-0.05035,0.3085,5.5,2,G,1,1,G34T,-0.3932,-0.3789,0.05722,4,9,1,-0.3987,-0.4716,-0.3434,-0.3591
34,G,V,0.07379,0.1146,5.5,2,G,1,1,G34V,-0.559,-0.5708,0.09878,4,11,1,-0.5374,-0.6622,-0.6041,-0.4321
34,G,W,-0.442,0.2303,12.5,2,G,1,1,G34W,-0.02999,-0.01161,0.04152,4,16,1,-0.01134,-0.09208,-0.004682,-0.01188
34,G,Y,-0.02055,0.2105,4.0,2,G,1,1,G34Y,-0.2236,-0.1817,0.09852,4,4,1,-0.175,-0.3704,-0.1605,-0.1884
35,H,-,-0.1173,0.2048,1.0,2,Y,1,1,H35-,0.01176,-0.0001713,0.03594,4,1,1,-0.004448,0.06412,-0.01673,0.004105
35,H,A,-0.6188,0.5815,3.0,2,Y,1,1,H35A,0.6187,0.5517,0.1393,4,2,1,0.5444,0.5442,0.559,0.8274
35,H,C,-0.4954,0.8721,4.0,2,Y,1,1,H35C,0.629,0.6698,0.3093,4,4,1,0.6626,0.9625,0.6771,0.214
35,H,D,-0.289,0.6477,2.0,2,Y,1,1,H35D,0.1238,0.1182,0.01521,4,1,1,0.1174,0.1189,0.1127,0.1463
35,H,E,0.07351,0.07763,4.5,2,Y,1,1,H35E,0.003475,0.0181,0.0357,4,4,1,0.01461,-0.04952,0.02158,0.02722
35,H,F,0.1121,0.0008485,4.5,2,Y,1,1,H35F,0.2614,0.2771,0.05478,4,5,1,0.2616,0.2927,0.3069,0.1842
35,H,G,-0.2496,0.08704,4.5,2,Y,1,1,H35G,0.1735,0.2038,0.1216,4,4,1,0.1476,0.2744,0.26,0.01209
35,H,I,-0.01595,0.1829,4.5,2,Y,1,1,H35I,0.2537,0.26,0.03299,4,5,1,0.2498,0.2856,0.2702,0.2094
35,H,K,0.1538,0.02051,5.0,2,Y,1,1,H35K,0.4414,0.4348,0.0919,4,8,1,0.4058,0.5562,0.4639,0.3395
35,H,L,0.1556,0.02489,1.5,2,Y,1,1,H35L,-1.441,-1.466,0.1487,4,2,1,-1.594,-1.468,-1.463,-1.237
35,H,M,-0.1186,0.3235,5.5,2,Y,1,1,H35M,0.1653,0.1803,0.03207,4,5,1,0.1172,0.1833,0.1798,0.1808
35,H,N,0.128,0.03825,6.0,2,Y,1,1,H35N,0.4108,0.409,0.0631,4,6,1,0.3409,0.4845,0.3805,0.4375
35,H,P,-0.7992,1.169,2.5,2,Y,1,1,H35P,-0.2021,-0.2486,0.1082,4,1,1,-0.2482,-0.04063,-0.2491,-0.2706
35,H,Q,0.03694,0.1616,4.5,2,Y,1,1,H35Q,0.231,0.2356,0.0618,4,4,1,0.2226,0.3007,0.2485,0.1521
35,H,R,-0.1358,0.3115,4.5,2,Y,1,1,H35R,0.8248,0.8682,0.2124,4,3,1,0.8931,1.033,0.8434,0.5297
35,H,S,-0.0916,0.3393,4.5,2,Y,1,1,H35S,0.5834,0.6188,0.1495,4,6,1,0.6105,0.7241,0.627,0.3721
35,H,T,0.06895,0.06908,4.0,2,Y,1,1,H35T,0.4588,0.4665,0.06249,4,4,1,0.4558,0.5261,0.4773,0.3761
35,H,V,-0.5122,0.5551,5.5,2,Y,1,1,H35V,-0.03912,-0.03551,0.03049,4,3,1,-0.04787,-0.0776,-0.00788,-0.02314
35,H,W,0.14,0.04327,1.5,2,Y,1,1,H35W,0.08022,0.05043,0.06409,4,2,1,0.05554,0.04398,0.04532,0.176
35,H,Y,-0.06401,0.2124,7.0,2,Y,1,1,H35Y,-0.02869,-0.03683,0.0346,4,8,1,-0.02517,-0.05965,-0.04848,0.01853
36,S,*,-4.0,1.249,2.5,2,S,1,1,S36*,0.9074,0.9223,0.3498,4,3,1,0.9751,1.317,0.8695,0.4678
36,S,-,-0.02046,0.0585,1.5,2,S,1,1,S36-,0.01163,-0.0003968,0.03603,4,1,1,-0.0049,0.06412,-0.01683,0.004106
36,S,A,-0.3557,0.5085,6.0,2,S,1,1,S36A,0.01505,0.01502,0.02321,4,7,1,0.004743,0.04157,-0.01143,0.0253
36,S,C,0.1503,0.01421,6.5,2,S,1,1,S36C,1.889,1.96,0.4104,4,6,1,1.987,2.31,1.933,1.327
36,S,D,0.1448,0.01598,6.0,2,S,1,1,S36D,-0.1919,-0.1879,0.08722,4,8,1,-0.191,-0.3025,-0.1848,-0.08927
36,S,E,-0.3195,0.1001,4.5,2,S,1,1,S36E,-0.7062,-0.8283,0.4271,4,2,1,-0.7049,-1.062,-0.9517,-0.106
36,S,F,-0.04635,0.2569,4.0,2,S,1,1,S36F,-0.1815,-0.1876,0.04022,4,6,1,-0.1918,-0.1271,-0.1835,-0.2237
36,S,G,0.01431,0.04238,7.0,2,S,1,1,S36G,0.1336,0.129,0.03891,4,8,1,0.134,0.1851,0.1239,0.09129
36,S,H,0.1257,,1.0,1,S,1,1,S36H,-0.3283,-0.3272,0.05714,4,2,1,-0.3926,-0.2662,-0.3572,-0.2972
36,S,I,0.0057,0.2085,11.0,2,S,1,1,S36I,-0.1818,-0.1933,0.04659,4,12,1,-0.2169,-0.121,-0.2197,-0.1696
36,S,K,0.1135,0.06228,5.5,2,S,1,1,S36K,0.3466,0.344,0.03187,4,6,1,0.3493,0.3878,0.3386,0.3108
36,S,L,-0.08815,0.2715,4.0,2,S,1,1,S36L,-0.05832,-0.05926,0.03206,4,3,1,-0.05062,-0.01911,-0.0679,-0.09567
36,S,M,0.07778,0.07442,4.5,2,S,1,1,S36M,-0.215,-0.2371,0.05843,4,3,1,-0.2336,-0.2571,-0.2406,-0.1286
36,S,N,-0.1375,0.05542,4.5,2,S,1,1,S36N,-0.05309,-0.05225,0.02335,4,8,1,-0.05101,-0.02538,-0.05348,-0.08248
36,S,P,0.1501,0.02461,4.0,2,S,1,1,S36P,0.8125,0.8329,0.2398,4,4,1,0.7869,0.879,1.081,0.5034
36,S,Q,0.1248,0.06843,5.0,2,S,1,1,S36Q,-0.06709,-0.05486,0.04785,4,3,1,-0.05953,-0.1351,-0.05019,-0.02354
36,S,R,0.1486,0.03578,5.0,2,S,1,1,S36R,0.03102,0.02263,0.0364,4,6,1,0.0223,-0.003563,0.08238,0.02297
36,S,T,-0.09453,0.211,5.0,2,S,1,1,S36T,0.04055,0.04425,0.03261,4,5,1,0.04482,-0.002745,0.04368,0.07643
36,S,V,0.1302,0.0538,3.5,2,S,1,1,S36V,-0.2664,-0.2674,0.01709,4,5,1,-0.277,-0.2469,-0.2579,-0.284
36,S,W,-0.1007,0.3183,4.0,2,S,1,1,S36W,-0.2871,-0.2939,0.05367,4,7,1,-0.3197,-0.3399,-0.268,-0.2206
36,S,Y,-0.09917,0.2233,5.0,2,S,1,1,S36Y,-0.07536,-0.06651,0.02763,4,4,1,-0.05753,-0.1143,-0.0755,-0.05408
37,E,*,-4.985,0.02121,7.0,2,E,1,1,E37*,-0.6368,-0.6387,0.05491,4,7,1,-0.573,-0.6126,-0.6969,-0.6648
37,E,-,-0.06512,0.2131,1.5,2,E,1,1,E37-,0.01174,-0.0001288,0.03583,4,1,1,-0.004363,0.06393,-0.01673,0.004105
37,E,A,-0.146,0.3936,4.0,2,E,1,1,E37A,0.1079,0.1037,0.02151,4,6,1,0.1031,0.1043,0.08639,0.1377
37,E,D,-0.08366,0.1809,15.5,2,E,1,1,E37D,-0.02518,-0.05979,0.08117,4,19,1,-0.05832,0.09595,-0.06125,-0.07711
37,E,F,-0.2794,0.4162,7.5,2,E,1,1,E37F,0.4475,0.5176,0.2087,4,7,1,0.4674,0.6076,0.5678,0.1472
37,E,G,-0.1065,0.3393,3.0,2,E,1,1,E37G,0.5359,0.5657,0.2358,4,3,1,0.4694,0.662,0.7751,0.2371
37,E,H,0.126,0.06802,5.5,2,E,1,1,E37H,0.3458,0.3511,0.02579,4,4,1,0.3385,0.3685,0.3637,0.3125
37,E,I,0.1431,0.02369,2.0,2,E,1,1,E37I,-0.03444,-0.03073,0.0244,4,2,1,-0.02749,-0.008908,-0.03397,-0.06738
37,E,K,-0.141,0.1647,11.0,2,E,1,1,E37K,1.223,1.183,0.1106,4,9,1,1.167,1.385,1.2,1.141
37,E,L,-0.1991,0.1353,2.0,2,E,1,1,E37L,-1.28,-1.506,0.4751,4,1,1,-1.54,-0.569,-1.538,-1.474
37,E,M,-0.07576,0.1982,6.5,2,E,1,1,E37M,0.3722,0.4126,0.1049,4,5,1,0.4138,0.4469,0.4114,0.2167
37,E,N,-0.06876,0.08504,4.5,2,E,1,1,E37N,0.3673,0.3628,0.1291,4,4,1,0.3759,0.3497,0.5293,0.2144
37,E,P,-0.6411,0.6136,4.0,2,E,1,1,E37P,-0.5675,-0.5649,0.03119,4,6,1,-0.5886,-0.5998,-0.5411,-0.5404
37,E,Q,-0.2735,0.05968,4.5,2,E,1,1,E37Q,0.2071,0.217,0.02835,4,3,1,0.2286,0.1657,0.2215,0.2125
37,E,R,-1.31,2.091,4.5,2,E,1,1,E37R,1.385,1.393,0.08716,4,7,1,1.377,1.482,1.408,1.272
37,E,S,-0.1825,0.4991,3.5,2,E,1,1,E37S,0.7974,0.8023,0.1033,4,2,1,0.8319,0.7728,0.9153,0.6696
37,E,T,-0.4009,0.5944,4.5,2,E,1,1,E37T,0.6347,0.6107,0.1233,4,7,1,0.6171,0.8057,0.6044,0.5117
37,E,V,-0.3294,0.5188,7.0,2,E,1,1,E37V,-0.5174,-0.5162,0.07657,4,7,1,-0.5353,-0.6104,-0.4971,-0.4268
37,E,W,-0.7424,0.8041,4.5,2,E,1,1,E37W,0.257,0.2585,0.05063,4,6,1,0.3114,0.2855,0.1998,0.2315
37,E,Y,-0.4152,0.1455,2.0,2,E,1,1,E37Y,0.8053,0.8135,0.1113,4,2,1,0.817,0.81,0.9328,0.6613
38,N,*,-4.921,0.08627,7.0,2,N,1,1,N38*,-0.2146,-0.263,0.1449,4,8,1,-0.2669,-0.002544,-0.2591,-0.3298
38,N,-,-0.1662,0.323,1.0,2,N,1,1,N38-,0.01163,-0.0004477,0.03611,4,1,1,-0.005002,0.06425,-0.01685,0.004106
38,N,A,0.1385,0.0001414,2.5,2,N,1,1,N38A,0.2424,0.2355,0.05188,4,3,1,0.2273,0.2436,0.1871,0.3116
38,N,C,-0.4833,0.8226,5.5,2,N,1,1,N38C,1.765,1.865,0.3182,4,7,1,1.787,1.942,2.02,1.31
38,N,D,0.03443,0.1497,2.0,2,N,1,1,N38D,-0.6133,-0.5696,0.1952,4,2,1,-0.595,-0.8866,-0.5441,-0.4276
38,N,E,-0.5097,0.3312,3.0,2,N,1,1,N38E,-0.6942,-0.6991,0.08323,4,4,1,-0.6944,-0.7908,-0.7039,-0.5876
38,N,F,-2.738,3.066,6.0,2,N,1,1,N38F,-0.005102,-0.05625,0.1312,4,3,1,-0.09614,-0.07594,0.1882,-0.03656
38,N,G,-0.4392,0.5351,4.5,2,N,1,1,N38G,-0.09822,-0.0947,0.02315,4,5,1,-0.08213,-0.1267,-0.1073,-0.07684
38,N,H,-0.5547,0.9791,5.5,2,N,1,1,N38H,-0.3688,-0.3566,0.04648,4,5,1,-0.3786,-0.4306,-0.3346,-0.3315
38,N,I,0.01729,0.1454,5.5,2,N,1,1,N38I,-0.5755,-0.5868,0.06817,4,6,1,-0.5883,-0.6463,-0.5853,-0.4824
38,N,K,-0.3401,0.09808,6.5,2,N,1,1,N38K,-0.02632,0.002578,0.05929,4,8,1,0.003154,-0.1152,0.002003,0.004795
38,N,L,-1.164,0.03818,7.5,2,N,1,1,N38L,-0.3125,-0.3167,0.0564,4,8,1,-0.3613,-0.2553,-0.3606,-0.2728
38,N,M,0.06319,0.1192,5.0,2,N,1,1,N38M,-0.007818,-0.01995,0.0414,4,4,1,-0.01507,0.05178,-0.02483,-0.04316
38,N,P,-0.2427,0.4028,5.0,2,N,1,1,N38P,-1.126,-1.052,0.1696,4,7,1,-1.066,-1.379,-1.038,-1.021
38,N,Q,0.05633,0.02106,5.0,2,N,1,1,N38Q,0.1708,0.1737,0.03747,4,5,1,0.1465,0.2008,0.2046,0.1311
38,N,R,-0.5438,0.6791,3.0,2,N,1,1,N38R,0.2977,0.298,0.03165,4,4,1,0.3313,0.2633,0.2794,0.3166
38,N,S,-0.07004,0.2375,10.0,2,N,1,1,N38S,0.1416,0.1448,0.03472,4,8,1,0.1759,0.1645,0.1252,0.101
38,N,T,-0.4385,0.09072,4.0,2,N,1,1,N38T,-0.0809,-0.07383,0.03482,4,3,1,-0.04676,-0.06919,-0.1292,-0.07848
38,N,V,-0.6956,0.2338,5.0,2,N,1,1,N38V,-1.111,-1.11,0.03488,4,6,1,-1.152,-1.094,-1.127,-1.073
38,N,W,-0.1504,0.3905,7.0,2,N,1,1,N38W,0.1147,0.1304,0.0346,4,7,1,0.1281,0.1352,0.1326,0.06302
38,N,Y,0.1455,,1.0,1,N,1,1,N38Y,0.4522,0.4563,0.06567,4,2,1,0.461,0.5283,0.4515,0.3681
39,V,-,-0.4047,0.6116,1.5,2,V,1,1,V39-,0.003818,-0.0002248,0.02357,4,2,1,0.0028,-0.00325,-0.02028,0.036
39,V,A,-0.5404,0.8607,6.5,2,V,1,1,V39A,0.1386,0.1283,0.06296,4,7,1,0.09722,0.07992,0.1593,0.218
39,V,C,-0.00205,0.1884,3.0,2,V,1,1,V39C,1.488,1.567,0.3497,4,4,1,1.563,1.824,1.571,0.9963
39,V,D,-0.281,0.4716,8.5,2,V,1,1,V39D,0.05685,0.002332,0.1704,4,4,1,0.04083,-0.07864,-0.03617,0.3014
39,V,E,0.01563,0.1027,5.0,2,V,1,1,V39E,-0.7816,-0.7887,0.04309,4,3,1,-0.8185,-0.7304,-0.816,-0.7614
39,V,F,-0.4118,0.8101,4.0,2,V,1,1,V39F,0.4761,0.4943,0.08885,4,3,1,0.482,0.563,0.5066,0.3529
39,V,G,-0.3084,0.6298,2.0,2,V,1,1,V39G,-0.02514,-0.02229,0.06613,4,1,1,-0.01766,0.05279,-0.02693,-0.1087
39,V,H,-0.4405,0.23,5.5,2,V,1,1,V39H,-0.02836,-0.02225,0.01629,4,7,1,-0.02201,-0.01649,-0.02249,-0.05246
39,V,I,0.0068,0.1728,5.0,2,V,1,1,V39I,-0.2352,-0.2375,0.0315,4,5,1,-0.2201,-0.2671,-0.2549,-0.1985
39,V,K,-0.2867,0.5783,3.5,2,V,1,1,V39K,0.758,0.724,0.2084,4,3,1,0.7263,1.043,0.7216,0.5414
39,V,L,0.005895,0.1214,10.5,2,V,1,1,V39L,-0.7262,-0.7646,0.155,4,8,1,-0.7703,-0.8695,-0.759,-0.506
39,V,M,-0.4291,0.8511,11.5,2,V,1,1,V39M,-1.083,-1.054,0.1447,4,12,1,-1.079,-1.283,-1.028,-0.9419
39,V,N,-0.2568,0.03175,3.0,2,V,1,1,V39N,-0.02242,-0.02054,0.009932,4,3,1,-0.01514,-0.02594,-0.03487,-0.01373
39,V,P,0.1335,0.0569,3.5,2,V,1,1,V39P,-0.4928,-0.4855,0.0343,4,5,1,-0.4955,-0.5395,-0.4754,-0.4606
39,V,Q,-0.1321,0.2035,5.5,2,V,1,1,V39Q,-0.4583,-0.4574,0.02896,4,4,1,-0.4913,-0.4723,-0.4269,-0.4426
39,V,R,-0.1424,0.2192,4.5,2,V,1,1,V39R,0.7277,0.7082,0.06165,4,6,1,0.7331,0.8129,0.6814,0.6833
39,V,S,0.1327,0.05594,3.0,2,V,1,1,V39S,-0.5548,-0.5547,0.03256,4,3,1,-0.5895,-0.5745,-0.5203,-0.535
39,V,T,0.016,0.06338,7.0,2,V,1,1,V39T,-0.886,-0.8373,0.1608,4,9,1,-0.8718,-1.116,-0.7535,-0.8028
39,V,W,-0.4415,0.1931,3.0,2,V,1,1,V39W,0.00699,0.004744,0.006585,4,2,1,0.00393,0.001869,0.0166,0.005558
39,V,Y,-0.0908,0.3647,3.5,2,V,1,1,V39Y,0.5507,0.6426,0.2644,4,5,1,0.6673,0.6179,0.7543,0.1632
40,F,*,-4.951,0.03394,1.5,2,F,1,1,F40*,-0.006001,-0.02627,0.06076,4,2,1,-0.0525,0.08104,-0.01019,-0.04235
40,F,-,-0.6268,0.8871,1.5,2,F,1,1,F40-,0.003817,-0.001027,0.02422,4,2,1,0.002314,-0.004368,-0.02001,0.03733
40,F,A,-1.313,0.2737,3.0,2,F,1,1,F40A,-0.3554,-0.3368,0.07604,4,5,1,-0.3283,-0.4629,-0.2851,-0.3452
40,F,C,0.04861,0.121,2.5,2,F,1,1,F40C,1.175,1.352,0.4302,4,3,1,1.281,1.455,1.424,0.5398
40,F,D,-1.368,2.145,2.5,2,F,1,1,F40D,-1.357,-1.172,0.3935,4,2,1,-1.192,-1.946,-1.152,-1.136
40,F,E,-0.4273,,2.0,1,F,1,1,F40E,-1.618,-1.554,0.2132,4,4,1,-1.57,-1.927,-1.538,-1.438
40,F,G,-0.89,0.2135,5.5,2,F,1,1,F40G,-0.8696,-0.873,0.02477,4,7,1,-0.8913,-0.8411,-0.8893,-0.8567
40,F,H,0.08828,0.1201,4.5,2,F,1,1,F40H,-0.1972,-0.1665,0.1053,4,3,1,-0.2,-0.1329,-0.3446,-0.1114
40,F,I,-0.4424,0.521,3.5,2,F,1,1,F40I,0.3337,0.3595,0.2103,4,5,1,0.402,0.5594,0.3169,0.05658
40,F,K,-2.107,1.334,4.0,2,F,1,1,F40K,-0.4162,-0.3964,0.1613,4,5,1,-0.4962,-0.2966,-0.6041,-0.2679
40,F,L,-0.629,0.01089,11.0,2,F,1,1,F40L,-0.755,-0.7536,0.07975,4,14,1,-0.7837,-0.8492,-0.7235,-0.6634
40,F,M,-0.4011,0.3389,5.0,2,F,1,1,F40M,-0.3068,-0.2998,0.03784,4,3,1,-0.2987,-0.3591,-0.3008,-0.2686
40,F,N,-0.3194,0.6975,5.0,2,F,1,1,F40N,-0.8103,-0.7986,0.06334,4,4,1,-0.7918,-0.8976,-0.7466,-0.8053
40,F,P,0.07917,0.06566,6.0,2,F,1,1,F40P,0.1398,0.1351,0.05583,4,6,1,0.1254,0.1448,0.2119,0.07715
40,F,Q,-0.5328,0.05685,6.0,2,F,1,1,F40Q,-0.7495,-0.6596,0.1952,4,6,1,-0.6765,-1.041,-0.6375,-0.6428
40,F,R,0.1207,0.0406,2.0,2,F,1,1,F40R,-0.5206,-0.4966,0.09111,4,2,1,-0.5176,-0.6488,-0.4756,-0.4404
40,F,S,-0.7436,0.01648,6.0,2,F,1,1,F40S,-1.323,-1.265,0.1901,4,9,1,-1.242,-1.598,-1.164,-1.288
40,F,T,-0.7413,0.4054,5.0,2,F,1,1,F40T,-0.6257,-0.6245,0.03356,4,6,1,-0.6216,-0.668,-0.5861,-0.6274
40,F,V,-0.6201,0.7564,3.0,2,F,1,1,F40V,0.6191,0.5706,0.4465,4,1,1,0.7724,0.3687,1.171,0.1642
40,F,W,-1.088,1.307,6.0,2,F,1,1,F40W,-0.609,-0.6217,0.1047,4,6,1,-0.6192,-0.7233,-0.6242,-0.4694
40,F,Y,-0.2771,0.1956,5.5,2,F,1,1,F40Y,-0.9592,-0.9582,0.1191,4,6,1,-0.9642,-1.106,-0.9522,-0.8144
41,A,-,-0.07872,0.06545,1.5,2,A,1,1,A41-,0.003948,-0.0001497,0.02366,4,2,1,0.00305,-0.003349,-0.02016,0.03626
41,A,C,0.03967,0.1402,5.0,2,A,1,1,A41C,0.1321,0.1402,0.249,4,5,1,0.01596,0.4021,0.2644,-0.1543
41,A,D,0.07541,0.06292,7.0,2,A,1,1,A41D,0.7375,0.7264,0.09513,4,7,1,0.7231,0.8639,0.7297,0.6331
41,A,E,0.1386,0.003818,5.0,2,A,1,1,A41E,0.1242,0.1079,0.1284,4,8,1,0.1,0.1158,0.2958,-0.01491
41,A,F,0.1521,0.02079,3.5,2,A,1,1,A41F,0.7879,0.7605,0.09118,4,4,1,0.7919,0.9152,0.7154,0.729
41,A,G,-1.024,1.641,3.5,2,A,1,1,A41G,0.1915,0.1949,0.0998,4,5,1,0.1826,0.3097,0.2071,0.06667
41,A,H,-0.4887,0.7485,2.0,2,A,1,1,A41H,0.1415,0.1471,0.09391,4,3,1,0.2394,0.1965,0.09764,0.03232
41,A,K,0.01035,0.0658,6.0,2,A,1,1,A41K,0.09783,0.09358,0.05482,4,6,1,0.09779,0.03535,0.08936,0.1688
41,A,M,-0.1347,0.306,5.5,2,A,1,1,A41M,-0.02145,-0.02283,0.01523,4,6,1,-0.03054,-0.01512,-0.03694,-0.003192
41,A,N,0.1535,0.02496,3.0,2,A,1,1,A41N,0.209,0.1778,0.1591,4,3,1,0.1961,0.4291,0.1596,0.05135
41,A,P,0.1517,0.02397,3.5,2,A,1,1,A41P,-0.2758,-0.2689,0.05595,4,4,1,-0.2739,-0.3503,-0.2639,-0.215
41,A,Q,0.004325,,2.0,1,A,1,1,A41Q,-0.08979,-0.09529,0.0224,4,4,1,-0.08518,-0.1054,-0.06001,-0.1086
41,A,R,-0.0817,0.1976,2.5,2,A,1,1,A41R,-0.0828,-0.09667,0.03104,4,3,1,-0.09575,-0.03638,-0.1015,-0.0976
41,A,S,0.1184,0.02496,8.0,2,A,1,1,A41S,0.364,0.3699,0.07483,4,11,1,0.3918,0.4467,0.2695,0.3481
41,A,T,0.1348,0.003253,6.0,2,A,1,1,A41T,0.2471,0.257,0.08027,4,9,1,0.2472,0.1403,0.334,0.2667
41,A,V,-0.3047,0.5589,7.0,2,A,1,1,A41V,0.08085,0.1028,0.06363,4,9,1,0.09277,-0.01187,0.1297,0.1128
41,A,W,-0.04255,0.2988,2.5,2,A,1,1,A41W,-0.02676,-0.02368,0.01237,4,3,1,-0.02041,-0.01569,-0.04397,-0.02696
41,A,Y,0.1532,0.02333,5.0,2,A,1,1,A41Y,0.288,0.2903,0.01897,4,6,1,0.2644,0.299,0.2815,0.3069
42,V,*,-4.76,0.215,7.0,2,V,1,1,V42*,-0.274,-0.2519,0.1036,4,7,1,-0.2577,-0.2461,-0.1733,-0.4189
42,V,-,-0.02548,0.02397,1.0,2,V,1,1,V42-,0.01125,-0.001225,0.03668,4,1,1,-0.004364,0.06493,-0.01747,0.001914
42,V,A,-1.643,0.268,7.5,2,V,1,1,V42A,-0.6546,-0.6749,0.05997,4,6,1,-0.6888,-0.5682,-0.6609,-0.7005
42,V,C,-2.178,0.04031,5.0,2,V,1,1,V42C,0.5411,0.6244,0.2548,4,5,1,0.6038,0.7461,0.6449,0.1696
42,V,D,-0.8034,1.125,3.0,2,V,1,1,V42D,0.7659,0.7598,0.2481,4,3,1,1.054,0.8721,0.4897,0.6475
42,V,E,-0.246,0.3838,4.0,2,V,1,1,V42E,-2.219,-2.226,0.1154,4,5,1,-2.334,-2.09,-2.155,-2.297
42,V,F,-1.452,0.2517,5.5,2,V,1,1,V42F,-0.02211,-0.02921,0.04284,4,4,1,-0.06646,-0.02707,0.03644,-0.03136
42,V,G,-0.588,0.6152,3.5,2,V,1,1,V42G,-2.836,-2.929,0.2394,4,2,1,-3.006,-2.481,-2.93,-2.928
42,V,H,-2.327,1.691,5.5,2,V,1,1,V42H,-2.205,-2.214,0.08455,4,6,1,-2.227,-2.298,-2.201,-2.094
42,V,I,0.09049,0.03297,4.5,2,V,1,1,V42I,-1.491,-1.329,0.381,4,4,1,-1.377,-2.056,-1.247,-1.282
42,V,K,-1.39,0.7487,4.0,2,V,1,1,V42K,-2.408,-2.397,0.127,4,4,1,-2.491,-2.542,-2.297,-2.302
42,V,L,-2.793,3.089,5.0,2,V,1,1,V42L,-0.1989,-0.08885,0.3206,4,3,1,-0.01295,-0.1647,0.04349,-0.6614
42,V,M,-0.544,0.4388,13.0,2,V,1,1,V42M,-2.026,-2.024,0.1851,4,15,1,-2.037,-2.254,-2.011,-1.801
42,V,N,-0.1662,0.02489,3.0,2,V,1,1,V42N,-2.445,-2.785,0.7032,4,3,1,-2.82,-1.391,-2.774,-2.796
42,V,P,0.00891,0.02939,2.0,2,V,1,1,V42P,-1.128,-1.099,0.09114,4,2,1,-1.115,-1.26,-1.083,-1.055
42,V,Q,-2.117,0.3818,2.0,2,V,1,1,V42Q,-1.049,-1.063,0.06245,4,2,1,-1.101,-0.9695,-1.028,-1.097
42,V,R,-0.2286,0.5631,3.5,2,V,1,1,V42R,-1.87,-1.884,0.2775,4,3,1,-2.194,-1.891,-1.878,-1.516
42,V,S,-0.1215,0.3692,6.0,2,V,1,1,V42S,-1.482,-1.475,0.08159,4,9,1,-1.453,-1.497,-1.585,-1.391
42,V,T,0.02261,0.1127,6.5,2,V,1,1,V42T,-0.08217,-0.08645,0.04518,4,6,1,-0.07234,-0.02472,-0.1006,-0.1311
42,V,W,-1.725,0.5926,4.0,2,V,1,1,V42W,-1.742,-1.847,0.407,4,5,1,-2.042,-1.203,-1.652,-2.071
42,V,Y,-1.564,0.6498,3.0,2,V,1,1,V42Y,-0.1375,-0.1692,0.08463,4,1,1,-0.1891,-0.0145,-0.1971,-0.1493
43,E,*,-4.516,0.4716,4.5,2,E,1,1,E43*,-0.6098,-0.656,0.1521,4,7,1,-0.6631,-0.6489,-0.738,-0.3893
43,E,-,-0.4783,0.002051,2.5,2,E,1,1,E43-,-0.6853,-0.7164,0.3359,4,2,1,-0.877,-0.278,-1.03,-0.5559
43,E,A,-0.5052,0.8835,3.5,2,E,1,1,E43A,0.02016,-0.001117,0.06115,4,2,1,-0.003501,-0.02711,0.001268,0.11
43,E,C,-2.371,2.724,3.0,2,E,1,1,E43C,-0.1013,-0.09654,0.06578,4,4,1,-0.1046,-0.186,-0.02622,-0.08843
43,E,D,-0.1088,0.3478,3.5,2,E,1,1,E43D,-0.2125,-0.2337,0.0611,4,5,1,-0.2518,-0.1251,-0.2157,-0.2573
43,E,F,-1.16,0.2334,7.0,2,E,1,1,E43F,-0.1753,-0.2576,0.1956,4,5,1,-0.2243,0.1137,-0.2997,-0.2909
43,E,G,-0.05405,0.2563,4.5,2,E,1,1,E43G,-0.3071,-0.2341,0.1901,4,7,1,-0.2073,-0.587,-0.2609,-0.1733
43,E,H,-2.2,2.857,3.0,2,E,1,1,E43H,-0.9769,-0.9537,0.1842,4,2,1,-0.9704,-1.223,-0.7776,-0.937
43,E,I,-0.4225,0.8251,2.0,2,E,1,1,E43I,0.03484,-0.0009888,0.3323,4,1,1,-0.009343,0.007366,-0.3331,0.4744
43,E,K,-0.3825,0.4229,15.5,2,E,1,1,E43K,-0.3472,-0.328,0.07255,4,19,1,-0.3081,-0.3479,-0.2841,-0.4486
43,E,L,-1.177,1.552,3.0,2,E,1,1,E43L,0.4419,0.4782,0.1325,4,1,1,0.5371,0.5478,0.4193,0.2634
43,E,M,-0.1994,0.223,6.0,2,E,1,1,E43M,-0.1581,-0.1663,0.03119,4,5,1,-0.1668,-0.1659,-0.1135,-0.1863
43,E,N,-1.018,0.7591,6.0,2,E,1,1,E43N,-0.441,-0.4237,0.05107,4,7,1,-0.4371,-0.5143,-0.4023,-0.4104
43,E,P,-0.5837,0.1411,6.5,2,E,1,1,E43P,-1.938,-1.971,0.07755,4,6,1,-1.977,-1.822,-1.986,-1.966
43,E,Q,-0.2583,0.2586,6.5,2,E,1,1,E43Q,0.5854,0.5695,0.1304,4,7,1,0.5937,0.7575,0.4449,0.5453
43,E,R,0.146,0.01499,1.0,2,E,1,1,E43R,-0.8343,-0.7282,0.2478,4,1,1,-0.743,-1.204,-0.7133,-0.6771
43,E,S,-0.215,0.5267,5.5,2,E,1,1,E43S,-0.2567,-0.2504,0.02924,4,5,1,-0.2607,-0.2297,-0.2402,-0.2961
43,E,T,-0.2821,0.09928,2.5,2,E,1,1,E43T,-0.233,-0.2641,0.0849,4,4,1,-0.2419,-0.2935,-0.2863,-0.1103
43,E,V,-0.4167,0.307,4.0,2,E,1,1,E43V,0.06807,0.06234,0.04359,4,4,1,0.06971,0.1261,0.05497,0.02155
43,E,W,-0.2544,0.06633,6.0,2,E,1,1,E43W,-0.5543,-0.3382,0.4785,4,3,1,-0.3696,-1.269,-0.3068,-0.2713
43,E,Y,-0.9439,0.4245,7.5,2,E,1,1,E43Y,-0.1648,-0.08648,0.1639,4,6,1,-0.07812,-0.4104,-0.09484,-0.07582
44,S,*,-4.87,0.1181,6.0,2,S,1,1,S44*,0.09572,0.1934,0.3939,4,4,1,0.006904,0.4211,0.3798,-0.4249
44,S,-,-0.3862,0.545,2.0,2,S,1,1,S44-,-0.7539,-0.6635,0.3198,4,1,1,-0.7147,-1.211,-0.6124,-0.4775
44,S,A,0.1038,0.08369,3.5,2,S,1,1,S44A,0.02014,0.01728,0.01887,4,4,1,0.01321,0.04539,0.0006292,0.02135
44,S,C,-0.4327,0.5163,4.0,2,S,1,1,S44C,0.07205,0.05034,0.08306,4,2,1,0.06102,0.1902,0.03966,-0.00264
44,S,D,-0.7182,1.258,2.0,2,S,1,1,S44D,0.2889,0.2901,0.0205,4,3,1,0.2928,0.3125,0.2627,0.2873
44,S,E,-0.2785,0.539,2.0,2,S,1,1,S44E,-0.522,-0.5023,0.07243,4,2,1,-0.5083,-0.4577,-0.6257,-0.4964
44,S,F,0.136,0.04122,7.0,2,S,1,1,S44F,0.2398,0.2448,0.01131,4,9,1,0.2442,0.2454,0.2466,0.2229
44,S,G,-0.1026,0.0131,6.0,2,S,1,1,S44G,0.3955,0.3349,0.1836,4,5,1,0.3714,0.2984,0.2515,0.6607
44,S,H,0.145,0.01004,4.0,2,S,1,1,S44H,0.1778,0.2017,0.107,4,4,1,0.1819,0.2215,0.2789,0.02886
44,S,I,-0.7736,1.14,6.0,2,S,1,1,S44I,-0.3017,-0.3126,0.06551,4,4,1,-0.3442,-0.3628,-0.2811,-0.2186
44,S,K,-0.00235,0.1873,3.0,2,S,1,1,S44K,0.1255,0.08416,0.1368,4,2,1,0.1142,0.01266,0.3209,0.0541
44,S,L,0.0996,0.05304,3.0,2,S,1,1,S44L,-0.08053,-0.0857,0.02762,4,5,1,-0.07666,-0.09474,-0.1071,-0.0436
44,S,M,0.09692,0.05427,4.0,2,S,1,1,S44M,0.07592,0.09007,0.03476,4,5,1,0.08737,0.09277,0.0243,0.09925
44,S,N,-0.2319,0.2173,9.5,2,S,1,1,S44N,-0.2115,-0.1916,0.09625,4,14,1,-0.2114,-0.3442,-0.1718,-0.1187
44,S,P,-0.0094,0.1732,5.0,2,S,1,1,S44P,0.1067,0.1164,0.03272,4,6,1,0.1079,0.1335,0.06027,0.125
44,S,Q,-0.04865,0.01276,5.5,2,S,1,1,S44Q,-0.1187,-0.1061,0.04047,4,5,1,-0.1214,-0.0908,-0.1749,-0.08767
44,S,R,-0.08486,0.1396,9.5,2,S,1,1,S44R,-0.3248,-0.3245,0.01433,4,12,1,-0.3257,-0.3077,-0.3427,-0.3232
44,S,T,-0.4351,0.5097,4.5,2,S,1,1,S44T,-0.4371,-0.4944,0.1231,4,3,1,-0.5053,-0.2531,-0.5064,-0.4835
44,S,V,0.1164,0.02362,5.5,2,S,1,1,S44V,0.1836,0.1925,0.03615,4,8,1,0.2022,0.1828,0.216,0.1333
44,S,W,0.02794,0.03939,5.5,2,S,1,1,S44W,0.1062,0.1092,0.1157,4,7,1,0.1106,0.2448,0.1077,-0.03832
44,S,Y,-0.6724,0.06095,3.0,2,S,1,1,S44Y,-0.1767,-0.1455,0.06861,4,3,1,-0.1492,-0.2793,-0.1418,-0.1363
45,G,A,-0.3786,0.7309,4.5,2,G,1,1,G45A,-0.7147,-0.7236,0.07186,4,4,1,-0.7882,-0.6953,-0.7519,-0.6234
45,G,C,-0.7512,0.588,8.5,2,G,1,1,G45C,-0.1948,-0.1894,0.02026,4,11,1,-0.1775,-0.223,-0.1831,-0.1957
45,G,D,0.07838,0.06578,10.5,2,G,1,1,G45D,-0.4872,-0.4761,0.09803,4,7,1,-0.4922,-0.6162,-0.4601,-0.3803
45,G,E,0.1724,,1.0,1,G,1,1,G45E,-0.6692,-0.6235,0.1056,4,2,1,-0.6245,-0.8269,-0.6225,-0.6029
45,G,F,-1.919,2.925,5.0,2,G,1,1,G45F,-0.3887,-0.3801,0.07396,4,3,1,-0.3297,-0.4716,-0.4306,-0.3231
45,G,H,-1.029,0.2385,6.0,2,G,1,1,G45H,-0.2111,-0.2107,0.08939,4,5,1,-0.2295,-0.1036,-0.1919,-0.3194
45,G,I,-1.718,0.08627,6.0,2,G,1,1,G45I,-1.642,-1.57,0.2092,4,6,1,-1.618,-1.945,-1.485,-1.522
45,G,K,0.01945,0.1268,5.0,2,G,1,1,G45K,-0.676,-0.6672,0.1073,4,5,1,-0.674,-0.8155,-0.6604,-0.5541
45,G,L,-0.4552,,1.5,1,G,1,1,G45L,-0.4007,-0.4858,0.2074,4,3,1,-0.4822,-0.09195,-0.4893,-0.5392
45,G,M,-0.3539,0.08323,2.0,2,G,1,1,G45M,-0.2256,-0.199,0.07755,4,2,1,-0.167,-0.3374,-0.2175,-0.1805
45,G,N,-0.2272,0.09935,3.5,2,G,1,1,G45N,-0.1355,-0.01545,0.2747,4,3,1,0.03427,-0.5454,0.00362,-0.03453
45,G,P,-0.3752,0.4524,1.0,2,G,1,1,G45P,-1.284,-1.191,0.217,4,1,1,-1.206,-1.607,-1.175,-1.146
45,G,Q,-0.4261,0.2,4.0,2,G,1,1,G45Q,-0.7976,-0.7949,0.02111,4,3,1,-0.825,-0.7756,-0.7882,-0.8016
45,G,R,-0.6706,0.5294,4.5,2,G,1,1,G45R,-0.4046,-0.4032,0.08261,4,2,1,-0.4147,-0.3055,-0.5065,-0.3918
45,G,S,0.1219,0.02616,5.5,2,G,1,1,G45S,-0.6548,-0.6479,0.02456,4,7,1,-0.635,-0.6885,-0.6575,-0.6382
45,G,T,-3.03,2.251,2.5,2,G,1,1,G45T,-1.239,-1.093,0.3138,4,2,1,-1.115,-1.708,-1.071,-1.061
45,G,V,-0.9402,0.3915,5.5,2,G,1,1,G45V,-1.458,-1.482,0.06244,4,8,1,-1.502,-1.366,-1.484,-1.48
45,G,W,-1.178,0.8718,4.0,2,G,1,1,G45W,-0.5201,-0.5228,0.01065,4,4,1,-0.5284,-0.5173,-0.5063,-0.5286
45,G,Y,-0.2057,0.1546,1.0,2,G,1,1,G45Y,-0.6627,-0.6543,0.02953,4,1,1,-0.7037,-0.6387,-0.6438,-0.6648
46,G,*,-4.893,0.02192,6.0,2,G,1,1,G46*,-1.039,-1.03,0.07126,4,2,1,-1.134,-0.9608,-1.034,-1.026
46,G,A,-1.582,0.8742,3.5,2,G,1,1,G46A,-0.8875,-0.8813,0.06825,4,2,1,-0.8925,-0.976,-0.8113,-0.87
46,G,C,-2.995,0.8917,9.0,2,G,1,1,G46C,0.09897,0.1013,0.06182,4,12,1,0.0898,0.1714,0.1128,0.0219
46,G,D,-2.657,0.2001,7.0,2,G,1,1,G46D,-1.855,-1.841,0.1095,4,8,1,-1.86,-1.737,-1.822,-2.0
46,G,E,-1.307,0.858,6.0,2,G,1,1,G46E,-1.97,-1.955,0.1204,4,5,1,-2.104,-1.871,-2.039,-1.866
46,G,F,-2.632,0.1584,7.0,2,G,1,1,G46F,-2.45,-2.471,0.1515,4,7,1,-2.57,-2.583,-2.371,-2.275
46,G,H,-1.494,0.9104,8.0,2,G,1,1,G46H,-2.203,-2.198,0.04881,4,7,1,-2.224,-2.155,-2.262,-2.172
46,G,I,-3.055,1.662,2.5,2,G,1,1,G46I,-2.143,-2.249,0.3416,4,4,1,-2.329,-1.655,-2.169,-2.419
46,G,K,-0.8925,0.01322,4.0,2,G,1,1,G46K,-2.711,-2.713,0.2085,4,5,1,-2.846,-2.491,-2.579,-2.926
46,G,L,-3.5,0.903,6.0,2,G,1,1,G46L,-0.8134,-0.827,0.05295,4,4,1,-0.8406,-0.7395,-0.8603,-0.8133
46,G,M,-2.365,1.29,3.0,2,G,1,1,G46M,-2.15,-2.27,0.3117,4,2,1,-2.361,-1.7,-2.182,-2.358
46,G,N,-1.943,2.151,3.5,2,G,1,1,G46N,-0.8077,-1.058,0.5071,4,3,1,-1.05,-0.0471,-1.068,-1.066
46,G,P,-2.394,0.04596,5.0,2,G,1,1,G46P,-1.309,-1.422,0.3711,4,3,1,-1.461,-0.7725,-1.383,-1.62
46,G,Q,-1.055,0.098,4.5,2,G,1,1,G46Q,-0.9555,-1.08,0.4224,4,6,1,-0.9892,-0.3529,-1.308,-1.172
46,G,R,-3.13,2.563,3.5,2,G,1,1,G46R,0.08772,0.07408,0.08082,4,1,1,0.05259,0.006676,0.09556,0.196
46,G,S,-1.417,1.021,6.5,2,G,1,1,G46S,-1.127,-1.177,0.2578,4,6,1,-1.369,-1.076,-1.277,-0.787
46,G,T,-1.554,0.5013,5.0,2,G,1,1,G46T,-2.621,-2.613,0.08482,4,4,1,-2.715,-2.557,-2.542,-2.67
46,G,V,-2.356,1.459,8.5,2,G,1,1,G46V,-2.359,-2.404,0.1745,4,9,1,-2.45,-2.513,-2.359,-2.115
46,G,W,-3.704,1.531,4.5,2,G,1,1,G46W,-1.353,-1.496,0.3332,4,5,1,-1.525,-0.8566,-1.563,-1.467
46,G,Y,-1.925,0.8202,3.0,2,G,1,1,G46Y,-0.1729,-0.1088,0.1767,4,2,1,-0.1616,-0.05604,-0.04776,-0.4264
47,Y,*,-4.989,0.01485,7.0,2,Y,1,1,Y47*,-0.638,-0.6632,0.1076,4,11,1,-0.7054,-0.4932,-0.7326,-0.6209
47,Y,A,-0.1476,,1.5,1,Y,1,1,Y47A,0.04522,0.07233,0.1311,4,3,1,0.0284,0.1677,0.1163,-0.1314
47,Y,C,-0.1161,0.32,11.0,2,Y,1,1,Y47C,0.5017,0.4676,0.1158,4,12,1,0.4992,0.6653,0.4361,0.406
47,Y,D,-1.49,0.3189,5.5,2,Y,1,1,Y47D,-2.081,-2.09,0.09523,4,7,1,-2.176,-2.039,-1.968,-2.141
47,Y,E,-1.122,1.823,5.5,2,Y,1,1,Y47E,0.3771,0.3738,0.02156,4,5,1,0.3694,0.3548,0.406,0.3781
47,Y,F,0.1446,0.01039,6.5,2,Y,1,1,Y47F,0.323,0.313,0.04645,4,9,1,0.3123,0.3881,0.3137,0.2778
47,Y,G,-0.4414,0.04943,5.5,2,Y,1,1,Y47G,-0.3478,-0.3401,0.04204,4,4,1,-0.3596,-0.402,-0.3205,-0.3092
47,Y,H,-0.8687,1.299,7.5,2,Y,1,1,Y47H,0.3531,0.3448,0.03638,4,8,1,0.3389,0.3508,0.3189,0.404
47,Y,I,0.162,,2.0,1,Y,1,1,Y47I,-0.6405,-0.6809,0.1388,4,3,1,-0.6277,-0.7511,-0.734,-0.449
47,Y,K,-0.3605,0.4646,6.0,2,Y,1,1,Y47K,0.2459,0.248,0.038,4,8,1,0.2239,0.204,0.2834,0.2721
47,Y,L,-0.8939,1.001,7.0,2,Y,1,1,Y47L,0.2793,0.2767,0.03455,4,9,1,0.275,0.324,0.2784,0.2397
47,Y,M,-0.528,0.3577,7.5,2,Y,1,1,Y47M,0.294,0.293,0.1413,4,7,1,0.2951,0.4681,0.2909,0.1219
47,Y,N,-0.1274,0.1654,8.5,2,Y,1,1,Y47N,-0.7621,-0.7608,0.01698,4,6,1,-0.7732,-0.7799,-0.7484,-0.7468
47,Y,P,-2.252,1.138,3.0,2,Y,1,1,Y47P,-2.335,-2.367,0.1264,4,5,1,-2.38,-2.449,-2.155,-2.355
47,Y,Q,-0.2233,0.5003,5.0,2,Y,1,1,Y47Q,0.4529,0.4756,0.09763,4,6,1,0.4487,0.5423,0.5024,0.3182
47,Y,R,-0.4221,0.5812,4.0,2,Y,1,1,Y47R,0.1459,0.1623,0.05241,4,3,1,0.1433,0.1862,0.1814,0.07277
47,Y,S,0.05703,0.09315,1.5,2,Y,1,1,Y47S,1.281,1.18,0.5399,4,1,1,1.355,1.006,2.004,0.7609
47,Y,T,-1.534,0.5381,2.0,2,Y,1,1,Y47T,0.5062,0.5035,0.06521,4,1,1,0.5128,0.5882,0.4941,0.4298
47,Y,V,0.08748,0.0928,3.0,2,Y,1,1,Y47V,0.7433,0.7853,0.1532,4,2,1,0.7543,0.8767,0.8162,0.526
47,Y,W,-0.1024,0.2404,6.0,2,Y,1,1,Y47W,0.3906,0.46,0.1615,4,4,1,0.4341,0.4909,0.4859,0.1513
48,I,*,-4.955,0.0693,3.5,2,I,1,1,I48*,-0.1125,-0.05607,0.2424,4,1,1,-0.06068,0.117,-0.05146,-0.4548
48,I,A,-0.5815,0.1271,5.5,2,I,1,1,I48A,-0.5856,-0.5874,0.06887,4,7,1,-0.6675,-0.576,-0.5987,-0.5004
48,I,C,-0.5659,0.2568,6.0,2,I,1,1,I48C,0.2966,0.3325,0.1647,4,3,1,0.3059,0.3591,0.4541,0.06722
48,I,D,-2.586,1.929,5.0,2,I,1,1,I48D,-1.56,-1.568,0.1437,4,3,1,-1.509,-1.718,-1.628,-1.387
48,I,E,-1.535,0.297,4.5,2,I,1,1,I48E,-2.426,-2.435,0.3144,4,7,1,-2.636,-2.088,-2.234,-2.745
48,I,F,-0.2326,0.5734,6.0,2,I,1,1,I48F,-1.57,-1.524,0.1791,4,6,1,-1.588,-1.815,-1.416,-1.46
48,I,G,-1.567,0.4151,4.0,2,I,1,1,I48G,-1.312,-1.537,0.6224,4,1,1,-1.442,-0.4004,-1.772,-1.632
48,I,H,-1.943,0.4016,5.0,2,I,1,1,I48H,-2.318,-2.328,0.09012,4,5,1,-2.404,-2.274,-2.213,-2.382
48,I,K,-0.7007,0.7103,4.0,2,I,1,1,I48K,-1.974,-1.9,0.1962,4,5,1,-1.936,-2.261,-1.834,-1.864
48,I,M,-0.1394,0.01662,5.5,2,I,1,1,I48M,-0.7829,-0.7795,0.1335,4,6,1,-0.7235,-0.9398,-0.8356,-0.6328
48,I,N,-1.136,0.5194,6.5,2,I,1,1,I48N,-2.518,-2.554,0.1017,4,6,1,-2.592,-2.582,-2.372,-2.525
48,I,P,-1.624,0.589,2.5,2,I,1,1,I48P,-1.022,-1.057,0.1085,4,3,1,-1.103,-0.8707,-1.015,-1.099
48,I,Q,-1.785,0.3041,5.0,2,I,1,1,I48Q,-2.155,-2.136,0.09062,4,6,1,-2.167,-2.277,-2.069,-2.106
48,I,R,-1.752,0.7128,4.0,2,I,1,1,I48R,-2.271,-2.272,0.07238,4,5,1,-2.358,-2.181,-2.273,-2.272
48,I,S,-1.114,0.03818,6.0,2,I,1,1,I48S,-2.235,-2.136,0.2399,4,6,1,-2.184,-2.588,-2.087,-2.081
48,I,T,-1.129,0.2928,8.0,2,I,1,1,I48T,-1.316,-1.312,0.03172,4,11,1,-1.335,-1.35,-1.289,-1.289
48,I,V,0.05922,0.02659,7.5,2,I,1,1,I48V,-0.6276,-0.59,0.09873,4,8,1,-0.6112,-0.7717,-0.5586,-0.5689
48,I,W,-3.248,2.042,5.0,2,I,1,1,I48W,-0.1272,-0.1308,0.05732,4,2,1,-0.1484,-0.1132,-0.05581,-0.1913
48,I,Y,-1.469,0.727,5.0,2,I,1,1,I48Y,-1.802,-1.843,0.1687,4,3,1,-1.956,-1.565,-1.877,-1.809
49,P,*,-4.722,,0.5,1,P,1,1,P49*,-0.3991,-0.4012,0.1735,4,1,1,-0.4381,-0.1878,-0.3643,-0.6062
49,P,-,-0.9193,1.23,2.5,2,P,1,1,P49-,0.2983,0.3106,0.1225,4,2,1,0.4085,0.1636,0.2258,0.3955
49,P,A,-0.2752,0.5855,2.5,2,P,1,1,P49A,-1.029,-1.009,0.05559,4,4,1,-1.022,-1.109,-0.988,-0.9961
49,P,C,-1.248,0.4648,4.0,2,P,1,1,P49C,0.9061,0.9394,0.1454,4,6,1,0.9357,1.044,0.9432,0.701
49,P,D,0.002145,0.1,5.5,2,P,1,1,P49D,-1.837,-1.831,0.07624,4,4,1,-1.933,-1.752,-1.853,-1.81
49,P,E,-0.0553,0.3066,3.0,2,P,1,1,P49E,-2.131,-2.138,0.1114,4,3,1,-2.156,-2.259,-1.989,-2.121
49,P,F,-1.276,0.8595,2.0,2,P,1,1,P49F,-1.684,-1.691,0.08048,4,1,1,-1.775,-1.579,-1.684,-1.699
49,P,G,-0.3027,0.1728,5.5,2,P,1,1,P49G,-1.463,-1.423,0.1276,4,6,1,-1.442,-1.647,-1.357,-1.405
49,P,H,-0.5804,0.4189,16.5,2,P,1,1,P49H,-1.037,-0.992,0.1184,4,17,1,-1.011,-1.211,-0.9732,-0.9541
49,P,I,-1.064,1.126,4.0,2,P,1,1,P49I,-0.7153,-0.7385,0.1276,4,3,1,-0.8252,-0.5588,-0.6636,-0.8134
49,P,K,-0.08804,0.07731,2.5,2,P,1,1,P49K,0.2691,0.3162,0.1331,4,2,1,0.3431,0.3683,0.2893,0.07572
49,P,L,-1.538,0.2242,6.0,2,P,1,1,P49L,-1.784,-1.801,0.07113,4,9,1,-1.835,-1.843,-1.766,-1.691
49,P,M,-0.7655,0.2127,6.5,2,P,1,1,P49M,-1.192,-1.23,0.1137,4,4,1,-1.28,-1.028,-1.202,-1.257
49,P,N,-0.4677,0.159,5.0,2,P,1,1,P49N,-1.363,-1.33,0.1213,4,4,1,-1.384,-1.526,-1.264,-1.277
49,P,Q,-1.219,1.634,5.0,2,P,1,1,P49Q,-1.288,-1.225,0.1397,4,5,1,-1.237,-1.496,-1.205,-1.213
49,P,R,-0.02195,0.07261,4.0,2,P,1,1,P49R,-0.9855,-0.9812,0.03429,4,4,1,-1.001,-0.9533,-0.9613,-1.026
49,P,S,-0.6145,0.116,6.0,2,P,1,1,P49S,-1.015,-0.9765,0.1066,4,4,1,-1.006,-1.169,-0.9472,-0.9386
49,P,T,-0.04104,0.19,10.0,2,P,1,1,P49T,-0.8903,-0.9487,0.1615,4,13,1,-0.9706,-0.6534,-0.9268,-1.01
49,P,V,-0.2737,0.4523,2.0,2,P,1,1,P49V,-1.041,-1.039,0.03548,4,3,1,-1.087,-1.041,-1.001,-1.036
49,P,W,-2.861,0.5275,6.5,2,P,1,1,P49W,-1.639,-1.648,0.06373,4,6,1,-1.653,-1.706,-1.553,-1.643
49,P,Y,-1.157,0.4789,4.0,2,P,1,1,P49Y,-1.176,-1.214,0.1024,4,2,1,-1.189,-1.238,-1.028,-1.25
50,S,*,-4.58,0.4893,5.0,2,S,1,1,S50*,-0.1483,-0.1595,0.08778,4,5,1,-0.1784,-0.0324,-0.1407,-0.2417
50,S,-,-0.01461,0.0383,1.5,2,S,1,1,S50-,0.1787,0.1747,0.028,4,2,1,0.2127,0.1591,0.1527,0.1903
50,S,A,0.027,0.193,3.5,2,S,1,1,S50A,0.1222,0.1175,0.025,4,5,1,0.1143,0.1567,0.1207,0.09725
50,S,C,-1.022,0.7568,3.5,2,S,1,1,S50C,-0.1306,-0.1393,0.06545,4,5,1,-0.1337,-0.2009,-0.1449,-0.04286
50,S,D,0.07717,0.1341,4.0,2,S,1,1,S50D,0.1706,0.1813,0.06085,4,3,1,0.1955,0.08826,0.1672,0.2314
50,S,E,-0.4103,0.4294,2.5,2,S,1,1,S50E,-0.2527,-0.2192,0.1082,4,2,1,-0.1655,-0.4067,-0.1915,-0.247
50,S,F,-1.177,0.4411,8.0,2,S,1,1,S50F,-0.1727,-0.1687,0.02456,4,14,1,-0.1487,-0.2046,-0.159,-0.1784
50,S,G,0.09963,0.01594,4.5,2,S,1,1,S50G,0.5403,0.5042,0.1595,4,4,1,0.5643,0.7552,0.3977,0.4441
50,S,H,0.1208,,2.0,1,S,1,1,S50H,0.009202,-0.004947,0.03696,4,4,1,0.002127,0.06334,-0.01202,-0.01664
50,S,I,-0.0936,0.3523,1.5,2,S,1,1,S50I,1.454,1.621,1.108,4,2,1,2.373,2.393,0.8692,0.1821
50,S,K,0.1251,0.0164,5.0,2,S,1,1,S50K,0.1877,0.1776,0.08847,4,5,1,0.188,0.3047,0.09091,0.1673
50,S,L,-0.1063,0.3697,3.0,2,S,1,1,S50L,0.2089,0.2114,0.07623,4,4,1,0.2104,0.2124,0.2996,0.1131
50,S,M,-0.13,0.3744,4.0,2,S,1,1,S50M,-2.064,-1.978,0.4653,4,1,1,-2.1,-2.693,-1.606,-1.855
50,S,N,-0.3992,0.675,5.5,2,S,1,1,S50N,0.001871,-0.008249,0.03271,4,6,1,-0.01124,-0.005262,-0.0253,0.04929
50,S,P,0.03904,0.1107,5.5,2,S,1,1,S50P,-0.07566,-0.08744,0.03719,4,10,1,-0.09583,-0.07906,-0.1054,-0.02231
50,S,Q,0.0042,0.2297,4.5,2,S,1,1,S50Q,0.5759,0.6201,0.1367,4,7,1,0.5819,0.6822,0.6583,0.3812
50,S,R,0.02683,0.02585,4.5,2,S,1,1,S50R,0.02014,-0.01404,0.07941,4,2,1,-0.01477,-0.01332,-0.03007,0.1387
50,S,T,-0.3746,0.7113,5.5,2,S,1,1,S50T,0.1229,0.1082,0.0407,4,6,1,0.1213,0.181,0.09431,0.09507
50,S,V,0.1048,0.06425,6.5,2,S,1,1,S50V,-0.006523,-0.007861,0.03688,4,9,1,0.001906,0.03887,-0.01763,-0.04925
50,S,W,-2.243,3.369,3.5,2,S,1,1,S50W,-0.4355,-0.4608,0.2764,4,1,1,-0.5621,-0.08923,-0.3594,-0.7313
50,S,Y,-0.1862,0.2635,9.0,2,S,1,1,S50Y,-0.4939,-0.5003,0.04647,4,10,1,-0.4734,-0.5272,-0.4382,-0.5368
51,D,-,0.007935,0.1384,1.5,2,D,1,1,D51-,0.1786,0.1741,0.02817,4,2,1,0.2135,0.159,0.1527,0.1891
51,D,A,0.003786,0.01355,6.0,2,D,1,1,D51A,0.3135,0.3209,0.05978,4,5,1,0.3271,0.3783,0.3147,0.2339
51,D,C,-0.9688,0.07106,2.5,2,D,1,1,D51C,0.7101,0.6806,0.2018,4,4,1,0.7519,0.9726,0.6092,0.5067
51,D,E,-0.011,0.02392,6.5,2,D,1,1,D51E,-0.1488,-0.152,0.02362,4,8,1,-0.1585,-0.1177,-0.1454,-0.1733
51,D,F,0.1123,0.03654,4.5,2,D,1,1,D51F,0.1275,0.1263,0.01307,4,6,1,0.1262,0.1264,0.1446,0.1128
51,D,G,0.03335,0.1933,3.0,2,D,1,1,D51G,0.8082,0.7903,0.0574,4,3,1,0.7973,0.8913,0.7834,0.7609
51,D,H,-0.4378,0.3367,6.5,2,D,1,1,D51H,0.1335,0.1304,0.06715,4,8,1,0.1555,0.1053,0.2148,0.05837
51,D,I,-0.9658,0.7469,4.5,2,D,1,1,D51I,-0.2506,-0.2606,0.1359,4,2,1,-0.3847,-0.09655,-0.1786,-0.3427
51,D,K,-0.0846,0.3595,3.0,2,D,1,1,D51K,0.3799,0.4032,0.08956,4,1,1,0.3783,0.4582,0.4281,0.255
51,D,L,-0.2421,0.4876,3.5,2,D,1,1,D51L,0.2754,0.287,0.04153,4,3,1,0.2901,0.2839,0.3119,0.2158
51,D,M,-0.2463,0.1964,4.5,2,D,1,1,D51M,0.466,0.4732,0.05656,4,5,1,0.4714,0.5274,0.4749,0.3904
51,D,N,0.05522,0.06942,19.0,2,D,1,1,D51N,0.3174,0.3207,0.05799,4,29,1,0.2776,0.2579,0.3704,0.3639
51,D,P,-0.2652,,2.0,1,D,1,1,D51P,-0.392,-0.4042,0.03204,4,4,1,-0.4092,-0.4148,-0.345,-0.3992
51,D,Q,-0.6873,0.776,5.5,2,D,1,1,D51Q,0.3054,0.3101,0.0377,4,5,1,0.3221,0.3449,0.2981,0.2567
51,D,R,-0.8478,0.9873,2.5,2,D,1,1,D51R,0.4438,0.4482,0.1293,4,4,1,0.4541,0.5975,0.4423,0.2812
51,D,S,0.0501,0.0956,6.0,2,D,1,1,D51S,0.5591,0.5826,0.08763,4,6,1,0.5563,0.6342,0.6089,0.437
51,D,T,-0.2177,0.4914,4.5,2,D,1,1,D51T,0.1083,0.09839,0.04064,4,5,1,0.1053,0.1654,0.0709,0.09151
51,D,V,-1.491,0.9159,5.5,2,D,1,1,D51V,-0.007106,-0.01806,0.02476,4,5,1,-0.02221,-0.01887,-0.01726,0.02991
51,D,W,-0.2347,0.06208,5.5,2,D,1,1,D51W,0.5092,0.5317,0.08289,4,2,1,0.501,0.5779,0.5624,0.3953
51,D,Y,-0.7254,0.1493,10.0,2,D,1,1,D51Y,0.3075,0.3177,0.09109,4,16,1,0.3217,0.4079,0.3136,0.1868
52,F,*,-4.911,0.02616,4.5,2,F,1,1,F52*,-0.0393,-0.04362,0.1437,4,6,1,-0.06849,0.1392,-0.01876,-0.2091
52,F,-,-0.4961,0.3309,1.5,2,F,1,1,F52-,0.3032,0.3119,0.115,4,2,1,0.4072,0.1818,0.2284,0.3953
52,F,A,-0.678,1.061,2.0,2,F,1,1,F52A,-0.8178,-0.8413,0.1158,4,3,1,-0.8504,-0.932,-0.6567,-0.8322
52,F,C,-0.4644,0.004455,5.0,2,F,1,1,F52C,0.6853,0.6318,0.359,4,1,1,0.551,0.7126,1.164,0.3133
52,F,D,-1.169,1.493,4.5,2,F,1,1,F52D,-2.541,-2.541,0.1203,4,5,1,-2.683,-2.583,-2.401,-2.498
52,F,E,-0.6173,0.5709,4.0,2,F,1,1,F52E,-2.354,-2.426,0.1849,4,5,1,-2.483,-2.46,-2.392,-2.083
52,F,G,-0.6097,0.9493,4.5,2,F,1,1,F52G,-1.413,-1.482,0.3303,4,4,1,-1.526,-0.9539,-1.437,-1.734
52,F,H,-0.905,,1.5,1,F,1,1,F52H,-0.2495,-0.1352,0.2419,4,3,1,-0.1448,-0.6119,-0.1159,-0.1256
52,F,I,-1.704,1.952,4.0,2,F,1,1,F52I,-1.393,-1.291,0.2514,4,4,1,-1.307,-1.767,-1.225,-1.275
52,F,K,-0.9342,0.2006,5.0,2,F,1,1,F52K,-1.503,-1.491,0.09204,4,2,1,-1.488,-1.626,-1.495,-1.403
52,F,L,-0.2629,,3.5,1,F,1,1,F52L,-0.6053,-0.5448,0.3428,4,1,1,-0.4964,-1.074,-0.5932,-0.2575
52,F,M,0.1705,,2.5,1,F,1,1,F52M,-0.9599,-0.8747,0.2076,4,4,1,-0.8986,-1.268,-0.8509,-0.8224
52,F,N,-0.5869,0.587,2.5,2,F,1,1,F52N,-0.3435,-0.392,0.1502,4,2,1,-0.4363,-0.1302,-0.4598,-0.3477
52,F,P,-1.097,0.189,4.0,2,F,1,1,F52P,0.05204,0.03541,0.112,4,3,1,-0.03647,0.1073,-0.04571,0.1831
52,F,Q,-0.06087,0.1777,3.0,2,F,1,1,F52Q,-1.049,-1.026,0.1036,4,5,1,-1.054,-1.191,-0.997,-0.9527
52,F,R,-1.808,1.422,3.5,2,F,1,1,F52R,-2.051,-2.059,0.07787,4,5,1,-2.044,-2.073,-1.95,-2.137
52,F,S,-0.04985,0.1767,7.0,2,F,1,1,F52S,-1.705,-1.562,0.3576,4,7,1,-1.615,-2.233,-1.464,-1.509
52,F,T,0.06665,0.0664,1.0,2,F,1,1,F52T,-1.386,-1.309,0.2007,4,1,1,-1.328,-1.683,-1.289,-1.244
52,F,V,-0.8891,0.6759,2.5,2,F,1,1,F52V,-0.1421,-0.1455,0.05702,4,3,1,-0.1188,-0.07438,-0.2031,-0.1722
52,F,W,-0.2188,0.4974,3.5,2,F,1,1,F52W,-0.3151,-0.3705,0.2631,4,4,1,-0.5113,-0.2298,0.01939,-0.5387
52,F,Y,-0.777,0.243,3.5,2,F,1,1,F52Y,-1.187,-1.147,0.1369,4,5,1,-1.171,-1.383,-1.07,-1.123
53,A,-,-0.159,0.0856,1.5,2,A,1,1,A53-,0.1796,0.1762,0.0286,4,2,1,0.2132,0.1591,0.1529,0.1934
53,A,C,-0.3001,0.5746,4.5,2,A,1,1,A53C,1.088,1.288,0.5936,4,7,1,1.254,1.322,1.558,0.2199
53,A,D,-0.0864,0.3442,3.5,2,A,1,1,A53D,-0.9826,-0.8966,0.2042,4,6,1,-0.9237,-1.285,-0.8696,-0.8517
53,A,E,-0.5451,1.015,2.5,2,A,1,1,A53E,-0.4155,-0.4075,0.0347,4,3,1,-0.4167,-0.4634,-0.3836,-0.3983
53,A,F,0.1239,0.04675,7.0,2,A,1,1,A53F,-0.4149,-0.389,0.09604,4,6,1,-0.408,-0.551,-0.37,-0.3307
53,A,G,-0.1086,0.3197,5.0,2,A,1,1,A53G,0.08751,0.09351,0.03865,4,3,1,0.09684,0.128,0.09019,0.03505
53,A,H,-0.6028,0.8884,3.5,2,A,1,1,A53H,-0.5649,-0.5714,0.0774,4,4,1,-0.569,-0.6527,-0.5738,-0.4641
53,A,I,0.02149,0.09716,3.0,2,A,1,1,A53I,-0.2918,-0.295,0.03201,4,2,1,-0.2975,-0.2926,-0.2496,-0.3273
53,A,K,-0.268,0.1852,4.5,2,A,1,1,A53K,0.09036,0.09029,0.08985,4,3,1,0.07322,0.1074,0.1991,-0.01827
53,A,L,0.03459,0.08228,3.5,2,A,1,1,A53L,0.1839,0.1668,0.04012,4,2,1,0.1618,0.2435,0.1717,0.1587
53,A,M,-0.6108,0.02447,3.0,2,A,1,1,A53M,-0.4309,-0.4994,0.287,4,3,1,-0.3635,-0.6717,-0.05304,-0.6353
53,A,N,-0.0771,0.282,4.5,2,A,1,1,A53N,0.04246,0.03425,0.03688,4,6,1,0.04995,0.01855,0.0914,0.009956
53,A,P,-0.1757,0.1434,5.0,2,A,1,1,A53P,0.00731,0.008615,0.01484,4,5,1,0.009095,0.02408,-0.01207,0.008136
53,A,Q,-0.5061,0.8527,3.0,2,A,1,1,A53Q,-0.7831,-0.7838,0.05585,4,2,1,-0.7774,-0.8505,-0.7143,-0.7903
53,A,R,-1.98,,1.0,1,A,1,1,A53R,0.01332,-0.001798,0.06421,4,2,1,0.001237,0.1041,-0.004833,-0.04718
53,A,S,-0.009955,0.05727,7.0,2,A,1,1,A53S,0.02654,0.01133,0.04591,4,9,1,0.02422,-0.00156,-0.00856,0.09208
53,A,T,0.1008,0.02379,7.0,2,A,1,1,A53T,0.4704,0.479,0.07679,4,7,1,0.4626,0.5538,0.4953,0.3701
53,A,V,-0.2154,0.4261,15.0,2,A,1,1,A53V,-0.3851,-0.3861,0.008362,4,16,1,-0.3747,-0.3937,-0.3825,-0.3897
53,A,W,-0.01055,0.2074,4.5,2,A,1,1,A53W,-0.5257,-0.5182,0.09517,4,5,1,-0.5231,-0.6491,-0.5133,-0.4171
53,A,Y,-0.2533,0.01697,3.0,2,A,1,1,A53Y,-0.5545,-0.5434,0.151,4,4,1,-0.4611,-0.7305,-0.4008,-0.6258
54,F,*,-4.933,0.111,3.0,2,F,1,1,F54*,0.3325,0.3733,0.2485,4,2,1,0.2554,0.5663,0.4913,0.01707
54,F,-,0.018,0.02148,1.5,2,F,1,1,F54-,0.2995,0.3132,0.1111,4,2,1,0.4033,0.1683,0.2475,0.379
54,F,A,-0.779,0.2998,4.5,2,F,1,1,F54A,-1.433,-1.448,0.04205,4,5,1,-1.465,-1.445,-1.451,-1.372
54,F,C,-1.507,0.7751,3.5,2,F,1,1,F54C,1.299,1.311,0.1483,4,4,1,1.334,1.467,1.289,1.108
54,F,D,-1.39,1.098,6.0,2,F,1,1,F54D,-0.5808,-0.6208,0.09285,4,4,1,-0.6223,-0.4422,-0.6394,-0.6194
54,F,E,-1.574,,2.0,1,F,1,1,F54E,-1.149,-1.15,0.1332,4,4,1,-1.202,-1.098,-1.303,-0.9938
54,F,G,-0.7049,0.3207,3.5,2,F,1,1,F54G,-1.586,-1.777,0.4298,4,4,1,-1.843,-0.9448,-1.734,-1.82
54,F,H,-1.202,1.189,7.0,2,F,1,1,F54H,-1.028,-0.9989,0.2012,4,6,1,-1.012,-1.299,-0.9856,-0.8137
54,F,I,-1.689,2.063,4.0,2,F,1,1,F54I,-1.203,-1.282,0.1905,4,4,1,-1.327,-0.9185,-1.281,-1.284
54,F,K,-0.5303,0.05706,3.0,2,F,1,1,F54K,-1.814,-1.772,0.1994,4,5,1,-1.78,-2.093,-1.765,-1.619
54,F,L,-0.7331,1.025,9.5,2,F,1,1,F54L,-1.032,-0.9875,0.1416,4,10,1,-1.025,-1.234,-0.9496,-0.9193
54,F,M,-0.04445,0.2546,5.0,2,F,1,1,F54M,-1.038,-0.9249,0.2498,4,6,1,-0.954,-1.41,-0.8959,-0.8913
54,F,N,-1.437,0.01202,5.5,2,F,1,1,F54N,-2.272,-2.288,0.1759,4,5,1,-2.277,-2.469,-2.041,-2.299
54,F,P,-0.8223,,1.5,1,F,1,1,F54P,-1.508,-1.518,0.08079,4,2,1,-1.523,-1.596,-1.4,-1.512
54,F,Q,-1.505,0.1181,8.0,2,F,1,1,F54Q,-1.993,-1.984,0.08208,4,7,1,-1.998,-2.1,-1.971,-1.902
54,F,R,-1.455,0.09475,6.0,2,F,1,1,F54R,-1.794,-1.759,0.3039,4,4,1,-1.772,-1.46,-1.745,-2.198
54,F,S,-2.958,1.342,4.0,2,F,1,1,F54S,-2.012,-1.994,0.1703,4,5,1,-2.018,-2.236,-1.969,-1.825
54,F,T,-1.318,1.311,2.0,2,F,1,1,F54T,-1.541,-1.437,0.2467,4,2,1,-1.485,-1.904,-1.384,-1.39
54,F,V,-0.6371,0.6178,6.0,2,F,1,1,F54V,-2.229,-2.24,0.1406,4,9,1,-2.304,-2.378,-2.059,-2.177
54,F,W,0.07147,0.1361,2.5,2,F,1,1,F54W,-0.1313,-0.1399,0.1003,4,2,1,-0.1763,-0.1034,-0.2393,-0.006058
54,F,Y,-0.5202,0.7974,4.5,2,F,1,1,F54Y,-0.03216,-0.02377,0.06011,4,5,1,-0.001102,-0.04645,0.02847,-0.1096
55,N,-,-2.79,0.6208,2.5,2,N,1,1,N55-,-0.4349,-0.4647,0.1057,4,3,1,-0.4878,-0.2849,-0.5253,-0.4416
55,N,A,0.1094,0.07356,6.0,2,N,1,1,N55A,-0.2191,-0.2121,0.03872,4,6,1,-0.2169,-0.2723,-0.18,-0.2074
55,N,C,-0.1016,0.3304,2.5,2,N,1,1,N55C,1.977,1.935,0.4046,4,3,1,2.083,2.488,1.786,1.549
55,N,D,-0.03619,0.1355,4.5,2,N,1,1,N55D,-0.5876,-0.6081,0.07925,4,6,1,-0.5669,-0.65,-0.6494,-0.4842
55,N,E,0.06727,0.05124,3.5,2,N,1,1,N55E,0.1731,0.1605,0.07901,4,2,1,0.2672,0.1115,0.2095,0.1041
55,N,F,-0.9022,1.384,3.0,2,N,1,1,N55F,0.3198,0.3164,0.07257,4,2,1,0.3181,0.2345,0.3147,0.412
55,N,G,-1.323,1.642,4.0,2,N,1,1,N55G,0.1624,0.1676,0.01902,4,3,1,0.1598,0.1755,0.1365,0.1778
55,N,H,0.06496,0.08632,5.0,2,N,1,1,N55H,0.3565,0.3534,0.08337,4,4,1,0.3502,0.3566,0.4616,0.2577
55,N,I,-0.0902,0.3172,3.5,2,N,1,1,N55I,-0.6387,-0.552,0.2114,4,3,1,-0.5402,-0.9532,-0.4977,-0.5639
55,N,K,-0.3699,0.5747,5.0,2,N,1,1,N55K,0.1067,0.1072,0.02245,4,4,1,0.1048,0.07875,0.1096,0.1335
55,N,L,0.1462,0.02722,3.5,2,N,1,1,N55L,0.2745,0.2859,0.08546,4,5,1,0.284,0.1597,0.3665,0.2878
55,N,M,0.02264,0.1575,3.0,2,N,1,1,N55M,-0.3909,-0.3669,0.1016,4,2,1,-0.3811,-0.5338,-0.3528,-0.2961
55,N,P,-0.2743,0.2407,5.0,2,N,1,1,N55P,-0.2451,-0.2307,0.05039,4,5,1,-0.2057,-0.3132,-0.2082,-0.2532
55,N,Q,-2.914,1.27,1.5,2,N,1,1,N55Q,-0.002943,0.01526,0.06311,4,1,1,0.006086,0.05116,0.02443,-0.09344
55,N,R,-1.12,1.147,1.5,2,N,1,1,N55R,0.07121,0.09494,0.09216,4,1,1,0.06379,0.1261,0.1507,-0.05569
55,N,S,-0.1626,0.009051,4.0,2,N,1,1,N55S,-0.04198,-0.04529,0.01972,4,3,1,-0.06167,-0.01565,-0.05094,-0.03964
55,N,T,-0.08449,0.071,3.5,2,N,1,1,N55T,-0.4648,-0.4,0.1741,4,3,1,-0.3385,-0.7207,-0.3758,-0.4242
55,N,V,0.0096,0.2046,6.0,2,N,1,1,N55V,-0.1284,-0.1275,0.0357,4,3,1,-0.1227,-0.1728,-0.1322,-0.08586
55,N,W,-0.5645,0.3559,2.0,2,N,1,1,N55W,0.1166,0.1165,0.01896,4,1,1,0.1105,0.09421,0.1391,0.1226
55,N,Y,-0.5671,1.038,2.5,2,N,1,1,N55Y,0.4825,0.493,0.09823,4,1,1,0.4946,0.5915,0.4913,0.3527
56,N,*,-4.948,0.04384,5.0,2,N,1,1,N56*,0.4861,0.5872,0.3203,4,3,1,0.5658,0.7496,0.6086,0.02029
56,N,-,-1.612,1.8,2.0,2,N,1,1,N56-,-0.9552,-1.142,0.4138,4,3,1,-1.129,-0.336,-1.156,-1.2
56,N,A,-0.4777,0.9182,3.5,2,N,1,1,N56A,-0.2191,-0.1957,0.06981,4,2,1,-0.1943,-0.3213,-0.1971,-0.1636
56,N,C,-0.5556,0.1969,4.0,2,N,1,1,N56C,1.056,1.132,0.219,4,4,1,1.07,1.194,1.219,0.7424
56,N,D,-0.1076,0.2266,3.0,2,N,1,1,N56D,-1.335,-1.248,0.2319,4,2,1,-1.276,-1.677,-1.219,-1.17
56,N,E,-0.7143,1.209,4.5,2,N,1,1,N56E,-1.741,-1.742,0.1232,4,6,1,-1.794,-1.881,-1.598,-1.69
56,N,F,-0.4594,0.1145,2.0,2,N,1,1,N56F,0.2545,0.2398,0.1373,4,2,1,0.1875,0.4276,0.2921,0.1108
56,N,G,-0.9383,0.3645,3.5,2,N,1,1,N56G,0.3193,0.2811,0.1172,4,2,1,0.4861,0.2476,0.3147,0.2288
56,N,H,-1.394,2.133,2.5,2,N,1,1,N56H,1.465,1.451,0.2583,4,1,1,1.581,1.767,1.321,1.192
56,N,I,-1.701,0.5204,3.5,2,N,1,1,N56I,-1.08,-1.118,0.1186,4,4,1,-0.9101,-1.174,-1.089,-1.146
56,N,K,-0.2769,0.134,7.5,2,N,1,1,N56K,-1.226,-1.201,0.107,4,7,1,-1.204,-1.378,-1.198,-1.126
56,N,L,-1.224,0.227,5.5,2,N,1,1,N56L,-1.581,-1.4,0.4431,4,5,1,-1.461,-2.237,-1.288,-1.339
56,N,M,-0.6454,0.1232,7.0,2,N,1,1,N56M,-1.164,-1.066,0.2532,4,3,1,-1.081,-1.54,-1.051,-0.9866
56,N,P,-2.112,0.2447,5.0,2,N,1,1,N56P,-0.2889,-0.2645,0.09349,4,3,1,-0.2887,-0.2069,-0.2403,-0.4198
56,N,Q,-0.3507,0.7398,3.5,2,N,1,1,N56Q,-0.6359,-0.6154,0.07396,4,6,1,-0.6123,-0.7422,-0.5708,-0.6184
56,N,R,-4.499,0.4921,2.5,2,N,1,1,N56R,1.11,1.216,0.4292,4,2,1,1.173,1.26,1.506,0.5024
56,N,S,-0.535,0.7142,7.0,2,N,1,1,N56S,-0.07641,-0.07841,0.03152,4,5,1,-0.03645,-0.1124,-0.08486,-0.07195
56,N,T,-0.4698,0.2388,7.0,2,N,1,1,N56T,-1.878,-1.918,0.1775,4,8,1,-2.037,-1.639,-1.985,-1.85
56,N,V,-2.608,1.489,6.5,2,N,1,1,N56V,0.02952,0.0116,0.1662,4,7,1,0.01839,0.2493,0.004802,-0.1544
56,N,W,-0.192,0.4569,2.0,2,N,1,1,N56W,-1.143,-1.017,0.2929,4,1,1,-1.031,-1.58,-1.002,-0.9586
56,N,Y,-0.9613,0.005303,3.0,2,N,1,1,N56Y,-1.985,-2.103,0.3058,4,1,1,-2.191,-1.54,-2.025,-2.182
57,W,*,-4.88,0.07566,13.5,2,W,1,1,W57*,0.4927,0.547,0.1858,4,19,1,0.5189,0.575,0.6507,0.2261
57,W,-,-0.4044,,1.0,1,W,1,1,W57-,0.1939,0.1922,0.04085,4,2,1,0.2236,0.1609,0.1567,0.2345
57,W,A,-2.349,0.5607,2.5,2,W,1,1,W57A,-1.211,-1.124,0.1999,4,2,1,-1.143,-1.509,-1.104,-1.089
57,W,C,-3.797,1.59,7.5,2,W,1,1,W57C,-0.2689,-0.265,0.2366,4,9,1,-0.1012,-0.03381,-0.4289,-0.5117
57,W,D,-4.918,0.004243,5.5,2,W,1,1,W57D,0.05832,0.05072,0.03304,4,8,1,0.0647,0.03675,0.1023,0.02951
57,W,E,-4.936,0.009899,3.0,2,W,1,1,W57E,-1.783,-1.931,0.3643,4,1,1,-1.984,-1.245,-1.878,-2.026
57,W,F,-1.916,2.384,2.5,2,W,1,1,W57F,-0.8661,-0.7454,0.2443,4,1,1,-0.7411,-1.233,-0.7434,-0.7474
57,W,G,-4.899,0.1124,4.0,2,W,1,1,W57G,-0.6295,-0.653,0.06348,4,5,1,-0.6761,-0.536,-0.6467,-0.6592
57,W,H,-3.199,0.297,9.0,2,W,1,1,W57H,-2.914,-2.895,0.2607,4,7,1,-3.214,-2.746,-2.651,-3.043
57,W,I,-1.558,0.2044,3.5,2,W,1,1,W57I,-0.5219,-0.5419,0.06089,4,4,1,-0.5708,-0.4329,-0.5424,-0.5415
57,W,K,-4.958,0.05162,2.5,2,W,1,1,W57K,-0.7249,-0.8507,0.3537,4,2,1,-0.8793,-0.2052,-0.822,-0.9931
57,W,L,-1.637,0.5558,14.5,2,W,1,1,W57L,-1.048,-0.9445,0.3077,4,23,1,-0.9845,-1.496,-0.9045,-0.8057
57,W,M,-1.293,0.9,7.0,2,W,1,1,W57M,-0.5938,-0.5651,0.08089,4,6,1,-0.5614,-0.7129,-0.5323,-0.5687
57,W,N,-4.749,,3.5,1,W,1,1,W57N,0.2447,0.1988,0.3518,4,6,1,0.2731,0.71,0.1244,-0.1289
57,W,P,-4.521,0.1379,4.5,2,W,1,1,W57P,-1.112,-0.944,0.4116,4,5,1,-0.9491,-1.725,-0.8352,-0.939
57,W,Q,-4.63,0.244,6.0,2,W,1,1,W57Q,-1.206,-1.249,0.111,4,6,1,-1.284,-1.042,-1.241,-1.258
57,W,R,-4.024,1.327,4.0,2,W,1,1,W57R,0.7929,0.8907,0.3562,4,2,1,0.8053,0.9761,1.1,0.2902
57,W,S,-3.168,0.6032,1.5,2,W,1,1,W57S,-1.309,-1.311,0.06078,4,1,1,-1.381,-1.233,-1.317,-1.306
57,W,T,-0.5634,0.02645,2.5,2,W,1,1,W57T,-1.42,-1.316,0.3708,4,3,1,-1.363,-1.951,-1.27,-1.097
57,W,V,-1.363,0.01697,4.5,2,W,1,1,W57V,-1.152,-1.027,0.2914,4,3,1,-1.047,-1.586,-1.007,-0.9681
57,W,Y,-0.8325,0.05537,5.0,2,W,1,1,W57Y,-0.8894,-0.7756,0.2501,4,5,1,-0.7837,-1.264,-0.7675,-0.7426
58,F,*,-4.868,0.05515,8.5,2,F,1,1,F58*,0.4945,0.4788,0.1582,4,8,1,0.5419,0.692,0.4158,0.3284
58,F,-,-1.356,1.778,1.0,2,F,1,1,F58-,0.005618,0.006892,0.0293,4,1,1,0.02624,0.03452,-0.02583,-0.01245
58,F,C,-0.5738,0.3594,5.5,2,F,1,1,F58C,-1.531,-1.573,0.2886,4,3,1,-1.553,-1.142,-1.838,-1.593
58,F,D,-4.91,0.02687,4.5,2,F,1,1,F58D,0.2518,0.1832,0.2125,4,4,1,0.2673,0.5468,0.09914,0.09392
58,F,E,-4.437,0.5091,2.0,2,F,1,1,F58E,-0.7944,-0.8536,0.1464,4,2,1,-0.8437,-0.5769,-0.8635,-0.8934
58,F,G,-4.046,0.8287,5.0,2,F,1,1,F58G,-0.6171,-0.6673,0.1558,4,6,1,-0.6807,-0.3904,-0.6539,-0.7436
58,F,H,-1.826,2.183,2.0,2,F,1,1,F58H,-2.494,-2.576,0.2569,4,1,1,-2.702,-2.122,-2.536,-2.616
58,F,I,-4.912,0.07071,5.5,2,F,1,1,F58I,-0.3543,-0.3947,0.1769,4,3,1,-0.4156,-0.1061,-0.3737,-0.5219
58,F,K,-4.881,0.1838,8.0,2,F,1,1,F58K,-1.504,-1.6,0.2688,4,6,1,-1.55,-1.113,-1.651,-1.704
58,F,L,-2.37,1.061,17.0,2,F,1,1,F58L,-2.492,-2.537,0.1856,4,25,1,-2.641,-2.254,-2.436,-2.638
58,F,M,-1.108,0.5023,5.0,2,F,1,1,F58M,-1.278,-1.276,0.01186,4,4,1,-1.293,-1.27,-1.281,-1.267
58,F,N,-1.333,1.229,1.5,2,F,1,1,F58N,-2.011,-2.156,0.3996,4,1,1,-2.264,-1.435,-2.048,-2.296
58,F,P,-3.894,0.2567,6.5,2,F,1,1,F58P,-0.6588,-0.6407,0.07379,4,3,1,-0.6636,-0.7605,-0.6178,-0.5933
58,F,Q,-3.117,,1.5,1,F,1,1,F58Q,-1.791,-1.815,0.114,4,2,1,-1.893,-1.639,-1.768,-1.861
58,F,R,-4.907,0.001414,5.5,2,F,1,1,F58R,-0.269,-0.1167,0.3565,4,6,1,-0.08277,-0.1507,-0.0428,-0.7996
58,F,S,-1.726,0.06576,3.5,2,F,1,1,F58S,0.2271,0.08122,0.3584,4,3,1,0.1242,0.758,0.03823,-0.01211
58,F,T,-3.455,0.3041,5.0,2,F,1,1,F58T,0.08806,-0.225,1.093,4,3,1,0.137,1.611,-0.587,-0.8087
58,F,W,-3.179,0.004243,6.0,2,F,1,1,F58W,-1.849,-1.844,0.07298,4,5,1,-1.838,-1.942,-1.849,-1.765
58,F,Y,-0.6645,0.241,4.5,2,F,1,1,F58Y,-2.227,-2.165,0.2958,4,4,1,-2.202,-2.129,-1.939,-2.639
59,L,-,-1.455,0.6088,1.0,2,L,1,1,L59-,0.1345,0.09695,0.09346,4,1,1,0.09552,0.07062,0.2734,0.09839
59,L,A,-1.296,0.1888,5.0,2,L,1,1,L59A,-0.5787,-0.6523,0.2731,4,6,1,-0.6889,-0.1893,-0.6157,-0.8208
59,L,C,-1.146,0.6541,4.0,2,L,1,1,L59C,-0.803,-0.8529,0.1103,4,3,1,-0.8681,-0.638,-0.8505,-0.8553
59,L,D,-4.89,0.05586,2.0,2,L,1,1,L59D,-0.5934,-0.5885,0.05021,4,1,1,-0.6593,-0.5372,-0.5915,-0.5855
59,L,E,-4.941,0.007778,3.0,2,L,1,1,L59E,0.5184,0.5068,0.4282,4,2,1,0.4512,0.5623,1.051,0.008725
59,L,F,-2.317,0.2906,2.5,2,L,1,1,L59F,0.1319,0.1205,0.1148,4,1,1,0.1183,0.1226,0.2829,0.003592
59,L,G,-4.91,0.02899,6.0,2,L,1,1,L59G,0.1177,0.1262,0.3107,4,5,1,-0.02262,0.2751,0.4591,-0.2408
59,L,H,-1.886,2.823,7.0,2,L,1,1,L59H,-1.048,-0.9477,0.4952,4,3,1,-1.003,-1.736,-0.8929,-0.5621
59,L,I,-0.4266,0.2836,6.5,2,L,1,1,L59I,-1.143,-1.147,0.1233,4,7,1,-1.19,-1.284,-0.9943,-1.103
59,L,K,-3.154,0.3274,11.5,2,L,1,1,L59K,-0.1178,-0.1276,0.07787,4,11,1,-0.1085,-0.01557,-0.1466,-0.2004
59,L,M,-0.1856,0.4554,9.5,2,L,1,1,L59M,-0.167,-0.1648,0.009106,4,16,1,-0.1789,-0.1602,-0.1695,-0.1596
59,L,N,-4.872,0.005657,4.5,2,L,1,1,L59N,-0.303,-0.3381,0.2206,4,4,1,-0.3269,-0.002425,-0.3494,-0.5332
59,L,P,-3.352,2.156,3.5,2,L,1,1,L59P,-2.405,-2.398,0.1738,4,4,1,-2.52,-2.238,-2.275,-2.585
59,L,Q,-0.5573,0.9995,5.5,2,L,1,1,L59Q,0.0567,0.04528,0.07007,4,4,1,0.04496,0.1524,0.0456,-0.01616
59,L,R,-4.632,0.5275,6.5,2,L,1,1,L59R,0.1766,0.1804,0.1537,4,4,1,0.1573,0.2034,0.3595,-0.01388
59,L,S,-1.914,0.03606,5.0,2,L,1,1,L59S,-1.745,-1.692,0.2179,4,6,1,-1.75,-2.048,-1.634,-1.549
59,L,T,-2.773,0.4115,2.5,2,L,1,1,L59T,-1.464,-1.43,0.135,4,2,1,-1.478,-1.649,-1.381,-1.348
59,L,V,-0.1603,0.2157,6.0,2,L,1,1,L59V,-1.27,-1.123,0.3386,4,9,1,-1.155,-1.774,-1.091,-1.059
59,L,W,-2.503,0.3444,3.5,2,L,1,1,L59W,0.7726,0.5434,0.8556,4,2,1,0.6031,1.996,0.4837,0.007223
59,L,Y,-1.982,0.6654,4.5,2,L,1,1,L59Y,-0.3063,-0.2988,0.04867,4,5,1,-0.3059,-0.3719,-0.2554,-0.2918
60,L,-,-1.173,1.137,1.0,2,L,1,1,L60-,0.1347,0.09941,0.09709,4,1,1,0.09445,0.06209,0.2778,0.1044
60,L,A,-4.851,0.1577,3.0,2,L,1,1,L60A,-0.2566,-0.2865,0.1195,4,3,1,-0.2596,-0.08931,-0.3133,-0.3644
60,L,D,-4.79,0.1775,5.5,2,L,1,1,L60D,0.1369,0.1055,0.2842,4,5,1,0.06642,0.5112,0.1446,-0.1747
60,L,E,-4.99,0.02758,22.5,2,L,1,1,L60E,-0.7794,-0.7296,0.1197,4,14,1,-0.7187,-0.9574,-0.7405,-0.701
60,L,F,-4.909,0.02616,5.0,2,L,1,1,L60F,-0.2984,-0.3169,0.0701,4,3,1,-0.3281,-0.3057,-0.1989,-0.3609
60,L,G,-4.883,,1.5,1,L,1,1,L60G,-1.729,-1.797,0.2702,4,2,1,-1.713,-1.881,-1.966,-1.356
60,L,H,-4.931,0.03465,4.5,2,L,1,1,L60H,1.228,1.34,0.4214,4,4,1,1.464,1.217,1.592,0.6411
60,L,I,-0.177,0.446,2.5,2,L,1,1,L60I,-1.745,-1.779,0.1167,4,4,1,-1.843,-1.756,-1.578,-1.802
60,L,K,-4.917,0.01838,4.0,2,L,1,1,L60K,1.355,1.72,0.8299,4,4,1,1.618,1.822,1.858,0.12
60,L,M,-0.1087,0.3125,2.0,2,L,1,1,L60M,-0.5126,-0.5028,0.07426,4,2,1,-0.4856,-0.6107,-0.5201,-0.4343
60,L,N,-4.744,0.2567,3.5,2,L,1,1,L60N,-0.6155,-0.588,0.09998,4,5,1,-0.6006,-0.7585,-0.5755,-0.5276
60,L,P,-4.97,0.007778,5.0,2,L,1,1,L60P,0.995,1.074,0.3546,4,4,1,1.096,1.053,1.335,0.4968
60,L,Q,-3.355,1.835,3.5,2,L,1,1,L60Q,-2.415,-2.561,0.3909,4,2,1,-2.666,-1.851,-2.455,-2.689
60,L,R,-4.787,0.1252,4.0,2,L,1,1,L60R,0.3756,0.4659,0.2617,4,2,1,0.4465,0.5786,0.4854,-0.007965
60,L,S,-4.943,0.04101,4.0,2,L,1,1,L60S,0.3905,0.4331,0.1675,4,3,1,0.4395,0.4267,0.5439,0.1519
60,L,T,-1.649,0.6032,3.0,2,L,1,1,L60T,-1.422,-1.31,0.2508,4,3,1,-1.34,-1.795,-1.272,-1.28
60,L,V,-2.127,0.4759,5.0,2,L,1,1,L60V,-1.31,-1.36,0.1588,4,4,1,-1.41,-1.086,-1.434,-1.309
60,L,W,-4.976,0.04384,9.5,2,L,1,1,L60W,0.4386,0.4958,0.3196,4,12,1,0.3631,0.6286,0.7407,0.0222
60,L,Y,-4.797,0.128,3.5,2,L,1,1,L60Y,1.335,1.488,0.3634,4,5,1,1.437,1.566,1.54,0.7959
61,T,-,-0.3643,0.4294,1.0,2,T,1,1,T61-,0.1769,0.1079,0.1651,4,1,1,0.08734,0.07002,0.4217,0.1285
61,T,A,-2.261,1.339,6.5,2,T,1,1,T61A,-2.393,-2.419,0.1317,4,5,1,-2.473,-2.364,-2.221,-2.516
61,T,C,-3.776,0.833,4.5,2,T,1,1,T61C,0.02671,0.03161,0.01635,4,1,1,0.03897,0.004527,0.03909,0.02424
61,T,D,-3.101,0.3825,5.0,2,T,1,1,T61D,-0.09606,-0.03276,0.1349,4,3,1,-0.02907,-0.03645,-0.0206,-0.2981
61,T,E,-1.367,0.3748,6.0,2,T,1,1,T61E,-2.308,-2.321,0.3546,4,5,1,-2.318,-2.73,-2.323,-1.862
61,T,F,-1.771,0.9461,4.0,2,T,1,1,T61F,-2.134,-2.139,0.0632,4,3,1,-2.182,-2.095,-2.192,-2.065
61,T,G,-1.576,0.8004,5.0,2,T,1,1,T61G,-0.9131,-0.923,0.07146,4,7,1,-0.895,-0.9849,-0.951,-0.8215
61,T,H,-0.529,0.5094,5.0,2,T,1,1,T61H,-1.168,-1.171,0.02706,4,8,1,-1.198,-1.176,-1.133,-1.166
61,T,I,-2.761,1.665,6.0,2,T,1,1,T61I,-1.606,-1.591,0.05243,4,4,1,-1.676,-1.565,-1.616,-1.565
61,T,K,-3.158,2.574,9.0,2,T,1,1,T61K,-0.02526,-0.03507,0.09279,4,11,1,-0.01206,0.09497,-0.05807,-0.1259
61,T,L,-3.786,1.192,4.0,2,T,1,1,T61L,-2.334,-2.421,0.2176,4,2,1,-2.45,-2.483,-2.392,-2.013
61,T,M,-4.868,0.2036,15.5,2,T,1,1,T61M,-0.07569,-0.0457,0.3646,4,10,1,0.06367,0.3252,-0.1551,-0.5365
61,T,N,-4.059,0.06293,7.5,2,T,1,1,T61N,-1.342,-1.358,0.06744,4,10,1,-1.402,-1.251,-1.333,-1.383
61,T,P,-2.401,3.58,4.5,2,T,1,1,T61P,-1.99,-2.167,0.4147,4,2,1,-2.238,-1.377,-2.096,-2.25
61,T,Q,-3.526,0.4377,2.5,2,T,1,1,T61Q,0.3963,0.4169,0.2061,4,3,1,0.4974,0.3364,0.6132,0.1383
61,T,R,-4.881,0.1853,5.0,2,T,1,1,T61R,0.4827,0.4547,0.5734,4,5,1,0.4087,0.5007,1.21,-0.1888
61,T,S,-0.4324,0.5073,7.0,2,T,1,1,T61S,-2.443,-2.469,0.146,4,8,1,-2.581,-2.527,-2.412,-2.251
61,T,V,-3.25,0.9313,3.5,2,T,1,1,T61V,-0.9003,-0.8853,0.06507,4,2,1,-0.9192,-0.9842,-0.8463,-0.8515
61,T,W,-0.899,0.035,6.0,2,T,1,1,T61W,-1.958,-1.977,0.1363,4,8,1,-2.102,-1.777,-1.949,-2.005
61,T,Y,-0.3575,0.4458,5.5,2,T,1,1,T61Y,-0.8698,-0.9161,0.1917,4,5,1,-0.9163,-0.5981,-1.049,-0.9159
62,N,-,0.06563,,1.0,1,N,1,1,N62-,0.4097,0.4058,0.0294,4,2,1,0.4434,0.4252,0.3836,0.3865
62,N,A,-0.4615,0.4982,5.0,2,N,1,1,N62A,-1.751,-1.591,0.3804,4,4,1,-1.66,-2.313,-1.51,-1.523
62,N,C,-3.963,0.0997,6.0,2,N,1,1,N62C,-0.3761,-0.3937,0.05164,4,6,1,-0.4166,-0.3004,-0.3962,-0.3911
62,N,D,-0.316,0.5602,9.0,2,N,1,1,N62D,-1.119,-1.031,0.2041,4,13,1,-1.052,-1.423,-1.01,-0.9909
62,N,E,-0.6941,0.384,9.0,2,N,1,1,N62E,-0.4838,-0.4546,0.08521,4,10,1,-0.4807,-0.6053,-0.4286,-0.4208
62,N,F,-2.666,,3.0,1,N,1,1,N62F,-0.8659,-0.8671,0.1079,4,5,1,-0.8796,-0.7331,-0.9962,-0.8546
62,N,G,-1.731,0.2249,5.0,2,N,1,1,N62G,-1.489,-1.423,0.1535,4,5,1,-1.442,-1.717,-1.404,-1.394
62,N,H,0.03537,0.03183,6.0,2,N,1,1,N62H,-1.603,-1.62,0.08057,4,7,1,-1.671,-1.502,-1.665,-1.575
62,N,I,-2.109,0.3917,3.0,2,N,1,1,N62I,0.1907,0.119,0.3376,4,3,1,0.1099,-0.1384,0.1281,0.6632
62,N,K,-1.889,1.421,6.5,2,N,1,1,N62K,-0.5704,-0.3852,0.4931,4,6,1,-0.3334,-0.2138,-1.297,-0.4371
62,N,L,-2.288,0.00495,5.5,2,N,1,1,N62L,-2.068,-2.148,0.248,4,6,1,-2.151,-1.707,-2.144,-2.272
62,N,M,-1.934,0.2581,6.0,2,N,1,1,N62M,-1.797,-1.707,0.322,4,5,1,-1.722,-2.261,-1.691,-1.515
62,N,P,-1.349,2.067,3.0,2,N,1,1,N62P,-1.836,-1.834,0.1436,4,4,1,-1.855,-1.663,-2.013,-1.814
62,N,Q,-1.988,1.068,5.5,2,N,1,1,N62Q,-1.439,-1.453,0.05237,4,7,1,-1.487,-1.455,-1.45,-1.365
62,N,R,-2.599,0.6569,2.5,2,N,1,1,N62R,-1.842,-1.856,0.1133,4,1,1,-1.956,-1.7,-1.806,-1.905
62,N,S,-1.381,0.8481,4.5,2,N,1,1,N62S,-1.339,-1.355,0.1605,4,9,1,-1.309,-1.402,-1.513,-1.133
62,N,T,-0.1902,0.4726,6.0,2,N,1,1,N62T,-2.03,-2.037,0.04874,4,4,1,-2.024,-2.05,-1.966,-2.081
62,N,V,-1.671,0.9348,5.5,2,N,1,1,N62V,-0.4387,-0.4758,0.1628,4,7,1,-0.4517,-0.2108,-0.4998,-0.5925
62,N,W,-3.785,0.5544,5.5,2,N,1,1,N62W,0.4721,0.4955,0.2511,4,4,1,0.4516,0.5394,0.7513,0.1462
62,N,Y,-1.775,0.3543,5.5,2,N,1,1,N62Y,-1.768,-1.731,0.1555,4,6,1,-1.768,-1.985,-1.626,-1.694
63,T,-,-0.3975,,1.0,1,T,1,1,T63-,0.2337,0.2322,0.03108,4,2,1,0.2294,0.235,0.2731,0.1973
63,T,A,-0.2355,0.5403,10.0,2,T,1,1,T63A,0.3507,0.3425,0.02823,4,15,1,0.3339,0.3904,0.3276,0.3511
63,T,C,-0.8301,0.4595,5.0,2,T,1,1,T63C,-0.3403,-0.3851,0.1707,4,3,1,-0.3906,-0.4947,-0.3797,-0.0963
63,T,D,-0.2788,0.6207,7.0,2,T,1,1,T63D,1.077,1.149,0.2658,4,7,1,1.026,1.271,1.288,0.7204
63,T,E,-1.122,1.148,4.5,2,T,1,1,T63E,0.4497,0.4983,0.2335,4,2,1,0.4011,0.6611,0.5954,0.1411
63,T,F,0.1087,0.003677,6.5,2,T,1,1,T63F,1.198,1.241,0.2168,4,5,1,1.214,1.268,1.412,0.8978
63,T,G,0.1286,0.03847,3.5,2,T,1,1,T63G,0.9864,0.9713,0.06782,4,3,1,0.9517,0.9235,0.991,1.079
63,T,H,-0.2554,0.4894,5.0,2,T,1,1,T63H,0.5339,0.5784,0.1074,4,3,1,0.5881,0.5688,0.6044,0.3743
63,T,I,-0.4527,0.238,9.0,2,T,1,1,T63I,0.4058,0.4028,0.03194,4,9,1,0.3955,0.4469,0.4101,0.3705
63,T,K,-0.1277,0.09957,5.0,2,T,1,1,T63K,1.113,1.106,0.04552,4,4,1,1.131,1.169,1.071,1.081
63,T,L,-0.2927,0.5814,4.5,2,T,1,1,T63L,0.05678,0.06426,0.0262,4,3,1,0.05724,0.07128,0.07877,0.01982
63,T,M,-0.03903,0.1965,3.5,2,T,1,1,T63M,0.3009,0.3235,0.1371,4,5,1,0.3597,0.4392,0.2873,0.1176
63,T,N,-0.3115,0.2256,9.0,2,T,1,1,T63N,0.8043,0.8041,0.02534,4,7,1,0.7967,0.8115,0.8345,0.7743
63,T,P,-2.726,0.4999,2.0,2,T,1,1,T63P,-1.405,-1.525,0.2858,4,1,1,-1.591,-0.9789,-1.536,-1.513
63,T,Q,-0.8373,0.3362,5.0,2,T,1,1,T63Q,0.2645,0.2238,0.1038,4,5,1,0.222,0.2257,0.1917,0.4186
63,T,R,0.05252,0.07847,4.5,2,T,1,1,T63R,0.3117,0.2875,0.1333,4,7,1,0.3195,0.4923,0.2555,0.1795
63,T,S,0.1399,0.02687,5.0,2,T,1,1,T63S,0.1731,0.1625,0.0351,4,1,1,0.1719,0.1446,0.153,0.2229
63,T,V,-0.5819,0.9986,2.5,2,T,1,1,T63V,0.8046,0.8161,0.1097,4,1,1,0.8187,0.8136,0.9264,0.6598
63,T,W,-0.6955,1.009,4.5,2,T,1,1,T63W,0.1418,0.1265,0.06195,4,6,1,0.1054,0.1476,0.2268,0.08765
63,T,Y,-1.104,1.286,2.5,2,T,1,1,T63Y,0.5059,0.5445,0.2316,4,1,1,0.5456,0.5434,0.7456,0.1889
64,S,-,-0.5877,,1.5,1,S,1,1,S64-,-0.5094,-0.5249,0.05158,4,3,1,-0.4348,-0.5299,-0.5529,-0.5198
64,S,A,-1.209,0.4721,6.0,2,S,1,1,S64A,-1.565,-1.395,0.3866,4,7,1,-1.427,-2.142,-1.362,-1.329
64,S,C,-0.4599,0.2369,1.5,2,S,1,1,S64C,-1.846,-1.981,0.4121,4,2,1,-1.994,-1.244,-2.178,-1.968
64,S,D,-1.119,0.6281,7.0,2,S,1,1,S64D,-1.718,-1.509,0.4824,4,8,1,-1.582,-2.434,-1.421,-1.437
64,S,E,-0.4805,0.5105,6.5,2,S,1,1,S64E,-1.576,-1.565,0.04595,4,6,1,-1.641,-1.533,-1.561,-1.57
64,S,F,-4.101,0.6314,2.5,2,S,1,1,S64F,-2.549,-2.638,0.3064,4,2,1,-2.757,-2.127,-2.519,-2.792
64,S,G,-1.789,0.7495,8.5,2,S,1,1,S64G,-2.627,-2.614,0.1975,4,8,1,-2.747,-2.439,-2.481,-2.842
64,S,H,-0.6253,0.3584,5.0,2,S,1,1,S64H,-0.2562,-0.2341,0.05734,4,6,1,-0.2214,-0.3398,-0.2468,-0.2166
64,S,I,-4.744,0.215,11.5,2,S,1,1,S64I,0.3498,0.3613,0.241,4,12,1,0.3791,0.3435,0.6325,0.04421
64,S,K,-4.477,0.2256,5.0,2,S,1,1,S64K,-1.144,-1.144,0.009437,4,5,1,-1.149,-1.155,-1.135,-1.139
64,S,L,-4.097,0.6809,3.5,2,S,1,1,S64L,0.07085,0.0516,0.07798,4,4,1,0.02669,0.07652,0.1782,0.002011
64,S,M,-3.256,0.6866,3.5,2,S,1,1,S64M,-0.8506,-0.7654,0.3281,4,6,1,-0.7743,-0.5525,-1.319,-0.7565
64,S,N,-1.401,0.1471,12.5,2,S,1,1,S64N,-1.404,-1.381,0.0749,4,17,1,-1.39,-1.512,-1.341,-1.372
64,S,P,-4.556,0.6215,6.0,2,S,1,1,S64P,-0.6113,-0.7465,0.3391,4,5,1,-0.7368,-0.1075,-0.8447,-0.7561
64,S,Q,-0.9455,0.9342,4.0,2,S,1,1,S64Q,-1.669,-1.646,0.1949,4,5,1,-1.673,-1.927,-1.618,-1.457
64,S,R,-4.579,0.5296,9.5,2,S,1,1,S64R,-0.1422,-0.1216,0.157,4,12,1,-0.1306,0.02707,-0.1126,-0.3526
64,S,T,-0.4112,0.3639,7.0,2,S,1,1,S64T,0.4466,0.4992,0.1571,4,5,1,0.4476,0.5508,0.5636,0.2242
64,S,V,-2.559,1.836,5.0,2,S,1,1,S64V,-0.8786,-0.8761,0.04682,4,3,1,-0.9029,-0.9318,-0.8305,-0.8494
64,S,W,-4.006,0.3429,9.0,2,S,1,1,S64W,-0.3572,-0.4377,0.2316,4,7,1,-0.3749,-0.02456,-0.5005,-0.5288
64,S,Y,-3.11,0.6413,6.0,2,S,1,1,S64Y,-0.5647,-0.6706,0.4283,4,7,1,-0.5898,0.03737,-0.9551,-0.7514
65,S,-,-0.3663,,1.0,1,S,1,1,S65-,0.239,0.2413,0.03403,4,2,1,0.228,0.2546,0.2761,0.1974
65,S,A,-2.794,1.342,5.0,2,S,1,1,S65A,-0.9102,-0.7104,0.4375,4,4,1,-0.7038,-1.565,-0.7171,-0.6547
65,S,C,-1.637,0.02333,4.5,2,S,1,1,S65C,0.2151,0.05686,0.5846,4,4,1,0.06036,1.053,0.05335,-0.3067
65,S,D,-4.778,0.0594,6.5,2,S,1,1,S65D,-0.05648,-0.051,0.08841,4,9,1,-0.07355,0.04367,-0.02844,-0.1676
65,S,E,-4.716,0.3012,3.0,2,S,1,1,S65E,1.164,1.158,0.7111,4,2,1,1.589,1.926,0.7278,0.4122
65,S,F,-3.294,1.659,5.5,2,S,1,1,S65F,-0.2056,-0.1915,0.05914,4,4,1,-0.2206,-0.1625,-0.1563,-0.2829
65,S,G,-4.272,0.0502,7.0,2,S,1,1,S65G,-1.559,-1.591,0.09776,4,7,1,-1.581,-1.417,-1.601,-1.637
65,S,H,-1.525,0.3422,4.5,2,S,1,1,S65H,-1.99,-1.96,0.101,4,2,1,-2.005,-2.127,-1.913,-1.915
65,S,I,-0.73,0.1392,15.0,2,S,1,1,S65I,-1.077,-1.031,0.1531,4,12,1,-1.05,-1.297,-1.011,-0.9476
65,S,K,-4.714,0.3231,4.5,2,S,1,1,S65K,0.1174,0.06002,0.3491,4,4,1,0.08574,0.5938,0.0343,-0.2443
65,S,L,-1.12,0.3087,3.5,2,S,1,1,S65L,-2.274,-2.339,0.2409,4,5,1,-2.335,-2.489,-2.342,-1.928
65,S,M,-3.448,0.4511,3.0,2,S,1,1,S65M,-2.118,-2.068,0.46,4,3,1,-1.789,-2.653,-2.347,-1.685
65,S,N,-2.086,1.329,11.0,2,S,1,1,S65N,-1.537,-1.525,0.06824,4,12,1,-1.63,-1.467,-1.534,-1.516
65,S,P,-3.357,0.7743,2.5,2,S,1,1,S65P,-0.1621,-0.1359,0.1611,4,3,1,-0.1566,0.004332,-0.1152,-0.381
65,S,Q,-2.825,1.648,9.0,2,S,1,1,S65Q,-1.908,-1.905,0.08954,4,9,1,-2.01,-1.857,-1.953,-1.812
65,S,R,-4.733,0.3868,7.0,2,S,1,1,S65R,-0.1701,-0.2074,0.09462,4,12,1,-0.1981,-0.03004,-0.2356,-0.2167
65,S,T,-0.0463,0.2485,5.5,2,S,1,1,S65T,0.2487,0.2176,0.1836,4,6,1,0.327,0.08842,0.4714,0.1082
65,S,V,-0.09591,0.1408,6.5,2,S,1,1,S65V,0.5468,0.5594,0.1011,4,12,1,0.5401,0.6553,0.5786,0.4132
65,S,W,-4.631,0.2998,2.0,2,S,1,1,S65W,-1.585,-1.978,0.8478,4,1,1,-2.069,-0.3149,-1.985,-1.971
65,S,Y,-4.54,0.4787,5.0,2,S,1,1,S65Y,-0.1875,-0.1913,0.1463,4,4,1,-0.1703,-0.005873,-0.2123,-0.3615
66,V,-,-0.01903,,1.0,1,V,1,1,V66-,0.2496,0.2524,0.0441,4,2,1,0.2281,0.2949,0.2766,0.1987
66,V,A,-0.6059,0.548,6.0,2,V,1,1,V66A,-1.221,-1.239,0.05129,4,7,1,-1.26,-1.25,-1.227,-1.147
66,V,C,-0.1888,0.08528,4.5,2,V,1,1,V66C,-0.8438,-0.8118,0.1157,4,5,1,-0.8134,-1.01,-0.8103,-0.7415
66,V,D,-2.628,0.2065,5.0,2,V,1,1,V66D,-1.008,-1.077,0.2656,4,4,1,-1.053,-0.6295,-1.248,-1.102
66,V,E,-4.375,0.5169,3.0,2,V,1,1,V66E,-0.833,-0.7468,0.1888,4,2,1,-0.7477,-1.116,-0.7229,-0.7459
66,V,F,-0.2057,0.2089,8.0,2,V,1,1,V66F,-1.284,-1.236,0.1614,4,8,1,-1.253,-1.517,-1.219,-1.147
66,V,G,-4.752,0.3118,5.0,2,V,1,1,V66G,-0.06272,0.05427,0.5218,4,2,1,0.0824,0.02614,0.437,-0.7964
66,V,H,-2.019,0.2404,8.0,2,V,1,1,V66H,-1.387,-1.548,0.3423,4,4,1,-1.577,-0.8735,-1.545,-1.55
66,V,I,-1.27,1.837,9.5,2,V,1,1,V66I,0.4579,0.4818,0.09557,4,8,1,0.4548,0.5088,0.5428,0.3253
66,V,K,-3.83,0.3345,5.5,2,V,1,1,V66K,-0.05224,-0.048,0.04642,4,4,1,-0.04094,-0.05506,-0.0003868,-0.1126
66,V,L,0.0628,0.05387,7.5,2,V,1,1,V66L,1.582,1.564,0.2848,4,9,1,1.74,1.9,1.387,1.301
66,V,M,0.002745,0.1201,6.5,2,V,1,1,V66M,-0.3811,-0.3624,0.04921,4,5,1,-0.3712,-0.4533,-0.3536,-0.3465
66,V,N,-2.416,0.01697,5.5,2,V,1,1,V66N,0.1209,0.06779,0.2251,4,3,1,0.122,0.4338,0.01361,-0.08568
66,V,Q,-3.421,0.939,5.0,2,V,1,1,V66Q,-1.338,-1.518,0.3993,4,4,1,-1.574,-0.7417,-1.553,-1.483
66,V,R,-4.194,0.2581,4.0,2,V,1,1,V66R,0.05595,0.02666,0.2124,4,2,1,0.02864,0.342,-0.1715,0.02467
66,V,S,-2.801,0.07707,3.0,2,V,1,1,V66S,-0.8221,-0.8837,0.1626,4,3,1,-0.8448,-0.5857,-0.9353,-0.9227
66,V,T,-0.1947,0.4408,3.5,2,V,1,1,V66T,-0.4776,-0.502,0.08267,4,1,1,-0.4944,-0.3584,-0.5097,-0.5481
66,V,W,-0.4758,0.8417,4.5,2,V,1,1,V66W,-0.6829,-0.7756,0.2241,4,4,1,-0.7695,-0.3492,-0.8315,-0.7817
66,V,Y,-1.064,1.615,5.5,2,V,1,1,V66Y,-0.3051,-0.2971,0.1622,4,4,1,-0.3029,-0.5114,-0.2912,-0.115
67,V,-,-0.7216,,1.0,1,V,1,1,V67-,0.2678,0.2533,0.06911,4,2,1,0.2285,0.3606,0.278,0.204
67,V,A,-3.455,1.691,5.5,2,V,1,1,V67A,-1.391,-1.379,0.08189,4,4,1,-1.429,-1.318,-1.489,-1.33
67,V,C,-1.02,0.4308,4.0,2,V,1,1,V67C,-0.04287,-0.02809,0.05137,4,2,1,-0.03419,-0.02199,0.001383,-0.1167
67,V,D,-4.911,0.0495,2.5,2,V,1,1,V67D,-0.4414,-0.4769,0.1373,4,2,1,-0.502,-0.2474,-0.4519,-0.5644
67,V,E,-4.942,0.09122,4.0,2,V,1,1,V67E,-0.1441,-0.2172,0.2588,4,5,1,-0.205,0.2284,-0.2293,-0.3705
67,V,F,-0.9523,1.246,4.5,2,V,1,1,V67F,-0.7136,-0.6723,0.1022,4,4,1,-0.6858,-0.8649,-0.6451,-0.6588
67,V,G,-4.924,0.07849,3.5,2,V,1,1,V67G,-1.521,-1.987,0.9976,4,2,1,-2.083,-0.02808,-2.046,-1.929
67,V,H,-3.192,0.4158,4.0,2,V,1,1,V67H,-0.1728,-0.1865,0.0552,4,4,1,-0.1653,-0.2204,-0.0979,-0.2076
67,V,I,-0.5973,,3.0,1,V,1,1,V67I,-2.088,-2.106,0.1979,4,6,1,-2.117,-1.829,-2.094,-2.311
67,V,K,-0.07599,0.09236,2.5,2,V,1,1,V67K,-0.7304,-0.7314,0.03751,4,3,1,-0.7658,-0.7594,-0.693,-0.7034
67,V,L,-0.385,0.08294,5.5,2,V,1,1,V67L,-1.277,-1.309,0.1257,4,9,1,-1.293,-1.326,-1.391,-1.099
67,V,M,-0.5457,0.2072,12.0,2,V,1,1,V67M,-1.114,-1.015,0.2101,4,10,1,-0.9962,-1.428,-1.028,-1.002
67,V,N,-4.95,0.07142,4.0,2,V,1,1,V67N,0.2539,0.2296,0.05624,4,4,1,0.2334,0.2187,0.3378,0.2258
67,V,P,-4.876,0.02899,2.0,2,V,1,1,V67P,-0.7614,-0.768,0.02887,4,3,1,-0.7875,-0.7221,-0.7583,-0.7777
67,V,Q,-4.67,0.01414,6.0,2,V,1,1,V67Q,1.91,1.896,0.8873,4,3,1,2.423,2.874,1.368,0.974
67,V,R,-2.728,1.095,3.5,2,V,1,1,V67R,-1.551,-1.498,0.2734,4,5,1,-1.53,-1.466,-1.928,-1.279
67,V,S,-3.717,0.5586,4.0,2,V,1,1,V67S,-0.2762,-0.3056,0.0905,4,6,1,-0.3012,-0.1442,-0.3101,-0.3494
67,V,T,-1.084,0.1124,4.0,2,V,1,1,V67T,0.4179,0.4166,0.05872,4,6,1,0.4419,0.4864,0.3914,0.3518
67,V,W,-3.66,0.8782,5.5,2,V,1,1,V67W,-2.175,-2.183,0.1144,4,4,1,-2.281,-2.053,-2.103,-2.263
67,V,Y,-0.8408,1.105,5.0,2,V,1,1,V67Y,-1.668,-1.555,0.2847,4,3,1,-1.597,-2.088,-1.512,-1.474
68,D,-,-0.8362,,1.0,1,D,1,1,D68-,0.2372,0.2346,0.03501,4,2,1,0.2295,0.2396,0.2823,0.1974
68,D,A,-0.3607,0.6841,4.0,2,D,1,1,D68A,-0.3353,-0.337,0.02625,4,4,1,-0.333,-0.3655,-0.3019,-0.341
68,D,C,-0.6318,0.2014,4.5,2,D,1,1,D68C,-1.206,-1.049,0.3597,4,3,1,-1.07,-1.743,-1.027,-0.9847
68,D,E,-0.1562,0.05402,5.5,2,D,1,1,D68E,0.0839,0.08035,0.04533,4,9,1,0.05957,0.1011,0.03623,0.1387
68,D,F,-0.5076,0.6384,3.5,2,D,1,1,D68F,0.4473,0.4494,0.0766,4,3,1,0.3942,0.5046,0.3695,0.5211
68,D,G,0.1394,0.005374,4.5,2,D,1,1,D68G,0.4014,0.4151,0.06949,4,7,1,0.3793,0.4625,0.3129,0.4509
68,D,H,-0.01999,0.1376,4.5,2,D,1,1,D68H,0.4119,0.419,0.1177,4,5,1,0.4594,0.5427,0.2667,0.3786
68,D,I,-0.9192,1.49,3.0,2,D,1,1,D68I,0.01128,0.002778,0.02056,4,5,1,-0.00216,0.005766,0.0417,-0.0002088
68,D,K,-1.72,0.4773,6.5,2,D,1,1,D68K,-0.6633,-0.8495,0.4406,4,7,1,-0.7989,-0.00888,-0.9454,-0.9001
68,D,L,-2.446,1.371,4.5,2,D,1,1,D68L,-1.062,-1.029,0.08918,4,2,1,-1.022,-0.9968,-1.036,-1.194
68,D,M,-0.8748,0.5348,6.0,2,D,1,1,D68M,0.0555,0.05779,0.02324,4,3,1,0.05732,0.02495,0.05825,0.0815
68,D,N,-0.0407,0.2172,15.5,2,D,1,1,D68N,-0.9156,-0.8102,0.2491,4,23,1,-0.8102,-1.287,-0.8101,-0.755
68,D,P,-4.878,0.009192,3.0,2,D,1,1,D68P,0.3433,0.3219,0.2033,4,3,1,0.4166,0.2272,0.5929,0.1364
68,D,Q,0.06774,0.06811,2.5,2,D,1,1,D68Q,-0.07049,-0.07616,0.01702,4,2,1,-0.08106,-0.08341,-0.07127,-0.04621
68,D,R,-0.333,0.6624,2.5,2,D,1,1,D68R,-1.207,-1.174,0.1143,4,2,1,-1.198,-1.37,-1.15,-1.111
68,D,S,-1.463,0.6832,3.5,2,D,1,1,D68S,-0.3117,-0.3302,0.1639,4,3,1,-0.3895,-0.1032,-0.2709,-0.4832
68,D,T,-0.0816,0.2934,2.0,2,D,1,1,D68T,-0.2309,-0.2231,0.04499,4,2,1,-0.2013,-0.2881,-0.1893,-0.2448
68,D,V,-0.2773,0.2097,2.0,2,D,1,1,D68V,-0.4068,-0.4076,0.03526,4,1,1,-0.4136,-0.4487,-0.4017,-0.3632
68,D,W,-0.09741,0.2059,3.0,2,D,1,1,D68W,0.05226,0.0395,0.04764,4,4,1,0.04589,0.1201,0.0331,0.009912
68,D,Y,-0.8034,0.2033,9.0,2,D,1,1,D68Y,1.046,1.051,0.08131,4,10,1,1.062,1.139,1.039,0.9419
69,G,-,-0.2682,0.1767,1.5,2,G,1,1,G69-,0.01968,0.01816,0.02455,4,1,1,0.02105,0.05106,-0.008645,0.01527
69,G,A,-3.149,2.588,1.5,2,G,1,1,G69A,-0.06313,-0.06285,0.00451,4,1,1,-0.06835,-0.06527,-0.05846,-0.06042
69,G,C,-3.875,0.3896,11.5,2,G,1,1,G69C,-0.7236,-0.6993,0.09584,4,12,1,-0.689,-0.7095,-0.6362,-0.8597
69,G,D,-3.214,1.092,11.0,2,G,1,1,G69D,-1.664,-1.751,0.2075,4,16,1,-1.717,-1.797,-1.786,-1.357
69,G,E,-4.858,0.1421,5.5,2,G,1,1,G69E,-0.8392,-1.042,0.483,4,3,1,-0.9642,-1.149,-0.1249,-1.119
69,G,F,-4.674,0.007071,6.5,2,G,1,1,G69F,-0.3795,-0.4133,0.1809,4,6,1,-0.401,-0.1297,-0.4257,-0.5616
69,G,I,-4.309,0.8167,3.0,2,G,1,1,G69I,-0.2827,-0.2824,0.1079,4,5,1,-0.3295,-0.1594,-0.2353,-0.4065
69,G,K,-4.931,0.06152,2.5,2,G,1,1,G69K,-0.6682,-0.7727,0.2924,4,3,1,-0.826,-0.2419,-0.7193,-0.8857
69,G,L,-3.606,0.07425,4.5,2,G,1,1,G69L,0.4336,0.4562,0.1145,4,2,1,0.5471,0.4438,0.4686,0.275
69,G,M,-3.87,0.8478,4.5,2,G,1,1,G69M,0.1028,0.1062,0.02325,4,4,1,0.1261,0.1147,0.09767,0.07261
69,G,N,-4.131,1.076,2.5,2,G,1,1,G69N,-0.1155,-0.06416,0.1337,4,4,1,-0.1012,-0.02477,-0.02714,-0.3089
69,G,P,-4.928,0.0396,2.5,2,G,1,1,G69P,0.1961,0.1997,0.04338,4,2,1,0.2095,0.1898,0.1405,0.2444
69,G,Q,-4.726,0.1789,3.5,2,G,1,1,G69Q,0.09627,0.08364,0.1566,4,2,1,0.04132,0.2951,0.126,-0.07729
69,G,S,-3.341,0.14,9.5,2,G,1,1,G69S,-1.204,-1.301,0.4166,4,9,1,-1.361,-0.6198,-1.595,-1.241
69,G,T,-3.913,1.419,1.5,2,G,1,1,G69T,-0.9351,-0.9349,0.01869,4,3,1,-0.9477,-0.9163,-0.9222,-0.9544
69,G,V,-4.782,0.08839,5.5,2,G,1,1,G69V,0.1068,0.0946,0.1921,4,7,1,0.07455,0.3528,0.1146,-0.1148
69,G,W,-4.705,0.03606,3.0,2,G,1,1,G69W,-0.05639,-0.03933,0.04829,4,2,1,-0.03659,-0.04207,-0.01951,-0.1274
69,G,Y,-4.941,0.0891,3.5,2,G,1,1,G69Y,0.1987,0.2117,0.1191,4,3,1,0.2121,0.3302,0.2114,0.04096
70,V,-,-0.1866,,0.5,1,V,1,1,V70-,0.01934,0.01778,0.02442,4,1,1,0.02099,0.05054,-0.008759,0.01457
70,V,A,0.1515,0.02546,5.0,2,V,1,1,V70A,-1.334,-1.268,0.2012,4,8,1,-1.297,-1.627,-1.175,-1.239
70,V,C,-0.7016,0.7769,6.0,2,V,1,1,V70C,-0.6907,-0.6553,0.1057,4,6,1,-0.663,-0.8452,-0.6476,-0.607
70,V,D,-4.637,0.3564,7.0,2,V,1,1,V70D,-0.7899,-0.799,0.05008,4,7,1,-0.8386,-0.7231,-0.783,-0.8151
70,V,E,-2.55,0.8464,10.0,2,V,1,1,V70E,-1.22,-1.185,0.1322,4,12,1,-1.148,-1.404,-1.223,-1.104
70,V,F,-0.08603,0.1637,6.5,2,V,1,1,V70F,-0.02084,-0.02276,0.03899,4,4,1,-0.01804,0.02853,-0.06636,-0.02747
70,V,G,-2.494,0.7361,4.0,2,V,1,1,V70G,-0.2674,-0.07814,0.4234,4,3,1,-0.02966,-0.8982,-0.01518,-0.1266
70,V,I,0.07262,0.02798,5.5,2,V,1,1,V70I,0.5625,0.5352,0.1414,4,6,1,0.5566,0.7573,0.5139,0.4223
70,V,K,0.1503,0.01754,3.0,2,V,1,1,V70K,-0.8037,-0.7589,0.1225,4,5,1,-0.7747,-0.9836,-0.7432,-0.7132
70,V,L,-0.3263,0.06463,7.0,2,V,1,1,V70L,0.5319,0.5172,0.06504,4,8,1,0.5119,0.6234,0.5224,0.47
70,V,M,-0.7991,1.138,5.5,2,V,1,1,V70M,-0.09052,-0.09684,0.04489,4,7,1,-0.1084,-0.03119,-0.08532,-0.1372
70,V,N,-0.0463,0.236,7.0,2,V,1,1,V70N,-0.7076,-0.624,0.1964,4,7,1,-0.6446,-0.9997,-0.6035,-0.5826
70,V,P,-0.4508,0.1346,3.0,2,V,1,1,V70P,-1.606,-1.46,0.3608,4,2,1,-1.494,-2.142,-1.425,-1.365
70,V,Q,-0.459,0.6009,3.0,2,V,1,1,V70Q,-0.6863,-0.6265,0.1481,4,4,1,-0.6487,-0.905,-0.6042,-0.5873
70,V,R,-3.37,2.085,1.5,2,V,1,1,V70R,0.02888,0.03711,0.03694,4,1,1,0.02909,0.0636,0.04514,-0.02233
70,V,S,-0.6953,0.5256,5.5,2,V,1,1,V70S,-0.6894,-0.625,0.2077,4,6,1,-0.5638,-0.9834,-0.6863,-0.5243
70,V,T,-0.04295,0.2256,3.5,2,V,1,1,V70T,0.1005,0.09501,0.03204,4,4,1,0.0847,0.1431,0.1053,0.06903
70,V,W,-1.062,0.4277,4.0,2,V,1,1,V70W,-0.03,-0.04151,0.07196,4,4,1,-0.05749,0.06663,-0.1036,-0.02554
70,V,Y,0.09225,0.1129,4.0,2,V,1,1,V70Y,0.2462,0.2399,0.04795,4,3,1,0.2401,0.3106,0.2397,0.1945
71,V,-,-0.05353,,0.5,1,V,1,1,V71-,0.01959,0.01818,0.02437,4,1,1,0.02113,0.05062,-0.00864,0.01523
71,V,A,0.1128,0.01471,4.0,2,V,1,1,V71A,-1.615,-1.616,0.07769,4,5,1,-1.698,-1.662,-1.531,-1.57
71,V,C,-0.06885,0.3399,1.5,2,V,1,1,V71C,-0.7297,-0.7071,0.07783,4,1,1,-0.7144,-0.8418,-0.6997,-0.6629
71,V,D,-0.7392,1.222,3.0,2,V,1,1,V71D,-1.925,-1.969,0.1616,4,3,1,-2.059,-1.705,-1.906,-2.032
71,V,E,-0.1831,0.4105,7.0,2,V,1,1,V71E,-1.314,-1.167,0.3253,4,7,1,-1.202,-1.799,-1.124,-1.131
71,V,F,-0.1941,0.3882,11.0,2,V,1,1,V71F,0.1374,0.1389,0.08238,4,13,1,0.1764,0.2296,0.04232,0.1014
71,V,G,-0.3624,0.4895,3.0,2,V,1,1,V71G,-1.338,-1.121,0.4695,4,4,1,-1.165,-2.039,-1.072,-1.076
71,V,H,-1.157,1.223,4.0,2,V,1,1,V71H,-0.7787,-0.8433,0.163,4,5,1,-0.8206,-0.5381,-0.89,-0.8661
71,V,I,-0.5111,0.387,9.0,2,V,1,1,V71I,0.5005,0.5119,0.07051,4,10,1,0.4864,0.5702,0.5373,0.4082
71,V,K,-1.07,0.5396,5.0,2,V,1,1,V71K,-0.9165,-0.9197,0.02313,4,6,1,-0.9161,-0.941,-0.8856,-0.9233
71,V,L,-1.016,0.01909,5.0,2,V,1,1,V71L,0.5564,0.5863,0.1392,4,4,1,0.5579,0.6891,0.6148,0.3637
71,V,M,-0.5998,1.078,4.0,2,V,1,1,V71M,-0.03003,-0.01072,0.0491,4,4,1,-0.01911,-0.1023,-0.002326,0.003575
71,V,N,-1.413,0.4165,3.5,2,V,1,1,V71N,-0.05673,-0.06772,0.05488,4,5,1,0.01956,-0.07119,-0.111,-0.06426
71,V,P,-4.871,0.116,6.0,2,V,1,1,V71P,0.4418,0.376,0.5109,4,3,1,0.1889,0.563,1.097,-0.08221
71,V,Q,-0.1661,0.411,2.5,2,V,1,1,V71Q,-2.585,-2.593,0.09537,4,2,1,-2.694,-2.596,-2.462,-2.59
71,V,R,-3.152,0.3175,3.0,2,V,1,1,V71R,-1.689,-1.681,0.08991,4,3,1,-1.714,-1.802,-1.647,-1.593
71,V,S,-2.403,3.21,2.0,2,V,1,1,V71S,-0.03739,-0.02619,0.1795,4,2,1,0.005573,0.1684,-0.05796,-0.2655
71,V,T,0.1453,0.0309,3.0,2,V,1,1,V71T,-0.7303,-0.6977,0.08329,4,3,1,-0.7143,-0.8524,-0.6812,-0.6734
71,V,W,-0.3517,0.5305,3.0,2,V,1,1,V71W,0.1868,0.1843,0.09712,4,3,1,0.1786,0.308,0.1901,0.07053
71,V,Y,-0.4951,0.004596,4.5,2,V,1,1,V71Y,-1.178,-1.114,0.1689,4,4,1,-1.144,-1.425,-1.059,-1.083
72,R,-,0.0856,,0.5,1,R,1,1,R72-,0.01937,0.01757,0.0253,4,1,1,0.02118,0.05184,-0.009491,0.01395
72,R,A,-1.97,0.7842,3.5,2,R,1,1,R72A,0.06445,0.07085,0.02946,4,5,1,0.06662,0.07508,0.09271,0.02337
72,R,C,-4.609,0.5395,3.5,2,R,1,1,R72C,0.3512,0.3664,0.3481,4,5,1,0.314,0.7585,0.4188,-0.08655
72,R,D,-4.916,0.02687,6.0,2,R,1,1,R72D,1.102,1.137,0.3631,4,5,1,1.086,1.187,1.506,0.6275
72,R,E,-3.486,,3.5,1,R,1,1,R72E,-0.2437,-0.1894,0.1797,4,6,1,-0.2025,-0.1762,-0.09223,-0.5039
72,R,F,-4.906,0.05728,8.5,2,R,1,1,R72F,0.5943,0.6868,0.3667,4,7,1,0.693,0.6806,0.9313,0.0722
72,R,G,-3.539,0.5035,5.0,2,R,1,1,R72G,-1.313,-1.253,0.3916,4,2,1,-1.229,-1.844,-1.277,-0.9009
72,R,H,-1.437,0.02121,6.5,2,R,1,1,R72H,-0.3188,-0.3075,0.04828,4,7,1,-0.2998,-0.3865,-0.2736,-0.3152
72,R,I,-4.893,0.01131,3.0,2,R,1,1,R72I,-0.1894,-0.2084,0.08513,4,3,1,-0.2068,-0.06968,-0.21,-0.2711
72,R,K,-1.173,0.7201,4.0,2,R,1,1,R72K,0.3168,0.3246,0.08847,4,2,1,0.278,0.3712,0.4062,0.2118
72,R,L,-3.062,0.4087,15.5,2,R,1,1,R72L,-0.2453,-0.249,0.0274,4,19,1,-0.2563,-0.2417,-0.2738,-0.2092
72,R,M,-3.41,0.6901,5.0,2,R,1,1,R72M,-0.6277,-0.6234,0.02229,4,5,1,-0.6227,-0.6586,-0.6242,-0.6054
72,R,N,-0.506,0.9178,4.0,2,R,1,1,R72N,-2.069,-2.155,0.257,4,1,1,-2.255,-1.71,-2.056,-2.254
72,R,P,-4.748,0.2143,4.5,2,R,1,1,R72P,-0.153,-0.1956,0.2071,4,3,1,-0.199,0.1358,-0.1921,-0.3569
72,R,Q,-0.8401,0.9191,12.0,2,R,1,1,R72Q,-0.8282,-0.7968,0.1583,4,13,1,-0.8479,-1.041,-0.7458,-0.678
72,R,S,-3.502,0.5204,3.0,2,R,1,1,R72S,-0.124,-0.112,0.07873,4,4,1,-0.1425,-0.04605,-0.08153,-0.2258
72,R,T,-3.357,0.5834,4.5,2,R,1,1,R72T,0.07853,0.07255,0.03135,4,4,1,0.04707,0.07309,0.122,0.07202
72,R,V,-4.731,0.2645,6.5,2,R,1,1,R72V,0.04467,0.1233,0.302,4,4,1,0.0354,0.2111,0.3078,-0.3756
72,R,W,-4.926,0.06081,14.0,2,R,1,1,R72W,-0.4595,-0.4565,0.04076,4,14,1,-0.4839,-0.4211,-0.429,-0.504
72,R,Y,-3.388,0.6371,7.5,2,R,1,1,R72Y,-0.4114,-0.4009,0.1397,4,6,1,-0.3168,-0.2736,-0.5701,-0.4851
73,S,A,-0.1149,0.3771,4.5,2,S,1,1,S73A,0.2877,0.2675,0.05723,4,4,1,0.2771,0.3712,0.2578,0.2446
73,S,C,0.1432,0.01336,5.5,2,S,1,1,S73C,0.9844,0.9946,0.2564,4,8,1,1.115,1.264,0.8744,0.6845
73,S,D,-2.021,2.795,4.0,2,S,1,1,S73D,0.2754,0.2792,0.06013,4,3,1,0.3243,0.234,0.3295,0.2137
73,S,E,-0.3179,0.5037,4.5,2,S,1,1,S73E,0.1388,0.1067,0.1377,4,5,1,0.132,0.08137,0.3313,0.01063
73,S,F,-2.001,0.04384,6.0,2,S,1,1,S73F,-0.3116,-0.2959,0.04144,4,7,1,-0.2989,-0.3728,-0.2816,-0.2929
73,S,G,-1.387,0.6436,4.5,2,S,1,1,S73G,-0.4595,-0.4543,0.02837,4,7,1,-0.4309,-0.4985,-0.4573,-0.4512
73,S,H,-0.3094,0.6322,3.5,2,S,1,1,S73H,0.656,0.6379,0.0551,4,4,1,0.6475,0.7357,0.6123,0.6282
73,S,I,-0.587,0.0367,12.0,2,S,1,1,S73I,0.2969,0.3059,0.03661,4,16,1,0.2857,0.326,0.326,0.25
73,S,K,0.0027,0.09938,5.0,2,S,1,1,S73K,-0.1008,-0.1184,0.03706,4,6,1,-0.1176,-0.04524,-0.1211,-0.1192
73,S,L,-0.5038,0.1397,5.5,2,S,1,1,S73L,0.5376,0.542,0.04988,4,3,1,0.5499,0.5935,0.473,0.5341
73,S,M,-0.1649,0.4624,2.0,2,S,1,1,S73M,0.003759,0.006942,0.03669,4,3,1,-0.01882,-0.03596,0.03711,0.03271
73,S,N,-0.1203,0.0773,9.0,2,S,1,1,S73N,0.1099,0.1106,0.02503,4,10,1,0.09159,0.1334,0.1295,0.08527
73,S,P,-4.91,0.01273,3.5,2,S,1,1,S73P,-0.07249,-0.08056,0.2232,4,5,1,-0.1145,0.2066,-0.04661,-0.3354
73,S,Q,0.06491,0.007616,7.5,2,S,1,1,S73Q,0.1599,0.1455,0.0409,4,9,1,0.1343,0.1299,0.2186,0.1566
73,S,R,-0.00335,0.2374,6.0,2,S,1,1,S73R,0.4534,0.5053,0.1434,4,11,1,0.4619,0.5488,0.5549,0.248
73,S,T,-0.002595,0.1203,5.0,2,S,1,1,S73T,-0.03257,-0.04771,0.03541,4,3,1,-0.05275,-0.05482,-0.04267,0.01994
73,S,V,-0.1676,0.4298,3.0,2,S,1,1,S73V,0.9431,0.9893,0.1301,4,3,1,0.977,1.042,1.002,0.752
73,S,W,-3.989,0.9765,5.0,2,S,1,1,S73W,0.0222,0.01762,0.0715,4,6,1,0.005247,0.02999,-0.05966,0.1132
73,S,Y,-1.829,0.6392,6.5,2,S,1,1,S73Y,-0.2726,-0.2754,0.008239,4,7,1,-0.2786,-0.2723,-0.2784,-0.261
74,F,A,-0.1021,0.2319,9.0,2,F,1,1,F74A,-0.468,-0.4534,0.07108,4,12,1,-0.4734,-0.5648,-0.4335,-0.4005
74,F,C,-0.693,0.5388,3.5,2,F,1,1,F74C,0.8725,0.8769,0.07099,4,2,1,0.8494,0.9044,0.9503,0.7858
74,F,D,-0.02144,0.1425,5.5,2,F,1,1,F74D,-0.2471,-0.2339,0.0525,4,3,1,-0.2561,-0.2028,-0.2117,-0.3176
74,F,E,-0.4847,0.8532,3.0,2,F,1,1,F74E,0.9153,0.9168,0.07142,4,2,1,0.9246,1.001,0.9091,0.8266
74,F,G,0.04822,0.1082,3.5,2,F,1,1,F74G,-0.2415,-0.2357,0.02676,4,5,1,-0.2514,-0.2749,-0.22,-0.2198
74,F,H,-0.8217,1.303,6.0,2,F,1,1,F74H,-0.144,-0.1465,0.0196,4,6,1,-0.1507,-0.1424,-0.118,-0.1647
74,F,I,-0.05973,0.04302,5.5,2,F,1,1,F74I,0.8075,0.8325,0.08903,4,5,1,0.8493,0.8843,0.6808,0.8157
74,F,K,-1.366,,1.0,1,F,1,1,F74K,-0.2188,-0.208,0.09826,4,1,1,-0.2161,-0.3487,-0.1999,-0.1104
74,F,L,-0.1399,0.4163,6.0,2,F,1,1,F74L,-0.06201,-0.05926,0.01149,4,8,1,-0.06438,-0.07728,-0.05413,-0.05225
74,F,M,-0.0928,0.3289,4.5,2,F,1,1,F74M,0.1733,0.1695,0.0166,4,7,1,0.1732,0.1658,0.1964,0.1579
74,F,N,0.1353,0.003606,4.5,2,F,1,1,F74N,-0.2433,-0.2556,0.03675,4,4,1,-0.2645,-0.2715,-0.2468,-0.1904
74,F,P,-0.3571,0.05084,6.5,2,F,1,1,F74P,-0.379,-0.3669,0.08742,4,7,1,-0.341,-0.4935,-0.2885,-0.3929
74,F,Q,-0.2465,0.4573,3.5,2,F,1,1,F74Q,-0.0817,-0.08797,0.02101,4,5,1,-0.08971,-0.05134,-0.08622,-0.09953
74,F,R,0.1155,0.05703,5.5,2,F,1,1,F74R,0.5785,0.6418,0.3811,4,3,1,0.9211,0.854,0.1092,0.4296
74,F,S,0.1527,0.02157,2.0,2,F,1,1,F74S,-0.1612,-0.1586,0.02312,4,1,1,-0.1665,-0.1506,-0.1907,-0.1369
74,F,T,0.1394,0.03599,4.5,2,F,1,1,F74T,0.4608,0.4698,0.09829,4,4,1,0.4032,0.5514,0.5364,0.3524
74,F,V,0.138,0.01909,1.5,2,F,1,1,F74V,0.3448,0.2659,0.3416,4,2,1,0.2488,0.8265,0.283,0.02072
74,F,W,-0.3557,0.1942,4.0,2,F,1,1,F74W,-0.8174,-0.8108,0.05454,4,6,1,-0.8783,-0.773,-0.8486,-0.7699
74,F,Y,0.05905,0.02874,5.0,2,F,1,1,F74Y,-0.1065,-0.1024,0.02661,4,4,1,-0.08318,-0.1192,-0.08566,-0.1379
75,Q,*,-4.967,0.0007071,8.5,2,Q,1,1,Q75*,1.208,1.355,0.4337,4,8,1,1.285,1.544,1.425,0.577
75,Q,A,-4.893,0.009192,2.0,2,Q,1,1,Q75A,0.4946,0.6204,0.3014,4,2,1,0.6008,0.6399,0.6918,0.04596
75,Q,C,-4.886,0.01626,3.5,2,Q,1,1,Q75C,-0.1095,-0.107,0.05814,4,4,1,-0.05485,-0.1494,-0.06456,-0.169
75,Q,D,-3.258,0.6265,4.0,2,Q,1,1,Q75D,-0.7252,-0.7325,0.05247,4,4,1,-0.7552,-0.6586,-0.7099,-0.7771
75,Q,E,-0.7572,0.01655,2.5,2,Q,1,1,Q75E,-0.4147,-0.3898,0.08365,4,3,1,-0.3969,-0.5355,-0.3827,-0.3437
75,Q,F,-4.905,0.02616,7.0,2,Q,1,1,Q75F,-0.09664,-0.1241,0.2165,4,9,1,-0.06143,0.1855,-0.1867,-0.324
75,Q,G,-4.906,0.07566,2.0,2,Q,1,1,Q75G,0.1697,0.1614,0.1434,4,3,1,0.1521,0.3529,0.1708,0.002927
75,Q,H,-4.926,0.1138,4.0,2,Q,1,1,Q75H,-0.1568,-0.1271,0.4239,4,4,1,-0.6146,0.2414,0.1638,-0.418
75,Q,I,-4.899,0.04031,3.5,2,Q,1,1,Q75I,-0.4419,-0.4928,0.183,4,5,1,-0.473,-0.1797,-0.5126,-0.6023
75,Q,K,-4.956,0.04667,5.0,2,Q,1,1,Q75K,0.5001,0.5941,0.298,4,5,1,0.5248,0.6634,0.7388,0.0734
75,Q,L,-4.888,0.05869,3.5,2,Q,1,1,Q75L,0.08288,0.1026,0.04889,4,2,1,0.116,0.105,0.1003,0.01021
75,Q,M,-4.253,0.4228,6.0,2,Q,1,1,Q75M,0.2273,0.2146,0.3881,4,5,1,0.01605,0.4131,0.6716,-0.1915
75,Q,N,-4.937,0.03536,6.0,2,Q,1,1,Q75N,-0.8265,-0.7084,0.254,4,4,1,-0.6821,-1.207,-0.7109,-0.7059
75,Q,R,-4.661,0.3026,6.5,2,Q,1,1,Q75R,0.5739,0.6461,0.2055,4,7,1,0.5896,0.7026,0.7246,0.2787
75,Q,S,-4.558,0.5077,4.0,2,Q,1,1,Q75S,0.09398,0.1084,0.07184,4,3,1,0.09935,0.1647,0.1174,-0.005551
75,Q,T,-4.954,0.03394,7.5,2,Q,1,1,Q75T,-0.1054,-0.08385,0.1288,4,10,1,-0.08349,-0.08421,0.0279,-0.2817
75,Q,V,-4.935,0.03041,3.0,2,Q,1,1,Q75V,-0.06762,-0.03621,0.1558,4,4,1,-0.05725,0.08527,-0.01516,-0.2834
75,Q,W,-4.977,,1.5,1,Q,1,1,Q75W,0.2098,0.3554,0.4168,4,3,1,0.2542,0.4567,0.5202,-0.3918
75,Q,Y,-4.976,0.00495,6.0,2,Q,1,1,Q75Y,-0.1669,-0.1608,0.1057,4,6,1,-0.165,-0.0439,-0.1567,-0.3021
76,P,A,-3.21,2.339,2.5,2,P,1,1,P76A,-0.422,-0.47,0.1682,4,1,1,-0.4565,-0.18,-0.4835,-0.5681
76,P,C,-4.871,0.01697,5.0,2,P,1,1,P76C,-0.7845,-0.7781,0.02859,4,2,1,-0.8208,-0.7939,-0.7622,-0.7609
76,P,D,-4.885,0.0997,4.0,2,P,1,1,P76D,0.1546,0.1416,0.09434,4,2,1,0.1368,0.2816,0.1465,0.05369
76,P,E,-4.896,0.006364,4.0,2,P,1,1,P76E,-0.1,-0.3648,0.6961,4,4,1,-0.3436,0.9304,-0.3859,-0.6009
76,P,F,-4.844,0.1803,7.0,2,P,1,1,P76F,0.2559,0.3156,0.2238,4,6,1,0.256,0.4501,0.3752,-0.05764
76,P,G,-4.338,0.6251,5.5,2,P,1,1,P76G,-0.2109,-0.2282,0.06493,4,6,1,-0.2615,-0.1256,-0.195,-0.2614
76,P,H,-4.928,0.00495,10.5,2,P,1,1,P76H,0.8797,0.9769,0.5308,4,13,1,0.8537,1.1,1.406,0.1592
76,P,I,-4.886,0.002121,2.5,2,P,1,1,P76I,-0.8277,-0.8529,0.1222,4,3,1,-0.8737,-0.6586,-0.8321,-0.9462
76,P,K,-4.775,0.1824,4.0,2,P,1,1,P76K,-0.4639,-0.4406,0.08234,4,4,1,-0.4692,-0.5782,-0.4119,-0.3964
76,P,L,-4.962,0.0396,12.5,2,P,1,1,P76L,-0.312,-0.2721,0.176,4,11,1,-0.2832,-0.1443,-0.2609,-0.5597
76,P,M,-4.965,0.02051,5.5,2,P,1,1,P76M,0.6532,0.663,0.2741,4,6,1,0.7009,0.9767,0.625,0.3102
76,P,N,-4.751,0.1916,3.0,2,P,1,1,P76N,-0.1394,-0.06622,0.1884,4,3,1,-0.02138,-0.4139,-0.01148,-0.1111
76,P,Q,-4.96,0.06081,5.0,2,P,1,1,P76Q,-0.9274,-0.8369,0.1999,4,4,1,-0.8361,-1.227,-0.8091,-0.8377
76,P,R,-4.99,0.03041,3.5,2,P,1,1,P76R,-2.136,-2.19,0.1518,4,2,1,-2.152,-2.229,-2.247,-1.917
76,P,S,-4.895,0.003536,5.0,2,P,1,1,P76S,-1.415,-1.435,0.1208,4,5,1,-1.384,-1.485,-1.532,-1.259
76,P,T,-4.908,0.1075,4.5,2,P,1,1,P76T,0.3124,0.2945,0.3697,4,4,1,0.7316,0.5027,0.08629,-0.07103
76,P,V,-4.911,0.01414,5.5,2,P,1,1,P76V,-0.5713,-0.7333,0.3332,4,6,1,-0.7471,-0.07165,-0.7363,-0.7303
76,P,W,-2.533,3.344,3.0,2,P,1,1,P76W,0.4145,0.4018,0.2074,4,2,1,0.4092,0.6805,0.3944,0.174
76,P,Y,-4.886,0.0495,5.0,2,P,1,1,P76Y,0.8222,0.853,0.506,4,5,1,0.7388,0.9671,1.399,0.1838
77,L,A,-0.9528,0.6225,4.0,2,L,1,1,L77A,-2.405,-2.092,1.415,4,6,1,-2.858,-4.209,-1.325,-1.229
77,L,C,-0.9872,0.5512,5.0,2,L,1,1,L77C,-0.3391,-0.3402,0.04287,4,5,1,-0.3895,-0.3499,-0.3304,-0.2864
77,L,D,-4.918,0.03182,6.5,2,L,1,1,L77D,-0.7845,-1.028,0.502,4,5,1,-1.026,-0.03162,-1.029,-1.051
77,L,E,-4.919,0.1075,3.0,2,L,1,1,L77E,-0.1455,-0.07861,0.1422,4,2,1,-0.08388,-0.06612,-0.07334,-0.3586
77,L,F,-0.1001,0.07497,4.5,2,L,1,1,L77F,-1.206,-1.068,0.3178,4,2,1,-1.079,-1.681,-1.056,-1.009
77,L,G,-4.676,,3.0,1,L,1,1,L77G,0.1613,0.183,0.09122,4,5,1,0.1525,0.2425,0.2136,0.03659
77,L,H,-4.895,0.06647,3.5,2,L,1,1,L77H,0.7064,0.8883,0.3866,4,2,1,0.8653,0.9113,0.9213,0.1276
77,L,I,-0.8972,0.9231,2.0,2,L,1,1,L77I,-0.2311,-0.2339,0.01845,4,3,1,-0.2481,-0.2086,-0.2236,-0.2441
77,L,K,-4.94,0.01202,6.0,2,L,1,1,L77K,0.1142,0.2038,0.3513,4,7,1,0.02771,0.3961,0.3799,-0.3471
77,L,M,-0.3119,0.6083,12.0,2,L,1,1,L77M,-0.5658,-0.6097,0.09823,4,13,1,-0.6073,-0.4189,-0.6121,-0.625
77,L,N,-4.769,0.2312,3.5,2,L,1,1,L77N,0.2141,0.2004,0.05948,4,5,1,0.1981,0.2027,0.298,0.1576
77,L,P,-4.932,0.05798,7.5,2,L,1,1,L77P,0.4338,0.5445,0.2835,4,10,1,0.4868,0.6022,0.6275,0.01853
77,L,Q,-4.892,0.08697,5.0,2,L,1,1,L77Q,0.9749,0.9599,0.3051,4,5,1,0.9056,1.014,1.359,0.6208
77,L,R,-4.205,1.133,3.5,2,L,1,1,L77R,0.2686,0.1905,0.3537,4,1,1,0.2031,0.7654,0.1778,-0.072
77,L,S,-4.944,0.04243,4.0,2,L,1,1,L77S,-1.5,-1.601,0.2436,4,2,1,-1.661,-1.137,-1.61,-1.592
77,L,T,-0.7492,0.5696,2.5,2,L,1,1,L77T,-0.5194,-0.4846,0.09776,4,3,1,-0.4959,-0.6627,-0.4732,-0.4456
77,L,V,-0.767,0.1474,3.5,2,L,1,1,L77V,-0.1337,-0.1824,0.1329,4,3,1,-0.1988,-0.2314,-0.166,0.06157
77,L,W,-4.55,0.2623,4.0,2,L,1,1,L77W,-0.4102,-0.494,0.2388,4,6,1,-0.4737,-0.05983,-0.5144,-0.5929
77,L,Y,-2.58,0.886,3.0,2,L,1,1,L77Y,-1.994,-2.125,0.323,4,2,1,-2.204,-1.522,-2.047,-2.202
78,L,A,-0.9061,0.3152,3.5,2,L,1,1,L78A,-0.341,-0.3139,0.0887,4,6,1,-0.3423,-0.4656,-0.2856,-0.2703
78,L,C,-0.2673,0.1612,5.5,2,L,1,1,L78C,0.07776,0.009822,0.1909,4,5,1,0.0001049,-0.06727,0.3587,0.01954
78,L,D,-1.062,0.2913,3.5,2,L,1,1,L78D,-1.325,-1.322,0.1196,4,5,1,-1.32,-1.473,-1.325,-1.181
78,L,E,-0.2387,0.2671,6.0,2,L,1,1,L78E,-0.01437,-0.01365,0.04843,4,3,1,-0.01261,-0.0147,0.0442,-0.07439
78,L,F,-0.6985,0.084,3.0,2,L,1,1,L78F,-0.9792,-0.9869,0.0463,4,2,1,-1.027,-0.9161,-0.9827,-0.991
78,L,G,-0.1676,0.4037,7.5,2,L,1,1,L78G,-0.1223,-0.1115,0.06684,4,3,1,-0.1377,-0.05715,-0.2092,-0.08524
78,L,H,0.08619,0.06309,3.5,2,L,1,1,L78H,0.092,0.09221,0.04512,4,3,1,0.09993,0.03708,0.08449,0.1465
78,L,I,-0.07859,0.1328,4.5,2,L,1,1,L78I,-0.1135,-0.1133,0.02299,4,6,1,-0.1418,-0.1143,-0.08553,-0.1122
78,L,K,0.07902,0.07889,4.5,2,L,1,1,L78K,0.2892,0.305,0.07962,4,7,1,0.2979,0.3681,0.3121,0.1788
78,L,M,-0.9479,0.3536,6.5,2,L,1,1,L78M,0.2445,0.2231,0.05562,4,5,1,0.2351,0.2111,0.3257,0.206
78,L,P,-4.386,0.7616,4.0,2,L,1,1,L78P,0.1697,0.1505,0.3756,4,4,1,0.03609,0.2649,0.6337,-0.2558
78,L,Q,-0.2937,0.5578,5.5,2,L,1,1,L78Q,1.092,1.22,0.3372,4,4,1,1.218,1.221,0.5925,1.335
78,L,R,-0.1492,0.3107,4.5,2,L,1,1,L78R,0.1735,0.1703,0.027,4,6,1,0.1474,0.1558,0.1848,0.2061
78,L,S,-0.3753,0.007778,3.5,2,L,1,1,L78S,-0.06438,-0.0566,0.05616,4,2,1,-0.06661,-0.005027,-0.04658,-0.1393
78,L,T,0.06526,,0.5,1,L,1,1,L78T,-0.5901,-0.5758,0.1082,4,1,1,-0.5726,-0.7354,-0.579,-0.4736
78,L,V,-0.09255,0.231,5.5,2,L,1,1,L78V,0.0411,0.1025,0.2023,4,6,1,0.1291,0.2102,0.07596,-0.2508
78,L,W,-3.026,1.845,3.5,2,L,1,1,L78W,-0.08629,-0.06218,0.09089,4,3,1,-0.05784,-0.2163,-0.06652,-0.004521
78,L,Y,-0.4,0.7372,3.5,2,L,1,1,L78Y,-1.907,-1.58,1.118,4,3,1,-1.511,-3.521,-1.649,-0.9463
79,L,A,-0.6792,1.154,2.0,2,L,1,1,L79A,0.02602,0.01461,0.02543,4,3,1,0.0159,0.01081,0.06403,0.01331
79,L,C,0.1522,0.01959,4.0,2,L,1,1,L79C,0.6189,0.6369,0.07578,4,4,1,0.6087,0.6854,0.6652,0.5162
79,L,D,-4.923,0.03182,6.0,2,L,1,1,L79D,-0.12,-0.1009,0.1582,4,6,1,-0.09668,0.05281,-0.1051,-0.3309
79,L,E,-4.882,0.004243,2.0,2,L,1,1,L79E,-0.934,-0.964,0.1166,4,2,1,-1.013,-0.7766,-1.031,-0.9152
79,L,F,-1.963,0.2022,4.0,2,L,1,1,L79F,-2.422,-2.5,0.2708,4,6,1,-2.649,-2.037,-2.438,-2.563
79,L,G,-4.054,0.9136,4.0,2,L,1,1,L79G,-0.6989,-0.7249,0.0848,4,6,1,-0.7274,-0.5757,-0.7699,-0.7225
79,L,H,-4.326,0.3613,3.5,2,L,1,1,L79H,-1.312,-1.274,0.09752,4,2,1,-1.296,-1.455,-1.245,-1.253
79,L,I,0.1428,0.01089,2.5,2,L,1,1,L79I,0.2041,0.2075,0.01822,4,2,1,0.2191,0.1823,0.1959,0.2192
79,L,K,-4.739,0.2114,2.5,2,L,1,1,L79K,0.4023,0.4353,0.2513,4,2,1,0.4549,0.6728,0.4157,0.06571
79,L,M,0.06668,0.1274,4.0,2,L,1,1,L79M,-0.3091,-0.3055,0.03728,4,4,1,-0.3183,-0.3563,-0.2927,-0.2692
79,L,N,-2.9,0.2333,3.5,2,L,1,1,L79N,-0.4455,-0.3549,0.2787,4,4,1,-0.3352,-0.2205,-0.8519,-0.3745
79,L,P,-1.987,0.3875,7.0,2,L,1,1,L79P,-1.886,-1.928,0.1237,4,9,1,-1.983,-1.946,-1.911,-1.706
79,L,Q,-4.089,1.102,6.0,2,L,1,1,L79Q,-0.6692,-0.7438,0.1594,4,5,1,-0.7585,-0.7327,-0.7549,-0.4307
79,L,R,-4.962,0.02404,5.0,2,L,1,1,L79R,-0.8058,-0.803,0.03872,4,6,1,-0.7623,-0.8551,-0.8119,-0.7941
79,L,S,-1.825,0.355,5.0,2,L,1,1,L79S,-0.4642,-0.4619,0.01106,4,8,1,-0.4792,-0.4538,-0.4585,-0.4654
79,L,T,-0.0972,0.3087,9.0,2,L,1,1,L79T,0.3258,0.3305,0.06157,4,10,1,0.2831,0.3792,0.378,0.2628
79,L,V,-0.1154,0.01322,4.0,2,L,1,1,L79V,-0.0009287,-0.01759,0.0415,4,4,1,-0.02564,-0.02858,-0.009546,0.06005
79,L,W,-3.973,0.7106,6.5,2,L,1,1,L79W,-1.57,-1.537,0.1254,4,5,1,-1.557,-1.747,-1.457,-1.517
79,L,Y,-1.841,0.4872,3.5,2,L,1,1,L79Y,-1.541,-1.731,0.4441,4,4,1,-1.752,-0.8785,-1.824,-1.709
80,N,A,-1.054,0.4473,4.5,2,N,1,1,N80A,0.2748,0.2426,0.1157,4,3,1,0.2208,0.1747,0.2643,0.4395
80,N,C,-1.007,0.09617,5.0,2,N,1,1,N80C,0.2736,0.2811,0.0648,4,4,1,0.265,0.3431,0.2972,0.1891
80,N,D,-0.3322,0.4789,5.0,2,N,1,1,N80D,-0.3303,-0.2769,0.1218,4,5,1,-0.2903,-0.5116,-0.2634,-0.2559
80,N,E,0.1426,0.04179,3.0,2,N,1,1,N80E,0.8944,0.9225,0.1049,4,3,1,0.8812,0.9638,0.9812,0.7512
80,N,F,-1.076,0.9677,4.5,2,N,1,1,N80F,-0.1083,-0.08891,0.1039,4,5,1,-0.1375,-0.01334,-0.04028,-0.2422
80,N,G,-2.32,3.526,2.5,2,N,1,1,N80G,0.5359,0.5296,0.02289,4,3,1,0.5157,0.5688,0.5294,0.5298
80,N,H,-0.2703,0.05339,2.5,2,N,1,1,N80H,0.3549,0.3679,0.05033,4,4,1,0.3487,0.387,0.2863,0.3976
80,N,I,-1.419,0.6109,7.0,2,N,1,1,N80I,1.012,1.03,0.09349,4,6,1,0.9846,1.098,1.074,0.8926
80,N,K,-0.1731,0.1366,5.5,2,N,1,1,N80K,0.4983,0.5026,0.03981,4,5,1,0.4835,0.5217,0.4495,0.5384
80,N,L,-1.543,0.2135,6.5,2,N,1,1,N80L,0.2649,0.2482,0.1563,4,6,1,0.2625,0.471,0.2338,0.09211
80,N,M,-0.4432,0.653,5.5,2,N,1,1,N80M,0.4934,0.4743,0.06111,4,6,1,0.4944,0.5793,0.4543,0.4455
80,N,P,-2.909,2.964,2.0,2,N,1,1,N80P,-0.4306,-0.4518,0.1463,4,2,1,-0.4566,-0.5859,-0.4471,-0.2328
80,N,Q,-0.3009,,1.5,1,N,1,1,N80Q,0.07926,0.08497,0.02066,4,3,1,0.08704,0.04966,0.0829,0.09745
80,N,R,-0.1284,0.1266,1.5,2,N,1,1,N80R,0.09204,0.09547,0.06212,4,2,1,0.09289,0.1645,0.09805,0.01272
80,N,S,-1.019,1.686,4.0,2,N,1,1,N80S,0.0659,0.07969,0.08491,4,3,1,0.05503,-0.04702,0.1512,0.1043
80,N,T,-1.048,1.05,4.5,2,N,1,1,N80T,-0.09398,-0.09126,0.04744,4,5,1,-0.09677,-0.08574,-0.03898,-0.1544
80,N,V,-0.3014,0.02404,5.5,2,N,1,1,N80V,0.4421,0.4534,0.1177,4,3,1,0.4816,0.5713,0.2904,0.4252
80,N,W,-1.585,0.2772,3.5,2,N,1,1,N80W,-0.07308,-0.06843,0.03276,4,3,1,-0.05384,-0.1145,-0.04092,-0.08303
80,N,Y,-2.604,3.401,3.5,2,N,1,1,N80Y,0.09912,0.0949,0.01613,4,3,1,0.09737,0.09243,0.122,0.08468
81,C,*,-2.404,3.421,2.5,2,C,1,1,C81*,0.2224,0.2342,0.1497,4,1,1,0.3015,0.04083,0.3804,0.167
81,C,A,-2.71,0.0502,3.5,2,C,1,1,C81A,-1.891,-1.853,0.1572,4,2,1,-1.889,-2.11,-1.818,-1.747
81,C,D,-4.729,0.2454,4.5,2,C,1,1,C81D,-2.461,-2.589,0.3739,4,4,1,-2.701,-1.927,-2.477,-2.737
81,C,E,-3.762,1.533,4.5,2,C,1,1,C81E,0.01135,-0.02282,0.1001,4,5,1,-0.004236,-0.0414,0.1567,-0.06564
81,C,F,-4.91,0.01626,7.5,2,C,1,1,C81F,-0.09035,-0.1102,0.2533,4,7,1,-0.1279,0.2379,-0.09238,-0.379
81,C,G,-2.946,0.396,5.5,2,C,1,1,C81G,-1.743,-1.743,0.0577,4,6,1,-1.804,-1.707,-1.682,-1.778
81,C,H,-4.498,0.0495,7.0,2,C,1,1,C81H,-1.442,-1.468,0.1579,4,6,1,-1.541,-1.241,-1.395,-1.592
81,C,I,-4.846,0.0891,4.5,2,C,1,1,C81I,1.011,1.044,0.4518,4,3,1,0.9806,1.107,1.526,0.4303
81,C,K,-4.714,0.2461,4.0,2,C,1,1,C81K,-0.1293,-0.07569,0.1649,4,5,1,-0.06812,0.004083,-0.08326,-0.3699
81,C,L,-4.917,0.04667,4.0,2,C,1,1,C81L,0.02984,0.02704,0.03093,4,2,1,0.06988,0.03273,0.02136,-0.004621
81,C,M,-4.841,0.009192,5.0,2,C,1,1,C81M,0.3196,0.3249,0.1414,4,4,1,0.3039,0.486,0.3459,0.1426
81,C,N,-4.117,1.158,3.0,2,C,1,1,C81N,-0.4735,-0.4864,0.3247,4,2,1,-0.464,-0.8572,-0.5087,-0.06396
81,C,P,-4.927,0.03748,9.0,2,C,1,1,C81P,0.2055,0.2229,0.211,4,6,1,0.1464,0.4338,0.2994,-0.05742
81,C,Q,-4.608,0.391,3.0,2,C,1,1,C81Q,-2.382,-2.386,0.1455,4,3,1,-2.481,-2.29,-2.227,-2.528
81,C,R,-4.902,0.1252,9.0,2,C,1,1,C81R,-0.576,-0.6191,0.1827,4,10,1,-0.6489,-0.3196,-0.7461,-0.5892
81,C,S,-2.856,1.077,6.0,2,C,1,1,C81S,0.3444,0.2576,0.4042,4,6,1,0.1283,-0.03057,0.3869,0.893
81,C,T,-4.957,0.002121,4.5,2,C,1,1,C81T,0.147,0.07726,0.211,4,5,1,0.07786,0.07666,0.4556,-0.022
81,C,V,-4.944,0.0007071,4.5,2,C,1,1,C81V,-0.0866,-0.07758,0.09908,4,4,1,-0.07789,0.02505,-0.07726,-0.2163
81,C,W,-4.904,0.06859,5.0,2,C,1,1,C81W,0.3909,0.2781,0.6809,4,5,1,0.006905,0.5492,1.276,-0.2686
81,C,Y,-4.928,0.003536,13.0,2,C,1,1,C81Y,-0.6972,-0.7276,0.1108,4,12,1,-0.7881,-0.5453,-0.6851,-0.7702
82,L,A,-0.9457,0.7852,5.0,2,L,1,1,L82A,-1.066,-1.004,0.1615,4,3,1,-1.027,-1.304,-0.9522,-0.9814
82,L,C,-2.653,0.8966,4.5,2,L,1,1,L82C,-0.09912,-0.08821,0.04761,4,4,1,-0.1091,-0.06736,-0.05781,-0.1623
82,L,D,-4.947,0.04455,5.0,2,L,1,1,L82D,-0.7191,-0.7167,0.06225,4,3,1,-0.7222,-0.6456,-0.7112,-0.7975
82,L,E,-2.195,0.06081,8.0,2,L,1,1,L82E,-2.345,-2.305,0.3429,4,8,1,-2.291,-1.969,-2.319,-2.801
82,L,F,-0.07045,0.2633,3.5,2,L,1,1,L82F,-1.262,-1.143,0.2902,4,4,1,-1.202,-1.688,-1.072,-1.084
82,L,G,-1.261,0.7401,3.0,2,L,1,1,L82G,-0.9751,-0.9633,0.2304,4,3,1,-1.145,-0.7814,-1.202,-0.7719
82,L,H,-0.6866,0.7472,4.5,2,L,1,1,L82H,0.8136,0.7143,0.757,4,1,1,1.233,1.668,0.1576,0.1953
82,L,I,-0.5733,0.5181,5.0,2,L,1,1,L82I,-0.8329,-0.8607,0.07111,4,5,1,-0.8813,-0.7289,-0.8454,-0.876
82,L,K,-0.07734,0.02718,5.5,2,L,1,1,L82K,-1.186,-1.17,0.0774,4,4,1,-1.136,-1.205,-1.287,-1.116
82,L,M,0.03004,0.1561,9.0,2,L,1,1,L82M,-0.4644,-0.4003,0.1762,4,17,1,-0.4167,-0.7236,-0.3839,-0.3334
82,L,N,-1.653,0.4667,4.0,2,L,1,1,L82N,-0.7677,-0.7367,0.1167,4,5,1,-0.7429,-0.6629,-0.9346,-0.7304
82,L,P,-4.944,0.04455,5.5,2,L,1,1,L82P,-0.1435,-0.1117,0.1547,4,6,1,-0.1592,-0.06424,0.002574,-0.353
82,L,Q,-0.1835,0.368,3.0,2,L,1,1,L82Q,-3.124,-3.064,0.2397,4,3,1,-3.189,-2.931,-3.435,-2.94
82,L,R,-2.987,0.5197,6.0,2,L,1,1,L82R,-1.197,-1.242,0.09489,4,7,1,-1.251,-1.055,-1.243,-1.241
82,L,S,-4.935,0.07212,4.0,2,L,1,1,L82S,-0.003808,0.007507,0.05226,4,2,1,0.04459,-0.009077,0.02409,-0.07484
82,L,T,-4.903,0.0693,3.0,2,L,1,1,L82T,-0.08808,-0.06735,0.06597,4,2,1,-0.06578,-0.03354,-0.06892,-0.1841
82,L,V,-0.03047,0.1437,4.0,2,L,1,1,L82V,-1.363,-1.182,0.4286,4,4,1,-1.202,-2.001,-1.163,-1.084
82,L,W,-0.1883,0.496,4.5,2,L,1,1,L82W,-0.3403,-0.3368,0.0187,4,2,1,-0.3658,-0.3217,-0.3331,-0.3405
82,L,Y,-0.6804,0.3262,7.5,2,L,1,1,L82Y,-0.8352,-0.7942,0.1483,4,9,1,-0.8161,-1.047,-0.7724,-0.7055
83,W,*,-4.976,0.04172,9.0,2,W,1,1,W83*,0.1048,0.09417,0.07788,4,8,1,0.2096,0.02129,0.09723,0.09111
83,W,A,-0.7272,0.275,4.5,2,W,1,1,W83A,1.246,1.342,0.2611,4,4,1,1.301,1.435,1.384,0.8633
83,W,C,-1.641,0.09405,8.5,2,W,1,1,W83C,1.44,1.357,0.4362,4,7,1,1.362,2.043,1.353,1.001
83,W,D,-4.931,0.111,3.0,2,W,1,1,W83D,-0.2613,-0.2609,0.04107,4,2,1,-0.2829,-0.2164,-0.2389,-0.3069
83,W,E,-3.713,1.363,2.0,2,W,1,1,W83E,1.684,1.766,0.3155,4,3,1,1.754,1.779,1.971,1.234
83,W,F,0.06929,0.0768,4.0,2,W,1,1,W83F,0.7853,0.8366,0.1977,4,2,1,0.7815,0.8916,0.9584,0.5097
83,W,G,-1.539,0.925,4.5,2,W,1,1,W83G,0.9622,1.046,0.3585,4,6,1,1.017,1.301,1.074,0.4567
83,W,H,-1.21,0.4517,6.5,2,W,1,1,W83H,1.331,1.332,0.7035,4,2,1,1.42,2.187,1.244,0.4728
83,W,I,-0.2293,0.2698,9.0,2,W,1,1,W83I,1.902,1.932,0.4818,4,9,1,1.99,2.457,1.874,1.286
83,W,K,-3.746,1.725,1.5,2,W,1,1,W83K,1.025,1.003,0.2414,4,2,1,1.085,1.33,0.9213,0.7651
83,W,L,-2.197,0.4377,11.0,2,W,1,1,W83L,1.548,1.513,0.1462,4,14,1,1.503,1.755,1.524,1.411
83,W,M,-0.1968,0.5225,3.5,2,W,1,1,W83M,1.67,1.651,0.4222,4,2,1,1.584,1.718,2.201,1.177
83,W,N,-1.96,0.1831,5.0,2,W,1,1,W83N,1.539,1.681,0.4178,4,5,1,1.71,1.867,1.652,0.9275
83,W,P,-4.942,0.09899,5.0,2,W,1,1,W83P,-0.5445,-0.5451,0.01716,4,6,1,-0.5647,-0.547,-0.5229,-0.5433
83,W,Q,-0.4655,0.08549,4.0,2,W,1,1,W83Q,1.613,1.755,0.5181,4,6,1,1.838,2.068,1.673,0.8753
83,W,R,-0.3651,0.5592,6.0,2,W,1,1,W83R,0.9894,1.11,0.3139,4,9,1,1.022,1.202,1.198,0.5358
83,W,S,-0.8109,1.284,3.0,2,W,1,1,W83S,-1.366,-1.363,0.07953,4,2,1,-1.333,-1.462,-1.392,-1.277
83,W,T,0.111,0.02077,6.0,2,W,1,1,W83T,1.477,1.605,0.4429,4,8,1,1.617,1.592,1.86,0.8378
83,W,V,-2.299,2.451,4.0,2,W,1,1,W83V,2.197,2.28,0.2702,4,3,1,2.169,2.392,2.403,1.825
83,W,Y,-0.08749,0.1146,2.5,2,W,1,1,W83Y,0.008815,-0.001398,0.05094,4,1,1,0.006923,-0.04109,-0.009719,0.07915
84,S,*,-4.959,0.0297,6.5,2,S,1,1,S84*,-0.3788,-0.3636,0.1715,4,8,1,-0.2949,-0.5913,-0.1966,-0.4323
84,S,A,-0.898,0.4696,2.5,2,S,1,1,S84A,0.08771,0.04481,0.1115,4,1,1,0.05519,0.2525,0.03443,0.008769
84,S,C,-0.4383,0.7958,2.5,2,S,1,1,S84C,2.211,2.41,0.71,4,3,1,2.559,2.821,2.262,1.203
84,S,D,-0.3324,0.4001,4.5,2,S,1,1,S84D,0.9711,1.01,0.2772,4,4,1,0.9279,1.092,1.257,0.6075
84,S,E,0.05958,0.009977,4.0,2,S,1,1,S84E,-0.1351,-0.136,0.05361,4,5,1,-0.133,-0.139,-0.1999,-0.06871
84,S,F,0.09491,0.07621,5.5,2,S,1,1,S84F,-1.019,-1.12,0.2087,4,3,1,-1.112,-1.128,-1.131,-0.7065
84,S,G,0.06284,0.1497,2.5,2,S,1,1,S84G,1.08,1.121,0.215,4,2,1,1.16,1.294,1.082,0.786
84,S,H,-0.3493,0.6135,4.0,2,S,1,1,S84H,0.1371,0.1333,0.009575,4,2,1,0.135,0.1304,0.1511,0.1317
84,S,I,-0.5486,0.8872,5.0,2,S,1,1,S84I,-0.06942,-0.06905,0.01222,4,6,1,-0.06541,-0.05527,-0.07268,-0.0843
84,S,K,0.0055,0.1601,6.0,2,S,1,1,S84K,0.8624,0.8617,0.2396,4,5,1,0.8495,1.156,0.8739,0.57
84,S,L,-0.04249,0.09392,8.5,2,S,1,1,S84L,-0.3487,-0.3382,0.05081,4,9,1,-0.3467,-0.419,-0.3297,-0.2993
84,S,M,-0.04309,0.1744,5.0,2,S,1,1,S84M,-0.819,-0.8364,0.05683,4,5,1,-0.8668,-0.7366,-0.839,-0.8337
84,S,N,-0.2694,0.2817,4.0,2,S,1,1,S84N,-0.04486,-0.05086,0.02973,4,3,1,-0.03525,-0.07065,-0.06646,-0.007081
84,S,P,-0.00715,0.2101,3.5,2,S,1,1,S84P,0.2951,0.2613,0.3696,4,3,1,0.2207,0.7771,0.302,-0.1195
84,S,Q,0.02264,0.1605,6.0,2,S,1,1,S84Q,-0.02711,0.008127,0.09892,4,3,1,0.0001033,0.01615,-0.1725,0.04781
84,S,R,0.0294,0.1892,2.5,2,S,1,1,S84R,-0.1626,-0.1775,0.06784,4,2,1,-0.1976,-0.06985,-0.1574,-0.2255
84,S,T,0.09576,0.07175,5.5,2,S,1,1,S84T,1.183,1.172,0.1068,4,8,1,1.166,1.323,1.064,1.178
84,S,V,0.0755,0.1355,3.5,2,S,1,1,S84V,-0.5325,-0.5466,0.05871,4,2,1,-0.5861,-0.4508,-0.5607,-0.5325
84,S,W,-1.647,1.374,3.5,2,S,1,1,S84W,0.07419,0.09794,0.1509,4,5,1,0.04138,-0.1222,0.1545,0.2231
84,S,Y,-0.7191,1.259,5.5,2,S,1,1,S84Y,-0.2674,-0.2685,0.02856,4,6,1,-0.2855,-0.2514,-0.297,-0.2359
85,V,A,-0.3737,0.7252,4.0,2,V,1,1,V85A,1.382,1.444,0.204,4,4,1,1.365,1.54,1.523,1.1
85,V,C,0.09473,0.1079,3.5,2,V,1,1,V85C,1.697,1.81,0.5824,4,5,1,1.821,2.28,1.799,0.8896
85,V,D,-0.2843,0.4689,5.5,2,V,1,1,V85D,2.417,2.562,0.4059,4,5,1,2.571,2.726,1.82,2.553
85,V,E,-0.2304,0.02348,6.0,2,V,1,1,V85E,1.967,1.967,0.3357,4,5,1,2.008,2.376,1.558,1.926
85,V,F,-0.03455,0.2952,4.0,2,V,1,1,V85F,1.175,1.243,0.2367,4,3,1,1.249,1.381,1.237,0.8337
85,V,G,-1.367,0.2729,4.5,2,V,1,1,V85G,0.07979,0.1043,0.1211,4,5,1,0.04571,0.1871,0.1629,-0.07651
85,V,H,0.1139,0.005728,3.0,2,V,1,1,V85H,1.719,1.83,0.4128,4,4,1,1.846,2.09,1.813,1.128
85,V,I,0.05508,0.06721,7.0,2,V,1,1,V85I,-0.7726,-0.7375,0.09901,4,5,1,-0.7586,-0.9163,-0.699,-0.7165
85,V,K,-0.02642,0.07932,6.0,2,V,1,1,V85K,1.687,1.8,0.4892,4,7,1,1.786,2.151,1.814,0.9962
85,V,L,0.1148,0.01018,7.5,2,V,1,1,V85L,0.7948,0.8231,0.1069,4,5,1,0.7788,0.8673,0.8831,0.6501
85,V,M,0.119,0.02546,6.0,2,V,1,1,V85M,1.044,1.036,0.08788,4,8,1,1.066,1.154,1.007,0.9476
85,V,N,-1.493,,1.5,1,V,1,1,V85N,-0.411,-0.3906,0.1482,4,1,1,-0.2526,-0.6101,-0.3773,-0.4038
85,V,P,-0.05915,0.317,5.5,2,V,1,1,V85P,1.618,1.739,0.4054,4,6,1,1.702,1.962,1.776,1.032
85,V,Q,-0.2372,0.5238,3.5,2,V,1,1,V85Q,1.108,1.04,0.2753,4,3,1,1.067,1.499,1.012,0.8557
85,V,R,-0.103,0.3439,5.0,2,V,1,1,V85R,1.625,1.82,0.4882,4,4,1,1.785,1.959,1.856,0.9009
85,V,S,-0.8689,0.2547,3.0,2,V,1,1,V85S,0.6697,0.7146,0.2453,4,1,1,0.6466,0.7826,0.9105,0.3391
85,V,T,-0.4519,0.5511,3.0,2,V,1,1,V85T,2.059,2.01,0.2833,4,3,1,2.147,2.419,1.873,1.796
85,V,W,-0.9925,0.8974,4.5,2,V,1,1,V85W,0.5771,0.5761,0.5031,4,5,1,0.493,1.189,0.6592,-0.0324
85,V,Y,0.1227,0.02121,8.5,2,V,1,1,V85Y,1.496,1.559,0.3338,4,7,1,1.603,1.83,1.515,1.037
86,S,A,0.1499,0.01442,8.5,2,S,1,1,S86A,1.164,1.174,0.08791,4,9,1,1.15,1.259,1.197,1.05
86,S,C,-1.252,1.14,3.5,2,S,1,1,S86C,0.8454,1.043,0.617,4,3,1,1.052,1.035,1.349,-0.05448
86,S,D,-1.214,0.007071,5.5,2,S,1,1,S86D,1.338,1.402,0.4004,4,3,1,1.451,1.753,1.354,0.7938
86,S,E,0.1082,0.03004,5.5,2,S,1,1,S86E,0.2176,0.2135,0.05358,4,4,1,0.206,0.2866,0.221,0.1567
86,S,F,-0.8116,1.34,6.0,2,S,1,1,S86F,0.4916,0.5167,0.09647,4,7,1,0.5182,0.5793,0.5151,0.3539
86,S,G,-0.0033,0.2499,5.0,2,S,1,1,S86G,1.181,1.174,0.1585,4,7,1,1.186,1.382,0.995,1.162
86,S,I,0.08443,0.07109,4.5,2,S,1,1,S86I,-0.1535,-0.1588,0.02645,4,5,1,-0.1532,-0.1792,-0.1644,-0.1172
86,S,K,-0.5604,,1.0,1,S,1,1,S86K,0.6577,0.6707,0.09956,4,2,1,0.6733,0.7652,0.6681,0.5242
86,S,L,0.06572,,5.0,1,S,1,1,S86L,1.629,1.644,0.3034,4,9,1,1.633,1.985,1.655,1.243
86,S,M,0.03013,0.01038,1.5,2,S,1,1,S86M,0.3046,0.3226,0.05526,4,1,1,0.3235,0.3494,0.3216,0.2239
86,S,N,0.1156,0.06145,6.5,2,S,1,1,S86N,0.4239,0.3985,0.07628,4,4,1,0.4248,0.5314,0.3671,0.3722
86,S,P,-0.3439,0.7249,7.0,2,S,1,1,S86P,2.942,3.055,0.4873,4,8,1,3.007,3.402,3.104,2.257
86,S,Q,-0.7212,0.6686,3.5,2,S,1,1,S86Q,0.447,0.4698,0.06979,4,6,1,0.4589,0.4807,0.5026,0.3458
86,S,R,-0.02769,,1.5,1,S,1,1,S86R,0.2819,0.2571,0.08443,4,3,1,0.2801,0.4012,0.2341,0.2122
86,S,T,-0.02765,0.2641,2.5,2,S,1,1,S86T,0.4833,0.4974,0.1129,4,2,1,0.5352,0.6008,0.4595,0.3377
86,S,V,-0.6245,0.08492,5.5,2,S,1,1,S86V,0.192,0.2167,0.09722,4,4,1,0.2077,0.2808,0.2256,0.0538
86,S,W,-0.6806,,1.5,1,S,1,1,S86W,0.2501,0.2044,0.1695,4,3,1,0.2578,0.4857,0.1509,0.1059
86,S,Y,-0.07075,0.09525,11.5,2,S,1,1,S86Y,0.5673,0.5682,0.02458,4,13,1,0.5409,0.5919,0.5842,0.5523
87,G,A,-0.1257,0.2022,3.5,2,G,1,1,G87A,1.523,1.623,0.4423,4,3,1,1.637,1.945,1.609,0.9
87,G,C,-4.444,0.1633,16.0,2,G,1,1,G87C,0.6885,0.6024,0.391,4,13,1,0.589,1.238,0.6157,0.3117
87,G,D,-0.5958,0.4004,15.0,2,G,1,1,G87D,1.071,1.15,0.2421,4,20,1,1.065,1.234,1.254,0.7307
87,G,E,-0.5166,0.5309,4.0,2,G,1,1,G87E,0.9104,1.013,0.2483,4,3,1,1.071,1.06,0.9662,0.5447
87,G,F,-1.164,0.03606,4.5,2,G,1,1,G87F,1.342,1.446,0.3537,4,7,1,1.417,1.475,1.645,0.8317
87,G,H,-0.251,0.2014,3.5,2,G,1,1,G87H,1.386,1.569,0.5346,4,4,1,1.484,1.654,1.798,0.6072
87,G,I,-1.304,0.05303,5.5,2,G,1,1,G87I,1.347,1.491,0.4895,4,5,1,1.563,1.762,1.419,0.6439
87,G,K,-0.93,1.389,2.5,2,G,1,1,G87K,0.7379,0.8392,0.4248,4,3,1,0.7614,0.9169,1.131,0.1426
87,G,L,-0.3052,0.2326,3.5,2,G,1,1,G87L,1.633,1.756,0.4754,4,5,1,1.875,2.054,1.636,0.9679
87,G,M,-0.7075,0.2777,3.5,2,G,1,1,G87M,1.997,2.086,0.2825,4,4,1,2.036,2.228,2.136,1.59
87,G,N,-0.5923,0.9528,3.0,2,G,1,1,G87N,0.4752,0.5059,0.2359,4,3,1,0.4854,0.5264,0.7294,0.1597
87,G,P,-1.002,0.2652,5.5,2,G,1,1,G87P,1.843,1.733,0.5212,4,5,1,1.996,2.514,1.47,1.392
87,G,Q,-0.4042,0.5842,5.0,2,G,1,1,G87Q,1.355,1.516,0.7932,4,6,1,1.787,2.1,1.245,0.29
87,G,R,-0.7594,0.3344,8.0,2,G,1,1,G87R,2.077,2.135,0.4011,4,11,1,2.231,2.495,2.038,1.545
87,G,S,0.0415,0.1399,9.0,2,G,1,1,G87S,2.122,2.033,0.3985,4,19,1,2.196,2.653,1.871,1.768
87,G,T,-0.1468,0.3171,4.0,2,G,1,1,G87T,1.816,1.929,0.3178,4,3,1,1.875,2.053,1.983,1.352
87,G,V,-0.9304,0.6188,10.5,2,G,1,1,G87V,1.057,1.079,0.3193,4,12,1,1.027,1.422,1.131,0.6491
87,G,W,-1.269,0.03889,4.0,2,G,1,1,G87W,1.215,1.186,0.2545,4,3,1,1.239,1.134,1.547,0.9382
87,G,Y,-0.6437,0.1178,5.5,2,G,1,1,G87Y,1.641,1.768,0.4326,4,8,1,1.772,2.014,1.763,1.016
88,S,-,-0.9333,0.1001,1.5,2,L,1,1,S88-,0.322,0.3253,0.06169,4,1,1,0.3279,0.3227,0.394,0.2433
88,S,A,0.1163,0.0563,4.5,2,L,1,1,S88A,-0.153,-0.1837,0.07376,4,4,1,-0.1955,-0.04397,-0.2007,-0.1719
88,S,C,0.06095,0.06978,4.0,2,L,1,1,S88C,1.493,1.627,0.4333,4,2,1,1.612,1.855,1.642,0.8638
88,S,D,-0.2155,0.09454,4.5,2,L,1,1,S88D,0.1698,0.2153,0.1259,4,6,1,0.2112,0.2193,0.2645,-0.0158
88,S,E,-0.0929,0.01994,5.0,2,L,1,1,S88E,-0.1104,-0.06453,0.1172,4,5,1,-0.0825,-0.02953,-0.283,-0.04655
88,S,F,-0.2774,0.1828,3.5,2,L,1,1,S88F,-0.5269,-0.534,0.06885,4,4,1,-0.5449,-0.6028,-0.5232,-0.4367
88,S,G,-0.4062,0.3849,2.5,2,L,1,1,S88G,1.385,1.604,0.522,4,5,1,1.517,1.719,1.692,0.6142
88,S,H,-0.5947,0.5746,4.0,2,L,1,1,S88H,-0.3722,-0.3669,0.05553,4,4,1,-0.378,-0.4442,-0.3558,-0.3108
88,S,I,-0.3877,0.1439,8.0,2,L,1,1,S88I,-1.646,-1.653,0.1383,4,8,1,-1.783,-1.564,-1.495,-1.741
88,S,L,-0.7627,0.4558,4.5,2,L,1,1,S88L,-1.238,-1.119,0.2898,4,3,1,-1.176,-1.664,-1.05,-1.063
88,S,M,-0.4181,0.4956,5.0,2,L,1,1,S88M,-0.7671,-0.7545,0.08201,4,7,1,-0.7547,-0.7542,-0.8786,-0.6809
88,S,N,-0.1162,0.3299,9.0,2,L,1,1,S88N,0.5455,0.552,0.08038,4,9,1,0.5712,0.5328,0.6351,0.4428
88,S,P,-0.5762,0.8794,3.5,2,L,1,1,S88P,1.361,1.424,0.1983,4,3,1,1.374,1.518,1.475,1.078
88,S,Q,-2.195,1.246,4.5,2,L,1,1,S88Q,-0.5828,-0.5691,0.07812,4,4,1,-0.5897,-0.688,-0.5486,-0.5051
88,S,R,-0.2021,0.3137,8.0,2,L,1,1,S88R,-1.711,-1.676,0.155,4,9,1,-1.738,-1.918,-1.573,-1.614
88,S,T,0.1006,0.005975,4.5,2,L,1,1,S88T,-0.8545,-0.8437,0.1947,4,3,1,-0.7673,-1.091,-0.92,-0.64
88,S,V,-1.031,1.628,3.0,2,L,1,1,S88V,-2.023,-2.077,0.1661,4,2,1,-2.055,-2.156,-2.099,-1.782
88,S,W,-0.05171,0.01578,6.5,2,L,1,1,S88W,1.143,1.204,0.2899,4,6,1,1.206,1.426,1.203,0.7375
89,R,-,-0.2979,,0.5,1,R,1,1,R89-,0.4056,0.4295,0.07402,4,1,1,0.4657,0.4282,0.4308,0.2976
89,R,A,-0.2571,0.5802,6.0,2,R,1,1,R89A,-0.9764,-0.8898,0.195,4,8,1,-0.9084,-1.267,-0.8712,-0.8589
89,R,C,-0.1415,0.4106,6.0,2,R,1,1,R89C,0.9594,1.042,0.196,4,5,1,1.042,1.041,1.087,0.6672
89,R,D,-0.3001,0.1983,4.5,2,R,1,1,R89D,-2.374,-2.384,0.2061,4,3,1,-2.513,-2.147,-2.255,-2.58
89,R,E,-0.534,0.5906,2.5,2,R,1,1,R89E,-2.137,-2.268,0.3295,4,1,1,-2.356,-1.657,-2.188,-2.348
89,R,F,-0.05083,0.008577,3.5,2,R,1,1,R89F,-0.7489,-0.7962,0.1401,4,3,1,-0.8462,-0.8517,-0.7461,-0.5518
89,R,G,-0.0302,0.2287,3.0,2,R,1,1,R89G,1.649,1.689,0.1835,4,3,1,1.636,1.742,1.821,1.399
89,R,H,-0.4677,0.4946,54.0,2,R,1,1,R89H,-1.351,-1.381,0.1316,4,49,1,-1.396,-1.366,-1.475,-1.166
89,R,I,0.02033,0.09839,2.5,2,R,1,1,R89I,-0.006375,0.02477,0.14,4,1,1,0.01885,0.03069,0.1281,-0.2032
89,R,K,-0.1207,0.3432,4.0,2,R,1,1,R89K,-0.1125,-0.1001,0.03862,4,4,1,-0.113,-0.1669,-0.08287,-0.0873
89,R,L,-0.1514,0.3431,15.0,2,R,1,1,R89L,0.3025,0.2682,0.07166,4,18,1,0.2707,0.4099,0.2637,0.2656
89,R,N,0.07564,0.09031,8.0,2,R,1,1,R89N,-0.7678,-0.7633,0.01835,4,9,1,-0.7926,-0.756,-0.7706,-0.7521
89,R,P,0.1216,0.02234,6.0,2,R,1,1,R89P,1.853,1.882,0.1181,4,5,1,1.879,1.962,1.685,1.885
89,R,Q,-0.07313,0.1094,13.0,2,R,1,1,R89Q,-1.814,-1.778,0.1984,4,14,1,-1.779,-2.088,-1.613,-1.776
89,R,S,-0.1159,0.2631,6.5,2,R,1,1,R89S,-1.954,-1.822,0.3398,4,7,1,-1.913,-2.446,-1.732,-1.724
89,R,T,0.0196,0.1863,5.0,2,R,1,1,R89T,-1.273,-1.3,0.08172,4,5,1,-1.284,-1.337,-1.317,-1.155
89,R,V,-0.3155,0.1073,5.0,2,R,1,1,R89V,-1.697,-1.731,0.3038,4,6,1,-1.711,-1.295,-2.032,-1.752
89,R,W,0.0946,0.09758,12.0,2,R,1,1,R89W,-0.92,-0.8948,0.114,4,15,1,-0.9227,-1.077,-0.867,-0.8131
89,R,Y,-0.09475,0.3724,6.5,2,R,1,1,R89Y,-1.003,-0.9594,0.1078,4,3,1,-0.9834,-1.16,-0.9311,-0.9354
90,F,-,-0.2964,0.5623,1.0,2,F,1,1,F90-,0.4743,0.4239,0.1235,4,1,1,0.4411,0.4067,0.6571,0.3925
90,F,A,-0.5465,0.9269,3.0,2,F,1,1,F90A,1.766,1.701,0.6363,4,4,1,1.555,1.846,2.592,1.072
90,F,C,-0.8272,0.7563,4.5,2,F,1,1,F90C,1.24,1.229,0.4239,4,5,1,1.136,1.323,1.76,0.7395
90,F,D,-1.156,0.2522,4.0,2,F,1,1,F90D,1.615,1.695,0.5602,4,4,1,1.644,1.747,2.21,0.8603
90,F,E,0.04715,0.05981,4.5,2,F,1,1,F90E,1.288,1.387,0.5689,4,5,1,1.196,1.844,1.578,0.5339
90,F,G,-0.2613,0.4132,3.5,2,F,1,1,F90G,0.3432,0.2749,0.3278,4,1,1,0.3572,0.7924,0.1927,0.03064
90,F,H,-2.53,3.352,2.5,2,F,1,1,F90H,1.461,1.475,0.2615,4,1,1,1.465,1.485,1.768,1.129
90,F,I,-0.1354,0.3389,4.0,2,F,1,1,F90I,-1.585,-1.603,0.09451,4,3,1,-1.624,-1.677,-1.582,-1.456
90,F,K,-0.5054,0.659,2.0,2,F,1,1,F90K,1.124,1.242,0.406,4,3,1,1.168,1.315,1.468,0.5429
90,F,L,-0.5848,0.829,10.0,2,F,1,1,F90L,0.1624,0.1499,0.04443,4,15,1,0.1524,0.2263,0.1236,0.1474
90,F,M,-0.0448,0.2653,4.0,2,F,1,1,F90M,1.495,1.541,0.3282,4,2,1,1.525,1.558,1.844,1.052
90,F,N,0.155,0.02708,4.5,2,F,1,1,F90N,1.372,1.436,0.2836,4,4,1,1.403,1.469,1.642,0.9742
90,F,P,-0.4325,0.7823,3.5,2,F,1,1,F90P,2.573,2.67,0.5573,4,4,1,2.836,3.125,2.503,1.829
90,F,Q,-0.5288,0.5166,4.5,2,F,1,1,F90Q,1.228,1.285,0.4927,4,4,1,1.323,1.767,1.247,0.5736
90,F,R,0.08571,,3.5,1,F,1,1,F90R,1.858,1.85,0.1434,4,6,1,1.732,1.962,2.0,1.737
90,F,S,0.0473,0.1553,7.0,2,F,1,1,F90S,3.221,3.319,0.258,4,5,1,3.323,3.315,3.407,2.839
90,F,T,-0.5883,0.8849,3.5,2,F,1,1,F90T,1.646,1.744,0.6556,4,6,1,1.493,1.995,2.299,0.7984
90,F,V,-0.04905,0.2655,4.5,2,F,1,1,F90V,0.6936,0.8018,0.254,4,4,1,0.7601,0.8435,0.8529,0.3178
90,F,W,0.1725,,2.0,1,F,1,1,F90W,1.648,1.659,0.1488,4,3,1,1.641,1.818,1.457,1.678
90,F,Y,0.129,0.008415,5.0,2,F,1,1,F90Y,2.095,2.085,0.2881,4,8,1,2.031,2.452,2.14,1.756
91,T,-,-0.49,0.5192,2.0,2,T,1,1,T91-,-0.6589,-0.4874,0.5334,4,2,1,-0.6608,-0.3141,-1.412,-0.249
91,T,A,-0.00316,0.1444,5.0,2,T,1,1,T91A,0.2678,0.2987,0.1106,4,8,1,0.2591,0.3588,0.3383,0.1149
91,T,C,-0.4695,0.7295,4.0,2,T,1,1,T91C,1.158,1.291,0.6062,4,3,1,1.355,1.741,1.227,0.3101
91,T,D,-0.3277,0.498,2.0,2,T,1,1,T91D,-0.4144,0.01847,0.8959,4,1,1,-0.001075,0.03802,0.06312,-1.758
91,T,E,-0.6584,0.7291,4.0,2,T,1,1,T91E,-2.494,-2.498,0.1825,4,3,1,-2.625,-2.305,-2.371,-2.672
91,T,F,-0.1536,0.04087,7.0,2,T,1,1,T91F,1.609,1.724,0.3331,4,9,1,1.647,1.802,1.86,1.128
91,T,G,-0.4231,0.772,6.0,2,T,1,1,T91G,1.505,1.596,0.3608,4,6,1,1.679,1.828,1.513,0.9989
91,T,H,-0.4088,0.7325,4.0,2,T,1,1,T91H,0.07084,0.07957,0.03235,4,2,1,0.09084,0.02618,0.09803,0.0683
91,T,I,0.03935,0.1135,8.5,2,T,1,1,T91I,1.404,1.397,0.09434,4,11,1,1.398,1.396,1.525,1.295
91,T,K,-0.4862,0.8596,4.5,2,T,1,1,T91K,1.816,1.826,0.1209,4,5,1,1.934,1.676,1.898,1.755
91,T,L,0.07383,0.02302,5.5,2,T,1,1,T91L,1.263,1.422,0.4212,4,5,1,1.418,1.425,1.57,0.6401
91,T,M,0.0571,0.07099,5.0,2,T,1,1,T91M,0.784,0.7573,0.1177,4,5,1,0.686,0.9353,0.6956,0.8189
91,T,N,-0.6296,0.736,7.0,2,T,1,1,T91N,1.842,1.907,0.1879,4,9,1,1.859,1.981,1.955,1.571
91,T,P,-0.7603,0.5298,5.5,2,T,1,1,T91P,1.482,1.566,0.3719,4,4,1,1.597,1.837,1.534,0.9595
91,T,Q,-0.3398,0.7191,2.5,2,T,1,1,T91Q,0.5215,0.5188,0.09105,4,3,1,0.6233,0.425,0.5697,0.4679
91,T,R,-1.607,2.465,2.0,2,T,1,1,T91R,1.132,1.23,0.5775,4,1,1,1.497,1.674,0.9616,0.3944
91,T,S,-0.4683,0.4988,5.5,2,T,1,1,T91S,-1.596,-1.605,0.155,4,6,1,-1.638,-1.774,-1.571,-1.401
91,T,V,-0.00315,0.1788,4.0,2,T,1,1,T91V,0.5002,0.3715,0.4123,4,3,1,0.4445,0.2985,1.094,0.1637
91,T,W,-0.7338,0.3384,7.0,2,T,1,1,T91W,1.771,1.753,0.2784,4,9,1,1.86,2.111,1.646,1.465
91,T,Y,-0.3446,0.6011,5.0,2,T,1,1,T91Y,0.5175,0.6299,0.3889,4,5,1,0.503,0.7568,0.836,-0.02558
92,T,-,-1.273,1.091,1.5,2,T,1,1,T92-,0.5175,0.465,0.1861,4,1,1,0.4885,0.4415,0.7841,0.3557
92,T,A,-0.1006,0.2793,5.0,2,T,1,1,T92A,0.9911,1.097,0.4426,4,5,1,1.124,1.405,1.07,0.365
92,T,C,-0.833,0.9164,4.0,2,T,1,1,T92C,0.8141,0.7648,0.1709,4,4,1,0.8252,0.7044,1.051,0.6753
92,T,D,-0.6904,0.7122,3.5,2,T,1,1,T92D,1.647,1.812,0.3831,4,4,1,1.753,1.887,1.87,1.08
92,T,E,-0.3332,0.5539,3.5,2,T,1,1,T92E,1.813,1.939,0.3416,4,3,1,1.892,1.986,2.061,1.311
92,T,F,-0.6654,0.2208,2.5,2,T,1,1,T92F,1.599,1.717,0.3059,4,3,1,1.648,1.81,1.786,1.153
92,T,G,-0.3674,0.09185,5.5,2,T,1,1,T92G,1.939,1.956,0.1298,4,8,1,1.928,2.075,1.985,1.767
92,T,H,-0.6035,0.7178,4.5,2,T,1,1,T92H,1.179,1.139,0.556,4,4,1,1.203,1.075,1.895,0.5435
92,T,I,-0.741,1.037,8.0,2,T,1,1,T92I,0.144,0.177,0.2311,4,6,1,0.01928,0.3347,0.3415,-0.1193
92,T,K,-0.6522,0.3152,2.0,2,T,1,1,T92K,1.78,1.902,0.3766,4,1,1,2.017,2.069,1.786,1.246
92,T,L,-1.152,0.2316,5.0,2,T,1,1,T92L,1.297,1.44,0.3975,4,7,1,1.444,1.596,1.435,0.7107
92,T,M,-1.246,1.32,4.0,2,T,1,1,T92M,1.81,1.933,0.603,4,1,1,2.244,2.334,1.622,1.04
92,T,N,0.06842,0.03751,5.5,2,T,1,1,T92N,0.6479,0.6635,0.1996,4,6,1,0.6262,0.7009,0.8727,0.3916
92,T,P,-0.4459,0.5646,3.5,2,T,1,1,T92P,0.9492,1.01,0.1741,4,4,1,0.9799,1.04,1.082,0.6956
92,T,Q,0.00835,0.1743,3.5,2,T,1,1,T92Q,2.281,2.265,0.299,4,6,1,2.202,2.328,2.657,1.937
92,T,R,0.03584,0.06065,1.5,2,T,1,1,T92R,-0.05465,-0.04373,0.0604,4,1,1,-0.06027,-0.136,0.004852,-0.02719
92,T,S,-1.017,1.615,2.5,2,T,1,1,T92S,1.359,1.53,0.4758,4,3,1,1.636,1.708,1.424,0.6689
92,T,V,-2.619,2.73,4.0,2,T,1,1,T92V,1.407,1.65,0.5597,4,4,1,1.613,1.686,1.758,0.5724
92,T,W,-0.8361,0.2374,5.0,2,T,1,1,T92W,1.624,1.543,0.2855,4,3,1,1.498,1.589,2.032,1.377
92,T,Y,-0.9293,0.216,5.0,2,T,1,1,T92Y,2.115,2.121,0.4008,4,5,1,2.373,2.529,1.869,1.687
93,G,-,-1.33,0.06081,1.5,2,G,1,1,G93-,0.6457,0.6271,0.1518,4,1,1,0.6354,0.6188,0.8481,0.4804
93,G,A,-0.3044,0.496,4.5,2,G,1,1,G93A,1.539,1.638,0.5625,4,5,1,1.699,2.112,1.578,0.7686
93,G,C,-2.189,0.5636,22.0,2,G,1,1,G93C,1.048,1.175,0.4422,4,27,1,1.021,1.408,1.328,0.4338
93,G,D,-0.9977,0.1432,4.5,2,G,1,1,G93D,1.618,1.696,0.1863,4,6,1,1.739,1.709,1.683,1.341
93,G,E,-2.735,2.958,3.0,2,G,1,1,G93E,0.3589,0.2962,0.3111,4,3,1,0.1403,0.7577,0.4521,0.08555
93,G,H,-0.6698,1.133,3.5,2,G,1,1,G93H,1.876,1.899,0.2705,4,2,1,1.925,2.181,1.872,1.524
93,G,I,-1.151,0.7686,3.0,2,G,1,1,G93I,1.371,1.415,0.2071,4,3,1,1.366,1.568,1.464,1.086
93,G,K,-0.431,0.1592,6.0,2,G,1,1,G93K,1.122,1.354,0.7519,4,3,1,1.423,1.747,1.284,0.03209
93,G,L,-0.4879,0.2685,7.5,2,G,1,1,G93L,2.227,2.174,0.1661,4,10,1,2.212,2.466,2.136,2.096
93,G,M,-1.658,1.697,4.0,2,G,1,1,G93M,2.696,2.707,0.577,4,6,1,2.377,3.31,3.037,2.061
93,G,N,0.03333,0.05215,4.5,2,G,1,1,G93N,1.599,1.694,0.4551,4,5,1,1.635,1.754,2.04,0.9655
93,G,P,-0.4568,0.1167,5.0,2,G,1,1,G93P,1.974,1.981,0.2786,4,3,1,2.064,2.297,1.899,1.635
93,G,Q,-1.092,0.9767,3.0,2,G,1,1,G93Q,1.843,2.006,0.4399,4,2,1,1.977,2.164,2.035,1.193
93,G,R,-0.00885,0.1797,2.0,2,G,1,1,G93R,2.561,2.481,0.275,4,3,1,2.565,2.946,2.397,2.334
93,G,S,0.06107,0.02071,6.5,2,G,1,1,G93S,1.328,1.378,0.3084,4,13,1,1.409,1.347,1.649,0.9089
93,G,T,-0.7108,0.01605,3.5,2,G,1,1,G93T,0.06603,0.06701,0.01748,4,2,1,0.06869,0.08635,0.06534,0.04375
93,G,V,-1.253,0.2164,14.5,2,G,1,1,G93V,2.35,2.339,0.3007,4,13,1,2.307,2.729,2.37,1.996
93,G,W,-1.093,0.04243,3.5,2,G,1,1,G93W,2.406,2.594,0.498,4,2,1,2.545,2.765,1.671,2.643
93,G,Y,-0.3332,0.6577,8.0,2,G,1,1,G93Y,1.097,1.2,0.3829,4,10,1,1.165,1.437,1.235,0.5489
94,F,A,-0.1064,0.1009,6.0,2,F,2,1,F94A,-1.377,-1.381,0.02144,4,6,1,-1.391,-1.397,-1.371,-1.35
94,F,C,-3.557,1.093,3.0,2,F,2,1,F94C,-1.949,-2.015,0.2002,4,3,1,-2.095,-1.669,-1.938,-2.093
94,F,D,-0.1286,0.3352,4.5,2,F,2,1,F94D,-1.119,-1.11,0.2057,4,3,1,-1.17,-0.8827,-1.372,-1.051
94,F,E,-0.6158,0.2804,7.0,2,F,2,1,F94E,-2.386,-2.417,0.3296,4,7,1,-2.561,-1.979,-2.274,-2.729
94,F,G,-0.7932,,0.5,1,F,2,1,F94G,0.9161,0.9729,0.1751,4,1,1,0.9182,1.028,1.051,0.6681
94,F,H,-0.2546,0.298,7.5,2,F,2,1,F94H,-1.947,-1.983,0.1391,4,7,1,-2.062,-1.76,-1.923,-2.044
94,F,I,-1.259,0.6075,6.0,2,F,2,1,F94I,-2.755,-2.881,0.3389,4,7,1,-2.982,-2.269,-2.779,-2.991
94,F,K,-1.125,0.7091,3.5,2,F,2,1,F94K,-2.062,-2.181,0.2809,4,3,1,-2.17,-2.191,-2.242,-1.643
94,F,L,-1.166,0.5217,12.5,2,F,2,1,F94L,-2.57,-2.57,0.1237,4,14,1,-2.614,-2.527,-2.715,-2.425
94,F,M,-2.393,2.118,2.5,2,F,2,1,F94M,-2.17,-2.178,0.1087,4,2,1,-2.258,-2.099,-2.055,-2.267
94,F,N,-0.08488,0.0467,7.0,2,F,2,1,F94N,-2.477,-2.584,0.2321,4,6,1,-2.61,-2.13,-2.571,-2.598
94,F,P,-0.05801,0.09036,9.5,2,F,2,1,F94P,-2.005,-1.897,0.2948,4,10,1,-1.983,-2.429,-1.81,-1.799
94,F,Q,-0.8466,0.04978,6.0,2,F,2,1,F94Q,-2.73,-2.742,0.07922,4,6,1,-2.797,-2.796,-2.688,-2.64
94,F,R,-0.9939,0.1062,7.0,2,F,2,1,F94R,-1.553,-1.635,0.2886,4,9,1,-1.701,-1.143,-1.798,-1.57
94,F,S,-0.09946,0.03118,7.0,2,F,2,1,F94S,-1.121,-1.089,0.09652,4,7,1,-1.107,-1.26,-1.072,-1.044
94,F,T,-0.612,0.6632,4.5,2,F,2,1,F94T,-0.04772,-0.2217,0.5272,4,2,1,-0.4501,-0.06624,-0.3771,0.7026
94,F,V,-0.7909,0.00594,4.0,2,F,2,1,F94V,-2.582,-2.717,0.3596,4,4,1,-2.827,-2.065,-2.607,-2.828
94,F,W,-0.1146,0.08394,3.5,2,F,2,1,F94W,-0.06036,-0.04462,0.06863,4,3,1,-0.148,-0.08198,-0.004167,-0.00726
94,F,Y,-0.2357,0.1633,6.0,2,F,2,1,F94Y,0.3151,0.3442,0.08293,4,4,1,0.3276,0.1946,0.3607,0.3773
95,V,A,-0.6989,0.2778,6.5,2,V,2,1,V95A,1.641,1.661,0.2137,4,7,1,1.685,1.88,1.637,1.362
95,V,C,-2.062,0.3401,7.5,2,V,2,1,V95C,0.05633,0.06878,0.1323,4,9,1,0.02188,0.1979,0.1157,-0.1102
95,V,D,-3.281,1.11,6.0,2,V,2,1,V95D,0.8344,0.8457,0.3027,4,7,1,0.9081,1.188,0.7833,0.4579
95,V,E,-3.778,0.1259,10.0,2,V,2,1,V95E,1.291,1.436,0.4113,4,6,1,1.384,1.487,1.603,0.6887
95,V,F,-1.202,1.187,3.0,2,V,2,1,V95F,1.71,1.962,0.555,4,2,1,1.931,2.037,1.993,0.8804
95,V,G,-4.631,0.05869,9.5,2,V,2,1,V95G,-0.04971,-0.04035,0.1581,4,11,1,-0.06333,0.1327,-0.01736,-0.2509
95,V,H,-2.569,1.247,7.0,2,V,2,1,V95H,0.3053,0.3732,0.1943,4,3,1,0.3319,0.4511,0.4144,0.02359
95,V,I,-0.8195,1.3,6.5,2,V,2,1,V95I,1.413,1.501,0.2188,4,7,1,1.459,1.56,1.543,1.092
95,V,K,-2.117,1.235,4.0,2,V,2,1,V95K,1.104,1.098,0.555,4,4,1,1.415,1.712,0.7804,0.51
95,V,L,-0.4327,0.6485,11.0,2,V,2,1,V95L,1.052,1.148,0.2285,4,9,1,1.151,1.201,1.144,0.7112
95,V,M,-1.461,0.4547,13.5,2,V,2,1,V95M,0.8684,0.8793,0.3418,4,17,1,0.9495,1.27,0.809,0.4452
95,V,N,-0.909,1.532,5.0,2,V,2,1,V95N,0.6246,0.755,0.3595,4,2,1,0.6853,0.8877,0.8247,0.1005
95,V,P,-4.896,0.007778,4.5,2,V,2,1,V95P,0.5999,0.612,0.2742,4,6,1,0.6727,0.5513,0.9176,0.2579
95,V,Q,-1.095,0.8125,3.5,2,V,2,1,V95Q,2.022,2.023,0.07753,4,3,1,2.054,2.112,1.932,1.991
95,V,R,-2.106,0.9567,3.5,2,V,2,1,V95R,-0.01582,-0.001666,0.04506,4,2,1,0.006001,-0.009332,0.02088,-0.08082
95,V,S,-0.5,0.4378,3.5,2,V,2,1,V95S,1.097,1.086,0.3376,4,4,1,1.053,1.12,1.52,0.696
95,V,T,0.01906,0.02455,6.5,2,V,2,1,V95T,0.817,0.8491,0.224,4,3,1,0.7927,1.049,0.9055,0.5202
95,V,W,-3.01,1.422,6.5,2,V,2,1,V95W,0.7998,0.8208,0.2235,4,6,1,0.7452,1.04,0.8963,0.5175
95,V,Y,-2.231,0.3804,3.5,2,V,2,1,V95Y,1.023,1.084,0.2957,4,3,1,1.186,1.3,0.9826,0.6257
96,Y,*,-4.876,0.14,5.0,2,Y,2,1,Y96*,-1.221,-1.369,0.4619,4,5,1,-1.578,-0.5688,-1.517,-1.221
96,Y,C,-1.244,0.3323,7.0,2,Y,2,1,Y96C,-0.6397,-0.6079,0.08772,4,6,1,-0.6112,-0.769,-0.6047,-0.5738
96,Y,D,0.0049,0.1851,4.5,2,Y,2,1,Y96D,-0.4382,-0.4052,0.1347,4,6,1,-0.4135,-0.313,-0.6292,-0.397
96,Y,E,-1.048,0.7661,3.5,2,Y,2,1,Y96E,-2.487,-2.564,0.281,4,3,1,-2.683,-2.106,-2.445,-2.714
96,Y,F,-0.9035,0.6201,4.0,2,Y,2,1,Y96F,0.2987,0.284,0.07518,4,4,1,0.2885,0.403,0.2795,0.2239
96,Y,G,-0.489,0.8796,6.5,2,Y,2,1,Y96G,-0.2232,-0.2513,0.07078,4,6,1,-0.2384,-0.1191,-0.2642,-0.271
96,Y,H,-2.492,3.462,3.0,2,Y,2,1,Y96H,-0.2705,-0.2474,0.0491,4,4,1,-0.2441,-0.344,-0.2506,-0.2433
96,Y,I,-4.182,0.0601,7.0,2,Y,2,1,Y96I,-1.605,-1.811,0.4325,4,10,1,-1.841,-0.9569,-1.799,-1.824
96,Y,K,-1.376,0.8895,4.5,2,Y,2,1,Y96K,-0.3543,-0.3997,0.2651,4,2,1,-0.3476,0.005104,-0.4518,-0.623
96,Y,L,-0.9056,1.044,5.5,2,Y,2,1,Y96L,-1.864,-1.869,0.2598,4,3,1,-1.868,-2.176,-1.871,-1.54
96,Y,M,-0.2263,0.05777,4.0,2,Y,2,1,Y96M,-1.432,-1.381,0.1598,4,2,1,-1.426,-1.66,-1.307,-1.336
96,Y,N,0.1236,0.02397,7.5,2,Y,2,1,Y96N,-0.4471,-0.4512,0.01948,4,12,1,-0.4425,-0.4599,-0.4216,-0.4645
96,Y,P,-3.117,0.198,8.5,2,Y,2,1,Y96P,-1.115,-1.104,0.03441,4,6,1,-1.095,-1.164,-1.113,-1.087
96,Y,Q,-0.3186,0.6639,6.0,2,Y,2,1,Y96Q,-1.867,-1.841,0.09237,4,6,1,-1.788,-1.997,-1.863,-1.818
96,Y,R,-0.6841,1.095,6.0,2,Y,2,1,Y96R,-1.292,-1.296,0.04873,4,8,1,-1.314,-1.346,-1.232,-1.278
96,Y,S,-0.0943,0.3291,5.0,2,Y,2,1,Y96S,-0.2256,-0.2379,0.05263,4,3,1,-0.2662,-0.158,-0.2096,-0.2684
96,Y,T,-0.5369,0.1833,6.0,2,Y,2,1,Y96T,-1.016,-0.9827,0.1083,4,5,1,-1.029,-0.9367,-0.9332,-1.164
96,Y,V,-2.862,0.3033,3.5,2,Y,2,1,Y96V,-2.334,-2.366,0.103,4,5,1,-2.41,-2.322,-2.193,-2.412
96,Y,W,-0.501,0.8514,4.5,2,Y,2,1,Y96W,-0.2053,-0.2061,0.02628,4,6,1,-0.1732,-0.2358,-0.2135,-0.1987
97,F,A,-4.883,,2.5,1,F,2,1,F97A,0.05201,0.07206,0.04958,4,4,1,0.06075,0.08444,0.08337,-0.02054
97,F,C,-4.881,0.04596,8.5,2,F,2,1,F97C,1.37,1.44,0.3651,4,9,1,1.41,1.47,1.736,0.8656
97,F,D,-4.915,0.02051,7.0,2,F,2,1,F97D,-0.06855,0.04328,0.2476,4,3,1,0.04316,0.04339,0.07831,-0.4391
97,F,E,-4.889,0.05657,4.0,2,F,2,1,F97E,0.8908,0.8341,0.2117,4,2,1,0.7552,0.7139,1.181,0.9129
97,F,G,-4.178,0.9581,3.0,2,F,2,1,F97G,-0.8344,-0.8224,0.1233,4,2,1,-0.866,-0.7788,-0.99,-0.7028
97,F,H,-0.8799,0.0002828,3.5,2,F,2,1,F97H,1.112,1.118,0.2545,4,5,1,1.133,1.417,1.103,0.7944
97,F,I,-0.9431,0.2543,6.0,2,F,2,1,F97I,0.7185,0.7637,0.2156,4,4,1,0.7523,0.7751,0.9291,0.4173
97,F,K,-4.944,0.01697,5.0,2,F,2,1,F97K,0.139,0.1207,0.1473,4,4,1,0.09675,0.3342,0.1447,-0.01958
97,F,L,-0.1107,0.06741,10.5,2,F,2,1,F97L,0.9686,0.984,0.1305,4,10,1,1.016,1.108,0.952,0.7982
97,F,M,-0.6758,0.8927,4.5,2,F,2,1,F97M,0.3844,0.3753,0.06378,4,7,1,0.3708,0.4704,0.3797,0.3165
97,F,N,-4.95,0.06505,6.5,2,F,2,1,F97N,0.6026,0.5396,0.162,4,4,1,0.5749,0.5043,0.8393,0.492
97,F,Q,-3.436,1.77,2.0,2,F,2,1,F97Q,-0.4325,-0.4665,0.2707,4,2,1,-0.5203,-0.7221,-0.4127,-0.07482
97,F,R,-3.83,1.526,2.0,2,F,2,1,F97R,0.004449,0.006146,0.01586,4,1,1,0.01334,-0.001052,0.02063,-0.01513
97,F,S,-4.955,0.0792,6.0,2,F,2,1,F97S,-0.0319,0.0428,0.1776,4,5,1,0.08358,0.04468,0.04091,-0.2968
97,F,T,-3.885,0.2927,6.0,2,F,2,1,F97T,0.3911,0.4002,0.1373,4,4,1,0.3637,0.4367,0.5456,0.2183
97,F,V,-2.301,0.4617,3.5,2,F,2,1,F97V,0.6876,0.8264,0.3596,4,2,1,0.7572,0.9369,0.8955,0.1607
97,F,W,-0.2428,0.3784,8.0,2,F,2,1,F97W,-1.194,-1.19,0.06285,4,5,1,-1.152,-1.264,-1.228,-1.13
97,F,Y,-0.3445,0.598,4.0,2,F,2,1,F97Y,-0.5946,-0.577,0.06757,4,3,1,-0.5941,-0.6893,-0.5599,-0.5353
98,N,-,-0.185,0.1645,2.0,2,N,2,1,N98-,5.066e-05,4.257e-05,2.429e-05,4,1,1,8.598e-05,3.904e-05,3.151e-05,4.609e-05
98,N,A,-2.698,2.631,5.0,2,N,2,1,N98A,0.04823,0.04364,0.1196,4,4,1,0.1003,0.1877,-0.08206,-0.01306
98,N,C,-4.771,0.1025,5.5,2,N,2,1,N98C,-0.533,-0.5359,0.06313,4,4,1,-0.5376,-0.4528,-0.5342,-0.6072
98,N,D,0.1158,0.07715,3.0,2,N,2,1,N98D,-0.9103,-0.9019,0.07466,4,4,1,-0.9148,-1.008,-0.829,-0.889
98,N,E,-0.531,0.268,4.0,2,N,2,1,N98E,-0.1106,-0.1121,0.05293,4,2,1,-0.114,-0.04425,-0.1103,-0.1738
98,N,F,-4.943,0.06364,6.0,2,N,2,1,N98F,-0.4699,-0.4536,0.0629,4,6,1,-0.4299,-0.5558,-0.4167,-0.4773
98,N,G,-0.829,0.328,5.0,2,N,2,1,N98G,-0.08517,-0.09132,0.04423,4,5,1,-0.102,-0.1314,-0.08059,-0.02663
98,N,H,-2.049,1.497,5.5,2,N,2,1,N98H,0.3191,0.3174,0.1339,4,6,1,0.3216,0.4846,0.3132,0.1568
98,N,I,-1.828,0.8316,7.5,2,N,2,1,N98I,-0.3254,-0.3125,0.04753,4,6,1,-0.3927,-0.2841,-0.3022,-0.3227
98,N,K,-1.133,1.263,10.0,2,N,2,1,N98K,-0.4764,-0.4705,0.03256,4,14,1,-0.4608,-0.5201,-0.4803,-0.4445
98,N,L,-4.186,0.9306,3.5,2,N,2,1,N98L,0.8868,0.9488,0.153,4,3,1,0.9904,0.9558,0.9417,0.6593
98,N,M,-1.346,0.2319,6.0,2,N,2,1,N98M,0.3797,0.4026,0.08292,4,5,1,0.3925,0.4127,0.4525,0.261
98,N,P,-4.818,0.2602,6.0,2,N,2,1,N98P,0.3302,0.2888,0.1546,4,5,1,0.2855,0.2922,0.5517,0.1917
98,N,R,-1.528,0.2234,6.0,2,N,2,1,N98R,0.1364,0.1258,0.1068,4,5,1,0.1197,0.2769,0.1319,0.01724
98,N,S,-0.2815,0.0408,8.5,2,N,2,1,N98S,0.004325,-0.004061,0.05698,4,13,1,-0.003346,0.08148,-0.05606,-0.004776
98,N,T,-0.1641,0.4258,5.5,2,N,2,1,N98T,-0.3218,-0.3115,0.05482,4,4,1,-0.3159,-0.3976,-0.3071,-0.2668
98,N,V,-0.4849,0.6049,3.0,2,N,2,1,N98V,0.3744,0.4001,0.09668,4,5,1,0.3828,0.4175,0.46,0.2373
98,N,W,-4.899,0.06576,4.5,2,N,2,1,N98W,0.07971,0.0514,0.08554,4,4,1,0.06644,0.2037,0.01236,0.03637
98,N,Y,-3.96,0.4978,8.5,2,N,2,1,N98Y,-0.05612,-0.0472,0.1335,4,6,1,-0.08376,0.09378,-0.01063,-0.2239
99,G,-,-0.4291,0.4667,1.5,2,G,2,1,G99-,-0.0001005,9.684e-06,0.0002556,4,1,1,-0.0004786,5.392e-05,-3.455e-05,5.705e-05
99,G,A,-0.597,0.1304,3.5,2,G,2,1,G99A,0.5116,0.499,0.04158,4,3,1,0.5172,0.4809,0.4801,0.5683
99,G,C,-4.981,0.03606,13.5,2,G,2,1,G99C,-0.3156,-0.3119,0.1356,4,10,1,-0.3467,-0.1568,-0.2771,-0.4815
99,G,D,-0.9331,0.6066,17.5,2,G,2,1,G99D,-1.56,-1.442,0.3231,4,18,1,-1.417,-2.036,-1.466,-1.319
99,G,E,-0.9496,1.266,6.0,2,G,2,1,G99E,-0.9209,-0.8316,0.3195,4,4,1,-0.8182,-1.38,-0.845,-0.64
99,G,F,-1.963,1.962,2.0,2,G,2,1,G99F,-0.8515,-0.8047,0.193,4,3,1,-0.7757,-1.123,-0.8338,-0.6732
99,G,H,-0.1796,0.1689,6.5,2,G,2,1,G99H,-0.3135,-0.3023,0.04451,4,9,1,-0.3179,-0.3745,-0.2868,-0.2749
99,G,I,-3.011,0.8825,3.5,2,G,2,1,G99I,-0.2676,-0.2142,0.149,4,2,1,-0.2397,-0.4851,-0.1887,-0.1568
99,G,K,-1.029,1.488,2.5,2,G,2,1,G99K,-0.5396,-0.5792,0.1122,4,2,1,-0.5675,-0.375,-0.5909,-0.6249
99,G,L,-1.078,0.2329,6.5,2,G,2,1,G99L,-0.2462,-0.2359,0.02928,4,5,1,-0.2341,-0.2892,-0.2377,-0.2237
99,G,M,-1.325,0.7886,3.0,2,G,2,1,G99M,-1.178,-1.193,0.1746,4,4,1,-1.293,-1.092,-1.351,-0.9761
99,G,N,-0.5509,0.8035,2.5,2,G,2,1,G99N,-1.275,-1.104,0.4512,4,1,1,-1.128,-1.943,-1.08,-0.95
99,G,P,-3.811,0.4709,3.0,2,G,2,1,G99P,-1.022,-1.212,0.3884,4,2,1,-1.226,-0.4399,-1.207,-1.216
99,G,R,-1.121,1.077,4.0,2,G,2,1,G99R,-1.292,-1.208,0.2194,4,5,1,-1.237,-1.615,-1.138,-1.178
99,G,S,-0.008005,0.1059,6.0,2,G,2,1,G99S,0.4543,0.4464,0.1002,4,3,1,0.4666,0.5828,0.4262,0.3418
99,G,T,-0.6197,0.1146,3.5,2,G,2,1,G99T,1.07,1.092,0.116,4,6,1,1.066,1.184,1.119,0.9119
99,G,V,-1.442,0.4808,9.5,2,G,2,1,G99V,0.01503,0.02884,0.04737,4,11,1,0.007177,-0.04893,0.05137,0.05049
99,G,W,-2.621,0.001414,4.0,2,G,2,1,G99W,-0.1664,-0.1478,0.1061,4,3,1,-0.0594,-0.1272,-0.3105,-0.1684
99,G,Y,-1.152,0.1831,4.0,2,G,2,1,G99Y,-0.05464,-0.04944,0.02158,4,3,1,-0.04,-0.03627,-0.05888,-0.08341
100,T,-,-0.3345,0.5609,1.5,2,T,2,1,T100-,5.194e-05,4.647e-05,2.253e-05,4,1,1,8.327e-05,4.08e-05,3.152e-05,5.215e-05
100,T,A,-0.06505,0.247,5.5,2,T,2,1,T100A,0.00629,0.00222,0.02971,4,4,1,-0.01054,-0.02323,0.04395,0.01498
100,T,C,-1.967,0.8287,5.5,2,T,2,1,T100C,-0.5395,-0.5506,0.07091,4,6,1,-0.5663,-0.4445,-0.535,-0.6124
100,T,D,-0.4952,0.07099,3.5,2,T,2,1,T100D,-0.5548,-0.5546,0.03236,4,3,1,-0.5262,-0.5272,-0.582,-0.5835
100,T,E,-0.3455,0.6301,2.0,2,T,2,1,T100E,-0.1328,-0.1652,0.07059,4,3,1,-0.1584,-0.172,-0.1735,-0.02743
100,T,F,-0.3503,0.1273,11.5,2,T,2,1,T100F,-0.04671,-0.04192,0.01513,4,13,1,-0.04709,-0.06797,-0.03505,-0.03675
100,T,G,-0.5308,0.3065,4.5,2,T,2,1,T100G,0.4726,0.5053,0.1081,4,5,1,0.4885,0.5221,0.5627,0.317
100,T,H,-0.2973,0.1516,10.0,2,T,2,1,T100H,-0.02371,-0.02275,0.0339,4,7,1,-0.009036,-0.06384,0.01448,-0.03646
100,T,I,-0.1563,0.01824,8.5,2,T,2,1,T100I,-0.02867,-0.02687,0.01169,4,10,1,-0.02706,-0.04457,-0.01639,-0.02667
100,T,K,-0.7623,1.25,6.5,2,T,2,1,T100K,-0.03292,-0.03422,0.04661,4,9,1,-0.06788,-0.07769,0.01446,-0.0005643
100,T,L,-0.271,0.0741,4.5,2,T,2,1,T100L,0.4272,0.4847,0.1615,4,7,1,0.473,0.4965,0.5495,0.1897
100,T,M,-0.07915,0.3512,5.5,2,T,2,1,T100M,0.4877,0.4888,0.05055,4,7,1,0.4983,0.5477,0.4793,0.4254
100,T,N,-0.7165,0.2381,4.5,2,T,2,1,T100N,0.5253,0.5052,0.079,4,6,1,0.4529,0.5093,0.5011,0.6377
100,T,P,-0.5534,0.06491,3.5,2,T,2,1,T100P,-0.1772,-0.181,0.009762,4,2,1,-0.1628,-0.1842,-0.1813,-0.1807
100,T,Q,-0.0558,0.3151,5.0,2,T,2,1,T100Q,0.4525,0.451,0.06974,4,3,1,0.4808,0.4211,0.534,0.374
100,T,R,-0.9051,0.2007,3.5,2,T,2,1,T100R,0.02462,0.0247,0.03552,4,1,1,0.03943,0.009972,0.06546,-0.0164
100,T,S,-0.00756,0.03632,4.5,2,T,2,1,T100S,-0.1213,-0.1237,0.01078,4,4,1,-0.1238,-0.1316,-0.1061,-0.1236
100,T,V,-0.2386,0.339,3.5,2,T,2,1,T100V,0.2228,0.2184,0.08614,4,5,1,0.2542,0.3262,0.1826,0.1281
100,T,W,-0.1828,0.04547,5.5,2,T,2,1,T100W,-0.07991,-0.08619,0.03394,4,5,1,-0.1125,-0.09792,-0.07447,-0.03474
100,T,Y,-0.7392,0.9614,2.0,2,T,2,1,T100Y,-0.09332,-0.09529,0.01299,4,2,1,-0.1056,-0.0887,-0.1019,-0.07716
101,G,-,-0.4191,0.7398,2.0,2,G,2,1,G101-,-7.918e-05,-2.07e-05,0.0004468,4,1,1,-0.0001026,-0.0006724,0.0003971,6.121e-05
101,G,A,-0.4657,0.214,7.0,2,G,2,1,G101A,0.389,0.3692,0.05837,4,8,1,0.3853,0.4726,0.3531,0.345
101,G,C,-3.397,0.01768,15.5,2,G,2,1,G101C,-0.6396,-0.6153,0.07032,4,13,1,-0.6299,-0.7416,-0.6007,-0.5864
101,G,D,-0.4858,0.7951,12.5,2,G,2,1,G101D,0.226,0.2214,0.04869,4,18,1,0.2303,0.2892,0.2126,0.172
101,G,E,-0.3488,0.4709,3.5,2,G,2,1,G101E,-0.112,-0.08775,0.07282,4,2,1,-0.07877,-0.05439,-0.09674,-0.2181
101,G,F,-0.4564,0.2047,7.5,2,G,2,1,G101F,-0.8909,-0.8734,0.05384,4,8,1,-0.8667,-0.9691,-0.8801,-0.8476
101,G,H,-0.1305,0.05551,2.5,2,G,2,1,G101H,-0.02814,-0.02137,0.0154,4,2,1,-0.02169,-0.05115,-0.01865,-0.02105
101,G,I,-1.708,0.0495,7.0,2,G,2,1,G101I,-2.041,-1.98,0.2034,4,8,1,-2.013,-2.334,-1.947,-1.872
101,G,K,-1.143,0.6223,6.5,2,G,2,1,G101K,-0.04662,-0.09661,0.1366,4,9,1,-0.05732,0.1498,-0.143,-0.1359
101,G,L,-0.546,0.908,6.5,2,G,2,1,G101L,-1.019,-0.9701,0.1516,4,5,1,-1.006,-1.236,-0.8987,-0.9342
101,G,M,-0.6492,0.1494,5.5,2,G,2,1,G101M,-0.5145,-0.4726,0.1356,4,4,1,-0.4763,-0.7115,-0.4689,-0.4014
101,G,N,-0.8575,1.283,3.0,2,G,2,1,G101N,0.6524,0.6333,0.1145,4,4,1,0.551,0.6999,0.792,0.5668
101,G,P,-2.565,1.226,3.5,2,G,2,1,G101P,-1.256,-1.236,0.1135,4,4,1,-1.214,-1.257,-1.411,-1.143
101,G,Q,-0.1719,0.007,5.5,2,G,2,1,G101Q,-0.1333,-0.1005,0.08403,4,7,1,-0.1096,-0.2576,-0.07475,-0.09145
101,G,R,-1.187,0.4875,5.0,2,G,2,1,G101R,-0.3468,-0.3225,0.05937,4,3,1,-0.326,-0.4351,-0.3072,-0.319
101,G,S,-0.8329,0.6832,8.5,2,G,2,1,G101S,-0.02309,-0.01177,0.03043,4,9,1,-0.007679,-0.06782,-0.001019,-0.01585
101,G,T,-0.6166,0.286,6.5,2,G,2,1,G101T,-2.282,-2.223,0.2481,4,9,1,-2.3,-2.622,-2.147,-2.058
101,G,V,-2.018,0.2864,8.5,2,G,2,1,G101V,-0.5456,-0.5558,0.05132,4,6,1,-0.5662,-0.4752,-0.5958,-0.5454
101,G,W,-2.289,0.0693,9.0,2,G,2,1,G101W,-1.806,-1.789,0.07158,4,7,1,-1.904,-1.771,-1.74,-1.808
101,G,Y,-0.9921,1.459,3.5,2,G,2,1,G101Y,-0.7939,-0.7119,0.224,4,2,1,-0.7264,-1.124,-0.6974,-0.6277
102,R,-,-0.1175,0.1191,2.0,2,R,2,1,R102-,-0.000105,-4.092e-05,0.0004246,4,1,1,-0.0001625,-0.0006666,0.0003283,8.071e-05
102,R,A,-0.202,0.1947,3.5,2,R,2,1,R102A,-0.5496,-0.5445,0.1084,4,4,1,-0.5585,-0.6865,-0.5305,-0.4229
102,R,C,-0.0634,0.2715,7.0,2,R,2,1,R102C,-0.582,-0.5591,0.1245,4,8,1,-0.5867,-0.7512,-0.5314,-0.4585
102,R,D,-1.579,0.1195,4.5,2,R,2,1,R102D,-0.9522,-0.8492,0.2204,4,3,1,-0.859,-1.282,-0.8282,-0.8393
102,R,E,0.1143,0.02526,2.0,2,R,2,1,R102E,-0.1163,-0.09815,0.07874,4,2,1,-0.08667,-0.1096,-0.04216,-0.2267
102,R,F,-0.2319,0.5013,3.0,2,R,2,1,R102F,-0.2704,-0.2535,0.05865,4,3,1,-0.2213,-0.3531,-0.2376,-0.2694
102,R,G,-1.324,1.269,3.5,2,R,2,1,R102G,-0.4946,-0.5023,0.02705,4,4,1,-0.4957,-0.5089,-0.5175,-0.4563
102,R,H,0.01533,0.0473,3.5,2,R,2,1,R102H,-1.302,-1.315,0.0626,4,4,1,-1.332,-1.362,-1.298,-1.217
102,R,I,-0.1777,,1.0,1,R,2,1,R102I,0.6199,0.6972,0.1986,4,2,1,0.6554,0.7389,0.7559,0.3293
102,R,K,0.04619,0.04072,7.5,2,R,2,1,R102K,-0.3853,-0.3692,0.04107,4,9,1,-0.3681,-0.4462,-0.3704,-0.3565
102,R,L,-0.08547,0.05943,16.5,2,R,2,1,R102L,0.1967,0.1919,0.01872,4,24,1,0.2002,0.1813,0.1836,0.2218
102,R,M,0.02375,0.1538,8.5,2,R,2,1,R102M,-1.145,-1.05,0.2384,4,8,1,-1.097,-1.495,-1.002,-0.9865
102,R,N,-0.2642,0.3819,5.0,2,R,2,1,R102N,-1.539,-1.535,0.09291,4,5,1,-1.579,-1.649,-1.44,-1.49
102,R,P,-1.541,2.241,6.5,2,R,2,1,R102P,-0.8811,-0.9122,0.1172,4,5,1,-0.8744,-0.9501,-0.9812,-0.7187
102,R,Q,-0.7139,0.8741,13.0,2,R,2,1,R102Q,-0.6969,-0.6886,0.0703,4,17,1,-0.6781,-0.7898,-0.6991,-0.6205
102,R,S,0.1218,0.06411,5.0,2,R,2,1,R102S,-0.4155,-0.4393,0.05774,4,5,1,-0.4432,-0.4538,-0.4354,-0.3297
102,R,T,-0.04168,0.1082,4.0,2,R,2,1,R102T,-0.3928,-0.422,0.0923,4,1,1,-0.4624,-0.2649,-0.4584,-0.3856
102,R,V,-0.5026,0.5846,9.0,2,R,2,1,R102V,0.5328,0.537,0.03254,4,12,1,0.5441,0.5674,0.4899,0.5299
102,R,W,-0.6224,0.4474,12.5,2,R,2,1,R102W,-0.6096,-0.6156,0.1418,4,11,1,-0.6013,-0.7764,-0.6299,-0.4307
102,R,Y,-0.5506,0.1807,5.5,2,R,2,1,R102Y,-1.847,-1.695,0.3723,4,8,1,-1.762,-2.396,-1.603,-1.628
103,G,-,-0.7618,0.8021,2.5,2,G,2,1,G103-,0.0004462,0.0007107,0.0007559,4,1,1,-0.0006652,0.001028,0.0007074,0.000714
103,G,A,-0.248,0.1785,5.5,2,G,2,1,G103A,-0.9724,-0.9937,0.07962,4,4,1,-1.019,-1.04,-0.968,-0.8621
103,G,C,-1.977,0.256,14.0,2,G,2,1,G103C,-0.6504,-0.6587,0.04409,4,19,1,-0.6331,-0.6882,-0.6843,-0.596
103,G,D,-0.7998,0.7498,13.0,2,G,2,1,G103D,-0.712,-0.7115,0.06578,4,13,1,-0.7307,-0.7908,-0.6343,-0.6923
103,G,E,-1.441,,3.5,1,G,2,1,G103E,0.3762,0.4219,0.1778,4,8,1,0.3689,0.4748,0.5317,0.1295
103,G,F,-2.135,0.3882,4.5,2,G,2,1,G103F,-0.9155,-0.9467,0.07741,4,7,1,-0.9675,-0.801,-0.9362,-0.9572
103,G,H,-0.7006,0.1433,7.0,2,G,2,1,G103H,-2.075,-1.926,0.3373,4,6,1,-1.963,-2.577,-1.889,-1.87
103,G,I,-1.63,0.8089,5.0,2,G,2,1,G103I,-2.867,-2.858,0.4559,4,5,1,-3.103,-3.378,-2.613,-2.375
103,G,K,-1.137,1.589,3.0,2,G,2,1,G103K,-1.15,-1.115,0.1127,4,1,1,-1.139,-1.312,-1.091,-1.059
103,G,L,-1.221,0.2751,7.5,2,G,2,1,G103L,-0.9239,-0.9346,0.03971,4,6,1,-0.9584,-0.9444,-0.9248,-0.868
103,G,M,-0.7659,0.2232,3.0,2,G,2,1,G103M,0.6395,0.7232,0.235,4,3,1,0.7289,0.7176,0.8181,0.2935
103,G,N,-0.552,0.1039,4.0,2,G,2,1,G103N,-0.5983,-0.6021,0.1063,4,4,1,-0.5864,-0.7236,-0.4654,-0.6178
103,G,P,-1.178,1.041,6.5,2,G,2,1,G103P,-1.448,-1.501,0.1799,4,7,1,-1.474,-1.527,-1.602,-1.19
103,G,Q,-0.4239,,0.5,1,G,2,1,G103Q,-0.04135,-0.04511,0.02707,4,1,1,-0.0486,-0.04162,-0.07014,-0.005057
103,G,R,-0.7353,1.091,5.0,2,G,2,1,G103R,-0.8939,-0.8709,0.09478,4,7,1,-0.8869,-1.027,-0.8548,-0.8067
103,G,S,-0.1739,0.348,4.5,2,G,2,1,G103S,-0.9207,-0.8549,0.1818,4,10,1,-0.8512,-1.189,-0.8586,-0.784
103,G,T,-0.5431,0.5287,6.5,2,G,2,1,G103T,-1.212,-1.22,0.06428,4,6,1,-1.244,-1.278,-1.196,-1.13
103,G,V,-0.9325,0.5749,7.5,2,G,2,1,G103V,-0.6279,-0.6397,0.03859,4,8,1,-0.6331,-0.6598,-0.5723,-0.6463
103,G,W,-2.469,0.8217,4.0,2,G,2,1,G103W,-1.74,-1.776,0.1368,4,5,1,-1.817,-1.55,-1.736,-1.859
103,G,Y,-1.603,0.02333,5.5,2,G,2,1,G103Y,-2.368,-2.387,0.1681,4,3,1,-2.537,-2.162,-2.306,-2.469
104,D,-,-1.346,1.823,2.5,2,D,2,1,D104-,-4.353e-05,1.009e-05,0.0002023,4,1,1,-0.0003305,0.0001362,-2.441e-05,4.459e-05
104,D,A,0.01605,0.2187,5.5,2,D,2,1,D104A,-0.3428,-0.3365,0.1097,4,8,1,-0.3386,-0.4833,-0.3343,-0.2152
104,D,C,0.1002,0.1024,4.0,2,D,2,1,D104C,1.15,1.265,0.2798,4,4,1,1.224,1.333,1.307,0.736
104,D,E,-0.4779,0.648,6.5,2,D,2,1,D104E,0.2178,0.2217,0.06268,4,7,1,0.2331,0.1382,0.2896,0.2103
104,D,F,0.1057,0.07145,4.5,2,D,2,1,D104F,0.006438,0.008373,0.01224,4,4,1,0.01885,0.005025,-0.009848,0.01172
104,D,G,-0.3365,0.4126,9.5,2,D,2,1,D104G,-1.006,-0.9548,0.1442,4,13,1,-0.9955,-1.213,-0.9141,-0.9004
104,D,H,-1.03,1.634,2.0,2,D,2,1,D104H,-0.3198,-0.306,0.05143,4,2,1,-0.317,-0.3925,-0.2748,-0.2951
104,D,I,0.1384,0.0338,4.0,2,D,2,1,D104I,-0.005524,-0.005332,0.01764,4,5,1,0.006196,0.01256,-0.02399,-0.01686
104,D,K,-0.3129,0.6597,3.0,2,D,2,1,D104K,-0.5538,-0.5877,0.08681,4,5,1,-0.6132,-0.4265,-0.5709,-0.6044
104,D,L,-0.3236,0.7001,6.0,2,D,2,1,D104L,-0.1279,-0.1169,0.0587,4,8,1,-0.1324,-0.07038,-0.1013,-0.2073
104,D,M,-1.264,1.85,6.5,2,D,2,1,D104M,-0.2704,-0.2648,0.0133,4,9,1,-0.2617,-0.2902,-0.2643,-0.2652
104,D,N,-0.2283,0.0821,8.5,2,D,2,1,D104N,-0.4813,-0.4622,0.1497,4,10,1,-0.5063,-0.6763,-0.418,-0.3247
104,D,P,-0.1455,0.3958,4.5,2,D,2,1,D104P,-0.2806,-0.2703,0.04589,4,6,1,-0.2377,-0.3443,-0.2601,-0.2804
104,D,Q,-0.061,0.278,8.0,2,D,2,1,D104Q,-0.6591,-0.6306,0.1023,4,9,1,-0.6405,-0.8059,-0.6207,-0.5693
104,D,R,0.07252,0.01913,3.5,2,D,2,1,D104R,-0.5923,-0.5935,0.012,4,2,1,-0.6016,-0.5789,-0.5855,-0.6032
104,D,S,0.1084,0.01401,5.5,2,D,2,1,D104S,-0.2656,-0.248,0.05753,4,7,1,-0.2464,-0.3491,-0.2495,-0.2173
104,D,T,-1.444,1.517,3.0,2,D,2,1,D104T,-0.6115,-0.5314,0.2449,4,3,1,-0.4787,-0.9643,-0.5841,-0.4189
104,D,V,-0.4931,0.354,4.5,2,D,2,1,D104V,0.2017,0.2079,0.1043,4,2,1,0.2621,0.08009,0.3108,0.1537
104,D,W,-0.2078,0.1072,6.5,2,D,2,1,D104W,0.1238,0.1293,0.01853,4,5,1,0.1324,0.1393,0.1262,0.09714
104,D,Y,-0.1933,0.05487,20.0,2,D,2,1,D104Y,-0.09537,-0.1234,0.06098,4,31,1,-0.1277,-0.004184,-0.1305,-0.1191
105,C,-,-0.1388,0.06783,2.5,2,C,2,1,C105-,-3.169e-05,2.539e-05,0.0001495,4,1,1,-0.0002482,7.062e-05,-1.458e-05,6.537e-05
105,C,A,-4.857,0.1676,4.5,2,C,2,1,C105A,-1.167,-1.149,0.06612,4,3,1,-1.175,-1.257,-1.111,-1.124
105,C,D,-4.671,0.07071,4.5,2,C,2,1,C105D,-0.3171,-0.3556,0.2097,4,3,1,-0.351,-0.02771,-0.3602,-0.5295
105,C,E,-3.836,1.492,1.0,2,C,2,1,C105E,0.02781,0.00265,0.06308,4,1,1,-0.003321,0.008621,0.1213,-0.01534
105,C,F,-4.978,0.01202,9.5,2,C,2,1,C105F,-0.8022,-0.7944,0.03273,4,9,1,-0.8094,-0.7794,-0.7745,-0.8455
105,C,G,-4.848,0.0007071,5.5,2,C,2,1,C105G,-0.8815,-0.8495,0.2007,4,2,1,-0.9372,-1.139,-0.7617,-0.6886
105,C,H,-4.872,0.1344,5.0,2,C,2,1,C105H,-0.76,-0.746,0.07834,4,7,1,-0.6865,-0.8613,-0.7116,-0.7805
105,C,I,-4.915,0.1195,5.0,2,C,2,1,C105I,-0.0621,-0.06524,0.05729,4,4,1,-0.02464,-0.116,-0.00191,-0.1058
105,C,K,-4.912,0.007071,2.5,2,C,2,1,C105K,0.8396,0.9016,0.4185,4,2,1,0.801,1.273,1.002,0.2827
105,C,L,-4.927,0.004243,5.5,2,C,2,1,C105L,-0.03178,0.01592,0.1192,4,6,1,-0.007243,0.04792,0.03908,-0.2069
105,C,M,-4.952,0.01414,5.5,2,C,2,1,C105M,0.647,0.624,0.1223,4,3,1,0.6241,0.6239,0.8162,0.5238
105,C,N,-4.949,0.06718,5.0,2,C,2,1,C105N,-0.7863,-0.9377,0.3307,4,3,1,-0.927,-0.2913,-0.9484,-0.9786
105,C,P,-4.953,0.01061,5.5,2,C,2,1,C105P,0.007873,0.004281,0.04056,4,6,1,0.01771,0.05902,-0.009151,-0.0361
105,C,R,-4.941,0.03677,8.0,2,C,2,1,C105R,-0.2466,-0.1849,0.2654,4,9,1,-0.2907,-0.07921,-0.01346,-0.603
105,C,S,-4.622,0.2772,4.5,2,C,2,1,C105S,0.7826,0.8101,0.1572,4,4,1,0.8524,0.9388,0.7679,0.5713
105,C,T,-4.742,0.1662,5.0,2,C,2,1,C105T,-0.002604,0.01533,0.03976,4,5,1,0.02094,0.01804,0.01263,-0.06203
105,C,V,-4.803,0.2171,7.5,2,C,2,1,C105V,-0.7078,-0.7121,0.06245,4,4,1,-0.7438,-0.634,-0.7728,-0.6805
105,C,W,-4.912,0.09405,3.0,2,C,2,1,C105W,0.1001,0.09067,0.04138,4,2,1,0.06077,0.08748,0.09386,0.1583
105,C,Y,-4.813,0.1994,7.0,2,C,2,1,C105Y,0.2197,0.308,0.3823,4,6,1,0.1127,0.5034,0.538,-0.2754
106,K,-,-0.9814,0.7518,3.0,2,K,2,1,K106-,6.139e-05,4.542e-05,4.103e-05,4,1,1,0.0001209,3.443e-05,3.384e-05,5.641e-05
106,K,A,-0.1696,0.2717,6.5,2,K,2,1,K106A,-0.2622,-0.2545,0.02218,4,7,1,-0.259,-0.2944,-0.2455,-0.25
106,K,C,-0.5544,0.9753,2.0,2,K,2,1,K106C,0.04992,0.01761,0.1201,4,2,1,0.02669,0.2218,0.008527,-0.0573
106,K,D,-0.2163,0.489,4.5,2,K,2,1,K106D,-0.1824,-0.1745,0.03081,4,7,1,-0.186,-0.2245,-0.1562,-0.163
106,K,E,-0.04325,0.258,6.5,2,K,2,1,K106E,-0.01577,-0.01457,0.008934,4,6,1,-0.01453,-0.02778,-0.006164,-0.01461
106,K,F,-0.03976,0.002843,4.0,2,K,2,1,K106F,-0.3405,-0.3422,0.07302,4,3,1,-0.3487,-0.4279,-0.3356,-0.2496
106,K,G,-0.5433,0.7901,4.5,2,K,2,1,K106G,-0.2818,-0.2659,0.041,4,5,1,-0.2715,-0.3423,-0.2603,-0.2532
106,K,H,0.06581,0.008323,6.5,2,K,2,1,K106H,0.3803,0.3806,0.002878,4,6,1,0.3794,0.3818,0.3833,0.3768
106,K,I,-0.149,0.3915,3.5,2,K,2,1,K106I,1.151,1.127,0.2014,4,2,1,1.187,1.411,1.068,0.9368
106,K,L,0.07596,0.0859,4.5,2,K,2,1,K106L,1.02,1.018,0.01171,4,8,1,1.021,1.037,1.015,1.009
106,K,N,0.02491,0.1209,14.5,2,K,2,1,K106N,0.1744,0.168,0.05439,4,21,1,0.193,0.2419,0.143,0.1197
106,K,P,-1.619,0.7983,1.0,2,K,2,1,K106P,-2.148,-2.276,0.3274,4,1,1,-2.367,-1.672,-2.191,-2.361
106,K,Q,0.0793,0.1311,11.0,2,K,2,1,K106Q,0.05877,0.06351,0.01216,4,14,1,0.06591,0.06711,0.06111,0.04094
106,K,R,0.1017,0.05078,7.5,2,K,2,1,K106R,0.2955,0.2994,0.02438,4,6,1,0.3033,0.2626,0.3208,0.2955
106,K,S,0.1136,0.03712,6.0,2,K,2,1,K106S,-0.2576,-0.2515,0.0371,4,8,1,-0.261,-0.3074,-0.2419,-0.2202
106,K,T,-0.04726,0.04148,7.5,2,K,2,1,K106T,-0.2458,-0.2521,0.01917,4,7,1,-0.2177,-0.2612,-0.2524,-0.2517
106,K,V,-0.1098,0.2183,2.5,2,K,2,1,K106V,0.05101,0.05908,0.04491,4,4,1,0.07041,0.04775,0.09554,-0.009652
106,K,W,-0.4011,0.4815,7.0,2,K,2,1,K106W,0.07476,0.07428,0.05611,4,8,1,0.05709,0.09148,0.1418,0.008697
106,K,Y,-1.51,1.799,4.0,2,K,2,1,K106Y,-0.1424,-0.1362,0.05633,4,6,1,-0.1344,-0.2169,-0.1381,-0.08012
107,G,-,0.06083,0.0694,2.5,2,G,2,1,G107-,-0.003096,-0.004542,0.01005,4,1,1,-0.008616,-0.0004666,0.009786,-0.01309
107,G,A,-0.4995,0.3984,7.0,2,G,2,1,G107A,-2.778,-2.77,0.1735,4,6,1,-2.786,-2.755,-2.998,-2.574
107,G,C,-2.035,1.426,12.0,2,G,2,1,G107C,-1.303,-1.276,0.1167,4,15,1,-1.312,-1.462,-1.239,-1.197
107,G,D,-0.7618,0.7285,12.5,2,G,2,1,G107D,-1.832,-1.832,0.1714,4,16,1,-1.848,-2.042,-1.815,-1.624
107,G,E,-0.9554,0.2272,8.5,2,G,2,1,G107E,-1.594,-1.525,0.2684,4,6,1,-1.403,-1.952,-1.374,-1.648
107,G,F,-2.54,1.249,7.5,2,G,2,1,G107F,-2.091,-2.052,0.1744,4,6,1,-2.092,-2.333,-1.928,-2.012
107,G,H,-0.6729,0.2697,5.0,2,G,2,1,G107H,-1.453,-1.489,0.2235,4,5,1,-1.556,-1.156,-1.677,-1.423
107,G,I,-1.928,0.9631,5.0,2,G,2,1,G107I,-1.483,-1.491,0.1186,4,4,1,-1.618,-1.329,-1.482,-1.501
107,G,K,-2.273,2.446,2.5,2,G,2,1,G107K,-1.858,-1.723,0.3893,4,4,1,-1.777,-2.427,-1.669,-1.56
107,G,L,-2.365,0.1308,4.5,2,G,2,1,G107L,-0.8594,-0.8803,0.06868,4,5,1,-0.9116,-0.7654,-0.851,-0.9095
107,G,M,-2.654,1.686,6.5,2,G,2,1,G107M,-1.866,-1.765,0.2608,4,7,1,-1.814,-2.248,-1.683,-1.717
107,G,N,-1.747,0.5395,5.5,2,G,2,1,G107N,-1.409,-1.432,0.06648,4,6,1,-1.428,-1.436,-1.46,-1.311
107,G,P,-0.7956,0.3399,4.5,2,G,2,1,G107P,-2.059,-1.977,0.2526,4,5,1,-2.026,-2.424,-1.928,-1.858
107,G,Q,-0.7117,0.856,7.0,2,G,2,1,G107Q,-1.321,-1.278,0.1797,4,6,1,-1.306,-1.573,-1.25,-1.154
107,G,R,-0.5316,0.06208,4.5,2,G,2,1,G107R,-1.752,-1.668,0.2125,4,5,1,-1.709,-2.064,-1.628,-1.608
107,G,S,-0.4434,0.2557,6.5,2,G,2,1,G107S,-1.283,-1.316,0.155,4,10,1,-1.41,-1.092,-1.409,-1.223
107,G,T,-0.9838,0.002263,6.0,2,G,2,1,G107T,-1.657,-1.588,0.1739,4,7,1,-1.632,-1.91,-1.544,-1.541
107,G,V,-2.42,0.04455,11.5,2,G,2,1,G107V,-1.934,-1.772,0.3568,4,8,1,-1.797,-2.467,-1.725,-1.746
107,G,W,-1.94,0.7184,9.0,2,G,2,1,G107W,-1.629,-1.643,0.1778,4,7,1,-1.818,-1.415,-1.722,-1.563
107,G,Y,-0.961,0.1258,1.0,2,G,2,1,G107Y,-1.662,-1.793,0.3338,4,1,1,-1.891,-1.172,-1.732,-1.853
108,F,-,-0.1823,0.2829,2.0,2,F,2,1,F108-,0.0003569,0.0006459,0.001008,4,1,1,-0.001088,0.001224,0.0007891,0.0005026
108,F,A,0.1013,0.0251,6.0,2,F,2,1,F108A,-0.3635,-0.3464,0.05275,4,6,1,-0.3418,-0.4404,-0.321,-0.3509
108,F,C,-0.7304,0.004313,2.0,2,F,2,1,F108C,-0.6357,-0.6073,0.1751,4,3,1,-0.6584,-0.4598,-0.8685,-0.5562
108,F,D,-0.354,0.5496,4.0,2,F,2,1,F108D,-0.3416,-0.335,0.02492,4,2,1,-0.3757,-0.3204,-0.326,-0.3441
108,F,E,-0.282,0.09638,8.0,2,F,2,1,F108E,-0.5653,-0.5692,0.02799,4,7,1,-0.5675,-0.5709,-0.5276,-0.5952
108,F,G,-0.3411,0.515,4.0,2,F,2,1,F108G,-1.55,-1.547,0.09315,4,3,1,-1.568,-1.664,-1.526,-1.44
108,F,H,0.1232,0.02256,4.0,2,F,2,1,F108H,-0.2474,-0.239,0.05058,4,3,1,-0.2533,-0.3149,-0.2247,-0.1967
108,F,I,-0.01625,0.06508,2.0,2,F,2,1,F108I,-1.75,-1.739,0.07337,4,3,1,-1.846,-1.675,-1.762,-1.716
108,F,K,-0.7123,0.2607,6.5,2,F,2,1,F108K,-1.486,-1.375,0.2867,4,7,1,-1.385,-1.912,-1.364,-1.285
108,F,L,-2.048,2.923,2.5,2,F,2,1,F108L,0.01594,0.01473,0.01053,4,1,1,0.02913,0.01026,0.01919,0.005178
108,F,M,-0.5644,1.036,5.5,2,F,2,1,F108M,-0.8029,-0.7582,0.1479,4,4,1,-0.7777,-1.016,-0.7388,-0.6789
108,F,N,-0.8252,1.065,2.5,2,F,2,1,F108N,-1.473,-1.464,0.04824,4,1,1,-1.534,-1.428,-1.487,-1.442
108,F,P,-0.0045,0.1778,3.5,2,F,2,1,F108P,-1.707,-1.708,0.08574,4,5,1,-1.808,-1.68,-1.606,-1.736
108,F,Q,-0.515,0.7014,5.5,2,F,2,1,F108Q,-1.071,-1.003,0.1642,4,5,1,-1.009,-1.316,-0.9635,-0.9965
108,F,R,-0.3158,0.6025,5.5,2,F,2,1,F108R,-1.279,-1.298,0.1006,4,6,1,-1.301,-1.38,-1.296,-1.14
108,F,S,-0.4822,0.1146,7.0,2,F,2,1,F108S,-0.5582,-0.5102,0.1566,4,4,1,-0.5429,-0.7826,-0.43,-0.4775
108,F,T,-0.1346,0.3185,1.5,2,F,2,1,F108T,-1.942,-1.933,0.2464,4,2,1,-1.919,-2.251,-1.947,-1.649
108,F,V,-0.4336,0.271,4.0,2,F,2,1,F108V,-1.63,-1.503,0.2934,4,4,1,-1.549,-2.065,-1.448,-1.458
108,F,W,-0.0227,0.03593,5.5,2,F,2,1,F108W,0.2885,0.294,0.04056,4,6,1,0.2907,0.2973,0.3319,0.234
108,F,Y,0.134,0.03154,7.5,2,F,2,1,F108Y,-0.06895,-0.06377,0.02186,4,7,1,-0.09934,-0.06909,-0.05844,-0.04895
109,Y,*,-0.6615,1.182,1.0,2,S,2,1,Y109*,-1.682,-1.675,0.2483,4,2,1,-1.778,-1.403,-1.572,-1.974
109,Y,-,-0.1421,0.1926,2.0,2,S,2,1,Y109-,-0.03023,-0.02613,0.03031,4,2,1,-0.07092,0.002247,-0.02362,-0.02864
109,Y,A,-0.08492,0.09006,6.5,2,S,2,1,Y109A,-0.455,-0.4584,0.06412,4,6,1,-0.4413,-0.5282,-0.3751,-0.4754
109,Y,C,-0.3076,0.6705,6.0,2,S,2,1,Y109C,-0.1324,-0.1061,0.1135,4,7,1,-0.0912,-0.02547,-0.1209,-0.2918
109,Y,D,-0.9268,1.555,4.0,2,S,2,1,Y109D,-0.7989,-0.8016,0.02201,4,5,1,-0.8184,-0.7868,-0.8163,-0.774
109,Y,E,0.1079,0.006647,1.5,2,S,2,1,Y109E,-0.02062,-0.02179,0.007492,4,1,1,-0.02189,-0.02848,-0.02169,-0.01043
109,Y,F,-0.3315,0.649,4.5,2,S,2,1,Y109F,0.007257,0.008379,0.01048,4,1,1,0.01025,0.006505,0.01873,-0.006459
109,Y,G,-0.05583,0.1022,4.5,2,S,2,1,Y109G,-0.8741,-0.9571,0.4406,4,2,1,-1.043,-0.2713,-0.8714,-1.311
109,Y,H,0.1371,0.05028,5.0,2,S,2,1,Y109H,-0.2132,-0.1987,0.04648,4,7,1,-0.2039,-0.2805,-0.1747,-0.1936
109,Y,I,0.1374,,2.0,1,S,2,1,Y109I,-0.1666,-0.1628,0.03343,4,4,1,-0.204,-0.1368,-0.1856,-0.14
109,Y,K,-0.0674,0.3346,3.0,2,S,2,1,Y109K,-0.7903,-0.7268,0.1799,4,2,1,-0.7678,-1.051,-0.6859,-0.6566
109,Y,L,-0.6838,0.7357,6.0,2,S,2,1,Y109L,-0.1499,-0.1385,0.03672,4,6,1,-0.1478,-0.2022,-0.1202,-0.1292
109,Y,M,0.1353,0.03712,3.0,2,S,2,1,Y109M,-0.02902,-0.01779,0.05234,4,4,1,-0.04331,0.01636,0.007737,-0.09686
109,Y,N,-0.1773,0.333,6.5,2,S,2,1,Y109N,-0.5709,-0.5571,0.0626,4,8,1,-0.5659,-0.6582,-0.5484,-0.5109
109,Y,P,-0.6009,0.5658,7.0,2,S,2,1,Y109P,-2.093,-2.098,0.06657,4,5,1,-2.135,-2.161,-2.061,-2.016
109,Y,Q,-0.07127,0.2166,7.0,2,S,2,1,Y109Q,-0.3092,-0.2976,0.04281,4,8,1,-0.2966,-0.3706,-0.2986,-0.271
109,Y,R,-0.4793,0.3675,6.0,2,S,2,1,Y109R,-0.4575,-0.4644,0.07836,4,5,1,-0.503,-0.3633,-0.4258,-0.5379
109,Y,S,-0.1291,0.09938,6.5,2,S,2,1,Y109S,-0.5304,-0.5347,0.02014,4,8,1,-0.532,-0.5375,-0.5499,-0.5024
109,Y,T,-0.1586,0.1006,6.0,2,S,2,1,Y109T,-0.5248,-0.5121,0.06893,4,8,1,-0.5273,-0.6186,-0.497,-0.4564
109,Y,V,0.00861,0.1029,8.0,2,S,2,1,Y109V,-0.1398,-0.1303,0.03308,4,8,1,-0.1112,-0.1874,-0.1331,-0.1275
109,Y,W,-0.000565,0.1291,6.5,2,S,2,1,Y109W,-0.4136,-0.3954,0.05226,4,8,1,-0.4095,-0.4887,-0.375,-0.3813
110,S,-,0.0665,0.08387,2.5,2,S,2,1,S110-,-0.03052,-0.02625,0.03001,4,2,1,-0.07097,0.001378,-0.02388,-0.02862
110,S,A,-0.1264,0.4236,5.0,2,S,2,1,S110A,0.01921,0.01849,0.03196,4,5,1,0.04977,-0.009921,0.04379,-0.006804
110,S,C,-0.7676,0.05155,8.5,2,S,2,1,S110C,-0.09303,-0.1012,0.06572,4,7,1,-0.1067,-0.005417,-0.09561,-0.1644
110,S,D,-0.4033,0.3557,5.0,2,S,2,1,S110D,-0.01823,-0.01878,0.01793,4,4,1,-0.01697,-0.03954,-0.02059,0.004194
110,S,E,0.1284,0.02447,3.5,2,S,2,1,S110E,-0.8551,-0.7552,0.275,4,5,1,-0.791,-1.259,-0.7195,-0.6512
110,S,F,-0.6002,0.943,3.5,2,S,2,1,S110F,-0.1906,-0.194,0.03896,4,3,1,-0.1779,-0.1425,-0.2102,-0.2318
110,S,G,0.0157,0.1703,6.0,2,S,2,1,S110G,-1.001,-0.9322,0.1684,4,8,1,-0.9652,-1.249,-0.8991,-0.8909
110,S,H,-0.722,0.5148,4.5,2,S,2,1,S110H,-0.1416,-0.1335,0.04791,4,7,1,-0.1427,-0.2066,-0.1244,-0.09292
110,S,I,-0.8974,0.07297,4.0,2,S,2,1,S110I,-0.02378,-0.01643,0.0217,4,4,1,-0.05557,-0.006681,-0.01544,-0.01742
110,S,K,-0.08727,0.244,6.5,2,S,2,1,S110K,0.4226,0.4281,0.0222,4,7,1,0.423,0.4425,0.3915,0.4333
110,S,L,-0.03666,0.0163,7.5,2,S,2,1,S110L,0.457,0.5157,0.1336,4,8,1,0.5064,0.5391,0.5251,0.2576
110,S,M,0.09369,0.05531,3.5,2,S,2,1,S110M,0.2327,0.2211,0.0405,4,2,1,0.2284,0.1981,0.2139,0.2906
110,S,N,-0.6999,,4.5,1,S,2,1,S110N,0.181,0.2201,0.0928,4,9,1,0.2136,0.2267,0.241,0.04286
110,S,P,-1.032,0.476,10.0,2,S,2,1,S110P,-1.063,-1.055,0.1548,4,10,1,-1.063,-0.8819,-1.26,-1.047
110,S,Q,0.0572,0.07905,5.0,2,S,2,1,S110Q,-0.2997,-0.2798,0.06066,4,3,1,-0.3022,-0.3846,-0.2546,-0.2574
110,S,R,-0.1952,0.2524,3.5,2,S,2,1,S110R,-0.04401,-0.03583,0.03928,4,3,1,-0.03736,-0.09887,-0.03429,-0.00553
110,S,T,-0.9537,1.453,4.0,2,S,2,1,S110T,0.4349,0.4736,0.2021,4,1,1,0.4331,0.5141,0.6343,0.1583
110,S,V,0.1098,0.07028,5.0,2,S,2,1,S110V,0.3219,0.3153,0.06681,4,4,1,0.3395,0.4061,0.251,0.291
110,S,W,-0.6752,0.2216,3.5,2,S,2,1,S110W,-0.413,-0.4293,0.04971,4,2,1,-0.4432,-0.3421,-0.4513,-0.4153
110,S,Y,-0.7044,0.23,14.5,2,S,2,1,S110Y,0.191,0.2069,0.0486,4,20,1,0.2152,0.2295,0.1987,0.1205
111,N,-,-0.1135,0.2951,2.5,2,D,2,1,N111-,-0.03037,-0.0255,0.02993,4,2,1,-0.07116,0.0006814,-0.02305,-0.02795
111,N,A,0.08224,0.1022,4.5,2,D,2,1,N111A,-0.3573,-0.3462,0.04572,4,7,1,-0.3154,-0.338,-0.4216,-0.3544
111,N,C,-1.677,0.7552,6.5,2,D,2,1,N111C,-0.4232,-0.4082,0.07245,4,6,1,-0.43,-0.355,-0.3863,-0.5216
111,N,D,-0.2444,0.4773,6.0,2,D,2,1,N111D,-0.1312,-0.1584,0.0688,4,5,1,-0.1432,-0.03061,-0.1774,-0.1737
111,N,E,-1.292,1.071,4.0,2,D,2,1,N111E,0.04778,0.04214,0.1138,4,4,1,0.0118,0.1892,0.07248,-0.08236
111,N,F,-1.111,1.104,4.0,2,D,2,1,N111F,-1.405,-1.306,0.2542,4,4,1,-1.37,-1.774,-1.242,-1.232
111,N,G,-0.504,0.9419,4.0,2,D,2,1,N111G,-0.3853,-0.3791,0.07997,4,4,1,-0.3439,-0.4142,-0.4825,-0.3005
111,N,H,0.02073,0.01225,4.5,2,D,2,1,N111H,-0.6843,-0.6628,0.09719,4,5,1,-0.6837,-0.819,-0.642,-0.5926
111,N,I,0.1308,0.0314,7.5,2,D,2,1,N111I,-0.5391,-0.5204,0.06927,4,7,1,-0.5233,-0.6383,-0.5176,-0.4771
111,N,K,-1.415,1.748,9.5,2,D,2,1,N111K,-0.3581,-0.3646,0.05028,4,7,1,-0.2977,-0.3929,-0.4055,-0.3363
111,N,L,-0.5349,0.4427,5.5,2,D,2,1,N111L,-0.4601,-0.4505,0.03034,4,8,1,-0.4501,-0.5043,-0.4353,-0.4508
111,N,M,-0.4696,0.2054,6.0,2,D,2,1,N111M,-0.7792,-0.7323,0.1012,4,5,1,-0.7217,-0.9306,-0.7249,-0.7397
111,N,P,-1.184,1.403,2.5,2,D,2,1,N111P,0.1309,0.08866,0.1401,4,4,1,0.09729,0.3338,0.08003,0.01241
111,N,Q,0.04558,0.101,6.5,2,D,2,1,N111Q,-0.5194,-0.5094,0.06603,4,8,1,-0.5206,-0.6082,-0.4981,-0.4505
111,N,R,-1.167,0.4705,8.0,2,D,2,1,N111R,-0.06815,0.01338,0.2018,4,5,1,0.04029,-0.01352,-0.3667,0.0673
111,N,S,-2.041,3.042,7.0,2,D,2,1,N111S,-0.226,-0.1892,0.1052,4,4,1,-0.2044,-0.3797,-0.174,-0.146
111,N,T,-0.1804,0.4955,4.0,2,D,2,1,N111T,-0.6867,-0.7016,0.06225,4,5,1,-0.6865,-0.7437,-0.7167,-0.6002
111,N,V,-0.8722,0.1073,5.5,2,D,2,1,N111V,-1.299,-1.314,0.04672,4,5,1,-1.335,-1.326,-1.302,-1.232
111,N,W,-2.836,2.225,3.0,2,D,2,1,N111W,-1.159,-1.167,0.03825,4,1,1,-1.195,-1.172,-1.162,-1.105
111,N,Y,-0.2278,0.4996,3.5,2,D,2,1,N111Y,-1.147,-1.173,0.1007,4,6,1,-1.135,-1.21,-1.233,-1.009
112,A,-,-1.117,0.1223,3.5,2,V,2,1,A112-,-0.8116,-0.8481,0.2426,4,3,1,-0.894,-0.4862,-1.064,-0.8022
112,A,C,0.1025,0.09915,3.5,2,V,2,1,A112C,-0.07423,-0.07916,0.0368,4,3,1,-0.0753,-0.02494,-0.08302,-0.1137
112,A,D,0.1346,0.04186,10.0,2,V,2,1,A112D,0.3536,0.3507,0.05346,4,9,1,0.3629,0.4207,0.3385,0.2923
112,A,E,-0.1357,0.4354,2.0,2,V,2,1,A112E,0.2857,0.2927,0.1809,4,2,1,0.418,0.4611,0.09613,0.1674
112,A,F,-0.4028,0.7521,4.5,2,V,2,1,A112F,-0.5341,-0.5285,0.03462,4,4,1,-0.5486,-0.5763,-0.5034,-0.5084
112,A,G,-0.1294,0.1277,6.5,2,V,2,1,A112G,-0.09619,-0.09777,0.04122,4,6,1,-0.1227,-0.07282,-0.05077,-0.1384
112,A,H,-0.283,0.6422,3.5,2,V,2,1,A112H,0.6418,0.7003,0.2291,4,1,1,0.6906,0.8513,0.71,0.3155
112,A,I,0.1061,0.006223,3.0,2,V,2,1,A112I,0.5249,0.5165,0.03422,4,3,1,0.5338,0.5696,0.4993,0.497
112,A,K,-0.3659,0.5856,10.5,2,V,2,1,A112K,0.01625,0.02431,0.03757,4,11,1,0.04598,0.002649,0.04715,-0.03077
112,A,L,-0.5005,0.753,3.0,2,V,2,1,A112L,-0.03987,-0.04473,0.02225,4,1,1,-0.03263,-0.05682,-0.01158,-0.05844
112,A,M,-0.0117,0.1564,4.0,2,V,2,1,A112M,-0.2792,-0.2935,0.09167,4,3,1,-0.237,-0.1701,-0.36,-0.3499
112,A,N,-0.1529,0.3113,4.5,2,V,2,1,A112N,-0.2864,-0.2724,0.04012,4,4,1,-0.2822,-0.3443,-0.2566,-0.2626
112,A,P,-1.361,0.3316,4.5,2,V,2,1,A112P,-1.499,-1.461,0.2584,4,3,1,-1.452,-1.849,-1.471,-1.226
112,A,Q,-0.4184,0.3466,7.0,2,V,2,1,A112Q,-0.1746,-0.1704,0.02291,4,8,1,-0.1736,-0.206,-0.1673,-0.1515
112,A,R,0.02598,0.08557,9.0,2,V,2,1,A112R,-0.6638,-0.6725,0.05459,4,8,1,-0.7025,-0.5967,-0.7136,-0.6424
112,A,S,-0.3249,0.4368,10.5,2,V,2,1,A112S,-0.3955,-0.4019,0.04112,4,9,1,-0.4382,-0.3401,-0.3948,-0.4091
112,A,T,0.04757,0.1658,14.0,2,V,2,1,A112T,0.04603,0.05173,0.01728,4,13,1,0.021,0.05968,0.05474,0.04872
112,A,V,-0.02203,0.09783,9.5,2,V,2,1,A112V,0.274,0.2447,0.08099,4,11,1,0.2686,0.3902,0.2164,0.2208
112,A,W,-1.4,2.055,4.5,2,V,2,1,A112W,-0.1241,-0.1363,0.06144,4,3,1,-0.1069,-0.04477,-0.179,-0.1656
112,A,Y,-0.5117,0.09899,4.0,2,V,2,1,A112Y,0.07484,0.07231,0.03423,4,5,1,0.09419,0.04179,0.05042,0.113
113,S,-,-0.6921,0.7041,3.5,2,L,2,1,S113-,0.09954,0.1157,0.04031,4,4,1,0.03964,0.1271,0.1172,0.1143
113,S,A,-0.01715,0.2078,4.0,2,L,2,1,S113A,-0.1724,-0.1622,0.02165,4,4,1,-0.1602,-0.1633,-0.1611,-0.2048
113,S,C,-0.0659,0.3305,6.5,2,L,2,1,S113C,-0.3279,-0.3272,0.07016,4,6,1,-0.3226,-0.4145,-0.3318,-0.2429
113,S,D,-0.6198,0.3951,6.5,2,L,2,1,S113D,-1.216,-1.131,0.2058,4,6,1,-1.172,-1.518,-1.09,-1.083
113,S,E,-0.9899,1.068,5.0,2,L,2,1,S113E,-0.5969,-0.5869,0.05484,4,5,1,-0.5518,-0.6623,-0.622,-0.5513
113,S,F,-0.3319,0.1843,4.5,2,L,2,1,S113F,-0.3681,-0.3403,0.06598,4,6,1,-0.3416,-0.4665,-0.339,-0.3254
113,S,G,-0.02595,0.01979,4.0,2,L,2,1,S113G,-0.2797,-0.2891,0.09852,4,2,1,-0.2766,-0.1511,-0.3016,-0.3896
113,S,H,-0.6883,1.172,4.0,2,L,2,1,S113H,-0.1585,-0.149,0.07043,4,2,1,-0.1904,-0.09359,-0.2425,-0.1076
113,S,I,-0.1807,0.1496,14.5,2,L,2,1,S113I,-0.03846,-0.05164,0.06255,4,18,1,-0.023,-0.08028,0.04328,-0.09386
113,S,K,-2.783,2.977,3.0,2,L,2,1,S113K,0.07205,0.06823,0.02133,4,4,1,0.07065,0.1013,0.05043,0.0658
113,S,L,0.05648,0.08516,6.0,2,L,2,1,S113L,0.05533,0.06804,0.061,4,4,1,0.0513,0.1132,0.08478,-0.02793
113,S,M,-0.5617,0.9846,5.5,2,L,2,1,S113M,-0.2638,-0.2758,0.08711,4,2,1,-0.2795,-0.1466,-0.2722,-0.3571
113,S,N,0.08229,0.07977,5.5,2,L,2,1,S113N,-0.05725,-0.0561,0.02317,4,9,1,-0.06468,-0.0314,-0.04752,-0.08539
113,S,P,0.07961,0.069,9.5,2,L,2,1,S113P,-0.03416,-0.03293,0.003706,4,12,1,-0.03133,-0.03943,-0.03403,-0.03183
113,S,Q,0.0801,0.1116,5.5,2,L,2,1,S113Q,0.007927,0.0114,0.02157,4,5,1,0.02082,-0.01974,0.001981,0.02865
113,S,R,-0.09587,0.04303,5.5,2,L,2,1,S113R,0.2839,0.3,0.08301,4,7,1,0.2775,0.3643,0.3225,0.1713
113,S,T,-0.1136,0.2761,3.5,2,L,2,1,S113T,0.2679,0.27,0.03778,4,3,1,0.255,0.3095,0.285,0.2221
113,S,V,-0.3339,0.01492,3.0,2,L,2,1,S113V,0.02964,0.02847,0.02861,4,1,1,0.01395,-0.001047,0.043,0.06265
113,S,W,-0.2797,0.6025,4.5,2,L,2,1,S113W,-0.01389,-0.02018,0.01379,4,3,1,-0.0187,-0.02167,-0.02185,0.006681
113,S,Y,0.1413,0.02758,3.0,2,L,2,1,S113Y,-0.2468,-0.2456,0.06725,4,2,1,-0.2542,-0.3298,-0.2369,-0.1661
114,S,-,-0.1986,0.3768,4.0,2,S,2,1,S114-,1.114,1.113,0.377,4,3,1,1.557,0.6726,0.9802,1.246
114,S,A,-0.7265,0.2376,3.5,2,S,2,1,S114A,0.4345,0.4479,0.06903,4,3,1,0.4494,0.5035,0.3388,0.4463
114,S,C,-0.6153,0.5268,6.5,2,S,2,1,S114C,-0.1998,-0.2184,0.06664,4,6,1,-0.2112,-0.1042,-0.2256,-0.258
114,S,D,-4.079,0.1202,4.0,2,S,2,1,S114D,-0.1934,-0.2358,0.1985,4,3,1,-0.1718,0.0757,-0.2998,-0.3778
114,S,E,-4.916,0.04243,5.0,2,S,2,1,S114E,0.09235,0.1219,0.2149,4,4,1,0.1342,0.3224,0.1095,-0.1968
114,S,F,-1.152,0.3974,9.5,2,S,2,1,S114F,-2.696,-2.694,0.178,4,8,1,-2.797,-2.591,-2.506,-2.89
114,S,G,-0.0695,0.3411,6.0,2,S,2,1,S114G,0.3425,0.3451,0.01953,4,3,1,0.3453,0.3635,0.3163,0.3449
114,S,H,-2.151,1.059,6.0,2,S,2,1,S114H,-1.965,-2.089,0.2937,4,9,1,-2.153,-1.527,-2.108,-2.071
114,S,I,-1.641,0.4137,3.5,2,S,2,1,S114I,-2.368,-2.423,0.23,4,3,1,-2.543,-2.071,-2.302,-2.556
114,S,K,-4.965,0.06576,7.0,2,S,2,1,S114K,-0.7611,-0.8075,0.1538,4,5,1,-0.8207,-0.5387,-0.7943,-0.8908
114,S,L,-4.558,0.4653,3.5,2,S,2,1,S114L,0.7318,0.847,0.5441,4,3,1,0.5891,1.209,1.105,0.02413
114,S,M,-4.476,0.2758,4.5,2,S,2,1,S114M,-0.4941,-0.6291,0.4795,4,5,1,-0.5068,0.1826,-0.7514,-0.9008
114,S,N,-0.8593,0.742,2.5,2,S,2,1,S114N,-0.05046,-0.0398,0.03491,4,1,1,-0.04325,-0.101,-0.03635,-0.02127
114,S,P,-2.675,2.572,11.0,2,S,2,1,S114P,-1.068,-1.011,0.1266,4,15,1,-0.9928,-1.257,-1.014,-1.007
114,S,Q,-4.262,0.5332,5.5,2,S,2,1,S114Q,-2.309,-2.351,0.2312,4,3,1,-2.461,-2.013,-2.241,-2.521
114,S,R,-4.906,0.08344,8.5,2,S,2,1,S114R,0.4444,0.5266,0.3774,4,5,1,0.4295,0.6237,0.7989,-0.07442
114,S,T,-0.3137,0.4672,10.5,2,S,2,1,S114T,-0.2687,-0.2563,0.05726,4,8,1,-0.2607,-0.3489,-0.2519,-0.2133
114,S,V,-0.8097,0.2231,8.0,2,S,2,1,S114V,-0.3471,-0.3464,0.03597,4,6,1,-0.365,-0.3876,-0.3077,-0.3279
114,S,W,-3.583,0.09405,6.5,2,S,2,1,S114W,-1.756,-1.662,0.2095,4,7,1,-1.689,-2.067,-1.633,-1.634
114,S,Y,-0.9295,0.49,14.5,2,S,2,1,S114Y,-2.23,-2.267,0.08215,4,17,1,-2.27,-2.278,-2.265,-2.107
115,D,-,-0.08635,0.04363,4.5,2,D,2,1,D115-,0.1311,0.1287,0.07638,4,4,1,0.04012,0.1306,0.227,0.1267
115,D,A,-0.3092,0.05911,6.5,2,D,2,1,D115A,0.05241,0.04319,0.05309,4,6,1,0.008886,0.0775,0.1153,0.007945
115,D,C,-1.275,0.7021,4.0,2,D,2,1,D115C,0.05897,0.07421,0.04954,4,5,1,0.05934,0.09845,0.08908,-0.01101
115,D,E,0.1092,0.00997,4.5,2,D,2,1,D115E,0.4621,0.4107,0.1575,4,6,1,0.3964,0.3354,0.425,0.6916
115,D,F,-1.76,0.9489,5.0,2,D,2,1,D115F,-0.3872,-0.3709,0.0639,4,7,1,-0.3343,-0.4729,-0.3427,-0.399
115,D,G,-1.393,1.011,4.0,2,D,2,1,D115G,0.5743,0.5931,0.1342,4,2,1,0.5687,0.6175,0.7157,0.3952
115,D,H,-0.683,0.36,3.0,2,D,2,1,D115H,0.1868,0.1542,0.09185,4,5,1,0.1744,0.134,0.32,0.1187
115,D,I,-4.499,0.4844,4.5,2,D,2,1,D115I,-0.02705,-0.01949,0.06752,4,2,1,-0.01787,0.04738,-0.02112,-0.1166
115,D,K,-3.585,0.741,5.5,2,D,2,1,D115K,-0.05834,-0.0696,0.07107,4,3,1,-0.08629,-0.131,-0.0529,0.03685
115,D,M,-0.03185,0.1931,4.5,2,D,2,1,D115M,0.02133,0.02905,0.02917,4,5,1,0.0146,0.0435,0.04441,-0.01719
115,D,N,-1.11,0.3848,11.5,2,D,2,1,D115N,-0.0825,-0.1005,0.05963,4,13,1,-0.1018,-0.133,0.003923,-0.09914
115,D,P,-3.021,2.192,3.0,2,D,2,1,D115P,0.8022,0.9033,0.3823,4,4,1,0.8477,0.9589,1.144,0.2587
115,D,Q,-0.1938,0.4592,4.5,2,D,2,1,D115Q,1.267,1.239,0.3304,4,4,1,1.334,1.686,1.143,0.9036
115,D,R,-4.49,0.7163,5.0,2,D,2,1,D115R,0.1354,0.1118,0.154,4,5,1,-0.007985,0.1926,0.3262,0.03096
115,D,S,-0.3657,0.3074,4.5,2,D,2,1,D115S,0.1448,0.156,0.08451,4,2,1,0.1356,0.03332,0.1765,0.2337
115,D,T,-0.1145,0.1426,4.0,2,D,2,1,D115T,0.4718,0.4739,0.06091,4,3,1,0.4407,0.403,0.5072,0.5364
115,D,V,-1.264,0.2567,4.0,2,D,2,1,D115V,0.07448,0.07754,0.0387,4,4,1,0.08267,0.02451,0.1184,0.07241
115,D,W,-1.837,0.5508,4.0,2,D,2,1,D115W,-0.08263,-0.07734,0.03141,4,3,1,-0.05038,-0.1255,-0.07366,-0.08102
115,D,Y,-1.982,0.9723,9.5,2,D,2,1,D115Y,0.2995,0.3319,0.09824,4,12,1,0.3429,0.3208,0.3778,0.1564
116,V,-,-0.2659,0.5162,4.5,2,V,2,1,V116-,0.1339,0.1245,0.08503,4,4,1,0.04012,0.1307,0.2464,0.1184
116,V,A,-0.3722,0.1445,5.5,2,V,2,1,V116A,0.5642,0.5462,0.04375,4,7,1,0.5487,0.6293,0.5438,0.535
116,V,C,-0.718,0.7381,6.0,2,V,2,1,V116C,0.3167,0.3237,0.09486,4,7,1,0.3278,0.4255,0.3196,0.1941
116,V,D,-4.802,0.2638,5.5,2,V,2,1,V116D,0.4489,0.4524,0.1535,4,7,1,0.4706,0.6325,0.4341,0.2584
116,V,E,-4.93,0.004243,6.0,2,V,2,1,V116E,-0.1758,-0.08269,0.2869,4,5,1,-0.1556,0.04873,-0.009805,-0.5865
116,V,F,0.09456,0.02494,5.5,2,V,2,1,V116F,-0.3258,-0.3423,0.03372,4,6,1,-0.3416,-0.343,-0.3434,-0.2753
116,V,G,-0.3109,0.05006,4.5,2,V,2,1,V116G,0.9312,0.9103,0.3862,4,4,1,0.9893,1.417,0.8314,0.4865
116,V,H,-0.2425,0.1237,2.5,2,V,2,1,V116H,-0.01321,-0.0007784,0.04267,4,2,1,0.008776,-0.07393,-0.01033,0.02264
116,V,I,-0.3549,0.1456,1.0,2,V,2,1,V116I,-0.3046,-0.2989,0.1373,4,1,1,-0.2427,-0.1519,-0.4686,-0.3551
116,V,K,-4.921,0.06152,2.5,2,V,2,1,V116K,0.9882,1.078,0.5239,4,3,1,1.062,1.527,1.094,0.2694
116,V,L,-2.83,0.0799,13.5,2,V,2,1,V116L,-0.4955,-0.4712,0.05838,4,17,1,-0.4804,-0.5818,-0.4621,-0.4576
116,V,M,-0.08003,0.2121,7.5,2,V,2,1,V116M,-0.8834,-0.8751,0.05433,4,11,1,-0.8306,-0.9526,-0.8511,-0.8991
116,V,N,-1.618,1.282,4.0,2,V,2,1,V116N,0.5671,0.5743,0.07996,4,6,1,0.5581,0.5904,0.6561,0.464
116,V,P,-4.886,0.007778,4.5,2,V,2,1,V116P,-0.2242,-0.2263,0.09236,4,2,1,-0.3238,-0.2758,-0.1205,-0.1769
116,V,Q,-4.983,0.03111,8.0,2,V,2,1,V116Q,0.9054,0.8476,0.4393,4,6,1,0.8484,0.8468,1.495,0.4314
116,V,R,-4.881,,0.5,1,V,2,1,V116R,-0.3512,-0.3879,0.1046,4,1,1,-0.4281,-0.4168,-0.359,-0.2009
116,V,S,0.1295,0.00997,3.5,2,V,2,1,V116S,1.091,1.133,0.1389,4,5,1,1.078,1.188,1.199,0.8996
116,V,T,-1.676,0.6767,3.5,2,V,2,1,V116T,0.4547,0.4415,0.1131,4,3,1,0.4191,0.6033,0.4638,0.3325
116,V,W,0.01776,0.1464,4.5,2,V,2,1,V116W,0.5236,0.5279,0.1048,4,2,1,0.4919,0.5639,0.6424,0.3962
116,V,Y,-0.4975,0.7375,5.5,2,V,2,1,V116Y,-0.9673,-0.8274,0.3689,4,7,1,-0.8422,-1.513,-0.7012,-0.8127
117,I,-,-0.5559,0.7384,4.5,2,I,2,1,I117-,-0.398,-0.4078,0.24,4,3,1,-0.5319,-0.1221,-0.2838,-0.6542
117,I,A,-0.821,0.2227,6.5,2,I,2,1,I117A,0.523,0.6067,0.225,4,5,1,0.5508,0.6818,0.6626,0.1968
117,I,C,-3.201,2.506,5.0,2,I,2,1,I117C,-0.8419,-0.8122,0.2372,4,4,1,-0.9683,-1.113,-0.6304,-0.656
117,I,D,-4.944,0.03182,8.5,2,I,2,1,I117D,0.009843,0.02359,0.09532,4,5,1,0.009905,0.1104,0.03727,-0.1182
117,I,E,-4.479,0.5735,3.0,2,I,2,1,I117E,-0.7187,-0.8089,0.3523,4,4,1,-0.7602,-0.2192,-0.8576,-1.038
117,I,F,-0.303,0.321,3.0,2,I,2,1,I117F,-1.052,-1.021,0.1244,4,5,1,-1.049,-1.227,-0.941,-0.9931
117,I,G,-4.92,0.01344,4.5,2,I,2,1,I117G,-1.001,-1.109,0.2318,4,4,1,-1.118,-0.6537,-1.101,-1.132
117,I,H,-4.924,0.0693,5.5,2,I,2,1,I117H,-0.5428,-0.5366,0.07447,4,7,1,-0.5567,-0.4604,-0.5166,-0.6375
117,I,K,-4.072,1.201,3.0,2,I,2,1,I117K,-1.048,-1.134,0.5045,4,3,1,-1.157,-1.567,-1.111,-0.3563
117,I,L,0.04171,0.1205,5.0,2,I,2,1,I117L,0.1145,0.09477,0.04815,4,7,1,0.09415,0.1862,0.09539,0.08229
117,I,M,0.1419,0.03783,4.0,2,I,2,1,I117M,0.5597,0.5536,0.04823,4,3,1,0.5644,0.5084,0.6232,0.5427
117,I,N,-4.854,0.04101,5.5,2,I,2,1,I117N,-0.4926,-0.4791,0.1135,4,5,1,-0.4274,-0.6337,-0.5309,-0.3785
117,I,P,-4.72,0.2927,7.0,2,I,2,1,I117P,1.52,1.581,0.6708,4,6,1,1.502,1.659,2.274,0.647
117,I,Q,-0.2126,0.3518,6.0,2,I,2,1,I117Q,1.435,1.4,0.1091,4,8,1,1.426,1.592,1.349,1.374
117,I,R,-4.942,0.0198,9.5,2,I,2,1,I117R,-0.6655,-0.6961,0.09471,4,8,1,-0.6908,-0.5275,-0.7013,-0.7425
117,I,S,-4.929,0.1047,3.5,2,I,2,1,I117S,-0.0005555,0.03815,0.2046,4,3,1,0.08392,0.2009,-0.007627,-0.2794
117,I,T,-2.094,0.4031,6.5,2,I,2,1,I117T,-0.01246,0.02033,0.1373,4,5,1,0.01746,0.1164,0.02319,-0.2069
117,I,V,-0.248,0.2642,8.5,2,I,2,1,I117V,1.191,1.251,0.2519,4,5,1,1.257,1.428,1.245,0.835
117,I,W,-1.098,0.5545,7.0,2,I,2,1,I117W,-0.8725,-0.8859,0.06709,4,6,1,-0.8758,-0.9383,-0.896,-0.7797
117,I,Y,-4.019,1.34,4.5,2,I,2,1,I117Y,-0.1893,-0.1857,0.0924,4,4,1,-0.2227,-0.08597,-0.1488,-0.2997
118,R,-,-1.08,1.076,4.5,2,R,2,1,R118-,-0.1706,-0.1196,0.1526,4,4,1,-0.1053,-0.3933,-0.1339,-0.0497
118,R,A,-4.953,0.05657,5.0,2,R,2,1,R118A,0.8581,0.9338,0.4348,4,5,1,0.8206,1.047,1.292,0.2731
118,R,C,-4.92,0.01556,7.5,2,R,2,1,R118C,-0.711,-0.7282,0.06331,4,9,1,-0.7643,-0.7499,-0.6235,-0.7064
118,R,D,-4.877,0.06293,7.5,2,R,2,1,R118D,-0.3071,-0.3053,0.05248,4,9,1,-0.3334,-0.2511,-0.2772,-0.3666
118,R,E,-4.78,0.3033,7.5,2,R,2,1,R118E,0.1035,0.08516,0.1537,4,4,1,0.07224,0.3078,0.09808,-0.06424
118,R,F,-4.93,0.07212,8.0,2,R,2,1,R118F,0.5438,0.6576,0.4414,4,8,1,0.5792,0.7359,0.9403,-0.07999
118,R,G,-4.87,0.1287,7.0,2,R,2,1,R118G,0.04762,0.01904,0.2283,4,7,1,-0.03159,0.3482,0.06968,-0.1958
118,R,H,-4.893,0.05303,5.5,2,R,2,1,R118H,0.2028,0.2712,0.3569,4,7,1,0.07393,0.5123,0.4685,-0.2435
118,R,I,-4.978,0.02051,11.5,2,R,2,1,R118I,-0.508,-0.5213,0.06416,4,12,1,-0.5457,-0.5669,-0.4224,-0.4968
118,R,K,-4.931,0.04101,6.5,2,R,2,1,R118K,-0.1169,-0.1066,0.1892,4,6,1,-0.1587,0.0981,-0.05443,-0.3525
118,R,L,-4.934,0.05586,9.0,2,R,2,1,R118L,0.219,0.2586,0.1389,4,6,1,0.2181,0.2992,0.3347,0.02389
118,R,M,-4.742,0.2411,7.0,2,R,2,1,R118M,0.3266,0.405,0.1919,4,6,1,0.4327,0.4536,0.3773,0.04292
118,R,N,-4.945,0.05233,8.5,2,R,2,1,R118N,0.03254,0.0537,0.12,4,9,1,0.03295,0.1537,0.07445,-0.131
118,R,P,-4.887,0.1322,9.5,2,R,2,1,R118P,0.2232,0.2319,0.1151,4,7,1,0.2195,0.3543,0.2443,0.07458
118,R,Q,-4.408,0.5565,4.5,2,R,2,1,R118Q,0.7693,0.9447,0.5698,4,6,1,0.8359,1.054,1.237,-0.04919
118,R,S,-4.903,0.0198,5.5,2,R,2,1,R118S,0.4881,0.5247,0.2555,4,6,1,0.5647,0.4846,0.7577,0.1456
118,R,T,-4.893,0.08556,9.0,2,R,2,1,R118T,0.06087,0.06506,0.1308,4,11,1,0.02836,0.2125,0.1018,-0.0991
118,R,V,-4.917,0.0396,7.0,2,R,2,1,R118V,-0.7424,-0.883,0.2953,4,9,1,-0.8671,-0.3,-0.8989,-0.9034
118,R,W,-4.945,0.03111,4.5,2,R,2,1,R118W,0.1519,0.08548,0.3305,4,6,1,0.0836,0.612,0.08736,-0.1753
118,R,Y,-4.921,0.1223,5.0,2,R,2,1,R118Y,-0.1457,-0.1077,0.1741,4,3,1,-0.365,-0.008976,-0.002534,-0.2064
119,Y,*,-4.867,,2.0,1,Y,2,1,Y119*,2.172,2.044,0.6303,4,4,1,1.969,2.119,3.047,1.554
119,Y,-,-2.193,2.978,5.0,2,Y,2,1,Y119-,-0.6396,-0.529,0.2663,4,5,1,-0.5638,-1.034,-0.4941,-0.466
119,Y,A,-0.1002,0.2286,8.0,2,Y,2,1,Y119A,0.8098,0.8535,0.3102,4,6,1,0.7501,0.9569,1.126,0.4057
119,Y,C,-0.2357,0.5245,7.0,2,Y,2,1,Y119C,0.7396,0.8446,0.2782,4,9,1,0.7764,0.9128,0.9336,0.3356
119,Y,D,-4.795,0.1442,3.0,2,Y,2,1,Y119D,-0.01857,0.01378,0.08925,4,3,1,-0.009399,0.03696,0.04561,-0.1474
119,Y,E,-4.889,0.05869,2.0,2,Y,2,1,Y119E,0.06963,0.07008,0.09098,4,1,1,0.02795,0.1723,0.1122,-0.03398
119,Y,F,-0.322,0.1858,5.0,2,Y,2,1,Y119F,0.2106,0.2104,0.0504,4,6,1,0.247,0.2605,0.1737,0.1611
119,Y,G,-1.792,1.775,4.5,2,Y,2,1,Y119G,0.8259,0.8696,0.1397,4,5,1,0.8437,0.8956,0.9396,0.6247
119,Y,H,-0.1271,0.1772,3.0,2,Y,2,1,Y119H,0.3195,0.3157,0.1257,4,2,1,0.2586,0.4661,0.3729,0.1804
119,Y,I,-0.2254,0.4518,4.0,2,Y,2,1,Y119I,-0.2472,-0.2277,0.05843,4,4,1,-0.2045,-0.3287,-0.2503,-0.2052
119,Y,K,-4.066,1.31,6.0,2,Y,2,1,Y119K,0.008997,0.07105,0.3872,4,4,1,0.03083,0.4112,0.1113,-0.5173
119,Y,L,0.09776,0.04842,4.5,2,Y,2,1,Y119L,-0.9527,-0.8608,0.2205,4,6,1,-0.8979,-1.278,-0.8108,-0.8238
119,Y,M,-0.4153,0.6082,4.5,2,Y,2,1,Y119M,0.2264,0.1938,0.08762,4,6,1,0.217,0.1707,0.1647,0.353
119,Y,N,-2.13,0.6343,6.0,2,Y,2,1,Y119N,-0.196,-0.1797,0.1467,4,3,1,-0.3612,-0.06329,-0.08191,-0.2775
119,Y,P,-4.939,0.05445,7.0,2,Y,2,1,Y119P,-0.0576,-0.07368,0.1691,4,3,1,-0.05568,0.1635,-0.09168,-0.2465
119,Y,Q,-3.114,2.192,4.5,2,Y,2,1,Y119Q,0.08889,0.04921,0.1038,4,3,1,0.05475,0.2425,0.01459,0.04366
119,Y,R,-4.501,0.5883,7.5,2,Y,2,1,Y119R,1.248,1.362,0.4775,4,10,1,1.472,1.685,1.252,0.5824
119,Y,S,-0.1408,0.2688,5.0,2,Y,2,1,Y119S,0.4732,0.4981,0.1209,4,8,1,0.4397,0.5798,0.5565,0.317
119,Y,T,0.0958,0.05898,6.0,2,Y,2,1,Y119T,0.4468,0.4902,0.1315,4,7,1,0.4473,0.5332,0.5458,0.2607
119,Y,V,0.1533,0.02249,6.0,2,Y,2,1,Y119V,0.1386,0.139,0.04492,4,6,1,0.175,0.103,0.1799,0.09667
119,Y,W,-1.227,0.504,5.0,2,Y,2,1,Y119W,0.7424,0.7197,0.1898,4,7,1,0.8466,0.9572,0.5729,0.5928
120,N,-,-0.4989,0.6504,5.0,2,N,2,1,N120-,0.003315,0.00479,0.006426,4,5,1,-0.005027,0.008708,0.008019,0.001561
120,N,A,-0.2609,0.5551,5.0,2,N,2,1,N120A,0.09261,0.09212,0.03518,4,3,1,0.09918,0.1356,0.08506,0.05061
120,N,C,-0.1821,0.3192,3.0,2,N,2,1,N120C,0.1451,0.1546,0.08229,4,5,1,0.1164,0.1927,0.228,0.0433
120,N,D,-0.6343,0.1128,5.0,2,N,2,1,N120D,-1.247,-1.23,0.133,4,9,1,-1.31,-1.123,-1.403,-1.151
120,N,E,-0.3493,0.7282,3.5,2,N,2,1,N120E,0.1847,0.1786,0.01757,4,4,1,0.1712,0.177,0.1802,0.2104
120,N,F,-0.8298,1.376,5.5,2,N,2,1,N120F,0.6017,0.6659,0.2941,4,6,1,0.6712,0.6605,0.886,0.1889
120,N,G,-0.2328,0.197,3.0,2,N,2,1,N120G,-1.082,-1.071,0.03124,4,2,1,-1.128,-1.07,-1.073,-1.057
120,N,H,-1.247,1.742,3.0,2,N,2,1,N120H,1.733,1.828,0.7523,4,1,1,2.257,0.8345,2.443,1.399
120,N,I,-0.4675,0.8167,4.0,2,N,2,1,N120I,0.2615,0.286,0.09381,4,2,1,0.2694,0.3454,0.3026,0.1288
120,N,K,0.05538,0.007361,5.5,2,N,2,1,N120K,0.1189,0.1103,0.0556,4,10,1,0.1024,0.194,0.1182,0.06093
120,N,L,-0.5346,0.5337,4.5,2,N,2,1,N120L,0.004065,-0.0005647,0.03427,4,4,1,0.00687,-0.008,0.04949,-0.0321
120,N,M,-0.09745,0.372,4.5,2,N,2,1,N120M,-0.1882,-0.1944,0.05828,4,2,1,-0.1955,-0.2528,-0.1933,-0.1112
120,N,P,-0.07325,0.3,5.5,2,N,2,1,N120P,0.379,0.3872,0.07231,4,4,1,0.3402,0.4342,0.445,0.2967
120,N,Q,0.1481,0.02673,3.0,2,N,2,1,N120Q,-0.3201,-0.3232,0.1042,4,2,1,-0.4189,-0.2465,-0.3999,-0.2151
120,N,S,-0.3278,0.6432,5.0,2,N,2,1,N120S,0.1229,0.1425,0.04996,4,8,1,0.1569,0.04963,0.1326,0.1524
120,N,T,0.1365,0.05063,7.5,2,N,2,1,N120T,1.47,1.565,0.3102,4,10,1,1.586,1.73,1.545,1.02
120,N,V,-0.3811,0.5176,4.0,2,N,2,1,N120V,0.8048,0.7847,0.1068,4,3,1,0.803,0.9512,0.7665,0.6986
120,N,W,-1.73,0.4837,7.5,2,N,2,1,N120W,0.2013,0.1573,0.2015,4,4,1,0.2046,0.4795,0.11,0.01124
120,N,Y,-0.5363,0.7859,4.5,2,N,2,1,N120Y,-0.3282,-0.3341,0.09738,4,8,1,-0.3804,-0.2126,-0.4318,-0.2879
121,I,-,-2.222,3.254,5.5,2,L,2,1,I121-,0.003574,0.005055,0.006148,4,4,1,-0.00464,0.008825,0.007698,0.002413
121,I,A,-2.739,0.5119,3.5,2,L,2,1,I121A,0.06417,0.06813,0.07738,4,2,1,0.08005,0.0562,0.1541,-0.03363
121,I,C,-2.498,0.1089,4.0,2,L,2,1,I121C,1.306,1.28,0.5117,4,3,1,1.248,1.311,1.956,0.7067
121,I,D,-0.1437,0.1198,2.5,2,L,2,1,I121D,1.363,1.538,0.4198,4,4,1,1.486,1.634,1.591,0.74
121,I,E,-0.03715,0.2491,2.5,2,L,2,1,I121E,-0.1113,-0.1139,0.02933,4,2,1,-0.133,-0.07853,-0.09472,-0.1389
121,I,F,-0.3978,0.7611,4.5,2,L,2,1,I121F,0.002549,0.001153,0.04953,4,6,1,-0.006582,-0.05619,0.06408,0.008889
121,I,G,-2.016,2.523,3.0,2,L,2,1,I121G,0.9738,0.9662,0.2434,4,2,1,1.11,0.8227,1.242,0.7203
121,I,H,0.04886,0.01533,5.0,2,L,2,1,I121H,0.7383,0.7264,0.05851,4,6,1,0.729,0.8199,0.7237,0.6807
121,I,K,-3.877,1.098,2.5,2,L,2,1,I121K,1.076,1.116,0.2737,4,2,1,1.234,1.346,0.9976,0.7282
121,I,L,-0.01725,0.2548,5.5,2,L,2,1,I121L,0.6808,0.6553,0.08322,4,6,1,0.6758,0.7995,0.6133,0.6348
121,I,M,-0.1699,0.2919,6.0,2,L,2,1,I121M,0.002033,0.0188,0.05166,4,4,1,0.02959,0.04292,-0.07239,0.00801
121,I,N,-0.3367,0.1677,3.5,2,L,2,1,I121N,0.9121,0.9307,0.3423,4,4,1,0.8654,0.996,1.307,0.4803
121,I,P,-2.882,2.856,2.5,2,L,2,1,I121P,-0.08329,-0.07313,0.03502,4,2,1,-0.06625,-0.08,-0.05364,-0.1333
121,I,Q,-0.4215,0.4293,5.5,2,L,2,1,I121Q,0.6916,0.7853,0.3069,4,7,1,0.7739,0.7967,0.9494,0.2463
121,I,R,-0.5091,0.09242,5.0,2,L,2,1,I121R,0.6192,0.7269,0.4069,4,3,1,0.6156,0.8383,0.9726,0.05023
121,I,S,-0.2074,0.06025,1.5,2,L,2,1,I121S,0.2988,0.1712,0.3918,4,1,1,0.2102,0.1322,0.8694,-0.0165
121,I,T,-0.1994,0.4793,3.0,2,L,2,1,I121T,1.124,1.125,0.1914,4,2,1,1.215,1.339,1.035,0.9061
121,I,V,-0.8454,0.551,6.5,2,L,2,1,I121V,1.12,1.161,0.4201,4,11,1,1.24,1.583,1.082,0.5733
121,I,W,0.1377,0.002263,3.0,2,L,2,1,I121W,0.1946,0.1738,0.06205,4,3,1,0.1769,0.1707,0.2853,0.1453
121,I,Y,-0.0657,0.2763,5.0,2,L,2,1,I121Y,-1.2,-1.133,0.1566,4,5,1,-1.159,-1.432,-1.108,-1.102
122,N,-,-0.1527,0.1725,4.0,2,N,2,1,N122-,0.003592,0.005044,0.006144,4,4,1,-0.004598,0.008879,0.007692,0.002396
122,N,A,-0.03358,0.0544,6.0,2,N,2,1,N122A,0.3937,0.3426,0.1891,4,8,1,0.2822,0.403,0.6565,0.2333
122,N,C,-1.032,0.3096,4.5,2,N,2,1,N122C,1.979,1.921,0.2032,4,4,1,1.995,2.26,1.814,1.847
122,N,D,-0.3449,0.3583,3.0,2,N,2,1,N122D,-2.769,-2.858,0.3215,4,2,1,-2.977,-2.326,-2.739,-3.033
122,N,E,-1.604,1.63,4.0,2,N,2,1,N122E,-1.216,-1.202,0.4395,4,2,1,-0.9672,-1.712,-1.438,-0.7448
122,N,F,-1.997,2.784,5.0,2,N,2,1,N122F,-0.1904,-0.2146,0.1096,4,2,1,-0.2565,-0.04329,-0.1726,-0.289
122,N,G,-0.1181,0.3396,3.0,2,N,2,1,N122G,0.5399,0.5021,0.09811,4,3,1,0.471,0.5147,0.6846,0.4895
122,N,H,-0.6666,1.139,5.5,2,N,2,1,N122H,-0.3787,-0.3923,0.04943,4,8,1,-0.3128,-0.4175,-0.4159,-0.3687
122,N,I,-0.133,0.2133,3.0,2,N,2,1,N122I,1.494,1.721,0.5941,4,3,1,1.79,1.917,1.652,0.6181
122,N,K,-0.08984,0.2617,5.5,2,N,2,1,N122K,1.659,1.661,0.2126,4,12,1,1.684,1.917,1.639,1.398
122,N,L,-0.4737,0.2206,3.5,2,N,2,1,N122L,2.279,2.365,0.211,4,5,1,2.318,2.418,1.97,2.411
122,N,M,-0.5342,0.08188,4.0,2,N,2,1,N122M,1.212,1.352,0.347,4,3,1,1.28,1.44,1.424,0.7023
122,N,P,-0.3713,0.4158,6.0,2,N,2,1,N122P,0.5135,0.5396,0.1414,4,5,1,0.4997,0.6517,0.5795,0.3229
122,N,Q,0.1517,0.02001,4.0,2,N,2,1,N122Q,0.6371,0.6626,0.09555,4,2,1,0.6188,0.7064,0.7139,0.5093
122,N,R,-0.2335,0.08754,3.0,2,N,2,1,N122R,1.702,1.75,0.1719,4,2,1,1.746,1.853,1.455,1.755
122,N,S,-0.08161,0.04313,7.5,2,N,2,1,N122S,-1.213,-1.156,0.1522,4,4,1,-1.167,-1.437,-1.145,-1.101
122,N,T,-0.6352,0.4822,4.5,2,N,2,1,N122T,-1.16,-1.156,0.01567,4,4,1,-1.157,-1.146,-1.154,-1.182
122,N,V,-0.3826,0.201,3.5,2,N,2,1,N122V,1.146,1.226,0.3706,4,2,1,1.124,1.328,1.493,0.6381
122,N,W,-0.9284,0.9498,4.0,2,N,2,1,N122W,-1.204,-1.143,0.154,4,3,1,-1.156,-1.433,-1.13,-1.099
122,N,Y,-0.5304,0.9752,3.5,2,N,2,1,N122Y,0.6976,0.6717,0.1281,4,3,1,0.7392,0.8604,0.6042,0.5868
123,F,-,-0.0678,0.2411,3.0,2,F,2,1,F123-,0.003792,0.005115,0.006058,4,4,1,-0.004516,0.009455,0.006773,0.003457
123,F,A,-0.4658,0.8361,5.0,2,F,2,1,F123A,1.492,1.644,0.3475,4,4,1,1.6,1.705,1.687,0.9752
123,F,C,-0.419,0.2795,5.0,2,F,2,1,F123C,0.7687,0.6729,0.4563,4,4,1,0.7515,1.401,0.5944,0.3279
123,F,D,0.08826,0.09269,4.0,2,F,2,1,F123D,0.4251,0.4538,0.2668,4,4,1,0.4539,0.7207,0.4537,0.07227
123,F,E,-0.2136,0.5337,3.5,2,F,2,1,F123E,1.495,1.587,0.3997,4,4,1,1.685,1.865,1.49,0.9417
123,F,G,0.137,0.04921,4.0,2,F,2,1,F123G,1.396,1.478,0.4486,4,6,1,1.501,1.851,1.455,0.7774
123,F,H,0.1534,0.02121,5.0,2,F,2,1,F123H,-0.3062,-0.3067,0.04352,4,3,1,-0.2983,-0.3582,-0.253,-0.3151
123,F,I,0.1001,0.1024,5.5,2,F,2,1,F123I,1.756,1.761,0.3002,4,4,1,1.693,1.829,2.112,1.389
123,F,K,-1.012,1.525,3.5,2,F,2,1,F123K,0.6546,0.6317,0.136,4,5,1,0.643,0.8405,0.6204,0.5144
123,F,L,0.1412,0.006081,8.5,2,F,2,1,F123L,0.8873,0.8915,0.06616,4,9,1,0.9199,0.9588,0.8631,0.8075
123,F,M,-1.057,0.2118,4.5,2,F,2,1,F123M,2.286,2.294,0.3538,4,4,1,2.259,2.71,2.328,1.846
123,F,N,0.08954,0.06713,4.0,2,F,2,1,F123N,1.087,1.128,0.2611,4,2,1,1.092,1.164,1.358,0.7331
123,F,P,-0.3829,0.2744,4.5,2,F,2,1,F123P,1.416,1.414,0.3251,4,5,1,1.443,1.816,1.384,1.022
123,F,Q,-0.3157,0.62,5.5,2,F,2,1,F123Q,1.28,1.313,0.1301,4,8,1,1.263,1.391,1.362,1.103
123,F,R,0.08285,0.01414,6.0,2,F,2,1,F123R,1.378,1.454,0.4979,4,5,1,1.534,1.897,1.374,0.7071
123,F,S,0.1448,0.03168,7.5,2,F,2,1,F123S,0.6834,0.7222,0.1743,4,12,1,0.6632,0.7813,0.8423,0.4469
123,F,T,-0.2502,0.5908,4.5,2,F,2,1,F123T,0.4993,0.5011,0.05316,4,4,1,0.5152,0.4871,0.4339,0.561
123,F,V,-0.3889,0.4754,5.0,2,F,2,1,F123V,1.099,1.155,0.4957,4,4,1,1.049,1.261,1.636,0.4511
123,F,W,-0.8619,1.042,4.5,2,F,2,1,F123W,1.062,1.222,0.5703,4,2,1,1.428,1.531,1.017,0.2743
123,F,Y,-0.0175,,1.5,1,F,2,1,F123Y,1.454,1.548,0.2376,4,3,1,1.487,1.612,1.608,1.108
124,E,*,-4.989,0.03041,11.0,2,E,2,1,E124*,-0.008998,0.03689,0.2117,4,11,1,0.0175,0.1954,0.05628,-0.3052
124,E,-,0.08212,,2.0,1,E,2,1,E124-,0.09939,0.05304,0.1121,4,3,1,0.02564,0.06428,0.2658,0.0418
124,E,A,-0.5416,0.3306,3.0,2,E,2,1,E124A,-0.3678,-0.3111,0.1807,4,3,1,-0.3215,-0.6306,-0.3006,-0.2185
124,E,C,0.135,0.03642,5.5,2,E,2,1,E124C,1.226,1.284,0.3403,4,7,1,1.204,1.364,1.568,0.7665
124,E,D,-0.356,0.3264,9.5,2,E,2,1,E124D,0.5037,0.5106,0.0993,4,6,1,0.4407,0.5959,0.5805,0.3978
124,E,F,-2.442,0.6364,3.5,2,E,2,1,E124F,-0.8085,-0.7953,0.06906,4,5,1,-0.9031,-0.7405,-0.8093,-0.7813
124,E,G,-0.1684,0.3934,3.0,2,E,2,1,E124G,-0.2735,-0.2775,0.03029,4,5,1,-0.2611,-0.3024,-0.2939,-0.2368
124,E,H,-0.5888,0.1151,4.0,2,E,2,1,E124H,0.9962,1.031,0.2508,4,4,1,0.9973,1.064,1.263,0.6603
124,E,I,-0.5767,0.5831,4.5,2,E,2,1,E124I,-0.331,-0.3308,0.01118,4,2,1,-0.3449,-0.3306,-0.331,-0.3175
124,E,K,-0.7245,1.217,6.5,2,E,2,1,E124K,-0.02941,-0.02512,0.03225,4,4,1,-0.02278,0.005275,-0.02747,-0.07265
124,E,L,-1.335,0.04667,4.0,2,E,2,1,E124L,-0.2937,-0.278,0.04893,4,4,1,-0.2815,-0.365,-0.2539,-0.2744
124,E,M,-0.2236,0.5018,7.0,2,E,2,1,E124M,0.3945,0.3987,0.03996,4,8,1,0.3994,0.4388,0.398,0.3417
124,E,N,-1.118,0.5942,3.5,2,E,2,1,E124N,-0.5215,-0.5847,0.1559,4,5,1,-0.5556,-0.292,-0.6137,-0.6245
124,E,P,-0.4487,0.8759,2.5,2,E,2,1,E124P,0.1224,0.1119,0.03572,4,2,1,0.1254,0.094,0.09838,0.1718
124,E,Q,-0.04845,0.2716,5.0,2,E,2,1,E124Q,0.3959,0.3944,0.03349,4,7,1,0.4122,0.3765,0.4342,0.3605
124,E,R,-0.09215,0.2982,5.5,2,E,2,1,E124R,0.08909,0.07161,0.06632,4,7,1,0.08063,0.1834,0.06258,0.02972
124,E,S,-1.417,2.115,2.0,2,E,2,1,E124S,-0.4246,-0.481,0.2495,4,1,1,-0.5289,-0.07715,-0.4331,-0.6592
124,E,T,-3.47,1.13,3.0,2,E,2,1,E124T,-0.01425,0.0116,0.1123,4,3,1,0.005048,0.0923,-0.1725,0.01816
124,E,V,0.1014,0.02207,4.0,2,E,2,1,E124V,0.2671,0.2391,0.1005,4,4,1,0.2504,0.4111,0.2278,0.1791
124,E,W,-4.197,0.1386,4.0,2,E,2,1,E124W,-0.1971,-0.198,0.07146,4,3,1,-0.2442,-0.1218,-0.1519,-0.2705
124,E,Y,-1.051,0.03394,2.5,2,E,2,1,E124Y,-0.07468,-0.06943,0.03638,4,2,1,-0.0792,-0.03708,-0.05967,-0.1228
125,R,-,-3.532,,2.0,1,E,2,1,R125-,-2.507,-2.589,0.311,4,3,1,-2.76,-2.09,-2.728,-2.449
125,R,A,0.0635,0.08995,4.5,2,E,2,1,R125A,0.8376,0.8918,0.2161,4,5,1,0.8434,1.032,0.9401,0.5348
125,R,C,-0.03635,0.2474,4.0,2,E,2,1,R125C,1.531,1.621,0.3199,4,5,1,1.681,1.808,1.56,1.076
125,R,D,-0.0805,0.3,3.5,2,E,2,1,R125D,1.09,1.125,0.1398,4,5,1,1.113,1.219,1.137,0.892
125,R,F,0.1456,0.03444,5.5,2,E,2,1,R125F,0.6071,0.6102,0.1508,4,6,1,0.6038,0.7885,0.6166,0.4196
125,R,G,0.04,0.04354,2.0,2,E,2,1,R125G,1.111,1.237,0.3845,4,3,1,1.156,1.412,1.318,0.5562
125,R,H,0.1126,0.0329,4.0,2,E,2,1,R125H,0.5009,0.5149,0.2415,4,5,1,0.5436,0.7808,0.4861,0.1933
125,R,I,-0.3721,0.7608,6.0,2,E,2,1,R125I,0.7434,0.7542,0.1497,4,7,1,0.7547,0.9152,0.7536,0.5499
125,R,K,-0.03237,0.1385,5.5,2,E,2,1,R125K,-0.2517,-0.2534,0.04363,4,5,1,-0.2575,-0.1969,-0.2493,-0.3033
125,R,L,0.1497,0.03062,10.0,2,E,2,1,R125L,-0.4753,-0.4608,0.06307,4,13,1,-0.4676,-0.564,-0.4157,-0.4539
125,R,M,-0.4186,0.6374,4.5,2,E,2,1,R125M,-0.8182,-0.8178,0.02612,4,5,1,-0.8192,-0.8505,-0.8164,-0.7866
125,R,N,0.1437,0.006505,3.0,2,E,2,1,R125N,0.9821,1.067,0.2262,4,4,1,1.012,1.122,1.14,0.6536
125,R,P,-0.4928,0.1331,7.0,2,E,2,1,R125P,1.854,1.954,0.2582,4,7,1,1.889,2.02,2.028,1.478
125,R,Q,-0.1395,0.2021,11.0,2,E,2,1,R125Q,0.2436,0.2223,0.1069,4,10,1,0.2186,0.3923,0.226,0.1375
125,R,S,0.1258,0.008415,3.5,2,E,2,1,R125S,1.16,1.299,0.3113,4,4,1,1.271,1.328,1.347,0.6961
125,R,T,0.1458,0.01923,6.5,2,E,2,1,R125T,0.7244,0.7634,0.2647,4,6,1,0.7822,1.004,0.7446,0.3666
125,R,V,0.0363,0.06791,7.5,2,E,2,1,R125V,0.6374,0.6218,0.1384,4,7,1,0.6342,0.8206,0.6093,0.4854
125,R,W,0.1154,0.02483,11.5,2,E,2,1,R125W,0.675,0.6778,0.1556,4,22,1,0.6846,0.8626,0.6711,0.4819
125,R,Y,0.08654,0.05269,5.5,2,E,2,1,R125Y,0.624,0.6832,0.2539,4,3,1,0.6258,0.7405,0.8587,0.2709
126,N,-,0.08899,,1.5,1,N,2,1,N126-,0.1873,0.1953,0.02592,4,2,1,0.2088,0.1498,0.1923,0.1984
126,N,A,-0.4666,0.8562,5.5,2,N,2,1,N126A,1.282,1.334,0.1293,4,4,1,1.31,1.359,1.367,1.092
126,N,C,-0.2998,0.6059,3.5,2,N,2,1,N126C,-0.0557,-0.04453,0.05626,4,1,1,-0.05669,-0.1328,-0.0009089,-0.03236
126,N,D,0.1488,0.02821,2.5,2,N,2,1,N126D,1.45,1.521,0.3266,4,2,1,1.443,1.758,1.599,0.9998
126,N,E,-0.1524,0.4546,5.0,2,N,2,1,N126E,2.016,2.011,0.271,4,4,1,2.087,2.345,1.935,1.698
126,N,F,0.134,0.008132,5.0,2,N,2,1,N126F,-0.9577,-0.959,0.03169,4,8,1,-0.9759,-0.9913,-0.9422,-0.9216
126,N,G,-0.7382,0.8709,6.5,2,N,2,1,N126G,-0.3953,-0.4109,0.09476,4,6,1,-0.4296,-0.2674,-0.3922,-0.4922
126,N,H,-0.7251,1.041,4.0,2,N,2,1,N126H,0.1353,0.1136,0.07027,4,1,1,0.1324,0.07877,0.2352,0.0949
126,N,I,-0.3247,0.5972,3.5,2,N,2,1,N126I,-0.6603,-0.652,0.05956,4,2,1,-0.6914,-0.6082,-0.6127,-0.7288
126,N,K,-0.1892,0.12,4.0,2,N,2,1,N126K,0.2442,0.2285,0.03988,4,8,1,0.2235,0.3031,0.2334,0.2168
126,N,L,0.09958,0.09661,7.5,2,N,2,1,N126L,0.4488,0.4525,0.1066,4,8,1,0.4387,0.4663,0.5747,0.3154
126,N,M,-0.2809,0.6407,5.0,2,N,2,1,N126M,1.755,1.758,0.2084,4,5,1,1.791,2.006,1.725,1.499
126,N,P,0.06881,0.04722,9.0,2,N,2,1,N126P,1.087,1.119,0.177,4,8,1,1.117,1.267,1.12,0.8429
126,N,Q,0.1022,0.03849,4.5,2,N,2,1,N126Q,1.398,1.477,0.2043,4,2,1,1.44,1.539,1.514,1.098
126,N,R,-0.8782,0.3334,4.0,2,N,2,1,N126R,1.141,1.194,0.2284,4,3,1,1.144,1.353,1.245,0.8239
126,N,S,-0.2187,0.51,5.5,2,N,2,1,N126S,0.9065,0.9923,0.2517,4,6,1,1.024,0.9607,1.102,0.5391
126,N,T,-0.02101,0.06865,4.0,2,N,2,1,N126T,1.137,1.053,0.2913,4,5,1,1.155,1.542,0.9505,0.9017
126,N,V,0.04721,0.1712,2.0,2,N,2,1,N126V,0.02872,-0.01346,0.1393,4,3,1,-0.01581,0.2307,-0.0111,-0.08894
126,N,W,0.09879,0.07724,7.0,2,N,2,1,N126W,0.3343,0.3886,0.2279,4,8,1,0.3175,0.4597,0.5387,0.02121
126,N,Y,-0.1361,0.4057,6.0,2,N,2,1,N126Y,0.02149,0.02334,0.02599,4,7,1,0.02716,0.05114,0.01953,-0.01185
127,L,-,-0.2504,,1.5,1,L,2,1,L127-,0.1767,0.183,0.01857,4,2,1,0.1824,0.1495,0.1837,0.1913
127,L,A,0.1231,0.01372,3.5,2,L,2,1,L127A,0.5617,0.5231,0.2452,4,5,1,0.6028,0.8847,0.4434,0.316
127,L,C,-0.2059,0.2883,6.0,2,L,2,1,L127C,1.448,1.523,0.2193,4,8,1,1.499,1.619,1.548,1.128
127,L,D,-0.8243,0.3928,1.0,2,L,2,1,L127D,1.393,1.483,0.3229,4,1,1,1.479,1.487,1.676,0.9278
127,L,E,-0.4179,0.6856,5.5,2,L,2,1,L127E,1.179,1.281,0.3525,4,4,1,1.26,1.484,1.301,0.6706
127,L,F,-0.2218,0.1723,5.5,2,L,2,1,L127F,0.2062,0.1925,0.06154,4,3,1,0.1728,0.2123,0.29,0.1498
127,L,G,-1.284,2.061,3.5,2,L,2,1,L127G,0.7456,0.8296,0.4857,4,1,1,1.241,0.8922,0.767,0.08207
127,L,H,0.1026,0.06155,5.0,2,L,2,1,L127H,0.2545,0.2702,0.08689,4,5,1,0.2693,0.343,0.2711,0.1348
127,L,I,0.1478,0.01308,10.5,2,L,2,1,L127I,0.8262,0.8727,0.1325,4,14,1,0.8277,0.9211,0.9177,0.6384
127,L,K,-0.7738,0.1859,5.0,2,L,2,1,L127K,1.845,1.798,0.249,4,5,1,1.871,2.18,1.725,1.603
127,L,M,-1.861,1.199,2.0,2,L,2,1,L127M,0.4231,0.4256,0.1115,4,2,1,0.4476,0.5552,0.4036,0.2858
127,L,N,-0.5534,0.2305,7.5,2,L,2,1,L127N,1.931,1.899,0.1039,4,8,1,1.903,2.081,1.896,1.842
127,L,P,0.1537,0.02659,5.5,2,L,2,1,L127P,0.8716,0.8737,0.2419,4,4,1,0.8986,1.165,0.8487,0.5745
127,L,Q,-1.718,1.286,5.5,2,L,2,1,L127Q,2.758,2.649,0.542,4,3,1,2.721,2.578,3.509,2.226
127,L,R,-0.7717,0.2189,4.5,2,L,2,1,L127R,1.56,1.742,0.7441,4,5,1,1.803,2.249,1.681,0.5055
127,L,S,0.07014,0.0964,4.0,2,L,2,1,L127S,2.16,2.122,0.3469,4,5,1,2.118,2.619,2.126,1.776
127,L,T,0.127,0.03019,3.5,2,L,2,1,L127T,1.478,1.57,0.3321,4,2,1,1.536,1.604,1.769,1.002
127,L,V,-1.049,0.6594,5.5,2,L,2,1,L127V,-0.4332,-0.4343,0.04418,4,6,1,-0.4225,-0.3794,-0.4461,-0.485
127,L,W,0.121,0.02206,5.0,2,L,2,1,L127W,0.7991,0.7359,0.2564,4,4,1,0.7051,1.162,0.7667,0.563
127,L,Y,-0.0523,0.2263,4.5,2,L,2,1,L127Y,1.694,1.716,0.3563,4,4,1,1.854,2.085,1.577,1.26
128,R,-,-0.004704,,1.5,1,R,2,1,R128-,0.1786,0.1858,0.01978,4,2,1,0.1841,0.1494,0.1876,0.1932
128,R,A,0.004,0.2404,6.0,2,R,2,1,R128A,1.653,1.607,0.111,4,9,1,1.631,1.816,1.583,1.582
128,R,C,-0.1102,0.3229,4.5,2,R,2,1,R128C,0.515,0.4948,0.2068,4,6,1,0.5164,0.7859,0.4733,0.2844
128,R,D,-0.09885,0.3318,7.0,2,R,2,1,R128D,1.193,1.277,0.2676,4,10,1,1.2,1.404,1.354,0.8132
128,R,E,0.1397,0.02793,4.0,2,R,2,1,R128E,-0.2918,-0.2898,0.01824,4,3,1,-0.2883,-0.3158,-0.2716,-0.2914
128,R,F,-0.2181,0.4504,10.0,2,R,2,1,R128F,1.479,1.637,0.4152,4,12,1,1.604,1.775,1.671,0.8648
128,R,G,-0.2797,0.6397,3.0,2,R,2,1,R128G,1.117,1.197,0.4458,4,3,1,1.082,1.313,1.559,0.5161
128,R,H,0.1296,0.02772,11.0,2,R,2,1,R128H,0.9285,0.9761,0.16,4,13,1,0.9657,0.9866,1.065,0.6972
128,R,I,-0.8756,0.9552,2.5,2,R,2,1,R128I,-1.968,-1.926,0.1544,4,3,1,-1.987,-2.179,-1.841,-1.866
128,R,K,0.0055,0.1973,4.0,2,R,2,1,R128K,-0.7701,-0.7467,0.2054,4,4,1,-0.8087,-1.035,-0.6847,-0.5519
128,R,L,0.06839,0.07864,11.0,2,R,2,1,R128L,0.1246,0.09465,0.1008,4,11,1,0.09583,0.2704,0.09348,0.03858
128,R,M,0.1185,0.02192,4.0,2,R,2,1,R128M,1.997,2.004,0.158,4,4,1,2.026,2.182,1.798,1.981
128,R,N,-0.1913,0.3301,6.5,2,R,2,1,R128N,1.625,1.71,0.2539,4,7,1,1.684,1.827,1.735,1.255
128,R,P,-0.6027,0.873,5.0,2,R,2,1,R128P,0.9105,1.02,0.389,4,8,1,0.9729,1.25,1.067,0.3531
128,R,Q,0.1501,0.01372,3.0,2,R,2,1,R128Q,0.06844,0.06597,0.02906,4,1,1,0.0435,0.08841,0.04352,0.09831
128,R,S,-0.0955,0.3711,11.5,2,R,2,1,R128S,1.291,1.4,0.2561,4,10,1,1.358,1.442,1.453,0.9127
128,R,T,0.1047,0.04283,5.0,2,R,2,1,R128T,1.145,1.132,0.08169,4,4,1,1.18,1.244,1.072,1.084
128,R,V,-0.6799,,1.5,1,R,2,1,R128V,-1.081,-1.041,0.1262,4,3,1,-1.058,-1.263,-1.023,-0.9777
128,R,W,-0.6389,0.09447,5.0,2,R,2,1,R128W,2.128,2.213,0.3942,4,4,1,2.253,2.509,2.172,1.577
128,R,Y,-1.114,0.7267,9.0,2,R,2,1,R128Y,0.8677,0.9562,0.3124,4,9,1,0.8814,1.133,1.031,0.4256
129,R,-,0.1511,,1.0,1,R,2,1,R129-,0.1876,0.1943,0.02648,4,2,1,0.2117,0.1503,0.1988,0.1898
129,R,A,-0.4639,0.8897,4.5,2,R,2,1,R129A,1.371,1.37,0.1969,4,4,1,1.345,1.611,1.131,1.396
129,R,C,-0.4892,0.8538,5.0,2,R,2,1,R129C,-1.588,-1.552,0.2645,4,7,1,-1.647,-1.319,-1.93,-1.457
129,R,D,-0.1946,0.4644,7.0,2,R,2,1,R129D,1.066,1.265,0.6527,4,4,1,1.382,1.606,1.147,0.1278
129,R,E,-0.4417,0.8391,2.5,2,R,2,1,R129E,-0.8082,-0.8074,0.02021,4,3,1,-0.8035,-0.8112,-0.7847,-0.8335
129,R,F,-0.5065,0.903,4.5,2,R,2,1,R129F,0.9274,0.8671,0.2853,4,7,1,0.8429,0.8913,1.326,0.6496
129,R,G,-0.3651,0.7137,4.0,2,R,2,1,R129G,0.6696,0.4735,0.6991,4,4,1,0.3325,0.6144,1.663,0.06789
129,R,H,-0.0208,0.2606,5.5,2,R,2,1,R129H,-0.5056,-0.5057,0.104,4,4,1,-0.5584,-0.453,-0.6215,-0.3896
129,R,I,-1.586,0.6194,15.0,2,R,2,1,R129I,1.559,1.694,0.3416,4,15,1,1.61,1.778,1.786,1.061
129,R,K,0.1509,0.01541,6.0,2,R,2,1,R129K,0.3372,0.3113,0.07419,4,11,1,0.3204,0.4457,0.2804,0.3023
129,R,L,0.03125,0.1965,4.5,2,R,2,1,R129L,1.014,1.085,0.3344,4,3,1,1.122,1.337,1.049,0.5471
129,R,M,-0.1426,0.3992,4.0,2,R,2,1,R129M,1.735,1.636,0.7131,4,3,1,1.516,1.757,2.688,0.9803
129,R,N,-2.428,3.487,3.5,2,R,2,1,R129N,-0.09771,-0.06218,0.09643,4,4,1,-0.08697,-0.2372,-0.03739,-0.02928
129,R,P,-0.3337,0.186,7.5,2,R,2,1,R129P,1.309,1.416,0.3906,4,9,1,1.398,1.654,1.435,0.7478
129,R,Q,-0.551,0.7764,2.5,2,R,2,1,R129Q,-0.8187,-0.7899,0.07026,4,4,1,-0.8058,-0.9217,-0.7736,-0.7739
129,R,S,-0.3671,0.7225,8.0,2,R,2,1,R129S,-0.00212,-0.001773,0.01397,4,5,1,-0.0177,-0.009549,0.006002,0.01276
129,R,T,-0.2111,0.3642,5.0,2,R,2,1,R129T,0.06797,0.07804,0.07898,4,7,1,0.0547,0.1507,0.1014,-0.03488
129,R,V,-2.436,0.5996,4.5,2,R,2,1,R129V,1.233,1.329,0.5934,4,3,1,1.282,1.376,1.849,0.4241
129,R,W,-0.2358,0.4937,3.5,2,R,2,1,R129W,0.733,0.8416,0.2929,4,5,1,0.7516,0.9359,0.9315,0.313
129,R,Y,-0.1182,0.2946,6.0,2,R,2,1,R129Y,-0.8667,-0.7859,0.173,4,7,1,-0.791,-1.126,-0.7809,-0.7693
130,G,-,0.1341,,1.0,1,G,2,1,G130-,0.2817,0.2906,0.1084,4,2,1,0.3411,0.1507,0.24,0.3951
130,G,A,-1.933,0.5268,5.5,2,G,2,1,G130A,-1.313,-1.444,0.3073,4,4,1,-1.408,-0.8561,-1.507,-1.48
130,G,C,-2.416,0.2369,17.5,2,G,2,1,G130C,-2.164,-2.18,0.1802,4,22,1,-2.368,-1.93,-2.195,-2.165
130,G,D,-3.102,2.039,10.0,2,G,2,1,G130D,1.309,1.342,0.5225,4,8,1,1.239,1.444,1.907,0.6469
130,G,E,-0.3579,,2.5,1,G,2,1,G130E,1.256,1.427,0.5193,4,5,1,1.355,1.5,1.669,0.5014
130,G,F,-4.931,0.07142,2.5,2,G,2,1,G130F,-3.39,-3.368,0.2325,4,2,1,-3.676,-3.265,-3.471,-3.148
130,G,H,-0.7193,0.8072,9.0,2,G,2,1,G130H,-0.5733,-0.5646,0.0447,4,10,1,-0.5652,-0.6354,-0.564,-0.5287
130,G,I,-0.306,0.01895,5.5,2,G,2,1,G130I,-2.913,-2.988,0.5592,4,7,1,-2.748,-3.227,-3.471,-2.205
130,G,K,-0.9869,0.1727,3.5,2,G,2,1,G130K,-1.37,-1.368,0.06846,4,4,1,-1.45,-1.293,-1.398,-1.338
130,G,L,-1.406,1.983,5.5,2,G,2,1,G130L,-0.8154,-0.8163,0.3216,4,7,1,-0.9083,-0.4314,-1.197,-0.7243
130,G,M,-2.972,,2.5,1,G,2,1,G130M,-1.308,-1.45,0.3782,4,4,1,-1.422,-0.7501,-1.583,-1.478
130,G,N,-0.1145,0.3396,2.5,2,G,2,1,G130N,0.4212,0.4152,0.1949,4,2,1,0.4459,0.3844,0.6637,0.1907
130,G,P,0.08654,0.1238,4.5,2,G,2,1,G130P,1.34,1.46,0.3381,4,5,1,1.475,1.599,1.445,0.8432
130,G,Q,-0.4145,0.5425,9.0,2,G,2,1,G130Q,-0.05907,-0.05349,0.05842,4,7,1,-0.06644,0.005276,-0.04054,-0.1346
130,G,R,0.1314,0.06013,5.0,2,G,2,1,G130R,0.6545,0.6562,0.04811,4,9,1,0.654,0.7116,0.6585,0.594
130,G,S,-1.914,2.691,5.5,2,G,2,1,G130S,0.7445,0.7328,0.1841,4,10,1,0.7077,0.9797,0.7578,0.5329
130,G,T,-0.2925,0.2642,7.0,2,G,2,1,G130T,-1.097,-1.065,0.08962,4,5,1,-1.093,-1.225,-1.032,-1.038
130,G,V,-2.264,0.7439,14.0,2,G,2,1,G130V,-2.738,-2.831,0.3769,4,19,1,-2.961,-2.223,-2.7,-3.069
130,G,W,0.02737,0.1594,2.0,2,G,2,1,G130W,0.5183,0.5208,0.1669,4,1,1,0.4929,0.5488,0.3133,0.7182
130,G,Y,-3.051,1.568,3.0,2,G,2,1,G130Y,-0.5716,-0.6665,0.453,4,4,1,-0.9464,-0.007022,-0.9296,-0.4034
131,T,-,-0.1593,0.1497,2.5,2,T,2,1,T131-,0.08366,0.09462,0.04997,4,4,1,0.1319,0.09396,0.09528,0.0135
131,T,A,-2.318,3.298,6.0,2,T,2,1,T131A,-0.7055,-0.701,0.08721,4,6,1,-0.757,-0.6451,-0.8007,-0.6192
131,T,C,-0.3121,0.04313,4.5,2,T,2,1,T131C,-1.868,-1.862,0.0664,4,3,1,-1.942,-1.807,-1.817,-1.906
131,T,D,-1.308,0.5235,6.5,2,T,2,1,T131D,-3.009,-3.09,0.3487,4,6,1,-3.226,-2.54,-2.954,-3.316
131,T,E,-0.7364,0.5933,5.0,2,T,2,1,T131E,-0.632,-0.5612,0.2218,4,3,1,-0.6299,-0.4598,-0.9459,-0.4925
131,T,F,-0.26,0.1984,7.0,2,T,2,1,T131F,-1.385,-1.313,0.1953,4,7,1,-1.333,-1.672,-1.241,-1.294
131,T,G,-0.6548,0.3493,5.0,2,T,2,1,T131G,-1.698,-1.713,0.2762,4,3,1,-1.862,-1.38,-1.986,-1.563
131,T,H,0.1498,0.02906,3.0,2,T,2,1,T131H,-0.387,-0.4083,0.04596,4,3,1,-0.4087,-0.3181,-0.4131,-0.4079
131,T,I,-0.4522,0.05643,10.5,2,T,2,1,T131I,-1.477,-1.431,0.2171,4,6,1,-1.441,-1.78,-1.42,-1.265
131,T,K,-0.8335,1.299,4.0,2,T,2,1,T131K,0.9433,1.006,0.1445,4,6,1,0.9893,1.034,1.022,0.7285
131,T,L,-0.04029,0.1164,3.5,2,T,2,1,T131L,-1.62,-1.472,0.3828,4,4,1,-1.515,-2.185,-1.428,-1.35
131,T,M,-0.4111,0.1734,4.0,2,T,2,1,T131M,-1.55,-1.476,0.2247,4,7,1,-1.531,-1.872,-1.374,-1.421
131,T,N,-0.1326,0.2727,7.0,2,T,2,1,T131N,-0.2116,-0.2527,0.1118,4,7,1,-0.2637,-0.04701,-0.2417,-0.2941
131,T,P,-0.0748,0.2827,4.0,2,T,2,1,T131P,1.868,1.917,0.161,4,3,1,1.871,1.999,1.962,1.641
131,T,Q,0.1392,0.02454,7.5,2,T,2,1,T131Q,0.1583,0.156,0.0295,4,4,1,0.1786,0.1334,0.1327,0.1886
131,T,R,-0.2697,0.009546,6.5,2,T,2,1,T131R,0.9948,1.039,0.1435,4,9,1,0.9856,1.106,1.092,0.7953
131,T,S,-0.4087,0.7901,5.0,2,T,2,1,T131S,-1.177,-1.195,0.1606,4,4,1,-1.275,-1.116,-1.336,-0.98
131,T,V,-0.6107,0.265,7.0,2,T,2,1,T131V,-1.653,-1.623,0.06414,4,6,1,-1.749,-1.622,-1.616,-1.624
131,T,W,-1.626,1.405,6.0,2,T,2,1,T131W,-1.132,-1.325,0.5381,4,8,1,-1.179,-0.3573,-1.471,-1.521
131,T,Y,-0.4481,0.1684,5.5,2,T,2,1,T131Y,-0.9053,-0.9172,0.0276,4,6,1,-0.9186,-0.9228,-0.8641,-0.9157
132,I,-,-0.1552,0.1986,2.5,2,I,2,1,I132-,0.303,0.3232,0.2579,4,3,1,0.4965,0.15,0.5453,0.02009
132,I,A,-0.4297,0.6881,3.5,2,I,2,1,I132A,-1.672,-1.545,0.3178,4,5,1,-1.582,-2.143,-1.456,-1.509
132,I,C,-2.024,0.04596,5.0,2,I,2,1,I132C,0.1108,0.1098,0.2097,4,4,1,0.1041,-0.145,0.1155,0.3685
132,I,D,-2.558,3.324,3.5,2,I,2,1,I132D,-0.2847,-0.2655,0.09182,4,2,1,-0.285,-0.1966,-0.246,-0.4113
132,I,E,-4.974,0.05233,4.5,2,I,2,1,I132E,-0.1179,-0.1374,0.1677,4,5,1,-0.1576,0.1041,-0.1171,-0.301
132,I,F,-1.958,0.6109,6.0,2,I,2,1,I132F,-1.983,-2.161,0.4173,4,9,1,-2.25,-1.361,-2.183,-2.139
132,I,G,-2.756,1.422,5.0,2,I,2,1,I132G,-1.273,-1.276,0.02749,4,6,1,-1.284,-1.236,-1.269,-1.301
132,I,H,-2.111,0.5247,5.0,2,I,2,1,I132H,-1.762,-1.637,0.3347,4,6,1,-1.7,-2.251,-1.521,-1.574
132,I,K,-4.946,0.02758,4.0,2,I,2,1,I132K,-0.3774,-0.3877,0.1995,4,5,1,-0.4382,-0.1284,-0.3371,-0.6057
132,I,L,-1.181,0.5163,3.5,2,I,2,1,I132L,-1.374,-1.41,0.16,4,4,1,-1.516,-1.161,-1.476,-1.344
132,I,M,-1.331,0.6668,4.5,2,I,2,1,I132M,-2.209,-2.224,0.1248,4,6,1,-2.319,-2.07,-2.137,-2.31
132,I,N,-4.809,0.1096,6.0,2,I,2,1,I132N,0.8578,0.7588,0.3561,4,2,1,0.8609,0.6567,1.357,0.5565
132,I,P,-4.893,0.05445,3.0,2,I,2,1,I132P,-0.4412,-0.4665,0.08561,4,2,1,-0.456,-0.3179,-0.477,-0.5139
132,I,Q,-4.22,0.2737,6.0,2,I,2,1,I132Q,0.09312,0.139,0.2756,4,3,1,0.04764,0.3656,0.2304,-0.2712
132,I,R,-4.923,0.02828,5.5,2,I,2,1,I132R,0.2674,0.2668,0.1201,4,6,1,0.2425,0.4132,0.291,0.123
132,I,S,-4.099,1.118,2.5,2,I,2,1,I132S,-0.5406,-0.5298,0.03066,4,3,1,-0.5845,-0.5388,-0.5208,-0.5183
132,I,T,-1.158,1.264,7.0,2,I,2,1,I132T,0.9316,0.9276,0.07146,4,6,1,0.9378,1.022,0.9175,0.8487
132,I,V,-0.6381,0.7028,5.0,2,I,2,1,I132V,1.362,1.442,0.2886,4,8,1,1.302,1.585,1.583,0.9776
132,I,W,-3.479,,6.5,1,I,2,1,I132W,-1.11,-1.265,0.3248,4,7,1,-1.286,-0.6233,-1.254,-1.277
132,I,Y,-1.99,0.1167,6.5,2,I,2,1,I132Y,-2.915,-2.949,0.1566,4,8,1,-3.048,-2.713,-2.869,-3.029
133,L,-,-0.6693,1.156,3.0,2,L,2,1,L133-,0.2142,0.193,0.06061,4,4,1,0.1742,0.2119,0.17,0.3006
133,L,A,-0.03965,0.2647,9.0,2,L,2,1,L133A,-1.811,-1.866,0.2383,4,10,1,-1.932,-1.799,-2.029,-1.482
133,L,C,-0.7151,0.434,5.0,2,L,2,1,L133C,-1.714,-1.78,0.1834,4,5,1,-1.846,-1.451,-1.729,-1.832
133,L,D,-0.07095,0.2839,3.5,2,L,2,1,L133D,-0.4145,-0.4,0.04495,4,4,1,-0.4153,-0.4777,-0.3848,-0.3802
133,L,E,-0.3946,0.6744,3.0,2,L,2,1,L133E,-2.156,-2.277,0.3145,4,1,1,-2.368,-1.702,-2.187,-2.367
133,L,F,-0.8122,0.1575,7.5,2,L,2,1,L133F,-2.134,-2.137,0.07543,4,8,1,-2.189,-2.055,-2.207,-2.085
133,L,G,-0.8033,1.025,3.0,2,L,2,1,L133G,-1.072,-1.059,0.08189,4,2,1,-1.088,-1.179,-0.9906,-1.03
133,L,H,-0.2007,0.5245,3.0,2,L,2,1,L133H,0.2945,0.2804,0.0818,4,3,1,0.2738,0.4065,0.287,0.2106
133,L,I,-0.6396,1.046,4.0,2,L,2,1,L133I,-1.93,-1.939,0.1845,4,3,1,-1.95,-2.146,-1.696,-1.928
133,L,K,-0.305,0.5798,2.5,2,L,2,1,L133K,-1.102,-1.059,0.2337,4,4,1,-1.113,-1.42,-1.004,-0.8722
133,L,M,-0.7133,1.05,9.5,2,L,2,1,L133M,-2.177,-2.114,0.2864,4,14,1,-2.154,-1.902,-2.576,-2.073
133,L,N,0.06789,0.07312,3.5,2,L,2,1,L133N,1.593,1.642,0.267,4,2,1,1.755,1.843,1.245,1.529
133,L,P,-3.718,1.106,4.5,2,L,2,1,L133P,-0.3084,-0.3447,0.08672,4,4,1,-0.3307,-0.1801,-0.3588,-0.3639
133,L,Q,-0.5557,0.9833,2.0,2,L,2,1,L133Q,-1.777,-1.806,0.1352,4,2,1,-1.877,-1.605,-1.734,-1.892
133,L,R,-0.4938,0.4079,6.0,2,L,2,1,L133R,1.109,1.121,0.1597,4,6,1,1.144,1.292,1.098,0.9046
133,L,S,-1.092,0.07495,6.5,2,L,2,1,L133S,-2.701,-2.78,0.2984,4,5,1,-2.865,-2.694,-2.96,-2.285
133,L,T,-2.368,1.601,2.5,2,L,2,1,L133T,-2.415,-2.423,0.08762,4,2,1,-2.482,-2.495,-2.318,-2.363
133,L,V,-0.318,0.1554,5.0,2,L,2,1,L133V,-2.175,-2.117,0.2058,4,7,1,-2.154,-2.469,-2.08,-1.998
133,L,W,-0.2103,0.09037,4.5,2,L,2,1,L133W,-1.269,-1.14,0.2812,4,6,1,-1.17,-1.689,-1.108,-1.11
133,L,Y,-0.2809,0.08471,5.0,2,L,2,1,L133Y,-2.86,-2.894,0.2022,4,5,1,-3.017,-2.616,-2.771,-3.035
134,F,-,-0.1886,0.3068,3.5,2,F,2,1,F134-,0.2053,0.1923,0.04678,4,4,1,0.1744,0.2103,0.167,0.2695
134,F,A,-0.8659,1.322,3.0,2,F,2,1,F134A,-0.8576,-0.9545,0.2683,4,1,1,-1.059,-0.4622,-0.9644,-0.9446
134,F,C,-0.4937,0.04978,3.5,2,F,2,1,F134C,-2.253,-2.242,0.2894,4,5,1,-2.574,-1.953,-2.413,-2.071
134,F,D,-4.787,0.007071,7.5,2,F,2,1,F134D,0.02379,0.0445,0.1514,4,9,1,0.04558,0.04342,0.1861,-0.18
134,F,E,-4.67,0.4214,3.5,2,F,2,1,F134E,0.1921,0.1365,0.1275,4,2,1,0.1301,0.1428,0.3825,0.1129
134,F,G,-1.625,0.05091,2.5,2,F,2,1,F134G,-2.555,-2.655,0.3414,4,2,1,-2.776,-2.08,-2.535,-2.828
134,F,H,-1.48,0.04313,7.0,2,F,2,1,F134H,-0.4023,-0.3974,0.03252,4,5,1,-0.3941,-0.4463,-0.3682,-0.4006
134,F,I,0.06217,0.107,3.0,2,F,2,1,F134I,-2.125,-2.118,0.2072,4,5,1,-2.147,-2.383,-2.089,-1.88
134,F,K,-2.125,3.093,3.0,2,F,2,1,F134K,0.7691,0.7709,0.2306,4,4,1,0.7437,0.7981,1.048,0.4862
134,F,L,-0.1896,0.4241,3.0,2,F,2,1,F134L,-0.3321,-0.3314,0.0179,4,2,1,-0.3152,-0.3505,-0.3444,-0.3185
134,F,M,-0.9885,0.5947,4.5,2,F,2,1,F134M,-1.136,-1.106,0.08729,4,6,1,-1.128,-1.261,-1.069,-1.085
134,F,N,-4.919,0.01202,4.0,2,F,2,1,F134N,-0.156,-0.174,0.1287,4,5,1,-0.1968,0.01584,-0.1512,-0.2919
134,F,P,-4.861,0.04596,4.5,2,F,2,1,F134P,0.6332,0.664,0.3912,4,4,1,0.5757,0.7523,1.071,0.1336
134,F,Q,-4.492,0.6017,5.5,2,F,2,1,F134Q,-0.8968,-0.9081,0.09644,4,6,1,-0.9035,-1.002,-0.7686,-0.9126
134,F,S,-1.375,0.6695,5.0,2,F,2,1,F134S,-2.2,-2.206,0.1153,4,4,1,-2.222,-2.333,-2.191,-2.053
134,F,T,-0.8813,0.708,5.5,2,F,2,1,F134T,-2.122,-2.114,0.1077,4,4,1,-2.257,-2.082,-2.147,-2.003
134,F,V,-0.1572,0.2278,5.5,2,F,2,1,F134V,-1.256,-1.322,0.2123,4,5,1,-1.402,-1.417,-1.243,-0.96
134,F,W,-1.535,0.671,4.0,2,F,2,1,F134W,-1.633,-1.62,0.04834,4,3,1,-1.702,-1.591,-1.63,-1.611
134,F,Y,-1.54,0.5897,6.5,2,F,2,1,F134Y,-0.04018,-0.05186,0.1132,4,6,1,-0.089,0.104,-0.161,-0.01473
135,K,-,0.09807,0.05831,2.5,2,K,2,1,K135-,0.2336,0.1885,0.1041,4,4,1,0.1729,0.2041,0.1694,0.3881
135,K,A,0.07987,0.0262,5.0,2,K,2,1,K135A,0.5355,0.5592,0.1077,4,5,1,0.5902,0.6355,0.3881,0.5283
135,K,C,-0.2819,0.3859,6.5,2,K,2,1,K135C,-0.4279,-0.4287,0.0966,4,7,1,-0.4413,-0.3094,-0.4161,-0.5447
135,K,D,0.1026,0.07579,6.5,2,K,2,1,K135D,0.1442,0.1499,0.05626,4,8,1,0.1392,0.1606,0.2061,0.07095
135,K,E,-0.311,0.1121,9.5,2,K,2,1,K135E,0.3678,0.4258,0.1489,4,7,1,0.4727,0.4254,0.4263,0.1469
135,K,F,-0.3141,0.2942,10.0,2,K,2,1,K135F,0.4482,0.4804,0.09215,4,9,1,0.4548,0.506,0.5159,0.3159
135,K,G,0.1445,0.03953,3.0,2,K,2,1,K135G,0.9911,0.9732,0.08109,4,3,1,0.9993,1.101,0.9166,0.9471
135,K,H,-0.2935,0.3341,6.5,2,K,2,1,K135H,0.5463,0.5412,0.06567,4,6,1,0.52,0.5625,0.6286,0.4742
135,K,I,0.1074,0.04847,6.0,2,K,2,1,K135I,0.09331,0.08711,0.03848,4,7,1,0.09747,0.1446,0.07675,0.05439
135,K,L,0.1342,0.03019,7.0,2,K,2,1,K135L,0.555,0.5493,0.05112,4,9,1,0.5514,0.6226,0.5473,0.4985
135,K,M,0.08964,0.04605,6.5,2,K,2,1,K135M,0.3875,0.3799,0.1171,4,8,1,0.3869,0.5381,0.3728,0.2523
135,K,N,-0.4296,0.1394,13.5,2,K,2,1,K135N,-0.4904,-0.4762,0.05663,4,16,1,-0.4979,-0.5673,-0.4418,-0.4545
135,K,P,-2.236,0.2022,8.5,2,K,2,1,K135P,-1.401,-1.295,0.2935,4,11,1,-1.345,-1.829,-1.246,-1.182
135,K,Q,0.09627,0.04982,7.5,2,K,2,1,K135Q,-0.1342,-0.134,0.03258,4,9,1,-0.1419,-0.1262,-0.09525,-0.1735
135,K,R,0.1421,0.002899,8.0,2,K,2,1,K135R,0.2453,0.2195,0.08541,4,10,1,0.2486,0.3647,0.1904,0.1774
135,K,S,-0.5795,0.3664,6.0,2,K,2,1,K135S,0.7373,0.7537,0.1197,4,4,1,0.7563,0.7512,0.8656,0.5762
135,K,T,-0.3757,0.4418,3.5,2,K,2,1,K135T,0.4841,0.4935,0.04314,4,3,1,0.5258,0.4936,0.4935,0.4236
135,K,V,-0.4232,0.6319,5.5,2,K,2,1,K135V,-0.5699,-0.5764,0.01785,4,8,1,-0.5786,-0.5437,-0.5832,-0.5742
135,K,W,0.03863,0.1344,5.0,2,K,2,1,K135W,0.03116,0.02916,0.02868,4,4,1,0.03314,0.06794,0.02517,-0.001623
135,K,Y,-0.2962,0.06491,2.5,2,K,2,1,K135Y,0.2829,0.3192,0.08516,4,4,1,0.3251,0.337,0.3134,0.1559
136,T,-,-2.481,3.216,2.0,2,T,2,1,T136-,0.4103,0.5083,0.2926,4,2,1,0.4345,0.5822,0.6344,-0.00978
136,T,A,0.09811,0.05203,7.5,2,T,2,1,T136A,1.254,1.3,0.1243,4,6,1,1.294,1.345,1.307,1.071
136,T,C,-0.009555,0.06499,3.0,2,T,2,1,T136C,0.4812,0.4908,0.03881,4,2,1,0.4952,0.4864,0.5168,0.4262
136,T,D,0.03712,,0.5,1,T,2,1,T136D,0.02388,0.02462,0.02082,4,1,1,0.02372,0.02552,0.0486,-0.002325
136,T,E,-1.61,0.1428,4.0,2,T,2,1,T136E,-0.9611,-0.9565,0.05795,4,3,1,-0.9393,-0.897,-0.9738,-1.034
136,T,F,-0.1028,0.3286,2.0,2,T,2,1,T136F,-1.675,-1.67,0.04332,4,1,1,-1.729,-1.691,-1.648,-1.633
136,T,G,-0.4606,0.03741,2.5,2,T,2,1,T136G,-0.6402,-0.5619,0.197,4,4,1,-0.6085,-0.9277,-0.5093,-0.5154
136,T,H,0.09333,0.04465,4.5,2,T,2,1,T136H,-1.711,-1.646,0.1872,4,4,1,-1.696,-1.98,-1.573,-1.595
136,T,I,-0.6443,0.232,8.0,2,T,2,1,T136I,0.6872,0.6929,0.1609,4,6,1,0.7172,0.8769,0.6686,0.4862
136,T,K,0.08661,0.001697,3.5,2,T,2,1,T136K,-0.14,-0.1197,0.08096,4,2,1,-0.1076,-0.06607,-0.1318,-0.2544
136,T,L,-0.2876,0.4174,6.0,2,T,2,1,T136L,-1.48,-1.325,0.3617,4,5,1,-1.372,-2.016,-1.251,-1.279
136,T,M,-0.3056,0.6564,3.0,2,T,2,1,T136M,0.6548,0.6469,0.07089,4,2,1,0.7485,0.6529,0.5768,0.6408
136,T,N,-0.1012,0.2937,4.5,2,T,2,1,T136N,-1.101,-1.049,0.162,4,4,1,-1.094,-1.331,-0.9735,-1.004
136,T,P,-2.776,0.7191,2.5,2,T,2,1,T136P,0.5621,0.3013,0.6438,4,1,1,0.3717,1.516,0.2309,0.1296
136,T,Q,0.05278,0.1673,1.5,2,T,2,1,T136Q,-1.266,-1.271,0.1024,4,2,1,-1.279,-1.386,-1.263,-1.137
136,T,R,0.03604,0.08216,4.0,2,T,2,1,T136R,-0.7451,-0.6948,0.1186,4,4,1,-0.6853,-0.9216,-0.7042,-0.6692
136,T,S,-0.2003,0.1957,8.5,2,T,2,1,T136S,-0.2198,-0.2271,0.0425,4,11,1,-0.2411,-0.2617,-0.213,-0.1635
136,T,V,-0.2461,0.511,5.0,2,T,2,1,T136V,0.2015,0.2023,0.03387,4,8,1,0.1915,0.213,0.2409,0.1608
136,T,W,-1.069,1.349,3.0,2,T,2,1,T136W,-1.949,-2.016,0.1996,4,4,1,-2.098,-1.953,-2.08,-1.666
136,T,Y,-1.128,0.8197,5.5,2,T,2,1,T136Y,-0.04131,-0.0284,0.0607,4,4,1,-0.0572,0.01183,0.0004095,-0.1203
137,S,-,0.00275,0.193,2.0,2,S,2,1,S137-,0.4089,0.5056,0.2914,4,2,1,0.4344,0.5768,0.634,-0.009773
137,S,A,0.0156,0.215,3.0,2,S,2,1,S137A,-0.04838,-0.02698,0.05363,4,3,1,-0.02833,-0.01149,-0.1281,-0.02563
137,S,C,-0.2432,0.03967,3.0,2,S,2,1,S137C,-0.3421,-0.3397,0.02418,4,3,1,-0.3555,-0.3694,-0.3239,-0.3198
137,S,D,-0.08535,0.3403,6.0,2,S,2,1,S137D,-0.5397,-0.5395,0.02251,4,6,1,-0.5475,-0.5316,-0.5663,-0.5135
137,S,E,-0.2082,0.4925,5.5,2,S,2,1,S137E,-0.5581,-0.559,0.02711,4,7,1,-0.5663,-0.5247,-0.5518,-0.5895
137,S,F,0.1215,0.07042,4.5,2,S,2,1,S137F,-2.467,-2.565,0.2238,4,5,1,-2.604,-2.546,-2.585,-2.133
137,S,G,0.1429,0.01492,6.5,2,S,2,1,S137G,-0.4513,-0.4038,0.1299,4,11,1,-0.4187,-0.6422,-0.3889,-0.3555
137,S,H,-0.5455,0.8351,2.5,2,S,2,1,S137H,-0.7584,-0.7188,0.1149,4,2,1,-0.7432,-0.9248,-0.6944,-0.6714
137,S,I,0.07218,0.144,13.5,2,S,2,1,S137I,-1.304,-1.247,0.1431,4,10,1,-1.267,-1.516,-1.226,-1.208
137,S,K,0.07168,0.007121,7.0,2,S,2,1,S137K,1.442,1.383,0.1602,4,7,1,1.408,1.677,1.327,1.357
137,S,L,0.05619,0.1506,5.5,2,S,2,1,S137L,-1.152,-1.201,0.1314,4,7,1,-1.172,-1.231,-1.244,-0.9603
137,S,M,0.02029,0.1512,4.0,2,S,2,1,S137M,-1.069,-0.9608,0.2432,4,4,1,-0.965,-1.433,-0.9566,-0.9214
137,S,N,-0.1754,0.3489,10.0,2,S,2,1,S137N,0.4094,0.4006,0.07341,4,13,1,0.3986,0.4025,0.5072,0.3292
137,S,P,0.04117,0.004978,2.5,2,S,2,1,S137P,-1.059,-1.02,0.09634,4,4,1,-1.04,-1.2,-0.9945,-0.9999
137,S,Q,0.05533,,2.5,1,S,2,1,S137Q,0.4497,0.4926,0.1715,4,5,1,0.4949,0.6078,0.4903,0.2057
137,S,R,0.08024,0.03347,11.0,2,S,2,1,S137R,1.553,1.591,0.2823,4,12,1,1.608,1.856,1.573,1.173
137,S,T,-0.009027,0.009267,5.0,2,S,2,1,S137T,-0.2032,-0.1821,0.0541,4,7,1,-0.1875,-0.2831,-0.1768,-0.1652
137,S,V,0.1361,0.01754,6.0,2,S,2,1,S137V,-0.7118,-0.6658,0.1722,4,5,1,-0.5971,-0.9462,-0.7345,-0.5693
137,S,W,-1.919,1.342,5.5,2,S,2,1,S137W,-0.5468,-0.5601,0.04939,4,6,1,-0.5846,-0.4814,-0.5357,-0.5855
137,S,Y,-0.1132,0.3579,8.0,2,S,2,1,S137Y,-2.341,-2.363,0.1822,4,4,1,-2.479,-2.131,-2.246,-2.507
138,Y,*,-4.512,0.5431,3.0,2,Y,2,1,Y138*,0.3194,0.3268,0.2676,4,4,1,0.1909,0.4627,0.61,0.01395
138,Y,-,-1.694,2.586,3.5,2,Y,2,1,Y138-,0.01916,0.02422,0.03341,4,3,1,0.01526,-0.02518,0.05337,0.03318
138,Y,A,-1.771,1.457,3.5,2,Y,2,1,Y138A,1.646,1.882,0.5679,4,5,1,1.894,2.022,1.869,0.8003
138,Y,C,-0.6338,0.1233,8.5,2,Y,2,1,Y138C,-0.7014,-0.714,0.1118,4,9,1,-0.6997,-0.5537,-0.8237,-0.7283
138,Y,D,0.1432,0.02991,3.0,2,Y,2,1,Y138D,0.9987,1.047,0.1433,4,3,1,1.011,1.082,1.109,0.7928
138,Y,E,-0.0829,0.3592,5.0,2,Y,2,1,Y138E,0.7427,0.7411,0.1138,4,4,1,0.7677,0.8811,0.7145,0.6075
138,Y,F,-0.1145,0.3512,5.0,2,Y,2,1,Y138F,0.6316,0.6498,0.1361,4,5,1,0.6639,0.6357,0.7774,0.4492
138,Y,G,-0.3722,0.7353,2.0,2,Y,2,1,Y138G,1.33,1.306,0.1904,4,2,1,1.373,1.132,1.574,1.239
138,Y,H,-0.2454,0.5197,4.5,2,Y,2,1,Y138H,0.4265,0.4328,0.1285,4,5,1,0.3588,0.5068,0.5588,0.2816
138,Y,I,-0.3116,0.5434,5.5,2,Y,2,1,Y138I,1.313,1.33,0.07239,4,4,1,1.348,1.379,1.312,1.212
138,Y,K,-2.071,0.2878,5.0,2,Y,2,1,Y138K,0.8491,0.9352,0.469,4,6,1,0.7921,1.078,1.306,0.2202
138,Y,L,-0.5191,0.2745,5.0,2,Y,2,1,Y138L,2.229,2.203,0.143,4,3,1,2.273,2.411,2.098,2.133
138,Y,M,-0.00265,0.1976,5.0,2,Y,2,1,Y138M,1.525,1.529,0.3607,4,9,1,1.511,1.962,1.547,1.079
138,Y,N,-0.6177,0.8349,7.5,2,Y,2,1,Y138N,1.107,1.147,0.373,4,8,1,1.061,1.234,1.511,0.621
138,Y,P,-0.1629,0.4731,3.0,2,Y,2,1,Y138P,2.02,2.007,0.3263,4,3,1,2.174,2.395,1.84,1.67
138,Y,Q,-0.912,1.416,5.5,2,Y,2,1,Y138Q,1.361,1.381,0.1719,4,4,1,1.31,1.452,1.536,1.144
138,Y,R,-0.945,0.06619,3.5,2,Y,2,1,Y138R,2.638,2.538,0.3494,4,3,1,2.688,3.113,2.362,2.389
138,Y,S,-0.8438,0.959,7.5,2,Y,2,1,Y138S,1.837,1.906,0.4775,4,4,1,1.949,2.343,1.862,1.193
138,Y,T,-0.1166,0.2452,5.5,2,Y,2,1,Y138T,2.157,2.269,0.3526,4,3,1,2.147,2.427,1.662,2.391
138,Y,V,-0.3115,0.5633,3.5,2,Y,2,1,Y138V,1.356,1.379,0.5079,4,5,1,1.282,1.476,1.946,0.7187
138,Y,W,-0.9544,0.2357,4.0,2,Y,2,1,Y138W,-1.55,-1.364,0.4124,4,6,1,-1.408,-2.165,-1.309,-1.319
139,G,-,-3.115,2.104,5.5,2,G,2,1,G139-,0.2016,0.2441,0.1395,4,7,1,0.307,0.01108,0.3046,0.1835
139,G,A,0.08113,0.05411,5.0,2,G,2,1,G139A,0.7264,0.7303,0.02226,4,4,1,0.6975,0.7207,0.7399,0.7473
139,G,C,-2.468,0.2666,19.0,2,G,2,1,G139C,-1.096,-1.19,0.226,4,21,1,-1.191,-0.7594,-1.245,-1.189
139,G,D,0.0976,0.09574,11.0,2,G,2,1,G139D,0.7976,0.7934,0.09614,4,8,1,0.7748,0.918,0.812,0.6857
139,G,E,0.1084,0.01082,3.0,2,G,2,1,G139E,-1.513,-1.345,0.4183,4,4,1,-1.372,-2.134,-1.318,-1.228
139,G,F,-1.04,0.2124,7.0,2,G,2,1,G139F,-1.403,-1.268,0.3039,4,6,1,-1.31,-1.855,-1.225,-1.223
139,G,H,-0.338,0.1031,2.5,2,G,2,1,G139H,0.02323,0.02432,0.01062,4,4,1,0.02213,0.009417,0.03487,0.0265
139,G,I,-4.045,1.302,5.0,2,G,2,1,G139I,-0.3395,-0.4328,0.2097,4,3,1,-0.4066,-0.02733,-0.465,-0.459
139,G,K,0.1239,0.01612,3.0,2,G,2,1,G139K,-0.5071,-0.4694,0.1356,4,3,1,-0.5105,-0.6965,-0.4284,-0.393
139,G,L,-2.797,2.55,4.0,2,G,2,1,G139L,-0.4257,-0.4366,0.03739,4,2,1,-0.4573,-0.3722,-0.4299,-0.4433
139,G,M,-2.74,1.07,7.5,2,G,2,1,G139M,-1.526,-1.522,0.01801,4,12,1,-1.551,-1.516,-1.511,-1.527
139,G,N,-1.617,2.008,2.5,2,G,2,1,G139N,0.5826,0.61,0.08457,4,2,1,0.622,0.598,0.4599,0.6504
139,G,P,-3.244,0.2482,5.0,2,G,2,1,G139P,-0.2376,-0.227,0.06099,4,5,1,-0.2371,-0.1758,-0.2169,-0.3207
139,G,Q,0.06542,0.04027,6.0,2,G,2,1,G139Q,-0.1482,-0.1301,0.07266,4,5,1,-0.1267,-0.2514,-0.1335,-0.08108
139,G,R,-0.8438,0.1532,5.5,2,G,2,1,G139R,-0.4425,-0.4405,0.02205,4,8,1,-0.4534,-0.4681,-0.4209,-0.4277
139,G,S,-0.3483,0.6983,9.0,2,G,2,1,G139S,-0.0403,-0.03986,0.02752,4,15,1,-0.05168,-0.02804,-0.009172,-0.0723
139,G,T,-0.2451,0.4173,3.5,2,G,2,1,G139T,0.8055,0.7528,0.1682,4,6,1,0.8143,1.04,0.6913,0.6762
139,G,V,-3.913,0.9454,5.5,2,G,2,1,G139V,-0.7098,-0.7082,0.0474,4,5,1,-0.7693,-0.6535,-0.7112,-0.7052
139,G,W,-2.757,1.227,2.0,2,G,2,1,G139W,0.9489,0.8611,0.4138,4,1,1,0.8317,0.8906,1.527,0.5461
139,G,Y,-0.1944,0.3712,3.0,2,G,2,1,G139Y,-1.59,-1.592,0.08844,4,1,1,-1.671,-1.522,-1.661,-1.506
140,V,-,-1.157,1.69,3.0,2,V,2,1,V140-,-0.001514,-0.008299,0.02604,4,5,1,-0.01309,0.0353,-0.003504,-0.02476
140,V,A,-0.1825,0.3252,7.0,2,V,2,1,V140A,-1.134,-1.093,0.1511,4,7,1,-1.131,-1.347,-1.005,-1.054
140,V,C,-0.2308,0.511,4.5,2,V,2,1,V140C,-1.855,-1.7,0.3552,4,5,1,-1.753,-2.382,-1.64,-1.646
140,V,D,-0.4226,0.08818,5.0,2,V,2,1,V140D,0.8309,0.8276,0.03947,4,5,1,0.8281,0.8823,0.8271,0.786
140,V,E,0.02023,0.008733,8.5,2,V,2,1,V140E,-1.045,-1.04,0.06522,4,11,1,-1.041,-1.129,-0.9697,-1.04
140,V,F,0.07017,0.01208,5.0,2,V,2,1,V140F,-0.9069,-0.8861,0.1928,4,6,1,-0.8526,-1.16,-0.9197,-0.6956
140,V,G,-0.371,0.04101,4.0,2,V,2,1,V140G,-0.7642,-0.7332,0.1339,4,5,1,-0.7514,-0.9522,-0.7151,-0.6382
140,V,H,-0.09775,,2.0,1,V,2,1,V140H,-0.662,-0.6598,0.09983,4,4,1,-0.6843,-0.6352,-0.7839,-0.5445
140,V,I,-0.102,0.08188,6.5,2,V,2,1,V140I,0.4859,0.4836,0.05487,4,11,1,0.483,0.5553,0.4842,0.421
140,V,K,-0.688,0.659,3.0,2,V,2,1,V140K,-0.05088,-0.05909,0.02195,4,4,1,-0.05432,-0.0189,-0.06386,-0.06646
140,V,L,0.09728,0.03299,9.0,2,V,2,1,V140L,-0.8097,-0.6935,0.2682,4,8,1,-0.7074,-1.21,-0.6796,-0.6419
140,V,M,0.1422,0.01414,5.5,2,V,2,1,V140M,-1.413,-1.373,0.141,4,6,1,-1.395,-1.614,-1.35,-1.291
140,V,N,0.04832,0.1666,7.0,2,V,2,1,V140N,-0.2298,-0.2298,0.01625,4,7,1,-0.2126,-0.247,-0.2198,-0.2399
140,V,P,0.105,0.08596,2.5,2,V,2,1,V140P,1.641,1.711,0.3655,4,4,1,1.767,2.005,1.654,1.139
140,V,Q,-0.0164,0.1663,5.5,2,V,2,1,V140Q,-1.387,-1.255,0.3052,4,3,1,-1.306,-1.839,-1.199,-1.204
140,V,R,-0.0509,0.2185,6.5,2,V,2,1,V140R,0.009595,0.007681,0.0235,4,7,1,-0.01708,0.00957,0.0401,0.005793
140,V,S,0.04593,0.1585,2.0,2,V,2,1,V140S,-0.7489,-0.7379,0.05342,4,1,1,-0.7471,-0.8227,-0.7287,-0.6969
140,V,T,-0.1892,0.3249,4.0,2,V,2,1,V140T,-0.05375,-0.06621,0.08025,4,7,1,-0.0761,0.0549,-0.05632,-0.1375
140,V,W,-0.1702,0.1052,4.5,2,V,2,1,V140W,-1.062,-1.063,0.0281,4,7,1,-1.093,-1.028,-1.074,-1.051
140,V,Y,0.05542,0.1165,7.5,2,V,2,1,V140Y,-1.123,-1.119,0.01415,4,9,1,-1.123,-1.142,-1.115,-1.11
141,V,-,-0.02194,0.1624,3.0,2,V,2,1,V141-,-0.5496,-0.5568,0.02898,4,3,1,-0.5762,-0.5086,-0.5605,-0.553
141,V,A,-1.11,1.711,4.5,2,V,2,1,V141A,1.935,2.012,0.6623,4,7,1,1.809,2.215,2.636,1.08
141,V,C,-0.6391,0.8314,8.5,2,V,2,1,V141C,1.078,1.149,0.2055,4,6,1,1.138,1.237,1.161,0.7762
141,V,D,-0.3672,0.7171,4.5,2,V,2,1,V141D,2.294,2.279,0.1577,4,4,1,2.164,2.462,2.395,2.155
141,V,E,-2.151,0.6541,5.0,2,V,2,1,V141E,1.755,1.747,0.3159,4,6,1,1.885,2.124,1.608,1.402
141,V,F,0.1302,0.03818,5.5,2,V,2,1,V141F,0.07327,0.08119,0.05492,4,5,1,0.06133,0.1286,0.101,0.002073
141,V,G,0.03042,0.07858,4.0,2,V,2,1,V141G,2.235,2.267,0.1156,4,5,1,2.257,2.337,2.069,2.277
141,V,H,-0.1253,0.284,3.5,2,V,2,1,V141H,1.016,1.043,0.2735,4,4,1,1.028,1.322,1.057,0.6567
141,V,I,0.1223,0.05177,7.5,2,V,2,1,V141I,-0.6515,-0.5833,0.1928,4,11,1,-0.601,-0.9345,-0.5656,-0.5048
141,V,K,-0.2417,0.5182,6.0,2,V,2,1,V141K,0.5962,0.4874,0.3915,4,7,1,0.3907,0.5842,1.149,0.2612
141,V,L,0.1392,0.001909,6.0,2,V,2,1,V141L,-0.2917,-0.2919,0.01121,4,9,1,-0.2792,-0.3037,-0.2857,-0.298
141,V,M,0.1503,0.01612,9.0,2,V,2,1,V141M,0.2769,0.3033,0.08764,4,13,1,0.269,0.3451,0.3376,0.1559
141,V,N,-0.09265,0.3173,6.5,2,V,2,1,V141N,1.088,1.12,0.2489,4,7,1,1.097,1.143,1.357,0.7556
141,V,P,-4.177,0.1301,5.5,2,V,2,1,V141P,0.8645,0.9046,0.2287,4,6,1,0.8588,0.9505,1.095,0.554
141,V,R,-0.6504,1.107,3.5,2,V,2,1,V141R,0.9523,0.9203,0.4107,4,4,1,0.8108,1.03,1.473,0.4956
141,V,S,-0.1144,0.05376,4.5,2,V,2,1,V141S,1.588,1.685,0.5103,4,5,1,1.62,1.751,2.097,0.8847
141,V,T,0.1353,0.01824,7.0,2,V,2,1,V141T,-0.4909,-0.4716,0.05645,4,7,1,-0.447,-0.5732,-0.4791,-0.4642
141,V,W,-0.1719,0.4387,5.5,2,V,2,1,V141W,-0.1218,-0.116,0.09584,4,5,1,-0.1694,-0.02343,-0.06251,-0.2318
141,V,Y,-0.1566,0.3801,3.0,2,V,2,1,V141Y,0.9029,0.9835,0.2191,4,3,1,0.966,1.065,1.001,0.58
142,V,-,-0.1689,0.02121,3.0,2,V,2,1,V142-,-0.6067,-0.578,0.08177,4,3,1,-0.7243,-0.556,-0.6,-0.5465
142,V,A,-1.314,0.1994,6.0,2,V,2,1,V142A,-2.044,-2.017,0.1273,4,7,1,-2.072,-1.962,-1.931,-2.212
142,V,C,-0.1848,0.02298,7.5,2,V,2,1,V142C,-1.409,-1.338,0.1948,4,12,1,-1.382,-1.692,-1.268,-1.294
142,V,D,0.1126,0.01768,5.0,2,V,2,1,V142D,-1.185,-1.196,0.05695,4,4,1,-1.236,-1.221,-1.171,-1.11
142,V,E,-0.0464,0.2168,8.0,2,V,2,1,V142E,-0.5099,-0.5182,0.02813,4,8,1,-0.5213,-0.5338,-0.5151,-0.4693
142,V,F,0.1364,0.002687,3.5,2,V,2,1,V142F,-0.1897,-0.1801,0.04571,4,3,1,-0.1863,-0.2532,-0.1739,-0.1453
142,V,G,-3.237,0.8301,7.0,2,V,2,1,V142G,-3.519,-3.53,0.186,4,7,1,-3.587,-3.729,-3.289,-3.473
142,V,H,-0.6518,0.1099,7.0,2,V,2,1,V142H,-0.5695,-0.5284,0.1225,4,8,1,-0.4779,-0.7431,-0.5679,-0.4889
142,V,I,-0.05925,0.01234,4.0,2,V,2,1,V142I,-0.5926,-0.5339,0.1466,4,5,1,-0.5435,-0.8101,-0.5243,-0.4922
142,V,K,0.09625,0.09313,3.0,2,V,2,1,V142K,-0.2166,-0.2604,0.1023,4,4,1,-0.2667,-0.2816,-0.2542,-0.06417
142,V,L,-0.0906,0.02617,9.0,2,V,2,1,V142L,0.5561,0.5438,0.1347,4,10,1,0.6285,0.7088,0.4591,0.4279
142,V,M,-2.222,1.595,8.0,2,V,2,1,V142M,-1.567,-1.565,0.05065,4,5,1,-1.624,-1.595,-1.515,-1.535
142,V,N,0.08982,0.1192,1.5,2,V,2,1,V142N,-0.7831,-0.7546,0.2738,4,2,1,-0.7759,-0.7332,-1.144,-0.4795
142,V,P,-0.0703,0.2953,4.5,2,V,2,1,V142P,1.379,1.384,0.1643,4,5,1,1.382,1.575,1.386,1.172
142,V,Q,0.1482,0.01676,3.0,2,V,2,1,V142Q,-0.524,-0.592,0.1835,4,2,1,-0.5971,-0.2529,-0.6591,-0.587
142,V,R,-0.0666,0.2937,2.0,2,V,2,1,V142R,-0.006193,-0.03779,0.1156,4,3,1,-0.02815,-0.04743,-0.1086,0.1594
142,V,S,-1.531,0.007778,7.5,2,V,2,1,V142S,-1.496,-1.518,0.08702,4,6,1,-1.505,-1.574,-1.531,-1.372
142,V,T,-0.8035,0.8435,6.5,2,V,2,1,V142T,0.003056,0.009225,0.02907,4,11,1,-0.007733,-0.03318,0.02618,0.02695
142,V,W,-0.4718,0.2077,5.5,2,V,2,1,V142W,-0.8625,-0.813,0.188,4,6,1,-0.8007,-1.131,-0.8253,-0.6928
142,V,Y,-0.1535,0.4086,5.5,2,V,2,1,V142Y,-0.3045,-0.3002,0.03999,4,4,1,-0.3122,-0.3559,-0.2617,-0.2882
143,F,-,-2.603,3.284,4.5,2,F,2,1,F143-,0.002851,0.01222,0.06466,4,4,1,-0.009258,0.06853,0.03371,-0.08158
143,F,A,-3.136,0.3528,5.5,2,F,2,1,F143A,-0.4061,-0.2638,0.4161,4,5,1,-0.2537,-0.08035,-0.2738,-1.016
143,F,C,-3.66,0.9518,5.0,2,F,2,1,F143C,-1.415,-1.407,0.3537,4,4,1,-1.796,-1.048,-1.189,-1.626
143,F,D,-4.297,0.9581,3.5,2,F,2,1,F143D,-0.1243,-0.1304,0.01898,4,1,1,-0.1347,-0.1262,-0.09704,-0.1393
143,F,E,-4.812,0.1308,4.5,2,F,2,1,F143E,-0.6037,-0.643,0.1126,4,4,1,-0.6639,-0.4399,-0.6221,-0.689
143,F,G,-4.948,0.0198,3.0,2,F,2,1,F143G,-0.8509,-0.8552,0.3814,4,2,1,-0.9247,-1.309,-0.7857,-0.3848
143,F,H,-0.5022,0.4681,4.5,2,F,2,1,F143H,-0.2718,-0.2804,0.02824,4,5,1,-0.2851,-0.2312,-0.2757,-0.2953
143,F,I,-3.808,1.496,3.5,2,F,2,1,F143I,-0.2688,-0.2971,0.1192,4,3,1,-0.2946,-0.1002,-0.2997,-0.3809
143,F,K,-4.941,0.07849,1.5,2,F,2,1,F143K,0.9249,0.9327,0.1173,4,1,1,0.9439,0.9215,1.06,0.7743
143,F,L,-0.4275,0.1151,16.0,2,F,2,1,F143L,-1.724,-1.783,0.1859,4,19,1,-1.807,-1.454,-1.76,-1.874
143,F,M,-0.7889,0.2275,4.5,2,F,2,1,F143M,-2.873,-2.921,0.2777,4,6,1,-3.071,-2.527,-2.772,-3.123
143,F,N,-3.545,1.926,5.0,2,F,2,1,F143N,0.06154,0.08624,0.06715,4,4,1,0.09976,0.1101,0.07271,-0.03638
143,F,P,-2.415,0.6845,6.5,2,F,2,1,F143P,-1.821,-1.653,0.3923,4,5,1,-1.693,-2.405,-1.613,-1.574
143,F,Q,-4.589,0.2871,4.0,2,F,2,1,F143Q,1.21,1.14,0.4986,4,4,1,1.282,0.9976,1.866,0.6952
143,F,R,-4.897,0.07849,4.0,2,F,2,1,F143R,2.197,2.583,1.308,4,3,1,3.193,3.181,1.985,0.4286
143,F,S,-4.859,0.0198,5.0,2,F,2,1,F143S,-0.8605,-0.8785,0.07707,4,3,1,-0.8932,-0.8637,-0.9322,-0.7528
143,F,T,-2.205,0.4893,3.0,2,F,2,1,F143T,-1.083,-1.185,0.2174,4,2,1,-1.173,-0.7572,-1.203,-1.197
143,F,V,-2.731,0.2065,2.5,2,F,2,1,F143V,-1.454,-1.319,0.3821,4,2,1,-1.203,-2.0,-1.178,-1.436
143,F,W,-0.6224,1.119,3.5,2,F,2,1,F143W,1.151,1.124,0.1175,4,5,1,1.173,1.307,1.076,1.046
143,F,Y,-0.4818,0.7838,4.5,2,F,2,1,F143Y,-2.491,-2.605,0.3285,4,4,1,-2.697,-2.021,-2.512,-2.735
144,Y,*,-4.128,1.187,3.0,2,Y,2,1,Y144*,1.356,1.423,0.7724,4,4,1,1.212,1.634,2.207,0.3718
144,Y,-,0.0187,0.1829,4.5,2,Y,2,1,Y144-,-0.01991,-0.02181,0.01463,4,4,1,-0.0344,-0.02854,-0.01509,-0.001622
144,Y,A,-4.144,0.9864,2.0,2,Y,2,1,Y144A,-1.196,-1.205,0.04222,4,1,1,-1.209,-1.238,-1.138,-1.201
144,Y,C,-3.949,0.1739,6.5,2,Y,2,1,Y144C,-1.461,-1.471,0.2229,4,5,1,-1.426,-1.517,-1.72,-1.182
144,Y,D,-4.21,1.121,4.0,2,Y,2,1,Y144D,1.107,1.164,0.4003,4,3,1,1.11,1.531,1.218,0.57
144,Y,E,-4.662,0.3613,3.0,2,Y,2,1,Y144E,0.3699,0.3633,0.2327,4,3,1,0.5409,0.1538,0.5993,0.1858
144,Y,F,0.143,0.007495,4.0,2,Y,2,1,Y144F,-0.1769,-0.1601,0.05206,4,5,1,-0.1549,-0.2527,-0.1654,-0.1348
144,Y,G,-1.904,0.676,5.5,2,Y,2,1,Y144G,-2.011,-1.993,0.09555,4,8,1,-2.054,-1.933,-2.125,-1.931
144,Y,H,-2.573,2.788,7.5,2,Y,2,1,Y144H,-1.246,-1.331,0.2945,4,10,1,-1.377,-0.8245,-1.499,-1.285
144,Y,I,-4.187,0.5968,6.5,2,Y,2,1,Y144I,-1.238,-1.235,0.02671,4,5,1,-1.27,-1.222,-1.211,-1.248
144,Y,K,-2.671,1.876,7.0,2,Y,2,1,Y144K,-1.869,-2.123,0.5421,4,5,1,-2.146,-1.057,-2.101,-2.171
144,Y,L,-3.868,0.4568,7.5,2,Y,2,1,Y144L,-0.1634,-0.1646,0.1523,4,7,1,-0.09465,0.01084,-0.2346,-0.3351
144,Y,M,-4.651,0.1004,6.0,2,Y,2,1,Y144M,-0.07493,-0.04174,0.07185,4,5,1,-0.03944,-0.04403,-0.03372,-0.1825
144,Y,N,-4.588,0.3967,6.5,2,Y,2,1,Y144N,-0.3586,-0.2727,0.3462,4,5,1,-0.2846,-0.03842,-0.2609,-0.8505
144,Y,P,-4.916,0.02121,5.0,2,Y,2,1,Y144P,-0.2036,-0.1888,0.1347,4,4,1,-0.228,-0.0595,-0.1496,-0.3772
144,Y,Q,-4.745,0.3769,7.0,2,Y,2,1,Y144Q,-0.003227,0.0685,0.1721,4,6,1,0.03957,0.1076,0.09743,-0.2575
144,Y,R,-2.551,0.3719,6.0,2,Y,2,1,Y144R,-2.566,-2.535,0.4846,4,7,1,-2.899,-2.129,-2.171,-3.063
144,Y,T,-4.559,0.1909,8.5,2,Y,2,1,Y144T,-0.02795,0.02572,0.2236,4,9,1,0.031,0.1815,0.02044,-0.3447
144,Y,V,-4.134,0.4978,6.0,2,Y,2,1,Y144V,0.2233,0.3407,0.4116,4,5,1,0.1709,0.5504,0.5106,-0.3387
144,Y,W,-0.0596,0.3288,3.5,2,Y,2,1,Y144W,-0.01551,-0.01384,0.007236,4,2,1,-0.01217,-0.02557,-0.008815,-0.0155
145,C,*,-2.66,3.147,2.0,2,C,2,1,C145*,0.35,0.4417,0.2,4,3,1,0.4452,0.4382,0.4662,0.05053
145,C,-,-0.6494,0.3746,4.5,2,C,2,1,C145-,-0.01791,-0.02251,0.01659,4,4,1,-0.03159,-0.02853,-0.01649,0.004971
145,C,A,-3.657,0.688,4.0,2,C,2,1,C145A,-0.6877,-0.7477,0.2687,4,4,1,-0.7654,-0.3103,-0.7301,-0.9452
145,C,D,-4.947,0.01909,5.5,2,C,2,1,C145D,0.5185,0.5916,0.3568,4,4,1,0.5523,0.8681,0.6309,0.02271
145,C,E,-4.944,0.02828,3.0,2,C,2,1,C145E,0.563,0.383,0.4107,4,2,1,0.31,0.3576,0.4084,1.176
145,C,F,-4.58,0.2885,6.5,2,C,2,1,C145F,0.3877,0.3688,0.2223,4,5,1,0.4619,0.2756,0.661,0.1523
145,C,G,-4.88,0.1754,5.0,2,C,2,1,C145G,0.4467,0.4809,0.1213,4,6,1,0.4519,0.5498,0.5099,0.275
145,C,H,-4.89,0.005657,4.0,2,C,2,1,C145H,-0.3535,-0.4214,0.18,4,4,1,-0.4031,-0.08803,-0.4832,-0.4397
145,C,I,-4.102,0.6463,4.5,2,C,2,1,C145I,-1.012,-1.038,0.07138,4,5,1,-1.063,-0.9061,-1.043,-1.033
145,C,K,-2.792,3.055,2.0,2,C,2,1,C145K,1.415,1.694,0.7005,4,2,1,1.86,1.878,1.528,0.3919
145,C,L,-4.558,0.4695,2.5,2,C,2,1,C145L,-0.6161,-0.6012,0.1946,4,3,1,-0.6289,-0.395,-0.5736,-0.8667
145,C,M,-3.39,0.3012,2.5,2,C,2,1,C145M,-0.578,-0.6088,0.2772,4,2,1,-0.5879,-0.2112,-0.6297,-0.8832
145,C,N,-4.915,0.02616,5.0,2,C,2,1,C145N,0.6953,0.778,0.2664,4,5,1,0.676,0.8799,0.8996,0.3255
145,C,P,-4.904,0.04313,3.5,2,C,2,1,C145P,0.2088,0.2655,0.271,4,2,1,0.1042,0.4307,0.4268,-0.1267
145,C,Q,-4.111,1.223,5.0,2,C,2,1,C145Q,0.8085,0.9272,0.4028,4,7,1,0.8335,1.021,1.144,0.2355
145,C,R,-4.938,0.03536,6.0,2,C,2,1,C145R,0.8595,1.011,0.4147,4,6,1,0.991,1.03,1.169,0.2481
145,C,S,-3.019,2.529,5.0,2,C,2,1,C145S,-0.3292,-0.3734,0.3792,4,8,1,-0.3723,0.1753,-0.3746,-0.7451
145,C,T,-4.935,0.04243,1.5,2,C,2,1,C145T,-0.1043,-0.1072,0.07331,4,1,1,-0.1152,-0.01195,-0.09928,-0.1906
145,C,V,-4.349,0.5784,3.5,2,C,2,1,C145V,0.0258,0.02843,0.005431,4,1,1,0.02867,0.01766,0.02858,0.02829
145,C,W,-2.159,0.3493,4.5,2,C,2,1,C145W,-0.8173,-0.8083,0.04757,4,6,1,-0.8062,-0.8831,-0.7694,-0.8103
145,C,Y,-4.955,0.07778,23.5,2,C,2,1,C145Y,0.135,0.1257,0.2155,4,25,1,0.0884,0.1629,0.4054,-0.1165
146,T,-,-1.396,1.705,4.0,2,T,2,1,T146-,0.07968,0.06987,0.02777,4,2,1,0.06805,0.1205,0.07169,0.05848
146,T,A,-1.619,0.1237,12.5,2,T,2,1,T146A,-2.983,-2.892,0.3483,4,17,1,-3.071,-2.712,-2.71,-3.439
146,T,C,-2.146,1.874,2.0,2,T,2,1,T146C,-1.124,-1.29,0.382,4,2,1,-1.295,-0.5533,-1.285,-1.362
146,T,D,-1.812,1.819,5.0,2,T,2,1,T146D,-1.719,-1.838,0.2886,4,2,1,-1.897,-1.295,-1.778,-1.906
146,T,E,-2.502,0.1435,2.0,2,T,2,1,T146E,-2.17,-2.4,0.5273,4,2,1,-2.484,-1.388,-2.316,-2.492
146,T,F,-4.772,0.2913,7.5,2,T,2,1,T146F,0.2251,0.2074,0.1904,4,6,1,0.4743,0.1951,0.2197,0.01121
146,T,G,-2.083,0.8139,4.5,2,T,2,1,T146G,-2.436,-2.532,0.4082,4,4,1,-2.645,-1.873,-2.419,-2.809
146,T,H,-0.6574,0.5057,6.5,2,T,2,1,T146H,-2.134,-2.088,0.2644,4,5,1,-2.185,-1.992,-1.878,-2.482
146,T,I,-3.263,0.06293,10.0,2,T,2,1,T146I,-0.5075,-0.6592,0.464,4,15,1,-0.6216,0.169,-0.6967,-0.8808
146,T,K,-0.03125,0.1569,7.5,2,T,2,1,T146K,-1.21,-1.09,0.2966,4,9,1,-1.114,-1.65,-1.065,-1.011
146,T,L,-3.107,2.533,2.5,2,T,2,1,T146L,-1.833,-2.008,0.4068,4,1,1,-2.066,-1.229,-1.951,-2.085
146,T,M,-2.429,0.2213,3.5,2,T,2,1,T146M,-1.351,-1.449,0.2212,4,2,1,-1.485,-1.021,-1.466,-1.432
146,T,N,0.08749,0.05644,4.5,2,T,2,1,T146N,-0.9626,-0.9345,0.09774,4,7,1,-0.9578,-1.101,-0.9113,-0.8801
146,T,P,-0.3014,0.04207,8.0,2,T,2,1,T146P,0.6397,0.6195,0.09982,4,7,1,0.5838,0.7733,0.6551,0.5465
146,T,Q,-0.9187,0.1248,6.0,2,T,2,1,T146Q,-2.184,-2.16,0.1171,4,6,1,-2.213,-2.108,-2.079,-2.337
146,T,R,-0.0337,0.1007,5.0,2,T,2,1,T146R,-0.3169,-0.2851,0.06693,4,3,1,-0.2859,-0.4172,-0.2842,-0.2802
146,T,S,-0.806,1.239,2.5,2,T,2,1,T146S,-1.45,-1.445,0.04976,4,2,1,-1.513,-1.396,-1.46,-1.43
146,T,V,-3.218,1.784,5.0,2,T,2,1,T146V,-2.172,-2.263,0.2041,4,7,1,-2.274,-1.867,-2.294,-2.252
146,T,W,-3.854,0.8012,4.0,2,T,2,1,T146W,-0.3745,-0.3691,0.3535,4,3,1,-0.6578,-0.05739,-0.08037,-0.7026
146,T,Y,-4.31,0.7198,2.5,2,T,2,1,T146Y,-0.5344,-0.5888,0.1459,4,1,1,-0.6056,-0.3196,-0.5719,-0.6405
147,N,-,-0.211,0.02496,3.0,2,N,2,1,N147-,0.08001,0.06952,0.02976,4,2,1,0.06751,0.1237,0.07153,0.05727
147,N,A,-4.843,,2.0,1,N,2,1,N147A,0.5835,0.3396,0.8315,4,1,1,0.4488,1.779,0.2304,-0.1245
147,N,C,-1.378,1.682,4.0,2,N,2,1,N147C,-0.3103,-0.3084,0.204,4,3,1,-0.2202,-0.07843,-0.3966,-0.5459
147,N,D,-0.1447,0.2862,6.5,2,N,2,1,N147D,-1.208,-1.212,0.08623,4,6,1,-1.28,-1.124,-1.285,-1.143
147,N,E,-0.7922,0.2642,4.0,2,N,2,1,N147E,-1.467,-1.483,0.09363,4,6,1,-1.563,-1.339,-1.491,-1.476
147,N,F,-1.415,0.2171,3.5,2,N,2,1,N147F,-1.239,-1.243,0.05022,4,2,1,-1.265,-1.221,-1.293,-1.178
147,N,G,-0.529,0.6346,6.5,2,N,2,1,N147G,-0.8712,-0.8546,0.04757,4,6,1,-0.8575,-0.941,-0.8517,-0.8345
147,N,H,-3.087,0.1039,5.0,2,N,2,1,N147H,-0.9361,-0.9617,0.1176,4,3,1,-0.9697,-0.7712,-0.9538,-1.05
147,N,I,-1.957,0.314,8.5,2,N,2,1,N147I,-0.5765,-0.6413,0.172,4,9,1,-0.6718,-0.3245,-0.6991,-0.6108
147,N,K,-1.812,0.763,9.0,2,N,2,1,N147K,-2.05,-2.135,0.2275,4,7,1,-2.209,-1.72,-2.076,-2.194
147,N,L,-2.837,0.5303,7.5,2,N,2,1,N147L,-1.198,-1.304,0.2326,4,11,1,-1.325,-0.8506,-1.284,-1.333
147,N,M,-0.9014,0.8918,8.5,2,N,2,1,N147M,-0.05871,-0.0489,0.04886,4,10,1,-0.05601,-0.04179,-0.01076,-0.1263
147,N,P,-1.155,0.4907,6.0,2,N,2,1,N147P,-1.842,-1.81,0.1721,4,3,1,-2.065,-1.682,-1.886,-1.734
147,N,Q,-0.7256,0.5324,6.5,2,N,2,1,N147Q,-1.841,-1.868,0.4814,4,5,1,-1.86,-1.227,-1.875,-2.404
147,N,R,-2.003,0.8061,2.0,2,N,2,1,N147R,0.85,0.8365,0.0513,4,1,1,0.8159,0.8571,0.8073,0.9197
147,N,S,-0.6638,0.1268,8.0,2,N,2,1,N147S,-1.71,-1.727,0.1334,4,11,1,-1.751,-1.704,-1.852,-1.533
147,N,T,-1.069,0.7789,4.5,2,N,2,1,N147T,-1.911,-1.916,0.1918,4,5,1,-2.032,-1.702,-1.799,-2.11
147,N,V,-1.892,0.227,6.0,2,N,2,1,N147V,-2.446,-2.478,0.133,4,6,1,-2.564,-2.262,-2.438,-2.519
147,N,W,-2.87,1.747,3.5,2,N,2,1,N147W,-1.42,-1.392,1.018,4,3,1,-0.5227,-0.5571,-2.227,-2.373
147,N,Y,-1.349,0.3246,7.5,2,N,2,1,N147Y,-0.4002,-0.47,0.1754,4,5,1,-0.4615,-0.1398,-0.4784,-0.521
148,N,-,-0.1096,0.005162,2.5,2,N,2,1,N148-,0.08373,0.05525,0.06866,4,2,1,0.0384,0.186,0.05725,0.05325
148,N,A,-2.76,1.294,9.0,2,N,2,1,N148A,-2.959,-2.966,0.124,4,10,1,-3.094,-2.914,-2.81,-3.019
148,N,C,-1.044,0.8057,8.0,2,N,2,1,N148C,-1.791,-1.793,0.1149,4,12,1,-1.927,-1.65,-1.769,-1.817
148,N,D,0.1487,0.01676,3.5,2,N,2,1,N148D,-0.9199,-0.8572,0.1328,4,6,1,-0.8463,-1.119,-0.8556,-0.8587
148,N,E,-0.2985,0.6088,5.0,2,N,2,1,N148E,-1.03,-1.011,0.08625,4,5,1,-1.052,-1.142,-0.954,-0.9702
148,N,F,-0.2572,0.5405,7.5,2,N,2,1,N148F,-1.702,-1.757,0.1584,4,6,1,-1.822,-1.472,-1.727,-1.788
148,N,G,-0.2177,0.1617,5.0,2,N,2,1,N148G,-1.133,-1.123,0.1293,4,2,1,-1.114,-1.132,-1.301,-0.9862
148,N,H,0.0547,0.05737,5.5,2,N,2,1,N148H,-1.228,-1.196,0.1407,4,4,1,-1.214,-1.426,-1.179,-1.095
148,N,I,-1.272,0.1386,5.5,2,N,2,1,N148I,-2.09,-2.186,0.354,4,6,1,-2.247,-1.587,-2.126,-2.402
148,N,K,-1.235,0.6853,6.0,2,N,2,1,N148K,-1.163,-1.182,0.1743,4,7,1,-1.267,-0.9501,-1.338,-1.098
148,N,L,0.04927,0.1094,3.0,2,N,2,1,N148L,-2.476,-2.513,0.3828,4,3,1,-2.666,-2.88,-2.36,-2.0
148,N,M,0.08141,0.09671,6.5,2,N,2,1,N148M,-1.996,-2.034,0.1266,4,2,1,-2.037,-2.103,-1.813,-2.031
148,N,P,-1.504,0.3041,6.0,2,N,2,1,N148P,-1.85,-1.928,0.2541,4,8,1,-1.971,-1.484,-1.885,-2.06
148,N,Q,-0.3314,,1.5,1,N,2,1,N148Q,-0.5052,-0.4895,0.06042,4,3,1,-0.5012,-0.5905,-0.4778,-0.4513
148,N,R,-0.9614,1.118,6.5,2,N,2,1,N148R,-3.134,-3.208,0.3214,4,7,1,-3.34,-2.705,-3.075,-3.417
148,N,S,-0.372,0.2005,7.0,2,N,2,1,N148S,-1.853,-1.778,0.2767,4,8,1,-1.836,-2.244,-1.721,-1.61
148,N,T,-0.1443,0.1621,6.5,2,N,2,1,N148T,-0.4455,-0.4465,0.02474,4,3,1,-0.4639,-0.4196,-0.4292,-0.4693
148,N,V,-1.28,0.8601,3.5,2,N,2,1,N148V,-2.536,-2.484,0.483,4,3,1,-2.699,-2.042,-3.134,-2.269
148,N,W,-1.925,0.9228,5.5,2,N,2,1,N148W,-2.417,-2.488,0.3639,4,8,1,-2.682,-1.959,-2.293,-2.735
148,N,Y,-0.3146,0.4441,6.0,2,N,2,1,N148Y,-1.637,-1.616,0.07647,4,8,1,-1.648,-1.574,-1.74,-1.584
149,T,-,0.05971,0.04274,2.5,2,T,2,1,T149-,0.08052,0.06946,0.02685,4,2,1,0.06751,0.1204,0.07141,0.0627
149,T,A,-0.1686,0.3082,7.5,2,T,2,1,T149A,-1.968,-1.869,0.3222,4,8,1,-1.914,-2.433,-1.824,-1.701
149,T,C,-1.007,0.645,6.0,2,T,2,1,T149C,-2.165,-2.182,0.1353,4,7,1,-2.307,-1.991,-2.138,-2.226
149,T,D,-1.97,0.1025,8.0,2,T,2,1,T149D,-2.542,-2.5,0.114,4,11,1,-2.71,-2.492,-2.508,-2.458
149,T,E,-1.97,0.7729,6.0,2,T,2,1,T149E,-2.299,-2.303,0.1326,4,3,1,-2.407,-2.198,-2.172,-2.42
149,T,F,-0.1849,0.08287,8.0,2,T,2,1,T149F,-0.7633,-0.7588,0.09657,4,9,1,-0.7178,-0.8785,-0.7998,-0.657
149,T,G,-0.6863,0.8749,5.5,2,T,2,1,T149G,1.452,1.417,0.1101,4,7,1,1.441,1.611,1.393,1.365
149,T,H,-0.1302,0.1879,4.5,2,T,2,1,T149H,-2.822,-2.914,0.3429,4,4,1,-3.041,-2.352,-2.787,-3.11
149,T,I,-0.5826,0.8166,7.5,2,T,2,1,T149I,-0.178,-0.1796,0.03834,4,10,1,-0.1683,-0.1308,-0.2219,-0.1908
149,T,K,-1.171,1.382,6.0,2,T,2,1,T149K,-2.184,-2.179,0.1665,4,9,1,-2.266,-2.006,-2.374,-2.091
149,T,L,-0.6264,0.1643,5.0,2,T,2,1,T149L,-2.193,-2.237,0.1776,4,5,1,-2.355,-1.942,-2.264,-2.211
149,T,M,0.05924,0.03044,6.0,2,T,2,1,T149M,-1.459,-1.378,0.5652,4,6,1,-1.513,-2.21,-1.242,-0.8715
149,T,N,-1.22,0.6409,8.5,2,T,2,1,T149N,-1.995,-2.02,0.1099,4,11,1,-2.018,-2.099,-2.022,-1.84
149,T,P,-0.26,0.5643,5.0,2,T,2,1,T149P,-2.19,-2.093,0.2512,4,7,1,-2.131,-2.56,-2.014,-2.056
149,T,Q,-1.368,0.5049,6.0,2,T,2,1,T149Q,-2.611,-2.685,0.2666,4,4,1,-2.799,-2.25,-2.571,-2.825
149,T,R,-0.3065,0.2286,3.0,2,T,2,1,T149R,-1.735,-1.713,0.188,4,4,1,-1.837,-1.589,-1.566,-1.949
149,T,S,-0.358,0.0548,6.0,2,T,2,1,T149S,-0.901,-0.8903,0.04409,4,9,1,-0.8807,-0.9627,-0.8998,-0.8608
149,T,V,-1.512,0.8418,3.0,2,T,2,1,T149V,0.7896,0.789,0.04496,4,4,1,0.7761,0.7366,0.8437,0.8019
149,T,W,-1.454,0.7415,3.5,2,T,2,1,T149W,-2.523,-2.617,0.3281,4,2,1,-2.733,-2.068,-2.501,-2.79
149,T,Y,-0.3134,0.5624,4.5,2,T,2,1,T149Y,0.3535,0.3554,0.07956,4,6,1,0.3777,0.4464,0.3331,0.2567
150,L,-,-0.03485,0.01227,2.5,2,L,2,1,L150-,0.08922,0.08447,0.02406,4,2,1,0.06838,0.1196,0.07147,0.09747
150,L,C,0.1668,,1.0,1,L,2,1,L150C,-0.1792,-0.2272,0.1644,4,2,1,-0.1801,-0.2744,0.05231,-0.3147
150,L,D,0.1599,,2.0,1,L,2,1,L150D,-2.917,-3.006,0.3308,4,3,1,-3.119,-2.46,-2.892,-3.196
150,L,E,0.08536,0.08222,5.5,2,L,2,1,L150E,-2.116,-2.169,0.1232,4,5,1,-2.172,-2.166,-1.932,-2.194
150,L,F,-2.206,2.933,2.0,2,L,2,1,L150F,-0.1339,-0.09567,0.1765,4,2,1,-0.1752,-0.01612,0.02147,-0.3658
150,L,G,0.1412,0.04292,7.5,2,L,2,1,L150G,-0.9971,-0.9526,0.2801,4,6,1,-1.07,-0.8349,-1.358,-0.7255
150,L,H,0.06602,0.04434,2.5,2,L,2,1,L150H,-0.4109,-0.4358,0.1915,4,4,1,-0.3793,-0.6109,-0.4922,-0.1611
150,L,I,-0.3915,0.3166,3.0,2,L,2,1,L150I,0.1392,0.05162,0.1956,4,2,1,0.03002,0.4307,0.02296,0.07321
150,L,K,-1.274,0.7264,1.5,2,L,2,1,L150K,1.108,1.139,0.3259,4,1,1,1.262,1.455,1.015,0.7004
150,L,M,-0.1782,0.115,10.5,2,L,2,1,L150M,-0.2116,-0.2146,0.01805,4,16,1,-0.2066,-0.2226,-0.2287,-0.1884
150,L,N,-0.4044,0.07418,1.0,2,L,2,1,L150N,0.5506,0.5607,0.2157,4,1,1,0.5742,0.5472,0.804,0.2771
150,L,P,-0.9943,1.65,5.5,2,L,2,1,L150P,-0.8352,-0.8458,0.1283,4,4,1,-0.8114,-0.9773,-0.8801,-0.672
150,L,Q,-0.1418,0.3819,5.5,2,L,2,1,L150Q,-0.4108,-0.3282,0.1739,4,7,1,-0.3367,-0.6713,-0.3196,-0.3156
150,L,R,-0.04025,0.2341,5.5,2,L,2,1,L150R,1.136,1.167,0.1183,4,6,1,1.138,1.24,1.196,0.9697
150,L,S,-0.08106,0.07501,2.0,2,L,2,1,L150S,0.03841,0.04164,0.0149,4,1,1,0.05202,0.01834,0.04696,0.03633
150,L,T,-0.1972,0.3628,3.5,2,L,2,1,L150T,-1.188,-1.229,0.3941,4,1,1,-1.427,-0.7099,-1.582,-1.031
150,L,V,-0.3304,0.5152,5.0,2,L,2,1,L150V,0.03985,-5.281e-05,0.1165,4,5,1,-0.03862,-0.04542,0.2049,0.03852
150,L,W,-0.4715,0.6359,3.5,2,L,2,1,L150W,-2.326,-2.328,0.1604,4,5,1,-2.316,-2.521,-2.129,-2.34
150,L,Y,-0.02705,0.2368,2.5,2,L,2,1,L150Y,-1.678,-1.648,0.3826,4,3,1,-1.824,-1.471,-2.141,-1.277
151,V,-,-0.04068,0.03054,2.5,2,V,2,1,V151-,0.08761,0.0787,0.02613,4,2,1,0.06809,0.1249,0.07111,0.08629
151,V,A,0.1266,0.009758,7.5,2,V,2,1,V151A,-0.8039,-0.7167,0.1986,4,8,1,-0.7324,-1.1,-0.701,-0.682
151,V,C,-1.428,1.735,4.5,2,V,2,1,V151C,-1.568,-1.613,0.1868,4,5,1,-1.699,-1.32,-1.724,-1.527
151,V,D,-0.7429,0.2429,3.0,2,V,2,1,V151D,-2.707,-2.801,0.3332,4,3,1,-2.917,-2.245,-2.685,-2.981
151,V,E,-1.059,1.742,4.5,2,V,2,1,V151E,-2.609,-2.836,0.5284,4,3,1,-2.918,-1.826,-2.754,-2.937
151,V,F,-0.3152,0.5462,5.5,2,V,2,1,V151F,-0.3914,-0.3909,0.02749,4,5,1,-0.4051,-0.3613,-0.4224,-0.3767
151,V,G,0.1542,0.02213,6.0,2,V,2,1,V151G,-2.767,-2.835,0.2862,4,5,1,-2.925,-2.373,-2.745,-3.023
151,V,H,0.07429,0.06747,6.5,2,V,2,1,V151H,-0.3811,-0.3875,0.02014,4,6,1,-0.3523,-0.3926,-0.3971,-0.3825
151,V,I,-0.0833,0.2804,7.5,2,V,2,1,V151I,0.6592,0.6881,0.1072,4,9,1,0.6435,0.7326,0.5138,0.747
151,V,K,0.1143,0.05769,2.0,2,V,2,1,V151K,-0.5641,-0.5685,0.02698,4,1,1,-0.5808,-0.5899,-0.5562,-0.5297
151,V,L,-0.126,0.3986,6.5,2,V,2,1,V151L,-0.4558,-0.4747,0.05375,4,8,1,-0.4765,-0.4971,-0.4729,-0.3768
151,V,M,0.0495,0.1587,4.0,2,V,2,1,V151M,0.2525,0.2525,0.04029,4,5,1,0.2939,0.2793,0.211,0.2257
151,V,N,-1.433,1.512,1.5,2,V,2,1,V151N,-2.02,-2.068,0.09953,4,2,1,-2.065,-2.073,-1.871,-2.071
151,V,P,-0.09618,0.1922,7.5,2,V,2,1,V151P,-1.57,-1.538,0.1272,4,7,1,-1.568,-1.749,-1.507,-1.457
151,V,Q,-0.09,0.3173,5.5,2,V,2,1,V151Q,-0.5196,-0.5178,0.06922,4,6,1,-0.5281,-0.6054,-0.5076,-0.4372
151,V,R,0.07883,0.08354,2.5,2,V,2,1,V151R,-1.238,-1.229,0.261,4,2,1,-1.426,-1.033,-1.499,-0.9954
151,V,S,-0.6639,0.3534,3.5,2,V,2,1,V151S,-0.3199,-0.3518,0.08345,4,5,1,-0.3777,-0.1981,-0.3704,-0.3333
151,V,T,0.08823,0.07024,4.5,2,V,2,1,V151T,-1.327,-1.215,0.2676,4,4,1,-1.249,-1.724,-1.154,-1.18
151,V,W,-0.2689,0.581,6.5,2,V,2,1,V151W,-0.9721,-0.9183,0.143,4,6,1,-0.9406,-1.182,-0.8961,-0.8698
151,V,Y,-0.6429,1.095,2.0,2,V,2,1,V151Y,0.0869,0.06494,0.08022,4,2,1,0.08021,0.2008,0.04967,0.01692
152,S,-,0.00736,0.03965,3.0,2,S,2,1,S152-,0.07733,0.07151,0.02784,4,2,1,0.06867,0.1161,0.07435,0.05019
152,S,A,-0.0348,0.1939,3.5,2,S,2,1,S152A,-0.946,-0.9706,0.06715,4,4,1,-0.9711,-0.8468,-0.9957,-0.9702
152,S,C,-2.521,1.284,3.5,2,S,2,1,S152C,-1.751,-1.741,0.08535,4,5,1,-1.796,-1.848,-1.685,-1.673
152,S,D,-0.7999,0.5318,4.5,2,S,2,1,S152D,-2.857,-2.91,0.2759,4,7,1,-3.043,-2.502,-2.777,-3.105
152,S,E,-1.631,0.1633,6.5,2,S,2,1,S152E,-3.396,-3.461,0.2624,4,8,1,-3.605,-3.056,-3.601,-3.322
152,S,F,-0.8708,1.426,6.0,2,S,2,1,S152F,0.2487,0.002876,0.6218,4,5,1,0.04539,1.171,-0.03964,-0.1819
152,S,G,-0.3936,0.08775,7.0,2,S,2,1,S152G,-2.976,-2.991,0.2199,4,9,1,-3.167,-2.754,-2.819,-3.163
152,S,H,0.1406,0.002616,4.5,2,S,2,1,S152H,-1.649,-1.619,0.262,4,3,1,-1.66,-1.994,-1.578,-1.363
152,S,I,-0.3339,0.04151,6.0,2,S,2,1,S152I,0.4931,0.5252,0.1289,4,7,1,0.5108,0.6115,0.5397,0.3104
152,S,K,-1.261,1.203,2.0,2,S,2,1,S152K,-2.133,-2.265,0.3292,4,1,1,-2.35,-1.653,-2.186,-2.344
152,S,L,-0.7897,0.131,2.0,2,S,2,1,S152L,1.232,1.22,0.1759,4,2,1,1.309,1.439,1.131,1.048
152,S,M,-0.1505,0.01195,7.5,2,S,2,1,S152M,-1.353,-1.273,0.2059,4,10,1,-1.329,-1.652,-1.218,-1.214
152,S,N,-0.5633,1.031,5.0,2,S,2,1,S152N,-1.769,-1.663,0.3044,4,4,1,-1.727,-1.599,-2.211,-1.54
152,S,P,-0.2109,0.3167,5.5,2,S,2,1,S152P,-1.456,-1.454,0.03439,4,8,1,-1.494,-1.421,-1.433,-1.475
152,S,Q,-0.1005,0.299,4.0,2,S,2,1,S152Q,-2.336,-2.383,0.1082,4,5,1,-2.384,-2.402,-2.174,-2.382
152,S,R,0.02943,0.05998,6.0,2,S,2,1,S152R,-2.262,-2.198,0.1865,4,6,1,-2.217,-2.535,-2.18,-2.118
152,S,T,0.01781,0.1063,4.0,2,S,2,1,S152T,-1.201,-1.197,0.07995,4,5,1,-1.185,-1.302,-1.209,-1.108
152,S,V,0.00389,0.08016,5.5,2,S,2,1,S152V,0.05198,0.04877,0.03314,4,6,1,0.04334,0.09516,0.0542,0.01521
152,S,W,0.1478,0.01556,3.5,2,S,2,1,S152W,-2.163,-2.031,0.5727,4,3,1,-2.175,-2.956,-1.887,-1.635
152,S,Y,-0.4803,0.007637,9.5,2,S,2,1,S152Y,-0.5571,-0.5309,0.1842,4,8,1,-0.6026,-0.3727,-0.4592,-0.794
153,G,-,-0.12,0.3671,3.0,2,G,2,1,G153-,0.08818,0.08447,0.02277,4,2,1,0.06786,0.1159,0.07132,0.09762
153,G,A,-0.284,,2.0,1,G,2,1,G153A,0.8807,0.9515,0.185,4,3,1,0.8974,1.006,1.006,0.614
153,G,C,-1.408,0.7575,13.5,2,G,2,1,G153C,0.106,0.1182,0.08526,4,14,1,0.1117,-0.00901,0.1965,0.1247
153,G,D,-0.3595,0.7198,10.0,2,G,2,1,G153D,0.7997,0.8195,0.1459,4,11,1,0.7181,0.9209,0.9244,0.6355
153,G,E,-0.3823,0.2574,6.5,2,G,2,1,G153E,0.9536,1.02,0.2446,4,10,1,1.072,1.167,0.9674,0.6077
153,G,F,-0.2416,0.313,6.0,2,G,2,1,G153F,-0.3136,-0.3213,0.08532,4,7,1,-0.3312,-0.4093,-0.3113,-0.2024
153,G,H,-0.233,0.08634,4.5,2,G,2,1,G153H,0.2279,0.2426,0.06895,4,5,1,0.2888,0.274,0.2113,0.1376
153,G,I,-0.484,0.5655,5.0,2,G,2,1,G153I,0.1964,0.1544,0.1409,4,4,1,0.07823,0.1303,0.3987,0.1784
153,G,K,0.1425,0.003748,4.5,2,G,2,1,G153K,-0.6309,-0.6439,0.05849,4,5,1,-0.6173,-0.6819,-0.6705,-0.554
153,G,L,-0.4742,0.2516,7.5,2,G,2,1,G153L,0.006605,0.00813,0.04858,4,8,1,0.02954,0.06055,-0.05039,-0.01328
153,G,M,-0.0212,0.2741,5.5,2,G,2,1,G153M,0.3697,0.3881,0.05141,4,6,1,0.3706,0.4059,0.4055,0.2967
153,G,N,-0.1663,0.34,2.0,2,G,2,1,G153N,0.4475,0.4734,0.1252,4,1,1,0.495,0.5689,0.4519,0.2743
153,G,P,-0.4404,0.04052,4.5,2,G,2,1,G153P,0.1924,0.2107,0.08402,4,5,1,0.1831,0.07848,0.2699,0.2384
153,G,Q,-0.283,0.03811,4.0,2,G,2,1,G153Q,0.3808,0.4026,0.07788,4,2,1,0.4058,0.4492,0.3994,0.2688
153,G,R,0.09887,0.0368,5.0,2,G,2,1,G153R,-0.1389,-0.1431,0.02172,4,5,1,-0.1374,-0.1094,-0.1488,-0.1601
153,G,S,-0.2299,0.361,7.5,2,G,2,1,G153S,0.9597,1.043,0.2189,4,4,1,0.9884,1.098,1.111,0.6419
153,G,T,-0.4508,0.03967,7.5,2,G,2,1,G153T,1.454,1.519,0.1872,4,7,1,1.462,1.576,1.592,1.187
153,G,V,-0.5471,0.2804,13.0,2,G,2,1,G153V,0.1388,0.1343,0.04176,4,15,1,0.1306,0.1938,0.138,0.09261
153,G,W,-1.196,1.317,5.5,2,G,2,1,G153W,1.277,1.356,0.2406,4,5,1,1.291,1.421,1.464,0.9337
153,G,Y,-0.09886,0.1364,3.0,2,G,2,1,G153Y,0.4395,0.4249,0.1029,4,4,1,0.4359,0.578,0.4139,0.3302
154,D,-,-0.05869,0.1891,3.0,2,D,2,1,D154-,0.01251,0.01704,0.03817,4,3,1,0.006853,-0.0372,0.02723,0.05314
154,D,A,-0.0171,0.2222,6.5,2,D,2,1,D154A,-1.217,-1.248,0.2929,4,5,1,-1.347,-1.528,-0.8441,-1.148
154,D,C,-0.3761,0.03514,3.5,2,D,2,1,D154C,-1.106,-1.05,0.1837,4,3,1,-1.026,-1.372,-1.073,-0.9534
154,D,E,-0.0666,0.005346,5.0,2,D,2,1,D154E,0.5452,0.5598,0.06598,4,3,1,0.553,0.6084,0.4528,0.5667
154,D,F,-0.0946,0.3199,6.0,2,D,2,1,D154F,-0.911,-0.8082,0.2221,4,8,1,-0.8307,-1.243,-0.7851,-0.7857
154,D,G,0.09699,0.1025,5.0,2,D,2,1,D154G,-1.208,-1.101,0.3368,4,4,1,-1.137,-1.697,-1.064,-0.9333
154,D,H,-0.1103,0.1353,6.5,2,D,2,1,D154H,-0.3386,-0.3434,0.01964,4,8,1,-0.3436,-0.357,-0.3431,-0.3108
154,D,I,0.1565,0.02277,8.0,2,D,2,1,D154I,0.05999,0.05462,0.02829,4,14,1,0.07113,0.09485,0.03812,0.03585
154,D,K,-0.4875,0.8804,5.0,2,D,2,1,D154K,-0.2947,-0.28,0.05136,4,6,1,-0.2991,-0.2532,-0.2609,-0.3656
154,D,L,0.06177,0.1044,5.0,2,D,2,1,D154L,0.2593,0.2496,0.03843,4,6,1,0.2693,0.2299,0.3095,0.2285
154,D,M,-0.0031,0.2275,5.0,2,D,2,1,D154M,0.8963,0.9846,0.2788,4,4,1,1.029,1.123,0.9397,0.4933
154,D,N,-0.3704,0.4078,11.5,2,D,2,1,D154N,-1.161,-1.086,0.1869,4,15,1,-1.121,-1.435,-1.051,-1.035
154,D,P,0.05553,0.1421,3.0,2,D,2,1,D154P,-1.731,-1.77,0.1747,4,4,1,-1.733,-1.895,-1.806,-1.488
154,D,Q,-0.1075,0.07687,4.0,2,D,2,1,D154Q,0.1865,0.1533,0.09198,4,3,1,0.1712,0.1355,0.3205,0.1188
154,D,R,-1.118,0.6612,3.0,2,D,2,1,D154R,-0.3427,-0.337,0.0289,4,1,1,-0.3505,-0.3801,-0.3166,-0.3235
154,D,S,-0.3029,0.1755,2.0,2,D,2,1,D154S,-0.6905,-0.6978,0.1281,4,1,1,-0.8254,-0.541,-0.6324,-0.7632
154,D,T,-2.281,3.126,5.5,2,D,2,1,D154T,-1.13,-1.032,0.2361,4,4,1,-1.065,-1.48,-0.9757,-0.9994
154,D,V,-0.6948,1.175,1.0,2,D,2,1,D154V,0.1035,0.105,0.0482,4,1,1,0.1195,0.04488,0.1592,0.09045
154,D,W,-0.4807,0.6835,2.0,2,D,2,1,D154W,-1.003,-0.8638,0.2954,4,2,1,-0.876,-1.445,-0.8516,-0.8391
154,D,Y,-0.5405,0.5253,12.5,2,D,2,1,D154Y,-0.1484,-0.158,0.06372,4,17,1,-0.1802,-0.06518,-0.1359,-0.2123
155,A,-,-0.5092,0.6367,3.0,2,A,2,1,A155-,0.01291,0.01742,0.03806,4,3,1,0.007888,-0.03678,0.02695,0.05359
155,A,C,-1.198,0.2758,4.5,2,A,2,1,A155C,-0.8785,-0.8493,0.08259,4,5,1,-0.8536,-0.9999,-0.8154,-0.8451
155,A,D,-0.8639,0.8232,9.5,2,A,2,1,A155D,0.22,0.1885,0.1837,4,7,1,0.2138,0.4706,0.1631,0.03239
155,A,E,0.1431,0.007212,4.0,2,A,2,1,A155E,-0.08878,-0.08897,0.01292,4,6,1,-0.09568,-0.07426,-0.08226,-0.1029
155,A,F,0.1404,0.04709,6.5,2,A,2,1,A155F,-0.7709,-0.6577,0.2309,4,9,1,-0.6525,-1.117,-0.651,-0.6629
155,A,G,-0.1274,0.05059,5.0,2,A,2,1,A155G,0.4021,0.3207,0.21,4,6,1,0.3789,0.2625,0.7061,0.261
155,A,H,-0.2842,0.09921,3.0,2,A,2,1,A155H,0.7592,0.8458,0.1921,4,2,1,0.829,0.8626,0.8728,0.4725
155,A,I,-0.5944,0.6174,5.0,2,A,2,1,A155I,-0.6207,-0.5756,0.141,4,3,1,-0.5497,-0.8242,-0.6015,-0.5076
155,A,K,-0.1928,0.3891,5.0,2,A,2,1,A155K,-0.2362,-0.2411,0.0117,4,3,1,-0.2439,-0.2413,-0.2188,-0.2409
155,A,L,-0.08516,0.02932,3.5,2,A,2,1,A155L,-0.9965,-0.9491,0.1241,4,4,1,-0.9633,-1.18,-0.9082,-0.9349
155,A,M,-0.7059,1.167,5.5,2,A,2,1,A155M,-0.4351,-0.4761,0.1036,4,6,1,-0.4639,-0.2819,-0.5063,-0.4882
155,A,N,-0.1266,0.3449,5.5,2,A,2,1,A155N,0.8794,0.9527,0.2107,4,4,1,0.9284,1.041,0.9771,0.571
155,A,P,0.1064,0.0869,4.5,2,A,2,1,A155P,1.123,1.107,0.1257,4,4,1,1.152,1.284,1.062,0.993
155,A,Q,-0.7334,0.5525,6.0,2,A,2,1,A155Q,0.4971,0.5121,0.0543,4,4,1,0.4939,0.5302,0.5425,0.4218
155,A,R,-0.9989,0.7624,5.5,2,A,2,1,A155R,0.4986,0.5335,0.1447,4,6,1,0.5158,0.5513,0.6331,0.2944
155,A,S,-0.3285,0.1238,6.0,2,A,2,1,A155S,0.8469,0.8318,0.3992,4,11,1,0.7138,0.9498,1.336,0.388
155,A,T,-0.6325,0.5465,9.0,2,A,2,1,A155T,0.663,0.6493,0.1545,4,9,1,0.7064,0.8561,0.5921,0.4975
155,A,V,-0.6163,0.6571,13.0,2,A,2,1,A155V,-1.446,-1.341,0.253,4,12,1,-1.333,-1.823,-1.278,-1.349
155,A,W,-0.03665,0.1974,3.0,2,A,2,1,A155W,-0.4471,-0.4634,0.07888,4,3,1,-0.5105,-0.3496,-0.5119,-0.4164
155,A,Y,-0.05085,0.1049,7.5,2,A,2,1,A155Y,-0.2117,-0.2166,0.01934,4,8,1,-0.212,-0.2289,-0.2213,-0.1846
156,H,-,0.004914,0.005457,3.0,2,H,2,1,H156-,0.01293,0.01743,0.03806,4,3,1,0.007927,-0.03677,0.02694,0.0536
156,H,A,-2.429,2.656,3.5,2,H,2,1,H156A,0.3037,0.3026,0.02157,4,5,1,0.2829,0.3171,0.288,0.3269
156,H,C,-0.8397,0.7967,7.0,2,H,2,1,H156C,0.02371,0.04047,0.05649,4,3,1,0.01596,0.06498,0.06715,-0.05325
156,H,D,0.01748,0.1593,6.0,2,H,2,1,H156D,-0.1108,-0.1282,0.06092,4,8,1,-0.1092,-0.02556,-0.1471,-0.1613
156,H,E,-0.4954,0.2792,8.0,2,H,2,1,H156E,-0.3156,-0.3201,0.04102,4,4,1,-0.3347,-0.3588,-0.3054,-0.2635
156,H,F,0.1517,0.03175,3.5,2,H,2,1,H156F,0.4715,0.4927,0.1481,4,4,1,0.4914,0.6293,0.494,0.2715
156,H,G,-0.2761,0.2899,2.5,2,H,2,1,H156G,0.2318,0.226,0.09692,4,2,1,0.2504,0.1216,0.2017,0.3534
156,H,I,-0.4125,0.5948,5.0,2,H,2,1,H156I,0.01991,0.007755,0.05246,4,4,1,0.03666,-0.02115,-0.02269,0.08681
156,H,K,-0.1338,0.3196,4.0,2,H,2,1,H156K,-0.5026,-0.4701,0.09234,4,4,1,-0.4767,-0.6383,-0.4635,-0.4321
156,H,L,0.1532,0.02107,3.0,2,H,2,1,H156L,-0.03554,-0.03929,0.01161,4,5,1,-0.0186,-0.03884,-0.03975,-0.04496
156,H,M,0.05495,0.0158,4.0,2,H,2,1,H156M,0.1771,0.1693,0.0684,4,5,1,0.1417,0.1066,0.1968,0.2633
156,H,N,-0.0107,0.2118,11.5,2,H,2,1,H156N,-0.2417,-0.241,0.02559,4,18,1,-0.2719,-0.2308,-0.2127,-0.2512
156,H,P,-1.652,2.048,4.0,2,H,2,1,H156P,0.01101,0.02757,0.08235,4,1,1,0.003148,0.052,0.08946,-0.1006
156,H,Q,0.1147,0.03647,5.0,2,H,2,1,H156Q,0.2671,0.2825,0.04931,4,5,1,0.2728,0.2921,0.3074,0.1963
156,H,R,-0.2549,0.4732,8.5,2,H,2,1,H156R,-1.655,-1.61,0.1429,4,9,1,-1.586,-1.861,-1.539,-1.634
156,H,S,-0.2344,0.1418,1.5,2,H,2,1,H156S,-0.05136,-0.05681,0.02921,4,1,1,-0.05779,-0.05583,-0.01099,-0.08083
156,H,T,-1.526,0.2086,5.0,2,H,2,1,H156T,0.1864,0.1983,0.0655,4,5,1,0.1724,0.2487,0.2241,0.1005
156,H,V,-0.1806,0.4899,4.5,2,H,2,1,H156V,-0.8247,-0.81,0.03331,4,5,1,-0.8098,-0.8745,-0.8043,-0.8102
156,H,W,0.1236,0.0145,8.0,2,H,2,1,H156W,0.9357,0.9201,0.1234,4,8,1,0.9444,1.099,0.8959,0.8038
156,H,Y,-0.00425,0.1541,7.5,2,H,2,1,H156Y,0.2987,0.2929,0.03059,4,6,1,0.2701,0.2808,0.3391,0.305
157,I,-,0.04741,0.09204,4.0,2,I,2,1,I157-,1.208,1.25,0.2322,4,5,1,1.4,0.9314,1.4,1.1
157,I,A,0.09045,0.09991,6.5,2,I,2,1,I157A,0.8867,0.9468,0.1433,4,9,1,0.9207,0.973,0.9777,0.6753
157,I,C,-0.9858,1.038,4.0,2,I,2,1,I157C,0.6443,0.6439,0.06719,4,6,1,0.6101,0.6777,0.5696,0.7197
157,I,D,-1.343,0.8835,5.5,2,I,2,1,I157D,1.252,1.439,0.4542,4,5,1,1.356,1.522,1.546,0.5821
157,I,E,-0.5381,0.9064,2.0,2,I,2,1,I157E,0.5794,0.5791,0.2343,4,3,1,0.6547,0.8565,0.5035,0.3029
157,I,F,-0.1598,0.1934,4.5,2,I,2,1,I157F,0.7311,0.7388,0.1031,4,6,1,0.7564,0.848,0.7213,0.5988
157,I,G,-1.013,0.5338,6.0,2,I,2,1,I157G,1.371,1.41,0.1229,4,9,1,1.361,1.458,1.464,1.201
157,I,H,-1.749,1.316,3.5,2,I,2,1,I157H,0.9179,1.086,0.4084,4,2,1,1.105,1.19,1.067,0.3101
157,I,K,-0.5458,0.6155,2.5,2,I,2,1,I157K,0.7079,0.6713,0.09586,4,4,1,0.6958,0.847,0.6468,0.6421
157,I,L,0.09259,0.06705,3.5,2,I,2,1,I157L,0.7008,0.7726,0.1798,4,1,1,0.7337,0.8204,0.8116,0.4375
157,I,M,-0.1662,0.1837,4.5,2,I,2,1,I157M,0.6668,0.7395,0.3664,4,3,1,0.5544,0.9246,0.9898,0.1984
157,I,N,-1.174,1.845,3.5,2,I,2,1,I157N,0.5789,0.3902,0.6642,4,4,1,0.2945,0.4859,1.53,0.005144
157,I,P,-0.5415,0.2342,5.5,2,I,2,1,I157P,-0.5392,-0.5829,0.2598,4,2,1,-0.6712,-0.7947,-0.4947,-0.196
157,I,Q,-1.116,0.3659,6.5,2,I,2,1,I157Q,1.091,1.18,0.2501,4,8,1,1.108,1.273,1.251,0.7322
157,I,R,-0.5508,0.7469,4.5,2,I,2,1,I157R,1.195,1.207,0.1881,4,5,1,1.214,1.413,1.199,0.9535
157,I,S,-1.527,0.2666,4.0,2,I,2,1,I157S,0.9493,0.9416,0.4255,4,4,1,0.8392,1.044,1.468,0.4461
157,I,T,-0.8027,0.08549,8.0,2,I,2,1,I157T,1.319,1.372,0.2496,4,12,1,1.381,1.562,1.363,0.9697
157,I,V,-0.1885,0.4547,10.0,2,I,2,1,I157V,0.7285,0.7267,0.01237,4,11,1,0.7453,0.7265,0.7155,0.7268
157,I,W,-0.2161,0.2939,6.0,2,I,2,1,I157W,0.3126,0.3206,0.1431,4,8,1,0.3565,0.4757,0.2848,0.1333
157,I,Y,-1.035,0.2329,6.5,2,I,2,1,I157Y,1.161,1.14,0.4102,4,6,1,1.079,1.202,1.68,0.6844
158,P,-,0.01467,0.007555,5.0,2,P,2,1,P158-,0.02045,0.01091,0.06947,4,6,1,0.02817,0.1122,-0.006364,-0.05221
158,P,A,0.0031,0.1178,6.0,2,P,2,1,P158A,1.028,1.019,0.1212,4,4,1,1.06,1.178,0.9786,0.8938
158,P,C,-2.982,0.1959,7.5,2,P,2,1,P158C,0.08199,0.08024,0.1653,4,6,1,0.02634,0.2789,0.1341,-0.1114
158,P,D,-0.501,0.4297,3.0,2,P,2,1,P158D,0.5147,0.5379,0.1546,4,2,1,0.5426,0.5331,0.678,0.3051
158,P,E,0.1117,0.01858,2.5,2,P,2,1,P158E,0.7109,0.772,0.228,4,4,1,0.7412,0.8027,0.9137,0.3861
158,P,F,-0.6421,0.1332,3.5,2,P,2,1,P158F,0.1337,0.1403,0.05786,4,3,1,0.1122,0.1915,0.06267,0.1683
158,P,G,-0.03835,0.2408,3.0,2,P,2,1,P158G,1.216,1.194,0.144,4,2,1,1.239,1.406,1.071,1.149
158,P,H,-0.5764,0.1693,9.5,2,P,2,1,P158H,0.498,0.5285,0.1366,4,9,1,0.4786,0.5784,0.6213,0.3138
158,P,I,-0.5607,0.2006,5.0,2,P,2,1,P158I,0.08478,0.09084,0.0515,4,8,1,0.06509,0.1357,0.1166,0.02178
158,P,K,-0.00665,0.1836,5.5,2,P,2,1,P158K,0.1137,0.1152,0.009541,4,4,1,0.101,0.1128,0.1176,0.1235
158,P,L,-0.04985,0.04812,9.5,2,P,2,1,P158L,0.004502,0.05267,0.1565,4,11,1,0.02835,0.1338,0.077,-0.2212
158,P,M,-0.789,0.6788,4.0,2,P,2,1,P158M,0.2114,0.2148,0.07005,4,4,1,0.2109,0.2935,0.2187,0.1224
158,P,N,-0.4317,0.01336,11.0,2,P,2,1,P158N,1.054,1.253,0.448,4,8,1,1.195,1.322,1.31,0.3871
158,P,Q,-0.4172,0.1109,4.0,2,P,2,1,P158Q,0.8387,0.9589,0.3625,4,3,1,0.8982,1.02,1.124,0.313
158,P,R,-0.2619,0.5296,6.0,2,P,2,1,P158R,0.8198,0.7785,0.2356,4,5,1,0.8618,1.131,0.6952,0.591
158,P,S,-0.5297,0.5504,7.5,2,P,2,1,P158S,0.8797,0.9757,0.2499,4,7,1,0.9522,0.9993,1.057,0.5104
158,P,T,-0.1745,0.1027,7.5,2,P,2,1,P158T,1.26,1.367,0.321,4,7,1,1.313,1.421,1.512,0.794
158,P,V,-1.355,1.055,5.5,2,P,2,1,P158V,0.003839,-0.005459,0.02965,4,6,1,-0.01038,0.04662,-0.0005343,-0.02035
158,P,W,-0.5321,0.1992,6.5,2,P,2,1,P158W,-0.1545,-0.1621,0.05745,4,7,1,-0.1639,-0.0774,-0.1603,-0.2164
158,P,Y,-0.2687,0.6183,4.5,2,P,2,1,P158Y,-0.005901,-0.03651,0.07404,4,5,1,-0.04396,0.104,-0.02907,-0.05461
159,F,-,-1.531,1.853,4.5,2,F,2,1,F159-,0.03963,0.01476,0.1299,4,5,1,0.04762,0.2161,-0.01809,-0.0871
159,F,A,-0.00985,0.1838,3.5,2,F,2,1,F159A,0.3249,0.3108,0.05955,4,3,1,0.3321,0.4059,0.2723,0.2894
159,F,C,-0.3151,0.397,2.0,2,F,2,1,F159C,0.7913,0.7791,0.05249,4,3,1,0.8042,0.8601,0.754,0.7469
159,F,D,-0.3929,0.4823,2.5,2,F,2,1,F159D,0.7243,0.7484,0.0743,4,3,1,0.7208,0.776,0.7801,0.6205
159,F,E,0.1022,0.03833,5.0,2,F,2,1,F159E,-0.1579,-0.1427,0.06719,4,6,1,-0.1494,-0.2522,-0.09389,-0.136
159,F,G,-0.00484,0.03206,7.0,2,F,2,1,F159G,0.689,0.6648,0.1098,4,7,1,0.6834,0.8419,0.5844,0.6463
159,F,H,-0.4609,0.7441,4.0,2,F,2,1,F159H,-0.01399,-0.01897,0.07376,4,3,1,-0.05811,-0.09012,0.07211,0.02017
159,F,I,-1.147,1.719,6.0,2,F,2,1,F159I,-0.03974,-0.05298,0.04516,4,6,1,-0.03875,0.02356,-0.07655,-0.06721
159,F,K,0.01815,0.2162,1.5,2,F,2,1,F159K,0.1674,0.1707,0.007551,4,1,1,0.1696,0.1721,0.1562,0.1717
159,F,L,-0.07645,0.2891,8.0,2,F,2,1,F159L,0.7308,0.7339,0.04404,4,13,1,0.7039,0.7639,0.6831,0.7723
159,F,M,-0.3675,0.4613,4.0,2,F,2,1,F159M,1.23,1.236,0.1752,4,3,1,1.263,1.436,1.21,1.011
159,F,N,-0.02234,0.1558,5.0,2,F,2,1,F159N,0.01278,0.01501,0.01475,4,4,1,-0.00555,0.00745,0.02665,0.02257
159,F,P,0.1107,0.02343,6.5,2,F,2,1,F159P,-0.05343,-0.06099,0.03868,4,2,1,-0.08242,-0.08674,-0.03957,-0.004985
159,F,Q,0.1209,,0.5,1,F,2,1,F159Q,0.7684,0.7693,0.01918,4,1,1,0.7548,0.7837,0.786,0.7491
159,F,R,0.01656,0.01679,6.0,2,F,2,1,F159R,0.5349,0.5141,0.07763,4,7,1,0.511,0.4654,0.5171,0.6461
159,F,S,0.06764,0.09046,3.5,2,F,2,1,F159S,0.5839,0.6045,0.1976,4,3,1,0.6554,0.7981,0.5536,0.3285
159,F,T,-0.0281,0.1308,4.0,2,F,2,1,F159T,0.4069,0.362,0.2807,4,3,1,0.344,0.1142,0.7891,0.38
159,F,V,-0.7322,0.9091,5.0,2,F,2,1,F159V,0.6589,0.7435,0.2171,4,5,1,0.7224,0.8106,0.7646,0.3378
159,F,W,-0.492,0.2093,3.0,2,F,2,1,F159W,-0.6839,-0.6844,0.01087,4,5,1,-0.6884,-0.6805,-0.6707,-0.696
159,F,Y,0.02455,0.1812,6.0,2,F,2,1,F159Y,0.5376,0.5885,0.1227,4,5,1,0.5676,0.6094,0.6169,0.3565
160,G,-,-0.2996,0.4256,4.0,2,G,2,1,G160-,0.4059,0.4286,0.06007,4,4,1,0.4399,0.4483,0.4172,0.3179
160,G,A,-2.24,0.8047,7.0,2,G,2,1,G160A,-0.295,-0.2864,0.07954,4,6,1,-0.2645,-0.2095,-0.3083,-0.3978
160,G,C,-4.957,0.01626,17.5,2,G,2,1,G160C,-0.3688,-0.3779,0.05207,4,17,1,-0.4015,-0.3544,-0.4175,-0.3018
160,G,D,-0.2532,0.2505,10.5,2,G,2,1,G160D,-0.5305,-0.5177,0.121,4,14,1,-0.533,-0.6896,-0.5024,-0.3971
160,G,E,-1.095,0.1131,8.0,2,G,2,1,G160E,-1.497,-1.461,0.1727,4,7,1,-1.52,-1.729,-1.335,-1.402
160,G,F,-4.502,0.4285,4.0,2,G,2,1,G160F,-0.4038,-0.4196,0.07783,4,5,1,-0.4119,-0.2956,-0.4274,-0.4803
160,G,H,-3.429,2.23,2.5,2,G,2,1,G160H,-0.7786,-0.7283,0.136,4,4,1,-0.7417,-0.9789,-0.6789,-0.7149
160,G,I,-4.212,0.3578,4.0,2,G,2,1,G160I,-0.4729,-0.526,0.1608,4,4,1,-0.5269,-0.2377,-0.5251,-0.602
160,G,K,-4.285,0.9779,2.0,2,G,2,1,G160K,-0.9956,-1.065,0.1952,4,2,1,-1.036,-0.7102,-1.141,-1.095
160,G,L,-3.851,0.2249,5.5,2,G,2,1,G160L,-1.101,-1.098,0.1289,4,3,1,-1.22,-0.9884,-0.9905,-1.205
160,G,M,-3.868,1.451,2.5,2,G,2,1,G160M,0.1531,0.08903,0.201,4,3,1,0.111,0.445,0.06708,-0.01079
160,G,N,-0.5104,0.1817,5.0,2,G,2,1,G160N,0.2112,0.2147,0.04084,4,5,1,0.1861,0.2485,0.2434,0.167
160,G,P,-0.05445,0.298,4.5,2,G,2,1,G160P,-1.419,-1.416,0.09673,4,6,1,-1.453,-1.535,-1.31,-1.379
160,G,Q,-2.466,0.3939,8.5,2,G,2,1,G160Q,-1.373,-1.3,0.1741,4,7,1,-1.26,-1.63,-1.328,-1.272
160,G,R,-4.777,0.2864,8.5,2,G,2,1,G160R,-0.5636,-0.5613,0.009469,4,9,1,-0.5637,-0.559,-0.5551,-0.5768
160,G,S,-1.425,0.1973,11.0,2,G,2,1,G160S,-0.5485,-0.4873,0.1422,4,10,1,-0.4797,-0.7606,-0.495,-0.4588
160,G,T,-3.247,0.6725,2.5,2,G,2,1,G160T,-0.3074,-0.3005,0.06604,4,1,1,-0.3945,-0.2942,-0.2344,-0.3067
160,G,V,-3.649,1.085,7.0,2,G,2,1,G160V,-0.3097,-0.3446,0.1685,4,8,1,-0.3489,-0.07436,-0.3402,-0.4751
160,G,W,-3.153,0.2758,4.0,2,G,2,1,G160W,-0.1906,-0.2243,0.1403,4,6,1,-0.2059,0.007054,-0.2426,-0.321
160,G,Y,-3.976,0.3642,8.0,2,G,2,1,G160Y,-0.05781,-0.04203,0.04538,4,5,1,-0.05592,-0.02462,-0.02813,-0.1226
161,T,-,-0.131,0.007707,4.5,2,T,2,1,T161-,-0.371,-0.4106,0.1046,4,5,1,-0.4437,-0.4361,-0.219,-0.3851
161,T,A,-0.0033,0.2469,7.0,2,T,2,1,T161A,-0.02214,-0.01252,0.02127,4,8,1,-0.01332,-0.05396,-0.009573,-0.01171
161,T,C,-1.058,0.1855,4.5,2,T,2,1,T161C,0.2429,0.2204,0.1317,4,3,1,0.273,0.4144,0.1679,0.1161
161,T,D,0.1413,0.008485,5.0,2,T,2,1,T161D,1.145,1.186,0.1447,4,4,1,1.173,1.199,1.27,0.9366
161,T,E,-0.9999,1.611,3.0,2,T,2,1,T161E,0.2323,0.2245,0.07104,4,1,1,0.1968,0.1584,0.2521,0.3219
161,T,F,-0.06712,0.1275,11.5,2,T,2,1,T161F,-1.611,-1.61,0.05044,4,12,1,-1.648,-1.572,-1.563,-1.66
161,T,G,-0.6218,0.2666,3.5,2,T,2,1,T161G,-0.1771,-0.1481,0.06925,4,4,1,-0.1608,-0.2792,-0.1354,-0.1328
161,T,H,0.03095,0.1934,4.0,2,T,2,1,T161H,-0.01056,-0.01007,0.0124,4,5,1,-0.01688,-0.00327,0.002524,-0.0246
161,T,I,-0.0105,0.2113,10.5,2,T,2,1,T161I,-1.466,-1.473,0.06176,4,14,1,-1.463,-1.534,-1.385,-1.484
161,T,K,-1.025,1.155,5.5,2,T,2,1,T161K,0.2568,0.2917,0.09648,4,7,1,0.2742,0.3278,0.3092,0.116
161,T,L,0.05388,0.1197,3.5,2,T,2,1,T161L,-1.62,-1.563,0.1762,4,4,1,-1.545,-1.876,-1.477,-1.58
161,T,M,-0.295,0.4593,7.0,2,T,2,1,T161M,-1.014,-0.9805,0.1019,4,8,1,-0.9811,-1.163,-0.98,-0.9318
161,T,N,-0.06214,0.1626,9.0,2,T,2,1,T161N,1.12,1.126,0.1875,4,11,1,1.15,1.343,1.101,0.8866
161,T,P,0.05339,0.1191,7.0,2,T,2,1,T161P,0.3482,0.3564,0.0224,4,7,1,0.3643,0.3619,0.3158,0.351
161,T,Q,-0.5748,0.1088,8.0,2,T,2,1,T161Q,0.7577,0.7586,0.08538,4,7,1,0.7302,0.7869,0.8575,0.6562
161,T,R,0.1076,0.08527,3.5,2,T,2,1,T161R,0.8481,0.9108,0.1477,4,4,1,0.9159,0.9058,0.9429,0.6279
161,T,S,-0.3307,0.4604,8.0,2,T,2,1,T161S,0.3929,0.3617,0.08526,4,8,1,0.3315,0.5168,0.3426,0.3809
161,T,V,-0.8508,0.7103,4.5,2,T,2,1,T161V,-1.51,-1.483,0.09103,4,4,1,-1.634,-1.439,-1.523,-1.444
161,T,W,-0.4787,0.2652,5.5,2,T,2,1,T161W,-2.108,-2.118,0.1707,4,5,1,-2.245,-1.99,-2.264,-1.933
161,T,Y,0.0604,0.03478,4.5,2,T,2,1,T161Y,-1.049,-1.021,0.08867,4,3,1,-1.038,-1.177,-1.004,-0.9777
162,V,-,0.04557,0.02336,4.0,2,V,2,1,V162-,0.9266,0.9483,0.1316,4,4,1,0.9986,1.055,0.8981,0.7549
162,V,A,0.03735,0.0968,4.5,2,V,2,1,V162A,0.7936,0.8286,0.141,4,6,1,0.8089,0.8482,0.9228,0.5943
162,V,C,-0.4788,0.3324,5.5,2,V,2,1,V162C,0.2593,0.2395,0.07252,4,4,1,0.1949,0.3634,0.2399,0.2392
162,V,D,-0.0425,0.2553,5.5,2,V,2,1,V162D,0.8649,0.882,0.2101,4,10,1,0.8884,1.104,0.8756,0.5917
162,V,E,0.1205,0.02128,3.5,2,V,2,1,V162E,1.498,1.52,0.1265,4,3,1,1.572,1.617,1.469,1.332
162,V,F,0.04196,0.1273,5.0,2,V,2,1,V162F,-0.2664,-0.3053,0.08829,4,6,1,-0.3206,-0.1345,-0.3076,-0.303
162,V,G,-0.2554,0.5163,7.0,2,V,2,1,V162G,0.9469,1.02,0.2431,4,6,1,1.015,1.154,1.024,0.5948
162,V,H,-0.1948,0.425,3.0,2,V,2,1,V162H,1.265,1.339,0.1741,4,4,1,1.306,1.373,1.374,1.008
162,V,I,-0.1597,0.01442,4.0,2,V,2,1,V162I,0.3628,0.4069,0.13,4,4,1,0.464,0.4254,0.1735,0.3883
162,V,K,0.04604,0.1111,5.5,2,V,2,1,V162K,-0.2734,-0.2611,0.05661,4,3,1,-0.2759,-0.3512,-0.2463,-0.2203
162,V,L,-0.3726,0.5176,12.0,2,V,2,1,V162L,1.035,1.055,0.1554,4,18,1,0.9899,1.119,1.193,0.8389
162,V,M,0.06407,0.08432,13.5,2,V,2,1,V162M,1.17,1.204,0.1239,4,15,1,1.154,1.254,1.27,1.001
162,V,N,-0.2912,0.6313,4.5,2,V,2,1,V162N,1.388,1.496,0.4278,4,5,1,1.495,1.782,1.496,0.779
162,V,P,-0.3001,0.5976,2.0,2,V,2,1,V162P,0.4897,0.5098,0.09285,4,1,1,0.5235,0.5789,0.496,0.3604
162,V,Q,0.0628,0.06633,3.0,2,V,2,1,V162Q,0.9763,0.971,0.05652,4,3,1,0.9509,1.047,0.9911,0.9158
162,V,R,-0.5101,0.02227,5.0,2,V,2,1,V162R,0.06766,0.0738,0.1662,4,5,1,0.07261,0.2649,0.07499,-0.1419
162,V,S,0.0107,0.1833,6.0,2,V,2,1,V162S,0.5993,0.605,0.07344,4,5,1,0.5685,0.6754,0.6415,0.5118
162,V,T,-0.2722,0.5749,4.0,2,V,2,1,V162T,0.5903,0.6135,0.07483,4,2,1,0.5911,0.6497,0.6359,0.4845
162,V,W,-0.3584,0.7017,5.0,2,V,2,1,V162W,-2.206,-2.163,0.2084,4,5,1,-2.256,-2.479,-2.019,-2.07
162,V,Y,-0.1144,0.3455,3.5,2,V,2,1,V162Y,0.07849,0.0483,0.09963,4,5,1,0.05032,0.223,0.04629,-0.005611
163,L,-,-0.0353,0.1039,4.5,2,L,2,1,L163-,0.7576,0.7753,0.09927,4,4,1,0.8121,0.853,0.7385,0.6267
163,L,A,-0.4057,0.02963,2.0,2,L,2,1,L163A,1.363,1.344,0.06592,4,2,1,1.322,1.365,1.456,1.31
163,L,C,-0.1376,0.2498,4.5,2,L,2,1,L163C,1.459,1.548,0.2449,4,2,1,1.504,1.592,1.637,1.101
163,L,D,-1.205,0.8509,3.5,2,L,2,1,L163D,0.5929,0.607,0.1656,4,5,1,0.6375,0.7782,0.5766,0.3792
163,L,E,0.06799,0.1375,5.5,2,L,2,1,L163E,0.8014,0.8599,0.1615,4,5,1,0.8269,0.8929,0.9195,0.5662
163,L,F,-0.2261,0.514,3.5,2,L,2,1,L163F,0.005307,-0.001426,0.02977,4,5,1,-0.0228,0.003517,0.04688,-0.00637
163,L,G,-0.06067,0.1195,5.0,2,L,2,1,L163G,1.344,1.408,0.2731,4,7,1,1.409,1.602,1.408,0.9585
163,L,H,0.1516,0.02899,4.0,2,L,2,1,L163H,0.8621,0.8646,0.1265,4,3,1,0.8904,1.012,0.8388,0.7068
163,L,I,0.1062,0.08594,4.0,2,L,2,1,L163I,-0.07197,-0.07194,0.02815,4,5,1,-0.08666,-0.04084,-0.05722,-0.1032
163,L,K,-0.506,0.9037,4.5,2,L,2,1,L163K,0.1259,0.131,0.03481,4,5,1,0.1253,0.07923,0.1367,0.1625
163,L,M,-0.6452,0.8468,8.0,2,L,2,1,L163M,0.7914,0.7689,0.1034,4,7,1,0.7902,0.9347,0.7476,0.6932
163,L,N,-0.1226,0.3243,3.0,2,L,2,1,L163N,1.293,1.436,0.3325,4,3,1,1.42,1.503,1.453,0.7969
163,L,P,-0.6262,0.9939,3.5,2,L,2,1,L163P,-0.9229,-0.9408,0.08875,4,4,1,-0.9217,-0.96,-1.009,-0.801
163,L,Q,0.08359,0.07468,4.0,2,L,2,1,L163Q,0.7603,0.7511,0.1191,4,5,1,0.7999,0.9064,0.6327,0.7023
163,L,R,-0.2771,0.5692,2.5,2,L,2,1,L163R,-0.03153,-0.03481,0.02915,4,2,1,-0.05972,0.003226,-0.05101,-0.01861
163,L,S,0.1186,0.07241,2.5,2,L,2,1,L163S,0.7308,0.7477,0.1054,4,4,1,0.7712,0.8387,0.7241,0.5892
163,L,T,-0.248,0.5838,6.5,2,L,2,1,L163T,1.012,1.071,0.1635,4,7,1,1.031,1.112,1.131,0.7758
163,L,V,-0.1664,0.08648,7.0,2,L,2,1,L163V,0.1504,0.1498,0.03658,4,10,1,0.1701,0.1295,0.1111,0.1909
163,L,W,0.1007,0.04712,3.5,2,L,2,1,L163W,-0.07647,-0.05707,0.05487,4,5,1,-0.07087,-0.0361,-0.04327,-0.1557
163,L,Y,-0.07725,0.3072,7.5,2,L,2,1,L163Y,0.3957,0.3975,0.04855,4,9,1,0.3712,0.4238,0.4473,0.3407
164,G,-,-0.3022,0.1339,4.0,2,G,2,1,G164-,-0.0915,-0.09754,0.0179,4,3,1,-0.1017,-0.1052,-0.09337,-0.0657
164,G,A,-0.6197,0.8136,7.0,2,G,2,1,G164A,1.022,1.053,0.1355,4,5,1,0.9987,1.108,1.141,0.8405
164,G,C,-0.9251,0.5839,18.5,2,G,2,1,G164C,1.222,1.313,0.2783,4,24,1,1.203,1.428,1.422,0.8357
164,G,D,-0.1779,0.1895,14.5,2,G,2,1,G164D,1.359,1.423,0.2242,4,22,1,1.368,1.548,1.478,1.042
164,G,E,-0.498,0.5547,3.5,2,G,2,1,G164E,0.7117,0.739,0.4958,4,4,1,0.697,0.7809,1.289,0.07987
164,G,F,-0.01648,0.1197,7.5,2,G,2,1,G164F,0.7021,0.7023,0.05092,4,9,1,0.6751,0.758,0.7296,0.6458
164,G,H,-0.02594,0.1753,5.0,2,G,2,1,G164H,1.278,1.237,0.1166,4,6,1,1.243,1.45,1.231,1.19
164,G,I,-0.1021,0.3659,3.0,2,G,2,1,G164I,1.346,1.356,0.3031,4,3,1,1.498,1.679,1.214,0.9932
164,G,L,-0.9032,0.1835,4.5,2,G,2,1,G164L,1.422,1.459,0.1487,4,7,1,1.47,1.56,1.449,1.212
164,G,M,-0.2601,0.5711,3.5,2,G,2,1,G164M,1.515,1.65,0.4218,4,2,1,1.63,1.859,1.669,0.9002
164,G,N,-0.562,0.8882,7.5,2,G,2,1,G164N,1.199,1.231,0.4208,4,10,1,1.15,1.312,1.673,0.6592
164,G,P,-0.9262,1.487,6.0,2,G,2,1,G164P,0.9741,1.001,0.1327,4,7,1,0.9526,1.098,1.049,0.7968
164,G,Q,-0.3696,0.4459,6.5,2,G,2,1,G164Q,2.133,2.137,0.191,4,4,1,2.158,2.361,1.895,2.117
164,G,R,-0.9011,1.036,5.0,2,G,2,1,G164R,-0.1102,-0.08701,0.07331,4,3,1,-0.06936,-0.0516,-0.215,-0.1047
164,G,S,-0.533,0.4183,12.5,2,G,2,1,G164S,0.9569,1.073,0.3371,4,13,1,1.012,1.215,1.133,0.4671
164,G,T,-0.2779,0.2264,5.5,2,G,2,1,G164T,0.9027,0.9687,0.3252,4,8,1,0.9033,1.034,1.218,0.455
164,G,V,-0.7043,1.052,6.5,2,G,2,1,G164V,1.316,1.363,0.2947,4,5,1,1.29,1.437,1.617,0.9224
164,G,W,-0.3606,0.1336,7.5,2,G,2,1,G164W,-0.003233,0.002028,0.08928,4,6,1,-0.04928,0.05334,0.08777,-0.1048
164,G,Y,-0.5769,0.8402,5.5,2,G,2,1,G164Y,0.5843,0.5667,0.116,4,6,1,0.5441,0.5893,0.74,0.4639
165,N,-,0.04751,0.02513,4.0,2,N,2,1,N165-,-0.09234,-0.09746,0.01871,4,3,1,-0.1005,-0.1088,-0.09442,-0.0657
165,N,A,0.1341,0.05304,6.0,2,N,2,1,N165A,-0.2002,-0.1974,0.04184,4,7,1,-0.1527,-0.2533,-0.1885,-0.2063
165,N,C,-0.5524,0.6797,3.5,2,N,2,1,N165C,-1.118,-1.009,0.2399,4,3,1,-1.011,-1.477,-1.006,-0.9777
165,N,D,-0.8609,0.9406,3.0,2,N,2,1,N165D,-2.991,-3.098,0.2839,4,4,1,-3.196,-2.573,-3.069,-3.128
165,N,E,-0.3009,0.3136,7.5,2,N,2,1,N165E,-2.991,-2.981,0.2783,4,8,1,-3.288,-2.796,-2.716,-3.166
165,N,F,-0.1455,0.09547,8.5,2,N,2,1,N165F,-1.098,-1.097,0.04932,4,9,1,-1.11,-1.158,-1.084,-1.039
165,N,G,-0.5422,0.9642,3.0,2,N,2,1,N165G,-0.2914,-0.2764,0.0319,4,3,1,-0.2735,-0.3391,-0.2749,-0.278
165,N,H,0.04612,0.06403,5.0,2,N,2,1,N165H,-0.8189,-0.8355,0.07666,4,7,1,-0.8803,-0.8814,-0.7907,-0.7232
165,N,I,-0.2556,0.5568,2.0,2,N,2,1,N165I,1.311,1.28,0.2625,4,3,1,1.346,1.654,1.214,1.031
165,N,K,-0.1414,0.3797,8.0,2,N,2,1,N165K,-1.974,-1.985,0.1118,4,8,1,-2.088,-1.839,-1.93,-2.04
165,N,L,-0.3947,0.7098,6.5,2,N,2,1,N165L,0.07573,0.06628,0.02551,4,4,1,0.06475,0.06782,0.1134,0.05699
165,N,M,0.1515,0.02475,6.5,2,N,2,1,N165M,-0.6908,-0.6809,0.07431,4,7,1,-0.6691,-0.6928,-0.7898,-0.6116
165,N,P,-0.2871,0.0799,3.5,2,N,2,1,N165P,0.8896,0.9224,0.1758,4,4,1,0.9062,1.066,0.9386,0.6473
165,N,Q,0.08117,0.01479,3.0,2,N,2,1,N165Q,-1.944,-1.954,0.1029,4,2,1,-1.943,-2.057,-1.808,-1.965
165,N,R,-0.2547,0.4705,4.5,2,N,2,1,N165R,-1.11,-0.9995,0.24,4,2,1,-1.01,-1.469,-0.9889,-0.9714
165,N,S,-0.9558,,3.5,1,N,2,1,N165S,-0.7797,-0.7335,0.1137,4,7,1,-0.7375,-0.9489,-0.7294,-0.7032
165,N,T,-0.03665,0.1382,5.0,2,N,2,1,N165T,1.266,1.312,0.2363,4,7,1,1.258,1.497,1.365,0.9434
165,N,V,-1.047,1.623,4.5,2,N,2,1,N165V,1.86,1.957,0.3546,4,4,1,1.971,2.176,1.942,1.352
165,N,W,-0.2391,0.09588,7.0,2,N,2,1,N165W,-1.47,-1.473,0.4103,4,5,1,-1.394,-1.962,-1.553,-0.97
165,N,Y,-0.5587,0.06215,6.0,2,N,2,1,N165Y,-1.199,-1.076,0.2657,4,3,1,-1.103,-1.595,-1.049,-1.047
166,F,-,-0.07825,0.2634,3.5,2,F,2,1,F166-,-0.08822,-0.09614,0.02013,4,3,1,-0.102,-0.09933,-0.09296,-0.05857
166,F,A,0.03368,0.1337,4.0,2,F,2,1,F166A,-1.519,-1.535,0.07991,4,5,1,-1.598,-1.408,-1.53,-1.54
166,F,C,-0.9302,1.145,1.5,2,F,2,1,F166C,-2.294,-2.394,0.3555,4,1,1,-2.512,-1.8,-2.276,-2.589
166,F,D,0.1401,0.01662,7.0,2,F,2,1,F166D,0.8405,0.9791,0.3628,4,3,1,0.9041,1.054,1.093,0.3102
166,F,E,-0.5444,0.7575,6.0,2,F,2,1,F166E,1.476,1.444,0.3641,4,4,1,1.664,1.893,1.223,1.123
166,F,G,-1.68,1.601,1.5,2,F,2,1,F166G,-1.466,-1.408,0.1661,4,1,1,-1.43,-1.708,-1.385,-1.339
166,F,H,0.1316,0.006435,4.0,2,F,2,1,F166H,-0.5977,-0.4952,0.2331,4,4,1,-0.4909,-0.9461,-0.4996,-0.4543
166,F,I,-0.9338,0.6918,6.0,2,F,2,1,F166I,-0.8038,-0.8216,0.1465,4,6,1,-0.84,-0.6093,-0.9627,-0.8032
166,F,K,-0.2972,0.2938,5.5,2,F,2,1,F166K,-1.813,-1.81,0.08397,4,6,1,-1.917,-1.828,-1.792,-1.714
166,F,L,-0.6618,0.7909,11.0,2,F,2,1,F166L,-1.646,-1.678,0.2326,4,12,1,-1.761,-1.346,-1.883,-1.595
166,F,N,0.04452,0.122,4.5,2,F,2,1,F166N,0.1498,0.1324,0.07202,4,2,1,0.09672,0.2441,0.1681,0.09045
166,F,P,-0.845,1.041,4.0,2,F,2,1,F166P,-2.511,-2.61,0.3283,4,4,1,-2.718,-2.051,-2.502,-2.773
166,F,Q,-0.5854,0.9187,5.0,2,F,2,1,F166Q,1.191,1.236,0.2082,4,6,1,1.223,1.248,1.392,0.899
166,F,R,-0.087,0.3304,2.5,2,F,2,1,F166R,-0.1417,-0.1261,0.05099,4,3,1,-0.1292,-0.09906,-0.1231,-0.2157
166,F,S,0.1065,0.09568,8.5,2,F,2,1,F166S,0.5545,0.5671,0.06787,4,10,1,0.5301,0.604,0.6141,0.4696
166,F,T,0.1552,0.02461,4.0,2,F,2,1,F166T,-0.9009,-0.8738,0.1953,4,4,1,-0.8709,-1.164,-0.8768,-0.6918
166,F,W,0.00955,0.2126,2.0,2,F,2,1,F166W,2.116,2.246,0.3646,4,2,1,2.378,2.356,1.594,2.136
166,F,Y,0.08719,0.07143,5.0,2,F,2,1,F166Y,0.1551,0.1568,0.02165,4,5,1,0.1671,0.129,0.1777,0.1465
167,Y,-,-0.09448,0.1095,3.5,2,Y,2,1,Y167-,-0.8681,-0.8574,0.05946,4,3,1,-0.8393,-0.8754,-0.8099,-0.9477
167,Y,A,-0.6569,0.7058,4.0,2,Y,2,1,Y167A,-1.787,-1.781,0.05804,4,4,1,-1.852,-1.742,-1.734,-1.82
167,Y,C,-1.132,1.807,5.5,2,Y,2,1,Y167C,-2.156,-2.249,0.3,4,6,1,-2.376,-1.744,-2.121,-2.382
167,Y,D,-0.5173,0.3969,6.0,2,Y,2,1,Y167D,-2.24,-2.393,0.3665,4,4,1,-2.471,-1.701,-2.315,-2.472
167,Y,E,-1.153,0.394,3.5,2,Y,2,1,Y167E,-2.346,-2.427,0.2755,4,5,1,-2.536,-1.967,-2.318,-2.564
167,Y,F,-0.1359,0.02489,2.5,2,Y,2,1,Y167F,-2.305,-2.35,0.1859,4,1,1,-2.342,-2.479,-2.358,-2.042
167,Y,G,-0.203,0.13,4.0,2,Y,2,1,Y167G,-2.915,-2.948,0.1459,4,7,1,-2.999,-2.718,-3.048,-2.896
167,Y,H,0.01505,0.2234,4.0,2,Y,2,1,Y167H,-1.695,-1.702,0.09764,4,3,1,-1.807,-1.569,-1.707,-1.697
167,Y,I,-1.642,0.2609,7.5,2,Y,2,1,Y167I,-2.2,-2.232,0.09525,4,7,1,-2.061,-2.275,-2.221,-2.243
167,Y,K,-1.579,0.1252,6.0,2,Y,2,1,Y167K,-2.284,-2.312,0.1531,4,5,1,-2.405,-2.099,-2.219,-2.415
167,Y,L,-1.042,0.2591,3.0,2,Y,2,1,Y167L,-3.692,-3.784,0.2933,4,5,1,-3.92,-3.278,-3.878,-3.691
167,Y,M,-0.6313,0.2462,4.5,2,Y,2,1,Y167M,-2.744,-2.813,0.2805,4,5,1,-2.939,-2.37,-2.687,-2.979
167,Y,N,-0.5381,0.077,3.5,2,Y,2,1,Y167N,-2.413,-2.518,0.3049,4,4,1,-2.414,-1.981,-2.633,-2.623
167,Y,P,-1.086,0.7315,8.0,2,Y,2,1,Y167P,-0.8294,-0.8111,0.07577,4,8,1,-0.781,-0.8413,-0.9315,-0.7638
167,Y,Q,-1.64,0.06435,2.5,2,Y,2,1,Y167Q,-1.974,-2.09,0.3157,4,1,1,-2.176,-1.519,-2.003,-2.197
167,Y,R,-1.971,0.5968,4.5,2,Y,2,1,Y167R,-2.919,-3.032,0.3726,4,4,1,-2.99,-3.074,-3.23,-2.38
167,Y,S,-3.496,0.5812,3.5,2,Y,2,1,Y167S,-0.5682,-0.6115,0.2878,4,5,1,-0.8084,-0.4146,-0.8107,-0.2391
167,Y,T,-2.7,0.05586,7.0,2,Y,2,1,Y167T,-1.537,-1.741,0.5008,4,8,1,-1.727,-0.7921,-1.875,-1.755
167,Y,V,-1.378,0.1768,7.5,2,Y,2,1,Y167V,-1.844,-1.898,0.2033,4,8,1,-2.024,-1.554,-1.928,-1.868
167,Y,W,-0.5332,0.624,2.0,2,Y,2,1,Y167W,1.14,0.9759,0.4597,4,2,1,0.9416,1.01,0.7929,1.816
168,C,*,-4.932,,1.5,1,C,2,1,C168*,1.354,1.353,0.5007,4,3,1,1.039,1.666,1.882,0.8272
168,C,-,-0.1066,0.194,3.0,2,C,2,1,C168-,-1.369,-1.399,0.3582,4,2,1,-1.449,-1.772,-1.349,-0.9047
168,C,A,-0.9526,0.6003,6.5,2,C,2,1,C168A,-1.215,-1.155,0.1476,4,7,1,-1.159,-1.435,-1.117,-1.15
168,C,D,-4.55,0.5282,6.5,2,C,2,1,C168D,-0.6535,-0.6589,0.1481,4,5,1,-0.7355,-0.4839,-0.8124,-0.5822
168,C,E,-4.842,0.02546,2.5,2,C,2,1,C168E,0.4557,0.4619,0.2063,4,1,1,0.4774,0.7016,0.4464,0.1976
168,C,F,-4.941,0.01485,13.0,2,C,2,1,C168F,-0.4643,-0.4621,0.1144,4,10,1,-0.4927,-0.3298,-0.4315,-0.6032
168,C,H,-3.006,2.005,5.0,2,C,2,1,C168H,-1.026,-1.032,0.06745,4,5,1,-1.086,-0.9546,-0.9819,-1.081
168,C,I,-4.851,0.09546,6.5,2,C,2,1,C168I,-0.07215,0.006667,0.2437,4,7,1,-0.02797,0.0413,0.1237,-0.4256
168,C,K,-4.133,1.115,4.5,2,C,2,1,C168K,-1.169,-1.297,0.3524,4,4,1,-1.345,-0.6524,-1.43,-1.25
168,C,L,-4.646,0.3026,3.5,2,C,2,1,C168L,0.5795,0.515,0.198,4,4,1,0.5089,0.4195,0.8686,0.521
168,C,M,0.1455,0.01598,2.0,2,C,2,1,C168M,1.069,1.057,0.128,4,3,1,1.212,1.141,0.9492,0.9731
168,C,N,-3.745,0.123,4.5,2,C,2,1,C168N,-1.112,-1.197,0.1836,4,7,1,-1.218,-0.8383,-1.214,-1.179
168,C,P,-4.797,0.1711,4.0,2,C,2,1,C168P,-0.6159,-0.5949,0.08357,4,6,1,-0.5841,-0.7343,-0.5396,-0.6057
168,C,Q,-3.777,0.3246,7.5,2,C,2,1,C168Q,-1.337,-1.304,0.09352,4,5,1,-1.309,-1.474,-1.3,-1.265
168,C,R,-4.969,0.05233,4.5,2,C,2,1,C168R,-0.002738,0.0007751,0.07346,4,5,1,-0.05407,-0.0774,0.05562,0.0649
168,C,S,-2.323,1.777,3.5,2,C,2,1,C168S,-0.8488,-0.8563,0.07411,4,3,1,-0.8549,-0.7512,-0.8576,-0.9315
168,C,T,-4.35,0.6604,5.0,2,C,2,1,C168T,-1.391,-1.59,0.4076,4,4,1,-1.606,-0.7804,-1.576,-1.603
168,C,V,-4.869,0.04525,5.5,2,C,2,1,C168V,-0.1184,-0.09223,0.1382,4,6,1,-0.1188,0.0184,-0.0657,-0.3075
168,C,W,-4.972,0.03465,6.5,2,C,2,1,C168W,-0.4102,-0.4716,0.2768,4,5,1,-0.4645,-0.02126,-0.4786,-0.6766
168,C,Y,-4.721,0.3451,9.5,2,C,2,1,C168Y,0.09554,0.08262,0.1236,4,10,1,0.06663,0.09861,0.2579,-0.04103
169,F,-,-0.3003,0.1762,5.5,2,F,2,1,F169-,-0.7849,-0.8008,0.0827,4,4,1,-0.8067,-0.6704,-0.8675,-0.7948
169,F,A,-3.478,2.147,3.0,2,F,2,1,F169A,-0.8963,-0.9362,0.09485,4,2,1,-0.9571,-0.7556,-0.9236,-0.9488
169,F,C,-2.664,0.06081,4.5,2,F,2,1,F169C,-0.9767,-1.096,0.2553,4,7,1,-1.079,-0.5946,-1.121,-1.112
169,F,D,-4.847,0.1761,6.0,2,F,2,1,F169D,-0.06461,-0.02603,0.2243,4,6,1,-0.08882,0.03675,0.1587,-0.365
169,F,E,-4.458,0.5918,3.0,2,F,2,1,F169E,-0.3346,-0.09018,0.527,4,3,1,-0.1137,-0.06661,-0.03434,-1.124
169,F,G,-2.997,0.6208,7.0,2,F,2,1,F169G,-0.7407,-0.7465,0.07387,4,10,1,-0.7694,-0.6477,-0.7236,-0.822
169,F,H,-1.326,,2.5,1,F,2,1,F169H,-2.252,-2.426,0.5554,4,4,1,-2.464,-1.445,-2.388,-2.711
169,F,I,-3.37,0.1018,6.0,2,F,2,1,F169I,-0.09646,-0.1021,0.208,4,3,1,-0.08992,0.1636,-0.1144,-0.3451
169,F,K,-1.231,0.8544,4.0,2,F,2,1,F169K,-1.148,-1.309,0.3467,4,4,1,-1.296,-0.629,-1.322,-1.346
169,F,L,-2.316,0.01061,16.0,2,F,2,1,F169L,-2.11,-2.073,0.2152,4,21,1,-2.192,-1.953,-2.377,-1.919
169,F,M,-2.139,0.2171,5.5,2,F,2,1,F169M,-1.79,-1.833,0.1669,4,6,1,-1.942,-1.553,-1.849,-1.816
169,F,N,-2.022,0.3161,6.0,2,F,2,1,F169N,-2.612,-2.623,0.1308,4,7,1,-2.727,-2.474,-2.526,-2.72
169,F,P,-4.93,0.03677,5.0,2,F,2,1,F169P,-0.06545,-0.08159,0.1315,4,4,1,-0.09063,0.1099,-0.07255,-0.2085
169,F,Q,-3.402,0.4363,3.5,2,F,2,1,F169Q,-0.0007125,-0.01234,0.09196,4,4,1,-0.1,-0.001999,0.1219,-0.02269
169,F,R,-1.629,0.6668,3.0,2,F,2,1,F169R,-1.075,-1.305,0.6689,4,4,1,-1.275,-0.09401,-1.597,-1.336
169,F,S,-0.8758,1.482,4.5,2,F,2,1,F169S,-1.014,-0.9844,0.1208,4,4,1,-1.024,-0.9448,-1.18,-0.9071
169,F,T,-4.643,0.5226,4.5,2,F,2,1,F169T,-1.092,-1.114,0.07094,4,3,1,-1.145,-0.9949,-1.083,-1.145
169,F,V,-3.817,1.372,4.5,2,F,2,1,F169V,-1.022,-1.133,0.3219,4,6,1,-1.11,-0.55,-1.157,-1.271
169,F,W,-0.8054,0.3063,8.0,2,F,2,1,F169W,-1.912,-1.987,0.2088,4,7,1,-2.058,-1.615,-1.918,-2.057
169,F,Y,-0.1271,0.333,5.5,2,F,2,1,F169Y,-2.175,-2.409,0.5311,4,3,1,-2.491,-1.387,-2.327,-2.495
170,V,-,-0.284,0.2429,4.5,2,V,2,1,V170-,-0.01142,-0.01184,0.03012,4,3,1,-0.007451,-0.04762,0.02563,-0.01624
170,V,A,-0.165,0.09965,10.5,2,V,2,1,V170A,-0.4069,-0.3942,0.04738,4,8,1,-0.4127,-0.4716,-0.3677,-0.3757
170,V,C,-0.588,0.4566,5.5,2,V,2,1,V170C,-1.223,-1.23,0.05813,4,7,1,-1.243,-1.286,-1.218,-1.147
170,V,D,-4.947,0.06647,5.0,2,V,2,1,V170D,-0.5204,-0.5556,0.1029,4,4,1,-0.5644,-0.3697,-0.5468,-0.6005
170,V,E,-1.582,0.09899,5.5,2,V,2,1,V170E,-2.322,-2.404,0.2862,4,6,1,-2.541,-1.939,-2.268,-2.542
170,V,F,-0.4216,0.07955,5.5,2,V,2,1,V170F,-2.641,-2.656,0.199,4,6,1,-2.781,-2.418,-2.531,-2.833
170,V,G,-1.441,0.3981,4.0,2,V,2,1,V170G,-2.033,-2.008,0.3682,4,4,1,-2.406,-1.711,-2.294,-1.723
170,V,H,0.1271,0.05315,1.5,2,V,2,1,V170H,-1.163,-1.019,0.3141,4,1,1,-1.03,-1.633,-1.008,-0.981
170,V,I,-0.07886,0.2024,4.5,2,V,2,1,V170I,-0.995,-0.9071,0.2203,4,4,1,-0.9461,-1.319,-0.8681,-0.8467
170,V,K,-0.7664,0.01768,4.0,2,V,2,1,V170K,-2.52,-2.614,0.3314,4,2,1,-2.73,-2.06,-2.499,-2.79
170,V,L,-2.609,0.4377,7.5,2,V,2,1,V170L,-0.7122,-0.7304,0.08219,4,9,1,-0.7721,-0.7821,-0.6886,-0.6062
170,V,M,-0.3976,0.7131,8.0,2,V,2,1,V170M,-1.644,-1.748,0.2836,4,9,1,-1.662,-1.237,-1.842,-1.834
170,V,N,0.01197,0.08835,7.5,2,V,2,1,V170N,-0.6935,-0.6942,0.06913,4,8,1,-0.6805,-0.7765,-0.7078,-0.6093
170,V,P,-4.924,0.03111,4.5,2,V,2,1,V170P,0.07517,0.05562,0.05804,4,3,1,0.02935,0.05187,0.1601,0.05936
170,V,Q,-0.8154,1.21,5.0,2,V,2,1,V170Q,-2.862,-2.99,0.4022,4,4,1,-3.102,-2.29,-2.878,-3.178
170,V,R,-0.7089,1.245,6.5,2,V,2,1,V170R,-2.772,-2.845,0.3462,4,9,1,-2.987,-2.314,-2.702,-3.086
170,V,S,-0.1819,0.4422,4.0,2,V,2,1,V170S,-2.59,-2.575,0.2149,4,5,1,-2.725,-2.39,-2.426,-2.821
170,V,T,0.1121,0.0869,8.0,2,V,2,1,V170T,0.05338,0.06127,0.04251,4,8,1,0.05078,0.09524,0.07175,-0.004269
170,V,W,-2.215,0.4115,5.5,2,V,2,1,V170W,-1.393,-1.407,0.09375,4,7,1,-1.487,-1.272,-1.442,-1.372
170,V,Y,-0.5652,0.8213,3.5,2,V,2,1,V170Y,1.563,1.645,0.2398,4,3,1,1.607,1.683,1.214,1.748
171,N,-,-0.2775,0.1374,4.0,2,N,2,1,N171-,-0.01458,-0.02651,0.03519,4,3,1,-0.01563,-0.04079,0.0355,-0.03738
171,N,A,-1.014,0.7485,4.0,2,N,2,1,N171A,-1.576,-1.585,0.0456,4,3,1,-1.621,-1.575,-1.595,-1.514
171,N,C,-2.962,0.01273,6.0,2,N,2,1,N171C,-1.117,-1.188,0.3306,4,6,1,-1.059,-0.676,-1.417,-1.318
171,N,D,-0.5537,0.2005,6.0,2,N,2,1,N171D,-1.524,-1.523,0.03308,4,4,1,-1.491,-1.558,-1.5,-1.545
171,N,E,-1.16,0.5093,4.0,2,N,2,1,N171E,-0.5856,-0.6015,0.1363,4,3,1,-0.7156,-0.4237,-0.6792,-0.5238
171,N,F,-3.185,1.045,3.5,2,N,2,1,N171F,-2.087,-2.211,0.325,4,2,1,-2.287,-1.614,-2.134,-2.311
171,N,G,-2.145,0.7608,3.5,2,N,2,1,N171G,-1.952,-1.928,0.1613,4,5,1,-2.021,-1.805,-1.834,-2.147
171,N,H,-1.172,0.427,7.0,2,N,2,1,N171H,-2.572,-2.565,0.2302,4,7,1,-2.847,-2.31,-2.65,-2.479
171,N,I,-4.119,0.2694,7.5,2,N,2,1,N171I,-0.9215,-1.032,0.3756,4,8,1,-0.8935,-0.4011,-1.221,-1.171
171,N,K,-0.8135,0.3812,5.5,2,N,2,1,N171K,-1.45,-1.498,0.2946,4,7,1,-1.463,-1.05,-1.533,-1.755
171,N,L,-3.516,0.8825,2.5,2,N,2,1,N171L,-2.132,-2.197,0.2354,4,4,1,-2.303,-1.815,-2.092,-2.32
171,N,M,-3.698,1.612,3.0,2,N,2,1,N171M,-2.85,-2.765,0.4225,4,3,1,-2.724,-3.437,-2.806,-2.434
171,N,P,-4.887,0.1047,6.5,2,N,2,1,N171P,-0.2303,-0.1929,0.1887,4,5,1,-0.2053,-0.0431,-0.1805,-0.4923
171,N,Q,-1.524,0.6102,5.5,2,N,2,1,N171Q,-0.4967,-0.6312,0.3504,4,2,1,-0.6007,0.02129,-0.6616,-0.7458
171,N,R,-0.0998,0.3673,5.0,2,N,2,1,N171R,-3.136,-3.212,0.3169,4,7,1,-3.339,-2.709,-3.084,-3.41
171,N,S,-1.933,0.1407,6.5,2,N,2,1,N171S,-2.548,-2.671,0.3305,4,5,1,-2.776,-2.073,-2.572,-2.771
171,N,T,-2.388,1.227,8.0,2,N,2,1,N171T,-2.65,-2.754,0.3055,4,7,1,-2.828,-2.21,-2.68,-2.881
171,N,V,-3.071,0.7559,4.0,2,N,2,1,N171V,-1.654,-1.958,0.6489,4,1,1,-1.969,-0.6819,-1.947,-2.019
171,N,W,-4.478,0.5339,3.5,2,N,2,1,N171W,-0.004122,0.008751,0.03581,4,2,1,0.02265,0.01324,0.004263,-0.05664
171,N,Y,-2.665,0.3288,5.0,2,N,2,1,N171Y,-0.05703,-0.06142,0.04463,4,7,1,-0.1048,-0.0005081,-0.07663,-0.04622
172,T,-,-0.155,0.1245,4.5,2,T,2,1,T172-,-0.7152,-0.769,0.1362,4,4,1,-0.806,-0.7352,-0.8028,-0.5169
172,T,A,-0.1358,0.1201,7.5,2,T,2,1,T172A,0.1677,0.1821,0.05801,4,10,1,0.1905,0.2209,0.1736,0.08578
172,T,C,-2.904,0.4957,5.5,2,T,2,1,T172C,-1.689,-1.695,0.05581,4,6,1,-1.742,-1.728,-1.662,-1.624
172,T,D,-0.02985,0.2539,6.0,2,T,2,1,T172D,-0.9832,-0.931,0.1171,4,6,1,-0.948,-1.157,-0.9135,-0.9141
172,T,E,0.1491,0.03267,6.5,2,T,2,1,T172E,-1.836,-1.746,0.2689,4,8,1,-1.794,-2.225,-1.624,-1.699
172,T,F,-0.3304,0.1579,7.5,2,T,2,1,T172F,0.4751,0.4416,0.07186,4,7,1,0.4471,0.5826,0.4362,0.4346
172,T,G,-0.2022,0.3435,4.0,2,T,2,1,T172G,1.298,1.297,0.2096,4,4,1,1.369,1.545,1.225,1.052
172,T,H,-0.3343,0.4348,3.5,2,T,2,1,T172H,-0.01717,-0.02044,0.03396,4,7,1,0.02643,-0.02955,-0.01132,-0.05422
172,T,I,-0.4909,0.1131,7.0,2,T,2,1,T172I,-0.9758,-0.9583,0.0863,4,11,1,-0.9746,-1.095,-0.9421,-0.8917
172,T,K,-0.1172,0.4093,5.5,2,T,2,1,T172K,-0.5585,-0.5403,0.0685,4,7,1,-0.5656,-0.6524,-0.515,-0.501
172,T,L,-0.2308,0.3514,3.5,2,T,2,1,T172L,-0.7754,-0.817,0.1577,4,5,1,-0.7513,-0.8827,-0.9057,-0.562
172,T,N,0.1462,0.01648,4.0,2,T,2,1,T172N,-0.3704,-0.3559,0.05762,4,6,1,-0.3288,-0.4467,-0.383,-0.323
172,T,P,-2.812,1.445,7.5,2,T,2,1,T172P,-1.168,-1.181,0.05004,4,9,1,-1.209,-1.1,-1.202,-1.159
172,T,Q,0.1508,0.03125,6.5,2,T,2,1,T172Q,-0.6178,-0.5726,0.1141,4,9,1,-0.581,-0.787,-0.5389,-0.5642
172,T,R,0.04066,0.1603,5.0,2,T,2,1,T172R,-0.1553,-0.1685,0.05038,4,8,1,-0.1544,-0.1992,-0.085,-0.1826
172,T,S,-0.7457,0.5846,1.0,2,T,2,1,T172S,0.7523,0.7824,0.1958,4,1,1,0.7107,0.8541,0.9472,0.4974
172,T,V,-0.1611,0.2454,7.5,2,T,2,1,T172V,-2.166,-2.132,0.2192,4,7,1,-2.177,-2.46,-1.94,-2.087
172,T,W,-1.442,0.4921,3.0,2,T,2,1,T172W,0.2623,0.2624,0.06685,4,4,1,0.3214,0.319,0.203,0.2059
172,T,Y,-1.172,0.1838,3.5,2,T,2,1,T172Y,0.7609,0.7429,0.2123,4,3,1,0.7592,1.037,0.7267,0.5207
173,T,-,-0.5106,0.8308,4.5,2,T,2,1,T173-,0.01512,0.01343,0.06318,4,3,1,-0.0004496,-0.05928,0.02731,0.0929
173,T,A,-0.4557,0.3448,9.0,2,T,2,1,T173A,-1.739,-1.76,0.2071,4,12,1,-1.883,-1.499,-1.637,-1.939
173,T,C,-0.09146,0.2651,5.5,2,T,2,1,T173C,-1.255,-1.128,0.306,4,5,1,-1.138,-1.711,-1.118,-1.053
173,T,D,-1.184,0.7232,8.0,2,T,2,1,T173D,-2.008,-2.021,0.09149,4,6,1,-2.072,-1.896,-2.093,-1.971
173,T,E,-0.7122,0.8836,3.0,2,T,2,1,T173E,-2.958,-3.054,0.3188,4,5,1,-3.152,-2.509,-2.956,-3.214
173,T,F,-1.113,0.08556,7.0,2,T,2,1,T173F,-3.26,-3.33,0.2422,4,7,1,-3.458,-2.92,-3.255,-3.405
173,T,G,-0.5682,0.1587,6.5,2,T,2,1,T173G,-2.215,-2.224,0.1046,4,11,1,-2.332,-2.212,-2.237,-2.079
173,T,H,-0.8234,0.5921,6.5,2,T,2,1,T173H,-2.018,-2.031,0.2719,4,5,1,-2.144,-1.917,-2.318,-1.693
173,T,I,-0.6721,0.3409,6.5,2,T,2,1,T173I,-0.8754,-0.8062,0.2316,4,8,1,-0.7326,-0.6889,-1.201,-0.8797
173,T,K,-0.3205,0.68,6.5,2,T,2,1,T173K,-2.326,-2.311,0.2559,4,10,1,-2.427,-2.051,-2.631,-2.194
173,T,L,-1.545,0.07849,4.5,2,T,2,1,T173L,-2.912,-3.0,0.3566,4,5,1,-3.13,-2.425,-2.87,-3.221
173,T,M,-1.031,0.9589,4.5,2,T,2,1,T173M,-1.706,-1.684,0.3165,4,3,1,-1.903,-1.41,-2.046,-1.465
173,T,N,-1.806,0.2143,3.0,2,T,2,1,T173N,-1.392,-1.741,0.7268,4,3,1,-1.78,-0.3035,-1.783,-1.703
173,T,P,-0.278,0.4737,3.0,2,T,2,1,T173P,-1.953,-1.892,0.172,4,3,1,-1.93,-2.202,-1.825,-1.854
173,T,Q,-1.07,0.7613,3.5,2,T,2,1,T173Q,-2.13,-2.264,0.3298,4,1,1,-2.343,-1.648,-2.185,-2.345
173,T,R,-0.6394,0.2023,2.5,2,T,2,1,T173R,-2.684,-2.782,0.3485,4,3,1,-2.898,-2.199,-2.665,-2.972
173,T,S,-0.3643,0.7127,4.0,2,T,2,1,T173S,0.09088,0.1012,0.0276,4,3,1,0.1104,0.09491,0.1075,0.05073
173,T,V,-0.7073,0.5483,9.0,2,T,2,1,T173V,-2.411,-2.549,0.429,4,11,1,-2.683,-1.803,-2.741,-2.415
173,T,W,-1.881,0.1386,7.0,2,T,2,1,T173W,-1.796,-2.0,0.6469,4,7,1,-2.047,-0.8554,-1.954,-2.328
173,T,Y,-2.976,1.416,7.0,2,T,2,1,T173Y,-3.336,-3.453,0.3284,4,8,1,-3.583,-2.855,-3.407,-3.498
174,I,-,-0.1821,0.03026,4.0,2,I,2,1,I174-,0.05833,0.05878,0.02765,4,2,1,0.05353,0.09133,0.06403,0.02443
174,I,A,-0.4809,0.6819,2.5,2,I,2,1,I174A,1.279,1.34,0.2692,4,3,1,1.305,1.375,1.535,0.9019
174,I,C,-1.384,0.5762,6.5,2,I,2,1,I174C,-1.657,-1.66,0.1204,4,6,1,-1.696,-1.512,-1.623,-1.797
174,I,D,0.145,0.01259,8.5,2,I,2,1,I174D,0.6628,0.6872,0.08784,4,12,1,0.6713,0.7391,0.7031,0.5378
174,I,E,0.1154,0.0277,2.0,2,I,2,1,I174E,0.5073,0.4971,0.05946,4,2,1,0.524,0.5835,0.4703,0.4512
174,I,F,-1.073,1.594,6.5,2,I,2,1,I174F,-0.1995,-0.166,0.1296,4,5,1,-0.1867,-0.08294,-0.1452,-0.383
174,I,G,-0.3321,0.2468,7.0,2,I,2,1,I174G,1.427,1.495,0.2558,4,9,1,1.377,1.633,1.613,1.085
174,I,H,0.1511,0.0157,6.0,2,I,2,1,I174H,0.7684,0.8331,0.191,4,7,1,0.7823,0.9128,0.8839,0.4945
174,I,K,-2.026,1.442,8.5,2,I,2,1,I174K,1.666,1.523,0.4629,4,6,1,1.549,1.496,2.338,1.281
174,I,L,-0.1588,0.4133,7.5,2,I,2,1,I174L,0.3547,0.3962,0.1926,4,6,1,0.3659,0.4265,0.5396,0.08673
174,I,M,0.1373,,2.0,1,I,2,1,I174M,0.5776,0.5245,0.1292,4,4,1,0.5525,0.7671,0.4964,0.4944
174,I,N,-0.02493,0.1326,9.0,2,I,2,1,I174N,1.111,1.154,0.1939,4,8,1,1.147,1.297,1.161,0.8385
174,I,P,-0.3181,0.4533,5.5,2,I,2,1,I174P,-0.593,-0.5991,0.08103,4,9,1,-0.6287,-0.4925,-0.6812,-0.5695
174,I,Q,-0.5403,0.5052,2.5,2,I,2,1,I174Q,1.089,1.086,0.2227,4,4,1,1.049,1.122,1.362,0.8214
174,I,R,-0.6297,0.02284,3.5,2,I,2,1,I174R,0.477,0.4739,0.04105,4,5,1,0.452,0.4958,0.5252,0.4352
174,I,T,-0.0607,0.3161,5.5,2,I,2,1,I174T,1.235,1.247,0.248,4,8,1,1.301,1.522,1.193,0.9255
174,I,V,0.1357,0.003394,6.0,2,I,2,1,I174V,0.2253,0.2141,0.06673,4,6,1,0.1675,0.2551,0.3054,0.1732
174,I,W,-0.0756,0.3516,6.5,2,I,2,1,I174W,-0.02969,-0.04008,0.02692,4,5,1,-0.04855,0.00995,-0.03613,-0.04402
174,I,Y,-0.4137,0.7802,3.5,2,I,2,1,I174Y,-1.129,-1.3,0.3686,4,1,1,-1.302,-0.5772,-1.34,-1.299
175,G,*,-4.956,0.0792,7.5,2,G,2,1,G175*,0.2096,0.1959,0.04424,4,6,1,0.1736,0.205,0.1868,0.2731
175,G,-,-0.4913,0.5218,4.0,2,G,2,1,G175-,0.05768,0.05904,0.02633,4,2,1,0.05427,0.08816,0.0638,0.02448
175,G,A,-0.0788,0.2543,8.0,2,G,2,1,G175A,-0.008996,0.0004692,0.04919,4,9,1,-0.01328,-0.07557,0.01422,0.03865
175,G,C,-0.9184,1.231,6.5,2,G,2,1,G175C,-1.865,-2.174,0.719,4,11,1,-2.288,-0.7999,-2.312,-2.059
175,G,D,0.1128,0.01848,7.5,2,G,2,1,G175D,-0.8312,-0.7823,0.1469,4,8,1,-0.7922,-1.046,-0.7724,-0.7143
175,G,E,0.1106,0.01682,25.5,2,G,2,1,G175E,-0.9605,-0.9757,0.04549,4,34,1,-0.978,-0.9966,-0.9735,-0.8939
175,G,F,-0.8353,0.3404,10.5,2,G,2,1,G175F,-2.534,-2.554,0.08448,4,10,1,-2.611,-2.417,-2.577,-2.53
175,G,H,-0.5166,0.2879,7.0,2,G,2,1,G175H,0.03079,0.03345,0.02471,4,5,1,0.03742,0.02948,0.0579,-0.001637
175,G,I,-0.09485,0.3801,3.5,2,G,2,1,G175I,-1.351,-1.318,0.2447,4,4,1,-1.319,-1.68,-1.318,-1.088
175,G,K,-0.3822,0.2421,3.5,2,G,2,1,G175K,2.081,2.032,0.2522,4,5,1,2.052,2.43,2.012,1.828
175,G,L,-0.0073,0.2536,8.5,2,G,2,1,G175L,-0.7811,-0.7341,0.1305,4,7,1,-0.7595,-0.9712,-0.7087,-0.6848
175,G,M,-0.2292,0.4048,4.5,2,G,2,1,G175M,-1.529,-1.412,0.284,4,8,1,-1.462,-1.948,-1.344,-1.362
175,G,N,-2.743,2.742,3.0,2,G,2,1,G175N,-0.814,-0.6907,0.3076,4,1,1,-0.7128,-1.27,-0.6687,-0.604
175,G,P,-0.031,0.2041,3.5,2,G,2,1,G175P,-0.5715,-0.6122,0.09769,4,4,1,-0.6348,-0.4266,-0.5995,-0.6248
175,G,Q,0.1548,0.02652,1.5,2,G,2,1,G175Q,-0.02264,-0.001359,0.07682,4,2,1,0.01672,0.04337,-0.1312,-0.01943
175,G,R,-0.3565,0.5236,18.0,2,G,2,1,G175R,0.5687,0.5721,0.04873,4,16,1,0.6022,0.6166,0.5139,0.5421
175,G,S,-0.04765,0.2201,3.5,2,G,2,1,G175S,0.979,0.9416,0.1943,4,3,1,1.036,1.229,0.8474,0.8044
175,G,T,-0.4412,0.432,7.0,2,G,2,1,G175T,0.04095,0.04012,0.03308,4,9,1,0.01777,0.06248,0.00801,0.07555
175,G,V,-0.0317,0.131,10.0,2,G,2,1,G175V,-0.4828,-0.4851,0.01728,4,13,1,-0.5014,-0.4839,-0.4863,-0.4597
175,G,W,-1.136,1.704,2.5,2,G,2,1,G175W,-1.208,-1.218,0.2834,4,3,1,-1.296,-1.141,-1.536,-0.8598
175,G,Y,-0.3725,0.3219,4.5,2,G,2,1,G175Y,-1.742,-1.735,0.08984,4,5,1,-1.804,-1.834,-1.663,-1.667
176,N,-,-0.3181,0.1181,3.5,2,T,2,1,N176-,0.0581,0.05879,0.02729,4,2,1,0.05349,0.09041,0.06408,0.02443
176,N,A,-0.5932,0.3741,4.5,2,T,2,1,N176A,1.102,1.089,0.127,4,4,1,1.089,1.27,1.089,0.9615
176,N,C,-0.7406,0.4559,6.5,2,T,2,1,N176C,-1.091,-1.001,0.2134,4,7,1,-1.024,-1.408,-0.9541,-0.9781
176,N,D,-0.03296,0.1573,12.0,2,T,2,1,N176D,0.8299,0.8108,0.1007,4,8,1,0.8331,0.9672,0.7308,0.7885
176,N,E,-0.1288,0.07296,5.5,2,T,2,1,N176E,0.1304,0.1435,0.09194,4,5,1,0.1135,0.1736,0.2243,0.01044
176,N,F,-0.07377,0.1809,7.0,2,T,2,1,N176F,0.6608,0.6699,0.02967,4,7,1,0.6654,0.6854,0.6744,0.618
176,N,G,-0.6215,,7.5,1,T,2,1,N176G,1.158,1.16,0.1409,4,12,1,1.207,1.323,1.114,0.9903
176,N,H,-0.06945,0.2749,6.0,2,T,2,1,N176H,0.921,0.9593,0.1588,4,4,1,0.9598,1.069,0.9589,0.6959
176,N,I,-1.098,1.778,3.0,2,T,2,1,N176I,0.7444,0.7278,0.09038,4,5,1,0.7234,0.8691,0.7323,0.6529
176,N,K,-1.293,0.5457,8.0,2,T,2,1,N176K,1.381,1.32,0.2249,4,5,1,1.417,1.685,1.222,1.2
176,N,L,-0.158,0.2002,8.5,2,T,2,1,N176L,0.5684,0.6029,0.1252,4,9,1,0.58,0.6258,0.6775,0.3904
176,N,M,-0.113,0.3565,3.0,2,T,2,1,N176M,0.5504,0.5611,0.1732,4,2,1,0.6061,0.7464,0.5162,0.3328
176,N,Q,0.04094,0.06019,3.5,2,T,2,1,N176Q,0.6779,0.7032,0.1343,4,2,1,0.6897,0.4927,0.7166,0.8127
176,N,R,-1.289,0.14,4.0,2,T,2,1,N176R,-0.06917,-0.003677,0.2022,4,5,1,0.09388,-0.3632,-0.02662,0.01926
176,N,S,-0.2313,0.4851,10.0,2,T,2,1,N176S,0.8742,0.8743,0.03371,4,10,1,0.8393,0.9088,0.8966,0.852
176,N,T,-0.07974,0.2428,3.0,2,T,2,1,N176T,0.6015,0.6234,0.09101,4,3,1,0.6217,0.6866,0.6251,0.4725
176,N,V,-1.647,0.4476,4.5,2,T,2,1,N176V,0.2903,0.3127,0.1412,4,6,1,0.2836,0.4355,0.3417,0.1004
176,N,W,-0.9479,0.3806,3.5,2,T,2,1,N176W,-0.2395,-0.2348,0.02167,4,5,1,-0.2433,-0.2263,-0.2199,-0.2684
176,N,Y,0.1035,0.003111,4.5,2,T,2,1,N176Y,0.9055,0.9249,0.1013,4,7,1,0.9324,1.007,0.9174,0.7654
177,E,*,-4.857,0.2051,5.5,2,E,2,1,E177*,-0.3685,-0.4218,0.1284,4,11,1,-0.4155,-0.1772,-0.4531,-0.428
177,E,-,-0.09577,0.01235,3.5,2,E,2,1,E177-,0.05811,0.05878,0.0273,4,2,1,0.0535,0.09044,0.06406,0.02443
177,E,A,0.1472,0.01124,6.5,2,E,2,1,E177A,0.8511,0.8702,0.07519,4,7,1,0.8664,0.9199,0.8741,0.7441
177,E,C,-0.8349,0.01294,7.5,2,E,2,1,E177C,-1.703,-1.715,0.08474,4,7,1,-1.778,-1.769,-1.604,-1.661
177,E,D,0.006655,0.0841,17.5,2,E,2,1,E177D,0.3402,0.357,0.03728,4,20,1,0.3566,0.3624,0.2845,0.3575
177,E,F,0.1045,0.04258,3.5,2,E,2,1,E177F,0.1655,0.1692,0.04126,4,5,1,0.1651,0.1117,0.1734,0.2119
177,E,G,-0.08474,0.2586,6.0,2,E,2,1,E177G,0.814,0.8525,0.1655,4,10,1,0.831,0.9695,0.8741,0.5815
177,E,H,-0.4041,0.5598,5.0,2,E,2,1,E177H,0.278,0.2467,0.1048,4,3,1,0.2569,0.4293,0.2366,0.1891
177,E,I,-0.2312,0.1885,5.0,2,E,2,1,E177I,0.5961,0.5734,0.08616,4,5,1,0.5921,0.7176,0.5547,0.52
177,E,K,-0.2264,0.01853,14.5,2,E,2,1,E177K,1.0,1.059,0.2138,4,15,1,0.9952,1.122,1.182,0.7013
177,E,L,-0.5597,0.6269,4.5,2,E,2,1,E177L,0.6281,0.606,0.05622,4,6,1,0.6107,0.7114,0.5891,0.6013
177,E,M,-0.04465,0.27,5.5,2,E,2,1,E177M,0.6394,0.728,0.1935,4,6,1,0.711,0.7513,0.7449,0.3504
177,E,N,-0.6135,0.01669,5.5,2,E,2,1,E177N,1.031,1.049,0.1044,4,4,1,1.064,1.137,1.033,0.8884
177,E,P,-0.6633,0.8694,7.0,2,E,2,1,E177P,-0.1879,-0.1811,0.03139,4,8,1,-0.1674,-0.2292,-0.16,-0.1949
177,E,Q,-0.02567,0.1642,4.0,2,E,2,1,E177Q,0.5926,0.5845,0.07219,4,3,1,0.6157,0.6827,0.5532,0.5189
177,E,R,-0.1961,0.2726,6.5,2,E,2,1,E177R,1.323,1.299,0.3001,4,8,1,1.449,1.681,1.149,1.013
177,E,S,-0.0524,0.3124,3.0,2,E,2,1,E177S,0.1388,0.1382,0.0434,4,3,1,0.1161,0.1603,0.1877,0.09106
177,E,T,-0.6046,0.2693,5.5,2,E,2,1,E177T,0.8377,0.8948,0.1624,4,4,1,0.8662,0.9602,0.9233,0.6011
177,E,V,-0.7372,1.082,4.5,2,E,2,1,E177V,0.4807,0.4939,0.1312,4,4,1,0.4461,0.5416,0.6197,0.3152
177,E,W,-0.3688,0.7135,4.0,2,E,2,1,E177W,-0.3762,-0.3781,0.04373,4,3,1,-0.3979,-0.4241,-0.3583,-0.3247
177,E,Y,0.0206,0.1963,2.5,2,E,2,1,E177Y,0.04463,0.05693,0.07745,4,2,1,0.03014,0.08371,-0.05699,0.1217
178,T,-,-0.2394,0.07531,3.0,2,T,2,1,T178-,0.05779,0.05885,0.02692,4,2,1,0.05372,0.08926,0.06398,0.02419
178,T,A,-0.3074,0.02906,6.0,2,T,2,1,T178A,-0.07585,-0.08106,0.02269,4,2,1,-0.08547,-0.07665,-0.09707,-0.04421
178,T,C,-1.077,0.6305,5.0,2,T,2,1,T178C,-0.4561,-0.4478,0.02629,4,6,1,-0.4932,-0.4563,-0.4394,-0.4356
178,T,D,-0.3186,0.39,3.0,2,T,2,1,T178D,-0.6646,-0.6565,0.02391,4,2,1,-0.6636,-0.6493,-0.6467,-0.6987
178,T,E,0.1084,0.05613,6.0,2,T,2,1,T178E,-0.05613,-0.06317,0.03634,4,4,1,-0.08757,-0.04315,-0.0106,-0.08319
178,T,F,-0.04247,0.1163,6.0,2,T,2,1,T178F,-0.6818,-0.6629,0.09427,4,6,1,-0.6704,-0.8128,-0.6554,-0.5887
178,T,G,-1.931,2.68,1.5,2,T,2,1,T178G,-0.9505,-0.9805,0.2506,4,2,1,-0.8624,-1.201,-1.098,-0.6404
178,T,H,-0.3051,0.1512,6.5,2,T,2,1,T178H,-0.1015,-0.09749,0.03229,4,7,1,-0.1118,-0.06909,-0.08318,-0.1419
178,T,I,-1.347,0.1789,12.5,2,T,2,1,T178I,0.987,1.055,0.2417,4,14,1,0.9465,1.163,1.177,0.6609
178,T,K,-0.6422,0.4039,9.5,2,T,2,1,T178K,0.7983,0.8472,0.1358,4,11,1,0.8171,0.8772,0.8978,0.6013
178,T,L,-1.94,0.3734,3.0,2,T,2,1,T178L,0.8161,0.9141,0.2861,4,3,1,0.8796,0.9487,1.038,0.3981
178,T,M,-0.7343,0.7166,6.5,2,T,2,1,T178M,1.071,1.107,0.1548,4,8,1,1.099,1.218,1.115,0.8529
178,T,N,-0.3043,0.6259,3.0,2,T,2,1,T178N,0.188,0.186,0.02089,4,4,1,0.1652,0.2148,0.1917,0.1802
178,T,P,-0.6066,0.8548,3.0,2,T,2,1,T178P,-0.1098,-0.1115,0.06606,4,2,1,-0.1255,-0.02838,-0.09756,-0.1877
178,T,Q,-0.8345,0.05035,8.0,2,T,2,1,T178Q,0.5269,0.5127,0.09748,4,7,1,0.475,0.5503,0.6526,0.4297
178,T,R,-0.4186,0.05487,5.0,2,T,2,1,T178R,1.539,1.594,0.1599,4,4,1,1.536,1.653,1.313,1.652
178,T,S,-0.55,0.8499,5.5,2,T,2,1,T178S,0.05653,0.06745,0.09487,4,4,1,0.0952,0.1574,0.03971,-0.06616
178,T,V,-0.5166,0.8576,4.5,2,T,2,1,T178V,0.845,0.8586,0.1038,4,4,1,0.9434,0.8018,0.9155,0.7194
178,T,W,-1.234,0.4048,6.5,2,T,2,1,T178W,-0.2072,-0.2242,0.1049,4,3,1,-0.2234,-0.06398,-0.225,-0.3163
178,T,Y,-0.6555,0.9341,4.0,2,T,2,1,T178Y,-0.2631,-0.2645,0.03198,4,5,1,-0.2912,-0.2388,-0.2322,-0.2902
179,T,-,-0.1921,0.4356,3.0,2,T,2,1,T179-,0.05777,0.05893,0.02691,4,2,1,0.05392,0.08915,0.06395,0.02408
179,T,A,-0.02115,0.2054,6.5,2,T,2,1,T179A,-0.1681,-0.1744,0.02886,4,9,1,-0.1827,-0.1286,-0.1662,-0.1949
179,T,C,-1.676,0.169,3.5,2,T,2,1,T179C,-1.569,-1.561,0.07186,4,4,1,-1.664,-1.49,-1.569,-1.553
179,T,D,-2.184,1.822,3.0,2,T,2,1,T179D,-0.3431,-0.3462,0.1422,4,2,1,-0.1815,-0.4985,-0.2742,-0.4183
179,T,E,-1.01,1.552,2.0,2,T,2,1,T179E,-0.8778,-0.7977,0.2102,4,1,1,-0.8146,-1.188,-0.7807,-0.7275
179,T,F,-0.528,0.359,7.0,2,T,2,1,T179F,0.3068,0.2912,0.08926,4,8,1,0.2995,0.4292,0.283,0.2157
179,T,G,-0.1561,0.4082,6.5,2,T,2,1,T179G,0.03578,0.0235,0.03084,4,7,1,0.01456,0.02493,0.08158,0.02207
179,T,H,0.1101,0.02515,6.0,2,T,2,1,T179H,0.7172,0.7767,0.1656,4,9,1,0.7242,0.8344,0.8293,0.4808
179,T,I,-0.2898,0.01577,10.5,2,T,2,1,T179I,0.3379,0.3502,0.1094,4,16,1,0.3234,0.377,0.4558,0.1954
179,T,K,-0.0599,0.3256,6.0,2,T,2,1,T179K,1.051,1.037,0.1427,4,6,1,1.024,1.237,1.05,0.8909
179,T,L,-0.3917,0.428,2.5,2,T,2,1,T179L,0.06749,0.03499,0.08285,4,2,1,0.04849,0.0215,0.01052,0.1894
179,T,M,-0.1755,0.1785,5.0,2,T,2,1,T179M,0.1405,0.1733,0.08967,4,7,1,0.1672,0.2071,0.1793,0.00836
179,T,N,-2.519,3.354,3.0,2,T,2,1,T179N,0.7162,0.7346,0.05284,4,2,1,0.7283,0.7409,0.639,0.7569
179,T,P,-0.4765,0.08372,8.0,2,T,2,1,T179P,-4.245,-4.137,0.6618,4,8,1,-4.155,-3.557,-5.149,-4.119
179,T,Q,0.1354,0.00396,6.0,2,T,2,1,T179Q,0.1873,0.1692,0.05829,4,8,1,0.18,0.2711,0.1396,0.1583
179,T,R,-0.8699,0.6479,4.0,2,T,2,1,T179R,0.03536,0.01068,0.05163,4,2,1,0.00733,0.1128,0.01193,0.009431
179,T,S,0.1016,0.05767,4.0,2,T,2,1,T179S,0.6025,0.6325,0.08337,4,1,1,0.6067,0.6616,0.6584,0.4832
179,T,V,-0.05223,0.02593,8.0,2,T,2,1,T179V,0.1899,0.1685,0.1063,4,7,1,0.1607,0.3377,0.1763,0.08491
179,T,W,-0.1643,0.4292,6.5,2,T,2,1,T179W,-0.4475,-0.4596,0.0802,4,7,1,-0.4639,-0.3387,-0.4554,-0.532
179,T,Y,0.1547,0.0263,2.0,2,T,2,1,T179Y,0.03923,0.04776,0.02851,4,2,1,0.05591,-0.00104,0.06245,0.03962
180,S,-,-0.1258,0.384,3.0,2,S,2,1,S180-,0.05768,0.05891,0.02629,4,2,1,0.05405,0.08825,0.06376,0.02468
180,S,A,-0.02763,0.1658,2.5,2,S,2,1,S180A,0.7776,0.7824,0.2791,4,3,1,0.8671,1.104,0.4417,0.6977
180,S,C,-0.1742,,4.0,1,S,2,1,S180C,-0.5431,-0.546,0.03401,4,6,1,-0.4995,-0.5381,-0.554,-0.5808
180,S,D,0.1302,0.01329,5.5,2,S,2,1,S180D,-2.781,-2.826,0.2438,4,7,1,-2.961,-2.478,-2.69,-2.995
180,S,E,-0.7142,0.07778,5.0,2,S,2,1,S180E,-2.451,-2.444,0.1383,4,8,1,-2.555,-2.333,-2.331,-2.586
180,S,F,-0.4647,0.4016,9.5,2,S,2,1,S180F,-1.986,-1.919,0.1943,4,10,1,-1.989,-2.26,-1.85,-1.847
180,S,G,-0.7246,0.9524,2.5,2,S,2,1,S180G,-1.864,-1.849,0.155,4,3,1,-1.915,-2.056,-1.782,-1.703
180,S,H,-2.682,3.108,2.0,2,S,2,1,S180H,-0.08899,-0.09815,0.06949,4,1,1,-0.1013,0.004225,-0.095,-0.1639
180,S,I,-0.022,0.05566,5.0,2,S,2,1,S180I,-0.9448,-0.9377,0.03659,4,6,1,-0.9568,-0.9912,-0.9185,-0.9128
180,S,K,-0.0627,0.2561,4.0,2,S,2,1,S180K,-0.2774,-0.2764,0.092,4,4,1,-0.2619,-0.2908,-0.3901,-0.1667
180,S,L,-0.7558,0.508,4.0,2,S,2,1,S180L,-2.34,-2.478,0.3886,4,3,1,-2.584,-1.782,-2.372,-2.624
180,S,M,-0.04591,0.1093,7.5,2,S,2,1,S180M,-0.1348,-0.1173,0.04819,4,7,1,-0.1241,-0.2054,-0.09916,-0.1105
180,S,N,0.09205,0.06273,6.0,2,S,2,1,S180N,0.5804,0.5704,0.1097,4,8,1,0.6063,0.7191,0.5345,0.4615
180,S,P,0.009025,0.06383,9.0,2,S,2,1,S180P,-0.9271,-0.856,0.1894,4,7,1,-0.8569,-1.207,-0.8551,-0.7891
180,S,Q,0.07387,0.1345,4.5,2,S,2,1,S180Q,0.1411,0.1409,0.01067,4,2,1,0.1514,0.1325,0.1493,0.1314
180,S,R,0.1412,0.04299,4.0,2,S,2,1,S180R,0.3661,0.3777,0.06722,4,7,1,0.3528,0.4025,0.4312,0.2777
180,S,T,0.1332,0.01527,6.5,2,S,2,1,S180T,0.5649,0.5828,0.08266,4,9,1,0.566,0.6435,0.5997,0.4504
180,S,V,-0.4802,0.8016,6.5,2,S,2,1,S180V,-0.8083,-0.7346,0.1898,4,5,1,-0.7591,-1.088,-0.71,-0.6758
180,S,W,0.1201,0.07391,6.0,2,S,2,1,S180W,0.4984,0.4992,0.03494,4,7,1,0.4796,0.5189,0.5355,0.4596
180,S,Y,-0.3766,0.04681,10.5,2,S,2,1,S180Y,-1.932,-1.779,0.4294,4,12,1,-1.774,-2.565,-1.783,-1.607
181,A,-,-0.8089,0.6464,3.0,2,A,3,1,A181-,0.05781,0.05893,0.02697,4,2,1,0.05391,0.0893,0.06395,0.02407
181,A,C,-0.07825,0.3091,4.5,2,A,3,1,A181C,-1.793,-1.817,0.1459,4,8,1,-1.819,-1.943,-1.816,-1.593
181,A,D,0.1508,0.02744,6.5,2,A,3,1,A181D,-0.2018,-0.2008,0.09015,4,9,1,-0.231,-0.3089,-0.1705,-0.09658
181,A,E,-0.3527,0.6736,3.5,2,A,3,1,A181E,0.7181,0.748,0.1624,4,3,1,0.7658,0.8818,0.7301,0.4946
181,A,G,-0.5948,1.027,4.0,2,A,3,1,A181G,-0.9452,-0.9016,0.1164,4,2,1,-0.9095,-1.117,-0.8604,-0.8937
181,A,H,0.126,0.01945,7.5,2,A,3,1,A181H,0.2942,0.3085,0.0338,4,9,1,0.3054,0.3116,0.316,0.244
181,A,I,-0.5731,,3.0,1,A,3,1,A181I,-0.1931,-0.174,0.09379,4,6,1,-0.1423,-0.1052,-0.2058,-0.3193
181,A,K,-0.63,1.102,4.0,2,A,3,1,A181K,1.569,1.606,0.2151,4,6,1,1.608,1.791,1.604,1.274
181,A,L,-0.1965,0.522,7.5,2,A,3,1,A181L,-1.179,-1.091,0.2122,4,7,1,-1.12,-1.494,-1.042,-1.061
181,A,M,-0.375,0.223,4.0,2,A,3,1,A181M,-0.06677,-0.08645,0.0584,4,5,1,-0.09274,0.0185,-0.08017,-0.1127
181,A,N,0.1368,,1.5,1,A,3,1,A181N,0.7597,0.7824,0.3752,4,1,1,1.069,1.095,0.4959,0.379
181,A,Q,-0.1774,0.4421,2.5,2,A,3,1,A181Q,0.7142,0.7333,0.1521,4,3,1,0.7368,0.7297,0.8795,0.5109
181,A,R,-0.5124,0.2198,6.0,2,A,3,1,A181R,1.001,1.015,0.08256,4,5,1,1.012,1.017,0.8881,1.087
181,A,S,0.13,0.05703,8.0,2,A,3,1,A181S,0.06631,0.0638,0.01271,4,8,1,0.08288,0.05476,0.06946,0.05814
181,A,T,0.08808,0.02152,9.0,2,A,3,1,A181T,0.5513,0.5165,0.1074,4,10,1,0.5243,0.5087,0.7079,0.4644
181,A,V,-0.2595,0.1271,10.0,2,A,3,1,A181V,0.7294,0.7008,0.06185,4,13,1,0.6985,0.822,0.6939,0.7031
181,A,W,-0.9002,0.03691,8.0,2,A,3,1,A181W,-1.993,-2.077,0.2525,4,10,1,-2.132,-1.628,-2.188,-2.023
181,A,Y,-0.9362,0.2756,4.0,2,A,3,1,A181Y,-0.4975,-0.5361,0.1181,4,5,1,-0.5222,-0.3257,-0.5922,-0.55
182,F,A,-2.631,1.125,4.0,2,F,3,1,F182A,0.3276,0.3714,0.1618,4,5,1,0.3023,0.4405,0.4588,0.1087
182,F,C,-1.603,1.176,5.0,2,F,3,1,F182C,-1.895,-1.877,0.07056,4,6,1,-1.989,-1.834,-1.907,-1.848
182,F,D,-4.858,0.1952,6.5,2,F,3,1,F182D,0.3558,0.3398,0.2442,4,7,1,0.33,0.6699,0.3495,0.07378
182,F,E,-2.692,1.255,9.0,2,F,3,1,F182E,-0.8225,-0.8776,0.1165,4,12,1,-0.887,-0.648,-0.8732,-0.8819
182,F,G,-3.063,0.4547,6.0,2,F,3,1,F182G,-1.071,-1.089,0.0573,4,7,1,-1.12,-0.9886,-1.086,-1.092
182,F,I,-0.2974,,2.5,1,F,3,1,F182I,-0.9002,-1.084,0.4178,4,5,1,-1.083,-0.2756,-1.157,-1.085
182,F,L,-0.2127,0.1238,6.0,2,F,3,1,F182L,-1.081,-1.053,0.0702,4,7,1,-1.051,-1.185,-1.032,-1.055
182,F,M,-0.2356,0.365,3.5,2,F,3,1,F182M,-2.725,-2.812,0.321,4,3,1,-2.934,-2.286,-2.691,-2.992
182,F,N,-3.077,0.08132,4.0,2,F,3,1,F182N,-0.8257,-0.9438,0.2645,4,4,1,-0.9511,-0.4301,-0.9364,-0.9851
182,F,P,-2.546,0.5791,6.0,2,F,3,1,F182P,-1.844,-2.15,0.6762,4,6,1,-2.234,-0.8372,-2.241,-2.066
182,F,Q,-1.766,0.548,1.0,2,F,3,1,F182Q,-0.6603,-0.7077,0.1195,4,1,1,-0.7399,-0.4858,-0.6796,-0.7358
182,F,R,-2.4,1.356,2.5,2,F,3,1,F182R,0.3165,0.2677,0.2484,4,3,1,0.3481,0.08012,0.6505,0.1874
182,F,S,-2.438,0.5614,5.5,2,F,3,1,F182S,-1.836,-1.976,0.3247,4,6,1,-2.042,-1.352,-1.98,-1.972
182,F,T,-1.03,0.02828,2.0,2,F,3,1,F182T,0.05973,0.06212,0.08871,4,1,1,0.0329,0.1619,0.09134,-0.04725
182,F,V,-2.657,0.6251,3.5,2,F,3,1,F182V,-1.812,-1.781,0.1511,4,2,1,-1.839,-2.014,-1.723,-1.673
182,F,W,-2.729,1.402,1.5,2,F,3,1,F182W,-1.041,-1.088,0.137,4,1,1,-1.143,-0.843,-1.055,-1.122
182,F,Y,-0.2961,0.3851,2.5,2,F,3,1,F182Y,-2.024,-2.185,0.3933,4,2,1,-2.254,-1.444,-2.116,-2.281
183,V,-,-0.8359,,0.5,1,V,3,1,V183-,0.2654,0.2225,0.1568,4,1,1,0.2515,0.1935,0.1283,0.4882
183,V,A,0.03809,0.06256,6.0,2,V,3,1,V183A,-1.002,-0.9421,0.1504,4,7,1,-0.9644,-1.224,-0.9198,-0.9008
183,V,C,-0.3189,0.6433,5.5,2,V,3,1,V183C,-1.115,-1.093,0.07958,4,7,1,-1.118,-1.226,-1.049,-1.068
183,V,D,-3.899,1.324,2.5,2,V,3,1,V183D,-2.599,-2.591,0.3461,4,3,1,-2.724,-3.009,-2.457,-2.204
183,V,E,-4.829,0.1945,3.5,2,V,3,1,V183E,-1.367,-1.129,0.5105,4,5,1,-1.119,-2.132,-1.138,-1.079
183,V,F,-4.341,0.00495,7.5,2,V,3,1,V183F,-1.093,-1.135,0.09251,4,6,1,-1.147,-0.9544,-1.131,-1.138
183,V,G,0.1411,0.003889,3.0,2,V,3,1,V183G,-2.01,-2.003,0.05109,4,3,1,-2.034,-1.963,-2.07,-1.973
183,V,H,-4.782,0.2086,2.5,2,V,3,1,V183H,-0.01948,-0.02115,0.0536,4,2,1,-0.01106,0.04702,-0.03124,-0.08264
183,V,I,-0.1129,0.1143,3.0,2,V,3,1,V183I,-2.735,-2.822,0.3115,4,3,1,-2.944,-2.309,-2.699,-2.988
183,V,K,0.07941,0.08526,4.5,2,V,3,1,V183K,-2.095,-2.049,0.3305,4,4,1,-2.217,-2.503,-1.778,-1.881
183,V,L,-0.1173,0.1008,9.5,2,V,3,1,V183L,-3.152,-3.162,0.2504,4,14,1,-3.383,-2.903,-3.353,-2.972
183,V,M,-1.027,0.2087,7.5,2,V,3,1,V183M,-2.438,-2.413,0.09785,4,12,1,-2.573,-2.382,-2.444,-2.353
183,V,N,-3.285,1.058,3.0,2,V,3,1,V183N,-1.973,-2.08,0.2958,4,1,1,-2.169,-1.549,-1.991,-2.184
183,V,P,-2.426,0.4547,3.0,2,V,3,1,V183P,-1.509,-1.495,0.05709,4,4,1,-1.586,-1.472,-1.461,-1.518
183,V,Q,-0.5449,0.9448,4.5,2,V,3,1,V183Q,-2.166,-2.216,0.2015,4,6,1,-2.237,-1.88,-2.35,-2.196
183,V,R,-1.744,0.9454,5.5,2,V,3,1,V183R,-2.493,-2.488,0.2515,4,6,1,-2.609,-2.214,-2.368,-2.781
183,V,S,-0.9884,0.4605,5.0,2,V,3,1,V183S,-2.048,-2.155,0.3118,4,4,1,-2.248,-1.603,-2.062,-2.28
183,V,T,-0.3809,0.2802,3.0,2,V,3,1,V183T,-2.14,-2.155,0.09867,4,5,1,-2.234,-2.109,-2.201,-2.015
183,V,W,-2.793,3.026,3.0,2,V,3,1,V183W,-0.01855,-0.02129,0.1017,4,1,1,0.007053,0.1054,-0.04963,-0.137
183,V,Y,-2.495,3.553,1.5,2,V,3,1,V183Y,2.896,3.137,0.7082,4,1,1,3.437,3.293,2.981,1.873
184,G,-,0.1481,,0.5,1,G,3,1,G184-,0.4098,0.3958,0.2462,4,1,1,0.3902,0.4014,0.1229,0.7247
184,G,A,-4.143,0.9256,6.0,2,G,3,1,G184A,-1.697,-1.687,0.06146,4,6,1,-1.718,-1.774,-1.657,-1.639
184,G,C,-0.6069,0.2182,8.5,2,G,3,1,G184C,-0.4447,-0.4454,0.05123,4,15,1,-0.4875,-0.4904,-0.4033,-0.3974
184,G,D,-1.508,0.009192,9.0,2,G,3,1,G184D,-1.597,-1.588,0.1487,4,9,1,-1.581,-1.787,-1.594,-1.424
184,G,E,-3.098,,1.5,1,G,3,1,G184E,-0.8567,-0.907,0.1205,4,3,1,-0.9318,-0.6794,-0.8823,-0.9332
184,G,F,-4.903,0.06223,3.5,2,G,3,1,G184F,-0.1664,-0.1995,0.1048,4,2,1,-0.1845,-0.01467,-0.2144,-0.252
184,G,H,-2.156,0.09334,8.5,2,G,3,1,G184H,-1.195,-1.208,0.05678,4,10,1,-1.247,-1.116,-1.195,-1.22
184,G,I,-4.83,0.05515,6.0,2,G,3,1,G184I,0.158,0.2075,0.1639,4,7,1,0.1791,0.2946,0.2359,-0.07746
184,G,K,-2.643,1.824,5.5,2,G,3,1,G184K,-2.133,-2.152,0.1682,4,3,1,-2.255,-1.938,-2.049,-2.29
184,G,L,-3.62,0.5254,2.5,2,G,3,1,G184L,-0.1859,-0.1684,0.07157,4,2,1,-0.1852,-0.121,-0.1517,-0.2858
184,G,M,-4.861,0.04738,8.0,2,G,3,1,G184M,-0.01836,-0.06637,0.2696,4,6,1,-0.06892,-0.06383,0.3527,-0.2934
184,G,N,-2.446,3.487,4.5,2,G,3,1,G184N,0.2749,0.2655,0.08713,4,2,1,0.2383,0.2926,0.182,0.3867
184,G,P,-3.651,0.6795,2.0,2,G,3,1,G184P,-0.7281,-0.7961,0.2551,4,3,1,-0.8408,-0.3663,-0.7515,-0.954
184,G,Q,-1.079,1.251,3.5,2,G,3,1,G184Q,-1.281,-1.347,0.1921,4,5,1,-1.43,-0.9987,-1.339,-1.355
184,G,R,-2.107,1.034,10.5,2,G,3,1,G184R,-3.307,-3.288,0.06442,4,14,1,-3.301,-3.275,-3.399,-3.252
184,G,S,-0.6818,0.3112,7.0,2,G,3,1,G184S,-1.111,-1.157,0.1457,4,6,1,-1.23,-0.8985,-1.16,-1.154
184,G,T,-0.1435,0.02008,4.0,2,G,3,1,G184T,-1.92,-1.973,0.335,4,5,1,-1.94,-1.464,-2.006,-2.268
184,G,V,-4.944,0.08273,7.0,2,G,3,1,G184V,0.8036,0.7515,0.4389,4,6,1,0.7788,0.7242,1.388,0.3239
184,G,W,-2.648,3.297,2.0,2,G,3,1,G184W,1.355,1.675,0.7389,4,2,1,1.715,1.817,1.635,0.2518
184,G,Y,-4.934,,1.5,1,G,3,1,G184Y,0.4962,0.4782,0.2349,4,2,1,0.444,0.5124,0.7988,0.2297
185,A,-,-0.1327,,0.5,1,A,3,1,A185-,0.3832,0.3515,0.2272,4,1,1,0.3875,0.3154,0.1426,0.6871
185,A,C,0.1407,0.0116,3.5,2,A,3,1,A185C,0.06628,0.07273,0.02853,4,3,1,0.06366,0.02734,0.08179,0.09232
185,A,D,-2.829,0.9376,6.5,2,A,3,1,A185D,-1.028,-1.1,0.1743,4,11,1,-1.111,-0.7687,-1.143,-1.089
185,A,E,-0.05485,0.12,2.0,2,A,3,1,A185E,-2.16,-2.28,0.3142,4,1,1,-2.372,-1.706,-2.189,-2.371
185,A,F,0.1046,0.05095,7.0,2,A,3,1,A185F,-2.805,-2.983,0.6083,4,8,1,-3.303,-1.948,-2.803,-3.163
185,A,G,-0.6185,0.3686,4.5,2,A,3,1,A185G,-2.029,-1.907,0.3414,4,5,1,-1.953,-2.53,-1.861,-1.774
185,A,H,-0.6737,1.145,2.5,2,A,3,1,A185H,-2.356,-2.446,0.3098,4,4,1,-2.582,-1.935,-2.311,-2.596
185,A,I,-0.1541,0.1978,6.0,2,A,3,1,A185I,1.402,1.584,0.4166,4,7,1,1.536,1.657,1.632,0.7815
185,A,K,-0.1362,0.2185,6.5,2,A,3,1,A185K,0.05917,0.05606,0.03881,4,7,1,0.05203,0.1094,0.06009,0.01513
185,A,L,-0.03715,0.2269,5.5,2,A,3,1,A185L,-1.114,-1.108,0.1006,4,8,1,-1.118,-1.243,-1.099,-0.9981
185,A,M,0.1385,0.0239,4.0,2,A,3,1,A185M,0.5418,0.5728,0.1897,4,2,1,0.6888,0.7073,0.3142,0.4569
185,A,N,0.03611,0.1826,5.0,2,A,3,1,A185N,-0.7031,-0.7923,0.1956,4,2,1,-0.7915,-0.4102,-0.8176,-0.7931
185,A,P,-0.0649,,2.0,1,A,3,1,A185P,-1.954,-1.951,0.5041,4,4,1,-1.995,-1.341,-1.907,-2.573
185,A,Q,0.08505,0.02694,4.0,2,A,3,1,A185Q,0.05899,0.06581,0.0179,4,3,1,0.03294,0.06158,0.0714,0.07004
185,A,R,-0.6925,0.985,4.5,2,A,3,1,A185R,-2.82,-2.85,0.224,4,5,1,-2.982,-2.553,-2.718,-3.026
185,A,S,-0.02184,0.1423,10.0,2,A,3,1,A185S,-0.6835,-0.6395,0.1127,4,11,1,-0.6636,-0.8483,-0.6068,-0.6154
185,A,T,-0.4162,0.102,7.0,2,A,3,1,A185T,-0.1039,-0.1085,0.04232,4,10,1,-0.0912,-0.05094,-0.1478,-0.1258
185,A,V,0.1316,0.01153,8.0,2,A,3,1,A185V,1.205,1.279,0.2827,4,12,1,1.21,1.348,1.455,0.8089
185,A,W,-0.815,1.377,4.5,2,A,3,1,A185W,-3.284,-3.356,0.2365,4,4,1,-3.481,-2.942,-3.386,-3.326
185,A,Y,-0.484,0.1405,3.5,2,A,3,1,A185Y,-2.73,-2.818,0.3165,4,4,1,-2.939,-2.296,-2.697,-2.989
186,L,-,-0.1761,,1.0,1,L,3,1,L186-,0.223,0.1908,0.1176,4,1,1,0.2207,0.161,0.1217,0.3885
186,L,A,0.1229,0.0215,4.5,2,L,3,1,L186A,1.47,1.537,0.2008,4,4,1,1.514,1.627,1.56,1.177
186,L,C,-0.05965,0.3009,4.0,2,L,3,1,L186C,0.8117,0.8661,0.2633,4,5,1,0.7959,0.9364,1.062,0.4521
186,L,D,-1.573,0.2206,5.5,2,L,3,1,L186D,-2.293,-2.28,0.1195,4,7,1,-2.163,-2.449,-2.254,-2.306
186,L,E,0.01317,0.1093,4.5,2,L,3,1,L186E,0.1948,0.1651,0.116,4,6,1,0.151,0.3596,0.1791,0.08967
186,L,F,0.03694,0.1452,3.0,2,L,3,1,L186F,-1.178,-1.216,0.1338,4,2,1,-1.225,-1.293,-1.207,-0.9847
186,L,G,-1.907,0.9192,3.0,2,L,3,1,L186G,-0.7762,-0.758,0.06807,4,4,1,-0.7627,-0.8736,-0.7533,-0.7153
186,L,H,0.06423,0.06756,2.5,2,L,3,1,L186H,-1.038,-0.9897,0.1429,4,3,1,-1.036,-1.241,-0.943,-0.9324
186,L,I,-0.4188,0.2722,5.0,2,L,3,1,L186I,-1.146,-1.206,0.1327,4,6,1,-1.189,-0.9484,-1.222,-1.225
186,L,K,0.002047,0.008057,6.0,2,L,3,1,L186K,1.217,1.288,0.2056,4,6,1,1.231,1.346,1.369,0.9221
186,L,M,0.02782,0.1006,11.5,2,L,3,1,L186M,-0.9487,-0.9005,0.1589,4,16,1,-0.9365,-1.176,-0.818,-0.8646
186,L,N,-0.9355,0.6074,7.0,2,L,3,1,L186N,-2.763,-2.721,0.2631,4,5,1,-2.885,-2.558,-3.076,-2.534
186,L,P,0.1175,0.07877,4.5,2,L,3,1,L186P,-1.064,-1.043,0.2488,4,6,1,-1.064,-1.388,-1.021,-0.7831
186,L,Q,-0.6142,0.8963,5.0,2,L,3,1,L186Q,1.034,1.066,0.08851,4,2,1,1.051,1.1,1.081,0.9047
186,L,R,-0.1334,0.379,4.5,2,L,3,1,L186R,1.083,1.184,0.2783,4,6,1,1.143,1.226,1.289,0.6759
186,L,S,-0.2915,0.6006,5.5,2,L,3,1,L186S,0.04119,0.03256,0.07383,4,8,1,0.0383,0.02682,0.1392,-0.03958
186,L,T,-0.4465,0.8265,2.0,2,L,3,1,L186T,-1.678,-1.647,0.1505,4,2,1,-1.684,-1.885,-1.534,-1.611
186,L,V,-0.1065,0.3373,4.5,2,L,3,1,L186V,-1.81,-1.81,0.1379,4,7,1,-1.849,-1.974,-1.772,-1.645
186,L,W,0.1102,0.04597,6.0,2,L,3,1,L186W,-0.8968,-0.8176,0.2225,4,5,1,-0.8576,-1.221,-0.7776,-0.7309
186,L,Y,0.0846,0.06563,5.5,2,L,3,1,L186Y,-0.02658,-0.02888,0.02366,4,7,1,-0.03342,0.00415,-0.02435,-0.05272
187,P,-,-1.582,,1.0,1,P,3,1,P187-,0.3583,0.3529,0.1963,4,1,1,0.3206,0.3853,0.1256,0.6017
187,P,A,-0.4456,0.1788,3.5,2,P,3,1,P187A,-2.603,-2.676,0.208,4,4,1,-2.758,-2.301,-2.721,-2.631
187,P,C,-3.197,0.4794,6.0,2,P,3,1,P187C,-1.587,-1.597,0.04419,4,8,1,-1.617,-1.625,-1.529,-1.577
187,P,D,-0.5352,0.135,2.5,2,P,3,1,P187D,-0.58,-0.5788,0.1451,4,2,1,-0.585,-0.4037,-0.7588,-0.5726
187,P,E,-0.2819,0.4553,4.5,2,P,3,1,P187E,-1.249,-1.169,0.2086,4,4,1,-1.214,-1.554,-1.123,-1.105
187,P,G,-0.61,0.2075,3.0,2,P,3,1,P187G,-2.441,-2.553,0.3578,4,2,1,-2.649,-1.932,-2.456,-2.726
187,P,H,-1.962,0.2192,9.0,2,P,3,1,P187H,-1.903,-1.868,0.2317,4,10,1,-1.986,-1.75,-2.192,-1.685
187,P,I,-2.428,2.679,4.5,2,P,3,1,P187I,-0.5218,-0.5033,0.2713,4,3,1,-0.4382,-0.2155,-0.5684,-0.865
187,P,K,-4.112,0.355,5.5,2,P,3,1,P187K,-1.325,-1.487,0.333,4,5,1,-1.495,-0.8252,-1.479,-1.499
187,P,L,-1.66,0.3422,4.0,2,P,3,1,P187L,-2.11,-2.275,0.3402,4,7,1,-2.268,-1.6,-2.29,-2.282
187,P,M,-1.765,,3.5,1,P,3,1,P187M,-0.9949,-1.015,0.06965,4,6,1,-1.052,-1.038,-0.9928,-0.8974
187,P,N,-4.856,0.04384,6.5,2,P,3,1,P187N,0.7107,0.8827,0.493,4,9,1,0.8371,0.9283,1.089,-0.01201
187,P,Q,-3.208,0.7106,1.0,2,P,3,1,P187Q,0.1353,0.1326,0.08174,4,1,1,0.1085,0.04085,0.1568,0.235
187,P,R,-2.906,0.28,5.0,2,P,3,1,P187R,-0.9074,-1.206,0.6038,4,2,1,-1.211,-0.001757,-1.201,-1.216
187,P,S,-0.2462,0.2966,4.5,2,P,3,1,P187S,-1.977,-2.044,0.2397,4,4,1,-1.966,-1.643,-2.176,-2.122
187,P,T,-2.027,0.3302,3.5,2,P,3,1,P187T,-2.546,-2.563,0.214,4,6,1,-2.693,-2.302,-2.434,-2.754
187,P,V,-0.5214,0.03811,5.5,2,P,3,1,P187V,-2.092,-2.057,0.131,4,4,1,-2.085,-2.277,-1.977,-2.029
187,P,W,-2.254,0.3677,7.5,2,P,3,1,P187W,-1.257,-1.341,0.1859,4,5,1,-1.365,-0.9799,-1.363,-1.319
187,P,Y,-1.631,0.2058,4.5,2,P,3,1,P187Y,-1.959,-2.108,0.3962,4,4,1,-2.195,-1.382,-2.021,-2.239
188,K,A,-1.077,1.623,2.0,2,K,3,1,K188A,-2.165,-2.285,0.3164,4,1,1,-2.379,-1.71,-2.191,-2.381
188,K,C,0.1117,0.008344,4.5,2,K,3,1,K188C,0.5304,0.5722,0.1851,4,6,1,0.5228,0.6215,0.7019,0.2754
188,K,D,-1.81,2.65,2.0,2,K,3,1,K188D,-0.1898,-0.1886,0.0175,4,2,1,-0.2123,-0.1695,-0.1887,-0.1885
188,K,E,0.1198,0.02192,3.5,2,K,3,1,K188E,0.575,0.6099,0.1496,4,4,1,0.5556,0.6642,0.708,0.3723
188,K,F,0.00655,0.1733,5.5,2,K,3,1,K188F,0.525,0.5359,0.09002,4,2,1,0.5156,0.5562,0.6214,0.4069
188,K,G,0.06517,0.09861,3.5,2,K,3,1,K188G,0.09938,0.07285,0.1215,4,3,1,0.04777,0.2676,0.09792,-0.01584
188,K,H,-0.04085,0.143,2.0,2,K,3,1,K188H,0.1523,0.03132,0.2746,4,2,1,0.02963,-0.0161,0.03301,0.5628
188,K,I,-0.119,0.3434,3.0,2,K,3,1,K188I,0.4353,0.4042,0.265,4,3,1,0.3739,0.4344,0.7865,0.1462
188,K,L,-0.1566,0.2129,6.0,2,K,3,1,K188L,-0.01242,0.03052,0.1571,4,6,1,0.002401,-0.2358,0.05864,0.125
188,K,M,-0.07948,0.07201,3.0,2,K,3,1,K188M,-0.4555,-0.5386,0.3057,4,4,1,-0.7031,-0.6688,-0.04165,-0.4084
188,K,N,0.02401,0.04311,12.0,2,K,3,1,K188N,0.224,0.1834,0.0946,4,17,1,0.191,0.365,0.1758,0.1643
188,K,P,0.1543,0.02793,6.0,2,K,3,1,K188P,-0.1842,-0.2064,0.07818,4,7,1,-0.2086,-0.07155,-0.2043,-0.2524
188,K,Q,-0.1272,0.2616,2.5,2,K,3,1,K188Q,0.5474,0.5743,0.1915,4,2,1,0.6093,0.5394,0.7492,0.2917
188,K,R,-0.9111,1.529,3.0,2,K,3,1,K188R,0.3714,0.3708,0.08904,4,5,1,0.3985,0.2666,0.343,0.4775
188,K,S,0.1149,0.02286,4.5,2,K,3,1,K188S,-0.2058,-0.2036,0.01405,4,7,1,-0.2065,-0.2006,-0.2248,-0.1915
188,K,T,0.02142,0.1632,4.5,2,K,3,1,K188T,0.4079,0.398,0.06202,4,4,1,0.4151,0.4904,0.3809,0.3451
188,K,V,0.04755,0.1783,1.5,2,K,3,1,K188V,0.2304,0.2183,0.06429,4,2,1,0.185,0.2516,0.3117,0.1731
188,K,W,0.1116,0.07928,2.0,2,K,3,1,K188W,-0.3087,-0.3054,0.03815,4,1,1,-0.2683,-0.3555,-0.2893,-0.3216
188,K,Y,-0.3558,0.6699,3.5,2,K,3,1,K188Y,-1.536,-1.497,0.1492,4,4,1,-1.531,-1.745,-1.463,-1.403
189,T,-,-0.09693,0.246,1.5,2,T,3,1,T189-,-1.591,-1.601,0.3062,4,1,1,-1.791,-1.259,-1.904,-1.411
189,T,A,-1.385,,2.0,1,T,3,1,T189A,-0.09076,-0.001099,0.2041,4,4,1,0.03327,0.02637,-0.02857,-0.3941
189,T,C,-0.1732,0.1063,4.5,2,T,3,1,T189C,-0.2811,-0.2772,0.0895,4,5,1,-0.3151,-0.1823,-0.2392,-0.3877
189,T,D,-0.1526,0.04837,5.5,2,T,3,1,T189D,-2.23,-2.273,0.2321,4,4,1,-2.215,-1.916,-2.458,-2.332
189,T,E,-0.5155,0.705,1.5,2,T,3,1,T189E,-1.576,-1.571,0.06729,4,1,1,-1.6,-1.658,-1.542,-1.504
189,T,F,0.05332,0.1643,4.0,2,T,3,1,T189F,-1.13,-1.062,0.1677,4,5,1,-1.104,-1.374,-1.019,-1.021
189,T,G,-1.055,0.08471,4.0,2,T,3,1,T189G,-1.272,-1.274,0.1115,4,2,1,-1.384,-1.156,-1.349,-1.198
189,T,H,-0.2129,0.4969,5.0,2,T,3,1,T189H,-1.516,-1.392,0.2984,4,7,1,-1.445,-1.957,-1.325,-1.339
189,T,I,-0.09962,0.03292,5.0,2,T,3,1,T189I,2.321,2.323,0.5844,4,4,1,2.113,2.534,3.004,1.635
189,T,K,-0.09065,0.3113,4.5,2,T,3,1,T189K,0.8518,0.9024,0.2034,4,6,1,0.8843,0.9206,1.039,0.5631
189,T,L,0.0999,0.05515,5.5,2,T,3,1,T189L,0.6456,0.6053,0.11,4,7,1,0.6175,0.8074,0.593,0.5646
189,T,M,-0.02899,0.1703,5.5,2,T,3,1,T189M,0.02852,0.0269,0.02342,4,5,1,0.05871,0.00155,0.02776,0.02604
189,T,N,-0.01033,0.06814,5.5,2,T,3,1,T189N,-2.218,-2.271,0.1306,4,10,1,-2.283,-2.024,-2.259,-2.307
189,T,P,0.09595,0.01648,4.5,2,T,3,1,T189P,0.04882,0.03778,0.03571,4,4,1,0.0223,0.05326,0.02203,0.09767
189,T,Q,-1.718,0.1718,1.5,2,T,3,1,T189Q,-0.1221,-0.111,0.1088,4,2,1,-0.1508,-0.006874,-0.07131,-0.2593
189,T,R,-0.3026,0.5034,3.0,2,T,3,1,T189R,0.5805,0.5885,0.08823,4,3,1,0.5889,0.68,0.5881,0.465
189,T,S,-2.357,3.579,5.0,2,T,3,1,T189S,-0.9264,-0.958,0.0774,4,6,1,-0.967,-0.9491,-0.9777,-0.8116
189,T,V,-1.129,0.657,3.0,2,T,3,1,T189V,2.12,2.142,0.1198,4,2,1,2.126,2.242,2.158,1.956
189,T,W,-0.2013,0.02234,5.0,2,T,3,1,T189W,-2.299,-2.215,0.2338,4,4,1,-2.268,-2.638,-2.162,-2.127
189,T,Y,-0.5565,0.5028,3.0,2,T,3,1,T189Y,-0.4477,-0.3566,0.2945,4,5,1,-0.2502,-0.8585,-0.463,-0.2191
190,V,A,0.01992,0.1039,5.5,2,V,3,1,V190A,-0.08236,-0.08945,0.05128,4,5,1,-0.05806,-0.1287,-0.02181,-0.1208
190,V,C,0.04037,0.05824,4.5,2,V,3,1,V190C,0.549,0.5448,0.1023,4,5,1,0.5288,0.6774,0.5609,0.429
190,V,D,-0.04587,0.01378,4.0,2,V,3,1,V190D,0.3829,0.397,0.09791,4,5,1,0.3828,0.4863,0.4112,0.2514
190,V,E,-0.6171,0.1595,6.0,2,V,3,1,V190E,0.7695,0.7434,0.1428,4,5,1,0.7848,0.9613,0.7021,0.6296
190,V,F,-1.415,0.09687,2.0,2,V,3,1,V190F,-2.689,-2.684,0.1857,4,2,1,-2.862,-2.525,-2.532,-2.836
190,V,G,0.0836,0.1131,2.0,2,V,3,1,V190G,-4.585,-4.607,0.4151,4,1,1,-5.069,-4.561,-4.652,-4.058
190,V,H,-0.9297,0.5662,5.0,2,V,3,1,V190H,-0.7691,-0.7747,0.02485,4,8,1,-0.7925,-0.7347,-0.7691,-0.7803
190,V,I,-0.2839,0.4916,2.5,2,V,3,1,V190I,-1.354,-1.195,0.3578,4,3,1,-1.23,-1.888,-1.16,-1.139
190,V,K,-0.6762,0.1586,4.0,2,V,3,1,V190K,-2.789,-2.763,0.1897,4,5,1,-3.024,-2.608,-2.666,-2.86
190,V,L,-0.3639,0.5665,10.5,2,V,3,1,V190L,0.02364,0.02062,0.04342,4,8,1,0.03663,0.07718,0.004616,-0.02387
190,V,M,-0.448,0.6832,7.5,2,V,3,1,V190M,-1.759,-1.702,0.1746,4,7,1,-1.74,-2.011,-1.664,-1.623
190,V,N,-0.0205,0.1974,1.0,2,V,3,1,V190N,-1.054,-1.053,0.03849,4,1,1,-1.102,-1.058,-1.008,-1.049
190,V,P,-0.05998,0.05372,3.5,2,V,3,1,V190P,0.657,0.732,0.2719,4,5,1,0.7147,0.8972,0.7493,0.2668
190,V,Q,-0.7841,0.01633,4.0,2,V,3,1,V190Q,-1.191,-1.139,0.1729,4,7,1,-1.174,-1.438,-1.104,-1.046
190,V,R,0.008,0.2157,1.5,2,V,3,1,V190R,-1.292,-1.304,0.04983,4,1,1,-1.332,-1.229,-1.332,-1.276
190,V,S,-0.2916,0.5444,2.5,2,V,3,1,V190S,-0.0694,-0.0367,0.1324,4,2,1,0.003071,0.04814,-0.07647,-0.2524
190,V,T,-0.2795,0.5749,2.5,2,V,3,1,V190T,0.9273,1.03,0.5108,4,3,1,1.03,1.433,1.03,0.2162
190,V,W,-0.2171,0.5012,4.0,2,V,3,1,V190W,-3.559,-3.462,0.4694,4,4,1,-3.663,-4.177,-3.261,-3.136
190,V,Y,-0.2404,0.06965,4.0,2,V,3,1,V190Y,-2.313,-2.429,0.287,4,5,1,-2.388,-2.506,-2.47,-1.889
191,R,-,0.08049,,0.5,1,R,3,1,R191-,-0.1971,-0.1721,0.05144,4,1,1,-0.17,-0.1705,-0.1737,-0.2742
191,R,A,-1.067,1.649,5.0,2,R,3,1,R191A,1.21,1.341,0.4059,4,7,1,1.289,1.393,1.537,0.6204
191,R,C,0.09537,0.04573,6.0,2,R,3,1,R191C,0.8645,0.8543,0.1908,4,4,1,0.8979,1.104,0.8108,0.6454
191,R,D,0.1386,0.01315,1.0,2,R,3,1,R191D,-1.653,-1.649,0.07559,4,1,1,-1.749,-1.565,-1.655,-1.644
191,R,E,-0.238,0.05537,4.0,2,R,3,1,R191E,-0.8318,-0.7869,0.1111,4,5,1,-0.7806,-0.9969,-0.7933,-0.7565
191,R,F,0.07462,0.07055,6.5,2,R,3,1,R191F,-0.1338,-0.1283,0.01572,4,6,1,-0.1217,-0.1291,-0.1569,-0.1275
191,R,G,-0.01213,0.1482,3.0,2,R,3,1,R191G,2.791,2.701,0.4716,4,3,1,2.561,2.841,3.427,2.335
191,R,H,0.04945,0.1054,2.0,2,R,3,1,R191H,1.266,1.312,0.1724,4,1,1,1.306,1.318,1.019,1.42
191,R,I,-0.272,0.531,4.5,2,R,3,1,R191I,-0.4979,-0.4687,0.08973,4,3,1,-0.4849,-0.6276,-0.4264,-0.4526
191,R,K,-1.293,2.01,2.5,2,R,3,1,R191K,-0.1672,-0.191,0.1092,4,1,1,-0.2314,-0.02034,-0.1506,-0.2664
191,R,L,-0.3094,0.3782,14.5,2,R,3,1,R191L,-0.8371,-0.8494,0.05104,4,18,1,-0.8292,-0.8813,-0.8696,-0.7682
191,R,M,-0.4215,0.05424,5.0,2,R,3,1,R191M,-2.173,-2.213,0.3431,4,5,1,-2.385,-1.753,-2.041,-2.511
191,R,N,0.112,0.05437,2.0,2,R,3,1,R191N,-1.53,-1.493,0.1264,4,1,1,-1.519,-1.71,-1.467,-1.423
191,R,P,-2.756,2.065,4.5,2,R,3,1,R191P,1.231,1.219,0.1781,4,3,1,1.271,1.454,1.168,1.031
191,R,Q,0.1281,0.04668,11.5,2,R,3,1,R191Q,-0.3673,-0.3716,0.09708,4,7,1,-0.3009,-0.4586,-0.4422,-0.2677
191,R,S,0.1472,0.03493,2.0,2,R,3,1,R191S,-0.04979,-0.071,0.06607,4,1,1,-0.05952,-0.08247,-0.1029,0.04569
191,R,T,0.1327,0.001414,5.5,2,R,3,1,R191T,0.832,0.8708,0.1745,4,6,1,0.8331,0.9086,0.9961,0.5901
191,R,V,0.03165,0.188,5.5,2,R,3,1,R191V,0.6315,0.685,0.1578,4,10,1,0.6302,0.7397,0.7475,0.4088
191,R,W,0.00245,0.08437,13.0,2,R,3,1,R191W,-0.8254,-0.7695,0.1448,4,17,1,-0.798,-1.037,-0.7254,-0.741
191,R,Y,-0.05338,0.04861,5.0,2,R,3,1,R191Y,-0.2869,-0.2922,0.04106,4,5,1,-0.2646,-0.3229,-0.3198,-0.2402
192,E,*,-4.918,0.09051,7.5,2,E,3,1,E192*,0.2295,0.2665,0.4885,4,7,1,0.06204,0.471,0.7523,-0.3674
192,E,-,-0.4152,,0.5,1,E,3,1,E192-,-0.1954,-0.1711,0.05161,4,1,1,-0.1695,-0.1667,-0.1727,-0.2727
192,E,A,-4.898,0.02404,4.0,2,E,3,1,E192A,1.1,1.278,0.4574,4,5,1,1.308,1.421,1.249,0.4222
192,E,C,-4.829,0.0997,4.0,2,E,3,1,E192C,0.3317,0.2565,0.3054,4,3,1,0.2086,0.7623,0.3045,0.0516
192,E,D,-3.771,0.2758,6.5,2,E,3,1,E192D,-0.6639,-0.7453,0.3086,4,6,1,-0.7677,-0.2231,-0.7229,-0.9416
192,E,F,-4.893,0.009192,4.0,2,E,3,1,E192F,-0.2217,-0.1242,0.2586,4,5,1,-0.1354,-0.03434,-0.1131,-0.6041
192,E,G,-4.906,0.01556,7.0,2,E,3,1,E192G,0.07062,0.08506,0.1716,4,3,1,0.0525,0.2629,0.1176,-0.1505
192,E,H,-4.849,,1.0,1,E,3,1,E192H,0.3517,0.3618,0.468,4,2,1,0.1058,0.6177,0.8542,-0.1711
192,E,I,-2.496,3.01,2.0,2,E,3,1,E192I,0.03922,0.03061,0.04478,4,1,1,-0.001984,0.01116,0.05006,0.09764
192,E,K,-4.968,0.04738,20.5,2,E,3,1,E192K,0.05897,0.08287,0.2058,4,23,1,0.002273,0.2715,0.1635,-0.2014
192,E,L,-4.861,0.009192,2.0,2,E,3,1,E192L,0.3,0.2953,0.2867,4,1,1,0.2279,0.6492,0.3627,-0.03987
192,E,M,-4.921,0.1103,2.5,2,E,3,1,E192M,-0.09935,0.05724,0.4033,4,1,1,0.008329,0.1829,0.1061,-0.6948
192,E,N,-4.935,0.04243,7.5,2,E,3,1,E192N,0.756,0.8485,0.3962,4,7,1,0.8165,0.8805,1.13,0.1973
192,E,P,-4.953,0.07566,8.5,2,E,3,1,E192P,0.4316,0.5187,0.2873,4,7,1,0.4072,0.6303,0.6546,0.0343
192,E,Q,-2.821,3.083,2.5,2,E,3,1,E192Q,0.1998,0.2151,0.2091,4,2,1,0.3902,0.3663,-0.02107,0.06395
192,E,R,-4.972,0.01061,11.0,2,E,3,1,E192R,-0.405,-0.4609,0.145,4,11,1,-0.5056,-0.1926,-0.4332,-0.4886
192,E,S,-4.889,0.01556,4.5,2,E,3,1,E192S,-0.3323,-0.3261,0.03341,4,4,1,-0.3002,-0.3143,-0.338,-0.3766
192,E,V,-4.977,0.03111,7.0,2,E,3,1,E192V,0.1627,0.137,0.2369,4,9,1,0.1731,0.474,0.1009,-0.0971
192,E,Y,-4.952,0.009192,6.5,2,E,3,1,E192Y,0.08715,0.1324,0.1465,4,10,1,0.08129,0.1836,0.2015,-0.1178
193,F,-,-0.09137,,0.5,1,F,3,1,F193-,-0.1972,-0.1719,0.05233,4,1,1,-0.1703,-0.1694,-0.1734,-0.2756
193,F,A,-0.02784,0.164,1.0,2,F,3,1,F193A,-0.9412,-0.8466,0.2634,4,1,1,-0.8493,-1.329,-0.844,-0.7421
193,F,C,-0.2989,0.3665,8.5,2,F,3,1,F193C,0.0562,0.06477,0.08644,4,4,1,0.04154,0.1502,0.08799,-0.05494
193,F,D,-4.899,0.05728,7.5,2,F,3,1,F193D,-0.008037,-0.00768,0.05444,4,3,1,0.02685,-0.04221,0.04865,-0.06544
193,F,E,-4.848,,0.5,1,F,3,1,F193E,-0.2433,-0.2389,0.1255,4,1,1,-0.2895,-0.1026,-0.1883,-0.3927
193,F,G,-0.382,0.1841,3.0,2,F,3,1,F193G,-1.386,-1.412,0.1419,4,4,1,-1.507,-1.326,-1.498,-1.214
193,F,H,-0.7338,0.3878,5.0,2,F,3,1,F193H,0.3241,0.37,0.1932,4,5,1,0.3189,0.4999,0.4211,0.05649
193,F,I,-2.502,3.501,3.5,2,F,3,1,F193I,0.6767,0.6211,0.3542,4,1,1,0.8302,0.4121,1.104,0.3602
193,F,K,-4.932,0.05091,4.0,2,F,3,1,F193K,0.1606,0.1465,0.09878,4,4,1,0.1099,0.2883,0.1831,0.06124
193,F,L,-0.2146,0.525,9.5,2,F,3,1,F193L,-0.9736,-0.9184,0.1485,4,17,1,-0.9601,-1.188,-0.8767,-0.8698
193,F,M,0.1192,0.01959,2.5,2,F,3,1,F193M,0.113,0.111,0.04304,4,4,1,0.1323,0.1632,0.06693,0.08975
193,F,N,-3.567,0.3217,2.5,2,F,3,1,F193N,-0.04687,-0.0511,0.03022,4,1,1,-0.07332,-0.01197,-0.07093,-0.03126
193,F,P,-4.91,0.01697,3.0,2,F,3,1,F193P,0.03346,0.03478,0.08401,4,2,1,0.07127,-0.001709,0.1283,-0.06405
193,F,Q,-2.456,1.718,3.0,2,F,3,1,F193Q,0.4545,0.458,0.03499,4,2,1,0.4856,0.4829,0.4165,0.4331
193,F,R,-4.899,0.01485,3.5,2,F,3,1,F193R,-0.137,-0.1255,0.1519,4,4,1,-0.1315,0.03682,-0.1196,-0.3337
193,F,S,-1.656,0.0693,11.5,2,F,3,1,F193S,-0.8918,-0.8754,0.04434,4,9,1,-0.889,-0.9553,-0.8618,-0.8609
193,F,T,-0.2109,0.4789,2.5,2,F,3,1,F193T,0.2992,0.3252,0.1637,4,4,1,0.3068,0.4694,0.3436,0.0769
193,F,V,-0.3842,0.629,5.0,2,F,3,1,F193V,0.139,0.145,0.1017,4,4,1,0.1268,0.1632,0.2558,0.01006
193,F,W,-0.3044,0.6002,2.0,2,F,3,1,F193W,-0.5743,-0.5338,0.1188,4,3,1,-0.5522,-0.7473,-0.5154,-0.4823
193,F,Y,-0.3202,0.5158,4.5,2,F,3,1,F193Y,1.485,1.643,0.4178,4,3,1,1.603,1.787,1.683,0.8687
194,V,-,0.03495,,0.5,1,V,3,1,V194-,-0.1959,-0.172,0.05335,4,1,1,-0.169,-0.1642,-0.1749,-0.2757
194,V,A,-0.1996,0.5252,5.0,2,V,3,1,V194A,0.0206,0.01621,0.02037,4,4,1,0.01388,0.04903,0.000936,0.01855
194,V,C,-0.4189,0.5913,5.0,2,V,3,1,V194C,0.8628,0.8445,0.0951,4,6,1,0.8512,0.9944,0.8377,0.7677
194,V,D,-3.439,2.019,3.0,2,V,3,1,V194D,-2.508,-2.612,0.3384,4,2,1,-2.72,-2.032,-2.504,-2.776
194,V,E,-4.904,0.02758,4.5,2,V,3,1,V194E,1.126,1.14,0.274,4,2,1,1.029,0.7963,1.252,1.428
194,V,F,-4.863,0.03748,5.0,2,V,3,1,V194F,0.4239,0.4437,0.3328,4,2,1,0.3312,0.5561,0.7949,0.01326
194,V,G,-1.112,0.02687,4.0,2,V,3,1,V194G,-0.2676,-0.2661,0.01458,4,4,1,-0.2531,-0.2736,-0.2851,-0.2585
194,V,H,-4.905,0.007778,2.5,2,V,3,1,V194H,-0.3171,-0.3252,0.06996,4,3,1,-0.3358,-0.2248,-0.3146,-0.3933
194,V,I,-1.401,1.074,3.0,2,V,3,1,V194I,-1.4,-1.31,0.2248,4,2,1,-1.269,-1.73,-1.248,-1.352
194,V,K,-4.956,0.0792,3.5,2,V,3,1,V194K,0.1311,0.1267,0.1201,4,2,1,0.1363,0.2821,0.1171,-0.01117
194,V,L,-1.758,0.1697,9.5,2,V,3,1,V194L,-1.42,-1.324,0.4794,4,10,1,-1.347,-2.086,-1.301,-0.9445
194,V,M,-3.6,1.105,12.0,2,V,3,1,V194M,-0.7563,-0.7587,0.0869,4,13,1,-0.7283,-0.8558,-0.6519,-0.7891
194,V,N,-4.837,0.04667,7.5,2,V,3,1,V194N,0.1362,0.0715,0.2007,4,3,1,0.05184,0.4282,0.09117,-0.02629
194,V,P,-4.879,0.03111,5.0,2,V,3,1,V194P,1.139,1.079,0.9969,4,2,1,0.9904,1.167,2.414,-0.01598
194,V,Q,-1.796,0.6576,6.0,2,V,3,1,V194Q,-2.262,-2.476,0.5429,4,7,1,-2.552,-1.461,-2.4,-2.636
194,V,R,-4.83,0.08061,2.0,2,V,3,1,V194R,0.1732,0.1533,0.05283,4,3,1,0.1505,0.1562,0.2513,0.1348
194,V,S,-0.3724,0.1598,5.5,2,V,3,1,V194S,-0.1582,-0.173,0.03624,4,2,1,-0.1826,-0.1043,-0.173,-0.1729
194,V,T,-0.7081,,2.5,1,V,3,1,V194T,-1.922,-1.813,0.2978,4,5,1,-1.892,-2.352,-1.71,-1.734
194,V,W,-4.901,0.02404,5.0,2,V,3,1,V194W,0.2954,0.3143,0.04451,4,5,1,0.3202,0.2293,0.3084,0.3237
194,V,Y,-4.925,0.02899,5.0,2,V,3,1,V194Y,0.4194,0.4323,0.0897,4,4,1,0.4134,0.5132,0.4512,0.2998
195,I,-,-0.6378,,2.0,1,I,3,1,I195-,-0.5784,-0.6147,0.1268,4,4,1,-0.5759,-0.6834,-0.6535,-0.4007
195,I,A,-0.7688,0.6833,3.5,2,I,3,1,I195A,0.4594,0.4624,0.02083,4,3,1,0.4329,0.4715,0.4533,0.4798
195,I,C,0.01341,0.1342,5.5,2,I,3,1,I195C,0.4809,0.5488,0.2596,4,5,1,0.497,0.6006,0.7118,0.1144
195,I,D,-4.919,0.04596,3.0,2,I,3,1,I195D,-0.01612,0.09115,0.2835,4,4,1,0.01061,0.1717,0.1784,-0.4252
195,I,E,-4.94,0.05515,4.0,2,I,3,1,I195E,0.6123,0.6067,0.2352,4,4,1,0.5884,0.625,0.9052,0.3306
195,I,F,0.1172,0.02587,7.5,2,I,3,1,I195F,0.8365,0.9029,0.2294,4,6,1,0.9042,0.9015,1.035,0.5054
195,I,G,-4.412,0.2546,1.5,2,I,3,1,I195G,1.763,1.773,0.2073,4,1,1,1.81,2.004,1.735,1.502
195,I,H,-4.596,0.3465,2.5,2,I,3,1,I195H,0.1955,0.1679,0.1586,4,2,1,0.2211,0.1146,0.4058,0.04036
195,I,K,-4.909,0.01273,5.0,2,I,3,1,I195K,0.1151,0.1431,0.1842,4,6,1,0.05353,0.2903,0.2326,-0.1163
195,I,L,-0.7129,0.4258,9.0,2,I,3,1,I195L,1.364,1.443,0.3189,4,10,1,1.429,1.658,1.457,0.9107
195,I,M,-0.7279,0.7497,3.0,2,I,3,1,I195M,0.05385,0.03197,0.07777,4,3,1,0.009527,-0.01151,0.163,0.05441
195,I,N,-4.443,0.7524,6.5,2,I,3,1,I195N,0.3247,0.361,0.155,4,6,1,0.3431,0.4702,0.3789,0.1064
195,I,P,-4.755,0.1336,3.0,2,I,3,1,I195P,-0.2329,-0.2341,0.188,4,5,1,-0.2698,-0.1983,-0.004114,-0.4591
195,I,Q,-3.943,0.3932,4.0,2,I,3,1,I195Q,-0.1217,-0.114,0.04474,4,4,1,-0.1402,-0.08257,-0.08783,-0.1763
195,I,R,-4.947,0.003536,4.0,2,I,3,1,I195R,0.1741,0.1442,0.1702,4,3,1,0.2238,0.06462,0.392,0.01605
195,I,S,-1.533,0.2645,2.0,2,I,3,1,I195S,0.6701,0.6966,0.1623,4,3,1,0.6257,0.7676,0.8254,0.4617
195,I,T,-0.072,0.2758,4.0,2,I,3,1,I195T,-0.3095,-0.2996,0.05504,4,3,1,-0.3049,-0.3851,-0.2942,-0.2537
195,I,V,-0.2056,0.5238,4.5,2,I,3,1,I195V,-0.0698,-0.0694,0.05446,4,7,1,-0.09259,-0.00767,-0.04621,-0.1327
195,I,W,-2.018,1.012,3.5,2,I,3,1,I195W,0.2593,0.2318,0.2639,4,5,1,0.2265,0.6077,0.2372,-0.03401
195,I,Y,-3.442,0.9949,4.5,2,I,3,1,I195Y,0.3772,0.3521,0.07885,4,3,1,0.3575,0.3468,0.492,0.3127
196,S,-,-2.952,0.7644,3.0,2,S,3,1,S196-,0.1599,0.153,0.05967,4,5,1,0.1858,0.1202,0.1022,0.2313
196,S,A,0.1436,0.007566,1.5,2,S,3,1,S196A,-1.648,-1.648,0.0577,4,1,1,-1.684,-1.708,-1.613,-1.586
196,S,C,-1.003,1.283,8.5,2,S,3,1,S196C,0.07787,0.08053,0.02806,4,7,1,0.04163,0.07428,0.08678,0.1088
196,S,D,-0.01808,0.1277,4.0,2,S,3,1,S196D,0.3186,0.3044,0.05779,4,5,1,0.2998,0.265,0.3091,0.4004
196,S,E,-0.1142,0.4047,2.0,2,S,3,1,S196E,0.9975,1.137,0.3178,4,2,1,1.154,1.192,1.121,0.5228
196,S,F,-0.4727,0.849,7.5,2,S,3,1,S196F,-1.518,-1.374,0.3404,4,2,1,-1.41,-2.024,-1.338,-1.301
196,S,G,-0.8169,1.025,8.5,2,S,3,1,S196G,0.01078,0.03227,0.1988,4,8,1,0.1404,-0.2267,0.2053,-0.07586
196,S,I,-1.262,0.08485,13.0,2,S,3,1,S196I,-1.811,-1.786,0.1188,4,10,1,-1.795,-1.977,-1.696,-1.776
196,S,K,-1.341,0.8786,3.0,2,S,3,1,S196K,-2.519,-2.614,0.3098,4,2,1,-2.725,-2.088,-2.503,-2.762
196,S,L,-1.25,1.312,3.5,2,S,3,1,S196L,-1.991,-2.039,0.1066,4,2,1,-2.033,-2.054,-1.831,-2.044
196,S,M,0.05727,0.07118,3.0,2,S,3,1,S196M,-0.2983,-0.2832,0.04484,4,4,1,-0.2766,-0.3635,-0.2899,-0.2631
196,S,N,-4.941,0.07566,9.5,2,S,3,1,S196N,-0.1939,-0.1137,0.2423,4,5,1,-0.1648,-0.5436,-0.004643,-0.06265
196,S,P,-4.815,0.1739,7.0,2,S,3,1,S196P,-0.2889,-0.3196,0.2019,4,7,1,-0.4462,-0.05026,-0.193,-0.4661
196,S,Q,-0.8637,1.426,2.5,2,S,3,1,S196Q,-0.8117,-0.7604,0.1301,4,2,1,-0.7881,-1.002,-0.7327,-0.7239
196,S,R,-1.349,0.7026,8.5,2,S,3,1,S196R,-1.398,-1.259,0.3033,4,7,1,-1.274,-1.851,-1.221,-1.244
196,S,T,-0.1613,0.2866,3.5,2,S,3,1,S196T,0.1017,0.106,0.01758,4,2,1,0.1036,0.1085,0.07689,0.1179
196,S,V,-0.8437,0.1614,4.5,2,S,3,1,S196V,-0.2277,-0.2295,0.04785,4,4,1,-0.2628,-0.274,-0.1963,-0.1776
196,S,W,-4.427,0.4695,9.0,2,S,3,1,S196W,0.3741,0.3687,0.1866,4,10,1,0.3768,0.6077,0.3606,0.1512
196,S,Y,-0.08579,0.1805,6.5,2,S,3,1,S196Y,0.4303,0.4618,0.1098,4,8,1,0.4265,0.5206,0.4971,0.2768
197,R,-,-2.51,3.498,2.5,2,R,3,1,R197-,-0.8985,-0.8905,0.1408,4,4,1,-0.9369,-1.072,-0.8441,-0.7408
197,R,A,0.1015,0.09884,4.0,2,R,3,1,R197A,-0.09774,-0.08625,0.04933,4,5,1,-0.08862,-0.1674,-0.05109,-0.08388
197,R,C,-0.9744,0.4181,5.0,2,R,3,1,R197C,-0.2309,-0.2438,0.03688,4,7,1,-0.2581,-0.254,-0.2336,-0.178
197,R,D,-0.249,0.5358,3.0,2,R,3,1,R197D,0.1668,0.1457,0.09742,4,3,1,0.1123,0.2985,0.07731,0.1792
197,R,E,-0.1108,0.08514,6.0,2,R,3,1,R197E,-0.9373,-0.8842,0.1302,4,6,1,-0.8893,-1.131,-0.879,-0.8499
197,R,F,-0.9153,0.496,7.5,2,R,3,1,R197F,-1.289,-1.288,0.06848,4,7,1,-1.339,-1.238,-1.356,-1.222
197,R,G,0.1324,0.003748,6.0,2,R,3,1,R197G,0.04417,0.04573,0.005549,4,9,1,0.04895,0.04674,0.04472,0.03626
197,R,H,0.04396,0.1256,3.5,2,R,3,1,R197H,-0.1756,-0.1751,0.1205,4,4,1,-0.1824,-0.02875,-0.1678,-0.3237
197,R,I,-0.5025,0.611,29.0,2,R,3,1,R197I,-0.2929,-0.2996,0.03192,4,32,1,-0.2902,-0.3228,-0.2494,-0.309
197,R,K,-0.3986,0.06901,15.0,2,R,3,1,R197K,0.374,0.3614,0.0598,4,18,1,0.3289,0.4499,0.3939,0.3235
197,R,L,-0.5432,0.1527,4.5,2,R,3,1,R197L,-0.7821,-0.7573,0.0922,4,3,1,-0.7691,-0.9136,-0.7456,-0.7003
197,R,M,-0.7286,0.2104,8.0,2,R,3,1,R197M,-0.5055,-0.4997,0.03003,4,6,1,-0.4958,-0.4758,-0.547,-0.5036
197,R,N,0.09509,0.04018,4.5,2,R,3,1,R197N,-0.237,-0.2038,0.06809,4,5,1,-0.2036,-0.3391,-0.2041,-0.201
197,R,P,-1.897,0.3203,4.0,2,R,3,1,R197P,-0.6532,-0.6527,0.4694,4,2,1,-0.6658,-0.07902,-0.6396,-1.228
197,R,Q,-1.265,0.8073,4.0,2,R,3,1,R197Q,-0.2637,-0.2519,0.04593,4,4,1,-0.2534,-0.3292,-0.2504,-0.2218
197,R,S,-0.2253,0.1785,5.5,2,R,3,1,R197S,-0.1296,-0.1317,0.0218,4,5,1,-0.1426,-0.1209,-0.1518,-0.1033
197,R,T,-0.3276,0.1011,2.0,2,R,3,1,R197T,-0.1937,-0.19,0.06123,4,3,1,-0.1766,-0.1239,-0.2033,-0.2711
197,R,V,0.1504,,0.5,1,R,3,1,R197V,0.07521,0.05405,0.05214,4,1,1,0.06568,0.04242,0.04119,0.1516
197,R,W,-0.4725,0.4091,5.5,2,R,3,1,R197W,-1.933,-1.978,0.1338,4,4,1,-2.014,-2.034,-1.942,-1.741
197,R,Y,-0.3085,0.3164,5.5,2,R,3,1,R197Y,-1.758,-1.707,0.1883,4,6,1,-1.76,-2.022,-1.597,-1.654
198,T,*,-0.08782,,0.5,1,T,3,1,T198*,-0.1026,-0.118,0.2057,4,1,1,-0.292,-0.2631,0.02716,0.1175
198,T,-,-0.03278,,2.0,1,T,3,1,T198-,-0.5541,-0.5862,0.1492,4,4,1,-0.5732,-0.6985,-0.5991,-0.3454
198,T,A,-0.7708,0.9705,4.0,2,T,3,1,T198A,-0.3535,-0.3452,0.02213,4,3,1,-0.338,-0.3499,-0.3858,-0.3404
198,T,C,-1.133,0.6495,1.5,2,T,3,1,T198C,0.09333,0.0729,0.07082,4,1,1,0.06403,0.08176,0.1951,0.03246
198,T,D,-1.417,1.384,8.5,2,T,3,1,T198D,1.376,1.41,0.2934,4,4,1,1.48,1.34,1.692,0.9934
198,T,E,0.06671,0.1017,6.0,2,T,3,1,T198E,0.6056,0.6005,0.02613,4,8,1,0.5941,0.5801,0.6069,0.6412
198,T,F,-0.4116,0.7724,2.5,2,T,3,1,T198F,0.159,0.1411,0.0509,4,1,1,0.155,0.1272,0.1217,0.2322
198,T,G,-1.049,1.265,2.5,2,T,3,1,T198G,-1.375,-1.284,0.227,4,1,1,-1.304,-1.711,-1.264,-1.22
198,T,H,-0.9354,1.518,4.0,2,T,3,1,T198H,0.04166,0.01671,0.06871,4,4,1,0.03417,0.141,-0.007757,-0.0007391
198,T,I,-0.0547,0.3148,9.5,2,T,3,1,T198I,0.1388,0.1411,0.08363,4,10,1,0.1042,0.232,0.178,0.04096
198,T,K,0.003215,0.1082,7.5,2,T,3,1,T198K,1.307,1.328,0.1287,4,7,1,1.257,1.399,1.423,1.148
198,T,L,-0.5453,0.3661,3.5,2,T,3,1,T198L,0.07996,0.07233,0.05398,4,2,1,0.07136,0.1528,0.0733,0.02236
198,T,M,-0.2886,0.5562,3.5,2,T,3,1,T198M,0.0681,0.07339,0.04029,4,2,1,0.06457,0.1108,0.08222,0.01484
198,T,N,-0.0005811,,0.5,1,T,3,1,T198N,-0.1276,-0.1301,0.02933,4,1,1,-0.1541,-0.09606,-0.1093,-0.151
198,T,P,-1.301,,1.5,1,T,3,1,T198P,1.077,1.076,0.0488,4,4,1,1.034,1.115,1.123,1.036
198,T,Q,0.0122,0.18,3.5,2,T,3,1,T198Q,0.348,0.3569,0.03331,4,6,1,0.3445,0.3693,0.3757,0.3023
198,T,R,-0.07662,0.1207,2.0,2,T,3,1,T198R,1.255,1.251,0.0751,4,3,1,1.237,1.35,1.169,1.264
198,T,S,-0.5994,0.9582,3.5,2,T,3,1,T198S,-0.04981,-0.04869,0.01716,4,4,1,-0.03803,-0.03288,-0.06898,-0.05934
198,T,V,-0.0926,0.3758,3.5,2,T,3,1,T198V,1.467,1.494,0.229,4,5,1,1.43,1.559,1.71,1.169
198,T,W,-0.3595,0.3823,3.5,2,T,3,1,T198W,1.203,1.176,0.1199,4,5,1,1.18,1.373,1.171,1.09
198,T,Y,-0.5667,0.89,6.0,2,T,3,1,T198Y,0.08492,0.07302,0.07435,4,4,1,0.06411,0.1859,0.08194,0.007768
199,G,*,-4.76,0.1351,8.0,2,G,3,1,G199*,0.7773,0.8355,0.2144,4,8,1,0.8625,0.967,0.8086,0.4713
199,G,-,-0.253,,2.0,1,G,3,1,G199-,-0.6974,-0.7101,0.04527,4,4,1,-0.7335,-0.7294,-0.6359,-0.6908
199,G,A,-4.777,0.1464,6.5,2,G,3,1,G199A,-0.1672,-0.1493,0.3131,4,6,1,-0.1369,0.1973,-0.1616,-0.5676
199,G,C,-4.921,0.05162,4.5,2,G,3,1,G199C,0.252,0.2136,0.3582,4,4,1,0.1459,0.2813,0.7204,-0.1397
199,G,D,-4.934,0.04384,5.5,2,G,3,1,G199D,-0.669,-0.6697,0.08063,4,5,1,-0.6647,-0.7669,-0.5696,-0.6746
199,G,E,-4.923,0.04313,6.5,2,G,3,1,G199E,0.0005829,0.004451,0.03276,4,4,1,0.005192,0.03646,0.00371,-0.04303
199,G,F,-4.851,0.1308,3.5,2,G,3,1,G199F,0.1601,0.1391,0.1831,4,1,1,0.0684,0.2097,0.3919,-0.02956
199,G,H,-4.886,0.03889,2.5,2,G,3,1,G199H,0.01668,0.02177,0.1002,4,1,1,0.01282,0.1338,0.03072,-0.1106
199,G,I,-4.887,0.008485,2.5,2,G,3,1,G199I,-0.1118,-0.1,0.07353,4,3,1,-0.1117,-0.03585,-0.08835,-0.2113
199,G,K,-4.921,0.03182,4.5,2,G,3,1,G199K,-0.404,-0.4256,0.1035,4,5,1,-0.3751,-0.476,-0.2702,-0.4948
199,G,L,-4.898,0.01838,2.5,2,G,3,1,G199L,-1.135,-1.285,0.3232,4,1,1,-1.319,-0.6512,-1.297,-1.273
199,G,M,-4.91,0.01273,3.5,2,G,3,1,G199M,-0.5226,-0.5394,0.05919,4,3,1,-0.5551,-0.4391,-0.5238,-0.5725
199,G,N,-4.922,0.01202,5.0,2,G,3,1,G199N,1.033,1.091,0.2413,4,4,1,1.061,1.257,1.121,0.6922
199,G,P,-4.549,0.4228,2.0,2,G,3,1,G199P,0.1378,0.1591,0.1524,4,2,1,0.1484,0.3004,0.1698,-0.06745
199,G,Q,-4.804,0.2065,5.0,2,G,3,1,G199Q,-0.4164,-0.4702,0.1568,4,5,1,-0.4533,-0.4872,-0.5381,-0.1871
199,G,R,-4.912,0.1308,4.5,2,G,3,1,G199R,0.5673,0.5263,0.2856,4,6,1,0.5872,0.9478,0.4655,0.2688
199,G,S,-4.896,0.04667,3.0,2,G,3,1,G199S,-1.188,-1.37,0.3729,4,3,1,-1.38,-0.6285,-1.359,-1.383
199,G,T,-4.923,0.04031,5.5,2,G,3,1,G199T,-0.2622,-0.2631,0.1857,4,4,1,-0.3076,-0.4844,-0.03818,-0.2187
199,G,V,-4.9,0.08061,18.5,2,G,3,1,G199V,0.02859,0.06219,0.1961,4,20,1,0.03255,0.09183,0.2285,-0.2385
199,G,W,-4.885,0.01909,2.0,2,G,3,1,G199W,-0.4492,-0.439,0.09176,4,3,1,-0.4749,-0.3539,-0.4032,-0.565
199,G,Y,-4.934,0.0601,4.5,2,G,3,1,G199Y,0.07792,0.06795,0.0942,4,4,1,0.1982,0.03736,0.09855,-0.02247
200,H,-,0.07575,,1.5,1,H,3,1,H200-,0.7166,0.6706,0.1558,4,3,1,0.6431,0.5854,0.9398,0.6981
200,H,A,0.04544,0.02845,6.5,2,H,3,1,H200A,-0.2844,-0.2812,0.13,4,4,1,-0.2683,-0.129,-0.2941,-0.4462
200,H,C,-0.2004,0.4212,2.5,2,H,3,1,H200C,0.2155,0.215,0.04364,4,2,1,0.2609,0.1859,0.1712,0.2441
200,H,D,-0.435,0.05317,5.5,2,H,3,1,H200D,1.279,1.33,0.207,4,5,1,1.298,1.362,1.47,0.9876
200,H,E,-0.9328,0.2435,6.5,2,H,3,1,H200E,1.039,1.071,0.1947,4,8,1,1.003,1.139,1.232,0.7835
200,H,F,-0.2295,0.4136,5.0,2,H,3,1,H200F,-1.714,-1.714,0.05346,4,4,1,-1.761,-1.759,-1.665,-1.67
200,H,G,0.04726,0.005629,4.0,2,H,3,1,H200G,-0.158,-0.1488,0.03936,4,7,1,-0.1652,-0.2107,-0.1324,-0.1239
200,H,I,-0.2421,0.3372,4.0,2,H,3,1,H200I,-1.344,-1.394,0.2242,4,4,1,-1.473,-1.041,-1.315,-1.548
200,H,K,-0.3207,0.06831,3.5,2,H,3,1,H200K,0.2367,0.2171,0.3088,4,2,1,0.1804,0.6316,0.2538,-0.1191
200,H,L,0.05555,0.01262,8.5,2,H,3,1,H200L,-1.14,-1.071,0.1773,4,11,1,-1.094,-1.401,-1.047,-1.016
200,H,M,0.1235,0.02072,2.0,2,H,3,1,H200M,0.4388,0.4933,0.1578,4,2,1,0.4639,0.559,0.2095,0.5228
200,H,N,-0.8514,0.3996,7.0,2,H,3,1,H200N,0.5601,0.5436,0.1113,4,7,1,0.5233,0.7094,0.444,0.5638
200,H,P,-0.5335,0.9864,5.0,2,H,3,1,H200P,0.1961,0.2005,0.05072,4,7,1,0.1973,0.2036,0.1301,0.2535
200,H,Q,0.1534,0.0198,3.5,2,H,3,1,H200Q,-1.215,-1.181,0.1562,4,6,1,-1.212,-1.431,-1.151,-1.065
200,H,R,-0.505,0.6432,4.5,2,H,3,1,H200R,-3.159,-3.197,0.2398,4,7,1,-3.165,-3.408,-2.834,-3.229
200,H,S,0.1336,0.009617,4.5,2,H,3,1,H200S,-0.2903,-0.2844,0.03083,4,6,1,-0.2964,-0.331,-0.2614,-0.2723
200,H,T,-0.2873,0.3653,2.5,2,H,3,1,H200T,-1.465,-1.3,0.366,4,3,1,-1.306,-2.013,-1.294,-1.247
200,H,V,-0.1235,0.3662,4.0,2,H,3,1,H200V,-1.071,-1.03,0.1285,4,3,1,-1.077,-1.251,-0.9729,-0.9833
200,H,W,-0.8273,0.281,5.0,2,H,3,1,H200W,-1.753,-1.793,0.1484,4,5,1,-1.746,-1.841,-1.878,-1.546
200,H,Y,-1.428,1.034,4.5,2,H,3,1,H200Y,-2.674,-2.636,0.2054,4,4,1,-2.947,-2.708,-2.478,-2.563
201,F,-,0.05271,,1.5,1,F,3,1,F201-,0.9247,0.9461,0.2565,4,3,1,0.9335,0.9587,1.216,0.5908
201,F,A,0.1161,0.03569,5.0,2,F,3,1,F201A,0.754,0.811,0.2887,4,5,1,0.7929,1.041,0.829,0.3533
201,F,C,0.1305,0.01054,4.0,2,F,3,1,F201C,-0.5719,-0.5671,0.1415,4,2,1,-0.5889,-0.7485,-0.5453,-0.4048
201,F,D,-4.716,0.08697,4.0,2,F,3,1,F201D,-0.1225,-0.09382,0.1601,4,2,1,-0.04142,-0.3357,0.03347,-0.1462
201,F,E,-4.704,0.03041,6.5,2,F,3,1,F201E,0.5174,0.5391,0.5067,4,7,1,0.3729,0.7052,1.093,-0.1014
201,F,G,-0.4187,0.4818,4.0,2,F,3,1,F201G,-0.6479,-0.6523,0.1641,4,2,1,-0.6419,-0.4428,-0.844,-0.6627
201,F,H,-3.719,,2.0,1,F,3,1,F201H,0.3468,0.3395,0.2847,4,3,1,0.3339,0.7026,0.3451,0.005565
201,F,I,0.09921,0.05076,5.0,2,F,3,1,F201I,0.7585,0.7824,0.1057,4,6,1,0.7893,0.8592,0.7756,0.6097
201,F,K,-4.907,0.03182,3.5,2,F,3,1,F201K,0.02762,-0.03032,0.2282,4,3,1,-0.01394,0.3523,-0.04669,-0.1811
201,F,L,0.09589,0.04809,4.0,2,F,3,1,F201L,0.6622,0.6487,0.1408,4,3,1,0.6877,0.6097,0.8426,0.5087
201,F,M,-0.0859,0.3106,1.5,2,F,3,1,F201M,-0.02289,-0.03166,0.0178,4,1,1,-0.03206,-0.03146,0.003807,-0.03186
201,F,N,-4.923,0.07354,3.0,2,F,3,1,F201N,0.6847,0.829,0.4495,4,3,1,0.8598,0.7982,1.051,0.03007
201,F,P,-4.892,0.05233,6.0,2,F,3,1,F201P,-0.3142,-0.3645,0.2213,4,7,1,-0.3537,-0.002614,-0.3753,-0.5253
201,F,Q,-4.252,0.7715,2.0,2,F,3,1,F201Q,0.714,0.7988,0.3049,4,2,1,0.7772,0.8204,0.9821,0.2761
201,F,R,-4.909,0.01202,5.0,2,F,3,1,F201R,-0.4731,-0.5366,0.2117,4,4,1,-0.5205,-0.1669,-0.5528,-0.6522
201,F,S,-0.5696,0.5581,5.5,2,F,3,1,F201S,0.3854,0.3951,0.233,4,7,1,0.3733,0.66,0.4168,0.09145
201,F,T,-0.3465,0.7284,4.0,2,F,3,1,F201T,0.9191,0.9672,0.1788,4,4,1,0.9332,1.076,1.001,0.6656
201,F,V,0.1248,0.06138,4.5,2,F,3,1,F201V,1.386,1.381,0.213,4,4,1,1.415,1.649,1.348,1.132
201,F,W,0.073,,1.5,1,F,3,1,F201W,-1.081,-1.215,0.2899,4,3,1,-1.246,-0.6468,-1.227,-1.203
201,F,Y,-1.588,2.174,1.5,2,F,3,1,F201Y,-0.08941,-0.08438,0.1066,4,1,1,-0.1314,0.02719,-0.2161,-0.03731
202,Y,-,-0.09392,,1.5,1,Y,3,1,Y202-,0.735,0.6896,0.1524,4,3,1,0.6371,0.6132,0.9476,0.7421
202,Y,A,-3.866,0.9666,6.5,2,Y,3,1,Y202A,-0.9996,-0.964,0.1131,4,8,1,-0.9585,-1.164,-0.9695,-0.9062
202,Y,C,-4.781,0.1952,6.5,2,Y,3,1,Y202C,-0.4963,-0.508,0.05337,4,8,1,-0.5265,-0.4241,-0.4895,-0.545
202,Y,D,-4.947,0.0891,3.5,2,Y,3,1,Y202D,1.351,1.49,0.3327,4,2,1,1.513,1.57,1.467,0.8563
202,Y,E,-4.553,0.3076,7.0,2,Y,3,1,Y202E,0.4583,0.4732,0.2854,4,6,1,0.4249,0.789,0.5215,0.09784
202,Y,F,-0.3441,0.7251,3.0,2,Y,3,1,Y202F,-0.09318,-0.08225,0.04771,4,2,1,-0.06754,-0.09695,-0.04972,-0.1585
202,Y,G,-4.705,0.3783,4.5,2,Y,3,1,Y202G,-0.7097,-0.7148,0.02754,4,6,1,-0.7274,-0.674,-0.7023,-0.7349
202,Y,H,-1.092,1.485,4.0,2,Y,3,1,Y202H,-0.42,-0.502,0.1775,4,7,1,-0.5038,-0.1542,-0.522,-0.5002
202,Y,I,-1.794,1.421,3.5,2,Y,3,1,Y202I,-1.365,-1.357,0.04913,4,3,1,-1.429,-1.376,-1.317,-1.337
202,Y,K,-4.827,0.02828,6.0,2,Y,3,1,Y202K,-0.3054,-0.314,0.05113,4,6,1,-0.2872,-0.3521,-0.2415,-0.3408
202,Y,L,-4.94,0.01909,3.0,2,Y,3,1,Y202L,-0.2396,-0.2273,0.2243,4,2,1,-0.1136,-0.002353,-0.341,-0.5013
202,Y,M,-1.938,0.8535,3.0,2,Y,3,1,Y202M,-2.057,-2.063,0.05542,4,2,1,-2.114,-2.086,-1.988,-2.041
202,Y,N,-4.028,0.502,2.5,2,Y,3,1,Y202N,-0.8981,-0.792,0.2992,4,1,1,-0.6701,-1.338,-0.8061,-0.7779
202,Y,P,-4.829,0.2298,8.5,2,Y,3,1,Y202P,0.4697,0.5064,0.3964,4,8,1,0.3826,0.6301,0.8996,-0.03369
202,Y,Q,-4.879,0.01131,4.0,2,Y,3,1,Y202Q,0.1426,0.1134,0.1458,4,6,1,0.07227,0.1545,0.3405,0.003029
202,Y,R,-4.426,0.6781,5.0,2,Y,3,1,Y202R,-1.351,-1.464,0.2879,4,2,1,-1.501,-0.9254,-1.55,-1.427
202,Y,S,-1.615,0.3571,7.0,2,Y,3,1,Y202S,-0.7372,-0.7178,0.07302,4,10,1,-0.7009,-0.84,-0.7347,-0.6731
202,Y,T,-4.285,0.4568,4.0,2,Y,3,1,Y202T,-0.8161,-0.6995,0.246,4,5,1,-0.6831,-1.184,-0.6811,-0.7159
202,Y,V,-4.24,0.9306,2.5,2,Y,3,1,Y202V,-1.672,-1.664,0.07781,4,2,1,-1.774,-1.586,-1.674,-1.653
202,Y,W,-0.3223,0.05006,2.0,2,Y,3,1,Y202W,0.2721,0.2601,0.2,4,2,1,0.2656,0.5284,0.2546,0.03987
203,I,-,-0.01896,,2.0,1,I,3,1,I203-,0.1259,0.1123,0.16,4,4,1,0.1709,0.3255,-0.04655,0.05376
203,I,A,0.1502,0.01952,5.5,2,I,3,1,I203A,-1.523,-1.544,0.1546,4,3,1,-1.464,-1.671,-1.623,-1.333
203,I,C,-0.02405,0.1945,7.0,2,I,3,1,I203C,-0.2816,-0.2831,0.01535,4,7,1,-0.2914,-0.2634,-0.2968,-0.2747
203,I,D,-4.938,0.03182,3.5,2,I,3,1,I203D,-0.07069,-0.05072,0.1073,4,3,1,-0.0612,0.03724,-0.04024,-0.2186
203,I,E,-4.972,,0.5,1,I,3,1,I203E,0.7507,0.8347,0.4844,4,1,1,0.8299,1.248,0.8394,0.08555
203,I,F,0.003395,0.09435,4.5,2,I,3,1,I203F,-1.281,-1.256,0.09464,4,4,1,-1.287,-1.413,-1.202,-1.224
203,I,G,-0.9868,0.2605,5.0,2,I,3,1,I203G,-2.173,-2.058,0.3303,4,9,1,-2.121,-2.653,-1.995,-1.924
203,I,H,-4.524,0.4575,4.5,2,I,3,1,I203H,-1.481,-1.772,0.606,4,3,1,-1.789,-0.5724,-1.756,-1.807
203,I,K,-4.961,0.07142,4.0,2,I,3,1,I203K,0.675,0.7473,0.3758,4,3,1,0.6959,0.7986,1.049,0.1569
203,I,M,-0.0688,0.3435,5.0,2,I,3,1,I203M,0.2252,0.2059,0.08269,4,5,1,0.1933,0.1477,0.2185,0.3412
203,I,N,-4.837,0.09899,3.5,2,I,3,1,I203N,0.3506,0.3917,0.2408,4,4,1,0.3577,0.5966,0.4257,0.02233
203,I,P,-4.963,0.01061,3.0,2,I,3,1,I203P,-0.007307,0.1052,0.3307,4,2,1,0.04115,0.1693,0.2471,-0.4867
203,I,Q,-4.505,0.5515,3.0,2,I,3,1,I203Q,-1.03,-1.025,0.257,4,3,1,-1.118,-0.7336,-1.335,-0.9329
203,I,R,-4.837,0.1563,4.0,2,I,3,1,I203R,0.7851,0.8738,0.2758,4,3,1,0.8684,1.01,0.8792,0.3827
203,I,S,-1.501,0.5713,3.5,2,I,3,1,I203S,-1.441,-1.408,0.1041,4,2,1,-1.42,-1.592,-1.396,-1.356
203,I,T,-1.482,,4.0,1,I,3,1,I203T,-1.09,-1.077,0.07874,4,8,1,-1.075,-1.198,-1.079,-1.009
203,I,V,-0.254,0.5991,3.5,2,I,3,1,I203V,-0.5029,-0.4987,0.03836,4,4,1,-0.5005,-0.5537,-0.4606,-0.4969
203,I,W,-0.5572,0.4614,5.5,2,I,3,1,I203W,-0.3398,-0.3853,0.2613,4,5,1,-0.5695,-0.2351,-0.0192,-0.5355
203,I,Y,-1.627,0.9221,3.0,2,I,3,1,I203Y,-1.81,-2.022,0.4504,4,3,1,-2.062,-1.136,-1.999,-2.044
204,N,-,-0.00818,0.04565,2.5,2,N,3,1,N204-,0.1262,0.1131,0.1597,4,4,1,0.1712,0.3251,-0.04654,0.05505
204,N,A,-4.635,0.256,6.0,2,N,3,1,N204A,-1.764,-1.837,0.2068,4,5,1,-1.922,-1.46,-1.85,-1.825
204,N,C,-4.89,0.07495,4.0,2,N,3,1,N204C,1.026,1.0,0.1495,4,3,1,0.9851,1.015,1.231,0.8733
204,N,D,-0.02705,0.2224,7.0,2,N,3,1,N204D,-2.247,-2.325,0.3124,4,8,1,-2.402,-1.811,-2.249,-2.528
204,N,E,-0.2294,0.128,3.5,2,N,3,1,N204E,-2.622,-2.628,0.09684,4,5,1,-2.595,-2.73,-2.661,-2.502
204,N,F,-4.731,0.1838,6.5,2,N,3,1,N204F,0.2594,0.27,0.1199,4,4,1,0.2271,0.3884,0.313,0.1091
204,N,G,-2.175,0.2708,4.5,2,N,3,1,N204G,-2.545,-2.601,0.245,4,5,1,-2.718,-2.224,-2.483,-2.754
204,N,H,-2.851,0.49,4.0,2,N,3,1,N204H,-0.5798,-0.5351,0.09991,4,4,1,-0.5338,-0.7293,-0.5198,-0.5364
204,N,I,-4.857,0.06435,6.0,2,N,3,1,N204I,0.4641,0.5018,0.1182,4,5,1,0.4701,0.5571,0.5335,0.2956
204,N,K,-4.942,0.07071,4.0,2,N,3,1,N204K,1.155,1.141,0.2125,4,4,1,1.14,1.429,1.143,0.9097
204,N,L,-4.881,0.009899,4.0,2,N,3,1,N204L,0.1355,0.1725,0.1264,4,4,1,0.1189,0.2339,0.2262,-0.03689
204,N,M,-4.615,0.1994,4.5,2,N,3,1,N204M,-1.765,-1.791,0.1205,4,6,1,-1.878,-1.597,-1.815,-1.768
204,N,P,-4.939,0.008485,3.5,2,N,3,1,N204P,0.03766,0.04495,0.1726,4,4,1,0.0264,0.0635,0.2407,-0.18
204,N,Q,-1.163,0.6802,3.5,2,N,3,1,N204Q,-2.103,-2.14,0.2214,4,4,1,-2.254,-1.825,-2.027,-2.306
204,N,R,-4.848,0.1089,4.5,2,N,3,1,N204R,0.2253,0.2303,0.1971,4,6,1,0.1404,0.4442,0.3203,-0.003673
204,N,S,-1.465,0.0502,5.5,2,N,3,1,N204S,-1.727,-1.74,0.07162,4,5,1,-1.793,-1.635,-1.706,-1.774
204,N,T,-4.593,0.5006,3.5,2,N,3,1,N204T,-1.097,-1.204,0.2555,4,3,1,-1.265,-0.7164,-1.205,-1.202
204,N,V,-4.566,0.5091,1.5,2,N,3,1,N204V,-0.1028,-0.08004,0.05715,4,1,1,-0.07511,-0.1875,-0.06351,-0.08496
204,N,W,-4.921,0.1237,4.0,2,N,3,1,N204W,0.2889,0.3456,0.2754,4,3,1,0.3017,0.557,0.3895,-0.09242
204,N,Y,-4.928,0.1153,2.5,2,N,3,1,N204Y,0.3277,0.3476,0.05534,4,2,1,0.3422,0.3529,0.3692,0.2464
205,G,-,-0.09791,0.125,2.5,2,G,3,1,G205-,0.1266,0.1125,0.161,4,4,1,0.1709,0.328,-0.04662,0.05407
205,G,A,-0.8534,0.247,9.5,2,G,3,1,G205A,-1.354,-1.333,0.09563,4,7,1,-1.341,-1.489,-1.326,-1.262
205,G,C,-4.918,0.03041,7.0,2,G,3,1,G205C,-0.3589,-0.3397,0.2314,4,9,1,-0.4019,-0.1031,-0.2775,-0.6533
205,G,D,-4.903,0.1435,12.0,2,G,3,1,G205D,-0.175,-0.245,0.1771,4,15,1,-0.2554,0.08763,-0.2347,-0.2978
205,G,E,-4.806,0.1223,3.0,2,G,3,1,G205E,0.5993,0.5861,0.06803,4,4,1,0.536,0.6133,0.5588,0.689
205,G,F,-4.934,0.01697,2.5,2,G,3,1,G205F,-0.4794,-0.6223,0.3128,4,1,1,-0.5924,-0.01241,-0.6605,-0.6521
205,G,H,-4.962,0.02333,2.0,2,G,3,1,G205H,1.543,1.443,0.5211,4,1,1,1.455,1.431,2.265,1.02
205,G,I,-4.941,0.01485,4.0,2,G,3,1,G205I,-0.1428,-0.1419,0.09431,4,4,1,-0.09981,-0.1841,-0.03607,-0.2512
205,G,K,-4.937,0.0601,1.5,2,G,3,1,G205K,-0.7904,-0.7915,0.03399,4,2,1,-0.7927,-0.7477,-0.7903,-0.8308
205,G,L,-4.775,0.1464,5.5,2,G,3,1,G205L,-0.3986,-0.3858,0.2065,4,6,1,-0.5481,-0.2182,-0.6046,-0.2236
205,G,M,-4.912,0.03677,3.5,2,G,3,1,G205M,-0.1159,0.01093,0.3182,4,1,1,-0.01271,0.1025,0.03457,-0.588
205,G,N,-4.899,0.01697,4.5,2,G,3,1,G205N,0.194,0.2632,0.2318,4,5,1,0.1751,0.3513,0.3763,-0.1268
205,G,P,-4.886,0.06718,2.5,2,G,3,1,G205P,-0.177,-0.1989,0.1554,4,1,1,-0.1417,-0.2562,0.0238,-0.3339
205,G,Q,-4.867,0.1237,3.5,2,G,3,1,G205Q,-0.5106,-0.5169,0.06506,4,4,1,-0.54,-0.4285,-0.4938,-0.58
205,G,R,-4.928,0.03818,3.5,2,G,3,1,G205R,0.2324,0.1833,0.1368,4,1,1,0.1355,0.1395,0.4277,0.227
205,G,S,-3.125,0.3896,6.0,2,G,3,1,G205S,-2.242,-2.211,0.1988,4,5,1,-2.231,-2.512,-2.035,-2.192
205,G,T,-4.935,0.01202,5.5,2,G,3,1,G205T,0.09949,0.1349,0.1501,4,5,1,0.0892,0.1807,0.2349,-0.1068
205,G,V,-4.665,0.09405,7.0,2,G,3,1,G205V,-0.6771,-0.7261,0.1285,4,8,1,-0.702,-0.4889,-0.7502,-0.7674
205,G,W,-4.897,0.06788,2.5,2,G,3,1,G205W,-1.141,-1.103,0.476,4,1,1,-1.155,-1.756,-1.051,-0.5998
205,G,Y,-4.816,0.1732,5.0,2,G,3,1,G205Y,0.5238,0.6023,0.2932,4,4,1,0.5933,0.7868,0.6113,0.104
206,Y,*,-0.8383,0.9698,2.0,2,Y,3,1,Y206*,0.9876,0.8621,0.8038,4,3,1,0.648,1.076,2.057,0.1687
206,Y,-,0.0235,0.009171,3.0,2,Y,3,1,Y206-,0.197,0.1843,0.1098,4,5,1,0.3176,0.1019,0.1061,0.2625
206,Y,A,-0.03141,0.1595,3.5,2,Y,3,1,Y206A,-0.4107,-0.3896,0.08869,4,3,1,-0.5362,-0.3848,-0.3943,-0.3276
206,Y,C,-2.654,0.1662,7.0,2,Y,3,1,Y206C,0.2655,0.2184,0.2095,4,9,1,0.1831,0.558,0.06738,0.2537
206,Y,D,-3.42,0.5621,5.5,2,Y,3,1,Y206D,2.056,2.207,0.4938,4,6,1,2.358,2.057,2.451,1.36
206,Y,E,-4.608,0.2058,7.0,2,Y,3,1,Y206E,-0.0004195,0.01122,0.1496,4,8,1,-0.01657,0.1683,0.03902,-0.1924
206,Y,F,-0.08125,0.2493,3.5,2,Y,3,1,Y206F,0.485,0.5072,0.08016,4,3,1,0.4767,0.5508,0.5376,0.3749
206,Y,G,-0.5472,0.2253,1.5,2,Y,3,1,Y206G,-0.8367,-0.8324,0.03244,4,2,1,-0.8793,-0.841,-0.8026,-0.8238
206,Y,H,-1.004,1.157,3.0,2,Y,3,1,Y206H,0.004032,0.01261,0.02443,4,2,1,0.02235,-0.03145,0.01755,0.007676
206,Y,I,-2.308,0.8075,1.5,2,Y,3,1,Y206I,-0.1513,-0.1438,0.02114,4,1,1,-0.1475,-0.1354,-0.1402,-0.1821
206,Y,K,-3.664,1.068,4.0,2,Y,3,1,Y206K,-0.1211,-0.07256,0.1206,4,4,1,-0.05184,-0.04048,-0.09328,-0.2988
206,Y,L,-4.562,0.42,5.5,2,Y,3,1,Y206L,-0.1062,-0.134,0.1998,4,8,1,-0.1151,0.1624,-0.1529,-0.3191
206,Y,M,-2.551,1.477,3.5,2,Y,3,1,Y206M,0.6266,0.6506,0.3682,4,4,1,0.616,0.6851,1.051,0.1543
206,Y,N,-1.304,0.4066,7.0,2,Y,3,1,Y206N,0.4084,0.4052,0.1638,4,5,1,0.3822,0.6109,0.4281,0.2124
206,Y,P,-2.848,0.7771,10.0,2,Y,3,1,Y206P,0.5115,0.6048,0.3213,4,12,1,0.478,0.7315,0.7665,0.06985
206,Y,Q,-1.861,0.7361,6.0,2,Y,3,1,Y206Q,-0.1897,-0.2263,0.09765,4,6,1,-0.2609,-0.222,-0.2306,-0.04538
206,Y,R,-0.0253,0.2687,4.0,2,Y,3,1,Y206R,-1.858,-1.795,0.1882,4,4,1,-1.845,-2.128,-1.744,-1.715
206,Y,S,-4.843,0.1711,4.5,2,Y,3,1,Y206S,-0.2235,-0.2412,0.168,4,3,1,-0.2533,-0.00196,-0.2291,-0.4098
206,Y,T,-4.309,0.9221,2.5,2,Y,3,1,Y206T,0.02195,0.0007714,0.1063,4,2,1,0.009055,0.1696,-0.007512,-0.08332
206,Y,V,-0.1442,0.00792,6.5,2,Y,3,1,Y206V,-1.07,-1.0,0.1944,4,7,1,-0.9898,-1.356,-1.011,-0.9237
206,Y,W,0.1236,0.06512,5.0,2,Y,3,1,Y206W,-1.336,-1.408,0.182,4,4,1,-1.361,-1.072,-1.457,-1.456
207,R,-,-1.509,1.856,2.5,2,R,3,1,R207-,-0.1524,-0.1437,0.1279,4,4,1,-0.3166,-0.1296,-0.1578,-0.005583
207,R,A,-0.8194,0.1911,6.5,2,R,3,1,R207A,0.7132,0.7151,0.03489,4,5,1,0.6686,0.7539,0.714,0.7162
207,R,C,-1.197,0.6055,4.0,2,R,3,1,R207C,0.9966,0.9773,0.1005,4,4,1,1.022,0.9323,0.9047,1.127
207,R,D,-2.797,1.761,1.5,2,R,3,1,R207D,1.153,1.18,0.2851,4,2,1,1.262,1.464,1.098,0.7888
207,R,E,-3.842,0.3861,7.0,2,R,3,1,R207E,0.6007,0.6635,0.2194,4,7,1,0.6158,0.7869,0.7113,0.2887
207,R,F,-0.7587,0.08111,3.5,2,R,3,1,R207F,-2.009,-2.043,0.1413,4,1,1,-2.138,-2.005,-2.081,-1.814
207,R,G,-1.233,0.9055,5.5,2,R,3,1,R207G,1.272,1.292,0.3077,4,6,1,1.331,1.625,1.253,0.8775
207,R,H,-1.09,1.246,6.5,2,R,3,1,R207H,1.049,0.9955,0.1546,4,9,1,1.029,1.273,0.9623,0.9328
207,R,I,-2.173,0.3076,7.5,2,R,3,1,R207I,-2.316,-2.382,0.4205,4,6,1,-2.686,-1.816,-2.122,-2.642
207,R,K,0.1418,0.009758,8.5,2,R,3,1,R207K,-1.982,-1.971,0.07956,4,9,1,-2.081,-2.012,-1.93,-1.907
207,R,L,-2.438,0.02263,4.5,2,R,3,1,R207L,-1.36,-1.306,0.1966,4,5,1,-1.347,-1.188,-1.638,-1.265
207,R,M,-1.747,0.5812,5.5,2,R,3,1,R207M,1.822,1.806,0.1709,4,4,1,1.842,2.044,1.633,1.771
207,R,N,-0.1437,0.09454,8.5,2,R,3,1,R207N,2.129,2.168,0.1967,4,12,1,2.072,2.303,2.264,1.876
207,R,P,-0.8943,0.5582,3.0,2,R,3,1,R207P,-0.9055,-0.9087,0.0218,4,3,1,-0.9285,-0.9076,-0.8759,-0.9098
207,R,Q,-0.7574,0.575,4.5,2,R,3,1,R207Q,1.008,0.9809,0.06657,4,5,1,0.993,1.106,0.9687,0.9641
207,R,T,-3.401,0.3825,4.5,2,R,3,1,R207T,-2.04,-2.102,0.1568,4,5,1,-2.106,-2.15,-2.098,-1.808
207,R,V,-3.452,0.6512,7.0,2,R,3,1,R207V,-1.349,-1.419,0.2219,4,5,1,-1.436,-1.026,-1.531,-1.403
207,R,W,-2.719,,2.0,1,R,3,1,R207W,0.3101,0.277,0.505,4,4,1,0.5257,0.9076,0.0284,-0.2213
207,R,Y,-1.726,0.2793,4.5,2,R,3,1,R207Y,1.588,1.807,0.5347,4,2,1,1.798,1.945,1.816,0.7921
208,Y,*,-4.72,0.1747,3.5,2,Y,3,1,Y208*,-0.6321,-0.5778,0.1259,4,3,1,-0.5526,-0.82,-0.5761,-0.5795
208,Y,-,-4.944,0.07283,3.5,2,Y,3,1,Y208-,-0.05426,-0.03634,0.09089,4,5,1,-0.04516,-0.02752,-0.1802,0.03585
208,Y,A,-1.715,1.043,5.0,2,Y,3,1,Y208A,0.9968,1.0,0.1611,4,4,1,1.037,1.187,0.9641,0.7994
208,Y,C,-2.337,0.2814,5.5,2,Y,3,1,Y208C,-0.1847,-0.1711,0.02941,4,7,1,-0.1679,-0.2288,-0.1713,-0.1708
208,Y,D,-4.836,0.08485,6.5,2,Y,3,1,Y208D,1.11,1.082,0.08619,4,5,1,1.039,1.235,1.085,1.079
208,Y,F,-0.1752,0.4837,4.0,2,Y,3,1,Y208F,0.4316,0.3923,0.102,4,4,1,0.3709,0.5808,0.4137,0.3612
208,Y,G,-2.745,,3.0,1,Y,3,1,Y208G,0.9874,1.253,0.6333,4,6,1,1.189,1.316,1.398,0.04616
208,Y,H,-0.2175,0.4764,5.5,2,Y,3,1,Y208H,1.381,1.434,0.2263,4,5,1,1.434,1.595,1.434,1.061
208,Y,I,-1.661,0.4921,4.5,2,Y,3,1,Y208I,1.092,1.079,0.2153,4,5,1,1.114,1.365,1.043,0.8442
208,Y,K,-4.346,0.7792,4.5,2,Y,3,1,Y208K,-0.5556,-0.5273,0.07041,4,4,1,-0.5207,-0.5077,-0.5338,-0.66
208,Y,L,-0.3079,0.5362,4.5,2,Y,3,1,Y208L,1.868,1.968,0.5968,4,4,1,1.861,2.075,2.477,1.059
208,Y,M,-1.917,0.362,5.0,2,Y,3,1,Y208M,1.225,1.293,0.4198,4,7,1,1.232,1.353,1.658,0.6549
208,Y,N,-4.889,0.006364,2.0,2,Y,3,1,Y208N,0.5268,0.3501,0.6547,4,2,1,0.3359,0.3642,1.465,-0.05822
208,Y,P,-4.617,0.3981,8.5,2,Y,3,1,Y208P,-0.3821,-0.3945,0.1793,4,5,1,-0.4066,-0.1512,-0.3824,-0.5882
208,Y,Q,-1.868,2.36,5.0,2,Y,3,1,Y208Q,1.518,1.442,0.6474,4,2,1,1.353,1.53,2.375,0.814
208,Y,R,-0.8571,0.6645,2.5,2,Y,3,1,Y208R,1.136,1.177,0.2726,4,3,1,1.151,1.423,1.202,0.7673
208,Y,S,-1.224,1.163,5.0,2,Y,3,1,Y208S,1.534,1.595,0.3592,4,5,1,1.652,1.901,1.537,1.045
208,Y,T,-2.901,0.7495,4.5,2,Y,3,1,Y208T,1.644,1.615,0.1299,4,9,1,1.659,1.82,1.572,1.525
208,Y,V,-0.556,0.9843,2.0,2,Y,3,1,Y208V,0.109,0.08106,0.1114,4,2,1,0.1104,0.2642,0.05173,0.009758
208,Y,W,-0.4382,0.4892,5.0,2,Y,3,1,Y208W,-1.583,-1.572,0.1594,4,7,1,-1.677,-1.431,-1.758,-1.466
209,F,-,0.04501,,1.0,1,F,3,1,F209-,-0.07406,0.003457,0.185,4,2,1,0.002758,0.04665,-0.3498,0.004156
209,F,A,-0.6712,0.4421,6.5,2,F,3,1,F209A,0.706,0.63,0.4731,4,5,1,0.5471,0.713,1.345,0.2185
209,F,C,-0.2086,0.1059,8.5,2,F,3,1,F209C,-0.3758,-0.4207,0.1466,4,9,1,-0.384,-0.167,-0.4574,-0.4949
209,F,D,-0.3936,0.2162,4.0,2,F,3,1,F209D,0.05765,0.05106,0.02483,4,2,1,0.04306,0.03642,0.05906,0.09207
209,F,E,-1.218,0.1082,5.5,2,F,3,1,F209E,0.9988,1.036,0.1718,4,4,1,0.9915,1.08,1.161,0.763
209,F,G,-4.598,,1.5,1,F,3,1,F209G,-1.639,-1.825,0.3924,4,2,1,-1.846,-1.052,-1.855,-1.805
209,F,H,-0.5344,0.6853,4.0,2,F,3,1,F209H,1.354,1.429,0.233,4,2,1,1.427,1.545,1.431,1.015
209,F,I,-0.1487,0.3812,4.5,2,F,3,1,F209I,0.5879,0.5778,0.07376,4,4,1,0.591,0.5096,0.6861,0.5647
209,F,K,0.04103,0.01321,4.5,2,F,3,1,F209K,-0.8967,-0.819,0.316,4,5,1,-0.9525,-1.321,-0.6856,-0.6279
209,F,L,-0.5531,0.8753,6.5,2,F,3,1,F209L,-2.034,-2.054,0.3613,4,8,1,-2.235,-1.612,-1.872,-2.417
209,F,M,-0.4715,0.4833,2.5,2,F,3,1,F209M,-2.724,-2.811,0.3245,4,3,1,-2.931,-2.278,-2.692,-2.994
209,F,N,-0.06545,0.285,3.0,2,F,3,1,F209N,-0.2341,-0.2471,0.0535,4,4,1,-0.231,-0.2818,-0.2631,-0.1602
209,F,P,-3.049,0.9291,4.5,2,F,3,1,F209P,0.08693,0.0686,0.06581,4,2,1,0.02984,0.08024,0.1807,0.05696
209,F,Q,0.07584,0.06372,2.0,2,F,3,1,F209Q,-1.561,-1.549,0.04238,4,1,1,-1.621,-1.539,-1.559,-1.524
209,F,R,0.1054,0.02908,4.5,2,F,3,1,F209R,-1.252,-1.168,0.2259,4,6,1,-1.165,-1.586,-1.086,-1.171
209,F,S,-0.022,0.1964,7.5,2,F,3,1,F209S,0.7149,0.6927,0.06746,4,10,1,0.6847,0.661,0.8131,0.7007
209,F,V,-1.77,0.4391,5.0,2,F,3,1,F209V,0.4789,0.4471,0.1715,4,4,1,0.4058,0.3097,0.7116,0.4884
209,F,W,0.04035,0.1306,1.0,2,F,3,1,F209W,-0.3293,-0.3219,0.02292,4,1,1,-0.3208,-0.3627,-0.3231,-0.3106
209,F,Y,-0.3345,0.7054,5.5,2,F,3,1,F209Y,1.123,1.158,0.1546,4,7,1,1.093,1.223,0.9162,1.258
210,T,-,-0.3233,,1.0,1,T,3,1,T210-,0.09179,0.05167,0.08887,4,3,1,0.05526,0.04809,0.2247,0.03909
210,T,A,0.1479,0.02737,3.5,2,T,3,1,T210A,-1.504,-1.338,0.3767,4,3,1,-1.396,-2.063,-1.28,-1.276
210,T,C,-0.359,0.3359,5.5,2,T,3,1,T210C,-0.578,-0.5745,0.04871,4,4,1,-0.5665,-0.6405,-0.5226,-0.5825
210,T,D,-2.804,2.555,2.5,2,T,3,1,T210D,0.8768,0.851,0.116,4,2,1,0.8932,1.033,0.7721,0.8088
210,T,E,-0.07808,0.1269,4.5,2,T,3,1,T210E,1.941,1.996,0.1896,4,2,1,1.987,2.106,1.668,2.005
210,T,F,-0.7788,0.155,4.5,2,T,3,1,T210F,-2.544,-2.636,0.3082,4,2,1,-2.752,-2.117,-2.519,-2.786
210,T,G,0.0029,0.2331,5.5,2,T,3,1,T210G,-0.2458,-0.2366,0.06835,4,4,1,-0.219,-0.3358,-0.1742,-0.2541
210,T,I,0.1378,0.002263,10.5,2,T,3,1,T210I,-1.103,-1.059,0.1799,4,17,1,-1.089,-1.356,-1.029,-0.9369
210,T,K,0.1106,0.03294,7.0,2,T,3,1,T210K,-2.33,-2.304,0.09421,4,5,1,-2.267,-2.458,-2.341,-2.252
210,T,L,-0.8512,0.5004,3.5,2,T,3,1,T210L,-1.777,-1.787,0.1103,4,4,1,-1.883,-1.723,-1.852,-1.648
210,T,M,0.1181,0.05375,5.0,2,T,3,1,T210M,-1.988,-1.901,0.2378,4,6,1,-1.958,-2.333,-1.844,-1.817
210,T,N,0.02315,0.1802,4.0,2,T,3,1,T210N,-0.7013,-0.697,0.05367,4,4,1,-0.7074,-0.7702,-0.6866,-0.641
210,T,P,-2.058,0.5508,3.0,2,T,3,1,T210P,-1.919,-2.175,0.5704,4,2,1,-2.235,-1.068,-2.115,-2.256
210,T,Q,-0.557,,2.5,1,T,3,1,T210Q,-2.468,-2.62,0.4188,4,4,1,-2.737,-1.864,-2.503,-2.765
210,T,R,-0.6643,1.149,3.0,2,T,3,1,T210R,-1.731,-1.745,0.3972,4,3,1,-1.649,-1.24,-1.841,-2.193
210,T,S,0.1023,0.02394,4.0,2,T,3,1,T210S,-0.3127,-0.3182,0.01417,4,6,1,-0.3198,-0.3228,-0.3166,-0.2918
210,T,V,0.08808,0.06452,5.5,2,T,3,1,T210V,0.03535,0.03452,0.0446,4,8,1,0.02718,0.09031,0.04185,-0.01793
210,T,W,-1.739,2.028,4.5,2,T,3,1,T210W,-3.344,-3.446,0.287,4,6,1,-3.541,-2.937,-3.35,-3.549
210,T,Y,-0.0347,0.2352,2.0,2,T,3,1,T210Y,-1.011,-1.11,0.2062,4,1,1,-1.12,-0.7014,-1.112,-1.109
211,L,*,-0.08152,,0.5,1,L,3,1,L211*,-1.545,-1.741,0.6171,4,1,1,-1.529,-2.019,-1.953,-0.6782
211,L,-,-0.07953,,1.0,1,L,3,1,L211-,0.09129,0.05232,0.08638,4,3,1,0.05554,0.0491,0.2205,0.04001
211,L,A,-1.57,2.12,4.0,2,L,3,1,L211A,1.534,1.668,0.3016,4,2,1,1.645,1.716,1.083,1.69
211,L,C,-0.6872,,4.5,1,L,3,1,L211C,0.1803,0.1592,0.07533,4,8,1,0.1559,0.2886,0.1625,0.1142
211,L,D,-4.918,0.07849,4.0,2,L,3,1,L211D,0.08111,0.08937,0.05491,4,4,1,0.05942,0.1319,0.1193,0.01377
211,L,E,-4.168,1.078,4.0,2,L,3,1,L211E,0.1362,0.1476,0.1171,4,5,1,0.1368,0.2668,0.1585,-0.01743
211,L,G,0.1294,0.05115,2.5,2,L,3,1,L211G,-0.3175,-0.3138,0.05236,4,3,1,-0.2903,-0.2619,-0.3372,-0.3807
211,L,H,-1.56,0.9115,5.0,2,L,3,1,L211H,-1.565,-1.509,0.1961,4,5,1,-1.475,-1.846,-1.542,-1.398
211,L,I,0.09775,0.05862,7.5,2,L,3,1,L211I,0.1335,0.1552,0.0631,4,9,1,0.1329,0.1775,0.1791,0.04445
211,L,K,-3.228,2.363,1.5,2,L,3,1,L211K,-1.967,-2.045,0.2367,4,1,1,-2.142,-1.635,-1.957,-2.132
211,L,M,-0.3742,0.7155,8.5,2,L,3,1,L211M,0.2033,0.2156,0.03651,4,9,1,0.2227,0.1504,0.2084,0.2315
211,L,N,-2.361,0.4038,2.5,2,L,3,1,L211N,-0.8328,-0.8245,0.2491,4,2,1,-0.7587,-0.5434,-1.139,-0.8903
211,L,P,-4.303,0.4702,2.5,2,L,3,1,L211P,-2.123,-2.371,0.5143,4,2,1,-2.396,-1.352,-2.357,-2.385
211,L,Q,-1.339,0.9797,5.0,2,L,3,1,L211Q,0.2492,0.1964,0.2625,4,3,1,0.2012,0.6148,0.1916,-0.01064
211,L,R,-1.115,0.9239,5.5,2,L,3,1,L211R,0.0491,0.0505,0.01963,4,5,1,0.0623,0.06857,0.03871,0.02685
211,L,S,-0.671,0.7679,4.0,2,L,3,1,L211S,0.7374,0.7525,0.07612,4,5,1,0.753,0.813,0.752,0.6315
211,L,T,-0.7297,0.5251,5.0,2,L,3,1,L211T,-0.2185,-0.1083,0.2721,4,5,1,-0.1063,-0.6232,-0.1103,-0.03404
211,L,V,0.1205,0.06689,6.0,2,L,3,1,L211V,-0.4277,-0.4316,0.06273,4,5,1,-0.3878,-0.4753,-0.4868,-0.361
211,L,W,-4.256,0.2623,6.0,2,L,3,1,L211W,-1.056,-1.067,0.1143,4,4,1,-1.164,-0.9284,-0.9924,-1.141
211,L,Y,-1.26,0.08273,4.0,2,L,3,1,L211Y,-1.512,-1.579,0.5074,4,4,1,-1.537,-0.8317,-1.622,-2.057
212,G,-,0.06219,,1.0,1,G,3,1,G212-,0.09155,0.05231,0.08616,4,3,1,0.05552,0.0491,0.2205,0.04109
212,G,A,-1.115,0.9617,3.5,2,G,3,1,G212A,0.3201,0.303,0.05106,4,3,1,0.3125,0.2802,0.2935,0.394
212,G,C,-2.199,0.775,16.0,2,G,3,1,G212C,-0.7557,-0.7591,0.08052,4,19,1,-0.7811,-0.6562,-0.8483,-0.7372
212,G,D,-0.366,0.18,10.0,2,G,3,1,G212D,1.311,1.494,0.5532,4,15,1,1.415,1.573,1.749,0.5067
212,G,E,-0.4619,0.7529,1.0,2,G,3,1,G212E,-0.05802,-0.05902,0.01038,4,1,1,-0.06348,-0.04519,-0.06884,-0.05455
212,G,F,-0.5771,0.8965,3.5,2,G,3,1,G212F,-0.1677,-0.1716,0.1125,4,3,1,-0.1178,-0.037,-0.2905,-0.2254
212,G,H,-0.4177,0.7294,4.0,2,G,3,1,G212H,-1.251,-0.9765,0.6026,4,5,1,-0.9625,-2.154,-0.9905,-0.8992
212,G,I,-1.43,0.3755,5.0,2,G,3,1,G212I,-1.665,-1.632,0.1804,4,7,1,-1.637,-1.481,-1.627,-1.913
212,G,K,-2.233,0.5848,6.5,2,G,3,1,G212K,0.1149,0.09061,0.1176,4,3,1,0.08721,0.094,-0.0005942,0.279
212,G,L,-0.9859,0.8572,6.5,2,G,3,1,G212L,0.1002,0.1014,0.00701,4,8,1,0.09062,0.1027,0.1072,0.1001
212,G,M,-0.3523,0.5422,6.0,2,G,3,1,G212M,-0.969,-0.8984,0.1882,4,5,1,-0.9102,-1.247,-0.8866,-0.8321
212,G,N,-0.563,0.7283,3.5,2,G,3,1,G212N,0.06555,0.09359,0.06769,4,3,1,0.08682,-0.03498,0.11,0.1004
212,G,P,-0.08364,0.06244,5.0,2,G,3,1,G212P,-0.3285,-0.3459,0.169,4,4,1,-0.4175,-0.1186,-0.5038,-0.2743
212,G,Q,-1.02,1.307,6.5,2,G,3,1,G212Q,0.8253,0.8169,0.06883,4,3,1,0.8508,0.9099,0.7573,0.7831
212,G,R,-2.68,2.918,1.5,2,G,3,1,G212R,-0.7338,-0.7141,0.08806,4,2,1,-0.7252,-0.8571,-0.703,-0.65
212,G,S,-0.6265,0.2112,8.0,2,G,3,1,G212S,0.007623,0.01854,0.05297,4,8,1,0.05944,-0.06603,0.0245,0.01258
212,G,T,-0.4316,0.4505,5.0,2,G,3,1,G212T,-1.282,-1.284,0.02469,4,7,1,-1.304,-1.303,-1.258,-1.264
212,G,V,-0.237,0.1931,10.0,2,G,3,1,G212V,-0.313,-0.3228,0.04823,4,12,1,-0.2979,-0.3477,-0.2514,-0.3549
212,G,W,-0.5849,0.9477,5.5,2,G,3,1,G212W,-2.023,-2.075,0.2153,4,6,1,-2.22,-1.722,-2.121,-2.028
212,G,Y,-0.1481,0.2978,1.5,2,G,3,1,G212Y,-0.5921,-0.5514,0.1083,4,2,1,-0.5709,-0.7507,-0.5319,-0.5147
213,N,-,-0.2724,0.456,1.5,2,N,3,1,N213-,0.09448,0.05314,0.08598,4,3,1,0.05537,0.04827,0.2234,0.0509
213,N,A,-1.124,1.601,5.0,2,N,3,1,N213A,-0.8443,-0.7458,0.2069,4,5,1,-0.7566,-1.154,-0.7315,-0.735
213,N,C,-1.87,2.695,5.0,2,N,3,1,N213C,-1.397,-1.28,0.2578,4,5,1,-1.307,-1.781,-1.253,-1.245
213,N,D,-0.3063,0.1811,5.0,2,N,3,1,N213D,-0.6161,-0.592,0.1157,4,5,1,-0.6034,-0.7773,-0.5807,-0.5031
213,N,E,0.09075,0.04122,8.0,2,N,3,1,N213E,-2.296,-2.331,0.122,4,8,1,-2.322,-2.401,-2.12,-2.34
213,N,F,0.09143,,2.5,1,N,3,1,N213F,-1.079,-1.094,0.1641,4,5,1,-1.184,-1.004,-1.243,-0.8857
213,N,G,0.1407,0.04639,3.5,2,N,3,1,N213G,-0.4964,-0.535,0.1674,4,5,1,-0.519,-0.2609,-0.5509,-0.6547
213,N,H,-0.5953,0.7081,6.5,2,N,3,1,N213H,-1.434,-1.32,0.2812,4,9,1,-1.353,-1.851,-1.247,-1.286
213,N,I,0.1298,0.01294,5.0,2,N,3,1,N213I,-0.02805,-0.02647,0.0229,4,5,1,-0.003677,-0.01607,-0.03687,-0.05559
213,N,K,0.1215,0.04552,5.0,2,N,3,1,N213K,-0.03376,-0.03355,0.03399,4,4,1,-0.02963,-0.03747,-0.07541,0.007473
213,N,L,-0.2103,0.2863,4.0,2,N,3,1,N213L,-1.076,-0.9648,0.2511,4,4,1,-0.9916,-1.45,-0.938,-0.9247
213,N,M,-0.09558,0.2018,3.5,2,N,3,1,N213M,-1.13,-1.032,0.2373,4,1,1,-1.046,-1.483,-1.018,-0.972
213,N,P,0.1119,0.07707,6.0,2,N,3,1,N213P,-1.131,-1.134,0.04588,4,6,1,-1.168,-1.173,-1.099,-1.084
213,N,Q,-1.111,0.07849,6.5,2,N,3,1,N213Q,-0.9822,-0.9978,0.0624,4,10,1,-0.9837,-1.038,-1.012,-0.8949
213,N,R,-0.4668,0.4394,5.0,2,N,3,1,N213R,-0.7333,-0.7304,0.08885,4,6,1,-0.7279,-0.8448,-0.6274,-0.7329
213,N,S,-0.02025,0.2104,5.0,2,N,3,1,N213S,-0.5646,-0.5469,0.05037,4,5,1,-0.5631,-0.6363,-0.5284,-0.5306
213,N,T,-0.02425,0.2046,3.0,2,N,3,1,N213T,0.2504,0.2506,0.01625,4,3,1,0.2498,0.2699,0.2515,0.2302
213,N,V,-1.217,1.865,2.0,2,N,3,1,N213V,-0.9314,-0.8699,0.1973,4,2,1,-0.9064,-1.215,-0.8334,-0.7705
213,N,W,0.1563,0.02461,7.5,2,N,3,1,N213W,-1.228,-1.236,0.248,4,8,1,-1.228,-0.9173,-1.524,-1.243
213,N,Y,-0.2221,0.2005,4.0,2,N,3,1,N213Y,-2.571,-2.579,0.3706,4,6,1,-2.949,-2.178,-2.818,-2.34
214,V,-,-1.22,0.2312,2.0,2,V,3,1,V214-,-1.971,-1.85,0.2569,4,4,1,-1.857,-2.356,-1.829,-1.842
214,V,A,0.123,0.06476,5.5,2,V,3,1,V214A,0.8646,0.8426,0.1462,4,4,1,0.8324,1.063,0.8527,0.7106
214,V,C,-0.4064,0.8184,3.0,2,V,3,1,V214C,1.799,1.792,0.04638,4,3,1,1.764,1.855,1.758,1.82
214,V,D,-4.543,0.548,3.5,2,V,3,1,V214D,1.008,1.03,0.09815,4,3,1,1.047,1.1,0.8708,1.013
214,V,E,-4.867,0.02051,6.5,2,V,3,1,V214E,-0.8517,-0.811,0.1104,4,3,1,-0.7926,-1.013,-0.7715,-0.8295
214,V,F,0.1567,0.02298,6.0,2,V,3,1,V214F,-0.2083,-0.2139,0.03389,4,4,1,-0.219,-0.2088,-0.1623,-0.2431
214,V,G,-4.247,0.3267,4.5,2,V,3,1,V214G,-0.3215,-0.3234,0.1721,4,5,1,-0.3629,-0.1127,-0.5267,-0.2838
214,V,H,-3.164,0.3493,6.5,2,V,3,1,V214H,0.6058,0.7303,0.4364,4,3,1,0.7614,0.6992,0.985,-0.0224
214,V,K,-4.96,0.02051,7.0,2,V,3,1,V214K,-0.1961,-0.1848,0.09792,4,7,1,-0.2163,-0.09281,-0.1533,-0.322
214,V,L,0.03475,0.1377,8.0,2,V,3,1,V214L,-0.02409,0.01126,0.09355,4,8,1,0.00224,-0.1621,0.04325,0.02027
214,V,M,0.1315,0.0584,7.5,2,V,3,1,V214M,-0.2233,-0.2466,0.09214,4,11,1,-0.2047,-0.2885,-0.2995,-0.1005
214,V,N,-2.983,0.4589,2.5,2,V,3,1,V214N,2.178,2.206,0.648,4,1,1,2.665,2.796,1.747,1.504
214,V,P,-0.5009,0.5351,1.5,2,V,3,1,V214P,0.9753,0.9826,0.1854,4,2,1,0.969,0.7415,1.194,0.9963
214,V,Q,-4.989,0.02475,4.5,2,V,3,1,V214Q,-0.08138,-0.02431,0.1476,4,4,1,-0.06551,0.01791,0.01689,-0.2948
214,V,R,-4.939,0.03889,8.0,2,V,3,1,V214R,0.4645,0.5656,0.3134,4,3,1,0.5614,0.7197,0.5698,0.007262
214,V,S,-1.658,0.8683,4.5,2,V,3,1,V214S,-0.3721,-0.3791,0.022,4,6,1,-0.37,-0.3885,-0.3418,-0.3882
214,V,T,0.04556,0.07912,4.0,2,V,3,1,V214T,0.4695,0.4678,0.02555,4,3,1,0.4439,0.4528,0.4986,0.4828
214,V,W,-4.13,0.05515,5.5,2,V,3,1,V214W,0.03362,0.01818,0.03709,4,5,1,0.009213,0.0184,0.08889,0.01796
214,V,Y,-3.246,1.493,5.0,2,V,3,1,V214Y,-0.2519,-0.2127,0.09469,4,5,1,-0.2231,-0.3924,-0.2023,-0.1896
215,E,*,-4.878,0.07212,5.0,2,E,3,1,E215*,-0.352,-0.3448,0.07466,4,4,1,-0.3981,-0.4328,-0.2857,-0.2914
215,E,-,-0.2145,0.4624,1.5,2,E,3,1,E215-,0.09301,0.05239,0.0905,4,3,1,0.05539,0.04939,0.2284,0.03889
215,E,A,0.1137,0.06612,3.5,2,E,3,1,E215A,1.366,1.351,0.2095,4,3,1,1.399,1.632,1.304,1.13
215,E,C,-0.1004,0.3188,5.5,2,E,3,1,E215C,-0.9643,-0.8645,0.2345,4,5,1,-0.8657,-1.314,-0.8633,-0.8141
215,E,D,-0.8141,1.141,5.0,2,E,3,1,E215D,0.7247,0.7782,0.1329,4,5,1,0.7459,0.8117,0.8105,0.5308
215,E,F,-0.1016,0.09511,2.0,2,E,3,1,E215F,1.341,1.378,0.2043,4,3,1,1.37,1.55,1.385,1.06
215,E,G,-0.7696,0.1858,3.0,2,E,3,1,E215G,0.9482,0.9441,0.07957,4,4,1,0.9263,1.048,0.8566,0.962
215,E,H,-0.15,0.1453,4.5,2,E,3,1,E215H,0.4562,0.4449,0.05601,4,6,1,0.4484,0.5342,0.4009,0.4414
215,E,I,-0.446,0.1289,5.5,2,E,3,1,E215I,0.6692,0.6743,0.05149,4,4,1,0.6388,0.7158,0.6125,0.7098
215,E,K,-0.6111,0.03429,14.0,2,E,3,1,E215K,0.4129,0.4384,0.121,4,18,1,0.3966,0.525,0.4802,0.2498
215,E,L,0.02928,0.1062,4.0,2,E,3,1,E215L,1.31,1.337,0.2154,4,5,1,1.24,1.433,1.041,1.526
215,E,M,-0.1674,0.2148,9.0,2,E,3,1,E215M,1.114,1.119,0.1536,4,11,1,1.128,1.296,1.11,0.9206
215,E,N,-1.389,2.207,5.0,2,E,3,1,E215N,0.8506,0.8583,0.1046,4,6,1,0.8559,0.9707,0.8606,0.7153
215,E,P,-4.856,0.05162,3.0,2,E,3,1,E215P,-0.2099,-0.1963,0.2084,4,1,1,-0.1454,0.02577,-0.2472,-0.4729
215,E,Q,-1.35,0.8524,5.5,2,E,3,1,E215Q,0.6439,0.6656,0.145,4,10,1,0.6686,0.7971,0.6625,0.4473
215,E,R,-1.562,0.3684,1.0,2,E,3,1,E215R,0.5824,0.5802,0.1484,4,1,1,0.5356,0.6247,0.4084,0.7608
215,E,S,-1.76,0.9772,4.0,2,E,3,1,E215S,1.202,1.368,0.442,4,2,1,1.35,1.524,1.386,0.549
215,E,T,-1.069,0.6429,5.0,2,E,3,1,E215T,0.6135,0.7085,0.372,4,6,1,0.784,0.9473,0.633,0.08972
215,E,V,0.1042,0.02913,5.0,2,E,3,1,E215V,0.0008995,0.01183,0.02658,4,6,1,0.008005,-0.03843,0.01565,0.01837
215,E,W,-0.6352,1.127,6.0,2,E,3,1,E215W,0.3582,0.3593,0.04988,4,6,1,0.3502,0.4175,0.2968,0.3685
215,E,Y,0.1423,0.03642,2.0,2,E,3,1,E215Y,0.7787,0.8154,0.1708,4,1,1,0.8008,0.83,0.9441,0.5398
216,A,-,-0.1705,0.2814,1.5,2,A,3,1,A216-,0.08757,0.05191,0.09193,4,3,1,0.05521,0.04862,0.2238,0.02262
216,A,C,-1.099,0.4769,2.5,2,A,3,1,A216C,-1.887,-1.887,0.09771,4,3,1,-2.006,-1.768,-1.901,-1.873
216,A,D,-4.976,0.01556,4.0,2,A,3,1,A216D,0.01772,0.02303,0.1502,4,4,1,0.01386,0.196,0.03221,-0.1712
216,A,F,-1.152,0.5559,5.5,2,A,3,1,A216F,-1.512,-1.61,0.2816,4,2,1,-1.665,-1.555,-1.726,-1.103
216,A,G,-0.2051,0.08132,6.5,2,A,3,1,A216G,0.8787,0.872,0.3129,4,5,1,0.8781,1.269,0.8658,0.5025
216,A,H,-1.341,0.4094,5.5,2,A,3,1,A216H,-1.538,-1.535,0.082,4,10,1,-1.64,-1.525,-1.44,-1.545
216,A,I,-4.375,0.2242,3.5,2,A,3,1,A216I,0.3191,0.2374,0.3581,4,3,1,0.3871,0.7965,0.08772,0.005223
216,A,K,-1.211,0.5069,6.0,2,A,3,1,A216K,-2.659,-2.723,0.2974,4,7,1,-2.856,-2.267,-2.591,-2.92
216,A,L,-2.171,0.03182,3.0,2,A,3,1,A216L,-2.255,-2.343,0.2827,4,4,1,-2.449,-1.862,-2.237,-2.472
216,A,M,-1.466,0.5275,6.0,2,A,3,1,A216M,-2.647,-2.68,0.1746,4,8,1,-2.596,-2.764,-2.423,-2.806
216,A,N,-1.303,1.519,5.0,2,A,3,1,A216N,-0.2013,-0.2342,0.1054,4,1,1,-0.2005,-0.05284,-0.2841,-0.2678
216,A,P,-2.573,3.272,1.5,2,A,3,1,A216P,2.469,2.541,0.3146,4,1,1,2.73,2.704,2.378,2.062
216,A,Q,-1.88,0.02546,9.0,2,A,3,1,A216Q,-2.369,-2.39,0.1171,4,10,1,-2.401,-2.489,-2.209,-2.38
216,A,R,-1.109,0.3484,5.0,2,A,3,1,A216R,-0.7978,-0.7335,0.1882,4,6,1,-0.7864,-0.6805,-1.067,-0.6569
216,A,S,-0.4738,0.4395,11.5,2,A,3,1,A216S,-0.3083,-0.3213,0.04594,4,11,1,-0.2444,-0.3058,-0.3368,-0.3461
216,A,T,-1.248,0.1478,9.5,2,A,3,1,A216T,-2.259,-2.415,0.4421,4,11,1,-2.542,-1.626,-2.288,-2.582
216,A,V,-2.452,0.6562,10.5,2,A,3,1,A216V,-1.782,-1.797,0.2138,4,7,1,-1.923,-1.539,-1.996,-1.67
216,A,W,-1.33,0.06647,5.0,2,A,3,1,A216W,0.4996,0.5076,0.1209,4,6,1,0.4413,0.5739,0.6234,0.3597
216,A,Y,-1.091,1.18,4.0,2,A,3,1,A216Y,-1.918,-1.871,0.405,4,3,1,-2.059,-1.682,-2.42,-1.512
217,V,-,-0.1022,0.1392,1.5,2,V,3,1,V217-,0.09237,0.05211,0.0866,4,3,1,0.05554,0.04867,0.222,0.04322
217,V,A,-0.3732,0.2208,6.0,2,V,3,1,V217A,-0.7227,-0.7157,0.05649,4,9,1,-0.7091,-0.7979,-0.6615,-0.7224
217,V,C,0.02014,0.1459,5.0,2,V,3,1,V217C,0.8081,0.8554,0.3197,4,8,1,0.9034,1.144,0.8074,0.378
217,V,D,-4.934,0.03323,7.5,2,V,3,1,V217D,0.1247,0.1378,0.2893,4,5,1,0.07561,0.46,0.1999,-0.2366
217,V,E,-4.944,0.0898,4.5,2,V,3,1,V217E,0.2588,0.2451,0.1727,4,3,1,0.4782,0.2004,0.2899,0.06668
217,V,F,-0.5915,0.6937,8.5,2,V,3,1,V217F,1.064,1.166,0.4614,4,14,1,0.9962,1.336,1.482,0.4432
217,V,G,-4.992,0.0198,3.0,2,V,3,1,V217G,1.017,0.9531,0.2189,4,3,1,0.9154,1.33,0.8313,0.9907
217,V,H,-4.904,,3.5,1,V,3,1,V217H,0.06293,0.09289,0.091,4,6,1,0.06219,0.1236,0.1314,-0.06544
217,V,I,0.1188,0.02792,8.0,2,V,3,1,V217I,0.12,0.1096,0.04178,4,11,1,0.1051,0.1792,0.08161,0.114
217,V,K,-4.571,0.3231,6.0,2,V,3,1,V217K,-0.3237,-0.3946,0.2201,4,3,1,-0.3565,-0.00543,-0.4327,-0.5001
217,V,L,0.1289,0.02461,3.0,2,V,3,1,V217L,-0.6285,-0.6142,0.03551,4,2,1,-0.6813,-0.6157,-0.6128,-0.6043
217,V,M,-0.6107,0.8815,3.5,2,V,3,1,V217M,1.16,1.191,0.1447,4,4,1,1.171,1.3,1.211,0.9587
217,V,N,-4.905,0.05586,4.0,2,V,3,1,V217N,0.8988,1.087,0.4237,4,5,1,1.026,1.153,1.147,0.2693
217,V,P,-4.706,0.2553,4.5,2,V,3,1,V217P,-1.283,-1.432,0.35,4,3,1,-1.505,-0.761,-1.456,-1.408
217,V,Q,-4.902,0.04031,4.5,2,V,3,1,V217Q,-0.1921,-0.1862,0.05744,4,5,1,-0.1365,-0.1532,-0.2596,-0.2192
217,V,R,-4.829,0.1287,5.5,2,V,3,1,V217R,0.4406,0.6131,0.4444,4,4,1,0.5136,0.7127,0.7444,-0.2082
217,V,S,-0.2709,0.1474,2.0,2,V,3,1,V217S,0.0931,0.0711,0.06961,4,3,1,0.04331,0.1894,0.09889,0.04076
217,V,T,-0.2986,,1.0,1,V,3,1,V217T,1.505,1.635,0.3667,4,2,1,1.763,1.508,1.765,0.9859
217,V,W,-2.937,0.0396,4.5,2,V,3,1,V217W,0.2746,0.333,0.1985,4,3,1,0.2427,0.4262,0.4233,0.006213
217,V,Y,-4.697,0.2114,3.5,2,V,3,1,V217Y,0.02101,0.01868,0.03756,4,4,1,0.03502,0.002328,-0.01952,0.06622
218,N,-,0.05393,,1.0,1,N,3,1,N218-,0.09226,0.05209,0.08624,4,3,1,0.05554,0.04864,0.2214,0.04346
218,N,A,-0.4022,0.2201,2.5,2,N,3,1,N218A,1.533,1.629,0.3056,4,3,1,1.705,1.776,1.554,1.096
218,N,C,-0.5464,0.9554,3.0,2,N,3,1,N218C,-1.455,-1.266,0.424,4,3,1,-1.326,-2.085,-1.201,-1.206
218,N,D,-0.1908,0.09716,4.0,2,N,3,1,N218D,0.07706,0.07701,0.01277,4,2,1,0.07898,0.09262,0.06159,0.07503
218,N,E,-1.271,0.7101,5.0,2,N,3,1,N218E,-2.237,-2.228,0.1014,4,8,1,-2.352,-2.164,-2.141,-2.292
218,N,F,-0.517,0.495,3.5,2,N,3,1,N218F,1.92,2.137,0.4678,4,5,1,2.099,2.175,2.184,1.22
218,N,G,0.1486,0.01167,7.0,2,N,3,1,N218G,0.8055,0.8198,0.08278,4,7,1,0.8064,0.8896,0.8333,0.6927
218,N,H,-0.1721,0.3288,3.0,2,N,3,1,N218H,1.073,1.096,0.3738,4,4,1,1.063,1.129,1.505,0.5944
218,N,I,-0.7646,0.6116,2.0,2,N,3,1,N218I,-2.229,-2.243,0.1662,4,2,1,-2.351,-2.042,-2.136,-2.385
218,N,K,-0.2525,0.2374,5.5,2,N,3,1,N218K,1.761,1.889,0.4621,4,6,1,1.953,2.164,1.826,1.1
218,N,L,-0.3879,0.386,4.0,2,N,3,1,N218L,1.775,2.125,0.8501,4,2,1,1.94,2.323,2.31,0.5282
218,N,M,0.0229,0.1956,2.0,2,N,3,1,N218M,0.2404,0.2299,0.05194,4,2,1,0.2378,0.3123,0.1896,0.2221
218,N,P,-4.893,0.03748,7.0,2,N,3,1,N218P,-0.06655,-0.06977,0.05433,4,3,1,-0.006281,-0.1037,-0.03584,-0.1204
218,N,Q,-0.0625,0.2333,4.0,2,N,3,1,N218Q,0.6333,0.7622,0.2844,4,2,1,0.7992,0.7955,0.2094,0.7289
218,N,R,-3.719,0.8839,2.0,2,N,3,1,N218R,1.582,1.668,0.3496,4,3,1,1.682,1.905,1.654,1.085
218,N,S,-1.348,1.943,4.0,2,N,3,1,N218S,-0.02168,-0.02478,0.01889,4,4,1,-0.0263,-0.04124,0.004099,-0.02327
218,N,T,-0.1338,0.04752,5.5,2,N,3,1,N218T,-0.1305,-0.1328,0.04277,4,6,1,-0.1358,-0.1804,-0.1298,-0.07602
218,N,V,-0.3517,0.4764,3.5,2,N,3,1,N218V,-1.195,-1.168,0.1265,4,2,1,-1.212,-1.123,-1.079,-1.366
218,N,W,-0.5926,0.4011,7.5,2,N,3,1,N218W,1.824,1.831,0.1124,4,7,1,1.817,1.953,1.846,1.68
218,N,Y,-0.3787,0.6183,4.5,2,N,3,1,N218Y,1.953,2.15,0.5304,4,6,1,2.127,2.341,2.174,1.169
219,F,-,-0.1096,,1.0,1,F,3,1,F219-,0.09289,0.05194,0.08733,4,3,1,0.05554,0.04835,0.2237,0.04398
219,F,A,-0.5593,,0.5,1,F,3,1,F219A,1.093,1.116,0.3283,4,1,1,1.075,1.156,1.469,0.6716
219,F,C,-3.189,1.371,4.0,2,F,3,1,F219C,1.07,1.094,0.1142,4,6,1,1.088,1.181,1.1,0.91
219,F,D,-4.927,0.04525,1.5,2,F,3,1,F219D,-1.448,-1.501,0.1581,4,1,1,-1.572,-1.217,-1.519,-1.483
219,F,E,-4.527,0.6032,2.5,2,F,3,1,F219E,1.248,1.329,0.2664,4,3,1,1.246,1.412,1.46,0.8723
219,F,G,-4.941,0.03465,2.5,2,F,3,1,F219G,-0.4166,-0.4041,0.05275,4,3,1,-0.4279,-0.4866,-0.3803,-0.3718
219,F,H,-1.093,0.843,3.5,2,F,3,1,F219H,0.3075,0.2712,0.2151,4,2,1,0.2311,0.3113,0.599,0.08844
219,F,I,-0.0299,0.2295,6.0,2,F,3,1,F219I,0.001038,0.0009179,0.07087,4,6,1,-0.03056,0.03239,0.08204,-0.07973
219,F,K,-4.912,0.006364,2.5,2,F,3,1,F219K,0.4323,0.4637,0.07659,4,1,1,0.4482,0.482,0.4792,0.3197
219,F,L,-0.05029,0.153,7.0,2,F,3,1,F219L,-0.281,-0.2874,0.09856,4,8,1,-0.3129,-0.3922,-0.157,-0.2619
219,F,M,-0.1632,0.4712,2.5,2,F,3,1,F219M,1.021,1.059,0.08853,4,3,1,1.051,1.078,1.067,0.8896
219,F,P,-2.492,0.367,3.0,2,F,3,1,F219P,0.7613,0.8243,0.1742,4,3,1,0.8364,0.5048,0.8122,0.892
219,F,Q,-4.136,0.03041,3.0,2,F,3,1,F219Q,0.7203,0.8686,0.425,4,4,1,0.8839,0.8534,1.048,0.09587
219,F,R,-4.892,0.05657,5.0,2,F,3,1,F219R,-0.3451,-0.3926,0.2345,4,5,1,-0.3917,-0.01841,-0.3934,-0.5769
219,F,S,-3.755,0.2623,5.5,2,F,3,1,F219S,-0.697,-0.6632,0.1676,4,5,1,-0.6261,-0.927,-0.5348,-0.7004
219,F,T,-0.6074,0.9992,2.5,2,F,3,1,F219T,-0.0046,0.001483,0.07793,4,3,1,-0.005148,0.008115,0.08415,-0.1055
219,F,V,-1.768,2.688,2.5,2,F,3,1,F219V,0.7251,0.7302,0.02738,4,1,1,0.6872,0.7305,0.7527,0.7299
219,F,W,-0.009305,,3.0,1,F,3,1,F219W,0.4613,0.5008,0.209,4,6,1,0.4912,0.1723,0.6715,0.5103
219,F,Y,-0.1148,0.3536,3.5,2,F,3,1,F219Y,0.9321,0.9713,0.2157,4,5,1,0.8952,1.047,1.14,0.6459
220,N,-,-3.116,0.2588,2.0,2,N,3,1,N220-,-0.8951,-0.9818,0.3959,4,3,1,-1.204,-0.3955,-1.222,-0.7591
220,N,A,-1.395,0.7329,5.0,2,N,3,1,N220A,-2.582,-2.693,0.351,4,3,1,-2.811,-2.088,-2.575,-2.852
220,N,C,-0.9192,1.196,1.5,2,N,3,1,N220C,-0.8352,-0.8159,0.3155,4,1,1,-0.7552,-0.8766,-1.235,-0.4739
220,N,D,-3.433,1.466,6.0,2,N,3,1,N220D,-0.4092,-0.4349,0.2416,4,4,1,-0.5892,-0.1336,-0.6332,-0.2807
220,N,E,-1.917,0.6003,6.5,2,N,3,1,N220E,-0.8295,-0.7281,0.21,4,6,1,-0.7207,-0.7174,-0.7355,-1.144
220,N,F,-1.372,1.503,3.0,2,N,3,1,N220F,-1.682,-2.082,0.8208,4,2,1,-2.114,-0.4514,-2.062,-2.101
220,N,G,-1.665,0.9452,8.5,2,N,3,1,N220G,-2.228,-2.253,0.1271,4,9,1,-2.299,-2.059,-2.348,-2.208
220,N,H,-1.793,0.2942,5.5,2,N,3,1,N220H,-2.639,-2.76,0.3813,4,8,1,-2.777,-2.083,-2.743,-2.951
220,N,I,-2.183,0.5926,6.0,2,N,3,1,N220I,-1.951,-2.068,0.2942,4,5,1,-2.153,-1.514,-2.07,-2.067
220,N,K,-1.374,0.02263,6.0,2,N,3,1,N220K,-2.444,-2.486,0.2151,4,8,1,-2.653,-2.153,-2.427,-2.544
220,N,L,-2.624,2.407,6.5,2,N,3,1,N220L,-2.523,-2.529,0.09877,4,12,1,-2.639,-2.397,-2.53,-2.527
220,N,M,-0.6517,1.145,4.5,2,N,3,1,N220M,-2.962,-3.088,0.3294,4,3,1,-3.191,-2.483,-3.01,-3.166
220,N,P,-0.4601,0.2713,3.0,2,N,3,1,N220P,1.068,1.121,0.4074,4,3,1,1.089,1.153,1.506,0.5216
220,N,Q,-0.7267,1.03,3.5,2,N,3,1,N220Q,-2.022,-2.011,0.1709,4,5,1,-2.24,-1.825,-1.988,-2.035
220,N,R,-1.638,1.671,5.5,2,N,3,1,N220R,-1.418,-1.454,0.1049,4,5,1,-1.498,-1.264,-1.441,-1.466
220,N,S,-1.118,0.01556,3.5,2,N,3,1,N220S,-4.318,-4.271,0.4302,4,4,1,-4.52,-4.022,-4.825,-3.906
220,N,T,-1.79,0.1379,2.5,2,N,3,1,N220T,-2.912,-3.014,0.3033,4,3,1,-3.129,-2.488,-2.899,-3.133
220,N,V,-0.4858,0.7399,5.5,2,N,3,1,N220V,-2.44,-2.502,0.3166,4,7,1,-2.654,-2.033,-2.349,-2.725
220,N,W,-2.252,0.7587,4.0,2,N,3,1,N220W,-2.523,-2.631,0.3504,4,3,1,-2.746,-2.031,-2.516,-2.799
220,N,Y,-1.18,0.3613,7.0,2,N,3,1,N220Y,-3.066,-3.153,0.3379,4,7,1,-3.285,-2.607,-3.021,-3.352
221,V,-,-0.05905,0.2732,2.0,2,V,3,1,V221-,1.969,2.003,0.2614,4,4,1,2.135,1.646,2.221,1.871
221,V,A,-0.8873,0.2597,8.0,2,V,3,1,V221A,1.408,1.46,0.1243,4,7,1,1.489,1.434,1.485,1.226
221,V,C,-0.7383,1.231,4.0,2,V,3,1,V221C,0.7231,0.7187,0.2335,4,1,1,0.7825,1.006,0.6548,0.4488
221,V,D,-2.993,0.2828,3.5,2,V,3,1,V221D,0.9329,0.914,0.3947,4,5,1,1.177,1.356,0.651,0.547
221,V,E,0.02778,0.07158,6.0,2,V,3,1,V221E,1.895,1.901,0.3326,4,5,1,1.856,1.946,2.294,1.484
221,V,F,0.07447,0.136,7.5,2,V,3,1,V221F,1.15,1.208,0.2878,4,7,1,1.238,1.435,1.178,0.7516
221,V,G,0.1457,0.02242,4.0,2,V,3,1,V221G,0.7878,0.825,0.2278,4,3,1,0.7746,0.8753,1.02,0.4813
221,V,H,-0.04375,0.2398,6.0,2,V,3,1,V221H,1.754,1.821,0.2543,4,6,1,1.754,1.888,1.975,1.397
221,V,I,-0.1174,0.3026,7.0,2,V,3,1,V221I,0.5301,0.5342,0.06873,4,9,1,0.5076,0.5609,0.6056,0.4463
221,V,K,-0.5676,1.022,3.0,2,V,3,1,V221K,1.244,1.26,0.1131,4,5,1,1.317,1.352,1.202,1.104
221,V,L,0.07478,0.0258,9.0,2,V,3,1,V221L,1.043,1.094,0.2934,4,10,1,1.08,1.345,1.108,0.6408
221,V,M,-0.6056,0.743,4.5,2,V,3,1,V221M,1.756,1.75,0.1961,4,7,1,1.787,2.0,1.714,1.525
221,V,N,-0.2222,0.5416,2.0,2,V,3,1,V221N,0.8549,0.8271,0.1317,4,2,1,0.8518,1.037,0.7283,0.8024
221,V,P,-0.05142,0.2069,4.0,2,V,3,1,V221P,1.595,1.861,0.5781,4,2,1,1.857,1.927,1.866,0.7287
221,V,Q,-1.5,2.064,3.5,2,V,3,1,V221Q,1.236,1.342,0.254,4,5,1,1.39,1.294,1.399,0.8618
221,V,S,0.09592,0.06192,4.0,2,V,3,1,V221S,1.878,1.893,0.1233,4,3,1,1.919,2.01,1.716,1.867
221,V,T,-0.4481,0.658,4.5,2,V,3,1,V221T,1.384,1.365,0.2887,4,1,1,1.349,1.382,1.754,1.05
221,V,W,-3.675,1.72,5.0,2,V,3,1,V221W,1.647,1.719,0.4967,4,8,1,1.629,1.81,2.168,0.9824
221,V,Y,-0.4236,0.3882,2.5,2,V,3,1,V221Y,0.002425,0.0006841,0.0107,4,2,1,0.01658,0.004103,-0.008248,-0.002735
222,T,-,-0.04845,0.0763,2.0,2,T,3,1,T222-,0.2914,0.3026,0.04247,4,4,1,0.3294,0.2307,0.3064,0.2988
222,T,A,-0.2411,0.5593,4.5,2,T,3,1,T222A,-0.3087,-0.3097,0.02082,4,6,1,-0.2951,-0.3285,-0.2868,-0.3243
222,T,C,-0.4776,0.5246,4.5,2,T,3,1,T222C,0.8678,0.9191,0.1742,4,4,1,0.9524,1.014,0.8858,0.6187
222,T,D,-2.165,0.05445,6.0,2,T,3,1,T222D,-2.204,-2.252,0.153,4,7,1,-2.328,-1.983,-2.224,-2.28
222,T,E,-4.075,0.3338,5.5,2,T,3,1,T222E,-1.636,-1.642,0.06751,4,3,1,-1.632,-1.549,-1.713,-1.652
222,T,F,-0.5678,0.8602,4.5,2,T,3,1,T222F,-2.331,-2.379,0.2412,4,4,1,-2.506,-2.025,-2.253,-2.541
222,T,H,-0.6793,0.2563,2.0,2,T,3,1,T222H,-2.157,-2.277,0.3137,4,1,1,-2.369,-1.704,-2.187,-2.367
222,T,I,-1.627,0.4639,5.5,2,T,3,1,T222I,-1.977,-1.981,0.1315,4,4,1,-2.065,-1.836,-1.897,-2.111
222,T,K,0.1731,,1.5,1,T,3,1,T222K,0.122,0.1215,0.03557,4,3,1,0.09002,0.1549,0.09242,0.1505
222,T,L,-0.7745,0.3176,5.5,2,T,3,1,T222L,-2.448,-2.558,0.3217,4,6,1,-2.699,-1.977,-2.587,-2.53
222,T,M,-2.665,3.151,2.5,2,T,3,1,T222M,-1.892,-1.828,0.1995,4,3,1,-1.86,-2.18,-1.796,-1.73
222,T,N,-0.5949,0.1798,7.5,2,T,3,1,T222N,-1.12,-1.118,0.01658,4,11,1,-1.119,-1.103,-1.117,-1.143
222,T,P,-0.09531,0.01696,4.5,2,T,3,1,T222P,2.168,2.127,0.2778,4,6,1,2.243,2.524,2.01,1.895
222,T,R,-0.4853,0.9245,7.0,2,T,3,1,T222R,0.1494,0.1488,0.03333,4,6,1,0.1583,0.1393,0.1897,0.1103
222,T,S,0.0625,0.08542,2.5,2,T,3,1,T222S,0.1321,0.1408,0.02943,4,2,1,0.1374,0.1441,0.1571,0.08964
222,T,V,-1.617,0.06293,7.0,2,T,3,1,T222V,-1.61,-1.642,0.2254,4,5,1,-1.604,-1.308,-1.68,-1.848
222,T,W,-1.686,0.04667,5.5,2,T,3,1,T222W,-2.551,-2.547,0.1604,4,5,1,-2.667,-2.427,-2.4,-2.712
222,T,Y,-1.519,0.1952,5.0,2,T,3,1,T222Y,-2.376,-2.588,0.5341,4,7,1,-2.676,-1.59,-2.499,-2.741
223,N,-,-0.2869,,0.5,1,T,3,1,N223-,-1.312,-1.304,1.384,4,1,1,-2.424,-0.184,-2.593,-0.04778
223,N,C,-0.3896,0.4232,2.5,2,T,3,1,N223C,1.511,1.653,0.4251,4,1,1,1.783,1.83,1.524,0.9059
223,N,D,-0.4472,0.5355,5.5,2,T,3,1,N223D,1.896,1.909,0.2124,4,6,1,1.951,2.138,1.867,1.626
223,N,E,-0.5552,0.6502,4.0,2,T,3,1,N223E,1.852,1.97,0.5966,4,6,1,2.003,2.445,1.936,1.024
223,N,F,-0.9319,0.02645,5.5,2,T,3,1,N223F,-1.888,-1.973,0.2535,4,3,1,-2.002,-1.518,-2.087,-1.944
223,N,G,0.005415,0.03169,2.0,2,T,3,1,N223G,-1.69,-1.765,0.2551,4,1,1,-1.908,-1.321,-1.767,-1.763
223,N,H,-0.394,0.1728,4.0,2,T,3,1,N223H,0.07782,0.08386,0.0301,4,4,1,0.07771,0.1071,0.09,0.03645
223,N,I,0.06439,0.08501,5.0,2,T,3,1,N223I,0.5071,0.534,0.1477,4,6,1,0.4553,0.6385,0.6127,0.3218
223,N,K,-0.8641,1.415,7.0,2,T,3,1,N223K,-1.937,-2.029,0.2128,4,7,1,-1.997,-1.621,-2.067,-2.061
223,N,L,-1.1,0.1623,6.0,2,T,3,1,N223L,-2.678,-2.803,0.4007,4,5,1,-2.923,-2.112,-2.684,-2.995
223,N,M,-2.197,0.9284,6.5,2,T,3,1,N223M,-1.788,-1.849,0.1886,4,8,1,-1.888,-1.809,-1.938,-1.517
223,N,P,-3.192,2.531,3.0,2,T,3,1,N223P,1.071,1.219,0.4319,4,4,1,1.193,1.409,1.245,0.4383
223,N,Q,-0.2859,0.5991,2.5,2,T,3,1,N223Q,-0.08871,-0.104,0.05297,4,2,1,-0.1123,-0.01283,-0.134,-0.09569
223,N,R,-0.0246,0.1952,3.0,2,T,3,1,N223R,0.5264,0.5371,0.1288,4,4,1,0.4751,0.5991,0.6599,0.3714
223,N,S,-0.7546,0.3335,3.5,2,T,3,1,N223S,-1.939,-1.933,0.4285,4,5,1,-2.004,-1.425,-1.863,-2.464
223,N,T,-0.5639,0.02758,4.0,2,T,3,1,N223T,-1.785,-1.833,0.1441,4,4,1,-1.797,-1.897,-1.579,-1.869
223,N,V,-0.8117,1.02,3.5,2,T,3,1,N223V,-2.161,-2.007,0.4546,4,5,1,-2.045,-2.827,-1.969,-1.805
223,N,W,-0.0197,0.1932,5.5,2,T,3,1,N223W,-2.335,-2.377,0.1042,4,5,1,-2.403,-2.357,-2.181,-2.397
223,N,Y,-1.694,0.09829,4.5,2,T,3,1,N223Y,-1.765,-1.866,0.2482,4,6,1,-1.932,-1.396,-1.862,-1.87
224,A,-,-0.9014,,0.5,1,A,3,1,A224-,0.01769,0.02182,0.01671,4,1,1,0.0331,-0.005995,0.02333,0.02032
224,A,C,-0.7782,1.244,4.5,2,A,3,1,A224C,-1.164,-1.262,0.3761,4,3,1,-1.353,-0.6366,-1.496,-1.171
224,A,D,-0.09695,0.3106,4.5,2,A,3,1,A224D,0.0129,0.01246,0.003753,4,3,1,0.008959,0.01774,0.01124,0.01368
224,A,E,-2.384,3.55,2.0,2,A,3,1,A224E,-0.3731,-0.3674,0.06139,4,1,1,-0.3739,-0.4533,-0.3609,-0.3043
224,A,F,0.143,0.02942,6.5,2,A,3,1,A224F,1.307,1.329,0.2234,4,9,1,1.38,1.553,1.278,1.019
224,A,G,-0.4991,0.7422,3.0,2,A,3,1,A224G,-0.01856,-0.01932,0.05644,4,3,1,-0.002933,-0.0357,0.04933,-0.08496
224,A,H,-0.475,0.3868,6.0,2,A,3,1,A224H,-0.3275,-0.2743,0.1659,4,6,1,-0.2565,-0.5685,-0.1927,-0.2921
224,A,I,-0.6092,1.053,1.5,2,A,3,1,A224I,1.225,1.243,0.3972,4,1,1,1.564,1.572,0.842,0.9223
224,A,K,-0.1208,0.296,6.5,2,A,3,1,A224K,-0.0756,-0.09738,0.08401,4,8,1,-0.09789,0.04435,-0.09687,-0.152
224,A,L,-0.0411,0.2557,5.5,2,A,3,1,A224L,1.418,1.603,0.4778,4,5,1,1.677,1.752,1.53,0.7153
224,A,M,-0.0552,0.2707,2.0,2,A,3,1,A224M,0.1931,0.0355,0.3412,4,2,1,0.03586,0.7042,-0.002724,0.03513
224,A,P,-0.2568,0.5434,7.0,2,A,3,1,A224P,1.792,1.933,0.4737,4,10,1,1.816,2.049,2.183,1.119
224,A,Q,0.1388,0.04596,4.5,2,A,3,1,A224Q,0.9315,0.9415,0.1745,4,5,1,0.9852,1.13,0.8977,0.7129
224,A,R,-0.3415,0.4431,2.5,2,A,3,1,A224R,-0.6108,-0.6032,0.03237,4,2,1,-0.6105,-0.6559,-0.5959,-0.5811
224,A,S,-0.5035,0.4483,11.5,2,A,3,1,A224S,-0.939,-0.8655,0.1848,4,11,1,-0.8778,-1.213,-0.8533,-0.8117
224,A,T,0.062,0.09885,4.5,2,A,3,1,A224T,0.4126,0.3665,0.1523,4,5,1,0.3993,0.3337,0.2872,0.6303
224,A,V,0.06633,0.07944,8.0,2,A,3,1,A224V,0.6723,0.6822,0.1756,4,13,1,0.6941,0.6704,0.8767,0.4482
224,A,W,-0.1968,0.4469,4.5,2,A,3,1,A224W,0.3465,0.3164,0.09361,4,5,1,0.3108,0.2704,0.3219,0.4829
224,A,Y,-0.3826,0.3564,1.5,2,A,3,1,A224Y,-0.445,-0.4489,0.03636,4,1,1,-0.4819,-0.4004,-0.4318,-0.4659
225,E,*,-4.985,0.01838,9.0,2,E,3,1,E225*,1.205,1.162,0.1221,4,9,1,1.113,1.152,1.172,1.385
225,E,-,-0.08702,,0.5,1,E,3,1,E225-,0.01755,0.02186,0.01697,4,1,1,0.03303,-0.006569,0.02342,0.02031
225,E,A,0.08356,0.05238,4.5,2,E,3,1,E225A,0.1626,0.1686,0.05216,4,6,1,0.1962,0.09958,0.2135,0.141
225,E,C,-0.6148,0.1585,5.0,2,E,3,1,E225C,1.149,1.263,0.3888,4,5,1,1.18,1.347,1.475,0.5945
225,E,D,-0.1481,0.204,7.5,2,E,3,1,E225D,0.1007,0.09845,0.03062,4,8,1,0.07589,0.121,0.1327,0.07312
225,E,F,0.07336,0.142,6.0,2,E,3,1,E225F,-0.8289,-0.8146,0.03887,4,7,1,-0.8075,-0.8858,-0.8217,-0.8008
225,E,G,0.1176,0.03173,7.0,2,E,3,1,E225G,0.3855,0.3821,0.06382,4,8,1,0.3842,0.3799,0.4669,0.3109
225,E,I,-0.4388,0.8289,3.0,2,E,3,1,E225I,-1.017,-0.9956,0.07386,4,4,1,-1.023,-1.119,-0.9581,-0.9682
225,E,K,-0.3578,0.4395,9.0,2,E,3,1,E225K,-0.9863,-0.9933,0.1032,4,14,1,-1.08,-0.9177,-1.069,-0.8786
225,E,L,-0.566,0.6717,2.0,2,E,3,1,E225L,0.2394,0.2409,0.03213,4,2,1,0.2162,0.2684,0.2072,0.2655
225,E,M,0.04241,0.1184,5.5,2,E,3,1,E225M,-0.06378,-0.07944,0.04353,4,6,1,-0.07086,-0.09585,-0.08802,-0.0003802
225,E,N,0.1485,0.03323,2.5,2,E,3,1,E225N,0.7293,0.7208,0.193,4,4,1,0.7149,0.9738,0.7266,0.5019
225,E,P,-0.3727,0.5017,4.5,2,E,3,1,E225P,1.824,1.953,0.3367,4,4,1,1.916,1.991,2.063,1.327
225,E,Q,0.06535,0.002963,5.0,2,E,3,1,E225Q,-0.05057,-0.05721,0.01724,4,4,1,-0.05727,-0.02502,-0.05716,-0.06284
225,E,R,-0.1538,0.3627,4.0,2,E,3,1,E225R,-0.4754,-0.4843,0.0417,4,4,1,-0.4952,-0.5148,-0.4734,-0.4182
225,E,S,-0.7724,1.156,4.5,2,E,3,1,E225S,0.3216,0.3285,0.1563,4,2,1,0.3241,0.5058,0.333,0.1235
225,E,T,-0.1909,0.1479,6.0,2,E,3,1,E225T,1.547,1.626,0.2635,4,9,1,1.54,1.758,1.711,1.177
225,E,V,-1.248,0.1167,5.5,2,E,3,1,E225V,-1.342,-1.386,0.09069,4,5,1,-1.389,-1.206,-1.384,-1.388
225,E,W,-0.1628,0.2334,5.0,2,E,3,1,E225W,1.476,1.515,0.3744,4,7,1,1.505,1.891,1.526,0.9812
225,E,Y,-0.0644,0.2834,7.0,2,E,3,1,E225Y,-0.4823,-0.4617,0.105,4,8,1,-0.4477,-0.6273,-0.4758,-0.3784
226,T,-,-0.3605,,1.0,1,T,3,1,T226-,-0.3081,-0.2998,0.09749,4,3,1,-0.3501,-0.2087,-0.4241,-0.2496
226,T,A,0.04113,0.06039,7.0,2,T,3,1,T226A,1.4,1.388,0.08015,4,9,1,1.405,1.507,1.371,1.317
226,T,C,0.1376,0.0002121,5.0,2,T,3,1,T226C,0.3875,0.4119,0.1397,4,7,1,0.3931,0.5296,0.4307,0.1965
226,T,D,-0.2097,0.3346,5.0,2,T,3,1,T226D,1.116,1.224,0.2908,4,4,1,1.186,1.263,1.327,0.6884
226,T,E,0.07131,0.01061,4.0,2,T,3,1,T226E,0.7432,0.8229,0.2946,4,4,1,0.7622,0.8835,1.001,0.3261
226,T,F,0.002825,0.02372,3.5,2,T,3,1,T226F,-0.395,-0.3964,0.05826,4,3,1,-0.36,-0.4548,-0.4328,-0.3321
226,T,G,-0.0996,0.3487,1.5,2,T,3,1,T226G,2.44,2.518,0.3011,4,1,1,2.546,2.712,2.011,2.491
226,T,H,-0.00715,0.1088,5.0,2,T,3,1,T226H,-0.8321,-0.7854,0.1374,4,6,1,-0.8083,-1.032,-0.7625,-0.7258
226,T,I,0.1348,0.02447,10.0,2,T,3,1,T226I,-0.2289,-0.2276,0.01629,4,10,1,-0.2336,-0.2217,-0.2112,-0.2491
226,T,K,-0.2771,0.4047,3.5,2,T,3,1,T226K,0.1618,0.1958,0.2616,4,4,1,0.1321,0.2595,0.4381,-0.1825
226,T,L,-0.0166,0.2539,3.5,2,T,3,1,T226L,1.319,1.507,0.4658,4,2,1,1.475,1.635,1.539,0.6276
226,T,M,0.001435,0.06147,5.0,2,T,3,1,T226M,-0.1182,-0.05681,0.1724,4,3,1,-0.08071,-0.3706,-0.03291,0.01127
226,T,N,0.0319,0.1765,4.5,2,T,3,1,T226N,0.2907,0.2743,0.04227,4,6,1,0.2663,0.2824,0.3527,0.2615
226,T,P,-0.1829,0.366,5.5,2,T,3,1,T226P,-2.376,-2.394,0.06205,4,6,1,-2.427,-2.368,-2.292,-2.419
226,T,Q,-0.3534,0.6251,4.5,2,T,3,1,T226Q,1.468,1.527,0.2947,4,6,1,1.576,1.757,1.478,1.062
226,T,R,0.09916,0.03541,3.5,2,T,3,1,T226R,0.5027,0.5067,0.09509,4,5,1,0.4867,0.6134,0.5266,0.3842
226,T,S,0.06432,0.0367,7.0,2,T,3,1,T226S,0.6104,0.6278,0.07611,4,3,1,0.6325,0.6231,0.5033,0.6829
226,T,V,0.04953,0.0006081,2.5,2,T,3,1,T226V,-0.8852,-0.8225,0.1443,4,3,1,-0.8359,-1.1,-0.7958,-0.809
226,T,W,-0.05148,0.07753,4.5,2,T,3,1,T226W,-0.1658,-0.1283,0.138,4,4,1,-0.1626,-0.36,-0.09395,-0.04655
226,T,Y,0.04783,0.1521,6.5,2,T,3,1,T226Y,-0.3778,-0.3834,0.0692,4,3,1,-0.4188,-0.4488,-0.3479,-0.2956
227,T,-,-0.03126,,1.0,1,T,3,1,T227-,-0.2675,-0.2608,0.05984,4,3,1,-0.3046,-0.2161,-0.3321,-0.217
227,T,A,-1.212,0.2991,3.0,2,T,3,1,T227A,2.54,2.601,0.2888,4,2,1,2.528,2.815,2.144,2.674
227,T,C,0.05066,0.16,2.5,2,T,3,1,T227C,0.7664,0.715,0.3018,4,2,1,0.695,0.7351,1.18,0.4559
227,T,D,-0.1833,0.1858,5.5,2,T,3,1,T227D,0.07236,0.03318,0.1239,4,3,1,-0.01842,0.243,0.08479,-0.01997
227,T,E,-0.0443,0.1962,2.0,2,T,3,1,T227E,1.49,1.561,0.3627,4,3,1,1.608,1.849,1.513,0.9885
227,T,F,-0.3518,0.11,7.5,2,T,3,1,T227F,0.9842,1.043,0.2045,4,8,1,1.014,1.16,1.072,0.691
227,T,H,-0.2327,0.23,3.0,2,T,3,1,T227H,1.487,1.455,0.3359,4,2,1,1.434,1.475,1.928,1.111
227,T,I,-0.114,0.317,13.5,2,T,3,1,T227I,1.108,1.166,0.2066,4,15,1,1.122,1.286,1.21,0.815
227,T,K,-0.4791,0.6476,3.0,2,T,3,1,T227K,-2.761,-2.753,0.09723,4,2,1,-2.875,-2.805,-2.663,-2.7
227,T,L,-0.01869,0.1018,4.5,2,T,3,1,T227L,0.1207,0.1152,0.06621,4,6,1,0.1201,0.2068,0.1103,0.04567
227,T,M,0.1475,0.01344,4.5,2,T,3,1,T227M,0.7529,0.7584,0.1048,4,5,1,0.7423,0.8744,0.6202,0.7745
227,T,N,0.1472,0.02475,5.5,2,T,3,1,T227N,1.192,0.9739,1.066,4,6,1,1.088,0.1475,2.674,0.8595
227,T,P,-0.5791,0.6886,3.5,2,T,3,1,T227P,0.7713,0.9237,0.4303,4,3,1,0.7759,1.077,1.071,0.1613
227,T,Q,-0.7032,0.8568,1.5,2,T,3,1,T227Q,0.3731,0.3695,0.2234,4,1,1,0.3251,0.4139,0.6466,0.1066
227,T,R,-0.7976,1.047,2.0,2,T,3,1,T227R,1.352,1.474,0.5036,4,3,1,1.54,1.817,1.408,0.6408
227,T,S,-0.2316,0.4247,4.5,2,T,3,1,T227S,1.784,1.819,0.1718,4,3,1,1.813,1.954,1.824,1.545
227,T,V,0.1132,0.02728,6.5,2,T,3,1,T227V,1.207,1.284,0.2504,4,9,1,1.233,1.412,1.335,0.8476
227,T,W,-0.5587,0.9692,3.0,2,T,3,1,T227W,0.6289,0.5424,0.2235,4,5,1,0.6051,0.9521,0.4789,0.4796
227,T,Y,-0.2535,0.4871,4.5,2,T,3,1,T227Y,1.09,1.247,0.3821,4,4,1,1.205,1.344,1.288,0.5235
252,I,-,-2.517,3.299,3.5,2,I,3,1,I252-,-0.3535,-0.3561,0.07635,4,3,1,-0.4303,-0.2713,-0.4052,-0.3071
252,I,A,0.1164,0.03639,2.5,2,I,3,1,I252A,0.6735,0.656,0.08293,4,3,1,0.6592,0.6527,0.5925,0.7894
252,I,C,-0.3229,0.1841,8.0,2,I,3,1,I252C,0.3494,0.3487,0.05589,4,7,1,0.3571,0.418,0.3402,0.2822
252,I,D,-4.946,0.07637,5.5,2,I,3,1,I252D,0.6266,0.7427,0.3193,4,3,1,0.6988,0.7867,0.8628,0.1583
252,I,E,-4.925,0.03606,4.5,2,I,3,1,I252E,0.2784,0.2925,0.04806,4,3,1,0.2889,0.3196,0.2091,0.2961
252,I,F,-1.089,0.9752,6.5,2,I,3,1,I252F,-0.2569,-0.2984,0.1532,4,3,1,-0.2971,-0.0373,-0.2996,-0.3937
252,I,G,-4.53,0.606,5.0,2,I,3,1,I252G,-0.05965,-0.05392,0.0265,4,10,1,-0.04121,-0.06663,-0.03664,-0.09412
252,I,H,-0.4258,0.3024,3.5,2,I,3,1,I252H,-0.2074,-0.1963,0.03018,4,4,1,-0.2021,-0.2514,-0.1905,-0.1855
252,I,K,-3.131,1.683,3.0,2,I,3,1,I252K,0.5051,0.4715,0.1554,4,5,1,0.4527,0.4903,0.7221,0.3554
252,I,L,-0.3535,0.6822,6.5,2,I,3,1,I252L,0.1893,0.1979,0.0598,4,5,1,0.1688,0.2271,0.2467,0.1146
252,I,M,-2.397,3.626,2.0,2,I,3,1,I252M,0.2745,0.2655,0.04601,4,4,1,0.2675,0.2636,0.3384,0.2286
252,I,N,-1.339,0.04808,4.0,2,I,3,1,I252N,-0.2257,-0.2032,0.08372,4,5,1,-0.198,-0.3456,-0.2085,-0.1509
252,I,Q,-0.9346,1.406,3.5,2,I,3,1,I252Q,0.6541,0.6899,0.133,4,1,1,0.6561,0.7236,0.7695,0.4671
252,I,R,-4.427,0.466,3.0,2,I,3,1,I252R,-0.1168,-0.1377,0.05337,4,4,1,-0.153,-0.03897,-0.1254,-0.15
252,I,S,-1.019,0.004243,5.0,2,I,3,1,I252S,-0.1571,-0.1672,0.05298,4,9,1,-0.1971,-0.1374,-0.09123,-0.2028
252,I,T,-0.6,0.07396,4.5,2,I,3,1,I252T,0.04849,0.03329,0.0617,4,6,1,0.04451,-0.007872,0.1353,0.02206
252,I,V,0.1288,0.001768,6.5,2,I,3,1,I252V,0.3382,0.3204,0.1341,4,8,1,0.3712,0.5101,0.2696,0.202
252,I,W,-1.204,0.05445,5.5,2,I,3,1,I252W,0.2859,0.3171,0.1587,4,6,1,0.2659,0.4368,0.3684,0.07235
252,I,Y,-0.299,0.08033,2.0,2,I,3,1,I252Y,-0.1807,-0.1997,0.06284,4,3,1,-0.2247,-0.0941,-0.1747,-0.2295
324,V,-,-0.19,0.4395,3.0,2,G,4,1,V324-,-0.1913,-0.1989,0.1104,4,3,1,-0.3032,-0.1367,-0.06419,-0.2611
324,V,A,-0.05175,0.3079,5.0,2,G,4,1,V324A,-1.051,-0.9693,0.2014,4,4,1,-0.9975,-1.349,-0.9158,-0.9411
324,V,C,-0.6255,0.5932,4.0,2,G,4,1,V324C,0.1986,0.2162,0.04675,4,4,1,0.2102,0.2221,0.2323,0.1298
324,V,D,0.1112,0.07646,1.5,2,G,4,1,V324D,-0.1537,-0.1708,0.08844,4,4,1,-0.2316,-0.04174,-0.217,-0.1245
324,V,E,-0.3883,0.7473,6.0,2,G,4,1,V324E,-0.1446,-0.1487,0.01982,4,6,1,-0.1372,-0.1611,-0.1602,-0.1199
324,V,F,0.04295,0.06229,5.0,2,G,4,1,V324F,-0.3814,-0.3666,0.06245,4,2,1,-0.3649,-0.4698,-0.3227,-0.3682
324,V,G,-0.05943,,1.5,1,G,4,1,V324G,-2.389,-2.412,0.102,4,7,1,-2.401,-2.423,-2.246,-2.487
324,V,H,0.1386,0.03776,3.5,2,G,4,1,V324H,0.7738,0.66,0.2916,4,2,1,0.6954,0.6246,0.5709,1.205
324,V,I,0.00135,0.1852,7.0,2,G,4,1,V324I,0.005102,0.009308,0.02605,4,10,1,0.02911,-0.00435,-0.02732,0.02297
324,V,K,-0.1029,0.1131,9.5,2,G,4,1,V324K,0.02614,0.0384,0.04705,4,3,1,0.02525,0.06723,0.05154,-0.03947
324,V,L,-0.2172,0.4201,8.0,2,G,4,1,V324L,-0.6498,-0.6437,0.07904,4,8,1,-0.6486,-0.7522,-0.6387,-0.5597
324,V,M,-0.1399,0.3847,9.0,2,G,4,1,V324M,-0.7446,-0.7554,0.0893,4,9,1,-0.7834,-0.6293,-0.8386,-0.7273
324,V,N,0.09463,0.05157,4.5,2,G,4,1,V324N,-0.4066,-0.4278,0.06473,4,5,1,-0.4332,-0.4586,-0.4225,-0.3122
324,V,P,0.1265,0.01252,4.5,2,G,4,1,V324P,-2.927,-3.01,0.3761,4,7,1,-3.151,-2.421,-2.869,-3.266
324,V,Q,0.1113,0.02927,4.5,2,G,4,1,V324Q,0.05854,0.0713,0.0475,4,5,1,0.09144,-0.005728,0.05115,0.09729
324,V,R,-0.08412,0.01891,3.5,2,G,4,1,V324R,-0.844,-0.7955,0.13,4,2,1,-0.831,-1.032,-0.7601,-0.7532
324,V,S,0.06374,0.01484,5.0,2,G,4,1,V324S,-0.3399,-0.2958,0.2462,4,2,1,-0.2757,-0.08955,-0.6782,-0.316
324,V,T,-0.2429,0.5056,9.5,2,G,4,1,V324T,-0.3445,-0.3263,0.04716,4,5,1,-0.3127,-0.4127,-0.3131,-0.3394
324,V,W,0.1361,0.0449,4.5,2,G,4,1,V324W,-0.4612,-0.4479,0.0996,4,2,1,-0.466,-0.5936,-0.4299,-0.3553
324,V,Y,-1.015,1.646,4.5,2,G,4,1,V324Y,-0.2263,-0.2123,0.05124,4,5,1,-0.2205,-0.2993,-0.2041,-0.1814
347,T,-,-2.524,,1.5,1,T,4,1,T347-,-0.114,-0.1223,0.0285,4,1,1,-0.1204,-0.1241,-0.07285,-0.1385
347,T,A,-4.95,0.00495,8.5,2,T,4,1,T347A,-0.3765,-0.3596,0.08239,4,8,1,-0.3692,-0.491,-0.3501,-0.2959
347,T,C,-4.86,0.09829,2.5,2,T,4,1,T347C,-0.3831,-0.383,0.03502,4,5,1,-0.3804,-0.426,-0.3403,-0.3856
347,T,D,-4.923,0.01131,5.0,2,T,4,1,T347D,-0.5319,-0.598,0.2722,4,7,1,-0.5497,-0.7821,-0.1495,-0.6462
347,T,E,-4.014,1.175,2.5,2,T,4,1,T347E,-0.3389,-0.3358,0.02701,4,5,1,-0.3413,-0.3097,-0.3303,-0.3743
347,T,F,-4.901,0.0594,3.5,2,T,4,1,T347F,2.845,3.024,0.5844,4,1,1,3.331,2.934,3.114,2.003
347,T,G,-3.79,0.244,3.0,2,T,4,1,T347G,-0.02429,-0.05669,0.394,4,3,1,0.0037,0.4847,-0.1171,-0.4685
347,T,H,-4.418,0.08556,13.5,2,T,4,1,T347H,-1.273,-1.259,0.09165,4,1,1,-1.247,-1.396,-1.271,-1.176
347,T,I,-4.895,0.09899,12.5,2,T,4,1,T347I,1.477,1.612,0.3473,4,13,1,1.539,1.716,1.684,0.9694
347,T,K,-4.906,0.004243,5.0,2,T,4,1,T347K,-0.962,-0.9028,0.1349,4,4,1,-0.8786,-1.164,-0.9057,-0.8999
347,T,L,-4.922,0.0495,6.5,2,T,4,1,T347L,1.81,1.833,0.1218,4,3,1,1.799,1.929,1.866,1.645
347,T,M,-4.841,0.1549,8.0,2,T,4,1,T347M,1.29,1.375,0.2412,4,8,1,1.317,1.433,1.468,0.9414
347,T,N,-4.53,0.6003,3.0,2,T,4,1,T347N,-0.1864,-0.2011,0.04493,4,7,1,-0.1926,-0.1215,-0.2219,-0.2097
347,T,P,-4.948,0.02616,3.0,2,T,4,1,T347P,0.1491,0.113,0.147,4,2,1,0.1288,0.3571,0.09729,0.0131
347,T,Q,-3.954,0.09405,8.5,2,T,4,1,T347Q,0.2496,0.3065,0.1885,4,5,1,0.2314,0.3957,0.3815,-0.01035
347,T,R,-4.947,,3.0,1,T,4,1,T347R,-1.442,-1.374,0.183,4,1,1,-1.397,-1.711,-1.352,-1.307
347,T,S,-0.3584,0.3435,4.0,2,T,4,1,T347S,-0.1812,-0.1851,0.0546,4,3,1,-0.1197,-0.1515,-0.2348,-0.2188
347,T,V,-4.908,0.01131,8.5,2,T,4,1,T347V,-0.2461,-0.243,0.02441,4,7,1,-0.2562,-0.2756,-0.2227,-0.2299
347,T,W,-4.858,0.0601,4.5,2,T,4,1,T347W,0.2036,0.2039,0.1476,4,6,1,0.2035,0.2044,0.384,0.02251
347,T,Y,-4.877,0.03606,3.5,2,T,4,1,T347Y,0.138,0.1581,0.1393,4,5,1,0.1252,0.2828,0.191,-0.04714
365,N,-,-0.02388,0.08403,1.5,2,N,5,1,N365-,0.1979,0.1889,0.06015,4,2,1,0.203,0.1749,0.2781,0.1358
365,N,A,-0.2065,0.486,6.0,2,N,5,1,N365A,-0.2182,-0.2049,0.06327,4,9,1,-0.2218,-0.3047,-0.1881,-0.1582
365,N,C,-0.5399,0.4734,3.0,2,N,5,1,N365C,-0.03616,-0.002045,0.08037,4,1,1,0.004492,-0.1558,-0.008583,0.01528
365,N,D,-0.9112,0.5144,7.0,2,N,5,1,N365D,0.9058,0.9719,0.2872,4,5,1,0.9214,1.175,1.022,0.5043
365,N,E,-0.372,0.2303,8.0,2,N,5,1,N365E,1.183,1.204,0.1698,4,3,1,1.168,1.24,1.364,0.9586
365,N,G,-0.1835,0.1911,9.5,2,N,5,1,N365G,0.2657,0.271,0.05626,4,7,1,0.2759,0.2661,0.3288,0.1922
365,N,H,0.06513,0.07858,2.0,2,N,5,1,N365H,-1.728,-1.758,0.151,4,10,1,-1.875,-1.522,-1.725,-1.792
365,N,I,-0.8517,0.3159,2.5,2,N,5,1,N365I,0.2826,0.1778,0.2285,4,1,1,0.158,0.1976,0.624,0.1508
365,N,K,-0.0079,0.2461,8.5,2,N,5,1,N365K,0.7371,0.7342,0.0325,4,5,1,0.7252,0.7785,0.7014,0.7432
365,N,M,0.00015,0.1744,2.5,2,N,5,1,N365M,-0.8504,-0.8544,0.01918,4,3,1,-0.8622,-0.8466,-0.825,-0.8679
365,N,P,-2.458,0.06647,7.0,2,N,5,1,N365P,0.9493,1.103,0.4262,4,8,1,1.036,1.17,1.266,0.3259
365,N,Q,0.1499,0.01676,5.5,2,N,5,1,N365Q,-0.1929,-0.1937,0.02316,4,12,1,-0.2188,-0.2031,-0.1843,-0.1654
365,N,R,-0.5085,0.9016,4.0,2,N,5,1,N365R,-0.03892,-0.01763,0.06982,4,3,1,-0.04147,0.0162,-0.1366,0.006208
365,N,S,-0.4456,0.6448,5.0,2,N,5,1,N365S,-0.376,-0.3754,0.03327,4,8,1,-0.375,-0.4174,-0.3758,-0.3359
365,N,T,-0.0744,0.0322,4.5,2,N,5,1,N365T,0.7067,0.7129,0.1523,4,4,1,0.7249,0.8864,0.701,0.5145
365,N,V,0.04376,0.1756,5.5,2,N,5,1,N365V,-0.01952,-0.02726,0.02457,4,6,1,0.01459,-0.01775,-0.03677,-0.03813
365,N,W,-0.292,0.5111,1.5,2,N,5,1,N365W,-1.105,-1.115,0.03628,4,2,1,-1.137,-1.117,-1.113,-1.053
365,N,Y,-0.2961,,1.0,1,N,5,1,N365Y,-1.344,-1.272,0.1768,4,3,1,-1.309,-1.603,-1.235,-1.227
379,F,A,-2.91,0.4886,5.5,2,F,5,1,F379A,0.03118,0.02496,0.1946,4,3,1,0.01035,0.2751,0.03957,-0.2003
379,F,C,-4.503,0.5756,4.5,2,F,5,1,F379C,-0.03568,-0.04533,0.0739,4,4,1,-0.04236,0.06339,-0.04829,-0.1154
379,F,D,-4.897,0.04455,6.0,2,F,5,1,F379D,1.078,1.155,0.2203,4,2,1,1.116,1.194,1.245,0.7575
379,F,E,-4.93,0.09051,2.0,2,F,5,1,F379E,-0.7191,-0.6996,0.07894,4,4,1,-0.6795,-0.8291,-0.6482,-0.7197
379,F,H,-0.6682,0.6983,4.5,2,F,5,1,F379H,0.1938,0.2335,0.124,4,3,1,0.1953,0.2898,0.2717,0.01825
379,F,I,-2.46,1.87,4.0,2,F,5,1,F379I,0.679,0.6631,0.1548,4,3,1,0.8793,0.5104,0.7009,0.6252
379,F,K,-4.71,0.2298,5.0,2,F,5,1,F379K,0.3321,0.3717,0.2753,4,7,1,0.3483,0.3951,0.6241,-0.03919
379,F,L,-1.421,0.2722,13.5,2,F,5,1,F379L,-0.529,-0.494,0.08171,4,13,1,-0.4904,-0.6509,-0.4772,-0.4975
379,F,M,0.106,0.01409,7.0,2,F,5,1,F379M,0.2031,0.1743,0.1275,4,4,1,0.2423,0.3664,0.1063,0.09746
379,F,N,-2.305,0.8287,4.5,2,F,5,1,F379N,-0.0719,-0.07845,0.09249,4,4,1,-0.06327,0.04652,-0.09362,-0.1772
379,F,P,-4.912,0.006364,6.0,2,F,5,1,F379P,-0.08484,-0.09607,0.1915,4,4,1,-0.1175,0.1594,-0.07461,-0.3066
379,F,Q,-4.463,0.5381,1.5,2,F,5,1,F379Q,-0.166,-0.1581,0.145,4,7,1,-0.2658,-0.05042,-0.03314,-0.3147
379,F,R,-1.598,0.5968,2.5,2,F,5,1,F379R,0.6668,0.4534,0.7162,4,3,1,0.3553,0.5515,1.698,0.0624
379,F,S,-4.944,0.01697,7.5,2,F,5,1,F379S,1.215,1.381,0.417,4,3,1,1.348,1.415,1.501,0.5966
379,F,T,-4.905,0.009192,5.0,2,F,5,1,F379T,0.1696,0.2134,0.09428,4,4,1,0.2113,0.2154,0.02842,0.2234
379,F,V,-2.734,1.436,2.5,2,F,5,1,F379V,-0.6067,-0.562,0.1213,4,6,1,-0.5772,-0.7851,-0.5467,-0.5178
379,F,W,0.1401,0.002899,2.5,2,F,5,1,F379W,0.6112,0.8125,0.4189,4,2,1,0.7944,0.8306,0.8364,-0.01653
379,F,Y,0.1248,0.06988,4.0,2,F,5,1,F379Y,0.7873,0.8656,0.248,4,8,1,0.8167,0.9876,0.9145,0.4304
402,A,-,0.08079,,1.5,1,A,5,1,A402-,-0.09474,-0.09725,0.02341,4,4,1,-0.1171,-0.08339,-0.06738,-0.1111
402,A,C,-1.779,0.08697,9.5,2,A,5,1,A402C,-1.467,-1.449,0.07634,4,7,1,-1.468,-1.573,-1.43,-1.397
402,A,D,-4.827,0.04243,6.0,2,A,5,1,A402D,-2.516,-2.599,0.2628,4,7,1,-2.701,-2.151,-2.497,-2.714
402,A,E,-4.829,0.0898,4.0,2,A,5,1,A402E,-1.443,-1.507,0.2218,4,10,1,-1.48,-1.635,-1.533,-1.125
402,A,F,-0.9576,0.3994,5.5,2,A,5,1,A402F,0.03055,0.003561,0.06741,4,4,1,0.01095,0.1304,-0.0153,-0.003828
402,A,G,-0.3458,,2.0,1,A,5,1,A402G,-1.701,-1.788,0.3533,4,5,1,-1.749,-2.027,-1.828,-1.201
402,A,H,-4.855,0.0495,3.0,2,A,5,1,A402H,0.2835,0.2863,0.01409,4,4,1,0.2827,0.2899,0.2642,0.297
402,A,I,-1.194,0.0594,4.0,2,A,5,1,A402I,0.6216,0.601,0.3617,4,2,1,0.5138,1.076,0.2088,0.6881
402,A,K,-4.857,0.1435,6.0,2,A,5,1,A402K,1.675,1.689,0.1184,4,3,1,1.69,1.804,1.517,1.688
402,A,L,-0.5004,0.06498,7.0,2,A,5,1,A402L,0.9297,0.9267,0.1042,4,2,1,0.9023,0.951,0.8076,1.058
402,A,M,-1.451,0.7811,4.0,2,A,5,1,A402M,0.1283,0.1258,0.01116,4,6,1,0.1198,0.1426,0.1191,0.1317
402,A,N,-1.648,0.1577,9.5,2,A,5,1,A402N,-0.1094,-0.08417,0.05261,4,3,1,-0.08454,-0.1883,-0.08107,-0.0838
402,A,P,-4.53,0.1464,3.5,2,A,5,1,A402P,-2.296,-2.332,0.1268,4,4,1,-2.335,-2.407,-2.113,-2.33
402,A,Q,-4.225,0.04879,1.5,2,A,5,1,A402Q,0.3677,0.3418,0.07794,4,10,1,0.3442,0.4817,0.3055,0.3394
402,A,R,-4.962,0.02263,6.5,2,A,5,1,A402R,1.441,1.477,0.4887,4,4,1,1.317,1.637,1.98,0.8305
402,A,S,-0.9308,1.357,8.0,2,A,5,1,A402S,-0.1004,-0.08835,0.02806,4,7,1,-0.08926,-0.0826,-0.1423,-0.08743
402,A,T,-0.6881,0.2843,11.0,2,A,5,1,A402T,0.4966,0.5711,0.2271,4,16,1,0.5086,0.6337,0.6718,0.1725
402,A,V,-0.2643,0.5762,6.5,2,A,5,1,A402V,0.3747,0.3784,0.02009,4,7,1,0.3671,0.3498,0.3897,0.3923
402,A,W,-4.713,0.2553,5.0,2,A,5,1,A402W,-0.5403,-0.5408,0.01918,4,6,1,-0.539,-0.5426,-0.5163,-0.5631
402,A,Y,-1.608,0.94,3.0,2,A,5,1,A402Y,-0.2234,-0.2154,0.02723,4,1,1,-0.2134,-0.2175,-0.2,-0.2626
404,L,-,0.05187,,2.0,1,W,5,1,L404-,-0.01549,-0.0235,0.02725,4,3,1,-0.02506,0.02387,-0.02194,-0.03884
404,L,A,-0.9047,0.6934,3.0,2,W,5,1,L404A,-1.859,-1.941,0.432,4,3,1,-2.025,-1.267,-1.857,-2.285
404,L,C,-1.804,0.4207,7.5,2,W,5,1,L404C,-1.133,-0.9487,0.5637,4,2,1,-1.127,-1.931,-0.7707,-0.7035
404,L,D,-4.762,0.1952,5.0,2,W,5,1,L404D,-2.382,-2.352,0.3979,4,6,1,-2.491,-1.946,-2.214,-2.877
404,L,E,-4.949,0.08061,2.5,2,W,5,1,L404E,-2.843,-2.957,0.3082,4,2,1,-3.064,-2.393,-2.896,-3.018
404,L,F,-0.3376,0.3045,3.5,2,W,5,1,L404F,-2.279,-2.38,0.3895,4,5,1,-2.49,-1.736,-2.269,-2.62
404,L,G,-4.87,0.07142,3.5,2,W,5,1,L404G,-2.646,-2.744,0.2944,4,2,1,-2.873,-2.222,-2.677,-2.812
404,L,H,-3.821,0.6385,2.5,2,W,5,1,L404H,-3.544,-3.659,0.2461,4,10,1,-3.683,-3.175,-3.67,-3.648
404,L,I,-0.1094,0.08362,6.5,2,W,5,1,L404I,-2.463,-2.483,0.202,4,4,1,-2.501,-2.689,-2.198,-2.465
404,L,K,-4.026,1.324,4.5,2,W,5,1,L404K,-1.113,-1.002,0.2483,4,7,1,-0.9643,-1.483,-0.9775,-1.027
404,L,M,-0.3798,0.7031,5.0,2,W,5,1,L404M,-0.5478,-0.5237,0.09827,4,11,1,-0.5085,-0.6863,-0.5389,-0.4574
404,L,N,-4.643,0.02121,6.0,2,W,5,1,L404N,1.862,1.908,0.4428,4,1,1,2.297,1.335,2.149,1.667
404,L,P,-1.849,0.8952,4.5,2,W,5,1,L404P,-1.6,-1.61,0.06509,4,11,1,-1.669,-1.608,-1.611,-1.512
404,L,Q,-4.919,0.03677,3.0,2,W,5,1,L404Q,-2.472,-2.597,0.3474,4,4,1,-2.725,-2.508,-2.685,-1.971
404,L,R,-2.237,1.515,5.0,2,W,5,1,L404R,-2.498,-2.712,0.5131,4,7,1,-2.829,-1.739,-2.632,-2.792
404,L,S,-4.825,0.1379,5.5,2,W,5,1,L404S,-1.627,-1.633,0.08056,4,6,1,-1.638,-1.72,-1.628,-1.523
404,L,T,-3.647,1.841,3.0,2,W,5,1,L404T,-0.1632,-0.1627,0.1235,4,9,1,-0.1917,-0.01514,-0.1337,-0.3121
404,L,V,-0.8511,1.175,2.5,2,W,5,1,L404V,-2.129,-2.268,0.302,4,3,1,-2.287,-1.677,-2.249,-2.304
404,L,W,-1.258,2.014,2.0,2,W,5,1,L404W,-0.6119,-0.506,0.3194,4,2,1,-0.3761,-0.3883,-0.6237,-1.059
404,L,Y,0.05046,0.159,3.5,2,W,5,1,L404Y,-1.119,-1.035,0.3518,4,1,1,-1.034,-1.617,-1.036,-0.7882
432,V,-,-0.4546,0.4273,6.0,2,V,5,1,V432-,0.4687,0.2054,0.5531,4,2,1,0.2218,0.1662,1.298,0.189
432,V,A,-0.458,0.3483,4.0,2,V,5,1,V432A,-1.181,-1.117,0.2261,4,3,1,-1.179,-0.9911,-1.499,-1.054
432,V,C,-0.2118,0.2311,6.0,2,V,5,1,V432C,-2.142,-2.27,0.325,4,1,1,-2.358,-1.669,-2.188,-2.352
432,V,D,0.1521,0.0215,3.5,2,V,5,1,V432D,-0.05036,-0.02976,0.08131,4,7,1,-0.03363,0.02419,-0.02589,-0.1661
432,V,E,-0.08497,0.1167,6.0,2,V,5,1,V432E,0.03572,-0.0007438,0.1375,4,3,1,-0.01324,0.232,0.01175,-0.08762
432,V,F,-3.809,1.09,4.0,2,V,5,1,V432F,-2.841,-2.903,0.2594,4,8,1,-3.031,-2.502,-2.775,-3.057
432,V,G,-0.03985,0.2709,3.5,2,V,5,1,V432G,-0.6975,-0.7094,0.2169,4,7,1,-0.666,-0.424,-0.7527,-0.9472
432,V,H,0.1195,0.04054,7.5,2,V,5,1,V432H,0.02412,0.01175,0.2342,4,6,1,-0.02622,0.04973,0.3202,-0.2472
432,V,I,-0.4278,0.7265,4.5,2,V,5,1,V432I,-0.7923,-0.7605,0.1071,4,15,1,-0.7528,-0.9471,-0.7681,-0.7011
432,V,K,-0.175,0.4337,3.0,2,V,5,1,V432K,-1.033,-1.214,0.368,4,2,1,-1.223,-0.4814,-1.206,-1.223
432,V,L,-0.2234,0.3091,8.5,2,V,5,1,V432L,-2.171,-2.282,0.4672,4,7,1,-2.458,-1.54,-2.105,-2.583
432,V,M,0.06255,0.09284,12.0,2,V,5,1,V432M,-1.65,-1.78,0.4022,4,3,1,-1.769,-1.063,-1.977,-1.792
432,V,N,0.02303,0.07259,4.0,2,V,5,1,V432N,0.1707,0.1982,0.1485,4,7,1,0.1469,0.2495,0.3134,-0.02694
432,V,P,-1.0,0.1089,3.5,2,V,5,1,V432P,-0.6224,-0.6527,0.08142,4,2,1,-0.6631,-0.5026,-0.6423,-0.6815
432,V,Q,-0.6047,0.8885,7.5,2,V,5,1,V432Q,-0.001626,0.006477,0.04881,4,1,1,0.009427,0.04887,0.003526,-0.06832
432,V,R,-0.3781,0.4821,3.0,2,V,5,1,V432R,-1.175,-1.225,0.14,4,5,1,-1.281,-0.9714,-1.2,-1.249
432,V,S,-0.2418,0.3411,2.5,2,V,5,1,V432S,-0.03815,0.004866,0.13,4,1,1,0.01192,-0.2281,-0.00219,0.06574
432,V,T,-0.1781,0.3269,3.5,2,V,5,1,V432T,-1.788,-1.789,0.09295,4,9,1,-1.857,-1.878,-1.721,-1.696
432,V,W,-0.3524,0.03536,3.0,2,V,5,1,V432W,-1.598,-1.622,0.1195,4,4,1,-1.715,-1.432,-1.636,-1.608
432,V,Y,-0.1972,0.4369,5.0,2,V,5,1,V432Y,-1.482,-1.483,0.156,4,7,1,-1.476,-1.672,-1.489,-1.29
445,K,-,-1.439,1.185,2.5,2,K,6,1,K445-,0.9181,0.8623,0.3017,4,1,1,0.8758,1.335,0.8488,0.613
445,K,A,0.1506,0.0222,5.0,2,K,6,1,K445A,0.1984,0.2746,0.3105,4,9,1,0.1654,0.3838,0.4702,-0.2258
445,K,C,-0.5477,0.1461,6.0,2,K,6,1,K445C,0.3279,0.3308,0.1241,4,6,1,0.304,0.4745,0.3577,0.1754
445,K,D,-0.311,0.06626,2.0,2,K,6,1,K445D,1.99,1.832,0.3612,4,4,1,1.82,1.844,2.53,1.768
445,K,E,-0.7683,1.179,11.5,2,K,6,1,K445E,0.3207,0.3724,0.2866,4,8,1,0.2899,0.455,0.6022,-0.06438
445,K,F,-1.305,0.04738,5.0,2,K,6,1,K445F,0.4377,0.4664,0.1795,4,2,1,0.4369,0.6232,0.4958,0.1951
445,K,G,-0.6993,0.4507,4.0,2,K,6,1,K445G,-0.0493,-0.03412,0.04372,4,2,1,-0.03317,-0.1135,-0.01542,-0.03508
445,K,H,-0.1694,0.09709,4.0,2,K,6,1,K445H,0.01515,0.0111,0.025,4,1,1,0.008465,-0.01077,0.01373,0.04917
445,K,I,-2.928,2.504,3.0,2,K,6,1,K445I,0.4566,0.4597,0.07645,4,5,1,0.4366,0.3629,0.5441,0.4829
445,K,L,-0.1768,0.3588,8.0,2,K,6,1,K445L,0.7134,0.7117,0.1047,4,6,1,0.7362,0.841,0.6873,0.5892
445,K,M,-0.128,0.3658,3.5,2,K,6,1,K445M,0.5466,0.5598,0.08944,4,5,1,0.5187,0.6009,0.6333,0.4337
445,K,N,-0.007525,0.1519,5.0,2,K,6,1,K445N,0.1288,-0.002153,0.3382,4,5,1,0.01631,0.6297,-0.02062,-0.1103
445,K,P,-4.858,0.1372,5.0,2,K,6,1,K445P,-0.6976,-0.6049,0.2779,4,3,1,-0.4774,-1.103,-0.6326,-0.5773
445,K,Q,0.06052,0.05115,6.0,2,K,6,1,K445Q,0.1948,0.1986,0.05573,4,4,1,0.1254,0.2566,0.2167,0.1805
445,K,R,0.1032,0.03553,3.0,2,K,6,1,K445R,0.8841,0.9426,0.1704,4,7,1,0.9007,1.013,0.9845,0.6387
445,K,S,0.02075,0.08755,7.0,2,K,6,1,K445S,1.125,1.357,0.493,4,2,1,1.329,1.401,1.384,0.3874
445,K,T,0.141,0.04038,2.5,2,K,6,1,K445T,-0.03962,0.002048,0.1006,4,1,1,0.002547,-0.1895,0.02691,0.001549
445,K,V,-0.2683,0.2029,3.5,2,K,6,1,K445V,1.033,1.089,0.2199,4,2,1,1.134,1.229,1.045,0.7224
445,K,W,-3.281,1.072,4.5,2,K,6,1,K445W,0.08334,0.09613,0.1063,4,4,1,0.1677,-0.03662,0.1777,0.02458
445,K,Y,-0.9133,0.5469,7.0,2,K,6,1,K445Y,-0.1934,-0.1939,0.01389,4,4,1,-0.2067,-0.1789,-0.2037,-0.1842
449,Y,*,-3.924,0.4964,1.5,2,Y,6,1,Y449*,-0.6568,-0.6538,0.05883,4,6,1,-0.6695,-0.5897,-0.7301,-0.638
449,Y,A,-4.888,0.1718,8.5,2,Y,6,1,Y449A,-0.05816,-0.04287,0.159,4,4,1,-0.05122,0.1199,-0.03451,-0.2668
449,Y,C,-4.976,0.01768,8.0,2,Y,6,1,Y449C,-0.5914,-0.6077,0.07521,4,3,1,-0.6124,-0.4861,-0.603,-0.6643
449,Y,D,-4.886,0.05586,3.0,2,Y,6,1,Y449D,-0.2619,-0.2527,0.151,4,12,1,-0.3255,-0.1016,-0.1798,-0.4405
449,Y,E,-4.952,0.01273,5.0,2,Y,6,1,Y449E,-0.1401,-0.1288,0.1043,4,1,1,-0.1757,-0.03371,-0.2692,-0.08193
449,Y,F,-0.4392,0.4002,6.0,2,Y,6,1,Y449F,0.4947,0.5585,0.1701,4,6,1,0.5084,0.6117,0.6086,0.2499
449,Y,G,-4.639,0.3203,3.5,2,Y,6,1,Y449G,0.2706,0.2708,0.2709,4,3,1,0.1869,0.3547,0.5915,-0.05054
449,Y,H,-4.929,0.04667,8.5,2,Y,6,1,Y449H,-0.5596,-0.5509,0.03734,4,6,1,-0.571,-0.6075,-0.5291,-0.5309
449,Y,I,-4.912,0.06152,4.0,2,Y,6,1,Y449I,-0.158,-0.1332,0.09439,4,2,1,-0.1374,-0.07263,-0.129,-0.2928
449,Y,K,-4.931,0.1124,5.0,2,Y,6,1,Y449K,0.1057,0.1072,0.02694,4,1,1,0.1356,0.09695,0.1174,0.07299
449,Y,L,-4.953,0.03041,5.0,2,Y,6,1,Y449L,0.587,0.6677,0.2434,4,2,1,0.6387,0.7801,0.6968,0.2323
449,Y,M,-4.888,,2.5,1,Y,6,1,Y449M,-0.1165,-0.0247,0.3075,4,2,1,-0.0299,0.1452,-0.01951,-0.5619
449,Y,N,-4.915,0.01626,3.5,2,Y,6,1,Y449N,-0.5596,-0.6071,0.1151,4,8,1,-0.6044,-0.3882,-0.6099,-0.6358
449,Y,P,-4.888,0.05657,3.0,2,Y,6,1,Y449P,0.3111,0.3239,0.1513,4,4,1,0.2834,0.4782,0.3644,0.1183
449,Y,Q,-4.934,0.0007071,3.5,2,Y,6,1,Y449Q,0.1583,0.196,0.1723,4,7,1,0.1558,0.3208,0.2362,-0.07954
449,Y,R,-4.926,0.08061,2.5,2,Y,6,1,Y449R,-0.3198,-0.4292,0.2864,4,8,1,-0.4168,0.1041,-0.4416,-0.5248
449,Y,T,-4.927,0.04667,4.0,2,Y,6,1,Y449T,0.8258,1.099,0.5758,4,2,1,1.141,1.072,1.127,-0.03672
449,Y,V,-4.961,0.02263,5.5,2,Y,6,1,Y449V,0.05371,0.03655,0.05039,4,3,1,0.01482,0.04529,0.1269,0.02781
454,V,A,-0.8599,0.6789,1.0,2,V,6,1,V454A,1.035,1.019,0.1672,4,6,1,1.062,1.249,0.9771,0.8504
454,V,C,-0.2489,0.5964,4.5,2,V,6,1,V454C,0.5217,0.4993,0.1045,4,4,1,0.5311,0.6639,0.4674,0.4243
454,V,D,-0.889,1.099,4.0,2,V,6,1,V454D,0.1389,0.172,0.1122,4,4,1,0.1414,0.2312,0.2027,-0.01978
454,V,E,-0.318,,0.5,1,V,6,1,V454E,1.744,1.837,0.8269,4,6,1,1.783,1.891,2.653,0.6475
454,V,F,-0.2905,0.2664,2.0,2,V,6,1,V454F,-0.13,-0.1214,0.1516,4,6,1,-0.2063,0.02599,-0.0365,-0.3032
454,V,G,-3.756,1.078,6.5,2,V,6,1,V454G,-0.4129,-0.4873,0.189,4,4,1,-0.4972,-0.1327,-0.4773,-0.5445
454,V,H,0.1182,0.06732,9.5,2,V,6,1,V454H,0.6703,0.6729,0.4262,4,5,1,0.5833,0.7624,1.182,0.1536
454,V,I,-0.5298,0.9379,2.5,2,V,6,1,V454I,0.6314,0.6368,0.07879,4,1,1,0.6374,0.6361,0.5299,0.7223
454,V,K,-0.03435,0.2085,2.0,2,V,6,1,V454K,0.6263,0.6582,0.4092,4,4,1,0.6128,0.7037,1.091,0.0972
454,V,L,-0.1449,0.2665,7.0,2,V,6,1,V454L,0.2532,0.2662,0.136,4,6,1,0.2516,0.07535,0.4052,0.2807
454,V,M,0.1453,0.01358,9.5,2,V,6,1,V454M,0.4356,0.5265,0.2102,4,10,1,0.5093,0.5437,0.5672,0.1224
454,V,P,-4.921,0.0495,6.0,2,V,6,1,V454P,-0.3358,-0.3465,0.09529,4,8,1,-0.3723,-0.2122,-0.3207,-0.4378
454,V,Q,-2.276,3.377,6.0,2,V,6,1,V454Q,0.634,0.6412,0.1178,4,7,1,0.5724,0.71,0.5004,0.7531
454,V,R,-1.509,0.3953,8.5,2,V,6,1,V454R,0.5724,0.6233,0.2549,4,4,1,0.6214,0.8254,0.6251,0.2177
454,V,S,-0.2597,0.5497,1.5,2,V,6,1,V454S,0.7608,0.741,0.04655,4,4,1,0.7439,0.8302,0.731,0.7381
454,V,T,-0.4724,0.6761,3.0,2,V,6,1,V454T,0.45,0.4381,0.02923,4,4,1,0.4439,0.493,0.4323,0.431
454,V,W,0.07302,0.1257,4.0,2,V,6,1,V454W,1.007,1.078,0.5229,4,3,1,1.091,1.066,1.569,0.3039
454,V,Y,0.1365,0.008697,5.0,2,V,6,1,V454Y,-0.3013,-0.3421,0.2114,4,2,1,-0.3541,-0.008333,-0.3301,-0.5127
487,T,-,-0.04576,0.005579,2.0,2,T,6,1,T487-,0.01795,0.02679,0.03088,4,1,1,0.01647,0.04327,-0.02506,0.03711
487,T,A,0.13,0.05424,6.0,2,T,6,1,T487A,1.368,1.565,0.4864,4,6,1,1.51,1.62,1.696,0.6478
487,T,C,-0.5729,0.7638,5.5,2,T,6,1,T487C,1.406,1.513,0.3075,4,9,1,1.415,1.611,1.629,0.9684
487,T,D,-1.551,0.2991,4.0,2,T,6,1,T487D,1.012,0.9951,0.3654,4,9,1,1.039,0.9507,1.474,0.5852
487,T,E,-0.4953,0.5827,3.5,2,T,6,1,T487E,1.245,1.31,0.2516,4,5,1,1.249,1.469,1.371,0.8928
487,T,F,-0.1728,0.218,7.5,2,T,6,1,T487F,1.54,1.672,0.3602,4,8,1,1.615,1.729,1.803,1.012
487,T,G,-0.3421,0.5621,4.5,2,T,6,1,T487G,1.391,1.482,0.4652,4,3,1,1.48,1.855,1.483,0.7446
487,T,H,-1.056,0.03606,7.5,2,T,6,1,T487H,2.382,2.341,0.2235,4,3,1,2.305,2.688,2.158,2.377
487,T,I,0.1068,0.09513,6.0,2,T,6,1,T487I,0.9823,0.9923,0.2371,4,12,1,0.9682,1.016,1.261,0.6832
487,T,K,-1.093,0.7637,4.5,2,T,6,1,T487K,1.291,1.302,0.2,4,7,1,1.263,1.34,1.521,1.038
487,T,L,-0.08075,0.2244,2.5,2,T,6,1,T487L,1.357,1.432,0.2119,4,7,1,1.42,1.517,1.444,1.045
487,T,M,0.0984,0.07806,4.0,2,T,6,1,T487M,1.759,1.909,0.408,4,3,1,1.824,2.053,1.995,1.165
487,T,N,-0.1703,0.3791,5.5,2,T,6,1,T487N,1.449,1.508,0.2692,4,2,1,1.504,1.709,1.513,1.071
487,T,P,-0.753,0.156,6.5,2,T,6,1,T487P,0.1262,0.1227,0.04692,4,8,1,0.08335,0.08916,0.1762,0.1562
487,T,Q,-0.1556,0.2797,5.5,2,T,6,1,T487Q,1.046,1.11,0.3472,4,5,1,1.045,1.175,1.392,0.5715
487,T,R,-0.1916,0.1578,3.0,2,T,6,1,T487R,1.131,1.244,0.345,4,6,1,1.139,1.394,1.348,0.6405
487,T,S,-0.1721,0.4318,5.0,2,T,6,1,T487S,0.1705,0.1685,0.01991,4,5,1,0.151,0.1941,0.1574,0.1796
487,T,V,0.09255,0.07459,7.5,2,T,6,1,T487V,1.883,1.926,0.257,4,3,1,1.933,2.148,1.918,1.531
487,T,W,0.01852,0.02583,3.0,2,T,6,1,T487W,1.163,1.16,0.4545,4,4,1,1.169,1.723,1.152,0.6101
487,T,Y,-2.284,2.784,2.0,2,T,6,1,T487Y,2.78,2.78,0.8886,4,1,1,3.341,3.712,2.219,1.847
491,I,-,-0.09566,0.0217,3.0,2,I,6,1,I491-,0.01968,0.02856,0.03216,4,1,1,0.01725,0.04636,-0.02478,0.03988
491,I,A,-4.147,0.09334,2.5,2,I,6,1,I491A,-0.9117,-0.9792,0.2405,4,5,1,-0.9628,-0.5661,-1.122,-0.9956
491,I,C,-1.346,0.0898,8.0,2,I,6,1,I491C,-0.283,-0.2839,0.09301,4,6,1,-0.3016,-0.2661,-0.1697,-0.3947
491,I,D,-4.492,0.6739,3.5,2,I,6,1,I491D,0.3171,0.2998,0.329,4,2,1,0.2381,0.7318,0.3615,-0.06303
491,I,E,-4.921,0.0502,5.0,2,I,6,1,I491E,0.7766,0.7506,0.5179,4,8,1,0.9089,0.5924,1.416,0.1893
491,I,F,-3.699,0.8563,2.5,2,I,6,1,I491F,-0.6326,-0.6767,0.2428,4,7,1,-0.6681,-0.2979,-0.6852,-0.8791
491,I,G,-4.945,0.0693,4.5,2,I,6,1,I491G,0.1283,0.1209,0.137,4,2,1,0.122,0.3031,0.1198,-0.03182
491,I,H,-1.976,0.1775,4.0,2,I,6,1,I491H,1.28,1.306,0.3782,4,1,1,1.29,1.321,1.715,0.7924
491,I,K,-4.88,0.09405,8.5,2,I,6,1,I491K,0.9844,0.9449,0.5957,4,4,1,1.042,0.8477,1.745,0.303
491,I,L,-0.7051,0.2239,4.0,2,I,6,1,I491L,-0.06522,-0.05868,0.04143,4,2,1,-0.05998,-0.02189,-0.05738,-0.1216
491,I,M,-1.514,0.9231,5.5,2,I,6,1,I491M,-1.545,-1.367,0.4045,4,7,1,-1.406,-2.148,-1.328,-1.298
491,I,N,-2.361,0.4257,6.5,2,I,6,1,I491N,-0.6976,-0.6809,0.2484,4,5,1,-0.6241,-1.012,-0.7376,-0.4163
491,I,P,-4.965,0.009899,8.0,2,I,6,1,I491P,-0.133,-0.1303,0.1126,4,2,1,-0.1334,0.00222,-0.1272,-0.2735
491,I,Q,-2.407,0.01202,3.0,2,I,6,1,I491Q,0.4983,0.533,0.4526,4,2,1,0.3705,0.6954,0.9913,-0.06416
491,I,R,-3.951,,1.0,1,I,6,1,I491R,-0.6514,-0.62,0.1276,4,2,1,-0.61,-0.8323,-0.5332,-0.63
491,I,S,-4.867,0.01626,3.5,2,I,6,1,I491S,0.1244,0.1111,0.06736,4,3,1,0.08171,0.2124,0.1406,0.06291
491,I,T,-2.663,0.1308,4.5,2,I,6,1,I491T,-0.8007,-0.8231,0.0698,4,7,1,-0.8229,-0.6989,-0.8233,-0.8577
491,I,V,-0.05665,0.2732,4.0,2,I,6,1,I491V,-1.444,-1.771,0.7724,4,2,1,-1.937,-0.297,-1.861,-1.682
491,I,W,-4.862,0.1181,7.0,2,I,6,1,I491W,-0.5025,-0.5534,0.175,4,8,1,-0.5553,-0.2497,-0.5515,-0.6533
491,I,Y,-4.901,,1.5,1,I,6,1,I491Y,-0.8385,-0.8348,0.03229,4,3,1,-0.88,-0.845,-0.8246,-0.8043
496,P,-,0.0057,0.1894,2.5,2,P,6,1,P496-,0.01909,0.02797,0.03259,4,1,1,0.01825,0.04682,-0.02642,0.0377
496,P,A,-3.472,1.373,5.5,2,P,6,1,P496A,0.8236,0.8623,0.1515,4,4,1,0.85,0.8747,0.9616,0.6081
496,P,C,-4.904,0.009192,4.0,2,P,6,1,P496C,0.4625,0.4995,0.1767,4,2,1,0.4428,0.5563,0.6277,0.2232
496,P,D,-4.824,0.1697,4.5,2,P,6,1,P496D,0.4832,0.5154,0.1325,4,3,1,0.4783,0.6021,0.5525,0.2997
496,P,E,-4.953,0.01626,6.0,2,P,6,1,P496E,0.7481,0.8631,0.5277,4,5,1,0.962,0.7642,1.251,0.01539
496,P,F,-4.94,0.01202,4.0,2,P,6,1,P496F,0.4275,0.3872,0.1979,4,2,1,0.4018,0.2326,0.7028,0.3726
496,P,G,-4.777,0.169,3.0,2,P,6,1,P496G,0.879,0.8897,0.4481,4,4,1,0.7634,1.016,1.402,0.3345
496,P,H,-3.94,0.8231,8.0,2,P,6,1,P496H,1.201,1.286,0.2387,4,23,1,1.222,1.375,1.351,0.8579
496,P,I,-4.811,0.1047,1.5,2,P,6,1,P496I,0.7105,0.6667,0.5587,4,4,1,0.3864,0.947,1.375,0.1331
496,P,K,-4.802,0.2164,6.0,2,P,6,1,P496K,0.04715,0.03975,0.05635,4,2,1,0.05713,0.02237,0.1205,-0.0114
496,P,L,-4.875,0.01626,10.0,2,P,6,1,P496L,1.391,1.427,0.1467,4,10,1,1.378,1.476,1.52,1.19
496,P,N,-2.708,3.211,3.0,2,P,6,1,P496N,0.3764,0.3461,0.1992,4,5,1,0.3102,0.3821,0.6442,0.1693
496,P,Q,-4.896,,2.0,1,P,6,1,P496Q,1.39,1.399,0.3976,4,7,1,1.384,1.413,1.868,0.8947
496,P,R,-4.873,,1.5,1,P,6,1,P496R,0.4675,0.5452,0.2281,4,4,1,0.4672,0.6231,0.6347,0.145
496,P,S,-0.8783,0.4902,5.5,2,P,6,1,P496S,0.5183,0.5359,0.1087,4,9,1,0.5001,0.6266,0.5717,0.3749
496,P,T,-3.659,0.6619,10.0,2,P,6,1,P496T,0.838,0.8294,0.1596,4,15,1,0.8522,1.04,0.8065,0.653
496,P,V,-4.765,0.2333,6.5,2,P,6,1,P496V,0.8098,0.8627,0.2415,4,2,1,0.8176,0.9079,1.039,0.4742
496,P,W,-4.893,0.02687,4.5,2,P,6,1,P496W,-0.1167,-0.1195,0.0953,4,4,1,-0.127,0.002572,-0.112,-0.2303
496,P,Y,-4.925,0.007778,5.0,2,P,6,1,P496Y,1.758,1.854,0.2608,4,5,1,1.905,1.947,1.803,1.378
570,S,-,-0.03556,0.04787,3.0,2,S,7,1,S570-,0.01442,0.01844,0.01354,4,2,1,0.02551,0.02225,0.01464,-0.004697
570,S,A,-0.5249,0.7383,3.5,2,S,7,1,S570A,-0.7196,-0.6848,0.09665,4,3,1,-0.713,-0.8583,-0.6567,-0.6504
570,S,C,-1.281,0.03111,4.5,2,S,7,1,S570C,0.09785,0.0916,0.02582,4,2,1,0.08493,0.07448,0.09827,0.1337
570,S,D,-0.4655,0.7553,3.0,2,S,7,1,S570D,1.74,1.741,0.5109,4,2,1,1.513,1.969,1.155,2.321
570,S,E,0.7997,0.04964,3.5,2,S,7,1,S570E,0.1384,0.1411,0.06161,4,5,1,0.1412,0.06028,0.141,0.211
570,S,F,0.2993,0.501,1.0,2,S,7,1,S570F,0.4783,0.4754,0.04427,4,1,1,0.4925,0.5326,0.4582,0.43
570,S,G,0.6361,0.1385,2.5,2,S,7,1,S570G,-0.7479,-0.7175,0.1549,4,8,1,-0.7286,-0.9628,-0.7064,-0.5938
570,S,H,-0.0742,0.4936,2.5,2,S,7,1,S570H,0.007212,0.007403,0.03601,4,1,1,0.02601,-0.0112,-0.03296,0.047
570,S,I,0.7126,0.01945,5.0,2,S,7,1,S570I,0.5235,0.4904,0.09794,4,12,1,0.5122,0.6649,0.4686,0.4484
570,S,K,0.467,0.5222,3.5,2,S,7,1,S570K,1.129,1.176,0.2968,4,1,1,1.168,1.185,1.439,0.7247
570,S,L,0.3615,0.05162,4.0,2,S,7,1,S570L,1.28,1.301,0.08861,4,1,1,1.278,1.324,1.158,1.362
570,S,M,0.4599,0.2476,4.0,2,S,7,1,S570M,0.8435,0.8758,0.09734,4,2,1,0.853,0.9189,0.7035,0.8985
570,S,N,0.4871,0.3538,6.5,2,S,7,1,S570N,1.28,1.297,0.1085,4,3,1,1.326,1.391,1.268,1.136
570,S,P,0.7258,0.1529,2.5,2,S,7,1,S570P,-0.4517,-0.4511,0.01951,4,3,1,-0.4703,-0.4343,-0.4668,-0.4354
570,S,Q,0.7708,0.07566,2.5,2,S,7,1,S570Q,0.05468,0.05649,0.01625,4,3,1,0.06401,0.03464,0.04897,0.07113
570,S,R,-0.1283,0.1073,8.5,2,S,7,1,S570R,1.562,1.618,0.199,4,4,1,1.587,1.734,1.277,1.649
570,S,T,0.5091,0.3093,3.0,2,S,7,1,S570T,0.05967,0.06216,0.008784,4,5,1,0.06028,0.04719,0.06403,0.06718
570,S,W,-0.646,0.9885,3.5,2,S,7,1,S570W,0.1166,0.1109,0.04022,4,5,1,0.1009,0.07477,0.1209,0.1699
570,S,Y,0.2827,0.3956,5.5,2,S,7,1,S570Y,0.2602,0.2415,0.05966,4,4,1,0.2108,0.2435,0.2395,0.347
583,S,-,-2.067,3.8,3.5,2,S,7,1,S583-,0.4113,0.4431,0.1087,4,1,1,0.4957,0.2634,0.396,0.4902
583,S,A,-0.9013,1.934,2.5,2,S,7,1,S583A,-0.0307,-0.03752,0.02677,4,1,1,-0.04549,-0.05419,-0.02954,0.006429
583,S,C,-1.679,0.5459,4.5,2,S,7,1,S583C,-0.1728,-0.1611,0.03939,4,2,1,-0.1653,-0.2296,-0.1569,-0.1394
583,S,E,-0.63,0.3393,3.5,2,S,7,1,S583E,-0.2096,-0.2086,0.06921,4,5,1,-0.2297,-0.2926,-0.1875,-0.1284
583,S,F,-1.884,0.6527,2.5,2,S,7,1,S583F,-0.0368,-0.05142,0.03734,4,3,1,-0.06205,-0.04284,-0.06001,0.01771
583,S,G,-0.6939,0.3898,4.5,2,S,7,1,S583G,0.3173,0.3059,0.05816,4,5,1,0.3351,0.2768,0.2657,0.3916
583,S,H,0.3646,,2.0,1,S,7,1,S583H,0.03224,0.01284,0.05442,4,2,1,0.01807,-0.008864,0.007613,0.1122
583,S,I,-0.7831,0.5034,8.0,2,S,7,1,S583I,0.3794,0.3808,0.02308,4,5,1,0.3972,0.3643,0.3551,0.401
583,S,K,-0.6336,0.8986,3.5,2,S,7,1,S583K,-0.3006,-0.2851,0.08098,4,7,1,-0.2813,-0.4127,-0.2889,-0.2194
583,S,L,-0.5451,0.2453,3.5,2,S,7,1,S583L,0.09491,0.08623,0.02998,4,2,1,0.08025,0.06952,0.09221,0.1377
583,S,M,0.2004,0.897,4.5,2,S,7,1,S583M,-0.41,-0.4319,0.3192,4,1,1,-0.6274,-0.2365,-0.7253,-0.05092
583,S,N,-0.3443,0.7118,8.0,2,S,7,1,S583N,-0.6374,-0.5918,0.1778,4,5,1,-0.6193,-0.8892,-0.5643,-0.4768
583,S,Q,0.3117,0.4223,2.0,2,S,7,1,S583Q,0.7992,0.8817,0.264,4,1,1,0.8584,0.905,0.416,1.017
583,S,R,-0.4733,0.2032,6.0,2,S,7,1,S583R,-0.806,-0.8239,0.1269,4,4,1,-0.8333,-0.8145,-0.941,-0.6351
583,S,T,-1.611,,1.0,1,S,7,1,S583T,0.7142,0.7108,0.04502,4,2,1,0.7026,0.7719,0.719,0.6632
583,S,W,-1.728,0.6668,7.5,2,S,7,1,S583W,0.05447,0.04572,0.098,4,3,1,0.04685,-0.05617,0.04459,0.1826
583,S,Y,-1.289,,2.0,1,S,7,1,S583Y,0.09524,0.1045,0.03258,4,3,1,0.09068,0.05091,0.1183,0.1211
617,V,-,0.3916,0.0145,4.5,2,V,7,1,V617-,-1.11,-1.114,0.02041,4,2,1,-1.106,-1.083,-1.122,-1.13
617,V,A,0.7637,0.03741,4.0,2,V,7,1,V617A,0.09521,0.07591,0.08198,4,4,1,0.1029,0.04897,0.0217,0.2073
617,V,C,-1.435,0.0997,3.5,2,V,7,1,V617C,-0.6934,-0.6624,0.07522,4,2,1,-0.6713,-0.8049,-0.6437,-0.6535
617,V,D,-0.0241,0.2988,4.0,2,V,7,1,V617D,-0.4599,-0.4455,0.09723,4,5,1,-0.4519,-0.5915,-0.4391,-0.3572
617,V,E,-1.167,0.03465,3.5,2,V,7,1,V617E,-0.5507,-0.5231,0.1288,4,4,1,-0.5303,-0.731,-0.5159,-0.4255
617,V,F,0.3098,0.6887,2.0,2,V,7,1,V617F,0.9017,0.8739,0.114,4,2,1,0.86,0.8878,0.7964,1.063
617,V,G,-0.02525,0.4823,3.0,2,V,7,1,V617G,-0.053,0.0008776,0.1323,4,1,1,0.006361,-0.2498,-0.004606,0.03607
617,V,H,-0.6439,,1.0,1,V,7,1,V617H,1.175,1.11,0.2,4,2,1,1.173,1.458,1.022,1.048
617,V,I,0.06614,0.1631,5.5,2,V,7,1,V617I,-0.3654,-0.3386,0.07683,4,2,1,-0.3576,-0.4762,-0.3197,-0.3081
617,V,K,-1.571,,2.0,1,V,7,1,V617K,0.0302,0.03058,0.0134,4,3,1,0.04557,0.01407,0.026,0.03516
617,V,L,-0.326,0.8655,4.0,2,V,7,1,V617L,0.9671,0.971,0.06947,4,8,1,0.9212,1.032,0.8944,1.021
617,V,M,0.1522,0.4091,3.5,2,V,7,1,V617M,0.6592,0.6675,0.03751,4,9,1,0.6073,0.6591,0.6759,0.6946
617,V,N,0.2322,0.8041,1.5,2,V,7,1,V617N,-0.07923,-0.07822,0.05267,4,1,1,-0.07689,-0.1447,-0.07955,-0.01577
617,V,Q,0.6296,,0.5,1,V,7,1,V617Q,-0.3353,-0.3218,0.05569,4,2,1,-0.3513,-0.2923,-0.4072,-0.2903
617,V,R,0.4429,,1.5,1,V,7,1,V617R,-0.001356,-0.00916,0.04707,4,2,1,0.009587,-0.04694,0.05984,-0.02791
617,V,Y,0.586,0.1588,3.0,2,V,7,1,V617Y,0.1625,0.1522,0.09127,4,3,1,0.1928,0.276,0.1117,0.0697
677,P,-,-2.533,1.097,1.5,2,P,8,1,P677-,0.005411,0.00116,0.009445,4,1,1,0.01951,0.0003535,0.001967,-0.0001894
677,P,A,-4.811,0.1216,5.0,2,P,8,1,P677A,0.05789,0.03021,0.1137,4,1,1,0.008422,0.052,-0.04624,0.2174
677,P,C,-4.892,0.08061,3.5,2,P,8,1,P677C,0.02967,0.03275,0.02895,4,1,1,0.04038,-0.007754,0.06094,0.02511
677,P,D,-4.921,0.09405,3.5,2,P,8,1,P677D,0.1749,0.1643,0.05657,4,3,1,0.1746,0.1187,0.154,0.2524
677,P,E,-4.875,0.1266,7.5,2,P,8,1,P677E,-0.4854,-0.4816,0.0526,4,2,1,-0.512,-0.5457,-0.4511,-0.4327
677,P,F,-4.891,0.08202,4.0,2,P,8,1,P677F,-0.4362,-0.4366,0.04739,4,3,1,-0.4495,-0.4923,-0.4237,-0.3792
677,P,G,-4.462,0.7573,1.5,2,P,8,1,P677G,-0.4092,-0.3897,0.1015,4,3,1,-0.4008,-0.5494,-0.3787,-0.3079
677,P,H,-4.845,0.01061,12.0,2,P,8,1,P677H,0.03963,0.04248,0.03927,4,10,1,0.049,-0.0107,0.08426,0.03596
677,P,I,-4.896,0.09192,5.0,2,P,8,1,P677I,-0.4262,-0.4097,0.06337,4,6,1,-0.4189,-0.5161,-0.4005,-0.3692
677,P,K,-4.592,0.5226,4.0,2,P,8,1,P677K,0.00502,0.0006653,0.06758,4,3,1,-0.01369,-0.07191,0.01502,0.09066
677,P,L,-4.899,0.08273,4.5,2,P,8,1,P677L,-0.8031,-0.7087,0.2367,4,3,1,-0.7154,-1.155,-0.702,-0.6401
677,P,M,-4.656,0.4412,5.0,2,P,8,1,P677M,-0.2276,-0.2368,0.03138,4,3,1,-0.2543,-0.24,-0.2337,-0.1823
677,P,N,-4.35,0.8174,2.0,2,P,8,1,P677N,-0.04666,-0.04688,0.01762,4,3,1,-0.04385,-0.0678,-0.0499,-0.02507
677,P,Q,-4.87,0.111,3.0,2,P,8,1,P677Q,-1.651,-1.709,0.4123,4,2,1,-1.555,-1.862,-2.068,-1.12
677,P,R,-4.933,0.09334,5.5,2,P,8,1,P677R,-0.257,-0.2486,0.09716,4,2,1,-0.2264,-0.3817,-0.2708,-0.1491
677,P,S,-4.825,0.1959,8.5,2,P,8,1,P677S,-0.04813,-0.04837,0.02294,4,9,1,-0.02095,-0.05632,-0.04042,-0.07484
677,P,T,-4.85,0.1464,5.0,2,P,8,1,P677T,-0.3963,-0.4006,0.04345,4,3,1,-0.4439,-0.391,-0.4102,-0.34
677,P,V,-4.697,0.3288,3.0,2,P,8,1,P677V,-0.2778,-0.2811,0.04497,4,6,1,-0.3012,-0.3256,-0.2611,-0.2235
677,P,W,-4.921,0.09122,8.0,2,P,8,1,P677W,-0.7712,-0.7325,0.0946,4,5,1,-0.7402,-0.9117,-0.7248,-0.708
677,P,Y,-4.775,,2.0,1,P,8,1,P677Y,-1.044,-0.8699,0.3997,4,1,1,-0.8946,-1.641,-0.8452,-0.7965
692,I,-,0.1892,0.2018,1.5,2,I,8,1,I692-,0.564,0.533,0.3029,4,1,1,0.9517,0.6245,0.238,0.4415
692,I,A,-4.899,0.08202,6.0,2,I,8,1,I692A,-0.2772,-0.2437,0.1151,4,4,1,-0.2218,-0.4416,-0.2655,-0.1797
692,I,F,-0.5977,1.205,5.0,2,I,8,1,I692F,-1.73,-1.621,0.3734,4,4,1,-1.699,-2.262,-1.543,-1.415
692,I,G,-4.768,0.2298,4.5,2,I,8,1,I692G,-0.4314,-0.4594,0.2956,4,3,1,-0.3758,-0.05336,-0.543,-0.7534
692,I,K,-4.466,0.04596,5.5,2,I,8,1,I692K,-2.524,-2.755,0.5246,4,3,1,-2.84,-1.746,-2.672,-2.837
692,I,L,0.3819,0.5169,4.5,2,I,8,1,I692L,-0.1009,-0.09533,0.05714,4,3,1,-0.09997,-0.1758,-0.0907,-0.03702
692,I,M,0.2773,0.4606,3.0,2,I,8,1,I692M,-0.7472,-0.7452,0.1711,4,2,1,-0.7617,-0.958,-0.7288,-0.5402
692,I,N,-4.867,0.1103,2.0,2,I,8,1,I692N,-1.016,-1.155,0.2903,4,3,1,-1.172,-0.5805,-1.162,-1.149
692,I,S,-4.883,0.06293,4.0,2,I,8,1,I692S,-0.01845,-0.01597,0.03497,4,1,1,-0.05685,0.01499,-0.03903,0.007092
692,I,T,-4.924,,1.0,1,I,8,1,I692T,-0.7207,-0.9066,0.4786,4,3,1,-0.8833,-0.01142,-0.93,-1.058
692,I,V,-0.74,0.5812,9.0,2,I,8,1,I692V,0.04933,0.03619,0.05116,4,3,1,0.03716,0.002624,0.03522,0.1223
692,I,W,-4.796,0.2482,4.5,2,I,8,1,I692W,-0.8802,-0.9556,0.1629,4,4,1,-0.9492,-0.6363,-0.9733,-0.9619
692,I,Y,-4.909,0.1075,2.0,2,I,8,1,I692Y,-0.7332,-0.8879,0.4768,4,1,1,-0.8841,-0.03699,-0.8917,-1.12
714,K,-,-1.476,1.615,2.0,2,N,9,1,K714-,0.02234,0.0256,0.01577,4,1,1,0.0242,0.0003723,0.03777,0.027
714,K,A,0.3632,0.5567,3.0,2,N,9,1,K714A,-0.07903,-0.1101,0.1264,4,2,1,-0.09058,-0.1951,-0.1295,0.09915
714,K,C,-4.777,0.06718,2.5,2,N,9,1,K714C,-0.3114,-0.231,0.2003,4,2,1,-0.175,-0.6087,-0.2455,-0.2166
714,K,D,-1.134,1.111,2.5,2,N,9,1,K714D,0.4295,0.42,0.1545,4,1,1,0.5359,0.5881,0.2899,0.3042
714,K,E,0.159,0.2018,6.5,2,N,9,1,K714E,1.397,1.428,0.06772,4,2,1,1.428,1.427,1.295,1.436
714,K,F,-2.996,2.758,3.5,2,N,9,1,K714F,-0.6039,-0.6075,0.03553,4,2,1,-0.6186,-0.642,-0.5585,-0.5964
714,K,G,-0.4274,0.2298,3.5,2,N,9,1,K714G,-0.6303,-0.6245,0.114,4,2,1,-0.6741,-0.7664,-0.5749,-0.5059
714,K,H,-0.5677,,1.5,1,N,9,1,K714H,0.149,0.1215,0.08233,4,5,1,0.1288,0.1142,0.08387,0.2693
714,K,I,-2.718,,0.5,1,N,9,1,K714I,0.2914,0.3242,0.08037,4,4,1,0.3166,0.3319,0.3451,0.1721
714,K,M,-1.832,0.3536,3.0,2,N,9,1,K714M,0.1812,0.1794,0.08147,4,3,1,0.192,0.08396,0.1668,0.2819
714,K,N,-0.9937,2.427,1.5,2,N,9,1,K714N,0.2196,0.2501,0.1143,4,3,1,0.2469,0.2534,0.3223,0.05601
714,K,P,-4.948,,1.0,1,N,9,1,K714P,-1.537,-1.609,0.1712,4,3,1,-1.649,-1.283,-1.592,-1.625
714,K,Q,-0.7046,1.887,2.0,2,N,9,1,K714Q,0.8164,0.8072,0.1738,4,1,1,0.644,0.9174,0.697,1.007
714,K,R,-0.5059,0.229,2.5,2,N,9,1,K714R,0.1427,0.1462,0.06635,4,2,1,0.1726,0.06246,0.2159,0.1198
714,K,S,0.1426,,1.5,1,N,9,1,K714S,-0.114,-0.1084,0.04751,4,3,1,-0.1066,-0.1772,-0.1103,-0.06194
714,K,T,-1.517,,1.5,1,N,9,1,K714T,-0.02836,-0.02434,0.02501,4,2,1,-0.02257,-0.06241,-0.002324,-0.02612
714,K,V,-1.134,0.5952,4.5,2,N,9,1,K714V,0.221,0.206,0.04932,4,1,1,0.2211,0.1909,0.1813,0.2904
714,K,W,-2.141,0.5317,3.5,2,N,9,1,K714W,-0.9831,-0.8805,0.3068,4,2,1,-0.8873,-1.432,-0.8738,-0.7391
714,K,Y,-1.759,0.9051,3.0,2,N,9,1,K714Y,-0.8186,-0.8223,0.03487,4,5,1,-0.8439,-0.8514,-0.8007,-0.7785
722,A,-,-0.04735,0.8524,1.5,2,A,9,1,A722-,0.02231,0.02559,0.01579,4,1,1,0.02414,0.0003143,0.03775,0.02703
722,A,C,-4.8,0.215,4.5,2,A,9,1,A722C,-0.9021,-1.155,0.6378,4,1,1,-1.246,0.0392,-1.337,-1.064
722,A,D,-4.402,0.5183,7.0,2,A,9,1,A722D,0.5582,0.5071,0.3841,4,2,1,1.066,0.5944,0.4199,0.1526
722,A,E,-4.146,0.6442,3.5,2,A,9,1,A722E,0.2577,0.2649,0.06169,4,1,1,0.3251,0.2701,0.1758,0.2597
722,A,G,0.4154,,1.0,1,A,9,1,A722G,-0.05572,-0.004705,0.1482,4,2,1,0.02308,0.05751,-0.03249,-0.271
722,A,H,-1.551,1.965,3.0,2,A,9,1,A722H,-1.272,-1.347,0.1937,4,2,1,-1.313,-0.987,-1.406,-1.38
722,A,I,-4.656,0.413,3.0,2,A,9,1,A722I,0.5216,0.4881,0.08164,4,2,1,0.4935,0.4828,0.4673,0.643
722,A,K,-2.223,0.6272,1.5,2,A,9,1,A722K,0.409,0.1672,0.6028,4,2,1,0.2081,1.304,0.1263,-0.002215
722,A,L,-2.932,2.828,1.0,2,A,9,1,A722L,-0.1152,-0.1197,0.03124,4,6,1,-0.1484,-0.1209,-0.1185,-0.07301
722,A,M,-1.586,0.3974,4.0,2,A,9,1,A722M,0.2254,0.2227,0.03334,4,3,1,0.2243,0.2211,0.1875,0.2688
722,A,N,-0.8623,,2.0,1,A,9,1,A722N,-0.5003,-0.6256,0.3374,4,2,1,-0.7278,-0.01594,-0.734,-0.5235
722,A,P,-0.8151,2.086,2.5,2,A,9,1,A722P,-0.3789,-0.3732,0.02213,4,2,1,-0.3802,-0.4096,-0.3661,-0.3598
722,A,Q,-2.062,0.6548,3.0,2,A,9,1,A722Q,-0.05183,-0.04658,0.06466,4,1,1,-0.06274,0.02008,-0.03042,-0.1343
722,A,R,-0.08945,0.383,4.5,2,A,9,1,A722R,-1.001,-1.147,0.3237,4,2,1,-1.138,-0.5166,-1.193,-1.156
722,A,S,-1.52,0.4589,7.5,2,A,9,1,A722S,-1.105,-1.105,0.257,4,4,1,-1.299,-0.8563,-1.353,-0.9116
722,A,T,-1.198,0.4264,10.5,2,A,9,1,A722T,-0.5214,-0.5386,0.04944,4,10,1,-0.5276,-0.5496,-0.5585,-0.4499
722,A,V,-3.418,0.8719,6.5,2,A,9,1,A722V,0.6139,0.6166,0.04976,4,6,1,0.6015,0.6318,0.5522,0.67
722,A,W,-1.635,0.3854,4.0,2,A,9,1,A722W,0.7258,0.7418,0.04475,4,1,1,0.7364,0.7472,0.6601,0.7593
753,I,-,-1.656,0.1584,1.5,2,I,9,1,I753-,0.09672,-0.006795,0.2269,4,1,1,-0.009639,-0.003952,0.4364,-0.03593
753,I,C,-4.881,0.09475,3.0,2,I,9,1,I753C,-0.008952,-0.0391,0.07523,4,1,1,-0.03778,0.1029,-0.06047,-0.04043
753,I,F,-3.677,1.846,1.5,2,I,9,1,I753F,-0.4714,-0.46,0.0295,4,4,1,-0.5144,-0.451,-0.4535,-0.4665
753,I,G,-4.827,0.2468,2.0,2,I,9,1,I753G,-1.409,-1.492,0.2564,4,1,1,-1.511,-1.035,-1.473,-1.615
753,I,K,-4.9,0.0792,4.0,2,I,9,1,I753K,1.857,1.985,0.9682,4,1,1,2.743,2.571,1.399,0.713
753,I,L,-1.215,1.529,4.5,2,I,9,1,I753L,0.1773,0.116,0.1508,4,3,1,0.1504,0.398,0.07907,0.08162
753,I,M,-2.261,0.2249,2.5,2,I,9,1,I753M,-0.5301,-0.5209,0.06088,4,4,1,-0.4666,-0.6118,-0.5318,-0.5099
753,I,P,-4.9,,1.0,1,I,9,1,I753P,-1.254,-1.282,0.1424,4,1,1,-1.299,-1.056,-1.266,-1.394
753,I,Q,-4.883,0.05869,4.0,2,I,9,1,I753Q,-1.646,-1.651,0.05114,4,1,1,-1.687,-1.692,-1.615,-1.59
753,I,R,-4.7,0.1867,2.0,2,I,9,1,I753R,-0.925,-0.8963,0.08015,4,1,1,-0.9045,-1.043,-0.8881,-0.8648
753,I,T,-4.889,0.0502,4.5,2,I,9,1,I753T,0.2605,0.2811,0.1286,4,5,1,0.2118,0.3784,0.3504,0.1016
753,I,V,-3.724,0.7283,4.0,2,I,9,1,I753V,-0.3306,-0.2953,0.1094,4,3,1,-0.3096,-0.4894,-0.2809,-0.2424
753,I,Y,-4.831,,1.5,1,I,9,1,I753Y,-1.225,-1.487,0.5444,4,3,1,-1.506,-0.4093,-1.518,-1.467
758,L,A,-0.4981,0.3609,1.5,2,L,9,1,L758A,0.2222,0.1766,0.1202,4,3,1,0.1927,0.1364,0.1605,0.399
758,L,C,-4.506,0.1725,2.5,2,L,9,1,L758C,-0.6675,-0.7183,0.153,4,1,1,-0.7835,-0.4501,-0.6714,-0.7651
758,L,E,-4.928,,0.5,1,L,9,1,L758E,-2.711,-2.842,0.4397,4,1,1,-2.923,-2.081,-2.76,-3.08
758,L,F,-0.5433,0.04073,3.5,2,L,9,1,L758F,0.2966,0.271,0.0877,4,1,1,0.2668,0.2211,0.2752,0.4232
758,L,G,-0.1388,,1.5,1,L,9,1,L758G,-1.957,-2.032,0.2321,4,1,1,-2.124,-1.635,-1.939,-2.129
758,L,H,-4.443,,0.5,1,L,9,1,L758H,-2.48,-2.649,0.4646,4,3,1,-2.795,-1.815,-2.503,-2.805
758,L,M,0.2963,0.2911,9.5,2,L,9,1,L758M,0.7163,0.7289,0.05865,4,8,1,0.726,0.7732,0.7317,0.6342
758,L,N,-3.721,0.9553,2.5,2,L,9,1,L758N,-2.359,-2.472,0.5272,4,1,1,-2.628,-1.64,-2.852,-2.315
758,L,P,-4.309,0.6032,3.5,2,L,9,1,L758P,1.267,1.332,0.2963,4,17,1,1.253,1.41,1.544,0.8598
758,L,Q,-4.246,0.8188,5.5,2,L,9,1,L758Q,-2.618,-2.816,0.55,4,2,1,-2.821,-3.034,-2.812,-1.808
758,L,R,-4.774,,2.0,1,L,9,1,L758R,-1.702,-2.164,1.06,4,4,1,-2.361,-0.1193,-2.184,-2.145
758,L,S,-3.994,0.01909,3.0,2,L,9,1,L758S,-1.781,-1.839,0.1824,4,2,1,-1.927,-1.519,-1.878,-1.801
758,L,T,-4.397,0.326,4.5,2,L,9,1,L758T,-0.4443,-0.4391,0.02918,4,1,1,-0.4825,-0.4164,-0.4506,-0.4277
758,L,V,-2.015,2.154,1.0,2,L,9,1,L758V,0.3433,0.3054,0.09951,4,4,1,0.3238,0.2734,0.2869,0.4891
758,L,W,-3.935,0.0495,2.5,2,L,9,1,L758W,1.631,1.632,0.0903,4,4,1,1.592,1.673,1.526,1.732
758,L,Y,-4.392,0.3323,2.0,2,L,9,1,L758Y,-0.6473,-0.8475,0.4123,4,3,1,-0.8523,-0.02906,-0.8427,-0.8651
763,S,A,-0.09236,0.1757,3.0,2,S,9,1,S763A,0.05394,0.0542,0.06156,4,2,1,0.07122,-0.01977,0.03718,0.1271
763,S,C,-4.506,0.4243,5.0,2,S,9,1,S763C,-2.02,-2.117,0.2704,4,1,1,-2.21,-1.636,-2.025,-2.209
763,S,D,-2.308,0.8973,2.0,2,S,9,1,S763D,-1.213,-1.203,0.03742,4,2,1,-1.266,-1.182,-1.194,-1.211
763,S,E,-4.394,0.5961,2.0,2,S,9,1,S763E,-0.9277,-0.9183,0.361,4,1,1,-0.9557,-0.4969,-0.8808,-1.378
763,S,F,0.307,0.4004,1.5,2,S,9,1,S763F,-1.215,-1.332,0.2882,4,3,1,-1.409,-0.7879,-1.306,-1.359
763,S,G,0.4798,0.3461,4.0,2,S,9,1,S763G,-0.1273,-0.1305,0.06418,4,3,1,-0.1968,-0.1014,-0.1597,-0.05112
763,S,H,-1.781,0.4384,2.5,2,S,9,1,S763H,-2.0,-2.166,0.3857,4,1,1,-2.241,-1.429,-2.105,-2.226
763,S,I,-2.968,1.657,11.0,2,S,9,1,S763I,0.4698,0.5307,0.1838,4,2,1,0.6158,0.5083,0.2022,0.5532
763,S,K,-4.598,,1.5,1,S,9,1,S763K,-0.1344,-0.1187,0.04403,4,1,1,-0.1093,-0.1281,-0.1019,-0.1984
763,S,L,-1.512,0.4794,3.5,2,S,9,1,S763L,-0.6728,-0.7049,0.07554,4,6,1,-0.7063,-0.5601,-0.7034,-0.7214
763,S,M,-1.694,1.283,3.5,2,S,9,1,S763M,0.4999,0.5575,0.2538,4,1,1,0.6919,0.7104,0.4232,0.174
763,S,N,-2.832,0.28,5.5,2,S,9,1,S763N,-1.044,-1.054,0.03413,4,2,1,-1.073,-0.9955,-1.047,-1.061
763,S,P,-4.794,0.09829,3.5,2,S,9,1,S763P,-0.48,-0.5074,0.1068,4,3,1,-0.525,-0.3289,-0.4897,-0.5762
763,S,T,0.5472,0.1716,2.5,2,S,9,1,S763T,-0.009594,-0.01072,0.02254,4,3,1,0.0001519,-0.0216,0.01686,-0.03379
763,S,V,-0.3272,0.04582,3.5,2,S,9,1,S763V,-0.735,-0.7039,0.09839,4,5,1,-0.7253,-0.8762,-0.6825,-0.6559
763,S,Y,-4.515,0.6788,3.0,2,S,9,1,S763Y,-0.2112,-0.224,0.1341,4,1,1,-0.3101,-0.05982,-0.3371,-0.1379
788,Q,*,-4.915,0.1301,5.0,2,Q,9,1,Q788*,-0.8045,-0.9599,0.5319,4,5,1,-0.9284,-0.03662,-1.261,-0.9914
788,Q,A,-0.3219,0.3211,5.0,2,Q,9,1,Q788A,0.9469,0.9518,0.05608,4,1,1,0.9463,1.01,0.8738,0.9573
788,Q,C,-1.07,0.5594,3.5,2,Q,9,1,Q788C,-1.17,-1.083,0.1954,4,4,1,-1.109,-1.46,-1.057,-1.053
788,Q,D,-2.048,0.5636,6.5,2,Q,9,1,Q788D,0.4348,0.4405,0.02888,4,3,1,0.3965,0.4293,0.4516,0.4616
788,Q,E,-0.6251,0.4165,2.5,2,Q,9,1,Q788E,0.6425,0.5873,0.3357,4,2,1,0.6405,1.098,0.5341,0.2975
788,Q,G,-1.855,0.5275,1.0,2,Q,9,1,Q788G,-0.4283,-0.4167,0.04848,4,2,1,-0.4903,-0.3898,-0.4436,-0.3897
788,Q,H,-0.7924,0.9978,3.0,2,Q,9,1,Q788H,-0.5268,-0.4661,0.172,4,13,1,-0.4722,-0.7798,-0.46,-0.3951
788,Q,I,-0.302,0.4537,6.0,2,Q,9,1,Q788I,-0.5971,-0.6601,0.1541,4,2,1,-0.6996,-0.3687,-0.6775,-0.6427
788,Q,K,-0.5459,1.513,4.5,2,Q,9,1,Q788K,-0.2442,-0.2562,0.141,4,4,1,-0.3702,-0.1538,-0.0943,-0.3586
788,Q,L,-0.6492,1.486,6.0,2,Q,9,1,Q788L,-0.1022,0.01138,0.2344,4,1,1,0.01609,-0.4536,0.02219,0.006663
788,Q,M,-0.0214,0.2703,3.0,2,Q,9,1,Q788M,0.4451,0.4498,0.06666,4,1,1,0.4777,0.5169,0.4219,0.364
788,Q,P,-4.287,0.9086,3.5,2,Q,9,1,Q788P,-1.519,-1.479,0.1318,4,1,1,-1.504,-1.708,-1.454,-1.409
788,Q,R,0.1854,0.2991,6.5,2,Q,9,1,Q788R,-1.083,-1.096,0.1548,4,3,1,-1.128,-1.064,-1.257,-0.8846
788,Q,S,-0.573,1.37,1.0,2,Q,9,1,Q788S,0.3536,0.3405,0.04556,4,1,1,0.3201,0.3181,0.4152,0.3608
788,Q,T,-1.248,0.5689,2.0,2,Q,9,1,Q788T,-0.401,-0.4152,0.03225,4,3,1,-0.4142,-0.4209,-0.3528,-0.4162
788,Q,V,-0.1238,0.7633,3.5,2,Q,9,1,Q788V,-0.291,-0.2826,0.05651,4,3,1,-0.3625,-0.2365,-0.3086,-0.2565
788,Q,Y,-0.4589,0.3665,3.0,2,Q,9,1,Q788Y,-0.4194,-0.4145,0.02402,4,1,1,-0.4521,-0.4212,-0.4079,-0.3965
818,Q,*,-3.564,1.587,2.0,2,Q,10,1,Q818*,-1.856,-1.815,0.3732,4,5,1,-1.828,-2.35,-1.803,-1.444
818,Q,A,-1.679,0.8096,4.0,2,Q,10,1,Q818A,-0.1769,-0.163,0.1025,4,3,1,-0.1994,-0.3092,-0.1266,-0.07225
818,Q,C,-0.964,0.3676,3.5,2,Q,10,1,Q818C,0.0414,0.03001,0.02446,4,2,1,0.03052,0.0295,0.02753,0.07805
818,Q,D,-0.7088,1.211,3.0,2,Q,10,1,Q818D,0.2932,0.2756,0.05632,4,5,1,0.2804,0.2708,0.2466,0.3749
818,Q,E,-0.0896,0.0331,4.5,2,Q,10,1,Q818E,0.1071,0.1039,0.01692,4,1,1,0.1088,0.0906,0.09901,0.1299
818,Q,F,-0.6068,0.4401,4.0,2,Q,10,1,Q818F,-0.7928,-0.7311,0.1742,4,6,1,-0.7562,-1.048,-0.706,-0.6613
818,Q,G,0.2515,0.5684,1.5,2,Q,10,1,Q818G,0.02214,0.01512,0.0488,4,7,1,0.03891,-0.008669,-0.02475,0.08309
818,Q,H,-0.09365,0.8253,12.0,2,Q,10,1,Q818H,-0.7319,-0.7121,0.1096,4,6,1,-0.7475,-0.8782,-0.6767,-0.6253
818,Q,I,-0.8778,0.5774,2.5,2,Q,10,1,Q818I,-0.01946,0.0009853,0.07415,4,1,1,0.003944,-0.1259,-0.001974,0.04613
818,Q,K,-0.4461,0.0705,11.5,2,Q,10,1,Q818K,-0.09494,-0.1027,0.02345,4,17,1,-0.0612,-0.1082,-0.1131,-0.09726
818,Q,L,-0.71,0.1759,3.5,2,Q,10,1,Q818L,-0.03922,-0.05372,0.04911,4,7,1,-0.03717,-0.07027,-0.07879,0.02934
818,Q,M,0.6882,0.1444,1.5,2,Q,10,1,Q818M,-0.6054,-0.5805,0.1178,4,4,1,-0.6133,-0.7664,-0.5477,-0.4943
818,Q,N,-0.5939,1.369,2.0,2,Q,10,1,Q818N,-0.536,-0.5605,0.2428,4,3,1,-0.53,-0.8052,-0.591,-0.2178
818,Q,P,-4.066,0.02263,4.5,2,Q,10,1,Q818P,-2.42,-2.432,0.1086,4,1,1,-2.463,-2.537,-2.4,-2.281
818,Q,R,-0.9358,0.5872,7.5,2,Q,10,1,Q818R,-1.081,-1.018,0.1691,4,9,1,-1.062,-1.325,-0.9745,-0.9607
818,Q,S,0.7214,0.04462,2.0,2,Q,10,1,Q818S,0.2894,0.3401,0.114,4,1,1,0.3353,0.119,0.3449,0.3584
818,Q,T,0.2552,0.05374,5.0,2,Q,10,1,Q818T,0.1742,0.1858,0.07623,4,2,1,0.2136,0.158,0.07491,0.2501
818,Q,V,0.0248,0.9545,4.0,2,Q,10,1,Q818V,-0.1225,-0.1245,0.03977,4,3,1,-0.1174,-0.1687,-0.1316,-0.0725
818,Q,W,-0.04865,1.133,2.0,2,Q,10,1,Q818W,-1.24,-1.031,0.4627,4,4,1,-1.091,-1.929,-0.9686,-0.9712
818,Q,Y,-0.5232,0.4454,4.0,2,Q,10,1,Q818Y,-0.7707,-0.736,0.1045,4,5,1,-0.7566,-0.9218,-0.7153,-0.6892
821,Q,*,-4.894,0.1039,5.5,2,Q,10,1,Q821*,0.9934,1.017,0.2738,4,2,1,1.152,0.8811,1.275,0.6652
821,Q,A,0.5689,0.2071,4.5,2,Q,10,1,Q821A,-0.8814,-0.7901,0.2065,4,1,1,-0.8156,-1.189,-0.7568,-0.7645
821,Q,C,-0.0525,0.3915,4.5,2,Q,10,1,Q821C,-0.797,-0.8756,0.1602,4,4,1,-0.8782,-0.5568,-0.873,-0.88
821,Q,D,0.5776,0.1911,4.0,2,Q,10,1,Q821D,0.5884,0.5603,0.08225,4,3,1,0.5451,0.5756,0.5251,0.7077
821,Q,F,0.3948,0.5529,5.0,2,Q,10,1,Q821F,0.3948,0.3952,0.04889,4,2,1,0.3847,0.4057,0.3354,0.4533
821,Q,G,0.4776,0.4944,6.5,2,Q,10,1,Q821G,0.03988,0.01841,0.05775,4,5,1,0.02446,0.01236,-0.002252,0.1249
821,Q,H,-0.2601,1.374,5.5,2,Q,10,1,Q821H,0.2828,0.2553,0.06167,4,10,1,0.2455,0.2553,0.2553,0.375
821,Q,I,-1.526,1.61,1.5,2,Q,10,1,Q821I,-0.4342,-0.5668,0.3465,4,1,1,-0.5647,0.07903,-0.6824,-0.5689
821,Q,K,-0.06989,0.1764,12.5,2,Q,10,1,Q821K,-0.1201,-0.1391,0.1386,4,3,1,-0.2398,0.03766,-0.233,-0.04508
821,Q,L,0.1315,0.125,7.0,2,Q,10,1,Q821L,0.04971,0.04131,0.02747,4,3,1,0.03722,0.0454,0.0269,0.08931
821,Q,M,-0.2315,0.2709,6.5,2,Q,10,1,Q821M,-0.0334,-0.03368,0.03077,4,6,1,0.003587,-0.06981,-0.04225,-0.02511
821,Q,P,-4.025,0.8499,4.5,2,Q,10,1,Q821P,0.9076,0.8933,0.4151,4,4,1,0.988,1.421,0.7987,0.4229
821,Q,R,-0.9017,1.013,7.0,2,Q,10,1,Q821R,-0.4471,-0.4373,0.06208,4,2,1,-0.4468,-0.5311,-0.4278,-0.3828
821,Q,S,0.6395,,0.5,1,Q,10,1,Q821S,-0.3012,-0.2927,0.07808,4,1,1,-0.2973,-0.4045,-0.2882,-0.215
821,Q,T,0.3345,0.09702,4.0,2,Q,10,1,Q821T,-0.3908,-0.3703,0.08773,4,4,1,-0.3777,-0.5145,-0.3628,-0.3081
821,Q,V,0.7868,0.0408,2.5,2,Q,10,1,Q821V,-0.1833,-0.1864,0.04757,4,1,1,-0.1921,-0.238,-0.1807,-0.1224
821,Q,W,-0.2439,0.2554,5.0,2,Q,10,1,Q821W,-0.08429,-0.08993,0.04465,4,4,1,-0.09432,-0.1326,-0.08554,-0.02472
825,T,A,-2.47,1.532,2.5,2,T,10,1,T825A,-0.6346,-0.5604,0.1993,4,5,1,-0.5753,-0.9287,-0.5456,-0.4889
825,T,C,-0.7606,0.5069,2.0,2,T,10,1,T825C,-0.2588,-0.2431,0.09203,4,2,1,-0.3796,-0.1695,-0.2773,-0.2089
825,T,D,-0.4411,0.05798,5.0,2,T,10,1,T825D,0.1591,0.1295,0.1343,4,2,1,0.1459,0.03054,0.1131,0.3469
825,T,E,-4.375,0.6958,7.5,2,T,10,1,T825E,0.9002,0.8839,0.0422,4,1,1,0.8814,0.8703,0.8864,0.9627
825,T,F,-4.309,0.5127,2.0,2,T,10,1,T825F,-0.1932,-0.181,0.1058,4,2,1,-0.1688,-0.3333,-0.1932,-0.07765
825,T,G,0.4957,0.3174,4.5,2,T,10,1,T825G,-0.8738,-0.8135,0.1934,4,3,1,-0.7921,-1.154,-0.7141,-0.8348
825,T,I,-4.933,0.09758,12.5,2,T,10,1,T825I,-0.8909,-0.76,0.2872,4,8,1,-0.7887,-1.319,-0.7242,-0.7313
825,T,K,-4.337,0.8966,3.5,2,T,10,1,T825K,-1.304,-1.196,0.3808,4,9,1,-1.191,-1.853,-1.2,-0.973
825,T,L,-2.695,0.2729,3.5,2,T,10,1,T825L,-1.044,-0.9948,0.1348,4,1,1,-1.008,-1.243,-0.9813,-0.9449
825,T,M,-2.305,0.8697,4.0,2,T,10,1,T825M,-0.7803,-0.7472,0.1117,4,1,1,-0.7631,-0.9409,-0.7314,-0.6859
825,T,N,-0.2091,0.8914,5.0,2,T,10,1,T825N,-1.321,-1.268,0.1662,4,4,1,-1.32,-1.556,-1.192,-1.216
825,T,P,-2.742,0.1039,3.5,2,T,10,1,T825P,-0.1147,-0.1215,0.03405,4,1,1,-0.1296,-0.1476,-0.1134,-0.0681
825,T,Q,-3.721,1.427,5.0,2,T,10,1,T825Q,-0.7074,-0.6623,0.1525,4,2,1,-0.6698,-0.928,-0.6548,-0.5771
825,T,R,-3.141,2.527,2.0,2,T,10,1,T825R,-0.3828,-0.3555,0.165,4,5,1,-0.3613,-0.6083,-0.3498,-0.2118
825,T,V,-4.796,0.0601,5.0,2,T,10,1,T825V,-0.1343,-0.1222,0.03796,4,1,1,-0.1109,-0.1881,-0.1047,-0.1335
825,T,W,-4.604,0.01768,3.5,2,T,10,1,T825W,0.2976,0.2985,0.02095,4,4,1,0.2752,0.2847,0.3123,0.3183
825,T,Y,-1.875,0.5579,1.0,2,T,10,1,T825Y,-0.306,-0.2838,0.09295,4,3,1,-0.2971,-0.4367,-0.2706,-0.2195
842,N,A,0.8043,,3.5,1,N,10,1,N842A,-0.3988,-0.3823,0.0932,4,3,1,-0.3891,-0.5268,-0.3755,-0.3038
842,N,D,-0.9415,1.259,7.0,2,N,10,1,N842D,-0.7713,-0.7098,0.1537,4,1,1,-0.7299,-0.9985,-0.6896,-0.667
842,N,E,-0.2454,,2.5,1,N,10,1,N842E,-0.6141,-0.5857,0.08376,4,5,1,-0.5727,-0.736,-0.5987,-0.5491
842,N,G,-1.34,,3.5,1,N,10,1,N842G,-0.3038,-0.3046,0.04683,4,3,1,-0.3107,-0.36,-0.2986,-0.246
842,N,K,-0.3582,1.039,2.0,2,N,10,1,N842K,0.3466,0.3274,0.04667,4,12,1,0.3306,0.4161,0.3157,0.3242
842,N,L,-0.7316,0.4064,4.0,2,N,10,1,N842L,-0.6351,-0.6112,0.0832,4,1,1,-0.6142,-0.755,-0.6082,-0.5629
842,N,M,-0.3255,1.534,1.5,2,N,10,1,N842M,0.1177,0.01144,0.2272,4,1,1,-0.009957,0.4578,0.02434,-0.001463
842,N,P,-4.926,0.09263,4.5,2,N,10,1,N842P,-1.074,-1.097,0.7448,4,1,1,-1.59,-0.2832,-1.817,-0.6045
842,N,Q,0.08631,0.2045,1.5,2,N,10,1,N842Q,0.09364,0.08064,0.07573,4,4,1,0.09028,0.071,0.01623,0.197
842,N,R,0.756,0.07729,2.0,2,N,10,1,N842R,0.4191,0.425,0.06318,4,5,1,0.4276,0.4224,0.3363,0.49
842,N,S,0.2409,0.7443,3.5,2,N,10,1,N842S,0.2851,0.2954,0.05451,4,5,1,0.3087,0.282,0.211,0.3386
842,N,T,-0.2275,0.7682,1.5,2,N,10,1,N842T,-0.5308,-0.5105,0.1008,4,1,1,-0.5249,-0.6703,-0.4962,-0.4318
842,N,V,0.09115,0.2771,4.0,2,N,10,1,N842V,-0.7542,-0.7008,0.1697,4,1,1,-0.7162,-1.001,-0.6855,-0.6145
842,N,W,-1.146,0.215,1.5,2,N,10,1,N842W,-2.859,-2.938,0.3151,4,4,1,-3.063,-2.432,-2.813,-3.126
842,N,Y,-0.1743,0.117,5.0,2,N,10,1,N842Y,-1.165,-1.153,0.03986,4,4,1,-1.223,-1.152,-1.154,-1.132
844,L,C,-4.895,0.08627,5.0,2,L,10,1,L844C,-0.3288,-0.3406,0.3104,4,1,1,-0.6129,-0.02114,-0.5786,-0.1026
844,L,E,-4.902,0.128,3.0,2,L,10,1,L844E,-0.6177,-0.6086,0.4257,4,2,1,-0.7971,-0.1408,-0.4201,-1.113
844,L,F,-4.407,0.6173,5.0,2,L,10,1,L844F,-0.07905,-0.1315,0.1235,4,3,1,-0.1116,0.1037,-0.1514,-0.1569
844,L,I,0.2347,0.4642,4.0,2,L,10,1,L844I,-0.5137,-0.517,0.02064,4,2,1,-0.5197,-0.4858,-0.5352,-0.5142
844,L,K,-4.716,0.3033,2.0,2,L,10,1,L844K,0.1341,0.03747,0.263,4,3,1,0.04369,0.5223,0.03124,-0.06073
844,L,M,-1.402,0.2128,13.0,2,L,10,1,L844M,1.129,1.34,0.4871,4,3,1,1.281,1.4,1.43,0.4048
844,L,P,-4.88,0.06718,2.5,2,L,10,1,L844P,-0.7148,-0.6768,0.1153,4,4,1,-0.6964,-0.6238,-0.882,-0.6571
844,L,R,-3.949,0.02475,3.0,2,L,10,1,L844R,-1.566,-1.721,0.3564,4,1,1,-1.789,-1.035,-1.701,-1.741
844,L,S,-4.899,0.07566,2.5,2,L,10,1,L844S,0.4285,0.4318,0.08006,4,1,1,0.5124,0.3874,0.4762,0.3378
844,L,T,-4.909,0.09829,6.0,2,L,10,1,L844T,0.3277,0.4155,0.1883,4,1,1,0.4339,0.04602,0.429,0.402
844,L,V,-0.3022,0.14,2.0,2,L,10,1,L844V,-1.276,-1.242,0.1188,4,3,1,-1.287,-1.44,-1.18,-1.198
850,Q,*,-4.049,1.078,3.0,2,Q,10,1,Q850*,-0.3241,-0.333,0.1799,4,3,1,-0.4027,-0.5238,-0.1065,-0.2633
850,Q,A,-1.958,0.0502,3.5,2,Q,10,1,Q850A,-0.689,-0.7471,0.1916,4,3,1,-0.7317,-0.4117,-0.7625,-0.8501
850,Q,C,-3.749,0.1584,3.0,2,Q,10,1,Q850C,0.1608,0.1595,0.05727,4,2,1,0.1515,0.09245,0.1676,0.2318
850,Q,D,-4.968,,2.5,1,Q,10,1,Q850D,0.005462,-0.0004726,0.01814,4,1,1,0.005684,-0.006629,-0.00823,0.03102
850,Q,E,-2.446,0.2121,5.0,2,Q,10,1,Q850E,-1.692,-1.671,0.05071,4,1,1,-1.768,-1.661,-1.678,-1.663
850,Q,G,-4.145,0.7156,6.0,2,Q,10,1,Q850G,1.94,2.073,1.063,4,1,1,2.757,2.898,1.39,0.7147
850,Q,H,-2.268,0.9843,16.0,2,Q,10,1,Q850H,0.4316,0.4238,0.05833,4,14,1,0.4169,0.5098,0.3693,0.4307
850,Q,I,-1.121,2.478,2.0,2,Q,10,1,Q850I,1.431,1.497,0.2085,4,2,1,1.441,1.595,1.134,1.554
850,Q,K,-0.9734,0.00792,8.5,2,Q,10,1,Q850K,0.3355,0.3343,0.09952,4,5,1,0.3148,0.4569,0.2163,0.3539
850,Q,L,-1.364,1.097,4.0,2,Q,10,1,Q850L,-0.9314,-0.8809,0.1285,4,2,1,-0.9138,-1.118,-0.848,-0.8456
850,Q,M,0.1047,0.04184,3.5,2,Q,10,1,Q850M,-1.336,-1.494,0.4276,4,2,1,-1.608,-0.719,-1.639,-1.379
850,Q,P,-4.452,0.5013,3.0,2,Q,10,1,Q850P,-0.3548,-0.3969,0.1719,4,3,1,-0.4127,-0.1114,-0.3812,-0.514
850,Q,R,-3.006,1.241,7.0,2,Q,10,1,Q850R,0.04805,-0.07569,0.4196,4,2,1,-0.1473,0.6497,-0.3061,-0.004059
850,Q,S,-0.2271,0.9088,3.0,2,Q,10,1,Q850S,0.8905,0.8533,0.2192,4,4,1,0.8899,1.188,0.8167,0.6669
850,Q,T,-1.381,1.061,4.5,2,Q,10,1,Q850T,-0.3494,-0.3767,0.07033,4,2,1,-0.3977,-0.2466,-0.3617,-0.3916
850,Q,V,-0.5355,,0.5,1,Q,10,1,Q850V,1.128,1.13,0.05362,4,5,1,1.097,1.183,1.069,1.163
850,Q,W,-3.578,1.896,5.5,2,Q,10,1,Q850W,-1.824,-1.781,0.1659,4,2,1,-1.821,-2.057,-1.742,-1.677
853,Q,*,-2.982,2.851,2.5,2,Q,10,1,Q853*,-0.4872,-0.5051,0.06335,4,4,1,-0.5421,-0.4945,-0.3968,-0.5156
853,Q,A,-1.264,1.317,4.0,2,Q,10,1,Q853A,0.4889,0.4862,0.01516,4,5,1,0.4955,0.5071,0.4759,0.4769
853,Q,C,0.3082,0.1985,2.5,2,Q,10,1,Q853C,-2.484,-2.478,0.1583,4,4,1,-2.574,-2.382,-2.658,-2.322
853,Q,D,-4.275,0.1619,4.0,2,Q,10,1,Q853D,-0.6333,-0.5979,0.1315,4,4,1,-0.6295,-0.8186,-0.5663,-0.519
853,Q,E,-1.371,1.474,3.5,2,Q,10,1,Q853E,0.4223,0.4242,0.06121,4,3,1,0.3863,0.4849,0.3557,0.4622
853,Q,F,0.246,,2.0,1,Q,10,1,Q853F,-2.185,-2.111,0.2335,4,5,1,-2.144,-2.523,-2.078,-1.995
853,Q,G,-3.852,0.9178,3.5,2,Q,10,1,Q853G,-1.743,-1.701,0.1322,4,4,1,-1.739,-1.931,-1.663,-1.639
853,Q,H,0.2033,0.6198,10.0,2,Q,10,1,Q853H,-0.8177,-0.77,0.1217,4,10,1,-0.7323,-0.9983,-0.7681,-0.772
853,Q,K,-2.52,2.805,3.5,2,Q,10,1,Q853K,-0.4971,-0.577,0.2085,4,4,1,-0.5201,-0.6338,-0.1953,-0.639
853,Q,L,-0.1546,0.8181,3.0,2,Q,10,1,Q853L,-0.8476,-0.8091,0.1156,4,6,1,-0.8266,-1.016,-0.7567,-0.7915
853,Q,M,0.5362,0.2291,4.0,2,Q,10,1,Q853M,-1.395,-1.244,0.3497,4,3,1,-1.294,-1.914,-1.177,-1.195
853,Q,N,-1.589,,0.5,1,Q,10,1,Q853N,-0.9323,-0.8001,0.3017,4,5,1,-0.8255,-1.382,-0.7748,-0.7468
853,Q,P,-4.821,0.186,6.5,2,Q,10,1,Q853P,1.342,1.369,0.1777,4,2,1,1.385,1.352,1.529,1.102
853,Q,R,-0.4178,1.26,2.5,2,Q,10,1,Q853R,0.2752,0.2804,0.03007,4,18,1,0.2668,0.3034,0.2941,0.2366
853,Q,S,-0.3311,0.1051,4.0,2,Q,10,1,Q853S,-1.21,-1.212,0.0418,4,6,1,-1.247,-1.168,-1.245,-1.18
853,Q,T,-4.524,0.5834,7.0,2,Q,10,1,Q853T,-0.1245,-0.09122,0.07335,4,3,1,-0.0926,-0.08125,-0.08985,-0.2343
853,Q,W,-2.182,0.7043,3.0,2,Q,10,1,Q853W,0.382,0.3615,0.108,4,3,1,0.3882,0.5288,0.2762,0.3347
862,I,A,-4.684,0.3748,5.0,2,I,10,1,I862A,0.342,0.4018,0.1957,4,1,1,0.3895,0.5061,0.4141,0.05817
862,I,C,-4.848,0.01061,8.0,2,I,10,1,I862C,0.04456,0.02928,0.05697,4,2,1,0.02214,0.1258,0.03642,-0.00612
862,I,D,-4.577,0.495,3.5,2,I,10,1,I862D,-0.3802,-0.3525,0.1324,4,1,1,-0.5542,-0.2617,-0.2946,-0.4105
862,I,G,-4.882,0.09405,2.5,2,I,10,1,I862G,0.1382,0.1053,0.1149,4,3,1,0.1513,0.2957,0.05933,0.04658
862,I,K,-4.907,0.0594,3.5,2,I,10,1,I862K,-0.1196,-0.1356,0.05571,4,1,1,-0.1478,-0.04049,-0.1669,-0.1233
862,I,L,-4.897,0.1138,2.0,2,I,10,1,I862L,1.415,1.408,0.1871,4,1,1,1.408,1.65,1.192,1.408
862,I,M,-4.816,0.1407,4.5,2,I,10,1,I862M,-0.062,-0.07634,0.09694,4,3,1,-0.09782,0.06734,-0.05487,-0.1626
862,I,N,-4.932,0.1089,4.5,2,I,10,1,I862N,-1.666,-1.676,0.1011,4,1,1,-1.779,-1.535,-1.659,-1.693
862,I,P,-3.466,,2.0,1,I,10,1,I862P,0.7803,0.7731,0.1608,4,2,1,0.7932,0.753,0.9832,0.5919
862,I,S,-4.803,0.1336,4.0,2,I,10,1,I862S,-1.403,-1.435,0.1212,4,1,1,-1.513,-1.23,-1.429,-1.441
862,I,T,-4.908,0.0891,6.5,2,I,10,1,I862T,-0.2516,-0.1208,0.3222,4,5,1,-0.03395,-0.1231,-0.1184,-0.7309
862,I,V,-0.04545,0.4567,3.0,2,I,10,1,I862V,-0.4905,-0.4744,0.08366,4,5,1,-0.6062,-0.4819,-0.4669,-0.407
862,I,W,-4.891,0.07707,2.5,2,I,10,1,I862W,-0.2718,-0.3339,0.1556,4,2,1,-0.3746,-0.3721,-0.2957,-0.045
867,D,-,-0.2574,0.8624,2.5,2,D,10,1,D867-,-0.02211,-0.08746,0.1641,4,1,1,-0.0844,0.2217,-0.09051,-0.1352
867,D,A,-3.982,1.23,1.5,2,D,10,1,D867A,-0.07703,-0.001631,0.1902,4,2,1,-0.01021,0.006945,-0.3593,0.05447
867,D,E,-1.571,0.1973,3.5,2,D,10,1,D867E,0.5206,0.5042,0.05218,4,6,1,0.4885,0.4795,0.5198,0.5944
867,D,F,-4.811,0.1612,1.5,2,D,10,1,D867F,-0.01968,-0.03854,0.07048,4,1,1,-0.03798,0.08127,-0.03911,-0.08292
867,D,G,-4.893,0.08344,7.5,2,D,10,1,D867G,-0.6306,-0.6047,0.2508,4,2,1,-0.3518,-0.9613,-0.6155,-0.5939
867,D,K,-4.894,,3.5,1,D,10,1,D867K,-0.2693,-0.3218,0.2774,4,1,1,-0.2373,0.1037,-0.4062,-0.5374
867,D,L,-4.905,0.06859,5.5,2,D,10,1,D867L,-0.004058,-0.007234,0.03281,4,2,1,-0.00598,0.03903,-0.008489,-0.04079
867,D,M,-4.897,0.05869,2.0,2,D,10,1,D867M,0.02276,0.02351,0.05149,4,1,1,0.0312,-0.04058,0.08459,0.01582
867,D,N,-4.354,0.8492,9.0,2,D,10,1,D867N,-0.3094,-0.3255,0.181,4,4,1,-0.302,-0.074,-0.3491,-0.5124
867,D,P,-4.908,0.09475,6.0,2,D,10,1,D867P,0.4611,0.3909,0.4122,4,4,1,0.5497,1.0,0.232,0.06238
867,D,V,-4.901,0.14,2.0,2,D,10,1,D867V,-0.04208,-0.052,0.06646,4,1,1,-0.05016,0.04799,-0.05385,-0.1123
867,D,W,-4.938,0.09829,4.5,2,D,10,1,D867W,-2.03,-2.323,0.6333,4,2,1,-2.377,-1.084,-2.269,-2.391
867,D,Y,-4.901,0.1428,21.0,2,D,10,1,D867Y,-0.2198,-0.1616,0.1704,4,8,1,-0.1235,-0.1997,-0.08999,-0.466
873,Q,-,-1.091,0.3157,2.5,2,Q,10,1,Q873-,0.04728,0.03116,0.04842,4,1,1,0.04959,0.01274,0.01185,0.115
873,Q,A,0.4586,0.003536,3.5,2,Q,10,1,Q873A,-0.9172,-0.8434,0.1673,4,3,1,-0.8689,-1.166,-0.8166,-0.8178
873,Q,C,-1.658,0.1584,2.0,2,Q,10,1,Q873C,-1.33,-1.389,0.1667,4,5,1,-1.458,-1.085,-1.387,-1.39
873,Q,D,-0.2048,0.5424,3.0,2,Q,10,1,Q873D,-1.42,-1.229,0.4648,4,2,1,-1.248,-2.112,-1.21,-1.11
873,Q,F,-3.752,0.227,2.5,2,Q,10,1,Q873F,-1.102,-1.127,0.08182,4,7,1,-1.171,-0.9837,-1.132,-1.123
873,Q,G,-3.189,0.1945,3.0,2,Q,10,1,Q873G,-1.374,-1.319,0.1568,4,2,1,-1.359,-1.6,-1.259,-1.278
873,Q,H,-0.06355,0.4283,15.0,2,Q,10,1,Q873H,-2.243,-2.318,0.2813,4,1,1,-2.439,-1.863,-2.472,-2.197
873,Q,I,-2.315,0.1386,5.0,2,Q,10,1,Q873I,0.2697,0.2518,0.05393,4,2,1,0.2606,0.2271,0.3479,0.243
873,Q,K,-0.2678,1.421,10.5,2,Q,10,1,Q873K,-1.836,-1.809,0.1801,4,18,1,-1.802,-2.08,-1.646,-1.816
873,Q,L,-1.415,1.935,4.5,2,Q,10,1,Q873L,0.5218,0.512,0.1628,4,5,1,0.5464,0.7275,0.3357,0.4776
873,Q,M,-2.276,0.6442,5.5,2,Q,10,1,Q873M,0.6071,0.6152,0.1195,4,2,1,0.5518,0.4675,0.7303,0.6786
873,Q,R,-2.34,0.6286,9.5,2,Q,10,1,Q873R,-2.162,-1.707,1.039,4,4,1,-1.827,-3.708,-1.586,-1.526
873,Q,S,-0.4695,,0.5,1,Q,10,1,Q873S,-0.3447,-0.3451,0.01847,4,4,1,-0.341,-0.3492,-0.3664,-0.322
873,Q,V,-0.5045,,1.0,1,Q,10,1,Q873V,-0.8266,-0.7719,0.1527,4,4,1,-0.7936,-1.05,-0.7503,-0.7123
873,Q,W,-4.768,0.07778,5.5,2,Q,10,1,Q873W,-1.917,-2.038,0.2887,4,1,1,-2.1,-1.493,-1.977,-2.099
873,Q,Y,-0.8352,0.2768,9.0,2,Q,10,1,Q873Y,0.05596,0.04308,0.06749,4,3,1,0.03985,0.1494,-0.01173,0.0463
886,L,C,-4.902,0.07849,4.5,2,L,11,1,L886C,-1.049,-1.021,0.2637,4,1,1,-1.022,-0.7566,-1.02,-1.398
886,L,E,-4.912,0.1322,2.5,2,L,11,1,L886E,4.132,4.153,0.569,4,1,1,4.401,4.762,3.461,3.905
886,L,F,-4.832,0.1648,4.0,2,L,11,1,L886F,-2.582,-2.676,0.2835,4,1,1,-2.801,-2.174,-2.745,-2.606
886,L,G,-4.769,0.2927,4.0,2,L,11,1,L886G,-0.34,-0.329,0.0676,4,1,1,-0.3312,-0.4324,-0.3267,-0.2699
886,L,H,-4.913,0.06647,5.5,2,L,11,1,L886H,-0.3283,-0.26,0.1533,4,1,1,-0.2705,-0.5573,-0.2494,-0.2361
886,L,I,0.4476,,2.0,1,L,11,1,L886I,-1.021,-0.8904,0.2941,4,1,1,-0.9046,-1.461,-0.8762,-0.8436
886,L,K,-4.867,0.08627,2.5,2,L,11,1,L886K,-1.682,-1.802,0.2944,4,1,1,-1.834,-1.246,-1.77,-1.88
886,L,M,-4.712,0.3755,9.0,2,L,11,1,L886M,0.07729,0.08706,0.1309,4,6,1,0.0317,0.2173,0.1424,-0.08225
886,L,N,-4.906,0.1308,1.5,2,L,11,1,L886N,0.1725,0.1874,0.06661,4,1,1,0.2238,0.1509,0.2275,0.08775
886,L,P,-4.918,0.0792,8.0,2,L,11,1,L886P,-0.03236,-0.02954,0.01589,4,1,1,-0.05386,-0.03324,-0.01648,-0.02585
886,L,R,-4.926,,1.0,1,L,11,1,L886R,0.22,0.2375,0.1064,4,1,1,0.2327,0.2423,0.3304,0.07468
886,L,S,-4.876,0.0799,1.5,2,L,11,1,L886S,0.04715,0.04729,0.03765,4,1,1,0.005581,0.06754,0.02704,0.08843
886,L,T,-4.623,0.4865,5.0,2,L,11,1,L886T,-0.7289,-0.7919,0.1416,4,1,1,-0.8047,-0.5177,-0.779,-0.8143
886,L,V,-4.706,0.2178,4.5,2,L,11,1,L886V,0.1488,0.18,1.176,4,1,1,0.1871,1.557,0.1729,-1.322
886,L,W,-4.722,0.123,3.0,2,L,11,1,L886W,0.08181,0.07264,0.05301,4,1,1,0.03642,0.1455,0.03991,0.1054
898,T,-,0.1558,,0.5,1,T,11,1,T898-,-0.04096,-0.02586,0.03755,4,1,1,-0.03197,-0.01579,-0.01975,-0.09632
898,T,A,0.5258,0.1297,2.5,2,T,11,1,T898A,-0.3365,-0.3045,0.1201,4,3,1,-0.3175,-0.5079,-0.2915,-0.2292
898,T,C,-3.054,2.442,2.5,2,T,11,1,T898C,-0.03193,-0.02774,0.02095,4,4,1,-0.03105,-0.02444,-0.06086,-0.01137
898,T,D,0.7058,,2.0,1,T,11,1,T898D,-1.024,-0.8783,0.3786,4,6,1,-0.9021,-1.584,-0.8544,-0.7548
898,T,E,0.2735,0.6667,6.0,2,T,11,1,T898E,-1.863,-1.931,0.1628,4,1,1,-1.968,-1.934,-1.62,-1.929
898,T,F,-0.6815,0.2254,5.5,2,T,11,1,T898F,-1.261,-1.315,0.2813,4,1,1,-1.34,-0.8718,-1.541,-1.291
898,T,G,0.3915,0.2684,4.0,2,T,11,1,T898G,-2.386,-2.421,0.2297,4,3,1,-2.505,-2.087,-2.336,-2.614
898,T,H,0.7477,0.05006,4.0,2,T,11,1,T898H,-0.3477,-0.3021,0.1789,4,1,1,-0.3186,-0.1846,-0.2856,-0.6021
898,T,I,-1.633,1.084,9.5,2,T,11,1,T898I,-0.5461,-0.5337,0.09451,4,12,1,-0.5412,-0.6727,-0.5262,-0.4444
898,T,K,-1.142,0.4737,7.5,2,T,11,1,T898K,-0.8536,-0.8488,0.06153,4,4,1,-0.8452,-0.9334,-0.7834,-0.8524
898,T,L,-0.3759,0.3499,4.5,2,T,11,1,T898L,0.394,0.4036,0.02132,4,4,1,0.4067,0.4047,0.4026,0.3621
898,T,M,0.1407,0.07693,4.5,2,T,11,1,T898M,-0.08994,-0.09141,0.05105,4,6,1,-0.09267,-0.1509,-0.09016,-0.026
898,T,N,-0.8874,2.32,3.0,2,T,11,1,T898N,0.07491,0.07339,0.03227,4,2,1,0.07248,0.1159,0.07431,0.03698
898,T,P,-4.838,0.1711,2.5,2,T,11,1,T898P,-0.7914,-0.953,0.3489,4,3,1,-0.9908,-0.2689,-0.9463,-0.9598
898,T,Q,0.8419,,2.5,1,T,11,1,T898Q,1.231,1.239,0.04751,4,2,1,1.227,1.279,1.167,1.251
898,T,R,0.6609,0.2073,2.0,2,T,11,1,T898R,-2.727,-2.778,0.2591,4,4,1,-2.904,-2.394,-2.653,-2.959
898,T,S,0.7229,0.04497,3.0,2,T,11,1,T898S,-0.1315,-0.1274,0.04917,4,3,1,-0.1271,-0.1956,-0.1277,-0.07567
898,T,W,-0.4393,0.658,6.0,2,T,11,1,T898W,-2.061,-2.145,0.2594,4,2,1,-2.248,-1.701,-2.042,-2.253
904,R,-,0.3966,,0.5,1,R,11,1,R904-,-0.03584,-0.02555,0.02825,4,1,1,-0.03191,-0.01537,-0.0192,-0.07686
904,R,C,-4.883,0.09334,1.5,2,R,11,1,R904C,0.7213,0.807,0.2925,4,3,1,0.7368,0.9654,0.8772,0.306
904,R,F,-4.887,0.05586,4.0,2,R,11,1,R904F,-2.139,-2.269,0.328,4,1,1,-2.357,-1.661,-2.189,-2.349
904,R,G,-4.571,0.2242,5.5,2,R,11,1,R904G,0.7565,0.7692,0.03421,4,1,1,0.7597,0.7786,0.7071,0.7805
904,R,H,-3.325,0.3246,3.5,2,R,11,1,R904H,-0.3479,-0.3514,0.09743,4,15,1,-0.3675,-0.2262,-0.3353,-0.4625
904,R,I,-4.742,0.3359,4.5,2,R,11,1,R904I,-0.9968,-1.09,0.2091,4,3,1,-1.123,-0.684,-1.086,-1.094
904,R,K,-0.2024,0.2542,4.5,2,R,11,1,R904K,-0.163,-0.172,0.06694,4,1,1,-0.2257,-0.08242,-0.2098,-0.1342
904,R,L,-4.195,0.4455,15.5,2,R,11,1,R904L,-0.04209,-0.03139,0.08941,4,9,1,-0.008819,0.05329,-0.05397,-0.1589
904,R,P,-4.829,0.02051,3.5,2,R,11,1,R904P,1.819,1.822,0.0943,4,1,1,1.819,1.824,1.933,1.702
904,R,Q,-2.367,1.466,9.0,2,R,11,1,R904Q,-1.059,-1.232,0.3639,4,2,1,-1.243,-0.514,-1.259,-1.221
904,R,S,-0.3118,0.1809,2.0,2,R,11,1,R904S,-0.6269,-0.5686,0.1966,4,11,1,-0.6222,-0.4654,-0.515,-0.905
904,R,W,-3.49,0.7828,17.5,2,R,11,1,R904W,-1.603,-1.656,0.1645,4,1,1,-1.737,-1.363,-1.654,-1.658
908,Q,-,-0.5253,1.226,2.0,2,Q,11,1,Q908-,0.09863,0.1093,0.04676,4,2,1,0.1015,0.1427,0.117,0.03328
908,Q,A,0.4144,0.312,2.5,2,Q,11,1,Q908A,-0.03901,-0.06163,0.06841,4,1,1,-0.05351,0.06062,-0.09338,-0.06976
908,Q,C,-1.135,0.6102,5.0,2,Q,11,1,Q908C,-0.8067,-0.7256,0.2191,4,3,1,-0.7524,-1.129,-0.6988,-0.6468
908,Q,D,-0.3507,0.3687,2.5,2,Q,11,1,Q908D,0.4623,0.4346,0.124,4,1,1,0.4185,0.4506,0.3442,0.6358
908,Q,E,-0.1214,,0.5,1,Q,11,1,Q908E,0.596,0.5887,0.04082,4,2,1,0.5618,0.5627,0.6146,0.6447
908,Q,G,-0.4116,0.2879,6.5,2,Q,11,1,Q908G,-0.474,-0.4453,0.0885,4,4,1,-0.4711,-0.5998,-0.4196,-0.4054
908,Q,H,0.1192,0.2152,3.0,2,Q,11,1,Q908H,-0.6138,-0.5868,0.1317,4,16,1,-0.6239,-0.793,-0.5498,-0.4883
908,Q,I,-0.5155,1.259,4.5,2,Q,11,1,Q908I,-0.6309,-0.5556,0.2192,4,3,1,-0.5686,-0.9523,-0.5426,-0.4599
908,Q,K,-0.831,0.07651,9.0,2,Q,11,1,Q908K,-0.8372,-0.8007,0.1464,4,14,1,-0.8339,-1.042,-0.7675,-0.7052
908,Q,L,-0.3826,0.09298,2.5,2,Q,11,1,Q908L,-0.1503,-0.1438,0.03931,4,2,1,-0.1968,-0.1187,-0.1167,-0.169
908,Q,M,-1.006,0.1042,3.0,2,Q,11,1,Q908M,-0.1157,-0.1158,0.02986,4,1,1,-0.1222,-0.1517,-0.1094,-0.07967
908,Q,N,-0.875,1.243,6.0,2,Q,11,1,Q908N,-0.8776,-0.8251,0.1303,4,4,1,-0.8553,-1.068,-0.7948,-0.7921
908,Q,R,0.0352,0.7208,7.5,2,Q,11,1,Q908R,-0.7914,-0.7084,0.1847,4,5,1,-0.7131,-1.068,-0.7037,-0.6811
908,Q,S,-0.189,0.6438,2.5,2,Q,11,1,Q908S,-0.3807,-0.365,0.07689,4,1,1,-0.3566,-0.4875,-0.3735,-0.3053
908,Q,T,-2.357,1.765,2.0,2,Q,11,1,Q908T,-0.8904,-0.8091,0.2691,4,2,1,-0.8496,-1.278,-0.7687,-0.6654
908,Q,V,-0.4116,0.3492,6.5,2,Q,11,1,Q908V,-0.8482,-0.7146,0.2851,4,1,1,-0.7175,-1.275,-0.7116,-0.6882
908,Q,W,-0.2749,0.1643,3.5,2,Q,11,1,Q908W,-1.465,-1.384,0.208,4,2,1,-1.409,-1.772,-1.359,-1.321
908,Q,Y,0.08035,0.8272,1.5,2,Q,11,1,Q908Y,-0.6897,-0.6972,0.03051,4,3,1,-0.7179,-0.6464,-0.6994,-0.695
926,G,-,-1.942,0.1966,2.5,2,G,11,1,G926-,0.632,0.6683,0.1529,4,2,1,0.6445,0.6921,0.7742,0.4171
926,G,C,-4.586,0.3521,11.5,2,G,11,1,G926C,1.004,0.8234,0.8201,4,6,1,0.7678,0.879,2.155,0.2153
926,G,D,-0.2038,0.03224,13.0,2,G,11,1,G926D,-0.2932,-0.3611,0.1548,4,15,1,-0.3758,-0.06249,-0.3465,-0.3882
926,G,E,-3.204,1.18,2.5,2,G,11,1,G926E,-1.375,-1.477,0.2582,4,3,1,-1.541,-0.9988,-1.413,-1.546
926,G,K,-2.683,1.038,3.5,2,G,11,1,G926K,-1.009,-1.079,0.2141,4,1,1,-1.101,-0.6971,-1.056,-1.181
926,G,L,-3.004,2.729,1.0,2,G,11,1,G926L,-1.24,-1.159,0.1837,4,1,1,-1.176,-1.514,-1.142,-1.129
926,G,M,-3.189,0.2227,4.5,2,G,11,1,G926M,-1.218,-1.235,0.09591,4,3,1,-1.311,-1.089,-1.207,-1.264
926,G,P,-4.893,0.1011,3.5,2,G,11,1,G926P,1.966,1.933,0.4567,4,1,1,2.23,2.471,1.637,1.527
926,G,Q,-1.246,0.5052,3.5,2,G,11,1,G926Q,0.1243,0.01248,0.3528,4,2,1,0.0403,0.6373,-0.01533,-0.1651
926,G,R,-2.604,1.773,3.5,2,G,11,1,G926R,0.3057,0.3323,0.2373,4,1,1,0.3255,0.5671,0.3392,-0.009147
926,G,S,-0.7415,0.7078,7.0,2,G,11,1,G926S,0.1276,0.1362,0.03764,4,6,1,0.1195,0.153,0.07782,0.1602
926,G,V,-4.901,0.07354,6.0,2,G,11,1,G926V,-2.14,-2.22,0.336,4,1,1,-2.339,-1.683,-2.102,-2.438
926,G,W,-4.871,0.123,6.0,2,G,11,1,G926W,-0.0599,-0.05849,0.02911,4,1,1,-0.03834,-0.07865,-0.03197,-0.09066
926,G,Y,-2.842,0.5869,5.5,2,G,11,1,G926Y,-0.8251,-0.8613,0.4933,4,1,1,-1.139,-0.2549,-1.323,-0.5835
934,I,-,-0.2038,0.4131,4.0,2,I,11,1,I934-,0.1321,0.1386,0.04221,4,5,1,0.1289,0.07573,0.1483,0.1757
934,I,C,-4.834,0.06081,5.5,2,I,11,1,I934C,-0.7506,-1.002,0.5136,4,2,1,-1.0,0.01968,-1.005,-1.017
934,I,F,0.0269,0.2471,3.5,2,I,11,1,I934F,-0.4602,-0.431,0.1124,4,4,1,-0.4295,-0.6208,-0.4324,-0.3583
934,I,G,-4.869,0.1146,3.0,2,I,11,1,I934G,-0.704,-0.797,0.2391,4,1,1,-0.8147,-0.35,-0.7792,-0.8721
934,I,H,0.2159,0.7692,2.0,2,I,11,1,I934H,-1.96,-2.143,0.4449,4,1,1,-2.199,-1.301,-2.086,-2.254
934,I,K,-4.639,0.1393,3.5,2,I,11,1,I934K,-0.3425,-0.3456,0.1342,4,2,1,-0.3564,-0.1754,-0.3348,-0.5034
934,I,L,0.1518,0.01916,3.5,2,I,11,1,I934L,0.1583,0.1585,0.01464,4,3,1,0.1401,0.1585,0.1585,0.1759
934,I,N,-4.904,0.06293,4.0,2,I,11,1,I934N,0.06999,0.06383,0.05445,4,9,1,0.02514,0.1298,0.1025,0.02255
934,I,P,-4.899,0.08344,5.0,2,I,11,1,I934P,-1.331,-1.727,0.8814,4,1,1,-1.73,-0.01252,-1.725,-1.858
934,I,Q,-4.873,0.07354,4.0,2,I,11,1,I934Q,-1.037,-1.037,0.0308,4,2,1,-1.058,-1.069,-1.006,-1.017
934,I,R,-4.88,0.07071,4.0,2,I,11,1,I934R,-1.929,-1.983,0.1843,4,1,1,-1.996,-2.087,-1.969,-1.663
934,I,S,-4.88,0.08273,3.0,2,I,11,1,I934S,-1.792,-1.659,0.3383,4,3,1,-1.736,-2.286,-1.582,-1.563
934,I,T,-4.516,0.6343,5.0,2,I,11,1,I934T,-2.088,-2.062,0.1731,4,5,1,-2.098,-2.319,-2.026,-1.908
934,I,V,-0.8442,0.4721,7.5,2,I,11,1,I934V,-0.06167,-0.07221,0.043,4,5,1,-0.05224,-0.09217,-0.09754,-0.004732
934,I,W,0.5417,0.2913,5.5,2,I,11,1,I934W,1.24,1.209,0.2183,4,1,1,1.304,1.518,1.114,1.026
934,I,Y,0.5874,0.05013,3.0,2,I,11,1,I934Y,-1.909,-1.863,0.354,4,1,1,-2.37,-1.753,-1.973,-1.541
945,L,-,-0.711,0.2785,3.5,2,L,11,1,L945-,-0.3663,-0.415,0.1513,4,7,1,-0.472,-0.1553,-0.4798,-0.3581
945,L,D,-4.886,0.07425,3.0,2,L,11,1,L945D,1.449,1.279,0.6828,4,1,1,1.207,1.352,0.8199,2.416
945,L,E,-4.279,0.9857,5.0,2,L,11,1,L945E,-2.164,-2.284,0.3155,4,1,1,-2.377,-1.709,-2.19,-2.377
945,L,F,-0.6803,1.642,4.5,2,L,11,1,L945F,-0.02818,-0.02107,0.04683,4,4,1,-0.006538,-0.08986,-0.03559,0.01926
945,L,H,-4.813,,1.0,1,L,11,1,L945H,-0.5981,-0.498,0.2239,4,1,1,-0.4634,-0.9328,-0.4891,-0.507
945,L,I,-0.6825,0.6951,4.0,2,L,11,1,L945I,-0.3496,-0.3336,0.04875,4,5,1,-0.3103,-0.4208,-0.3339,-0.3333
945,L,K,-4.894,0.07707,3.5,2,L,11,1,L945K,-0.6305,-0.5997,0.5597,4,1,1,-0.9912,-0.1004,-1.222,-0.2082
945,L,M,-0.2889,0.178,8.5,2,L,11,1,L945M,0.08545,0.08299,0.02169,4,8,1,0.07323,0.06344,0.09275,0.1124
945,L,P,-4.922,0.07495,13.0,2,L,11,1,L945P,0.2765,0.2519,0.1251,4,3,1,0.2517,0.4503,0.2521,0.152
945,L,Q,-4.824,0.239,3.5,2,L,11,1,L945Q,-0.05039,-0.02498,0.09188,4,1,1,-0.04783,-0.002133,0.02837,-0.18
945,L,R,-4.886,0.06293,3.5,2,L,11,1,L945R,0.09544,0.07247,0.06753,4,2,1,0.05098,0.1914,0.04544,0.09396
945,L,S,-4.874,0.14,4.5,2,L,11,1,L945S,0.3723,0.3719,0.2633,4,1,1,0.2643,0.4796,0.6767,0.06879
945,L,V,-0.5286,1.023,3.5,2,L,11,1,L945V,0.2374,0.1691,0.3135,4,1,1,0.1878,0.6768,0.1504,-0.06537
945,L,Y,-4.635,0.4575,4.0,2,L,11,1,L945Y,-2.164,-2.284,0.3155,4,1,1,-2.377,-1.709,-2.19,-2.377
970,G,C,-3.103,0.6774,13.5,2,G,12,1,G970C,0.07095,0.02966,0.1018,4,5,1,0.03669,0.2222,0.02263,0.002305
970,G,D,-1.477,0.9103,8.5,2,G,12,1,G970D,-1.116,-0.9932,0.2563,4,1,1,-1.006,-1.5,-0.979,-0.9807
970,G,E,0.3897,0.4052,3.5,2,G,12,1,G970E,0.195,0.2029,0.1881,4,67,1,0.239,0.4144,0.1668,-0.04011
970,G,F,-0.4073,1.093,2.5,2,G,12,1,G970F,-0.01197,-0.02212,0.0681,4,1,1,-0.01939,0.08031,-0.02485,-0.08393
970,G,K,0.0958,0.3579,2.5,2,G,12,1,G970K,-0.8464,-1.074,0.4723,4,3,1,-1.1,-0.1384,-1.085,-1.062
970,G,M,-0.1037,0.3041,5.0,2,G,12,1,G970M,0.5438,0.5243,0.4044,4,1,1,0.5784,1.055,0.4702,0.07176
970,G,Q,0.16,0.1621,2.5,2,G,12,1,G970Q,1.086,1.227,0.5322,4,1,1,1.327,1.558,1.127,0.3328
970,G,R,-0.6273,1.905,3.0,2,G,12,1,G970R,0.05953,0.07254,0.1152,4,53,1,0.05503,0.1853,0.09005,-0.09226
970,G,T,-0.1893,0.1155,3.5,2,G,12,1,G970T,-1.635,-1.615,0.05203,4,1,1,-1.71,-1.6,-1.63,-1.599
970,G,V,-2.606,0.7198,8.0,2,G,12,1,G970V,0.3765,0.3586,0.1099,4,2,1,0.4168,0.5131,0.3003,0.2759
970,G,W,-1.44,1.138,3.0,2,G,12,1,G970W,-2.165,-2.285,0.316,4,1,1,-2.379,-1.71,-2.191,-2.379
1000,P,C,-2.248,0.7736,5.5,2,P,12,1,P1000C,-0.854,-0.7404,0.2669,4,5,1,-0.7702,-1.251,-0.7106,-0.6845
1000,P,E,-2.31,1.041,3.5,2,P,12,1,P1000E,0.5468,0.3788,0.4142,4,1,1,0.4088,1.162,0.2678,0.3487
1000,P,F,-3.836,1.42,3.0,2,P,12,1,P1000F,0.07202,0.06864,0.02182,4,4,1,0.08303,0.09742,0.05425,0.05341
1000,P,G,-1.057,0.5369,4.5,2,P,12,1,P1000G,-1.243,-1.286,0.1041,4,5,1,-1.287,-1.088,-1.284,-1.311
1000,P,H,-2.655,1.004,6.0,2,P,12,1,P1000H,-0.06962,-0.06336,0.1205,4,18,1,-0.1418,0.04887,0.01505,-0.2006
1000,P,I,-3.26,0.8598,2.5,2,P,12,1,P1000I,-0.1892,-0.1969,0.08149,4,5,1,-0.1792,-0.2791,-0.2146,-0.08385
1000,P,K,-1.059,0.8901,2.5,2,P,12,1,P1000K,-1.289,-1.444,0.3727,4,1,1,-1.495,-0.7361,-1.529,-1.394
1000,P,L,-3.348,0.2397,5.0,2,P,12,1,P1000L,-0.03395,-0.03428,0.006468,4,7,1,-0.02579,-0.03312,-0.04144,-0.03544
1000,P,N,-2.428,,1.5,1,P,12,1,P1000N,-1.046,-0.8932,0.3322,4,2,1,-0.9123,-1.543,-0.8555,-0.874
1000,P,R,-1.506,1.785,4.5,2,P,12,1,P1000R,0.1012,0.09613,0.06,4,1,1,0.03325,0.09419,0.09806,0.1795
1000,P,S,-1.232,0.4369,5.5,2,P,12,1,P1000S,-0.7608,-0.7933,0.1874,4,10,1,-0.8681,-0.5164,-0.9403,-0.7185
1000,P,T,-2.533,2.565,3.5,2,P,12,1,P1000T,0.005834,-0.009912,0.04111,4,5,1,-0.01453,0.0665,-0.005293,-0.02335
1000,P,V,-2.141,2.857,2.0,2,P,12,1,P1000V,0.4937,0.4862,0.06663,4,1,1,0.4975,0.5813,0.4749,0.421
1000,P,W,-1.342,0.08415,4.0,2,P,12,1,P1000W,-1.438,-1.37,0.1837,4,1,1,-1.392,-1.708,-1.349,-1.303
1016,V,-,-0.09825,0.8166,2.5,2,V,12,1,V1016-,0.09328,0.06774,0.09461,4,1,1,0.02173,0.0188,0.2189,0.1137
1016,V,A,0.1656,0.481,3.5,2,V,12,1,V1016A,0.2795,0.2746,0.02313,4,6,1,0.2806,0.2687,0.2574,0.3111
1016,V,C,0.2332,0.4944,3.5,2,V,12,1,V1016C,-0.1332,-0.1599,0.06102,4,2,1,-0.1599,-0.171,-0.16,-0.04202
1016,V,D,-0.3917,1.601,4.5,2,V,12,1,V1016D,-0.6754,-0.6125,0.2588,4,4,1,-0.6403,-1.041,-0.5847,-0.4352
1016,V,E,0.306,0.007283,4.0,2,V,12,1,V1016E,-1.048,-1.014,0.1498,4,2,1,-1.071,-1.25,-0.9573,-0.915
1016,V,F,-0.2643,0.1879,4.5,2,V,12,1,V1016F,0.1237,0.115,0.0412,4,7,1,0.1259,0.08466,0.104,0.1801
1016,V,G,-0.8307,2.119,5.5,2,V,12,1,V1016G,1.282,1.205,0.5776,4,1,1,1.287,1.122,0.6645,2.053
1016,V,I,-1.109,2.057,3.0,2,V,12,1,V1016I,-0.2689,-0.2607,0.05714,4,6,1,-0.2852,-0.3416,-0.2362,-0.2125
1016,V,L,0.33,0.607,7.5,2,V,12,1,V1016L,0.6233,0.6204,0.1468,4,2,1,0.654,0.5868,0.4496,0.8026
1016,V,M,0.4751,0.2821,3.0,2,V,12,1,V1016M,0.04531,0.04257,0.03105,4,1,1,0.03161,0.01182,0.05353,0.08425
1016,V,N,0.3398,,2.0,1,V,12,1,V1016N,-1.104,-1.156,0.1824,4,2,1,-1.24,-0.8582,-1.246,-1.073
1016,V,P,-1.35,0.584,1.5,2,V,12,1,V1016P,0.4832,0.4732,0.03396,4,1,1,0.4765,0.4699,0.5322,0.4542
1016,V,R,0.787,,1.0,1,V,12,1,V1016R,-0.2001,-0.2049,0.07165,4,3,1,-0.2162,-0.2821,-0.1935,-0.1085
1016,V,S,0.316,0.004172,3.5,2,V,12,1,V1016S,-0.1244,-0.1176,0.05058,4,2,1,-0.1255,-0.1918,-0.1096,-0.0705
1016,V,T,-1.378,2.167,3.0,2,V,12,1,V1016T,-0.1087,-0.1075,0.03291,4,3,1,-0.1033,-0.06986,-0.1499,-0.1118
1016,V,W,0.322,0.3282,5.5,2,V,12,1,V1016W,-0.1647,-0.1667,0.06255,4,4,1,-0.1463,-0.2365,-0.1871,-0.08896
1040,L,-,0.4676,,0.5,1,L,12,1,L1040-,0.1755,0.1729,0.02845,4,1,1,0.1589,0.1464,0.2098,0.1869
1040,L,C,-2.767,,1.5,1,L,12,1,L1040C,0.007474,-0.017,0.07177,4,1,1,-0.01952,0.1127,-0.01448,-0.04881
1040,L,D,-1.051,1.383,4.0,2,L,12,1,L1040D,0.0349,0.05386,0.06856,4,1,1,0.0202,-0.05617,0.08752,0.08806
1040,L,E,-1.295,0.4181,4.5,2,L,12,1,L1040E,0.08141,0.04539,0.0806,4,2,1,0.05259,0.03319,0.03818,0.2017
1040,L,F,-1.592,1.797,2.5,2,L,12,1,L1040F,-0.06935,-0.08243,0.04308,4,2,1,-0.07959,-0.1056,-0.08526,-0.006935
1040,L,G,-1.419,1.102,1.5,2,L,12,1,L1040G,-0.1179,-0.1076,0.0577,4,5,1,-0.1306,-0.1934,-0.06295,-0.08466
1040,L,H,-1.428,0.4921,3.0,2,L,12,1,L1040H,-0.4576,-0.4908,0.1482,4,3,1,-0.5379,-0.4437,-0.5931,-0.2555
1040,L,I,-0.0152,1.177,3.5,2,L,12,1,L1040I,0.0498,0.04745,0.03122,4,5,1,0.09022,0.01409,0.04606,0.04883
1040,L,K,-2.132,0.6053,4.5,2,L,12,1,L1040K,-0.03904,-0.03766,0.02874,4,4,1,-0.04973,-0.07343,-0.02558,-0.007404
1040,L,M,-0.4377,0.1549,16.5,2,L,12,1,L1040M,-0.1068,-0.09773,0.06555,4,6,1,-0.0871,-0.1943,-0.1084,-0.03723
1040,L,N,-1.953,,4.5,1,L,12,1,L1040N,-0.1711,-0.1837,0.096,4,4,1,-0.1782,-0.2746,-0.1893,-0.04243
1040,L,P,-3.639,1.674,2.5,2,L,12,1,L1040P,0.007857,-0.002028,0.0276,4,5,1,-0.01105,0.04716,-0.01168,0.006995
1040,L,Q,-1.278,0.3387,5.5,2,L,12,1,L1040Q,-0.2455,-0.2757,0.07863,4,3,1,-0.2721,-0.3015,-0.2794,-0.1291
1040,L,S,0.2011,0.3562,1.5,2,L,12,1,L1040S,-0.1011,-0.1003,0.05904,4,2,1,-0.09843,-0.1741,-0.1022,-0.02959
1040,L,T,-4.066,0.9164,3.0,2,L,12,1,L1040T,-0.002154,-0.0003142,0.02613,4,3,1,0.006404,-0.007033,-0.03518,0.02719
1040,L,V,-0.1885,1.394,3.5,2,L,12,1,L1040V,-0.2499,-0.2448,0.07267,4,3,1,-0.2572,-0.3428,-0.2323,-0.1671
1040,L,W,-1.302,0.1266,4.5,2,L,12,1,L1040W,-0.01774,-0.0198,0.03208,4,1,1,-0.02618,-0.05433,-0.01341,0.02297
1040,L,Y,-0.6227,0.2068,2.5,2,L,12,1,L1040Y,0.1419,0.07607,0.1502,4,2,1,0.09007,0.3658,0.04953,0.06208
1059,Q,*,-4.875,0.05798,3.5,2,Q,13,1,Q1059*,0.2355,0.2217,0.2291,4,5,1,0.2908,0.1526,0.5207,-0.02191
1059,Q,A,-0.3562,1.639,3.5,2,Q,13,1,Q1059A,-0.2889,-0.2997,0.04636,4,1,1,-0.3266,-0.2296,-0.3248,-0.2745
1059,Q,C,-0.9601,0.3888,2.5,2,Q,13,1,Q1059C,-0.8576,-0.8256,0.1065,4,5,1,-0.8626,-1.006,-0.7886,-0.773
1059,Q,D,-1.338,1.42,3.0,2,Q,13,1,Q1059D,-0.1419,-0.1492,0.04396,4,5,1,-0.1524,-0.1874,-0.146,-0.08191
1059,Q,E,-0.2869,0.2866,3.0,2,Q,13,1,Q1059E,0.1758,0.18,0.02339,4,1,1,0.1705,0.1453,0.1895,0.198
1059,Q,F,0.5981,0.2214,4.0,2,Q,13,1,Q1059F,-1.026,-1.032,0.1411,4,1,1,-1.108,-1.174,-0.956,-0.864
1059,Q,G,0.2617,0.04349,2.5,2,Q,13,1,Q1059G,-0.2685,-0.2768,0.02014,4,2,1,-0.2814,-0.2722,-0.2813,-0.239
1059,Q,H,-0.3801,0.7642,10.5,2,Q,13,1,Q1059H,0.2077,0.2217,0.05767,4,19,1,0.2542,0.2524,0.1909,0.1333
1059,Q,I,-2.204,2.662,3.5,2,Q,13,1,Q1059I,-0.009954,-0.01502,0.05263,4,4,1,-0.0008183,-0.06735,-0.02922,0.05758
1059,Q,K,0.7925,0.05303,3.0,2,Q,13,1,Q1059K,0.09144,0.08764,0.037,4,10,1,0.07953,0.1395,0.09576,0.05097
1059,Q,L,0.3813,0.3864,5.5,2,Q,13,1,Q1059L,-0.3894,-0.3604,0.09351,4,4,1,-0.3676,-0.525,-0.3533,-0.3116
1059,Q,M,0.1893,0.2295,2.0,2,Q,13,1,Q1059M,-0.2609,-0.2544,0.1036,4,3,1,-0.2619,-0.3937,-0.2469,-0.1411
1059,Q,N,-0.399,0.04639,5.5,2,Q,13,1,Q1059N,-0.3126,-0.3058,0.06781,4,4,1,-0.315,-0.4014,-0.2967,-0.2375
1059,Q,R,0.0193,0.6713,5.5,2,Q,13,1,Q1059R,-0.0782,-0.05862,0.05438,4,4,1,-0.04931,-0.1576,-0.06793,-0.03791
1059,Q,S,-0.4887,,0.5,1,Q,13,1,Q1059S,-0.02678,-0.02935,0.007492,4,1,1,-0.02993,-0.03263,-0.02877,-0.01581
1059,Q,T,0.1286,0.02885,1.0,2,Q,13,1,Q1059T,-0.8793,-1.003,0.3001,4,1,1,-1.075,-0.4349,-0.9627,-1.044
1059,Q,V,-0.3732,0.855,2.5,2,Q,13,1,Q1059V,-0.4223,-0.4336,0.02756,4,6,1,-0.4386,-0.4285,-0.4405,-0.3818
1059,Q,W,0.6182,0.06421,4.5,2,Q,13,1,Q1059W,-0.5528,-0.4857,0.192,4,4,1,-0.4939,-0.835,-0.4775,-0.405
1059,Q,Y,0.1919,0.6669,1.5,2,Q,13,1,Q1059Y,-0.3167,-0.322,0.1139,4,3,1,-0.3491,-0.4481,-0.2948,-0.1748
1069,S,-,-0.3048,1.201,1.0,2,S,13,1,S1069-,0.1076,0.1145,0.0182,4,1,1,0.1205,0.08089,0.1174,0.1117
1069,S,A,0.06054,,2.0,1,S,13,1,S1069A,0.1319,0.1779,0.139,4,2,1,0.1497,-0.06893,0.2061,0.2406
1069,S,C,0.4083,0.1935,4.0,2,S,13,1,S1069C,0.04903,0.05325,0.01257,4,2,1,0.03108,0.05681,0.04969,0.05854
1069,S,D,-1.352,0.7517,4.0,2,S,13,1,S1069D,1.847,1.977,0.885,4,1,1,2.469,2.666,1.486,0.7691
1069,S,E,0.5548,0.3072,5.5,2,S,13,1,S1069E,-0.1443,-0.1242,0.06692,4,6,1,-0.1052,-0.2389,-0.1432,-0.08988
1069,S,F,-2.316,3.605,4.0,2,S,13,1,S1069F,-0.1489,-0.1535,0.04877,4,4,1,-0.1553,-0.2036,-0.1517,-0.08487
1069,S,G,0.6835,0.1676,3.5,2,S,13,1,S1069G,-0.09077,-0.09843,0.02722,4,2,1,-0.1146,-0.09626,-0.1006,-0.05166
1069,S,H,0.3281,0.4642,2.5,2,S,13,1,S1069H,-0.3315,-0.3356,0.101,4,2,1,-0.3595,-0.4487,-0.3117,-0.2062
1069,S,I,-0.03316,0.08685,9.0,2,S,13,1,S1069I,-0.2138,-0.1896,0.06619,4,3,1,-0.2067,-0.3095,-0.1726,-0.1664
1069,S,K,-1.979,3.868,3.0,2,S,13,1,S1069K,-0.5266,-0.5577,0.08036,4,2,1,-0.577,-0.4096,-0.5814,-0.5384
1069,S,L,0.4051,0.4992,5.5,2,S,13,1,S1069L,-0.03126,-0.0215,0.03546,4,3,1,0.0001638,-0.0211,-0.0219,-0.0822
1069,S,M,0.1549,0.2897,4.5,2,S,13,1,S1069M,-0.009994,-0.006278,0.01513,4,2,1,-0.004322,-0.03137,-0.008234,0.003949
1069,S,N,-0.3559,0.9575,5.0,2,S,13,1,S1069N,-0.099,-0.1038,0.0704,4,5,1,-0.1019,-0.1801,-0.1057,-0.008253
1069,S,P,-2.468,0.7509,3.0,2,S,13,1,S1069P,0.09797,0.1113,0.1455,4,5,1,0.04611,0.2495,0.1764,-0.08018
1069,S,Q,0.1908,0.5846,5.0,2,S,13,1,S1069Q,0.06006,0.04449,0.05127,4,2,1,0.0419,0.0169,0.04708,0.1344
1069,S,T,0.2509,0.01153,4.5,2,S,13,1,S1069T,0.09776,0.09678,0.02578,4,4,1,0.1178,0.1223,0.07576,0.07522
1069,S,V,0.1957,0.3697,5.0,2,S,13,1,S1069V,-0.06761,-0.05624,0.06309,4,6,1,-0.06243,-0.1543,-0.05005,-0.003672
1069,S,Y,0.4461,0.03719,3.0,2,S,13,1,S1069Y,-0.2733,-0.2748,0.02814,4,17,1,-0.289,-0.3032,-0.2405,-0.2607
1086,Q,*,-4.918,0.1054,2.5,2,Q,13,1,Q1086*,-0.07382,-0.05519,0.06726,4,1,1,-0.06625,-0.01519,-0.04413,-0.1697
1086,Q,A,-0.5113,0.2169,3.0,2,Q,13,1,Q1086A,-0.08828,-0.1005,0.07778,4,3,1,-0.09549,-0.1696,-0.1056,0.0175
1086,Q,C,-0.4901,0.6431,4.0,2,Q,13,1,Q1086C,0.2579,0.2547,0.02854,4,3,1,0.2569,0.2956,0.2525,0.2264
1086,Q,D,-2.062,0.5784,3.5,2,Q,13,1,Q1086D,-0.4194,-0.3906,0.1071,4,3,1,-0.3773,-0.5721,-0.4039,-0.3241
1086,Q,E,-2.537,0.3698,3.0,2,Q,13,1,Q1086E,-0.3993,-0.4636,0.2058,4,1,1,-0.5229,-0.1075,-0.5626,-0.4044
1086,Q,F,0.133,0.4361,4.5,2,Q,13,1,Q1086F,0.04255,0.04412,0.0167,4,5,1,0.06092,0.02105,0.04012,0.04812
1086,Q,G,-0.356,0.6413,4.0,2,Q,13,1,Q1086G,-0.4698,-0.4221,0.149,4,5,1,-0.4324,-0.6867,-0.4118,-0.3482
1086,Q,H,0.3058,0.7123,5.5,2,Q,13,1,Q1086H,-0.006561,-0.002863,0.01452,4,13,1,0.003323,0.005575,-0.02609,-0.009049
1086,Q,I,-0.09825,0.1216,5.5,2,Q,13,1,Q1086I,-0.07896,-0.07514,0.07522,4,4,1,-0.07616,-0.1747,-0.07413,0.009196
1086,Q,K,-1.244,1.044,5.0,2,Q,13,1,Q1086K,-0.1518,-0.131,0.08511,4,1,1,-0.07284,-0.2724,-0.1377,-0.1243
1086,Q,L,-0.6846,,1.5,1,Q,13,1,Q1086L,-0.1007,-0.1062,0.05673,4,10,1,-0.1008,-0.164,-0.1117,-0.02635
1086,Q,M,-0.6573,1.335,4.0,2,Q,13,1,Q1086M,-0.03422,-0.04469,0.05893,4,2,1,-0.06185,-0.09227,-0.02754,0.04479
1086,Q,N,0.0255,0.6124,5.0,2,Q,13,1,Q1086N,-0.4719,-0.447,0.09793,4,3,1,-0.4601,-0.6107,-0.4338,-0.383
1086,Q,R,0.00675,0.06217,4.5,2,Q,13,1,Q1086R,-0.49,-0.4806,0.04884,4,3,1,-0.4853,-0.5575,-0.4759,-0.4412
1086,Q,S,-0.8681,0.1764,2.0,2,Q,13,1,Q1086S,-0.3513,-0.323,0.1257,4,5,1,-0.3214,-0.5282,-0.3246,-0.231
1086,Q,T,-0.1018,0.141,2.0,2,Q,13,1,Q1086T,-0.02784,-0.04584,0.04323,4,6,1,-0.03844,-0.05324,-0.05567,0.03599
1086,Q,V,0.128,0.5098,2.5,2,Q,13,1,Q1086V,-0.08322,-0.08823,0.02087,4,2,1,-0.1025,-0.05392,-0.08461,-0.09184
1086,Q,W,-1.902,3.574,4.5,2,Q,13,1,Q1086W,0.1493,0.1476,0.02977,4,5,1,0.1818,0.1201,0.1669,0.1283
1088,L,A,-3.578,1.362,5.0,2,L,13,1,L1088A,0.02174,0.01263,0.03797,4,3,1,0.01911,-0.01336,0.006156,0.07507
1088,L,C,-3.854,0.1754,3.5,2,L,13,1,L1088C,-0.3068,-0.3379,0.1157,4,2,1,-0.4044,-0.3777,-0.298,-0.147
1088,L,D,-4.625,0.4837,2.0,2,L,13,1,L1088D,0.05448,0.05689,0.01837,4,2,1,0.05589,0.02986,0.0579,0.07428
1088,L,E,-3.389,1.299,3.0,2,L,13,1,L1088E,-0.1074,-0.1275,0.05717,4,5,1,-0.1304,-0.1512,-0.1247,-0.02339
1088,L,F,-0.3004,0.5976,3.5,2,L,13,1,L1088F,0.07979,0.06472,0.06005,4,2,1,0.06669,0.02451,0.06274,0.1652
1088,L,G,-4.457,0.5784,4.0,2,L,13,1,L1088G,-0.04508,-0.04787,0.02192,4,2,1,-0.06405,-0.03269,-0.06306,-0.0205
1088,L,H,-3.0,1.516,3.0,2,L,13,1,L1088H,-0.06558,-0.07526,0.03188,4,1,1,-0.0715,-0.09226,-0.07903,-0.01953
1088,L,I,-0.1625,0.1753,7.0,2,L,13,1,L1088I,0.005694,0.001057,0.04236,4,3,1,0.003862,-0.04106,-0.001748,0.06172
1088,L,K,-4.692,0.3762,5.0,2,L,13,1,L1088K,0.2648,0.2532,0.05225,4,1,1,0.2491,0.338,0.2146,0.2573
1088,L,M,-1.738,1.551,4.5,2,L,13,1,L1088M,0.2305,0.2337,0.04014,4,16,1,0.1853,0.2087,0.2587,0.2695
1088,L,N,-4.235,1.01,2.0,2,L,13,1,L1088N,0.2089,0.2115,0.02432,4,2,1,0.2062,0.1773,0.2169,0.2354
1088,L,P,-4.535,0.6116,4.5,2,L,13,1,L1088P,0.8915,0.8936,0.5915,4,7,1,0.8733,0.9138,1.614,0.1653
1088,L,Q,-3.103,0.8259,6.0,2,L,13,1,L1088Q,-0.01015,-0.008623,0.05066,4,6,1,-0.01895,-0.07281,0.001705,0.04947
1088,L,R,-4.441,0.7686,5.0,2,L,13,1,L1088R,0.07179,0.06435,0.0276,4,1,1,0.05518,0.07352,0.04845,0.11
1088,L,S,-4.414,0.4342,2.5,2,L,13,1,L1088S,-0.0001635,0.004164,0.01728,4,6,1,0.01571,0.002576,-0.02469,0.005752
1088,L,T,-4.933,0.0898,2.0,2,L,13,1,L1088T,-0.454,-0.4519,0.03685,4,4,1,-0.4531,-0.501,-0.4507,-0.411
1088,L,V,-1.451,0.3309,6.5,2,L,13,1,L1088V,0.1441,0.111,0.1143,4,2,1,0.1556,0.3014,0.05293,0.06648
1088,L,W,-0.1683,1.075,3.5,2,L,13,1,L1088W,-0.3837,-0.3739,0.1883,4,3,1,-0.3486,-0.6223,-0.3992,-0.1647
1088,L,Y,-1.915,,1.0,1,L,13,1,L1088Y,0.04917,0.04725,0.01209,4,4,1,0.04632,0.04817,0.03656,0.06561
1092,I,-,0.6421,,1.5,1,I,13,1,I1092-,1.929,2.022,0.3103,4,1,1,1.906,2.138,1.499,2.173
1092,I,A,-1.272,2.046,2.0,2,I,13,1,I1092A,0.08392,0.1034,0.04716,4,2,1,0.1151,0.0137,0.1051,0.1018
1092,I,D,-4.663,0.3889,3.0,2,I,13,1,I1092D,-0.3031,-0.3105,0.2217,4,1,1,-0.45,-0.06279,-0.5283,-0.1711
1092,I,E,-4.16,0.502,4.0,2,I,13,1,I1092E,-0.07205,-0.03449,0.2445,4,2,1,-0.04326,0.1849,-0.02572,-0.4041
1092,I,F,-0.7657,0.8009,6.5,2,I,13,1,I1092F,-0.1546,-0.1513,0.09451,4,3,1,-0.1463,-0.2734,-0.1564,-0.04231
1092,I,G,-3.941,0.6873,4.0,2,I,13,1,I1092G,-0.06773,-0.05107,0.08426,4,1,1,-0.04314,0.01578,-0.05901,-0.1845
1092,I,K,-4.784,0.1181,4.0,2,I,13,1,I1092K,0.2019,0.1533,0.1827,4,2,1,0.1762,0.4622,0.1305,0.03861
1092,I,L,0.243,,2.5,1,I,13,1,I1092L,-0.04963,-0.05027,0.05819,4,2,1,-0.05765,-0.1199,-0.04289,0.02189
1092,I,M,-1.293,2.147,3.5,2,I,13,1,I1092M,0.06412,0.07601,0.03191,4,1,1,0.07167,0.01721,0.08035,0.08725
1092,I,N,-4.577,0.3493,4.5,2,I,13,1,I1092N,-0.9472,-1.051,0.2139,4,2,1,-1.06,-0.6264,-1.049,-1.054
1092,I,P,-3.869,1.268,1.5,2,I,13,1,I1092P,-0.7747,-0.7817,0.03035,4,2,1,-0.7802,-0.7319,-0.7833,-0.8034
1092,I,Q,-3.87,0.7156,7.5,2,I,13,1,I1092Q,-0.4384,-0.446,0.04533,4,2,1,-0.476,-0.4763,-0.416,-0.3854
1092,I,S,-2.318,0.5134,3.0,2,I,13,1,I1092S,-0.2083,-0.2138,0.07007,4,2,1,-0.2776,-0.1282,-0.2553,-0.1723
1092,I,T,-0.3696,0.8487,2.0,2,I,13,1,I1092T,-0.2526,-0.2505,0.01655,4,4,1,-0.2581,-0.2362,-0.2733,-0.2429
1092,I,V,-0.4618,1.427,7.0,2,I,13,1,I1092V,-0.2858,-0.2876,0.01799,4,3,1,-0.3056,-0.2911,-0.2842,-0.2624
1092,I,W,-1.397,0.5268,2.5,2,I,13,1,I1092W,-0.1939,-0.1903,0.05985,4,2,1,-0.2045,-0.2692,-0.1761,-0.1257
1092,I,Y,-0.4357,0.08245,2.5,2,I,13,1,I1092Y,-0.1076,-0.1075,0.02473,4,3,1,-0.0978,-0.07907,-0.1364,-0.1172
1099,L,A,0.1284,0.7133,4.0,2,L,13,1,L1099A,-0.2342,-0.2321,0.02113,4,6,1,-0.2244,-0.2608,-0.2399,-0.2117
1099,L,C,-2.364,1.696,5.5,2,L,13,1,L1099C,-0.5479,-0.5349,0.06725,4,4,1,-0.4837,-0.6382,-0.5132,-0.5566
1099,L,D,-3.097,0.7085,4.0,2,L,13,1,L1099D,-0.7558,-0.6834,0.1658,4,2,1,-0.6978,-1.003,-0.6691,-0.6533
1099,L,E,-3.42,0.6611,4.0,2,L,13,1,L1099E,-0.8665,-0.7905,0.1841,4,7,1,-0.8018,-1.14,-0.7792,-0.7448
1099,L,F,-1.011,0.09702,3.5,2,L,13,1,L1099F,-0.09188,-0.09079,0.05934,4,7,1,-0.07894,-0.1646,-0.1026,-0.02128
1099,L,I,-0.4175,0.6265,4.0,2,L,13,1,L1099I,0.2317,0.266,0.07961,4,5,1,0.281,0.2525,0.2795,0.1139
1099,L,K,-3.601,1.74,3.0,2,L,13,1,L1099K,-0.3122,-0.3473,0.1725,4,2,1,-0.284,-0.08169,-0.4106,-0.4725
1099,L,N,-3.829,1.387,5.0,2,L,13,1,L1099N,-0.5205,-0.5229,0.01617,4,3,1,-0.5241,-0.5216,-0.4987,-0.5377
1099,L,P,-2.072,0.08132,8.5,2,L,13,1,L1099P,-0.004351,0.02228,0.07267,4,3,1,0.03545,-0.1105,0.009118,0.04857
1099,L,Q,-1.519,0.3033,3.5,2,L,13,1,L1099Q,-0.194,-0.1916,0.06055,4,1,1,-0.1915,-0.1223,-0.1917,-0.2704
1099,L,R,-1.832,0.5445,5.0,2,L,13,1,L1099R,-0.9714,-0.9629,0.03521,4,4,1,-1.02,-0.9519,-0.9399,-0.9738
1099,L,S,-0.2743,,2.5,1,L,13,1,L1099S,-0.7598,-0.7162,0.1381,4,1,1,-0.7329,-0.9599,-0.6995,-0.6467
1099,L,V,-0.2269,0.609,4.5,2,L,13,1,L1099V,0.09477,0.06241,0.1008,4,4,1,0.0987,0.2359,0.0184,0.02613
1099,L,W,-1.766,0.4525,4.5,2,L,13,1,L1099W,-0.7822,-0.7023,0.1746,4,4,1,-0.681,-1.043,-0.7141,-0.6904
1099,L,Y,-1.844,1.076,2.0,2,L,13,1,L1099Y,-1.271,-1.422,0.3581,4,1,1,-1.501,-0.7392,-1.46,-1.384
1102,L,-,-0.8034,,2.5,1,L,13,1,L1102-,-0.404,-0.5101,0.2822,4,2,1,-0.5015,0.01343,-0.5186,-0.6092
1102,L,A,-1.749,0.6696,4.5,2,L,13,1,L1102A,-0.831,-0.8781,0.1085,4,3,1,-0.8979,-0.6701,-0.8619,-0.8943
1102,L,D,-3.379,0.9673,3.0,2,L,13,1,L1102D,-0.6965,-0.8301,0.3005,4,1,1,-0.7884,-0.2499,-0.8759,-0.8717
1102,L,E,-2.276,0.4936,10.5,2,L,13,1,L1102E,-1.403,-1.684,0.5894,4,6,1,-1.675,-0.5191,-1.693,-1.723
1102,L,F,0.1537,0.06251,8.0,2,L,13,1,L1102F,0.006286,-0.003603,0.05553,4,5,1,-0.009314,-0.05014,0.002109,0.08249
1102,L,G,-1.607,,3.0,1,L,13,1,L1102G,-0.05896,-0.0553,0.07234,4,3,1,-0.05568,0.02583,-0.05492,-0.1511
1102,L,H,-1.421,0.123,2.5,2,L,13,1,L1102H,-1.418,-1.456,0.1091,4,3,1,-1.502,-1.258,-1.459,-1.454
1102,L,I,-0.5769,0.2092,4.5,2,L,13,1,L1102I,-0.002426,-0.007144,0.02784,4,2,1,-0.009365,-0.03107,-0.004923,0.03566
1102,L,K,-1.481,0.03111,2.5,2,L,13,1,L1102K,-1.794,-1.796,0.2151,4,2,1,-1.906,-1.553,-2.031,-1.686
1102,L,M,-0.08533,,1.5,1,L,13,1,L1102M,-0.1864,-0.2,0.0802,4,6,1,-0.1906,-0.07701,-0.2688,-0.2093
1102,L,N,-1.142,0.3021,3.5,2,L,13,1,L1102N,0.01791,0.01577,0.05716,4,2,1,0.01645,0.08999,0.01508,-0.04988
1102,L,P,-1.19,0.948,3.0,2,L,13,1,L1102P,-0.1455,-0.09679,0.1913,4,4,1,-0.04901,0.02471,-0.1446,-0.4129
1102,L,Q,-1.139,,1.0,1,L,13,1,L1102Q,-1.115,-1.118,0.1333,4,7,1,-1.147,-1.273,-1.089,-0.952
1102,L,S,-0.1581,0.9796,3.5,2,L,13,1,L1102S,-1.792,-1.946,0.3692,4,3,1,-2.032,-1.246,-1.895,-1.997
1102,L,T,-0.7385,0.6781,3.0,2,L,13,1,L1102T,-1.352,-1.344,0.0287,4,3,1,-1.393,-1.339,-1.348,-1.327
1102,L,V,-1.152,0.3101,6.0,2,L,13,1,L1102V,0.5361,0.532,0.0928,4,3,1,0.5211,0.6531,0.543,0.4271
1102,L,W,-1.081,1.151,5.0,2,L,13,1,L1102W,0.2836,0.2998,0.1677,4,4,1,0.2771,0.3225,0.4703,0.06458
1102,L,Y,-0.4989,0.8896,2.5,2,L,13,1,L1102Y,-0.3012,-0.3194,0.06854,4,4,1,-0.3615,-0.2047,-0.3039,-0.3349
1114,W,*,-4.925,0.09263,28.0,2,S,13,1,W1114*,-0.3337,-0.3217,0.07436,4,41,1,-0.4281,-0.2866,-0.2635,-0.3567
1114,W,-,0.4637,,2.0,1,S,13,1,W1114-,-0.3198,-0.2241,0.253,4,1,1,-0.1394,-0.6916,-0.1857,-0.2625
1114,W,A,-3.952,,1.5,1,S,13,1,W1114A,-0.9079,-0.907,0.02181,4,4,1,-0.9352,-0.9039,-0.8822,-0.9102
1114,W,C,-3.906,0.7962,10.5,2,S,13,1,W1114C,-1.003,-0.9754,0.0945,4,13,1,-1.018,-1.13,-0.9297,-0.9324
1114,W,D,-4.405,0.6293,3.5,2,S,13,1,W1114D,-1.874,-2.009,0.3841,4,1,1,-2.091,-1.317,-1.927,-2.161
1114,W,E,-4.487,0.7319,2.0,2,S,13,1,W1114E,-1.524,-1.532,0.05008,4,2,1,-1.551,-1.573,-1.514,-1.459
1114,W,G,-4.882,0.09405,3.5,2,S,13,1,W1114G,-1.115,-0.9913,0.2686,4,1,1,-1.001,-1.517,-0.9814,-0.9597
1114,W,H,-3.216,1.447,2.5,2,S,13,1,W1114H,-0.1219,-0.09632,0.05778,4,3,1,-0.09723,-0.2083,-0.08676,-0.09541
1114,W,I,-4.183,0.4632,3.0,2,S,13,1,W1114I,-0.8826,-1.014,0.2993,4,2,1,-1.016,-0.4351,-1.067,-1.013
1114,W,K,-4.62,0.1973,5.5,2,S,13,1,W1114K,0.1697,0.1596,0.06416,4,1,1,0.108,0.1878,0.1313,0.2518
1114,W,L,-4.603,0.4285,13.5,2,S,13,1,W1114L,-0.8859,-0.9451,0.1518,4,22,1,-0.9902,-0.6632,-0.9735,-0.9167
1114,W,M,-4.569,0.4794,4.0,2,S,13,1,W1114M,-0.2484,-0.1848,0.2024,4,1,1,-0.2676,-0.09644,-0.102,-0.5277
1114,W,N,-3.957,1.289,3.5,2,S,13,1,W1114N,-0.9661,-0.9888,0.1175,4,2,1,-0.9832,-0.8033,-0.9944,-1.084
1114,W,P,-4.13,,1.0,1,S,13,1,W1114P,-0.7965,-0.8114,0.04305,4,3,1,-0.83,-0.7333,-0.8097,-0.8132
1114,W,Q,-3.345,0.02758,3.0,2,S,13,1,W1114Q,-0.7959,-0.8096,0.06857,4,5,1,-0.8632,-0.7013,-0.7984,-0.8208
1114,W,R,-4.463,0.02687,12.5,2,S,13,1,W1114R,-0.7923,-0.766,0.101,4,6,1,-0.7146,-0.9248,-0.7124,-0.8175
1114,W,S,-4.062,0.7559,2.5,2,S,13,1,W1114S,-0.1378,-0.1531,0.1113,4,3,1,-0.1969,0.004637,-0.1093,-0.2498
1114,W,T,-4.259,0.03253,6.0,2,S,13,1,W1114T,1.353,1.431,0.8683,4,1,1,1.879,2.233,0.9839,0.3161
1114,W,Y,-1.853,1.463,3.0,2,S,13,1,W1114Y,-0.005924,-0.008536,0.03522,4,4,1,0.01069,-0.02776,-0.04175,0.03513
1116,W,*,-4.933,0.09546,26.0,2,G,13,1,W1116*,0.388,0.3285,0.2908,4,39,1,0.3028,0.3542,0.7926,0.1023
1116,W,-,-0.8044,0.6471,2.5,2,G,13,1,W1116-,0.06929,0.06427,0.0301,4,1,1,0.0419,0.1067,0.04821,0.08034
1116,W,A,-4.353,,1.5,1,G,13,1,W1116A,-0.3396,-0.3849,0.1432,4,2,1,-0.3771,-0.1312,-0.3926,-0.4574
1116,W,E,-4.125,0.2878,1.5,2,G,13,1,W1116E,-2.369,-2.484,0.3501,4,2,1,-2.587,-1.872,-2.38,-2.639
1116,W,F,-3.043,0.309,5.0,2,G,13,1,W1116F,-0.6999,-0.6725,0.1265,4,5,1,-0.6835,-0.8768,-0.6615,-0.5778
1116,W,G,-4.108,1.162,4.5,2,G,13,1,W1116G,-0.2993,-0.3046,0.2394,4,1,1,-0.4566,-0.04348,-0.5446,-0.1526
1116,W,H,-2.986,,1.0,1,G,13,1,W1116H,-0.09191,-0.09748,0.05838,4,1,1,-0.07902,-0.01772,-0.1159,-0.155
1116,W,I,-3.329,0.3854,2.0,2,G,13,1,W1116I,-0.5112,-0.5064,0.04523,4,1,1,-0.5138,-0.5705,-0.499,-0.4616
1116,W,K,-4.781,0.0898,5.0,2,G,13,1,W1116K,-1.74,-1.949,0.4421,4,2,1,-1.985,-1.078,-1.933,-1.965
1116,W,L,-4.095,1.232,11.5,2,G,13,1,W1116L,0.1941,0.1309,0.2645,4,16,1,0.1603,0.5673,0.1016,-0.05261
1116,W,M,-3.581,0.8393,2.5,2,G,13,1,W1116M,-0.5555,-0.5539,0.034,4,4,1,-0.5978,-0.5626,-0.5452,-0.5165
1116,W,N,-3.14,0.3196,4.0,2,G,13,1,W1116N,-1.657,-1.626,0.07741,4,2,1,-1.622,-1.771,-1.631,-1.603
1116,W,Q,-4.444,0.3734,4.0,2,G,13,1,W1116Q,0.06641,0.0518,0.1505,4,1,1,0.08304,0.2615,0.02056,-0.09949
1116,W,R,-4.136,0.326,7.0,2,G,13,1,W1116R,-2.561,-2.956,0.952,4,2,1,-3.079,-1.15,-2.833,-3.182
1116,W,S,-4.193,,1.0,1,G,13,1,W1116S,-1.335,-1.346,0.08841,4,1,1,-1.431,-1.217,-1.353,-1.338
1116,W,T,-1.98,3.767,1.0,2,G,13,1,W1116T,-1.011,-1.049,0.4347,4,3,1,-1.405,-0.54,-1.354,-0.7437
1116,W,Y,-3.985,0.9998,4.5,2,G,13,1,W1116Y,-0.01752,-0.0123,0.01846,4,5,1,-0.04377,-0.01611,-0.008499,-0.001703
