latent_phenotype_effect,functional_effect,times_seen,wildtype,site,mutant,functional_effect_singlemut,times_seen_singlemut
-0.8346,-0.6174,1,T,19,-,,
-0.3583,-0.2223,4,T,19,A,,
-0.6655,-0.4633,7,T,19,C,0.3871,2
-0.04162,-0.02283,7,T,19,D,-0.5446,5
-1.159,-0.9563,5,T,19,E,-2.03,1
-0.7572,-0.5449,7,T,19,F,-0.2139,3
-1.115,-0.9074,9,T,19,G,-1.441,4
0.04865,0.02576,4,T,19,H,-0.0001,2
-0.4423,-0.2834,4,T,19,I,-0.475,2
-0.2137,-0.1254,4,T,19,K,-0.1979,4
-2.601,-2.879,3,T,19,L,-3.543,1
-0.9318,-0.7129,5,T,19,M,-0.3417,2
2.172,0.5285,1,T,19,N,0.6968,1
1.685,0.4817,8,T,19,P,0.9202,4
0.2055,0.1023,6,T,19,Q,0.0707,4
-0.1207,-0.0683,1,T,19,R,,
1.235,0.4143,9,T,19,S,0.7778,2
0,0,,T,19,T,0,
0.4268,0.1948,2,T,19,V,0.1432,2
1.422,0.4458,5,T,19,W,1.09,2
0.3799,0.1766,4,T,19,Y,,
-5.444,-4.835,7,N,20,*,-5,2
-0.05715,-0.03155,1,N,20,-,,
-1.063,-0.8502,2,N,20,A,-0.923,2
-0.1481,-0.08469,4,N,20,C,0.1248,1
-0.8584,-0.6403,6,N,20,D,-0.4803,2
3.51,0.5844,2,N,20,E,1.486,1
0.3383,0.1598,7,N,20,F,1.477,1
1.853,0.5004,5,N,20,G,-0.2192,1
-0.6664,-0.4641,5,N,20,H,,
0.3499,0.1646,4,N,20,I,0.5776,2
0.7327,0.2969,3,N,20,K,,
0.08802,0.04589,5,N,20,L,-1.344,3
1.303,0.4264,2,N,20,M,-0.03176,1
0,0,,N,20,N,0,
-0.9173,-0.6984,5,N,20,P,-1.152,3
0.9528,0.355,4,N,20,R,0.3909,3
0.08215,0.04293,6,N,20,S,0.3936,3
-0.3751,-0.2342,10,N,20,T,-0.5803,4
-0.7917,-0.5768,5,N,20,V,-0.1265,2
-1.625,-1.532,6,N,20,W,-0.0665,2
0.362,0.1694,5,N,20,Y,-0.4653,2
0.532,0.233,1,G,21,-,,
-0.0349,-0.0191,3,G,21,A,-0.6646,1
0.2667,0.1296,15,G,21,C,0.412,2
3.522,0.5847,3,G,21,D,1.864,2
3.126,0.575,6,G,21,E,-0.1087,2
0,0,,G,21,G,0,
0.1824,0.09165,5,G,21,H,-0.2485,3
1.956,0.5105,2,G,21,I,2.048,1
3.038,0.5723,2,G,21,K,0.867,2
3.823,0.5898,3,G,21,L,2.126,2
1.75,0.4893,5,G,21,M,1.329,3
3.676,0.5875,2,G,21,N,,
-0.376,-0.2349,6,G,21,P,1.027,1
3.682,0.5876,4,G,21,Q,1.753,1
1.833,0.4983,2,G,21,R,,
0.0418,0.02219,5,G,21,S,-0.9924,1
0.3372,0.1594,4,G,21,T,0.1263,3
2.321,0.5389,3,G,21,V,1.282,1
0.3317,0.1571,9,G,21,W,-0.1129,4
-4.975,-4.724,4,L,22,*,-5,3
0.5561,0.2413,1,L,22,-,,
3.313,0.5801,4,L,22,A,1.764,1
-2.675,-2.978,4,L,22,E,-1.922,2
3.411,0.5823,3,L,22,G,1.184,2
1.777,0.4924,2,L,22,H,0.8724,1
2.665,0.5579,3,L,22,I,1.387,1
4.131,0.5937,3,L,22,K,1.79,2
0,0,,L,22,L,0,
0.5881,0.252,5,L,22,M,0.1814,3
2.982,0.5705,1,L,22,N,1.302,1
-0.007451,-0.004033,8,L,22,P,0.2847,2
-0.4462,-0.2862,2,L,22,Q,-0.3618,2
2.826,0.5647,4,L,22,R,1.533,2
0.07674,0.04019,3,L,22,S,-0.6393,2
2.838,0.5652,1,L,22,T,1.048,1
2.542,0.5518,4,L,22,V,1.141,1
3.026,0.5719,1,L,22,W,1.232,1
3.591,0.586,5,L,22,Y,1.735,2
-0.1495,-0.08556,1,N,23,-,,
0.2226,0.1101,1,N,23,A,,
-0.3338,-0.2052,2,N,23,C,-0.2981,2
-0.07594,-0.04223,1,N,23,D,-0.08646,1
1.92,0.507,5,N,23,E,0.6698,3
-0.4949,-0.3234,2,N,23,F,-0.01862,1
-0.855,-0.637,3,N,23,G,0.143,2
0.2424,0.1189,2,N,23,H,0.1275,1
-0.6349,-0.4371,3,N,23,I,-0.4944,1
0.3636,0.1701,4,N,23,K,0.8313,2
-0.7729,-0.5594,7,N,23,L,-1.125,2
-1.308,-1.129,8,N,23,M,-5,1
0,0,,N,23,N,0,
-0.1419,-0.08095,3,N,23,P,-0.1503,2
2.585,0.554,3,N,23,Q,0.8794,3
1.299,0.4256,4,N,23,R,1.01,2
0.3877,0.1796,5,N,23,S,-0.2956,2
-0.4835,-0.3146,4,N,23,T,-1.408,1
-0.8636,-0.6454,7,N,23,V,-0.4813,4
-0.1407,-0.08025,3,N,23,W,0.09505,2
-0.139,-0.07919,6,N,23,Y,-2.115,2
-5.291,-4.804,4,T,24,*,-4.64,1
-1.18,-0.9796,2,T,24,-,,
0.6335,0.2667,18,T,24,A,0.1406,6
-0.2626,-0.157,8,T,24,C,-0.1753,3
-0.3709,-0.2312,10,T,24,D,-0.1178,4
3.032,0.5721,1,T,24,E,1.329,1
-0.1972,-0.115,5,T,24,F,-0.1621,3
-1.315,-1.137,4,T,24,G,-1.33,2
-0.6628,-0.461,4,T,24,H,-0.2033,3
-0.6229,-0.4269,8,T,24,I,-0.2164,2
-0.9608,-0.7425,12,T,24,K,-0.5802,6
0.6324,0.2664,2,T,24,L,0.2029,2
-0.7098,-0.5022,6,T,24,M,0.1801,2
-0.3293,-0.202,5,T,24,N,-0.46,1
-0.8938,-0.675,5,T,24,P,-1.236,5
-1.044,-0.8299,5,T,24,Q,-0.4067,2
0.6327,0.2664,5,T,24,R,-2.241,2
0.1008,0.05227,6,T,24,S,-0.8377,2
0,0,,T,24,T,0,
-0.7928,-0.5778,1,T,24,V,-0.6472,1
0.6767,0.2802,5,T,24,W,0.09185,4
-1.453,-1.309,5,T,24,Y,-1.191,3
-0.3383,-0.2083,2,S,25,-,,
-0.2395,-0.1419,8,S,25,A,-0.2714,6
-1.198,-1,3,S,25,C,-1.238,1
2.688,0.5589,2,S,25,D,0.7267,2
2.245,0.5338,3,S,25,E,1.597,1
-1.378,-1.214,10,S,25,F,-3.252,2
-0.8398,-0.6224,4,S,25,G,,
0.03455,0.0184,3,S,25,H,1.007,2
0.09758,0.05069,8,S,25,I,1.172,2
-0.8713,-0.6529,3,S,25,K,-0.4875,1
0.7382,0.2985,2,S,25,L,0.3326,1
1.814,0.4964,4,S,25,M,0.2843,2
0.08236,0.04304,4,S,25,N,-0.6386,1
1.901,0.5052,1,S,25,P,0.6045,1
0.04837,0.02562,2,S,25,Q,,
0.3335,0.1579,13,S,25,R,0.6655,2
0,0,,S,25,S,0,
3.334,0.5806,5,S,25,T,1.052,4
-1.832,-1.812,3,S,25,V,,
-0.248,-0.1475,2,S,25,W,0.2773,1
-2.353,-2.542,2,S,25,Y,-1.98,1
-6.655,-4.971,8,H,26,*,-5,4
-1.372,-1.207,2,H,26,-,,
-0.5951,-0.4037,10,H,26,A,-0.7222,3
2.826,0.5648,4,H,26,D,0.4189,2
0.7196,0.293,4,H,26,E,0.1241,1
-1.23,-1.037,1,H,26,F,,
0.3392,0.1602,3,H,26,G,-0.4405,2
0,0,,H,26,H,0,
-0.4456,-0.2858,1,H,26,I,,
0.9723,0.3596,7,H,26,K,-0.4649,2
-1.955,-1.983,8,H,26,L,-1.953,2
0.3339,0.158,7,H,26,M,-0.334,5
4.615,0.5979,7,H,26,N,0.5042,2
0.02075,0.01111,2,H,26,P,-0.7368,2
-0.442,-0.2831,6,H,26,Q,-0.3475,3
0.284,0.1371,9,H,26,R,-0.3574,3
5.966,0.6029,8,H,26,S,1.09,6
0.8152,0.32,1,H,26,T,,
-0.2839,-0.1711,4,H,26,V,-0.4177,1
0.2341,0.1152,6,H,26,W,-0.005349,3
1.196,0.4069,4,H,26,Y,0.7923,2
-0.3376,-0.2078,1,S,27,-,,
-0.1051,-0.05911,3,S,27,A,0.8002,2
-0.4788,-0.311,7,S,27,C,-0.3666,3
0.5808,0.2496,2,S,27,D,0.1674,2
0.4836,0.2158,8,S,27,E,0.1002,5
-0.0456,-0.02506,7,S,27,F,0.3383,3
-0.2409,-0.1428,7,S,27,G,-0.3668,2
-2.873,-3.228,1,S,27,H,,
0.6215,0.2629,9,S,27,I,-0.4135,2
2.839,0.5652,4,S,27,K,0.8373,1
2.822,0.5646,2,S,27,L,0.6784,1
0.9708,0.3592,9,S,27,N,0.9423,3
2.176,0.5288,7,S,27,P,2.197,3
-0.5363,-0.3559,4,S,27,Q,-0.5598,2
-0.1462,-0.08358,12,S,27,R,0.1093,5
0,0,,S,27,S,0,
2.979,0.5704,6,S,27,T,0.5963,3
-1.785,-1.747,3,S,27,V,,
-0.5887,-0.3984,2,S,27,W,-1.074,1
3.324,0.5803,5,S,27,Y,0.04809,3
-5.277,-4.801,3,V,28,*,-5,2
0.5505,0.2393,1,V,28,-,,
2.304,0.5377,5,V,28,A,0.5116,3
3.969,0.5918,1,V,28,C,,
1.812,0.4961,4,V,28,D,-0.4447,1
0.0003341,0.0001807,9,V,28,E,-0.5582,3
0.8417,0.3271,4,V,28,F,0.9375,1
-0.2847,-0.1717,2,V,28,G,-0.3038,1
5.3,0.6012,4,V,28,H,1.144,3
1.733,0.4874,5,V,28,I,1.66,2
1.544,0.4636,4,V,28,K,0.7205,2
0.05151,0.02724,6,V,28,L,0.1153,1
-0.9787,-0.7609,3,V,28,M,,
3.094,0.5741,1,V,28,N,,
-0.9657,-0.7475,2,V,28,P,,
2.943,0.5691,6,V,28,Q,0.9565,5
0.7011,0.2876,1,V,28,R,0.2098,1
0.4548,0.2053,3,V,28,S,1.208,1
0,0,,V,28,V,0,
0.2281,0.1125,2,V,28,W,0.1335,1
3.462,0.5834,4,V,28,Y,1.301,4
-0.1984,-0.1157,1,C,29,-,,
-1.033,-0.8183,4,C,29,A,-0.7325,2
0,0,,C,29,C,0,
1.212,0.4101,2,C,29,D,-0.1823,1
-3.464,-3.867,2,C,29,E,,
-0.1839,-0.1067,15,C,29,F,0.06694,6
-1.439,-1.291,2,C,29,G,-1.066,1
3.787,0.5893,5,C,29,H,1.493,4
0.0447,0.02371,3,C,29,I,0.001112,3
-1.567,-1.455,2,C,29,K,-1.554,2
-0.3288,-0.2017,4,C,29,L,-0.2967,2
-0.4088,-0.2586,2,C,29,M,,
0.4076,0.1874,4,C,29,N,-0.2518,3
2.654,0.5573,1,C,29,P,0.9055,1
0.4054,0.1866,7,C,29,Q,0.03625,4
0.872,0.335,3,C,29,R,,
-1.214,-1.019,1,C,29,S,,
-0.4477,-0.2874,4,C,29,T,-0.3312,2
2.018,0.516,5,C,29,W,0.9502,2
1.082,0.384,8,C,29,Y,-0.3536,2
-5.359,-4.818,6,N,30,*,-5,3
0.3861,0.179,1,N,30,-,,
-0.07808,-0.04345,4,N,30,A,-0.06905,1
0.2589,0.1262,2,N,30,C,0.0333,2
0.4045,0.1862,7,N,30,D,0.06845,3
-1.093,-0.8822,4,N,30,E,-0.7876,2
-1.576,-1.466,6,N,30,F,-2.237,1
1.692,0.4825,7,N,30,G,1.373,2
0.1707,0.08614,4,N,30,H,0.05042,1
0.4659,0.2094,11,N,30,I,0.1366,5
-1.374,-1.21,8,N,30,K,-1.451,4
0.8474,0.3286,3,N,30,L,0.3366,2
-0.4484,-0.2879,5,N,30,M,-0.072,2
0,0,,N,30,N,0,
-0.04186,-0.02297,2,N,30,P,-0.088,2
-0.8972,-0.6784,6,N,30,Q,-1.49,2
-0.8248,-0.608,1,N,30,R,-0.6943,1
0.1175,0.06058,6,N,30,S,-0.1284,2
-0.7028,-0.4959,5,N,30,T,-0.3677,1
-1.263,-1.076,6,N,30,V,-0.8187,4
-0.885,-0.6663,3,N,30,W,-0.0874,1
0.4855,0.2165,5,N,30,Y,,
-0.1623,-0.09333,2,G,31,-,,
0.105,0.05438,2,G,31,A,-0.8968,1
0.2329,0.1147,12,G,31,C,0.6441,3
5.489,0.6018,7,G,31,D,0.9561,2
-1.18,-0.9795,5,G,31,E,-0.845,3
-0.169,-0.09743,2,G,31,F,-0.1497,2
0,0,,G,31,G,0,
0.388,0.1798,2,G,31,H,0.1234,2
0.04409,0.02339,10,G,31,I,-0.002279,3
-1.225,-1.031,5,G,31,K,-1.332,3
-0.6447,-0.4454,3,G,31,L,0.02654,1
0.5319,0.2329,3,G,31,M,-0.2841,2
-0.07405,-0.04114,8,G,31,N,0.4331,4
0.3804,0.1768,6,G,31,P,0.2672,3
-0.002293,-0.001238,4,G,31,Q,0.3772,2
0.4414,0.2003,3,G,31,R,0.00835,2
-0.2003,-0.1169,5,G,31,S,-0.7759,1
-1.167,-0.9649,4,G,31,T,-0.9937,3
0.7847,0.3117,8,G,31,V,-0.5805,2
-1.631,-1.539,11,G,31,W,-1.282,4
1.775,0.4921,4,G,31,Y,0.2238,3
-5.482,-4.842,5,C,32,*,-5,1
0.3867,0.1792,2,C,32,-,,
0.178,0.08958,4,C,32,A,0.206,3
0,0,,C,32,C,0,
-0.2373,-0.1405,4,C,32,D,-0.1318,4
-1.562,-1.449,6,C,32,E,-1.869,4
0.344,0.1621,9,C,32,F,0.126,3
-0.8548,-0.6368,4,C,32,G,,
-0.7542,-0.5422,3,C,32,H,-0.4039,2
-0.1977,-0.1153,2,C,32,I,-0.1818,2
-0.5215,-0.3442,2,C,32,K,0.1642,1
-1.122,-0.9146,5,C,32,L,-1.301,2
-2.202,-2.33,1,C,32,M,,
-1.15,-0.946,5,C,32,N,-0.3534,3
-0.6919,-0.4863,5,C,32,P,-1.129,3
-1.934,-1.953,3,C,32,Q,,
-1.892,-1.895,7,C,32,R,-1.981,1
-0.322,-0.197,7,C,32,S,-1.195,3
2.707,0.5597,3,C,32,T,1.18,1
-0.08401,-0.04686,3,C,32,V,-0.5782,2
-1.903,-1.91,5,C,32,W,-1.838,3
-0.3923,-0.2466,8,C,32,Y,-1.534,1
-0.3997,-0.2519,2,V,33,-,,
0.2418,0.1186,7,V,33,A,-0.3569,2
-1.121,-0.913,7,V,33,C,-0.4766,2
2.471,0.5479,3,V,33,D,0.6641,1
3.518,0.5846,4,V,33,E,0.707,1
0.267,0.1297,4,V,33,F,1.103,2
0.1557,0.07903,4,V,33,G,0.453,3
-0.4642,-0.2998,3,V,33,H,-0.3935,2
3.555,0.5853,4,V,33,I,1.129,3
1.25,0.4169,4,V,33,K,0.4932,4
-0.9688,-0.7506,5,V,33,L,-0.4422,1
0.2017,0.1006,11,V,33,M,0.08848,3
-2.634,-2.923,1,V,33,N,,
1.631,0.4751,8,V,33,P,0.8387,6
1.142,0.3964,3,V,33,Q,,
2.098,0.5227,2,V,33,R,-0.3206,1
0.7443,0.3002,4,V,33,S,0.1488,3
-0.5201,-0.3431,4,V,33,T,0.6265,1
0,0,,V,33,V,0,
-0.6156,-0.4208,3,V,33,W,-0.48,2
1.598,0.4708,7,V,33,Y,-1.152,3
-5.01,-4.734,2,G,34,*,-5,1
0.3003,0.144,2,G,34,-,,
0.2637,0.1283,3,G,34,A,0.3981,3
-0.9944,-0.7772,6,G,34,C,-1.085,3
0.2133,0.1058,5,G,34,D,0.633,2
0.7113,0.2906,4,G,34,E,0.4016,1
-0.3529,-0.2185,4,G,34,F,-0.5957,1
0,0,,G,34,G,0,
-1.441,-1.293,4,G,34,H,-1.841,2
6.09,0.6031,6,G,34,I,0.519,1
2.85,0.5657,1,G,34,K,1.054,1
1.873,0.5024,3,G,34,L,-0.8486,1
-0.907,-0.6881,7,G,34,M,-0.5382,3
0.8334,0.3249,4,G,34,N,0.9776,2
0.7787,0.31,6,G,34,P,0.533,4
0.1075,0.05564,4,G,34,Q,0.1548,1
1.092,0.3861,12,G,34,R,-0.1402,1
0.3785,0.176,6,G,34,S,0.2482,4
2.562,0.5528,10,G,34,T,0.7012,7
1.297,0.4253,6,G,34,V,-0.01989,1
-0.9892,-0.7718,9,G,34,W,-1.428,1
-0.2688,-0.1611,4,G,34,Y,-0.3609,1
-0.7797,-0.5657,1,H,35,-,,
-0.4985,-0.3262,2,H,35,A,,
-1.214,-1.019,4,H,35,C,-1.111,2
2.776,0.5627,1,H,35,D,0.9937,1
-0.0244,-0.0133,4,H,35,E,0.7396,2
0.8023,0.3165,5,H,35,F,1.481,1
-0.01969,-0.01071,5,H,35,G,-0.04963,3
0,0,,H,35,H,0,
0.7193,0.293,6,H,35,I,0.8552,4
2.385,0.5429,8,H,35,K,0.6532,4
4.122,0.5936,2,H,35,L,,
-0.4959,-0.3241,5,H,35,M,-0.3735,3
1.677,0.4808,7,H,35,N,-0.5282,1
-0.6498,-0.4498,1,H,35,P,,
2.565,0.553,3,H,35,Q,0.892,2
0.4836,0.2158,4,H,35,R,0.7,2
2.506,0.5499,5,H,35,S,0.6219,4
1.012,0.3687,5,H,35,T,-0.6724,1
-0.662,-0.4603,4,H,35,V,-0.2785,2
0.6351,0.2672,2,H,35,W,1.445,1
0.2007,0.1001,6,H,35,Y,-0.1075,3
-5.547,-4.854,4,S,36,*,-5,3
0.4397,0.1996,1,S,36,-,,
0.3839,0.1782,7,S,36,A,1.012,4
2.005,0.5148,7,S,36,C,-0.1801,3
1.617,0.4733,7,S,36,D,0.2406,1
-0.8849,-0.6662,2,S,36,E,,
-0.4279,-0.2726,6,S,36,F,0.04245,2
-0.2278,-0.1344,9,S,36,G,-0.1646,3
1.155,0.399,2,S,36,H,,
1.343,0.4332,12,S,36,I,0.1197,5
1.939,0.5089,6,S,36,K,1.058,4
1.126,0.3932,4,S,36,L,0.4305,2
0.9956,0.365,3,S,36,M,1.039,1
-0.4177,-0.2651,5,S,36,N,-0.03828,2
2.819,0.5645,4,S,36,P,0.6806,1
3.923,0.5912,3,S,36,Q,0.9022,1
4.415,0.5964,5,S,36,R,0.8563,2
0,0,,S,36,S,0,
0.478,0.2138,6,S,36,T,0.5692,3
1.688,0.4821,6,S,36,V,0.00115,2
-0.7953,-0.5802,6,S,36,W,-0.2585,4
-0.3072,-0.1869,4,S,36,Y,-0.03907,3
-7.06,-4.991,5,E,37,*,,
-0.3225,-0.1973,1,E,37,-,,
-0.2465,-0.1465,6,E,37,A,0.2842,4
-0.4855,-0.3162,16,E,37,D,-0.55,4
0,0,,E,37,E,0,
-0.6088,-0.4151,7,E,37,F,-0.9692,3
-0.3989,-0.2514,3,E,37,G,-0.3882,1
5.716,0.6024,4,E,37,H,0.2812,3
2.034,0.5174,2,E,37,I,1.635,1
-0.05836,-0.03223,8,E,37,K,0.0432,3
-0.6249,-0.4286,1,E,37,L,,
-0.5985,-0.4065,6,E,37,M,-0.8597,2
-0.1478,-0.08452,4,E,37,N,0.9261,2
-0.0237,-0.01291,7,E,37,P,0.5377,3
-0.6111,-0.417,5,E,37,Q,-2.276,2
1.527,0.4613,7,E,37,R,0.4528,4
3.079,0.5736,2,E,37,S,1.199,1
0.3313,0.157,7,E,37,T,0.2107,4
0.3476,0.1636,7,E,37,V,0.8632,3
-0.1043,-0.05866,5,E,37,W,-0.1535,3
-0.9057,-0.6868,2,E,37,Y,-0.7318,1
-5.256,-4.796,8,N,38,*,-5,2
-0.744,-0.5329,1,N,38,-,,
0.9119,0.345,3,N,38,A,0.2733,1
-1.365,-1.199,8,N,38,C,-1.052,5
-0.1375,-0.07834,3,N,38,D,,
-1.482,-1.346,5,N,38,E,,
-5.736,-4.883,5,N,38,F,-5,1
-0.07506,-0.04172,5,N,38,G,-0.0711,2
-1.281,-1.098,5,N,38,H,-0.8023,3
0.1375,0.07032,8,N,38,I,0.7441,4
-0.7812,-0.5671,8,N,38,K,-0.3198,4
-1.348,-1.178,7,N,38,L,-0.8108,3
1.089,0.3855,5,N,38,M,0.8253,1
0,0,,N,38,N,0,
0.6634,0.2761,6,N,38,P,0.4266,2
0.1303,0.06681,5,N,38,Q,-0.3141,4
-0.2245,-0.1323,5,N,38,R,-0.2782,2
0.387,0.1794,10,N,38,S,1.719,1
-0.6109,-0.4169,3,N,38,T,-0.5967,2
-1,-0.7832,6,N,38,V,-0.5945,4
0.4497,0.2034,8,N,38,W,0.2937,2
2.564,0.5529,1,N,38,Y,0.8919,1
0.7311,0.2964,1,V,39,-,,
-1.5,-1.369,7,V,39,A,,
0.6058,0.2578,4,V,39,C,0.1958,3
-0.6932,-0.4875,5,V,39,D,-0.3684,4
0.6025,0.2567,3,V,39,E,0.8614,1
2.76,0.562,2,V,39,F,2.302,1
-0.8754,-0.6569,1,V,39,G,-0.7612,1
-0.3045,-0.185,7,V,39,H,-0.32,7
1.283,0.423,5,V,39,I,0.685,2
0.7646,0.306,3,V,39,K,0.3791,2
-0.4134,-0.262,8,V,39,L,-1.446,1
3.428,0.5827,12,V,39,M,-0.5024,3
-0.301,-0.1827,3,V,39,N,0.04029,3
4.516,0.5972,5,V,39,P,0.9197,2
-0.3552,-0.2201,4,V,39,Q,-0.2424,2
-0.6292,-0.4322,9,V,39,R,0.5106,4
2.948,0.5693,3,V,39,S,-0.0155,2
0.1132,0.05842,9,V,39,T,0.4985,2
0,0,,V,39,V,0,
-0.3347,-0.2058,2,V,39,W,-0.3006,2
2.127,0.525,5,V,39,Y,0.6195,2
-4.764,-4.657,3,F,40,*,-5,3
0.3323,0.1574,1,F,40,-,,
-1.172,-0.9705,5,F,40,A,-0.191,1
0.1811,0.09101,5,F,40,C,0.9122,1
0.7351,0.2976,2,F,40,D,-0.6679,1
-0.303,-0.184,4,F,40,E,0.1215,2
0,0,,F,40,F,0,
-1.377,-1.213,7,F,40,G,-0.6546,3
3.433,0.5828,5,F,40,H,,
-0.3176,-0.194,5,F,40,I,-0.5031,1
-1.307,-1.129,6,F,40,K,-1.161,2
-1.148,-0.9434,12,F,40,L,-1.306,4
1.184,0.4047,4,F,40,M,-0.04766,3
4.698,0.5984,5,F,40,N,-0.709,2
-0.527,-0.3485,6,F,40,P,0.9963,2
-0.5597,-0.3747,5,F,40,Q,-0.165,3
1.272,0.4209,2,F,40,R,0.3448,2
-0.7652,-0.5523,8,F,40,S,0.1972,3
-1.18,-0.9793,6,F,40,T,-1.054,4
-0.4075,-0.2576,1,F,40,V,,
-0.4598,-0.2965,6,F,40,W,-0.1607,2
-0.03296,-0.01802,6,F,40,Y,0.3719,3
-0.0004842,-0.000261,1,A,41,-,,
0,0,,A,41,A,0,
-0.07614,-0.04234,6,A,41,C,0.9711,1
0.289,0.1392,4,A,41,D,0.7649,3
1.339,0.4325,8,A,41,E,1.546,3
2.332,0.5396,4,A,41,F,0.5551,3
-1.748,-1.697,6,A,41,G,-2.481,4
-1.078,-0.8665,3,A,41,H,-0.993,2
0.2889,0.1392,6,A,41,K,1.331,1
-0.4535,-0.2917,5,A,41,M,-0.63,3
2.945,0.5692,3,A,41,N,1.317,2
2.6,0.5547,4,A,41,P,0.9575,1
0.293,0.1409,4,A,41,Q,0.5958,2
-0.2149,-0.1262,3,A,41,R,-0.1473,1
0.7906,0.3133,10,A,41,S,0.7494,1
0.9696,0.3589,7,A,41,T,0.1033,3
0.5276,0.2315,8,A,41,V,0.3355,3
2.56,0.5527,3,A,41,W,0.9208,2
2.678,0.5584,6,A,41,Y,0.8938,5
-5.593,-4.861,9,V,42,*,-5,4
-0.07817,-0.0435,1,V,42,-,,
-1.538,-1.418,6,V,42,A,-1.785,4
-2.091,-2.173,6,V,42,C,-2.404,2
-1.444,-1.297,3,V,42,D,,
-0.1335,-0.07593,4,V,42,E,-0.7018,3
-1.674,-1.597,5,V,42,F,-1.58,1
-1.191,-0.9928,4,V,42,G,-1.286,2
-1.21,-1.014,6,V,42,H,-1.345,5
0.7344,0.2974,4,V,42,I,-0.3668,2
-1.645,-1.558,4,V,42,K,-1.685,1
-8.188,-5.018,5,V,42,L,,
-0.4896,-0.3193,10,V,42,M,-0.5778,1
-0.494,-0.3227,3,V,42,N,-0.6225,2
0.05266,0.02784,3,V,42,P,0.8394,1
-1.801,-1.769,2,V,42,Q,-1.861,1
2.886,0.5671,3,V,42,R,1.081,1
-0.8621,-0.6439,9,V,42,S,-1.302,3
0.6507,0.2721,6,V,42,T,0.1737,4
0,0,,V,42,V,0,
-1.492,-1.358,4,V,42,W,-1.365,2
-5.007,-4.733,6,E,43,*,-5,1
-0.8174,-0.601,2,E,43,-,,
0.5432,0.2369,3,E,43,A,0.2794,2
-0.5751,-0.3873,5,E,43,C,1.879,1
-0.5767,-0.3885,4,E,43,D,0.3464,1
0,0,,E,43,E,0,
-0.9063,-0.6874,4,E,43,F,-0.4142,1
0.885,0.3383,7,E,43,G,0.73,1
-0.0241,-0.01313,1,E,43,H,,
2.038,0.5177,2,E,43,I,0.8998,1
-1.108,-0.8986,14,E,43,K,-0.7464,2
-1.431,-1.281,1,E,43,L,,
-0.583,-0.3937,5,E,43,M,-0.5432,1
-0.2366,-0.1401,6,E,43,N,0.04733,5
-0.8984,-0.6796,6,E,43,P,-0.5795,4
-0.06523,-0.03612,7,E,43,Q,0.2109,4
1.56,0.4657,1,E,43,R,0.5108,1
0.6258,0.2643,5,E,43,S,0.2539,3
-0.8377,-0.6204,3,E,43,T,-0.6484,2
-0.2581,-0.154,4,E,43,V,-0.3626,4
-0.7094,-0.5018,3,E,43,W,-0.5801,1
-1.023,-0.8067,7,E,43,Y,-0.4817,1
-4.703,-4.635,5,S,44,*,-4.527,2
0.3451,0.1626,1,S,44,-,,
1.507,0.4584,4,S,44,A,0.8437,2
0.1878,0.09415,3,S,44,C,1.919,1
3.281,0.5792,3,S,44,D,0.9071,3
0.511,0.2256,2,S,44,E,,
2.14,0.526,9,S,44,F,0.5806,6
-0.1184,-0.06693,5,S,44,G,-0.1022,1
1.504,0.458,4,S,44,H,0.7976,3
0.6341,0.2669,4,S,44,I,1.669,1
-0.4442,-0.2848,3,S,44,K,,
0.7633,0.3056,5,S,44,L,0.9849,2
0.7345,0.2974,5,S,44,M,-0.2661,1
-0.01557,-0.008457,10,S,44,N,-2.569,2
1.014,0.3691,5,S,44,P,0.9215,2
0.8303,0.3241,6,S,44,Q,0.5194,3
-0.5715,-0.3843,9,S,44,R,-0.8716,4
0,0,,S,44,S,0,
-1.085,-0.8737,4,S,44,T,-0.7947,2
0.522,0.2295,8,S,44,V,0.4567,4
-0.1038,-0.05833,7,S,44,W,1.13,2
-0.8802,-0.6616,3,S,44,Y,-0.7267,2
-0.5709,-0.3838,4,G,45,A,-1.015,2
-1.462,-1.319,8,G,45,C,-3.674,2
0.1229,0.0632,9,G,45,D,-2.542,2
3.447,0.5831,2,G,45,E,1.235,2
0.9339,0.3504,4,G,45,F,-0.06515,2
0,0,,G,45,G,0,
-1.3,-1.12,4,G,45,H,-1.014,4
-1.706,-1.64,6,G,45,I,-1.537,3
0.2126,0.1055,6,G,45,K,0.1609,3
-0.8048,-0.5891,3,G,45,L,1.736,1
-1.117,-0.9092,2,G,45,M,-1.456,1
-0.5465,-0.3641,3,G,45,N,-0.8923,1
-0.8191,-0.6026,1,G,45,P,-0.6895,1
-0.1767,-0.1022,3,G,45,Q,0.2102,2
-1.387,-1.226,2,G,45,R,-0.574,1
1.192,0.4062,6,G,45,S,0.9672,1
-1.562,-1.448,2,G,45,T,-1.862,1
-1.261,-1.073,6,G,45,V,,
-1.763,-1.717,4,G,45,W,-1.524,3
-0.3842,-0.2407,1,G,45,Y,-0.3411,1
-5.316,-4.809,7,G,46,*,-5,3
-0.9355,-0.7167,1,G,46,A,,
-2.291,-2.456,9,G,46,C,-1.89,5
-2.279,-2.439,7,G,46,D,-2.294,2
-1.085,-0.874,5,G,46,E,-1.046,3
-2.43,-2.648,8,G,46,F,-2.665,3
0,0,,G,46,G,0,
-1.169,-0.9676,9,G,46,H,-0.9782,5
-1.842,-1.825,4,G,46,I,-1.703,3
-1.031,-0.816,4,G,46,K,-0.7648,4
-3.802,-4.148,7,G,46,L,-3.853,3
-4.107,-4.352,1,G,46,M,,
-2.972,-3.348,3,G,46,N,-3.728,2
-2.205,-2.335,4,G,46,P,-3.23,2
-1.513,-1.385,5,G,46,Q,,
-6.155,-4.933,4,G,46,R,,
-1.31,-1.132,6,G,46,S,,
-1.704,-1.637,5,G,46,T,-1.764,2
-1.501,-1.37,8,G,46,V,-1.748,3
-2.441,-2.663,5,G,46,W,-2.692,3
-2.264,-2.418,2,G,46,Y,-2.508,1
-9.255,-5.026,9,Y,47,*,-2.676,2
-0.3067,-0.1865,3,Y,47,A,0.216,2
-0.5831,-0.3938,13,Y,47,C,0.8669,2
-1.754,-1.704,8,Y,47,D,-1.27,4
1.79,0.4937,5,Y,47,E,-0.7556,2
1.846,0.4997,9,Y,47,F,0.7697,5
-0.4897,-0.3194,7,Y,47,G,-0.4409,4
0.4344,0.1976,8,Y,47,H,0.3391,2
-5.14,-4.769,4,Y,47,I,,
0.1341,0.06865,8,Y,47,K,0.1906,3
-0.567,-0.3806,8,Y,47,L,-0.835,6
-0.9258,-0.707,8,Y,47,M,-0.9181,4
-0.2181,-0.1282,6,Y,47,N,-3.079,1
-1.658,-1.575,6,Y,47,P,-1.507,5
-0.8464,-0.6287,7,Y,47,Q,-0.3499,4
0.07623,0.03993,3,Y,47,R,0.2656,2
-0.4196,-0.2665,1,Y,47,S,,
-1.863,-1.854,2,Y,47,T,-1.947,1
1.427,0.4467,2,Y,47,V,2.164,1
0.5391,0.2355,3,Y,47,W,0.2222,2
0,0,,Y,47,Y,0,
-4.714,-4.64,2,I,48,*,-5,1
-0.8553,-0.6373,7,I,48,A,0.144,2
-0.9263,-0.7074,5,I,48,C,-0.7367,2
-3.235,-3.64,3,I,48,D,-3.978,2
-1.724,-1.665,7,I,48,E,-1.874,6
3.675,0.5875,5,I,48,F,1.712,2
-1.535,-1.413,1,I,48,G,-1.511,1
-1.802,-1.77,5,I,48,H,-2.08,3
0,0,,I,48,I,0,
-0.6907,-0.4853,6,I,48,K,-1.484,3
-0.1744,-0.1008,6,I,48,M,0.5626,3
-1.514,-1.387,6,I,48,N,-1.447,3
-1.538,-1.417,3,I,48,P,-0.8538,1
-1.8,-1.767,7,I,48,Q,-1.861,2
-1.456,-1.312,5,I,48,R,-1.164,3
-1.403,-1.245,6,I,48,S,-1.18,5
-1.175,-0.9743,10,I,48,T,-1.122,4
0.236,0.1161,8,I,48,V,-0.1247,5
-4.076,-4.333,3,I,48,W,-5,1
-0.6135,-0.419,2,I,48,Y,-0.67,1
-3.326,-3.734,1,P,49,*,,
-0.4004,-0.2524,2,P,49,-,,
-0.8688,-0.6504,3,P,49,A,-0.8715,3
-1.378,-1.214,7,P,49,C,-1.712,5
0.4015,0.185,4,P,49,D,-0.01582,3
1.831,0.4981,3,P,49,E,0.9578,3
-1.816,-1.79,1,P,49,F,-1.882,1
-0.4259,-0.2711,6,P,49,G,-0.3161,4
-1.127,-0.9206,18,P,49,H,-0.985,6
-2.386,-2.587,1,P,49,I,,
0.7928,0.3139,1,P,49,K,,
-1.575,-1.466,9,P,49,L,-1.24,3
-1.086,-0.8746,4,P,49,M,-0.09153,1
-0.8315,-0.6145,5,P,49,N,-0.2858,4
0,0,,P,49,P,0,
0.1267,0.06507,8,P,49,Q,-0.09837,5
0.1203,0.06192,4,P,49,R,,
-0.7675,-0.5544,4,P,49,S,0.4976,2
-0.4746,-0.3078,12,P,49,T,-0.2963,4
0.1849,0.0928,3,P,49,V,0.3105,2
-2.955,-3.327,6,P,49,W,-3.285,2
-1.086,-0.8748,2,P,49,Y,-1.848,2
-5.662,-4.872,5,S,50,*,-5,1
0.415,0.1903,2,S,50,-,,
2.113,0.5239,5,S,50,A,0.4791,3
-1.854,-1.842,5,S,50,C,,
3.227,0.5778,3,S,50,D,1.362,2
-0.8244,-0.6076,2,S,50,E,-0.853,1
-0.9731,-0.7551,12,S,50,F,-0.1053,4
0.4227,0.1932,5,S,50,G,0.5006,3
0.8699,0.3344,3,S,50,H,0.8903,1
1.427,0.4466,1,S,50,I,,
0.9014,0.3424,5,S,50,K,0.8032,3
1.367,0.4372,4,S,50,L,0.4457,3
-0.5891,-0.3988,2,S,50,M,-0.5311,1
-1.098,-0.8877,6,S,50,N,-0.5569,4
0.2632,0.1281,9,S,50,P,-0.3143,5
2.197,0.5303,7,S,50,Q,0.7308,6
2.265,0.5351,1,S,50,R,0.7142,1
0,0,,S,50,S,0,
-0.9874,-0.7699,7,S,50,T,0.812,2
1.45,0.4502,9,S,50,V,0.4574,5
-0.625,-0.4286,1,S,50,W,,
-0.7524,-0.5405,8,S,50,Y,-1.347,1
0.1066,0.05517,2,D,51,-,,
0.03123,0.01665,7,D,51,A,0.5679,3
-1.15,-0.9463,3,D,51,C,-0.7494,2
0,0,,D,51,D,0,
0.3475,0.1636,6,D,51,E,0.778,4
0.1194,0.06151,7,D,51,F,0.2771,2
2.842,0.5654,3,D,51,G,0.7991,2
-0.3796,-0.2375,8,D,51,H,-0.2976,3
-1.518,-1.391,3,D,51,I,-1.496,1
2.882,0.5669,1,D,51,K,1.081,1
0.4071,0.1872,4,D,51,L,0.4753,3
-0.4693,-0.3037,6,D,51,M,-0.5083,5
0.1061,0.05493,20,D,51,N,-0.655,3
-1.028,-0.8123,5,D,51,P,-0.5021,2
0.3045,0.1458,5,D,51,Q,1.171,4
-0.2632,-0.1574,4,D,51,R,0.08875,2
0.1099,0.05679,8,D,51,S,0.02343,5
-0.7074,-0.5,4,D,51,T,-0.5712,2
-1.25,-1.061,5,D,51,V,-0.6838,2
-0.6887,-0.4835,4,D,51,W,-0.2912,1
-0.8346,-0.6174,11,D,51,Y,-0.3013,3
-6.063,-4.924,7,F,52,*,-5,3
0.308,0.1473,2,F,52,-,,
0.01738,0.009315,3,F,52,A,0.2475,1
-0.8766,-0.658,2,F,52,C,,
-0.3838,-0.2404,5,F,52,D,-0.1848,2
-0.556,-0.3717,5,F,52,E,-1.948,1
0,0,,F,52,F,0,
-1.485,-1.349,5,F,52,G,-1.344,1
-1.347,-1.177,3,F,52,H,0.6085,1
-0.5895,-0.3991,5,F,52,I,-0.7032,1
-1.554,-1.437,2,F,52,K,,
2.461,0.5474,5,F,52,M,1.159,1
-1.731,-1.673,2,F,52,N,,
-1.821,-1.797,3,F,52,P,,
0.09896,0.05138,5,F,52,Q,-0.4435,1
-0.9613,-0.743,5,F,52,R,-0.5905,3
0.2794,0.1351,4,F,52,S,0.305,2
0.2712,0.1315,1,F,52,T,0.04999,1
-0.5069,-0.3328,3,F,52,V,-0.4748,1
0.84,0.3266,4,F,52,W,,
-0.8161,-0.5998,5,F,52,Y,-0.6275,3
0.6468,0.2709,2,A,53,-,,
0,0,,A,53,A,0,
0.4835,0.2158,7,A,53,C,0.323,4
2.044,0.5182,5,A,53,D,0.5385,3
2.656,0.5574,3,A,53,E,0.3559,2
1.753,0.4896,7,A,53,F,-0.6756,3
-0.3448,-0.2128,4,A,53,G,-0.4788,2
-1.319,-1.143,4,A,53,H,-1.453,3
0.3714,0.1732,2,A,53,I,0.3724,1
-0.4542,-0.2923,3,A,53,K,-0.7747,2
0.2843,0.1372,2,A,53,L,,
-1.113,-0.9048,3,A,53,M,,
-0.3957,-0.249,7,A,53,N,0.3236,3
-0.2871,-0.1733,5,A,53,P,-0.4017,4
-1.313,-1.135,4,A,53,Q,-1.1,1
-2.143,-2.247,2,A,53,R,-1.844,1
0.1275,0.06547,8,A,53,S,-0.8517,2
0.8561,0.3309,7,A,53,T,-0.1897,3
-0.7812,-0.567,15,A,53,V,-0.7365,5
-0.539,-0.3581,5,A,53,W,-0.6456,2
-0.6758,-0.4723,4,A,53,Y,-1.013,1
-5.177,-4.778,3,F,54,*,-5,1
-0.2585,-0.1543,2,F,54,-,,
-0.6914,-0.4859,4,F,54,A,-0.4079,4
-1.583,-1.476,6,F,54,C,-0.728,3
-2.036,-2.097,5,F,54,D,-2.373,2
-1.606,-1.507,4,F,54,E,-1.182,2
0,0,,F,54,F,0,
-1.253,-1.064,4,F,54,G,-0.2313,2
-3.674,-4.048,7,F,54,H,-3.03,2
-2.778,-3.109,4,F,54,I,-3.538,3
-0.7107,-0.503,6,F,54,K,-0.4799,4
-1.716,-1.653,7,F,54,L,-0.9066,4
-0.2377,-0.1408,6,F,54,M,0.1635,5
-1.487,-1.352,5,F,54,N,-1.631,4
-0.9928,-0.7755,3,F,54,P,-0.8137,1
-1.509,-1.38,9,F,54,Q,-1.093,5
-1.647,-1.56,5,F,54,R,-1.147,2
-1.252,-1.063,4,F,54,S,-0.3482,1
-0.9613,-0.743,3,F,54,T,-0.419,2
-0.3523,-0.2181,9,F,54,V,-0.2567,7
1.725,0.4865,2,F,54,W,0.4802,2
0.2841,0.1371,4,F,54,Y,-0.01112,1
-2.999,-3.379,3,N,55,-,,
1.542,0.4634,6,N,55,A,0.3049,3
-0.3701,-0.2307,3,N,55,C,-0.6289,3
-0.2655,-0.159,6,N,55,D,-0.2015,2
0.283,0.1367,2,N,55,E,0.4258,1
-1.706,-1.639,3,N,55,F,-2.385,2
-0.1467,-0.08388,5,N,55,G,0.1877,2
0.21,0.1044,3,N,55,H,0.2777,2
-0.1443,-0.08239,3,N,55,I,,
1.567,0.4668,5,N,55,K,0.5285,3
2.139,0.526,5,N,55,L,0.1512,2
-0.08854,-0.04948,2,N,55,M,-0.1087,2
0,0,,N,55,N,0,
-1.104,-0.8946,4,N,55,P,-1.575,2
-3.372,-3.778,2,N,55,Q,-3.914,2
-1.864,-1.856,1,N,55,R,-1.936,1
-0.1231,-0.06973,3,N,55,S,-0.325,3
-0.04865,-0.02676,4,N,55,T,0.3083,3
1.809,0.4958,2,N,55,V,,
-0.9538,-0.7354,1,N,55,W,-0.8372,1
2.437,0.546,1,N,55,Y,0.7857,1
-5.191,-4.781,4,N,56,*,-5,1
-2.571,-2.84,3,N,56,-,,
3.283,0.5793,2,N,56,A,1.015,2
-0.8552,-0.6372,5,N,56,C,-0.8206,5
-0.6573,-0.4562,1,N,56,D,,
-1.297,-1.117,7,N,56,E,-1.322,2
-1.924,-1.939,2,N,56,F,-2.044,1
-3.214,-3.619,1,N,56,G,,
-2.552,-2.815,3,N,56,H,-2.889,1
-2.222,-2.358,5,N,56,I,-1.844,1
-0.5827,-0.3935,8,N,56,K,-0.8894,2
-1.026,-0.8103,5,N,56,L,-0.688,4
-0.6576,-0.4565,4,N,56,M,-0.06708,3
0,0,,N,56,N,0,
-2.419,-2.633,5,N,56,P,,
2.388,0.5431,4,N,56,Q,0.0558,2
-12.82,-5.031,2,N,56,R,-5,1
-1.199,-1.002,5,N,56,S,-0.9094,3
-0.6362,-0.4381,9,N,56,T,-0.404,5
-2.953,-3.324,6,N,56,V,-3.822,2
-1.072,-0.8599,2,N,56,W,-0.5793,1
-1.105,-0.8954,1,N,56,Y,-0.9822,1
-5.723,-4.881,13,W,57,*,-5,4
-0.4866,-0.317,2,W,57,-,,
-2.324,-2.501,2,W,57,A,-2.725,1
-2.413,-2.624,9,W,57,C,-2.277,2
-5.528,-4.85,8,W,57,D,-5,6
-5.25,-4.795,2,W,57,E,-5,2
-0.3683,-0.2293,2,W,57,F,-0.231,1
-8.82,-5.024,6,W,57,G,-5,2
-2.88,-3.236,8,W,57,H,-2.836,5
-1.687,-1.614,6,W,57,I,-0.4188,3
-5.219,-4.788,3,W,57,K,-5,2
-1.484,-1.348,18,W,57,L,-0.7239,6
-1.018,-0.8023,8,W,57,M,-0.01355,3
-4.403,-4.51,7,W,57,N,-5,2
-4.453,-4.533,6,W,57,P,-4.919,3
-4.086,-4.34,7,W,57,Q,-4.591,6
-5.022,-4.738,3,W,57,R,-5,1
-3.188,-3.591,1,W,57,S,-3.662,1
-0.6911,-0.4856,3,W,57,T,-0.5769,2
-2.024,-2.079,4,W,57,V,0.9079,1
0,0,,W,57,W,0,
-0.9305,-0.7116,6,W,57,Y,-0.5488,5
-5.118,-4.763,11,F,58,*,-5,3
-0.1325,-0.0753,1,F,58,-,,
-1.902,-1.909,1,F,58,A,-1.983,1
-0.572,-0.3847,5,F,58,C,-0.4218,3
-5.239,-4.793,5,F,58,D,-5,2
-3.597,-3.985,3,F,58,E,-4.069,2
0,0,,F,58,F,0,
-3.1,-3.494,6,F,58,G,-3.426,4
-2.49,-2.73,1,F,58,H,,
-5.287,-4.803,3,F,58,I,-5,1
-4.717,-4.64,6,F,58,K,-5,3
-2.806,-3.144,23,F,58,L,-2.672,12
-1.644,-1.557,5,F,58,M,-1.127,2
-1.177,-0.9767,1,F,58,N,,
-3.225,-3.629,6,F,58,P,-3.741,3
-2.93,-3.298,3,F,58,Q,-3.042,1
-5.449,-4.836,8,F,58,R,-5,3
-1.702,-1.634,4,F,58,S,-1.688,3
-3.111,-3.506,4,F,58,T,-3.714,1
-3.865,-4.194,6,F,58,W,-3.306,1
-0.965,-0.7468,4,F,58,Y,-0.7912,2
-0.2733,-0.1641,1,L,59,-,,
-1.547,-1.429,8,L,59,A,-1.204,1
-1.159,-0.9558,5,L,59,C,-0.9811,1
-4.904,-4.703,2,L,59,D,-5,1
-5.963,-4.913,2,L,59,E,,
-1.996,-2.04,1,L,59,F,-2.12,1
-5.325,-4.811,7,L,59,G,-5,2
-3.532,-3.928,3,L,59,H,,
-0.8095,-0.5935,6,L,59,I,-0.5905,2
-2.831,-3.177,13,L,59,K,-2.9,5
0,0,,L,59,L,0,
-0.7325,-0.5225,14,L,59,M,-0.2778,7
-5.373,-4.821,5,L,59,N,-5,5
-1.852,-1.839,4,L,59,P,-1.503,3
0.2568,0.1253,4,L,59,Q,0.3002,2
-4.745,-4.651,5,L,59,R,,
-2,-2.046,7,L,59,S,-1.659,4
-2.627,-2.914,4,L,59,T,-3.109,1
-0.6062,-0.4129,11,L,59,V,-0.2239,6
-2.055,-2.123,1,L,59,W,-2.258,1
-2.484,-2.722,6,L,59,Y,-2.316,2
0.3846,0.1784,1,L,60,-,,
-4.767,-4.658,2,L,60,A,-5,1
-4.456,-4.535,6,L,60,D,-4.688,2
-6.537,-4.964,16,L,60,E,-5,3
-5.252,-4.795,3,L,60,F,-5,2
-5.348,-4.816,3,L,60,G,-5,2
-5.481,-4.842,5,L,60,H,-5,2
-0.6023,-0.4097,3,L,60,I,-0.7343,1
-5.391,-4.825,4,L,60,K,-5,3
0,0,,L,60,L,0,
-0.5463,-0.3639,2,L,60,M,-1.109,1
-4.538,-4.57,6,L,60,N,-5,3
-7.024,-4.989,5,L,60,P,-5,1
-2.147,-2.253,2,L,60,Q,-2.335,2
-5.269,-4.799,2,L,60,R,-5,2
-6.722,-4.975,5,L,60,S,-5,2
-1.337,-1.164,4,L,60,T,-1.348,2
-2.234,-2.375,4,L,60,V,-2.957,2
-5.56,-4.856,10,L,60,W,-5,7
-6.445,-4.957,6,L,60,Y,-5,3
1.009,0.3681,1,T,61,-,,
-1.607,-1.507,7,T,61,A,-0.5073,1
-3.863,-4.192,2,T,61,C,,
-2.999,-3.379,2,T,61,D,-3.361,1
-1.259,-1.071,7,T,61,E,-1.36,3
-2.128,-2.227,4,T,61,F,-3.302,2
-2.397,-2.602,9,T,61,G,-2.654,3
-1.083,-0.8719,8,T,61,H,-1.196,6
-1.607,-1.508,4,T,61,I,-1.565,4
-6.041,-4.921,12,T,61,K,-5,9
-4.553,-4.577,3,T,61,L,,
-3.704,-4.073,14,T,61,M,-5,1
-3.329,-3.737,10,T,61,N,-3.373,5
-0.677,-0.4733,4,T,61,P,-2.18,2
-2.838,-3.185,2,T,61,Q,-3.285,1
-4.881,-4.696,6,T,61,R,-5,3
-0.03107,-0.01697,6,T,61,S,-0.5125,2
0,0,,T,61,T,0,
-2.417,-2.63,3,T,61,V,-2.595,1
-1.175,-0.9736,7,T,61,W,-0.9385,3
-0.2716,-0.163,4,T,61,Y,-0.9372,1
-0.09999,-0.05612,2,N,62,-,,
0.00906,0.004873,4,N,62,A,-0.4355,3
-3.608,-3.993,8,N,62,C,-3.71,5
-0.9028,-0.6839,12,N,62,D,-0.5571,6
-0.8638,-0.6456,9,N,62,E,-0.4427,6
-3.052,-3.44,7,N,62,F,-4.318,3
-1.613,-1.516,5,N,62,G,-1.816,3
-0.4944,-0.323,7,N,62,H,-0.8641,3
-2.85,-3.2,3,N,62,I,,
-1.065,-0.8523,6,N,62,K,-0.8911,2
-2.14,-2.243,6,N,62,L,-1.87,4
-1.926,-1.943,7,N,62,M,-1.798,4
0,0,,N,62,N,0,
-2.469,-2.701,4,N,62,P,-3.247,2
-1.556,-1.441,8,N,62,Q,-1.42,3
-2.009,-2.058,1,N,62,R,-2.139,1
-1.35,-1.18,6,N,62,S,0.05716,1
1.884,0.5036,4,N,62,T,-1.276,1
-1.531,-1.408,7,N,62,V,-1.117,1
-3.198,-3.601,4,N,62,W,,
-1.929,-1.947,7,N,62,Y,-2.123,5
0.2871,0.1384,2,T,63,-,,
0.6981,0.2866,13,T,63,A,0.3641,10
-1.626,-1.532,4,T,63,C,0.6691,1
0.9157,0.346,9,T,63,D,0.3039,4
-1.863,-1.855,2,T,63,E,-1.955,1
0.273,0.1323,5,T,63,F,-0.8569,4
1.479,0.4544,3,T,63,G,0.4983,2
1.021,0.3706,4,T,63,H,0.8688,2
-0.6869,-0.482,9,T,63,I,-0.4704,4
-0.3209,-0.1962,4,T,63,K,0.5721,3
0.2801,0.1354,3,T,63,L,-0.1034,2
-0.4684,-0.303,5,T,63,M,-0.6418,1
-0.7089,-0.5014,8,T,63,N,-0.5842,3
-2.686,-2.991,3,T,63,P,-3.074,2
-1.201,-1.004,5,T,63,Q,-1.098,4
-0.5575,-0.373,6,T,63,R,-1.062,2
1.802,0.4951,1,T,63,S,0.5574,1
0,0,,T,63,T,0,
-1.365,-1.198,1,T,63,V,-1.282,1
-0.19,-0.1105,6,T,63,W,-1.174,1
-1.918,-1.932,1,T,63,Y,-2.013,1
-0.5481,-0.3654,3,S,64,-,,
-1.013,-0.7965,8,S,64,A,-0.4837,4
-0.7658,-0.5528,1,S,64,C,-0.624,1
-0.8464,-0.6287,10,S,64,D,-1.498,6
-0.2803,-0.1688,6,S,64,E,0.4322,2
-3.051,-3.439,2,S,64,F,-3.832,2
-1.396,-1.238,8,S,64,G,-1.231,4
-0.5937,-0.4025,7,S,64,H,0.0957,3
-5.524,-4.85,16,S,64,I,-5,1
-3.951,-4.253,6,S,64,K,-4.376,4
-3.074,-3.466,4,S,64,L,-3.569,2
-0.6471,-0.4475,4,S,64,M,-3.048,1
-1.64,-1.551,18,S,64,N,-1.621,8
-3.601,-3.988,5,S,64,P,-4.029,3
-0.7385,-0.5279,4,S,64,Q,-0.3229,1
-5.442,-4.835,14,S,64,R,-5,5
0,0,,S,64,S,0,
-1.01,-0.7934,6,S,64,T,-1.204,4
-3.633,-4.015,3,S,64,V,-3.222,2
-3.523,-3.92,9,S,64,W,-4.37,4
-2.474,-2.708,7,S,64,Y,-2.463,4
0.1133,0.05848,2,S,65,-,,
-2.099,-2.185,4,S,65,A,-1.421,1
-1.655,-1.571,4,S,65,C,-1.66,2
-5.051,-4.746,9,S,65,D,-5,6
-4.653,-4.616,6,S,65,E,-5,3
-1.929,-1.947,4,S,65,F,-2.517,2
-4.833,-4.68,10,S,65,G,-4.549,5
-1.436,-1.287,3,S,65,H,-0.9982,2
-1.194,-0.9957,14,S,65,I,-1.204,7
-4.214,-4.413,4,S,65,K,-4.769,4
-1.641,-1.553,7,S,65,L,-1.233,3
-2.789,-3.123,4,S,65,M,-4.035,1
-2.316,-2.489,9,S,65,N,-1.838,2
-3.431,-3.835,3,S,65,P,-4.201,2
-3.513,-3.911,11,S,65,Q,-3.562,6
-4.247,-4.431,8,S,65,R,-5,3
0,0,,S,65,S,0,
-0.583,-0.3937,5,S,65,T,-0.9986,2
-0.3288,-0.2017,12,S,65,V,-0.6537,5
-4.705,-4.636,1,S,65,W,-5,1
-4.199,-4.405,5,S,65,Y,-4.356,3
-0.907,-0.6881,2,V,66,-,,
-1.22,-1.026,6,V,66,A,-0.7358,3
-0.106,-0.05961,5,V,66,C,0.328,3
-2.388,-2.59,4,V,66,D,,
-4.954,-4.718,1,V,66,E,,
-0.6425,-0.4435,8,V,66,F,-1.41,3
-4.179,-4.394,3,V,66,G,-4.542,1
-1.249,-1.06,4,V,66,H,-1.35,2
0.415,0.1903,8,V,66,I,0.9951,3
-3.68,-4.053,4,V,66,K,-4.042,3
0.1404,0.07173,9,V,66,L,0.3697,3
0.7887,0.3128,5,V,66,M,1.002,3
-2.152,-2.26,5,V,66,N,-2.587,2
-2.661,-2.959,5,V,66,Q,-2.39,2
-4.079,-4.335,2,V,66,R,-3.947,1
-2.456,-2.684,3,V,66,S,-2.891,1
0.715,0.2917,1,V,66,T,0.2541,1
0,0,,V,66,V,0,
0.3712,0.1731,5,V,66,W,-0.4013,1
0.5559,0.2412,4,V,66,Y,,
-0.7127,-0.5047,2,V,67,-,,
-4.083,-4.338,4,V,67,A,-5,1
-1.553,-1.437,2,V,67,C,,
-5.284,-4.803,2,V,67,D,-5,2
-5.495,-4.844,6,V,67,E,-5,3
-1.838,-1.82,4,V,67,F,-1.679,2
-4.215,-4.414,4,V,67,G,-4.395,3
-3.034,-3.419,5,V,67,H,-3.496,2
-0.7467,-0.5353,6,V,67,I,-0.5145,4
-0.9029,-0.684,3,V,67,K,-2.892,2
-0.9604,-0.7421,10,V,67,L,-0.8496,2
-1.085,-0.8734,10,V,67,M,-1.211,1
-5.409,-4.828,4,V,67,N,-5,3
-5.385,-4.824,4,V,67,P,-5,4
-4.246,-4.431,4,V,67,Q,-5,1
-2.496,-2.738,5,V,67,R,,
-3.577,-3.967,5,V,67,S,-4.067,4
-1.727,-1.668,6,V,67,T,-2.01,3
0,0,,V,67,V,0,
-2.659,-2.957,5,V,67,W,-2.548,4
-1.754,-1.705,4,V,67,Y,-0.9992,2
-0.5494,-0.3664,2,D,68,-,,
-1.114,-0.9057,4,D,68,A,-0.6084,2
-0.6119,-0.4177,3,D,68,C,1.07,1
0,0,,D,68,D,0,
-0.116,-0.06553,7,D,68,E,-0.1328,3
-1.033,-0.8183,4,D,68,F,-0.8852,3
0.9195,0.3469,9,D,68,G,0.1719,2
-0.1699,-0.09802,5,D,68,H,0.6546,1
-2.549,-2.81,5,D,68,I,-0.1046,1
-1.989,-2.031,7,D,68,K,-2.202,4
-1.877,-1.874,3,D,68,L,-1.647,1
-1.335,-1.162,3,D,68,M,-1.237,3
-0.09514,-0.0533,16,D,68,N,0.3259,2
-4.924,-4.709,4,D,68,P,-5,1
-0.395,-0.2485,1,D,68,Q,,
-1.355,-1.186,1,D,68,R,,
-0.7633,-0.5505,4,D,68,S,-0.1346,3
-0.3934,-0.2473,2,D,68,T,-2.159,2
-0.6124,-0.4181,2,D,68,V,-0.47,1
-0.5822,-0.3931,5,D,68,W,-0.944,3
-0.8838,-0.6652,11,D,68,Y,-0.9042,4
-0.5448,-0.3627,1,G,69,-,,
-1.944,-1.968,1,G,69,A,,
-3.765,-4.12,16,G,69,C,-4.048,5
-2.234,-2.376,14,G,69,D,-2.251,1
-6.158,-4.933,3,G,69,E,,
-4.704,-4.636,8,G,69,F,-4.909,6
0,0,,G,69,G,0,
-3.284,-3.691,4,G,69,I,-3.695,1
-4.031,-4.305,5,G,69,K,-4.057,4
-3.453,-3.856,4,G,69,L,-3.399,1
-2.816,-3.157,4,G,69,M,-3.292,2
-3.043,-3.429,4,G,69,N,-3.271,2
-4.958,-4.72,2,G,69,P,-5,1
-4.382,-4.5,4,G,69,Q,-4.633,2
-0.4754,-0.3084,1,G,69,R,,
-2.837,-3.184,10,G,69,S,-3.196,4
-2.55,-2.811,2,G,69,T,-2.907,2
-3.873,-4.199,7,G,69,V,-4.404,2
-4.103,-4.35,2,G,69,W,-4.525,1
-5.279,-4.801,3,G,69,Y,-4.947,2
-0.4466,-0.2866,1,V,70,-,,
1.617,0.4734,6,V,70,A,0.3263,2
-1.426,-1.274,7,V,70,C,-0.6609,3
-4.12,-4.36,8,V,70,D,-4.486,4
-1.955,-1.983,14,V,70,E,-1.771,7
-0.2436,-0.1446,5,V,70,F,0.3103,2
-2.821,-3.163,3,V,70,G,-2.797,1
0.6425,0.2696,5,V,70,I,0.3227,2
1.191,0.4059,5,V,70,K,0.2663,5
0.827,0.3232,5,V,70,L,0.6092,3
0.308,0.1473,7,V,70,M,0.6953,3
0.5726,0.2468,7,V,70,N,0.2899,4
-0.6962,-0.4902,4,V,70,P,-0.01817,1
0.04773,0.02528,4,V,70,Q,-0.4938,3
-4.812,-4.673,2,V,70,R,-5,1
-0.6049,-0.4118,6,V,70,S,0.2425,2
-0.6923,-0.4867,4,V,70,T,-0.1198,1
0,0,,V,70,V,0,
-1.218,-1.024,6,V,70,W,-0.7399,2
3.388,0.5818,3,V,70,Y,1.415,2
-0.1962,-0.1143,1,V,71,-,,
0.6914,0.2846,5,V,71,A,0.4934,5
3.161,0.576,1,V,71,C,1.709,1
-1.719,-1.657,3,V,71,D,-2.307,1
0.6944,0.2855,7,V,71,E,0.4621,3
-0.7291,-0.5194,11,V,71,F,,
-0.9692,-0.7511,5,V,71,G,-0.6495,4
-1.75,-1.7,5,V,71,H,-1.804,2
-0.9399,-0.7211,7,V,71,I,-0.6878,3
-1.447,-1.301,7,V,71,K,-1.07,2
0.269,0.1306,3,V,71,L,0.6175,2
2.042,0.5181,4,V,71,M,0.4172,3
-1.7,-1.631,5,V,71,N,-1.717,1
-4.655,-4.617,5,V,71,P,-4.769,2
-0.6308,-0.4336,2,V,71,Q,-0.5058,1
-2.287,-2.45,2,V,71,R,-3.086,2
-3.93,-4.239,2,V,71,S,,
2.252,0.5342,3,V,71,T,0.2741,3
0,0,,V,71,V,0,
-0.7122,-0.5043,4,V,71,W,-0.3097,3
-0.6346,-0.4368,3,V,71,Y,-0.526,3
-1.119,-0.9113,1,R,72,-,,
-2.318,-2.493,5,R,72,A,-2.773,2
-3.693,-4.063,5,R,72,C,-4.131,2
-5.344,-4.815,5,R,72,D,-5,4
-2.931,-3.299,8,R,72,E,-3.17,2
-5.857,-4.9,7,R,72,F,-5,1
-3.38,-3.787,5,R,72,G,-3.9,3
-1.507,-1.377,8,R,72,H,-1.826,4
-5.268,-4.799,3,R,72,I,-5,2
-1.679,-1.603,2,R,72,K,-1.686,2
-2.71,-3.023,18,R,72,L,-2.385,2
-3.082,-3.474,5,R,72,M,-3.388,4
1.113,0.3904,1,R,72,N,0.3743,1
-5.157,-4.773,4,R,72,P,-5,3
-1.648,-1.562,10,R,72,Q,-0.8481,2
0,0,,R,72,R,0,
-2.899,-3.26,4,R,72,S,-4.015,1
-2.829,-3.174,6,R,72,T,-2.104,2
-5.498,-4.845,7,R,72,V,-5,5
-6.962,-4.987,18,R,72,W,-5,4
-2.63,-2.919,6,R,72,Y,-2.89,2
1.174,0.4027,4,S,73,A,-0.3781,2
1.605,0.4717,8,S,73,C,0.4169,4
-3.666,-4.042,2,S,73,D,,
0.1552,0.07882,6,S,73,E,0.08627,2
-2.218,-2.352,8,S,73,F,-2.194,6
-1.053,-0.8388,7,S,73,G,-0.4132,3
0.6621,0.2757,4,S,73,H,0.2913,4
-1.003,-0.7863,13,S,73,I,-0.259,4
-0.1369,-0.07798,6,S,73,K,0.4089,3
-0.543,-0.3613,3,S,73,L,-0.3021,3
1.916,0.5067,3,S,73,M,1.231,1
-0.3661,-0.2278,9,S,73,N,0.7012,1
-5.896,-4.905,5,S,73,P,-5,2
0.2965,0.1424,8,S,73,Q,0.2617,4
1.253,0.4175,9,S,73,R,0.09063,5
0,0,,S,73,S,0,
0.4912,0.2186,4,S,73,T,,
-0.5766,-0.3885,4,S,73,V,-0.1243,3
-4.497,-4.553,6,S,73,W,-4.58,2
-1.451,-1.306,8,S,73,Y,-1.228,5
-0.4833,-0.3144,13,F,74,A,-0.38,5
-1.221,-1.027,4,F,74,C,-0.8517,1
0.1329,0.06806,4,F,74,D,0.4947,1
0.53,0.2323,2,F,74,E,0.1766,2
0,0,,F,74,F,0,
0.569,0.2456,5,F,74,G,0.2579,4
-1.708,-1.642,8,F,74,H,-1.791,6
0.2272,0.1121,6,F,74,I,-0.00845,2
-1.617,-1.52,2,F,74,K,-0.3072,1
1.434,0.4476,8,F,74,L,0.9644,3
-0.5458,-0.3635,7,F,74,M,0.1513,3
0.7424,0.2997,4,F,74,N,0.3096,2
-0.6476,-0.4479,8,F,74,P,-0.1271,5
0.5231,0.2299,5,F,74,Q,0.2157,3
1.704,0.484,3,F,74,R,1.193,1
2.634,0.5564,1,F,74,S,0.9137,1
2.152,0.5269,4,F,74,T,,
0.2723,0.132,2,F,74,V,0.7231,1
-0.5,-0.3273,6,F,74,W,0.1784,3
0.3799,0.1766,5,F,74,Y,0.1929,4
-6.765,-4.977,9,Q,75,*,-5,1
-5.396,-4.826,3,Q,75,A,-5,3
-5.112,-4.762,4,Q,75,C,-5,1
-3.724,-4.088,5,Q,75,D,,
-0.944,-0.7253,4,Q,75,E,-0.5171,3
-5.622,-4.866,10,Q,75,F,-5,6
-8.955,-5.025,3,Q,75,G,-5,1
-5.251,-4.795,4,Q,75,H,-5,1
-6.132,-4.931,5,Q,75,I,-5,2
-5.699,-4.878,7,Q,75,K,-5,4
-5.352,-4.817,3,Q,75,L,-5,1
-4.368,-4.493,8,Q,75,M,-5,5
-5.432,-4.833,6,Q,75,N,-5,3
-5.468,-4.84,1,Q,75,P,-4.8,1
0,0,,Q,75,Q,0,
-5.324,-4.811,9,Q,75,R,-5,1
-3.75,-4.108,3,Q,75,S,-4.27,3
-8.457,-5.021,12,Q,75,T,-5,1
-5.827,-4.896,4,Q,75,V,-5,3
-6.828,-4.98,3,Q,75,W,-5,1
-6.724,-4.975,6,Q,75,Y,-5,3
-1.698,-1.628,2,P,76,A,-1.554,1
-5.23,-4.79,3,P,76,C,-5,2
-6.137,-4.931,2,P,76,D,-5,1
-5.193,-4.782,4,P,76,E,-5,3
-4.68,-4.627,8,P,76,F,-5,4
-5.172,-4.777,7,P,76,G,-5,3
-5.795,-4.892,12,P,76,H,-5,5
-5.376,-4.822,2,P,76,I,-5,2
-4.468,-4.54,4,P,76,K,-4.674,2
-5.588,-4.86,14,P,76,L,-5,5
-9.078,-5.025,8,P,76,M,-5,6
-5.414,-4.829,4,P,76,N,-5,2
0,0,,P,76,P,0,
-5.777,-4.889,4,P,76,Q,-5,2
-7.34,-5,2,P,76,R,,
-5.408,-4.828,6,P,76,S,-5,2
-5.254,-4.796,4,P,76,T,-5,1
-5.388,-4.824,8,P,76,V,-5,3
-5.058,-4.748,4,P,76,W,-5,3
-5.846,-4.898,5,P,76,Y,-5,2
-1.523,-1.398,6,L,77,A,-1.129,5
-1.622,-1.527,4,L,77,C,,
-5.443,-4.835,7,L,77,D,-5,5
-4.941,-4.715,2,L,77,E,-5,1
-0.1042,-0.0586,3,L,77,F,-0.05065,1
-4.545,-4.573,6,L,77,G,-5,4
-5.022,-4.738,2,L,77,H,-5,1
-0.4358,-0.2785,2,L,77,I,-0.3619,2
-5.947,-4.911,7,L,77,K,-5,5
0,0,,L,77,L,0,
-1.095,-0.8844,11,L,77,M,-0.9438,3
-5.281,-4.802,5,L,77,N,-5,2
-5.248,-4.794,9,L,77,P,-5,2
-4.993,-4.73,5,L,77,Q,-5,1
-3.015,-3.398,3,L,77,R,-3.288,2
-4.091,-4.342,3,L,77,S,-4.355,2
-1.139,-0.9341,2,L,77,T,-1.017,2
-1.001,-0.7842,3,L,77,V,-0.8862,1
-4.046,-4.315,6,L,77,W,-4.351,4
-1.828,-1.807,3,L,77,Y,-1.974,2
-1.353,-1.184,6,L,78,A,-1.052,3
-0.2567,-0.1532,5,L,78,C,-0.03741,1
-1.926,-1.942,5,L,78,D,-1.69,2
-0.5255,-0.3474,3,L,78,E,-0.482,1
-1.198,-1,3,L,78,F,-0.7517,1
-0.6178,-0.4226,3,L,78,G,-0.4466,1
0.1639,0.08294,3,L,78,H,0.3616,1
1.622,0.474,5,L,78,I,-0.3623,1
0.291,0.14,7,L,78,K,0.1769,2
0,0,,L,78,L,0,
-1.484,-1.347,4,L,78,M,0.7739,1
-6.556,-4.965,6,L,78,P,-2.955,1
0.9721,0.3595,4,L,78,Q,0.7987,1
-0.1156,-0.06531,6,L,78,R,-0.4515,3
-0.4562,-0.2938,2,L,78,S,-0.4019,1
0.3573,0.1676,1,L,78,T,,
0.7023,0.2879,7,L,78,V,0.2191,1
-3.902,-4.22,4,L,78,W,,
0.8754,0.3359,4,L,78,Y,0.3124,1
-1.534,-1.412,3,L,79,A,-1.492,2
2.039,0.5178,3,L,79,C,0.175,3
-5.382,-4.823,8,L,79,D,-5,3
-5.549,-4.854,2,L,79,E,-5,1
-2.024,-2.08,5,L,79,F,-2.132,4
-4.593,-4.593,6,L,79,G,-5,3
-4.385,-4.501,3,L,79,H,-5,3
0.5875,0.2518,2,L,79,I,0.4295,1
-6.469,-4.959,2,L,79,K,-4.61,1
0,0,,L,79,L,0,
-0.06816,-0.03779,2,L,79,M,,
-2.623,-2.909,4,L,79,N,-2.536,1
-1.733,-1.677,8,L,79,P,-1.567,4
-2.758,-3.084,6,L,79,Q,,
-5.366,-4.82,6,L,79,R,-5,1
-1.596,-1.493,8,L,79,S,-1.64,8
0.7685,0.3071,11,L,79,T,0.3764,5
-0.265,-0.1586,4,L,79,V,-0.6865,3
-3.18,-3.582,7,L,79,W,-3.066,5
-2.039,-2.101,4,L,79,Y,-2.188,2
-1.084,-0.8725,5,N,80,A,0.4419,1
-1.155,-0.9511,4,N,80,C,-1.096,2
-0.8288,-0.6118,3,N,80,D,-0.6702,2
3.604,0.5862,2,N,80,E,0.3811,1
-0.747,-0.5356,5,N,80,F,-0.7698,3
3.215,0.5775,3,N,80,G,0.08616,1
-0.5497,-0.3666,3,N,80,H,-0.431,2
-2.217,-2.352,5,N,80,I,-0.9895,2
-0.3569,-0.2213,4,N,80,K,-0.1913,2
-1.987,-2.027,5,N,80,L,-0.8625,2
-0.5796,-0.391,6,N,80,M,-0.7745,3
0,0,,N,80,N,0,
-1.063,-0.8505,2,N,80,P,,
-0.2731,-0.1639,3,N,80,Q,0.9744,2
-0.8151,-0.5988,2,N,80,R,,
3.259,0.5787,3,N,80,S,,
-0.5063,-0.3323,5,N,80,T,-0.3001,1
-0.8152,-0.5989,3,N,80,V,-0.3008,1
-1.791,-1.755,4,N,80,W,0.3914,1
-0.3736,-0.2331,3,N,80,Y,-0.2222,2
-0.3909,-0.2456,2,C,81,*,,
-2.477,-2.712,3,C,81,A,-2.751,3
0,0,,C,81,C,0,
-5.59,-4.861,4,C,81,D,-5,3
-3.389,-3.795,5,C,81,E,-1.089,1
-5.432,-4.833,7,C,81,F,-5,3
-2.8,-3.137,6,C,81,G,-3.348,5
-4.439,-4.527,6,C,81,H,-4.521,3
-5.479,-4.842,5,C,81,I,-5,2
-5.285,-4.803,5,C,81,K,-5,2
-5.257,-4.796,3,C,81,L,-5,2
-5.063,-4.749,5,C,81,M,-4.95,2
-2.829,-3.173,2,C,81,N,,
-5.601,-4.863,8,C,81,P,-5,8
-4.04,-4.311,4,C,81,Q,-4.401,4
-4.765,-4.658,9,C,81,R,-5,1
-3.159,-3.56,6,C,81,S,-3.617,2
-5.541,-4.853,5,C,81,T,-5,1
-5.883,-4.903,5,C,81,V,-5,3
-4.831,-4.68,5,C,81,W,-5,2
-5.564,-4.856,16,C,81,Y,-5,7
-1.348,-1.178,5,L,82,A,-1.67,3
-1.941,-1.963,5,L,82,C,-2.28,2
-5.32,-4.81,3,L,82,D,-5,2
-2.039,-2.1,8,L,82,E,-2.191,4
-0.3661,-0.2278,4,L,82,F,-0.23,2
-1.73,-1.673,3,L,82,G,-1.822,1
-0.4807,-0.3125,3,L,82,H,-0.3907,2
-0.7014,-0.4948,5,L,82,I,-1.458,2
-0.5195,-0.3426,4,L,82,K,-2.552,1
0,0,,L,82,L,0,
-0.3062,-0.1862,16,L,82,M,-0.3844,6
-2.238,-2.381,5,L,82,N,-1.157,1
-7.102,-4.992,7,L,82,P,-5,1
-0.8263,-0.6095,3,L,82,Q,,
-2.163,-2.275,9,L,82,R,-1.878,3
-6.44,-4.957,2,L,82,S,-5,2
-4.933,-4.712,2,L,82,T,-5,1
0.09922,0.0515,4,L,82,V,-0.2404,2
1.861,0.5012,2,L,82,W,0.9368,1
-1.078,-0.8657,10,L,82,Y,-1.762,5
-5.754,-4.886,7,W,83,*,-5,1
-0.6835,-0.479,5,W,83,A,-0.611,3
-1.661,-1.579,6,W,83,C,-1.118,3
-5.61,-4.864,2,W,83,D,-5,1
-2.459,-2.688,3,W,83,E,-2.756,2
0.6139,0.2604,3,W,83,F,0.2244,2
-2.056,-2.125,7,W,83,G,-2.199,4
-1.57,-1.458,2,W,83,H,-1.522,1
-0.5324,-0.3528,10,W,83,I,-0.3726,7
-2.283,-2.444,2,W,83,K,-2.516,2
-1.784,-1.746,11,W,83,L,-1.221,2
3.468,0.5836,2,W,83,M,0.5881,1
-1.381,-1.218,6,W,83,N,-1.129,4
-5.312,-4.809,7,W,83,P,-5,3
-0.6229,-0.4269,5,W,83,Q,-0.5443,3
-1.002,-0.7849,8,W,83,R,-0.8303,2
-5.115,-4.762,3,W,83,S,,
0.3694,0.1724,9,W,83,T,-0.2013,3
-2.899,-3.26,4,W,83,V,-5,1
0,0,,W,83,W,0,
-0.3364,-0.207,1,W,83,Y,,
-5.977,-4.914,6,S,84,*,-5,1
-0.4438,-0.2845,1,S,84,A,,
0.656,0.2738,3,S,84,C,-0.1587,2
-1.188,-0.9893,4,S,84,D,-0.5911,2
0.5003,0.2218,5,S,84,E,0.07135,4
1.229,0.4132,5,S,84,F,,
2.132,0.5254,2,S,84,G,1.056,1
-0.9242,-0.7053,3,S,84,H,-0.7878,2
-1.348,-1.178,7,S,84,I,-1.135,3
-0.01433,-0.007778,6,S,84,K,-0.3426,3
0.107,0.05539,6,S,84,L,-0.2339,2
0.06416,0.03377,5,S,84,M,0.2222,3
0.1277,0.06553,3,S,84,N,-0.08191,2
1.213,0.4103,2,S,84,P,,
-0.309,-0.1881,3,S,84,Q,,
1.294,0.4249,2,S,84,R,0.2793,1
0,0,,S,84,S,0,
0.8931,0.3403,8,S,84,T,0.01036,6
0.01818,0.009741,2,S,84,V,0.04873,1
-1.004,-0.7872,6,S,84,W,-0.252,2
2.605,0.555,6,S,84,Y,0.5663,3
-1.036,-0.8209,4,V,85,A,-1.378,2
2.878,0.5668,5,V,85,C,0.06424,3
-0.7022,-0.4955,5,V,85,D,-0.7614,4
-0.3626,-0.2253,5,V,85,E,0.07796,3
7.187,0.6041,3,V,85,F,0.4193,2
-1.521,-1.395,4,V,85,G,-1.747,1
0.8271,0.3232,4,V,85,H,0.4116,3
0.3575,0.1676,6,V,85,I,0.5266,3
0.4093,0.1881,6,V,85,K,0.636,5
0.8422,0.3272,4,V,85,L,0.6031,1
0.5361,0.2344,8,V,85,M,-0.3126,4
-2.874,-3.229,1,V,85,N,-3.355,1
2.645,0.5569,6,V,85,P,0.5212,2
-0.7764,-0.5626,3,V,85,Q,-0.6535,2
-0.3957,-0.249,4,V,85,R,-0.2447,4
-0.8116,-0.5955,1,V,85,S,-0.6774,1
-1.09,-0.8798,2,V,85,T,-0.9645,2
0,0,,V,85,V,0,
-1.027,-0.8113,6,V,85,W,-1.783,3
0.821,0.3216,7,V,85,Y,0.4358,5
1.199,0.4075,8,S,86,A,0.1404,5
-2.098,-2.184,3,S,86,C,-1.857,1
-1.266,-1.08,3,S,86,D,-1.264,2
1.073,0.3821,4,S,86,E,1.148,2
1.344,0.4333,3,S,86,F,,
4.345,0.5958,6,S,86,G,0.7739,4
0.7681,0.307,5,S,86,I,-0.4833,3
-0.678,-0.4741,2,S,86,K,-0.5495,2
0.09769,0.05074,9,S,86,L,-0.08514,5
0.1987,0.09917,1,S,86,M,0.03159,1
1.749,0.4892,5,S,86,N,0.3488,3
2.114,0.524,8,S,86,P,1.056,2
-0.01918,-0.01043,6,S,86,Q,-0.1162,3
1.746,0.4889,2,S,86,R,0.4839,2
0,0,,S,86,S,0,
2.006,0.515,2,S,86,T,,
-0.7132,-0.5052,4,S,86,V,-0.6467,3
-0.8038,-0.5882,3,S,86,W,-0.6966,2
0.2391,0.1174,10,S,86,Y,0.7662,2
0.3579,0.1678,2,G,87,A,0.6754,1
-3.887,-4.209,17,G,87,C,-5,3
-1.179,-0.9787,16,G,87,D,-0.9039,3
-0.1513,-0.08666,3,G,87,E,-0.1534,1
-1.08,-0.868,6,G,87,F,-1.795,4
0,0,,G,87,G,0,
-0.1421,-0.08109,6,G,87,H,0.1755,2
-1.02,-0.8036,6,G,87,I,-0.7556,3
-1.834,-1.815,3,G,87,K,-1.918,2
-0.9681,-0.75,6,G,87,L,-0.5899,3
-0.5841,-0.3946,5,G,87,M,-0.5847,5
-1.615,-1.518,3,G,87,N,-0.703,1
-1.06,-0.8467,5,G,87,P,-0.7895,2
-0.9503,-0.7317,6,G,87,Q,-0.8624,5
-0.6242,-0.428,10,G,87,R,-0.2725,7
-0.1541,-0.08834,13,G,87,S,0.7312,1
-0.6949,-0.489,3,G,87,T,-0.4423,1
-0.7947,-0.5796,12,G,87,V,-0.06097,4
-1.407,-1.251,3,G,87,W,-2.34,1
-0.8942,-0.6754,8,G,87,Y,-1.031,6
-0.7391,-0.5285,1,S,88,-,,
1.893,0.5044,4,S,88,A,2.207,1
0.2429,0.1192,3,S,88,C,0.02525,2
-0.296,-0.1793,5,S,88,D,-0.9619,1
-0.202,-0.118,7,S,88,E,1.227,1
-0.06813,-0.03777,4,S,88,F,-0.3393,3
-0.7312,-0.5213,4,S,88,G,-0.7563,2
-0.259,-0.1547,5,S,88,H,0.3143,4
-0.6027,-0.41,7,S,88,I,0.1272,3
-1.193,-0.9947,4,S,88,L,-0.9756,4
-0.9762,-0.7583,8,S,88,M,-0.8536,4
0.4047,0.1863,8,S,88,N,0.1384,3
0.2873,0.1385,3,S,88,P,-0.2387,3
0.02934,0.01565,4,S,88,Q,-0.8025,2
-0.6851,-0.4803,7,S,88,R,0.6171,2
0,0,,S,88,S,0,
0.5128,0.2263,4,S,88,T,0.1496,2
-1.89,-1.893,3,S,88,V,,
0.0154,0.008262,6,S,88,W,0.4378,2
-0.3947,-0.2483,1,S,88,Y,,
-0.05756,-0.03178,1,R,89,-,,
1.222,0.4118,7,R,89,A,-0.8027,3
0.4433,0.201,6,R,89,C,0.6331,3
-0.3553,-0.2202,5,R,89,D,0.129,2
-0.1387,-0.07903,1,R,89,E,-0.1347,1
-0.1761,-0.1019,3,R,89,F,,
-0.1509,-0.0864,3,R,89,G,0.6034,1
-1.133,-0.9273,53,R,89,H,-1.506,8
-0.281,-0.1692,1,R,89,I,,
0.5854,0.2511,4,R,89,K,-0.3466,3
-0.7199,-0.5112,14,R,89,L,0.172,2
0.3653,0.1708,13,R,89,N,0.5723,7
0.8852,0.3383,5,R,89,P,0.3406,3
0.4026,0.1855,11,R,89,Q,1.051,2
0,0,,R,89,R,0,
-0.07317,-0.04064,6,R,89,S,-0.3843,4
1.169,0.4018,5,R,89,T,-1.306,2
-0.4458,-0.286,6,R,89,V,-0.07494,3
1.578,0.4682,14,R,89,W,-0.03015,4
0.5492,0.2389,4,R,89,Y,-0.001,2
-0.2385,-0.1413,1,F,90,-,,
-0.908,-0.6891,5,F,90,A,0.4798,3
-1.395,-1.235,5,F,90,C,-1.234,4
1.301,0.426,5,F,90,D,-0.914,2
0.4193,0.1919,5,F,90,E,0.2038,4
0,0,,F,90,F,0,
1.088,0.3852,3,F,90,G,,
-0.2094,-0.1227,2,F,90,H,-0.1798,2
1.466,0.4525,4,F,90,I,-0.5275,1
0.06419,0.03378,3,F,90,K,0.4886,1
-3.092,-3.486,7,F,90,L,,
0.7797,0.3103,2,F,90,M,,
-0.8843,-0.6657,5,F,90,N,-0.1275,1
0.2699,0.131,4,F,90,P,-0.225,2
2.547,0.552,3,F,90,Q,0.9179,3
0.03569,0.01899,7,F,90,R,-2.354,2
0.6315,0.2661,6,F,90,S,-0.6275,1
0.1659,0.08388,6,F,90,T,-0.0438,3
-0.5188,-0.3421,6,F,90,V,-0.3803,1
3.212,0.5775,4,F,90,W,-0.4622,3
1.146,0.3972,9,F,90,Y,0.377,4
-0.4392,-0.281,2,T,91,-,,
-0.4908,-0.3202,8,T,91,A,-1.285,2
-1.832,-1.812,5,T,91,C,-0.7643,3
-1.143,-0.9383,1,T,91,D,,
-0.1942,-0.1131,4,T,91,E,-0.06059,3
-0.1846,-0.1071,9,T,91,F,-0.4069,6
1.027,0.3721,6,T,91,G,0.1885,4
-1.343,-1.172,2,T,91,H,,
0.5575,0.2418,10,T,91,I,-0.5319,2
1.027,0.3721,5,T,91,K,,
0.4128,0.1894,7,T,91,L,-2.074,2
0.4777,0.2137,5,T,91,M,0.5354,2
0.01973,0.01057,10,T,91,N,0.8143,4
-0.5151,-0.3391,6,T,91,P,-0.3079,4
2.614,0.5554,3,T,91,Q,,
-3.134,-3.532,1,T,91,R,-3.314,1
-1.245,-1.054,7,T,91,S,-0.1926,1
0,0,,T,91,T,0,
-0.3009,-0.1826,3,T,91,V,-0.09513,1
-0.9416,-0.7229,7,T,91,W,-0.408,4
-1.109,-0.9006,5,T,91,Y,-0.4786,2
-1.542,-1.422,1,T,92,-,,
-0.5796,-0.3909,4,T,92,A,-0.3976,1
-1.724,-1.665,5,T,92,C,-1.753,2
-0.2983,-0.1809,6,T,92,D,-0.1774,5
0.6088,0.2588,2,T,92,E,,
-0.9001,-0.6812,3,T,92,F,-0.855,2
-0.6285,-0.4316,8,T,92,G,-0.273,2
-1.157,-0.954,6,T,92,H,-1.12,2
-1.73,-1.672,6,T,92,I,-2.021,1
-0.6228,-0.4268,1,T,92,K,-0.4999,1
-1.071,-0.8588,6,T,92,L,-0.7915,5
-2.025,-2.081,2,T,92,M,-3.061,2
0.1014,0.05259,4,T,92,N,,
-0.8987,-0.6798,5,T,92,P,-1.291,1
-0.1817,-0.1053,5,T,92,Q,-0.9194,2
0.4001,0.1845,1,T,92,R,,
0.9196,0.3469,2,T,92,S,0.2901,1
0,0,,T,92,T,0,
-0.8815,-0.6629,4,T,92,V,-0.6436,2
-1.022,-0.8067,3,T,92,W,-0.7929,1
-1.089,-0.8777,7,T,92,Y,-0.5378,4
-1.036,-0.8208,1,G,93,-,,
-0.2329,-0.1377,6,G,93,A,-0.3697,3
-1.942,-1.965,26,G,93,C,-1.655,8
-0.6755,-0.472,6,G,93,D,-1.215,2
-4.797,-4.668,3,G,93,E,-5,1
-4.906,-4.704,1,G,93,F,-5,1
0,0,,G,93,G,0,
-1.369,-1.204,3,G,93,H,-2.338,2
-0.5584,-0.3737,4,G,93,I,-0.7092,2
-0.951,-0.7324,5,G,93,K,-0.4899,2
-0.521,-0.3438,10,G,93,L,-0.51,6
-0.6887,-0.4835,5,G,93,M,-0.5317,2
0.3674,0.1716,6,G,93,N,0.2399,5
-0.6583,-0.4571,3,G,93,P,-0.3491,3
-0.4425,-0.2835,2,G,93,Q,-0.4188,2
-0.4923,-0.3214,3,G,93,R,-1.294,2
0.2782,0.1346,9,G,93,S,-0.6074,1
-1.051,-0.8375,3,G,93,T,-0.697,2
-1.681,-1.606,16,G,93,V,-1.587,4
-1.204,-1.007,2,G,93,W,-1.129,2
-0.9818,-0.7641,11,G,93,Y,-0.6574,7
-0.1357,-0.07725,5,F,94,A,-0.7869,1
-2.181,-2.301,3,F,94,C,-2.362,2
-0.8023,-0.5868,4,F,94,D,-1.737,1
-0.892,-0.6733,7,F,94,E,-0.2109,4
0,0,,F,94,F,0,
-0.9168,-0.6979,1,F,94,G,-0.8089,1
-0.4452,-0.2855,7,F,94,H,-0.7668,4
-1.779,-1.739,7,F,94,I,-1.483,3
-0.9183,-0.6994,3,F,94,K,-0.8621,1
-1.761,-1.714,11,F,94,L,-1.844,2
-1.95,-1.975,5,F,94,M,-1.499,1
-0.03152,-0.01722,6,F,94,N,-0.4442,3
-0.4213,-0.2677,12,F,94,P,-0.8553,6
-0.6087,-0.415,5,F,94,Q,-1.555,2
-1.122,-0.9142,9,F,94,R,-0.8915,4
0.1859,0.09326,7,F,94,S,0.1932,3
-0.723,-0.5139,1,F,94,T,,
-1.085,-0.8741,4,F,94,V,-0.8683,1
-0.7979,-0.5827,3,F,94,W,-1.327,1
0.8136,0.3196,3,F,94,Y,0.01532,1
-0.8499,-0.6321,6,V,95,A,-0.8563,3
-1.717,-1.654,10,V,95,C,-1.916,4
-2.373,-2.569,7,V,95,D,-2.315,3
-3.257,-3.664,8,V,95,E,-3.569,5
-2.107,-2.197,2,V,95,F,-1.967,1
-8.463,-5.021,12,V,95,G,-5,8
-2.36,-2.551,5,V,95,H,-5,1
0.5916,0.2531,6,V,95,I,0.3359,5
-1.464,-1.323,5,V,95,K,-1.471,3
-1.301,-1.121,11,V,95,L,-0.489,4
-1.786,-1.749,16,V,95,M,-1.628,4
5.814,0.6026,3,V,95,N,0.311,1
-5.288,-4.803,7,V,95,P,-5,2
-1.885,-1.885,3,V,95,Q,-1.351,2
-2.34,-2.524,2,V,95,R,-2.725,1
-1.082,-0.8711,4,V,95,S,-0.5564,2
2.884,0.567,2,V,95,T,0.3813,1
0,0,,V,95,V,0,
-2.002,-2.049,7,V,95,W,-1.369,3
-1.881,-1.88,2,V,95,Y,-1.959,1
-4.614,-4.601,7,Y,96,*,-5,1
-1.611,-1.513,8,Y,96,C,-1.129,6
-0.1435,-0.08194,7,Y,96,D,1.16,2
-0.6255,-0.4291,3,Y,96,E,-0.504,2
-1.132,-0.926,4,Y,96,F,-1.504,2
-1.199,-1.001,7,Y,96,G,-1.444,3
-0.2121,-0.1244,4,Y,96,H,,
-4.036,-4.308,12,Y,96,I,-4.238,8
-1.703,-1.635,4,Y,96,K,-1.795,2
-2.5,-2.744,5,Y,96,L,-0.8414,1
-0.2846,-0.1716,2,Y,96,M,-0.2637,2
1.133,0.3946,12,Y,96,N,0.562,5
-2.595,-2.871,6,Y,96,P,-3.217,3
1.162,0.4005,5,Y,96,Q,0.09151,4
-1.51,-1.382,7,Y,96,R,-1.034,5
1.048,0.3766,3,Y,96,S,0.5382,1
-1.904,-1.911,4,Y,96,T,-2.641,1
-2.803,-3.141,5,Y,96,V,-3.025,4
0.6467,0.2709,6,Y,96,W,0.04775,2
0,0,,Y,96,Y,0,
-3.862,-4.192,1,F,97,-,,
-5.414,-4.829,5,F,97,A,-5,2
-5.504,-4.846,11,F,97,C,-5,5
-5.4,-4.827,5,F,97,D,-5,3
-5.051,-4.746,3,F,97,E,-5,1
0,0,,F,97,F,0,
-4.951,-4.717,3,F,97,G,-5,1
-1.125,-0.9178,5,F,97,H,-0.124,3
-0.9236,-0.7047,5,F,97,I,-0.3133,3
-6.137,-4.931,6,F,97,K,-5,3
-0.5529,-0.3692,9,F,97,L,0.3924,2
-0.4403,-0.2819,8,F,97,M,-0.6478,3
-5.479,-4.842,6,F,97,N,-5,4
-5.381,-4.823,2,F,97,P,,
-4.364,-4.491,2,F,97,Q,,
-0.6824,-0.478,1,F,97,R,,
-5.186,-4.78,4,F,97,S,-5,1
-3.655,-4.033,6,F,97,T,-4.366,5
-2.16,-2.271,3,F,97,V,-2.472,1
-0.09563,-0.05359,7,F,97,W,-0.2209,2
-1.317,-1.141,3,F,97,Y,0.3224,1
-0.4079,-0.2579,2,N,98,-,,
-4.084,-4.338,5,N,98,A,,
-5.437,-4.834,5,N,98,C,-5,4
2.37,0.542,3,N,98,D,0.288,2
-1.097,-0.8871,3,N,98,E,-0.4602,2
-8.687,-5.023,6,N,98,F,-5,3
-1.466,-1.325,6,N,98,G,-0.2254,2
-1.104,-0.8947,6,N,98,H,-0.8629,3
-1.386,-1.225,6,N,98,I,-1.262,2
-2.002,-2.049,15,N,98,K,-2.083,3
-5.207,-4.785,5,N,98,L,-5,1
-1.81,-1.782,4,N,98,M,-2.146,2
0,0,,N,98,N,0,
-4.221,-4.417,6,N,98,P,,
-1.969,-2.002,5,N,98,R,-2.024,3
-0.6435,-0.4444,12,N,98,S,-0.5756,4
-0.8855,-0.6668,3,N,98,T,-0.5435,2
-1.043,-0.8281,5,N,98,V,-1.074,4
-4.95,-4.717,5,N,98,W,-5,1
-4.179,-4.394,6,N,98,Y,-3.733,2
0.2926,0.1408,1,G,99,-,,
-0.871,-0.6526,4,G,99,A,0.1922,1
-5.98,-4.915,11,G,99,C,-2.807,1
-1.702,-1.634,16,G,99,D,-1.731,4
0.1559,0.07913,4,G,99,E,0.1362,1
-2.636,-2.926,3,G,99,F,,
0,0,,G,99,G,0,
-0.2727,-0.1637,10,G,99,H,-0.2817,7
-2.194,-2.319,3,G,99,I,-2.38,2
-1.89,-1.892,2,G,99,K,-2.086,1
-1.249,-1.06,6,G,99,L,-0.638,4
-1.716,-1.653,4,G,99,M,-1.299,1
-1.4,-1.241,2,G,99,N,,
-2.85,-3.2,2,G,99,P,-3.711,1
-0.8537,-0.6358,1,G,99,Q,,
-1.885,-1.886,5,G,99,R,-1.3,3
0.007279,0.003918,5,G,99,S,0.3786,2
-1.101,-0.8914,6,G,99,T,-0.1881,3
-2.036,-2.097,11,G,99,V,-0.3809,2
-2.393,-2.598,3,G,99,W,-3.322,2
-2.153,-2.261,2,G,99,Y,,
0.1335,0.06835,1,T,100,-,,
-0.6326,-0.4351,6,T,100,A,,
-2.316,-2.49,6,T,100,C,-2.14,2
-0.643,-0.444,4,T,100,D,-0.1155,3
0.534,0.2337,3,T,100,E,,
-0.6391,-0.4406,12,T,100,F,-0.2134,8
-0.4219,-0.2682,6,T,100,G,-0.4375,4
-0.4518,-0.2904,8,T,100,H,0.8188,5
-0.7355,-0.5252,8,T,100,I,0.01675,2
0.5446,0.2373,9,T,100,K,-2.245,2
-0.3949,-0.2485,7,T,100,L,0.1708,2
2.7,0.5594,7,T,100,M,1.192,5
-0.6716,-0.4686,6,T,100,N,-0.5682,3
-0.7028,-0.4959,2,T,100,P,-0.5939,2
2.286,0.5366,3,T,100,Q,1.248,2
-1.178,-0.978,2,T,100,R,-1.06,1
0.1966,0.0982,4,T,100,S,0.3659,2
0,0,,T,100,T,0,
0.2729,0.1323,5,T,100,V,0.1455,3
-0.01916,-0.01042,5,T,100,W,-0.1036,2
-0.1653,-0.09519,2,T,100,Y,-0.1515,2
-0.06186,-0.03421,2,G,101,-,,
-0.5176,-0.3411,10,G,101,A,0.6845,2
-2.984,-3.361,17,G,101,C,-3.125,6
-0.3409,-0.2101,16,G,101,D,-1.015,9
-0.06714,-0.03721,2,G,101,E,,
-0.8684,-0.65,7,G,101,F,-0.3422,4
0,0,,G,101,G,0,
-0.09665,-0.05418,2,G,101,H,-0.1123,2
-1.787,-1.75,8,G,101,I,-2.105,7
-1.378,-1.215,9,G,101,K,-1.847,2
0.1073,0.05553,5,G,101,L,-0.7503,3
-0.8967,-0.6779,4,G,101,M,-1.207,3
-0.3724,-0.2323,3,G,101,N,-0.5469,1
-3.109,-3.504,4,G,101,P,-2.296,2
-0.4189,-0.266,7,G,101,Q,-0.4259,3
-1.541,-1.421,4,G,101,R,-1.541,3
-0.7173,-0.5089,9,G,101,S,-0.4017,3
-1.027,-0.8118,9,G,101,T,-0.8228,6
-1.55,-1.433,9,G,101,V,-1.263,1
-2.178,-2.296,8,G,101,W,-2.048,3
0.5134,0.2265,4,G,101,Y,0.5963,1
1.146,0.3973,3,R,102,-,,
-0.007913,-0.004284,4,R,102,A,0.58,2
-0.2858,-0.1725,9,R,102,C,0.1418,2
-1.537,-1.416,3,R,102,D,-1.483,3
0.4938,0.2195,2,R,102,E,,
-0.7551,-0.543,4,R,102,F,-0.2473,3
-0.7265,-0.5171,5,R,102,G,0.2216,2
-0.9404,-0.7217,4,R,102,H,-1.122,3
-0.04084,-0.0224,1,R,102,I,-0.06479,1
0.5686,0.2455,7,R,102,K,0.163,3
-0.2331,-0.1378,20,R,102,L,0.1231,7
-0.2836,-0.171,8,R,102,M,-0.5909,4
-0.6607,-0.4592,5,R,102,N,-0.4943,5
-0.4301,-0.2742,5,R,102,P,-0.4893,1
-0.007072,-0.003827,14,R,102,Q,-0.07712,5
0,0,,R,102,R,0,
2.018,0.516,6,R,102,S,0.4947,3
-0.146,-0.08341,1,R,102,T,-0.1425,1
2.635,0.5564,12,R,102,V,0.0001,8
-1.107,-0.8977,11,R,102,W,-1.502,2
-0.378,-0.2363,7,R,102,Y,-0.52,5
-0.9292,-0.7104,3,G,103,-,,
-0.3959,-0.2492,6,G,103,A,-0.6518,3
-2.267,-2.422,20,G,103,C,-1.169,5
-1.41,-1.255,12,G,103,D,-1.329,4
-0.327,-0.2004,8,G,103,E,-1.655,5
-2.267,-2.422,6,G,103,F,-2.5,2
0,0,,G,103,G,0,
-0.7678,-0.5547,7,G,103,H,-0.3464,5
-2.082,-2.162,5,G,103,I,-2.247,1
0.2174,0.1077,1,G,103,K,0.0346,1
-1.177,-0.9761,6,G,103,L,-1.475,3
-1.155,-0.9512,3,G,103,M,0.9411,1
-0.9424,-0.7236,3,G,103,N,-0.1732,1
-1.905,-1.914,7,G,103,P,-1.481,3
-0.601,-0.4086,1,G,103,Q,-0.4696,1
1.548,0.4642,7,G,103,R,-0.3367,2
-0.5778,-0.3894,9,G,103,S,-0.0007,2
-1.285,-1.102,5,G,103,T,-0.154,2
-1.413,-1.258,5,G,103,V,-0.8121,2
-1.869,-1.863,6,G,103,W,-1.903,4
-1.606,-1.506,3,G,103,Y,-3.022,2
-2.423,-2.638,3,D,104,-,,
2.879,0.5668,8,D,104,A,1.013,4
3.231,0.578,4,D,104,C,-0.6098,3
0,0,,D,104,D,0,
-0.3085,-0.1878,7,D,104,E,-0.8,2
1.266,0.4199,4,D,104,F,0.2373,3
-0.01112,-0.006026,13,D,104,G,-0.677,7
0.6374,0.2679,2,D,104,H,0.2016,2
2.029,0.5169,5,D,104,I,0.4306,2
1.736,0.4877,5,D,104,K,-0.5236,1
2.876,0.5667,8,D,104,L,0.739,6
0.159,0.08064,10,D,104,M,-0.3311,4
-0.1468,-0.08393,8,D,104,N,0.8287,1
-0.4932,-0.3221,7,D,104,P,-0.1992,2
-0.6544,-0.4537,9,D,104,Q,0.2693,3
-0.1038,-0.05836,4,D,104,R,-0.3036,3
1.035,0.3738,7,D,104,S,-0.1282,5
-0.492,-0.3212,3,D,104,T,,
-1.381,-1.219,2,D,104,V,,
-0.3167,-0.1934,6,D,104,W,1.332,1
-0.4553,-0.2931,24,D,104,Y,0.1469,2
-0.914,-0.6951,3,C,105,-,,
-4.805,-4.671,4,C,105,A,-4.898,3
0,0,,C,105,C,0,
-5.045,-4.744,5,C,105,D,-4.761,2
-2.574,-2.844,1,C,105,E,,
-6.455,-4.958,10,C,105,F,,
-4.949,-4.717,2,C,105,G,-5,1
-6.253,-4.942,8,C,105,H,-5,5
-4.91,-4.705,5,C,105,I,-5,1
-5.44,-4.834,3,C,105,K,-5,2
-5.635,-4.868,7,C,105,L,-5,6
-5.576,-4.859,6,C,105,M,-5,3
-5.431,-4.833,4,C,105,N,-5,3
-5.391,-4.825,5,C,105,P,-5,3
-4.967,-4.722,1,C,105,Q,-5,1
-5.789,-4.891,12,C,105,R,-5,4
2.711,0.5599,3,C,105,S,-5,1
-4.59,-4.592,6,C,105,T,-5,4
-6.205,-4.938,7,C,105,V,-4.844,2
-4.697,-4.633,2,C,105,W,-5,1
-5.497,-4.845,6,C,105,Y,-5,4
-1.207,-1.01,3,K,106,-,,
0.2414,0.1185,8,K,106,A,0.0154,4
3.938,0.5914,2,K,106,C,-1.387,1
-0.7076,-0.5002,7,K,106,D,-0.5575,6
0.1998,0.0997,6,K,106,E,,
-0.4231,-0.2691,4,K,106,F,-0.6433,2
0.2927,0.1408,7,K,106,G,0.6669,3
-0.2401,-0.1423,8,K,106,H,-0.3816,5
1.418,0.4451,2,K,106,I,0.409,1
0,0,,K,106,K,0,
0.3168,0.151,8,K,106,L,1.226,5
-0.08454,-0.04717,16,K,106,N,-0.2125,8
-2.009,-2.059,1,K,106,P,-2.187,1
2.245,0.5338,14,K,106,Q,-0.4903,7
-0.1934,-0.1126,5,K,106,R,0.4068,1
0.7597,0.3046,7,K,106,S,-0.04502,3
-0.4555,-0.2932,6,K,106,T,-0.2336,2
-0.2787,-0.1677,3,K,106,V,0.2265,3
-0.1672,-0.09632,10,K,106,W,0.8756,2
-0.05415,-0.02985,7,K,106,Y,0.3276,3
0.1143,0.05898,2,G,107,-,,
-0.5585,-0.3737,7,G,107,A,-0.3516,3
-1.291,-1.109,12,G,107,C,-0.9063,6
-0.5107,-0.3357,13,G,107,D,-0.3052,5
-0.8942,-0.6754,7,G,107,E,-0.523,3
-1.793,-1.759,10,G,107,F,-1.576,6
0,0,,G,107,G,0,
-0.3554,-0.2203,4,G,107,H,-0.7444,2
-2.36,-2.552,4,G,107,I,-2.549,2
-0.9185,-0.6996,4,G,107,K,-0.6701,3
-2.14,-2.243,5,G,107,L,-2.475,4
-1.838,-1.82,7,G,107,M,-0.5283,1
-1.716,-1.653,6,G,107,N,-1.671,3
-1.218,-1.023,5,G,107,P,-0.7153,4
-0.2743,-0.1648,6,G,107,Q,-0.187,2
-0.7218,-0.5129,5,G,107,R,-1.22,1
-0.4904,-0.3199,8,G,107,S,-1.665,2
-1.022,-0.806,10,G,107,T,-1.079,4
-2.953,-3.325,9,G,107,V,-1.792,3
-2.467,-2.699,7,G,107,W,-3.495,4
-1.335,-1.162,1,G,107,Y,,
-0.0527,-0.02904,1,F,108,-,,
0.5427,0.2367,6,F,108,A,0.256,4
-0.698,-0.4917,3,F,108,C,-0.2152,1
-1.099,-0.8887,4,F,108,D,-1.021,2
-0.5309,-0.3516,5,F,108,E,-0.1266,3
0,0,,F,108,F,0,
0.01432,0.007684,3,F,108,G,-0.5282,1
0.5327,0.2332,4,F,108,H,0.3581,2
-0.3322,-0.204,2,F,108,I,-0.6306,1
-0.8595,-0.6413,7,F,108,K,-1.383,4
-3.522,-3.919,1,F,108,L,,
2.662,0.5577,5,F,108,M,1.488,2
-1.582,-1.475,1,F,108,N,-1.592,1
0.509,0.2249,5,F,108,P,0.3058,2
-0.007559,-0.004091,5,F,108,Q,-0.1987,3
0.5369,0.2347,6,F,108,R,-0.7461,3
-0.8144,-0.5982,4,F,108,S,-0.2926,3
0.3777,0.1757,2,F,108,T,0.1793,1
-0.8213,-0.6047,3,F,108,V,-0.5817,3
0.037,0.01968,6,F,108,W,0.9099,3
0.7513,0.3022,7,F,108,Y,-0.1531,4
5.18,0.6008,1,Y,109,*,,
0.1256,0.06452,2,Y,109,-,,
-0.1043,-0.05866,6,Y,109,A,1.205,2
1.202,0.4081,6,Y,109,C,-0.6912,4
3.596,0.5861,5,Y,109,D,-0.9434,2
0.9062,0.3436,1,Y,109,E,,
0.02379,0.01272,4,Y,109,F,-0.0579,2
-0.1256,-0.0712,3,Y,109,G,0.2146,1
2.58,0.5537,7,Y,109,H,-0.2465,5
0.8267,0.3231,4,Y,109,I,-0.1272,2
1.884,0.5035,2,Y,109,K,-0.9042,1
-0.3935,-0.2475,5,Y,109,L,2.3,1
0.9034,0.3429,4,Y,109,M,0.4294,3
-0.5131,-0.3376,10,Y,109,N,0.1176,4
-1.333,-1.16,7,Y,109,P,-0.849,3
-0.2192,-0.1289,10,Y,109,Q,-0.1336,5
-0.3675,-0.2288,6,Y,109,R,-0.6174,3
-0.09047,-0.05059,8,Y,109,S,-0.08455,4
-0.6416,-0.4427,8,Y,109,T,-1.133,5
-0.01032,-0.005595,10,Y,109,V,0.3668,4
-0.2343,-0.1386,8,Y,109,W,-0.1423,7
0,0,,Y,109,Y,0,
0.2707,0.1313,3,S,110,-,,
3.738,0.5885,5,S,110,A,0.8465,3
-1.168,-0.9656,8,S,110,C,-0.5803,2
-0.06574,-0.03641,4,S,110,D,-0.1522,3
0.3559,0.167,6,S,110,E,0.0694,2
-1.365,-1.199,2,S,110,F,-1.277,2
0.2486,0.1217,8,S,110,G,0.7708,5
-1.165,-0.963,7,S,110,H,-0.2169,4
-1.168,-0.9657,3,S,110,I,-0.204,2
0.7145,0.2915,7,S,110,K,0.6286,2
-0.2393,-0.1418,8,S,110,L,-0.8292,3
0.9103,0.3446,1,S,110,M,0.3124,1
-0.7835,-0.5692,10,S,110,N,-0.6405,4
-1.705,-1.638,13,S,110,P,-0.9042,5
1.465,0.4523,3,S,110,Q,0.5959,2
-0.4551,-0.293,3,S,110,R,-0.325,3
0,0,,S,110,S,0,
-1.827,-1.805,2,S,110,T,-2.073,1
1.751,0.4894,5,S,110,V,1.312,1
-1.314,-1.137,4,S,110,W,-1.162,2
-0.8241,-0.6074,19,S,110,Y,0.2958,5
0.7378,0.2984,3,N,111,-,,
1.226,0.4126,7,N,111,A,0.03695,4
-2.273,-2.429,6,N,111,C,-1.599,2
-0.793,-0.5781,6,N,111,D,0.2115,1
-0.4247,-0.2703,4,N,111,E,-1.094,1
-1.021,-0.8054,3,N,111,F,-1.588,2
2.012,0.5155,4,N,111,G,0.8826,2
0.3918,0.1813,5,N,111,H,0.3402,3
1.184,0.4047,7,N,111,I,-0.06786,5
-2.427,-2.644,8,N,111,K,-1.876,4
-0.9639,-0.7457,8,N,111,L,-0.3478,4
-0.4381,-0.2802,5,N,111,M,-0.2751,4
0,0,,N,111,N,0,
-0.2853,-0.1721,4,N,111,P,-0.1698,2
0.1021,0.05293,7,N,111,Q,-0.01698,5
-1.755,-1.706,4,N,111,R,-1.039,1
-3.979,-4.272,5,N,111,S,-1.844,2
1.548,0.4642,5,N,111,T,-0.2464,2
-1.074,-0.8615,4,N,111,V,-0.7847,3
-1.514,-1.386,3,N,111,W,-0.006091,1
-0.866,-0.6477,6,N,111,Y,-0.5029,3
-0.5994,-0.4072,4,A,112,-,,
0,0,,A,112,A,0,
-1.713,-1.649,2,A,112,C,-1.729,1
2.467,0.5477,8,A,112,D,0.8936,4
-1.815,-1.788,3,A,112,E,-1.881,1
-0.8282,-0.6112,5,A,112,F,-0.4791,4
0.1222,0.06285,5,A,112,G,0.6963,1
2.536,0.5515,2,A,112,H,,
0.8974,0.3414,3,A,112,I,0.1392,1
-0.2936,-0.1777,11,A,112,K,-0.849,6
-1.467,-1.326,2,A,112,L,-0.05965,1
-0.4529,-0.2913,4,A,112,M,-0.9182,1
0.2511,0.1228,4,A,112,N,-0.06611,4
-1.307,-1.128,3,A,112,P,-0.7085,2
-0.4084,-0.2583,8,A,112,Q,0.1299,2
0.7366,0.298,9,A,112,R,0.35,5
-0.1113,-0.06274,8,A,112,S,0.3866,2
2.403,0.544,13,A,112,T,0.1115,3
-0.03023,-0.01651,10,A,112,V,0.04131,4
-2.308,-2.478,5,A,112,W,-3.409,3
-0.4799,-0.3118,5,A,112,Y,-0.2662,3
-1.547,-1.429,5,S,113,-,,
-0.2614,-0.1563,5,S,113,A,0.09244,1
3.028,0.572,5,S,113,C,0.8481,4
-0.3913,-0.2459,8,S,113,D,-0.3898,7
0.893,0.3403,3,S,113,E,0.5199,1
-0.4918,-0.321,7,S,113,F,-0.4164,3
-0.132,-0.07501,2,S,113,G,-0.5533,1
-0.7021,-0.4954,3,S,113,H,-0.6404,2
-0.2319,-0.137,16,S,113,I,0.08184,3
-0.7544,-0.5424,4,S,113,K,-0.911,1
0.191,0.09563,4,S,113,L,0.1875,4
-1.341,-1.169,5,S,113,M,-1.027,3
0.5242,0.2303,9,S,113,N,0.479,3
-0.3386,-0.2085,13,S,113,P,-1.368,5
0.193,0.09656,5,S,113,Q,-0.0137,2
-0.1177,-0.06651,6,S,113,R,0.235,1
0,0,,S,113,S,0,
0.349,0.1642,3,S,113,T,0.1589,2
-0.8711,-0.6527,2,S,113,V,1.753,1
1.555,0.4651,2,S,113,W,,
1.963,0.5111,1,S,113,Y,,
-0.702,-0.4953,4,S,114,-,,
-0.9777,-0.7599,4,S,114,A,-2.463,2
-0.9899,-0.7725,8,S,114,C,-0.438,4
-3.36,-3.767,3,S,114,D,-3.851,2
-5.184,-4.78,6,S,114,E,-5,2
-0.6635,-0.4616,10,S,114,F,-0.3814,7
3.352,0.581,3,S,114,G,0.6557,3
-1.412,-1.257,9,S,114,H,-1.437,3
-1.416,-1.261,4,S,114,I,-1.719,3
-5.552,-4.854,6,S,114,K,-5,5
-5.245,-4.794,4,S,114,L,-5,2
-3.883,-4.207,5,S,114,M,-4.468,4
-1.411,-1.256,2,S,114,N,-1.36,1
-0.925,-0.7061,14,S,114,P,-0.5322,9
-3.813,-4.156,3,S,114,Q,-3.558,2
-4.391,-4.504,5,S,114,R,,
0,0,,S,114,S,0,
-0.08119,-0.04524,8,S,114,T,0.0584,4
-0.9915,-0.7741,8,S,114,V,-0.7722,4
-3.006,-3.388,8,S,114,W,-2.282,5
-0.9371,-0.7183,14,S,114,Y,-0.09813,4
-1.248,-1.059,5,D,115,-,,
-1.035,-0.8199,7,D,115,A,-1.028,2
-1.736,-1.68,5,D,115,C,-1.772,4
0,0,,D,115,D,0,
0.6679,0.2775,6,D,115,E,0.4548,3
-1.404,-1.246,7,D,115,F,-1.012,4
-1.364,-1.197,2,D,115,G,,
-1.141,-0.9361,5,D,115,H,0.4605,1
-3.675,-4.049,2,D,115,I,-4.171,1
-3.639,-4.02,6,D,115,K,-3.197,3
0.01294,0.006951,4,D,115,M,-0.06403,3
-1.086,-0.8751,12,D,115,N,0.03,1
-1.532,-1.409,5,D,115,P,-1.489,3
-0.6607,-0.4592,4,D,115,Q,-0.5306,4
-3.485,-3.885,6,D,115,R,-4.269,3
-0.7527,-0.5408,2,D,115,S,-0.6079,1
0.08923,0.0465,4,D,115,T,0.3523,2
-1.091,-0.8799,4,D,115,V,-0.9904,3
-2.013,-2.064,3,D,115,W,-2.146,2
-2.51,-2.758,11,D,115,Y,-2.033,3
-0.4812,-0.3128,5,V,116,-,,
-0.7669,-0.5539,7,V,116,A,0.4168,3
-0.7353,-0.525,7,V,116,C,-0.8934,5
-4.538,-4.57,8,V,116,D,-5,3
-5.617,-4.865,6,V,116,E,-5,2
1.041,0.3752,6,V,116,F,0.7155,3
-0.5656,-0.3795,4,V,116,G,-0.5022,2
-0.1975,-0.1151,2,V,116,H,-0.1729,2
-0.6989,-0.4925,1,V,116,I,,
-4.989,-4.728,3,V,116,K,-4.649,1
-2.567,-2.835,17,V,116,L,-2.687,3
-0.243,-0.1442,11,V,116,M,-0.6259,4
-1.394,-1.234,3,V,116,N,-0.7329,1
-5.212,-4.786,3,V,116,P,-5,2
-5.944,-4.91,7,V,116,Q,-5,2
-4.807,-4.672,1,V,116,R,,
0.1414,0.07218,5,V,116,S,0.4684,3
-2.227,-2.366,3,V,116,T,-1.741,1
0,0,,V,116,V,0,
0.6376,0.268,2,V,116,W,0.2616,1
-0.9594,-0.741,9,V,116,Y,-0.5623,6
-0.9602,-0.7418,4,I,117,-,,
-1.112,-0.9035,6,I,117,A,-0.6545,3
-7.004,-4.988,4,I,117,C,,
-5.38,-4.823,7,I,117,D,-5,3
-5.242,-4.793,4,I,117,E,-5,2
-1.371,-1.206,5,I,117,F,-0.9948,3
-5.463,-4.839,6,I,117,G,-5,4
-7.025,-4.989,7,I,117,H,-5,4
0,0,,I,117,I,0,
-2.111,-2.202,3,I,117,K,,
-0.1334,-0.07586,7,I,117,L,-0.9298,5
2.472,0.548,3,I,117,M,1.172,1
-5.237,-4.792,5,I,117,N,-5,2
-5.854,-4.899,7,I,117,P,-5,3
0.4058,0.1867,8,I,117,Q,0.09356,4
-5.805,-4.893,10,I,117,R,-5,7
-4.982,-4.726,5,I,117,S,-5,2
-2.268,-2.422,5,I,117,T,-2.031,2
-0.8397,-0.6223,4,I,117,V,0.1978,2
-1.627,-1.534,6,I,117,W,-1.435,3
-2.844,-3.192,4,I,117,Y,-2.979,2
-2.882,-3.239,5,R,118,-,,
-5.701,-4.878,7,R,118,A,-5,4
-5.799,-4.892,11,R,118,C,-5,5
-5.641,-4.869,10,R,118,D,-5,6
-4.438,-4.526,6,R,118,E,-5,3
-5.507,-4.847,9,R,118,F,-5,7
-6.459,-4.958,10,R,118,G,-5,2
-5.759,-4.887,8,R,118,H,-5,5
-6.931,-4.985,12,R,118,I,-5,1
-5.07,-4.751,5,R,118,K,-5,3
-5.288,-4.803,9,R,118,L,-5,5
-5.515,-4.848,9,R,118,M,-5,4
-5.447,-4.836,9,R,118,N,-5,4
-5.094,-4.757,7,R,118,P,-4.707,2
-4.968,-4.722,6,R,118,Q,-5,5
0,0,,R,118,R,0,
-5.312,-4.809,6,R,118,S,-5,2
-5.196,-4.782,12,R,118,T,-5,8
-6.012,-4.918,12,R,118,V,-5,8
-5.665,-4.873,8,R,118,W,-5,4
-4.947,-4.716,5,R,118,Y,-5,2
-5.164,-4.775,4,Y,119,*,-5,1
-2.122,-2.217,6,Y,119,-,,
-0.3195,-0.1953,6,Y,119,A,-0.3641,5
-1.024,-0.8084,10,Y,119,C,-0.5973,5
-5.469,-4.84,4,Y,119,D,-5,4
-4.974,-4.724,1,Y,119,E,-5,1
-0.318,-0.1943,8,Y,119,F,0.1139,4
-0.8944,-0.6756,5,Y,119,G,-0.4359,2
0.04188,0.02224,2,Y,119,H,-0.07204,1
0.7652,0.3062,4,Y,119,I,0.655,2
-2.644,-2.937,3,Y,119,K,-3.119,1
1.097,0.3871,6,Y,119,L,0.1177,3
-0.2838,-0.1711,5,Y,119,M,-1.144,1
-2.404,-2.613,4,Y,119,N,,
-5.5,-4.845,5,Y,119,P,-5,4
-4.167,-4.387,5,Y,119,Q,-5,1
-5.195,-4.782,9,Y,119,R,-5,3
-0.4569,-0.2943,8,Y,119,S,-0.2665,5
1.084,0.3844,7,Y,119,T,0.3454,4
1.702,0.4838,6,Y,119,V,-0.0136,2
-1.447,-1.301,7,Y,119,W,-1.776,4
0,0,,Y,119,Y,0,
-0.5194,-0.3426,6,N,120,-,,
-0.7561,-0.544,6,N,120,A,-0.5373,4
0.1973,0.09851,5,N,120,C,0.1018,2
-0.6591,-0.4578,6,N,120,D,0.1546,2
2.099,0.5228,4,N,120,E,0.7019,2
0.847,0.3285,6,N,120,F,-0.09094,4
-0.03599,-0.0197,5,N,120,G,-1.085,2
-2.298,-2.465,1,N,120,H,,
-1.172,-0.9705,2,N,120,I,-1.061,2
-0.1144,-0.06459,8,N,120,K,-1.125,6
-0.2183,-0.1283,4,N,120,L,0.1707,2
1.118,0.3916,3,N,120,M,-0.1304,3
0,0,,N,120,N,0,
2.124,0.5247,4,N,120,P,0.9969,3
2.419,0.545,3,N,120,Q,0.6197,2
-1.802,-1.771,9,N,120,S,-2.425,1
3.896,0.5909,10,N,120,T,0.2365,4
-1.041,-0.8265,4,N,120,V,-1.273,2
-2.023,-2.078,5,N,120,W,-2.51,2
-1.412,-1.256,6,N,120,Y,-2.692,2
-0.253,-0.1507,5,I,121,-,,
-2.138,-2.24,3,I,121,A,-2.346,1
-2.332,-2.512,3,I,121,C,-1.663,1
0.7817,0.3108,4,I,121,D,-0.6289,1
0.02015,0.01079,2,I,121,E,,
-1.012,-0.7955,6,I,121,F,-1.043,2
-0.6135,-0.419,3,I,121,G,-5,1
0.5999,0.2559,6,I,121,H,0.2976,4
0,0,,I,121,I,0,
-2.485,-2.723,2,I,121,K,-3.064,1
1.439,0.4485,8,I,121,L,0.3025,6
-1.035,-0.8197,6,I,121,M,-0.9787,1
-0.1412,-0.08057,4,I,121,N,0.697,3
-0.8735,-0.655,2,I,121,P,-0.9183,1
-0.1568,-0.09,8,I,121,Q,-0.3765,4
-0.9476,-0.729,4,I,121,R,-0.8002,2
-0.1019,-0.05721,1,I,121,S,,
-0.6932,-0.4875,2,I,121,T,-0.5494,1
-1.356,-1.187,11,I,121,V,-1.574,6
1.088,0.3853,3,I,121,W,-0.1038,1
-0.3139,-0.1915,5,I,121,Y,-0.6082,3
0.02272,0.01216,5,N,122,-,,
-0.2948,-0.1785,8,N,122,A,-0.5083,2
-0.9038,-0.6849,5,N,122,C,-0.6694,4
-0.1305,-0.07411,3,N,122,D,-0.4507,1
-2.422,-2.636,2,N,122,E,-2.747,1
-2.225,-2.362,2,N,122,F,,
0.4157,0.1905,4,N,122,G,-0.9537,1
-1.315,-1.138,10,N,122,H,-1.834,3
-0.9413,-0.7226,4,N,122,I,0.1512,1
0.6385,0.2683,8,N,122,K,-0.6059,5
-0.7784,-0.5644,5,N,122,L,-0.7216,4
-0.6841,-0.4795,3,N,122,M,-0.5843,2
0,0,,N,122,N,0,
-0.8246,-0.6078,5,N,122,P,-0.4808,4
2.351,0.5408,3,N,122,Q,1.673,1
-0.5239,-0.3461,2,N,122,R,,
-0.2886,-0.1743,5,N,122,S,0.8053,1
-1.121,-0.9136,4,N,122,T,-1.078,1
-0.4851,-0.3158,3,N,122,V,,
-1.618,-1.522,4,N,122,W,-1.618,3
2.105,0.5232,3,N,122,Y,0.3164,2
0.08853,0.04615,5,F,123,-,,
0.5134,0.2265,5,F,123,A,-0.3244,3
-0.5384,-0.3576,5,F,123,C,-0.2219,2
0.6301,0.2656,4,F,123,D,-0.01925,1
2.129,0.5251,4,F,123,E,0.9041,3
0,0,,F,123,F,0,
2.925,0.5685,7,F,123,G,-1.948,2
1.838,0.4988,4,F,123,H,0.2545,2
3.727,0.5883,4,F,123,I,0.3474,2
-1.582,-1.475,5,F,123,K,-2.099,1
1.1,0.3878,9,F,123,L,-0.449,2
-1.197,-0.9992,4,F,123,M,-1.661,2
0.597,0.2549,3,F,123,N,0.3244,2
-0.6773,-0.4736,6,F,123,P,-0.5311,4
-0.8916,-0.6728,8,F,123,Q,-0.2833,4
0.3409,0.1609,6,F,123,R,-0.8969,3
1.34,0.4327,11,F,123,S,0.1409,4
1.787,0.4934,3,F,123,T,-0.3309,1
-0.1794,-0.1039,4,F,123,V,-2.275,1
-1.548,-1.431,3,F,123,W,-1.796,2
0.09347,0.04863,3,F,123,Y,-0.0228,1
-6.449,-4.957,11,E,124,*,-5,1
-0.6763,-0.4727,4,E,124,-,,
-0.6024,-0.4098,2,E,124,A,1.793,1
0.9723,0.3596,8,E,124,C,0.3711,6
-0.7725,-0.559,6,E,124,D,-0.53,2
0,0,,E,124,E,0,
-2.356,-2.546,5,E,124,F,-2.525,1
-0.9224,-0.7035,4,E,124,G,-0.311,1
-1.091,-0.8805,4,E,124,H,-0.8617,2
-1.11,-0.9014,2,E,124,I,-0.9888,2
-1.494,-1.36,5,E,124,K,-1.796,2
-1.447,-1.3,4,E,124,L,-1.664,3
-0.5158,-0.3397,8,E,124,M,-0.3245,3
-1.722,-1.662,5,E,124,N,-1.514,1
2.991,0.5708,2,E,124,P,0.8525,2
0.9066,0.3437,8,E,124,Q,0.3591,4
0.5546,0.2408,7,E,124,R,0.5499,2
-2.208,-2.338,2,E,124,S,,
-3.595,-3.983,3,E,124,T,,
0.4094,0.1881,4,E,124,V,0.7844,1
-3.676,-4.05,5,E,124,W,-3.895,5
-1.251,-1.061,3,E,124,Y,-1.068,2
-2.018,-2.071,4,R,125,-,,
0.1629,0.08245,5,R,125,A,-0.0275,2
-0.464,-0.2997,5,R,125,C,-0.7513,2
-0.4336,-0.2768,6,R,125,D,-0.1839,4
1.861,0.5012,6,R,125,F,0.2405,5
0.3758,0.175,3,R,125,G,0.1066,2
1.105,0.389,5,R,125,H,0.8757,3
1.825,0.4975,7,R,125,I,0.6343,4
0.2955,0.142,5,R,125,K,0.236,3
3.133,0.5752,12,R,125,L,0.5531,3
-0.7436,-0.5326,5,R,125,M,-0.8692,2
0.9757,0.3604,4,R,125,N,-0.6485,1
-0.9332,-0.7143,8,R,125,P,-0.1862,2
-0.4663,-0.3014,11,R,125,Q,-0.9133,2
0,0,,R,125,R,0,
0.7237,0.2942,3,R,125,S,-0.067,2
-0.982,-0.7643,7,R,125,T,-0.898,5
-0.04223,-0.02318,5,R,125,V,0.1761,3
0.9332,0.3503,16,R,125,W,0.9716,3
0.4035,0.1858,3,R,125,Y,0.7093,1
-0.9469,-0.7283,3,N,126,-,,
-0.8352,-0.618,4,N,126,A,-0.7375,2
-1.235,-1.043,1,N,126,C,,
2.126,0.5249,2,N,126,D,-0.717,1
2.556,0.5525,4,N,126,E,0.6502,3
1.102,0.3883,8,N,126,F,-0.4244,5
-1.5,-1.369,6,N,126,G,-1.131,3
-1.924,-1.94,2,N,126,H,,
-1.512,-1.383,2,N,126,I,,
0.2101,0.1044,7,N,126,K,0.2916,3
3.302,0.5798,8,N,126,L,0.06045,4
2.742,0.5613,5,N,126,M,0.3226,4
0,0,,N,126,N,0,
0.3551,0.1667,8,N,126,P,0.6088,5
1.489,0.4558,1,N,126,Q,0.4739,1
-1.251,-1.062,3,N,126,R,-0.6214,2
2.031,0.5171,7,N,126,S,0.1385,2
0.1554,0.0789,6,N,126,T,-0.1735,5
2.341,0.5402,3,N,126,V,0.8699,2
1.458,0.4514,8,N,126,W,0.8843,3
1.13,0.394,7,N,126,Y,0.4145,4
-0.6114,-0.4173,3,L,127,-,,
0.7585,0.3043,5,L,127,A,0.1754,1
0.2046,0.1019,8,L,127,C,0.2092,2
-1.062,-0.8484,6,L,127,E,-1.086,3
-0.07665,-0.04263,3,L,127,F,0.00305,2
3.923,0.5912,1,L,127,G,,
1.602,0.4714,5,L,127,H,0.6333,3
-0.2112,-0.1238,11,L,127,I,1.068,3
-1.177,-0.9764,7,L,127,K,-1.42,3
0,0,,L,127,L,0,
-2.558,-2.822,1,L,127,M,,
-0.6325,-0.435,8,L,127,N,-0.5737,6
2.818,0.5645,5,L,127,P,0.3038,3
-1.928,-1.945,4,L,127,Q,,
-1.114,-0.9062,5,L,127,R,-0.8522,3
0.1776,0.08936,5,L,127,S,0.245,3
1.215,0.4105,2,L,127,T,0.3305,2
-1.321,-1.145,5,L,127,V,-1.044,3
0.511,0.2256,5,L,127,W,0.1686,3
-0.6871,-0.4821,4,L,127,Y,-0.2259,2
-0.881,-0.6624,3,R,128,-,,
3.818,0.5897,11,R,128,A,1.308,7
-0.4805,-0.3123,4,R,128,C,-0.06638,1
-0.5199,-0.3429,12,R,128,D,-0.3623,8
1.581,0.4685,3,R,128,E,0.1695,1
-0.7014,-0.4947,13,R,128,F,0.008643,7
2.922,0.5684,3,R,128,G,-0.1895,2
1.399,0.4422,12,R,128,H,-0.02945,3
-0.05899,-0.03258,4,R,128,I,0.2304,1
1.152,0.3984,4,R,128,K,,
-0.1281,-0.07269,12,R,128,L,0.4596,2
0.7209,0.2934,5,R,128,M,0.4049,4
0.1707,0.08614,7,R,128,N,0.05236,5
0.2433,0.1193,8,R,128,P,0.2535,4
1.676,0.4807,1,R,128,Q,0.5679,1
0,0,,R,128,R,0,
1.26,0.4189,12,R,128,S,0.373,8
1.005,0.3671,5,R,128,T,0.9522,1
-0.9507,-0.7321,3,R,128,V,-0.6633,1
-0.9064,-0.6874,5,R,128,W,-0.2656,3
-1.637,-1.548,9,R,128,Y,-1.925,5
-0.553,-0.3693,2,R,129,-,,
1.37,0.4376,4,R,129,A,-1.75,1
-1.702,-1.634,7,R,129,C,-1.393,2
0.3414,0.1611,4,R,129,D,-1.913,1
1.689,0.4822,3,R,129,E,1.529,1
-0.9267,-0.7078,7,R,129,F,-1.513,3
-1.148,-0.9431,4,R,129,G,-0.709,1
1.786,0.4933,4,R,129,H,0.4603,3
-1.164,-0.9614,18,R,129,I,-1.083,7
1.181,0.4041,8,R,129,K,0.6256,3
3.68,0.5876,3,R,129,L,-0.06368,1
-0.8266,-0.6097,3,R,129,M,-1.626,1
-5.245,-4.794,5,R,129,N,-5,3
-0.745,-0.5338,9,R,129,P,-0.4421,6
0.2007,0.1001,4,R,129,Q,0.0063,4
0,0,,R,129,R,0,
1.205,0.4087,6,R,129,S,0.9443,1
-0.6366,-0.4385,7,R,129,T,-0.4575,4
-2.457,-2.685,3,R,129,V,-2.872,2
1.369,0.4374,4,R,129,W,-0.5504,2
-0.4489,-0.2883,9,R,129,Y,-0.2931,8
-0.2573,-0.1535,2,G,130,-,,
-1.667,-1.587,3,G,130,A,-1.39,2
-2.23,-2.37,18,G,130,C,-2.314,7
-1.788,-1.751,10,G,130,D,-1.521,3
-0.3068,-0.1866,4,G,130,E,0.6671,3
-5.597,-4.862,2,G,130,F,-5,1
0,0,,G,130,G,0,
-1.344,-1.174,10,G,130,H,-1.345,7
-1.203,-1.006,8,G,130,I,-1.077,4
-1.283,-1.1,4,G,130,K,-1.197,3
-1.064,-0.8514,6,G,130,L,-1.897,2
-2.553,-2.815,5,G,130,M,-2.998,2
-0.4489,-0.2883,2,G,130,N,-0.3684,2
6.538,0.6036,5,G,130,P,1.301,2
0.0081,0.004358,7,G,130,Q,-0.00955,2
4.795,0.599,8,G,130,R,1.513,3
0.08822,0.04599,9,G,130,S,-0.2901,5
0.1008,0.05228,5,G,130,T,-0.5389,3
-1.744,-1.691,18,G,130,V,-1.381,8
0.3022,0.1448,1,G,130,W,,
-1.854,-1.842,6,G,130,Y,,
0.0001011,5.475e-05,4,T,131,-,,
-4.062,-4.324,6,T,131,A,-5,1
-1.006,-0.7894,4,T,131,C,0.261,2
-1.67,-1.591,8,T,131,D,-1.593,7
-0.6253,-0.4289,3,T,131,E,-0.2327,1
-0.3595,-0.2231,7,T,131,F,0.5034,5
-0.7294,-0.5197,4,T,131,G,-0.0658,2
1.618,0.4734,3,T,131,H,-0.072,2
-0.7966,-0.5814,8,T,131,I,0.5219,1
0.6206,0.2626,6,T,131,K,0.1994,4
0.0239,0.01278,4,T,131,L,0.8207,2
-0.822,-0.6053,7,T,131,M,-0.6347,4
-1.105,-0.896,6,T,131,N,-1.027,1
-0.283,-0.1706,3,T,131,P,-0.2816,3
0.4895,0.218,5,T,131,Q,0.0781,2
-0.3001,-0.182,9,T,131,R,0.2782,7
0.7341,0.2973,4,T,131,S,-0.4495,2
0,0,,T,131,T,0,
-0.8251,-0.6083,6,T,131,V,-0.8497,4
-1.101,-0.8919,7,T,131,W,-0.9659,1
-0.9971,-0.78,5,T,131,Y,0.0202,2
0.2569,0.1253,3,I,132,-,,
0.3787,0.1761,5,I,132,A,0.1441,5
-2.136,-2.237,3,I,132,C,-1.858,1
-5.511,-4.847,4,I,132,D,-5,3
-5.694,-4.877,5,I,132,E,-5,3
-1.679,-1.604,9,I,132,F,-1.707,6
-3.361,-3.768,6,I,132,G,-3.21,2
-2.265,-2.419,8,I,132,H,-2.425,4
0,0,,I,132,I,0,
-6.672,-4.972,6,I,132,K,-5,2
-0.9496,-0.7311,4,I,132,L,-0.8114,2
-0.7788,-0.5648,5,I,132,M,-1.222,3
-5.266,-4.798,5,I,132,N,-5,2
-5.024,-4.738,3,I,132,P,-5,1
-4.065,-4.327,3,I,132,Q,-4.411,3
-5.582,-4.86,6,I,132,R,-5,3
-2.205,-2.334,2,I,132,S,-2.399,1
-1.996,-2.04,8,I,132,T,-1.764,6
-0.5177,-0.3412,7,I,132,V,,
-2.844,-3.192,13,I,132,W,-3.328,9
-1.945,-1.969,8,I,132,Y,-2.002,4
0.023,0.0123,4,L,133,-,,
0.5059,0.2238,11,L,133,A,-0.01775,5
-0.2184,-0.1284,5,L,133,C,-0.0761,2
-0.2079,-0.1217,6,L,133,D,0.8073,2
0.3554,0.1668,2,L,133,E,0.1079,2
-0.9479,-0.7292,8,L,133,F,-0.8927,5
-2.708,-3.02,3,L,133,G,-2.739,2
2.786,0.5631,3,L,133,H,1.603,1
0.8212,0.3216,4,L,133,I,0.4057,2
0.6357,0.2674,4,L,133,K,-0.1325,2
0,0,,L,133,L,0,
0.05222,0.02761,11,L,133,M,-0.08938,2
0.371,0.173,2,L,133,N,0.5117,1
-2.581,-2.852,5,L,133,P,-3.099,3
-1.762,-1.715,2,L,133,Q,-1.324,1
-0.4093,-0.2589,6,L,133,R,-0.1079,4
-0.02955,-0.01613,7,L,133,S,-1.004,1
-2.896,-3.256,2,L,133,T,-3.217,1
-0.6861,-0.4812,7,L,133,V,-0.2064,5
-0.3782,-0.2365,6,L,133,W,-0.2052,5
-0.6979,-0.4916,5,L,133,Y,-0.5919,2
0.3856,0.1788,4,F,134,-,,
-2.249,-2.396,1,F,134,A,,
-0.6975,-0.4913,5,F,134,C,-0.7483,4
-5.063,-4.749,10,F,134,D,-5,7
-6.051,-4.922,5,F,134,E,-4.45,2
0,0,,F,134,F,0,
-1.637,-1.547,2,F,134,G,-1.233,1
-1.502,-1.37,5,F,134,H,-1.564,3
0.07194,0.03775,4,F,134,I,0.6515,1
-4.231,-4.422,4,F,134,K,-3.772,1
1.453,0.4506,3,F,134,L,,
-0.6097,-0.4159,7,F,134,M,-0.01839,5
-5.483,-4.842,5,F,134,N,-5,4
-5.396,-4.826,6,F,134,P,-5,4
-5.198,-4.783,7,F,134,Q,-4.999,5
-1.044,-0.8291,5,F,134,S,-0.8102,2
-0.9299,-0.7111,4,F,134,T,-1.948,1
-0.6288,-0.4319,6,F,134,V,-0.09856,1
-1.997,-2.042,3,F,134,W,-1.76,2
-1.439,-1.291,7,F,134,Y,-0.6666,1
1.086,0.3849,4,K,135,-,,
0.546,0.2378,4,K,135,A,-0.06189,2
-0.7333,-0.5232,7,K,135,C,-0.3958,3
-0.8792,-0.6606,9,K,135,D,-1.314,5
-0.7226,-0.5136,9,K,135,E,-0.9179,1
-0.6955,-0.4895,9,K,135,F,-0.6698,7
3.439,0.5829,3,K,135,G,1.946,2
-0.2426,-0.1439,6,K,135,H,0.0325,2
0.783,0.3112,7,K,135,I,0.318,4
0,0,,K,135,K,0,
1.012,0.3688,9,K,135,L,0.01055,8
0.4795,0.2143,10,K,135,M,0.3199,7
-0.8402,-0.6228,7,K,135,N,,
-2.238,-2.381,12,K,135,P,-2.249,7
0.6683,0.2776,10,K,135,Q,-0.05704,3
1.593,0.4702,10,K,135,R,0.2708,3
-0.6376,-0.4394,6,K,135,S,0.3157,1
-1.357,-1.189,4,K,135,T,-1.264,2
0.3111,0.1486,7,K,135,V,-0.4923,3
-0.255,-0.152,5,K,135,W,-0.01762,3
-0.3921,-0.2464,4,K,135,Y,-1.163,3
-3.949,-4.252,3,T,136,-,,
0.2067,0.1028,8,T,136,A,-0.1444,4
-0.02723,-0.01486,2,T,136,C,-0.05149,1
0.9862,0.3628,1,T,136,D,,
-1.785,-1.747,2,T,136,E,-1.84,1
-0.3904,-0.2452,1,T,136,F,-0.3618,1
-0.5868,-0.3968,4,T,136,G,0.3132,2
0.7273,0.2953,5,T,136,H,0.3529,3
-0.8245,-0.6078,6,T,136,I,-0.6817,2
0.5618,0.2432,3,T,136,K,-0.5253,1
0.1156,0.0596,4,T,136,L,0.1742,4
1.435,0.4478,3,T,136,M,,
-0.4144,-0.2626,3,T,136,N,-0.07335,2
-2.731,-3.05,1,T,136,P,-3.188,1
3.142,0.5755,2,T,136,Q,1.097,1
0.02797,0.01493,4,T,136,R,-0.1653,1
-0.0524,-0.02887,10,T,136,S,0.2128,6
0,0,,T,136,T,0,
1.039,0.3747,8,T,136,V,0.9997,3
-1.705,-1.638,4,T,136,W,-1.536,2
-1.937,-1.958,6,T,136,Y,-1.41,2
-0.2216,-0.1304,2,S,137,-,,
2.708,0.5598,4,S,137,A,1.188,1
-0.6748,-0.4713,2,S,137,C,0.2122,1
1.476,0.4539,8,S,137,D,0.6618,4
-0.3228,-0.1976,7,S,137,E,0.1573,2
2.6,0.5547,5,S,137,F,-0.4819,1
1.357,0.4355,9,S,137,G,-0.4925,4
-0.7898,-0.575,5,S,137,H,0.02935,4
5.767,0.6025,11,S,137,I,-0.6883,3
0.2832,0.1367,7,S,137,K,-0.4161,5
1.463,0.452,7,S,137,L,-0.7628,4
0.01379,0.007402,4,S,137,M,0.2141,3
0.2881,0.1388,13,S,137,N,0.3418,5
0.2422,0.1188,4,S,137,P,0.168,2
0.2935,0.1412,5,S,137,Q,0.1934,4
0.2502,0.1224,12,S,137,R,-0.137,4
0,0,,S,137,S,0,
0.1017,0.05276,7,S,137,T,-0.1197,5
1.194,0.4065,5,S,137,V,0.4835,3
-2.539,-2.797,7,S,137,W,-3.223,3
-0.6991,-0.4927,5,S,137,Y,-0.6152,3
-5.434,-4.833,5,Y,138,*,-5,1
-0.2901,-0.1753,3,Y,138,-,,
0.1991,0.09935,4,Y,138,A,-0.3706,2
-0.9387,-0.7199,9,Y,138,C,0.1629,1
2.168,0.5281,3,Y,138,D,0.5779,1
3.25,0.5785,5,Y,138,E,0.08785,2
-0.636,-0.438,6,Y,138,F,-0.456,4
1.629,0.4748,2,Y,138,G,0.5481,1
-0.6944,-0.4886,4,Y,138,H,-0.6261,2
-1.121,-0.9136,5,Y,138,I,-0.9249,3
-1.914,-1.926,7,Y,138,K,-1.978,5
-0.9533,-0.7348,4,Y,138,L,0.09106,3
-0.14,-0.07983,9,Y,138,M,0.1734,4
-0.09203,-0.0515,9,Y,138,N,-0.7046,4
1.967,0.5114,4,Y,138,P,0.7378,3
-1.932,-1.95,5,Y,138,Q,-1.828,3
-1.205,-1.008,3,Y,138,R,-0.6332,1
-1.512,-1.384,4,Y,138,S,-1.523,3
-0.4018,-0.2535,3,Y,138,T,-0.6331,2
0.752,0.3024,5,Y,138,V,0.5921,4
-0.9843,-0.7667,6,Y,138,W,-0.4107,2
0,0,,Y,138,Y,0,
-2.347,-2.534,7,G,139,-,,
0.3239,0.1539,4,G,139,A,-0.0582,3
-2.532,-2.787,20,G,139,C,-2.383,5
2.079,0.5212,10,G,139,D,0.2673,4
0.7757,0.3092,4,G,139,E,,
-1.285,-1.102,5,G,139,F,-1.339,4
0,0,,G,139,G,0,
-0.3307,-0.203,4,G,139,H,-0.2525,4
-5.203,-4.784,3,G,139,I,-5,1
1.094,0.3867,3,G,139,K,0.4738,2
-4.648,-4.615,3,G,139,L,-3.697,2
-1.769,-1.726,13,G,139,M,-1.779,6
-0.4545,-0.2925,1,G,139,N,,
-2.773,-3.103,6,G,139,P,-2.885,4
0.5371,0.2348,6,G,139,Q,-0.7612,2
-1.396,-1.237,7,G,139,R,-0.3488,2
1.426,0.4464,12,G,139,S,0.2597,8
0.8404,0.3267,6,G,139,T,0.4829,3
-2.824,-3.168,6,G,139,V,-2.779,2
-2.468,-2.7,2,G,139,W,,
1.123,0.3926,1,G,139,Y,,
-2.763,-3.091,5,V,140,-,,
0.2092,0.104,8,V,140,A,-0.2367,3
0.4691,0.2106,5,V,140,C,-0.03889,3
-0.5845,-0.395,6,V,140,D,-0.332,5
1.331,0.4312,10,V,140,E,0.3714,5
0.6397,0.2687,5,V,140,F,1.375,2
-0.6421,-0.4432,5,V,140,G,-0.1994,2
-0.12,-0.06789,4,V,140,H,0.2532,1
-0.2161,-0.1269,9,V,140,I,0.2592,3
-0.7776,-0.5637,6,V,140,K,0.06355,3
0.7953,0.3146,6,V,140,L,0.1137,3
0.5565,0.2414,7,V,140,M,-0.0423,5
2.563,0.5529,7,V,140,N,0.3396,5
2.137,0.5258,4,V,140,P,0.3672,2
0.5847,0.2509,3,V,140,Q,0.1515,3
0.08668,0.04521,8,V,140,R,0.4128,5
1.65,0.4775,1,V,140,S,0.5254,1
0.4698,0.2108,7,V,140,T,0.7331,3
0,0,,V,140,V,0,
-0.02593,-0.01414,9,V,140,W,-0.1549,5
-0.06927,-0.03842,10,V,140,Y,-0.4167,7
-0.6472,-0.4476,3,V,141,-,,
0.2024,0.1009,6,V,141,A,-0.369,4
-1.18,-0.98,9,V,141,C,-1.276,5
-0.6923,-0.4867,3,V,141,D,-1.097,1
-1.926,-1.942,7,V,141,E,-2.511,5
2.273,0.5357,5,V,141,F,1.752,1
1.069,0.3812,5,V,141,G,0.4306,3
-0.4264,-0.2715,4,V,141,H,-0.3407,3
1.852,0.5003,9,V,141,I,-0.05245,4
-1.078,-0.8658,6,V,141,K,-0.1709,2
0.9905,0.3638,7,V,141,L,-0.8441,3
1.593,0.4702,11,V,141,M,0.2342,3
-0.292,-0.1766,7,V,141,N,-0.3487,4
-4.244,-4.429,7,V,141,P,-5,3
-1.554,-1.438,4,V,141,R,-1.489,1
-0.3122,-0.1903,6,V,141,S,-0.1916,2
1.252,0.4175,7,V,141,T,0.5372,4
0,0,,V,141,V,0,
-0.4901,-0.3197,7,V,141,W,-0.04236,4
0.6735,0.2792,3,V,141,Y,0.3185,1
0.1345,0.06885,3,V,142,-,,
-1.295,-1.114,7,V,142,A,-1.337,3
-0.2897,-0.175,9,V,142,C,-0.2319,8
1.285,0.4232,4,V,142,D,1.686,1
0.9459,0.3533,8,V,142,E,1.302,3
0.6093,0.2589,3,V,142,F,0.6459,3
-2.389,-2.591,7,V,142,G,-2.835,3
-0.8656,-0.6474,9,V,142,H,-0.5832,7
0.008332,0.004482,6,V,142,I,0.1637,4
1.649,0.4774,4,V,142,K,0.008575,1
-0.2668,-0.1598,9,V,142,L,-0.6773,3
-4.137,-4.37,6,V,142,M,-5,1
6.959,0.604,2,V,142,N,-0.8628,1
-0.6553,-0.4545,4,V,142,P,0.6913,2
1.851,0.5002,2,V,142,Q,0.6322,1
1.55,0.4644,3,V,142,R,0.8488,1
-1.608,-1.509,7,V,142,S,-1.604,4
-0.3863,-0.2422,10,V,142,T,-0.3746,7
0,0,,V,142,V,0,
-0.8367,-0.6194,7,V,142,W,-0.6264,4
-0.6259,-0.4294,4,V,142,Y,-0.3161,3
-5.15,-4.771,4,F,143,-,,
-2.446,-2.67,5,F,143,A,-2.623,3
-2.778,-3.11,6,F,143,C,-2.761,2
-7.435,-5.003,2,F,143,D,,
-4.924,-4.709,5,F,143,E,-5,5
0,0,,F,143,F,0,
-5.65,-4.87,3,F,143,G,-5,1
-0.2399,-0.1422,5,F,143,H,-0.1714,3
-2.521,-2.772,6,F,143,I,-3.101,2
-5.286,-4.803,3,F,143,K,-5,2
-0.5463,-0.3639,14,F,143,L,-0.1538,7
-1.171,-0.9697,5,F,143,M,-0.4029,3
-2.079,-2.157,4,F,143,N,-3.103,2
-2.571,-2.839,6,F,143,P,-2.897,4
-4.891,-4.699,5,F,143,Q,-4.82,2
-6.571,-4.966,3,F,143,R,,
-5.37,-4.821,5,F,143,S,-5,2
-1.791,-1.755,3,F,143,T,-1.849,2
-2.57,-2.838,2,F,143,V,,
2.523,0.5508,4,F,143,W,,
-1.336,-1.163,4,F,143,Y,-1.165,2
-5.023,-4.738,4,Y,144,*,-5,1
0.3495,0.1644,4,Y,144,-,,
-2.807,-3.146,4,Y,144,A,-3.204,2
-3.576,-3.966,4,Y,144,C,-4.082,2
-5.283,-4.802,4,Y,144,D,-5,1
-4.514,-4.56,3,Y,144,E,-4.208,1
1.34,0.4326,5,Y,144,F,0.4696,3
-1.757,-1.709,8,Y,144,G,-1.508,3
-4.358,-4.488,9,Y,144,H,-5,3
-3.344,-3.752,7,Y,144,I,-3.599,5
-1.456,-1.312,7,Y,144,K,-1.438,4
-3.77,-4.124,9,Y,144,L,-4.305,5
-5.029,-4.74,6,Y,144,M,-3.881,2
-4.699,-4.634,5,Y,144,N,,
-5.448,-4.836,6,Y,144,P,-5,3
-4.26,-4.438,7,Y,144,Q,-4.774,4
-2.108,-2.199,8,Y,144,R,-2.192,7
-3.902,-4.22,9,Y,144,T,-4.341,4
-4.206,-4.409,4,Y,144,V,-5,1
1.226,0.4127,2,Y,144,W,,
0,0,,Y,144,Y,0,
-5.275,-4.8,3,C,145,*,-5,2
-0.428,-0.2727,4,C,145,-,,
-3.726,-4.09,7,C,145,A,-4.191,5
0,0,,C,145,C,0,
-6.092,-4.927,5,C,145,D,-5,3
-6.318,-4.947,4,C,145,E,-5,2
-4.126,-4.363,8,C,145,F,-4.337,2
-4.885,-4.697,7,C,145,G,-5,6
-5.202,-4.784,7,C,145,H,-5,2
-4.012,-4.293,4,C,145,I,-4.841,3
-5.311,-4.808,3,C,145,K,-5,1
-5.38,-4.823,3,C,145,L,-5,3
-2.787,-3.121,2,C,145,M,-3.168,1
-5.457,-4.837,5,C,145,N,-5,2
-6.586,-4.967,2,C,145,P,-5,2
-5.078,-4.753,7,C,145,Q,-4.868,2
-5.575,-4.858,7,C,145,R,-5,5
-5.097,-4.758,7,C,145,S,-5,5
-4.484,-4.547,3,C,145,T,,
-2.314,-2.488,2,C,145,V,,
-2.464,-2.694,5,C,145,W,-2.563,1
-5.299,-4.806,25,C,145,Y,-5,5
-0.1555,-0.0892,2,T,146,-,,
-1.864,-1.856,16,T,146,A,-1.465,7
-0.9651,-0.7469,1,T,146,C,-0.8447,1
-2.686,-2.992,2,T,146,D,-3.548,2
-3.244,-3.65,2,T,146,E,-2.531,1
-7.965,-5.014,11,T,146,F,-5,4
-1.567,-1.455,4,T,146,G,-1.828,3
-1.14,-0.9343,6,T,146,H,-0.8378,5
-2.853,-3.204,13,T,146,I,-2.808,5
-0.1843,-0.1069,9,T,146,K,-0.1016,6
-1.382,-1.219,2,T,146,L,-1.318,1
-2.332,-2.512,2,T,146,M,-2.588,2
-0.02513,-0.0137,8,T,146,N,0.2656,3
-0.336,-0.2067,7,T,146,P,-0.00375,4
-0.957,-0.7386,7,T,146,Q,-1.226,5
-0.1402,-0.07992,4,T,146,R,0.05555,3
-0.7985,-0.5832,1,T,146,S,-0.6659,1
0,0,,T,146,T,0,
-1.941,-1.963,7,T,146,V,-1.92,2
-3.021,-3.404,4,T,146,W,-3.19,1
-4.831,-4.68,1,T,146,Y,-4.919,1
-0.494,-0.3227,2,N,147,-,,
-5.209,-4.785,4,N,147,A,-5,2
-0.3578,-0.2219,3,N,147,C,,
-0.7794,-0.5654,6,N,147,D,-0.0145,2
-0.735,-0.5248,6,N,147,E,-0.4644,5
-1.366,-1.199,2,N,147,F,-1.256,1
-0.8786,-0.6601,7,N,147,G,-2.947,2
-2.829,-3.174,2,N,147,H,-3.072,1
-1.684,-1.61,9,N,147,I,-1.768,4
-1.536,-1.415,7,N,147,K,-1.492,4
-2.803,-3.141,11,N,147,L,-3.141,8
-1.065,-0.8524,11,N,147,M,,
0,0,,N,147,N,0,
-2.13,-2.229,3,N,147,P,-3.139,2
-1.204,-1.007,6,N,147,Q,-1.098,4
-1.797,-1.763,1,N,147,R,,
-1.278,-1.094,12,N,147,S,-1.425,5
-1.614,-1.516,5,N,147,T,-1.622,4
-1.649,-1.563,6,N,147,V,-1.841,4
-2.745,-3.067,3,N,147,W,-4.814,1
-1.618,-1.522,7,N,147,Y,-2.509,2
-0.894,-0.6752,2,N,148,-,,
-1.919,-1.932,11,N,148,A,-1.453,5
-1.592,-1.487,10,N,148,C,-1.24,7
1.569,0.467,5,N,148,D,0.4637,4
1.961,0.5109,4,N,148,E,1.005,2
-0.9656,-0.7473,5,N,148,F,-0.6208,2
-0.2377,-0.1408,3,N,148,G,0.2807,1
0.2258,0.1115,4,N,148,H,-0.577,2
-1.277,-1.092,5,N,148,I,-1.047,5
-1.372,-1.207,8,N,148,K,-1.32,4
-0.006139,-0.003321,2,N,148,L,,
1.512,0.4592,3,N,148,M,0.4604,2
0,0,,N,148,N,0,
-1.588,-1.483,8,N,148,P,-1.234,3
-0.7506,-0.5389,3,N,148,Q,0.1564,2
0.08253,0.04312,7,N,148,R,-0.2153,6
-0.2554,-0.1523,7,N,148,S,0.3878,4
-0.0002103,-0.0001135,4,N,148,T,,
-1.038,-0.8235,3,N,148,V,-0.4878,1
-1.406,-1.249,7,N,148,W,-0.8408,5
-0.1514,-0.08673,7,N,148,Y,-0.3701,2
-0.5342,-0.3542,2,T,149,-,,
-0.5847,-0.3951,8,T,149,A,-0.6388,3
-0.9082,-0.6892,7,T,149,C,-0.8143,3
-2.02,-2.074,13,T,149,D,-1.836,8
-1.46,-1.317,3,T,149,E,-0.9122,3
-0.1864,-0.1082,9,T,149,F,-0.3987,5
-0.3167,-0.1934,7,T,149,G,-1.013,5
-0.1664,-0.09584,5,T,149,H,-0.5011,2
0.248,0.1214,9,T,149,I,0.7113,4
-2.05,-2.116,10,T,149,K,-2.507,7
-0.6999,-0.4934,5,T,149,L,-0.2913,3
-1.376,-1.213,7,T,149,M,-2.137,3
-1.706,-1.64,11,T,149,N,-1.497,5
-0.7757,-0.562,7,T,149,P,-1.108,7
-1.172,-0.9705,4,T,149,Q,-1.409,3
-0.8709,-0.6524,4,T,149,R,-1.243,1
-0.5208,-0.3436,8,T,149,S,-0.6178,4
0,0,,T,149,T,0,
-1.03,-0.8151,4,T,149,V,-1.026,1
-1.894,-1.898,2,T,149,W,-1.978,2
-1.015,-0.7989,8,T,149,Y,-0.9622,7
0.805,0.3172,2,L,150,-,,
-4.702,-4.635,1,L,150,A,-5,1
2.322,0.5389,2,L,150,C,,
1.441,0.4487,4,L,150,D,-0.7199,1
0.1392,0.07115,6,L,150,E,0.3898,2
-4.341,-4.48,3,L,150,F,,
2.648,0.5571,8,L,150,G,,
0.6904,0.2843,4,L,150,H,,
-0.4593,-0.2961,2,L,150,I,,
-0.8686,-0.6503,1,L,150,K,-0.7499,1
0,0,,L,150,L,0,
-0.5898,-0.3993,11,L,150,M,-0.0176,1
-0.8694,-0.651,1,L,150,N,,
4.033,0.5926,4,L,150,P,,
1.219,0.4113,5,L,150,Q,1.069,3
0.575,0.2476,5,L,150,R,0.06349,2
-0.5649,-0.3789,1,L,150,S,,
-0.6666,-0.4642,4,L,150,T,-0.4531,1
0.1033,0.05355,5,L,150,V,-0.3699,1
0.002337,0.00126,6,L,150,W,0.3812,3
-0.1917,-0.1115,2,L,150,Y,-0.1912,1
0.0505,0.02672,2,V,151,-,,
0.9461,0.3534,8,V,151,A,0.2288,5
-0.4466,-0.2865,6,V,151,C,0.1875,2
-0.6885,-0.4834,3,V,151,D,-0.3841,3
2.018,0.516,3,V,151,E,,
0.1016,0.0527,5,V,151,F,,
2.396,0.5436,6,V,151,G,0.1681,3
0.00371,0.002,7,V,151,H,0.109,5
-0.4161,-0.2639,6,V,151,I,0.02825,3
1.561,0.4659,1,V,151,K,0.4843,1
1.74,0.4881,7,V,151,L,0.325,4
1.862,0.5013,5,V,151,M,0.9541,1
-0.4689,-0.3034,2,V,151,N,-0.3791,2
-0.5102,-0.3353,9,V,151,P,-0.9404,4
-0.316,-0.1929,7,V,151,Q,-0.4495,2
-4.524,-4.564,2,V,151,R,,
-0.1822,-0.1056,6,V,151,S,-0.9227,1
0.02818,0.01504,4,V,151,T,-0.0058,2
0,0,,V,151,V,0,
1.25,0.4169,6,V,151,W,-0.7389,4
-1.164,-0.9612,1,V,151,Y,-1.031,1
-0.5318,-0.3524,2,S,152,-,,
-0.4093,-0.2589,4,S,152,A,-0.7769,1
-1.665,-1.585,5,S,152,C,-1.306,4
-1.326,-1.152,7,S,152,D,-1.662,6
-1.477,-1.338,8,S,152,E,-1.579,4
-0.3823,-0.2394,6,S,152,F,,
-0.3721,-0.2321,9,S,152,G,0.197,6
1.357,0.4355,5,S,152,H,-0.7311,2
-0.4367,-0.2792,6,S,152,I,-0.856,4
-1.99,-2.031,1,S,152,K,-2.114,1
-1.03,-0.8148,2,S,152,L,-0.8717,2
-0.2248,-0.1324,10,S,152,M,-0.06366,6
1.594,0.4703,6,S,152,N,1.582,3
-0.6126,-0.4182,8,S,152,P,0.03699,5
0.9585,0.3563,5,S,152,Q,0.2985,4
-0.1708,-0.09853,6,S,152,R,-0.3398,4
0,0,,S,152,S,0,
0.4318,0.1967,5,S,152,T,0.4436,3
-0.1314,-0.07464,6,S,152,V,,
1.466,0.4525,3,S,152,W,,
-0.6932,-0.4875,8,S,152,Y,0.1722,3
-0.4559,-0.2936,2,G,153,-,,
-0.324,-0.1984,4,G,153,A,0.3569,3
-1.233,-1.041,12,G,153,C,-0.4671,4
-0.1715,-0.09901,10,G,153,D,-0.6861,1
-0.2248,-0.1325,10,G,153,E,-0.1201,7
-0.03341,-0.01827,7,G,153,F,0.08573,2
0,0,,G,153,G,0,
-0.1944,-0.1132,5,G,153,H,-0.3404,4
-1.197,-0.9992,4,G,153,I,-0.922,1
1.282,0.4228,6,G,153,K,1.293,2
-0.875,-0.6565,9,G,153,L,-0.466,4
2.588,0.5541,7,G,153,M,0.1596,4
0.4756,0.2129,1,G,153,N,0.1213,1
-0.536,-0.3557,5,G,153,P,-0.4163,2
-0.3561,-0.2207,3,G,153,Q,-0.2515,1
0.2121,0.1053,8,G,153,R,-0.0429,4
-0.6996,-0.4931,4,G,153,S,-0.4759,2
-0.6154,-0.4206,8,G,153,T,-0.5895,7
-1.109,-0.9003,15,G,153,V,0.2755,3
-0.8982,-0.6794,5,G,153,W,-1.226,4
-0.2009,-0.1173,2,G,153,Y,-0.0853,1
-0.5743,-0.3866,3,D,154,-,,
-0.3537,-0.219,5,D,154,A,-0.4398,1
-0.4057,-0.2563,4,D,154,C,-0.2782,3
0,0,,D,154,D,0,
-0.2386,-0.1414,3,D,154,E,,
-0.3231,-0.1977,9,D,154,F,0.4935,4
2.75,0.5616,4,D,154,G,0.7459,2
0.06842,0.03595,9,D,154,H,0.3146,5
0.4103,0.1884,13,D,154,I,0.1124,8
-1.036,-0.8207,6,D,154,K,-1.327,3
0.1335,0.06836,6,D,154,L,-0.6995,2
1.067,0.3808,4,D,154,M,-0.3194,1
-0.2855,-0.1722,11,D,154,N,-0.1687,4
1.249,0.4169,4,D,154,P,0.273,2
-0.4448,-0.2852,3,D,154,Q,-0.5428,2
-1.61,-1.512,2,D,154,R,-1.689,2
-0.183,-0.1061,1,D,154,S,-0.1825,1
0.01023,0.005499,5,D,154,T,0.0036,4
0.7642,0.3059,1,D,154,V,,
-1.104,-0.8946,2,D,154,W,-0.9926,1
0.02363,0.01263,16,D,154,Y,0.2182,3
-0.5187,-0.342,3,A,155,-,,
0,0,,A,155,A,0,
-1.411,-1.256,5,A,155,C,-1.251,4
-1.584,-1.478,10,A,155,D,-0.9178,2
1.641,0.4763,6,A,155,E,0.1095,5
4.796,0.599,10,A,155,F,1.029,3
0.2502,0.1224,6,A,155,G,1.996,1
-0.4864,-0.3168,3,A,155,H,-0.3572,1
-0.1208,-0.06833,4,A,155,I,0.02706,3
-0.4548,-0.2927,4,A,155,K,-0.183,3
0.3883,0.1799,3,A,155,L,0.0385,3
-0.2695,-0.1616,7,A,155,M,-1.111,1
-0.616,-0.4211,6,A,155,N,-0.08193,3
2.378,0.5425,3,A,155,P,0.5802,2
-0.2986,-0.1811,4,A,155,Q,-0.4397,3
-0.9094,-0.6905,6,A,155,R,-1.411,3
-0.4958,-0.3241,10,A,155,S,0.01704,3
-1.322,-1.146,7,A,155,T,-1.018,4
-1.15,-0.9458,12,A,155,V,-0.6645,3
-0.5576,-0.373,3,A,155,W,-0.3999,1
0.1604,0.08127,8,A,155,Y,-0.03646,3
-0.3818,-0.239,3,H,156,-,,
-0.8943,-0.6755,6,H,156,A,-0.2643,2
-1.463,-1.322,3,H,156,C,-1.422,3
-0.1991,-0.1162,7,H,156,D,-1.783,1
-1.376,-1.212,5,H,156,E,-1.199,2
6.037,0.603,4,H,156,F,0.3882,1
-0.6081,-0.4145,2,H,156,G,-0.4855,2
0,0,,H,156,H,0,
0.3937,0.182,4,H,156,I,0.1012,2
0.7097,0.2901,5,H,156,K,0.1802,4
3.337,0.5806,6,H,156,L,1.091,6
0.2211,0.1094,6,H,156,M,-0.01028,5
0.3819,0.1774,15,H,156,N,1.22,2
-2.608,-2.888,1,H,156,P,-3.008,1
1.714,0.4851,4,H,156,Q,0.5811,3
-0.7126,-0.5047,8,H,156,R,-0.1801,3
1.992,0.5137,2,H,156,S,,
-1.403,-1.246,7,H,156,T,-1.623,4
1.419,0.4454,7,H,156,V,-0.2222,2
0.8156,0.3201,7,H,156,W,0.3996,5
-0.5742,-0.3865,7,H,156,Y,,
0.009061,0.004873,5,I,157,-,,
1.249,0.4168,8,I,157,A,-1.618,1
-1.887,-1.888,6,I,157,C,-1.519,3
-1.885,-1.885,6,I,157,D,-1.921,4
0.648,0.2713,3,I,157,E,-0.4222,1
0.1029,0.05334,5,I,157,F,0.3467,3
-1.484,-1.347,10,I,157,G,-1.551,3
-2.091,-2.174,3,I,157,H,,
0,0,,I,157,I,0,
-1.108,-0.8995,3,I,157,K,-0.9791,2
0.2759,0.1336,1,I,157,L,0.05662,1
-0.4428,-0.2837,3,I,157,M,-0.4133,2
-2.265,-2.419,5,I,157,N,-3.107,2
-1.087,-0.8765,5,I,157,P,-1.446,2
-1.403,-1.245,8,I,157,Q,-1.282,5
-0.08458,-0.04719,5,I,157,R,-0.238,2
-1.586,-1.48,4,I,157,S,-1.499,1
-0.9187,-0.6998,11,I,157,T,-0.6945,7
-0.7749,-0.5612,11,I,157,V,-0.7502,5
0.1471,0.07494,8,I,157,W,0.2305,2
-1.074,-0.862,7,I,157,Y,-1.141,4
-0.08946,-0.05001,7,P,158,-,,
0.2855,0.1377,4,P,158,A,0.07332,3
-2.832,-3.178,8,P,158,C,-2.95,4
-0.4223,-0.2685,3,P,158,D,-0.2122,1
0.6475,0.2711,5,P,158,E,-0.7514,3
-0.7421,-0.5311,4,P,158,F,,
-1.301,-1.121,2,P,158,G,,
-0.7146,-0.5065,8,P,158,H,0.2321,1
-0.4324,-0.276,8,P,158,I,0.01502,3
0.2464,0.1207,4,P,158,K,-0.09989,3
3.034,0.5722,12,P,158,L,0.08171,4
-0.7099,-0.5022,6,P,158,M,-0.6793,2
-0.8305,-0.6135,8,P,158,N,-0.3173,3
0,0,,P,158,P,0,
-0.4427,-0.2836,3,P,158,Q,-0.3117,1
-0.03669,-0.02009,6,P,158,R,-0.5021,4
-0.1865,-0.1083,8,P,158,S,-0.1728,4
-0.5668,-0.3805,7,P,158,T,-1.546,1
-0.6411,-0.4423,6,P,158,V,-0.7178,4
-0.6385,-0.4401,7,P,158,W,-0.3389,4
1.738,0.4879,6,P,158,Y,0.203,2
-1.139,-0.9338,6,F,159,-,,
2.589,0.5542,3,F,159,A,0.3017,1
-0.2902,-0.1754,2,F,159,C,0.6037,1
0.2363,0.1162,5,F,159,D,1.229,3
0.5657,0.2445,7,F,159,E,-0.4988,2
0,0,,F,159,F,0,
0.6254,0.2641,5,F,159,G,0.1476,3
-1.2,-1.003,5,F,159,H,-0.3322,1
-2.136,-2.237,7,F,159,I,-3.671,2
3.488,0.584,2,F,159,K,1.197,2
1.161,0.4003,9,F,159,L,0.5455,3
-0.05087,-0.02801,3,F,159,M,0.06825,2
-0.08847,-0.04944,4,F,159,N,-0.1043,3
0.4943,0.2197,3,F,159,P,-1.075,1
1.58,0.4685,1,F,159,Q,,
0.2088,0.1038,7,F,159,R,0.1899,4
0.1143,0.05898,2,F,159,S,0.03763,1
0.6861,0.283,3,F,159,T,1.013,1
-1.253,-1.064,5,F,159,V,-1.761,2
-0.8058,-0.5901,5,F,159,W,-0.547,3
0.8276,0.3233,5,F,159,Y,0.3209,4
-0.4658,-0.301,5,G,160,-,,
-2.542,-2.801,6,G,160,A,-2.78,2
-6.577,-4.966,20,G,160,C,-5,5
-0.5068,-0.3327,11,G,160,D,-0.674,1
-1.279,-1.094,8,G,160,E,-1.307,5
-3.759,-4.116,5,G,160,F,-4.336,5
0,0,,G,160,G,0,
-1.996,-2.04,4,G,160,H,-2.795,2
-3.354,-3.761,5,G,160,I,-3.791,3
-3.106,-3.5,2,G,160,K,-3.596,2
-3.697,-4.067,3,G,160,L,-3.954,1
-2.547,-2.807,3,G,160,M,-3.123,2
-0.8678,-0.6495,5,G,160,N,-0.8982,3
0.811,0.3189,6,G,160,P,0.2244,2
-2.078,-2.156,7,G,160,Q,-2.21,5
-9.774,-5.028,10,G,160,R,-4.61,5
-1.703,-1.636,9,G,160,S,-0.8673,3
-2.297,-2.463,2,G,160,T,,
-2.377,-2.575,7,G,160,V,-2.984,3
-2.602,-2.881,7,G,160,W,-2.967,6
-3.197,-3.6,6,G,160,Y,-3.17,4
-0.2195,-0.1291,6,T,161,-,,
1.906,0.5057,8,T,161,A,-0.2753,2
-1.083,-0.872,3,T,161,C,-0.7056,2
0.8664,0.3335,4,T,161,D,2.024,2
-2.012,-2.063,1,T,161,E,-2.144,1
-0.7116,-0.5038,12,T,161,F,-1.186,4
-0.5199,-0.343,4,T,161,G,-0.3171,3
3.422,0.5826,4,T,161,H,1.146,4
-0.626,-0.4295,11,T,161,I,-0.6018,4
-0.5691,-0.3824,6,T,161,K,-0.43,3
0.425,0.1941,5,T,161,L,-0.5085,1
-0.5824,-0.3932,8,T,161,M,-0.8698,5
0.2185,0.1082,12,T,161,N,0.3261,4
1.182,0.4044,7,T,161,P,-0.03665,4
-0.4443,-0.2849,9,T,161,Q,-0.3619,6
2.38,0.5426,4,T,161,R,0.6176,3
-0.1815,-0.1052,7,T,161,S,-0.502,2
0,0,,T,161,T,0,
-0.5789,-0.3904,4,T,161,V,-0.8453,1
-0.2656,-0.159,5,T,161,W,-0.4508,3
0.384,0.1782,3,T,161,Y,0.2736,2
-0.2551,-0.1521,5,V,162,-,,
0.121,0.06226,6,V,162,A,0.08092,4
-0.8583,-0.6402,4,V,162,C,-0.689,2
-0.233,-0.1378,11,V,162,D,-0.0304,7
0.3664,0.1712,2,V,162,E,,
1.23,0.4134,5,V,162,F,0.3141,1
-0.7637,-0.5509,5,V,162,G,-0.6348,4
-0.6061,-0.4129,4,V,162,H,-0.5076,2
-0.3229,-0.1976,4,V,162,I,-1.015,1
0.5183,0.2282,3,V,162,K,0.2035,2
-0.01756,-0.009546,16,V,162,L,-0.1319,2
0.152,0.07729,14,V,162,M,0.6747,5
1.116,0.3911,5,V,162,N,-0.06242,3
0.8673,0.3338,1,V,162,P,0.2692,1
0.145,0.07394,3,V,162,Q,-0.02141,2
-1.1,-0.8903,6,V,162,R,-1.084,1
-0.1191,-0.06737,7,V,162,S,0.2789,3
-1.134,-0.9274,2,V,162,T,-0.5175,1
0,0,,V,162,V,0,
0.2827,0.1365,5,V,162,W,0.08638,4
-0.408,-0.258,5,V,162,Y,0.07052,2
-0.09732,-0.05457,5,L,163,-,,
-0.7324,-0.5224,1,L,163,A,,
-0.205,-0.1199,2,L,163,C,0.06973,1
-0.7198,-0.5111,5,L,163,D,-0.5001,3
0.89,0.3396,4,L,163,E,-0.4264,2
-0.6333,-0.4357,5,L,163,F,0.06648,2
-0.1012,-0.05684,8,L,163,G,-0.3814,6
2.942,0.5691,5,L,163,H,0.7019,2
1.577,0.4681,5,L,163,I,0.1111,3
1.983,0.5129,5,L,163,K,0.4188,4
0,0,,L,163,L,0,
-0.8446,-0.627,8,L,163,M,-1.3,4
0.4443,0.2014,3,L,163,N,0.5254,3
-1.407,-1.251,3,L,163,P,-1.328,1
0.5772,0.2484,7,L,163,Q,0.1969,3
-0.4059,-0.2564,2,L,163,R,,
2.262,0.5349,5,L,163,S,0.2495,2
2.869,0.5664,7,L,163,T,0.8062,5
-0.4439,-0.2845,9,L,163,V,-0.266,4
0.3464,0.1631,6,L,163,W,0.0696,4
-0.3895,-0.2445,9,L,163,Y,0.02685,2
-0.253,-0.1507,4,G,164,-,,
-0.3906,-0.2453,5,G,164,A,-0.7374,4
-1.533,-1.41,19,G,164,C,-0.9046,6
0.5219,0.2295,18,G,164,D,0.2818,6
-0.5652,-0.3792,7,G,164,E,-1.358,1
0.6918,0.2848,8,G,164,F,0.7649,5
0,0,,G,164,G,0,
-1.054,-0.8401,6,G,164,H,-1.415,2
1.246,0.4162,4,G,164,I,-0.8012,2
-1.15,-0.9456,8,G,164,L,-0.9976,6
1.069,0.3812,2,G,164,M,0.2945,2
-1.299,-1.119,10,G,164,N,-1.266,7
-1.843,-1.828,7,G,164,P,-2.242,3
-0.4125,-0.2613,4,G,164,Q,-0.07057,4
-0.5294,-0.3504,3,G,164,R,,
-0.6289,-0.432,12,G,164,S,-0.4395,3
-0.7504,-0.5387,8,G,164,T,-0.3013,5
-0.2759,-0.1658,6,G,164,V,-0.5132,1
-0.4275,-0.2723,8,G,164,W,-0.2523,3
0.2645,0.1287,6,G,164,Y,-0.0566,4
-0.09262,-0.05184,4,N,165,-,,
1.873,0.5024,6,N,165,A,0.4414,5
-1.192,-0.9935,4,N,165,C,-1.06,3
0.6677,0.2774,3,N,165,D,0.3891,1
-0.4619,-0.2981,9,N,165,E,-0.9981,3
-0.3481,-0.2151,9,N,165,F,0.1729,5
1.051,0.3775,3,N,165,G,0.435,3
-0.09567,-0.05361,7,N,165,H,0.5041,2
0.9058,0.3435,3,N,165,I,0.5326,2
0.2615,0.1273,8,N,165,K,0.04795,6
-0.9785,-0.7607,4,N,165,L,-0.9012,2
2.27,0.5355,7,N,165,M,-0.5799,4
0,0,,N,165,N,0,
-0.4898,-0.3194,5,N,165,P,-0.4146,3
0.3848,0.1785,2,N,165,Q,0.2678,1
0.4379,0.199,3,N,165,R,0.1066,1
-1.033,-0.818,5,N,165,S,-0.8747,2
-0.3937,-0.2476,7,N,165,T,0.463,3
-1.965,-1.997,3,N,165,V,-1.63,1
-0.5886,-0.3984,6,N,165,W,-2.567,2
-0.5511,-0.3678,4,N,165,Y,-1.003,1
-0.4225,-0.2686,4,F,166,-,,
-0.01645,-0.008937,5,F,166,A,0.1851,3
-0.2292,-0.1353,2,F,166,C,,
0.5402,0.2358,3,F,166,D,0.2781,1
-1.278,-1.094,5,F,166,E,-1.471,3
0,0,,F,166,F,0,
-0.8586,-0.6405,1,F,166,G,-0.5618,1
1.383,0.4398,4,F,166,H,-0.00785,2
-1.103,-0.8941,6,F,166,I,-1.838,1
-0.2369,-0.1402,7,F,166,K,-0.2265,2
-1.584,-1.477,14,F,166,L,-0.9898,4
-4.951,-4.717,1,F,166,M,-5,1
1.006,0.3674,2,F,166,N,0.4981,1
-0.04999,-0.02751,4,F,166,P,-0.2798,3
0.2164,0.1073,7,F,166,Q,0.3107,2
0.01136,0.006103,4,F,166,R,-0.1786,1
7.151,0.6041,10,F,166,S,-0.371,6
3.525,0.5847,5,F,166,T,,
1.315,0.4285,2,F,166,W,,
0.1622,0.08215,5,F,166,Y,-0.2204,4
0.3141,0.1498,4,Y,167,-,,
-1.051,-0.8366,5,Y,167,A,-1.03,2
0.944,0.3529,6,Y,167,C,-1.089,3
-0.8043,-0.5887,4,Y,167,D,-0.922,2
-1.625,-1.532,4,Y,167,E,-1.586,2
-0.2343,-0.1386,1,Y,167,F,,
0.1851,0.09288,8,Y,167,G,-0.0998,6
0.1585,0.08036,3,Y,167,H,0.4563,2
-1.675,-1.598,7,Y,167,I,-2.025,2
-1.648,-1.561,5,Y,167,K,-1.879,3
-0.9772,-0.7593,5,Y,167,L,-0.5665,4
-0.7601,-0.5476,5,Y,167,M,-0.5946,2
-0.6346,-0.4368,3,Y,167,N,-0.4637,2
-1.697,-1.627,10,Y,167,P,-1.528,4
-1.638,-1.548,1,Y,167,Q,-1.649,1
-2.273,-2.43,5,Y,167,R,-2.37,2
-3.509,-3.907,5,Y,167,S,-4.044,3
-2.378,-2.576,8,Y,167,T,-2.736,6
-1.588,-1.483,10,Y,167,V,-1.258,4
-0.09432,-0.05282,2,Y,167,W,-0.111,2
0,0,,Y,167,Y,0,
-5.632,-4.868,3,C,168,*,,
-0.3178,-0.1941,3,C,168,-,,
-1.439,-1.291,7,C,168,A,-1.485,5
0,0,,C,168,C,0,
-5.517,-4.848,7,C,168,D,-5,5
-4.905,-4.703,1,C,168,E,-5,1
-6.035,-4.921,13,C,168,F,-5,7
-4.14,-4.372,6,C,168,H,-4.58,6
-5.49,-4.844,9,C,168,I,-5,6
-4.809,-4.672,5,C,168,K,-5,2
-4.999,-4.731,4,C,168,L,-5,1
1.416,0.4449,3,C,168,M,0.9426,1
-3.411,-3.816,8,C,168,N,-3.66,4
-4.458,-4.535,6,C,168,P,-4.716,2
-3.532,-3.928,7,C,168,Q,-3.931,4
-4.814,-4.674,6,C,168,R,-5,1
-3.148,-3.547,5,C,168,S,-3.615,3
-4.839,-4.682,4,C,168,T,-4.937,2
-5.422,-4.831,6,C,168,V,-4.787,2
-5.59,-4.861,7,C,168,W,-5,5
-5.206,-4.785,12,C,168,Y,-5,3
-0.6682,-0.4656,5,F,169,-,,
-1.904,-1.912,3,F,169,A,-2.314,3
-2.415,-2.628,7,F,169,C,-2.752,4
-5.461,-4.838,6,F,169,D,-5,3
-5.214,-4.787,4,F,169,E,-5,1
0,0,,F,169,F,0,
-2.987,-3.364,10,F,169,G,-3.476,6
-1.656,-1.573,5,F,169,H,-0.8082,2
-3.276,-3.683,3,F,169,I,-3.773,2
-1.792,-1.757,4,F,169,K,-2.176,3
-2.006,-2.054,19,F,169,L,-2.358,8
-1.973,-2.008,6,F,169,M,-1.993,4
-1.955,-1.983,7,F,169,N,-1.893,5
-5.397,-4.826,5,F,169,P,-5,3
-2.695,-3.004,5,F,169,Q,-3.111,4
-2.139,-2.242,4,F,169,R,-2.295,1
-3.652,-4.03,3,F,169,S,-3.786,1
-3.856,-4.187,4,F,169,T,-4.59,3
-2.48,-2.717,5,F,169,V,-2.962,3
-1.09,-0.8797,9,F,169,W,-0.4556,6
-1.046,-0.8319,4,F,169,Y,0.3725,2
-0.6856,-0.4808,3,V,170,-,,
-0.5909,-0.4002,7,V,170,A,-0.5961,4
-0.0009848,-0.0005314,5,V,170,C,0.8372,1
-5.421,-4.831,5,V,170,D,-5,4
-1.874,-1.87,8,V,170,E,-1.248,4
-0.6375,-0.4393,6,V,170,F,-0.3394,5
-1.147,-0.9421,5,V,170,G,-1.179,2
2.028,0.5169,2,V,170,H,0.7736,1
0.4023,0.1853,3,V,170,I,0.2745,2
-0.9729,-0.7549,3,V,170,K,-0.8109,2
-2.656,-2.952,10,V,170,L,-2.841,2
0.3394,0.1603,7,V,170,M,-0.6238,3
-0.3617,-0.2247,9,V,170,N,-0.54,4
-5.399,-4.826,4,V,170,P,-5,3
-1.76,-1.713,4,V,170,Q,-1.635,3
2.972,0.5701,9,V,170,R,-0.4592,5
-0.7697,-0.5564,5,V,170,S,-0.02822,3
4.023,0.5925,7,V,170,T,0.4559,5
0,0,,V,170,V,0,
-2.25,-2.398,7,V,170,W,-2.8,4
-0.488,-0.3181,3,V,170,Y,-1.171,1
-0.4175,-0.2649,3,N,171,-,,
-1.416,-1.262,4,N,171,A,,
-2.657,-2.953,9,N,171,C,-2.515,5
-1.056,-0.8422,5,N,171,D,-0.4492,2
-1.091,-0.88,3,N,171,E,,
-3.47,-3.872,4,N,171,F,-3.666,1
-2.639,-2.93,5,N,171,G,-2.477,2
-1.343,-1.172,8,N,171,H,-1.229,3
-3.672,-4.047,9,N,171,I,-4.099,4
-0.6235,-0.4274,7,N,171,K,-0.2964,4
-3.621,-4.004,4,N,171,L,-3.987,3
-1.223,-1.029,4,N,171,M,-1.824,2
0,0,,N,171,N,0,
-4.811,-4.673,6,N,171,P,-4.924,4
-1.853,-1.84,3,N,171,Q,-2.736,2
1.224,0.4122,9,N,171,R,0.3768,7
-2.093,-2.177,4,N,171,S,-0.7804,2
-2.755,-3.081,10,N,171,T,-3.047,6
-3.221,-3.626,2,N,171,V,-3.256,2
-4.9,-4.702,1,N,171,W,-5,1
-2.34,-2.523,7,N,171,Y,-2.392,3
-1.173,-0.9715,4,T,172,-,,
0.05657,0.02986,9,T,172,A,0.2304,7
-2.482,-2.719,7,T,172,C,-2.335,3
1.204,0.4085,5,T,172,D,0.08143,3
1.302,0.4262,7,T,172,E,0.5842,7
-0.3658,-0.2276,9,T,172,F,0.6961,3
3.392,0.5819,4,T,172,G,-0.04757,2
0.2554,0.1247,5,T,172,H,0.6316,1
-0.8281,-0.6112,8,T,172,I,-0.4609,4
1.994,0.5139,6,T,172,K,0.7409,5
-0.9678,-0.7496,6,T,172,L,,
0.8868,0.3387,6,T,172,N,0.06156,5
-3.311,-3.718,9,T,172,P,-3.901,4
2.324,0.5391,10,T,172,Q,-0.03825,6
1.323,0.4298,8,T,172,R,-0.05392,3
-1.271,-1.085,1,T,172,S,-1.148,1
0,0,,T,172,T,0,
-0.7097,-0.5021,7,T,172,V,-0.4607,2
-1.482,-1.345,5,T,172,W,0.3234,1
-1.39,-1.229,3,T,172,Y,-1.341,2
-0.7423,-0.5314,4,T,173,-,,
-1.125,-0.9177,10,T,173,A,-0.6668,2
0.6109,0.2595,4,T,173,C,0.199,4
-1.565,-1.452,8,T,173,D,-1.411,3
-1.461,-1.319,5,T,173,E,-1.525,3
-1.34,-1.168,7,T,173,F,-1.309,6
-0.7527,-0.5409,10,T,173,G,-0.5003,7
-1.301,-1.122,6,T,173,H,-1.139,3
-0.8661,-0.6478,10,T,173,I,,
0.8821,0.3376,8,T,173,K,-0.5421,3
-1.613,-1.516,5,T,173,L,-1.398,5
-1.703,-1.636,3,T,173,M,-1.775,1
-1.658,-1.575,3,T,173,N,-2.07,2
-0.8341,-0.6169,5,T,173,P,-0.5825,5
-1.596,-1.492,1,T,173,Q,-1.65,1
-0.9528,-0.7343,5,T,173,R,-0.5029,3
-1.119,-0.9115,3,T,173,S,-0.9562,1
0,0,,T,173,T,0,
-0.392,-0.2463,10,T,173,V,0.03361,7
-1.798,-1.765,8,T,173,W,-1.825,3
-2.036,-2.097,8,T,173,Y,-1.719,4
0.06674,0.03509,3,I,174,-,,
0.07092,0.03723,3,I,174,A,0.3159,3
-1.268,-1.082,7,I,174,C,-1.352,3
1.277,0.4219,14,I,174,D,0.409,7
1.357,0.4354,3,I,174,E,0.6839,2
-2.021,-2.075,4,I,174,F,-1.569,1
-0.2218,-0.1305,8,I,174,G,-0.2741,6
1.618,0.4734,6,I,174,H,0.2944,3
0,0,,I,174,I,0,
-2.326,-2.504,7,I,174,K,-3.454,2
1.053,0.3778,6,I,174,L,-0.5113,3
0.2508,0.1226,4,I,174,M,0.0139,2
-0.06866,-0.03807,8,I,174,N,0.4992,4
-0.7936,-0.5786,8,I,174,P,0.0784,2
-0.3106,-0.1892,4,I,174,Q,-0.9876,2
-0.7572,-0.545,5,I,174,R,0.2643,1
-3.465,-3.867,1,I,174,S,-3.995,1
0.3707,0.1729,10,I,174,T,0.1515,8
1.132,0.3943,5,I,174,V,0.4677,1
3.347,0.5809,5,I,174,W,0.5603,3
-0.7377,-0.5272,1,I,174,Y,,
-5.359,-4.818,7,G,175,*,-5,1
-0.4571,-0.2945,3,G,175,-,,
0.3916,0.1812,10,G,175,A,0.08911,6
-1.776,-1.735,12,G,175,C,-1.795,7
1.031,0.3729,8,G,175,D,0.2717,7
0.8833,0.3379,22,G,175,E,-0.2374,4
-1.228,-1.035,10,G,175,F,-1.003,7
0,0,,G,175,G,0,
-0.1913,-0.1113,7,G,175,H,0.4439,3
4.371,0.596,4,G,175,I,-0.2018,1
-0.6618,-0.4601,5,G,175,K,-0.2911,3
2.639,0.5566,9,G,175,L,0.7204,6
0.2133,0.1059,8,G,175,M,-0.4493,5
-4.075,-4.333,1,G,175,N,-4.752,1
-0.2426,-0.144,4,G,175,P,0.3037,2
2.744,0.5614,2,G,175,Q,-0.00499,1
-0.5534,-0.3696,12,G,175,R,0.132,2
-0.2298,-0.1357,3,G,175,S,0.5107,2
-0.2104,-0.1233,9,G,175,T,0.3558,4
0.08624,0.045,11,G,175,V,1.887,1
0.4864,0.2168,3,G,175,W,0.1452,1
-0.5296,-0.3506,6,G,175,Y,-0.804,3
-0.5055,-0.3317,3,N,176,-,,
-1.229,-1.036,5,N,176,A,0.5276,1
-0.5765,-0.3884,7,N,176,C,-0.4913,5
-0.2956,-0.179,13,N,176,D,0.0002225,1
-0.005429,-0.002936,5,N,176,E,-0.2058,2
-0.002728,-0.001474,6,N,176,F,0.1771,5
-0.9957,-0.7786,15,N,176,G,-0.8823,5
0.8146,0.3198,5,N,176,H,0.1448,3
1.518,0.46,5,N,176,I,0.3937,4
-1.69,-1.618,5,N,176,K,-1.944,1
-0.364,-0.2263,9,N,176,L,-0.4459,6
-2.215,-2.348,1,N,176,M,,
0,0,,N,176,N,0,
0.1066,0.05516,2,N,176,Q,,
-2.726,-3.043,3,N,176,R,,
-0.9266,-0.7077,9,N,176,S,-0.8794,3
0.00428,0.002307,3,N,176,T,-0.0593,1
-2.34,-2.523,4,N,176,V,-3.629,1
-0.7584,-0.546,4,N,176,W,-0.6344,2
0.126,0.0647,5,N,176,Y,0.04422,1
-4.85,-4.686,6,E,177,*,,
-0.7524,-0.5406,3,E,177,-,,
1.839,0.4989,8,E,177,A,0.12,2
-1.063,-0.8504,7,E,177,C,-0.5431,5
0.1882,0.09432,21,E,177,D,0.7307,7
0,0,,E,177,E,0,
0.4191,0.1918,5,E,177,F,-0.4551,2
-0.3155,-0.1925,11,E,177,G,-0.0718,5
0.09176,0.04777,3,E,177,H,-0.3431,1
-0.5108,-0.3358,6,E,177,I,-0.128,4
0.0153,0.008208,13,E,177,K,0.07045,4
-0.3296,-0.2023,5,E,177,L,-1.035,3
-1.103,-0.894,7,E,177,M,-0.4635,3
0.185,0.09282,3,E,177,N,0.1695,2
-0.702,-0.4952,9,E,177,P,-1.562,6
-0.06413,-0.0355,2,E,177,Q,-0.4399,1
0.08295,0.04334,8,E,177,R,0.2482,7
1.427,0.4466,3,E,177,S,-0.5427,1
-0.4947,-0.3232,4,E,177,T,-0.4156,4
-1.53,-1.407,3,E,177,V,-1.492,2
-1.055,-0.8416,3,E,177,W,-0.6356,2
1.163,0.4005,2,E,177,Y,,
0.03801,0.02021,2,T,178,-,,
-0.9198,-0.7009,4,T,178,A,,
-0.7235,-0.5144,6,T,178,C,-0.6104,3
-0.7001,-0.4936,2,T,178,D,-0.5892,2
0.9983,0.3656,5,T,178,E,0.5212,2
-0.5243,-0.3464,7,T,178,F,0.7236,3
-3.193,-3.596,2,T,178,G,,
-0.4682,-0.3029,7,T,178,H,-0.06971,3
-1.281,-1.098,17,T,178,I,-1.196,4
-0.834,-0.6168,12,T,178,K,-0.5127,6
-1.663,-1.581,4,T,178,L,-1.68,2
-1.331,-1.157,8,T,178,M,-1.385,7
-0.8984,-0.6795,4,T,178,N,-0.3097,3
-1.392,-1.233,2,T,178,P,-1.218,1
-1.277,-1.093,8,T,178,Q,-0.5423,4
-0.8996,-0.6807,5,T,178,R,-0.7029,2
-1.38,-1.217,4,T,178,S,-0.2722,2
0,0,,T,178,T,0,
0.2113,0.1049,6,T,178,V,-2.636,2
-1.547,-1.428,3,T,178,W,-1.522,3
-1.353,-1.184,5,T,178,Y,-1.341,2
0.332,0.1573,2,T,179,-,,
0.0104,0.005592,9,T,179,A,0.0214,6
-1.702,-1.635,5,T,179,C,-1.493,2
-1.44,-1.292,2,T,179,D,-2.669,2
-1.991,-2.033,1,T,179,E,-2.113,1
-0.4373,-0.2796,7,T,179,F,0.732,4
1.204,0.4084,7,T,179,G,-0.1687,1
0.9923,0.3642,9,T,179,H,0.6762,5
-0.5367,-0.3563,14,T,179,I,0.148,3
4.487,0.597,7,T,179,K,1.248,1
-1.436,-1.287,2,T,179,L,,
-0.4544,-0.2925,8,T,179,M,-1.783,1
-5.236,-4.792,3,T,179,N,,
-0.5629,-0.3773,8,T,179,P,-1.216,3
1.091,0.386,8,T,179,Q,-0.017,3
-1.56,-1.446,2,T,179,R,,
1.115,0.3909,1,T,179,S,0.3699,1
0,0,,T,179,T,0,
0.01093,0.005873,8,T,179,V,-0.04218,6
-0.8118,-0.5957,7,T,179,W,0.8372,2
3.022,0.5718,2,T,179,Y,,
-0.4087,-0.2585,2,S,180,-,,
1.329,0.4308,3,S,180,A,,
-0.232,-0.1371,8,S,180,C,0.2153,3
0.6573,0.2742,7,S,180,D,0.4458,4
-1.133,-0.9267,8,S,180,E,-0.6437,4
-1.135,-0.9293,12,S,180,F,-0.8806,4
-0.448,-0.2876,3,S,180,G,-0.9334,1
-4.939,-4.714,1,S,180,H,-5,1
0.08967,0.04672,6,S,180,I,-0.8651,1
0.4942,0.2196,5,S,180,K,-0.5927,2
-1.231,-1.039,3,S,180,L,-1.113,2
-0.06708,-0.03717,7,S,180,M,-0.0536,4
0.8474,0.3286,7,S,180,N,0.1309,6
-0.4299,-0.2741,9,S,180,P,-0.5361,6
2.569,0.5532,3,S,180,Q,0.4568,1
0.4741,0.2124,6,S,180,R,0.762,5
0,0,,S,180,S,0,
1.264,0.4196,7,S,180,T,0.06038,5
0.3676,0.1717,5,S,180,V,0.1629,4
2.948,0.5693,7,S,180,W,-0.2213,5
-0.8573,-0.6392,10,S,180,Y,-0.3496,4
-0.5216,-0.3443,2,A,181,-,,
0,0,,A,181,A,0,
-0.8271,-0.6103,7,A,181,C,-1.293,2
1.51,0.4588,8,A,181,D,1.051,3
2.056,0.5193,2,A,181,E,0.5551,2
-1.431,-1.281,3,A,181,G,-2.05,2
0.09406,0.04892,8,A,181,H,0.2444,6
-0.9806,-0.7628,6,A,181,I,-1.026,2
1.236,0.4144,6,A,181,K,0.6522,5
3.272,0.579,7,A,181,L,0.6252,4
-0.5456,-0.3634,6,A,181,M,-0.126,2
-0.6361,-0.4381,3,A,181,Q,-0.5162,2
-0.4914,-0.3207,6,A,181,R,-0.08118,3
3.468,0.5836,6,A,181,S,-0.9357,2
0.2405,0.1181,9,A,181,T,-1.296,3
-0.5732,-0.3857,13,A,181,V,0.3559,1
-1.17,-0.9682,10,A,181,W,-1.18,6
-1.326,-1.152,5,A,181,Y,-1.057,2
-3.019,-3.403,5,F,182,A,-3.336,3
-2.016,-2.069,8,F,182,C,-2.843,4
-4.669,-4.623,7,F,182,D,-5,6
-3.107,-3.502,13,F,182,E,-3.627,9
0,0,,F,182,F,0,
-2.936,-3.304,8,F,182,G,-3.461,5
-0.4497,-0.2889,5,F,182,I,-0.1986,2
-2.364,-2.556,1,F,182,K,-2.753,1
-0.5747,-0.3869,7,F,182,L,-1.246,1
-0.3121,-0.1903,2,F,182,M,-0.2843,2
-2.731,-3.05,4,F,182,N,-3.008,4
-2.042,-2.105,8,F,182,P,-1.962,4
-2.01,-2.06,1,F,182,Q,-2.157,1
-3.045,-3.432,3,F,182,R,,
-2.519,-2.77,7,F,182,S,-2.808,4
-1.182,-0.9819,1,F,182,T,-1.052,1
-2.979,-3.356,2,F,182,V,-2.745,1
-1.407,-1.25,2,F,182,W,-1.987,2
0.05086,0.02691,2,F,182,Y,,
-0.3432,-0.2117,1,V,183,-,,
0.3999,0.1844,7,V,183,A,0.2649,6
-1.001,-0.7846,8,V,183,C,-0.4461,6
-3.951,-4.253,3,V,183,D,-5,1
-4.326,-4.472,5,V,183,E,-5,1
-3.977,-4.271,8,V,183,F,-4.499,5
1.061,0.3795,3,V,183,G,0.5512,1
-5.035,-4.741,2,V,183,H,-4.877,2
-0.2466,-0.1466,3,V,183,I,-0.04251,3
0.3734,0.174,4,V,183,K,0.8906,2
0.0993,0.05154,14,V,183,L,0.2394,6
-1.459,-1.316,12,V,183,M,-1.128,4
-3.501,-3.9,2,V,183,N,-4.04,1
-2.471,-2.704,4,V,183,P,-2.83,3
-1.594,-1.49,6,V,183,Q,-1.419,3
-2.209,-2.34,6,V,183,R,-2.582,5
-1.429,-1.278,4,V,183,S,-0.9712,3
-0.9334,-0.7145,4,V,183,T,-0.8762,2
0,0,,V,183,V,0,
-1.001,-0.7836,2,V,183,W,,
-0.3148,-0.1921,1,V,183,Y,,
-1.083,-0.8714,1,G,184,-,,
-2.988,-3.366,5,G,184,A,-3.453,4
-1.026,-0.8103,9,G,184,C,-0.554,1
-1.804,-1.773,10,G,184,D,-1.138,2
-2.63,-2.918,3,G,184,E,-3.253,1
-5.12,-4.764,3,G,184,F,-5,1
0,0,,G,184,G,0,
-2.121,-2.216,10,G,184,H,-2.314,7
-4.903,-4.703,9,G,184,I,-5,7
-1.435,-1.285,4,G,184,K,-1.456,3
-3.523,-3.92,3,G,184,L,-3.995,2
-5.574,-4.858,7,G,184,M,-5,2
-5.574,-4.858,3,G,184,N,,
-3.339,-3.746,3,G,184,P,-4.329,1
-1.881,-1.879,5,G,184,Q,-2.03,3
-1.524,-1.399,14,G,184,R,-1.245,10
-1.175,-0.9742,5,G,184,S,0.1619,1
-0.4177,-0.2651,5,G,184,T,-0.4434,3
-5.413,-4.829,6,G,184,V,-5,2
-5.314,-4.809,2,G,184,W,-5,2
-5.865,-4.901,3,G,184,Y,,
-0.7879,-0.5732,1,A,185,-,,
0,0,,A,185,A,0,
0.8847,0.3382,3,A,185,C,0.4225,3
-2.932,-3.3,9,A,185,D,-4.021,3
0.1913,0.09577,1,A,185,E,0.01739,1
1.407,0.4435,8,A,185,F,0.3841,2
-0.3754,-0.2344,6,A,185,G,0.282,4
-1.531,-1.408,4,A,185,H,-1.448,3
0.1313,0.06732,9,A,185,I,0.4008,7
-0.3047,-0.1852,8,A,185,K,0.2127,5
-0.2216,-0.1304,8,A,185,L,0.1577,7
1.467,0.4526,2,A,185,M,0.799,1
-0.3027,-0.1838,1,A,185,N,,
0.08825,0.046,4,A,185,P,0.3262,2
0.5411,0.2361,3,A,185,Q,0.561,2
0.07564,0.03963,5,A,185,R,0.1401,4
0.4487,0.203,10,A,185,S,-0.05177,1
-0.5624,-0.3769,7,A,185,T,-0.1182,3
1.01,0.3684,10,A,185,V,-0.1919,3
1.129,0.3938,4,A,185,W,-0.6597,2
-0.3589,-0.2227,3,A,185,Y,-0.1723,3
-2.246,-2.392,2,L,186,-,,
-0.4918,-0.321,4,L,186,A,0.8087,3
1.667,0.4795,6,L,186,C,-0.1897,5
-1.878,-1.876,7,L,186,D,-1.165,3
0.1357,0.06944,6,L,186,E,1.281,1
1.423,0.4459,3,L,186,F,,
-1.378,-1.215,5,L,186,G,-2.636,4
-0.1092,-0.06149,4,L,186,H,0.6744,2
-0.9595,-0.7411,6,L,186,I,-0.06023,2
0.2006,0.1,6,L,186,K,0.03827,6
0,0,,L,186,L,0,
0.1638,0.08287,16,L,186,M,-0.05529,5
-1.443,-1.295,6,L,186,N,-1.291,3
2.915,0.5681,5,L,186,P,0.07733,1
-1.219,-1.025,4,L,186,Q,-0.6534,3
-0.5065,-0.3324,6,L,186,R,-0.1249,3
0.918,0.3465,8,L,186,S,-0.0331,2
-1.169,-0.9669,2,L,186,T,-1.032,2
-0.6026,-0.4099,8,L,186,V,-0.2032,2
0.9698,0.359,5,L,186,W,0.6432,3
0.8472,0.3285,7,L,186,Y,0.3291,4
-1.48,-1.343,2,P,187,-,,
-1.019,-0.8029,5,P,187,A,-0.8847,3
-2.711,-3.024,8,P,187,C,-2.718,4
-0.7889,-0.5742,2,P,187,D,-0.6303,1
0.1602,0.08121,4,P,187,E,-0.04375,2
-3.351,-3.758,2,P,187,F,,
-1.63,-1.538,1,P,187,G,-1.635,1
-2.321,-2.496,12,P,187,H,-1.127,5
-0.6374,-0.4392,3,P,187,I,-0.5313,2
-4.219,-4.416,8,P,187,K,-5,5
-1.219,-1.024,4,P,187,L,-0.8794,2
-1.93,-1.947,7,P,187,M,-1.519,1
-5.144,-4.77,11,P,187,N,-4.957,9
0,0,,P,187,P,0,
-3.177,-3.579,1,P,187,Q,,
-2.692,-2.999,2,P,187,R,-3.103,1
-0.06782,-0.03759,3,P,187,S,,
-1.865,-1.857,5,P,187,T,-1.705,4
-0.6787,-0.4748,5,P,187,V,0.2392,3
-1.719,-1.657,7,P,187,W,-1.487,6
-1.718,-1.656,4,P,187,Y,-1.345,2
-0.9067,-0.6878,1,K,188,-,,
-1.385,-1.223,3,K,188,A,-1.308,2
0.7219,0.2937,6,K,188,C,1.031,3
0.5941,0.254,3,K,188,D,0.6765,1
0.7396,0.2989,4,K,188,E,0.1519,3
-0.3913,-0.2458,2,K,188,F,,
-0.1281,-0.07269,3,K,188,G,0.7184,1
-0.9619,-0.7436,1,K,188,H,-0.8476,1
-0.811,-0.595,3,K,188,I,2.02,1
0,0,,K,188,K,0,
-0.6516,-0.4513,5,K,188,L,-1.124,1
-0.2916,-0.1763,4,K,188,M,0.3796,1
0.6777,0.2805,12,K,188,N,0.7369,3
5.547,0.602,7,K,188,P,0.7189,6
0.3974,0.1835,2,K,188,Q,,
2.751,0.5617,4,K,188,R,0.8028,3
0.8029,0.3167,5,K,188,S,0.09267,3
0.1582,0.08024,4,K,188,T,0.4164,3
4.586,0.5977,2,K,188,V,1.628,1
2.557,0.5526,1,K,188,W,0.8646,1
-1.186,-0.987,2,K,188,Y,0.423,1
0.728,0.2955,2,T,189,-,,
-1.438,-1.29,4,T,189,A,-1.39,1
-0.5518,-0.3683,6,T,189,C,-2.46,2
-0.08337,-0.0465,4,T,189,D,0.8289,1
-0.7284,-0.5188,2,T,189,E,-1.032,1
2.461,0.5474,5,T,189,F,0.2776,4
-1.141,-0.9361,3,T,189,G,-2.463,2
-0.6307,-0.4335,8,T,189,H,-0.2988,3
-0.1347,-0.07663,2,T,189,I,,
-0.3763,-0.2351,6,T,189,K,-0.1307,5
0.7545,0.3032,7,T,189,L,0.7985,3
-0.03685,-0.02018,5,T,189,M,0.411,3
0.2128,0.1056,9,T,189,N,0.426,6
0.3184,0.1516,4,T,189,P,-0.2412,2
-1.571,-1.459,2,T,189,Q,-1.575,1
-0.9104,-0.6915,3,T,189,R,-0.6845,2
5.993,0.6029,7,T,189,S,-1.08,2
0,0,,T,189,T,0,
-1.571,-1.46,2,T,189,V,-1.55,2
-0.514,-0.3383,5,T,189,W,-0.8201,4
-0.6461,-0.4466,5,T,189,Y,,
-0.5251,-0.3471,1,V,190,-,,
-0.09765,-0.05476,5,V,190,A,0.2096,3
0.4032,0.1857,5,V,190,C,-0.2393,3
0.09527,0.04953,5,V,190,D,0.09058,5
-1.11,-0.9016,5,V,190,E,-1.071,3
-1.058,-0.8444,2,V,190,F,-1.719,1
2.646,0.557,1,V,190,G,,
-0.7501,-0.5384,9,V,190,H,-0.3098,5
0.3188,0.1518,3,V,190,I,0.08215,2
-0.854,-0.636,5,V,190,K,-0.4984,2
-0.9277,-0.7088,11,V,190,L,-0.7873,4
-1.193,-0.9946,7,V,190,M,-0.5729,2
0.535,0.234,1,V,190,N,,
-0.415,-0.2631,4,V,190,P,-0.3828,4
-0.922,-0.7031,5,V,190,Q,-0.7779,4
1.765,0.491,1,V,190,R,,
0.707,0.2893,3,V,190,S,1.262,1
-0.8205,-0.6039,3,V,190,T,-0.6873,2
0,0,,V,190,V,0,
1.072,0.3818,4,V,190,W,0.321,2
-0.1808,-0.1047,5,V,190,Y,0.04602,4
-0.9047,-0.6858,1,R,191,-,,
-2.137,-2.239,7,R,191,A,-2.272,5
0.9608,0.3569,4,R,191,C,1.424,1
1.228,0.4129,1,R,191,D,0.4118,1
0.01989,0.01065,4,R,191,E,0.1058,3
0.4569,0.206,8,R,191,F,-0.3262,4
4.405,0.5963,4,R,191,G,-0.1013,3
-0.09896,-0.05553,1,R,191,H,,
0.419,0.1918,4,R,191,I,-0.3974,2
-2.334,-2.515,2,R,191,K,-2.737,1
-0.7797,-0.5656,19,R,191,L,-0.266,3
-0.5686,-0.382,5,R,191,M,-0.3777,4
1.367,0.4371,1,R,191,N,0.4319,1
-3.19,-3.593,3,R,191,P,,
0.8961,0.3411,8,R,191,Q,0.3251,3
0,0,,R,191,R,0,
3.245,0.5783,1,R,191,S,,
0.9366,0.3511,6,R,191,T,0.2127,4
1.181,0.4041,9,R,191,V,-0.1827,3
-0.02357,-0.01284,15,R,191,W,0.6321,4
0.269,0.1306,5,R,191,Y,-0.5841,1
-4.935,-4.713,11,E,192,*,-5,1
-0.1478,-0.08452,1,E,192,-,,
-5.541,-4.853,5,E,192,A,-5,5
-5.364,-4.819,5,E,192,C,-5,3
-3.159,-3.559,8,E,192,D,-4.214,1
0,0,,E,192,E,0,
-5.565,-4.857,7,E,192,F,-5,3
-5.388,-4.824,4,E,192,G,-5,4
-4.892,-4.699,2,E,192,H,-5,1
-1.167,-0.9645,1,E,192,I,,
-5.486,-4.843,18,E,192,K,-5,4
-4.9,-4.702,2,E,192,L,-5,1
-4.959,-4.72,1,E,192,M,-5,1
-5.453,-4.837,7,E,192,N,-5,4
-5.376,-4.822,9,E,192,P,-5,4
-1.19,-0.9915,3,E,192,Q,,
-9.823,-5.028,12,E,192,R,-5,2
-5.178,-4.778,4,E,192,S,-5,2
-5.221,-4.788,2,E,192,T,-5,2
-5.515,-4.848,8,E,192,V,-5,5
-1.767,-1.722,1,E,192,W,,
-5.456,-4.837,11,E,192,Y,-5,7
-0.4149,-0.263,1,F,193,-,,
0.616,0.2611,1,F,193,A,,
-0.6872,-0.4822,5,F,193,C,-0.5779,3
-5.081,-4.754,3,F,193,D,-5,1
-4.899,-4.702,1,F,193,E,-5,1
0,0,,F,193,F,0,
-0.3726,-0.2324,4,F,193,G,-0.2503,2
-1.083,-0.8715,5,F,193,H,-0.5942,2
-1.074,-0.8617,3,F,193,I,,
-4.689,-4.63,3,F,193,K,,
1.793,0.4941,12,F,193,L,0.6258,2
0.9144,0.3457,4,F,193,M,0.5643,2
-3.575,-3.966,1,F,193,N,-4.07,1
-5.001,-4.732,2,F,193,P,-5,1
-3.455,-3.858,3,F,193,Q,-3.398,1
-5.433,-4.833,6,F,193,R,-5,3
-1.832,-1.812,9,F,193,S,-1.328,4
-1.075,-0.8632,4,F,193,T,-0.3109,2
0.09217,0.04798,5,F,193,V,0.6942,3
-0.8936,-0.6748,3,F,193,W,-0.92,2
-0.824,-0.6072,4,F,193,Y,-0.6907,2
-0.4626,-0.2986,1,V,194,-,,
2.741,0.5612,3,V,194,A,-0.7397,1
0.4695,0.2107,6,V,194,C,1.528,3
-1.878,-1.876,4,V,194,D,-2.055,2
-5.249,-4.795,3,V,194,E,-5,2
-5.457,-4.838,3,V,194,F,-5,2
-1.21,-1.014,4,V,194,G,-1.18,3
-5.68,-4.875,4,V,194,H,-5,4
-0.5304,-0.3513,4,V,194,I,0.2808,2
-5.373,-4.821,4,V,194,K,-5,3
-2.031,-2.089,10,V,194,L,-1.3,2
-3.564,-3.956,13,V,194,M,-5,3
-5.236,-4.792,6,V,194,N,-5,2
-6.951,-4.986,3,V,194,P,-5,1
-2.094,-2.178,9,V,194,Q,-2.255,6
-4.923,-4.709,3,V,194,R,-4.825,2
-0.7854,-0.571,2,V,194,S,,
-0.4812,-0.3128,5,V,194,T,-0.5951,3
0,0,,V,194,V,0,
-6.063,-4.924,3,V,194,W,-4.833,1
-5.447,-4.836,4,V,194,Y,-5,3
-1.218,-1.023,4,I,195,-,,
-1.741,-1.688,3,I,195,A,-0.4722,1
-0.567,-0.3807,6,I,195,C,-0.9724,1
-5.252,-4.795,4,I,195,D,-5,2
-5.387,-4.824,4,I,195,E,-5,3
0.6963,0.2861,7,I,195,F,0.1943,3
-3.761,-4.117,1,I,195,G,,
-4.996,-4.73,1,I,195,H,-5,1
0,0,,I,195,I,0,
-6.785,-4.978,7,I,195,K,-5,3
-0.6175,-0.4224,10,I,195,L,0.2304,6
-0.4753,-0.3083,3,I,195,M,-0.7675,1
-7.374,-5.001,10,I,195,N,-5,4
-4.978,-4.725,6,I,195,P,-5,1
-3.756,-4.113,4,I,195,Q,-4.945,1
-5.786,-4.89,5,I,195,R,-5,2
-1.711,-1.647,3,I,195,S,-1.6,3
-0.3215,-0.1967,3,I,195,T,-0.3717,3
1.568,0.4668,7,I,195,V,-0.2343,2
-1.481,-1.344,5,I,195,W,-1.462,3
-2.551,-2.812,4,I,195,Y,-2.58,2
-2.642,-2.934,5,S,196,-,,
1.308,0.4272,1,S,196,A,0.4185,1
-1.786,-1.749,8,S,196,C,-1.919,4
-0.4572,-0.2945,6,S,196,D,-0.9142,4
3.037,0.5723,2,S,196,E,-1.147,1
0.03037,0.0162,2,S,196,F,-0.2393,1
-1.717,-1.655,8,S,196,G,-1.525,2
-1.378,-1.215,9,S,196,I,-0.6195,3
-1.965,-1.997,3,S,196,K,-0.8339,2
-2.132,-2.232,3,S,196,L,-2,2
-0.01325,-0.007189,4,S,196,M,0.2289,2
-5.159,-4.774,7,S,196,N,-5,2
-4.715,-4.64,8,S,196,P,-5,5
1.085,0.3847,2,S,196,Q,0.2994,2
-1.858,-1.848,7,S,196,R,-2.396,3
0,0,,S,196,S,0,
0.1149,0.05929,2,S,196,T,0.09589,1
-0.8489,-0.6311,5,S,196,V,,
-3.744,-4.104,10,S,196,W,-3.905,5
-0.01686,-0.009161,8,S,196,Y,-0.0578,6
-0.5811,-0.3922,4,R,197,-,,
0.8814,0.3374,4,R,197,A,-0.1263,2
-0.9945,-0.7773,8,R,197,C,-0.1719,2
-0.7679,-0.5547,3,R,197,D,-0.3671,3
0.1771,0.08915,6,R,197,E,0.3597,3
-0.3746,-0.2339,8,R,197,F,-0.3123,6
0.5642,0.244,9,R,197,G,0.2839,4
0.05451,0.02879,4,R,197,H,-0.4846,2
-1.232,-1.039,32,R,197,I,-0.5695,15
-0.2956,-0.1791,16,R,197,K,0.1347,8
-0.3607,-0.224,4,R,197,L,-0.4366,2
-0.4093,-0.259,6,R,197,M,-0.345,4
0.7032,0.2882,5,R,197,N,0.425,5
-1.979,-2.017,2,R,197,P,-2.118,1
-0.8198,-0.6033,5,R,197,Q,-0.6581,3
0,0,,R,197,R,0,
-0.3382,-0.2082,5,R,197,S,-0.07527,3
0.7797,0.3103,2,R,197,T,,
1.282,0.4228,1,R,197,V,0.4086,1
-0.755,-0.543,4,R,197,W,-0.2471,2
-0.6753,-0.4718,7,R,197,Y,-1.477,5
-0.8119,-0.5958,1,T,198,*,,
-0.5265,-0.3482,4,T,198,-,,
-0.5089,-0.3343,4,T,198,A,-1.11,1
-0.7954,-0.5803,1,T,198,C,-0.6671,1
-1.241,-1.05,5,T,198,D,,
0.7496,0.3017,8,T,198,E,0.01124,7
-1.084,-0.8728,2,T,198,F,-0.9856,2
-1.873,-1.869,1,T,198,G,-1.956,1
-1.901,-1.908,5,T,198,H,-1.999,3
0.4437,0.2011,8,T,198,I,0.4241,2
0.08206,0.04289,7,T,198,K,0.08676,3
-1.188,-0.9889,2,T,198,L,-1.402,1
-0.8157,-0.5994,2,T,198,M,-0.6945,2
0.04404,0.02336,1,T,198,N,-0.02623,1
-1.591,-1.486,3,T,198,P,,
-0.1392,-0.07933,6,T,198,Q,0.5704,5
0.1249,0.06417,2,T,198,R,-0.008369,1
0.766,0.3064,4,T,198,S,1.316,3
0,0,,T,198,T,0,
3.339,0.5807,4,T,198,V,0.1618,3
-0.7606,-0.548,5,T,198,W,-0.6399,4
-1.267,-1.08,5,T,198,Y,-1.2,3
-5.511,-4.847,8,G,199,*,-5,1
-1.067,-0.8547,4,G,199,-,,
-4.627,-4.606,8,G,199,A,-5,5
-5.246,-4.794,4,G,199,C,-5,2
-5.548,-4.854,5,G,199,D,-5,3
-5.625,-4.866,4,G,199,E,-5,1
-4.579,-4.587,3,G,199,F,,
0,0,,G,199,G,0,
-4.919,-4.708,1,G,199,H,-5,1
-5.504,-4.846,4,G,199,I,-5,3
-5.506,-4.846,5,G,199,K,-5,3
-5.413,-4.829,2,G,199,L,-5,2
-5.338,-4.814,4,G,199,M,-5,3
-5.656,-4.871,6,G,199,N,-5,5
-4.979,-4.726,2,G,199,P,-5,1
-5.572,-4.858,6,G,199,Q,,
-4.935,-4.713,6,G,199,R,-5,2
-5.126,-4.765,3,G,199,S,-5,2
-6.046,-4.922,6,G,199,T,-5,3
-6.554,-4.965,18,G,199,V,-5,4
-5.255,-4.796,3,G,199,W,-5,2
-7.762,-5.011,6,G,199,Y,-5,4
-0.8495,-0.6317,3,H,200,-,,
0.02255,0.01206,4,H,200,A,-0.1301,2
-0.6736,-0.4703,2,H,200,C,-0.5235,1
-0.7909,-0.5761,6,H,200,D,-0.01703,3
-0.7164,-0.5081,8,H,200,E,-0.8062,4
-0.9824,-0.7647,4,H,200,F,-0.08935,2
-0.1965,-0.1145,7,H,200,G,-0.4729,4
0,0,,H,200,H,0,
-1.009,-0.7927,6,H,200,I,0.4034,1
-0.8684,-0.65,2,H,200,K,,
0.7913,0.3135,10,H,200,L,1.029,5
0.6299,0.2656,3,H,200,M,0.3007,1
-0.8844,-0.6658,8,H,200,N,-0.7913,3
1.599,0.471,6,H,200,P,0.1755,2
2.552,0.5523,3,H,200,Q,1.494,2
-1.026,-0.8109,5,H,200,R,-0.7772,4
0.5637,0.2438,7,H,200,S,0.1585,6
-0.5017,-0.3287,3,H,200,T,-0.8827,1
-0.4359,-0.2786,3,H,200,V,-0.4951,3
-1.303,-1.123,5,H,200,W,-0.8671,2
-3.134,-3.531,5,H,200,Y,-1.194,1
0.3212,0.1528,3,F,201,-,,
1.214,0.4103,6,F,201,A,0.8803,3
0.7629,0.3055,3,F,201,C,,
-3.32,-3.728,3,F,201,D,-3.975,1
-4.672,-4.624,7,F,201,E,-5,5
0,0,,F,201,F,0,
-0.1075,-0.0605,2,F,201,G,,
-3.343,-3.75,4,F,201,H,-3.565,2
0.08509,0.04441,6,F,201,I,-0.3627,4
-5.269,-4.799,3,F,201,K,-5,2
0.3503,0.1647,3,F,201,L,,
-1.147,-0.9426,1,F,201,M,,
-4.931,-4.712,4,F,201,N,-5,2
-6.039,-4.921,10,F,201,P,-5,7
-3.219,-3.624,2,F,201,Q,-3.7,2
-5.646,-4.87,5,F,201,R,-5,2
-0.9345,-0.7156,6,F,201,S,-1.388,1
2.648,0.557,3,F,201,T,0.8942,2
2.401,0.5439,4,F,201,V,0.6867,2
0.08657,0.04516,3,F,201,W,-0.1045,2
-3.454,-3.857,1,F,201,Y,,
-0.9075,-0.6886,3,Y,202,-,,
-2.783,-3.116,10,Y,202,A,-3.006,7
-5.167,-4.775,9,Y,202,C,-4.908,4
-5.254,-4.796,3,Y,202,D,-5,2
-4.769,-4.659,5,Y,202,E,-5,4
3.404,0.5822,2,Y,202,F,-0.2463,1
-6.542,-4.964,7,Y,202,G,-3.923,2
-1.761,-1.714,6,Y,202,H,-2.765,1
-2.443,-2.665,4,Y,202,I,-2.783,3
-4.633,-4.609,6,Y,202,K,-5,3
-6.231,-4.94,3,Y,202,L,-5,1
-2.393,-2.597,2,Y,202,M,-2.532,2
-3.857,-4.188,2,Y,202,N,-3.682,1
-4.286,-4.452,9,Y,202,P,-5,3
-5.088,-4.755,6,Y,202,Q,-5,1
-5.457,-4.838,5,Y,202,R,-5,3
-1.537,-1.416,10,Y,202,S,-1.042,6
-4.185,-4.397,4,Y,202,T,-5,3
-3.117,-3.513,2,Y,202,V,-3.585,2
-0.7199,-0.5112,2,Y,202,W,0.4178,1
0,0,,Y,202,Y,0,
-0.7412,-0.5304,4,I,203,-,,
0.6257,0.2642,3,I,203,A,-0.02065,2
-0.472,-0.3058,8,I,203,C,-0.562,4
-6.051,-4.922,3,I,203,D,-5,2
-6.164,-4.934,1,I,203,E,,
0.3955,0.1827,4,I,203,F,0.8194,2
-1.464,-1.323,9,I,203,G,-1.452,4
-3.639,-4.02,5,I,203,H,-3.816,4
0,0,,I,203,I,0,
-5.314,-4.809,2,I,203,K,-5,1
5.406,0.6016,6,I,203,M,0.0308,4
-5.434,-4.833,5,I,203,N,-5,4
-5.768,-4.888,2,I,203,P,,
-3.695,-4.065,4,I,203,Q,-4.112,2
-5.317,-4.81,3,I,203,R,-5,2
-2.373,-2.569,4,I,203,S,,
2.601,0.5548,7,I,203,T,-0.5281,3
0.8656,0.3333,3,I,203,V,0.7052,1
-1.277,-1.092,8,I,203,W,-0.4063,2
-0.988,-0.7706,3,I,203,Y,-1.763,2
-0.5042,-0.3306,4,N,204,-,,
-5.068,-4.75,7,N,204,A,-5,5
-5.385,-4.824,3,N,204,C,-5,2
-0.748,-0.5365,8,N,204,D,-0.3359,4
-0.8337,-0.6165,6,N,204,E,-1.455,3
-5.302,-4.806,6,N,204,F,-5,4
-2.548,-2.808,6,N,204,G,-1.042,2
-2.191,-2.314,4,N,204,H,-2.633,3
-5.575,-4.858,5,N,204,I,-5,3
-5.288,-4.803,4,N,204,K,-5,2
-5.285,-4.803,4,N,204,L,-5,2
-3.89,-4.211,8,N,204,M,-4.802,7
0,0,,N,204,N,0,
-4.678,-4.626,3,N,204,P,-4.736,2
-1.646,-1.56,4,N,204,Q,-1.654,3
-5.516,-4.848,7,N,204,R,-5,3
-1.767,-1.723,5,N,204,S,-1.543,2
-3.825,-4.164,3,N,204,T,-4.3,2
-3.491,-3.891,1,N,204,V,,
-5.015,-4.736,3,N,204,W,-4.903,2
-4.893,-4.7,2,N,204,Y,-5,1
0.4497,0.2034,4,G,205,-,,
-1.175,-0.974,7,G,205,A,-1.144,5
-5.416,-4.83,11,G,205,C,-5,1
-4.904,-4.703,15,G,205,D,-5,8
-4.516,-4.561,5,G,205,E,-4.674,2
-7.158,-4.994,1,G,205,F,,
0,0,,G,205,G,0,
-4.934,-4.712,1,G,205,H,-5,1
-5.52,-4.849,6,G,205,I,-5,4
-5.265,-4.798,2,G,205,K,-5,2
-5.152,-4.772,8,G,205,L,-5,2
-5.526,-4.85,3,G,205,M,-5,2
-5.322,-4.811,7,G,205,N,-5,3
-4.81,-4.673,1,G,205,P,,
-4.897,-4.701,4,G,205,Q,-4.796,2
-7.869,-5.013,3,G,205,R,-5,1
-3.873,-4.199,3,G,205,S,,
-8.236,-5.018,8,G,205,T,-5,8
-4.151,-4.378,9,G,205,V,-5,3
-4.961,-4.72,2,G,205,W,-5,1
-4.776,-4.661,7,G,205,Y,-5,5
-2.785,-3.118,2,Y,206,*,,
-1.221,-1.027,5,Y,206,-,,
-0.2962,-0.1794,4,Y,206,A,,
-2.178,-2.296,10,Y,206,C,-2.318,2
-2.653,-2.948,6,Y,206,D,-3.197,2
-3.967,-4.264,8,Y,206,E,-4.201,3
-0.531,-0.3517,3,Y,206,F,0.4261,1
-0.9684,-0.7503,2,Y,206,G,-1.352,2
-1.955,-1.983,2,Y,206,H,-1.584,1
-2.784,-3.118,1,Y,206,I,,
-3.85,-4.183,3,Y,206,K,-4.292,1
-5.184,-4.779,8,Y,206,L,-5,4
-3.083,-3.475,4,Y,206,M,-3.592,2
-1.112,-0.9034,5,Y,206,N,-0.5933,3
-3.065,-3.455,14,Y,206,P,-3.494,7
-1.495,-1.362,8,Y,206,Q,-1.011,3
2.322,0.5389,5,Y,206,R,0.9949,2
-4.503,-4.555,5,Y,206,S,-4.473,3
-3.027,-3.411,2,Y,206,T,-3.458,1
-0.1469,-0.08397,7,Y,206,V,-0.08191,5
2.218,0.5318,4,Y,206,W,-0.2109,2
0,0,,Y,206,Y,0,
-1.284,-1.101,4,R,207,-,,
-0.9252,-0.7063,6,R,207,A,-0.735,4
-0.9012,-0.6823,4,R,207,C,-0.773,2
-0.9334,-0.7146,2,R,207,D,,
-3.349,-3.757,7,R,207,E,-3.749,4
-1.721,-1.66,1,R,207,F,,
-1.842,-1.825,6,R,207,G,-2.091,3
-0.3919,-0.2463,9,R,207,H,-0.1583,4
-2.441,-2.662,4,R,207,I,,
1.048,0.3767,8,R,207,K,0.05185,4
-2.052,-2.119,5,R,207,L,-2.641,2
-1.867,-1.861,4,R,207,M,-2.416,2
-0.1897,-0.1103,11,R,207,N,-0.9792,4
-0.7903,-0.5756,3,R,207,P,-0.6068,2
-0.3996,-0.2518,5,R,207,Q,0.5084,1
0,0,,R,207,R,0,
-3.243,-3.649,5,R,207,T,-3.538,2
-3.204,-3.607,6,R,207,V,-4.61,3
-2.53,-2.785,4,R,207,W,-2.511,2
-1.551,-1.434,2,R,207,Y,-1.528,2
-5.031,-4.74,2,Y,208,*,-5,1
-5.049,-4.745,5,Y,208,-,,
-1.231,-1.039,6,Y,208,A,-0.672,4
-1.981,-2.02,4,Y,208,C,-3.058,2
-5.411,-4.829,6,Y,208,D,-5,2
-5.545,-4.853,2,Y,208,E,,
1.016,0.3697,5,Y,208,F,1.218,1
-2.515,-2.764,6,Y,208,G,-2.7,4
0.7055,0.2889,3,Y,208,H,0.322,3
-1.51,-1.382,5,Y,208,I,-1.382,3
-5.283,-4.802,7,Y,208,K,-5,6
0.2541,0.1241,5,Y,208,L,0.02951,1
-1.856,-1.846,7,Y,208,M,-1.993,5
-4.948,-4.717,2,Y,208,N,-5,1
-3.996,-4.283,7,Y,208,P,-3.936,2
-0.9751,-0.7572,2,Y,208,Q,,
-0.4801,-0.312,2,Y,208,R,-0.3818,1
-1.856,-1.846,5,Y,208,S,-2.245,4
-2.167,-2.281,8,Y,208,T,-2.078,3
1.256,0.4182,2,Y,208,V,0.4156,1
-0.2255,-0.1329,7,Y,208,W,-0.1502,3
0,0,,Y,208,Y,0,
-0.6238,-0.4277,2,F,209,-,,
-1.131,-0.9242,5,F,209,A,-1.298,3
-0.7474,-0.536,9,F,209,C,-0.6236,4
-0.6044,-0.4114,2,F,209,D,-0.5732,1
-1.088,-0.8768,5,F,209,E,-1.131,4
0,0,,F,209,F,0,
-4.112,-4.355,4,F,209,G,-4.513,1
0.6229,0.2633,3,F,209,H,0.6445,2
0.9944,0.3647,4,F,209,I,-0.3435,2
0.304,0.1456,4,F,209,K,0.5856,1
-1.444,-1.297,6,F,209,L,-0.3375,3
-0.9728,-0.7548,3,F,209,M,-0.7733,3
0.8359,0.3255,4,F,209,N,0.3972,2
-2.335,-2.516,3,F,209,P,-2.238,1
-0.6763,-0.4727,1,F,209,Q,-0.5129,1
0.3454,0.1627,6,F,209,R,-0.2898,2
-0.2307,-0.1363,11,F,209,S,-0.1078,3
-2.131,-2.23,4,F,209,V,,
0.3478,0.1637,2,F,209,W,2.213,1
2.349,0.5407,8,F,209,Y,0.7011,2
-1.265,-1.078,2,T,210,-,,
2.331,0.5395,4,T,210,A,-0.0012,2
-0.44,-0.2816,6,T,210,C,-0.425,2
-0.56,-0.375,1,T,210,D,,
-0.1762,-0.1019,2,T,210,E,-0.1734,1
-0.8094,-0.5934,2,T,210,F,-0.6808,2
2.362,0.5415,4,T,210,G,,
-0.4096,-0.2592,1,T,210,H,,
1.301,0.4261,13,T,210,I,-0.1339,4
0.9096,0.3445,5,T,210,K,,
-0.6618,-0.4601,4,T,210,L,-0.3483,2
0.7706,0.3077,7,T,210,M,-0.2441,4
1.296,0.4252,4,T,210,N,0.7852,3
-2.609,-2.89,4,T,210,P,-2.996,3
-0.6327,-0.4352,4,T,210,Q,-0.5962,3
1.138,0.3956,3,T,210,R,0.3194,2
0.1774,0.08932,6,T,210,S,-0.1782,4
0,0,,T,210,T,0,
0.1283,0.06585,8,T,210,V,0.2966,5
-0.2929,-0.1772,6,T,210,W,0.04175,5
-0.3524,-0.2181,1,T,210,Y,,
-0.04318,-0.0237,1,L,211,*,,
-0.3102,-0.1889,2,L,211,-,,
-2.357,-2.548,3,L,211,A,,
-0.7829,-0.5686,9,L,211,C,-0.7835,2
-5.034,-4.741,4,L,211,D,-5,2
-2.907,-3.269,4,L,211,E,-3.67,3
-0.8789,-0.6603,1,L,211,F,,
1.096,0.387,3,L,211,G,-0.3486,2
-1.97,-2.004,6,L,211,H,-1.817,3
0.7214,0.2936,9,L,211,I,1.496,4
-1.808,-1.779,2,L,211,K,-1.503,1
0,0,,L,211,L,0,
-0.9933,-0.776,8,L,211,M,-1.025,6
-1.96,-1.989,2,L,211,N,-2.074,1
-3.334,-3.742,2,L,211,P,-3.812,1
-1.938,-1.96,6,L,211,Q,-1.409,1
-0.5632,-0.3776,6,L,211,R,0.08488,3
-0.3638,-0.2262,5,L,211,S,0.2238,3
-1.201,-1.004,7,L,211,T,-0.4191,2
3.482,0.5839,5,L,211,V,0.4222,3
-4.095,-4.345,4,L,211,W,-4.94,3
-1.408,-1.252,5,L,211,Y,-1.327,2
0.3967,0.1832,2,G,212,-,,
-0.5729,-0.3855,4,G,212,A,-0.4531,3
-2.603,-2.882,14,G,212,C,-2.538,3
-0.9521,-0.7335,16,G,212,D,0.3294,2
-1.409,-1.253,5,G,212,F,0.05065,1
0,0,,G,212,G,0,
-1.404,-1.246,5,G,212,H,0.0205,2
-1.368,-1.202,7,G,212,I,-1.549,3
-1.777,-1.736,2,G,212,K,-1.823,2
-0.747,-0.5357,9,G,212,L,-0.6653,4
0.1905,0.09539,5,G,212,M,0.1632,2
0.06345,0.0334,4,G,212,N,0.1473,1
-0.2255,-0.1329,5,G,212,P,-0.4165,2
-1.863,-1.855,3,G,212,Q,-1.938,3
1.196,0.4069,2,G,212,R,0.3445,1
-0.9632,-0.7449,7,G,212,S,-0.5292,3
-1.041,-0.8263,7,G,212,T,-1.02,4
-0.5152,-0.3392,13,G,212,V,-0.2468,5
-1.342,-1.17,6,G,212,W,-1.137,5
-0.05212,-0.02871,2,G,212,Y,-0.6885,2
-0.943,-0.7243,2,N,213,-,,
0.5231,0.2299,8,N,213,A,0.3164,5
0.04636,0.02457,5,N,213,C,-0.07455,4
-0.137,-0.07801,5,N,213,D,0.4132,1
0.4619,0.2079,8,N,213,E,-1.195,4
0.3877,0.1797,5,N,213,F,0.9885,1
5.178,0.6008,6,N,213,G,-0.3142,4
-0.002271,-0.001226,8,N,213,H,0.196,5
1.139,0.3959,5,N,213,I,-0.1413,2
1.529,0.4616,4,N,213,K,0.5831,2
0.02773,0.01481,5,N,213,L,-0.203,3
-0.2334,-0.138,1,N,213,M,-0.2337,1
0,0,,N,213,N,0,
1.941,0.5091,7,N,213,P,0.05585,1
-0.9003,-0.6815,8,N,213,Q,-1.001,4
-0.908,-0.6891,6,N,213,R,-0.7351,3
-0.1481,-0.08472,7,N,213,S,-0.2771,4
-0.2221,-0.1308,3,N,213,T,0.621,2
-1.746,-1.694,3,N,213,V,-1.51,2
3.883,0.5907,10,N,213,W,-0.4268,2
-0.3887,-0.244,5,N,213,Y,-0.5967,2
-5.317,-4.81,3,V,214,-,,
2.712,0.56,4,V,214,A,-0.0366,1
3.336,0.5806,3,V,214,C,-0.03087,1
-3.223,-3.627,3,V,214,D,,
-5.33,-4.812,4,V,214,E,-5,3
3.312,0.58,5,V,214,F,0.1218,1
-3.448,-3.851,5,V,214,G,-4.055,2
-2.725,-3.043,6,V,214,H,-3.036,3
-5.82,-4.895,9,V,214,K,-5,6
0.2717,0.1318,7,V,214,L,,
4.402,0.5963,8,V,214,M,-0.7829,2
-2.857,-3.208,3,V,214,N,-3.313,1
-1.237,-1.046,1,V,214,P,,
-3.596,-3.984,7,V,214,Q,-4.258,1
-5.445,-4.835,7,V,214,R,-5,4
-1.271,-1.086,8,V,214,S,-1.281,5
-0.5083,-0.3338,4,V,214,T,-0.7914,3
0,0,,V,214,V,0,
-3.652,-4.03,5,V,214,W,-4.261,3
-2.155,-2.264,8,V,214,Y,-2.377,3
-4.577,-4.586,6,E,215,*,-5,1
-0.9975,-0.7805,2,E,215,-,,
1.622,0.474,3,E,215,A,0.4217,3
1.224,0.4123,4,E,215,C,1.007,2
-1.56,-1.445,6,E,215,D,-1.992,3
0,0,,E,215,E,0,
-0.4927,-0.3217,3,E,215,F,-0.3731,2
-1.099,-0.8893,4,E,215,G,-0.4061,1
0.1251,0.06428,6,E,215,H,0.0315,3
-0.4269,-0.2719,5,E,215,I,-0.3424,4
-0.9264,-0.7076,18,E,215,K,-0.106,4
0.0271,0.01447,5,E,215,L,0.3141,3
-0.01757,-0.009546,13,E,215,M,-0.1452,7
3.264,0.5788,5,E,215,N,0.6846,4
-5.808,-4.893,3,E,215,P,-5,1
0.04777,0.02531,9,E,215,Q,-0.7601,4
-1.671,-1.592,1,E,215,R,,
-1.179,-0.9783,3,E,215,S,-1.065,2
-1.514,-1.387,7,E,215,T,-1.434,5
0.522,0.2295,6,E,215,V,0.4897,3
0.7892,0.3129,6,E,215,W,0.3208,5
2.589,0.5542,1,E,215,Y,0.8907,1
-0.3287,-0.2016,2,A,216,-,,
0,0,,A,216,A,0,
-1.557,-1.441,3,A,216,C,-1.515,2
-5.721,-4.881,5,A,216,D,-4.68,1
-4.516,-4.561,2,A,216,E,,
-0.9522,-0.7337,3,A,216,F,-0.7774,1
-0.2899,-0.1752,6,A,216,G,0.2777,2
-1.161,-0.9582,10,A,216,H,-1.424,5
-4.218,-4.415,4,A,216,I,-4.545,1
-0.9895,-0.7721,7,A,216,K,-0.8476,6
-2.049,-2.115,4,A,216,L,-2.155,4
-1.837,-1.819,8,A,216,M,-1.68,5
-2.347,-2.533,2,A,216,N,,
-1.815,-1.788,9,A,216,Q,-1.736,6
-1.685,-1.612,6,A,216,R,-1.179,1
-1.179,-0.9784,10,A,216,S,-0.09995,3
-1.265,-1.078,6,A,216,T,-0.4913,2
-1.975,-2.011,9,A,216,V,-1.829,2
-1.459,-1.315,7,A,216,W,-1.097,3
-1.038,-0.8231,4,A,216,Y,-1.397,1
-1.432,-1.281,2,V,217,-,,
-0.6987,-0.4923,8,V,217,A,0.01519,5
1.497,0.457,7,V,217,C,-0.5044,4
-5.448,-4.836,6,V,217,D,-5,4
-5.424,-4.831,6,V,217,E,-5,2
-1.445,-1.299,13,V,217,F,-1.049,4
-6.569,-4.966,4,V,217,G,,
-5.393,-4.825,7,V,217,H,-5,3
0.804,0.317,6,V,217,I,0.1033,2
-5.242,-4.793,6,V,217,K,-5,3
-1.06,-0.8468,2,V,217,L,-1.011,1
0.255,0.1245,4,V,217,M,0.0464,2
-5.429,-4.832,5,V,217,N,-5,1
-5.055,-4.747,4,V,217,P,-5,2
-5.232,-4.791,6,V,217,Q,-5,3
-4.557,-4.578,6,V,217,R,-5,3
-0.198,-0.1155,2,V,217,S,-0.1815,2
-0.4434,-0.2841,2,V,217,T,,
0,0,,V,217,V,0,
-2.612,-2.894,3,V,217,W,-2.672,3
-4.992,-4.729,4,V,217,Y,-5,1
-0.2998,-0.1819,2,N,218,-,,
-0.09255,-0.0518,3,N,218,A,,
-1.392,-1.232,4,N,218,C,-1.145,3
-0.2878,-0.1738,2,N,218,D,,
-1.52,-1.393,7,N,218,E,-2.22,4
-0.4117,-0.2607,7,N,218,F,-0.1441,4
1.852,0.5003,9,N,218,G,0.2348,7
0.4586,0.2067,4,N,218,H,-1.577,2
-1.3,-1.12,2,N,218,I,-1.198,2
-0.7363,-0.5259,6,N,218,K,0.1246,3
-1.721,-1.661,2,N,218,L,,
2.136,0.5257,2,N,218,M,1.049,1
0,0,,N,218,N,0,
-5.072,-4.751,2,N,218,P,-4.923,2
11.98,0.6046,2,N,218,Q,,
-3.537,-3.933,3,N,218,R,-4.516,1
0.4131,0.1895,4,N,218,S,0.8277,2
0.2959,0.1421,7,N,218,T,-0.5301,4
0.07114,0.03734,2,N,218,V,-0.02821,1
-1.009,-0.7928,8,N,218,W,-0.9749,5
-1.205,-1.009,6,N,218,Y,-1.115,5
-0.644,-0.4448,2,F,219,-,,
-0.7406,-0.5298,1,F,219,A,-0.5645,1
-2.148,-2.254,6,F,219,C,-1.947,4
-4.884,-4.697,1,F,219,D,-5,1
-5.487,-4.843,3,F,219,E,-5,2
0,0,,F,219,F,0,
-6.921,-4.985,3,F,219,G,-5,2
-1.041,-0.8262,3,F,219,H,,
-0.237,-0.1403,5,F,219,I,-0.1345,3
-5.45,-4.836,2,F,219,K,-5,1
-0.1659,-0.09552,5,F,219,L,0.1281,2
2.971,0.5701,3,F,219,M,1.012,2
-1.241,-1.05,1,F,219,N,,
-2.731,-3.05,3,F,219,P,-2.428,1
-3.681,-4.054,3,F,219,Q,-4.139,2
-4.872,-4.693,6,F,219,R,-5,1
-3.303,-3.71,6,F,219,S,-3.555,3
-1.535,-1.414,3,F,219,T,-1.209,2
-3.291,-3.698,1,F,219,V,,
0.01082,0.005813,6,F,219,W,,
-0.4985,-0.3262,5,F,219,Y,0.1289,3
-2.682,-2.987,2,N,220,-,,
-1.844,-1.828,3,N,220,A,-1.919,3
-1.808,-1.779,3,N,220,C,-1.77,1
-2.788,-3.122,5,N,220,D,-5,1
-1.536,-1.415,6,N,220,E,-1.684,4
-0.5935,-0.4023,2,N,220,F,-0.2968,1
-0.485,-0.3158,10,N,220,G,-1.271,2
-1.943,-1.966,7,N,220,H,-2,3
-1.819,-1.794,9,N,220,I,-1.401,2
-1.449,-1.304,7,N,220,K,-1.348,4
-0.8945,-0.6756,11,N,220,L,-0.7186,5
1.316,0.4286,3,N,220,M,0.2151,1
0,0,,N,220,N,0,
-0.4674,-0.3022,3,N,220,P,-0.7224,2
-1.556,-1.441,5,N,220,Q,-0.9737,3
-2.465,-2.696,6,N,220,R,-2.817,2
-1.255,-1.066,5,N,220,S,-1.461,2
-2.485,-2.723,5,N,220,T,-2.082,3
-1.218,-1.023,7,N,220,V,-0.747,4
-1.795,-1.761,3,N,220,W,-2.123,2
-1.034,-0.8186,7,N,220,Y,-1.099,6
0.1164,0.06003,4,V,221,-,,
-1.3,-1.12,8,V,221,A,0.1099,1
-1.626,-1.533,2,V,221,C,-2.821,2
-4.331,-4.475,6,V,221,D,-3.197,2
-0.02848,-0.01554,6,V,221,E,-0.09682,5
2.045,0.5183,8,V,221,F,0.112,3
2.277,0.5359,4,V,221,G,1.048,3
-0.2786,-0.1676,8,V,221,H,0.3374,2
-0.6058,-0.4126,7,V,221,I,-0.2336,4
1.554,0.465,5,V,221,K,0.6915,2
0.7284,0.2956,10,V,221,L,0.3044,2
-0.04861,-0.02674,5,V,221,M,-0.1008,4
2.147,0.5266,2,V,221,N,-0.9484,1
-0.03763,-0.02061,3,V,221,P,,
0.2334,0.1149,5,V,221,Q,-0.5738,1
0.3402,0.1606,3,V,221,S,-0.2216,3
-1.062,-0.8488,1,V,221,T,-0.9396,1
0,0,,V,221,V,0,
-2.291,-2.454,8,V,221,W,-2.127,4
-0.2227,-0.1311,2,V,221,Y,-0.1753,2
1.385,0.4399,4,T,222,-,,
1.592,0.4701,6,T,222,A,0.8466,2
-0.2788,-0.1678,4,T,222,C,-0.5207,1
-1.892,-1.895,7,T,222,D,-1.76,4
-3.292,-3.699,4,T,222,E,-3.917,2
0.02495,0.01333,4,T,222,F,-0.4396,2
-0.5686,-0.3819,1,T,222,H,-0.4515,1
-1.444,-1.297,4,T,222,I,-1.329,2
3.729,0.5884,3,T,222,K,1.001,1
-0.777,-0.5632,7,T,222,L,-0.9756,5
1.258,0.4185,3,T,222,M,-0.5595,2
-0.7746,-0.5609,10,T,222,N,-0.6626,3
-0.1889,-0.1097,6,T,222,P,-0.1464,4
2.801,0.5637,6,T,222,R,0.2866,3
0.6969,0.2863,2,T,222,S,0.5429,1
0,0,,T,222,T,0,
-1.846,-1.831,8,T,222,V,-1.848,6
-1.707,-1.641,6,T,222,W,-1.783,5
-1.455,-1.311,7,T,222,Y,-1.195,4
-1.92,-1.935,1,N,223,-,,
-1.286,-1.103,1,N,223,A,,
-0.816,-0.5997,1,N,223,C,-0.6795,1
0.05454,0.02881,6,N,223,D,0.3868,5
-0.1192,-0.06739,6,N,223,E,-0.2641,4
-1.261,-1.074,3,N,223,F,-0.8687,1
0.1908,0.09553,1,N,223,G,,
-0.635,-0.4372,3,N,223,H,-0.08689,3
0.6384,0.2682,5,N,223,I,0.08491,3
-1.787,-1.75,7,N,223,K,-1.844,1
-1.506,-1.376,6,N,223,L,-1.232,4
-1.923,-1.938,7,N,223,M,-1.209,3
0,0,,N,223,N,0,
-1.421,-1.268,4,N,223,P,-1.363,2
0.7803,0.3104,3,N,223,Q,0.5829,1
0.881,0.3373,3,N,223,R,1.08,1
-1.337,-1.165,4,N,223,S,-1.415,2
-1.218,-1.023,4,N,223,T,,
-0.2347,-0.1388,5,N,223,V,-0.59,3
-0.3193,-0.1952,5,N,223,W,-0.3739,3
-1.666,-1.585,6,N,223,Y,-1.453,4
0.2512,0.1228,1,A,224,-,,
0,0,,A,224,A,0,
0.5052,0.2236,3,A,224,C,0.1795,1
2.107,0.5235,4,A,224,D,0.3389,2
0.9037,0.343,1,A,224,E,0.2867,1
1.022,0.3709,9,A,224,F,0.6071,3
-1.223,-1.029,3,A,224,G,-0.5145,1
-0.5746,-0.3869,6,A,224,H,-1.343,3
-2.034,-2.093,1,A,224,I,,
0.6853,0.2828,9,A,224,K,0.2238,4
-0.3091,-0.1882,5,A,224,L,-0.159,3
1.135,0.3951,2,A,224,M,,
-0.7906,-0.5758,11,A,224,P,-0.3832,5
1.882,0.5033,5,A,224,Q,0.6508,4
-0.8473,-0.6296,2,A,224,R,0.09989,1
-1.21,-1.015,13,A,224,S,-0.4887,4
-0.4726,-0.3062,4,A,224,T,-0.8344,1
0.5626,0.2435,11,A,224,V,-0.208,4
-0.7298,-0.5201,4,A,224,W,-0.395,1
-0.8271,-0.6102,3,A,224,Y,-0.5974,1
-7.185,-4.995,12,E,225,*,-5,3
-0.2428,-0.1441,1,E,225,-,,
0.4684,0.2103,6,E,225,A,-0.03167,3
-0.929,-0.7102,5,E,225,C,-0.3737,3
0.06039,0.03183,5,E,225,D,0.1775,2
0,0,,E,225,E,0,
-0.5127,-0.3373,7,E,225,F,-0.1115,2
0.7317,0.2966,9,E,225,G,0.3038,3
0.821,0.3216,4,E,225,I,0.1716,3
-0.8903,-0.6715,14,E,225,K,0.5604,1
-1.174,-0.9724,2,E,225,L,-1.041,1
-0.2734,-0.1642,6,E,225,M,-0.6965,3
2.856,0.5659,4,E,225,N,0.8172,2
-0.9404,-0.7216,4,E,225,P,-0.1658,2
0.2432,0.1193,4,E,225,Q,-0.1263,1
0.8049,0.3172,4,E,225,R,0.6366,3
-1.6,-1.498,2,E,225,S,-1.59,2
-0.3709,-0.2312,9,E,225,T,-0.2059,7
-1.096,-0.8855,5,E,225,V,-1.463,1
-0.671,-0.4681,8,E,225,W,-0.7199,2
-0.4011,-0.2529,8,E,225,Y,0.4405,4
0.2766,0.1339,2,T,226,-,,
0.2137,0.1061,8,T,226,A,-0.3112,4
1.491,0.4561,7,T,226,C,0.6393,3
0.03542,0.01885,4,T,226,D,0.1978,3
-0.5099,-0.3351,4,T,226,E,-0.3827,3
0.09977,0.05178,3,T,226,F,-0.06005,1
1.251,0.4173,1,T,226,G,0.4063,1
0.4616,0.2078,6,T,226,H,0.1999,5
1.108,0.3894,9,T,226,I,0.3509,5
0.1554,0.07888,3,T,226,K,,
1.913,0.5063,3,T,226,L,0.2032,3
0.007152,0.00385,3,T,226,M,0.314,1
1.415,0.4448,6,T,226,N,-0.3077,3
0.2107,0.1047,6,T,226,P,-0.1263,3
0.7941,0.3143,6,T,226,Q,0.2778,3
0.2361,0.1161,4,T,226,R,-0.7896,2
0.6078,0.2584,2,T,226,S,,
0,0,,T,226,T,0,
-0.2893,-0.1748,3,T,226,V,-0.1982,1
0.1361,0.06963,4,T,226,W,0.1984,2
1.431,0.4471,4,T,226,Y,0.4023,3
0.4031,0.1857,2,T,227,-,,
-1.375,-1.211,2,T,227,A,-0.04818,1
1.85,0.5001,3,T,227,C,,
-0.1472,-0.08413,4,T,227,D,-0.0515,2
-0.3188,-0.1948,3,T,227,E,-0.4291,1
-0.5845,-0.3949,9,T,227,F,-0.6679,6
-0.6947,-0.4888,1,T,227,G,,
-0.02346,-0.01278,2,T,227,H,-0.08165,2
-0.5893,-0.3989,17,T,227,I,-0.9049,7
-1.081,-0.8693,2,T,227,K,-0.6281,1
0.1334,0.06834,8,T,227,L,0.04024,7
0.728,0.2955,6,T,227,M,-0.03836,3
1.501,0.4575,5,T,227,N,,
-0.5834,-0.394,3,T,227,P,-0.1713,1
-0.7684,-0.5553,1,T,227,Q,,
-1.559,-1.444,3,T,227,R,-1.93,3
0.1582,0.08024,4,T,227,S,0.2154,1
0,0,,T,227,T,0,
0.5388,0.2353,11,T,227,V,-0.09642,5
-1.399,-1.241,5,T,227,W,-0.7132,2
0.8531,0.3301,4,T,227,Y,,
0.4518,0.2042,1,V,229,-,,
0.9727,0.3597,10,V,229,A,-0.1654,3
-0.2339,-0.1383,6,V,229,C,-0.8654,1
-1.198,-1.001,7,V,229,D,-1.371,2
0.0813,0.0425,7,V,229,F,-1.249,3
-0.9269,-0.708,2,V,229,G,-1.37,1
-2.031,-2.09,5,V,229,H,-2.661,3
0.04918,0.02603,7,V,229,I,0.5381,2
-0.467,-0.302,2,V,229,K,-0.3943,1
-0.6598,-0.4584,4,V,229,L,-0.8396,3
1.494,0.4566,2,V,229,M,0.3974,2
0.04844,0.02565,7,V,229,N,-0.04685,4
-0.2975,-0.1803,1,V,229,P,-0.2873,1
-1.253,-1.064,6,V,229,R,-1.439,4
-0.9659,-0.7476,6,V,229,S,-0.8974,3
-1.914,-1.926,2,V,229,T,-1.975,1
0,0,,V,229,V,0,
0.4728,0.2119,5,V,229,W,-0.1742,5
4.082,0.5932,4,V,229,Y,-0.315,1
-1.506,-1.376,1,C,230,-,,
2.703,0.5596,3,C,230,A,-0.0877,2
0,0,,C,230,C,0,
0.6922,0.2849,8,C,230,D,0.7568,2
-1.808,-1.779,1,C,230,E,-1.873,1
1.549,0.4643,8,C,230,F,-0.681,2
0.4726,0.2118,3,C,230,G,0.4595,1
-0.444,-0.2846,6,C,230,H,0.7357,2
4.632,0.598,5,C,230,I,1.53,3
2.061,0.5197,1,C,230,K,,
3.499,0.5842,3,C,230,L,0.1549,2
0.1688,0.08524,8,C,230,M,0.09093,3
-0.7342,-0.524,5,C,230,N,-0.3561,3
-0.9893,-0.7719,2,C,230,P,-0.8343,2
0.6858,0.283,1,C,230,Q,0.2072,1
-1.304,-1.124,6,C,230,R,-0.7043,1
-0.001765,-0.0009533,8,C,230,S,-0.7971,3
0.8104,0.3187,9,C,230,T,0.3162,5
0.556,0.2412,3,C,230,V,0.7319,2
0.928,0.349,5,C,230,W,0.4999,5
-1.051,-0.8376,10,C,230,Y,-0.668,5
-0.0375,-0.02054,1,T,231,-,,
1.092,0.3861,11,T,231,A,0.724,3
-1.946,-1.97,4,T,231,D,-3.148,2
-2.292,-2.457,4,T,231,E,-2.546,4
1.216,0.4108,3,T,231,F,0.7041,1
0.04706,0.02493,3,T,231,G,-0.04365,2
-1.049,-0.8349,5,T,231,H,-0.853,4
-1.127,-0.92,8,T,231,I,-0.8026,2
-2.382,-2.581,2,T,231,K,-2.213,1
-0.6062,-0.4129,6,T,231,L,-0.5478,5
-1.667,-1.587,4,T,231,M,-1.543,4
-1.526,-1.401,6,T,231,N,,
-4.53,-4.567,1,T,231,P,-4.757,1
-1.641,-1.553,6,T,231,Q,-1.255,2
-0.05564,-0.03069,4,T,231,R,-1.395,1
0.238,0.117,8,T,231,S,0.242,6
0,0,,T,231,T,0,
-1.475,-1.337,5,T,231,V,-1.231,4
-1.028,-0.8124,4,T,231,W,-0.5566,2
0.1327,0.06798,1,T,231,Y,-4.193e-05,1
-0.1723,-0.0995,1,V,232,-,,
-0.3763,-0.2351,5,V,232,A,-0.3975,1
-5.807,-4.893,6,V,232,D,,
-0.801,-0.5855,6,V,232,E,-0.6631,4
4.834,0.5992,8,V,232,F,1.015,5
-0.5449,-0.3628,5,V,232,G,0.2892,3
0.2735,0.1326,4,V,232,H,0.6577,3
-0.2473,-0.147,4,V,232,I,-0.1185,2
-1.148,-0.9433,8,V,232,K,-0.7556,4
-0.101,-0.05669,6,V,232,L,-0.148,2
0.6935,0.2853,12,V,232,M,-0.0211,3
-1.258,-1.07,4,V,232,N,-0.9294,2
-5.178,-4.778,6,V,232,P,-5,4
-0.6321,-0.4347,2,V,232,Q,-0.5053,2
-3.108,-3.504,2,V,232,R,,
-0.8732,-0.6548,7,V,232,S,-0.7376,2
-0.0826,-0.04605,7,V,232,T,0.3944,5
0,0,,V,232,V,0,
-0.8514,-0.6335,7,V,232,W,-0.879,4
-1.269,-1.083,3,V,232,Y,-1.39,3
-0.3627,-0.2254,1,A,233,-,,
0,0,,A,233,A,0,
3.335,0.5806,8,A,233,C,0.5408,5
-5.585,-4.86,6,A,233,D,-5,3
-2.305,-2.475,5,A,233,E,-1.641,3
-3.837,-4.173,3,A,233,F,,
3.032,0.5721,2,A,233,G,0.8616,2
-4.749,-4.652,1,A,233,H,-5,1
-0.5449,-0.3628,1,A,233,I,-0.5751,1
-5.129,-4.766,3,A,233,K,-5,1
-3.111,-3.507,3,A,233,L,-3.612,2
-1.37,-1.204,1,A,233,M,,
-0.5159,-0.3398,4,A,233,N,-0.1217,2
-5.226,-4.789,4,A,233,P,-5,1
-2.451,-2.677,3,A,233,Q,-3.362,2
-5.948,-4.911,7,A,233,R,-5,1
1.035,0.3739,11,A,233,S,1.37,1
0.0547,0.02889,7,A,233,T,0.5564,4
-0.647,-0.4474,11,A,233,V,0.6791,3
-5.263,-4.798,10,A,233,W,-5,5
-1.697,-1.627,3,A,233,Y,-1.526,1
-0.9561,-0.7376,1,L,234,-,,
-0.7335,-0.5234,1,L,234,A,,
0.6678,0.2774,3,L,234,C,,
-5.02,-4.737,2,L,234,D,-4.88,2
-0.3268,-0.2003,3,L,234,E,-0.742,1
-2.957,-3.329,8,L,234,F,-3.37,3
-0.8054,-0.5897,3,L,234,G,-0.3908,3
-1.46,-1.317,4,L,234,H,-0.7256,3
-1.44,-1.291,2,L,234,I,-1.755,2
-2.958,-3.331,6,L,234,K,-2.483,1
0,0,,L,234,L,0,
0.1994,0.09952,8,L,234,M,0.3957,3
-5.236,-4.792,4,L,234,N,-5,2
-5.237,-4.792,6,L,234,P,-5,2
0.9314,0.3498,5,L,234,Q,0.5527,4
-5.352,-4.817,4,L,234,R,-5,3
-1.034,-0.819,7,L,234,S,-0.7749,5
-0.1305,-0.07411,3,L,234,T,-0.4718,1
-2.176,-2.294,4,L,234,V,-2.747,1
-4.344,-4.481,3,L,234,W,-4.665,3
-2.723,-3.039,7,L,234,Y,-2.774,4
0.003467,0.001869,1,A,235,-,,
0,0,,A,235,A,0,
-3.424,-3.829,3,A,235,C,,
-4.979,-4.725,11,A,235,D,-5,3
-5.223,-4.789,5,A,235,E,-5,2
-5.75,-4.885,11,A,235,F,-5,9
1.855,0.5006,4,A,235,G,-0.3848,2
-3.015,-3.398,3,A,235,H,,
-5.484,-4.843,5,A,235,I,-5,4
-3.175,-3.576,1,A,235,K,-3.676,1
-3.026,-3.411,3,A,235,L,-3.119,3
-0.7225,-0.5135,2,A,235,M,-0.5806,1
-5.27,-4.8,4,A,235,N,-4.962,4
-4.873,-4.694,5,A,235,P,-5,2
-3.098,-3.492,3,A,235,Q,-3.164,1
-5.529,-4.851,5,A,235,R,-5,3
-0.4952,-0.3236,9,A,235,S,1.137,2
-1.068,-0.8559,10,A,235,T,,
-2.82,-3.163,8,A,235,V,-0.7884,1
-6.634,-4.97,4,A,235,W,-5,2
-2.776,-3.107,3,A,235,Y,,
-0.4615,-0.2978,1,S,236,-,,
1.182,0.4042,4,S,236,A,0.4443,2
-0.1618,-0.09301,8,S,236,C,0.08518,5
-1.351,-1.181,4,S,236,D,,
3.182,0.5766,1,S,236,E,,
-0.3352,-0.2061,5,S,236,F,-0.5126,3
0.04777,0.02531,8,S,236,G,0.06904,4
-0.8849,-0.6663,6,S,236,H,-0.5199,5
-2.434,-2.653,6,S,236,I,-2.784,1
2.873,0.5666,4,S,236,K,0.3352,1
-0.2601,-0.1554,2,S,236,L,-0.2338,2
1.379,0.4391,5,S,236,M,0.3439,3
-1.054,-0.8399,12,S,236,N,-0.4053,6
-5.588,-4.861,6,S,236,P,-5,3
-4.754,-4.654,5,S,236,Q,-5,1
1.106,0.389,6,S,236,R,-1.418,2
0,0,,S,236,S,0,
1.193,0.4064,4,S,236,T,0.3717,3
-2.851,-3.201,6,S,236,W,-3.631,4
2.657,0.5575,3,S,236,Y,1.013,3
-1.676,-1.599,1,Y,237,*,,
0.00942,0.005066,1,Y,237,-,,
-1.186,-0.9864,4,Y,237,A,-1.084,4
-1.248,-1.058,4,Y,237,C,-1.69,1
-0.07885,-0.04389,2,Y,237,D,-0.2188,1
2.103,0.5231,3,Y,237,E,0.496,2
-0.2501,-0.1488,4,Y,237,F,1.395,1
-0.9606,-0.7423,6,Y,237,G,-0.7542,3
1.553,0.4648,7,Y,237,H,-0.0053,2
-0.4261,-0.2713,2,Y,237,I,-0.38,1
-0.3848,-0.2412,7,Y,237,K,-0.2394,5
-0.7748,-0.5611,4,Y,237,L,-0.5087,4
-0.4386,-0.2806,4,Y,237,M,0.09893,1
1.26,0.4189,5,Y,237,N,-0.6456,1
-2.073,-2.149,2,Y,237,P,,
0.5714,0.2464,7,Y,237,Q,0.5157,6
-0.5068,-0.3326,4,Y,237,R,0.2852,3
-0.2849,-0.1719,2,Y,237,S,0.9701,1
-1.032,-0.8173,6,Y,237,T,-0.8261,2
-0.5152,-0.3392,3,Y,237,V,-0.6322,2
1.448,0.4498,5,Y,237,W,0.384,4
0,0,,Y,237,Y,0,
-0.162,-0.09317,1,A,238,-,,
0,0,,A,238,A,0,
0.7021,0.2879,6,A,238,C,0.008778,5
-0.4757,-0.3086,4,A,238,D,-1.443,1
-1.2,-1.003,8,A,238,E,0.1455,2
2.928,0.5686,1,A,238,F,1.213,1
-0.9316,-0.7128,6,A,238,G,,
0.9899,0.3637,8,A,238,H,0.1869,3
-0.6108,-0.4167,2,A,238,I,-0.481,2
-1.343,-1.172,3,A,238,K,-1.185,3
-1.294,-1.112,5,A,238,L,-1.352,4
-1.117,-0.9086,3,A,238,M,-0.9913,2
-0.9862,-0.7687,4,A,238,N,-0.5551,3
-5.393,-4.825,3,A,238,P,-5,2
-0.411,-0.2602,4,A,238,Q,1.219,1
-0.00217,-0.001173,4,A,238,R,-2.348,1
-0.8612,-0.643,13,A,238,S,-1.102,2
-0.9161,-0.6972,8,A,238,T,-0.8423,2
-0.4044,-0.2553,12,A,238,V,0.3227,2
-1.41,-1.255,3,A,238,W,-0.5225,2
-0.9266,-0.7077,2,A,238,Y,-1.377,1
-1.099,-0.8886,2,D,239,-,,
-2.493,-2.735,4,D,239,A,-2.853,3
-5.414,-4.829,3,D,239,C,-5,3
0,0,,D,239,D,0,
-0.5115,-0.3363,7,D,239,E,-0.4652,6
-7.068,-4.991,4,D,239,F,-5,1
-6.238,-4.941,11,D,239,G,,
2.008,0.5151,3,D,239,H,-1.151,2
-5.275,-4.8,6,D,239,I,-5,1
-1.232,-1.04,3,D,239,L,-1.136,1
-1.052,-0.8378,5,D,239,M,-1.041,4
-2.066,-2.139,10,D,239,N,-0.8971,3
-1.098,-0.8884,3,D,239,P,-0.6926,2
-0.7243,-0.5151,7,D,239,Q,-0.3045,4
-2.955,-3.327,4,D,239,R,-2.528,1
-1.419,-1.265,5,D,239,S,-0.7645,2
-3.144,-3.543,2,D,239,T,,
-3.749,-4.108,3,D,239,V,-3.996,1
4.429,0.5965,5,D,239,W,-0.3957,4
-1.303,-1.124,17,D,239,Y,-0.6129,5
-1.097,-0.8865,2,V,240,-,,
-1.266,-1.08,6,V,240,A,-1.283,5
-0.7242,-0.515,6,V,240,C,-0.1066,5
-5.502,-4.846,6,V,240,D,-5,4
-4.536,-4.569,6,V,240,E,-5,4
-4.178,-4.393,3,V,240,F,-5,3
-4.961,-4.72,5,V,240,G,-5,3
-5.82,-4.895,9,V,240,H,-5,6
-0.1904,-0.1107,2,V,240,I,0.09153,1
-5.38,-4.823,3,V,240,K,-5,2
-3.841,-4.176,8,V,240,L,,
0.1588,0.08052,10,V,240,M,-0.5328,2
-4.918,-4.707,1,V,240,N,-5,1
-6.87,-4.982,12,V,240,P,-5,6
-4.426,-4.52,7,V,240,Q,-5,5
-5.39,-4.825,5,V,240,R,-5,2
-0.03562,-0.0195,4,V,240,S,,
3.485,0.5839,3,V,240,T,1.148,2
0,0,,V,240,V,0,
-5.663,-4.872,7,V,240,W,-5,5
-5.56,-4.856,9,V,240,Y,-5,5
-0.2074,-0.1214,2,L,241,-,,
-3.389,-3.795,16,L,241,A,-3.522,9
-5.439,-4.834,7,L,241,D,-5,4
-1.279,-1.095,4,L,241,E,,
-2.686,-2.991,3,L,241,F,,
-5.262,-4.798,7,L,241,G,-5,3
-4.25,-4.433,3,L,241,H,-5,3
-2.703,-3.014,9,L,241,I,-2.682,5
-5.606,-4.863,5,L,241,K,-5,3
0,0,,L,241,L,0,
1.251,0.4172,3,L,241,M,0.9955,1
-5.467,-4.839,5,L,241,N,-5,5
-6.395,-4.954,10,L,241,P,-5,5
-5.416,-4.83,7,L,241,R,-5,4
-4.211,-4.411,3,L,241,S,-5,1
-3.802,-4.148,5,L,241,T,,
-4.556,-4.578,4,L,241,V,-4.634,3
-4.975,-4.724,2,L,241,W,-5,1
-5.449,-4.836,4,L,241,Y,-5,2
-0.9969,-0.7799,2,V,242,-,,
-1.082,-0.8711,3,V,242,A,-0.9522,2
-1.122,-0.9141,5,V,242,C,-0.8321,1
-8.761,-5.023,7,V,242,D,-5,4
-7.968,-5.015,10,V,242,E,-5,8
-4.778,-4.662,5,V,242,F,,
-4.557,-4.578,6,V,242,G,-4.964,5
-5.866,-4.901,8,V,242,H,-5,3
0.06873,0.03611,5,V,242,I,-0.2021,1
-5.746,-4.885,6,V,242,K,-5,2
-0.4894,-0.3191,8,V,242,L,-0.9619,2
-0.3342,-0.2054,9,V,242,M,0.07165,6
-5.005,-4.733,3,V,242,N,-5,1
-4.923,-4.709,2,V,242,P,-5,1
-4.959,-4.72,4,V,242,Q,-5,2
-5.489,-4.844,8,V,242,R,-5,2
-1.691,-1.62,5,V,242,S,-1.944,4
0,0,,V,242,V,0,
-5.44,-4.834,9,V,242,W,-5,6
-5.857,-4.9,8,V,242,Y,-5,3
-1.597,-1.494,2,N,243,-,,
1.458,0.4513,1,N,243,A,,
-2.678,-2.981,5,N,243,C,-3.152,3
-0.4204,-0.267,9,N,243,D,-0.4717,6
-0.5678,-0.3813,6,N,243,E,-0.6827,2
-1.256,-1.067,4,N,243,F,-1.145,4
-0.8721,-0.6537,4,N,243,G,-0.8638,1
1.309,0.4274,6,N,243,H,0.1647,4
-4.933,-4.712,3,N,243,I,-5,1
0.9328,0.3502,3,N,243,K,,
-0.02132,-0.0116,6,N,243,L,-0.02855,4
-0.3878,-0.2433,6,N,243,M,-0.2323,4
0,0,,N,243,N,0,
-5.267,-4.799,4,N,243,P,-5,2
-0.2492,-0.1482,5,N,243,Q,0.231,4
-0.06822,-0.03782,3,N,243,R,0.1982,1
0.1453,0.07407,3,N,243,S,0.3817,1
0.1653,0.08362,4,N,243,T,-0.1918,3
-2.293,-2.457,10,N,243,V,-1.869,7
-0.6912,-0.4857,5,N,243,W,-0.8754,3
-0.2953,-0.1788,2,N,243,Y,-0.3189,1
-0.3263,-0.2,2,V,244,-,,
-1.664,-1.584,4,V,244,A,-1.752,1
-1.647,-1.56,2,V,244,C,-1.647,2
-0.9639,-0.7456,1,V,244,D,,
-4.929,-4.711,3,V,244,E,-5,1
-4.147,-4.375,5,V,244,F,-4.961,3
-4.623,-4.605,5,V,244,G,-5,4
-4.972,-4.724,1,V,244,H,-5,1
0.4727,0.2119,4,V,244,I,-0.01298,1
-4.544,-4.573,3,V,244,K,-5,3
-1.457,-1.313,6,V,244,L,-1.29,2
-1.582,-1.475,7,V,244,M,-0.03271,1
-4.91,-4.705,1,V,244,N,-5,1
-5.41,-4.829,6,V,244,P,-5,4
-3.592,-3.98,6,V,244,Q,-3.002,2
-0.3612,-0.2244,1,V,244,R,,
-2.673,-2.975,5,V,244,S,-2.973,2
-1.364,-1.197,6,V,244,T,-1.024,4
0,0,,V,244,V,0,
-5.601,-4.863,4,V,244,W,-5,3
-3.187,-3.589,3,V,244,Y,-3.707,3
-0.2869,-0.1732,2,S,245,-,,
-1.643,-1.555,2,S,245,A,,
-1.914,-1.925,6,S,245,C,-2.703,3
-0.2383,-0.1412,3,S,245,D,-0.4747,3
-0.7287,-0.5191,6,S,245,E,0.829,1
-0.08112,-0.0452,5,S,245,F,0.1443,3
-1.625,-1.532,8,S,245,G,-1.582,2
0.227,0.1121,4,S,245,H,,
-0.06651,-0.03685,8,S,245,I,0.7481,2
1.097,0.3872,1,S,245,K,,
-0.7003,-0.4938,2,S,245,L,-0.8299,1
-1.23,-1.037,2,S,245,M,-1.111,2
-0.2868,-0.1731,12,S,245,N,0.0018,4
-5.025,-4.739,7,S,245,P,-5,4
-0.5639,-0.3781,3,S,245,Q,-0.3791,1
-0.7685,-0.5553,4,S,245,R,-1.026,1
0,0,,S,245,S,0,
-0.3892,-0.2443,7,S,245,T,0.1996,5
-0.8186,-0.6021,2,S,245,V,,
-0.7741,-0.5605,3,S,245,W,-0.4583,2
1.749,0.4891,4,S,245,Y,-0.3076,2
-6.264,-4.943,5,Q,246,*,-5,1
-0.5589,-0.374,3,Q,246,-,,
-0.3376,-0.2078,4,Q,246,A,-0.2643,1
-1.222,-1.028,9,Q,246,C,-1.143,5
-0.6209,-0.4253,7,Q,246,D,0.07315,2
-2.27,-2.426,1,Q,246,E,,
-0.1405,-0.0801,8,Q,246,F,0.2493,3
-0.4335,-0.2768,3,Q,246,G,-0.1097,2
0.08228,0.043,7,Q,246,H,0.7337,4
-0.2567,-0.1532,3,Q,246,I,-0.2332,2
-0.9654,-0.7472,9,Q,246,K,-0.6207,4
-0.1074,-0.06048,6,Q,246,L,0.6196,3
-0.642,-0.4431,4,Q,246,M,-0.4391,4
1.118,0.3915,2,Q,246,N,-0.4517,1
-5.101,-4.759,5,Q,246,P,-5,3
0,0,,Q,246,Q,0,
-1.831,-1.811,7,Q,246,R,-1.296,1
2.104,0.5232,2,Q,246,S,,
-0.5769,-0.3888,11,Q,246,T,0.03898,6
0.4297,0.1959,1,Q,246,V,,
-1.153,-0.9487,9,Q,246,W,-0.9635,1
-0.239,-0.1416,1,Q,246,Y,-0.238,1
-0.368,-0.2292,3,T,247,-,,
-0.68,-0.4759,3,T,247,A,-0.454,1
-0.3432,-0.2117,6,T,247,C,-0.5319,3
-6.318,-4.947,6,T,247,D,-4.962,2
-3.724,-4.088,7,T,247,E,-3.882,5
-4.922,-4.709,1,T,247,F,-5,1
-3.647,-4.026,8,T,247,G,-4.204,6
-5.194,-4.782,8,T,247,H,-5,3
-4.427,-4.521,5,T,247,I,-4.651,2
-5.277,-4.801,3,T,247,K,-4.93,2
-6.47,-4.959,4,T,247,M,-5,3
-5.916,-4.907,9,T,247,N,-5,5
-4.964,-4.721,3,T,247,P,-5,1
-8.094,-5.016,6,T,247,Q,-5,2
-4.63,-4.607,8,T,247,R,-4.352,3
-1.071,-0.8589,11,T,247,S,-0.9079,7
0,0,,T,247,T,0,
-2.18,-2.299,3,T,247,V,-2.598,1
-3.909,-4.224,10,T,247,W,-4.428,4
-5.418,-4.83,3,T,247,Y,-5,3
0.1395,0.07127,3,A,248,-,,
0,0,,A,248,A,0,
-1.161,-0.9586,3,A,248,C,0.5288,1
1.183,0.4045,8,A,248,D,0.2571,4
-0.4236,-0.2694,4,A,248,E,-0.3979,3
0.4784,0.214,10,A,248,F,0.3317,6
0.8367,0.3258,4,A,248,G,0.4644,1
0.6894,0.284,5,A,248,H,-0.1195,3
2.043,0.5181,2,A,248,I,1.351,1
0.766,0.3064,8,A,248,K,0.8416,4
-0.4471,-0.2869,6,A,248,L,0.1998,1
1.85,0.5001,3,A,248,M,0.7938,1
-0.07856,-0.04373,6,A,248,N,0.09629,4
-4.97,-4.723,1,A,248,P,-5,1
0.7221,0.2938,8,A,248,Q,0.6124,5
-0.4675,-0.3024,4,A,248,R,-0.4732,4
0.2441,0.1197,15,A,248,S,0.05106,5
0.4337,0.1974,12,A,248,T,-0.01905,4
-0.2452,-0.1456,4,A,248,V,-0.3163,1
-0.8492,-0.6314,5,A,248,W,-1.654,2
-1.033,-0.8176,7,A,248,Y,-2.071,2
-1.172,-0.9704,3,I,249,-,,
-0.5347,-0.3547,3,I,249,A,,
-3.041,-3.428,8,I,249,C,-3.196,2
-5.49,-4.844,6,I,249,D,-5,5
-5.575,-4.858,6,I,249,E,-5,4
-2.397,-2.602,3,I,249,F,-2.737,1
-5.402,-4.827,5,I,249,G,-5,3
-5.535,-4.852,5,I,249,H,-5,3
0,0,,I,249,I,0,
-5.441,-4.835,7,I,249,K,-5,3
-0.8946,-0.6758,2,I,249,L,-0.6857,1
-1.086,-0.8746,6,I,249,M,0.1045,1
-5.119,-4.764,5,I,249,N,-5,2
-3.832,-4.17,2,I,249,P,-4.266,2
-7.12,-4.993,8,I,249,Q,-5,3
-6.075,-4.925,3,I,249,R,-5,2
-5.334,-4.813,2,I,249,S,-5,2
-5.465,-4.839,3,I,249,T,-5,2
-1.055,-0.8409,6,I,249,V,-0.7488,3
-5.55,-4.854,6,I,249,W,-5,1
-4.784,-4.664,6,I,249,Y,-5,5
-0.9425,-0.7238,3,A,250,-,,
0,0,,A,250,A,0,
-1.392,-1.232,2,A,250,C,,
-0.9458,-0.7272,8,A,250,D,-0.6576,2
-1.078,-0.8664,5,A,250,E,-0.7109,2
-0.7298,-0.52,9,A,250,F,-0.4639,6
-0.198,-0.1155,7,A,250,G,-0.4562,4
1.556,0.4652,6,A,250,H,-0.7896,1
-1.197,-0.9987,7,A,250,I,-1.054,4
-2.143,-2.247,1,A,250,K,-2.318,1
-0.5549,-0.3708,2,A,250,L,-0.3795,1
-0.9512,-0.7326,4,A,250,M,-0.515,2
-0.5371,-0.3566,5,A,250,N,-0.7776,3
-5.23,-4.79,5,A,250,P,-5,2
-0.9562,-0.7378,7,A,250,Q,-0.6291,2
-1.108,-0.8995,3,A,250,R,-1.171,3
-4.635,-4.61,4,A,250,S,,
-1.528,-1.404,11,A,250,T,-0.05423,1
-1.607,-1.508,11,A,250,V,-1.963,2
0.5917,0.2532,2,A,250,W,0.4576,1
-1.07,-0.858,6,A,250,Y,-0.6109,3
-0.5625,-0.3769,4,N,251,-,,
0.225,0.1112,3,N,251,A,0.0868,1
1.03,0.3728,9,N,251,C,-0.3458,5
-1.329,-1.155,10,N,251,D,-0.7251,3
-1.522,-1.397,4,N,251,E,-0.8362,1
-0.9702,-0.7521,8,N,251,F,-0.7157,5
3.238,0.5781,5,N,251,G,-0.2744,3
0.7523,0.3025,12,N,251,H,0.1055,8
-5.05,-4.745,3,N,251,I,-5,1
2.754,0.5618,2,N,251,K,0.7508,2
-8.778,-5.024,7,N,251,L,-4.014,4
-0.6735,-0.4703,4,N,251,M,-0.5999,3
0,0,,N,251,N,0,
-5.472,-4.84,4,N,251,P,-5,3
1.131,0.3942,2,N,251,Q,0.6401,1
0.4261,0.1945,7,N,251,R,-0.3606,4
-0.4302,-0.2743,5,N,251,S,-0.3908,4
-0.8439,-0.6263,5,N,251,T,0.1969,2
-4.236,-4.425,2,N,251,V,-4.44,2
-0.4433,-0.2841,3,N,251,W,0.08434,1
-0.5479,-0.3652,5,N,251,Y,-0.491,2
-5.086,-4.755,6,I,252,-,-5,1
1.173,0.4025,4,I,252,A,0.4843,3
-0.2565,-0.153,9,I,252,C,0.4161,6
-5.453,-4.837,6,I,252,D,-5,4
-5.537,-4.852,4,I,252,E,-5,2
-1.465,-1.323,4,I,252,F,-1.63,2
-6.447,-4.957,6,I,252,G,-5,3
-0.9554,-0.737,6,I,252,H,-0.5909,4
0,0,,I,252,I,0,
-1.936,-1.956,3,I,252,K,-1.901,1
0.3753,0.1748,9,I,252,L,0.7028,5
-0.6893,-0.4841,2,I,252,M,-1.021,1
-1.376,-1.212,5,I,252,N,-1.639,2
-5.218,-4.788,3,I,252,P,-5,2
0.2806,0.1356,3,I,252,Q,,
-3.875,-4.201,3,I,252,R,-3.418,1
-1.158,-0.9553,4,I,252,S,-1.166,3
-1.369,-1.204,6,I,252,T,-0.5639,2
0.7153,0.2918,11,I,252,V,0.2252,3
-1.375,-1.212,6,I,252,W,-1.582,3
-0.4564,-0.2939,2,I,252,Y,-0.35,1
-0.1916,-0.1115,3,I,253,-,,
-1.078,-0.8663,3,I,253,A,-0.7713,3
1.799,0.4947,8,I,253,C,0.3916,3
-4.717,-4.641,2,I,253,D,,
-1.445,-1.298,3,I,253,E,-1.62,2
-4.496,-4.552,3,I,253,F,-4.615,3
-2.025,-2.08,10,I,253,G,-2.054,7
-1.687,-1.614,3,I,253,H,-2.006,2
0,0,,I,253,I,0,
-2.325,-2.503,4,I,253,K,-1.941,3
-0.4317,-0.2754,5,I,253,L,-0.4751,4
-0.1609,-0.09249,4,I,253,M,-0.1102,2
-0.6804,-0.4762,5,I,253,N,-0.8276,4
0.121,0.06227,2,I,253,Q,0.03043,1
-1.965,-1.997,4,I,253,R,-1.891,3
-1.352,-1.183,9,I,253,S,-0.8761,5
-0.2437,-0.1446,5,I,253,T,-2.026,2
-0.3895,-0.2445,7,I,253,V,-0.459,5
-4.105,-4.351,7,I,253,W,-5,3
-2.778,-3.11,4,I,253,Y,-3.202,4
-5.347,-4.816,4,Y,254,*,,
0.7089,0.2899,3,Y,254,-,,
-2.926,-3.292,7,Y,254,A,-2.972,5
-5.14,-4.769,10,Y,254,C,-5,2
-4.727,-4.644,2,Y,254,D,,
-2.371,-2.566,10,Y,254,E,-2.617,6
-1.619,-1.523,6,Y,254,F,-1.031,3
-5.049,-4.745,2,Y,254,G,-5,1
-1.309,-1.131,6,Y,254,H,-1.734,3
-1.728,-1.669,6,Y,254,I,-1.556,3
-5.37,-4.821,4,Y,254,K,-5,2
-1.295,-1.114,8,Y,254,L,-0.6198,4
-3.919,-4.232,5,Y,254,N,-4.277,5
-1.316,-1.139,8,Y,254,P,-0.7592,3
-2.164,-2.276,5,Y,254,Q,-2.699,3
-3.599,-3.986,3,Y,254,R,-3.304,2
-2.019,-2.072,1,Y,254,S,,
-2.148,-2.254,1,Y,254,T,,
-1.337,-1.164,3,Y,254,V,-0.2753,1
-2.886,-3.243,4,Y,254,W,-3.5,4
0,0,,Y,254,Y,0,
-3.291,-3.698,2,C,255,*,,
-0.5629,-0.3773,3,C,255,-,,
-5.562,-4.856,6,C,255,A,-5,4
0,0,,C,255,C,0,
-4.996,-4.73,4,C,255,D,-5,1
-4.917,-4.707,3,C,255,E,-5,1
-4.722,-4.642,12,C,255,F,-5,4
-5.003,-4.732,2,C,255,G,-4.904,2
-5.838,-4.897,9,C,255,H,-5,5
-5.791,-4.891,17,C,255,I,-5,9
-4.315,-4.467,6,C,255,K,-3.085,2
-5.007,-4.734,2,C,255,L,-4.875,2
-4.933,-4.712,2,C,255,M,-5,1
-1.461,-1.318,3,C,255,N,-1.133,1
-5.581,-4.859,4,C,255,P,-5,2
-5.508,-4.847,6,C,255,Q,-5,4
-5.631,-4.867,6,C,255,R,-5,5
-5.202,-4.784,3,C,255,S,-5,1
-5.383,-4.823,3,C,255,T,-5,3
-5.392,-4.825,6,C,255,V,-5,3
-5.67,-4.874,6,C,255,W,-5,4
-5.078,-4.753,10,C,255,Y,-5,4
0.000983,0.0005307,2,N,256,-,,
-0.1082,-0.06091,1,N,256,A,,
-1.702,-1.634,7,N,256,C,-2.131,1
2.932,0.5687,5,N,256,D,0.1996,2
-0.02361,-0.01286,8,N,256,E,-0.07734,8
-1.075,-0.8625,3,N,256,F,-1.149,2
-1.492,-1.358,5,N,256,G,-1.254,4
-0.4726,-0.3063,4,N,256,H,0.7221,3
-0.3964,-0.2496,5,N,256,I,-0.1315,3
-1.416,-1.262,4,N,256,K,-1.692,2
-1.322,-1.146,6,N,256,L,-0.9886,4
-0.9247,-0.7058,10,N,256,M,-0.8775,5
0,0,,N,256,N,0,
-5.141,-4.769,2,N,256,P,-5,2
0.3066,0.1467,6,N,256,Q,-0.08051,3
1.234,0.4141,5,N,256,R,-0.3597,3
-0.4743,-0.3076,8,N,256,S,-0.2694,5
-0.2186,-0.1285,6,N,256,T,-0.08913,5
-0.7753,-0.5616,5,N,256,V,-0.6609,4
-5.497,-4.845,2,N,256,W,,
0.8933,0.3404,4,N,256,Y,-0.2911,1
0.8716,0.3349,2,S,257,-,,
-2.091,-2.173,3,S,257,A,-1.909,3
-1.533,-1.41,6,S,257,C,-0.9139,3
-1.21,-1.015,2,S,257,D,-1.102,2
-1.608,-1.509,6,S,257,E,-1.677,1
-5.792,-4.891,5,S,257,F,-5,4
-0.8002,-0.5848,10,S,257,G,-1.099,5
-3.392,-3.799,4,S,257,H,-4.063,2
-4.431,-4.523,16,S,257,I,-5,7
-4.344,-4.481,8,S,257,K,-5,3
-5.259,-4.797,3,S,257,L,-5,2
-5.937,-4.91,3,S,257,M,-5,1
0.07179,0.03767,6,S,257,N,-0.02415,2
-1.733,-1.676,7,S,257,P,-1.704,3
-4.39,-4.504,8,S,257,Q,-5,3
-4.977,-4.725,4,S,257,R,-5,1
0,0,,S,257,S,0,
0.4842,0.216,2,S,257,T,0.2496,1
-4.506,-4.557,2,S,257,V,-4.685,2
-4.792,-4.667,5,S,257,W,-5,1
-7.152,-4.994,5,S,257,Y,-5,3
0.3294,0.1562,3,V,258,-,,
-1.14,-0.935,7,V,258,A,-0.8196,4
-2.869,-3.224,6,V,258,C,-2.661,1
-2.04,-2.102,7,V,258,D,-2.238,5
-0.7013,-0.4946,1,V,258,F,,
-2.523,-2.775,4,V,258,G,-3.224,2
-0.7226,-0.5136,3,V,258,H,-1.217,1
-0.1811,-0.1049,6,V,258,I,0.1304,4
-5.547,-4.854,4,V,258,K,-5,3
-0.603,-0.4102,11,V,258,L,-0.117,3
-0.4245,-0.2701,8,V,258,M,-0.6466,3
-1.049,-0.8352,3,V,258,N,-0.6438,2
-1.705,-1.639,3,V,258,P,-1.682,1
-3.093,-3.486,5,V,258,Q,-3.721,1
-5.026,-4.739,6,V,258,R,-4.45,2
-3.956,-4.256,2,V,258,S,-4.369,2
-1.167,-0.9648,5,V,258,T,-1.096,4
0,0,,V,258,V,0,
-2.378,-2.576,1,V,258,W,,
-1.635,-1.545,7,V,258,Y,-1.356,4
-0.2986,-0.1811,3,I,259,-,,
-2.547,-2.807,3,I,259,A,-3.39,2
-4.369,-4.494,7,I,259,C,-4.77,3
-3.694,-4.064,5,I,259,D,-4.112,3
-2.34,-2.523,3,I,259,E,-1.586,2
1.125,0.3931,5,I,259,F,0.4171,3
-3.701,-4.07,3,I,259,G,-4.123,2
-2.222,-2.358,5,I,259,H,-2.401,2
0,0,,I,259,I,0,
-4.606,-4.598,5,I,259,K,-5,4
1.052,0.3777,2,I,259,L,,
-1.014,-0.7981,4,I,259,M,-1.11,1
-2.958,-3.33,4,I,259,N,-3.536,2
-4.467,-4.539,4,I,259,P,-4.668,2
-3.958,-4.258,7,I,259,Q,-3.522,4
-3.898,-4.217,3,I,259,R,-4.322,2
-0.1204,-0.06811,2,I,259,S,-0.118,1
-1.486,-1.35,4,I,259,T,-0.4747,1
-1.473,-1.334,4,I,259,V,-1.147,1
0.02281,0.0122,3,I,259,W,-0.02307,3
0.2568,0.1253,7,I,259,Y,-0.05843,5
-0.8978,-0.679,2,N,260,-,,
-2.419,-2.633,6,N,260,A,-2.723,2
-4.501,-4.554,6,N,260,C,-4.559,2
1.168,0.4015,6,N,260,D,0.5844,3
-1.81,-1.782,10,N,260,E,-1.767,3
-5.325,-4.811,7,N,260,F,-5,3
-2.239,-2.382,5,N,260,G,-2.04,3
-2.624,-2.911,8,N,260,H,-3.183,8
-5.154,-4.772,9,N,260,I,-5,3
-4.247,-4.431,9,N,260,K,-4.645,6
-5.204,-4.784,4,N,260,L,-5,2
-3.141,-3.54,2,N,260,M,-3.729,1
0,0,,N,260,N,0,
-5.518,-4.849,6,N,260,P,-5,3
-2.269,-2.424,7,N,260,Q,-2.205,5
-1.328,-1.153,7,N,260,S,-1.134,1
-4.318,-4.468,5,N,260,T,-3.652,1
-3.473,-3.875,3,N,260,V,,
-5.104,-4.76,5,N,260,W,-5,3
-4.361,-4.49,4,N,260,Y,-5,3
-3.8,-4.147,3,R,261,-,,
-1.08,-0.8684,3,R,261,A,-0.7893,2
-0.834,-0.6168,8,R,261,C,-0.1674,5
-3.572,-3.963,6,R,261,D,-4.091,4
-1.64,-1.551,11,R,261,E,-1.286,8
-1.351,-1.182,9,R,261,F,-1.152,6
-0.971,-0.753,7,R,261,G,-0.5411,3
-0.6099,-0.416,5,R,261,H,-0.7976,1
-0.7559,-0.5437,4,R,261,I,-0.7779,3
2.112,0.5238,5,R,261,K,1.691,2
-1.065,-0.852,11,R,261,L,-0.1878,1
-1.003,-0.7867,4,R,261,M,,
-0.03736,-0.02046,5,R,261,N,0.01928,3
-5.183,-4.779,5,R,261,P,-4.922,2
-0.4166,-0.2642,9,R,261,Q,-0.6042,4
0,0,,R,261,R,0,
-0.7402,-0.5295,11,R,261,S,-0.4276,7
-0.9139,-0.6949,5,R,261,T,-0.4878,3
-0.2786,-0.1676,9,R,261,V,-0.4107,5
-1.614,-1.517,13,R,261,W,-1.747,5
0.1847,0.0927,1,R,261,Y,,
-0.7982,-0.583,3,L,262,-,,
-5.305,-4.807,3,L,262,A,-5,2
-5.122,-4.764,9,L,262,C,-5,3
-8.063,-5.016,7,L,262,D,-5,6
-4.953,-4.718,7,L,262,E,-5,6
-5.543,-4.853,11,L,262,F,-5,5
-4.259,-4.437,3,L,262,G,-5,3
-8.192,-5.018,7,L,262,H,,
0.632,0.2662,4,L,262,I,0.9251,1
-4.934,-4.712,3,L,262,K,-5,3
0,0,,L,262,L,0,
-2.663,-2.961,5,L,262,M,,
-5.378,-4.822,2,L,262,N,-5,2
-1.038,-0.8229,1,L,262,P,,
-6.243,-4.941,5,L,262,Q,-5,1
-5.456,-4.837,11,L,262,R,-5,7
-5.539,-4.852,5,L,262,S,-5,3
-5.614,-4.865,7,L,262,T,-5,4
-0.1993,-0.1163,4,L,262,V,-0.07885,2
-5.951,-4.911,4,L,262,W,-5,3
-5.259,-4.797,3,L,262,Y,-3.117,1
-2.635,-2.925,1,R,263,*,,
-0.9849,-0.7674,2,R,263,-,,
-2.316,-2.49,3,R,263,A,-2.582,3
-0.8305,-0.6135,8,R,263,C,-0.9753,7
-4.844,-4.684,1,R,263,D,-5,1
-5.815,-4.894,9,R,263,E,-5,6
-1.586,-1.48,9,R,263,F,-0.5708,5
-3.489,-3.889,2,R,263,G,,
-2.518,-2.769,7,R,263,H,-0.9375,2
-5.909,-4.906,9,R,263,I,-5,3
2.157,0.5273,12,R,263,K,0.4696,1
-1.258,-1.07,6,R,263,L,-1.276,2
-2.226,-2.365,4,R,263,M,-3.215,2
-2.753,-3.078,4,R,263,N,-2.809,3
-6.335,-4.949,3,R,263,P,-5,1
-2.901,-3.262,6,R,263,Q,-3.187,2
0,0,,R,263,R,0,
-1.755,-1.707,5,R,263,S,-1.261,3
-5.065,-4.749,5,R,263,T,-4.783,2
-5.39,-4.825,4,R,263,V,-5,3
-3.994,-4.281,7,R,263,W,-4.755,3
-1.29,-1.108,8,R,263,Y,-1.298,7
-4.512,-4.559,1,C,264,*,,
-0.1913,-0.1113,2,C,264,-,,
-6.987,-4.988,8,C,264,A,-5,6
0,0,,C,264,C,0,
-7.438,-5.003,13,C,264,D,-5,3
-5.268,-4.799,2,C,264,E,-5,2
-11.86,-5.03,14,C,264,F,-5,5
-5.41,-4.829,5,C,264,G,-5,2
-5.243,-4.793,4,C,264,H,-5,2
-5.408,-4.828,9,C,264,I,-5,4
-1.362,-1.195,2,C,264,K,,
-5.833,-4.897,6,C,264,L,-5,2
-4.717,-4.641,6,C,264,M,-5,3
-4.698,-4.634,1,C,264,N,-5,1
-5.604,-4.863,5,C,264,P,-5,3
-4.86,-4.689,4,C,264,Q,,
-5.596,-4.862,6,C,264,R,-5,3
-5.014,-4.735,3,C,264,S,-5,1
-3.554,-3.948,2,C,264,T,,
-4.809,-4.673,9,C,264,V,-5,6
-4.909,-4.705,2,C,264,W,-5,1
-4.956,-4.719,15,C,264,Y,-5,4
-0.827,-0.6101,2,D,265,-,,
1.264,0.4196,8,D,265,A,0.08645,2
-1.886,-1.886,9,D,265,C,-2.048,6
0,0,,D,265,D,0,
-0.1749,-0.1011,8,D,265,E,-0.1751,6
-2.004,-2.052,7,D,265,F,-1.882,4
-1.694,-1.624,1,D,265,G,,
-0.01653,-0.008977,3,D,265,H,-0.3402,3
-2.242,-2.387,8,D,265,I,-2.447,5
-0.5702,-0.3832,7,D,265,K,-0.8353,2
-1.024,-0.8084,8,D,265,L,-1.03,5
0.2925,0.1407,3,D,265,M,0.7756,2
1.948,0.5096,2,D,265,N,0.5533,1
-5.612,-4.864,7,D,265,P,-5,5
0.7567,0.3038,1,D,265,Q,,
0.1884,0.09441,13,D,265,R,0.375,7
-0.1933,-0.1125,5,D,265,S,0.34,3
1.183,0.4044,6,D,265,T,0.3132,5
-3.535,-3.931,4,D,265,V,-3.76,1
-1.359,-1.191,4,D,265,W,-0.8327,3
-2.182,-2.303,19,D,265,Y,-1.627,6
-4.82,-4.676,4,Q,266,*,,
0.1206,0.06207,2,Q,266,-,,
-1.847,-1.833,1,Q,266,A,-1.924,1
-1.728,-1.669,5,Q,266,C,-1.314,2
-3.989,-4.278,2,Q,266,D,,
-4.851,-4.686,4,Q,266,E,-1.712,1
-2.22,-2.356,7,Q,266,F,-2.264,6
-1.74,-1.686,6,Q,266,G,-1.825,4
-1.082,-0.8704,8,Q,266,H,-1.03,2
-0.05485,-0.03025,3,Q,266,I,,
-3.542,-3.937,8,Q,266,K,-3.307,1
1.499,0.4572,3,Q,266,L,0.3926,2
-0.507,-0.3328,6,Q,266,M,-0.4923,5
-3.503,-3.901,6,Q,266,N,-4.128,1
-5.049,-4.745,9,Q,266,P,-5,3
0,0,,Q,266,Q,0,
2.797,0.5636,5,Q,266,R,-0.6279,3
-2.074,-2.15,6,Q,266,S,-2.301,4
1.664,0.4792,3,Q,266,T,,
-0.9966,-0.7795,1,Q,266,V,,
-1.925,-1.94,5,Q,266,W,-1.883,4
-0.06024,-0.03329,4,Q,266,Y,0.2614,1
-3.089,-3.482,1,L,267,-,,
0.3858,0.1789,1,L,267,A,0.09426,1
-0.4801,-0.312,4,L,267,C,,
-2.318,-2.493,4,L,267,D,-2.102,3
0.2661,0.1293,4,L,267,E,-0.4002,1
-3.169,-3.571,3,L,267,F,-3.524,3
3.613,0.5864,7,L,267,G,0.6768,4
-0.3678,-0.229,2,L,267,H,,
0.05728,0.03023,7,L,267,I,-0.013,3
-1.533,-1.411,5,L,267,K,-1.433,2
0,0,,L,267,L,0,
-0.5141,-0.3384,6,L,267,M,-0.475,4
0.2866,0.1382,5,L,267,N,-0.0357,4
-4.366,-4.492,6,L,267,P,-4.581,2
1.974,0.512,4,L,267,Q,0.1143,2
-1.202,-1.005,7,L,267,R,-0.5866,1
-0.2339,-0.1383,1,L,267,S,-0.2243,1
-0.5676,-0.3811,10,L,267,T,-0.6465,5
-0.4985,-0.3262,6,L,267,V,-0.1427,1
-6.796,-4.979,4,L,267,W,-4.502,3
-3.72,-4.085,5,L,267,Y,-4.193,4
0.1048,0.05428,4,S,268,A,-0.2005,2
-0.3401,-0.2096,2,S,268,C,-0.1949,1
0.8892,0.3393,4,S,268,D,0.5867,3
-1.562,-1.448,3,S,268,E,-1.513,1
-2.603,-2.882,4,S,268,F,-2.869,1
-0.4705,-0.3046,7,S,268,G,-0.6059,3
-1.325,-1.15,4,S,268,H,,
0.3721,0.1735,13,S,268,I,0.3737,4
0.2414,0.1185,7,S,268,K,0.5281,5
4.955,0.5998,1,S,268,L,,
-1.092,-0.8811,7,S,268,M,-0.665,3
-0.7132,-0.5052,9,S,268,N,-0.1899,4
-5.677,-4.875,4,S,268,P,-5,4
0.2108,0.1047,6,S,268,Q,-1.571,1
1.304,0.4266,3,S,268,R,,
0,0,,S,268,S,0,
2.239,0.5334,3,S,268,V,0.7216,1
-0.654,-0.4534,2,S,268,W,-0.5456,2
-2.333,-2.514,1,S,268,Y,,
-3.072,-3.463,3,F,269,A,-3.431,2
-4.814,-4.674,5,F,269,C,-5,5
-5.999,-4.917,2,F,269,D,-5,1
-6.193,-4.936,14,F,269,E,-5,8
0,0,,F,269,F,0,
-5.416,-4.83,3,F,269,G,-5,3
-3.577,-3.967,3,F,269,H,-4.066,2
-3.891,-4.212,4,F,269,I,-4.232,2
-2.782,-3.114,3,F,269,K,-3.222,3
-1.932,-1.95,14,F,269,L,-2.742,5
-1.487,-1.352,4,F,269,M,-1.293,3
-5.149,-4.771,3,F,269,N,-5,1
-4.391,-4.504,1,F,269,P,-4.803,1
-5.044,-4.744,7,F,269,Q,-5,5
-4.24,-4.428,6,F,269,R,-5,5
-4.841,-4.683,9,F,269,S,-4.944,4
-6.59,-4.967,1,F,269,T,-5,1
4.336,0.5957,5,F,269,W,0.3698,3
-0.3245,-0.1987,2,F,269,Y,-0.2946,2
0.3242,0.154,4,D,270,A,0.3485,1
0.7191,0.2929,9,D,270,C,-0.6908,5
0,0,,D,270,D,0,
1.334,0.4316,10,D,270,E,0.3047,4
-2.272,-2.428,3,D,270,F,0.8147,1
-1.365,-1.198,8,D,270,G,-0.2854,2
0.5451,0.2375,8,D,270,H,0.5229,5
0.8517,0.3297,5,D,270,I,-0.4343,1
-1.469,-1.329,4,D,270,K,-1.309,2
0.2981,0.1431,4,D,270,L,-0.329,1
0.5699,0.2459,11,D,270,M,-0.1211,6
1.81,0.4959,7,D,270,N,0.5741,4
-4.042,-4.312,4,D,270,P,-4.342,2
1.259,0.4186,2,D,270,Q,0.348,1
1.721,0.486,4,D,270,R,0.9845,2
2.545,0.5519,8,D,270,S,1.012,5
-0.6422,-0.4433,3,D,270,T,,
2.226,0.5324,3,D,270,V,0.5747,2
1.48,0.4546,2,D,270,W,,
1.861,0.5012,18,D,270,Y,0.7055,3
-7.984,-5.015,4,V,271,A,-5,2
-5.09,-4.756,6,V,271,C,-5,1
-6.042,-4.921,5,V,271,D,-5,3
-5.852,-4.899,2,V,271,E,-5,1
-4.856,-4.688,6,V,271,F,-5,5
-5.007,-4.734,6,V,271,G,-5,3
-4.791,-4.667,2,V,271,H,-5,1
2.103,0.5231,12,V,271,I,-0.035,4
-5.183,-4.779,4,V,271,K,-5,2
1.409,0.4438,11,V,271,L,0.8377,6
-2.641,-2.933,5,V,271,M,-3.019,1
-8.662,-5.023,5,V,271,N,-4.739,2
-3.302,-3.709,2,V,271,P,-3.811,2
-5.313,-4.809,9,V,271,Q,-5,6
-4.149,-4.377,6,V,271,R,-4.658,4
-0.6918,-0.4863,1,V,271,S,,
-4.1,-4.348,3,V,271,T,-5,1
0,0,,V,271,V,0,
-5.401,-4.827,5,V,271,W,-5,3
-5.541,-4.853,9,V,271,Y,-5,5
-0.4949,-0.3234,1,P,272,*,,
0.3425,0.1615,4,P,272,A,,
-1.873,-1.869,3,P,272,C,-1.346,1
-0.3811,-0.2385,6,P,272,D,-1.046,4
0.766,0.3064,3,P,272,E,0.6835,2
-1.763,-1.717,4,P,272,F,-1.816,3
0.01884,0.01009,2,P,272,G,-0.0661,2
-0.5935,-0.4024,3,P,272,H,-0.4498,2
-1.545,-1.426,7,P,272,I,-1.249,2
0.8728,0.3352,4,P,272,K,0.3373,3
-0.6986,-0.4923,8,P,272,L,0.0349,4
-1.289,-1.107,9,P,272,M,-1.031,6
-0.1501,-0.08594,6,P,272,N,0.2403,3
0,0,,P,272,P,0,
-0.3779,-0.2362,9,P,272,Q,0.1303,3
1.863,0.5014,6,P,272,R,1.321,5
0.407,0.1872,14,P,272,S,0.7347,6
-1.561,-1.447,5,P,272,T,-0.9533,3
2.014,0.5156,1,P,272,V,0.6396,1
-4.222,-4.418,6,P,272,W,-5,3
-0.7537,-0.5418,1,P,272,Y,-0.5994,1
-6.255,-4.942,1,D,273,-,,
-5.375,-4.822,6,D,273,A,-5,3
-6.48,-4.96,3,D,273,C,-5,3
0,0,,D,273,D,0,
-5.546,-4.854,5,D,273,E,-5,5
-4.526,-4.565,11,D,273,F,-5,4
-7.157,-4.994,11,D,273,G,-5,5
-7.202,-4.996,11,D,273,H,-5,6
-5.44,-4.834,3,D,273,I,-5,1
-5.647,-4.87,6,D,273,K,-5,5
-5.519,-4.849,6,D,273,L,-5,5
-5.275,-4.801,3,D,273,M,-5,1
-0.7637,-0.5509,7,D,273,N,-0.6142,1
-4.172,-4.39,6,D,273,P,-4.584,5
-3.83,-4.169,5,D,273,Q,-4.456,2
-5.584,-4.86,12,D,273,R,-5,7
-2.367,-2.562,3,D,273,S,-2.573,3
-6.891,-4.983,3,D,273,T,,
-4.342,-4.48,2,D,273,V,,
-7.185,-4.995,4,D,273,W,-5,1
-9.098,-5.025,9,D,273,Y,,
-4.489,-4.549,5,G,274,A,-5,4
-6.84,-4.981,12,G,274,C,-5,3
-5.147,-4.771,10,G,274,D,-4.572,2
-5.911,-4.907,8,G,274,E,-5,5
-4.808,-4.672,7,G,274,F,-5,7
0,0,,G,274,G,0,
-5.461,-4.838,5,G,274,H,-5,3
-7.927,-5.014,2,G,274,I,-5,1
-5.591,-4.861,9,G,274,K,-5,6
-5.389,-4.824,5,G,274,L,-5,3
-5.054,-4.746,4,G,274,M,-5,1
-4.39,-4.504,8,G,274,N,-4.866,4
-5.423,-4.831,5,G,274,P,-5,4
-5.093,-4.757,4,G,274,Q,-5,4
-6.526,-4.963,6,G,274,R,-5,4
-6.887,-4.983,10,G,274,S,-5,4
-5.607,-4.864,4,G,274,T,-5,3
-5.324,-4.811,12,G,274,V,-4.912,2
-6.142,-4.932,5,G,274,W,-5,4
-5.119,-4.763,5,F,275,A,-5,4
-5.232,-4.791,4,F,275,C,-5,3
-5.254,-4.796,4,F,275,D,-5,2
-6.136,-4.931,6,F,275,E,-5,3
0,0,,F,275,F,0,
-1.318,-1.141,1,F,275,G,,
-4.978,-4.725,3,F,275,H,-5,1
0.7416,0.2995,8,F,275,I,-0.01512,3
-5.211,-4.786,2,F,275,K,-5,2
-0.3684,-0.2294,14,F,275,L,0.2025,7
-3.751,-4.109,3,F,275,M,-4.126,1
-6.04,-4.921,5,F,275,N,-5,3
-5.408,-4.828,4,F,275,P,-5,3
-5.601,-4.863,3,F,275,Q,-5,3
-5.722,-4.881,6,F,275,R,-5,4
-7.302,-4.999,2,F,275,S,-5,1
-4.56,-4.58,5,F,275,T,-4.868,2
2.882,0.5669,10,F,275,V,0.7998,6
-0.03009,-0.01643,3,F,275,W,0.1226,1
-3.839,-4.175,6,F,275,Y,-4.579,2
-4.736,-4.647,2,Y,276,*,-5,1
-5.468,-4.84,5,Y,276,A,-5,4
-7.32,-5,7,Y,276,C,-5,2
-4.922,-4.709,2,Y,276,D,-5,1
-5.146,-4.77,7,Y,276,E,-5,4
-5.091,-4.756,8,Y,276,F,-4.769,2
-5.757,-4.886,7,Y,276,G,-5,4
-5.098,-4.758,5,Y,276,H,-5,1
-5.293,-4.805,3,Y,276,I,-4.939,2
-5.68,-4.875,7,Y,276,K,-5,1
-4.862,-4.69,6,Y,276,L,-5,4
-10.89,-5.03,1,Y,276,M,,
-5.819,-4.895,11,Y,276,N,-5,6
-5.198,-4.783,4,Y,276,P,-5,1
-4.449,-4.531,3,Y,276,Q,-5,1
-4.947,-4.716,5,Y,276,R,-5,1
-4.523,-4.564,5,Y,276,S,-5,3
-6.91,-4.984,5,Y,276,T,-5,3
-4.737,-4.648,6,Y,276,V,-5,4
-6.468,-4.959,8,Y,276,W,-5,3
0,0,,Y,276,Y,0,
-0.2363,-0.1399,1,S,277,-,,
-0.8662,-0.6479,2,S,277,A,,
-1.279,-1.095,3,S,277,C,-2.056,1
-2.941,-3.31,4,S,277,D,,
-3.748,-4.107,3,S,277,E,,
0.7685,0.3071,4,S,277,F,-0.7077,3
-3.805,-4.15,5,S,277,G,-4.277,3
-1.275,-1.09,6,S,277,H,-1.742,3
-3.246,-3.652,3,S,277,I,-3.857,2
-5.479,-4.842,4,S,277,K,-5,3
-1.052,-0.8386,11,S,277,L,-0.809,5
-0.4678,-0.3025,5,S,277,M,-0.4195,3
-2.979,-3.356,14,S,277,N,-3.137,3
-1.732,-1.675,2,S,277,P,-0.9743,1
-0.9509,-0.7324,8,S,277,Q,-0.5591,3
-3.871,-4.198,5,S,277,R,-4.423,2
0,0,,S,277,S,0,
1.979,0.5125,4,S,277,T,1.163,2
-1.832,-1.812,4,S,277,V,-1.921,4
1.867,0.5018,4,S,277,W,0.8426,2
0.0873,0.04553,6,S,277,Y,1.05,2
-0.04363,-0.02396,1,T,278,-,,
2.832,0.565,8,T,278,A,-0.08335,4
-0.9019,-0.683,1,T,278,C,-0.7897,1
-3.669,-4.044,4,T,278,D,-4.172,1
-4.963,-4.721,3,T,278,E,-5,2
0.4839,0.216,5,T,278,F,0.2382,5
-2.416,-2.629,8,T,278,G,-3.137,3
0.9395,0.3518,2,T,278,H,0.3764,1
1.175,0.403,11,T,278,I,0.8829,5
-1.159,-0.9564,2,T,278,K,-0.8255,1
1.17,0.4019,2,T,278,L,,
3.096,0.5741,1,T,278,M,,
-0.434,-0.2772,4,T,278,N,-0.487,1
-4.345,-4.482,7,T,278,P,-4.421,3
0.0752,0.0394,7,T,278,Q,0.09013,7
-1.065,-0.8521,3,T,278,R,,
1.859,0.501,3,T,278,S,0.554,3
0,0,,T,278,T,0,
-0.9536,-0.7351,2,T,278,V,-0.8596,1
-0.4595,-0.2963,1,T,278,W,-0.3858,1
0.6277,0.2649,6,T,278,Y,-2.281,2
-1.423,-1.27,3,S,279,-,,
1.212,0.41,6,S,279,A,1.089,2
-1.076,-0.8644,5,S,279,C,-1.37,2
-2.494,-2.736,12,S,279,D,-2.643,6
-3.201,-3.605,4,S,279,E,-3.857,2
-1.769,-1.725,7,S,279,F,-1.519,1
-2.971,-3.346,4,S,279,G,-3.668,2
-1.165,-0.9632,7,S,279,H,-0.5483,3
-2.368,-2.563,4,S,279,I,-3.071,1
-2.137,-2.238,5,S,279,K,-2.875,1
-2.82,-3.162,3,S,279,L,-3.165,2
-1.64,-1.551,2,S,279,M,-1.597,1
-1.511,-1.382,5,S,279,N,-1.011,2
-1.742,-1.689,2,S,279,P,-1.794,1
-1.931,-1.949,5,S,279,Q,-1.953,4
-1.259,-1.071,10,S,279,R,-1.971,3
0,0,,S,279,S,0,
-1.375,-1.211,5,S,279,T,-0.7258,2
-1.158,-0.9548,11,S,279,V,-1.013,6
-3.048,-3.436,4,S,279,W,-3.501,4
-1.898,-1.904,10,S,279,Y,-2.202,3
-2.552,-2.813,4,P,280,-,,
0.6798,0.2811,7,P,280,A,0.03169,3
-0.9026,-0.6837,8,P,280,C,-0.7008,4
6.085,0.6031,7,P,280,D,0.2822,6
0.2726,0.1321,9,P,280,E,0.04686,5
3.1,0.5742,6,P,280,F,1.209,5
3.108,0.5745,2,P,280,G,0.9077,2
-0.4148,-0.263,14,P,280,H,0.00552,4
-1.052,-0.8383,2,P,280,I,-0.7635,1
0.9118,0.345,8,P,280,K,0.2092,6
7.391,0.6042,7,P,280,L,0.7805,5
-0.5492,-0.3662,3,P,280,M,-0.2263,3
0.9865,0.3629,2,P,280,N,,
0,0,,P,280,P,0,
0.6695,0.278,7,P,280,Q,0.8436,4
2.617,0.5556,3,P,280,R,0.6478,2
0.08996,0.04687,5,P,280,S,0.1406,3
-0.7019,-0.4952,10,P,280,T,0.6772,2
3.048,0.5727,4,P,280,V,0.9319,2
1.31,0.4276,4,P,280,W,0.6288,2
0.174,0.08769,6,P,280,Y,0.1978,5
-1.883,-1.883,4,I,281,-,,
2.232,0.5328,2,I,281,A,0.5778,2
-0.9563,-0.7378,5,I,281,C,0.2078,3
-0.4746,-0.3077,5,I,281,D,-0.1948,3
-1.992,-2.035,3,I,281,E,,
-0.7239,-0.5148,3,I,281,F,-0.3196,1
-0.3206,-0.1961,9,I,281,G,0.0664,6
0,0,,I,281,I,0,
-0.6782,-0.4744,6,I,281,K,-0.4109,4
1.561,0.466,5,I,281,L,0.03035,2
-0.3154,-0.1925,5,I,281,M,-0.1415,5
-3.554,-3.947,2,I,281,N,,
0.3119,0.1489,3,I,281,P,-0.7676,1
-0.2125,-0.1246,10,I,281,Q,0.9037,4
0.4506,0.2037,3,I,281,R,0.1527,2
-0.3777,-0.2361,4,I,281,S,-0.02167,1
4.257,0.595,3,I,281,T,-0.5844,2
-0.41,-0.2594,12,I,281,V,0.2341,5
-0.8594,-0.6413,5,I,281,W,-1.128,3
-0.7275,-0.518,5,I,281,Y,-1.065,1
-5.008,-4.734,2,Q,282,*,,
-1.313,-1.136,3,Q,282,-,,
-0.3229,-0.1976,7,Q,282,A,-0.6391,4
-1.274,-1.089,4,Q,282,C,-0.7279,2
-3.231,-3.636,2,Q,282,D,,
1.425,0.4463,1,Q,282,E,,
-1.82,-1.796,3,Q,282,F,-1.747,1
0.7404,0.2991,9,Q,282,G,0.4699,6
-0.5952,-0.4037,4,Q,282,H,-0.3171,3
-1.013,-0.7969,2,Q,282,I,-0.8692,2
-1.589,-1.484,9,Q,282,K,-1.361,3
-0.7106,-0.5029,8,Q,282,L,-0.5477,5
-0.8918,-0.673,8,Q,282,M,-0.9133,2
-1.295,-1.114,4,Q,282,N,-0.8045,2
-0.6257,-0.4293,2,Q,282,P,-0.5009,2
0,0,,Q,282,Q,0,
-0.2984,-0.1809,12,Q,282,R,-0.809,6
-0.5057,-0.3318,5,Q,282,S,-0.5697,4
1.17,0.4019,4,Q,282,T,0.8806,3
6.261,0.6033,5,Q,282,V,0.4748,2
-1.566,-1.453,10,Q,282,W,-1.96,7
0.1266,0.06503,8,Q,282,Y,0.08425,4
-0.1171,-0.06617,2,S,283,-,,
0.2783,0.1346,8,S,283,A,0.602,4
-1.203,-1.006,13,S,283,C,-0.9745,9
0.8296,0.3239,4,S,283,D,0.8003,2
2.027,0.5168,3,S,283,E,0.4861,2
-2.46,-2.689,6,S,283,F,-3.06,2
0.7082,0.2897,9,S,283,G,0.2833,3
0.5658,0.2445,5,S,283,H,0.1193,3
-0.7053,-0.4982,14,S,283,I,0.171,3
1.032,0.3733,5,S,283,K,-0.1239,1
-0.03904,-0.0214,4,S,283,L,-0.113,4
-0.443,-0.2838,10,S,283,M,-0.497,6
0.3711,0.1731,11,S,283,N,-0.5515,6
3.288,0.5794,6,S,283,P,0.8309,4
1.056,0.3784,9,S,283,Q,0.1551,5
-0.9355,-0.7167,9,S,283,R,-0.7182,3
0,0,,S,283,S,0,
0.5871,0.2516,3,S,283,T,0.1633,3
-0.2245,-0.1323,8,S,283,V,0.2432,4
-1.423,-1.27,5,S,283,W,-1.152,4
-0.6374,-0.4392,8,S,283,Y,-0.1745,5
-0.2839,-0.1712,2,V,284,-,,
0.6772,0.2803,6,V,284,A,1.199,3
1.004,0.3669,3,V,284,C,-0.2498,1
1.227,0.4129,5,V,284,D,0.1235,2
1.107,0.3893,6,V,284,E,0.238,4
-1.019,-0.8034,12,V,284,F,-0.6201,7
1.942,0.5091,7,V,284,G,0.6318,6
-0.3816,-0.2389,6,V,284,H,0.1533,4
-0.4467,-0.2866,6,V,284,I,0.1458,2
-0.9878,-0.7703,3,V,284,K,-0.9089,1
1.275,0.4214,4,V,284,L,0.6972,3
1.025,0.3716,3,V,284,M,0.2319,2
-0.6241,-0.4279,4,V,284,N,-0.03035,3
-0.5162,-0.34,5,V,284,P,-0.2213,3
0.5012,0.2221,7,V,284,Q,0.2696,6
0.4345,0.1977,7,V,284,R,0.5527,5
-0.8439,-0.6263,4,V,284,S,-0.635,3
0.2896,0.1395,6,V,284,T,0.6088,3
0,0,,V,284,V,0,
-0.1139,-0.06428,6,V,284,W,0.6248,3
0.3857,0.1788,6,V,284,Y,0.6257,3
-5.28,-4.802,9,E,285,*,-5,2
-0.785,-0.5706,2,E,285,-,,
-0.813,-0.5969,6,E,285,A,-0.8246,4
-2.055,-2.123,8,E,285,C,-1.292,4
-0.1546,-0.08868,13,E,285,D,-0.2651,10
0,0,,E,285,E,0,
-0.7511,-0.5393,6,E,285,F,-0.2828,2
-1.031,-0.8161,4,E,285,G,-0.3566,1
-0.7281,-0.5186,14,E,285,H,-0.5257,8
-0.9718,-0.7537,5,E,285,I,-0.7332,4
0.06726,0.03536,9,E,285,K,0.2407,2
-0.8061,-0.5904,6,E,285,L,-0.5976,5
-1.843,-1.827,4,E,285,M,-1.869,3
-0.05114,-0.02816,5,E,285,N,-0.1069,4
-0.2933,-0.1774,6,E,285,P,0.04638,3
0.08009,0.04189,2,E,285,Q,-0.07229,2
-0.4073,-0.2575,10,E,285,R,0.2332,6
-0.4874,-0.3176,5,E,285,S,-0.4054,3
2.709,0.5598,3,E,285,T,0.2221,2
0.4768,0.2134,4,E,285,V,0.6399,2
-1.394,-1.234,8,E,285,W,-1.277,5
-1.205,-1.008,5,E,285,Y,-1.084,4
-0.5677,-0.3812,2,L,286,-,,
-1.314,-1.137,5,L,286,A,-0.8982,2
-2.737,-3.057,4,L,286,C,-2.842,1
-3.254,-3.66,3,L,286,D,-3.728,1
-0.889,-0.6702,3,L,286,E,-0.7614,3
0.1097,0.05671,1,L,286,F,,
-4.485,-4.548,2,L,286,G,-5,1
0.43,0.196,3,L,286,H,,
-0.8484,-0.6306,4,L,286,I,,
-1.729,-1.671,4,L,286,K,-1.769,2
0,0,,L,286,L,0,
-1.258,-1.071,12,L,286,M,-0.7673,5
-0.7882,-0.5736,4,L,286,N,-0.2121,2
-0.5306,-0.3514,3,L,286,P,-0.3846,2
-0.3266,-0.2002,2,L,286,Q,-0.2938,2
-1.265,-1.079,5,L,286,R,-0.8419,3
-1.846,-1.831,2,L,286,S,-1.909,1
1.515,0.4595,2,L,286,T,0.9699,1
-0.8974,-0.6785,5,L,286,V,-0.2157,3
-3.96,-4.259,5,L,286,W,-5,1
-1.317,-1.14,2,L,286,Y,-1.22,2
-2.161,-2.272,5,P,287,A,-2.135,5
-5.597,-4.862,9,P,287,C,-5,5
-1.24,-1.049,2,P,287,D,-1.138,2
-2.237,-2.379,5,P,287,E,-2.378,4
-5.248,-4.794,2,P,287,F,-5,2
-2.238,-2.38,5,P,287,G,-2.05,4
-5.55,-4.854,6,P,287,H,-5,4
-5.254,-4.796,2,P,287,I,-5,2
-5.194,-4.782,4,P,287,K,-5,2
-5.624,-4.866,7,P,287,L,-5,5
-5.607,-4.864,4,P,287,M,-5,2
-3.028,-3.412,6,P,287,N,-3.092,5
0,0,,P,287,P,0,
-6.183,-4.936,5,P,287,Q,-5,3
-4.444,-4.529,7,P,287,R,-5,4
-3.254,-3.661,14,P,287,S,-3.763,5
-5.282,-4.802,6,P,287,T,-5,2
-5.849,-4.899,5,P,287,V,-5,4
-5.493,-4.844,5,P,287,W,-5,4
-4.555,-4.577,7,P,287,Y,-5,5
-0.6012,-0.4088,6,V,288,A,-0.1472,2
0.2276,0.1123,1,V,288,C,,
2.103,0.5231,3,V,288,D,1.067,2
0.3449,0.1625,8,V,288,E,0.4542,6
0.859,0.3316,4,V,288,F,0.4169,3
-1.614,-1.517,4,V,288,G,-1.489,3
-1.03,-0.8148,6,V,288,H,-0.7433,4
0.8436,0.3276,6,V,288,I,0.0006,2
0.1745,0.08792,3,V,288,K,0.1983,2
-0.8958,-0.6769,9,V,288,L,-0.7168,5
-2.841,-3.189,6,V,288,M,-5,1
-0.1007,-0.05654,6,V,288,N,0.1089,3
-1.122,-0.9141,4,V,288,P,-0.803,1
1.419,0.4453,3,V,288,Q,0.7076,2
0.2148,0.1065,9,V,288,R,0.2923,5
-1.204,-1.007,6,V,288,S,-0.9648,4
0.03024,0.01613,7,V,288,T,0.8103,4
0,0,,V,288,V,0,
-0.3911,-0.2457,3,V,288,W,-0.3114,2
-0.6324,-0.4349,7,V,288,Y,-0.2908,3
-2.604,-2.884,5,S,289,A,-2.947,2
-3.094,-3.487,2,S,289,C,,
-5.004,-4.733,3,S,289,D,-5,1
-4.644,-4.613,7,S,289,E,-5,5
-6.073,-4.925,7,S,289,F,,
-5.58,-4.859,5,S,289,G,-5,3
-5.6,-4.862,6,S,289,H,-5,3
-5.378,-4.822,3,S,289,I,-5,3
-5.261,-4.797,4,S,289,K,-5,1
-5.242,-4.793,3,S,289,L,-5,2
-3.708,-4.075,6,S,289,M,-4.223,4
-5.615,-4.865,3,S,289,N,-5,2
-5.319,-4.81,3,S,289,P,-5,2
-4.454,-4.533,2,S,289,Q,-4.627,1
-5.253,-4.796,5,S,289,R,-5,3
0,0,,S,289,S,0,
3.54,0.585,5,S,289,T,1.09,5
-1.886,-1.887,4,S,289,V,-2.331,1
-5.259,-4.797,2,S,289,W,-5,2
-6.222,-4.939,14,S,289,Y,-5,6
0.2124,0.1055,1,I,290,-,,
-0.2093,-0.1226,5,I,290,A,-0.7789,3
-0.8692,-0.6508,3,I,290,C,-0.3188,1
-1.773,-1.731,9,I,290,D,-1.804,5
1.875,0.5026,3,I,290,E,-1.018,2
-0.6493,-0.4494,5,I,290,F,-0.9264,2
-6.229,-4.94,4,I,290,G,-5,2
-0.1847,-0.1071,1,I,290,H,-0.137,1
0,0,,I,290,I,0,
-5.505,-4.846,6,I,290,K,-4.399,2
-0.5524,-0.3688,7,I,290,L,0.0212,3
0.7629,0.3056,1,I,290,M,,
-0.8673,-0.649,3,I,290,N,0.6402,1
-7.797,-5.012,5,I,290,P,-5,2
0.3836,0.1781,4,I,290,Q,0.2832,3
-0.9316,-0.7127,10,I,290,R,-0.9655,6
-0.621,-0.4253,8,I,290,S,-0.2709,2
-0.02545,-0.01388,2,I,290,T,0.2769,1
1.092,0.3862,7,I,290,V,-0.5702,3
1.912,0.5063,7,I,290,W,0.219,4
-0.6994,-0.493,6,I,290,Y,-0.2803,5
-0.3408,-0.21,2,V,291,-,,
-1.071,-0.8582,10,V,291,A,-0.5509,5
-0.5261,-0.3478,4,V,291,C,-0.2808,4
-9.213,-5.026,3,V,291,D,-5,3
-5.38,-4.823,4,V,291,E,-5,3
-2.429,-2.646,1,V,291,F,,
-2.527,-2.78,2,V,291,G,-2.9,1
-4.119,-4.359,7,V,291,H,-4.6,6
-1.816,-1.79,7,V,291,I,-1.741,5
-3.866,-4.195,3,V,291,K,-4.2,2
-1.858,-1.848,11,V,291,L,-1.607,2
-0.743,-0.532,4,V,291,M,0.7011,1
-5.385,-4.824,4,V,291,N,-5,3
-4.763,-4.657,1,V,291,P,-5,1
-4.455,-4.534,3,V,291,Q,-4.651,2
-5.33,-4.812,3,V,291,R,-5,1
-3.477,-3.878,4,V,291,S,-4.43,1
-2.952,-3.323,8,V,291,T,-3.356,5
0,0,,V,291,V,0,
-1.11,-0.9018,5,V,291,W,-1.108,3
-1.764,-1.718,3,V,291,Y,-1.475,1
0.4518,0.2042,2,S,292,-,,
-1.087,-0.8763,19,S,292,C,-0.6063,10
-0.9622,-0.7439,8,S,292,D,-0.2051,3
-1.602,-1.5,5,S,292,E,-1.335,5
-2.495,-2.737,3,S,292,F,-2.5,2
-0.7741,-0.5604,3,S,292,G,-0.4417,1
-1.579,-1.47,4,S,292,I,-1.61,3
-4.716,-4.64,9,S,292,K,-5,5
-0.342,-0.2109,2,S,292,L,-0.08699,1
-1.459,-1.315,3,S,292,M,-1.393,2
-1.226,-1.033,5,S,292,N,-0.9213,5
-3.002,-3.382,13,S,292,P,-3.572,6
-1.132,-0.9261,5,S,292,Q,-1.11,4
1.634,0.4755,2,S,292,R,0.8546,1
0,0,,S,292,S,0,
2.02,0.5162,2,S,292,T,1.084,1
-1.304,-1.125,3,S,292,V,-1.21,2
-0.4544,-0.2924,4,S,292,W,-0.6935,2
-0.964,-0.7457,8,S,292,Y,0.07446,2
-0.5521,-0.3686,2,L,293,-,,
-3.682,-4.055,8,L,293,A,-4.278,5
-4.658,-4.618,6,L,293,C,-5,3
-4.97,-4.723,3,L,293,D,-5,1
-3.789,-4.138,6,L,293,E,-3.937,2
-2.485,-2.724,4,L,293,F,-3.115,3
-4.593,-4.593,3,L,293,G,-5,1
-3.072,-3.463,6,L,293,H,-3.479,6
-1.382,-1.22,3,L,293,I,-1.951,1
-4.961,-4.72,7,L,293,K,-4.813,2
0,0,,L,293,L,0,
-0.6281,-0.4313,6,L,293,M,-0.02404,1
-3.238,-3.643,3,L,293,N,-3.718,2
-3.423,-3.828,7,L,293,P,-3.812,4
-4.881,-4.696,3,L,293,Q,-4.808,2
-5.422,-4.831,4,L,293,R,-5,2
-3.145,-3.544,2,L,293,S,-2.793,1
-2.641,-2.932,5,L,293,T,-3.037,4
-2.072,-2.147,3,L,293,V,-2.201,3
-3.743,-4.103,15,L,293,W,-4.386,8
-4.147,-4.376,5,L,293,Y,-5,2
-1.504,-1.373,3,P,294,-,,
-1.391,-1.231,8,P,294,A,-1.182,5
-4.348,-4.483,6,P,294,C,-4.27,3
-2.949,-3.32,3,P,294,D,-2.986,3
-4.321,-4.47,3,P,294,E,-4.586,1
-3.047,-3.434,3,P,294,F,-2.599,1
-2.696,-3.004,5,P,294,G,-3.312,1
-2.371,-2.567,12,P,294,H,-2.448,4
-3.065,-3.455,9,P,294,I,-3.158,5
-5.061,-4.748,2,P,294,K,-4.921,1
-2.44,-2.662,7,P,294,L,-2.953,4
-2.288,-2.451,8,P,294,M,-2.279,5
-2.62,-2.905,9,P,294,N,-3.146,8
0,0,,P,294,P,0,
-3.074,-3.465,5,P,294,Q,-3.026,3
-2.864,-3.217,4,P,294,R,-2.639,1
-2.401,-2.607,7,P,294,S,-2.515,3
-4.14,-4.371,8,P,294,T,-4.273,1
-0.5703,-0.3833,1,P,294,V,,
-1.428,-1.276,7,P,294,W,-0.8603,4
-2.019,-2.073,3,P,294,Y,-2.502,2
-0.9633,-0.7451,4,V,295,-,,
-0.9803,-0.7626,4,V,295,A,-0.7123,2
-0.3364,-0.207,4,V,295,C,-0.4567,3
-1.932,-1.951,9,V,295,D,-1.692,4
-1.238,-1.046,8,V,295,E,-1.112,5
-2.325,-2.502,1,V,295,F,-2.562,1
-1.604,-1.504,7,V,295,G,-2.258,3
-0.2022,-0.1181,8,V,295,H,-0.4624,4
-1.181,-0.9811,6,V,295,I,-0.6121,4
-1.313,-1.136,2,V,295,K,-1.211,2
-0.8392,-0.6218,10,V,295,L,-0.3132,5
-0.1585,-0.09105,7,V,295,M,-0.4547,3
-4.269,-4.443,5,V,295,P,-4.421,3
1.945,0.5094,6,V,295,Q,0.3584,4
0.02374,0.01269,6,V,295,R,-0.0162,5
2.835,0.5651,4,V,295,S,0.7805,4
-0.4571,-0.2945,7,V,295,T,0.4446,2
0,0,,V,295,V,0,
-2.054,-2.121,8,V,295,W,-1.72,5
-1.146,-0.9413,7,V,295,Y,-1.339,5
-1.68,-1.605,4,Y,296,-,,
-2.757,-3.083,6,Y,296,A,-3.109,1
-1.896,-1.9,8,Y,296,C,-1.651,4
-1.774,-1.732,5,Y,296,D,-1.563,3
-0.2131,-0.125,2,Y,296,E,-0.195,2
-0.5426,-0.361,4,Y,296,F,-0.3477,2
-1.799,-1.767,3,Y,296,G,-1.873,3
0.3576,0.1677,6,Y,296,H,1.061,1
0.354,0.1662,1,Y,296,I,0.07716,1
-1.498,-1.365,2,Y,296,K,-1.441,2
0.5171,0.2278,7,Y,296,L,-0.1253,6
1.615,0.473,3,Y,296,M,0.3075,3
-1.251,-1.061,3,Y,296,N,-0.6327,2
-1.467,-1.326,7,Y,296,P,-1.657,5
0.121,0.06227,5,Y,296,Q,-0.09274,3
-1.189,-0.9903,4,Y,296,R,-0.813,1
-2.581,-2.853,4,Y,296,S,-3.242,3
-2.142,-2.246,10,Y,296,T,-2.061,7
-0.979,-0.7612,2,Y,296,V,-0.526,1
-0.8457,-0.6281,7,Y,296,W,-1.029,5
0,0,,Y,296,Y,0,
-1.274,-1.089,4,H,297,-,,
-0.6292,-0.4322,3,H,297,A,0.1395,2
-0.6025,-0.4098,8,H,297,C,-1.096,3
-1.335,-1.162,6,H,297,D,-1.03,4
-1.825,-1.803,4,H,297,E,-1.866,1
-1.732,-1.675,6,H,297,F,-1.658,6
-2.162,-2.274,4,H,297,G,-2.246,3
0,0,,H,297,H,0,
-1.683,-1.609,3,H,297,I,-1.298,1
-2.011,-2.061,5,H,297,K,-2.122,4
-0.5985,-0.4065,6,H,297,L,-0.5449,3
-0.2162,-0.1269,5,H,297,M,-0.05933,4
0.6833,0.2822,8,H,297,N,,
-2.157,-2.267,5,H,297,P,-1.94,2
-1.9,-1.906,1,H,297,Q,,
-0.6225,-0.4266,8,H,297,R,-0.3937,4
2.128,0.5251,7,H,297,S,1.101,3
-0.8667,-0.6483,3,H,297,T,-0.1415,2
-0.5828,-0.3936,12,H,297,V,-0.5444,6
-1.651,-1.565,8,H,297,W,-1.901,7
-0.9424,-0.7237,6,H,297,Y,-0.2328,3
-0.0803,-0.04473,3,K,298,-,,
-0.778,-0.564,7,K,298,A,-0.0976,4
-1.074,-0.8624,1,K,298,C,-0.9515,1
-0.3458,-0.2135,6,K,298,D,-2.553,1
0.4162,0.1907,7,K,298,E,-0.09184,1
-0.09531,-0.0534,3,K,298,F,-0.1211,2
0.6501,0.2719,3,K,298,G,,
0.03929,0.02088,2,K,298,H,-0.0749,2
-0.5107,-0.3357,1,K,298,I,,
0,0,,K,298,K,0,
0.2567,0.1252,1,K,298,L,0.04984,1
1.206,0.4089,5,K,298,M,0.0703,3
-1.758,-1.71,16,K,298,N,-2.092,6
-2.415,-2.627,8,K,298,P,-2.369,6
3.207,0.5773,4,K,298,Q,1.101,3
-0.7362,-0.5258,8,K,298,R,-0.1655,4
-1.158,-0.9546,5,K,298,S,-1.534,3
-0.1078,-0.06068,5,K,298,T,0.06655,3
0.229,0.113,2,K,298,V,-0.7586,1
-0.2017,-0.1178,9,K,298,W,0.2706,5
-1.34,-1.169,5,K,298,Y,-0.9506,3
-1.281,-1.097,3,H,299,-,,
-0.09118,-0.051,3,H,299,A,,
-2.608,-2.889,2,H,299,C,-2.97,2
-5.21,-4.786,3,H,299,D,-5,2
-5.372,-4.821,7,H,299,E,-5,3
-2.49,-2.731,4,H,299,F,-2.142,1
-4.902,-4.703,1,H,299,G,-5,1
0,0,,H,299,H,0,
-1.733,-1.676,7,H,299,I,-1.651,3
-3.745,-4.104,1,H,299,K,,
-0.6041,-0.4112,3,H,299,L,-0.4509,2
-0.01136,-0.00616,8,H,299,M,0.1032,6
-1.7,-1.632,13,H,299,N,-1.492,9
-2.083,-2.163,7,H,299,P,-2.409,4
-1.733,-1.676,4,H,299,Q,-1.562,2
-4.464,-4.538,7,H,299,R,-3.417,1
-2.071,-2.146,3,H,299,S,-2.572,2
-5.091,-4.756,4,H,299,T,-5,1
-0.02063,-0.01123,4,H,299,V,-0.2784,3
-1.012,-0.7958,2,H,299,W,,
-2.861,-3.213,7,H,299,Y,-3.332,3
0.5658,0.2446,2,T,300,-,,
-1.059,-0.8458,2,T,300,A,-0.07513,1
-0.675,-0.4716,5,T,300,C,-0.1752,3
-1.59,-1.485,1,T,300,D,,
2.836,0.5651,1,T,300,E,1.046,1
-1.856,-1.845,6,T,300,F,-1.46,3
-0.6315,-0.4341,8,T,300,G,-0.1637,5
-1.24,-1.049,5,T,300,H,-0.6298,2
-0.08509,-0.04748,3,T,300,I,-1.024,1
1.13,0.394,5,T,300,K,-0.08477,3
-0.2407,-0.1427,4,T,300,L,0.4452,3
-0.7831,-0.5688,1,T,300,M,-0.6427,1
-0.821,-0.6044,6,T,300,N,-1.039,3
-5.873,-4.902,4,T,300,P,-5,2
0.4011,0.1849,4,T,300,Q,0.3678,3
-1.378,-1.215,5,T,300,R,-0.5326,2
-0.03973,-0.02178,6,T,300,S,0.4036,2
0,0,,T,300,T,0,
2.103,0.5231,3,T,300,V,0.3445,3
-4.927,-4.71,7,T,300,W,-5,6
-1.743,-1.689,5,T,300,Y,-1.076,3
-0.275,-0.1652,2,F,301,-,,
4.215,0.5946,12,F,301,A,0.3867,6
4.611,0.5979,4,F,301,C,-0.9664,2
0.4143,0.19,3,F,301,D,,
-0.351,-0.2171,6,F,301,E,-0.8358,4
0,0,,F,301,F,0,
-0.2711,-0.1627,4,F,301,G,0.832,3
1.083,0.3842,4,F,301,H,0.8872,3
0.08215,0.04293,2,F,301,I,0.08935,1
-1.609,-1.51,6,F,301,K,-0.2145,2
1.38,0.4392,11,F,301,L,-0.177,3
1.066,0.3805,6,F,301,M,0.173,2
-0.08825,-0.04931,1,F,301,N,,
-0.3758,-0.2347,6,F,301,P,-0.2686,5
-1.086,-0.8747,6,F,301,Q,-1.473,3
0.6916,0.2847,8,F,301,R,0.4201,6
0.3784,0.176,2,F,301,S,-0.0004741,1
0.6854,0.2828,4,F,301,T,-0.4722,1
0.6212,0.2628,4,F,301,V,0.2329,2
0.3059,0.1464,3,F,301,W,0.4604,1
0.9106,0.3447,3,F,301,Y,-1.721,2
-0.2813,-0.1694,2,I,302,-,,
-4.97,-4.723,1,I,302,A,-5,1
-5.095,-4.757,7,I,302,C,-5,4
-5.275,-4.801,3,I,302,D,-5,1
-5.368,-4.82,5,I,302,E,-5,3
-3.549,-3.942,5,I,302,F,-4.07,2
-5.825,-4.896,8,I,302,G,-5,6
-5.393,-4.825,3,I,302,H,-5,1
0,0,,I,302,I,0,
-6.74,-4.976,6,I,302,K,-5,4
-0.9336,-0.7148,1,I,302,L,-0.8332,1
5.193,0.6008,4,I,302,M,0.06029,3
-5.513,-4.848,7,I,302,N,-5,4
-5.346,-4.816,4,I,302,P,-5,3
-5.245,-4.794,2,I,302,Q,-5,2
-5.237,-4.792,4,I,302,R,-5,3
-6.812,-4.98,12,I,302,S,-5,9
-4.464,-4.538,7,I,302,T,-5,3
-0.4919,-0.3211,10,I,302,V,-0.5891,5
-5.187,-4.78,7,I,302,W,-5,2
-4.115,-4.357,8,I,302,Y,-4.171,5
0.1058,0.05478,2,V,303,-,,
-2.858,-3.21,4,V,303,A,-3.559,1
-0.863,-0.6448,5,V,303,C,-0.2828,4
0.84,0.3266,4,V,303,D,0.1165,3
1.537,0.4627,2,V,303,E,0.5521,1
-0.1043,-0.05862,10,V,303,F,-0.0021,6
2.295,0.5371,2,V,303,G,0.9869,1
-0.8805,-0.6618,2,V,303,H,-0.5206,1
4.587,0.5977,8,V,303,I,0.222,5
-0.4597,-0.2964,6,V,303,K,-1.128,3
-0.255,-0.152,5,V,303,L,0.5,1
0.01625,0.008714,11,V,303,M,0.4686,4
0.5518,0.2398,3,V,303,N,-0.4636,2
-2.056,-2.124,1,V,303,P,-2.18,1
-0.1053,-0.05925,7,V,303,Q,-0.5122,5
-0.8446,-0.627,6,V,303,R,-0.2956,4
0.4165,0.1908,4,V,303,S,-0.02595,2
-0.216,-0.1269,14,V,303,T,-0.5413,9
0,0,,V,303,V,0,
-0.5671,-0.3807,6,V,303,W,0.4073,3
-1.648,-1.562,5,V,303,Y,,
-3.138,-3.536,3,L,304,-,,
-2.051,-2.118,1,L,304,A,-2.197,1
-1.737,-1.681,3,L,304,C,-1.765,2
-5.21,-4.786,7,L,304,D,-5,7
-5.335,-4.813,4,L,304,E,-5,3
-9.412,-5.027,10,L,304,F,-5,4
-5.912,-4.907,6,L,304,G,-5,4
-5.5,-4.845,5,L,304,H,-5,5
-0.1576,-0.09045,5,L,304,I,-0.2926,3
-5.529,-4.851,6,L,304,K,-5,4
0,0,,L,304,L,0,
-5.598,-4.862,7,L,304,N,-5,2
-5.009,-4.734,2,L,304,P,-5,1
-4.961,-4.72,2,L,304,Q,-5,1
-4.804,-4.671,2,L,304,R,-4.838,1
-4.471,-4.541,5,L,304,S,-4.601,2
0.4212,0.1926,3,L,304,V,-0.4189,1
-5.233,-4.791,3,L,304,W,-5,2
-4.912,-4.706,2,L,304,Y,-5,1
-2.709,-3.021,5,Y,305,*,,
-0.5726,-0.3852,2,Y,305,-,,
-0.377,-0.2356,1,Y,305,A,,
-0.5079,-0.3335,11,Y,305,C,-0.4286,3
-0.3725,-0.2324,2,Y,305,D,-0.3199,2
1.192,0.4062,1,Y,305,E,0.3792,1
3.553,0.5853,2,Y,305,F,,
-1.32,-1.144,3,Y,305,G,-1.198,2
0.8768,0.3362,6,Y,305,H,0.7902,3
1.179,0.4036,5,Y,305,I,0.008912,3
-0.4761,-0.3089,7,Y,305,K,-0.3774,3
1.285,0.4233,9,Y,305,L,0.1818,7
-0.4112,-0.2603,6,Y,305,M,0.1778,3
2.348,0.5406,7,Y,305,N,-0.1644,4
-3.544,-3.938,4,Y,305,P,-3.777,2
3.645,0.587,3,Y,305,Q,1.076,3
-0.4665,-0.3016,6,Y,305,R,-0.06668,3
-1.783,-1.745,2,Y,305,T,,
-0.08481,-0.04732,6,Y,305,V,0.06973,5
-0.3186,-0.1947,5,Y,305,W,-0.4875,2
0,0,,Y,305,Y,0,
-0.7314,-0.5215,2,V,306,-,,
-0.2294,-0.1354,6,V,306,A,0.8751,2
-2.213,-2.345,8,V,306,C,-2.184,6
-5.759,-4.887,5,V,306,D,-5,5
-12.02,-5.03,3,V,306,E,-5,2
-5.594,-4.862,6,V,306,F,-5,4
-2.21,-2.341,2,V,306,G,,
-12.03,-5.03,4,V,306,H,-5,2
-0.5986,-0.4066,8,V,306,I,-0.5402,7
-5.374,-4.821,2,V,306,K,-5,2
-2.343,-2.527,4,V,306,L,-2.139,2
-4.639,-4.611,9,V,306,M,-5,3
-5.568,-4.857,13,V,306,N,-5,8
-5.57,-4.858,5,V,306,P,-5,3
-5.229,-4.79,2,V,306,Q,-5,1
-5.408,-4.828,8,V,306,R,-5,4
-0.8251,-0.6083,10,V,306,S,-0.09182,4
-1.926,-1.942,6,V,306,T,-2.655,3
0,0,,V,306,V,0,
-6.585,-4.967,6,V,306,W,-5,1
-5.699,-4.878,5,V,306,Y,-5,4
-0.9069,-0.688,2,D,307,-,,
-0.9029,-0.684,5,D,307,A,-1.408,4
-3.34,-3.748,4,D,307,C,-4.143,2
0,0,,D,307,D,0,
-0.2272,-0.134,1,D,307,E,,
-1.13,-0.9235,3,D,307,F,,
-0.1308,-0.07431,8,D,307,G,-0.2389,1
-0.9121,-0.6931,1,D,307,H,,
-1.164,-0.9619,3,D,307,I,-0.4523,1
-0.4694,-0.3038,4,D,307,K,-0.4346,4
-1.396,-1.237,4,D,307,L,-1.364,3
-1.17,-0.9684,5,D,307,M,-1.319,3
-0.9384,-0.7196,6,D,307,N,-0.06895,2
-5.543,-4.853,4,D,307,P,-5,4
0.2197,0.1088,10,D,307,Q,-0.1485,5
-1.86,-1.851,5,D,307,R,-0.48,1
-0.6086,-0.4149,5,D,307,S,-0.208,5
-0.5437,-0.3618,3,D,307,T,-0.8932,2
-0.9619,-0.7436,8,D,307,V,-1.32,5
-0.618,-0.4228,1,D,307,W,-0.4764,1
-1.606,-1.506,12,D,307,Y,-2.472,1
-0.2236,-0.1317,2,F,308,-,,
-1.804,-1.774,6,F,308,A,-2.38,2
-6.047,-4.922,5,F,308,C,-5,2
-5.688,-4.876,6,F,308,D,-5,6
-4.866,-4.691,4,F,308,E,-5,3
0,0,,F,308,F,0,
-4.7,-4.634,6,F,308,G,-4.898,3
-3.634,-4.015,6,F,308,H,-4.26,5
-0.7061,-0.4989,4,F,308,I,-0.02112,3
-5.498,-4.845,7,F,308,K,-5,4
-0.8409,-0.6235,18,F,308,L,-0.1769,4
-0.111,-0.06259,4,F,308,M,-0.1188,4
-5.99,-4.916,8,F,308,N,-5,5
-3.725,-4.089,2,F,308,P,,
-5.485,-4.843,3,F,308,Q,-5,2
-5.729,-4.882,2,F,308,R,,
-4.855,-4.688,3,F,308,S,-5,1
-1.923,-1.939,2,F,308,T,-2.026,2
-0.4692,-0.3036,3,F,308,V,-0.1909,3
-0.7792,-0.5652,5,F,308,W,-0.3979,4
-1.244,-1.054,2,F,308,Y,-1.126,2
-0.4504,-0.2894,2,K,309,-,,
7.46,0.6042,5,K,309,A,0.2808,2
-1.72,-1.659,4,K,309,C,-1.126,2
1.637,0.4758,3,K,309,D,0.5705,3
-0.003617,-0.001955,9,K,309,E,-0.1242,2
1.105,0.3888,3,K,309,F,0.4218,2
-0.2575,-0.1537,5,K,309,G,-0.1969,2
-1.818,-1.792,2,K,309,H,-1.894,1
0.003312,0.001785,5,K,309,I,1.299,2
0,0,,K,309,K,0,
0.6995,0.2871,5,K,309,L,0.0103,2
0.05053,0.02674,6,K,309,M,0.06102,5
-0.6593,-0.458,11,K,309,N,-0.4506,5
0.5012,0.2222,3,K,309,P,0.1156,1
0.8183,0.3209,6,K,309,Q,-0.383,2
-0.234,-0.1384,5,K,309,R,-3.565,1
0.5428,0.2367,11,K,309,S,-0.2284,7
-0.6885,-0.4833,10,K,309,T,-1.525,3
0.1943,0.09716,8,K,309,V,0.5121,4
1.827,0.4977,4,K,309,W,0.5411,2
0.01404,0.007538,7,K,309,Y,0.6485,3
1.359,0.4359,4,L,310,-,,
-0.6885,-0.4834,4,L,310,A,-0.3468,2
-2.526,-2.779,8,L,310,C,-2.531,5
-1.486,-1.351,8,L,310,D,-0.7717,3
-0.9119,-0.693,11,L,310,E,-1.02,10
-0.1939,-0.1129,7,L,310,F,0.2536,6
-0.2392,-0.1417,2,L,310,G,0.5413,1
3.033,0.5722,2,L,310,H,1.599,2
-0.4862,-0.3166,3,L,310,I,0.05663,3
-0.1672,-0.09637,3,L,310,K,0.04587,1
0,0,,L,310,L,0,
-0.7417,-0.5308,4,L,310,M,-0.6301,2
-1.379,-1.217,3,L,310,N,-2.09,2
3.508,0.5844,1,L,310,P,,
-0.4881,-0.3181,6,L,310,Q,0.5566,4
-0.9295,-0.7106,5,L,310,R,-0.9989,2
-0.2981,-0.1807,3,L,310,S,-0.6749,2
1.075,0.3825,4,L,310,T,1.22,1
-0.4851,-0.3158,3,L,310,V,-1.16,2
-1.526,-1.402,7,L,310,W,-1.912,3
-1.361,-1.194,3,L,310,Y,-0.617,1
-4.795,-4.668,5,Q,311,*,,
-0.7466,-0.5353,2,Q,311,-,,
1.674,0.4804,3,Q,311,A,0.3813,3
-2.925,-3.291,3,Q,311,C,-3.318,2
1.954,0.5102,5,Q,311,D,0.1398,4
2.341,0.5401,3,Q,311,E,0.2971,2
-0.08011,-0.04462,8,Q,311,F,0.1276,4
1.18,0.4039,2,Q,311,G,0.6919,1
-0.1452,-0.08296,13,Q,311,H,-0.08867,5
-1.02,-0.8037,5,Q,311,I,-0.7921,4
-0.7285,-0.5189,3,Q,311,K,-0.5544,3
-0.3501,-0.2165,4,Q,311,L,-0.347,3
-0.1077,-0.06064,2,Q,311,M,-0.1731,1
-0.5254,-0.3473,5,Q,311,P,-0.03717,3
0,0,,Q,311,Q,0,
-1.943,-1.966,4,Q,311,R,-2.349,2
0.03565,0.01898,9,Q,311,S,0.5629,4
-0.5801,-0.3913,5,Q,311,V,0.3945,2
1.486,0.4553,2,Q,311,Y,,
-0.03404,-0.01862,2,S,312,-,,
-0.3526,-0.2182,8,S,312,A,0.014,4
-4.99,-4.729,4,S,312,C,-5,2
-1.367,-1.202,3,S,312,D,-1.717,3
2.257,0.5346,7,S,312,E,0.9217,5
0.7879,0.3125,5,S,312,F,-0.3551,3
0.8532,0.3301,10,S,312,G,-0.1325,5
-0.6211,-0.4254,4,S,312,H,-0.2672,2
1.307,0.4271,5,S,312,I,0.8614,3
-0.1908,-0.111,8,S,312,K,0.1053,5
0.2253,0.1113,7,S,312,L,0.1328,6
1.217,0.4108,2,S,312,M,0.6478,1
-0.682,-0.4777,11,S,312,N,0.09845,5
0.8984,0.3417,11,S,312,P,0.3148,8
0.8333,0.3249,8,S,312,Q,0.2533,6
-0.8924,-0.6736,10,S,312,R,-0.744,4
0,0,,S,312,S,0,
1.019,0.3703,6,S,312,T,0.9717,3
-0.2526,-0.1504,6,S,312,V,-0.4182,4
1.595,0.4705,6,S,312,W,0.6789,4
0.2158,0.107,6,S,312,Y,0.7088,3
0.01029,0.005532,2,G,313,-,,
0.2636,0.1283,3,G,313,A,-5,1
-3.554,-3.947,25,G,313,C,-3.517,5
-0.7705,-0.5572,8,G,313,D,-0.297,2
-0.2366,-0.1401,6,G,313,E,0.1901,5
0.3129,0.1493,2,G,313,F,-0.1832,1
0,0,,G,313,G,0,
-0.3359,-0.2066,4,G,313,H,-0.1032,3
-0.6854,-0.4806,4,G,313,I,-0.8561,2
-1.22,-1.025,7,G,313,K,-1.139,4
-0.9781,-0.7603,6,G,313,L,-0.0959,4
-0.634,-0.4363,6,G,313,M,-0.07357,5
-0.5283,-0.3495,3,G,313,N,-0.2951,3
-1.254,-1.065,3,G,313,P,-0.7523,1
0.2257,0.1115,8,G,313,Q,-0.06979,5
0.0889,0.04634,8,G,313,S,-1.471,3
-0.6301,-0.433,9,G,313,T,-0.1064,4
-1.15,-0.9456,13,G,313,V,-0.5378,2
-0.636,-0.438,3,G,313,W,-0.5268,2
-0.5315,-0.3521,7,G,313,Y,-0.78,5
-0.7539,-0.5419,3,V,314,-,,
-0.9013,-0.6825,3,V,314,A,-0.4093,3
-2.409,-2.62,3,V,314,C,-1.396,1
-2.064,-2.136,6,V,314,D,-2.356,3
-0.4536,-0.2918,3,V,314,E,-0.4386,1
-0.04137,-0.0227,5,V,314,F,0.04918,4
-1.831,-1.81,3,V,314,G,-2.101,2
1.669,0.4798,2,V,314,H,0.5719,1
0.9748,0.3602,1,V,314,I,,
-2.5,-2.744,2,V,314,K,,
-0.6627,-0.4608,12,V,314,L,-0.114,5
0.01997,0.01069,8,V,314,M,,
1.462,0.4519,4,V,314,N,1.025,1
0.8348,0.3253,10,V,314,P,0.9987,7
-0.118,-0.06672,3,V,314,Q,-0.08035,2
-0.1778,-0.1029,5,V,314,R,-0.4847,2
-0.03585,-0.01962,11,V,314,S,0.5494,5
-0.2151,-0.1263,5,V,314,T,-0.1466,3
0,0,,V,314,V,0,
-0.7229,-0.5139,3,V,314,W,-0.5621,2
0.1387,0.07088,6,V,314,Y,-0.0941,4
-0.8994,-0.6805,3,G,315,-,,
0.01089,0.005854,6,G,315,A,0.02601,5
-4.939,-4.714,9,G,315,C,-5,1
-1.621,-1.526,13,G,315,D,-1.324,7
-1.807,-1.778,3,G,315,E,-1.793,3
-1.949,-1.975,8,G,315,F,-1.402,3
0,0,,G,315,G,0,
-1.458,-1.314,2,G,315,H,-1.376,2
-2.774,-3.104,7,G,315,I,-3.303,3
-0.717,-0.5086,6,G,315,K,0.6293,1
-2.034,-2.093,8,G,315,L,-1.936,6
-0.942,-0.7233,4,G,315,M,-0.7995,3
3.163,0.5761,2,G,315,N,1.693,1
-1.165,-0.9625,3,G,315,P,-1.275,3
-0.8953,-0.6764,6,G,315,Q,-0.5939,5
-0.6499,-0.4499,4,G,315,R,-1.362,1
-1.214,-1.019,5,G,315,S,-1.29,1
-1.443,-1.296,9,G,315,T,-1.441,6
-1.578,-1.469,8,G,315,V,-1.621,4
-2.121,-2.216,4,G,315,W,-2.165,3
-0.9506,-0.732,10,G,315,Y,-0.9887,5
-0.543,-0.3613,3,R,316,-,,
1.88,0.5031,3,R,316,A,,
-2.645,-2.937,4,R,316,C,-3.539,3
-4.311,-4.465,3,R,316,D,-4.578,2
-4.478,-4.544,4,R,316,E,-5,3
-1.543,-1.424,5,R,316,F,-1.726,3
-1.317,-1.141,6,R,316,G,-1.271,2
-1.128,-0.9215,5,R,316,H,-0.6726,3
-1.297,-1.116,16,R,316,I,-3.925,5
-1.133,-0.927,6,R,316,K,-0.3155,2
0.3191,0.1519,7,R,316,L,-0.1344,5
-1.237,-1.046,1,R,316,M,-1.105,1
-0.01726,-0.009381,2,R,316,N,-1.023,1
-5.313,-4.809,5,R,316,P,-5,3
-1.058,-0.8443,4,R,316,Q,-0.3494,2
0,0,,R,316,R,0,
0.4532,0.2047,7,R,316,S,-0.0004244,5
-0.000761,-0.0004105,6,R,316,T,0.4922,5
-0.06121,-0.03384,3,R,316,V,0.6448,2
-4.488,-4.549,4,R,316,W,-4.889,4
-2.065,-2.138,2,R,316,Y,,
-4.712,-4.639,2,C,317,*,,
-0.8512,-0.6333,2,C,317,-,,
-5.24,-4.793,4,C,317,A,-5,4
0,0,,C,317,C,0,
-5.442,-4.835,5,C,317,D,-5,3
-4.713,-4.639,3,C,317,E,-4.728,1
-5.358,-4.818,5,C,317,F,-5,2
-6.445,-4.957,4,C,317,G,-5,2
-5.374,-4.821,4,C,317,H,-5,2
-5.788,-4.891,3,C,317,I,-5,2
-7.123,-4.993,7,C,317,K,-5,3
-6.416,-4.955,4,C,317,L,-5,3
-5.71,-4.88,9,C,317,M,-5,6
-5.24,-4.793,5,C,317,N,-5,4
-5.365,-4.82,4,C,317,P,-5,2
-4.989,-4.729,3,C,317,Q,-5,1
-5.428,-4.832,6,C,317,S,-5,5
-4.559,-4.579,5,C,317,T,-5,5
-4.922,-4.709,8,C,317,V,-5,7
-4.734,-4.647,10,C,317,W,-5,5
-5.436,-4.834,5,C,317,Y,-5,4
-0.2837,-0.171,3,F,318,-,,
-1.131,-0.9243,2,F,318,A,-1.038,2
-4.172,-4.39,4,F,318,C,-5,3
0.1046,0.05416,1,F,318,D,,
-3.634,-4.016,2,F,318,E,-4.536,1
0,0,,F,318,F,0,
-1.888,-1.889,7,F,318,G,-2.524,5
0.7244,0.2944,5,F,318,H,0.4711,5
-0.2882,-0.1741,2,F,318,I,0.1923,1
-1.697,-1.628,3,F,318,K,-1.72,2
-0.7039,-0.4969,17,F,318,L,0.1849,4
3.856,0.5903,3,F,318,M,0.274,1
-3.706,-4.074,7,F,318,N,-3.864,3
-9.49,-5.027,4,F,318,P,-5,3
-0.691,-0.4855,5,F,318,Q,-0.7228,2
-2.103,-2.191,1,F,318,R,-2.366,1
-1.24,-1.048,12,F,318,S,-1.25,3
-1.443,-1.296,4,F,318,T,-0.5182,2
-0.9758,-0.7579,6,F,318,V,-0.3921,3
0.006879,0.003703,5,F,318,W,-0.4466,4
-0.3658,-0.2276,7,F,318,Y,-0.004141,3
-0.5929,-0.4019,3,N,319,-,,
-4.897,-4.701,2,N,319,A,-5,1
-7.834,-5.012,10,N,319,D,-5,4
-4.965,-4.722,1,N,319,E,-5,1
-5.373,-4.821,6,N,319,F,-5,3
-5.117,-4.763,4,N,319,G,-5,1
-5.539,-4.852,5,N,319,H,-5,3
-8.493,-5.021,2,N,319,I,-5,1
-7.708,-5.01,6,N,319,K,-5,1
-5.544,-4.853,7,N,319,L,-5,4
-5.103,-4.759,3,N,319,M,-5,3
0,0,,N,319,N,0,
-5.573,-4.858,6,N,319,P,-5,3
-5.588,-4.861,5,N,319,Q,-5,4
-5.375,-4.822,4,N,319,R,-5,3
-1.672,-1.594,6,N,319,S,-1.461,3
-4.755,-4.654,7,N,319,T,-5,4
-5.191,-4.781,3,N,319,V,-5,2
-5.128,-4.766,9,N,319,W,-5,4
-4.915,-4.707,8,N,319,Y,-5,2
-0.2601,-0.1554,3,C,320,-,,
-5.239,-4.792,4,C,320,A,-5,2
0,0,,C,320,C,0,
-5.542,-4.853,6,C,320,D,-5,5
-3.953,-4.255,1,C,320,E,,
-4.888,-4.698,11,C,320,F,-5,7
-3.568,-3.959,5,C,320,G,-3.876,4
-5.763,-4.887,8,C,320,H,-5,4
-4.973,-4.724,3,C,320,I,-5,3
-5.5,-4.845,5,C,320,K,-5,5
-5.38,-4.823,6,C,320,L,-5,3
-5.125,-4.765,4,C,320,M,-5,2
-5.028,-4.739,4,C,320,N,-5,1
-6.327,-4.948,6,C,320,P,-5,3
-4.907,-4.704,5,C,320,Q,-5,3
-5.684,-4.876,8,C,320,R,-5,2
-5.173,-4.777,5,C,320,S,-5,3
-5.245,-4.794,3,C,320,T,-5,2
-5.371,-4.821,4,C,320,V,-5,2
-5.336,-4.814,5,C,320,W,-5,4
-6.173,-4.935,12,C,320,Y,-5,4
-0.9552,-0.7367,3,R,321,-,,
-0.2307,-0.1363,2,R,321,A,-0.2091,2
-3.72,-4.085,3,R,321,C,-3.213,1
-0.2681,-0.1607,4,R,321,D,-0.2192,1
0.5324,0.2331,4,R,321,E,-0.1123,3
0.1587,0.08049,2,R,321,F,-0.01155,2
-0.2091,-0.1225,10,R,321,G,-0.1094,4
-0.5289,-0.35,6,R,321,H,-0.268,4
-1.031,-0.8153,12,R,321,I,-0.5872,2
0.7838,0.3114,6,R,321,K,0.3253,2
-0.7379,-0.5273,5,R,321,L,-0.6243,4
0.3521,0.1655,5,R,321,M,-0.03708,3
1.547,0.464,6,R,321,N,0.585,6
1.438,0.4483,2,R,321,P,0.4591,1
0.3773,0.1756,8,R,321,Q,0.3301,5
0,0,,R,321,R,0,
-5.63,-4.867,4,R,321,S,-5,3
-5.242,-4.793,4,R,321,T,-5,2
-1.029,-0.8131,5,R,321,V,-0.5063,1
-0.8399,-0.6225,6,R,321,W,-0.7546,6
-0.4306,-0.2746,2,R,321,Y,-0.5746,1
-0.9605,-0.7422,3,P,322,-,,
-1.425,-1.273,1,P,322,A,,
-5.195,-4.782,4,P,322,C,-5,2
-7.235,-4.997,12,P,322,D,,
-3.505,-3.904,3,P,322,E,-4.022,2
-5.35,-4.817,6,P,322,F,-5,2
-5.288,-4.803,7,P,322,G,-5,5
-5.938,-4.91,11,P,322,H,-5,3
-4.86,-4.689,3,P,322,I,-4.841,2
-5.491,-4.844,4,P,322,K,-5,3
-5.115,-4.763,8,P,322,L,-5,2
-4.259,-4.438,4,P,322,M,-4.255,2
-5.403,-4.827,5,P,322,N,-5,4
0,0,,P,322,P,0,
-5.277,-4.801,3,P,322,Q,-5,2
-6.388,-4.953,6,P,322,R,-5,4
-4.945,-4.716,6,P,322,S,-5,3
-5.143,-4.77,8,P,322,T,-5,4
-3.37,-3.777,6,P,322,V,-3.644,2
-4.344,-4.481,3,P,322,W,-4.584,2
-4.987,-4.728,2,P,322,Y,-5,1
-0.3572,-0.2215,5,A,323,-,,
0,0,,A,323,A,0,
-1.042,-0.8273,5,A,323,C,-0.6209,4
-1.394,-1.235,6,A,323,D,-1.491,3
1.32,0.4292,5,A,323,E,0.6099,4
-3.51,-3.908,2,A,323,F,,
0.2786,0.1348,5,A,323,G,0.05545,4
2.611,0.5553,2,A,323,H,1.199,1
-0.289,-0.1746,9,A,323,I,-0.1196,9
0.3332,0.1577,2,A,323,K,0.0885,2
0.3463,0.1631,2,A,323,L,0.4262,1
-0.4193,-0.2662,3,A,323,M,-0.3276,2
-0.9736,-0.7556,7,A,323,N,-1.112,5
-1.406,-1.249,4,A,323,P,-1.41,3
-1.293,-1.111,3,A,323,Q,-1.073,1
-0.9889,-0.7715,8,A,323,R,-1.188,4
-0.6124,-0.4181,10,A,323,S,0.105,3
-0.7284,-0.5188,8,A,323,T,-0.08586,1
-0.2198,-0.1292,11,A,323,V,1.029,1
-0.6227,-0.4267,3,A,323,W,,
0.3749,0.1746,1,A,323,Y,0.08844,1
-0.2933,-0.1774,4,V,324,-,,
2.027,0.5168,8,V,324,A,0.1163,6
-0.3787,-0.2368,4,V,324,C,-0.2413,1
2.204,0.5309,1,V,324,D,0.6844,1
-0.9435,-0.7248,5,V,324,E,-0.1268,2
0.213,0.1057,6,V,324,F,0.1925,4
-0.165,-0.09499,3,V,324,G,0.0545,2
1.771,0.4917,5,V,324,H,0.5267,3
0.204,0.1016,5,V,324,I,-0.4069,3
0.3111,0.1486,5,V,324,K,0.389,4
-0.8294,-0.6125,7,V,324,L,-0.2207,2
-1.312,-1.135,11,V,324,M,-3.419,2
1.075,0.3826,3,V,324,N,-0.4187,1
0.6395,0.2686,5,V,324,P,0.1185,5
0.88,0.337,3,V,324,Q,-0.4291,2
-0.1472,-0.08415,4,V,324,R,-0.03298,1
0.2076,0.1033,7,V,324,S,0.2875,6
1.038,0.3745,8,V,324,T,-0.1057,5
0,0,,V,324,V,0,
2.307,0.5379,5,V,324,W,0.8344,1
2,0.5144,6,V,324,Y,0.4933,2
-0.3176,-0.194,4,V,325,-,,
2.796,0.5635,4,V,325,A,0.6292,3
0.3359,0.1589,4,V,325,C,0.3315,2
-1.149,-0.9444,4,V,325,D,-1.071,2
-0.01097,-0.005947,7,V,325,E,-0.09656,4
1.138,0.3955,3,V,325,F,0.3126,2
-1.051,-0.8375,8,V,325,G,-1.033,5
-1.684,-1.61,2,V,325,H,-1.476,1
-0.3622,-0.225,10,V,325,I,0.3231,6
0.3216,0.153,3,V,325,K,-0.5674,2
-0.7064,-0.4991,7,V,325,L,-1.218,2
0.6713,0.2785,9,V,325,M,-0.09935,2
-0.5619,-0.3765,7,V,325,N,0.2048,3
-0.4265,-0.2716,9,V,325,P,-0.3631,7
1.164,0.4007,5,V,325,Q,0.7963,3
-1.209,-1.013,3,V,325,R,-0.7535,3
-1.187,-0.988,4,V,325,S,-0.1884,1
-0.3325,-0.2043,5,V,325,T,-0.6304,4
0,0,,V,325,V,0,
-0.5217,-0.3443,3,V,325,W,-0.6765,1
-0.6959,-0.4899,6,V,325,Y,-0.584,3
-0.7713,-0.5579,5,N,326,-,,
-1.46,-1.317,1,N,326,A,-1.44,1
-4.178,-4.393,1,N,326,C,,
-1.28,-1.096,6,N,326,D,-0.8935,3
-2.159,-2.27,3,N,326,E,,
-3.223,-3.628,10,N,326,F,-3.572,6
-1.893,-1.897,2,N,326,G,-1.935,1
-1.254,-1.065,5,N,326,H,-1.328,4
-2.542,-2.8,6,N,326,I,-2.577,6
-1.604,-1.504,3,N,326,K,-1.781,2
-4.688,-4.63,8,N,326,L,-5,6
-1.631,-1.54,3,N,326,M,-2.814,2
0,0,,N,326,N,0,
-5.556,-4.855,3,N,326,P,-5,3
-2.262,-2.415,2,N,326,Q,,
-3.621,-4.004,2,N,326,R,,
-2.028,-2.085,5,N,326,S,-0.6398,1
-1.526,-1.402,2,N,326,T,-1.444,1
-1.697,-1.627,1,N,326,V,-1.722,1
-4.297,-4.458,4,N,326,W,-4.809,3
-2.058,-2.127,6,N,326,Y,-1.686,5
-0.8922,-0.6734,6,I,327,-,,
-2.181,-2.3,5,I,327,A,,
-1.352,-1.183,7,I,327,C,-1.09,4
-6.657,-4.971,2,I,327,D,-5,1
-5.501,-4.846,6,I,327,E,-5,4
-2.007,-2.056,4,I,327,F,-1.885,3
-3.841,-4.176,3,I,327,H,,
0,0,,I,327,I,0,
-5.641,-4.869,7,I,327,K,-5,2
0.3585,0.168,5,I,327,L,0.1955,1
-0.4004,-0.2524,6,I,327,M,0.6916,3
-5.105,-4.76,6,I,327,N,-4.928,2
-6.32,-4.948,2,I,327,P,-5,1
-5.33,-4.812,5,I,327,Q,-5,3
-3.871,-4.198,2,I,327,R,,
-5.584,-4.86,11,I,327,S,-5,6
-1.606,-1.506,9,I,327,T,-1.18,4
-0.4261,-0.2713,4,I,327,V,-0.4193,1
-5.682,-4.875,8,I,327,W,-5,7
-3.444,-3.847,6,I,327,Y,-3.736,2
-1.361,-1.194,6,T,328,-,,
0.1428,0.07286,7,T,328,A,-0.381,2
-4.627,-4.606,6,T,328,C,-3.508,2
-2.049,-2.115,6,T,328,D,-1.855,5
-0.2524,-0.1503,1,T,328,E,-0.1566,1
-1.211,-1.015,3,T,328,F,-1.088,1
-1.628,-1.536,2,T,328,G,,
-0.9279,-0.709,1,T,328,H,,
-1.218,-1.023,6,T,328,I,-0.6861,3
-1.677,-1.601,6,T,328,K,-0.8346,2
-0.9271,-0.7082,2,T,328,L,0.4175,1
-1.239,-1.048,4,T,328,M,-1.05,3
-1.652,-1.567,5,T,328,N,-0.6911,2
-7.205,-4.996,8,T,328,P,-5,2
-0.003804,-0.002056,3,T,328,Q,-0.1215,2
-1.905,-1.914,4,T,328,R,-1.937,1
0.03939,0.02093,7,T,328,S,0.5594,2
0,0,,T,328,T,0,
-1.593,-1.489,5,T,328,V,-1.197,2
-1.24,-1.049,2,T,328,W,-1.266,1
-1.131,-0.9243,8,T,328,Y,-0.7314,6
-1.381,-1.219,6,L,329,-,,
-5.594,-4.862,3,L,329,A,-5,3
-5.27,-4.799,3,L,329,C,-5,2
-5.687,-4.876,6,L,329,D,-5,5
-5.501,-4.846,5,L,329,E,-5,4
-1.489,-1.354,4,L,329,F,-1.079,3
-5.261,-4.797,3,L,329,G,-5,2
-7.529,-5.006,6,L,329,H,-5,3
3.437,0.5829,2,L,329,I,1.159,2
-5.931,-4.909,4,L,329,K,-5,2
0,0,,L,329,L,0,
-0.03107,-0.01698,9,L,329,M,-0.3957,3
-4.969,-4.723,2,L,329,N,-5,1
-5.439,-4.834,7,L,329,P,-5,4
-5.504,-4.846,7,L,329,Q,-5,5
-5.768,-4.888,8,L,329,R,-5,8
-5.986,-4.915,4,L,329,S,-5,1
-5.575,-4.858,9,L,329,T,-5,6
-1.498,-1.365,4,L,329,V,-1.656,2
-10.24,-5.029,2,L,329,W,-5,1
-5.408,-4.828,9,L,329,Y,-5,4
-0.6375,-0.4393,4,A,330,-,,
0,0,,A,330,A,0,
2.089,0.522,1,A,330,C,,
-0.6531,-0.4526,7,A,330,D,-0.926,4
-0.3163,-0.1931,5,A,330,E,-0.97,3
0.6548,0.2734,4,A,330,F,-0.3407,2
0.5592,0.2423,6,A,330,G,0.7628,3
0.2422,0.1188,7,A,330,H,0.09301,6
-1.06,-0.847,4,A,330,I,-0.3035,2
-0.157,-0.09011,5,A,330,K,0.02008,3
-1.005,-0.7888,12,A,330,L,-0.7352,6
-0.3198,-0.1955,3,A,330,M,-0.6754,2
0.381,0.177,5,A,330,N,0.02874,3
0.1181,0.06084,10,A,330,P,-0.2898,7
0.7955,0.3146,2,A,330,Q,-1.302,1
-0.7819,-0.5677,4,A,330,R,-0.2089,2
0.9534,0.3551,5,A,330,S,0.4344,1
1.674,0.4804,12,A,330,T,0.4896,2
-0.7407,-0.5299,7,A,330,V,-0.2247,5
-0.1368,-0.07793,8,A,330,W,-0.3163,7
-0.02772,-0.01513,6,A,330,Y,-0.1341,5
-0.4892,-0.319,3,N,331,-,,
-0.3702,-0.2307,3,N,331,A,-0.2946,2
-0.9662,-0.748,6,N,331,C,-0.25,4
-1.078,-0.8665,5,N,331,D,-2.235,2
-0.2387,-0.1414,8,N,331,E,-0.3002,5
0.5662,0.2447,4,N,331,F,0.2873,4
-0.5704,-0.3834,4,N,331,G,-0.2896,3
0.4877,0.2173,10,N,331,H,0.359,5
-1.093,-0.8822,5,N,331,I,-0.6229,4
0.5362,0.2344,10,N,331,K,-0.3453,6
-0.2864,-0.1728,4,N,331,L,-0.1324,4
-0.5511,-0.3678,9,N,331,M,-0.2405,5
0,0,,N,331,N,0,
-0.8794,-0.6608,4,N,331,P,-1.027,3
0.9727,0.3597,1,N,331,Q,0.3189,1
-0.5624,-0.3769,9,N,331,R,-0.4268,6
-0.989,-0.7716,6,N,331,S,-0.1555,4
0.5879,0.2519,3,N,331,T,0.3969,2
-1.143,-0.9385,4,N,331,V,-0.8114,3
-0.8252,-0.6084,4,N,331,W,-0.4428,3
0.14,0.07152,13,N,331,Y,0.05641,8
-0.07577,-0.04213,3,F,332,-,,
1.142,0.3963,5,F,332,A,-0.1521,4
-1.54,-1.419,7,F,332,C,-0.08742,3
1.131,0.3941,8,F,332,D,-0.00155,6
-1.365,-1.199,4,F,332,E,-0.7336,1
0,0,,F,332,F,0,
-0.4232,-0.2691,5,F,332,G,-0.6191,3
1.019,0.3703,8,F,332,H,-0.1557,6
-0.7383,-0.5278,2,F,332,I,-0.3744,1
-0.03684,-0.02017,18,F,332,L,-0.5029,5
0.07299,0.03828,5,F,332,M,-0.09935,4
0.3734,0.174,5,F,332,N,0.1672,4
0.5437,0.237,7,F,332,P,0.1059,2
-2.203,-2.332,5,F,332,R,-1.168,2
1.356,0.4353,6,F,332,S,0.4801,3
-0.8498,-0.632,4,F,332,T,-1.035,1
0.6306,0.2658,4,F,332,V,0.07799,1
3.453,0.5833,6,F,332,W,0.7975,5
1.074,0.3823,9,F,332,Y,-0.0294,4
0.005281,0.002845,3,N,333,-,,
0.4788,0.2141,11,N,333,A,-0.5108,5
-1.091,-0.8809,1,N,333,C,-0.9726,1
5.064,0.6003,14,N,333,D,0.6398,5
-0.2173,-0.1277,7,N,333,E,-0.3221,4
0.809,0.3183,4,N,333,F,0.05766,4
-0.7508,-0.5391,5,N,333,G,-0.4518,1
-1.051,-0.8376,3,N,333,H,-1.056,3
1.369,0.4375,5,N,333,I,0.0677,4
-0.2342,-0.1385,6,N,333,K,0.7548,3
-0.3689,-0.2298,5,N,333,L,0.6562,3
-0.6747,-0.4713,4,N,333,M,-0.3914,3
0,0,,N,333,N,0,
-1.442,-1.295,7,N,333,P,-1.55,6
-0.7673,-0.5542,5,N,333,R,-0.6371,2
-0.7957,-0.5806,3,N,333,S,-0.3072,2
0.9822,0.3619,3,N,333,T,0.3337,3
2.958,0.5696,4,N,333,V,0.8302,4
-0.05784,-0.03194,10,N,333,W,0.6992,5
0.1856,0.09311,5,N,333,Y,-0.1932,3
-6.189,-4.936,9,E,334,*,-5,2
-0.8643,-0.6461,2,E,334,-,,
1.224,0.4123,4,E,334,A,-0.4165,2
-1.068,-0.8552,5,E,334,C,-1.023,5
3.004,0.5712,6,E,334,D,-0.002385,3
0,0,,E,334,E,0,
-0.3964,-0.2496,3,E,334,F,-0.548,2
-0.6823,-0.4779,5,E,334,G,0.11,1
-0.5653,-0.3792,2,E,334,H,-0.215,1
0.9932,0.3644,8,E,334,I,0.274,6
-0.9552,-0.7367,19,E,334,K,-0.3979,3
-0.9551,-0.7366,3,E,334,L,,
0.4889,0.2177,4,E,334,M,-0.2722,2
-0.006386,-0.003455,5,E,334,N,0.1766,2
-0.3608,-0.2241,6,E,334,P,0.03025,4
0.6224,0.2631,6,E,334,Q,-0.8358,2
-0.2661,-0.1593,2,E,334,R,-0.1136,1
0.7209,0.2934,8,E,334,S,1.21,1
-0.4084,-0.2583,7,E,334,T,-0.06512,6
-0.2403,-0.1425,4,E,334,V,-0.02172,3
0.05716,0.03016,6,E,334,W,0.08472,5
0.5186,0.2283,10,E,334,Y,-0.03438,9
-0.2484,-0.1477,2,T,335,-,,
0.04942,0.02616,9,T,335,A,0.07139,5
-2.372,-2.568,7,T,335,C,-2.551,3
0.6545,0.2733,4,T,335,D,0.7053,2
0.603,0.2569,6,T,335,E,-0.5743,1
1.555,0.4651,3,T,335,F,0.96,1
-0.1497,-0.08568,5,T,335,G,0.9205,2
0.2078,0.1034,6,T,335,H,0.005116,5
-0.2925,-0.177,7,T,335,I,0.2808,3
1.287,0.4235,1,T,335,K,0.417,1
1.203,0.4083,5,T,335,L,0.6342,1
1.209,0.4094,6,T,335,M,0.3997,5
0.1683,0.08502,8,T,335,N,-0.01425,2
0.7545,0.3032,7,T,335,P,0.5608,6
-0.0512,-0.0282,4,T,335,Q,-0.4792,3
-0.218,-0.1281,7,T,335,R,-0.165,4
-0.8186,-0.6022,6,T,335,S,-0.7289,4
0,0,,T,335,T,0,
-0.3628,-0.2255,2,T,335,V,-0.7396,1
-0.7888,-0.5741,4,T,335,W,-0.7975,4
3.491,0.584,4,T,335,Y,1.205,4
0.01749,0.009375,2,K,336,-,,
3.544,0.5851,5,K,336,A,0.9493,5
-1.33,-1.157,7,K,336,C,-0.0674,5
-0.6364,-0.4384,2,K,336,D,-0.5011,2
1.231,0.4135,9,K,336,E,-0.01492,3
2.562,0.5528,1,K,336,F,0.8512,1
0.5553,0.241,3,K,336,G,-0.7982,1
0.4282,0.1953,4,K,336,H,0.4998,2
0.9821,0.3619,8,K,336,I,0.6321,5
0,0,,K,336,K,0,
0.4465,0.2022,6,K,336,L,-0.2779,1
1.923,0.5073,3,K,336,M,1.759,1
-0.009074,-0.004914,9,K,336,N,0.2776,6
1.498,0.4572,5,K,336,P,0.5921,3
-0.06442,-0.03566,8,K,336,Q,-0.1948,4
-0.6894,-0.4842,4,K,336,R,-0.5436,2
1.4,0.4423,4,K,336,S,0.573,2
0.7552,0.3033,5,K,336,T,0.3893,3
7.109,0.604,2,K,336,V,-3.191,1
3.084,0.5738,2,K,336,W,0.894,2
0.8142,0.3197,5,K,336,Y,0.7025,2
0.03055,0.01629,2,G,337,-,,
5.149,0.6007,4,G,337,A,0.0443,3
-2.185,-2.306,17,G,337,C,-2.25,12
1.624,0.4742,1,G,337,D,,
0.2707,0.1313,10,G,337,E,-0.104,7
-1.858,-1.847,1,G,337,F,-1.922,1
0,0,,G,337,G,0,
-1.022,-0.8064,8,G,337,H,-0.669,6
-1.129,-0.9226,11,G,337,I,-1.577,7
-0.9978,-0.7808,8,G,337,K,-0.7101,5
-1.337,-1.165,6,G,337,L,-1.272,4
0.4106,0.1886,2,G,337,M,-1.248,2
-0.5474,-0.3648,7,G,337,N,-0.3853,3
-0.645,-0.4457,4,G,337,P,-0.5045,4
0.1265,0.06499,8,G,337,Q,-0.1319,7
0.3666,0.1713,3,G,337,R,0.2493,3
0.6092,0.2589,10,G,337,S,0.3295,2
-0.485,-0.3157,7,G,337,T,-0.0275,4
-0.7144,-0.5062,10,G,337,V,0.0417,5
-1.951,-1.978,7,G,337,W,-1.985,5
-1.589,-1.484,2,G,337,Y,-1.59,1
-0.2799,-0.1685,2,P,338,-,,
-0.2734,-0.1642,8,P,338,A,-0.1341,3
-0.4625,-0.2986,1,P,338,C,,
-0.03024,-0.01651,6,P,338,D,-0.1188,6
0.2825,0.1364,3,P,338,E,-0.2944,2
-1.264,-1.078,3,P,338,F,-1.465,1
1.04,0.375,7,P,338,G,0.5811,1
-0.9018,-0.6829,9,P,338,H,-0.04845,5
-0.2711,-0.1627,6,P,338,I,0.01978,3
-1.666,-1.587,6,P,338,K,-1.718,3
-0.2911,-0.176,4,P,338,L,,
3.227,0.5779,6,P,338,M,0.6873,4
-0.3229,-0.1976,2,P,338,N,-0.2918,2
0,0,,P,338,P,0,
-0.991,-0.7736,4,P,338,Q,-0.7742,4
-1.036,-0.8215,7,P,338,R,-1.004,5
-0.6395,-0.441,2,P,338,S,-0.3885,1
-0.3514,-0.2174,8,P,338,T,0.0461,2
-0.6215,-0.4258,5,P,338,V,0.2046,2
-0.8332,-0.6161,6,P,338,W,-0.6194,5
-1.683,-1.609,1,P,338,Y,,
-1.236,-1.044,2,L,339,-,,
-1.125,-0.9183,7,L,339,A,-0.6234,3
-1.571,-1.459,3,L,339,C,-1.162,1
-4.903,-4.703,4,L,339,D,-4.708,2
2.385,0.5429,3,L,339,E,-0.2743,2
0.2031,0.1012,7,L,339,F,0.4381,3
-3.314,-3.721,5,L,339,G,-3.983,3
-0.6028,-0.4101,4,L,339,H,-0.8849,1
0.2339,0.1152,4,L,339,I,0.1703,2
-1.727,-1.668,5,L,339,K,-2.467,1
0,0,,L,339,L,0,
-0.664,-0.462,5,L,339,M,0.151,1
2.017,0.5159,1,L,339,N,0.6384,1
-4.795,-4.668,2,L,339,P,-4.881,1
-1.329,-1.155,3,L,339,Q,-1.587,1
-2.105,-2.194,3,L,339,R,-2.388,2
-0.5547,-0.3707,6,L,339,S,,
-2.283,-2.444,1,L,339,T,,
0.788,0.3126,5,L,339,V,0.3419,2
-1.207,-1.011,5,L,339,W,-1.105,2
0.8026,0.3166,6,L,339,Y,-0.3515,3
-3.939,-4.245,3,C,340,*,-4.389,2
-0.5374,-0.3568,2,C,340,-,,
-5.619,-4.866,5,C,340,A,-5,5
0,0,,C,340,C,0,
-5.402,-4.827,3,C,340,D,-5,3
-4.259,-4.438,7,C,340,E,-5,3
-5.204,-4.784,7,C,340,F,-5,1
-5.276,-4.801,6,C,340,G,-5,5
-5.28,-4.802,3,C,340,H,-5,2
-6.135,-4.931,8,C,340,I,-5,4
-5.009,-4.734,2,C,340,K,-5,1
-5.558,-4.855,6,C,340,L,-5,5
-5.002,-4.732,8,C,340,M,-5,3
-4.056,-4.321,2,C,340,N,-5,1
-4.895,-4.7,10,C,340,P,-5,7
-5.925,-4.908,17,C,340,Q,-5,11
-5.7,-4.878,8,C,340,R,-5,4
-5.837,-4.897,5,C,340,S,-5,1
-5.14,-4.769,4,C,340,T,-5,3
-5.086,-4.755,2,C,340,V,-5,1
-5.584,-4.86,7,C,340,W,-5,4
-5.538,-4.852,12,C,340,Y,-5,4
-0.05418,-0.02987,2,V,341,-,,
-0.6099,-0.416,4,V,341,A,-0.9455,1
-1.408,-1.252,1,V,341,C,-1.345,1
-5.486,-4.843,5,V,341,D,-5,3
-5.579,-4.859,6,V,341,E,-5,6
-8.638,-5.022,10,V,341,F,-5,5
-15.26,-5.031,10,V,341,G,-5,6
-5.183,-4.779,2,V,341,H,-5,2
0.9398,0.3519,7,V,341,I,-0.1036,4
-5.476,-4.841,8,V,341,K,-5,4
0.1052,0.0545,4,V,341,L,-0.5146,1
-2.189,-2.311,3,V,341,M,-2.674,1
-5.516,-4.848,6,V,341,N,-5,5
0.1872,0.09384,2,V,341,P,1.037,1
-8.797,-5.024,5,V,341,Q,-5,2
-5.626,-4.867,7,V,341,R,-5,5
-5.293,-4.805,3,V,341,S,,
-3.624,-4.007,6,V,341,T,-4.414,2
0,0,,V,341,V,0,
-5.41,-4.829,4,V,341,W,-5,3
-5.696,-4.878,8,V,341,Y,-5,5
-0.1606,-0.09231,2,D,342,-,,
-1.512,-1.383,3,D,342,A,-1.511,2
-1.737,-1.681,4,D,342,C,-1.562,3
0,0,,D,342,D,0,
0.4249,0.194,6,D,342,E,0.2273,2
1.928,0.5078,6,D,342,F,-0.1411,5
-0.182,-0.1055,12,D,342,G,-0.204,6
-0.4247,-0.2703,10,D,342,H,-0.4422,7
-0.06287,-0.03478,2,D,342,I,-0.0984,2
-0.0562,-0.03101,10,D,342,K,0.1442,3
-0.506,-0.332,4,D,342,L,-0.3699,3
0.8914,0.3399,2,D,342,M,0.4223,1
-0.3013,-0.1828,9,D,342,N,0.4304,4
2.504,0.5498,6,D,342,P,0.5737,4
1.717,0.4855,9,D,342,Q,-0.3185,7
-0.6498,-0.4497,6,D,342,R,-0.2555,3
0.2939,0.1413,13,D,342,T,0.02962,9
-1.031,-0.8157,4,D,342,V,-0.3594,1
0.128,0.0657,9,D,342,W,0.1688,5
-0.07021,-0.03895,16,D,342,Y,-2.005,3
-0.03798,-0.0208,2,T,343,-,,
-1.69,-1.618,6,T,343,A,-1.276,2
-2.73,-3.049,4,T,343,C,-3.126,2
-1.449,-1.303,6,T,343,D,-0.69,3
-0.8758,-0.6573,3,T,343,E,-0.7942,3
-2.728,-3.046,9,T,343,F,-3.12,5
0.2645,0.1286,2,T,343,G,0.0532,2
-1.869,-1.863,3,T,343,H,-3.034,2
-5.268,-4.799,10,T,343,I,-5,2
-0.6348,-0.437,4,T,343,K,-0.231,2
-4.622,-4.605,11,T,343,L,-5,6
-0.52,-0.343,4,T,343,N,0.4208,2
-2.4,-2.607,4,T,343,P,-2.466,1
1.926,0.5076,2,T,343,Q,0.1211,1
-0.8572,-0.6392,4,T,343,R,-1.173,3
-1.336,-1.163,4,T,343,S,-1.743,2
0,0,,T,343,T,0,
-1.114,-0.9053,3,T,343,V,,
-5.591,-4.861,3,T,343,W,-4.888,2
-1.994,-2.038,10,T,343,Y,-2.077,4
-0.7745,-0.5609,2,S,344,-,,
-1.746,-1.694,5,S,344,A,-1.611,3
-2.758,-3.084,7,S,344,C,-3.067,3
2.818,0.5644,5,S,344,D,0.2369,4
0.756,0.3036,4,S,344,E,-0.1914,2
-1.858,-1.848,4,S,344,F,-2.003,2
-5.202,-4.784,6,S,344,G,,
-1.814,-1.787,6,S,344,H,-0.9534,3
-1.657,-1.574,9,S,344,I,-0.6623,3
-1.683,-1.608,7,S,344,K,-1.925,3
-0.7254,-0.5161,3,S,344,L,-0.2176,3
-1.264,-1.078,2,S,344,M,,
-1.056,-0.8424,10,S,344,N,-1.26,7
-1.849,-1.835,4,S,344,P,-1.929,3
-0.2974,-0.1802,4,S,344,Q,-0.1437,4
-1.193,-0.9949,6,S,344,R,-1.471,2
0,0,,S,344,S,0,
0.00711,0.003826,7,S,344,T,0.3829,5
-1.579,-1.47,5,S,344,V,-1.567,2
-2.173,-2.29,8,S,344,W,-1.323,2
-3.222,-3.627,5,S,344,Y,-5,1
-2.886,-3.244,3,H,345,-,,
-1.555,-1.44,1,H,345,A,-1.537,1
-1.816,-1.789,2,H,345,C,-2.115,1
-0.8687,-0.6504,5,H,345,D,-1.225,3
-1.411,-1.256,5,H,345,E,-0.8815,3
-4.552,-4.576,5,H,345,F,-4.602,2
-0.8946,-0.6758,4,H,345,G,-0.807,2
0,0,,H,345,H,0,
3.477,0.5837,5,H,345,I,-0.5576,1
-0.8361,-0.6189,5,H,345,K,-0.46,3
-2.049,-2.115,4,H,345,L,-2.259,2
-1.584,-1.477,2,H,345,M,,
-4.88,-4.696,12,H,345,N,-5,4
-5.272,-4.8,9,H,345,P,-5,5
-0.511,-0.3359,6,H,345,Q,-0.187,3
-0.2518,-0.15,8,H,345,R,-0.1865,4
-0.4483,-0.2878,5,H,345,S,-0.3814,4
-1.138,-0.9329,3,H,345,T,-0.7049,2
-1.137,-0.9309,8,H,345,V,-0.9581,6
-0.8784,-0.6598,2,H,345,W,-1.136,1
-1.984,-2.023,7,H,345,Y,-2.806,3
-2.346,-2.532,2,F,346,-,,
-5.226,-4.79,4,F,346,A,-5,3
-5.16,-4.774,5,F,346,C,-5,4
-5.798,-4.892,13,F,346,D,-5,11
-3.559,-3.952,3,F,346,E,-2.416,2
0,0,,F,346,F,0,
-5.058,-4.748,7,F,346,G,-5,5
-4.95,-4.717,5,F,346,H,-5,2
-0.7199,-0.5112,2,F,346,I,-0.5724,2
-5.089,-4.756,3,F,346,K,-5,3
-1.175,-0.9737,6,F,346,L,0.6102,2
0.2583,0.1259,5,F,346,M,0.1138,4
-5.484,-4.843,7,F,346,N,-5,5
-5.153,-4.772,5,F,346,P,-5,2
-4.689,-4.63,5,F,346,Q,-5,4
-4.933,-4.712,3,F,346,R,-5,1
-5.233,-4.791,6,F,346,S,-5,2
-5.166,-4.775,3,F,346,T,-5,3
1.449,0.4499,1,F,346,V,0.4838,1
-5.278,-4.801,8,F,346,W,-5,6
2.227,0.5325,2,F,346,Y,1.702,1
-2.655,-2.951,2,T,347,-,,
-6.054,-4.923,10,T,347,A,-5,3
-4.82,-4.676,3,T,347,C,-5,1
-5.571,-4.858,7,T,347,D,-5,5
-4.898,-4.701,2,T,347,E,-5,1
-4.93,-4.711,3,T,347,F,-5,1
-3.141,-3.539,1,T,347,G,-3.628,1
-4.188,-4.399,14,T,347,H,-4.552,9
-4.755,-4.654,11,T,347,I,-5,8
-5.437,-4.834,8,T,347,K,-5,3
-4.959,-4.72,4,T,347,L,-5,2
-4.874,-4.694,11,T,347,M,-5,7
-3.708,-4.075,4,T,347,N,-3.343,2
-6.775,-4.978,4,T,347,P,-5,3
-3.519,-3.916,11,T,347,Q,-3.406,5
-0.345,-0.2129,2,T,347,S,-0.1167,1
0,0,,T,347,T,0,
-5.104,-4.76,9,T,347,V,-5,6
-5.568,-4.857,4,T,347,W,-5,3
-5.218,-4.788,4,T,347,Y,-5,2
-0.8279,-0.611,1,T,348,-,,
1.079,0.3833,7,T,348,A,0.6386,4
-0.8081,-0.5922,5,T,348,C,-1.27,4
-5.497,-4.845,9,T,348,D,-5,6
-5.494,-4.844,5,T,348,E,-5,3
-4.997,-4.731,3,T,348,F,-5,1
-2.734,-3.053,3,T,348,G,,
-3.566,-3.958,1,T,348,H,,
-1.811,-1.783,13,T,348,I,-1.538,5
-5.344,-4.815,4,T,348,K,-5,3
-1.088,-0.8772,3,T,348,L,-1.027,3
-1.16,-0.9567,8,T,348,M,-1.001,3
-1.633,-1.542,8,T,348,N,-1.194,4
-5.503,-4.846,7,T,348,P,-5,3
-5.52,-4.849,6,T,348,Q,-5,4
-5.232,-4.791,2,T,348,R,-5,2
-0.1636,-0.09412,3,T,348,S,-0.172,1
0,0,,T,348,T,0,
0.6659,0.2769,8,T,348,V,0.3016,6
-5.029,-4.74,7,T,348,W,-5,5
-5.333,-4.813,7,T,348,Y,-5,3
-3.475,-3.877,2,K,349,*,,
-0.2159,-0.1268,1,K,349,-,,
-0.7309,-0.5211,8,K,349,A,-0.395,5
-0.06055,-0.03346,1,K,349,C,,
0.5737,0.2472,4,K,349,D,0.4408,2
0.5219,0.2295,6,K,349,E,0.3662,4
-0.9436,-0.725,8,K,349,F,-0.7331,6
-2.739,-3.06,3,K,349,G,,
0.2863,0.1381,5,K,349,H,0.6829,2
-0.3272,-0.2006,5,K,349,I,0.3061,3
0,0,,K,349,K,0,
1.632,0.4752,3,K,349,L,0.5907,2
-0.399,-0.2515,6,K,349,M,-0.6021,3
0.3706,0.1729,16,K,349,N,0.3297,3
-4.679,-4.626,8,K,349,P,-5,5
0.2127,0.1056,5,K,349,Q,,
-2.602,-2.881,1,K,349,R,-3.279,1
2.276,0.5359,2,K,349,S,,
2.487,0.5488,4,K,349,T,0.829,4
0.431,0.1964,11,K,349,V,-0.1111,7
-0.5139,-0.3382,6,K,349,W,0.0359,4
-0.9467,-0.7281,8,K,349,Y,-0.4076,5
0.04409,0.02339,1,F,350,-,,
-4.206,-4.409,3,F,350,C,-4.5,2
-4.993,-4.729,1,F,350,D,-5,1
-5.318,-4.81,3,F,350,E,-5,2
0,0,,F,350,F,0,
-0.3583,-0.2223,1,F,350,G,,
-4.925,-4.709,3,F,350,H,-5,1
2.215,0.5316,4,F,350,I,1.275,2
-5.022,-4.738,5,F,350,K,-5,3
-0.3365,-0.207,12,F,350,L,-0.956,2
1.479,0.4543,4,F,350,M,,
-7.108,-4.993,6,F,350,N,-5,2
-5.393,-4.825,4,F,350,P,-5,3
-2.774,-3.104,3,F,350,Q,-2.572,1
-4.938,-4.714,3,F,350,R,-5,1
-4.47,-4.541,9,F,350,S,-5,5
-1.97,-2.004,3,F,350,T,-1.083,1
-0.5345,-0.3545,6,F,350,V,-0.2108,4
1.233,0.4139,2,F,350,W,0.5206,1
-0.6839,-0.4793,4,F,350,Y,-0.2773,2
-0.4727,-0.3063,1,V,351,-,,
-0.7488,-0.5373,5,V,351,A,-0.9226,3
0.5298,0.2322,2,V,351,C,0.145,1
-0.7294,-0.5197,7,V,351,D,0.3571,4
0.123,0.06326,4,V,351,E,0.1265,2
-1.461,-1.318,1,V,351,F,-1.137,1
-1.384,-1.222,2,V,351,G,-1.311,1
2.958,0.5696,3,V,351,H,0.3829,1
-0.2877,-0.1737,3,V,351,I,0.0474,2
-0.9152,-0.6963,6,V,351,K,-1.001,4
-0.3394,-0.2091,10,V,351,L,0.035,2
3.892,0.5908,13,V,351,M,-0.07418,3
0.4996,0.2216,3,V,351,N,0.1393,3
-5.696,-4.878,10,V,351,P,-5,6
0.3226,0.1534,5,V,351,Q,0.243,2
-0.3589,-0.2227,3,V,351,R,-0.4639,3
0.5426,0.2366,4,V,351,S,0.2607,3
0.2094,0.1041,4,V,351,T,0.1212,4
0,0,,V,351,V,0,
-1.035,-0.8202,9,V,351,W,-0.3761,6
0.1137,0.0587,2,V,351,Y,-0.5405,2
-5.79,-4.891,11,G,352,*,-5,2
0.1164,0.06001,1,G,352,-,,
0.2265,0.1118,3,G,352,A,,
-1.775,-1.734,6,G,352,C,-1.679,3
-0.8095,-0.5935,12,G,352,D,-1.108,5
-1.125,-0.918,17,G,352,E,0.4714,5
0.3518,0.1653,4,G,352,F,0.04285,2
0,0,,G,352,G,0,
2.412,0.5446,4,G,352,H,0.7065,3
-1.26,-1.072,9,G,352,I,-1.158,8
-1.377,-1.213,4,G,352,K,-0.9285,2
-1.166,-0.9644,3,G,352,L,-0.9774,3
-0.8003,-0.5849,2,G,352,M,-0.6578,1
0.2492,0.1219,6,G,352,N,0.2913,2
-0.01847,-0.01004,5,G,352,P,-0.4708,3
-0.8376,-0.6203,3,G,352,Q,-0.3503,1
-1.579,-1.47,14,G,352,R,-1.355,6
-1.156,-0.9522,6,G,352,S,-0.8273,3
0.5693,0.2457,6,G,352,T,-0.347,2
-0.7437,-0.5326,17,G,352,V,0.7584,1
0.01566,0.008402,4,G,352,W,-0.2691,3
-1.065,-0.8517,3,G,352,Y,-0.3668,2
-0.6812,-0.4769,1,A,355,-,,
0,0,,A,355,A,0,
-0.4727,-0.3063,7,A,355,C,-0.2908,6
-2.504,-2.749,4,A,355,D,-3.008,1
0.3574,0.1676,5,A,355,E,-0.04872,3
-0.9326,-0.7137,4,A,355,F,-0.811,1
-1.267,-1.08,2,A,355,G,-1.136,1
-1.893,-1.897,5,A,355,H,-1.377,1
0.1612,0.08166,2,A,355,I,-0.08596,1
-0.6038,-0.4109,5,A,355,K,-0.2282,3
-0.6751,-0.4716,9,A,355,L,-0.6332,8
1.283,0.4229,3,A,355,M,1.125,1
0.283,0.1366,12,A,355,N,0.3353,7
-0.315,-0.1922,6,A,355,P,0.06088,5
0.9203,0.3471,5,A,355,Q,0.9964,4
-0.6964,-0.4903,11,A,355,R,-0.9062,7
0.3938,0.1821,7,A,355,S,-0.3644,3
-0.4243,-0.27,5,A,355,T,-0.2217,3
-0.2099,-0.1229,6,A,355,V,-0.237,2
-0.4209,-0.2675,5,A,355,W,0.4114,2
0.3154,0.1504,8,A,355,Y,0.2947,4
-0.214,-0.1256,4,N,356,A,-0.4073,3
-0.301,-0.1827,8,N,356,C,-0.03937,7
-0.5054,-0.3316,6,N,356,D,0.4325,2
2.893,0.5673,6,N,356,E,0.373,4
-1.413,-1.258,4,N,356,F,-1.337,3
-0.6234,-0.4273,5,N,356,G,-0.3839,3
0.8297,0.3239,7,N,356,H,0.1702,3
-0.314,-0.1915,7,N,356,I,-0.2963,5
-0.3073,-0.187,9,N,356,K,0.03089,5
0.007434,0.004001,9,N,356,L,0.5809,6
0.5139,0.2266,9,N,356,M,0.5023,5
0,0,,N,356,N,0,
-1.14,-0.9341,4,N,356,P,-1.074,2
2.392,0.5434,5,N,356,Q,0.7486,5
-0.4411,-0.2824,9,N,356,R,-0.5938,3
1.878,0.503,4,N,356,S,,
-0.01733,-0.009415,6,N,356,T,-0.01779,1
1.502,0.4577,4,N,356,V,0.8894,3
1.151,0.3983,1,N,356,W,0.3676,1
-0.7041,-0.4971,3,N,356,Y,0.2771,1
-0.8775,-0.6589,10,F,357,A,-2.895,5
-1.913,-1.924,2,F,357,C,-2.005,1
-0.3745,-0.2338,4,F,357,D,0.1957,2
1.588,0.4695,2,F,357,E,0.4347,2
0,0,,F,357,F,0,
-1.237,-1.046,1,F,357,G,,
-0.2374,-0.1406,7,F,357,H,0.209,4
1.01,0.3683,6,F,357,I,0.2314,5
0.7386,0.2986,7,F,357,K,0.1353,3
0.5373,0.2348,7,F,357,L,0.1404,5
-2.524,-2.776,2,F,357,M,,
0.1652,0.08353,5,F,357,N,,
-0.8161,-0.5998,1,F,357,P,-0.6939,1
-0.5781,-0.3897,2,F,357,Q,-0.4359,2
-0.5983,-0.4063,3,F,357,R,-0.4958,1
-0.126,-0.07146,5,F,357,S,0.1752,2
1.443,0.449,1,F,357,T,,
-0.7278,-0.5183,5,F,357,V,0.2449,2
1.362,0.4362,2,F,357,W,0.5412,1
0.6676,0.2774,5,F,357,Y,0.6726,1
1.383,0.4397,7,G,358,A,0.3966,4
-1.642,-1.554,16,G,358,C,-1.065,5
1.734,0.4875,7,G,358,D,-0.2944,1
0.6615,0.2755,9,G,358,E,-0.7228,7
-1.05,-0.8356,2,G,358,F,,
0,0,,G,358,G,0,
0.4419,0.2005,9,G,358,H,0.499,6
-0.4231,-0.269,5,G,358,I,-0.5215,4
-1.284,-1.101,3,G,358,K,-1.197,1
-1.622,-1.527,2,G,358,L,-1.625,2
0.3247,0.1542,2,G,358,M,-0.4852,1
2.785,0.5631,3,G,358,N,0.6316,3
0.2014,0.1004,4,G,358,P,0.455,3
1.151,0.3983,3,G,358,Q,0.3895,3
-0.4569,-0.2943,6,G,358,R,-0.4141,4
-0.805,-0.5893,7,G,358,S,-0.1647,2
1.423,0.446,4,G,358,T,0.9868,1
-1.227,-1.034,13,G,358,V,-0.8858,2
-0.8028,-0.5872,7,G,358,W,-0.442,6
-0.9412,-0.7225,2,G,358,Y,-0.007186,1
-3.192,-3.595,3,R,359,A,-3.576,2
-4.892,-4.7,10,R,359,C,-5,7
-5.618,-4.865,5,R,359,D,-5,4
-5.273,-4.8,2,R,359,E,-5,2
-5.363,-4.819,3,R,359,F,-5,3
-5.579,-4.859,5,R,359,G,-5,3
-3.651,-4.03,11,R,359,H,-4.367,7
-6.553,-4.965,9,R,359,I,-5,2
-1.275,-1.09,4,R,359,K,-1.304,4
-5.149,-4.771,3,R,359,L,-5,2
-4.993,-4.73,3,R,359,M,-5,1
-4.564,-4.581,8,R,359,N,-5,6
-4.939,-4.714,7,R,359,P,-5,1
-4.961,-4.72,6,R,359,Q,-5,4
0,0,,R,359,R,0,
-5.277,-4.801,5,R,359,S,-5,3
-5.132,-4.767,2,R,359,T,-5,1
-5.196,-4.783,5,R,359,V,-5,2
-5.384,-4.823,3,R,359,W,-5,3
-5.069,-4.751,3,R,359,Y,-5,2
-6.964,-4.987,15,W,360,*,,
-4.59,-4.592,8,W,360,A,-5,5
-5.886,-4.903,15,W,360,C,-5,6
-4.236,-4.426,1,W,360,D,,
-12.41,-5.031,4,W,360,E,-4.665,2
-1.596,-1.493,2,W,360,F,,
-4.436,-4.525,5,W,360,G,-5,4
-1.577,-1.469,3,W,360,H,-0.8745,1
-3.871,-4.198,3,W,360,I,-3.876,1
-4.577,-4.587,3,W,360,K,,
-3.436,-3.84,6,W,360,L,-3.872,1
-4.017,-4.297,6,W,360,M,-4.43,5
-4.991,-4.729,2,W,360,N,-5,1
-5.438,-4.834,3,W,360,P,-5,2
-4.999,-4.731,1,W,360,Q,-5,1
-5.646,-4.87,9,W,360,R,-5,3
-6.233,-4.94,6,W,360,S,-4.708,2
-6.208,-4.938,6,W,360,T,-4.632,3
-2.316,-2.49,2,W,360,V,-2.332,1
0,0,,W,360,W,0,
-1.603,-1.502,1,W,360,Y,,
-2.328,-2.507,1,S,361,-,,
0.9084,0.3442,2,S,361,A,0.03854,1
-0.952,-0.7335,6,S,361,C,-1.076,5
-0.3304,-0.2028,4,S,361,D,-0.4167,2
0.3722,0.1735,2,S,361,E,0.1238,2
-0.06812,-0.03776,4,S,361,F,-0.4816,2
1.548,0.4642,10,S,361,G,0.2444,6
-0.4062,-0.2567,15,S,361,H,-0.2642,6
0.8012,0.3162,9,S,361,I,-0.781,3
0.7765,0.3094,5,S,361,K,0.6686,3
-0.2045,-0.1195,14,S,361,L,-0.1873,8
0.3911,0.181,4,S,361,M,0.1755,1
-1.388,-1.227,6,S,361,N,-1.309,1
-0.2792,-0.168,7,S,361,Q,-0.219,3
0.1039,0.05382,10,S,361,R,-0.1428,4
0,0,,S,361,S,0,
0.6913,0.2846,5,S,361,T,-1.511,1
0.1952,0.09756,5,S,361,V,-0.00422,2
-0.451,-0.2898,2,S,361,W,-0.4846,1
-0.2702,-0.1621,7,S,361,Y,-0.07755,6
-4.887,-4.698,2,A,362,-,,
0,0,,A,362,A,0,
-0.6466,-0.4471,12,A,362,C,-0.7938,6
-5.427,-4.832,10,A,362,D,-5,5
-5.623,-4.866,4,A,362,E,-5,3
-1.839,-1.821,7,A,362,F,-1.835,5
-1.346,-1.175,6,A,362,G,-1.051,2
-2.842,-3.19,3,A,362,H,-3.392,3
-0.9009,-0.682,4,A,362,I,-0.5599,2
-4.195,-4.403,5,A,362,K,-5,3
-1.026,-0.81,3,A,362,L,-0.8674,2
-1.014,-0.7982,10,A,362,M,-0.9454,7
-2.143,-2.247,4,A,362,N,-1.713,2
-0.03016,-0.01647,5,A,362,P,-1.485,3
-3.515,-3.913,3,A,362,Q,-3.148,2
-5.715,-4.88,9,A,362,R,-5,9
-0.2632,-0.1574,10,A,362,S,,
-0.5445,-0.3625,5,A,362,T,,
-1.585,-1.478,3,A,362,V,-2.353,1
-2.269,-2.424,6,A,362,W,-2.335,4
-2.351,-2.539,1,A,362,Y,-2.605,1
0.376,0.175,3,S,363,A,0.1033,1
-2.506,-2.752,2,S,363,C,-2.896,1
-0.4709,-0.305,2,S,363,D,-0.4167,1
1.312,0.4279,5,S,363,E,0.5354,3
-0.9995,-0.7825,7,S,363,F,0.1073,3
0.1707,0.08615,5,S,363,G,,
-0.4589,-0.2958,2,S,363,H,-0.3906,2
-0.9053,-0.6864,13,S,363,I,0.0996,2
-0.09676,-0.05424,4,S,363,K,-0.1662,2
-0.9113,-0.6924,1,S,363,L,-0.7948,1
-1.593,-1.489,3,S,363,M,-1.579,2
0.4064,0.1869,7,S,363,N,-0.03,3
-5.402,-4.827,4,S,363,P,-5,2
0.6591,0.2748,2,S,363,Q,0.2786,1
-0.7873,-0.5728,3,S,363,R,-0.8347,1
0,0,,S,363,S,0,
-0.5838,-0.3943,4,S,363,T,-0.2946,2
1.027,0.3721,4,S,363,V,-0.1103,3
0.03263,0.01739,6,S,363,W,-0.2068,3
0.2142,0.1063,6,S,363,Y,0.0662,4
-0.9204,-0.7015,2,I,364,-,,
-3.854,-4.186,4,I,364,A,-4.115,1
-2.817,-3.159,6,I,364,C,-3.235,4
-5.321,-4.81,4,I,364,D,-5,2
-5.22,-4.788,4,I,364,E,-5,2
-4.477,-4.544,5,I,364,F,-5,4
-5.606,-4.863,8,I,364,G,-5,8
-5.46,-4.838,5,I,364,H,-5,4
0,0,,I,364,I,0,
-5.44,-4.834,5,I,364,K,-5,4
4.606,0.5978,3,I,364,L,0.663,2
-1.416,-1.262,6,I,364,M,-0.9394,2
-5.884,-4.903,5,I,364,N,-5,2
-5.393,-4.825,3,I,364,P,-5,2
-3.151,-3.55,1,I,364,Q,,
-5.496,-4.845,5,I,364,R,-5,2
-5.252,-4.795,4,I,364,S,-5,1
-2.351,-2.539,11,I,364,T,-2.468,4
-0.1133,-0.0639,6,I,364,V,-0.2715,5
-3.896,-4.215,4,I,364,W,-4.662,3
-5.341,-4.815,7,I,364,Y,-5,3
0.07543,0.03952,2,N,365,-,,
1.033,0.3733,7,N,365,A,,
-0.306,-0.1861,3,N,365,C,-0.1066,2
-1.584,-1.477,5,N,365,D,-1.675,1
-0.08353,-0.04659,8,N,365,E,1.024,4
-0.1076,-0.06056,2,N,365,F,-0.1399,2
0.1013,0.05252,12,N,365,G,0.3168,5
0.4846,0.2162,2,N,365,H,0.4341,1
-1.555,-1.439,2,N,365,I,,
2.104,0.5232,8,N,365,K,-0.00935,2
-1.504,-1.373,1,N,365,L,,
-0.5402,-0.359,3,N,365,M,-0.5082,2
0,0,,N,365,N,0,
-2.39,-2.593,7,N,365,P,-1.803,1
-0.121,-0.0685,4,N,365,Q,,
-1.138,-0.932,4,N,365,R,-0.3772,2
0.3573,0.1675,6,N,365,S,0.8067,2
0.3171,0.1511,5,N,365,T,0.3081,3
1.515,0.4595,9,N,365,V,-0.0159,4
-0.7956,-0.5804,1,N,365,W,-0.6429,1
-0.395,-0.2485,2,T,366,-,,
-1.688,-1.616,3,T,366,A,-2.001,2
-0.6931,-0.4874,5,T,366,C,-0.7072,3
-4.468,-4.54,5,T,366,D,-5,3
-5.249,-4.795,3,T,366,E,-5,2
-3.098,-3.492,5,T,366,F,-3.828,5
-0.1116,-0.06292,3,T,366,G,-0.2749,3
-2.84,-3.188,5,T,366,H,-3.322,2
-2.894,-3.254,15,T,366,I,-2.809,7
-5.097,-4.758,8,T,366,K,-5,4
-4.48,-4.545,2,T,366,L,-5,1
0.6814,0.2816,3,T,366,M,0.2794,2
-1.081,-0.8691,6,T,366,N,-1.083,2
-2.338,-2.52,2,T,366,P,-3.308,2
-2.246,-2.392,3,T,366,Q,-2.75,1
-4.214,-4.413,3,T,366,R,-3.953,1
-0.3866,-0.2425,6,T,366,S,-0.06046,4
0,0,,T,366,T,0,
-2.825,-3.168,6,T,366,V,-2.341,2
-4.819,-4.676,9,T,366,W,-5,4
-3.349,-3.756,1,T,366,Y,-3.886,1
-0.2312,-0.1366,2,G,367,-,,
-2.915,-3.279,9,G,367,A,-2.878,4
-6.222,-4.939,12,G,367,C,-5,3
-4.522,-4.563,12,G,367,D,-5,3
-2.189,-2.312,4,G,367,E,,
-4.077,-4.334,5,G,367,F,-4.644,3
0,0,,G,367,G,0,
-3.689,-4.06,3,G,367,H,-4.235,3
-5.342,-4.815,4,G,367,I,-5,3
-3.655,-4.033,6,G,367,K,-3.958,4
-3.252,-3.658,4,G,367,L,-3.742,4
-5.353,-4.817,6,G,367,M,-5,3
-2.314,-2.488,5,G,367,N,-2.563,4
-5.252,-4.795,4,G,367,P,-5,2
-1.139,-0.9338,1,G,367,Q,,
-5.339,-4.814,7,G,367,R,-5,4
-5.431,-4.833,8,G,367,S,-5,4
-5.486,-4.843,7,G,367,T,-5,2
-4.867,-4.692,8,G,367,V,-5,4
-5.208,-4.785,1,G,367,W,,
-4.75,-4.652,6,G,367,Y,-4.78,3
-0.3319,-0.2038,2,N,368,-,,
1.819,0.4968,7,N,368,A,0.07992,4
-2.537,-2.793,1,N,368,C,,
1,0.366,7,N,368,D,0.5001,3
0.5958,0.2545,3,N,368,E,-0.5091,2
-0.7712,-0.5578,7,N,368,G,0.6436,5
-0.8458,-0.6282,11,N,368,H,-0.7655,5
-1.219,-1.025,2,N,368,I,-1.089,1
-0.6442,-0.445,6,N,368,K,-0.0035,2
-1.87,-1.864,1,N,368,L,,
-0.3071,-0.1868,3,N,368,M,0.3094,2
0,0,,N,368,N,0,
-1.199,-1.002,7,N,368,P,-1.102,3
0.2079,0.1034,12,N,368,Q,0.6932,5
-0.2705,-0.1623,3,N,368,R,0.8267,1
-0.09046,-0.05058,6,N,368,S,1.253,3
0.1246,0.06401,5,N,368,T,0.5082,2
0.1572,0.07976,6,N,368,V,0.3401,2
-2.402,-2.609,2,N,368,W,-2.136,1
-0.7325,-0.5225,5,N,368,Y,,
-4.424,-4.52,2,C,369,*,,
0.0178,0.009542,2,C,369,-,,
-5.918,-4.907,5,C,369,A,-5,3
0,0,,C,369,C,0,
-6.254,-4.942,4,C,369,D,-5,2
-6.632,-4.97,9,C,369,E,-4.772,2
-7.543,-5.006,16,C,369,F,-5,7
-5.2,-4.784,3,C,369,G,-5,2
-5.338,-4.814,4,C,369,H,-5,3
-5.579,-4.859,8,C,369,I,-5,5
-5.595,-4.862,10,C,369,K,-5,7
-5.227,-4.79,4,C,369,L,-5,2
-5.753,-4.886,3,C,369,M,,
-6.232,-4.94,7,C,369,N,-5,3
-4.917,-4.707,3,C,369,P,-5,1
-4.951,-4.717,4,C,369,Q,-5,2
-4.978,-4.725,3,C,369,R,-5,2
-5.581,-4.859,4,C,369,S,-5,2
-5.593,-4.861,10,C,369,T,-5,5
-6.809,-4.979,12,C,369,V,-5,9
-5.605,-4.863,6,C,369,W,-5,5
-5.365,-4.82,6,C,369,Y,-5,2
-0.1954,-0.1139,2,P,370,-,,
-0.2535,-0.151,4,P,370,A,-0.41,2
-4.306,-4.462,3,P,370,C,,
-1.072,-0.8598,9,P,370,D,-0.9103,5
-0.3146,-0.1919,6,P,370,E,-0.2519,4
-2.02,-2.075,4,P,370,F,-1.488,2
-0.7293,-0.5196,2,P,370,G,-1.196,2
-0.9563,-0.7378,15,P,370,H,-0.7456,2
-1.422,-1.27,11,P,370,I,-1.525,7
-1.511,-1.383,11,P,370,K,-1.18,5
-1.355,-1.186,8,P,370,L,0.6017,2
-0.6861,-0.4812,4,P,370,M,0.1702,2
-2.809,-3.149,4,P,370,N,-3.794,3
0,0,,P,370,P,0,
-0.4156,-0.2636,7,P,370,Q,-0.06479,7
-0.8904,-0.6717,4,P,370,R,-0.3598,3
-2.197,-2.323,5,P,370,S,-2.833,1
-1.904,-1.912,13,P,370,T,-1.823,4
-1.387,-1.225,5,P,370,V,-1.066,3
-2.235,-2.377,1,P,370,W,-2.367,1
-2.137,-2.239,4,P,370,Y,-2.048,1
-0.2088,-0.1223,2,F,371,-,,
-5.238,-4.792,4,F,371,A,-5,2
-5.084,-4.754,8,F,371,C,-4.546,2
-5.43,-4.832,5,F,371,D,-5,4
-5.24,-4.793,4,F,371,E,-5,2
0,0,,F,371,F,0,
-5.253,-4.796,4,F,371,G,-5,2
-5.183,-4.779,4,F,371,H,-5,2
-2.018,-2.071,8,F,371,I,-2.133,7
-5.437,-4.834,4,F,371,K,-5,4
-3.757,-4.114,5,F,371,L,-4.645,3
-1.32,-1.144,9,F,371,M,-1.563,5
-5.524,-4.85,8,F,371,N,-5,5
-10.58,-5.03,1,F,371,P,-5,1
-4.461,-4.537,3,F,371,Q,,
-6.903,-4.984,14,F,371,R,-5,8
-5.851,-4.899,3,F,371,S,-5,1
-0.7442,-0.5331,2,F,371,T,,
-1.568,-1.456,5,F,371,V,-1.243,4
-5.038,-4.742,4,F,371,W,-4.973,1
-2.009,-2.059,6,F,371,Y,-1.757,3
-0.7198,-0.5111,2,S,372,-,,
0.06229,0.03281,7,S,372,A,-0.6892,6
-1.814,-1.787,12,S,372,C,-1.677,8
-3.867,-4.195,4,S,372,D,,
-2.205,-2.335,5,S,372,E,-1.998,5
-5.329,-4.812,6,S,372,F,-5,3
-2.415,-2.628,14,S,372,G,-2.752,5
-2.523,-2.776,4,S,372,H,-2.965,1
-5.441,-4.835,10,S,372,I,-5,2
-3.828,-4.167,1,S,372,K,,
-1.957,-1.986,5,S,372,L,-2.404,5
-1.764,-1.718,10,S,372,M,-1.804,6
-1.031,-0.8155,9,S,372,N,-0.322,2
-2.174,-2.291,9,S,372,P,-2.083,6
-3.896,-4.215,8,S,372,R,-3.688,2
0,0,,S,372,S,0,
1.083,0.3842,7,S,372,T,0.2331,4
-2.094,-2.178,7,S,372,V,-2.274,5
-4.494,-4.551,4,S,372,W,-5,4
-5.207,-4.785,4,S,372,Y,-5,2
-0.004107,-0.00222,2,F,373,-,,
-4.901,-4.702,4,F,373,A,-5,1
-5.336,-4.814,3,F,373,C,-5,3
-5.437,-4.834,3,F,373,D,-5,2
-5.596,-4.862,3,F,373,E,-5,3
0,0,,F,373,F,0,
-5.386,-4.824,3,F,373,G,-5,3
-5.207,-4.785,2,F,373,H,-5,1
-5.193,-4.782,9,F,373,I,-5,3
-5.538,-4.852,5,F,373,K,-5,4
-1.431,-1.281,11,F,373,L,-1.295,4
-1.492,-1.357,2,F,373,M,-0.1819,1
-4.189,-4.399,5,F,373,N,-5,3
-5.245,-4.794,4,F,373,P,-5,2
-5.135,-4.768,5,F,373,Q,-5,2
-5.251,-4.795,2,F,373,R,-5,2
-5.12,-4.764,6,F,373,S,-5,1
-5.21,-4.786,2,F,373,T,-5,2
-5.357,-4.818,4,F,373,V,-5,2
0.6877,0.2835,4,F,373,W,0.7599,3
5.034,0.6002,4,F,373,Y,-0.4381,1
-0.5865,-0.3966,2,G,374,-,,
0.2987,0.1433,9,G,374,A,-0.5619,7
-0.6837,-0.4791,22,G,374,C,-0.3023,6
1.021,0.3707,5,G,374,D,-0.1177,1
-1.04,-0.8252,3,G,374,E,-0.8306,3
-0.6605,-0.459,3,G,374,F,-0.5023,2
0,0,,G,374,G,0,
-1.986,-2.026,5,G,374,H,-1.81,2
-0.2243,-0.1322,10,G,374,I,0.2153,4
1.568,0.4668,8,G,374,L,1.163,4
-0.3933,-0.2473,5,G,374,M,-0.1846,2
0.5451,0.2375,1,G,374,N,0.1484,1
0.6624,0.2758,7,G,374,P,0.3536,5
0.9666,0.3582,9,G,374,Q,0.5102,6
-0.05567,-0.03071,8,G,374,R,0.5074,3
-0.4499,-0.289,10,G,374,S,-0.177,3
0.3088,0.1476,8,G,374,T,0.1302,6
-0.9547,-0.7362,10,G,374,V,-0.3156,6
-1.821,-1.797,4,G,374,W,-1.888,2
-0.3091,-0.1882,3,G,374,Y,-0.8791,2
0.1351,0.06913,3,K,375,-,,
-5.449,-4.836,5,K,375,A,-5,4
-4.887,-4.698,6,K,375,C,-5,3
-5.234,-4.791,10,K,375,D,-5,8
-4.664,-4.621,8,K,375,E,-5,5
-5.561,-4.856,11,K,375,F,-5,6
-1.877,-1.875,4,K,375,G,-2.135,2
-1.809,-1.78,1,K,375,H,-1.891,1
-5.386,-4.824,5,K,375,I,-5,3
0,0,,K,375,K,0,
-0.7493,-0.5378,3,K,375,L,-0.5825,2
-2.867,-3.221,4,K,375,M,-2.844,3
-5.573,-4.858,14,K,375,N,-4.931,4
-2.563,-2.829,5,K,375,P,-3.369,3
-1.557,-1.442,1,K,375,Q,,
1.083,0.3842,6,K,375,R,0.165,1
-4.057,-4.321,7,K,375,T,-4.496,3
-4.846,-4.685,5,K,375,V,-5,3
-4.92,-4.708,7,K,375,W,-5,3
-5.239,-4.792,3,K,375,Y,-5,2
-0.7855,-0.5711,4,V,376,-,,
0.7509,0.3021,7,V,376,A,-0.02873,3
-0.6946,-0.4887,7,V,376,C,0.2666,2
-5.37,-4.821,3,V,376,D,-5,3
-5.647,-4.87,9,V,376,E,-5,7
-1.843,-1.828,5,V,376,F,-1.898,5
-4.156,-4.381,6,V,376,G,-4.838,1
-5.014,-4.736,1,V,376,H,-5,1
-0.1188,-0.06716,5,V,376,I,-0.628,4
-2.192,-2.317,2,V,376,K,,
0.4914,0.2187,7,V,376,L,-1.883,1
0.5196,0.2287,4,V,376,M,1.39,1
-4.406,-4.511,5,V,376,N,-5,3
-5.613,-4.865,8,V,376,P,-5,4
-1.431,-1.281,2,V,376,Q,-1.383,1
-3.761,-4.117,7,V,376,R,-5,1
-0.8776,-0.659,4,V,376,S,-0.9794,3
-2.624,-2.91,1,V,376,T,,
0,0,,V,376,V,0,
-5.376,-4.822,5,V,376,W,-5,4
-4.92,-4.708,5,V,376,Y,-5,1
-0.04094,-0.02246,3,N,377,-,,
-0.7237,-0.5146,8,N,377,A,-0.5741,6
-2.322,-2.498,2,N,377,C,-1.901,1
-2.907,-3.269,9,N,377,D,-3.364,5
-1.89,-1.892,5,N,377,E,-1.434,3
-5.514,-4.848,6,N,377,F,-5,4
-0.659,-0.4577,10,N,377,G,-0.462,6
-2.625,-2.911,6,N,377,H,-2.822,4
0.4863,0.2168,3,N,377,I,0.397,1
-0.6232,-0.4271,9,N,377,K,-0.8068,3
-2.671,-2.972,5,N,377,L,-2.399,4
-6.22,-4.939,7,N,377,M,-4.964,4
0,0,,N,377,N,0,
-3.711,-4.078,5,N,377,P,-4.215,4
-0.6992,-0.4928,7,N,377,Q,-0.6513,3
-1.395,-1.236,7,N,377,R,-1.181,5
-0.2049,-0.1198,8,N,377,S,0.1688,4
-0.4921,-0.3212,3,N,377,T,0.9146,2
-0.726,-0.5167,4,N,377,V,-0.7436,2
-5.481,-4.842,4,N,377,W,-5,4
-5.474,-4.841,4,N,377,Y,-5,3
0.4322,0.1968,1,N,378,-,,
-2.486,-2.724,5,N,378,A,-2.884,4
-4.838,-4.682,4,N,378,C,-4.827,2
-3.269,-3.676,3,N,378,D,,
-6.469,-4.959,4,N,378,E,,
-1.623,-1.529,2,N,378,F,-1.616,2
-2.594,-2.87,9,N,378,H,-2.87,7
-4.246,-4.431,5,N,378,I,-4.466,2
-5.501,-4.846,9,N,378,K,-5,3
-5.117,-4.763,4,N,378,L,-5,3
-2.774,-3.104,5,N,378,M,-3.158,5
0,0,,N,378,N,0,
-5.416,-4.83,3,N,378,P,-5,3
-4.04,-4.311,3,N,378,Q,,
-4.095,-4.345,4,N,378,R,-4.452,2
-2.356,-2.545,5,N,378,S,-2.527,2
-1.972,-2.007,7,N,378,T,-1.927,5
-4.384,-4.501,8,N,378,V,-4.811,7
-0.9014,-0.6826,7,N,378,W,-0.5693,3
-2.776,-3.107,8,N,378,Y,-2.98,3
-0.0003799,-0.0002049,1,F,379,-,,
-2.299,-2.466,5,F,379,A,-2.566,4
-3.662,-4.039,6,F,379,C,-4.163,4
-5.467,-4.839,7,F,379,D,-5,2
-4.965,-4.721,1,F,379,E,-5,1
0,0,,F,379,F,0,
-2.075,-2.151,1,F,379,G,,
-0.138,-0.07863,7,F,379,H,-0.00353,3
-3.313,-3.72,5,F,379,I,-3.214,2
-5.134,-4.767,5,F,379,K,-5,2
-1.387,-1.226,14,F,379,L,-1.498,6
0.3948,0.1824,8,F,379,M,-0.2821,4
-2.616,-2.9,6,F,379,N,-2.472,5
-5.415,-4.83,3,F,379,P,-5,2
-4.897,-4.701,1,F,379,Q,-5,1
-1.935,-1.955,2,F,379,R,-2.019,2
-6.218,-4.939,10,F,379,S,-5,3
-5.421,-4.831,4,F,379,T,-5,3
-1.238,-1.047,2,F,379,V,-0.595,1
0.9572,0.356,3,F,379,W,0.9367,1
5.617,0.6021,4,F,379,Y,0.9655,2
-5.621,-4.866,2,V,380,-,,
-1.48,-1.342,5,V,380,A,,
-1.088,-0.8768,4,V,380,C,-0.8957,2
-10.39,-5.029,2,V,380,D,-5,1
-4.882,-4.696,9,V,380,E,-5,6
-6.007,-4.918,4,V,380,F,-5,3
-1.745,-1.693,8,V,380,G,-1.327,4
-2.568,-2.835,4,V,380,H,-3.16,2
-0.8455,-0.6278,2,V,380,I,-0.8735,1
-7.041,-4.99,4,V,380,K,-4.962,2
-0.4367,-0.2792,8,V,380,L,0.1406,1
-4.707,-4.637,4,V,380,M,-4.504,2
-1.309,-1.131,2,V,380,N,-1.456,1
-4.495,-4.552,3,V,380,P,-4.628,3
-0.4155,-0.2634,3,V,380,Q,-0.1877,3
-4.407,-4.512,4,V,380,R,-5,3
-2.89,-3.249,4,V,380,S,-3.716,3
-4.883,-4.697,2,V,380,T,-5,1
0,0,,V,380,V,0,
-1.776,-1.735,4,V,380,W,-1.442,2
-2.973,-3.348,9,V,380,Y,-3.421,6
0.1031,0.05343,1,K,381,-,,
-1.22,-1.026,8,K,381,A,-1.047,5
-6.138,-4.931,5,K,381,C,-5,1
-4.878,-4.695,3,K,381,D,,
-5.385,-4.824,9,K,381,E,-5,4
-2.423,-2.639,4,K,381,F,-2.726,2
-1.649,-1.563,5,K,381,G,-0.8256,3
0.9412,0.3522,2,K,381,H,,
-2.165,-2.279,4,K,381,I,-3.398,2
0,0,,K,381,K,0,
-0.6075,-0.414,3,K,381,L,-0.7618,3
-1.6,-1.498,5,K,381,M,-0.8139,2
-2.073,-2.149,12,K,381,N,-1.503,3
-0.7386,-0.528,7,K,381,P,-0.4469,2
-1.138,-0.9319,6,K,381,Q,-0.8061,4
0.2616,0.1274,11,K,381,R,-0.2128,6
0.9069,0.3438,5,K,381,T,0.9538,2
-1.21,-1.015,8,K,381,V,-0.5607,4
-3.08,-3.472,5,K,381,W,,
-0.9315,-0.7127,4,K,381,Y,-0.1127,2
0.2133,0.1059,1,F,382,-,,
-4.943,-4.715,3,F,382,A,-5,3
-5.547,-4.854,5,F,382,C,-5,2
-4.956,-4.719,3,F,382,D,-5,1
-5.237,-4.792,3,F,382,E,-5,2
0,0,,F,382,F,0,
-1.005,-0.7882,1,F,382,G,,
-4.944,-4.715,7,F,382,H,,
-1.268,-1.081,3,F,382,I,,
-5.549,-4.854,7,F,382,K,-5,4
0.8183,0.3209,9,F,382,L,0.9716,3
0.1055,0.05462,4,F,382,M,-0.4217,3
-5.352,-4.817,5,F,382,N,-5,2
-5.671,-4.874,6,F,382,P,-5,6
-7.273,-4.998,7,F,382,Q,-4.966,2
-4.585,-4.59,4,F,382,R,-5,4
-4.901,-4.702,5,F,382,S,-5,1
-4.566,-4.582,4,F,382,T,-5,2
-1.091,-0.8802,6,F,382,V,-0.8261,5
-0.07601,-0.04227,2,F,382,W,-0.1036,2
-1.033,-0.8181,6,F,382,Y,-0.5608,3
-0.569,-0.3822,1,G,383,-,,
-0.4568,-0.2942,4,G,383,A,0.01621,1
-2.396,-2.601,15,G,383,C,-1.972,5
0.4805,0.2147,17,G,383,D,0.7893,3
-0.3594,-0.2231,4,G,383,E,-0.3964,3
2.1,0.5228,4,G,383,F,0.5822,3
0,0,,G,383,G,0,
-0.8903,-0.6715,5,G,383,H,0.4685,2
-3.659,-4.036,4,G,383,I,-3.748,1
-0.6262,-0.4297,7,G,383,K,-0.573,4
-1.481,-1.343,6,G,383,L,-1.552,5
-0.5483,-0.3655,8,G,383,M,0.5532,3
0.1773,0.08925,5,G,383,N,1.233,2
-5.468,-4.84,8,G,383,P,-5,4
0.6634,0.2761,4,G,383,Q,0.4154,2
-2.008,-2.057,4,G,383,R,-2.248,1
0.8153,0.32,5,G,383,S,0.7028,1
-0.4763,-0.3091,8,G,383,T,-0.3508,4
-3.577,-3.967,7,G,383,V,-3.47,1
-0.7065,-0.4993,2,G,383,W,-0.7853,2
-0.3345,-0.2056,3,G,383,Y,-0.4975,2
-0.2419,-0.1435,1,S,384,-,,
-0.1125,-0.06346,4,S,384,A,-0.2873,2
-1.533,-1.411,4,S,384,C,-1.944,3
-0.429,-0.2734,9,S,384,D,-0.6834,7
-0.1935,-0.1127,12,S,384,E,0.05217,6
-0.1315,-0.07472,3,S,384,F,-0.5106,3
-0.8841,-0.6654,4,S,384,H,-0.3072,1
-0.8938,-0.675,8,S,384,I,-0.1318,3
0.498,0.221,3,S,384,K,-0.4682,1
-0.3481,-0.2151,6,S,384,L,-0.01443,5
-1.158,-0.9546,3,S,384,M,-0.8701,2
-0.5463,-0.3639,8,S,384,N,-0.1565,3
-5.27,-4.799,4,S,384,P,-5,2
1.622,0.474,3,S,384,Q,0.4658,2
0.2385,0.1172,3,S,384,R,0.1119,2
0,0,,S,384,S,0,
0.337,0.1593,9,S,384,T,0.09214,6
-3.877,-4.202,5,S,384,V,,
1.512,0.4591,9,S,384,W,-0.006807,7
-1.639,-1.55,10,S,384,Y,-1.62,6
-1.558,-1.444,9,V,385,A,-0.6476,3
-0.8202,-0.6036,2,V,385,C,-0.05843,1
-5.562,-4.856,5,V,385,D,-5,3
-4.997,-4.731,2,V,385,E,-5,1
-1.639,-1.549,6,V,385,F,-0.5842,2
-5.267,-4.799,3,V,385,G,-5,2
-4.953,-4.718,6,V,385,H,-5,1
2.012,0.5154,7,V,385,I,1.164,2
-4.969,-4.723,8,V,385,K,-5,4
0.5014,0.2222,4,V,385,L,0.9698,1
0.9849,0.3625,5,V,385,M,0.5798,3
-5.865,-4.901,1,V,385,N,-5,1
-5.999,-4.917,8,V,385,P,-5,5
-6.221,-4.939,10,V,385,Q,-5,6
-4.097,-4.346,5,V,385,S,-4.71,3
-1.161,-0.958,4,V,385,T,-1.086,2
0,0,,V,385,V,0,
-5.683,-4.875,5,V,385,W,-5,1
-5.07,-4.751,6,V,385,Y,-5,3
-4.941,-4.714,8,C,386,A,-5,5
0,0,,C,386,C,0,
-5.562,-4.856,9,C,386,D,-5,6
-5.589,-4.861,4,C,386,E,-5,1
-6.01,-4.918,18,C,386,F,-5,7
-5.293,-4.805,4,C,386,G,-4.995,2
-5.508,-4.847,6,C,386,H,-5,4
-5.513,-4.848,10,C,386,I,-5,6
-5.484,-4.843,6,C,386,K,-5,4
-5.912,-4.907,9,C,386,L,-5,5
-5.313,-4.809,3,C,386,M,-5,1
-5.402,-4.827,3,C,386,N,-5,3
-6.24,-4.941,3,C,386,P,-5,1
-9.137,-5.026,8,C,386,Q,-5,3
-10.46,-5.029,11,C,386,R,-5,4
-5.07,-4.751,2,C,386,S,-5,1
-5.098,-4.758,7,C,386,T,,
-4.948,-4.716,2,C,386,V,-5,1
-7.309,-5,4,C,386,W,-5,2
-4.598,-4.595,8,C,386,Y,-4.849,4
-5.288,-4.803,5,F,387,A,-5,2
-4.663,-4.62,5,F,387,C,-5,5
-5.354,-4.817,5,F,387,D,-5,3
-5.265,-4.798,3,F,387,E,-5,2
0,0,,F,387,F,0,
-5.689,-4.876,12,F,387,G,-5,9
-5.416,-4.83,5,F,387,H,-5,3
-3.642,-4.022,8,F,387,I,-3.9,3
-5.463,-4.839,7,F,387,K,-5,4
-2.036,-2.097,15,F,387,L,-1.764,5
0.4789,0.2141,3,F,387,M,0.6569,2
-5.394,-4.825,3,F,387,N,-5,2
-6.338,-4.949,11,F,387,P,-5,6
-4.133,-4.367,5,F,387,R,-5,3
-5.016,-4.736,3,F,387,S,-5,1
-5.566,-4.857,5,F,387,T,-5,1
-0.2524,-0.1504,4,F,387,V,-1.003,1
-0.2098,-0.1229,4,F,387,W,,
-0.6249,-0.4286,4,F,387,Y,-1.01,2
-0.534,-0.3541,1,S,388,-,,
-0.2249,-0.1325,8,S,388,A,-0.0261,4
-4.393,-4.505,7,S,388,C,-5,3
0.847,0.3285,5,S,388,D,0.7213,3
-5.556,-4.855,5,S,388,E,-5,3
0.06879,0.03614,1,S,388,F,,
1.968,0.5115,8,S,388,G,0.046,4
-1.902,-1.909,9,S,388,H,-1.074,5
-5.753,-4.886,12,S,388,I,-5,5
-5.14,-4.769,7,S,388,K,-5,4
-5.498,-4.845,9,S,388,L,-5,5
-4.558,-4.579,3,S,388,M,-4.95,2
-1.025,-0.8093,9,S,388,N,-0.8054,5
-5.366,-4.82,5,S,388,P,-5,3
-3.095,-3.489,5,S,388,Q,-3.362,1
-4.73,-4.645,8,S,388,R,-5,3
0,0,,S,388,S,0,
-0.00784,-0.004244,8,S,388,T,-0.2356,4
-5.523,-4.849,5,S,388,V,-5,3
-4.915,-4.706,5,S,388,W,-5,4
-5.371,-4.821,8,S,388,Y,-5,4
-0.6459,-0.4464,1,L,389,-,,
-0.8437,-0.6261,4,L,389,A,-0.7803,3
-4.742,-4.649,7,L,389,C,-5,4
-4.702,-4.635,7,L,389,D,-5,3
0.9669,0.3583,4,L,389,E,0.4465,2
-2.411,-2.622,5,L,389,F,-2.193,2
-5.204,-4.784,3,L,389,G,-4.878,2
-3.218,-3.623,7,L,389,H,-3.473,3
-1.708,-1.643,2,L,389,I,,
-1.046,-0.8312,3,L,389,K,,
0,0,,L,389,L,0,
10.22,0.6046,7,L,389,M,0.4486,3
-1.906,-1.914,6,L,389,N,-0.2641,1
-0.1581,-0.09077,9,L,389,P,-0.1478,3
-0.2907,-0.1757,10,L,389,Q,-0.1451,5
-1.187,-0.9882,4,L,389,R,-1.148,3
-1.741,-1.687,6,L,389,S,-1.518,3
1.57,0.4672,5,L,389,T,0.1043,3
-0.7014,-0.4947,4,L,389,V,0.6381,2
-4.994,-4.73,1,L,389,W,-5,1
-3.706,-4.074,6,L,389,Y,-4.172,1
-0.1539,-0.08824,3,K,390,-,,
1.63,0.4749,4,K,390,A,-0.072,3
-1.293,-1.111,3,K,390,C,-0.267,1
0.2146,0.1064,4,K,390,D,0.2135,2
-0.2995,-0.1817,5,K,390,E,-0.163,3
-0.3846,-0.241,5,K,390,F,-0.1806,2
2.175,0.5287,2,K,390,G,0.6703,1
1.035,0.3738,10,K,390,H,0.5228,7
0.3336,0.1579,4,K,390,I,,
0,0,,K,390,K,0,
0.5387,0.2353,7,K,390,L,-0.2318,4
-0.4556,-0.2934,3,K,390,M,-0.3414,2
-0.5788,-0.3903,15,K,390,N,-0.4616,6
-4.926,-4.71,2,K,390,P,,
1.517,0.4599,3,K,390,Q,0.4332,2
0.4378,0.1989,3,K,390,R,0.2176,1
-1.968,-2.001,1,K,390,S,,
-0.9721,-0.754,2,K,390,T,0.3908,1
0.2777,0.1344,5,K,390,V,0.7652,2
-0.442,-0.2831,3,K,390,W,-0.5894,3
1.123,0.3925,3,K,390,Y,-0.1382,1
-0.2726,-0.1636,3,D,391,-,,
-0.5582,-0.3735,12,D,391,A,0.01405,6
-0.9992,-0.7823,3,D,391,C,-0.8305,2
0,0,,D,391,D,0,
1.429,0.4469,4,D,391,E,-0.9667,2
-0.6875,-0.4825,11,D,391,F,-0.2732,8
-0.2589,-0.1546,3,D,391,G,-0.8638,1
-1.064,-0.8511,5,D,391,H,-1.7,3
-1.479,-1.342,3,D,391,K,-1.378,1
-0.5273,-0.3488,4,D,391,L,-1.031,3
-0.5746,-0.3869,3,D,391,M,-0.7333,3
-0.5683,-0.3817,19,D,391,N,,
0.9179,0.3465,11,D,391,P,0.1972,5
5.187,0.6008,6,D,391,Q,0.873,3
-1.723,-1.663,6,D,391,R,-0.9094,3
1.353,0.4349,6,D,391,S,0.268,1
-0.2053,-0.1201,4,D,391,V,-0.06361,3
0.2999,0.1439,3,D,391,W,0.1734,2
-1.398,-1.24,9,D,391,Y,-1.362,5
-0.4251,-0.2706,3,I,392,-,,
-0.2658,-0.1591,4,I,392,A,-0.09977,1
-1.997,-2.042,5,I,392,C,-2.394,2
-0.4947,-0.3232,7,I,392,D,-0.569,5
0.1815,0.09123,1,I,392,E,0.02369,1
-0.4924,-0.3215,5,I,392,F,0.7597,1
0.2496,0.1221,6,I,392,G,0.3433,5
-1.325,-1.15,6,I,392,H,-0.3946,3
0,0,,I,392,I,0,
-1.302,-1.122,6,I,392,K,-0.2364,3
3.555,0.5853,3,I,392,L,1.256,2
0.3233,0.1536,6,I,392,M,0.1018,4
-1.649,-1.563,10,I,392,N,-1.853,5
-1.711,-1.646,12,I,392,P,-1.659,8
-0.05621,-0.03102,6,I,392,Q,-0.3453,4
-1.367,-1.201,3,I,392,R,-1.174,2
-3.481,-3.882,2,I,392,S,,
-0.6891,-0.4839,9,I,392,T,,
0.6479,0.2712,5,I,392,V,0.02648,1
-0.7712,-0.5578,8,I,392,W,-0.8358,8
-1.073,-0.861,5,I,392,Y,0.2687,2
-0.2851,-0.172,2,P,393,-,,
0.8707,0.3346,9,P,393,A,0.03006,3
-1.954,-1.982,7,P,393,C,-1.993,4
-0.4818,-0.3132,7,P,393,D,-0.416,3
-2.085,-2.165,2,P,393,E,-2.235,2
0.4401,0.1998,5,P,393,F,0.3259,2
2.54,0.5517,5,P,393,G,0.5048,3
-0.5563,-0.3719,20,P,393,H,0.4683,5
0.5322,0.2331,2,P,393,I,0.2726,1
-0.2878,-0.1738,3,P,393,K,,
4.448,0.5967,7,P,393,L,-0.4111,3
-1.835,-1.816,1,P,393,M,-1.903,1
-0.4279,-0.2727,7,P,393,N,0.7344,4
0,0,,P,393,P,0,
0.3524,0.1656,8,P,393,Q,-0.4112,3
-1.419,-1.265,4,P,393,R,-1.43,3
-0.7096,-0.502,5,P,393,S,-0.4839,2
-0.838,-0.6206,12,P,393,T,-0.7132,7
-0.8852,-0.6665,7,P,393,V,-1.074,4
-4.934,-4.712,2,P,393,W,-5,1
-0.0686,-0.03804,1,P,393,Y,,
-0.5289,-0.3501,2,G,394,-,,
-1.672,-1.593,5,G,394,A,-1.714,1
-1.435,-1.286,30,G,394,C,-0.9838,7
-1.344,-1.174,5,G,394,D,-0.9671,3
-1.292,-1.111,3,G,394,E,-1.181,2
1.27,0.4205,2,G,394,F,1.166,1
0,0,,G,394,G,0,
1.361,0.4361,9,G,394,H,0.3369,5
-1.051,-0.837,6,G,394,I,-0.9484,2
-2.593,-2.869,4,G,394,K,-3.923,1
-0.9815,-0.7638,5,G,394,L,0.04975,2
-0.5335,-0.3537,12,G,394,M,-0.483,7
-1.285,-1.102,4,G,394,N,-1.539,4
-1.512,-1.384,6,G,394,P,-1.205,4
-1.757,-1.708,3,G,394,Q,-2.168,3
-2.805,-3.144,2,G,394,R,,
-0.21,-0.1231,14,G,394,S,-0.1822,6
1.943,0.5092,1,G,394,T,0.6175,1
-0.7252,-0.5159,9,G,394,V,0.1714,2
-1.285,-1.102,3,G,394,W,-0.9654,3
-0.7178,-0.5093,7,G,394,Y,-0.6096,4
-7.079,-4.991,12,G,395,*,-5,2
0.3501,0.1646,2,G,395,-,,
-0.5632,-0.3775,9,G,395,A,-0.3424,3
0.6298,0.2655,8,G,395,C,-0.1073,4
-1.16,-0.9572,9,G,395,D,-0.5161,6
-3.774,-4.127,16,G,395,E,-4.245,2
-0.06525,-0.03613,7,G,395,F,0.6267,4
0,0,,G,395,G,0,
-1.028,-0.8123,3,G,395,H,-0.5079,2
-3.991,-4.28,5,G,395,I,,
-1.228,-1.035,4,G,395,K,-0.6219,1
-4.293,-4.455,7,G,395,L,-5,4
-2.378,-2.576,6,G,395,M,-3.006,2
-0.762,-0.5494,3,G,395,N,-0.6382,2
-6.055,-4.923,4,G,395,P,-5,2
-0.9795,-0.7618,4,G,395,Q,-0.9367,2
-1.256,-1.068,12,G,395,R,-1.005,5
2.223,0.5322,2,G,395,S,1.605,1
0.308,0.1473,8,G,395,T,-0.03365,4
-2.204,-2.334,11,G,395,V,-2.465,4
-1.417,-1.263,4,G,395,W,-2.858,1
-1.065,-0.8525,5,G,395,Y,0.6698,1
-5.409,-4.828,4,C,396,*,-5,1
0.4392,0.1994,2,C,396,-,,
-4.973,-4.724,5,C,396,A,,
0,0,,C,396,C,0,
-5.774,-4.889,15,C,396,D,-5,1
-5.414,-4.829,3,C,396,E,-5,3
-5.2,-4.783,8,C,396,F,-5,2
-5.769,-4.888,7,C,396,G,-5,5
-5.607,-4.864,6,C,396,H,-5,5
-5.473,-4.841,4,C,396,I,-5,4
-6.885,-4.983,2,C,396,K,-5,1
-5.196,-4.782,3,C,396,L,-5,2
-5.396,-4.826,3,C,396,M,-5,3
-5.555,-4.855,3,C,396,N,-5,3
-5.059,-4.748,3,C,396,P,-5,2
-5.531,-4.851,6,C,396,Q,-5,4
-4.896,-4.701,2,C,396,R,-5,1
-4.518,-4.562,10,C,396,S,-5,3
-5.612,-4.864,4,C,396,T,-5,3
-5.471,-4.84,5,C,396,V,-5,3
-5.33,-4.812,6,C,396,W,-5,3
-6.241,-4.941,8,C,396,Y,-5,2
-0.1219,-0.06903,2,A,397,-,,
0,0,,A,397,A,0,
-0.5654,-0.3793,8,A,397,C,-0.4159,4
0.5112,0.2257,5,A,397,D,0.1203,3
0.5122,0.2261,4,A,397,E,0.2473,2
-0.2405,-0.1426,9,A,397,F,-0.1499,4
0.8388,0.3263,5,A,397,G,0.2093,1
-1.733,-1.676,5,A,397,H,-2.943,2
0.1551,0.07877,9,A,397,I,-0.04209,7
-0.8123,-0.5962,4,A,397,K,-0.3747,2
-0.6395,-0.441,2,A,397,L,-0.2143,1
-0.9697,-0.7516,3,A,397,M,-0.8344,2
-0.3017,-0.1831,6,A,397,N,-0.3655,4
-2.037,-2.098,7,A,397,P,-2.527,4
-0.6339,-0.4362,4,A,397,Q,,
-0.5436,-0.3618,7,A,397,R,-0.4299,5
-0.4184,-0.2656,7,A,397,S,0.2381,1
-0.05216,-0.02874,27,A,397,T,0.5312,4
0.4447,0.2015,12,A,397,V,0.4901,4
-0.7022,-0.4954,2,A,397,W,-0.8228,1
-0.2751,-0.1653,6,A,397,Y,0.0267,2
-0.725,-0.5158,2,M,398,-,,
-3.726,-4.09,4,M,398,A,-4.001,1
-5.436,-4.834,5,M,398,C,-5,3
-5.26,-4.797,3,M,398,D,-5,1
-7.106,-4.993,7,M,398,E,-5,3
-0.7738,-0.5602,6,M,398,F,-0.7808,3
-3.363,-3.77,5,M,398,G,-3.866,2
-0.9675,-0.7493,6,M,398,H,-0.6364,4
-5.384,-4.823,16,M,398,I,-5,3
-5.128,-4.766,4,M,398,K,-5,2
-0.5569,-0.3724,11,M,398,L,-0.4337,3
0,0,,M,398,M,0,
-5.411,-4.829,5,M,398,N,-5,4
-5.467,-4.839,5,M,398,P,-5,4
-2.124,-2.221,6,M,398,Q,-2.481,3
-5.41,-4.829,3,M,398,R,-5,3
-4.783,-4.664,6,M,398,S,-5,5
-4.432,-4.523,3,M,398,T,-4.679,2
-5.355,-4.817,9,M,398,V,-5,3
-0.5074,-0.3331,3,M,398,W,-0.4317,2
-0.624,-0.4279,3,M,398,Y,-0.0715,2
-0.9168,-0.6979,3,P,399,-,,
-1.045,-0.8303,7,P,399,A,-1.039,5
-4.402,-4.51,5,P,399,C,-4.422,2
-2.2,-2.327,5,P,399,D,-2.603,3
-2.821,-3.163,5,P,399,E,-3.267,3
-2.084,-2.165,4,P,399,F,-2.26,4
-0.8927,-0.6739,5,P,399,G,-1.25,3
-1.954,-1.981,3,P,399,H,-1.94,3
-2.828,-3.173,4,P,399,I,-3.195,1
-0.1601,-0.09201,1,P,399,K,,
-2.79,-3.124,3,P,399,L,-3.343,1
-0.03204,-0.01751,3,P,399,M,-0.2298,1
-0.195,-0.1136,1,P,399,N,-0.1856,1
0,0,,P,399,P,0,
-1.288,-1.106,8,P,399,Q,-1.813,4
-1.033,-0.8179,7,P,399,R,-0.6651,2
-2.291,-2.455,12,P,399,S,-1.879,5
-0.5901,-0.3995,6,P,399,T,-0.936,2
-1.295,-1.113,5,P,399,V,-0.9746,4
-2.395,-2.599,3,P,399,W,-2.821,3
-1.902,-1.909,5,P,399,Y,-1.45,3
-0.03133,-0.01712,4,I,400,-,,
-5.27,-4.799,3,I,400,A,-5,2
-4.044,-4.313,6,I,400,C,-4.772,4
-5.527,-4.85,7,I,400,D,-5,4
-4.832,-4.68,7,I,400,E,-5,6
-5.36,-4.819,4,I,400,F,-5,3
-5.357,-4.818,4,I,400,G,-5,3
-5.586,-4.86,3,I,400,H,-5,3
0,0,,I,400,I,0,
-4.767,-4.658,2,I,400,K,-4.784,2
0.7386,0.2986,4,I,400,L,1.972,1
-1.068,-0.8552,3,I,400,M,-0.9266,2
-5.502,-4.846,6,I,400,N,-5,5
-5.456,-4.837,7,I,400,P,-5,4
-5.788,-4.891,7,I,400,Q,-5,5
-5.627,-4.867,10,I,400,R,-5,6
-5.948,-4.911,4,I,400,S,-5,3
-5.584,-4.86,13,I,400,T,-5,8
-2.522,-2.774,3,I,400,V,-2.371,2
-5.452,-4.837,8,I,400,W,-5,4
-6.858,-4.982,4,I,400,Y,-4.527,2
-0.1225,-0.06934,4,V,401,-,,
-0.5409,-0.3596,10,V,401,A,-0.08987,1
-0.5515,-0.3681,4,V,401,C,-0.2841,2
-0.3421,-0.2109,3,V,401,D,0.8675,2
0.3501,0.1647,3,V,401,E,,
-0.1644,-0.09465,5,V,401,F,-0.2938,3
1.944,0.5093,2,V,401,G,1.276,1
3.363,0.5812,2,V,401,H,1.311,2
0.2278,0.1124,6,V,401,I,0.04905,6
0.8667,0.3336,6,V,401,K,0.6278,4
-1.59,-1.485,5,V,401,L,-2.062,2
0.508,0.2246,12,V,401,M,0.0066,4
-0.2166,-0.1272,3,V,401,N,0.1568,1
-5.742,-4.884,8,V,401,P,-5,7
-0.09625,-0.05395,5,V,401,Q,-0.1179,3
-1.324,-1.148,4,V,401,R,,
-0.3746,-0.2339,4,V,401,S,,
0.4094,0.1881,2,V,401,T,0.4513,1
0,0,,V,401,V,0,
1.34,0.4327,8,V,401,W,0.6452,6
0.3369,0.1593,7,V,401,Y,0.1821,2
-0.6354,-0.4375,3,A,402,-,,
0,0,,A,402,A,0,
-1.834,-1.814,14,A,402,C,-1.772,8
-4.387,-4.502,5,A,402,D,,
-4.905,-4.704,5,A,402,E,-5,4
-0.6896,-0.4843,3,A,402,F,-0.552,3
-5.041,-4.743,4,A,402,H,-4.878,2
-1.329,-1.155,3,A,402,I,-1.507,3
-4.711,-4.638,6,A,402,K,-5,4
-0.7331,-0.5231,10,A,402,L,-0.5194,7
-1.852,-1.84,3,A,402,M,-2.083,2
-1.897,-1.902,9,A,402,N,-2.045,5
-4.468,-4.54,6,A,402,P,-5,4
-3.756,-4.113,2,A,402,Q,-4.21,2
-7.817,-5.012,5,A,402,R,-4.949,2
-0.1498,-0.08572,5,A,402,S,-0.1919,2
-1.214,-1.018,14,A,402,T,-0.6168,1
2.121,0.5245,6,A,402,V,-0.1801,1
-5.412,-4.829,6,A,402,W,-5,4
-2.254,-2.403,5,A,402,Y,-1.966,1
-0.5451,-0.3629,3,N,403,-,,
2.617,0.5556,2,N,403,A,1.37,1
-1.596,-1.493,1,N,403,C,-1.569,1
-1.389,-1.229,7,N,403,D,0.9374,1
-0.337,-0.2074,5,N,403,E,0.3973,1
-1.253,-1.064,4,N,403,F,-0.837,1
1.678,0.4809,5,N,403,G,-1.194,2
-0.8021,-0.5866,6,N,403,H,-0.7413,4
-0.4162,-0.264,3,N,403,I,,
-3.698,-4.068,7,N,403,K,-4.249,4
-0.6213,-0.4256,7,N,403,L,-0.1869,1
-0.2104,-0.1233,6,N,403,M,-0.03216,1
0,0,,N,403,N,0,
-5.035,-4.741,8,N,403,P,-5,3
-0.9528,-0.7342,8,N,403,Q,-1.387,5
0.1456,0.07423,4,N,403,R,0.5766,2
0.1019,0.05284,11,N,403,S,0.05865,2
-0.5683,-0.3817,3,N,403,T,-0.9897,1
-0.8129,-0.5967,2,N,403,V,-0.07732,1
-1.026,-0.8107,6,N,403,W,-0.7486,5
1.409,0.4438,3,N,403,Y,0.09279,3
-0.4513,-0.2901,4,L,404,-,,
-1.46,-1.317,2,L,404,A,-1.393,2
-2.05,-2.117,9,L,404,C,-2.304,5
-5.373,-4.821,4,L,404,D,-5,3
-5.412,-4.829,4,L,404,E,-5,3
-0.6844,-0.4798,6,L,404,F,-0.232,5
-5.365,-4.82,4,L,404,G,-5,3
-3.875,-4.201,2,L,404,H,-4.344,1
-0.5088,-0.3342,9,L,404,I,0.1999,3
-2.757,-3.083,3,L,404,K,-3.101,1
0,0,,L,404,L,0,
0.7653,0.3062,6,L,404,M,0.6046,1
-4.588,-4.591,8,L,404,N,-4.694,4
-2.289,-2.452,6,L,404,P,-2.553,4
-5.362,-4.819,3,L,404,Q,-5,3
-1.273,-1.088,4,L,404,R,-1.111,4
-5.664,-4.873,9,L,404,S,-5,6
-5.658,-4.872,3,L,404,T,-4.153,1
-1.631,-1.539,2,L,404,V,-1.7,1
2.352,0.5409,2,L,404,W,,
6.921,0.6039,4,L,404,Y,0.236,1
0.154,0.07824,4,A,405,-,,
0,0,,A,405,A,0,
-1.717,-1.655,8,A,405,C,-2.106,5
0.6056,0.2577,6,A,405,D,-0.4491,5
0.3883,0.1799,11,A,405,E,0.4251,4
-1.92,-1.934,5,A,405,F,-3.355,2
-0.1759,-0.1017,4,A,405,G,,
-0.7114,-0.5036,6,A,405,H,-0.4319,4
2.866,0.5663,1,A,405,I,,
0.1941,0.09705,3,A,405,K,-0.362,2
1.535,0.4624,2,A,405,L,0.7601,1
0.2038,0.1015,6,A,405,M,0.1709,4
-0.4842,-0.3152,3,A,405,N,0.1472,2
0.001033,0.0005576,5,A,405,P,-0.3583,4
0.1477,0.07523,11,A,405,Q,0.1236,8
-1.517,-1.39,4,A,405,R,-0.8874,1
-2.622,-2.907,7,A,405,S,-3.233,3
-3.745,-4.104,14,A,405,T,-3.723,6
-0.7896,-0.5749,6,A,405,V,-2.508,2
-1.578,-1.469,6,A,405,W,-0.9395,1
1.184,0.4048,2,A,405,Y,-0.00815,1
-5.025,-4.738,4,Y,406,*,-5,1
-0.8788,-0.6602,4,Y,406,-,,
-0.3767,-0.2354,6,Y,406,A,-0.2095,5
-0.5298,-0.3508,8,Y,406,C,0.07385,1
0.6859,0.283,4,Y,406,D,1.047,2
1.436,0.448,4,Y,406,E,0.647,2
-0.4228,-0.2688,6,Y,406,F,-0.03035,2
1.171,0.4022,7,Y,406,G,-0.2128,5
-1.531,-1.409,3,Y,406,H,-1.504,1
-1.166,-0.9641,4,Y,406,I,,
-0.9733,-0.7554,6,Y,406,K,-0.7083,3
-0.4099,-0.2594,4,Y,406,L,-0.4641,3
-0.2592,-0.1548,5,Y,406,M,-0.1378,4
0.7072,0.2894,4,Y,406,N,0.3744,3
-0.2601,-0.1554,4,Y,406,P,-1.636,1
-0.4807,-0.3124,7,Y,406,Q,-0.0104,2
-2.231,-2.37,6,Y,406,R,,
0.1975,0.09862,2,Y,406,S,0.1013,1
-0.257,-0.1534,7,Y,406,T,0.03836,4
-0.7948,-0.5797,4,Y,406,V,-1.011,1
0.2833,0.1368,3,Y,406,W,0.7489,2
0,0,,Y,406,Y,0,
0.3515,0.1652,4,L,407,-,,
1.873,0.5024,3,L,407,A,0.6136,2
-3.49,-3.89,3,L,407,C,-3.77,1
-1.365,-1.199,6,L,407,D,-0.8244,4
-1.631,-1.54,2,L,407,E,-1.445,1
-0.2429,-0.1442,5,L,407,F,-0.2377,4
-0.2352,-0.1391,2,L,407,G,-0.3812,1
-0.6764,-0.4727,9,L,407,H,-0.9523,5
0.2066,0.1028,4,L,407,I,0.06253,1
-3.364,-3.771,8,L,407,K,-3.663,7
0,0,,L,407,L,0,
-1.449,-1.303,9,L,407,M,-0.966,3
-4.79,-4.666,2,L,407,N,-5,1
-3.384,-3.791,10,L,407,P,-1.476,2
-0.2329,-0.1376,4,L,407,Q,-0.0328,1
-1.677,-1.601,6,L,407,R,-1.719,3
-0.8799,-0.6613,7,L,407,S,-0.8603,2
-0.2616,-0.1563,10,L,407,T,0.1503,3
3.137,0.5753,3,L,407,V,-0.7315,2
-2.347,-2.533,2,L,407,W,,
-0.06383,-0.03533,1,L,407,Y,,
-0.8628,-0.6446,5,N,408,-,,
-0.7908,-0.576,1,N,408,A,-0.6428,1
-4.668,-4.622,5,N,408,C,-4.832,4
0.2371,0.1166,5,N,408,D,,
-0.9181,-0.6992,4,N,408,E,-0.7983,3
-2.141,-2.244,4,N,408,F,-2.832,2
-0.3316,-0.2036,5,N,408,G,-0.268,4
-0.9803,-0.7626,4,N,408,H,-2.555,1
-1.679,-1.604,8,N,408,I,-0.2225,2
0.318,0.1514,10,N,408,K,0.3003,4
-0.4122,-0.261,6,N,408,M,-1.089,4
0,0,,N,408,N,0,
-3.516,-3.913,3,N,408,P,-2.372,2
-0.1707,-0.0985,2,N,408,R,-1.081,1
1.521,0.4604,9,N,408,S,0.7617,5
-0.06897,-0.03825,1,N,408,T,,
2.956,0.5696,4,N,408,V,0.18,2
-2.303,-2.471,9,N,408,W,-1.823,4
-2.271,-2.427,8,N,408,Y,-2.451,6
0.2536,0.1239,6,S,409,-,,
1.44,0.4486,4,S,409,A,-0.09102,2
-1.721,-1.66,4,S,409,C,-1.5,3
1.344,0.4334,4,S,409,D,-0.1066,1
1.767,0.4913,6,S,409,E,1.754,2
-0.8463,-0.6286,10,S,409,F,0.3584,6
1.041,0.3752,5,S,409,G,0.4747,4
-0.6545,-0.4538,5,S,409,H,-1.361,3
-0.1609,-0.09249,5,S,409,I,-0.486,2
-0.1278,-0.07251,9,S,409,K,0.1522,7
-0.9817,-0.764,4,S,409,L,-1.106,3
-0.8082,-0.5923,4,S,409,M,-0.1921,2
-4.956,-4.719,2,S,409,N,-5,1
-1.093,-0.8831,6,S,409,P,-0.9052,4
3.172,0.5763,4,S,409,Q,1.367,1
-0.3363,-0.2069,1,S,409,R,,
0,0,,S,409,S,0,
0.246,0.1205,6,S,409,T,0.02851,2
-1.053,-0.8394,4,S,409,V,-1.093,3
-0.2978,-0.1805,7,S,409,W,0.1226,3
-0.8542,-0.6362,13,S,409,Y,-1.057,7
-1.248,-1.058,1,Y,410,*,,
-0.2466,-0.1465,6,Y,410,-,,
-0.586,-0.3962,6,Y,410,A,-0.5162,4
-5.564,-4.857,10,Y,410,C,-5,4
-4.234,-4.424,6,Y,410,D,,
-0.1147,-0.06477,3,Y,410,E,0.02112,1
-0.07004,-0.03886,5,Y,410,F,-0.3017,4
-4.639,-4.611,3,Y,410,G,-4.739,2
-0.8433,-0.6257,12,Y,410,H,-0.07445,4
-0.8263,-0.6095,11,Y,410,I,-0.5001,7
-2.245,-2.39,8,Y,410,K,-2.3,6
-2.86,-3.212,1,Y,410,L,-3.317,1
-1.177,-0.9769,2,Y,410,M,-1.067,2
-0.9308,-0.7119,1,Y,410,N,,
-3.499,-3.898,4,Y,410,P,-3.852,3
-1.682,-1.607,1,Y,410,Q,-1.702,1
-3.726,-4.089,9,Y,410,R,-3.438,2
-3.528,-3.924,3,Y,410,S,-4.023,2
-5.381,-4.823,3,Y,410,T,-5,2
-1.46,-1.318,5,Y,410,V,-1.792,2
0.4542,0.2051,3,Y,410,W,0.4187,2
0,0,,Y,410,Y,0,
-0.8425,-0.6249,7,T,411,-,,
-0.4411,-0.2824,2,T,411,A,-0.6167,1
0.001392,0.0007514,4,T,411,C,-0.6697,2
0.3718,0.1734,4,T,411,D,-0.2932,1
-1.497,-1.364,5,T,411,E,-1.5,5
-1.889,-1.89,4,T,411,F,-2.554,2
1.863,0.5014,10,T,411,G,-0.7974,5
-0.8224,-0.6057,5,T,411,H,-0.7663,4
-0.4542,-0.2923,5,T,411,I,0.124,4
-1.459,-1.315,3,T,411,K,-1.393,1
-1.079,-0.8677,3,T,411,L,-1.16,3
-0.3195,-0.1953,5,T,411,M,-0.02503,3
-0.1886,-0.1096,3,T,411,N,0.6228,2
-0.4894,-0.3192,6,T,411,P,-1.194,2
-0.5364,-0.356,8,T,411,Q,-0.4847,5
-0.4209,-0.2674,4,T,411,R,-0.114,2
-1.984,-2.023,7,T,411,S,-0.8585,2
0,0,,T,411,T,0,
-1.206,-1.01,6,T,411,V,-1.029,2
0.7135,0.2912,4,T,411,W,0.0559,2
0.03046,0.01624,8,T,411,Y,-0.02393,5
0.1463,0.07455,6,I,412,-,,
-1.224,-1.03,6,I,412,A,-0.6746,4
-1.815,-1.789,6,I,412,C,-1.614,5
-5.426,-4.832,6,I,412,D,-5,4
-5.47,-4.84,4,I,412,E,-5,2
-0.6948,-0.4889,8,I,412,F,-0.3499,5
-3.964,-4.262,2,I,412,G,-4.545,1
-5.561,-4.856,4,I,412,H,-5,3
0,0,,I,412,I,0,
-5.556,-4.855,3,I,412,K,-5,3
-0.4537,-0.2919,5,I,412,L,-0.18,3
-0.1331,-0.07566,3,I,412,M,0.2582,3
-4.929,-4.711,5,I,412,N,-5,2
-6.103,-4.928,5,I,412,P,-5,2
-4.236,-4.425,11,I,412,R,-5,4
-5.682,-4.875,6,I,412,S,-5,3
-2.964,-3.338,7,I,412,T,-2.994,3
-0.7057,-0.4985,2,I,412,V,,
-4.24,-4.427,2,I,412,W,-4.144,1
-1.794,-1.76,6,I,412,Y,-2.415,4
-0.7227,-0.5137,6,G,413,-,,
-0.5877,-0.3976,8,G,413,A,-0.4463,4
-4.627,-4.607,9,G,413,C,-5,4
-2.719,-3.034,16,G,413,D,-2.56,7
-4.703,-4.635,3,G,413,E,-4.909,1
-5.304,-4.807,4,G,413,F,-5,2
0,0,,G,413,G,0,
-2.247,-2.394,6,G,413,H,-2.282,5
-5.393,-4.825,9,G,413,I,-5,4
-0.7321,-0.5221,1,G,413,K,,
-4.282,-4.449,4,G,413,L,-5,3
-5.503,-4.846,5,G,413,M,-5,1
-3.551,-3.945,1,G,413,N,-4.067,1
-4.713,-4.639,2,G,413,P,-5,1
-2.072,-2.147,10,G,413,Q,-2.126,10
-3.118,-3.514,5,G,413,R,-4.094,1
-0.4288,-0.2733,8,G,413,S,-0.2049,4
-2.781,-3.114,9,G,413,T,-3.064,4
-5.21,-4.786,10,G,413,V,-5,2
-5.545,-4.853,7,G,413,W,-5,6
-5.364,-4.819,3,G,413,Y,-5,2
-0.8517,-0.6339,6,S,414,-,,
-0.4861,-0.3166,2,S,414,A,-0.1054,1
-0.5781,-0.3897,3,S,414,C,,
-2.095,-2.18,8,S,414,D,-2.587,2
0.2491,0.1219,7,S,414,E,0.06383,3
2.929,0.5686,2,S,414,F,,
-2.965,-3.339,2,S,414,G,-3.39,1
1.914,0.5064,3,S,414,H,0.6864,2
0.114,0.05882,14,S,414,I,-0.3073,6
-1.337,-1.165,2,S,414,K,-1.239,2
-0.6958,-0.4898,6,S,414,L,-0.2655,5
-1.407,-1.25,2,S,414,M,-0.1326,1
-0.5249,-0.3469,10,S,414,N,-0.1603,2
-4.522,-4.563,7,S,414,P,-5,3
-0.423,-0.269,5,S,414,R,-0.05181,1
0,0,,S,414,S,0,
-0.7798,-0.5657,5,S,414,T,-0.4176,3
1.448,0.4497,4,S,414,V,0.1798,3
-0.867,-0.6487,3,S,414,W,-1.094,3
-0.1176,-0.06647,4,S,414,Y,0.5568,3
-0.04827,-0.02655,7,L,415,-,,
-2.447,-2.671,5,L,415,A,-2.838,3
-1.985,-2.024,11,L,415,C,-2.534,6
-4.484,-4.547,6,L,415,D,-5,4
-5.647,-4.87,8,L,415,E,-5,5
-1.44,-1.292,5,L,415,F,-0.1715,2
-3.279,-3.686,5,L,415,G,-3.865,4
-4.968,-4.722,2,L,415,H,-5,1
0.1007,0.05226,8,L,415,I,0.972,3
-5.885,-4.903,4,L,415,K,-5,3
0,0,,L,415,L,0,
0.0909,0.04734,12,L,415,M,-0.237,3
-5.458,-4.838,4,L,415,N,-5,4
-5.479,-4.842,5,L,415,P,-5,3
-5.07,-4.751,4,L,415,Q,-5,1
-5.069,-4.75,6,L,415,R,-5,3
-5.968,-4.913,7,L,415,S,-5,3
-4.562,-4.58,1,L,415,T,-4.881,1
-4.08,-4.336,2,L,415,V,,
-5.254,-4.796,2,L,415,W,-5,2
-5.506,-4.846,5,L,415,Y,-5,4
-5.632,-4.868,4,Y,416,*,-5,2
-0.8653,-0.6471,7,Y,416,-,,
-0.4478,-0.2875,6,Y,416,A,0.3417,3
-1.341,-1.169,3,Y,416,C,,
-3.714,-4.08,6,Y,416,D,-4.51,5
-2.525,-2.778,4,Y,416,E,-2.706,1
0.2256,0.1114,12,Y,416,F,-0.2239,6
0.1263,0.06486,11,Y,416,G,0.3562,4
-0.456,-0.2936,10,Y,416,H,0.498,4
-2.303,-2.472,5,Y,416,I,-2.563,5
-0.8716,-0.6532,3,Y,416,K,-0.7788,2
-1.601,-1.5,2,Y,416,L,,
-0.2618,-0.1565,3,Y,416,M,-0.2025,1
-5.511,-4.847,3,Y,416,N,-5,2
0.8882,0.3391,2,Y,416,Q,,
3.018,0.5717,4,Y,416,R,0.3564,2
0.4214,0.1927,4,Y,416,S,0.6562,1
-0.3758,-0.2347,5,Y,416,T,-0.386,4
-1.569,-1.458,3,Y,416,V,-2.018,1
4.009,0.5923,8,Y,416,W,-0.312,2
0,0,,Y,416,Y,0,
0.2581,0.1259,6,V,417,-,,
0.3534,0.166,5,V,417,A,-0.09535,4
-5.604,-4.863,6,V,417,D,-5,5
-3.641,-4.021,3,V,417,E,-3.925,2
-1.99,-2.032,4,V,417,F,-1.757,3
-4.495,-4.552,6,V,417,G,-5,5
-5.319,-4.81,3,V,417,H,-5,3
0.07202,0.03779,7,V,417,I,0.2083,3
-5.441,-4.835,5,V,417,K,-5,3
-1.269,-1.083,13,V,417,L,0.5526,2
-0.9837,-0.7661,9,V,417,M,-0.5108,3
-5.144,-4.77,5,V,417,N,-5,3
-5.265,-4.798,7,V,417,P,-5,4
-5.86,-4.9,4,V,417,Q,,
-1.012,-0.7959,5,V,417,S,-0.5308,1
0.1844,0.09255,3,V,417,T,0.3229,3
0,0,,V,417,V,0,
-0.4796,-0.3116,8,V,417,W,-0.02952,5
-4.78,-4.663,6,V,417,Y,-4.841,4
-0.3643,-0.2265,6,S,418,-,,
1.549,0.4643,5,S,418,A,0.4694,4
-2.358,-2.548,6,S,418,C,-3.243,1
-0.9827,-0.765,3,S,418,D,-0.5729,2
1.427,0.4466,4,S,418,E,0.5566,2
0.3196,0.1521,13,S,418,F,0.3631,8
-1.455,-1.311,10,S,418,G,-1.236,2
-0.3913,-0.2459,10,S,418,I,0.08931,3
-2.046,-2.11,3,S,418,K,-1.967,1
2.277,0.536,3,S,418,L,,
1.097,0.3873,4,S,418,M,0.1635,3
-2.363,-2.555,9,S,418,N,-1.707,2
-5.386,-4.824,6,S,418,P,-5,3
1.874,0.5025,1,S,418,Q,,
1.779,0.4926,2,S,418,R,,
0,0,,S,418,S,0,
-0.3207,-0.1961,8,S,418,T,-0.007169,7
0.8723,0.335,4,S,418,V,0.4549,4
0.2039,0.1016,3,S,418,W,0.0762,2
-0.6037,-0.4109,4,S,418,Y,0.06175,3
-5.605,-4.863,12,W,419,*,-5,1
-1.637,-1.547,7,W,419,-,,
-1.08,-0.8684,3,W,419,A,,
-0.3306,-0.203,15,W,419,C,-0.05564,7
-5.636,-4.868,3,W,419,D,-5,2
-5.632,-4.868,7,W,419,E,-5,3
-0.3496,-0.2162,5,W,419,F,-0.134,2
-1.402,-1.244,4,W,419,G,-1.24,2
-1.316,-1.14,2,W,419,H,,
-1.939,-1.96,3,W,419,I,-3.042,2
-1.796,-1.762,5,W,419,K,-1.62,4
-1.305,-1.126,12,W,419,L,-1.071,4
-1.083,-0.8718,8,W,419,M,-0.1995,5
-2.176,-2.293,4,W,419,N,-2.32,3
-5.168,-4.776,9,W,419,P,-5,5
-1.495,-1.362,6,W,419,Q,-0.3821,1
-3.462,-3.865,9,W,419,R,-3.859,2
1.479,0.4544,2,W,419,S,1.052,1
0.823,0.3221,2,W,419,T,0.2408,2
-0.02996,-0.01636,7,W,419,V,0.1056,5
0,0,,W,419,W,0,
1.164,0.4007,2,W,419,Y,0.5768,1
-0.9847,-0.7671,6,S,420,-,,
-0.1846,-0.1071,1,S,420,A,,
-1.14,-0.9348,5,S,420,C,-1.454,2
0.5248,0.2305,5,S,420,D,-0.6601,1
-0.5674,-0.3809,3,S,420,E,-0.7344,3
-0.205,-0.1199,7,S,420,F,0.0244,2
0.4648,0.209,12,S,420,G,0.2344,9
-0.7435,-0.5325,6,S,420,H,-1.153,4
1.238,0.4148,9,S,420,I,0.3443,7
0.3807,0.1769,2,S,420,K,0.1616,1
0.6821,0.2818,3,S,420,L,0.2124,1
3.027,0.572,3,S,420,M,,
0.6563,0.2739,5,S,420,N,0.3271,4
-6.808,-4.979,10,S,420,P,-5,4
-0.9047,-0.6858,4,S,420,Q,0.6498,3
0.7401,0.299,2,S,420,R,0.2211,2
0,0,,S,420,S,0,
0.1749,0.0881,7,S,420,T,0.0515,4
0.7528,0.3027,1,S,420,V,,
0.6402,0.2688,4,S,420,W,0.2222,3
-0.4159,-0.2638,5,S,420,Y,,
-2.428,-2.645,6,D,421,-,,
-0.4495,-0.2887,9,D,421,A,-0.2184,5
-0.9892,-0.7718,7,D,421,C,-0.2471,3
0,0,,D,421,D,0,
0.06335,0.03335,4,D,421,E,-0.4676,1
-0.08081,-0.04502,1,D,421,F,-0.08431,1
-0.345,-0.213,4,D,421,G,-0.767,3
-0.6047,-0.4117,3,D,421,H,,
-0.9459,-0.7273,4,D,421,I,-0.9517,1
-1.911,-1.921,6,D,421,K,-1.378,1
-0.2046,-0.1196,3,D,421,L,-0.143,3
-0.2029,-0.1185,4,D,421,M,0.00208,4
0.3016,0.1445,5,D,421,N,0.5871,1
-0.4885,-0.3184,3,D,421,P,-0.5619,1
0.3758,0.175,7,D,421,Q,0.5207,5
1.218,0.4112,5,D,421,R,0.3343,4
-0.2279,-0.1344,8,D,421,S,0.5312,5
-0.44,-0.2816,9,D,421,T,0.1475,4
-0.02275,-0.01239,12,D,421,V,-0.4888,10
-0.8106,-0.5946,7,D,421,W,-0.9222,3
-1.124,-0.917,10,D,421,Y,-0.761,1
-0.5405,-0.3593,8,G,422,-,,
-5.005,-4.733,7,G,422,A,-5,6
-5.099,-4.758,10,G,422,C,-5,5
-4.793,-4.667,9,G,422,D,-5,6
-6.381,-4.952,4,G,422,E,-5,2
-5.454,-4.837,9,G,422,F,-5,3
0,0,,G,422,G,0,
-5.51,-4.847,5,G,422,H,-5,4
-5.942,-4.91,8,G,422,I,-5,3
-8.866,-5.024,6,G,422,K,-5,2
-5.23,-4.79,20,G,422,L,-5,11
-6.342,-4.949,10,G,422,M,-5,7
-5.571,-4.858,6,G,422,N,-5,4
-5.272,-4.8,4,G,422,P,-5,3
-5.591,-4.861,3,G,422,Q,-5,3
-5.401,-4.827,4,G,422,R,-5,1
-4.237,-4.426,8,G,422,S,-5,6
-4.695,-4.632,5,G,422,T,-5,4
-6.844,-4.981,10,G,422,V,-5,5
-6.015,-4.919,3,G,422,W,-5,1
-6.605,-4.968,16,G,422,Y,-5,6
-0.5407,-0.3594,7,D,423,-,,
0.2896,0.1395,4,D,423,A,0.1348,3
-1.252,-1.063,3,D,423,C,-1.126,3
0,0,,D,423,D,0,
1.278,0.4219,4,D,423,E,0.06909,1
0.4232,0.1934,7,D,423,F,-0.6092,3
-0.7762,-0.5625,10,D,423,G,-0.2583,7
0.3403,0.1607,2,D,423,H,0.0912,2
-1.133,-0.9265,4,D,423,I,-0.9504,4
0.01362,0.007312,6,D,423,K,0.5731,2
-0.5405,-0.3593,1,D,423,L,,
1.628,0.4747,7,D,423,M,0.1075,4
-0.161,-0.09256,11,D,423,N,-0.361,5
-1.275,-1.09,11,D,423,P,-1.144,7
0.3804,0.1768,3,D,423,Q,0.2099,2
-0.5444,-0.3624,8,D,423,R,-0.3152,5
-1.079,-0.8677,3,D,423,S,-1.178,3
0.4359,0.1982,3,D,423,T,-0.2942,2
0.06353,0.03344,4,D,423,V,0.1867,3
-0.4499,-0.289,5,D,423,W,-0.4899,2
-0.0571,-0.03152,22,D,423,Y,0.3438,3
0.7026,0.288,7,V,424,-,,
-0.1142,-0.06447,10,V,424,A,0.2122,2
-0.8469,-0.6292,2,V,424,C,,
-0.2338,-0.1383,7,V,424,D,-0.4043,4
1.104,0.3886,2,V,424,E,0.2929,1
-0.5445,-0.3625,5,V,424,F,-0.426,2
0.4372,0.1987,4,V,424,G,-1.965,2
-0.1179,-0.06664,4,V,424,H,-0.1192,4
0.4742,0.2124,6,V,424,I,0.4512,5
-0.4691,-0.3036,9,V,424,K,-0.8158,5
0.3621,0.1695,11,V,424,L,-0.5441,6
-1.365,-1.199,10,V,424,M,-0.8606,3
-3.994,-4.281,7,V,424,N,-2.884,2
-1.822,-1.798,8,V,424,P,-1.754,7
0.01976,0.01058,7,V,424,Q,-0.2591,4
0.09435,0.04907,2,V,424,R,0.09047,1
-0.1842,-0.1068,6,V,424,S,0.0629,4
1.034,0.3737,5,V,424,T,1.044,3
0,0,,V,424,V,0,
0.7764,0.3094,2,V,424,W,0.4968,1
-0.4776,-0.3101,8,V,424,Y,-0.5119,5
0.3198,0.1522,7,I,425,-,,
-2.171,-2.287,3,I,425,A,,
-0.1321,-0.07509,3,I,425,C,0.2749,2
-5.344,-4.815,2,I,425,D,-5,2
-5.658,-4.872,6,I,425,E,-5,2
-0.2984,-0.1809,1,I,425,F,,
-4.902,-4.702,1,I,425,G,-5,1
-0.299,-0.1813,5,I,425,H,0.1896,2
0,0,,I,425,I,0,
1.055,0.3783,2,I,425,K,0.3904,1
-0.81,-0.594,1,I,425,L,,
-0.7008,-0.4942,6,I,425,M,1.116,1
-2.214,-2.347,6,I,425,N,-2.286,4
-5.504,-4.846,5,I,425,P,-5,4
-3.004,-3.384,6,I,425,Q,-3.829,2
-0.1049,-0.05897,6,I,425,R,-0.1302,6
-1.656,-1.573,2,I,425,S,-1.656,1
-0.892,-0.6733,5,I,425,T,-0.3529,1
-0.2856,-0.1723,2,I,425,V,-0.2328,1
-5.799,-4.892,6,I,425,W,-5,4
2.332,0.5396,2,I,425,Y,0.6255,2
0.08624,0.04499,5,T,426,-,,
2.246,0.5338,6,T,426,A,0.00058,4
1.303,0.4264,5,T,426,C,-0.2637,3
-5.96,-4.912,6,T,426,D,-5,3
-2.063,-2.135,4,T,426,E,-1.841,3
-1.572,-1.462,3,T,426,F,-1.606,3
-1.402,-1.244,4,T,426,G,-1.293,2
-1.949,-1.975,3,T,426,H,-2.671,1
-2.45,-2.676,6,T,426,I,-1.177,1
-2.423,-2.639,1,T,426,K,-2.728,1
-1.783,-1.745,6,T,426,L,-1.64,1
1.496,0.4568,6,T,426,M,-0.6416,3
-1.084,-0.8722,7,T,426,N,-0.7123,3
-5.496,-4.845,5,T,426,P,-5,2
0.01919,0.01028,3,T,426,Q,-0.0289,2
-0.6937,-0.4879,7,T,426,R,-0.3814,6
-1.767,-1.723,1,T,426,S,-1.813,1
0,0,,T,426,T,0,
-0.4053,-0.256,1,T,426,V,,
-0.9627,-0.7444,7,T,426,W,-0.5115,6
-4.192,-4.401,2,T,426,Y,-5,1
-1.358,-1.19,6,G,427,-,,
0.0852,0.04447,9,G,427,A,0.6593,6
-3.258,-3.665,4,G,427,C,-3.566,2
-6.031,-4.92,3,G,427,D,-5,1
-5.48,-4.842,10,G,427,E,-5,5
-5.591,-4.861,8,G,427,F,-5,8
0,0,,G,427,G,0,
-5.318,-4.81,9,G,427,H,-5,7
-6.945,-4.986,2,G,427,I,-4.991,2
-5.178,-4.778,3,G,427,K,-5,2
-3.984,-4.275,7,G,427,L,-5,5
-5.451,-4.836,4,G,427,M,-5,3
-5.332,-4.813,6,G,427,N,-5,5
-9.547,-5.027,14,G,427,P,-5,6
-5.421,-4.831,4,G,427,Q,-5,3
-5.542,-4.853,7,G,427,R,-5,3
-1.323,-1.148,2,G,427,S,-0.8797,1
-3.398,-3.804,4,G,427,T,-4.148,3
-7.469,-5.004,16,G,427,V,-5,5
-6.716,-4.974,24,G,427,W,-5,7
-6.911,-4.984,11,G,427,Y,-5,4
-1.983,-2.022,7,V,428,-,,
-2.465,-2.696,8,V,428,A,-2.776,2
-1.911,-1.921,5,V,428,C,-2.196,2
-6.525,-4.963,5,V,428,D,-5,4
-3.001,-3.381,2,V,428,E,-3.668,1
-1.042,-0.8272,7,V,428,F,-0.4773,4
-3.548,-3.942,11,V,428,G,-4.014,4
-1.252,-1.063,3,V,428,H,-0.5793,1
0.8627,0.3326,5,V,428,I,0.5013,4
-5.381,-4.823,4,V,428,K,-5,2
-1.797,-1.764,13,V,428,L,-0.7791,2
-0.2536,-0.1511,8,V,428,M,-0.2637,4
-3.556,-3.949,9,V,428,N,-4.534,3
-6.56,-4.965,5,V,428,P,-5,3
-0.2605,-0.1556,3,V,428,Q,-0.1105,2
-1.997,-2.042,7,V,428,R,-1.753,5
-6.702,-4.974,3,V,428,S,-4.96,2
-1.056,-0.8426,3,V,428,T,-0.676,3
0,0,,V,428,V,0,
0.2802,0.1354,6,V,428,W,0.4117,4
-1.489,-1.353,6,V,428,Y,-1.173,5
-1.71,-1.646,7,P,429,-,,
-1.601,-1.499,3,P,429,A,-1.928,3
-4.037,-4.309,4,P,429,C,-4.628,3
-0.8879,-0.6692,6,P,429,D,-0.3548,3
-0.8139,-0.5977,4,P,429,E,-0.7181,4
-3.112,-3.507,1,P,429,F,,
2.118,0.5243,1,P,429,G,,
-0.5739,-0.3862,2,P,429,H,-0.4542,2
-0.6504,-0.4503,11,P,429,I,-0.797,7
-1.574,-1.464,6,P,429,K,-1.381,3
1.518,0.46,3,P,429,L,0.5808,1
-1.355,-1.187,2,P,429,M,-1.277,1
-1.008,-0.7913,8,P,429,N,-0.7848,6
0,0,,P,429,P,0,
-0.8477,-0.6299,7,P,429,Q,-0.4239,5
-1.629,-1.537,5,P,429,R,-1.904,3
-0.8198,-0.6033,8,P,429,S,0.04448,1
-0.434,-0.2772,9,P,429,T,-1.846,3
-1.562,-1.448,3,P,429,V,-1.068,1
-0.1565,-0.08982,10,P,429,W,-0.1628,4
-0.9988,-0.7818,6,P,429,Y,-1.343,4
-0.7932,-0.5782,7,K,430,-,,
0.072,0.03778,5,K,430,A,0.3196,4
-1.875,-1.872,3,K,430,C,-1.822,1
5.879,0.6027,3,K,430,D,0.5246,2
0.8588,0.3316,3,K,430,E,0.7573,1
1.024,0.3713,8,K,430,F,-0.5338,3
-0.4599,-0.2966,3,K,430,G,-0.246,2
0.3192,0.152,3,K,430,H,0.2094,3
-0.0003668,-0.0001978,2,K,430,I,-0.0734,2
0,0,,K,430,K,0,
3.407,0.5822,4,K,430,L,0.3503,3
2.236,0.5331,4,K,430,M,-0.9973,2
-0.08412,-0.04693,12,K,430,N,0.5055,3
-3.295,-3.702,4,K,430,P,-4.045,3
-1.258,-1.07,5,K,430,Q,-0.9021,3
0.1345,0.06884,7,K,430,R,0.1584,2
0.2618,0.1275,5,K,430,S,-0.8746,2
1.043,0.3757,4,K,430,T,0.1483,4
-1.09,-0.8792,7,K,430,V,-0.9778,6
1.707,0.4844,6,K,430,W,0.9018,1
-7.965,-5.014,3,K,430,Y,1.361,1
-0.6595,-0.4581,8,P,431,-,,
1.61,0.4724,1,P,431,A,0.5146,1
-1.117,-0.909,6,P,431,C,-0.9616,3
0.4982,0.2211,6,P,431,D,0.0786,4
0.8604,0.332,4,P,431,E,-0.8677,1
-0.3977,-0.2505,4,P,431,F,0.1142,2
-1.565,-1.453,4,P,431,G,0.9848,1
-0.3575,-0.2218,11,P,431,H,-0.4982,6
-2.142,-2.246,3,P,431,I,-2.16,2
0.4858,0.2166,4,P,431,K,-0.06548,1
-0.3275,-0.2008,5,P,431,L,-0.3651,3
-0.7992,-0.5839,3,P,431,M,-1.801,2
1.469,0.453,7,P,431,N,0.55,5
0,0,,P,431,P,0,
7.205,0.6041,6,P,431,Q,0.2194,2
0.6224,0.2632,6,P,431,R,0.04485,4
-0.2211,-0.1301,8,P,431,S,-0.2932,3
-0.9863,-0.7688,11,P,431,T,-1.168,4
-2.16,-2.271,5,P,431,V,-2.842,4
-1.063,-0.8496,10,P,431,W,-0.8391,8
0.07709,0.04037,7,P,431,Y,0.2199,5
-1.264,-1.077,9,V,432,-,,
-1.195,-0.9973,6,V,432,A,-0.05908,3
-0.5086,-0.3341,7,V,432,C,-0.6352,4
2.479,0.5484,5,V,432,D,0.6816,3
-0.4683,-0.303,8,V,432,E,0.2833,3
-2.712,-3.025,7,V,432,F,-2.682,3
1.439,0.4484,4,V,432,G,-0.1547,2
1.173,0.4026,8,V,432,H,0.5683,3
-0.228,-0.1345,8,V,432,I,-0.1599,5
-0.5204,-0.3433,5,V,432,K,-0.4286,4
-0.4154,-0.2634,10,V,432,L,0.6383,1
0.1497,0.0762,9,V,432,M,-1.169,2
0.07755,0.0406,5,V,432,N,-0.1332,4
-1.66,-1.578,3,V,432,P,,
-1.386,-1.224,5,V,432,Q,-1.096,1
-0.3566,-0.2211,5,V,432,R,-0.751,4
-0.01393,-0.007559,1,V,432,S,,
-0.1034,-0.05811,1,V,432,T,,
0,0,,V,432,V,0,
-1.07,-0.8575,3,V,432,W,,
0.8336,0.325,2,V,432,Y,,
-4.646,-4.614,8,E,433,*,-4.615,1
-1.385,-1.223,9,E,433,-,,
-0.2674,-0.1602,3,E,433,A,-0.5709,2
-0.5502,-0.367,5,E,433,C,,
-0.7585,-0.5461,14,E,433,D,-0.4707,6
0,0,,E,433,E,0,
-0.4437,-0.2844,2,E,433,F,-0.6782,1
-1.569,-1.457,4,E,433,G,-1.995,1
-2.125,-2.222,2,E,433,H,-2.313,1
0.08384,0.04379,10,E,433,I,0.3594,6
-1.178,-0.9779,15,E,433,K,-1.13,9
-0.7074,-0.5,4,E,433,L,0.2,1
-0.4298,-0.274,3,E,433,M,0.3233,2
-0.1792,-0.1038,5,E,433,N,-0.112,3
-1.325,-1.151,2,E,433,P,-1.225,2
-0.02271,-0.01237,8,E,433,Q,0.08061,5
-0.3335,-0.205,2,E,433,R,-0.2987,2
0.01855,0.009942,5,E,433,S,-0.9321,3
0.03901,0.02073,10,E,433,T,-0.07972,6
-0.3454,-0.2132,6,E,433,V,-0.5749,4
0.5721,0.2467,6,E,433,W,0.1892,4
2.08,0.5212,1,E,433,Y,0.6583,1
-0.7151,-0.5069,6,G,434,-,,
-2.826,-3.17,10,G,434,A,-3.301,4
-4.295,-4.456,15,G,434,C,-5,1
-3.188,-3.591,9,G,434,D,-3.643,5
-1.472,-1.332,6,G,434,E,-1.113,5
-1.809,-1.781,6,G,434,F,-2.12,5
0,0,,G,434,G,0,
-1.366,-1.2,5,G,434,H,-1.3,4
-4.903,-4.703,8,G,434,I,-5,2
-2.6,-2.879,2,G,434,K,-3.49,2
-3.613,-3.998,9,G,434,L,-3.763,6
-2.52,-2.771,5,G,434,M,-2.631,4
-2.608,-2.889,10,G,434,N,-2.328,7
-1.682,-1.608,7,G,434,P,-1.488,5
-2.83,-3.175,6,G,434,Q,-3.327,2
-4.549,-4.575,8,G,434,R,-5,5
-2.051,-2.117,7,G,434,S,-1.89,1
-2.333,-2.514,6,G,434,T,-2.776,3
-4.017,-4.296,5,G,434,V,-5,2
-2.152,-2.26,6,G,434,W,-1.942,4
-1.265,-1.078,4,G,434,Y,-1.72,2
-0.8495,-0.6317,3,V,435,-,,
-1.828,-1.806,2,V,435,A,-1.888,1
-2.316,-2.491,1,V,435,C,-2.581,1
-4.711,-4.638,10,V,435,D,-5,7
-4.952,-4.718,3,V,435,E,-5,3
-2.142,-2.246,9,V,435,F,-2.434,5
-2.308,-2.479,9,V,435,G,-1.737,3
-3.941,-4.247,8,V,435,H,-4.41,3
4.097,0.5934,10,V,435,I,-0.4691,5
-2.875,-3.23,2,V,435,K,-3.831,1
-0.6996,-0.4931,7,V,435,L,-0.2878,3
-1.414,-1.26,3,V,435,M,-1.642,1
-4.862,-4.69,7,V,435,N,-5,5
-4.8,-4.67,4,V,435,P,-4.836,2
-3.185,-3.587,4,V,435,Q,-3.719,2
-2.594,-2.871,6,V,435,R,-2.8,4
-3.64,-4.021,4,V,435,S,-4.105,2
-1.945,-1.968,9,V,435,T,-1.929,5
0,0,,V,435,V,0,
-1.804,-1.774,3,V,435,W,-1.71,3
-2.264,-2.418,7,V,435,Y,-2.252,2
-0.3849,-0.2412,3,S,436,-,,
0.4427,0.2008,6,S,436,A,0.1489,2
-1.34,-1.169,3,S,436,C,-1.298,2
0.5876,0.2518,5,S,436,D,0.0525,2
0.4635,0.2085,7,S,436,E,0.1979,2
-1.752,-1.702,3,S,436,F,-1.782,3
0.37,0.1727,9,S,436,G,0.2615,5
-0.8958,-0.677,4,S,436,H,-0.9161,3
0.5083,0.2247,9,S,436,I,-0.2529,4
-0.9513,-0.7328,6,S,436,K,-0.6079,2
-0.8481,-0.6303,4,S,436,L,-0.8157,1
-0.02488,-0.01356,3,S,436,M,0.7087,2
2.5,0.5496,7,S,436,N,0.3672,1
-3.628,-4.011,6,S,436,P,-4.118,5
0.1568,0.07956,3,S,436,Q,0.511,2
1.931,0.508,2,S,436,R,-1.68,1
0,0,,S,436,S,0,
0.1584,0.08033,11,S,436,T,0.1071,7
1.139,0.3958,4,S,436,V,0.2906,4
5.697,0.6023,7,S,436,W,-0.0736,4
2.637,0.5565,1,S,436,Y,,
-2.186,-2.307,4,S,437,-,,
2.428,0.5455,3,S,437,A,0.49,3
0.5862,0.2514,3,S,437,C,0.4676,2
-2.235,-2.377,4,S,437,D,-2.38,3
-0.9612,-0.7429,3,S,437,E,-0.4641,1
-3.581,-3.971,7,S,437,F,-3.599,1
0.5892,0.2524,6,S,437,G,0.1966,3
-3.294,-3.701,6,S,437,H,-3.58,2
-5.887,-4.904,6,S,437,I,,
-0.6532,-0.4527,8,S,437,K,-0.8224,5
-1.603,-1.502,4,S,437,L,-1.59,2
-2.807,-3.146,3,S,437,M,-3.216,2
-0.1239,-0.07021,13,S,437,N,0.1283,4
-0.8347,-0.6175,4,S,437,P,-0.6889,1
-0.5171,-0.3407,6,S,437,Q,-0.1577,2
-0.5933,-0.4022,5,S,437,R,-0.7892,2
0,0,,S,437,S,0,
-0.5133,-0.3377,6,S,437,T,-0.09554,4
-4.262,-4.439,10,S,437,V,-4.919,7
-0.51,-0.3352,3,S,437,W,-0.05085,2
-3.743,-4.103,8,S,437,Y,-4.552,2
-2.077,-2.155,3,F,438,-,,
0.742,0.2996,6,F,438,A,0.0583,5
0.05938,0.03131,3,F,438,C,0.1284,2
-1.451,-1.306,6,F,438,D,-3.163,2
-2.018,-2.071,7,F,438,E,-1.904,6
0,0,,F,438,F,0,
2.709,0.5598,1,F,438,G,0.9449,1
0.07119,0.03736,3,F,438,H,-0.005395,1
-1.559,-1.444,7,F,438,I,-1.538,5
-4.915,-4.706,2,F,438,K,-5,1
-1.097,-0.8869,3,F,438,L,-0.8264,1
-0.7626,-0.5498,6,F,438,M,-0.3637,4
-0.2635,-0.1576,4,F,438,N,-0.2209,2
0.02157,0.01155,2,F,438,P,-0.07531,2
-1.009,-0.7922,5,F,438,Q,-0.5446,2
-2.505,-2.75,4,F,438,R,-3.491,1
0.05045,0.02669,7,F,438,S,0.3138,4
-1.167,-0.9652,3,F,438,T,-1.169,2
-1.909,-1.919,5,F,438,V,-2.447,2
-0.6351,-0.4372,1,F,438,W,-0.4873,1
-0.1693,-0.09764,12,F,438,Y,-0.2133,8
-0.3595,-0.2232,2,M,439,-,,
-0.9249,-0.706,5,M,439,A,-0.8638,3
0.5007,0.222,10,M,439,C,0.5284,7
-1.352,-1.183,4,M,439,D,-1.263,4
-1.437,-1.288,5,M,439,E,-0.5592,3
0.05489,0.029,2,M,439,F,-0.4913,1
-0.281,-0.1692,4,M,439,G,-0.4039,1
-0.3594,-0.2231,2,M,439,H,,
-0.2401,-0.1423,39,M,439,I,-0.5111,3
-0.8797,-0.6611,6,M,439,K,-1.402,2
-0.05331,-0.02938,7,M,439,L,0.1972,4
0,0,,M,439,M,0,
2.812,0.5642,2,M,439,N,,
-2.332,-2.513,2,M,439,P,-2.598,1
-0.7625,-0.5498,5,M,439,Q,-0.5923,3
-0.545,-0.3629,7,M,439,R,0.4475,4
-1.532,-1.409,5,M,439,S,-1.094,5
-0.5117,-0.3365,3,M,439,T,-0.2581,2
1.617,0.4733,5,M,439,V,,
0.8998,0.342,4,M,439,W,-0.01655,1
0.788,0.3126,3,M,439,Y,0.6815,2
0.4084,0.1877,1,N,440,-,,
-0.958,-0.7396,4,N,440,A,-0.2607,2
-2.418,-2.631,7,N,440,C,-2.397,5
-0.3139,-0.1915,7,N,440,D,0.2721,1
0.6496,0.2718,8,N,440,E,0.3689,6
-3.684,-4.056,8,N,440,F,-3.666,3
-1.632,-1.54,2,N,440,G,-2.085,1
-0.3932,-0.2472,4,N,440,H,0.595,2
-2.87,-3.225,1,N,440,I,-3.35,1
2.749,0.5616,5,N,440,K,-0.08662,3
-3.888,-4.21,4,N,440,L,,
-1.016,-0.7994,5,N,440,M,-0.4046,2
0,0,,N,440,N,0,
-5.129,-4.766,8,N,440,P,-5,2
-1.096,-0.8859,6,N,440,Q,-0.5207,3
-0.9755,-0.7576,4,N,440,R,-1.527,3
0.9032,0.3429,5,N,440,S,-0.2018,2
0.2864,0.1381,11,N,440,T,0.376,8
-2.447,-2.671,5,N,440,V,-2.884,5
-2.758,-3.084,5,N,440,W,-3.05,1
-1.819,-1.794,7,N,440,Y,-2.033,6
-4.413,-4.515,3,V,441,A,-5,1
-3.324,-3.732,5,V,441,C,-2.9,2
-6.15,-4.932,8,V,441,D,-5,3
-5.497,-4.845,7,V,441,E,-5,3
-0.372,-0.232,10,V,441,F,0.5281,2
-5.601,-4.863,5,V,441,G,-5,1
-3.683,-4.056,5,V,441,H,-4.175,4
1.448,0.4498,8,V,441,I,0.8025,6
-6.144,-4.932,3,V,441,K,-5,2
-1.665,-1.585,2,V,441,L,-1.787,2
-0.5458,-0.3635,5,V,441,M,1.064,2
-5.455,-4.837,4,V,441,N,-5,1
-5.402,-4.827,3,V,441,P,,
-6.388,-4.953,5,V,441,Q,-5,1
-5.022,-4.738,6,V,441,R,-5,1
-5.334,-4.813,3,V,441,S,-5,1
-2.405,-2.613,7,V,441,T,-1.845,2
0,0,,V,441,V,0,
-4.768,-4.658,3,V,441,W,-4.758,2
-1.407,-1.25,4,V,441,Y,,
-0.1225,-0.06937,7,T,442,A,-0.6714,1
-2.791,-3.127,11,T,442,C,-2.841,5
-8.321,-5.019,3,T,442,D,-5,1
-0.989,-0.7716,5,T,442,E,-0.1302,2
-1.412,-1.257,11,T,442,F,-0.9683,7
-5.227,-4.79,5,T,442,G,-5,2
4.117,0.5936,2,T,442,H,0.8857,1
-0.9476,-0.7289,8,T,442,I,-0.2627,2
-1.805,-1.775,2,T,442,K,-1.868,1
-1.39,-1.23,7,T,442,M,-1.343,6
-3.052,-3.441,6,T,442,N,-3.708,3
-4.965,-4.722,3,T,442,P,-5,1
-1.167,-0.9648,1,T,442,Q,,
-0.6059,-0.4127,4,T,442,R,-0.1036,1
-0.3409,-0.2101,6,T,442,S,-0.0174,4
0,0,,T,442,T,0,
1.941,0.5091,1,T,442,V,0.6315,1
-1.603,-1.502,12,T,442,W,-1.018,9
0.3731,0.1739,2,T,442,Y,0.1142,2
-5.729,-4.882,2,L,443,A,-4.068,2
-4.747,-4.651,5,L,443,C,-4.775,2
-5.467,-4.839,9,L,443,D,-5,4
-4.095,-4.345,4,L,443,E,-4.323,2
0.2716,0.1317,7,L,443,F,-0.1129,5
-4.482,-4.546,7,L,443,G,-5,4
-5.118,-4.763,15,L,443,H,-5,5
0.9115,0.3449,4,L,443,I,-0.4287,2
-2.528,-2.781,1,L,443,K,,
0,0,,L,443,L,0,
-0.955,-0.7365,17,L,443,M,-0.8025,8
-3.84,-4.176,4,L,443,N,,
-5.505,-4.846,5,L,443,P,-5,2
-2.307,-2.477,2,L,443,Q,-2.542,1
-3.596,-3.983,8,L,443,R,-3.841,4
-5.539,-4.852,12,L,443,S,-5,9
0.06153,0.03241,13,L,443,T,0.5869,7
-0.2479,-0.1474,7,L,443,V,0.2178,4
-4.57,-4.584,4,L,443,W,-5,4
-0.9128,-0.6939,5,L,443,Y,-1.025,3
-0.8913,-0.6725,1,N,444,-,,
-0.8955,-0.6767,3,N,444,A,0.1066,1
-2.041,-2.104,8,N,444,C,-1.667,4
-0.2214,-0.1303,5,N,444,D,-1.062,1
-0.4797,-0.3117,1,N,444,E,-0.4008,1
-1.431,-1.281,4,N,444,F,-0.8697,3
0.0299,0.01595,3,N,444,G,0.1466,1
-1.992,-2.035,1,N,444,H,-2.098,1
-5.366,-4.82,4,N,444,I,-5,3
-0.5993,-0.4072,9,N,444,K,-0.4926,7
-1.899,-1.904,9,N,444,L,-1.722,7
0.7827,0.3111,2,N,444,M,0.4979,1
0,0,,N,444,N,0,
-5.183,-4.779,5,N,444,P,-5,2
-1.678,-1.602,4,N,444,R,-1.37,3
0.03672,0.01954,3,N,444,S,-0.05385,2
-2.853,-3.203,9,N,444,T,-3.372,6
-5.449,-4.836,6,N,444,V,-5,3
-2.076,-2.153,4,N,444,W,-2.245,2
0.09099,0.04738,1,N,444,Y,,
-1.144,-0.9394,2,K,445,-,,
2.281,0.5362,4,K,445,A,0.4215,3
-0.7104,-0.5027,5,K,445,C,-0.1734,4
-1.018,-0.8024,3,K,445,D,-1.337,1
-1.57,-1.459,10,K,445,E,-1.512,1
-1.409,-1.253,4,K,445,F,-1.42,2
-0.6659,-0.4636,4,K,445,G,-0.3564,3
-0.5157,-0.3396,4,K,445,H,-0.4838,3
-4.385,-4.501,2,K,445,I,,
0,0,,K,445,K,0,
-0.8927,-0.6739,7,K,445,L,-0.47,1
-0.3099,-0.1888,4,K,445,M,0.008262,3
-0.3818,-0.239,5,K,445,N,-0.1713,1
-4.935,-4.713,6,K,445,P,-5,4
0.3484,0.164,8,K,445,Q,-0.11,5
0.7183,0.2926,4,K,445,R,0.279,3
-0.4115,-0.2606,10,K,445,S,-0.8162,3
2.687,0.5588,3,K,445,T,0.7418,3
-0.7455,-0.5342,5,K,445,V,-0.9777,2
-2.229,-2.368,3,K,445,W,-2.533,1
-0.8779,-0.6593,8,K,445,Y,-0.3281,2
-3.655,-4.033,3,C,446,*,-4.12,1
-1.706,-1.64,2,C,446,-,,
-4.292,-4.455,5,C,446,A,-4.813,1
0,0,,C,446,C,0,
-5.919,-4.907,5,C,446,D,-5,3
-5.195,-4.782,6,C,446,E,-5,3
-5.239,-4.792,8,C,446,F,-5,1
-5.358,-4.818,7,C,446,G,-5,4
-5.47,-4.84,4,C,446,H,-5,2
-4.717,-4.64,1,C,446,I,-5,1
-5.558,-4.856,5,C,446,K,-5,3
-4.124,-4.362,4,C,446,L,-5,1
-4.242,-4.429,4,C,446,M,-4.591,2
-4.813,-4.674,3,C,446,N,,
-5.482,-4.842,11,C,446,P,-5,5
-6.823,-4.98,8,C,446,Q,-5,1
-5.528,-4.85,7,C,446,R,-5,1
-5.132,-4.767,10,C,446,S,-5,2
-5.228,-4.79,9,C,446,T,-5,5
-4.925,-4.71,1,C,446,V,-5,1
-4.949,-4.717,5,C,446,W,-5,4
-5.44,-4.834,20,C,446,Y,-5,7
-1.177,-0.9767,1,T,447,-,,
-5.227,-4.79,6,T,447,A,-5,4
-0.2478,-0.1473,8,T,447,C,-0.05064,3
-5.349,-4.816,4,T,447,D,-5,3
-5.619,-4.866,3,T,447,E,-5,2
-4.905,-4.704,2,T,447,F,-5,1
-4.241,-4.428,9,T,447,G,-4.66,7
-5.491,-4.844,8,T,447,H,-5,4
-3.713,-4.08,10,T,447,I,-4.133,3
-5.329,-4.812,4,T,447,K,,
-5.482,-4.842,8,T,447,L,-5,4
-5.568,-4.857,7,T,447,M,-5,3
-5.329,-4.812,5,T,447,N,-5,3
-5.227,-4.79,6,T,447,Q,-5,2
-5.42,-4.831,4,T,447,R,-5,2
1.341,0.4328,2,T,447,S,0.3614,2
0,0,,T,447,T,0,
-1.124,-0.9166,8,T,447,V,-0.9415,4
-5.083,-4.754,4,T,447,W,-5,1
-5.014,-4.735,1,T,447,Y,-5,1
-1.198,-1,1,K,448,-,,
-2.37,-2.566,9,K,448,A,-2.363,3
-3.651,-4.03,5,K,448,C,-3.347,2
-6.702,-4.974,5,K,448,D,-5,2
-4.183,-4.396,9,K,448,E,-4.761,4
-4.832,-4.68,3,K,448,F,-4.817,1
-5.271,-4.8,4,K,448,G,-5,2
2.654,0.5574,1,K,448,H,,
-0.8317,-0.6146,5,K,448,I,-1.062,2
0,0,,K,448,K,0,
-1.78,-1.74,7,K,448,L,-1.136,5
-1.953,-1.98,5,K,448,M,-1.923,5
-4.162,-4.384,6,K,448,N,-4.468,2
-5.197,-4.783,4,K,448,P,-5,2
-0.09391,-0.05259,4,K,448,Q,-0.08087,1
-0.8479,-0.6301,6,K,448,R,-1.164,3
-4.387,-4.502,2,K,448,S,-5,1
-1.542,-1.422,1,K,448,T,,
-1.638,-1.548,2,K,448,V,-1.638,2
-1.219,-1.024,4,K,448,W,-0.7426,1
-0.5647,-0.3788,5,K,448,Y,-0.9522,3
-3.052,-3.441,1,Y,449,*,,
-0.7558,-0.5436,2,Y,449,-,,
-4.795,-4.668,8,Y,449,A,-5,5
-5.969,-4.913,12,Y,449,C,-5,7
-4.933,-4.712,3,Y,449,D,-5,1
-5.72,-4.881,6,Y,449,E,-5,4
-0.8624,-0.6442,9,Y,449,F,-0.7021,6
-4.305,-4.462,5,Y,449,G,-5,3
-5.414,-4.829,7,Y,449,H,-5,3
-4.842,-4.684,3,Y,449,I,-5,1
-4.953,-4.718,6,Y,449,K,-4.963,1
-6.632,-4.97,7,Y,449,L,-3.152,2
-5.158,-4.773,5,Y,449,M,-5,2
-7.533,-5.006,6,Y,449,N,-5,3
-4.946,-4.716,3,Y,449,P,-5,1
-5.684,-4.876,3,Y,449,Q,-5,1
-5.013,-4.735,1,Y,449,R,-5,1
-5.456,-4.837,5,Y,449,S,-5,3
-5.213,-4.786,2,Y,449,T,-5,2
-5.121,-4.764,5,Y,449,V,-5,5
-2.014,-2.066,6,Y,449,W,-1.716,3
0,0,,Y,449,Y,0,
-0.7754,-0.5617,1,N,450,-,,
-0.5453,-0.3632,2,N,450,A,-0.4259,2
-1.412,-1.256,2,N,450,C,,
-4.331,-4.475,10,N,450,D,-5,3
-5.414,-4.829,8,N,450,E,-5,5
-2.416,-2.629,2,N,450,F,-2.705,2
-10.51,-5.029,4,N,450,G,-5,3
-0.7681,-0.555,7,N,450,H,-0.08773,4
-0.4057,-0.2563,7,N,450,I,0.3559,2
-4.544,-4.573,6,N,450,K,-5,1
-0.8477,-0.63,4,N,450,L,-0.7217,3
0.9619,0.3571,5,N,450,M,0.4179,2
0,0,,N,450,N,0,
-5.54,-4.852,6,N,450,P,-5,3
-0.348,-0.215,3,N,450,Q,-0.2394,1
-3.234,-3.64,4,N,450,R,-3.653,2
-0.6102,-0.4163,6,N,450,S,-0.9804,3
-2.552,-2.813,6,N,450,T,-2.623,4
0.5664,0.2447,2,N,450,V,,
-1.919,-1.933,5,N,450,W,-2.031,2
-0.5461,-0.3638,4,N,450,Y,-0.1473,3
-1.119,-0.9115,2,I,451,-,,
-4.982,-4.726,3,I,451,A,-5,1
-5.414,-4.829,3,I,451,C,-4.985,2
-4.407,-4.512,9,I,451,D,-5,4
-6.181,-4.935,5,I,451,E,-5,4
-5.428,-4.832,3,I,451,F,-5,2
-4.493,-4.551,1,I,451,G,,
-5.167,-4.775,5,I,451,H,-5,1
0,0,,I,451,I,0,
-5.716,-4.88,7,I,451,K,-5,3
-5.631,-4.867,5,I,451,L,-5,2
-5.046,-4.744,9,I,451,M,-5,5
-6.403,-4.954,10,I,451,N,-5,6
-6.063,-4.924,3,I,451,P,-5,1
-5.439,-4.834,5,I,451,Q,-5,5
-5.481,-4.842,6,I,451,R,-5,4
-5.882,-4.903,6,I,451,S,-5,4
-5.145,-4.77,6,I,451,T,-5,4
-1.123,-0.9156,9,I,451,V,-0.3935,4
-5.696,-4.877,3,I,451,W,,
-5.735,-4.883,8,I,451,Y,-5,4
-4.974,-4.724,6,Y,452,*,,
-0.02986,-0.01631,1,Y,452,-,,
-4.674,-4.625,6,Y,452,A,-4.751,3
-5.307,-4.807,4,Y,452,C,-5,2
-6.067,-4.924,12,Y,452,D,-5,3
-0.4373,-0.2796,1,Y,452,E,,
-1.056,-0.8419,6,Y,452,F,-0.4717,5
-5.379,-4.822,5,Y,452,G,-5,3
-0.4824,-0.3137,4,Y,452,H,-0.1873,3
-5.251,-4.795,2,Y,452,I,-5,2
-5.255,-4.796,3,Y,452,K,-5,2
-5.004,-4.733,2,Y,452,L,-5,2
-2.882,-3.239,2,Y,452,M,-3.316,2
-5.051,-4.746,9,Y,452,N,-5,7
-5.449,-4.836,5,Y,452,P,-5,4
-5.516,-4.848,8,Y,452,Q,-5,5
-5.217,-4.787,10,Y,452,R,-5,8
-5.249,-4.795,3,Y,452,T,-5,2
-5.527,-4.85,5,Y,452,V,-5,3
-4.946,-4.716,1,Y,452,W,-5,1
0,0,,Y,452,Y,0,
-0.4299,-0.2741,1,D,453,-,,
-1.864,-1.856,2,D,453,A,-2.173,1
-3.68,-4.053,4,D,453,C,-5,3
0,0,,D,453,D,0,
-0.4836,-0.3147,11,D,453,E,-0.6538,4
-2.562,-2.827,9,D,453,F,-2.447,5
0.1299,0.06664,5,D,453,G,0.3436,1
-1.115,-0.9065,3,D,453,H,-0.9904,2
-5.027,-4.739,3,D,453,I,-5,1
-2.636,-2.926,3,D,453,K,-2.755,2
-1.074,-0.8614,5,D,453,L,-0.8351,3
-1.314,-1.137,9,D,453,M,-0.9448,4
-5.681,-4.875,14,D,453,N,-5,4
-5.598,-4.862,5,D,453,P,-5,3
-0.4758,-0.3087,4,D,453,Q,,
-1.684,-1.61,8,D,453,R,-1.523,6
1.781,0.4928,2,D,453,S,0.5483,1
0.6615,0.2755,2,D,453,T,,
-6.061,-4.923,6,D,453,V,-5,4
-2.661,-2.959,3,D,453,W,,
-2.213,-2.345,9,D,453,Y,-1.946,2
-1.131,-0.925,1,V,454,-,,
-0.5153,-0.3393,1,V,454,A,-0.4187,1
3.733,0.5884,5,V,454,C,-2.204,4
0.008525,0.004586,3,V,454,D,0.3385,2
-0.7343,-0.5241,1,V,454,F,,
-2.719,-3.034,6,V,454,G,-2.218,1
2.246,0.5338,11,V,454,H,0.8307,8
-1.303,-1.124,2,V,454,I,-1.191,1
-0.6256,-0.4292,1,V,454,K,,
-0.7392,-0.5285,6,V,454,L,,
1.403,0.4429,12,V,454,M,0.7441,3
-0.2844,-0.1715,3,V,454,N,-0.06077,3
-5.45,-4.836,3,V,454,P,-5,1
-4.16,-4.383,3,V,454,Q,,
-1.895,-1.899,12,V,454,R,-1.81,8
-0.8584,-0.6403,2,V,454,S,-0.4678,1
0.03238,0.01726,3,V,454,T,0.06175,1
0,0,,V,454,V,0,
1.759,0.4904,3,V,454,W,0.6427,3
1.166,0.4012,5,V,454,Y,1.317,2
0.3357,0.1588,1,S,455,-,,
0.4526,0.2045,4,S,455,A,0.4893,3
-1.485,-1.349,3,S,455,C,-1.427,2
-5.554,-4.855,5,S,455,D,-5,5
-5.627,-4.867,4,S,455,E,-5,4
-5.568,-4.857,8,S,455,F,-5,1
-1.321,-1.145,3,S,455,G,-1.506,1
-6.1,-4.927,1,S,455,H,-5,1
-4.629,-4.607,2,S,455,I,-4.538,1
-5.42,-4.831,4,S,455,K,-5,2
-4.982,-4.726,2,S,455,L,-5,2
-5.49,-4.844,3,S,455,M,-4.956,1
-4.245,-4.43,4,S,455,N,-5,3
1.381,0.4393,6,S,455,P,0.597,4
-4.658,-4.619,7,S,455,Q,-5,4
0,0,,S,455,S,0,
-2.342,-2.526,6,S,455,T,-3.423,2
-2.064,-2.135,4,S,455,V,-2.087,3
-6.189,-4.936,8,S,455,W,-5,1
-4.525,-4.565,9,S,455,Y,-5,6
-0.9621,-0.7437,1,G,456,-,,
-5.187,-4.78,9,G,456,A,-5,6
-5.468,-4.839,10,G,456,C,-5,5
-4.645,-4.614,10,G,456,D,-5,1
-5.199,-4.783,5,G,456,E,-5,2
-5.105,-4.76,2,G,456,F,-5,1
0,0,,G,456,G,0,
-4.745,-4.65,2,G,456,H,-5,1
-5.835,-4.897,5,G,456,I,-5,2
-5.029,-4.74,3,G,456,L,-5,3
-5.035,-4.741,6,G,456,M,-5,3
-4.741,-4.649,8,G,456,N,-5,3
-5.449,-4.836,7,G,456,P,-5,5
-5.432,-4.833,5,G,456,Q,-5,3
-6.245,-4.941,2,G,456,R,,
-5.146,-4.77,10,G,456,S,-5,2
-6.316,-4.947,8,G,456,T,-5,6
-6.459,-4.958,7,G,456,V,-5,3
-5.563,-4.856,6,G,456,W,-5,4
-4.765,-4.658,2,G,456,Y,-5,1
-0.6006,-0.4083,1,V,457,-,,
-1.167,-0.9651,7,V,457,A,-0.4443,5
1.181,0.404,4,V,457,C,-1.31,2
-4.536,-4.569,4,V,457,D,-4.438,2
-2.699,-3.008,8,V,457,E,-2.918,3
-3.762,-4.118,7,V,457,F,-3.778,3
-4.553,-4.576,5,V,457,G,-5,4
-2.551,-2.812,6,V,457,H,-2.985,6
-1.397,-1.238,1,V,457,I,,
-1.879,-1.878,5,V,457,K,-1.831,2
-0.8383,-0.621,6,V,457,L,-0.5638,1
-1.467,-1.326,10,V,457,M,-0.6368,3
-5.153,-4.772,8,V,457,P,-5,7
0.1227,0.06313,7,V,457,Q,-0.1195,2
-3.201,-3.604,5,V,457,R,-3.302,3
-1.072,-0.86,7,V,457,S,-1.757,1
0.7414,0.2994,5,V,457,T,0.6775,1
0,0,,V,457,V,0,
-5.27,-4.8,3,V,457,W,-5,2
-3.895,-4.215,2,V,457,Y,-4.327,1
-0.8303,-0.6133,1,G,458,-,,
-5.016,-4.736,2,G,458,A,-4.983,2
-5.931,-4.909,23,G,458,C,-5,7
-5.781,-4.89,12,G,458,D,-5,2
-5.752,-4.886,11,G,458,E,-5,6
-5.531,-4.851,8,G,458,F,-5,5
0,0,,G,458,G,0,
-5.06,-4.748,2,G,458,H,-5,1
-8.858,-5.024,7,G,458,I,-5,3
-5.028,-4.739,4,G,458,K,-5,3
-5.209,-4.786,6,G,458,L,-5,6
-5.341,-4.815,5,G,458,M,-5,3
-5.386,-4.824,8,G,458,N,-5,3
-5.416,-4.83,4,G,458,P,-5,2
-5.487,-4.843,7,G,458,Q,-5,3
-4.624,-4.605,6,G,458,R,-5,2
-5.239,-4.792,5,G,458,S,-5,2
-5.168,-4.776,6,G,458,T,-5,2
-5.837,-4.897,8,G,458,V,-5,4
-6.292,-4.945,5,G,458,W,-5,3
-5.432,-4.833,6,G,458,Y,-5,3
-0.8368,-0.6195,2,V,459,-,,
-3.743,-4.103,3,V,459,A,-4.052,1
-3.168,-3.569,3,V,459,C,-3.647,2
-5.404,-4.827,3,V,459,D,-5,3
-3.717,-4.083,5,V,459,E,-4.75,4
-1.895,-1.899,3,V,459,F,-2.043,3
-5.706,-4.879,7,V,459,G,-5,3
-4.73,-4.645,3,V,459,H,-3.818,2
0.5825,0.2501,3,V,459,I,0.9009,2
1.472,0.4534,3,V,459,K,-1.604,1
-0.565,-0.379,7,V,459,L,0.716,2
-0.9285,-0.7096,9,V,459,M,-1.724,2
-3.394,-3.8,9,V,459,N,-3.97,3
-5.186,-4.78,6,V,459,P,-5,3
-2.564,-2.83,8,V,459,Q,-2.42,4
-0.2973,-0.1802,2,V,459,R,0.7701,1
-5.241,-4.793,3,V,459,S,-5,2
-0.8396,-0.6222,4,V,459,T,-0.7857,3
0,0,,V,459,V,0,
-5.841,-4.898,5,V,459,W,-5,1
-2.377,-2.575,3,V,459,Y,-2.578,3
-0.6013,-0.4088,2,I,460,-,,
-1.084,-0.8726,1,I,460,A,,
-5.541,-4.853,8,I,460,C,-5,5
-5.336,-4.814,4,I,460,D,-5,2
-4.794,-4.667,1,I,460,E,-5,1
-5.266,-4.798,2,I,460,F,-5,2
-5.287,-4.803,4,I,460,G,-5,2
-5.421,-4.831,4,I,460,H,-5,3
0,0,,I,460,I,0,
-5.488,-4.843,5,I,460,K,-5,2
-1.275,-1.09,7,I,460,L,-1.011,5
-4.962,-4.721,3,I,460,M,-5,1
-5.055,-4.747,4,I,460,N,-5,2
-5.947,-4.911,11,I,460,P,-4.851,4
-5.498,-4.845,5,I,460,Q,-5,3
-5.266,-4.798,3,I,460,R,-5,2
-5.283,-4.802,8,I,460,S,-5,4
-4.107,-4.352,7,I,460,T,-5,3
-1.37,-1.205,6,I,460,V,-0.9358,4
-3.189,-3.592,3,I,460,W,,
-5.44,-4.834,4,I,460,Y,-5,4
-1.441,-1.293,2,R,461,-,,
-2.43,-2.648,6,R,461,A,-3.131,3
-5.244,-4.794,3,R,461,C,-5,2
-4.231,-4.422,4,R,461,D,-5,3
-5.21,-4.786,7,R,461,E,-5,3
-5.389,-4.824,10,R,461,F,-5,3
-4.026,-4.302,12,R,461,G,-4.837,7
-1.428,-1.277,4,R,461,H,-1.257,4
-5.553,-4.855,9,R,461,I,-5,3
-1.009,-0.7924,8,R,461,K,-0.4048,3
-5.334,-4.813,5,R,461,L,-5,3
-3.127,-3.524,3,R,461,M,-2.58,1
-2.835,-3.181,4,R,461,N,-3.292,2
-6.231,-4.94,2,R,461,P,,
-2.297,-2.463,5,R,461,Q,-2.592,3
0,0,,R,461,R,0,
-3.041,-3.428,6,R,461,S,-4.036,3
-2.555,-2.818,7,R,461,T,-2.907,3
-4.823,-4.677,4,R,461,V,-5,1
-5.823,-4.895,4,R,461,W,-5,2
-4.986,-4.728,3,R,461,Y,-5,2
-0.214,-0.1256,1,I,462,-,,
1.688,0.4821,2,I,462,A,0.4493,2
-1.439,-1.291,4,I,462,C,-1.357,3
-1.826,-1.804,3,I,462,D,-2.514,2
-1.196,-0.9978,2,I,462,E,-1.058,1
-1.686,-1.613,1,I,462,F,-1.705,1
-0.9691,-0.751,6,I,462,G,-0.9258,4
-0.6372,-0.439,5,I,462,H,-0.8399,4
0,0,,I,462,I,0,
-0.07765,-0.0432,4,I,462,K,0.03558,2
0.3993,0.1842,6,I,462,L,0.6995,3
-0.9764,-0.7585,6,I,462,M,-0.1542,3
-0.3154,-0.1925,4,I,462,N,0.08001,3
-0.7514,-0.5397,2,I,462,P,-0.6297,2
-0.7603,-0.5478,3,I,462,Q,,
-1.198,-1.001,3,I,462,R,-0.759,1
-0.841,-0.6235,7,I,462,S,0.0063,2
-0.6969,-0.4908,6,I,462,T,-0.5247,4
1.412,0.4444,7,I,462,V,0.0828,4
-0.1076,-0.06057,3,I,462,W,-0.2418,1
-0.3873,-0.2429,4,I,462,Y,-0.1134,2
-1.372,-1.207,3,S,463,-,,
0.5566,0.2414,3,S,463,A,0.8499,1
2.002,0.5146,1,S,463,C,0.6345,1
-4.587,-4.591,5,S,463,D,-5,3
-5.415,-4.829,6,S,463,E,-5,3
-4.876,-4.694,10,S,463,F,-4.768,4
-1.887,-1.889,8,S,463,G,-1.787,3
-2.46,-2.689,4,S,463,H,,
-1.383,-1.221,3,S,463,I,-0.6938,2
-5.096,-4.758,4,S,463,K,-5,4
-1.779,-1.739,8,S,463,L,-1.105,4
-2.317,-2.491,8,S,463,M,-2.461,5
-4.814,-4.674,4,S,463,N,-4.748,1
-5.586,-4.86,4,S,463,P,-5,1
-5.264,-4.798,5,S,463,Q,-5,3
-6.343,-4.949,3,S,463,R,-5,2
0,0,,S,463,S,0,
3.271,0.579,4,S,463,T,1.051,1
-4.577,-4.586,4,S,463,W,-5,3
-5.146,-4.77,11,S,463,Y,-5,4
0.5525,0.24,1,N,464,-,,
-1.493,-1.359,9,N,464,A,-1.696,7
-2.571,-2.839,3,N,464,C,-2.932,3
-0.8003,-0.5849,4,N,464,D,-0.599,3
0.1924,0.09629,4,N,464,E,0.1065,3
-2.169,-2.285,2,N,464,F,,
0.1326,0.06791,4,N,464,G,0.3559,3
2.526,0.551,7,N,464,H,0.7204,3
2.872,0.5665,3,N,464,I,0.3063,1
-0.6984,-0.4921,4,N,464,K,-0.6599,4
0.5852,0.251,8,N,464,L,0.3794,5
-0.9589,-0.7406,6,N,464,M,-0.4776,4
0,0,,N,464,N,0,
-1.578,-1.47,6,N,464,P,-1.792,4
0.4201,0.1922,3,N,464,Q,0.714,2
1.837,0.4988,4,N,464,R,0.4684,3
-0.4726,-0.3063,5,N,464,S,0.3665,3
0.01933,0.01036,7,N,464,T,-0.01293,3
0.356,0.167,2,N,464,V,0.515,1
-1.638,-1.549,5,N,464,W,-1.603,4
-1.251,-1.062,5,N,464,Y,-1.859,2
-0.2711,-0.1626,1,D,465,-,,
0.7808,0.3106,2,D,465,A,0.5589,1
-1.169,-0.9676,5,D,465,C,-1.276,3
0,0,,D,465,D,0,
3.654,0.5871,6,D,465,E,0.661,5
-1.564,-1.451,4,D,465,F,-1.141,3
-0.8684,-0.65,5,D,465,G,-0.2747,1
-1.064,-0.8512,10,D,465,H,-1.239,6
-1.464,-1.323,7,D,465,I,-1.089,5
-2.67,-2.97,4,D,465,K,-3.18,4
-1.055,-0.8419,4,D,465,L,-0.5196,1
-1.328,-1.154,6,D,465,M,-0.4866,2
-1.957,-1.986,10,D,465,N,-1.045,2
-6.008,-4.918,8,D,465,P,-5,5
0.279,0.1349,3,D,465,Q,-0.0266,2
-2.625,-2.911,12,D,465,R,-3.125,6
0.5639,0.2439,5,D,465,T,-0.1802,3
-0.8642,-0.646,6,D,465,V,-0.5223,4
-2.554,-2.816,8,D,465,W,-2.403,3
-1.128,-0.9212,15,D,465,Y,-0.9162,7
0.1458,0.07429,1,T,466,-,,
0.1429,0.07289,7,T,466,A,0.5893,3
-2.07,-2.145,5,T,466,C,-1.599,1
-0.5786,-0.3901,8,T,466,D,-0.09051,4
0.5653,0.2444,1,T,466,E,,
-1.987,-2.028,4,T,466,F,-1.686,2
-0.07549,-0.04197,5,T,466,G,-0.3593,3
-0.2683,-0.1608,4,T,466,H,-0.2695,3
-0.4173,-0.2648,7,T,466,I,0.2712,3
3.934,0.5914,3,T,466,K,0.6714,2
-0.461,-0.2974,7,T,466,L,-0.4528,4
-1.27,-1.084,4,T,466,M,-0.6733,3
0.3249,0.1543,8,T,466,N,0.286,2
-0.4079,-0.2579,1,T,466,P,-0.3625,1
-1.553,-1.436,3,T,466,Q,-1.59,1
-0.5302,-0.3511,4,T,466,S,0.8952,1
0,0,,T,466,T,0,
0.8202,0.3214,5,T,466,V,0.2409,3
-3.569,-3.96,4,T,466,W,-3.703,2
-1.322,-1.146,5,T,466,Y,-1.688,2
-0.4236,-0.2695,1,F,467,-,,
-2.603,-2.882,8,F,467,A,-2.9,4
-0.9908,-0.7735,4,F,467,D,-0.8141,2
-2.023,-2.078,4,F,467,E,-2.459,3
0,0,,F,467,F,0,
-0.4541,-0.2922,1,F,467,G,-0.5041,1
-0.5069,-0.3327,7,F,467,H,-0.2492,4
-1.96,-1.989,4,F,467,I,-2.518,3
-2.077,-2.154,4,F,467,K,-2.179,1
-1.49,-1.356,8,F,467,L,,
-1.783,-1.745,1,F,467,M,-1.836,1
-4.838,-4.682,1,F,467,N,-5,1
-4.558,-4.578,5,F,467,P,-5,4
-2.461,-2.69,5,F,467,Q,-2.51,2
-4.616,-4.602,3,F,467,R,-4.728,2
-4.799,-4.669,3,F,467,S,,
-4.33,-4.474,8,F,467,T,-4.962,4
-2.628,-2.916,2,F,467,V,-2.967,1
1.816,0.4966,4,F,467,W,-0.2979,1
0.1704,0.08601,2,F,467,Y,0.2881,1
-0.903,-0.6841,1,L,468,-,,
-1.286,-1.103,1,L,468,A,,
-0.8551,-0.6372,4,L,468,C,-1.261,1
3.285,0.5793,5,L,468,D,-0.343,2
3.527,0.5848,3,L,468,E,0.7853,3
-2.945,-3.315,8,L,468,F,-3.492,7
-0.5305,-0.3514,6,L,468,G,-0.4897,3
-0.7872,-0.5727,4,L,468,H,-1.118,3
-1.62,-1.525,1,L,468,I,-1.618,1
-1.229,-1.036,2,L,468,K,-1.112,1
0,0,,L,468,L,0,
-0.07389,-0.04105,7,L,468,M,-1.767,1
-3.309,-3.716,2,L,468,N,,
-1.095,-0.885,7,L,468,P,-1.14,5
0.05473,0.02891,5,L,468,Q,0.7429,3
2.87,0.5665,1,L,468,R,,
0.6042,0.2573,7,L,468,S,0.5655,3
-1.231,-1.038,2,L,468,T,-1.195,1
-0.2088,-0.1223,5,L,468,V,-0.6399,2
-1.271,-1.086,11,L,468,W,-0.6378,4
-0.3174,-0.1938,5,L,468,Y,-0.1477,4
0.7325,0.2968,1,N,469,-,,
-0.03767,-0.02063,5,N,469,A,1.781,1
-0.8124,-0.5962,8,N,469,C,-0.6705,4
-5.28,-4.802,4,N,469,D,-5,1
-2.914,-3.278,5,N,469,E,-3.276,2
-2.84,-3.187,9,N,469,F,-3.371,5
-1.335,-1.162,3,N,469,G,-0.6502,2
-2.014,-2.066,7,N,469,H,-2.219,3
-1.928,-1.945,5,N,469,I,-1.688,3
-4.773,-4.66,9,N,469,K,-4.898,3
-2.5,-2.744,3,N,469,L,-3.094,3
-2.158,-2.268,5,N,469,M,-2.419,2
0,0,,N,469,N,0,
-0.05224,-0.02878,6,N,469,P,-0.5835,4
0.7899,0.3131,2,N,469,Q,0.5003,2
-3.941,-4.247,4,N,469,R,-4.413,4
1.667,0.4796,7,N,469,S,-0.5118,2
-0.4418,-0.2829,4,N,469,T,-0.1566,2
1.369,0.4375,2,N,469,V,0.3035,1
1.912,0.5062,6,N,469,W,-0.3016,3
-3.07,-3.461,5,N,469,Y,-3.487,3
-3.436,-3.84,2,G,470,-,,
-4.977,-4.725,7,G,470,A,-5,3
-6.405,-4.954,15,G,470,C,-5,3
-6.388,-4.953,21,G,470,D,-5,3
-6.418,-4.955,9,G,470,E,-5,5
-5.427,-4.832,3,G,470,F,-5,1
0,0,,G,470,G,0,
-5.413,-4.829,8,G,470,H,-5,4
-5.309,-4.808,4,G,470,I,-5,2
-5.243,-4.793,4,G,470,K,-5,2
-5.241,-4.793,4,G,470,L,-5,2
-5.367,-4.82,4,G,470,M,-5,3
-4.53,-4.567,4,G,470,N,-4.7,2
-5.804,-4.893,8,G,470,P,-5,3
-4.976,-4.725,8,G,470,Q,-5,6
-4.946,-4.716,3,G,470,R,-5,1
-4.852,-4.687,9,G,470,S,-5,5
-6.74,-4.976,5,G,470,T,-5,2
-7.17,-4.995,6,G,470,V,-4.87,1
-6.654,-4.971,6,G,470,W,-5,4
-4.734,-4.647,4,G,470,Y,-5,1
0.2237,0.1105,1,I,471,-,,
-4.738,-4.648,3,I,471,A,-5,1
-2.24,-2.383,3,I,471,C,-2.714,3
-6.566,-4.965,8,I,471,D,-5,3
-4.48,-4.545,2,I,471,E,-4.71,2
-1.64,-1.551,4,I,471,F,-1.635,4
-5.153,-4.772,3,I,471,G,,
-0.6275,-0.4308,6,I,471,H,-0.153,3
0,0,,I,471,I,0,
-2.111,-2.202,5,I,471,K,-2.303,3
-0.4072,-0.2574,10,I,471,L,-0.7349,7
-0.7549,-0.5428,3,I,471,M,0.1572,1
-2.122,-2.218,10,I,471,N,-2.183,6
-2.875,-3.231,10,I,471,P,-3.254,4
-2.884,-3.241,4,I,471,Q,-3.347,2
-1.53,-1.406,9,I,471,R,-1.185,6
-5.295,-4.805,3,I,471,S,-5,2
-6.177,-4.935,8,I,471,T,-5,3
-2.901,-3.262,6,I,471,V,-3.542,3
-4.543,-4.572,8,I,471,W,-5,8
-1.176,-0.9754,12,I,471,Y,-1.022,8
-1.279,-1.095,2,T,472,-,,
0.1457,0.07426,4,T,472,A,0.9354,2
-1.591,-1.487,8,T,472,C,-1.48,5
-4.529,-4.567,6,T,472,D,-4.62,1
-3.649,-4.028,6,T,472,E,-4.001,5
-0.844,-0.6264,4,T,472,F,-1.093,1
-2.211,-2.343,2,T,472,G,,
-1.834,-1.814,5,T,472,H,-1.901,2
-2.042,-2.104,9,T,472,I,-1.701,2
-0.4129,-0.2616,1,T,472,K,-0.3654,1
-1.208,-1.011,7,T,472,L,-0.7806,3
0.5185,0.2283,8,T,472,M,-0.3556,4
-5.956,-4.912,12,T,472,N,-5,5
-5.284,-4.803,6,T,472,P,-5,2
-3.214,-3.619,2,T,472,Q,,
-1.236,-1.045,5,T,472,R,-1.131,4
3.337,0.5806,4,T,472,S,0.0566,2
0,0,,T,472,T,0,
-0.5588,-0.374,9,T,472,V,-0.6835,4
-0.5251,-0.347,4,T,472,W,-0.1262,3
-0.4055,-0.2561,5,T,472,Y,-0.8478,3
-4.886,-4.698,1,Y,473,*,-5,1
0.345,0.1626,2,Y,473,-,,
-5.547,-4.854,5,Y,473,A,-5,3
-5.021,-4.738,5,Y,473,C,-5,1
-0.5716,-0.3844,1,Y,473,D,,
-3.955,-4.256,7,Y,473,E,-5,5
-0.4099,-0.2594,11,Y,473,F,0.5146,6
-5.359,-4.818,4,Y,473,G,-5,3
-7.896,-5.013,12,Y,473,H,-5,4
-9.179,-5.026,5,Y,473,I,-5,3
-4.501,-4.554,4,Y,473,K,-4.886,1
-4.923,-4.709,2,Y,473,L,-5,1
-0.7018,-0.4951,2,Y,473,M,,
-5.41,-4.829,8,Y,473,N,-5,2
-6.961,-4.987,7,Y,473,P,-5,3
-5.532,-4.851,6,Y,473,Q,-5,6
-4.792,-4.667,3,Y,473,R,-5,1
-4.913,-4.706,3,Y,473,S,-5,1
-5.462,-4.839,6,Y,473,T,-5,4
-4.32,-4.469,3,Y,473,V,-4.551,2
-2.248,-2.395,4,Y,473,W,-2.722,1
0,0,,Y,473,Y,0,
-0.6601,-0.4587,2,T,474,-,,
-0.1874,-0.1088,9,T,474,A,-0.1773,4
-1.198,-1.001,5,T,474,C,-0.598,3
-5.074,-4.752,2,T,474,D,,
2.936,0.5689,2,T,474,E,1.069,1
-0.7394,-0.5287,6,T,474,F,0.02116,3
1.928,0.5078,2,T,474,G,-2.552,1
0.8856,0.3384,4,T,474,H,-0.2478,2
-0.4114,-0.2605,12,T,474,I,-0.2748,4
-0.4817,-0.3132,6,T,474,K,-0.2583,4
-1.206,-1.009,5,T,474,L,-1.568,3
1.379,0.439,3,T,474,M,0.7764,2
-5.628,-4.867,6,T,474,N,-5,4
-4.717,-4.641,11,T,474,P,-5,6
0.3489,0.1642,6,T,474,Q,0.6968,4
-0.3066,-0.1865,2,T,474,R,,
-0.3505,-0.2168,1,T,474,S,-0.3211,1
0,0,,T,474,T,0,
0.269,0.1306,7,T,474,V,1.89,1
-2.022,-2.078,6,T,474,W,-2.115,4
-0.6441,-0.4449,4,T,474,Y,-0.7056,2
-0.6839,-0.4793,2,S,475,-,,
0.01347,0.007233,6,S,475,A,0.00112,3
-2.02,-2.074,6,S,475,C,-2.032,3
-2.693,-3.001,6,S,475,D,-3.09,3
-4.697,-4.633,2,S,475,E,-5,1
-3.665,-4.041,13,S,475,F,-4.012,5
-1.763,-1.717,3,S,475,G,-2.828,2
-1.043,-0.8282,3,S,475,H,-0.9067,2
-5.018,-4.737,3,S,475,I,-5,1
-5.324,-4.811,4,S,475,K,-5,2
-4.906,-4.704,2,S,475,L,-5,1
-5.372,-4.821,3,S,475,M,-5,3
-4.578,-4.587,7,S,475,N,-5,5
-5.163,-4.774,4,S,475,P,-5,3
-4.974,-4.724,2,S,475,Q,-5,1
0,0,,S,475,S,0,
-2.909,-3.271,4,S,475,T,-3.456,3
-5.112,-4.762,9,S,475,V,-5,4
-4.996,-4.73,10,S,475,W,-4.72,6
-5.062,-4.749,8,S,475,Y,-5,1
-0.6154,-0.4206,2,T,476,-,,
0.5508,0.2395,7,T,476,A,0.4447,5
-1.526,-1.401,4,T,476,C,0.605,1
-0.309,-0.1881,3,T,476,D,-1.21,1
-0.7536,-0.5416,5,T,476,E,-0.7377,3
-0.3912,-0.2458,9,T,476,F,-0.1735,2
-0.3003,-0.1822,5,T,476,G,-0.1528,2
-2.435,-2.655,5,T,476,H,-2.912,2
-0.5837,-0.3943,10,T,476,I,0.478,2
-4.169,-4.388,7,T,476,K,-4.409,2
0.4749,0.2127,7,T,476,L,0.5532,3
-0.7968,-0.5816,5,T,476,M,-2.417,2
-1.128,-0.9214,7,T,476,N,-1.457,1
1.288,0.4238,6,T,476,P,-0.2666,3
-0.03374,-0.01845,11,T,476,Q,-0.6406,3
-4.057,-4.322,3,T,476,R,-4.421,2
0.9986,0.3657,4,T,476,S,0.313,2
0,0,,T,476,T,0,
-0.9126,-0.6937,4,T,476,V,-0.3836,1
0.2486,0.1217,5,T,476,W,,
1.086,0.385,3,T,476,Y,,
0.3735,0.1741,1,S,477,-,,
-0.4651,-0.3005,1,S,477,A,,
-3.189,-3.592,3,S,477,C,-3.671,2
-2.3,-2.468,5,S,477,D,-2.324,2
-4.833,-4.681,5,S,477,E,-5,3
-4.761,-4.656,6,S,477,F,-4.864,4
-0.1995,-0.1164,9,S,477,G,-0.0176,6
-5.016,-4.736,3,S,477,H,-4.926,1
-1.925,-1.941,9,S,477,I,-1.769,4
-5.064,-4.749,7,S,477,K,-5,2
-10.88,-5.03,8,S,477,L,-5,5
-7.869,-5.013,4,S,477,M,-5,2
-2.645,-2.938,10,S,477,N,-3.189,5
-5.499,-4.845,5,S,477,P,-5,5
-5.454,-4.837,8,S,477,Q,-5,4
-5.511,-4.847,6,S,477,R,-5,4
0,0,,S,477,S,0,
-1.319,-1.143,3,S,477,T,-1.479,1
-1.771,-1.728,3,S,477,V,-1.817,2
1.044,0.3759,1,S,477,W,0.3317,1
-5.317,-4.81,2,S,477,Y,-5,2
-0.5681,-0.3816,3,G,478,-,,
-3.649,-4.028,8,G,478,A,-3.789,3
-7.094,-4.992,11,G,478,C,-5,3
-2.421,-2.636,11,G,478,D,-1.711,3
-5.258,-4.797,9,G,478,E,-4.651,5
-4.702,-4.635,5,G,478,F,-5,1
0,0,,G,478,G,0,
-4.063,-4.325,5,G,478,H,-4.527,1
-6.03,-4.92,4,G,478,I,-5,2
-4.655,-4.617,4,G,478,K,-4.596,2
-5.034,-4.741,4,G,478,L,-5,3
-3.953,-4.254,3,G,478,M,-4.972,1
-2.595,-2.871,5,G,478,N,,
-5.742,-4.884,6,G,478,P,-5,4
-3.27,-3.676,8,G,478,Q,-3.742,6
-5.192,-4.782,4,G,478,R,-5,3
-3.067,-3.457,12,G,478,S,-3.622,2
-5.198,-4.783,4,G,478,T,-5,2
-5.12,-4.764,6,G,478,V,-5,1
-5.652,-4.871,6,G,478,W,-5,4
-4.345,-4.482,5,G,478,Y,-5,4
0.2404,0.118,3,N,479,-,,
-0.08589,-0.04794,4,N,479,A,0.3797,2
-1.715,-1.652,2,N,479,C,-1.376,1
0.1302,0.06675,7,N,479,D,-0.09882,3
-3.055,-3.444,5,N,479,E,-3.54,2
1.832,0.4982,5,N,479,F,-0.4461,3
0.8999,0.342,1,N,479,G,,
0.351,0.165,7,N,479,H,1.016,3
-1.48,-1.342,6,N,479,I,-1.864,2
-1.538,-1.418,9,N,479,K,-1.655,5
-2.488,-2.727,4,N,479,L,-3.257,1
0.7873,0.3124,6,N,479,M,0.2667,3
0,0,,N,479,N,0,
-5.751,-4.886,9,N,479,P,-5,5
-0.7743,-0.5607,8,N,479,Q,-1.127,6
1.627,0.4746,1,N,479,R,0.5354,1
-0.5647,-0.3788,1,N,479,S,,
-0.6406,-0.4419,6,N,479,T,-0.2956,4
-4.883,-4.697,2,N,479,V,-5,1
-0.7827,-0.5684,5,N,479,W,-0.5254,3
-1.257,-1.069,7,N,479,Y,-1.671,3
-0.001534,-0.0008286,3,L,480,-,,
-5.386,-4.824,4,L,480,A,-5,3
-5.258,-4.797,4,L,480,C,-5,2
-5.508,-4.847,3,L,480,D,-5,2
-9.285,-5.026,5,L,480,E,,
-5.417,-4.83,3,L,480,F,-5,3
-5.578,-4.859,6,L,480,G,-5,5
-3.714,-4.081,1,L,480,H,,
-0.2217,-0.1305,4,L,480,I,-0.0873,2
-5.19,-4.781,2,L,480,K,-5,2
0,0,,L,480,L,0,
-1.372,-1.208,11,L,480,M,-1.247,8
-5.399,-4.827,5,L,480,N,-5,3
-4.962,-4.721,4,L,480,P,-5,1
-5.654,-4.871,11,L,480,Q,-5,8
-5.725,-4.882,7,L,480,R,-5,2
-5.872,-4.902,7,L,480,S,-5,3
-7.514,-5.005,10,L,480,T,-5,6
-3.433,-3.837,2,L,480,V,-4.421,1
-5.691,-4.877,7,L,480,W,-5,6
-6.794,-4.979,2,L,480,Y,-5,1
-4.593,-4.593,1,L,481,*,,
-0.8697,-0.6513,3,L,481,-,,
-3.321,-3.729,7,L,481,A,-3.742,4
-2.817,-3.158,2,L,481,C,-3.619,1
-5.01,-4.734,2,L,481,D,-5,1
-5.034,-4.741,3,L,481,E,-5,2
-5.353,-4.817,7,L,481,F,-5,5
-4.694,-4.632,3,L,481,G,-5,1
-4.683,-4.628,5,L,481,H,-4.893,4
-0.1038,-0.05838,4,L,481,I,,
-4.321,-4.47,6,L,481,K,-5,5
0,0,,L,481,L,0,
-1.052,-0.8381,5,L,481,M,-0.9023,4
-4.905,-4.704,2,L,481,N,-5,1
-8.616,-5.022,7,L,481,P,-5,3
-4.05,-4.317,6,L,481,Q,-4.229,2
-3.427,-3.831,6,L,481,R,-3.965,3
-3.3,-3.708,7,L,481,S,-3.817,3
-4.995,-4.73,2,L,481,T,-5,1
-0.3746,-0.2338,5,L,481,V,0.9482,3
-4.866,-4.691,5,L,481,W,-4.705,3
-3.145,-3.544,3,L,481,Y,-3.344,1
-1.223,-1.03,5,G,482,-,,
-2.705,-3.016,4,G,482,A,-3.149,2
-7.021,-4.989,15,G,482,C,-5,4
-5.005,-4.733,12,G,482,D,-5,2
-4.266,-4.441,4,G,482,E,-5,3
-5.013,-4.735,2,G,482,F,-5,1
0,0,,G,482,G,0,
-4.382,-4.5,4,G,482,H,-5,3
-3.987,-4.277,5,G,482,I,-4.407,4
-4.623,-4.605,9,G,482,K,-5,7
-5.492,-4.844,10,G,482,L,-5,6
-4.26,-4.438,3,G,482,M,,
-5.457,-4.838,5,G,482,N,-5,3
-9.633,-5.028,4,G,482,P,-5,2
-5.787,-4.891,6,G,482,Q,-5,5
-4.93,-4.711,3,G,482,R,-5,1
-4.999,-4.731,7,G,482,S,-5,1
-4.766,-4.658,10,G,482,T,-5,5
-5.053,-4.746,8,G,482,V,-5,1
-4.72,-4.642,7,G,482,W,-5,5
-5.792,-4.891,6,G,482,Y,-5,2
-0.2134,-0.1252,4,F,483,-,,
-5.79,-4.891,8,F,483,A,-5,5
-4.739,-4.648,7,F,483,C,-5,4
-4.977,-4.725,5,F,483,D,-5,1
-7.915,-5.014,6,F,483,E,,
0,0,,F,483,F,0,
-5.411,-4.829,5,F,483,G,-5,2
-4.605,-4.598,6,F,483,H,-5,4
-5.603,-4.863,5,F,483,I,-5,4
-4.395,-4.506,1,F,483,K,,
-5.712,-4.88,5,F,483,L,-5,1
-5.1,-4.759,5,F,483,M,-5,1
-4.652,-4.616,5,F,483,N,-5,5
-5.47,-4.84,6,F,483,P,-5,4
-5.481,-4.842,7,F,483,Q,-5,4
-5.066,-4.75,5,F,483,R,-5,1
-5.236,-4.792,4,F,483,S,-5,2
-5.361,-4.819,5,F,483,T,-5,3
-5.44,-4.834,4,F,483,V,-5,2
-0.9491,-0.7305,4,F,483,W,-0.9848,3
-0.837,-0.6197,4,F,483,Y,-0.7977,3
-1.483,-1.347,4,K,484,-,,
-1.078,-0.8659,4,K,484,A,-1.024,2
-1.838,-1.82,2,K,484,C,,
-5.271,-4.8,3,K,484,D,-5,2
-4.419,-4.517,8,K,484,E,-5,2
-5.488,-4.843,6,K,484,F,-5,5
-7.832,-5.012,8,K,484,G,-5,5
-4.211,-4.412,6,K,484,H,-4.473,2
-5.016,-4.736,6,K,484,I,-5,3
0,0,,K,484,K,0,
-1.574,-1.464,3,K,484,L,-1.334,3
-1.686,-1.612,7,K,484,M,-1.289,5
-4.677,-4.626,23,K,484,N,-5,5
-5.529,-4.85,5,K,484,P,-5,3
0.827,0.3232,8,K,484,Q,-0.0206,4
-1.207,-1.01,6,K,484,R,,
-2.772,-3.102,6,K,484,S,-3.015,6
-3.92,-4.232,4,K,484,T,-4.586,2
-4.381,-4.499,3,K,484,V,-5,1
-4.871,-4.693,7,K,484,W,-5,4
-5.716,-4.88,4,K,484,Y,-5,1
-0.4362,-0.2788,3,D,485,-,,
-1.479,-1.341,2,D,485,A,-1.442,1
-0.8655,-0.6472,5,D,485,C,-0.3467,3
0,0,,D,485,D,0,
0.473,0.212,1,D,485,E,0.1196,1
-1.951,-1.977,4,D,485,F,-2.064,4
-1.531,-1.408,10,D,485,G,-1.643,6
-0.7745,-0.5609,4,D,485,H,,
-1.374,-1.21,8,D,485,I,-1.361,3
-5.359,-4.818,4,D,485,K,-5,3
-0.1351,-0.07687,4,D,485,L,-0.7579,1
-0.9621,-0.7438,5,D,485,M,-2.382,1
-4.919,-4.708,6,D,485,N,-4.555,2
-6.338,-4.949,8,D,485,P,-5,2
-1.527,-1.403,3,D,485,Q,-1.37,1
-5.393,-4.825,3,D,485,R,-5,3
-0.7271,-0.5177,4,D,485,S,-0.0174,2
-1.766,-1.721,3,D,485,T,,
-1.589,-1.483,12,D,485,V,-1.636,8
0.2804,0.1355,2,D,485,W,0.0496,2
-1.606,-1.506,7,D,485,Y,-2.094,2
-0.07003,-0.03885,2,V,486,-,,
0.03218,0.01715,5,V,486,A,0.02871,3
-1.802,-1.77,1,V,486,C,-1.902,1
-3.772,-4.125,6,V,486,D,-4.456,1
-5.858,-4.9,5,V,486,E,-5,1
-0.3184,-0.1945,14,V,486,F,-0.28,9
-6.04,-4.921,5,V,486,G,-1.013,1
0.9419,0.3524,7,V,486,H,-0.4383,3
4.986,0.6,4,V,486,I,-0.1318,2
-5.195,-4.782,4,V,486,K,-5,2
-0.05122,-0.0282,9,V,486,L,-0.4345,2
-0.512,-0.3367,11,V,486,M,-0.3639,5
0.004607,0.002482,1,V,486,N,,
2.513,0.5503,5,V,486,P,1.055,1
-1.5,-1.368,3,V,486,Q,-2.322,1
-5.426,-4.832,4,V,486,R,,
-0.4276,-0.2724,5,V,486,S,-0.1275,2
-0.7849,-0.5705,5,V,486,T,-0.258,4
0,0,,V,486,V,0,
2.608,0.5551,3,V,486,W,-0.1372,1
-0.4453,-0.2856,3,V,486,Y,2.069,1
-0.5854,-0.3957,2,T,487,-,,
2.347,0.5405,3,T,487,A,,
-1.335,-1.162,8,T,487,C,-1.091,4
-2.027,-2.083,4,T,487,D,-1.345,2
-1.081,-0.869,5,T,487,E,-1.081,3
0.04571,0.02423,9,T,487,F,0.00815,6
-0.8599,-0.6418,7,T,487,G,-0.9269,5
-1.558,-1.443,4,T,487,H,-1.814,2
4.447,0.5967,7,T,487,I,0.8704,1
-1.847,-1.833,6,T,487,K,-1.373,2
-0.4695,-0.3039,2,T,487,L,-0.5245,2
1.482,0.4548,2,T,487,M,0.6474,1
0.06861,0.03605,8,T,487,N,-0.3227,3
-0.8327,-0.6156,8,T,487,P,-0.3647,4
0.4164,0.1908,8,T,487,Q,0.04793,3
-0.6735,-0.4703,3,T,487,R,-0.6012,2
-0.4788,-0.311,7,T,487,S,-0.427,3
0,0,,T,487,T,0,
0.7675,0.3068,7,T,487,V,0.1596,4
0.6799,0.2811,5,T,487,W,-5,1
-5.041,-4.743,3,T,487,Y,-0.6182,1
-0.9421,-0.7234,2,N,488,-,,
-1.145,-0.9405,2,N,488,C,-1.158,1
-0.07634,-0.04246,3,N,488,D,-2.577,1
0.8307,0.3242,5,N,488,E,0.7208,3
-2.412,-2.623,5,N,488,F,-2.625,3
1.804,0.4953,2,N,488,G,1.042,1
0.6111,0.2595,5,N,488,H,0.02865,2
-0.4533,-0.2916,2,N,488,I,-0.167,1
-0.3607,-0.224,5,N,488,K,-0.174,4
-0.7748,-0.5611,5,N,488,L,-0.6347,4
-1.537,-1.416,4,N,488,M,0.2459,1
0,0,,N,488,N,0,
-5.508,-4.847,8,N,488,P,-5,2
0.6342,0.2669,6,N,488,Q,0.8373,4
-0.1806,-0.1046,2,N,488,R,-0.2839,1
-0.9533,-0.7348,6,N,488,S,-0.9642,4
-1.09,-0.8792,4,N,488,T,-1.015,2
0.6376,0.268,6,N,488,V,-0.2628,2
-0.7366,-0.5262,3,N,488,W,-0.3946,2
-0.6652,-0.4631,2,N,488,Y,-0.5179,2
-5.454,-4.837,12,G,489,*,-5,3
-0.644,-0.4448,2,G,489,-,,
-1.362,-1.195,6,G,489,A,-0.1371,1
-4.835,-4.681,1,G,489,C,-5,1
0.896,0.3411,3,G,489,D,1.263,1
-0.6711,-0.4682,23,G,489,E,-0.9961,5
-2.119,-2.214,6,G,489,F,-2.655,2
0,0,,G,489,G,0,
-1.536,-1.415,2,G,489,H,-1.502,2
-5.909,-4.906,11,G,489,I,-5,6
-3.838,-4.174,2,G,489,K,,
-3.058,-3.447,8,G,489,L,-3.095,4
-0.8327,-0.6156,3,G,489,M,-0.6923,1
1.77,0.4916,3,G,489,N,,
-5.257,-4.797,4,G,489,P,-5,2
-5.057,-4.747,2,G,489,Q,-5,1
-3.748,-4.107,13,G,489,R,-5,1
-1.054,-0.8405,3,G,489,S,-0.099,2
-3.051,-3.439,2,G,489,T,-3.51,2
-6.039,-4.921,15,G,489,V,-5,4
-3.55,-3.943,4,G,489,W,-3.894,2
-4.725,-4.643,8,G,489,Y,-3.881,2
0.9053,0.3434,2,T,490,-,,
-1.732,-1.675,6,T,490,A,-1.62,4
-1.369,-1.204,10,T,490,C,-1.128,8
-1.591,-1.486,9,T,490,D,-1.325,2
-2.235,-2.376,4,T,490,E,-2.645,3
-0.851,-0.6331,8,T,490,F,0.006725,3
-2.038,-2.099,4,T,490,G,-2.17,1
-0.8253,-0.6085,3,T,490,H,-0.4711,2
-0.6678,-0.4653,12,T,490,I,0.3204,3
-1.618,-1.522,4,T,490,K,-1.623,2
-1.533,-1.411,9,T,490,L,-1.526,4
1.937,0.5087,3,T,490,M,-0.8806,2
-2.218,-2.352,3,T,490,N,-2.287,3
-4.802,-4.67,10,T,490,P,-3.542,2
-1.479,-1.341,4,T,490,Q,-1.463,2
-0.8911,-0.6723,6,T,490,R,-0.4423,3
0.3404,0.1607,5,T,490,S,0.1381,3
0,0,,T,490,T,0,
-0.2703,-0.1621,2,T,490,V,-0.07368,1
-3.161,-3.561,3,T,490,W,-3.492,1
0.07098,0.03726,1,T,490,Y,,
-0.4049,-0.2557,3,I,491,-,,
-3.81,-4.154,4,I,491,A,-4.344,4
-1.501,-1.37,11,I,491,C,-1.316,8
-5.965,-4.913,4,I,491,D,-4.119,1
-5.387,-4.824,3,I,491,E,-5,2
-4.443,-4.528,2,I,491,F,,
-5.533,-4.851,4,I,491,G,-5,3
-2.049,-2.115,2,I,491,H,-1.377,1
0,0,,I,491,I,0,
-5.638,-4.869,13,I,491,K,-5,9
-0.6782,-0.4743,4,I,491,L,-0.4696,3
-2.009,-2.059,4,I,491,M,-1.885,3
-2.386,-2.587,8,I,491,N,-2.442,3
-5.458,-4.838,6,I,491,P,-5,3
-2.224,-2.361,3,I,491,Q,-1.949,2
-5.979,-4.914,1,I,491,R,,
-5.654,-4.871,5,I,491,S,-5,2
-2.541,-2.799,6,I,491,T,-2.259,3
-0.5344,-0.3544,5,I,491,V,-0.02121,3
-5.472,-4.84,10,I,491,W,-5,8
-5.27,-4.8,3,I,491,Y,,
7.264,0.6041,1,Y,492,*,,
-0.6755,-0.472,3,Y,492,-,,
-8.916,-5.024,10,Y,492,A,-5,4
-5.498,-4.845,7,Y,492,C,-5,4
-6.104,-4.928,6,Y,492,D,-5,1
-5.092,-4.757,5,Y,492,E,-4.809,2
-2.31,-2.482,6,Y,492,F,-2.137,2
-1.54,-1.419,1,Y,492,G,,
-1.45,-1.304,1,Y,492,H,,
-5.21,-4.786,5,Y,492,I,-5,3
-1.813,-1.786,1,Y,492,K,,
-7.229,-4.997,7,Y,492,L,-5,2
-4.985,-4.727,4,Y,492,M,-5,2
-5.532,-4.851,5,Y,492,N,-5,2
-5.405,-4.828,6,Y,492,P,-5,3
-5.045,-4.744,2,Y,492,Q,-5,1
-5.435,-4.833,6,Y,492,R,-5,5
-5.217,-4.787,4,Y,492,S,-5,2
-6.02,-4.919,7,Y,492,T,-5,2
-5.86,-4.9,7,Y,492,V,-5,3
-5.438,-4.834,5,Y,492,W,-5,3
0,0,,Y,492,Y,0,
-0.7458,-0.5346,3,S,493,-,,
-0.6513,-0.451,4,S,493,A,-0.5017,2
-2.428,-2.645,6,S,493,C,-3.38,4
-8.278,-5.019,1,S,493,D,-5,1
-1.455,-1.311,3,S,493,E,-0.101,1
-2.69,-2.997,12,S,493,F,-2.349,4
-1.441,-1.293,3,S,493,G,-1.3,2
-1.897,-1.902,5,S,493,H,-2.425,2
-2.618,-2.902,3,S,493,I,-2.954,2
-1.003,-0.7867,8,S,493,K,-0.9944,4
-1.727,-1.668,3,S,493,L,-1.762,2
-2.359,-2.55,3,S,493,M,-2.455,1
-4.806,-4.672,2,S,493,N,-5,1
-5.633,-4.868,6,S,493,P,-5,5
-2.031,-2.089,9,S,493,Q,-0.9911,1
-1.532,-1.409,7,S,493,R,-1.227,5
0,0,,S,493,S,0,
-0.2467,-0.1466,8,S,493,T,0.2529,7
-1.068,-0.855,4,S,493,V,-1.063,3
-6.138,-4.931,5,S,493,W,-5,3
-2.439,-2.66,23,S,493,Y,-2.523,9
-0.1102,-0.06209,2,I,494,-,,
-5.334,-4.813,5,I,494,A,-5,3
-4.34,-4.479,8,I,494,C,-5,3
-5.004,-4.733,2,I,494,D,-5,2
-4.982,-4.726,12,I,494,E,-5,1
-5.482,-4.842,10,I,494,F,-5,6
-5.238,-4.792,3,I,494,G,-5,2
-3.786,-4.136,2,I,494,H,-4.232,1
0,0,,I,494,I,0,
-5.005,-4.733,5,I,494,K,-5,3
-0.226,-0.1332,2,I,494,L,-0.1834,2
-2.657,-2.953,5,I,494,M,-3.575,2
-5.79,-4.891,7,I,494,N,-5,5
-5.259,-4.797,2,I,494,P,-5,2
-5.395,-4.826,4,I,494,Q,-5,3
-5.015,-4.736,3,I,494,R,-5,1
-5.397,-4.826,3,I,494,S,-5,1
-5.778,-4.889,6,I,494,T,-5,3
-1.071,-0.8582,2,I,494,V,,
-7.815,-5.012,9,I,494,W,-5,6
-5.42,-4.83,7,I,494,Y,-5,4
-0.7637,-0.5509,2,T,495,-,,
-1.105,-0.8956,9,T,495,A,-0.8439,5
-0.9493,-0.7307,5,T,495,C,,
-6.036,-4.921,2,T,495,D,-5,1
-3.994,-4.281,2,T,495,E,-4.147,1
-2.81,-3.15,6,T,495,F,-3.012,6
-2.544,-2.803,3,T,495,G,-2.608,3
-1.278,-1.094,4,T,495,H,-1.175,3
-1.163,-0.9607,1,T,495,I,-1.034,1
-0.5663,-0.3801,5,T,495,K,-0.2,2
-2.743,-3.065,8,T,495,L,-3.143,5
-1.047,-0.8325,11,T,495,M,-0.0506,2
-4.469,-4.54,3,T,495,N,-3.753,2
-5.729,-4.882,5,T,495,P,-5,4
-0.6381,-0.4398,2,T,495,Q,-0.4512,1
3.36,0.5812,2,T,495,R,1.402,2
-1.664,-1.584,1,T,495,S,,
0,0,,T,495,T,0,
0.791,0.3134,6,T,495,V,1.795,1
-4.88,-4.696,1,T,495,W,-5,1
-4.403,-4.51,6,T,495,Y,-4.893,4
-1.033,-0.8176,2,P,496,-,,
-2.231,-2.371,5,P,496,A,-2.472,3
-5.425,-4.832,6,P,496,C,-5,4
-4.418,-4.517,6,P,496,D,-5,2
-6.313,-4.947,7,P,496,E,-5,6
-5.484,-4.843,3,P,496,F,,
-4.43,-4.523,4,P,496,G,-4.86,4
-2.932,-3.3,6,P,496,H,-3.053,5
-5.275,-4.801,2,P,496,I,-5,2
-4.599,-4.595,8,P,496,K,-5,8
-5.872,-4.902,10,P,496,L,-2.26,2
-4.142,-4.373,6,P,496,M,-5,4
-0.9102,-0.6912,1,P,496,N,,
0,0,,P,496,P,0,
-5.34,-4.814,4,P,496,Q,-5,3
-6.032,-4.92,3,P,496,R,-5,1
-0.7534,-0.5415,6,P,496,S,-0.6994,2
-2.815,-3.156,4,P,496,T,-3.004,2
-4.435,-4.525,9,P,496,V,-5,6
-5.396,-4.826,7,P,496,W,-5,4
-5.462,-4.838,7,P,496,Y,-5,6
-5.89,-4.904,3,C,497,*,,
-0.2521,-0.1501,2,C,497,-,,
-5.649,-4.87,9,C,497,A,-5,5
0,0,,C,497,C,0,
-5.237,-4.792,3,C,497,D,-5,2
-5.062,-4.749,4,C,497,E,-5,1
-5.374,-4.821,9,C,497,F,-5,3
-5.586,-4.86,4,C,497,G,-5,3
-3.907,-4.223,1,C,497,H,,
-5.389,-4.824,6,C,497,I,-5,3
-5.129,-4.766,5,C,497,K,-5,1
-5.381,-4.823,6,C,497,L,-5,2
-5.396,-4.826,5,C,497,M,-5,3
-5.055,-4.747,2,C,497,N,-5,1
-5.334,-4.813,6,C,497,P,-5,3
-5.241,-4.793,4,C,497,Q,-5,2
-7.512,-5.005,13,C,497,R,-5,3
-5.384,-4.824,5,C,497,S,-5,3
-5.586,-4.86,4,C,497,T,-5,2
-4.189,-4.399,5,C,497,V,-4.769,2
-5.46,-4.838,5,C,497,W,-5,2
-5.63,-4.867,18,C,497,Y,-5,4
-0.3791,-0.2371,2,N,498,-,,
-0.4274,-0.2722,5,N,498,A,-0.3926,3
-2.017,-2.07,7,N,498,C,-2.32,3
-4.924,-4.709,3,N,498,D,,
-3.626,-4.009,6,N,498,E,-4.148,3
0.1281,0.06575,4,N,498,F,0.5214,3
1.698,0.4833,5,N,498,G,-1.728,1
0.8964,0.3412,3,N,498,H,0.5933,3
-4.19,-4.4,3,N,498,I,,
-2.517,-2.767,7,N,498,K,,
-6.628,-4.969,5,N,498,L,-5,1
-5.276,-4.801,7,N,498,M,-5,6
0,0,,N,498,N,0,
-6.284,-4.945,8,N,498,P,-5,5
-1.592,-1.488,1,N,498,Q,,
-2.166,-2.279,8,N,498,R,-2.334,6
-1.594,-1.49,5,N,498,S,-1.404,3
-2.491,-2.731,5,N,498,T,,
-4.037,-4.309,2,N,498,V,,
-0.9861,-0.7686,6,N,498,W,-0.2964,3
-0.1684,-0.09706,9,N,498,Y,-0.3226,5
-0.4753,-0.3083,2,P,499,-,,
-1.448,-1.302,4,P,499,A,-1.033,3
-1.49,-1.355,3,P,499,C,-1.465,1
-5.87,-4.901,4,P,499,D,-5,2
-3.89,-4.211,5,P,499,E,-3.767,1
-1.734,-1.678,3,P,499,F,,
-3.218,-3.622,4,P,499,G,-3.703,2
-1.455,-1.311,20,P,499,H,-0.8145,7
-0.7897,-0.5749,4,P,499,I,-0.6498,1
-3.921,-4.233,2,P,499,K,,
0.3403,0.1607,8,P,499,L,0.4076,4
-1.379,-1.216,2,P,499,M,,
0.6953,0.2858,4,P,499,N,,
0,0,,P,499,P,0,
-4.192,-4.401,7,P,499,Q,-4.639,5
-4.718,-4.641,4,P,499,R,-5,3
-1.643,-1.555,8,P,499,S,-1.233,5
0.4157,0.1905,15,P,499,T,0.474,5
-0.7703,-0.557,2,P,499,V,-0.03575,1
-3.326,-3.733,6,P,499,W,-3.798,3
2.475,0.5482,5,P,499,Y,-0.4904,2
0.02592,0.01385,2,P,500,-,,
-2.666,-2.966,5,P,500,A,-3.393,3
-1.574,-1.463,1,P,500,C,,
-4.5,-4.554,4,P,500,D,-4.673,2
-4.896,-4.701,7,P,500,E,-5,6
-1.492,-1.359,4,P,500,F,-0.9385,2
-4.899,-4.702,6,P,500,G,-4.812,4
-5.451,-4.836,6,P,500,H,-5,1
-0.0979,-0.05491,6,P,500,I,-1.352,1
-5.523,-4.849,2,P,500,K,-5,1
-1.175,-0.9745,7,P,500,L,-0.6065,2
-0.5418,-0.3604,2,P,500,M,,
-5.242,-4.793,2,P,500,N,-5,2
0,0,,P,500,P,0,
-6.862,-4.982,6,P,500,Q,-5,4
-5.589,-4.861,3,P,500,R,-5,3
-4.16,-4.383,4,P,500,S,-5,1
-1.898,-1.903,9,P,500,T,-2.189,5
-1.509,-1.38,6,P,500,V,-1.111,4
-0.2742,-0.1647,8,P,500,W,1.356,2
-4.95,-4.717,6,P,500,Y,-4.894,4
-0.8778,-0.6592,2,D,501,-,,
0.8459,0.3282,4,D,501,A,0.3386,3
-1.321,-1.145,4,D,501,C,0.1494,1
0,0,,D,501,D,0,
-0.2024,-0.1182,2,D,501,E,,
-1.154,-0.9503,5,D,501,F,-1.23,2
-2.476,-2.712,7,D,501,G,-2.748,4
0.8078,0.318,2,D,501,H,,
0.02773,0.0148,5,D,501,I,-0.2834,4
-0.9384,-0.7196,4,D,501,K,-0.4259,2
0.4416,0.2004,2,D,501,L,0.1518,2
-0.0648,-0.03588,7,D,501,M,0.1853,4
-0.1368,-0.07791,9,D,501,N,,
-3.894,-4.214,1,D,501,P,-4.329,1
0.9546,0.3554,10,D,501,Q,0.3769,7
-0.08225,-0.04585,4,D,501,R,-1.848,1
-0.9211,-0.7022,6,D,501,S,-0.7861,1
-1.183,-0.9837,6,D,501,T,-0.9964,3
-0.6681,-0.4655,6,D,501,V,-1.065,2
-1.822,-1.797,2,D,501,W,-1.885,2
-1.002,-0.7849,12,D,501,Y,-0.644,4
-5.735,-4.883,4,Q,502,*,-5,2
0.4171,0.1911,2,Q,502,-,,
-2.168,-2.282,5,Q,502,A,-4.518,1
0.2737,0.1326,4,Q,502,C,0.1562,3
-5.038,-4.742,2,Q,502,D,-4.906,2
-4.971,-4.723,1,Q,502,E,-5,1
-0.865,-0.6468,8,Q,502,F,-0.5435,5
-0.976,-0.7581,1,Q,502,G,,
-1.579,-1.471,13,Q,502,H,-0.8999,4
4.316,0.5956,4,Q,502,I,-0.5931,3
-1.278,-1.094,9,Q,502,K,-0.8861,4
0.6294,0.2654,4,Q,502,L,-0.3035,1
5.783,0.6025,7,Q,502,M,1.806,3
-2.476,-2.711,9,Q,502,N,-2.165,5
-4.779,-4.662,2,Q,502,P,-5,1
0,0,,Q,502,Q,0,
-2.391,-2.595,3,Q,502,R,-1.934,2
-1.293,-1.112,2,Q,502,S,-1.192,2
0.1463,0.07452,3,Q,502,T,-0.7927,1
6.837,0.6039,1,Q,502,V,,
3.903,0.591,6,Q,502,W,0.6403,3
2.604,0.5549,7,Q,502,Y,-0.04807,5
-0.2623,-0.1568,2,L,503,-,,
-6.021,-4.919,6,L,503,A,-5,4
-5.397,-4.826,4,L,503,C,-5,3
-5.067,-4.75,4,L,503,D,-4.865,2
-4.897,-4.701,1,L,503,E,-5,1
-1.957,-1.985,7,L,503,F,-2.498,3
-4.56,-4.58,2,L,503,G,-5,1
-5.266,-4.798,5,L,503,H,-5,3
-0.913,-0.6941,9,L,503,I,-0.5933,2
-5.509,-4.847,5,L,503,K,-5,3
0,0,,L,503,L,0,
-4.4,-4.508,4,L,503,M,-5,1
-4.727,-4.644,1,L,503,N,-5,1
-6.548,-4.964,13,L,503,P,-5,10
-6.086,-4.926,4,L,503,Q,-5,1
-5.357,-4.818,5,L,503,R,-5,2
-4.185,-4.397,1,L,503,S,,
-5.785,-4.89,7,L,503,T,-5,5
-0.009623,-0.005213,5,L,503,V,-0.9653,2
-4.996,-4.731,8,L,503,W,-5,3
-5.389,-4.824,4,L,503,Y,-5,4
-0.8945,-0.6757,3,V,504,-,,
-2.706,-3.017,5,V,504,A,-3.16,2
-4.728,-4.644,3,V,504,C,-4.388,2
-5.408,-4.828,6,V,504,D,-5,3
-5.461,-4.838,4,V,504,E,-5,4
0.07488,0.03924,6,V,504,F,-0.6637,4
-5.084,-4.755,3,V,504,G,-5,1
-5.366,-4.82,3,V,504,H,-5,3
-0.7968,-0.5816,7,V,504,I,0.369,2
-5.604,-4.863,6,V,504,K,-5,3
-2.098,-2.184,4,V,504,L,-2.235,2
-8.805,-5.024,4,V,504,M,-4.487,2
-4.707,-4.637,9,V,504,N,-5,7
-1.217,-1.022,1,V,504,P,,
-5.323,-4.811,4,V,504,Q,-5,3
-6.385,-4.953,2,V,504,R,-5,1
-1.089,-0.8782,1,V,504,S,,
-5.733,-4.883,5,V,504,T,-5,3
0,0,,V,504,V,0,
-4.779,-4.663,2,V,504,W,-5,1
-5.655,-4.871,5,V,504,Y,-5,3
-0.7359,-0.5256,3,V,505,-,,
-6.704,-4.974,12,V,505,A,-5,2
-5.369,-4.82,8,V,505,C,-5,5
-5.562,-4.856,5,V,505,D,-5,3
-5.267,-4.799,3,V,505,E,-5,2
-5.508,-4.847,5,V,505,F,-5,4
-5.403,-4.827,3,V,505,G,-5,2
-5.497,-4.845,6,V,505,H,-4.983,2
-0.9757,-0.7578,6,V,505,I,-0.8772,4
-3.546,-3.94,3,V,505,K,-4.027,2
-4.644,-4.613,11,V,505,L,-5,4
-4.595,-4.594,9,V,505,M,-4.994,2
-8.046,-5.016,1,V,505,N,-5,1
-5.379,-4.823,3,V,505,P,-5,1
-4.988,-4.728,3,V,505,Q,-5,1
-5.533,-4.851,6,V,505,R,-5,5
-5.371,-4.821,2,V,505,S,-5,2
-6.382,-4.953,5,V,505,T,-5,4
0,0,,V,505,V,0,
-5.614,-4.865,5,V,505,W,-5,4
-5.898,-4.905,5,V,505,Y,-5,2
-9.647,-5.028,3,Y,506,*,-5,1
-1.659,-1.577,4,Y,506,-,,
-4.647,-4.614,6,Y,506,A,-5,4
-2.273,-2.43,3,Y,506,C,,
-5.484,-4.842,7,Y,506,D,-5,5
-5.36,-4.819,5,Y,506,E,-5,3
-3.404,-3.81,1,Y,506,F,,
-5.164,-4.775,5,Y,506,G,-5,2
-3.481,-3.882,9,Y,506,H,-4.322,4
1.584,0.469,5,Y,506,I,1.268,3
-5.62,-4.866,5,Y,506,K,-5,3
-1.778,-1.737,8,Y,506,L,-1.579,5
-5.401,-4.827,3,Y,506,M,-4.684,2
-5.309,-4.808,4,Y,506,N,-4.302,1
-5.501,-4.846,6,Y,506,Q,-5,3
-4.541,-4.571,4,Y,506,R,-4.691,2
-5.369,-4.82,8,Y,506,S,-5,4
0.5705,0.2461,4,Y,506,V,0.1534,2
-2.27,-2.425,6,Y,506,W,-2.361,3
0,0,,Y,506,Y,0,
-5.69,-4.877,2,Q,507,*,,
-1.878,-1.876,4,Q,507,-,,
-0.6137,-0.4192,1,Q,507,A,,
-5.355,-4.818,7,Q,507,C,-5,6
-0.3472,-0.2145,4,Q,507,D,0.7018,1
-1.301,-1.121,8,Q,507,E,-0.6927,1
-5.456,-4.837,7,Q,507,F,-5,3
1.335,0.4318,7,Q,507,G,0.396,6
2.959,0.5697,5,Q,507,H,0.6309,4
0.3943,0.1823,12,Q,507,K,-0.2241,5
-5.417,-4.83,6,Q,507,L,-5,4
-2.211,-2.343,4,Q,507,M,-2.349,2
1.161,0.4002,4,Q,507,N,0.5755,1
-4.7,-4.634,1,Q,507,P,-5,1
0,0,,Q,507,Q,0,
0.9087,0.3442,4,Q,507,R,-0.274,3
-1.167,-0.9648,2,Q,507,S,-0.8073,1
-5.374,-4.821,4,Q,507,T,-5,2
-7.392,-5.002,6,Q,507,V,-5,3
-5.438,-4.834,5,Q,507,W,-5,2
-5.519,-4.849,3,Q,507,Y,-5,2
-1.214,-1.018,3,Q,508,-,,
-0.9972,-0.7801,1,Q,508,A,-0.7324,1
-1.757,-1.709,5,Q,508,C,-2.395,2
-0.7931,-0.5781,6,Q,508,D,-0.8013,4
-2.598,-2.876,2,Q,508,E,-2.867,2
-4.538,-4.57,3,Q,508,F,,
-1.684,-1.61,2,Q,508,G,-1.801,1
-0.6124,-0.4181,14,Q,508,H,-2.455,2
-5.511,-4.847,7,Q,508,I,-5,4
-0.942,-0.7233,4,Q,508,K,-0.2216,1
-3.561,-3.953,7,Q,508,L,-4.002,2
-0.3653,-0.2273,4,Q,508,M,0.2354,1
-0.3344,-0.2055,7,Q,508,N,0.0034,4
-4.886,-4.698,5,Q,508,P,-5,1
0,0,,Q,508,Q,0,
-1.422,-1.269,5,Q,508,R,-1.347,2
-1.181,-0.9805,6,Q,508,S,-1.583,4
-2.437,-2.657,3,Q,508,T,-2.712,2
-5.511,-4.847,7,Q,508,V,-5,5
-5.425,-4.831,4,Q,508,W,-5,2
-5.381,-4.823,5,Q,508,Y,-5,3
1.326,0.4303,2,A,509,-,,
0,0,,A,509,A,0,
-0.9596,-0.7412,3,A,509,C,-1.65,1
-2.356,-2.546,10,A,509,D,-2.681,6
-1.255,-1.066,2,A,509,E,-1.037,1
-2.72,-3.036,5,A,509,F,-2.983,5
-2.31,-2.481,2,A,509,G,-2.576,2
-0.3756,-0.2346,7,A,509,H,-0.4467,5
-0.9281,-0.7092,5,A,509,I,-0.5491,4
0.3604,0.1688,7,A,509,K,0.7117,3
-1.167,-0.9646,6,A,509,L,-0.3413,3
0.7293,0.2959,6,A,509,M,0.05563,3
1.668,0.4796,3,A,509,N,,
-5.412,-4.829,5,A,509,P,-5,3
-0.697,-0.4908,6,A,509,Q,-0.2858,4
0.9098,0.3445,3,A,509,R,1.215,2
0.7856,0.3119,13,A,509,S,0.3976,3
-0.7517,-0.5399,7,A,509,T,-0.5277,4
0.458,0.2065,3,A,509,V,0.8658,1
-5.675,-4.874,5,A,509,W,-5,2
-2.204,-2.333,5,A,509,Y,-2.453,2
0.966,0.3581,2,V,510,-,,
-5.497,-4.845,7,V,510,A,-5,2
-5.303,-4.807,7,V,510,C,-5,3
-5.448,-4.836,4,V,510,D,-5,2
-4.75,-4.652,9,V,510,E,-5,6
-4.508,-4.557,5,V,510,F,-4.677,2
-5.592,-4.861,4,V,510,G,-5,3
-8.869,-5.024,3,V,510,H,-5,1
0.07986,0.04177,6,V,510,I,0.6403,3
-5.367,-4.82,8,V,510,K,-5,1
-0.9501,-0.7315,8,V,510,L,-0.436,2
-4.303,-4.461,15,V,510,M,-5,3
-3.797,-4.144,2,V,510,N,-4.189,1
-5.95,-4.911,9,V,510,P,-5,5
-4.919,-4.708,1,V,510,Q,-5,1
-5.25,-4.795,2,V,510,R,-5,2
-4.505,-4.556,5,V,510,S,-4.627,2
-5.038,-4.742,3,V,510,T,-5,3
0,0,,V,510,V,0,
-3.904,-4.221,3,V,510,W,,
-6.127,-4.93,9,V,510,Y,-5,4
-0.2456,-0.1459,1,V,511,-,,
-5.499,-4.845,9,V,511,A,-5,4
-6.195,-4.937,7,V,511,C,-5,3
-0.08034,-0.04475,1,V,511,D,,
-5.345,-4.815,4,V,511,E,-5,3
-4.379,-4.498,9,V,511,F,-5,4
-4.898,-4.701,1,V,511,G,-5,1
-6.135,-4.931,3,V,511,H,,
1.146,0.3973,5,V,511,I,0.7553,3
-4.602,-4.596,2,V,511,K,-4.557,1
-2.546,-2.806,9,V,511,L,-2.389,1
-4.422,-4.519,4,V,511,M,-4.387,3
-5.002,-4.732,5,V,511,N,-4.892,4
-4.758,-4.655,3,V,511,P,-5,3
-5.237,-4.792,2,V,511,Q,,
-4.14,-4.372,1,V,511,R,,
-4.992,-4.729,3,V,511,S,-5,1
-4.8,-4.67,1,V,511,T,-5,1
0,0,,V,511,V,0,
-6.158,-4.933,4,V,511,W,-4.941,1
-5.212,-4.786,4,V,511,Y,-5,2
-0.1427,-0.08144,2,G,512,-,,
-2.848,-3.197,10,G,512,A,-3.506,5
-5.225,-4.789,15,G,512,C,-5,4
-5.454,-4.837,9,G,512,D,-5,3
-8.615,-5.022,8,G,512,E,-5,3
-5.6,-4.862,7,G,512,F,-5,5
0,0,,G,512,G,0,
-6.605,-4.968,8,G,512,H,-5,4
-4.925,-4.709,4,G,512,I,-4.643,2
-5.387,-4.824,6,G,512,K,-5,3
-5.353,-4.817,6,G,512,L,-5,3
-5.478,-4.841,15,G,512,M,-5,7
-4.311,-4.465,3,G,512,N,-5,3
-5.453,-4.837,8,G,512,P,-5,4
-11.12,-5.03,8,G,512,Q,-5,6
-3.956,-4.256,7,G,512,R,-4.511,4
-6.091,-4.927,13,G,512,S,-5,4
-5.539,-4.852,6,G,512,T,-5,3
-6.614,-4.969,17,G,512,V,-5,3
-5.558,-4.856,7,G,512,W,-5,5
-5.862,-4.9,7,G,512,Y,-5,7
-3.124,-3.521,3,A,513,-,,
0,0,,A,513,A,0,
-4.493,-4.551,4,A,513,C,-4.426,1
-4.193,-4.402,8,A,513,D,-4.867,2
-5.501,-4.846,5,A,513,E,-5,5
-5.185,-4.78,8,A,513,F,-5,5
-5.34,-4.814,4,A,513,G,-5,3
-7.3,-4.999,7,A,513,H,-5,2
-2.891,-3.25,2,A,513,I,-3.509,1
-5.135,-4.768,2,A,513,K,,
-8.898,-5.024,7,A,513,L,-5,4
-1.301,-1.121,6,A,513,M,-0.6052,3
-6.357,-4.951,8,A,513,N,-5,4
-4.937,-4.713,5,A,513,P,-4.656,2
-5.32,-4.81,3,A,513,Q,-5,1
-5.274,-4.8,2,A,513,R,-5,2
-4.281,-4.449,9,A,513,S,-4.671,1
-4.903,-4.703,17,A,513,T,-5,1
0.7001,0.2872,11,A,513,V,-0.2046,5
-3.857,-4.188,5,A,513,W,-4.298,2
-4.983,-4.727,2,A,513,Y,-5,2
-0.2705,-0.1622,1,M,514,-,,
-2.541,-2.799,2,M,514,A,-2.572,2
-2.545,-2.805,9,M,514,C,-2.839,5
-2.547,-2.807,2,M,514,D,-2.856,1
-4.948,-4.716,4,M,514,E,-5,2
-0.2111,-0.1238,9,M,514,F,-0.02205,4
-5.743,-4.884,2,M,514,G,-5,1
-5.406,-4.828,3,M,514,H,-5,3
1.8,0.4948,16,M,514,I,0.1624,1
-4.954,-4.718,3,M,514,K,-5,1
0.9599,0.3567,5,M,514,L,0.274,2
0,0,,M,514,M,0,
-5.229,-4.79,11,M,514,N,-5,7
-6.246,-4.941,7,M,514,P,-5,3
-5.911,-4.906,7,M,514,Q,-5,5
-9.822,-5.028,6,M,514,R,-5,3
-7.095,-4.992,6,M,514,S,-5,3
-7.029,-4.99,9,M,514,T,-5,4
-1.849,-1.835,5,M,514,V,-2.853,1
-2.123,-2.219,7,M,514,W,-2.172,2
-4.706,-4.636,5,M,514,Y,-5,3
-0.4741,-0.3074,1,L,515,-,,
-4.935,-4.712,3,L,515,A,-4.908,3
-1.607,-1.507,9,L,515,C,-1.58,5
-8.568,-5.022,8,L,515,D,-5,5
-2.839,-3.186,2,L,515,E,-3.311,1
-3.459,-3.861,11,L,515,F,-3.805,5
-4.979,-4.725,3,L,515,G,,
-4.208,-4.41,8,L,515,H,-4.56,3
-0.8357,-0.6184,2,L,515,I,,
-5.616,-4.865,4,L,515,K,-4.47,2
0,0,,L,515,L,0,
0.8232,0.3222,4,L,515,M,,
-4.854,-4.687,3,L,515,N,-5,1
-5.416,-4.83,9,L,515,P,-5,1
-1.075,-0.8633,9,L,515,Q,-0.6079,5
-1.615,-1.518,7,L,515,R,-1.754,5
-0.859,-0.6409,5,L,515,S,-0.5107,3
-1.219,-1.024,3,L,515,T,,
0.3463,0.1631,1,L,515,V,0.07441,1
-5.219,-4.788,10,L,515,W,-5,6
-4.327,-4.473,6,L,515,Y,-5,5
-0.09459,-0.05298,1,S,516,-,,
-0.5448,-0.3627,3,S,516,A,0.2019,2
-0.5189,-0.3421,2,S,516,C,-0.4326,1
-5.425,-4.832,9,S,516,D,-5,3
-5.548,-4.854,7,S,516,E,-5,3
-1.083,-0.8717,5,S,516,F,-0.8652,4
0.1389,0.07097,5,S,516,G,-0.1467,3
1.345,0.4336,4,S,516,H,3.184,1
-2.458,-2.687,4,S,516,I,-3.18,1
-2.343,-2.527,4,S,516,K,-2.603,2
-0.7815,-0.5673,6,S,516,L,-0.9406,2
-1.392,-1.232,8,S,516,M,-1.465,2
-1.908,-1.917,11,S,516,N,-1.084,1
-1.607,-1.507,3,S,516,P,-1.268,2
-3.396,-3.802,11,S,516,Q,-3.76,7
-2.279,-2.439,7,S,516,R,-2.018,3
0,0,,S,516,S,0,
0.2129,0.1057,3,S,516,T,0.3512,3
-0.8881,-0.6694,3,S,516,V,-0.7311,2
-3.478,-3.879,3,S,516,W,-3.989,2
-2.586,-2.859,5,S,516,Y,-3.791,3
-5.282,-4.802,10,E,517,*,-5,2
0.001774,0.000957,2,E,517,-,,
0.6562,0.2738,8,E,517,A,-0.0872,3
-2.095,-2.18,5,E,517,C,-2.353,2
1.048,0.3768,14,E,517,D,0.06846,3
0,0,,E,517,E,0,
-1.436,-1.287,7,E,517,F,-1.386,3
0.8357,0.3255,4,E,517,G,0.4315,2
-0.2185,-0.1285,6,E,517,H,0.1833,3
-1.929,-1.947,11,E,517,I,-1.73,3
-1.186,-0.9871,9,E,517,K,0.273,1
-2.604,-2.883,3,E,517,L,-3.036,2
-0.7609,-0.5483,6,E,517,M,-0.8482,4
-0.00706,-0.00382,4,E,517,N,-0.161,3
-6.555,-4.965,4,E,517,P,-5,1
-1.157,-0.9542,4,E,517,Q,-0.8537,1
-1.81,-1.781,4,E,517,R,-2.102,1
-0.4789,-0.311,7,E,517,S,-0.4341,3
-0.5614,-0.3761,8,E,517,T,-0.4888,7
6.212,0.6032,5,E,517,V,0.4712,3
-1.796,-1.762,4,E,517,W,-1.826,3
1.211,0.4098,1,E,517,Y,,
-0.8416,-0.6241,2,N,518,-,,
-1.316,-1.14,3,N,518,A,-1.235,2
-5.649,-4.87,3,N,518,C,,
-3.549,-3.943,9,N,518,D,-3.915,6
-1.162,-0.959,3,N,518,E,-2.337,1
-5.292,-4.804,13,N,518,F,-5,5
-2.634,-2.923,2,N,518,G,-3.074,1
-2.587,-2.861,9,N,518,H,-2.78,5
-5.223,-4.789,5,N,518,I,,
-1.144,-0.9388,5,N,518,K,-1.553,1
-5.153,-4.772,1,N,518,L,-5,1
-3.055,-3.443,5,N,518,M,-3.4,3
0,0,,N,518,N,0,
-0.3342,-0.2054,6,N,518,P,-0.07475,4
-4.512,-4.559,5,N,518,Q,-4.771,2
-0.9741,-0.7561,3,N,518,R,-0.5908,3
-1.342,-1.171,3,N,518,S,-1.31,2
-3.948,-4.251,9,N,518,T,-4.525,6
-5.715,-4.88,17,N,518,V,-5,6
-4.48,-4.545,4,N,518,W,-5,3
-4.838,-4.682,10,N,518,Y,-4.849,4
-0.2044,-0.1195,2,F,519,-,,
1.405,0.4432,3,F,519,A,0.8634,3
-0.8577,-0.6396,5,F,519,C,-0.7692,1
0.5597,0.2425,4,F,519,D,0.2421,2
2.12,0.5244,2,F,519,E,0.7449,1
0,0,,F,519,F,0,
1.04,0.3749,6,F,519,G,0.1579,4
2.111,0.5237,2,F,519,H,0.69,1
2.048,0.5186,1,F,519,I,0.6394,1
1.418,0.4453,3,F,519,K,0.2554,1
0.6875,0.2835,14,F,519,L,0.7248,5
1.302,0.4262,4,F,519,M,0.4731,2
0.1041,0.05394,5,F,519,N,0.9416,4
-3.546,-3.94,3,F,519,P,-5,1
3.662,0.5873,2,F,519,Q,1.808,1
2.69,0.559,1,F,519,R,,
1.681,0.4813,9,F,519,S,0.5311,4
2.897,0.5675,1,F,519,T,,
0.757,0.3039,6,F,519,V,0.3179,4
-1.531,-1.408,5,F,519,W,-1.165,1
2.256,0.5345,2,F,519,Y,,
-0.8982,-0.6794,3,T,520,-,,
-0.8673,-0.6489,3,T,520,A,-0.9645,1
-2.242,-2.387,4,T,520,C,-2.768,3
-0.9369,-0.7181,3,T,520,D,-0.7762,2
-1.842,-1.825,5,T,520,E,-1.914,2
-1.431,-1.28,4,T,520,F,-1.764,1
-1.987,-2.027,5,T,520,G,-2.381,2
-1.228,-1.035,4,T,520,H,-1.091,4
-1.945,-1.968,7,T,520,I,-2.151,3
-0.8059,-0.5901,3,T,520,K,-0.4701,3
-9.868,-5.028,5,T,520,L,-2.414,3
-1.847,-1.832,5,T,520,M,-1.917,3
0.983,0.3621,5,T,520,N,-0.9317,2
-0.4951,-0.3235,4,T,520,P,-0.09055,2
-0.1091,-0.06148,8,T,520,Q,-0.07172,4
-1.8,-1.768,3,T,520,R,-1.431,1
0.4841,0.216,2,T,520,S,,
0,0,,T,520,T,0,
-3.779,-4.131,3,T,520,V,-4.246,1
-4.742,-4.649,7,T,520,W,-4.439,3
-2.692,-2.999,3,T,520,Y,-2.862,1
-1.982,-2.021,3,S,521,-,,
1.95,0.5098,3,S,521,A,0.8868,3
-1.337,-1.164,4,S,521,C,-1.424,3
-1.254,-1.066,7,S,521,D,-1.268,4
-0.9816,-0.7639,6,S,521,F,-0.7417,4
0.3276,0.1554,5,S,521,G,1.726,2
-0.589,-0.3986,3,S,521,H,0.2777,2
-1.224,-1.03,10,S,521,I,-0.9757,4
1.02,0.3706,5,S,521,K,-0.5959,2
-0.4244,-0.27,7,S,521,L,0.01261,5
-1.016,-0.7999,7,S,521,M,-0.4636,3
-0.9345,-0.7157,5,S,521,N,,
-0.9953,-0.7782,1,S,521,P,-0.8806,1
-0.2917,-0.1764,2,S,521,Q,-0.2325,1
1.688,0.4821,3,S,521,R,,
0,0,,S,521,S,0,
-2.675,-2.976,1,S,521,T,,
-1.083,-0.8713,8,S,521,V,-0.9632,3
-1.971,-2.006,8,S,521,W,-2.336,6
-0.7487,-0.5372,6,S,521,Y,-0.1112,3
-3.878,-4.203,3,Y,522,*,,
-0.6191,-0.4237,2,Y,522,-,,
-5.297,-4.805,2,Y,522,A,-5,1
-6.737,-4.976,5,Y,522,C,-5,1
-4.976,-4.725,4,Y,522,D,-5,2
-5.62,-4.866,3,Y,522,E,-5,1
-3.137,-3.535,7,Y,522,F,-3.873,2
-5.418,-4.83,4,Y,522,G,-5,3
-3.685,-4.057,3,Y,522,H,-3.891,1
-4.392,-4.505,5,Y,522,I,-5,1
-5.373,-4.821,6,Y,522,K,-4.99,4
-2.171,-2.286,5,Y,522,L,-2.21,2
-2.468,-2.7,11,Y,522,M,-2.509,6
-7.707,-5.01,7,Y,522,N,-5,5
-5.323,-4.811,2,Y,522,P,-5,2
-5.076,-4.752,4,Y,522,Q,-5,1
-2.991,-3.37,3,Y,522,R,-3.359,1
-5.015,-4.736,3,Y,522,S,-4.905,2
-4.925,-4.71,3,Y,522,T,-4.976,3
-4.94,-4.714,2,Y,522,V,-5,1
-2.667,-2.966,5,Y,522,W,-2.354,3
0,0,,Y,522,Y,0,
-1.013,-0.7963,2,G,523,-,,
-2.137,-2.239,4,G,523,A,-2.604,2
-5.283,-4.802,16,G,523,C,-5,5
-0.4958,-0.3241,3,G,523,D,,
-2.074,-2.15,2,G,523,E,,
-6.13,-4.93,6,G,523,F,-5,2
0,0,,G,523,G,0,
-2.269,-2.424,3,G,523,H,-2.53,2
-4.705,-4.636,8,G,523,I,-5,3
-4.19,-4.4,3,G,523,K,-5,3
-5.756,-4.886,11,G,523,L,-5,4
-12.32,-5.031,7,G,523,M,-5,1
-1.795,-1.761,3,G,523,N,-1.755,2
-2.029,-2.087,4,G,523,P,-1.83,3
-2.358,-2.549,9,G,523,Q,-2.325,7
-4.617,-4.603,2,G,523,R,-5,1
-2.394,-2.598,6,G,523,S,-2.603,2
-2.693,-3.001,7,G,523,T,-2.919,5
-4.328,-4.473,16,G,523,V,-3.92,1
-5.362,-4.819,5,G,523,W,-5,3
-1.779,-1.739,4,G,523,Y,-1.681,3
-0.4778,-0.3102,2,F,524,-,,
-5.354,-4.817,5,F,524,A,-5,3
-4.874,-4.694,2,F,524,C,-5,1
-4.953,-4.718,2,F,524,E,,
0,0,,F,524,F,0,
-7.654,-5.009,2,F,524,G,-5,1
-4.898,-4.701,10,F,524,H,-5,5
-5.313,-4.809,4,F,524,I,,
-5.713,-4.88,9,F,524,K,-5,5
-1.823,-1.799,11,F,524,L,-1.442,7
-2.988,-3.366,3,F,524,M,-3.393,2
-5.529,-4.851,10,F,524,N,-5,4
-5.351,-4.817,6,F,524,P,-5,3
-7.803,-5.012,3,F,524,Q,,
-5.295,-4.805,2,F,524,R,-5,2
-7.759,-5.011,4,F,524,S,-5,1
-6.618,-4.969,5,F,524,T,-5,2
-6.189,-4.936,11,F,524,V,-5,2
-5.321,-4.811,4,F,524,W,-5,3
-4.632,-4.608,12,F,524,Y,-5,5
0.00598,0.00322,1,S,525,-,,
-0.9221,-0.7032,5,S,525,A,-0.6641,3
-1.605,-1.505,10,S,525,C,-1.17,5
4.409,0.5964,3,S,525,D,-0.3198,1
3.657,0.5872,3,S,525,E,0.7974,2
-1.709,-1.644,7,S,525,F,-1.482,4
-1.168,-0.966,13,S,525,G,-0.6728,5
0.0121,0.006499,5,S,525,H,0.2754,1
-0.1056,-0.05943,8,S,525,I,0.347,3
0.1654,0.08364,5,S,525,K,-0.1097,2
-0.2351,-0.1391,3,S,525,L,,
2.213,0.5315,7,S,525,M,0.903,5
-0.6926,-0.487,12,S,525,N,-0.3073,5
-5.222,-4.788,2,S,525,P,-5,2
1.145,0.397,2,S,525,Q,,
-0.3699,-0.2305,9,S,525,R,0.07352,3
0,0,,S,525,S,0,
1.189,0.4056,5,S,525,T,0.9877,1
0.4284,0.1954,7,S,525,V,-0.1445,2
-2.124,-2.221,8,S,525,W,-2.096,4
-0.3378,-0.2079,4,S,525,Y,0.183,1
0.1895,0.09493,1,N,526,-,,
-3.011,-3.392,6,N,526,A,-3.164,2
-6.8,-4.979,4,N,526,C,-5,1
-2.939,-3.308,5,N,526,D,,
-4.175,-4.392,4,N,526,E,-2.732,1
-4.35,-4.484,14,N,526,F,-4.562,7
-1.198,-1,6,N,526,G,-1.054,3
-1.288,-1.106,1,N,526,H,,
-3.734,-4.096,6,N,526,I,-3.636,1
-0.5168,-0.3405,6,N,526,K,-0.1123,3
-3.276,-3.683,4,N,526,L,-3.638,2
-3.076,-3.467,4,N,526,M,-3.158,3
0,0,,N,526,N,0,
-5.29,-4.804,2,N,526,P,-5,2
-1.229,-1.036,5,N,526,Q,-1.447,3
-0.07394,-0.04108,3,N,526,R,-0.159,2
0.5377,0.235,1,N,526,S,0.1264,1
2.707,0.5597,1,N,526,T,0.942,1
-2.812,-3.152,7,N,526,V,-3.28,4
-6.744,-4.976,4,N,526,W,-5,4
-1.188,-0.9886,3,N,526,Y,,
0.3769,0.1754,1,V,527,-,,
-4.764,-4.657,4,V,527,A,-4.784,2
-4.826,-4.678,7,V,527,C,-4.633,2
-4.906,-4.704,1,V,527,D,-5,1
-3.675,-4.049,5,V,527,E,-2.749,2
-2.482,-2.72,9,V,527,F,-2.609,4
-5.213,-4.786,5,V,527,G,-5,2
-5.293,-4.805,3,V,527,H,-5,2
-2.284,-2.446,7,V,527,I,-2.656,1
-5.2,-4.783,4,V,527,K,-5,3
-1.524,-1.399,9,V,527,L,-1.014,4
-1.38,-1.217,10,V,527,M,-1.021,3
-4.963,-4.721,4,V,527,N,-5,3
-5.052,-4.746,7,V,527,P,-5,4
-5.803,-4.893,7,V,527,R,-5,4
-4.895,-4.701,4,V,527,S,-5,1
-2.262,-2.415,5,V,527,T,-2.4,2
0,0,,V,527,V,0,
-6.72,-4.975,6,V,527,W,-5,2
-5.134,-4.767,3,V,527,Y,-5,1
-2.645,-2.938,2,V,528,-,,
-3.442,-3.846,10,V,528,A,-4.072,7
-4.157,-4.381,4,V,528,C,-5,3
-4.395,-4.506,9,V,528,D,-4.854,6
-4.927,-4.71,7,V,528,E,-4.986,2
-4.138,-4.37,7,V,528,F,-4.33,4
-5.7,-4.878,8,V,528,G,-4.83,2
-1.316,-1.139,4,V,528,H,-1.196,2
0.5277,0.2315,8,V,528,I,1.067,1
-0.7454,-0.5341,4,V,528,K,-0.6277,2
-1.715,-1.652,4,V,528,L,-1.125,1
0.08783,0.04579,4,V,528,M,-0.0244,2
-2.351,-2.539,2,V,528,N,,
-5.667,-4.873,2,V,528,P,-5,1
-2.142,-2.245,4,V,528,Q,-2.329,2
0.7179,0.2925,5,V,528,R,1.375,2
-3.4,-3.806,4,V,528,S,-4.336,3
-2.264,-2.418,5,V,528,T,-2.571,2
0,0,,V,528,V,0,
-3.157,-3.557,7,V,528,W,-3.39,5
-2.004,-2.051,8,V,528,Y,-2.276,4
-5.359,-4.818,9,E,529,*,-5,1
-2.518,-2.768,2,E,529,-,,
-0.3559,-0.2206,5,E,529,A,,
-5.786,-4.89,6,E,529,C,-5,5
-2.531,-2.786,6,E,529,D,-2.772,4
0,0,,E,529,E,0,
-4.155,-4.38,2,E,529,F,,
-3.871,-4.198,6,E,529,G,-5,1
-3.684,-4.056,8,E,529,H,-4.42,5
-5.063,-4.749,10,E,529,I,-5,7
-2.533,-2.788,67,E,529,K,-1.95,9
-4.077,-4.334,5,E,529,L,-4.796,4
-3.689,-4.06,6,E,529,M,-4.404,5
-2.849,-3.198,6,E,529,N,-3.38,1
-1.92,-1.933,3,E,529,P,-1.718,1
-2.285,-2.447,4,E,529,Q,-2.598,2
-2.98,-3.356,6,E,529,R,-3.466,2
-1.424,-1.271,10,E,529,S,-1.158,4
-0.9385,-0.7197,3,E,529,T,,
-5.469,-4.84,7,E,529,V,,
-4.164,-4.386,2,E,529,W,-4.48,2
-6.921,-4.985,2,E,529,Y,,
-0.6598,-0.4584,1,M,530,-,,
-2.519,-2.769,3,M,530,A,,
-2.971,-3.346,6,M,530,C,-3.099,3
-5.709,-4.879,6,M,530,D,-5,5
-4.456,-4.535,4,M,530,E,-5,1
1.522,0.4605,5,M,530,F,0.9882,3
-4.404,-4.51,4,M,530,G,-5,3
-1.511,-1.383,6,M,530,H,-1.422,6
-2.945,-3.315,20,M,530,I,-2.163,5
-2.387,-2.589,3,M,530,K,-2.689,2
-1.749,-1.698,5,M,530,L,-2.22,5
0,0,,M,530,M,0,
-5.095,-4.757,3,M,530,N,-5,1
-4.964,-4.721,8,M,530,P,-5,3
-2.411,-2.621,4,M,530,Q,,
-3.697,-4.067,4,M,530,R,-4.309,3
-4.684,-4.628,6,M,530,S,-5,1
2.847,0.5656,3,M,530,T,,
-3.148,-3.547,4,M,530,V,-3.483,3
-0.3494,-0.216,10,M,530,W,-0.2579,5
0.6086,0.2587,5,M,530,Y,,
-0.3496,-0.2162,1,P,531,-,,
-1.409,-1.253,6,P,531,A,-1.889,1
-5.538,-4.852,7,P,531,C,-4.743,2
2.027,0.5168,2,P,531,D,1.1,1
-0.4226,-0.2687,3,P,531,E,-0.07923,3
-5.278,-4.801,3,P,531,F,-5,2
-1.828,-1.807,1,P,531,G,,
-1.313,-1.136,7,P,531,H,-0.5211,3
-5.005,-4.733,2,P,531,I,-5,1
-1.522,-1.397,10,P,531,K,-1.79,4
-5.214,-4.787,11,P,531,L,-4.966,4
-4.316,-4.467,8,P,531,M,-5,5
-1.292,-1.111,5,P,531,N,-0.1645,2
0,0,,P,531,P,0,
-1.381,-1.218,18,P,531,Q,-1.312,8
-4.856,-4.688,1,P,531,R,,
-1.588,-1.482,13,P,531,S,-1.505,3
-1.665,-1.585,21,P,531,T,-1.526,9
-5.128,-4.766,3,P,531,V,-4.954,2
-5.328,-4.812,7,P,531,W,-5,1
-6.154,-4.933,2,P,531,Y,,
-1.032,-0.8165,1,K,532,A,,
0,0,,K,532,K,0,
3.602,0.5862,1,K,532,N,,
0,0,,F,533,F,0,
-5.112,-4.762,5,F,533,L,-5,1
-3.637,-4.018,1,F,533,Y,,
0,0,,F,534,F,0,
-3.865,-4.194,8,F,534,L,,
-0.3508,-0.217,1,F,534,S,,
-0.7531,-0.5412,1,Y,535,H,,
0,0,,Y,535,Y,0,
0,0,,A,536,A,0,
-1.581,-1.473,2,A,536,D,,
-3.148,-3.547,3,A,536,T,,
-3.466,-3.868,7,A,536,V,-3.773,2
-4.9,-4.702,3,S,537,N,-5,1
2.391,0.5433,1,S,537,R,,
0,0,,S,537,S,0,
-6.367,-4.951,2,N,538,K,,
0,0,,N,538,N,0,
-4.756,-4.654,6,G,539,*,,
-1.292,-1.11,1,G,539,-,,
-4.931,-4.711,1,G,539,A,-5,1
-4.66,-4.619,15,G,539,E,-5,1
0,0,,G,539,G,0,
-4.612,-4.6,6,G,539,R,,
-7.231,-4.997,4,G,539,V,-5,2
-1.76,-1.713,1,T,540,-,,
-1.195,-0.9966,1,T,540,I,,
-0.4365,-0.279,1,T,540,S,,
0,0,,T,540,T,0,
-7.19,-4.996,2,Y,541,C,,
-4.204,-4.408,2,Y,541,H,,
0,0,,Y,541,Y,0,
-1.728,-1.669,3,N,542,K,-1.01,1
0,0,,N,542,N,0,
-0.395,-0.2485,1,N,542,T,-0.3482,1
-5.413,-4.829,3,C,543,*,,
0,0,,C,543,C,0,
-6.655,-4.971,3,C,543,F,-5,1
-3.532,-3.928,8,C,543,R,,
-7.259,-4.998,6,C,543,Y,,
-4.3,-4.459,4,T,544,I,-4.356,1
-0.8525,-0.6346,2,T,544,N,,
-0.3191,-0.195,1,T,544,S,,
0,0,,T,544,T,0,
0,0,,D,545,D,0,
-0.2177,-0.1279,1,D,545,E,,
-1.492,-1.358,1,D,545,H,,
-0.4233,-0.2692,10,D,545,N,-0.8212,1
-2.017,-2.07,7,D,545,Y,-2.551,1
-0.1105,-0.0623,1,A,546,-,,
0,0,,A,546,A,0,
-3.2,-3.604,1,A,546,D,,
-3.77,-4.124,2,A,546,S,,
1.074,0.3824,3,A,546,T,,
-0.7366,-0.5262,2,A,546,V,-0.9038,1
-0.4939,-0.3226,1,V,547,-,,
-4.512,-4.559,1,V,547,A,,
-5.232,-4.791,1,V,547,E,,
-0.7183,-0.5097,7,V,547,M,,
0,0,,V,547,V,0,
-0.1022,-0.0574,1,L,548,-,,
0,0,,L,548,L,0,
-4.895,-4.7,3,T,549,-,-5,1
-2.537,-2.794,1,T,549,A,,
-0.04647,-0.02554,4,T,549,I,1.106,1
-0.8973,-0.6784,1,T,549,K,,
0,0,,T,549,T,0,
-4.994,-4.73,5,Y,550,*,-5,1
-0.3624,-0.2252,2,Y,550,-,,
-3.44,-3.844,1,Y,550,H,,
0.04594,0.02435,1,Y,550,N,,
0,0,,Y,550,Y,0,
-0.7959,-0.5808,1,S,551,-,,
-2.114,-2.206,2,S,551,F,,
-4.005,-4.289,1,S,551,P,,
0,0,,S,551,S,0,
-1.284,-1.1,6,S,551,Y,-0.4129,2
0.1069,0.05534,1,S,552,-,,
-0.4701,-0.3043,7,S,552,F,-0.5548,2
0,0,,S,552,S,0,
0.4599,0.2072,3,S,552,Y,0.8845,1
0.04915,0.02602,1,F,553,-,,
-2.76,-3.087,1,F,553,C,,
0,0,,F,553,F,0,
-3.205,-3.608,3,F,553,L,,
-0.4309,-0.2748,1,F,553,S,,
-0.8032,-0.5876,3,F,553,Y,,
0.1057,0.05471,1,G,554,-,,
-6.936,-4.986,5,G,554,C,-5,1
-3.539,-3.934,9,G,554,D,-5,1
0,0,,G,554,G,0,
-2.941,-3.31,7,G,554,S,-3.596,1
-0.6513,-0.4511,2,G,554,V,,
-0.08377,-0.04672,1,V,555,-,,
-2.264,-2.417,1,V,555,L,-2.502,1
-1.538,-1.417,6,V,555,M,-1.466,1
0,0,,V,555,V,0,
-5.013,-4.735,3,C,556,*,-5,1
0.3722,0.1735,1,C,556,-,,
0,0,,C,556,C,0,
-0.8969,-0.678,2,C,556,F,,
-4.68,-4.627,5,C,556,Y,,
0.07572,0.03967,1,A,557,-,,
0,0,,A,557,A,0,
-3.531,-3.927,2,A,557,D,,
-2.761,-3.088,4,A,557,S,,
-2.742,-3.063,7,A,557,T,,
-3.898,-4.217,4,A,557,V,-2.52,1
0.4807,0.2148,1,D,558,-,,
0,0,,D,558,D,0,
-4.552,-4.576,6,D,558,N,,
7.179,0.6041,1,D,558,Y,,
0.3579,0.1678,1,G,559,-,,
-0.508,-0.3336,1,G,559,A,,
-6.593,-4.967,12,G,559,C,-5,1
-1.584,-1.478,3,G,559,D,,
0,0,,G,559,G,0,
-4.062,-4.325,1,G,559,S,,
-0.1132,-0.06389,1,S,560,-,,
-5.205,-4.784,3,S,560,G,-5,2
-4.944,-4.715,2,S,560,I,-5,1
-7.397,-5.002,9,S,560,N,-5,3
-1.796,-1.763,2,S,560,R,,
0,0,,S,560,S,0,
-4.011,-4.293,1,S,560,T,,
0.4167,0.1909,1,I,561,-,,
0,0,,I,561,I,0,
-0.4805,-0.3123,2,I,561,V,,
-0.5769,-0.3887,2,I,562,-,,
0,0,,I,562,I,0,
-1.699,-1.631,1,I,562,T,-1.728,1
0.2457,0.1204,1,I,562,V,,
0.7652,0.3062,1,A,563,-,,
0,0,,A,563,A,0,
0.0278,0.01484,3,A,563,D,-0.4191,1
-0.4648,-0.3003,9,A,563,T,-0.603,3
0.7695,0.3074,1,A,563,V,,
0.02103,0.01126,1,V,564,-,,
0.09345,0.04862,1,V,564,A,,
3.074,0.5734,1,V,564,L,,
0.6256,0.2642,9,V,564,M,,
0,0,,V,564,V,0,
-5.791,-4.891,3,Q,565,*,-5,1
-0.5894,-0.399,1,Q,565,-,,
0.3649,0.1706,2,Q,565,H,,
0,0,,Q,565,Q,0,
-2.709,-3.021,1,Q,565,R,,
0.1052,0.05448,1,P,566,-,,
-0.1045,-0.05873,2,P,566,H,,
3.155,0.5759,1,P,566,L,1.635,1
0,0,,P,566,P,0,
-1.626,-1.532,4,P,566,S,,
-0.3541,-0.2194,2,R,567,*,,
-0.1069,-0.06019,1,R,567,-,,
-1.219,-1.024,2,R,567,L,,
-0.3399,-0.2094,1,R,567,P,,
-0.9793,-0.7615,13,R,567,Q,0.1389,2
0,0,,R,567,R,0,
-0.1194,-0.06751,1,N,568,-,,
1.647,0.4771,19,N,568,D,0.784,2
0.6431,0.2697,3,N,568,K,0.188,2
0,0,,N,568,N,0,
-1.471,-1.332,1,N,568,S,,
-2.63,-2.918,3,V,569,-,,
-2.36,-2.551,2,V,569,D,-2.683,1
-0.05227,-0.0288,2,V,569,F,,
-0.6837,-0.4791,3,V,569,I,,
0,0,,V,569,V,0,
-1.035,-0.8199,1,S,570,-,,
-0.2947,-0.1784,1,S,570,G,,
-4.566,-4.582,3,S,570,I,-4.64,1
2.252,0.5343,2,S,570,N,,
-0.3653,-0.2273,6,S,570,R,-0.009998,1
0,0,,S,570,S,0,
-3.057,-3.446,3,Y,571,*,,
-0.07206,-0.04001,1,Y,571,-,,
-2.411,-2.621,2,Y,571,C,,
1.302,0.4262,1,Y,571,H,0.4228,1
0,0,,Y,571,Y,0,
-0.2444,-0.1451,1,D,572,-,,
0,0,,D,572,D,0,
2.996,0.5709,2,D,572,E,0.8459,2
-2.552,-2.813,1,D,572,G,,
-1.19,-0.9909,5,D,572,N,,
-0.8854,-0.6667,8,D,572,Y,-0.0002403,3
-0.4489,-0.2883,1,S,573,-,,
-1.111,-0.9021,3,S,573,G,,
0.7603,0.3048,5,S,573,I,1.043,1
-3.927,-4.237,2,S,573,N,,
0.5907,0.2529,1,S,573,R,,
0,0,,S,573,S,0,
0.2217,0.1097,1,V,574,A,,
1.679,0.481,4,V,574,M,-0.5418,1
0,0,,V,574,V,0,
-2.512,-2.761,1,S,575,F,,
0,0,,S,575,S,0,
-1.178,-0.9771,8,S,575,Y,-1.241,1
0,0,,A,576,A,0,
2.201,0.5306,2,A,576,S,-0.5574,1
0.2587,0.1261,3,A,576,T,1.033,1
-4.502,-4.555,2,A,576,V,,
0,0,,I,577,I,0,
-1.691,-1.62,2,I,577,N,0.6721,1
-0.1597,-0.09178,3,I,577,T,,
2.566,0.553,1,V,578,A,,
0.6869,0.2833,5,V,578,M,,
0,0,,V,578,V,0,
-2.101,-2.188,2,T,579,A,,
0.4614,0.2077,3,T,579,I,,
-1.426,-1.274,1,T,579,N,,
0,0,,T,579,T,0,
0,0,,A,580,A,0,
-0.2956,-0.179,1,A,580,D,,
-0.2227,-0.1312,10,A,580,T,0.1585,2
-0.6001,-0.4079,1,A,580,V,,
0.2805,0.1356,1,N,581,D,,
5.595,0.6021,3,N,581,K,,
0,0,,N,581,N,0,
0,0,,L,582,L,0,
-0.4725,-0.3062,3,L,582,M,-0.8067,1
-4.94,-4.714,1,L,582,P,-5,1
-2.734,-3.054,2,L,582,Q,,
-3.771,-4.125,1,S,583,G,,
-1.434,-1.284,5,S,583,I,-0.641,1
-0.7185,-0.51,10,S,583,N,,
-0.415,-0.2631,1,S,583,R,,
0,0,,S,583,S,0,
-0.2011,-0.1174,1,I,584,-,,
0,0,,I,584,I,0,
0.781,0.3106,1,P,585,-,,
-6.488,-4.96,6,P,585,L,-5,1
0,0,,P,585,P,0,
-6.825,-4.98,17,P,585,Q,-5,5
-4.886,-4.698,2,P,585,S,-4.841,1
-4.856,-4.688,8,P,585,T,-4.705,1
-0.2301,-0.1358,1,S,586,-,,
-0.5103,-0.3354,1,S,586,G,,
-0.162,-0.09313,4,S,586,I,1.081,1
-0.8139,-0.5977,3,S,586,N,,
-0.06544,-0.03624,4,S,586,R,-0.01373,1
0,0,,S,586,S,0,
0.5879,0.2519,1,N,587,-,,
0.1262,0.06482,2,N,587,D,,
0.1616,0.08186,1,N,587,G,,
-0.2493,-0.1483,2,N,587,H,,
-3.094,-3.487,1,N,587,K,,
0,0,,N,587,N,0,
-3.063,-3.452,1,N,587,S,,
-7.057,-4.991,19,W,588,*,-5,3
-0.3701,-0.2306,1,W,588,-,,
-5.776,-4.889,7,W,588,C,-5,1
-4.475,-4.543,9,W,588,L,,
-3.83,-4.168,2,W,588,R,,
0,0,,W,588,W,0,
-0.3983,-0.2509,1,T,589,-,,
-0.1218,-0.06893,2,T,589,A,,
-2.325,-2.503,3,T,589,I,-2.641,2
0,0,,T,589,T,0,
-0.6467,-0.4471,1,T,590,-,,
-1.637,-1.547,1,T,590,A,,
7.268,0.6041,4,T,590,I,-0.6999,1
-7.005,-4.989,2,T,590,N,,
0,0,,T,590,T,0,
-0.5302,-0.3511,1,S,591,-,,
-4.777,-4.662,3,S,591,F,-5,1
0,0,,S,591,S,0,
-1.872,-1.867,5,S,591,Y,-1.034,1
-0.01499,-0.008139,1,V,592,-,,
-8.096,-5.016,1,V,592,A,,
-5.211,-4.786,3,V,592,F,-5,2
-7.507,-5.005,1,V,592,G,-4.432,1
0.6027,0.2568,3,V,592,I,,
0,0,,V,592,V,0,
-4.105,-4.351,3,Q,593,*,,
-0.7014,-0.4947,1,Q,593,-,,
-1.595,-1.492,6,Q,593,H,-0.9033,2
-6.847,-4.981,14,Q,593,K,-5,1
0,0,,Q,593,Q,0,
-0.4782,-0.3105,1,V,594,-,,
-1.926,-1.943,3,V,594,A,,
-2.602,-2.881,1,V,594,M,,
0,0,,V,594,V,0,
-5.647,-4.87,12,E,595,*,-5,1
-0.3789,-0.237,1,E,595,-,,
-0.1326,-0.07538,1,E,595,D,,
0,0,,E,595,E,0,
-0.7717,-0.5583,2,E,595,G,,
-4.112,-4.355,50,E,595,K,-5,5
-8.87,-5.024,3,Y,596,*,,
-0.03044,-0.01662,1,Y,596,-,,
-1.748,-1.696,1,Y,596,D,,
0,0,,Y,596,Y,0,
-0.3295,-0.2022,1,L,597,-,,
0,0,,L,597,L,0,
1.652,0.4777,6,L,597,M,-0.1646,1
-1.109,-0.9006,2,L,597,P,,
-1.315,-1.138,3,Q,598,*,-1.19,1
-0.2874,-0.1735,1,Q,598,-,,
-3.884,-4.207,1,Q,598,H,,
-4.634,-4.609,2,Q,598,K,,
-4.961,-4.72,1,Q,598,L,-5,1
1.494,0.4566,2,Q,598,P,,
0,0,,Q,598,Q,0,
-0.2106,-0.1234,3,Q,598,R,,
-0.009643,-0.005224,1,I,599,-,,
0.2871,0.1384,2,I,599,F,,
0,0,,I,599,I,0,
1.639,0.4761,2,I,599,T,,
0.4445,0.2014,2,T,600,A,,
-1.4,-1.242,6,T,600,I,,
2.754,0.5618,2,T,600,N,,
-0.2272,-0.134,1,T,600,S,-0.2253,1
0,0,,T,600,T,0,
0.4242,0.1938,1,S,601,C,,
-1.878,-1.875,3,S,601,F,,
-3.151,-3.55,2,S,601,P,,
0,0,,S,601,S,0,
-2.234,-2.376,6,S,601,Y,,
2.106,0.5233,2,T,602,I,,
0,0,,T,602,T,0,
-0.09908,-0.0556,7,P,603,H,-0.1628,1
-2.867,-3.22,2,P,603,L,-3.518,1
0,0,,P,603,P,0,
-2.932,-3.3,1,P,603,S,,
-1.393,-1.233,2,P,603,T,,
0,0,,I,604,I,0,
-3.539,-3.934,1,I,604,M,-4.061,1
0.8209,0.3215,3,V,605,A,,
-0.7535,-0.5416,1,V,605,L,-0.6073,1
-1.803,-1.771,3,V,605,M,,
0,0,,V,605,V,0,
-2.652,-2.946,1,V,606,E,,
-3.941,-4.247,6,V,606,M,-3.102,2
0,0,,V,606,V,0,
0,0,,D,607,D,0,
-0.8748,-0.6563,1,D,607,E,,
-6.075,-4.925,21,D,607,N,-5,2
-5.395,-4.826,2,D,607,Y,,
-6.964,-4.987,6,C,608,*,-5,1
0,0,,C,608,C,0,
-3.679,-4.052,2,C,608,F,,
-5.192,-4.781,2,C,608,R,-5,1
2.031,0.5171,2,C,608,S,,
-5.025,-4.739,5,C,608,Y,-5,1
0.5327,0.2332,1,S,609,-,,
-0.5565,-0.3721,1,S,609,C,,
0.8683,0.334,2,S,609,G,,
-2.169,-2.284,1,S,609,I,-2.345,1
-0.8974,-0.6786,5,S,609,N,,
-0.3216,-0.1967,4,S,609,R,,
0,0,,S,609,S,0,
-0.1691,-0.09754,1,T,610,-,,
-1.16,-0.9569,3,T,610,A,,
4.954,0.5998,3,T,610,I,,
0,0,,T,610,T,0,
0.1827,0.09175,1,Y,611,-,,
-0.1883,-0.1094,1,Y,611,C,,
-4.151,-4.378,1,Y,611,H,,
0,0,,Y,611,Y,0,
-0.1258,-0.07134,1,V,612,-,,
-2.591,-2.867,1,V,612,G,,
-5.652,-4.871,4,V,612,M,,
0,0,,V,612,V,0,
0.1407,0.07187,1,C,613,-,,
0,0,,C,613,C,0,
-0.4823,-0.3136,1,C,613,F,,
-4.519,-4.562,2,C,613,R,,
-8.921,-5.024,1,C,613,W,,
-4.167,-4.387,12,C,613,Y,-5,1
0.2656,0.1291,1,N,614,-,,
-4.87,-4.693,3,N,614,K,-4.901,1
0,0,,N,614,N,0,
-0.1474,-0.08427,1,G,615,-,,
-3.135,-3.533,1,G,615,C,,
-3.605,-3.991,10,G,615,D,-5,1
0,0,,G,615,G,0,
-2.276,-2.434,3,G,615,S,,
-4.983,-4.727,2,G,615,V,-5,1
-0.335,-0.206,1,N,616,-,,
-3.584,-3.973,1,N,616,D,,
-5.708,-4.879,5,N,616,K,-5,2
0,0,,N,616,N,0,
-0.8421,-0.6246,1,N,616,Y,,
0.1946,0.09727,1,V,617,-,,
0.5187,0.2283,1,V,617,A,,
-2.404,-2.613,1,V,617,E,,
-2.392,-2.596,1,V,617,L,,
1.701,0.4837,8,V,617,M,-0.9236,2
0,0,,V,617,V,0,
0.1081,0.05593,1,R,618,-,,
-4.604,-4.597,3,R,618,I,-5,1
-5.541,-4.853,12,R,618,K,,
0,0,,R,618,R,0,
-5.412,-4.829,2,C,619,*,,
0.5658,0.2445,1,C,619,-,,
0,0,,C,619,C,0,
-5.143,-4.77,1,C,619,F,,
-4.978,-4.725,1,C,619,R,,
-10.24,-5.029,5,C,619,Y,-1.103,1
-0.4425,-0.2835,1,V,620,-,,
1.213,0.4102,2,V,620,A,,
0.1217,0.06262,1,V,620,L,,
-0.01855,-0.01008,7,V,620,M,,
0,0,,V,620,V,0,
-7.247,-4.998,7,E,621,*,-5,1
0.2985,0.1433,1,E,621,-,,
0,0,,E,621,E,0,
-0.4721,-0.3059,28,E,621,K,-1.066,1
0.2717,0.1318,1,E,621,Q,,
0.9276,0.3489,1,L,622,-,,
0,0,,L,622,L,0,
-8.696,-5.023,2,L,622,M,,
-3.892,-4.213,2,L,622,P,,
-1.875,-1.871,1,L,622,Q,,
0.2555,0.1247,1,L,623,-,,
-0.408,-0.2579,1,L,623,I,,
0,0,,L,623,L,0,
-3.795,-4.143,1,L,623,P,,
0,0,,K,624,K,0,
-1.046,-0.8322,1,K,624,N,,
-0.1843,-0.1069,1,K,624,R,-0.164,1
-4.034,-4.307,3,Q,625,*,,
-3.071,-3.462,4,Q,625,H,,
-2.544,-2.803,1,Q,625,K,,
0,0,,Q,625,Q,0,
-1.685,-1.611,2,Q,625,R,,
-0.9046,-0.6857,1,Y,626,C,-0.8308,1
-3.542,-3.937,3,Y,626,H,,
0,0,,Y,626,Y,0,
0.1873,0.09393,4,T,627,A,,
-0.1648,-0.09484,1,T,627,K,,
-1.197,-0.9988,4,T,627,M,-0.1439,1
0,0,,T,627,T,0,
-4.808,-4.672,2,S,628,G,,
0.7682,0.307,2,S,628,I,,
2.997,0.571,3,S,628,N,1.316,1
1.44,0.4486,1,S,628,R,,
0,0,,S,628,S,0,
0,0,,A,629,A,0,
-7.801,-5.012,2,A,629,E,,
1.208,0.4093,2,A,629,S,,
-1.696,-1.627,8,A,629,T,-0.8559,2
-3.46,-3.863,4,A,629,V,,
-5.413,-4.829,3,C,630,*,-5,1
0,0,,C,630,C,0,
-2.519,-2.77,4,C,630,F,,
-4.925,-4.71,1,C,630,R,,
-5.234,-4.791,11,C,630,Y,-5,6
-4.643,-4.613,1,K,631,E,,
0,0,,K,631,K,0,
-0.7573,-0.545,1,K,631,Q,,
0.6265,0.2645,1,K,631,R,0.1803,1
-0.142,-0.08104,2,T,632,I,,
0.8028,0.3166,5,T,632,N,,
-2.041,-2.103,2,T,632,P,-2.28,2
0,0,,T,632,T,0,
0,0,,I,633,I,0,
-0.05949,-0.03287,1,I,633,T,,
-0.7806,-0.5665,2,I,633,V,,
-5.691,-4.877,3,E,634,*,-5,1
-1.727,-1.668,9,E,634,D,-1.531,1
0,0,,E,634,E,0,
-5.026,-4.739,15,E,634,K,-4.925,1
-1.533,-1.41,1,E,634,V,,
0,0,,D,635,D,0,
0.8413,0.327,4,D,635,E,,
0.08403,0.04388,4,D,635,N,-0.521,1
1.039,0.3747,2,D,635,Y,,
0,0,,A,636,A,0,
-2.207,-2.337,4,A,636,D,,
-0.875,-0.6565,3,A,636,S,,
-2.551,-2.813,2,A,636,T,,
-2.489,-2.729,3,A,636,V,,
0,0,,L,637,L,0,
-6.06,-4.923,7,L,637,M,-5,1
-3.811,-4.155,5,L,637,P,,
0.2064,0.1027,1,L,637,Q,,
-4.812,-4.674,2,R,638,I,-5,1
-1.386,-1.225,62,R,638,K,-0.8635,5
0,0,,R,638,R,0,
1.539,0.4629,1,N,639,D,,
0,0,,N,639,N,0,
-0.1677,-0.09668,2,S,640,G,,
-0.7866,-0.572,3,S,640,I,-0.8609,1
3.17,0.5763,1,S,640,N,2.295,1
-1.099,-0.8889,5,S,640,R,,
0,0,,S,640,S,0,
0,0,,A,641,A,0,
-5.005,-4.733,2,A,641,D,-5,1
-3.148,-3.547,4,A,641,S,,
-4.358,-4.488,7,A,641,T,-5,3
0.2461,0.1205,5,A,641,V,,
-0.7106,-0.5028,18,M,642,I,0.1042,1
-0.4762,-0.309,1,M,642,K,,
0,0,,M,642,M,0,
0,0,,L,643,L,0,
3.992,0.5921,1,L,643,M,,
-5.007,-4.733,1,L,643,P,-5,1
-6.428,-4.956,8,E,644,*,-5,3
-0.7544,-0.5424,1,E,644,D,-0.6093,1
0,0,,E,644,E,0,
-6.158,-4.933,88,E,644,K,-5,5
1.057,0.3788,1,S,645,I,,
0.05042,0.02668,2,S,645,N,,
-4.577,-4.586,4,S,645,R,-5,1
0,0,,S,645,S,0,
0,0,,A,646,A,0,
-0.2701,-0.162,1,A,646,D,-0.266,1
1.119,0.3918,3,A,646,S,,
-0.512,-0.3368,25,A,646,T,-0.6884,2
-0.5603,-0.3752,3,A,646,V,,
0,0,,D,647,D,0,
-0.5842,-0.3947,1,D,647,G,,
-0.7809,-0.5668,2,D,647,H,,
-8.589,-5.022,33,D,647,N,-5,2
-5.605,-4.863,6,D,647,Y,,
-4.911,-4.705,3,V,648,A,,
-2.557,-2.82,2,V,648,E,,
-0.763,-0.5503,2,V,648,M,,
0,0,,V,648,V,0,
-8.09,-5.016,6,S,649,*,,
2.193,0.53,3,S,649,L,1.446,1
-3.998,-4.284,2,S,649,P,,
0,0,,S,649,S,0,
-0.8275,-0.6106,2,S,649,T,,
-4.522,-4.564,1,E,650,*,,
0,0,,E,650,E,0,
-1.846,-1.831,2,E,650,G,-1.936,1
-0.7754,-0.5617,14,E,650,K,-0.8403,4
4.503,0.5971,2,E,650,Q,,
-5.771,-4.888,23,M,651,I,-5,2
-8.355,-5.02,3,M,651,K,,
0,0,,M,651,M,0,
-4.897,-4.701,1,M,651,T,-5,1
-5.806,-4.893,2,L,652,-,,
0,0,,L,652,L,0,
-6.013,-4.918,3,L,652,P,,
0.1175,0.06055,1,T,653,A,,
-2.218,-2.353,2,T,653,I,,
-4.95,-4.717,2,T,653,N,-5,1
0,0,,T,653,T,0,
0,0,,F,654,F,0,
-3.415,-3.82,3,F,654,L,,
-3.108,-3.503,1,F,654,S,-3.577,1
0,0,,D,655,D,0,
-0.8955,-0.6767,1,D,655,E,,
-1.608,-1.509,32,D,655,N,-0.873,3
-5.099,-4.758,8,D,655,Y,-5,2
0,0,,K,656,K,0,
-0.3282,-0.2012,7,K,656,N,,
-0.3993,-0.2516,1,K,657,E,,
0,0,,K,657,K,0,
1.414,0.4446,5,K,657,N,,
0,0,,A,658,A,0,
-4.007,-4.29,5,A,658,D,-5,1
0.5832,0.2504,1,A,658,S,,
-1.891,-1.894,2,A,658,T,-1.948,1
-2.268,-2.422,1,F,659,C,,
0,0,,F,659,F,0,
-3.153,-3.552,1,F,659,I,,
-1.202,-1.004,3,F,659,L,-1.552,1
0.6354,0.2673,1,F,659,Y,0.1895,1
0.4562,0.2058,1,T,660,-,,
2.688,0.5589,1,T,660,I,0.9427,1
6.889,0.6039,2,T,660,N,,
0,0,,T,660,T,0,
-0.8667,-0.6483,1,L,661,-,,
0.331,0.1568,3,L,661,F,1.097,1
-2.291,-2.456,4,L,661,H,,
-1.346,-1.176,12,L,661,I,-0.8832,4
0,0,,L,661,L,0,
-1.635,-1.544,1,L,661,P,,
-0.4701,-0.3043,1,A,662,-,,
0,0,,A,662,A,0,
-0.851,-0.6332,1,A,662,G,,
-1.836,-1.817,3,A,662,S,,
-2.544,-2.803,5,A,662,T,,
0.3175,0.1512,3,A,662,V,0.5224,1
0.1714,0.08647,1,N,663,-,,
-1.552,-1.435,3,N,663,D,,
1.945,0.5094,2,N,663,I,,
-1.838,-1.82,1,N,663,K,,
0,0,,N,663,N,0,
-0.6258,-0.4294,2,V,664,-,,
-0.8564,-0.6384,2,V,664,F,-0.6911,1
-1.043,-0.8283,1,V,664,G,,
-0.4582,-0.2953,1,V,664,I,,
0,0,,V,664,V,0,
0.1939,0.09696,2,S,665,-,,
1.128,0.3936,2,S,665,G,,
-1.703,-1.636,2,S,665,I,,
-0.01855,-0.01009,3,S,665,N,,
0.5016,0.2223,2,S,665,R,0.1654,2
0,0,,S,665,S,0,
-0.3572,-0.2215,2,S,666,-,,
0.888,0.3391,4,S,666,I,,
5.868,0.6027,3,S,666,N,1.64,1
-1.255,-1.067,5,S,666,R,-0.00997,1
0,0,,S,666,S,0,
0.1652,0.08353,7,S,666,V,0.7441,3
-1.526,-1.401,2,F,667,-,,
0,0,,F,667,F,0,
-4.979,-4.726,3,F,667,I,,
-0.5077,-0.3333,1,F,667,L,,
-0.4282,-0.2729,1,F,667,N,,
-2.855,-3.205,2,F,667,S,-3.383,1
1.888,0.5039,1,F,667,Y,,
-1.212,-1.016,2,G,668,-,,
-6.13,-4.931,6,G,668,C,-5,1
-3.992,-4.28,3,G,668,D,-5,1
0,0,,G,668,G,0,
-5.227,-4.79,7,G,668,S,-5,1
-4.586,-4.59,2,G,668,V,,
-1.951,-1.977,2,D,669,-,,
0,0,,D,669,D,0,
2.898,0.5675,1,D,669,E,,
-1.392,-1.232,4,D,669,G,,
-3.875,-4.201,6,D,669,N,-4.574,1
-1.551,-1.434,11,D,669,Y,-1.755,1
-1.886,-1.887,2,Y,670,*,,
-1.207,-1.011,1,Y,670,-,,
-3.836,-4.173,3,Y,670,C,,
-2.289,-2.452,1,Y,670,H,,
0,0,,Y,670,Y,0,
-0.5443,-0.3623,1,N,671,-,,
0.7456,0.3006,1,N,671,D,,
-5.282,-4.802,1,N,671,I,,
-0.5545,-0.3705,1,N,671,K,,
0,0,,N,671,N,0,
-0.07288,-0.04048,1,N,671,S,,
-0.5136,-0.338,1,L,672,-,,
0,0,,L,672,L,0,
-0.2066,-0.1209,7,L,672,M,-0.2262,1
-8.171,-5.018,1,L,672,P,-5,1
-7.273,-4.998,2,L,672,Q,,
-0.1837,-0.1066,1,S,673,-,,
-5.336,-4.814,3,S,673,I,-5,1
-4.702,-4.635,8,S,673,N,-5,2
-4.001,-4.286,3,S,673,R,,
0,0,,S,673,S,0,
-1.295,-1.114,1,S,674,-,,
-1.797,-1.763,3,S,674,F,-1.84,1
-2.039,-2.101,1,S,674,P,-2.184,1
0,0,,S,674,S,0,
0.7398,0.2989,8,S,674,Y,0.0424,2
-4.954,-4.718,1,V,675,-,-5,1
1.066,0.3807,2,V,675,F,,
-4.936,-4.713,2,V,675,I,-5,1
-0.783,-0.5687,1,V,675,L,,
0,0,,V,675,V,0,
0,0,,I,676,I,0,
-2.925,-3.291,4,I,676,T,-3.035,1
-0.2673,-0.1601,2,I,676,V,,
-4.225,-4.419,11,P,677,H,-3.704,2
-6.364,-4.951,3,P,677,L,,
0,0,,P,677,P,0,
-2.567,-2.835,1,P,677,S,-2.979,1
-5.955,-4.912,6,P,677,T,,
-0.06345,-0.03511,1,S,678,-,,
-2.119,-2.214,3,S,678,G,,
1.898,0.5049,1,S,678,N,0.5956,1
0.4342,0.1976,1,S,678,R,,
0,0,,S,678,S,0,
0.9087,0.3442,1,L,679,-,,
0,0,,L,679,L,0,
0.6996,0.2871,5,L,679,M,0.02843,1
0.6664,0.277,1,L,679,R,,
-0.6118,-0.4176,1,P,680,-,,
-3.29,-3.698,4,P,680,H,,
0,0,,P,680,P,0,
-0.558,-0.3733,4,P,680,S,0.035,2
-1.589,-1.483,3,P,680,T,,
-0.1059,-0.05958,1,T,681,-,,
-0.3079,-0.1874,1,T,681,A,,
-3.044,-3.431,3,T,681,I,,
-0.1767,-0.1022,2,T,681,K,-0.1515,1
0,0,,T,681,T,0,
0.3654,0.1708,1,S,682,-,,
-1.69,-1.618,2,S,682,F,-1.715,1
-1.07,-0.8576,1,S,682,P,,
0,0,,S,682,S,0,
-1.062,-0.8484,5,S,682,Y,,
-6.605,-4.968,5,G,683,*,,
-0.947,-0.7283,1,G,683,-,,
-0.4097,-0.2592,16,G,683,E,1.825,1
0,0,,G,683,G,0,
-0.05953,-0.03289,9,G,683,R,0.5062,1
-2.094,-2.178,3,G,683,V,-1.62,1
-1.479,-1.341,1,S,684,-,,
1.592,0.4701,2,S,684,I,0.7005,1
-1.432,-1.282,2,S,684,N,,
-1.003,-0.7858,1,S,684,R,,
0,0,,S,684,S,0,
-0.5773,-0.389,1,R,685,-,,
2.957,0.5696,1,R,685,G,,
1.001,0.3663,6,R,685,I,,
-0.3299,-0.2024,3,R,685,K,,
0,0,,R,685,R,0,
-0.6043,-0.4113,1,V,686,-,,
-1.948,-1.974,1,V,686,E,,
1.062,0.3797,1,V,686,L,,
-1.769,-1.725,5,V,686,M,-1.836,1
0,0,,V,686,V,0,
-0.3616,-0.2246,1,A,687,-,,
0,0,,A,687,A,0,
-5.766,-4.888,4,A,687,D,-5,2
-1.966,-1.998,3,A,687,S,-1.663,1
-1.518,-1.392,8,A,687,T,-2.272,3
0.08617,0.04496,5,A,687,V,,
-0.7481,-0.5367,1,G,688,-,,
-2.703,-3.014,6,G,688,C,-2.371,1
-1.865,-1.858,13,G,688,D,-3.115,2
0,0,,G,688,G,0,
-0.2576,-0.1537,3,G,688,S,,
-1.001,-0.7845,1,G,688,V,-0.8875,1
-0.307,-0.1868,1,R,689,-,,
-3.252,-3.658,1,R,689,G,,
-3.885,-4.208,2,R,689,I,,
-3.18,-3.582,4,R,689,K,-3.651,2
0,0,,R,689,R,0,
-4.899,-4.702,8,S,690,*,-5,5
0.03983,0.02116,1,S,690,-,,
-2.612,-2.895,5,S,690,D,,
-5.33,-4.812,4,S,690,L,,
0,0,,S,690,S,0,
-1.748,-1.696,2,S,690,T,,
0.1712,0.0864,1,A,691,-,,
0,0,,A,691,A,0,
-2.862,-3.214,1,A,691,P,,
-0.8501,-0.6323,5,A,691,S,0.02416,3
-2.09,-2.173,6,A,691,T,-0.856,2
5.716,0.6024,2,A,691,V,-5,1
-1.181,-0.9807,1,I,692,-,,
0,0,,I,692,I,0,
-5.653,-4.871,6,E,693,*,,
-2.421,-2.636,1,E,693,-,,
-4.356,-4.487,10,E,693,D,-4.97,3
0,0,,E,693,E,0,
-3.778,-4.13,5,E,693,G,,
-3.717,-4.082,11,E,693,K,-5,1
-0.7442,-0.5331,1,D,694,-,,
0,0,,D,694,D,0,
-0.7735,-0.56,2,D,694,N,,
-2.858,-3.209,5,D,694,Y,-3.701,2
0,0,,I,695,I,0,
-2.043,-2.106,1,I,695,M,,
-4.58,-4.588,2,I,695,N,-4.735,1
-3.825,-4.165,2,I,695,T,,
1.51,0.4589,2,I,695,V,,
0,0,,L,696,L,0,
-2.844,-3.192,6,L,696,M,,
-4.185,-4.397,2,L,696,P,,
0,0,,F,697,F,0,
-6.023,-4.919,10,F,697,L,-5,1
-0.3861,-0.2421,3,S,698,N,,
-0.6356,-0.4376,2,S,698,R,,
0,0,,S,698,S,0,
2.344,0.5404,1,S,698,T,,
-2.128,-2.226,2,K,699,E,,
0,0,,K,699,K,0,
-2.669,-2.969,1,K,699,N,-3.08,1
-0.4458,-0.286,2,K,699,R,,
0,0,,L,700,L,0,
-3.808,-4.152,1,L,700,M,,
-4.942,-4.715,1,L,700,P,,
3.121,0.5749,1,L,700,R,,
-1.401,-1.243,1,V,701,A,,
1.896,0.5047,2,V,701,L,,
-1.262,-1.075,4,V,701,M,-0.2859,2
0,0,,V,701,V,0,
-1.576,-1.467,4,T,702,I,,
-1.583,-1.476,3,T,702,N,,
0,0,,T,702,T,0,
-2.49,-2.73,3,S,703,F,,
-3.249,-3.655,1,S,703,P,,
0,0,,S,703,S,0,
-3.664,-4.04,8,S,703,Y,-3.918,3
-4.136,-4.369,4,G,704,C,,
-3.058,-3.447,4,G,704,D,,
0,0,,G,704,G,0,
-2.02,-2.074,3,G,704,S,-2.623,1
-3.285,-3.692,3,G,704,V,,
0,0,,L,705,L,0,
-1.31,-1.132,5,L,705,M,-0.1355,1
-1.792,-1.757,8,L,705,P,-2.02,1
-2.085,-2.165,4,L,705,Q,,
-5.01,-4.734,3,G,706,*,-5,1
-1.726,-1.667,36,G,706,E,-3.893,5
0,0,,G,706,G,0,
-0.4318,-0.2755,21,G,706,R,0.361,4
-0.375,-0.2341,7,G,706,V,-0.7722,2
-1.943,-1.966,3,T,707,I,,
2.268,0.5354,1,T,707,N,0.7282,1
0,0,,T,707,T,0,
0.2868,0.1383,6,V,708,A,0.2123,2
-1.223,-1.029,2,V,708,L,,
-1.265,-1.079,9,V,708,M,-4.683,1
0,0,,V,708,V,0,
0,0,,D,709,D,0,
0.3846,0.1784,1,D,709,E,,
-1.948,-1.974,14,D,709,N,-2.293,2
-2.672,-2.973,4,D,709,Y,-2.381,1
0,0,,A,710,A,0,
-5.8,-4.892,2,A,710,D,,
-0.4593,-0.2961,1,A,710,G,,
-0.3267,-0.2002,2,A,710,S,0.9616,1
-0.7947,-0.5796,2,A,710,T,,
0.7013,0.2876,8,A,710,V,1.969,1
0,0,,D,711,D,0,
-1.121,-0.9139,1,D,711,E,,
-1.319,-1.143,16,D,711,N,,
-5.418,-4.83,9,D,711,Y,-3.26,1
-2.933,-3.301,2,Y,712,*,,
0.114,0.05882,1,Y,712,-,,
-0.3803,-0.2379,1,Y,712,H,,
0,0,,Y,712,Y,0,
0.2993,0.1436,1,K,713,-,,
-4.196,-4.403,2,K,713,E,,
0,0,,K,713,K,0,
-5.386,-4.824,5,K,713,N,-5,2
-0.6813,-0.477,1,K,714,*,,
-0.05599,-0.03089,1,K,714,-,,
-3.41,-3.816,1,K,714,E,,
0,0,,K,714,K,0,
-2.076,-2.153,1,K,714,N,-2.241,1
-0.8029,-0.5873,1,C,715,-,,
0,0,,C,715,C,0,
-3.852,-4.185,1,C,715,F,,
-0.8348,-0.6175,1,C,715,S,,
-5.887,-4.904,15,C,715,Y,-5,2
-0.07911,-0.04405,1,T,716,-,,
-4.795,-4.668,1,T,716,I,-5,1
-1.244,-1.054,5,T,716,K,-1.825,1
0,0,,T,716,T,0,
0.2205,0.1091,1,K,717,-,,
-2.225,-2.363,1,K,717,E,,
-0.4463,-0.2863,2,K,717,I,-0.3542,2
0,0,,K,717,K,0,
-2.225,-2.363,3,K,717,N,-2.566,1
0.3583,0.1679,2,K,717,R,,
0.02907,0.01551,1,G,718,-,,
-4.986,-4.728,4,G,718,C,,
-2.227,-2.366,6,G,718,D,-2.478,2
0,0,,G,718,G,0,
-3.705,-4.073,1,G,718,R,,
-1.462,-1.319,5,G,718,S,-1.176,2
-4.467,-4.539,4,G,718,V,-3.686,1
-1.044,-0.8297,1,L,719,-,,
-2.347,-2.533,2,L,719,H,-2.606,2
-0.7824,-0.5682,6,L,719,I,,
0,0,,L,719,L,0,
-2.223,-2.36,1,L,719,P,,
-0.2525,-0.1504,1,L,719,R,,
0.2805,0.1356,1,S,720,-,,
-1.253,-1.065,2,S,720,G,,
-1.032,-0.817,1,S,720,I,,
-3.146,-3.545,9,S,720,N,-3.786,2
0,0,,S,720,S,0,
-0.1782,-0.1032,1,I,721,-,,
0,0,,I,721,I,0,
-4.096,-4.346,2,I,721,M,,
-3.486,-3.886,1,I,721,T,,
-0.1153,-0.06509,1,A,722,-,,
0,0,,A,722,A,0,
-0.512,-0.3367,4,A,722,T,,
-2.362,-2.555,3,A,722,V,-2.651,2
0.2573,0.1255,1,D,723,-,,
0,0,,D,723,D,0,
-3.77,-4.124,2,D,723,E,,
-2.934,-3.302,6,D,723,N,,
-9.603,-5.028,1,D,723,S,,
-4.387,-4.502,2,D,723,Y,,
0.3061,0.1464,1,L,724,-,,
0,0,,L,724,L,0,
-1.702,-1.634,6,L,724,M,-1.146,1
-2.15,-2.257,3,L,724,P,,
-1.09,-0.8796,1,L,724,R,,
-0.5892,-0.3988,1,A,725,-,,
0,0,,A,725,A,0,
-2.025,-2.082,3,A,725,S,-2.334,2
-1.551,-1.434,4,A,725,T,,
-1.812,-1.784,1,A,725,V,,
-0.841,-0.6235,1,C,726,*,,
0.09252,0.04815,1,C,726,-,,
0,0,,C,726,C,0,
-0.5528,-0.3692,3,C,726,F,,
-7.329,-5,2,C,726,R,,
-5.691,-4.877,5,C,726,Y,-5,2
-0.2538,-0.1513,1,A,727,-,,
0,0,,A,727,A,0,
-0.6562,-0.4552,2,A,727,D,,
-2.527,-2.78,2,A,727,S,,
-0.6892,-0.484,3,A,727,T,,
-4.919,-4.708,1,A,727,V,-5,1
-5.122,-4.764,4,Q,728,*,,
0.03838,0.0204,1,Q,728,-,,
-1.86,-1.851,1,Q,728,H,,
-5.557,-4.855,3,Q,728,K,,
0,0,,Q,728,Q,0,
-1.189,-0.9905,4,Q,728,R,,
-3.819,-4.161,4,Y,729,*,,
-2.353,-2.542,1,Y,729,-,-2.606,1
-4.935,-4.713,1,Y,729,C,-5,1
-4.425,-4.52,4,Y,729,H,,
0,0,,Y,729,Y,0,
-2.169,-2.284,2,Y,730,C,,
-3.66,-4.037,2,Y,730,H,,
-0.6459,-0.4465,1,Y,730,S,,
0,0,,Y,730,Y,0,
-0.4655,-0.3008,1,N,731,-,,
-2.849,-3.199,2,N,731,D,,
-0.4077,-0.2578,1,N,731,I,,
-4.692,-4.631,3,N,731,K,-5,1
0,0,,N,731,N,0,
-4.02,-4.298,1,N,731,S,,
1.397,0.4419,1,N,731,Y,,
-5.165,-4.775,8,G,732,C,-5,2
-5.768,-4.888,11,G,732,D,-5,1
0,0,,G,732,G,0,
-4.646,-4.614,3,G,732,S,,
-4.936,-4.713,3,G,732,V,-5,1
0.2227,0.1101,16,M,734,I,-1.718,2
0,0,,M,734,M,0,
-0.7338,-0.5237,1,M,734,T,,
-1.853,-1.841,2,M,734,V,-2.501,1
-3.365,-3.772,1,V,735,A,,
-0.2351,-0.1391,1,V,735,E,,
-3.815,-4.158,2,V,735,L,,
-3.655,-4.033,3,V,735,M,-4.237,3
0,0,,V,735,V,0,
0,0,,L,736,L,0,
2.702,0.5595,1,L,736,M,,
-2.603,-2.883,2,P,737,H,,
-3.666,-4.042,2,P,737,L,,
0,0,,P,737,P,0,
-2.7,-3.009,3,P,737,S,,
-4.7,-4.634,1,P,737,T,-5,1
-1.012,-0.7957,7,G,738,C,,
0.4589,0.2068,5,G,738,D,0.5095,3
0,0,,G,738,G,0,
4.667,0.5982,6,G,738,S,2.464,1
1.249,0.4168,1,V,739,F,,
-0.3223,-0.1972,7,V,739,I,0.07214,1
0,0,,V,739,V,0,
0,0,,A,740,A,0,
-2.089,-2.172,4,A,740,D,-5,1
-5.172,-4.777,3,A,740,S,,
-0.854,-0.6361,4,A,740,T,-0.00947,1
-0.4045,-0.2554,19,A,740,V,0.04415,4
-4.349,-4.484,1,D,741,A,,
0,0,,D,741,D,0,
-1.402,-1.245,2,D,741,E,-1.332,1
-4.655,-4.617,2,D,741,G,,
-1.444,-1.297,7,D,741,N,-0.5833,1
-1.881,-1.88,1,D,741,V,,
-5.032,-4.74,3,D,741,Y,-5,1
0,0,,A,742,A,0,
-2.15,-2.257,1,A,742,D,,
0.6171,0.2615,3,A,742,S,,
-0.7659,-0.5529,4,A,742,T,,
1.849,0.5,1,A,742,V,,
-4.391,-4.504,7,E,743,*,-5,2
-2.512,-2.76,6,E,743,D,,
0,0,,E,743,E,0,
-0.31,-0.1888,3,E,743,G,-0.3506,1
-3.218,-3.623,4,E,743,K,-3.744,1
-2.633,-2.922,1,R,744,G,,
-3.607,-3.993,6,R,744,L,,
-3.44,-3.844,9,R,744,Q,-2.815,2
0,0,,R,744,R,0,
-4.026,-4.302,8,R,744,W,-4.474,2
-3.027,-3.412,13,M,745,I,,
-1.928,-1.945,3,M,745,K,,
0,0,,M,745,M,0,
-0.2845,-0.1715,1,M,745,T,,
-3.586,-3.975,2,M,745,V,-4.095,1
0,0,,A,746,A,0,
-0.5623,-0.3768,2,A,746,D,,
0.1398,0.0714,2,A,746,S,,
-1.685,-1.612,8,A,746,T,-0.2823,1
-3.411,-3.816,7,A,746,V,-2.935,2
-5.723,-4.881,12,M,747,I,-3.883,1
0,0,,M,747,M,0,
-0.7239,-0.5148,1,M,747,T,,
-4.718,-4.641,2,M,747,V,,
-5.522,-4.849,6,Y,748,*,-5,1
-0.9508,-0.7322,1,Y,748,H,,
0,0,,Y,748,Y,0,
-4.943,-4.715,2,T,749,A,-5,1
-0.5447,-0.3626,4,T,749,I,,
0,0,,T,749,T,0,
-3.418,-3.823,6,G,750,C,-3.596,2
-7.505,-5.005,18,G,750,D,-5,2
0,0,,G,750,G,0,
-2.071,-2.146,5,G,750,S,-1.885,1
-2.89,-3.249,3,G,750,V,,
-1.84,-1.823,2,S,751,F,,
0,0,,S,751,S,0,
-4.944,-4.715,2,S,751,Y,-5,1
0,0,,L,752,L,0,
-4.641,-4.612,8,L,752,M,-4.938,2
-4.439,-4.527,8,G,754,*,0.1861,1
-6.763,-4.977,8,G,754,E,-5,2
0,0,,G,754,G,0,
-5.064,-4.749,13,G,754,R,-2.452,1
-3.545,-3.939,9,G,754,V,-4.36,2
-1.683,-1.608,2,G,755,*,,
-3.403,-3.809,68,G,755,E,-4.105,8
0,0,,G,755,G,0,
-5.254,-4.796,14,G,755,R,-3.814,1
-4.89,-4.699,7,G,755,V,-5,1
0,0,,I,756,I,0,
-0.07093,-0.03936,1,I,756,L,,
-0.9082,-0.6893,2,I,756,M,,
-4.292,-4.455,4,I,756,T,,
0,0,,A,757,A,0,
-2.717,-3.032,1,A,757,D,,
-3.284,-3.691,1,A,757,G,-3.798,1
-2.994,-3.373,2,A,757,S,,
-2.512,-2.76,9,A,757,T,,
-3.502,-3.901,1,A,757,V,,
0,0,,L,758,L,0,
2.365,0.5417,6,L,758,M,1.272,3
-0.6146,-0.4199,1,L,758,Q,,
-4.602,-4.597,1,G,759,*,,
-0.4535,-0.2917,3,G,759,E,,
0,0,,G,759,G,0,
-2.208,-2.339,8,G,759,R,-2.503,1
-2.854,-3.205,3,G,759,V,,
-2.492,-2.733,2,G,760,C,,
-4.381,-4.499,3,G,760,D,,
0,0,,G,760,G,0,
2.731,0.5608,1,G,760,R,,
-2.595,-2.871,1,G,760,S,-2.711,1
-3.652,-4.03,2,G,760,V,,
0,0,,L,761,L,0,
0.2241,0.1107,6,L,761,M,,
-1.832,-1.812,13,L,761,P,-0.9959,2
-0.8708,-0.6523,1,L,761,Q,,
-2.735,-3.054,2,L,761,R,,
-1.038,-0.823,3,T,762,A,,
-0.9786,-0.7608,4,T,762,I,,
1.117,0.3914,2,T,762,K,,
0,0,,T,762,T,0,
1.583,0.4689,1,S,763,G,,
-0.5942,-0.4029,2,S,763,I,,
-3.233,-3.638,4,S,763,N,-1.649,2
-5.52,-4.849,2,S,763,R,,
0,0,,S,763,S,0,
0,0,,A,764,A,0,
-4.802,-4.67,2,A,764,D,,
-1.621,-1.526,1,A,764,S,-1.619,1
0.3726,0.1737,10,A,764,T,-2.054,1
1.014,0.3691,2,A,764,V,-1.134,1
0,0,,A,765,A,0,
-2.925,-3.291,3,A,765,D,,
0.05514,0.02912,6,A,765,T,-3.372,2
-1.059,-0.846,6,A,765,V,,
-7.135,-4.994,10,S,766,*,-5,1
0.8036,0.3169,1,S,766,A,,
-2.243,-2.388,3,S,766,L,,
-3.225,-3.63,2,S,766,P,-3.758,1
0,0,,S,766,S,0,
-1.182,-0.9815,1,S,766,T,,
-0.5429,-0.3612,2,I,767,-,,
0,0,,I,767,I,0,
-1.63,-1.538,3,I,767,T,-1.7,1
-0.4962,-0.3244,1,I,767,V,,
-0.9443,-0.7256,2,P,768,-,,
-5.557,-4.855,5,P,768,L,,
0,0,,P,768,P,0,
-2.959,-3.332,6,P,768,Q,,
-1.319,-1.142,3,P,768,T,,
-0.7746,-0.5609,1,F,769,-,,
0,0,,F,769,F,0,
-4.48,-4.545,7,F,769,L,-4.654,2
-3.626,-4.009,2,F,769,S,,
-3.353,-3.76,1,F,769,V,,
-0.2233,-0.1315,1,S,770,-,,
-1.37,-1.205,1,S,770,I,,
-3.684,-4.056,2,S,770,R,,
0,0,,S,770,S,0,
0.8768,0.3362,1,S,770,T,,
-0.1814,-0.1051,1,L,771,-,,
0,0,,L,771,L,0,
-1.829,-1.807,7,L,771,M,-1.53,2
-1.368,-1.203,2,L,771,P,,
-5.013,-4.735,1,L,771,Q,-5,1
0.2961,0.1422,1,A,772,-,,
0,0,,A,772,A,0,
-2.157,-2.268,3,A,772,E,-2.362,1
-4.601,-4.596,1,A,772,P,-4.695,1
-4.321,-4.47,2,A,772,T,-4.167,1
-1.146,-0.9415,2,A,772,V,,
0,0,,I,773,I,0,
-3.936,-4.243,1,I,773,S,,
-1.632,-1.541,1,I,773,V,,
-4.854,-4.687,1,Q,774,*,,
-1.38,-1.217,1,Q,774,-,,
-2.384,-2.585,2,Q,774,K,,
3.156,0.5759,1,Q,774,L,2.104,1
0,0,,Q,774,Q,0,
-1.281,-1.097,1,S,775,-,,
-1.49,-1.355,1,S,775,F,,
-5.461,-4.838,3,S,775,P,-5,1
0,0,,S,775,S,0,
-2.499,-2.743,5,S,775,Y,-2.741,1
-1.002,-0.785,1,R,776,-,,
-1.344,-1.174,3,R,776,C,,
-5.655,-4.871,12,R,776,H,-5,2
3.001,0.5711,2,R,776,L,,
-1.321,-1.145,1,R,776,P,,
0,0,,R,776,R,0,
-4.207,-4.409,14,R,776,S,-4.517,1
-0.7541,-0.5421,1,L,777,-,,
0,0,,L,777,L,0,
-0.8945,-0.6757,6,L,777,M,1.806,1
-0.8765,-0.658,1,N,778,-,,
-0.4412,-0.2825,1,N,778,K,,
0,0,,N,778,N,0,
-4.17,-4.389,4,Y,779,*,-4.595,1
-2.654,-2.95,1,Y,779,C,,
-5.78,-4.889,1,Y,779,S,,
0,0,,Y,779,Y,0,
-1.448,-1.301,5,V,780,A,-1.557,1
-3.126,-3.524,2,V,780,E,,
0.9365,0.3511,2,V,780,L,,
-1.094,-0.8833,5,V,780,M,-1.262,2
0,0,,V,780,V,0,
0,0,,A,781,A,0,
-1.704,-1.636,7,A,781,D,-3.09,2
-3.14,-3.539,2,A,781,T,,
2.29,0.5368,3,A,781,V,,
0,0,,L,782,L,0,
-0.3064,-0.1864,8,L,782,M,-2.057,2
-4.271,-4.444,6,L,782,P,-5,2
-3.375,-3.782,1,L,782,Q,,
-1.191,-0.9927,2,L,782,R,,
-2.109,-2.199,1,L,782,V,,
-6.863,-4.982,9,Q,783,*,-5,1
1.356,0.4352,6,Q,783,H,0.6304,1
-1.107,-0.8985,1,Q,783,P,,
0,0,,Q,783,Q,0,
-5.397,-4.826,1,Q,783,R,,
0.9954,0.3649,1,T,784,A,,
-0.7755,-0.5618,2,T,784,I,,
2.973,0.5702,1,T,784,N,,
0,0,,T,784,T,0,
0,0,,D,785,D,0,
-0.2529,-0.1507,1,D,785,E,,
-0.8275,-0.6106,1,D,785,G,,
2.413,0.5446,9,D,785,N,,
-1.427,-1.276,6,D,785,Y,,
-1.266,-1.079,2,V,786,A,-1.158,2
-0.7961,-0.581,2,V,786,E,-0.648,1
2.655,0.5574,1,V,786,L,0.947,1
1.289,0.424,8,V,786,M,0.6275,1
0,0,,V,786,V,0,
0,0,,L,787,L,0,
-0.6524,-0.452,1,L,787,M,,
-4.775,-4.661,2,L,787,P,-5,1
-4.896,-4.701,3,Q,788,*,-5,1
-0.3466,-0.214,3,Q,788,K,-0.9146,2
0,0,,Q,788,Q,0,
-1.544,-1.425,1,Q,788,R,,
-5.966,-4.913,5,E,789,*,,
-0.8064,-0.5906,9,E,789,D,-5,1
0,0,,E,789,E,0,
-0.4615,-0.2978,6,E,789,K,-0.6194,1
1.503,0.4578,1,E,789,Q,,
0,0,,N,790,N,0,
-0.07508,-0.04173,2,N,790,S,,
-4.977,-4.725,2,Q,791,*,-5,1
-3.539,-3.934,2,Q,791,H,,
-2.937,-3.306,3,Q,791,K,,
0,0,,Q,791,Q,0,
-4.793,-4.667,1,Q,791,R,,
0,0,,K,792,K,0,
-3.534,-3.929,4,K,792,N,,
0.4078,0.1875,1,K,792,T,,
0,0,,I,793,I,0,
-0.2709,-0.1625,1,I,793,V,,
0,0,,L,794,L,0,
-0.1653,-0.09519,3,L,794,M,,
-4.194,-4.402,2,L,794,P,,
-3.03,-3.415,2,L,794,Q,-3.421,1
0,0,,A,795,A,0,
-5.566,-4.857,2,A,795,D,-5,1
-1.949,-1.974,2,A,795,S,,
-1.807,-1.777,4,A,795,T,-1.857,1
-1.174,-0.9729,3,A,795,V,-1.52,1
0,0,,A,796,A,0,
0.7631,0.3056,2,A,796,D,,
-0.7752,-0.5615,1,A,796,P,,
0.3121,0.149,1,A,796,S,,
0.3887,0.18,9,A,796,T,,
-4.058,-4.322,2,A,796,V,,
-0.5123,-0.3369,2,S,797,G,0.3265,1
-2.613,-2.896,1,S,797,I,,
-0.4408,-0.2822,3,S,797,N,,
-0.3497,-0.2163,1,S,797,R,,
0,0,,S,797,S,0,
0,0,,F,798,F,0,
-6.127,-4.93,11,F,798,L,-5,2
-0.725,-0.5157,1,F,798,S,,
-1.832,-1.811,1,N,799,-,,
-5.091,-4.756,4,N,799,D,-5,1
-0.6014,-0.4089,1,N,799,K,,
0,0,,N,799,N,0,
-5.462,-4.839,1,N,799,S,,
0.958,0.3562,2,K,800,E,-0.2917,1
0,0,,K,800,K,0,
3.085,0.5738,1,K,800,R,1.319,1
0,0,,A,801,A,0,
0.6017,0.2565,1,A,801,E,,
-4.902,-4.702,3,A,801,S,,
-5.684,-4.876,2,A,801,T,,
-4.612,-4.601,3,A,801,V,,
-0.2349,-0.1389,16,M,802,I,,
0,0,,M,802,M,0,
-4.656,-4.618,4,M,802,V,-5,1
1.595,0.4705,3,T,803,A,1.016,1
-0.691,-0.4856,1,T,803,I,,
-0.3618,-0.2247,1,T,803,K,,
0,0,,T,803,T,0,
1.871,0.5022,2,N,804,D,,
0.5036,0.223,2,N,804,K,,
0,0,,N,804,N,0,
0,0,,I,805,I,0,
-11.11,-5.03,1,I,805,M,,
-5.568,-4.857,5,I,805,T,,
1.001,0.3661,1,I,805,V,0.3553,1
-4.839,-4.682,3,V,806,A,-5,1
1.469,0.4528,1,V,806,E,,
3.349,0.5809,4,V,806,I,,
-1.97,-2.003,4,V,806,L,,
0,0,,V,806,V,0,
0,0,,D,807,D,0,
-1.312,-1.134,1,D,807,G,,
2.947,0.5693,5,D,807,N,0.6515,2
0.3176,0.1513,1,D,807,Y,,
0,0,,A,808,A,0,
-4.927,-4.71,4,A,808,D,-5,1
-1.637,-1.547,4,A,808,S,,
-3.203,-3.606,3,A,808,T,,
-2.479,-2.715,2,A,808,V,-2.813,1
0,0,,F,809,F,0,
-0.1429,-0.08159,6,F,809,L,,
-4.778,-4.662,4,F,809,S,-4.754,1
-7.763,-5.011,1,F,809,Y,,
0.08216,0.04294,5,T,810,I,0.7928,1
3.061,0.5731,1,T,810,N,1.261,1
0,0,,T,810,T,0,
-5.979,-4.915,8,G,811,*,,
-1.184,-0.9842,4,G,811,E,,
0,0,,G,811,G,0,
-1.767,-1.723,6,G,811,R,,
-4.446,-4.53,8,G,811,V,-4.537,4
-1.298,-1.118,1,V,812,L,,
-0.04785,-0.02632,5,V,812,M,1.38,1
0,0,,V,812,V,0,
1.322,0.4297,1,N,813,D,,
0,0,,N,813,N,0,
0.4265,0.1946,1,N,813,S,,
0,0,,D,814,D,0,
0.3109,0.1485,4,D,814,E,0.7194,1
-1.232,-1.04,2,D,814,G,,
-0.4412,-0.2825,12,D,814,N,-0.8579,3
-0.6608,-0.4593,7,D,814,Y,-0.3766,1
0,0,,A,815,A,0,
-2.7,-3.009,11,A,815,D,-3.465,2
-0.7402,-0.5295,2,A,815,S,,
-1.991,-2.034,7,A,815,T,-3.532,2
0.9795,0.3613,1,T,817,N,,
0,0,,T,817,T,0,
-5.658,-4.872,2,Q,818,*,,
0.8039,0.3169,4,Q,818,H,,
0.2127,0.1056,7,Q,818,K,-0.4546,2
0,0,,Q,818,Q,0,
-0.3281,-0.2012,1,Q,818,R,,
-6.839,-4.981,6,T,819,I,-5,1
-1.381,-1.219,3,T,819,K,,
0,0,,T,819,T,0,
-2.939,-3.308,3,S,820,F,,
0,0,,S,820,S,0,
-1.807,-1.777,1,S,820,Y,,
-4.425,-4.52,3,Q,821,*,,
-1.263,-1.076,1,Q,821,H,,
0.01742,0.009336,10,Q,821,K,-0.2818,4
0,0,,Q,821,Q,0,
-4.762,-4.656,2,Q,821,R,,
0,0,,A,822,A,0,
1.102,0.3883,1,A,822,D,,
-0.9511,-0.7325,2,A,822,S,,
-0.1695,-0.09774,3,A,822,T,,
-0.1468,-0.08392,4,A,822,V,,
-3.469,-3.871,1,L,823,-,,
0.6896,0.2841,5,L,823,I,0.02799,1
0,0,,L,823,L,0,
-4.63,-4.608,4,L,823,P,-5,1
-6.355,-4.95,2,Q,824,*,-5,1
-0.8781,-0.6595,2,Q,824,H,-0.4511,1
0,0,,Q,824,Q,0,
1.522,0.4606,1,Q,824,R,,
-4.91,-4.705,2,T,825,I,-5,1
-0.6263,-0.4298,2,T,825,N,,
0,0,,T,825,T,0,
-1.543,-1.424,2,V,826,A,,
-1.557,-1.442,1,V,826,E,,
-4.741,-4.649,17,V,826,M,-2.787,1
0,0,,V,826,V,0,
0,0,,A,827,A,0,
1.703,0.4839,4,A,827,D,,
-0.9334,-0.7145,1,A,827,N,,
-0.4772,-0.3097,1,A,827,P,,
0.8382,0.3262,3,A,827,S,-0.1731,1
0.7996,0.3158,6,A,827,T,1.167,3
1.036,0.3741,3,A,827,V,0.5418,1
0.07547,0.03954,1,T,828,A,,
1.434,0.4477,3,T,828,I,1.314,1
-2.551,-2.813,3,T,828,K,,
0,0,,T,828,T,0,
0,0,,A,829,A,0,
-0.496,-0.3243,2,A,829,D,,
0.2836,0.1369,5,A,829,S,-2.65,1
-0.6099,-0.416,3,A,829,T,,
0.9991,0.3658,1,A,829,V,,
-0.3888,-0.244,14,L,830,I,0.4627,2
0,0,,L,830,L,0,
-3.987,-4.277,1,L,830,P,,
0,0,,N,831,N,0,
-0.893,-0.6742,1,N,831,S,,
-2.354,-2.543,1,K,832,E,-2.634,1
0,0,,K,832,K,0,
-1.785,-1.747,4,K,832,N,-1.872,1
-0.8895,-0.6707,1,K,832,R,,
0,0,,I,833,I,0,
-2.925,-3.291,1,I,833,N,,
-4.32,-4.469,2,I,833,T,,
-4.087,-4.34,5,Q,834,*,,
0.9253,0.3483,10,Q,834,H,-0.4584,1
0.3656,0.1709,5,Q,834,K,,
-3.217,-3.622,4,Q,834,L,-3.21,2
0,0,,Q,834,Q,0,
0.9168,0.3462,5,Q,834,R,,
0,0,,D,835,D,0,
-1.181,-0.9807,4,D,835,E,,
1.974,0.512,6,D,835,N,,
0.6006,0.2561,3,D,835,Y,,
-1.228,-1.035,1,V,836,A,,
-5.272,-4.8,3,V,836,F,-5,1
-2.786,-3.12,4,V,836,I,-3.514,2
0,0,,V,836,V,0,
-0.3087,-0.1879,1,V,837,A,,
-3.073,-3.464,3,V,837,M,,
0,0,,V,837,V,0,
-1.979,-2.017,1,N,838,K,,
0,0,,N,838,N,0,
-5.048,-4.745,3,Q,839,*,-5,1
0.4517,0.2041,1,Q,839,E,,
-0.5669,-0.3805,1,Q,839,H,,
-3.645,-4.024,5,Q,839,K,-5,1
0,0,,Q,839,Q,0,
-0.1233,-0.06983,2,Q,839,R,,
-5.329,-4.812,4,Q,840,*,-5,2
1.478,0.4542,11,Q,840,H,-0.72,1
3.155,0.5759,1,Q,840,K,2.37,1
0,0,,Q,840,Q,0,
-0.4805,-0.3123,1,G,841,A,,
0.253,0.1236,5,G,841,C,,
-0.2806,-0.1689,8,G,841,D,0.9039,1
0,0,,G,841,G,0,
-0.09694,-0.05435,1,G,841,S,,
-1.451,-1.306,3,N,842,D,,
-1.981,-2.019,1,N,842,H,,
0,0,,N,842,N,0,
0.1237,0.06361,1,N,842,S,,
-1.81,-1.782,3,S,843,F,-1.223,1
-4.246,-4.43,4,S,843,P,,
0,0,,S,843,S,0,
-1.777,-1.736,8,S,843,Y,-2.667,2
-0.606,-0.4128,1,L,844,-,,
0,0,,L,844,L,0,
-1.25,-1.061,6,L,844,M,,
-3.857,-4.188,4,L,844,P,,
-2.067,-2.141,1,L,844,R,,
-0.7321,-0.5221,1,N,845,-,,
-0.003012,-0.001627,4,N,845,K,0.3092,1
0,0,,N,845,N,0,
-0.3506,-0.2168,1,H,846,-,,
0,0,,H,846,H,0,
-2.526,-2.778,5,H,846,N,-3.628,2
-0.3677,-0.229,1,H,846,Q,,
-1.074,-0.8623,2,H,846,Y,,
0,0,,L,847,L,0,
-4.054,-4.32,1,L,847,M,,
-4.933,-4.712,3,L,847,P,-5,1
1.035,0.3739,2,T,848,I,,
-0.3689,-0.2298,3,T,848,N,,
0,0,,T,848,T,0,
-2.364,-2.557,5,S,849,G,-5,1
-2.445,-2.668,2,S,849,I,-2.739,1
-1.159,-0.9558,3,S,849,N,,
-1.88,-1.878,3,S,849,R,,
0,0,,S,849,S,0,
-5.826,-4.896,2,Q,850,*,,
-3.622,-4.005,2,Q,850,H,,
-1.817,-1.791,3,Q,850,K,,
0,0,,Q,850,Q,0,
-1.857,-1.846,2,Q,850,R,-1.874,1
0,0,,L,851,L,0,
-5.13,-4.766,3,L,851,M,-5,1
-5.088,-4.755,6,R,852,I,-4.921,2
1.906,0.5057,4,R,852,K,0.1874,1
0,0,,R,852,R,0,
-5.824,-4.896,3,Q,853,*,,
0.0651,0.03425,7,Q,853,H,,
0.775,0.3089,3,Q,853,K,,
0,0,,Q,853,Q,0,
-3.83,-4.168,2,N,854,D,-4.318,1
-2.751,-3.076,7,N,854,K,-3.729,3
0,0,,N,854,N,0,
1.138,0.3957,1,N,854,S,,
0,0,,F,855,F,0,
-3.778,-4.129,2,F,855,I,,
-4.98,-4.726,3,F,855,L,-5,1
-6.379,-4.952,4,Q,856,*,-5,1
-1.8,-1.768,6,Q,856,H,-2.42,1
-1.217,-1.022,4,Q,856,K,,
-2.88,-3.237,3,Q,856,L,-1.665,1
-4.14,-4.371,3,Q,856,P,,
0,0,,Q,856,Q,0,
-1.45,-1.304,12,Q,856,R,-0.3299,1
0,0,,A,857,A,0,
-4.749,-4.652,1,A,857,D,-5,1
-2.446,-2.67,1,A,857,S,,
-3.939,-4.245,4,A,857,T,,
-3.544,-3.938,2,A,857,V,,
0,0,,I,858,I,0,
-4.671,-4.623,4,I,858,N,-4.805,1
-2.409,-2.619,1,S,859,-,,
-4.961,-4.72,1,S,859,G,-5,1
-4.003,-4.288,3,S,859,I,,
-4.883,-4.696,9,S,859,N,-5,3
-5.698,-4.878,3,S,859,R,,
0,0,,S,859,S,0,
-10.76,-5.03,1,S,859,T,,
-4.806,-4.672,3,S,860,G,,
-4.209,-4.41,2,S,860,I,,
1.616,0.4731,5,S,860,N,0.02755,1
-1.796,-1.762,1,S,860,R,,
0,0,,S,860,S,0,
-4.126,-4.363,3,S,861,G,,
-4.809,-4.673,2,S,861,I,-5,1
-1.836,-1.817,1,S,861,N,,
-4.727,-4.644,2,S,861,R,,
0,0,,S,861,S,0,
-4.38,-4.499,1,I,862,F,,
0,0,,I,862,I,0,
-0.8646,-0.6463,1,I,862,S,,
-1.325,-1.15,2,I,862,T,,
-4.3,-4.459,5,Q,863,*,-5,1
3.073,0.5734,5,Q,863,H,0.6559,1
-5.241,-4.793,6,Q,863,K,-5,2
-3.617,-4.001,1,Q,863,L,,
0,0,,Q,863,Q,0,
-9.507,-5.027,7,Q,863,R,,
0,0,,A,864,A,0,
-0.1169,-0.06605,4,A,864,D,,
-4.908,-4.704,1,A,864,P,-5,1
0.7635,0.3057,8,A,864,T,-0.01954,1
-6.402,-4.954,1,I,865,F,,
0,0,,I,865,I,0,
-6.558,-4.965,2,I,865,M,,
-7.163,-4.995,2,I,865,T,,
-4.231,-4.422,5,I,865,V,-3.758,1
-7.742,-5.01,5,Y,866,*,-5,1
-4.703,-4.635,2,Y,866,C,-5,1
0,0,,Y,866,Y,0,
0,0,,D,867,D,0,
-2.543,-2.802,1,D,867,E,,
-4.987,-4.728,3,D,867,G,,
-5.488,-4.843,2,D,867,N,,
-6.206,-4.938,11,D,867,Y,-5,2
-4.949,-4.717,1,R,868,G,-5,1
-5.612,-4.864,10,R,868,I,-5,3
-2.761,-3.088,2,R,868,K,,
0,0,,R,868,R,0,
0,0,,L,869,L,0,
-0.2154,-0.1265,1,L,869,M,,
-5.406,-4.828,2,L,869,P,,
-3.173,-3.575,1,D,870,A,,
0,0,,D,870,D,0,
-1.979,-2.017,4,D,870,E,-1.362,1
-3.801,-4.147,1,D,870,G,,
-5.124,-4.765,3,D,870,N,-5,1
-7.124,-4.993,7,D,870,Y,,
0,0,,I,871,I,0,
-2.595,-2.871,1,I,871,N,,
-0.5519,-0.3684,1,I,871,T,,
0,0,,I,872,I,0,
0.1393,0.07115,1,I,872,T,0.009274,1
-3.983,-4.274,3,Q,873,*,,
-0.9749,-0.757,1,Q,873,-,,
-1.105,-0.8957,3,Q,873,H,,
-1.613,-1.515,10,Q,873,K,-0.5746,1
-2.132,-2.231,1,Q,873,L,-2.293,1
-0.149,-0.08526,1,Q,873,P,-0.1349,1
0,0,,Q,873,Q,0,
-2.914,-3.277,5,Q,873,R,,
-1.4,-1.242,1,A,874,-,,
0,0,,A,874,A,0,
-6.335,-4.949,2,A,874,D,-5,1
-5.066,-4.75,4,A,874,S,,
-4.106,-4.351,9,A,874,T,,
-4.969,-4.723,2,A,874,V,-5,1
-0.8376,-0.6203,1,D,875,-,,
0,0,,D,875,D,0,
0.1299,0.0666,1,D,875,E,,
-9.907,-5.028,2,D,875,G,,
-1.495,-1.362,7,D,875,N,,
-5.881,-4.903,3,D,875,Y,-5,1
-2.963,-3.337,5,Q,876,*,,
0.9311,0.3498,1,Q,876,-,,
-2.599,-2.876,10,Q,876,K,-2.538,3
0,0,,Q,876,Q,0,
-3.857,-4.188,2,Q,876,R,,
-0.9245,-0.7056,1,Q,877,*,,
-1.062,-0.8494,2,Q,877,H,,
-5.209,-4.785,2,Q,877,K,-5,1
-4.714,-4.64,3,Q,877,P,,
0,0,,Q,877,Q,0,
-3.76,-4.116,5,Q,877,R,-5,3
-5.009,-4.734,3,V,878,A,-5,1
0,0,,V,878,V,0,
-3.14,-3.539,1,D,879,A,,
0,0,,D,879,D,0,
1.632,0.4752,1,D,879,E,,
-1.142,-0.9372,2,D,879,G,,
-0.2124,-0.1246,2,D,879,N,-0.2346,1
-3.712,-4.079,5,D,879,Y,,
-2.751,-3.076,6,R,880,L,,
-2.471,-2.704,1,R,880,P,,
-3.738,-4.1,8,R,880,Q,-4.28,2
0,0,,R,880,R,0,
-4.833,-4.68,4,R,880,W,,
-3.399,-3.805,1,L,881,*,,
-6.76,-4.977,7,L,881,F,-5,1
0,0,,L,881,L,0,
-3.572,-3.963,4,L,881,S,-3.69,1
0,0,,I,882,I,0,
-0.9675,-0.7493,2,I,882,M,,
-0.5458,-0.3635,1,I,882,V,,
-4.793,-4.667,2,T,883,A,-5,1
-1.096,-0.8864,1,T,883,I,,
1.29,0.4241,3,T,883,N,-1.884,1
0,0,,T,883,T,0,
-4.369,-4.494,5,G,884,C,-2.392,1
-4.89,-4.699,11,G,884,D,-5,3
0,0,,G,884,G,0,
-6.344,-4.95,6,G,884,S,-5,2
-1.506,-1.376,1,R,885,G,,
-5.168,-4.776,3,R,885,I,,
-6.732,-4.975,4,R,885,K,,
0,0,,R,885,R,0,
0,0,,L,886,L,0,
-5.594,-4.862,5,L,886,M,-4.445,1
-6.661,-4.971,1,L,886,P,,
-0.411,-0.2602,2,L,886,Q,,
-3.284,-3.692,1,L,886,V,,
0,0,,A,887,A,0,
-0.04138,-0.0227,4,A,887,D,-0.5939,1
-0.1875,-0.1089,2,A,887,S,-0.1475,1
-0.3154,-0.1924,8,A,887,T,0.5167,3
-2.908,-3.271,1,A,887,V,,
0,0,,A,888,A,0,
-5.233,-4.791,5,A,888,D,,
-0.8633,-0.6451,12,A,888,T,-1.024,2
-1.462,-1.32,4,A,888,V,,
0,0,,L,889,L,0,
-4.166,-4.386,5,L,889,M,,
-0.8162,-0.5999,1,L,889,P,,
-2.913,-3.277,1,L,889,R,,
-0.605,-0.4119,1,L,889,V,,
0.7803,0.3104,1,N,890,D,,
-0.3423,-0.2111,1,N,890,K,,
0,0,,N,890,N,0,
-1.212,-1.017,1,N,890,S,,
0.4042,0.1861,4,V,891,L,,
3.348,0.5809,3,V,891,M,,
0,0,,V,891,V,0,
-4.998,-4.731,1,F,892,C,-5,1
0,0,,F,892,F,0,
-4.748,-4.652,1,F,892,I,-5,1
-6.677,-4.972,9,F,892,L,-4.449,2
-4.967,-4.722,2,F,892,S,,
-0.07406,-0.04115,5,V,893,A,,
-1.399,-1.241,2,V,893,F,,
-3.851,-4.184,7,V,893,I,-4.045,2
0,0,,V,893,V,0,
-0.9414,-0.7226,6,S,894,F,,
-4.916,-4.707,3,S,894,P,-5,1
0,0,,S,894,S,0,
-1.324,-1.148,2,S,894,T,,
-1.766,-1.722,6,S,894,Y,-1.379,3
0,0,,H,895,H,0,
-0.8806,-0.6619,1,H,895,L,,
1.289,0.424,10,H,895,N,-0.1706,1
-1.518,-1.391,1,H,895,P,,
1.032,0.3732,3,H,895,R,,
-0.5112,-0.3361,5,H,895,Y,-1.239,1
-0.5061,-0.3321,1,T,896,A,,
-0.3536,-0.219,2,T,896,I,,
0.5231,0.2299,3,T,896,K,,
1.008,0.3677,1,T,896,P,,
0,0,,T,896,T,0,
0,0,,L,897,L,0,
-0.5752,-0.3873,3,L,897,M,,
-0.7978,-0.5825,1,L,897,P,,
0.6893,0.284,2,L,897,Q,,
-6.107,-4.928,2,L,897,R,,
-0.6229,-0.4269,1,T,898,-,,
2.268,0.5353,1,T,898,A,,
-1.858,-1.848,4,T,898,K,-1.6,1
0,0,,T,898,T,0,
-0.5115,-0.3363,1,K,899,-,,
0,0,,K,899,K,0,
-0.3878,-0.2433,1,K,899,M,,
-4.698,-4.633,1,K,899,N,-5,1
-3.146,-3.545,2,Y,900,*,,
-0.09472,-0.05306,1,Y,900,-,,
-0.6576,-0.4565,1,Y,900,C,,
0.1208,0.0622,1,Y,900,H,,
-0.5699,-0.383,1,Y,900,N,-0.4602,1
0,0,,Y,900,Y,0,
-0.2367,-0.1401,1,T,901,-,,
-1.453,-1.308,4,T,901,I,-1.461,2
4.17,0.5941,1,T,901,N,,
0,0,,T,901,T,0,
-6.272,-4.944,4,E,902,*,,
-1.241,-1.051,1,E,902,-,,
-3.995,-4.282,5,E,902,D,-5,1
0,0,,E,902,E,0,
-4.559,-4.579,2,E,902,G,,
0.6576,0.2743,6,E,902,K,0.4768,2
-0.2356,-0.1394,1,V,903,-,,
-3.144,-3.543,1,V,903,L,,
-5.363,-4.819,8,V,903,M,,
0,0,,V,903,V,0,
-0.01041,-0.005643,1,R,904,-,,
-5.86,-4.9,9,R,904,L,-4.418,1
-0.9475,-0.7289,4,R,904,Q,,
0,0,,R,904,R,0,
-4.047,-4.315,16,R,904,W,-4.081,1
-0.8313,-0.6142,1,A,905,-,,
0,0,,A,905,A,0,
-0.8038,-0.5882,2,A,905,D,,
1.633,0.4753,2,A,905,S,,
0.3938,0.1821,10,A,905,T,0.4914,1
-0.006586,-0.003564,1,S,906,-,,
-1.096,-0.8856,4,S,906,F,,
-3.02,-3.403,3,S,906,P,,
0,0,,S,906,S,0,
-1.748,-1.696,4,S,906,Y,-1.226,1
0.00151,0.0008152,1,R,907,-,,
-5.259,-4.797,5,R,907,C,-5,1
-5.507,-4.847,16,R,907,H,-5,3
-5.112,-4.762,4,R,907,L,,
-4.868,-4.692,1,R,907,P,-4.954,1
0,0,,R,907,R,0,
-6.303,-4.946,7,R,907,S,-5,1
-4.991,-4.729,3,Q,908,*,-5,1
0.2419,0.1187,1,Q,908,-,,
-0.684,-0.4794,6,Q,908,K,-2.829,2
0,0,,Q,908,Q,0,
-0.06239,-0.03451,2,Q,908,R,-0.1043,1
0.04414,0.02341,1,L,909,-,,
0,0,,L,909,L,0,
1.292,0.4246,2,L,909,M,-0.4015,1
-5.599,-4.862,3,L,909,P,,
-1.159,-0.9562,1,L,909,Q,-1.028,1
0.9131,0.3453,1,L,909,R,,
-0.003075,-0.001662,1,A,910,-,,
0,0,,A,910,A,0,
-1.949,-1.974,1,A,910,D,,
-4.108,-4.353,4,A,910,S,,
-11.07,-5.03,2,A,910,T,,
-5.678,-4.875,3,A,910,V,,
-0.5618,-0.3764,1,Q,911,-,,
-1.365,-1.199,5,Q,911,H,-1.236,2
0.6694,0.2779,11,Q,911,K,-0.1425,1
0,0,,Q,911,Q,0,
0.1878,0.09415,2,Q,911,R,0.05564,1
-4.821,-4.677,4,Q,912,*,,
0.5862,0.2514,3,Q,912,H,0.1716,1
0,0,,Q,912,Q,0,
-3.499,-3.898,1,K,913,*,,
0,0,,K,913,K,0,
-4.345,-4.482,1,K,913,M,,
-5.589,-4.861,8,K,913,N,,
-9.937,-5.028,1,K,913,T,,
-0.6215,-0.4258,1,V,914,F,,
-0.01462,-0.007934,6,V,914,I,0.1239,2
-4.95,-4.717,2,V,914,L,-5,1
0,0,,V,914,V,0,
0.8446,0.3279,1,N,915,D,,
-2.464,-2.695,7,N,915,K,-3.652,2
0,0,,N,915,N,0,
1.294,0.4248,3,N,915,S,,
-7.029,-4.989,14,E,916,*,-5,3
-2.266,-2.421,4,E,916,D,,
0,0,,E,916,E,0,
-3.201,-3.605,23,E,916,K,-3.6,3
-0.5572,-0.3727,2,C,917,*,,
-0.4822,-0.3136,1,C,917,-,,
0,0,,C,917,C,0,
-2.833,-3.178,1,C,917,F,,
-2.33,-2.509,1,C,917,G,,
-2.58,-2.852,1,C,917,R,,
-5.191,-4.781,5,C,917,Y,-5,2
-0.4141,-0.2624,2,V,918,-,,
-1.276,-1.092,4,V,918,A,,
-5.23,-4.79,2,V,918,L,-5,1
-5.349,-4.816,11,V,918,M,-5,1
0,0,,V,918,V,0,
-0.3806,-0.2382,2,K,919,-,,
-4.963,-4.721,2,K,919,E,,
0,0,,K,919,K,0,
-4.573,-4.585,2,K,919,N,,
0.2174,0.1077,1,K,919,R,0.03641,1
-0.1849,-0.1073,2,S,920,-,,
-0.3619,-0.2249,2,S,920,G,,
-3.271,-3.678,2,S,920,I,,
-1.352,-1.183,7,S,920,N,-5,3
-7.334,-5,3,S,920,R,,
0,0,,S,920,S,0,
-9.546,-5.027,3,Q,921,*,-5,1
0.2308,0.1138,2,Q,921,-,,
-1.28,-1.096,5,Q,921,H,-0.9315,3
-4.798,-4.669,9,Q,921,K,-5,1
0,0,,Q,921,Q,0,
-2.395,-2.599,1,Q,921,R,-2.694,1
-0.49,-0.3196,2,S,922,-,,
-5.066,-4.75,2,S,922,I,-5,1
-4.5,-4.554,6,S,922,N,,
-0.7274,-0.5179,2,S,922,R,,
0,0,,S,922,S,0,
0.4837,0.2159,1,K,923,-,,
-3.172,-3.574,1,K,923,E,,
0,0,,K,923,K,0,
2.246,0.5338,1,K,923,R,,
-0.7234,-0.5143,2,R,924,-,,
-1.77,-1.726,3,R,924,I,,
0.1757,0.08848,9,R,924,K,,
0,0,,R,924,R,0,
-1.93,-1.947,1,Y,925,*,,
0.5694,0.2458,2,Y,925,-,,
0.5689,0.2456,1,Y,925,S,,
0,0,,Y,925,Y,0,
-0.149,-0.08527,2,G,926,-,,
-3.725,-4.089,5,G,926,C,,
-0.7446,-0.5334,7,G,926,D,,
0,0,,G,926,G,0,
-2.017,-2.069,7,G,926,S,-0.8449,1
-4.768,-4.659,2,G,926,V,,
-0.5833,-0.394,2,F,927,-,,
0,0,,F,927,F,0,
-1.373,-1.208,2,F,927,L,-1.337,1
-3.856,-4.187,1,C,928,*,,
0.869,0.3342,1,C,928,-,,
0,0,,C,928,C,0,
-5.344,-4.815,6,C,928,F,-5,1
-4.72,-4.641,1,C,928,G,,
-4.892,-4.7,4,C,928,R,-5,2
-6.527,-4.963,10,C,928,Y,,
-1.965,-1.997,2,G,929,-,,
-4.872,-4.693,7,G,929,C,,
-5.334,-4.813,11,G,929,D,-3.494,2
0,0,,G,929,G,0,
-6.066,-4.924,4,G,929,S,,
-1.93,-1.948,2,N,930,-,,
-3.252,-3.658,1,N,930,D,,
-2.682,-2.986,1,N,930,I,,
-0.6482,-0.4484,3,N,930,K,-0.5601,1
0,0,,N,930,N,0,
-1.964,-1.995,1,N,930,S,,
0.08784,0.0458,1,G,931,-,,
-7.994,-5.015,9,G,931,C,-5,1
-6.733,-4.975,12,G,931,D,-5,2
0,0,,G,931,G,0,
-4.704,-4.636,6,G,931,S,,
-5.148,-4.771,2,G,931,V,,
0.1454,0.07411,1,T,932,-,,
-1.538,-1.417,1,T,932,I,,
-3.684,-4.056,1,T,932,N,,
0,0,,T,932,T,0,
-0.2392,-0.1417,2,H,933,-,,
0,0,,H,933,H,0,
-6.517,-4.962,11,H,933,N,-5,1
2.712,0.56,1,H,933,Q,,
-4.976,-4.725,1,H,933,R,,
-0.1822,-0.1056,3,I,934,-,,
0,0,,I,934,I,0,
1.436,0.448,1,I,934,M,,
-3.888,-4.21,1,I,934,N,,
-4.913,-4.706,1,I,934,T,-5,1
-0.2329,-0.1376,3,F,935,-,,
0,0,,F,935,F,0,
-7.07,-4.991,6,F,935,L,-5,1
-5.621,-4.866,1,F,935,S,-5,1
-5.357,-4.818,4,F,935,Y,-5,2
-1.098,-0.8882,5,S,936,-,,
-5.691,-4.877,2,S,936,G,,
-6.761,-4.977,3,S,936,I,,
-5.825,-4.896,7,S,936,N,-5,1
-8.308,-5.019,3,S,936,R,,
0,0,,S,936,S,0,
-0.4946,-0.3231,5,I,937,-,,
0,0,,I,937,I,0,
-5.418,-4.83,6,I,937,N,-5,2
-2.692,-3,1,I,937,S,,
-1.833,-1.813,1,I,937,T,,
-1.679,-1.604,1,I,937,V,,
-0.03682,-0.02016,5,V,938,-,,
-0.7912,-0.5764,1,V,938,A,,
-4.781,-4.663,1,V,938,E,-5,1
-1.037,-0.8219,1,V,938,G,,
-1.139,-0.934,3,V,938,L,-0.4218,1
-4.446,-4.53,7,V,938,M,-3.644,1
0,0,,V,938,V,0,
0.1068,0.0553,5,N,939,-,,
-1.491,-1.357,1,N,939,D,,
-3.729,-4.092,2,N,939,K,-4.185,1
0,0,,N,939,N,0,
-0.3806,-0.2381,1,N,939,S,,
0.06718,0.03532,5,A,940,-,,
0,0,,A,940,A,0,
-5.769,-4.888,7,A,940,E,-5,2
-0.8097,-0.5937,1,A,940,S,,
-4.316,-4.467,13,A,940,T,-5,3
-5.1,-4.759,4,A,940,V,,
-0.4654,-0.3008,5,A,941,-,,
0,0,,A,941,A,0,
-3.967,-4.264,2,A,941,S,,
-0.4045,-0.2554,1,A,941,T,,
-0.7375,-0.527,1,A,941,V,,
-0.4662,-0.3014,5,P,942,-,,
-5.629,-4.867,13,P,942,H,-5,3
-7.283,-4.999,5,P,942,L,-5,1
0,0,,P,942,P,0,
-1.518,-1.391,1,P,942,S,,
-4.985,-4.727,5,P,942,T,-5,1
-5.752,-4.886,7,E,943,*,,
-0.4639,-0.2996,5,E,943,-,,
-2.087,-2.168,7,E,943,D,-1.12,2
0,0,,E,943,E,0,
-1.348,-1.178,5,E,943,K,-1.566,1
-0.3037,-0.1845,5,G,944,-,,
-4.959,-4.72,5,G,944,C,,
-5.201,-4.784,2,G,944,D,,
0,0,,G,944,G,0,
-6.218,-4.939,5,G,944,S,,
-5.267,-4.799,2,G,944,V,,
-0.3289,-0.2018,5,L,945,-,,
0,0,,L,945,L,0,
-1.273,-1.088,4,L,945,M,-0.9038,1
-5.514,-4.848,11,L,945,P,-5,3
-5.031,-4.74,2,L,945,Q,-5,1
-5.165,-4.775,4,L,945,R,,
-0.9748,-0.7568,5,V,946,-,,
-1.912,-1.923,2,V,946,A,,
1.574,0.4677,1,V,946,L,,
-1.177,-0.9765,1,V,946,M,-1.052,1
0,0,,V,946,V,0,
-0.6313,-0.434,5,F,947,-,,
0,0,,F,947,F,0,
-5.35,-4.816,7,F,947,L,,
-6.454,-4.958,3,F,947,S,,
-2.678,-2.981,1,F,947,Y,,
-0.005586,-0.003021,5,L,948,-,,
0,0,,L,948,L,0,
0.9587,0.3564,5,L,948,M,-0.5207,1
-5.879,-4.903,4,L,948,P,-5,1
-4.612,-4.601,1,L,948,Q,,
-3.705,-4.073,2,L,948,R,,
-0.7473,-0.5359,4,H,949,-,,
0,0,,H,949,H,0,
-6.175,-4.935,1,H,949,R,,
-5.145,-4.77,4,H,949,Y,-5,1
-2.591,-2.867,3,T,950,I,-2.969,1
-1.189,-0.9904,2,T,950,N,,
0,0,,T,950,T,0,
-3.872,-4.199,1,V,951,A,,
0.2875,0.1386,1,V,951,G,,
-2.262,-2.414,2,V,951,L,,
-3.339,-3.746,10,V,951,M,-2.671,2
0,0,,V,951,V,0,
0,0,,L,952,L,0,
1.895,0.5046,2,L,952,M,,
-3.714,-4.081,3,L,952,P,,
-2.332,-2.513,1,L,952,R,,
0,0,,L,953,L,0,
-0.96,-0.7416,2,L,953,M,,
-0.2724,-0.1635,1,L,953,P,,
-0.1842,-0.1068,2,L,953,Q,,
-3.384,-3.79,1,P,954,*,,
-2.838,-3.185,4,P,954,L,-1.425,1
0,0,,P,954,P,0,
-4.868,-4.692,2,P,954,Q,-5,1
-1.104,-0.8951,3,P,954,S,,
-1.871,-1.865,3,P,954,T,,
-0.02371,-0.01292,5,T,955,I,0.1082,2
0,0,,T,955,T,0,
-4.984,-4.727,1,Q,956,*,-5,1
0.7321,0.2967,3,Q,956,H,,
0.7655,0.3063,1,Q,956,K,,
-0.4893,-0.319,1,Q,956,L,,
0,0,,Q,956,Q,0,
0.8398,0.3266,1,Q,956,R,,
-5.58,-4.859,4,Y,957,*,-5,2
-4.656,-4.618,1,Y,957,C,-4.798,1
-0.3613,-0.2244,3,Y,957,H,1.106,1
-1.475,-1.336,2,Y,957,N,,
0,0,,Y,957,Y,0,
-0.7753,-0.5616,1,K,958,*,,
0,0,,K,958,K,0,
0,0,,D,959,D,0,
-4.831,-4.68,2,D,959,E,-5,1
-0.4186,-0.2657,4,D,959,N,-2.104,2
-3.1,-3.494,3,D,959,Y,,
1.537,0.4627,1,V,960,A,,
-1.367,-1.202,2,V,960,L,-1.295,1
-4.753,-4.653,3,V,960,M,,
0,0,,V,960,V,0,
-3.508,-3.906,3,E,961,*,,
-0.4644,-0.3,2,E,961,D,,
0,0,,E,961,E,0,
0.4783,0.2139,7,E,961,K,,
0,0,,A,962,A,0,
-2.771,-3.1,2,A,962,D,,
-0.8958,-0.677,2,A,962,S,,
0.06339,0.03337,5,A,962,T,,
-2.029,-2.086,1,A,962,V,,
-7.043,-4.99,10,W,963,*,-5,1
-4.231,-4.423,1,W,963,G,,
-2.896,-3.257,7,W,963,L,-2.58,3
-1.773,-1.731,5,W,963,R,-2.352,1
0,0,,W,963,W,0,
-6.173,-4.935,12,S,964,*,-4.253,1
-0.3511,-0.2173,3,S,964,L,,
-5.181,-4.779,2,S,964,P,,
0,0,,S,964,S,0,
-6.369,-4.952,8,G,965,*,-5,1
-5.236,-4.792,14,G,965,E,-5,2
0,0,,G,965,G,0,
-8.107,-5.017,7,G,965,R,-5,1
-5.579,-4.859,1,G,965,V,,
0.8225,0.322,3,L,966,F,,
-0.5475,-0.3649,2,L,966,I,,
0,0,,L,966,L,0,
-5.839,-4.897,2,L,966,P,-5,1
-2.568,-2.835,1,C,967,*,,
0,0,,C,967,C,0,
-5.744,-4.884,2,C,967,F,,
-2.064,-2.136,1,C,967,R,,
-4.06,-4.323,6,C,967,Y,,
-2.432,-2.651,2,V,968,A,-2.741,1
-1.525,-1.4,2,V,968,L,,
-0.6329,-0.4354,9,V,968,M,-0.1215,1
0,0,,V,968,V,0,
0,0,,D,969,D,0,
2.765,0.5623,5,D,969,E,,
-0.3753,-0.2343,1,D,969,G,,
-0.8205,-0.604,13,D,969,N,,
-5.423,-4.831,5,D,969,Y,-5,2
-2.948,-3.318,6,G,970,C,-2.796,2
-0.1874,-0.1089,15,G,970,D,-1.136,1
0,0,,G,970,G,0,
-1.094,-0.884,7,G,970,S,-0.8158,1
0.7758,0.3092,4,R,971,L,,
1.856,0.5007,21,R,971,Q,-0.4254,4
0,0,,R,971,R,0,
2.485,0.5487,3,R,971,W,1.832,1
-3.108,-3.503,1,N,972,D,,
0,0,,N,972,N,0,
-7.358,-5.001,12,G,973,*,-5,3
-5.038,-4.742,58,G,973,E,-5,7
0,0,,G,973,G,0,
-3.347,-3.754,2,G,973,K,,
-7.006,-4.989,46,G,973,R,-5,9
-1.003,-0.7865,2,G,973,V,,
-3.125,-3.522,1,Y,974,*,,
-1.158,-0.9547,1,Y,974,-,,
0,0,,Y,974,Y,0,
-0.3615,-0.2245,1,V,975,-,,
0.05727,0.03022,3,V,975,A,-0.126,1
0.8641,0.3329,1,V,975,G,,
-0.1046,-0.05879,4,V,975,L,,
-5.649,-4.87,2,V,975,M,,
0,0,,V,975,V,0,
-1.055,-0.8417,1,L,976,-,,
0,0,,L,976,L,0,
-1.82,-1.795,2,L,976,M,,
1.338,0.4323,1,L,976,P,,
-1.797,-1.764,1,R,977,-,,
-0.7444,-0.5333,1,R,977,G,,
1.006,0.3674,5,R,977,I,,
-0.7516,-0.5398,6,R,977,K,,
0,0,,R,977,R,0,
-5.28,-4.802,9,Q,978,*,,
0.5875,0.2518,3,Q,978,H,0.4181,1
-1.742,-1.688,8,Q,978,K,-1.424,1
0,0,,Q,978,Q,0,
3.243,0.5783,1,Q,978,R,,
-0.2868,-0.1731,1,P,979,H,-0.2699,1
-0.3202,-0.1958,1,P,979,L,,
0,0,,P,979,P,0,
0.6089,0.2588,3,P,979,S,,
-0.6077,-0.4142,1,P,979,T,,
-1.15,-0.9461,1,N,980,D,,
0.0716,0.03757,2,N,980,K,,
0,0,,N,980,N,0,
0,0,,L,981,L,0,
-0.1865,-0.1083,5,L,981,M,-0.1553,1
-4.26,-4.438,2,L,981,P,,
-0.8062,-0.5905,1,L,981,Q,,
0,0,,A,982,A,0,
-5.043,-4.743,3,A,982,D,,
0.5229,0.2298,4,A,982,T,0.6301,2
-3.549,-3.943,2,A,982,V,,
0,0,,L,983,L,0,
-0.08214,-0.04579,12,L,983,M,0.933,3
-0.6063,-0.413,1,L,983,P,-0.473,1
-9.703,-5.028,3,L,983,Q,,
-4.908,-4.705,1,L,983,R,-5,1
-6.46,-4.958,1,L,983,V,,
-2.975,-3.351,1,Y,984,*,,
-3.972,-4.267,2,Y,984,C,,
-1.172,-0.9707,1,Y,984,D,,
-0.3901,-0.245,1,Y,984,H,,
0,0,,Y,984,Y,0,
-2.203,-2.332,1,K,985,E,-2.415,1
0,0,,K,985,K,0,
-0.1703,-0.09825,6,K,985,N,-0.4669,1
-1.515,-1.388,1,K,985,R,,
-8.193,-5.018,3,E,986,*,,
0,0,,E,986,E,0,
-2.052,-2.12,3,E,986,G,,
0.744,0.3002,22,E,986,K,0.1654,2
0.3809,0.177,1,E,986,Q,,
-1.353,-1.184,7,G,987,C,-1.147,2
3.142,0.5755,1,G,987,D,,
0,0,,G,987,G,0,
-1.499,-1.367,1,G,987,R,-1.499,1
-0.034,-0.0186,4,G,987,S,0.2043,1
0.8954,0.3409,2,G,987,V,,
-1.439,-1.29,1,N,988,K,,
0,0,,N,988,N,0,
-6.354,-4.95,5,Y,989,*,-5,1
-2.026,-2.083,1,Y,989,C,,
-1.443,-1.296,1,Y,989,D,,
0.8049,0.3172,2,Y,989,H,1.085,1
4.073,0.5931,1,Y,989,N,,
0,0,,Y,989,Y,0,
-3.946,-4.25,2,Y,990,*,,
-6.177,-4.935,2,Y,990,C,,
1.999,0.5143,1,Y,990,H,0.6346,1
0,0,,Y,990,Y,0,
-1.154,-0.9499,1,R,991,G,-1.023,1
-0.4733,-0.3068,6,R,991,I,0.282,2
-0.7251,-0.5158,12,R,991,K,-0.7491,2
0,0,,R,991,R,0,
-4.716,-4.64,1,R,991,T,,
0,0,,I,992,I,0,
-6.225,-4.939,3,I,992,N,-5,1
-4.97,-4.723,1,I,992,T,-5,1
-2.245,-2.391,2,T,993,I,,
-4.791,-4.666,1,T,993,N,,
0,0,,T,993,T,0,
-0.9807,-0.7629,1,S,994,G,,
1.284,0.423,11,S,994,N,,
-0.5731,-0.3856,3,S,994,R,0.7245,1
0,0,,S,994,S,0,
-2.728,-3.046,11,R,995,I,-3.126,2
-0.5886,-0.3983,16,R,995,K,-0.6586,3
0,0,,R,995,R,0,
-1.245,-1.055,1,I,996,F,,
0,0,,I,996,I,0,
1.204,0.4085,1,I,996,N,,
-2.146,-2.252,4,I,996,T,,
1.38,0.4392,3,M,997,I,0.8324,1
0,0,,M,997,M,0,
0,0,,F,998,F,0,
-1.304,-1.125,2,F,998,L,-1.253,1
-2.513,-2.761,1,F,998,V,,
-5.73,-4.882,8,E,999,*,-5,1
-0.2283,-0.1347,3,E,999,D,,
0,0,,E,999,E,0,
3.999,0.5922,21,E,999,K,0.4254,1
-1.956,-1.984,7,P,1000,H,,
-3.602,-3.988,1,P,1000,L,,
0,0,,P,1000,P,0,
0.04959,0.02625,2,P,1000,S,,
1.813,0.4962,1,P,1000,T,,
-4.024,-4.301,3,R,1001,G,,
-2.664,-2.963,6,R,1001,I,-5,1
-1.124,-0.917,37,R,1001,K,-0.502,3
0,0,,R,1001,R,0,
0.1302,0.06674,1,R,1001,T,,
-5.21,-4.786,18,P,1003,H,-5,2
-1.789,-1.752,4,P,1003,L,-2.107,2
0,0,,P,1003,P,0,
-4.855,-4.688,9,P,1003,S,-4.341,2
-6.093,-4.927,4,P,1003,T,,
-1.868,-1.862,2,T,1004,A,,
0.4758,0.213,2,T,1004,I,,
-0.7837,-0.5694,2,T,1004,N,,
0,0,,T,1004,T,0,
-1.35,-1.18,4,M,1005,I,-2.089,2
0,0,,M,1005,M,0,
2.246,0.5338,1,M,1005,V,,
0,0,,A,1006,A,0,
1.375,0.4384,2,A,1006,D,3.642,1
-0.9649,-0.7466,4,A,1006,S,-0.5293,1
-0.9845,-0.7669,9,A,1006,T,-0.1268,1
3.128,0.5751,2,A,1006,V,0.06405,1
0,0,,D,1007,D,0,
-0.5844,-0.3949,1,D,1007,E,,
-4.887,-4.698,1,D,1007,G,-5,1
-3.427,-3.831,10,D,1007,N,-4.276,2
-3.749,-4.108,10,D,1007,Y,-4.165,2
-4.599,-4.595,1,F,1008,C,,
0,0,,F,1008,F,0,
-2.38,-2.579,2,F,1008,I,,
-1.241,-1.05,7,F,1008,L,0.5385,1
-4.726,-4.644,1,F,1008,S,,
-4.142,-4.373,1,F,1008,V,,
-3.362,-3.769,1,F,1008,Y,,
-0.5382,-0.3575,2,V,1009,A,,
-4.61,-4.6,2,V,1009,L,-5,1
3.03,0.5721,5,V,1009,M,1.849,1
0,0,,V,1009,V,0,
-2.846,-3.195,2,Q,1010,*,,
-0.446,-0.2861,1,Q,1010,H,,
-0.2102,-0.1232,2,Q,1010,K,,
0,0,,Q,1010,Q,0,
0.1773,0.08926,1,I,1011,-,,
0,0,,I,1011,I,0,
-6.468,-4.959,7,E,1012,*,-5,2
-0.3149,-0.1921,1,E,1012,-,,
0.3872,0.1794,10,E,1012,D,0.4344,2
0,0,,E,1012,E,0,
-0.3944,-0.2481,13,E,1012,K,-0.6249,3
-1.149,-0.9444,1,N,1013,-,,
0.4526,0.2045,2,N,1013,K,-0.5363,1
0,0,,N,1013,N,0,
-5.262,-4.798,4,C,1014,*,-5,3
-0.1638,-0.09426,1,C,1014,-,,
0,0,,C,1014,C,0,
-1.492,-1.358,2,C,1014,F,,
-4.456,-4.535,2,C,1014,G,,
-4.905,-4.704,1,C,1014,R,-5,1
-4.906,-4.704,1,C,1014,S,-5,1
-4.573,-4.585,1,C,1014,W,,
-5.371,-4.821,5,C,1014,Y,-5,1
-0.294,-0.1779,1,N,1015,-,,
-4.205,-4.408,1,N,1015,D,,
-1.19,-0.9912,1,N,1015,G,,
5.012,0.6001,1,N,1015,K,,
0,0,,N,1015,N,0,
-1.733,-1.676,2,V,1016,-,,
2.19,0.5298,1,V,1016,A,,
1.141,0.3962,3,V,1016,L,1.394,1
-1.008,-0.7919,1,V,1016,M,-0.899,1
0,0,,V,1016,V,0,
-0.1907,-0.1109,1,T,1017,-,,
-1.021,-0.8049,1,T,1017,A,,
0.2436,0.1195,1,T,1017,I,,
-1.138,-0.9329,2,T,1017,K,,
0,0,,T,1017,T,0,
-0.2686,-0.161,1,F,1018,-,,
0,0,,F,1018,F,0,
-2.582,-2.854,1,F,1018,I,,
3.971,0.5919,2,F,1018,L,,
-1.637,-1.547,1,F,1018,S,,
-0.66,-0.4585,1,F,1018,V,,
0.1864,0.0935,1,V,1019,-,,
-4.699,-4.634,5,V,1019,A,-5,1
-1.059,-0.8453,2,V,1019,D,,
-0.5673,-0.3809,4,V,1019,F,-0.5384,1
1.113,0.3906,2,V,1019,I,,
0,0,,V,1019,V,0,
-0.4141,-0.2625,1,N,1020,-,,
-1.57,-1.459,5,N,1020,D,,
0,0,,N,1020,N,0,
-3.227,-3.632,2,I,1021,-,,
0,0,,I,1021,I,0,
1.406,0.4433,1,I,1021,V,,
-3.332,-3.74,1,S,1022,-,,
-2.808,-3.147,3,S,1022,G,,
-0.951,-0.7324,2,S,1022,I,,
0.01792,0.009605,4,S,1022,N,-3.031,1
-1.832,-1.812,1,S,1022,R,,
0,0,,S,1022,S,0,
-0.9809,-0.7631,1,R,1023,G,,
-1.239,-1.048,3,R,1023,K,,
2.172,0.5285,4,R,1023,M,,
0,0,,R,1023,R,0,
1.54,0.4631,3,R,1023,S,,
-2.599,-2.877,1,R,1023,T,-2.955,1
-0.4537,-0.2919,1,R,1023,W,,
-0.9281,-0.7093,1,S,1024,F,,
1.126,0.3932,1,S,1024,P,,
0,0,,S,1024,S,0,
-0.08087,-0.04505,2,S,1024,Y,-0.1298,1
-4.954,-4.718,6,E,1025,*,-5,2
0.8006,0.316,4,E,1025,D,-0.761,2
0,0,,E,1025,E,0,
-0.7291,-0.5194,1,E,1025,G,,
-3.782,-4.133,4,E,1025,K,-5,1
0,0,,L,1026,L,0,
-6.001,-4.917,2,L,1026,P,,
-6.124,-4.93,2,Q,1027,*,,
0.1063,0.05504,8,Q,1027,H,-0.6627,1
0.08316,0.04344,1,Q,1027,K,,
0.1076,0.05568,1,Q,1027,L,,
0,0,,Q,1027,Q,0,
1.467,0.4526,1,Q,1027,R,,
-0.03331,-0.01821,2,T,1028,I,0.1814,1
-0.5213,-0.344,1,T,1028,N,,
0,0,,T,1028,T,0,
0,0,,I,1029,I,0,
-1.129,-0.9221,3,I,1029,T,,
3.77,0.589,2,I,1029,V,1.989,1
-0.2523,-0.1503,1,V,1030,E,,
0.4641,0.2087,3,V,1030,L,,
-0.5738,-0.3862,3,V,1030,M,-5,1
0,0,,V,1030,V,0,
-0.5529,-0.3692,8,P,1031,H,-0.1405,1
-0.6533,-0.4528,1,P,1031,L,,
0,0,,P,1031,P,0,
-0.6188,-0.4235,3,P,1031,S,0.3987,1
-0.213,-0.125,1,P,1031,T,-0.1454,1
-6.837,-4.981,9,E,1032,*,,
0.2485,0.1216,3,E,1032,D,,
0,0,,E,1032,E,0,
-1.608,-1.509,3,E,1032,G,,
-1.411,-1.256,8,E,1032,K,0.6879,1
-0.7605,-0.548,1,Y,1033,*,,
-2.644,-2.937,3,Y,1033,H,-3.01,1
1.475,0.4539,1,Y,1033,N,,
0,0,,Y,1033,Y,0,
0,0,,I,1034,I,0,
-1.763,-1.717,1,I,1034,N,,
2.005,0.5149,1,I,1034,T,,
0,0,,D,1035,D,0,
-0.7007,-0.4941,12,D,1035,N,,
-0.1917,-0.1115,5,D,1035,Y,,
4.415,0.5964,1,V,1036,A,,
-1.3,-1.12,1,V,1036,E,,
-0.7413,-0.5304,1,V,1036,L,,
-1.155,-0.9516,6,V,1036,M,-1.54,1
0,0,,V,1036,V,0,
-0.3992,-0.2516,2,N,1037,D,-0.1464,1
-1.457,-1.313,1,N,1037,I,-1.411,1
-3.096,-3.49,1,N,1037,K,,
0,0,,N,1037,N,0,
-0.676,-0.4724,4,K,1038,E,-0.6255,1
0,0,,K,1038,K,0,
-0.588,-0.3978,9,K,1038,N,-0.0098,2
-1.944,-1.968,4,K,1038,R,-2.187,1
1.977,0.5124,1,K,1038,T,,
-0.4659,-0.3011,4,T,1039,I,0.1792,1
0.6966,0.2862,4,T,1039,N,,
0,0,,T,1039,T,0,
0,0,,L,1040,L,0,
-0.1753,-0.1013,8,L,1040,M,0.7206,1
-2.779,-3.11,3,L,1040,P,-3.189,2
-1.811,-1.782,1,L,1040,R,-1.967,1
1.554,0.4649,3,L,1040,V,,
-4.856,-4.688,5,Q,1041,*,-5,1
2.933,0.5688,1,Q,1041,E,1.13,1
0,0,,Q,1041,Q,0,
0.6768,0.2802,3,Q,1041,R,,
-4.656,-4.618,6,E,1042,*,-5,1
-0.8453,-0.6276,3,E,1042,D,,
0,0,,E,1042,E,0,
-1.82,-1.795,5,E,1042,K,-1.915,1
0,0,,L,1043,L,0,
-1.541,-1.421,1,L,1043,M,,
0.7007,0.2874,4,L,1043,P,,
0.7631,0.3056,5,S,1044,I,0.02825,1
-0.07607,-0.0423,4,S,1044,N,,
3.787,0.5893,2,S,1044,R,,
0,0,,S,1044,S,0,
1.063,0.38,1,Y,1045,*,,
-2.568,-2.835,3,Y,1045,C,,
0,0,,Y,1045,Y,0,
0,0,,K,1046,K,0,
-1.045,-0.8307,1,K,1046,N,-1.006,1
2.258,0.5347,1,K,1046,R,0.7511,1
0,0,,L,1047,L,0,
2.443,0.5463,1,L,1047,P,0.807,1
-1.526,-1.401,2,L,1047,Q,,
0.1443,0.07357,1,L,1047,V,,
0.515,0.2271,6,P,1048,H,0.04079,1
-0.6354,-0.4375,1,P,1048,L,,
0,0,,P,1048,P,0,
0.1016,0.05271,2,P,1048,S,,
2.321,0.5389,2,P,1048,T,,
-0.8395,-0.622,1,N,1049,-,,
13.54,0.6046,1,N,1049,I,,
0,0,,N,1049,N,0,
1.036,0.374,1,N,1049,T,,
2.537,0.5515,1,N,1049,Y,,
1.301,0.426,1,Y,1050,*,,
0.1141,0.05889,1,Y,1050,-,,
-0.9608,-0.7424,2,Y,1050,C,,
2.761,0.5621,1,Y,1050,H,,
0,0,,Y,1050,Y,0,
-2.218,-2.352,3,T,1051,I,-5,1
-0.3241,-0.1985,1,T,1051,N,,
0,0,,T,1051,T,0,
-0.7278,-0.5183,1,V,1052,E,,
1.442,0.4488,6,V,1052,L,,
-0.1894,-0.1101,8,V,1052,M,0.06945,2
0,0,,V,1052,V,0,
-0.4203,-0.267,1,P,1053,A,-0.3869,1
-1.012,-0.7962,6,P,1053,H,,
-1.503,-1.373,2,P,1053,L,,
0,0,,P,1053,P,0,
-1.201,-1.003,6,P,1053,S,,
0.1319,0.06757,3,P,1053,T,,
0,0,,D,1054,D,0,
-0.7304,-0.5206,4,D,1054,E,-0.9516,1
-0.8414,-0.6239,1,D,1054,H,-0.7151,1
-0.2554,-0.1523,27,D,1054,N,-0.6585,5
-0.6387,-0.4403,8,D,1054,Y,-0.3857,1
0,0,,L,1055,L,0,
0.6246,0.2639,9,L,1055,M,,
0.1308,0.06704,1,L,1055,P,0.006744,1
1.917,0.5067,3,V,1056,A,0.3431,1
-0.53,-0.3509,1,V,1056,L,,
-1.054,-0.84,2,V,1056,M,,
0,0,,V,1056,V,0,
0.7527,0.3026,2,V,1057,A,,
0.3268,0.1551,3,V,1057,L,1.374,1
0.81,0.3186,2,V,1057,M,,
0,0,,V,1057,V,0,
-5.25,-4.795,7,E,1058,*,,
-0.773,-0.5595,1,E,1058,-,,
0.4228,0.1932,1,E,1058,D,,
0,0,,E,1058,E,0,
-1.883,-1.883,3,E,1058,G,,
1.265,0.4196,8,E,1058,K,0.3232,2
-4.172,-4.39,5,Q,1059,*,,
1.396,0.4417,6,Q,1059,H,0.5149,2
0.2825,0.1364,2,Q,1059,K,,
-0.8734,-0.6549,1,Q,1059,P,,
0,0,,Q,1059,Q,0,
-1.852,-1.839,1,Q,1059,R,,
-5.284,-4.803,2,Y,1060,*,-5,2
0,0,,Y,1060,Y,0,
-0.5898,-0.3993,1,N,1061,D,,
-0.6249,-0.4286,2,N,1061,K,,
0,0,,N,1061,N,0,
-1.92,-1.933,4,Q,1062,*,,
1.882,0.5033,11,Q,1062,H,-0.9587,3
0.8239,0.3224,6,Q,1062,K,0.1082,3
0,0,,Q,1062,Q,0,
-0.2069,-0.1211,2,T,1063,A,,
2.236,0.5331,3,T,1063,I,,
-0.8073,-0.5915,1,T,1063,K,,
0,0,,T,1063,T,0,
-2.053,-2.121,1,I,1064,F,-2.206,1
0,0,,I,1064,I,0,
0.9949,0.3648,1,I,1064,L,,
2.603,0.5549,1,L,1065,-,,
0,0,,L,1065,L,0,
0.2249,0.1111,4,L,1065,M,,
-0.4359,-0.2785,4,L,1065,P,,
-0.6118,-0.4176,1,L,1065,Q,,
-2.85,-3.2,1,L,1065,V,,
1.179,0.4038,1,N,1066,-,,
-0.08491,-0.04738,2,N,1066,D,,
1.284,0.4231,1,N,1066,K,,
0,0,,N,1066,N,0,
-1.926,-1.942,3,N,1066,S,-2.998,2
0,0,,L,1067,L,0,
-0.081,-0.04513,4,L,1067,M,-0.2766,1
-4.35,-4.484,1,L,1067,P,,
1.962,0.511,1,T,1068,A,0.6217,1
-0.3033,-0.1842,4,T,1068,I,,
2.171,0.5284,3,T,1068,K,,
0,0,,T,1068,T,0,
-2.292,-2.457,1,S,1069,I,,
0.3235,0.1537,8,S,1069,N,,
0,0,,S,1069,S,0,
-0.9274,-0.7085,1,S,1069,V,-0.8075,1
-5.456,-4.837,4,E,1070,*,-5,2
0.3887,0.1801,5,E,1070,D,,
0,0,,E,1070,E,0,
-0.1028,-0.05777,3,E,1070,G,0.4934,1
0.9995,0.3659,20,E,1070,K,,
-0.7805,-0.5664,1,I,1071,-,,
0,0,,I,1071,I,0,
-3.917,-4.23,5,I,1071,N,-4.359,3
-1.35,-1.181,1,I,1071,V,,
-0.2989,-0.1812,1,S,1072,-,,
-0.6611,-0.4595,1,S,1072,F,,
-4.951,-4.718,5,S,1072,P,-5,1
0,0,,S,1072,S,0,
-1.754,-1.705,7,S,1072,Y,-1.976,2
-1.006,-0.7895,1,T,1073,-,,
0.548,0.2385,2,T,1073,I,,
4.811,0.5991,3,T,1073,N,,
-0.8161,-0.5997,2,T,1073,S,,
0,0,,T,1073,T,0,
-1.563,-1.449,1,L,1074,-,,
0.2378,0.1169,1,L,1074,K,,
0,0,,L,1074,L,0,
-0.9867,-0.7692,9,L,1074,M,-0.7987,2
-5.51,-4.847,4,L,1074,P,,
-1.461,-1.318,1,L,1074,Q,,
-5.947,-4.911,6,E,1075,*,-5,2
-0.6825,-0.4781,1,E,1075,-,,
0,0,,E,1075,E,0,
-0.5204,-0.3433,38,E,1075,K,-3.558,4
1.255,0.418,2,N,1076,K,,
0,0,,N,1076,N,0,
0.8336,0.3249,4,N,1076,S,,
3.033,0.5722,1,N,1076,T,1.246,1
-1.621,-1.526,8,K,1077,E,-0.715,2
0,0,,K,1077,K,0,
-1.312,-1.134,2,K,1077,N,,
2.673,0.5582,3,K,1077,R,,
-2.66,-2.958,1,K,1077,T,,
3.113,0.5747,1,S,1078,A,,
-0.1433,-0.08182,4,S,1078,F,,
-5.387,-4.824,4,S,1078,P,-5,1
0,0,,S,1078,S,0,
-1.284,-1.1,1,S,1078,T,,
0.2131,0.1058,6,S,1078,Y,,
0,0,,A,1079,A,0,
-1.345,-1.174,2,A,1079,D,-1.2,1
-1.395,-1.236,5,A,1079,S,0.6961,1
7.817,0.6043,5,A,1079,T,-1.237,2
-1.037,-0.8218,1,A,1079,V,,
-5.275,-4.801,8,E,1080,*,-5,1
0,0,,E,1080,E,0,
0.1024,0.05311,29,E,1080,K,0.8072,3
0,0,,L,1081,L,0,
-0.8065,-0.5907,4,L,1081,M,,
-4.116,-4.357,4,L,1081,P,-4.515,1
-3.299,-3.707,2,L,1081,Q,,
-1.568,-1.456,1,L,1081,R,,
-1.474,-1.335,2,N,1082,D,-0.9213,1
3.178,0.5765,1,N,1082,K,2.03,1
0,0,,N,1082,N,0,
0.07989,0.04179,1,N,1082,S,,
-5.892,-4.904,5,Y,1083,*,-5,1
-1.049,-0.8345,2,Y,1083,C,,
0.01356,0.007282,2,Y,1083,H,,
1.586,0.4692,1,Y,1083,K,,
0,0,,Y,1083,Y,0,
-2.004,-2.051,3,T,1084,A,,
-1.163,-0.9601,6,T,1084,I,-1.607,1
3.431,0.5828,2,T,1084,N,,
0,0,,T,1084,T,0,
-1.908,-1.917,2,V,1085,A,-1.999,1
-3.524,-3.921,1,V,1085,E,-4.019,1
-0.6454,-0.446,3,V,1085,L,,
-0.09937,-0.05576,11,V,1085,M,-0.1922,2
0,0,,V,1085,V,0,
-5.549,-4.854,6,Q,1086,*,-5,3
-5.376,-4.822,4,Q,1086,H,,
-0.9496,-0.731,3,Q,1086,K,,
0,0,,Q,1086,Q,0,
-0.01876,-0.0102,1,Q,1086,R,,
0,0,,K,1087,K,0,
-0.6304,-0.4333,1,K,1087,N,,
0,0,,L,1088,L,0,
-1.63,-1.538,2,L,1088,Q,,
-5.741,-4.884,4,Q,1089,*,,
-0.142,-0.08103,5,Q,1089,H,-2.371,1
-3.256,-3.662,2,Q,1089,L,,
0,0,,Q,1089,Q,0,
0.4826,0.2155,3,T,1090,I,,
0,0,,T,1090,T,0,
0,0,,L,1091,L,0,
-1.259,-1.072,7,L,1091,M,-0.9819,1
-4.45,-4.532,4,L,1091,P,-4.505,1
0,0,,I,1092,I,0,
-1.801,-1.769,3,I,1092,V,,
0,0,,D,1093,D,0,
-1.409,-1.253,2,D,1093,G,,
-1.489,-1.354,8,D,1093,N,-1.925,3
1.359,0.4358,8,D,1093,Y,1.016,1
-0.8296,-0.6126,5,N,1094,D,0.0386,1
-0.06481,-0.03588,1,N,1094,I,,
-0.3171,-0.1937,2,N,1094,K,,
0,0,,N,1094,N,0,
-0.52,-0.343,1,N,1094,S,,
-4.854,-4.687,1,I,1095,-,-5,1
0,0,,I,1095,I,0,
1.209,0.4094,1,I,1095,M,,
-6.197,-4.937,2,N,1096,K,,
0,0,,N,1096,N,0,
-3.157,-3.557,1,S,1097,C,,
0.2354,0.1158,1,S,1097,G,,
-0.1897,-0.1102,2,S,1097,R,,
0,0,,S,1097,S,0,
-1.456,-1.312,3,T,1098,I,-1.429,1
1.193,0.4064,2,T,1098,N,-0.6919,1
0,0,,T,1098,T,0,
0,0,,L,1099,L,0,
-0.2349,-0.139,5,L,1099,M,-0.1479,1
-1.054,-0.84,4,L,1099,P,-0.658,1
-1.189,-0.9898,1,V,1100,A,,
-0.8199,-0.6034,1,V,1100,E,,
0.5347,0.2339,1,V,1100,I,,
0.1753,0.08833,5,V,1100,L,,
0.2548,0.1244,3,V,1100,M,-0.08292,1
0,0,,V,1100,V,0,
0,0,,D,1101,D,0,
1.143,0.3966,1,D,1101,E,0.3645,1
0.6303,0.2657,1,D,1101,G,,
-0.1895,-0.1101,91,D,1101,N,-0.0502,14
-2.311,-2.483,5,D,1101,Y,-2.136,2
-0.7393,-0.5287,1,L,1102,F,,
0.6284,0.2651,5,L,1102,I,,
0,0,,L,1102,L,0,
-0.3985,-0.251,1,L,1102,P,,
-0.8904,-0.6717,1,K,1103,-,,
6.256,0.6033,3,K,1103,E,,
0,0,,K,1103,K,0,
1.399,0.4423,2,K,1103,N,,
-1.869,-1.863,1,K,1103,Q,,
0.1827,0.09177,2,K,1103,R,,
-7.63,-5.008,87,W,1104,*,-5,13
-0.3192,-0.1951,1,W,1104,-,,
0.4101,0.1884,5,W,1104,L,-0.2052,1
-1.842,-1.826,1,W,1104,R,,
0,0,,W,1104,W,0,
-0.6241,-0.4279,1,L,1105,-,,
0,0,,L,1105,L,0,
-2.826,-3.17,2,L,1105,M,,
-2.857,-3.209,1,L,1105,P,-3.127,1
-2.007,-2.056,3,L,1105,Q,,
-1.213,-1.018,1,N,1106,-,,
0,0,,N,1106,N,0,
2.927,0.5686,1,N,1106,Y,,
-1.073,-0.8609,1,R,1107,G,,
0.6796,0.2811,8,R,1107,I,1.732,2
-0.4923,-0.3213,57,R,1107,K,-0.4413,7
0,0,,R,1107,R,0,
-0.5958,-0.4042,1,V,1108,A,,
0.03935,0.02091,1,V,1108,L,,
-1.272,-1.086,11,V,1108,M,-1.056,1
0,0,,V,1108,V,0,
-4.567,-4.582,2,E,1109,*,-5,1
-0.2084,-0.122,1,E,1109,D,,
0,0,,E,1109,E,0,
-1.574,-1.464,106,E,1109,K,-1.573,14
0.1846,0.09266,1,T,1110,A,,
-1.824,-1.801,3,T,1110,K,-1.898,1
2.715,0.5601,7,T,1110,M,-1.475,2
0,0,,T,1110,T,0,
-1.367,-1.201,4,Y,1111,*,-0.5604,1
-3.765,-4.12,3,Y,1111,C,,
-5.328,-4.812,1,Y,1111,H,,
0,0,,Y,1111,Y,0,
0,0,,I,1112,I,0,
0.406,0.1868,2,I,1112,M,,
-5.17,-4.776,2,I,1112,N,,
0.5175,0.2279,1,I,1112,V,,
-2.935,-3.303,3,K,1113,E,-3.392,1
0,0,,K,1113,K,0,
-0.6243,-0.4281,2,K,1113,T,,
-6.738,-4.976,25,W,1114,*,-5,5
-3.229,-3.634,2,W,1114,C,,
-2.962,-3.335,1,W,1114,L,,
-0.916,-0.6971,2,W,1114,Q,,
-5.681,-4.875,8,W,1114,R,-5,1
0,0,,W,1114,W,0,
-4.472,-4.541,6,P,1115,H,-4.684,1
-3.826,-4.165,1,P,1115,L,,
0,0,,P,1115,P,0,
-5.457,-4.838,19,W,1116,*,-5,5
-5.717,-4.881,4,W,1116,C,,
-7.851,-5.013,5,W,1116,L,,
-4.845,-4.684,3,W,1116,R,-4.435,1
0,0,,W,1116,W,0,
-5.684,-4.876,46,W,1117,*,-5,9
-3.001,-3.381,12,W,1117,C,-2.246,1
-3.182,-3.584,11,W,1117,L,-2.675,1
-4.026,-4.302,3,W,1117,R,-5,1
0,0,,W,1117,W,0,
3.554,0.5853,1,V,1118,A,,
-2.719,-3.034,1,V,1118,L,,
-1.969,-2.002,4,V,1118,M,,
0,0,,V,1118,V,0,
-9.415,-5.027,30,W,1119,*,-5,6
-4.57,-4.584,2,W,1119,C,-4.689,1
-3.636,-4.017,8,W,1119,L,-5,3
0,0,,W,1119,W,0,
0,0,,L,1120,L,0,
-0.5315,-0.3521,3,L,1120,M,-0.5757,1
-5.313,-4.809,3,L,1120,P,-5,1
-2.618,-2.902,3,L,1120,Q,,
-6.427,-4.956,1,L,1120,R,,
0,0,,C,1121,C,0,
-1.312,-1.134,1,C,1121,F,,
-0.8277,-0.6108,1,C,1121,G,,
-4.206,-4.409,2,C,1121,R,-4.522,2
-2.488,-2.727,12,C,1121,Y,,
0,0,,I,1122,I,0,
-1.18,-0.9793,1,I,1122,T,,
-1.297,-1.116,1,I,1122,V,,
-0.1315,-0.07474,2,S,1123,I,,
-3.178,-3.58,3,S,1123,N,-3.805,1
-7.151,-4.994,5,S,1123,R,,
0,0,,S,1123,S,0,
-0.2981,-0.1807,2,S,1123,T,,
1.738,0.4879,1,V,1124,A,,
1.078,0.3833,3,V,1124,L,1.507,2
-4.415,-4.515,3,V,1124,M,,
0,0,,V,1124,V,0,
-0.0622,-0.0344,1,V,1125,A,-0.0765,1
-4.835,-4.681,2,V,1125,E,-4.987,1
-0.5492,-0.3663,1,V,1125,L,,
-4.38,-4.499,4,V,1125,M,-5,1
0,0,,V,1125,V,0,
0,0,,L,1126,L,0,
-0.8343,-0.6171,4,L,1126,M,-0.692,2
0.4931,0.2193,1,L,1126,N,,
-2.413,-2.624,6,L,1126,P,,
0,0,,I,1127,I,0,
2.267,0.5353,1,I,1127,M,,
-3.717,-4.082,1,I,1127,T,,
0,0,,F,1128,F,0,
-0.3572,-0.2215,5,F,1128,L,0.3803,1
-1.446,-1.299,1,F,1128,N,,
-0.3805,-0.238,1,F,1128,S,,
1.357,0.4354,1,F,1128,Y,,
-3.55,-3.943,2,V,1129,A,,
-4.617,-4.602,2,V,1129,D,,
-0.3209,-0.1963,1,V,1129,F,,
-2.6,-2.879,1,V,1129,G,,
-1.476,-1.338,2,V,1129,I,,
0,0,,V,1129,V,0,
-2.995,-3.374,1,V,1130,A,,
0.2269,0.112,1,V,1130,E,,
3.131,0.5752,3,V,1130,L,-1.584,1
-0.3193,-0.1951,7,V,1130,M,0.4417,2
0,0,,V,1130,V,0,
-1.293,-1.111,1,S,1131,-,,
-0.3547,-0.2197,1,S,1131,C,,
0.26,0.1267,3,S,1131,F,0.08159,1
0,0,,S,1131,S,0,
-2.319,-2.495,11,S,1131,Y,-2.71,4
-2.412,-2.623,1,M,1132,-,,
0.9514,0.3546,14,M,1132,I,-0.07677,3
0,0,,M,1132,M,0,
-4.927,-4.71,1,M,1132,R,,
0.3782,0.1759,2,L,1133,F,0.1165,2
0,0,,L,1133,L,0,
0.06681,0.03512,3,L,1133,M,,
-1.024,-0.8083,1,L,1133,S,-0.9044,1
0,0,,L,1134,L,0,
-0.2078,-0.1217,5,L,1134,M,-0.3829,1
-0.04828,-0.02655,4,L,1135,F,,
-0.2069,-0.1211,5,L,1135,I,-0.4876,2
0,0,,L,1135,L,0,
-5.256,-4.796,2,C,1136,*,-5,1
0,0,,C,1136,C,0,
-0.6124,-0.4181,1,C,1136,F,,
-2.002,-2.049,2,C,1136,R,,
-1.354,-1.185,2,C,1136,S,,
-1.629,-1.536,5,C,1136,Y,-1.433,1
0,0,,C,1137,C,0,
0.6039,0.2572,1,C,1137,F,,
-1.962,-1.992,3,C,1137,S,-1.654,1
-1.985,-2.025,36,C,1137,Y,-2.543,5
0,0,,C,1138,C,0,
-1.532,-1.409,2,C,1138,R,-1.593,1
-1.608,-1.509,2,C,1138,S,,
-2.854,-3.204,9,C,1138,Y,,
-7.626,-5.008,3,S,1139,F,,
-4.896,-4.701,1,S,1139,P,,
0,0,,S,1139,S,0,
0.3528,0.1658,15,S,1139,Y,-5,3
-2.234,-2.375,5,T,1140,I,-3.101,2
0.2955,0.142,2,T,1140,N,,
0,0,,T,1140,T,0,
