latent_phenotype_effect,functional_effect,times_seen,wildtype,site,mutant
-6.824,-4.866,12,M,1,I
0,0,,M,1,M
-2.59,-2.776,1,M,1,T
-0.4586,-0.2838,17,L,10,I
0,0,,L,10,L
-2.023,-2.009,1,T,100,A
-0.4555,-0.2815,4,T,100,I
0.1217,0.06002,3,T,100,K
0,0,,T,100,T
-0.7553,-0.5219,2,P,1000,-
-0.6857,-0.462,3,P,1000,A
-1.236,-1.005,2,P,1000,C
-1.945,-1.902,1,P,1000,D
-4.512,-4.447,3,P,1000,E
-4.077,-4.224,2,P,1000,F
-6.318,-4.833,2,P,1000,G
-8.197,-4.903,14,P,1000,H
-1.924,-1.873,10,P,1000,I
-6.576,-4.852,5,P,1000,K
-1.129,-0.8878,5,P,1000,L
-2.47,-2.618,10,P,1000,M
-7.826,-4.898,5,P,1000,N
0,0,,P,1000,P
-5.209,-4.672,6,P,1000,Q
-7.934,-4.899,4,P,1000,R
-5.755,-4.772,9,P,1000,S
-3.683,-3.948,15,P,1000,T
-5.075,-4.639,1,P,1000,V
-1.435,-1.239,1,P,1000,W
-7.19,-4.881,3,P,1000,Y
-6.356,-4.836,4,T,1001,-
-0.455,-0.2811,5,T,1001,A
2.855,0.5415,3,T,1001,C
-0.3837,-0.2307,5,T,1001,D
2.13,0.5027,1,T,1001,E
-0.9081,-0.6626,3,T,1001,F
0.9792,0.3459,2,T,1001,G
2.57,0.5294,3,T,1001,H
1.323,0.4115,8,T,1001,I
-0.4739,-0.295,9,T,1001,K
1.378,0.4201,3,T,1001,L
0.3406,0.1541,2,T,1001,M
-0.7758,-0.5401,5,T,1001,N
-7.323,-4.885,2,T,1001,P
0.02397,0.01229,2,T,1001,Q
-1.547,-1.378,2,T,1001,R
-1.339,-1.124,2,T,1001,S
0,0,,T,1001,T
0.9466,0.3385,7,T,1001,V
-4.219,-4.306,9,T,1001,W
-0.9447,-0.698,7,T,1001,Y
-0.7344,-0.5037,2,M,1002,-
-0.126,-0.06852,1,M,1002,A
-1.185,-0.9488,2,M,1002,C
0.7193,0.2806,3,M,1002,D
-0.7169,-0.4885,2,M,1002,E
-0.6508,-0.4328,4,M,1002,F
-0.7547,-0.5214,6,M,1002,G
0.01315,0.00677,3,M,1002,H
-0.09644,-0.05185,16,M,1002,I
0.05927,0.02997,6,M,1002,K
-0.7161,-0.4878,2,M,1002,L
0,0,,M,1002,M
0.003855,0.001992,5,M,1002,N
0.7646,0.2931,8,M,1002,P
-0.4959,-0.3112,4,M,1002,Q
-0.6195,-0.4073,7,M,1002,R
-4.688,-4.518,2,M,1002,S
-1.152,-0.9125,1,M,1002,T
2.05,0.4965,4,M,1002,V
-1.225,-0.9926,2,M,1002,W
1.082,0.3677,2,M,1002,Y
0.651,0.2608,1,A,1003,-
0,0,,A,1003,A
1.046,0.3604,3,A,1003,C
0.1727,0.08349,5,A,1003,D
1.32,0.411,5,A,1003,E
0.08308,0.04161,7,A,1003,G
0.04553,0.02314,6,A,1003,H
0.4336,0.1891,3,A,1003,I
-0.3706,-0.2217,5,A,1003,K
0.3334,0.1512,4,A,1003,L
-0.7656,-0.531,5,A,1003,M
0.2366,0.1115,5,A,1003,N
-1.045,-0.7988,5,A,1003,P
0.52,0.2192,2,A,1003,Q
0.7085,0.2775,7,A,1003,R
-1.374,-1.166,11,A,1003,S
-0.16,-0.08821,15,A,1003,T
0.318,0.1451,5,A,1003,V
-1.569,-1.406,7,A,1003,W
0.6413,0.2578,5,A,1003,Y
-3.182,-3.484,2,D,1004,-
-4.086,-4.229,4,D,1004,A
-8.279,-4.904,7,D,1004,C
0,0,,D,1004,D
1.779,0.4714,2,D,1004,E
-7.541,-4.891,3,D,1004,F
-7.901,-4.899,9,D,1004,G
0.01995,0.01024,6,D,1004,H
-5.688,-4.762,8,D,1004,I
-3.245,-3.549,3,D,1004,K
-7.002,-4.874,2,D,1004,L
-2.912,-3.18,4,D,1004,M
-1.9,-1.84,10,D,1004,N
-1.931,-1.883,1,D,1004,P
-4.791,-4.554,4,D,1004,Q
-4.89,-4.586,10,D,1004,S
-4.718,-4.528,8,D,1004,T
-6.883,-4.869,1,D,1004,V
-6.802,-4.865,2,D,1004,W
-8.397,-4.906,23,D,1004,Y
-2.606,-2.798,2,F,1005,-
-6.36,-4.837,4,F,1005,A
-3.225,-3.528,1,F,1005,C
-3.375,-3.678,4,F,1005,D
-6.822,-4.866,3,F,1005,E
0,0,,F,1005,F
-7.134,-4.879,2,F,1005,G
-5.267,-4.685,4,F,1005,H
-2.358,-2.468,5,F,1005,I
-7.992,-4.9,5,F,1005,K
-0.4998,-0.3141,14,F,1005,L
-1.929,-1.881,4,F,1005,M
-6.01,-4.804,5,F,1005,P
-6.824,-4.866,3,F,1005,Q
-4.78,-4.55,7,F,1005,R
-5.104,-4.646,7,F,1005,S
-5.776,-4.775,8,F,1005,T
-3.503,-3.797,6,F,1005,V
-3.381,-3.684,2,F,1005,W
-6.029,-4.806,10,F,1005,Y
-2.288,-2.372,2,V,1006,-
-1.325,-1.108,4,V,1006,A
-1.888,-1.825,2,V,1006,C
1.049,0.361,7,V,1006,D
2.269,0.5124,5,V,1006,E
-0.5387,-0.3436,1,V,1006,F
-1.609,-1.456,4,V,1006,G
-0.02431,-0.0127,3,V,1006,H
0.6,0.2452,10,V,1006,I
-0.4058,-0.2461,6,V,1006,K
0.866,0.3193,4,V,1006,L
-0.5912,-0.3846,15,V,1006,M
-1.219,-0.9858,3,V,1006,N
-6.916,-4.87,2,V,1006,P
9.286,0.5784,4,V,1006,Q
1.423,0.4269,3,V,1006,R
-0.3633,-0.2168,4,V,1006,S
2.958,0.5451,4,V,1006,T
0,0,,V,1006,V
2.819,0.5401,3,V,1006,W
1.211,0.3924,6,V,1006,Y
-9.257,-4.912,2,Q,1007,*
0.1358,0.06663,1,Q,1007,-
7.167,0.5779,5,Q,1007,A
-1.244,-1.015,3,Q,1007,C
3.956,0.5661,5,Q,1007,D
-0.1865,-0.1038,2,Q,1007,E
0.1841,0.08857,10,Q,1007,G
0.248,0.1164,8,Q,1007,H
0.1305,0.06414,1,Q,1007,I
-0.702,-0.4758,7,Q,1007,K
0.4761,0.2042,6,Q,1007,L
0.5961,0.2439,5,Q,1007,M
-0.6549,-0.4362,3,Q,1007,N
2.239,0.5104,3,Q,1007,P
0,0,,Q,1007,Q
-1.334,-1.118,5,Q,1007,R
1.551,0.4447,2,Q,1007,S
-0.8234,-0.583,4,Q,1007,T
2.795,0.5392,7,Q,1007,V
-0.5247,-0.3329,5,Q,1007,W
-0.3667,-0.219,3,Q,1007,Y
0.2468,0.1158,1,I,1008,-
0.7228,0.2816,6,I,1008,A
0.2578,0.1205,3,I,1008,C
-1.189,-0.9527,1,I,1008,D
0.02516,0.01289,2,I,1008,E
3.468,0.5583,8,I,1008,F
-0.423,-0.2582,5,I,1008,G
-0.8138,-0.5743,2,I,1008,H
0,0,,I,1008,I
2.466,0.5241,8,I,1008,K
-0.7807,-0.5444,4,I,1008,L
4.008,0.5667,3,I,1008,M
-0.04203,-0.02212,4,I,1008,N
-2.844,-3.098,5,I,1008,P
-1.41,-1.208,1,I,1008,Q
0.04051,0.02063,5,I,1008,R
4.395,0.5705,1,I,1008,S
0.768,0.294,6,I,1008,T
0.7092,0.2777,2,I,1008,V
-2.36,-2.47,3,I,1008,W
-0.6116,-0.4009,5,I,1008,Y
-7.519,-4.891,11,E,1009,*
0.2692,0.1252,1,E,1009,-
0.7301,0.2836,5,E,1009,A
-0.3855,-0.232,4,E,1009,C
-0.5792,-0.375,11,E,1009,D
0,0,,E,1009,E
-0.3783,-0.227,2,E,1009,F
1.896,0.483,5,E,1009,G
0.08718,0.04359,9,E,1009,H
1.943,0.4874,3,E,1009,I
-0.4658,-0.289,23,E,1009,K
-0.6611,-0.4413,4,E,1009,L
4.752,0.5729,1,E,1009,M
-1.144,-0.9039,5,E,1009,N
-1.06,-0.8148,2,E,1009,P
-1.673,-1.538,4,E,1009,Q
-1.249,-1.02,1,E,1009,R
-0.2861,-0.1656,2,E,1009,S
1.568,0.4469,10,E,1009,T
-5.195,-4.669,1,E,1009,V
-0.5111,-0.3226,8,E,1009,W
0.4026,0.1777,8,E,1009,Y
-2.16,-2.196,4,G,101,C
-2.127,-2.15,5,G,101,D
0,0,,G,101,G
-0.6659,-0.4453,3,G,101,S
-3.056,-3.346,1,G,101,V
-0.9713,-0.7243,3,N,1010,C
-0.5696,-0.3675,6,N,1010,D
3.214,0.5526,4,N,1010,E
0.5648,0.234,8,N,1010,F
4.11,0.5678,2,N,1010,G
2.963,0.5452,1,N,1010,H
-0.08396,-0.04491,5,N,1010,I
0.4794,0.2053,4,N,1010,K
0.1183,0.05843,5,N,1010,L
0.9078,0.3295,1,N,1010,M
0,0,,N,1010,N
0.622,0.252,6,N,1010,P
1.385,0.4212,5,N,1010,Q
0.7777,0.2966,5,N,1010,R
3.795,0.5639,2,N,1010,S
4.212,0.5689,2,N,1010,T
-0.3671,-0.2193,7,N,1010,V
1.06,0.3631,6,N,1010,W
0.4261,0.1864,6,N,1010,Y
-2.939,-3.212,5,C,1011,*
-7.375,-4.887,5,C,1011,A
0,0,,C,1011,C
-7.217,-4.882,9,C,1011,D
-6.795,-4.864,4,C,1011,E
-6.068,-4.81,6,C,1011,F
-4.391,-4.393,7,C,1011,G
-8.077,-4.902,6,C,1011,H
-4.916,-4.594,7,C,1011,I
-4.868,-4.579,6,C,1011,K
-6.067,-4.81,4,C,1011,L
-2.123,-2.146,1,C,1011,M
-7.4,-4.888,4,C,1011,N
-7.38,-4.887,3,C,1011,P
-7.952,-4.9,10,C,1011,Q
-6.387,-4.839,8,C,1011,R
-6.158,-4.819,5,C,1011,S
-5.378,-4.709,4,C,1011,T
-7.756,-4.896,7,C,1011,W
-6.807,-4.865,14,C,1011,Y
3.349,0.5558,4,N,1012,A
3.831,0.5644,4,N,1012,C
-0.4809,-0.3001,5,N,1012,D
2.216,0.5088,3,N,1012,E
-1.763,-1.657,6,N,1012,F
0.3562,0.1601,3,N,1012,G
3.071,0.5486,1,N,1012,H
1.038,0.3587,7,N,1012,I
-0.2666,-0.1532,10,N,1012,K
0.3298,0.1498,6,N,1012,L
-1.175,-0.9371,4,N,1012,M
0,0,,N,1012,N
-0.4436,-0.2729,3,N,1012,P
-0.5963,-0.3887,2,N,1012,Q
4.328,0.5699,2,N,1012,S
-0.5893,-0.3831,8,N,1012,T
-1.058,-0.812,3,N,1012,V
-1.889,-1.825,1,N,1012,W
1.188,0.3882,4,N,1012,Y
0.1613,0.0783,1,V,1013,-
2.767,0.5381,2,V,1013,A
3.217,0.5526,4,V,1013,C
-1.206,-0.9713,6,V,1013,D
1.126,0.3764,3,V,1013,E
0.2911,0.1343,6,V,1013,F
1.495,0.4372,5,V,1013,G
-1.414,-1.213,1,V,1013,H
7.938,0.5782,5,V,1013,I
4.466,0.571,2,V,1013,K
1.464,0.4329,10,V,1013,L
-0.8147,-0.5751,3,V,1013,M
-1.784,-1.685,2,V,1013,P
1.917,0.485,5,V,1013,Q
1.112,0.3738,2,V,1013,R
-1.606,-1.453,3,V,1013,S
-1.628,-1.481,2,V,1013,T
0,0,,V,1013,V
0.7123,0.2786,3,V,1013,W
0.4345,0.1894,4,V,1013,Y
-0.4307,-0.2637,2,T,1014,-
0.1734,0.0838,12,T,1014,A
0.3537,0.1592,5,T,1014,C
1.201,0.3905,1,T,1014,E
1.383,0.4209,5,T,1014,F
-1.212,-0.9779,4,T,1014,G
3.551,0.5599,3,T,1014,H
-3.005,-3.289,10,T,1014,I
-3.374,-3.678,7,T,1014,K
-0.819,-0.579,6,T,1014,L
-0.8779,-0.6338,6,T,1014,M
-0.947,-0.7004,3,T,1014,N
1.712,0.4642,3,T,1014,P
2.001,0.4924,6,T,1014,Q
1.963,0.4891,3,T,1014,R
-1.242,-1.012,3,T,1014,S
0,0,,T,1014,T
-0.7344,-0.5037,5,T,1014,V
-1.48,-1.294,7,T,1014,W
1.824,0.476,4,T,1014,Y
-0.7671,-0.5323,1,F,1015,-
-1.684,-1.553,3,F,1015,A
-1.566,-1.402,5,F,1015,C
-7.289,-4.884,3,F,1015,D
-6.928,-4.871,4,F,1015,E
0,0,,F,1015,F
-4.31,-4.353,3,F,1015,G
-3.547,-3.836,1,F,1015,H
-6.895,-4.869,2,F,1015,I
-7.343,-4.886,3,F,1015,K
-1.229,-0.998,6,F,1015,L
1.436,0.4289,2,F,1015,M
-6.296,-4.831,3,F,1015,N
-7.403,-4.888,2,F,1015,P
1.468,0.4334,2,F,1015,Q
-7.101,-4.878,1,F,1015,R
-2.422,-2.554,4,F,1015,S
-3.034,-3.321,4,F,1015,T
-4.078,-4.224,5,F,1015,V
0.1957,0.09374,5,F,1015,W
2.213,0.5086,2,F,1015,Y
-1.639,-1.494,1,V,1016,-
3.384,0.5566,9,V,1016,A
1.072,0.3657,5,V,1016,C
-2.223,-2.283,7,V,1016,D
-2.747,-2.978,2,V,1016,E
2.745,0.5372,4,V,1016,F
-1.369,-1.16,3,V,1016,G
5.998,0.5768,4,V,1016,H
3.547,0.5599,8,V,1016,I
-0.0242,-0.01264,5,V,1016,K
0.8283,0.3099,5,V,1016,L
0.4389,0.191,5,V,1016,M
-0.7335,-0.5029,2,V,1016,N
0.1283,0.06312,3,V,1016,P
-0.1803,-0.1002,1,V,1016,Q
1.857,0.4794,4,V,1016,R
-1.654,-1.514,5,V,1016,S
4.195,0.5687,3,V,1016,T
0,0,,V,1016,V
-0.2752,-0.1587,6,V,1016,W
0.8734,0.3211,6,V,1016,Y
-0.6974,-0.4718,1,N,1017,-
-0.1455,-0.07975,2,N,1017,A
-2.302,-2.391,3,N,1017,C
-0.9453,-0.6986,7,N,1017,D
-2.068,-2.07,2,N,1017,E
-1.246,-1.016,2,N,1017,F
-5.725,-4.768,2,N,1017,G
2.901,0.5431,3,N,1017,H
-1.791,-1.694,3,N,1017,I
-0.1177,-0.06382,7,N,1017,K
-0.6644,-0.4441,4,N,1017,L
-0.7096,-0.4822,3,N,1017,M
0,0,,N,1017,N
-5.233,-4.678,5,N,1017,P
-0.8148,-0.5752,9,N,1017,Q
-0.2546,-0.1456,5,N,1017,R
-0.8949,-0.65,6,N,1017,S
-0.2936,-0.1705,3,N,1017,T
-0.3917,-0.2362,2,N,1017,V
-1.127,-0.885,3,N,1017,W
-1.646,-1.504,4,N,1017,Y
-1.09,-0.8456,4,I,1018,A
0.03882,0.01978,1,I,1018,C
-4.661,-4.507,5,I,1018,D
-7.627,-4.893,4,I,1018,E
-3.911,-4.117,4,I,1018,F
-4.096,-4.236,1,I,1018,G
0,0,,I,1018,I
-7.342,-4.886,7,I,1018,K
3.241,0.5532,7,I,1018,L
-0.7996,-0.5614,8,I,1018,M
-7.276,-4.884,5,I,1018,N
-5.329,-4.699,5,I,1018,P
-7.349,-4.886,4,I,1018,Q
-9.793,-4.914,3,I,1018,R
-2.079,-2.085,1,I,1018,S
-1.963,-1.926,4,I,1018,T
3.089,0.5492,4,I,1018,V
-7.546,-4.892,4,I,1018,W
-4.221,-4.307,3,I,1018,Y
-0.7251,-0.4956,1,S,1019,A
2.743,0.5371,6,S,1019,C
-0.838,-0.5965,2,S,1019,D
-0.9153,-0.6694,6,S,1019,E
-1.703,-1.578,5,S,1019,F
-1.163,-0.9243,5,S,1019,G
4.244,0.5692,5,S,1019,H
-0.3,-0.1746,6,S,1019,I
0.08673,0.04337,4,S,1019,K
-1.652,-1.512,4,S,1019,L
-0.08627,-0.04619,4,S,1019,M
-0.7865,-0.5497,10,S,1019,N
-0.995,-0.748,5,S,1019,P
-1.372,-1.162,5,S,1019,Q
-0.1648,-0.091,6,S,1019,R
0,0,,S,1019,S
-0.2884,-0.1671,4,S,1019,T
-0.2564,-0.1467,6,S,1019,V
-2.606,-2.798,7,S,1019,W
-1.444,-1.25,9,S,1019,Y
2.433,0.5222,4,R,102,L
-3.901,-4.11,6,R,102,Q
0,0,,R,102,R
1.167,0.3842,4,R,102,W
2.261,0.5119,1,R,1020,A
0.336,0.1523,7,R,1020,C
0.6125,0.249,3,R,1020,D
-0.03204,-0.01679,4,R,1020,E
3.287,0.5544,2,R,1020,F
-0.3586,-0.2135,9,R,1020,G
0.1481,0.07227,9,R,1020,H
-1.202,-0.9668,4,R,1020,I
0.7672,0.2938,7,R,1020,K
-0.3296,-0.1941,1,R,1020,L
-0.3315,-0.1953,10,R,1020,M
-0.2563,-0.1467,6,R,1020,N
-2.487,-2.641,3,R,1020,P
2.012,0.4934,5,R,1020,Q
0,0,,R,1020,R
-1.774,-1.672,9,R,1020,S
-0.611,-0.4004,3,R,1020,T
4.408,0.5706,3,R,1020,V
3.217,0.5526,5,R,1020,W
-1.71,-1.587,3,R,1020,Y
0.1558,0.07581,7,S,1021,A
-0.5442,-0.3478,3,S,1021,C
0.5132,0.2169,5,S,1021,D
2.277,0.5129,3,S,1021,E
-0.7814,-0.545,3,S,1021,F
-0.001244,-0.000644,3,S,1021,G
3.005,0.5466,3,S,1021,H
0.06597,0.03326,7,S,1021,I
-1.653,-1.512,3,S,1021,K
0.7838,0.2982,6,S,1021,L
-1.205,-0.9701,2,S,1021,M
-7.991,-4.9,4,S,1021,N
-0.4849,-0.303,2,S,1021,P
5.818,0.5765,1,S,1021,Q
-0.8887,-0.644,6,S,1021,R
0,0,,S,1021,S
3.368,0.5563,3,S,1021,T
-1.51,-1.331,6,S,1021,V
6.762,0.5777,8,S,1021,W
1.015,0.3538,10,S,1021,Y
-9.557,-4.913,12,E,1022,*
-0.2095,-0.1177,3,E,1022,A
-1.009,-0.762,3,E,1022,C
-0.5811,-0.3766,7,E,1022,D
0,0,,E,1022,E
-0.9332,-0.6869,3,E,1022,F
6.841,0.5777,5,E,1022,G
-0.2659,-0.1528,3,E,1022,H
0.7356,0.2852,3,E,1022,I
1.546,0.4441,9,E,1022,K
-1.263,-1.036,6,E,1022,L
-0.6593,-0.4399,5,E,1022,M
-0.2005,-0.1123,7,E,1022,N
-8.228,-4.904,2,E,1022,P
-0.1096,-0.05922,8,E,1022,Q
0.02938,0.01503,5,E,1022,R
-1.581,-1.421,4,E,1022,S
-4.948,-4.604,2,E,1022,T
-0.7257,-0.4961,5,E,1022,V
-3.763,-4.01,3,E,1022,W
-0.6979,-0.4723,7,E,1022,Y
-4.672,-4.512,1,L,1023,-
-1.32,-1.101,2,L,1023,A
-4.224,-4.308,5,L,1023,C
-1.439,-1.243,2,L,1023,D
-5.404,-4.714,6,L,1023,E
1.707,0.4637,2,L,1023,F
-6.912,-4.87,1,L,1023,G
-3.028,-3.315,2,L,1023,H
0.7744,0.2957,4,L,1023,I
0,0,,L,1023,L
-0.1472,-0.08075,4,L,1023,M
-5.923,-4.794,3,L,1023,N
-8.517,-4.907,3,L,1023,P
-4.336,-4.366,6,L,1023,Q
-6.958,-4.872,4,L,1023,R
-0.6546,-0.436,1,L,1023,S
-4.406,-4.4,5,L,1023,T
-3.001,-3.284,4,L,1023,V
-0.6906,-0.4661,3,L,1023,W
-2.209,-2.264,6,L,1023,Y
-5.124,-4.651,4,Q,1024,*
1.484,0.4357,9,Q,1024,A
-0.8619,-0.6187,2,Q,1024,C
-2.494,-2.651,3,Q,1024,D
0.168,0.08137,2,Q,1024,E
-0.08399,-0.04493,6,Q,1024,F
-0.3288,-0.1935,4,Q,1024,G
0.2126,0.1012,18,Q,1024,H
1.863,0.4799,6,Q,1024,I
0.8628,0.3185,5,Q,1024,K
0.014,0.007204,5,Q,1024,L
1.025,0.3559,3,Q,1024,M
0.1537,0.07487,4,Q,1024,N
-2.008,-1.988,3,Q,1024,P
0,0,,Q,1024,Q
0.1364,0.06688,6,Q,1024,R
-1.389,-1.183,3,Q,1024,S
-1.183,-0.9462,3,Q,1024,T
0.769,0.2943,4,Q,1024,V
1.081,0.3676,2,Q,1024,W
-1.495,-1.313,1,Q,1024,Y
-7.88,-4.899,1,T,1025,*
0.899,0.3274,5,T,1025,A
-0.5857,-0.3802,5,T,1025,C
0.5364,0.2247,10,T,1025,D
-4.324,-4.36,1,T,1025,E
-3.419,-3.72,2,T,1025,F
-1.042,-0.7956,1,T,1025,G
-0.3087,-0.1803,4,T,1025,H
-0.2794,-0.1614,5,T,1025,I
1.907,0.4841,3,T,1025,K
2.403,0.5206,7,T,1025,L
-0.04477,-0.02358,8,T,1025,M
-0.5199,-0.3292,5,T,1025,N
-0.9025,-0.6571,5,T,1025,Q
1.831,0.4767,3,T,1025,S
0,0,,T,1025,T
-0.8229,-0.5827,6,T,1025,V
0.1984,0.09492,4,T,1025,W
-3.43,-3.73,1,T,1025,Y
0.6259,0.2532,4,I,1026,A
-0.7134,-0.4855,4,I,1026,C
-5.191,-4.668,6,I,1026,D
-6.519,-4.848,2,I,1026,E
-0.6357,-0.4204,3,I,1026,F
-2.673,-2.884,5,I,1026,G
-3.671,-3.939,3,I,1026,H
0,0,,I,1026,I
-1.36,-1.148,2,I,1026,K
6.732,0.5777,6,I,1026,L
-0.2785,-0.1608,2,I,1026,M
-2.339,-2.441,5,I,1026,N
-3.624,-3.901,3,I,1026,P
-1.718,-1.598,5,I,1026,Q
-2.986,-3.266,2,I,1026,R
-3.035,-3.323,2,I,1026,S
-1.779,-1.678,5,I,1026,T
2.128,0.5025,4,I,1026,V
-1.921,-1.87,5,I,1026,W
-0.7913,-0.554,4,I,1026,Y
-0.003576,-0.001853,9,V,1027,A
-0.1023,-0.05513,3,V,1027,C
-0.5437,-0.3474,1,V,1027,D
-0.9554,-0.7086,4,V,1027,E
0.5098,0.2158,3,V,1027,F
-0.08593,-0.046,5,V,1027,G
-3.235,-3.539,1,V,1027,H
4.972,0.574,3,V,1027,I
-3.563,-3.849,3,V,1027,K
0.05838,0.02952,11,V,1027,L
1.346,0.4152,10,V,1027,M
-2.318,-2.412,1,V,1027,N
-2.25,-2.32,6,V,1027,P
-1.895,-1.834,2,V,1027,Q
-1.912,-1.857,2,V,1027,R
-1.297,-1.075,9,V,1027,S
-0.1105,-0.05972,2,V,1027,T
0,0,,V,1027,V
-2.009,-1.99,2,V,1027,W
-1.411,-1.21,6,V,1027,Y
1.914,0.4847,4,P,1028,A
-1.863,-1.791,2,P,1028,C
-1.836,-1.754,2,P,1028,D
1.095,0.3704,1,P,1028,E
1.826,0.4762,1,P,1028,F
-0.8375,-0.596,3,P,1028,G
-1.085,-0.8403,14,P,1028,H
-0.8479,-0.6057,4,P,1028,I
-3.94,-4.137,5,P,1028,K
-1.051,-0.8051,3,P,1028,L
-0.07853,-0.04192,3,P,1028,M
-1.065,-0.8199,6,P,1028,N
0,0,,P,1028,P
-1.724,-1.606,3,P,1028,Q
-1.412,-1.211,3,P,1028,R
-1.041,-0.7949,10,P,1028,S
0.009653,0.004977,4,P,1028,T
-0.3062,-0.1787,4,P,1028,V
-0.722,-0.4929,4,P,1028,W
-1.826,-1.741,4,P,1028,Y
-8.78,-4.909,13,E,1029,*
-1.065,-0.8195,2,E,1029,-
-1.868,-1.797,3,E,1029,A
-2.304,-2.394,5,E,1029,C
0.69,0.2722,7,E,1029,D
0,0,,E,1029,E
-1.042,-0.7959,4,E,1029,F
4.638,0.5722,5,E,1029,G
2.284,0.5134,1,E,1029,H
-1.363,-1.152,4,E,1029,I
-0.964,-0.717,18,E,1029,K
-0.4365,-0.2678,8,E,1029,L
-0.9353,-0.6889,4,E,1029,M
-0.4792,-0.2989,6,E,1029,N
-0.491,-0.3075,4,E,1029,P
0.04907,0.02491,6,E,1029,Q
-0.04867,-0.02568,6,E,1029,R
-0.9711,-0.7241,3,E,1029,S
2.823,0.5403,2,E,1029,T
-0.8398,-0.5982,4,E,1029,V
-1.19,-0.9534,3,E,1029,W
3.523,0.5594,4,E,1029,Y
-2.454,-2.597,1,G,103,C
-2.04,-2.032,4,G,103,D
0,0,,G,103,G
-0.1149,-0.06224,1,G,103,S
-3.394,-3.697,2,G,103,V
-6.082,-4.812,2,Y,1030,*
-1.851,-1.775,1,Y,1030,-
0.4464,0.1937,8,Y,1030,A
-2.546,-2.719,5,Y,1030,C
-0.8537,-0.6111,7,Y,1030,D
-0.3148,-0.1843,4,Y,1030,E
-0.4152,-0.2526,7,Y,1030,F
-0.51,-0.3218,4,Y,1030,G
-0.3219,-0.189,6,Y,1030,H
5.937,0.5767,6,Y,1030,I
-1.5,-1.318,4,Y,1030,K
-0.2239,-0.1266,6,Y,1030,L
4.254,0.5693,3,Y,1030,M
1.127,0.3766,6,Y,1030,N
-0.9305,-0.6842,2,Y,1030,P
-1.82,-1.733,2,Y,1030,Q
-0.5697,-0.3676,6,Y,1030,R
1.663,0.4586,6,Y,1030,S
0.3642,0.1632,4,Y,1030,V
9.329,0.5784,4,Y,1030,W
0,0,,Y,1030,Y
-0.3848,-0.2314,1,I,1031,-
-1.05,-0.8037,4,I,1031,A
-3.091,-3.385,2,I,1031,C
-0.04843,-0.02555,5,I,1031,D
-1.003,-0.756,1,I,1031,E
-1.726,-1.608,4,I,1031,F
-0.9739,-0.7269,5,I,1031,G
-1.883,-1.817,3,I,1031,H
0,0,,I,1031,I
-0.8905,-0.6458,1,I,1031,K
-0.441,-0.271,4,I,1031,L
-0.01449,-0.007543,8,I,1031,M
1.547,0.4442,7,I,1031,N
2.605,0.5311,2,I,1031,P
0.8071,0.3044,1,I,1031,Q
-1.194,-0.9582,1,I,1031,R
0.7186,0.2804,3,I,1031,S
-3.069,-3.361,5,I,1031,T
-0.3027,-0.1764,7,I,1031,V
1.075,0.3663,4,I,1031,W
-0.4713,-0.293,5,I,1031,Y
-1.635,-1.49,7,D,1032,A
-3.685,-3.951,4,D,1032,C
0,0,,D,1032,D
-1.106,-0.8624,4,D,1032,E
-2.534,-2.703,2,D,1032,F
-1.627,-1.479,5,D,1032,G
-2.106,-2.122,5,D,1032,H
-1.656,-1.516,3,D,1032,I
-2.234,-2.298,3,D,1032,K
-1.192,-0.9556,1,D,1032,L
-1.978,-1.947,8,D,1032,M
-0.6095,-0.3992,29,D,1032,N
-1.743,-1.63,3,D,1032,P
-1.08,-0.8356,4,D,1032,Q
-2.799,-3.042,3,D,1032,R
-1.339,-1.124,3,D,1032,S
-3.192,-3.494,6,D,1032,T
-2.271,-2.349,7,D,1032,V
-3.333,-3.638,6,D,1032,W
-0.8005,-0.5622,11,D,1032,Y
-4.078,-4.225,3,V,1033,C
1.355,0.4166,5,V,1033,D
-0.8914,-0.6465,4,V,1033,E
2.125,0.5023,1,V,1033,G
-2.199,-2.25,4,V,1033,H
0.407,0.1793,3,V,1033,I
-2.294,-2.38,2,V,1033,K
-0.2802,-0.1618,5,V,1033,L
-0.9003,-0.6551,13,V,1033,M
-0.9652,-0.7182,2,V,1033,N
-1.037,-0.7908,4,V,1033,P
-1.225,-0.9931,3,V,1033,Q
-1.708,-1.584,5,V,1033,R
-0.5884,-0.3824,5,V,1033,S
-2.719,-2.942,3,V,1033,T
0,0,,V,1033,V
0.4572,0.1975,2,V,1033,W
-1.596,-1.44,3,V,1033,Y
-4.054,-4.21,1,N,1034,-
-1.466,-1.276,6,N,1034,A
-2.077,-2.082,7,N,1034,C
-1.214,-0.9809,9,N,1034,D
-1.215,-0.9816,5,N,1034,E
-6.778,-4.863,4,N,1034,F
-1.273,-1.047,8,N,1034,G
-3.163,-3.463,3,N,1034,H
-0.967,-0.7201,9,N,1034,I
-1.458,-1.267,3,N,1034,K
-1.241,-1.011,6,N,1034,L
-0.7558,-0.5224,5,N,1034,M
0,0,,N,1034,N
-0.4981,-0.3129,3,N,1034,Q
-2.019,-2.003,6,N,1034,R
-0.5833,-0.3783,7,N,1034,S
0.9381,0.3365,6,N,1034,T
-1.541,-1.37,3,N,1034,V
0.4791,0.2052,7,N,1034,W
-1.43,-1.232,7,N,1034,Y
-7.029,-4.875,1,K,1035,*
2.479,0.5247,4,K,1035,A
-0.9819,-0.7349,3,K,1035,C
-0.3134,-0.1834,3,K,1035,D
-0.4047,-0.2453,5,K,1035,E
1.152,0.3815,3,K,1035,F
0.4127,0.1814,5,K,1035,G
4.276,0.5695,1,K,1035,H
4.203,0.5688,2,K,1035,I
0,0,,K,1035,K
-0.6836,-0.4602,4,K,1035,L
-0.1763,-0.09782,3,K,1035,M
0.6826,0.2701,14,K,1035,N
-1.339,-1.124,4,K,1035,P
-0.07905,-0.0422,7,K,1035,Q
-0.3458,-0.2049,6,K,1035,R
-0.3081,-0.1799,3,K,1035,S
-1.191,-0.9552,3,K,1035,T
0.02641,0.01352,5,K,1035,V
-3.433,-3.732,1,K,1035,W
0.9565,0.3408,3,K,1035,Y
-0.2512,-0.1435,9,T,1036,A
-2.341,-2.444,8,T,1036,C
-1.02,-0.7737,9,T,1036,D
-0.7693,-0.5343,5,T,1036,E
0.06546,0.03301,10,T,1036,F
-0.9322,-0.6859,2,T,1036,G
-1.074,-0.8293,3,T,1036,H
-0.7218,-0.4927,5,T,1036,I
-2.382,-2.5,1,T,1036,K
-0.539,-0.3438,6,T,1036,L
-0.7055,-0.4787,7,T,1036,M
-0.5266,-0.3344,7,T,1036,N
-2.408,-2.535,1,T,1036,P
2.047,0.4962,1,T,1036,Q
-1.819,-1.732,4,T,1036,R
2.301,0.5144,6,T,1036,S
0,0,,T,1036,T
2.164,0.5051,6,T,1036,V
0.4784,0.205,3,T,1036,W
-1.904,-1.846,1,T,1036,Y
-0.859,-0.616,3,L,1037,A
-1.966,-1.931,3,L,1037,C
-1.533,-1.36,4,L,1037,D
-1.116,-0.8736,5,L,1037,E
-0.2057,-0.1154,2,L,1037,F
-1.371,-1.162,1,L,1037,G
-2.122,-2.144,1,L,1037,H
1.702,0.463,3,L,1037,I
-1.997,-1.972,5,L,1037,K
0,0,,L,1037,L
-1.074,-0.8289,16,L,1037,M
-1.714,-1.592,9,L,1037,N
-1.416,-1.215,3,L,1037,P
-0.4873,-0.3048,5,L,1037,Q
-0.6025,-0.3936,7,L,1037,R
0.5288,0.2221,2,L,1037,S
-1.314,-1.094,4,L,1037,T
3.687,0.5623,2,L,1037,V
-0.1803,-0.1002,3,L,1037,W
0.8429,0.3136,2,L,1037,Y
-5.427,-4.718,4,Q,1038,*
4.189,0.5686,3,Q,1038,A
-0.1668,-0.0922,9,Q,1038,C
3.573,0.5603,3,Q,1038,D
0.1867,0.08973,6,Q,1038,E
-0.104,-0.0561,3,Q,1038,F
0.5288,0.2222,3,Q,1038,G
-0.9604,-0.7135,13,Q,1038,H
-1.678,-1.545,4,Q,1038,I
0.8418,0.3133,3,Q,1038,K
-1.573,-1.41,3,Q,1038,L
1.171,0.385,3,Q,1038,N
-0.308,-0.1798,3,Q,1038,P
0,0,,Q,1038,Q
0.319,0.1455,2,Q,1038,R
-0.8599,-0.6169,1,Q,1038,S
0.7685,0.2941,4,Q,1038,T
-0.0186,-0.009699,3,Q,1038,V
3.48,0.5586,2,Q,1038,W
-0.04129,-0.02172,2,Q,1038,Y
-7.019,-4.875,7,E,1039,*
0.2921,0.1347,4,E,1039,A
-0.4633,-0.2872,12,E,1039,D
0,0,,E,1039,E
-0.2263,-0.128,3,E,1039,F
1.717,0.4647,5,E,1039,G
0.1441,0.07047,1,E,1039,H
6.417,0.5774,3,E,1039,I
-0.03351,-0.01757,10,E,1039,K
-0.9728,-0.7258,6,E,1039,L
1.58,0.4485,1,E,1039,M
1.578,0.4482,4,E,1039,N
2.488,0.5253,3,E,1039,P
-1.054,-0.8084,4,E,1039,Q
0.9133,0.3307,3,E,1039,R
-2.138,-2.166,5,E,1039,S
1.032,0.3573,3,E,1039,T
-0.9357,-0.6892,8,E,1039,V
1.034,0.3579,5,E,1039,W
-1.388,-1.182,4,E,1039,Y
0,0,,D,104,D
0.6015,0.2456,3,D,104,E
1.389,0.4218,2,D,104,G
-3.372,-3.675,5,D,104,N
-3.75,-4.001,12,D,104,Y
-2.401,-2.526,1,L,1040,-
-0.6536,-0.4352,1,L,1040,A
0.544,0.2272,1,L,1040,C
0.6839,0.2705,2,L,1040,D
-0.2331,-0.1322,2,L,1040,E
0.2959,0.1362,11,L,1040,F
-1.831,-1.748,3,L,1040,G
3.698,0.5625,4,L,1040,H
1.024,0.3558,6,L,1040,I
-0.8171,-0.5773,8,L,1040,K
0,0,,L,1040,L
-0.5294,-0.3365,6,L,1040,M
0.5374,0.225,3,L,1040,N
0.2267,0.1073,4,L,1040,P
-0.1854,-0.1032,5,L,1040,Q
-0.1944,-0.1086,4,L,1040,R
-0.652,-0.4338,3,L,1040,S
-1.972,-1.938,4,L,1040,T
-0.1816,-0.101,6,L,1040,V
0.9756,0.3451,2,L,1040,W
-0.487,-0.3046,4,L,1040,Y
2.48,0.5248,4,S,1041,A
-0.9567,-0.7099,8,S,1041,C
2.058,0.4971,6,S,1041,D
1.316,0.4104,3,S,1041,E
-1.036,-0.7895,3,S,1041,F
-0.1225,-0.06655,5,S,1041,G
-6.877,-4.868,1,S,1041,H
-1.773,-1.67,8,S,1041,I
-1.056,-0.8106,7,S,1041,K
0.7086,0.2776,7,S,1041,L
0.01346,0.00693,7,S,1041,M
1.306,0.4086,15,S,1041,N
-0.4668,-0.2897,4,S,1041,P
0.2549,0.1193,6,S,1041,Q
0.5793,0.2386,12,S,1041,R
0,0,,S,1041,S
0.3318,0.1506,2,S,1041,T
0.921,0.3326,4,S,1041,V
-0.9132,-0.6675,7,S,1041,W
3.855,0.5648,4,S,1041,Y
-3.917,-4.121,1,Y,1042,*
-2.081,-2.088,1,Y,1042,A
-0.665,-0.4446,7,Y,1042,C
-0.2832,-0.1638,5,Y,1042,D
0.03332,0.01702,3,Y,1042,E
-0.1081,-0.05838,3,Y,1042,F
0.7626,0.2926,8,Y,1042,G
-0.1931,-0.1078,7,Y,1042,H
0.008359,0.004312,5,Y,1042,K
-0.1949,-0.1089,7,Y,1042,L
4.398,0.5705,2,Y,1042,M
-1.444,-1.25,1,Y,1042,N
-0.5035,-0.3169,4,Y,1042,P
3.215,0.5526,3,Y,1042,Q
-1.695,-1.567,4,Y,1042,R
-0.3168,-0.1856,3,Y,1042,S
0.07611,0.03822,4,Y,1042,T
1.595,0.4503,2,Y,1042,V
4.083,0.5676,5,Y,1042,W
0,0,,Y,1042,Y
0.2915,0.1344,5,K,1043,A
0.5547,0.2307,1,K,1043,C
-1.121,-0.8794,3,K,1043,D
-3.387,-3.69,3,K,1043,E
-0.6308,-0.4164,6,K,1043,F
-0.4822,-0.3011,5,K,1043,G
3.545,0.5598,1,K,1043,H
3.694,0.5624,5,K,1043,I
0,0,,K,1043,K
4.934,0.5738,6,K,1043,L
0.907,0.3292,8,K,1043,M
1.552,0.4448,11,K,1043,N
-1.113,-0.8703,4,K,1043,P
-1.156,-0.9172,4,K,1043,Q
3.455,0.5581,5,K,1043,R
-3.501,-3.795,2,K,1043,S
-3.271,-3.576,3,K,1043,T
-0.5783,-0.3744,1,K,1043,V
-0.4984,-0.3131,8,K,1043,W
0.2555,0.1195,5,K,1043,Y
0.6374,0.2567,3,L,1044,A
-0.4138,-0.2517,6,L,1044,C
-0.4859,-0.3038,3,L,1044,D
1.401,0.4237,3,L,1044,E
2.413,0.5212,2,L,1044,F
0.5603,0.2325,2,L,1044,G
0.6362,0.2563,7,L,1044,H
-0.9934,-0.7464,3,L,1044,I
-3.389,-3.691,1,L,1044,K
0,0,,L,1044,L
-0.1464,-0.08025,11,L,1044,M
4.769,0.5729,1,L,1044,N
-0.347,-0.2057,4,L,1044,P
1.519,0.4405,4,L,1044,Q
-2.307,-2.398,3,L,1044,R
-0.2517,-0.1438,3,L,1044,S
-0.03119,-0.01634,4,L,1044,T
0.5576,0.2316,4,L,1044,V
-0.1275,-0.06937,4,L,1044,W
1.035,0.3581,1,L,1044,Y
-0.07167,-0.03815,4,P,1045,A
-2.368,-2.481,3,P,1045,C
-0.6233,-0.4103,3,P,1045,D
0.2964,0.1364,8,P,1045,E
-1.793,-1.696,4,P,1045,F
-0.1211,-0.06572,4,P,1045,G
-3.956,-4.147,5,P,1045,H
-0.1678,-0.09275,3,P,1045,I
0.3964,0.1754,2,P,1045,K
0.5509,0.2295,6,P,1045,L
-1.471,-1.283,8,P,1045,M
-0.8219,-0.5817,5,P,1045,N
0,0,,P,1045,P
2.824,0.5403,3,P,1045,Q
0.3794,0.169,6,P,1045,R
1.906,0.484,5,P,1045,S
11.53,0.5784,5,P,1045,T
0.709,0.2777,2,P,1045,V
0.3673,0.1644,7,P,1045,W
3.12,0.55,7,N,1046,A
-0.8182,-0.5783,2,N,1046,C
-0.6261,-0.4126,11,N,1046,D
0.8413,0.3132,6,N,1046,E
-1.505,-1.324,7,N,1046,F
2.741,0.537,2,N,1046,G
-0.648,-0.4305,1,N,1046,H
3.485,0.5587,4,N,1046,I
0.4993,0.2122,5,N,1046,K
0.769,0.2943,6,N,1046,L
0.1602,0.0778,6,N,1046,M
0,0,,N,1046,N
1.814,0.475,5,N,1046,P
0.4832,0.2067,7,N,1046,Q
-0.05244,-0.02771,8,N,1046,R
1.691,0.4617,1,N,1046,S
0.5396,0.2257,3,N,1046,T
0.4019,0.1775,6,N,1046,V
0.4193,0.1839,3,N,1046,W
1.414,0.4256,8,N,1046,Y
-4.65,-4.503,1,Y,1047,*
-0.9047,-0.6593,3,Y,1047,A
0.04401,0.02238,3,Y,1047,C
-0.09628,-0.05176,3,Y,1047,D
1.582,0.4486,3,Y,1047,E
-1.167,-0.9283,4,Y,1047,F
-0.1474,-0.08082,4,Y,1047,G
-0.1551,-0.0853,5,Y,1047,H
4.867,0.5735,2,Y,1047,I
0.4917,0.2096,6,Y,1047,K
1.446,0.4303,5,Y,1047,L
1.215,0.3931,2,Y,1047,M
-0.8524,-0.6098,5,Y,1047,N
-0.1373,-0.07499,5,Y,1047,P
2.599,0.5308,6,Y,1047,Q
0.06638,0.03346,7,Y,1047,R
0.3514,0.1583,2,Y,1047,S
0.6393,0.2572,3,Y,1047,T
-0.2877,-0.1667,2,Y,1047,V
-0.7008,-0.4748,3,Y,1047,W
0,0,,Y,1047,Y
2.764,0.538,2,T,1048,A
-0.8869,-0.6423,2,T,1048,C
1.812,0.4749,2,T,1048,D
3.292,0.5545,3,T,1048,E
0.541,0.2262,6,T,1048,F
1.308,0.409,3,T,1048,G
0.5254,0.221,6,T,1048,H
-2.868,-3.127,4,T,1048,I
-0.7622,-0.528,1,T,1048,K
0.3133,0.1433,5,T,1048,L
3.397,0.5569,8,T,1048,M
1.723,0.4654,7,T,1048,N
-0.5517,-0.3536,5,T,1048,P
2.697,0.5352,2,T,1048,Q
0.3342,0.1515,5,T,1048,R
3.748,0.5632,1,T,1048,S
0,0,,T,1048,T
-0.7034,-0.4769,2,T,1048,V
-1.431,-1.233,4,T,1048,W
1.453,0.4313,3,T,1048,Y
0.4541,0.1965,2,V,1049,A
-1.254,-1.026,6,V,1049,C
-0.9309,-0.6846,3,V,1049,D
-0.2195,-0.1238,3,V,1049,E
-0.7008,-0.4748,3,V,1049,F
0.6571,0.2626,6,V,1049,G
-0.409,-0.2483,2,V,1049,H
-0.3003,-0.1748,7,V,1049,I
-0.2839,-0.1642,5,V,1049,K
1.933,0.4864,6,V,1049,L
-0.7014,-0.4752,18,V,1049,M
9.022,0.5784,2,V,1049,N
2.508,0.5263,5,V,1049,P
1.313,0.4099,7,V,1049,Q
-2.702,-2.921,3,V,1049,R
-0.2073,-0.1164,2,V,1049,S
2.258,0.5117,3,V,1049,T
0,0,,V,1049,V
-0.1116,-0.06033,5,V,1049,W
-0.1466,-0.0804,3,V,1049,Y
0.6091,0.248,1,C,105,*
0,0,,C,105,C
-4.611,-4.488,1,C,105,F
-5.414,-4.716,1,C,105,R
-5.886,-4.789,1,C,105,Y
2.323,0.5158,3,P,1050,A
-1.476,-1.289,2,P,1050,C
-2.465,-2.611,1,P,1050,D
-1.226,-0.9938,6,P,1050,E
0.07217,0.0363,3,P,1050,F
3.311,0.5549,2,P,1050,G
1.492,0.4368,10,P,1050,H
-0.9263,-0.6801,1,P,1050,I
0.3719,0.1662,2,P,1050,K
1.443,0.4298,6,P,1050,L
0.5653,0.2341,4,P,1050,M
-0.2315,-0.1312,4,P,1050,N
0,0,,P,1050,P
1.171,0.385,3,P,1050,Q
-1.484,-1.299,8,P,1050,R
2.092,0.4998,11,P,1050,S
-0.1218,-0.06611,7,P,1050,T
-1.4,-1.196,2,P,1050,V
0.05582,0.02826,3,P,1050,W
-0.1236,-0.06713,7,P,1050,Y
-0.8023,-0.5638,5,D,1051,A
1.278,0.4041,1,D,1051,C
0,0,,D,1051,D
2.088,0.4995,7,D,1051,E
-0.3926,-0.2368,4,D,1051,F
-0.612,-0.4012,6,D,1051,G
-0.3619,-0.2158,3,D,1051,H
0.1711,0.08274,2,D,1051,K
4.813,0.5732,2,D,1051,L
-0.6175,-0.4057,3,D,1051,M
-0.5074,-0.3198,21,D,1051,N
-1.421,-1.221,2,D,1051,P
0.9543,0.3403,4,D,1051,Q
0.3667,0.1642,6,D,1051,R
-0.2021,-0.1132,3,D,1051,S
0.6673,0.2656,5,D,1051,T
-0.8168,-0.5771,3,D,1051,V
-5.124,-4.651,1,D,1051,W
0.6159,0.2501,20,D,1051,Y
-0.6386,-0.4228,5,L,1052,A
-0.8161,-0.5764,1,L,1052,C
-1.796,-1.702,4,L,1052,D
-4.943,-4.602,3,L,1052,E
0.8876,0.3246,5,L,1052,F
2.62,0.5317,2,L,1052,G
-2.858,-3.115,4,L,1052,H
1.013,0.3533,1,L,1052,I
-1.846,-1.768,5,L,1052,K
0,0,,L,1052,L
1.33,0.4126,9,L,1052,M
-1.055,-0.8093,4,L,1052,N
-1.107,-0.8643,11,L,1052,P
0.9049,0.3288,3,L,1052,Q
-2.481,-2.633,5,L,1052,R
-1.082,-0.8378,6,L,1052,S
3.115,0.5499,4,L,1052,W
-0.6648,-0.4444,4,L,1052,Y
-0.1098,-0.05935,3,V,1053,A
1.756,0.469,3,V,1053,C
0.1805,0.08696,6,V,1053,D
6.466,0.5774,5,V,1053,E
6.189,0.5771,4,V,1053,F
-0.7365,-0.5055,4,V,1053,G
0.03395,0.01733,8,V,1053,H
0.2105,0.1002,2,V,1053,I
1.063,0.3637,4,V,1053,K
0.7652,0.2933,9,V,1053,L
-0.1537,-0.08448,9,V,1053,M
0.35,0.1577,10,V,1053,N
0.3436,0.1552,5,V,1053,P
3.684,0.5622,2,V,1053,Q
2.552,0.5285,2,V,1053,S
0.5533,0.2302,2,V,1053,T
0,0,,V,1053,V
2.928,0.5441,1,V,1053,W
1.572,0.4474,3,V,1053,Y
0.9492,0.3391,6,V,1054,A
-1.538,-1.366,4,V,1054,C
-1.012,-0.7654,9,V,1054,D
-0.8595,-0.6165,4,V,1054,E
3.438,0.5577,6,V,1054,F
0.9214,0.3327,3,V,1054,G
-1.734,-1.619,4,V,1054,H
0.9856,0.3473,3,V,1054,I
-1.384,-1.177,2,V,1054,K
-0.3448,-0.2042,5,V,1054,L
0.359,0.1612,4,V,1054,M
-2.548,-2.721,2,V,1054,N
1.119,0.375,2,V,1054,Q
-2.074,-2.078,3,V,1054,R
0.4982,0.2118,2,V,1054,S
1.015,0.3538,1,V,1054,T
0,0,,V,1054,V
4.274,0.5694,5,V,1054,W
-0.3706,-0.2217,4,V,1054,Y
-8.809,-4.909,15,E,1055,*
-4.752,-4.541,1,E,1055,-
1.866,0.4802,3,E,1055,A
0.07102,0.03574,7,E,1055,C
0.5382,0.2253,13,E,1055,D
0,0,,E,1055,E
-0.8927,-0.6479,4,E,1055,F
5.126,0.5746,2,E,1055,G
-3.608,-3.887,1,E,1055,H
1.585,0.449,6,E,1055,I
-1.068,-0.8231,5,E,1055,K
-0.7897,-0.5525,4,E,1055,L
2.834,0.5407,4,E,1055,M
-0.8787,-0.6346,3,E,1055,N
0.188,0.09031,5,E,1055,Q
-0.3163,-0.1853,5,E,1055,R
-2.366,-2.479,1,E,1055,S
2.161,0.5049,7,E,1055,T
-0.7628,-0.5286,2,E,1055,V
-1.506,-1.326,1,E,1055,W
0.1966,0.09413,8,E,1055,Y
-5.079,-4.64,2,Q,1056,*
0.9513,0.3396,4,Q,1056,A
-0.5289,-0.3361,2,Q,1056,C
-1.853,-1.777,3,Q,1056,D
0.1979,0.09472,2,Q,1056,E
4.117,0.5679,6,Q,1056,F
1.208,0.3918,2,Q,1056,G
1.369,0.4187,11,Q,1056,H
-0.1052,-0.05674,5,Q,1056,I
4.471,0.571,4,Q,1056,K
0.7438,0.2874,7,Q,1056,L
2.286,0.5135,2,Q,1056,M
-0.7236,-0.4943,6,Q,1056,N
-0.6343,-0.4193,6,Q,1056,P
0,0,,Q,1056,Q
0.2362,0.1113,5,Q,1056,R
-0.05905,-0.03128,1,Q,1056,T
0.2636,0.1229,3,Q,1056,V
3.876,0.5651,7,Q,1056,W
0.0244,0.01251,2,Q,1056,Y
-4.612,-4.489,1,Y,1057,*
-0.1913,-0.1068,4,Y,1057,A
-2.47,-2.618,5,Y,1057,C
-0.7734,-0.5379,4,Y,1057,D
-1.271,-1.045,2,Y,1057,E
0.9422,0.3375,4,Y,1057,F
-1.006,-0.759,7,Y,1057,G
-0.07486,-0.03991,4,Y,1057,H
0.2896,0.1337,7,Y,1057,I
-0.5845,-0.3793,1,Y,1057,K
0.2896,0.1337,7,Y,1057,L
2.204,0.508,4,Y,1057,M
1.653,0.4573,9,Y,1057,N
0.6078,0.2476,4,Y,1057,P
0.5768,0.2378,5,Y,1057,Q
-1.166,-0.9272,6,Y,1057,R
-1.097,-0.8535,4,Y,1057,S
0.7221,0.2814,3,Y,1057,T
-1.113,-0.8702,1,Y,1057,V
0.3238,0.1475,4,Y,1057,W
0,0,,Y,1057,Y
2.32,0.5156,4,N,1058,A
-0.04309,-0.02268,3,N,1058,C
-0.3164,-0.1854,8,N,1058,D
-3.714,-3.973,2,N,1058,F
-0.2973,-0.1729,5,N,1058,G
0.9862,0.3474,5,N,1058,H
-0.1984,-0.111,5,N,1058,I
0.896,0.3266,7,N,1058,K
-0.02123,-0.01108,6,N,1058,L
0.5999,0.2451,10,N,1058,M
0,0,,N,1058,N
-0.3956,-0.2389,5,N,1058,P
0.9372,0.3363,1,N,1058,Q
4.319,0.5698,4,N,1058,R
1.578,0.4482,8,N,1058,S
-1.838,-1.757,2,N,1058,T
0.1255,0.06183,6,N,1058,V
4.174,0.5685,3,N,1058,W
3.339,0.5556,4,N,1058,Y
-6.958,-4.872,4,Q,1059,*
2.818,0.5401,3,Q,1059,A
-1.313,-1.094,8,Q,1059,C
3.209,0.5524,8,Q,1059,D
0.4251,0.186,2,Q,1059,E
0.2869,0.1325,6,Q,1059,F
-1.717,-1.597,6,Q,1059,G
-0.658,-0.4388,16,Q,1059,H
0.005896,0.003044,2,Q,1059,I
0.2183,0.1036,4,Q,1059,K
-0.3666,-0.219,4,Q,1059,L
0.6684,0.2659,9,Q,1059,M
1.657,0.4579,5,Q,1059,N
-0.1368,-0.07474,4,Q,1059,P
0,0,,Q,1059,Q
3.025,0.5472,6,Q,1059,R
-0.03001,-0.01572,2,Q,1059,S
-0.4947,-0.3103,4,Q,1059,V
10.42,0.5784,3,Q,1059,W
-0.7241,-0.4947,1,Q,1059,Y
0,0,,K,106,K
-0.5693,-0.3673,16,K,106,N
-0.3899,-0.235,1,K,106,R
0.1514,0.07382,18,T,1060,A
3.634,0.5614,2,T,1060,C
0.0517,0.02622,9,T,1060,D
0.9283,0.3343,5,T,1060,E
-0.3728,-0.2232,4,T,1060,F
0.6907,0.2724,3,T,1060,G
3.595,0.5607,3,T,1060,H
3.619,0.5612,7,T,1060,I
5.788,0.5764,6,T,1060,K
5.191,0.5748,2,T,1060,L
0.1356,0.0665,4,T,1060,M
0.4588,0.1981,2,T,1060,N
-1.257,-1.029,1,T,1060,P
1.682,0.4607,8,T,1060,Q
-1.092,-0.8478,3,T,1060,R
-2.594,-2.782,2,T,1060,S
0,0,,T,1060,T
1.686,0.4612,7,T,1060,V
0.3829,0.1703,1,T,1060,W
4.114,0.5679,3,T,1060,Y
-1.66,-1.522,3,I,1061,A
-2.03,-2.018,3,I,1061,C
-1.426,-1.228,1,I,1061,D
-4.024,-4.191,5,I,1061,E
-1.342,-1.127,7,I,1061,F
-0.923,-0.677,2,I,1061,G
-1.677,-1.543,2,I,1061,H
0,0,,I,1061,I
-0.5137,-0.3245,2,I,1061,K
-1.039,-0.7931,3,I,1061,L
-0.6444,-0.4276,2,I,1061,M
-1.606,-1.452,7,I,1061,N
-1.138,-0.8972,5,I,1061,P
0.358,0.1608,5,I,1061,Q
-1.658,-1.519,7,I,1061,R
-2.694,-2.911,7,I,1061,S
-1.939,-1.893,6,I,1061,T
3.233,0.5531,6,I,1061,V
-2.315,-2.409,5,I,1061,W
-1.656,-1.516,7,I,1061,Y
-1.69,-1.561,6,L,1062,C
-1.147,-0.9074,2,L,1062,D
-1.181,-0.9435,4,L,1062,E
8.819,0.5783,2,L,1062,F
0.007172,0.003701,2,L,1062,G
-0.2174,-0.1226,3,L,1062,H
-0.8013,-0.5629,7,L,1062,I
-2.915,-3.184,7,L,1062,K
0,0,,L,1062,L
-1.763,-1.658,6,L,1062,M
0.1404,0.06876,4,L,1062,N
-2.66,-2.867,9,L,1062,P
0.4377,0.1906,8,L,1062,Q
-2.304,-2.394,4,L,1062,R
-0.8151,-0.5755,7,L,1062,S
-6.962,-4.872,2,L,1062,T
-0.262,-0.1503,3,L,1062,V
0.414,0.1819,2,L,1062,W
-1.05,-0.8041,4,L,1062,Y
3.606,0.5609,3,N,1063,A
2.889,0.5427,6,N,1063,D
4.079,0.5675,8,N,1063,E
0.1787,0.08618,3,N,1063,F
1.139,0.379,10,N,1063,G
2.017,0.4937,3,N,1063,H
1.221,0.3942,5,N,1063,I
1.557,0.4455,5,N,1063,K
3.186,0.5518,3,N,1063,L
0.6394,0.2573,1,N,1063,M
0,0,,N,1063,N
-2.321,-2.416,5,N,1063,P
3.549,0.5599,4,N,1063,Q
3.593,0.5607,8,N,1063,R
2.377,0.5191,3,N,1063,S
6.104,0.577,1,N,1063,T
3.794,0.5639,2,N,1063,V
-0.3044,-0.1775,4,N,1063,W
4.683,0.5725,1,N,1063,Y
-2.981,-3.26,2,L,1064,A
-1.9,-1.84,2,L,1064,C
-3.904,-4.112,7,L,1064,D
-1.562,-1.396,2,L,1064,E
3.636,0.5614,4,L,1064,F
-3.488,-3.783,4,L,1064,G
-3.477,-3.773,2,L,1064,H
-0.942,-0.6954,5,L,1064,I
-2.886,-3.149,4,L,1064,K
0,0,,L,1064,L
-0.5593,-0.3595,8,L,1064,M
-2.229,-2.291,6,L,1064,N
-3.963,-4.152,1,L,1064,P
-2.17,-2.21,4,L,1064,Q
-2.811,-3.058,5,L,1064,R
-2.556,-2.732,4,L,1064,S
-3.783,-4.025,5,L,1064,T
-0.6516,-0.4335,2,L,1064,V
-0.5236,-0.332,3,L,1064,W
-1.398,-1.194,4,L,1064,Y
2.505,0.5261,5,T,1065,A
-0.1749,-0.09699,4,T,1065,C
1.116,0.3745,7,T,1065,D
1.089,0.3691,3,T,1065,E
-0.7228,-0.4936,2,T,1065,F
0.6602,0.2635,3,T,1065,G
0.2145,0.102,4,T,1065,H
0.9272,0.334,9,T,1065,I
3.833,0.5645,5,T,1065,K
1.296,0.4071,3,T,1065,L
4.408,0.5706,1,T,1065,M
2.37,0.5187,4,T,1065,N
-1.64,-1.496,4,T,1065,P
-0.7544,-0.5211,5,T,1065,Q
0.1373,0.06731,7,T,1065,R
2.315,0.5153,5,T,1065,S
0,0,,T,1065,T
0.9567,0.3408,3,T,1065,V
0.3448,0.1557,4,T,1065,W
-0.1198,-0.065,4,T,1065,Y
-1.307,-1.087,1,S,1066,-
1.681,0.4606,4,S,1066,A
-0.1803,-0.1002,5,S,1066,C
-1.411,-1.21,1,S,1066,D
5.116,0.5746,7,S,1066,E
-7.281,-4.884,2,S,1066,F
3.753,0.5633,3,S,1066,G
-0.7585,-0.5247,4,S,1066,H
0.701,0.2754,11,S,1066,I
-3.661,-3.931,3,S,1066,K
0.1333,0.06543,6,S,1066,L
0.3346,0.1517,4,S,1066,M
0.8127,0.3058,5,S,1066,N
-2.242,-2.308,4,S,1066,P
0.7624,0.2925,6,S,1066,Q
2.819,0.5401,1,S,1066,R
0,0,,S,1066,S
4.74,0.5728,5,S,1066,T
2.83,0.5405,2,S,1066,V
4.817,0.5732,2,S,1066,W
0.5842,0.2402,3,S,1066,Y
-9.921,-4.914,18,E,1067,*
-1.401,-1.198,1,E,1067,-
1.616,0.4529,5,E,1067,A
-0.8591,-0.6161,3,E,1067,C
-0.1842,-0.1025,8,E,1067,D
0,0,,E,1067,E
-0.97,-0.7231,8,E,1067,F
0.3124,0.1429,3,E,1067,G
-0.3548,-0.2109,5,E,1067,H
-2.083,-2.09,6,E,1067,I
1.121,0.3755,30,E,1067,K
-2.347,-2.452,1,E,1067,L
-1.169,-0.9305,2,E,1067,M
-0.5153,-0.3258,5,E,1067,N
-2.746,-2.977,3,E,1067,P
-1.114,-0.8719,1,E,1067,Q
0.9244,0.3334,3,E,1067,R
-0.812,-0.5727,4,E,1067,S
0.5393,0.2256,4,E,1067,T
-2.66,-2.867,5,E,1067,V
-0.2189,-0.1234,3,E,1067,W
-1.37,-1.161,4,E,1067,Y
-1.159,-0.9199,1,I,1068,-
-4.568,-4.471,1,I,1068,A
-1.409,-1.207,2,I,1068,C
-2.636,-2.836,3,I,1068,D
-10.34,-4.915,2,I,1068,E
2.782,0.5387,4,I,1068,F
-2.621,-2.817,4,I,1068,G
-2.032,-2.021,5,I,1068,H
0,0,,I,1068,I
-2.037,-2.028,2,I,1068,K
-0.3449,-0.2043,3,I,1068,L
-1.261,-1.034,8,I,1068,M
-2.26,-2.333,3,I,1068,N
-2.91,-3.177,5,I,1068,P
-2.646,-2.85,2,I,1068,Q
-3.183,-3.484,4,I,1068,R
-3.242,-3.546,5,I,1068,S
-2.6,-2.79,3,I,1068,T
-0.6992,-0.4734,8,I,1068,V
-1.126,-0.8844,6,I,1068,W
-0.783,-0.5465,2,I,1068,Y
-2.945,-3.219,1,S,1069,-
-0.4832,-0.3018,6,S,1069,A
0.0933,0.04654,8,S,1069,C
-0.2842,-0.1644,3,S,1069,D
2.069,0.498,4,S,1069,E
1.985,0.4911,6,S,1069,F
-1.545,-1.375,1,S,1069,G
1.963,0.4891,2,S,1069,H
0.4563,0.1972,6,S,1069,I
0.125,0.06159,8,S,1069,K
-0.5608,-0.3607,4,S,1069,L
4.902,0.5736,4,S,1069,M
0.05883,0.02975,2,S,1069,N
-3.355,-3.659,9,S,1069,P
0.368,0.1647,5,S,1069,Q
1.226,0.3951,8,S,1069,R
0,0,,S,1069,S
0.3292,0.1496,2,S,1069,T
-0.535,-0.3408,1,S,1069,V
2.377,0.5191,1,S,1069,W
-0.4809,-0.3001,13,S,1069,Y
-1.125,-0.8829,5,G,107,C
-0.9897,-0.7427,3,G,107,D
0,0,,G,107,G
-5.524,-4.736,1,G,107,S
0.02833,0.0145,1,T,1070,-
-0.1377,-0.07523,6,T,1070,A
1.278,0.404,3,T,1070,C
0.4586,0.198,5,T,1070,D
-0.6626,-0.4426,4,T,1070,E
0.9829,0.3467,3,T,1070,F
2.304,0.5146,2,T,1070,G
-2.416,-2.545,2,T,1070,H
-0.9604,-0.7135,6,T,1070,I
2.21,0.5084,4,T,1070,K
-1.072,-0.8274,2,T,1070,L
-1.069,-0.8235,1,T,1070,M
-0.2324,-0.1318,5,T,1070,N
2.757,0.5377,2,T,1070,P
-0.05836,-0.0309,7,T,1070,Q
0.7755,0.296,2,T,1070,R
-0.1347,-0.07352,5,T,1070,S
0,0,,T,1070,T
1.337,0.4137,2,T,1070,V
-0.4488,-0.2767,6,T,1070,W
0.262,0.1222,6,T,1070,Y
0.1075,0.05332,1,L,1071,-
-2.088,-2.097,7,L,1071,A
-2.336,-2.437,5,L,1071,C
-3.759,-4.008,7,L,1071,D
-2.882,-3.144,4,L,1071,E
-1.013,-0.7661,5,L,1071,F
-6.716,-4.86,4,L,1071,G
-2.253,-2.324,6,L,1071,H
-0.5636,-0.3629,3,L,1071,I
-3.815,-4.05,7,L,1071,K
0,0,,L,1071,L
-1.889,-1.826,19,L,1071,M
-2.481,-2.633,2,L,1071,N
-2.241,-2.307,10,L,1071,P
-2.066,-2.067,4,L,1071,Q
-4.558,-4.467,2,L,1071,R
-4.437,-4.414,8,L,1071,S
-2.561,-2.739,3,L,1071,T
-1.242,-1.012,4,L,1071,V
-0.463,-0.287,5,L,1071,W
-2.267,-2.344,3,L,1071,Y
-5.009,-4.621,5,E,1072,*
-1.693,-1.565,2,E,1072,-
0.9586,0.3412,2,E,1072,A
0.6125,0.2491,3,E,1072,C
0.938,0.3365,5,E,1072,D
0,0,,E,1072,E
1.602,0.4512,2,E,1072,F
-0.3122,-0.1826,3,E,1072,G
1.934,0.4865,5,E,1072,H
7.163,0.5779,4,E,1072,I
0.4327,0.1888,36,E,1072,K
-0.1775,-0.0985,1,E,1072,L
1.278,0.4041,3,E,1072,M
0.297,0.1367,3,E,1072,N
-3.222,-3.525,3,E,1072,P
0.3138,0.1435,5,E,1072,Q
-0.4539,-0.2804,6,E,1072,R
0.2963,0.1364,2,E,1072,S
-0.2217,-0.1252,4,E,1072,T
2.282,0.5132,3,E,1072,V
0.22,0.1044,4,E,1072,W
1.532,0.4422,3,E,1072,Y
-0.709,-0.4818,1,N,1073,-
0.003752,0.001939,1,N,1073,A
1.091,0.3696,4,N,1073,C
1.704,0.4633,3,N,1073,D
-0.6721,-0.4506,11,N,1073,E
1.254,0.3999,3,N,1073,F
2.346,0.5172,4,N,1073,G
3.23,0.553,3,N,1073,H
3.008,0.5467,5,N,1073,I
0.334,0.1515,14,N,1073,K
-1.097,-0.8536,6,N,1073,L
0,0,,N,1073,N
-3.683,-3.948,2,N,1073,P
-0.2281,-0.1291,1,N,1073,Q
2.04,0.4957,3,N,1073,R
-0.146,-0.08002,7,N,1073,S
-0.4423,-0.272,5,N,1073,T
0.9044,0.3286,5,N,1073,V
0.4415,0.1919,8,N,1073,W
-0.4518,-0.2788,8,N,1073,Y
0.7211,0.2811,1,K,1074,-
-2.111,-2.129,5,K,1074,A
-2.745,-2.976,6,K,1074,C
-5.663,-4.759,1,K,1074,D
-1.846,-1.768,11,K,1074,E
-1.593,-1.435,2,K,1074,F
-1.545,-1.375,4,K,1074,G
-0.5031,-0.3166,5,K,1074,H
-5.728,-4.768,6,K,1074,I
0,0,,K,1074,K
-1.672,-1.537,1,K,1074,L
-1.284,-1.06,2,K,1074,M
-0.7604,-0.5264,5,K,1074,N
-2.567,-2.747,3,K,1074,P
-1.465,-1.275,6,K,1074,Q
1.161,0.3831,7,K,1074,R
-1.314,-1.095,7,K,1074,S
-1.4,-1.197,2,K,1074,T
-3.65,-3.922,7,K,1074,V
-1.029,-0.7829,4,K,1074,W
-1.342,-1.127,1,K,1074,Y
-0.6978,-0.4722,2,S,1075,-
-0.543,-0.3469,3,S,1075,A
6.686,0.5776,3,S,1075,C
-2.116,-2.136,7,S,1075,D
-1.169,-0.9314,2,S,1075,E
4.321,0.5699,5,S,1075,F
0.511,0.2162,5,S,1075,G
-0.3941,-0.2379,5,S,1075,H
-1.268,-1.041,1,S,1075,I
-0.9817,-0.7347,6,S,1075,K
0.6409,0.2577,8,S,1075,L
0.08975,0.04483,3,S,1075,M
-2.566,-2.745,2,S,1075,N
-2.883,-3.145,6,S,1075,P
0.7231,0.2817,10,S,1075,Q
0.3265,0.1485,2,S,1075,R
0,0,,S,1075,S
3.573,0.5603,6,S,1075,T
-0.4635,-0.2873,4,S,1075,V
4.712,0.5726,1,S,1075,W
0.8173,0.307,13,S,1075,Y
-0.9679,-0.721,1,A,1076,-
0,0,,A,1076,A
0.6182,0.2508,2,A,1076,C
-3.845,-4.071,4,A,1076,D
-1.437,-1.241,4,A,1076,E
1.347,0.4153,5,A,1076,F
-1.064,-0.8182,2,A,1076,G
-1.421,-1.222,7,A,1076,H
2.122,0.5021,4,A,1076,I
0.3296,0.1497,2,A,1076,K
0.2899,0.1338,1,A,1076,L
3.204,0.5523,3,A,1076,M
-0.6802,-0.4573,3,A,1076,N
-2.582,-2.767,3,A,1076,P
-0.4168,-0.2538,3,A,1076,Q
1.552,0.4449,8,A,1076,R
-0.8441,-0.6021,11,A,1076,S
0.221,0.1048,12,A,1076,T
-1.482,-1.297,2,A,1076,V
0.0758,0.03807,7,A,1076,W
-0.2685,-0.1544,10,A,1076,Y
-6.899,-4.869,20,E,1077,*
-3.152,-3.451,1,E,1077,-
-2.342,-2.446,4,E,1077,A
-0.532,-0.3385,6,E,1077,C
3.293,0.5545,3,E,1077,D
0,0,,E,1077,E
-4.308,-4.352,1,E,1077,F
-0.6924,-0.4676,5,E,1077,G
-0.753,-0.5199,2,E,1077,H
-0.713,-0.4852,9,E,1077,I
-0.3551,-0.2112,29,E,1077,K
-0.3988,-0.2411,2,E,1077,L
-0.5536,-0.3551,3,E,1077,M
-0.8132,-0.5737,4,E,1077,N
-2.477,-2.627,1,E,1077,P
-0.7951,-0.5574,1,E,1077,Q
0.4917,0.2096,5,E,1077,R
2.157,0.5047,2,E,1077,S
-0.02572,-0.01345,5,E,1077,T
-1.253,-1.025,3,E,1077,V
0.007974,0.004114,5,E,1077,W
1.066,0.3645,1,E,1077,Y
-2.32,-2.415,1,L,1078,-
-3.916,-4.12,5,L,1078,A
-2.504,-2.663,8,L,1078,C
-3.32,-3.624,5,L,1078,E
0.2126,0.1012,3,L,1078,F
-2.219,-2.277,1,L,1078,G
-2.489,-2.644,3,L,1078,H
0.8326,0.311,4,L,1078,I
-1.335,-1.119,2,L,1078,K
0,0,,L,1078,L
-1.598,-1.442,3,L,1078,M
-4.452,-4.421,3,L,1078,N
-5.921,-4.794,6,L,1078,P
-2.714,-2.936,5,L,1078,Q
-2.855,-3.111,5,L,1078,R
-3.467,-3.764,6,L,1078,S
-2.235,-2.299,5,L,1078,T
-1.176,-0.9388,1,L,1078,V
-2.459,-2.604,4,L,1078,W
-2.666,-2.875,3,L,1078,Y
-1.968,-1.934,1,N,1079,-
1.652,0.4573,6,N,1079,A
0.8994,0.3274,4,N,1079,C
-0.5985,-0.3904,8,N,1079,D
-0.1288,-0.07011,2,N,1079,E
0.5807,0.239,2,N,1079,F
1.762,0.4696,3,N,1079,G
0.2924,0.1348,6,N,1079,H
2.734,0.5367,6,N,1079,I
3.49,0.5588,4,N,1079,K
-0.7103,-0.4829,4,N,1079,L
-1.299,-1.077,2,N,1079,M
0,0,,N,1079,N
-1.491,-1.307,5,N,1079,P
0.4393,0.1912,2,N,1079,Q
1.033,0.3576,8,N,1079,R
4.616,0.572,2,N,1079,S
-0.2659,-0.1528,4,N,1079,T
-2.239,-2.305,5,N,1079,V
5.158,0.5747,4,N,1079,W
1.496,0.4373,6,N,1079,Y
0,0,,F,108,F
-5.347,-4.702,3,F,108,L
0.1053,0.05229,3,F,108,S
0.4962,0.2111,1,F,108,Y
1.253,0.3998,1,Y,1080,-
1.021,0.3551,4,Y,1080,A
-0.631,-0.4166,7,Y,1080,C
0.2318,0.1094,7,Y,1080,D
1.412,0.4252,3,Y,1080,E
2.663,0.5337,1,Y,1080,F
4.287,0.5696,3,Y,1080,G
0.7343,0.2848,1,Y,1080,H
2.851,0.5413,3,Y,1080,I
2.385,0.5195,7,Y,1080,K
1.159,0.3829,5,Y,1080,L
2.794,0.5392,6,Y,1080,M
-0.3631,-0.2166,5,Y,1080,N
-3.083,-3.376,7,Y,1080,P
3.422,0.5574,7,Y,1080,Q
0.4717,0.2026,3,Y,1080,R
6.29,0.5772,5,Y,1080,S
-0.4936,-0.3095,2,Y,1080,T
-1.682,-1.551,1,Y,1080,V
-0.604,-0.3948,4,Y,1080,W
0,0,,Y,1080,Y
-2.005,-1.983,1,T,1081,-
-0.6102,-0.3998,4,T,1081,A
-0.2815,-0.1627,1,T,1081,C
0.161,0.07819,6,T,1081,D
5.165,0.5747,2,T,1081,E
-1.496,-1.313,4,T,1081,F
-1.808,-1.717,5,T,1081,G
0.1424,0.06965,4,T,1081,H
-1.393,-1.189,14,T,1081,I
2.507,0.5262,3,T,1081,K
-0.2048,-0.1149,3,T,1081,L
2.221,0.5092,1,T,1081,M
0.8073,0.3044,4,T,1081,N
-0.1641,-0.09062,2,T,1081,P
-0.7842,-0.5475,3,T,1081,Q
4.991,0.574,7,T,1081,R
2.91,0.5435,4,T,1081,S
0,0,,T,1081,T
-1.363,-1.152,12,T,1081,V
-3.695,-3.958,1,T,1081,W
-1.195,-0.9592,3,T,1081,Y
0.6659,0.2652,1,V,1082,-
-1.558,-1.392,4,V,1082,A
-0.7397,-0.5082,6,V,1082,C
-4.242,-4.318,5,V,1082,D
-3.204,-3.507,4,V,1082,E
-0.06323,-0.03355,2,V,1082,F
-3.102,-3.397,1,V,1082,H
0.75,0.2891,4,V,1082,I
-2.474,-2.623,3,V,1082,K
0.1353,0.06637,10,V,1082,L
-0.4727,-0.2941,13,V,1082,M
-2.172,-2.213,1,V,1082,N
-3.659,-3.929,7,V,1082,P
-1.023,-0.7764,6,V,1082,Q
-3.101,-3.396,1,V,1082,R
-2.285,-2.368,4,V,1082,S
-1.095,-0.8511,6,V,1082,T
0,0,,V,1082,V
-3.808,-4.044,6,V,1082,W
0.62,0.2514,1,V,1082,Y
-8.335,-4.905,1,Q,1083,*
0.3264,0.1485,1,Q,1083,-
-0.3399,-0.201,4,Q,1083,A
0.5988,0.2448,6,Q,1083,C
-2.822,-3.072,2,Q,1083,D
-2.283,-2.365,4,Q,1083,E
-0.06563,-0.03486,3,Q,1083,F
-0.8711,-0.6273,4,Q,1083,G
1.59,0.4497,8,Q,1083,H
-0.2633,-0.1511,9,Q,1083,I
-1.669,-1.533,7,Q,1083,K
-1.201,-0.9659,3,Q,1083,L
-1.401,-1.197,4,Q,1083,M
2.503,0.526,6,Q,1083,N
-4.116,-4.247,4,Q,1083,P
0,0,,Q,1083,Q
-1.719,-1.598,5,Q,1083,R
-0.289,-0.1675,2,Q,1083,S
-0.2109,-0.1186,1,Q,1083,T
0.1068,0.05298,3,Q,1083,V
3.434,0.5577,5,Q,1083,W
-0.3471,-0.2058,3,Q,1083,Y
1.269,0.4025,2,K,1084,A
1.993,0.4917,4,K,1084,C
-1.361,-1.15,2,K,1084,D
0.6738,0.2675,6,K,1084,E
-0.4047,-0.2453,8,K,1084,F
-1.397,-1.193,1,K,1084,G
-1.625,-1.477,1,K,1084,H
1.43,0.4279,10,K,1084,I
0,0,,K,1084,K
-1.038,-0.7915,3,K,1084,L
-3.36,-3.664,2,K,1084,N
-3.496,-3.79,4,K,1084,P
1.28,0.4043,7,K,1084,Q
0.5319,0.2232,5,K,1084,R
-0.1053,-0.05681,5,K,1084,S
-0.8331,-0.592,2,K,1084,T
-0.8214,-0.5812,4,K,1084,V
-3.442,-3.741,8,K,1084,W
-0.1323,-0.07216,5,K,1084,Y
-2.881,-3.143,5,L,1085,A
-2.991,-3.272,3,L,1085,C
-2.556,-2.732,1,L,1085,D
-2.852,-3.108,5,L,1085,E
-0.8379,-0.5964,4,L,1085,F
-3.617,-3.895,6,L,1085,G
-4.08,-4.226,4,L,1085,H
-0.08177,-0.04371,12,L,1085,I
-5.413,-4.715,3,L,1085,K
0,0,,L,1085,L
-3.001,-3.284,3,L,1085,M
-2.311,-2.403,2,L,1085,N
-7.925,-4.899,6,L,1085,P
-3.52,-3.812,6,L,1085,Q
-2.764,-2.999,6,L,1085,R
-3.051,-3.34,3,L,1085,S
-2.858,-3.115,1,L,1085,T
-1.487,-1.302,5,L,1085,V
-0.6457,-0.4286,4,L,1085,W
-6.396,-4.839,4,Q,1086,*
0.1684,0.08156,3,Q,1086,A
-0.008548,-0.004439,10,Q,1086,C
-2.228,-2.29,4,Q,1086,D
-1.138,-0.8972,7,Q,1086,E
-1.144,-0.9038,4,Q,1086,F
0.07192,0.03618,2,Q,1086,G
-2.138,-2.166,11,Q,1086,H
0.1145,0.05662,1,Q,1086,I
2.699,0.5353,7,Q,1086,K
0.9149,0.3311,2,Q,1086,L
0.7735,0.2955,2,Q,1086,M
4.074,0.5675,2,Q,1086,N
-12.19,-4.916,3,Q,1086,P
0,0,,Q,1086,Q
1.356,0.4168,7,Q,1086,R
-0.4948,-0.3104,3,Q,1086,S
0.6402,0.2575,7,Q,1086,T
0.07163,0.03604,6,Q,1086,V
1.131,0.3774,7,Q,1086,W
-0.4913,-0.3078,5,Q,1086,Y
-1.379,-1.171,6,T,1087,A
1.048,0.3606,2,T,1087,C
1.57,0.4471,3,T,1087,D
-0.9665,-0.7196,6,T,1087,E
-2.134,-2.16,2,T,1087,F
1.189,0.3883,1,T,1087,G
-0.511,-0.3226,4,T,1087,H
2.754,0.5376,3,T,1087,I
4.117,0.5679,5,T,1087,K
1.731,0.4662,5,T,1087,L
1.056,0.3625,5,T,1087,M
0.214,0.1018,6,T,1087,N
-2.823,-3.072,5,T,1087,P
-0.8444,-0.6024,1,T,1087,Q
0.7562,0.2908,3,T,1087,R
0.3806,0.1695,4,T,1087,S
0,0,,T,1087,T
5.458,0.5757,3,T,1087,V
-2.776,-3.014,2,T,1087,W
4.603,0.572,1,T,1087,Y
1.126,0.3764,4,L,1088,A
-1.54,-1.369,4,L,1088,C
-0.549,-0.3515,8,L,1088,D
0.0434,0.02208,6,L,1088,F
-2.516,-2.68,8,L,1088,G
-1.783,-1.684,3,L,1088,H
1.345,0.415,4,L,1088,I
-1.836,-1.754,1,L,1088,K
0,0,,L,1088,L
5.275,0.5751,10,L,1088,M
-1.486,-1.301,10,L,1088,N
-6.156,-4.819,3,L,1088,P
-0.3582,-0.2133,3,L,1088,Q
0.211,0.1004,2,L,1088,R
-0.5886,-0.3825,5,L,1088,S
-0.1985,-0.111,5,L,1088,T
-0.4133,-0.2514,5,L,1088,V
2.309,0.515,3,L,1088,W
-1.126,-0.8844,9,L,1088,Y
0.9234,0.3331,3,I,1089,-
0.7801,0.2973,2,I,1089,A
-1.461,-1.27,8,I,1089,C
-2.855,-3.111,2,I,1089,D
-7.581,-4.892,3,I,1089,E
-1.101,-0.8571,5,I,1089,F
-4.477,-4.432,1,I,1089,G
-3.115,-3.412,3,I,1089,H
0,0,,I,1089,I
-3.083,-3.377,4,I,1089,K
1.995,0.4919,5,I,1089,L
2.066,0.4977,4,I,1089,M
-3.945,-4.14,7,I,1089,N
-1.673,-1.538,1,I,1089,P
-2.697,-2.915,6,I,1089,Q
-4.231,-4.312,4,I,1089,R
-2.043,-2.035,4,I,1089,S
0.4238,0.1855,1,I,1089,T
-0.5325,-0.3388,9,I,1089,V
-1.582,-1.422,3,I,1089,W
-0.6874,-0.4634,4,I,1089,Y
-6.91,-4.87,1,Y,109,*
0,0,,Y,109,Y
0.5685,0.2351,3,D,1090,-
-0.7651,-0.5306,3,D,1090,A
-0.8938,-0.6488,4,D,1090,C
0,0,,D,1090,D
0.2213,0.1049,5,D,1090,E
2.496,0.5256,4,D,1090,F
-1.281,-1.056,8,D,1090,G
-0.8867,-0.6421,3,D,1090,H
3.423,0.5574,1,D,1090,I
3.33,0.5554,1,D,1090,K
-0.2061,-0.1157,5,D,1090,L
-0.4935,-0.3094,4,D,1090,M
-0.9389,-0.6924,10,D,1090,N
-4.943,-4.602,2,D,1090,P
0.6784,0.2689,1,D,1090,Q
0.459,0.1982,3,D,1090,R
-1.397,-1.192,3,D,1090,S
1.926,0.4858,3,D,1090,T
-0.5496,-0.352,6,D,1090,V
0.9844,0.347,7,D,1090,W
-1.253,-1.025,14,D,1090,Y
3.089,0.5492,2,N,1091,-
-1.058,-0.8123,2,N,1091,A
2.922,0.5439,2,N,1091,C
-3.379,-3.682,5,N,1091,D
2.633,0.5323,1,N,1091,E
-0.9049,-0.6595,3,N,1091,F
1.917,0.485,9,N,1091,G
10.89,0.5784,6,N,1091,H
-1.576,-1.414,4,N,1091,I
0.6463,0.2593,5,N,1091,K
-1.849,-1.771,2,N,1091,L
-0.9772,-0.7302,9,N,1091,M
0,0,,N,1091,N
-2.662,-2.87,3,N,1091,P
1.593,0.4501,4,N,1091,Q
-4.536,-4.458,5,N,1091,R
2.421,0.5216,3,N,1091,S
1.287,0.4055,3,N,1091,T
1.1,0.3713,1,N,1091,V
-2.061,-2.061,4,N,1091,W
0.01052,0.005422,6,N,1091,Y
1.597,0.4505,3,I,1092,-
-1.792,-1.695,5,I,1092,A
-3.472,-3.769,7,I,1092,C
-4.372,-4.384,2,I,1092,D
-4.594,-4.481,4,I,1092,E
-0.7123,-0.4845,2,I,1092,F
-5.045,-4.631,2,I,1092,G
-3.26,-3.565,1,I,1092,H
0,0,,I,1092,I
-1.933,-1.885,6,I,1092,K
-4.167,-4.277,2,I,1092,L
0.337,0.1527,3,I,1092,M
-2.994,-3.276,2,I,1092,N
-1.43,-1.232,2,I,1092,P
-5.264,-4.685,4,I,1092,Q
-2.843,-3.097,6,I,1092,R
-1.2,-0.9654,5,I,1092,T
0.4266,0.1865,7,I,1092,V
-1.442,-1.247,3,I,1092,W
-2.959,-3.235,6,I,1092,Y
1.084,0.3682,3,N,1093,-
-1.192,-0.9557,4,N,1093,A
-1.723,-1.604,2,N,1093,C
-1.309,-1.088,9,N,1093,D
-0.774,-0.5385,6,N,1093,E
-1.958,-1.919,2,N,1093,F
-1.409,-1.207,4,N,1093,G
-1.381,-1.174,3,N,1093,H
-2.172,-2.212,3,N,1093,I
-0.9876,-0.7406,11,N,1093,K
-2.044,-2.038,6,N,1093,L
-6.782,-4.864,2,N,1093,M
0,0,,N,1093,N
-2.623,-2.82,3,N,1093,P
-0.6316,-0.4171,7,N,1093,Q
-0.9296,-0.6833,5,N,1093,R
-1.498,-1.316,2,N,1093,S
1.926,0.4858,3,N,1093,T
-1.79,-1.692,5,N,1093,V
-3.223,-3.527,1,N,1093,W
0.3129,0.1431,2,N,1093,Y
1.484,0.4356,3,S,1094,-
-2.279,-2.359,1,S,1094,A
-0.4605,-0.2851,3,S,1094,C
-0.1953,-0.1092,7,S,1094,D
-0.7232,-0.4939,4,S,1094,E
-0.5676,-0.366,8,S,1094,F
-0.01818,-0.009477,4,S,1094,G
-0.7712,-0.536,4,S,1094,H
1.462,0.4325,9,S,1094,I
-0.3883,-0.2338,3,S,1094,K
2.061,0.4973,9,S,1094,L
-1.104,-0.8608,13,S,1094,M
0.09079,0.04533,11,S,1094,N
-2.468,-2.615,7,S,1094,P
-0.4078,-0.2475,5,S,1094,Q
-0.6896,-0.4652,6,S,1094,R
0,0,,S,1094,S
2.164,0.5052,6,S,1094,T
0.6586,0.263,9,S,1094,V
-1.185,-0.9484,4,S,1094,W
0.2266,0.1072,3,S,1094,Y
2.023,0.4942,4,T,1095,-
0.4477,0.1942,5,T,1095,A
-2.368,-2.481,5,T,1095,C
-1.067,-0.8215,4,T,1095,D
-0.8448,-0.6028,4,T,1095,E
-1.811,-1.72,3,T,1095,F
-1.021,-0.7745,3,T,1095,G
-2.232,-2.295,4,T,1095,I
-1.295,-1.072,7,T,1095,K
-2.125,-2.148,4,T,1095,L
-1.685,-1.555,7,T,1095,M
-2.208,-2.263,3,T,1095,N
-1.415,-1.214,7,T,1095,P
-0.3019,-0.1759,4,T,1095,Q
-1.42,-1.221,7,T,1095,R
0.7834,0.2981,5,T,1095,S
0,0,,T,1095,T
-0.2135,-0.1202,7,T,1095,V
-2.5,-2.657,7,T,1095,W
-2.811,-3.058,4,T,1095,Y
0.8366,0.312,3,L,1096,-
0.3206,0.1462,5,L,1096,A
-1.181,-0.9438,9,L,1096,C
-3.047,-3.336,4,L,1096,D
-2.002,-1.979,6,L,1096,E
-1.307,-1.086,5,L,1096,F
-1.552,-1.383,7,L,1096,G
-2.989,-3.269,6,L,1096,H
-0.1627,-0.08978,2,L,1096,I
-2.854,-3.11,3,L,1096,K
0,0,,L,1096,L
-0.2138,-0.1204,20,L,1096,M
-2.539,-2.71,7,L,1096,N
-2.142,-2.172,8,L,1096,P
-1.381,-1.174,4,L,1096,Q
-1.665,-1.528,4,L,1096,R
-0.5525,-0.3542,5,L,1096,S
-0.9658,-0.7188,4,L,1096,T
-1.544,-1.373,6,L,1096,V
-2.692,-2.909,6,L,1096,W
-0.1915,-0.1069,2,L,1096,Y
1.039,0.3589,4,V,1097,-
-0.5447,-0.3482,4,V,1097,A
-1.322,-1.104,9,V,1097,C
0.3928,0.1741,7,V,1097,D
-1.201,-0.9659,6,V,1097,E
-0.6894,-0.4651,3,V,1097,F
1.813,0.475,4,V,1097,G
-1.265,-1.039,4,V,1097,H
3.852,0.5647,6,V,1097,I
3.596,0.5607,5,V,1097,K
-0.4949,-0.3105,12,V,1097,L
-0.6893,-0.465,8,V,1097,M
-0.8975,-0.6524,4,V,1097,N
-1.168,-0.9293,3,V,1097,P
-0.929,-0.6828,5,V,1097,Q
-2.206,-2.26,2,V,1097,R
-0.8862,-0.6416,3,V,1097,S
-0.946,-0.6994,2,V,1097,T
0,0,,V,1097,V
-1.228,-0.9966,6,V,1097,W
-6.887,-4.869,1,V,1097,Y
0.4147,0.1822,4,D,1098,-
0.3178,0.1451,1,D,1098,A
-2.868,-3.127,2,D,1098,C
0,0,,D,1098,D
0.4879,0.2083,3,D,1098,E
-1.184,-0.9469,2,D,1098,F
-0.5498,-0.3521,3,D,1098,G
-0.5547,-0.356,7,D,1098,H
0.6218,0.2519,6,D,1098,I
0.9881,0.3478,7,D,1098,L
4.146,0.5682,2,D,1098,M
-0.5985,-0.3904,94,D,1098,N
-0.4463,-0.2748,7,D,1098,P
-1.037,-0.791,1,D,1098,Q
0.4979,0.2117,3,D,1098,R
-4.314,-4.355,5,D,1098,T
1.394,0.4225,13,D,1098,V
0.1805,0.08696,1,D,1098,W
-0.7565,-0.523,15,D,1098,Y
-1.222,-0.9895,5,L,1099,-
-1.481,-1.295,2,L,1099,A
-3.44,-3.739,5,L,1099,C
-3.136,-3.434,3,L,1099,D
-1.818,-1.73,13,L,1099,E
1.48,0.4352,9,L,1099,F
-1.607,-1.453,6,L,1099,G
-1.699,-1.572,3,L,1099,H
-1.328,-1.111,7,L,1099,I
-1.61,-1.458,3,L,1099,K
0,0,,L,1099,L
-0.942,-0.6954,3,L,1099,M
-1.793,-1.697,3,L,1099,N
-1.724,-1.606,3,L,1099,P
-1.546,-1.376,4,L,1099,R
-1.784,-1.685,6,L,1099,S
-2.041,-2.034,5,L,1099,T
-1.083,-0.8383,6,L,1099,V
-0.5004,-0.3146,5,L,1099,W
-0.6349,-0.4198,3,L,1099,Y
0,0,,L,11,L
-1.88,-1.814,6,L,11,M
-2.629,-2.827,1,S,110,C
-3.491,-3.786,2,S,110,F
4.414,0.5706,1,S,110,P
0,0,,S,110,S
-1.877,-1.809,8,S,110,Y
-2.779,-3.018,5,K,1100,-
3.174,0.5515,2,K,1100,A
-2.043,-2.036,3,K,1100,C
-0.3817,-0.2293,2,K,1100,D
0.7019,0.2757,5,K,1100,E
-0.6194,-0.4072,7,K,1100,F
-0.2425,-0.138,7,K,1100,G
1.471,0.4339,4,K,1100,H
-0.2716,-0.1563,3,K,1100,I
0,0,,K,1100,K
-0.9666,-0.7197,4,K,1100,L
-0.56,-0.36,7,K,1100,M
-0.03287,-0.01723,7,K,1100,N
-1.473,-1.285,4,K,1100,P
-0.7139,-0.486,6,K,1100,Q
-1.119,-0.8767,5,K,1100,R
0.6756,0.268,1,K,1100,S
0.4798,0.2055,7,K,1100,T
-0.4954,-0.3108,1,K,1100,V
0.2338,0.1103,8,K,1100,W
-0.2869,-0.1662,2,K,1100,Y
-9.984,-4.914,81,W,1101,*
-1.657,-1.518,5,W,1101,-
-0.4822,-0.3011,3,W,1101,A
-5.043,-4.63,10,W,1101,C
0.1085,0.05382,3,W,1101,D
3.156,0.551,3,W,1101,E
-0.3169,-0.1857,3,W,1101,F
-1.999,-1.975,6,W,1101,G
-0.76,-0.526,5,W,1101,H
-1.782,-1.682,4,W,1101,K
0.4164,0.1828,19,W,1101,L
-1.114,-0.8717,2,W,1101,M
-0.719,-0.4903,2,W,1101,N
-2.67,-2.88,5,W,1101,P
-0.9133,-0.6676,5,W,1101,R
0.9281,0.3342,4,W,1101,S
0.4594,0.1983,2,W,1101,T
-0.8973,-0.6522,4,W,1101,V
0,0,,W,1101,W
-1.324,-1.106,7,W,1101,Y
-2.623,-2.82,6,L,1102,-
-2.504,-2.663,2,L,1102,A
-2.611,-2.804,6,L,1102,C
-1.802,-1.709,6,L,1102,D
-5.117,-4.65,4,L,1102,E
-0.9159,-0.6701,2,L,1102,F
-1.732,-1.616,4,L,1102,G
-2.424,-2.557,2,L,1102,H
4.671,0.5724,1,L,1102,I
-3.444,-3.743,3,L,1102,K
0,0,,L,1102,L
-1.204,-0.9695,5,L,1102,M
-2.507,-2.668,6,L,1102,N
-4.194,-4.292,4,L,1102,P
-1.626,-1.478,12,L,1102,Q
-1.958,-1.92,1,L,1102,R
-1.916,-1.863,8,L,1102,S
0.2107,0.1003,2,L,1102,T
-2,-1.977,3,L,1102,V
-2.415,-2.544,6,L,1102,W
-2.018,-2.001,5,L,1102,Y
-1.209,-0.9752,5,N,1103,-
-1.283,-1.058,4,N,1103,A
5.03,0.5742,2,N,1103,C
-1.004,-0.7575,5,N,1103,D
-0.1289,-0.07016,2,N,1103,E
0.4728,0.203,7,N,1103,F
3.894,0.5653,2,N,1103,G
-1.854,-1.778,7,N,1103,H
-1.373,-1.164,5,N,1103,I
-1.316,-1.097,4,N,1103,K
-1.514,-1.336,9,N,1103,L
-1.344,-1.129,1,N,1103,M
0,0,,N,1103,N
3.192,0.552,1,N,1103,P
-6.47,-4.845,4,N,1103,Q
3.338,0.5556,3,N,1103,S
-1.143,-0.9025,1,N,1103,T
-1.905,-1.848,6,N,1103,V
-1.412,-1.21,5,N,1103,W
-1.526,-1.351,8,N,1103,Y
-1.762,-1.656,5,R,1104,-
-0.4207,-0.2566,3,R,1104,A
-4.472,-4.43,8,R,1104,C
0.09237,0.04609,2,R,1104,E
0.2873,0.1327,3,R,1104,F
-2.316,-2.411,10,R,1104,G
1.752,0.4685,3,R,1104,H
0.9164,0.3315,18,R,1104,I
-0.9423,-0.6957,44,R,1104,K
5.047,0.5743,5,R,1104,L
-0.4152,-0.2526,4,R,1104,M
-2.09,-2.101,1,R,1104,N
-2.137,-2.165,3,R,1104,P
0.1711,0.08275,1,R,1104,Q
0,0,,R,1104,R
0.8518,0.3158,2,R,1104,S
-3.915,-4.12,5,R,1104,T
1.361,0.4175,6,R,1104,V
-1.954,-1.914,3,R,1104,W
1.104,0.3722,6,R,1104,Y
0.278,0.1289,5,V,1105,-
-1.577,-1.415,5,V,1105,A
-3.35,-3.654,5,V,1105,C
-6.908,-4.87,1,V,1105,D
-1.692,-1.564,5,V,1105,E
-2.256,-2.329,4,V,1105,F
-2.095,-2.107,2,V,1105,G
-3.537,-3.827,3,V,1105,H
-1.008,-0.7608,2,V,1105,I
-2.62,-2.816,6,V,1105,K
0.3182,0.1452,4,V,1105,L
-0.5744,-0.3713,8,V,1105,M
-4.234,-4.314,3,V,1105,N
-3.144,-3.442,2,V,1105,P
-2.056,-2.053,3,V,1105,R
-2.031,-2.019,5,V,1105,S
0,0,,V,1105,V
0.01252,0.006446,7,V,1105,W
0.2377,0.112,3,V,1105,Y
-6.099,-4.813,6,E,1106,*
-2.324,-2.421,5,E,1106,-
0.1916,0.09194,6,E,1106,A
-0.6775,-0.4551,2,E,1106,C
-1.095,-0.8511,5,E,1106,D
0,0,,E,1106,E
5.143,0.5747,3,E,1106,F
-1.791,-1.694,4,E,1106,G
-1.969,-1.935,2,E,1106,H
-1.796,-1.701,111,E,1106,K
-2.881,-3.143,1,E,1106,L
0.9011,0.3278,7,E,1106,M
0.1076,0.05338,3,E,1106,N
-2.368,-2.481,10,E,1106,P
-0.3457,-0.2049,8,E,1106,Q
-0.9442,-0.6976,2,E,1106,R
-0.4381,-0.2689,5,E,1106,S
2.881,0.5424,6,E,1106,T
0.3167,0.1446,5,E,1106,V
0.1532,0.07461,4,E,1106,W
-0.5572,-0.3578,7,E,1106,Y
0.5084,0.2153,5,T,1107,-
-0.8235,-0.5832,6,T,1107,A
-1.907,-1.85,4,T,1107,C
-2.695,-2.912,1,T,1107,D
-0.1671,-0.09233,3,T,1107,E
0.7582,0.2914,1,T,1107,F
-1.703,-1.578,4,T,1107,G
-0.02113,-0.01103,4,T,1107,I
-0.9236,-0.6775,15,T,1107,K
0.2812,0.1302,5,T,1107,L
0.8979,0.3271,11,T,1107,M
0.1091,0.05406,3,T,1107,N
-1.515,-1.338,1,T,1107,P
-1.253,-1.024,3,T,1107,R
-1.095,-0.8513,6,T,1107,S
0,0,,T,1107,T
0.3057,0.1402,4,T,1107,V
0.8661,0.3194,3,T,1107,W
0.2309,0.1091,6,T,1107,Y
-2.697,-2.915,3,Y,1108,*
-0.4563,-0.282,5,Y,1108,-
-1.427,-1.229,1,Y,1108,A
-2.99,-3.27,4,Y,1108,C
-2.647,-2.85,7,Y,1108,D
-2.554,-2.73,7,Y,1108,E
-0.05624,-0.02976,4,Y,1108,F
-3.631,-3.907,6,Y,1108,G
-0.914,-0.6682,3,Y,1108,H
0.1523,0.07423,5,Y,1108,I
-4.286,-4.341,5,Y,1108,K
-0.5554,-0.3565,4,Y,1108,L
-1.141,-0.9001,3,Y,1108,M
-3.198,-3.5,5,Y,1108,N
-2.94,-3.213,1,Y,1108,P
-7.261,-4.884,2,Y,1108,Q
-2.758,-2.991,8,Y,1108,R
-1.828,-1.744,6,Y,1108,S
-2.592,-2.779,4,Y,1108,T
-0.6905,-0.466,4,Y,1108,V
-1.507,-1.327,5,Y,1108,W
0,0,,Y,1108,Y
-2.907,-3.174,5,I,1109,-
-1.192,-0.9559,4,I,1109,A
-3.618,-3.895,4,I,1109,C
-6.837,-4.866,2,I,1109,D
-0.5676,-0.366,7,I,1109,E
-0.851,-0.6085,9,I,1109,F
-1.796,-1.701,2,I,1109,G
0,0,,I,1109,I
-5.108,-4.648,7,I,1109,K
-0.1946,-0.1087,5,I,1109,L
-0.3274,-0.1926,5,I,1109,M
-0.05469,-0.02892,5,I,1109,N
-2.435,-2.571,4,I,1109,P
-0.7798,-0.5436,5,I,1109,Q
-1.675,-1.541,6,I,1109,R
-0.02056,-0.01073,7,I,1109,T
-0.8002,-0.562,9,I,1109,V
-1.711,-1.589,5,I,1109,W
-1.543,-1.373,3,I,1109,Y
-2.817,-3.065,1,N,111,-
-2.282,-2.364,1,N,111,D
0.3239,0.1475,2,N,111,K
0,0,,N,111,N
2.303,0.5145,4,K,1110,-
-1.619,-1.469,3,K,1110,A
-3.613,-3.892,4,K,1110,C
-2.539,-2.71,3,K,1110,D
-1.477,-1.291,7,K,1110,E
-1.441,-1.246,7,K,1110,F
-1.628,-1.481,1,K,1110,G
-0.9975,-0.7505,5,K,1110,H
-8.882,-4.91,2,K,1110,I
0,0,,K,1110,K
-1.102,-0.8584,7,K,1110,L
-3.584,-3.867,2,K,1110,M
-1.745,-1.633,5,K,1110,N
-6.558,-4.851,6,K,1110,P
-7.869,-4.898,3,K,1110,Q
-1.89,-1.827,6,K,1110,R
-1.09,-0.8456,3,K,1110,S
-1.491,-1.308,4,K,1110,T
-1.197,-0.9614,4,K,1110,V
-2.087,-2.097,7,K,1110,W
2.938,0.5444,3,K,1110,Y
-12.65,-4.916,33,W,1111,*
1.046,0.3603,4,W,1111,-
-1.851,-1.775,3,W,1111,A
-2.927,-3.198,13,W,1111,C
-2.555,-2.73,2,W,1111,D
-2.577,-2.759,2,W,1111,E
-0.9461,-0.6994,2,W,1111,F
-2.75,-2.982,6,W,1111,G
-2.889,-3.152,2,W,1111,H
-1.985,-1.956,1,W,1111,I
-2.664,-2.873,8,W,1111,K
-3.25,-3.555,17,W,1111,L
-4.371,-4.383,6,W,1111,M
-1.532,-1.359,4,W,1111,N
-2.433,-2.569,5,W,1111,Q
-3.315,-3.619,16,W,1111,R
-2.376,-2.491,2,W,1111,S
-3.03,-3.317,6,W,1111,T
-2.097,-2.11,2,W,1111,V
0,0,,W,1111,W
2.456,0.5235,1,W,1111,Y
0.2503,0.1173,4,P,1112,-
-2.126,-2.149,5,P,1112,A
-2.376,-2.492,8,P,1112,C
-1.775,-1.672,7,P,1112,D
-1.448,-1.255,12,P,1112,E
-2.856,-3.112,10,P,1112,F
-3.063,-3.354,7,P,1112,G
-7.337,-4.886,7,P,1112,H
-2.817,-3.065,4,P,1112,I
-2.317,-2.411,5,P,1112,K
-2.611,-2.805,8,P,1112,L
-2.767,-3.003,9,P,1112,M
-3.327,-3.631,3,P,1112,N
0,0,,P,1112,P
-3.305,-3.61,1,P,1112,Q
-2.274,-2.353,7,P,1112,R
-2.566,-2.745,4,P,1112,S
-3.281,-3.585,5,P,1112,T
-3.154,-3.453,5,P,1112,V
-2.385,-2.504,5,P,1112,W
-1.87,-1.8,2,P,1112,Y
-5.961,-4.798,22,W,1113,*
-0.255,-0.1459,4,W,1113,-
-6.547,-4.85,3,W,1113,A
-3.177,-3.478,2,W,1113,C
-2.588,-2.774,6,W,1113,D
-1.626,-1.479,1,W,1113,E
-1.979,-1.948,6,W,1113,F
-3.857,-4.08,4,W,1113,G
0.4641,0.2,2,W,1113,H
-2.139,-2.167,3,W,1113,I
-4.921,-4.595,5,W,1113,K
-3.882,-4.097,15,W,1113,L
-1.542,-1.371,3,W,1113,M
-2.118,-2.139,6,W,1113,N
-3.19,-3.492,2,W,1113,P
-1.465,-1.276,4,W,1113,Q
-2.459,-2.603,10,W,1113,R
-1.829,-1.745,2,W,1113,S
-6.955,-4.872,1,W,1113,T
-2.289,-2.373,4,W,1113,V
0,0,,W,1113,W
-1.801,-1.708,6,W,1113,Y
-5.842,-4.784,36,W,1114,*
1.074,0.3661,5,W,1114,-
-6.856,-4.867,2,W,1114,A
-3.9,-4.11,7,W,1114,C
-2.348,-2.454,3,W,1114,D
-3.249,-3.553,4,W,1114,E
-2.044,-2.037,5,W,1114,F
0.5551,0.2308,2,W,1114,G
-1.965,-1.929,1,W,1114,H
-0.475,-0.2958,3,W,1114,I
-6.05,-4.808,2,W,1114,K
-3.268,-3.572,20,W,1114,L
-2.461,-2.606,3,W,1114,M
-2.955,-3.23,4,W,1114,N
-4.675,-4.513,1,W,1114,P
-0.9987,-0.7517,3,W,1114,Q
-3.573,-3.857,8,W,1114,R
3.364,0.5562,3,W,1114,S
-1.724,-1.606,7,W,1114,T
-2.532,-2.7,3,W,1114,V
0,0,,W,1114,W
0.9054,0.3289,8,W,1114,Y
-1.763,-1.657,3,V,1115,-
-1.416,-1.216,7,V,1115,A
-2.433,-2.568,4,V,1115,C
-4.037,-4.199,6,V,1115,D
-1.811,-1.721,2,V,1115,E
-1.845,-1.766,4,V,1115,F
3.652,0.5617,1,V,1115,G
-2.709,-2.93,4,V,1115,H
-1.177,-0.9399,6,V,1115,I
-1.108,-0.8654,1,V,1115,K
-1.368,-1.158,18,V,1115,L
-2.198,-2.248,16,V,1115,M
-2.446,-2.586,3,V,1115,N
-2.077,-2.083,2,V,1115,P
-1.686,-1.556,2,V,1115,Q
-1.237,-1.006,1,V,1115,R
-1.138,-0.8977,2,V,1115,S
-1.119,-0.8773,2,V,1115,T
0,0,,V,1115,V
-0.0366,-0.01922,3,V,1115,W
4.371,0.5703,2,V,1115,Y
-5.982,-4.801,26,W,1116,*
-2.647,-2.851,2,W,1116,-
-2.033,-2.022,5,W,1116,A
-2.369,-2.482,11,W,1116,C
-2.047,-2.041,3,W,1116,E
-2.191,-2.239,6,W,1116,F
-4.105,-4.241,4,W,1116,G
0.9319,0.3351,3,W,1116,I
-2.759,-2.993,2,W,1116,K
-1.874,-1.806,16,W,1116,L
-2.034,-2.023,8,W,1116,M
-5.198,-4.669,2,W,1116,N
-2.608,-2.801,7,W,1116,P
-9.767,-4.913,3,W,1116,Q
-2.475,-2.625,8,W,1116,R
-1.819,-1.732,9,W,1116,S
-3.478,-3.774,2,W,1116,T
-2.134,-2.161,5,W,1116,V
0,0,,W,1116,W
-0.9574,-0.7105,4,W,1116,Y
-2.252,-2.323,2,L,1117,-
0.9547,0.3404,3,L,1117,A
-0.7271,-0.4973,1,L,1117,C
-5.47,-4.726,6,L,1117,D
-6.566,-4.851,7,L,1117,E
-2.134,-2.16,4,L,1117,F
-3.013,-3.297,4,L,1117,G
-2.965,-3.241,3,L,1117,H
-1.324,-1.106,5,L,1117,I
-6.886,-4.869,2,L,1117,K
0,0,,L,1117,L
-0.2763,-0.1594,10,L,1117,M
-3.982,-4.164,6,L,1117,N
-2.349,-2.455,6,L,1117,P
-8.975,-4.91,6,L,1117,Q
-2.793,-3.035,7,L,1117,R
-2.386,-2.506,7,L,1117,S
-0.8192,-0.5793,3,L,1117,T
-0.3894,-0.2347,6,L,1117,V
-2.185,-2.231,6,L,1117,W
-2.699,-2.917,9,L,1117,Y
-1.611,-1.459,2,C,1118,-
0.09377,0.04677,1,C,1118,A
0,0,,C,1118,C
-6.119,-4.815,1,C,1118,D
-1.303,-1.082,4,C,1118,E
-0.4681,-0.2907,12,C,1118,F
-2.147,-2.179,3,C,1118,G
-0.9509,-0.7041,5,C,1118,H
0.4678,0.2013,5,C,1118,I
0.5168,0.2181,2,C,1118,L
0.1508,0.07354,3,C,1118,M
-3.156,-3.456,3,C,1118,N
-2.72,-2.944,4,C,1118,P
-0.6701,-0.4488,3,C,1118,Q
-9.448,-4.912,5,C,1118,R
-0.9755,-0.7285,5,C,1118,S
0.291,0.1342,5,C,1118,T
0.3965,0.1755,3,C,1118,V
-0.9903,-0.7433,4,C,1118,W
-1.926,-1.876,19,C,1118,Y
-3.013,-3.297,2,I,1119,-
-0.796,-0.5582,3,I,1119,A
-0.6866,-0.4627,4,I,1119,C
-3.789,-4.03,7,I,1119,D
-3.964,-4.153,4,I,1119,E
-0.9874,-0.7404,4,I,1119,F
-0.969,-0.722,1,I,1119,G
0,0,,I,1119,I
-2.853,-3.108,6,I,1119,K
-1.416,-1.215,4,I,1119,L
6.583,0.5775,4,I,1119,M
-2.543,-2.715,2,I,1119,N
-3.182,-3.483,3,I,1119,P
-2.167,-2.206,4,I,1119,Q
-6.079,-4.811,1,I,1119,R
0.0549,0.0278,4,I,1119,S
3.577,0.5604,4,I,1119,T
0.9377,0.3365,7,I,1119,V
-1.814,-1.725,3,I,1119,W
-1.578,-1.416,5,I,1119,Y
0,0,,A,112,A
4.654,0.5723,1,A,112,D
1.254,0.4,5,A,112,S
0.5557,0.231,1,A,112,T
-0.2358,-0.1339,1,A,112,V
-4.178,-4.283,2,S,1120,-
0.2824,0.1307,8,S,1120,A
3.447,0.5579,5,S,1120,C
-1.91,-1.855,3,S,1120,D
0.1994,0.09536,4,S,1120,E
2.317,0.5154,1,S,1120,F
0.7744,0.2957,6,S,1120,G
-2.989,-3.27,3,S,1120,H
-0.2823,-0.1632,7,S,1120,I
-6.8,-4.865,3,S,1120,K
1.601,0.451,3,S,1120,L
-1,-0.7534,2,S,1120,M
-1.483,-1.298,7,S,1120,N
-2.261,-2.335,3,S,1120,P
0.06103,0.03083,4,S,1120,Q
-7.291,-4.884,5,S,1120,R
0,0,,S,1120,S
11.14,0.5784,7,S,1120,T
0.4795,0.2054,5,S,1120,V
-0.5964,-0.3887,6,S,1120,W
-1.331,-1.114,2,S,1120,Y
-2.019,-2.002,2,V,1121,-
-0.3039,-0.1772,7,V,1121,A
-0.05724,-0.0303,6,V,1121,C
-6.884,-4.869,1,V,1121,D
-2.974,-3.252,11,V,1121,E
-1.368,-1.158,4,V,1121,F
-1.164,-0.925,6,V,1121,G
-3.95,-4.143,1,V,1121,H
4.403,0.5705,1,V,1121,I
-2.386,-2.505,4,V,1121,K
-0.1906,-0.1063,6,V,1121,L
-1.239,-1.008,5,V,1121,M
-2.853,-3.109,4,V,1121,N
-5.827,-4.782,2,V,1121,P
-3.463,-3.76,5,V,1121,Q
-6.92,-4.87,2,V,1121,R
-1.544,-1.374,6,V,1121,S
-0.09882,-0.05317,4,V,1121,T
0,0,,V,1121,V
-6.73,-4.861,2,V,1121,W
-11.16,-4.915,2,V,1121,Y
-0.1193,-0.0647,1,V,1122,-
1.224,0.3946,3,V,1122,A
-6.1,-4.813,1,V,1122,C
-2.744,-2.974,4,V,1122,D
-2.316,-2.41,6,V,1122,E
-1.141,-0.9001,6,V,1122,F
-1.077,-0.8328,3,V,1122,G
-2.689,-2.904,4,V,1122,H
-0.2775,-0.1601,3,V,1122,I
-5.562,-4.742,5,V,1122,K
-2.259,-2.333,9,V,1122,L
-1.828,-1.744,13,V,1122,M
-5.109,-4.648,2,V,1122,N
-3.115,-3.411,5,V,1122,Q
-2.804,-3.049,3,V,1122,R
-1.496,-1.314,3,V,1122,S
0.8149,0.3064,3,V,1122,T
0,0,,V,1122,V
-3.314,-3.619,5,V,1122,W
-3.076,-3.368,6,V,1122,Y
-0.7539,-0.5207,2,L,1123,A
-0.6589,-0.4395,7,L,1123,C
-2.89,-3.154,1,L,1123,D
-2.357,-2.465,6,L,1123,E
-0.9614,-0.7145,2,L,1123,F
-1.386,-1.18,3,L,1123,G
-4.591,-4.48,3,L,1123,H
-0.8407,-0.599,5,L,1123,I
-0.9414,-0.6949,1,L,1123,K
0,0,,L,1123,L
0.6604,0.2636,8,L,1123,M
-3.908,-4.115,6,L,1123,N
-2.015,-1.997,8,L,1123,P
-1.39,-1.184,6,L,1123,Q
-7.214,-4.882,11,L,1123,R
-0.4521,-0.279,3,L,1123,S
-0.3973,-0.2401,7,L,1123,T
0.8079,0.3046,4,L,1123,V
-0.2938,-0.1706,6,L,1123,W
-1.336,-1.12,7,L,1123,Y
-0.08671,-0.04643,1,I,1124,A
-0.3982,-0.2408,2,I,1124,C
-3.657,-3.928,2,I,1124,D
-2.477,-2.628,10,I,1124,E
-1.187,-0.951,6,I,1124,F
-1.559,-1.393,11,I,1124,G
-1.478,-1.291,2,I,1124,H
0,0,,I,1124,I
-4.269,-4.332,2,I,1124,K
1.66,0.4583,4,I,1124,L
-0.5252,-0.3333,9,I,1124,M
-4.126,-4.253,2,I,1124,N
-1.991,-1.965,6,I,1124,P
-11.36,-4.916,4,I,1124,R
-1.472,-1.284,4,I,1124,S
-1.388,-1.182,5,I,1124,T
-0.5319,-0.3384,2,I,1124,V
-2.146,-2.177,1,I,1124,W
-2.793,-3.036,8,I,1124,Y
-0.655,-0.4363,6,F,1125,A
0.5324,0.2233,2,F,1125,C
-3.379,-3.682,3,F,1125,D
-2.755,-2.988,4,F,1125,E
0,0,,F,1125,F
4.467,0.571,2,F,1125,G
-2.746,-2.977,3,F,1125,H
3.979,0.5664,8,F,1125,I
-2.606,-2.798,6,F,1125,K
1.61,0.4522,6,F,1125,L
-0.4856,-0.3036,4,F,1125,M
-1.928,-1.878,3,F,1125,N
-2.194,-2.242,5,F,1125,P
-3.228,-3.532,10,F,1125,Q
-5.101,-4.646,6,F,1125,R
-0.4111,-0.2498,6,F,1125,S
1.749,0.4682,5,F,1125,T
0.952,0.3398,3,F,1125,V
-3.057,-3.347,7,F,1125,W
-2.941,-3.214,3,F,1125,Y
0.9799,0.346,4,V,1126,A
-0.1855,-0.1033,2,V,1126,C
-2.892,-3.156,9,V,1126,D
-1.358,-1.146,7,V,1126,E
-2.78,-3.019,6,V,1126,F
-1.581,-1.42,5,V,1126,G
-2.113,-2.132,5,V,1126,H
-0.04392,-0.02313,10,V,1126,I
-4.174,-4.28,2,V,1126,K
2.205,0.5081,2,V,1126,L
-0.4421,-0.2718,4,V,1126,M
-4.203,-4.297,10,V,1126,N
-0.3125,-0.1828,4,V,1126,P
-3.094,-3.388,2,V,1126,Q
-1.345,-1.131,1,V,1126,R
1.928,0.486,2,V,1126,S
-0.8681,-0.6245,1,V,1126,T
0,0,,V,1126,V
-1.282,-1.058,2,V,1126,W
-2.434,-2.57,6,V,1126,Y
-1.378,-1.17,6,V,1127,A
3.017,0.547,4,V,1127,C
-2.283,-2.365,7,V,1127,D
-0.1214,-0.06591,1,V,1127,E
6.11,0.577,2,V,1127,F
-0.4518,-0.2788,4,V,1127,G
-2.978,-3.257,4,V,1127,H
-1.014,-0.7672,4,V,1127,I
-1.651,-1.51,1,V,1127,K
0.9537,0.3401,4,V,1127,L
-0.04108,-0.02161,6,V,1127,M
-2.182,-2.227,3,V,1127,N
-1.474,-1.287,5,V,1127,P
-1.999,-1.976,3,V,1127,Q
-3.563,-3.85,4,V,1127,R
-0.7449,-0.5128,7,V,1127,S
0.408,0.1797,5,V,1127,T
0,0,,V,1127,V
-1.36,-1.148,7,V,1127,W
-2.376,-2.491,4,V,1127,Y
1.747,0.468,3,S,1128,A
1.298,0.4074,3,S,1128,C
-1.86,-1.786,4,S,1128,D
-3.256,-3.56,7,S,1128,E
-0.6855,-0.4618,12,S,1128,F
0.201,0.09609,3,S,1128,G
-1.672,-1.538,5,S,1128,H
1.15,0.3812,4,S,1128,I
-3.211,-3.514,5,S,1128,K
-1.723,-1.604,5,S,1128,L
-1.477,-1.29,4,S,1128,M
-1.813,-1.723,4,S,1128,N
-1.119,-0.8766,5,S,1128,P
-1.36,-1.148,4,S,1128,Q
-7.164,-4.88,4,S,1128,R
0,0,,S,1128,S
-2.267,-2.343,3,S,1128,T
0.1151,0.05693,6,S,1128,V
-1.946,-1.903,3,S,1128,W
-1.039,-0.793,8,S,1128,Y
-0.5678,-0.3661,1,M,1129,A
0.2228,0.1056,2,M,1129,C
-4.709,-4.525,4,M,1129,D
-4.386,-4.391,5,M,1129,E
-0.07702,-0.04109,6,M,1129,F
-0.8813,-0.637,5,M,1129,G
-2.577,-2.76,2,M,1129,H
0.7391,0.2861,19,M,1129,I
-5.482,-4.728,7,M,1129,K
0.4645,0.2001,5,M,1129,L
0,0,,M,1129,M
-2.342,-2.445,1,M,1129,N
-0.6569,-0.4379,4,M,1129,P
-2.891,-3.154,5,M,1129,Q
-2.074,-2.078,4,M,1129,R
-0.6415,-0.4252,4,M,1129,S
0.9014,0.3279,8,M,1129,T
0.8502,0.3154,8,M,1129,V
-1.156,-0.9164,4,M,1129,W
-1.326,-1.109,3,M,1129,Y
0.6438,0.2586,1,S,113,I
-1.12,-0.8773,1,S,113,N
1.792,0.4727,2,S,113,R
0,0,,S,113,S
1.237,0.397,1,S,113,T
-7.78,-4.897,1,L,1130,*
-0.1863,-0.1038,1,L,1130,-
-4.503,-4.443,1,L,1130,A
0.8943,0.3262,3,L,1130,C
-7.477,-4.89,9,L,1130,D
-2.398,-2.521,1,L,1130,E
-1.25,-1.021,9,L,1130,F
-0.2194,-0.1238,10,L,1130,G
-0.2063,-0.1158,3,L,1130,H
-2.299,-2.387,5,L,1130,I
-2.17,-2.21,2,L,1130,K
0,0,,L,1130,L
-0.1161,-0.0629,5,L,1130,M
-2.475,-2.625,4,L,1130,N
-1.942,-1.897,1,L,1130,P
-0.3159,-0.185,3,L,1130,Q
-1.927,-1.878,5,L,1130,R
0.9989,0.3502,10,L,1130,S
0.8994,0.3274,3,L,1130,T
-0.5707,-0.3684,5,L,1130,V
-1.228,-0.9967,5,L,1130,W
-1.816,-1.727,5,L,1130,Y
-2.753,-2.986,1,L,1131,-
0.3809,0.1696,1,L,1131,A
0.1111,0.05504,3,L,1131,C
-7.46,-4.889,4,L,1131,D
-7.395,-4.888,6,L,1131,E
0.582,0.2395,5,L,1131,F
1.685,0.4611,5,L,1131,G
0.1099,0.05445,1,L,1131,H
1.744,0.4677,2,L,1131,I
-1.873,-1.805,3,L,1131,K
0,0,,L,1131,L
-0.8253,-0.5848,6,L,1131,M
-2.403,-2.527,2,L,1131,N
-0.8126,-0.5732,3,L,1131,P
-1.659,-1.521,6,L,1131,Q
-2.713,-2.935,3,L,1131,R
-0.1541,-0.08472,3,L,1131,S
-0.1797,-0.09984,1,L,1131,T
3.754,0.5633,2,L,1131,V
-0.5315,-0.338,4,L,1131,W
-2.252,-2.323,1,L,1131,Y
0.3092,0.1416,1,L,1132,-
-0.9974,-0.7505,4,L,1132,A
1.341,0.4143,7,L,1132,C
-3.522,-3.814,3,L,1132,D
-4.325,-4.36,8,L,1132,E
0.4036,0.1781,22,L,1132,F
-1.613,-1.462,3,L,1132,G
-0.7884,-0.5513,4,L,1132,H
0.3517,0.1584,5,L,1132,I
-1.489,-1.305,8,L,1132,K
0,0,,L,1132,L
-1.285,-1.062,4,L,1132,M
-1.543,-1.372,3,L,1132,N
-3.658,-3.929,4,L,1132,P
-0.9092,-0.6636,6,L,1132,Q
-1.344,-1.129,4,L,1132,R
-2.628,-2.826,2,L,1132,S
-1.122,-0.8795,4,L,1132,T
3.217,0.5526,3,L,1132,V
-0.8907,-0.6459,12,L,1132,W
0.2955,0.1361,4,L,1132,Y
-5.447,-4.722,3,C,1133,*
-0.8629,-0.6197,1,C,1133,-
-0.3937,-0.2376,5,C,1133,A
0,0,,C,1133,C
-3.347,-3.651,3,C,1133,D
-3.631,-3.906,7,C,1133,E
-0.5098,-0.3216,8,C,1133,F
-0.1373,-0.075,7,C,1133,G
-2.747,-2.978,1,C,1133,H
-1.227,-0.9955,4,C,1133,I
-1.363,-1.152,5,C,1133,K
-0.01528,-0.007956,1,C,1133,L
2.206,0.5082,4,C,1133,M
-1.088,-0.8436,1,C,1133,N
-1.838,-1.757,3,C,1133,P
0.004877,0.002519,3,C,1133,Q
-2.824,-3.074,8,C,1133,R
-0.8297,-0.5889,8,C,1133,S
1.244,0.3983,1,C,1133,T
-0.07884,-0.04209,2,C,1133,V
0.5844,0.2402,2,C,1133,W
-1.676,-1.543,9,C,1133,Y
-2.998,-3.281,4,C,1134,*
0.7399,0.2863,1,C,1134,-
0,0,,C,1134,C
-3.071,-3.363,5,C,1134,D
-5.422,-4.717,2,C,1134,E
-0.2648,-0.152,4,C,1134,F
-1.56,-1.393,1,C,1134,G
-8.045,-4.901,5,C,1134,H
0.5492,0.2289,7,C,1134,I
-4.831,-4.567,3,C,1134,K
-1.115,-0.8725,8,C,1134,L
-0.8555,-0.6128,8,C,1134,M
-1.958,-1.92,2,C,1134,N
-0.5684,-0.3666,7,C,1134,P
-2.59,-2.777,3,C,1134,Q
-1.135,-0.8943,1,C,1134,R
-1.055,-0.8091,6,C,1134,S
-0.624,-0.4109,7,C,1134,T
0.1468,0.07167,2,C,1134,V
1.102,0.3717,5,C,1134,W
-1.181,-0.9438,29,C,1134,Y
-2.81,-3.056,2,C,1135,*
-4.936,-4.6,2,C,1135,-
2.171,0.5056,2,C,1135,A
0,0,,C,1135,C
-1.204,-0.9689,4,C,1135,D
-2.374,-2.489,4,C,1135,E
0.5528,0.2301,18,C,1135,F
-0.3814,-0.2291,5,C,1135,G
-1.013,-0.7667,3,C,1135,H
-0.2797,-0.1615,2,C,1135,I
-1.76,-1.653,5,C,1135,K
-0.6041,-0.3949,6,C,1135,L
-0.8363,-0.595,5,C,1135,M
-0.7226,-0.4934,5,C,1135,N
-0.05316,-0.02809,1,C,1135,P
-2.091,-2.101,3,C,1135,Q
0.4138,0.1819,3,C,1135,R
0.8742,0.3213,5,C,1135,S
-0.2784,-0.1607,3,C,1135,T
4.564,0.5717,1,C,1135,V
-6.387,-4.839,2,C,1135,W
-1.572,-1.409,9,C,1135,Y
1.742,0.4675,1,S,1136,-
0.2213,0.105,2,S,1136,A
3.54,0.5597,5,S,1136,C
-1.772,-1.669,5,S,1136,D
-2.262,-2.336,4,S,1136,E
0.4361,0.19,22,S,1136,F
1.951,0.488,3,S,1136,G
-0.8341,-0.5929,7,S,1136,H
-0.3589,-0.2137,1,S,1136,I
-1.56,-1.394,5,S,1136,K
2.58,0.5299,6,S,1136,L
0.1944,0.09317,5,S,1136,M
-0.5064,-0.3191,1,S,1136,N
-1.169,-0.9311,5,S,1136,P
-0.7175,-0.4891,4,S,1136,Q
0.4479,0.1942,6,S,1136,R
0,0,,S,1136,S
-0.2017,-0.113,7,S,1136,T
5.41,0.5755,4,S,1136,V
-0.07623,-0.04066,8,S,1136,W
-0.3167,-0.1855,8,S,1136,Y
2.207,0.5082,1,T,1137,-
-2.389,-2.509,3,T,1137,A
-1.967,-1.932,1,T,1137,C
-1.673,-1.538,3,T,1137,D
-1.592,-1.435,6,T,1137,E
-1.076,-0.8309,7,T,1137,F
-1.426,-1.228,1,T,1137,G
-0.9026,-0.6572,6,T,1137,H
-2.112,-2.13,16,T,1137,I
-0.4491,-0.2769,7,T,1137,K
-1.454,-1.261,4,T,1137,L
-0.9705,-0.7235,4,T,1137,M
2.939,0.5444,7,T,1137,N
2.124,0.5022,4,T,1137,P
-1.424,-1.225,2,T,1137,Q
1.249,0.3991,2,T,1137,R
0.04617,0.02346,3,T,1137,S
0,0,,T,1137,T
-0.1623,-0.08954,2,T,1137,V
-1.262,-1.034,9,T,1137,W
-2.003,-1.981,10,T,1137,Y
-1.568,-1.404,1,G,1138,A
-1.385,-1.178,5,G,1138,C
-1.422,-1.223,8,G,1138,D
0,0,,G,1138,G
0.5251,0.2209,1,G,1138,R
-5.291,-4.691,6,G,1138,S
-3.709,-3.969,1,G,1138,V
0,0,,C,1139,C
-0.6837,-0.4603,1,C,1139,G
1.76,0.4694,1,C,1139,R
-4.743,-4.537,2,C,1139,W
-2.232,-2.295,4,C,1139,Y
-0.6314,-0.4169,1,S,114,P
0,0,,S,114,S
-0.7272,-0.4974,7,S,114,Y
-1.463,-1.273,5,C,1140,*
0,0,,C,1140,C
-2.142,-2.172,3,C,1140,F
-4.614,-4.489,1,C,1140,R
-7.886,-4.899,3,C,1140,S
-4.508,-4.446,9,C,1140,Y
0.1162,0.05745,12,G,1141,*
-0.8416,-0.5998,15,G,1141,E
0,0,,G,1141,G
-1.354,-1.142,16,G,1141,R
-2.155,-2.189,4,G,1141,V
4.195,0.5687,1,F,1142,C
0,0,,F,1142,F
-0.1202,-0.0652,11,F,1142,L
0,0,,F,1143,F
2.363,0.5183,1,F,1143,I
-6.658,-4.857,3,F,1143,L
-1.672,-1.537,1,S,1144,A
-1.389,-1.183,1,S,1144,C
-4.286,-4.341,1,S,1144,F
0,0,,S,1144,S
-0.9669,-0.7199,1,S,1144,T
-0.5739,-0.3709,8,S,1144,Y
0,0,,C,1145,C
1.912,0.4846,3,C,1145,F
1.839,0.4775,20,C,1145,W
2.212,0.5085,14,C,1145,Y
-0.1897,-0.1058,1,F,1146,-
0,0,,F,1146,F
4.792,0.5731,1,F,1146,I
1.096,0.3706,12,F,1146,L
1.273,0.4031,2,F,1146,S
1.65,0.457,1,F,1146,V
-1.706,-1.582,1,A,1147,-
0,0,,A,1147,A
-1.229,-0.997,8,A,1147,D
-0.3896,-0.2348,1,A,1147,P
-0.1246,-0.06773,2,A,1147,S
0.6822,0.27,4,A,1147,T
-3.827,-4.058,4,A,1147,V
0.3976,0.1759,1,S,1148,-
-3.114,-3.41,5,S,1148,F
0,0,,S,1148,S
-0.6376,-0.422,1,S,1148,T
-1.254,-1.026,8,S,1148,Y
-6.919,-4.87,3,S,1149,*
-1.424,-1.225,1,S,1149,-
1.104,0.3721,1,S,1149,A
1.479,0.435,5,S,1149,L
-3.117,-3.413,2,S,1149,P
0,0,,S,1149,S
0,0,,D,115,D
0.9386,0.3367,5,D,115,N
-9.124,-4.911,4,D,115,Y
0.09471,0.04721,1,I,1150,-
0,0,,I,1150,I
-0.8669,-0.6234,1,I,1150,L
1.252,0.3996,1,I,1150,M
-5.407,-4.714,1,I,1150,V
-0.174,-0.09646,1,R,1151,-
-0.9565,-0.7096,1,R,1151,G
-0.7643,-0.5299,5,R,1151,L
0.8798,0.3227,1,R,1151,P
0.3973,0.1758,12,R,1151,Q
0,0,,R,1151,R
0.001387,0.0007174,7,R,1151,W
0,0,,*,1152,*
-0.3027,-0.1764,1,*,1152,-
1.017,0.3541,1,*,1152,C
-2.794,-3.036,2,*,1152,L
-3.627,-3.903,2,V,116,L
2.329,0.5162,4,V,116,M
0,0,,V,116,V
0,0,,I,117,I
0.8179,0.3072,1,I,117,S
-1.164,-0.9256,1,R,118,*
-6.329,-4.834,8,R,118,I
-5.369,-4.707,1,R,118,K
0,0,,R,118,R
-2.304,-2.394,1,Y,119,*
0.766,0.2935,3,Y,119,C
-0.8,-0.5618,1,Y,119,H
0,0,,Y,119,Y
0,0,,H,12,H
-1.32,-1.101,2,H,12,Q
4.018,0.5668,7,H,12,Y
3.337,0.5556,2,N,120,D
0.1579,0.07679,1,N,120,K
0,0,,N,120,N
-1.376,-1.168,2,N,120,S
0,0,,I,121,I
3.527,0.5595,4,I,121,V
-1.864,-1.792,2,N,122,D
1.491,0.4366,1,N,122,K
0,0,,N,122,N
-0.8054,-0.5667,1,N,122,Y
0,0,,F,123,F
6.132,0.577,5,F,123,L
-8.372,-4.905,13,E,124,*
0,0,,E,124,E
-4.062,-4.215,2,E,124,G
-0.2386,-0.1356,2,E,124,K
3.933,0.5658,2,R,125,L
0.6939,0.2734,1,R,125,Q
0,0,,R,125,R
2.735,0.5368,5,R,125,W
-1.367,-1.158,1,N,126,D
0,0,,N,126,N
1.531,0.4421,2,L,127,I
0,0,,L,127,L
-4.808,-4.56,3,L,127,Q
-0.1693,-0.09364,1,R,128,C
-0.7949,-0.5572,10,R,128,H
-1.755,-1.646,2,R,128,L
0,0,,R,128,R
1.137,0.3785,1,R,128,S
1.046,0.3602,1,R,129,I
2.155,0.5045,6,R,129,K
0,0,,R,129,R
0,0,,I,13,I
3.5,0.559,1,I,13,N
-4.433,-4.412,1,G,130,A
-5.65,-4.757,7,G,130,C
-1.171,-0.9327,4,G,130,D
0,0,,G,130,G
-0.4572,-0.2827,4,G,130,S
-1.207,-0.9724,1,G,130,V
-1.056,-0.8102,1,T,131,A
-0.814,-0.5745,2,T,131,I
-1.663,-1.525,3,T,131,N
0,0,,T,131,T
0,0,,I,132,I
-0.5825,-0.3777,1,I,132,M
-1.68,-1.549,3,I,132,T
-0.0917,-0.04921,2,I,132,V
0,0,,L,133,L
-2.846,-3.101,6,L,133,M
-1.687,-1.557,1,L,133,Q
0,0,,F,134,F
-1.208,-0.9739,1,F,134,V
-0.08298,-0.04437,2,K,135,G
0,0,,K,135,K
0.3288,0.1494,8,K,135,N
0.04737,0.02406,2,T,136,A
-1.815,-1.726,4,T,136,N
0,0,,T,136,T
-0.7365,-0.5054,1,S,137,G
0.6062,0.2471,3,S,137,N
0,0,,S,137,S
-7.81,-4.897,3,Y,138,*
-1.33,-1.114,1,Y,138,C
1.128,0.3769,1,Y,138,H
-4.279,-4.337,1,Y,138,N
0,0,,Y,138,Y
-2.752,-2.984,6,G,139,C
-0.8214,-0.5812,4,G,139,D
0,0,,G,139,G
-1.575,-1.413,1,G,139,R
-1.277,-1.052,1,G,139,S
-3.901,-4.11,3,G,139,V
0,0,,A,14,A
-0.08978,-0.04814,5,A,14,D
-0.4613,-0.2857,5,A,14,T
-1.484,-1.299,5,A,14,V
-2.092,-2.102,1,V,140,*
-6.878,-4.868,1,V,140,G
0.0195,0.01001,2,V,140,I
-1.036,-0.7897,1,V,140,L
0,0,,V,140,V
-1.988,-1.961,1,V,141,A
-0.5302,-0.3371,3,V,141,L
-0.4226,-0.2579,1,V,141,M
0,0,,V,141,V
-5.917,-4.793,1,V,142,A
-0.6205,-0.408,1,V,142,E
-2.649,-2.853,1,V,142,L
-4.414,-4.404,1,V,142,M
0,0,,V,142,V
0,0,,F,143,F
-1.924,-1.873,6,F,143,L
-2.442,-2.58,1,F,143,S
-6.872,-4.868,3,Y,144,*
-2.701,-2.92,2,Y,144,C
1.517,0.4402,1,Y,144,H
0,0,,Y,144,Y
0,0,,C,145,C
-2.78,-3.02,3,C,145,F
-4.216,-4.304,1,C,145,N
-3.317,-3.622,1,C,145,S
-7.307,-4.885,7,C,145,Y
-3.99,-4.169,3,T,146,A
0,0,,T,146,T
-2.364,-2.476,1,N,147,-
2.139,0.5033,2,N,147,D
-1.956,-1.917,2,N,147,K
0,0,,N,147,N
-4.554,-4.465,4,N,147,S
-1.43,-1.233,1,N,148,D
-4.388,-4.391,1,N,148,K
0,0,,N,148,N
-0.7551,-0.5218,1,N,148,S
-0.2358,-0.1339,3,T,149,I
-2.241,-2.307,1,T,149,N
0,0,,T,149,T
3.425,0.5575,4,G,15,C
3.5,0.559,3,G,15,D
0,0,,G,15,G
3.484,0.5587,4,G,15,S
-6.875,-4.868,2,G,15,V
0.5429,0.2268,1,L,150,C
-7.413,-4.888,1,L,150,I
0,0,,L,150,L
0.127,0.06252,9,L,150,M
1.291,0.4062,1,L,150,N
0.0453,0.02303,1,L,150,P
1.553,0.4449,1,V,151,A
-0.9206,-0.6746,1,V,151,D
0,0,,V,151,V
-1.63,-1.483,2,S,152,P
0,0,,S,152,S
2.768,0.5381,10,S,152,Y
-1.543,-1.372,7,G,153,C
-1.063,-0.8174,1,G,153,D
0,0,,G,153,G
3.354,0.5559,1,G,153,S
0.6578,0.2628,3,G,153,V
0,0,,D,154,D
0.4511,0.1954,1,D,154,E
4.065,0.5674,1,D,154,G
-4.29,-4.343,1,D,154,H
-0.8103,-0.5711,3,D,154,N
0.6063,0.2471,4,D,154,Y
0,0,,A,155,A
-2.806,-3.051,1,A,155,D
-1.115,-0.8725,2,A,155,S
-0.535,-0.3407,5,A,155,T
4.697,0.5725,2,A,155,V
3.511,0.5592,1,H,156,D
0,0,,H,156,H
1.351,0.416,1,H,156,L
-0.4201,-0.2561,12,H,156,N
0.3856,0.1714,2,H,156,R
-4.05,-4.207,1,H,156,Y
0,0,,I,157,I
2.087,0.4994,3,I,157,N
-0.02462,-0.01287,2,I,157,T
-1.472,-1.284,2,I,157,V
2.941,0.5445,1,P,158,A
1.006,0.3518,5,P,158,H
0.4911,0.2094,2,P,158,L
0,0,,P,158,P
-1.794,-1.699,1,P,158,R
1.155,0.382,3,P,158,S
-0.6156,-0.4041,9,P,158,T
-1.93,-1.881,1,F,159,C
0,0,,F,159,F
-1.42,-1.22,1,F,159,I
-0.09603,-0.05161,3,F,159,L
2.555,0.5286,2,F,159,S
-6.768,-4.863,1,C,16,*
0,0,,C,16,C
-1.046,-0.7998,2,C,16,F
-2.149,-2.182,9,C,16,Y
-5.456,-4.724,11,G,160,C
3.699,0.5625,3,G,160,D
0,0,,G,160,G
-2.839,-3.092,1,G,160,R
-1.962,-1.925,2,G,160,S
-6.033,-4.806,3,G,160,V
3.881,0.5651,3,T,161,A
4.19,0.5686,2,T,161,K
0,0,,T,161,T
6.245,0.5772,1,V,162,A
3.895,0.5653,1,V,162,E
-2.512,-2.674,1,V,162,L
-2.055,-2.052,2,V,162,M
0,0,,V,162,V
0,0,,L,163,L
1.229,0.3956,4,L,163,M
1.489,0.4364,2,L,163,P
4.538,0.5715,1,L,163,Q
0.2719,0.1264,6,G,164,C
-0.5486,-0.3512,2,G,164,D
0,0,,G,164,G
-0.8882,-0.6435,3,G,164,S
-0.2758,-0.159,1,G,164,V
-3.974,-4.159,1,N,165,D
-1.85,-1.773,1,N,165,K
0,0,,N,165,N
1.222,0.3942,1,F,166,-
0,0,,F,166,F
-4.425,-4.409,1,F,166,L
-0.9262,-0.68,1,F,166,S
-7.702,-4.895,3,Y,167,*
-3.078,-3.37,2,Y,167,-
0,0,,Y,167,Y
-6.432,-4.842,1,C,168,*
-1.723,-1.605,2,C,168,-
0,0,,C,168,C
-4.56,-4.468,1,C,168,F
-3.657,-3.928,1,C,168,R
-7.75,-4.896,5,C,168,Y
0,0,,F,169,F
-2.803,-3.047,6,F,169,L
-2.628,-2.826,1,F,169,S
-2.622,-2.818,1,F,169,Y
-7.393,-4.888,5,Q,17,*
-1.177,-0.9397,1,Q,17,E
0.4719,0.2027,3,Q,17,H
0.08363,0.04187,9,Q,17,K
0,0,,Q,17,Q
2.953,0.5449,2,Q,17,R
-0.1211,-0.06573,3,V,170,A
-2.333,-2.433,2,V,170,L
-1.085,-0.8409,2,V,170,M
0,0,,V,170,V
-2.457,-2.6,1,N,171,D
0,0,,N,171,N
-0.7988,-0.5607,1,N,171,S
0.03419,0.01746,2,T,172,A
-0.6167,-0.405,3,T,172,I
0,0,,T,172,T
-1.597,-1.44,6,T,173,A
-4.741,-4.537,2,T,173,I
-1.525,-1.349,2,T,173,K
0,0,,T,173,T
0,0,,I,174,I
-1.177,-0.9395,1,I,174,M
0.3991,0.1764,1,I,174,N
1.112,0.3738,1,I,174,T
3.606,0.5609,2,I,174,V
-10.65,-4.915,8,G,175,*
-1.8,-1.707,8,G,175,E
0,0,,G,175,G
-0.7004,-0.4744,11,G,175,R
-2.163,-2.201,1,G,175,V
-0.5329,-0.3391,2,N,176,G
2.116,0.5016,2,N,176,K
0,0,,N,176,N
-1.76,-1.653,1,N,176,S
-4.627,-4.494,9,E,177,*
0.6493,0.2603,9,E,177,D
0,0,,E,177,E
-0.2573,-0.1473,1,E,177,G
0.2878,0.1329,5,E,177,K
-2.793,-3.036,1,E,177,V
-0.03216,-0.01686,2,T,178,A
-1.931,-1.883,3,T,178,I
3.185,0.5518,1,T,178,K
0,0,,T,178,T
-0.132,-0.07196,1,T,179,A
0.2208,0.1047,3,T,179,I
3.298,0.5546,1,T,179,N
0,0,,T,179,T
0.2748,0.1276,1,T,18,A
1.579,0.4483,1,T,18,I
0,0,,T,18,T
-4.258,-4.326,2,S,180,F
0,0,,S,180,S
-0.1798,-0.0999,2,S,180,T
-0.7226,-0.4934,6,S,180,Y
0,0,,A,181,A
0.7027,0.2759,4,A,181,D
2.124,0.5022,2,A,181,S
5.486,0.5758,4,A,181,T
0.04217,0.02147,3,A,181,V
0,0,,F,182,F
-3.097,-3.392,1,F,182,I
-1.077,-0.8327,4,F,182,L
-0.8065,-0.5677,1,F,182,V
-4.609,-4.487,1,V,183,L
-0.08129,-0.04344,2,V,183,M
0,0,,V,183,V
-6.898,-4.869,1,G,184,A
-0.3491,-0.2071,4,G,184,C
-1.389,-1.184,6,G,184,D
0,0,,G,184,G
-3.026,-3.312,2,G,184,S
4.645,0.5722,1,G,184,V
0,0,,A,185,A
-1.474,-1.287,1,A,185,D
0.5147,0.2174,1,A,185,G
2.562,0.529,1,A,185,S
-0.3251,-0.1911,2,A,185,T
4.048,0.5672,6,A,185,V
0,0,,L,186,L
0.5013,0.2129,4,L,186,M
-1.754,-1.645,1,L,186,P
0.3878,0.1722,1,L,186,R
-3.47,-3.767,5,P,187,H
0,0,,P,187,P
-3.134,-3.432,1,P,187,S
0.2783,0.129,1,P,187,T
-1.362,-1.151,1,K,188,G
0,0,,K,188,K
2.104,0.5007,7,K,188,N
-0.1057,-0.05705,1,K,188,R
-2.374,-2.488,1,T,189,A
-1.876,-1.809,1,T,189,I
0,0,,T,189,T
1.825,0.4761,2,T,19,A
-0.4992,-0.3136,1,T,19,K
-0.1425,-0.078,6,T,19,M
0,0,,T,19,T
-0.1139,-0.06167,3,V,190,A
0.844,0.3138,1,V,190,E
0.288,0.133,1,V,190,L
-0.9675,-0.7206,8,V,190,M
0,0,,V,190,V
-1.276,-1.051,7,R,191,L
0.369,0.165,5,R,191,Q
0,0,,R,191,R
-0.9694,-0.7224,6,R,191,W
-5.189,-4.667,3,E,192,*
0,0,,E,192,E
-4.189,-4.289,15,E,192,K
0,0,,F,193,F
0.1086,0.05383,8,F,193,L
-0.8244,-0.584,2,F,193,S
0.8856,0.3241,1,F,193,Y
-8.493,-4.907,3,V,194,A
-1.444,-1.25,1,V,194,L
-1.725,-1.607,2,V,194,M
0,0,,V,194,V
0,0,,I,195,I
-6.927,-4.871,1,I,195,N
-4.746,-4.538,1,I,195,T
-3.116,-3.412,2,S,196,G
-0.9883,-0.7412,1,S,196,I
-7.754,-4.896,8,S,196,N
-0.9276,-0.6814,1,S,196,R
0,0,,S,196,S
1.802,0.4738,1,R,197,*
1.421,0.4266,8,R,197,I
-6.898,-4.869,6,R,197,K
0,0,,R,197,R
-2.001,-1.978,4,T,198,I
-0.3941,-0.2379,2,T,198,K
0,0,,T,198,T
-7.392,-4.888,5,G,199,*
-7.118,-4.879,5,G,199,E
0,0,,G,199,G
-6.381,-4.838,1,G,199,R
-7.678,-4.895,5,G,199,V
0,0,,F,2,F
0.2711,0.1261,1,F,2,L
-3.524,-3.815,1,F,2,S
0.4327,0.1888,1,F,2,Y
0.8691,0.3201,2,N,20,D
0.5081,0.2152,1,N,20,G
-4.897,-4.588,5,N,20,K
0,0,,N,20,N
0,0,,H,200,H
0.1182,0.05838,2,H,200,Q
-6.246,-4.827,2,H,200,Y
0,0,,F,201,F
2.971,0.5455,2,F,201,I
0.5857,0.2406,2,F,201,L
1.162,0.3834,1,Y,202,C
-6.9,-4.869,1,Y,202,D
-0.6728,-0.4511,3,Y,202,H
-1.988,-1.961,2,Y,202,N
0,0,,Y,202,Y
0,0,,I,203,I
-5.2,-4.67,1,I,203,V
-0.9043,-0.6589,1,N,204,D
0.7583,0.2914,1,N,204,K
0,0,,N,204,N
-5.89,-4.79,2,G,205,C
-9.251,-4.912,7,G,205,D
0,0,,G,205,G
-0.4665,-0.2895,1,G,205,S
-1.601,-1.446,1,G,205,V
-8.151,-4.903,2,Y,206,*
-1.471,-1.283,2,Y,206,C
-2.739,-2.968,1,Y,206,H
0,0,,Y,206,Y
0.5615,0.2329,2,R,207,G
1.361,0.4176,3,R,207,I
-1.192,-0.9559,1,R,207,K
0,0,,R,207,R
-2.988,-3.268,1,Y,208,*
1.306,0.4088,1,Y,208,H
0,0,,Y,208,Y
0,0,,F,209,F
-1.405,-1.203,4,F,209,L
-0.7329,-0.5023,1,F,209,S
1.245,0.3985,7,G,21,C
0.6766,0.2683,3,G,21,D
0,0,,G,21,G
-0.1439,-0.07884,5,G,21,S
-0.1683,-0.09306,2,T,210,A
7.431,0.578,1,T,210,I
0,0,,T,210,T
0,0,,L,211,L
-2.338,-2.44,1,L,211,P
-2.443,-2.582,1,L,211,Q
-6.808,-4.865,5,G,212,C
0.7,0.2751,8,G,212,D
0,0,,G,212,G
-0.1265,-0.06882,1,G,212,S
0.5293,0.2223,1,G,212,V
-0.0771,-0.04113,1,N,213,K
0,0,,N,213,N
-1.089,-0.8447,1,V,214,L
-0.02302,-0.01202,5,V,214,M
0,0,,V,214,V
-3.908,-4.115,3,E,215,*
0,0,,E,215,E
-0.6738,-0.452,5,E,215,K
0,0,,A,216,A
-4.416,-4.405,5,A,216,E
-1.136,-0.8955,3,A,216,S
-3.398,-3.7,4,A,216,T
-1.37,-1.161,2,A,216,V
0.5791,0.2385,3,V,217,A
4.931,0.5738,2,V,217,F
0.1019,0.05065,4,V,217,I
1.299,0.4076,1,V,217,L
0,0,,V,217,V
-2.444,-2.584,1,N,218,-
-2.046,-2.04,2,N,218,K
0,0,,N,218,N
-0.9067,-0.6612,1,F,219,-
0,0,,F,219,F
-1.782,-1.682,1,F,219,I
-2.198,-2.249,1,F,219,L
-3.48,-3.776,1,F,219,S
3.72,0.5628,1,F,219,Y
0,0,,L,22,L
1.125,0.3762,7,L,22,M
-2.122,-2.145,1,N,220,-
-0.4863,-0.3041,1,N,220,K
0,0,,N,220,N
-6.782,-4.864,4,V,221,L
-1.227,-0.9955,2,V,221,M
0,0,,V,221,V
0.4605,0.1987,3,T,222,A
-0.5133,-0.3243,3,T,222,I
-0.5224,-0.3312,2,T,222,N
0,0,,T,222,T
0.4513,0.1954,1,N,223,D
-1.044,-0.7977,1,N,223,I
0,0,,N,223,N
0.7517,0.2896,1,N,223,S
0,0,,A,224,A
1.015,0.3537,3,A,224,D
0.6121,0.2489,1,A,224,P
2.854,0.5414,2,A,224,S
-0.2745,-0.1582,5,A,224,T
5.525,0.5759,2,A,224,V
-8.733,-4.909,7,E,225,*
1.606,0.4516,5,E,225,D
0,0,,E,225,E
-0.1769,-0.09813,4,E,225,K
1.234,0.3965,2,T,226,I
2.597,0.5307,2,T,226,K
0,0,,T,226,T
-1.921,-1.869,1,T,227,A
0.5288,0.2222,5,T,227,I
3.552,0.56,3,T,227,N
2.653,0.5333,1,T,227,P
0,0,,T,227,T
-3.358,-3.662,1,V,228,D
0.2214,0.105,2,V,228,F
2.08,0.4988,10,V,228,I
0,0,,V,228,V
0,0,,C,229,C
-1.731,-1.614,4,C,229,Y
-6.246,-4.827,6,T,230,A
-1.477,-1.29,5,T,230,I
-1.472,-1.284,3,T,230,N
0,0,,T,230,T
1.431,0.4281,3,V,231,L
-0.3002,-0.1748,4,V,231,M
0,0,,V,231,V
0,0,,A,232,A
-9.165,-4.911,1,A,232,D
0.4155,0.1825,1,A,232,S
0.8252,0.3091,1,A,232,T
1.718,0.4648,2,A,232,V
0,0,,L,233,L
-0.0497,-0.02623,8,L,233,M
-5.418,-4.716,1,L,233,P
0,0,,A,234,A
-9.036,-4.911,3,A,234,D
4.176,0.5685,1,A,234,P
0.02144,0.011,1,A,234,S
0.7379,0.2858,7,A,234,T
-0.7198,-0.4911,7,A,234,V
-1.345,-1.13,1,S,235,G
1.665,0.4588,1,S,235,I
1.705,0.4633,4,S,235,N
2.419,0.5215,2,S,235,R
0,0,,S,235,S
-0.9701,-0.7232,2,Y,236,C
0.6423,0.2581,2,Y,236,H
0,0,,Y,236,Y
0,0,,A,237,A
2.38,0.5192,3,A,237,D
0.256,0.1197,2,A,237,S
3.353,0.5559,5,A,237,V
0,0,,D,238,D
0.2829,0.1309,2,D,238,E
-7.767,-4.896,2,D,238,G
-1.391,-1.186,6,D,238,N
-1.891,-1.829,3,D,238,Y
0.1766,0.08524,1,V,239,L
3.158,0.5511,5,V,239,M
0,0,,V,239,V
0.1782,0.08594,2,T,24,A
-1.107,-0.8644,3,T,24,I
-3.208,-3.511,1,T,24,K
0,0,,T,24,T
0,0,,L,240,L
3.08,0.5489,3,L,240,M
-1.91,-1.855,1,L,240,P
-2.528,-2.695,1,V,241,M
0,0,,V,241,V
0.775,0.2959,3,N,242,K
0,0,,N,242,N
0.1826,0.0879,1,N,242,S
-2.119,-2.139,3,V,243,A
0.3065,0.1405,3,V,243,M
0,0,,V,243,V
-1.058,-0.8127,5,S,244,G
-0.07871,-0.04202,4,S,244,I
3.046,0.5479,1,S,244,N
0,0,,S,244,S
-3.972,-4.158,2,Q,245,*
-1.276,-1.051,2,Q,245,K
0,0,,Q,245,Q
5.061,0.5743,3,Q,245,R
0.1269,0.06245,2,T,246,A
-6.947,-4.872,1,T,246,I
-9.483,-4.913,2,T,246,N
3.884,0.5652,1,T,246,P
0,0,,T,246,T
0,0,,A,247,A
0.1255,0.06179,2,A,247,D
1.622,0.4536,6,A,247,S
3.593,0.5607,5,A,247,T
-7.196,-4.881,1,A,247,V
0,0,,I,248,I
-0.3172,-0.1859,4,I,248,T
-4.184,-4.286,1,I,248,V
0,0,,A,249,A
0.7089,0.2777,3,A,249,S
-0.6703,-0.449,2,A,249,T
-0.261,-0.1496,1,S,25,G
2.363,0.5182,3,S,25,N
0,0,,S,25,S
-0.1964,-0.1098,2,N,250,-
-6.869,-4.868,1,N,250,I
-1.763,-1.656,1,N,250,K
0,0,,N,250,N
-6.95,-4.872,1,N,250,S
0.008486,0.004377,1,I,251,-
0,0,,I,251,I
-1.889,-1.826,1,I,251,N
-2.364,-2.475,2,I,251,T
-0.5751,-0.3719,2,I,251,V
-2.772,-3.009,1,I,252,-
0,0,,I,252,I
-4.487,-4.437,1,I,252,M
-3.965,-4.153,1,I,252,N
-1.374,-1.165,2,I,252,T
-9.491,-4.913,1,Y,253,*
-1.915,-1.861,1,Y,253,-
-6.798,-4.865,3,Y,253,H
0,0,,Y,253,Y
-6.596,-4.853,2,C,254,*
-1.676,-1.543,1,C,254,-
0,0,,C,254,C
-7.511,-4.891,2,C,254,F
-9.528,-4.913,2,C,254,R
-6.271,-4.829,6,C,254,Y
-1.321,-1.103,1,N,255,-
-0.0504,-0.02661,1,N,255,D
-0.6019,-0.3931,1,N,255,H
0,0,,N,255,N
-0.9652,-0.7182,1,S,256,-
-1.246,-1.017,4,S,256,G
-7.355,-4.886,1,S,256,I
-0.8814,-0.6371,2,S,256,N
-6.474,-4.845,3,S,256,R
0,0,,S,256,S
-0.7849,-0.5482,1,V,257,A
0.8651,0.3191,1,V,257,L
-1.193,-0.9577,4,V,257,M
0,0,,V,257,V
0,0,,I,258,I
2.758,0.5377,3,I,258,V
0.1859,0.08941,3,N,259,G
-2.176,-2.218,1,N,259,I
-2.345,-2.45,1,N,259,K
0,0,,N,259,N
0.8093,0.3049,1,N,259,S
0,0,,H,26,H
2.355,0.5178,3,H,26,N
0.9704,0.3439,3,H,26,Q
-1.401,-1.198,1,H,26,R
-6.993,-4.874,1,R,260,L
-8.878,-4.91,1,R,260,P
-2.348,-2.454,4,R,260,Q
0,0,,R,260,R
-3.962,-4.151,5,R,260,W
0,0,,L,261,L
2.057,0.497,2,L,261,M
2.08,0.4989,1,L,261,R
0.02352,0.01206,2,R,262,G
-4.204,-4.297,5,R,262,I
1.466,0.4331,6,R,262,K
0,0,,R,262,R
-6.877,-4.868,2,C,263,*
0,0,,C,263,C
1.191,0.3888,1,C,263,F
-1.589,-1.43,1,C,263,R
-7.582,-4.892,6,C,263,Y
0,0,,D,264,D
-4.769,-4.546,1,D,264,E
-1.993,-1.967,2,D,264,G
-0.001738,-0.0009001,3,D,264,N
-1.64,-1.496,15,D,264,Y
-4.269,-4.332,2,Q,265,*
-3.625,-3.902,1,Q,265,H
1.315,0.4102,5,Q,265,K
0,0,,Q,265,Q
-0.9563,-0.7094,2,Q,265,R
0,0,,L,266,L
-1.77,-1.667,1,L,266,M
-4.835,-4.568,4,L,266,P
-0.2715,-0.1563,3,L,266,R
3.713,0.5627,1,S,267,I
-6.578,-4.852,2,S,267,N
0,0,,S,267,S
0,0,,F,268,F
-0.00279,-0.001445,1,F,268,I
-1.701,-1.576,6,F,268,L
-2.483,-2.636,1,F,268,S
0,0,,D,269,D
3.225,0.5528,1,D,269,E
-0.04379,-0.02306,1,D,269,G
0.08202,0.0411,7,D,269,N
0.3379,0.153,4,D,269,Y
-0.7052,-0.4785,1,S,27,-
-0.3429,-0.203,2,S,27,I
3.154,0.551,2,S,27,N
-1.496,-1.313,2,S,27,R
0,0,,S,27,S
-1.595,-1.438,1,V,270,G
-1.388,-1.182,1,V,270,L
-2.045,-2.039,3,V,270,M
0,0,,V,270,V
-5.975,-4.8,1,P,271,L
0,0,,P,271,P
0.0706,0.03553,9,P,271,Q
-0.2746,-0.1583,1,P,271,R
0.9516,0.3397,3,P,271,S
-0.0187,-0.009748,1,P,271,T
-6.757,-4.862,1,D,272,A
0,0,,D,272,D
-1.711,-1.588,1,D,272,G
2.522,0.527,1,D,272,N
-0.6333,-0.4184,1,D,272,Y
-5.9,-4.791,8,G,273,C
-6.482,-4.846,5,G,273,D
0,0,,G,273,G
-3.441,-3.74,3,G,273,S
-2.475,-2.625,1,G,273,V
0,0,,F,274,F
-1.197,-0.9613,5,F,274,L
-8.28,-4.904,1,Y,275,*
-3.668,-3.937,1,Y,275,C
-6.771,-4.863,1,Y,275,D
0,0,,Y,275,Y
-1.203,-0.9687,1,S,276,G
-2.558,-2.735,6,S,276,N
-5.366,-4.706,1,S,276,R
0,0,,S,276,S
-2.487,-2.641,1,T,277,A
0.9568,0.3408,2,T,277,I
-0.9247,-0.6786,2,T,277,N
0,0,,T,277,T
-2.504,-2.663,1,S,278,P
0,0,,S,278,S
-3.925,-4.126,1,S,278,Y
1.033,0.3575,10,P,279,H
0,0,,P,279,P
-0.5572,-0.3579,8,P,279,T
-1.043,-0.7974,2,V,28,A
1.351,0.4159,1,V,28,E
0.5277,0.2218,2,V,28,L
5.063,0.5743,1,V,28,M
0,0,,V,28,V
0,0,,I,280,I
1.262,0.4013,1,I,280,V
-6.869,-4.868,1,Q,281,*
1.241,0.3977,3,Q,281,K
0,0,,Q,281,Q
3.912,0.5655,2,Q,281,R
2.523,0.527,3,S,282,G
2.428,0.522,3,S,282,I
-1.046,-0.8004,2,S,282,N
0.9258,0.3337,4,S,282,R
0,0,,S,282,S
-1.351,-1.138,1,V,283,A
0.2966,0.1365,3,V,283,F
-1.724,-1.606,6,V,283,I
0,0,,V,283,V
-4.601,-4.484,14,E,284,*
0,0,,E,284,E
-2.644,-2.847,1,E,284,G
-0.3007,-0.1751,9,E,284,K
-1.203,-0.9679,1,E,284,Q
-1.774,-1.672,1,E,284,V
0,0,,L,285,L
-2.54,-2.71,2,L,285,M
-13.6,-4.916,2,P,286,H
-6.683,-4.858,3,P,286,L
0,0,,P,286,P
-5.926,-4.794,6,P,286,S
-6.091,-4.812,2,P,286,T
0.415,0.1823,2,V,287,A
1.839,0.4776,2,V,287,L
0.8563,0.3169,4,V,287,M
0,0,,V,287,V
0.5474,0.2283,1,S,288,C
-5.821,-4.781,1,S,288,F
-7.705,-4.895,3,S,288,P
0,0,,S,288,S
-8.23,-4.904,5,S,288,Y
0,0,,I,289,I
-2.768,-3.004,1,I,289,S
-0.8032,-0.5647,4,I,289,T
0.2939,0.1354,1,I,289,V
0,0,,C,29,C
-2.498,-2.656,3,C,29,F
-4.064,-4.216,1,C,29,R
1.95,0.488,1,C,29,W
1.229,0.3955,4,C,29,Y
-0.3216,-0.1888,2,V,290,A
-1.687,-1.558,4,V,290,M
0,0,,V,290,V
2.374,0.5189,1,S,291,F
-5.155,-4.659,5,S,291,P
0,0,,S,291,S
0.2269,0.1074,2,S,291,Y
0,0,,L,292,L
-0.5029,-0.3165,5,L,292,M
-2.862,-3.12,1,L,292,P
-0.7622,-0.528,1,L,292,Q
-2.105,-2.121,2,P,293,H
-4.461,-4.425,3,P,293,L
0,0,,P,293,P
-3.542,-3.831,3,P,293,S
-1.681,-1.55,1,P,293,T
-4.067,-4.218,1,V,294,-
0.6638,0.2646,2,V,294,A
-2.525,-2.691,1,V,294,L
-0.8194,-0.5794,10,V,294,M
0,0,,V,294,V
-4.045,-4.204,1,Y,295,-
0.3694,0.1652,1,Y,295,C
-2.978,-3.256,3,Y,295,N
0,0,,Y,295,Y
-5.866,-4.787,1,H,296,-
0,0,,H,296,H
1.984,0.4909,5,H,296,N
-0.9594,-0.7125,1,H,296,Q
-2.51,-2.671,1,H,296,R
2.176,0.506,1,H,296,Y
-1.653,-1.513,2,K,297,E
0,0,,K,297,K
-0.9567,-0.7099,2,K,297,N
-0.6379,-0.4222,2,K,297,R
0,0,,H,298,H
-4.497,-4.441,2,H,298,N
-5.049,-4.632,2,H,298,Q
6.082,0.577,2,H,298,R
2.315,0.5153,4,H,298,Y
1.796,0.4732,3,T,299,I
0.7146,0.2793,1,T,299,N
0,0,,T,299,T
-4.262,-4.329,1,V,3,-
1.731,0.4663,3,V,3,A
2.488,0.5252,2,V,3,F
-0.9105,-0.6649,4,V,3,I
0,0,,V,3,V
-2.997,-3.278,2,N,30,D
0.3051,0.14,1,N,30,G
4.392,0.5704,1,N,30,K
0,0,,N,30,N
-2.113,-2.132,3,N,30,S
0,0,,F,300,F
0.983,0.3467,1,F,300,L
0.1574,0.07656,2,F,300,S
-2.252,-2.323,1,F,300,Y
0,0,,I,301,I
-0.9145,-0.6687,1,I,301,T
-3.894,-4.105,3,V,302,A
-1.175,-0.9375,1,V,302,G
-0.159,-0.0876,3,V,302,L
4.289,0.5696,5,V,302,M
0,0,,V,302,V
0,0,,L,303,L
-1.264,-1.037,2,L,303,R
-6.066,-4.81,3,Y,304,C
-1.153,-0.9137,1,Y,304,H
0,0,,Y,304,Y
1.782,0.4718,3,V,305,A
1.336,0.4135,2,V,305,L
-6.599,-4.853,6,V,305,M
0,0,,V,305,V
0,0,,D,306,D
2.814,0.5399,1,D,306,E
0.1356,0.06653,4,D,306,G
-0.07252,-0.03862,1,D,306,N
-0.7316,-0.5012,8,D,306,Y
0,0,,F,307,F
-1.069,-0.8244,3,F,307,L
-4.269,-4.332,1,F,307,Y
-3.208,-3.511,1,K,308,*
1.367,0.4185,3,K,308,E
0,0,,K,308,K
-2.45,-2.592,1,K,308,M
-1.056,-0.8104,2,K,308,R
0,0,,L,309,L
3.995,0.5666,1,L,309,M
-0.5284,-0.3357,1,L,309,Q
0.6625,0.2642,6,G,31,C
-0.9441,-0.6975,4,G,31,D
0,0,,G,31,G
-3.655,-3.926,3,G,31,S
-1.683,-1.552,1,G,31,V
-7.827,-4.898,4,Q,310,*
0.211,0.1005,11,Q,310,H
2.579,0.5298,1,Q,310,K
0,0,,Q,310,Q
-5.455,-4.724,1,S,311,I
-1.026,-0.7798,2,S,311,N
2.429,0.522,1,S,311,R
0,0,,S,311,S
0.4121,0.1812,4,S,311,T
-3.485,-3.781,6,G,312,C
-2.513,-2.675,4,G,312,D
0,0,,G,312,G
-3.051,-3.34,4,G,312,S
6.486,0.5774,2,G,312,V
-1.801,-1.708,1,V,313,L
-0.608,-0.398,1,V,313,M
0,0,,V,313,V
-5.906,-4.792,3,G,314,C
-2.985,-3.266,2,G,314,D
0,0,,G,314,G
0.2493,0.1169,1,G,314,V
-0.528,-0.3354,1,R,315,*
-0.6387,-0.4229,2,R,315,G
-0.397,-0.2399,1,R,315,I
-3.147,-3.445,3,R,315,K
0,0,,R,315,R
0,0,,C,316,C
-7.45,-4.889,4,C,316,Y
0,0,,F,317,F
0.1074,0.05328,8,F,317,L
-0.4054,-0.2458,1,F,317,S
-1.783,-1.683,2,F,317,Y
1.655,0.4576,1,N,318,G
-6.219,-4.825,1,N,318,K
0,0,,N,318,N
-7.533,-4.891,1,C,319,-
0,0,,C,319,C
-6.073,-4.811,1,C,319,G
-4.751,-4.54,1,C,319,Q
-5.899,-4.791,4,C,319,Y
0,0,,C,32,C
-0.1744,-0.09665,1,C,32,F
-1.153,-0.9129,1,C,32,G
4.291,0.5696,1,C,32,R
0.7826,0.2979,4,C,32,Y
-0.7662,-0.5315,3,R,320,G
-0.4261,-0.2604,6,R,320,I
-0.04766,-0.02513,2,R,320,K
0,0,,R,320,R
-5.663,-4.759,11,P,321,H
-5.207,-4.672,5,P,321,L
0,0,,P,321,P
-8.847,-4.909,6,P,321,S
-2.438,-2.575,1,P,321,T
0,0,,A,322,A
0.6184,0.2509,2,A,322,D
-1.096,-0.8526,1,A,322,G
-4.292,-4.344,2,A,322,S
-8.665,-4.908,4,A,322,T
2.688,0.5348,3,A,322,V
2.69,0.5349,2,V,323,E
3.344,0.5557,1,V,323,L
-1.649,-1.507,5,V,323,M
0,0,,V,323,V
-1.488,-1.304,1,V,324,A
-0.5885,-0.3824,3,V,324,L
-1.169,-0.931,3,V,324,M
0,0,,V,324,V
-1.713,-1.592,1,N,325,D
-3.779,-4.023,1,N,325,K
0,0,,N,325,N
0.6807,0.2695,1,N,325,S
0,0,,I,326,I
-5.395,-4.712,2,I,326,N
-1.271,-1.045,1,I,326,S
-2.147,-2.178,1,I,326,V
-2.369,-2.482,3,T,327,A
-0.282,-0.163,2,T,327,I
-1.039,-0.7929,1,T,327,K
0,0,,T,327,T
-6.506,-4.847,1,L,328,K
0,0,,L,328,L
-1.171,-0.9329,4,L,328,M
-2.266,-2.341,1,L,328,Q
0,0,,A,329,A
-5.013,-4.622,2,A,329,D
-1.872,-1.802,3,A,329,T
1.372,0.4192,2,V,33,A
-3.242,-3.546,1,V,33,L
-0.9091,-0.6635,3,V,33,M
0,0,,V,33,V
-0.36,-0.2145,1,N,330,K
0,0,,N,330,N
0,0,,F,331,F
-1.474,-1.287,1,F,331,I
0.5679,0.2349,4,F,331,L
-0.5469,-0.3499,4,F,331,S
-2.789,-3.03,1,F,331,V
-4.798,-4.556,2,N,332,-
-0.4729,-0.2942,2,N,332,G
0.413,0.1816,2,N,332,K
0,0,,N,332,N
-2.544,-2.716,2,N,332,S
-4.9,-4.589,6,E,333,*
-2.425,-2.558,2,E,333,-
0,0,,E,333,E
0.1061,0.05268,1,E,333,G
-0.2722,-0.1568,7,E,333,K
1.011,0.3529,2,T,334,-
-0.0286,-0.01497,3,T,334,A
1.65,0.457,1,T,334,I
-0.2824,-0.1633,2,T,334,N
0,0,,T,334,T
-0.5998,-0.3915,2,K,335,E
0,0,,K,335,K
-1.619,-1.469,2,K,335,N
-0.2847,-0.1647,1,K,335,R
0.2612,0.1219,1,G,336,A
-4.785,-4.552,4,G,336,C
-0.2504,-0.143,4,G,336,D
0,0,,G,336,G
-2.941,-3.213,2,G,336,S
0.337,0.1527,11,P,337,H
0,0,,P,337,P
1.15,0.3811,5,P,337,T
0,0,,L,338,L
0.4133,0.1817,7,L,338,M
-0.3974,-0.2402,1,L,338,V
-6.897,-4.869,3,C,339,*
0,0,,C,339,C
-6.911,-4.87,2,C,339,F
-2.1,-2.114,1,C,339,G
-1.142,-0.9017,1,C,339,R
-7.402,-4.888,2,C,339,S
-5.012,-4.622,7,C,339,Y
-3.869,-4.088,3,G,34,E
0,0,,G,34,G
-1.385,-1.179,3,G,34,R
1.386,0.4213,8,G,34,V
-0.977,-0.73,4,G,34,W
-2.236,-2.301,2,V,340,A
-7.124,-4.879,2,V,340,F
-1.151,-0.9108,4,V,340,I
0,0,,V,340,V
0,0,,D,341,D
0.9412,0.3373,3,D,341,E
-0.4868,-0.3045,2,D,341,G
-0.634,-0.419,8,D,341,N
-2.411,-2.539,8,D,341,Y
-0.3111,-0.1819,2,S,343,N
-2.894,-3.158,2,S,343,R
0,0,,S,343,S
0,0,,H,344,H
-4.438,-4.415,5,H,344,N
-1.092,-0.8482,1,H,344,R
0,0,,F,345,F
0.7392,0.2862,4,F,345,L
-7.889,-4.899,1,F,345,S
0.3924,0.1739,1,F,345,Y
-2.627,-2.825,1,T,346,I
0,0,,T,346,T
0.0947,0.04721,1,T,347,A
-3.059,-3.35,2,T,347,N
0,0,,T,347,T
0,0,,K,348,K
0.7511,0.2894,2,K,348,N
0.4249,0.1859,2,K,348,R
0,0,,F,349,F
1.664,0.4586,11,F,349,L
-0.8967,-0.6516,1,F,349,Y
0,0,,H,35,H
2.384,0.5195,4,H,35,N
2.219,0.509,2,H,35,Q
-2.476,-2.627,1,H,35,Y
-1.707,-1.584,2,V,350,L
-0.3674,-0.2195,4,V,350,M
0,0,,V,350,V
-7.072,-4.877,4,G,351,*
-6.771,-4.863,1,G,351,A
-1.84,-1.76,4,G,351,E
0,0,,G,351,G
-0.5661,-0.3648,8,G,351,R
3.336,0.5555,4,G,351,V
0,0,,A,352,A
0.4113,0.1809,1,A,352,D
-3.268,-3.572,2,A,352,S
1.65,0.457,4,A,352,T
0.3497,0.1576,4,A,352,V
0.4657,0.2006,1,N,353,I
-0.3023,-0.1762,1,N,353,K
0,0,,N,353,N
0,0,,F,354,F
-1.029,-0.7823,1,F,354,L
-2.991,-3.272,2,F,354,S
3.278,0.5542,1,F,354,V
1.223,0.3945,1,F,354,Y
-1.885,-1.82,1,G,355,A
0.4143,0.1821,8,G,355,C
-0.4533,-0.2799,8,G,355,D
0,0,,G,355,G
0.5188,0.2188,3,G,355,S
-0.6201,-0.4077,2,G,355,V
1.937,0.4868,1,R,356,I
-7.731,-4.896,2,R,356,K
0,0,,R,356,R
-4.518,-4.45,11,W,357,*
-4.194,-4.292,6,W,357,C
-0.6343,-0.4193,1,W,357,L
-7.145,-4.88,1,W,357,R
0,0,,W,357,W
-0.123,-0.06683,5,S,358,G
-3.074,-3.366,5,S,358,N
-2.994,-3.276,4,S,358,R
0,0,,S,358,S
0,0,,A,359,A
-6.935,-4.871,6,A,359,D
-2.332,-2.432,4,A,359,S
-0.9711,-0.7242,7,A,359,T
0.4487,0.1945,1,A,359,V
-0.5639,-0.3631,2,S,36,G
-0.5398,-0.3444,3,S,36,I
-1.42,-1.221,4,S,36,N
0,0,,S,36,S
-1.676,-1.543,1,S,36,T
-2.905,-3.171,1,S,360,G
0.3286,0.1494,2,S,360,I
-4.837,-4.569,4,S,360,N
0,0,,S,360,S
0,0,,I,361,I
-0.8644,-0.6211,1,I,361,L
-3.06,-3.351,1,I,361,N
0.2514,0.1178,1,I,361,V
1.691,0.4617,5,N,362,D
-1.148,-0.9081,1,N,362,K
0,0,,N,362,N
-2.068,-2.07,2,T,363,A
0.09754,0.04857,1,T,363,N
4.847,0.5734,1,T,363,S
0,0,,T,363,T
-8.147,-4.903,4,G,364,C
-3.73,-3.985,5,G,364,D
0,0,,G,364,G
-2.41,-2.538,2,G,364,S
-4.741,-4.536,3,G,364,V
-2.187,-2.234,1,N,365,G
-0.5133,-0.3243,2,N,365,K
0,0,,N,365,N
-6.132,-4.817,2,C,366,*
0,0,,C,366,C
-6.383,-4.838,5,C,366,F
-3.099,-3.393,3,C,366,Y
-3.361,-3.665,6,P,367,H
0,0,,P,367,P
-3.699,-3.961,1,P,367,S
1.011,0.3528,6,P,367,T
0,0,,F,368,F
-2.195,-2.244,12,F,368,L
-0.7046,-0.478,1,F,368,V
0.3649,0.1635,1,S,369,A
-0.7135,-0.4856,1,S,369,G
-2.65,-2.854,5,S,369,I
-3.304,-3.609,1,S,369,N
-9.643,-4.913,1,S,369,R
0,0,,S,369,S
-4.939,-4.601,12,E,37,*
0.6217,0.2519,2,E,37,D
0,0,,E,37,E
-0.4014,-0.243,3,E,37,K
-7.745,-4.896,1,F,370,C
0,0,,F,370,F
-1.999,-1.975,4,F,370,L
-0.2282,-0.1291,4,F,370,Y
-0.8938,-0.6489,9,G,371,C
0.9649,0.3427,3,G,371,D
0,0,,G,371,G
0.6827,0.2701,2,G,371,S
0.39,0.173,1,K,372,-
-6.216,-4.824,2,K,372,E
-0.6822,-0.459,1,K,372,G
0,0,,K,372,K
-2.072,-2.075,6,K,372,N
-0.6919,-0.4672,2,K,372,R
0.05671,0.0287,1,V,373,-
-3.32,-3.625,3,V,373,A
-1.706,-1.582,1,V,373,L
0.3468,0.1565,5,V,373,M
0,0,,V,373,V
-2.177,-2.219,1,N,374,-
-1.2,-0.9646,2,N,374,D
-0.4471,-0.2754,5,N,374,K
0,0,,N,374,N
-0.1015,-0.05465,1,N,375,-
-0.6062,-0.3965,1,N,375,D
1.583,0.4489,1,N,375,G
-6.16,-4.819,1,N,375,K
0,0,,N,375,N
-6.879,-4.868,1,N,375,Q
0.3852,0.1712,1,N,375,S
-2.039,-2.03,1,F,376,-
0,0,,F,376,F
-7.282,-4.884,6,F,376,L
-3.588,-3.87,3,F,376,S
-0.5047,-0.3178,1,F,376,Y
-0.5175,-0.3274,1,V,377,-
-0.1132,-0.06127,1,V,377,A
-5.27,-4.686,1,V,377,L
-2.288,-2.372,2,V,377,M
0,0,,V,377,V
-1.733,-1.617,3,K,378,E
0,0,,K,378,K
1.877,0.4812,2,K,378,N
0,0,,F,379,F
1.8,0.4736,9,F,379,L
-7.903,-4.899,2,F,379,S
-2.174,-2.216,1,F,379,Y
-7.25,-4.883,1,N,38,D
-1.999,-1.975,2,N,38,K
0,0,,N,38,N
-5.276,-4.687,2,N,38,S
-3.39,-3.692,7,G,380,C
0.3594,0.1614,3,G,380,D
0,0,,G,380,G
-0.09272,-0.04977,5,G,380,S
-1.302,-1.08,2,G,380,V
0.2565,0.1199,1,S,381,-
0.2593,0.1211,2,S,381,I
0.4213,0.1846,3,S,381,N
0.9683,0.3434,1,S,381,R
0,0,,S,381,S
-1.655,-1.516,1,V,382,-
3.623,0.5612,1,V,382,A
-1.129,-0.8876,2,V,382,F
-0.6063,-0.3966,1,V,382,I
0,0,,V,382,V
-10.53,-4.915,1,C,383,*
-0.6187,-0.4066,1,C,383,-
0,0,,C,383,C
-7.337,-4.886,1,C,383,N
-8.148,-4.903,1,C,383,R
-7.528,-4.891,5,C,383,Y
0.4103,0.1806,1,F,384,-
0,0,,F,384,F
-3.515,-3.808,3,F,384,L
-7.392,-4.887,2,F,384,S
-6.669,-4.857,2,S,385,G
-8.583,-4.907,4,S,385,I
-10.31,-4.915,3,S,385,N
-5.659,-4.758,2,S,385,R
0,0,,S,385,S
0,0,,L,386,L
-4.666,-4.509,1,L,386,M
-2.896,-3.161,1,L,386,R
-0.396,-0.2392,2,K,387,E
-0.1683,-0.09307,1,K,387,G
0,0,,K,387,K
1.112,0.3736,14,K,387,N
1.193,0.3891,1,K,387,R
0,0,,D,388,D
0.4752,0.2039,2,D,388,G
-1.989,-1.963,1,D,388,H
6.063,0.5769,7,D,388,N
3.146,0.5508,1,D,388,Y
4.365,0.5702,1,I,389,F
0,0,,I,389,I
-0.9213,-0.6753,1,I,389,M
0.2731,0.1269,2,I,389,V
-0.2326,-0.1319,2,V,39,A
1.951,0.4881,5,V,39,M
0,0,,V,39,V
-0.4023,-0.2436,1,P,390,A
1.088,0.369,7,P,390,H
3.512,0.5592,1,P,390,L
0,0,,P,390,P
0.4644,0.2001,1,P,390,S
-0.6303,-0.416,4,P,390,T
-1.033,-0.7867,5,G,391,C
1.642,0.456,1,G,391,D
0,0,,G,391,G
-2.274,-2.352,1,G,391,R
-0.7581,-0.5243,4,G,391,S
-1.109,-0.8662,3,G,391,V
-1.274,-1.048,8,G,392,*
-4.18,-4.284,8,G,392,E
-0.3135,-0.1835,1,G,392,F
0,0,,G,392,G
-0.006687,-0.00347,6,G,392,R
-4.052,-4.209,5,G,392,V
-7.317,-4.885,3,C,393,*
0,0,,C,393,C
-0.2844,-0.1646,1,C,393,R
-4.701,-4.522,7,C,393,Y
0,0,,A,394,A
-1.332,-1.116,3,A,394,D
2.693,0.535,5,A,394,S
0.6713,0.2668,14,A,394,T
2.155,0.5045,3,A,394,V
-4.03,-4.195,2,M,395,I
0,0,,M,395,M
-1.387,-1.181,8,P,396,H
0,0,,P,396,P
-1.152,-0.9126,7,P,396,S
0,0,,I,397,I
-11.49,-4.916,1,I,397,T
0.7413,0.2867,3,I,397,V
1.144,0.3799,1,V,398,-
1.554,0.445,2,V,398,A
-2.667,-2.876,1,V,398,E
-1.646,-1.504,8,V,398,M
0,0,,V,398,V
0.4995,0.2123,1,A,399,-
0,0,,A,399,A
-7.016,-4.875,5,A,399,D
0.5311,0.2229,8,A,399,T
0.7819,0.2977,1,A,399,V
0,0,,L,4,L
0.4152,0.1824,1,L,4,Q
0,0,,F,40,F
3.865,0.5649,3,F,40,I
-0.4116,-0.2501,13,F,40,L
1.297,0.4072,2,F,40,Y
-4.739,-4.536,2,N,400,-
-0.6746,-0.4526,1,N,400,D
-0.4845,-0.3027,1,N,400,G
0,0,,N,400,N
-0.9664,-0.7194,1,N,400,S
-5.788,-4.777,1,N,400,T
-5.001,-4.619,1,L,401,I
0,0,,L,401,L
0.6706,0.2666,5,L,401,M
-1.429,-1.232,1,L,401,V
0,0,,A,402,A
-5.266,-4.685,2,A,402,E
-1.292,-1.069,3,A,402,S
-2.317,-2.411,9,A,402,T
0.1919,0.09205,2,A,402,V
-7.231,-4.883,2,Y,403,*
-1.527,-1.353,3,Y,403,C
0,0,,Y,403,Y
0,0,,L,404,L
1.306,0.4088,5,L,404,M
-2.993,-3.274,5,L,404,P
-2.083,-2.091,3,L,404,R
-0.06879,-0.03658,3,N,405,D
-0.6957,-0.4704,1,N,405,G
0,0,,N,405,N
0,0,,S,406,S
-2.917,-3.186,4,S,406,Y
0.01184,0.0061,1,Y,407,C
-0.1185,-0.06426,4,Y,407,H
4.233,0.5691,1,Y,407,S
0,0,,Y,407,Y
-8.042,-4.901,1,T,408,I
-3.726,-3.983,2,T,408,N
0,0,,T,408,T
0,0,,I,409,I
-2.723,-2.948,2,I,409,V
0,0,,A,41,A
1.047,0.3605,2,A,41,S
1.573,0.4475,3,A,41,T
-0.2321,-0.1316,2,A,41,V
-2.747,-2.978,6,G,410,C
-6.071,-4.81,9,G,410,D
0,0,,G,410,G
3.782,0.5637,3,G,410,S
1.06,0.3631,1,S,411,I
2.424,0.5217,1,S,411,K
-2.031,-2.02,2,S,411,N
3.713,0.5627,1,S,411,R
0,0,,S,411,S
0,0,,L,412,L
0.1648,0.07993,5,L,412,M
-6.098,-4.813,1,L,412,P
-6.442,-4.843,2,L,412,Q
-7.023,-4.875,4,Y,413,*
1.091,0.3696,1,Y,413,C
-1.531,-1.357,1,Y,413,D
2.759,0.5378,1,Y,413,H
0,0,,Y,413,Y
-0.4191,-0.2554,1,V,414,A
-10.6,-4.915,1,V,414,L
-2.815,-3.062,4,V,414,M
0,0,,V,414,V
0.457,0.1975,1,S,415,G
-1.138,-0.897,4,S,415,N
0.06021,0.03043,2,S,415,R
0,0,,S,415,S
-5.429,-4.719,6,W,416,*
0.3984,0.1762,1,W,416,C
-2.16,-2.196,7,W,416,L
-3.842,-4.069,3,W,416,R
0,0,,W,416,W
-0.9419,-0.6953,1,S,417,F
-10.52,-4.915,2,S,417,P
0,0,,S,417,S
0.4635,0.1998,3,S,417,Y
0,0,,D,418,D
-3.159,-3.459,1,D,418,E
2.772,0.5383,4,D,418,G
-1.794,-1.698,2,D,418,N
-1.03,-0.784,6,D,418,Y
-0.8224,-0.5821,1,G,419,A
-5.8,-4.778,6,G,419,C
-5.581,-4.746,2,G,419,D
0,0,,G,419,G
-7.084,-4.877,3,G,419,S
-3.843,-4.07,2,G,419,V
2.462,0.5238,2,V,42,A
-2.725,-2.951,1,V,42,L
-1.659,-1.52,8,V,42,M
0,0,,V,42,V
0,0,,D,420,D
-0.6734,-0.4516,1,D,420,E
0.593,0.243,1,D,420,G
-0.455,-0.2811,6,D,420,N
-1.021,-0.7743,7,D,420,Y
-0.6983,-0.4726,2,V,421,E
4.425,0.5707,2,V,421,L
0.7018,0.2756,3,V,421,M
0,0,,V,421,V
0,0,,I,422,I
-1.202,-0.9674,2,I,422,N
-1.367,-1.157,1,I,422,T
-1.241,-1.011,3,T,423,I
0.4277,0.1869,2,T,423,N
0,0,,T,423,T
-0.4984,-0.313,4,G,424,E
0,0,,G,424,G
-10.49,-4.915,9,G,424,R
-8.978,-4.91,10,G,424,V
-9.272,-4.912,8,G,424,W
2.299,0.5143,1,V,425,A
-6.981,-4.873,3,V,425,L
-1.022,-0.7756,4,V,425,M
0,0,,V,425,V
2.987,0.546,4,P,426,L
0,0,,P,426,P
-0.09995,-0.0538,8,P,426,Q
0.3764,0.1679,5,P,426,S
0,0,,K,427,K
0.1654,0.08017,3,K,427,N
0.398,0.176,1,K,427,T
-0.4177,-0.2544,5,P,428,H
-0.3565,-0.2121,1,P,428,L
0,0,,P,428,P
-2.386,-2.506,1,P,428,S
-0.5551,-0.3562,4,P,428,T
-2.433,-2.568,2,V,429,L
-0.318,-0.1864,4,V,429,M
0,0,,V,429,V
-4.223,-4.307,6,E,43,*
0,0,,E,43,E
-1.776,-1.674,7,E,43,K
-6.857,-4.867,2,E,430,*
-1.486,-1.301,9,E,430,D
0,0,,E,430,E
1.743,0.4676,2,E,430,G
-0.3233,-0.1899,1,E,430,K
-1.605,-1.451,1,E,430,Q
-3.884,-4.098,11,G,431,C
-7.953,-4.9,3,G,431,D
0,0,,G,431,G
0.419,0.1838,1,G,431,S
-7.083,-4.877,4,G,431,V
-0.9759,-0.7289,1,V,432,A
0.6286,0.254,1,V,432,E
1.467,0.4332,5,V,432,I
-4.338,-4.367,1,V,432,L
0,0,,V,432,V
2.577,0.5297,2,S,433,I
0.5787,0.2384,5,S,433,N
1.082,0.3678,3,S,433,R
0,0,,S,433,S
-0.6617,-0.4418,2,S,434,-
-0.337,-0.199,1,S,434,I
0.6221,0.252,3,S,434,N
0.09354,0.04665,4,S,434,R
0,0,,S,434,S
2.658,0.5335,2,F,435,-
0,0,,F,435,F
-3.241,-3.545,2,F,435,L
2.012,0.4934,2,F,435,S
2.289,0.5136,1,F,435,Y
-2.016,-1.999,4,M,436,-
-0.0014,-0.0007252,30,M,436,I
0,0,,M,436,M
-0.7974,-0.5595,1,M,436,T
-2.459,-2.604,3,N,437,-
-2.83,-3.081,1,N,437,G
-2.187,-2.233,4,N,437,K
0,0,,N,437,N
-2.087,-2.096,3,V,438,-
-1.723,-1.604,5,V,438,F
-2.316,-2.411,4,V,438,I
0,0,,V,438,V
-0.532,-0.3385,2,T,439,-
-6.116,-4.815,1,T,439,A
-6.731,-4.861,5,T,439,I
-2.532,-2.701,1,T,439,N
0,0,,T,439,T
-0.8543,-0.6116,1,S,44,G
-2.119,-2.14,2,S,44,I
0.2755,0.1279,11,S,44,N
-3.255,-3.56,3,S,44,R
0,0,,S,44,S
-0.4821,-0.301,2,L,440,-
-3.339,-3.643,1,L,440,C
0,0,,L,440,L
-0.2936,-0.1705,8,L,440,M
-1.25,-1.022,3,L,440,P
-0.1286,-0.07002,2,N,441,-
3.313,0.555,2,N,441,K
0,0,,N,441,N
2.21,0.5084,1,N,441,S
-3.321,-3.626,1,N,441,Y
0.6177,0.2506,2,K,442,-
-3.059,-3.349,2,K,442,E
0,0,,K,442,K
-0.5209,-0.33,1,K,442,L
2.656,0.5334,1,K,442,N
-3.242,-3.546,1,K,442,R
-1.567,-1.403,1,C,443,*
-1.331,-1.114,2,C,443,-
0,0,,C,443,C
-7.495,-4.89,1,C,443,E
-0.1435,-0.07861,1,C,443,N
-4.496,-4.44,1,C,443,R
-3.341,-3.646,1,C,443,S
1.255,0.4,1,C,443,W
-7.479,-4.89,9,C,443,Y
1.138,0.3788,2,T,444,-
-8.172,-4.903,2,T,444,I
-0.01156,-0.00601,1,T,444,S
0,0,,T,444,T
-0.8579,-0.615,2,K,445,-
-3.15,-3.449,2,K,445,E
-3.259,-3.564,1,K,445,F
0,0,,K,445,K
-5.791,-4.777,3,K,445,N
8.476,0.5783,2,K,445,W
-3.219,-3.523,1,Y,446,*
-1.803,-1.71,2,Y,446,-
-6.487,-4.846,1,Y,446,C
-3.632,-3.907,1,Y,446,N
-3.896,-4.107,1,Y,446,S
-6.906,-4.87,1,Y,446,V
-4.064,-4.216,1,Y,446,W
0,0,,Y,446,Y
-0.9626,-0.7157,2,N,447,-
-2.765,-3.001,2,N,447,D
-0.2623,-0.1505,1,N,447,I
-2.437,-2.573,2,N,447,K
0,0,,N,447,N
-1.632,-1.485,1,N,447,S
1.79,0.4726,2,I,448,-
0,0,,I,448,I
-3.026,-3.313,1,I,448,S
2.108,0.501,1,Y,449,-
-6.911,-4.87,1,Y,449,C
4.045,0.5671,1,Y,449,H
-3.485,-3.78,2,Y,449,N
0,0,,Y,449,Y
-0.3482,-0.2065,3,G,45,C
3.615,0.5611,3,G,45,D
0,0,,G,45,G
-1.297,-1.075,1,G,45,I
-0.7306,-0.5003,3,G,45,S
-2.376,-2.492,4,G,45,V
-0.6786,-0.4559,1,D,450,-
0,0,,D,450,D
-0.1118,-0.06049,1,D,450,E
-3.225,-3.528,1,D,450,F
0.5974,0.2443,2,D,450,G
-0.5338,-0.3398,2,D,450,N
-2.427,-2.56,6,D,450,Y
-0.6345,-0.4195,1,V,451,-
6.279,0.5772,1,V,451,A
-1.494,-1.312,1,V,451,G
0.2642,0.1232,1,V,451,L
2.139,0.5033,1,V,451,M
0,0,,V,451,V
0.4215,0.1847,1,S,452,-
-2.219,-2.278,1,S,452,F
-2.478,-2.629,2,S,452,P
0,0,,S,452,S
-3.558,-3.845,7,S,452,Y
2.063,0.4975,1,G,453,-
-4.928,-4.598,1,G,453,C
-2.324,-2.421,7,G,453,D
0,0,,G,453,G
-7.285,-4.884,4,G,453,S
-10.53,-4.915,6,G,453,V
1.798,0.4734,1,V,454,-
1.16,0.383,1,V,454,E
-7.037,-4.875,1,V,454,H
-2.759,-2.993,3,V,454,L
-0.002696,-0.001397,6,V,454,M
0,0,,V,454,V
-0.3592,-0.2139,1,G,455,-
-1.319,-1.1,3,G,455,C
-4.44,-4.415,1,G,455,D
0,0,,G,455,G
-5.32,-4.697,1,G,455,S
-7.07,-4.877,1,G,455,V
0.08559,0.04283,1,V,456,-
4.173,0.5685,1,V,456,I
-1.691,-1.562,4,V,456,L
2.396,0.5202,3,V,456,M
0,0,,V,456,V
0.4113,0.1809,1,I,457,-
0,0,,I,457,I
1.054,0.362,1,R,458,-
-4.283,-4.339,1,R,458,G
-3.481,-3.776,6,R,458,I
-1.337,-1.121,3,R,458,K
0,0,,R,458,R
-1.161,-0.9216,1,I,459,-
0,0,,I,459,I
0.01744,0.008965,1,I,459,T
-2.722,-2.947,1,I,459,V
-2.841,-3.094,7,G,46,C
-6.848,-4.867,2,G,46,D
0,0,,G,46,G
-7.242,-4.883,4,G,46,S
-1.58,-1.419,1,G,46,V
-4.397,-4.396,1,S,460,E
-2.172,-2.213,1,S,460,F
-8.031,-4.901,2,S,460,P
0,0,,S,460,S
-1.098,-0.8545,1,S,460,T
-3.626,-3.902,7,S,460,Y
-0.466,-0.2891,3,N,461,D
-0.03339,-0.01751,1,N,461,H
-0.007313,-0.003796,1,N,461,K
0,0,,N,461,N
0,0,,D,462,D
2.012,0.4933,2,D,462,E
-2.293,-2.378,1,D,462,G
-2.068,-2.07,1,D,462,N
-1.986,-1.958,7,D,462,Y
-3.55,-3.838,2,T,463,A
-1.133,-0.8923,2,T,463,I
-0.04467,-0.02353,1,T,463,K
0,0,,T,463,T
-2.717,-2.94,1,F,464,C
0,0,,F,464,F
-2.295,-2.381,1,F,464,N
-1.632,-1.485,2,F,464,S
2.378,0.5191,1,L,465,E
0,0,,L,465,L
-0.464,-0.2876,3,L,465,M
-5.219,-4.675,3,N,466,K
0,0,,N,466,N
-2.513,-2.675,1,N,466,V
-9.942,-4.914,11,G,467,C
-3.416,-3.717,10,G,467,D
0,0,,G,467,G
-6.502,-4.847,7,G,467,S
-9.832,-4.914,2,G,467,V
-2.917,-3.186,1,G,467,Y
1.068,0.3649,1,T,469,A
-6.951,-4.872,1,T,469,N
4.23,0.569,1,T,469,S
0,0,,T,469,T
-6.632,-4.855,5,Y,47,*
0.9896,0.3482,3,Y,47,C
3.264,0.5538,1,Y,47,F
-2.121,-2.143,4,Y,47,H
4.294,0.5696,1,Y,47,N
0,0,,Y,47,Y
-1.23,-0.9983,1,Y,470,*
-3.67,-3.938,2,Y,470,A
-4.243,-4.318,2,Y,470,C
-4.56,-4.467,1,Y,470,D
-1.311,-1.091,1,Y,470,F
-6.91,-4.87,1,Y,470,P
0,0,,Y,470,Y
-5.536,-4.738,1,T,471,A
2.165,0.5053,5,T,471,I
-0.5737,-0.3707,2,T,471,K
0,0,,T,471,T
-0.6842,-0.4607,1,T,471,Y
0.8239,0.3087,1,S,472,C
-1.305,-1.084,3,S,472,F
-7.313,-4.885,1,S,472,P
0,0,,S,472,S
-0.5997,-0.3914,1,S,472,T
-3.453,-3.751,1,S,472,V
-1.341,-1.126,4,S,472,Y
1.242,0.3978,1,T,473,A
0.3125,0.1429,5,T,473,I
3.374,0.5564,1,T,473,R
0,0,,T,473,T
-0.505,-0.318,6,S,474,I
-2.837,-3.089,5,S,474,N
-5.317,-4.696,3,S,474,R
0,0,,S,474,S
-0.8608,-0.6177,1,S,474,T
-3.06,-3.351,1,G,475,A
-8.943,-4.91,8,G,475,C
-1.804,-1.711,7,G,475,D
0,0,,G,475,G
-8.685,-4.908,6,G,475,S
-4.101,-4.238,1,G,475,V
-0.5939,-0.3867,2,N,476,K
0,0,,N,476,N
-0.8812,-0.6369,1,N,476,W
0,0,,L,477,L
-1.884,-1.819,1,L,477,M
0,0,,L,478,L
-1.218,-0.9856,1,L,478,M
-7.3,-4.885,3,L,478,P
-3.651,-3.923,1,L,478,Q
-1.078,-0.8337,3,G,479,C
-6.86,-4.868,6,G,479,D
0,0,,G,479,G
-4.109,-4.243,5,G,479,S
0.1408,0.06894,1,G,479,V
0,0,,F,480,F
-4.218,-4.305,1,F,480,K
-0.6255,-0.4121,2,F,480,L
-1.537,-1.364,1,K,481,E
0,0,,K,481,K
-5.691,-4.763,11,K,481,N
0.4688,0.2016,1,K,481,R
-2.229,-2.291,1,K,481,T
0,0,,D,482,D
0.3356,0.1521,3,D,482,E
-3.685,-3.95,3,D,482,N
-1.242,-1.012,3,D,482,Y
0.5102,0.2159,2,V,483,L
-0.2437,-0.1388,7,V,483,M
0,0,,V,483,V
-2.597,-2.786,2,T,484,I
-4.148,-4.266,3,T,484,N
0,0,,T,484,T
-1.938,-1.892,1,N,485,D
0,0,,N,485,N
-10.75,-4.915,13,G,486,*
1.332,0.4129,1,G,486,A
0.8299,0.3103,15,G,486,E
0,0,,G,486,G
-7.253,-4.883,1,G,486,P
-1.882,-1.817,1,G,486,Q
-4.609,-4.487,7,G,486,R
-6.02,-4.805,7,G,486,V
0.3842,0.1708,2,T,487,A
-1.435,-1.239,4,T,487,I
1.17,0.3848,3,T,487,K
0,0,,T,487,T
0,0,,I,488,I
2.392,0.5199,1,I,488,V
-2.985,-3.265,2,Y,489,*
-5.607,-4.75,1,Y,489,C
-6.871,-4.868,1,Y,489,N
-7.613,-4.893,1,Y,489,T
0,0,,Y,489,Y
-0.1781,-0.09886,8,P,49,H
-4.483,-4.435,1,P,49,L
0,0,,P,49,P
-1.107,-0.8641,3,P,49,T
-7.113,-4.878,1,S,490,F
-7.713,-4.895,1,S,490,P
0,0,,S,490,S
-3.223,-3.527,7,S,490,Y
0,0,,I,491,I
-6.88,-4.869,1,I,491,K
-2,-1.977,1,I,491,M
1.149,0.3809,1,I,491,T
-7.68,-4.895,4,T,492,A
-2.393,-2.514,3,T,492,K
-2.784,-3.024,3,T,492,M
-5.736,-4.769,1,T,492,N
-4.526,-4.453,2,T,492,P
0,0,,T,492,T
-3.946,-4.141,1,P,493,E
-4.354,-4.375,4,P,493,H
-6.926,-4.871,2,P,493,L
0,0,,P,493,P
-6.495,-4.846,2,P,493,R
-1.35,-1.137,1,P,493,S
-5.548,-4.74,4,P,493,T
0,0,,C,494,C
-5.117,-4.65,4,C,494,F
-6.893,-4.869,1,C,494,P
-6.888,-4.869,2,C,494,R
-10.03,-4.914,11,C,494,Y
-2.206,-2.26,1,N,495,D
0,0,,N,495,N
-1.56,-1.394,15,P,496,H
-1.888,-1.824,1,P,496,L
1.872,0.4808,1,P,496,M
0,0,,P,496,P
-3.78,-4.024,1,P,496,R
-3.092,-3.386,2,P,496,S
-1.63,-1.483,9,P,496,T
-5.407,-4.714,5,P,497,H
-3.802,-4.04,2,P,497,L
0,0,,P,497,P
-1.5,-1.319,1,P,497,S
-3.151,-3.45,2,P,497,T
-5.968,-4.799,1,P,497,Y
-0.7913,-0.554,1,D,498,C
0,0,,D,498,D
-3.834,-4.063,1,D,498,E
0.6682,0.2659,1,D,498,H
0.8337,0.3112,7,D,498,N
-1.846,-1.768,2,D,498,Y
-7.537,-4.891,3,Q,499,*
4.422,0.5707,2,Q,499,H
0.05871,0.02969,3,Q,499,K
-1.993,-1.967,1,Q,499,P
0,0,,Q,499,Q
0,0,,L,5,L
-0.6815,-0.4584,2,L,5,M
-1.082,-0.8377,1,L,5,P
-0.8338,-0.5926,1,L,5,Q
1.313,0.4098,1,S,50,F
-0.776,-0.5402,1,S,50,L
0,0,,S,50,S
-0.02282,-0.01192,6,S,50,Y
0,0,,L,500,L
-6.752,-4.862,5,L,500,M
-4.774,-4.548,3,L,500,P
-6.868,-4.868,1,L,500,Y
0.6543,0.2618,1,V,501,A
-0.9714,-0.7244,1,V,501,D
-0.4433,-0.2727,1,V,501,F
-13.41,-4.916,1,V,501,H
0,0,,V,501,V
-1.214,-0.9809,1,V,501,W
-3.877,-4.094,2,V,502,A
-1.36,-1.149,2,V,502,L
-4.561,-4.468,2,V,502,M
0,0,,V,502,V
-2.29,-2.374,1,Y,503,*
-2.005,-1.983,1,Y,503,-
-1.433,-1.237,1,Y,503,C
-4.504,-4.444,1,Y,503,G
-9.063,-4.911,3,Y,503,H
0,0,,Y,503,Y
-3.635,-3.91,1,Q,504,*
4.968,0.5739,1,Q,504,H
1.481,0.4353,4,Q,504,K
-6.374,-4.838,1,Q,504,P
0,0,,Q,504,Q
3.201,0.5522,5,Q,504,R
2.701,0.5353,1,Q,504,Y
-2.716,-2.939,1,Q,505,*
-6.888,-4.869,1,Q,505,D
-0.6898,-0.4654,6,Q,505,H
-2.491,-2.646,1,Q,505,K
0,0,,Q,505,Q
0,0,,A,506,A
-7.187,-4.881,1,A,506,S
3.39,0.5567,3,A,506,T
-0.6264,-0.4129,3,A,506,V
-7.254,-4.883,2,V,507,A
-6.873,-4.868,1,V,507,H
-0.1122,-0.06071,2,V,507,L
-9.378,-4.912,5,V,507,M
0,0,,V,507,V
-7.672,-4.894,4,V,508,M
-2.035,-2.024,1,V,508,T
0,0,,V,508,V
-4.212,-4.302,8,G,509,C
-6.511,-4.848,4,G,509,D
0,0,,G,509,G
-2.902,-3.168,1,G,509,P
-5.067,-4.637,6,G,509,S
-4.765,-4.545,4,G,509,V
0,0,,D,51,D
2.758,0.5378,2,D,51,E
-0.7934,-0.5558,2,D,51,H
-0.583,-0.3781,10,D,51,N
-1.564,-1.399,7,D,51,Y
0,0,,A,510,A
-7.971,-4.9,4,A,510,D
-7.805,-4.897,5,A,510,S
-6.859,-4.868,4,A,510,T
-0.1933,-0.1079,1,A,510,V
3.968,0.5662,11,M,511,I
0,0,,M,511,M
-1.55,-1.381,1,M,511,V
0,0,,L,512,L
0.5425,0.2267,5,L,512,M
-3.868,-4.087,1,L,512,W
-0.6188,-0.4067,4,S,513,I
-0.3374,-0.1993,1,S,513,L
-3.535,-3.825,4,S,513,N
0,0,,S,513,S
-10.58,-4.915,14,E,514,*
-0.0709,-0.03773,7,E,514,D
0,0,,E,514,E
-1.325,-1.108,10,E,514,K
-2.24,-2.307,1,E,514,Q
-1.406,-1.203,2,N,515,D
-3.993,-4.171,2,N,515,K
0,0,,N,515,N
0,0,,F,516,F
4.292,0.5696,5,F,516,L
0.6711,0.2667,1,F,516,T
-4.219,-4.305,4,F,516,Y
-8.366,-4.905,3,T,517,I
0,0,,T,517,T
-2.435,-2.571,3,S,518,I
-0.6329,-0.4182,1,S,518,N
2.852,0.5414,1,S,518,R
0,0,,S,518,S
-4.784,-4.552,1,Y,519,C
0,0,,Y,519,Y
0,0,,F,52,F
-3.425,-3.725,2,F,52,L
0.3257,0.1482,1,F,52,S
-4.56,-4.467,2,F,52,Y
-7.355,-4.886,3,G,520,C
0.1536,0.0748,10,G,520,D
0,0,,G,520,G
-2.717,-2.94,4,G,520,S
-3.259,-3.564,1,G,520,V
0,0,,F,521,F
-3.401,-3.703,5,F,521,L
-7.591,-4.893,1,F,521,V
-5.635,-4.754,1,F,521,Y
-8.302,-4.905,1,S,522,-
-2.812,-3.059,1,S,522,E
3.864,0.5649,2,S,522,G
4.688,0.5725,2,S,522,I
0.3528,0.1588,5,S,522,N
-6.884,-4.869,3,S,522,R
0,0,,S,522,S
-1.173,-0.935,1,S,522,T
-5.072,-4.638,2,N,523,D
-9.028,-4.911,3,N,523,K
0,0,,N,523,N
-0.2845,-0.1646,2,N,523,S
-3.821,-4.054,2,V,524,A
-1.234,-1.003,2,V,524,L
-0.9933,-0.7463,5,V,524,M
0,0,,V,524,V
-0.6199,-0.4076,2,V,525,A
-0.9441,-0.6974,2,V,525,F
3.21,0.5525,3,V,525,I
-1.035,-0.7884,1,V,525,M
0,0,,V,525,V
-8.2,-4.903,7,E,526,*
0,0,,E,526,E
-4.681,-4.515,3,E,526,G
-1.706,-1.582,56,E,526,K
-3.158,-3.458,10,M,527,I
0,0,,M,527,M
-6.822,-4.866,1,M,527,R
-5.229,-4.677,1,M,527,S
-2.098,-2.112,1,M,527,T
-2.371,-2.485,1,P,528,F
-4.155,-4.27,3,P,528,L
0,0,,P,528,P
0.278,0.1289,11,P,528,Q
-0.9205,-0.6745,5,P,528,S
-5.861,-4.786,1,P,528,T
7.582,0.5781,2,K,529,A
-3.145,-3.444,4,K,529,C
-1.646,-1.504,8,K,529,D
-9.115,-4.911,3,K,529,E
0.2796,0.1296,5,K,529,F
0.1773,0.08556,2,K,529,G
4.628,0.5721,3,K,529,H
-2.564,-2.743,6,K,529,I
0,0,,K,529,K
-1.127,-0.8852,3,K,529,L
-1.859,-1.785,3,K,529,M
0.3665,0.1641,10,K,529,N
-0.002171,-0.001125,1,K,529,P
4.103,0.5678,1,K,529,Q
-1.774,-1.671,6,K,529,R
-0.5711,-0.3687,6,K,529,S
-0.6757,-0.4536,1,K,529,T
-1.93,-1.882,2,K,529,V
-1.977,-1.945,3,K,529,W
3.343,0.5557,4,K,529,Y
0,0,,A,53,A
-0.1478,-0.08105,1,A,53,D
0.6789,0.269,1,A,53,P
0.2545,0.1191,5,A,53,T
-1.578,-1.417,7,A,53,V
-2.656,-2.863,5,F,530,A
-6.545,-4.85,4,F,530,C
-0.1871,-0.1042,1,F,530,D
-7.111,-4.878,3,F,530,E
0,0,,F,530,F
-3.439,-3.738,1,F,530,G
-2.587,-2.773,2,F,530,H
-4.218,-4.305,2,F,530,I
-8.233,-4.904,4,F,530,K
-4.764,-4.545,6,F,530,L
-3.056,-3.346,2,F,530,M
-3.148,-3.447,3,F,530,N
-3.38,-3.683,4,F,530,P
-6.919,-4.87,2,F,530,Q
-4.146,-4.265,4,F,530,R
-4.11,-4.244,7,F,530,S
-2.764,-2.999,1,F,530,T
-4.903,-4.59,4,F,530,V
-0.7127,-0.4849,5,F,530,W
-3.802,-4.04,8,F,530,Y
-8.168,-4.903,2,F,531,A
-2.78,-3.019,1,F,531,C
-4.143,-4.263,7,F,531,D
-6.855,-4.867,4,F,531,E
0,0,,F,531,F
-2.736,-2.965,2,F,531,G
-5.512,-4.734,3,F,531,H
-10.45,-4.915,4,F,531,I
-8.738,-4.909,1,F,531,K
-4.274,-4.335,19,F,531,L
-5.436,-4.72,4,F,531,M
-4.067,-4.218,8,F,531,N
-3.826,-4.057,4,F,531,P
-3.131,-3.429,3,F,531,Q
-9.169,-4.911,2,F,531,R
-5.883,-4.789,19,F,531,S
-4.095,-4.235,3,F,531,T
-8.466,-4.906,4,F,531,V
-0.4903,-0.3071,5,F,531,W
-0.5538,-0.3552,9,F,531,Y
-7.737,-4.896,1,Y,532,*
-7.448,-4.889,4,Y,532,C
-8.181,-4.903,1,Y,532,D
-14.27,-4.916,2,Y,532,E
-8.721,-4.909,7,Y,532,F
-4.123,-4.251,9,Y,532,G
-7.062,-4.876,8,Y,532,H
-6.753,-4.862,5,Y,532,I
-2.883,-3.145,1,Y,532,K
-3.406,-3.707,3,Y,532,L
-4.568,-4.471,5,Y,532,M
-2.568,-2.748,7,Y,532,N
-3.989,-4.169,6,Y,532,P
-3.307,-3.612,6,Y,532,Q
-7.338,-4.886,1,Y,532,R
-4.771,-4.547,3,Y,532,S
-7.688,-4.895,2,Y,532,T
-11.21,-4.915,3,Y,532,V
-0.2509,-0.1433,5,Y,532,W
0,0,,Y,532,Y
0,0,,A,533,A
-5.285,-4.689,5,A,533,C
-8.877,-4.91,6,A,533,D
-6.713,-4.86,7,A,533,E
-0.7146,-0.4865,1,A,533,F
-7.981,-4.9,6,A,533,G
0.01225,0.006311,2,A,533,H
-10.39,-4.915,5,A,533,I
-7.024,-4.875,3,A,533,L
-3.676,-3.943,4,A,533,M
-3.719,-3.977,2,A,533,N
-4.064,-4.216,6,A,533,P
-3.197,-3.499,1,A,533,R
-2.524,-2.69,7,A,533,S
-1.25,-1.021,9,A,533,T
-1.87,-1.8,9,A,533,V
-0.6753,-0.4532,4,A,533,W
-2.541,-2.712,1,A,533,Y
-7.385,-4.887,6,S,534,A
-3.07,-3.362,3,S,534,C
-10.72,-4.915,1,S,534,D
-7.234,-4.883,6,S,534,F
-6.043,-4.807,5,S,534,G
4.029,0.567,3,S,534,H
-4.619,-4.491,8,S,534,I
-6.948,-4.872,2,S,534,K
-5.315,-4.696,6,S,534,L
-5.924,-4.794,4,S,534,M
-2.299,-2.387,3,S,534,N
-4.875,-4.581,1,S,534,P
-9.862,-4.914,2,S,534,Q
-6.025,-4.805,6,S,534,R
0,0,,S,534,S
0.6735,0.2674,1,S,534,T
-6.18,-4.821,5,S,534,V
-5.049,-4.632,6,S,534,W
-1.172,-0.9336,2,S,534,Y
-7.039,-4.875,2,N,535,C
-3.5,-3.794,5,N,535,D
-4.079,-4.225,6,N,535,E
-7.417,-4.888,4,N,535,F
-6.311,-4.833,4,N,535,G
-4.043,-4.203,7,N,535,H
-4.641,-4.5,4,N,535,I
-4.529,-4.454,8,N,535,K
-7.777,-4.897,4,N,535,L
-6.698,-4.859,6,N,535,M
0,0,,N,535,N
-7.76,-4.896,9,N,535,P
-2.943,-3.216,3,N,535,Q
-4.487,-4.436,2,N,535,R
-9.306,-4.912,9,N,535,S
-2.993,-3.274,2,N,535,T
-5.812,-4.78,9,N,535,V
-4.551,-4.464,6,N,535,W
-2.89,-3.153,5,N,535,Y
-9.994,-4.914,7,G,536,*
-4.468,-4.428,6,G,536,A
-8.049,-4.901,4,G,536,C
-6.87,-4.868,1,G,536,D
-4.527,-4.454,26,G,536,E
-7.028,-4.875,5,G,536,F
0,0,,G,536,G
-2.691,-2.908,3,G,536,H
-4.736,-4.535,4,G,536,I
-5.287,-4.69,5,G,536,K
-4.795,-4.555,7,G,536,L
12.18,0.5784,1,G,536,M
-7.131,-4.879,4,G,536,N
-7.966,-4.9,7,G,536,P
-6.862,-4.868,3,G,536,Q
-4.328,-4.362,7,G,536,R
-5.873,-4.788,3,G,536,S
-7.465,-4.889,5,G,536,T
-8.385,-4.905,11,G,536,V
-7.048,-4.876,3,G,536,W
-6.962,-4.872,2,G,536,Y
0.16,0.07774,1,T,537,A
-10.04,-4.914,6,T,537,C
-5.155,-4.659,2,T,537,D
-0.6954,-0.4702,7,T,537,E
-1.752,-1.643,1,T,537,F
-0.8437,-0.6018,2,T,537,H
-4.708,-4.525,2,T,537,I
2.727,0.5364,3,T,537,K
-1.147,-0.9067,7,T,537,L
-0.2005,-0.1123,2,T,537,M
-1.365,-1.154,3,T,537,N
-3.928,-4.129,4,T,537,P
1.149,0.3808,3,T,537,Q
-1.677,-1.544,3,T,537,R
3.727,0.5629,3,T,537,S
0,0,,T,537,T
-0.8952,-0.6502,1,T,537,V
-3.697,-3.96,2,T,537,W
-1.703,-1.578,4,T,537,Y
-2.631,-2.83,1,Y,538,*
-1.415,-1.214,4,Y,538,A
-4.249,-4.322,9,Y,538,C
-1.505,-1.325,4,Y,538,D
-2.358,-2.467,8,Y,538,E
-2.066,-2.067,3,Y,538,F
1.828,0.4765,1,Y,538,G
-2.824,-3.074,2,Y,538,H
-7.384,-4.887,3,Y,538,I
-1.581,-1.42,5,Y,538,K
-2.499,-2.656,2,Y,538,L
-0.8591,-0.6161,5,Y,538,N
-6.838,-4.866,2,Y,538,P
10.32,0.5784,3,Y,538,Q
-1.836,-1.754,3,Y,538,R
-0.4394,-0.2699,2,Y,538,S
-2.735,-2.963,3,Y,538,T
-2.03,-2.018,7,Y,538,V
-0.7693,-0.5343,2,Y,538,W
0,0,,Y,538,Y
-1.587,-1.428,6,N,539,A
-7.059,-4.876,2,N,539,C
-1.182,-0.9453,2,N,539,D
1.131,0.3775,6,N,539,E
-5.335,-4.7,5,N,539,F
-1.654,-1.514,2,N,539,G
-2.332,-2.432,4,N,539,H
-2.856,-3.112,5,N,539,I
-1.136,-0.8947,5,N,539,K
-4.986,-4.614,6,N,539,L
-4.718,-4.528,2,N,539,M
0,0,,N,539,N
-1.899,-1.84,7,N,539,P
-0.7513,-0.5184,3,N,539,Q
-4.685,-4.516,2,N,539,R
-6.256,-4.828,3,N,539,S
1.145,0.3802,2,N,539,T
-2.159,-2.195,4,N,539,V
-7.352,-4.886,3,N,539,W
-6.585,-4.852,8,N,539,Y
0,0,,F,54,F
-0.9411,-0.6945,12,F,54,L
-2.574,-2.756,2,F,54,Y
-0.7209,-0.4919,1,C,540,*
-6.401,-4.84,4,C,540,A
0,0,,C,540,C
-7.034,-4.875,3,C,540,D
-8.133,-4.902,1,C,540,E
-5.539,-4.739,14,C,540,F
-14.78,-4.916,6,C,540,G
-7.442,-4.889,2,C,540,H
-6.863,-4.868,2,C,540,I
-10.32,-4.915,12,C,540,K
-2.297,-2.383,1,C,540,L
-3.843,-4.07,4,C,540,M
-7.325,-4.886,2,C,540,N
-3.112,-3.408,4,C,540,P
-7.037,-4.875,4,C,540,Q
-7.186,-4.881,6,C,540,R
-7.063,-4.876,2,C,540,S
-6.563,-4.851,7,C,540,T
-5.318,-4.696,4,C,540,V
-6.058,-4.809,4,C,540,W
-5.945,-4.797,10,C,540,Y
-0.5328,-0.339,1,T,541,-
-4.061,-4.214,8,T,541,A
-0.9535,-0.7067,3,T,541,C
-1.995,-1.969,3,T,541,D
-3.137,-3.435,3,T,541,E
-7.747,-4.896,8,T,541,F
-4.503,-4.443,4,T,541,G
-3.84,-4.067,3,T,541,H
-2.621,-2.818,4,T,541,I
-0.592,-0.3852,3,T,541,K
-5.021,-4.624,5,T,541,L
-1.933,-1.885,6,T,541,M
-1.344,-1.129,6,T,541,N
-3.649,-3.921,3,T,541,P
-1.095,-0.8514,6,T,541,Q
-1.862,-1.789,2,T,541,R
-0.5168,-0.3269,5,T,541,S
0,0,,T,541,T
-1.458,-1.267,6,T,541,V
-4.583,-4.477,4,T,541,W
-1.906,-1.848,4,T,541,Y
-1.16,-0.9215,1,D,542,-
-1.122,-0.8804,3,D,542,A
-4.271,-4.333,6,D,542,C
0,0,,D,542,D
0.8881,0.3247,9,D,542,E
-4.094,-4.234,9,D,542,F
-1.645,-1.503,4,D,542,G
0.7045,0.2764,2,D,542,H
-1.3,-1.078,7,D,542,I
0.7586,0.2915,3,D,542,K
-1.918,-1.865,8,D,542,L
-0.8855,-0.641,3,D,542,M
0.912,0.3304,7,D,542,N
-4.021,-4.189,4,D,542,P
1.25,0.3993,3,D,542,Q
1.429,0.4278,6,D,542,R
-0.8033,-0.5648,4,D,542,S
1.203,0.391,4,D,542,T
0.4978,0.2117,4,D,542,V
-8.845,-4.909,3,D,542,W
-4.082,-4.227,14,D,542,Y
0.2185,0.1037,1,A,543,-
0,0,,A,543,A
-1.641,-1.498,1,A,543,C
-2.892,-3.156,5,A,543,D
-2.122,-2.144,2,A,543,E
-0.5854,-0.38,3,A,543,F
-3.869,-4.088,5,A,543,G
0.1236,0.06094,3,A,543,H
-4.02,-4.189,2,A,543,I
-2.364,-2.475,2,A,543,K
-1.967,-1.931,3,A,543,L
-1.243,-1.013,6,A,543,M
-2.662,-2.871,5,A,543,N
0.1055,0.05235,1,A,543,P
-3.941,-4.138,3,A,543,Q
-1.65,-1.51,8,A,543,R
1.691,0.4618,6,A,543,S
1.071,0.3656,6,A,543,T
4.83,0.5733,7,A,543,V
-1.028,-0.7812,5,A,543,W
-0.204,-0.1144,4,A,543,Y
-0.2528,-0.1445,1,V,544,-
-4.354,-4.375,2,V,544,A
-5.441,-4.721,9,V,544,C
-5.193,-4.668,6,V,544,D
-6.814,-4.865,5,V,544,E
-7.205,-4.882,3,V,544,F
-6.893,-4.869,4,V,544,G
-10.02,-4.914,5,V,544,H
-2.42,-2.551,5,V,544,I
-2.687,-2.902,4,V,544,K
-5.713,-4.766,10,V,544,L
-3.752,-4.003,11,V,544,M
-1.618,-1.468,1,V,544,N
-6.87,-4.868,1,V,544,P
-4.446,-4.418,6,V,544,Q
-3.705,-3.966,2,V,544,R
-5.019,-4.624,7,V,544,T
0,0,,V,544,V
-3.85,-4.074,3,V,544,W
-8.627,-4.908,3,V,544,Y
-1.092,-0.8476,1,L,545,-
-2.677,-2.889,1,L,545,A
-7.515,-4.891,7,L,545,C
-6.868,-4.868,1,L,545,D
-10.13,-4.914,2,L,545,E
-1.374,-1.165,2,L,545,F
-4.17,-4.278,5,L,545,G
-6.398,-4.839,5,L,545,H
4.281,0.5695,3,L,545,I
-3.374,-3.677,7,L,545,K
0,0,,L,545,L
3.026,0.5473,1,L,545,M
-5.024,-4.625,3,L,545,N
-7.616,-4.893,4,L,545,P
-7.902,-4.899,3,L,545,Q
-5.17,-4.663,3,L,545,R
-6.389,-4.839,5,L,545,S
-1.955,-1.916,4,L,545,V
-2.517,-2.681,5,L,545,W
-3.723,-3.98,2,L,545,Y
-6.486,-4.846,2,T,546,-
-1.891,-1.829,6,T,546,A
-6.702,-4.859,3,T,546,C
-5.368,-4.707,6,T,546,D
-0.5408,-0.3452,5,T,546,E
5.292,0.5752,3,T,546,F
-2.12,-2.142,2,T,546,G
1.892,0.4826,3,T,546,H
-0.04594,-0.02421,7,T,546,I
-0.6386,-0.4228,4,T,546,K
0.6471,0.2596,5,T,546,L
-1.555,-1.388,2,T,546,M
-1.434,-1.238,3,T,546,N
-4.252,-4.323,2,T,546,P
0.1022,0.05079,4,T,546,Q
0.2719,0.1264,4,T,546,R
0.1017,0.05058,3,T,546,S
0,0,,T,546,T
0.6708,0.2666,3,T,546,V
-1.533,-1.36,3,T,546,W
0.4562,0.1972,4,T,546,Y
-6.761,-4.863,3,Y,547,*
0.6623,0.2641,1,Y,547,-
2.768,0.5381,3,Y,547,A
-6.012,-4.804,5,Y,547,C
-7.652,-4.894,1,Y,547,D
-3.986,-4.167,3,Y,547,E
0.03213,0.01642,6,Y,547,F
-2.478,-2.629,4,Y,547,G
-6.857,-4.867,2,Y,547,H
-1.225,-0.9929,1,Y,547,I
-2.725,-2.951,4,Y,547,K
-0.1525,-0.08382,6,Y,547,L
-2.651,-2.857,1,Y,547,M
-2.553,-2.729,1,Y,547,N
-4.496,-4.44,7,Y,547,P
-5.154,-4.659,3,Y,547,Q
-4.946,-4.603,4,Y,547,R
-6.864,-4.868,4,Y,547,S
1.415,0.4257,2,Y,547,T
-1.626,-1.477,9,Y,547,V
0.499,0.2121,5,Y,547,W
0,0,,Y,547,Y
0.493,0.21,1,S,548,-
-0.1193,-0.06471,5,S,548,A
-1.51,-1.331,3,S,548,C
-2.086,-2.094,4,S,548,D
-4.731,-4.533,5,S,548,E
1.054,0.3621,6,S,548,F
4.177,0.5685,2,S,548,G
0.371,0.1658,4,S,548,H
0.9065,0.3291,5,S,548,I
-1.395,-1.19,5,S,548,L
0.2648,0.1234,1,S,548,M
-0.3783,-0.227,2,S,548,N
-1.676,-1.543,6,S,548,P
-0.7651,-0.5306,5,S,548,Q
-0.5223,-0.331,5,S,548,R
0,0,,S,548,S
1.214,0.3928,7,S,548,T
-1.213,-0.9797,6,S,548,V
-1.796,-1.702,2,S,548,W
-1.392,-1.187,12,S,548,Y
0.2165,0.1028,1,S,549,-
-5.044,-4.631,1,S,549,A
-2.243,-2.31,5,S,549,C
-0.4957,-0.3111,2,S,549,D
-1.153,-0.9136,6,S,549,E
-0.5987,-0.3906,8,S,549,F
0.3378,0.153,4,S,549,H
-1.786,-1.687,3,S,549,I
2.834,0.5407,4,S,549,K
-5.858,-4.786,4,S,549,L
0.2132,0.1014,4,S,549,M
4.135,0.5681,2,S,549,N
-7.48,-4.89,8,S,549,P
-1.472,-1.284,1,S,549,Q
-0.704,-0.4775,3,S,549,R
0,0,,S,549,S
1.221,0.3941,4,S,549,T
-0.3069,-0.1791,5,S,549,V
-1.173,-0.9358,4,S,549,W
-0.3362,-0.1985,10,S,549,Y
0.6267,0.2534,1,F,550,-
-5.191,-4.668,4,F,550,A
-6.7,-4.859,2,F,550,C
-13.82,-4.916,7,F,550,D
-6.798,-4.865,2,F,550,E
0,0,,F,550,F
-0.7953,-0.5575,2,F,550,G
-4.224,-4.308,8,F,550,H
-0.7988,-0.5607,1,F,550,I
-9.211,-4.911,4,F,550,K
-1.319,-1.1,15,F,550,L
-1.051,-0.8053,9,F,550,M
-10.02,-4.914,4,F,550,N
-7.604,-4.893,4,F,550,P
-4.721,-4.529,3,F,550,Q
-7.3,-4.885,2,F,550,R
-4.67,-4.511,1,F,550,S
-7.111,-4.878,1,F,550,T
-2.695,-2.913,5,F,550,V
0.8393,0.3127,2,F,550,W
-1.483,-1.297,2,G,551,-
-1.928,-1.879,3,G,551,A
-8.843,-4.909,9,G,551,C
7.014,0.5778,4,G,551,D
-7.201,-4.882,3,G,551,E
0,0,,G,551,G
-2.5,-2.659,3,G,551,H
-7.834,-4.898,6,G,551,I
-8.041,-4.901,5,G,551,K
-4.085,-4.229,4,G,551,L
-4.474,-4.431,8,G,551,M
-4.016,-4.186,5,G,551,N
-2.726,-2.952,3,G,551,P
-2.425,-2.558,6,G,551,Q
-7.405,-4.888,1,G,551,R
-1.324,-1.106,11,G,551,S
-8.876,-4.91,7,G,551,T
-5.06,-4.635,11,G,551,V
-3.319,-3.624,2,G,551,W
-3.843,-4.07,8,G,551,Y
2.823,0.5403,4,V,552,-
-7.043,-4.876,3,V,552,A
-5.666,-4.759,5,V,552,C
-3.393,-3.696,4,V,552,D
-4.277,-4.336,7,V,552,E
-0.1807,-0.1004,2,V,552,F
-5.172,-4.663,2,V,552,G
-2.616,-2.811,3,V,552,H
6.688,0.5776,6,V,552,I
-2.894,-3.159,2,V,552,K
-5.811,-4.78,10,V,552,L
-1.507,-1.328,9,V,552,M
-4.073,-4.221,2,V,552,N
-5.422,-4.717,4,V,552,Q
-6.776,-4.863,4,V,552,R
-7.264,-4.884,1,V,552,S
-6.929,-4.871,3,V,552,T
0,0,,V,552,V
-0.5364,-0.3418,4,V,552,W
-5.836,-4.783,2,V,552,Y
-7.871,-4.898,2,C,553,*
-0.2279,-0.129,5,C,553,-
-4.952,-4.605,6,C,553,A
0,0,,C,553,C
-7.463,-4.889,3,C,553,D
-7.518,-4.891,7,C,553,F
-7.238,-4.883,5,C,553,G
-4.502,-4.443,2,C,553,H
-6.602,-4.853,6,C,553,I
-9.281,-4.912,6,C,553,K
-7.7,-4.895,7,C,553,L
-4.826,-4.565,6,C,553,M
-2.942,-3.216,4,C,553,N
-2.333,-2.433,2,C,553,P
-5.302,-4.693,5,C,553,Q
-4.984,-4.614,4,C,553,R
-3.595,-3.876,4,C,553,S
-6.525,-4.848,6,C,553,T
-5.058,-4.635,4,C,553,V
-7.442,-4.889,7,C,553,W
-7.109,-4.878,12,C,553,Y
-4.337,-4.367,3,A,554,-
0,0,,A,554,A
-8.287,-4.904,5,A,554,C
-2.219,-2.277,4,A,554,D
-1.094,-0.8507,4,A,554,E
-2.534,-2.703,3,A,554,F
-4.701,-4.522,5,A,554,G
-1.859,-1.786,12,A,554,H
-1.212,-0.9779,1,A,554,K
-2.97,-3.248,1,A,554,L
-3.041,-3.329,2,A,554,M
-2.874,-3.134,7,A,554,N
-0.5344,-0.3403,4,A,554,P
0.1003,0.0499,3,A,554,Q
0.01139,0.00587,6,A,554,R
2.575,0.5296,10,A,554,S
-1.982,-1.953,7,A,554,T
-1.185,-0.9485,6,A,554,V
-3.057,-3.347,6,A,554,W
-3.949,-4.143,6,A,554,Y
3.6,0.5608,3,D,555,-
-6.878,-4.868,2,D,555,A
-5.244,-4.68,3,D,555,C
0,0,,D,555,D
-7.611,-4.893,4,D,555,E
-6.871,-4.868,2,D,555,F
-6.147,-4.818,1,D,555,G
-2.905,-3.172,3,D,555,H
-5.651,-4.757,4,D,555,I
-6.758,-4.862,4,D,555,K
-6.424,-4.841,3,D,555,L
-7.344,-4.886,1,D,555,M
-3.526,-3.817,6,D,555,N
-5.61,-4.75,5,D,555,P
-6.698,-4.859,3,D,555,Q
-5.076,-4.639,3,D,555,R
-6.84,-4.867,5,D,555,S
-4.714,-4.527,3,D,555,T
3.805,0.5641,1,D,555,V
-3.434,-3.734,4,D,555,W
-7.241,-4.883,10,D,555,Y
2.079,0.4987,3,G,556,-
-4.713,-4.526,3,G,556,A
-7.098,-4.878,21,G,556,C
-8.009,-4.901,6,G,556,D
-7.658,-4.894,6,G,556,F
0,0,,G,556,G
-2.591,-2.778,3,G,556,H
-6.898,-4.869,2,G,556,I
-7.831,-4.898,6,G,556,K
-3.803,-4.041,7,G,556,L
-7.896,-4.899,3,G,556,M
0.5146,0.2174,1,G,556,N
-6.987,-4.873,4,G,556,P
-4.803,-4.558,4,G,556,Q
-7.283,-4.884,2,G,556,R
-4.021,-4.19,7,G,556,S
-5.631,-4.754,1,G,556,T
-7.513,-4.891,6,G,556,V
-8.289,-4.904,9,G,556,W
-6.953,-4.872,2,G,556,Y
-0.6834,-0.46,2,S,557,-
-4.955,-4.606,4,S,557,A
-6.88,-4.869,1,S,557,C
-8.373,-4.905,3,S,557,D
-7.214,-4.882,2,S,557,E
-6.555,-4.85,7,S,557,F
-6.685,-4.858,4,S,557,G
-1.732,-1.616,1,S,557,H
-6.251,-4.827,5,S,557,I
-7.214,-4.882,2,S,557,K
-7.706,-4.895,4,S,557,L
-7.942,-4.9,7,S,557,M
-7.856,-4.898,12,S,557,N
-5.566,-4.743,4,S,557,P
-6.053,-4.808,1,S,557,Q
-3.219,-3.522,6,S,557,R
0,0,,S,557,S
-4.099,-4.237,5,S,557,T
-6.976,-4.873,2,S,557,V
-7.28,-4.884,2,S,557,W
-4.55,-4.463,6,S,557,Y
-3.641,-3.914,2,I,558,-
-3.387,-3.69,2,I,558,A
-7.746,-4.896,5,I,558,C
-4.788,-4.553,7,I,558,D
-2.695,-2.912,2,I,558,E
-1.187,-0.9508,6,I,558,F
-7.415,-4.888,4,I,558,G
-2.587,-2.774,3,I,558,H
0,0,,I,558,I
-4.271,-4.333,2,I,558,K
0.1355,0.06647,4,I,558,L
-0.326,-0.1917,4,I,558,M
3.159,0.5511,2,I,558,N
-2.344,-2.448,4,I,558,P
-5.082,-4.641,3,I,558,Q
-3.432,-3.732,2,I,558,R
-7.428,-4.889,4,I,558,S
-3.43,-3.73,5,I,558,T
-1.796,-1.701,5,I,558,V
-1.604,-1.449,8,I,558,Y
-2.134,-2.16,3,I,559,-
-5.443,-4.721,2,I,559,A
-4.586,-4.478,4,I,559,C
-2.728,-2.954,2,I,559,D
-5.131,-4.653,1,I,559,E
4.47,0.571,1,I,559,F
-9.141,-4.911,3,I,559,G
-4.575,-4.474,2,I,559,H
0,0,,I,559,I
-3.517,-3.809,7,I,559,K
-7.292,-4.884,2,I,559,N
-3.755,-4.005,6,I,559,P
-3.543,-3.832,8,I,559,Q
0.1248,0.06146,2,I,559,R
-2.947,-3.221,4,I,559,S
-0.8146,-0.575,4,I,559,T
-2.27,-2.347,5,I,559,V
-7.4,-4.888,2,I,559,W
-3.318,-3.622,4,I,559,Y
-4.774,-4.548,2,N,56,K
0,0,,N,56,N
-0.1295,-0.07051,4,A,560,-
0,0,,A,560,A
-3.749,-4,5,A,560,C
-0.6433,-0.4267,9,A,560,D
0.2676,0.1246,2,A,560,E
5.01,0.5741,7,A,560,F
2.855,0.5415,1,A,560,H
-0.4986,-0.3132,5,A,560,I
0.863,0.3186,8,A,560,K
0.5583,0.2318,5,A,560,L
-0.7053,-0.4786,5,A,560,M
-0.2184,-0.1232,7,A,560,N
-1.025,-0.7786,6,A,560,P
1.732,0.4664,2,A,560,Q
2.326,0.516,1,A,560,R
0.2519,0.118,10,A,560,S
-0.2433,-0.1385,11,A,560,T
1.77,0.4704,6,A,560,V
-0.9514,-0.7046,2,A,560,W
0.675,0.2679,4,A,560,Y
-0.9334,-0.687,4,V,561,-
-0.842,-0.6002,3,V,561,A
-2.595,-2.784,2,V,561,D
-3.405,-3.706,2,V,561,E
3.566,0.5602,1,V,561,F
-3.286,-3.591,7,V,561,G
-1.248,-1.019,9,V,561,H
3.521,0.5594,6,V,561,I
-1.01,-0.7632,4,V,561,K
-0.103,-0.0555,9,V,561,L
2.947,0.5447,13,V,561,M
-1.49,-1.307,5,V,561,N
-0.1929,-0.1077,3,V,561,P
0.5154,0.2176,3,V,561,Q
-0.3028,-0.1765,3,V,561,R
-0.3776,-0.2265,1,V,561,S
-0.7966,-0.5587,2,V,561,T
0,0,,V,561,V
-0.7797,-0.5436,3,V,561,W
-0.9366,-0.6902,2,V,561,Y
-7.588,-4.893,5,Q,562,*
-2.191,-2.238,4,Q,562,-
0.3265,0.1485,5,Q,562,A
-2.411,-2.539,5,Q,562,C
-0.8834,-0.639,4,Q,562,D
0.686,0.2711,7,Q,562,E
-1.159,-0.9196,7,Q,562,F
0.3889,0.1726,2,Q,562,G
-0.2475,-0.1412,12,Q,562,H
-0.7062,-0.4793,2,Q,562,I
4.862,0.5734,4,Q,562,K
5.332,0.5753,4,Q,562,L
-1.989,-1.962,2,Q,562,M
-0.3124,-0.1828,1,Q,562,N
0.1456,0.07112,4,Q,562,P
0,0,,Q,562,Q
3.678,0.5621,2,Q,562,R
-1.44,-1.245,2,Q,562,S
-1.23,-0.9986,5,Q,562,T
-0.9057,-0.6602,1,Q,562,V
-1.507,-1.328,3,Q,562,Y
-1.923,-1.873,4,P,563,-
-0.5445,-0.3481,9,P,563,A
-3.036,-3.324,3,P,563,C
-1.086,-0.8421,4,P,563,D
-1.318,-1.1,2,P,563,E
-0.4425,-0.2721,2,P,563,F
-5.063,-4.636,1,P,563,G
-1.725,-1.607,6,P,563,H
-1.201,-0.9656,3,P,563,I
-2.141,-2.171,3,P,563,K
-0.5949,-0.3875,9,P,563,L
-0.6238,-0.4107,2,P,563,M
-2.485,-2.638,2,P,563,N
0,0,,P,563,P
-1.429,-1.231,3,P,563,Q
-0.5138,-0.3247,5,P,563,R
0.5665,0.2345,4,P,563,S
-0.9162,-0.6703,6,P,563,T
-1.389,-1.183,2,P,563,V
-2.028,-2.015,3,P,563,W
-0.9153,-0.6695,4,P,563,Y
-6.517,-4.848,7,R,564,*
0.1389,0.06804,2,R,564,-
-0.826,-0.5854,4,R,564,A
-0.6435,-0.4268,2,R,564,C
-1.199,-0.964,3,R,564,D
-1.739,-1.625,2,R,564,E
-0.4274,-0.2613,4,R,564,F
1.492,0.4367,2,R,564,G
-0.8528,-0.6102,6,R,564,H
0.4776,0.2047,5,R,564,I
-0.9079,-0.6623,4,R,564,K
-0.6613,-0.4415,7,R,564,L
-0.6805,-0.4576,3,R,564,M
-0.191,-0.1066,4,R,564,N
-0.249,-0.1421,5,R,564,P
-0.04881,-0.02575,17,R,564,Q
0,0,,R,564,R
0.1138,0.05632,3,R,564,S
-0.9782,-0.7311,3,R,564,T
-0.3815,-0.2292,4,R,564,V
0.1732,0.0837,4,R,564,W
-0.5659,-0.3647,2,R,564,Y
-0.6357,-0.4205,2,N,565,-
4.1,0.5677,2,N,565,A
4.634,0.5722,3,N,565,C
3.897,0.5653,3,N,565,D
1.835,0.4771,2,N,565,E
1.823,0.476,7,N,565,F
2.027,0.4945,5,N,565,G
2.056,0.4969,2,N,565,H
-0.5737,-0.3708,2,N,565,I
0.1041,0.05168,8,N,565,K
0.7517,0.2896,3,N,565,L
-0.8928,-0.6479,1,N,565,M
0,0,,N,565,N
5.313,0.5752,5,N,565,P
0.7902,0.3,4,N,565,Q
-2.031,-2.019,2,N,565,R
2.384,0.5195,5,N,565,S
0.09374,0.04675,2,N,565,T
-0.615,-0.4036,4,N,565,V
-1.183,-0.9468,3,N,565,W
-1.171,-0.9332,2,N,565,Y
-0.8497,-0.6074,2,V,566,-
0.04886,0.0248,1,V,566,A
-1.516,-1.339,3,V,566,C
-0.5033,-0.3168,4,V,566,D
-0.2029,-0.1137,5,V,566,E
-0.01057,-0.005494,11,V,566,F
-0.7507,-0.5179,3,V,566,G
2.49,0.5253,1,V,566,H
0.01644,0.008453,14,V,566,I
0.2215,0.105,4,V,566,K
-0.4543,-0.2807,4,V,566,L
6.923,0.5778,8,V,566,M
0.4179,0.1834,5,V,566,N
0.2104,0.1002,4,V,566,P
3.673,0.5621,2,V,566,Q
1.828,0.4765,5,V,566,R
-0.3115,-0.1821,2,V,566,S
-0.4445,-0.2735,2,V,566,T
0,0,,V,566,V
0.3766,0.168,2,V,566,W
-0.1109,-0.05998,2,S,567,-
4.204,0.5688,3,S,567,A
0.1252,0.06167,5,S,567,C
-0.1902,-0.1061,5,S,567,D
4.302,0.5697,3,S,567,E
0.9195,0.3322,1,S,567,F
-0.0637,-0.03381,2,S,567,G
1.19,0.3886,4,S,567,H
2.09,0.4996,3,S,567,I
2.12,0.5019,2,S,567,K
-0.7343,-0.5035,2,S,567,L
1.01,0.3527,4,S,567,M
-0.0006551,-0.0003392,6,S,567,N
3.932,0.5658,2,S,567,P
0.3998,0.1767,2,S,567,Q
0.1252,0.06168,5,S,567,R
0,0,,S,567,S
0.8355,0.3117,4,S,567,T
0.09698,0.0483,6,S,567,V
-1.282,-1.057,4,S,567,W
1.24,0.3975,5,S,567,Y
-3.874,-4.092,2,Y,568,*
-0.2072,-0.1163,2,Y,568,-
-2.853,-3.109,4,Y,568,A
-0.5329,-0.3391,2,Y,568,C
-0.9085,-0.6629,4,Y,568,D
0.3325,0.1509,2,Y,568,E
-4.902,-4.59,2,Y,568,F
-0.5606,-0.3605,6,Y,568,G
2.674,0.5342,3,Y,568,H
-0.879,-0.6348,1,Y,568,I
0.1264,0.06222,1,Y,568,K
2.491,0.5254,1,Y,568,L
3.714,0.5627,2,Y,568,M
-3.41,-3.712,4,Y,568,N
2.825,0.5404,2,Y,568,P
2.226,0.5095,3,Y,568,Q
-0.9171,-0.6712,1,Y,568,R
-3.868,-4.088,2,Y,568,S
4.263,0.5693,1,Y,568,T
0.2731,0.1269,6,Y,568,V
-0.02477,-0.01294,4,Y,568,W
0,0,,Y,568,Y
-0.3011,-0.1753,2,D,569,-
-0.2493,-0.1423,1,D,569,A
-1.403,-1.2,2,D,569,C
0,0,,D,569,D
0.4285,0.1872,5,D,569,E
-0.4015,-0.243,1,D,569,F
-0.9282,-0.6819,4,D,569,G
0.4212,0.1846,3,D,569,H
0.2743,0.1274,5,D,569,I
2.276,0.5128,1,D,569,K
-8.078,-4.902,2,D,569,L
2.934,0.5443,1,D,569,M
0.1611,0.07824,16,D,569,N
0.08931,0.04462,3,D,569,P
1.847,0.4783,4,D,569,Q
0.3721,0.1663,3,D,569,R
-0.02445,-0.01278,6,D,569,S
-0.8507,-0.6082,2,D,569,T
2.267,0.5122,6,D,569,V
-0.03729,-0.01958,2,D,569,W
-0.544,-0.3477,15,D,569,Y
-1.357,-1.145,7,W,57,*
-8.125,-4.902,3,W,57,C
-1.02,-0.7731,7,W,57,L
-2.997,-3.279,1,W,57,R
0,0,,W,57,W
-1.378,-1.171,2,S,570,-
-0.918,-0.6721,1,S,570,A
-2.27,-2.348,3,S,570,C
2.692,0.535,1,S,570,D
-1.992,-1.966,2,S,570,E
-0.8703,-0.6267,2,S,570,F
-1.13,-0.8889,7,S,570,G
0.4028,0.1778,1,S,570,H
-1.089,-0.8445,12,S,570,I
-1.16,-0.9207,3,S,570,K
1.709,0.4639,2,S,570,L
-3.19,-3.492,2,S,570,M
2.05,0.4965,9,S,570,N
1.26,0.4009,1,S,570,P
5.316,0.5753,5,S,570,Q
-1.37,-1.161,9,S,570,R
0,0,,S,570,S
0.7111,0.2783,5,S,570,T
3.693,0.5624,4,S,570,V
-1.085,-0.8405,2,S,570,W
2.195,0.5073,2,S,570,Y
0.9314,0.335,2,V,571,-
1.77,0.4704,3,V,571,A
-1.316,-1.097,6,V,571,C
3.421,0.5574,7,V,571,E
2.643,0.5328,2,V,571,F
-2.871,-3.131,1,V,571,G
0.6287,0.254,7,V,571,H
-2.694,-2.911,2,V,571,I
4.611,0.572,3,V,571,K
-0.199,-0.1114,13,V,571,L
1.077,0.3666,11,V,571,M
2.896,0.5429,6,V,571,N
1.739,0.4672,1,V,571,P
4.488,0.5712,2,V,571,Q
7.986,0.5782,3,V,571,R
-1.684,-1.553,4,V,571,S
3.184,0.5518,2,V,571,T
0,0,,V,571,V
-0.5511,-0.3531,2,V,571,W
1.732,0.4664,1,V,571,Y
-7.539,-4.891,5,S,572,*
0.5124,0.2166,2,S,572,-
1.338,0.4138,1,S,572,A
-1.17,-0.9316,2,S,572,C
0.939,0.3368,3,S,572,D
1.496,0.4373,3,S,572,E
0.07961,0.03992,4,S,572,F
5.375,0.5754,1,S,572,G
3.53,0.5595,2,S,572,H
-0.5211,-0.3302,3,S,572,I
1.319,0.4109,2,S,572,K
1.264,0.4016,2,S,572,L
0.2373,0.1118,4,S,572,M
-2.106,-2.122,1,S,572,N
2.541,0.528,6,S,572,P
1.738,0.4671,5,S,572,Q
3.083,0.549,1,S,572,R
0,0,,S,572,S
-0.9111,-0.6655,5,S,572,T
-0.7557,-0.5223,3,S,572,V
-0.9633,-0.7163,3,S,572,W
-0.3553,-0.2113,11,S,572,Y
-1.498,-1.317,2,A,573,-
0,0,,A,573,A
-0.7849,-0.5482,4,A,573,C
5.453,0.5757,4,A,573,D
0.8654,0.3192,4,A,573,E
-0.1475,-0.08089,4,A,573,F
0.1046,0.05193,1,A,573,G
2.122,0.502,4,A,573,H
-0.04533,-0.02389,5,A,573,I
0.6464,0.2594,4,A,573,K
-0.001876,-0.0009718,6,A,573,L
2.835,0.5407,3,A,573,M
0.3015,0.1385,7,A,573,N
-0.3827,-0.23,7,A,573,P
0.177,0.0854,2,A,573,Q
0.5443,0.2273,4,A,573,R
3.75,0.5633,6,A,573,S
6.013,0.5768,4,A,573,T
-0.2251,-0.1272,3,A,573,V
-1.226,-0.9935,8,A,573,W
0.6154,0.2499,6,A,573,Y
-9.998,-4.914,1,I,574,*
0.1486,0.07252,2,I,574,-
0.05048,0.02561,3,I,574,A
-0.3324,-0.1959,4,I,574,C
-2.064,-2.065,3,I,574,D
4.012,0.5668,3,I,574,E
3.289,0.5544,2,I,574,F
-0.7871,-0.5502,3,I,574,G
-0.1421,-0.07778,3,I,574,H
0,0,,I,574,I
-1.604,-1.45,3,I,574,K
-1.743,-1.631,1,I,574,L
1.128,0.3768,1,I,574,M
-1.985,-1.957,10,I,574,N
4.208,0.5688,2,I,574,P
1.097,0.3707,1,I,574,Q
-1.418,-1.218,7,I,574,R
0.8261,0.3093,1,I,574,S
-0.379,-0.2275,3,I,574,T
0.4352,0.1897,5,I,574,V
-0.2486,-0.1419,4,I,574,W
0.8447,0.314,3,I,574,Y
-3.396,-3.699,2,V,575,-
-0.03495,-0.01834,5,V,575,A
-0.01635,-0.008516,3,V,575,C
0.1633,0.07923,1,V,575,D
2.433,0.5223,4,V,575,E
1.413,0.4255,1,V,575,F
-0.2027,-0.1136,4,V,575,G
-1.923,-1.872,1,V,575,H
1.605,0.4516,7,V,575,I
2.251,0.5112,4,V,575,L
-0.6206,-0.4081,10,V,575,M
-0.6257,-0.4123,5,V,575,N
-0.9684,-0.7215,6,V,575,P
-0.4059,-0.2461,3,V,575,Q
2.452,0.5233,5,V,575,R
-0.3911,-0.2358,4,V,575,S
0.4564,0.1972,2,V,575,T
0,0,,V,575,V
4.112,0.5679,2,V,575,W
0.0711,0.03578,7,V,575,Y
-3.491,-3.786,8,T,576,*
-1.233,-1.002,2,T,576,-
-0.5969,-0.3891,5,T,576,A
-1.166,-0.9278,3,T,576,C
1.549,0.4445,5,T,576,D
3.892,0.5653,3,T,576,E
1.508,0.4389,3,T,576,F
2.016,0.4937,8,T,576,G
2.1,0.5004,4,T,576,H
1.949,0.4879,5,T,576,I
1.18,0.3867,2,T,576,K
-0.8879,-0.6433,4,T,576,M
-1.089,-0.8453,8,T,576,N
-1.464,-1.274,4,T,576,P
1.818,0.4755,5,T,576,R
1.049,0.3609,1,T,576,S
0,0,,T,576,T
-0.1394,-0.07619,4,T,576,V
-0.3893,-0.2345,2,T,576,W
0.08204,0.0411,3,T,576,Y
-0.2217,-0.1252,2,A,577,-
0,0,,A,577,A
2.802,0.5395,4,A,577,C
0.4245,0.1858,9,A,577,D
0.8475,0.3147,5,A,577,E
-0.8047,-0.5661,5,A,577,F
-0.8454,-0.6034,2,A,577,G
-1.15,-0.9105,7,A,577,H
-1.474,-1.287,6,A,577,I
1.864,0.4799,9,A,577,K
0.9856,0.3473,2,A,577,L
1.223,0.3946,2,A,577,N
-2.753,-2.985,2,A,577,P
-1.318,-1.1,4,A,577,Q
-2.248,-2.317,3,A,577,R
0.665,0.2649,10,A,577,S
-0.4591,-0.2841,20,A,577,T
1.882,0.4817,7,A,577,V
0.2431,0.1143,5,A,577,W
-0.03835,-0.02015,7,A,577,Y
-8.353,-4.905,5,N,578,*
-1.106,-0.8631,2,N,578,-
2.342,0.517,4,N,578,A
-2.306,-2.396,2,N,578,C
2.803,0.5395,3,N,578,D
0.4907,0.2092,5,N,578,E
-0.7758,-0.54,4,N,578,F
-0.3017,-0.1757,6,N,578,G
-0.03713,-0.0195,2,N,578,H
-1.892,-1.83,4,N,578,I
0.7759,0.2961,7,N,578,K
3.876,0.5651,1,N,578,L
1.36,0.4173,1,N,578,M
0,0,,N,578,N
4.682,0.5725,1,N,578,P
0.9702,0.3439,5,N,578,Q
-5.741,-4.77,2,N,578,R
2.877,0.5423,3,N,578,S
1.895,0.4829,5,N,578,T
0.319,0.1455,3,N,578,V
0.8046,0.3037,2,N,578,W
-0.6787,-0.456,3,N,578,Y
-1.67,-1.535,2,L,579,-
-1.17,-0.9316,5,L,579,A
-1.851,-1.775,6,L,579,C
-4.835,-4.568,3,L,579,D
-4.574,-4.473,1,L,579,E
-0.5345,-0.3403,7,L,579,F
-3.114,-3.41,4,L,579,H
-0.1474,-0.08082,4,L,579,I
-7.384,-4.887,3,L,579,K
0,0,,L,579,L
0.3847,0.171,9,L,579,M
-5.505,-4.733,11,L,579,N
-3.018,-3.303,6,L,579,P
-3.562,-3.848,4,L,579,Q
-8.51,-4.907,5,L,579,R
-8.177,-4.903,1,L,579,S
-1.354,-1.141,3,L,579,T
-0.5097,-0.3216,5,L,579,V
-1.718,-1.598,3,L,579,Y
0,0,,F,58,F
-6.821,-4.866,1,F,58,I
-5.915,-4.793,8,F,58,L
-3.166,-3.466,1,F,58,S
-7.181,-4.881,3,S,580,*
1.443,0.4299,1,S,580,-
-2.763,-2.998,3,S,580,A
-1.94,-1.895,6,S,580,C
-2.404,-2.53,4,S,580,D
-0.7983,-0.5603,5,S,580,E
-1.135,-0.8943,1,S,580,F
-0.7856,-0.5488,5,S,580,G
-0.1018,-0.05485,4,S,580,H
-0.02203,-0.0115,7,S,580,I
2.004,0.4926,4,S,580,K
0.5582,0.2318,3,S,580,L
4.16,0.5684,5,S,580,M
1.413,0.4254,7,S,580,N
-1.78,-1.679,3,S,580,P
1.607,0.4518,3,S,580,Q
-0.5428,-0.3468,7,S,580,R
0,0,,S,580,S
-1.141,-0.9005,8,S,580,W
0.7546,0.2904,2,I,581,-
-5.469,-4.726,2,I,581,A
-7.777,-4.897,7,I,581,C
-3.481,-3.777,1,I,581,D
-7.678,-4.895,3,I,581,E
-1.235,-1.004,4,I,581,F
-7.449,-4.889,4,I,581,G
-7.386,-4.887,3,I,581,H
0,0,,I,581,I
-3.493,-3.788,2,I,581,K
-0.6157,-0.4042,3,I,581,L
-3.107,-3.402,2,I,581,M
-7.462,-4.889,4,I,581,N
-7.157,-4.88,3,I,581,P
-5.267,-4.685,4,I,581,Q
-3.607,-3.887,5,I,581,R
-4.382,-4.388,7,I,581,T
-0.04461,-0.0235,4,I,581,V
-7.549,-4.892,5,I,581,W
-10.34,-4.915,3,I,581,Y
-7.403,-4.888,3,P,582,*
-0.1222,-0.06638,1,P,582,-
-1.977,-1.946,6,P,582,A
4.331,0.5699,1,P,582,C
-5.062,-4.636,1,P,582,D
-5.092,-4.643,3,P,582,E
-7.787,-4.897,8,P,582,F
-3.651,-3.923,7,P,582,G
-7.19,-4.881,3,P,582,H
-2.553,-2.728,5,P,582,I
-10.62,-4.915,5,P,582,K
-4.512,-4.447,8,P,582,L
-3.642,-3.915,5,P,582,M
-7.265,-4.884,5,P,582,N
0,0,,P,582,P
-5.185,-4.666,18,P,582,Q
-6.689,-4.859,3,P,582,R
-7.985,-4.9,13,P,582,S
-4.461,-4.425,15,P,582,T
-1.229,-0.9978,2,P,582,V
-4.198,-4.294,5,P,582,W
-5.333,-4.7,3,P,582,Y
-0.5646,-0.3637,2,S,583,-
0.6666,0.2654,3,S,583,A
2.436,0.5224,7,S,583,C
-0.7438,-0.5119,3,S,583,D
0.2419,0.1138,4,S,583,E
-0.2477,-0.1413,5,S,583,F
4.421,0.5707,6,S,583,G
0.6794,0.2692,9,S,583,I
-1.055,-0.8095,3,S,583,K
0.3686,0.1649,4,S,583,L
0.2947,0.1358,1,S,583,M
-0.5113,-0.3228,13,S,583,N
5.633,0.5761,3,S,583,Q
-0.8556,-0.6129,5,S,583,R
0,0,,S,583,S
0.2159,0.1026,2,S,583,T
-0.8208,-0.5807,5,S,583,W
0.7724,0.2952,4,S,583,Y
-7.597,-4.893,5,N,584,*
0.3012,0.1384,2,N,584,-
-0.6291,-0.4151,4,N,584,A
-2.044,-2.038,1,N,584,C
-0.8264,-0.5858,7,N,584,D
0.1388,0.06802,2,N,584,F
0.1278,0.06289,2,N,584,G
-0.6396,-0.4236,3,N,584,H
-1.113,-0.8708,5,N,584,I
-0.5394,-0.3441,5,N,584,K
3.239,0.5532,2,N,584,L
-1.158,-0.919,8,N,584,M
0,0,,N,584,N
-2.978,-3.258,2,N,584,P
-1.83,-1.747,3,N,584,Q
-0.5181,-0.3279,4,N,584,R
-0.2475,-0.1412,2,N,584,S
-2.803,-3.047,5,N,584,T
-0.737,-0.5059,4,N,584,V
-0.9128,-0.6671,3,N,584,W
-1.302,-1.081,3,N,584,Y
-4.674,-4.512,18,W,585,*
-0.117,-0.06343,2,W,585,-
-5.315,-4.696,5,W,585,A
-4.116,-4.247,20,W,585,C
-8.145,-4.903,7,W,585,D
-5.166,-4.662,4,W,585,E
-0.2133,-0.12,4,W,585,F
-7.939,-4.9,5,W,585,G
-5.237,-4.679,5,W,585,H
-7.657,-4.894,3,W,585,I
4.431,0.5707,1,W,585,K
-2.428,-2.562,15,W,585,L
-4.546,-4.462,4,W,585,M
-5.25,-4.682,3,W,585,N
-4.37,-4.382,2,W,585,P
-5.109,-4.648,5,W,585,Q
-4.337,-4.367,2,W,585,R
-7.532,-4.891,3,W,585,S
-5.346,-4.702,5,W,585,T
-1.935,-1.889,5,W,585,V
0,0,,W,585,W
-1.545,-1.375,2,W,585,Y
-5.6,-4.749,3,T,586,*
-2.893,-3.156,2,T,586,-
-5.046,-4.631,4,T,586,A
-3.721,-3.978,4,T,586,C
-0.2564,-0.1468,3,T,586,D
-0.8309,-0.59,4,T,586,E
-7.105,-4.878,5,T,586,F
-2.276,-2.356,6,T,586,G
-3.823,-4.055,6,T,586,H
-0.9479,-0.7012,2,T,586,I
-1.73,-1.613,7,T,586,K
-2.123,-2.146,8,T,586,L
-1.559,-1.393,4,T,586,M
-2.019,-2.003,5,T,586,N
-6.523,-4.848,4,T,586,P
-3.007,-3.29,3,T,586,Q
-2.276,-2.356,1,T,586,R
1.028,0.3564,9,T,586,S
0,0,,T,586,T
-1.265,-1.038,5,T,586,V
-7.514,-4.891,4,T,586,W
-7.407,-4.888,3,T,586,Y
-1.987,-1.959,2,T,587,-
-0.3594,-0.2141,5,T,587,A
2.855,0.5415,1,T,587,C
-5.147,-4.657,4,T,587,D
-6.92,-4.87,2,T,587,E
4.947,0.5738,3,T,587,F
-3.148,-3.447,1,T,587,G
-1.149,-0.9093,5,T,587,H
2.165,0.5052,2,T,587,I
-6.868,-4.868,1,T,587,K
0.9818,0.3465,2,T,587,M
-3.702,-3.964,2,T,587,N
0.6448,0.2589,7,T,587,P
-2.201,-2.253,1,T,587,Q
-7.439,-4.889,3,T,587,R
-1.524,-1.348,3,T,587,S
0,0,,T,587,T
0.533,0.2235,2,T,587,V
2.261,0.5119,5,T,587,W
3.17,0.5514,3,T,587,Y
-6.042,-4.807,4,S,588,*
-0.7166,-0.4883,3,S,588,-
-0.8677,-0.6242,3,S,588,A
0.5621,0.2331,3,S,588,E
-2.011,-1.992,4,S,588,F
-2.392,-2.514,3,S,588,G
0.9749,0.3449,3,S,588,H
-3.242,-3.547,2,S,588,I
-2.402,-2.527,2,S,588,K
-1.637,-1.492,5,S,588,L
-1.292,-1.069,4,S,588,M
-1.835,-1.753,1,S,588,N
-5.096,-4.644,5,S,588,P
1.426,0.4274,3,S,588,Q
-2.276,-2.355,2,S,588,R
0,0,,S,588,S
-0.7107,-0.4832,2,S,588,T
2.294,0.514,1,S,588,V
-6.904,-4.87,1,S,588,W
-2.779,-3.018,8,S,588,Y
0.2211,0.1049,3,V,589,-
-10.79,-4.915,4,V,589,A
-3.855,-4.078,2,V,589,C
-7.736,-4.896,6,V,589,D
-10.1,-4.914,5,V,589,E
-7.896,-4.899,15,V,589,F
-7.516,-4.891,3,V,589,G
-0.3277,-0.1928,1,V,589,H
3.293,0.5545,14,V,589,I
-8.821,-4.909,1,V,589,K
-2.326,-2.423,4,V,589,L
-4.283,-4.339,4,V,589,M
-6.894,-4.869,1,V,589,N
-8.797,-4.909,7,V,589,P
-4.047,-4.205,1,V,589,Q
-7.532,-4.891,3,V,589,R
-4.31,-4.353,6,V,589,S
-6.896,-4.869,1,V,589,T
0,0,,V,589,V
-4.902,-4.59,3,V,589,W
-6.029,-4.806,2,V,589,Y
-0.4977,-0.3125,1,L,59,-
0,0,,L,59,L
-0.07198,-0.03832,7,L,59,M
-0.8903,-0.6455,1,L,59,V
-7.865,-4.898,9,Q,590,*
-1.208,-0.9734,7,Q,590,-
-1.512,-1.333,3,Q,590,A
-2.932,-3.204,3,Q,590,C
-0.8128,-0.5734,3,Q,590,D
0.1127,0.05577,2,Q,590,E
1.361,0.4176,1,Q,590,F
-2.188,-2.235,3,Q,590,G
-1.07,-0.8248,13,Q,590,H
-6.873,-4.868,1,Q,590,I
-5.252,-4.682,10,Q,590,K
4.548,0.5716,2,Q,590,M
-0.9435,-0.6969,7,Q,590,N
-7.794,-4.897,5,Q,590,P
0,0,,Q,590,Q
-8.129,-4.902,5,Q,590,R
-2.062,-2.062,1,Q,590,S
0.9252,0.3335,2,Q,590,T
2.334,0.5165,2,Q,590,V
-3.371,-3.674,8,V,591,-
-0.8187,-0.5788,8,V,591,A
-2.044,-2.037,5,V,591,C
-7.345,-4.886,3,V,591,D
-4.236,-4.314,4,V,591,E
-4.471,-4.429,3,V,591,F
-4.285,-4.34,2,V,591,G
-9.154,-4.911,7,V,591,H
-2.435,-2.571,4,V,591,I
-6.921,-4.87,4,V,591,K
-1.293,-1.071,4,V,591,L
4.238,0.5691,2,V,591,M
-6.918,-4.87,2,V,591,N
-2.392,-2.513,1,V,591,P
-4.38,-4.388,6,V,591,Q
-3.661,-3.931,2,V,591,R
-6.436,-4.842,3,V,591,S
1.221,0.3942,1,V,591,T
0,0,,V,591,V
-4.349,-4.373,3,V,591,W
-5.996,-4.802,8,V,591,Y
-7.492,-4.89,9,E,592,*
-0.8219,-0.5817,6,E,592,-
-8.48,-4.906,7,E,592,A
-9.766,-4.913,5,E,592,C
-6.921,-4.87,2,E,592,D
0,0,,E,592,E
-8.595,-4.907,1,E,592,F
-4.996,-4.617,6,E,592,G
-3.076,-3.369,4,E,592,H
-7.114,-4.878,5,E,592,I
-13.65,-4.916,51,E,592,K
-7.047,-4.876,5,E,592,L
-5.025,-4.626,4,E,592,M
-6.877,-4.868,1,E,592,N
-7.387,-4.887,6,E,592,P
-2.06,-2.059,3,E,592,Q
-7.527,-4.891,3,E,592,R
-7.543,-4.891,3,E,592,S
-8.992,-4.91,7,E,592,T
-6.085,-4.812,4,E,592,V
-6.77,-4.863,6,E,592,W
-7.372,-4.887,4,E,592,Y
0.5724,0.2364,1,Y,593,*
-1.209,-0.9754,6,Y,593,-
-5.07,-4.638,10,Y,593,A
-2.503,-2.662,3,Y,593,C
-8.839,-4.909,3,Y,593,D
-6.907,-4.87,4,Y,593,E
-7.071,-4.877,1,Y,593,F
-6.437,-4.842,1,Y,593,G
-6.302,-4.832,4,Y,593,H
-1.977,-1.946,1,Y,593,I
-6.202,-4.823,1,Y,593,K
-8.874,-4.91,3,Y,593,L
-14.65,-4.916,1,Y,593,M
-6.026,-4.806,1,Y,593,N
-3.855,-4.078,4,Y,593,P
-8.338,-4.905,2,Y,593,Q
-5.27,-4.686,3,Y,593,R
-7.163,-4.88,2,Y,593,S
-7.561,-4.892,5,Y,593,T
-4.887,-4.585,4,Y,593,V
-6.771,-4.863,1,Y,593,W
0,0,,Y,593,Y
-4.059,-4.213,6,L,594,*
0.04341,0.02209,6,L,594,-
-2.075,-2.079,5,L,594,A
1.609,0.4521,3,L,594,C
-5.438,-4.72,2,L,594,E
0.2809,0.1301,5,L,594,F
-7.555,-4.892,3,L,594,G
-1.614,-1.463,2,L,594,H
-7.324,-4.885,3,L,594,K
0,0,,L,594,L
-1.483,-1.297,8,L,594,M
-6.848,-4.867,4,L,594,N
-0.03432,-0.018,1,L,594,P
0.07096,0.03571,5,L,594,Q
-2.991,-3.272,1,L,594,R
-7.086,-4.877,4,L,594,S
-1.461,-1.27,5,L,594,T
-4.136,-4.259,1,L,594,V
-1.085,-0.8402,5,L,594,W
0.1342,0.06586,2,L,594,Y
-6.13,-4.816,5,Q,595,*
0.5513,0.2296,6,Q,595,-
-8.454,-4.906,4,Q,595,A
-5.714,-4.766,3,Q,595,C
-1.166,-0.9279,1,Q,595,D
-2.656,-2.863,3,Q,595,E
-8.035,-4.901,6,Q,595,F
-5.09,-4.643,7,Q,595,H
-4.298,-4.347,6,Q,595,I
-6.957,-4.872,7,Q,595,K
-6.958,-4.872,3,Q,595,L
-3.136,-3.434,3,Q,595,M
-4.75,-4.54,2,Q,595,N
-8.19,-4.903,5,Q,595,P
0,0,,Q,595,Q
-4.859,-4.576,2,Q,595,R
-7.809,-4.897,4,Q,595,S
-6.909,-4.87,2,Q,595,T
-4.81,-4.56,7,Q,595,V
-8.331,-4.905,3,Q,595,W
-6.672,-4.858,8,Q,595,Y
-7.332,-4.886,2,I,596,*
-0.5667,-0.3653,5,I,596,-
-8.131,-4.902,7,I,596,A
-6.895,-4.869,1,I,596,C
-6.869,-4.868,2,I,596,E
-2.793,-3.035,3,I,596,F
-5.462,-4.725,2,I,596,G
-4.407,-4.4,5,I,596,H
0,0,,I,596,I
-2.927,-3.197,3,I,596,K
-7.513,-4.891,1,I,596,L
-4.127,-4.254,7,I,596,M
-7.183,-4.881,3,I,596,N
-4.979,-4.613,2,I,596,P
-7.329,-4.886,2,I,596,Q
-7.033,-4.875,2,I,596,R
-7.065,-4.877,2,I,596,S
-4.525,-4.453,6,I,596,T
-2.844,-3.098,10,I,596,V
-5.393,-4.712,4,I,596,W
-6.184,-4.821,4,I,596,Y
-1.203,-0.9681,8,T,597,-
-1.582,-1.422,4,T,597,A
-1.346,-1.132,5,T,597,C
-3.165,-3.465,2,T,597,D
-3.195,-3.497,2,T,597,E
-0.4891,-0.3062,4,T,597,F
-6.879,-4.868,2,T,597,G
-1.212,-0.9782,3,T,597,H
-6.943,-4.871,6,T,597,I
-2.481,-2.632,3,T,597,K
-3.013,-3.297,2,T,597,L
4.472,0.5711,3,T,597,M
-7.385,-4.887,2,T,597,N
-5.157,-4.66,5,T,597,P
-0.1033,-0.05566,1,T,597,Q
-4.835,-4.569,4,T,597,R
-0.816,-0.5763,5,T,597,S
0,0,,T,597,T
-1.917,-1.864,3,T,597,V
-1.206,-0.9716,3,T,597,W
-0.009645,-0.005011,4,T,597,Y
-3.612,-3.89,1,S,598,*
-1.846,-1.768,9,S,598,-
0.2582,0.1206,6,S,598,A
-0.1312,-0.0715,3,S,598,C
-3.841,-4.068,2,S,598,D
-6.86,-4.868,2,S,598,E
-2.165,-2.203,9,S,598,F
-3.305,-3.61,3,S,598,G
0.3287,0.1494,6,S,598,H
-1.259,-1.031,4,S,598,I
-0.03268,-0.01713,5,S,598,K
0.1275,0.06273,5,S,598,L
2.21,0.5084,5,S,598,M
0.6429,0.2583,2,S,598,N
-6.99,-4.873,4,S,598,P
3.94,0.5659,4,S,598,Q
-0.6571,-0.438,1,S,598,R
0,0,,S,598,S
-0.2716,-0.1564,5,S,598,T
-0.2331,-0.1322,5,S,598,V
-1.539,-1.368,3,S,598,W
-0.8205,-0.5804,6,S,598,Y
0.05713,0.02891,8,T,599,-
-0.4309,-0.2638,7,T,599,A
-5.274,-4.687,1,T,599,C
-7.055,-4.876,6,T,599,D
-6.514,-4.848,6,T,599,E
-1.958,-1.919,4,T,599,F
3.444,0.5579,1,T,599,G
1.282,0.4047,3,T,599,H
-1.376,-1.167,1,T,599,I
0.6971,0.2743,2,T,599,K
-4.232,-4.312,3,T,599,L
0.9372,0.3363,8,T,599,M
0.3856,0.1713,6,T,599,N
-1.428,-1.231,3,T,599,P
0.6932,0.2732,4,T,599,R
-1.26,-1.032,5,T,599,S
0,0,,T,599,T
-3.562,-3.848,3,T,599,V
-1.583,-1.423,3,T,599,W
-2.805,-3.05,3,T,599,Y
3.862,0.5649,2,V,6,A
-2.048,-2.043,1,V,6,E
0.6834,0.2703,2,V,6,L
2,0.4923,4,V,6,M
0,0,,V,6,V
-2.213,-2.269,1,L,60,-
-6.178,-4.821,1,L,60,E
-5.405,-4.714,4,L,60,F
-1.712,-1.589,2,L,60,I
0,0,,L,60,L
-4.733,-4.534,4,P,600,*
0.6065,0.2472,7,P,600,-
1.058,0.3629,2,P,600,A
-1.865,-1.793,5,P,600,C
-6.907,-4.87,2,P,600,D
1.376,0.4198,2,P,600,F
-1.507,-1.327,1,P,600,G
5.812,0.5765,10,P,600,H
-0.8034,-0.5648,3,P,600,I
-1.82,-1.733,3,P,600,L
0.1633,0.07925,6,P,600,M
4.277,0.5695,1,P,600,N
0,0,,P,600,P
3.568,0.5603,1,P,600,Q
0.004759,0.002458,8,P,600,R
-1.201,-0.9664,11,P,600,S
-1.682,-1.551,5,P,600,T
-0.02964,-0.01552,2,P,600,W
2.101,0.5004,8,P,600,Y
-0.5156,-0.326,7,I,601,-
-6.896,-4.869,2,I,601,A
-6.103,-4.814,7,I,601,C
-0.8615,-0.6183,1,I,601,D
-3.133,-3.431,4,I,601,E
-2.742,-2.972,6,I,601,F
-4.518,-4.45,5,I,601,G
-6.863,-4.868,3,I,601,H
0,0,,I,601,I
-8.434,-4.906,3,I,601,K
-6.387,-4.839,3,I,601,L
-7.105,-4.878,4,I,601,M
-4.974,-4.611,6,I,601,N
-9.613,-4.913,3,I,601,Q
-6.898,-4.869,2,I,601,R
-6.869,-4.868,1,I,601,S
-4.639,-4.499,5,I,601,T
0.01164,0.005997,6,I,601,V
-0.8134,-0.5739,1,I,601,W
-3.353,-3.657,3,I,601,Y
-8.322,-4.905,7,V,602,*
-0.3152,-0.1845,8,V,602,-
-2.866,-3.124,4,V,602,A
-4.88,-4.583,6,V,602,C
-3.974,-4.159,7,V,602,D
-6.25,-4.827,8,V,602,E
0.124,0.06108,6,V,602,F
-7.414,-4.888,4,V,602,G
-1.203,-0.9682,1,V,602,H
0.05002,0.02538,2,V,602,I
-7.802,-4.897,1,V,602,K
-0.19,-0.106,8,V,602,L
0.3422,0.1547,9,V,602,M
-7.359,-4.887,4,V,602,N
-6.082,-4.812,5,V,602,P
-4.824,-4.565,4,V,602,Q
-6.595,-4.853,3,V,602,R
-1.306,-1.085,6,V,602,T
0,0,,V,602,V
-2.692,-2.909,3,V,602,W
-1.792,-1.696,1,V,602,Y
0.3479,0.1569,8,V,603,-
-5.432,-4.719,8,V,603,A
-8.259,-4.904,3,V,603,C
-3.294,-3.599,1,V,603,D
-7.267,-4.884,4,V,603,E
-12.87,-4.916,2,V,603,F
-6.915,-4.87,2,V,603,H
-1.92,-1.869,1,V,603,I
-7.293,-4.885,9,V,603,K
-2.86,-3.118,8,V,603,L
-5.615,-4.751,5,V,603,M
-5.776,-4.775,1,V,603,N
-8.86,-4.91,9,V,603,P
-8.075,-4.902,3,V,603,Q
-3.23,-3.534,1,V,603,R
-5.594,-4.748,4,V,603,S
-6.934,-4.871,2,V,603,T
0,0,,V,603,V
-6.946,-4.872,1,V,603,W
-4.624,-4.493,2,V,603,Y
-9.829,-4.914,3,D,604,*
-4.086,-4.229,9,D,604,-
-0.2179,-0.1229,1,D,604,A
-3.467,-3.764,4,D,604,C
0,0,,D,604,D
-2.215,-2.272,5,D,604,E
-7.376,-4.887,3,D,604,F
-3.87,-4.089,5,D,604,G
0.343,0.155,9,D,604,H
-2.651,-2.856,7,D,604,I
-2.598,-2.787,5,D,604,K
-7.046,-4.876,1,D,604,L
-3.962,-4.151,1,D,604,M
-5.02,-4.624,30,D,604,N
-4.26,-4.327,1,D,604,P
-1.087,-0.8432,7,D,604,Q
-7.404,-4.888,3,D,604,R
-0.72,-0.4912,2,D,604,S
-4.922,-4.596,3,D,604,T
-4.574,-4.473,5,D,604,V
-4.293,-4.344,4,D,604,W
-4.023,-4.191,11,D,604,Y
-5.858,-4.786,3,C,605,*
0.04444,0.0226,7,C,605,-
-7.084,-4.877,6,C,605,A
0,0,,C,605,C
-6.895,-4.869,2,C,605,D
-6.896,-4.869,5,C,605,E
-6.385,-4.838,6,C,605,F
-4.217,-4.304,4,C,605,G
-4.968,-4.609,2,C,605,I
-7.148,-4.88,1,C,605,K
-3.329,-3.633,3,C,605,L
-7.274,-4.884,4,C,605,M
-6.895,-4.869,2,C,605,P
-4.1,-4.238,2,C,605,Q
-2.468,-2.615,3,C,605,R
-7.524,-4.891,5,C,605,S
-4.071,-4.22,5,C,605,T
1.065,0.3643,7,C,605,V
-7.748,-4.896,6,C,605,W
-4.313,-4.355,14,C,605,Y
-7.448,-4.889,7,S,606,*
-7.814,-4.897,9,S,606,-
2.68,0.5345,4,S,606,A
-1.042,-0.7954,3,S,606,C
3.75,0.5633,1,S,606,D
-2.353,-2.46,3,S,606,E
0.2221,0.1053,3,S,606,F
-1.114,-0.8713,6,S,606,G
-0.5048,-0.3179,2,S,606,H
-1.086,-0.8418,7,S,606,I
-2.567,-2.746,12,S,606,L
0.1848,0.08888,1,S,606,M
-1.612,-1.46,5,S,606,N
0.7924,0.3005,6,S,606,P
4.378,0.5703,2,S,606,Q
1.301,0.4079,3,S,606,R
0,0,,S,606,S
1.967,0.4895,7,S,606,T
-0.8027,-0.5643,3,S,606,V
0.8909,0.3254,1,S,606,W
10.62,0.5784,2,S,606,Y
0.6323,0.2551,7,T,607,-
-2.578,-2.761,8,T,607,A
-6.416,-4.841,2,T,607,C
-10.27,-4.915,3,T,607,D
-6.872,-4.868,4,T,607,E
0.1564,0.07609,3,T,607,F
-2.086,-2.095,1,T,607,H
-1.099,-0.8551,6,T,607,I
-3.035,-3.322,6,T,607,K
1.722,0.4653,3,T,607,L
-1.435,-1.238,7,T,607,M
-12.27,-4.916,6,T,607,N
-6.987,-4.873,5,T,607,P
0.3516,0.1584,4,T,607,Q
0.1524,0.07426,2,T,607,R
-0.9246,-0.6785,3,T,607,S
0,0,,T,607,T
-0.03133,-0.01642,3,T,607,W
1.163,0.3836,3,T,607,Y
-7.602,-4.893,6,Y,608,*
-2.624,-2.821,7,Y,608,-
-6.366,-4.837,4,Y,608,A
-7.108,-4.878,6,Y,608,C
-6.9,-4.869,1,Y,608,D
-3.057,-3.347,2,Y,608,E
-1.213,-0.9792,5,Y,608,F
-8.491,-4.907,8,Y,608,G
-8.325,-4.905,4,Y,608,H
-3.979,-4.163,2,Y,608,I
-2.313,-2.407,2,Y,608,K
-5.088,-4.642,3,Y,608,L
-6.379,-4.838,9,Y,608,M
-5.482,-4.728,1,Y,608,N
-7.148,-4.88,5,Y,608,P
-4.074,-4.222,1,Y,608,Q
-6.946,-4.872,3,Y,608,R
-5.273,-4.687,5,Y,608,S
-5.511,-4.734,2,Y,608,T
-6.918,-4.87,1,Y,608,V
-6.384,-4.838,3,Y,608,W
0,0,,Y,608,Y
-1.507,-1.327,7,V,609,-
-5.312,-4.695,3,V,609,A
5.009,0.5741,4,V,609,C
-4.666,-4.509,4,V,609,D
-5.236,-4.678,7,V,609,E
-7.401,-4.888,5,V,609,F
-7.352,-4.886,2,V,609,G
-5.26,-4.684,3,V,609,H
-1.303,-1.082,3,V,609,I
-5.818,-4.781,2,V,609,K
-4.312,-4.354,8,V,609,L
-6.118,-4.815,7,V,609,M
-8.339,-4.905,7,V,609,N
-5.664,-4.759,5,V,609,P
-13.34,-4.916,1,V,609,Q
-7.711,-4.895,5,V,609,R
-0.5685,-0.3667,1,V,609,S
-3.829,-4.059,2,V,609,T
0,0,,V,609,V
-7.691,-4.895,4,V,609,W
-4.484,-4.435,6,V,609,Y
-2.196,-2.245,1,T,61,-
-3.314,-3.618,1,T,61,K
-3.866,-4.086,2,T,61,M
0,0,,T,61,T
-6.152,-4.818,2,C,610,*
0.3952,0.175,7,C,610,-
-6.295,-4.831,4,C,610,A
0,0,,C,610,C
-4.492,-4.439,7,C,610,D
-4.119,-4.249,3,C,610,E
-4.666,-4.509,9,C,610,F
-4.464,-4.426,5,C,610,G
-8.955,-4.91,6,C,610,H
-6.868,-4.868,1,C,610,I
-7.896,-4.899,3,C,610,K
-6.916,-4.87,4,C,610,L
-7.789,-4.897,2,C,610,M
-6.886,-4.869,2,C,610,N
-7.059,-4.876,2,C,610,P
-2.886,-3.149,5,C,610,Q
-3.941,-4.138,7,C,610,R
-2.851,-3.106,2,C,610,S
-3.413,-3.714,1,C,610,T
-6.871,-4.868,5,C,610,V
-7.302,-4.885,2,C,610,W
-7.918,-4.899,8,C,610,Y
-3.774,-4.019,8,N,611,-
-1.095,-0.8517,3,N,611,A
-6.953,-4.872,1,N,611,C
-2.051,-2.047,3,N,611,D
-2.238,-2.304,1,N,611,E
-2.862,-3.119,4,N,611,F
-0.3872,-0.2331,3,N,611,G
-1.387,-1.181,7,N,611,H
-6.104,-4.814,5,N,611,I
-6.855,-4.867,5,N,611,K
-6.208,-4.824,2,N,611,L
-1.68,-1.548,5,N,611,M
0,0,,N,611,N
-7.671,-4.894,6,N,611,P
-7.748,-4.896,4,N,611,R
-0.02317,-0.0121,3,N,611,S
-0.6003,-0.3918,1,N,611,T
-5.739,-4.77,6,N,611,V
-5.393,-4.712,4,N,611,W
-5.353,-4.704,8,N,611,Y
-3.274,-3.579,8,G,612,-
-1.539,-1.368,7,G,612,A
-7.007,-4.874,15,G,612,C
-4.635,-4.497,17,G,612,D
-4.627,-4.494,5,G,612,E
-0.67,-0.4488,1,G,612,F
0,0,,G,612,G
-1.554,-1.386,4,G,612,H
-6.71,-4.86,4,G,612,I
1.087,0.3687,2,G,612,K
-1.348,-1.135,3,G,612,M
-1.579,-1.418,2,G,612,N
-2.151,-2.184,2,G,612,Q
-2.491,-2.646,4,G,612,R
-1.888,-1.825,12,G,612,S
-1.668,-1.532,3,G,612,T
-8.062,-4.901,5,G,612,V
-6,-4.803,3,G,612,W
0.5155,0.2177,3,G,612,Y
-2.252,-2.323,7,N,613,-
-2.815,-3.063,8,N,613,A
-1.144,-0.9038,2,N,613,C
-1.853,-1.777,6,N,613,D
-6.208,-4.824,5,N,613,E
-7.139,-4.879,3,N,613,F
-3.302,-3.607,3,N,613,G
-8.043,-4.901,3,N,613,H
-1.368,-1.158,3,N,613,I
-8.221,-4.904,10,N,613,K
-8.078,-4.902,7,N,613,L
-4.217,-4.304,3,N,613,M
0,0,,N,613,N
-7.015,-4.874,5,N,613,P
-2.195,-2.244,4,N,613,Q
-3.216,-3.519,1,N,613,R
-3.318,-3.622,5,N,613,S
-7.106,-4.878,5,N,613,T
-0.5847,-0.3794,4,N,613,V
-7.541,-4.891,5,N,613,W
-4.355,-4.376,4,N,613,Y
0.637,0.2566,6,V,614,-
2.962,0.5452,4,V,614,A
-1.531,-1.358,4,V,614,C
2.855,0.5415,4,V,614,D
-2.097,-2.11,3,V,614,E
3.811,0.5642,3,V,614,F
-0.828,-0.5873,3,V,614,G
3.291,0.5545,2,V,614,H
0.5306,0.2227,5,V,614,I
2.6,0.5308,3,V,614,L
-0.4738,-0.2948,3,V,614,M
1.855,0.4791,2,V,614,N
-0.2649,-0.1521,3,V,614,P
0.5592,0.2321,3,V,614,R
1.25,0.3993,3,V,614,S
2.546,0.5282,5,V,614,T
0,0,,V,614,V
0.9723,0.3443,1,V,614,W
3.272,0.554,4,V,614,Y
-2.531,-2.7,7,R,615,-
-7.42,-4.888,7,R,615,A
-5.188,-4.667,6,R,615,C
-7.738,-4.896,6,R,615,D
-6.512,-4.848,7,R,615,E
-4.219,-4.305,8,R,615,F
-6.953,-4.872,9,R,615,G
-6.912,-4.87,1,R,615,H
-9.98,-4.914,14,R,615,I
-4.359,-4.377,19,R,615,K
-7.008,-4.874,10,R,615,L
-8.029,-4.901,2,R,615,M
-3.999,-4.175,1,R,615,N
-1.313,-1.093,1,R,615,P
-4.085,-4.229,2,R,615,Q
0,0,,R,615,R
-5.062,-4.635,6,R,615,S
-4.477,-4.432,5,R,615,T
-5.043,-4.631,3,R,615,V
-4.102,-4.239,4,R,615,Y
-6.903,-4.87,4,C,616,*
0.453,0.196,2,C,616,-
-6.741,-4.861,3,C,616,A
0,0,,C,616,C
-2.014,-1.995,2,C,616,D
-4.71,-4.525,6,C,616,E
-7.45,-4.889,11,C,616,F
-9.068,-4.911,4,C,616,G
-9.845,-4.914,2,C,616,H
-6.979,-4.873,5,C,616,I
-4.741,-4.537,5,C,616,K
-8.39,-4.906,8,C,616,L
-6.422,-4.841,2,C,616,M
-8.111,-4.902,1,C,616,N
-5.453,-4.723,2,C,616,P
-7.903,-4.899,6,C,616,Q
-8.753,-4.909,1,C,616,R
-8.89,-4.91,7,C,616,S
-7.443,-4.889,3,C,616,T
-7.252,-4.883,8,C,616,W
-6.882,-4.869,11,C,616,Y
-5.359,-4.705,2,V,617,-
-0.2453,-0.1398,5,V,617,A
-0.1095,-0.05918,1,V,617,C
-0.4872,-0.3048,3,V,617,D
-0.09001,-0.04826,4,V,617,E
-1.947,-1.905,1,V,617,F
-0.6343,-0.4193,2,V,617,G
-0.9397,-0.6932,1,V,617,H
6.511,0.5775,3,V,617,I
3.123,0.5501,6,V,617,K
-0.8001,-0.5619,7,V,617,L
0.4545,0.1966,6,V,617,M
-0.3252,-0.1912,3,V,617,N
-7.123,-4.879,7,V,617,P
-0.6637,-0.4435,3,V,617,Q
1.108,0.373,8,V,617,R
-1.328,-1.111,2,V,617,S
-0.3406,-0.2014,2,V,617,T
0,0,,V,617,V
-1.163,-0.9239,4,V,617,W
-7.006,-4.874,2,V,617,Y
-6.533,-4.849,2,E,618,*
-2.213,-2.269,4,E,618,A
-5.887,-4.789,4,E,618,C
-1.016,-0.7693,3,E,618,D
0,0,,E,618,E
-0.3506,-0.2082,4,E,618,F
-3.831,-4.061,4,E,618,G
4.841,0.5733,4,E,618,H
-0.2791,-0.1612,5,E,618,I
0.1511,0.07368,17,E,618,K
2.315,0.5153,4,E,618,L
6.806,0.5777,1,E,618,M
-2.517,-2.68,2,E,618,N
-5.628,-4.753,5,E,618,P
2.593,0.5305,3,E,618,Q
-0.6825,-0.4593,3,E,618,R
-0.1068,-0.05765,6,E,618,S
0.3759,0.1677,2,E,618,T
-1.136,-0.8952,7,E,618,V
0.3393,0.1536,5,E,618,W
-0.1018,-0.05482,5,E,618,Y
-2.397,-2.519,4,L,619,A
-8.374,-4.905,5,L,619,C
-4.513,-4.448,3,L,619,D
-12.72,-4.916,2,L,619,E
-7.717,-4.895,4,L,619,F
-6.462,-4.844,5,L,619,G
-2.358,-2.467,3,L,619,H
-1.243,-1.014,2,L,619,I
1.551,0.4447,1,L,619,K
0,0,,L,619,L
-1.401,-1.198,3,L,619,M
-0.2296,-0.13,1,L,619,N
-9.331,-4.912,10,L,619,P
-3.119,-3.416,2,L,619,Q
-3.176,-3.477,2,L,619,R
-10.33,-4.915,4,L,619,S
-3.511,-3.804,5,L,619,T
-6.967,-4.872,1,L,619,V
-6.123,-4.816,4,L,619,W
-6.394,-4.839,9,L,619,Y
-2.927,-3.198,1,N,62,-
-1.057,-0.8109,6,N,62,D
-6.017,-4.805,1,N,62,K
0,0,,N,62,N
-4.343,-4.369,6,L,620,C
-14.22,-4.916,2,L,620,D
-6.875,-4.868,2,L,620,E
-8.443,-4.906,7,L,620,F
-4.923,-4.596,8,L,620,G
-9.52,-4.913,6,L,620,H
-4.248,-4.321,3,L,620,I
-6.984,-4.873,5,L,620,K
0,0,,L,620,L
-2.395,-2.518,13,L,620,M
-6.868,-4.868,1,L,620,N
-4.168,-4.277,6,L,620,P
-10.19,-4.914,2,L,620,Q
-7.107,-4.878,2,L,620,R
-6.08,-4.811,4,L,620,S
-5.63,-4.754,8,L,620,T
-7.107,-4.878,1,L,620,V
-6.396,-4.839,1,L,620,W
-8.944,-4.91,5,L,620,Y
-0.9608,-0.7139,2,K,621,A
-6.767,-4.863,6,K,621,C
-7.781,-4.897,2,K,621,D
-1.326,-1.109,1,K,621,F
-1.694,-1.566,8,K,621,G
-0.7219,-0.4928,2,K,621,H
1.616,0.453,5,K,621,I
0,0,,K,621,K
-1.061,-0.8157,10,K,621,L
-0.8617,-0.6186,5,K,621,M
-1.304,-1.083,9,K,621,N
-6.872,-4.868,1,K,621,P
-1.184,-0.9471,10,K,621,Q
6.425,0.5774,3,K,621,R
-1.24,-1.01,4,K,621,S
-0.7835,-0.5469,5,K,621,T
-1.343,-1.129,11,K,621,V
-1.771,-1.668,1,K,621,W
-4.067,-4.218,4,Q,622,*
2.92,0.5438,3,Q,622,A
-6.803,-4.865,3,Q,622,C
-6.709,-4.86,2,Q,622,D
-0.3621,-0.2159,7,Q,622,E
-1.725,-1.607,6,Q,622,F
-0.7721,-0.5368,4,Q,622,G
-0.7678,-0.5329,3,Q,622,H
-1.06,-0.815,5,Q,622,I
0.4385,0.1909,5,Q,622,K
-1.328,-1.111,1,Q,622,L
-0.9161,-0.6703,3,Q,622,M
-6.009,-4.804,2,Q,622,N
-0.009948,-0.005169,1,Q,622,P
0,0,,Q,622,Q
-2.206,-2.259,3,Q,622,R
2.913,0.5436,8,Q,622,S
1.519,0.4405,6,Q,622,T
1.738,0.467,1,Q,622,V
-1.64,-1.496,1,Q,622,W
-1.79,-1.693,3,Q,622,Y
-9.159,-4.911,4,Y,623,A
-7.384,-4.887,12,Y,623,C
3.489,0.5588,2,Y,623,D
-2.149,-2.181,1,Y,623,E
-1.015,-0.768,6,Y,623,F
-1.897,-1.837,2,Y,623,G
-2.62,-2.815,8,Y,623,H
-10.47,-4.915,4,Y,623,I
-2.179,-2.222,4,Y,623,K
-5.443,-4.721,6,Y,623,L
-7.608,-4.893,5,Y,623,M
-6.94,-4.871,2,Y,623,N
-4.17,-4.278,4,Y,623,P
-2.92,-3.189,5,Y,623,Q
-3.164,-3.465,1,Y,623,R
-4.377,-4.386,2,Y,623,T
-7.853,-4.898,6,Y,623,V
-4.638,-4.499,6,Y,623,W
0,0,,Y,623,Y
2.255,0.5114,2,T,624,A
-1.043,-0.7966,1,T,624,C
-2.125,-2.149,3,T,624,E
-0.2181,-0.123,5,T,624,F
-1.345,-1.131,4,T,624,G
-0.0921,-0.04943,1,T,624,H
-1.11,-0.8673,3,T,624,I
-1.523,-1.347,2,T,624,K
-0.009191,-0.004774,4,T,624,L
-0.7159,-0.4876,9,T,624,M
-0.5671,-0.3656,2,T,624,N
-1.916,-1.862,6,T,624,P
1.549,0.4444,10,T,624,Q
-1.286,-1.062,3,T,624,R
0.4329,0.1888,5,T,624,S
0,0,,T,624,T
-1.103,-0.8601,1,T,624,V
-1.087,-0.8429,4,T,624,Y
-0.5456,-0.3489,15,S,625,A
-0.3907,-0.2355,12,S,625,C
4.762,0.5729,5,S,625,D
-1.642,-1.498,6,S,625,E
-2.02,-2.004,8,S,625,F
0.2917,0.1345,10,S,625,G
-1.186,-0.9492,6,S,625,H
-1.07,-0.8247,4,S,625,I
-0.6242,-0.4111,1,S,625,K
-1.576,-1.415,4,S,625,L
0.01415,0.00728,3,S,625,M
-0.4868,-0.3045,3,S,625,N
-1.233,-1.002,4,S,625,P
-0.8499,-0.6075,7,S,625,Q
-0.5751,-0.3719,8,S,625,R
0,0,,S,625,S
3.981,0.5664,4,S,625,T
0.008258,0.00426,2,S,625,V
-1.593,-1.436,3,S,625,W
-2.15,-2.183,2,S,625,Y
1.957,0.4886,3,A,626,-
0,0,,A,626,A
-0.8907,-0.6459,5,A,626,C
-2.188,-2.235,10,A,626,D
-2.088,-2.098,7,A,626,E
-2.358,-2.467,11,A,626,F
-1.249,-1.02,4,A,626,G
-3.459,-3.757,4,A,626,H
-0.5864,-0.3807,5,A,626,I
-2.838,-3.091,4,A,626,K
-1.988,-1.96,4,A,626,L
-2.178,-2.22,3,A,626,M
-2.495,-2.651,1,A,626,N
-2.925,-3.195,2,A,626,P
-3.208,-3.511,1,A,626,Q
-2.159,-2.195,5,A,626,R
-0.5199,-0.3292,6,A,626,S
-0.911,-0.6653,12,A,626,T
-1.072,-0.8267,9,A,626,V
-3.127,-3.424,8,A,626,W
-2.489,-2.643,5,A,626,Y
-2.335,-2.436,4,C,627,*
1.786,0.4722,3,C,627,-
-6.785,-4.864,2,C,627,A
0,0,,C,627,C
-8.08,-4.902,5,C,627,D
-6.211,-4.824,5,C,627,E
-8.884,-4.91,9,C,627,F
-7.396,-4.888,3,C,627,G
-7.093,-4.878,3,C,627,H
-7.64,-4.894,3,C,627,I
-7.326,-4.886,3,C,627,K
-5.537,-4.738,3,C,627,L
-5.296,-4.692,1,C,627,M
-6.931,-4.871,11,C,627,N
-7.727,-4.896,4,C,627,P
-4.016,-4.186,1,C,627,Q
-8.162,-4.903,6,C,627,R
-5.978,-4.8,1,C,627,S
-7.87,-4.898,1,C,627,T
-3.887,-4.1,1,C,627,V
-6.507,-4.847,4,C,627,W
-7.919,-4.899,14,C,627,Y
-2.107,-2.123,4,K,628,A
-3.371,-3.674,5,K,628,C
-3.158,-3.458,7,K,628,D
-4.077,-4.224,2,K,628,E
-6.752,-4.862,2,K,628,F
-3.069,-3.361,3,K,628,G
-2.339,-2.442,4,K,628,H
-1.363,-1.152,6,K,628,I
0,0,,K,628,K
-0.5476,-0.3505,5,K,628,L
-1.468,-1.279,4,K,628,M
-5.567,-4.743,3,K,628,N
-5.355,-4.704,3,K,628,P
-1.908,-1.852,3,K,628,Q
-0.542,-0.3461,2,K,628,R
-2.73,-2.957,3,K,628,S
-1.673,-1.538,4,K,628,T
-0.4194,-0.2556,4,K,628,V
-3.573,-3.858,8,K,628,W
-3.444,-3.743,4,K,628,Y
0.4707,0.2023,2,T,629,-
3.127,0.5502,2,T,629,A
3.445,0.5579,3,T,629,C
-8.522,-4.907,2,T,629,D
4.12,0.5679,1,T,629,E
-0.3069,-0.1791,3,T,629,F
0.2234,0.1058,2,T,629,G
1.625,0.4541,2,T,629,H
0.2274,0.1076,13,T,629,I
-0.1597,-0.08802,5,T,629,K
1.534,0.4424,5,T,629,L
0.4869,0.2079,5,T,629,M
-0.6706,-0.4493,8,T,629,N
-4.507,-4.445,2,T,629,P
0.03212,0.01641,8,T,629,Q
-5.429,-4.719,1,T,629,R
0.5747,0.2371,5,T,629,S
0,0,,T,629,T
3.56,0.5601,6,T,629,V
-0.5454,-0.3488,1,T,629,W
4.882,0.5735,4,T,629,Y
-3.014,-3.299,1,T,63,-
-0.2888,-0.1674,3,T,63,I
-1.124,-0.8819,1,T,63,N
0,0,,T,63,T
-1.65,-1.509,2,I,630,-
-4.858,-4.576,2,I,630,A
-10.83,-4.915,4,I,630,C
-6.872,-4.868,2,I,630,D
-7.256,-4.883,7,I,630,E
-3.863,-4.084,3,I,630,F
2.083,0.4991,1,I,630,G
-5.379,-4.709,3,I,630,H
0,0,,I,630,I
-7.438,-4.889,3,I,630,K
0.09487,0.04729,4,I,630,L
-0.9837,-0.7367,4,I,630,M
-6.856,-4.867,3,I,630,N
-6.898,-4.869,2,I,630,P
-5.792,-4.777,3,I,630,Q
-5.059,-4.635,9,I,630,R
-2.749,-2.981,1,I,630,S
0.3959,0.1752,3,I,630,V
-4.32,-4.358,2,I,630,W
-1.875,-1.807,3,I,630,Y
-3.562,-3.849,10,E,631,*
-7.604,-4.893,1,E,631,A
-3.047,-3.336,3,E,631,C
-2.536,-2.706,21,E,631,D
0,0,,E,631,E
-4.416,-4.404,11,E,631,F
-4.086,-4.229,7,E,631,G
-2.087,-2.096,2,E,631,H
-4.831,-4.567,4,E,631,I
-6.259,-4.828,12,E,631,K
-5.353,-4.704,6,E,631,L
-1.724,-1.606,2,E,631,M
-1.299,-1.077,5,E,631,N
-1.206,-0.9715,1,E,631,Q
-7.905,-4.899,5,E,631,R
-1.95,-1.908,7,E,631,S
-2.154,-2.189,9,E,631,T
-5.215,-4.674,12,E,631,V
-7.365,-4.887,4,E,631,W
-3.902,-4.111,7,E,631,Y
2.351,0.5175,4,D,632,A
-1.65,-1.509,3,D,632,C
0,0,,D,632,D
1.829,0.4765,7,D,632,E
2.798,0.5393,1,D,632,F
-0.04931,-0.02602,5,D,632,G
1.087,0.3687,4,D,632,H
-3.926,-4.127,3,D,632,I
1.104,0.3721,5,D,632,K
3.507,0.5591,2,D,632,L
-0.3901,-0.2351,9,D,632,M
0.667,0.2655,8,D,632,N
-9.364,-4.912,1,D,632,P
4.34,0.57,3,D,632,Q
2.838,0.5408,4,D,632,R
1.001,0.3506,4,D,632,S
3.803,0.5641,2,D,632,T
-0.1155,-0.06257,3,D,632,V
0.004997,0.002581,1,D,632,W
-0.5319,-0.3384,7,D,632,Y
0,0,,A,633,A
-7.052,-4.876,2,A,633,C
-0.8322,-0.5911,9,A,633,D
-2.365,-2.477,5,A,633,E
-7.704,-4.895,3,A,633,F
-3.62,-3.897,2,A,633,G
-0.3971,-0.24,3,A,633,H
-3.142,-3.441,6,A,633,I
2.855,0.5415,6,A,633,K
2.029,0.4947,4,A,633,L
-0.6868,-0.4629,10,A,633,N
-6.518,-4.848,7,A,633,P
2.671,0.5341,4,A,633,Q
0.3333,0.1512,4,A,633,R
0.8743,0.3214,10,A,633,S
-0.341,-0.2017,9,A,633,T
-0.3736,-0.2237,4,A,633,V
-8.057,-4.901,1,A,633,W
-7.397,-4.888,2,A,633,Y
-7.355,-4.886,3,L,634,A
-7.066,-4.877,3,L,634,C
-5.2,-4.67,3,L,634,D
-7.403,-4.888,3,L,634,E
-3.611,-3.89,3,L,634,F
-3.622,-3.899,2,L,634,H
-6.396,-4.839,3,L,634,I
-7.643,-4.894,2,L,634,K
0,0,,L,634,L
-2.607,-2.799,8,L,634,M
-5.084,-4.641,10,L,634,N
-6.521,-4.848,6,L,634,P
-6.15,-4.818,4,L,634,Q
-6.896,-4.869,3,L,634,R
-4.175,-4.281,3,L,634,S
-7.253,-4.883,4,L,634,T
-8.885,-4.91,4,L,634,V
-5.644,-4.756,5,L,634,Y
-4.122,-4.251,3,R,635,A
-5.744,-4.771,4,R,635,C
-7.534,-4.891,2,R,635,D
-3.338,-3.642,3,R,635,E
-4.009,-4.181,4,R,635,F
-5.894,-4.79,7,R,635,G
-1.972,-1.939,1,R,635,H
-7.298,-4.885,9,R,635,I
-0.4983,-0.313,59,R,635,K
-3.392,-3.694,9,R,635,L
-3.088,-3.382,3,R,635,M
-3.158,-3.458,2,R,635,N
-5.639,-4.755,10,R,635,P
-1.856,-1.781,3,R,635,Q
0,0,,R,635,R
-2.438,-2.576,3,R,635,S
-4.683,-4.516,4,R,635,T
-2.39,-2.511,3,R,635,V
-0.4928,-0.3089,3,R,635,W
-0.2294,-0.1299,5,R,635,Y
-4.292,-4.344,1,N,636,-
-3.862,-4.083,1,N,636,A
-1.561,-1.395,1,N,636,C
1.963,0.4891,5,N,636,D
-1.615,-1.464,4,N,636,E
-2.27,-2.348,10,N,636,F
-1.094,-0.8499,1,N,636,G
1.776,0.4711,2,N,636,H
-1.797,-1.702,8,N,636,I
1.649,0.4569,7,N,636,K
-1.714,-1.593,10,N,636,L
-1.202,-0.9677,6,N,636,M
0,0,,N,636,N
-6.217,-4.825,5,N,636,P
2.663,0.5337,7,N,636,Q
0.345,0.1558,1,N,636,R
0.9352,0.3359,4,N,636,S
0.8603,0.3179,2,N,636,T
-2.25,-2.32,6,N,636,V
-2.095,-2.108,7,N,636,W
-0.5963,-0.3886,3,N,636,Y
-3.79,-4.031,1,S,637,-
-0.1614,-0.08898,3,S,637,A
-1.006,-0.7589,2,S,637,C
-9.428,-4.912,1,S,637,D
-1.304,-1.083,5,S,637,E
-1.601,-1.446,1,S,637,F
2.19,0.507,5,S,637,G
-0.2087,-0.1173,2,S,637,H
0.5303,0.2227,13,S,637,I
-2.723,-2.947,6,S,637,K
0.9528,0.3399,3,S,637,L
6.467,0.5774,8,S,637,N
-7.044,-4.876,5,S,637,P
0.2003,0.09579,1,S,637,Q
-2.272,-2.349,11,S,637,R
0,0,,S,637,S
0.4236,0.1855,2,S,637,T
3.11,0.5498,6,S,637,V
-0.1975,-0.1105,8,S,637,W
-0.8247,-0.5842,1,S,637,Y
1.299,0.4076,1,A,638,-
0,0,,A,638,A
-3.083,-3.377,4,A,638,C
-7.614,-4.893,8,A,638,D
-5.438,-4.72,1,A,638,E
-1.858,-1.784,1,A,638,F
-6.094,-4.813,4,A,638,G
-0.9561,-0.7092,5,A,638,I
-5.996,-4.802,4,A,638,K
-0.8858,-0.6413,11,A,638,L
-1.322,-1.103,2,A,638,M
-2.99,-3.27,5,A,638,N
-3.044,-3.332,6,A,638,P
-3.864,-4.085,2,A,638,Q
-7.556,-4.892,3,A,638,R
-7.498,-4.89,5,A,638,S
-6.406,-4.84,23,A,638,T
0.2327,0.1099,13,A,638,V
-0.8981,-0.653,1,A,638,W
-2.373,-2.488,1,A,638,Y
-0.0689,-0.03664,1,M,639,-
-1.053,-0.8068,3,M,639,A
-4.118,-4.248,5,M,639,C
-2.829,-3.079,10,M,639,D
-1.288,-1.064,3,M,639,E
2.195,0.5073,2,M,639,F
-3.146,-3.445,2,M,639,G
-0.8771,-0.6331,4,M,639,H
-1.121,-0.8788,21,M,639,I
1.032,0.3573,6,M,639,K
-0.9786,-0.7316,5,M,639,L
0,0,,M,639,M
-0.9988,-0.7519,2,M,639,N
-6.392,-4.839,3,M,639,P
1.355,0.4166,1,M,639,Q
0.1947,0.09331,5,M,639,R
-1.892,-1.83,1,M,639,S
-0.5624,-0.3619,3,M,639,T
-1.367,-1.157,2,M,639,V
-1.374,-1.166,7,M,639,W
-0.9578,-0.711,6,M,639,Y
-5.328,-4.698,1,S,64,-
-1.996,-1.972,3,S,64,G
-3.688,-3.952,3,S,64,I
-4.617,-4.49,4,S,64,N
-2.976,-3.255,5,S,64,R
0,0,,S,64,S
-0.7297,-0.4996,1,L,640,-
-0.9656,-0.7187,2,L,640,A
-1.694,-1.566,2,L,640,C
-1.3,-1.079,2,L,640,D
3.139,0.5506,6,L,640,E
-1.923,-1.873,2,L,640,F
-6.542,-4.85,2,L,640,G
1.675,0.4599,4,L,640,H
0.6976,0.2744,3,L,640,I
2.915,0.5436,10,L,640,K
0,0,,L,640,L
0.4804,0.2057,4,L,640,M
-3.14,-3.438,9,L,640,N
-8.295,-4.904,3,L,640,P
0.1401,0.06859,6,L,640,Q
-0.6363,-0.4209,3,L,640,S
0.04469,0.02273,2,L,640,T
-1.135,-0.8943,2,L,640,V
-6.558,-4.851,2,L,640,W
-1.334,-1.118,6,L,640,Y
-2.593,-2.78,3,E,641,*
-0.4243,-0.2591,4,E,641,-
-3.704,-3.965,4,E,641,C
6.618,0.5776,2,E,641,D
0,0,,E,641,E
-4.361,-4.378,7,E,641,F
-3.196,-3.498,6,E,641,G
-7.374,-4.887,3,E,641,H
-4.587,-4.479,3,E,641,I
-7.353,-4.886,82,E,641,K
-7.368,-4.887,1,E,641,L
-4.14,-4.261,5,E,641,M
-4.543,-4.461,1,E,641,N
1.589,0.4495,2,E,641,P
0.8656,0.3192,3,E,641,Q
-9.109,-4.911,6,E,641,R
-7.072,-4.877,6,E,641,S
-7.168,-4.88,2,E,641,T
-2.901,-3.167,3,E,641,V
-10.18,-4.914,9,E,641,W
-7.416,-4.888,3,E,641,Y
1.271,0.4029,3,S,642,-
-2.779,-3.018,3,S,642,A
-1.849,-1.772,5,S,642,C
-0.867,-0.6235,5,S,642,D
2,0.4923,2,S,642,E
-0.5257,-0.3337,2,S,642,F
-1.5,-1.318,4,S,642,G
-1.165,-0.9267,6,S,642,H
-0.3732,-0.2235,5,S,642,I
-2.064,-2.064,2,S,642,K
3.679,0.5622,3,S,642,L
-2.385,-2.504,4,S,642,M
-3.32,-3.625,3,S,642,N
-4.071,-4.22,4,S,642,P
3.453,0.558,1,S,642,Q
-2.333,-2.434,5,S,642,R
0,0,,S,642,S
-0.8398,-0.5982,1,S,642,T
-0.6296,-0.4154,3,S,642,V
2.08,0.4989,8,S,642,W
-0.2158,-0.1216,1,S,642,Y
-1.373,-1.164,3,A,643,-
0,0,,A,643,A
-2.323,-2.42,5,A,643,C
-0.5928,-0.3858,9,A,643,D
-1.156,-0.9162,3,A,643,E
-2.297,-2.385,2,A,643,F
-1.212,-0.9788,2,A,643,G
1.054,0.3619,3,A,643,H
0.2853,0.1319,6,A,643,I
2.444,0.5229,4,A,643,K
5.795,0.5765,6,A,643,L
-3.05,-3.339,1,A,643,M
-0.3126,-0.1829,4,A,643,N
2.081,0.4989,1,A,643,P
0.5891,0.2417,1,A,643,Q
0.714,0.2791,2,A,643,R
4.635,0.5722,9,A,643,S
-1.172,-0.9342,29,A,643,T
-0.039,-0.0205,12,A,643,V
-0.3562,-0.2119,3,A,643,W
-0.5241,-0.3325,2,A,643,Y
-0.4951,-0.3106,3,D,644,-
0.1206,0.0595,4,D,644,A
-2.254,-2.326,3,D,644,C
0,0,,D,644,D
0.7979,0.302,2,D,644,E
-4.881,-4.583,4,D,644,F
-2.197,-2.247,8,D,644,G
-1.429,-1.232,4,D,644,H
-6.955,-4.872,1,D,644,I
-2.329,-2.428,1,D,644,K
-1.612,-1.46,2,D,644,L
-1.713,-1.591,7,D,644,M
-7.707,-4.895,41,D,644,N
-6.869,-4.868,2,D,644,P
0.1869,0.08985,2,D,644,Q
-2.495,-2.652,4,D,644,R
-0.6387,-0.4229,3,D,644,S
-2.404,-2.529,4,D,644,T
-6.639,-4.856,10,D,644,V
-6.868,-4.868,1,D,644,W
-3.876,-4.093,8,D,644,Y
1.025,0.3558,3,V,645,-
-7.41,-4.888,3,V,645,A
-3.137,-3.435,4,V,645,C
-7.658,-4.894,3,V,645,D
-6.901,-4.87,2,V,645,E
-6.909,-4.87,3,V,645,F
-7.331,-4.886,4,V,645,H
-0.09567,-0.05142,5,V,645,I
-7.099,-4.878,2,V,645,K
-1.09,-0.8462,11,V,645,L
-1.057,-0.8117,8,V,645,M
-7.401,-4.888,3,V,645,N
-7.882,-4.899,4,V,645,P
-7.178,-4.881,4,V,645,Q
-7.973,-4.9,1,V,645,S
-6.857,-4.867,2,V,645,T
0,0,,V,645,V
-7.471,-4.89,3,V,645,W
-5.285,-4.689,4,V,645,Y
-6.971,-4.873,16,S,646,*
-0.7761,-0.5403,2,S,646,A
-1.963,-1.926,4,S,646,C
0.5851,0.2405,2,S,646,D
-0.8968,-0.6517,3,S,646,E
-2.368,-2.481,6,S,646,F
0.08448,0.04229,7,S,646,G
2.442,0.5228,4,S,646,H
-2.543,-2.716,2,S,646,I
-0.8073,-0.5684,3,S,646,K
-1.487,-1.303,3,S,646,L
1.343,0.4147,4,S,646,M
2.457,0.5236,3,S,646,N
-7.691,-4.895,8,S,646,P
1.053,0.3618,2,S,646,Q
2.758,0.5377,4,S,646,R
0,0,,S,646,S
-0.751,-0.5182,5,S,646,T
-1.289,-1.066,4,S,646,V
-1.088,-0.8434,3,S,646,W
0.9932,0.349,2,S,646,Y
-8.187,-4.903,3,E,647,*
-0.1719,-0.09516,2,E,647,A
-2.529,-2.697,2,E,647,C
-0.3873,-0.2332,15,E,647,D
0,0,,E,647,E
-2.51,-2.672,6,E,647,F
-0.8993,-0.6541,8,E,647,G
-0.1837,-0.1022,5,E,647,H
-3.096,-3.39,5,E,647,I
1.386,0.4213,25,E,647,K
-0.6663,-0.4457,9,E,647,L
2.625,0.532,2,E,647,M
-7.727,-4.896,9,E,647,P
0.05054,0.02564,6,E,647,Q
-0.4564,-0.2822,5,E,647,R
-0.3589,-0.2137,5,E,647,S
-1.643,-1.5,1,E,647,T
-2.106,-2.123,8,E,647,V
-7.612,-4.893,6,E,647,W
-1.385,-1.179,6,E,647,Y
-7.37,-4.887,3,M,648,A
-5.126,-4.652,6,M,648,C
-2.84,-3.092,2,M,648,D
-5.451,-4.723,4,M,648,E
0.4829,0.2065,6,M,648,F
-5.531,-4.737,2,M,648,G
-8.131,-4.902,3,M,648,H
-7.607,-4.893,46,M,648,I
-12.42,-4.916,8,M,648,K
-1.692,-1.564,5,M,648,L
0,0,,M,648,M
-6.653,-4.857,5,M,648,N
-8.794,-4.909,5,M,648,P
-1.754,-1.645,2,M,648,Q
-4.408,-4.401,4,M,648,R
-6.669,-4.857,7,M,648,S
-5.078,-4.64,7,M,648,T
-4.742,-4.537,4,M,648,V
-11.7,-4.916,5,M,648,W
-4.752,-4.541,2,M,648,Y
-6.494,-4.846,1,L,649,A
-9.564,-4.913,4,L,649,C
-5.357,-4.704,1,L,649,D
-6.795,-4.864,2,L,649,E
-8.182,-4.903,3,L,649,F
-7.023,-4.875,8,L,649,G
-6.923,-4.871,3,L,649,H
-0.9267,-0.6805,4,L,649,I
-6.579,-4.852,4,L,649,K
0,0,,L,649,L
-0.3461,-0.2051,3,L,649,M
-7.334,-4.886,1,L,649,N
-6.354,-4.836,10,L,649,P
-9.872,-4.914,2,L,649,Q
-5.803,-4.779,3,L,649,R
-4.265,-4.33,3,L,649,S
-7.351,-4.886,1,L,649,T
-5.937,-4.796,3,L,649,V
-7.649,-4.894,3,L,649,W
-6.737,-4.861,6,L,649,Y
-2.186,-2.232,2,S,65,G
-1.306,-1.085,3,S,65,I
2.395,0.5201,1,S,65,N
-5.578,-4.745,4,S,65,R
0,0,,S,65,S
-1.741,-1.629,4,T,650,A
-2.48,-2.632,5,T,650,C
-3.29,-3.595,7,T,650,D
0.3621,0.1624,4,T,650,E
4.684,0.5725,2,T,650,F
-1.071,-0.8255,6,T,650,H
1.36,0.4174,7,T,650,I
-0.6653,-0.4448,5,T,650,K
-0.3608,-0.215,4,T,650,L
-1.102,-0.8581,2,T,650,M
-1.33,-1.114,4,T,650,N
-6.889,-4.869,1,T,650,P
-0.3261,-0.1918,5,T,650,Q
8.237,0.5783,3,T,650,R
-0.01799,-0.009375,4,T,650,S
0,0,,T,650,T
-1.142,-0.9017,3,T,650,V
-0.6482,-0.4307,1,T,650,W
-1.034,-0.7879,11,T,650,Y
-6.589,-4.853,1,F,651,A
-2.18,-2.224,7,F,651,C
-8.777,-4.909,3,F,651,D
-6.877,-4.868,2,F,651,E
0,0,,F,651,F
-4.756,-4.542,6,F,651,G
-4.113,-4.245,1,F,651,H
-0.7046,-0.4779,5,F,651,I
-2.718,-2.942,5,F,651,K
-1.539,-1.367,9,F,651,L
-5.287,-4.69,1,F,651,M
-1.811,-1.721,2,F,651,N
-2.86,-3.118,6,F,651,P
-5,-4.619,10,F,651,Q
-4.209,-4.3,13,F,651,R
-3.197,-3.499,3,F,651,S
-2.412,-2.541,6,F,651,T
-1.763,-1.657,4,F,651,V
3.954,0.5661,3,F,651,W
0.5408,0.2261,4,F,651,Y
-7.598,-4.893,5,D,652,A
-4.961,-4.607,3,D,652,C
0,0,,D,652,D
-2.138,-2.166,4,D,652,E
-7.586,-4.893,5,D,652,F
-7.109,-4.878,6,D,652,G
-4.208,-4.299,11,D,652,H
-7.56,-4.892,5,D,652,I
-12.36,-4.916,1,D,652,K
-4.132,-4.256,4,D,652,L
-3.29,-3.595,3,D,652,M
-1.623,-1.474,29,D,652,N
-11.17,-4.915,5,D,652,P
-6.881,-4.869,2,D,652,Q
-4.835,-4.569,10,D,652,R
-2.588,-2.774,4,D,652,S
-7.425,-4.888,7,D,652,T
-5.202,-4.671,8,D,652,V
-9.262,-4.912,11,D,652,Y
-0.3531,-0.2098,3,K,653,A
-2.054,-2.051,13,K,653,C
0.1007,0.05008,7,K,653,D
3.186,0.5518,6,K,653,E
-0.07957,-0.04249,6,K,653,F
-1.684,-1.553,5,K,653,G
1.417,0.4261,2,K,653,H
1.37,0.419,3,K,653,I
0,0,,K,653,K
-0.485,-0.3031,7,K,653,L
0.09759,0.04859,4,K,653,M
-0.7372,-0.5061,12,K,653,N
-0.7658,-0.5312,4,K,653,P
4.186,0.5686,2,K,653,Q
1.959,0.4887,4,K,653,R
-0.8011,-0.5628,1,K,653,S
0.4177,0.1833,7,K,653,T
3.026,0.5472,4,K,653,V
-0.5922,-0.3853,3,K,653,W
0.6005,0.2453,4,K,653,Y
-4.361,-4.378,1,K,654,*
2.207,0.5082,5,K,654,A
0.2957,0.1362,1,K,654,C
-1.452,-1.259,3,K,654,D
-1.135,-0.8937,5,K,654,E
1.767,0.4701,3,K,654,F
-0.9482,-0.7015,5,K,654,G
-1.379,-1.171,2,K,654,I
0,0,,K,654,K
0.7662,0.2935,2,K,654,L
-0.7954,-0.5576,4,K,654,M
0.2996,0.1377,7,K,654,N
-2.119,-2.139,5,K,654,P
-0.1387,-0.0758,4,K,654,R
-2.868,-3.127,4,K,654,S
0.7755,0.296,12,K,654,T
0.9083,0.3296,4,K,654,V
2.138,0.5033,3,K,654,W
1.663,0.4585,5,K,654,Y
0,0,,A,655,A
-1.923,-1.873,3,A,655,C
-3.855,-4.078,7,A,655,D
-5.532,-4.737,8,A,655,E
-2.099,-2.113,5,A,655,F
-1.873,-1.805,5,A,655,G
-1.234,-1.003,10,A,655,H
-3.035,-3.322,5,A,655,I
-1.898,-1.838,2,A,655,K
1.329,0.4124,3,A,655,L
1.334,0.4133,7,A,655,M
-2.115,-2.134,7,A,655,N
-2.018,-2.002,3,A,655,P
-1.629,-1.482,4,A,655,Q
-2.593,-2.781,8,A,655,S
-1.765,-1.66,3,A,655,T
-1.931,-1.882,5,A,655,V
-2.991,-3.272,1,A,655,W
-2.373,-2.487,2,A,655,Y
-1.71,-1.587,2,F,656,A
0.4005,0.1769,1,F,656,C
-7.645,-4.894,3,F,656,D
-7.436,-4.889,5,F,656,E
0,0,,F,656,F
-8.005,-4.901,8,F,656,H
-1.899,-1.839,3,F,656,I
-5.764,-4.773,2,F,656,K
1.358,0.417,7,F,656,L
-0.5252,-0.3333,1,F,656,M
-6.676,-4.858,13,F,656,N
-10.85,-4.915,4,F,656,P
-4.654,-4.505,5,F,656,Q
-9.116,-4.911,10,F,656,R
-3.589,-3.871,5,F,656,S
-3.936,-4.134,3,F,656,T
-1.195,-0.959,11,F,656,V
-1.288,-1.064,10,F,656,W
-0.7494,-0.5167,5,F,656,Y
-0.2462,-0.1403,5,T,657,A
-0.07622,-0.04065,8,T,657,C
0.4617,0.1991,4,T,657,D
0.2745,0.1275,3,T,657,E
-1.34,-1.125,1,T,657,F
0.3292,0.1496,6,T,657,G
-0.7019,-0.4757,8,T,657,H
0.5081,0.2152,5,T,657,I
1.255,0.4002,5,T,657,K
1.444,0.43,3,T,657,L
0.3814,0.1698,4,T,657,M
0.03149,0.0161,7,T,657,N
-0.8167,-0.5769,6,T,657,P
-0.04589,-0.02418,4,T,657,Q
3.089,0.5491,6,T,657,R
1.571,0.4472,2,T,657,S
0,0,,T,657,T
0.655,0.262,2,T,657,V
-0.6238,-0.4108,10,T,657,W
-2.582,-2.767,4,T,657,Y
1.192,0.3889,2,L,658,A
-1.166,-0.9274,10,L,658,C
-6.941,-4.871,2,L,658,D
-2.353,-2.46,2,L,658,E
1.239,0.3973,4,L,658,F
-3.666,-3.935,3,L,658,G
-0.4691,-0.2914,12,L,658,H
-0.5136,-0.3245,19,L,658,I
-0.783,-0.5465,1,L,658,K
0,0,,L,658,L
-1.277,-1.052,1,L,658,M
-1.498,-1.317,2,L,658,N
-3.03,-3.316,5,L,658,P
-0.9526,-0.7058,3,L,658,Q
-3.021,-3.307,3,L,658,R
-1.836,-1.754,2,L,658,T
-1.503,-1.323,6,L,658,V
-0.1963,-0.1097,1,L,658,W
-0.2982,-0.1735,3,L,658,Y
0.3426,0.1548,1,A,659,-
0,0,,A,659,A
3.149,0.5508,1,A,659,C
-4.419,-4.406,9,A,659,D
-1.474,-1.286,1,A,659,E
-0.4333,-0.2655,4,A,659,F
-5.667,-4.759,4,A,659,G
-5.724,-4.768,6,A,659,H
1.127,0.3767,5,A,659,I
-4.204,-4.297,8,A,659,K
2.416,0.5213,8,A,659,L
2.866,0.5419,2,A,659,M
-2.731,-2.958,8,A,659,N
-2.788,-3.029,4,A,659,P
-3.44,-3.739,4,A,659,Q
-4.846,-4.572,3,A,659,R
-1.705,-1.581,8,A,659,S
-1.728,-1.61,8,A,659,T
-0.4464,-0.2749,5,A,659,V
-1.919,-1.867,4,A,659,W
-1.37,-1.16,3,A,659,Y
-1.498,-1.316,2,V,66,A
-1.431,-1.233,1,V,66,F
-1.302,-1.081,3,V,66,I
0,0,,V,66,V
0.06302,0.03181,1,N,660,-
0.1479,0.07218,4,N,660,A
0.09488,0.0473,4,N,660,C
-1.086,-0.8418,7,N,660,D
-0.137,-0.07481,9,N,660,E
-1.294,-1.071,5,N,660,F
-0.7657,-0.5311,4,N,660,G
1.452,0.4312,6,N,660,H
6.014,0.5768,9,N,660,I
3.593,0.5607,3,N,660,K
1.197,0.3898,9,N,660,L
4.536,0.5715,5,N,660,M
0,0,,N,660,N
-3.544,-3.833,12,N,660,P
0.2001,0.09566,2,N,660,Q
2.868,0.5419,3,N,660,R
-1.227,-0.9954,1,N,660,S
1.566,0.4467,4,N,660,T
0.2937,0.1354,10,N,660,V
-2.885,-3.148,7,N,660,W
0.5555,0.2309,8,N,660,Y
-2.015,-1.998,1,V,661,-
0.2694,0.1253,6,V,661,A
-2.217,-2.274,1,V,661,C
0.2223,0.1054,4,V,661,D
-1.305,-1.084,1,V,661,E
-0.2632,-0.151,7,V,661,F
-0.1691,-0.09356,4,V,661,H
1.063,0.3639,11,V,661,I
-0.3678,-0.2198,4,V,661,K
6.873,0.5778,2,V,661,L
2.083,0.4991,3,V,661,M
-1.37,-1.161,5,V,661,N
4.36,0.5702,2,V,661,P
-0.9762,-0.7292,8,V,661,R
-0.8993,-0.6541,2,V,661,S
-0.6134,-0.4023,5,V,661,T
0,0,,V,661,V
0.5251,0.2209,2,V,661,W
-0.6166,-0.4049,3,V,661,Y
0.9537,0.3401,1,S,662,-
-2.666,-2.875,4,S,662,A
-0.2821,-0.1631,9,S,662,C
0.06897,0.03474,5,S,662,D
0.5957,0.2438,5,S,662,E
1.88,0.4815,6,S,662,F
0.9422,0.3375,5,S,662,G
0.7869,0.2991,10,S,662,H
-0.911,-0.6653,18,S,662,I
0.4318,0.1884,2,S,662,K
-0.3328,-0.1962,8,S,662,L
0.7289,0.2833,1,S,662,M
1.925,0.4857,9,S,662,N
-2.065,-2.066,2,S,662,P
0.2706,0.1258,8,S,662,Q
2.493,0.5255,6,S,662,R
0,0,,S,662,S
0.5013,0.2129,1,S,662,T
0.8226,0.3084,4,S,662,V
-0.3825,-0.2299,1,S,662,W
1.358,0.4171,2,S,662,Y
-1.548,-1.378,1,S,663,-
1.238,0.3971,2,S,663,A
0.9766,0.3453,4,S,663,C
-0.1846,-0.1027,3,S,663,D
1.336,0.4136,6,S,663,F
-0.8953,-0.6503,4,S,663,G
0.03429,0.01751,3,S,663,H
-1.035,-0.7887,13,S,663,I
-0.7194,-0.4907,1,S,663,K
1.187,0.3881,4,S,663,M
-0.996,-0.749,8,S,663,N
-5.509,-4.733,2,S,663,P
-0.004684,-0.002429,9,S,663,Q
-1.726,-1.608,6,S,663,R
0,0,,S,663,S
4.454,0.5709,1,S,663,T
-5.018,-4.624,3,S,663,V
-2.282,-2.364,3,S,663,W
2.968,0.5454,4,S,663,Y
-1.793,-1.696,1,F,664,-
-5.603,-4.749,2,F,664,A
-7.692,-4.895,3,F,664,C
-9.336,-4.912,6,F,664,D
-4.087,-4.23,2,F,664,E
0,0,,F,664,F
-3.572,-3.857,2,F,664,G
-2.889,-3.152,3,F,664,H
-5.475,-4.727,9,F,664,I
-0.6812,-0.4582,1,F,664,K
-5.573,-4.744,4,F,664,L
-2.586,-2.772,4,F,664,M
-5.532,-4.737,10,F,664,N
-9.285,-4.912,5,F,664,P
-4.765,-4.545,2,F,664,Q
-6.892,-4.869,2,F,664,R
-2.305,-2.395,2,F,664,S
-2.23,-2.293,5,F,664,T
-3.724,-3.981,7,F,664,V
-0.02533,-0.01324,4,F,664,W
-1.237,-1.006,6,F,664,Y
-1.99,-1.963,1,G,665,-
-2.513,-2.675,3,G,665,A
-4.922,-4.596,3,G,665,C
-1.799,-1.705,4,G,665,D
-1.179,-0.9422,3,G,665,E
-6.249,-4.827,7,G,665,F
0,0,,G,665,G
-5.277,-4.688,4,G,665,H
-6.962,-4.872,3,G,665,I
-7.415,-4.888,4,G,665,K
-4.935,-4.6,7,G,665,L
-3.528,-3.818,4,G,665,M
-7.079,-4.877,1,G,665,P
-4.238,-4.316,4,G,665,Q
-7.067,-4.877,9,G,665,R
-4.483,-4.435,13,G,665,S
-4.202,-4.296,5,G,665,T
-12.53,-4.916,9,G,665,V
-7.854,-4.898,4,G,665,W
-6.779,-4.864,3,G,665,Y
-2.456,-2.599,1,D,666,-
-0.7262,-0.4966,3,D,666,A
-4.959,-4.607,1,D,666,C
0,0,,D,666,D
0.7282,0.2831,7,D,666,E
-1.454,-1.262,1,D,666,F
-2.53,-2.697,4,D,666,G
-6.566,-4.851,2,D,666,H
-2.333,-2.434,3,D,666,I
-3.74,-3.994,4,D,666,K
-1.327,-1.109,5,D,666,L
0.571,0.236,5,D,666,M
-2.18,-2.224,6,D,666,N
-0.06433,-0.03415,5,D,666,P
-1.7,-1.574,3,D,666,Q
-10.38,-4.915,9,D,666,R
-1.373,-1.164,2,D,666,S
-2.729,-2.955,1,D,666,V
-2.267,-2.343,4,D,666,W
-1.143,-0.9023,13,D,666,Y
-2.965,-3.242,2,Y,667,-
-11.13,-4.915,9,Y,667,A
-5.854,-4.785,12,Y,667,C
-4.979,-4.613,4,Y,667,D
-8.982,-4.91,2,Y,667,E
2.129,0.5026,2,Y,667,F
-8.585,-4.907,4,Y,667,G
-5.085,-4.642,2,Y,667,H
-8.223,-4.904,4,Y,667,I
-6.872,-4.868,3,Y,667,K
-3.346,-3.65,6,Y,667,L
-6.861,-4.868,4,Y,667,M
-8.048,-4.901,1,Y,667,P
-7.443,-4.889,11,Y,667,Q
-4.142,-4.262,3,Y,667,R
-5.379,-4.709,5,Y,667,S
-6.883,-4.869,1,Y,667,T
5.213,0.5749,3,Y,667,W
0,0,,Y,667,Y
-1.04,-0.7938,1,N,668,-
-12.04,-4.916,11,N,668,A
-7.277,-4.884,2,N,668,C
0.3669,0.1642,4,N,668,D
-11.37,-4.916,6,N,668,E
-7.806,-4.897,2,N,668,F
-6.93,-4.871,1,N,668,G
-4.547,-4.462,6,N,668,H
-4.965,-4.608,6,N,668,I
-7.828,-4.898,8,N,668,K
-4.258,-4.326,3,N,668,L
-7.661,-4.894,3,N,668,M
0,0,,N,668,N
-9.333,-4.912,7,N,668,P
-1.227,-0.9957,1,N,668,Q
-12.33,-4.916,8,N,668,R
-10.93,-4.915,6,N,668,S
-7.192,-4.881,2,N,668,T
-8.314,-4.905,9,N,668,V
-4.551,-4.464,2,N,668,W
-5.202,-4.671,4,N,668,Y
-1.278,-1.053,1,L,669,-
-6.878,-4.868,2,L,669,A
-11.35,-4.916,5,L,669,C
-5.919,-4.793,5,L,669,D
1.479,0.4349,6,L,669,F
-7.013,-4.874,2,L,669,H
-10.77,-4.915,1,L,669,I
-8.468,-4.906,10,L,669,K
0,0,,L,669,L
-0.08409,-0.04499,11,L,669,M
-3.383,-3.686,3,L,669,N
-6.117,-4.815,3,L,669,P
-7.752,-4.896,5,L,669,Q
-8.499,-4.907,3,L,669,R
-6.868,-4.868,1,L,669,S
-7.8,-4.897,5,L,669,T
-2.998,-3.28,7,L,669,V
-3.06,-3.35,1,L,669,W
-6.193,-4.822,5,L,669,Y
-3.046,-3.335,1,V,67,-
-1.075,-0.8306,1,V,67,E
-0.8103,-0.5711,1,V,67,L
-1.493,-1.311,7,V,67,M
0,0,,V,67,V
-0.6439,-0.4272,1,S,670,-
-2.651,-2.856,3,S,670,A
-6.052,-4.808,4,S,670,C
-3.818,-4.051,7,S,670,D
-2.721,-2.945,5,S,670,E
-4.44,-4.416,12,S,670,F
-8.007,-4.901,7,S,670,G
-5.503,-4.732,11,S,670,H
-5.833,-4.783,9,S,670,I
-7.396,-4.888,3,S,670,K
-6.936,-4.871,2,S,670,L
-7.283,-4.884,3,S,670,M
-4.92,-4.595,8,S,670,N
-8.096,-4.902,10,S,670,P
-5.142,-4.656,6,S,670,R
0,0,,S,670,S
-0.1632,-0.09004,8,S,670,T
-7.38,-4.887,5,S,670,V
-7.59,-4.893,3,S,670,W
-7.459,-4.889,5,S,670,Y
0.0356,0.01817,1,S,671,-
0.7888,0.2996,4,S,671,A
-2.786,-3.026,5,S,671,D
-4.128,-4.254,8,S,671,E
-0.8977,-0.6526,6,S,671,F
-3.262,-3.566,1,S,671,G
-1.603,-1.448,1,S,671,H
-1.84,-1.76,3,S,671,I
-2.261,-2.336,4,S,671,K
-2.262,-2.337,4,S,671,L
2.745,0.5372,6,S,671,M
-2.205,-2.258,2,S,671,N
-1.869,-1.8,3,S,671,P
2.278,0.513,2,S,671,Q
-4.661,-4.507,1,S,671,R
0,0,,S,671,S
-1.222,-0.9893,3,S,671,T
0.06167,0.03115,6,S,671,V
4.315,0.5698,1,S,671,W
1.289,0.4059,9,S,671,Y
-1.269,-1.043,2,V,672,-
-0.2045,-0.1147,7,V,672,A
-1.852,-1.776,6,V,672,C
-6.081,-4.811,3,V,672,D
-7.206,-4.882,1,V,672,E
-1.303,-1.082,6,V,672,F
-4.985,-4.614,9,V,672,G
-6.973,-4.873,1,V,672,H
-6.337,-4.835,7,V,672,I
-3.813,-4.048,2,V,672,K
0.6513,0.2608,3,V,672,L
-2.417,-2.547,3,V,672,M
-7.807,-4.897,5,V,672,N
-7.111,-4.878,5,V,672,P
-7.404,-4.888,2,V,672,Q
-11.68,-4.916,4,V,672,R
-6.338,-4.835,2,V,672,S
-4.79,-4.553,5,V,672,T
0,0,,V,672,V
0.7116,0.2784,5,V,672,W
-7.691,-4.895,6,V,672,Y
-5.838,-4.783,3,I,673,-
-8.321,-4.905,4,I,673,A
-3.044,-3.332,6,I,673,C
2.999,0.5464,1,I,673,E
-2.354,-2.461,1,I,673,F
-8.5,-4.907,3,I,673,G
-1.71,-1.587,1,I,673,H
0,0,,I,673,I
-6.922,-4.87,1,I,673,K
1.596,0.4504,3,I,673,L
0.01712,0.008802,3,I,673,M
-5.299,-4.692,5,I,673,N
-7.991,-4.9,7,I,673,P
-7.394,-4.888,2,I,673,Q
-5.983,-4.801,9,I,673,R
-6.906,-4.87,2,I,673,S
-3.247,-3.551,6,I,673,T
2.859,0.5416,2,I,673,V
-3.585,-3.868,9,I,673,W
-7.529,-4.891,3,I,673,Y
-2.22,-2.279,1,P,674,-
-3.961,-4.151,7,P,674,A
-6.697,-4.859,3,P,674,C
-9.579,-4.913,6,P,674,D
-8.073,-4.902,6,P,674,E
-7.384,-4.887,3,P,674,F
-3.574,-3.858,2,P,674,G
-4.381,-4.388,19,P,674,H
-3.118,-3.415,6,P,674,I
-5.337,-4.7,5,P,674,K
-7.652,-4.894,5,P,674,L
-6.976,-4.873,6,P,674,M
-3.565,-3.851,1,P,674,N
0,0,,P,674,P
-4.399,-4.397,3,P,674,Q
-8.227,-4.904,6,P,674,R
-5.692,-4.763,4,P,674,S
-4.899,-4.589,5,P,674,T
-7.049,-4.876,3,P,674,V
-5.902,-4.791,6,P,674,W
1.768,0.4703,1,S,675,-
0.4544,0.1966,6,S,675,A
-2.45,-2.591,6,S,675,C
-6.19,-4.822,3,S,675,D
-6.808,-4.865,2,S,675,E
-1.617,-1.467,5,S,675,F
-0.4196,-0.2558,3,S,675,G
-0.1334,-0.07275,1,S,675,H
-1.069,-0.8238,12,S,675,I
1.04,0.3591,1,S,675,K
-1.609,-1.456,5,S,675,L
0.9657,0.3429,1,S,675,M
-0.2359,-0.134,5,S,675,N
-1.583,-1.423,2,S,675,P
-0.2466,-0.1406,4,S,675,Q
1.669,0.4592,5,S,675,R
0,0,,S,675,S
-0.08664,-0.0464,6,S,675,T
-1.635,-1.49,2,S,675,V
-3.945,-4.14,6,S,675,W
-2.132,-2.158,2,S,675,Y
0.2492,0.1169,1,L,676,-
-0.7907,-0.5534,2,L,676,A
-0.4737,-0.2948,7,L,676,C
-2.228,-2.29,4,L,676,D
-0.3318,-0.1955,3,L,676,E
1.679,0.4604,13,L,676,F
-0.6565,-0.4375,6,L,676,G
2.675,0.5342,4,L,676,H
5.82,0.5765,3,L,676,I
3.064,0.5484,2,L,676,K
0,0,,L,676,L
0.6506,0.2606,9,L,676,M
-0.3659,-0.2185,3,L,676,N
3.776,0.5637,3,L,676,P
1.17,0.3848,5,L,676,Q
-1.727,-1.609,1,L,676,R
-1.518,-1.341,1,L,676,S
0.8952,0.3264,5,L,676,T
-0.149,-0.08177,2,L,676,V
-0.8416,-0.5998,3,L,676,W
1.906,0.484,7,L,676,Y
3.334,0.5555,2,P,677,-
0.8967,0.3268,2,P,677,A
0.2754,0.1278,5,P,677,C
3.196,0.5521,6,P,677,D
-0.9267,-0.6805,5,P,677,E
-0.1252,-0.06806,3,P,677,F
-0.4321,-0.2647,9,P,677,H
-1.493,-1.31,5,P,677,I
-0.4373,-0.2684,4,P,677,K
-2.034,-2.024,4,P,677,L
0.4691,0.2017,3,P,677,M
-0.8622,-0.619,6,P,677,N
0,0,,P,677,P
-0.5086,-0.3208,4,P,677,Q
4.029,0.567,10,P,677,S
0.0341,0.01741,5,P,677,T
-0.6261,-0.4126,3,P,677,V
-0.8408,-0.5991,4,P,677,W
0.2847,0.1317,2,P,677,Y
0.8336,0.3112,1,T,678,-
-0.7804,-0.5442,5,T,678,A
-1.204,-0.9697,7,T,678,C
-0.1113,-0.06016,2,T,678,D
-0.3754,-0.225,3,T,678,E
-0.7587,-0.5249,11,T,678,F
-0.493,-0.3091,4,T,678,G
-2.995,-3.276,2,T,678,H
1.484,0.4357,5,T,678,I
3.52,0.5594,8,T,678,K
-0.1547,-0.08506,9,T,678,L
-1.033,-0.7863,3,T,678,M
0.4233,0.1853,6,T,678,N
1.801,0.4737,2,T,678,P
0.2251,0.1066,5,T,678,Q
-0.2397,-0.1363,4,T,678,R
0.821,0.308,1,T,678,S
0,0,,T,678,T
0.1926,0.09236,3,T,678,V
-1.416,-1.216,7,T,678,W
-0.7141,-0.4861,3,T,678,Y
-1.4,-1.196,2,S,679,-
-1.182,-0.9446,3,S,679,C
5.934,0.5767,7,S,679,D
0.261,0.1218,3,S,679,E
-2.578,-2.762,7,S,679,F
-0.4631,-0.287,3,S,679,G
2.263,0.512,4,S,679,H
-1.226,-0.9944,3,S,679,I
-0.00309,-0.001601,5,S,679,K
0.3127,0.143,5,S,679,L
1.96,0.4889,2,S,679,M
-0.7349,-0.5041,10,S,679,N
5.913,0.5767,5,S,679,P
-0.03188,-0.01671,3,S,679,Q
-1.932,-1.884,3,S,679,R
0,0,,S,679,S
2.228,0.5097,5,S,679,T
-0.1667,-0.09211,4,S,679,V
-1.495,-1.313,5,S,679,W
0.6434,0.2585,2,S,679,Y
-3.938,-4.135,1,D,68,-
-6.052,-4.808,1,D,68,A
0,0,,D,68,D
3.361,0.5561,1,D,68,G
-0.9413,-0.6947,6,D,68,N
-1.005,-0.7581,5,D,68,Y
-6.911,-4.87,10,G,680,*
-1.287,-1.063,3,G,680,-
-0.6147,-0.4034,3,G,680,A
-6.93,-4.871,1,G,680,C
4.279,0.5695,1,G,680,D
-0.743,-0.5111,15,G,680,E
-1.822,-1.735,2,G,680,F
0,0,,G,680,G
-0.4826,-0.3014,4,G,680,H
-2.589,-2.775,14,G,680,I
-0.9442,-0.6976,5,G,680,K
-2.104,-2.119,6,G,680,L
-1.395,-1.19,7,G,680,M
-1.018,-0.7711,9,G,680,N
-3.838,-4.066,3,G,680,P
0.8265,0.3094,3,G,680,Q
-0.6621,-0.4421,20,G,680,R
1.595,0.4503,5,G,680,S
-0.9677,-0.7208,5,G,680,T
-2.004,-1.982,10,G,680,V
-7.47,-4.89,1,G,680,W
-2.082,-2.09,6,G,680,Y
-0.6926,-0.4678,3,S,681,-
0.9754,0.345,6,S,681,A
-1.813,-1.724,2,S,681,C
-0.5774,-0.3736,3,S,681,D
0.4673,0.2011,5,S,681,E
-0.6433,-0.4267,1,S,681,F
4.198,0.5687,6,S,681,G
-0.2365,-0.1343,8,S,681,H
4.132,0.5681,6,S,681,I
-0.7845,-0.5479,2,S,681,L
-0.8103,-0.5711,4,S,681,M
2.246,0.5109,8,S,681,N
3.516,0.5593,3,S,681,P
0.3106,0.1422,1,S,681,Q
-0.2822,-0.1632,4,S,681,R
0,0,,S,681,S
-0.5188,-0.3284,2,S,681,T
-1.85,-1.774,2,S,681,V
-3.204,-3.507,4,S,681,W
-1.361,-1.15,3,S,681,Y
1.004,0.3514,3,R,682,-
-1.976,-1.944,2,R,682,C
-0.5663,-0.365,3,R,682,D
-0.03382,-0.01774,1,R,682,E
-1.751,-1.642,4,R,682,F
3.134,0.5504,2,R,682,G
-1.721,-1.601,7,R,682,H
-0.5359,-0.3414,10,R,682,I
0.2363,0.1114,11,R,682,K
-0.3581,-0.2132,4,R,682,L
-0.5413,-0.3456,7,R,682,M
-1.029,-0.7829,3,R,682,N
1.801,0.4737,6,R,682,Q
0,0,,R,682,R
1.127,0.3767,4,R,682,S
-0.9896,-0.7426,5,R,682,T
2.456,0.5235,10,R,682,V
-7.713,-4.895,4,R,682,W
-1.205,-0.9709,9,R,682,Y
-0.3164,-0.1854,3,V,683,-
1.14,0.3792,1,V,683,A
-1.266,-1.039,2,V,683,C
0.4856,0.2075,2,V,683,D
-1.689,-1.559,5,V,683,E
-0.1353,-0.07385,6,V,683,F
-0.08298,-0.04437,6,V,683,G
-1.002,-0.7546,11,V,683,H
1.224,0.3947,12,V,683,I
5.145,0.5747,4,V,683,K
0.008021,0.004138,3,V,683,L
1.323,0.4115,6,V,683,M
-1.861,-1.789,1,V,683,N
-1.036,-0.7902,3,V,683,P
-0.1403,-0.07676,13,V,683,Q
4.428,0.5707,1,V,683,R
0.5063,0.2146,3,V,683,S
-0.074,-0.03943,3,V,683,T
0,0,,V,683,V
-2.061,-2.06,2,V,683,W
-0.2418,-0.1376,2,V,683,Y
-2.117,-2.137,4,A,684,-
0,0,,A,684,A
-1.674,-1.541,4,A,684,C
-5.736,-4.769,8,A,684,D
-4.116,-4.247,2,A,684,E
0.2367,0.1116,8,A,684,F
-0.9897,-0.7427,8,A,684,G
-2.025,-2.011,2,A,684,H
2.1,0.5004,4,A,684,I
-1.399,-1.196,1,A,684,K
-1.408,-1.205,4,A,684,M
-1.72,-1.601,5,A,684,N
-0.1702,-0.09419,2,A,684,P
-3.338,-3.643,3,A,684,Q
-0.548,-0.3508,6,A,684,R
-0.8255,-0.585,14,A,684,S
-1.389,-1.183,8,A,684,T
0.06463,0.0326,6,A,684,V
7.285,0.578,7,A,684,W
4.717,0.5727,4,A,684,Y
-5.437,-4.72,5,G,685,-
-0.03844,-0.0202,2,G,685,A
-1.736,-1.622,16,G,685,C
-2.503,-2.661,14,G,685,D
-2.818,-3.066,2,G,685,E
-1.633,-1.487,3,G,685,F
0,0,,G,685,G
-2.128,-2.152,1,G,685,H
-2.843,-3.097,8,G,685,I
-2.177,-2.22,4,G,685,K
-0.9365,-0.6901,1,G,685,L
-0.0711,-0.03784,2,G,685,M
-7.721,-4.895,3,G,685,N
-0.184,-0.1024,1,G,685,P
-1.191,-0.9549,5,G,685,Q
2.101,0.5004,4,G,685,R
-1.468,-1.279,17,G,685,S
-0.9579,-0.711,3,G,685,T
-1.386,-1.179,12,G,685,V
-1.714,-1.592,4,G,685,W
-0.8312,-0.5903,6,G,685,Y
-1.515,-1.338,1,R,686,*
-0.0606,-0.03212,3,R,686,-
-6.522,-4.848,8,R,686,A
-7.428,-4.889,8,R,686,C
-7.921,-4.899,14,R,686,D
-8.385,-4.905,4,R,686,E
-3.764,-4.011,6,R,686,F
-5.909,-4.792,7,R,686,G
-2.972,-3.25,5,R,686,H
-8.212,-4.903,6,R,686,I
-2.455,-2.599,10,R,686,K
-6.584,-4.852,5,R,686,L
-4.217,-4.304,3,R,686,M
-7.016,-4.875,2,R,686,N
-2.549,-2.723,3,R,686,P
-8.931,-4.91,5,R,686,Q
0,0,,R,686,R
-8.541,-4.907,10,R,686,S
-3.441,-3.74,8,R,686,T
-3.728,-3.984,3,R,686,V
-6.205,-4.823,5,R,686,W
-7.699,-4.895,4,R,686,Y
-5.394,-4.712,3,S,687,*
1.098,0.371,2,S,687,-
-8.396,-4.906,4,S,687,A
-5.957,-4.798,2,S,687,C
1.745,0.4678,1,S,687,D
-6.527,-4.849,1,S,687,E
-5.003,-4.619,6,S,687,F
-6.9,-4.869,5,S,687,H
-8.029,-4.901,6,S,687,I
-5.294,-4.691,5,S,687,K
-7.435,-4.889,14,S,687,L
-7.242,-4.883,6,S,687,M
-7.645,-4.894,4,S,687,N
-9.859,-4.914,6,S,687,P
-4.699,-4.522,6,S,687,Q
-5.182,-4.666,2,S,687,R
0,0,,S,687,S
-2.895,-3.159,8,S,687,T
-8.009,-4.901,5,S,687,V
-5.543,-4.739,2,S,687,W
-6.833,-4.866,2,S,687,Y
2.365,0.5184,2,A,688,-
0,0,,A,688,A
-1.971,-1.938,1,A,688,C
-2.478,-2.628,3,A,688,D
-0.8541,-0.6114,8,A,688,E
-0.689,-0.4648,2,A,688,F
-2.991,-3.272,6,A,688,G
0.632,0.255,1,A,688,H
3.211,0.5525,7,A,688,I
4.619,0.5721,5,A,688,K
-0.7328,-0.5023,1,A,688,L
0.4482,0.1943,1,A,688,M
-1.207,-0.9727,4,A,688,N
-0.2595,-0.1487,8,A,688,P
0.9004,0.3277,6,A,688,Q
5.321,0.5753,5,A,688,R
0.01065,0.005488,16,A,688,S
0.4356,0.1898,11,A,688,T
0.1955,0.09364,9,A,688,V
-1.919,-1.866,1,A,688,W
2.696,0.5352,4,A,688,Y
0.951,0.3395,2,I,689,-
-4.952,-4.605,5,I,689,A
-3.636,-3.91,1,I,689,C
-6.256,-4.828,7,I,689,D
-7.639,-4.894,5,I,689,E
-0.07602,-0.04054,7,I,689,F
-3.209,-3.512,2,I,689,G
-6.925,-4.871,3,I,689,H
0,0,,I,689,I
-4.678,-4.514,6,I,689,K
2.321,0.5157,8,I,689,L
0.8487,0.315,2,I,689,M
-5.014,-4.622,2,I,689,N
-7.926,-4.899,9,I,689,P
-3.341,-3.646,2,I,689,Q
-3.015,-3.299,2,I,689,R
-6.63,-4.855,2,I,689,S
-4.557,-4.466,2,I,689,T
-0.8557,-0.613,7,I,689,V
-7.653,-4.894,7,I,689,W
-3.458,-3.756,2,I,689,Y
-2.828,-3.079,1,G,69,A
-2.596,-2.785,7,G,69,C
0.6285,0.254,4,G,69,D
0,0,,G,69,G
-2.688,-2.903,1,G,69,R
-1.856,-1.781,5,G,69,S
-2.483,-2.635,1,G,69,V
-3.91,-4.116,5,E,690,*
0.6944,0.2735,2,E,690,-
-5.842,-4.784,12,E,690,A
-7.992,-4.9,4,E,690,C
-6.888,-4.869,14,E,690,D
0,0,,E,690,E
-9.846,-4.914,7,E,690,F
-8.263,-4.904,4,E,690,G
-4.824,-4.565,5,E,690,H
-4.007,-4.181,1,E,690,I
-7.994,-4.9,6,E,690,K
-5.067,-4.637,7,E,690,L
-8.522,-4.907,9,E,690,M
-7.448,-4.889,4,E,690,N
-2.667,-2.876,2,E,690,P
-5.013,-4.622,5,E,690,Q
-7.897,-4.899,5,E,690,R
-1.296,-1.073,4,E,690,S
-3.679,-3.945,2,E,690,T
-7.744,-4.896,10,E,690,V
-7.86,-4.898,5,E,690,W
-7.157,-4.88,7,E,690,Y
1.815,0.4751,2,D,691,-
-0.9137,-0.668,5,D,691,A
0,0,,D,691,D
3.103,0.5495,3,D,691,E
-2.988,-3.268,1,D,691,F
-1.968,-1.934,6,D,691,G
-3.358,-3.662,4,D,691,I
-1.794,-1.699,3,D,691,K
-3.074,-3.366,6,D,691,L
-2.005,-1.983,4,D,691,M
0.09846,0.04901,4,D,691,N
-5.056,-4.634,3,D,691,P
-0.8217,-0.5815,8,D,691,Q
-0.5708,-0.3685,9,D,691,S
-1.637,-1.493,5,D,691,T
-2.128,-2.153,2,D,691,V
-5.399,-4.713,4,D,691,W
-6.933,-4.871,10,D,691,Y
2.387,0.5197,3,I,692,-
0.1814,0.08737,2,I,692,A
-6.161,-4.819,1,I,692,C
-6.479,-4.845,3,I,692,D
-3.249,-3.553,1,I,692,E
-4.544,-4.461,7,I,692,F
-4.023,-4.191,13,I,692,G
-5.874,-4.788,4,I,692,H
0,0,,I,692,I
-3.868,-4.087,8,I,692,K
-1.522,-1.346,3,I,692,L
-1.344,-1.13,4,I,692,M
-9.074,-4.911,5,I,692,N
-7.472,-4.89,4,I,692,P
-9.72,-4.913,5,I,692,Q
-3.083,-3.376,3,I,692,R
-2.445,-2.584,2,I,692,S
-3.472,-3.769,10,I,692,T
-1.228,-0.9965,8,I,692,V
-4.84,-4.57,2,I,692,W
-6.264,-4.829,1,I,692,Y
-1.533,-1.359,2,L,693,-
-7.63,-4.894,4,L,693,A
-8.09,-4.902,8,L,693,C
-6.916,-4.87,3,L,693,D
-7.28,-4.884,2,L,693,E
-7.453,-4.889,4,L,693,F
-7.577,-4.892,4,L,693,G
-6.921,-4.87,6,L,693,H
1.512,0.4395,5,L,693,I
-4.887,-4.585,2,L,693,K
0,0,,L,693,L
-2.066,-2.068,9,L,693,M
-6.74,-4.861,4,L,693,N
-4.246,-4.32,2,L,693,P
-4.175,-4.281,3,L,693,Q
-7.127,-4.879,5,L,693,R
-6.12,-4.815,5,L,693,S
-8.125,-4.902,9,L,693,T
-4.35,-4.373,5,L,693,V
-4.596,-4.482,1,L,693,W
-7.383,-4.887,1,L,693,Y
-1.124,-0.8818,2,F,694,-
-3.842,-4.069,3,F,694,A
-4.689,-4.518,3,F,694,C
-8.908,-4.91,5,F,694,D
-8.945,-4.91,8,F,694,E
0,0,,F,694,F
-5.821,-4.781,7,F,694,G
-2.513,-2.675,4,F,694,H
-6.305,-4.832,4,F,694,I
-7.368,-4.887,2,F,694,K
-10.48,-4.915,13,F,694,L
-4.644,-4.501,5,F,694,M
-4.307,-4.351,4,F,694,N
-4.45,-4.42,5,F,694,P
-4.008,-4.181,4,F,694,Q
-4.243,-4.318,6,F,694,R
-7.402,-4.888,3,F,694,S
-2.721,-2.946,1,F,694,T
-6.507,-4.847,1,F,694,V
-2.689,-2.905,8,F,694,W
0.2912,0.1343,3,F,694,Y
-3.384,-3.687,4,S,695,-
-6.235,-4.826,5,S,695,C
-4.199,-4.295,2,S,695,F
-0.3223,-0.1892,2,S,695,G
-1.917,-1.864,3,S,695,H
-5.346,-4.702,13,S,695,I
-3.319,-3.624,2,S,695,K
-2.525,-2.692,2,S,695,L
-2.456,-2.6,10,S,695,M
0.02922,0.01495,10,S,695,N
-5.319,-4.697,5,S,695,P
-0.9736,-0.7266,8,S,695,Q
-0.5659,-0.3646,3,S,695,R
0,0,,S,695,S
-0.2308,-0.1308,7,S,695,T
-7.47,-4.89,3,S,695,V
-8.014,-4.901,6,S,695,W
-4.708,-4.525,5,S,695,Y
-0.6816,-0.4585,1,K,696,-
-6.597,-4.853,3,K,696,A
-3.06,-3.351,5,K,696,D
-8.776,-4.909,8,K,696,F
-2.162,-2.199,3,K,696,G
-1.914,-1.86,9,K,696,H
-4.934,-4.599,2,K,696,I
0,0,,K,696,K
-5.288,-4.69,6,K,696,L
-3.096,-3.39,4,K,696,M
-3.154,-3.454,11,K,696,N
-1.729,-1.612,3,K,696,P
-2.734,-2.962,7,K,696,Q
4.105,0.5678,4,K,696,R
-0.3347,-0.1975,3,K,696,T
-3.605,-3.885,3,K,696,V
-7.395,-4.888,2,K,696,W
-4.355,-4.375,10,K,696,Y
-1.139,-0.8983,1,L,697,-
-1.93,-1.882,8,L,697,C
-2.166,-2.204,5,L,697,D
-1.906,-1.849,2,L,697,E
1.021,0.3551,7,L,697,F
-1.727,-1.609,5,L,697,G
-5.78,-4.776,2,L,697,H
4.159,0.5684,8,L,697,I
-1.752,-1.643,15,L,697,K
0,0,,L,697,L
1.739,0.4672,1,L,697,M
-3.222,-3.525,5,L,697,N
-2.548,-2.722,7,L,697,P
-1.91,-1.854,4,L,697,R
-1.253,-1.025,5,L,697,S
0.328,0.1491,1,L,697,T
3.226,0.5529,5,L,697,V
-0.2363,-0.1342,3,L,697,W
-0.7415,-0.5098,4,L,697,Y
-2.253,-2.324,1,V,698,-
-1.516,-1.339,8,V,698,A
-2.748,-2.98,6,V,698,C
-0.8861,-0.6416,6,V,698,D
-7.807,-4.897,4,V,698,E
-1.596,-1.439,4,V,698,F
-1.72,-1.601,7,V,698,G
-1.409,-1.207,10,V,698,H
3.957,0.5661,4,V,698,I
-1.063,-0.8177,7,V,698,K
0.1715,0.08294,11,V,698,L
-0.3002,-0.1747,7,V,698,M
-1.879,-1.813,3,V,698,N
-2.635,-2.835,6,V,698,P
1.008,0.3521,3,V,698,Q
-0.2027,-0.1136,4,V,698,R
2.339,0.5168,3,V,698,S
2.113,0.5014,7,V,698,T
0,0,,V,698,V
-0.5897,-0.3834,3,V,698,W
-1.429,-1.231,7,V,698,Y
0.8238,0.3087,1,T,699,-
-1.264,-1.037,5,T,699,A
-5.44,-4.721,4,T,699,C
-1.841,-1.762,7,T,699,D
-0.6212,-0.4087,1,T,699,E
-1.044,-0.7985,3,T,699,F
-1.337,-1.122,7,T,699,G
-4.407,-4.4,1,T,699,H
-1.654,-1.514,6,T,699,I
-2.944,-3.217,1,T,699,K
-1.349,-1.135,2,T,699,L
-1.39,-1.184,6,T,699,M
-1.354,-1.141,8,T,699,N
-2.558,-2.735,8,T,699,P
-1.144,-0.9038,3,T,699,Q
-1.494,-1.312,1,T,699,R
-1.406,-1.204,3,T,699,S
0,0,,T,699,T
-1.219,-0.9867,4,T,699,V
-2.23,-2.292,1,T,699,W
-1.722,-1.602,9,T,699,Y
0,0,,A,7,A
-0.5506,-0.3528,5,A,7,S
2.737,0.5369,4,A,7,T
-3.955,-4.147,2,A,7,V
-0.2773,-0.16,5,V,70,I
0,0,,V,70,V
-1.601,-1.446,1,S,700,-
-0.5767,-0.3731,7,S,700,A
-7.604,-4.893,4,S,700,C
4.226,0.569,2,S,700,D
-2.286,-2.37,10,S,700,F
-0.04662,-0.02458,2,S,700,G
-2.709,-2.93,3,S,700,H
-2.113,-2.132,6,S,700,K
-2.688,-2.903,4,S,700,L
-0.08722,-0.04672,3,S,700,M
-0.2717,-0.1565,2,S,700,N
-1.857,-1.783,1,S,700,P
-1.019,-0.7723,6,S,700,Q
-0.515,-0.3255,1,S,700,R
0,0,,S,700,S
1.65,0.4571,6,S,700,T
2.887,0.5426,2,S,700,V
-2.326,-2.424,5,S,700,W
-2.197,-2.246,18,S,700,Y
0.6171,0.2505,1,G,701,-
-1.747,-1.636,6,G,701,A
-2.205,-2.259,4,G,701,C
-2.076,-2.08,6,G,701,D
-5.351,-4.703,3,G,701,E
-4.076,-4.223,6,G,701,F
0,0,,G,701,G
-1.779,-1.678,3,G,701,H
-8.517,-4.907,2,G,701,K
-2.286,-2.369,3,G,701,L
-1.023,-0.7761,1,G,701,M
-1.953,-1.913,2,G,701,N
-3.495,-3.79,4,G,701,P
-2.15,-2.182,1,G,701,Q
-1.872,-1.803,1,G,701,R
-1.859,-1.785,12,G,701,S
-2.671,-2.882,1,G,701,T
-6.151,-4.818,7,G,701,V
-2.914,-3.182,4,G,701,W
-2.295,-2.381,1,G,701,Y
-0.1843,-0.1025,1,L,702,-
-3.328,-3.632,1,L,702,A
-3.759,-4.008,1,L,702,C
-4.117,-4.248,5,L,702,D
-3.523,-3.814,4,L,702,E
-1.699,-1.572,7,L,702,F
1.632,0.4549,2,L,702,G
-1.984,-1.955,3,L,702,H
-0.9932,-0.7462,1,L,702,I
-2.172,-2.213,2,L,702,K
0,0,,L,702,L
-0.9799,-0.7328,11,L,702,M
-1.452,-1.26,3,L,702,N
-2.515,-2.678,6,L,702,P
-2.193,-2.242,10,L,702,Q
-0.2599,-0.149,4,L,702,R
-2.753,-2.986,1,L,702,S
-1.754,-1.646,3,L,702,T
-0.2419,-0.1377,5,L,702,V
-2.426,-2.559,3,L,702,W
-0.6846,-0.461,3,L,702,Y
-11.1,-4.915,15,G,703,*
-1.098,-0.8548,5,G,703,A
-5.302,-4.693,4,G,703,C
-1.109,-0.8664,5,G,703,D
-1.438,-1.243,44,G,703,E
-2.738,-2.967,4,G,703,F
0,0,,G,703,G
-1.037,-0.7902,7,G,703,H
-1.412,-1.211,4,G,703,I
-0.7957,-0.5579,6,G,703,L
-0.53,-0.3369,6,G,703,M
-1.147,-0.9073,1,G,703,N
-1.555,-1.387,5,G,703,P
-0.7979,-0.5599,2,G,703,Q
-1.025,-0.7787,19,G,703,R
-2.243,-2.31,1,G,703,S
-0.7662,-0.5316,3,G,703,T
-0.5794,-0.3752,10,G,703,V
-0.8465,-0.6044,2,G,703,W
1.342,0.4146,5,G,703,Y
0.1161,0.05741,5,T,704,A
-3.752,-4.002,4,T,704,C
-1.852,-1.776,3,T,704,E
-0.01003,-0.005211,7,T,704,F
-1.76,-1.654,1,T,704,G
-0.2574,-0.1473,1,T,704,H
-0.5972,-0.3894,6,T,704,I
-1.229,-0.9978,3,T,704,K
0.38,0.1693,3,T,704,L
0.5143,0.2173,5,T,704,M
-1.503,-1.322,7,T,704,N
-1.718,-1.598,4,T,704,P
-6.26,-4.828,2,T,704,Q
-0.6013,-0.3926,4,T,704,S
0,0,,T,704,T
-0.5219,-0.3307,7,T,704,V
-0.1708,-0.09453,2,T,704,W
-1.096,-0.8522,4,T,704,Y
-2.636,-2.837,5,V,705,A
-5.696,-4.764,3,V,705,C
-2.312,-2.405,4,V,705,E
-1.344,-1.13,4,V,705,F
-2.897,-3.162,4,V,705,G
0.6502,0.2605,4,V,705,H
-0.8452,-0.6032,1,V,705,I
-1.817,-1.728,4,V,705,K
-1.181,-0.9443,9,V,705,L
-1.136,-0.8945,6,V,705,M
2.96,0.5451,2,V,705,N
-2.308,-2.4,5,V,705,P
-0.2938,-0.1706,4,V,705,Q
-1.832,-1.749,1,V,705,R
2.749,0.5374,4,V,705,T
0,0,,V,705,V
-1.639,-1.495,2,V,705,W
-1.429,-1.232,4,V,705,Y
0.4731,0.2031,1,D,706,-
-1.689,-1.559,1,D,706,A
-6.958,-4.872,1,D,706,C
0,0,,D,706,D
0.2421,0.1139,4,D,706,E
-3.608,-3.887,1,D,706,F
0.7155,0.2795,1,D,706,G
-2.585,-2.77,6,D,706,H
-4.71,-4.525,3,D,706,I
-2.301,-2.389,1,D,706,K
-2.443,-2.581,3,D,706,L
-1.714,-1.592,4,D,706,M
-3.403,-3.705,16,D,706,N
-1.73,-1.614,4,D,706,P
-1.831,-1.747,6,D,706,Q
-2.767,-3.003,4,D,706,R
-1.508,-1.329,2,D,706,S
-1.958,-1.92,5,D,706,T
-1.787,-1.69,5,D,706,V
-9.518,-4.913,1,D,706,W
-4.461,-4.425,8,D,706,Y
-0.8082,-0.5692,1,A,707,-
0,0,,A,707,A
-0.8448,-0.6028,4,A,707,C
-3.463,-3.76,2,A,707,D
-3.03,-3.316,5,A,707,E
-1.052,-0.8063,3,A,707,F
-0.5977,-0.3898,4,A,707,G
1.163,0.3836,1,A,707,H
0.4276,0.1869,4,A,707,I
-1.011,-0.7647,8,A,707,K
7.123,0.5779,3,A,707,M
0.1753,0.08463,4,A,707,N
1.202,0.3908,6,A,707,P
0.1489,0.07264,3,A,707,Q
-1.979,-1.948,10,A,707,S
-0.2122,-0.1194,4,A,707,T
-0.002013,-0.001043,12,A,707,V
-1.528,-1.353,4,A,707,Y
-1.743,-1.63,1,D,708,-
-3.585,-3.868,2,D,708,A
-4.574,-4.473,3,D,708,C
0,0,,D,708,D
-6.863,-4.868,3,D,708,E
-4.262,-4.328,6,D,708,F
-2.742,-2.972,7,D,708,G
-4.588,-4.479,6,D,708,H
-3.126,-3.424,2,D,708,I
-4.199,-4.294,4,D,708,K
-5.609,-4.75,4,D,708,L
-4.307,-4.352,8,D,708,M
-0.6667,-0.446,15,D,708,N
-3.6,-3.881,3,D,708,R
-2.669,-2.879,2,D,708,S
-6.006,-4.803,4,D,708,T
-4.457,-4.423,36,D,708,V
-5.209,-4.672,14,D,708,Y
-7.49,-4.89,2,Y,709,*
-1.135,-0.8943,1,Y,709,-
-4.425,-4.408,3,Y,709,A
-6.929,-4.871,3,Y,709,C
-0.8691,-0.6255,22,Y,709,F
-4.991,-4.616,2,Y,709,G
-4.453,-4.421,6,Y,709,H
-2.113,-2.132,4,Y,709,I
-3.09,-3.384,9,Y,709,K
-2.86,-3.117,3,Y,709,L
-2.727,-2.953,2,Y,709,M
-4.209,-4.3,5,Y,709,N
-5.686,-4.762,4,Y,709,P
-7.364,-4.887,2,Y,709,Q
-2.996,-3.278,3,Y,709,R
-3.056,-3.346,2,Y,709,S
-5.983,-4.801,2,Y,709,T
-2.544,-2.716,3,Y,709,V
0.5487,0.2287,8,Y,709,W
0,0,,Y,709,Y
0.6398,0.2574,1,V,71,A
-1.081,-0.836,2,V,71,F
-0.969,-0.722,1,V,71,I
0,0,,V,71,V
-1.031,-0.7849,4,K,710,-
-3.564,-3.85,4,K,710,A
-7.694,-4.895,2,K,710,C
-4.653,-4.504,3,K,710,D
-7.812,-4.897,6,K,710,E
-6.077,-4.811,4,K,710,F
-10.57,-4.915,2,K,710,G
-11.21,-4.915,5,K,710,H
-4.626,-4.494,3,K,710,I
0,0,,K,710,K
-6.857,-4.867,2,K,710,L
-3.688,-3.953,4,K,710,M
-4.15,-4.267,16,K,710,N
-6.902,-4.87,2,K,710,P
-8.256,-4.904,1,K,710,Q
-2.472,-2.621,2,K,710,R
-3.208,-3.511,4,K,710,S
-3.117,-3.414,2,K,710,T
-7.677,-4.895,4,K,710,V
-7.871,-4.898,3,K,710,W
-7.779,-4.897,4,K,710,Y
-2.859,-3.116,2,K,711,*
-2.702,-2.921,2,K,711,-
1.728,0.4659,5,K,711,A
-6.887,-4.869,1,K,711,C
-1.031,-0.7842,2,K,711,D
0.1501,0.07321,10,K,711,E
-3.985,-4.166,5,K,711,F
-0.01496,-0.007787,5,K,711,G
-0.08436,-0.04513,3,K,711,H
0,0,,K,711,K
-2.425,-2.557,1,K,711,L
-1.899,-1.84,4,K,711,M
-1.396,-1.191,2,K,711,N
-3.51,-3.803,2,K,711,P
1.101,0.3716,3,K,711,Q
0.4163,0.1828,2,K,711,R
-0.2901,-0.1682,3,K,711,S
-1.283,-1.059,3,K,711,T
-1.25,-1.021,4,K,711,V
-1.694,-1.566,2,K,711,W
-2.151,-2.185,2,K,711,Y
-3.775,-4.02,1,C,712,*
-1.656,-1.516,2,C,712,-
-5.95,-4.797,4,C,712,A
0,0,,C,712,C
-7.064,-4.876,2,C,712,D
-3.705,-3.966,3,C,712,E
-7.736,-4.896,10,C,712,F
-5.326,-4.698,3,C,712,G
-4.989,-4.615,5,C,712,H
-8.365,-4.905,9,C,712,I
-3.953,-4.145,3,C,712,K
-4.306,-4.351,2,C,712,L
-6.892,-4.869,2,C,712,M
-7.276,-4.884,2,C,712,N
-9.404,-4.912,1,C,712,P
-3.572,-3.857,2,C,712,Q
-4.02,-4.189,6,C,712,R
-3.851,-4.075,3,C,712,S
-6.208,-4.824,1,C,712,T
-5.545,-4.74,1,C,712,V
-7.731,-4.896,1,C,712,W
-8.432,-4.906,13,C,712,Y
-5.408,-4.715,2,T,713,-
0.3041,0.1396,3,T,713,A
-0.9046,-0.6591,2,T,713,C
-1.396,-1.192,1,T,713,D
-3.89,-4.102,3,T,713,E
0.8708,0.3205,5,T,713,F
4.427,0.5707,3,T,713,G
0.1383,0.06775,4,T,713,H
-1.007,-0.7604,3,T,713,I
0.7563,0.2909,1,T,713,K
0.3425,0.1548,3,T,713,L
-1.026,-0.7798,5,T,713,M
-3.621,-3.898,4,T,713,N
-2.797,-3.041,3,T,713,P
2.569,0.5294,3,T,713,Q
-0.2269,-0.1284,2,T,713,R
0.8123,0.3057,1,T,713,S
0,0,,T,713,T
-0.03178,-0.01665,5,T,713,V
0.7601,0.2919,3,T,713,W
-1.485,-1.3,1,T,713,Y
0.3688,0.165,1,K,714,-
-3.527,-3.818,1,K,714,A
-0.4799,-0.2994,1,K,714,C
-1.317,-1.098,8,K,714,D
-0.8267,-0.5861,6,K,714,E
-2.784,-3.024,3,K,714,F
-1.332,-1.116,1,K,714,G
-0.5589,-0.3592,8,K,714,H
-1.225,-0.9926,5,K,714,I
0,0,,K,714,K
-5.319,-4.697,1,K,714,L
0.7072,0.2772,3,K,714,N
-1.994,-1.969,1,K,714,P
-0.4798,-0.2993,6,K,714,Q
0.05979,0.03022,1,K,714,R
-0.8431,-0.6012,3,K,714,S
-0.2298,-0.1302,1,K,714,T
-1.787,-1.689,3,K,714,V
1.209,0.392,2,K,714,W
-2.182,-2.226,7,K,714,Y
-0.8279,-0.5872,1,G,715,-
-1.428,-1.23,2,G,715,A
-8.979,-4.91,11,G,715,C
-3.817,-4.051,6,G,715,D
-2.26,-2.333,1,G,715,E
-8.884,-4.91,3,G,715,F
0,0,,G,715,G
-3.82,-4.053,4,G,715,I
-2.733,-2.961,2,G,715,K
-2.627,-2.825,3,G,715,L
-2.182,-2.227,2,G,715,M
-2.614,-2.808,4,G,715,N
-3.941,-4.137,2,G,715,P
-1.909,-1.852,4,G,715,Q
-3.32,-3.625,4,G,715,R
-0.7695,-0.5344,7,G,715,S
-1.954,-1.914,2,G,715,T
-4.218,-4.305,9,G,715,V
-3.658,-3.928,4,G,715,W
-4.775,-4.548,9,G,715,Y
0.6903,0.2723,1,L,716,-
-0.6281,-0.4143,1,L,716,A
-2.306,-2.396,4,L,716,C
-1.972,-1.939,4,L,716,D
-1.617,-1.467,3,L,716,E
1.896,0.483,4,L,716,F
-0.6034,-0.3943,3,L,716,G
-0.5825,-0.3777,11,L,716,I
-2.084,-2.093,2,L,716,K
0,0,,L,716,L
0.5531,0.2302,1,L,716,N
0.5014,0.2129,1,L,716,P
-0.3694,-0.2209,4,L,716,Q
-3.04,-3.327,1,L,716,R
-3.544,-3.832,5,L,716,S
-0.6386,-0.4228,1,L,716,T
0.5811,0.2392,3,L,716,V
4.475,0.5711,3,L,716,W
-0.2918,-0.1693,1,S,717,-
3.211,0.5525,2,S,717,A
-5.155,-4.659,4,S,717,C
-1.225,-0.9928,5,S,717,F
-1.659,-1.521,4,S,717,G
-1.777,-1.676,3,S,717,H
-1.412,-1.211,10,S,717,I
-1.178,-0.9408,3,S,717,K
-1.613,-1.461,3,S,717,L
-3.468,-3.765,1,S,717,M
-1.763,-1.658,8,S,717,N
-2.665,-2.874,5,S,717,P
-2.922,-3.191,3,S,717,Q
-1.754,-1.645,4,S,717,R
0,0,,S,717,S
0.2063,0.09842,2,S,717,T
0.6293,0.2542,2,S,717,V
1.64,0.4558,5,S,717,W
-1.413,-1.212,2,S,717,Y
-1.717,-1.596,1,I,718,-
1.02,0.3549,2,I,718,A
-6.257,-4.828,3,I,718,C
-3.841,-4.068,4,I,718,D
-5.807,-4.779,4,I,718,E
-2.311,-2.403,4,I,718,F
-3.981,-4.164,1,I,718,G
-2.733,-2.96,3,I,718,H
0,0,,I,718,I
-3.35,-3.654,5,I,718,K
-0.6877,-0.4636,3,I,718,L
-1.29,-1.067,4,I,718,M
-3.799,-4.038,7,I,718,P
-5.355,-4.704,1,I,718,Q
-7.535,-4.891,3,I,718,R
-10.01,-4.914,2,I,718,S
-2.824,-3.074,2,I,718,T
-1.137,-0.8959,6,I,718,V
-6.929,-4.871,3,I,718,W
-3.124,-3.421,4,I,718,Y
1.177,0.3862,1,A,719,-
0,0,,A,719,A
-5.876,-4.788,5,A,719,C
-2.144,-2.175,9,A,719,D
-4.18,-4.284,3,A,719,E
0.9487,0.339,1,A,719,F
0.4479,0.1942,2,A,719,G
-1.834,-1.752,4,A,719,H
-3.167,-3.467,3,A,719,I
-1.889,-1.826,1,A,719,K
-5.174,-4.664,1,A,719,L
-2.306,-2.397,4,A,719,M
4.589,0.5719,2,A,719,P
-1.645,-1.502,3,A,719,Q
0.008402,0.004334,7,A,719,R
-0.861,-0.6179,5,A,719,S
-0.6884,-0.4642,9,A,719,T
-1.387,-1.181,9,A,719,V
-1.375,-1.166,5,A,719,W
-0.05023,-0.02652,4,A,719,Y
-4.33,-4.363,4,R,72,L
-1.725,-1.607,6,R,72,Q
0,0,,R,72,R
-7.29,-4.884,4,R,72,W
-0.9458,-0.6991,1,D,720,-
-4.635,-4.498,5,D,720,A
-6.336,-4.835,3,D,720,C
0,0,,D,720,D
-2.849,-3.104,1,D,720,E
-4.873,-4.581,8,D,720,F
-2.278,-2.358,1,D,720,G
-2.245,-2.313,2,D,720,H
-4.106,-4.241,5,D,720,I
-2.622,-2.819,3,D,720,K
-3.295,-3.6,3,D,720,L
-10.07,-4.914,2,D,720,M
-2.203,-2.255,17,D,720,N
-2.564,-2.743,8,D,720,P
-7.206,-4.882,3,D,720,Q
-1.75,-1.64,1,D,720,R
-1.576,-1.415,9,D,720,S
-3.482,-3.778,3,D,720,T
-3.865,-4.086,3,D,720,V
-5.813,-4.78,1,D,720,W
-1.911,-1.856,7,D,720,Y
0.7067,0.277,1,L,721,-
-1.714,-1.593,3,L,721,A
-3.502,-3.796,5,L,721,C
-2.089,-2.099,3,L,721,D
-1.676,-1.543,1,L,721,E
-1.73,-1.613,3,L,721,F
-2.242,-2.309,6,L,721,G
-3.035,-3.322,4,L,721,H
-0.1422,-0.07783,6,L,721,I
-2.058,-2.056,3,L,721,K
0,0,,L,721,L
-3.285,-3.59,3,L,721,M
-5.904,-4.792,2,L,721,N
-2.683,-2.897,6,L,721,P
-4.192,-4.29,4,L,721,Q
-2.228,-2.29,3,L,721,R
-2.723,-2.948,6,L,721,S
-1.606,-1.452,2,L,721,T
-3.473,-3.77,3,L,721,V
-0.863,-0.6198,1,L,721,W
-2.334,-2.435,5,L,721,Y
0.3836,0.1706,1,A,722,-
0,0,,A,722,A
-6.984,-4.873,4,A,722,D
-5.504,-4.732,6,A,722,E
-0.7968,-0.5589,7,A,722,G
-2.669,-2.879,5,A,722,H
4.737,0.5728,2,A,722,I
-3.278,-3.583,1,A,722,K
-1.183,-0.9466,2,A,722,L
3.568,0.5603,4,A,722,M
0.1354,0.06644,1,A,722,N
-1.355,-1.143,1,A,722,P
-1.326,-1.109,1,A,722,Q
0.5469,0.2281,1,A,722,R
-0.9979,-0.751,5,A,722,S
1.434,0.4286,9,A,722,T
-0.06596,-0.03504,6,A,722,V
0.981,0.3463,3,A,722,W
-1.521,-1.344,3,A,722,Y
-8.355,-4.905,2,C,723,*
-0.6484,-0.4309,1,C,723,-
-7.441,-4.889,3,C,723,A
0,0,,C,723,C
-0.2972,-0.1728,1,C,723,D
-7.451,-4.889,1,C,723,E
-7.749,-4.896,7,C,723,F
-10.19,-4.914,6,C,723,G
-5.137,-4.655,7,C,723,I
-7.642,-4.894,3,C,723,K
-4.576,-4.474,1,C,723,L
-3.263,-3.568,7,C,723,M
-7.857,-4.898,6,C,723,N
-5.259,-4.683,4,C,723,P
-7.701,-4.895,3,C,723,Q
-7.003,-4.874,4,C,723,R
-9.123,-4.911,8,C,723,S
0.5576,0.2316,1,C,723,T
-8.37,-4.905,5,C,723,V
-7.903,-4.899,5,C,723,W
-5.23,-4.677,8,C,723,Y
-1.963,-1.927,1,A,724,-
0,0,,A,724,A
-1.819,-1.732,3,A,724,C
-2.192,-2.24,1,A,724,D
1.541,0.4434,3,A,724,E
-3.676,-3.943,3,A,724,F
-2.356,-2.465,4,A,724,G
-1.564,-1.399,2,A,724,H
-7.319,-4.885,1,A,724,I
-3.629,-3.905,3,A,724,K
-8.118,-4.902,1,A,724,L
-1.629,-1.482,3,A,724,M
-2.901,-3.167,3,A,724,N
-10.34,-4.915,7,A,724,P
-1.014,-0.7677,8,A,724,Q
-2.926,-3.196,1,A,724,R
0.0466,0.02368,7,A,724,S
-1.981,-1.951,6,A,724,T
-6.556,-4.851,5,A,724,V
-4.034,-4.197,4,A,724,W
-1.822,-1.736,1,A,724,Y
-5.369,-4.707,4,Q,725,*
-1.833,-1.751,1,Q,725,-
-0.6954,-0.4701,2,Q,725,A
-0.4824,-0.3012,2,Q,725,C
-6.964,-4.872,2,Q,725,D
-2.154,-2.188,1,Q,725,E
-1.59,-1.432,2,Q,725,F
-1.82,-1.734,7,Q,725,G
-2.28,-2.361,8,Q,725,H
-1.727,-1.61,4,Q,725,I
-2.877,-3.137,13,Q,725,K
-2.208,-2.263,2,Q,725,L
-1.585,-1.426,5,Q,725,M
3.616,0.5611,4,Q,725,N
-2.247,-2.316,4,Q,725,P
0,0,,Q,725,Q
-1.927,-1.877,4,Q,725,R
0.3563,0.1602,3,Q,725,S
-2.642,-2.844,2,Q,725,T
-2.665,-2.874,6,Q,725,V
-1.049,-0.8035,2,Q,725,W
-1.758,-1.651,7,Q,725,Y
0.01985,0.01019,2,Y,726,-
-4.725,-4.531,4,Y,726,A
-7.936,-4.899,5,Y,726,C
-4.783,-4.551,6,Y,726,D
-6.87,-4.868,1,Y,726,E
-0.7382,-0.5069,3,Y,726,F
-7.8,-4.897,4,Y,726,G
-3.254,-3.558,6,Y,726,H
-4.182,-4.285,4,Y,726,I
-4.312,-4.354,4,Y,726,K
-2.288,-2.372,4,Y,726,L
-2.419,-2.549,2,Y,726,M
-6.87,-4.868,3,Y,726,N
-2.528,-2.696,3,Y,726,Q
-2.378,-2.494,4,Y,726,R
-2.9,-3.166,4,Y,726,S
-3.756,-4.006,3,Y,726,V
-1.332,-1.116,4,Y,726,W
0,0,,Y,726,Y
-7.823,-4.897,2,Y,727,*
0.3483,0.1571,2,Y,727,-
-8.562,-4.907,1,Y,727,A
-5.004,-4.62,8,Y,727,C
-1.933,-1.886,1,Y,727,D
-3.355,-3.659,8,Y,727,E
4.005,0.5667,2,Y,727,F
-3.621,-3.898,6,Y,727,H
-5.002,-4.619,4,Y,727,I
-5.467,-4.726,3,Y,727,K
-5.677,-4.761,7,Y,727,L
-4.011,-4.183,6,Y,727,M
-4.266,-4.331,2,Y,727,N
-4.93,-4.598,5,Y,727,P
-3.312,-3.617,1,Y,727,Q
-4.481,-4.434,6,Y,727,R
-2.507,-2.668,3,Y,727,S
-6.926,-4.871,2,Y,727,T
0,0,,Y,727,Y
-1.575,-1.413,2,N,728,-
2.243,0.5107,2,N,728,A
-4.273,-4.334,3,N,728,C
-2.641,-2.843,2,N,728,D
-2.505,-2.664,2,N,728,E
-7.187,-4.881,1,N,728,F
-8.643,-4.908,3,N,728,G
-1.326,-1.108,2,N,728,H
-3.04,-3.328,8,N,728,I
-3.146,-3.445,3,N,728,K
-3.093,-3.387,2,N,728,L
-1.475,-1.287,5,N,728,M
0,0,,N,728,N
-8.57,-4.907,4,N,728,P
-1.088,-0.8438,3,N,728,Q
-9.578,-4.913,1,N,728,R
-0.5537,-0.3551,6,N,728,S
-0.7855,-0.5487,6,N,728,T
-1.794,-1.698,5,N,728,V
-3.754,-4.004,2,N,728,W
-8.612,-4.908,1,N,728,Y
-0.6914,-0.4668,2,G,729,-
-8.956,-4.91,4,G,729,A
-5.863,-4.787,16,G,729,C
-7.029,-4.875,16,G,729,D
-8.566,-4.907,5,G,729,E
-6.838,-4.866,3,G,729,F
0,0,,G,729,G
-7.258,-4.883,2,G,729,H
-4.913,-4.593,3,G,729,I
-5.601,-4.749,5,G,729,K
-5.395,-4.712,3,G,729,L
-6.901,-4.869,8,G,729,M
-8.541,-4.907,4,G,729,N
-6.35,-4.836,2,G,729,P
-7.394,-4.888,2,G,729,Q
-5.816,-4.78,4,G,729,R
-7.513,-4.891,13,G,729,S
-5.462,-4.725,3,G,729,T
-7.864,-4.898,9,G,729,V
-12.01,-4.916,1,G,729,W
-5.697,-4.764,1,G,729,Y
-0.952,-0.7052,5,S,73,N
-0.3297,-0.1942,1,S,73,R
0,0,,S,73,S
-2.166,-2.204,3,I,730,-
-6.812,-4.865,2,I,730,A
-7.278,-4.884,2,I,730,C
-5.093,-4.644,4,I,730,D
-7.899,-4.899,5,I,730,F
-2.175,-2.217,1,I,730,G
-1.218,-0.9856,1,I,730,H
0,0,,I,730,I
-6.903,-4.87,1,I,730,K
-4.93,-4.598,5,I,730,L
-6.173,-4.82,1,I,730,M
-8.242,-4.904,8,I,730,N
-7.095,-4.878,5,I,730,P
-6.418,-4.841,2,I,730,Q
-7.96,-4.9,4,I,730,R
-7.478,-4.89,3,I,730,S
-9.39,-4.912,4,I,730,T
-1.428,-1.231,7,I,730,V
-6.894,-4.869,2,I,730,W
-7.632,-4.894,4,I,730,Y
-4.199,-4.294,3,M,731,-
-3.317,-3.622,2,M,731,A
-5.306,-4.694,4,M,731,C
-6.87,-4.868,2,M,731,D
-6.862,-4.868,3,M,731,E
0.1363,0.06685,3,M,731,F
-8.637,-4.908,1,M,731,G
-3.217,-3.52,5,M,731,H
-0.3973,-0.2401,23,M,731,I
-3.729,-3.985,8,M,731,K
-1.774,-1.672,3,M,731,L
0,0,,M,731,M
-4.395,-4.395,5,M,731,N
-4.653,-4.504,4,M,731,P
-12.19,-4.916,2,M,731,Q
-2.023,-2.008,1,M,731,R
-3.949,-4.143,3,M,731,S
-9.451,-4.912,3,M,731,T
-1.872,-1.803,8,M,731,V
-3.408,-3.709,2,M,731,W
-2.062,-2.062,5,M,731,Y
-0.1097,-0.05927,2,V,732,-
-2.624,-2.821,6,V,732,A
-6.988,-4.873,3,V,732,C
-8.129,-4.902,4,V,732,D
-7.233,-4.883,5,V,732,E
-3.397,-3.699,7,V,732,F
-6.905,-4.87,1,V,732,H
-0.2209,-0.1247,1,V,732,I
1.44,0.4295,2,V,732,L
-2.586,-2.772,10,V,732,M
-4.257,-4.326,7,V,732,P
-4.936,-4.6,4,V,732,R
-3.816,-4.05,6,V,732,S
-1.726,-1.608,4,V,732,T
0,0,,V,732,V
-4.11,-4.243,2,V,732,Y
-0.2393,-0.136,2,L,733,-
-2.248,-2.317,2,L,733,A
-7.373,-4.887,3,L,733,C
-5.28,-4.688,7,L,733,D
-3.048,-3.337,2,L,733,F
-1.698,-1.571,2,L,733,G
-3.807,-4.044,2,L,733,H
-1.274,-1.049,1,L,733,I
-7.405,-4.888,6,L,733,K
0,0,,L,733,L
-0.214,-0.1205,12,L,733,M
-7.009,-4.874,3,L,733,N
-5.092,-4.643,3,L,733,P
-3.308,-3.613,1,L,733,Q
-6.941,-4.871,2,L,733,R
-7.115,-4.878,1,L,733,S
-2.704,-2.923,2,L,733,T
-2.442,-2.58,1,L,733,V
-1.592,-1.434,2,L,733,W
-2.674,-2.886,2,L,733,Y
0.3516,0.1584,1,P,734,-
-2.409,-2.536,2,P,734,A
-7.258,-4.883,8,P,734,C
-2.053,-2.05,6,P,734,D
-2.255,-2.327,3,P,734,E
-7.269,-4.884,3,P,734,F
-3.452,-3.751,2,P,734,G
-8.288,-4.904,7,P,734,H
-4.539,-4.459,5,P,734,I
-2.532,-2.701,2,P,734,K
-5.196,-4.669,7,P,734,L
-2.04,-2.031,2,P,734,M
-9.894,-4.914,3,P,734,N
0,0,,P,734,P
-7.288,-4.884,3,P,734,R
-3.072,-3.364,8,P,734,S
-4.139,-4.26,5,P,734,T
-2.287,-2.371,2,P,734,V
-4.082,-4.227,7,P,734,W
-2.389,-2.509,2,P,734,Y
-0.4788,-0.2985,1,G,735,-
1.852,0.4789,2,G,735,A
-0.9043,-0.6589,10,G,735,C
-0.5525,-0.3542,6,G,735,D
0.17,0.08225,1,G,735,E
-9.482,-4.913,2,G,735,F
0,0,,G,735,G
0.6909,0.2725,3,G,735,H
-2.573,-2.754,5,G,735,I
-1.595,-1.438,3,G,735,L
4.341,0.57,2,G,735,M
-1.193,-0.957,3,G,735,N
1.661,0.4583,5,G,735,P
3.89,0.5652,1,G,735,Q
-1.383,-1.176,1,G,735,R
3.587,0.5606,6,G,735,S
0.2769,0.1285,9,G,735,T
-0.1082,-0.05844,7,G,735,V
-4.151,-4.268,3,G,735,W
-1.847,-1.769,4,G,735,Y
-1.076,-0.8311,1,V,736,-
4.59,0.5719,1,V,736,A
-4.723,-4.53,4,V,736,D
-6.891,-4.869,1,V,736,E
-2.108,-2.125,10,V,736,F
-0.6456,-0.4285,1,V,736,G
-1.485,-1.3,2,V,736,H
-1.533,-1.36,8,V,736,I
-6.815,-4.865,2,V,736,K
-0.8265,-0.5859,3,V,736,L
-1.777,-1.675,3,V,736,M
-1.01,-0.7635,1,V,736,N
-0.006858,-0.003559,9,V,736,P
-3.387,-3.689,5,V,736,Q
-7.395,-4.888,2,V,736,R
-1.692,-1.564,2,V,736,S
-0.8891,-0.6444,3,V,736,T
0,0,,V,736,V
-1.262,-1.035,4,V,736,W
-2.315,-2.409,3,V,736,Y
-1.469,-1.281,1,A,737,-
0,0,,A,737,A
-2.165,-2.204,2,A,737,C
-2.609,-2.802,5,A,737,D
-5.846,-4.784,4,A,737,E
-0.9596,-0.7127,3,A,737,F
0.03283,0.01677,2,A,737,G
1.851,0.4787,2,A,737,H
-0.2273,-0.1286,3,A,737,I
-0.7624,-0.5282,1,A,737,K
3.584,0.5605,3,A,737,L
7.646,0.5781,3,A,737,M
5.367,0.5754,3,A,737,N
-2.534,-2.703,2,A,737,P
-5.433,-4.719,7,A,737,R
-3.269,-3.574,15,A,737,S
-1.134,-0.8929,8,A,737,T
-0.8562,-0.6134,17,A,737,V
-1.407,-1.205,3,A,737,W
-1.613,-1.462,5,A,737,Y
1.291,0.4062,1,D,738,-
-4.45,-4.42,1,D,738,A
-6.66,-4.857,3,D,738,C
0,0,,D,738,D
-3.648,-3.92,7,D,738,E
-5.523,-4.736,6,D,738,F
-1.914,-1.86,2,D,738,G
-2.313,-2.406,8,D,738,H
-6.642,-4.856,2,D,738,I
-3.457,-3.755,3,D,738,K
-2.289,-2.373,3,D,738,L
-7.037,-4.875,3,D,738,M
0.9943,0.3492,13,D,738,N
-3.262,-3.566,3,D,738,P
-1.925,-1.875,1,D,738,Q
-6.199,-4.823,2,D,738,R
-0.1621,-0.08942,1,D,738,S
0.7698,0.2945,2,D,738,T
-3.717,-3.975,5,D,738,V
-4.644,-4.501,2,D,738,W
-7.929,-4.899,14,D,738,Y
-0.7995,-0.5613,1,A,739,-
0,0,,A,739,A
-3.116,-3.412,5,A,739,C
-1.672,-1.537,8,A,739,D
-2.333,-2.433,3,A,739,E
-1.905,-1.848,3,A,739,F
-1.123,-0.8815,2,A,739,G
-3.234,-3.538,3,A,739,H
0.5459,0.2278,1,A,739,I
-0.8483,-0.606,1,A,739,K
-1.008,-0.7611,2,A,739,L
-0.5226,-0.3313,2,A,739,M
-1.637,-1.493,3,A,739,N
-0.8474,-0.6052,5,A,739,P
-1.624,-1.476,3,A,739,Q
-0.5197,-0.3291,1,A,739,R
2.341,0.5169,4,A,739,S
-1.226,-0.9936,8,A,739,T
-0.4236,-0.2586,4,A,739,V
-1.678,-1.546,1,A,739,W
-1.964,-1.927,3,A,739,Y
0,0,,F,74,F
0.3938,0.1745,1,F,74,I
2.446,0.523,2,F,74,L
-8.939,-4.91,10,E,740,*
0.3388,0.1534,1,E,740,-
-2.051,-2.047,4,E,740,A
-6.589,-4.853,4,E,740,C
-1.701,-1.576,6,E,740,D
0,0,,E,740,E
-3.571,-3.856,8,E,740,F
-0.5136,-0.3245,4,E,740,G
-2.033,-2.022,5,E,740,H
-7.415,-4.888,3,E,740,I
-1.955,-1.915,8,E,740,K
-5.232,-4.677,4,E,740,L
-2.548,-2.722,4,E,740,M
-0.4343,-0.2663,2,E,740,N
-2.347,-2.453,5,E,740,P
-0.2432,-0.1385,1,E,740,Q
-1.733,-1.618,7,E,740,R
-0.2168,-0.1222,8,E,740,S
-0.8554,-0.6126,5,E,740,T
-2.944,-3.217,5,E,740,V
-2.941,-3.214,5,E,740,W
-2.067,-2.069,5,E,740,Y
-1.636,-1.491,1,R,741,-
-5.42,-4.717,2,R,741,A
-7.374,-4.887,2,R,741,C
-6.812,-4.865,2,R,741,D
-4.506,-4.444,7,R,741,E
-5.299,-4.692,8,R,741,F
-8.493,-4.907,5,R,741,G
-2.655,-2.861,4,R,741,H
-1.714,-1.593,2,R,741,I
-0.1905,-0.1063,1,R,741,K
-1.986,-1.958,9,R,741,L
-2.267,-2.342,7,R,741,M
-7.443,-4.889,3,R,741,N
-6.871,-4.868,1,R,741,P
-4.707,-4.525,10,R,741,Q
0,0,,R,741,R
-5.155,-4.659,5,R,741,S
-8.325,-4.905,2,R,741,T
-2.72,-2.944,6,R,741,V
-4.525,-4.453,10,R,741,W
-7.966,-4.9,5,R,741,Y
-3.608,-3.887,4,M,742,A
-5.929,-4.795,2,M,742,C
-6.856,-4.867,3,M,742,D
-3.051,-3.34,2,M,742,E
-1.441,-1.245,4,M,742,F
-7.403,-4.888,3,M,742,G
-6.899,-4.869,1,M,742,H
-2.922,-3.191,22,M,742,I
-5.725,-4.768,10,M,742,K
1.803,0.4739,2,M,742,L
0,0,,M,742,M
-2.243,-2.311,2,M,742,N
-3.693,-3.957,3,M,742,P
-6.951,-4.872,3,M,742,Q
-5.749,-4.771,3,M,742,R
-6.171,-4.82,4,M,742,S
-4.419,-4.406,8,M,742,T
-5.561,-4.742,1,M,742,V
-1.524,-1.349,2,M,742,W
0,0,,A,743,A
-2.999,-3.281,4,A,743,C
-7.82,-4.897,8,A,743,D
-7.127,-4.879,2,A,743,E
-7.817,-4.897,4,A,743,F
-2.337,-2.439,4,A,743,G
-2.04,-2.032,2,A,743,H
-4.57,-4.471,3,A,743,I
-6.425,-4.841,3,A,743,K
-9.179,-4.911,2,A,743,L
-1.462,-1.271,2,A,743,M
-3.425,-3.726,2,A,743,N
-5.724,-4.768,4,A,743,P
-2.906,-3.173,4,A,743,Q
-0.2062,-0.1157,2,A,743,R
-1.736,-1.622,5,A,743,S
-1.33,-1.113,7,A,743,T
-5.23,-4.677,3,A,743,V
-7.658,-4.894,5,A,743,W
-6.697,-4.859,5,A,743,Y
-2.671,-2.882,1,M,744,-
-2.605,-2.796,4,M,744,A
-3.345,-3.649,8,M,744,C
-4.321,-4.358,2,M,744,D
-7.956,-4.9,3,M,744,E
-1.959,-1.921,3,M,744,F
-4.265,-4.33,7,M,744,G
-6.475,-4.845,2,M,744,H
-5.43,-4.719,25,M,744,I
-2.796,-3.039,2,M,744,K
-0.831,-0.5901,6,M,744,L
0,0,,M,744,M
-4.596,-4.482,5,M,744,N
-5.257,-4.683,2,M,744,P
-5.377,-4.709,6,M,744,Q
-2.503,-2.662,3,M,744,R
-3.369,-3.673,1,M,744,S
-3.075,-3.367,7,M,744,T
-6.708,-4.86,7,M,744,V
-4.311,-4.354,4,M,744,W
-3.86,-4.082,4,M,744,Y
-4.163,-4.274,4,Y,745,*
-0.6566,-0.4377,1,Y,745,-
-7.818,-4.897,2,Y,745,A
-5.987,-4.801,4,Y,745,C
-6.614,-4.854,5,Y,745,D
-0.9731,-0.7261,1,Y,745,E
-1.702,-1.577,6,Y,745,F
-7.788,-4.897,7,Y,745,G
-6.412,-4.84,6,Y,745,H
-4.602,-4.484,5,Y,745,I
-3.394,-3.696,2,Y,745,K
-7.3,-4.885,3,Y,745,L
-7.703,-4.895,3,Y,745,M
-5.305,-4.694,4,Y,745,N
-7.95,-4.9,5,Y,745,P
-8.376,-4.905,2,Y,745,Q
-7.438,-4.889,7,Y,745,R
-3.195,-3.497,1,Y,745,S
-5.695,-4.763,4,Y,745,T
-1.377,-1.168,1,Y,745,W
0,0,,Y,745,Y
-5.815,-4.78,7,T,746,A
1.457,0.4319,3,T,746,C
-7.695,-4.895,4,T,746,D
-4.246,-4.32,1,T,746,E
-6.608,-4.854,6,T,746,F
-5.696,-4.764,8,T,746,G
-7.409,-4.888,3,T,746,H
1.797,0.4733,5,T,746,I
-2.533,-2.701,3,T,746,K
-7.098,-4.878,5,T,746,L
-8.491,-4.907,6,T,746,M
-4.408,-4.401,4,T,746,N
-5.243,-4.68,4,T,746,P
-7.711,-4.895,4,T,746,R
-4.543,-4.461,1,T,746,S
0,0,,T,746,T
-0.4309,-0.2638,2,T,746,V
-2.761,-2.995,3,T,746,W
-0.8538,-0.6111,1,T,746,Y
-0.6255,-0.4121,3,G,747,A
-4.748,-4.539,8,G,747,C
-6.28,-4.83,13,G,747,D
-7.002,-4.874,1,G,747,E
-4.598,-4.483,5,G,747,F
0,0,,G,747,G
-2.695,-2.912,7,G,747,H
-1.062,-0.8167,2,G,747,I
-5.956,-4.798,4,G,747,K
4.646,0.5722,1,G,747,L
-1.431,-1.234,1,G,747,M
-5.045,-4.631,4,G,747,N
-6.505,-4.847,6,G,747,P
-2.267,-2.344,1,G,747,Q
-2.584,-2.769,5,G,747,R
-1.828,-1.744,6,G,747,S
-3.895,-4.106,8,G,747,V
-5.212,-4.673,4,G,747,W
-3.453,-3.752,6,G,747,Y
-2.857,-3.114,2,S,748,-
-6.136,-4.817,1,S,748,A
-6.369,-4.837,2,S,748,C
-4.599,-4.483,5,S,748,D
-6.893,-4.869,1,S,748,E
-4.545,-4.461,8,S,748,F
-7.288,-4.884,3,S,748,G
-7.856,-4.898,2,S,748,H
-8.177,-4.903,2,S,748,I
-7.704,-4.895,5,S,748,K
-7.197,-4.881,6,S,748,L
-3.885,-4.099,5,S,748,M
-4.401,-4.397,2,S,748,N
-0.566,-0.3647,2,S,748,P
-7.301,-4.885,2,S,748,Q
-3.537,-3.826,2,S,748,R
0,0,,S,748,S
5.345,0.5753,1,S,748,T
-7.539,-4.891,2,S,748,V
-7.385,-4.887,4,S,748,W
-8.857,-4.909,8,S,748,Y
-3.22,-3.523,2,L,749,-
-6.693,-4.859,4,L,749,A
-6.872,-4.868,1,L,749,C
-9.309,-4.912,1,L,749,D
-7.89,-4.899,3,L,749,F
-6.892,-4.869,2,L,749,G
-7.306,-4.885,3,L,749,H
-5.17,-4.663,4,L,749,I
0,0,,L,749,L
-3.211,-3.514,11,L,749,M
-6.885,-4.869,2,L,749,N
-4.523,-4.452,2,L,749,P
-5.196,-4.669,6,L,749,Q
-6.637,-4.856,6,L,749,R
-9.519,-4.913,8,L,749,S
-8.859,-4.909,3,L,749,T
-8.444,-4.906,6,L,749,V
-7.411,-4.888,3,L,749,W
-2.976,-3.255,3,L,749,Y
-6.938,-4.871,3,Q,75,*
-6.457,-4.844,2,Q,75,H
-6.288,-4.831,3,Q,75,K
-6.172,-4.82,1,Q,75,P
0,0,,Q,75,Q
-7.079,-4.877,2,Q,75,R
-3.246,-3.55,2,I,750,-
-5.217,-4.674,5,I,750,A
-5.905,-4.792,3,I,750,C
-11.31,-4.916,7,I,750,D
5.883,0.5766,2,I,750,E
-6.312,-4.833,2,I,750,F
6.986,0.5778,2,I,750,G
-6.9,-4.869,1,I,750,H
0,0,,I,750,I
-8.125,-4.902,3,I,750,K
1.041,0.3593,5,I,750,L
-2.005,-1.984,2,I,750,M
-2.891,-3.154,4,I,750,N
-6.383,-4.838,2,I,750,P
-4.634,-4.497,4,I,750,Q
-4.789,-4.553,2,I,750,R
-3.667,-3.936,4,I,750,S
-3.839,-4.067,3,I,750,T
-3.171,-3.472,5,I,750,V
-3.097,-3.391,4,I,750,W
-7.287,-4.884,7,G,751,*
-3.769,-4.015,2,G,751,-
0.5787,0.2384,7,G,751,A
-8.11,-4.902,1,G,751,C
-7.202,-4.882,4,G,751,D
-4.96,-4.607,7,G,751,E
-2.471,-2.619,2,G,751,F
0,0,,G,751,G
-2.629,-2.828,2,G,751,H
-7.769,-4.896,3,G,751,K
-2.941,-3.213,3,G,751,L
-1.934,-1.887,3,G,751,M
-2.966,-3.243,4,G,751,N
-8.844,-4.909,4,G,751,P
-2.581,-2.765,6,G,751,Q
-3.732,-3.987,11,G,751,R
-1.815,-1.727,4,G,751,S
-4.919,-4.595,2,G,751,T
-5.741,-4.77,7,G,751,V
-2.116,-2.136,2,G,751,W
-2.747,-2.978,7,G,751,Y
-11.75,-4.916,6,G,752,*
-5.138,-4.655,3,G,752,-
4.535,0.5715,1,G,752,A
-2.795,-3.038,3,G,752,C
-2.841,-3.094,3,G,752,D
-2.687,-2.901,61,G,752,E
-2.785,-3.026,7,G,752,F
0,0,,G,752,G
-2.166,-2.204,4,G,752,I
-2.118,-2.138,3,G,752,K
0.368,0.1647,1,G,752,L
-2.726,-2.951,8,G,752,M
-2.687,-2.902,4,G,752,N
-7.323,-4.885,2,G,752,P
-2.149,-2.182,2,G,752,Q
-5.568,-4.743,17,G,752,R
2.254,0.5114,6,G,752,S
-2.091,-2.102,4,G,752,T
-1.646,-1.503,11,G,752,V
-2.142,-2.171,4,G,752,W
-1.715,-1.593,5,G,752,Y
-0.2463,-0.1404,4,I,753,-
-7.794,-4.897,1,I,753,A
-3.519,-3.811,2,I,753,C
-5.582,-4.746,5,I,753,E
-1.978,-1.947,9,I,753,F
-0.7247,-0.4952,1,I,753,G
-6.875,-4.868,1,I,753,H
0,0,,I,753,I
-7.102,-4.878,2,I,753,K
3.185,0.5518,4,I,753,L
-0.03992,-0.02099,8,I,753,M
-9.641,-4.913,1,I,753,N
-6.085,-4.812,1,I,753,P
-3.373,-3.676,2,I,753,Q
-6.124,-4.816,4,I,753,R
-7.939,-4.9,6,I,753,S
-4.68,-4.514,5,I,753,T
1.804,0.474,5,I,753,V
-3.105,-3.4,2,I,753,W
-6.053,-4.808,3,I,753,Y
0.8047,0.3038,4,A,754,-
0,0,,A,754,A
4.132,0.5681,4,A,754,C
-4.102,-4.239,9,A,754,D
-0.8328,-0.5917,2,A,754,F
-3.645,-3.918,8,A,754,G
-2.923,-3.193,3,A,754,H
-1.609,-1.456,2,A,754,I
-4.656,-4.505,5,A,754,K
0.4194,0.1839,1,A,754,L
4.759,0.5729,2,A,754,M
-4.15,-4.267,2,A,754,N
-4.008,-4.181,4,A,754,P
-3.057,-3.347,3,A,754,Q
-2.404,-2.53,1,A,754,R
-1.852,-1.776,10,A,754,S
-1.744,-1.631,10,A,754,T
3.395,0.5568,4,A,754,V
-2.898,-3.163,5,A,754,W
-6.95,-4.872,1,A,754,Y
2.294,0.514,3,L,755,-
-1.372,-1.163,2,L,755,A
-6.329,-4.834,2,L,755,C
-2.837,-3.089,4,L,755,D
-1.914,-1.86,1,L,755,E
-1.368,-1.158,4,L,755,F
2.082,0.499,1,L,755,I
-8.261,-4.904,2,L,755,K
0,0,,L,755,L
0.0005855,0.0003029,13,L,755,M
-1.288,-1.064,1,L,755,N
-6.943,-4.871,3,L,755,P
-1.202,-0.9673,9,L,755,Q
-1.951,-1.911,2,L,755,S
-2.52,-2.684,3,L,755,T
4,0.5666,1,L,755,V
-2.226,-2.286,3,L,755,W
-2.242,-2.308,3,L,755,Y
-6.811,-4.865,6,G,756,*
-2.5,-2.658,4,G,756,-
-2.913,-3.181,4,G,756,A
-1.291,-1.068,3,G,756,C
-4.201,-4.295,1,G,756,D
-0.5341,-0.3401,11,G,756,E
-2.504,-2.664,5,G,756,F
0,0,,G,756,G
-1.76,-1.653,7,G,756,H
-1.812,-1.723,3,G,756,I
-3.305,-3.61,4,G,756,K
-6.881,-4.869,1,G,756,L
-1.151,-0.9109,6,G,756,M
-2.319,-2.414,3,G,756,N
-1.926,-1.876,3,G,756,P
-1.901,-1.842,3,G,756,Q
-1.697,-1.571,11,G,756,R
-1.489,-1.306,3,G,756,S
-1.512,-1.334,5,G,756,T
-5.112,-4.649,10,G,756,V
-1.433,-1.237,2,G,756,W
-1.9,-1.841,3,G,756,Y
-4.135,-4.258,4,G,757,-
-1.372,-1.163,5,G,757,A
-9.221,-4.912,9,G,757,C
-1.281,-1.056,6,G,757,D
-1.114,-0.8717,2,G,757,E
-2.589,-2.775,5,G,757,F
0,0,,G,757,G
-1.677,-1.544,5,G,757,H
-6.058,-4.809,2,G,757,K
-1.754,-1.645,1,G,757,L
-2.841,-3.094,1,G,757,M
-6.877,-4.868,4,G,757,N
-1.88,-1.813,1,G,757,Q
-1.785,-1.686,4,G,757,R
-2.102,-2.117,5,G,757,S
-2.367,-2.479,3,G,757,T
-1.946,-1.903,13,G,757,V
-2.187,-2.233,3,G,757,W
-1.62,-1.47,4,G,757,Y
0.6065,0.2472,3,L,758,-
-2.169,-2.209,4,L,758,A
-2.096,-2.108,5,L,758,C
-2.089,-2.099,2,L,758,D
-1.53,-1.356,4,L,758,E
0.1436,0.07023,5,L,758,F
-3.567,-3.853,5,L,758,G
-1.162,-0.9233,1,L,758,H
-0.8404,-0.5987,1,L,758,K
0,0,,L,758,L
-0.9222,-0.6761,13,L,758,M
-2.309,-2.4,1,L,758,N
-1.997,-1.972,10,L,758,P
-6.821,-4.866,2,L,758,Q
-3.655,-3.926,3,L,758,R
-2.277,-2.357,7,L,758,S
-1.943,-1.899,3,L,758,T
-0.4319,-0.2645,4,L,758,V
4.601,0.5719,4,L,758,W
-2.507,-2.667,6,L,758,Y
1.931,0.4863,3,T,759,-
-0.4373,-0.2684,7,T,759,A
-2.397,-2.52,2,T,759,C
-2.401,-2.526,4,T,759,D
-1.724,-1.605,2,T,759,E
-0.809,-0.5699,5,T,759,F
-1.875,-1.807,3,T,759,G
-10.19,-4.914,4,T,759,H
-2.73,-2.957,8,T,759,I
-2.312,-2.405,14,T,759,K
-1.277,-1.052,5,T,759,L
4.107,0.5678,1,T,759,M
-2.734,-2.962,2,T,759,N
-2.697,-2.915,1,T,759,P
-1.679,-1.547,4,T,759,Q
-2.582,-2.767,1,T,759,R
0.17,0.08225,1,T,759,S
0,0,,T,759,T
4.462,0.571,3,T,759,V
-2.095,-2.107,6,T,759,W
-9.182,-4.911,2,T,759,Y
-3.713,-3.972,2,P,76,H
-2.888,-3.151,5,P,76,L
0,0,,P,76,P
-5.014,-4.622,2,P,76,T
1.443,0.4299,4,S,760,-
1.353,0.4162,2,S,760,A
-3.218,-3.521,2,S,760,C
-5.181,-4.665,3,S,760,D
-2.309,-2.401,3,S,760,E
-0.9369,-0.6905,2,S,760,F
-2.315,-2.408,2,S,760,G
-1.896,-1.836,2,S,760,H
-3.901,-4.11,14,S,760,I
-2.058,-2.056,3,S,760,K
-3.642,-3.916,3,S,760,L
2.557,0.5288,1,S,760,M
-1.564,-1.399,6,S,760,N
-2.751,-2.983,3,S,760,P
-1.473,-1.285,1,S,760,Q
-3.367,-3.67,6,S,760,R
0,0,,S,760,S
-0.7536,-0.5204,3,S,760,T
-0.348,-0.2064,4,S,760,V
-2.33,-2.43,3,S,760,W
-3.063,-3.354,3,S,760,Y
0.5816,0.2394,4,A,761,-
0,0,,A,761,A
-2.458,-2.603,6,A,761,C
-2.997,-3.279,8,A,761,D
-2.627,-2.825,2,A,761,E
-0.8046,-0.566,5,A,761,F
-0.7358,-0.5049,4,A,761,G
-3.905,-4.113,5,A,761,H
-0.04945,-0.0261,9,A,761,I
-2.947,-3.221,1,A,761,K
0.289,0.1334,2,A,761,L
-3.729,-3.984,4,A,761,N
-1.224,-0.9921,3,A,761,P
-2.646,-2.85,3,A,761,Q
-6.442,-4.843,1,A,761,R
-1.218,-0.9855,11,A,761,S
-0.3024,-0.1762,14,A,761,T
0.1616,0.07847,9,A,761,V
-1.509,-1.329,3,A,761,W
-2.808,-3.054,8,A,761,Y
0.7194,0.2806,4,A,762,-
0,0,,A,762,A
3.515,0.5593,2,A,762,C
-2.728,-2.953,8,A,762,D
-2.857,-3.113,2,A,762,E
0.6471,0.2596,2,A,762,F
-0.3823,-0.2297,1,A,762,G
-5.463,-4.725,1,A,762,H
0.9475,0.3387,1,A,762,I
-3.991,-4.17,3,A,762,L
3.385,0.5566,2,A,762,M
-1.571,-1.408,2,A,762,N
-7.104,-4.878,2,A,762,P
-3.53,-3.821,7,A,762,Q
-2.71,-2.931,3,A,762,R
-1.174,-0.9361,12,A,762,S
-1.751,-1.641,10,A,762,T
-0.7311,-0.5007,1,A,762,V
-2.779,-3.018,3,A,762,W
-8.448,-4.906,1,A,762,Y
-5.814,-4.78,5,S,763,*
0.6903,0.2723,4,S,763,-
-0.6067,-0.3969,4,S,763,A
-2.159,-2.195,4,S,763,D
-3.715,-3.974,2,S,763,F
-0.3585,-0.2135,5,S,763,G
-2.593,-2.781,3,S,763,H
-1.997,-1.973,4,S,763,I
-2.247,-2.315,1,S,763,K
-2.741,-2.971,15,S,763,L
-1.742,-1.629,2,S,763,M
-1.241,-1.011,3,S,763,N
-2.289,-2.374,4,S,763,P
-1.757,-1.649,5,S,763,Q
-0.9303,-0.684,5,S,763,R
0,0,,S,763,S
0.3815,0.1698,2,S,763,T
-2.557,-2.734,1,S,763,V
-2.699,-2.917,4,S,763,W
-3.131,-3.428,3,S,763,Y
0.3665,0.1641,5,I,764,-
-1.01,-0.7628,3,I,764,A
0.1168,0.0577,2,I,764,C
-2.629,-2.828,3,I,764,D
-1.872,-1.803,5,I,764,E
-2.615,-2.809,4,I,764,F
-2.261,-2.335,3,I,764,G
-2.076,-2.081,3,I,764,H
0,0,,I,764,I
-2.877,-3.138,15,I,764,K
-1.331,-1.115,6,I,764,L
-1.745,-1.633,8,I,764,M
-1.933,-1.886,3,I,764,N
-2.034,-2.023,1,I,764,P
-1.957,-1.918,4,I,764,Q
-7.032,-4.875,1,I,764,R
2.657,0.5334,1,I,764,S
0.7823,0.2979,5,I,764,T
-0.3835,-0.2305,4,I,764,V
-1.74,-1.626,2,I,764,Y
-1.071,-0.8257,5,P,765,-
-1.111,-0.868,5,P,765,A
-2.791,-3.033,5,P,765,C
-8.522,-4.907,4,P,765,D
-1.805,-1.713,3,P,765,E
-5.955,-4.798,4,P,765,F
-5.442,-4.721,4,P,765,G
-2.298,-2.385,2,P,765,H
-4.226,-4.309,2,P,765,I
-2.291,-2.376,5,P,765,K
-4.667,-4.509,4,P,765,L
-3.494,-3.789,4,P,765,M
0,0,,P,765,P
-2.946,-3.219,13,P,765,Q
-2.377,-2.493,3,P,765,R
-1.444,-1.25,1,P,765,S
-4.665,-4.509,15,P,765,T
-6.765,-4.863,4,P,765,V
-5.42,-4.717,5,P,765,W
-6.322,-4.833,5,P,765,Y
1.038,0.3586,5,F,766,-
-0.8676,-0.6241,1,F,766,A
-2.758,-2.992,5,F,766,C
-1.479,-1.293,4,F,766,D
-7.878,-4.898,3,F,766,E
0,0,,F,766,F
-1.999,-1.976,3,F,766,G
0.1513,0.07376,5,F,766,H
-2.88,-3.141,3,F,766,I
-2.84,-3.093,4,F,766,K
-4.708,-4.525,5,F,766,L
-1.462,-1.272,3,F,766,M
-6.951,-4.872,1,F,766,N
-5.974,-4.8,8,F,766,P
-1.879,-1.813,2,F,766,Q
-3.485,-3.78,2,F,766,R
-1.268,-1.042,5,F,766,S
-7.989,-4.9,2,F,766,T
-1.499,-1.317,1,F,766,V
-1.093,-0.8496,6,F,766,W
-2.819,-3.067,4,F,766,Y
1.874,0.481,5,S,767,-
2.835,0.5407,2,S,767,A
-3.635,-3.91,6,S,767,C
-1.859,-1.786,2,S,767,D
-1.055,-0.8098,6,S,767,E
-3.154,-3.454,4,S,767,F
2.011,0.4932,5,S,767,G
-1.438,-1.242,1,S,767,H
-2.813,-3.06,9,S,767,I
-4.442,-4.417,1,S,767,K
-0.8316,-0.5906,1,S,767,L
-1.162,-0.9237,4,S,767,M
-1.996,-1.972,4,S,767,N
2.208,0.5083,7,S,767,P
-1.402,-1.198,4,S,767,Q
-2.203,-2.256,10,S,767,R
0,0,,S,767,S
-0.2353,-0.1336,8,S,767,T
1.248,0.3989,5,S,767,V
-6.991,-4.873,2,S,767,W
-2.284,-2.366,4,S,767,Y
2.192,0.5072,5,L,768,-
-2.799,-3.043,2,L,768,A
-1.484,-1.299,4,L,768,C
-3.116,-3.413,4,L,768,D
3.794,0.5639,3,L,768,E
-1.591,-1.434,2,L,768,F
-3.42,-3.721,5,L,768,G
-0.8565,-0.6136,4,L,768,H
2.149,0.5041,2,L,768,I
-2.668,-2.878,1,L,768,K
0,0,,L,768,L
-1.139,-0.8984,14,L,768,M
-2.966,-3.243,5,L,768,N
-4.299,-4.347,7,L,768,P
-2.01,-1.99,4,L,768,Q
-2.06,-2.059,3,L,768,R
-2.524,-2.69,2,L,768,S
-1.86,-1.786,5,L,768,T
-0.4631,-0.287,4,L,768,V
-1.562,-1.397,2,L,768,W
-2.65,-2.855,4,L,768,Y
-2.46,-2.604,4,A,769,-
0,0,,A,769,A
-3.234,-3.538,10,A,769,C
-1.996,-1.972,3,A,769,D
-3.329,-3.634,6,A,769,E
-3.623,-3.9,2,A,769,F
-0.5472,-0.3501,3,A,769,G
-1.643,-1.501,2,A,769,H
-1.438,-1.242,1,A,769,I
-2.693,-2.909,2,A,769,K
-1.994,-1.969,4,A,769,L
-1.481,-1.296,5,A,769,M
-1.589,-1.431,3,A,769,N
-2.767,-3.003,4,A,769,P
-0.652,-0.4339,1,A,769,Q
-2.653,-2.858,2,A,769,R
-0.4197,-0.2559,8,A,769,S
-1.569,-1.405,8,A,769,T
-2.104,-2.12,7,A,769,V
-2.356,-2.465,5,A,769,W
-11.9,-4.916,3,A,769,Y
0,0,,L,77,L
-1.024,-0.7775,12,L,77,M
-4.032,-4.196,1,L,77,P
0.6063,0.2471,1,L,77,R
-0.5275,-0.335,1,I,770,-
-2.04,-2.031,5,I,770,A
-7.039,-4.875,6,I,770,C
-6.871,-4.868,2,I,770,D
-1.748,-1.637,8,I,770,E
-2.34,-2.442,2,I,770,F
-0.4173,-0.2541,1,I,770,G
-1.892,-1.83,3,I,770,H
0,0,,I,770,I
-6.443,-4.843,1,I,770,K
-1.306,-1.086,2,I,770,L
-1.275,-1.05,5,I,770,M
-2.321,-2.417,8,I,770,N
-4.019,-4.188,6,I,770,P
-3.403,-3.705,2,I,770,Q
-0.9397,-0.6932,1,I,770,S
-3.618,-3.896,4,I,770,T
-0.6684,-0.4474,2,I,770,V
-4.522,-4.451,7,I,770,W
-3.238,-3.542,5,I,770,Y
-7.762,-4.896,3,Q,771,*
-0.6281,-0.4142,1,Q,771,-
1.506,0.4387,4,Q,771,A
-11.34,-4.916,4,Q,771,C
-2.356,-2.464,3,Q,771,D
-1.603,-1.448,1,Q,771,E
-0.9708,-0.7238,3,Q,771,G
-2.411,-2.539,2,Q,771,H
-0.3685,-0.2203,3,Q,771,I
-1.342,-1.127,13,Q,771,K
-0.223,-0.126,5,Q,771,L
-0.3276,-0.1927,2,Q,771,M
-0.329,-0.1937,4,Q,771,N
0,0,,Q,771,Q
-2.744,-2.974,8,Q,771,R
-0.9123,-0.6666,1,Q,771,T
-1.752,-1.643,2,Q,771,V
-4.413,-4.403,1,Q,771,W
-3.169,-3.47,1,Q,771,Y
-0.7078,-0.4807,1,S,772,-
3.073,0.5487,2,S,772,A
-1.744,-1.632,11,S,772,C
-5.613,-4.751,2,S,772,D
-1.124,-0.8819,4,S,772,E
-5.645,-4.756,7,S,772,F
2.061,0.4973,2,S,772,G
-2.041,-2.033,10,S,772,H
-2.502,-2.661,5,S,772,I
-0.4867,-0.3044,4,S,772,K
4.896,0.5736,1,S,772,M
1.504,0.4384,3,S,772,N
-3.954,-4.146,6,S,772,P
1.129,0.3771,6,S,772,Q
-3.361,-3.665,4,S,772,R
0,0,,S,772,S
1.916,0.4849,2,S,772,T
-2.777,-3.016,5,S,772,V
-2.6,-2.789,3,S,772,W
-7.489,-4.89,7,S,772,Y
-0.6368,-0.4214,1,R,773,-
-6.168,-4.82,3,R,773,A
-11.04,-4.915,13,R,773,C
0.135,0.06622,1,R,773,D
-1.601,-1.446,1,R,773,E
-6.004,-4.803,6,R,773,F
-6.645,-4.856,2,R,773,G
-5.171,-4.663,18,R,773,H
-7.043,-4.876,2,R,773,I
-2.041,-2.033,2,R,773,K
-4.652,-4.504,5,R,773,L
-7.872,-4.898,2,R,773,M
-4.224,-4.308,5,R,773,N
-2.522,-2.687,4,R,773,P
-3.541,-3.83,4,R,773,Q
0,0,,R,773,R
-3.349,-3.653,14,R,773,S
-3.609,-3.888,3,R,773,T
-6.348,-4.836,8,R,773,V
-7.22,-4.882,3,R,773,W
-6.555,-4.85,5,R,773,Y
0.3335,0.1513,1,L,774,-
-5.327,-4.698,2,L,774,A
-3.036,-3.323,5,L,774,C
-4.524,-4.452,4,L,774,D
-2.535,-2.704,3,L,774,E
1.503,0.4383,3,L,774,F
-2.992,-3.274,4,L,774,G
-0.3001,-0.1747,1,L,774,H
0.3767,0.168,2,L,774,I
-3.036,-3.323,1,L,774,K
0,0,,L,774,L
-0.4351,-0.2668,10,L,774,M
-2.204,-2.257,3,L,774,N
-2.243,-2.31,3,L,774,P
-1.717,-1.596,3,L,774,R
-0.4741,-0.2951,2,L,774,T
-1.223,-0.9902,1,L,774,V
-1.52,-1.343,7,L,774,W
3.106,0.5496,2,L,774,Y
-0.8511,-0.6087,1,N,775,-
-3.799,-4.038,2,N,775,C
-1.904,-1.846,7,N,775,D
-0.3625,-0.2162,3,N,775,E
-2.898,-3.163,5,N,775,F
-2.859,-3.116,7,N,775,G
-1.623,-1.474,3,N,775,H
-2.23,-2.293,6,N,775,I
-4.739,-4.536,2,N,775,K
0.811,0.3054,2,N,775,L
-2.685,-2.899,4,N,775,M
0,0,,N,775,N
-1.643,-1.5,4,N,775,P
-1.088,-0.8441,3,N,775,Q
-2.987,-3.267,4,N,775,R
-6.869,-4.868,1,N,775,S
-2.686,-2.9,5,N,775,T
-2.458,-2.601,4,N,775,V
-2.016,-1.998,3,N,775,W
-1.06,-0.814,2,Y,776,*
1.133,0.3778,2,Y,776,-
-0.9129,-0.6672,7,Y,776,A
-1.006,-0.7593,8,Y,776,C
-3.973,-4.158,3,Y,776,D
-2.512,-2.674,3,Y,776,E
-0.6285,-0.4145,5,Y,776,F
-1.996,-1.971,1,Y,776,G
-0.8234,-0.5831,4,Y,776,H
-1.48,-1.294,4,Y,776,I
-2.815,-3.062,1,Y,776,K
-2.059,-2.058,1,Y,776,L
-0.8642,-0.6209,9,Y,776,M
-0.7892,-0.552,1,Y,776,N
-0.5217,-0.3306,1,Y,776,P
-3.596,-3.877,2,Y,776,Q
-2.25,-2.32,3,Y,776,R
-1.437,-1.241,4,Y,776,S
-2.418,-2.548,5,Y,776,T
-0.5966,-0.3888,2,Y,776,V
-1.718,-1.597,1,Y,776,W
0,0,,Y,776,Y
-3.171,-3.472,1,V,777,-
0.754,0.2902,6,V,777,A
-0.2018,-0.1131,1,V,777,C
0.9381,0.3366,1,V,777,D
-1.769,-1.665,5,V,777,E
-1.712,-1.59,7,V,777,F
-0.9151,-0.6693,2,V,777,G
-1.26,-1.032,4,V,777,H
-0.2291,-0.1297,2,V,777,I
-2.139,-2.167,3,V,777,K
-2.528,-2.696,4,V,777,L
-2.376,-2.492,6,V,777,M
2.716,0.536,1,V,777,Q
-4.531,-4.455,4,V,777,R
-6.947,-4.872,2,V,777,S
-2.595,-2.783,6,V,777,T
0,0,,V,777,V
0.3188,0.1455,1,V,777,W
4.63,0.5721,4,V,777,Y
-1.083,-0.8385,1,A,778,-
0,0,,A,778,A
-0.5782,-0.3743,2,A,778,C
-1.591,-1.434,6,A,778,D
0.7704,0.2947,2,A,778,E
-0.6546,-0.4359,8,A,778,F
4.017,0.5668,2,A,778,G
-0.06106,-0.03237,1,A,778,H
2.74,0.537,4,A,778,I
-2.083,-2.09,3,A,778,K
1.181,0.3869,5,A,778,L
1.571,0.4472,4,A,778,M
-0.3246,-0.1907,2,A,778,N
-7.271,-4.884,2,A,778,P
0.2745,0.1274,2,A,778,Q
-2.433,-2.569,2,A,778,R
-1.019,-0.7722,3,A,778,S
0.379,0.1689,13,A,778,T
0.5409,0.2262,9,A,778,V
-2.34,-2.443,2,A,778,W
-3.216,-3.519,2,A,778,Y
0.2035,0.09716,1,L,779,-
2.563,0.529,3,L,779,A
-1.287,-1.064,1,L,779,C
-6.867,-4.868,2,L,779,D
-1.303,-1.082,2,L,779,E
-1.511,-1.332,5,L,779,F
-1.31,-1.09,2,L,779,G
-1.059,-0.8134,3,L,779,H
0.07504,0.0377,4,L,779,I
-1.17,-0.9322,3,L,779,K
0,0,,L,779,L
-0.04334,-0.02282,9,L,779,M
-3.385,-3.687,6,L,779,N
-2.703,-2.922,17,L,779,P
2.839,0.5409,4,L,779,Q
-1.51,-1.331,2,L,779,R
-0.6343,-0.4193,5,L,779,S
-1.777,-1.676,4,L,779,T
-6.304,-4.832,3,L,779,V
-2.581,-2.766,9,L,779,W
-3.556,-3.843,2,L,779,Y
0,0,,L,78,L
-0.4548,-0.281,2,L,78,M
-4.207,-4.299,11,Q,780,*
-2.484,-2.637,5,Q,780,-
-0.4851,-0.3032,2,Q,780,A
-1.73,-1.613,4,Q,780,C
0.2494,0.1169,4,Q,780,E
2.847,0.5412,2,Q,780,F
0.7036,0.2762,2,Q,780,G
4.522,0.5714,15,Q,780,H
-0.03039,-0.01592,5,Q,780,I
-1.995,-1.97,3,Q,780,K
-0.2032,-0.1139,3,Q,780,L
3.571,0.5603,2,Q,780,M
-2.296,-2.382,5,Q,780,P
0,0,,Q,780,Q
-2.916,-3.184,4,Q,780,R
-0.01736,-0.009046,4,Q,780,S
-1.24,-1.01,3,Q,780,T
-3.733,-3.988,1,Q,780,V
-3.524,-3.815,2,Q,780,W
-0.5363,-0.3417,3,T,781,-
0.09847,0.04902,2,T,781,A
-0.5178,-0.3277,4,T,781,C
-2.069,-2.071,1,T,781,D
-0.4536,-0.2801,5,T,781,E
-1.543,-1.373,6,T,781,F
0.7867,0.299,3,T,781,G
-0.9393,-0.6928,3,T,781,H
-1.202,-0.9669,6,T,781,I
-3.897,-4.107,1,T,781,K
-1.863,-1.791,6,T,781,L
-0.3657,-0.2183,6,T,781,M
0.6999,0.2751,2,T,781,N
-2.376,-2.491,3,T,781,P
-0.9788,-0.7318,5,T,781,Q
-1.26,-1.032,5,T,781,R
-0.1776,-0.09859,1,T,781,S
0,0,,T,781,T
-0.1676,-0.09268,4,T,781,V
-1.609,-1.457,2,T,781,W
-1.484,-1.299,3,T,781,Y
-0.8505,-0.6081,3,D,782,-
-0.9366,-0.6901,2,D,782,A
-1.962,-1.925,2,D,782,C
0,0,,D,782,D
-0.844,-0.6021,7,D,782,E
-1.651,-1.51,1,D,782,F
3.952,0.566,6,D,782,G
3.995,0.5666,2,D,782,H
-0.1929,-0.1077,5,D,782,I
-2.828,-3.079,3,D,782,K
-1.982,-1.953,3,D,782,M
0.8193,0.3075,11,D,782,N
-1.248,-1.019,1,D,782,P
4.452,0.5709,3,D,782,Q
-1.491,-1.308,5,D,782,R
-0.8025,-0.5641,4,D,782,S
-0.07983,-0.04264,2,D,782,T
-1.089,-0.8454,2,D,782,V
-1.837,-1.756,3,D,782,W
-0.8358,-0.5945,17,D,782,Y
-1.677,-1.543,3,V,783,-
0.6568,0.2625,4,V,783,A
4.997,0.5741,4,V,783,C
-2.915,-3.183,7,V,783,D
-2.785,-3.025,1,V,783,E
1.595,0.4503,3,V,783,F
-1.184,-0.9477,3,V,783,G
1.426,0.4274,3,V,783,H
-0.5644,-0.3634,3,V,783,I
-0.02734,-0.0143,4,V,783,L
3.287,0.5544,10,V,783,M
-1.627,-1.479,5,V,783,N
-2.362,-2.473,3,V,783,P
-8.336,-4.905,1,V,783,Q
-1.64,-1.497,2,V,783,R
-1.439,-1.243,2,V,783,S
0.195,0.09343,6,V,783,T
0,0,,V,783,V
-0.1371,-0.07491,3,V,783,W
3.28,0.5542,2,V,783,Y
-1.333,-1.116,3,L,784,-
-3.112,-3.408,1,L,784,A
0.1558,0.07583,3,L,784,C
-1.862,-1.789,3,L,784,D
-3.054,-3.343,1,L,784,E
-1.218,-0.9852,1,L,784,F
-0.9621,-0.7152,2,L,784,G
-2.675,-2.887,2,L,784,H
0.5176,0.2184,2,L,784,I
0,0,,L,784,L
8.63,0.5783,3,L,784,M
-1.934,-1.887,7,L,784,N
-3.021,-3.307,4,L,784,P
-1.329,-1.112,2,L,784,Q
-2.651,-2.856,4,L,784,R
-0.1733,-0.096,1,L,784,S
5.06,0.5743,3,L,784,T
2.19,0.507,4,L,784,V
-1.016,-0.7693,4,L,784,W
-2.464,-2.61,5,L,784,Y
-11.04,-4.915,3,Q,785,*
0.7055,0.2767,4,Q,785,-
-0.1225,-0.06653,6,Q,785,A
-0.7787,-0.5427,2,Q,785,C
-1.874,-1.805,7,Q,785,D
-0.8266,-0.586,3,Q,785,E
4.057,0.5673,2,Q,785,F
-0.6497,-0.4319,1,Q,785,G
0.1128,0.05584,2,Q,785,H
0.1116,0.05525,7,Q,785,I
-0.07717,-0.04117,8,Q,785,K
0.7934,0.3008,7,Q,785,L
-0.6854,-0.4617,4,Q,785,M
4.044,0.5671,6,Q,785,N
-2.928,-3.198,4,Q,785,P
0,0,,Q,785,Q
-0.2153,-0.1213,5,Q,785,R
-0.9314,-0.6851,1,Q,785,S
-1.981,-1.951,1,Q,785,T
-0.02158,-0.01126,6,Q,785,V
-1.813,-1.723,3,Q,785,W
-0.761,-0.527,1,Q,785,Y
-2.726,-2.951,10,E,786,*
-2.66,-2.868,3,E,786,-
1.302,0.4081,3,E,786,A
-1.153,-0.9132,3,E,786,C
0.09102,0.04544,23,E,786,D
0,0,,E,786,E
3.396,0.5568,4,E,786,F
3.805,0.5641,3,E,786,G
-0.8959,-0.6508,2,E,786,H
1.081,0.3676,6,E,786,I
-0.731,-0.5007,9,E,786,K
3.512,0.5592,3,E,786,L
2.756,0.5376,1,E,786,M
2.457,0.5236,2,E,786,N
-7.126,-4.879,3,E,786,P
2.951,0.5448,4,E,786,Q
-0.8756,-0.6316,5,E,786,R
1.992,0.4916,1,E,786,S
1.077,0.3667,1,E,786,T
0.09486,0.04729,1,E,786,V
-0.8615,-0.6184,4,E,786,W
-1.472,-1.283,4,E,786,Y
-0.2007,-0.1124,4,N,787,-
-2.162,-2.199,1,N,787,A
-6.296,-4.831,3,N,787,C
-0.9792,-0.7322,4,N,787,D
-4.316,-4.356,1,N,787,E
-1.206,-0.9718,8,N,787,F
-1.15,-0.9101,3,N,787,G
0.4652,0.2004,5,N,787,H
-1.297,-1.075,3,N,787,I
-2.113,-2.132,8,N,787,K
-1.269,-1.043,2,N,787,M
0,0,,N,787,N
-4.884,-4.584,4,N,787,P
-1.635,-1.49,7,N,787,Q
-2.182,-2.227,12,N,787,R
-1.488,-1.304,2,N,787,S
-1.083,-0.8387,2,N,787,T
-6.876,-4.868,2,N,787,V
-1.499,-1.318,3,N,787,W
-1.414,-1.213,7,N,787,Y
-5.988,-4.801,2,Q,788,*
0.3388,0.1534,1,Q,788,-
1.347,0.4153,2,Q,788,A
-1.817,-1.73,4,Q,788,C
-3.752,-4.002,1,Q,788,D
-0.9295,-0.6832,3,Q,788,E
-1.118,-0.8761,5,Q,788,F
-0.9129,-0.6672,2,Q,788,G
-1.264,-1.037,10,Q,788,H
-1.24,-1.01,5,Q,788,I
-1.853,-1.777,10,Q,788,K
-4.297,-4.347,2,Q,788,L
-1.287,-1.063,8,Q,788,M
0.3699,0.1654,5,Q,788,N
-2.233,-2.296,5,Q,788,P
0,0,,Q,788,Q
-0.809,-0.5699,5,Q,788,R
-0.9233,-0.6772,2,Q,788,S
-0.2531,-0.1447,3,Q,788,T
-1.391,-1.186,4,Q,788,V
-2.082,-2.089,3,Q,788,W
-1.895,-1.834,4,Q,788,Y
0.8474,0.3147,1,K,789,-
-3.318,-3.622,2,K,789,C
-0.5207,-0.3299,4,K,789,D
-0.2343,-0.1329,2,K,789,E
-1.216,-0.9832,5,K,789,F
-2.134,-2.16,5,K,789,G
0.2025,0.09673,9,K,789,H
0,0,,K,789,K
-1.77,-1.667,4,K,789,L
-1.204,-0.9689,4,K,789,M
-0.503,-0.3165,13,K,789,N
-2.572,-2.753,2,K,789,P
4.168,0.5684,2,K,789,Q
3.263,0.5538,1,K,789,R
-0.6344,-0.4194,3,K,789,S
-2.483,-2.635,4,K,789,T
-1.261,-1.033,2,K,789,V
-2.309,-2.401,1,K,789,W
-0.5075,-0.3199,4,K,789,Y
0,0,,L,79,L
-0.4005,-0.2423,3,L,79,M
-5.767,-4.774,1,L,79,P
-0.01024,-0.005319,2,I,790,A
-0.1856,-0.1033,2,I,790,C
-0.7926,-0.5551,2,I,790,D
-0.8873,-0.6427,3,I,790,E
0.3016,0.1386,3,I,790,F
-3.197,-3.5,2,I,790,G
-0.5798,-0.3755,1,I,790,H
0,0,,I,790,I
-1.19,-0.9537,2,I,790,K
0.6624,0.2642,7,I,790,L
-0.1102,-0.05958,3,I,790,M
-1.682,-1.55,6,I,790,N
-2.354,-2.462,5,I,790,P
2.804,0.5396,7,I,790,Q
-1.366,-1.156,4,I,790,R
-0.5368,-0.3421,6,I,790,S
3.598,0.5608,2,I,790,T
-0.3429,-0.203,6,I,790,V
-0.8355,-0.5942,7,I,790,W
2.214,0.5087,1,I,790,Y
-3.084,-3.377,5,L,791,A
-6.212,-4.824,4,L,791,C
2.473,0.5245,2,L,791,D
-6.426,-4.842,2,L,791,E
-0.717,-0.4886,1,L,791,F
-1.279,-1.054,7,L,791,G
-2.469,-2.617,5,L,791,H
0.1735,0.08383,5,L,791,I
-4.171,-4.279,6,L,791,K
0,0,,L,791,L
-1.032,-0.7859,8,L,791,M
-1.297,-1.075,4,L,791,N
-4.528,-4.454,11,L,791,P
-4.733,-4.534,3,L,791,Q
-4.619,-4.491,3,L,791,R
-2.907,-3.174,4,L,791,S
-8.665,-4.908,6,L,791,T
-0.6498,-0.432,1,L,791,V
-1.622,-1.473,6,L,791,W
-1.725,-1.607,3,L,791,Y
0,0,,A,792,A
-1.731,-1.615,1,A,792,C
-7.056,-4.876,12,A,792,D
-5.455,-4.723,4,A,792,E
-7.3,-4.885,4,A,792,F
-3.278,-3.583,1,A,792,G
-24.91,-4.916,3,A,792,H
-1.268,-1.041,4,A,792,I
-2.941,-3.213,8,A,792,K
-3.353,-3.657,2,A,792,L
-3.286,-3.591,4,A,792,M
-7.328,-4.886,5,A,792,N
-2.904,-3.17,3,A,792,P
-4.909,-4.592,2,A,792,Q
-6.706,-4.86,2,A,792,R
-1.963,-1.927,4,A,792,S
-1.641,-1.498,10,A,792,T
-0.2145,-0.1208,4,A,792,V
-7.329,-4.886,2,A,792,W
-7.969,-4.9,5,A,792,Y
0,0,,A,793,A
-0.8757,-0.6317,3,A,793,C
-0.4922,-0.3084,6,A,793,D
2.232,0.5099,3,A,793,E
-2.352,-2.459,10,A,793,F
0.4189,0.1837,7,A,793,G
0.2269,0.1074,3,A,793,H
-1.09,-0.8454,3,A,793,I
-0.6365,-0.4211,3,A,793,K
-3.899,-4.109,3,A,793,L
-0.5501,-0.3524,3,A,793,M
0.6087,0.2479,5,A,793,N
-2.782,-3.021,6,A,793,P
2.414,0.5212,1,A,793,Q
-1.646,-1.504,3,A,793,R
-0.4821,-0.301,16,A,793,S
0.8126,0.3058,6,A,793,T
0.173,0.08362,11,A,793,V
-0.2167,-0.1221,3,A,793,W
0.2492,0.1169,2,A,793,Y
3.758,0.5634,2,S,794,A
-3.73,-3.985,7,S,794,C
0.01376,0.007081,6,S,794,E
1.095,0.3703,1,S,794,F
-0.2749,-0.1585,6,S,794,G
-1.138,-0.8967,10,S,794,H
-7.296,-4.885,8,S,794,I
-3.083,-3.376,7,S,794,K
-5.278,-4.688,6,S,794,L
-1.76,-1.653,6,S,794,M
-1.927,-1.878,6,S,794,N
-5.447,-4.722,2,S,794,P
5.172,0.5748,3,S,794,Q
-6.262,-4.828,4,S,794,R
0,0,,S,794,S
1.4,0.4236,3,S,794,T
-3.82,-4.053,4,S,794,V
-7.785,-4.897,5,S,794,W
-4.233,-4.313,5,S,794,Y
-3.216,-3.52,1,F,795,-
-5.895,-4.79,5,F,795,A
-5.651,-4.757,3,F,795,C
-2.944,-3.217,4,F,795,D
-9.685,-4.913,2,F,795,E
0,0,,F,795,F
-5.674,-4.76,4,F,795,G
-6.898,-4.869,2,F,795,H
-7.397,-4.888,3,F,795,I
-5.271,-4.686,3,F,795,K
-4.898,-4.589,10,F,795,L
-6.934,-4.871,3,F,795,M
-6.839,-4.867,4,F,795,N
-2.299,-2.387,1,F,795,P
-5.344,-4.702,5,F,795,Q
-5.296,-4.692,4,F,795,R
-3.511,-3.803,6,F,795,S
-6.406,-4.84,3,F,795,T
-7.78,-4.897,3,F,795,V
0.5765,0.2377,3,F,795,W
-0.7725,-0.5372,1,F,795,Y
-2.319,-2.414,1,N,796,-
-6.889,-4.869,1,N,796,A
-6.967,-4.872,3,N,796,C
-6.876,-4.868,1,N,796,D
-13.19,-4.916,8,N,796,E
-1.134,-0.8932,1,N,796,F
-6.985,-4.873,2,N,796,G
-4.006,-4.18,1,N,796,H
-4.678,-4.514,6,N,796,I
-0.6921,-0.4673,1,N,796,K
-4.508,-4.445,2,N,796,L
-1.511,-1.332,1,N,796,M
0,0,,N,796,N
-4.723,-4.53,3,N,796,P
-7.522,-4.891,1,N,796,Q
-8.547,-4.907,11,N,796,R
-4.149,-4.266,4,N,796,S
-8.098,-4.902,7,N,796,T
-4.945,-4.603,2,N,796,V
-7.679,-4.895,3,N,796,W
-6.381,-4.838,7,N,796,Y
-1.496,-1.314,1,K,797,-
1.403,0.4239,2,K,797,A
-1.167,-0.9282,1,K,797,C
-2.913,-3.18,2,K,797,D
-0.4864,-0.3041,4,K,797,E
-2.746,-2.977,6,K,797,F
1.323,0.4115,2,K,797,G
-0.3783,-0.227,3,K,797,H
-0.1586,-0.08737,6,K,797,I
0,0,,K,797,K
-0.7333,-0.5027,2,K,797,L
-1.044,-0.7977,6,K,797,N
-7.701,-4.895,3,K,797,P
-1.205,-0.9703,1,K,797,Q
1.689,0.4616,5,K,797,R
-1.064,-0.8182,4,K,797,S
-0.2661,-0.1529,3,K,797,T
-1.7,-1.574,3,K,797,V
-2.16,-2.196,9,K,797,W
-0.9155,-0.6697,4,K,797,Y
0,0,,A,798,A
-0.6337,-0.4188,3,A,798,C
-7.403,-4.888,5,A,798,D
-2.894,-3.158,7,A,798,E
-3.415,-3.716,5,A,798,F
-3.33,-3.634,2,A,798,G
-1.057,-0.8117,3,A,798,H
-2.291,-2.375,3,A,798,I
-5.104,-4.647,3,A,798,K
-2.877,-3.138,4,A,798,L
-0.8878,-0.6431,5,A,798,M
-6.878,-4.868,4,A,798,N
-7.798,-4.897,8,A,798,P
-0.8437,-0.6018,2,A,798,Q
-3.713,-3.972,3,A,798,R
-4.486,-4.436,7,A,798,S
-4.655,-4.505,5,A,798,T
-2.676,-2.888,6,A,798,V
-1.944,-1.9,9,A,798,W
-3.705,-3.966,4,A,798,Y
-6.143,-4.818,5,M,799,A
-3.607,-3.886,3,M,799,C
-2.178,-2.221,1,M,799,D
-9.524,-4.913,7,M,799,E
-3.752,-4.002,5,M,799,F
-7.419,-4.888,3,M,799,G
-8.078,-4.902,4,M,799,H
-0.457,-0.2826,31,M,799,I
-7.375,-4.887,2,M,799,K
-1.419,-1.219,4,M,799,L
0,0,,M,799,M
-3.861,-4.083,5,M,799,N
-8.642,-4.908,2,M,799,P
-3.902,-4.111,4,M,799,Q
-6.198,-4.823,2,M,799,R
-6.855,-4.867,5,M,799,S
-4.531,-4.455,5,M,799,T
-2.364,-2.476,4,M,799,V
-8.469,-4.906,6,M,799,W
-3.363,-3.667,3,M,799,Y
-7.193,-4.881,2,Y,8,*
-3.584,-3.867,3,Y,8,C
0,0,,Y,8,Y
-1.074,-0.8295,1,N,80,D
1.569,0.447,1,N,80,K
0,0,,N,80,N
-0.245,-0.1396,1,N,80,S
0.5343,0.224,7,T,800,A
-1.336,-1.121,5,T,800,C
1.121,0.3754,4,T,800,D
1.145,0.3801,3,T,800,E
-2.227,-2.289,4,T,800,F
-1.196,-0.9606,3,T,800,G
3.096,0.5493,1,T,800,H
1.963,0.4891,6,T,800,I
0.1561,0.07598,2,T,800,K
3.806,0.5641,5,T,800,L
-1.702,-1.577,2,T,800,M
1.173,0.3855,2,T,800,N
0.5508,0.2294,9,T,800,Q
2.041,0.4957,1,T,800,R
1.272,0.4031,4,T,800,S
0,0,,T,800,T
0.7313,0.2839,10,T,800,V
-2.233,-2.297,6,T,800,W
-1.672,-1.538,6,T,800,Y
0.5845,0.2403,4,N,801,A
-0.635,-0.4199,8,N,801,C
-0.0219,-0.01143,4,N,801,D
-0.8289,-0.5881,4,N,801,E
-0.5394,-0.3442,3,N,801,F
1.339,0.4141,2,N,801,G
-1.069,-0.8238,2,N,801,H
-0.9507,-0.704,5,N,801,I
-0.3105,-0.1815,11,N,801,K
-0.2772,-0.1599,8,N,801,L
0.4925,0.2099,4,N,801,M
0,0,,N,801,N
-5.386,-4.71,5,N,801,P
0.3646,0.1634,4,N,801,Q
0.8611,0.3181,5,N,801,R
1.051,0.3614,6,N,801,S
-0.6401,-0.424,5,N,801,T
-0.9782,-0.7311,5,N,801,V
-1.939,-1.894,6,N,801,W
-2.59,-2.777,6,N,801,Y
-6.083,-4.812,4,I,802,A
-7.499,-4.89,6,I,802,C
-7.406,-4.888,6,I,802,D
-6.892,-4.869,1,I,802,E
-8.265,-4.904,5,I,802,F
-4.145,-4.264,2,I,802,G
-5.41,-4.715,8,I,802,H
0,0,,I,802,I
-7.004,-4.874,3,I,802,K
-1.127,-0.8849,2,I,802,L
-4.289,-4.342,2,I,802,M
-4.454,-4.422,8,I,802,N
-6.32,-4.833,2,I,802,P
-6.881,-4.869,1,I,802,Q
-4.585,-4.478,3,I,802,R
-5.91,-4.792,6,I,802,S
-1.367,-1.157,1,I,802,T
-0.1659,-0.09167,3,I,802,V
-6.596,-4.853,5,I,802,W
-4.807,-4.559,5,I,802,Y
-4.8,-4.557,1,V,803,*
-0.8042,-0.5656,1,V,803,A
-3.174,-3.474,2,V,803,C
-6.215,-4.824,1,V,803,D
0.936,0.3361,5,V,803,E
5.344,0.5753,5,V,803,F
-7.818,-4.897,6,V,803,G
-1.073,-0.8282,4,V,803,H
0.6349,0.2559,8,V,803,I
-0.3081,-0.1799,3,V,803,K
-1.37,-1.161,11,V,803,L
4.425,0.5707,4,V,803,M
-3.219,-3.522,7,V,803,N
-7.913,-4.899,6,V,803,P
0.5219,0.2198,6,V,803,Q
-2.114,-2.133,5,V,803,R
-2.711,-2.933,4,V,803,S
-7.574,-4.892,3,V,803,T
0,0,,V,803,V
-2.229,-2.291,3,V,803,W
0.357,0.1605,5,V,803,Y
2.688,0.5348,1,D,804,A
-1.641,-1.498,7,D,804,C
0,0,,D,804,D
1.489,0.4363,4,D,804,E
-1.708,-1.584,7,D,804,F
-0.2012,-0.1127,4,D,804,G
-0.1563,-0.08602,5,D,804,H
-0.9477,-0.701,1,D,804,I
0.3606,0.1618,7,D,804,K
1.229,0.3956,3,D,804,M
0.2818,0.1305,6,D,804,N
-3.362,-3.665,3,D,804,P
0.737,0.2855,2,D,804,Q
-0.7231,-0.4938,9,D,804,S
-1.217,-0.9844,7,D,804,T
-0.6912,-0.4666,5,D,804,V
-1.518,-1.341,7,D,804,W
-1.549,-1.379,13,D,804,Y
0,0,,A,805,A
-0.1431,-0.07837,5,A,805,C
-11.47,-4.916,10,A,805,D
-4.97,-4.61,3,A,805,E
-0.4616,-0.2859,2,A,805,F
-2.747,-2.978,2,A,805,G
-2.207,-2.26,4,A,805,H
-1.224,-0.9917,5,A,805,I
-3.26,-3.565,1,A,805,K
-1.577,-1.415,4,A,805,L
-1.25,-1.021,12,A,805,M
-4.765,-4.545,4,A,805,N
-3.936,-4.134,2,A,805,P
-1.237,-1.006,4,A,805,Q
-3.792,-4.033,5,A,805,R
-1.544,-1.373,11,A,805,S
-1.811,-1.721,8,A,805,T
-0.5956,-0.3881,1,A,805,V
-1.912,-1.857,4,A,805,W
-0.0685,-0.03642,1,A,805,Y
-7.639,-4.894,5,F,806,A
-5.376,-4.708,9,F,806,C
-1.79,-1.692,1,F,806,D
-7.456,-4.889,7,F,806,E
0,0,,F,806,F
-9.858,-4.914,2,F,806,G
0.1286,0.06327,4,F,806,I
-3.866,-4.086,8,F,806,K
4.324,0.5699,1,F,806,L
-0.6517,-0.4336,6,F,806,M
-3.821,-4.054,4,F,806,N
-13.21,-4.916,3,F,806,P
-4.703,-4.523,3,F,806,Q
-4.449,-4.419,1,F,806,R
-7.244,-4.883,5,F,806,S
-4.357,-4.376,2,F,806,T
-6.18,-4.821,3,F,806,W
-7.998,-4.9,2,F,806,Y
0.4923,0.2098,2,T,807,A
1.862,0.4798,6,T,807,C
-0.1557,-0.08565,5,T,807,D
4.686,0.5725,1,T,807,E
0.1007,0.05007,5,T,807,F
3.73,0.563,3,T,807,G
1.509,0.4391,5,T,807,H
-0.2575,-0.1474,6,T,807,I
1.456,0.4317,6,T,807,K
1.129,0.3771,10,T,807,L
-0.2282,-0.1292,2,T,807,M
5.256,0.5751,2,T,807,N
-7.714,-4.895,3,T,807,P
-0.1033,-0.05567,3,T,807,Q
3.491,0.5588,2,T,807,R
-0.4243,-0.2591,5,T,807,S
0,0,,T,807,T
-0.8554,-0.6127,5,T,807,V
-0.7054,-0.4786,4,T,807,W
0.04741,0.02408,3,T,807,Y
-5.267,-4.685,9,G,808,*
-1.977,-1.946,5,G,808,A
-1.761,-1.655,3,G,808,C
-1.777,-1.676,5,G,808,D
-1.914,-1.86,13,G,808,E
-5.004,-4.62,6,G,808,F
0,0,,G,808,G
-0.01106,-0.005749,7,G,808,H
-4.995,-4.617,5,G,808,I
-0.8325,-0.5915,7,G,808,K
-6.89,-4.869,2,G,808,L
-2.012,-1.993,6,G,808,M
-0.5498,-0.3521,9,G,808,N
-3.578,-3.862,2,G,808,P
-1.305,-1.085,2,G,808,Q
-1.158,-0.9189,19,G,808,R
-1.333,-1.117,3,G,808,S
-1.177,-0.9401,6,G,808,T
-2.635,-2.835,10,G,808,V
-5.186,-4.667,12,G,808,W
-3.948,-4.142,4,G,808,Y
-1.54,-1.369,5,V,809,A
-2.421,-2.552,3,V,809,D
-3.901,-4.11,3,V,809,E
-0.02788,-0.01459,7,V,809,F
-2.412,-2.54,2,V,809,G
-0.364,-0.2172,3,V,809,H
-2.319,-2.414,5,V,809,K
0.02133,0.01095,10,V,809,L
-0.5851,-0.3798,3,V,809,M
-2.758,-2.992,10,V,809,N
-2.81,-3.056,5,V,809,P
-1.171,-0.9327,5,V,809,Q
-2.588,-2.774,4,V,809,S
2.961,0.5452,5,V,809,T
0,0,,V,809,V
1.178,0.3864,6,V,809,W
1.835,0.4771,2,V,809,Y
8.565,0.5783,1,C,81,*
0,0,,C,81,C
-5.903,-4.792,4,C,81,F
-4.945,-4.603,2,C,81,R
-7.324,-4.886,3,C,81,S
-8.396,-4.906,6,C,81,Y
-0.2345,-0.133,7,N,810,A
-1.125,-0.8829,10,N,810,C
-0.1529,-0.08404,13,N,810,D
-0.09561,-0.05138,4,N,810,E
-1.093,-0.8496,8,N,810,F
1.351,0.416,5,N,810,H
-2.405,-2.531,4,N,810,I
-0.5796,-0.3754,6,N,810,K
-1.348,-1.135,3,N,810,L
-3.041,-3.329,4,N,810,M
0,0,,N,810,N
-2.043,-2.036,4,N,810,P
0.5441,0.2272,5,N,810,Q
-0.3542,-0.2105,1,N,810,R
2.671,0.5341,2,N,810,S
0.6773,0.2685,9,N,810,T
-1.194,-0.9583,6,N,810,V
-1.125,-0.883,5,N,810,W
3.239,0.5532,3,N,810,Y
0.4736,0.2033,4,D,811,A
-1.291,-1.067,3,D,811,C
0,0,,D,811,D
-0.4573,-0.2828,10,D,811,E
0.08001,0.04012,5,D,811,F
0.05042,0.02558,5,D,811,G
2.862,0.5417,6,D,811,H
1.784,0.472,8,D,811,I
-0.5026,-0.3162,3,D,811,L
-0.05238,-0.02768,2,D,811,M
-1.246,-1.017,11,D,811,N
-2.478,-2.629,4,D,811,P
3.548,0.5599,2,D,811,Q
2.145,0.5038,6,D,811,T
0.5822,0.2395,4,D,811,V
-0.4686,-0.291,3,D,811,W
-0.9369,-0.6904,15,D,811,Y
0,0,,A,812,A
1.775,0.471,10,A,812,C
1.241,0.3976,7,A,812,D
2.193,0.5072,4,A,812,E
-2.294,-2.38,4,A,812,F
0.486,0.2076,3,A,812,G
0.7486,0.2887,2,A,812,H
-1.317,-1.098,4,A,812,I
1.615,0.4528,2,A,812,K
-1.336,-1.121,2,A,812,L
-1.63,-1.483,7,A,812,M
-2.324,-2.421,4,A,812,N
-7.192,-4.881,2,A,812,P
0.1209,0.05966,4,A,812,Q
-0.3077,-0.1796,2,A,812,R
-1.002,-0.7547,12,A,812,S
-0.8011,-0.5628,11,A,812,T
-0.5251,-0.3332,9,A,812,V
-2.324,-2.421,3,A,812,W
1.795,0.4731,4,A,812,Y
2.343,0.5171,5,I,813,A
-2.071,-2.075,3,I,813,C
-1.721,-1.601,3,I,813,D
-1.735,-1.62,6,I,813,E
3.835,0.5645,1,I,813,F
-2.85,-3.105,4,I,813,G
4.157,0.5683,2,I,813,H
0,0,,I,813,I
-1.945,-1.902,2,I,813,K
2.74,0.537,5,I,813,L
0.558,0.2318,5,I,813,M
-2.998,-3.28,2,I,813,P
4.706,0.5726,1,I,813,Q
-1.272,-1.047,2,I,813,R
0.05981,0.03023,2,I,813,S
-1.86,-1.786,2,I,813,T
3.55,0.5599,3,I,813,V
-3.273,-3.577,1,I,813,W
1.547,0.4442,1,I,813,Y
0.5698,0.2356,5,T,814,A
2.423,0.5217,2,T,814,C
0.8835,0.3236,4,T,814,D
6.581,0.5775,5,T,814,E
-1.146,-0.9059,7,T,814,F
0.5413,0.2263,3,T,814,G
1.224,0.3947,8,T,814,H
-0.6762,-0.454,4,T,814,I
-0.8232,-0.5829,3,T,814,K
-0.5181,-0.3279,8,T,814,L
0.6559,0.2622,3,T,814,M
0.4188,0.1837,5,T,814,N
-1.854,-1.778,4,T,814,P
-0.1287,-0.07008,4,T,814,Q
0.5311,0.2229,3,T,814,R
0.9132,0.3307,6,T,814,S
0,0,,T,814,T
-0.3588,-0.2136,4,T,814,V
-0.5306,-0.3374,2,T,814,W
-0.01458,-0.007589,1,T,814,Y
0.1946,0.09325,1,Q,815,*
-1.687,-1.556,7,Q,815,A
-0.4088,-0.2482,4,Q,815,C
-1.608,-1.455,3,Q,815,D
0.5512,0.2295,5,Q,815,E
-1.233,-1.002,4,Q,815,F
0.2762,0.1281,1,Q,815,G
0.5301,0.2226,12,Q,815,H
0.3612,0.1621,2,Q,815,I
0.05628,0.02849,13,Q,815,K
-0.5815,-0.3769,3,Q,815,L
3.57,0.5603,1,Q,815,M
0.6166,0.2503,3,Q,815,N
-7.05,-4.876,4,Q,815,P
0,0,,Q,815,Q
-0.2703,-0.1555,6,Q,815,R
0.3785,0.1687,2,Q,815,S
0.54,0.2259,5,Q,815,T
-0.8972,-0.6521,6,Q,815,V
-1.04,-0.7937,2,Q,815,W
-0.8302,-0.5893,2,Q,815,Y
-0.4883,-0.3055,4,T,816,A
-0.9749,-0.7279,1,T,816,C
-2.118,-2.139,4,T,816,D
0.968,0.3434,1,T,816,E
-2.422,-2.553,5,T,816,F
-1.013,-0.7657,2,T,816,G
4.167,0.5684,3,T,816,H
-5.195,-4.669,7,T,816,I
-0.868,-0.6244,8,T,816,K
-4.119,-4.249,6,T,816,M
0.4763,0.2043,2,T,816,N
-2.325,-2.422,7,T,816,P
4.998,0.5741,2,T,816,Q
-1.773,-1.67,11,T,816,R
1.65,0.457,4,T,816,S
0,0,,T,816,T
-5.474,-4.727,4,T,816,V
-1.33,-1.113,7,T,816,W
1.138,0.3788,2,T,816,Y
-2.16,-2.197,6,S,817,A
-1.182,-0.9454,5,S,817,C
-1.023,-0.7766,1,S,817,E
-7.93,-4.899,6,S,817,F
3.326,0.5553,1,S,817,G
-6.004,-4.803,8,S,817,I
-5.969,-4.799,5,S,817,K
-3.672,-3.939,2,S,817,L
-4.712,-4.526,3,S,817,M
-3.045,-3.334,4,S,817,P
0.01522,0.007828,4,S,817,Q
-6.057,-4.809,10,S,817,R
0,0,,S,817,S
0.4375,0.1905,7,S,817,T
-4.814,-4.562,3,S,817,V
-4.877,-4.582,6,S,817,W
-8.064,-4.901,1,S,817,Y
-8.301,-4.905,3,Q,818,*
0.6465,0.2594,4,Q,818,A
0.5327,0.2234,6,Q,818,C
0.4782,0.2049,3,Q,818,D
5.18,0.5748,3,Q,818,F
6.437,0.5774,5,Q,818,G
0.208,0.09917,1,Q,818,H
0.3857,0.1714,1,Q,818,I
-1.127,-0.8852,14,Q,818,K
-0.1593,-0.08777,5,Q,818,L
-0.8123,-0.573,7,Q,818,M
-0.3027,-0.1764,6,Q,818,N
-2.908,-3.175,7,Q,818,P
0,0,,Q,818,Q
8.851,0.5783,4,Q,818,R
0.84,0.3128,5,Q,818,T
4.053,0.5672,2,Q,818,V
-0.0517,-0.02731,6,Q,818,W
-3.557,-3.844,1,Q,818,Y
-3.105,-3.4,1,A,819,-
0,0,,A,819,A
-0.3868,-0.2328,3,A,819,C
2.315,0.5153,5,A,819,D
0.7893,0.2997,4,A,819,E
-1.744,-1.632,7,A,819,F
3.332,0.5554,1,A,819,G
-0.00945,-0.004909,5,A,819,H
-1.16,-0.9209,6,A,819,I
-1.173,-0.9357,2,A,819,K
-5.484,-4.729,2,A,819,L
0.08765,0.04382,3,A,819,M
-0.5173,-0.3272,4,A,819,N
-1.94,-1.895,5,A,819,P
-1.087,-0.8428,5,A,819,Q
-4.18,-4.284,1,A,819,R
3.912,0.5655,5,A,819,S
1.081,0.3675,8,A,819,T
-0.04666,-0.0246,4,A,819,V
-0.8692,-0.6256,6,A,819,W
0.4161,0.1827,5,A,819,Y
0,0,,L,82,L
1.363,0.4178,4,L,82,M
-8.431,-4.906,3,L,82,P
-2.881,-3.143,1,L,82,Q
-3.94,-4.137,1,L,820,-
-0.3066,-0.179,3,L,820,C
-0.6109,-0.4003,2,L,820,D
-2.227,-2.289,4,L,820,E
0.2671,0.1244,4,L,820,F
-1.069,-0.8235,1,L,820,G
0.3071,0.1408,5,L,820,H
0.9472,0.3386,6,L,820,I
-2.961,-3.238,2,L,820,K
0,0,,L,820,L
2.637,0.5326,7,L,820,M
-2.617,-2.812,4,L,820,N
-2.493,-2.649,4,L,820,P
-1.079,-0.8344,4,L,820,Q
-2.529,-2.696,6,L,820,R
4.326,0.5699,4,L,820,S
3.577,0.5604,1,L,820,T
1.809,0.4745,7,L,820,V
-1.425,-1.226,4,L,820,W
0.8793,0.3226,7,L,820,Y
-2.546,-2.719,1,Q,821,*
4.512,0.5713,3,Q,821,A
-1.675,-1.541,4,Q,821,C
-0.07747,-0.04133,3,Q,821,D
2.147,0.5039,2,Q,821,E
-0.7815,-0.5451,5,Q,821,F
0.618,0.2507,4,Q,821,G
-0.232,-0.1315,16,Q,821,H
-0.8864,-0.6418,9,Q,821,I
-1.046,-0.7998,7,Q,821,K
0.9581,0.3411,5,Q,821,L
-1.062,-0.8169,6,Q,821,M
-0.786,-0.5492,7,Q,821,P
0,0,,Q,821,Q
-0.5609,-0.3607,3,Q,821,R
3.372,0.5563,1,Q,821,T
0.1332,0.0654,6,Q,821,V
-0.5095,-0.3214,6,Q,821,W
-1.814,-1.725,2,Q,821,Y
3.787,0.5638,1,T,822,-
-3.445,-3.744,4,T,822,A
-0.1635,-0.09022,3,T,822,C
-1.001,-0.7539,5,T,822,D
-2.316,-2.41,11,T,822,E
-4.05,-4.207,2,T,822,F
1.115,0.3742,7,T,822,G
-0.7404,-0.5088,1,T,822,H
-8.474,-4.906,14,T,822,I
-8.067,-4.902,6,T,822,K
-2.54,-2.711,2,T,822,L
-3.771,-4.017,4,T,822,M
-0.8145,-0.5749,6,T,822,N
-2.003,-1.98,4,T,822,P
-1.558,-1.391,6,T,822,Q
-6.171,-4.82,3,T,822,R
3.739,0.5631,3,T,822,S
0,0,,T,822,T
-2.889,-3.152,6,T,822,V
-3.601,-3.881,4,T,822,W
-2.151,-2.183,1,T,822,Y
-0.4764,-0.2968,4,V,823,A
-0.8176,-0.5777,3,V,823,C
-5.121,-4.651,4,V,823,D
-7.333,-4.886,5,V,823,E
-1.52,-1.343,4,V,823,F
-3.831,-4.061,1,V,823,G
-6.849,-4.867,2,V,823,H
-7.777,-4.897,4,V,823,I
-3.89,-4.102,2,V,823,K
-6.865,-4.868,4,V,823,L
-4.147,-4.265,9,V,823,M
-6.896,-4.869,4,V,823,N
-2.719,-2.943,5,V,823,P
-7.258,-4.883,3,V,823,Q
-5.114,-4.649,7,V,823,R
-2.042,-2.035,1,V,823,S
0.0843,0.0422,5,V,823,T
0,0,,V,823,V
-4.051,-4.208,3,V,823,W
-10.87,-4.915,5,V,823,Y
0.63,0.2544,1,A,824,-
0,0,,A,824,A
-2.237,-2.301,1,A,824,C
-0.3389,-0.2003,10,A,824,D
3.264,0.5538,4,A,824,E
2.422,0.5217,7,A,824,F
-1.125,-0.8827,7,A,824,G
1.015,0.3537,5,A,824,H
-0.3667,-0.219,5,A,824,I
1.11,0.3733,4,A,824,K
-0.9155,-0.6697,9,A,824,L
-0.5091,-0.3211,3,A,824,M
0.07833,0.0393,5,A,824,N
-2.959,-3.235,6,A,824,P
2.708,0.5356,4,A,824,Q
1.365,0.4181,7,A,824,R
-0.3083,-0.18,9,A,824,S
-0.1207,-0.0655,11,A,824,T
-0.5716,-0.3691,7,A,824,V
0.07529,0.03783,3,A,824,W
-1.12,-0.8776,4,A,824,Y
-0.6602,-0.4406,2,T,825,-
-0.142,-0.07774,5,T,825,A
-0.6618,-0.442,5,T,825,C
-0.0523,-0.02763,5,T,825,D
-0.0709,-0.03773,2,T,825,E
-1.573,-1.41,7,T,825,G
1.636,0.4553,1,T,825,H
0.07556,0.03795,6,T,825,I
-0.5027,-0.3163,7,T,825,K
-1.164,-0.9257,2,T,825,M
0.3935,0.1743,4,T,825,N
-0.7379,-0.5067,8,T,825,P
3.41,0.5571,5,T,825,Q
-0.08974,-0.04812,1,T,825,R
0,0,,T,825,T
-0.3862,-0.2324,3,T,825,V
-0.05709,-0.03022,3,T,825,W
1.773,0.4708,3,T,825,Y
-0.7683,-0.5334,2,A,826,-
0,0,,A,826,A
3.29,0.5544,4,A,826,C
-7.692,-4.895,2,A,826,D
-7.727,-4.896,4,A,826,E
-2.911,-3.179,1,A,826,F
-4.635,-4.497,5,A,826,G
-6.18,-4.821,9,A,826,H
-3.8,-4.038,3,A,826,I
-1.411,-1.21,1,A,826,K
-4.318,-4.357,7,A,826,L
-3.407,-3.708,2,A,826,M
-6.573,-4.852,1,A,826,N
-7.66,-4.894,2,A,826,P
-7.091,-4.878,1,A,826,Q
-4.282,-4.339,3,A,826,R
-1.931,-1.883,8,A,826,S
0.1756,0.08481,8,A,826,T
-0.276,-0.1591,7,A,826,V
-5.24,-4.679,2,A,826,W
-9.672,-4.913,8,A,826,Y
-3.326,-3.631,3,L,827,-
-1.6,-1.445,4,L,827,A
0.4311,0.1882,5,L,827,C
-9.163,-4.911,7,L,827,D
3.549,0.5599,9,L,827,F
-3.105,-3.401,2,L,827,G
0.2979,0.1371,17,L,827,I
-2.118,-2.139,7,L,827,K
0,0,,L,827,L
1.822,0.4759,6,L,827,M
-2.466,-2.612,3,L,827,N
-9.747,-4.913,9,L,827,P
1.07,0.3653,3,L,827,Q
-2.5,-2.658,1,L,827,R
-2.56,-2.738,6,L,827,S
-0.6603,-0.4407,2,L,827,T
1.533,0.4423,2,L,827,V
-0.9381,-0.6916,2,L,827,W
-0.3171,-0.1858,4,L,827,Y
-0.8202,-0.5802,3,N,828,-
1.447,0.4304,2,N,828,A
-0.6485,-0.4309,1,N,828,D
-2.47,-2.618,1,N,828,E
-1.736,-1.621,5,N,828,F
-0.6239,-0.4109,3,N,828,G
4.107,0.5678,3,N,828,H
-1.74,-1.626,3,N,828,I
1.674,0.4599,8,N,828,K
-1.103,-0.8601,6,N,828,L
-0.4091,-0.2484,1,N,828,M
0,0,,N,828,N
-4.7,-4.522,5,N,828,P
0.658,0.2628,5,N,828,Q
0.2062,0.09837,8,N,828,R
-0.4233,-0.2584,5,N,828,S
0.1177,0.05814,3,N,828,T
-2.109,-2.127,8,N,828,V
0.7651,0.2932,5,N,828,W
-0.1928,-0.1076,4,N,828,Y
-0.8561,-0.6133,1,K,829,-
-0.7296,-0.4995,5,K,829,A
-3.693,-3.957,7,K,829,C
-3.896,-4.107,6,K,829,D
-3.579,-3.863,4,K,829,E
-6.886,-4.869,2,K,829,F
-6.363,-4.837,7,K,829,G
-3.871,-4.09,7,K,829,I
0,0,,K,829,K
-2.21,-2.265,3,K,829,L
-3.125,-3.422,7,K,829,M
-2.576,-2.759,17,K,829,N
-7.118,-4.879,3,K,829,P
-1.851,-1.775,11,K,829,Q
0.9319,0.3351,4,K,829,R
-1.368,-1.158,3,K,829,S
-2.254,-2.325,3,K,829,T
-2.801,-3.045,2,K,829,V
-6.409,-4.84,5,K,829,W
-6.763,-4.863,7,W,83,*
0.23,0.1087,1,W,83,G
-0.1121,-0.06063,10,W,83,L
-0.1391,-0.07607,1,W,83,S
0,0,,W,83,W
-0.512,-0.3233,1,I,830,-
-4.018,-4.187,7,I,830,A
-6.245,-4.827,3,I,830,C
-8.692,-4.908,1,I,830,D
-3.929,-4.129,4,I,830,E
-7.122,-4.879,7,I,830,F
-4.359,-4.377,6,I,830,G
-4.519,-4.45,3,I,830,H
0,0,,I,830,I
-4.555,-4.465,4,I,830,K
2.768,0.5381,5,I,830,M
-5.501,-4.732,6,I,830,N
-4.581,-4.476,3,I,830,P
-3.882,-4.097,10,I,830,R
-5.528,-4.737,7,I,830,S
-4.002,-4.177,3,I,830,T
-2.631,-2.83,4,I,830,V
-7.782,-4.897,4,I,830,W
-7.719,-4.895,4,I,830,Y
-2.394,-2.516,1,Q,831,-
-1.482,-1.297,4,Q,831,A
-1.281,-1.056,3,Q,831,C
1.084,0.3681,1,Q,831,D
-0.4776,-0.2976,7,Q,831,E
-0.3772,-0.2262,3,Q,831,F
-3.508,-3.801,5,Q,831,G
-0.3367,-0.1988,20,Q,831,H
3.364,0.5561,2,Q,831,I
4.68,0.5724,6,Q,831,K
-0.9039,-0.6585,5,Q,831,L
-0.437,-0.2681,8,Q,831,M
-0.7726,-0.5373,4,Q,831,N
-4.274,-4.335,6,Q,831,P
0,0,,Q,831,Q
8.181,0.5782,12,Q,831,R
-0.7174,-0.489,1,Q,831,S
-1.036,-0.7901,1,Q,831,T
0.2959,0.1362,4,Q,831,V
-1.22,-0.9874,4,Q,831,W
-0.5088,-0.3208,3,Q,831,Y
0.3756,0.1676,6,D,832,A
-0.3846,-0.2313,3,D,832,C
0,0,,D,832,D
-1.677,-1.544,3,D,832,E
0.6653,0.265,8,D,832,F
0.2167,0.1029,1,D,832,G
5.617,0.5761,2,D,832,H
-1.518,-1.341,7,D,832,I
3.945,0.566,3,D,832,K
1.169,0.3847,5,D,832,L
4.641,0.5722,5,D,832,M
0.2047,0.09771,11,D,832,N
-6.181,-4.821,5,D,832,P
-0.1941,-0.1084,4,D,832,Q
-0.5006,-0.3148,5,D,832,R
-0.6785,-0.4559,1,D,832,S
-1.677,-1.544,3,D,832,T
-0.4521,-0.279,3,D,832,V
1.062,0.3637,4,D,832,W
-0.8447,-0.6027,10,D,832,Y
-0.8616,-0.6185,11,V,833,A
-4.26,-4.327,4,V,833,C
-4.889,-4.586,6,V,833,D
-6.849,-4.867,4,V,833,E
-6.911,-4.87,4,V,833,F
-7.922,-4.899,3,V,833,G
-4.732,-4.534,4,V,833,H
-2.548,-2.722,10,V,833,I
-5.947,-4.797,8,V,833,K
-6.884,-4.869,1,V,833,L
-7.889,-4.899,7,V,833,M
-7.201,-4.882,1,V,833,N
-4.404,-4.399,1,V,833,P
-7.359,-4.887,2,V,833,Q
-7.936,-4.899,4,V,833,R
-5.363,-4.706,8,V,833,S
0,0,,V,833,V
-9.512,-4.913,4,V,833,W
-7.382,-4.887,4,V,833,Y
-3.094,-3.388,1,V,834,-
0.02912,0.0149,3,V,834,A
0.0883,0.04413,5,V,834,C
-8.171,-4.903,4,V,834,D
-5.511,-4.734,8,V,834,E
-1.513,-1.334,3,V,834,F
-5.591,-4.747,4,V,834,G
-0.8808,-0.6365,10,V,834,H
3.366,0.5562,2,V,834,I
-0.07401,-0.03944,5,V,834,L
1.264,0.4016,9,V,834,M
-1.32,-1.102,1,V,834,N
-6.982,-4.873,5,V,834,P
-0.5535,-0.355,2,V,834,Q
-2.21,-2.264,1,V,834,R
-2.974,-3.253,3,V,834,S
-1.352,-1.139,7,V,834,T
0,0,,V,834,V
-0.6046,-0.3953,2,V,834,W
-0.5599,-0.36,4,V,834,Y
-3.034,-3.321,1,N,835,-
-0.01287,-0.006693,4,N,835,A
0.8279,0.3098,6,N,835,C
-1.32,-1.102,7,N,835,D
-0.1369,-0.07479,9,N,835,E
0.5486,0.2287,7,N,835,F
-1.007,-0.7605,7,N,835,G
-0.665,-0.4446,3,N,835,H
-1.207,-0.973,4,N,835,I
5.842,0.5766,2,N,835,K
2.103,0.5006,3,N,835,L
-0.5682,-0.3664,4,N,835,M
0,0,,N,835,N
-4.999,-4.618,5,N,835,P
1.688,0.4614,4,N,835,Q
1.3,0.4077,4,N,835,R
2.512,0.5265,3,N,835,S
2.116,0.5016,5,N,835,T
0.1684,0.08154,2,N,835,V
-1.442,-1.247,1,N,835,W
2.957,0.545,9,N,835,Y
-8.092,-4.902,8,Q,836,*
-6.91,-4.87,1,Q,836,-
0.09283,0.04631,2,Q,836,A
-0.5883,-0.3823,4,Q,836,C
0.9337,0.3355,4,Q,836,D
-1.522,-1.346,3,Q,836,E
0.5364,0.2247,5,Q,836,F
-0.08318,-0.04448,5,Q,836,G
0.3245,0.1477,9,Q,836,H
-1.301,-1.079,2,Q,836,I
-0.478,-0.2979,10,Q,836,K
-1.193,-0.9573,5,Q,836,L
0.2615,0.122,6,Q,836,M
4.898,0.5736,2,Q,836,N
-7.519,-4.891,2,Q,836,P
0,0,,Q,836,Q
4.37,0.5703,7,Q,836,R
1.49,0.4365,8,Q,836,S
-1.221,-0.9887,4,Q,836,V
1.131,0.3774,2,Q,836,W
-0.528,-0.3354,5,Q,836,Y
-6.885,-4.869,4,Q,837,*
2.125,0.5023,1,Q,837,A
-1.153,-0.9134,5,Q,837,C
-2.778,-3.017,6,Q,837,D
-0.192,-0.1072,2,Q,837,E
-0.5551,-0.3563,4,Q,837,F
-0.4848,-0.303,3,Q,837,G
0.1278,0.06288,13,Q,837,H
-1.455,-1.264,1,Q,837,I
1.042,0.3594,3,Q,837,K
1.101,0.3715,6,Q,837,L
4.267,0.5694,2,Q,837,M
-0.01276,-0.006639,7,Q,837,N
-1.499,-1.317,6,Q,837,P
0,0,,Q,837,Q
0.8809,0.323,5,Q,837,R
-4.834,-4.568,3,Q,837,S
-5.791,-4.777,6,Q,837,T
-1.301,-1.08,1,Q,837,V
-0.2288,-0.1295,11,Q,837,W
2.884,0.5425,2,Q,837,Y
3.951,0.566,3,G,838,A
3.109,0.5497,9,G,838,C
-0.02909,-0.01523,11,G,838,D
2.443,0.5228,4,G,838,E
0.8519,0.3158,9,G,838,F
0,0,,G,838,G
0.9221,0.3328,5,G,838,H
1.187,0.3879,7,G,838,I
-0.3691,-0.2207,2,G,838,K
0.08711,0.04356,3,G,838,L
-1.418,-1.218,1,G,838,M
-2.223,-2.283,5,G,838,N
-2.456,-2.599,7,G,838,P
-0.7594,-0.5255,6,G,838,Q
0.3687,0.1649,9,G,838,R
0.06531,0.03294,6,G,838,S
1.349,0.4157,1,G,838,T
3.804,0.5641,11,G,838,V
4.964,0.5739,5,G,838,W
7.713,0.5781,2,G,838,Y
1.013,0.3532,7,N,839,A
-2.25,-2.32,6,N,839,C
-1.887,-1.824,7,N,839,D
-0.09935,-0.05347,5,N,839,E
2.533,0.5276,5,N,839,F
-1.239,-1.009,7,N,839,G
3.707,0.5626,4,N,839,H
-0.3174,-0.186,2,N,839,I
0.2904,0.134,3,N,839,K
0.03008,0.01538,5,N,839,L
-1.555,-1.388,1,N,839,M
0,0,,N,839,N
-7.573,-4.892,5,N,839,P
-0.9357,-0.6893,2,N,839,Q
2.375,0.519,2,N,839,R
1.3,0.4078,5,N,839,S
-1.419,-1.219,1,N,839,T
-0.0242,-0.01265,5,N,839,V
-1.236,-1.006,2,N,839,W
-0.9578,-0.7109,5,N,839,Y
-13.49,-4.916,10,S,84,*
-0.2355,-0.1337,2,S,84,P
0,0,,S,84,S
1.683,0.4608,2,S,84,T
1.551,0.4447,1,S,840,-
7.61,0.5781,4,S,840,A
0.03098,0.01584,4,S,840,C
-1.099,-0.8553,4,S,840,E
-1.014,-0.7677,6,S,840,F
0.1446,0.07066,7,S,840,H
2.126,0.5023,1,S,840,I
0.2456,0.1154,5,S,840,K
0.7586,0.2915,4,S,840,L
4.776,0.573,1,S,840,M
0.7319,0.2841,3,S,840,N
-4.757,-4.542,5,S,840,P
1.443,0.4298,3,S,840,Q
0.1881,0.09038,5,S,840,R
0,0,,S,840,S
0.8155,0.3066,2,S,840,T
0.8744,0.3214,6,S,840,V
-0.05518,-0.02918,3,S,840,W
0.4726,0.203,8,S,840,Y
0.06989,0.03518,1,L,841,-
-3.603,-3.883,7,L,841,A
-7.462,-4.889,5,L,841,C
-6.876,-4.868,2,L,841,E
-3.509,-3.802,4,L,841,F
-4.901,-4.589,6,L,841,G
-9.186,-4.911,5,L,841,H
0.09029,0.04509,4,L,841,I
-5.399,-4.713,2,L,841,K
0,0,,L,841,L
-1.499,-1.317,15,L,841,M
-4.297,-4.347,9,L,841,N
-6.872,-4.868,3,L,841,P
-4.797,-4.556,5,L,841,Q
-2.162,-2.2,5,L,841,R
-4.458,-4.423,3,L,841,S
-7.087,-4.877,6,L,841,T
-0.5157,-0.3261,3,L,841,V
-7.916,-4.899,11,L,841,W
-6.917,-4.87,1,L,841,Y
-0.8102,-0.5711,1,N,842,-
0.6171,0.2505,4,N,842,A
-0.6748,-0.4528,1,N,842,C
-6.092,-4.813,1,N,842,D
-0.3548,-0.211,2,N,842,E
-1.61,-1.458,4,N,842,F
-0.05113,-0.027,2,N,842,G
-0.2475,-0.1412,3,N,842,H
-1.186,-0.9497,3,N,842,I
-1.204,-0.9697,6,N,842,K
1.516,0.4401,3,N,842,L
1.081,0.3674,4,N,842,M
0,0,,N,842,N
-7.556,-4.892,5,N,842,P
-1.29,-1.067,2,N,842,Q
1.403,0.4239,3,N,842,R
0.1784,0.08605,1,N,842,S
-0.09134,-0.049,7,N,842,T
-0.5803,-0.376,7,N,842,V
-1.09,-0.8456,4,N,842,W
-0.2782,-0.1606,8,N,842,Y
-1.833,-1.75,1,H,843,-
-0.2382,-0.1353,7,H,843,A
0.2777,0.1288,4,H,843,C
-1.878,-1.811,1,H,843,D
0.7242,0.282,3,H,843,E
-2.489,-2.644,4,H,843,F
-2.537,-2.707,8,H,843,G
0,0,,H,843,H
-3.979,-4.162,7,H,843,I
-0.7953,-0.5575,10,H,843,K
-1.328,-1.111,6,H,843,L
-1.473,-1.285,3,H,843,M
-2.989,-3.27,16,H,843,N
-5.151,-4.658,7,H,843,P
0.9719,0.3443,4,H,843,Q
-0.2679,-0.154,2,H,843,R
-1.612,-1.46,6,H,843,S
-0.1077,-0.05817,2,H,843,T
-1.609,-1.457,1,H,843,V
-0.3001,-0.1747,3,H,843,W
-6.984,-4.873,3,H,843,Y
-0.8351,-0.5938,1,L,844,-
-4.799,-4.557,5,L,844,A
-7.951,-4.9,5,L,844,C
-2.856,-3.112,2,L,844,D
-5.342,-4.701,5,L,844,E
-7.687,-4.895,3,L,844,F
-6.885,-4.869,2,L,844,G
-6.254,-4.828,4,L,844,H
-6.912,-4.87,2,L,844,I
-7.681,-4.895,7,L,844,K
0,0,,L,844,L
-5.195,-4.669,12,L,844,M
-4.099,-4.237,2,L,844,N
-5.047,-4.632,7,L,844,P
-2.04,-2.032,2,L,844,Q
-7.681,-4.895,3,L,844,R
-5.833,-4.783,6,L,844,S
-7.704,-4.895,5,L,844,T
-4.98,-4.613,5,L,844,V
-7.592,-4.893,1,L,844,W
-4.264,-4.329,4,L,844,Y
-1.245,-1.015,2,T,845,-
-0.7111,-0.4836,4,T,845,A
-0.8441,-0.6021,2,T,845,C
-3.661,-3.931,2,T,845,D
-0.6673,-0.4465,7,T,845,E
-0.4611,-0.2856,2,T,845,F
2.428,0.522,3,T,845,G
2.925,0.544,4,T,845,H
-0.1954,-0.1092,6,T,845,I
-1.222,-0.9893,9,T,845,K
0.8508,0.3155,6,T,845,L
-0.101,-0.05437,4,T,845,M
2.466,0.5241,8,T,845,N
-6.423,-4.841,1,T,845,P
0.6096,0.2481,3,T,845,Q
-0.9222,-0.6761,3,T,845,R
0.1954,0.09361,4,T,845,S
0,0,,T,845,T
0.7168,0.2799,4,T,845,V
-0.5273,-0.3348,4,T,845,W
1.073,0.366,4,T,845,Y
-0.3123,-0.1827,2,S,846,-
-0.4714,-0.2931,4,S,846,A
-0.9324,-0.6861,6,S,846,C
-1.351,-1.138,2,S,846,D
-1.255,-1.027,6,S,846,E
-0.947,-0.7003,9,S,846,F
-0.8869,-0.6423,6,S,846,G
-0.2375,-0.1349,9,S,846,H
-1.121,-0.8787,9,S,846,I
-0.4536,-0.2801,3,S,846,K
0.4727,0.203,4,S,846,L
1.287,0.4055,6,S,846,M
-0.0182,-0.009486,3,S,846,N
-4.059,-4.213,5,S,846,P
-2.647,-2.851,1,S,846,Q
-0.04944,-0.02609,8,S,846,R
0,0,,S,846,S
2.588,0.5302,2,S,846,T
-0.05167,-0.02729,2,S,846,V
-1.395,-1.19,6,S,846,W
0.1644,0.07972,4,S,846,Y
-5.98,-4.8,2,Q,847,*
0.8917,0.3256,2,Q,847,-
-0.294,-0.1708,2,Q,847,A
-2.914,-3.182,5,Q,847,C
-6.836,-4.866,5,Q,847,D
-1.77,-1.667,5,Q,847,E
-2.484,-2.637,8,Q,847,F
-4.369,-4.382,8,Q,847,G
-3.285,-3.589,17,Q,847,H
-2.296,-2.383,2,Q,847,I
-1.703,-1.578,9,Q,847,K
-0.9462,-0.6995,3,Q,847,L
-0.4325,-0.2649,3,Q,847,M
-3.25,-3.554,3,Q,847,N
-3.954,-4.146,5,Q,847,P
0,0,,Q,847,Q
-1.306,-1.086,8,Q,847,R
1.824,0.4761,3,Q,847,S
-0.5044,-0.3176,5,Q,847,T
0.2993,0.1376,1,Q,847,V
-3.876,-4.093,9,Q,847,W
-1.379,-1.171,3,Q,847,Y
0.2643,0.1232,2,L,848,-
-5.969,-4.799,3,L,848,A
-7.845,-4.898,5,L,848,C
-5.312,-4.695,7,L,848,D
-3.303,-3.608,2,L,848,E
-1.081,-0.837,1,L,848,F
-4.805,-4.558,2,L,848,G
-6.944,-4.871,2,L,848,H
-9.692,-4.913,6,L,848,I
-2.582,-2.766,3,L,848,K
0,0,,L,848,L
-7.571,-4.892,4,L,848,M
-10.15,-4.914,5,L,848,N
-8.881,-4.91,4,L,848,P
-4.61,-4.488,3,L,848,Q
-3.533,-3.823,7,L,848,R
-7.271,-4.884,3,L,848,S
-5.599,-4.749,6,L,848,T
-4.935,-4.6,3,L,848,V
-12.1,-4.916,1,L,848,W
-5.56,-4.742,4,L,848,Y
0.6889,0.2719,1,R,849,-
-0.3729,-0.2233,3,R,849,A
-2.895,-3.16,4,R,849,C
-3.828,-4.059,7,R,849,D
-4.658,-4.506,1,R,849,E
-3.338,-3.642,3,R,849,F
-1.67,-1.535,3,R,849,G
-1.009,-0.7625,3,R,849,H
-3.021,-3.307,15,R,849,I
0.2198,0.1043,11,R,849,K
-1.528,-1.353,6,R,849,L
-1.979,-1.948,2,R,849,M
0.7973,0.3018,1,R,849,N
-0.1668,-0.09215,1,R,849,P
-0.5373,-0.3425,3,R,849,Q
0,0,,R,849,R
-0.7889,-0.5518,9,R,849,S
0.6656,0.2651,4,R,849,T
-2.774,-3.012,2,R,849,V
-6.869,-4.868,1,R,849,W
-4.338,-4.367,6,R,849,Y
-1.777,-1.676,1,V,85,A
-2.078,-2.084,1,V,85,E
-2.667,-2.876,2,V,85,L
-0.9785,-0.7315,4,V,85,M
0,0,,V,85,V
-9.929,-4.914,4,Q,850,*
0.4339,0.1892,1,Q,850,-
-0.1122,-0.0607,3,Q,850,A
-0.1628,-0.08983,2,Q,850,C
-3.283,-3.587,5,Q,850,D
-0.3942,-0.238,5,Q,850,E
0.9835,0.3468,4,Q,850,F
-1.912,-1.857,5,Q,850,G
1.88,0.4815,12,Q,850,H
-1.771,-1.667,7,Q,850,I
-5.497,-4.731,3,Q,850,K
2.399,0.5203,3,Q,850,L
0.4236,0.1855,5,Q,850,M
-5.908,-4.792,4,Q,850,P
0,0,,Q,850,Q
-0.2179,-0.1229,3,Q,850,R
-0.3672,-0.2194,3,Q,850,S
-3.579,-3.863,7,Q,850,T
-0.2191,-0.1236,3,Q,850,V
-3.019,-3.305,4,Q,850,W
-1.037,-0.7906,6,Q,850,Y
0.1627,0.07897,1,N,851,-
-7.452,-4.889,3,N,851,A
-5.262,-4.684,2,N,851,C
-2.428,-2.561,8,N,851,D
-2.469,-2.617,5,N,851,E
-4.247,-4.32,4,N,851,F
-8.083,-4.902,4,N,851,G
-1.726,-1.608,3,N,851,H
-3.676,-3.943,4,N,851,I
-0.4123,-0.2507,3,N,851,K
-6.852,-4.867,1,N,851,L
-8.112,-4.902,3,N,851,M
0,0,,N,851,N
-1.758,-1.651,3,N,851,P
-1.717,-1.597,3,N,851,Q
-0.672,-0.4505,2,N,851,R
-0.1537,-0.08448,3,N,851,S
1.133,0.3779,2,N,851,T
-4.73,-4.533,1,N,851,V
-8.51,-4.907,1,N,851,W
-5.547,-4.74,8,N,851,Y
-5.416,-4.716,2,F,852,-
-7.308,-4.885,2,F,852,A
-7.42,-4.888,5,F,852,C
-4.404,-4.399,7,F,852,D
-8.214,-4.904,8,F,852,E
0,0,,F,852,F
-3.754,-4.004,3,F,852,G
-0.867,-0.6235,3,F,852,H
-5.343,-4.702,9,F,852,I
-6.892,-4.869,1,F,852,K
-6.133,-4.817,8,F,852,L
-2.91,-3.177,3,F,852,M
-6.928,-4.871,3,F,852,N
-3.926,-4.127,4,F,852,P
-5.184,-4.666,3,F,852,Q
-4.014,-4.185,4,F,852,R
-4.741,-4.537,8,F,852,S
-8.162,-4.903,4,F,852,T
-7.207,-4.882,3,F,852,V
-1.906,-1.849,3,F,852,W
-1.504,-1.323,5,F,852,Y
-7.466,-4.89,4,Q,853,*
-0.2115,-0.1189,6,Q,853,A
1.641,0.4559,4,Q,853,C
3.143,0.5507,4,Q,853,D
-1.516,-1.338,5,Q,853,E
-0.8404,-0.5987,5,Q,853,F
-2.319,-2.413,5,Q,853,G
-0.5115,-0.3229,16,Q,853,H
-7.38,-4.887,4,Q,853,I
-5.771,-4.774,10,Q,853,K
0.6007,0.2454,10,Q,853,M
0.6448,0.2589,6,Q,853,N
-4.455,-4.422,10,Q,853,P
0,0,,Q,853,Q
-0.9456,-0.699,17,Q,853,R
-2.622,-2.818,9,Q,853,S
-1.942,-1.898,9,Q,853,T
-5.487,-4.729,4,Q,853,V
-2.855,-3.111,5,Q,853,W
-3.476,-3.772,3,Q,853,Y
-1.764,-1.659,1,A,854,-
0,0,,A,854,A
-0.4094,-0.2486,3,A,854,C
-5.95,-4.797,8,A,854,D
8.959,0.5783,1,A,854,E
-6.112,-4.815,6,A,854,F
-2.839,-3.091,5,A,854,G
-7.547,-4.892,3,A,854,H
-6.558,-4.851,3,A,854,I
-4.126,-4.253,3,A,854,K
-5.742,-4.77,5,A,854,L
-0.9081,-0.6625,1,A,854,M
-3.443,-3.742,1,A,854,N
-7.73,-4.896,1,A,854,P
2.387,0.5196,4,A,854,Q
-10.1,-4.914,5,A,854,R
-2.304,-2.394,6,A,854,S
-4.679,-4.514,8,A,854,T
-4.746,-4.538,10,A,854,V
-7.629,-4.894,3,A,854,W
-7.49,-4.89,3,A,854,Y
-3.162,-3.462,4,I,855,A
-0.9609,-0.714,3,I,855,C
-4.393,-4.394,2,I,855,E
-1.384,-1.178,1,I,855,F
-6.973,-4.873,1,I,855,G
-3.461,-3.758,3,I,855,H
0,0,,I,855,I
-9.995,-4.914,4,I,855,K
-1.254,-1.026,3,I,855,L
-1.397,-1.193,2,I,855,M
-4.181,-4.284,7,I,855,N
-3.807,-4.043,11,I,855,Q
-7.014,-4.874,2,I,855,R
-1.398,-1.195,3,I,855,S
-1.393,-1.187,3,I,855,T
5.674,0.5762,4,I,855,V
-3.271,-3.576,5,I,855,W
-1.574,-1.411,4,I,855,Y
-0.3386,-0.2,1,S,856,-
-7.486,-4.89,6,S,856,A
-9.718,-4.913,1,S,856,C
3.288,0.5544,1,S,856,D
-5.292,-4.691,3,S,856,E
-4.984,-4.614,7,S,856,F
-7.675,-4.895,8,S,856,G
-3.814,-4.049,5,S,856,H
-7.853,-4.898,13,S,856,I
-7.823,-4.897,5,S,856,K
-8.834,-4.909,7,S,856,L
-9.432,-4.912,4,S,856,M
-8.655,-4.908,8,S,856,N
-7.44,-4.889,4,S,856,P
-7.706,-4.895,4,S,856,Q
-6.194,-4.822,12,S,856,R
0,0,,S,856,S
-2.766,-3.002,10,S,856,T
-6.907,-4.87,2,S,856,V
-4.921,-4.595,6,S,856,W
-8.338,-4.905,8,S,856,Y
-0.6733,-0.4516,2,S,857,A
2.386,0.5196,5,S,857,C
-5.608,-4.75,3,S,857,D
-4.562,-4.468,5,S,857,E
0.5449,0.2275,2,S,857,F
-6.134,-4.817,6,S,857,G
-6.57,-4.851,11,S,857,I
-4.51,-4.447,9,S,857,K
-6.715,-4.86,6,S,857,L
-3.892,-4.104,2,S,857,M
-0.7898,-0.5526,12,S,857,N
-0.5833,-0.3783,6,S,857,P
-4.425,-4.409,4,S,857,Q
-7.333,-4.886,8,S,857,R
0,0,,S,857,S
-1.385,-1.178,9,S,857,T
-3.869,-4.088,2,S,857,V
-1.694,-1.566,4,S,857,W
-1.913,-1.858,3,S,857,Y
-7.262,-4.884,2,S,858,A
-2.534,-2.703,3,S,858,C
0.3346,0.1517,1,S,858,D
-3.124,-3.422,4,S,858,E
-6.892,-4.869,6,S,858,F
-5.454,-4.723,5,S,858,G
-2.716,-2.94,2,S,858,H
-7.823,-4.897,9,S,858,I
-4.131,-4.256,3,S,858,K
-6.877,-4.868,2,S,858,L
-5.123,-4.651,4,S,858,M
-1.698,-1.572,11,S,858,N
-11.45,-4.916,1,S,858,P
-5.34,-4.701,4,S,858,Q
-2.065,-2.066,4,S,858,R
0,0,,S,858,S
-3.031,-3.318,3,S,858,T
-8.268,-4.904,9,S,858,V
-6.04,-4.807,2,S,858,W
-4.658,-4.506,2,S,858,Y
-7.068,-4.877,2,I,859,A
-5.258,-4.683,12,I,859,C
-6.553,-4.85,4,I,859,D
-7.044,-4.876,2,I,859,E
-5.327,-4.698,6,I,859,F
-5.369,-4.707,4,I,859,G
-10.23,-4.914,1,I,859,H
0,0,,I,859,I
-7.65,-4.894,4,I,859,K
-7.583,-4.892,2,I,859,L
-3.221,-3.525,5,I,859,M
-13.65,-4.916,5,I,859,N
-1.866,-1.795,4,I,859,P
-5.176,-4.664,5,I,859,R
-7.886,-4.899,5,I,859,S
-6.207,-4.824,8,I,859,T
0.1057,0.05246,1,I,859,V
-7.182,-4.881,3,I,859,W
-4.851,-4.574,8,I,859,Y
-1.905,-1.848,1,S,86,-
2.264,0.5121,2,S,86,P
0,0,,S,86,S
-3.044,-3.333,9,S,86,Y
-2.13,-2.155,2,Q,860,*
-0.2142,-0.1206,4,Q,860,A
8.024,0.5782,2,Q,860,C
1.678,0.4603,6,Q,860,D
-0.2603,-0.1492,3,Q,860,E
0.8602,0.3179,2,Q,860,F
-2.994,-3.276,6,Q,860,G
-1.284,-1.06,11,Q,860,H
-4.376,-4.386,2,Q,860,I
-12.43,-4.916,10,Q,860,K
-6.143,-4.818,4,Q,860,L
-2.329,-2.427,3,Q,860,M
0.9898,0.3482,3,Q,860,N
-1.112,-0.869,3,Q,860,P
0,0,,Q,860,Q
-7.983,-4.9,10,Q,860,R
-1.677,-1.544,4,Q,860,S
-0.6287,-0.4147,4,Q,860,T
-1.026,-0.7797,1,Q,860,V
-0.4893,-0.3063,2,Q,860,W
-0.6713,-0.4499,3,Q,860,Y
0,0,,A,861,A
-0.9869,-0.7398,1,A,861,C
-2.737,-2.965,4,A,861,D
-0.3719,-0.2226,3,A,861,E
-0.5503,-0.3525,11,A,861,F
-8.651,-4.908,1,A,861,G
0.1286,0.06325,1,A,861,H
-2.701,-2.919,2,A,861,I
-2.651,-2.856,6,A,861,K
-3.005,-3.288,2,A,861,M
-2.609,-2.801,1,A,861,N
-4.278,-4.337,4,A,861,P
-2.633,-2.833,6,A,861,R
-0.9644,-0.7174,8,A,861,S
0.4093,0.1802,8,A,861,T
-2.42,-2.551,5,A,861,V
-1.365,-1.155,4,A,861,W
0.4004,0.1769,4,A,861,Y
-5.389,-4.711,8,I,862,A
-7.994,-4.9,1,I,862,C
-1.513,-1.335,1,I,862,D
-8.076,-4.902,7,I,862,E
-5.477,-4.728,7,I,862,F
-7.554,-4.892,1,I,862,G
-3.831,-4.061,8,I,862,H
0,0,,I,862,I
-4.019,-4.188,4,I,862,K
-2.097,-2.109,1,I,862,L
-6.874,-4.868,1,I,862,M
-7.704,-4.895,4,I,862,N
-4.099,-4.237,3,I,862,P
-9.965,-4.914,6,I,862,Q
-8.505,-4.907,5,I,862,S
-5.132,-4.653,7,I,862,T
-4.441,-4.416,3,I,862,V
-7.383,-4.887,3,I,862,W
-4.387,-4.391,3,I,862,Y
-6.314,-4.833,3,Y,863,*
-7.728,-4.896,4,Y,863,A
-8.231,-4.904,5,Y,863,C
-7.447,-4.889,6,Y,863,D
-4.89,-4.586,5,Y,863,E
-7.349,-4.886,4,Y,863,F
-4.601,-4.484,5,Y,863,G
-7.004,-4.874,4,Y,863,H
-5.997,-4.802,1,Y,863,I
-4.888,-4.585,6,Y,863,K
-7.141,-4.879,3,Y,863,L
-7.481,-4.89,4,Y,863,M
-4.742,-4.537,5,Y,863,N
-7.966,-4.9,5,Y,863,Q
-3.125,-3.422,5,Y,863,R
-6.539,-4.849,6,Y,863,S
-5.047,-4.631,4,Y,863,T
-3.475,-3.772,5,Y,863,V
-6.721,-4.86,4,Y,863,W
0,0,,Y,863,Y
-1.241,-1.011,3,D,864,-
0.04337,0.02206,1,D,864,A
-8.312,-4.905,10,D,864,C
0,0,,D,864,D
-1.564,-1.399,4,D,864,E
-6.7,-4.859,2,D,864,F
-7.495,-4.89,6,D,864,G
-7.775,-4.897,6,D,864,H
-6.683,-4.858,2,D,864,I
-5.941,-4.796,7,D,864,K
-6.877,-4.868,4,D,864,L
-4.465,-4.427,2,D,864,M
-2.465,-2.612,10,D,864,N
-5.741,-4.77,7,D,864,P
-3.304,-3.609,1,D,864,Q
-5.348,-4.703,7,D,864,R
-13.68,-4.916,1,D,864,S
-8.392,-4.906,3,D,864,V
-6.626,-4.855,2,D,864,W
-9.618,-4.913,28,D,864,Y
-2.963,-3.24,1,R,865,*
-1.266,-1.039,2,R,865,-
-2.677,-2.889,3,R,865,A
-1.696,-1.569,3,R,865,C
-6.901,-4.87,1,R,865,D
-6.378,-4.838,6,R,865,E
-5.531,-4.737,7,R,865,F
-4.624,-4.493,5,R,865,G
-2.183,-2.228,1,R,865,H
-6.153,-4.819,15,R,865,I
-1.204,-0.9697,3,R,865,K
-5.555,-4.741,6,R,865,L
-1.953,-1.913,3,R,865,M
-4.441,-4.416,4,R,865,N
-8.157,-4.903,6,R,865,P
-1.492,-1.309,2,R,865,Q
0,0,,R,865,R
-2.203,-2.255,3,R,865,S
-2.188,-2.235,4,R,865,T
-4.845,-4.572,2,R,865,V
-4.92,-4.595,1,R,865,W
-4.425,-4.409,5,R,865,Y
-3.574,-3.858,3,L,866,-
-9.249,-4.912,3,L,866,A
-2.882,-3.144,8,L,866,C
-1.435,-1.239,3,L,866,D
-6.318,-4.833,4,L,866,E
-0.5392,-0.344,8,L,866,F
-3.312,-3.617,4,L,866,H
-4.252,-4.323,4,L,866,I
-4.752,-4.541,2,L,866,K
0,0,,L,866,L
-0.03491,-0.01832,6,L,866,M
-3.821,-4.054,4,L,866,N
-6.224,-4.825,6,L,866,P
-7.385,-4.887,2,L,866,Q
-11.71,-4.916,1,L,866,R
-7.584,-4.892,1,L,866,S
-2.458,-2.602,2,L,866,T
-4.333,-4.364,2,L,866,V
-6.873,-4.868,2,L,866,W
-2.457,-2.601,3,L,866,Y
-3.857,-4.08,4,D,867,-
-2.758,-2.991,1,D,867,A
-7.225,-4.882,9,D,867,C
0,0,,D,867,D
-2.122,-2.144,11,D,867,E
-8.619,-4.908,7,D,867,F
-4.718,-4.528,9,D,867,G
-5.048,-4.632,4,D,867,H
-6.96,-4.872,1,D,867,I
-5.245,-4.68,4,D,867,L
-5.073,-4.638,4,D,867,M
-3.546,-3.835,8,D,867,N
-1.446,-1.253,4,D,867,P
-4.267,-4.331,2,D,867,Q
-2.599,-2.788,3,D,867,R
-4.228,-4.31,3,D,867,S
-6.988,-4.873,5,D,867,T
-7.179,-4.881,4,D,867,V
-4.665,-4.509,5,D,867,W
-10.25,-4.914,14,D,867,Y
-5.272,-4.686,6,I,868,-
-1.449,-1.256,4,I,868,A
0.2016,0.09633,5,I,868,C
1.26,0.4009,6,I,868,D
-1.815,-1.726,3,I,868,E
-0.03998,-0.02102,3,I,868,F
5.035,0.5742,1,I,868,G
-0.2977,-0.1731,5,I,868,H
0,0,,I,868,I
-0.5569,-0.3577,4,I,868,K
-0.7331,-0.5025,2,I,868,L
-2.098,-2.111,3,I,868,M
2.807,0.5397,6,I,868,N
1.932,0.4863,8,I,868,P
2.802,0.5395,3,I,868,Q
-2.279,-2.359,3,I,868,R
0.09455,0.04714,2,I,868,S
0.3151,0.144,6,I,868,T
-0.4671,-0.2899,5,I,868,V
-0.7709,-0.5357,3,I,868,W
-0.9115,-0.6658,2,I,868,Y
0.4684,0.2015,2,I,869,-
-0.7002,-0.4742,4,I,869,A
-0.792,-0.5545,7,I,869,C
0.3387,0.1533,7,I,869,D
-2.549,-2.723,2,I,869,E
4.829,0.5733,1,I,869,F
0.8476,0.3147,3,I,869,G
-2.436,-2.572,2,I,869,H
0,0,,I,869,I
1.121,0.3756,2,I,869,K
-1.732,-1.616,7,I,869,L
-1.222,-0.9897,7,I,869,N
-1.796,-1.701,3,I,869,P
-3.102,-3.397,1,I,869,Q
-1.56,-1.393,5,I,869,R
2.049,0.4964,4,I,869,T
0.9273,0.334,6,I,869,V
0.3153,0.144,4,I,869,Y
-0.9629,-0.716,1,G,87,-
-9.812,-4.914,3,G,87,C
2.383,0.5194,7,G,87,D
0,0,,G,87,G
1.608,0.4519,4,G,87,S
-0.8251,-0.5846,1,G,87,V
-1.456,-1.264,2,Q,870,-
1.727,0.4659,4,Q,870,A
-1.413,-1.212,2,Q,870,C
0.2507,0.1175,3,Q,870,D
4.879,0.5735,5,Q,870,E
-2.252,-2.322,3,Q,870,F
-1.847,-1.769,5,Q,870,G
0.4546,0.1966,22,Q,870,H
-1.549,-1.381,4,Q,870,I
-1.211,-0.9775,12,Q,870,K
-2.485,-2.638,8,Q,870,L
-1.292,-1.069,8,Q,870,M
-0.6543,-0.4357,2,Q,870,N
-0.2213,-0.1249,5,Q,870,P
0,0,,Q,870,Q
-2.411,-2.538,11,Q,870,R
1.33,0.4126,1,Q,870,S
1.117,0.3747,2,Q,870,V
-3.745,-3.997,7,Q,870,W
-1.114,-0.8719,10,Q,870,Y
-2.421,-2.552,3,A,871,-
0,0,,A,871,A
-5.413,-4.716,3,A,871,C
-3.849,-4.074,4,A,871,D
-5.114,-4.649,5,A,871,E
-8.648,-4.908,6,A,871,F
-2.325,-2.422,7,A,871,G
-6.383,-4.838,7,A,871,H
-9.82,-4.914,6,A,871,I
-7.245,-4.883,3,A,871,K
-8.101,-4.902,5,A,871,L
-7.576,-4.892,10,A,871,M
-7.523,-4.891,11,A,871,N
-7.962,-4.9,6,A,871,P
-6.661,-4.857,3,A,871,Q
-7.62,-4.893,4,A,871,R
-6.297,-4.831,13,A,871,S
-7.944,-4.9,11,A,871,T
-4.503,-4.443,9,A,871,V
-7.56,-4.892,4,A,871,W
-3.777,-4.021,4,A,871,Y
-0.7267,-0.497,2,D,872,-
-4.997,-4.618,2,D,872,A
-4.491,-4.438,3,D,872,C
0,0,,D,872,D
-5.322,-4.697,5,D,872,E
-8.085,-4.902,7,D,872,F
-6.101,-4.813,9,D,872,G
-4.118,-4.248,4,D,872,H
-8.109,-4.902,6,D,872,I
-7.028,-4.875,2,D,872,K
-8.321,-4.905,3,D,872,L
-4.804,-4.558,3,D,872,M
-1.243,-1.013,9,D,872,N
-8.629,-4.908,5,D,872,P
-9.471,-4.913,5,D,872,Q
-7.35,-4.886,5,D,872,R
-4.744,-4.538,8,D,872,S
-5.38,-4.709,6,D,872,T
-6.554,-4.85,4,D,872,V
-4.67,-4.511,6,D,872,W
-10.31,-4.915,19,D,872,Y
-9.282,-4.912,6,Q,873,*
-2.584,-2.77,1,Q,873,-
0.01862,0.009563,5,Q,873,A
-3.371,-3.674,7,Q,873,C
2.839,0.5409,2,Q,873,D
-0.3626,-0.2163,4,Q,873,E
-6.425,-4.841,6,Q,873,F
-1.209,-0.9747,3,Q,873,G
-1.892,-1.83,4,Q,873,H
1.408,0.4247,3,Q,873,I
-2.063,-2.063,12,Q,873,K
-0.6811,-0.4581,3,Q,873,L
-1.049,-0.8034,2,Q,873,M
-4.553,-4.464,6,Q,873,P
0,0,,Q,873,Q
-0.42,-0.2561,5,Q,873,R
-4.757,-4.542,3,Q,873,S
3.889,0.5652,7,Q,873,T
2.535,0.5276,4,Q,873,V
-2.317,-2.411,1,Q,873,W
-2.788,-3.029,7,Q,873,Y
-3.882,-4.097,2,Q,874,*
-0.6979,-0.4723,2,Q,874,A
-7.954,-4.9,10,Q,874,C
-2.245,-2.313,3,Q,874,D
-1.643,-1.5,4,Q,874,E
-5.192,-4.668,3,Q,874,F
-4.709,-4.525,3,Q,874,G
0.2193,0.104,13,Q,874,H
-7.051,-4.876,2,Q,874,I
-7.894,-4.899,8,Q,874,K
-2.608,-2.8,1,Q,874,L
-0.913,-0.6672,7,Q,874,M
-1.059,-0.8136,1,Q,874,N
-7.955,-4.9,4,Q,874,P
0,0,,Q,874,Q
-9.839,-4.914,9,Q,874,R
-6.531,-4.849,2,Q,874,S
-5.734,-4.769,6,Q,874,T
-2.715,-2.937,2,Q,874,V
-10.41,-4.915,4,Q,874,W
-8.832,-4.909,3,Q,874,Y
-5.405,-4.714,6,V,875,A
-1.71,-1.587,2,V,875,C
-5.551,-4.74,5,V,875,D
-7.083,-4.877,4,V,875,E
-7.493,-4.89,3,V,875,F
-8.349,-4.905,6,V,875,G
-7.386,-4.887,4,V,875,H
-9.596,-4.913,2,V,875,I
-7.643,-4.894,1,V,875,K
-5.725,-4.768,8,V,875,L
-8.588,-4.907,5,V,875,M
-6.166,-4.82,3,V,875,N
-7.961,-4.9,5,V,875,P
-2.718,-2.941,2,V,875,Q
-7.511,-4.891,5,V,875,R
-6.916,-4.87,5,V,875,S
0,0,,V,875,V
-7.389,-4.887,2,V,875,W
-6.296,-4.831,5,V,875,Y
-2.268,-2.345,3,D,876,A
-2.922,-3.191,3,D,876,C
0,0,,D,876,D
-2.525,-2.691,4,D,876,E
-2.654,-2.86,1,D,876,F
-0.9742,-0.7272,3,D,876,G
3.83,0.5644,2,D,876,H
-4.143,-4.263,4,D,876,I
-1.692,-1.563,2,D,876,K
-1.987,-1.96,7,D,876,L
-2.147,-2.178,5,D,876,M
-2.301,-2.39,4,D,876,N
-4.801,-4.557,6,D,876,P
-5.858,-4.786,3,D,876,Q
-3.254,-3.558,3,D,876,R
-3.199,-3.501,3,D,876,S
-2.22,-2.279,3,D,876,T
-2.287,-2.371,3,D,876,V
-3.676,-3.943,4,D,876,W
-2.859,-3.116,13,D,876,Y
-1.98,-1.95,5,R,877,A
-3.603,-3.883,2,R,877,C
-7.707,-4.895,5,R,877,D
-4.557,-4.466,6,R,877,E
-4.419,-4.406,11,R,877,G
-1.9,-1.841,5,R,877,H
-6.529,-4.849,2,R,877,I
-2.202,-2.254,1,R,877,K
-3.284,-3.589,13,R,877,L
-2.385,-2.504,5,R,877,M
-4.399,-4.397,5,R,877,N
-7.909,-4.899,4,R,877,P
-2.89,-3.153,11,R,877,Q
0,0,,R,877,R
-3.375,-3.678,3,R,877,S
-2.231,-2.294,6,R,877,T
-4.828,-4.566,5,R,877,V
-9.476,-4.913,8,R,877,W
-5.129,-4.653,2,R,877,Y
-7.444,-4.889,2,L,878,*
-7.713,-4.895,2,L,878,A
-7.928,-4.899,7,L,878,C
-7.842,-4.898,3,L,878,D
-7.961,-4.9,7,L,878,E
-5.623,-4.752,15,L,878,F
-7.127,-4.879,4,L,878,G
-0.3856,-0.232,6,L,878,I
-4.093,-4.234,8,L,878,K
0,0,,L,878,L
-4.346,-4.371,6,L,878,M
-4.182,-4.285,2,L,878,N
-6.913,-4.87,5,L,878,P
-4.84,-4.57,5,L,878,Q
-8.125,-4.902,6,L,878,R
-6.886,-4.869,1,L,878,S
-7.699,-4.895,3,L,878,T
-3.67,-3.938,10,L,878,V
-6.933,-4.871,4,L,878,W
-5.498,-4.731,8,L,878,Y
0.1484,0.07242,1,I,879,-
-7.496,-4.89,6,I,879,A
-3.919,-4.123,2,I,879,C
-7.871,-4.898,2,I,879,D
-4.893,-4.587,2,I,879,E
-3.909,-4.116,2,I,879,F
-7.108,-4.878,4,I,879,G
-5.11,-4.648,3,I,879,H
0,0,,I,879,I
-4.484,-4.435,1,I,879,K
-7.675,-4.895,3,I,879,L
-5.824,-4.781,4,I,879,M
-6.352,-4.836,3,I,879,N
-6.179,-4.821,7,I,879,P
-3.916,-4.121,3,I,879,Q
-5.444,-4.721,8,I,879,R
-4.85,-4.573,3,I,879,S
-5.485,-4.729,3,I,879,T
-3.125,-3.422,6,I,879,V
-4.599,-4.483,7,I,879,W
-0.7959,-0.558,1,S,88,-
-0.2982,-0.1735,3,S,88,I
-0.5679,-0.3662,2,S,88,N
2.445,0.5229,2,S,88,R
0,0,,S,88,S
-2.497,-2.655,1,T,880,-
-0.1108,-0.05992,2,T,880,A
2.13,0.5027,3,T,880,C
-4.011,-4.183,4,T,880,D
-1.955,-1.916,2,T,880,E
-3.08,-3.373,5,T,880,F
-0.6978,-0.4722,1,T,880,G
-4.848,-4.573,3,T,880,H
-0.06036,-0.03199,5,T,880,I
-3.967,-4.155,1,T,880,K
-2.721,-2.946,2,T,880,L
0.07388,0.03713,1,T,880,M
6.062,0.5769,4,T,880,N
-5.136,-4.655,6,T,880,P
-2.876,-3.137,4,T,880,Q
-1.241,-1.011,6,T,880,R
2.028,0.4947,5,T,880,S
0,0,,T,880,T
1.75,0.4684,1,T,880,V
-3.349,-3.653,3,T,880,W
-2.315,-2.409,3,T,880,Y
0.1533,0.07468,1,G,881,-
-4.274,-4.335,5,G,881,A
-7.382,-4.887,16,G,881,C
-4.707,-4.524,10,G,881,D
-6.918,-4.87,2,G,881,E
-4.342,-4.369,8,G,881,F
0,0,,G,881,G
-2.032,-2.02,5,G,881,H
-7.507,-4.891,7,G,881,I
-2.67,-2.88,8,G,881,K
-2.59,-2.777,1,G,881,L
-2.681,-2.894,1,G,881,M
-1.798,-1.703,5,G,881,N
-6.868,-4.868,1,G,881,P
-3.771,-4.017,4,G,881,Q
-3.811,-4.046,5,G,881,R
-3.616,-3.894,2,G,881,S
-6.872,-4.868,1,G,881,T
-7.134,-4.879,10,G,881,V
-5.464,-4.725,7,G,881,W
-5.743,-4.77,4,G,881,Y
-0.4155,-0.2529,1,R,882,-
-7.291,-4.884,6,R,882,A
-6.335,-4.835,5,R,882,C
-7.894,-4.899,5,R,882,D
-6.636,-4.855,6,R,882,E
-7.033,-4.875,4,R,882,F
-4.994,-4.617,3,R,882,H
-6.181,-4.821,13,R,882,I
-6.42,-4.841,3,R,882,K
-7.984,-4.9,5,R,882,L
-1.52,-1.344,3,R,882,M
-7.949,-4.9,4,R,882,N
-6.923,-4.87,3,R,882,P
-6.541,-4.85,3,R,882,Q
0,0,,R,882,R
-4.291,-4.343,3,R,882,S
-5.216,-4.674,7,R,882,T
-6.882,-4.869,3,R,882,V
-5.424,-4.718,4,R,882,W
-7.424,-4.888,3,R,882,Y
-0.9683,-0.7214,1,L,883,-
-7.767,-4.896,5,L,883,C
-8.959,-4.91,4,L,883,E
-6.33,-4.834,2,L,883,F
-7.964,-4.9,6,L,883,G
-5.202,-4.671,4,L,883,H
1.093,0.37,4,L,883,I
-6.872,-4.868,2,L,883,K
0,0,,L,883,L
-11.56,-4.916,8,L,883,M
-9.085,-4.911,1,L,883,N
-8.774,-4.909,7,L,883,P
-10.68,-4.915,8,L,883,Q
-4.426,-4.409,2,L,883,R
-7.256,-4.883,2,L,883,S
-4.925,-4.597,7,L,883,T
-3.756,-4.005,5,L,883,V
-7.64,-4.894,3,L,883,W
-5.275,-4.687,2,L,883,Y
0,0,,A,884,A
-4.751,-4.54,8,A,884,C
-0.489,-0.3061,7,A,884,D
-1.494,-1.311,5,A,884,E
0.1517,0.07393,3,A,884,F
2.192,0.5071,7,A,884,G
1.312,0.4097,7,A,884,H
-7.381,-4.887,5,A,884,I
-2.974,-3.253,6,A,884,K
-2.135,-2.162,2,A,884,L
-3.463,-3.76,3,A,884,M
-8.773,-4.909,6,A,884,P
0.3838,0.1707,5,A,884,Q
-2.992,-3.274,2,A,884,R
-0.6096,-0.3993,2,A,884,S
-1.188,-0.9513,8,A,884,T
-2.141,-2.171,5,A,884,V
-1.549,-1.381,6,A,884,W
0.6097,0.2482,4,A,884,Y
0,0,,A,885,A
-3.453,-3.752,8,A,885,C
-4.428,-4.41,11,A,885,D
-7.295,-4.885,2,A,885,E
-7.665,-4.894,5,A,885,F
-3.027,-3.313,2,A,885,G
-2.029,-2.016,3,A,885,I
-11.15,-4.915,3,A,885,K
-1.647,-1.506,3,A,885,L
-5.244,-4.68,6,A,885,M
-4.734,-4.534,4,A,885,N
-6.814,-4.865,5,A,885,P
-3.746,-3.998,7,A,885,Q
-6.485,-4.846,6,A,885,R
-1.111,-0.8677,15,A,885,S
-0.2392,-0.136,14,A,885,T
-0.802,-0.5636,8,A,885,V
-4.767,-4.546,3,A,885,W
-5.092,-4.643,2,A,885,Y
-8.03,-4.901,8,L,886,A
-7.278,-4.884,4,L,886,C
-4.31,-4.353,5,L,886,D
-3.863,-4.084,8,L,886,E
-6.474,-4.845,2,L,886,F
-5.509,-4.733,1,L,886,G
-5.559,-4.742,5,L,886,H
-6.625,-4.855,5,L,886,I
-5.017,-4.623,4,L,886,K
0,0,,L,886,L
-8.385,-4.905,9,L,886,M
-9.843,-4.914,6,L,886,N
-7.509,-4.891,5,L,886,P
-7.62,-4.893,4,L,886,Q
-4.906,-4.591,5,L,886,R
-5.826,-4.782,4,L,886,S
-15.74,-4.916,5,L,886,T
-6.9,-4.869,2,L,886,V
-8.337,-4.905,5,L,886,W
-7.005,-4.874,2,L,886,Y
-1.996,-1.971,2,N,887,A
-7.393,-4.888,2,N,887,C
-0.7209,-0.492,8,N,887,D
-0.09286,-0.04985,3,N,887,E
-3.71,-3.97,10,N,887,F
-0.9678,-0.7208,2,N,887,G
-4.558,-4.467,6,N,887,H
-5.475,-4.727,8,N,887,I
0.6523,0.2612,3,N,887,K
-2.218,-2.277,2,N,887,L
-2.104,-2.119,2,N,887,M
0,0,,N,887,N
-7.182,-4.881,4,N,887,P
-0.6954,-0.4701,5,N,887,Q
-2.878,-3.139,3,N,887,R
-0.5197,-0.3291,5,N,887,S
-1.65,-1.508,5,N,887,T
-6.651,-4.856,4,N,887,V
-4.45,-4.42,2,N,887,W
-3.005,-3.289,2,N,887,Y
-1.204,-0.9699,1,V,888,A
-1.385,-1.179,3,V,888,C
-1.694,-1.567,2,V,888,D
-2.711,-2.933,3,V,888,E
-2.297,-2.384,3,V,888,F
-1.745,-1.633,6,V,888,G
-2.853,-3.109,3,V,888,H
-0.5547,-0.3559,2,V,888,I
-2.596,-2.785,7,V,888,K
0.3732,0.1667,16,V,888,L
-2.184,-2.229,11,V,888,M
-2.715,-2.938,5,V,888,N
-7.003,-4.874,1,V,888,P
-4.14,-4.261,2,V,888,Q
-2.654,-2.86,3,V,888,R
2.274,0.5127,1,V,888,S
8.552,0.5783,2,V,888,T
0,0,,V,888,V
-2.165,-2.203,5,V,888,W
-1.962,-1.925,3,V,888,Y
-5.647,-4.756,7,F,889,A
-7.88,-4.899,9,F,889,C
-7.268,-4.884,4,F,889,D
-3.053,-3.343,5,F,889,E
0,0,,F,889,F
-3.034,-3.321,3,F,889,G
-2.674,-2.885,1,F,889,H
-6.844,-4.867,6,F,889,I
-9.137,-4.911,2,F,889,K
-8.251,-4.904,13,F,889,L
-10.05,-4.914,3,F,889,M
-6.112,-4.815,6,F,889,N
-7.267,-4.884,6,F,889,P
-4.149,-4.266,2,F,889,Q
-2.663,-2.872,1,F,889,R
-2.933,-3.205,1,F,889,S
-7.322,-4.885,3,F,889,T
-4.164,-4.275,3,F,889,V
-2.088,-2.097,3,F,889,Y
0.6103,0.2484,4,R,89,L
-0.7362,-0.5052,2,R,89,Q
0,0,,R,89,R
1.241,0.3976,2,R,89,W
-3.129,-3.426,3,V,890,A
-0.8694,-0.6257,2,V,890,C
-4.529,-4.455,7,V,890,D
-4.388,-4.391,3,V,890,E
-7.515,-4.891,13,V,890,F
-7.487,-4.89,5,V,890,G
-7.09,-4.877,8,V,890,H
-4.309,-4.353,11,V,890,I
-2.837,-3.089,6,V,890,K
-2.057,-2.056,4,V,890,L
-1.477,-1.29,6,V,890,M
-5.817,-4.781,4,V,890,N
-10.79,-4.915,3,V,890,P
-6.197,-4.823,5,V,890,R
-2.251,-2.322,4,V,890,S
0.05844,0.02956,4,V,890,T
0,0,,V,890,V
-7.332,-4.886,3,V,890,W
-2.097,-2.109,1,V,890,Y
0.9149,0.3311,2,S,891,A
-2.955,-3.231,5,S,891,C
-1.424,-1.225,1,S,891,D
-2.02,-2.005,5,S,891,E
-2.641,-2.843,11,S,891,F
-0.8159,-0.5762,3,S,891,G
-4.736,-4.535,4,S,891,H
1.704,0.4633,2,S,891,I
-3.075,-3.367,2,S,891,K
-1.07,-0.8247,4,S,891,L
0.8049,0.3038,3,S,891,M
-0.9242,-0.6781,3,S,891,P
-2.486,-2.64,3,S,891,Q
-1.732,-1.616,5,S,891,R
0,0,,S,891,S
4.183,0.5686,1,S,891,T
-1.385,-1.179,3,S,891,V
-3.082,-3.375,2,S,891,W
-1.788,-1.691,7,S,891,Y
1.153,0.3816,3,H,892,A
-2.713,-2.935,6,H,892,C
-1.16,-0.9207,3,H,892,D
0.451,0.1954,2,H,892,E
-2.346,-2.45,8,H,892,F
-1.039,-0.7933,6,H,892,G
0,0,,H,892,H
-2.189,-2.236,5,H,892,I
0.5478,0.2284,3,H,892,K
-4.009,-4.182,1,H,892,L
0.3097,0.1418,3,H,892,M
0.8822,0.3233,9,H,892,N
-6.885,-4.869,7,H,892,P
0.1383,0.06777,6,H,892,Q
1.441,0.4296,8,H,892,R
0.3005,0.1381,4,H,892,S
-1.452,-1.259,3,H,892,T
-2.117,-2.137,7,H,892,V
0.4911,0.2094,4,H,892,W
1.862,0.4798,7,H,892,Y
0.1686,0.08165,2,T,893,A
-0.3783,-0.227,6,T,893,C
-6.793,-4.864,5,T,893,D
-0.5526,-0.3543,7,T,893,E
-3.661,-3.931,3,T,893,F
-7.325,-4.886,3,T,893,G
-2.006,-1.986,4,T,893,H
-0.8184,-0.5785,3,T,893,I
-2.979,-3.258,6,T,893,K
-0.9007,-0.6554,6,T,893,L
-1.063,-0.8177,1,T,893,M
-7.618,-4.893,4,T,893,N
-7.817,-4.897,5,T,893,P
2.352,0.5176,1,T,893,Q
3.753,0.5633,4,T,893,R
-1.334,-1.118,3,T,893,S
0,0,,T,893,T
-0.4881,-0.3054,5,T,893,V
-2.812,-3.058,4,T,893,W
5.693,0.5763,5,T,893,Y
-2.806,-3.051,4,L,894,A
-4.836,-4.569,3,L,894,C
-4.501,-4.443,6,L,894,D
-2.824,-3.074,5,L,894,E
-2.099,-2.112,3,L,894,F
-7.357,-4.886,2,L,894,G
-2.536,-2.705,4,L,894,H
-0.8214,-0.5813,5,L,894,I
-0.3852,-0.2317,3,L,894,K
0,0,,L,894,L
0.7147,0.2793,8,L,894,M
-1.87,-1.801,3,L,894,N
-10.42,-4.915,8,L,894,P
-0.9678,-0.7208,6,L,894,Q
-2.165,-2.203,4,L,894,R
-3.221,-3.524,5,L,894,S
-2.721,-2.946,2,L,894,T
-1.278,-1.053,4,L,894,V
-3.956,-4.147,3,L,894,W
-4.447,-4.419,5,L,894,Y
0.09157,0.0457,1,T,895,-
0.8645,0.319,3,T,895,A
-1.157,-0.9179,4,T,895,C
0.8749,0.3215,4,T,895,D
0.04677,0.02376,7,T,895,E
-0.5244,-0.3327,4,T,895,F
1.354,0.4164,6,T,895,G
2.191,0.5071,5,T,895,H
-0.5502,-0.3525,9,T,895,I
-1.707,-1.584,6,T,895,K
-0.6585,-0.4392,4,T,895,L
-0.9581,-0.7113,6,T,895,M
-3.455,-3.753,2,T,895,N
-7.624,-4.893,4,T,895,P
6.817,0.5777,5,T,895,Q
2.648,0.5331,2,T,895,R
2.135,0.503,3,T,895,S
0,0,,T,895,T
-0.2859,-0.1655,3,T,895,V
-1.015,-0.7679,7,T,895,W
-7.029,-4.875,2,K,896,*
0.1222,0.06024,1,K,896,-
-4.73,-4.533,3,K,896,A
-7.98,-4.9,1,K,896,C
-7.489,-4.89,2,K,896,D
-7.349,-4.886,2,K,896,E
-6.375,-4.838,7,K,896,F
-7.111,-4.878,1,K,896,G
-1.452,-1.259,3,K,896,H
-0.837,-0.5956,1,K,896,I
0,0,,K,896,K
-2.1,-2.114,5,K,896,L
-7.316,-4.885,3,K,896,M
-10.06,-4.914,7,K,896,N
-7.36,-4.887,4,K,896,P
-2.3,-2.389,3,K,896,Q
2.775,0.5384,8,K,896,R
-6.932,-4.871,3,K,896,S
-6.268,-4.829,4,K,896,T
-2.847,-3.101,5,K,896,V
-7.371,-4.887,7,K,896,W
-7.009,-4.874,6,K,896,Y
-7.047,-4.876,2,Y,897,*
0.2239,0.1061,1,Y,897,-
2.279,0.513,6,Y,897,A
-1.234,-1.003,2,Y,897,C
-3.91,-4.116,4,Y,897,D
-6.342,-4.835,2,Y,897,E
-0.8714,-0.6277,4,Y,897,F
-1.015,-0.7679,3,Y,897,G
-0.9225,-0.6764,4,Y,897,H
-0.7391,-0.5078,5,Y,897,I
-0.5685,-0.3667,2,Y,897,K
-0.6098,-0.3995,3,Y,897,L
-0.1875,-0.1045,3,Y,897,M
-2.361,-2.471,5,Y,897,N
-7.552,-4.892,3,Y,897,P
-1.287,-1.063,2,Y,897,Q
1.232,0.3961,6,Y,897,R
1.364,0.4181,4,Y,897,S
0.2769,0.1285,4,Y,897,T
-2.346,-2.45,4,Y,897,V
-1.652,-1.512,5,Y,897,W
0,0,,Y,897,Y
-0.5958,-0.3882,1,T,898,-
-0.9426,-0.696,6,T,898,A
-8.487,-4.907,5,T,898,C
-1.352,-1.14,6,T,898,D
0.4909,0.2093,5,T,898,E
-0.4993,-0.3138,6,T,898,F
-1.43,-1.233,2,T,898,G
3.492,0.5588,3,T,898,H
0.3993,0.1765,11,T,898,I
-1.522,-1.346,3,T,898,K
4.219,0.5689,3,T,898,L
3.52,0.5594,4,T,898,M
4.212,0.5689,7,T,898,N
-4.413,-4.403,3,T,898,P
-0.156,-0.08585,5,T,898,Q
1.33,0.4127,7,T,898,R
1.585,0.449,9,T,898,S
0,0,,T,898,T
-0.6372,-0.4217,5,T,898,V
-1.908,-1.852,1,T,898,W
0.8353,0.3116,2,T,898,Y
-6.408,-4.84,12,E,899,*
-1.623,-1.475,1,E,899,-
-0.3852,-0.2317,1,E,899,A
-3.319,-3.623,2,E,899,C
-1.357,-1.145,10,E,899,D
0,0,,E,899,E
-1.463,-1.273,6,E,899,F
-1.207,-0.9724,5,E,899,G
-0.6251,-0.4118,3,E,899,H
-2.576,-2.759,4,E,899,I
3.313,0.555,6,E,899,K
-1.965,-1.929,5,E,899,L
0.4021,0.1775,2,E,899,M
3.408,0.5571,6,E,899,N
-6.265,-4.829,4,E,899,P
0.3894,0.1728,1,E,899,Q
3.56,0.5601,2,E,899,R
-0.1144,-0.06193,2,E,899,S
-1.321,-1.102,6,E,899,T
-5.421,-4.717,2,E,899,V
-2.047,-2.041,2,E,899,W
-3.734,-3.989,2,E,899,Y
0,0,,A,9,A
4.464,0.571,1,A,9,D
-0.7419,-0.5102,1,A,9,S
-1.516,-1.339,6,A,9,T
0,0,,F,90,F
-0.4619,-0.2862,9,F,90,L
-0.7796,-0.5434,1,F,90,S
-3.333,-3.637,2,F,90,Y
-0.8169,-0.5771,1,V,900,-
-3.014,-3.299,5,V,900,A
-3.932,-4.131,3,V,900,C
-8.256,-4.904,4,V,900,D
-4.069,-4.219,3,V,900,E
-7.073,-4.877,2,V,900,F
-6.918,-4.87,2,V,900,G
-7.71,-4.895,4,V,900,H
2.464,0.524,2,V,900,I
-5.309,-4.694,5,V,900,K
-2.748,-2.98,10,V,900,L
-3.851,-4.075,4,V,900,M
-3.885,-4.099,2,V,900,N
-3.794,-4.034,2,V,900,P
-7.823,-4.897,7,V,900,Q
-8.28,-4.904,5,V,900,R
-6.824,-4.866,6,V,900,S
-6.431,-4.842,3,V,900,T
0,0,,V,900,V
-3.85,-4.075,1,V,900,W
-4.842,-4.571,6,V,900,Y
0.6739,0.2676,1,R,901,-
-1.362,-1.151,2,R,901,A
-7.353,-4.886,2,R,901,C
-7.347,-4.886,7,R,901,D
-6.817,-4.865,4,R,901,E
-6.843,-4.867,2,R,901,F
-3.548,-3.836,7,R,901,G
-2.77,-3.007,5,R,901,H
-6.214,-4.824,5,R,901,I
-0.7341,-0.5033,4,R,901,K
-7.813,-4.897,14,R,901,L
-2.766,-3.002,3,R,901,M
-3.499,-3.793,8,R,901,N
-6.88,-4.869,4,R,901,P
-2.295,-2.381,10,R,901,Q
0,0,,R,901,R
1.176,0.386,3,R,901,S
-3.909,-4.116,6,R,901,T
-4.615,-4.49,7,R,901,V
-3.377,-3.68,15,R,901,W
-2.066,-2.067,2,R,901,Y
0.4089,0.1801,1,A,902,-
0,0,,A,902,A
-3.096,-3.391,2,A,902,C
-1.293,-1.071,7,A,902,D
-3.124,-3.421,3,A,902,E
-0.7001,-0.4742,9,A,902,F
-1.407,-1.205,5,A,902,G
0.1717,0.08304,4,A,902,H
0.5351,0.2243,6,A,902,I
3.174,0.5515,4,A,902,K
0.3247,0.1478,1,A,902,L
-0.2227,-0.1258,5,A,902,M
-0.2298,-0.1301,9,A,902,N
-6.27,-4.829,3,A,902,P
3.379,0.5565,2,A,902,Q
0.6298,0.2544,7,A,902,R
-0.1998,-0.1119,11,A,902,S
-0.06544,-0.03476,12,A,902,T
-0.1771,-0.09828,8,A,902,V
-1.319,-1.101,2,A,902,W
0.06511,0.03284,4,A,902,Y
0.2843,0.1315,1,S,903,-
-0.3188,-0.187,1,S,903,A
-2.672,-2.883,4,S,903,C
-3.04,-3.328,3,S,903,D
-0.2217,-0.1252,5,S,903,E
-2.1,-2.114,3,S,903,F
-3.952,-4.145,3,S,903,G
-1.547,-1.377,9,S,903,H
-3.15,-3.449,6,S,903,I
-2.278,-2.358,1,S,903,K
-1.432,-1.235,10,S,903,L
-1.553,-1.385,8,S,903,M
-1.544,-1.373,3,S,903,N
-4.922,-4.596,5,S,903,P
4.085,0.5676,4,S,903,Q
-6.071,-4.81,2,S,903,R
0,0,,S,903,S
-1.903,-1.844,11,S,903,T
-5.075,-4.639,4,S,903,W
1.304,0.4083,6,S,903,Y
-6.592,-4.853,2,R,904,-
-7.383,-4.887,3,R,904,A
-5.299,-4.692,12,R,904,C
-4.075,-4.223,7,R,904,D
-7.104,-4.878,2,R,904,E
-5.107,-4.647,10,R,904,F
-6.915,-4.87,4,R,904,G
-11.36,-4.916,26,R,904,H
-4.219,-4.305,8,R,904,I
-7.436,-4.889,3,R,904,K
-8.892,-4.91,6,R,904,L
-7.525,-4.891,2,R,904,M
-7.949,-4.9,5,R,904,N
-3.286,-3.591,3,R,904,P
-5.896,-4.791,2,R,904,Q
0,0,,R,904,R
-8.362,-4.905,16,R,904,S
-7.873,-4.898,7,R,904,T
-5.004,-4.62,8,R,904,V
-7.577,-4.892,3,R,904,W
-7.734,-4.896,6,R,904,Y
0.2912,0.1343,2,Q,905,-
-0.5543,-0.3556,3,Q,905,A
-1.151,-0.9115,6,Q,905,C
-0.1272,-0.06923,2,Q,905,D
0.3068,0.1407,1,Q,905,E
-1.096,-0.8521,3,Q,905,F
0.3258,0.1482,6,Q,905,G
0.728,0.283,3,Q,905,H
-0.3344,-0.1973,4,Q,905,I
-0.6819,-0.4588,11,Q,905,K
0.2453,0.1152,3,Q,905,L
-0.4572,-0.2827,3,Q,905,M
-0.3677,-0.2197,11,Q,905,N
-2.338,-2.44,4,Q,905,P
0,0,,Q,905,Q
1.276,0.4038,7,Q,905,R
-1.961,-1.923,3,Q,905,S
-0.4989,-0.3134,3,Q,905,T
-0.4872,-0.3047,6,Q,905,V
3.581,0.5605,3,Q,905,W
0.6763,0.2683,1,Q,905,Y
-1.061,-0.8151,2,L,906,-
-2.287,-2.37,1,L,906,A
-2.641,-2.844,2,L,906,C
-4.962,-4.608,3,L,906,D
-2.37,-2.484,5,L,906,E
-3.077,-3.369,3,L,906,F
-6.879,-4.868,1,L,906,G
-2.098,-2.112,7,L,906,H
-3.066,-3.357,1,L,906,I
2.582,0.53,1,L,906,K
0,0,,L,906,L
-0.6491,-0.4314,7,L,906,M
-2.806,-3.052,6,L,906,N
-4.312,-4.354,9,L,906,P
-1.423,-1.224,2,L,906,Q
-1.961,-1.924,6,L,906,R
-12.75,-4.916,2,L,906,S
-1.316,-1.096,6,L,906,T
-0.4224,-0.2577,2,L,906,V
-5.968,-4.799,3,L,906,W
-1.604,-1.45,2,L,906,Y
-1.734,-1.619,2,A,907,-
0,0,,A,907,A
-2.797,-3.04,7,A,907,C
-6.84,-4.867,5,A,907,D
-5.539,-4.739,3,A,907,E
-9.135,-4.911,8,A,907,F
-5.499,-4.731,8,A,907,G
-9.651,-4.913,10,A,907,H
-5.277,-4.688,7,A,907,I
-8.09,-4.902,8,A,907,K
-7.066,-4.877,1,A,907,L
-6.45,-4.843,2,A,907,M
-6.903,-4.87,2,A,907,N
-6.441,-4.843,5,A,907,P
-8.043,-4.901,5,A,907,Q
-7.297,-4.885,2,A,907,R
-3.377,-3.68,5,A,907,S
-6.745,-4.862,8,A,907,T
-5.256,-4.683,7,A,907,V
-5.705,-4.765,6,A,907,W
-7.128,-4.879,2,A,907,Y
-1.652,-1.512,2,Q,908,*
-0.01404,-0.007306,1,Q,908,-
-1.973,-1.94,2,Q,908,A
-3.08,-3.372,4,Q,908,C
-3.036,-3.324,8,Q,908,D
-1.619,-1.468,2,Q,908,E
-1.444,-1.25,5,Q,908,G
-1.855,-1.78,16,Q,908,H
-0.9635,-0.7166,8,Q,908,I
2.741,0.537,11,Q,908,K
-0.7668,-0.5321,5,Q,908,L
-0.3008,-0.1751,2,Q,908,M
-1.21,-0.9766,5,Q,908,N
-7.8,-4.897,5,Q,908,P
0,0,,Q,908,Q
-0.2454,-0.1398,8,Q,908,R
-1.455,-1.263,2,Q,908,S
2.409,0.5209,3,Q,908,T
-2.961,-3.238,5,Q,908,W
-0.8009,-0.5626,2,Q,908,Y
-6.874,-4.868,1,Q,909,*
0.362,0.1624,1,Q,909,-
0.3561,0.1601,5,Q,909,A
-4.762,-4.544,2,Q,909,D
-0.6685,-0.4475,2,Q,909,E
-1.678,-1.545,1,Q,909,F
-2.249,-2.318,3,Q,909,G
-0.8449,-0.6029,12,Q,909,H
-1.09,-0.8456,3,Q,909,I
-1.176,-0.9382,6,Q,909,K
-0.3763,-0.2256,4,Q,909,L
-0.3135,-0.1835,3,Q,909,M
-1.605,-1.452,2,Q,909,N
-4.194,-4.292,3,Q,909,P
0,0,,Q,909,Q
-1.347,-1.133,1,Q,909,R
-0.443,-0.2725,1,Q,909,S
-1.309,-1.089,4,Q,909,T
0.1074,0.05327,5,Q,909,V
-1.53,-1.356,4,Q,909,W
-0.9638,-0.7168,5,Q,909,Y
-6.461,-4.844,3,T,91,I
-1.384,-1.177,1,T,91,S
0,0,,T,91,T
-7.645,-4.894,4,K,910,A
-4.605,-4.486,5,K,910,D
-7.378,-4.887,3,K,910,E
-4.009,-4.182,4,K,910,F
-4.729,-4.532,1,K,910,G
-5.322,-4.697,5,K,910,H
-7.617,-4.893,5,K,910,I
0,0,,K,910,K
-3.721,-3.978,4,K,910,L
-7.677,-4.895,6,K,910,M
-7.812,-4.897,18,K,910,N
-7.387,-4.887,4,K,910,P
-6.829,-4.866,7,K,910,Q
-2.403,-2.528,4,K,910,R
-7.056,-4.876,4,K,910,S
-4.987,-4.615,9,K,910,T
-9.133,-4.911,7,K,910,V
-8.057,-4.901,4,K,910,W
-7.635,-4.894,6,K,910,Y
-7.008,-4.874,4,V,911,A
-5.164,-4.661,5,V,911,C
-2.36,-2.47,4,V,911,D
-8.775,-4.909,2,V,911,E
-7.092,-4.878,7,V,911,F
-1.734,-1.619,1,V,911,G
-6.773,-4.863,2,V,911,H
1.395,0.4227,11,V,911,I
-5.547,-4.74,3,V,911,L
-7.326,-4.886,3,V,911,M
3.385,0.5566,2,V,911,P
-4.217,-4.304,2,V,911,Q
-7.33,-4.886,2,V,911,R
-7.774,-4.897,8,V,911,S
-4.696,-4.52,3,V,911,T
0,0,,V,911,V
-7.412,-4.888,5,V,911,W
-4.692,-4.519,8,V,911,Y
-0.6486,-0.431,5,N,912,A
-2.11,-2.128,3,N,912,C
-0.1399,-0.07652,3,N,912,D
3.379,0.5565,3,N,912,E
-1.081,-0.8365,9,N,912,F
-0.2712,-0.1561,5,N,912,G
0.4156,0.1825,4,N,912,H
-1.059,-0.8138,6,N,912,I
-0.6859,-0.4621,6,N,912,K
-0.5968,-0.389,4,N,912,L
-1.155,-0.9154,1,N,912,M
0,0,,N,912,N
-5.722,-4.767,6,N,912,P
4.157,0.5683,1,N,912,Q
2.409,0.5209,6,N,912,R
-0.4225,-0.2578,10,N,912,S
1.904,0.4838,3,N,912,T
3.126,0.5502,4,N,912,V
-1.872,-1.802,1,N,912,W
0.001613,0.0008344,2,N,912,Y
-7.13,-4.879,9,E,913,*
-6.943,-4.871,2,E,913,A
-5.05,-4.632,5,E,913,C
-1.479,-1.292,14,E,913,D
0,0,,E,913,E
-2.58,-2.764,3,E,913,F
-4.107,-4.242,5,E,913,G
-1.32,-1.102,1,E,913,H
-3.014,-3.298,4,E,913,I
-3.157,-3.457,20,E,913,K
-6.937,-4.871,2,E,913,L
-1.389,-1.184,3,E,913,M
-2.64,-2.842,3,E,913,N
-6.597,-4.853,3,E,913,P
2.185,0.5066,2,E,913,Q
-3.418,-3.719,4,E,913,R
-1.578,-1.417,3,E,913,S
-2.519,-2.684,3,E,913,T
-3.113,-3.409,6,E,913,V
-7.221,-4.882,5,E,913,W
-7.601,-4.893,4,E,913,Y
-5.254,-4.682,5,C,914,*
-4.341,-4.369,2,C,914,A
0,0,,C,914,C
-7.943,-4.9,6,C,914,D
-6.382,-4.838,5,C,914,F
-7.349,-4.886,3,C,914,G
-6.193,-4.822,6,C,914,H
-5.446,-4.722,6,C,914,I
-7.949,-4.9,8,C,914,K
-7.316,-4.885,4,C,914,L
-6.909,-4.87,9,C,914,M
-6.502,-4.847,2,C,914,N
-4.268,-4.331,4,C,914,P
-7.072,-4.877,3,C,914,Q
-9.78,-4.913,8,C,914,R
-7.131,-4.879,8,C,914,S
-5.309,-4.694,12,C,914,T
-5.356,-4.704,8,C,914,V
-7.301,-4.885,6,C,914,W
-8.996,-4.91,8,C,914,Y
-6.318,-4.833,2,V,915,A
-1.868,-1.798,2,V,915,C
-3.383,-3.686,3,V,915,D
-0.9493,-0.7025,1,V,915,E
-6.076,-4.811,4,V,915,F
-7.244,-4.883,1,V,915,G
-5.826,-4.782,6,V,915,H
-1.363,-1.153,8,V,915,I
-7.395,-4.888,2,V,915,K
-3.738,-3.991,5,V,915,L
-4.401,-4.397,19,V,915,M
-7.189,-4.881,1,V,915,N
3.218,0.5527,4,V,915,P
-7.796,-4.897,9,V,915,Q
-6.078,-4.811,3,V,915,R
-9.503,-4.913,8,V,915,S
-4.783,-4.551,4,V,915,T
0,0,,V,915,V
-5.811,-4.78,3,V,915,W
-7.409,-4.888,3,V,915,Y
-1.636,-1.491,2,K,916,-
-3.889,-4.102,3,K,916,A
-4.401,-4.397,3,K,916,C
-6.654,-4.857,3,K,916,D
-3.989,-4.169,8,K,916,E
-5.029,-4.626,4,K,916,F
-7.793,-4.897,5,K,916,G
-3.351,-3.655,3,K,916,H
-1.143,-0.9026,2,K,916,I
0,0,,K,916,K
0.4328,0.1888,2,K,916,L
0.06126,0.03095,2,K,916,M
-2.537,-2.708,5,K,916,N
-7.225,-4.882,5,K,916,P
-1.327,-1.11,6,K,916,Q
0.3817,0.1699,7,K,916,R
-3.037,-3.324,5,K,916,S
-1.9,-1.841,3,K,916,T
-1.578,-1.416,4,K,916,V
-6.692,-4.859,5,K,916,W
-5.6,-4.749,2,K,916,Y
-1.247,-1.018,1,S,917,-
-0.06622,-0.03518,6,S,917,A
-2.126,-2.15,5,S,917,C
-0.5608,-0.3607,4,S,917,D
0.31,0.1419,3,S,917,E
1.206,0.3914,3,S,917,F
2.049,0.4964,7,S,917,G
0.1164,0.05755,1,S,917,H
-1.728,-1.61,13,S,917,I
1.095,0.3704,5,S,917,K
1.105,0.3724,5,S,917,L
-0.9545,-0.7077,2,S,917,M
-0.3856,-0.232,7,S,917,N
-6.582,-4.852,4,S,917,P
0.5737,0.2368,5,S,917,Q
0.6801,0.2694,6,S,917,R
0,0,,S,917,S
-0.8836,-0.6392,3,S,917,T
-1.036,-0.7898,5,S,917,V
-2.238,-2.304,3,S,917,W
-0.9514,-0.7046,3,S,917,Y
-9.496,-4.913,1,Q,918,*
1.198,0.3899,1,Q,918,-
-2.495,-2.651,5,Q,918,A
-3.031,-3.317,9,Q,918,C
-8.554,-4.907,2,Q,918,D
-4.336,-4.366,6,Q,918,E
-1.552,-1.384,7,Q,918,F
-7.257,-4.883,3,Q,918,G
-1.175,-0.9369,12,Q,918,H
0.1675,0.08112,5,Q,918,I
-3.082,-3.374,10,Q,918,K
-1.599,-1.444,3,Q,918,L
-1.143,-0.9026,6,Q,918,M
-2.321,-2.417,5,Q,918,N
-7.295,-4.885,2,Q,918,P
0,0,,Q,918,Q
-0.8623,-0.6191,5,Q,918,R
-3.216,-3.519,8,Q,918,S
-2.298,-2.385,5,Q,918,T
-1.632,-1.485,5,Q,918,V
-1.829,-1.746,4,Q,918,Y
0.6178,0.2507,2,S,919,-
-2.917,-3.186,6,S,919,A
-6.379,-4.838,3,S,919,D
-3.981,-4.164,5,S,919,E
-5.154,-4.659,5,S,919,F
-9.432,-4.912,4,S,919,G
-3.79,-4.031,4,S,919,H
-4.622,-4.492,8,S,919,I
-7.634,-4.894,6,S,919,K
-5.439,-4.721,5,S,919,L
-7.348,-4.886,5,S,919,M
-3.055,-3.345,15,S,919,N
-11.59,-4.916,8,S,919,P
-8.812,-4.909,3,S,919,Q
-10.72,-4.915,5,S,919,R
0,0,,S,919,S
-0.7975,-0.5596,6,S,919,T
-7.347,-4.886,6,S,919,V
-4.96,-4.607,1,S,919,W
-6.927,-4.871,8,S,919,Y
3.949,0.566,1,T,92,A
0.117,0.0578,1,T,92,I
-0.06016,-0.03188,2,T,92,N
0,0,,T,92,T
0.7705,0.2947,1,K,920,*
-1.791,-1.694,2,K,920,-
0.18,0.08678,6,K,920,A
-4.658,-4.506,8,K,920,C
-1.103,-0.8599,8,K,920,D
-1.404,-1.201,10,K,920,E
-0.3889,-0.2343,3,K,920,F
-2.429,-2.563,1,K,920,G
2.112,0.5013,5,K,920,H
-0.4398,-0.2702,5,K,920,I
0,0,,K,920,K
3.824,0.5643,4,K,920,L
2.378,0.5191,5,K,920,M
-1.151,-0.911,4,K,920,N
0.07639,0.03836,7,K,920,P
-0.5287,-0.3359,4,K,920,Q
0.6329,0.2553,4,K,920,R
3.2,0.5522,5,K,920,S
5.775,0.5764,4,K,920,T
-0.8526,-0.61,3,K,920,V
-0.8812,-0.6369,5,K,920,Y
-0.9686,-0.7216,1,R,921,-
-0.9069,-0.6614,3,R,921,A
-7.601,-4.893,6,R,921,C
-2.707,-2.927,4,R,921,D
-1.857,-1.783,3,R,921,E
-2.604,-2.795,6,R,921,F
-2.316,-2.411,3,R,921,G
-0.3059,-0.1785,2,R,921,H
-1.813,-1.724,12,R,921,I
-0.8311,-0.5901,21,R,921,K
-0.4696,-0.2918,2,R,921,L
-1.006,-0.7593,4,R,921,M
0.4086,0.1799,3,R,921,N
-6.177,-4.821,5,R,921,P
0,0,,R,921,R
-0.1035,-0.05578,2,R,921,S
-0.9395,-0.693,7,R,921,T
-0.7121,-0.4844,6,R,921,V
-3.103,-3.398,3,R,921,W
-2.156,-2.191,8,R,921,Y
-6.93,-4.871,2,Y,922,*
-1.2,-0.9654,2,Y,922,-
-0.298,-0.1733,3,Y,922,A
4.667,0.5724,3,Y,922,C
-0.6573,-0.4382,1,Y,922,E
2.056,0.497,4,Y,922,F
-0.4739,-0.2949,3,Y,922,G
-0.6806,-0.4576,3,Y,922,H
2.487,0.5252,2,Y,922,I
-1.519,-1.343,3,Y,922,K
-0.5064,-0.319,2,Y,922,L
-1.254,-1.026,1,Y,922,M
-0.225,-0.1272,2,Y,922,N
-1.206,-0.9721,2,Y,922,P
2.873,0.5421,4,Y,922,Q
-2.707,-2.928,3,Y,922,R
1.85,0.4786,4,Y,922,S
2.986,0.546,1,Y,922,T
2.499,0.5258,9,Y,922,V
0.05853,0.0296,2,Y,922,W
0,0,,Y,922,Y
-1.572,-1.409,3,G,923,-
-1.593,-1.436,4,G,923,A
-3.261,-3.566,11,G,923,C
-0.4403,-0.2706,16,G,923,D
-2.147,-2.178,4,G,923,E
-11.7,-4.916,7,G,923,F
0,0,,G,923,G
-0.592,-0.3852,6,G,923,H
-6.426,-4.842,1,G,923,I
-1.348,-1.134,4,G,923,K
-2.783,-3.023,1,G,923,L
-2.763,-2.998,5,G,923,M
1.989,0.4914,3,G,923,N
-6.439,-4.843,4,G,923,P
-0.719,-0.4903,5,G,923,Q
-3.964,-4.153,4,G,923,R
-0.7755,-0.5398,10,G,923,S
-7.665,-4.894,5,G,923,V
-5.534,-4.738,6,G,923,W
-2.707,-2.928,5,G,923,Y
-1.86,-1.787,3,F,924,-
-2.096,-2.108,12,F,924,A
-7.906,-4.899,6,F,924,C
-7.732,-4.896,4,F,924,D
-5.82,-4.781,3,F,924,E
0,0,,F,924,F
-11.14,-4.915,2,F,924,G
-2.874,-3.134,1,F,924,H
-1.615,-1.464,5,F,924,I
-3.191,-3.493,5,F,924,K
-2.501,-2.66,12,F,924,L
-1.009,-0.7617,2,F,924,M
-2.933,-3.205,3,F,924,N
-5.853,-4.785,2,F,924,P
3.857,0.5648,5,F,924,Q
-1.659,-1.52,5,F,924,R
-7.291,-4.884,7,F,924,S
-2.672,-2.882,5,F,924,T
-0.8942,-0.6492,5,F,924,V
-1.782,-1.682,7,F,924,W
-2.594,-2.782,1,F,924,Y
-4.457,-4.423,2,C,925,*
-1.001,-0.7539,3,C,925,-
2.951,0.5448,1,C,925,A
0,0,,C,925,C
-7.458,-4.889,4,C,925,D
-6.868,-4.868,2,C,925,E
-4.168,-4.277,12,C,925,F
-7.702,-4.895,3,C,925,G
-6.839,-4.867,6,C,925,H
-7.072,-4.877,10,C,925,I
-6.966,-4.872,3,C,925,K
-2.712,-2.934,7,C,925,L
-9.143,-4.911,4,C,925,M
-6.931,-4.871,2,C,925,N
-10.34,-4.915,7,C,925,P
-8.573,-4.907,3,C,925,Q
-6.82,-4.866,9,C,925,R
-7.175,-4.881,6,C,925,S
-5.247,-4.681,9,C,925,T
-5.794,-4.777,4,C,925,V
-7.701,-4.895,4,C,925,W
-6.659,-4.857,7,C,925,Y
-7.429,-4.889,7,G,926,-
-3.736,-3.99,3,G,926,A
-10.12,-4.914,22,G,926,C
-3.898,-4.108,16,G,926,D
-8.027,-4.901,6,G,926,E
-7.064,-4.876,6,G,926,F
0,0,,G,926,G
-8.479,-4.906,6,G,926,H
-7.566,-4.892,5,G,926,I
-7.67,-4.894,5,G,926,K
-5.675,-4.761,4,G,926,M
-6.172,-4.82,4,G,926,N
-7.109,-4.878,2,G,926,P
-2.132,-2.157,2,G,926,Q
-5.561,-4.742,8,G,926,R
-8.643,-4.908,13,G,926,S
-4.982,-4.613,4,G,926,T
-4.295,-4.345,9,G,926,V
-4.342,-4.369,6,G,926,W
-7.834,-4.898,5,G,926,Y
-3.325,-3.63,5,N,927,-
-1.767,-1.663,1,N,927,A
-4.546,-4.462,3,N,927,C
-2.692,-2.908,6,N,927,D
-1.532,-1.358,6,N,927,E
-3.226,-3.53,5,N,927,F
-4.421,-4.407,6,N,927,G
-3.852,-4.076,5,N,927,H
-1.762,-1.655,6,N,927,I
-1.647,-1.505,4,N,927,K
-4.358,-4.377,5,N,927,L
-0.875,-0.631,1,N,927,M
0,0,,N,927,N
-4.96,-4.607,4,N,927,P
-5.776,-4.775,2,N,927,Q
-1.753,-1.644,6,N,927,R
-2.413,-2.542,4,N,927,S
-2.719,-2.943,4,N,927,T
-2.02,-2.004,6,N,927,V
-2.214,-2.271,2,N,927,W
-5.441,-4.721,5,N,927,Y
-2.484,-2.636,5,G,928,-
-6.552,-4.85,3,G,928,A
-4.74,-4.536,10,G,928,C
-7.381,-4.887,16,G,928,D
-7.03,-4.875,2,G,928,E
-5.383,-4.71,10,G,928,F
0,0,,G,928,G
-6.991,-4.873,7,G,928,H
-5.091,-4.643,7,G,928,K
-4.9,-4.589,7,G,928,L
-8.139,-4.903,6,G,928,M
-4.716,-4.528,3,G,928,N
-7.408,-4.888,2,G,928,P
-7.44,-4.889,6,G,928,Q
-6.87,-4.868,1,G,928,R
-8.856,-4.909,13,G,928,S
-6.943,-4.871,4,G,928,T
-7.221,-4.882,9,G,928,V
-8.989,-4.91,8,G,928,W
-8.361,-4.905,2,G,928,Y
-1.194,-0.9587,4,T,929,-
-0.8083,-0.5693,5,T,929,A
-5.436,-4.72,5,T,929,C
-4.93,-4.598,1,T,929,D
-3.354,-3.658,3,T,929,E
-0.4093,-0.2485,6,T,929,F
-2.51,-2.671,3,T,929,G
0.942,0.3374,5,T,929,H
-3.278,-3.582,5,T,929,I
-2.062,-2.062,3,T,929,K
1.655,0.4576,9,T,929,L
-1.078,-0.8328,8,T,929,M
-2.013,-1.994,7,T,929,N
-3.069,-3.36,2,T,929,P
-1.631,-1.485,6,T,929,Q
-0.1788,-0.09929,4,T,929,R
2.286,0.5135,5,T,929,S
0,0,,T,929,T
-0.02128,-0.0111,7,T,929,V
0.4327,0.1888,2,T,929,W
0.3486,0.1572,7,T,929,Y
-0.8458,-0.6037,2,G,93,C
-2.127,-2.152,2,G,93,D
0,0,,G,93,G
3.971,0.5663,6,G,93,S
0.183,0.08809,2,G,93,V
-2.501,-2.659,4,H,930,-
-3.731,-3.986,2,H,930,A
-4.12,-4.25,5,H,930,C
-6.868,-4.868,1,H,930,D
-3.339,-3.643,4,H,930,E
-8.569,-4.907,3,H,930,F
-7.395,-4.888,1,H,930,G
0,0,,H,930,H
-8.697,-4.908,7,H,930,I
-6.868,-4.868,1,H,930,K
-4.374,-4.384,5,H,930,L
-7.004,-4.874,3,H,930,M
-5.428,-4.718,17,H,930,N
-7.121,-4.879,1,H,930,P
-7.703,-4.895,3,H,930,Q
-9.163,-4.911,5,H,930,R
-3.041,-3.329,3,H,930,S
-10.94,-4.915,5,H,930,T
-4.062,-4.215,4,H,930,V
-7.634,-4.894,3,H,930,W
-7.041,-4.876,5,H,930,Y
-0.9856,-0.7386,5,I,931,-
-2.305,-2.395,3,I,931,A
-5.416,-4.716,5,I,931,C
-4.509,-4.446,2,I,931,D
-7.539,-4.891,6,I,931,E
8.153,0.5782,4,I,931,F
-5.677,-4.761,4,I,931,G
0.884,0.3237,2,I,931,H
0,0,,I,931,I
-5.674,-4.76,5,I,931,K
-0.2168,-0.1222,4,I,931,L
0.3542,0.1594,6,I,931,M
-3.364,-3.668,3,I,931,N
-7.772,-4.897,5,I,931,P
-4.375,-4.385,3,I,931,Q
-4.761,-4.544,3,I,931,R
-7.985,-4.9,5,I,931,S
-5.881,-4.789,6,I,931,T
1.973,0.49,8,I,931,V
3.159,0.5511,6,I,931,W
2.748,0.5373,2,I,931,Y
1.038,0.3587,5,F,932,-
-8.175,-4.903,7,F,932,A
-4.9,-4.589,7,F,932,C
-5.748,-4.771,6,F,932,D
-7.061,-4.876,3,F,932,E
0,0,,F,932,F
-4.783,-4.551,2,F,932,G
-7.441,-4.889,5,F,932,H
-7.732,-4.896,1,F,932,I
-6.748,-4.862,2,F,932,K
-3.399,-3.701,3,F,932,L
-4.642,-4.5,2,F,932,M
-3.038,-3.325,6,F,932,N
-4.266,-4.331,1,F,932,P
-7.622,-4.893,2,F,932,Q
-8.05,-4.901,8,F,932,R
-4.832,-4.568,5,F,932,S
-3.891,-4.103,2,F,932,T
-5.039,-4.629,1,F,932,V
-6.933,-4.871,3,F,932,W
-6.636,-4.856,7,F,932,Y
0.1832,0.08818,5,S,933,-
-7.599,-4.893,4,S,933,C
-5.917,-4.793,6,S,933,D
-6.193,-4.822,7,S,933,E
-7.557,-4.892,6,S,933,F
-5.863,-4.786,4,S,933,G
-7.593,-4.893,5,S,933,H
-11.58,-4.916,13,S,933,I
-7.33,-4.886,4,S,933,K
-7.373,-4.887,7,S,933,L
-7.281,-4.884,2,S,933,M
-3.861,-4.082,11,S,933,N
-7.904,-4.899,5,S,933,P
-6.051,-4.808,3,S,933,Q
-6.032,-4.806,9,S,933,R
0,0,,S,933,S
1.376,0.4198,3,S,933,T
-7.746,-4.896,6,S,933,V
-7.839,-4.898,4,S,933,W
-0.08535,-0.04568,5,I,934,-
-3.933,-4.132,5,I,934,A
-7.069,-4.877,6,I,934,C
-7.764,-4.896,4,I,934,D
-5.408,-4.715,1,I,934,E
-1.133,-0.8922,3,I,934,F
-5.094,-4.644,6,I,934,G
-7.835,-4.898,7,I,934,H
0,0,,I,934,I
-7.687,-4.895,3,I,934,K
1.442,0.4297,3,I,934,L
0.6563,0.2623,8,I,934,M
-6.397,-4.839,6,I,934,N
-5.737,-4.77,6,I,934,P
-5.024,-4.625,8,I,934,Q
-5.792,-4.777,6,I,934,R
-5.002,-4.619,4,I,934,S
-3.548,-3.836,5,I,934,T
0.07475,0.03756,4,I,934,V
-7.802,-4.897,7,I,934,W
-4.475,-4.431,1,I,934,Y
1.728,0.4659,4,V,935,-
-0.07106,-0.03782,3,V,935,A
-1.657,-1.517,2,V,935,C
-7.433,-4.889,4,V,935,D
-7.448,-4.889,7,V,935,E
-5.254,-4.682,4,V,935,F
-7.639,-4.894,8,V,935,G
-6.86,-4.868,3,V,935,H
0.6717,0.2669,4,V,935,I
-5.824,-4.782,5,V,935,K
-2.065,-2.065,5,V,935,L
-5.13,-4.653,14,V,935,M
-9.019,-4.91,4,V,935,N
2.133,0.5029,7,V,935,P
-13.8,-4.916,7,V,935,Q
-4.653,-4.504,4,V,935,R
-9.793,-4.914,5,V,935,S
-2.683,-2.897,3,V,935,T
0,0,,V,935,V
-3.505,-3.799,3,V,935,W
-7.365,-4.887,3,V,935,Y
0.007969,0.004112,4,N,936,-
-4.246,-4.32,5,N,936,A
-3.113,-3.409,6,N,936,C
-6.38,-4.838,7,N,936,D
-6.87,-4.868,1,N,936,E
-6.618,-4.854,4,N,936,F
-6.87,-4.868,2,N,936,G
-4.096,-4.236,1,N,936,H
-4.269,-4.332,3,N,936,I
-5.426,-4.718,5,N,936,K
-8.411,-4.906,10,N,936,L
-8.479,-4.906,2,N,936,M
0,0,,N,936,N
-7.387,-4.887,3,N,936,P
1.092,0.3698,6,N,936,Q
-7.196,-4.881,4,N,936,R
-3.915,-4.12,5,N,936,S
-4.773,-4.548,4,N,936,T
-3.524,-3.815,6,N,936,V
-7.072,-4.877,6,N,936,W
-4.083,-4.228,4,N,936,Y
-0.665,-0.4446,4,A,937,-
0,0,,A,937,A
-6.324,-4.834,3,A,937,C
-4.357,-4.376,7,A,937,D
-10.48,-4.915,7,A,937,E
-7.368,-4.887,3,A,937,F
1.765,0.47,2,A,937,G
-1.696,-1.569,2,A,937,H
-6.979,-4.873,3,A,937,I
-5.87,-4.787,6,A,937,K
-6.485,-4.846,4,A,937,L
-7.484,-4.89,6,A,937,M
-8.109,-4.902,7,A,937,P
4.329,0.5699,1,A,937,Q
-6.993,-4.874,1,A,937,R
-0.206,-0.1156,5,A,937,S
-2.287,-2.371,22,A,937,T
-5.234,-4.678,9,A,937,V
-1.525,-1.35,5,A,937,W
-7.451,-4.889,6,A,937,Y
0.219,0.104,4,A,938,-
0,0,,A,938,A
-4.887,-4.585,4,A,938,C
-7.966,-4.9,4,A,938,D
-6.534,-4.849,7,A,938,E
-3.878,-4.094,5,A,938,F
-7.636,-4.894,6,A,938,G
-8.347,-4.905,3,A,938,H
-3.959,-4.149,5,A,938,I
-5.851,-4.785,4,A,938,K
-7.897,-4.899,8,A,938,L
-4.308,-4.352,2,A,938,M
-7.273,-4.884,3,A,938,N
-7.473,-4.89,4,A,938,P
-3.794,-4.034,7,A,938,Q
-10.37,-4.915,3,A,938,R
-5.221,-4.675,11,A,938,S
-6.987,-4.873,11,A,938,T
-9.245,-4.912,5,A,938,V
-6.898,-4.869,6,A,938,W
-5.374,-4.708,7,A,938,Y
-1.129,-0.8878,4,P,939,-
-7.752,-4.896,5,P,939,A
-4.537,-4.458,10,P,939,C
-6.891,-4.869,2,P,939,D
-6.638,-4.856,1,P,939,E
-7.479,-4.89,8,P,939,F
-4.534,-4.457,6,P,939,G
-8.08,-4.902,8,P,939,H
-7.295,-4.885,3,P,939,I
-6.852,-4.867,6,P,939,K
-8.973,-4.91,5,P,939,L
-10.71,-4.915,4,P,939,M
-9.382,-4.912,6,P,939,N
0,0,,P,939,P
-4.561,-4.468,4,P,939,Q
-7.273,-4.884,4,P,939,R
-9.567,-4.913,8,P,939,S
-6.995,-4.874,16,P,939,T
-6.886,-4.869,1,P,939,V
-7.364,-4.887,3,P,939,W
-2.716,-2.939,4,P,939,Y
-1.022,-0.7753,1,F,94,-
0,0,,F,94,F
-1.531,-1.357,2,F,94,L
-5.933,-4.795,7,E,940,*
-2.57,-2.751,4,E,940,-
-0.631,-0.4166,6,E,940,A
-0.4982,-0.3129,7,E,940,C
-1.483,-1.298,14,E,940,D
0,0,,E,940,E
0.8576,0.3172,4,E,940,F
-1.035,-0.7888,11,E,940,G
-0.1151,-0.06231,5,E,940,H
-4.703,-4.523,5,E,940,I
-0.8355,-0.5942,8,E,940,K
2.058,0.4971,6,E,940,L
-0.6017,-0.393,4,E,940,M
0.009912,0.00511,4,E,940,N
-5.632,-4.754,4,E,940,P
1.845,0.4782,6,E,940,Q
-2.919,-3.188,4,E,940,R
-0.2463,-0.1404,1,E,940,S
-4.672,-4.511,9,E,940,T
-0.8291,-0.5883,5,E,940,V
0.2434,0.1144,3,E,940,W
2.054,0.4968,10,E,940,Y
-2.652,-2.857,4,G,941,-
-8.07,-4.902,7,G,941,A
-10.36,-4.915,15,G,941,C
-4.539,-4.459,4,G,941,D
-5.53,-4.737,8,G,941,E
-5.21,-4.672,6,G,941,F
0,0,,G,941,G
-4.773,-4.548,5,G,941,H
-9.995,-4.914,4,G,941,I
-7.316,-4.885,3,G,941,K
-3.968,-4.155,1,G,941,L
-7.443,-4.889,3,G,941,M
-8.225,-4.904,2,G,941,N
-4.808,-4.559,3,G,941,P
-5.708,-4.765,6,G,941,Q
-8.797,-4.909,10,G,941,R
-7.428,-4.889,12,G,941,S
-4.765,-4.545,4,G,941,T
-9.756,-4.913,12,G,941,V
-4.541,-4.459,6,G,941,W
-8.184,-4.903,7,G,941,Y
-0.9513,-0.7045,4,L,942,-
-7.594,-4.893,3,L,942,A
-7.189,-4.881,4,L,942,C
-7.366,-4.887,3,L,942,D
-5.523,-4.736,7,L,942,E
-1.688,-1.558,7,L,942,F
-6.892,-4.869,1,L,942,G
-1.123,-0.8806,5,L,942,I
-7.321,-4.885,2,L,942,K
0,0,,L,942,L
-0.4227,-0.258,13,L,942,M
-6.853,-4.867,3,L,942,N
-4.973,-4.611,15,L,942,P
-4.906,-4.591,6,L,942,Q
-6.929,-4.871,3,L,942,R
-7.022,-4.875,7,L,942,S
-6.859,-4.868,8,L,942,T
-1.13,-0.8885,2,L,942,V
-7.474,-4.89,6,L,942,W
-4.965,-4.609,4,L,942,Y
1.921,0.4853,2,V,943,-
-5.009,-4.621,10,V,943,A
-3.22,-3.523,1,V,943,C
-7.506,-4.891,2,V,943,D
-8.005,-4.901,7,V,943,E
-2.295,-2.382,8,V,943,F
-5,-4.618,5,V,943,G
-6.326,-4.834,3,V,943,H
-0.2266,-0.1282,4,V,943,I
-7.989,-4.9,5,V,943,K
-0.5986,-0.3905,6,V,943,L
0.3007,0.1382,10,V,943,M
-4.769,-4.547,4,V,943,N
-7.316,-4.885,2,V,943,P
-6.897,-4.869,2,V,943,Q
-10.27,-4.915,5,V,943,R
-7.716,-4.895,5,V,943,S
-4.271,-4.333,3,V,943,T
0,0,,V,943,V
-5.26,-4.684,11,V,943,W
-7.608,-4.893,7,V,943,Y
-1.572,-1.409,2,F,944,-
-6.053,-4.809,4,F,944,A
-6.174,-4.821,2,F,944,C
-8.64,-4.908,3,F,944,D
-6.756,-4.862,3,F,944,E
0,0,,F,944,F
-7.931,-4.899,3,F,944,G
-4.583,-4.477,3,F,944,I
-5.374,-4.708,2,F,944,K
-4.048,-4.206,11,F,944,L
-6.178,-4.821,1,F,944,M
-7.274,-4.884,2,F,944,N
-4.868,-4.579,3,F,944,P
-7.338,-4.886,2,F,944,Q
-7.279,-4.884,3,F,944,R
-7.103,-4.878,3,F,944,S
-7.39,-4.887,3,F,944,T
-7.308,-4.885,2,F,944,V
-9.152,-4.911,4,F,944,W
-1.92,-1.868,6,F,944,Y
-0.6775,-0.455,2,L,945,-
-8.263,-4.904,1,L,945,A
-7.735,-4.896,5,L,945,C
-4.447,-4.418,8,L,945,D
-3.412,-3.714,2,L,945,E
4.32,0.5698,2,L,945,F
-7.32,-4.885,5,L,945,G
-6.284,-4.83,5,L,945,H
-1.422,-1.223,4,L,945,I
-4.972,-4.61,7,L,945,K
0,0,,L,945,L
-1.691,-1.562,6,L,945,M
-7.289,-4.884,7,L,945,N
-8.083,-4.902,5,L,945,P
-6.738,-4.861,2,L,945,Q
-10.89,-4.915,4,L,945,R
-4.823,-4.565,6,L,945,S
-8.501,-4.907,3,L,945,T
-8.118,-4.902,7,L,945,V
-4.22,-4.306,2,L,945,W
-3.922,-4.124,5,L,945,Y
-1.455,-1.263,2,H,946,-
-4.864,-4.578,8,H,946,A
-7.972,-4.9,6,H,946,C
-3.953,-4.145,3,H,946,D
-5.299,-4.692,7,H,946,E
-6.223,-4.825,4,H,946,F
-7.553,-4.892,4,H,946,G
0,0,,H,946,H
-10.11,-4.914,4,H,946,I
-7.683,-4.895,3,H,946,K
-5.746,-4.771,5,H,946,L
-7.426,-4.888,3,H,946,M
-7.279,-4.884,3,H,946,N
-7.94,-4.9,2,H,946,P
-4.698,-4.521,6,H,946,Q
-7.493,-4.89,3,H,946,R
-5.292,-4.691,6,H,946,S
-6.554,-4.85,7,H,946,T
-7.246,-4.883,3,H,946,V
-7.888,-4.899,3,H,946,W
-3.878,-4.094,5,H,946,Y
-0.01002,-0.005204,1,T,947,-
2.669,0.534,3,T,947,A
-0.8291,-0.5883,4,T,947,C
-7.329,-4.886,2,T,947,D
-8.043,-4.901,7,T,947,E
-0.9206,-0.6746,6,T,947,F
-7.059,-4.876,1,T,947,G
-1.404,-1.201,5,T,947,H
-1.54,-1.369,7,T,947,I
-6.967,-4.872,3,T,947,K
-11.44,-4.916,1,T,947,L
-1.799,-1.705,4,T,947,M
-1.692,-1.564,5,T,947,N
-3.201,-3.503,2,T,947,P
-7.009,-4.874,5,T,947,Q
-5.384,-4.71,1,T,947,R
-1.545,-1.375,5,T,947,S
0,0,,T,947,T
-0.5145,-0.3252,5,T,947,V
-0.9917,-0.7447,2,T,947,W
0.31,0.1419,1,T,947,Y
-1.724,-1.605,1,V,948,-
-1.991,-1.964,4,V,948,A
-1.391,-1.185,7,V,948,C
-4.184,-4.286,4,V,948,D
-5.645,-4.756,7,V,948,E
-6.706,-4.86,6,V,948,F
-4.593,-4.481,5,V,948,G
-8.398,-4.906,4,V,948,H
-0.9443,-0.6977,6,V,948,I
-8.061,-4.901,7,V,948,K
-0.5012,-0.3151,15,V,948,L
-2.154,-2.187,15,V,948,M
-1.511,-1.332,4,V,948,N
-5.162,-4.661,1,V,948,P
-7.324,-4.886,3,V,948,Q
-8.512,-4.907,2,V,948,R
-2.416,-2.546,4,V,948,S
0.6143,0.2496,3,V,948,T
0,0,,V,948,V
-4.337,-4.367,1,V,948,W
-9.779,-4.913,3,V,948,Y
0.4406,0.1916,1,L,949,-
-1.714,-1.592,5,L,949,A
-7.906,-4.899,4,L,949,C
-6.923,-4.871,7,L,949,D
-8.077,-4.902,5,L,949,E
-1.049,-0.8036,5,L,949,F
-3.046,-3.335,5,L,949,G
-0.298,-0.1733,5,L,949,I
-4.308,-4.352,4,L,949,K
0,0,,L,949,L
-0.2098,-0.1179,4,L,949,M
-6.35,-4.836,4,L,949,N
-7.465,-4.89,6,L,949,P
-3.05,-3.339,6,L,949,Q
-7.619,-4.893,4,L,949,S
-3.532,-3.822,3,L,949,T
-1.01,-0.7633,6,L,949,V
-2.074,-2.079,2,L,949,W
-1.87,-1.801,3,L,949,Y
-1.433,-1.236,1,V,95,-
2.706,0.5356,1,V,95,A
-1.149,-0.9089,1,V,95,G
-4.261,-4.328,1,V,95,L
0,0,,V,95,V
-1.234,-1.003,1,L,950,-
-0.4041,-0.2449,4,L,950,A
-1.101,-0.8571,2,L,950,C
-2.498,-2.655,2,L,950,D
4.477,0.5711,5,L,950,E
-1.406,-1.203,6,L,950,F
-1.218,-0.9846,3,L,950,G
-1.32,-1.102,8,L,950,H
0.7594,0.2917,8,L,950,I
1.667,0.459,5,L,950,K
0,0,,L,950,L
0.0215,0.01103,9,L,950,M
1.664,0.4586,2,L,950,N
-7.697,-4.895,6,L,950,P
0.506,0.2145,5,L,950,Q
-1.137,-0.8957,3,L,950,R
0.502,0.2131,7,L,950,S
0.1425,0.0697,8,L,950,V
-0.7892,-0.552,5,L,950,W
2.715,0.536,1,L,950,Y
-1.053,-0.8073,1,P,951,-
-1.053,-0.8068,6,P,951,A
-7.846,-4.898,3,P,951,C
-4.154,-4.269,9,P,951,D
-1.432,-1.235,2,P,951,F
-3.86,-4.082,8,P,951,G
-2.012,-1.994,4,P,951,H
-3.044,-3.332,5,P,951,I
-5.437,-4.72,4,P,951,K
-10.44,-4.915,9,P,951,L
-5.628,-4.753,2,P,951,M
0.365,0.1635,1,P,951,N
0,0,,P,951,P
-4.592,-4.481,10,P,951,Q
-4.288,-4.342,6,P,951,R
-3.441,-3.74,6,P,951,S
-2.247,-2.316,8,P,951,T
-1.567,-1.402,5,P,951,V
-1.15,-0.9099,8,P,951,W
0.1718,0.08306,3,T,952,A
2.284,0.5134,1,T,952,C
1.237,0.3969,1,T,952,D
-0.6792,-0.4565,2,T,952,E
-1.162,-0.9237,4,T,952,F
1.007,0.352,3,T,952,G
-0.8794,-0.6352,2,T,952,H
-1.966,-1.931,4,T,952,I
-1.424,-1.225,10,T,952,K
-0.767,-0.5322,6,T,952,M
0.04356,0.02216,6,T,952,N
-8.123,-4.902,8,T,952,P
0.5582,0.2318,8,T,952,Q
-3.208,-3.51,6,T,952,R
0,0,,T,952,T
-0.8799,-0.6357,7,T,952,V
-2.535,-2.704,6,T,952,W
-1.617,-1.466,5,T,952,Y
-5.835,-4.783,4,Q,953,*
-7.073,-4.877,2,Q,953,A
-1.079,-0.8341,6,Q,953,C
-0.5634,-0.3627,1,Q,953,D
1.149,0.3809,7,Q,953,E
-0.6968,-0.4714,5,Q,953,F
0.3918,0.1737,2,Q,953,G
2.001,0.4924,18,Q,953,H
-0.06743,-0.03584,7,Q,953,I
-0.165,-0.09112,6,Q,953,K
-0.8193,-0.5793,12,Q,953,L
0.08204,0.04111,5,Q,953,M
4.206,0.5688,2,Q,953,N
-4.131,-4.256,5,Q,953,P
0,0,,Q,953,Q
-0.28,-0.1617,8,Q,953,R
-0.06943,-0.03693,4,Q,953,S
0.2693,0.1253,7,Q,953,T
-0.9461,-0.6994,1,Q,953,V
-1.337,-1.121,4,Q,953,W
-1.013,-0.7662,2,Q,953,Y
-5.078,-4.64,5,Y,954,*
-1.605,-1.451,4,Y,954,A
-7.462,-4.889,3,Y,954,C
-3.013,-3.297,4,Y,954,D
-2.222,-2.281,5,Y,954,E
-1.754,-1.646,3,Y,954,F
-0.1179,-0.06392,3,Y,954,H
-1.551,-1.382,5,Y,954,I
-0.9113,-0.6656,1,Y,954,K
0.4153,0.1824,2,Y,954,L
2.87,0.542,1,Y,954,M
-0.9084,-0.6628,2,Y,954,N
-7.128,-4.879,6,Y,954,P
1.086,0.3686,3,Y,954,Q
-0.8635,-0.6202,2,Y,954,R
-1.212,-0.9785,5,Y,954,S
8.613,0.5783,3,Y,954,T
0.9349,0.3358,3,Y,954,V
1.647,0.4566,6,Y,954,W
0,0,,Y,954,Y
-1.182,-0.945,1,K,955,A
-2.607,-2.799,8,K,955,C
-1.724,-1.605,4,K,955,D
-2.883,-3.145,1,K,955,E
-1.934,-1.887,5,K,955,F
0.573,0.2366,1,K,955,G
-2.074,-2.079,2,K,955,H
-0.5833,-0.3783,3,K,955,I
0,0,,K,955,K
-0.7328,-0.5023,3,K,955,L
-2.638,-2.84,1,K,955,M
-0.6439,-0.4272,1,K,955,N
-7.527,-4.891,3,K,955,P
0.09889,0.04922,7,K,955,Q
-1.408,-1.206,3,K,955,R
0.07474,0.03755,6,K,955,S
-1.254,-1.026,3,K,955,T
-2.421,-2.552,3,K,955,W
-2.211,-2.267,3,K,955,Y
-0.09984,-0.05374,8,D,956,A
-2.125,-2.148,2,D,956,C
0,0,,D,956,D
-0.1378,-0.07527,5,D,956,E
4.425,0.5707,1,D,956,F
-0.8849,-0.6404,2,D,956,G
0.05151,0.02612,8,D,956,H
-2.384,-2.502,2,D,956,I
-1.513,-1.334,2,D,956,K
2.404,0.5206,1,D,956,L
2.467,0.5241,6,D,956,M
-0.4547,-0.2809,12,D,956,N
-0.3196,-0.1874,5,D,956,P
1.211,0.3924,5,D,956,Q
-3.555,-3.843,4,D,956,R
5.341,0.5753,3,D,956,S
-1.109,-0.8659,4,D,956,T
-0.1776,-0.09855,4,D,956,V
2.049,0.4963,2,D,956,W
-0.3392,-0.2005,19,D,956,Y
-0.8038,-0.5652,4,V,957,A
-7.05,-4.876,6,V,957,D
-4.762,-4.544,6,V,957,E
-1.808,-1.718,8,V,957,F
-5.053,-4.633,3,V,957,G
-0.6909,-0.4664,5,V,957,I
-1.131,-0.8898,5,V,957,K
-1.769,-1.665,5,V,957,L
-1.922,-1.87,5,V,957,M
-6.383,-4.838,4,V,957,N
-5.388,-4.711,3,V,957,P
-2.47,-2.618,2,V,957,Q
-0.7584,-0.5246,1,V,957,R
-2.579,-2.763,3,V,957,S
-1.678,-1.545,3,V,957,T
0,0,,V,957,V
-8.958,-4.91,2,V,957,W
-1.432,-1.235,6,V,957,Y
-0.2423,-0.1379,5,E,958,A
0.01117,0.005758,4,E,958,C
-0.3112,-0.182,13,E,958,D
0,0,,E,958,E
0.5492,0.2289,2,E,958,F
0.3823,0.1701,4,E,958,G
-0.8939,-0.649,3,E,958,H
-0.9135,-0.6677,3,E,958,I
-0.5493,-0.3518,2,E,958,K
0.7394,0.2862,6,E,958,L
2.687,0.5348,2,E,958,M
2.031,0.4949,4,E,958,N
0.1695,0.08202,11,E,958,P
-0.9247,-0.6786,1,E,958,Q
3.479,0.5586,1,E,958,R
0.6818,0.2699,5,E,958,S
2.133,0.5029,10,E,958,T
0.4903,0.2091,7,E,958,V
-1.336,-1.121,3,E,958,W
-0.5433,-0.3471,3,E,958,Y
0,0,,A,959,A
-0.7455,-0.5133,5,A,959,C
1.2,0.3904,6,A,959,D
-3.383,-3.686,1,A,959,E
-5.395,-4.712,3,A,959,F
-2.014,-1.996,4,A,959,G
0.5386,0.2254,2,A,959,H
-0.5531,-0.3547,3,A,959,I
-7.681,-4.895,1,A,959,K
-2.761,-2.996,4,A,959,L
-2.638,-2.839,3,A,959,M
-0.517,-0.327,5,A,959,N
0.623,0.2523,2,A,959,P
-0.8861,-0.6416,2,A,959,Q
-0.7207,-0.4918,1,A,959,R
-0.6747,-0.4527,9,A,959,S
-0.5396,-0.3443,7,A,959,T
0.2135,0.1015,12,A,959,V
-1.01,-0.7631,2,A,959,W
-2.488,-2.643,7,A,959,Y
-7.018,-4.875,2,Y,96,*
-1.096,-0.8528,1,Y,96,-
0.6843,0.2706,4,Y,96,H
0,0,,Y,96,Y
-4.855,-4.575,17,W,960,*
-0.9002,-0.655,2,W,960,A
-2.572,-2.754,5,W,960,C
-5.393,-4.712,6,W,960,D
-0.3717,-0.2224,1,W,960,E
0.3784,0.1686,4,W,960,F
-3.653,-3.924,3,W,960,G
0.2313,0.1093,5,W,960,H
-1.417,-1.217,7,W,960,I
-1.11,-0.8673,4,W,960,K
-1.356,-1.144,16,W,960,L
-1.877,-1.81,6,W,960,M
-1.467,-1.278,2,W,960,N
-2.45,-2.591,5,W,960,P
-2.766,-3.001,4,W,960,Q
-0.8841,-0.6396,10,W,960,R
-1.852,-1.776,4,W,960,S
-0.522,-0.3308,6,W,960,T
-0.8898,-0.645,5,W,960,V
0,0,,W,960,W
-0.5909,-0.3843,6,W,960,Y
-3.975,-4.16,16,S,961,*
0.08465,0.04237,5,S,961,C
0.3167,0.1446,9,S,961,D
2.335,0.5165,1,S,961,E
-0.2898,-0.168,6,S,961,F
-1.516,-1.339,2,S,961,G
-0.5396,-0.3443,6,S,961,H
0.9024,0.3282,3,S,961,I
-0.772,-0.5367,3,S,961,K
-1.478,-1.292,10,S,961,L
-0.5191,-0.3287,4,S,961,M
-0.3809,-0.2288,6,S,961,N
1.051,0.3613,3,S,961,P
-0.08006,-0.04276,3,S,961,Q
0.9675,0.3433,3,S,961,R
0,0,,S,961,S
2.284,0.5133,7,S,961,T
-0.7738,-0.5383,7,S,961,V
-1.046,-0.8001,4,S,961,W
2.949,0.5448,6,S,961,Y
-7.634,-4.894,13,G,962,*
-3.71,-3.97,3,G,962,A
-7.178,-4.881,3,G,962,C
-7.053,-4.876,2,G,962,D
-5.398,-4.713,9,G,962,E
-7.495,-4.89,6,G,962,F
0,0,,G,962,G
-6.486,-4.846,3,G,962,I
-10.84,-4.915,1,G,962,K
-3.908,-4.115,3,G,962,L
-5.402,-4.713,7,G,962,M
-5.012,-4.622,5,G,962,N
-4.246,-4.32,5,G,962,P
-8.613,-4.908,4,G,962,Q
-5.34,-4.701,15,G,962,R
-5.813,-4.78,4,G,962,S
-7.742,-4.896,1,G,962,T
-5.619,-4.752,15,G,962,V
-7.724,-4.896,3,G,962,W
-4.655,-4.505,10,G,962,Y
0.5462,0.2279,6,L,963,A
-3.605,-3.885,6,L,963,C
-7.704,-4.895,3,L,963,D
-3.22,-3.523,4,L,963,E
2.186,0.5067,10,L,963,F
-5.44,-4.721,3,L,963,H
0.7791,0.297,7,L,963,I
-9.358,-4.912,6,L,963,K
0,0,,L,963,L
-0.6757,-0.4535,8,L,963,M
-3.946,-4.141,6,L,963,N
-11.64,-4.916,5,L,963,P
-5.452,-4.723,4,L,963,Q
-6.898,-4.869,3,L,963,R
-6.931,-4.871,6,L,963,S
-4.31,-4.353,7,L,963,T
3.087,0.5491,4,L,963,V
0.549,0.2288,7,L,963,W
0.2763,0.1282,5,L,963,Y
-6.265,-4.829,6,C,964,*
-6.756,-4.862,4,C,964,A
0,0,,C,964,C
-3.212,-3.515,4,C,964,D
-7.316,-4.885,3,C,964,E
-9.792,-4.914,18,C,964,F
-6.876,-4.868,1,C,964,G
-3.129,-3.426,3,C,964,H
-9.362,-4.912,8,C,964,I
-7.171,-4.88,5,C,964,K
-8.511,-4.907,2,C,964,L
-7.13,-4.879,4,C,964,M
-5.68,-4.761,1,C,964,N
-3.214,-3.517,3,C,964,P
-7.121,-4.879,3,C,964,Q
-10.07,-4.914,5,C,964,R
-6.879,-4.868,2,C,964,S
-6.278,-4.83,9,C,964,T
-13.16,-4.916,1,C,964,V
-8.722,-4.909,13,C,964,W
-5.401,-4.713,12,C,964,Y
-1.977,-1.945,2,V,965,-
1.656,0.4577,5,V,965,A
-2.447,-2.588,4,V,965,C
-7.359,-4.887,5,V,965,D
-2.534,-2.704,6,V,965,E
-2.595,-2.783,3,V,965,F
-3.978,-4.162,2,V,965,G
-5.018,-4.624,3,V,965,H
3.976,0.5663,4,V,965,I
-5.345,-4.702,3,V,965,K
0.2454,0.1153,9,V,965,L
-0.8483,-0.6061,13,V,965,M
-3.894,-4.106,3,V,965,N
-5.35,-4.703,5,V,965,P
-3.593,-3.874,5,V,965,Q
-7.393,-4.888,1,V,965,R
-4.998,-4.618,5,V,965,S
-1.847,-1.769,10,V,965,T
0,0,,V,965,V
-7.353,-4.886,2,V,965,W
-10.34,-4.915,6,V,965,Y
0.9018,0.328,1,D,966,-
-1.244,-1.014,6,D,966,A
-7.838,-4.898,2,D,966,C
0,0,,D,966,D
-0.3796,-0.2278,11,D,966,E
-8.028,-4.901,6,D,966,F
-0.09241,-0.0496,4,D,966,G
-2.627,-2.825,2,D,966,H
-12.76,-4.916,5,D,966,I
-5.134,-4.654,5,D,966,K
-4.553,-4.465,5,D,966,L
-5.284,-4.689,1,D,966,M
-0.4344,-0.2663,18,D,966,N
-3.973,-4.158,6,D,966,P
0.962,0.342,2,D,966,Q
-7.148,-4.88,3,D,966,R
-1.047,-0.8014,3,D,966,S
-6.325,-4.834,8,D,966,T
-4.342,-4.369,5,D,966,V
-5.049,-4.632,3,D,966,W
-6.67,-4.858,11,D,966,Y
-0.8341,-0.5929,1,G,967,-
0.9202,0.3324,9,G,967,A
-3.116,-3.413,13,G,967,C
-0.8261,-0.5856,13,G,967,D
4.649,0.5723,3,G,967,E
-1.114,-0.8716,2,G,967,F
0,0,,G,967,G
0.7666,0.2937,2,G,967,H
-2.591,-2.778,5,G,967,I
-0.04841,-0.02554,2,G,967,K
-0.4138,-0.2517,2,G,967,L
-0.5258,-0.3338,8,G,967,M
2.413,0.5212,4,G,967,N
-10.67,-4.915,2,G,967,P
-0.6872,-0.4632,2,G,967,Q
0.6261,0.2532,3,G,967,R
6.2,0.5771,18,G,967,S
-0.5924,-0.3855,4,G,967,T
-2.372,-2.486,9,G,967,V
-1.329,-1.112,4,G,967,W
1.664,0.4587,1,G,967,Y
-10.46,-4.915,1,R,968,*
-1.076,-0.8317,2,R,968,A
3.278,0.5542,2,R,968,C
-1.027,-0.7805,3,R,968,D
3.568,0.5603,4,R,968,E
-0.2425,-0.138,2,R,968,F
-2.477,-2.627,6,R,968,G
-0.1452,-0.07958,4,R,968,H
0.2855,0.132,5,R,968,I
0.6959,0.2739,3,R,968,K
0.726,0.2825,20,R,968,L
-0.1673,-0.0925,5,R,968,M
-0.4558,-0.2817,3,R,968,N
-8.206,-4.903,5,R,968,P
0.5064,0.2146,26,R,968,Q
0,0,,R,968,R
3.352,0.5559,1,R,968,S
0.2777,0.1288,5,R,968,T
0.5427,0.2268,5,R,968,V
-0.1865,-0.1039,6,R,968,W
-0.06605,-0.03508,4,R,968,Y
3.618,0.5611,1,N,969,A
-1.461,-1.271,4,N,969,C
4.205,0.5688,3,N,969,D
2.913,0.5435,1,N,969,E
2.359,0.518,3,N,969,F
-0.7093,-0.482,8,N,969,G
7.827e-05,4.05e-05,3,N,969,H
-0.1191,-0.06461,5,N,969,I
-1.255,-1.027,7,N,969,K
-0.09185,-0.04929,4,N,969,L
3.459,0.5582,1,N,969,M
0,0,,N,969,N
-1.332,-1.116,7,N,969,P
1.413,0.4254,7,N,969,Q
4.567,0.5717,5,N,969,R
1.253,0.3997,8,N,969,S
1.362,0.4177,8,N,969,T
-1.581,-1.42,2,N,969,V
4.105,0.5678,2,N,969,W
0.03969,0.02022,1,N,969,Y
0,0,,F,97,F
-1.132,-0.891,5,F,97,L
-5.16,-4.66,16,G,970,*
0.2437,0.1145,5,G,970,A
-3.342,-3.647,6,G,970,C
-7.072,-4.877,3,G,970,D
-8.853,-4.909,76,G,970,E
-3.052,-3.341,1,G,970,F
0,0,,G,970,G
-5.378,-4.709,4,G,970,H
-6.447,-4.843,4,G,970,I
-6.535,-4.849,5,G,970,K
-7.333,-4.886,4,G,970,L
-6.645,-4.856,6,G,970,M
-4.668,-4.51,6,G,970,N
0.812,0.3057,5,G,970,P
-9.484,-4.913,3,G,970,Q
-9.079,-4.911,44,G,970,R
-4.184,-4.286,2,G,970,S
-7.02,-4.875,4,G,970,T
-7.248,-4.883,15,G,970,V
-7.277,-4.884,3,G,970,W
-5.253,-4.682,5,G,970,Y
-3.615,-3.893,2,Y,971,*
-4.747,-4.539,2,Y,971,A
-6.533,-4.849,7,Y,971,C
3.434,0.5577,1,Y,971,D
-2.575,-2.757,4,Y,971,E
2.537,0.5277,2,Y,971,F
-5.067,-4.637,3,Y,971,G
2.305,0.5147,3,Y,971,H
-5.49,-4.73,5,Y,971,I
-4.825,-4.565,7,Y,971,K
1.412,0.4253,2,Y,971,L
2.105,0.5008,7,Y,971,M
-5.279,-4.688,7,Y,971,N
0.3244,0.1477,2,Y,971,P
-2.759,-2.993,5,Y,971,Q
-4.69,-4.518,3,Y,971,R
-8.142,-4.903,3,Y,971,S
-6.871,-4.868,2,Y,971,T
0.3753,0.1675,3,Y,971,W
0,0,,Y,971,Y
1.944,0.4874,5,V,972,A
0.5415,0.2264,7,V,972,C
-1.532,-1.358,6,V,972,D
4.41,0.5706,2,V,972,E
1.075,0.3664,4,V,972,F
-0.8588,-0.6159,7,V,972,G
0.9416,0.3374,5,V,972,H
-0.4927,-0.3088,2,V,972,I
-1.874,-1.806,1,V,972,K
-0.2585,-0.1481,10,V,972,L
1.391,0.4221,10,V,972,M
0.6508,0.2607,6,V,972,N
-4.287,-4.342,2,V,972,P
-0.4188,-0.2552,2,V,972,Q
7.71,0.5781,5,V,972,R
-0.001715,-0.0008882,1,V,972,S
2.221,0.5092,2,V,972,T
0,0,,V,972,V
0.4869,0.2079,9,V,972,W
-0.7199,-0.4911,5,V,972,Y
-5.873,-4.788,1,L,973,*
-6.928,-4.871,2,L,973,A
-5.886,-4.789,9,L,973,C
-6.37,-4.837,4,L,973,D
-3.99,-4.17,1,L,973,E
-1.74,-1.627,2,L,973,F
-5.619,-4.752,2,L,973,G
-4.833,-4.568,6,L,973,H
-1.118,-0.8752,5,L,973,I
-9.413,-4.912,6,L,973,K
0,0,,L,973,L
1.376,0.4198,7,L,973,M
-7.321,-4.885,2,L,973,N
-1.423,-1.225,8,L,973,P
-9.551,-4.913,2,L,973,Q
-3.759,-4.008,3,L,973,R
-5.891,-4.79,5,L,973,S
-1.784,-1.685,4,L,973,T
0.6661,0.2652,3,L,973,V
-6.913,-4.87,4,L,973,W
-2.988,-3.269,4,L,973,Y
0.574,0.2369,9,R,974,A
-3.309,-3.614,4,R,974,C
0.03706,0.0189,2,R,974,D
3.268,0.5539,6,R,974,E
-0.6252,-0.4119,6,R,974,F
-1.179,-0.9419,5,R,974,G
1.996,0.4919,2,R,974,H
-0.5463,-0.3495,7,R,974,I
-0.9259,-0.6797,7,R,974,K
1.147,0.3806,5,R,974,L
0.1514,0.07382,3,R,974,M
5.19,0.5748,3,R,974,N
-1.301,-1.079,4,R,974,P
3.558,0.5601,2,R,974,Q
0,0,,R,974,R
2.946,0.5447,5,R,974,S
-0.868,-0.6244,5,R,974,T
3.378,0.5565,5,R,974,V
0.05998,0.03032,6,R,974,W
3.22,0.5527,1,R,974,Y
-9.168,-4.911,7,Q,975,*
-1.027,-0.7805,1,Q,975,-
4.347,0.5701,3,Q,975,A
0.1207,0.05955,3,Q,975,C
0.5181,0.2186,6,Q,975,D
-0.1959,-0.1095,2,Q,975,E
-0.5406,-0.345,1,Q,975,F
0.6236,0.2524,2,Q,975,G
-0.9882,-0.7412,10,Q,975,H
-1.892,-1.831,2,Q,975,I
0.317,0.1447,8,Q,975,K
5.992,0.5768,2,Q,975,L
1.941,0.4871,7,Q,975,M
-1.067,-0.8217,4,Q,975,N
-0.7914,-0.554,3,Q,975,P
0,0,,Q,975,Q
3.116,0.5499,4,Q,975,R
1.547,0.4442,4,Q,975,S
0.3785,0.1687,4,Q,975,T
-0.8029,-0.5644,2,Q,975,V
-0.176,-0.09762,5,Q,975,W
3.132,0.5504,4,Q,975,Y
0.5133,0.2169,1,P,976,-
-0.4714,-0.2931,7,P,976,A
-3.892,-4.104,3,P,976,C
0.8454,0.3142,2,P,976,D
4.047,0.5672,4,P,976,E
-1.707,-1.583,2,P,976,F
-2.497,-2.654,1,P,976,G
-0.1404,-0.07681,8,P,976,H
-1.193,-0.9567,5,P,976,I
-0.4623,-0.2864,7,P,976,L
-0.9194,-0.6734,1,P,976,M
2.61,0.5313,4,P,976,N
0,0,,P,976,P
-0.8888,-0.6441,2,P,976,Q
-0.1857,-0.1034,4,P,976,R
1.72,0.465,7,P,976,S
0.2292,0.1083,6,P,976,T
-3.448,-3.747,3,P,976,V
-0.2191,-0.1236,6,P,976,W
0.1116,0.05528,6,P,976,Y
-1.088,-0.8443,1,N,977,-
-0.1468,-0.0805,5,N,977,A
-1.112,-0.8691,8,N,977,C
0.9411,0.3372,3,N,977,D
-0.3585,-0.2135,6,N,977,E
-0.7777,-0.5418,2,N,977,F
-0.5405,-0.3449,12,N,977,H
-0.2561,-0.1466,7,N,977,I
-0.8134,-0.574,7,N,977,K
-0.691,-0.4664,5,N,977,L
0.3256,0.1482,6,N,977,M
0,0,,N,977,N
-2.552,-2.726,3,N,977,P
0.2383,0.1122,4,N,977,Q
0.6025,0.2459,6,N,977,R
-0.5387,-0.3436,3,N,977,S
3.169,0.5514,1,N,977,T
-0.4724,-0.2938,3,N,977,V
-1.332,-1.116,2,N,977,W
0.7226,0.2815,2,N,977,Y
-3.751,-4.001,2,L,978,-
-2.836,-3.088,1,L,978,A
1.862,0.4798,1,L,978,C
0.9659,0.3429,1,L,978,D
0.8109,0.3054,3,L,978,E
1.452,0.4311,6,L,978,F
5.723,0.5763,6,L,978,G
-0.4182,-0.2548,4,L,978,H
-0.9736,-0.7266,3,L,978,I
-0.1291,-0.07032,6,L,978,K
0,0,,L,978,L
3.203,0.5523,5,L,978,M
0.17,0.08224,6,L,978,N
-5.373,-4.708,8,L,978,P
1.907,0.4841,3,L,978,Q
-0.3505,-0.2081,4,L,978,R
2.504,0.5261,1,L,978,S
3.453,0.558,1,L,978,T
1.02,0.3547,4,L,978,V
3.485,0.5587,7,L,978,W
-2.005,-1.983,4,L,978,Y
-4.338,-4.367,2,A,979,-
0,0,,A,979,A
-0.3916,-0.2361,4,A,979,C
-4.809,-4.56,8,A,979,D
-6.981,-4.873,7,A,979,E
-0.08155,-0.04358,2,A,979,F
-0.6257,-0.4123,7,A,979,G
-2.403,-2.528,3,A,979,H
-0.6938,-0.4688,5,A,979,I
-0.5026,-0.3162,1,A,979,K
-0.7815,-0.5452,6,A,979,L
-1.606,-1.452,1,A,979,M
-0.9923,-0.7453,3,A,979,N
-5.747,-4.771,7,A,979,P
-0.5839,-0.3788,2,A,979,Q
-0.7336,-0.503,4,A,979,R
-0.6612,-0.4414,8,A,979,S
-0.7481,-0.5156,7,A,979,T
-0.6369,-0.4215,8,A,979,V
-1.187,-0.951,4,A,979,W
-0.4166,-0.2536,3,A,979,Y
-6.872,-4.868,1,N,98,-
-0.6737,-0.4518,1,N,98,D
-0.9738,-0.7268,3,N,98,K
0,0,,N,98,N
1.679,0.4605,1,N,98,T
-1.893,-1.831,1,L,980,-
-5.059,-4.635,4,L,980,A
-9.732,-4.913,6,L,980,C
-9.261,-4.912,4,L,980,D
-5.755,-4.772,5,L,980,E
-7.281,-4.884,2,L,980,F
-7.357,-4.886,2,L,980,G
-6.853,-4.867,6,L,980,H
-1.211,-0.9769,2,L,980,I
-7.815,-4.897,1,L,980,K
0,0,,L,980,L
-0.7993,-0.5611,14,L,980,M
-7.43,-4.889,4,L,980,N
-5.19,-4.668,5,L,980,P
-8.3,-4.905,5,L,980,Q
-8.905,-4.91,5,L,980,R
-6.916,-4.87,2,L,980,S
3.263,0.5538,1,L,980,T
-0.9149,-0.6691,3,L,980,V
-4.876,-4.582,4,L,980,W
-7.401,-4.888,1,L,980,Y
-1.703,-1.578,1,Y,981,-
-6.884,-4.869,4,Y,981,A
-2.143,-2.173,5,Y,981,C
-12.79,-4.916,5,Y,981,D
-10.14,-4.914,6,Y,981,E
-0.5299,-0.3369,7,Y,981,F
-6,-4.803,6,Y,981,G
-2.283,-2.365,3,Y,981,H
-0.4267,-0.2608,1,Y,981,I
-8.831,-4.909,6,Y,981,K
-1.132,-0.8906,2,Y,981,L
-3.089,-3.383,5,Y,981,M
-7.292,-4.884,6,Y,981,N
-6.896,-4.869,1,Y,981,P
-7.394,-4.888,2,Y,981,Q
-2.95,-3.225,3,Y,981,S
-3.774,-4.019,3,Y,981,T
-1.173,-0.935,4,Y,981,V
-3.886,-4.1,2,Y,981,W
0,0,,Y,981,Y
-8.417,-4.906,1,K,982,*
-0.7637,-0.5293,1,K,982,-
-0.7819,-0.5455,5,K,982,A
-2.373,-2.488,5,K,982,C
-3.747,-3.999,4,K,982,D
-0.4191,-0.2554,3,K,982,E
-0.5214,-0.3304,3,K,982,F
0.5194,0.219,2,K,982,G
-1.155,-0.9158,3,K,982,H
-1.39,-1.184,3,K,982,I
0,0,,K,982,K
-0.4127,-0.2509,6,K,982,L
0.07734,0.03882,6,K,982,M
-1.867,-1.796,19,K,982,N
-4.588,-4.479,5,K,982,P
1.206,0.3915,2,K,982,Q
2.818,0.5401,4,K,982,R
-0.03606,-0.01893,4,K,982,S
-0.1394,-0.07622,7,K,982,T
-5.626,-4.753,2,K,982,V
-3.338,-3.642,8,K,982,W
-0.7888,-0.5517,4,K,982,Y
-3.938,-4.135,10,E,983,*
0.06961,0.03505,4,E,983,A
0.6507,0.2607,6,E,983,D
0,0,,E,983,E
3.465,0.5583,3,E,983,F
1.185,0.3876,6,E,983,G
2.896,0.5429,4,E,983,H
4.09,0.5676,3,E,983,I
0.7236,0.2818,29,E,983,K
4.83,0.5733,3,E,983,L
2.918,0.5437,1,E,983,M
-0.5109,-0.3225,3,E,983,N
-2.697,-2.915,2,E,983,P
3.722,0.5628,6,E,983,Q
1.014,0.3534,5,E,983,R
0.4524,0.1958,2,E,983,S
0.195,0.09345,5,E,983,T
0.8062,0.3041,4,E,983,V
-1.174,-0.9366,3,E,983,W
2.991,0.5461,5,E,983,Y
1.386,0.4214,5,G,984,A
-0.7207,-0.4918,14,G,984,C
-0.4962,-0.3115,20,G,984,D
3.441,0.5578,5,G,984,E
0.3781,0.1685,1,G,984,F
0,0,,G,984,G
5.417,0.5756,2,G,984,H
1.214,0.3928,8,G,984,I
-0.1471,-0.08065,8,G,984,K
-0.9903,-0.7433,1,G,984,L
-1.577,-1.416,3,G,984,M
3.368,0.5562,3,G,984,N
0.257,0.1202,3,G,984,P
1.764,0.4698,8,G,984,Q
0.3061,0.1403,6,G,984,R
1.32,0.4109,14,G,984,S
3.424,0.5575,2,G,984,T
-2.978,-3.257,7,G,984,V
-0.6718,-0.4503,4,G,984,W
0.6702,0.2665,5,G,984,Y
3.302,0.5547,1,N,985,A
1.715,0.4645,4,N,985,C
4.422,0.5707,3,N,985,D
1.311,0.4095,1,N,985,E
0.5861,0.2408,3,N,985,F
-0.7959,-0.5581,6,N,985,G
1.066,0.3644,8,N,985,H
0.4546,0.1966,6,N,985,I
0.6581,0.2629,4,N,985,K
-0.4367,-0.2679,1,N,985,L
-0.8198,-0.5797,1,N,985,M
0,0,,N,985,N
-0.05368,-0.02838,8,N,985,P
-0.7879,-0.5509,1,N,985,Q
3.091,0.5492,1,N,985,R
-0.8453,-0.6032,5,N,985,S
0.4463,0.1936,6,N,985,T
-1.966,-1.931,1,N,985,V
-1.617,-1.467,5,N,985,W
0.2142,0.1018,9,N,985,Y
-1.832,-1.749,1,Y,986,*
-4.673,-4.512,1,Y,986,-
0.7261,0.2825,6,Y,986,A
-6.326,-4.834,2,Y,986,C
-2.29,-2.374,1,Y,986,D
0.8283,0.3098,2,Y,986,E
1.447,0.4304,2,Y,986,G
-1.049,-0.8031,4,Y,986,H
3.973,0.5663,5,Y,986,I
4.793,0.5731,1,Y,986,K
0.02858,0.01462,3,Y,986,L
0.1999,0.09561,3,Y,986,M
1.258,0.4007,6,Y,986,N
-1.245,-1.015,1,Y,986,P
2.566,0.5292,7,Y,986,Q
3.716,0.5627,5,Y,986,R
4.381,0.5704,3,Y,986,S
-0.282,-0.163,5,Y,986,T
3.41,0.5572,3,Y,986,V
2.181,0.5064,1,Y,986,W
0,0,,Y,986,Y
-6.307,-4.832,3,Y,987,*
-1.244,-1.014,10,Y,987,A
-2.517,-2.68,6,Y,987,C
-7.031,-4.875,4,Y,987,D
-6.328,-4.834,1,Y,987,E
0.0521,0.02642,6,Y,987,F
-2.464,-2.611,4,Y,987,G
-1.063,-0.8177,4,Y,987,H
-0.04122,-0.02168,3,Y,987,I
-8.001,-4.901,5,Y,987,K
-2,-1.976,7,Y,987,L
-1.867,-1.796,1,Y,987,N
1.811,0.4748,1,Y,987,P
-4.141,-4.262,5,Y,987,Q
-2.589,-2.775,4,Y,987,S
-0.3581,-0.2132,2,Y,987,T
-0.5375,-0.3427,4,Y,987,V
-0.6,-0.3916,4,Y,987,W
0,0,,Y,987,Y
-0.5866,-0.3809,4,R,988,A
-2.753,-2.985,8,R,988,C
-4.815,-4.562,3,R,988,D
-7.915,-4.899,6,R,988,E
0.04297,0.02186,6,R,988,F
-0.1444,-0.07913,7,R,988,G
-0.04235,-0.02229,3,R,988,H
-0.369,-0.2206,16,R,988,I
0.8121,0.3057,14,R,988,K
7.836,0.5782,2,R,988,L
-2.104,-2.12,4,R,988,M
-1.801,-1.707,5,R,988,N
-5.898,-4.791,3,R,988,P
-0.6012,-0.3925,4,R,988,Q
0,0,,R,988,R
-0.8331,-0.592,6,R,988,S
-1.124,-0.8819,7,R,988,T
-0.8039,-0.5653,7,R,988,V
-0.8633,-0.62,5,R,988,W
-1.58,-1.419,9,R,988,Y
-0.4145,-0.2522,1,I,989,-
-2.738,-2.967,3,I,989,A
-1.082,-0.8375,5,I,989,C
-4.948,-4.604,5,I,989,D
-6.966,-4.872,5,I,989,E
-3.722,-3.98,4,I,989,F
-7.459,-4.889,3,I,989,G
-7.245,-4.883,2,I,989,H
0,0,,I,989,I
-7.419,-4.888,4,I,989,K
-0.256,-0.1465,6,I,989,L
-0.7917,-0.5543,2,I,989,M
-6.338,-4.835,3,I,989,N
-8.008,-4.901,9,I,989,P
-7.378,-4.887,2,I,989,Q
3.534,0.5596,1,I,989,R
-7.019,-4.875,8,I,989,S
-1.938,-1.892,3,I,989,T
1.224,0.3947,7,I,989,V
-4.729,-4.532,3,I,989,W
-2.823,-3.072,8,I,989,Y
-6.069,-4.81,8,G,99,C
-1.08,-0.8358,5,G,99,D
0,0,,G,99,G
-0.8677,-0.6242,4,G,99,S
-1.288,-1.065,1,T,990,-
-2.301,-2.39,4,T,990,A
-2.281,-2.362,1,T,990,C
-4.925,-4.597,4,T,990,D
-4.02,-4.189,3,T,990,E
-4.827,-4.566,1,T,990,F
-3.814,-4.048,2,T,990,G
-3.726,-3.982,6,T,990,H
-1.334,-1.118,8,T,990,I
-4.508,-4.445,2,T,990,K
-8.003,-4.901,2,T,990,L
-2.425,-2.557,5,T,990,M
-7.223,-4.882,11,T,990,N
-7.805,-4.897,3,T,990,P
-7.575,-4.892,3,T,990,Q
-6.339,-4.835,1,T,990,R
-0.262,-0.1503,2,T,990,S
0,0,,T,990,T
-1.951,-1.91,1,T,990,V
-2.007,-1.986,3,T,990,W
-3.041,-3.329,2,T,990,Y
-0.3009,-0.1752,1,S,991,-
-0.7584,-0.5247,4,S,991,A
-1.341,-1.127,4,S,991,C
1.27,0.4027,3,S,991,D
0.4539,0.1964,6,S,991,E
-3.007,-3.29,2,S,991,F
-1.045,-0.7993,4,S,991,G
3.593,0.5607,2,S,991,H
-5.629,-4.753,9,S,991,I
3.195,0.5521,4,S,991,K
-2.508,-2.669,4,S,991,L
-2.894,-3.158,7,S,991,M
0.6272,0.2536,12,S,991,N
0.554,0.2304,3,S,991,P
2.561,0.5289,4,S,991,Q
2.242,0.5106,5,S,991,R
0,0,,S,991,S
-0.5589,-0.3592,4,S,991,T
-6.046,-4.808,8,S,991,V
-4.095,-4.235,7,S,991,W
-2.875,-3.136,9,S,991,Y
-1.655,-1.515,2,R,992,-
-1.734,-1.619,6,R,992,A
-2.812,-3.058,4,R,992,C
-1.842,-1.763,3,R,992,D
-3.233,-3.537,2,R,992,E
-1.522,-1.346,4,R,992,F
-7.963,-4.9,7,R,992,G
-1.334,-1.118,7,R,992,H
-2.164,-2.202,22,R,992,I
-1.566,-1.402,16,R,992,K
-2.354,-2.461,7,R,992,L
-2.413,-2.542,2,R,992,M
5.239,0.575,1,R,992,N
-0.4023,-0.2436,1,R,992,P
-0.04197,-0.02209,2,R,992,Q
0,0,,R,992,R
-0.1636,-0.09031,6,R,992,S
1.423,0.4269,2,R,992,T
-1.851,-1.775,4,R,992,V
-0.2583,-0.1479,2,R,992,W
-1.95,-1.909,5,R,992,Y
-1.558,-1.391,1,I,993,-
0.5869,0.241,3,I,993,A
-1.461,-1.27,3,I,993,C
0.3277,0.149,3,I,993,D
-3.354,-3.658,2,I,993,E
2.455,0.5235,8,I,993,F
-0.8801,-0.6358,2,I,993,G
1.117,0.3747,1,I,993,H
0,0,,I,993,I
2.353,0.5177,6,I,993,K
0.3585,0.161,9,I,993,L
4.799,0.5731,2,I,993,M
-0.02385,-0.01246,4,I,993,N
-0.5616,-0.3613,5,I,993,P
1.261,0.4011,4,I,993,Q
0.6585,0.263,6,I,993,R
-0.2941,-0.1708,4,I,993,T
-0.6335,-0.4186,7,I,993,V
2.174,0.5059,3,I,993,W
0.3742,0.1671,9,I,993,Y
-1.339,-1.124,1,M,994,-
-0.7365,-0.5055,3,M,994,A
-4.189,-4.289,4,M,994,C
-0.7992,-0.5611,3,M,994,D
-0.05364,-0.02835,1,M,994,E
3.094,0.5493,3,M,994,F
1.165,0.3838,3,M,994,G
4.503,0.5713,5,M,994,H
0.6735,0.2674,11,M,994,I
0.4817,0.2061,4,M,994,K
1.247,0.3987,9,M,994,L
0,0,,M,994,M
-0.003277,-0.001698,5,M,994,N
3.375,0.5564,6,M,994,P
0.4458,0.1935,5,M,994,Q
3.855,0.5648,2,M,994,R
6.381,0.5773,2,M,994,S
0.1126,0.05572,4,M,994,T
0.5382,0.2253,2,M,994,V
-0.4886,-0.3058,2,M,994,W
-1.113,-0.8705,5,M,994,Y
-0.8698,-0.6261,1,F,995,-
-2.516,-2.68,3,F,995,A
-3.71,-3.97,6,F,995,C
-3.135,-3.433,4,F,995,D
-5.717,-4.767,4,F,995,E
0,0,,F,995,F
-2.276,-2.355,7,F,995,G
0.1907,0.09153,3,F,995,H
-0.9161,-0.6703,5,F,995,I
-2.986,-3.267,4,F,995,K
-1.354,-1.142,5,F,995,L
0.3825,0.1702,1,F,995,M
-2.189,-2.237,3,F,995,N
-2.65,-2.855,2,F,995,P
-2.696,-2.913,3,F,995,Q
-3.081,-3.374,4,F,995,R
-2.812,-3.059,4,F,995,S
-3.294,-3.599,4,F,995,T
-1.902,-1.844,11,F,995,V
-0.3182,-0.1865,12,F,995,W
0.09897,0.04926,5,F,995,Y
-8.073,-4.902,11,E,996,*
-0.6334,-0.4185,1,E,996,-
-0.02409,-0.01259,6,E,996,C
3.631,0.5614,13,E,996,D
0,0,,E,996,E
-0.4833,-0.3019,4,E,996,F
1.09,0.3693,4,E,996,G
-0.385,-0.2316,5,E,996,H
-1.983,-1.954,8,E,996,I
-0.557,-0.3577,22,E,996,K
0.6761,0.2682,8,E,996,L
1.66,0.4582,8,E,996,M
2.971,0.5455,7,E,996,N
-8.28,-4.904,3,E,996,P
-0.4162,-0.2534,2,E,996,Q
0.422,0.1849,1,E,996,R
7.801,0.5782,4,E,996,S
-1.484,-1.299,4,E,996,T
-1.228,-0.9961,10,E,996,V
-0.8308,-0.5899,3,E,996,W
-1.008,-0.7616,2,E,996,Y
-0.8444,-0.6024,2,P,997,-
-1.995,-1.97,3,P,997,A
-2.017,-2,5,P,997,C
-1.678,-1.546,6,P,997,D
-2.149,-2.182,5,P,997,E
-4.89,-4.586,1,P,997,F
4.092,0.5677,4,P,997,G
-1.651,-1.51,8,P,997,H
-1.494,-1.311,4,P,997,I
-1.428,-1.231,2,P,997,K
-2.726,-2.952,6,P,997,L
-1.315,-1.095,2,P,997,M
-0.5053,-0.3182,3,P,997,N
0,0,,P,997,P
-1.061,-0.8155,3,P,997,Q
1.962,0.4891,6,P,997,R
-1.424,-1.226,7,P,997,S
-0.1086,-0.05866,5,P,997,T
-7.317,-4.885,2,P,997,V
-1.352,-1.14,4,P,997,W
-1.492,-1.309,8,P,997,Y
-3.119,-3.415,3,R,998,-
-0.5592,-0.3595,8,R,998,A
-2.161,-2.197,5,R,998,C
-3.122,-3.419,3,R,998,D
-1.003,-0.756,5,R,998,E
3.243,0.5533,1,R,998,F
-2.271,-2.349,7,R,998,G
0.04463,0.0227,5,R,998,H
-2.082,-2.089,11,R,998,I
0.4645,0.2001,42,R,998,K
-1.559,-1.393,3,R,998,L
-3.384,-3.686,3,R,998,M
-3.91,-4.116,2,R,998,N
-5.801,-4.778,7,R,998,P
1.199,0.3901,6,R,998,Q
0,0,,R,998,R
-1.235,-1.004,5,R,998,S
0.3581,0.1609,5,R,998,T
0.2338,0.1103,6,R,998,V
2.542,0.528,1,R,998,W
-1.064,-0.819,5,R,998,Y
0.4641,0.2,3,I,999,-
-0.7124,-0.4846,1,I,999,A
1.669,0.4592,3,I,999,C
-2.752,-2.984,1,I,999,D
-0.8509,-0.6085,4,I,999,E
2.712,0.5358,4,I,999,F
-0.5832,-0.3782,2,I,999,G
-0.08927,-0.04785,5,I,999,H
0,0,,I,999,I
-0.1986,-0.1111,5,I,999,K
3.265,0.5538,2,I,999,L
0.2555,0.1195,8,I,999,M
-1.127,-0.8852,8,I,999,N
-1.028,-0.7818,8,I,999,P
-0.09641,-0.05183,7,I,999,Q
0.4307,0.1881,4,I,999,R
4.36,0.5702,6,I,999,S
0.5305,0.2227,2,I,999,T
-0.3125,-0.1828,2,I,999,V
1.59,0.4497,2,I,999,W
-0.8504,-0.608,2,I,999,Y
