latent_phenotype_effect,functional_effect,times_seen,wildtype,site,mutant
-10.92,-4.687,12,M,1,I
0,0,,M,1,M
-8.414,-4.558,1,M,1,T
0.09756,0.003143,17,L,10,I
0,0,,L,10,L
-0.4467,-0.01895,1,T,100,A
-3.667,-1.011,4,T,100,I
0.2219,0.006734,3,T,100,K
0,0,,T,100,T
-1.964,-0.1983,2,P,1000,-
-1.977,-0.2011,3,P,1000,A
-3.283,-0.7316,2,P,1000,C
-4.946,-2.353,1,P,1000,D
-4.482,-1.814,3,P,1000,E
-5.552,-3.047,2,P,1000,F
-8.403,-4.557,2,P,1000,G
-8.102,-4.509,14,P,1000,H
4.197,0.03352,10,P,1000,I
-5.151,-2.596,4,P,1000,K
-1.768,-0.1587,5,P,1000,L
-3.842,-1.161,10,P,1000,M
-7.372,-4.321,5,P,1000,N
0,0,,P,1000,P
-10.18,-4.674,6,P,1000,Q
-7.902,-4.469,4,P,1000,R
-9.118,-4.628,9,P,1000,S
-6.221,-3.68,15,P,1000,T
-2.068,-0.2224,1,P,1000,V
4.051,0.03344,1,P,1000,W
-7.323,-4.303,3,P,1000,Y
-5.241,-2.7,4,T,1001,-
0.7405,0.01774,5,T,1001,A
2.094,0.02981,3,T,1001,C
4.11,0.03347,5,T,1001,D
2.256,0.03044,1,T,1001,E
1.929,0.02906,3,T,1001,F
3.303,0.03277,2,T,1001,G
-1.395,-0.1003,3,T,1001,H
0.2779,0.008211,9,T,1001,I
4.126,0.03348,9,T,1001,K
4.432,0.03362,3,T,1001,L
5.123,0.03383,2,T,1001,M
-1.697,-0.1459,5,T,1001,N
-5.252,-2.712,2,T,1001,P
4.107,0.03347,2,T,1001,Q
-1.145,-0.07132,2,T,1001,R
-3.164,-0.6583,2,T,1001,S
0,0,,T,1001,T
-0.446,-0.01891,7,T,1001,V
-8.793,-4.602,7,T,1001,W
-3.306,-0.7465,7,T,1001,Y
-1.045,-0.06149,2,M,1002,-
-0.804,-0.04134,1,M,1002,A
-1.892,-0.1829,2,M,1002,C
4.148,0.03349,3,M,1002,D
-3.756,-1.085,3,M,1002,E
-2.941,-0.5367,4,M,1002,F
-3.78,-1.106,6,M,1002,G
-1.071,-0.06395,3,M,1002,H
4.597,0.03369,16,M,1002,I
-1.292,-0.08757,6,M,1002,K
-2.813,-0.4756,2,M,1002,L
0,0,,M,1002,M
0.9046,0.0202,5,M,1002,N
2.263,0.03047,8,M,1002,P
1.467,0.02614,4,M,1002,Q
12.31,0.03403,7,M,1002,R
-0.6791,-0.03262,2,M,1002,S
-2.755,-0.4499,1,M,1002,T
-4.529,-1.867,4,M,1002,V
-4.495,-1.828,2,M,1002,W
-1.655,-0.1388,2,M,1002,Y
-0.2902,-0.01135,1,A,1003,-
0,0,,A,1003,A
-2.503,-0.3507,4,A,1003,C
-1.508,-0.116,5,A,1003,D
6.096,0.03395,5,A,1003,E
0.865,0.01964,7,A,1003,G
-2.35,-0.3,6,A,1003,H
3.416,0.03291,3,A,1003,I
9.299,0.03403,5,A,1003,K
2.981,0.03229,4,A,1003,L
-4.893,-2.291,5,A,1003,M
1.3,0.0247,5,A,1003,N
-2.521,-0.3573,5,A,1003,P
8.905,0.03403,2,A,1003,Q
1.502,0.02641,7,A,1003,R
-3.678,-1.02,10,A,1003,S
-1.381,-0.0986,14,A,1003,T
-0.2263,-0.008566,6,A,1003,V
-4.21,-1.517,7,A,1003,W
8.577,0.03403,5,A,1003,Y
-3.915,-1.227,2,D,1004,-
-4.023,-1.33,4,D,1004,A
-7.744,-4.432,7,D,1004,C
0,0,,D,1004,D
3.148,0.03256,2,D,1004,E
-7.298,-4.294,3,D,1004,F
-9.739,-4.66,9,D,1004,G
5.475,0.03389,6,D,1004,H
-6.693,-4.007,7,D,1004,I
-8.646,-4.587,3,D,1004,K
-8.574,-4.578,2,D,1004,L
0.8686,0.01969,4,D,1004,M
-3.987,-1.295,10,D,1004,N
3.889,0.03333,1,D,1004,P
-11.86,-4.694,4,D,1004,Q
-7.294,-4.293,10,D,1004,S
-9.883,-4.666,7,D,1004,T
-8.611,-4.583,1,D,1004,V
-8.171,-4.521,2,D,1004,W
-4.717,-2.084,23,D,1004,Y
-5.535,-3.03,2,F,1005,-
-7.597,-4.392,4,F,1005,A
-0.2212,-0.008349,1,F,1005,C
-5.052,-2.48,4,F,1005,D
-9.304,-4.64,3,F,1005,E
0,0,,F,1005,F
-13.09,-4.697,2,F,1005,G
-13.76,-4.698,4,F,1005,H
-5.423,-2.907,4,F,1005,I
-9.503,-4.65,3,F,1005,K
-0.9614,-0.05395,14,F,1005,L
-3.182,-0.669,4,F,1005,M
-7.06,-4.197,5,F,1005,P
-8.473,-4.566,3,F,1005,Q
-7.932,-4.475,8,F,1005,R
-5.909,-3.408,7,F,1005,S
-8.134,-4.514,8,F,1005,T
-7.322,-4.303,7,F,1005,V
-5.416,-2.899,2,F,1005,W
-10.44,-4.68,10,F,1005,Y
-3.895,-1.209,2,V,1006,-
0.02549,0.0008505,4,V,1006,A
2.624,0.03155,2,V,1006,C
2.919,0.03218,7,V,1006,D
-2.27,-0.2759,5,V,1006,E
0.686,0.01683,1,V,1006,F
-0.04426,-0.001528,4,V,1006,G
-1.958,-0.197,3,V,1006,H
2.287,0.03055,10,V,1006,I
-2.241,-0.2677,6,V,1006,K
2.353,0.03077,4,V,1006,L
-0.8652,-0.04602,15,V,1006,M
0.236,0.007114,3,V,1006,N
-9.648,-4.657,2,V,1006,P
8.065,0.03402,4,V,1006,Q
8.624,0.03403,3,V,1006,R
-3.396,-0.8073,4,V,1006,S
-0.1868,-0.006928,4,V,1006,T
0,0,,V,1006,V
6.411,0.03398,3,V,1006,W
2.593,0.03147,6,V,1006,Y
11.02,0.03403,2,Q,1007,*
0.07842,0.00255,1,Q,1007,-
-0.8552,-0.04524,5,Q,1007,A
0.5874,0.01506,3,Q,1007,C
5.174,0.03384,5,Q,1007,D
-0.524,-0.02316,2,Q,1007,E
-1.612,-0.1318,10,Q,1007,G
-0.762,-0.03829,8,Q,1007,H
0.6236,0.01573,1,Q,1007,I
-1.333,-0.09252,7,Q,1007,K
1.638,0.02738,6,Q,1007,L
-2.038,-0.2152,5,Q,1007,M
-4.824,-2.209,3,Q,1007,N
4.145,0.03349,3,Q,1007,P
0,0,,Q,1007,Q
1.875,0.02878,5,Q,1007,R
-1.766,-0.1583,2,Q,1007,S
-4.269,-1.58,4,Q,1007,T
0.7446,0.01781,7,Q,1007,V
-1.995,-0.2053,5,Q,1007,W
9.999,0.03403,3,Q,1007,Y
0.4134,0.01147,1,I,1008,-
7.798,0.03402,6,I,1008,A
-2.165,-0.2471,3,I,1008,C
5.952,0.03394,1,I,1008,D
-1.193,-0.07638,2,I,1008,E
-1.422,-0.1039,9,I,1008,F
3.291,0.03276,5,I,1008,G
-3.922,-1.233,2,I,1008,H
0,0,,I,1008,I
0.7737,0.01827,8,I,1008,K
1.054,0.02212,4,I,1008,L
1.329,0.02497,3,I,1008,M
-1.314,-0.09015,4,I,1008,N
-8.933,-4.614,5,I,1008,P
-1.569,-0.125,1,I,1008,Q
8.137,0.03402,5,I,1008,R
3.946,0.03337,1,I,1008,S
-3.379,-0.7958,6,I,1008,T
1.693,0.02773,2,I,1008,V
-1.177,-0.07461,3,I,1008,W
-3.965,-1.274,6,I,1008,Y
-13.01,-4.697,11,E,1009,*
0.984,0.02125,1,E,1009,-
0.2739,0.008109,5,E,1009,A
4.328,0.03358,4,E,1009,C
-0.872,-0.04656,11,E,1009,D
0,0,,E,1009,E
-2.018,-0.2104,2,E,1009,F
0.8334,0.01918,5,E,1009,G
-3.182,-0.6689,9,E,1009,H
10.19,0.03403,3,E,1009,I
-1.823,-0.169,23,E,1009,K
8.289,0.03402,4,E,1009,L
4.096,0.03346,1,E,1009,M
-4.565,-1.908,5,E,1009,N
2.279,0.03053,2,E,1009,P
-4.483,-1.815,4,E,1009,Q
-2.705,-0.4286,1,E,1009,R
0.3759,0.01061,2,E,1009,S
7.242,0.03401,10,E,1009,T
-10.97,-4.687,1,E,1009,V
1.695,0.02774,8,E,1009,W
7.083,0.034,8,E,1009,Y
-3.573,-0.9363,4,G,101,C
-9.758,-4.661,5,G,101,D
0,0,,G,101,G
-6.552,-3.92,3,G,101,S
2.709,0.03175,1,G,101,V
5.348,0.03387,3,N,1010,C
4.214,0.03353,6,N,1010,D
10.65,0.03403,4,N,1010,E
0.7616,0.01808,8,N,1010,F
7.416,0.03401,2,N,1010,G
2.024,0.02951,1,N,1010,H
0.09057,0.002927,5,N,1010,I
2.024,0.02951,4,N,1010,K
7.718,0.03402,5,N,1010,L
-3.775,-1.102,1,N,1010,M
0,0,,N,1010,N
-1.677,-0.1425,6,N,1010,P
1.428,0.02582,5,N,1010,Q
-8.835,-4.605,5,N,1010,R
9.584,0.03403,2,N,1010,S
3.962,0.03338,2,N,1010,T
8.752,0.03403,6,N,1010,V
-0.6441,-0.03035,6,N,1010,W
1.48,0.02625,6,N,1010,Y
2.552,0.03136,5,C,1011,*
-8.659,-4.588,5,C,1011,A
0,0,,C,1011,C
-15.53,-4.699,9,C,1011,D
-7.702,-4.421,3,C,1011,E
-8.716,-4.594,6,C,1011,F
-8.373,-4.552,7,C,1011,G
-7.753,-4.434,6,C,1011,H
-10.27,-4.676,7,C,1011,I
-6.412,-3.824,4,C,1011,K
-7.831,-4.453,4,C,1011,L
3.734,0.03321,1,C,1011,M
-9.098,-4.627,4,C,1011,N
-5.844,-3.347,2,C,1011,P
-11.56,-4.692,9,C,1011,Q
-6.924,-4.133,8,C,1011,R
-10.05,-4.67,4,C,1011,S
-8.939,-4.615,5,C,1011,T
-5.228,-2.685,6,C,1011,W
-10.74,-4.685,14,C,1011,Y
1.207,0.0238,4,N,1012,A
-1.548,-0.1219,4,N,1012,C
-3.235,-0.7013,5,N,1012,D
3.537,0.03303,3,N,1012,E
0.3768,0.01063,6,N,1012,F
-4.55,-1.89,3,N,1012,G
3.649,0.03314,1,N,1012,H
-2.305,-0.2864,7,N,1012,I
-3.637,-0.9871,10,N,1012,K
1.328,0.02497,6,N,1012,L
-4.861,-2.253,4,N,1012,M
0,0,,N,1012,N
-4.777,-2.154,3,N,1012,P
-8.655,-4.587,2,N,1012,Q
5.14,0.03383,2,N,1012,S
-1.679,-0.1428,9,N,1012,T
-6.095,-3.576,3,N,1012,V
-5.13,-2.57,1,N,1012,W
2.908,0.03216,4,N,1012,Y
-2.641,-0.4026,1,V,1013,-
0.1626,0.005075,2,V,1013,A
2.156,0.03007,4,V,1013,C
-2.917,-0.5248,5,V,1013,D
0.1757,0.005452,4,V,1013,E
7.231,0.03401,6,V,1013,F
-3.956,-1.265,5,V,1013,G
-2.293,-0.2829,1,V,1013,H
2.108,0.02987,5,V,1013,I
1.832,0.02855,2,V,1013,K
-1.177,-0.07464,10,V,1013,L
-3.584,-0.945,3,V,1013,M
-5.051,-2.478,2,V,1013,P
2.491,0.0312,5,V,1013,Q
2.531,0.0313,2,V,1013,R
-0.6235,-0.02906,3,V,1013,S
3.67,0.03316,3,V,1013,T
0,0,,V,1013,V
-2.09,-0.2277,3,V,1013,W
-2.049,-0.2178,5,V,1013,Y
-2.428,-0.3251,2,T,1014,-
-1.233,-0.08075,12,T,1014,A
-3.831,-1.151,5,T,1014,C
-0.1642,-0.006023,1,T,1014,E
8.111,0.03402,5,T,1014,F
-3.129,-0.6383,4,T,1014,G
2.141,0.03001,4,T,1014,H
-13.56,-4.698,10,T,1014,I
-4.636,-1.989,8,T,1014,K
8.523,0.03403,6,T,1014,L
-4.197,-1.505,6,T,1014,M
0.3238,0.009364,3,T,1014,N
0.9159,0.02035,3,T,1014,P
-0.2136,-0.008032,6,T,1014,Q
7.047,0.034,3,T,1014,R
-3.441,-0.8391,3,T,1014,S
0,0,,T,1014,T
1.445,0.02597,5,T,1014,V
-4.602,-1.95,7,T,1014,W
6.127,0.03396,4,T,1014,Y
0.05099,0.00168,1,F,1015,-
-4.497,-1.83,3,F,1015,A
-5.444,-2.93,6,F,1015,C
-9.085,-4.626,3,F,1015,D
-6.561,-3.925,4,F,1015,E
0,0,,F,1015,F
-5.75,-3.254,3,F,1015,G
-3.307,-0.7475,1,F,1015,H
-8.578,-4.579,2,F,1015,I
-9.075,-4.625,3,F,1015,K
3.606,0.0331,6,F,1015,L
1.665,0.02756,2,F,1015,M
-7.224,-4.266,2,F,1015,N
-8.006,-4.49,2,F,1015,P
3.514,0.03301,2,F,1015,Q
-8.632,-4.585,1,F,1015,R
0.6166,0.0156,4,F,1015,S
-9.272,-4.638,4,F,1015,T
-6.084,-3.566,5,F,1015,V
4.569,0.03368,5,F,1015,W
8.812,0.03403,2,F,1015,Y
-1.536,-0.1201,1,V,1016,-
4.003,0.03341,9,V,1016,A
2.028,0.02952,5,V,1016,C
-4.546,-1.886,7,V,1016,D
-1.265,-0.08434,2,V,1016,E
6.916,0.034,4,V,1016,F
-2.134,-0.2389,3,V,1016,G
-9.033,-4.622,4,V,1016,H
4.367,0.0336,8,V,1016,I
0.5409,0.01416,5,V,1016,K
-0.6364,-0.02987,5,V,1016,L
2.812,0.03197,5,V,1016,M
-3.279,-0.7291,2,V,1016,N
-2.15,-0.243,3,V,1016,P
-0.8558,-0.04528,1,V,1016,Q
-7.048,-4.192,4,V,1016,R
-5.986,-3.479,5,V,1016,S
4.49,0.03365,3,V,1016,T
0,0,,V,1016,V
-1.417,-0.1032,6,V,1016,W
3.655,0.03315,6,V,1016,Y
-1.889,-0.1822,1,N,1017,-
-0.639,-0.03003,2,N,1017,A
-5.786,-3.29,3,N,1017,C
0.03109,0.001034,7,N,1017,D
-2.572,-0.3759,2,N,1017,E
-1.676,-0.1423,2,N,1017,F
-5.727,-3.23,2,N,1017,G
5.726,0.03392,3,N,1017,H
-3.788,-1.113,3,N,1017,I
-1.827,-0.1698,7,N,1017,K
-2.052,-0.2184,4,N,1017,L
-4.286,-1.598,3,N,1017,M
0,0,,N,1017,N
-2.862,-0.4984,5,N,1017,P
-3.358,-0.7813,9,N,1017,Q
1.46,0.02609,5,N,1017,R
6.414,0.03398,6,N,1017,S
-2.182,-0.2514,2,N,1017,T
0.2035,0.006228,2,N,1017,V
5.704,0.03392,3,N,1017,W
-7.896,-4.467,4,N,1017,Y
-1.489,-0.1132,4,I,1018,A
-2.788,-0.4641,1,I,1018,C
-0.9275,-0.05107,5,I,1018,D
-8.656,-4.588,4,I,1018,E
-6.006,-3.497,4,I,1018,F
-3.995,-1.302,1,I,1018,G
0,0,,I,1018,I
-7.847,-4.456,7,I,1018,K
-8.694,-4.592,7,I,1018,L
-1.487,-0.113,8,I,1018,M
-5.613,-3.112,5,I,1018,N
-9.773,-4.662,5,I,1018,P
-4.89,-2.287,4,I,1018,Q
-11.95,-4.694,3,I,1018,R
-0.5737,-0.02604,1,I,1018,S
-4.961,-2.371,4,I,1018,T
-2.013,-0.2094,4,I,1018,V
-5.952,-3.448,3,I,1018,W
-6.53,-3.905,3,I,1018,Y
-0.8996,-0.04877,1,S,1019,A
3.401,0.03289,6,S,1019,C
-0.8353,-0.0437,2,S,1019,D
-2.109,-0.2324,6,S,1019,E
-4.046,-1.352,5,S,1019,F
1.618,0.02724,5,S,1019,G
6.82,0.03399,5,S,1019,H
0.9369,0.02064,6,S,1019,I
-3.269,-0.7227,4,S,1019,K
-2.754,-0.4492,5,S,1019,L
1.088,0.02251,4,S,1019,M
5.851,0.03393,10,S,1019,N
-4.541,-1.881,5,S,1019,P
-4.555,-1.896,5,S,1019,Q
5.86,0.03393,6,S,1019,R
0,0,,S,1019,S
0.01108,0.0003722,4,S,1019,T
1.874,0.02877,6,S,1019,V
-4.44,-1.766,7,S,1019,W
-4.296,-1.608,9,S,1019,Y
3.762,0.03324,4,R,102,L
-4.63,-1.983,6,R,102,Q
0,0,,R,102,R
4.862,0.03377,3,R,102,W
1.307,0.02477,1,R,1020,A
-2.147,-0.2423,7,R,1020,C
-4.179,-1.486,4,R,1020,D
2.571,0.03141,4,R,1020,E
2.209,0.03027,2,R,1020,F
-2.485,-0.3445,9,R,1020,G
-1.524,-0.1183,9,R,1020,H
0.7333,0.01762,4,R,1020,I
3.227,0.03267,7,R,1020,K
-5.286,-2.752,1,R,1020,L
-0.7506,-0.03749,10,R,1020,M
1.358,0.02524,6,R,1020,N
-0.3282,-0.01309,3,R,1020,P
2.445,0.03106,5,R,1020,Q
0,0,,R,1020,R
5.254,0.03385,9,R,1020,S
-2.257,-0.2721,3,R,1020,T
8.967,0.03403,3,R,1020,V
2.541,0.03133,5,R,1020,W
-4.971,-2.383,3,R,1020,Y
-0.4565,-0.01946,7,S,1021,A
3.433,0.03293,3,S,1021,C
-4.133,-1.439,5,S,1021,D
-7.882,-4.464,3,S,1021,E
-7.263,-4.281,3,S,1021,F
2.859,0.03207,3,S,1021,G
-0.6115,-0.02832,3,S,1021,H
-1.299,-0.08841,7,S,1021,I
-3.878,-1.193,3,S,1021,K
1.014,0.02163,6,S,1021,L
-3.919,-1.23,2,S,1021,M
-8.948,-4.615,4,S,1021,N
-1.332,-0.09237,2,S,1021,P
-6.848,-4.094,1,S,1021,Q
2.557,0.03137,6,S,1021,R
0,0,,S,1021,S
0.5256,0.01385,3,S,1021,T
-4.037,-1.343,6,S,1021,V
8.536,0.03403,9,S,1021,W
-0.6475,-0.03057,10,S,1021,Y
-11.73,-4.693,12,E,1022,*
-2.913,-0.523,3,E,1022,A
-1.829,-0.1703,3,E,1022,C
-2.187,-0.253,7,E,1022,D
0,0,,E,1022,E
4.39,0.03361,3,E,1022,F
8.419,0.03402,5,E,1022,G
-1.467,-0.1101,3,E,1022,H
2.432,0.03102,3,E,1022,I
-3.042,-0.5893,8,E,1022,K
-3.099,-0.6209,6,E,1022,L
-3.339,-0.7682,5,E,1022,M
-2.649,-0.4057,7,E,1022,N
-12.6,-4.696,2,E,1022,P
7.074,0.034,8,E,1022,Q
13.64,0.03403,5,E,1022,R
2.707,0.03174,4,E,1022,S
-2.904,-0.5185,2,E,1022,T
-1.457,-0.1087,4,E,1022,V
-6.369,-3.793,3,E,1022,W
2.008,0.02943,7,E,1022,Y
-4.285,-1.597,1,L,1023,-
-2.772,-0.4573,2,L,1023,A
-5.835,-3.338,5,L,1023,C
2.498,0.03121,1,L,1023,D
-7.289,-4.291,6,L,1023,E
5.28,0.03386,2,L,1023,F
-10.39,-4.679,1,L,1023,G
-1.277,-0.0858,2,L,1023,H
2.119,0.02992,4,L,1023,I
0,0,,L,1023,L
-2.774,-0.458,4,L,1023,M
-8.511,-4.571,3,L,1023,N
-8.78,-4.6,3,L,1023,P
-6.477,-3.869,6,L,1023,Q
-8.569,-4.578,3,L,1023,R
-0.261,-0.01005,1,L,1023,S
-7.534,-4.373,5,L,1023,T
-7.442,-4.344,4,L,1023,V
10.98,0.03403,3,L,1023,W
-2.968,-0.5503,6,L,1023,Y
-8.731,-4.595,4,Q,1024,*
4.06,0.03344,9,Q,1024,A
1.34,0.02507,2,Q,1024,C
-7.941,-4.477,3,Q,1024,D
2.397,0.03091,2,Q,1024,E
2.475,0.03115,6,Q,1024,F
-2.353,-0.3009,4,Q,1024,G
4.509,0.03365,18,Q,1024,H
-4.768,-2.144,6,Q,1024,I
-3.636,-0.9858,5,Q,1024,K
0.4645,0.01259,5,Q,1024,L
-1.66,-0.1396,3,Q,1024,M
-3.021,-0.578,4,Q,1024,N
-10.61,-4.683,3,Q,1024,P
0,0,,Q,1024,Q
-2.756,-0.45,6,Q,1024,R
-1.88,-0.1804,3,Q,1024,S
-3.063,-0.601,3,Q,1024,T
-2.897,-0.515,4,Q,1024,V
2.547,0.03135,2,Q,1024,W
-2.238,-0.2669,1,Q,1024,Y
-9.816,-4.663,1,T,1025,*
3.977,0.03339,5,T,1025,A
-3.069,-0.6043,5,T,1025,C
4.018,0.03342,10,T,1025,D
-6.86,-4.1,1,T,1025,E
-12.77,-4.697,2,T,1025,F
-4.247,-1.556,1,T,1025,G
-1.502,-0.115,4,T,1025,H
0.2372,0.007146,5,T,1025,I
3.748,0.03322,3,T,1025,K
3.857,0.03331,7,T,1025,L
-2.031,-0.2135,8,T,1025,M
0.1288,0.004087,5,T,1025,N
1.51,0.02647,5,T,1025,Q
6.594,0.03398,3,T,1025,S
0,0,,T,1025,T
-1.862,-0.1767,6,T,1025,V
5.281,0.03386,4,T,1025,W
1.148,0.02318,2,T,1025,Y
8.262,0.03402,4,I,1026,A
-2.686,-0.4205,4,I,1026,C
-13.11,-4.697,6,I,1026,D
-8.915,-4.613,2,I,1026,E
-2.717,-0.4334,3,I,1026,F
-5.214,-2.668,5,I,1026,G
-4.893,-2.292,3,I,1026,H
0,0,,I,1026,I
-1.55,-0.1222,2,I,1026,K
4.871,0.03377,6,I,1026,L
1.373,0.02537,2,I,1026,M
-3.914,-1.226,5,I,1026,N
-3.289,-0.7354,3,I,1026,P
-1.28,-0.08617,5,I,1026,Q
-1.52,-0.1177,2,I,1026,R
-3.87,-1.186,2,I,1026,S
-3.502,-0.8833,5,I,1026,T
3.856,0.03331,6,I,1026,V
4.254,0.03354,5,I,1026,W
3.547,0.03304,4,I,1026,Y
0.8446,0.01935,9,V,1027,A
0.173,0.005373,3,V,1027,C
-1.864,-0.1772,1,V,1027,D
-2.219,-0.2617,4,V,1027,E
1.699,0.02777,3,V,1027,F
13.91,0.03403,5,V,1027,G
-3.944,-1.254,1,V,1027,H
-0.0538,-0.001867,3,V,1027,I
-8.708,-4.593,3,V,1027,K
4.508,0.03365,11,V,1027,L
-0.3694,-0.01505,9,V,1027,M
-8.033,-4.496,1,V,1027,N
-3.852,-1.169,6,V,1027,P
0.8729,0.01976,2,V,1027,Q
-3.822,-1.143,2,V,1027,R
-3.997,-1.304,9,V,1027,S
-0.3088,-0.01219,2,V,1027,T
0,0,,V,1027,V
-4.241,-1.551,2,V,1027,W
-2.975,-0.554,6,V,1027,Y
-0.1723,-0.006345,4,P,1028,A
-4.902,-2.302,2,P,1028,C
-3.982,-1.29,2,P,1028,D
2.784,0.03192,1,P,1028,E
2.741,0.03182,1,P,1028,F
-3.827,-1.147,3,P,1028,G
-2.522,-0.3575,14,P,1028,H
-2.46,-0.3359,4,P,1028,I
-4.412,-1.735,5,P,1028,K
-2.849,-0.4923,3,P,1028,L
-0.7842,-0.03989,3,P,1028,M
-2.978,-0.5555,6,P,1028,N
0,0,,P,1028,P
-5.619,-3.119,3,P,1028,Q
5.917,0.03394,3,P,1028,R
-0.8599,-0.04561,10,P,1028,S
2.415,0.03097,4,P,1028,T
2.281,0.03053,4,P,1028,V
-1.002,-0.0575,4,P,1028,W
-4.142,-1.448,4,P,1028,Y
-10.51,-4.681,13,E,1029,*
1.334,0.02502,2,E,1029,-
7.035,0.034,3,E,1029,A
-2.433,-0.3266,4,E,1029,C
3.327,0.0328,7,E,1029,D
0,0,,E,1029,E
5.662,0.03391,4,E,1029,F
9.549,0.03403,5,E,1029,G
4.618,0.03369,1,E,1029,H
-3.682,-1.023,4,E,1029,I
-2.92,-0.5264,18,E,1029,K
-0.6443,-0.03037,8,E,1029,L
-0.6876,-0.03318,4,E,1029,M
3.642,0.03313,6,E,1029,N
9.746,0.03403,4,E,1029,P
-3.461,-0.8534,6,E,1029,Q
1.569,0.0269,6,E,1029,R
-3.657,-1.003,3,E,1029,S
3.669,0.03316,2,E,1029,T
1.85,0.02865,4,E,1029,V
-2.734,-0.4405,3,E,1029,W
4.791,0.03375,4,E,1029,Y
-2.681,-0.4187,1,G,103,C
-7.03,-4.183,4,G,103,D
0,0,,G,103,G
-0.428,-0.01798,1,G,103,S
-1.588,-0.128,2,G,103,V
-7.191,-4.253,2,Y,1030,*
-1.369,-0.097,1,Y,1030,-
-0.4308,-0.01812,8,Y,1030,A
-5.477,-2.966,5,Y,1030,C
-1.862,-0.1768,7,Y,1030,D
8.199,0.03402,4,Y,1030,E
-1.282,-0.08638,7,Y,1030,F
-0.6262,-0.02923,4,Y,1030,G
-1.84,-0.1725,6,Y,1030,H
-1.763,-0.1577,6,Y,1030,I
-8.598,-4.581,4,Y,1030,K
-0.4698,-0.02017,6,Y,1030,L
4.844,0.03376,3,Y,1030,M
2.987,0.0323,6,Y,1030,N
-1.364,-0.09635,2,Y,1030,P
-4.332,-1.648,2,Y,1030,Q
-2.989,-0.5611,6,Y,1030,R
2.743,0.03183,6,Y,1030,S
-0.2371,-0.009024,4,Y,1030,V
9.143,0.03403,4,Y,1030,W
0,0,,Y,1030,Y
-0.6401,-0.0301,1,I,1031,-
-1.577,-0.1262,4,I,1031,A
-0.7733,-0.0391,1,I,1031,C
0.1931,0.005941,5,I,1031,D
-3.83,-1.15,1,I,1031,E
-3.489,-0.8737,4,I,1031,F
-4.192,-1.499,5,I,1031,G
-4.656,-2.013,3,I,1031,H
0,0,,I,1031,I
-2.644,-0.4035,1,I,1031,K
-2.917,-0.5248,4,I,1031,L
-3.07,-0.6047,8,I,1031,M
-4.413,-1.737,7,I,1031,N
-1.639,-0.1362,2,I,1031,P
0.3767,0.01063,1,I,1031,Q
-4.325,-1.64,1,I,1031,R
-12.21,-4.695,3,I,1031,S
-3.486,-0.8712,5,I,1031,T
-0.1704,-0.006268,6,I,1031,V
-2.153,-0.2437,4,I,1031,W
-0.5613,-0.0253,5,I,1031,Y
-4.976,-2.389,7,D,1032,A
-5.884,-3.385,4,D,1032,C
0,0,,D,1032,D
-3.916,-1.227,4,D,1032,E
-2.593,-0.3839,2,D,1032,F
-4.323,-1.638,5,D,1032,G
-5.382,-2.861,5,D,1032,H
-3.386,-0.8003,3,D,1032,I
-4.781,-2.159,3,D,1032,K
-3.834,-1.154,1,D,1032,L
-4.484,-1.815,8,D,1032,M
-2.708,-0.4299,29,D,1032,N
-3.26,-0.7173,3,D,1032,P
-4.683,-2.045,4,D,1032,Q
-4.464,-1.793,4,D,1032,R
-1.526,-0.1186,3,D,1032,S
-5.11,-2.548,6,D,1032,T
7.363,0.03401,7,D,1032,V
-8.329,-4.546,6,D,1032,W
-3.002,-0.5681,11,D,1032,Y
-10.49,-4.681,3,V,1033,C
-1.533,-0.1196,5,V,1033,D
-6.999,-4.169,4,V,1033,E
1.188,0.0236,1,V,1033,G
-4.265,-1.576,4,V,1033,H
1.569,0.02691,3,V,1033,I
-9.582,-4.654,2,V,1033,K
-3.838,-1.157,5,V,1033,L
-7.137,-4.231,13,V,1033,M
-3.686,-1.027,2,V,1033,N
-0.1188,-0.004259,4,V,1033,P
-3.757,-1.086,3,V,1033,Q
0.08985,0.002905,5,V,1033,R
-2.028,-0.2128,5,V,1033,S
-5.687,-3.19,3,V,1033,T
0,0,,V,1033,V
-5.019,-2.44,3,V,1033,W
0.07324,0.002387,3,V,1033,Y
-4.474,-1.804,1,N,1034,-
-3.914,-1.226,6,N,1034,A
-4.272,-1.584,7,N,1034,C
-3.06,-0.599,9,N,1034,D
-3.674,-1.017,5,N,1034,E
2.81,0.03197,4,N,1034,F
-4.045,-1.351,8,N,1034,G
-7.319,-4.302,4,N,1034,H
2.623,0.03154,9,N,1034,I
-5.263,-2.725,3,N,1034,K
-3.426,-0.8284,6,N,1034,L
2.893,0.03213,5,N,1034,M
0,0,,N,1034,N
3.221,0.03266,3,N,1034,Q
-4.707,-2.073,6,N,1034,R
-2.476,-0.3412,7,N,1034,S
0.9617,0.02096,5,N,1034,T
-4.932,-2.337,3,N,1034,V
-1.962,-0.1978,6,N,1034,W
-4.766,-2.142,6,N,1034,Y
-12.02,-4.695,1,K,1035,*
2.42,0.03099,4,K,1035,A
-1.518,-0.1174,3,K,1035,C
-2.866,-0.5001,3,K,1035,D
-2.326,-0.2927,5,K,1035,E
3.319,0.03279,3,K,1035,F
3.576,0.03307,5,K,1035,G
4.038,0.03343,1,K,1035,H
-1.418,-0.1034,3,K,1035,I
0,0,,K,1035,K
6.604,0.03399,4,K,1035,L
3.309,0.03278,3,K,1035,M
1.937,0.0291,14,K,1035,N
-3.42,-0.8241,4,K,1035,P
3.202,0.03264,7,K,1035,Q
-0.4893,-0.02123,6,K,1035,R
-3.292,-0.7375,3,K,1035,S
-4.863,-2.256,3,K,1035,T
-2.804,-0.4714,5,K,1035,V
-4.668,-2.027,1,K,1035,W
-2.456,-0.3344,3,K,1035,Y
-0.2571,-0.009885,9,T,1036,A
-7.84,-4.455,8,T,1036,C
-3.084,-0.6126,9,T,1036,D
0.7267,0.01752,5,T,1036,E
-2.991,-0.5623,10,T,1036,F
-5.761,-3.264,2,T,1036,G
-4.232,-1.541,3,T,1036,H
4.415,0.03362,5,T,1036,I
-1.82,-0.1685,1,T,1036,K
7.759,0.03402,6,T,1036,L
-2.394,-0.314,7,T,1036,M
5.039,0.03381,7,T,1036,N
-4.469,-1.799,1,T,1036,P
3.356,0.03284,1,T,1036,Q
-4.321,-1.636,4,T,1036,R
-1.765,-0.1582,6,T,1036,S
0,0,,T,1036,T
1.197,0.0237,6,T,1036,V
-1.149,-0.07175,3,T,1036,W
2.64,0.03159,1,T,1036,Y
-3.382,-0.7973,3,L,1037,A
-5.358,-2.834,3,L,1037,C
-4.648,-2.004,4,L,1037,D
-7.322,-4.303,5,L,1037,E
0.2585,0.007709,2,L,1037,F
-2.84,-0.4879,1,L,1037,G
-14.18,-4.698,1,L,1037,H
-1.88,-0.1804,3,L,1037,I
-4.774,-2.15,5,L,1037,K
0,0,,L,1037,L
-2.376,-0.3081,16,L,1037,M
-4.464,-1.793,9,L,1037,N
0.4996,0.01332,3,L,1037,P
1.067,0.02227,5,L,1037,Q
2.346,0.03075,7,L,1037,R
3.227,0.03267,2,L,1037,S
-5.463,-2.951,4,L,1037,T
2.455,0.03109,2,L,1037,V
2.611,0.03152,3,L,1037,W
7.306,0.03401,2,L,1037,Y
-2.065,-0.2215,4,Q,1038,*
4.438,0.03363,3,Q,1038,A
2.198,0.03023,9,Q,1038,C
2.162,0.03009,3,Q,1038,D
3.825,0.03328,6,Q,1038,E
0.2825,0.008331,3,Q,1038,F
2.742,0.03182,3,Q,1038,G
-1.736,-0.1527,13,Q,1038,H
-5.555,-3.051,4,Q,1038,I
-0.5916,-0.02711,3,Q,1038,K
-2.819,-0.4785,3,Q,1038,L
2.085,0.02977,3,Q,1038,N
-0.9276,-0.05108,3,Q,1038,P
0,0,,Q,1038,Q
0.8925,0.02003,2,Q,1038,R
-3.527,-0.9017,1,Q,1038,S
2.974,0.03228,4,Q,1038,T
-1.37,-0.09717,3,Q,1038,V
2.675,0.03167,2,Q,1038,W
-2.354,-0.3012,2,Q,1038,Y
-13.54,-4.698,7,E,1039,*
1.288,0.02459,4,E,1039,A
-1.279,-0.08603,12,E,1039,D
0,0,,E,1039,E
-3.09,-0.6157,3,E,1039,F
-2.369,-0.306,5,E,1039,G
3.169,0.03259,1,E,1039,H
4.356,0.03359,3,E,1039,I
1.234,0.02407,11,E,1039,K
0.609,0.01546,6,E,1039,L
-3.172,-0.6632,1,E,1039,M
-1.838,-0.172,4,E,1039,N
3.336,0.03281,3,E,1039,P
-9.88,-4.665,4,E,1039,Q
-2.706,-0.4291,3,E,1039,R
-1.524,-0.1182,4,E,1039,S
2.495,0.03121,3,E,1039,T
-3.519,-0.896,8,E,1039,V
7.254,0.03401,5,E,1039,W
-3.886,-1.2,4,E,1039,Y
0,0,,D,104,D
4.753,0.03374,3,D,104,E
0.976,0.02115,2,D,104,G
-15.22,-4.699,5,D,104,N
-4.123,-1.429,12,D,104,Y
-2.105,-0.2316,1,L,1040,-
-2.721,-0.435,1,L,1040,A
-4.878,-2.273,1,L,1040,C
3.482,0.03298,2,L,1040,D
-1.78,-0.1609,2,L,1040,E
-1.098,-0.06659,11,L,1040,F
-1.968,-0.1992,3,L,1040,G
3.073,0.03245,3,L,1040,H
3.449,0.03294,6,L,1040,I
-4.276,-1.587,8,L,1040,K
0,0,,L,1040,L
-2.439,-0.3287,6,L,1040,M
1.094,0.02258,3,L,1040,N
3.421,0.03291,4,L,1040,P
-5.123,-2.563,5,L,1040,Q
-2.415,-0.3208,4,L,1040,R
2.989,0.03231,3,L,1040,S
-8.705,-4.593,4,L,1040,T
-2.391,-0.3129,6,L,1040,V
3.885,0.03333,2,L,1040,W
-3.077,-0.6085,4,L,1040,Y
-2.52,-0.3569,4,S,1041,A
-2.31,-0.2877,8,S,1041,C
3.89,0.03333,6,S,1041,D
2.746,0.03183,3,S,1041,E
-6.305,-3.745,3,S,1041,F
-1.166,-0.07343,5,S,1041,G
-11.74,-4.693,1,S,1041,H
-2.994,-0.5638,8,S,1041,I
-2.706,-0.429,7,S,1041,K
3.09,0.03247,7,S,1041,L
1.481,0.02625,7,S,1041,M
-0.7973,-0.04085,15,S,1041,N
-3.694,-1.033,4,S,1041,P
3.455,0.03295,6,S,1041,Q
3.509,0.03301,12,S,1041,R
0,0,,S,1041,S
-0.5696,-0.02579,2,S,1041,T
-1.226,-0.07993,4,S,1041,V
-1.674,-0.1421,7,S,1041,W
10.05,0.03403,4,S,1041,Y
-6.69,-4.005,1,Y,1042,*
-4.021,-1.328,1,Y,1042,A
-3.143,-0.6464,7,Y,1042,C
1.226,0.02399,5,Y,1042,D
2.358,0.03079,3,Y,1042,E
4.051,0.03344,2,Y,1042,F
3.973,0.03339,8,Y,1042,G
-0.07499,-0.00263,7,Y,1042,H
0.4346,0.01194,5,Y,1042,K
6.061,0.03395,7,Y,1042,L
3.707,0.03319,2,Y,1042,M
-2.698,-0.4254,1,Y,1042,N
-2.729,-0.4387,4,Y,1042,P
2.898,0.03214,3,Y,1042,Q
-4.173,-1.479,4,Y,1042,R
-3.918,-1.229,3,Y,1042,S
-0.7247,-0.03568,4,Y,1042,T
-3.681,-1.023,2,Y,1042,V
5.446,0.03388,6,Y,1042,W
0,0,,Y,1042,Y
-0.9832,-0.05585,5,K,1043,A
-0.5212,-0.023,1,K,1043,C
-3.211,-0.687,3,K,1043,D
-11.64,-4.693,3,K,1043,E
-3.324,-0.7587,7,K,1043,F
0.7258,0.0175,5,K,1043,G
3.761,0.03323,1,K,1043,H
3.584,0.03308,5,K,1043,I
0,0,,K,1043,K
1.411,0.02569,6,K,1043,L
2.552,0.03136,8,K,1043,M
1.773,0.02822,12,K,1043,N
-3.829,-1.149,4,K,1043,P
1.438,0.02591,4,K,1043,Q
3.59,0.03309,5,K,1043,R
-7.596,-4.392,2,K,1043,S
4.789,0.03375,3,K,1043,T
-5.497,-2.988,1,K,1043,V
2.117,0.02991,8,K,1043,W
1.858,0.02869,5,K,1043,Y
1.013,0.02162,4,L,1044,A
-3.264,-0.7197,6,L,1044,C
0.7049,0.01715,3,L,1044,D
4.849,0.03376,3,L,1044,E
2.242,0.03039,2,L,1044,F
0.05181,0.001707,2,L,1044,G
-2.222,-0.2624,7,L,1044,H
-1.884,-0.1814,3,L,1044,I
-7.992,-4.488,1,L,1044,K
0,0,,L,1044,L
2.134,0.02998,11,L,1044,M
3.968,0.03338,1,L,1044,N
-1.527,-0.1188,4,L,1044,P
-0.9779,-0.05539,4,L,1044,Q
-5.517,-3.01,3,L,1044,R
-2.05,-0.218,3,L,1044,S
-1.726,-0.151,4,L,1044,T
-0.1863,-0.006908,4,L,1044,V
-2.637,-0.401,4,L,1044,W
6.743,0.03399,1,L,1044,Y
-0.2445,-0.00934,4,P,1045,A
-6.191,-3.656,3,P,1045,C
-1.43,-0.105,3,P,1045,D
-0.9205,-0.05049,8,P,1045,E
-2.774,-0.4582,4,P,1045,F
-2.466,-0.3377,5,P,1045,G
-5.071,-2.502,5,P,1045,H
-4.37,-1.689,3,P,1045,I
-0.4662,-0.01998,2,P,1045,K
11.48,0.03403,6,P,1045,L
-7.46,-4.35,8,P,1045,M
-3.082,-0.6114,6,P,1045,N
0,0,,P,1045,P
2.359,0.03079,3,P,1045,Q
1.352,0.02518,6,P,1045,R
3.114,0.03251,5,P,1045,S
-3.068,-0.6038,5,P,1045,T
2.288,0.03055,2,P,1045,V
-0.8596,-0.04558,7,P,1045,W
0.6331,0.0159,7,N,1046,A
-3.069,-0.604,2,N,1046,C
-3.318,-0.7543,11,N,1046,D
-1.83,-0.1703,6,N,1046,E
-1.454,-0.1083,7,N,1046,F
0.6533,0.01626,2,N,1046,G
-1.064,-0.06322,1,N,1046,H
6.062,0.03395,4,N,1046,I
5.486,0.03389,5,N,1046,K
5.209,0.03384,6,N,1046,L
-2.104,-0.2311,5,N,1046,M
0,0,,N,1046,N
-3.512,-0.8907,5,N,1046,P
1.962,0.02922,7,N,1046,Q
3.52,0.03302,8,N,1046,R
-3.068,-0.6038,1,N,1046,S
1.862,0.02871,3,N,1046,T
0.4717,0.01274,6,N,1046,V
-2.228,-0.264,3,N,1046,W
-1.904,-0.1854,8,N,1046,Y
-8.081,-4.505,1,Y,1047,*
6.208,0.03396,3,Y,1047,A
-0.4976,-0.02168,3,Y,1047,C
-1.881,-0.1806,3,Y,1047,D
-0.8478,-0.04466,3,Y,1047,E
-1.721,-0.1502,4,Y,1047,F
-2.143,-0.2413,4,Y,1047,G
-1.126,-0.06936,5,Y,1047,H
-4.832,-2.219,3,Y,1047,I
2.208,0.03027,6,Y,1047,K
3.333,0.03281,5,Y,1047,L
0.8756,0.01979,2,Y,1047,M
11.14,0.03403,5,Y,1047,N
-2.533,-0.3614,5,Y,1047,P
5.643,0.03391,7,Y,1047,Q
-2.111,-0.2329,7,Y,1047,R
-0.5326,-0.02364,2,Y,1047,S
4.257,0.03355,3,Y,1047,T
-13.87,-4.698,2,Y,1047,V
-1.85,-0.1743,3,Y,1047,W
0,0,,Y,1047,Y
9.964,0.03403,2,T,1048,A
-3.147,-0.6482,2,T,1048,C
1.682,0.02766,2,T,1048,D
3.646,0.03314,3,T,1048,E
9.449,0.03403,6,T,1048,F
0.1974,0.006061,3,T,1048,G
-1.646,-0.1373,6,T,1048,H
-9.211,-4.634,4,T,1048,I
-3.683,-1.024,1,T,1048,K
3.138,0.03255,5,T,1048,L
-0.8311,-0.04338,8,T,1048,M
5.344,0.03387,7,T,1048,N
0.6106,0.01549,5,T,1048,P
3.629,0.03312,2,T,1048,Q
3.178,0.0326,5,T,1048,R
5.484,0.03389,1,T,1048,S
0,0,,T,1048,T
-1.678,-0.1426,2,T,1048,V
-2.922,-0.5273,4,T,1048,W
2.323,0.03067,3,T,1048,Y
-2.459,-0.3353,2,V,1049,A
-4.008,-1.315,6,V,1049,C
-2.842,-0.4888,3,V,1049,D
2.229,0.03035,2,V,1049,E
-2.585,-0.3806,4,V,1049,F
3.487,0.03298,6,V,1049,G
3.938,0.03336,2,V,1049,H
2.979,0.03229,7,V,1049,I
-1.478,-0.1116,5,V,1049,K
2.654,0.03162,6,V,1049,L
1.285,0.02456,18,V,1049,M
6.415,0.03398,2,V,1049,N
0.3336,0.009604,5,V,1049,P
7.394,0.03401,7,V,1049,Q
-3.822,-1.143,3,V,1049,R
-8.381,-4.554,2,V,1049,S
11.18,0.03403,3,V,1049,T
0,0,,V,1049,V
2.221,0.03032,5,V,1049,W
1.521,0.02656,3,V,1049,Y
1.039,0.02193,1,C,105,*
0,0,,C,105,C
-17.5,-4.699,1,C,105,F
-7.079,-4.205,1,C,105,R
-9.102,-4.627,1,C,105,Y
1.681,0.02766,3,P,1050,A
-2.356,-0.3019,2,P,1050,C
-8.665,-4.589,1,P,1050,D
-4.018,-1.324,6,P,1050,E
1.786,0.02829,3,P,1050,F
0.1794,0.005557,2,P,1050,G
-0.3164,-0.01254,10,P,1050,H
7.976,0.03402,1,P,1050,I
-3.171,-0.6625,2,P,1050,K
-0.8922,-0.04817,6,P,1050,L
-0.6533,-0.03094,4,P,1050,M
0.094,0.003033,4,P,1050,N
0,0,,P,1050,P
1.652,0.02747,3,P,1050,Q
-13.88,-4.698,8,P,1050,R
6.454,0.03398,11,P,1050,S
-1.292,-0.08757,7,P,1050,T
-8.793,-4.602,2,P,1050,V
-2.279,-0.2788,3,P,1050,W
-2.1,-0.2302,7,P,1050,Y
-1.872,-0.1788,5,D,1051,A
0.02107,0.0007044,1,D,1051,C
0,0,,D,1051,D
4.485,0.03365,7,D,1051,E
-3.233,-0.7001,4,D,1051,F
-0.01437,-0.0004891,6,D,1051,G
-0.9268,-0.05101,4,D,1051,H
1.569,0.0269,2,D,1051,K
4.444,0.03363,2,D,1051,L
2.631,0.03156,3,D,1051,M
-2.991,-0.5624,22,D,1051,N
1.095,0.02259,2,D,1051,P
-0.9302,-0.0513,4,D,1051,Q
-0.02378,-0.000813,6,D,1051,R
-5.214,-2.669,3,D,1051,S
4.093,0.03346,5,D,1051,T
1.195,0.02368,3,D,1051,V
-2.089,-0.2276,20,D,1051,Y
-2.582,-0.3797,5,L,1052,A
-3.255,-0.7142,1,L,1052,C
-4.607,-1.956,4,L,1052,D
-1.459,-0.1089,3,L,1052,E
0.8851,0.01993,5,L,1052,F
2.588,0.03146,2,L,1052,G
-5.289,-2.755,4,L,1052,H
4.233,0.03353,1,L,1052,I
-4.53,-1.868,5,L,1052,K
0,0,,L,1052,L
-3.138,-0.6433,9,L,1052,M
-3.46,-0.852,4,L,1052,N
-2.582,-0.3797,11,L,1052,P
-0.6548,-0.03104,3,L,1052,Q
-5.505,-2.997,5,L,1052,R
-3.235,-0.7015,6,L,1052,S
-7.138,-4.231,1,L,1052,V
2.932,0.03221,4,L,1052,W
-3.28,-0.7298,4,L,1052,Y
5.241,0.03385,3,V,1053,A
-3.966,-1.275,3,V,1053,C
2.6,0.03149,6,V,1053,D
0.05074,0.001672,5,V,1053,E
2.632,0.03157,4,V,1053,F
-3.226,-0.6957,4,V,1053,G
-2.581,-0.3793,8,V,1053,H
-2.801,-0.4702,2,V,1053,I
-2.325,-0.2923,4,V,1053,K
1.145,0.02315,8,V,1053,L
0.7135,0.0173,9,V,1053,M
1.695,0.02775,10,V,1053,N
-1.76,-0.1571,5,V,1053,P
-0.1552,-0.005666,2,V,1053,Q
6.603,0.03399,2,V,1053,S
-2.692,-0.4232,2,V,1053,T
0,0,,V,1053,V
3.93,0.03336,1,V,1053,W
-4.957,-2.367,3,V,1053,Y
4.677,0.03371,6,V,1054,A
-3.223,-0.6941,4,V,1054,C
-2.501,-0.3502,9,V,1054,D
-6.943,-4.142,4,V,1054,E
5.119,0.03383,6,V,1054,F
1.023,0.02174,3,V,1054,G
0.8259,0.01907,4,V,1054,H
-2.608,-0.3894,3,V,1054,I
-3.297,-0.741,2,V,1054,K
0.2051,0.006273,5,V,1054,L
0.2506,0.007503,4,V,1054,M
-5.68,-3.183,2,V,1054,N
6.331,0.03397,2,V,1054,Q
4.218,0.03353,3,V,1054,R
-3.852,-1.169,2,V,1054,S
0.1611,0.005032,1,V,1054,T
0,0,,V,1054,V
7.188,0.03401,5,V,1054,W
-4.006,-1.313,4,V,1054,Y
-10.61,-4.683,14,E,1055,*
-0.1739,-0.006409,1,E,1055,-
-1.456,-0.1085,3,E,1055,A
-2.247,-0.2694,7,E,1055,C
-1.455,-0.1084,13,E,1055,D
0,0,,E,1055,E
-3.718,-1.054,4,E,1055,F
-0.953,-0.05323,2,E,1055,G
-0.8882,-0.04784,1,E,1055,H
2.303,0.03061,6,E,1055,I
1.844,0.02861,6,E,1055,K
-3.407,-0.8146,4,E,1055,L
1.313,0.02483,4,E,1055,M
6.991,0.034,3,E,1055,N
-0.9015,-0.04893,5,E,1055,Q
-1.602,-0.1302,5,E,1055,R
-2.201,-0.2567,1,E,1055,S
7.55,0.03401,7,E,1055,T
-0.9399,-0.05212,2,E,1055,V
-5.95,-3.446,1,E,1055,W
2.008,0.02944,8,E,1055,Y
8.04,0.03402,2,Q,1056,*
6.296,0.03397,4,Q,1056,A
3.12,0.03252,2,Q,1056,C
-4.986,-2.401,3,Q,1056,D
2.185,0.03018,2,Q,1056,E
1.331,0.02499,6,Q,1056,F
3.364,0.03285,2,Q,1056,G
1.01,0.02158,11,Q,1056,H
-1.049,-0.06182,5,Q,1056,I
6.848,0.034,4,Q,1056,K
-0.1698,-0.006243,7,Q,1056,L
1.682,0.02767,2,Q,1056,M
-2.793,-0.4665,6,Q,1056,N
1.112,0.02278,6,Q,1056,P
0,0,,Q,1056,Q
2.834,0.03202,6,Q,1056,R
1.287,0.02459,1,Q,1056,T
-4.421,-1.745,3,Q,1056,V
10.95,0.03403,7,Q,1056,W
3.825,0.03328,2,Q,1056,Y
-0.2795,-0.01087,1,Y,1057,*
-1.453,-0.1082,4,Y,1057,A
-4.624,-1.976,5,Y,1057,C
-3.34,-0.7691,4,Y,1057,D
-3.24,-0.7047,2,Y,1057,E
1.056,0.02214,4,Y,1057,F
-3.525,-0.8999,7,Y,1057,G
-1.679,-0.1429,4,Y,1057,H
2.967,0.03227,7,Y,1057,I
-1.68,-0.143,1,Y,1057,K
-4.321,-1.636,8,Y,1057,L
6.992,0.034,4,Y,1057,M
2.106,0.02986,9,Y,1057,N
1.912,0.02897,4,Y,1057,P
-1.808,-0.1662,5,Y,1057,Q
-4.056,-1.362,6,Y,1057,R
-4.226,-1.534,4,Y,1057,S
-0.4636,-0.01984,3,Y,1057,T
-11.12,-4.689,1,Y,1057,V
4.179,0.03351,4,Y,1057,W
0,0,,Y,1057,Y
-1.499,-0.1146,4,N,1058,A
-1.939,-0.1927,3,N,1058,C
1.073,0.02234,8,N,1058,D
-4.598,-1.946,2,N,1058,F
6.572,0.03398,5,N,1058,G
1.626,0.0273,5,N,1058,H
-0.1537,-0.005608,5,N,1058,I
1.582,0.027,7,N,1058,K
4.92,0.03378,6,N,1058,L
2.244,0.0304,10,N,1058,M
0,0,,N,1058,N
-1.85,-0.1744,5,N,1058,P
-0.7169,-0.03514,1,N,1058,Q
5.821,0.03393,3,N,1058,R
1.442,0.02594,8,N,1058,S
-0.188,-0.006976,2,N,1058,T
-0.1741,-0.006418,6,N,1058,V
0.7101,0.01724,3,N,1058,W
6.227,0.03396,4,N,1058,Y
-8.701,-4.592,4,Q,1059,*
-0.997,-0.05708,3,Q,1059,A
-3.823,-1.143,8,Q,1059,C
-3.284,-0.7322,8,Q,1059,D
-4.342,-1.659,2,Q,1059,E
1.389,0.0255,6,Q,1059,F
-6.544,-3.915,6,Q,1059,G
4.97,0.03379,15,Q,1059,H
0.437,0.01199,2,Q,1059,I
-0.963,-0.05409,3,Q,1059,K
-3.117,-0.6311,4,Q,1059,L
-1.519,-0.1175,9,Q,1059,M
2.609,0.03151,5,Q,1059,N
0.1575,0.004929,4,Q,1059,P
0,0,,Q,1059,Q
8.511,0.03402,6,Q,1059,R
-0.6407,-0.03014,2,Q,1059,S
-0.9846,-0.05598,4,Q,1059,V
4.763,0.03374,3,Q,1059,W
1.785,0.02829,1,Q,1059,Y
0,0,,K,106,K
-0.8948,-0.04839,17,K,106,N
-2.429,-0.3253,1,K,106,R
-0.3987,-0.01649,17,T,1060,A
5.9,0.03394,2,T,1060,C
-1.186,-0.07559,9,T,1060,D
7.031,0.034,5,T,1060,E
3.869,0.03332,4,T,1060,F
-2.265,-0.2746,3,T,1060,G
0.7243,0.01748,3,T,1060,H
-0.01978,-0.0006747,8,T,1060,I
12.6,0.03403,6,T,1060,K
4.58,0.03368,2,T,1060,L
2.234,0.03036,4,T,1060,M
2.281,0.03053,2,T,1060,N
0.8793,0.01985,1,T,1060,P
-0.89,-0.048,8,T,1060,Q
3.784,0.03325,3,T,1060,R
-6.472,-3.866,2,T,1060,S
0,0,,T,1060,T
-2.142,-0.241,7,T,1060,V
-2.38,-0.3093,1,T,1060,W
-3.533,-0.9058,3,T,1060,Y
1.19,0.02363,3,I,1061,A
-3.455,-0.8488,3,I,1061,C
-8.644,-4.586,1,I,1061,D
-7.179,-4.248,5,I,1061,E
-0.3994,-0.01653,7,I,1061,F
-4.718,-2.086,2,I,1061,G
-5.594,-3.092,2,I,1061,H
0,0,,I,1061,I
0.5907,0.01512,2,I,1061,K
6.012,0.03395,2,I,1061,L
0.4508,0.01229,2,I,1061,M
-4.478,-1.809,7,I,1061,N
-1.263,-0.0841,5,I,1061,P
3.075,0.03245,5,I,1061,Q
-3.734,-1.067,7,I,1061,R
-4.821,-2.206,7,I,1061,S
-4.357,-1.674,6,I,1061,T
2.124,0.02994,6,I,1061,V
-8.641,-4.586,5,I,1061,W
-2.682,-0.419,7,I,1061,Y
-3.968,-1.277,6,L,1062,C
-0.8128,-0.042,2,L,1062,D
-3.245,-0.7076,4,L,1062,E
11.68,0.03403,2,L,1062,F
-3.489,-0.8737,2,L,1062,G
2.074,0.02973,2,L,1062,H
-3.204,-0.6826,7,L,1062,I
-5.328,-2.799,7,L,1062,K
0,0,,L,1062,L
-3.748,-1.078,6,L,1062,M
1.554,0.0268,4,L,1062,N
-14.03,-4.698,9,L,1062,P
-5.306,-2.775,9,L,1062,Q
-4.597,-1.944,4,L,1062,R
-2.578,-0.3783,7,L,1062,S
-1.79,-0.1627,2,L,1062,T
-3.093,-0.6173,3,L,1062,V
-3.328,-0.7614,2,L,1062,W
-3.416,-0.8209,4,L,1062,Y
2.101,0.02984,3,N,1063,A
1.801,0.02838,6,N,1063,D
6.181,0.03396,8,N,1063,E
-2.023,-0.2117,3,N,1063,F
3.202,0.03264,10,N,1063,G
7.646,0.03402,3,N,1063,H
2.571,0.03141,5,N,1063,I
6.277,0.03397,5,N,1063,K
2.481,0.03116,3,N,1063,L
7.216,0.03401,1,N,1063,M
0,0,,N,1063,N
-4.288,-1.6,4,N,1063,P
3.704,0.03319,4,N,1063,Q
5.714,0.03392,8,N,1063,R
-4.444,-1.771,3,N,1063,S
7.275,0.03401,1,N,1063,T
4.827,0.03376,2,N,1063,V
6.303,0.03397,4,N,1063,W
3.852,0.0333,1,N,1063,Y
-5.844,-3.347,2,L,1064,A
-3.192,-0.6753,2,L,1064,C
-11.01,-4.688,7,L,1064,D
-3.634,-0.9848,2,L,1064,E
4.031,0.03342,4,L,1064,F
-6.252,-3.705,4,L,1064,G
-8.526,-4.573,3,L,1064,H
6.828,0.03399,5,L,1064,I
-5.396,-2.876,3,L,1064,K
0,0,,L,1064,L
0.4981,0.01329,8,L,1064,M
-3.984,-1.292,6,L,1064,N
-4.92,-2.323,1,L,1064,P
-8.919,-4.613,4,L,1064,Q
-5.072,-2.503,5,L,1064,R
-6.554,-3.921,4,L,1064,S
-4.761,-2.136,5,L,1064,T
-3.047,-0.592,2,L,1064,V
-3.268,-0.722,3,L,1064,W
-3.798,-1.122,4,L,1064,Y
3.068,0.03244,5,T,1065,A
-6.594,-3.947,4,T,1065,C
0.2938,0.008617,7,T,1065,D
-0.09998,-0.00355,3,T,1065,E
-2.856,-0.4955,2,T,1065,F
0.221,0.006709,3,T,1065,G
1.972,0.02927,5,T,1065,H
-1.932,-0.1913,9,T,1065,I
6.616,0.03399,5,T,1065,K
-1.868,-0.178,3,T,1065,L
3.809,0.03327,1,T,1065,M
2.99,0.03231,4,T,1065,N
-3.632,-0.9831,4,T,1065,P
-5.309,-2.778,7,T,1065,Q
-1.442,-0.1067,7,T,1065,R
6.676,0.03399,5,T,1065,S
0,0,,T,1065,T
8.135,0.03402,3,T,1065,V
0.2745,0.008124,4,T,1065,W
-1.793,-0.1633,4,T,1065,Y
-2.859,-0.4968,1,S,1066,-
1.085,0.02248,4,S,1066,A
-0.356,-0.0144,5,S,1066,C
-0.09416,-0.003334,1,S,1066,D
2.272,0.0305,7,S,1066,E
-8.394,-4.555,2,S,1066,F
3.011,0.03235,3,S,1066,G
-2.243,-0.2682,4,S,1066,H
-1.737,-0.153,11,S,1066,I
4.323,0.03358,3,S,1066,K
-1.615,-0.1323,6,S,1066,L
0.8039,0.01874,4,S,1066,M
3.658,0.03315,5,S,1066,N
-6.16,-3.63,4,S,1066,P
2.07,0.02971,6,S,1066,Q
1.009,0.02157,1,S,1066,R
0,0,,S,1066,S
2.432,0.03102,5,S,1066,T
3.801,0.03327,2,S,1066,V
6.775,0.03399,2,S,1066,W
0.206,0.006299,4,S,1066,Y
-11.97,-4.695,18,E,1067,*
-0.1126,-0.004024,1,E,1067,-
4.473,0.03364,5,E,1067,A
-2.346,-0.2989,3,E,1067,C
-3.275,-0.7269,8,E,1067,D
0,0,,E,1067,E
-2.992,-0.5627,8,E,1067,F
-3.278,-0.7289,3,E,1067,G
-0.8952,-0.04842,5,E,1067,H
-4.518,-1.855,6,E,1067,I
-1.576,-0.1262,30,E,1067,K
-2.79,-0.4653,1,E,1067,L
-0.9649,-0.05426,2,E,1067,M
-3.746,-1.077,5,E,1067,N
-4.74,-2.111,2,E,1067,P
-2.969,-0.5512,1,E,1067,Q
2.871,0.03209,3,E,1067,R
-4.363,-1.681,4,E,1067,S
2.129,0.02996,4,E,1067,T
-5.235,-2.693,5,E,1067,V
-1.404,-0.1016,3,E,1067,W
0.1583,0.004952,4,E,1067,Y
-0.4916,-0.02135,1,I,1068,-
-11.66,-4.693,1,I,1068,A
-0.3772,-0.01543,2,I,1068,C
-8.624,-4.584,3,I,1068,D
-9.947,-4.668,2,I,1068,E
-0.2815,-0.01096,4,I,1068,F
-10.25,-4.676,4,I,1068,G
-9.053,-4.623,4,I,1068,H
0,0,,I,1068,I
-9.219,-4.635,2,I,1068,K
0.04573,0.001511,3,I,1068,L
-1.124,-0.06916,7,I,1068,M
-4.246,-1.555,3,I,1068,N
-3.762,-1.09,5,I,1068,P
-4.763,-2.138,2,I,1068,Q
-5.318,-2.789,4,I,1068,R
-10.58,-4.682,5,I,1068,S
-10.66,-4.683,3,I,1068,T
-3.55,-0.9194,8,I,1068,V
-4.084,-1.389,6,I,1068,W
-2.7,-0.4262,2,I,1068,Y
-0.7866,-0.04006,1,S,1069,-
-4.255,-1.565,6,S,1069,A
1.575,0.02695,8,S,1069,C
-8.587,-4.58,4,S,1069,D
2.688,0.0317,4,S,1069,E
1.193,0.02366,6,S,1069,F
-3.965,-1.274,1,S,1069,G
3.885,0.03333,2,S,1069,H
-2.784,-0.4624,6,S,1069,I
0.09614,0.003099,8,S,1069,K
1.535,0.02666,4,S,1069,L
4.933,0.03378,4,S,1069,M
-3.14,-0.6445,2,S,1069,N
-7.773,-4.439,9,S,1069,P
0.7906,0.01854,5,S,1069,Q
3.853,0.0333,8,S,1069,R
0,0,,S,1069,S
3.601,0.0331,2,S,1069,T
1.124,0.02292,1,S,1069,V
0.1179,0.003762,1,S,1069,W
-0.836,-0.04375,14,S,1069,Y
-2.836,-0.4862,5,G,107,C
-6.986,-4.163,3,G,107,D
0,0,,G,107,G
-7.786,-4.442,1,G,107,S
-3.073,-0.6066,1,T,1070,-
5.797,0.03393,6,T,1070,A
3.989,0.0334,3,T,1070,C
-2.02,-0.211,5,T,1070,D
0.9922,0.02136,4,T,1070,E
1.277,0.02449,4,T,1070,F
-1.739,-0.1534,2,T,1070,G
-9.772,-4.662,2,T,1070,H
-2.324,-0.2922,6,T,1070,I
-1.648,-0.1377,4,T,1070,K
-1.912,-0.187,2,T,1070,L
-3.284,-0.7326,1,T,1070,M
-1.461,-0.1093,5,T,1070,N
-11.86,-4.694,2,T,1070,P
5.911,0.03394,7,T,1070,Q
2.278,0.03052,1,T,1070,R
4.499,0.03365,5,T,1070,S
0,0,,T,1070,T
1.226,0.02399,2,T,1070,V
2.11,0.02988,5,T,1070,W
0.5142,0.01362,6,T,1070,Y
-1.677,-0.1425,1,L,1071,-
-4.849,-2.239,7,L,1071,A
-4.829,-2.216,5,L,1071,C
-4.563,-1.905,7,L,1071,D
-4.812,-2.195,4,L,1071,E
-4.95,-2.359,5,L,1071,F
-11.44,-4.692,4,L,1071,G
-4.319,-1.633,6,L,1071,H
-1.06,-0.06286,3,L,1071,I
-5.221,-2.676,7,L,1071,K
0,0,,L,1071,L
-4.216,-1.524,18,L,1071,M
-4.191,-1.498,2,L,1071,N
-7.17,-4.244,10,L,1071,P
-8.84,-4.606,4,L,1071,Q
-5.073,-2.504,2,L,1071,R
-8.508,-4.57,8,L,1071,S
-4.722,-2.089,3,L,1071,T
4.605,0.03369,4,L,1071,V
0.9736,0.02112,5,L,1071,W
-8.589,-4.58,3,L,1071,Y
-4.95,-2.359,5,E,1072,*
-3.991,-1.298,2,E,1072,-
6.581,0.03398,2,E,1072,A
0.2514,0.007524,3,E,1072,C
3.709,0.03319,5,E,1072,D
0,0,,E,1072,E
1.269,0.02442,2,E,1072,F
0.0009884,3.338e-05,3,E,1072,G
3.346,0.03283,5,E,1072,H
0.2104,0.006419,4,E,1072,I
1.862,0.02871,36,E,1072,K
0.2726,0.008075,1,E,1072,L
-2.197,-0.2554,3,E,1072,M
-0.704,-0.03427,3,E,1072,N
-6.457,-3.856,3,E,1072,P
4.005,0.03341,5,E,1072,Q
-1.164,-0.07327,7,E,1072,R
1.392,0.02552,2,E,1072,S
-2.375,-0.3079,4,E,1072,T
-3.809,-1.132,3,E,1072,V
-0.3178,-0.0126,4,E,1072,W
-7.311,-4.299,4,E,1072,Y
-0.6434,-0.03031,1,N,1073,-
-2.401,-0.3163,1,N,1073,A
3.52,0.03302,4,N,1073,C
7.148,0.034,3,N,1073,D
-0.6102,-0.02823,11,N,1073,E
5.221,0.03385,3,N,1073,F
-0.4141,-0.01727,4,N,1073,G
3.544,0.03304,3,N,1073,H
3.995,0.0334,5,N,1073,I
-1.215,-0.0788,14,N,1073,K
-4.129,-1.435,6,N,1073,L
0,0,,N,1073,N
-6.373,-3.796,2,N,1073,P
-0.8148,-0.04215,1,N,1073,Q
3.281,0.03274,3,N,1073,R
4.382,0.0336,7,N,1073,S
-2.708,-0.4299,5,N,1073,T
3.176,0.0326,5,N,1073,V
0.366,0.01038,8,N,1073,W
7.589,0.03401,9,N,1073,Y
-1.19,-0.07597,1,K,1074,-
-3.796,-1.12,5,K,1074,A
-9.421,-4.646,6,K,1074,C
-8.569,-4.578,1,K,1074,D
-4.707,-2.073,10,K,1074,E
-3.233,-0.7,2,K,1074,F
-3.497,-0.8794,4,K,1074,G
-2.097,-0.2295,5,K,1074,H
-7.888,-4.465,6,K,1074,I
0,0,,K,1074,K
-1.119,-0.06864,1,K,1074,L
1.897,0.02889,2,K,1074,M
-0.5686,-0.02573,5,K,1074,N
-5.242,-2.701,3,K,1074,P
-0.753,-0.03765,6,K,1074,Q
-1.385,-0.0991,7,K,1074,R
-3.313,-0.7512,7,K,1074,S
0.3777,0.01065,4,K,1074,T
-2.78,-0.4608,6,K,1074,V
-2.901,-0.517,4,K,1074,W
-0.2726,-0.01056,1,K,1074,Y
-3.395,-0.8065,2,S,1075,-
-0.3744,-0.01529,3,S,1075,A
5.708,0.03392,3,S,1075,C
-2.952,-0.5423,7,S,1075,D
1.713,0.02786,2,S,1075,E
2.96,0.03226,5,S,1075,F
0.01924,0.0006438,6,S,1075,G
-1.67,-0.1413,6,S,1075,H
-2.505,-0.3515,1,S,1075,I
-0.2122,-0.007975,6,S,1075,K
0.6112,0.0155,8,S,1075,L
5.229,0.03385,3,S,1075,M
-0.8915,-0.04812,2,S,1075,N
-4.991,-2.407,6,S,1075,P
3.906,0.03334,10,S,1075,Q
0.6294,0.01584,2,S,1075,R
0,0,,S,1075,S
4.139,0.03349,6,S,1075,T
3.237,0.03269,4,S,1075,V
8.197,0.03402,1,S,1075,W
1.61,0.02719,13,S,1075,Y
-2.608,-0.3894,1,A,1076,-
0,0,,A,1076,A
-3.662,-1.007,2,A,1076,C
-2.273,-0.2769,4,A,1076,D
-1.446,-0.1072,4,A,1076,E
6.706,0.03399,5,A,1076,F
-3.129,-0.6379,2,A,1076,G
-3.824,-1.145,7,A,1076,H
1.578,0.02697,4,A,1076,I
-0.2927,-0.01146,2,A,1076,K
3.144,0.03255,1,A,1076,L
1.526,0.02659,3,A,1076,M
-3.71,-1.046,3,A,1076,N
-3.709,-1.046,3,A,1076,P
3.13,0.03253,3,A,1076,Q
-1.066,-0.06349,8,A,1076,R
-0.2653,-0.01024,11,A,1076,S
1.897,0.02889,12,A,1076,T
-1.534,-0.1197,2,A,1076,V
-1.586,-0.1277,7,A,1076,W
-3.007,-0.5707,10,A,1076,Y
-7.914,-4.471,20,E,1077,*
-4.306,-1.619,1,E,1077,-
-8.591,-4.58,4,E,1077,A
5.675,0.03391,6,E,1077,C
11.28,0.03403,3,E,1077,D
0,0,,E,1077,E
-5.128,-2.569,1,E,1077,F
-1.369,-0.09702,5,E,1077,G
-3.327,-0.7608,2,E,1077,H
-3.437,-0.8362,9,E,1077,I
4.309,0.03357,29,E,1077,K
-1.491,-0.1134,2,E,1077,L
-0.8324,-0.04348,3,E,1077,M
-2.234,-0.2658,4,E,1077,N
-8.668,-4.589,1,E,1077,P
2.017,0.02948,1,E,1077,Q
-0.00741,-0.0002513,5,E,1077,R
6.248,0.03397,2,E,1077,S
0.8042,0.01874,5,E,1077,T
-2.189,-0.2534,3,E,1077,V
-6.301,-3.742,4,E,1077,W
-1.892,-0.1829,1,E,1077,Y
-4.402,-1.724,1,L,1078,-
-7.714,-4.424,5,L,1078,A
-5.105,-2.542,8,L,1078,C
-4.536,-1.875,5,L,1078,E
-3.233,-0.7002,3,L,1078,F
-3.694,-1.033,1,L,1078,G
-7.716,-4.424,3,L,1078,H
3.701,0.03319,4,L,1078,I
-2.919,-0.5259,2,L,1078,K
0,0,,L,1078,L
-3.264,-0.7197,3,L,1078,M
-6.578,-3.936,3,L,1078,N
-4.636,-1.989,6,L,1078,P
-5.967,-3.462,5,L,1078,Q
-5.473,-2.962,5,L,1078,R
-5.655,-3.156,6,L,1078,S
-4.908,-2.309,5,L,1078,T
-4.056,-1.362,1,L,1078,V
-3.18,-0.6681,4,L,1078,W
-6.893,-4.117,3,L,1078,Y
-3.18,-0.6683,1,N,1079,-
5.1,0.03382,6,N,1079,A
-1.257,-0.08345,4,N,1079,C
4.367,0.0336,8,N,1079,D
2.986,0.0323,2,N,1079,E
0.7009,0.01709,2,N,1079,F
-0.5887,-0.02693,3,N,1079,G
-0.7529,-0.03764,6,N,1079,H
3.777,0.03325,6,N,1079,I
2.076,0.02974,4,N,1079,K
1.805,0.0284,4,N,1079,L
-3.632,-0.983,2,N,1079,M
0,0,,N,1079,N
-7.871,-4.462,5,N,1079,P
0.1544,0.004839,2,N,1079,Q
-2.244,-0.2685,8,N,1079,R
-3.116,-0.6304,2,N,1079,S
-1.374,-0.09762,5,N,1079,T
4.155,0.03349,5,N,1079,V
6.475,0.03398,4,N,1079,W
0.485,0.01302,6,N,1079,Y
0,0,,F,108,F
-6.219,-3.678,3,F,108,L
-0.6882,-0.03322,3,F,108,S
0.01909,0.000639,1,F,108,Y
-0.2908,-0.01138,1,Y,1080,-
-4.385,-1.705,4,Y,1080,A
-3.298,-0.7412,7,Y,1080,C
-3.828,-1.148,7,Y,1080,D
3.674,0.03316,3,Y,1080,E
7.543,0.03401,1,Y,1080,F
6.231,0.03396,3,Y,1080,G
-4.716,-2.082,1,Y,1080,H
3.646,0.03314,3,Y,1080,I
3.739,0.03322,7,Y,1080,K
-0.7796,-0.03955,5,Y,1080,L
2.864,0.03208,6,Y,1080,M
1.866,0.02874,5,Y,1080,N
-3.458,-0.8506,7,Y,1080,P
1.517,0.02652,7,Y,1080,Q
3.133,0.03254,3,Y,1080,R
3.842,0.0333,5,Y,1080,S
-5.005,-2.423,2,Y,1080,T
-8.695,-4.592,1,Y,1080,V
1.614,0.02721,4,Y,1080,W
0,0,,Y,1080,Y
-0.822,-0.04269,1,T,1081,-
-3.3,-0.7428,4,T,1081,A
-1.886,-0.1816,1,T,1081,C
-2.853,-0.4942,6,T,1081,D
4.635,0.0337,2,T,1081,E
7.171,0.03401,5,T,1081,F
-5.332,-2.805,5,T,1081,G
-2.366,-0.3049,4,T,1081,H
-3.31,-0.7496,13,T,1081,I
2.164,0.0301,3,T,1081,K
7.188,0.03401,3,T,1081,L
5.708,0.03392,1,T,1081,M
0.6663,0.01649,4,T,1081,N
-3.507,-0.8864,2,T,1081,P
0.4754,0.01282,3,T,1081,Q
3.353,0.03283,7,T,1081,R
1.635,0.02736,4,T,1081,S
0,0,,T,1081,T
-3.742,-1.074,12,T,1081,V
-3.746,-1.077,1,T,1081,W
-8.277,-4.538,4,T,1081,Y
-0.06821,-0.002384,1,V,1082,-
-4.695,-2.058,4,V,1082,A
-2.608,-0.3895,6,V,1082,C
-6.944,-4.143,5,V,1082,D
-6.637,-3.973,4,V,1082,E
0.5756,0.01483,2,V,1082,F
-4.535,-1.873,1,V,1082,H
0.2023,0.006196,4,V,1082,I
-4.036,-1.342,3,V,1082,K
-2.723,-0.436,10,V,1082,L
-7.151,-4.236,13,V,1082,M
-4.367,-1.686,1,V,1082,N
-4.475,-1.805,7,V,1082,P
9.745,0.03403,6,V,1082,Q
-3.498,-0.8799,1,V,1082,R
-5.382,-2.86,4,V,1082,S
-3.253,-0.7127,6,V,1082,T
0,0,,V,1082,V
-4.19,-1.497,5,V,1082,W
-0.6415,-0.03019,1,V,1082,Y
-6.454,-3.854,1,Q,1083,*
-0.9061,-0.0493,1,Q,1083,-
2.912,0.03217,4,Q,1083,A
-2.457,-0.3348,7,Q,1083,C
-4.035,-1.341,2,Q,1083,D
-7.483,-4.358,4,Q,1083,E
-1.753,-0.1558,3,Q,1083,F
4.231,0.03353,4,Q,1083,G
6.645,0.03399,8,Q,1083,H
0.7527,0.01794,9,Q,1083,I
-2.656,-0.4086,7,Q,1083,K
-3.624,-0.9767,3,Q,1083,L
-9.163,-4.631,4,Q,1083,M
-2.826,-0.4816,7,Q,1083,N
-6.24,-3.695,4,Q,1083,P
0,0,,Q,1083,Q
-0.1196,-0.004289,5,Q,1083,R
-0.8897,-0.04797,2,Q,1083,S
-1.752,-0.1557,1,Q,1083,T
-3.053,-0.5951,2,Q,1083,V
2.577,0.03143,5,Q,1083,W
-2.333,-0.2949,3,Q,1083,Y
6.775,0.03399,2,K,1084,A
5.569,0.0339,4,K,1084,C
-2.846,-0.491,2,K,1084,D
3.452,0.03295,6,K,1084,E
-0.7327,-0.03623,8,K,1084,F
-2.958,-0.5453,1,K,1084,G
-4.26,-1.571,1,K,1084,H
2.141,0.03001,10,K,1084,I
0,0,,K,1084,K
-2.971,-0.552,3,K,1084,L
-5.812,-3.316,2,K,1084,N
-4.854,-2.245,4,K,1084,P
2.803,0.03195,7,K,1084,Q
2.296,0.03058,5,K,1084,R
-0.5469,-0.02446,5,K,1084,S
6.989,0.034,2,K,1084,T
-3.636,-0.9858,4,K,1084,V
-4.445,-1.772,8,K,1084,W
-3.515,-0.893,5,K,1084,Y
-13.21,-4.697,5,L,1085,A
-4.103,-1.408,3,L,1085,C
-4.325,-1.64,1,L,1085,D
-7.474,-4.355,5,L,1085,E
-4.361,-1.679,4,L,1085,F
-5.736,-3.24,6,L,1085,G
-8.672,-4.589,4,L,1085,H
6.928,0.034,12,L,1085,I
-5.998,-3.49,3,L,1085,K
0,0,,L,1085,L
-3.628,-0.9794,3,L,1085,M
-5.093,-2.527,2,L,1085,N
-5.115,-2.553,6,L,1085,P
-5.547,-3.042,6,L,1085,Q
7.578,0.03401,6,L,1085,R
-5.777,-3.281,3,L,1085,S
-4.161,-1.467,1,L,1085,T
-1.451,-0.1079,5,L,1085,V
1.516,0.02651,4,L,1085,W
-5.812,-3.315,4,Q,1086,*
0.9616,0.02096,3,Q,1086,A
2.985,0.0323,10,Q,1086,C
-3.005,-0.5695,4,Q,1086,D
-1.649,-0.1378,7,Q,1086,E
-1.023,-0.05947,4,Q,1086,F
1.784,0.02828,2,Q,1086,G
-10.01,-4.669,11,Q,1086,H
-3.514,-0.8922,1,Q,1086,I
-0.6985,-0.03391,7,Q,1086,K
0.9957,0.0214,2,Q,1086,L
3.942,0.03337,2,Q,1086,M
2.115,0.0299,2,Q,1086,N
-16.19,-4.699,3,Q,1086,P
0,0,,Q,1086,Q
-1.716,-0.1492,7,Q,1086,R
-2.705,-0.4287,3,Q,1086,S
1.99,0.02935,7,Q,1086,T
-0.2603,-0.01002,7,Q,1086,V
3.717,0.0332,7,Q,1086,W
-4.244,-1.554,5,Q,1086,Y
-3.767,-1.095,6,T,1087,A
-6.094,-3.575,2,T,1087,C
1.437,0.0259,3,T,1087,D
-2.86,-0.4973,6,T,1087,E
-8.707,-4.593,2,T,1087,F
3.276,0.03274,1,T,1087,G
-1.071,-0.06398,4,T,1087,H
4.063,0.03344,3,T,1087,I
-1.931,-0.1911,5,T,1087,K
-3.216,-0.6896,5,T,1087,L
1.05,0.02207,5,T,1087,M
5.506,0.03389,5,T,1087,N
-5.705,-3.208,5,T,1087,P
1.416,0.02572,1,T,1087,Q
-2.897,-0.5151,3,T,1087,R
1.212,0.02386,4,T,1087,S
0,0,,T,1087,T
4.648,0.0337,3,T,1087,V
-3.414,-0.8199,2,T,1087,W
4.13,0.03348,1,T,1087,Y
7.714,0.03402,4,L,1088,A
-4.219,-1.527,4,L,1088,C
3.452,0.03295,8,L,1088,D
0.1287,0.004084,6,L,1088,F
-4.329,-1.645,7,L,1088,G
-3.834,-1.154,3,L,1088,H
0.381,0.01073,4,L,1088,I
-0.2778,-0.01079,1,L,1088,K
0,0,,L,1088,L
5.672,0.03391,10,L,1088,M
-3.649,-0.9967,10,L,1088,N
-11.12,-4.689,3,L,1088,P
-0.197,-0.007346,3,L,1088,Q
0.5757,0.01483,3,L,1088,R
-1.061,-0.06302,5,L,1088,S
1.225,0.02399,6,L,1088,T
-3.383,-0.7983,5,L,1088,V
4.088,0.03346,3,L,1088,W
-0.07292,-0.002554,9,L,1088,Y
-1.006,-0.05789,3,I,1089,-
1.794,0.02834,2,I,1089,A
-3.608,-0.9639,8,I,1089,C
-8.573,-4.578,2,I,1089,D
-9.293,-4.639,3,I,1089,E
-3.335,-0.7656,5,I,1089,F
-2.934,-0.5334,1,I,1089,G
-5.377,-2.855,3,I,1089,H
0,0,,I,1089,I
-5.194,-2.645,4,I,1089,K
2.503,0.03123,5,I,1089,L
4.518,0.03366,4,I,1089,M
-5.977,-3.471,7,I,1089,N
-0.9497,-0.05295,1,I,1089,P
-4.179,-1.486,6,I,1089,Q
-5.834,-3.336,4,I,1089,R
-3.673,-1.016,4,I,1089,S
0.3824,0.01076,1,I,1089,T
2.24,0.03039,9,I,1089,V
-4.593,-1.94,3,I,1089,W
1.796,0.02835,4,I,1089,Y
-15.89,-4.699,1,Y,109,*
0,0,,Y,109,Y
-2.323,-0.2919,3,D,1090,-
-2.306,-0.2867,3,D,1090,A
-3.354,-0.7787,4,D,1090,C
0,0,,D,1090,D
1.816,0.02846,5,D,1090,E
-4.235,-1.544,4,D,1090,F
-3.784,-1.11,8,D,1090,G
-3.008,-0.5715,3,D,1090,H
3.637,0.03313,1,D,1090,I
2.339,0.03073,1,D,1090,K
1.597,0.0271,5,D,1090,L
-3.973,-1.281,4,D,1090,M
0.9949,0.02139,10,D,1090,N
-2.44,-0.329,2,D,1090,P
1.54,0.0267,1,D,1090,Q
1.823,0.0285,3,D,1090,R
-2.794,-0.4671,3,D,1090,S
-2.892,-0.5127,3,D,1090,T
-1.903,-0.1852,6,D,1090,V
-1.277,-0.08574,7,D,1090,W
-3.661,-1.006,14,D,1090,Y
-0.4205,-0.01759,2,N,1091,-
8.274,0.03402,2,N,1091,A
5.677,0.03391,2,N,1091,C
0.5514,0.01436,4,N,1091,D
-1.299,-0.08842,1,N,1091,E
-2.61,-0.3903,3,N,1091,F
0.488,0.01308,9,N,1091,G
-2.381,-0.3098,7,N,1091,H
-1.583,-0.1271,5,N,1091,I
1.581,0.02699,5,N,1091,K
-3.745,-1.076,2,N,1091,L
-3.006,-0.5704,9,N,1091,M
0,0,,N,1091,N
-5.743,-3.247,3,N,1091,P
0.3175,0.009208,4,N,1091,Q
-6.139,-3.612,5,N,1091,R
1.402,0.02561,4,N,1091,S
2.975,0.03228,3,N,1091,T
-1.572,-0.1255,1,N,1091,V
-3.393,-0.8051,4,N,1091,W
2.05,0.02962,6,N,1091,Y
-1.301,-0.08867,3,I,1092,-
-4.678,-2.039,5,I,1092,A
-4.479,-1.81,7,I,1092,C
-13.39,-4.698,2,I,1092,D
-7.08,-4.206,4,I,1092,E
-2.798,-0.4689,2,I,1092,F
-5.085,-2.518,2,I,1092,G
-6.373,-3.796,1,I,1092,H
0,0,,I,1092,I
-4.396,-1.718,7,I,1092,K
-5.67,-3.172,2,I,1092,L
-0.1832,-0.006784,3,I,1092,M
-5.166,-2.613,2,I,1092,N
-8.803,-4.602,2,I,1092,P
-14.66,-4.698,3,I,1092,Q
-5.085,-2.518,6,I,1092,R
-7.12,-4.223,6,I,1092,T
7.8,0.03402,7,I,1092,V
-2.541,-0.3643,3,I,1092,W
-5.811,-3.314,6,I,1092,Y
-0.1202,-0.004312,3,N,1093,-
-3.122,-0.6341,4,N,1093,A
-3.251,-0.7116,2,N,1093,C
-3.959,-1.268,9,N,1093,D
7.746,0.03402,6,N,1093,E
-5.006,-2.424,2,N,1093,F
-4.512,-1.847,4,N,1093,G
-3.793,-1.117,2,N,1093,H
-4.491,-1.823,3,N,1093,I
-3.357,-0.7808,11,N,1093,K
-5.116,-2.555,6,N,1093,L
-5.565,-3.061,2,N,1093,M
0,0,,N,1093,N
-8.914,-4.612,3,N,1093,P
-4.089,-1.395,7,N,1093,Q
-3.586,-0.947,4,N,1093,R
-2.547,-0.3667,2,N,1093,S
-1.343,-0.09372,3,N,1093,T
-3.884,-1.198,5,N,1093,V
-9.189,-4.633,2,N,1093,W
-1.035,-0.06057,2,N,1093,Y
0.3799,0.0107,3,S,1094,-
1.771,0.0282,1,S,1094,A
0.1167,0.003725,3,S,1094,C
6.684,0.03399,7,S,1094,D
-1.74,-0.1535,4,S,1094,E
-0.2178,-0.008206,8,S,1094,F
1.26,0.02433,4,S,1094,G
-6.05,-3.536,4,S,1094,H
-5.167,-2.614,9,S,1094,I
2.789,0.03192,3,S,1094,K
-1.614,-0.1322,8,S,1094,L
2.229,0.03034,13,S,1094,M
0.005015,0.000169,11,S,1094,N
-5.081,-2.513,7,S,1094,P
-1.736,-0.1528,5,S,1094,Q
4.18,0.03351,6,S,1094,R
0,0,,S,1094,S
-0.313,-0.01238,6,S,1094,T
0.1081,0.003465,9,S,1094,V
-3.606,-0.9623,4,S,1094,W
-7.332,-4.307,3,S,1094,Y
0.7703,0.01822,4,T,1095,-
-0.2463,-0.009418,5,T,1095,A
-4.437,-1.764,5,T,1095,C
-2.89,-0.5114,4,T,1095,D
0.2068,0.00632,4,T,1095,E
-3.681,-1.023,3,T,1095,F
-5.089,-2.522,3,T,1095,G
-7.04,-4.188,4,T,1095,I
-3.913,-1.225,7,T,1095,K
-3.495,-0.8775,4,T,1095,L
-4.016,-1.323,7,T,1095,M
-3.626,-0.9779,3,T,1095,N
-3.834,-1.154,7,T,1095,P
-3.063,-0.6008,4,T,1095,Q
-4.414,-1.738,7,T,1095,R
-4.037,-1.343,5,T,1095,S
0,0,,T,1095,T
3.577,0.03307,7,T,1095,V
-15.52,-4.699,7,T,1095,W
-9.252,-4.637,4,T,1095,Y
-0.04366,-0.001507,3,L,1096,-
-3.422,-0.8254,5,L,1096,A
-1.132,-0.06999,9,L,1096,C
-5.949,-3.446,4,L,1096,D
-4.075,-1.38,6,L,1096,E
-3.343,-0.7713,4,L,1096,F
-3.997,-1.304,7,L,1096,G
-7.797,-4.444,6,L,1096,H
-5.548,-3.044,2,L,1096,I
-12.28,-4.696,3,L,1096,K
0,0,,L,1096,L
-1.736,-0.1528,20,L,1096,M
-3.822,-1.143,7,L,1096,N
-3.802,-1.125,8,L,1096,P
-0.9832,-0.05586,4,L,1096,Q
-0.9064,-0.04933,4,L,1096,R
-1.137,-0.0705,5,L,1096,S
2.058,0.02966,4,L,1096,T
-4.061,-1.366,6,L,1096,V
-7.238,-4.271,6,L,1096,W
4.146,0.03349,2,L,1096,Y
-1.362,-0.09615,4,V,1097,-
-1.213,-0.07854,4,V,1097,A
-3.469,-0.859,9,V,1097,C
4.89,0.03377,7,V,1097,D
4.331,0.03358,6,V,1097,E
0.7075,0.0172,3,V,1097,F
7.462,0.03401,4,V,1097,G
4.131,0.03348,4,V,1097,H
6.21,0.03396,6,V,1097,I
3.021,0.03236,5,V,1097,K
0.1339,0.004238,12,V,1097,L
-3.296,-0.74,8,V,1097,M
-3.381,-0.7967,4,V,1097,N
-4.686,-2.048,3,V,1097,P
2.745,0.03183,5,V,1097,Q
2.14,0.03,2,V,1097,R
-2.993,-0.5634,3,V,1097,S
-9.707,-4.659,2,V,1097,T
0,0,,V,1097,V
-0.3963,-0.01637,6,V,1097,W
-9.154,-4.631,1,V,1097,Y
-1.049,-0.06183,4,D,1098,-
1.36,0.02525,1,D,1098,A
4.202,0.03352,2,D,1098,C
0,0,,D,1098,D
0.9281,0.02052,4,D,1098,E
-2.729,-0.4384,2,D,1098,F
-4.911,-2.312,3,D,1098,G
-1.469,-0.1103,7,D,1098,H
-2.749,-0.4471,6,D,1098,I
0.6974,0.01703,7,D,1098,L
3.452,0.03295,2,D,1098,M
-3.287,-0.7343,92,D,1098,N
-3.824,-1.145,7,D,1098,P
-1.872,-0.1789,1,D,1098,Q
1.663,0.02754,3,D,1098,R
-6.393,-3.811,4,D,1098,T
-0.4775,-0.02059,13,D,1098,V
-3.481,-0.8674,1,D,1098,W
-2.119,-0.2351,15,D,1098,Y
-3.082,-0.6112,5,L,1099,-
3.742,0.03322,3,L,1099,A
-5.348,-2.822,5,L,1099,C
-6.782,-4.058,3,L,1099,D
-4.587,-1.934,13,L,1099,E
3.286,0.03275,8,L,1099,F
-0.8081,-0.04164,5,L,1099,G
-4.233,-1.542,3,L,1099,H
-2.065,-0.2217,7,L,1099,I
-4.269,-1.58,3,L,1099,K
0,0,,L,1099,L
-4.73,-2.099,3,L,1099,M
-6.233,-3.689,3,L,1099,N
-5.955,-3.451,3,L,1099,P
-2.907,-0.5198,4,L,1099,R
-4.071,-1.377,5,L,1099,S
-6.996,-4.167,6,L,1099,T
-3.339,-0.7682,6,L,1099,V
-4.641,-1.995,5,L,1099,W
-3.221,-0.6926,3,L,1099,Y
0,0,,L,11,L
-0.07954,-0.002796,6,L,11,M
-2.67,-0.414,1,S,110,C
-7.018,-4.178,2,S,110,F
10.68,0.03403,1,S,110,P
0,0,,S,110,S
-6.896,-4.119,8,S,110,Y
-1.767,-0.1584,5,K,1100,-
4.132,0.03348,2,K,1100,A
-3.756,-1.085,3,K,1100,C
2.987,0.0323,2,K,1100,D
2.41,0.03095,5,K,1100,E
-6.499,-3.884,7,K,1100,F
2.549,0.03135,8,K,1100,G
3.192,0.03262,4,K,1100,H
-3.528,-0.9022,3,K,1100,I
0,0,,K,1100,K
-3.818,-1.14,4,K,1100,L
1.472,0.02618,7,K,1100,M
-2.065,-0.2216,8,K,1100,N
-4.128,-1.434,4,K,1100,P
1.336,0.02504,6,K,1100,Q
2.477,0.03115,6,K,1100,R
7.524,0.03401,1,K,1100,S
-2.125,-0.2366,7,K,1100,T
2.895,0.03214,1,K,1100,V
-2.595,-0.3847,8,K,1100,W
-1.787,-0.1621,2,K,1100,Y
-12.98,-4.697,79,W,1101,*
-2.229,-0.2642,5,W,1101,-
-1.93,-0.1909,3,W,1101,A
-9.523,-4.651,10,W,1101,C
-3.459,-0.8515,3,W,1101,D
2.324,0.03068,3,W,1101,E
-2.431,-0.3261,3,W,1101,F
-4.422,-1.747,6,W,1101,G
1.859,0.0287,5,W,1101,H
-3.538,-0.9095,4,W,1101,K
9.024,0.03403,19,W,1101,L
-0.777,-0.03936,2,W,1101,M
-1.723,-0.1505,2,W,1101,N
-5.102,-2.538,5,W,1101,P
0.1689,0.005256,5,W,1101,R
3.425,0.03292,4,W,1101,S
0.8264,0.01908,2,W,1101,T
-3.67,-1.013,4,W,1101,V
0,0,,W,1101,W
-4.325,-1.64,7,W,1101,Y
-2.698,-0.4255,6,L,1102,-
-4.088,-1.394,2,L,1102,A
-4.325,-1.64,6,L,1102,C
-4.48,-1.811,6,L,1102,D
-11.41,-4.691,4,L,1102,E
-4.037,-1.343,2,L,1102,F
-2.601,-0.3867,5,L,1102,G
-4.17,-1.476,2,L,1102,H
4.189,0.03351,1,L,1102,I
-4.703,-2.068,3,L,1102,K
0,0,,L,1102,L
-13.3,-4.698,5,L,1102,M
-5.358,-2.834,6,L,1102,N
-1.772,-0.1593,4,L,1102,P
-3.151,-0.6507,12,L,1102,Q
-4.859,-2.251,1,L,1102,R
-1.399,-0.1009,8,L,1102,S
-7.521,-4.369,2,L,1102,T
-3.943,-1.253,3,L,1102,V
-4.51,-1.845,6,L,1102,W
0.6882,0.01687,5,L,1102,Y
-1.401,-0.1012,5,N,1103,-
-4.078,-1.384,4,N,1103,A
-4.468,-1.797,2,N,1103,C
-7.411,-4.334,5,N,1103,D
2.137,0.02999,2,N,1103,E
2.61,0.03151,7,N,1103,F
-3.972,-1.281,2,N,1103,G
0.03418,0.001136,7,N,1103,H
-3.131,-0.6393,5,N,1103,I
-3.356,-0.7799,4,N,1103,K
-3.441,-0.8389,9,N,1103,L
3.243,0.03269,1,N,1103,M
0,0,,N,1103,N
0.3514,0.01003,1,N,1103,P
-6.492,-3.88,4,N,1103,Q
2.934,0.03221,3,N,1103,S
-3.529,-0.9031,1,N,1103,T
-10.41,-4.679,6,N,1103,V
-3.938,-1.249,5,N,1103,W
-4.081,-1.386,8,N,1103,Y
0.9731,0.02111,5,R,1104,-
-2.894,-0.5136,3,R,1104,A
1.839,0.02859,8,R,1104,C
3.787,0.03326,2,R,1104,E
-0.5371,-0.0239,3,R,1104,F
-2.697,-0.4251,10,R,1104,G
1.151,0.02322,3,R,1104,H
2.593,0.03147,18,R,1104,I
1.506,0.02644,42,R,1104,K
4.714,0.03372,5,R,1104,L
-3.345,-0.7723,4,R,1104,M
-2.279,-0.2787,1,R,1104,N
-4.346,-1.663,3,R,1104,P
-2.885,-0.5092,1,R,1104,Q
0,0,,R,1104,R
1.203,0.02376,2,R,1104,S
-6.705,-4.014,5,R,1104,T
7.449,0.03401,6,R,1104,V
-7.614,-4.397,3,R,1104,W
0.4185,0.01158,7,R,1104,Y
-0.394,-0.01626,5,V,1105,-
-3.192,-0.6755,5,V,1105,A
-5.63,-3.131,5,V,1105,C
-8.568,-4.578,1,V,1105,D
-3.629,-0.9802,5,V,1105,E
-8.924,-4.613,4,V,1105,F
-2.31,-0.2878,2,V,1105,G
-5.118,-2.557,3,V,1105,H
-3.359,-0.7822,2,V,1105,I
-4.893,-2.292,6,V,1105,K
-7.898,-4.468,4,V,1105,L
-1.714,-0.1489,8,V,1105,M
-9.375,-4.644,3,V,1105,N
-4.492,-1.824,2,V,1105,P
-3.944,-1.254,3,V,1105,R
-3.796,-1.12,5,V,1105,S
0,0,,V,1105,V
-0.9218,-0.0506,7,V,1105,W
3.077,0.03245,3,V,1105,Y
-12.77,-4.697,6,E,1106,*
-0.127,-0.004572,5,E,1106,-
-1.45,-0.1077,6,E,1106,A
-3.041,-0.5888,2,E,1106,C
-3.674,-1.016,5,E,1106,D
0,0,,E,1106,E
4.013,0.03341,3,E,1106,F
-3.92,-1.231,4,E,1106,G
-4.968,-2.379,2,E,1106,H
-4.631,-1.984,110,E,1106,K
-5.688,-3.191,1,E,1106,L
2.491,0.03119,7,E,1106,M
-0.6097,-0.02821,3,E,1106,N
-4.3,-1.613,10,E,1106,P
-1.785,-0.1618,8,E,1106,Q
-3.995,-1.302,2,E,1106,R
-4.59,-1.937,5,E,1106,S
-0.7555,-0.03783,6,E,1106,T
-3.889,-1.203,5,E,1106,V
0.6205,0.01567,4,E,1106,W
-0.5799,-0.0264,7,E,1106,Y
1.155,0.02326,5,T,1107,-
-3.609,-0.9651,6,T,1107,A
-0.8644,-0.04596,4,T,1107,C
-5.776,-3.28,1,T,1107,D
-0.3738,-0.01526,3,T,1107,E
1.341,0.02508,1,T,1107,F
-4.354,-1.672,4,T,1107,G
-0.3933,-0.01623,4,T,1107,I
-1.07,-0.06385,15,T,1107,K
-0.3036,-0.01195,5,T,1107,L
6.186,0.03396,11,T,1107,M
1.871,0.02876,3,T,1107,N
-1.125,-0.06925,1,T,1107,P
-2.695,-0.4242,3,T,1107,R
-4.496,-1.829,6,T,1107,S
0,0,,T,1107,T
-1.911,-0.1868,4,T,1107,V
-1.056,-0.06248,3,T,1107,W
5.65,0.03391,6,T,1107,Y
-3.274,-0.7258,3,Y,1108,*
-0.6953,-0.03369,5,Y,1108,-
-2.65,-0.4062,1,Y,1108,A
-5.054,-2.482,4,Y,1108,C
-4.259,-1.57,7,Y,1108,D
-4.284,-1.596,7,Y,1108,E
7.782,0.03402,4,Y,1108,F
-6.396,-3.813,6,Y,1108,G
0.923,0.02045,2,Y,1108,H
5.724,0.03392,5,Y,1108,I
-12.84,-4.697,5,Y,1108,K
-1.258,-0.0836,4,Y,1108,L
-3.066,-0.6023,3,Y,1108,M
-4.863,-2.256,5,Y,1108,N
-2.687,-0.421,1,Y,1108,P
-10.94,-4.687,2,Y,1108,Q
2.37,0.03083,8,Y,1108,R
-3.729,-1.063,6,Y,1108,S
-8.758,-4.598,4,Y,1108,T
-4.231,-1.539,4,Y,1108,V
11.08,0.03403,5,Y,1108,W
0,0,,Y,1108,Y
-0.8575,-0.04542,5,I,1109,-
-1.853,-0.175,4,I,1109,A
-5.387,-2.866,4,I,1109,C
-5.249,-2.71,2,I,1109,D
-2.536,-0.3625,7,I,1109,E
-3.485,-0.8707,9,I,1109,F
-4.122,-1.428,2,I,1109,G
0,0,,I,1109,I
-6.47,-3.865,7,I,1109,K
-1.337,-0.09294,5,I,1109,L
-2.159,-0.2455,5,I,1109,M
2.335,0.03072,5,I,1109,N
-4.198,-1.505,4,I,1109,P
-2.161,-0.2459,5,I,1109,Q
-3.619,-0.9726,6,I,1109,R
0.05816,0.00191,7,I,1109,T
-2.519,-0.3563,9,I,1109,V
-9.226,-4.635,5,I,1109,W
2.306,0.03062,3,I,1109,Y
-5.978,-3.472,1,N,111,-
4.442,0.03363,1,N,111,D
4.624,0.0337,2,N,111,K
0,0,,N,111,N
-1.912,-0.187,4,K,1110,-
1.543,0.02671,3,K,1110,A
-7.727,-4.427,4,K,1110,C
-3.828,-1.148,3,K,1110,D
4.003,0.03341,7,K,1110,E
-1.554,-0.1228,7,K,1110,F
0.09973,0.003209,1,K,1110,G
-0.9707,-0.05476,5,K,1110,H
6.113,0.03396,1,K,1110,I
0,0,,K,1110,K
-2.288,-0.2814,7,K,1110,L
-8.808,-4.603,2,K,1110,M
-4.292,-1.605,5,K,1110,N
-2.187,-0.2528,6,K,1110,P
-1.074,-0.06418,3,K,1110,Q
-1.206,-0.07781,7,K,1110,R
-1.29,-0.08735,3,K,1110,S
-3.799,-1.122,4,K,1110,T
-0.3104,-0.01226,4,K,1110,V
-3.773,-1.1,7,K,1110,W
-0.818,-0.04239,3,K,1110,Y
-16.78,-4.699,32,W,1111,*
-0.4807,-0.02076,4,W,1111,-
-4.974,-2.387,3,W,1111,A
-5.471,-2.959,13,W,1111,C
-4.765,-2.14,2,W,1111,D
-4.472,-1.802,2,W,1111,E
-2.323,-0.2918,2,W,1111,F
-6.57,-3.931,6,W,1111,G
-6.438,-3.842,2,W,1111,H
-4.48,-1.811,1,W,1111,I
-4.628,-1.98,8,W,1111,K
-5.093,-2.527,17,W,1111,L
-8.836,-4.606,6,W,1111,M
-3.679,-1.021,4,W,1111,N
-4.558,-1.9,5,W,1111,Q
-6.977,-4.159,15,W,1111,R
-4.266,-1.577,1,W,1111,S
-5.218,-2.674,6,W,1111,T
-3.856,-1.173,2,W,1111,V
0,0,,W,1111,W
8.02,0.03402,1,W,1111,Y
-1.03,-0.06003,4,P,1112,-
-3.463,-0.8545,5,P,1112,A
-4.221,-1.529,8,P,1112,C
4.732,0.03373,7,P,1112,D
-4.725,-2.093,12,P,1112,E
-4.557,-1.899,10,P,1112,F
-6.177,-3.644,7,P,1112,G
-9.018,-4.621,7,P,1112,H
-7.365,-4.318,4,P,1112,I
-6.703,-4.013,5,P,1112,K
-5.279,-2.744,8,P,1112,L
-4.905,-2.305,9,P,1112,M
-5.478,-2.967,3,P,1112,N
0,0,,P,1112,P
-4.067,-1.373,1,P,1112,Q
-4.29,-1.603,7,P,1112,R
-3.719,-1.054,3,P,1112,S
-8.612,-4.583,5,P,1112,T
-4.748,-2.12,5,P,1112,V
-7.287,-4.29,5,P,1112,W
4.508,0.03365,2,P,1112,Y
-12.52,-4.696,20,W,1113,*
-0.9334,-0.05157,4,W,1113,-
-8.735,-4.596,3,W,1113,A
-5.616,-3.116,2,W,1113,C
-6.777,-4.055,6,W,1113,D
3.629,0.03312,1,W,1113,E
-3.068,-0.6037,6,W,1113,F
2.792,0.03193,4,W,1113,G
-4.17,-1.477,2,W,1113,H
-5.456,-2.943,3,W,1113,I
-15.1,-4.699,5,W,1113,K
-7.324,-4.304,15,W,1113,L
-4.069,-1.374,3,W,1113,M
7.927,0.03402,6,W,1113,N
-4.343,-1.66,2,W,1113,P
-5.988,-3.481,4,W,1113,Q
-4.236,-1.545,10,W,1113,R
-9.837,-4.664,2,W,1113,S
-8.574,-4.578,1,W,1113,T
-3.739,-1.071,3,W,1113,V
0,0,,W,1113,W
-3.608,-0.9637,6,W,1113,Y
-4.786,-2.165,35,W,1114,*
0.2965,0.008686,5,W,1114,-
-8.814,-4.604,2,W,1114,A
-9.691,-4.659,7,W,1114,C
-3.488,-0.873,3,W,1114,D
-9.31,-4.64,4,W,1114,E
-4.294,-1.607,5,W,1114,F
5.876,0.03394,2,W,1114,G
-4.662,-2.02,1,W,1114,H
-1.827,-0.1698,3,W,1114,I
-9.316,-4.641,2,W,1114,K
-8.845,-4.606,19,W,1114,L
-5.179,-2.628,3,W,1114,M
-4.405,-1.727,4,W,1114,N
-17.14,-4.699,1,W,1114,P
-2.856,-0.4957,3,W,1114,Q
-10.42,-4.679,8,W,1114,R
3.648,0.03314,3,W,1114,S
-4.812,-2.196,6,W,1114,T
-4.775,-2.152,3,W,1114,V
0,0,,W,1114,W
-0.1283,-0.004622,8,W,1114,Y
0.7592,0.01804,3,V,1115,-
-4.193,-1.5,7,V,1115,A
-3.984,-1.292,4,V,1115,C
-6.454,-3.854,6,V,1115,D
-3.751,-1.082,2,V,1115,E
-3.911,-1.223,4,V,1115,F
-6.848,-4.093,1,V,1115,G
-3.864,-1.18,4,V,1115,H
-2.988,-0.561,6,V,1115,I
-3.316,-0.7531,1,V,1115,K
-3.387,-0.8008,18,V,1115,L
-4.263,-1.574,16,V,1115,M
-4.144,-1.449,2,V,1115,N
-4.865,-2.258,2,V,1115,P
1.753,0.0281,2,V,1115,Q
-1.445,-0.1071,1,V,1115,R
-5.565,-3.062,2,V,1115,S
1.928,0.02905,2,V,1115,T
0,0,,V,1115,V
-4.032,-1.338,3,V,1115,W
4.161,0.0335,2,V,1115,Y
-10.58,-4.682,26,W,1116,*
0.3402,0.009764,2,W,1116,-
10.9,0.03403,5,W,1116,A
-3.729,-1.063,11,W,1116,C
0.004284,0.0001444,3,W,1116,E
-8.293,-4.541,6,W,1116,F
-5.639,-3.14,4,W,1116,G
-2.533,-0.3615,3,W,1116,I
-2.339,-0.2968,2,W,1116,K
-2.882,-0.5077,16,W,1116,L
-4.138,-1.444,8,W,1116,M
-9.018,-4.621,2,W,1116,N
-3.728,-1.062,7,W,1116,P
8.582,0.03403,3,W,1116,Q
-4.139,-1.444,8,W,1116,R
-4.216,-1.524,9,W,1116,S
4.191,0.03351,1,W,1116,T
-3.761,-1.089,5,W,1116,V
0,0,,W,1116,W
-0.06084,-0.002119,4,W,1116,Y
-1.395,-0.1004,2,L,1117,-
2.788,0.03192,3,L,1117,A
-0.0004886,-1.651e-05,1,L,1117,C
-9.402,-4.645,6,L,1117,D
-5.139,-2.581,7,L,1117,E
-4.578,-1.922,4,L,1117,F
-4.905,-2.305,4,L,1117,G
-4.788,-2.167,3,L,1117,H
-8.352,-4.549,5,L,1117,I
-8.676,-4.59,2,L,1117,K
0,0,,L,1117,L
-0.5797,-0.02639,10,L,1117,M
-5.444,-2.93,6,L,1117,N
4.645,0.0337,6,L,1117,P
-12,-4.695,6,L,1117,Q
-2.335,-0.2954,6,L,1117,R
-4.305,-1.619,7,L,1117,S
-1.508,-0.1159,4,L,1117,T
-2.797,-0.4683,6,L,1117,V
-4.57,-1.914,6,L,1117,W
-4.583,-1.929,9,L,1117,Y
-1.163,-0.07312,2,C,1118,-
2.11,0.02988,1,C,1118,A
0,0,,C,1118,C
-7.509,-4.366,1,C,1118,D
-3.097,-0.6198,4,C,1118,E
-0.808,-0.04164,12,C,1118,F
3.68,0.03317,2,C,1118,G
3.677,0.03317,5,C,1118,H
2.858,0.03207,5,C,1118,I
-2.653,-0.4074,2,C,1118,L
-3.442,-0.8395,3,C,1118,M
-15.39,-4.699,3,C,1118,N
-4.944,-2.352,4,C,1118,P
1.81,0.02843,3,C,1118,Q
-11.77,-4.694,5,C,1118,R
-2.967,-0.55,5,C,1118,S
-0.3142,-0.01244,5,C,1118,T
1.121,0.02289,3,C,1118,V
-1.785,-0.1618,4,C,1118,W
-3.205,-0.6832,19,C,1118,Y
-0.1031,-0.003666,2,I,1119,-
-6.702,-4.013,4,I,1119,A
-0.5778,-0.02628,4,I,1119,C
-5.077,-2.509,7,I,1119,D
-7.147,-4.235,4,I,1119,E
-3.603,-0.9596,4,I,1119,F
-8.733,-4.596,1,I,1119,G
0,0,,I,1119,I
-7.033,-4.185,6,I,1119,K
-5.436,-2.921,4,I,1119,L
15.24,0.03403,4,I,1119,M
-4.694,-2.057,2,I,1119,N
-4.195,-1.502,3,I,1119,P
-9.132,-4.629,4,I,1119,Q
-7.126,-4.226,1,I,1119,R
2.311,0.03063,4,I,1119,S
5.403,0.03388,4,I,1119,T
-2.253,-0.2711,7,I,1119,V
-2.206,-0.2579,3,I,1119,W
-3.07,-0.605,5,I,1119,Y
0,0,,A,112,A
11.6,0.03403,1,A,112,D
0.07973,0.002591,5,A,112,S
-2.629,-0.3976,1,A,112,T
0.6722,0.01659,1,A,112,V
-0.442,-0.0187,2,S,1120,-
-1.357,-0.09545,8,S,1120,A
5.721,0.03392,5,S,1120,C
-3.42,-0.8236,3,S,1120,D
-7.519,-4.369,4,S,1120,E
4.439,0.03363,1,S,1120,F
0.379,0.01068,6,S,1120,G
-4.83,-2.217,4,S,1120,H
0.01057,0.0003551,7,S,1120,I
-6.05,-3.536,3,S,1120,K
1.458,0.02607,3,S,1120,L
-2.567,-0.3741,2,S,1120,M
-4.248,-1.558,7,S,1120,N
-4.514,-1.85,3,S,1120,P
-1.912,-0.1871,4,S,1120,Q
-6.678,-3.998,5,S,1120,R
0,0,,S,1120,S
0.2964,0.008684,6,S,1120,T
-2.983,-0.5583,5,S,1120,V
2.293,0.03057,6,S,1120,W
-3.487,-0.8721,2,S,1120,Y
-0.1326,-0.004785,2,V,1121,-
-1.938,-0.1926,6,V,1121,A
-1.904,-0.1854,6,V,1121,C
-8.567,-4.578,1,V,1121,D
-4.501,-1.835,11,V,1121,E
-3.836,-1.155,4,V,1121,F
-0.8944,-0.04835,6,V,1121,G
-7.814,-4.449,1,V,1121,H
4.469,0.03364,1,V,1121,I
-5.465,-2.954,4,V,1121,K
-0.2836,-0.01105,6,V,1121,L
-3.919,-1.231,5,V,1121,M
-4.701,-2.065,4,V,1121,N
-7.196,-4.255,2,V,1121,P
-6.481,-3.872,5,V,1121,Q
-8.61,-4.583,2,V,1121,R
8.082,0.03402,6,V,1121,S
0.4745,0.0128,4,V,1121,T
0,0,,V,1121,V
-7.486,-4.358,3,V,1121,W
-5.18,-2.63,2,V,1121,Y
-1.299,-0.08833,1,V,1122,-
2.798,0.03194,3,V,1122,A
-2.762,-0.4527,1,V,1122,C
-4.05,-1.356,4,V,1122,D
-4.39,-1.711,6,V,1122,E
-3.825,-1.146,6,V,1122,F
-2.954,-0.5431,3,V,1122,G
2.756,0.03185,4,V,1122,H
-0.2345,-0.008911,3,V,1122,I
-5.936,-3.434,5,V,1122,K
-5.481,-2.97,9,V,1122,L
-6.991,-4.165,13,V,1122,M
5.214,0.03385,2,V,1122,N
0.6902,0.0169,5,V,1122,Q
-6.79,-4.063,3,V,1122,R
-3.407,-0.8151,3,V,1122,S
4.355,0.03359,3,V,1122,T
0,0,,V,1122,V
-4.445,-1.772,5,V,1122,W
-4.436,-1.762,6,V,1122,Y
-2.1,-0.2303,2,L,1123,A
-1.539,-0.1205,7,L,1123,C
-5.308,-2.777,1,L,1123,D
-4.097,-1.403,6,L,1123,E
-1.555,-0.1228,2,L,1123,F
-3.787,-1.113,3,L,1123,G
-5.354,-2.829,3,L,1123,H
6.031,0.03395,5,L,1123,I
-2.84,-0.4878,1,L,1123,K
0,0,,L,1123,L
5.11,0.03383,8,L,1123,M
-12.78,-4.697,6,L,1123,N
-4.511,-1.846,8,L,1123,P
-3.022,-0.5785,6,L,1123,Q
-8.437,-4.561,11,L,1123,R
-1.676,-0.1424,3,L,1123,S
6.358,0.03397,7,L,1123,T
-0.7767,-0.03934,4,L,1123,V
4.531,0.03366,6,L,1123,W
-1.297,-0.08808,6,L,1123,Y
-4.204,-1.511,1,I,1124,A
-0.9638,-0.05416,2,I,1124,C
-4.116,-1.421,2,I,1124,D
-3.921,-1.232,10,I,1124,E
-4.106,-1.411,6,I,1124,F
-3.57,-0.9342,11,I,1124,G
8.777,0.03403,2,I,1124,H
0,0,,I,1124,I
-3.777,-1.104,2,I,1124,K
0.2436,0.007315,4,I,1124,L
1.343,0.0251,9,I,1124,M
-6.116,-3.593,2,I,1124,N
-4.97,-2.383,6,I,1124,P
-14.32,-4.698,4,I,1124,R
-3.932,-1.242,4,I,1124,S
-0.2752,-0.01068,5,I,1124,T
-5.737,-3.241,2,I,1124,V
-3.575,-0.9385,1,I,1124,W
-4.585,-1.931,8,I,1124,Y
-0.4642,-0.01988,6,F,1125,A
10.36,0.03403,2,F,1125,C
-4.851,-2.241,3,F,1125,D
-4.204,-1.512,3,F,1125,E
0,0,,F,1125,F
4.265,0.03355,2,F,1125,G
-4.518,-1.854,3,F,1125,H
4.745,0.03373,8,F,1125,I
-4.729,-2.098,6,F,1125,K
-0.1863,-0.006907,6,F,1125,L
-0.8761,-0.04688,4,F,1125,M
-3.814,-1.136,3,F,1125,N
-4.206,-1.514,5,F,1125,P
-6.614,-3.959,10,F,1125,Q
-4.461,-1.79,6,F,1125,R
1.692,0.02773,6,F,1125,S
4.39,0.03361,5,F,1125,T
2.647,0.0316,3,F,1125,V
-5.317,-2.787,7,F,1125,W
-11.55,-4.692,3,F,1125,Y
3.092,0.03248,4,V,1126,A
-0.8545,-0.04518,3,V,1126,C
-5.149,-2.593,9,V,1126,D
2.338,0.03073,7,V,1126,E
-4.402,-1.724,6,V,1126,F
-4.803,-2.185,5,V,1126,G
-4.529,-1.867,5,V,1126,H
5.138,0.03383,11,V,1126,I
-0.4302,-0.01809,2,V,1126,K
-1.09,-0.06575,3,V,1126,L
-3.411,-0.8178,4,V,1126,M
-7.826,-4.451,10,V,1126,N
-2.666,-0.4125,5,V,1126,P
-9.302,-4.64,2,V,1126,Q
-1.079,-0.06474,1,V,1126,R
7.122,0.034,2,V,1126,S
-4.133,-1.438,1,V,1126,T
0,0,,V,1126,V
-3.65,-0.9971,2,V,1126,W
-4.507,-1.841,6,V,1126,Y
-3.467,-0.8576,6,V,1127,A
4.743,0.03373,4,V,1127,C
-4.423,-1.748,7,V,1127,D
-0.9015,-0.04892,1,V,1127,E
-1.679,-0.1429,2,V,1127,F
-0.6443,-0.03037,4,V,1127,G
-4.452,-1.779,4,V,1127,H
0.3344,0.009624,4,V,1127,I
-5.234,-2.692,1,V,1127,K
3.891,0.03333,4,V,1127,L
-2.223,-0.2628,6,V,1127,M
-8.715,-4.594,3,V,1127,N
-8.018,-4.493,5,V,1127,P
-5.092,-2.526,3,V,1127,Q
-4.617,-1.967,4,V,1127,R
4.571,0.03368,7,V,1127,S
0.8844,0.01992,5,V,1127,T
0,0,,V,1127,V
0.8967,0.02009,7,V,1127,W
-4.171,-1.478,4,V,1127,Y
4.187,0.03351,3,S,1128,A
2.555,0.03137,3,S,1128,C
-3.707,-1.044,4,S,1128,D
-10.53,-4.681,7,S,1128,E
-1.787,-0.1622,12,S,1128,F
1.037,0.02192,3,S,1128,G
-4.278,-1.589,5,S,1128,H
6.371,0.03397,4,S,1128,I
-4.362,-1.68,5,S,1128,K
-3.536,-0.9084,5,S,1128,L
-3.791,-1.115,4,S,1128,M
-3.657,-1.003,4,S,1128,N
-4.308,-1.621,5,S,1128,P
-1.675,-0.1421,4,S,1128,Q
10.23,0.03403,3,S,1128,R
0,0,,S,1128,S
-3.71,-1.047,3,S,1128,T
1.076,0.02238,6,S,1128,V
-9.163,-4.631,3,S,1128,W
5.386,0.03387,8,S,1128,Y
8.444,0.03402,1,M,1129,A
0.006673,0.0002247,2,M,1129,C
-4.792,-2.172,4,M,1129,D
-9.219,-4.635,5,M,1129,E
-3.28,-0.7297,6,M,1129,F
4.305,0.03357,4,M,1129,G
-4.85,-2.24,2,M,1129,H
2.014,0.02946,19,M,1129,I
-7.653,-4.408,6,M,1129,K
4.873,0.03377,5,M,1129,L
0,0,,M,1129,M
-4.133,-1.439,1,M,1129,N
10.14,0.03403,4,M,1129,P
-6.512,-3.893,5,M,1129,Q
-4.003,-1.31,4,M,1129,R
-4.594,-1.941,4,M,1129,S
2.884,0.03212,8,M,1129,T
-3.196,-0.6776,8,M,1129,V
-5.158,-2.603,4,M,1129,W
-1.063,-0.06321,3,M,1129,Y
9.135,0.03403,1,S,113,I
-1.071,-0.06395,1,S,113,N
1.636,0.02737,2,S,113,R
0,0,,S,113,S
1.219,0.02393,1,S,113,T
-7.691,-4.418,1,L,1130,*
0.9611,0.02096,1,L,1130,-
-5.638,-3.139,1,L,1130,A
2.475,0.03115,3,L,1130,C
-5.435,-2.919,8,L,1130,D
-2.88,-0.5066,1,L,1130,E
2.255,0.03044,9,L,1130,F
2.277,0.03052,10,L,1130,G
0.5861,0.01503,3,L,1130,H
-5.651,-3.153,5,L,1130,I
-1.419,-0.1035,3,L,1130,K
0,0,,L,1130,L
0.9293,0.02054,5,L,1130,M
7.146,0.034,4,L,1130,N
-2.153,-0.2439,1,L,1130,P
-0.8756,-0.04684,3,L,1130,Q
-3.655,-1.001,5,L,1130,R
0.2454,0.007364,10,L,1130,S
-2.067,-0.2222,3,L,1130,T
-6.46,-3.858,5,L,1130,V
-4.226,-1.534,5,L,1130,W
-4.309,-1.622,5,L,1130,Y
-4.203,-1.51,1,L,1131,-
1.323,0.02492,1,L,1131,A
-0.86,-0.04561,3,L,1131,C
-6.022,-3.512,4,L,1131,D
1.416,0.02573,6,L,1131,E
4.238,0.03354,5,L,1131,F
1.674,0.02761,5,L,1131,G
-0.765,-0.03851,1,L,1131,H
10.82,0.03403,2,L,1131,I
-8.618,-4.583,3,L,1131,K
0,0,,L,1131,L
-3.054,-0.5957,6,L,1131,M
-4.897,-2.296,2,L,1131,N
-3.409,-0.8158,3,L,1131,P
-3.475,-0.8632,6,L,1131,Q
-4.145,-1.451,3,L,1131,R
-22.59,-4.699,3,L,1131,S
-2.725,-0.4371,1,L,1131,T
1.945,0.02913,2,L,1131,V
-2.687,-0.4211,4,L,1131,W
-5.642,-3.144,1,L,1131,Y
0.8993,0.02013,1,L,1132,-
-3.229,-0.6975,4,L,1132,A
-1.863,-0.1769,7,L,1132,C
-8.385,-4.554,3,L,1132,D
-5.41,-2.892,8,L,1132,E
3.347,0.03283,22,L,1132,F
-4.329,-1.644,3,L,1132,G
0.7208,0.01742,4,L,1132,H
-0.7963,-0.04077,5,L,1132,I
-3.729,-1.063,8,L,1132,K
0,0,,L,1132,L
1.326,0.02495,4,L,1132,M
-0.5717,-0.02592,3,L,1132,N
-1.216,-0.07885,4,L,1132,P
-2.825,-0.4809,6,L,1132,Q
-2.817,-0.4775,4,L,1132,R
11.2,0.03403,2,L,1132,S
-3.555,-0.9225,3,L,1132,T
3.458,0.03295,3,L,1132,V
-3.055,-0.5964,12,L,1132,W
-0.1726,-0.006358,3,L,1132,Y
-8.328,-4.546,2,C,1133,*
-0.4013,-0.01662,1,C,1133,-
-2.012,-0.2091,4,C,1133,A
0,0,,C,1133,C
-5.006,-2.425,3,C,1133,D
-6.186,-3.652,7,C,1133,E
-0.1431,-0.005194,8,C,1133,F
2.636,0.03158,7,C,1133,G
-8.708,-4.593,1,C,1133,H
0.06883,0.002248,4,C,1133,I
-3.59,-0.9499,5,C,1133,K
1.967,0.02924,1,C,1133,L
1.903,0.02892,4,C,1133,M
2.544,0.03134,1,C,1133,N
-3.881,-1.195,3,C,1133,P
1.485,0.02628,3,C,1133,Q
-4.014,-1.321,8,C,1133,R
-1.31,-0.08969,8,C,1133,S
3.629,0.03312,1,C,1133,T
0.943,0.02072,2,C,1133,V
3.398,0.03289,2,C,1133,W
-4.345,-1.661,9,C,1133,Y
-1.868,-0.178,4,C,1134,*
-0.7184,-0.03525,1,C,1134,-
0,0,,C,1134,C
-8.194,-4.525,5,C,1134,D
-6.201,-3.663,2,C,1134,E
-2.373,-0.3073,4,C,1134,F
-3.62,-0.9734,1,C,1134,G
-0.9329,-0.05152,4,C,1134,H
2.712,0.03176,7,C,1134,I
-12.47,-4.696,3,C,1134,K
-3.751,-1.081,8,C,1134,L
-4.141,-1.447,8,C,1134,M
-5.237,-2.696,2,C,1134,N
-1.208,-0.07793,7,C,1134,P
-5.215,-2.669,3,C,1134,Q
3.792,0.03326,1,C,1134,R
-5.524,-3.018,6,C,1134,S
-0.4272,-0.01794,6,C,1134,T
-0.5945,-0.02728,2,C,1134,V
2.666,0.03165,5,C,1134,W
-2.864,-0.499,29,C,1134,Y
0.5443,0.01423,2,C,1135,*
-2.781,-0.4612,2,C,1135,-
-0.6159,-0.02859,2,C,1135,A
0,0,,C,1135,C
-4.251,-1.561,4,C,1135,D
2.395,0.03091,4,C,1135,E
-2.313,-0.2887,18,C,1135,F
5.892,0.03394,5,C,1135,G
-3.219,-0.6917,3,C,1135,H
-3.227,-0.6968,2,C,1135,I
-3.773,-1.1,5,C,1135,K
-2.586,-0.381,5,C,1135,L
-0.3741,-0.01528,5,C,1135,M
2.139,0.03,5,C,1135,N
1.673,0.02761,1,C,1135,P
-4.673,-2.032,3,C,1135,Q
-4.605,-1.954,3,C,1135,R
3.425,0.03292,5,C,1135,S
-2.568,-0.3745,3,C,1135,T
3.579,0.03308,1,C,1135,V
-8.595,-4.581,2,C,1135,W
-3.576,-0.9389,9,C,1135,Y
-0.09631,-0.003413,1,S,1136,-
0.662,0.01642,2,S,1136,A
4.479,0.03364,5,S,1136,C
-3.412,-0.8182,5,S,1136,D
-5.618,-3.118,3,S,1136,E
-0.4608,-0.01969,20,S,1136,F
-6.631,-3.97,3,S,1136,G
1.821,0.02849,7,S,1136,H
0.4414,0.01209,1,S,1136,I
1.911,0.02897,5,S,1136,K
3.762,0.03324,6,S,1136,L
-1.29,-0.08731,5,S,1136,M
-0.5741,-0.02606,1,S,1136,N
-2.844,-0.4896,5,S,1136,P
6.041,0.03395,4,S,1136,Q
-8.111,-4.51,6,S,1136,R
0,0,,S,1136,S
-1.212,-0.07837,7,S,1136,T
4.137,0.03348,4,S,1136,V
-2.615,-0.3924,8,S,1136,W
-0.98,-0.05557,9,S,1136,Y
0.8566,0.01952,1,T,1137,-
-11.64,-4.693,3,T,1137,A
-1.007,-0.05798,1,T,1137,C
-4.402,-1.724,3,T,1137,D
-4.072,-1.378,6,T,1137,E
7.905,0.03402,7,T,1137,F
-2.705,-0.4287,1,T,1137,G
-2.336,-0.2956,6,T,1137,H
-3.207,-0.6841,16,T,1137,I
-3.415,-0.8201,7,T,1137,K
-4.28,-1.592,4,T,1137,L
2.812,0.03197,4,T,1137,M
3.56,0.03306,7,T,1137,N
7.909,0.03402,4,T,1137,P
-0.2254,-0.008525,2,T,1137,Q
10.86,0.03403,2,T,1137,R
0.808,0.0188,3,T,1137,S
0,0,,T,1137,T
-5.407,-2.889,2,T,1137,V
-3.059,-0.5989,9,T,1137,W
-3.978,-1.286,10,T,1137,Y
2.47,0.03113,1,G,1138,A
-0.5174,-0.02279,5,G,1138,C
-0.2084,-0.007817,9,G,1138,D
0,0,,G,1138,G
-2.712,-0.4313,1,G,1138,R
-4.671,-2.031,6,G,1138,S
3.89,0.03333,1,G,1138,V
0,0,,C,1139,C
0.1018,0.003274,1,C,1139,G
11.89,0.03403,1,C,1139,R
-1.537,-0.1202,2,C,1139,W
-1.339,-0.09318,4,C,1139,Y
-8.401,-4.556,1,S,114,F
10,0.03403,1,S,114,P
0,0,,S,114,S
-1.636,-0.1356,7,S,114,Y
-0.03731,-0.001284,4,C,1140,*
0,0,,C,1140,C
-8.9,-4.611,4,C,1140,F
-4.652,-2.008,1,C,1140,R
-9.942,-4.667,3,C,1140,S
-5.273,-2.737,9,C,1140,Y
-7.647,-4.406,12,G,1141,*
-4.53,-1.868,15,G,1141,E
0,0,,G,1141,G
-4.381,-1.701,16,G,1141,R
-3.217,-0.6907,4,G,1141,V
1.976,0.02928,1,F,1142,C
0,0,,F,1142,F
-2.209,-0.2587,11,F,1142,L
0,0,,F,1143,F
0.5208,0.01376,1,F,1143,I
-8.725,-4.595,3,F,1143,L
-2.176,-0.25,1,S,1144,A
-2.499,-0.3495,1,S,1144,C
-2.834,-0.4853,1,S,1144,F
0,0,,S,1144,S
-3.036,-0.5864,1,S,1144,T
-0.5585,-0.02514,7,S,1144,Y
0,0,,C,1145,C
0.8345,0.0192,3,C,1145,F
4.132,0.03348,21,C,1145,W
-0.1718,-0.006324,14,C,1145,Y
-0.3433,-0.0138,1,F,1146,-
0,0,,F,1146,F
3.936,0.03336,1,F,1146,I
-2.311,-0.288,12,F,1146,L
4.485,0.03365,2,F,1146,S
1.926,0.02904,1,F,1146,V
-0.9302,-0.0513,1,A,1147,-
0,0,,A,1147,A
-4.145,-1.45,8,A,1147,D
-3.794,-1.119,2,A,1147,S
-0.2966,-0.01164,4,A,1147,T
-2.158,-0.2451,4,A,1147,V
0.7586,0.01803,1,S,1148,-
-3.384,-0.7986,5,S,1148,F
0,0,,S,1148,S
3.371,0.03285,1,S,1148,T
0.2774,0.008199,8,S,1148,Y
-8.512,-4.571,3,S,1149,*
-0.4325,-0.01821,1,S,1149,-
0.548,0.0143,1,S,1149,A
-1.748,-0.155,5,S,1149,L
-4.739,-2.11,3,S,1149,P
0,0,,S,1149,S
0,0,,D,115,D
5.687,0.03392,5,D,115,N
-5.334,-2.807,4,D,115,Y
-3.057,-0.5977,1,I,1150,-
0,0,,I,1150,I
5.346,0.03387,1,I,1150,L
0.461,0.01251,1,I,1150,M
-4.493,-1.826,1,I,1150,V
1.122,0.02289,1,R,1151,-
0.4231,0.01169,1,R,1151,G
11.08,0.03403,5,R,1151,L
-0.5422,-0.02419,1,R,1151,P
4.072,0.03345,12,R,1151,Q
0,0,,R,1151,R
4.638,0.0337,7,R,1151,W
0,0,,*,1152,*
-0.7989,-0.04097,1,*,1152,-
4.224,0.03353,1,*,1152,C
8.163,0.03402,2,*,1152,L
-3.82,-1.141,2,V,116,L
-5.664,-3.167,4,V,116,M
0,0,,V,116,V
0,0,,I,117,I
-0.2879,-0.01125,1,I,117,S
7.581,0.03401,1,R,118,*
-8.597,-4.581,9,R,118,I
-14.01,-4.698,1,R,118,K
0,0,,R,118,R
-4.525,-1.863,1,Y,119,*
-3.891,-1.205,3,Y,119,C
-2.542,-0.3647,1,Y,119,H
0,0,,Y,119,Y
0,0,,H,12,H
-4.704,-2.068,2,H,12,Q
-3.374,-0.7921,7,H,12,Y
6.419,0.03398,2,N,120,D
3.344,0.03282,1,N,120,K
0,0,,N,120,N
0.2705,0.008022,2,N,120,S
0,0,,I,121,I
4.316,0.03357,4,I,121,V
-0.7527,-0.03763,1,N,122,D
2.441,0.03105,1,N,122,K
0,0,,N,122,N
0.2046,0.006259,1,N,122,Y
0,0,,F,123,F
5.958,0.03394,5,F,123,L
-13.08,-4.697,13,E,124,*
0,0,,E,124,E
-10.97,-4.687,2,E,124,G
0.1197,0.003814,2,E,124,K
4.386,0.03361,2,R,125,L
3.065,0.03243,1,R,125,Q
0,0,,R,125,R
2.536,0.03132,5,R,125,W
5.939,0.03394,1,N,126,D
0,0,,N,126,N
-2.901,-0.517,2,L,127,I
0,0,,L,127,L
3.944,0.03337,3,L,127,Q
-2.377,-0.3085,1,R,128,C
-0.8899,-0.04798,10,R,128,H
-4.026,-1.332,2,R,128,L
0,0,,R,128,R
4.857,0.03377,1,R,128,S
-4.675,-2.035,1,R,129,I
4.182,0.03351,6,R,129,K
0,0,,R,129,R
0,0,,I,13,I
10.81,0.03403,1,I,13,N
-5.794,-3.298,1,G,130,A
-7.454,-4.348,7,G,130,C
-0.1411,-0.005114,4,G,130,D
0,0,,G,130,G
-3.218,-0.691,3,G,130,S
1.171,0.02343,1,G,130,V
-0.817,-0.04231,1,T,131,A
3.135,0.03254,2,T,131,I
-6.916,-4.129,3,T,131,N
0,0,,T,131,T
0,0,,I,132,I
0.1806,0.005591,1,I,132,M
1.792,0.02833,3,I,132,T
-0.8831,-0.04744,2,I,132,V
0,0,,L,133,L
-8.579,-4.579,6,L,133,M
-2.527,-0.3592,1,L,133,Q
0,0,,F,134,F
4.719,0.03373,1,F,134,V
-1.67,-0.1414,2,K,135,G
0,0,,K,135,K
0.5706,0.01474,8,K,135,N
3.546,0.03304,2,T,136,A
1.065,0.02224,4,T,136,N
0,0,,T,136,T
0.5438,0.01422,1,S,137,G
-0.424,-0.01778,3,S,137,N
0,0,,S,137,S
-8.754,-4.598,3,Y,138,*
-0.8103,-0.04181,1,Y,138,C
0.8054,0.01876,1,Y,138,H
-5.588,-3.087,1,Y,138,N
0,0,,Y,138,Y
0.5744,0.01481,5,G,139,C
-2.782,-0.4615,4,G,139,D
0,0,,G,139,G
-0.9324,-0.05149,1,G,139,R
0.06169,0.002022,1,G,139,S
-6.07,-3.554,3,G,139,V
0,0,,A,14,A
0.9338,0.0206,5,A,14,D
-0.4541,-0.01934,5,A,14,T
-8.661,-4.588,5,A,14,V
0.5183,0.01371,1,V,140,*
-5.134,-2.575,1,V,140,G
2.725,0.03179,2,V,140,I
0.0749,0.002439,1,V,140,L
0,0,,V,140,V
-1.35,-0.09458,1,V,141,A
1.875,0.02878,3,V,141,L
-0.9943,-0.05684,1,V,141,M
0,0,,V,141,V
-12.23,-4.696,1,V,142,A
0.6599,0.01638,1,V,142,E
-3.254,-0.7132,1,V,142,L
-2.96,-0.5466,1,V,142,M
0,0,,V,142,V
0,0,,F,143,F
-3.19,-0.6741,6,F,143,L
-1.079,-0.0647,1,F,143,S
-7.294,-4.293,3,Y,144,*
-3.943,-1.253,2,Y,144,C
1.594,0.02708,1,Y,144,H
0,0,,Y,144,Y
0,0,,C,145,C
-4.435,-1.761,3,C,145,F
-1.858,-0.176,1,C,145,N
-4.756,-2.129,1,C,145,S
-12.32,-4.696,7,C,145,Y
-2.711,-0.4309,3,T,146,A
0,0,,T,146,T
-1.68,-0.143,1,N,147,-
4.267,0.03355,2,N,147,D
2.664,0.03165,2,N,147,K
0,0,,N,147,N
-5.255,-2.716,4,N,147,S
-2.655,-0.4082,1,N,148,D
-8.381,-4.554,1,N,148,K
0,0,,N,148,N
-0.0349,-0.0012,1,N,148,S
-3.994,-1.301,3,T,149,I
-3.717,-1.053,1,T,149,N
0,0,,T,149,T
3.473,0.03297,4,G,15,C
4.523,0.03366,3,G,15,D
0,0,,G,15,G
-1.348,-0.09431,4,G,15,S
-8.137,-4.515,2,G,15,V
-2.817,-0.4775,1,L,150,C
-5.183,-2.633,1,L,150,I
0,0,,L,150,L
-0.7487,-0.03735,9,L,150,M
-2.193,-0.2546,1,L,150,N
2.348,0.03076,1,L,150,P
1.375,0.02538,1,V,151,A
-1.297,-0.08808,1,V,151,D
0,0,,V,151,V
-5.239,-2.697,2,S,152,P
0,0,,S,152,S
4.314,0.03357,10,S,152,Y
-3.582,-0.9434,7,G,153,C
-6.638,-3.974,1,G,153,D
0,0,,G,153,G
2.662,0.03164,1,G,153,S
-2.597,-0.3854,3,G,153,V
0,0,,D,154,D
2.787,0.03192,1,D,154,E
6.004,0.03395,1,D,154,G
-1.481,-0.112,1,D,154,H
-6.212,-3.672,3,D,154,N
-2.992,-0.5629,4,D,154,Y
0,0,,A,155,A
-11.34,-4.691,1,A,155,D
0.6092,0.01546,2,A,155,S
-8.16,-4.519,6,A,155,T
0.5281,0.0139,2,A,155,V
-2.791,-0.4658,1,H,156,D
0,0,,H,156,H
0.5021,0.01337,1,H,156,L
-3.332,-0.7639,10,H,156,N
2.704,0.03174,2,H,156,R
-9.105,-4.627,1,H,156,Y
0,0,,I,157,I
1.391,0.02551,3,I,157,N
3.851,0.0333,2,I,157,T
0.06492,0.002125,2,I,157,V
2.11,0.02988,1,P,158,A
0.1324,0.004193,5,P,158,H
-1.346,-0.09414,2,P,158,L
0,0,,P,158,P
-4.923,-2.326,1,P,158,R
0.9808,0.02121,3,P,158,S
5.514,0.03389,9,P,158,T
-1.836,-0.1716,1,F,159,C
0,0,,F,159,F
-5.17,-2.617,1,F,159,I
5.501,0.03389,3,F,159,L
9.439,0.03403,2,F,159,S
-8.569,-4.578,1,C,16,*
0,0,,C,16,C
4.491,0.03365,2,C,16,F
-0.07847,-0.002757,9,C,16,Y
-13.66,-4.698,11,G,160,C
4.457,0.03363,3,G,160,D
0,0,,G,160,G
-7.875,-4.463,1,G,160,R
-2.937,-0.5348,2,G,160,S
-5.978,-3.472,3,G,160,V
3.419,0.03291,3,T,161,A
-2.198,-0.2558,2,T,161,K
0,0,,T,161,T
-3.772,-1.099,1,V,162,A
3.046,0.0324,1,V,162,E
-4.504,-1.838,1,V,162,L
2.589,0.03146,2,V,162,M
0,0,,V,162,V
0,0,,L,163,L
4.846,0.03376,4,L,163,M
1.976,0.02929,2,L,163,P
3.927,0.03336,1,L,163,Q
2.71,0.03175,6,G,164,C
-0.8855,-0.04763,2,G,164,D
0,0,,G,164,G
-2.465,-0.3377,3,G,164,S
2.682,0.03169,1,G,164,V
-4.132,-1.437,1,N,165,D
-0.6186,-0.02876,1,N,165,K
0,0,,N,165,N
2.71,0.03175,1,F,166,-
0,0,,F,166,F
-5.681,-3.184,1,F,166,L
-4.08,-1.386,1,F,166,S
-13.5,-4.698,3,Y,167,*
-3.258,-0.7161,2,Y,167,-
0,0,,Y,167,Y
-7.898,-4.468,1,C,168,*
-3.195,-0.6772,2,C,168,-
0,0,,C,168,C
-5.759,-3.263,1,C,168,F
-8.667,-4.589,1,C,168,R
-12.85,-4.697,5,C,168,Y
0,0,,F,169,F
-4.401,-1.723,6,F,169,L
-10.48,-4.68,1,F,169,S
-6.29,-3.734,1,F,169,Y
-10.03,-4.67,5,Q,17,*
0.2573,0.007677,1,Q,17,E
2.342,0.03074,3,Q,17,H
-1.099,-0.0667,9,Q,17,K
0,0,,Q,17,Q
3.214,0.03265,2,Q,17,R
5.363,0.03387,3,V,170,A
-2.666,-0.4124,2,V,170,L
-2.269,-0.2758,2,V,170,M
0,0,,V,170,V
-6.376,-3.799,1,N,171,D
0,0,,N,171,N
0.3295,0.009503,1,N,171,S
1.007,0.02155,2,T,172,A
0.3168,0.009191,3,T,172,I
0,0,,T,172,T
-3.559,-0.9261,6,T,173,A
-6.079,-3.562,2,T,173,I
3.573,0.03307,2,T,173,K
0,0,,T,173,T
0,0,,I,174,I
-0.8009,-0.04111,1,I,174,M
-3.324,-0.7583,1,I,174,N
1.256,0.02429,1,I,174,T
0.01171,0.0003935,2,I,174,V
-12.15,-4.695,7,G,175,*
-3.734,-1.067,8,G,175,E
0,0,,G,175,G
3.38,0.03287,11,G,175,R
-5.322,-2.793,1,G,175,V
0.3147,0.009139,2,N,176,G
0.5036,0.0134,2,N,176,K
0,0,,N,176,N
-1.359,-0.09573,1,N,176,S
-8.942,-4.615,9,E,177,*
0.03909,0.001296,9,E,177,D
0,0,,E,177,E
1.07,0.0223,1,E,177,G
-4.58,-1.925,5,E,177,K
-2.936,-0.5341,1,E,177,V
4.85,0.03376,2,T,178,A
-8.736,-4.596,3,T,178,I
3.162,0.03258,1,T,178,K
0,0,,T,178,T
-2.502,-0.3506,1,T,179,A
-7.719,-4.425,3,T,179,I
2.467,0.03113,1,T,179,N
0,0,,T,179,T
0.05351,0.001761,1,T,18,A
-1.149,-0.0717,1,T,18,I
0,0,,T,18,T
-5.273,-2.736,2,S,180,F
0,0,,S,180,S
1.516,0.02652,2,S,180,T
-1.713,-0.1488,6,S,180,Y
0,0,,A,181,A
-1.595,-0.1291,4,A,181,D
-2.348,-0.2994,2,A,181,S
9.565,0.03403,4,A,181,T
1.119,0.02287,3,A,181,V
0,0,,F,182,F
-8.662,-4.588,1,F,182,I
-5.803,-3.307,4,F,182,L
1.852,0.02866,1,F,182,V
-10.86,-4.686,1,V,183,L
-4.73,-2.1,2,V,183,M
0,0,,V,183,V
-8.614,-4.583,1,G,184,A
-1.923,-0.1894,4,G,184,C
-0.2644,-0.0102,5,G,184,D
0,0,,G,184,G
7.393,0.03401,2,G,184,S
-2.247,-0.2695,1,G,184,V
0,0,,A,185,A
-2.869,-0.5014,1,A,185,D
0.2658,0.007898,1,A,185,G
-8.122,-4.512,1,A,185,S
-1.816,-0.1677,2,A,185,T
3.725,0.03321,6,A,185,V
0,0,,L,186,L
-2.184,-0.2521,3,L,186,M
-4.223,-1.532,1,L,186,P
3.846,0.0333,1,L,186,R
-8.048,-4.499,5,P,187,H
0,0,,P,187,P
-5.461,-2.948,1,P,187,S
-0.01558,-0.0005306,1,P,187,T
-1.102,-0.06696,1,K,188,G
0,0,,K,188,K
0.5951,0.0152,7,K,188,N
-1.911,-0.1869,1,K,188,R
-6.472,-3.866,1,T,189,A
-1.303,-0.0888,1,T,189,I
0,0,,T,189,T
6.465,0.03398,2,T,19,A
0.3661,0.01038,1,T,19,K
-0.799,-0.04097,6,T,19,M
0,0,,T,19,T
-4.615,-1.966,3,V,190,A
3.409,0.0329,1,V,190,E
0.9069,0.02023,1,V,190,L
-2.055,-0.2193,8,V,190,M
0,0,,V,190,V
-5.25,-2.71,7,R,191,L
0.6389,0.01601,5,R,191,Q
0,0,,R,191,R
-2.794,-0.4668,6,R,191,W
-13.75,-4.698,3,E,192,*
0,0,,E,192,E
-10.94,-4.687,15,E,192,K
0,0,,F,193,F
4.8,0.03375,8,F,193,L
-2.557,-0.3705,2,F,193,S
0.0208,0.0006958,1,F,193,Y
-8.628,-4.585,2,V,194,A
-0.05467,-0.001898,1,V,194,L
-4.431,-1.756,2,V,194,M
0,0,,V,194,V
0,0,,I,195,I
-8.681,-4.59,1,I,195,N
-15.09,-4.699,1,I,195,T
-7.239,-4.272,2,S,196,G
1.277,0.0245,1,S,196,I
-11.32,-4.691,8,S,196,N
1.002,0.02148,1,S,196,R
0,0,,S,196,S
4.719,0.03373,1,R,197,*
-1.785,-0.1618,8,R,197,I
-12.15,-4.695,6,R,197,K
0,0,,R,197,R
8.569,0.03403,4,T,198,I
-6.398,-3.814,2,T,198,K
0,0,,T,198,T
-11.78,-4.694,5,G,199,*
-8.778,-4.6,5,G,199,E
0,0,,G,199,G
-5.499,-2.991,1,G,199,R
-7.253,-4.277,5,G,199,V
0,0,,F,2,F
0.08333,0.002703,1,F,2,L
-2.876,-0.5048,1,F,2,S
0.1753,0.005438,1,F,2,Y
3.92,0.03335,2,N,20,D
-0.5603,-0.02524,1,N,20,G
-5.392,-2.872,5,N,20,K
0,0,,N,20,N
0,0,,H,200,H
5.441,0.03388,2,H,200,Q
-4.543,-1.882,2,H,200,Y
0,0,,F,201,F
-2.193,-0.2546,2,F,201,I
-0.9839,-0.05592,2,F,201,L
-0.2834,-0.01104,1,Y,202,C
-8.557,-4.576,1,Y,202,D
4.516,0.03366,3,Y,202,H
-4.937,-2.344,2,Y,202,N
0,0,,Y,202,Y
0,0,,I,203,I
-5.232,-2.689,1,I,203,V
0.6196,0.01566,1,N,204,D
-2.26,-0.2731,1,N,204,K
0,0,,N,204,N
-2.782,-0.4615,2,G,205,C
-9.129,-4.629,6,G,205,D
0,0,,G,205,G
-1.021,-0.05926,1,G,205,S
-0.7177,-0.0352,1,G,205,V
-8.551,-4.576,2,Y,206,*
-0.8923,-0.04818,2,Y,206,C
2.712,0.03176,1,Y,206,H
0,0,,Y,206,Y
-0.4574,-0.01952,2,R,207,G
1.724,0.02793,3,R,207,I
0.8834,0.0199,1,R,207,K
0,0,,R,207,R
0.7888,0.01851,1,Y,208,*
-2.778,-0.4597,1,Y,208,H
0,0,,Y,208,Y
0,0,,F,209,F
-1.768,-0.1585,4,F,209,L
3.435,0.03293,1,F,209,S
2.644,0.0316,7,G,21,C
-3.423,-0.8257,3,G,21,D
0,0,,G,21,G
9.141,0.03403,5,G,21,S
-1.73,-0.1517,2,T,210,A
8.395,0.03402,1,T,210,I
0,0,,T,210,T
0,0,,L,211,L
-3.846,-1.164,1,L,211,P
-2.711,-0.4309,1,L,211,Q
-2.73,-0.4392,5,G,212,C
-0.09569,-0.003391,8,G,212,D
0,0,,G,212,G
3.249,0.0327,1,G,212,S
3.137,0.03254,1,G,212,V
-2.714,-0.4322,1,N,213,K
0,0,,N,213,N
-2.313,-0.2889,1,V,214,L
-5.095,-2.53,5,V,214,M
0,0,,V,214,V
-7.009,-4.174,3,E,215,*
0,0,,E,215,E
-4.24,-1.55,4,E,215,K
0,0,,A,216,A
-3.336,-0.7663,5,A,216,E
-8.239,-4.532,3,A,216,S
-7.662,-4.41,4,A,216,T
-3.397,-0.8079,2,A,216,V
0.6127,0.01553,3,V,217,A
-2.247,-0.2696,2,V,217,F
-0.1615,-0.005913,4,V,217,I
-2.791,-0.4655,1,V,217,L
0,0,,V,217,V
-3.627,-0.9786,1,N,218,-
-1.314,-0.09013,2,N,218,K
0,0,,N,218,N
-3.364,-0.7853,1,F,219,-
0,0,,F,219,F
-4.894,-2.292,1,F,219,I
-4.729,-2.097,1,F,219,L
8.119,0.03402,1,F,219,S
2.503,0.03123,1,F,219,Y
0,0,,L,22,L
5.594,0.0339,7,L,22,M
-0.892,-0.04815,1,N,220,-
0.2178,0.006623,1,N,220,K
0,0,,N,220,N
-10.44,-4.68,4,V,221,L
-3.011,-0.5729,2,V,221,M
0,0,,V,221,V
0.4255,0.01174,2,T,222,A
1.739,0.02802,3,T,222,I
0.6362,0.01596,2,T,222,N
0,0,,T,222,T
-1.958,-0.197,1,N,223,D
2.508,0.03124,1,N,223,I
-5.367,-2.844,1,N,223,K
0,0,,N,223,N
0.196,0.006021,1,N,223,S
0,0,,A,224,A
3.69,0.03318,3,A,224,D
1.963,0.02922,1,A,224,P
3.417,0.03291,2,A,224,S
1.344,0.02511,5,A,224,T
5.526,0.0339,2,A,224,V
-12.44,-4.696,7,E,225,*
-1.16,-0.07285,5,E,225,D
0,0,,E,225,E
6.567,0.03398,4,E,225,K
0.03776,0.001252,2,T,226,I
1.667,0.02757,2,T,226,K
0,0,,T,226,T
1.749,0.02808,1,T,227,A
-1.376,-0.09786,5,T,227,I
6.387,0.03397,3,T,227,N
3.598,0.03309,1,T,227,P
0,0,,T,227,T
-0.874,-0.04672,1,V,228,D
-7.058,-4.196,2,V,228,F
5.172,0.03384,10,V,228,I
0,0,,V,228,V
0,0,,C,229,C
-3.465,-0.8562,3,C,229,Y
-9.595,-4.655,6,T,230,A
-2.186,-0.2526,4,T,230,I
-2.803,-0.4712,3,T,230,N
0,0,,T,230,T
2.077,0.02974,3,V,231,L
5.105,0.03382,4,V,231,M
0,0,,V,231,V
0,0,,A,232,A
-5.195,-2.647,2,A,232,D
-1.499,-0.1147,1,A,232,S
0.8594,0.01956,1,A,232,T
4.193,0.03351,2,A,232,V
0,0,,L,233,L
3.597,0.03309,8,L,233,M
-5.694,-3.197,1,L,233,P
0,0,,A,234,A
-11.69,-4.693,3,A,234,D
-2.309,-0.2874,1,A,234,P
3.023,0.03237,1,A,234,S
0.7213,0.01743,7,A,234,T
-6.702,-4.013,7,A,234,V
-1.656,-0.139,1,S,235,G
1.917,0.029,1,S,235,I
0.3766,0.01063,4,S,235,N
1.014,0.02164,2,S,235,R
0,0,,S,235,S
-0.1996,-0.007454,2,Y,236,C
-3.739,-1.071,2,Y,236,H
0,0,,Y,236,Y
0,0,,A,237,A
3.121,0.03252,3,A,237,D
0.2814,0.008301,2,A,237,S
-10.87,-4.686,1,A,237,T
5.527,0.0339,5,A,237,V
0,0,,D,238,D
3.406,0.0329,2,D,238,E
-16.38,-4.699,2,D,238,G
-3.223,-0.6938,6,D,238,N
-3.433,-0.8328,3,D,238,Y
0.6308,0.01586,1,V,239,L
7.016,0.034,5,V,239,M
0,0,,V,239,V
-4.477,-1.808,2,T,24,A
-0.4364,-0.01842,3,T,24,I
-1.272,-0.08514,1,T,24,K
0,0,,T,24,T
0,0,,L,240,L
-0.3707,-0.01511,3,L,240,M
-5.143,-2.586,1,L,240,P
-1.367,-0.09675,1,V,241,M
0,0,,V,241,V
0.5827,0.01497,3,N,242,K
0,0,,N,242,N
-2.735,-0.441,1,N,242,S
-4.862,-2.255,3,V,243,A
12.42,0.03403,3,V,243,M
0,0,,V,243,V
-1.892,-0.1828,5,S,244,G
-2.262,-0.2738,4,S,244,I
4.892,0.03377,1,S,244,N
0,0,,S,244,S
-5.267,-2.73,2,Q,245,*
-5.711,-3.215,2,Q,245,K
0,0,,Q,245,Q
5.453,0.03389,3,Q,245,R
0.3087,0.008991,2,T,246,A
-10.03,-4.67,1,T,246,I
-11.23,-4.69,2,T,246,N
-2.591,-0.383,1,T,246,P
0,0,,T,246,T
0,0,,A,247,A
-3.059,-0.5986,2,A,247,D
3.532,0.03303,6,A,247,S
4.431,0.03362,5,A,247,T
-8.102,-4.509,1,A,247,V
0,0,,I,248,I
8.84,0.03403,4,I,248,T
-7.156,-4.238,1,I,248,V
0,0,,A,249,A
-1.507,-0.1157,3,A,249,S
1.327,0.02495,2,A,249,T
-0.2487,-0.009522,1,S,25,G
3.702,0.03319,3,S,25,N
0,0,,S,25,S
-4.771,-2.147,2,N,250,-
-8.695,-4.592,1,N,250,I
-2.547,-0.3665,1,N,250,K
0,0,,N,250,N
-8.559,-4.577,1,N,250,S
-1.629,-0.1345,1,I,251,-
0,0,,I,251,I
-2.44,-0.3291,1,I,251,N
-6.924,-4.133,2,I,251,T
1.001,0.02146,2,I,251,V
-0.2637,-0.01017,1,I,252,-
0,0,,I,252,I
-12.87,-4.697,1,I,252,M
-0.03381,-0.001162,1,I,252,N
-8.556,-4.576,2,I,252,T
1.649,0.02745,1,Y,253,*
-2.673,-0.4153,1,Y,253,-
-8.641,-4.586,3,Y,253,H
0,0,,Y,253,Y
-6.645,-3.978,2,C,254,*
-1.27,-0.0849,1,C,254,-
0,0,,C,254,C
-17.57,-4.699,2,C,254,F
-3.954,-1.263,2,C,254,R
-10.14,-4.673,6,C,254,Y
-1.532,-0.1195,1,N,255,-
1.429,0.02583,1,N,255,D
0,0,,N,255,N
-5.279,-2.743,4,S,256,G
-7.133,-4.229,1,S,256,I
3.491,0.03299,2,S,256,N
-7.886,-4.465,3,S,256,R
0,0,,S,256,S
-2.3,-0.2848,1,V,257,A
3.434,0.03293,1,V,257,L
-0.5751,-0.02612,4,V,257,M
0,0,,V,257,V
0,0,,I,258,I
-3.273,-0.7255,2,I,258,V
0.7356,0.01766,3,N,259,G
9.426,0.03403,1,N,259,I
0.1885,0.005811,1,N,259,K
0,0,,N,259,N
-0.5598,-0.02521,1,N,259,S
0,0,,H,26,H
6.193,0.03396,3,H,26,N
1.683,0.02767,3,H,26,Q
-1.483,-0.1123,1,H,26,R
-6.055,-3.541,1,R,260,L
-4.778,-2.156,1,R,260,P
-9.326,-4.641,4,R,260,Q
0,0,,R,260,R
-8.17,-4.521,5,R,260,W
0,0,,L,261,L
-2.484,-0.3442,2,L,261,M
3.773,0.03324,1,L,261,R
1.603,0.02714,2,R,262,G
0.6505,0.01621,5,R,262,I
0.08507,0.002757,6,R,262,K
0,0,,R,262,R
-8.728,-4.595,2,C,263,*
0,0,,C,263,C
-4.445,-1.772,1,C,263,F
-11.25,-4.69,6,C,263,Y
0,0,,D,264,D
-5.033,-2.457,1,D,264,E
-3.05,-0.5938,2,D,264,G
9.935,0.03403,3,D,264,N
-1.907,-0.186,14,D,264,Y
2.842,0.03203,2,Q,265,*
0.5183,0.01371,1,Q,265,H
7.422,0.03401,5,Q,265,K
0,0,,Q,265,Q
-2.348,-0.2995,2,Q,265,R
0,0,,L,266,L
-3.935,-1.246,1,L,266,M
-9.658,-4.657,3,L,266,P
2.95,0.03224,3,L,266,R
-8.623,-4.584,1,S,267,I
4.188,0.03351,1,S,267,N
0,0,,S,267,S
0,0,,F,268,F
-0.2839,-0.01107,1,F,268,I
-0.2892,-0.01131,6,F,268,L
-7.312,-4.299,1,F,268,S
0,0,,D,269,D
0.6312,0.01587,1,D,269,E
-0.8137,-0.04207,1,D,269,G
-1.901,-0.1847,7,D,269,N
9.77,0.03403,4,D,269,Y
-0.8156,-0.0422,1,S,27,-
3.833,0.03329,3,S,27,I
4.849,0.03376,2,S,27,N
-3.186,-0.6715,2,S,27,R
0,0,,S,27,S
-0.5478,-0.02451,1,V,270,G
1.496,0.02637,1,V,270,L
-4.544,-1.884,3,V,270,M
0,0,,V,270,V
-3.199,-0.6794,1,P,271,L
0,0,,P,271,P
-6.769,-4.051,9,P,271,Q
1.784,0.02828,1,P,271,R
-6.208,-3.669,3,P,271,S
0.6357,0.01595,1,P,271,T
-8.677,-4.59,1,D,272,A
0,0,,D,272,D
-6.051,-3.537,1,D,272,G
4.841,0.03376,1,D,272,N
5.966,0.03394,1,D,272,Y
-5.889,-3.39,8,G,273,C
-13.34,-4.698,5,G,273,D
0,0,,G,273,G
-6.223,-3.681,3,G,273,S
0.8851,0.01993,1,G,273,V
0,0,,F,274,F
-0.6548,-0.03104,5,F,274,L
-10.34,-4.678,1,Y,275,*
-0.9627,-0.05406,1,Y,275,C
-9.484,-4.649,1,Y,275,D
0,0,,Y,275,Y
1.816,0.02846,1,S,276,G
-4.348,-1.665,6,S,276,N
-11.32,-4.691,1,S,276,R
0,0,,S,276,S
-1.912,-0.1871,1,T,277,A
4.515,0.03366,2,T,277,I
4.736,0.03373,2,T,277,N
0,0,,T,277,T
-3.142,-0.6456,1,S,278,P
0,0,,S,278,S
-2.082,-0.2258,1,S,278,Y
0.9024,0.02017,10,P,279,H
0,0,,P,279,P
-2.423,-0.3233,9,P,279,T
0.5238,0.01382,2,V,28,A
-2.136,-0.2395,1,V,28,E
0.9599,0.02094,2,V,28,L
5.494,0.03389,1,V,28,M
0,0,,V,28,V
0,0,,I,280,I
1.453,0.02603,1,I,280,V
-10.38,-4.679,1,Q,281,*
11.2,0.03403,3,Q,281,K
0,0,,Q,281,Q
0.7572,0.01801,2,Q,281,R
4.361,0.03359,3,S,282,G
2.781,0.03191,3,S,282,I
-0.2567,-0.009868,2,S,282,N
-3.238,-0.7036,3,S,282,R
0,0,,S,282,S
-1.584,-0.1274,1,V,283,A
-2.29,-0.2817,3,V,283,F
-3.9,-1.213,6,V,283,I
0,0,,V,283,V
-10.14,-4.673,13,E,284,*
0,0,,E,284,E
1.351,0.02517,1,E,284,G
-0.3129,-0.01238,9,E,284,K
2.48,0.03116,1,E,284,Q
-3.026,-0.581,1,E,284,V
0,0,,L,285,L
-8.701,-4.592,2,L,285,M
4.5,0.03365,2,P,286,H
-14.2,-4.698,3,P,286,L
0,0,,P,286,P
-10.33,-4.677,6,P,286,S
1.424,0.0258,2,P,286,T
0.3436,0.009845,2,V,287,A
-2.127,-0.2372,2,V,287,L
7.151,0.034,4,V,287,M
0,0,,V,287,V
-0.5368,-0.02389,1,S,288,C
-6.911,-4.126,1,S,288,F
-6.119,-3.596,3,S,288,P
0,0,,S,288,S
-7.355,-4.315,5,S,288,Y
0,0,,I,289,I
-3.604,-0.9611,1,I,289,S
-7.53,-4.372,4,I,289,T
2.999,0.03232,1,I,289,V
0,0,,C,29,C
-1.331,-0.09222,3,C,29,F
-3.335,-0.766,1,C,29,R
-4.86,-2.253,1,C,29,W
0.5462,0.01426,4,C,29,Y
-3.083,-0.6117,2,V,290,A
-4.762,-2.137,4,V,290,M
0,0,,V,290,V
4.699,0.03372,1,S,291,F
-5.32,-2.79,5,S,291,P
0,0,,S,291,S
-2.676,-0.4165,2,S,291,Y
0,0,,L,292,L
-1.19,-0.076,5,L,292,M
-5.64,-3.141,1,L,292,P
3.871,0.03332,1,L,292,Q
-2.905,-0.519,2,P,293,H
-8.211,-4.528,3,P,293,L
0,0,,P,293,P
-4.874,-2.269,3,P,293,S
-2.877,-0.5055,1,P,293,T
-7.696,-4.419,1,V,294,-
-0.1932,-0.007191,2,V,294,A
-8.857,-4.607,1,V,294,L
-0.8385,-0.04394,11,V,294,M
0,0,,V,294,V
-7.759,-4.435,1,Y,295,-
0.2183,0.006637,1,Y,295,C
3.926,0.03336,1,Y,295,F
-0.9249,-0.05085,3,Y,295,N
0,0,,Y,295,Y
-5.754,-3.257,1,H,296,-
0,0,,H,296,H
7.401,0.03401,5,H,296,N
-0.6825,-0.03284,1,H,296,Q
0.4395,0.01205,1,H,296,R
3.65,0.03314,1,H,296,Y
-5.053,-2.48,2,K,297,E
0,0,,K,297,K
-1.568,-0.1248,2,K,297,N
1.357,0.02522,2,K,297,R
0,0,,H,298,H
0.6598,0.01638,2,H,298,N
-4.198,-1.505,2,H,298,Q
-0.8614,-0.04572,2,H,298,R
6.083,0.03395,4,H,298,Y
3.968,0.03338,3,T,299,I
-1.788,-0.1624,1,T,299,N
0,0,,T,299,T
-1.946,-0.1943,1,V,3,-
6.754,0.03399,3,V,3,A
-1.039,-0.06091,2,V,3,F
-2.262,-0.2737,4,V,3,I
0,0,,V,3,V
-2.418,-0.3217,2,N,30,D
0.8548,0.0195,1,N,30,G
8.023,0.03402,1,N,30,K
0,0,,N,30,N
0.5209,0.01376,3,N,30,S
0,0,,F,300,F
2.229,0.03034,1,F,300,L
-1.767,-0.1584,2,F,300,S
-4.722,-2.09,1,F,300,Y
0,0,,I,301,I
-0.734,-0.03632,1,I,301,T
-4.681,-2.042,3,V,302,A
-0.8525,-0.04502,1,V,302,G
-1.347,-0.09421,3,V,302,L
8.101,0.03402,5,V,302,M
0,0,,V,302,V
0,0,,L,303,L
-1.57,-0.1251,1,L,303,R
-14.3,-4.698,3,Y,304,C
2.22,0.03031,1,Y,304,H
0,0,,Y,304,Y
3.33,0.03281,3,V,305,A
2.07,0.02971,2,V,305,L
-6.475,-3.868,6,V,305,M
0,0,,V,305,V
0,0,,D,306,D
1.438,0.02591,1,D,306,E
-3.729,-1.062,4,D,306,G
-2.022,-0.2115,1,D,306,N
-1.087,-0.06544,8,D,306,Y
0,0,,F,307,F
-4.029,-1.335,3,F,307,L
-6.253,-3.705,1,F,307,Y
-3.654,-1.001,1,K,308,*
-1.829,-0.1703,3,K,308,E
0,0,,K,308,K
-4.779,-2.157,1,K,308,M
1.89,0.02886,2,K,308,R
0,0,,L,309,L
5.288,0.03386,1,L,309,M
-4.268,-1.579,1,L,309,Q
0.7952,0.01861,6,G,31,C
-1.801,-0.1649,4,G,31,D
0,0,,G,31,G
-4.833,-2.22,3,G,31,S
-2.505,-0.3516,1,G,31,V
-5.019,-2.44,4,Q,310,*
1.933,0.02907,10,Q,310,H
4.031,0.03342,1,Q,310,K
0,0,,Q,310,Q
-2.074,-0.2239,1,S,311,I
0.16,0.005002,2,S,311,N
0.1948,0.005989,1,S,311,R
0,0,,S,311,S
5.342,0.03387,4,S,311,T
0.7982,0.01865,6,G,312,C
-2.55,-0.3678,4,G,312,D
0,0,,G,312,G
4.057,0.03344,3,G,312,S
8.86,0.03403,3,G,312,V
-0.8709,-0.04647,1,V,313,L
8.403,0.03402,1,V,313,M
0,0,,V,313,V
-1.18,-0.07496,3,G,314,C
-5.439,-2.925,1,G,314,D
0,0,,G,314,G
3.317,0.03279,1,G,314,V
-0.4964,-0.02162,1,R,315,*
-1.007,-0.05801,2,R,315,G
8.33,0.03402,1,R,315,I
-4.356,-1.674,3,R,315,K
0,0,,R,315,R
0,0,,C,316,C
-6.712,-4.018,4,C,316,Y
0,0,,F,317,F
4.643,0.0337,8,F,317,L
-1.846,-0.1735,1,F,317,S
1.171,0.02343,2,F,317,Y
-0.1969,-0.007343,1,N,318,G
-5.806,-3.309,1,N,318,K
0,0,,N,318,N
-8.783,-4.601,1,C,319,-
0,0,,C,319,C
-13.38,-4.698,1,C,319,G
-3.639,-0.9889,1,C,319,Q
-7.406,-4.332,4,C,319,Y
0,0,,C,32,C
0.9279,0.02052,1,C,32,F
1.1,0.02265,1,C,32,G
6.234,0.03396,1,C,32,R
6.529,0.03398,4,C,32,Y
3.483,0.03298,3,R,320,G
-1.948,-0.1948,6,R,320,I
1.678,0.02764,3,R,320,K
0,0,,R,320,R
-4.487,-1.819,11,P,321,H
-8.763,-4.599,5,P,321,L
0,0,,P,321,P
-8.764,-4.599,5,P,321,S
6.227,0.03396,1,P,321,T
0,0,,A,322,A
-1.002,-0.05753,2,A,322,D
-0.04067,-0.001402,1,A,322,G
-3.57,-0.9341,2,A,322,S
1.91,0.02896,5,A,322,T
0.1881,0.0058,3,A,322,V
-0.07034,-0.002461,2,V,323,E
5.167,0.03384,1,V,323,L
-3.382,-0.7973,4,V,323,M
0,0,,V,323,V
-4.887,-2.284,1,V,324,A
-0.7151,-0.03503,3,V,324,L
-8.407,-4.557,3,V,324,M
0,0,,V,324,V
-1.262,-0.08403,1,N,325,D
-3.796,-1.12,1,N,325,K
0,0,,N,325,N
2.554,0.03137,1,N,325,S
0,0,,I,326,I
-6.371,-3.794,2,I,326,N
-1.243,-0.08187,1,I,326,S
-3.668,-1.012,1,I,326,V
-3.5,-0.8817,3,T,327,A
-1.681,-0.1432,2,T,327,I
-6.781,-4.057,1,T,327,K
0,0,,T,327,T
-12.44,-4.696,1,L,328,K
0,0,,L,328,L
-5.255,-2.717,3,L,328,M
-4.335,-1.651,1,L,328,Q
0,0,,A,329,A
-5.196,-2.648,2,A,329,D
-4.158,-1.464,3,A,329,T
3.164,0.03258,2,V,33,A
1.112,0.02279,1,V,33,L
-3.732,-1.065,3,V,33,M
0,0,,V,33,V
-6.474,-3.867,1,N,330,K
0,0,,N,330,N
0,0,,F,331,F
-3.921,-1.233,1,F,331,I
4.396,0.03361,4,F,331,L
-2.348,-0.2993,4,F,331,S
-9.652,-4.657,1,F,331,V
-4.1,-1.405,2,N,332,-
1.303,0.02474,2,N,332,G
-0.4258,-0.01786,2,N,332,K
0,0,,N,332,N
-4.947,-2.355,2,N,332,S
-8.146,-4.517,6,E,333,*
-1.6,-0.1298,2,E,333,-
0,0,,E,333,E
-3.702,-1.04,1,E,333,G
-8.487,-4.568,7,E,333,K
-2.344,-0.2982,2,T,334,-
2.607,0.0315,3,T,334,A
-3.557,-0.9247,1,T,334,I
0.651,0.01622,2,T,334,N
0,0,,T,334,T
-4.093,-1.398,2,K,335,E
0,0,,K,335,K
2.084,0.02977,2,K,335,N
0.3592,0.01022,1,K,335,R
-1.081,-0.06487,1,G,336,A
-7.728,-4.427,3,G,336,C
-2.005,-0.2076,4,G,336,D
0,0,,G,336,G
-2.985,-0.5591,2,G,336,S
-0.4871,-0.02111,11,P,337,H
0,0,,P,337,P
8.497,0.03402,5,P,337,T
0,0,,L,338,L
-0.5431,-0.02425,7,L,338,M
-3.062,-0.6002,1,L,338,V
-8.622,-4.584,3,C,339,*
0,0,,C,339,C
6.083,0.03395,2,C,339,F
3.491,0.03299,1,C,339,R
-9.164,-4.631,2,C,339,S
-6.642,-3.977,8,C,339,Y
-2.257,-0.2722,3,G,34,E
0,0,,G,34,G
0.1108,0.003547,2,G,34,R
2.121,0.02993,7,G,34,V
-6.651,-3.982,4,G,34,W
1.302,0.02473,2,V,340,A
-10.11,-4.672,1,V,340,F
-3.198,-0.6786,4,V,340,I
0,0,,V,340,V
0,0,,D,341,D
1.757,0.02812,3,D,341,E
-4.534,-1.873,2,D,341,G
1.186,0.02359,8,D,341,N
-4.288,-1.6,8,D,341,Y
-0.396,-0.01636,2,S,343,N
-7.434,-4.342,2,S,343,R
0,0,,S,343,S
0,0,,H,344,H
-8.317,-4.544,5,H,344,N
0.2502,0.00749,1,H,344,R
0,0,,F,345,F
4.857,0.03377,4,F,345,L
0.9014,0.02016,1,F,345,S
5.124,0.03383,1,F,345,Y
-3.129,-0.6382,1,T,346,I
0,0,,T,346,T
0.2549,0.007614,1,T,347,A
13.1,0.03403,2,T,347,N
0,0,,T,347,T
0,0,,K,348,K
3.045,0.0324,2,K,348,N
1.47,0.02616,2,K,348,R
0,0,,F,349,F
4.809,0.03375,11,F,349,L
-1.259,-0.08372,1,F,349,Y
0,0,,H,35,H
4.379,0.0336,4,H,35,N
-0.5539,-0.02487,2,H,35,Q
-3.151,-0.651,1,H,35,Y
-7.676,-4.414,2,V,350,L
-2.096,-0.2292,4,V,350,M
0,0,,V,350,V
-4.36,-1.678,4,G,351,*
2.079,0.02975,1,G,351,A
-5.93,-3.428,4,G,351,E
0,0,,G,351,G
-0.06011,-0.002092,7,G,351,R
4.899,0.03378,4,G,351,V
0,0,,A,352,A
-0.3856,-0.01584,1,A,352,D
-3.607,-0.9634,2,A,352,S
4.757,0.03374,4,A,352,T
2.099,0.02983,4,A,352,V
1.086,0.02249,1,N,353,I
-1.487,-0.1129,1,N,353,K
0,0,,N,353,N
0,0,,F,354,F
-1.061,-0.06294,1,F,354,L
-1.867,-0.1778,2,F,354,S
3.687,0.03317,1,F,354,V
-0.5521,-0.02477,1,F,354,Y
-0.7998,-0.04103,1,G,355,A
-1.118,-0.06854,8,G,355,C
-2.081,-0.2256,8,G,355,D
0,0,,G,355,G
6.442,0.03398,3,G,355,S
-9.53,-4.652,2,G,355,V
3.081,0.03246,1,R,356,I
-11,-4.688,2,R,356,K
0,0,,R,356,R
-7.385,-4.325,11,W,357,*
-11.92,-4.694,6,W,357,C
-7.646,-4.406,2,W,357,L
-3.732,-1.065,1,W,357,R
0,0,,W,357,W
0.2729,0.008083,5,S,358,G
-6.739,-4.034,5,S,358,N
-4.223,-1.532,4,S,358,R
0,0,,S,358,S
0,0,,A,359,A
-4.264,-1.575,6,A,359,D
-7.438,-4.343,4,A,359,S
-5.278,-2.743,6,A,359,T
-1.224,-0.07975,1,A,359,V
-2.371,-0.3065,2,S,36,G
-2.986,-0.5597,3,S,36,I
-0.3665,-0.01491,4,S,36,N
0,0,,S,36,S
-4.372,-1.691,1,S,36,T
-1.744,-0.1542,1,S,360,G
0.02298,0.0007679,2,S,360,I
-2.617,-0.3928,4,S,360,N
0,0,,S,360,S
0,0,,I,361,I
-0.8543,-0.04517,1,I,361,L
-4.773,-2.15,1,I,361,N
-0.1269,-0.004566,1,I,361,V
9.576,0.03403,5,N,362,D
-3.901,-1.214,1,N,362,K
0,0,,N,362,N
-2.1,-0.2302,2,T,363,A
1.29,0.02462,1,T,363,N
4.161,0.0335,1,T,363,S
0,0,,T,363,T
-14.51,-4.698,4,G,364,C
5.326,0.03387,5,G,364,D
0,0,,G,364,G
-2.158,-0.2451,2,G,364,S
-1.529,-0.119,3,G,364,V
0.3966,0.01109,1,N,365,G
-0.5137,-0.02258,2,N,365,K
0,0,,N,365,N
-4.947,-2.356,2,C,366,*
0,0,,C,366,C
-4.366,-1.685,5,C,366,F
-7.318,-4.302,3,C,366,Y
-10.84,-4.686,5,P,367,H
0,0,,P,367,P
-5.047,-2.473,1,P,367,S
10.99,0.03403,6,P,367,T
0,0,,F,368,F
-4.362,-1.68,12,F,368,L
-0.5692,-0.02577,1,F,368,V
1.688,0.0277,1,S,369,A
1.354,0.02519,1,S,369,G
-5.657,-3.159,5,S,369,I
1.656,0.0275,1,S,369,N
-8.631,-4.585,1,S,369,R
0,0,,S,369,S
-12.74,-4.697,11,E,37,*
2.805,0.03196,2,E,37,D
0,0,,E,37,E
-7.589,-4.39,3,E,37,K
-12.1,-4.695,1,F,370,C
0,0,,F,370,F
-8.276,-4.538,4,F,370,L
-2.418,-0.3218,4,F,370,Y
1.443,0.02595,9,G,371,C
8.33,0.03402,3,G,371,D
0,0,,G,371,G
3.224,0.03267,2,G,371,S
-1.069,-0.06371,1,K,372,-
-9.883,-4.666,2,K,372,E
1.216,0.0239,1,K,372,G
0,0,,K,372,K
3.043,0.0324,6,K,372,N
-3.378,-0.7947,2,K,372,R
-2.13,-0.2379,1,V,373,-
-4.934,-2.34,3,V,373,A
-1.074,-0.06421,1,V,373,L
1.336,0.02504,5,V,373,M
0,0,,V,373,V
-1.261,-0.08388,1,N,374,-
1.796,0.02835,2,N,374,D
9.085,0.03403,5,N,374,K
0,0,,N,374,N
0.6133,0.01554,1,N,375,-
2.278,0.03052,1,N,375,D
1.204,0.02377,1,N,375,G
0.6692,0.01654,1,N,375,K
0,0,,N,375,N
-9.153,-4.63,1,N,375,Q
0.5384,0.01411,1,N,375,S
-1.142,-0.07096,1,F,376,-
0,0,,F,376,F
-0.1601,-0.005861,6,F,376,L
-1.652,-0.1382,3,F,376,S
-1.476,-0.1113,1,F,376,Y
-2.133,-0.2387,1,V,377,-
0.2745,0.008125,1,V,377,A
0.302,0.008825,1,V,377,L
-2.312,-0.2883,2,V,377,M
0,0,,V,377,V
-0.5315,-0.02358,3,K,378,E
0,0,,K,378,K
-0.4673,-0.02004,2,K,378,N
0,0,,F,379,F
5.927,0.03394,9,F,379,L
-6.102,-3.582,2,F,379,S
1.481,0.02625,1,F,379,Y
-8.928,-4.614,1,N,38,D
-5.088,-2.521,2,N,38,K
0,0,,N,38,N
-5.658,-3.16,2,N,38,S
-3.61,-0.9652,7,G,380,C
-1.587,-0.1278,3,G,380,D
0,0,,G,380,G
-0.8096,-0.04176,5,G,380,S
0.6732,0.01661,2,G,380,V
-1.172,-0.07411,1,S,381,-
2.117,0.02991,2,S,381,I
-8.112,-4.511,3,S,381,N
-7.265,-4.282,1,S,381,R
0,0,,S,381,S
-1.347,-0.09424,1,V,382,-
4.772,0.03374,1,V,382,A
0.8579,0.01954,2,V,382,F
-0.3274,-0.01305,1,V,382,I
0,0,,V,382,V
-7.997,-4.489,1,C,383,*
-0.545,-0.02435,1,C,383,-
0,0,,C,383,C
-6.268,-3.716,1,C,383,N
-6.139,-3.613,1,C,383,R
-9.243,-4.636,4,C,383,Y
-0.3247,-0.01292,1,F,384,-
0,0,,F,384,F
-0.3602,-0.0146,3,F,384,L
-12.19,-4.695,2,F,384,S
1.605,0.02715,2,S,385,G
-18.67,-4.699,4,S,385,I
-11.18,-4.69,3,S,385,N
-3.695,-1.034,2,S,385,R
0,0,,S,385,S
0,0,,L,386,L
0.2352,0.007092,1,L,386,M
-5.074,-2.505,1,L,386,R
1.073,0.02233,2,K,387,E
-0.2211,-0.008344,1,K,387,G
0,0,,K,387,K
0.5417,0.01417,14,K,387,N
-1.364,-0.09636,1,K,387,R
0,0,,D,388,D
-6.601,-3.951,2,D,388,G
-1.223,-0.0796,1,D,388,H
-3.21,-0.6861,7,D,388,N
1.643,0.02741,1,D,388,Y
1.411,0.02569,1,I,389,F
0,0,,I,389,I
-2.128,-0.2372,1,I,389,M
1.029,0.02181,2,I,389,V
-1.921,-0.189,2,V,39,A
4.442,0.03363,5,V,39,M
0,0,,V,39,V
-1.343,-0.09371,1,P,390,A
-0.02643,-0.0009046,7,P,390,H
0.5295,0.01393,1,P,390,L
0,0,,P,390,P
-0.7887,-0.04021,1,P,390,S
-2.675,-0.4163,4,P,390,T
2.582,0.03144,5,G,391,C
3.725,0.03321,1,G,391,D
0,0,,G,391,G
0.4106,0.01141,1,G,391,R
-6.341,-3.772,4,G,391,S
-2.114,-0.2338,3,G,391,V
-0.3189,-0.01266,9,G,392,*
-4.207,-1.514,8,G,392,E
1.378,0.02541,1,G,392,F
0,0,,G,392,G
-1.377,-0.09797,6,G,392,R
-1.37,-0.09712,5,G,392,V
-9.898,-4.666,3,C,393,*
0,0,,C,393,C
3.312,0.03278,1,C,393,R
-10.19,-4.674,7,C,393,Y
0,0,,A,394,A
3.549,0.03305,3,A,394,D
2.852,0.03205,5,A,394,S
4.047,0.03343,14,A,394,T
-3.492,-0.876,3,A,394,V
-8.68,-4.59,2,M,395,I
0,0,,M,395,M
4.656,0.03371,8,P,396,H
0,0,,P,396,P
5.042,0.03381,7,P,396,S
0,0,,I,397,I
-8.692,-4.591,1,I,397,T
1.31,0.0248,3,I,397,V
0.8259,0.01907,1,V,398,-
-6.493,-3.88,2,V,398,A
2.314,0.03065,1,V,398,E
-9.641,-4.657,8,V,398,M
0,0,,V,398,V
4.532,0.03366,1,A,399,-
0,0,,A,399,A
-8.62,-4.584,4,A,399,D
-0.6232,-0.02904,7,A,399,T
0.06149,0.002016,1,A,399,V
0,0,,L,4,L
-0.6242,-0.02911,1,L,4,Q
0,0,,F,40,F
1.032,0.02184,3,F,40,I
0.614,0.01555,13,F,40,L
0.4255,0.01174,2,F,40,Y
-6.913,-4.127,2,N,400,-
-6.174,-3.642,1,N,400,D
1.567,0.02689,1,N,400,G
0,0,,N,400,N
0.8186,0.01896,1,N,400,S
-12.15,-4.695,1,N,400,T
-7.279,-4.287,1,L,401,I
0,0,,L,401,L
-2.197,-0.2554,5,L,401,M
-2.328,-0.2932,1,L,401,V
0,0,,A,402,A
-2.954,-0.5433,2,A,402,E
-2.127,-0.237,3,A,402,S
-9.669,-4.658,9,A,402,T
-2.671,-0.4145,2,A,402,V
-8.701,-4.592,2,Y,403,*
-1.663,-0.1401,3,Y,403,C
0,0,,Y,403,Y
0,0,,L,404,L
5.215,0.03385,5,L,404,M
7.831,0.03402,5,L,404,P
-4.028,-1.334,3,L,404,R
2.283,0.03054,3,N,405,D
1.75,0.02808,1,N,405,G
0,0,,N,405,N
0,0,,S,406,S
-4.825,-2.211,4,S,406,Y
-0.1371,-0.00496,1,Y,407,C
-1.517,-0.1172,4,Y,407,H
10.99,0.03403,1,Y,407,S
0,0,,Y,407,Y
-1.945,-0.1941,1,T,408,I
0.9273,0.02051,2,T,408,N
0,0,,T,408,T
0,0,,I,409,I
2.749,0.03184,2,I,409,V
0,0,,A,41,A
3.422,0.03291,2,A,41,S
8.873,0.03403,3,A,41,T
-2.085,-0.2265,2,A,41,V
-2.577,-0.3778,6,G,410,C
-7.767,-4.437,9,G,410,D
0,0,,G,410,G
-0.4426,-0.01874,3,G,410,S
2.349,0.03076,1,S,411,I
1.95,0.02916,1,S,411,K
-0.3042,-0.01198,2,S,411,N
3.967,0.03338,1,S,411,R
0,0,,S,411,S
0,0,,L,412,L
2.561,0.03139,5,L,412,M
-6.872,-4.106,1,L,412,P
-5.966,-3.461,1,L,412,Q
-8.701,-4.592,4,Y,413,*
0.5443,0.01423,1,Y,413,C
-0.7206,-0.0354,1,Y,413,D
2.77,0.03189,1,Y,413,H
0,0,,Y,413,Y
1.381,0.02543,1,V,414,A
-15.55,-4.699,1,V,414,L
5.728,0.03392,4,V,414,M
0,0,,V,414,V
0.6683,0.01653,1,S,415,G
-2.263,-0.2741,4,S,415,N
-1.314,-0.09022,2,S,415,R
0,0,,S,415,S
-16.9,-4.699,6,W,416,*
-0.3732,-0.01523,1,W,416,C
-2.987,-0.5603,7,W,416,L
-5.212,-2.666,3,W,416,R
0,0,,W,416,W
0.4514,0.01231,1,S,417,F
-5.544,-3.039,1,S,417,P
0,0,,S,417,S
2.972,0.03228,3,S,417,Y
0,0,,D,418,D
-3.59,-0.9496,4,D,418,G
-7.372,-4.321,2,D,418,N
2.507,0.03124,6,D,418,Y
0.3015,0.008811,1,G,419,A
-8.005,-4.49,6,G,419,C
-4.844,-2.233,2,G,419,D
0,0,,G,419,G
-8.596,-4.581,2,G,419,S
-5.362,-2.838,2,G,419,V
1.188,0.02361,2,V,42,A
3.998,0.0334,1,V,42,L
-5.439,-2.925,8,V,42,M
0,0,,V,42,V
0,0,,D,420,D
-4.044,-1.349,1,D,420,E
-4.058,-1.363,1,D,420,G
-0.4949,-0.02154,6,D,420,N
0.8782,0.01983,7,D,420,Y
-6.035,-3.523,2,V,421,E
4.41,0.03362,2,V,421,L
-4.731,-2.1,3,V,421,M
0,0,,V,421,V
0,0,,I,422,I
1.448,0.02599,2,I,422,N
-1.384,-0.09894,1,I,422,T
-11.92,-4.694,3,T,423,I
0.817,0.01894,2,T,423,N
0,0,,T,423,T
-1.369,-0.097,4,G,424,E
0,0,,G,424,G
-7.42,-4.337,9,G,424,R
-12.46,-4.696,9,G,424,V
-8.07,-4.503,8,G,424,W
3.987,0.0334,1,V,425,A
-5.494,-2.985,3,V,425,L
3.397,0.03288,4,V,425,M
0,0,,V,425,V
8.444,0.03402,4,P,426,L
0,0,,P,426,P
6.397,0.03397,8,P,426,Q
-4.902,-2.302,5,P,426,S
0,0,,K,427,K
0.2676,0.007947,3,K,427,N
0.949,0.0208,1,K,427,T
0.2944,0.008632,5,P,428,H
-0.5233,-0.02312,1,P,428,L
0,0,,P,428,P
-3.048,-0.5926,2,P,428,S
0.1171,0.003736,4,P,428,T
-10.52,-4.681,2,V,429,L
-3.004,-0.569,4,V,429,M
0,0,,V,429,V
-8.306,-4.543,6,E,43,*
0,0,,E,43,E
2.006,0.02942,7,E,43,K
-8.676,-4.59,2,E,430,*
-2.107,-0.2319,9,E,430,D
0,0,,E,430,E
2.118,0.02991,2,E,430,G
0.0516,0.0017,1,E,430,K
0.1799,0.00557,1,E,430,Q
-3.256,-0.7149,11,G,431,C
1.855,0.02868,3,G,431,D
0,0,,G,431,G
3.317,0.03279,1,G,431,S
-9.268,-4.638,4,G,431,V
-1.09,-0.06573,1,V,432,A
1.194,0.02367,1,V,432,E
-3.322,-0.7569,5,V,432,I
-0.2735,-0.0106,1,V,432,L
0,0,,V,432,V
2.027,0.02952,2,S,433,I
0.1584,0.004955,5,S,433,N
1.626,0.0273,3,S,433,R
0,0,,S,433,S
-0.2005,-0.007491,2,S,434,-
1.151,0.02321,1,S,434,I
0.9467,0.02077,3,S,434,N
3.294,0.03276,4,S,434,R
0,0,,S,434,S
0.7452,0.01782,2,F,435,-
0,0,,F,435,F
-4.338,-1.655,2,F,435,L
3.579,0.03308,2,F,435,S
2.329,0.03069,1,F,435,Y
-0.6959,-0.03373,4,M,436,-
-0.7374,-0.03656,30,M,436,I
0,0,,M,436,M
-8.218,-4.529,1,M,436,T
0.5461,0.01426,3,N,437,-
-2.337,-0.2959,1,N,437,G
4.321,0.03358,4,N,437,K
0,0,,N,437,N
-1.746,-0.1547,3,V,438,-
0.1677,0.005223,5,V,438,F
-9.341,-4.642,4,V,438,I
0,0,,V,438,V
0.07429,0.00242,2,T,439,-
-6.991,-4.165,1,T,439,A
3.178,0.0326,6,T,439,I
-17.57,-4.699,1,T,439,N
0,0,,T,439,T
0.7239,0.01747,1,S,44,G
0.1032,0.003316,2,S,44,I
4.043,0.03343,11,S,44,N
-4.793,-2.174,3,S,44,R
0,0,,S,44,S
0.2939,0.008619,2,L,440,-
-11.44,-4.692,1,L,440,C
0,0,,L,440,L
-1.955,-0.1964,8,L,440,M
-2.076,-0.2242,3,L,440,P
0.6302,0.01585,2,N,441,-
1.982,0.02931,2,N,441,K
0,0,,N,441,N
6.587,0.03398,1,N,441,S
-7.855,-4.458,1,N,441,Y
0.09522,0.003071,2,K,442,-
8.905,0.03403,2,K,442,E
0,0,,K,442,K
-2.075,-0.2241,1,K,442,L
-5.061,-2.49,1,K,442,N
-2.988,-0.5607,1,K,442,R
-4.1,-1.405,1,C,443,*
-1.908,-0.1863,2,C,443,-
0,0,,C,443,C
-8.668,-4.589,1,C,443,E
-2.135,-0.2391,1,C,443,N
-5.527,-3.021,1,C,443,R
-6.498,-3.884,1,C,443,S
0.133,0.004212,1,C,443,W
-12.5,-4.696,8,C,443,Y
0.004468,0.0001506,2,T,444,-
-8.745,-4.597,2,T,444,I
-1.269,-0.08488,1,T,444,S
0,0,,T,444,T
0.6679,0.01652,2,K,445,-
-9.184,-4.633,2,K,445,E
-3.901,-1.214,1,K,445,F
0,0,,K,445,K
-8.248,-4.534,3,K,445,N
11.34,0.03403,2,K,445,W
-1.52,-0.1177,1,Y,446,*
1.561,0.02685,2,Y,446,-
-9.138,-4.629,1,Y,446,C
-0.556,-0.02499,1,Y,446,N
-3.639,-0.9889,1,Y,446,S
-5.316,-2.786,1,Y,446,V
-1.17,-0.07393,1,Y,446,W
0,0,,Y,446,Y
1.06,0.02219,2,N,447,-
-9.644,-4.657,2,N,447,D
-1.167,-0.07354,1,N,447,I
6.913,0.034,2,N,447,K
0,0,,N,447,N
-4.172,-1.479,1,N,447,S
-1.197,-0.07682,2,I,448,-
0,0,,I,448,I
-0.7624,-0.03832,1,I,448,S
-0.4325,-0.01821,1,Y,449,-
-8.563,-4.577,1,Y,449,C
-3.51,-0.8886,1,Y,449,H
-3.928,-1.239,2,Y,449,N
0,0,,Y,449,Y
0.7714,0.01823,3,G,45,C
10.25,0.03403,3,G,45,D
0,0,,G,45,G
0.7013,0.01709,1,G,45,I
0.9286,0.02053,3,G,45,S
-3.295,-0.7395,4,G,45,V
1.314,0.02484,1,D,450,-
0,0,,D,450,D
-8.556,-4.576,1,D,450,E
-5.523,-3.016,1,D,450,F
5.035,0.03381,2,D,450,G
-1.61,-0.1314,2,D,450,N
-4.394,-1.715,6,D,450,Y
0.8229,0.01903,1,V,451,-
-1.532,-0.1194,1,V,451,A
-2.31,-0.2879,1,V,451,G
1.68,0.02765,1,V,451,L
-8.29,-4.54,2,V,451,M
0,0,,V,451,V
-0.2843,-0.01108,1,S,452,-
1.049,0.02205,1,S,452,F
-13.45,-4.698,2,S,452,P
0,0,,S,452,S
-5.979,-3.473,7,S,452,Y
0.5308,0.01396,1,G,453,-
-4.004,-1.311,1,G,453,C
-6.292,-3.735,7,G,453,D
0,0,,G,453,G
-6.129,-3.604,4,G,453,S
-11.07,-4.689,5,G,453,V
1.102,0.02268,1,V,454,-
2.074,0.02973,1,V,454,E
-3.455,-0.849,3,V,454,L
0.5034,0.0134,6,V,454,M
0,0,,V,454,V
1.67,0.02759,1,G,455,-
3.092,0.03248,3,G,455,C
-2.95,-0.5411,1,G,455,D
0,0,,G,455,G
-5.403,-2.884,1,G,455,S
-8.681,-4.59,1,G,455,V
-0.04601,-0.00159,1,V,456,-
3.824,0.03328,1,V,456,I
-2.194,-0.2549,4,V,456,L
3.659,0.03315,3,V,456,M
0,0,,V,456,V
0.03157,0.00105,1,I,457,-
0,0,,I,457,I
1.314,0.02484,1,R,458,-
-5.818,-3.321,1,R,458,G
-4.575,-1.919,6,R,458,I
-3.298,-0.7414,3,R,458,K
0,0,,R,458,R
-0.1465,-0.005326,1,I,459,-
0,0,,I,459,I
-3.75,-1.081,1,I,459,V
-4.159,-1.465,7,G,46,C
-7.623,-4.399,2,G,46,D
0,0,,G,46,G
-3.879,-1.194,4,G,46,S
-3.735,-1.067,1,G,46,V
-2.487,-0.3452,1,S,460,E
-1.779,-0.1607,1,S,460,F
-11.76,-4.694,2,S,460,P
0,0,,S,460,S
-0.3154,-0.0125,1,S,460,T
-8.751,-4.597,7,S,460,Y
9.94,0.03403,3,N,461,D
-0.5203,-0.02295,1,N,461,H
1.584,0.02701,1,N,461,K
0,0,,N,461,N
0,0,,D,462,D
3.992,0.0334,2,D,462,E
-3.291,-0.7372,1,D,462,G
0.1939,0.005962,1,D,462,N
-3.814,-1.136,7,D,462,Y
-4.262,-1.573,2,T,463,A
-0.6312,-0.02954,2,T,463,I
5.32,0.03386,1,T,463,K
0,0,,T,463,T
-3.356,-0.7799,1,F,464,C
0,0,,F,464,F
-4.024,-1.33,1,F,464,N
-1.807,-0.1661,2,F,464,S
2.913,0.03217,1,L,465,E
0,0,,L,465,L
-0.9762,-0.05524,3,L,465,M
-10.08,-4.672,3,N,466,K
0,0,,N,466,N
-3.346,-0.7728,1,N,466,V
-12.27,-4.696,11,G,467,C
-3.359,-0.7818,10,G,467,D
0,0,,G,467,G
-9.234,-4.636,7,G,467,S
-5.448,-2.934,2,G,467,V
-6.018,-3.508,1,G,467,Y
1.581,0.02699,1,T,469,A
-4.148,-1.454,1,T,469,N
3.15,0.03256,1,T,469,S
0,0,,T,469,T
-7.361,-4.317,5,Y,47,*
1.084,0.02247,3,Y,47,C
2.913,0.03217,1,Y,47,F
0.8989,0.02012,4,Y,47,H
3.867,0.03331,1,Y,47,N
0,0,,Y,47,Y
-2.127,-0.2371,1,Y,470,*
-4.28,-1.592,2,Y,470,A
-5.241,-2.7,2,Y,470,C
-10.09,-4.672,1,Y,470,D
-1.776,-0.16,1,Y,470,F
-8.663,-4.588,1,Y,470,P
0,0,,Y,470,Y
-6.89,-4.115,1,T,471,A
-0.3814,-0.01563,5,T,471,I
3.889,0.03333,2,T,471,K
0,0,,T,471,T
6.921,0.034,1,T,471,Y
2.485,0.03118,1,S,472,C
-7.448,-4.346,3,S,472,F
-4.345,-1.662,1,S,472,P
0,0,,S,472,S
-0.5508,-0.02469,1,S,472,T
-3.269,-0.7227,1,S,472,V
-10.8,-4.685,4,S,472,Y
1.914,0.02898,1,T,473,A
-0.3917,-0.01615,5,T,473,I
7.523,0.03401,1,T,473,R
0,0,,T,473,T
-3.198,-0.6785,6,S,474,I
-4.981,-2.396,5,S,474,N
-2.725,-0.437,3,S,474,R
0,0,,S,474,S
-5.374,-2.852,1,S,474,T
-4.82,-2.205,1,G,475,A
-16.62,-4.699,8,G,475,C
3.954,0.03337,8,G,475,D
0,0,,G,475,G
-13.2,-4.697,6,G,475,S
7.572,0.03401,1,G,475,V
-4.062,-1.368,2,N,476,K
0,0,,N,476,N
-3.514,-0.8919,1,N,476,W
0,0,,L,477,L
-4.029,-1.335,1,L,477,M
0,0,,L,478,L
-4.56,-1.902,1,L,478,M
-8.209,-4.527,3,L,478,P
-2.769,-0.4559,1,L,478,Q
-3.115,-0.6297,3,G,479,C
-7.923,-4.473,6,G,479,D
0,0,,G,479,G
-4.105,-1.41,5,G,479,S
-1.832,-0.1707,1,G,479,V
0,0,,F,480,F
-4.309,-1.623,1,F,480,K
-0.6588,-0.03129,2,F,480,L
-3.662,-1.007,1,K,481,E
0,0,,K,481,K
-7.175,-4.246,10,K,481,N
-5.473,-2.962,1,K,481,R
-3.745,-1.076,1,K,481,T
0,0,,D,482,D
3.008,0.03234,3,D,482,E
-5.101,-2.537,3,D,482,N
5.339,0.03387,3,D,482,Y
5.555,0.0339,2,V,483,L
6.851,0.034,6,V,483,M
0,0,,V,483,V
-1.773,-0.1596,2,T,484,I
-6.974,-4.157,3,T,484,N
0,0,,T,484,T
-1.532,-0.1195,1,N,485,D
0,0,,N,485,N
-13.29,-4.698,13,G,486,*
-5.129,-2.57,1,G,486,A
3.187,0.03262,15,G,486,E
0,0,,G,486,G
-8.963,-4.616,1,G,486,P
-1.93,-0.191,1,G,486,Q
-3.288,-0.7354,6,G,486,R
-5.341,-2.814,6,G,486,V
3.078,0.03245,2,T,487,A
-3.16,-0.6559,3,T,487,I
4.565,0.03368,3,T,487,K
0,0,,T,487,T
0,0,,I,488,I
4.584,0.03368,1,I,488,V
-11.66,-4.693,2,Y,489,*
-1.405,-0.1017,1,Y,489,C
-11.42,-4.692,1,Y,489,N
-10.36,-4.678,1,Y,489,T
0,0,,Y,489,Y
-0.4212,-0.01763,8,P,49,H
-7.829,-4.452,1,P,49,L
0,0,,P,49,P
-5.885,-3.385,3,P,49,T
-8.727,-4.595,1,S,490,F
-10.48,-4.68,1,S,490,P
0,0,,S,490,S
-5.891,-3.391,7,S,490,Y
0,0,,I,491,I
-8.7,-4.592,1,I,491,K
-3.47,-0.8592,1,I,491,M
2.168,0.03011,1,I,491,T
-7.988,-4.487,4,T,492,A
-4.071,-1.376,1,T,492,K
-2.486,-0.3448,3,T,492,M
-6.957,-4.149,1,T,492,N
-4.235,-1.544,2,T,492,P
0,0,,T,492,T
-4.595,-1.942,1,P,493,E
-9.631,-4.656,4,P,493,H
-8.73,-4.595,2,P,493,L
0,0,,P,493,P
-7.697,-4.419,2,P,493,R
-4.312,-1.626,1,P,493,S
-11.86,-4.694,4,P,493,T
0,0,,C,494,C
-7.316,-4.301,4,C,494,F
-8.689,-4.591,2,C,494,R
-7.107,-4.218,9,C,494,Y
-4.023,-1.329,1,N,495,D
0,0,,N,495,N
-6.96,-4.15,14,P,496,H
1.426,0.02581,1,P,496,L
1.958,0.0292,1,P,496,M
0,0,,P,496,P
-4.545,-1.885,1,P,496,R
-9.183,-4.632,2,P,496,S
-6.231,-3.687,9,P,496,T
-12.16,-4.695,5,P,497,H
-8.035,-4.496,2,P,497,L
0,0,,P,497,P
-0.754,-0.03772,1,P,497,S
-1.841,-0.1725,2,P,497,T
-8.774,-4.6,1,P,497,Y
2.839,0.03203,1,D,498,C
0,0,,D,498,D
0.6898,0.0169,1,D,498,E
3.372,0.03286,1,D,498,H
0.01185,0.000398,7,D,498,N
-4.199,-1.507,2,D,498,Y
-8.057,-4.5,3,Q,499,*
9.967,0.03403,2,Q,499,H
-3.205,-0.6829,3,Q,499,K
-4.126,-1.432,1,Q,499,P
0,0,,Q,499,Q
0,0,,L,5,L
-3.946,-1.256,2,L,5,M
3.431,0.03292,1,L,5,P
0.5196,0.01373,1,L,5,Q
0.8827,0.01989,1,S,50,F
-1.536,-0.1201,1,S,50,L
0,0,,S,50,S
6.242,0.03397,6,S,50,Y
0,0,,L,500,L
-8.507,-4.57,5,L,500,M
-0.108,-0.00385,3,L,500,P
-8.63,-4.585,1,L,500,Y
0.4873,0.01307,1,V,501,A
-1.314,-0.09015,1,V,501,D
4.061,0.03344,1,V,501,F
-8.657,-4.588,1,V,501,H
0,0,,V,501,V
1.798,0.02836,1,V,501,W
8.071,0.03402,2,V,502,A
-3.219,-0.6917,2,V,502,L
-5.724,-3.228,2,V,502,M
0,0,,V,502,V
3.456,0.03295,1,Y,503,*
-7.408,-4.333,1,Y,503,-
-3.145,-0.6475,1,Y,503,C
-9.864,-4.665,1,Y,503,G
-7.552,-4.379,3,Y,503,H
0,0,,Y,503,Y
-8.883,-4.61,1,Q,504,*
-0.4528,-0.01927,1,Q,504,H
3.534,0.03303,4,Q,504,K
-0.7681,-0.03872,1,Q,504,P
0,0,,Q,504,Q
8.583,0.03403,5,Q,504,R
5.39,0.03388,1,Q,504,Y
-3.85,-1.167,1,Q,505,*
-8.562,-4.577,1,Q,505,D
-2.272,-0.2767,7,Q,505,H
-8.612,-4.583,1,Q,505,K
0,0,,Q,505,Q
0,0,,A,506,A
-4.175,-1.481,1,A,506,S
1.642,0.02741,3,A,506,T
1.095,0.02259,3,A,506,V
-10.6,-4.682,2,V,507,A
-8.592,-4.58,1,V,507,H
-7.186,-4.251,2,V,507,L
-17.4,-4.699,5,V,507,M
0,0,,V,507,V
-5.457,-2.945,4,V,508,M
-0.3427,-0.01377,1,V,508,T
0,0,,V,508,V
-5.433,-2.918,8,G,509,C
-5.716,-3.219,4,G,509,D
0,0,,G,509,G
-1.971,-0.1998,1,G,509,P
-7.644,-4.405,6,G,509,S
-8.814,-4.604,4,G,509,V
0,0,,D,51,D
5.063,0.03381,2,D,51,E
-1.878,-0.1801,2,D,51,H
-1.177,-0.07461,10,D,51,N
-3.676,-1.019,7,D,51,Y
0,0,,A,510,A
-12.21,-4.695,4,A,510,D
-12.19,-4.695,5,A,510,S
-8.627,-4.584,4,A,510,T
-6.112,-3.59,1,A,510,V
2.582,0.03144,11,M,511,I
0,0,,M,511,M
-1.01,-0.05822,1,M,511,V
0,0,,L,512,L
0.8286,0.01911,5,L,512,M
-8.09,-4.507,1,L,512,W
-0.8038,-0.04133,4,S,513,I
-2.22,-0.2619,1,S,513,L
-8.403,-4.557,3,S,513,N
0,0,,S,513,S
-6.826,-4.082,14,E,514,*
-3.128,-0.6374,6,E,514,D
0,0,,E,514,E
2.728,0.03179,10,E,514,K
-7.326,-4.305,1,E,514,Q
-1.542,-0.1209,2,N,515,D
-2.537,-0.3628,2,N,515,K
0,0,,N,515,N
0,0,,F,516,F
10.04,0.03403,4,F,516,L
-0.9463,-0.05266,1,F,516,T
-6.686,-4.003,4,F,516,Y
-10.13,-4.673,3,T,517,I
0,0,,T,517,T
-4.769,-2.145,3,S,518,I
-7.128,-4.227,1,S,518,N
2.123,0.02993,1,S,518,R
0,0,,S,518,S
0,0,,F,52,F
-2.382,-0.3102,2,F,52,L
-0.9115,-0.04975,1,F,52,S
-4.028,-1.334,2,F,52,Y
-5.921,-3.419,3,G,520,C
-3.743,-1.074,10,G,520,D
0,0,,G,520,G
-2.561,-0.3719,4,G,520,S
-3.424,-0.8265,1,G,520,V
0,0,,F,521,F
-9.124,-4.629,5,F,521,L
-7.025,-4.181,1,F,521,V
-5.712,-3.215,1,F,521,Y
-2.032,-0.2138,1,S,522,-
-1.948,-0.1949,1,S,522,E
-5.651,-3.153,2,S,522,G
3.353,0.03283,2,S,522,I
0.9078,0.02024,5,S,522,N
-8.597,-4.581,3,S,522,R
0,0,,S,522,S
1.575,0.02694,1,S,522,T
-6.136,-3.61,2,N,523,D
-9.966,-4.668,3,N,523,K
0,0,,N,523,N
-0.19,-0.00706,2,N,523,S
-3.399,-0.8094,2,V,524,A
0.54,0.01414,2,V,524,L
4.422,0.03362,5,V,524,M
0,0,,V,524,V
-7.921,-4.473,2,V,525,A
-2.4,-0.3159,2,V,525,F
11.97,0.03403,3,V,525,I
-4.261,-1.572,1,V,525,M
0,0,,V,525,V
-7.39,-4.327,7,E,526,*
0,0,,E,526,E
-5.359,-2.835,3,E,526,G
-3.294,-0.7391,54,E,526,K
1.261,0.02434,10,M,527,I
0,0,,M,527,M
-9.938,-4.667,1,M,527,R
-6.336,-3.768,1,M,527,S
-3.985,-1.293,1,M,527,T
-6.705,-4.014,1,P,528,F
-2.946,-0.539,3,P,528,L
0,0,,P,528,P
-5.578,-3.076,11,P,528,Q
-2.948,-0.5405,5,P,528,S
-5.564,-3.061,1,P,528,T
6.433,0.03398,2,K,529,A
-5.917,-3.416,4,K,529,C
-0.1279,-0.004605,8,K,529,D
-10.05,-4.671,3,K,529,E
3.805,0.03327,5,K,529,F
2.93,0.0322,2,K,529,G
5.177,0.03384,3,K,529,H
-6.404,-3.819,6,K,529,I
0,0,,K,529,K
-4.052,-1.358,3,K,529,L
-5.242,-2.701,3,K,529,M
0.2948,0.008643,10,K,529,N
3.925,0.03336,1,K,529,P
4.05,0.03343,1,K,529,Q
-4.501,-1.835,6,K,529,R
-1.85,-0.1744,6,K,529,S
1.561,0.02685,1,K,529,T
-4.553,-1.894,2,K,529,V
-4.623,-1.975,3,K,529,W
3.222,0.03267,4,K,529,Y
0,0,,A,53,A
-2.752,-0.4483,1,A,53,D
2.457,0.0311,1,A,53,P
-2.293,-0.2828,5,A,53,T
-3.563,-0.9286,8,A,53,V
-9.136,-4.629,5,F,530,A
-9.245,-4.636,4,F,530,C
7.617,0.03401,1,F,530,D
-8.553,-4.576,3,F,530,E
0,0,,F,530,F
1.489,0.02631,1,F,530,G
-8.702,-4.592,2,F,530,H
-5.023,-2.445,2,F,530,I
-12.57,-4.696,4,F,530,K
-9.332,-4.642,6,F,530,L
-3.774,-1.101,2,F,530,M
-7.693,-4.418,3,F,530,N
-5.585,-3.083,4,F,530,P
-8.426,-4.56,2,F,530,Q
-4.976,-2.39,4,F,530,R
-6.575,-3.935,7,F,530,S
-2.759,-0.4513,1,F,530,T
-5.03,-2.454,5,F,530,V
-3.908,-1.22,6,F,530,W
-5.633,-3.134,8,F,530,Y
-9.12,-4.628,2,F,531,A
-4.595,-1.942,1,F,531,C
-5.212,-2.666,7,F,531,D
-5.961,-3.457,4,F,531,E
0,0,,F,531,F
-3.779,-1.105,3,F,531,G
-8.908,-4.612,3,F,531,H
-6.885,-4.113,3,F,531,I
-16.39,-4.699,1,F,531,K
-5.518,-3.011,19,F,531,L
-6.384,-3.804,4,F,531,M
-5.231,-2.689,8,F,531,N
-6.212,-3.672,4,F,531,P
-0.4917,-0.02136,2,F,531,Q
-9.139,-4.63,2,F,531,R
-5.359,-2.835,19,F,531,S
-5.213,-2.668,3,F,531,T
-13.56,-4.698,4,F,531,V
-3.918,-1.23,5,F,531,W
1.312,0.02482,9,F,531,Y
-12.99,-4.697,1,Y,532,*
-8.463,-4.565,4,Y,532,C
-8.556,-4.576,1,Y,532,D
-16.64,-4.699,2,Y,532,E
-5.44,-2.926,7,Y,532,F
-7.043,-4.189,9,Y,532,G
-7.476,-4.355,8,Y,532,H
-8.834,-4.605,5,Y,532,I
-4.236,-1.545,1,Y,532,K
-4.11,-1.415,3,Y,532,L
-7.721,-4.426,5,Y,532,M
-4.794,-2.174,7,Y,532,N
-4.443,-1.77,6,Y,532,P
-14.58,-4.698,6,Y,532,Q
-3.824,-1.144,1,Y,532,R
-10.57,-4.682,3,Y,532,S
-4.343,-1.659,2,Y,532,T
-8.047,-4.498,3,Y,532,V
7.203,0.03401,5,Y,532,W
0,0,,Y,532,Y
0,0,,A,533,A
-5.212,-2.667,5,A,533,C
-11.55,-4.692,6,A,533,D
-6.472,-3.866,7,A,533,E
2.379,0.03086,1,A,533,F
-6.83,-4.084,6,A,533,G
-2.777,-0.4594,2,A,533,H
-16.79,-4.699,5,A,533,I
2.832,0.03201,3,A,533,L
-3.156,-0.654,4,A,533,M
4.47,0.03364,2,A,533,N
-4.586,-1.932,6,A,533,P
-3.859,-1.176,1,A,533,R
-4.005,-1.311,8,A,533,S
-8.74,-4.596,9,A,533,T
-4.428,-1.753,9,A,533,V
-3.148,-0.649,5,A,533,W
-4.638,-1.992,1,A,533,Y
-6.509,-3.891,6,S,534,A
-3.635,-0.9851,3,S,534,C
-8.697,-4.592,1,S,534,D
-5.401,-2.882,6,S,534,F
-16.68,-4.699,4,S,534,G
4.502,0.03365,3,S,534,H
-10.09,-4.672,8,S,534,I
1.985,0.02933,2,S,534,K
-6.138,-3.612,6,S,534,L
-15.22,-4.699,4,S,534,M
8.887,0.03403,3,S,534,N
-4.372,-1.692,1,S,534,P
-13.22,-4.697,2,S,534,Q
-6.568,-3.93,6,S,534,R
0,0,,S,534,S
3.744,0.03322,1,S,534,T
-8.105,-4.509,4,S,534,V
-7.411,-4.334,6,S,534,W
-3.736,-1.069,2,S,534,Y
-8.53,-4.573,2,N,535,C
-5.586,-3.084,5,N,535,D
-5.313,-2.782,6,N,535,E
-9.013,-4.62,4,N,535,F
-7.442,-4.344,4,N,535,G
-16.83,-4.699,7,N,535,H
0.4598,0.01249,4,N,535,I
-5.431,-2.915,8,N,535,K
-9.564,-4.653,4,N,535,L
-8.817,-4.604,5,N,535,M
0,0,,N,535,N
-6.7,-4.011,9,N,535,P
-6.669,-3.993,3,N,535,Q
-9.004,-4.62,2,N,535,R
-7.504,-4.364,9,N,535,S
-9.151,-4.63,2,N,535,T
-7.71,-4.423,9,N,535,V
-6.35,-3.779,5,N,535,W
-4.351,-1.668,5,N,535,Y
-17.79,-4.699,7,G,536,*
-6.039,-3.527,6,G,536,A
-5.282,-2.747,4,G,536,C
-8.592,-4.58,1,G,536,D
-7.072,-4.203,25,G,536,E
-3.689,-1.029,4,G,536,F
0,0,,G,536,G
-5.724,-3.227,3,G,536,H
-7.896,-4.467,4,G,536,I
-7.868,-4.461,5,G,536,K
-12.07,-4.695,7,G,536,L
9.782,0.03403,1,G,536,M
-8.71,-4.593,4,G,536,N
-5.818,-3.321,7,G,536,P
-7.372,-4.321,3,G,536,Q
-2.231,-0.265,7,G,536,R
-8.328,-4.546,3,G,536,S
-10.14,-4.673,5,G,536,T
-8.107,-4.51,11,G,536,V
-11.31,-4.691,3,G,536,W
-6.43,-3.837,2,G,536,Y
-8.549,-4.575,1,T,537,A
-11.36,-4.691,6,T,537,C
-11.06,-4.688,2,T,537,D
-0.4312,-0.01814,7,T,537,E
3.604,0.0331,1,T,537,F
-0.8545,-0.04518,2,T,537,H
-8.773,-4.6,2,T,537,I
3.092,0.03248,3,T,537,K
-1.466,-0.1099,7,T,537,L
1.807,0.02841,2,T,537,M
-3.276,-0.7276,3,T,537,N
-3.917,-1.229,4,T,537,P
1.566,0.02688,3,T,537,Q
-4.121,-1.427,3,T,537,R
5.448,0.03388,3,T,537,S
0,0,,T,537,T
-1.345,-0.09393,1,T,537,V
-15.84,-4.699,2,T,537,W
-4.677,-2.037,4,T,537,Y
-2.572,-0.3758,1,Y,538,*
-2.723,-0.436,4,Y,538,A
-5.857,-3.359,9,Y,538,C
-4.622,-1.974,4,Y,538,D
-6.6,-3.951,8,Y,538,E
-5.459,-2.947,3,Y,538,F
3.549,0.03305,1,Y,538,G
-8.237,-4.532,2,Y,538,H
-6.321,-3.757,3,Y,538,I
-3.463,-0.8544,5,Y,538,K
-3.548,-0.9177,2,Y,538,L
-3.744,-1.075,5,Y,538,N
-7.409,-4.333,2,Y,538,P
2.017,0.02948,3,Y,538,Q
2.239,0.03038,3,Y,538,R
3.094,0.03248,2,Y,538,S
-5.321,-2.791,3,Y,538,T
-4.616,-1.967,6,Y,538,V
-4.902,-2.302,2,Y,538,W
0,0,,Y,538,Y
-3.023,-0.5793,6,N,539,A
-6.634,-3.972,2,N,539,C
2.278,0.03052,2,N,539,D
4.054,0.03344,6,N,539,E
-7.964,-4.482,5,N,539,F
-4.028,-1.335,2,N,539,G
-6.461,-3.859,4,N,539,H
-8.728,-4.595,5,N,539,I
-1.887,-0.1818,5,N,539,K
-8.936,-4.614,6,N,539,L
0.04595,0.001518,2,N,539,M
0,0,,N,539,N
1.26,0.02433,7,N,539,P
0.7052,0.01716,3,N,539,Q
-9.971,-4.668,2,N,539,R
-6.955,-4.148,3,N,539,S
11.56,0.03403,2,N,539,T
5.95,0.03394,4,N,539,V
-8.524,-4.572,2,N,539,W
-10.46,-4.68,8,N,539,Y
0,0,,F,54,F
-3.613,-0.9679,12,F,54,L
0.8117,0.01886,2,F,54,Y
3.001,0.03233,1,C,540,*
-7.338,-4.309,3,C,540,A
0,0,,C,540,C
-13.04,-4.697,3,C,540,D
-4.739,-2.11,1,C,540,E
-5.934,-3.431,14,C,540,F
-15.93,-4.699,6,C,540,G
-4.861,-2.253,2,C,540,H
-8.55,-4.576,2,C,540,I
-9.788,-4.662,11,C,540,K
-1.807,-0.166,1,C,540,L
-4.576,-1.92,4,C,540,M
-9.31,-4.64,2,C,540,N
-2.379,-0.3092,4,C,540,P
-7.085,-4.208,4,C,540,Q
-7.818,-4.45,6,C,540,R
-6.968,-4.154,2,C,540,S
-7.488,-4.359,7,C,540,T
-6.023,-3.513,4,C,540,V
-1.044,-0.06136,4,C,540,W
-8.36,-4.551,10,C,540,Y
-0.9164,-0.05015,1,T,541,-
-7.364,-4.318,8,T,541,A
-3.018,-0.5765,3,T,541,C
-4.453,-1.781,3,T,541,D
-4.338,-1.654,3,T,541,E
-8.415,-4.558,8,T,541,F
-6.571,-3.932,4,T,541,G
-5.728,-3.231,3,T,541,H
-2.896,-0.5145,4,T,541,I
5.164,0.03384,3,T,541,K
-5.717,-3.22,5,T,541,L
-4.482,-1.813,6,T,541,M
-0.3398,-0.01363,6,T,541,N
2.425,0.031,3,T,541,P
-2.77,-0.4563,6,T,541,Q
-3.111,-0.6275,2,T,541,R
0.7995,0.01867,5,T,541,S
0,0,,T,541,T
-3.762,-1.091,6,T,541,V
-5.713,-3.216,4,T,541,W
-4.376,-1.696,4,T,541,Y
-2.653,-0.4072,1,D,542,-
2.337,0.03072,3,D,542,A
-9.289,-4.639,6,D,542,C
0,0,,D,542,D
-0.9426,-0.05234,9,D,542,E
-8.842,-4.606,9,D,542,F
-8.728,-4.595,4,D,542,G
-4.044,-1.35,2,D,542,H
-1.315,-0.09025,7,D,542,I
1.971,0.02926,3,D,542,K
8.083,0.03402,8,D,542,L
-2.36,-0.3032,3,D,542,M
0.8079,0.0188,6,D,542,N
-2.668,-0.4134,4,D,542,P
6.411,0.03398,3,D,542,Q
9.965,0.03403,6,D,542,R
-2.758,-0.4512,5,D,542,S
2.312,0.03064,4,D,542,T
-2.321,-0.2911,4,D,542,V
-11.95,-4.694,3,D,542,W
-6.166,-3.635,14,D,542,Y
-1.372,-0.0974,1,A,543,-
0,0,,A,543,A
-2.172,-0.2488,1,A,543,C
-3.153,-0.6523,5,A,543,D
-4.96,-2.37,2,A,543,E
-2.368,-0.3055,3,A,543,F
-5.67,-3.173,5,A,543,G
1.87,0.02875,3,A,543,H
-2.41,-0.3191,2,A,543,I
-3.908,-1.221,2,A,543,K
-4.381,-1.701,3,A,543,L
-3.585,-0.9461,6,A,543,M
-4.382,-1.702,5,A,543,N
1.282,0.02454,1,A,543,P
-6.323,-3.759,3,A,543,Q
-1.94,-0.1931,8,A,543,R
1.907,0.02894,6,A,543,S
2.745,0.03183,7,A,543,T
0.4956,0.01324,7,A,543,V
-1.51,-0.1162,5,A,543,W
14.49,0.03403,4,A,543,Y
0.02206,0.0007373,1,V,544,-
-8.725,-4.595,2,V,544,A
-7.897,-4.468,9,V,544,C
-7.573,-4.385,6,V,544,D
-5.206,-2.659,5,V,544,E
-8.082,-4.505,3,V,544,F
-9.834,-4.664,4,V,544,G
-15.96,-4.699,5,V,544,H
-3.706,-1.043,5,V,544,I
-4.027,-1.333,4,V,544,K
-5.282,-2.747,10,V,544,L
-0.4553,-0.0194,11,V,544,M
0.7183,0.01738,1,V,544,N
-8.63,-4.585,1,V,544,P
-4.782,-2.16,6,V,544,Q
-5.617,-3.117,2,V,544,R
-4.215,-1.523,7,V,544,T
0,0,,V,544,V
-5.209,-2.663,3,V,544,W
-8.125,-4.513,3,V,544,Y
0.01108,0.0003724,1,L,545,-
-4.158,-1.464,1,L,545,A
-7.09,-4.21,7,L,545,C
-8.557,-4.576,1,L,545,D
-10.3,-4.677,1,L,545,E
-3.998,-1.305,2,L,545,F
-10.51,-4.681,5,L,545,G
-6.596,-3.948,5,L,545,H
5.224,0.03385,3,L,545,I
-3.955,-1.265,7,L,545,K
0,0,,L,545,L
1.372,0.02535,1,L,545,M
8.919,0.03403,3,L,545,N
-9.628,-4.656,4,L,545,P
-6.237,-3.692,3,L,545,Q
-5.717,-3.221,3,L,545,R
-1.584,-0.1274,5,L,545,S
-4.837,-2.225,4,L,545,V
-6.28,-3.726,5,L,545,W
-4.377,-1.696,2,L,545,Y
-5.698,-3.201,2,T,546,-
4.259,0.03355,6,T,546,A
-8.653,-4.587,3,T,546,C
-8.604,-4.582,6,T,546,D
-2.282,-0.2795,5,T,546,E
-0.6605,-0.03141,3,T,546,F
2.322,0.03067,2,T,546,G
1.51,0.02647,3,T,546,H
-1.374,-0.09762,7,T,546,I
2.529,0.0313,4,T,546,K
-3.021,-0.5783,4,T,546,L
-4.19,-1.497,2,T,546,M
-3.882,-1.196,3,T,546,N
0.5679,0.01469,2,T,546,P
1.445,0.02596,5,T,546,Q
4.216,0.03353,4,T,546,R
-0.9572,-0.05359,3,T,546,S
0,0,,T,546,T
0.452,0.01232,3,T,546,V
-3.361,-0.7834,3,T,546,W
-1.241,-0.08166,4,T,546,Y
-4.283,-1.595,3,Y,547,*
-0.08094,-0.002847,1,Y,547,-
7.802,0.03402,3,Y,547,A
-12.89,-4.697,5,Y,547,C
-13.18,-4.697,1,Y,547,D
-6.19,-3.654,3,Y,547,E
0.9528,0.02085,6,Y,547,F
-4.243,-1.552,4,Y,547,G
-6.301,-3.742,2,Y,547,H
-0.7146,-0.03499,1,Y,547,I
-4.187,-1.494,4,Y,547,K
-1.894,-0.1833,6,Y,547,L
-1.673,-0.1417,1,Y,547,M
-4.577,-1.922,1,Y,547,N
-6.739,-4.034,7,Y,547,P
-8.254,-4.534,3,Y,547,Q
-4.958,-2.368,4,Y,547,R
-8.613,-4.583,4,Y,547,S
5.957,0.03394,2,Y,547,T
4.108,0.03347,9,Y,547,V
0.3946,0.01104,5,Y,547,W
0,0,,Y,547,Y
-1.313,-0.09008,1,S,548,-
0.2132,0.006495,5,S,548,A
-0.131,-0.004726,3,S,548,C
3.66,0.03315,4,S,548,D
-4.372,-1.692,5,S,548,E
1.709,0.02783,6,S,548,F
12.47,0.03403,2,S,548,G
-1.065,-0.06334,4,S,548,H
2.728,0.03179,5,S,548,I
-3.529,-0.9032,5,S,548,L
4.895,0.03378,1,S,548,M
-4.447,-1.774,2,S,548,N
0.7789,0.01835,6,S,548,P
-3.492,-0.8756,5,S,548,Q
-1.868,-0.178,5,S,548,R
0,0,,S,548,S
10.08,0.03403,7,S,548,T
7.305,0.03401,6,S,548,V
-5.171,-2.619,2,S,548,W
-3.074,-0.6071,11,S,548,Y
-0.3496,-0.0141,1,S,549,-
0.03371,0.00112,1,S,549,A
-3.611,-0.9662,5,S,549,C
-3.058,-0.5982,2,S,549,D
-1.497,-0.1143,6,S,549,E
-3.169,-0.6615,8,S,549,F
-2.89,-0.5116,4,S,549,H
-3.56,-0.9269,3,S,549,I
5.19,0.03384,4,S,549,K
-9.485,-4.65,4,S,549,L
4.3,0.03357,4,S,549,M
4.886,0.03377,2,S,549,N
-8.893,-4.611,8,S,549,P
-1.006,-0.05791,1,S,549,Q
-1.257,-0.08348,3,S,549,R
0,0,,S,549,S
4.199,0.03352,4,S,549,T
-2.412,-0.3197,5,S,549,V
-3.573,-0.9363,4,S,549,W
0.3459,0.009901,10,S,549,Y
-0.5666,-0.02561,1,F,550,-
-7.324,-4.304,4,F,550,A
-8.784,-4.601,2,F,550,C
-15.29,-4.699,7,F,550,D
-8.738,-4.596,2,F,550,E
0,0,,F,550,F
-2.85,-0.4925,2,F,550,G
-5.592,-3.091,8,F,550,H
0.4177,0.01157,1,F,550,I
-12,-4.695,5,F,550,K
-0.3407,-0.01367,14,F,550,L
-4.129,-1.434,9,F,550,M
1.157,0.02327,4,F,550,N
-9.534,-4.652,4,F,550,P
-7.641,-4.404,3,F,550,Q
-5.483,-2.972,2,F,550,R
-0.4502,-0.01913,1,F,550,S
-8.661,-4.588,1,F,550,T
-4.447,-1.775,5,F,550,V
2.628,0.03156,2,F,550,W
-4.926,-2.33,2,G,551,-
-3.827,-1.147,3,G,551,A
-9.032,-4.622,9,G,551,C
-10.46,-4.68,4,G,551,D
-8.981,-4.618,3,G,551,E
0,0,,G,551,G
-6.335,-3.768,3,G,551,H
-12.41,-4.696,6,G,551,I
-14.44,-4.698,5,G,551,K
-4.273,-1.584,4,G,551,L
-6,-3.492,8,G,551,M
-5.779,-3.283,5,G,551,N
-8.622,-4.584,2,G,551,P
0.3429,0.009828,6,G,551,Q
-8.68,-4.59,1,G,551,R
-3.209,-0.6852,11,G,551,S
-7.862,-4.46,7,G,551,T
-13.46,-4.698,10,G,551,V
-1.495,-0.114,2,G,551,W
-5.897,-3.397,8,G,551,Y
3.976,0.03339,4,V,552,-
7.01,0.034,2,V,552,A
-5.91,-3.409,5,V,552,C
-6.348,-3.777,4,V,552,D
-4.393,-1.714,6,V,552,E
0.7293,0.01756,1,V,552,F
-4.259,-1.569,2,V,552,G
-4.827,-2.213,3,V,552,H
4.994,0.0338,6,V,552,I
-2.695,-0.4242,2,V,552,K
-6.602,-3.952,10,V,552,L
-0.01274,-0.0004331,9,V,552,M
-5.018,-2.439,2,V,552,N
-9.329,-4.641,4,V,552,Q
-11.54,-4.692,4,V,552,R
-8.59,-4.58,1,V,552,S
-3.092,-0.6173,2,V,552,T
0,0,,V,552,V
2.612,0.03152,4,V,552,W
-4.291,-1.603,2,V,552,Y
-12.27,-4.696,2,C,553,*
0.8144,0.0189,5,C,553,-
-6.115,-3.592,7,C,553,A
0,0,,C,553,C
-6.357,-3.784,3,C,553,D
-10.85,-4.686,7,C,553,F
-8.744,-4.597,5,C,553,G
-3.9,-1.213,2,C,553,H
-7.351,-4.313,5,C,553,I
-7.579,-4.387,6,C,553,K
-9.318,-4.641,6,C,553,L
-6.166,-3.635,6,C,553,M
-4.211,-1.518,4,C,553,N
-0.9973,-0.0571,2,C,553,P
-9.607,-4.655,5,C,553,Q
-11.47,-4.692,4,C,553,R
-2.726,-0.4375,4,C,553,S
-7.451,-4.347,6,C,553,T
-4.442,-1.768,4,C,553,V
-9.135,-4.629,6,C,553,W
-12.18,-4.695,12,C,553,Y
-4.812,-2.196,3,A,554,-
0,0,,A,554,A
-8.841,-4.606,5,A,554,C
-7.229,-4.268,4,A,554,D
-1.746,-0.1546,4,A,554,E
-4.427,-1.752,3,A,554,F
-7.48,-4.357,5,A,554,G
-2.615,-0.3923,12,A,554,H
5.97,0.03394,1,A,554,K
-6.843,-4.091,1,A,554,L
-8.492,-4.568,2,A,554,M
-13.9,-4.698,7,A,554,N
-0.1149,-0.004111,4,A,554,P
2.455,0.03109,3,A,554,Q
-4.07,-1.376,6,A,554,R
3.528,0.03303,10,A,554,S
-4.22,-1.529,7,A,554,T
-3.752,-1.082,6,A,554,V
-4.587,-1.933,6,A,554,W
-6.033,-3.522,5,A,554,Y
6.551,0.03398,3,D,555,-
-5.313,-2.783,2,D,555,A
-6.044,-3.532,3,D,555,C
0,0,,D,555,D
-7.204,-4.258,4,D,555,E
-8.699,-4.592,2,D,555,F
-3.124,-0.6349,1,D,555,G
-4.87,-2.264,3,D,555,H
-11.47,-4.692,4,D,555,I
-9.218,-4.635,4,D,555,K
-9.295,-4.639,3,D,555,L
-9.999,-4.669,1,D,555,M
-11.08,-4.689,6,D,555,N
-9.284,-4.639,4,D,555,P
6.58,0.03398,3,D,555,Q
-7.29,-4.291,3,D,555,R
-6.672,-3.995,5,D,555,S
-5.054,-2.482,3,D,555,T
7.17,0.03401,1,D,555,V
-9.452,-4.648,4,D,555,W
-8.845,-4.606,10,D,555,Y
7.023,0.034,3,G,556,-
-0.1983,-0.0074,3,G,556,A
-7.423,-4.338,20,G,556,C
-5.06,-2.488,6,G,556,D
-8.022,-4.494,6,G,556,F
0,0,,G,556,G
-3.689,-1.029,3,G,556,H
-8.555,-4.576,2,G,556,I
-14.16,-4.698,6,G,556,K
-7.697,-4.419,7,G,556,L
-11.63,-4.693,3,G,556,M
8.097,0.03402,1,G,556,N
-5.276,-2.741,4,G,556,P
2.941,0.03222,4,G,556,Q
-9.233,-4.636,2,G,556,R
-6.595,-3.947,6,G,556,S
-8.267,-4.537,1,G,556,T
-7.155,-4.238,5,G,556,V
-10.45,-4.68,9,G,556,W
-8.687,-4.591,2,G,556,Y
-0.1229,-0.004413,2,S,557,-
-8.641,-4.586,4,S,557,A
-8.565,-4.577,1,S,557,C
-9.48,-4.649,3,S,557,D
-8.209,-4.527,2,S,557,E
-7.695,-4.419,7,S,557,F
-6.195,-3.659,4,S,557,G
-1.253,-0.083,1,S,557,H
-5.424,-2.908,5,S,557,I
-8.984,-4.618,2,S,557,K
-9.304,-4.64,4,S,557,L
-9.979,-4.669,7,S,557,M
-14.15,-4.698,12,S,557,N
-8.748,-4.597,4,S,557,P
-3.406,-0.8144,1,S,557,Q
3.708,0.03319,6,S,557,R
0,0,,S,557,S
-5.103,-2.539,5,S,557,T
-8.967,-4.617,2,S,557,V
7.578,0.03401,2,S,557,W
-5.583,-3.081,5,S,557,Y
-1.355,-0.09524,2,I,558,-
-8.304,-4.542,2,I,558,A
-9.337,-4.642,5,I,558,C
-4.617,-1.967,7,I,558,D
-3.841,-1.16,2,I,558,E
-1.484,-0.1124,6,I,558,F
-9.235,-4.636,4,I,558,G
-4.031,-1.337,3,I,558,H
0,0,,I,558,I
-5.484,-2.973,2,I,558,K
5.827,0.03393,4,I,558,L
-2.951,-0.542,4,I,558,M
10.8,0.03403,2,I,558,N
-4.535,-1.873,4,I,558,P
-7.42,-4.337,3,I,558,Q
-4.787,-2.165,2,I,558,R
-7.73,-4.428,4,I,558,S
-5.039,-2.464,5,I,558,T
-3.8,-1.123,5,I,558,V
-3.613,-0.9675,8,I,558,Y
-0.2337,-0.00888,3,I,559,-
-6.543,-3.914,2,I,559,A
-6.156,-3.627,4,I,559,C
-5.025,-2.447,2,I,559,D
-8.586,-4.58,1,I,559,E
3.98,0.03339,1,I,559,F
-10.79,-4.685,4,I,559,G
-4.484,-1.816,2,I,559,H
0,0,,I,559,I
-11.68,-4.693,6,I,559,K
-10.24,-4.675,2,I,559,N
-8.996,-4.619,5,I,559,P
-4.735,-2.105,8,I,559,Q
1.165,0.02337,2,I,559,R
-8.313,-4.544,4,I,559,S
-6.756,-4.044,4,I,559,T
-8.627,-4.584,4,I,559,V
-9.589,-4.654,2,I,559,W
-4.735,-2.105,4,I,559,Y
-9.984,-4.669,2,N,56,K
0,0,,N,56,N
-1.209,-0.07806,4,A,560,-
0,0,,A,560,A
-6.028,-3.517,5,A,560,C
-2.829,-0.4829,9,A,560,D
0.2862,0.008424,2,A,560,E
17.02,0.03403,7,A,560,F
0.7395,0.01773,1,A,560,H
-5.397,-2.878,5,A,560,I
10.26,0.03403,8,A,560,K
1.486,0.02629,5,A,560,L
2.526,0.03129,5,A,560,M
5.13,0.03383,7,A,560,N
-0.8468,-0.04458,6,A,560,P
1.169,0.02341,2,A,560,Q
3.516,0.03301,1,A,560,R
-2.003,-0.2071,10,A,560,S
-0.1489,-0.005417,11,A,560,T
-3.166,-0.6599,6,A,560,V
-3.601,-0.9586,2,A,560,W
-2.362,-0.3039,4,A,560,Y
-1.854,-0.1751,4,V,561,-
-1.501,-0.1149,3,V,561,A
-2.926,-0.5291,2,V,561,D
-8.694,-4.592,2,V,561,E
4.658,0.03371,1,V,561,F
-6.61,-3.956,6,V,561,G
-2.557,-0.3703,8,V,561,H
3.706,0.03319,6,V,561,I
-1.219,-0.07923,4,V,561,K
-0.7674,-0.03867,10,V,561,L
5.477,0.03389,13,V,561,M
-4.284,-1.595,5,V,561,N
4.173,0.0335,3,V,561,P
-0.962,-0.054,3,V,561,Q
-0.2849,-0.01111,3,V,561,R
-2.839,-0.4877,1,V,561,S
-2.97,-0.5512,2,V,561,T
0,0,,V,561,V
-1.291,-0.08745,3,V,561,W
-0.3625,-0.01471,2,V,561,Y
-9.061,-4.624,5,Q,562,*
-2.788,-0.4644,4,Q,562,-
-0.7415,-0.03684,5,Q,562,A
-4.054,-1.36,5,Q,562,C
-4.922,-2.326,4,Q,562,D
-1.763,-0.1578,7,Q,562,E
-3.208,-0.685,7,Q,562,F
-1.1,-0.06676,2,Q,562,G
5.053,0.03381,12,Q,562,H
2.708,0.03175,2,Q,562,I
2.405,0.03094,4,Q,562,K
-0.04827,-0.00167,4,Q,562,L
-8.504,-4.57,2,Q,562,M
-0.1098,-0.003917,1,Q,562,N
-0.8816,-0.04732,4,Q,562,P
0,0,,Q,562,Q
-1.987,-0.2034,2,Q,562,R
-2.693,-0.4235,2,Q,562,S
-3.909,-1.221,5,Q,562,T
3.077,0.03245,1,Q,562,V
-3.688,-1.029,3,Q,562,Y
-2.122,-0.2359,4,P,563,-
2.556,0.03137,9,P,563,A
-4.582,-1.928,3,P,563,C
-4.333,-1.649,4,P,563,D
-6.141,-3.614,2,P,563,E
2.751,0.03184,1,P,563,F
1.369,0.02533,6,P,563,H
-3.698,-1.037,3,P,563,I
-4.702,-2.066,3,P,563,K
10.49,0.03403,9,P,563,L
-1.71,-0.1481,2,P,563,M
-7.329,-4.306,2,P,563,N
0,0,,P,563,P
-3.014,-0.5746,3,P,563,Q
1.411,0.02569,5,P,563,R
2.385,0.03088,4,P,563,S
-6.854,-4.097,6,P,563,T
3.161,0.03258,2,P,563,V
-7.038,-4.187,3,P,563,W
-2.187,-0.2527,4,P,563,Y
-7.477,-4.356,6,R,564,*
-0.6873,-0.03315,2,R,564,-
-3.787,-1.112,3,R,564,A
-0.5889,-0.02694,2,R,564,C
1.812,0.02844,3,R,564,D
-3.321,-0.7566,2,R,564,E
-3.227,-0.6969,4,R,564,F
2.747,0.03184,2,R,564,G
-2.447,-0.3315,6,R,564,H
0.8461,0.01937,5,R,564,I
-2.235,-0.2661,4,R,564,K
-2.75,-0.4477,7,R,564,L
-2.484,-0.3441,3,R,564,M
0.1812,0.005605,4,R,564,N
2.819,0.03199,5,R,564,P
2.71,0.03175,16,R,564,Q
0,0,,R,564,R
6.473,0.03398,3,R,564,S
-0.7858,-0.04001,3,R,564,T
1.379,0.02542,4,R,564,V
-5.498,-2.99,4,R,564,W
2.122,0.02993,2,R,564,Y
-1.455,-0.1084,2,N,565,-
2.82,0.03199,2,N,565,A
-4.415,-1.739,3,N,565,C
5.571,0.0339,3,N,565,D
0.3561,0.01014,2,N,565,E
2.33,0.0307,7,N,565,F
-1.888,-0.1822,5,N,565,G
-3.911,-1.224,2,N,565,H
1.445,0.02597,2,N,565,I
-2.703,-0.4275,8,N,565,K
-3.386,-0.8004,3,N,565,L
0.3032,0.008854,1,N,565,M
0,0,,N,565,N
-3.112,-0.6285,5,N,565,P
-1.363,-0.09629,4,N,565,Q
-4.297,-1.61,2,N,565,R
4.513,0.03366,5,N,565,S
-2.092,-0.2283,2,N,565,T
-0.2043,-0.007644,4,N,565,V
2.949,0.03224,3,N,565,W
-6.043,-3.53,2,N,565,Y
-0.1007,-0.003575,2,V,566,-
4.038,0.03343,1,V,566,A
-2.825,-0.4808,3,V,566,C
-0.7207,-0.0354,4,V,566,D
4.044,0.03343,5,V,566,E
7.979,0.03402,11,V,566,F
-2.599,-0.3862,3,V,566,G
2.939,0.03222,1,V,566,H
1.794,0.02834,14,V,566,I
0.7215,0.01743,4,V,566,K
-2.668,-0.4133,4,V,566,L
5.1,0.03382,8,V,566,M
0.8357,0.01922,5,V,566,N
2.439,0.03104,4,V,566,P
4.115,0.03347,2,V,566,Q
3.37,0.03285,5,V,566,R
0.2017,0.006181,2,V,566,S
1.078,0.0224,2,V,566,T
0,0,,V,566,V
3.499,0.033,2,V,566,W
-2.394,-0.3138,2,S,567,-
6.265,0.03397,3,S,567,A
1.377,0.02539,5,S,567,C
8.46,0.03402,5,S,567,D
3.901,0.03334,3,S,567,E
-0.02403,-0.0008215,1,S,567,F
-4.089,-1.394,2,S,567,G
-3.189,-0.6734,4,S,567,H
-2.928,-0.5305,3,S,567,I
-2.375,-0.3077,2,S,567,K
-8.768,-4.599,2,S,567,L
1.352,0.02518,4,S,567,M
-0.9616,-0.05397,6,S,567,N
3.237,0.03269,2,S,567,P
0.8642,0.01963,2,S,567,Q
-2.318,-0.2903,6,S,567,R
0,0,,S,567,S
1.151,0.02321,4,S,567,T
-2.966,-0.5493,6,S,567,V
-3.176,-0.6655,4,S,567,W
2.467,0.03112,5,S,567,Y
-5.11,-2.548,2,Y,568,*
-1.369,-0.09705,2,Y,568,-
-3.512,-0.8901,4,Y,568,A
-1.158,-0.07268,2,Y,568,C
-4.979,-2.393,4,Y,568,D
-2.705,-0.4284,2,Y,568,E
-5.939,-3.436,2,Y,568,F
3.378,0.03286,6,Y,568,G
1.593,0.02707,3,Y,568,H
-7.071,-4.202,1,Y,568,I
6.659,0.03399,1,Y,568,K
-0.4674,-0.02004,1,Y,568,L
1.343,0.0251,2,Y,568,M
-3.978,-1.286,4,Y,568,N
9.871,0.03403,2,Y,568,P
0.5657,0.01464,3,Y,568,Q
-0.4747,-0.02044,1,Y,568,R
-6.998,-4.168,2,Y,568,S
4.873,0.03377,1,Y,568,T
1.893,0.02887,5,Y,568,V
-1.572,-0.1255,4,Y,568,W
0,0,,Y,568,Y
-0.5435,-0.02427,2,D,569,-
3.047,0.0324,1,D,569,A
-1.74,-0.1536,2,D,569,C
0,0,,D,569,D
0.1306,0.00414,5,D,569,E
1.213,0.02386,1,D,569,F
-2.793,-0.4667,4,D,569,G
-1.977,-0.2013,4,D,569,H
4.687,0.03372,5,D,569,I
4.146,0.03349,1,D,569,K
-17.79,-4.699,2,D,569,L
4.775,0.03374,2,D,569,M
0.6088,0.01546,16,D,569,N
3.278,0.03274,3,D,569,P
-0.546,-0.02441,4,D,569,Q
-0.5287,-0.02342,3,D,569,R
-1.604,-0.1305,6,D,569,S
1.401,0.0256,2,D,569,T
-0.5394,-0.02403,6,D,569,V
-2.309,-0.2875,2,D,569,W
6.838,0.034,14,D,569,Y
-2.521,-0.3571,7,W,57,*
-13.95,-4.698,3,W,57,C
2.271,0.0305,7,W,57,L
-8.675,-4.59,1,W,57,R
0,0,,W,57,W
-1.624,-0.1337,2,S,570,-
3.643,0.03313,2,S,570,A
-3.961,-1.27,2,S,570,C
3.167,0.03259,1,S,570,D
-3.496,-0.8784,2,S,570,E
-0.8464,-0.04455,2,S,570,F
-7.175,-4.246,7,S,570,G
-2.832,-0.4844,1,S,570,H
-3.148,-0.6494,12,S,570,I
-3.706,-1.043,3,S,570,K
2.505,0.03123,2,S,570,L
-8.889,-4.61,2,S,570,M
4.921,0.03378,9,S,570,N
5.395,0.03388,1,S,570,P
7.149,0.034,5,S,570,Q
-1.4,-0.101,9,S,570,R
0,0,,S,570,S
2.948,0.03224,5,S,570,T
-3.521,-0.8969,4,S,570,V
-2.613,-0.3915,2,S,570,W
-3.195,-0.6769,2,S,570,Y
-1.253,-0.083,2,V,571,-
1.017,0.02167,3,V,571,A
-0.1799,-0.00665,6,V,571,C
6.651,0.03399,7,V,571,E
4.498,0.03365,2,V,571,F
-4.571,-1.914,1,V,571,G
5.782,0.03393,7,V,571,H
-1.379,-0.09834,2,V,571,I
2.818,0.03199,3,V,571,K
2.299,0.03059,13,V,571,L
4.351,0.03359,11,V,571,M
5.306,0.03386,6,V,571,N
-0.2002,-0.007478,1,V,571,P
3.872,0.03332,2,V,571,Q
5.068,0.03382,3,V,571,R
-7.931,-4.475,4,V,571,S
3.127,0.03253,2,V,571,T
0,0,,V,571,V
-3.219,-0.6914,2,V,571,W
3.839,0.03329,1,V,571,Y
-8.963,-4.616,5,S,572,*
-0.5453,-0.02437,2,S,572,-
3.955,0.03338,1,S,572,A
2.851,0.03205,2,S,572,C
1.448,0.02599,3,S,572,D
1.71,0.02784,3,S,572,E
9.779,0.03403,4,S,572,F
3.471,0.03297,1,S,572,G
3.434,0.03293,2,S,572,H
-1.801,-0.1648,3,S,572,I
7.116,0.034,2,S,572,K
-2.373,-0.3072,2,S,572,L
3.441,0.03293,4,S,572,M
-5.033,-2.456,1,S,572,N
3.28,0.03274,6,S,572,P
5.618,0.03391,5,S,572,Q
4.063,0.03344,1,S,572,R
0,0,,S,572,S
-0.7079,-0.03454,4,S,572,T
-0.1955,-0.007286,3,S,572,V
-0.682,-0.03281,3,S,572,W
-2.923,-0.5277,10,S,572,Y
-0.6557,-0.0311,2,A,573,-
0,0,,A,573,A
-2.332,-0.2946,4,A,573,C
9.917,0.03403,4,A,573,D
-1.738,-0.1532,4,A,573,E
3.472,0.03297,4,A,573,F
-0.1496,-0.005448,1,A,573,G
4.523,0.03366,4,A,573,H
-9.081,-4.625,5,A,573,I
0.1643,0.005125,4,A,573,K
0.3202,0.009276,6,A,573,L
0.3961,0.01108,3,A,573,M
-4.714,-2.08,7,A,573,N
4.598,0.03369,7,A,573,P
-1.196,-0.07663,2,A,573,Q
2.195,0.03022,4,A,573,R
7.29,0.03401,6,A,573,S
6.53,0.03398,4,A,573,T
-2.47,-0.3394,3,A,573,V
1.641,0.0274,8,A,573,W
-1.072,-0.06406,6,A,573,Y
-12.41,-4.696,1,I,574,*
-1.83,-0.1704,2,I,574,-
3.829,0.03329,3,I,574,A
-2.759,-0.4514,4,I,574,C
-4.651,-2.007,3,I,574,D
5.797,0.03393,3,I,574,E
4.105,0.03347,1,I,574,F
-2.966,-0.5495,3,I,574,G
-8.954,-4.616,3,I,574,H
0,0,,I,574,I
-4.53,-1.868,3,I,574,K
-1.316,-0.09042,1,I,574,L
-1.832,-0.1709,1,I,574,M
-4.101,-1.407,10,I,574,N
1.992,0.02936,2,I,574,P
3.717,0.0332,1,I,574,Q
-3.603,-0.96,7,I,574,R
-9.95,-4.668,1,I,574,S
3.419,0.03291,3,I,574,T
1.088,0.02251,4,I,574,V
-2.563,-0.3726,4,I,574,W
-3.875,-1.191,3,I,574,Y
1.749,0.02808,2,V,575,-
-0.3597,-0.01458,5,V,575,A
1.702,0.02779,3,V,575,C
0.8528,0.01947,1,V,575,D
2.758,0.03186,4,V,575,E
3.986,0.0334,1,V,575,F
-0.6318,-0.02958,4,V,575,G
-3.896,-1.21,1,V,575,H
2.07,0.02971,7,V,575,I
4.259,0.03355,4,V,575,L
-0.845,-0.04444,10,V,575,M
-2.097,-0.2296,5,V,575,N
-1.283,-0.08647,6,V,575,P
-1.652,-0.1382,3,V,575,Q
4.979,0.0338,5,V,575,R
4.369,0.0336,4,V,575,S
0.04962,0.001636,2,V,575,T
0,0,,V,575,V
4.261,0.03355,2,V,575,W
2.136,0.02999,7,V,575,Y
-5.593,-3.091,8,T,576,*
-1.521,-0.1179,2,T,576,-
1.351,0.02517,4,T,576,A
2.022,0.0295,3,T,576,C
1.313,0.02483,5,T,576,D
4.083,0.03345,3,T,576,E
1.23,0.02404,3,T,576,F
-2.698,-0.4254,8,T,576,G
1.756,0.02812,4,T,576,H
3.812,0.03327,5,T,576,I
-1.8,-0.1647,2,T,576,K
-1.999,-0.2062,4,T,576,M
-3.952,-1.262,8,T,576,N
-3.671,-1.015,4,T,576,P
-8.658,-4.588,1,T,576,Q
4.447,0.03363,5,T,576,R
-1.599,-0.1297,1,T,576,S
0,0,,T,576,T
-1.951,-0.1954,4,T,576,V
-3.174,-0.6641,2,T,576,W
-1.623,-0.1335,3,T,576,Y
0.2258,0.00684,2,A,577,-
0,0,,A,577,A
-1.376,-0.09789,4,A,577,C
0.3168,0.009193,9,A,577,D
1.203,0.02376,5,A,577,E
-2.166,-0.2471,5,A,577,F
-2.942,-0.5373,2,A,577,G
-4.716,-2.083,7,A,577,H
-2.723,-0.4362,6,A,577,I
1.025,0.02176,9,A,577,K
-1.992,-0.2046,2,A,577,L
3.445,0.03294,2,A,577,N
3.993,0.0334,2,A,577,P
3.495,0.03299,4,A,577,Q
-2.769,-0.4561,3,A,577,R
7.11,0.034,10,A,577,S
-1.511,-0.1163,20,A,577,T
4.718,0.03373,7,A,577,V
1.776,0.02824,5,A,577,W
5.739,0.03392,7,A,577,Y
-6.534,-3.908,5,N,578,*
0.07033,0.002296,2,N,578,-
2.683,0.03169,4,N,578,A
-3.918,-1.23,2,N,578,C
2.836,0.03202,3,N,578,D
1.477,0.02621,5,N,578,E
-2.863,-0.4987,4,N,578,F
-2.225,-0.2633,6,N,578,G
4.043,0.03343,2,N,578,H
-1.126,-0.0694,4,N,578,I
0.4221,0.01166,7,N,578,K
-3.264,-0.7198,1,N,578,L
3.596,0.03309,1,N,578,M
0,0,,N,578,N
3.118,0.03252,1,N,578,P
2.499,0.03122,5,N,578,Q
-8.108,-4.51,2,N,578,R
2.596,0.03148,3,N,578,S
1.634,0.02735,5,N,578,T
4.049,0.03343,3,N,578,V
-0.4828,-0.02088,2,N,578,W
3.948,0.03337,3,N,578,Y
0.4306,0.01185,2,L,579,-
4.076,0.03345,5,L,579,A
-3.83,-1.15,7,L,579,C
-16.46,-4.699,3,L,579,D
-4.742,-2.113,1,L,579,E
-2.704,-0.4281,7,L,579,F
-4.12,-1.426,3,L,579,H
-2.186,-0.2525,4,L,579,I
-8.599,-4.581,3,L,579,K
0,0,,L,579,L
3.125,0.03253,9,L,579,M
-7.209,-4.26,11,L,579,N
-7.721,-4.426,6,L,579,P
-5.264,-2.727,4,L,579,Q
-15.81,-4.699,5,L,579,R
-8.198,-4.525,1,L,579,S
-3.365,-0.7858,3,L,579,T
-3.464,-0.8549,5,L,579,V
-7.6,-4.393,1,L,579,W
-3.794,-1.119,3,L,579,Y
0,0,,F,58,F
-4.893,-2.292,1,F,58,I
-4.803,-2.185,7,F,58,L
1.462,0.0261,1,F,58,S
-11.52,-4.692,3,S,580,*
-0.3248,-0.01293,1,S,580,-
-3.252,-0.7124,3,S,580,A
-3.871,-1.187,6,S,580,C
-5.391,-2.871,4,S,580,D
-1.69,-0.1447,5,S,580,E
-0.02102,-0.0007175,1,S,580,F
-2.301,-0.2853,5,S,580,G
4.232,0.03353,4,S,580,H
-0.2219,-0.008378,7,S,580,I
4.581,0.03368,4,S,580,K
-0.5269,-0.02332,3,S,580,L
4.544,0.03367,5,S,580,M
2.319,0.03066,7,S,580,N
-3.359,-0.7817,3,S,580,P
1.734,0.02798,3,S,580,Q
-1.878,-0.1799,7,S,580,R
0,0,,S,580,S
-2.978,-0.5557,8,S,580,W
0.002838,9.574e-05,2,I,581,-
-11.74,-4.693,2,I,581,A
-9.975,-4.668,7,I,581,C
-5.936,-3.433,1,I,581,D
-9.547,-4.652,3,I,581,E
-2.52,-0.3569,4,I,581,F
-5.922,-3.421,4,I,581,G
-9.168,-4.631,3,I,581,H
0,0,,I,581,I
6.13,0.03396,2,I,581,K
-0.2541,-0.009754,3,I,581,L
-8.577,-4.579,2,I,581,M
-9.089,-4.626,4,I,581,N
-8.327,-4.546,3,I,581,P
-8.181,-4.523,4,I,581,Q
-4.429,-1.755,5,I,581,R
-6.688,-4.004,7,I,581,T
4.751,0.03374,4,I,581,V
-9.872,-4.665,5,I,581,W
-10.6,-4.683,3,I,581,Y
-6.726,-4.026,2,P,582,*
-0.5631,-0.02541,1,P,582,-
1.262,0.02435,6,P,582,A
6,0.03395,1,P,582,C
-4.168,-1.475,1,P,582,D
-10.32,-4.677,3,P,582,E
-6.42,-3.83,7,P,582,F
-4.864,-2.257,7,P,582,G
-8.547,-4.575,3,P,582,H
-4.163,-1.469,6,P,582,I
-18.49,-4.699,5,P,582,K
-6.829,-4.084,8,P,582,L
-4.058,-1.364,5,P,582,M
-7.158,-4.239,5,P,582,N
0,0,,P,582,P
-5.202,-2.655,18,P,582,Q
-9.858,-4.665,2,P,582,R
-10.36,-4.678,13,P,582,S
-7.676,-4.414,15,P,582,T
-0.4915,-0.02135,2,P,582,V
-5.569,-3.066,5,P,582,W
-8.327,-4.546,3,P,582,Y
-2.114,-0.2337,2,S,583,-
0.9882,0.02131,3,S,583,A
1.763,0.02816,7,S,583,C
1.651,0.02746,3,S,583,D
0.03382,0.001124,4,S,583,E
2.909,0.03216,5,S,583,F
4.008,0.03341,6,S,583,G
1.032,0.02185,9,S,583,I
-6.638,-3.974,3,S,583,K
-1.274,-0.08541,4,S,583,L
-2.524,-0.3584,1,S,583,M
-1.349,-0.09446,13,S,583,N
-3.729,-1.062,3,S,583,Q
-3.152,-0.6512,5,S,583,R
0,0,,S,583,S
4.21,0.03352,2,S,583,T
-3.333,-0.7647,5,S,583,W
0.8081,0.0188,4,S,583,Y
-7.469,-4.353,5,N,584,*
-1.908,-0.1862,2,N,584,-
2.753,0.03185,3,N,584,A
-4.155,-1.461,1,N,584,C
6.021,0.03395,7,N,584,D
-0.6934,-0.03356,2,N,584,F
0.2732,0.008092,2,N,584,G
-1.421,-0.1038,3,N,584,H
-0.8838,-0.04749,5,N,584,I
-0.2366,-0.009002,5,N,584,K
2.025,0.02951,2,N,584,L
4.103,0.03347,8,N,584,M
0,0,,N,584,N
-4.603,-1.951,2,N,584,P
-4.525,-1.863,3,N,584,Q
-0.3098,-0.01224,4,N,584,R
-0.09266,-0.003278,2,N,584,S
3.74,0.03322,5,N,584,T
-0.7503,-0.03746,4,N,584,V
-3.307,-0.7476,3,N,584,W
-1.626,-0.134,3,N,584,Y
-8.573,-4.578,16,W,585,*
-0.8115,-0.0419,2,W,585,-
-7.854,-4.458,5,W,585,A
-9.872,-4.665,19,W,585,C
-6.854,-4.097,7,W,585,D
-4.94,-2.347,4,W,585,E
-2.48,-0.3429,4,W,585,F
-6.147,-3.62,5,W,585,G
-6.559,-3.924,5,W,585,H
-9.513,-4.651,3,W,585,I
-1.134,-0.07018,1,W,585,K
-5.378,-2.857,16,W,585,L
-12.34,-4.696,4,W,585,M
-5.373,-2.851,3,W,585,N
-3.899,-1.212,2,W,585,P
-7.32,-4.302,5,W,585,Q
-4.862,-2.254,2,W,585,R
-12.61,-4.697,2,W,585,S
-10.66,-4.683,5,W,585,T
-4.397,-1.719,5,W,585,V
0,0,,W,585,W
-3.872,-1.188,2,W,585,Y
-4.343,-1.659,3,T,586,*
-2.711,-0.431,2,T,586,-
-9.481,-4.649,4,T,586,A
-5.853,-3.355,4,T,586,C
-0.8942,-0.04833,3,T,586,D
-1.667,-0.1408,4,T,586,E
-9.271,-4.638,5,T,586,F
-4.971,-2.384,6,T,586,G
-8.31,-4.543,6,T,586,H
-1.526,-0.1186,2,T,586,I
-3.541,-0.9119,6,T,586,K
-3.646,-0.9943,8,T,586,L
-3.576,-0.9389,4,T,586,M
-3.976,-1.284,5,T,586,N
-4.142,-1.448,4,T,586,P
-5.437,-2.922,3,T,586,Q
-10.17,-4.674,1,T,586,R
-1.677,-0.1425,9,T,586,S
0,0,,T,586,T
2.372,0.03084,5,T,586,V
-6.543,-3.914,4,T,586,W
-6.557,-3.923,3,T,586,Y
-2.055,-0.2191,2,T,587,-
-0.3131,-0.01239,5,T,587,A
7.32,0.03401,1,T,587,C
-13.54,-4.698,4,T,587,D
-9.665,-4.658,2,T,587,E
4.556,0.03367,3,T,587,F
-6.797,-4.066,1,T,587,G
-2.804,-0.4717,5,T,587,H
0.211,0.006435,2,T,587,I
-8.602,-4.582,1,T,587,K
-9.366,-4.643,2,T,587,M
-3.966,-1.274,2,T,587,N
0.104,0.00334,7,T,587,P
-4.26,-1.571,1,T,587,Q
-9.24,-4.636,3,T,587,R
-11.08,-4.689,3,T,587,S
0,0,,T,587,T
-4.397,-1.719,2,T,587,V
-0.08585,-0.003027,5,T,587,W
9.655,0.03403,3,T,587,Y
-8.479,-4.567,4,S,588,*
-0.7657,-0.03855,3,S,588,-
-4.152,-1.458,3,S,588,A
3.156,0.03257,3,S,588,E
-4.489,-1.821,4,S,588,F
-5.226,-2.682,2,S,588,G
0.2962,0.008677,3,S,588,H
-4.179,-1.486,2,S,588,I
-4.933,-2.338,2,S,588,K
-3.968,-1.277,5,S,588,L
-2.722,-0.4355,4,S,588,M
-4.228,-1.537,1,S,588,N
-5.814,-3.317,4,S,588,P
3.02,0.03236,3,S,588,Q
-8.099,-4.508,2,S,588,R
0,0,,S,588,S
0.6934,0.01696,2,S,588,T
-1.167,-0.07363,1,S,588,V
-8.59,-4.58,1,S,588,W
-12.14,-4.695,8,S,588,Y
-2.13,-0.2378,3,V,589,-
-7.751,-4.433,4,V,589,A
-3.665,-1.01,2,V,589,C
-10.3,-4.677,6,V,589,D
-11.09,-4.689,5,V,589,E
-11.65,-4.693,15,V,589,F
-11.6,-4.693,3,V,589,G
-1.936,-0.1922,1,V,589,H
8.347,0.03402,14,V,589,I
-13.05,-4.697,1,V,589,K
-3.792,-1.117,4,V,589,L
-8.219,-4.529,3,V,589,M
-8.65,-4.587,1,V,589,N
-8.957,-4.616,6,V,589,P
-4.802,-2.184,1,V,589,Q
-10.35,-4.678,3,V,589,R
-15.52,-4.699,6,V,589,S
-8.565,-4.577,1,V,589,T
0,0,,V,589,V
-7.33,-4.306,3,V,589,W
-7.671,-4.412,2,V,589,Y
-0.9667,-0.05441,1,L,59,-
0,0,,L,59,L
-2.366,-0.3051,7,L,59,M
0.9432,0.02072,1,L,59,V
-9.23,-4.635,9,Q,590,*
-0.978,-0.05539,7,Q,590,-
-3.524,-0.899,3,Q,590,A
-5.982,-3.476,4,Q,590,C
-2.705,-0.4285,3,Q,590,D
0.7738,0.01827,2,Q,590,E
-2.956,-0.5442,1,Q,590,F
-4.479,-1.81,3,Q,590,G
-0.6038,-0.02785,13,Q,590,H
-8.564,-4.577,1,Q,590,I
-3.535,-0.9077,9,Q,590,K
1.893,0.02887,2,Q,590,M
2.355,0.03078,7,Q,590,N
-9.602,-4.655,5,Q,590,P
0,0,,Q,590,Q
-5.515,-3.008,5,Q,590,R
-8.678,-4.59,1,Q,590,S
-3.687,-1.027,2,Q,590,T
4.029,0.03342,2,Q,590,V
-0.1673,-0.006144,8,V,591,-
-0.5784,-0.02632,8,V,591,A
-4.644,-1.998,5,V,591,C
-9.107,-4.627,3,V,591,D
-9.133,-4.629,4,V,591,E
-5.16,-2.606,3,V,591,F
-7.08,-4.206,2,V,591,G
-10.96,-4.687,7,V,591,H
-3.688,-1.029,4,V,591,I
-8.689,-4.591,4,V,591,K
-4.407,-1.73,4,V,591,L
2.707,0.03174,2,V,591,M
-8.699,-4.592,2,V,591,N
-4.463,-1.793,1,V,591,P
-4.293,-1.606,6,V,591,Q
-5.225,-2.681,2,V,591,R
-5.092,-2.526,3,V,591,S
0.4384,0.01202,1,V,591,T
0,0,,V,591,V
-6.852,-4.096,3,V,591,W
-6.578,-3.937,8,V,591,Y
-5.152,-2.596,9,E,592,*
-1.78,-0.1609,6,E,592,-
-10.91,-4.687,7,E,592,A
-13.37,-4.698,5,E,592,C
0.3094,0.009007,2,E,592,D
0,0,,E,592,E
-7.162,-4.241,1,E,592,F
-3.742,-1.074,6,E,592,G
0.6294,0.01584,4,E,592,H
-6.288,-3.733,5,E,592,I
-11.36,-4.691,52,E,592,K
-11.34,-4.691,5,E,592,L
-2.281,-0.2792,4,E,592,M
-9.405,-4.645,1,E,592,N
-9.644,-4.657,6,E,592,P
8.878,0.03403,3,E,592,Q
-7.532,-4.373,3,E,592,R
-10.18,-4.674,3,E,592,S
-16.25,-4.699,6,E,592,T
-4.792,-2.172,4,E,592,V
-8.207,-4.527,6,E,592,W
-7.166,-4.242,4,E,592,Y
20.71,0.03403,1,Y,593,*
-0.5339,-0.02372,6,Y,593,-
-6.607,-3.955,9,Y,593,A
-5.345,-2.819,3,Y,593,C
-4.469,-1.799,3,Y,593,D
-8.585,-4.58,4,Y,593,E
-7.645,-4.405,1,Y,593,F
-5.073,-2.504,1,Y,593,G
-11.41,-4.691,4,Y,593,H
-0.1187,-0.004254,1,Y,593,I
-6.251,-3.703,1,Y,593,K
-13.23,-4.698,3,Y,593,L
-11.54,-4.692,1,Y,593,M
-5.054,-2.481,1,Y,593,N
4.052,0.03344,3,Y,593,P
-8.744,-4.597,2,Y,593,Q
-4.484,-1.816,3,Y,593,R
-8.655,-4.588,2,Y,593,S
-9.29,-4.639,5,Y,593,T
-5.522,-3.016,4,Y,593,V
-10.6,-4.683,1,Y,593,W
0,0,,Y,593,Y
-5.612,-3.112,6,L,594,*
-0.8983,-0.04866,6,L,594,-
-4.379,-1.699,5,L,594,A
4.268,0.03355,3,L,594,C
-6.525,-3.902,2,L,594,E
0.8714,0.01973,5,L,594,F
-6.452,-3.853,3,L,594,G
-8.453,-4.563,2,L,594,H
-8.997,-4.619,2,L,594,K
0,0,,L,594,L
-1.846,-0.1736,8,L,594,M
-8.634,-4.585,4,L,594,N
2.688,0.0317,1,L,594,P
-1.636,-0.1357,5,L,594,Q
-5.076,-2.507,1,L,594,R
-7.891,-4.466,4,L,594,S
-4.005,-1.312,5,L,594,T
-5.547,-3.042,1,L,594,V
-0.2125,-0.007987,5,L,594,W
-3.317,-0.7542,2,L,594,Y
-6.548,-3.917,5,Q,595,*
-1.911,-0.1868,6,Q,595,-
-9.528,-4.652,4,Q,595,A
-5.147,-2.591,3,Q,595,C
0.2372,0.007147,1,Q,595,D
-4.603,-1.952,3,Q,595,E
-9.34,-4.642,5,Q,595,F
-12.75,-4.697,6,Q,595,H
-6.622,-3.964,6,Q,595,I
-6.687,-4.004,7,Q,595,K
-8.469,-4.565,3,Q,595,L
-4.461,-1.79,3,Q,595,M
-3.938,-1.248,2,Q,595,N
-14.86,-4.698,5,Q,595,P
0,0,,Q,595,Q
-6.304,-3.744,2,Q,595,R
-8.7,-4.592,4,Q,595,S
-1.515,-0.117,1,Q,595,T
-6.929,-4.135,7,Q,595,V
-6.337,-3.769,2,Q,595,W
-10.87,-4.686,8,Q,595,Y
-9.061,-4.624,2,I,596,*
0.1019,0.003275,5,I,596,-
-9.406,-4.646,7,I,596,A
-8.575,-4.579,1,I,596,C
-8.56,-4.577,2,I,596,E
-8.806,-4.603,3,I,596,F
-4.54,-1.88,2,I,596,G
-6.857,-4.098,5,I,596,H
0,0,,I,596,I
-8.298,-4.541,3,I,596,K
-8.7,-4.592,1,I,596,L
-8.229,-4.531,7,I,596,M
-10.08,-4.671,3,I,596,N
-8.831,-4.605,2,I,596,P
-7.334,-4.307,2,I,596,Q
-8.586,-4.58,2,I,596,R
-8.62,-4.584,2,I,596,S
-6.378,-3.8,6,I,596,T
-5.481,-2.971,10,I,596,V
-8.446,-4.562,4,I,596,W
-7.301,-4.295,4,I,596,Y
-3.561,-0.9271,8,T,597,-
-6.469,-3.864,4,T,597,A
-4.268,-1.579,5,T,597,C
-3.54,-0.9112,2,T,597,D
6.44,0.03398,2,T,597,E
4.955,0.03379,4,T,597,F
-8.517,-4.571,2,T,597,G
3.294,0.03276,3,T,597,H
-5.334,-2.806,6,T,597,I
-5.126,-2.566,3,T,597,K
-1.133,-0.07003,2,T,597,L
8.115,0.03402,2,T,597,M
-6.003,-3.495,2,T,597,N
-9.941,-4.667,5,T,597,P
-3.832,-1.152,1,T,597,Q
-4.966,-2.377,4,T,597,R
-2.484,-0.3439,5,T,597,S
0,0,,T,597,T
-3.071,-0.6053,3,T,597,V
-4.202,-1.509,3,T,597,W
-0.04978,-0.001724,4,T,597,Y
-7.37,-4.32,1,S,598,*
1.2,0.02373,9,S,598,-
1.915,0.02899,6,S,598,A
2.565,0.0314,3,S,598,C
-4.993,-2.409,2,S,598,D
-8.654,-4.587,2,S,598,E
-4.736,-2.106,9,S,598,F
-5.746,-3.25,3,S,598,G
0.3152,0.009153,6,S,598,H
-2.87,-0.5018,4,S,598,I
-3.224,-0.6949,5,S,598,K
6.327,0.03397,5,S,598,L
-2.702,-0.4274,5,S,598,M
-1.104,-0.06715,2,S,598,N
-8.743,-4.597,4,S,598,P
7.988,0.03402,4,S,598,Q
4.507,0.03365,1,S,598,R
0,0,,S,598,S
-0.7026,-0.03418,5,S,598,T
2.065,0.02969,5,S,598,V
-8.565,-4.577,3,S,598,W
-4.036,-1.342,6,S,598,Y
3.497,0.03299,8,T,599,-
-3.495,-0.8777,7,T,599,A
-5.068,-2.498,1,T,599,C
-9.502,-4.65,6,T,599,D
-8.999,-4.619,6,T,599,E
-4.212,-1.52,4,T,599,F
-2.341,-0.2974,1,T,599,G
-4.355,-1.673,3,T,599,H
-5.105,-2.542,1,T,599,I
-3.307,-0.7472,2,T,599,K
-8.528,-4.573,3,T,599,L
-1.221,-0.07939,8,T,599,M
4.882,0.03377,6,T,599,N
-1.189,-0.07589,3,T,599,P
-1.702,-0.1468,4,T,599,R
17.11,0.03403,5,T,599,S
0,0,,T,599,T
-18.75,-4.699,3,T,599,V
-2.832,-0.484,3,T,599,W
-5.583,-3.081,3,T,599,Y
3.797,0.03326,2,V,6,A
-4.199,-1.507,1,V,6,E
-0.4777,-0.0206,2,V,6,L
-2.877,-0.5052,4,V,6,M
0,0,,V,6,V
0.8402,0.01928,1,L,60,-
-4.161,-1.467,1,L,60,E
-8.484,-4.567,4,L,60,F
-5.22,-2.676,2,L,60,I
0,0,,L,60,L
-9.555,-4.653,4,P,600,*
1.061,0.0222,7,P,600,-
2.909,0.03216,2,P,600,A
-4.335,-1.651,5,P,600,C
-8.601,-4.582,2,P,600,D
3.347,0.03283,2,P,600,F
-3.705,-1.043,1,P,600,G
7.272,0.03401,10,P,600,H
-3.186,-0.6716,3,P,600,I
-5.309,-2.778,3,P,600,L
4.26,0.03355,6,P,600,M
4.075,0.03345,1,P,600,N
0,0,,P,600,P
2.786,0.03192,1,P,600,Q
-0.9722,-0.05489,8,P,600,R
1.036,0.0219,12,P,600,S
-2.869,-0.5016,4,P,600,T
4.56,0.03367,2,P,600,W
3.778,0.03325,8,P,600,Y
1.553,0.02679,7,I,601,-
-8.601,-4.581,2,I,601,A
-6.454,-3.854,7,I,601,C
-1.432,-0.1052,1,I,601,D
-3.302,-0.7443,4,I,601,E
-4.48,-1.811,6,I,601,F
-5.048,-2.474,5,I,601,G
-15.8,-4.699,2,I,601,H
0,0,,I,601,I
-4.448,-1.776,3,I,601,K
-5.747,-3.25,3,I,601,L
-15.48,-4.699,4,I,601,M
-6.448,-3.849,6,I,601,N
-8.83,-4.605,3,I,601,Q
-8.786,-4.601,2,I,601,R
-8.557,-4.576,1,I,601,S
-8.299,-4.541,5,I,601,T
-0.01315,-0.0004471,6,I,601,V
2.42,0.03099,1,I,601,W
-4.93,-2.335,3,I,601,Y
-8.354,-4.55,6,V,602,*
0.246,0.00738,8,V,602,-
-4.138,-1.444,4,V,602,A
-5.596,-3.095,6,V,602,C
-6.714,-4.019,7,V,602,D
-13.85,-4.698,8,V,602,E
0.6946,0.01698,6,V,602,F
-5.308,-2.777,4,V,602,G
2.76,0.03186,1,V,602,H
2.986,0.0323,1,V,602,I
-3.869,-1.185,1,V,602,K
0.4065,0.01131,8,V,602,L
0.2958,0.008666,9,V,602,M
-8.998,-4.619,4,V,602,N
-7.56,-4.381,5,V,602,P
-4.27,-1.581,4,V,602,Q
-5.451,-2.938,3,V,602,R
-3.265,-0.7201,6,V,602,T
0,0,,V,602,V
-5.073,-2.503,4,V,602,W
2.99,0.03231,1,V,602,Y
0.6682,0.01653,8,V,603,-
-7.366,-4.319,8,V,603,A
-8.34,-4.548,3,V,603,C
-8.61,-4.583,1,V,603,D
-10.3,-4.677,4,V,603,E
-5.987,-3.481,2,V,603,F
-10.09,-4.672,2,V,603,H
0.02766,0.0009221,1,V,603,I
-11.07,-4.689,9,V,603,K
-4.556,-1.897,8,V,603,L
-5.285,-2.751,5,V,603,M
-5.631,-3.131,1,V,603,N
-11.03,-4.688,9,V,603,P
-6.445,-3.847,3,V,603,Q
-4.584,-1.93,1,V,603,R
-7.338,-4.309,4,V,603,S
-8.848,-4.607,2,V,603,T
0,0,,V,603,V
-8.62,-4.584,1,V,603,W
-1.591,-0.1285,2,V,603,Y
-12.65,-4.697,3,D,604,*
-4.833,-2.221,9,D,604,-
3.25,0.0327,1,D,604,A
-6.915,-4.128,4,D,604,C
0,0,,D,604,D
-4.505,-1.84,5,D,604,E
-4.678,-2.038,3,D,604,F
-9.558,-4.653,5,D,604,G
3.643,0.03313,9,D,604,H
-5.309,-2.778,7,D,604,I
-5.22,-2.676,5,D,604,K
-9.753,-4.661,1,D,604,L
-8.592,-4.58,1,D,604,M
-5.314,-2.783,30,D,604,N
-9.78,-4.662,1,D,604,P
-3.397,-0.8077,7,D,604,Q
-8.922,-4.613,3,D,604,R
-3.446,-0.8424,2,D,604,S
-4.216,-1.524,2,D,604,T
-6.677,-3.998,6,D,604,V
-13.13,-4.697,4,D,604,W
-4.719,-2.086,11,D,604,Y
-1.898,-0.1842,3,C,605,*
0.7925,0.01856,7,C,605,-
-8.14,-4.515,6,C,605,A
0,0,,C,605,C
-8.656,-4.588,2,C,605,D
-6.159,-3.629,5,C,605,E
-12.95,-4.697,6,C,605,F
-9.321,-4.641,3,C,605,G
-4.757,-2.131,2,C,605,I
-8.703,-4.593,1,C,605,K
-8.607,-4.582,3,C,605,L
-5.621,-3.121,4,C,605,M
-8.572,-4.578,2,C,605,P
-3.4,-0.8101,2,C,605,Q
-9.751,-4.661,3,C,605,R
-13.04,-4.697,5,C,605,S
-13.04,-4.697,5,C,605,T
0.9462,0.02076,7,C,605,V
9.593,0.03403,6,C,605,W
-12.49,-4.696,13,C,605,Y
-8.342,-4.548,7,S,606,*
-8.246,-4.533,9,S,606,-
7.443,0.03401,4,S,606,A
-3.205,-0.6828,2,S,606,C
3.663,0.03315,1,S,606,D
-5.826,-3.329,3,S,606,E
-12.32,-4.696,3,S,606,F
-2.324,-0.292,6,S,606,G
-3.258,-0.7157,2,S,606,H
3.014,0.03235,7,S,606,I
-4.188,-1.495,12,S,606,L
2.907,0.03216,1,S,606,M
-6.455,-3.854,5,S,606,N
-0.6031,-0.0278,6,S,606,P
2.415,0.03097,2,S,606,Q
1.846,0.02863,3,S,606,R
0,0,,S,606,S
1.796,0.02835,7,S,606,T
-3.862,-1.179,3,S,606,V
2.976,0.03228,1,S,606,W
8.272,0.03402,2,S,606,Y
0.3942,0.01103,7,T,607,-
-3,-0.5672,8,T,607,A
-5.478,-2.968,2,T,607,C
-18.11,-4.699,3,T,607,D
-8.824,-4.604,4,T,607,E
-0.7468,-0.03722,3,T,607,F
-4.967,-2.379,1,T,607,H
-2.736,-0.4416,6,T,607,I
-4.852,-2.243,6,T,607,K
-2.901,-0.5168,3,T,607,L
-3.274,-0.726,7,T,607,M
-6.466,-3.862,6,T,607,N
-8.739,-4.596,5,T,607,P
-2.104,-0.2312,4,T,607,Q
0.748,0.01786,2,T,607,R
-0.1542,-0.005626,3,T,607,S
0,0,,T,607,T
-1.886,-0.1816,4,T,607,W
3.549,0.03305,3,T,607,Y
-9.251,-4.637,6,Y,608,*
-2.115,-0.234,7,Y,608,-
-4.544,-1.884,3,Y,608,A
-6.489,-3.877,6,Y,608,C
-8.558,-4.576,1,Y,608,D
-9.009,-4.62,2,Y,608,E
-0.9405,-0.05216,5,Y,608,F
-14.05,-4.698,8,Y,608,G
-11.21,-4.69,4,Y,608,H
-4.63,-1.983,2,Y,608,I
-8.603,-4.582,2,Y,608,K
-7.349,-4.313,3,Y,608,L
-12.08,-4.695,10,Y,608,M
-5.762,-3.266,1,Y,608,N
-13.36,-4.698,6,Y,608,P
-10.06,-4.671,1,Y,608,Q
-4.722,-2.09,3,Y,608,R
-7.412,-4.334,4,Y,608,S
-4.667,-2.026,2,Y,608,T
-4.105,-1.41,1,Y,608,V
-12.14,-4.695,3,Y,608,W
0,0,,Y,608,Y
0.8458,0.01936,7,V,609,-
-6.622,-3.964,3,V,609,A
5.742,0.03392,4,V,609,C
-3.949,-1.259,3,V,609,D
-9.806,-4.663,7,V,609,E
-9.257,-4.637,5,V,609,F
-9.152,-4.63,2,V,609,G
-3.853,-1.17,3,V,609,H
4.902,0.03378,3,V,609,I
-6.748,-4.039,2,V,609,K
-3.977,-1.286,8,V,609,L
-6.485,-3.875,7,V,609,M
-7.519,-4.369,7,V,609,N
-5.646,-3.148,5,V,609,P
-8.668,-4.589,1,V,609,Q
-15.44,-4.699,5,V,609,R
-1.847,-0.1738,1,V,609,S
-4.381,-1.701,2,V,609,T
0,0,,V,609,V
-10.58,-4.682,4,V,609,W
-6.978,-4.159,6,V,609,Y
-2.117,-0.2345,1,T,61,-
-6.276,-3.723,1,T,61,K
3.091,0.03247,2,T,61,M
0,0,,T,61,T
-17.98,-4.699,2,C,610,*
-0.1187,-0.004254,7,C,610,-
-8.189,-4.524,4,C,610,A
0,0,,C,610,C
-5.707,-3.21,7,C,610,D
-5.453,-2.94,3,C,610,E
-10.39,-4.679,9,C,610,F
-7.053,-4.194,5,C,610,G
-13.21,-4.697,6,C,610,H
-5.955,-3.451,1,C,610,I
-3.662,-1.007,2,C,610,K
-4.876,-2.271,4,C,610,L
-11.6,-4.693,2,C,610,M
-10.07,-4.671,2,C,610,N
-6.928,-4.135,2,C,610,P
-7.317,-4.301,5,C,610,Q
-3.165,-0.6592,7,C,610,R
-3.904,-1.217,2,C,610,S
-4.526,-1.863,1,C,610,T
-5.768,-3.271,5,C,610,V
-8.732,-4.596,2,C,610,W
-6.689,-4.005,8,C,610,Y
-1.597,-0.1293,8,N,611,-
3.201,0.03264,3,N,611,A
-8.559,-4.577,1,N,611,C
-4.076,-1.381,3,N,611,D
2.584,0.03145,1,N,611,E
0.06632,0.002169,4,N,611,F
0.9729,0.02111,3,N,611,G
-0.7974,-0.04085,7,N,611,H
-9.321,-4.641,5,N,611,I
-8.673,-4.589,4,N,611,K
-5.017,-2.438,2,N,611,L
-4.24,-1.549,5,N,611,M
0,0,,N,611,N
-8.088,-4.506,6,N,611,P
-13.98,-4.698,4,N,611,R
3.321,0.03279,3,N,611,S
-0.08456,-0.00298,1,N,611,T
-5.758,-3.262,6,N,611,V
-6.402,-3.817,4,N,611,W
-8.234,-4.531,8,N,611,Y
-0.9503,-0.053,8,G,612,-
-3.287,-0.7343,7,G,612,A
-5.832,-3.335,15,G,612,C
-5.999,-3.491,17,G,612,D
-3.419,-0.8232,4,G,612,E
-2.092,-0.2281,1,G,612,F
0,0,,G,612,G
-3.525,-0.9003,4,G,612,H
-5.351,-2.826,4,G,612,I
5.275,0.03386,2,G,612,K
4.422,0.03362,3,G,612,M
-3.682,-1.023,2,G,612,N
-2.066,-0.2218,2,G,612,Q
-4.707,-2.072,4,G,612,R
-2.396,-0.3145,13,G,612,S
6.808,0.03399,3,G,612,T
-14.29,-4.698,5,G,612,V
-8.885,-4.61,3,G,612,W
-1.175,-0.0744,3,G,612,Y
-3.359,-0.7819,7,N,613,-
-6.961,-4.151,8,N,613,A
5.344,0.03387,2,N,613,C
-4.264,-1.574,6,N,613,D
-7.046,-4.191,5,N,613,E
-9.121,-4.628,3,N,613,F
-4.314,-1.629,3,N,613,G
-7.804,-4.446,3,N,613,H
-4.284,-1.596,3,N,613,I
-8.805,-4.603,10,N,613,K
-7,-4.17,6,N,613,L
-4.415,-1.739,3,N,613,M
0,0,,N,613,N
-9.151,-4.63,6,N,613,P
-4.431,-1.757,4,N,613,Q
-2.615,-0.3924,1,N,613,R
-8.523,-4.572,5,N,613,S
-11.37,-4.691,5,N,613,T
-0.128,-0.00461,4,N,613,V
-9.344,-4.642,5,N,613,W
-7.654,-4.408,4,N,613,Y
-0.711,-0.03475,6,V,614,-
11.88,0.03403,4,V,614,A
-3.922,-1.233,4,V,614,C
2.116,0.0299,4,V,614,D
-6.622,-3.964,3,V,614,E
4.921,0.03378,3,V,614,F
-4.254,-1.564,3,V,614,G
-3.995,-1.303,2,V,614,H
-1.162,-0.07305,5,V,614,I
6.449,0.03398,3,V,614,L
-3.378,-0.795,3,V,614,M
3.417,0.03291,2,V,614,N
-0.09857,-0.003498,3,V,614,P
-9.66,-4.657,3,V,614,R
4.214,0.03353,3,V,614,S
0.6452,0.01612,5,V,614,T
0,0,,V,614,V
2.508,0.03124,1,V,614,W
4.965,0.03379,4,V,614,Y
2.447,0.03107,7,R,615,-
-7.277,-4.286,7,R,615,A
-9.551,-4.653,6,R,615,C
-12.54,-4.696,6,R,615,D
-9.42,-4.646,7,R,615,E
-4.965,-2.376,8,R,615,F
-5.775,-3.279,9,R,615,G
-8.666,-4.589,1,R,615,H
-12.04,-4.695,13,R,615,I
-6.74,-4.034,18,R,615,K
-14.22,-4.698,9,R,615,L
5.532,0.0339,2,R,615,M
2.676,0.03167,1,R,615,N
-3.384,-0.7991,1,R,615,P
-16.54,-4.699,2,R,615,Q
0,0,,R,615,R
-10.79,-4.685,6,R,615,S
-5.436,-2.921,5,R,615,T
-7.329,-4.305,3,R,615,V
-4.7,-2.064,4,R,615,Y
-2.058,-0.22,4,C,616,*
-1.686,-0.1441,2,C,616,-
-9.735,-4.66,3,C,616,A
0,0,,C,616,C
0.305,0.008899,2,C,616,D
-5.485,-2.976,6,C,616,E
-7.597,-4.392,11,C,616,F
-12.05,-4.695,4,C,616,G
-8.393,-4.555,2,C,616,H
-7.533,-4.373,5,C,616,I
-4.303,-1.617,5,C,616,K
-11.79,-4.694,7,C,616,L
-6.022,-3.511,2,C,616,M
-12.15,-4.695,1,C,616,N
-6.052,-3.538,2,C,616,P
-21.92,-4.699,6,C,616,Q
-10.22,-4.675,1,C,616,R
-9.497,-4.65,7,C,616,S
-6.033,-3.521,3,C,616,T
-7.06,-4.197,7,C,616,W
-3.722,-1.056,11,C,616,Y
-2.7,-0.4265,2,V,617,-
-2.622,-0.3951,5,V,617,A
-3.561,-0.9272,1,V,617,C
3.024,0.03237,3,V,617,D
1.001,0.02146,4,V,617,E
-1.67,-0.1414,1,V,617,F
-0.4364,-0.01841,2,V,617,G
-2.635,-0.4002,1,V,617,H
10.44,0.03403,3,V,617,I
4.023,0.03342,6,V,617,K
2.735,0.03181,7,V,617,L
-4.881,-2.277,6,V,617,M
-3.28,-0.7302,4,V,617,N
-8.693,-4.592,7,V,617,P
0.02033,0.0006801,3,V,617,Q
8.027,0.03402,8,V,617,R
-3.326,-0.7597,2,V,617,S
2.626,0.03155,2,V,617,T
0,0,,V,617,V
-3.213,-0.6881,4,V,617,W
-8.699,-4.592,2,V,617,Y
-8.121,-4.512,2,E,618,*
-7.306,-4.297,4,E,618,A
-6.82,-4.079,4,E,618,C
-5.911,-3.41,3,E,618,D
0,0,,E,618,E
0.6748,0.01664,4,E,618,F
-4.303,-1.617,4,E,618,G
4.461,0.03364,4,E,618,H
-2.628,-0.3975,5,E,618,I
4.873,0.03377,16,E,618,K
5.974,0.03394,4,E,618,L
7.873,0.03402,1,E,618,M
-3.973,-1.282,2,E,618,N
-7.469,-4.353,5,E,618,P
-1.915,-0.1878,3,E,618,Q
-0.758,-0.03801,3,E,618,R
9.142,0.03403,6,E,618,S
4.157,0.0335,2,E,618,T
4.41,0.03362,7,E,618,V
4.881,0.03377,5,E,618,W
-0.06231,-0.002171,5,E,618,Y
-10.47,-4.68,4,L,619,A
-10.23,-4.675,5,L,619,C
-8.579,-4.579,3,L,619,D
-4.487,-1.819,2,L,619,E
-7.202,-4.257,4,L,619,F
-4.864,-2.257,5,L,619,G
2.409,0.03095,3,L,619,H
-2.971,-0.5517,2,L,619,I
7.796,0.03402,1,L,619,K
0,0,,L,619,L
-3.021,-0.578,3,L,619,M
2.687,0.0317,1,L,619,N
-7.319,-4.302,10,L,619,P
-5.114,-2.552,2,L,619,Q
-3.224,-0.6948,2,L,619,R
-5.01,-2.43,4,L,619,S
-7.931,-4.475,5,L,619,T
-8.683,-4.591,1,L,619,V
-9.475,-4.649,4,L,619,W
-8.542,-4.575,9,L,619,Y
-1.425,-0.1043,1,N,62,-
-3.581,-0.9428,6,N,62,D
-1.866,-0.1776,1,N,62,K
0,0,,N,62,N
-9.523,-4.651,6,L,620,C
-9.097,-4.627,2,L,620,D
-5.683,-3.186,2,L,620,E
-11.74,-4.693,7,L,620,F
-17.52,-4.699,8,L,620,G
-7.564,-4.382,6,L,620,H
-2.898,-0.5155,3,L,620,I
-9.432,-4.647,5,L,620,K
0,0,,L,620,L
2.39,0.03089,13,L,620,M
-8.562,-4.577,1,L,620,N
-13.55,-4.698,5,L,620,P
-12.21,-4.695,2,L,620,Q
-6.471,-3.865,2,L,620,R
-5.7,-3.204,4,L,620,S
-7.435,-4.342,8,L,620,T
-8.789,-4.601,1,L,620,V
-6.317,-3.754,1,L,620,W
-8.677,-4.59,5,L,620,Y
0.3941,0.01103,2,K,621,A
-7.204,-4.258,6,K,621,C
-8.256,-4.535,2,K,621,D
-4.167,-1.474,1,K,621,F
0.9239,0.02046,8,K,621,G
15.02,0.03403,2,K,621,H
0.9333,0.02059,5,K,621,I
0,0,,K,621,K
-2.517,-0.3557,10,K,621,L
2.481,0.03117,5,K,621,M
-4.151,-1.457,10,K,621,N
-8.703,-4.593,1,K,621,P
2.706,0.03174,10,K,621,Q
6.823,0.03399,3,K,621,R
-2.297,-0.2839,4,K,621,S
-1.43,-0.1049,5,K,621,T
-3.201,-0.6808,12,K,621,V
11.97,0.03403,1,K,621,W
-8.822,-4.604,4,Q,622,*
3.274,0.03273,3,Q,622,A
-8.57,-4.578,3,Q,622,C
8.53,0.03403,2,Q,622,D
-2.783,-0.4622,7,Q,622,E
4.247,0.03354,6,Q,622,F
-2.785,-0.4631,4,Q,622,G
-1.832,-0.1708,3,Q,622,H
2.415,0.03097,5,Q,622,I
0.2286,0.006914,5,Q,622,K
-8.669,-4.589,1,Q,622,L
-3.728,-1.062,3,Q,622,M
-4.646,-2.001,2,Q,622,N
1.155,0.02326,1,Q,622,P
0,0,,Q,622,Q
-3.406,-0.8144,3,Q,622,R
5.781,0.03393,8,Q,622,S
5.001,0.0338,6,Q,622,T
3.153,0.03257,1,Q,622,V
-3.86,-1.177,1,Q,622,W
-4.473,-1.803,3,Q,622,Y
-5.292,-2.759,4,Y,623,A
-7.989,-4.487,11,Y,623,C
2.318,0.03066,2,Y,623,D
1.253,0.02426,1,Y,623,E
2.733,0.0318,6,Y,623,F
3.282,0.03275,2,Y,623,G
-5.626,-3.127,8,Y,623,H
-6.829,-4.083,4,Y,623,I
-7.45,-4.347,4,Y,623,K
-7.375,-4.322,6,Y,623,L
-12.83,-4.697,5,Y,623,M
-12.63,-4.697,2,Y,623,N
-4.377,-1.697,4,Y,623,P
-4.917,-2.319,5,Y,623,Q
-1.495,-0.114,1,Y,623,R
-7.244,-4.274,2,Y,623,T
-9.383,-4.644,6,Y,623,V
-3.061,-0.6,6,Y,623,W
0,0,,Y,623,Y
2.889,0.03213,2,T,624,A
-0.04161,-0.001435,1,T,624,C
3.381,0.03287,3,T,624,E
-1.596,-0.1292,5,T,624,F
-2.466,-0.338,4,T,624,G
-2.186,-0.2527,2,T,624,H
-3.911,-1.223,3,T,624,I
-4.204,-1.512,2,T,624,K
-1.902,-0.185,4,T,624,L
-2.166,-0.2473,9,T,624,M
0.844,0.01934,2,T,624,N
-3.573,-0.9364,5,T,624,P
4.901,0.03378,10,T,624,Q
-8.107,-4.51,3,T,624,R
2,0.0294,5,T,624,S
0,0,,T,624,T
1.51,0.02647,1,T,624,V
-5.032,-2.456,4,T,624,Y
-1.275,-0.0855,15,S,625,A
-2.635,-0.4002,12,S,625,C
2.746,0.03183,5,S,625,D
-2.394,-0.314,6,S,625,E
-4.526,-1.863,8,S,625,F
3.617,0.03311,10,S,625,G
-0.923,-0.05069,6,S,625,H
-0.3544,-0.01433,4,S,625,I
-5.564,-3.061,4,S,625,L
3.376,0.03286,3,S,625,M
0.0889,0.002876,3,S,625,N
-3.17,-0.6618,4,S,625,P
-2.959,-0.546,7,S,625,Q
7.885,0.03402,8,S,625,R
0,0,,S,625,S
3.039,0.03239,4,S,625,T
-2.307,-0.287,2,S,625,V
-4.52,-1.857,3,S,625,W
-8.624,-4.584,2,S,625,Y
-1.994,-0.205,3,A,626,-
0,0,,A,626,A
-1.542,-0.1209,5,A,626,C
-4.342,-1.659,10,A,626,D
5.265,0.03385,7,A,626,E
-5.467,-2.955,11,A,626,F
-4.205,-1.512,4,A,626,G
-5.044,-2.47,4,A,626,H
0.5283,0.01391,5,A,626,I
-3.098,-0.6203,4,A,626,K
-3.711,-1.047,4,A,626,L
-3.773,-1.1,3,A,626,M
-9.833,-4.664,1,A,626,N
0.4708,0.01272,2,A,626,P
-8.7,-4.592,1,A,626,Q
-4.261,-1.571,5,A,626,R
-4.773,-2.15,6,A,626,S
2.422,0.03099,12,A,626,T
1.144,0.02313,9,A,626,V
-5.029,-2.453,8,A,626,W
-4.496,-1.83,5,A,626,Y
1.05,0.02207,4,C,627,*
-2.305,-0.2863,3,C,627,-
-7.628,-4.401,2,C,627,A
0,0,,C,627,C
-6.283,-3.729,5,C,627,D
-8.002,-4.49,5,C,627,E
-7.648,-4.406,9,C,627,F
-10.87,-4.686,3,C,627,G
-7.322,-4.303,3,C,627,H
-9.548,-4.652,3,C,627,I
-9.002,-4.62,3,C,627,K
-8.422,-4.559,3,C,627,L
-5.47,-2.959,1,C,627,M
-5.983,-3.477,11,C,627,N
-7.678,-4.415,4,C,627,P
-0.1803,-0.006665,1,C,627,Q
-8.19,-4.524,6,C,627,R
-6.05,-3.537,1,C,627,S
-8.586,-4.58,1,C,627,T
-4.485,-1.817,1,C,627,V
-11.95,-4.694,4,C,627,W
-10.29,-4.677,13,C,627,Y
-1.968,-0.1993,4,K,628,A
-4.681,-2.042,5,K,628,C
0.9816,0.02122,7,K,628,D
-4.113,-1.418,2,K,628,E
-6.147,-3.62,2,K,628,F
-4.81,-2.193,3,K,628,G
-4.268,-1.579,4,K,628,H
-3.899,-1.212,6,K,628,I
0,0,,K,628,K
-2.573,-0.3764,5,K,628,L
-2.436,-0.3278,4,K,628,M
-5.802,-3.306,2,K,628,N
-7.681,-4.415,3,K,628,P
-3.672,-1.016,3,K,628,Q
-2.435,-0.3274,2,K,628,R
-4.509,-1.844,3,K,628,S
1.379,0.02541,4,K,628,T
5.751,0.03392,4,K,628,V
-5.339,-2.813,8,K,628,W
-4.986,-2.401,5,K,628,Y
5.923,0.03394,2,T,629,-
-2.403,-0.317,2,T,629,A
2.443,0.03105,3,T,629,C
-5.968,-3.463,2,T,629,D
-1.621,-0.1332,1,T,629,E
-1.911,-0.1869,3,T,629,F
-3.189,-0.6734,2,T,629,G
3.059,0.03242,2,T,629,H
-1.471,-0.1106,13,T,629,I
-0.6389,-0.03003,5,T,629,K
-0.8014,-0.04115,5,T,629,L
-2.745,-0.4456,5,T,629,M
1.721,0.02791,8,T,629,N
-8.658,-4.588,2,T,629,P
-3.122,-0.6341,9,T,629,Q
-1.405,-0.1016,1,T,629,R
-2.212,-0.2597,6,T,629,S
0,0,,T,629,T
0.7639,0.01812,6,T,629,V
6.848,0.034,1,T,629,W
-0.2672,-0.01032,4,T,629,Y
-6.808,-4.073,1,T,63,-
4.376,0.0336,2,T,63,I
-3.338,-0.7679,1,T,63,N
0,0,,T,63,T
3.335,0.03281,2,I,630,-
-8.938,-4.614,2,I,630,A
-6.559,-3.924,3,I,630,C
-9.054,-4.624,3,I,630,D
-8.376,-4.553,7,I,630,E
-5.904,-3.403,3,I,630,F
4.392,0.03361,1,I,630,G
-6.725,-4.026,3,I,630,H
0,0,,I,630,I
-6.381,-3.802,3,I,630,K
-1.622,-0.1333,4,I,630,L
-2.634,-0.3996,4,I,630,M
-8.67,-4.589,3,I,630,N
-4.923,-2.326,2,I,630,P
-5.611,-3.111,3,I,630,Q
-9.406,-4.646,9,I,630,R
-2.373,-0.3072,1,I,630,S
-0.2716,-0.01052,3,I,630,V
-4.76,-2.134,2,I,630,W
0.5782,0.01488,3,I,630,Y
-4.475,-1.805,10,E,631,*
-8.595,-4.581,1,E,631,A
-4.027,-1.333,3,E,631,C
-4.371,-1.69,22,E,631,D
0,0,,E,631,E
-5.577,-3.075,11,E,631,F
-4.394,-1.716,7,E,631,G
0.4887,0.0131,2,E,631,H
-17.93,-4.699,3,E,631,I
-8.854,-4.607,12,E,631,K
-7.272,-4.285,5,E,631,L
-3.728,-1.061,2,E,631,M
0.6946,0.01698,5,E,631,N
-3.744,-1.075,1,E,631,Q
-3.041,-0.5886,4,E,631,R
-4.646,-2.001,7,E,631,S
-3.914,-1.226,10,E,631,T
-9.176,-4.632,12,E,631,V
-5.054,-2.481,4,E,631,W
-5.355,-2.83,7,E,631,Y
6.903,0.034,4,D,632,A
-4.186,-1.493,3,D,632,C
0,0,,D,632,D
2.556,0.03137,7,D,632,E
-8.088,-4.506,2,D,632,F
-0.3735,-0.01525,6,D,632,G
3.243,0.03269,4,D,632,H
-2.022,-0.2114,3,D,632,I
7.729,0.03402,5,D,632,K
2.083,0.02977,2,D,632,L
4.263,0.03355,9,D,632,M
4.206,0.03352,8,D,632,N
-8.649,-4.587,1,D,632,P
5.596,0.0339,4,D,632,Q
4.455,0.03363,4,D,632,R
-1.05,-0.06197,4,D,632,S
3.857,0.03331,2,D,632,T
2.306,0.03062,3,D,632,V
2.728,0.03179,1,D,632,W
1.103,0.02268,7,D,632,Y
0,0,,A,633,A
-8.781,-4.6,2,A,633,C
3.327,0.0328,9,A,633,D
-7.572,-4.385,5,A,633,E
-9.339,-4.642,3,A,633,F
-1.426,-0.1045,2,A,633,G
4.199,0.03352,3,A,633,H
-11.23,-4.69,6,A,633,I
4.094,0.03346,6,A,633,K
2.551,0.03136,4,A,633,L
-1.698,-0.146,10,A,633,N
-4.658,-2.015,7,A,633,P
9.572,0.03403,4,A,633,Q
-1.103,-0.06702,4,A,633,R
1.018,0.02168,10,A,633,S
-2.069,-0.2227,9,A,633,T
-2.959,-0.5459,4,A,633,V
-8.66,-4.588,1,A,633,W
-9.398,-4.645,2,A,633,Y
-5.536,-3.03,3,L,634,A
-9.184,-4.633,3,L,634,C
-11.68,-4.693,3,L,634,D
-5.191,-2.642,3,L,634,E
-0.7885,-0.0402,3,L,634,F
-9.07,-4.625,2,L,634,H
-5.377,-2.855,3,L,634,I
-14.03,-4.698,2,L,634,K
0,0,,L,634,L
-6.597,-3.949,8,L,634,M
-2.78,-0.4609,10,L,634,N
-5.728,-3.231,6,L,634,P
-9.337,-4.642,4,L,634,Q
-10.15,-4.673,3,L,634,R
-3.629,-0.9803,3,L,634,S
-9.544,-4.652,4,L,634,T
-5.869,-3.37,4,L,634,V
-6.417,-3.828,4,L,634,Y
-7.355,-4.315,3,R,635,A
-9.867,-4.665,4,R,635,C
-8.611,-4.583,1,R,635,D
-4.617,-1.968,3,R,635,E
-7.923,-4.473,4,R,635,F
-6.733,-4.03,6,R,635,G
-2.684,-0.4196,1,R,635,H
-10.67,-4.683,8,R,635,I
-3.335,-0.7655,59,R,635,K
-5.654,-3.156,9,R,635,L
-4.848,-2.237,3,R,635,M
-5.69,-3.193,2,R,635,N
-7.997,-4.489,10,R,635,P
-4.189,-1.496,3,R,635,Q
0,0,,R,635,R
-4.997,-2.414,3,R,635,S
1.665,0.02756,4,R,635,T
0.5581,0.0145,3,R,635,V
0.989,0.02132,3,R,635,W
-8.362,-4.551,5,R,635,Y
-5.401,-2.882,1,N,636,-
-1.585,-0.1274,1,N,636,A
-2.338,-0.2964,4,N,636,D
-3.893,-1.207,4,N,636,E
-4.245,-1.555,10,N,636,F
0.5726,0.01478,1,N,636,G
4.358,0.03359,2,N,636,H
-3.949,-1.259,8,N,636,I
0.4947,0.01322,7,N,636,K
-3.86,-1.176,11,N,636,L
-2.972,-0.5523,6,N,636,M
0,0,,N,636,N
-10.67,-4.684,5,N,636,P
7.04,0.034,8,N,636,Q
3.302,0.03277,1,N,636,R
-3.559,-0.9262,4,N,636,S
2.235,0.03037,2,N,636,T
-4.531,-1.869,6,N,636,V
-3.368,-0.7881,7,N,636,W
-2.99,-0.5617,3,N,636,Y
0.3315,0.009552,1,S,637,-
-2.212,-0.2596,3,S,637,A
-1.152,-0.07201,2,S,637,C
-5.798,-3.302,1,S,637,D
5.078,0.03382,5,S,637,E
-9.267,-4.638,1,S,637,F
1.346,0.02513,5,S,637,G
-0.9712,-0.05481,2,S,637,H
6.137,0.03396,13,S,637,I
-5.143,-2.586,6,S,637,K
-3.607,-0.9631,3,S,637,L
3.024,0.03237,8,S,637,N
-8.331,-4.546,5,S,637,P
-3.311,-0.7497,1,S,637,Q
-5.252,-2.712,11,S,637,R
0,0,,S,637,S
-3.244,-0.7074,2,S,637,T
-5.345,-2.82,6,S,637,V
-3.003,-0.5686,8,S,637,W
0.4438,0.01214,1,S,637,Y
-0.6572,-0.03119,1,A,638,-
0,0,,A,638,A
-4.889,-2.287,4,A,638,C
-9.45,-4.648,8,A,638,D
-7.903,-4.469,1,A,638,E
-2.733,-0.4402,1,A,638,F
-6.417,-3.828,4,A,638,G
-2.451,-0.3328,5,A,638,I
-6.107,-3.585,4,A,638,K
-0.8529,-0.04506,11,A,638,L
-4.139,-1.445,2,A,638,M
-6.476,-3.869,5,A,638,N
-6.566,-3.928,6,A,638,P
-5.16,-2.606,2,A,638,Q
-9.003,-4.62,2,A,638,R
-16.43,-4.699,5,A,638,S
-5.78,-3.284,23,A,638,T
1.058,0.02216,13,A,638,V
-5.008,-2.428,1,A,638,W
-3.632,-0.9829,1,A,638,Y
-0.09708,-0.003442,1,M,639,-
-4.307,-1.621,3,M,639,A
-5.199,-2.651,5,M,639,C
-4.281,-1.593,10,M,639,D
-8.54,-4.574,3,M,639,E
3.578,0.03308,2,M,639,F
-5.452,-2.938,2,M,639,G
2.07,0.02971,4,M,639,H
-1.3,-0.08846,19,M,639,I
-0.9359,-0.05178,6,M,639,K
1.226,0.02399,5,M,639,L
0,0,,M,639,M
-2.944,-0.5385,3,M,639,N
-5.166,-2.613,3,M,639,P
-2.996,-0.5648,1,M,639,Q
-3.629,-0.9806,5,M,639,R
-4.589,-1.935,1,M,639,S
-3.43,-0.8307,3,M,639,T
-2.97,-0.5513,2,M,639,V
0.2643,0.007861,7,M,639,W
-0.1926,-0.007164,6,M,639,Y
-7.773,-4.439,1,S,64,-
-3.555,-0.9226,3,S,64,G
-3.58,-0.9417,3,S,64,I
-6.121,-3.597,4,S,64,N
-5.194,-2.646,5,S,64,R
0,0,,S,64,S
-1.319,-0.09082,1,L,640,-
-1.027,-0.05977,2,L,640,A
-3.127,-0.637,2,L,640,C
-5.44,-2.925,2,L,640,D
1.931,0.02907,6,L,640,E
-3.896,-1.209,2,L,640,F
-7.844,-4.456,2,L,640,G
-0.7977,-0.04088,4,L,640,H
0.06865,0.002243,3,L,640,I
4.803,0.03375,10,L,640,K
0,0,,L,640,L
5.586,0.0339,4,L,640,M
-5.202,-2.655,9,L,640,N
-10.48,-4.68,2,L,640,P
0.5783,0.01488,6,L,640,Q
-0.1244,-0.00447,3,L,640,S
-0.249,-0.009535,2,L,640,T
1.422,0.02577,2,L,640,V
-6.866,-4.103,2,L,640,W
5.052,0.03381,6,L,640,Y
-1.736,-0.1528,3,E,641,*
-0.8665,-0.04612,4,E,641,-
-2.838,-0.487,3,E,641,C
7.255,0.03401,2,E,641,D
0,0,,E,641,E
-5.017,-2.438,7,E,641,F
-7.286,-4.29,6,E,641,G
-9.445,-4.648,3,E,641,H
-9.007,-4.62,3,E,641,I
-12.81,-4.697,82,E,641,K
-10.7,-4.684,1,E,641,L
-5.518,-3.011,5,E,641,M
-6.621,-3.964,1,E,641,N
0.06014,0.001973,2,E,641,P
-0.8821,-0.04736,3,E,641,Q
-13.8,-4.698,6,E,641,R
-8.583,-4.579,6,E,641,S
-5.885,-3.386,2,E,641,T
0.3588,0.01021,3,E,641,V
-8.986,-4.618,9,E,641,W
-9.652,-4.657,3,E,641,Y
-1.896,-0.1837,3,S,642,-
1.293,0.02464,2,S,642,A
-4.921,-2.324,5,S,642,C
3.973,0.03339,5,S,642,D
2.682,0.03169,2,S,642,E
-1.518,-0.1174,3,S,642,F
6.929,0.034,4,S,642,G
-2.035,-0.2144,6,S,642,H
-2.354,-0.3014,5,S,642,I
-2.926,-0.5291,2,S,642,K
-2.828,-0.4823,3,S,642,L
2.687,0.0317,4,S,642,M
-7.902,-4.469,3,S,642,N
-5.74,-3.244,4,S,642,P
3.929,0.03336,1,S,642,Q
4.256,0.03355,5,S,642,R
0,0,,S,642,S
-8.587,-4.58,1,S,642,T
9.405,0.03403,3,S,642,V
2.758,0.03186,8,S,642,W
3.213,0.03265,1,S,642,Y
-0.5787,-0.02633,3,A,643,-
0,0,,A,643,A
-3.376,-0.7936,5,A,643,C
3.382,0.03287,9,A,643,D
-3.124,-0.6353,3,A,643,E
-8.577,-4.579,2,A,643,F
-3.488,-0.8728,2,A,643,G
1.075,0.02236,3,A,643,H
-5.054,-2.482,6,A,643,I
4.021,0.03342,4,A,643,K
5.324,0.03386,6,A,643,L
-10.35,-4.678,1,A,643,M
-1.897,-0.184,4,A,643,N
-14.63,-4.698,1,A,643,P
1.744,0.02805,2,A,643,Q
3.54,0.03304,2,A,643,R
3.712,0.03319,9,A,643,S
-0.8935,-0.04828,28,A,643,T
1.806,0.02841,12,A,643,V
10.61,0.03403,3,A,643,W
-0.9665,-0.05439,2,A,643,Y
-0.4314,-0.01815,3,D,644,-
-1.875,-0.1794,4,D,644,A
-4.697,-2.06,3,D,644,C
0,0,,D,644,D
0.7688,0.0182,2,D,644,E
-6.818,-4.078,4,D,644,F
-3.637,-0.987,8,D,644,G
-0.7937,-0.04058,4,D,644,H
-7.611,-4.396,1,D,644,I
-5.323,-2.794,1,D,644,K
-3.667,-1.011,2,D,644,L
-4.198,-1.506,7,D,644,M
-14.27,-4.698,39,D,644,N
-8.674,-4.59,2,D,644,P
-1.606,-0.1309,2,D,644,Q
-3.624,-0.9762,4,D,644,R
-3.361,-0.7834,2,D,644,S
-3.821,-1.142,4,D,644,T
-6.147,-3.62,10,D,644,V
-8.643,-4.586,1,D,644,W
-6.502,-3.886,8,D,644,Y
-0.5132,-0.02255,3,V,645,-
-9.218,-4.635,3,V,645,A
-5.383,-2.861,4,V,645,C
-6.398,-3.814,3,V,645,D
-4.621,-1.972,2,V,645,E
-8.955,-4.616,2,V,645,F
-7.536,-4.374,4,V,645,H
0.3583,0.0102,5,V,645,I
-14.25,-4.698,2,V,645,K
-2.259,-0.2729,10,V,645,L
-3.242,-0.7058,7,V,645,M
-9.821,-4.663,3,V,645,N
-8.179,-4.522,4,V,645,P
-8.291,-4.54,4,V,645,Q
-9.56,-4.653,1,V,645,S
-8.578,-4.579,2,V,645,T
0,0,,V,645,V
-9.315,-4.641,3,V,645,W
-6.58,-3.938,4,V,645,Y
-7.715,-4.424,16,S,646,*
-1.353,-0.09499,2,S,646,A
-3.136,-0.642,4,S,646,C
-2.231,-0.265,2,S,646,D
-2.049,-0.2178,3,S,646,E
-3.51,-0.8888,6,S,646,F
4.312,0.03357,6,S,646,G
-0.7841,-0.03988,4,S,646,H
-1.987,-0.2035,3,S,646,I
1.256,0.02429,3,S,646,K
-2.205,-0.2577,3,S,646,L
4.078,0.03345,4,S,646,M
6.158,0.03396,3,S,646,N
-9.141,-4.63,7,S,646,P
3.796,0.03326,2,S,646,Q
4.841,0.03376,4,S,646,R
0,0,,S,646,S
-2.899,-0.5161,5,S,646,T
-3.423,-0.8262,4,S,646,V
-0.6605,-0.0314,3,S,646,W
2.69,0.03171,2,S,646,Y
-10.11,-4.672,3,E,647,*
3.53,0.03303,1,E,647,A
-0.8023,-0.04121,2,E,647,C
4.829,0.03376,15,E,647,D
0,0,,E,647,E
-2.895,-0.5141,6,E,647,F
-3.265,-0.7206,8,E,647,G
-2.726,-0.4373,4,E,647,H
-6.836,-4.087,5,E,647,I
-0.2132,-0.008014,25,E,647,K
-1.592,-0.1286,9,E,647,L
-1.167,-0.07359,2,E,647,M
-7.001,-4.17,7,E,647,P
-1.122,-0.0689,7,E,647,Q
1.882,0.02882,5,E,647,R
-1.523,-0.1181,5,E,647,S
-3.042,-0.5895,1,E,647,T
-5.948,-3.444,8,E,647,V
-4.96,-2.37,5,E,647,W
-2.433,-0.3267,6,E,647,Y
-9.211,-4.634,3,M,648,A
-7.588,-4.389,6,M,648,C
-5.068,-2.498,2,M,648,D
-5.232,-2.69,3,M,648,E
2.675,0.03167,6,M,648,F
-7.536,-4.374,2,M,648,G
-8.682,-4.59,3,M,648,H
-13.17,-4.697,46,M,648,I
-6.335,-3.768,8,M,648,K
-2.564,-0.373,5,M,648,L
0,0,,M,648,M
-8.266,-4.537,5,M,648,N
-10.16,-4.673,5,M,648,P
-9.819,-4.663,2,M,648,Q
-4.939,-2.346,4,M,648,R
-6.437,-3.842,7,M,648,S
-5.766,-3.269,7,M,648,T
-7.332,-4.306,4,M,648,V
-5.904,-3.403,5,M,648,W
-7.1,-4.215,2,M,648,Y
-8.59,-4.58,1,L,649,A
-7.938,-4.476,4,L,649,C
-6.285,-3.73,1,L,649,D
-10.51,-4.681,2,L,649,E
-8.398,-4.556,3,L,649,F
-7.38,-4.324,8,L,649,G
-8.691,-4.591,2,L,649,H
-3.556,-0.9236,4,L,649,I
-9.158,-4.631,3,L,649,K
0,0,,L,649,L
-2.259,-0.2729,3,L,649,M
-9.661,-4.657,1,L,649,N
-6.27,-3.718,10,L,649,P
-10.18,-4.674,2,L,649,Q
-5.052,-2.479,3,L,649,R
-1.781,-0.1611,3,L,649,S
-8.689,-4.591,1,L,649,T
-7.856,-4.458,3,L,649,V
-7.426,-4.339,3,L,649,W
-11.29,-4.691,6,L,649,Y
-4.196,-1.503,2,S,65,G
0.1249,0.00397,3,S,65,I
5.734,0.03392,1,S,65,N
-4.967,-2.378,4,S,65,R
0,0,,S,65,S
-2.503,-0.3508,4,T,650,A
-5.295,-2.762,5,T,650,C
-7.235,-4.27,7,T,650,D
-0.7341,-0.03633,4,T,650,E
4.74,0.03373,2,T,650,F
1.323,0.02492,6,T,650,H
-0.6622,-0.03152,7,T,650,I
-0.449,-0.01907,5,T,650,K
4.065,0.03344,4,T,650,L
4.882,0.03377,2,T,650,M
0.409,0.01137,4,T,650,N
-8.607,-4.582,1,T,650,P
-3.061,-0.5998,5,T,650,Q
7.92,0.03402,4,T,650,R
8.725,0.03403,4,T,650,S
0,0,,T,650,T
12.36,0.03403,3,T,650,V
3.524,0.03302,1,T,650,W
0.00151,5.1e-05,11,T,650,Y
-7.077,-4.204,1,F,651,A
-3.86,-1.176,6,F,651,C
-2.642,-0.4028,3,F,651,D
-8.692,-4.591,2,F,651,E
0,0,,F,651,F
-17.98,-4.699,6,F,651,G
-8.556,-4.576,1,F,651,H
-1.859,-0.1763,5,F,651,I
-3.201,-0.6804,5,F,651,K
-3.216,-0.6898,9,F,651,L
-2.378,-0.309,1,F,651,M
4.178,0.03351,2,F,651,N
-4.832,-2.219,6,F,651,P
-12.59,-4.696,10,F,651,Q
-11.73,-4.693,13,F,651,R
-1.096,-0.06634,3,F,651,S
-4.392,-1.714,6,F,651,T
-2.185,-0.2524,4,F,651,V
13.91,0.03403,3,F,651,W
-0.1947,-0.007251,4,F,651,Y
-9.429,-4.647,5,D,652,A
-7.306,-4.297,3,D,652,C
0,0,,D,652,D
-2.167,-0.2474,4,D,652,E
-9.463,-4.648,5,D,652,F
-8.701,-4.592,6,D,652,G
-4.422,-1.747,11,D,652,H
-11.09,-4.689,5,D,652,I
-5.937,-3.434,1,D,652,K
-9.507,-4.651,4,D,652,L
0.775,0.01829,3,D,652,M
-3.726,-1.06,28,D,652,N
-5.331,-2.803,5,D,652,P
-8.605,-4.582,2,D,652,Q
-9.457,-4.648,10,D,652,R
-4.233,-1.542,4,D,652,S
-6.581,-3.938,7,D,652,T
-5.097,-2.532,8,D,652,V
-9.766,-4.661,11,D,652,Y
-2.641,-0.4026,3,K,653,A
-4.877,-2.273,12,K,653,C
7.555,0.03401,7,K,653,D
-0.9082,-0.04948,6,K,653,E
3.883,0.03333,6,K,653,F
-3.08,-0.6104,5,K,653,G
2.428,0.03101,2,K,653,H
1.09,0.02253,3,K,653,I
0,0,,K,653,K
-0.682,-0.03281,7,K,653,L
3.586,0.03308,4,K,653,M
-2.814,-0.4762,12,K,653,N
-3.861,-1.177,4,K,653,P
3.199,0.03263,2,K,653,Q
-0.4986,-0.02174,4,K,653,R
-2.492,-0.3467,1,K,653,S
3.473,0.03297,7,K,653,T
-1.532,-0.1194,4,K,653,V
3.926,0.03336,3,K,653,W
1.798,0.02836,4,K,653,Y
-4.792,-2.172,1,K,654,*
1.885,0.02883,4,K,654,A
4.349,0.03359,1,K,654,C
-3.832,-1.152,3,K,654,D
6.881,0.034,5,K,654,E
6.48,0.03398,3,K,654,F
-3.62,-0.973,5,K,654,G
-3.649,-0.9963,2,K,654,I
0,0,,K,654,K
-1.147,-0.07148,2,K,654,L
-2.84,-0.4881,3,K,654,M
1.225,0.02399,7,K,654,N
-4.615,-1.965,5,K,654,P
-2.181,-0.2513,4,K,654,R
-7.33,-4.306,4,K,654,S
-0.5353,-0.0238,12,K,654,T
3.331,0.03281,4,K,654,V
-0.6605,-0.0314,3,K,654,W
0.9134,0.02032,5,K,654,Y
0,0,,A,655,A
-4.025,-1.331,3,A,655,C
-5.232,-2.69,7,A,655,D
-7.867,-4.461,7,A,655,E
-3.525,-0.9002,5,A,655,F
-2.698,-0.4256,5,A,655,G
-2.547,-0.3668,10,A,655,H
-7.904,-4.469,5,A,655,I
-3.85,-1.168,2,A,655,K
2.717,0.03177,3,A,655,L
-2.284,-0.2801,6,A,655,M
-4.398,-1.72,7,A,655,N
-3.72,-1.055,3,A,655,P
-3.135,-0.6417,4,A,655,Q
-2.91,-0.5215,8,A,655,S
-5.802,-3.306,3,A,655,T
-3.85,-1.168,5,A,655,V
-4.394,-1.715,1,A,655,W
2.56,0.03138,2,A,655,Y
-3.52,-0.8964,2,F,656,A
-0.9686,-0.05457,1,F,656,C
-9.294,-4.639,3,F,656,D
-6.51,-3.892,5,F,656,E
0,0,,F,656,F
-13.7,-4.698,8,F,656,H
-5.13,-2.57,3,F,656,I
-6.641,-3.976,2,F,656,K
3.566,0.03306,7,F,656,L
-0.1334,-0.004819,1,F,656,M
-5.166,-2.613,12,F,656,N
-12.41,-4.696,4,F,656,P
-8.512,-4.571,5,F,656,Q
-8.379,-4.553,10,F,656,R
-7.556,-4.38,5,F,656,S
-9.708,-4.659,3,F,656,T
-3.576,-0.9391,11,F,656,V
-2.256,-0.272,9,F,656,W
7.289,0.03401,5,F,656,Y
1.348,0.02515,5,T,657,A
1.935,0.02909,8,T,657,C
4.178,0.03351,4,T,657,D
0.08893,0.002877,3,T,657,E
-3.47,-0.8594,1,T,657,F
1.488,0.0263,6,T,657,G
1.932,0.02907,8,T,657,H
2.653,0.03162,5,T,657,I
2.264,0.03047,5,T,657,K
4.519,0.03366,3,T,657,L
3.441,0.03293,4,T,657,M
4.082,0.03345,7,T,657,N
-0.5156,-0.02268,5,T,657,P
0.9072,0.02024,4,T,657,Q
0.2088,0.006377,5,T,657,R
1.493,0.02634,2,T,657,S
0,0,,T,657,T
-0.7807,-0.03964,2,T,657,V
-1.244,-0.08195,10,T,657,W
-3.33,-0.7626,4,T,657,Y
-0.9038,-0.04911,2,L,658,A
-0.3902,-0.01607,10,L,658,C
-1.986,-0.2033,2,L,658,D
-2.148,-0.2424,2,L,658,E
-0.7993,-0.04099,4,L,658,F
-4.657,-2.014,3,L,658,G
4.865,0.03377,12,L,658,H
-1.883,-0.181,20,L,658,I
-8.693,-4.592,1,L,658,K
0,0,,L,658,L
-0.8222,-0.0427,1,L,658,M
11.3,0.03403,2,L,658,N
-9.232,-4.636,5,L,658,P
-4.102,-1.407,3,L,658,Q
-4.808,-2.191,3,L,658,R
-3.281,-0.7307,2,L,658,T
0.449,0.01225,6,L,658,V
-1.918,-0.1884,1,L,658,W
4.048,0.03343,3,L,658,Y
0.03154,0.001049,1,A,659,-
0,0,,A,659,A
3.208,0.03265,1,A,659,C
-6.993,-4.166,8,A,659,D
-4.253,-1.563,1,A,659,E
0.9416,0.0207,4,A,659,F
-5.472,-2.961,4,A,659,G
-6.608,-3.956,5,A,659,H
-2.824,-0.4806,5,A,659,I
-8.662,-4.588,8,A,659,K
3.674,0.03316,8,A,659,L
3.801,0.03327,2,A,659,M
-13.27,-4.698,8,A,659,N
-5.729,-3.233,4,A,659,P
-5.541,-3.036,4,A,659,Q
-8.304,-4.542,3,A,659,R
-4.849,-2.24,7,A,659,S
-3.178,-0.6665,8,A,659,T
0.007701,0.0002592,5,A,659,V
-5.633,-3.134,4,A,659,W
-2.73,-0.439,3,A,659,Y
-4.021,-1.327,2,V,66,A
-3.552,-0.9207,1,V,66,F
-9.585,-4.654,3,V,66,I
0,0,,V,66,V
0.4654,0.01261,1,N,660,-
1.99,0.02935,4,N,660,A
-3.725,-1.06,4,N,660,C
4.836,0.03376,7,N,660,D
5.673,0.03391,9,N,660,E
-0.2069,-0.007755,5,N,660,F
4.168,0.0335,4,N,660,G
5.074,0.03382,6,N,660,H
6.636,0.03399,9,N,660,I
4.999,0.0338,3,N,660,K
1.298,0.02469,9,N,660,L
13.15,0.03403,5,N,660,M
0,0,,N,660,N
-4.67,-2.029,12,N,660,P
3.018,0.03236,2,N,660,Q
3.179,0.0326,3,N,660,R
-2.418,-0.3218,1,N,660,S
0.9655,0.02102,4,N,660,T
-1.014,-0.0586,10,N,660,V
-5.345,-2.819,7,N,660,W
4.443,0.03363,8,N,660,Y
0.04479,0.00148,1,V,661,-
0.09647,0.003109,6,V,661,A
-8.574,-4.578,1,V,661,C
2.956,0.03225,4,V,661,D
-4.66,-2.018,1,V,661,E
-0.522,-0.02305,7,V,661,F
-1.119,-0.06867,4,V,661,H
2.152,0.03005,11,V,661,I
5.537,0.0339,4,V,661,K
9.965,0.03403,2,V,661,L
3.083,0.03246,3,V,661,M
-4.362,-1.68,4,V,661,N
4.72,0.03373,2,V,661,P
-2.323,-0.2918,7,V,661,R
5.349,0.03387,2,V,661,S
2.239,0.03038,4,V,661,T
0,0,,V,661,V
3.072,0.03244,2,V,661,W
0.5758,0.01484,3,V,661,Y
-0.1182,-0.004236,1,S,662,-
-14.45,-4.698,4,S,662,A
-1.663,-0.1401,9,S,662,C
-1.589,-0.1281,5,S,662,D
-2.909,-0.5208,5,S,662,E
1.794,0.02834,6,S,662,F
-0.1596,-0.005838,5,S,662,G
3.149,0.03256,10,S,662,H
-3.612,-0.9669,18,S,662,I
-3.534,-0.9067,2,S,662,K
3.346,0.03282,8,S,662,L
-0.5668,-0.02562,1,S,662,M
2.794,0.03193,7,S,662,N
-3.517,-0.8944,2,S,662,P
1.863,0.02872,8,S,662,Q
0.9966,0.02141,6,S,662,R
0,0,,S,662,S
0.04896,0.001615,1,S,662,T
3.327,0.0328,4,S,662,V
3.298,0.03277,1,S,662,W
2.852,0.03205,2,S,662,Y
-0.09059,-0.003201,1,S,663,-
-0.8635,-0.04588,2,S,663,A
1.138,0.02308,4,S,663,C
-1.816,-0.1677,3,S,663,D
-1.887,-0.182,6,S,663,F
-1.492,-0.1136,4,S,663,G
1.039,0.02193,3,S,663,H
-3.313,-0.7512,13,S,663,I
2.264,0.03047,1,S,663,K
3.473,0.03297,4,S,663,M
-2.684,-0.4199,7,S,663,N
-5.229,-2.686,2,S,663,P
5.164,0.03384,9,S,663,Q
-4.739,-2.11,6,S,663,R
0,0,,S,663,S
3.243,0.03269,1,S,663,T
-9.202,-4.634,3,S,663,V
7.157,0.03401,3,S,663,W
9.869,0.03403,4,S,663,Y
0.6058,0.0154,1,F,664,-
-5.293,-2.76,2,F,664,A
-6.533,-3.907,3,F,664,C
-10.07,-4.671,6,F,664,D
-5.436,-2.922,2,F,664,E
0,0,,F,664,F
-5.339,-2.812,2,F,664,G
-3.065,-0.6019,3,F,664,H
-6.866,-4.103,9,F,664,I
-0.1192,-0.004274,1,F,664,K
-4.869,-2.263,4,F,664,L
2.593,0.03147,4,F,664,M
-7.352,-4.314,9,F,664,N
-5.985,-3.479,5,F,664,P
-5.3,-2.767,2,F,664,Q
-8.699,-4.592,2,F,664,R
-4.871,-2.265,2,F,664,S
-4.993,-2.409,5,F,664,T
-5.502,-2.993,7,F,664,V
0.364,0.01033,4,F,664,W
-3.186,-0.6714,6,F,664,Y
-2.335,-0.2955,1,G,665,-
-4.219,-1.528,3,G,665,A
-1.885,-0.1814,3,G,665,C
-4.483,-1.814,4,G,665,D
-2.657,-0.4088,3,G,665,E
-10.12,-4.673,7,G,665,F
0,0,,G,665,G
-4.857,-2.248,4,G,665,H
-7.638,-4.404,3,G,665,I
-9.364,-4.643,4,G,665,K
-5.393,-2.873,7,G,665,L
-3.218,-0.691,4,G,665,M
-8.621,-4.584,1,G,665,P
-6.43,-3.837,4,G,665,Q
-5.75,-3.253,7,G,665,R
-11.93,-4.694,13,G,665,S
-9.771,-4.662,4,G,665,T
-13.57,-4.698,9,G,665,V
-9.756,-4.661,4,G,665,W
-14.41,-4.698,3,G,665,Y
-0.7533,-0.03768,1,D,666,-
7.023,0.034,3,D,666,A
-11.86,-4.694,1,D,666,C
0,0,,D,666,D
2.108,0.02987,8,D,666,E
-2.174,-0.2493,1,D,666,F
-5.248,-2.708,4,D,666,G
-11.72,-4.693,2,D,666,H
-3.43,-0.8308,3,D,666,I
-4.976,-2.389,4,D,666,K
-3.314,-0.7518,5,D,666,L
4.188,0.03351,5,D,666,M
-4.1,-1.405,6,D,666,N
0.3887,0.01091,5,D,666,P
-4.163,-1.47,3,D,666,Q
-5.366,-2.843,9,D,666,R
-3.018,-0.5765,2,D,666,S
-0.3768,-0.01541,1,D,666,V
-4.057,-1.363,4,D,666,W
-2.078,-0.2249,13,D,666,Y
-1.773,-0.1596,2,Y,667,-
-14.29,-4.698,9,Y,667,A
-8.331,-4.546,13,Y,667,C
-5.523,-3.017,3,Y,667,D
-9.346,-4.642,2,Y,667,E
1.907,0.02895,3,Y,667,F
-6.513,-3.894,3,Y,667,G
-2.212,-0.2595,2,Y,667,H
-11.21,-4.69,4,Y,667,I
-10.86,-4.686,3,Y,667,K
-1.102,-0.06698,6,Y,667,L
-7.541,-4.375,4,Y,667,M
-12.2,-4.695,1,Y,667,P
-6.294,-3.737,9,Y,667,Q
-4.629,-1.982,3,Y,667,R
-4.467,-1.797,5,Y,667,S
-8.654,-4.587,1,Y,667,T
2.115,0.0299,3,Y,667,W
0,0,,Y,667,Y
0.05975,0.001961,1,N,668,-
-9.526,-4.651,11,N,668,A
-11.19,-4.69,2,N,668,C
7.012,0.034,4,N,668,D
-11.69,-4.693,6,N,668,E
-12.07,-4.695,2,N,668,F
-15.09,-4.699,1,N,668,G
-5.558,-3.054,6,N,668,H
-5.338,-2.812,5,N,668,I
-9.306,-4.64,7,N,668,K
-5.865,-3.366,3,N,668,L
-8.634,-4.585,1,N,668,M
0,0,,N,668,N
-16.39,-4.699,7,N,668,P
8.336,0.03402,1,N,668,Q
-5.822,-3.325,7,N,668,R
-9.267,-4.638,7,N,668,S
-5.028,-2.451,1,N,668,T
-7.811,-4.448,9,N,668,V
-9.719,-4.66,2,N,668,W
-5.335,-2.807,4,N,668,Y
-0.515,-0.02265,1,L,669,-
-9.938,-4.667,2,L,669,A
-6.776,-4.055,5,L,669,C
-5.305,-2.774,5,L,669,D
-3.631,-0.9825,6,L,669,F
-6.878,-4.109,2,L,669,H
-0.5631,-0.02541,1,L,669,I
-7.13,-4.228,10,L,669,K
0,0,,L,669,L
-0.2774,-0.01078,11,L,669,M
-4.353,-1.671,3,L,669,N
-6.078,-3.561,3,L,669,P
-9.734,-4.66,5,L,669,Q
-6.017,-3.507,3,L,669,R
-6.247,-3.701,1,L,669,S
-5.923,-3.422,3,L,669,T
-4.909,-2.311,7,L,669,V
-5.308,-2.777,1,L,669,W
-8.64,-4.586,5,L,669,Y
-5.831,-3.334,1,V,67,-
-0.9013,-0.04891,1,V,67,E
-3.271,-0.7241,1,V,67,L
6.062,0.03395,7,V,67,M
0,0,,V,67,V
-0.9873,-0.05622,1,S,670,-
-4.435,-1.761,3,S,670,A
-9.159,-4.631,4,S,670,C
-4.228,-1.536,7,S,670,D
-5.019,-2.441,5,S,670,E
-5.539,-3.034,12,S,670,F
-2.65,-0.4062,7,S,670,G
-7.168,-4.244,10,S,670,H
-12.97,-4.697,9,S,670,I
-6.526,-3.903,3,S,670,K
-11.29,-4.691,2,S,670,L
-6.899,-4.12,3,S,670,M
-8.513,-4.571,8,S,670,N
-12.96,-4.697,10,S,670,P
-9.773,-4.662,6,S,670,R
0,0,,S,670,S
-3.06,-0.5994,8,S,670,T
-7.517,-4.368,5,S,670,V
-5.545,-3.04,3,S,670,W
-9.288,-4.639,5,S,670,Y
0.5001,0.01333,1,S,671,-
2.731,0.0318,4,S,671,A
-7.27,-4.284,5,S,671,D
-6.546,-3.916,8,S,671,E
-3.701,-1.039,6,S,671,F
-10.29,-4.677,1,S,671,G
-2.004,-0.2074,1,S,671,H
-4.264,-1.575,3,S,671,I
-3.998,-1.305,4,S,671,K
-2.408,-0.3183,4,S,671,L
1.201,0.02374,6,S,671,M
-3.916,-1.228,2,S,671,N
-2.757,-0.4508,3,S,671,P
0.901,0.02015,2,S,671,Q
-2.594,-0.3841,1,S,671,R
0,0,,S,671,S
8.47,0.03402,3,S,671,T
3.057,0.03242,6,S,671,V
3.392,0.03288,1,S,671,W
4.406,0.03361,9,S,671,Y
-1.361,-0.09593,2,V,672,-
3.512,0.03301,7,V,672,A
-3.981,-1.289,6,V,672,C
-8.475,-4.566,3,V,672,D
-4.842,-2.231,1,V,672,E
-1.909,-0.1864,6,V,672,F
-10.13,-4.673,9,V,672,G
-5.268,-2.731,1,V,672,H
-9.914,-4.667,8,V,672,I
-4.498,-1.832,2,V,672,K
2.23,0.03035,3,V,672,L
-3.787,-1.112,3,V,672,M
-6.868,-4.104,5,V,672,N
-7.205,-4.259,5,V,672,P
-5.094,-2.528,2,V,672,Q
-7.81,-4.448,4,V,672,R
-4.001,-1.308,2,V,672,S
-7.876,-4.463,5,V,672,T
0,0,,V,672,V
-1.202,-0.07737,5,V,672,W
-12.88,-4.697,6,V,672,Y
-7.579,-4.387,3,I,673,-
-12.56,-4.696,4,I,673,A
-5.212,-2.666,6,I,673,C
-2.383,-0.3105,1,I,673,E
-3.027,-0.5814,1,I,673,F
-9.071,-4.625,3,I,673,G
4.806,0.03375,1,I,673,H
0,0,,I,673,I
-7.37,-4.32,1,I,673,K
-3.627,-0.9793,3,I,673,L
1.144,0.02314,3,I,673,M
-9.734,-4.66,5,I,673,N
-9.299,-4.64,7,I,673,P
-9.204,-4.634,2,I,673,Q
-6.492,-3.879,8,I,673,R
-5.733,-3.237,2,I,673,S
-4.89,-2.287,6,I,673,T
3.531,0.03303,2,I,673,V
-4.792,-2.172,9,I,673,W
-7.368,-4.319,3,I,673,Y
-1.61,-0.1315,1,P,674,-
-5.093,-2.528,7,P,674,A
-7.827,-4.452,2,P,674,C
-7.312,-4.299,6,P,674,D
-6.182,-3.648,6,P,674,E
-5.19,-2.641,3,P,674,F
-4.796,-2.177,2,P,674,G
-5.991,-3.484,19,P,674,H
-4.489,-1.822,6,P,674,I
-7.958,-4.481,5,P,674,K
-9.183,-4.632,4,P,674,L
-10.91,-4.687,5,P,674,M
-3.303,-0.7445,1,P,674,N
0,0,,P,674,P
-4.822,-2.208,3,P,674,Q
-11.92,-4.694,6,P,674,R
-7.892,-4.466,4,P,674,S
-8.743,-4.597,5,P,674,T
-11.57,-4.693,3,P,674,V
-6.591,-3.944,6,P,674,W
-0.3956,-0.01634,1,S,675,-
7.785,0.03402,6,S,675,A
-4.32,-1.634,6,S,675,C
-4.505,-1.84,3,S,675,D
-8.375,-4.553,2,S,675,E
-2.518,-0.3561,5,S,675,F
2.055,0.02964,3,S,675,G
2.627,0.03156,1,S,675,H
-3.454,-0.8479,12,S,675,I
0.1849,0.005711,1,S,675,K
7.173,0.03401,5,S,675,L
0.9057,0.02022,1,S,675,M
-1.195,-0.07657,5,S,675,N
-5.066,-2.496,2,S,675,P
3.775,0.03325,4,S,675,Q
5.684,0.03392,5,S,675,R
0,0,,S,675,S
0.6354,0.01594,6,S,675,T
-3.978,-1.287,2,S,675,V
-4.847,-2.236,5,S,675,W
-3.94,-1.25,2,S,675,Y
-0.3876,-0.01594,1,L,676,-
-6.289,-3.733,2,L,676,A
-4.334,-1.65,7,L,676,C
-3.993,-1.301,4,L,676,D
-3.05,-0.5936,3,L,676,E
2.535,0.03132,13,L,676,F
-2.883,-0.5081,5,L,676,G
0.3694,0.01046,4,L,676,H
4.542,0.03367,3,L,676,I
3.48,0.03298,2,L,676,K
0,0,,L,676,L
3.306,0.03278,9,L,676,M
-1.043,-0.06131,3,L,676,N
-3.833,-1.153,3,L,676,P
0.3494,0.009985,5,L,676,Q
-3.134,-0.6407,1,L,676,R
-9.296,-4.639,1,L,676,S
1.454,0.02604,5,L,676,T
2.853,0.03206,2,L,676,V
-4.38,-1.7,3,L,676,W
0.79,0.01853,7,L,676,Y
1.242,0.02415,2,P,677,-
-2.921,-0.5269,2,P,677,A
4.674,0.03371,5,P,677,C
4.93,0.03378,6,P,677,D
1.784,0.02828,5,P,677,E
0.696,0.017,3,P,677,F
1.272,0.02445,9,P,677,H
-3.863,-1.179,5,P,677,I
-2.938,-0.5352,4,P,677,K
0.06731,0.0022,3,P,677,L
-0.5554,-0.02496,3,P,677,M
5.395,0.03388,6,P,677,N
0,0,,P,677,P
-2.641,-0.4024,4,P,677,Q
5.609,0.03391,10,P,677,S
1.246,0.02419,5,P,677,T
-8.989,-4.618,3,P,677,V
-2.506,-0.3517,4,P,677,W
3.763,0.03324,2,P,677,Y
2.848,0.03205,1,T,678,-
-2.712,-0.4314,5,T,678,A
-3.21,-0.6864,7,T,678,C
-3.459,-0.8517,2,T,678,D
-2.343,-0.2979,3,T,678,E
-2.879,-0.5062,11,T,678,F
-1.68,-0.143,4,T,678,G
-3.428,-0.8295,1,T,678,H
3.071,0.03244,5,T,678,I
9.326,0.03403,8,T,678,K
-0.5404,-0.02409,9,T,678,L
-0.9091,-0.04954,3,T,678,M
1.182,0.02354,6,T,678,N
2.903,0.03215,2,T,678,P
0.2195,0.006667,5,T,678,Q
1.39,0.02551,4,T,678,R
-13.13,-4.697,1,T,678,S
0,0,,T,678,T
-8.484,-4.567,3,T,678,V
-3.358,-0.7814,7,T,678,W
-0.051,-0.001767,3,T,678,Y
-1.621,-0.1332,2,S,679,-
-3.53,-0.9035,3,S,679,C
5.716,0.03392,7,S,679,D
-0.03283,-0.001127,3,S,679,E
-4.116,-1.422,6,S,679,F
-1.902,-0.185,3,S,679,G
5.563,0.0339,4,S,679,H
-3.312,-0.7504,3,S,679,I
-2.741,-0.4438,5,S,679,K
4.084,0.03345,5,S,679,L
-0.5551,-0.02494,2,S,679,M
-1.672,-0.1417,10,S,679,N
8.905,0.03403,5,S,679,P
-2.04,-0.2156,3,S,679,Q
-9.149,-4.63,3,S,679,R
0,0,,S,679,S
2.621,0.03154,5,S,679,T
9.975,0.03403,4,S,679,V
-3.899,-1.213,5,S,679,W
-1.418,-0.1034,2,S,679,Y
-4.798,-2.179,1,D,68,-
0.3626,0.0103,1,D,68,A
0,0,,D,68,D
-0.7449,-0.03708,1,D,68,G
-2.222,-0.2624,6,D,68,N
-1.294,-0.08777,5,D,68,Y
-10.77,-4.685,10,G,680,*
-1.311,-0.08977,3,G,680,-
0.6844,0.01681,3,G,680,A
-8.557,-4.576,1,G,680,C
3.41,0.0329,1,G,680,D
-2.449,-0.3321,15,G,680,E
-4.654,-2.01,2,G,680,F
0,0,,G,680,G
-1.236,-0.08109,4,G,680,H
-4.579,-1.923,14,G,680,I
-3.736,-1.068,5,G,680,K
-3.918,-1.23,6,G,680,L
-1.812,-0.1669,7,G,680,M
-2.738,-0.4426,9,G,680,N
-3.761,-1.09,3,G,680,P
4.455,0.03363,3,G,680,Q
-0.9137,-0.04993,20,G,680,R
0.7316,0.0176,5,G,680,S
-2.091,-0.2281,5,G,680,T
-3.584,-0.9455,10,G,680,V
-8.625,-4.584,1,G,680,W
-4.03,-1.336,6,G,680,Y
0.7676,0.01818,3,S,681,-
1.141,0.0231,6,S,681,A
-3.162,-0.6572,2,S,681,C
-2.175,-0.2496,3,S,681,D
2.438,0.03104,5,S,681,E
-1.341,-0.09345,1,S,681,F
3.553,0.03305,6,S,681,G
-1.633,-0.1352,8,S,681,H
0.3071,0.008952,6,S,681,I
-11.6,-4.693,2,S,681,L
0.7818,0.0184,4,S,681,M
4.366,0.0336,8,S,681,N
2.114,0.02989,3,S,681,P
3.158,0.03257,1,S,681,Q
-1.203,-0.0774,4,S,681,R
0,0,,S,681,S
-3.599,-0.9572,2,S,681,T
-1.802,-0.165,2,S,681,V
-5.074,-2.505,4,S,681,W
-4.397,-1.719,3,S,681,Y
-0.3042,-0.01198,3,R,682,-
-3.415,-0.8207,2,R,682,C
3.131,0.03254,3,R,682,D
5.071,0.03382,1,R,682,E
-2.856,-0.4955,4,R,682,F
2.452,0.03108,2,R,682,G
-3.409,-0.8164,7,R,682,H
-2.965,-0.5491,10,R,682,I
-0.3811,-0.01562,11,R,682,K
-2.74,-0.4432,4,R,682,L
-3.724,-1.058,7,R,682,M
-6.945,-4.143,3,R,682,N
3.438,0.03293,6,R,682,Q
0,0,,R,682,R
2.226,0.03033,4,R,682,S
-3.56,-0.9266,5,R,682,T
-2.224,-0.2629,10,R,682,V
-5.128,-2.568,4,R,682,W
-4.095,-1.4,9,R,682,Y
-1.864,-0.1771,3,V,683,-
7.081,0.034,1,V,683,A
-3.137,-0.6429,2,V,683,C
-9.441,-4.647,2,V,683,D
-3.391,-0.8036,5,V,683,E
-3.198,-0.6786,6,V,683,F
0.6204,0.01567,6,V,683,G
-2.388,-0.312,11,V,683,H
-1.429,-0.1048,12,V,683,I
5.221,0.03385,4,V,683,K
0.4586,0.01246,3,V,683,L
-1.342,-0.09358,6,V,683,M
-3.413,-0.819,1,V,683,N
-1.565,-0.1244,3,V,683,P
1.257,0.0243,12,V,683,Q
4.103,0.03347,1,V,683,R
0.6917,0.01693,3,V,683,S
3.037,0.03239,3,V,683,T
0,0,,V,683,V
-4.407,-1.73,2,V,683,W
2.292,0.03057,2,V,683,Y
-9.382,-4.644,4,A,684,-
0,0,,A,684,A
2.937,0.03221,4,A,684,C
-7.226,-4.267,8,A,684,D
-5.473,-2.962,2,A,684,E
4.8,0.03375,8,A,684,F
-2.955,-0.5437,8,A,684,G
-4.578,-1.922,2,A,684,H
-1.807,-0.1661,5,A,684,I
0.3952,0.01106,1,A,684,K
-2.172,-0.2489,4,A,684,M
-14.2,-4.698,5,A,684,N
3.594,0.03309,2,A,684,P
-7.991,-4.487,3,A,684,Q
-2.538,-0.3632,6,A,684,R
-2.304,-0.2859,15,A,684,S
-2.79,-0.4654,8,A,684,T
4.407,0.03361,6,A,684,V
-2.814,-0.4762,7,A,684,W
1.102,0.02267,4,A,684,Y
-2.709,-0.4302,5,G,685,-
-1.697,-0.1459,2,G,685,A
-2.718,-0.4338,15,G,685,C
-4.57,-1.913,14,G,685,D
-4.91,-2.311,2,G,685,E
-3.794,-1.118,3,G,685,F
0,0,,G,685,G
-4.58,-1.925,1,G,685,H
0.8953,0.02007,8,G,685,I
-3.533,-0.9059,4,G,685,K
0.4849,0.01302,1,G,685,L
-2.138,-0.2399,2,G,685,M
-6.117,-3.594,3,G,685,N
-2.384,-0.3107,1,G,685,P
-1.805,-0.1656,5,G,685,Q
8.911,0.03403,4,G,685,R
-3.579,-0.9412,17,G,685,S
-0.01922,-0.0006556,3,G,685,T
-2.287,-0.281,12,G,685,V
0.6807,0.01674,4,G,685,W
4.707,0.03372,7,G,685,Y
-2.156,-0.2446,1,R,686,*
0.5431,0.0142,3,R,686,-
-7.659,-4.409,8,R,686,A
-6.942,-4.142,8,R,686,C
-14.15,-4.698,13,R,686,D
-7.142,-4.233,4,R,686,E
-5.745,-3.249,5,R,686,F
-8.125,-4.513,8,R,686,G
-3.314,-0.7517,5,R,686,H
-12.82,-4.697,6,R,686,I
-3.746,-1.077,10,R,686,K
-11.69,-4.693,5,R,686,L
-4.839,-2.228,3,R,686,M
-6.642,-3.977,2,R,686,N
2.039,0.02957,3,R,686,P
-17.17,-4.699,5,R,686,Q
0,0,,R,686,R
-8.056,-4.5,10,R,686,S
-3.472,-0.8613,8,R,686,T
-6.943,-4.142,3,R,686,V
-4.774,-2.151,5,R,686,W
-5.439,-2.924,4,R,686,Y
-8.669,-4.589,4,S,687,*
-2.81,-0.474,2,S,687,-
-9.203,-4.634,4,S,687,A
-5.229,-2.686,2,S,687,C
-0.08362,-0.002945,1,S,687,D
-7.086,-4.209,1,S,687,E
-6.21,-3.671,6,S,687,F
-8.919,-4.613,5,S,687,H
-5.227,-2.684,5,S,687,I
-4.496,-1.829,5,S,687,K
-10.47,-4.68,14,S,687,L
-7.935,-4.476,6,S,687,M
-7.224,-4.266,4,S,687,N
-10.59,-4.682,5,S,687,P
-7.951,-4.479,6,S,687,Q
-10.62,-4.683,2,S,687,R
0,0,,S,687,S
-5.958,-3.454,8,S,687,T
-13.33,-4.698,5,S,687,V
-6.428,-3.836,2,S,687,W
-8.557,-4.576,2,S,687,Y
-0.7497,-0.03742,2,A,688,-
0,0,,A,688,A
0.6979,0.01703,1,A,688,C
-4.928,-2.333,3,A,688,D
-2.763,-0.4534,8,A,688,E
1.153,0.02323,2,A,688,F
-4.593,-1.94,6,A,688,G
0.3356,0.009652,1,A,688,H
2.564,0.0314,8,A,688,I
1.588,0.02704,5,A,688,K
0.04149,0.001373,1,A,688,L
-8.583,-4.579,2,A,688,M
-2.878,-0.5058,4,A,688,N
-1.313,-0.09004,8,A,688,P
1.82,0.02848,6,A,688,Q
7.939,0.03402,6,A,688,R
0.2298,0.006947,17,A,688,S
7.104,0.034,11,A,688,T
4.338,0.03358,9,A,688,V
-2.991,-0.5623,1,A,688,W
3.265,0.03272,4,A,688,Y
0.5814,0.01494,2,I,689,-
-6.448,-3.85,5,I,689,A
-3.768,-1.096,1,I,689,C
-6.37,-3.794,7,I,689,D
-8.411,-4.558,5,I,689,E
-0.97,-0.05469,7,I,689,F
-7.71,-4.423,2,I,689,G
-5.169,-2.617,3,I,689,H
0,0,,I,689,I
-4.138,-1.443,6,I,689,K
4.719,0.03373,8,I,689,L
3.469,0.03296,2,I,689,M
-8.65,-4.587,1,I,689,N
-6.791,-4.063,9,I,689,P
-8.661,-4.588,2,I,689,Q
-4.961,-2.371,2,I,689,R
-8.704,-4.593,2,I,689,S
-3.663,-1.008,2,I,689,T
6.406,0.03398,8,I,689,V
-8.585,-4.58,8,I,689,W
-4.708,-2.073,2,I,689,Y
0.5838,0.01499,1,G,69,A
-4.288,-1.601,7,G,69,C
1.008,0.02155,4,G,69,D
0,0,,G,69,G
-10.26,-4.676,1,G,69,R
-1.321,-0.09102,5,G,69,S
2.944,0.03223,1,G,69,V
-4.792,-2.172,5,E,690,*
1.58,0.02698,2,E,690,-
-8.753,-4.598,11,E,690,A
-22.7,-4.699,5,E,690,C
-11.92,-4.694,14,E,690,D
0,0,,E,690,E
-12.74,-4.697,7,E,690,F
-19.55,-4.699,4,E,690,G
-5.599,-3.098,4,E,690,H
-1.467,-0.1101,1,E,690,I
-16.2,-4.699,6,E,690,K
-11.51,-4.692,7,E,690,L
-6.807,-4.072,9,E,690,M
-6.675,-3.996,4,E,690,N
-6.691,-4.006,2,E,690,P
-5.696,-3.199,5,E,690,Q
-5.987,-3.48,5,E,690,R
-3.82,-1.141,4,E,690,S
-7.151,-4.237,2,E,690,T
-10.62,-4.683,10,E,690,V
-9.809,-4.663,5,E,690,W
-7.784,-4.442,7,E,690,Y
-0.3239,-0.01289,2,D,691,-
0.3696,0.01046,5,D,691,A
0,0,,D,691,D
9.964,0.03403,3,D,691,E
-4.944,-2.352,1,D,691,F
-4.318,-1.632,6,D,691,G
-8.66,-4.588,4,D,691,I
-4.253,-1.563,3,D,691,K
-5.556,-3.052,6,D,691,L
-4.648,-2.004,4,D,691,M
3.28,0.03274,4,D,691,N
-5.815,-3.319,3,D,691,P
-5.242,-2.701,8,D,691,Q
10.24,0.03403,8,D,691,S
-3.744,-1.075,5,D,691,T
-2.285,-0.2804,2,D,691,V
-5.197,-2.649,4,D,691,W
-5.925,-3.423,10,D,691,Y
0.3988,0.01114,3,I,692,-
-0.1816,-0.00672,2,I,692,A
-7.213,-4.262,1,I,692,C
-9.202,-4.634,3,I,692,D
1.313,0.02483,1,I,692,E
-12.14,-4.695,7,I,692,F
-7.469,-4.353,13,I,692,G
-8.509,-4.571,4,I,692,H
0,0,,I,692,I
-5.271,-2.734,8,I,692,K
-2.732,-0.4397,3,I,692,L
-3.552,-0.9203,4,I,692,M
-9.302,-4.64,5,I,692,N
-8.684,-4.591,4,I,692,P
-6.537,-3.91,6,I,692,Q
-0.3402,-0.01365,3,I,692,R
-3.593,-0.9523,2,I,692,S
-5.21,-2.665,10,I,692,T
-3.477,-0.865,8,I,692,V
-5.295,-2.762,2,I,692,W
-6.426,-3.834,1,I,692,Y
-0.08124,-0.002858,2,L,693,-
-7.963,-4.482,4,L,693,A
-8.241,-4.532,8,L,693,C
-5.6,-3.099,3,L,693,D
-9.021,-4.621,2,L,693,E
-9.781,-4.662,4,L,693,F
-8.173,-4.521,4,L,693,G
-4.633,-1.986,5,L,693,H
3.822,0.03328,5,L,693,I
-6.794,-4.065,2,L,693,K
0,0,,L,693,L
-3.058,-0.5982,9,L,693,M
-9.902,-4.666,4,L,693,N
-3.166,-0.6596,2,L,693,P
-3.739,-1.071,3,L,693,Q
-7.952,-4.479,5,L,693,R
-7.919,-4.472,5,L,693,S
-12.95,-4.697,9,L,693,T
-7.049,-4.192,5,L,693,V
-4.957,-2.367,1,L,693,Y
-1.296,-0.08796,2,F,694,-
-3.867,-1.183,3,F,694,A
-9.153,-4.63,3,F,694,C
-14.12,-4.698,5,F,694,D
-11.39,-4.691,9,F,694,E
0,0,,F,694,F
-5.834,-3.337,7,F,694,G
-3.466,-0.8564,4,F,694,H
-5.24,-2.698,3,F,694,I
-5.319,-2.79,2,F,694,K
-9.871,-4.665,13,F,694,L
-6.071,-3.554,5,F,694,M
-7.286,-4.29,4,F,694,N
-4.65,-2.006,5,F,694,P
-6.294,-3.737,3,F,694,Q
-6.949,-4.145,6,F,694,R
-7.601,-4.393,3,F,694,S
-2.004,-0.2073,1,F,694,T
-4.276,-1.588,1,F,694,V
-3.619,-0.9729,8,F,694,W
-2.698,-0.4258,3,F,694,Y
-6.503,-3.887,4,S,695,-
-7.623,-4.399,4,S,695,C
-4.614,-1.964,2,S,695,F
-0.3994,-0.01653,2,S,695,G
-4.74,-2.111,3,S,695,H
-15.08,-4.698,13,S,695,I
-8.583,-4.579,2,S,695,K
-1.882,-0.1808,2,S,695,L
-1.585,-0.1275,10,S,695,M
11.49,0.03403,10,S,695,N
-5.885,-3.386,5,S,695,P
-1.737,-0.153,8,S,695,Q
-3.07,-0.6048,4,S,695,R
0,0,,S,695,S
3.618,0.03311,7,S,695,T
-9.228,-4.635,3,S,695,V
-7.401,-4.331,5,S,695,W
-4.23,-1.538,5,S,695,Y
-2.096,-0.2293,1,K,696,-
-6.596,-3.948,3,K,696,A
-7.311,-4.299,5,K,696,D
-10.86,-4.686,7,K,696,F
-4.117,-1.423,3,K,696,G
-2.683,-0.4192,9,K,696,H
-5.304,-2.773,2,K,696,I
0,0,,K,696,K
-5.003,-2.421,6,K,696,L
-5.536,-3.03,4,K,696,M
-4.806,-2.188,11,K,696,N
-4.276,-1.587,3,K,696,P
-3.999,-1.306,7,K,696,Q
0.9237,0.02046,4,K,696,R
-2.963,-0.5477,3,K,696,T
-3.989,-1.297,3,K,696,V
-9.007,-4.62,2,K,696,W
-6.288,-3.732,10,K,696,Y
-0.1562,-0.005705,1,L,697,-
-3.434,-0.8336,8,L,697,C
-3.926,-1.237,5,L,697,D
0.07645,0.002488,2,L,697,E
5.291,0.03386,7,L,697,F
-7.327,-4.305,5,L,697,G
-13.65,-4.698,2,L,697,H
5.565,0.0339,8,L,697,I
-3.767,-1.094,15,L,697,K
0,0,,L,697,L
2.672,0.03166,1,L,697,M
-7.133,-4.229,5,L,697,N
7.77,0.03402,7,L,697,P
-4.412,-1.736,4,L,697,R
0.7675,0.01817,5,L,697,S
-3.503,-0.8834,1,L,697,T
5.124,0.03383,5,L,697,V
0.9521,0.02084,3,L,697,W
11.21,0.03403,4,L,697,Y
0.3117,0.009066,1,V,698,-
-3.585,-0.946,8,V,698,A
-6.483,-3.874,7,V,698,C
1.448,0.02599,6,V,698,D
-10.86,-4.686,4,V,698,E
-4.266,-1.577,4,V,698,F
-4.111,-1.416,8,V,698,G
-3.541,-0.9119,10,V,698,H
3.04,0.03239,4,V,698,I
-4.581,-1.927,7,V,698,K
-3.791,-1.115,11,V,698,L
-2.544,-0.3657,7,V,698,M
-3.635,-0.9857,3,V,698,N
-5.576,-3.073,6,V,698,P
7.899,0.03402,3,V,698,Q
4.02,0.03342,4,V,698,R
4.792,0.03375,3,V,698,S
8.13,0.03402,7,V,698,T
0,0,,V,698,V
0.768,0.01818,3,V,698,W
-3.809,-1.131,7,V,698,Y
0.4071,0.01133,1,T,699,-
-1.864,-0.1773,5,T,699,A
-9.494,-4.65,4,T,699,C
-5.233,-2.691,7,T,699,D
1.749,0.02807,1,T,699,E
-3.693,-1.033,3,T,699,F
-3.579,-0.9416,7,T,699,G
-7.555,-4.38,1,T,699,H
-0.2381,-0.009066,6,T,699,I
-9.402,-4.645,1,T,699,K
-4.116,-1.421,2,T,699,L
-4.682,-2.043,6,T,699,M
-4.609,-1.959,8,T,699,N
-5.165,-2.612,8,T,699,P
-3.519,-0.8959,3,T,699,Q
-8.991,-4.619,1,T,699,R
-3.103,-0.623,3,T,699,S
0,0,,T,699,T
-4.293,-1.605,4,T,699,V
-8.866,-4.608,1,T,699,W
-4.18,-1.487,9,T,699,Y
0,0,,A,7,A
-1.782,-0.1613,5,A,7,S
4.832,0.03376,4,A,7,T
-12.7,-4.697,2,A,7,V
-1.674,-0.142,4,V,70,I
0,0,,V,70,V
1.41,0.02568,1,S,700,-
1.368,0.02532,7,S,700,A
-10.54,-4.682,5,S,700,C
3.23,0.03268,2,S,700,D
-5.591,-3.09,10,S,700,F
-4.631,-1.984,2,S,700,G
-4.574,-1.918,3,S,700,H
-4.069,-1.375,6,S,700,K
-4.015,-1.322,4,S,700,L
-2.283,-0.2797,2,S,700,M
-0.3782,-0.01548,2,S,700,N
-2.704,-0.4281,1,S,700,P
-3.249,-0.71,6,S,700,Q
-1.661,-0.1398,1,S,700,R
0,0,,S,700,S
1.322,0.02491,6,S,700,T
-2.17,-0.2482,2,S,700,V
-4.721,-2.089,5,S,700,W
-4.213,-1.521,18,S,700,Y
0.9714,0.02109,1,G,701,-
-4.45,-1.778,6,G,701,A
-3.805,-1.128,3,G,701,C
2.381,0.03086,6,G,701,D
-9.03,-4.622,3,G,701,E
-6.417,-3.828,5,G,701,F
0,0,,G,701,G
-4.329,-1.645,3,G,701,H
-8.676,-4.59,2,G,701,K
-5.294,-2.761,4,G,701,L
-0.4718,-0.02028,1,G,701,M
-1.918,-0.1883,2,G,701,N
-4.686,-2.048,4,G,701,P
-3.399,-0.8091,1,G,701,Q
-3.891,-1.205,1,G,701,R
-12.7,-4.697,12,G,701,S
-5.099,-2.535,1,G,701,T
-8.125,-4.513,7,G,701,V
-7.335,-4.308,4,G,701,W
-3.48,-0.8665,1,G,701,Y
0.242,0.007273,1,L,702,-
-8.556,-4.576,1,L,702,A
-2.794,-0.467,1,L,702,C
-5.748,-3.252,5,L,702,D
-8.379,-4.553,4,L,702,E
-4.099,-1.404,7,L,702,F
3.235,0.03268,2,L,702,G
-8.487,-4.568,3,L,702,H
1.886,0.02884,1,L,702,I
-6.823,-4.081,2,L,702,K
0,0,,L,702,L
-2.866,-0.5001,11,L,702,M
-0.2052,-0.007683,3,L,702,N
-3.466,-0.8566,6,L,702,P
-4.429,-1.754,10,L,702,Q
1.953,0.02917,4,L,702,R
-4.789,-2.169,1,L,702,S
-4.509,-1.844,3,L,702,T
1.903,0.02893,5,L,702,V
1.273,0.02445,3,L,702,W
-7.275,-4.285,3,L,702,Y
-9.299,-4.64,15,G,703,*
-7.394,-4.328,5,G,703,A
-9.781,-4.662,4,G,703,C
-4.172,-1.479,5,G,703,D
-1,-0.05738,44,G,703,E
-10.16,-4.673,4,G,703,F
0,0,,G,703,G
-4.181,-1.488,7,G,703,H
-5.2,-2.653,4,G,703,I
1.206,0.02379,6,G,703,L
-3.325,-0.7588,6,G,703,M
-4.904,-2.305,1,G,703,N
-4.419,-1.743,5,G,703,P
-3.861,-1.177,3,G,703,Q
0.743,0.01778,18,G,703,R
-3.189,-0.6731,1,G,703,S
-7.244,-4.274,4,G,703,T
-3.725,-1.059,10,G,703,V
-3.146,-0.648,2,G,703,W
3.611,0.03311,5,G,703,Y
2.027,0.02952,4,T,704,A
-5.371,-2.848,4,T,704,C
-3.594,-0.9531,3,T,704,E
-2.851,-0.493,6,T,704,F
-8.563,-4.577,1,T,704,G
-1.798,-0.1643,1,T,704,H
-3.304,-0.7456,6,T,704,I
-4.209,-1.516,3,T,704,K
-2.178,-0.2504,3,T,704,L
-2.124,-0.2364,5,T,704,M
-3.524,-0.8994,7,T,704,N
-4.16,-1.466,4,T,704,P
-13.9,-4.698,2,T,704,Q
0.8809,0.01987,4,T,704,S
0,0,,T,704,T
-0.4572,-0.0195,7,T,704,V
-3.978,-1.286,3,T,704,W
-2.944,-0.5383,4,T,704,Y
-4.8,-2.181,5,V,705,A
-6.072,-3.555,3,V,705,C
-4.242,-1.552,4,V,705,E
-2.946,-0.5395,4,V,705,F
-4.763,-2.137,4,V,705,G
0.4402,0.01206,4,V,705,H
-1.786,-0.162,1,V,705,I
-5.162,-2.608,4,V,705,K
7.597,0.03401,8,V,705,L
-0.1661,-0.006096,6,V,705,M
8.525,0.03403,2,V,705,N
-4.173,-1.479,5,V,705,P
-3.881,-1.196,4,V,705,Q
-3.355,-0.7792,1,V,705,R
0.9625,0.02098,4,V,705,T
0,0,,V,705,V
-5.395,-2.875,3,V,705,W
3.056,0.03242,4,V,705,Y
0.5494,0.01433,1,D,706,-
-4.487,-1.819,1,D,706,A
-8.704,-4.593,1,D,706,C
0,0,,D,706,D
0.9285,0.02053,4,D,706,E
-4.4,-1.722,1,D,706,F
-4.922,-2.325,1,D,706,G
-4.736,-2.106,5,D,706,H
-6.643,-3.977,3,D,706,I
-3.344,-0.7716,1,D,706,K
-4.874,-2.269,3,D,706,L
-2.623,-0.3954,4,D,706,M
-7.196,-4.255,15,D,706,N
-4.704,-2.069,4,D,706,P
-3.413,-0.8193,6,D,706,Q
-4.503,-1.837,4,D,706,R
-1.299,-0.08842,2,D,706,S
-4.333,-1.648,5,D,706,T
-6.2,-3.663,5,D,706,V
-8.732,-4.596,1,D,706,W
-9.699,-4.659,8,D,706,Y
0.6779,0.01669,1,A,707,-
0,0,,A,707,A
-0.0232,-0.0007929,4,A,707,C
-4.397,-1.718,2,A,707,D
-4.976,-2.389,5,A,707,E
-4.199,-1.507,3,A,707,F
-1.53,-0.1191,4,A,707,G
-2.576,-0.3776,1,A,707,H
-1.72,-0.1499,4,A,707,I
-3.457,-0.8499,8,A,707,K
3.057,0.03242,3,A,707,M
-0.5884,-0.02691,4,A,707,N
-0.8432,-0.0443,7,A,707,P
-1.299,-0.08837,3,A,707,Q
-3.341,-0.77,10,A,707,S
-3.196,-0.6777,4,A,707,T
4.708,0.03372,11,A,707,V
-9.606,-4.655,4,A,707,Y
3.097,0.03248,1,D,708,-
-4.764,-2.139,2,D,708,A
-7.327,-4.305,3,D,708,C
0,0,,D,708,D
-8.824,-4.604,3,D,708,E
-7.076,-4.204,6,D,708,F
-4.85,-2.241,7,D,708,G
-10.26,-4.676,6,D,708,H
-4.028,-1.334,2,D,708,I
-5.959,-3.454,4,D,708,K
-7.073,-4.203,4,D,708,L
-5.497,-2.988,8,D,708,M
-2.915,-0.524,14,D,708,N
-5.425,-2.908,3,D,708,R
-4.436,-1.762,2,D,708,S
-6.135,-3.609,4,D,708,T
-7.359,-4.316,35,D,708,V
-5.173,-2.62,13,D,708,Y
-4.837,-2.225,2,Y,709,*
0.2075,0.006341,1,Y,709,-
-5.131,-2.571,3,Y,709,A
-9.991,-4.669,3,Y,709,C
2.444,0.03106,22,Y,709,F
-2.678,-0.4174,1,Y,709,G
-5.543,-3.038,6,Y,709,H
-2.563,-0.3725,4,Y,709,I
-4.443,-1.77,9,Y,709,K
-3.678,-1.02,3,Y,709,L
-3.455,-0.8488,2,Y,709,M
-7.45,-4.347,5,Y,709,N
-10.54,-4.681,4,Y,709,P
-12.96,-4.697,2,Y,709,Q
0.07232,0.002358,3,Y,709,R
-1.633,-0.1352,2,Y,709,S
-15.4,-4.699,2,Y,709,T
-3.829,-1.149,3,Y,709,V
0.7731,0.01826,8,Y,709,W
0,0,,Y,709,Y
-0.272,-0.01054,1,V,71,A
-8.685,-4.591,1,V,71,D
-3.956,-1.265,2,V,71,F
-1.704,-0.1471,1,V,71,I
0,0,,V,71,V
-1.99,-0.2041,4,K,710,-
-4.012,-1.319,4,K,710,A
-11.77,-4.694,2,K,710,C
-4.035,-1.341,3,K,710,D
-8.53,-4.573,6,K,710,E
-4.745,-2.117,4,K,710,F
-4.387,-1.707,2,K,710,G
-5.4,-2.881,5,K,710,H
-4.534,-1.872,3,K,710,I
0,0,,K,710,K
-13.57,-4.698,2,K,710,L
-9.171,-4.632,4,K,710,M
-5.401,-2.882,16,K,710,N
-11.85,-4.694,2,K,710,P
-8.557,-4.576,1,K,710,Q
-2.749,-0.4474,2,K,710,R
-7.191,-4.253,4,K,710,S
-4.884,-2.281,2,K,710,T
-9.551,-4.653,4,K,710,V
-10.36,-4.678,3,K,710,W
-9.143,-4.63,4,K,710,Y
-2.471,-0.3397,2,K,711,*
2.081,0.02976,2,K,711,-
3.62,0.03311,5,K,711,A
-8.675,-4.59,1,K,711,C
-10.07,-4.671,2,K,711,D
1.086,0.02249,8,K,711,E
-5.821,-3.324,4,K,711,F
0.02692,0.0008975,5,K,711,G
-1.091,-0.06591,3,K,711,H
0,0,,K,711,K
-2.548,-0.3669,1,K,711,L
-3.189,-0.6731,4,K,711,M
1.307,0.02478,2,K,711,N
-5.531,-3.026,2,K,711,P
7.436,0.03401,3,K,711,Q
0.2646,0.007868,2,K,711,R
3.672,0.03316,3,K,711,S
3.338,0.03282,3,K,711,T
3.754,0.03323,4,K,711,V
-4.352,-1.669,2,K,711,W
-5.718,-3.222,2,K,711,Y
-0.2981,-0.01171,1,C,712,*
0.3777,0.01065,2,C,712,-
-7.366,-4.319,4,C,712,A
0,0,,C,712,C
-6.937,-4.139,1,C,712,D
-4.223,-1.531,2,C,712,E
-9.444,-4.648,10,C,712,F
-6.201,-3.663,3,C,712,G
-4.792,-2.172,5,C,712,H
-8.323,-4.545,9,C,712,I
-2.122,-0.2358,3,C,712,K
-2.293,-0.2827,1,C,712,L
-5.228,-2.684,2,C,712,M
-4.849,-2.24,2,C,712,N
-8.651,-4.587,1,C,712,P
-5.177,-2.626,2,C,712,Q
-9.717,-4.66,5,C,712,R
-5.896,-3.396,3,C,712,S
-11.85,-4.694,1,C,712,T
-1.729,-0.1515,1,C,712,V
-8.627,-4.584,1,C,712,W
-11.4,-4.691,14,C,712,Y
1.648,0.02744,2,T,713,-
5.534,0.0339,3,T,713,A
-1.616,-0.1325,2,T,713,C
-2.055,-0.2192,1,T,713,D
-4.83,-2.217,3,T,713,E
-1.675,-0.1421,5,T,713,F
2.572,0.03142,3,T,713,G
0.09835,0.003167,4,T,713,H
-8.964,-4.617,3,T,713,I
1.05,0.02207,1,T,713,K
-0.1703,-0.006266,3,T,713,L
-2.258,-0.2725,5,T,713,M
-6.793,-4.064,4,T,713,N
-5.132,-2.573,3,T,713,P
2.944,0.03223,3,T,713,Q
0.3362,0.009667,1,T,713,R
3.503,0.033,1,T,713,S
0,0,,T,713,T
2.562,0.03139,4,T,713,V
4.262,0.03355,3,T,713,W
-4.463,-1.792,1,T,713,Y
-0.8951,-0.04841,1,K,714,-
-3.536,-0.9088,1,K,714,A
-2.874,-0.5042,1,K,714,C
-2.263,-0.2739,8,K,714,D
0.7332,0.01762,6,K,714,E
-4.391,-1.712,3,K,714,F
-2.829,-0.4829,1,K,714,G
2.713,0.03176,8,K,714,H
-3.427,-0.8289,5,K,714,I
0,0,,K,714,K
-5.783,-3.287,1,K,714,L
4.278,0.03356,3,K,714,N
-4.382,-1.702,1,K,714,P
-3.095,-0.6186,5,K,714,Q
-0.1071,-0.003817,1,K,714,R
-4.083,-1.388,4,K,714,S
2.1,0.02984,1,K,714,T
-3.931,-1.242,3,K,714,V
-4.339,-1.655,2,K,714,W
-4.789,-2.168,7,K,714,Y
-0.3587,-0.01453,1,G,715,-
-2.156,-0.2446,2,G,715,A
-12.74,-4.697,11,G,715,C
-4.588,-1.934,6,G,715,D
-4.867,-2.261,1,G,715,E
-10.77,-4.685,3,G,715,F
0,0,,G,715,G
-7.296,-4.293,3,G,715,I
-9.105,-4.627,2,G,715,K
-4.563,-1.905,4,G,715,L
-3.3,-0.7428,2,G,715,M
-3.922,-1.234,4,G,715,N
-6.075,-3.558,2,G,715,P
-6.979,-4.16,4,G,715,Q
-5.055,-2.482,4,G,715,R
2.444,0.03106,7,G,715,S
-3.249,-0.7102,2,G,715,T
-6.601,-3.951,9,G,715,V
-4.126,-1.432,4,G,715,W
-6.96,-4.15,8,G,715,Y
1.721,0.02791,1,L,716,-
2.136,0.02999,1,L,716,A
-4.107,-1.412,4,L,716,C
-4.514,-1.85,4,L,716,D
-3.165,-0.6592,3,L,716,E
-0.7254,-0.03573,4,L,716,F
-4.385,-1.706,3,L,716,G
-3.892,-1.206,10,L,716,I
-4.288,-1.6,2,L,716,K
0,0,,L,716,L
-3.625,-0.9773,1,L,716,N
-0.5431,-0.02424,1,L,716,P
0.4521,0.01232,4,L,716,Q
-8.563,-4.577,1,L,716,R
-7.703,-4.421,5,L,716,S
1.87,0.02875,1,L,716,T
0.7033,0.01713,3,L,716,V
4.958,0.03379,3,L,716,W
0.689,0.01688,1,S,717,-
3.874,0.03332,2,S,717,A
-1.795,-0.1636,4,S,717,C
-0.4253,-0.01784,5,S,717,F
-2.926,-0.5293,4,S,717,G
4.606,0.03369,2,S,717,H
-6.526,-3.902,9,S,717,I
-4.504,-1.839,3,S,717,K
-9.006,-4.62,3,S,717,L
-4.023,-1.33,1,S,717,M
-3.943,-1.253,8,S,717,N
-4.398,-1.72,5,S,717,P
-5.631,-3.131,3,S,717,Q
-2.896,-0.5144,4,S,717,R
0,0,,S,717,S
0.7396,0.01773,2,S,717,T
-0.8151,-0.04217,2,S,717,V
10.21,0.03403,5,S,717,W
-2.746,-0.446,2,S,717,Y
0.7788,0.01835,1,I,718,-
9.965,0.03403,2,I,718,A
-4.544,-1.884,3,I,718,C
-5.678,-3.181,4,I,718,D
-5.642,-3.143,4,I,718,E
-3.583,-0.9447,4,I,718,F
-6.563,-3.927,1,I,718,G
-4.661,-2.018,3,I,718,H
0,0,,I,718,I
-5.062,-2.491,5,I,718,K
3.176,0.0326,3,I,718,L
-3.432,-0.8326,4,I,718,M
-8.304,-4.542,8,I,718,P
-8.668,-4.589,1,I,718,Q
-9.538,-4.652,3,I,718,R
-20.99,-4.699,2,I,718,S
-4.994,-2.41,2,I,718,T
-1.558,-0.1234,6,I,718,V
-8.683,-4.59,3,I,718,W
-4.288,-1.6,4,I,718,Y
0.3813,0.01074,1,A,719,-
0,0,,A,719,A
-5.895,-3.395,5,A,719,C
-0.8103,-0.04181,9,A,719,D
-8.628,-4.585,3,A,719,E
-4.148,-1.454,1,A,719,F
0.8317,0.01916,2,A,719,G
-3.903,-1.216,4,A,719,H
-3.977,-1.285,3,A,719,I
-1.261,-0.08391,1,A,719,K
-11.58,-4.693,1,A,719,L
-6.016,-3.506,4,A,719,M
8.735,0.03403,2,A,719,P
2.321,0.03067,3,A,719,Q
2.671,0.03166,7,A,719,R
8.235,0.03402,5,A,719,S
-2.115,-0.2341,9,A,719,T
1.638,0.02738,9,A,719,V
-2.563,-0.3725,5,A,719,W
4.722,0.03373,4,A,719,Y
-6.77,-4.051,4,R,72,L
-5.019,-2.44,6,R,72,Q
0,0,,R,72,R
-6.922,-4.132,4,R,72,W
0.6517,0.01623,1,D,720,-
-6.591,-3.945,5,D,720,A
-13.61,-4.698,3,D,720,C
0,0,,D,720,D
1.514,0.0265,1,D,720,E
-8.006,-4.49,8,D,720,F
3.1,0.03249,1,D,720,G
1.382,0.02544,2,D,720,H
-17.95,-4.699,5,D,720,I
-4.4,-1.722,3,D,720,K
-4.988,-2.404,3,D,720,L
-3.741,-1.073,2,D,720,M
-5.85,-3.352,17,D,720,N
-4.311,-1.624,8,D,720,P
-8.708,-4.593,3,D,720,Q
-1.296,-0.08802,1,D,720,R
-0.6913,-0.03342,9,D,720,S
-5.287,-2.753,4,D,720,T
-9.578,-4.654,3,D,720,V
-8.084,-4.505,2,D,720,W
-0.9243,-0.05081,7,D,720,Y
-1.661,-0.1398,1,L,721,-
-3.784,-1.11,3,L,721,A
-5.035,-2.46,5,L,721,C
-3.006,-0.5701,3,L,721,D
-4.161,-1.467,1,L,721,E
-4.746,-2.118,3,L,721,F
-4.139,-1.444,6,L,721,G
-4.853,-2.243,4,L,721,H
-4.482,-1.813,6,L,721,I
-4.231,-1.54,3,L,721,K
0,0,,L,721,L
-7.108,-4.218,3,L,721,M
-5.297,-2.764,2,L,721,N
2.256,0.03044,6,L,721,P
-9.722,-4.66,4,L,721,Q
2.643,0.03159,3,L,721,R
1.34,0.02508,5,L,721,S
-2.996,-0.5649,2,L,721,T
-8.718,-4.594,3,L,721,V
-0.9091,-0.04955,1,L,721,W
-9.171,-4.632,5,L,721,Y
1.063,0.02222,1,A,722,-
0,0,,A,722,A
-8.754,-4.598,4,A,722,D
-8.414,-4.558,5,A,722,E
-3.781,-1.107,7,A,722,G
-4.683,-2.044,5,A,722,H
4.281,0.03356,2,A,722,I
-5.036,-2.46,1,A,722,K
-1.232,-0.08061,2,A,722,L
5.024,0.03381,4,A,722,M
4.158,0.0335,1,A,722,N
-8.551,-4.576,1,A,722,P
-4.214,-1.522,1,A,722,Q
3.144,0.03255,1,A,722,R
-0.8048,-0.0414,5,A,722,S
-0.4391,-0.01855,9,A,722,T
-0.8418,-0.0442,6,A,722,V
-1.203,-0.0774,3,A,722,W
-2.805,-0.4717,3,A,722,Y
-10.02,-4.67,2,C,723,*
-0.01155,-0.0003926,1,C,723,-
-9.584,-4.654,3,C,723,A
0,0,,C,723,C
-4.092,-1.398,1,C,723,D
-8.577,-4.579,1,C,723,E
-7.944,-4.478,7,C,723,F
-13.81,-4.698,6,C,723,G
-12.06,-4.695,6,C,723,I
-8.273,-4.538,3,C,723,K
-5.39,-2.869,1,C,723,L
-5.688,-3.191,7,C,723,M
-5.494,-2.984,6,C,723,N
-7.987,-4.487,4,C,723,P
-9.533,-4.652,3,C,723,Q
-6.134,-3.608,4,C,723,R
-7.603,-4.394,8,C,723,S
-1.724,-0.1506,1,C,723,T
-6.472,-3.866,5,C,723,V
-9.176,-4.632,4,C,723,W
-8.282,-4.539,8,C,723,Y
0.708,0.0172,1,A,724,-
0,0,,A,724,A
-2.951,-0.542,3,A,724,C
-7.543,-4.376,1,A,724,D
5.165,0.03384,3,A,724,E
-5.346,-2.82,4,A,724,F
-7.724,-4.426,4,A,724,G
-3.588,-0.948,2,A,724,H
-10.35,-4.678,1,A,724,I
-4.952,-2.361,3,A,724,K
-9.082,-4.626,1,A,724,L
7.643,0.03402,3,A,724,M
-4.067,-1.372,3,A,724,N
-6.497,-3.883,7,A,724,P
-4.214,-1.522,8,A,724,Q
-3.43,-0.8312,1,A,724,R
-2.045,-0.2169,7,A,724,S
-5.607,-3.106,6,A,724,T
-8.559,-4.577,5,A,724,V
-4.621,-1.973,4,A,724,W
-3.433,-0.8333,1,A,724,Y
1.602,0.02713,4,Q,725,*
0.2036,0.006234,1,Q,725,-
-2.367,-0.3053,2,Q,725,A
1.234,0.02407,2,Q,725,C
-8.666,-4.589,1,Q,725,D
-4.444,-1.77,1,Q,725,E
4.583,0.03368,2,Q,725,F
-4.685,-2.046,7,Q,725,G
-4.062,-1.367,8,Q,725,H
-5.678,-3.181,4,Q,725,I
-4.693,-2.056,13,Q,725,K
-8.841,-4.606,2,Q,725,L
-4.364,-1.682,5,Q,725,M
4.601,0.03369,4,Q,725,N
-7.012,-4.175,4,Q,725,P
0,0,,Q,725,Q
-3.254,-0.7131,4,Q,725,R
1.912,0.02897,3,Q,725,S
-5.248,-2.708,2,Q,725,T
-3.953,-1.263,6,Q,725,V
6.9,0.034,2,Q,725,W
-4.946,-2.354,7,Q,725,Y
0.3032,0.008853,2,Y,726,-
-6.281,-3.727,3,Y,726,A
-8.476,-4.566,5,Y,726,C
-7.363,-4.318,5,Y,726,D
-8.81,-4.603,1,Y,726,E
-3.78,-1.106,3,Y,726,F
-7.877,-4.463,4,Y,726,G
-4.117,-1.422,6,Y,726,H
6.036,0.03395,4,Y,726,I
-9.028,-4.622,4,Y,726,K
-3.707,-1.044,4,Y,726,L
-0.7757,-0.03927,2,Y,726,M
-8.547,-4.575,3,Y,726,N
-5.44,-2.925,3,Y,726,Q
-3.614,-0.9688,4,Y,726,R
-2.294,-0.283,4,Y,726,S
-4.801,-2.183,3,Y,726,V
-3.583,-0.9443,4,Y,726,W
0,0,,Y,726,Y
-8.382,-4.554,2,Y,727,*
-0.04616,-0.001596,2,Y,727,-
-10.48,-4.68,1,Y,727,A
-5.688,-3.191,8,Y,727,C
-3.472,-0.8612,1,Y,727,D
-4.768,-2.143,7,Y,727,E
2.046,0.02961,2,Y,727,F
-5.892,-3.392,6,Y,727,H
-7.026,-4.182,4,Y,727,I
-4.71,-2.075,2,Y,727,K
-14.71,-4.698,7,Y,727,L
-5.039,-2.463,6,Y,727,M
1.419,0.02575,2,Y,727,N
-7.408,-4.333,5,Y,727,P
-4.625,-1.977,1,Y,727,Q
-9.871,-4.665,6,Y,727,R
-0.7761,-0.0393,3,Y,727,S
-5.709,-3.212,2,Y,727,T
0,0,,Y,727,Y
-0.4957,-0.02158,2,N,728,-
-1.097,-0.06648,2,N,728,A
-7.994,-4.488,3,N,728,C
-8.906,-4.612,3,N,728,D
-4.772,-2.149,2,N,728,E
-8.673,-4.589,1,N,728,F
-12.43,-4.696,3,N,728,G
-3.572,-0.9361,2,N,728,H
-1.324,-0.09139,7,N,728,I
-4.559,-1.901,3,N,728,K
-4.394,-1.715,2,N,728,L
-4.171,-1.478,5,N,728,M
0,0,,N,728,N
-5.808,-3.312,4,N,728,P
-2.962,-0.5473,3,N,728,Q
-7.281,-4.288,1,N,728,R
2.088,0.02979,5,N,728,S
-2.275,-0.2775,6,N,728,T
-4.143,-1.448,5,N,728,V
-3.978,-1.286,2,N,728,W
-8.579,-4.579,1,N,728,Y
-0.2602,-0.01002,2,G,729,-
-15.22,-4.699,4,G,729,A
-16.85,-4.699,15,G,729,C
-12.63,-4.697,15,G,729,D
-9.456,-4.648,5,G,729,E
-8.566,-4.577,3,G,729,F
0,0,,G,729,G
-8.659,-4.588,2,G,729,H
-7.299,-4.295,3,G,729,I
-9.32,-4.641,4,G,729,K
-8.15,-4.517,3,G,729,L
-7.225,-4.266,7,G,729,M
-11.72,-4.693,4,G,729,N
-6.126,-3.602,2,G,729,P
-8.618,-4.583,1,G,729,Q
-9.061,-4.624,4,G,729,R
-9.138,-4.629,13,G,729,S
-8.888,-4.61,3,G,729,T
-6.304,-3.744,9,G,729,V
-6.503,-3.887,1,G,729,W
-7.695,-4.419,1,G,729,Y
-0.4386,-0.01853,5,S,73,N
1.036,0.0219,1,S,73,R
0,0,,S,73,S
-3.833,-1.152,3,I,730,-
-7.065,-4.199,2,I,730,A
-9.108,-4.627,2,I,730,C
-7.123,-4.225,4,I,730,D
-7.339,-4.309,5,I,730,F
-1.337,-0.09295,1,I,730,G
-0.06956,-0.002433,1,I,730,H
0,0,,I,730,I
-8.614,-4.583,1,I,730,K
-3.916,-1.228,5,I,730,L
-4.714,-2.08,1,I,730,M
-7.329,-4.306,8,I,730,N
-12.56,-4.696,5,I,730,P
-13.94,-4.698,2,I,730,Q
-8.706,-4.593,3,I,730,R
-9.223,-4.635,3,I,730,S
-6.752,-4.041,3,I,730,T
-3.756,-1.085,8,I,730,V
-8.553,-4.576,2,I,730,W
-11.37,-4.691,4,I,730,Y
-3.187,-0.672,3,M,731,-
-5.253,-2.714,2,M,731,A
-8.376,-4.553,4,M,731,C
-8.606,-4.582,2,M,731,D
-7.628,-4.401,3,M,731,E
-0.2678,-0.01035,3,M,731,F
-4.792,-2.172,1,M,731,G
-7.131,-4.228,5,M,731,H
-2.918,-0.5254,23,M,731,I
-4.874,-2.269,8,M,731,K
-4.561,-1.903,3,M,731,L
0,0,,M,731,M
-8.3,-4.542,5,M,731,N
-4.539,-1.878,4,M,731,P
-9.678,-4.658,2,M,731,Q
-3.549,-0.9184,1,M,731,R
-3.71,-1.047,3,M,731,S
-13.38,-4.698,3,M,731,T
-4.447,-1.775,8,M,731,V
-5.213,-2.668,2,M,731,W
3.596,0.03309,5,M,731,Y
0.616,0.01559,2,V,732,-
-4.887,-2.284,6,V,732,A
-8.774,-4.6,3,V,732,C
-26.25,-4.699,4,V,732,D
-4.805,-2.188,5,V,732,E
-5.374,-2.852,7,V,732,F
-8.598,-4.581,1,V,732,H
-1.347,-0.09425,1,V,732,I
8.267,0.03402,2,V,732,L
-3.959,-1.268,10,V,732,M
-8.107,-4.51,7,V,732,P
-5.801,-3.304,4,V,732,R
-5.478,-2.968,6,V,732,S
-3.766,-1.094,4,V,732,T
0,0,,V,732,V
-6.823,-4.08,2,V,732,Y
0.03321,0.001104,2,L,733,-
-4.703,-2.067,2,L,733,A
-5.479,-2.968,3,L,733,C
-7.359,-4.316,7,L,733,D
-5.097,-2.533,2,L,733,F
2.376,0.03085,2,L,733,G
-5.146,-2.59,2,L,733,H
-3.29,-0.7361,1,L,733,I
-9.15,-4.63,6,L,733,K
0,0,,L,733,L
-2.673,-0.4152,12,L,733,M
-8.711,-4.593,3,L,733,N
-5.049,-2.476,3,L,733,P
-5.853,-3.355,1,L,733,Q
-8.626,-4.584,2,L,733,R
-8.892,-4.611,1,L,733,S
-1.909,-0.1865,2,L,733,T
-2.17,-0.2484,1,L,733,V
-2.139,-0.2401,2,L,733,W
-4.729,-2.098,2,L,733,Y
0.272,0.00806,1,P,734,-
-18.02,-4.699,2,P,734,A
-8.518,-4.572,8,P,734,C
-3.709,-1.046,6,P,734,D
-4.387,-1.707,3,P,734,E
-9.134,-4.629,3,P,734,F
-4.487,-1.82,2,P,734,G
-6.609,-3.956,7,P,734,H
-4.957,-2.367,5,P,734,I
-5.65,-3.152,2,P,734,K
-11.92,-4.694,7,P,734,L
-0.4852,-0.02101,1,P,734,M
-5.226,-2.683,3,P,734,N
0,0,,P,734,P
-7.384,-4.325,3,P,734,R
-3.804,-1.127,8,P,734,S
-7.245,-4.274,5,P,734,T
-0.7066,-0.03445,2,P,734,V
-6.532,-3.907,7,P,734,W
1.195,0.02368,2,P,734,Y
0.133,0.004212,1,G,735,-
6.847,0.034,2,G,735,A
6.612,0.03399,10,G,735,C
1.207,0.0238,6,G,735,D
0.812,0.01886,1,G,735,E
-8.752,-4.598,2,G,735,F
0,0,,G,735,G
4.742,0.03373,3,G,735,H
-8.01,-4.491,5,G,735,I
-3.403,-0.8122,3,G,735,L
4.259,0.03355,2,G,735,M
6.271,0.03397,3,G,735,N
-12.53,-4.696,6,G,735,P
1.859,0.0287,1,G,735,Q
-4.157,-1.463,1,G,735,R
3.033,0.03238,6,G,735,S
1.031,0.02184,9,G,735,T
-1.28,-0.08608,7,G,735,V
-8.62,-4.584,3,G,735,W
1.236,0.02409,5,G,735,Y
-1.805,-0.1656,1,V,736,-
4.064,0.03344,1,V,736,A
-12.95,-4.697,4,V,736,D
-9.205,-4.634,1,V,736,E
-5.418,-2.901,10,V,736,F
-2.564,-0.3728,1,V,736,G
-3.184,-0.6701,2,V,736,H
-4.738,-2.109,8,V,736,I
-1.223,-0.07959,2,V,736,K
-3.614,-0.9686,3,V,736,L
-2.935,-0.5336,3,V,736,M
-2.89,-0.5117,1,V,736,N
0.4724,0.01276,9,V,736,P
-5.293,-2.76,5,V,736,Q
-9.066,-4.624,2,V,736,R
-3.293,-0.7383,2,V,736,S
-1.408,-0.1021,3,V,736,T
0,0,,V,736,V
-4.599,-1.946,4,V,736,W
-4.195,-1.503,2,V,736,Y
-0.09042,-0.003195,1,A,737,-
0,0,,A,737,A
3.136,0.03254,2,A,737,C
-5.544,-3.039,5,A,737,D
-7.305,-4.297,4,A,737,E
0.1079,0.003457,3,A,737,F
-1.548,-0.1218,2,A,737,G
3.622,0.03312,2,A,737,H
-0.4263,-0.01789,3,A,737,I
-2.704,-0.4279,3,A,737,L
21.94,0.03403,3,A,737,M
4.649,0.0337,3,A,737,N
-4.964,-2.375,2,A,737,P
-17.13,-4.699,7,A,737,R
-6.358,-3.785,15,A,737,S
-0.8426,-0.04426,8,A,737,T
-0.5067,-0.02219,17,A,737,V
-3.938,-1.248,3,A,737,W
-4.252,-1.562,5,A,737,Y
-1.59,-0.1283,1,D,738,-
-6.138,-3.612,1,D,738,A
-9.262,-4.637,3,D,738,C
0,0,,D,738,D
-8.634,-4.585,6,D,738,E
-4.296,-1.609,6,D,738,F
-2.516,-0.3553,2,D,738,G
-3.724,-1.059,8,D,738,H
-12.33,-4.696,2,D,738,I
-6.442,-3.846,3,D,738,K
-3.617,-0.971,3,D,738,L
-13.64,-4.698,3,D,738,M
-1.825,-0.1694,13,D,738,N
-4.132,-1.437,3,D,738,P
-3.433,-0.8333,1,D,738,Q
-7.136,-4.23,2,D,738,R
8.013,0.03402,1,D,738,S
2.028,0.02952,2,D,738,T
-4.388,-1.709,5,D,738,V
-5.636,-3.137,2,D,738,W
-9.589,-4.654,12,D,738,Y
-0.2928,-0.01147,1,A,739,-
0,0,,A,739,A
-5.383,-2.862,5,A,739,C
-1.488,-0.1131,8,A,739,D
-8.381,-4.553,3,A,739,E
-5.473,-2.962,3,A,739,F
-12.44,-4.696,2,A,739,G
-4.202,-1.51,3,A,739,H
0.5005,0.01334,1,A,739,I
-1.78,-0.1609,1,A,739,K
3.423,0.03291,2,A,739,L
0.6624,0.01642,2,A,739,M
-3.885,-1.2,3,A,739,N
-2.827,-0.4819,5,A,739,P
-2.858,-0.4962,3,A,739,Q
3.889,0.03333,1,A,739,R
-3.285,-0.7333,4,A,739,S
1.26,0.02433,8,A,739,T
-2.898,-0.5154,4,A,739,V
-9.581,-4.654,1,A,739,W
-3.043,-0.5897,3,A,739,Y
0,0,,F,74,F
0.5479,0.0143,1,F,74,I
-5.817,-3.32,2,F,74,L
-10.6,-4.682,10,E,740,*
-3.131,-0.639,1,E,740,-
-8.521,-4.572,4,E,740,A
-7.277,-4.286,4,E,740,C
-4.096,-1.401,6,E,740,D
0,0,,E,740,E
-6.299,-3.741,8,E,740,F
1.971,0.02926,4,E,740,G
-1.486,-0.1127,5,E,740,H
-7.299,-4.295,3,E,740,I
-4.607,-1.956,7,E,740,K
-5.791,-3.295,4,E,740,L
-4.874,-2.269,4,E,740,M
-2.128,-0.2374,2,E,740,N
-4.252,-1.562,5,E,740,P
4.291,0.03356,1,E,740,Q
-3.835,-1.154,7,E,740,R
-1.581,-0.1268,8,E,740,S
-2.418,-0.3217,5,E,740,T
-5.361,-2.837,5,E,740,V
-3.471,-0.8601,5,E,740,W
0.8035,0.01873,5,E,740,Y
-1.29,-0.08725,1,R,741,-
-8.751,-4.597,2,R,741,A
-7.634,-4.402,2,R,741,C
-5.736,-3.24,2,R,741,D
-7.246,-4.274,7,R,741,E
-4.497,-1.831,8,R,741,F
-9.649,-4.657,5,R,741,G
-3.478,-0.8654,4,R,741,H
-4.878,-2.274,2,R,741,I
-0.1946,-0.007248,1,R,741,K
-7.606,-4.395,9,R,741,L
-2.642,-0.403,7,R,741,M
-13.51,-4.698,3,R,741,N
-9.099,-4.627,1,R,741,P
-11.93,-4.694,9,R,741,Q
0,0,,R,741,R
-7.351,-4.313,5,R,741,S
-10.77,-4.685,2,R,741,T
-7.164,-4.242,6,R,741,V
-7.158,-4.239,11,R,741,W
-9.616,-4.656,5,R,741,Y
-4.661,-2.018,4,M,742,A
-1.551,-0.1223,2,M,742,C
2.168,0.03011,2,M,742,D
-11.67,-4.693,2,M,742,E
-2.831,-0.4838,4,M,742,F
-5.475,-2.964,3,M,742,G
-17.32,-4.699,1,M,742,H
-5.583,-3.081,22,M,742,I
-6.953,-4.147,10,M,742,K
-3.037,-0.5867,2,M,742,L
0,0,,M,742,M
-6.403,-3.818,1,M,742,N
-3.741,-1.073,3,M,742,P
-8.718,-4.594,3,M,742,Q
-3.324,-0.7583,3,M,742,R
-4.771,-2.147,4,M,742,S
-7.289,-4.291,8,M,742,T
-7.331,-4.306,1,M,742,V
-5.031,-2.455,2,M,742,W
0,0,,A,743,A
-5.772,-3.276,4,A,743,C
-7.831,-4.453,8,A,743,D
-9.094,-4.626,2,A,743,E
-7.391,-4.327,4,A,743,F
-4.547,-1.887,4,A,743,G
-3.213,-0.6879,2,A,743,H
-12.78,-4.697,3,A,743,I
-8.346,-4.549,3,A,743,K
-7.858,-4.459,2,A,743,L
-4.101,-1.406,2,A,743,M
-3.816,-1.137,2,A,743,N
-7.409,-4.333,4,A,743,P
-3.972,-1.28,4,A,743,Q
-1.551,-0.1223,2,A,743,R
-9.118,-4.628,5,A,743,S
-4.819,-2.203,7,A,743,T
-3.414,-0.82,3,A,743,V
-8.833,-4.605,4,A,743,W
-3.541,-0.9121,5,A,743,Y
0.5915,0.01513,1,M,744,-
-7.965,-4.482,4,M,744,A
-4.749,-2.121,8,M,744,C
-7.971,-4.483,2,M,744,D
-13.57,-4.698,3,M,744,E
-4.659,-2.017,3,M,744,F
-16.85,-4.699,7,M,744,G
-5.668,-3.171,2,M,744,H
-12.55,-4.696,23,M,744,I
-7.749,-4.433,2,M,744,K
-3.344,-0.772,6,M,744,L
0,0,,M,744,M
-15.47,-4.699,5,M,744,N
-8.711,-4.593,2,M,744,P
-16.89,-4.699,6,M,744,Q
-4.694,-2.057,3,M,744,R
-4.077,-1.383,1,M,744,S
-4.843,-2.232,7,M,744,T
-4.424,-1.749,7,M,744,V
-7.325,-4.304,4,M,744,W
-5.667,-3.169,4,M,744,Y
-2.696,-0.4246,4,Y,745,*
-0.8873,-0.04777,1,Y,745,-
-10.04,-4.67,2,Y,745,A
-4.868,-2.261,4,Y,745,C
-8.259,-4.535,5,Y,745,D
-4.414,-1.738,1,Y,745,E
-2.172,-0.2487,6,Y,745,F
-9.925,-4.667,7,Y,745,G
-6.76,-4.046,6,Y,745,H
-6.559,-3.924,5,Y,745,I
-5.183,-2.632,2,Y,745,K
-9.174,-4.632,3,Y,745,L
-9.36,-4.643,3,Y,745,M
-7.81,-4.448,4,Y,745,N
-7.734,-4.429,5,Y,745,P
-5.855,-3.357,2,Y,745,Q
-6.068,-3.552,7,Y,745,R
3.64,0.03313,1,Y,745,S
-7.89,-4.466,4,Y,745,T
-1.515,-0.1169,1,Y,745,W
0,0,,Y,745,Y
-8.124,-4.513,7,T,746,A
1.335,0.02503,3,T,746,C
-6.306,-3.746,4,T,746,D
-1.113,-0.06807,1,T,746,E
-6.624,-3.965,6,T,746,F
-4.493,-1.826,8,T,746,G
-6.319,-3.756,3,T,746,H
0.8707,0.01972,5,T,746,I
-6.771,-4.052,4,T,746,K
-6.312,-3.751,5,T,746,L
-5.979,-3.473,4,T,746,M
-8.29,-4.54,4,T,746,N
-5.677,-3.18,4,T,746,P
-8.563,-4.577,4,T,746,R
-10.1,-4.672,1,T,746,S
0,0,,T,746,T
-1.394,-0.1002,2,T,746,V
-4.268,-1.579,3,T,746,W
2.077,0.02974,1,T,746,Y
-3.99,-1.297,3,G,747,A
-7.551,-4.378,8,G,747,C
-6.467,-3.863,13,G,747,D
-9.219,-4.635,1,G,747,E
-5.261,-2.723,5,G,747,F
0,0,,G,747,G
-1.817,-0.1679,7,G,747,H
-4.288,-1.6,2,G,747,I
-5.952,-3.449,4,G,747,K
4.026,0.03342,1,G,747,L
6.829,0.03399,2,G,747,M
-4.804,-2.186,4,G,747,N
-1.313,-0.09003,6,G,747,P
-3.452,-0.8464,1,G,747,Q
-5.34,-2.813,5,G,747,R
-12.2,-4.695,5,G,747,S
-6.489,-3.878,8,G,747,V
-8.011,-4.491,4,G,747,W
-6.861,-4.1,6,G,747,Y
-0.9211,-0.05054,2,S,748,-
-9.76,-4.661,1,S,748,A
-3.251,-0.7112,2,S,748,C
-17.94,-4.699,6,S,748,D
-10.34,-4.678,1,S,748,E
-5.144,-2.587,8,S,748,F
-6.495,-3.882,3,S,748,G
-7.047,-4.191,2,S,748,H
-8.988,-4.618,2,S,748,I
-6.464,-3.86,5,S,748,K
-7.334,-4.307,5,S,748,L
-7.355,-4.315,5,S,748,M
-9.852,-4.665,2,S,748,N
-3.256,-0.7146,2,S,748,P
-9.12,-4.628,2,S,748,Q
-0.287,-0.0112,2,S,748,R
0,0,,S,748,S
-7.176,-4.247,1,S,748,T
-8.556,-4.576,2,S,748,V
-9.038,-4.622,4,S,748,W
-15.09,-4.699,8,S,748,Y
0.4847,0.01301,2,L,749,-
-9.473,-4.649,4,L,749,A
-10.42,-4.679,1,L,749,C
-8.855,-4.607,3,L,749,F
-8.68,-4.59,2,L,749,G
-8.932,-4.614,3,L,749,H
-4.297,-1.61,4,L,749,I
0,0,,L,749,L
-8.167,-4.52,11,L,749,M
-5.557,-3.053,2,L,749,N
-9.065,-4.624,2,L,749,P
-6.465,-3.861,6,L,749,Q
-9.717,-4.66,6,L,749,R
-14.93,-4.698,8,L,749,S
-9.019,-4.621,2,L,749,T
-6.974,-4.157,6,L,749,V
-7.298,-4.294,3,L,749,W
-3.984,-1.292,3,L,749,Y
-7.61,-4.396,3,Q,75,*
-4.99,-2.406,2,Q,75,H
-10,-4.669,3,Q,75,K
-8.385,-4.554,1,Q,75,P
0,0,,Q,75,Q
-6.718,-4.022,2,Q,75,R
-0.7004,-0.03403,2,I,750,-
-9.459,-4.648,5,I,750,A
-4.824,-2.21,3,I,750,C
-12.06,-4.695,6,I,750,D
3.631,0.03312,1,I,750,E
-9.094,-4.626,2,I,750,F
-7.528,-4.372,2,I,750,G
-8.577,-4.579,1,I,750,H
0,0,,I,750,I
-11.64,-4.693,3,I,750,K
-1.106,-0.06733,5,I,750,L
-2.171,-0.2486,2,I,750,M
-4.153,-1.459,4,I,750,N
-6.175,-3.643,2,I,750,P
-9.217,-4.635,4,I,750,Q
-5.379,-2.857,2,I,750,R
-4.773,-2.149,4,I,750,S
-4.413,-1.736,3,I,750,T
-5.027,-2.45,5,I,750,V
-4.351,-1.669,4,I,750,W
-18.14,-4.699,7,G,751,*
-0.1325,-0.004782,2,G,751,-
-1.925,-0.1899,6,G,751,A
-9.227,-4.635,1,G,751,C
-12.41,-4.696,4,G,751,D
-3.996,-1.303,7,G,751,E
-8.712,-4.594,2,G,751,F
0,0,,G,751,G
-8.687,-4.591,2,G,751,H
-11.93,-4.694,3,G,751,K
-3.75,-1.08,3,G,751,L
-0.1707,-0.006281,3,G,751,M
-3.93,-1.241,4,G,751,N
-7.147,-4.235,4,G,751,P
-4.074,-1.379,5,G,751,Q
-4.782,-2.161,11,G,751,R
-3.514,-0.8919,4,G,751,S
-7.873,-4.462,2,G,751,T
-9.937,-4.667,7,G,751,V
-2.875,-0.5044,2,G,751,W
-4.758,-2.132,7,G,751,Y
-9.532,-4.652,6,G,752,*
-2.781,-0.461,3,G,752,-
-2.597,-0.3854,2,G,752,A
-4.912,-2.314,3,G,752,C
-5.336,-2.809,3,G,752,D
-4.374,-1.693,61,G,752,E
-4.211,-1.518,7,G,752,F
0,0,,G,752,G
-4.289,-1.601,4,G,752,I
-0.8167,-0.04229,3,G,752,K
-2.074,-0.2239,1,G,752,L
-7.898,-4.468,8,G,752,M
-2.01,-0.2087,4,G,752,N
-5.784,-3.288,2,G,752,P
-4.935,-2.34,2,G,752,Q
-5.527,-3.021,16,G,752,R
-1.723,-0.1504,6,G,752,S
-3.969,-1.277,3,G,752,T
-4.465,-1.794,11,G,752,V
-4.004,-1.311,4,G,752,W
-5.336,-2.809,5,G,752,Y
-0.49,-0.02127,4,I,753,-
-11.12,-4.689,1,I,753,A
-4.17,-1.476,2,I,753,C
-11.89,-4.694,5,I,753,E
-4.799,-2.18,9,I,753,F
1.809,0.02842,1,I,753,G
-8.689,-4.591,1,I,753,H
0,0,,I,753,I
-8.586,-4.58,2,I,753,K
7.738,0.03402,4,I,753,L
0.5523,0.01438,8,I,753,M
0.1136,0.003631,1,I,753,N
-0.02523,-0.0008633,1,I,753,P
-3.132,-0.6396,2,I,753,Q
-6.855,-4.097,4,I,753,R
-11.99,-4.695,6,I,753,S
-5.433,-2.917,5,I,753,T
3.283,0.03275,6,I,753,V
-5.356,-2.831,2,I,753,W
-7.937,-4.476,3,I,753,Y
-0.4593,-0.01962,4,A,754,-
0,0,,A,754,A
4.04,0.03343,4,A,754,C
-4.979,-2.393,9,A,754,D
1.248,0.02421,2,A,754,F
-4.884,-2.28,8,A,754,G
-5.082,-2.515,3,A,754,H
-8.726,-4.595,3,A,754,I
-8.309,-4.543,5,A,754,K
1.955,0.02919,1,A,754,L
2.215,0.03029,2,A,754,M
-9.013,-4.62,2,A,754,N
-9.371,-4.644,4,A,754,P
-5.033,-2.457,3,A,754,Q
-8.69,-4.591,1,A,754,R
6.979,0.034,10,A,754,S
2.565,0.0314,10,A,754,T
-3.587,-0.9475,4,A,754,V
-4.633,-1.986,5,A,754,W
-8.614,-4.583,1,A,754,Y
-0.3499,-0.01411,3,L,755,-
-4.169,-1.475,2,L,755,A
-15.63,-4.699,2,L,755,C
-4.929,-2.334,4,L,755,D
-9.112,-4.628,1,L,755,E
-4.071,-1.376,4,L,755,F
-1.629,-0.1346,1,L,755,I
-10.44,-4.68,2,L,755,K
0,0,,L,755,L
-3.289,-0.7356,13,L,755,M
-3.221,-0.6929,1,L,755,N
-8.69,-4.591,3,L,755,P
-1.457,-0.1087,10,L,755,Q
-4.508,-1.843,2,L,755,S
-4.472,-1.802,3,L,755,T
6.426,0.03398,1,L,755,V
-7.822,-4.451,3,L,755,W
-5.764,-3.268,4,L,755,Y
-10.28,-4.676,6,G,756,*
-3.8,-1.123,4,G,756,-
-7.955,-4.48,4,G,756,A
-4.101,-1.406,3,G,756,C
-8.6,-4.581,1,G,756,D
0.3205,0.009283,11,G,756,E
-3.383,-0.7983,5,G,756,F
0,0,,G,756,G
-4.171,-1.478,7,G,756,H
-4.157,-1.463,3,G,756,I
-6.32,-3.757,4,G,756,K
-8.688,-4.591,1,G,756,L
-1.341,-0.09349,5,G,756,M
-3.686,-1.027,3,G,756,N
-4.863,-2.256,3,G,756,P
-4.157,-1.463,3,G,756,Q
-2.229,-0.2643,11,G,756,R
-3.223,-0.694,3,G,756,S
-3.863,-1.18,5,G,756,T
-12.42,-4.696,10,G,756,V
-3.1,-0.6213,2,G,756,W
-9.111,-4.628,3,G,756,Y
-3.472,-0.8612,4,G,757,-
-0.05718,-0.001988,5,G,757,A
-11.73,-4.693,9,G,757,C
-8.328,-4.546,7,G,757,D
-1.735,-0.1526,2,G,757,E
5.045,0.03381,5,G,757,F
0,0,,G,757,G
-4.429,-1.754,5,G,757,H
-5.699,-3.202,2,G,757,K
-2.861,-0.4979,1,G,757,L
-3.297,-0.7407,1,G,757,M
-8.64,-4.586,4,G,757,N
-4.775,-2.152,1,G,757,Q
-3.021,-0.5779,4,G,757,R
1.772,0.02821,4,G,757,S
-4.301,-1.614,3,G,757,T
-3.564,-0.9299,12,G,757,V
-6.304,-3.745,3,G,757,W
-5.337,-2.81,5,G,757,Y
0.9939,0.02138,3,L,758,-
-7.345,-4.311,4,L,758,A
-5.76,-3.264,5,L,758,C
-4.489,-1.821,2,L,758,D
-0.961,-0.05391,4,L,758,E
-3.286,-0.7336,5,L,758,F
-4.812,-2.195,5,L,758,G
-3.041,-0.5888,1,L,758,H
-0.8528,-0.04505,1,L,758,K
0,0,,L,758,L
-1.186,-0.07559,13,L,758,M
0.1179,0.003759,1,L,758,N
-6.26,-3.711,9,L,758,P
-13.29,-4.698,2,L,758,Q
-5.003,-2.421,3,L,758,R
-7.047,-4.191,7,L,758,S
-3.126,-0.6361,3,L,758,T
0.2096,0.006397,4,L,758,V
-1.103,-0.06706,4,L,758,W
-5.165,-2.612,6,L,758,Y
-1.936,-0.1921,3,T,759,-
-1.262,-0.08402,7,T,759,A
-4.9,-2.299,2,T,759,C
-5.405,-2.886,4,T,759,D
-4.089,-1.394,2,T,759,E
2.319,0.03066,5,T,759,F
-5.009,-2.429,3,T,759,G
-8.809,-4.603,3,T,759,H
-8.872,-4.609,8,T,759,I
-5.158,-2.603,14,T,759,K
-8.115,-4.511,5,T,759,L
2.471,0.03114,1,T,759,M
-3.572,-0.936,2,T,759,N
-5.975,-3.47,1,T,759,P
-3.603,-0.9601,4,T,759,Q
-4.157,-1.463,1,T,759,R
0.8649,0.01964,1,T,759,S
0,0,,T,759,T
11.26,0.03403,3,T,759,V
-10.93,-4.687,6,T,759,W
-7.108,-4.218,2,T,759,Y
-4.518,-1.854,2,P,76,H
-8.307,-4.543,5,P,76,L
0,0,,P,76,P
-10.77,-4.685,2,P,76,T
-0.02614,-0.0008948,4,S,760,-
3.64,0.03313,2,S,760,A
-4.177,-1.483,2,S,760,C
-8.666,-4.589,3,S,760,D
-5.027,-2.45,3,S,760,E
-3.897,-1.211,2,S,760,F
-7.957,-4.48,2,S,760,G
-4.187,-1.494,2,S,760,H
-6.751,-4.041,14,S,760,I
-5.704,-3.208,3,S,760,K
-8.463,-4.565,3,S,760,L
-3.981,-1.289,6,S,760,N
-0.1147,-0.004103,3,S,760,P
-5.553,-3.049,1,S,760,Q
-12.61,-4.697,6,S,760,R
0,0,,S,760,S
-3.798,-1.122,3,S,760,T
-3.834,-1.153,4,S,760,V
-9.79,-4.662,3,S,760,W
-4.647,-2.002,4,S,760,Y
0.3238,0.009365,4,A,761,-
0,0,,A,761,A
-3.806,-1.129,6,A,761,C
-4.355,-1.673,8,A,761,D
-2.972,-0.5525,2,A,761,E
-2.153,-0.2438,5,A,761,F
-3.348,-0.7744,4,A,761,G
-5.152,-2.596,5,A,761,H
0.1144,0.003656,9,A,761,I
-7.629,-4.401,1,A,761,K
1.739,0.02802,2,A,761,L
-5.32,-2.79,4,A,761,N
-2.981,-0.5573,3,A,761,P
-4.946,-2.354,2,A,761,Q
-13.75,-4.698,1,A,761,R
4.974,0.03379,11,A,761,S
-0.9959,-0.05698,14,A,761,T
2.97,0.03227,9,A,761,V
-3.286,-0.7335,3,A,761,W
-4.681,-2.042,8,A,761,Y
0.9857,0.02127,4,A,762,-
0,0,,A,762,A
0.3173,0.009203,2,A,762,C
-4.929,-2.334,8,A,762,D
-2.773,-0.4576,2,A,762,E
3.29,0.03276,2,A,762,F
1.237,0.0241,1,A,762,G
-0.06978,-0.002441,1,A,762,H
2.998,0.03232,1,A,762,I
-9.321,-4.641,3,A,762,L
-4.863,-2.255,1,A,762,M
-9.231,-4.636,2,A,762,N
-8.61,-4.583,2,A,762,P
-5.158,-2.604,7,A,762,Q
-4.397,-1.718,3,A,762,R
-0.8988,-0.0487,12,A,762,S
-4.352,-1.67,10,A,762,T
-0.6291,-0.02941,1,A,762,V
-5.867,-3.368,3,A,762,W
-9.708,-4.659,1,A,762,Y
-7.278,-4.287,5,S,763,*
1.459,0.02608,4,S,763,-
-4.651,-2.007,4,S,763,A
-5.113,-2.55,4,S,763,D
-5.827,-3.33,2,S,763,F
-3.476,-0.8638,5,S,763,G
-5.201,-2.654,3,S,763,H
-4.272,-1.583,4,S,763,I
-16.02,-4.699,1,S,763,K
-5.203,-2.656,15,S,763,L
-4.443,-1.77,2,S,763,M
1.752,0.0281,3,S,763,N
-4.671,-2.03,4,S,763,P
-4.162,-1.468,5,S,763,Q
-5.857,-3.359,5,S,763,R
0,0,,S,763,S
-0.2407,-0.009176,2,S,763,T
-5.56,-3.056,1,S,763,V
-4.129,-1.435,4,S,763,W
-4.22,-1.528,3,S,763,Y
-1.018,-0.05896,5,I,764,-
-3.044,-0.5903,3,I,764,A
0.2688,0.007977,2,I,764,C
-4.642,-1.997,3,I,764,D
-5.704,-3.207,5,I,764,E
-4.025,-1.331,4,I,764,F
-5.011,-2.431,3,I,764,G
-4.816,-2.2,3,I,764,H
0,0,,I,764,I
-5.474,-2.963,15,I,764,K
-7.422,-4.338,6,I,764,L
3.269,0.03273,9,I,764,M
-5.102,-2.538,4,I,764,N
-4.897,-2.296,1,I,764,P
-4.309,-1.623,4,I,764,Q
-16.45,-4.699,1,I,764,R
-1.74,-0.1535,1,I,764,S
-0.6957,-0.03372,5,I,764,T
-0.4615,-0.01973,4,I,764,V
-4.334,-1.65,2,I,764,Y
-1.037,-0.06073,5,P,765,-
-2.601,-0.3868,5,P,765,A
-3.124,-0.6349,5,P,765,C
-6.694,-4.008,4,P,765,D
-3.698,-1.037,3,P,765,E
-6.495,-3.881,4,P,765,F
-6.234,-3.69,4,P,765,G
3.373,0.03286,2,P,765,H
-4.705,-2.07,2,P,765,I
-3.494,-0.8773,5,P,765,K
-4.266,-1.577,4,P,765,L
-2.98,-0.5564,4,P,765,M
0,0,,P,765,P
-7.914,-4.471,13,P,765,Q
-4.187,-1.494,3,P,765,R
-2.843,-0.4892,1,P,765,S
-7.024,-4.181,15,P,765,T
-6.316,-3.754,4,P,765,V
-7.035,-4.186,5,P,765,W
-6.17,-3.639,5,P,765,Y
1.094,0.02258,5,F,766,-
-6.591,-3.945,5,F,766,C
-2.622,-0.3949,4,F,766,D
-13.2,-4.697,3,F,766,E
0,0,,F,766,F
-3.737,-1.069,3,F,766,G
-0.1326,-0.004784,5,F,766,H
-8.985,-4.618,4,F,766,I
-4.75,-2.122,4,F,766,K
0.1767,0.005478,4,F,766,L
-1.639,-0.1361,3,F,766,M
-8.565,-4.577,1,F,766,N
-5.42,-2.903,8,F,766,P
1.054,0.02212,2,F,766,Q
-4.639,-1.993,2,F,766,R
5.269,0.03386,5,F,766,S
-8.716,-4.594,2,F,766,T
2.492,0.0312,1,F,766,V
-1.816,-0.1676,6,F,766,W
-4.477,-1.808,4,F,766,Y
-1.71,-0.1481,5,S,767,-
2.533,0.03131,2,S,767,A
-5.94,-3.437,6,S,767,C
2.035,0.02956,1,S,767,D
3.985,0.03339,6,S,767,E
-10.91,-4.687,4,S,767,F
7.846,0.03402,5,S,767,G
-3.796,-1.12,1,S,767,H
-5.932,-3.43,9,S,767,I
-6.53,-3.905,1,S,767,K
-1.714,-0.1489,1,S,767,L
3.55,0.03305,4,S,767,M
9.663,0.03403,4,S,767,N
-1.013,-0.0585,7,S,767,P
-2.707,-0.4295,4,S,767,Q
-4.199,-1.507,10,S,767,R
0,0,,S,767,S
-0.6868,-0.03312,8,S,767,T
-0.7683,-0.03874,5,S,767,V
-6.733,-4.03,2,S,767,W
-5.407,-2.888,4,S,767,Y
-2.227,-0.2637,5,L,768,-
-5.142,-2.585,2,L,768,A
-1.991,-0.2044,3,L,768,C
-4.85,-2.241,4,L,768,D
-5.899,-3.399,3,L,768,E
0.2404,0.00723,2,L,768,F
-5.847,-3.349,5,L,768,G
-6.467,-3.863,4,L,768,H
4.597,0.03369,2,L,768,I
-6.029,-3.518,1,L,768,K
0,0,,L,768,L
-2.568,-0.3744,14,L,768,M
-6.218,-3.677,5,L,768,N
-15.06,-4.698,7,L,768,P
-3.883,-1.198,4,L,768,Q
-3.395,-0.8064,3,L,768,R
-4.558,-1.899,2,L,768,S
0.9082,0.02025,5,L,768,T
-1.102,-0.06693,4,L,768,V
-3.657,-1.003,2,L,768,W
-4.787,-2.166,4,L,768,Y
-1.039,-0.06093,4,A,769,-
0,0,,A,769,A
-6.483,-3.874,10,A,769,C
-8.529,-4.573,3,A,769,D
-9.501,-4.65,6,A,769,E
-8.637,-4.585,2,A,769,F
-1.542,-0.1209,3,A,769,G
-3.498,-0.8802,3,A,769,H
-2.262,-0.2737,1,A,769,I
-6.131,-3.606,2,A,769,K
4.199,0.03352,4,A,769,L
-3.529,-0.9028,5,A,769,M
-3.175,-0.6652,3,A,769,N
-4.856,-2.248,4,A,769,P
-2.591,-0.3832,2,A,769,Q
-4.361,-1.679,2,A,769,R
-1.906,-0.1857,8,A,769,S
4.53,0.03366,7,A,769,T
-2.933,-0.533,8,A,769,V
-4.175,-1.482,5,A,769,W
-9.648,-4.657,3,A,769,Y
0,0,,L,77,L
1.49,0.02632,12,L,77,M
-1.912,-0.187,1,L,77,P
-1.015,-0.05873,1,L,77,R
-1.371,-0.09721,1,I,770,-
1.196,0.02369,5,I,770,A
-12.63,-4.697,6,I,770,C
-9.083,-4.626,2,I,770,D
-3.396,-0.8069,8,I,770,E
-4.251,-1.561,2,I,770,F
2.321,0.03067,1,I,770,G
-4.341,-1.657,3,I,770,H
0,0,,I,770,I
-6.17,-3.639,1,I,770,K
-4.079,-1.385,2,I,770,L
-3.544,-0.9148,5,I,770,M
-4.179,-1.485,7,I,770,N
-6.046,-3.533,6,I,770,P
-7.844,-4.456,2,I,770,Q
-1.328,-0.09192,1,I,770,S
-8.428,-4.56,4,I,770,T
-0.00466,-0.0001578,2,I,770,V
-4.937,-2.343,7,I,770,W
-4.771,-2.148,5,I,770,Y
-5.282,-2.747,2,Q,771,*
0.4128,0.01146,1,Q,771,-
5.498,0.03389,4,Q,771,A
-10.95,-4.687,4,Q,771,C
0.713,0.01729,3,Q,771,D
15.93,0.03403,1,Q,771,E
-2.586,-0.3811,3,Q,771,G
-0.5418,-0.02417,2,Q,771,H
-3.043,-0.5902,3,Q,771,I
-4.007,-1.314,13,Q,771,K
2.363,0.03081,5,Q,771,L
-1.102,-0.06695,2,Q,771,M
0.05019,0.001655,4,Q,771,N
0,0,,Q,771,Q
-0.5163,-0.02272,8,Q,771,R
8.065,0.03402,1,Q,771,T
-5.744,-3.248,2,Q,771,V
-5.068,-2.498,1,Q,771,W
-4.964,-2.375,1,Q,771,Y
-0.5981,-0.0275,1,S,772,-
2.487,0.03118,2,S,772,A
4.593,0.03368,10,S,772,C
-7.929,-4.475,2,S,772,D
-3.367,-0.7873,4,S,772,E
-6.586,-3.941,7,S,772,F
6.115,0.03396,2,S,772,G
3.295,0.03276,10,S,772,H
-2.813,-0.4755,5,S,772,I
4.965,0.03379,4,S,772,K
-1.927,-0.1902,1,S,772,M
4.758,0.03374,3,S,772,N
-12.52,-4.696,6,S,772,P
2.421,0.03099,6,S,772,Q
-5.128,-2.568,4,S,772,R
0,0,,S,772,S
-2.371,-0.3067,2,S,772,T
-12.06,-4.695,5,S,772,V
-3.727,-1.061,3,S,772,W
-9.994,-4.669,7,S,772,Y
1.724,0.02793,1,R,773,-
-6.231,-3.687,3,R,773,A
-15.52,-4.699,13,R,773,C
-5.693,-3.196,1,R,773,D
-2.805,-0.4718,1,R,773,E
-9.323,-4.641,6,R,773,F
-5.428,-2.912,2,R,773,G
-12.01,-4.695,18,R,773,H
-5.531,-3.025,2,R,773,I
-1.82,-0.1685,2,R,773,K
-4.33,-1.645,5,R,773,L
-6.755,-4.043,2,R,773,M
-10.15,-4.673,5,R,773,N
-2.887,-0.5102,4,R,773,P
-5.281,-2.746,4,R,773,Q
0,0,,R,773,R
-9.841,-4.664,14,R,773,S
-5.456,-2.943,3,R,773,T
-8.338,-4.547,8,R,773,V
-9.119,-4.628,2,R,773,W
-5.479,-2.969,5,R,773,Y
0.1447,0.004557,1,L,774,-
-9.672,-4.658,2,L,774,A
-5.156,-2.601,5,L,774,C
-13.05,-4.697,5,L,774,D
-7.291,-4.291,3,L,774,E
-2.526,-0.3591,3,L,774,F
-4.611,-1.961,4,L,774,G
-3.423,-0.8259,1,L,774,H
-2.207,-0.2584,2,L,774,I
-8.773,-4.6,1,L,774,K
0,0,,L,774,L
-2.478,-0.3419,10,L,774,M
-1.973,-0.2003,3,L,774,N
-0.3032,-0.01194,3,L,774,P
-3.383,-0.798,3,L,774,R
1.579,0.02698,2,L,774,T
-4.886,-2.283,1,L,774,V
-3.374,-0.7921,7,L,774,W
3.466,0.03296,2,L,774,Y
-1.516,-0.1171,1,N,775,-
-4.503,-1.837,2,N,775,C
0.635,0.01594,7,N,775,D
1.436,0.02589,3,N,775,E
-4.73,-2.099,5,N,775,F
-6.509,-3.891,8,N,775,G
0.3325,0.009578,3,N,775,H
-4.446,-1.773,6,N,775,I
-10.19,-4.674,2,N,775,K
0.474,0.01279,2,N,775,L
-4.939,-2.346,4,N,775,M
0,0,,N,775,N
-3.672,-1.015,4,N,775,P
-4.231,-1.539,3,N,775,Q
-5.354,-2.829,4,N,775,R
-9.756,-4.661,1,N,775,S
-5.048,-2.474,5,N,775,T
-3.849,-1.167,4,N,775,V
-4.405,-1.728,3,N,775,W
12.33,0.03403,2,Y,776,*
-4.171,-1.477,2,Y,776,-
9.388,0.03403,7,Y,776,A
11.75,0.03403,8,Y,776,C
-6.52,-3.898,3,Y,776,D
-4.809,-2.192,3,Y,776,E
0.4307,0.01185,5,Y,776,F
-3.632,-0.9831,1,Y,776,G
3.634,0.03313,4,Y,776,H
-3.752,-1.082,4,Y,776,I
-8.124,-4.513,1,Y,776,K
-3.526,-0.9011,1,Y,776,L
-2.969,-0.5507,9,Y,776,M
-2.264,-0.2743,1,Y,776,N
-4.118,-1.423,1,Y,776,P
-10.23,-4.675,2,Y,776,Q
-4.92,-2.323,3,Y,776,R
-8.486,-4.568,4,Y,776,S
-4.317,-1.631,5,Y,776,T
-5.622,-3.123,2,Y,776,V
-3.954,-1.263,1,Y,776,W
0,0,,Y,776,Y
-2.02,-0.2109,1,V,777,-
-7.08,-4.206,6,V,777,A
-4.409,-1.732,1,V,777,C
-1.585,-0.1275,1,V,777,D
5.874,0.03394,5,V,777,E
-1.578,-0.1264,6,V,777,F
-0.208,-0.007797,2,V,777,G
-4.712,-2.078,4,V,777,H
-3.368,-0.7877,2,V,777,I
-4.465,-1.795,3,V,777,K
-4.662,-2.02,4,V,777,L
-3.711,-1.047,6,V,777,M
-4.353,-1.67,1,V,777,Q
-3.979,-1.287,4,V,777,R
-6.711,-4.018,2,V,777,S
-6.409,-3.822,6,V,777,T
0,0,,V,777,V
2.851,0.03205,1,V,777,W
2.827,0.032,4,V,777,Y
1.643,0.02741,1,A,778,-
0,0,,A,778,A
3.967,0.03338,2,A,778,C
-3.635,-0.9851,6,A,778,D
1.042,0.02198,2,A,778,E
0.09149,0.002956,7,A,778,F
2.969,0.03227,2,A,778,G
0.3749,0.01059,1,A,778,H
6.058,0.03395,4,A,778,I
-9.229,-4.635,3,A,778,K
1.517,0.02652,5,A,778,L
4.001,0.03341,4,A,778,M
-0.1474,-0.005359,2,A,778,N
-6.978,-4.159,2,A,778,P
-1.796,-0.1639,2,A,778,Q
1.26,0.02433,2,A,778,R
-3.364,-0.7853,3,A,778,S
3.537,0.03303,13,A,778,T
-2.212,-0.2595,9,A,778,V
-7.163,-4.241,2,A,778,W
-4.219,-1.527,2,A,778,Y
-1.171,-0.07397,1,L,779,-
3.308,0.03278,3,L,779,A
-3.482,-0.8683,1,L,779,C
-6.784,-4.059,2,L,779,D
5.484,0.03389,2,L,779,E
-4.525,-1.862,5,L,779,F
-3.879,-1.194,2,L,779,G
-4.058,-1.363,3,L,779,H
-2.256,-0.2719,4,L,779,I
-3.471,-0.8601,3,L,779,K
0,0,,L,779,L
-0.21,-0.007881,9,L,779,M
-9.646,-4.657,6,L,779,N
-4.143,-1.448,17,L,779,P
1.908,0.02895,4,L,779,Q
-5.02,-2.441,2,L,779,R
-2.09,-0.2277,5,L,779,S
-4.814,-2.198,4,L,779,T
-6.089,-3.571,3,L,779,V
-5.148,-2.592,9,L,779,W
-7.073,-4.203,2,L,779,Y
0,0,,L,78,L
1.613,0.02721,2,L,78,M
-1.257,-0.08346,11,Q,780,*
-1.531,-0.1193,5,Q,780,-
-0.5709,-0.02587,2,Q,780,A
-3.947,-1.257,4,Q,780,C
-3.115,-0.6299,4,Q,780,E
-1.129,-0.06964,2,Q,780,F
-0.5073,-0.02222,2,Q,780,G
-1.49,-0.1133,15,Q,780,H
-2.968,-0.5502,5,Q,780,I
-0.1148,-0.004106,3,Q,780,K
3.462,0.03296,3,Q,780,L
4.519,0.03366,2,Q,780,M
-3.737,-1.07,5,Q,780,P
0,0,,Q,780,Q
-7.424,-4.338,4,Q,780,R
1.781,0.02826,4,Q,780,S
-4.892,-2.29,3,Q,780,T
0.7061,0.01717,1,Q,780,V
4.139,0.03349,2,Q,780,W
-3.349,-0.7751,3,T,781,-
-2.694,-0.424,2,T,781,A
-1.745,-0.1545,4,T,781,C
-1.469,-0.1103,1,T,781,D
-0.9222,-0.05063,5,T,781,E
-4.74,-2.111,6,T,781,F
0.6169,0.01561,3,T,781,G
-1.328,-0.09189,3,T,781,H
-8.466,-4.565,6,T,781,I
-5.372,-2.849,1,T,781,K
-3.343,-0.7713,6,T,781,L
-3.38,-0.7961,6,T,781,M
4.32,0.03358,2,T,781,N
-4.629,-1.981,3,T,781,P
-2.105,-0.2315,5,T,781,Q
0.1839,0.005683,5,T,781,R
-2.069,-0.2226,1,T,781,S
0,0,,T,781,T
4.021,0.03342,4,T,781,V
-4.285,-1.597,2,T,781,W
-4.109,-1.414,3,T,781,Y
-2.768,-0.4556,3,D,782,-
-4.059,-1.365,2,D,782,A
-4.451,-1.778,2,D,782,C
0,0,,D,782,D
-0.06763,-0.002363,7,D,782,E
-5.086,-2.52,1,D,782,F
-0.7467,-0.03721,6,D,782,G
3.731,0.03321,2,D,782,H
-3.258,-0.7157,5,D,782,I
-6.941,-4.141,3,D,782,K
5.248,0.03385,3,D,782,M
-2.071,-0.2231,12,D,782,N
-2.727,-0.4375,1,D,782,P
0.1753,0.005438,3,D,782,Q
-3.929,-1.24,5,D,782,R
-2.567,-0.374,4,D,782,S
-0.4615,-0.01973,2,D,782,T
-3.551,-0.9198,2,D,782,V
-3.58,-0.9419,3,D,782,W
-2.911,-0.5218,17,D,782,Y
-3.404,-0.8129,3,V,783,-
7.183,0.03401,4,V,783,A
11.67,0.03403,4,V,783,C
-5.608,-3.108,7,V,783,D
-4.256,-1.566,1,V,783,E
0.7995,0.01867,3,V,783,F
-3.556,-0.9237,3,V,783,G
2.322,0.03067,3,V,783,H
6.94,0.034,3,V,783,I
-1.143,-0.07112,5,V,783,L
-2.129,-0.2377,10,V,783,M
-3.618,-0.9719,5,V,783,N
-6.618,-3.962,3,V,783,P
-8.556,-4.576,1,V,783,Q
-4.329,-1.644,2,V,783,R
-2.041,-0.2159,1,V,783,S
0.2014,0.006172,6,V,783,T
0,0,,V,783,V
-0.4222,-0.01768,3,V,783,W
-1.136,-0.07034,3,V,783,Y
-0.9196,-0.05041,3,L,784,-
-8.054,-4.5,1,L,784,A
-4.747,-2.119,3,L,784,C
-4.201,-1.508,3,L,784,D
-8.616,-4.583,1,L,784,E
-2.926,-0.5294,1,L,784,F
0.1911,0.005885,2,L,784,G
-4.252,-1.561,2,L,784,H
1.472,0.02618,2,L,784,I
0,0,,L,784,L
10.43,0.03403,3,L,784,M
-3.272,-0.7245,7,L,784,N
-5.138,-2.58,4,L,784,P
2.053,0.02964,2,L,784,Q
-6.587,-3.942,4,L,784,R
3.565,0.03306,1,L,784,S
1.421,0.02577,3,L,784,T
3.019,0.03236,4,L,784,V
1.794,0.02834,4,L,784,W
-4.23,-1.539,5,L,784,Y
-16.31,-4.699,3,Q,785,*
0.6063,0.01541,4,Q,785,-
0.5215,0.01377,6,Q,785,A
1.822,0.0285,2,Q,785,C
-4.018,-1.325,7,Q,785,D
1.403,0.02562,2,Q,785,E
9.987,0.03403,2,Q,785,F
0.6351,0.01594,1,Q,785,G
0.03218,0.00107,2,Q,785,H
-1.387,-0.09927,7,Q,785,I
-5.138,-2.581,8,Q,785,K
0.5412,0.01416,7,Q,785,L
4.643,0.0337,4,Q,785,M
4.773,0.03374,6,Q,785,N
-4.932,-2.337,4,Q,785,P
0,0,,Q,785,Q
1.954,0.02918,5,Q,785,R
-0.6627,-0.03155,1,Q,785,S
-4.581,-1.927,1,Q,785,T
-1.304,-0.08892,6,Q,785,V
-3.518,-0.8946,2,Q,785,W
-4.044,-1.349,1,Q,785,Y
-3.29,-0.7363,9,E,786,*
1.165,0.02336,3,E,786,-
0.8666,0.01967,3,E,786,A
0.8896,0.01999,3,E,786,C
4.929,0.03378,23,E,786,D
0,0,,E,786,E
-4.929,-2.334,4,E,786,F
5.238,0.03385,3,E,786,G
-2.961,-0.547,2,E,786,H
-3.256,-0.7148,6,E,786,I
12.52,0.03403,7,E,786,K
2.381,0.03087,3,E,786,L
-1.16,-0.0729,1,E,786,M
3.153,0.03257,2,E,786,N
-8.15,-4.517,3,E,786,P
3.812,0.03327,4,E,786,Q
-3.482,-0.8682,5,E,786,R
1.425,0.0258,1,E,786,S
3.032,0.03238,1,E,786,T
0.3039,0.008871,1,E,786,V
-3.933,-1.243,4,E,786,W
2.704,0.03174,4,E,786,Y
-0.3182,-0.01262,4,N,787,-
-4.309,-1.623,1,N,787,A
-7.828,-4.452,3,N,787,C
-4.134,-1.439,4,N,787,D
-2.682,-0.4188,1,N,787,E
-3.31,-0.7491,8,N,787,F
-3.219,-0.6914,3,N,787,G
-4.633,-1.986,5,N,787,H
-5.951,-3.447,3,N,787,I
-19.46,-4.699,8,N,787,K
-4.846,-2.236,2,N,787,M
0,0,,N,787,N
-9.538,-4.652,4,N,787,P
-4.745,-2.117,7,N,787,Q
-4.352,-1.669,12,N,787,R
-3.939,-1.249,2,N,787,S
-6.679,-3.999,2,N,787,T
-8.839,-4.606,2,N,787,V
4.243,0.03354,3,N,787,W
-3.505,-0.8852,7,N,787,Y
-5.637,-3.138,2,Q,788,*
0.7559,0.01799,1,Q,788,-
3.502,0.033,2,Q,788,A
-3.607,-0.963,4,Q,788,C
-3.688,-1.028,1,Q,788,D
2.107,0.02987,3,Q,788,E
-2.169,-0.248,5,Q,788,F
1.468,0.02615,2,Q,788,G
1.448,0.02599,10,Q,788,H
-3.685,-1.026,5,Q,788,I
0.4691,0.01269,10,Q,788,K
-9.134,-4.629,2,Q,788,L
-3.998,-1.305,8,Q,788,M
1.917,0.029,5,Q,788,N
-4.67,-2.03,5,Q,788,P
0,0,,Q,788,Q
0.5036,0.01341,5,Q,788,R
-3.065,-0.6019,2,Q,788,S
-7.47,-4.353,3,Q,788,T
-2.456,-0.3344,4,Q,788,V
-4.658,-2.015,3,Q,788,W
-5.341,-2.815,4,Q,788,Y
2.021,0.02949,1,K,789,-
-6.148,-3.62,2,K,789,C
-2.276,-0.2777,4,K,789,D
-0.3247,-0.01293,2,K,789,E
-4.004,-1.311,5,K,789,F
-3.559,-0.9256,5,K,789,G
4.325,0.03358,9,K,789,H
0,0,,K,789,K
2.123,0.02993,4,K,789,L
-3.49,-0.8739,4,K,789,M
-4.048,-1.354,13,K,789,N
-3.661,-1.006,2,K,789,P
2.949,0.03224,2,K,789,Q
1.693,0.02774,1,K,789,R
-2.341,-0.2972,3,K,789,S
-4.465,-1.794,4,K,789,T
-3.401,-0.8108,2,K,789,V
-4.778,-2.156,1,K,789,W
10.03,0.03403,5,K,789,Y
0,0,,L,79,L
3.035,0.03238,3,L,79,M
-11.59,-4.693,1,L,79,P
-3.36,-0.7823,2,I,790,A
-1.431,-0.1052,2,I,790,C
-2.82,-0.479,2,I,790,D
-3.325,-0.7593,3,I,790,E
-2.571,-0.3754,3,I,790,F
-2.081,-0.2256,2,I,790,G
-2.081,-0.2256,1,I,790,H
0,0,,I,790,I
0.6415,0.01605,2,I,790,K
4.445,0.03363,7,I,790,L
3.124,0.03252,3,I,790,M
8.729,0.03403,6,I,790,N
-4.687,-2.048,5,I,790,P
-0.7385,-0.03663,7,I,790,Q
-2.782,-0.4617,4,I,790,R
1.256,0.02429,6,I,790,S
0.553,0.0144,2,I,790,T
2.709,0.03175,6,I,790,V
-2.209,-0.2589,7,I,790,W
1.254,0.02427,1,I,790,Y
-4.717,-2.084,5,L,791,A
-5.219,-2.675,4,L,791,C
-10.34,-4.678,2,L,791,D
-14.77,-4.698,2,L,791,E
-1.779,-0.1606,1,L,791,F
-2.932,-0.5322,6,L,791,G
-4.005,-1.312,5,L,791,H
-0.4496,-0.0191,5,L,791,I
-7.288,-4.29,6,L,791,K
0,0,,L,791,L
-2.933,-0.5329,8,L,791,M
-4.837,-2.224,4,L,791,N
-1.948,-0.1949,10,L,791,P
-6.625,-3.966,3,L,791,Q
-3.848,-1.166,3,L,791,R
-8.389,-4.555,4,L,791,S
-11.43,-4.692,6,L,791,T
-2.827,-0.4821,1,L,791,V
-2.859,-0.4969,6,L,791,W
2.651,0.03161,3,L,791,Y
0,0,,A,792,A
0.1379,0.004355,1,A,792,C
-15.33,-4.699,11,A,792,D
-7.662,-4.41,4,A,792,E
-5.13,-2.571,4,A,792,F
-4.901,-2.301,1,A,792,G
-9.54,-4.652,3,A,792,H
-3.765,-1.093,5,A,792,I
-3.974,-1.282,8,A,792,K
-4.173,-1.48,2,A,792,L
-4.376,-1.696,4,A,792,M
-5.106,-2.543,5,A,792,N
-5.191,-2.642,3,A,792,P
-10.18,-4.674,2,A,792,Q
-7.354,-4.314,2,A,792,R
-2.013,-0.2094,4,A,792,S
2.057,0.02966,10,A,792,T
0.7193,0.01739,4,A,792,V
-6.349,-3.778,2,A,792,W
-9.129,-4.629,5,A,792,Y
0,0,,A,793,A
0.8054,0.01876,3,A,793,C
-1.154,-0.07222,6,A,793,D
-2.481,-0.3429,3,A,793,E
-4.922,-2.325,9,A,793,F
1.059,0.02217,7,A,793,G
-0.6238,-0.02908,3,A,793,H
2.982,0.0323,3,A,793,I
-2.232,-0.2652,3,A,793,K
-9.431,-4.647,3,A,793,L
-2.639,-0.4019,3,A,793,M
1.071,0.02232,5,A,793,N
-4.628,-1.98,6,A,793,P
-4.524,-1.861,1,A,793,Q
-3.834,-1.154,3,A,793,R
0.2133,0.0065,16,A,793,S
2.692,0.03171,6,A,793,T
-0.509,-0.02232,11,A,793,V
1.522,0.02656,3,A,793,W
2.949,0.03224,2,A,793,Y
4.559,0.03367,2,S,794,A
-6.971,-4.156,7,S,794,C
1.137,0.02307,6,S,794,E
-1.454,-0.1083,1,S,794,F
1.548,0.02675,6,S,794,G
-2.654,-0.4078,10,S,794,H
-8.732,-4.596,8,S,794,I
-14.51,-4.698,7,S,794,K
-7.494,-4.361,6,S,794,L
-4.291,-1.603,6,S,794,M
-4.68,-2.04,6,S,794,N
-5.118,-2.557,2,S,794,P
-3.246,-0.7084,3,S,794,Q
-7.01,-4.174,4,S,794,R
0,0,,S,794,S
-6.216,-3.676,3,S,794,T
-8.628,-4.585,4,S,794,V
-9.627,-4.656,5,S,794,W
-5.133,-2.575,5,S,794,Y
-2.115,-0.2341,1,F,795,-
-7.801,-4.445,5,F,795,A
-7.308,-4.298,3,F,795,C
-6.991,-4.165,4,F,795,D
-9.405,-4.645,2,F,795,E
0,0,,F,795,F
-7.662,-4.41,4,F,795,G
-4.165,-1.472,2,F,795,H
-6.264,-3.714,3,F,795,I
-4.789,-2.169,2,F,795,K
-10.59,-4.682,10,F,795,L
-8.582,-4.579,3,F,795,M
-9.546,-4.652,4,F,795,N
-2.022,-0.2115,1,F,795,P
-6.571,-3.932,4,F,795,Q
-5.965,-3.46,4,F,795,R
-5.313,-2.783,6,F,795,S
-9.122,-4.628,3,F,795,T
-9.234,-4.636,3,F,795,V
-0.3782,-0.01548,3,F,795,W
-4.295,-1.608,1,F,795,Y
-2.433,-0.3269,1,N,796,-
-8.609,-4.582,1,N,796,A
-8.672,-4.589,3,N,796,C
-5.945,-3.442,1,N,796,D
-18.08,-4.699,8,N,796,E
0.003764,0.000127,1,N,796,F
-8.686,-4.591,2,N,796,G
-7.878,-4.463,1,N,796,H
-5.406,-2.888,6,N,796,I
-0.1603,-0.005866,1,N,796,K
-9.013,-4.62,2,N,796,L
-1.802,-0.1651,1,N,796,M
0,0,,N,796,N
-9.544,-4.652,3,N,796,P
-11.48,-4.692,1,N,796,Q
-9.922,-4.667,11,N,796,R
-5.042,-2.467,4,N,796,S
-8.447,-4.563,7,N,796,T
-7.788,-4.442,2,N,796,V
-7.068,-4.2,3,N,796,W
-6.451,-3.852,7,N,796,Y
-0.9809,-0.05565,1,K,797,-
11.59,0.03403,2,K,797,A
-3.949,-1.259,1,K,797,C
0.2599,0.007747,2,K,797,D
-3.987,-1.295,5,K,797,E
-4.808,-2.191,6,K,797,F
-2.859,-0.4966,2,K,797,G
-3.215,-0.6894,3,K,797,H
-2.909,-0.5209,6,K,797,I
0,0,,K,797,K
2.714,0.03176,2,K,797,L
-3.279,-0.729,6,K,797,N
-7.322,-4.303,3,K,797,P
-4.546,-1.886,1,K,797,Q
-1.728,-0.1513,5,K,797,R
-3.031,-0.5835,4,K,797,S
1.854,0.02867,3,K,797,T
-3.411,-0.8179,4,K,797,V
-7.049,-4.192,9,K,797,W
-3.232,-0.6998,4,K,797,Y
0,0,,A,798,A
-5.61,-3.109,3,A,798,C
-9.001,-4.619,5,A,798,D
-5.015,-2.436,7,A,798,E
-4.824,-2.21,5,A,798,F
-5.222,-2.678,2,A,798,G
-1.031,-0.06017,3,A,798,H
-3.974,-1.282,3,A,798,I
-7.338,-4.309,3,A,798,K
-4.379,-1.698,4,A,798,L
-1.073,-0.06411,5,A,798,M
-8.28,-4.539,4,A,798,N
-8.315,-4.544,7,A,798,P
0.8968,0.02009,2,A,798,Q
4.598,0.03369,3,A,798,R
-7.185,-4.25,7,A,798,S
-7.965,-4.482,4,A,798,T
-5.566,-3.063,6,A,798,V
-3.807,-1.129,9,A,798,W
-6.141,-3.614,4,A,798,Y
-6.933,-4.137,5,M,799,A
-4.429,-1.754,3,M,799,C
2.827,0.032,1,M,799,D
-10.86,-4.686,7,M,799,E
-4.797,-2.178,5,M,799,F
-9.228,-4.635,3,M,799,G
-4.065,-1.371,4,M,799,H
1.448,0.02599,31,M,799,I
-9.211,-4.634,2,M,799,K
2.353,0.03077,4,M,799,L
0,0,,M,799,M
-3.182,-0.6691,5,M,799,N
-8.638,-4.586,2,M,799,P
-4.496,-1.83,4,M,799,Q
-7.984,-4.486,2,M,799,R
-11.18,-4.69,5,M,799,S
-5.391,-2.871,5,M,799,T
-3.365,-0.786,4,M,799,V
-11.2,-4.69,6,M,799,W
2.219,0.03031,3,M,799,Y
-10.18,-4.674,2,Y,8,*
8.017,0.03402,3,Y,8,C
0,0,,Y,8,Y
0.08952,0.002895,1,N,80,D
-3.782,-1.108,1,N,80,K
0,0,,N,80,N
1.645,0.02742,1,N,80,S
2.896,0.03214,7,T,800,A
-3.283,-0.7319,5,T,800,C
1.08,0.02242,4,T,800,D
4.032,0.03342,2,T,800,E
-4.726,-2.094,4,T,800,F
-0.824,-0.04284,3,T,800,G
0.7883,0.0185,1,T,800,H
-2.275,-0.2776,6,T,800,I
-3.221,-0.6926,2,T,800,K
5.245,0.03385,5,T,800,L
-6.241,-3.696,2,T,800,M
3.421,0.03291,2,T,800,N
1.592,0.02706,9,T,800,Q
2.378,0.03086,1,T,800,R
0.2052,0.006275,4,T,800,S
0,0,,T,800,T
0.9037,0.02019,10,T,800,V
-5.734,-3.238,6,T,800,W
-3.82,-1.141,6,T,800,Y
1.194,0.02366,4,N,801,A
-2.707,-0.4295,8,N,801,C
-3.626,-0.9785,4,N,801,D
-3.197,-0.678,4,N,801,E
-2.266,-0.275,3,N,801,F
3.671,0.03316,2,N,801,G
-3.487,-0.8719,2,N,801,H
-0.9626,-0.05406,5,N,801,I
6.948,0.034,11,N,801,K
3.548,0.03305,8,N,801,L
-1.075,-0.06427,4,N,801,M
0,0,,N,801,N
-7.334,-4.307,5,N,801,P
0.8291,0.01912,4,N,801,Q
-0.3174,-0.01259,5,N,801,R
-2.196,-0.2553,6,N,801,S
-0.6484,-0.03063,5,N,801,T
-5.844,-3.346,5,N,801,V
-12.35,-4.696,6,N,801,W
-5.598,-3.097,6,N,801,Y
-5.961,-3.456,4,I,802,A
-6.118,-3.595,6,I,802,C
-9.271,-4.638,6,I,802,D
-4.462,-1.791,1,I,802,E
-8.318,-4.544,5,I,802,F
-5.9,-3.4,2,I,802,G
-6.617,-3.961,8,I,802,H
0,0,,I,802,I
-7.996,-4.488,3,I,802,K
-3.151,-0.6507,2,I,802,L
-7.705,-4.422,2,I,802,M
-6.382,-3.803,8,I,802,N
-5.498,-2.99,2,I,802,P
-8.591,-4.58,1,I,802,Q
-9.744,-4.661,3,I,802,R
-8.301,-4.542,6,I,802,S
-3.556,-0.9237,1,I,802,T
0.002415,8.15e-05,3,I,802,V
-6.771,-4.052,5,I,802,W
-8.869,-4.609,5,I,802,Y
-2.584,-0.3805,1,V,803,*
-0.03681,-0.001267,1,V,803,A
-3.871,-1.187,2,V,803,C
-8.666,-4.589,1,V,803,D
0.2059,0.006295,5,V,803,E
5.358,0.03387,5,V,803,F
-9.597,-4.655,6,V,803,G
-3.189,-0.6736,4,V,803,H
-1.149,-0.07166,8,V,803,I
-3.976,-1.284,3,V,803,K
-3.304,-0.7456,11,V,803,L
3.758,0.03323,4,V,803,M
-4.038,-1.344,6,V,803,N
-10.15,-4.673,6,V,803,P
1.357,0.02522,6,V,803,Q
-7.054,-4.194,5,V,803,R
-4.077,-1.383,4,V,803,S
-9.502,-4.65,3,V,803,T
0,0,,V,803,V
-4.18,-1.486,3,V,803,W
-0.02232,-0.0007624,5,V,803,Y
7.168,0.03401,1,D,804,A
-3.63,-0.9817,7,D,804,C
0,0,,D,804,D
0.5322,0.01399,4,D,804,E
-3.2,-0.6803,7,D,804,F
-2.118,-0.2347,4,D,804,G
1.048,0.02204,5,D,804,H
-4.16,-1.466,1,D,804,I
6.765,0.03399,7,D,804,K
2.928,0.0322,3,D,804,M
2.293,0.03057,6,D,804,N
-2.557,-0.3703,3,D,804,P
2.153,0.03005,2,D,804,Q
-2.156,-0.2447,9,D,804,S
-0.8685,-0.04628,7,D,804,T
-2.279,-0.2785,6,D,804,V
-3.521,-0.8972,7,D,804,W
-5.014,-2.434,13,D,804,Y
0,0,,A,805,A
-0.2513,-0.009631,5,A,805,C
-9.082,-4.626,10,A,805,D
-10.46,-4.68,3,A,805,E
0.6878,0.01686,2,A,805,F
6.143,0.03396,2,A,805,G
-3.829,-1.149,4,A,805,H
-0.8197,-0.04251,4,A,805,I
-6.317,-3.755,1,A,805,K
3.797,0.03326,4,A,805,L
-3.024,-0.5798,12,A,805,M
-6.243,-3.697,4,A,805,N
-3.836,-1.155,2,A,805,P
-4.981,-2.395,4,A,805,Q
-4.66,-2.018,5,A,805,R
-2.916,-0.5241,11,A,805,S
1.328,0.02497,8,A,805,T
1.158,0.02328,1,A,805,V
-4.054,-1.359,4,A,805,W
2.898,0.03214,1,A,805,Y
-10.07,-4.671,5,F,806,A
-7.753,-4.434,9,F,806,C
-4.337,-1.653,7,F,806,E
0,0,,F,806,F
-11.44,-4.692,2,F,806,G
2.987,0.0323,4,F,806,I
-7.63,-4.401,8,F,806,K
0.4515,0.01231,1,F,806,L
-4.249,-1.558,6,F,806,M
-5.665,-3.167,3,F,806,N
-17.19,-4.699,3,F,806,P
-4.608,-1.957,3,F,806,Q
-9.006,-4.62,5,F,806,S
-5.176,-2.625,2,F,806,T
-4.418,-1.741,3,F,806,W
-3.789,-1.114,2,F,806,Y
2.891,0.03213,2,T,807,A
2.442,0.03105,6,T,807,C
3.882,0.03333,5,T,807,D
3.415,0.03291,1,T,807,E
1.109,0.02275,4,T,807,F
4.711,0.03372,3,T,807,G
4.15,0.03349,5,T,807,H
-5.013,-2.433,6,T,807,I
2.266,0.03048,6,T,807,K
1.372,0.02535,10,T,807,L
-3.259,-0.7164,2,T,807,M
4.669,0.03371,2,T,807,N
-11.26,-4.69,3,T,807,P
-2.257,-0.2722,3,T,807,Q
6.581,0.03398,2,T,807,R
-2.214,-0.2601,4,T,807,S
0,0,,T,807,T
-1.093,-0.06606,5,T,807,V
-2.649,-0.4057,4,T,807,W
-1.969,-0.1993,3,T,807,Y
-8.869,-4.609,9,G,808,*
-4.064,-1.37,5,G,808,A
-1.134,-0.07018,3,G,808,C
2.171,0.03013,5,G,808,D
-2.478,-0.3419,13,G,808,E
-7.064,-4.199,6,G,808,F
0,0,,G,808,G
-0.9092,-0.04955,7,G,808,H
-5.436,-2.921,5,G,808,I
7.585,0.03401,7,G,808,K
-8.699,-4.592,2,G,808,L
-3.822,-1.143,6,G,808,M
-1.247,-0.08233,9,G,808,N
-9.016,-4.621,2,G,808,P
-2.456,-0.3344,2,G,808,Q
0.2934,0.008607,19,G,808,R
-6.562,-3.926,4,G,808,S
-2.837,-0.4864,6,G,808,T
-2.821,-0.4794,10,G,808,V
-6.289,-3.733,12,G,808,W
-3.216,-0.6897,4,G,808,Y
-3.048,-0.5926,5,V,809,A
-4.708,-2.073,3,V,809,D
-5.276,-2.74,3,V,809,E
-1.652,-0.1384,7,V,809,F
-3.538,-0.9097,2,V,809,G
1.338,0.02506,3,V,809,H
-4.801,-2.182,5,V,809,K
7.415,0.03401,9,V,809,L
3.225,0.03267,3,V,809,M
-4.396,-1.717,10,V,809,N
-4.907,-2.307,5,V,809,P
-0.9053,-0.04923,5,V,809,Q
-3.749,-1.08,4,V,809,S
1.868,0.02874,5,V,809,T
0,0,,V,809,V
3.236,0.03268,6,V,809,W
2.958,0.03225,2,V,809,Y
0.2126,0.006479,1,C,81,*
0,0,,C,81,C
-7.101,-4.215,4,C,81,F
-6.44,-3.844,2,C,81,R
-8.281,-4.539,3,C,81,S
-9.082,-4.626,6,C,81,Y
6.614,0.03399,7,N,810,A
-3.309,-0.7485,10,N,810,C
-1.386,-0.09916,13,N,810,D
1.081,0.02244,4,N,810,E
-2.487,-0.3452,8,N,810,F
4.702,0.03372,5,N,810,H
-4.767,-2.142,4,N,810,I
1.834,0.02856,6,N,810,K
-2.354,-0.3013,3,N,810,L
-5.817,-3.321,4,N,810,M
0,0,,N,810,N
-3.227,-0.6964,4,N,810,P
-1.816,-0.1676,5,N,810,Q
-5.976,-3.47,1,N,810,R
0.1669,0.005199,2,N,810,S
0.5541,0.01442,9,N,810,T
6.96,0.034,6,N,810,V
-2.783,-0.4622,5,N,810,W
3.167,0.03259,3,N,810,Y
1.971,0.02926,4,D,811,A
-3.633,-0.984,3,D,811,C
0,0,,D,811,D
-2.605,-0.3883,10,D,811,E
-2.156,-0.2445,5,D,811,F
-1.935,-0.1919,5,D,811,G
1.956,0.02919,6,D,811,H
8.173,0.03402,8,D,811,I
0.08572,0.002777,3,D,811,L
-2.637,-0.4009,2,D,811,M
-6.542,-3.913,11,D,811,N
0.08763,0.002837,4,D,811,P
3.216,0.03266,1,D,811,Q
0.8963,0.02008,6,D,811,T
-1.024,-0.05952,4,D,811,V
-2.634,-0.3996,3,D,811,W
-2.565,-0.3733,15,D,811,Y
0,0,,A,812,A
3.138,0.03255,10,A,812,C
-1.259,-0.08364,7,A,812,D
1.346,0.02512,4,A,812,E
-3.389,-0.8022,4,A,812,F
-3.563,-0.9289,3,A,812,G
-3.562,-0.9281,2,A,812,H
-2.982,-0.5574,4,A,812,I
0.7774,0.01833,2,A,812,K
-3.367,-0.7871,2,A,812,L
-2.622,-0.3951,7,A,812,M
-3.701,-1.039,4,A,812,N
-8.723,-4.595,2,A,812,P
-3.439,-0.8374,4,A,812,Q
-2.096,-0.2292,2,A,812,R
-3.092,-0.617,12,A,812,S
-3.094,-0.6182,11,A,812,T
-0.2412,-0.0092,9,A,812,V
-2.426,-0.3243,3,A,812,W
-3.59,-0.9495,4,A,812,Y
7.586,0.03401,5,I,813,A
-3.822,-1.143,3,I,813,C
-3.744,-1.075,3,I,813,D
-0.2507,-0.009609,6,I,813,E
3.317,0.03279,1,I,813,F
-5.536,-3.03,4,I,813,G
-7.341,-4.31,3,I,813,H
0,0,,I,813,I
-3.889,-1.203,2,I,813,K
2.811,0.03197,5,I,813,L
0.0152,0.0005099,5,I,813,M
-6.369,-3.793,2,I,813,P
3.536,0.03303,1,I,813,Q
-1.504,-0.1154,2,I,813,R
0.5139,0.01362,2,I,813,S
-6.163,-3.633,2,I,813,T
7.036,0.034,3,I,813,V
2.627,0.03155,1,I,813,W
5.726,0.03392,1,I,813,Y
0.3457,0.009895,5,T,814,A
-3.214,-0.6885,2,T,814,C
4.513,0.03366,4,T,814,D
9.115,0.03403,5,T,814,E
-6.199,-3.662,7,T,814,F
-1.459,-0.1089,3,T,814,G
8.716,0.03403,7,T,814,H
-1.36,-0.09587,4,T,814,I
-0.3973,-0.01642,2,T,814,K
-2.932,-0.5324,8,T,814,L
2.675,0.03167,3,T,814,M
0.08472,0.002746,6,T,814,N
-3.464,-0.855,4,T,814,P
3.863,0.03331,4,T,814,Q
1.158,0.02329,3,T,814,R
3.287,0.03275,6,T,814,S
0,0,,T,814,T
16.23,0.03403,4,T,814,V
-2.61,-0.3902,2,T,814,W
2.224,0.03033,1,T,814,Y
6.638,0.03399,1,Q,815,*
-1.035,-0.06053,7,Q,815,A
-0.6729,-0.03221,4,Q,815,C
0.05729,0.001882,3,Q,815,D
-2.711,-0.4309,5,Q,815,E
-3.803,-1.126,4,Q,815,F
-1.914,-0.1874,1,Q,815,G
5.765,0.03392,12,Q,815,H
5.638,0.03391,2,Q,815,I
-1.454,-0.1083,13,Q,815,K
1.606,0.02716,3,Q,815,L
3.876,0.03332,1,Q,815,M
1.117,0.02284,3,Q,815,N
-11.09,-4.689,4,Q,815,P
0,0,,Q,815,Q
-2.653,-0.4072,6,Q,815,R
1.613,0.02721,2,Q,815,S
1.815,0.02845,5,Q,815,T
-4.583,-1.929,6,Q,815,V
-4.127,-1.433,3,Q,815,W
-1.826,-0.1696,2,Q,815,Y
13.05,0.03403,4,T,816,A
-2.94,-0.5364,1,T,816,C
-7.291,-4.292,4,T,816,D
-2.2,-0.2563,1,T,816,E
-4.556,-1.898,5,T,816,F
-2.834,-0.4854,2,T,816,G
3.295,0.03276,3,T,816,H
-8.633,-4.585,7,T,816,I
-0.6662,-0.03177,8,T,816,K
-5.577,-3.075,6,T,816,M
1.611,0.0272,2,T,816,N
-4.712,-2.078,7,T,816,P
4.156,0.03349,2,T,816,Q
-3.798,-1.122,11,T,816,R
1.524,0.02657,4,T,816,S
0,0,,T,816,T
-15.62,-4.699,4,T,816,V
-1.372,-0.09737,7,T,816,W
2.114,0.0299,2,T,816,Y
-5.146,-2.59,6,S,817,A
-3.526,-0.9008,6,S,817,C
3.035,0.03238,1,S,817,E
-10.38,-4.679,6,S,817,F
0.8802,0.01986,1,S,817,G
-7.296,-4.294,8,S,817,I
-8.053,-4.5,5,S,817,K
-2.479,-0.3422,2,S,817,L
-5.472,-2.96,3,S,817,M
-8.654,-4.587,4,S,817,P
2.167,0.03011,4,S,817,Q
-9.832,-4.664,10,S,817,R
0,0,,S,817,S
-2.257,-0.2723,7,S,817,T
-7.314,-4.3,3,S,817,V
-6.96,-4.15,6,S,817,W
-8.598,-4.581,1,S,817,Y
1.446,0.02597,3,Q,818,*
2.715,0.03176,4,Q,818,A
-0.8398,-0.04404,6,Q,818,C
11.63,0.03403,3,Q,818,D
7.373,0.03401,3,Q,818,F
5.003,0.0338,5,Q,818,G
1.395,0.02555,1,Q,818,H
3.915,0.03335,1,Q,818,I
-3.321,-0.7568,14,Q,818,K
-1.517,-0.1173,5,Q,818,L
-4.078,-1.383,7,Q,818,M
1.724,0.02793,6,Q,818,N
-4.761,-2.135,7,Q,818,P
0,0,,Q,818,Q
6.571,0.03398,4,Q,818,R
1.499,0.02639,5,Q,818,T
9.212,0.03403,2,Q,818,V
2.095,0.02982,6,Q,818,W
-7.163,-4.241,1,Q,818,Y
-1.658,-0.1393,1,A,819,-
0,0,,A,819,A
-0.9824,-0.05579,3,A,819,C
5.835,0.03393,5,A,819,D
0.9626,0.02098,4,A,819,E
-3.453,-0.8477,7,A,819,F
2.746,0.03183,1,A,819,G
0.7585,0.01803,5,A,819,H
-3.875,-1.19,6,A,819,I
-3.863,-1.179,2,A,819,K
-6.139,-3.612,2,A,819,L
-0.99,-0.05645,3,A,819,M
-0.8515,-0.04495,3,A,819,N
-3.212,-0.6871,5,A,819,P
-4.176,-1.483,5,A,819,Q
-0.3389,-0.01359,2,A,819,R
4.695,0.03372,5,A,819,S
-8.309,-4.543,8,A,819,T
3.177,0.0326,4,A,819,V
-4.339,-1.656,6,A,819,W
-1.817,-0.1679,5,A,819,Y
0,0,,L,82,L
-0.04606,-0.001592,3,L,82,M
-10.5,-4.681,3,L,82,P
-3.207,-0.6842,1,L,82,Q
-1.069,-0.06376,1,L,820,-
0.3683,0.01043,3,L,820,C
3.651,0.03314,2,L,820,D
-4.444,-1.771,4,L,820,E
-2.81,-0.4744,4,L,820,F
-1.219,-0.07915,1,L,820,G
2.024,0.02951,5,L,820,H
1.379,0.02542,6,L,820,I
-4.882,-2.278,2,L,820,K
0,0,,L,820,L
8.272,0.03402,7,L,820,M
-4.193,-1.5,5,L,820,N
-7.001,-4.17,4,L,820,P
-2.894,-0.5136,4,L,820,Q
-4.411,-1.734,6,L,820,R
9.527,0.03403,4,L,820,S
-2.098,-0.2297,1,L,820,T
0.8245,0.01905,7,L,820,V
1.776,0.02824,4,L,820,W
1.64,0.02739,7,L,820,Y
1.318,0.02488,1,Q,821,*
4.224,0.03353,3,Q,821,A
-3.839,-1.158,4,Q,821,C
-3.621,-0.9739,3,Q,821,D
1.363,0.02527,2,Q,821,E
-3.758,-1.087,5,Q,821,F
-0.5555,-0.02496,4,Q,821,G
-3.839,-1.158,17,Q,821,H
-0.222,-0.008385,9,Q,821,I
-3.648,-0.9959,7,Q,821,K
3.099,0.03249,5,Q,821,L
16.99,0.03403,6,Q,821,M
2.213,0.03029,7,Q,821,P
0,0,,Q,821,Q
-2.309,-0.2876,3,Q,821,R
3.266,0.03272,1,Q,821,T
-1.419,-0.1035,6,Q,821,V
-1.67,-0.1412,6,Q,821,W
-3.812,-1.134,2,Q,821,Y
-0.4716,-0.02027,1,T,822,-
-6.597,-3.948,4,T,822,A
-5.185,-2.635,4,T,822,C
-1.493,-0.1137,5,T,822,D
-3.734,-1.066,10,T,822,E
-4.996,-2.413,1,T,822,F
6.515,0.03398,7,T,822,G
-3.328,-0.7613,1,T,822,H
-6.914,-4.127,13,T,822,I
-7.377,-4.323,6,T,822,K
-4.129,-1.435,2,T,822,L
-8.664,-4.588,4,T,822,M
0.5185,0.01371,6,T,822,N
5.227,0.03385,4,T,822,P
-0.7117,-0.03479,6,T,822,Q
-10.38,-4.679,3,T,822,R
3.473,0.03297,3,T,822,S
0,0,,T,822,T
8.287,0.03402,6,T,822,V
-4.19,-1.497,4,T,822,W
-12.23,-4.695,1,T,822,Y
-3.142,-0.6458,4,V,823,A
1.579,0.02697,3,V,823,C
-5.997,-3.489,4,V,823,D
-7.338,-4.309,4,V,823,E
-4.602,-1.951,4,V,823,F
-4.946,-2.354,1,V,823,G
-16.61,-4.699,2,V,823,H
-9.758,-4.661,4,V,823,I
-3.451,-0.8462,2,V,823,K
-5.777,-3.281,4,V,823,L
-2.713,-0.4317,9,V,823,M
-6.186,-3.651,4,V,823,N
-0.223,-0.008427,5,V,823,P
-8.595,-4.581,3,V,823,Q
-4.648,-2.003,7,V,823,R
-2.854,-0.4947,1,V,823,S
-0.2541,-0.009753,5,V,823,T
0,0,,V,823,V
-5.96,-3.455,3,V,823,W
-12.56,-4.696,5,V,823,Y
-1.484,-0.1125,1,A,824,-
0,0,,A,824,A
-2.184,-0.2521,1,A,824,C
-3.816,-1.137,10,A,824,D
3.283,0.03275,4,A,824,E
0.7285,0.01755,7,A,824,F
5.466,0.03389,7,A,824,G
5.003,0.0338,5,A,824,H
-0.6112,-0.0283,5,A,824,I
3.481,0.03298,4,A,824,K
-2.862,-0.4982,9,A,824,L
1.992,0.02936,3,A,824,M
-1.84,-0.1724,5,A,824,N
-4.361,-1.68,6,A,824,P
3.433,0.03292,4,A,824,Q
8.028,0.03402,7,A,824,R
-2.771,-0.4566,9,A,824,S
-1.11,-0.06775,11,A,824,T
-1.844,-0.1732,7,A,824,V
0.3484,0.00996,3,A,824,W
-2.96,-0.5462,4,A,824,Y
0.553,0.0144,2,T,825,-
-2.881,-0.5075,5,T,825,A
-2.925,-0.5288,5,T,825,C
-2.875,-0.5044,5,T,825,D
4.08,0.03345,2,T,825,E
-3.848,-1.166,7,T,825,G
6.431,0.03398,1,T,825,H
1.939,0.02911,6,T,825,I
2.026,0.02952,7,T,825,K
-3.074,-0.6071,2,T,825,M
7.606,0.03401,4,T,825,N
-2.579,-0.3785,8,T,825,P
7.327,0.03401,5,T,825,Q
-2.279,-0.2787,2,T,825,R
0,0,,T,825,T
4.42,0.03362,4,T,825,V
-0.7365,-0.0365,3,T,825,W
6.485,0.03398,3,T,825,Y
1.719,0.0279,2,A,826,-
0,0,,A,826,A
-1.718,-0.1496,4,A,826,C
-13.01,-4.697,2,A,826,D
-11.97,-4.695,4,A,826,E
-0.6012,-0.02769,1,A,826,F
-5.328,-2.8,4,A,826,G
-6.951,-4.146,9,A,826,H
-5.583,-3.081,3,A,826,I
-9.175,-4.632,1,A,826,K
-6.498,-3.884,7,A,826,L
-4.651,-2.007,2,A,826,M
-13.87,-4.698,1,A,826,N
-15.95,-4.699,1,A,826,P
-8.746,-4.597,1,A,826,Q
-3.161,-0.6565,2,A,826,R
-0.6122,-0.02836,8,A,826,S
5.889,0.03394,8,A,826,T
0.9355,0.02062,7,A,826,V
-5.712,-3.215,2,A,826,W
-5.93,-3.428,8,A,826,Y
0.8327,0.01917,3,L,827,-
-2.994,-0.5639,4,L,827,A
-2.934,-0.5334,5,L,827,C
-5.56,-3.056,7,L,827,D
3.828,0.03329,8,L,827,F
-8.821,-4.604,2,L,827,G
2.119,0.02992,16,L,827,I
-4.152,-1.457,7,L,827,K
0,0,,L,827,L
4.223,0.03353,5,L,827,M
6.215,0.03396,3,L,827,N
-6.072,-3.555,9,L,827,P
-4.535,-1.873,4,L,827,Q
-4.219,-1.527,1,L,827,R
-4.268,-1.579,6,L,827,S
-2.22,-0.2618,2,L,827,T
2.514,0.03126,2,L,827,V
-3.881,-1.196,2,L,827,W
-0.4356,-0.01837,4,L,827,Y
-0.5005,-0.02184,3,N,828,-
5.483,0.03389,2,N,828,A
-3.594,-0.9528,1,N,828,D
-5.389,-2.869,1,N,828,E
-4.303,-1.616,5,N,828,F
-3.172,-0.6634,3,N,828,G
4.238,0.03354,3,N,828,H
-4.596,-1.943,3,N,828,I
2.239,0.03038,8,N,828,K
-0.1677,-0.006162,6,N,828,L
-2.184,-0.2519,1,N,828,M
0,0,,N,828,N
-8.862,-4.608,5,N,828,P
3.944,0.03337,4,N,828,Q
-0.1006,-0.003572,8,N,828,R
-0.6671,-0.03184,5,N,828,S
-1.615,-0.1322,3,N,828,T
3.906,0.03334,8,N,828,V
2.364,0.03081,5,N,828,W
-0.6074,-0.02807,4,N,828,Y
-1.016,-0.05875,1,K,829,-
-1.082,-0.06501,5,K,829,A
-4.464,-1.794,7,K,829,C
-4.44,-1.766,6,K,829,D
-6.375,-3.798,4,K,829,E
-8.511,-4.571,2,K,829,F
-8.43,-4.56,6,K,829,G
-4.353,-1.67,7,K,829,I
0,0,,K,829,K
4.875,0.03377,3,K,829,L
-4.996,-2.413,7,K,829,M
-5.929,-3.427,17,K,829,N
-6.698,-4.01,3,K,829,P
-4.943,-2.351,11,K,829,Q
5.036,0.03381,4,K,829,R
1.317,0.02487,3,K,829,S
-4.324,-1.639,3,K,829,T
-3.451,-0.8456,2,K,829,V
-9.495,-4.65,5,K,829,W
-4.389,-1.71,6,W,83,*
1.638,0.02738,1,W,83,G
-2.847,-0.4914,10,W,83,L
-4.008,-1.315,1,W,83,S
0,0,,W,83,W
-1.603,-0.1304,1,I,830,-
-11.74,-4.693,7,I,830,A
-9.262,-4.637,3,I,830,C
-3.836,-1.156,1,I,830,D
-7.361,-4.317,4,I,830,E
-9.965,-4.668,7,I,830,F
-5.269,-2.732,6,I,830,G
-5.07,-2.5,3,I,830,H
0,0,,I,830,I
-12.94,-4.697,4,I,830,K
13.38,0.03403,5,I,830,M
-5.396,-2.877,6,I,830,N
-13.6,-4.698,3,I,830,P
-4.699,-2.063,9,I,830,R
-5.922,-3.421,7,I,830,S
-2.858,-0.4963,3,I,830,T
-1.203,-0.07741,4,I,830,V
-16.96,-4.699,4,I,830,W
-5.59,-3.088,3,I,830,Y
-0.03811,-0.001312,1,Q,831,-
3.872,0.03332,4,Q,831,A
3.36,0.03284,3,Q,831,C
2.817,0.03198,1,Q,831,D
-4.341,-1.658,7,Q,831,E
-4.57,-1.913,3,Q,831,F
-5.887,-3.387,5,Q,831,G
-0.3172,-0.01258,20,Q,831,H
-8.701,-4.592,2,Q,831,I
4.537,0.03366,6,Q,831,K
-3.466,-0.8564,5,Q,831,L
-1.982,-0.2023,8,Q,831,M
-2.075,-0.2242,4,Q,831,N
-6.438,-3.842,6,Q,831,P
0,0,,Q,831,Q
16.04,0.03403,12,Q,831,R
3.892,0.03333,1,Q,831,S
-0.1158,-0.004145,1,Q,831,T
-1.257,-0.08349,4,Q,831,V
-3.481,-0.8679,4,Q,831,W
1.592,0.02707,3,Q,831,Y
1.945,0.02913,6,D,832,A
0.9386,0.02066,3,D,832,C
0,0,,D,832,D
-6.733,-4.03,3,D,832,E
-1.026,-0.05966,8,D,832,F
-1.298,-0.08821,1,D,832,G
3.604,0.0331,2,D,832,H
-3.554,-0.9218,7,D,832,I
3.172,0.0326,3,D,832,K
3.902,0.03334,5,D,832,L
3.943,0.03337,5,D,832,M
1.361,0.02526,11,D,832,N
-6.466,-3.862,5,D,832,P
1.928,0.02905,4,D,832,Q
3.046,0.0324,5,D,832,R
-3.834,-1.154,1,D,832,S
-4.067,-1.372,3,D,832,T
-0.3384,-0.01357,3,D,832,V
7.342,0.03401,4,D,832,W
-2.671,-0.4145,9,D,832,Y
-0.5264,-0.02329,11,V,833,A
-7.249,-4.276,4,V,833,C
-5.059,-2.487,5,V,833,D
-8.709,-4.593,3,V,833,E
-5.532,-3.027,3,V,833,F
-5.703,-3.206,3,V,833,G
-13.08,-4.697,4,V,833,H
-10.64,-4.683,9,V,833,I
-9.029,-4.622,8,V,833,K
-8.619,-4.584,1,V,833,L
-9.758,-4.661,7,V,833,M
-8.631,-4.585,1,V,833,N
-0.6742,-0.03229,1,V,833,P
-9.216,-4.635,2,V,833,Q
-7.79,-4.443,4,V,833,R
-5.642,-3.143,8,V,833,S
0,0,,V,833,V
-6.997,-4.168,4,V,833,W
-6.404,-3.818,4,V,833,Y
-7.058,-4.196,1,V,834,-
-2.838,-0.4869,3,V,834,A
3.63,0.03312,5,V,834,C
-9.24,-4.636,4,V,834,D
-5.077,-2.509,8,V,834,E
-5.859,-3.361,3,V,834,F
-7.288,-4.291,4,V,834,G
-2.612,-0.3911,10,V,834,H
9.344,0.03403,2,V,834,I
-2.698,-0.4257,5,V,834,L
2.406,0.03094,9,V,834,M
-5.652,-3.153,1,V,834,N
-9.175,-4.632,5,V,834,P
-3.324,-0.7585,2,V,834,Q
2.076,0.02974,1,V,834,R
-5.925,-3.424,3,V,834,S
-1.197,-0.0768,7,V,834,T
0,0,,V,834,V
-0.5151,-0.02266,2,V,834,W
6.564,0.03398,4,V,834,Y
-5.221,-2.677,1,N,835,-
-2.919,-0.5257,4,N,835,A
-1.316,-0.09042,6,N,835,C
-0.4207,-0.01761,7,N,835,D
-1.393,-0.1001,9,N,835,E
1.892,0.02887,7,N,835,F
-4.787,-2.166,7,N,835,G
-2.441,-0.3295,3,N,835,H
-9.584,-4.654,4,N,835,I
-6.125,-3.601,2,N,835,K
7.197,0.03401,3,N,835,L
-1.042,-0.06119,4,N,835,M
0,0,,N,835,N
-7.189,-4.252,5,N,835,P
6.471,0.03398,4,N,835,Q
5.3,0.03386,4,N,835,R
3.156,0.03257,3,N,835,S
0.2899,0.008519,5,N,835,T
2.282,0.03054,2,N,835,V
-1.059,-0.0628,1,N,835,W
2.413,0.03096,9,N,835,Y
-12.6,-4.696,8,Q,836,*
-4.881,-2.277,1,Q,836,-
-3.079,-0.6096,2,Q,836,A
-3.511,-0.8895,4,Q,836,C
0.9899,0.02133,4,Q,836,D
-4.217,-1.525,2,Q,836,E
2.623,0.03154,5,Q,836,F
1.582,0.027,5,Q,836,G
7.107,0.034,9,Q,836,H
-3.546,-0.916,2,Q,836,I
-3.351,-0.7767,10,Q,836,K
-2.368,-0.3055,5,Q,836,L
0.2359,0.007111,6,Q,836,M
-0.5204,-0.02296,3,Q,836,N
-4.233,-1.542,2,Q,836,P
0,0,,Q,836,Q
3.984,0.03339,7,Q,836,R
2.175,0.03014,8,Q,836,S
-2.395,-0.3144,4,Q,836,V
0.6436,0.01609,2,Q,836,W
-2.156,-0.2445,5,Q,836,Y
-8.512,-4.571,4,Q,837,*
3.016,0.03235,1,Q,837,A
0.3631,0.01031,5,Q,837,C
-8.471,-4.566,6,Q,837,D
-11.87,-4.694,2,Q,837,E
0.4117,0.01143,4,Q,837,F
-0.5782,-0.0263,3,Q,837,G
-0.03773,-0.001299,13,Q,837,H
0.882,0.01988,1,Q,837,I
-1.743,-0.1541,3,Q,837,K
4.153,0.03349,6,Q,837,L
1.559,0.02683,2,Q,837,M
2.987,0.0323,7,Q,837,N
-5.226,-2.683,6,Q,837,P
0,0,,Q,837,Q
4.988,0.0338,5,Q,837,R
-4.794,-2.174,3,Q,837,S
-12.47,-4.696,6,Q,837,T
2.199,0.03023,2,Q,837,V
-2.235,-0.266,11,Q,837,W
-2.264,-0.2742,2,Q,837,Y
-2.831,-0.484,3,G,838,A
-0.7689,-0.03879,9,G,838,C
12.74,0.03403,11,G,838,D
4.371,0.0336,4,G,838,E
-2.836,-0.4862,9,G,838,F
0,0,,G,838,G
-0.4321,-0.01819,5,G,838,H
-3.114,-0.6293,7,G,838,I
-1.799,-0.1645,2,G,838,K
-2.801,-0.4702,3,G,838,L
-5.109,-2.547,1,G,838,M
-3.857,-1.174,5,G,838,N
-2.99,-0.5617,7,G,838,P
-2.939,-0.5356,6,G,838,Q
-0.7725,-0.03904,9,G,838,R
-1.479,-0.1118,6,G,838,S
3.356,0.03284,1,G,838,T
5.286,0.03386,11,G,838,V
-2.075,-0.2241,5,G,838,W
2.533,0.03131,2,G,838,Y
-1.707,-0.1477,7,N,839,A
-14.27,-4.698,6,N,839,C
-3.154,-0.6526,7,N,839,D
-1.417,-0.1033,5,N,839,E
1.73,0.02796,5,N,839,F
-3.097,-0.6196,7,N,839,G
3.014,0.03235,4,N,839,H
-0.3232,-0.01286,2,N,839,I
0.06015,0.001973,3,N,839,K
0.4811,0.01294,5,N,839,L
-3.205,-0.6828,1,N,839,M
0,0,,N,839,N
-10.48,-4.68,5,N,839,P
-3.933,-1.243,2,N,839,Q
0.3453,0.009887,2,N,839,R
4.439,0.03363,5,N,839,S
0.5325,0.01399,1,N,839,T
2.48,0.03116,5,N,839,V
-2.926,-0.5293,2,N,839,W
-3.315,-0.7525,5,N,839,Y
-16.52,-4.699,10,S,84,*
-0.9899,-0.05644,2,S,84,P
0,0,,S,84,S
-13.12,-4.697,2,S,84,T
-2.594,-0.3842,1,S,840,-
5.105,0.03382,4,S,840,A
5.754,0.03392,5,S,840,C
-2.005,-0.2075,4,S,840,E
-1.008,-0.05805,6,S,840,F
0.8454,0.01936,7,S,840,H
1.786,0.02829,1,S,840,I
3.787,0.03326,5,S,840,K
2.891,0.03213,4,S,840,L
3.924,0.03335,1,S,840,M
-2.259,-0.2729,3,S,840,N
-7.15,-4.236,5,S,840,P
-2.221,-0.2622,3,S,840,Q
-0.6978,-0.03386,5,S,840,R
0,0,,S,840,S
3.759,0.03323,2,S,840,T
-2.246,-0.2691,6,S,840,V
0.4913,0.01315,3,S,840,W
-2.585,-0.3809,8,S,840,Y
-0.9242,-0.0508,1,L,841,-
-4.285,-1.597,7,L,841,A
-8.303,-4.542,5,L,841,C
-9.927,-4.667,2,L,841,E
-7.911,-4.471,4,L,841,F
-9.624,-4.656,6,L,841,G
-9.834,-4.664,5,L,841,H
-0.1477,-0.005371,5,L,841,I
-8.59,-4.58,2,L,841,K
0,0,,L,841,L
-2.415,-0.3207,15,L,841,M
-6.73,-4.029,9,L,841,N
-8.683,-4.59,3,L,841,P
-4.962,-2.373,5,L,841,Q
-3.702,-1.04,5,L,841,R
-11.94,-4.694,4,L,841,S
-8.718,-4.594,6,L,841,T
-2.185,-0.2524,3,L,841,V
-7.565,-4.383,10,L,841,W
-6.49,-3.878,1,L,841,Y
-0.8777,-0.04701,1,N,842,-
2.837,0.03202,4,N,842,A
2.537,0.03132,1,N,842,C
1.42,0.02576,1,N,842,D
-3.855,-1.172,2,N,842,E
1.703,0.0278,4,N,842,F
2.225,0.03033,2,N,842,G
-0.03947,-0.00136,3,N,842,H
-3.424,-0.827,3,N,842,I
2.188,0.03019,6,N,842,K
3.779,0.03325,3,N,842,L
4.332,0.03358,4,N,842,M
0,0,,N,842,N
-7.232,-4.269,5,N,842,P
-3.839,-1.158,2,N,842,Q
1.065,0.02225,3,N,842,R
-2.485,-0.3444,1,N,842,S
-2.273,-0.2769,7,N,842,T
-4.817,-2.202,7,N,842,V
-3.545,-0.9154,4,N,842,W
-0.9864,-0.05614,8,N,842,Y
-1.434,-0.1056,1,H,843,-
0.6486,0.01618,7,H,843,A
-0.9768,-0.05529,4,H,843,C
-3.841,-1.16,1,H,843,D
-1.44,-0.1064,3,H,843,E
-9.402,-4.645,4,H,843,F
-4.263,-1.573,8,H,843,G
0,0,,H,843,H
-7.2,-4.257,7,H,843,I
-1.506,-0.1157,10,H,843,K
7.8,0.03402,6,H,843,L
-8.701,-4.592,3,H,843,M
-4.329,-1.645,16,H,843,N
-7.367,-4.319,7,H,843,P
-1.279,-0.08596,4,H,843,Q
1.741,0.02803,2,H,843,R
-3.402,-0.8113,6,H,843,S
-2.464,-0.3372,2,H,843,T
3.63,0.03312,1,H,843,V
2.672,0.03166,3,H,843,W
-8.717,-4.594,3,H,843,Y
0.9634,0.02099,1,L,844,-
-9.588,-4.654,5,L,844,A
-11.01,-4.688,5,L,844,C
-2.72,-0.4347,2,L,844,D
-4.308,-1.622,5,L,844,E
-9.307,-4.64,3,L,844,F
-9.88,-4.665,2,L,844,G
-6.873,-4.107,4,L,844,H
-5.807,-3.31,2,L,844,I
-7.353,-4.314,7,L,844,K
0,0,,L,844,L
-7.011,-4.175,12,L,844,M
-5.27,-2.734,2,L,844,N
-6.903,-4.122,7,L,844,P
-9.004,-4.62,2,L,844,Q
-10.7,-4.684,3,L,844,R
-7.332,-4.307,6,L,844,S
-6.181,-3.647,5,L,844,T
-8.184,-4.523,5,L,844,V
-4.856,-2.248,1,L,844,W
-4.284,-1.596,4,L,844,Y
-2.351,-0.3004,2,T,845,-
-2.285,-0.2805,4,T,845,A
2.275,0.03051,2,T,845,C
-4.842,-2.231,2,T,845,D
-2.639,-0.4016,7,T,845,E
-1.402,-0.1013,2,T,845,F
5.616,0.03391,3,T,845,G
4.787,0.03375,4,T,845,H
-3.858,-1.175,6,T,845,I
-3.155,-0.6532,9,T,845,K
1.895,0.02888,6,T,845,L
1.258,0.02431,4,T,845,M
5.309,0.03386,8,T,845,N
-6.881,-4.111,1,T,845,P
-0.1807,-0.006682,3,T,845,Q
-1.242,-0.08171,3,T,845,R
1.319,0.02488,4,T,845,S
0,0,,T,845,T
-1.78,-0.1609,4,T,845,V
4.255,0.03355,4,T,845,W
0.006867,0.0002312,4,T,845,Y
-0.38,-0.01557,2,S,846,-
1.664,0.02755,5,S,846,A
1.422,0.02577,6,S,846,C
-3.775,-1.102,2,S,846,D
-2.775,-0.4584,6,S,846,E
-2.728,-0.4381,9,S,846,F
-0.9326,-0.0515,6,S,846,G
2.239,0.03038,9,S,846,H
6.106,0.03396,9,S,846,I
-0.456,-0.01944,3,S,846,K
2.925,0.03219,4,S,846,L
2.134,0.02998,6,S,846,M
0.5148,0.01363,3,S,846,N
-9.266,-4.638,5,S,846,P
-7.293,-4.292,1,S,846,Q
1.251,0.02424,8,S,846,R
0,0,,S,846,S
5.267,0.03385,2,S,846,T
-1.88,-0.1803,2,S,846,V
1.078,0.0224,6,S,846,W
-0.1948,-0.007256,4,S,846,Y
-7.116,-4.222,2,Q,847,*
0.3211,0.009299,2,Q,847,-
0.5744,0.01481,2,Q,847,A
-4.459,-1.788,5,Q,847,C
-6.528,-3.904,5,Q,847,D
-2.254,-0.2713,5,Q,847,E
-4.059,-1.364,8,Q,847,F
-4.899,-2.299,7,Q,847,G
-14.49,-4.698,17,Q,847,H
-3.098,-0.6205,2,Q,847,I
-5.062,-2.491,9,Q,847,K
-9.175,-4.632,3,Q,847,L
3.816,0.03328,3,Q,847,M
3.751,0.03323,1,Q,847,N
-4.022,-1.328,5,Q,847,P
0,0,,Q,847,Q
-4.284,-1.596,8,Q,847,R
-2.114,-0.2337,3,Q,847,S
-3.039,-0.5876,5,Q,847,T
-0.5043,-0.02205,1,Q,847,V
-5.259,-2.721,9,Q,847,W
-2.924,-0.5281,3,Q,847,Y
-2.144,-0.2415,2,L,848,-
-5.951,-3.447,3,L,848,A
-6.226,-3.684,5,L,848,C
-4.496,-1.829,7,L,848,D
-3.954,-1.264,2,L,848,E
11.29,0.03403,1,L,848,F
-3.287,-0.7345,2,L,848,G
-8.708,-4.593,2,L,848,H
-9.361,-4.643,7,L,848,I
3.775,0.03325,3,L,848,K
0,0,,L,848,L
-8.486,-4.568,4,L,848,M
-6.083,-3.565,5,L,848,N
-13.79,-4.698,4,L,848,P
-7.852,-4.457,3,L,848,Q
-5.478,-2.968,7,L,848,R
-6.181,-3.648,3,L,848,S
-6.547,-3.916,6,L,848,T
-4.992,-2.409,3,L,848,V
-5.268,-2.731,1,L,848,W
-8.445,-4.562,4,L,848,Y
-0.3775,-0.01545,1,R,849,-
3.428,0.03292,3,R,849,A
-5.87,-3.372,4,R,849,C
-8.231,-4.531,7,R,849,D
-4.313,-1.627,2,R,849,F
-3.207,-0.6843,2,R,849,G
0.2612,0.007779,3,R,849,H
-4.967,-2.379,15,R,849,I
-1.535,-0.1198,11,R,849,K
-3.337,-0.7672,6,R,849,L
-4.385,-1.705,2,R,849,M
-1.206,-0.07781,1,R,849,N
-3.084,-0.6125,1,R,849,P
-1.076,-0.06444,3,R,849,Q
0,0,,R,849,R
-1.985,-0.203,9,R,849,S
5.848,0.03393,4,R,849,T
-5.35,-2.825,2,R,849,V
-8.657,-4.588,1,R,849,W
-6.31,-3.749,6,R,849,Y
-1.541,-0.1208,1,V,85,A
-1.435,-0.1057,1,V,85,E
3.638,0.03313,2,V,85,L
1.103,0.02268,4,V,85,M
0,0,,V,85,V
-8.779,-4.6,4,Q,850,*
1.492,0.02633,1,Q,850,-
-0.1694,-0.006229,3,Q,850,A
-7.335,-4.308,3,Q,850,C
-7.324,-4.304,5,Q,850,D
2.892,0.03213,5,Q,850,E
-0.1518,-0.005532,4,Q,850,F
-9.214,-4.634,5,Q,850,G
4.893,0.03377,12,Q,850,H
-4.239,-1.549,7,Q,850,I
-0.8373,-0.04386,3,Q,850,K
4.776,0.03374,3,Q,850,L
2.659,0.03163,5,Q,850,M
-5.611,-3.111,4,Q,850,P
0,0,,Q,850,Q
-3.143,-0.646,3,Q,850,R
-3.017,-0.5762,3,Q,850,S
-4.753,-2.127,7,Q,850,T
4.228,0.03353,3,Q,850,V
-8.961,-4.616,3,Q,850,W
-2.829,-0.483,6,Q,850,Y
-2.574,-0.3768,1,N,851,-
-7.557,-4.38,3,N,851,A
-1.686,-0.1441,2,N,851,C
-4.188,-1.495,8,N,851,D
-17.16,-4.699,5,N,851,E
-6.976,-4.158,4,N,851,F
-4.802,-2.183,4,N,851,G
-3.251,-0.7115,3,N,851,H
1.068,0.02228,4,N,851,I
-0.4443,-0.01883,3,N,851,K
-8.075,-4.504,1,N,851,L
-7.067,-4.2,3,N,851,M
0,0,,N,851,N
-1.114,-0.06816,3,N,851,P
-3.374,-0.792,3,N,851,Q
-3.685,-1.026,2,N,851,R
0.455,0.01238,3,N,851,S
4.165,0.0335,2,N,851,T
-0.5763,-0.02619,1,N,851,V
-10.02,-4.67,1,N,851,W
-6.499,-3.884,8,N,851,Y
-3.139,-0.6437,2,F,852,-
-8.159,-4.519,2,F,852,A
-6.223,-3.681,4,F,852,C
-7.778,-4.44,7,F,852,D
-11.04,-4.688,8,F,852,E
0,0,,F,852,F
-7.128,-4.227,3,F,852,G
-1.76,-0.1571,3,F,852,H
-9.797,-4.663,9,F,852,I
-13.05,-4.697,1,F,852,K
-5.322,-2.793,7,F,852,L
-4.117,-1.422,3,F,852,M
6.8,0.03399,2,F,852,N
3.676,0.03316,3,F,852,P
-5.709,-3.212,3,F,852,Q
2.426,0.031,4,F,852,R
-5.543,-3.038,8,F,852,S
-5.331,-2.803,4,F,852,T
-5.679,-3.182,3,F,852,V
-4.266,-1.576,3,F,852,W
-2.787,-0.4637,6,F,852,Y
-9.176,-4.632,4,Q,853,*
3.222,0.03266,6,Q,853,A
11.16,0.03403,4,Q,853,C
2.483,0.03117,4,Q,853,D
1.17,0.02342,5,Q,853,E
7.891,0.03402,5,Q,853,F
-4.879,-2.275,5,Q,853,G
-3.247,-0.7092,16,Q,853,H
-10.92,-4.687,4,Q,853,I
-5.277,-2.742,10,Q,853,K
3.307,0.03278,10,Q,853,M
-0.243,-0.009276,6,Q,853,N
-8.147,-4.517,10,Q,853,P
0,0,,Q,853,Q
-2.058,-0.2199,17,Q,853,R
-4.45,-1.777,9,Q,853,S
-4.409,-1.732,9,Q,853,T
-7.579,-4.387,3,Q,853,V
-0.4979,-0.0217,4,Q,853,W
-0.9521,-0.05315,3,Q,853,Y
-2.801,-0.4703,1,A,854,-
0,0,,A,854,A
-1.846,-0.1735,3,A,854,C
-11.03,-4.688,8,A,854,D
3.154,0.03257,1,A,854,E
-10.17,-4.674,6,A,854,F
-5.388,-2.867,5,A,854,G
-9.244,-4.636,3,A,854,H
-7.334,-4.307,3,A,854,I
-11.51,-4.692,3,A,854,K
-6.857,-4.098,5,A,854,L
-1.404,-0.1016,1,A,854,M
-6.462,-3.859,1,A,854,N
-11.48,-4.692,1,A,854,P
3.546,0.03304,4,A,854,Q
-14.19,-4.698,5,A,854,R
-3.883,-1.198,6,A,854,S
-10.74,-4.685,8,A,854,T
-5.134,-2.575,10,A,854,V
-9.288,-4.639,3,A,854,W
-11.84,-4.694,2,A,854,Y
-7.165,-4.242,4,I,855,A
-0.004557,-0.0001543,3,I,855,C
-5.642,-3.143,2,I,855,E
-1.235,-0.08092,1,I,855,F
-8.573,-4.578,1,I,855,G
-5.393,-2.874,3,I,855,H
0,0,,I,855,I
-9.281,-4.639,4,I,855,K
-6.305,-3.745,3,I,855,L
-3.507,-0.8864,2,I,855,M
-3.936,-1.246,7,I,855,N
-4.541,-1.88,10,I,855,Q
-4.762,-2.136,2,I,855,R
-6.376,-3.799,4,I,855,S
-5.505,-2.997,3,I,855,T
3.783,0.03325,4,I,855,V
-5.317,-2.788,5,I,855,W
1.968,0.02925,4,I,855,Y
0.1929,0.005936,1,S,856,-
-10.15,-4.673,6,S,856,A
-8.57,-4.578,1,S,856,C
5.484,0.03389,1,S,856,D
-9.104,-4.627,3,S,856,E
-8.317,-4.544,7,S,856,F
-9.727,-4.66,8,S,856,G
-6.073,-3.557,5,S,856,H
-9.813,-4.663,13,S,856,I
-9.967,-4.668,5,S,856,K
-10.04,-4.67,7,S,856,L
-11.71,-4.693,5,S,856,M
-12.52,-4.696,7,S,856,N
-10.29,-4.677,4,S,856,P
-5.957,-3.453,4,S,856,Q
-6.391,-3.809,12,S,856,R
0,0,,S,856,S
-4.406,-1.728,10,S,856,T
-8.546,-4.575,2,S,856,V
-6.943,-4.142,6,S,856,W
-8.241,-4.532,8,S,856,Y
0.09098,0.00294,2,S,857,A
9.813,0.03403,5,S,857,C
-9.535,-4.652,3,S,857,D
-5.589,-3.087,5,S,857,E
3.367,0.03285,2,S,857,F
-8.526,-4.573,6,S,857,G
-10.43,-4.679,11,S,857,I
-5.943,-3.44,9,S,857,K
-9.206,-4.634,6,S,857,L
-3.312,-0.7508,2,S,857,M
-3.667,-1.012,13,S,857,N
-3.1,-0.6215,7,S,857,P
-4.839,-2.227,4,S,857,Q
-6.419,-3.829,7,S,857,R
0,0,,S,857,S
-1.956,-0.1965,9,S,857,T
1.075,0.02236,2,S,857,V
-2.369,-0.3059,4,S,857,W
-7.16,-4.24,3,S,857,Y
-15.16,-4.699,2,S,858,A
-5.826,-3.329,3,S,858,C
-6.49,-3.878,1,S,858,D
-3.313,-0.7513,4,S,858,E
-7.503,-4.364,6,S,858,F
-5.905,-3.405,5,S,858,G
-2.241,-0.2677,2,S,858,H
-12.3,-4.696,9,S,858,I
-5.692,-3.195,3,S,858,K
-8.556,-4.576,1,S,858,L
-7.01,-4.174,4,S,858,M
-3.133,-0.6401,11,S,858,N
-5.434,-2.919,1,S,858,P
-3.787,-1.112,4,S,858,Q
-3.162,-0.6571,4,S,858,R
0,0,,S,858,S
-11.19,-4.69,2,S,858,T
-7.785,-4.442,8,S,858,V
-0.6608,-0.03143,2,S,858,W
-4.083,-1.389,2,S,858,Y
-8.889,-4.61,2,I,859,A
-7.933,-4.475,11,I,859,C
-4.199,-1.506,4,I,859,D
-8.814,-4.603,2,I,859,E
-9.626,-4.656,6,I,859,F
-9.348,-4.642,4,I,859,G
-1.378,-0.09814,1,I,859,H
0,0,,I,859,I
-6.47,-3.865,4,I,859,K
-5.49,-2.981,2,I,859,L
-5.611,-3.111,5,I,859,M
-13.07,-4.697,5,I,859,N
-8.646,-4.587,4,I,859,P
-9.001,-4.619,5,I,859,R
-8.045,-4.498,5,I,859,S
-5.841,-3.344,7,I,859,T
3.925,0.03336,1,I,859,V
-8.172,-4.521,3,I,859,W
-7.142,-4.233,8,I,859,Y
-1.416,-0.1031,1,S,86,-
-1.022,-0.05934,2,S,86,P
0,0,,S,86,S
3.65,0.03314,9,S,86,Y
3.473,0.03297,2,Q,860,*
0.6858,0.01683,4,Q,860,A
6.213,0.03396,2,Q,860,C
-0.009848,-0.0003343,6,Q,860,D
0.04077,0.00135,3,Q,860,E
4.87,0.03377,2,Q,860,F
-7.877,-4.463,6,Q,860,G
-0.6032,-0.02781,10,Q,860,H
-4.462,-1.791,2,Q,860,I
-15.82,-4.699,8,Q,860,K
-12.57,-4.696,4,Q,860,L
-4.315,-1.629,3,Q,860,M
0.7757,0.0183,3,Q,860,N
-1.068,-0.06368,3,Q,860,P
0,0,,Q,860,Q
-12.62,-4.697,10,Q,860,R
-3.943,-1.253,4,Q,860,S
0.6581,0.01635,3,Q,860,T
1.303,0.02473,1,Q,860,V
2.609,0.03151,2,Q,860,W
-7.327,-4.305,3,Q,860,Y
0,0,,A,861,A
-2.126,-0.2369,1,A,861,C
-4.964,-2.376,4,A,861,D
3.375,0.03286,3,A,861,E
0.04024,0.001333,11,A,861,F
-10.02,-4.67,1,A,861,G
0.6163,0.0156,1,A,861,H
-8.474,-4.566,2,A,861,I
-4.42,-1.744,6,A,861,K
-9.295,-4.639,1,A,861,L
-6.042,-3.529,2,A,861,M
-4.516,-1.852,1,A,861,N
-7.168,-4.243,4,A,861,P
-5.231,-2.689,6,A,861,R
-2.332,-0.2944,8,A,861,S
1.399,0.02559,8,A,861,T
-7.955,-4.48,5,A,861,V
2.282,0.03053,4,A,861,W
-2.732,-0.4398,4,A,861,Y
-5.517,-3.01,8,I,862,A
-10.46,-4.68,1,I,862,C
-1.964,-0.1984,1,I,862,D
-12.48,-4.696,7,I,862,E
-7.883,-4.465,7,I,862,F
-7.844,-4.456,1,I,862,G
-7.781,-4.441,8,I,862,H
0,0,,I,862,I
-9.132,-4.629,4,I,862,K
-2.208,-0.2586,1,I,862,L
-5.085,-2.518,1,I,862,M
-8.47,-4.566,4,I,862,N
-5.074,-2.505,3,I,862,P
-5.442,-2.928,6,I,862,Q
-7.21,-4.261,5,I,862,S
-4.84,-2.228,7,I,862,T
-4.553,-1.895,3,I,862,V
-9.773,-4.662,3,I,862,W
-8.881,-4.61,2,I,862,Y
-1.551,-0.1223,3,Y,863,*
-8.415,-4.558,4,Y,863,A
-14.97,-4.698,5,Y,863,C
-5.522,-3.015,5,Y,863,D
-10.77,-4.685,5,Y,863,E
-5.545,-3.04,4,Y,863,F
-7.204,-4.258,5,Y,863,G
-7.22,-4.264,3,Y,863,H
-1.967,-0.199,1,Y,863,I
-6.616,-3.961,6,Y,863,K
-8.696,-4.592,3,Y,863,L
-9.574,-4.654,4,Y,863,M
-6.705,-4.014,4,Y,863,N
-7.086,-4.209,5,Y,863,Q
-7.028,-4.183,5,Y,863,R
-13.24,-4.698,6,Y,863,S
-4.625,-1.977,4,Y,863,T
-8.719,-4.594,5,Y,863,V
-14.32,-4.698,3,Y,863,W
0,0,,Y,863,Y
2.783,0.03191,3,D,864,-
-4.742,-2.113,1,D,864,A
-7.419,-4.337,10,D,864,C
0,0,,D,864,D
-4.377,-1.697,4,D,864,E
-11.85,-4.694,2,D,864,F
-7.043,-4.189,6,D,864,G
-6.529,-3.905,6,D,864,H
-4.205,-1.512,2,D,864,I
-10.93,-4.687,7,D,864,K
-8.444,-4.562,4,D,864,L
-4.034,-1.34,2,D,864,M
-7.384,-4.325,11,D,864,N
-8.22,-4.529,7,D,864,P
-3.845,-1.163,1,D,864,Q
-9.901,-4.666,7,D,864,R
-7.751,-4.433,1,D,864,S
-5.833,-3.335,3,D,864,V
-10.73,-4.684,2,D,864,W
-17.09,-4.699,28,D,864,Y
-4.751,-2.124,1,R,865,*
7.407,0.03401,2,R,865,-
-4.402,-1.724,3,R,865,A
-3.668,-1.012,3,R,865,C
-5.357,-2.833,1,R,865,D
-5.912,-3.411,6,R,865,E
-14.4,-4.698,7,R,865,F
-7.188,-4.252,5,R,865,G
-3.681,-1.022,1,R,865,H
-11.91,-4.694,14,R,865,I
-3.403,-0.8118,3,R,865,K
-7.044,-4.19,6,R,865,L
-8.118,-4.512,3,R,865,M
-8.841,-4.606,4,R,865,N
-8.59,-4.58,6,R,865,P
-5.172,-2.62,2,R,865,Q
0,0,,R,865,R
-4.222,-1.53,3,R,865,S
6.563,0.03398,4,R,865,T
-8.805,-4.603,2,R,865,V
-3.998,-1.305,1,R,865,W
-5.634,-3.134,5,R,865,Y
4.704,0.03372,3,L,866,-
-13.26,-4.698,3,L,866,A
-5.663,-3.166,8,L,866,C
-5.676,-3.179,3,L,866,D
0.1012,0.003253,3,L,866,E
4.223,0.03353,8,L,866,F
-2.729,-0.4386,3,L,866,H
-5.246,-2.705,4,L,866,I
-5.397,-2.878,2,L,866,K
0,0,,L,866,L
0.2298,0.006946,6,L,866,M
-5.189,-2.64,4,L,866,N
-9.69,-4.659,6,L,866,P
-9.106,-4.627,2,L,866,Q
-11.8,-4.694,1,L,866,R
0.5718,0.01476,1,L,866,S
-0.6217,-0.02895,2,L,866,T
-4.504,-1.838,2,L,866,V
-5.655,-3.156,2,L,866,W
-4.113,-1.418,3,L,866,Y
4.138,0.03349,4,D,867,-
2.273,0.0305,1,D,867,A
-8.972,-4.617,9,D,867,C
0,0,,D,867,D
-4.844,-2.233,11,D,867,E
-8.195,-4.525,7,D,867,F
-11.3,-4.691,9,D,867,G
-7.33,-4.306,4,D,867,H
-8.567,-4.577,1,D,867,I
-5.866,-3.367,4,D,867,L
-7.362,-4.317,4,D,867,M
-5.952,-3.448,8,D,867,N
-0.9299,-0.05127,4,D,867,P
-4.168,-1.474,2,D,867,Q
-4.323,-1.638,3,D,867,R
-7.472,-4.354,3,D,867,S
-8.754,-4.598,5,D,867,T
-6.946,-4.143,4,D,867,V
-6.881,-4.111,5,D,867,W
-12.59,-4.696,14,D,867,Y
-7.726,-4.427,6,I,868,-
-2.897,-0.5151,4,I,868,A
-1.958,-0.197,5,I,868,C
4.564,0.03367,6,I,868,D
-4.732,-2.102,3,I,868,E
5.033,0.03381,3,I,868,F
6.902,0.034,1,I,868,G
-0.4458,-0.0189,5,I,868,H
0,0,,I,868,I
0.4477,0.01223,4,I,868,K
-7.33,-4.306,3,I,868,L
-7.435,-4.342,3,I,868,M
-2.182,-0.2514,6,I,868,N
12.41,0.03403,8,I,868,P
9.431,0.03403,3,I,868,Q
-4.052,-1.358,3,I,868,R
3.596,0.03309,2,I,868,S
-0.8839,-0.0475,6,I,868,T
-1.392,-0.09994,5,I,868,V
5.227,0.03385,3,I,868,W
-3.619,-0.9725,2,I,868,Y
-5.69,-3.193,2,I,869,-
-3.706,-1.044,4,I,869,A
-1.948,-0.1948,6,I,869,C
3.343,0.03282,7,I,869,D
-3.37,-0.7893,2,I,869,E
6.647,0.03399,1,I,869,F
-8.483,-4.567,3,I,869,G
-4.659,-2.017,2,I,869,H
0,0,,I,869,I
1.198,0.0237,2,I,869,K
-3.889,-1.203,7,I,869,L
-3.328,-0.7611,7,I,869,N
-3.806,-1.128,3,I,869,P
-4.727,-2.095,1,I,869,Q
-3.624,-0.9763,5,I,869,R
4.236,0.03354,4,I,869,T
9.315,0.03403,6,I,869,V
5.789,0.03393,4,I,869,Y
-0.05513,-0.001914,1,G,87,-
-10.04,-4.67,3,G,87,C
-0.8657,-0.04606,7,G,87,D
0,0,,G,87,G
7.265,0.03401,4,G,87,S
-5.485,-2.975,1,G,87,V
-6.65,-3.981,2,Q,870,-
-0.9754,-0.05516,4,Q,870,A
-3.472,-0.8608,2,Q,870,C
4.263,0.03355,3,Q,870,D
5.114,0.03383,5,Q,870,E
-3.882,-1.197,3,Q,870,F
-2.977,-0.555,5,Q,870,G
1.837,0.02858,23,Q,870,H
-4.543,-1.882,4,Q,870,I
-2.772,-0.4573,12,Q,870,K
-5.255,-2.716,8,Q,870,L
1.312,0.02482,8,Q,870,M
-2.894,-0.5134,2,Q,870,N
4.792,0.03375,5,Q,870,P
0,0,,Q,870,Q
-4.035,-1.341,11,Q,870,R
-2.414,-0.3203,1,Q,870,S
3.612,0.03311,2,Q,870,V
-5.8,-3.303,6,Q,870,W
-4.187,-1.494,10,Q,870,Y
-0.06511,-0.002272,3,A,871,-
0,0,,A,871,A
-8.947,-4.615,3,A,871,C
-7.937,-4.476,4,A,871,D
-7.86,-4.459,5,A,871,E
-16.67,-4.699,5,A,871,F
-4.811,-2.194,6,A,871,G
-5.111,-2.549,7,A,871,H
-17.77,-4.699,6,A,871,I
-10.98,-4.688,3,A,871,K
-6.168,-3.637,5,A,871,L
-8.105,-4.509,10,A,871,M
-13.8,-4.698,11,A,871,N
-9.798,-4.663,6,A,871,P
-13.98,-4.698,3,A,871,Q
-9.401,-4.645,4,A,871,R
-7.271,-4.284,13,A,871,S
-10.21,-4.675,11,A,871,T
-5.009,-2.428,9,A,871,V
-5.075,-2.506,4,A,871,W
-3.668,-1.012,4,A,871,Y
-0.2075,-0.007779,2,D,872,-
-8.991,-4.619,2,D,872,A
-9.123,-4.628,3,D,872,C
0,0,,D,872,D
-9.669,-4.658,5,D,872,E
-9.08,-4.625,7,D,872,F
-5.58,-3.078,9,D,872,G
-4.994,-2.411,3,D,872,H
-5.952,-3.449,6,D,872,I
-8.604,-4.582,2,D,872,K
-12.57,-4.696,3,D,872,L
-7.893,-4.467,3,D,872,M
0.8574,0.01953,9,D,872,N
-6.479,-3.871,5,D,872,P
-7.605,-4.394,5,D,872,Q
-6.577,-3.936,4,D,872,R
-3.834,-1.153,8,D,872,S
-6.94,-4.141,6,D,872,T
-5.737,-3.24,4,D,872,V
-8.346,-4.549,6,D,872,W
-12.09,-4.695,16,D,872,Y
-2.579,-0.3787,6,Q,873,*
5.237,0.03385,1,Q,873,-
-4.246,-1.555,5,Q,873,A
-5.091,-2.526,7,Q,873,C
2.825,0.032,2,Q,873,D
-2.553,-0.3687,4,Q,873,E
-7.933,-4.475,6,Q,873,F
-3.292,-0.7374,3,Q,873,G
-8.914,-4.612,4,Q,873,H
4.611,0.03369,3,Q,873,I
-4.666,-2.024,12,Q,873,K
-2.779,-0.4604,3,Q,873,L
-1.376,-0.09791,2,Q,873,M
-6.429,-3.836,6,Q,873,P
0,0,,Q,873,Q
-0.9575,-0.05361,5,Q,873,R
-7.392,-4.328,3,Q,873,S
1.953,0.02918,8,Q,873,T
3.44,0.03293,4,Q,873,V
-4.122,-1.427,1,Q,873,W
-4.437,-1.763,7,Q,873,Y
-1.577,-0.1263,1,Q,874,*
-4.235,-1.544,2,Q,874,A
-9.563,-4.653,10,Q,874,C
-3.765,-1.093,3,Q,874,D
-2.735,-0.4411,4,Q,874,E
-9.525,-4.651,3,Q,874,F
-6.314,-3.752,3,Q,874,G
2.29,0.03056,13,Q,874,H
-10.12,-4.673,2,Q,874,I
-11.81,-4.694,8,Q,874,K
-8.876,-4.609,1,Q,874,L
-2.549,-0.3675,7,Q,874,M
-3.462,-0.8536,1,Q,874,N
-12.6,-4.696,4,Q,874,P
0,0,,Q,874,Q
-10.66,-4.683,8,Q,874,R
-6.169,-3.638,2,Q,874,S
-5.981,-3.474,6,Q,874,T
-4.706,-2.071,1,Q,874,V
-13,-4.697,4,Q,874,W
-13.24,-4.698,3,Q,874,Y
-11.54,-4.692,6,V,875,A
-3.435,-0.8344,2,V,875,C
-7.897,-4.468,4,V,875,D
-4.334,-1.65,4,V,875,E
-8.628,-4.585,2,V,875,F
-9.562,-4.653,5,V,875,G
-7.724,-4.426,4,V,875,H
-7.124,-4.225,2,V,875,I
-7.489,-4.359,1,V,875,K
-9.797,-4.663,7,V,875,L
-4.993,-2.409,5,V,875,M
-6.517,-3.897,3,V,875,N
-5.09,-2.524,5,V,875,P
-12.62,-4.697,2,V,875,Q
-5.07,-2.5,5,V,875,R
-6.6,-3.951,5,V,875,S
0,0,,V,875,V
-8.129,-4.514,2,V,875,W
-8.369,-4.552,5,V,875,Y
-4.469,-1.799,3,D,876,A
-4.926,-2.331,3,D,876,C
0,0,,D,876,D
-5.442,-2.927,4,D,876,E
-5.158,-2.604,1,D,876,F
-7.536,-4.374,3,D,876,G
9.276,0.03403,2,D,876,H
-5.942,-3.44,4,D,876,I
-6.073,-3.557,2,D,876,K
-3.739,-1.071,7,D,876,L
-1.005,-0.05784,5,D,876,M
-4.169,-1.475,4,D,876,N
-5.688,-3.19,6,D,876,P
-4.115,-1.421,3,D,876,Q
-5.918,-3.417,3,D,876,R
-7.84,-4.455,3,D,876,S
-4.443,-1.77,3,D,876,T
-7.453,-4.348,3,D,876,V
-7.41,-4.334,4,D,876,W
-4.156,-1.462,12,D,876,Y
-4.32,-1.635,5,R,877,A
-8.749,-4.597,2,R,877,C
-9.154,-4.631,5,R,877,D
-5.594,-3.093,6,R,877,E
-7.547,-4.377,11,R,877,G
-3.948,-1.258,5,R,877,H
-7.983,-4.486,2,R,877,I
-4.511,-1.846,1,R,877,K
-7.056,-4.195,13,R,877,L
-4.889,-2.287,5,R,877,M
-6.429,-3.836,5,R,877,N
-9.624,-4.656,4,R,877,P
-6.281,-3.727,11,R,877,Q
0,0,,R,877,R
-0.3363,-0.01347,3,R,877,S
-4.846,-2.236,6,R,877,T
-4.157,-1.463,5,R,877,V
-4.504,-1.838,8,R,877,W
4.29,0.03356,2,R,877,Y
-11.88,-4.694,2,L,878,*
-9.214,-4.634,2,L,878,A
-5.565,-3.062,7,L,878,C
-9.653,-4.657,3,L,878,D
-5.902,-3.402,7,L,878,E
-5.366,-2.843,15,L,878,F
-6.394,-3.812,4,L,878,G
-1.794,-0.1636,6,L,878,I
-6.03,-3.518,8,L,878,K
0,0,,L,878,L
-8.276,-4.538,6,L,878,M
-3.73,-1.063,2,L,878,N
-7.158,-4.239,4,L,878,P
-5.174,-2.623,5,L,878,Q
-6.134,-3.608,6,L,878,R
-8.562,-4.577,1,L,878,S
-7.297,-4.294,3,L,878,T
-5.325,-2.797,10,L,878,V
-7.302,-4.296,4,L,878,W
-9.972,-4.668,7,L,878,Y
5.289,0.03386,1,I,879,-
-9.063,-4.624,5,I,879,A
-13.1,-4.697,2,I,879,C
-5.821,-3.324,2,I,879,D
-10.9,-4.687,2,I,879,E
-2.6,-0.3864,2,I,879,F
-8.949,-4.615,4,I,879,G
-8.703,-4.593,3,I,879,H
0,0,,I,879,I
-3.015,-0.5752,1,I,879,K
-9.543,-4.652,3,I,879,L
-7.297,-4.294,4,I,879,M
-8.552,-4.576,3,I,879,N
-14.8,-4.698,7,I,879,P
-4.863,-2.256,3,I,879,Q
-6.51,-3.892,8,I,879,R
-8.627,-4.584,3,I,879,S
-13.23,-4.698,3,I,879,T
5.685,0.03392,6,I,879,V
-5.124,-2.563,7,I,879,W
-2.427,-0.3247,1,S,88,-
10.19,0.03403,3,S,88,I
2.462,0.03111,2,S,88,N
-2.428,-0.3252,2,S,88,R
0,0,,S,88,S
5.286,0.03386,1,T,880,-
3.133,0.03254,2,T,880,A
3.105,0.0325,3,T,880,C
-5.242,-2.701,4,T,880,D
-3.947,-1.256,2,T,880,E
-5.241,-2.7,5,T,880,F
-2.281,-0.2792,1,T,880,G
-4.152,-1.458,3,T,880,H
-1.524,-0.1183,5,T,880,I
0.6409,0.01604,1,T,880,K
-4.552,-1.893,2,T,880,L
-3.762,-1.091,1,T,880,M
6.968,0.034,4,T,880,N
-6.939,-4.14,6,T,880,P
-4.977,-2.39,4,T,880,Q
-4.917,-2.32,6,T,880,R
4.018,0.03342,5,T,880,S
0,0,,T,880,T
-5.227,-2.684,1,T,880,V
-7.252,-4.277,3,T,880,W
-4.382,-1.702,3,T,880,Y
-0.8433,-0.04432,1,G,881,-
-6.851,-4.095,5,G,881,A
-4.873,-2.267,16,G,881,C
-8.187,-4.524,9,G,881,D
-7.701,-4.42,2,G,881,E
-4.729,-2.098,8,G,881,F
0,0,,G,881,G
-4.061,-1.366,5,G,881,H
-14.9,-4.698,6,G,881,I
-3.495,-0.8779,8,G,881,K
-6.852,-4.096,1,G,881,L
-3.975,-1.283,1,G,881,M
-5.698,-3.201,4,G,881,N
-8.682,-4.59,1,G,881,P
-5.867,-3.369,4,G,881,Q
-6.812,-4.075,5,G,881,R
-11.81,-4.694,2,G,881,S
-8.624,-4.584,1,G,881,T
-6.979,-4.16,10,G,881,V
-6.585,-3.941,7,G,881,W
-10.81,-4.686,4,G,881,Y
-2.099,-0.23,1,R,882,-
-7.473,-4.354,6,R,882,A
-8.257,-4.535,5,R,882,C
-9.696,-4.659,5,R,882,D
-7.912,-4.471,5,R,882,E
-8.075,-4.504,4,R,882,F
-9.519,-4.651,3,R,882,H
-10.24,-4.675,13,R,882,I
-8.685,-4.591,3,R,882,K
-7.343,-4.311,5,R,882,L
-0.4017,-0.01664,3,R,882,M
-7.718,-4.425,4,R,882,N
-8.535,-4.574,3,R,882,P
-5.48,-2.97,3,R,882,Q
0,0,,R,882,R
-9.035,-4.622,3,R,882,S
-8.768,-4.599,7,R,882,T
-5.237,-2.695,3,R,882,V
-7.82,-4.45,4,R,882,W
-7.958,-4.481,3,R,882,Y
-3.771,-1.098,1,L,883,-
-8.457,-4.564,5,L,883,C
-7.899,-4.468,4,L,883,E
-9.085,-4.626,2,L,883,F
-7.815,-4.449,6,L,883,G
-6.743,-4.036,4,L,883,H
-0.7299,-0.03604,4,L,883,I
-11.32,-4.691,2,L,883,K
0,0,,L,883,L
-11.34,-4.691,8,L,883,M
-9.547,-4.652,1,L,883,N
-4.478,-1.809,6,L,883,P
-10.35,-4.678,8,L,883,Q
-4.195,-1.503,2,L,883,R
-8.547,-4.575,2,L,883,S
-7.329,-4.305,7,L,883,T
-6.213,-3.673,5,L,883,V
-9.287,-4.639,3,L,883,W
-6.016,-3.506,2,L,883,Y
0,0,,A,884,A
-7.608,-4.395,8,A,884,C
-2.793,-0.4665,7,A,884,D
-3.555,-0.9228,4,A,884,E
-0.4933,-0.02145,3,A,884,F
3.714,0.0332,7,A,884,G
8.637,0.03403,7,A,884,H
-9.179,-4.632,5,A,884,I
-9.652,-4.657,6,A,884,K
-0.2737,-0.01061,2,A,884,L
-5.173,-2.621,3,A,884,M
-14.98,-4.698,6,A,884,P
-6.53,-3.905,5,A,884,Q
-9.172,-4.632,2,A,884,R
-0.8837,-0.04749,2,A,884,S
4.566,0.03368,7,A,884,T
2.567,0.0314,5,A,884,V
-3.368,-0.7878,6,A,884,W
4.823,0.03376,4,A,884,Y
0,0,,A,885,A
-6.951,-4.146,9,A,885,C
-5.221,-2.677,11,A,885,D
-5.554,-3.05,2,A,885,E
-9.688,-4.658,5,A,885,F
0.4572,0.01243,2,A,885,G
-7.64,-4.404,3,A,885,I
-8.075,-4.504,3,A,885,K
-2.758,-0.4511,3,A,885,L
-7.46,-4.35,6,A,885,M
-7.325,-4.304,4,A,885,N
-6.547,-3.917,5,A,885,P
-5.088,-2.522,6,A,885,Q
-6.863,-4.102,6,A,885,R
-2.961,-0.5469,15,A,885,S
4.64,0.0337,14,A,885,T
-2.345,-0.2985,8,A,885,V
0.8555,0.01951,3,A,885,W
-4.209,-1.517,2,A,885,Y
-16.52,-4.699,8,L,886,A
-6.248,-3.701,4,L,886,C
-12.29,-4.696,5,L,886,D
-3.577,-0.9397,8,L,886,E
-8.344,-4.548,2,L,886,F
-4.327,-1.642,1,L,886,G
-6.393,-3.81,5,L,886,H
-15.72,-4.699,5,L,886,I
-9.324,-4.641,4,L,886,K
0,0,,L,886,L
-13.45,-4.698,9,L,886,M
-9.824,-4.664,6,L,886,N
-7.901,-4.468,5,L,886,P
-7.314,-4.3,4,L,886,Q
-7.041,-4.188,6,L,886,R
-9.708,-4.659,4,L,886,S
-8.72,-4.594,5,L,886,T
-8.674,-4.59,2,L,886,V
-13.16,-4.697,5,L,886,W
-6.073,-3.556,2,L,886,Y
-3.921,-1.233,2,N,887,A
-9.217,-4.635,2,N,887,C
-0.7301,-0.03605,8,N,887,D
3.491,0.03299,3,N,887,E
-5.194,-2.645,11,N,887,F
2.421,0.03099,2,N,887,G
-11.36,-4.691,6,N,887,H
-6.559,-3.924,8,N,887,I
2.113,0.02989,3,N,887,K
-1.221,-0.07943,2,N,887,L
0.5317,0.01398,2,N,887,M
0,0,,N,887,N
-7.914,-4.471,4,N,887,P
-3.931,-1.242,5,N,887,Q
-6.252,-3.704,3,N,887,R
-3.803,-1.126,5,N,887,S
-3.521,-0.8973,5,N,887,T
-7.891,-4.466,4,N,887,V
-8.824,-4.604,2,N,887,W
-1.632,-0.1349,2,N,887,Y
-5.887,-3.388,1,V,888,A
-3.905,-1.218,3,V,888,C
-2.336,-0.2956,2,V,888,D
-4.357,-1.675,3,V,888,E
7.068,0.034,3,V,888,F
-4.151,-1.457,6,V,888,G
-4.827,-2.213,3,V,888,H
3.824,0.03328,2,V,888,I
-4.737,-2.108,7,V,888,K
-0.3661,-0.01489,15,V,888,L
4.536,0.03366,11,V,888,M
-4.634,-1.987,5,V,888,N
-5.783,-3.287,1,V,888,P
-5.56,-3.056,2,V,888,Q
-4.977,-2.391,3,V,888,R
-0.4562,-0.01945,1,V,888,S
6.202,0.03396,2,V,888,T
0,0,,V,888,V
-4.516,-1.851,5,V,888,W
-4.353,-1.671,3,V,888,Y
-6.158,-3.628,7,F,889,A
-9.792,-4.662,9,F,889,C
-5.554,-3.05,4,F,889,D
-3.513,-0.8912,5,F,889,E
0,0,,F,889,F
-9.24,-4.636,4,F,889,G
-5.505,-2.997,1,F,889,H
-8.994,-4.619,6,F,889,I
-5.521,-3.014,2,F,889,K
-9.275,-4.638,13,F,889,L
-7.532,-4.373,3,F,889,M
-6.746,-4.038,6,F,889,N
-4.669,-2.028,7,F,889,P
-5.686,-3.189,2,F,889,Q
-5.243,-2.702,1,F,889,S
-9.311,-4.64,3,F,889,T
-6.182,-3.648,3,F,889,V
-8.741,-4.596,1,F,889,W
-3.378,-0.7946,3,F,889,Y
3.157,0.03257,3,R,89,L
-4.582,-1.928,2,R,89,Q
0,0,,R,89,R
1.646,0.02743,2,R,89,W
-2.994,-0.5636,4,V,890,A
-0.2507,-0.009607,2,V,890,C
-10.27,-4.676,7,V,890,D
-5.526,-3.02,3,V,890,E
-8.124,-4.513,13,V,890,F
-9.923,-4.667,5,V,890,G
-6.709,-4.016,8,V,890,H
-7.555,-4.38,11,V,890,I
-4.516,-1.852,6,V,890,K
-3.769,-1.096,4,V,890,L
-3.085,-0.6129,6,V,890,M
-6.946,-4.144,4,V,890,N
-7.779,-4.44,3,V,890,P
-4.792,-2.172,4,V,890,R
-8.877,-4.609,4,V,890,S
1.861,0.02871,4,V,890,T
0,0,,V,890,V
-9.15,-4.63,3,V,890,W
-4.025,-1.331,2,V,890,Y
2.195,0.03022,2,S,891,A
-5.16,-2.606,5,S,891,C
-0.8709,-0.04647,1,S,891,D
3.095,0.03248,5,S,891,E
-4.55,-1.89,11,S,891,F
-3.357,-0.7804,3,S,891,G
-7.306,-4.297,4,S,891,H
4.826,0.03376,1,S,891,I
-4.618,-1.968,2,S,891,K
-0.5369,-0.02389,4,S,891,L
9.005,0.03403,3,S,891,M
-8.839,-4.606,3,S,891,P
-4.942,-2.349,3,S,891,Q
-6.09,-3.571,6,S,891,R
0,0,,S,891,S
3.049,0.03241,1,S,891,T
-2.919,-0.5257,3,S,891,V
-3.082,-0.6116,2,S,891,W
-5.401,-2.882,7,S,891,Y
-3.104,-0.6239,3,H,892,A
-4.816,-2.201,6,H,892,C
-2.878,-0.5058,3,H,892,D
1.042,0.02197,2,H,892,E
-5.428,-2.912,8,H,892,F
-2.526,-0.359,6,H,892,G
0,0,,H,892,H
-4.132,-1.437,5,H,892,I
6.068,0.03395,3,H,892,K
-7.389,-4.326,1,H,892,L
-1.445,-0.1071,3,H,892,M
5.008,0.0338,9,H,892,N
-5.666,-3.169,7,H,892,P
4.284,0.03356,6,H,892,Q
3.591,0.03309,8,H,892,R
4.543,0.03367,4,H,892,S
-5.48,-2.969,3,H,892,T
-3.861,-1.178,7,H,892,V
-4.345,-1.662,4,H,892,W
4.21,0.03352,7,H,892,Y
1.283,0.02455,2,T,893,A
5.982,0.03395,6,T,893,C
-6.492,-3.88,4,T,893,D
-0.3143,-0.01244,7,T,893,E
-9.21,-4.634,3,T,893,F
-9.074,-4.625,3,T,893,G
-4.059,-1.365,4,T,893,H
-3.677,-1.019,4,T,893,I
-7.037,-4.186,6,T,893,K
-3.601,-0.9584,6,T,893,L
-2.913,-0.5227,1,T,893,M
-7.709,-4.422,4,T,893,N
-5.772,-3.276,5,T,893,P
4.326,0.03358,1,T,893,Q
3.074,0.03245,4,T,893,R
-7.196,-4.255,3,T,893,S
0,0,,T,893,T
-2.788,-0.4645,5,T,893,V
-4.391,-1.712,4,T,893,W
-1.534,-0.1197,6,T,893,Y
-4.773,-2.15,4,L,894,A
-4.437,-1.763,3,L,894,C
-8.039,-4.497,6,L,894,D
-3.863,-1.179,5,L,894,E
4.163,0.0335,3,L,894,F
-9.212,-4.634,2,L,894,G
-6.113,-3.591,4,L,894,H
-1.839,-0.1723,5,L,894,I
7.173,0.03401,3,L,894,K
0,0,,L,894,L
2.144,0.03002,8,L,894,M
3.936,0.03336,3,L,894,N
-7.088,-4.209,8,L,894,P
-0.2055,-0.007696,7,L,894,Q
-8.485,-4.568,3,L,894,R
-5.586,-3.085,5,L,894,S
-0.9292,-0.05121,2,L,894,T
0.317,0.009198,4,L,894,V
-7.166,-4.242,4,L,894,W
-5.208,-2.662,5,L,894,Y
0.209,0.006381,1,T,895,-
5.592,0.0339,3,T,895,A
-3.37,-0.7896,4,T,895,C
2.477,0.03115,4,T,895,D
-2.727,-0.4379,7,T,895,E
-0.5215,-0.02302,4,T,895,F
0.1057,0.003392,6,T,895,G
3.767,0.03324,4,T,895,H
-0.8065,-0.04152,9,T,895,I
-3.838,-1.157,6,T,895,K
-3.175,-0.665,4,T,895,L
-4.232,-1.54,6,T,895,M
1.631,0.02733,2,T,895,N
-9.817,-4.663,4,T,895,P
6.83,0.03399,5,T,895,Q
-0.5448,-0.02434,2,T,895,R
3.34,0.03282,3,T,895,S
0,0,,T,895,T
-2.644,-0.4036,3,T,895,V
-3.806,-1.129,7,T,895,W
-12.02,-4.695,2,K,896,*
-0.5336,-0.0237,1,K,896,-
-10.41,-4.679,3,K,896,A
-8.556,-4.576,1,K,896,C
-9.107,-4.627,2,K,896,D
-7.962,-4.482,2,K,896,E
-8.896,-4.611,7,K,896,F
-10.87,-4.686,1,K,896,G
-2.827,-0.4821,3,K,896,H
-4.77,-2.146,1,K,896,I
0,0,,K,896,K
-3.635,-0.9855,5,K,896,L
-9.652,-4.657,3,K,896,M
-7.849,-4.457,7,K,896,N
-9.154,-4.631,4,K,896,P
-4.355,-1.673,3,K,896,Q
6.476,0.03398,8,K,896,R
4.125,0.03348,2,K,896,S
-7.458,-4.35,4,K,896,T
-6.711,-4.018,5,K,896,V
-8.583,-4.579,7,K,896,W
-5.79,-3.293,6,K,896,Y
-4.217,-1.525,2,Y,897,*
0.4673,0.01265,1,Y,897,-
0.31,0.009023,6,Y,897,A
-3.871,-1.187,2,Y,897,C
-3.569,-0.9339,4,Y,897,D
-8.451,-4.563,2,Y,897,E
-1.518,-0.1174,4,Y,897,F
4.217,0.03353,3,Y,897,G
-3.794,-1.119,4,Y,897,H
-3.56,-0.9265,5,Y,897,I
1.367,0.02531,2,Y,897,K
2.635,0.03157,3,Y,897,L
-3.165,-0.659,3,Y,897,M
-6.975,-4.158,5,Y,897,N
-7.363,-4.318,3,Y,897,P
-3.472,-0.8613,2,Y,897,Q
3.054,0.03242,6,Y,897,R
4.655,0.03371,4,Y,897,S
4.509,0.03365,4,Y,897,T
-5.41,-2.892,4,Y,897,V
-3.953,-1.263,5,Y,897,W
0,0,,Y,897,Y
-0.3758,-0.01536,1,T,898,-
-3.401,-0.8109,6,T,898,A
-11.71,-4.693,5,T,898,C
-3.378,-0.7947,6,T,898,D
0.07594,0.002472,5,T,898,E
12.59,0.03403,6,T,898,F
-5.672,-3.174,2,T,898,G
2.074,0.02973,3,T,898,H
1.703,0.0278,11,T,898,I
-4.093,-1.398,3,T,898,K
1.76,0.02814,3,T,898,L
1.438,0.0259,4,T,898,M
3.277,0.03274,7,T,898,N
-5.124,-2.564,3,T,898,P
-0.2268,-0.008587,5,T,898,Q
-2.533,-0.3616,7,T,898,R
-3.605,-0.9614,9,T,898,S
0,0,,T,898,T
-2.549,-0.3673,5,T,898,V
-4.873,-2.267,1,T,898,W
2.098,0.02983,2,T,898,Y
-12.79,-4.697,10,E,899,*
-2.118,-0.2347,1,E,899,-
5.444,0.03388,2,E,899,A
-3.877,-1.192,2,E,899,C
-0.3871,-0.01592,10,E,899,D
0,0,,E,899,E
-5.362,-2.838,7,E,899,F
-0.5683,-0.02572,5,E,899,G
-1.985,-0.203,3,E,899,H
-4.195,-1.502,4,E,899,I
5.573,0.0339,6,E,899,K
-4.517,-1.853,5,E,899,L
-3.03,-0.5827,2,E,899,M
1.513,0.0265,6,E,899,N
-7.149,-4.236,4,E,899,P
-2.861,-0.4978,1,E,899,Q
3.869,0.03332,2,E,899,R
5.172,0.03384,3,E,899,S
-1.65,-0.138,6,E,899,T
-8.731,-4.595,2,E,899,V
-1.222,-0.07949,2,E,899,W
-5.852,-3.354,2,E,899,Y
0,0,,A,9,A
3.488,0.03298,1,A,9,D
-1.228,-0.08015,1,A,9,S
-0.07737,-0.002716,6,A,9,T
0,0,,F,90,F
-4.302,-1.615,9,F,90,L
-0.05072,-0.001757,1,F,90,S
0.8573,0.01953,2,F,90,Y
-0.4856,-0.02103,1,V,900,-
-14.4,-4.698,5,V,900,A
-3.936,-1.246,3,V,900,C
-12.99,-4.697,4,V,900,D
-4.5,-1.834,3,V,900,E
-4.985,-2.4,2,V,900,F
-8.721,-4.594,2,V,900,G
-9.404,-4.645,4,V,900,H
3.09,0.03247,2,V,900,I
-7.708,-4.422,5,V,900,K
-4.126,-1.431,9,V,900,L
0.6677,0.01652,4,V,900,M
-8.04,-4.497,2,V,900,N
-3.693,-1.032,2,V,900,P
-8.553,-4.576,5,V,900,Q
-8.38,-4.553,5,V,900,R
-6.534,-3.908,6,V,900,S
-8.934,-4.614,3,V,900,T
0,0,,V,900,V
-2.87,-0.502,1,V,900,W
-5.472,-2.961,6,V,900,Y
0.6094,0.01547,1,R,901,-
-9.889,-4.666,2,R,901,A
-9.22,-4.635,2,R,901,C
-8.254,-4.535,7,R,901,D
-9.259,-4.637,4,R,901,E
-8.633,-4.585,2,R,901,F
-7.122,-4.224,7,R,901,G
-6.865,-4.103,5,R,901,H
-4.407,-1.73,4,R,901,I
-0.9195,-0.0504,4,R,901,K
-7.406,-4.332,14,R,901,L
-4.798,-2.178,3,R,901,M
-6.541,-3.913,8,R,901,N
-6.818,-4.078,4,R,901,P
-3.944,-1.254,9,R,901,Q
0,0,,R,901,R
4.092,0.03346,3,R,901,S
-5.199,-2.651,6,R,901,T
-7.869,-4.461,7,R,901,V
-5.519,-3.012,15,R,901,W
-10.79,-4.685,2,R,901,Y
-0.417,-0.01742,1,A,902,-
0,0,,A,902,A
-5.076,-2.507,2,A,902,C
-1.689,-0.1446,7,A,902,D
-4.603,-1.952,3,A,902,E
-1.436,-0.1059,9,A,902,F
1.442,0.02594,5,A,902,G
8.78,0.03403,4,A,902,H
3.254,0.03271,6,A,902,I
3.595,0.03309,4,A,902,K
4.796,0.03375,1,A,902,L
-2.137,-0.2397,5,A,902,M
-3.157,-0.6542,9,A,902,N
-6.606,-3.954,3,A,902,P
8.871,0.03403,2,A,902,Q
-2.6,-0.3867,7,A,902,R
3.169,0.03259,10,A,902,S
-7.394,-4.328,12,A,902,T
0.3456,0.009893,8,A,902,V
-0.9825,-0.05579,2,A,902,W
-2.421,-0.3226,4,A,902,Y
-1.453,-0.1081,1,S,903,-
-0.9762,-0.05524,1,S,903,A
-5.063,-2.493,4,S,903,C
-1.508,-0.1159,3,S,903,D
7.045,0.034,5,S,903,E
-4.012,-1.318,3,S,903,F
-5.41,-2.892,3,S,903,G
2.488,0.03119,8,S,903,H
-4.63,-1.983,6,S,903,I
-2.918,-0.5251,1,S,903,K
-2.709,-0.43,10,S,903,L
-4.514,-1.85,8,S,903,M
0.2585,0.007709,3,S,903,N
-5.049,-2.476,5,S,903,P
1.183,0.02355,4,S,903,Q
-7.703,-4.421,2,S,903,R
0,0,,S,903,S
-3.26,-0.7171,11,S,903,T
-6.323,-3.759,4,S,903,W
2.086,0.02978,6,S,903,Y
0.3185,0.009235,1,R,904,-
-5.541,-3.036,3,R,904,A
-12.82,-4.697,12,R,904,C
-6.379,-3.8,7,R,904,D
-6.072,-3.556,2,R,904,E
-7.132,-4.228,9,R,904,F
-8.678,-4.59,4,R,904,G
-12.44,-4.696,25,R,904,H
-5.272,-2.736,8,R,904,I
-13.08,-4.697,3,R,904,K
-7.508,-4.366,6,R,904,L
-8.69,-4.591,2,R,904,M
-8.421,-4.559,5,R,904,N
-2.254,-0.2714,3,R,904,P
-10.26,-4.676,2,R,904,Q
0,0,,R,904,R
-15.31,-4.699,16,R,904,S
-14.37,-4.698,7,R,904,T
-5.599,-3.098,8,R,904,V
-9.369,-4.644,3,R,904,W
-9.238,-4.636,6,R,904,Y
-0.7213,-0.03545,2,Q,905,-
-2.375,-0.3078,4,Q,905,A
-3.767,-1.094,6,Q,905,C
-8.585,-4.58,2,Q,905,D
3.943,0.03337,1,Q,905,E
6.274,0.03397,3,Q,905,F
1.565,0.02687,6,Q,905,G
2.961,0.03226,3,Q,905,H
-2.218,-0.2612,4,Q,905,I
-4.633,-1.986,11,Q,905,K
-1.032,-0.06028,3,Q,905,L
0.2306,0.006967,3,Q,905,M
2.891,0.03213,11,Q,905,N
-13.07,-4.697,4,Q,905,P
0,0,,Q,905,Q
5.876,0.03394,7,Q,905,R
-3.602,-0.9591,4,Q,905,S
-4.352,-1.669,3,Q,905,T
-1.893,-0.1832,6,Q,905,V
9.338,0.03403,3,Q,905,W
0.9597,0.02094,1,Q,905,Y
-2.216,-0.2606,2,L,906,-
-4.554,-1.895,1,L,906,A
-3.151,-0.6509,2,L,906,C
-5.784,-3.288,3,L,906,D
-5.054,-2.481,5,L,906,E
-9.761,-4.661,3,L,906,F
-5.033,-2.456,1,L,906,G
1.586,0.02702,7,L,906,H
0.5102,0.01354,1,L,906,I
8.172,0.03402,1,L,906,K
0,0,,L,906,L
-2.05,-0.2182,7,L,906,M
-3.497,-0.879,6,L,906,N
-7.231,-4.269,9,L,906,P
-3.198,-0.6786,2,L,906,Q
-3.42,-0.8239,6,L,906,R
-10.19,-4.674,2,L,906,S
-3.585,-0.9459,6,L,906,T
0.3393,0.009743,2,L,906,V
-9.41,-4.646,3,L,906,W
-3.251,-0.7115,2,L,906,Y
-2.036,-0.2148,2,A,907,-
0,0,,A,907,A
-6.157,-3.628,7,A,907,C
-8.942,-4.615,5,A,907,D
-5.608,-3.108,3,A,907,E
-5.751,-3.255,8,A,907,F
-5.241,-2.701,8,A,907,G
-8.245,-4.533,10,A,907,H
-8.582,-4.579,7,A,907,I
-9.427,-4.647,8,A,907,K
-6.55,-3.918,1,A,907,L
-6.517,-3.896,2,A,907,M
-8.563,-4.577,2,A,907,N
-9.116,-4.628,5,A,907,P
-9.958,-4.668,5,A,907,Q
-9.055,-4.624,2,A,907,R
-7.158,-4.239,5,A,907,S
-8.8,-4.602,8,A,907,T
-16.53,-4.699,7,A,907,V
-7.279,-4.287,6,A,907,W
-8.563,-4.577,2,A,907,Y
1.57,0.02691,2,Q,908,*
-1.989,-0.2039,1,Q,908,-
-5.214,-2.668,2,Q,908,A
-3.853,-1.17,4,Q,908,C
-5.131,-2.572,8,Q,908,D
-4.905,-2.305,2,Q,908,E
-3.682,-1.023,5,Q,908,G
-3.468,-0.858,16,Q,908,H
1.889,0.02886,8,Q,908,I
-3.987,-1.294,11,Q,908,K
0.03504,0.001164,5,Q,908,L
-3.17,-0.6618,2,Q,908,M
-2.573,-0.3763,5,Q,908,N
-10.9,-4.687,5,Q,908,P
0,0,,Q,908,Q
-1.879,-0.1803,8,Q,908,R
-5.405,-2.887,2,Q,908,S
3.544,0.03304,2,Q,908,T
-4.386,-1.706,5,Q,908,W
0.9239,0.02046,2,Q,908,Y
-8.66,-4.588,1,Q,909,*
0.7049,0.01715,1,Q,909,-
-1.891,-0.1827,5,Q,909,A
-4.694,-2.057,2,Q,909,D
-0.736,-0.03646,2,Q,909,E
-3.626,-0.9782,1,Q,909,F
-3.205,-0.683,3,Q,909,G
-1.723,-0.1505,13,Q,909,H
-3.821,-1.142,3,Q,909,I
-1.002,-0.05755,6,Q,909,K
-2.645,-0.4042,4,Q,909,L
2.467,0.03113,3,Q,909,M
-4.618,-1.969,2,Q,909,N
-6.328,-3.762,4,Q,909,P
0,0,,Q,909,Q
-3.492,-0.8753,1,Q,909,R
-1.986,-0.2033,1,Q,909,S
-3.403,-0.8122,5,Q,909,T
-3.625,-0.9775,5,Q,909,V
-1.675,-0.1421,4,Q,909,W
2.515,0.03126,5,Q,909,Y
1.531,0.02663,2,T,91,I
-2.139,-0.2401,1,T,91,S
0,0,,T,91,T
-5.586,-3.084,3,K,910,A
-7.367,-4.319,5,K,910,D
-9.057,-4.624,3,K,910,E
-8.216,-4.528,4,K,910,F
-8.561,-4.577,1,K,910,G
-5.226,-2.682,5,K,910,H
-9.517,-4.651,5,K,910,I
0,0,,K,910,K
-7.445,-4.345,3,K,910,L
-7.306,-4.297,6,K,910,M
-7.439,-4.343,18,K,910,N
-9.025,-4.621,4,K,910,P
-6.428,-3.836,7,K,910,Q
-4.19,-1.497,4,K,910,R
-13.9,-4.698,4,K,910,S
-6.917,-4.129,9,K,910,T
-10.56,-4.682,7,K,910,V
-9.812,-4.663,4,K,910,W
-7.458,-4.35,6,K,910,Y
-5.606,-3.106,4,V,911,A
-7.867,-4.461,5,V,911,C
1.792,0.02833,4,V,911,D
-6.541,-3.913,2,V,911,E
-9.092,-4.626,7,V,911,F
-7.714,-4.424,1,V,911,G
-8.669,-4.589,2,V,911,H
3.202,0.03264,10,V,911,I
-2.828,-0.4823,3,V,911,L
-6.25,-3.702,3,V,911,M
4.566,0.03368,2,V,911,P
-7.101,-4.215,2,V,911,Q
-8.756,-4.598,2,V,911,R
-6.858,-4.099,8,V,911,S
-4.42,-1.744,3,V,911,T
0,0,,V,911,V
-5.951,-3.448,5,V,911,W
-8.325,-4.545,7,V,911,Y
-0.9561,-0.0535,5,N,912,A
-1.25,-0.08265,3,N,912,C
-2.135,-0.2391,3,N,912,D
-0.007357,-0.0002495,3,N,912,E
-2.883,-0.5084,9,N,912,F
-1.26,-0.08384,5,N,912,G
2.016,0.02947,4,N,912,H
-1.16,-0.07283,6,N,912,I
-2.204,-0.2574,6,N,912,K
0.3376,0.009701,4,N,912,L
-8.569,-4.578,1,N,912,M
0,0,,N,912,N
-5.938,-3.436,6,N,912,P
4.024,0.03342,1,N,912,Q
3.808,0.03327,6,N,912,R
-1.984,-0.2028,11,N,912,S
3.427,0.03292,3,N,912,T
-2.052,-0.2186,4,N,912,V
-2.893,-0.5132,1,N,912,W
3.43,0.03292,2,N,912,Y
-7.286,-4.29,9,E,913,*
-9.861,-4.665,3,E,913,A
-5.567,-3.064,5,E,913,C
-4.081,-1.386,14,E,913,D
0,0,,E,913,E
-3.539,-0.9105,3,E,913,F
-5.211,-2.665,5,E,913,G
-2.151,-0.2432,1,E,913,H
-4.475,-1.805,4,E,913,I
-6.155,-3.626,20,E,913,K
-8.641,-4.586,2,E,913,L
-3.512,-0.8905,3,E,913,M
-5.129,-2.57,3,E,913,N
-5.404,-2.886,3,E,913,P
0.5294,0.01393,2,E,913,Q
-5.181,-2.63,4,E,913,R
-3.254,-0.7134,3,E,913,S
-1.452,-0.1081,3,E,913,T
-4.634,-1.988,6,E,913,V
-4.898,-2.297,5,E,913,W
-13.03,-4.697,4,E,913,Y
-4.426,-1.751,5,C,914,*
-4.056,-1.362,2,C,914,A
0,0,,C,914,C
-7.141,-4.232,5,C,914,D
-6.246,-3.7,5,C,914,F
-9.211,-4.634,3,C,914,G
-5.299,-2.767,6,C,914,H
-7.161,-4.241,6,C,914,I
-5.858,-3.36,8,C,914,K
-9.121,-4.628,4,C,914,L
-5.129,-2.57,9,C,914,M
-8.663,-4.588,2,C,914,N
-4.587,-1.933,4,C,914,P
-8.194,-4.525,3,C,914,Q
-9.21,-4.634,7,C,914,R
-6.998,-4.168,8,C,914,S
-6.197,-3.66,12,C,914,T
-7.403,-4.331,8,C,914,V
-11.02,-4.688,6,C,914,W
2.512,0.03125,8,C,914,Y
-0.4962,-0.02161,2,V,915,A
-3.893,-1.206,2,V,915,C
-8.774,-4.6,3,V,915,D
5.152,0.03383,1,V,915,E
-7.85,-4.457,4,V,915,F
-8.7,-4.592,1,V,915,G
-8.297,-4.541,6,V,915,H
-2.866,-0.5003,8,V,915,I
-11.24,-4.69,2,V,915,K
-3.816,-1.137,6,V,915,L
-6.581,-3.938,18,V,915,M
-8.556,-4.576,1,V,915,N
6.308,0.03397,4,V,915,P
-7.301,-4.295,8,V,915,Q
-4.822,-2.207,3,V,915,R
-13.36,-4.698,8,V,915,S
-5.945,-3.442,4,V,915,T
0,0,,V,915,V
-5.378,-2.857,3,V,915,W
-6.082,-3.564,3,V,915,Y
1.988,0.02934,2,K,916,-
-8.974,-4.617,3,K,916,A
-5.743,-3.247,3,K,916,C
-5.293,-2.76,3,K,916,D
-5.018,-2.439,8,K,916,E
-9.782,-4.662,4,K,916,F
-7.906,-4.469,5,K,916,G
-8.306,-4.543,3,K,916,H
2.508,0.03124,2,K,916,I
0,0,,K,916,K
2.605,0.0315,2,K,916,L
-1.344,-0.09389,2,K,916,M
3.589,0.03309,5,K,916,N
-9.3,-4.64,4,K,916,P
2.894,0.03213,7,K,916,Q
2.959,0.03225,7,K,916,R
-3.186,-0.6718,5,K,916,S
-6.393,-3.81,3,K,916,T
-3.579,-0.9414,4,K,916,V
-5.611,-3.111,5,K,916,W
-4.689,-2.051,2,K,916,Y
-0.6559,-0.03111,1,S,917,-
-2.596,-0.3849,6,S,917,A
-3.96,-1.269,5,S,917,C
-2.742,-0.4441,4,S,917,D
1.113,0.0228,3,S,917,E
5.486,0.03389,3,S,917,F
7.251,0.03401,7,S,917,G
-2.233,-0.2656,1,S,917,H
-3.109,-0.6267,13,S,917,I
6.697,0.03399,5,S,917,K
3.468,0.03296,5,S,917,L
3.148,0.03256,2,S,917,M
-2.672,-0.4148,7,S,917,N
-7.371,-4.32,5,S,917,P
1.958,0.0292,5,S,917,Q
4.199,0.03352,6,S,917,R
0,0,,S,917,S
3.399,0.03289,3,S,917,T
-1.976,-0.2009,5,S,917,V
-5.308,-2.777,3,S,917,W
-0.05621,-0.001953,3,S,917,Y
-8.625,-4.584,1,Q,918,*
1.937,0.0291,1,Q,918,-
-3.843,-1.162,5,Q,918,A
-0.2419,-0.009227,9,Q,918,C
-8.71,-4.593,2,Q,918,D
-6.721,-4.023,6,Q,918,E
-3.522,-0.8982,7,Q,918,F
-9.007,-4.62,2,Q,918,G
2.422,0.03099,12,Q,918,H
6.561,0.03398,5,Q,918,I
-3.781,-1.107,10,Q,918,K
-3.703,-1.04,3,Q,918,L
-2.209,-0.2588,6,Q,918,M
-5.182,-2.631,4,Q,918,N
-6.224,-3.682,2,Q,918,P
0,0,,Q,918,Q
-1.897,-0.1839,5,Q,918,R
-4.187,-1.494,8,Q,918,S
-4.514,-1.849,5,Q,918,T
-3.193,-0.6758,5,Q,918,V
-2.607,-0.389,4,Q,918,Y
-0.5276,-0.02336,2,S,919,-
-3.502,-0.8829,6,S,919,A
-10.31,-4.677,3,S,919,D
-4.641,-1.996,5,S,919,E
-9.546,-4.652,5,S,919,F
-6.291,-3.734,5,S,919,G
-5.898,-3.398,4,S,919,H
-6.887,-4.114,8,S,919,I
-12.36,-4.696,6,S,919,K
-5.252,-2.713,5,S,919,L
-7.347,-4.312,5,S,919,M
-11.23,-4.69,15,S,919,N
-10.34,-4.678,8,S,919,P
-8.626,-4.584,3,S,919,Q
-10.34,-4.678,5,S,919,R
0,0,,S,919,S
-2.193,-0.2545,6,S,919,T
-6.556,-3.922,6,S,919,V
-4.507,-1.842,1,S,919,W
-5.666,-3.168,8,S,919,Y
3.954,0.03337,1,T,92,A
2.569,0.03141,1,T,92,I
2.023,0.0295,2,T,92,N
0,0,,T,92,T
-2.391,-0.3128,1,K,920,*
-2.575,-0.3771,2,K,920,-
-1.242,-0.08171,6,K,920,A
-6.179,-3.645,8,K,920,C
-3.53,-0.9035,8,K,920,D
4.647,0.0337,11,K,920,E
-0.04707,-0.001628,3,K,920,F
-3.84,-1.159,1,K,920,G
2.703,0.03174,5,K,920,H
-0.9197,-0.05043,5,K,920,I
0,0,,K,920,K
-7.834,-4.453,4,K,920,L
3.612,0.03311,5,K,920,M
-2.206,-0.2579,4,K,920,N
0.6607,0.01639,7,K,920,P
-2.934,-0.5333,4,K,920,Q
-0.3232,-0.01286,4,K,920,R
2.211,0.03028,5,K,920,S
7.905,0.03402,4,K,920,T
-2.95,-0.5415,3,K,920,V
1.711,0.02785,5,K,920,Y
0.4319,0.01188,1,R,921,-
0.4332,0.01191,3,R,921,A
-15.09,-4.699,6,R,921,C
-4.688,-2.05,4,R,921,D
-3.936,-1.246,3,R,921,E
-3.802,-1.125,5,R,921,F
-5.029,-2.452,3,R,921,G
-2.329,-0.2934,2,R,921,H
2.741,0.03182,12,R,921,I
-2.928,-0.5303,23,R,921,K
0.9856,0.02127,2,R,921,L
-2.537,-0.3629,4,R,921,M
-4.298,-1.611,4,R,921,N
-7.908,-4.47,5,R,921,P
0,0,,R,921,R
3.861,0.03331,2,R,921,S
-0.6981,-0.03388,7,R,921,T
-1.254,-0.08313,7,R,921,V
-9.203,-4.634,2,R,921,W
-2.743,-0.4444,8,R,921,Y
-8.701,-4.592,2,Y,922,*
1.337,0.02505,2,Y,922,-
-1.285,-0.08672,3,Y,922,A
-2.262,-0.2737,3,Y,922,C
1.933,0.02908,1,Y,922,E
4.034,0.03343,4,Y,922,F
-2.343,-0.2979,3,Y,922,G
2.094,0.02981,3,Y,922,H
-0.1834,-0.006793,2,Y,922,I
5.36,0.03387,3,Y,922,K
4.337,0.03358,3,Y,922,L
-4.882,-2.278,1,Y,922,M
11.38,0.03403,2,Y,922,N
-8.673,-4.589,2,Y,922,P
-0.6473,-0.03056,4,Y,922,Q
-0.6534,-0.03095,3,Y,922,R
10.95,0.03403,4,Y,922,S
12.43,0.03403,2,Y,922,T
2.682,0.03169,9,Y,922,V
-0.663,-0.03157,2,Y,922,W
0,0,,Y,922,Y
-2.828,-0.4825,3,G,923,-
4.129,0.03348,4,G,923,A
1.207,0.0238,10,G,923,C
-2.154,-0.2441,16,G,923,D
0.5963,0.01523,4,G,923,E
-6.797,-4.066,7,G,923,F
0,0,,G,923,G
2.518,0.03127,6,G,923,H
1.165,0.02336,1,G,923,I
-2.058,-0.22,4,G,923,K
-8.694,-4.592,1,G,923,L
-1.683,-0.1435,5,G,923,M
6.86,0.034,3,G,923,N
-7.843,-4.455,4,G,923,P
-0.8119,-0.04193,5,G,923,Q
-4.689,-2.052,4,G,923,R
-3.553,-0.9213,10,G,923,S
-9.629,-4.656,5,G,923,V
-7.301,-4.295,6,G,923,W
-5.154,-2.599,5,G,923,Y
-3.456,-0.8498,3,F,924,-
-4.588,-1.934,12,F,924,A
-7.865,-4.461,5,F,924,C
-7.325,-4.304,4,F,924,D
-11.5,-4.692,3,F,924,E
0,0,,F,924,F
-6.3,-3.742,2,F,924,G
-6.983,-4.162,1,F,924,H
-8.184,-4.523,5,F,924,I
-6.536,-3.909,5,F,924,K
-4.858,-2.25,12,F,924,L
-0.8919,-0.04815,2,F,924,M
-4.737,-2.107,3,F,924,N
-9.106,-4.627,2,F,924,P
1.754,0.0281,5,F,924,Q
-3.747,-1.078,5,F,924,R
-5.074,-2.505,7,F,924,S
-5.683,-3.186,5,F,924,T
-2.687,-0.4209,5,F,924,V
-3.623,-0.9759,7,F,924,W
-3.266,-0.7208,1,F,924,Y
-5.724,-3.228,2,C,925,*
-1.277,-0.0858,3,C,925,-
1.156,0.02327,1,C,925,A
0,0,,C,925,C
-9.211,-4.634,4,C,925,D
-8.558,-4.576,2,C,925,E
-12.32,-4.696,12,C,925,F
-6.05,-3.536,3,C,925,G
-6.409,-3.822,6,C,925,H
-9.871,-4.665,10,C,925,I
-4.419,-1.743,3,C,925,K
-6.284,-3.729,7,C,925,L
-6.968,-4.154,4,C,925,M
13.37,0.03403,1,C,925,N
-2.831,-0.4839,7,C,925,P
-9.764,-4.661,3,C,925,Q
-8.485,-4.567,9,C,925,R
-12.44,-4.696,6,C,925,S
-7.294,-4.293,9,C,925,T
-10.45,-4.68,4,C,925,V
-10.12,-4.672,4,C,925,W
-4.609,-1.959,6,C,925,Y
-0.3359,-0.01345,7,G,926,-
-5.097,-2.532,3,G,926,A
-5.762,-3.266,21,G,926,C
-3.876,-1.192,16,G,926,D
-9.543,-4.652,6,G,926,E
-6.406,-3.82,6,G,926,F
0,0,,G,926,G
-7.337,-4.308,6,G,926,H
-9.753,-4.661,5,G,926,I
-18.9,-4.699,5,G,926,K
-10.97,-4.688,4,G,926,M
-7.336,-4.308,4,G,926,N
-8.582,-4.579,1,G,926,P
-0.2474,-0.009466,2,G,926,Q
-12.28,-4.696,8,G,926,R
-9.288,-4.639,13,G,926,S
-9.939,-4.667,4,G,926,T
-4.958,-2.368,8,G,926,V
-5.254,-2.715,6,G,926,W
-9.872,-4.665,5,G,926,Y
1.016,0.02165,5,N,927,-
-0.737,-0.03653,1,N,927,A
-9.199,-4.633,3,N,927,C
-4.435,-1.761,6,N,927,D
-2.967,-0.5501,6,N,927,E
-4.731,-2.1,5,N,927,F
-6.882,-4.111,6,N,927,G
-6.231,-3.687,5,N,927,H
-4.038,-1.344,6,N,927,I
-4.178,-1.485,4,N,927,K
-7.848,-4.456,5,N,927,L
-2.802,-0.4704,1,N,927,M
0,0,,N,927,N
-5.564,-3.061,4,N,927,P
-6.108,-3.587,1,N,927,Q
-2.913,-0.5229,5,N,927,R
-4.961,-2.372,4,N,927,S
-5.075,-2.507,4,N,927,T
-3.568,-0.9331,6,N,927,V
-2.172,-0.2489,2,N,927,W
-9.531,-4.652,5,N,927,Y
-1.321,-0.09101,5,G,928,-
-4.742,-2.113,3,G,928,A
-9.149,-4.63,10,G,928,C
-14.24,-4.698,16,G,928,D
-8.713,-4.594,1,G,928,E
-11.13,-4.689,10,G,928,F
0,0,,G,928,G
-10.37,-4.678,7,G,928,H
-9.059,-4.624,6,G,928,K
-8.342,-4.548,7,G,928,L
-9.584,-4.654,6,G,928,M
4.429,0.03362,3,G,928,N
-6.346,-3.776,2,G,928,P
-8.042,-4.497,6,G,928,Q
-8.695,-4.592,1,G,928,R
-5.458,-2.946,13,G,928,S
-8.744,-4.597,4,G,928,T
-7.109,-4.219,7,G,928,V
-11.02,-4.688,8,G,928,W
-11.64,-4.693,2,G,928,Y
0.8461,0.01937,4,T,929,-
1.544,0.02672,4,T,929,A
-6.598,-3.949,5,T,929,C
-8.7,-4.592,1,T,929,D
-9.315,-4.641,3,T,929,E
-1.595,-0.1291,6,T,929,F
-4.559,-1.901,3,T,929,G
1.132,0.023,5,T,929,H
-15.7,-4.699,5,T,929,I
-4.462,-1.791,3,T,929,K
-2.51,-0.3531,9,T,929,L
-2.724,-0.4366,8,T,929,M
-7.225,-4.266,7,T,929,N
-5.486,-2.976,2,T,929,P
-3.963,-1.272,6,T,929,Q
-2.078,-0.2248,5,T,929,R
-5.839,-3.342,5,T,929,S
0,0,,T,929,T
-3.586,-0.947,7,T,929,V
9.601,0.03403,3,T,929,W
-0.4246,-0.01781,7,T,929,Y
4.098,0.03346,2,G,93,C
2.216,0.0303,2,G,93,D
0,0,,G,93,G
-1.542,-0.1209,6,G,93,S
2.956,0.03225,2,G,93,V
2.69,0.03171,4,H,930,-
-8.689,-4.591,2,H,930,A
-7.305,-4.297,5,H,930,C
-10.88,-4.686,1,H,930,D
-6.419,-3.829,4,H,930,E
-6.787,-4.061,3,H,930,F
-5.327,-2.799,1,H,930,G
0,0,,H,930,H
-10.54,-4.682,7,H,930,I
-9.082,-4.626,1,H,930,K
-7.914,-4.471,5,H,930,L
-13.95,-4.698,3,H,930,M
-11.82,-4.694,17,H,930,N
-8.652,-4.587,1,H,930,P
-9.399,-4.645,3,H,930,Q
-15.75,-4.699,5,H,930,R
-4.611,-1.961,3,H,930,S
-12.33,-4.696,5,H,930,T
-5.024,-2.446,3,H,930,V
-10.12,-4.672,3,H,930,W
-8.831,-4.605,5,H,930,Y
2.01,0.02944,5,I,931,-
-5.505,-2.997,3,I,931,A
-7.104,-4.216,5,I,931,C
-5.355,-2.83,2,I,931,D
-7.142,-4.233,5,I,931,E
2.339,0.03073,4,I,931,F
-5.581,-3.079,4,I,931,G
2.672,0.03166,2,I,931,H
0,0,,I,931,I
-8.767,-4.599,5,I,931,K
-12.15,-4.695,5,I,931,L
-6.459,-3.857,6,I,931,M
-10.45,-4.68,3,I,931,N
-7.345,-4.311,5,I,931,P
-5.905,-3.404,3,I,931,Q
-9.659,-4.657,2,I,931,R
-9.866,-4.665,5,I,931,S
-7.963,-4.482,6,I,931,T
-4.736,-2.106,7,I,931,V
3.096,0.03248,6,I,931,W
-3.853,-1.17,2,I,931,Y
1.465,0.02613,5,F,932,-
-9.263,-4.638,7,F,932,A
-6.714,-4.019,7,F,932,C
-6.944,-4.142,6,F,932,D
-7.418,-4.336,3,F,932,E
0,0,,F,932,F
-7.68,-4.415,2,F,932,G
-12.98,-4.697,5,F,932,H
-1.096,-0.06639,1,F,932,I
-8.722,-4.595,2,F,932,K
-8.582,-4.579,3,F,932,L
-5.769,-3.273,2,F,932,M
-4.706,-2.071,6,F,932,N
-3.013,-0.5741,1,F,932,P
-8.642,-4.586,2,F,932,Q
-8.09,-4.507,8,F,932,R
-7.465,-4.352,5,F,932,S
-10.8,-4.685,1,F,932,T
-4.324,-1.639,1,F,932,V
-7.993,-4.488,3,F,932,W
-5.253,-2.714,6,F,932,Y
1.991,0.02936,5,S,933,-
-5.554,-3.05,4,S,933,C
-9.662,-4.657,6,S,933,D
-8.574,-4.578,7,S,933,E
-6.97,-4.155,6,S,933,F
-6.806,-4.071,4,S,933,G
-8.781,-4.6,5,S,933,H
-7.704,-4.421,13,S,933,I
-9.167,-4.631,4,S,933,K
-7.456,-4.349,7,S,933,L
-9.043,-4.623,2,S,933,M
-5.197,-2.649,12,S,933,N
-9.821,-4.663,5,S,933,P
-8.014,-4.492,3,S,933,Q
-7.385,-4.325,9,S,933,R
0,0,,S,933,S
1.547,0.02675,3,S,933,T
-5.704,-3.207,6,S,933,V
-6.86,-4.1,2,S,933,W
1.44,0.02593,5,I,934,-
-13.88,-4.698,5,I,934,A
-7.925,-4.474,6,I,934,C
-15.28,-4.699,4,I,934,D
-5.407,-2.889,1,I,934,E
-4.403,-1.726,3,I,934,F
-7.445,-4.345,6,I,934,G
-8.166,-4.52,7,I,934,H
0,0,,I,934,I
-9.479,-4.649,3,I,934,K
0.4199,0.01161,3,I,934,L
2.078,0.02975,8,I,934,M
-11.12,-4.689,6,I,934,N
-9.498,-4.65,6,I,934,P
-7.843,-4.455,7,I,934,Q
-10.1,-4.672,6,I,934,R
-7.336,-4.308,4,I,934,S
-5.883,-3.383,4,I,934,T
6.324,0.03397,4,I,934,V
-7.422,-4.338,7,I,934,W
1.994,0.02937,1,I,934,Y
0.0176,0.0005895,4,V,935,-
3.041,0.03239,3,V,935,A
-1.274,-0.08544,2,V,935,C
-5.839,-3.342,4,V,935,D
-9.015,-4.621,7,V,935,E
-7.489,-4.36,4,V,935,F
-9.24,-4.636,8,V,935,G
-8.69,-4.591,3,V,935,H
3.316,0.03279,4,V,935,I
-16.64,-4.699,5,V,935,K
-2.636,-0.4004,5,V,935,L
-13.08,-4.697,14,V,935,M
-8.474,-4.566,4,V,935,N
5.016,0.0338,7,V,935,P
-20.88,-4.699,6,V,935,Q
-6.991,-4.165,4,V,935,R
-10.37,-4.678,5,V,935,S
-6.851,-4.095,3,V,935,T
0,0,,V,935,V
-4.507,-1.841,3,V,935,W
-13.21,-4.697,2,V,935,Y
0.4003,0.01117,4,N,936,-
-6.049,-3.535,5,N,936,A
-4.586,-1.932,6,N,936,C
-5.903,-3.403,7,N,936,D
-8.63,-4.585,1,N,936,E
-12.52,-4.696,4,N,936,F
-8.609,-4.582,2,N,936,G
-5.666,-3.168,1,N,936,H
-2.627,-0.3971,3,N,936,I
-4.692,-2.054,4,N,936,K
-14.74,-4.698,9,N,936,L
-4.591,-1.937,2,N,936,M
0,0,,N,936,N
-8.696,-4.592,3,N,936,P
3.957,0.03338,6,N,936,Q
-9.258,-4.637,4,N,936,R
-4.294,-1.606,5,N,936,S
-4.632,-1.986,4,N,936,T
-6.456,-3.855,6,N,936,V
-6.838,-4.088,6,N,936,W
-7.296,-4.293,4,N,936,Y
-0.1897,-0.007048,4,A,937,-
0,0,,A,937,A
-7.971,-4.483,3,A,937,C
-8.659,-4.588,7,A,937,D
-12.7,-4.697,7,A,937,E
-9.106,-4.627,3,A,937,F
5.633,0.03391,2,A,937,G
-2.371,-0.3067,2,A,937,H
-5.919,-3.417,3,A,937,I
-11.13,-4.689,6,A,937,K
-4.957,-2.366,4,A,937,L
-12.23,-4.695,6,A,937,M
-8.315,-4.544,6,A,937,P
0.2384,0.007176,1,A,937,Q
-9.728,-4.66,1,A,937,R
-0.7553,-0.03782,5,A,937,S
-4.074,-1.379,21,A,937,T
-6.55,-3.918,9,A,937,V
-2.221,-0.2622,5,A,937,W
-9.92,-4.667,5,A,937,Y
0.2813,0.008299,4,A,938,-
0,0,,A,938,A
-4.162,-1.468,4,A,938,C
-9.035,-4.622,4,A,938,D
-8.525,-4.573,7,A,938,E
-8.535,-4.574,5,A,938,F
-6.631,-3.969,6,A,938,G
-12.35,-4.696,3,A,938,H
-7.281,-4.288,5,A,938,I
-7.871,-4.462,4,A,938,K
-10.41,-4.679,7,A,938,L
-6.834,-4.086,2,A,938,M
-5.866,-3.367,3,A,938,N
-9.649,-4.657,4,A,938,P
-4.714,-2.081,7,A,938,Q
-11.16,-4.689,3,A,938,R
-9.472,-4.649,11,A,938,S
-15.97,-4.699,10,A,938,T
-6.602,-3.952,4,A,938,V
-4.947,-2.355,5,A,938,W
-13.27,-4.698,5,A,938,Y
1.318,0.02488,4,P,939,-
-9.137,-4.629,5,P,939,A
-3.928,-1.239,9,P,939,C
-4.463,-1.792,2,P,939,D
-5.891,-3.391,1,P,939,E
-5.813,-3.317,8,P,939,F
-5.553,-3.049,6,P,939,G
-6.452,-3.852,8,P,939,H
-6.63,-3.969,3,P,939,I
-9.11,-4.628,6,P,939,K
-12.82,-4.697,5,P,939,L
-15.85,-4.699,4,P,939,M
-10.28,-4.676,6,P,939,N
0,0,,P,939,P
-5.977,-3.472,4,P,939,Q
-10.84,-4.686,4,P,939,R
-12.23,-4.695,8,P,939,S
-9.889,-4.666,15,P,939,T
-9.549,-4.653,1,P,939,V
-6.288,-3.732,3,P,939,W
-4.956,-2.366,4,P,939,Y
0,0,,F,94,F
1.848,0.02864,2,F,94,L
-9.374,-4.644,7,E,940,*
2.038,0.02957,4,E,940,-
8.138,0.03402,6,E,940,A
-0.0543,-0.001884,7,E,940,C
-3.892,-1.206,14,E,940,D
0,0,,E,940,E
-0.3049,-0.01201,4,E,940,F
-1.239,-0.08139,11,E,940,G
1.779,0.02825,5,E,940,H
-9.354,-4.643,5,E,940,I
-0.6514,-0.03082,8,E,940,K
3.317,0.03279,6,E,940,L
-1.16,-0.07286,4,E,940,M
-1.291,-0.08741,4,E,940,N
-5.883,-3.384,4,E,940,P
1.044,0.02199,6,E,940,Q
-4.804,-2.186,4,E,940,R
-2.889,-0.511,1,E,940,S
-7.836,-4.454,9,E,940,T
-4.519,-1.855,5,E,940,V
-4.019,-1.325,4,E,940,W
2.571,0.03141,10,E,940,Y
0.1212,0.003861,4,G,941,-
-7.902,-4.469,7,G,941,A
-13.99,-4.698,14,G,941,C
-6.736,-4.032,4,G,941,D
-8.205,-4.527,9,G,941,E
-7.085,-4.208,6,G,941,F
0,0,,G,941,G
-7.255,-4.278,5,G,941,H
-6.459,-3.857,4,G,941,I
-9.33,-4.641,3,G,941,K
-2.686,-0.4207,1,G,941,L
-9.195,-4.633,3,G,941,M
-9.166,-4.631,2,G,941,N
-12.25,-4.696,3,G,941,P
-7.285,-4.289,6,G,941,Q
-9.633,-4.656,10,G,941,R
-12.12,-4.695,11,G,941,S
-4.539,-1.878,4,G,941,T
-8.76,-4.598,12,G,941,V
-4.443,-1.769,6,G,941,W
-7.608,-4.395,7,G,941,Y
1.572,0.02692,4,L,942,-
-9.545,-4.652,3,L,942,A
-7.703,-4.421,4,L,942,C
-10.71,-4.684,3,L,942,D
-9.432,-4.647,7,L,942,E
-0.6409,-0.03015,7,L,942,F
-8.694,-4.592,1,L,942,G
-1.282,-0.08634,5,L,942,I
-5.325,-2.797,2,L,942,K
0,0,,L,942,L
6.839,0.034,13,L,942,M
-8.707,-4.593,3,L,942,N
-8.252,-4.534,15,L,942,P
-9.067,-4.624,6,L,942,Q
-8.665,-4.589,3,L,942,R
-6.298,-3.74,7,L,942,S
-10.28,-4.676,8,L,942,T
-2.633,-0.3992,2,L,942,V
-9.617,-4.656,6,L,942,W
-7.358,-4.316,4,L,942,Y
-0.5675,-0.02567,2,V,943,-
-6.891,-4.116,10,V,943,A
-2.548,-0.3669,1,V,943,C
-9.221,-4.635,2,V,943,D
-5.333,-2.806,7,V,943,E
-4.223,-1.532,8,V,943,F
-5.488,-2.978,5,V,943,G
-5.835,-3.338,3,V,943,H
-0.0269,-0.0009211,4,V,943,I
-7.684,-4.416,4,V,943,K
5.1,0.03382,6,V,943,L
-2.443,-0.3301,10,V,943,M
-9.55,-4.653,3,V,943,N
-9.096,-4.627,1,V,943,P
-4.534,-1.872,2,V,943,Q
-7.379,-4.323,5,V,943,R
-8.577,-4.579,4,V,943,S
-8.699,-4.592,3,V,943,T
0,0,,V,943,V
-7.996,-4.488,11,V,943,W
-7.514,-4.367,7,V,943,Y
-1.154,-0.07218,2,F,944,-
-7.16,-4.24,4,F,944,A
-7.359,-4.316,1,F,944,C
-5.872,-3.374,3,F,944,D
-5.887,-3.387,3,F,944,E
0,0,,F,944,F
-9.51,-4.651,3,F,944,G
-7.339,-4.309,3,F,944,I
-5.63,-3.131,2,F,944,K
-10.02,-4.67,11,F,944,L
-8.687,-4.591,1,F,944,M
-9.214,-4.634,2,F,944,N
-4.306,-1.619,3,F,944,P
-9.126,-4.629,2,F,944,Q
-9.242,-4.636,3,F,944,R
-5.169,-2.616,3,F,944,S
-9.208,-4.634,3,F,944,T
-9.006,-4.62,2,F,944,V
-10.92,-4.687,3,F,944,W
-3.948,-1.258,6,F,944,Y
2.058,0.02966,2,L,945,-
-8.629,-4.585,1,L,945,A
-9.649,-4.657,5,L,945,C
-9.294,-4.639,8,L,945,D
-12.11,-4.695,2,L,945,E
4.465,0.03364,2,L,945,F
-10.18,-4.674,5,L,945,G
-6.267,-3.716,5,L,945,H
4.316,0.03357,4,L,945,I
-9.663,-4.657,7,L,945,K
0,0,,L,945,L
5.642,0.03391,6,L,945,M
-4.364,-1.683,7,L,945,N
-8.377,-4.553,5,L,945,P
-11.98,-4.695,2,L,945,Q
-6.644,-3.977,4,L,945,R
-7.518,-4.368,6,L,945,S
-6.189,-3.654,3,L,945,T
-17.45,-4.699,7,L,945,V
-4.859,-2.251,2,L,945,W
-6.984,-4.162,5,L,945,Y
-0.1274,-0.004585,2,H,946,-
-11.33,-4.691,8,H,946,A
-7.049,-4.192,6,H,946,C
-8.637,-4.586,2,H,946,D
-8.8,-4.602,7,H,946,E
-9.42,-4.646,4,H,946,F
-9.133,-4.629,4,H,946,G
0,0,,H,946,H
-6.707,-4.015,4,H,946,I
-8.707,-4.593,2,H,946,K
-8.324,-4.545,5,H,946,L
-9.247,-4.637,3,H,946,M
-6.621,-3.963,3,H,946,N
-11.16,-4.689,2,H,946,P
-9.748,-4.661,6,H,946,Q
-9.233,-4.636,3,H,946,R
-7.306,-4.297,6,H,946,S
-7.738,-4.43,7,H,946,T
-8.767,-4.599,2,H,946,V
-13.54,-4.698,3,H,946,W
-8.517,-4.571,5,H,946,Y
-1.05,-0.06198,1,T,947,-
-8.629,-4.585,3,T,947,A
-3.72,-1.055,4,T,947,C
-9.221,-4.635,2,T,947,D
-6.96,-4.15,6,T,947,E
-4.645,-2,6,T,947,F
-8.615,-4.583,1,T,947,G
-0.005166,-0.000175,5,T,947,H
-3.2,-0.6801,7,T,947,I
-5.72,-3.223,2,T,947,K
-8.573,-4.578,1,T,947,L
-3.478,-0.8652,4,T,947,M
-3.865,-1.181,5,T,947,N
-4.35,-1.667,2,T,947,P
-14.14,-4.698,5,T,947,Q
-2.437,-0.328,1,T,947,R
-2.38,-0.3095,5,T,947,S
0,0,,T,947,T
-0.049,-0.001696,5,T,947,V
-3.221,-0.6927,2,T,947,W
6.425,0.03398,1,T,947,Y
-0.8247,-0.04289,1,V,948,-
-4.268,-1.579,4,V,948,A
-3.2,-0.6801,7,V,948,C
-4.381,-1.701,4,V,948,D
-7.407,-4.333,7,V,948,E
-8.853,-4.607,6,V,948,F
-10.51,-4.681,5,V,948,G
-9.331,-4.641,4,V,948,H
-0.2298,-0.008713,6,V,948,I
-6.965,-4.153,7,V,948,K
-2.109,-0.2326,14,V,948,L
-4.859,-2.251,15,V,948,M
-4.047,-1.353,4,V,948,N
-6.457,-3.856,1,V,948,P
-6.846,-4.093,3,V,948,Q
-5.374,-2.852,2,V,948,R
-4.279,-1.591,4,V,948,S
2.51,0.03125,3,V,948,T
0,0,,V,948,V
-4.213,-1.521,1,V,948,W
-11.01,-4.688,3,V,948,Y
1.937,0.0291,1,L,949,-
-4.693,-2.055,4,L,949,A
-6.612,-3.958,4,L,949,C
-9.91,-4.666,7,L,949,D
-11.66,-4.693,5,L,949,E
-3.048,-0.5927,5,L,949,F
-4.287,-1.599,5,L,949,G
0.2364,0.007123,5,L,949,I
-9.294,-4.639,3,L,949,K
0,0,,L,949,L
-3.093,-0.6176,4,L,949,M
-4.919,-2.322,3,L,949,N
-7.897,-4.468,6,L,949,P
-4.635,-1.988,6,L,949,Q
-6.197,-3.66,4,L,949,S
-4.268,-1.579,3,L,949,T
-0.9613,-0.05394,6,L,949,V
-2.997,-0.5652,2,L,949,W
-3.757,-1.086,3,L,949,Y
2.583,0.03144,1,V,95,A
-8.89,-4.61,1,V,95,G
-4.176,-1.482,1,V,95,L
0,0,,V,95,V
0.1806,0.005589,1,L,950,-
-2.589,-0.3824,4,L,950,A
0.1127,0.003605,2,L,950,C
-6.97,-4.155,3,L,950,D
8.368,0.03402,4,L,950,E
-2.146,-0.242,6,L,950,F
1.084,0.02247,3,L,950,G
-3.483,-0.869,8,L,950,H
0.7268,0.01752,8,L,950,I
8.245,0.03402,5,L,950,K
0,0,,L,950,L
-2.612,-0.391,9,L,950,M
2.546,0.03135,2,L,950,N
-10.73,-4.684,6,L,950,P
5.084,0.03382,5,L,950,Q
-2.172,-0.2487,3,L,950,R
0.508,0.0135,7,L,950,S
3.395,0.03288,8,L,950,V
6.492,0.03398,5,L,950,W
1.247,0.0242,1,L,950,Y
0.9872,0.02129,1,P,951,-
-1.467,-0.1101,6,P,951,A
-10.91,-4.687,3,P,951,C
-11.91,-4.694,9,P,951,D
-1.156,-0.07246,2,P,951,F
-5.967,-3.462,8,P,951,G
-3.307,-0.7473,4,P,951,H
-5.387,-2.866,5,P,951,I
-4.369,-1.688,4,P,951,K
-9.937,-4.667,9,P,951,L
-5.217,-2.672,2,P,951,M
-1.73,-0.1517,1,P,951,N
0,0,,P,951,P
-12.33,-4.696,10,P,951,Q
-6.108,-3.586,6,P,951,R
-9.208,-4.634,6,P,951,S
-4.084,-1.389,8,P,951,T
-3.717,-1.052,5,P,951,V
-2.602,-0.3874,8,P,951,W
2.422,0.03099,3,T,952,A
3.959,0.03338,1,T,952,C
3.357,0.03284,1,T,952,D
-3.095,-0.6187,2,T,952,E
-1.072,-0.06403,4,T,952,F
-1.636,-0.1356,3,T,952,G
-3.502,-0.8833,2,T,952,H
-4.532,-1.87,4,T,952,I
2.522,0.03128,10,T,952,K
-3.028,-0.5818,6,T,952,M
-2.72,-0.4347,6,T,952,N
-7.822,-4.451,7,T,952,P
-5.331,-2.803,8,T,952,Q
-6.504,-3.888,6,T,952,R
0,0,,T,952,T
-2.536,-0.3625,7,T,952,V
-4.162,-1.468,6,T,952,W
-3.488,-0.873,5,T,952,Y
-2.121,-0.2357,4,Q,953,*
-8.586,-4.58,2,Q,953,A
-3.054,-0.5959,6,Q,953,C
-0.573,-0.02599,1,Q,953,D
2.375,0.03085,7,Q,953,E
3.876,0.03332,4,Q,953,F
3.069,0.03244,3,Q,953,G
5.061,0.03381,18,Q,953,H
-0.9937,-0.05679,7,Q,953,I
1.599,0.02712,6,Q,953,K
2.502,0.03123,12,Q,953,L
-3.315,-0.7527,5,Q,953,M
4.743,0.03373,2,Q,953,N
-5.001,-2.419,5,Q,953,P
0,0,,Q,953,Q
0.7094,0.01723,8,Q,953,R
-2.053,-0.2188,4,Q,953,S
2.636,0.03158,7,Q,953,T
0.4157,0.01152,1,Q,953,V
-3.347,-0.7738,4,Q,953,W
-0.2653,-0.01024,2,Q,953,Y
1.44,0.02592,5,Y,954,*
1.31,0.0248,4,Y,954,A
-9.192,-4.633,3,Y,954,C
-3.986,-1.294,4,Y,954,D
-13.46,-4.698,5,Y,954,E
-5.441,-2.927,2,Y,954,F
-3.145,-0.6475,4,Y,954,H
-2.159,-0.2454,5,Y,954,I
-1.56,-0.1236,1,Y,954,K
1.202,0.02376,2,Y,954,L
-8.71,-4.593,2,Y,954,M
-0.04858,-0.001681,2,Y,954,N
-7.731,-4.428,6,Y,954,P
2.913,0.03217,3,Y,954,Q
-3.255,-0.7138,2,Y,954,R
4.308,0.03357,5,Y,954,S
11.22,0.03403,3,Y,954,T
-2.353,-0.3011,3,Y,954,V
2.852,0.03205,6,Y,954,W
0,0,,Y,954,Y
-4.296,-1.609,1,K,955,A
-4.291,-1.604,8,K,955,C
-4.611,-1.961,4,K,955,D
-11,-4.688,2,K,955,E
-5.599,-3.098,5,K,955,F
3.989,0.0334,1,K,955,G
-2.369,-0.3059,2,K,955,H
-0.5196,-0.02291,3,K,955,I
0,0,,K,955,K
-3.456,-0.8493,3,K,955,L
-0.389,-0.01601,1,K,955,M
-1.641,-0.1364,1,K,955,N
-9.055,-4.624,3,K,955,P
-1.067,-0.06353,6,K,955,Q
-2.523,-0.358,3,K,955,R
3.158,0.03257,6,K,955,S
-8.741,-4.596,3,K,955,T
-4.242,-1.551,2,K,955,W
-4.709,-2.075,3,K,955,Y
-0.1168,-0.004183,8,D,956,A
-3.989,-1.296,2,D,956,C
0,0,,D,956,D
0.1845,0.005699,5,D,956,E
3.718,0.0332,1,D,956,F
-3.833,-1.152,3,D,956,G
-0.6975,-0.03384,8,D,956,H
-7.367,-4.319,2,D,956,I
-2.153,-0.2439,2,D,956,K
3.855,0.03331,1,D,956,L
2.829,0.03201,7,D,956,M
-2.107,-0.232,13,D,956,N
2.887,0.03212,5,D,956,P
3.63,0.03312,4,D,956,Q
-8.705,-4.593,4,D,956,R
-0.4769,-0.02056,3,D,956,S
0.9853,0.02127,4,D,956,T
-1.342,-0.09359,4,D,956,V
3.686,0.03317,2,D,956,W
-0.7285,-0.03594,19,D,956,Y
-2.074,-0.2239,4,V,957,A
-5.274,-2.738,6,V,957,D
-6.937,-4.139,6,V,957,E
-4.845,-2.234,8,V,957,F
-14.13,-4.698,3,V,957,G
-2.474,-0.3405,5,V,957,I
-1.484,-0.1124,5,V,957,K
-7.137,-4.231,5,V,957,L
1.89,0.02886,5,V,957,M
-5.71,-3.213,4,V,957,N
5.301,0.03386,3,V,957,P
-3.807,-1.13,1,V,957,Q
0.4226,0.01167,1,V,957,R
-5.191,-2.642,3,V,957,S
-4.093,-1.398,3,V,957,T
0,0,,V,957,V
-5.371,-2.848,2,V,957,W
-2.881,-0.5073,6,V,957,Y
-1.404,-0.1016,5,E,958,A
-2.156,-0.2446,4,E,958,C
0.1798,0.005566,14,E,958,D
0,0,,E,958,E
1.377,0.0254,2,E,958,F
-0.003935,-0.0001332,4,E,958,G
-3.047,-0.5924,2,E,958,H
-3.637,-0.9871,4,E,958,I
-7.014,-4.176,2,E,958,K
1.817,0.02847,6,E,958,L
1.553,0.02679,2,E,958,M
5.607,0.03391,4,E,958,N
-0.8044,-0.04137,11,E,958,P
5.272,0.03386,1,E,958,Q
4.007,0.03341,1,E,958,R
3.247,0.0327,5,E,958,S
5.132,0.03383,10,E,958,T
-1.358,-0.09556,7,E,958,V
2.034,0.02955,3,E,958,W
4.867,0.03377,3,E,958,Y
0,0,,A,959,A
-2.467,-0.3383,5,A,959,C
1.726,0.02794,6,A,959,D
0.6416,0.01605,1,A,959,E
-8.688,-4.591,3,A,959,F
3.458,0.03295,4,A,959,G
1.819,0.02848,2,A,959,H
-2.056,-0.2196,3,A,959,I
-8.698,-4.592,1,A,959,K
-10.32,-4.677,4,A,959,L
-8.595,-4.581,3,A,959,M
-0.0009082,-3.07e-05,5,A,959,N
-2.006,-0.2077,2,A,959,P
2.43,0.03102,2,A,959,Q
3.569,0.03307,1,A,959,R
-1.599,-0.1297,10,A,959,S
4.284,0.03356,7,A,959,T
6.69,0.03399,12,A,959,V
-2.983,-0.5581,2,A,959,W
-3.781,-1.107,7,A,959,Y
-7.832,-4.453,2,Y,96,*
8.068,0.03402,4,Y,96,H
0,0,,Y,96,Y
-13.49,-4.698,17,W,960,*
-2.856,-0.4953,2,W,960,A
-4.807,-2.189,5,W,960,C
-9.763,-4.661,5,W,960,D
-1.942,-0.1934,1,W,960,E
0.5888,0.01508,4,W,960,F
2.877,0.0321,3,W,960,G
-3.046,-0.5918,5,W,960,H
3.385,0.03287,7,W,960,I
0.06161,0.00202,4,W,960,K
-3.392,-0.8045,16,W,960,L
-4.64,-1.995,6,W,960,M
5.812,0.03393,2,W,960,N
-4.508,-1.842,5,W,960,P
-6.047,-3.534,4,W,960,Q
-3.389,-0.802,10,W,960,R
-9.442,-4.647,4,W,960,S
-0.2718,-0.01053,6,W,960,T
3.169,0.03259,5,W,960,V
0,0,,W,960,W
-7.191,-4.253,6,W,960,Y
-6.964,-4.152,15,S,961,*
-2.899,-0.5159,5,S,961,C
12.35,0.03403,9,S,961,D
2.548,0.03135,1,S,961,E
-2.337,-0.2961,6,S,961,F
-3.001,-0.5678,2,S,961,G
0.4376,0.01201,6,S,961,H
3.479,0.03297,3,S,961,I
-3.19,-0.6739,3,S,961,K
-0.7848,-0.03993,9,S,961,L
3.496,0.03299,4,S,961,M
-2.661,-0.4103,6,S,961,N
3.069,0.03244,3,S,961,P
4.569,0.03368,3,S,961,Q
3.956,0.03338,3,S,961,R
0,0,,S,961,S
-2.141,-0.2407,7,S,961,T
-0.7061,-0.03441,7,S,961,V
-3.415,-0.8206,4,S,961,W
4.978,0.0338,6,S,961,Y
-9.418,-4.646,13,G,962,*
-8.331,-4.546,3,G,962,A
-5.208,-2.662,3,G,962,C
-0.3918,-0.01615,2,G,962,D
-11.86,-4.694,8,G,962,E
-5.218,-2.673,6,G,962,F
0,0,,G,962,G
-11.09,-4.689,3,G,962,I
-8.632,-4.585,1,G,962,K
-8.85,-4.607,3,G,962,L
-5.678,-3.18,7,G,962,M
-7.283,-4.288,4,G,962,N
-5.448,-2.934,5,G,962,P
-6.234,-3.69,4,G,962,Q
-3.772,-1.099,15,G,962,R
-7.569,-4.384,4,G,962,S
-5.625,-3.125,1,G,962,T
-9.545,-4.652,14,G,962,V
-8.861,-4.608,3,G,962,W
-4.623,-1.974,10,G,962,Y
-3.69,-1.03,6,L,963,A
-0.1102,-0.003933,6,L,963,C
-9.297,-4.639,3,L,963,D
-14.04,-4.698,4,L,963,E
3.413,0.0329,11,L,963,F
-3.901,-1.214,3,L,963,H
7.462,0.03401,7,L,963,I
-13.9,-4.698,6,L,963,K
0,0,,L,963,L
5.58,0.0339,8,L,963,M
-13.82,-4.698,6,L,963,N
-16.39,-4.699,5,L,963,P
-9.358,-4.643,4,L,963,Q
-8.74,-4.596,3,L,963,R
-5.676,-3.179,6,L,963,S
-5.073,-2.504,6,L,963,T
0.9794,0.02119,3,L,963,V
7.885,0.03402,7,L,963,W
-2.095,-0.2289,5,L,963,Y
-10.37,-4.678,6,C,964,*
-8.653,-4.587,4,C,964,A
0,0,,C,964,C
-4.788,-2.167,4,C,964,D
-9.153,-4.63,3,C,964,E
-12.79,-4.697,17,C,964,F
-8.615,-4.583,1,C,964,G
-4.207,-1.515,3,C,964,H
-14.47,-4.698,7,C,964,I
-4.58,-1.925,5,C,964,K
-15.01,-4.698,2,C,964,L
-6.372,-3.796,3,C,964,M
3.606,0.0331,1,C,964,N
-2.656,-0.4085,3,C,964,P
-13.99,-4.698,3,C,964,Q
-9.267,-4.638,5,C,964,R
-8.567,-4.578,2,C,964,S
-3.94,-1.25,9,C,964,T
-8.37,-4.552,1,C,964,V
-8.813,-4.603,13,C,964,W
-16.47,-4.699,11,C,964,Y
2.536,0.03132,2,V,965,-
7.793,0.03402,5,V,965,A
-3.755,-1.085,4,V,965,C
-8.785,-4.601,5,V,965,D
-4.861,-2.254,6,V,965,E
-4.585,-1.931,3,V,965,F
-4.12,-1.426,2,V,965,G
-8.088,-4.506,3,V,965,H
5.376,0.03387,4,V,965,I
-7.089,-4.21,3,V,965,K
-0.7044,-0.0343,10,V,965,L
0.8038,0.01874,12,V,965,M
-4.646,-2.001,3,V,965,N
-4.781,-2.159,5,V,965,P
-3.641,-0.9902,5,V,965,Q
-8.611,-4.583,1,V,965,R
-5.012,-2.432,5,V,965,S
-3.475,-0.863,10,V,965,T
0,0,,V,965,V
-9.014,-4.62,2,V,965,W
-11.88,-4.694,6,V,965,Y
0.9113,0.02029,1,D,966,-
0.5332,0.01401,6,D,966,A
-8.705,-4.593,2,D,966,C
0,0,,D,966,D
-2.452,-0.3332,10,D,966,E
-5.791,-3.295,5,D,966,F
0.4729,0.01277,4,D,966,G
-8.806,-4.603,2,D,966,H
-7.895,-4.467,5,D,966,I
-6.469,-3.864,5,D,966,K
-6.318,-3.755,5,D,966,L
-8.558,-4.577,1,D,966,M
-1.089,-0.06571,18,D,966,N
-4.645,-2,6,D,966,P
3.346,0.03282,2,D,966,Q
-4.137,-1.443,3,D,966,R
8.524,0.03403,3,D,966,S
-7.14,-4.232,8,D,966,T
-4.685,-2.047,5,D,966,V
-4.422,-1.746,2,D,966,W
-6.596,-3.948,11,D,966,Y
-0.04034,-0.00139,1,G,967,-
-0.1954,-0.00728,9,G,967,A
-4.884,-2.28,13,G,967,C
-2.605,-0.3884,13,G,967,D
-4.102,-1.408,3,G,967,E
0.5725,0.01477,2,G,967,F
0,0,,G,967,G
3.374,0.03286,2,G,967,H
-4.189,-1.496,5,G,967,I
0.8118,0.01886,2,G,967,K
1.743,0.02804,2,G,967,L
-1.598,-0.1296,8,G,967,M
5.779,0.03393,4,G,967,N
-9.003,-4.62,2,G,967,P
1.936,0.02909,2,G,967,Q
-1.821,-0.1687,3,G,967,R
8.952,0.03403,19,G,967,S
-0.03464,-0.001191,4,G,967,T
-8.736,-4.596,8,G,967,V
-8.139,-4.515,4,G,967,W
1.527,0.0266,1,G,967,Y
-5.226,-2.683,1,R,968,*
-2.507,-0.352,2,R,968,A
8.14,0.03402,2,R,968,C
-3.58,-0.9418,3,R,968,D
3.988,0.0334,5,R,968,E
-0.6471,-0.03055,2,R,968,F
-8.651,-4.587,6,R,968,G
-4.41,-1.733,5,R,968,H
0.5481,0.0143,6,R,968,I
4.19,0.03351,3,R,968,K
-1.829,-0.1703,19,R,968,L
-3.103,-0.6231,5,R,968,M
2.963,0.03226,3,R,968,N
-7.466,-4.352,5,R,968,P
-1.006,-0.05788,26,R,968,Q
0,0,,R,968,R
4.119,0.03347,1,R,968,S
0.8806,0.01986,5,R,968,T
0.8545,0.01949,5,R,968,V
-1.486,-0.1128,7,R,968,W
-5.12,-2.559,4,R,968,Y
3.765,0.03324,1,N,969,A
-8.698,-4.592,4,N,969,C
0.4362,0.01197,3,N,969,D
2.686,0.0317,1,N,969,E
1.07,0.0223,3,N,969,F
-2.693,-0.4234,8,N,969,G
3.616,0.03311,3,N,969,H
-1.079,-0.06474,5,N,969,I
-8.587,-4.58,6,N,969,K
0.4751,0.01281,4,N,969,L
0.8179,0.01895,1,N,969,M
0,0,,N,969,N
-3.086,-0.6136,7,N,969,P
1.352,0.02518,7,N,969,Q
6.347,0.03397,5,N,969,R
4.614,0.03369,8,N,969,S
2.99,0.03231,8,N,969,T
-4.137,-1.442,2,N,969,V
7.003,0.034,2,N,969,W
-2.794,-0.4671,1,N,969,Y
0,0,,F,97,F
-2.358,-0.3026,6,F,97,L
-18.72,-4.699,16,G,970,*
2.071,0.02971,5,G,970,A
-4.326,-1.642,6,G,970,C
-12.42,-4.696,3,G,970,D
-10.5,-4.681,74,G,970,E
-0.127,-0.00457,1,G,970,F
0,0,,G,970,G
-7.287,-4.29,4,G,970,H
-9.03,-4.622,4,G,970,I
-8.641,-4.586,5,G,970,K
-5.531,-3.025,4,G,970,L
-6.444,-3.847,6,G,970,M
-4.824,-2.21,6,G,970,N
4.09,0.03346,5,G,970,P
-5.307,-2.775,3,G,970,Q
-15.33,-4.699,42,G,970,R
-8.656,-4.588,2,G,970,S
-7.839,-4.455,4,G,970,T
-9.529,-4.652,14,G,970,V
-8.792,-4.601,3,G,970,W
-9.74,-4.661,5,G,970,Y
-4.62,-1.971,2,Y,971,*
-4.153,-1.459,2,Y,971,A
-5.786,-3.29,7,Y,971,C
0.3663,0.01039,1,Y,971,D
-8.756,-4.598,4,Y,971,E
3.505,0.033,2,Y,971,F
-7.955,-4.48,3,Y,971,G
4.862,0.03377,3,Y,971,H
-8.484,-4.567,5,Y,971,I
-4.157,-1.463,7,Y,971,K
1.069,0.02229,2,Y,971,L
9.955,0.03403,7,Y,971,M
-5.14,-2.583,6,Y,971,N
1.503,0.02642,2,Y,971,P
-4.85,-2.24,5,Y,971,Q
-7.34,-4.309,3,Y,971,R
-6.157,-3.627,3,Y,971,S
1.874,0.02878,2,Y,971,T
-0.1251,-0.004497,3,Y,971,W
0,0,,Y,971,Y
2.967,0.03227,5,V,972,A
0.1043,0.003348,7,V,972,C
-3.731,-1.064,6,V,972,D
-2.23,-0.2646,2,V,972,E
1.449,0.026,4,V,972,F
-3.439,-0.8372,7,V,972,G
1.399,0.02559,5,V,972,H
0.2915,0.008559,2,V,972,I
-5.686,-3.189,1,V,972,K
-1.181,-0.07509,10,V,972,L
0.6091,0.01546,10,V,972,M
3.072,0.03244,6,V,972,N
-4.516,-1.852,2,V,972,P
-3.801,-1.124,2,V,972,Q
1.112,0.02279,5,V,972,R
-2.662,-0.4107,1,V,972,S
-2.221,-0.2621,2,V,972,T
0,0,,V,972,V
11.89,0.03403,9,V,972,W
-2.314,-0.2891,5,V,972,Y
-5.731,-3.235,1,L,973,*
-9.509,-4.651,2,L,973,A
-7.798,-4.445,8,L,973,C
-5.293,-2.76,4,L,973,D
-4.987,-2.403,1,L,973,E
-4.032,-1.339,2,L,973,F
-7.808,-4.447,2,L,973,G
-4.769,-2.145,6,L,973,H
-7.866,-4.461,5,L,973,I
-17.2,-4.699,6,L,973,K
0,0,,L,973,L
5.522,0.03389,7,L,973,M
-6.574,-3.934,2,L,973,N
-1.089,-0.06568,8,L,973,P
3.106,0.0325,2,L,973,Q
-5.863,-3.365,3,L,973,R
-4.718,-2.085,4,L,973,S
-3.048,-0.5928,4,L,973,T
0.3027,0.008842,3,L,973,V
-9.107,-4.627,4,L,973,W
-5.36,-2.836,3,L,973,Y
3.3,0.03277,9,R,974,A
-5.067,-2.496,4,R,974,C
2.033,0.02955,3,R,974,D
2.225,0.03033,6,R,974,E
0.5543,0.01442,6,R,974,F
-2.126,-0.2367,5,R,974,G
5.232,0.03385,2,R,974,H
-1.464,-0.1096,7,R,974,I
-3.465,-0.8557,7,R,974,K
-0.01289,-0.0004383,5,R,974,L
-0.03347,-0.00115,3,R,974,M
4.287,0.03356,3,R,974,N
-2.852,-0.4936,4,R,974,P
3.906,0.03334,2,R,974,Q
0,0,,R,974,R
12.18,0.03403,5,R,974,S
0.5666,0.01466,5,R,974,T
5.43,0.03388,5,R,974,V
16.21,0.03403,6,R,974,W
-2.743,-0.4447,1,R,974,Y
-10.51,-4.681,7,Q,975,*
1.121,0.02289,1,Q,975,-
-3.419,-0.8231,3,Q,975,A
0.7316,0.0176,2,Q,975,C
-0.02553,-0.0008736,6,Q,975,D
-1.392,-0.1,2,Q,975,E
-0.8727,-0.04661,1,Q,975,F
-2.008,-0.2082,2,Q,975,G
-9.123,-4.628,10,Q,975,H
-5.303,-2.771,2,Q,975,I
4.449,0.03363,8,Q,975,K
15.33,0.03403,2,Q,975,L
1.427,0.02582,7,Q,975,M
-2.188,-0.2531,4,Q,975,N
-1.743,-0.154,4,Q,975,P
0,0,,Q,975,Q
4.015,0.03341,4,Q,975,R
13.32,0.03403,4,Q,975,S
-1.717,-0.1495,4,Q,975,T
-2.152,-0.2435,2,Q,975,V
0.2489,0.007457,5,Q,975,W
3.656,0.03315,4,Q,975,Y
2.288,0.03056,1,P,976,-
-0.2186,-0.008239,7,P,976,A
-5.248,-2.708,3,P,976,C
-2.656,-0.4084,2,P,976,D
2.381,0.03087,4,P,976,E
3.009,0.03234,2,P,976,F
-3.481,-0.8677,1,P,976,G
3.181,0.03261,8,P,976,H
1.697,0.02776,5,P,976,I
-1.97,-0.1996,1,P,976,K
-5.202,-2.655,7,P,976,L
-3.209,-0.6855,1,P,976,M
3.051,0.03241,4,P,976,N
0,0,,P,976,P
-2.377,-0.3087,2,P,976,Q
-2.496,-0.3484,4,P,976,R
2.702,0.03173,8,P,976,S
0.3712,0.0105,6,P,976,T
-4.052,-1.358,3,P,976,V
5.7,0.03392,6,P,976,W
-0.1009,-0.003586,6,P,976,Y
3.615,0.03311,1,N,977,-
-1.863,-0.1769,5,N,977,A
-2.606,-0.3889,8,N,977,C
0.1392,0.004393,3,N,977,D
-2.817,-0.4774,7,N,977,E
-1.774,-0.1598,2,N,977,F
-2.394,-0.3138,12,N,977,H
-1.288,-0.08702,7,N,977,I
2.388,0.03089,7,N,977,K
-4.301,-1.614,5,N,977,L
-0.03477,-0.001195,6,N,977,M
0,0,,N,977,N
-4.218,-1.526,3,N,977,P
1.773,0.02822,4,N,977,Q
3.724,0.0332,6,N,977,R
-0.1613,-0.005905,3,N,977,S
3.917,0.03335,1,N,977,T
-3.178,-0.6668,3,N,977,V
-10.91,-4.687,2,N,977,W
2.633,0.03157,2,N,977,Y
-3.722,-1.057,2,L,978,-
-8.793,-4.602,1,L,978,A
3.779,0.03325,1,L,978,C
1.976,0.02928,1,L,978,D
3.386,0.03287,3,L,978,E
4.434,0.03362,6,L,978,F
2.623,0.03154,7,L,978,G
-0.1389,-0.00503,4,L,978,H
-2.835,-0.4857,3,L,978,I
1.853,0.02866,6,L,978,K
0,0,,L,978,L
8.336,0.03402,5,L,978,M
3.716,0.0332,6,L,978,N
-7.248,-4.275,9,L,978,P
1.391,0.02551,3,L,978,Q
-1.214,-0.07863,4,L,978,R
3.229,0.03267,1,L,978,S
3.993,0.0334,1,L,978,T
-1.967,-0.199,4,L,978,V
8.554,0.03403,7,L,978,W
-3.067,-0.6028,4,L,978,Y
-5.302,-2.77,2,A,979,-
0,0,,A,979,A
-2.721,-0.4352,4,A,979,C
-10.83,-4.686,8,A,979,D
-7.886,-4.465,7,A,979,E
4.482,0.03364,2,A,979,F
0.08807,0.00285,7,A,979,G
-5.098,-2.533,3,A,979,H
6.19,0.03396,5,A,979,I
-0.2139,-0.008043,1,A,979,K
-2.427,-0.3248,6,A,979,L
-4.109,-1.414,1,A,979,M
-1.44,-0.1064,3,A,979,N
-9.51,-4.651,7,A,979,P
2.92,0.03218,2,A,979,Q
-3.149,-0.6497,4,A,979,R
0.08165,0.002651,8,A,979,S
0.1001,0.003221,7,A,979,T
0.6168,0.01561,8,A,979,V
-0.2231,-0.008428,4,A,979,W
0.5449,0.01424,3,A,979,Y
-8.694,-4.592,1,N,98,-
-0.07795,-0.002738,1,N,98,D
-4.027,-1.333,3,N,98,K
0,0,,N,98,N
2.34,0.03073,1,N,98,T
-1.225,-0.07982,1,L,980,-
-10.07,-4.671,4,L,980,A
-6.944,-4.142,6,L,980,C
-5.36,-2.836,4,L,980,D
-7.582,-4.388,5,L,980,E
-10.25,-4.676,2,L,980,F
-6.508,-3.89,2,L,980,G
-6.263,-3.713,6,L,980,H
-1.456,-0.1085,2,L,980,I
-6.049,-3.535,1,L,980,K
0,0,,L,980,L
-4.457,-1.785,14,L,980,M
-9.224,-4.635,3,L,980,N
-5.1,-2.536,5,L,980,P
-7.221,-4.265,5,L,980,Q
-7.686,-4.417,5,L,980,R
-8.571,-4.578,2,L,980,S
-1.625,-0.1339,1,L,980,T
-2.743,-0.4445,3,L,980,V
-8.103,-4.509,4,L,980,W
-4.961,-2.372,1,L,980,Y
0.4009,0.01118,1,Y,981,-
-5.691,-3.194,4,Y,981,A
-6.789,-4.062,5,Y,981,C
-16.39,-4.699,5,Y,981,D
-11.7,-4.693,5,Y,981,E
-2.504,-0.3512,7,Y,981,F
-9.729,-4.66,6,Y,981,G
-8.617,-4.583,3,Y,981,H
-0.3264,-0.013,1,Y,981,I
-9.458,-4.648,6,Y,981,K
4.556,0.03367,2,Y,981,L
-10.49,-4.681,5,Y,981,M
-9.038,-4.622,6,Y,981,N
-8.556,-4.576,1,Y,981,P
-9.221,-4.635,2,Y,981,Q
-4.909,-2.311,3,Y,981,S
-5.633,-3.134,3,Y,981,T
-1.33,-0.09215,4,Y,981,V
-6.738,-4.033,2,Y,981,W
0,0,,Y,981,Y
-13.5,-4.698,1,K,982,*
-1.466,-0.11,1,K,982,-
-2.941,-0.5365,4,K,982,A
-5.437,-2.922,5,K,982,C
-7.483,-4.358,4,K,982,D
-2.416,-0.321,3,K,982,E
-1.55,-0.1221,3,K,982,F
-1.383,-0.09881,2,K,982,G
-11.68,-4.693,3,K,982,H
-3.387,-0.8012,3,K,982,I
0,0,,K,982,K
0.2813,0.008299,6,K,982,L
-1.061,-0.06294,6,K,982,M
-3.424,-0.8265,19,K,982,N
-5.31,-2.779,5,K,982,P
3.053,0.03241,2,K,982,Q
6.692,0.03399,4,K,982,R
0.681,0.01675,4,K,982,S
5.19,0.03384,7,K,982,T
-10.56,-4.682,2,K,982,V
-4.219,-1.528,8,K,982,W
-0.1651,-0.006056,4,K,982,Y
-8.487,-4.568,9,E,983,*
-1.005,-0.05777,5,E,983,A
0.6673,0.01651,6,E,983,D
0,0,,E,983,E
3.284,0.03275,3,E,983,F
-1.596,-0.1292,6,E,983,G
3.048,0.0324,4,E,983,H
8.142,0.03402,3,E,983,I
1.157,0.02328,28,E,983,K
5.767,0.03392,3,E,983,L
2.298,0.03059,1,E,983,M
6.793,0.03399,3,E,983,N
2.41,0.03096,2,E,983,P
5.806,0.03393,5,E,983,Q
-1.491,-0.1135,5,E,983,R
1.743,0.02804,2,E,983,S
2.683,0.03169,5,E,983,T
-1.459,-0.109,4,E,983,V
0.1165,0.003719,3,E,983,W
9.867,0.03403,5,E,983,Y
-0.2828,-0.01101,5,G,984,A
-2.781,-0.4611,14,G,984,C
-1.04,-0.06103,20,G,984,D
1.641,0.0274,5,G,984,E
1.674,0.02761,1,G,984,F
0,0,,G,984,G
5.33,0.03387,2,G,984,H
-3.384,-0.7987,8,G,984,I
3.804,0.03327,8,G,984,K
-2.67,-0.4139,1,G,984,L
-3.403,-0.812,3,G,984,M
1.987,0.02934,3,G,984,N
5.617,0.03391,3,G,984,P
3.799,0.03326,8,G,984,Q
-2.416,-0.321,6,G,984,R
-2.916,-0.5245,14,G,984,S
3.946,0.03337,2,G,984,T
-10.47,-4.68,7,G,984,V
2.475,0.03115,5,G,984,W
2.19,0.0302,5,G,984,Y
-2.955,-0.5436,2,N,985,A
2.691,0.03171,4,N,985,C
4.903,0.03378,3,N,985,D
-1.792,-0.1631,1,N,985,E
0.6761,0.01666,2,N,985,F
-2.922,-0.5272,6,N,985,G
0.5506,0.01435,8,N,985,H
3.898,0.03334,6,N,985,I
7.548,0.03401,4,N,985,K
3.424,0.03291,1,N,985,L
-6.333,-3.767,1,N,985,M
0,0,,N,985,N
2.419,0.03098,8,N,985,P
0.332,0.009564,1,N,985,Q
3.258,0.03271,1,N,985,R
-2.549,-0.3674,5,N,985,S
3.311,0.03278,6,N,985,T
-1.874,-0.1792,1,N,985,V
-3.679,-1.021,5,N,985,W
-0.6407,-0.03014,9,N,985,Y
-5.213,-2.668,1,Y,986,*
-5.351,-2.826,1,Y,986,-
5.453,0.03389,6,Y,986,A
7.454,0.03401,2,Y,986,C
3.332,0.03281,1,Y,986,D
1.833,0.02855,2,Y,986,E
7.397,0.03401,2,Y,986,G
1.143,0.02313,3,Y,986,H
4.023,0.03342,5,Y,986,I
-1.206,-0.07771,1,Y,986,K
1.621,0.02726,3,Y,986,L
-2.927,-0.5297,3,Y,986,M
3.275,0.03274,6,Y,986,N
9.044,0.03403,1,Y,986,P
0.8851,0.01993,7,Y,986,Q
19.7,0.03403,5,Y,986,R
-5.231,-2.688,3,Y,986,S
0.2164,0.006583,5,Y,986,T
-1.633,-0.1352,3,Y,986,V
1.288,0.02459,1,Y,986,W
0,0,,Y,986,Y
-12.21,-4.695,3,Y,987,*
-2.643,-0.4032,10,Y,987,A
-8.643,-4.586,6,Y,987,C
-9.831,-4.664,4,Y,987,D
2.527,0.03129,6,Y,987,F
-8.236,-4.532,4,Y,987,G
3.225,0.03267,4,Y,987,H
7.094,0.034,3,Y,987,I
-10.35,-4.678,5,Y,987,K
-4.241,-1.55,7,Y,987,L
-1.455,-0.1084,1,Y,987,N
1.807,0.02841,1,Y,987,P
-13.73,-4.698,5,Y,987,Q
-3.764,-1.093,4,Y,987,S
-3.882,-1.197,2,Y,987,T
-2.457,-0.3347,3,Y,987,V
-3.984,-1.292,4,Y,987,W
0,0,,Y,987,Y
-3.013,-0.5739,4,R,988,A
-4.482,-1.814,8,R,988,C
-6.298,-3.74,3,R,988,D
-7.737,-4.43,6,R,988,E
1.279,0.02451,6,R,988,F
1.525,0.02658,7,R,988,G
3.948,0.03337,3,R,988,H
-0.2086,-0.007826,16,R,988,I
6.033,0.03395,14,R,988,K
6.831,0.03399,2,R,988,L
-7.279,-4.287,5,R,988,M
2.335,0.03072,5,R,988,N
-8.331,-4.546,3,R,988,P
-1.217,-0.07902,4,R,988,Q
0,0,,R,988,R
3.745,0.03322,6,R,988,S
-3.437,-0.8361,7,R,988,T
-1.118,-0.06851,7,R,988,V
-4.409,-1.732,5,R,988,W
-5.704,-3.207,8,R,988,Y
-2.647,-0.4048,1,I,989,-
-4.479,-1.811,3,I,989,A
-2.309,-0.2875,5,I,989,C
-7.846,-4.456,5,I,989,D
-5.933,-3.431,5,I,989,E
-4.346,-1.663,4,I,989,F
-7.552,-4.379,3,I,989,G
-8.927,-4.613,2,I,989,H
0,0,,I,989,I
-10.55,-4.682,4,I,989,K
-3.142,-0.6455,6,I,989,L
-2.817,-0.4773,2,I,989,M
-5.323,-2.794,3,I,989,N
-9.223,-4.635,8,I,989,P
-9.071,-4.625,2,I,989,Q
-5.333,-2.805,1,I,989,R
-8.411,-4.558,7,I,989,S
-4.198,-1.505,3,I,989,T
-2.028,-0.2129,7,I,989,V
-4.656,-2.013,3,I,989,W
-4.729,-2.098,8,I,989,Y
-8.457,-4.564,7,G,99,C
-3.228,-0.6969,6,G,99,D
0,0,,G,99,G
4.586,0.03368,4,G,99,S
0.4015,0.0112,1,T,990,-
-4.36,-1.678,4,T,990,A
-4.544,-1.884,1,T,990,C
-4.603,-1.952,4,T,990,D
-4.946,-2.354,3,T,990,E
-4.371,-1.69,1,T,990,F
-5.118,-2.556,2,T,990,G
-11.03,-4.688,6,T,990,H
-4.384,-1.704,8,T,990,I
-6.417,-3.827,2,T,990,K
-8.105,-4.509,2,T,990,L
-4.517,-1.853,4,T,990,M
-11.71,-4.693,12,T,990,N
-9.549,-4.653,3,T,990,P
-6.633,-3.971,3,T,990,Q
-8.566,-4.577,1,T,990,R
-5.326,-2.798,2,T,990,S
0,0,,T,990,T
-4.196,-1.504,1,T,990,V
3.138,0.03255,3,T,990,W
-8.746,-4.597,2,T,990,Y
0.9238,0.02046,1,S,991,-
-2.395,-0.3144,4,S,991,A
-3.555,-0.9225,4,S,991,C
0.8876,0.01996,3,S,991,D
3.765,0.03324,6,S,991,E
-4.551,-1.892,2,S,991,F
-1.838,-0.1719,4,S,991,G
0.005968,0.0002011,2,S,991,H
-8.355,-4.55,9,S,991,I
2.112,0.02989,4,S,991,K
-3.775,-1.102,4,S,991,L
-4.105,-1.41,7,S,991,M
-2.504,-0.3512,12,S,991,N
8.806,0.03403,3,S,991,P
0.3238,0.009365,4,S,991,Q
-2.656,-0.4085,5,S,991,R
0,0,,S,991,S
-1.627,-0.1343,4,S,991,T
-13.22,-4.697,8,S,991,V
-6.03,-3.519,7,S,991,W
-3.697,-1.035,9,S,991,Y
-1.729,-0.1515,2,R,992,-
-4.77,-2.146,6,R,992,A
-4.132,-1.437,4,R,992,C
-4.166,-1.472,3,R,992,D
1.425,0.0258,2,R,992,E
-3.589,-0.9489,4,R,992,F
-11.19,-4.69,7,R,992,G
-0.956,-0.05349,6,R,992,H
-3.727,-1.061,21,R,992,I
-2.152,-0.2435,17,R,992,K
-4.407,-1.729,8,R,992,L
-1.278,-0.08583,2,R,992,M
4.587,0.03368,1,R,992,N
-2.716,-0.4332,1,R,992,P
-1.469,-0.1103,2,R,992,Q
0,0,,R,992,R
5.785,0.03393,6,R,992,S
4.047,0.03343,2,R,992,T
-3.63,-0.981,4,R,992,V
5.692,0.03392,2,R,992,W
-3.606,-0.9621,5,R,992,Y
-0.8345,-0.04364,1,I,993,-
4.702,0.03372,3,I,993,A
2.227,0.03034,3,I,993,C
3.062,0.03243,3,I,993,D
-3.558,-0.9252,2,I,993,E
6.384,0.03397,8,I,993,F
-1.037,-0.06069,2,I,993,G
0.4727,0.01276,1,I,993,H
0,0,,I,993,I
8.34,0.03402,6,I,993,K
8.291,0.03402,9,I,993,L
4.65,0.0337,2,I,993,M
0.3626,0.0103,4,I,993,N
9.692,0.03403,5,I,993,P
3.576,0.03307,4,I,993,Q
6.619,0.03399,6,I,993,R
-1.195,-0.07653,4,I,993,T
6.043,0.03395,7,I,993,V
-0.4064,-0.01688,3,I,993,W
-1.5,-0.1147,9,I,993,Y
-0.4269,-0.01792,1,M,994,-
4.829,0.03376,3,M,994,A
-7.297,-4.294,4,M,994,C
3.391,0.03288,3,M,994,D
1.327,0.02496,1,M,994,E
4.049,0.03343,3,M,994,F
-0.02695,-0.0009228,3,M,994,G
5.018,0.0338,5,M,994,H
-0.2596,-0.009992,11,M,994,I
3.45,0.03294,4,M,994,K
3.882,0.03333,9,M,994,L
0,0,,M,994,M
1.549,0.02676,5,M,994,N
6.231,0.03396,6,M,994,P
-0.5843,-0.02667,5,M,994,Q
19.49,0.03403,2,M,994,R
5.728,0.03392,2,M,994,S
-0.5916,-0.02711,4,M,994,T
4.838,0.03376,2,M,994,V
-1,-0.05739,2,M,994,W
5.011,0.0338,5,M,994,Y
-2.017,-0.2104,1,F,995,-
-6.503,-3.888,3,F,995,A
-4.792,-2.171,6,F,995,C
-6.122,-3.598,4,F,995,D
-8.458,-4.564,4,F,995,E
0,0,,F,995,F
-4.004,-1.311,7,F,995,G
-1.196,-0.07666,3,F,995,H
0.616,0.01559,5,F,995,I
-0.6114,-0.02831,4,F,995,K
8.008,0.03402,5,F,995,L
5.369,0.03387,1,F,995,M
-5.187,-2.638,3,F,995,N
-3.468,-0.8582,2,F,995,P
-3.989,-1.297,3,F,995,Q
-4.903,-2.303,4,F,995,R
-5.52,-3.014,4,F,995,S
-4.465,-1.794,4,F,995,T
-4.17,-1.476,11,F,995,V
14.41,0.03403,11,F,995,W
1.327,0.02495,5,F,995,Y
-9.499,-4.65,10,E,996,*
-0.7098,-0.03467,1,E,996,-
-1.591,-0.1285,6,E,996,C
1.559,0.02684,14,E,996,D
0,0,,E,996,E
-1.763,-0.1577,4,E,996,F
9.79,0.03403,4,E,996,G
-1.128,-0.06952,5,E,996,H
2.616,0.03153,8,E,996,I
-2.366,-0.305,22,E,996,K
2.503,0.03123,8,E,996,L
0.7011,0.01709,8,E,996,M
-8.26,-4.536,7,E,996,N
-10,-4.669,3,E,996,P
2.409,0.03095,2,E,996,Q
-2.769,-0.4558,1,E,996,R
7.375,0.03401,4,E,996,S
-3.943,-1.253,4,E,996,T
-6.711,-4.017,10,E,996,V
3.105,0.0325,3,E,996,W
-2.97,-0.5515,2,E,996,Y
-3.168,-0.6611,2,P,997,-
-8.578,-4.579,3,P,997,A
-3.677,-1.019,5,P,997,C
-3.649,-0.9967,6,P,997,D
-5.123,-2.563,5,P,997,E
0.01389,0.0004662,1,P,997,F
0.02278,0.000761,3,P,997,G
-2.682,-0.4188,9,P,997,H
-0.9846,-0.05598,4,P,997,I
-3.148,-0.6492,2,P,997,K
-6.563,-3.927,6,P,997,L
-7.495,-4.361,2,P,997,M
-3.843,-1.162,3,P,997,N
0,0,,P,997,P
-2.513,-0.3544,3,P,997,Q
2.428,0.03101,6,P,997,R
-7.289,-4.291,6,P,997,S
5.033,0.03381,5,P,997,T
-8.554,-4.576,2,P,997,V
-2.728,-0.438,4,P,997,W
-3.559,-0.926,8,P,997,Y
-2.922,-0.5272,3,R,998,-
-0.3021,-0.01189,8,R,998,A
5.756,0.03392,5,R,998,C
-2.795,-0.4676,3,R,998,D
-2.353,-0.301,5,R,998,E
3,0.03233,1,R,998,F
-3.81,-1.132,6,R,998,G
3.403,0.03289,5,R,998,H
3.234,0.03268,11,R,998,I
0.2124,0.006473,42,R,998,K
-4.363,-1.681,3,R,998,L
6.774,0.03399,3,R,998,M
-7.424,-4.339,2,R,998,N
-7.5,-4.363,7,R,998,P
1.796,0.02835,6,R,998,Q
0,0,,R,998,R
-5.762,-3.266,5,R,998,S
-0.897,-0.04856,5,R,998,T
7.953,0.03402,6,R,998,V
2.632,0.03157,1,R,998,W
4.095,0.03346,5,R,998,Y
-2.997,-0.5655,3,I,999,-
-1.145,-0.0713,1,I,999,A
3.107,0.0325,3,I,999,C
1.447,0.02598,1,I,999,D
-4.898,-2.298,4,I,999,E
-1.864,-0.1772,4,I,999,F
-1.681,-0.1431,2,I,999,G
-1.181,-0.07508,5,I,999,H
0,0,,I,999,I
9.559,0.03403,5,I,999,K
4.079,0.03345,2,I,999,L
3.011,0.03234,8,I,999,M
7.793,0.03402,8,I,999,N
-4.159,-1.465,8,I,999,P
-1.526,-0.1185,7,I,999,Q
2.907,0.03216,4,I,999,R
4.567,0.03368,6,I,999,S
11.88,0.03403,2,I,999,T
-0.4222,-0.01768,2,I,999,V
3.127,0.03253,2,I,999,W
-3.386,-0.8002,2,I,999,Y
