latent_phenotype_effect,functional_effect,times_seen,wildtype,site,mutant
-1.703,-0.2565,2,T,100,-
1.359,0.04509,3,T,100,A
-2.579,-0.6399,5,T,100,C
3.733,0.05938,2,T,100,D
-2.599,-0.6526,1,T,100,E
-1.301,-0.1557,10,T,100,F
1.224,0.04281,4,T,100,G
-1.085,-0.1152,12,T,100,H
0.1512,0.008451,10,T,100,I
-3.212,-1.117,4,T,100,K
-2.057,-0.3795,2,T,100,L
1.797,0.05067,4,T,100,M
-2.15,-0.4184,2,T,100,N
-3.068,-0.9919,5,T,100,P
-1.938,-0.334,7,T,100,Q
-2.969,-0.9112,4,T,100,R
-1.943,-0.3357,3,T,100,S
0,0,,T,100,T
-1.991,-0.3535,2,T,100,V
-2.816,-0.7967,6,T,100,W
-0.4907,-0.03781,2,T,100,Y
-3.544,-1.445,1,P,1000,-
-2.736,-0.7409,6,P,1000,H
-4.214,-2.239,2,P,1000,L
0,0,,P,1000,P
-0.2057,-0.0137,3,P,1000,S
-0.3533,-0.02535,2,P,1000,T
-3.927,-1.882,1,R,1001,-
-3.607,-1.514,1,R,1001,G
-3.795,-1.725,4,R,1001,I
-0.1114,-0.007075,50,R,1001,K
0,0,,R,1001,R
-4.128,-2.13,1,I,1002,-
0,0,,I,1002,I
-12.55,-5.074,7,P,1003,H
-2.475,-0.5793,2,P,1003,L
0,0,,P,1003,P
-1.275,-0.1505,1,P,1003,R
-8.649,-5.001,2,P,1003,S
-8.733,-5.007,6,P,1003,T
-3.754,-1.678,2,T,1004,I
-1.907,-0.3228,4,T,1004,N
0,0,,T,1004,T
-2.371,-0.5234,11,M,1005,I
0.1956,0.0107,1,M,1005,K
0,0,,M,1005,M
-1.006,-0.1022,2,M,1005,T
0,0,,A,1006,A
0.7049,0.0306,1,A,1006,D
-0.611,-0.05015,2,A,1006,S
-3.226,-1.13,4,A,1006,T
2.709,0.05675,1,A,1006,V
0,0,,D,1007,D
-4.114,-2.113,1,D,1007,E
-10.42,-5.062,1,D,1007,G
-4.362,-2.428,8,D,1007,N
-11.27,-5.07,6,D,1007,Y
0,0,,F,1008,F
-4.639,-2.783,2,F,1008,I
-0.7176,-0.06233,9,F,1008,L
-10.33,-5.061,3,F,1008,S
2.399,0.05527,1,V,1009,-
5.181,0.06051,1,V,1009,A
3.243,0.05845,1,V,1009,E
-4.423,-2.506,2,V,1009,L
1.513,0.04733,6,V,1009,M
0,0,,V,1009,V
-0.7861,-0.07084,2,G,101,-
-2.93,-0.8812,3,G,101,A
-4.807,-2.993,14,G,101,C
-2.725,-0.7334,9,G,101,D
-2.827,-0.8042,5,G,101,E
-2.611,-0.66,7,G,101,F
0,0,,G,101,G
-0.6199,-0.05112,3,G,101,H
-3.611,-1.518,6,G,101,I
-2.436,-0.5581,4,G,101,K
-3.673,-1.586,7,G,101,L
-1.549,-0.2136,7,G,101,M
-2.294,-0.4847,2,G,101,N
-3.973,-1.938,5,G,101,P
-1.185,-0.1329,3,G,101,Q
-2.297,-0.4864,6,G,101,R
-3.046,-0.9735,9,G,101,S
-2.772,-0.7656,4,G,101,T
-3.562,-1.464,9,G,101,V
-3.908,-1.86,10,G,101,W
-4.846,-3.041,4,G,101,Y
-8.142,-4.953,2,Q,1010,*
1.811,0.05081,1,Q,1010,-
-8.793,-5.011,1,Q,1010,H
5.74,0.06065,1,Q,1010,K
0,0,,Q,1010,Q
0.5977,0.0272,1,Q,1010,R
-9.38,-5.039,3,I,1011,-
0,0,,I,1011,I
-7.443,-4.836,5,E,1012,*
-8.548,-4.993,4,E,1012,-
-2.556,-0.6262,6,E,1012,D
0,0,,E,1012,E
3.556,0.05909,1,E,1012,G
-0.9798,-0.09812,19,E,1012,K
-2.604,-0.6554,3,N,1013,-
-1.164,-0.1291,1,N,1013,D
-1.881,-0.3135,1,N,1013,K
0,0,,N,1013,N
-0.9029,-0.08669,3,C,1014,-
0,0,,C,1014,C
-3.711,-1.628,1,C,1014,F
-5.455,-3.726,1,C,1014,R
-8.111,-4.95,4,C,1014,Y
-0.1192,-0.007604,3,N,1015,-
0,0,,N,1015,N
1.92,0.05184,1,N,1015,T
-3.672,-1.585,4,V,1016,-
1.567,0.04803,2,V,1016,M
0,0,,V,1016,V
-0.6689,-0.05661,3,T,1017,-
-4.558,-2.68,3,T,1017,A
-8.431,-4.983,2,T,1017,K
0.5181,0.02443,1,T,1017,S
0,0,,T,1017,T
-1.826,-0.2949,3,F,1018,-
-4.668,-2.82,1,F,1018,C
0,0,,F,1018,F
-5.548,-3.816,1,F,1018,I
5.166,0.0605,2,F,1018,L
-6.028,-4.215,3,F,1018,S
0.4625,0.02236,2,V,1019,-
-1.529,-0.2085,4,V,1019,A
1.677,0.04937,2,V,1019,I
0,0,,V,1019,V
0.3394,0.01736,2,R,102,-
-3.186,-1.094,3,R,102,A
3.187,0.05831,6,R,102,C
-2.756,-0.7544,4,R,102,D
2.267,0.05448,2,R,102,E
-2.122,-0.4063,2,R,102,F
0.9246,0.03654,1,R,102,G
-1.211,-0.1379,3,R,102,H
0.9512,0.03717,6,R,102,K
1.392,0.04559,16,R,102,L
3.962,0.05968,7,R,102,M
-1.514,-0.2045,5,R,102,N
-2.644,-0.6808,7,R,102,P
1.948,0.05209,8,R,102,Q
0,0,,R,102,R
1.385,0.04548,3,R,102,S
-0.9472,-0.09317,6,R,102,T
-4.644,-2.789,5,R,102,V
0.3253,0.01675,13,R,102,W
-2.882,-0.8448,4,R,102,Y
-1.629,-0.235,2,N,1020,-
-2.144,-0.416,2,N,1020,D
0,0,,N,1020,N
0.8655,0.03506,2,N,1020,S
0.07287,0.004229,2,I,1021,-
0,0,,I,1021,I
-9.155,-5.03,1,I,1021,N
-0.2879,-0.01998,1,I,1021,S
2.366,0.05508,1,S,1022,-
-2.874,-0.8388,4,S,1022,G
-4.502,-2.607,1,S,1022,I
-3.879,-1.825,6,S,1022,N
0,0,,S,1022,S
0.5996,0.02726,1,R,1023,-
-1.219,-0.1393,1,R,1023,G
-2.181,-0.4321,7,R,1023,M
0,0,,R,1023,R
-7.411,-4.829,3,R,1023,S
0.913,0.03626,1,S,1024,-
-1.612,-0.2305,1,S,1024,F
0.6812,0.02988,2,S,1024,P
0,0,,S,1024,S
-0.6438,-0.05377,7,S,1024,Y
-7.985,-4.933,13,E,1025,*
1.012,0.03856,1,E,1025,-
2.321,0.05481,5,E,1025,D
0,0,,E,1025,E
-0.1799,-0.01182,1,E,1025,G
5.02,0.06045,5,E,1025,K
1.235,0.04301,1,L,1026,-
0,0,,L,1026,L
5.306,0.06055,2,L,1026,M
-5.125,-3.372,1,L,1026,P
-0.6852,-0.05849,1,Q,1027,*
1.598,0.04843,1,Q,1027,-
3.943,0.05966,5,Q,1027,H
1.728,0.04993,1,Q,1027,K
0,0,,Q,1027,Q
2.335,0.0549,1,Q,1027,R
2.88,0.0574,1,T,1028,-
2.491,0.05575,1,T,1028,A
4.855,0.06037,3,T,1028,I
-1.375,-0.1716,1,T,1028,N
0,0,,T,1028,T
0,0,,I,1029,I
3.258,0.05848,1,I,1029,L
5.707,0.06065,2,I,1029,S
-3.532,-1.433,2,I,1029,V
-2.407,-0.5422,2,G,103,-
-0.8903,-0.0849,6,G,103,A
-5.521,-3.79,8,G,103,C
-2.39,-0.5334,13,G,103,D
-4.835,-3.028,2,G,103,F
0,0,,G,103,G
-2.685,-0.7072,7,G,103,H
-1.518,-0.2057,5,G,103,I
-4.156,-2.165,3,G,103,K
-3.277,-1.177,8,G,103,L
0.8036,0.03343,3,G,103,M
-0.9949,-0.1005,4,G,103,N
1.201,0.04239,5,G,103,P
-2.997,-0.9336,1,G,103,R
3.316,0.05862,1,G,103,S
0.6686,0.02949,6,G,103,T
-2.842,-0.8154,9,G,103,V
-6.444,-4.474,2,G,103,W
-2.751,-0.7513,7,G,103,Y
-4.655,-2.803,2,V,1030,L
4.447,0.06013,8,V,1030,M
0,0,,V,1030,V
-3.508,-1.407,5,P,1031,H
-3.238,-1.141,1,P,1031,L
0,0,,P,1031,P
-5.376,-3.645,5,P,1031,S
-5.352,-3.621,1,P,1031,T
-9.617,-5.047,7,E,1032,*
0,0,,E,1032,E
-2.834,-0.8092,8,E,1032,K
-9.129,-5.029,5,Y,1033,*
0,0,,Y,1033,Y
-6.105,-4.269,1,I,1034,F
0,0,,I,1034,I
-2.168,-0.4265,1,I,1034,T
0,0,,D,1035,D
0.1305,0.007367,1,D,1035,E
3.341,0.05867,12,D,1035,N
-2.899,-0.8573,2,D,1035,Y
3.042,0.05791,2,V,1036,A
-3.064,-0.988,5,V,1036,M
0,0,,V,1036,V
-4.138,-2.143,3,N,1037,K
0,0,,N,1037,N
-2.068,-0.3842,1,N,1037,S
3.371,0.05874,4,K,1038,E
0,0,,K,1038,K
0.4549,0.02207,1,K,1038,M
1.043,0.03924,2,K,1038,N
-2.631,-0.6722,4,T,1039,I
-2.733,-0.7387,3,T,1039,N
-1.505,-0.2024,1,T,1039,S
0,0,,T,1039,T
0.4686,0.02259,2,D,104,-
-0.002072,-0.0001249,2,D,104,A
1.06,0.03961,4,D,104,C
0,0,,D,104,D
1.856,0.05125,6,D,104,E
1.394,0.04561,5,D,104,F
-2.838,-0.8125,6,D,104,G
-3.887,-1.834,2,D,104,H
-0.7257,-0.06331,3,D,104,I
1.922,0.05185,1,D,104,K
-0.9486,-0.09339,4,D,104,L
-0.6745,-0.05726,2,D,104,M
-1.955,-0.3401,10,D,104,N
-1.102,-0.1181,2,D,104,P
1.507,0.04724,6,D,104,Q
0.7299,0.03134,4,D,104,R
4.674,0.06028,3,D,104,S
-2.9,-0.8578,3,D,104,T
-0.5412,-0.04282,7,D,104,V
-1.995,-0.3553,7,D,104,W
-0.372,-0.02696,14,D,104,Y
0,0,,L,1040,L
-0.7259,-0.06333,10,L,1040,M
-0.7632,-0.06794,1,L,1040,P
-0.9041,-0.08686,1,L,1040,V
-6.981,-4.706,3,Q,1041,*
-0.3467,-0.02479,6,Q,1041,H
0,0,,Q,1041,Q
-1.368,-0.1702,3,Q,1041,R
-10.7,-5.066,8,E,1042,*
-1.774,-0.2783,3,E,1042,D
0,0,,E,1042,E
-2.438,-0.5591,6,E,1042,K
-2.371,-0.5237,1,E,1042,V
0,0,,L,1043,L
-0.5581,-0.04455,2,L,1043,M
3.298,0.05858,2,L,1043,P
2.747,0.0569,1,S,1044,C
-3.879,-1.824,1,S,1044,I
-3.232,-1.135,6,S,1044,N
1.4,0.04571,3,S,1044,R
0,0,,S,1044,S
-8.799,-5.011,11,Y,1045,*
-3.038,-0.967,2,Y,1045,C
0,0,,Y,1045,Y
-1.821,-0.2934,1,K,1046,E
0,0,,K,1046,K
-4.663,-2.813,1,K,1046,N
0,0,,L,1047,L
-1.309,-0.1574,3,L,1047,M
1.913,0.05178,1,P,1048,A
0.6015,0.02733,5,P,1048,H
-1.662,-0.2445,2,P,1048,L
0,0,,P,1048,P
-2.054,-0.3783,1,P,1048,R
-0.4354,-0.0326,2,P,1048,S
1.9,0.05166,2,N,1049,D
0,0,,N,1049,N
-1.534,-0.2097,1,N,1049,S
-5.006,-3.234,2,C,105,*
-1.424,-0.1828,2,C,105,-
-10.35,-5.061,5,C,105,A
0,0,,C,105,C
-10.47,-5.063,4,C,105,D
-10.91,-5.067,1,C,105,E
-7.495,-4.848,9,C,105,F
-8.424,-4.983,9,C,105,G
-8.77,-5.01,2,C,105,H
-9.841,-5.053,5,C,105,I
-5.877,-4.102,2,C,105,K
-8.039,-4.941,4,C,105,L
-9.013,-5.024,5,C,105,M
-4.831,-3.023,6,C,105,N
-4.892,-3.098,2,C,105,P
-10.42,-5.062,3,C,105,Q
-8.739,-5.007,4,C,105,R
-5.144,-3.394,6,C,105,S
-8.745,-5.008,3,C,105,T
-13.09,-5.074,6,C,105,V
-5.247,-3.509,4,C,105,W
-5.964,-4.169,4,C,105,Y
-6.694,-4.594,1,Y,1050,*
-6.75,-4.618,1,Y,1050,C
-0.344,-0.02457,1,Y,1050,H
3.033,0.05789,1,Y,1050,N
0,0,,Y,1050,Y
4.068,0.0598,1,T,1051,A
0.8873,0.03562,1,T,1051,I
0,0,,T,1051,T
3.37,0.05874,2,V,1052,A
2.88,0.0574,1,V,1052,E
2.772,0.057,1,V,1052,L
-0.5785,-0.04667,9,V,1052,M
0,0,,V,1052,V
-2.76,-0.7571,3,P,1053,H
3.019,0.05785,2,P,1053,L
0,0,,P,1053,P
-0.4741,-0.03621,9,P,1053,S
-1.167,-0.1296,2,P,1053,T
0,0,,D,1054,D
-0.05635,-0.003483,2,D,1054,G
0.1872,0.01029,18,D,1054,N
0.01588,0.0009478,7,D,1054,Y
0,0,,L,1055,L
0.1059,0.006047,7,L,1055,M
0.5724,0.02634,5,L,1055,P
0.4583,0.0222,1,L,1055,Q
-1.419,-0.1817,1,L,1055,R
3.879,0.05958,4,V,1056,A
5.018,0.06044,2,V,1056,L
-5.939,-4.15,5,V,1056,M
0,0,,V,1056,V
-6.679,-4.588,4,V,1057,L
2.231,0.05425,2,V,1057,M
0,0,,V,1057,V
-10.13,-5.058,12,E,1058,*
-1.929,-0.3307,2,E,1058,D
0,0,,E,1058,E
-0.4927,-0.038,7,E,1058,K
-8.314,-4.972,3,Q,1059,*
9.333,0.06085,3,Q,1059,H
0,0,,Q,1059,Q
-3.219,-1.123,3,Q,1059,R
-0.8985,-0.08606,3,K,106,-
1.554,0.04787,5,K,106,A
-1.142,-0.1251,2,K,106,C
-1.458,-0.1908,2,K,106,D
-0.9974,-0.1008,7,K,106,E
-1.305,-0.1567,3,K,106,F
-0.7037,-0.06067,3,K,106,G
0.6949,0.0303,6,K,106,H
-1.349,-0.1659,4,K,106,I
0,0,,K,106,K
3.227,0.05841,1,K,106,L
-2.605,-0.6558,4,K,106,M
0.7552,0.03208,13,K,106,N
-2.63,-0.6719,1,K,106,P
-0.912,-0.088,8,K,106,Q
-0.3603,-0.02595,9,K,106,R
0.5987,0.02723,5,K,106,S
-0.852,-0.07957,8,K,106,T
0.9429,0.03698,1,K,106,V
0.09296,0.005343,5,K,106,W
-0.8892,-0.08475,1,K,106,Y
-8.919,-5.019,6,Y,1060,*
-5.468,-3.738,2,Y,1060,H
-0.2341,-0.01581,1,Y,1060,N
-3.173,-1.082,2,Y,1060,S
0,0,,Y,1060,Y
1.578,0.04817,3,N,1061,K
0,0,,N,1061,N
-2.029,-0.3685,3,Q,1062,*
-2.939,-0.888,5,Q,1062,H
0.3068,0.01594,6,Q,1062,K
0,0,,Q,1062,Q
-1.99,-0.3533,1,Q,1062,R
-1.328,-0.1616,1,T,1063,A
2.233,0.05426,1,T,1063,I
0,0,,T,1063,T
0,0,,I,1064,I
-2.786,-0.775,1,I,1064,S
0,0,,L,1065,L
1.187,0.04212,8,L,1065,M
-1.134,-0.1236,4,L,1065,P
-0.31,-0.02176,1,L,1065,R
3.671,0.05929,1,N,1066,I
0,0,,N,1066,N
0,0,,L,1067,L
-1.915,-0.3255,9,L,1067,M
-6.319,-4.404,2,T,1068,I
-4.545,-2.662,2,T,1068,K
0,0,,T,1068,T
-2.11,-0.4015,1,S,1069,I
0.9903,0.03808,1,S,1069,K
4.621,0.06025,3,S,1069,N
2.353,0.05501,1,S,1069,R
0,0,,S,1069,S
-0.02162,-0.001314,3,G,107,-
-2.132,-0.4107,7,G,107,A
-3.863,-1.806,10,G,107,C
-2.676,-0.7008,12,G,107,D
-3.044,-0.9717,9,G,107,E
-4.484,-2.585,5,G,107,F
0,0,,G,107,G
-1.582,-0.2221,5,G,107,H
-3.018,-0.9504,6,G,107,I
-1.382,-0.1732,2,G,107,K
-4.853,-3.05,4,G,107,L
-5.091,-3.334,5,G,107,M
-4.006,-1.979,4,G,107,N
-4.615,-2.753,5,G,107,P
-3.043,-0.971,7,G,107,Q
-3.884,-1.831,3,G,107,R
-2.55,-0.6231,5,G,107,S
-3.469,-1.367,3,G,107,T
-3.84,-1.779,9,G,107,V
-3.422,-1.319,10,G,107,W
-1.019,-0.1043,1,G,107,Y
-6.75,-4.618,7,E,1070,*
-0.2676,-0.01838,1,E,1070,D
0,0,,E,1070,E
-1.028,-0.1056,1,E,1070,G
-2.47,-0.577,14,E,1070,K
0,0,,I,1071,I
-5.841,-4.073,6,I,1071,N
0,0,,S,1072,S
-1.59,-0.2243,4,S,1072,Y
-3.088,-1.009,1,T,1073,I
0,0,,T,1073,T
0,0,,L,1074,L
-3.987,-1.955,11,L,1074,M
-6.807,-4.642,8,L,1074,P
-4.782,-2.963,1,L,1074,Q
0,0,,E,1075,E
4.322,0.06003,2,E,1075,G
0.393,0.01962,32,E,1075,K
0.5909,0.02697,1,E,1075,Q
0,0,,N,1076,N
-0.4777,-0.03656,2,N,1076,S
-4.628,-2.768,1,K,1077,E
0,0,,K,1077,K
-0.8443,-0.07852,1,K,1077,M
-1.078,-0.114,1,K,1077,T
0.1362,0.007669,4,S,1078,F
-5.858,-4.087,2,S,1078,P
0,0,,S,1078,S
-2.456,-0.5692,7,S,1078,Y
0,0,,A,1079,A
-1.807,-0.2886,5,A,1079,S
-7.466,-4.841,6,A,1079,T
-4.568,-2.692,2,A,1079,V
-0.7792,-0.06996,3,F,108,-
2.117,0.05345,6,F,108,A
1.276,0.04372,1,F,108,C
-0.8115,-0.07414,5,F,108,D
-0.3476,-0.02487,10,F,108,E
0,0,,F,108,F
1.848,0.05116,5,F,108,G
2.325,0.05484,4,F,108,H
-0.1751,-0.01148,2,F,108,I
-0.7489,-0.06615,6,F,108,K
-4.948,-3.165,6,F,108,L
-2.401,-0.539,7,F,108,M
5.976,0.0607,4,F,108,N
-0.5658,-0.04534,2,F,108,P
-1.625,-0.2338,5,F,108,Q
-2.234,-0.4563,5,F,108,R
1.048,0.03934,9,F,108,S
1.518,0.04739,1,F,108,T
-1.142,-0.125,4,F,108,V
-1.591,-0.2247,5,F,108,W
2.141,0.05362,7,F,108,Y
-10.53,-5.064,11,E,1080,*
2.995,0.05777,1,E,1080,D
0,0,,E,1080,E
-3.761,-1.686,21,E,1080,K
0,0,,L,1081,L
-2.973,-0.9145,1,L,1081,M
-6.252,-4.364,2,L,1081,P
-2.613,-0.6612,3,N,1082,D
-10.39,-5.062,1,N,1082,K
0,0,,N,1082,N
0.2012,0.01098,1,N,1082,Y
-6.431,-4.467,4,Y,1083,*
-0.9595,-0.09502,2,Y,1083,C
-5.418,-3.688,1,Y,1083,H
0,0,,Y,1083,Y
0.5063,0.024,2,T,1084,A
-3.907,-1.858,2,T,1084,I
-4.297,-2.345,1,T,1084,N
-6.875,-4.668,1,T,1084,S
0,0,,T,1084,T
-1.142,-0.1252,1,V,1085,*
-5.154,-3.406,1,V,1085,A
-8.013,-4.937,1,V,1085,E
-2.196,-0.4386,1,V,1085,G
2.02,0.05269,4,V,1085,L
1.406,0.0458,6,V,1085,M
0,0,,V,1085,V
-2.862,-0.8297,2,Q,1086,*
0.6382,0.02853,8,Q,1086,H
-1.032,-0.1063,2,Q,1086,K
0,0,,Q,1086,Q
1.565,0.048,2,Q,1086,R
0,0,,L,1088,L
-4.074,-2.062,1,L,1088,M
-12.34,-5.073,1,L,1088,Q
1.922,0.05186,1,L,1088,V
-7.889,-4.919,3,Q,1089,*
0.8621,0.03498,3,Q,1089,H
-3.139,-1.052,3,Q,1089,K
0,0,,Q,1089,Q
-0.9784,-0.0979,1,Q,1089,R
-9.004,-5.023,1,Y,109,*
0.2088,0.01135,2,Y,109,-
1.328,0.04458,7,Y,109,A
-3.485,-1.383,4,Y,109,C
-5.722,-3.974,2,Y,109,D
-0.6043,-0.04942,2,Y,109,E
-2.535,-0.6139,7,Y,109,F
-0.7922,-0.07162,6,Y,109,G
-2.035,-0.3709,3,Y,109,H
-0.3609,-0.026,4,Y,109,K
-1.971,-0.3462,5,Y,109,L
0.4219,0.02078,2,Y,109,M
-2.021,-0.3651,4,Y,109,N
-3.235,-1.138,6,Y,109,P
0.7186,0.03101,4,Y,109,Q
-1.691,-0.2529,6,Y,109,R
-2.914,-0.8685,5,Y,109,S
-2.744,-0.7463,4,Y,109,T
-0.1379,-0.008877,7,Y,109,V
-2.826,-0.8035,5,Y,109,W
0,0,,Y,109,Y
2.866,0.05735,2,T,1090,I
2.848,0.05729,2,T,1090,N
0,0,,T,1090,T
0,0,,L,1091,L
-0.5569,-0.04442,9,L,1091,M
-2.696,-0.7143,2,L,1091,P
3.424,0.05885,1,L,1091,V
0.9279,0.03662,1,I,1092,F
0,0,,I,1092,I
0,0,,D,1093,D
-4.829,-3.02,3,D,1093,E
-2.733,-0.7387,1,D,1093,G
-6.334,-4.413,6,D,1093,N
-2.365,-0.5202,6,D,1093,Y
3.245,0.05845,2,N,1094,D
-2.472,-0.5778,3,N,1094,I
-1.375,-0.1717,2,N,1094,K
0,0,,N,1094,N
-1.169,-0.13,1,N,1094,S
3.831,0.05952,1,N,1094,Y
0,0,,I,1095,I
2.494,0.05577,2,I,1095,T
-4.386,-2.459,1,I,1095,V
-1.714,-0.2598,1,N,1096,D
0.02062,0.001228,2,N,1096,K
0,0,,N,1096,N
-2.665,-0.6941,1,N,1096,S
1.169,0.04179,1,S,1097,C
1.584,0.04825,6,S,1097,N
0,0,,S,1097,S
-2.809,-0.7914,1,T,1098,A
-0.8789,-0.08329,3,T,1098,N
0,0,,T,1098,T
0,0,,L,1099,L
-1.269,-0.1492,11,L,1099,M
-4.658,-2.806,1,L,1099,R
-0.007741,-0.0004675,2,S,110,-
-1.883,-0.3143,4,S,110,A
-1.997,-0.3559,9,S,110,C
-2.712,-0.7249,5,S,110,D
3.087,0.05804,1,S,110,E
3.261,0.05849,3,S,110,F
3.261,0.05849,4,S,110,G
-0.09825,-0.0062,1,S,110,H
-1.701,-0.2559,4,S,110,I
5.907,0.06068,6,S,110,K
-2.044,-0.3745,6,S,110,L
-0.7405,-0.06512,6,S,110,M
-3.057,-0.9824,8,S,110,P
-0.714,-0.0619,8,S,110,Q
-0.2071,-0.0138,4,S,110,R
0,0,,S,110,S
-2.494,-0.5905,5,S,110,T
-3.068,-0.9917,5,S,110,V
0.02028,0.001207,3,S,110,W
-1.718,-0.2607,9,S,110,Y
1.426,0.0461,2,V,1100,A
2.515,0.05587,7,V,1100,M
0,0,,V,1100,V
0,0,,D,1101,D
0.8558,0.03482,1,D,1101,E
-0.6313,-0.05237,55,D,1101,N
-2.51,-0.5997,2,D,1101,Y
1.147,0.04137,2,L,1102,F
0.1062,0.006066,4,L,1102,I
0,0,,L,1102,L
2.744,0.0569,1,L,1102,P
-0.4393,-0.03296,1,L,1102,R
1.453,0.04649,5,K,1103,E
0,0,,K,1103,K
-1.995,-0.3551,1,K,1103,N
0.08535,0.004924,3,K,1103,R
-7.298,-4.801,65,W,1104,*
-3.954,-1.915,3,W,1104,C
-0.8175,-0.07493,5,W,1104,L
0,0,,W,1104,W
0,0,,L,1105,L
-2.835,-0.8104,5,L,1105,Q
-7.158,-4.762,2,N,1106,D
0,0,,N,1106,N
-1.611,-0.2302,4,R,1107,I
-1.063,-0.1115,44,R,1107,K
0,0,,R,1107,R
-8.809,-5.012,3,V,1108,A
-2.448,-0.5648,2,V,1108,L
-0.8031,-0.07305,2,V,1108,M
0,0,,V,1108,V
-8.23,-4.963,5,E,1109,*
0,0,,E,1109,E
-2.102,-0.3978,91,E,1109,K
1.957,0.05216,1,E,1109,Q
0.329,0.01691,2,N,111,-
-1.782,-0.2808,2,N,111,A
-3.322,-1.22,7,N,111,C
-0.5052,-0.03922,5,N,111,D
-2.495,-0.5909,4,N,111,E
-3.346,-1.244,4,N,111,F
-0.9512,-0.09376,3,N,111,G
-2.111,-0.4018,4,N,111,H
0.673,0.02962,7,N,111,I
-1.53,-0.2086,11,N,111,K
-0.2932,-0.02041,2,N,111,L
-0.8471,-0.07889,6,N,111,M
0,0,,N,111,N
-2.254,-0.4658,1,N,111,P
0.5094,0.02412,5,N,111,Q
-1.254,-0.1462,11,N,111,R
-1.351,-0.1663,5,N,111,S
-2.54,-0.6169,3,N,111,T
-0.8139,-0.07446,6,N,111,V
-3.745,-1.667,4,N,111,W
2.378,0.05515,1,N,111,Y
0.4448,0.02168,3,T,1110,K
-3.464,-1.361,6,T,1110,M
0,0,,T,1110,T
0,0,,I,1112,I
-0.5409,-0.04278,1,I,1112,M
-2.869,-0.8348,1,I,1112,T
0,0,,K,1113,K
-3.583,-1.488,2,K,1113,N
-0.8301,-0.0766,4,K,1113,R
-6.577,-4.541,35,W,1114,*
-6.489,-4.497,1,W,1114,E
-8.775,-5.01,2,W,1114,K
-8.483,-4.988,3,W,1114,L
-1.382,-0.1733,1,W,1114,M
-3.923,-1.878,11,W,1114,R
0,0,,W,1114,W
-3.738,-1.66,3,P,1115,H
-8.958,-5.021,2,P,1115,L
0,0,,P,1115,P
-3.089,-1.01,2,P,1115,T
-5.599,-3.864,21,W,1116,*
-8.248,-4.965,2,W,1116,C
-8.429,-4.983,6,W,1116,L
-3.966,-1.929,1,W,1116,R
0,0,,W,1116,W
-15.22,-5.075,24,W,1117,*
-6.319,-4.404,5,W,1117,C
-4.976,-3.198,7,W,1117,L
-8.162,-4.956,1,W,1117,R
0,0,,W,1117,W
-2.434,-0.557,1,V,1118,A
-0.554,-0.04412,1,V,1118,L
-7.859,-4.915,6,V,1118,M
0,0,,V,1118,V
-9.627,-5.047,26,W,1119,*
-5.828,-4.063,2,W,1119,C
-3.577,-1.481,4,W,1119,L
-3.747,-1.67,3,W,1119,R
0,0,,W,1119,W
-3.508,-1.408,3,A,112,-
0,0,,A,112,A
-2.208,-0.4441,4,A,112,C
0.3736,0.01881,12,A,112,D
-4.682,-2.837,1,A,112,E
0.04062,0.002394,5,A,112,F
0.8602,0.03493,7,A,112,G
-3.44,-1.337,4,A,112,H
1.302,0.04416,3,A,112,I
0.773,0.03258,7,A,112,K
4.978,0.06043,4,A,112,L
2.127,0.05353,3,A,112,M
-2.726,-0.7343,5,A,112,N
-3.106,-1.024,6,A,112,P
0.397,0.01978,4,A,112,Q
-0.3089,-0.02167,7,A,112,R
-1.162,-0.1287,12,A,112,S
0.5007,0.0238,13,A,112,T
-0.4199,-0.03119,10,A,112,V
-1.052,-0.1096,4,A,112,W
-1.38,-0.1727,3,A,112,Y
0,0,,L,1120,L
2.111,0.0534,4,L,1120,M
-4.153,-2.162,4,L,1120,P
-1.115,-0.1203,2,L,1120,Q
0,0,,C,1121,C
-7.316,-4.805,2,C,1121,F
-2.593,-0.6485,3,C,1121,R
-5.627,-3.889,7,C,1121,Y
0,0,,I,1122,I
-3.065,-0.9889,1,I,1122,N
1.172,0.04184,1,I,1122,T
-2.827,-0.8045,1,S,1123,C
-1.128,-0.1226,3,S,1123,G
-2.591,-0.6478,2,S,1123,I
1.024,0.03882,3,S,1123,N
-6.642,-4.571,4,S,1123,R
0,0,,S,1123,S
3.368,0.05873,3,V,1124,L
-2.219,-0.4494,4,V,1124,M
0,0,,V,1124,V
-1.204,-0.1365,2,V,1125,A
-3.313,-1.211,1,V,1125,E
-0.5791,-0.04673,2,V,1125,M
0,0,,V,1125,V
0,0,,L,1126,L
0.4971,0.02366,2,L,1126,M
-4.952,-3.171,3,L,1126,P
0,0,,F,1128,F
-5.025,-3.257,3,F,1128,I
-2.746,-0.7477,5,F,1128,L
-1.835,-0.2979,4,F,1128,S
0.4973,0.02367,1,F,1128,Y
-3.473,-1.371,2,V,1129,A
-1.494,-0.1995,2,V,1129,F
4.581,0.06022,2,V,1129,I
0,0,,V,1129,V
0.3503,0.01783,2,S,113,-
3.282,0.05854,4,S,113,A
-1.3,-0.1556,7,S,113,C
-2.941,-0.8898,5,S,113,D
-0.8495,-0.07923,5,S,113,E
-1.014,-0.1035,3,S,113,F
-2.2,-0.4404,6,S,113,G
5.083,0.06047,7,S,113,H
-0.6607,-0.05568,11,S,113,I
-3.983,-1.95,2,S,113,K
3.244,0.05845,7,S,113,L
3.639,0.05923,6,S,113,M
3.399,0.0588,2,S,113,N
5.054,0.06046,4,S,113,P
-0.4345,-0.03252,6,S,113,Q
-0.8751,-0.08276,5,S,113,R
0,0,,S,113,S
-1.713,-0.2593,4,S,113,T
1.464,0.04665,4,S,113,V
-3.359,-1.256,5,S,113,W
-0.912,-0.088,4,S,113,Y
-2.389,-0.5328,1,V,1130,G
-3.55,-1.451,1,V,1130,L
-1.57,-0.219,8,V,1130,M
0,0,,V,1130,V
2.453,0.05556,1,S,1131,F
-2.214,-0.4469,1,S,1131,P
0,0,,S,1131,S
-3.426,-1.323,6,S,1131,Y
-0.8296,-0.07653,15,M,1132,I
0,0,,M,1132,M
2.869,0.05736,1,M,1132,T
0.785,0.03291,1,M,1132,V
-5.77,-4.014,1,L,1133,*
0,0,,L,1133,L
-0.7829,-0.07043,1,L,1133,M
-3.933,-1.89,3,L,1133,S
-1.502,-0.2015,1,L,1133,W
0,0,,L,1134,L
0.05118,0.003002,2,L,1134,M
-2.518,-0.6043,1,L,1134,P
2.268,0.05449,4,L,1135,F
0,0,,L,1135,L
-3.666,-1.579,1,L,1135,P
0,0,,C,1136,C
-5.89,-4.112,1,C,1136,G
-1.895,-0.3184,1,C,1136,S
-0.1116,-0.007086,4,C,1136,Y
-9.195,-5.032,3,C,1137,*
0,0,,C,1137,C
-1.405,-0.1785,5,C,1137,F
0.369,0.01862,1,C,1137,R
-5.135,-3.383,1,C,1137,S
-2.604,-0.6553,29,C,1137,Y
-4.914,-3.125,1,C,1138,*
0,0,,C,1138,C
1.749,0.05016,5,C,1138,F
-2.826,-0.8034,3,C,1138,R
-0.7733,-0.06922,4,C,1138,Y
3.195,0.05833,1,S,1139,F
-5.044,-3.279,1,S,1139,P
0,0,,S,1139,S
1.898,0.05164,7,S,1139,Y
-3.166,-1.076,4,S,114,-
-4.602,-2.736,2,S,114,A
-2.855,-0.8249,3,S,114,C
-6.392,-4.445,4,S,114,D
-7.067,-4.734,3,S,114,E
-3.296,-1.195,10,S,114,F
-1.532,-0.209,9,S,114,G
-2.831,-0.8075,3,S,114,H
-4.12,-2.12,3,S,114,I
-13.55,-5.075,7,S,114,K
-5.862,-4.09,3,S,114,L
-7.284,-4.797,3,S,114,M
-1.383,-0.1734,3,S,114,N
-0.7176,-0.06233,7,S,114,P
-4.847,-3.042,8,S,114,Q
-7.002,-4.713,10,S,114,R
0,0,,S,114,S
-3.007,-0.9417,14,S,114,T
-0.6054,-0.04954,9,S,114,V
-5.343,-3.61,4,S,114,W
-2.795,-0.7816,14,S,114,Y
-1.583,-0.2225,1,T,1140,A
-2.13,-0.4099,3,T,1140,I
-2.959,-0.9031,2,T,1140,N
0,0,,T,1140,T
-1.681,-0.25,4,D,115,-
2.385,0.05519,6,D,115,A
-2.464,-0.5737,5,D,115,C
0,0,,D,115,D
-1.865,-0.3082,3,D,115,E
-2.855,-0.8244,3,D,115,F
-2.666,-0.6946,6,D,115,G
-1.156,-0.1276,1,D,115,H
-9.851,-5.053,7,D,115,I
-4.325,-2.38,5,D,115,K
-2.663,-0.6924,4,D,115,M
-3.21,-1.116,10,D,115,N
-5.478,-3.748,1,D,115,P
2.225,0.0542,5,D,115,Q
-5.816,-4.053,5,D,115,R
-0.4819,-0.03696,7,D,115,S
-2.963,-0.9063,4,D,115,T
-3.064,-0.9882,3,D,115,V
-2.94,-0.8883,5,D,115,W
-3.285,-1.185,6,D,115,Y
-0.6223,-0.05138,4,V,116,-
-0.3943,-0.0289,5,V,116,A
4.018,0.05974,3,V,116,C
-4.337,-2.396,2,V,116,D
-9.819,-5.052,5,V,116,E
-1.457,-0.1906,5,V,116,F
0.1796,0.009907,5,V,116,G
1.228,0.04289,3,V,116,H
3.601,0.05917,1,V,116,I
-8.35,-4.976,2,V,116,K
-3.96,-1.922,10,V,116,L
1.361,0.04511,5,V,116,M
-3.597,-1.502,3,V,116,N
-6.852,-4.659,6,V,116,P
-6.636,-4.569,7,V,116,Q
3.922,0.05963,2,V,116,S
-2.469,-0.5761,4,V,116,T
0,0,,V,116,V
0.2237,0.01208,7,V,116,W
-1.445,-0.1878,3,V,116,Y
4.533,0.06019,5,I,117,-
-0.7969,-0.07223,7,I,117,A
-3.308,-1.207,5,I,117,C
-6.6,-4.552,7,I,117,D
-6.116,-4.277,2,I,117,E
-2.515,-0.6025,1,I,117,F
-2.351,-0.5133,2,I,117,G
-9.915,-5.054,3,I,117,H
0,0,,I,117,I
-11.34,-5.07,3,I,117,K
1.451,0.04647,3,I,117,L
-4.077,-2.066,6,I,117,M
-7.107,-4.747,6,I,117,N
-7.021,-4.719,8,I,117,P
-2.145,-0.4164,4,I,117,Q
-10.22,-5.06,8,I,117,R
-8.219,-4.962,3,I,117,S
-3.463,-1.36,6,I,117,T
-1.293,-0.1541,11,I,117,V
-2.82,-0.799,7,I,117,W
-7.654,-4.88,4,I,117,Y
-15.1,-5.075,1,R,118,*
-0.4746,-0.03626,4,R,118,-
-9.624,-5.047,3,R,118,A
-6.113,-4.275,4,R,118,C
-7.082,-4.739,6,R,118,D
-8.935,-5.019,10,R,118,E
-10.57,-5.064,7,R,118,F
-8.409,-4.981,5,R,118,G
-8.932,-5.019,1,R,118,H
-9.198,-5.032,10,R,118,I
-6.939,-4.691,7,R,118,K
-7.59,-4.867,9,R,118,L
-7.904,-4.922,6,R,118,M
-9.542,-5.045,8,R,118,N
-6.231,-4.351,7,R,118,P
-6.062,-4.239,3,R,118,Q
0,0,,R,118,R
-9.082,-5.027,5,R,118,S
-7.513,-4.851,3,R,118,T
-6.369,-4.433,1,R,118,V
-11.35,-5.07,1,R,118,W
-8.796,-5.011,5,R,118,Y
-1.349,-0.166,4,Y,119,-
-1.136,-0.124,10,Y,119,A
2.874,0.05738,4,Y,119,C
-9.376,-5.039,2,Y,119,D
-8.778,-5.01,3,Y,119,E
0.2663,0.01409,3,Y,119,F
-4.204,-2.227,3,Y,119,G
-1.405,-0.1785,3,Y,119,H
-1.678,-0.2491,4,Y,119,I
-3.439,-1.336,6,Y,119,K
-1.122,-0.1215,3,Y,119,L
-1.532,-0.2092,4,Y,119,M
-3.626,-1.534,10,Y,119,N
-10.07,-5.057,8,Y,119,P
-2.891,-0.8513,4,Y,119,Q
-5.849,-4.08,5,Y,119,R
1.065,0.0397,1,Y,119,S
2.47,0.05565,5,Y,119,T
0.7899,0.03305,6,Y,119,V
-1.984,-0.3512,3,Y,119,W
0,0,,Y,119,Y
-0.7729,-0.06916,4,N,120,-
1.602,0.04847,4,N,120,A
-3.191,-1.098,1,N,120,C
-2.799,-0.7847,4,N,120,D
-2.551,-0.6234,3,N,120,E
-2.098,-0.3964,4,N,120,F
-2.489,-0.5876,3,N,120,G
1.988,0.05243,5,N,120,H
0.02108,0.001254,7,N,120,I
-8.173,-4.957,2,N,120,K
-2.639,-0.6774,5,N,120,L
-2.689,-0.7095,6,N,120,M
0,0,,N,120,N
-0.05204,-0.00321,6,N,120,P
-3.035,-0.9643,4,N,120,Q
4.124,0.05986,2,N,120,S
2.324,0.05483,3,N,120,T
-2.556,-0.6265,4,N,120,V
0.8478,0.03461,8,N,120,W
2.398,0.05526,2,N,120,Y
-5.739,-3.989,5,I,121,-
-3.733,-1.654,3,I,121,A
-3.542,-1.443,5,I,121,C
-2.837,-0.8114,1,I,121,D
3.079,0.05802,3,I,121,E
0.8953,0.03582,4,I,121,F
-5.332,-3.6,4,I,121,G
3.949,0.05967,3,I,121,H
0,0,,I,121,I
-3.393,-1.289,2,I,121,K
1.673,0.04932,5,I,121,L
4.727,0.06031,5,I,121,M
-0.1245,-0.007959,3,I,121,N
0.9365,0.03683,2,I,121,P
-2.108,-0.4003,4,I,121,Q
-1.412,-0.18,6,I,121,R
-0.804,-0.07316,2,I,121,S
3.394,0.05878,5,I,121,T
-2.81,-0.7924,2,I,121,V
1.189,0.04217,3,I,121,W
1.222,0.04278,5,I,121,Y
1.769,0.05038,3,N,122,-
-1.191,-0.1341,4,N,122,A
7.128,0.0608,3,N,122,C
-3.376,-1.273,4,N,122,D
-3.56,-1.462,6,N,122,E
0.6438,0.02871,6,N,122,F
-3.036,-0.9655,2,N,122,G
3.875,0.05957,2,N,122,H
1.334,0.04469,2,N,122,I
-3.619,-1.527,3,N,122,K
-2.885,-0.8472,2,N,122,L
7.376,0.06081,7,N,122,M
0,0,,N,122,N
1.315,0.04438,6,N,122,P
3.512,0.05901,5,N,122,Q
0.4487,0.02183,5,N,122,R
-0.3094,-0.02171,10,N,122,S
-1.137,-0.1243,5,N,122,T
0.461,0.02231,4,N,122,V
-1.058,-0.1106,4,N,122,W
1.607,0.04853,3,N,122,Y
0.1377,0.007745,1,F,123,-
1.096,0.04036,5,F,123,A
-1.744,-0.2688,4,F,123,C
3.561,0.0591,4,F,123,D
-1.381,-0.173,3,F,123,E
0,0,,F,123,F
1.726,0.04992,1,F,123,G
5.56,0.06061,6,F,123,H
2.181,0.0539,7,F,123,I
5.36,0.06056,2,F,123,K
3.52,0.05903,9,F,123,L
-2.579,-0.6399,3,F,123,M
4.515,0.06018,3,F,123,N
-1.873,-0.311,4,F,123,P
2.647,0.05649,2,F,123,Q
-0.5005,-0.03876,5,F,123,R
-1.488,-0.198,3,F,123,S
2.781,0.05704,4,F,123,T
1.076,0.03994,6,F,123,V
-2.572,-0.636,6,F,123,W
-9.185,-5.032,11,E,124,*
-2.548,-0.6217,3,E,124,A
0.9703,0.03762,3,E,124,C
-1.623,-0.2334,13,E,124,D
0,0,,E,124,E
-3.526,-1.426,2,E,124,F
1.412,0.04589,2,E,124,G
-2.96,-0.9044,5,E,124,H
-0.2306,-0.01554,5,E,124,I
1.332,0.04465,7,E,124,K
2.128,0.05353,4,E,124,L
-0.7279,-0.06358,6,E,124,M
-3.555,-1.457,2,E,124,N
-3.35,-1.247,3,E,124,P
0.8089,0.03357,1,E,124,Q
-3.412,-1.308,4,E,124,R
-1.711,-0.2587,1,E,124,S
-4.248,-2.282,3,E,124,T
0.4514,0.02194,4,E,124,V
-8.721,-5.006,3,E,124,W
-2.597,-0.6511,2,E,124,Y
0.7043,0.03058,4,R,125,A
-4.654,-2.801,4,R,125,C
-0.07018,-0.004368,2,R,125,D
1.848,0.05117,3,R,125,E
1.46,0.04659,5,R,125,F
1.323,0.04451,1,R,125,G
-4.684,-2.84,1,R,125,H
-0.6513,-0.0546,5,R,125,I
-2.212,-0.4459,5,R,125,K
-1.875,-0.3115,7,R,125,L
-1.817,-0.292,4,R,125,M
4.571,0.06021,2,R,125,N
-2.135,-0.4118,5,R,125,P
2.295,0.05466,11,R,125,Q
0,0,,R,125,R
-0.6769,-0.05753,3,R,125,S
3.942,0.05966,8,R,125,T
1.576,0.04814,8,R,125,V
-0.3621,-0.0261,6,R,125,W
1.63,0.04881,8,R,125,Y
2.977,0.05772,6,N,126,A
6.823,0.06078,6,N,126,C
1.922,0.05186,3,N,126,D
-2.06,-0.3806,6,N,126,E
-0.9842,-0.0988,3,N,126,F
1.229,0.04289,7,N,126,G
2.944,0.05761,6,N,126,H
6.174,0.06072,5,N,126,I
-1.797,-0.2855,2,N,126,K
2.047,0.05291,7,N,126,L
0.317,0.01639,4,N,126,M
0,0,,N,126,N
1.093,0.04029,8,N,126,P
1.449,0.04644,7,N,126,Q
1.52,0.04742,5,N,126,R
-0.8164,-0.07478,4,N,126,S
-1.624,-0.2336,2,N,126,T
2.946,0.05762,1,N,126,V
1.398,0.04568,6,N,126,W
3.292,0.05856,5,N,126,Y
2.234,0.05427,2,L,127,A
-2.239,-0.4586,4,L,127,C
-1.268,-0.1491,1,L,127,D
6.663,0.06077,5,L,127,E
-0.3942,-0.02889,9,L,127,F
-3.066,-0.9899,6,L,127,G
-1.177,-0.1315,5,L,127,H
4.138,0.05987,11,L,127,I
-2.104,-0.399,4,L,127,K
0,0,,L,127,L
-0.2808,-0.01942,2,L,127,M
-1.992,-0.3541,7,L,127,N
1.704,0.04967,6,L,127,P
1.395,0.04564,7,L,127,Q
-2.285,-0.4803,3,L,127,R
3.079,0.05802,2,L,127,S
2.025,0.05274,4,L,127,T
1.624,0.04874,4,L,127,V
-2.286,-0.4809,4,L,127,W
3.673,0.05929,5,L,127,Y
-1.399,-0.1771,1,R,128,A
3.421,0.05884,5,R,128,C
4.21,0.05994,4,R,128,D
0.2189,0.01185,4,R,128,E
-1.505,-0.2024,6,R,128,F
-1.666,-0.2454,2,R,128,G
3.822,0.0595,8,R,128,H
-3.746,-1.669,2,R,128,I
0.01957,0.001165,5,R,128,K
1.337,0.04473,9,R,128,L
3.123,0.05814,4,R,128,M
-0.362,-0.0261,6,R,128,N
-2.902,-0.8592,2,R,128,P
0.1821,0.01003,6,R,128,Q
0,0,,R,128,R
1.407,0.04582,10,R,128,S
2.509,0.05585,4,R,128,T
-4.739,-2.908,1,R,128,V
-2.713,-0.7251,4,R,128,W
-1.406,-0.1786,8,R,128,Y
-2.089,-0.3925,1,R,129,*
1.956,0.05216,3,R,129,A
-1.322,-0.1602,3,R,129,C
-1.874,-0.3114,9,R,129,D
-4.119,-2.119,2,R,129,E
-0.04799,-0.002954,2,R,129,F
0.4622,0.02235,4,R,129,G
-2.207,-0.4437,7,R,129,H
-3.341,-1.239,11,R,129,I
-1.231,-0.1417,4,R,129,K
-0.2129,-0.01422,6,R,129,L
-1.218,-0.1392,4,R,129,M
-0.1132,-0.007197,2,R,129,N
-1.609,-0.2295,5,R,129,P
-2.69,-0.71,1,R,129,Q
0,0,,R,129,R
-2.544,-0.6193,8,R,129,S
-2.728,-0.7355,4,R,129,T
-2.508,-0.598,5,R,129,V
1.002,0.03834,1,R,129,W
-1.483,-0.1969,2,R,129,Y
-4.305,-2.355,8,G,130,A
-3.902,-1.852,15,G,130,C
-4.589,-2.719,10,G,130,D
-3.191,-1.098,1,G,130,F
0,0,,G,130,G
1.001,0.03832,6,G,130,H
-1.579,-0.2214,4,G,130,I
-1.98,-0.3496,3,G,130,K
-3.914,-1.867,4,G,130,L
-0.358,-0.02575,3,G,130,N
-0.1866,-0.01231,3,G,130,P
-3.24,-1.143,10,G,130,Q
1.09,0.04023,1,G,130,R
-8.785,-5.011,2,G,130,S
-2.362,-0.519,10,G,130,T
-4.17,-2.184,10,G,130,V
-4.399,-2.475,3,G,130,W
-0.7211,-0.06276,1,T,131,-
-2.943,-0.8914,6,T,131,A
-1.714,-0.2595,5,T,131,C
-3.361,-1.258,5,T,131,D
-3.309,-1.207,6,T,131,E
-0.772,-0.06905,6,T,131,F
7.28,0.06081,6,T,131,G
-4.533,-2.647,3,T,131,H
-3.165,-1.075,12,T,131,I
-1.754,-0.272,3,T,131,K
-2.138,-0.4134,2,T,131,L
-1.686,-0.2514,1,T,131,M
2.517,0.05589,8,T,131,N
4.735,0.06031,5,T,131,P
-1.669,-0.2463,9,T,131,Q
0.4132,0.02043,4,T,131,R
-3.748,-1.671,6,T,131,S
0,0,,T,131,T
0.8193,0.03385,7,T,131,V
-3.265,-1.166,3,T,131,W
-0.9764,-0.0976,5,T,131,Y
-1.766,-0.2757,2,I,132,-
-3.686,-1.601,2,I,132,A
-3.545,-1.446,5,I,132,C
-7.56,-4.861,3,I,132,D
-13.05,-5.074,4,I,132,E
-4.296,-2.343,3,I,132,F
-7,-4.712,4,I,132,G
-0.4121,-0.03048,2,I,132,H
0,0,,I,132,I
-9.387,-5.04,2,I,132,K
-0.02345,-0.001426,3,I,132,L
-3.291,-1.191,3,I,132,M
-7.763,-4.899,6,I,132,N
-4.472,-2.569,2,I,132,P
-5.566,-3.833,7,I,132,Q
-7.06,-4.732,5,I,132,R
-6.097,-4.264,2,I,132,S
-2.293,-0.4845,6,I,132,T
-2.658,-0.6896,3,I,132,V
-4.302,-2.351,4,I,132,Y
-0.1776,-0.01166,2,L,133,-
-3.699,-1.615,7,L,133,A
-4.051,-2.034,5,L,133,C
2.643,0.05648,1,L,133,D
-1.714,-0.2595,4,L,133,E
-3.562,-1.465,5,L,133,F
2.032,0.05279,5,L,133,G
-1.765,-0.2754,3,L,133,H
-1.78,-0.2801,4,L,133,I
-0.03587,-0.002195,1,L,133,K
0,0,,L,133,L
-3.23,-1.133,10,L,133,M
-1.572,-0.2197,5,L,133,N
-4.902,-3.11,4,L,133,P
2.741,0.05688,2,L,133,Q
0.7679,0.03244,6,L,133,R
-3.267,-1.168,5,L,133,S
-3.989,-1.958,2,L,133,T
-2.354,-0.515,3,L,133,V
-2.877,-0.8411,2,L,133,W
-0.9592,-0.09498,5,L,133,Y
0.6956,0.03032,3,F,134,-
0.01956,0.001165,5,F,134,A
-3.657,-1.568,2,F,134,C
-5.829,-4.063,5,F,134,D
-5.542,-3.81,1,F,134,E
0,0,,F,134,F
-2.794,-0.7805,2,F,134,G
-3.541,-1.442,8,F,134,H
2.838,0.05725,2,F,134,I
-4.119,-2.119,2,F,134,K
-3.103,-1.022,3,F,134,L
-2.039,-0.3722,2,F,134,M
-5.086,-3.328,3,F,134,N
-9.084,-5.027,4,F,134,P
-7.587,-4.867,5,F,134,Q
-3.689,-1.604,5,F,134,S
-3.637,-1.547,7,F,134,T
-2.832,-0.8077,6,F,134,V
6.209,0.06073,6,F,134,W
-3.148,-1.06,5,F,134,Y
1.244,0.04317,1,K,135,-
0.5931,0.02704,4,K,135,A
-0.0836,-0.005238,6,K,135,C
-0.2931,-0.02039,4,K,135,D
-0.4717,-0.03599,10,K,135,E
2.879,0.05739,11,K,135,F
3.899,0.0596,3,K,135,G
1.173,0.04187,6,K,135,H
-3.121,-1.037,4,K,135,I
0,0,,K,135,K
1.586,0.04828,5,K,135,L
-2.019,-0.3644,3,K,135,M
-2.656,-0.688,20,K,135,N
-4.055,-2.039,4,K,135,P
0.7268,0.03125,4,K,135,Q
-0.3159,-0.02224,5,K,135,R
-2.562,-0.63,5,K,135,S
-1.737,-0.2666,5,K,135,T
4.358,0.06006,4,K,135,V
-0.5973,-0.04867,5,K,135,W
-0.4565,-0.03455,2,K,135,Y
-0.876,-0.08289,1,T,136,-
1.249,0.04325,7,T,136,A
-2.176,-0.43,4,T,136,C
-4.006,-1.979,6,T,136,E
-3.684,-1.598,3,T,136,F
2.751,0.05692,4,T,136,H
-2.654,-0.6869,10,T,136,I
2.474,0.05567,4,T,136,K
-2.48,-0.5823,6,T,136,L
-2.273,-0.4748,4,T,136,M
-0.09165,-0.005765,4,T,136,N
-4.194,-2.214,4,T,136,P
0.5301,0.02486,2,T,136,Q
-1.854,-0.3043,3,T,136,R
-0.9965,-0.1007,5,T,136,S
0,0,,T,136,T
-1.86,-0.3065,2,T,136,V
-2.926,-0.8778,1,T,136,W
-0.8055,-0.07336,4,T,136,Y
-1.045,-0.1085,1,S,137,-
-1.93,-0.3309,2,S,137,A
-1.092,-0.1163,2,S,137,C
-1.546,-0.2128,4,S,137,D
5.158,0.0605,4,S,137,E
-2.305,-0.49,4,S,137,F
-0.5282,-0.0415,4,S,137,G
-2.384,-0.5305,1,S,137,H
0.1255,0.007102,15,S,137,I
4.565,0.06021,6,S,137,K
-1.981,-0.3501,4,S,137,L
-1.37,-0.1705,4,S,137,M
-1.055,-0.1102,8,S,137,N
-2.3,-0.4878,1,S,137,P
-2.512,-0.6007,1,S,137,Q
1.72,0.04985,11,S,137,R
0,0,,S,137,S
-1.765,-0.2753,3,S,137,T
-1.464,-0.1923,6,S,137,V
-2.756,-0.7543,5,S,137,W
-3.383,-1.279,9,S,137,Y
-9.066,-5.026,1,Y,138,*
-3.23,-1.134,3,Y,138,-
-1.817,-0.292,3,Y,138,A
-0.151,-0.009784,7,Y,138,C
-0.4968,-0.0384,3,Y,138,D
2.37,0.0551,5,Y,138,E
2.732,0.05685,5,Y,138,F
-2.568,-0.6334,2,Y,138,G
3.516,0.05902,4,Y,138,H
3.334,0.05866,5,Y,138,I
-2.965,-0.9083,3,Y,138,K
3.3,0.05858,5,Y,138,L
3.73,0.05937,1,Y,138,M
-3.914,-1.867,5,Y,138,N
-1.858,-0.3058,3,Y,138,P
0.9799,0.03784,7,Y,138,Q
-4.197,-2.218,3,Y,138,R
-0.2682,-0.01843,9,Y,138,S
-0.1254,-0.008022,7,Y,138,T
-2.701,-0.7176,2,Y,138,V
-0.05882,-0.003641,2,Y,138,W
0,0,,Y,138,Y
-4.8,-2.984,4,G,139,-
-0.3205,-0.02261,7,G,139,A
-5.222,-3.481,17,G,139,C
0.9344,0.03677,12,G,139,D
1.297,0.04408,2,G,139,E
-3.882,-1.829,8,G,139,F
0,0,,G,139,G
-3.879,-1.824,1,G,139,H
-4.627,-2.767,6,G,139,I
-1.38,-0.1727,3,G,139,K
-2.062,-0.3817,5,G,139,L
-5.385,-3.655,2,G,139,M
2.572,0.05615,2,G,139,N
-4.548,-2.667,4,G,139,P
-0.2264,-0.01523,4,G,139,Q
-1.796,-0.2853,3,G,139,R
-3.038,-0.9667,6,G,139,S
-2.53,-0.611,1,G,139,T
-6.83,-4.65,5,G,139,V
-4.496,-2.6,4,G,139,W
5.025,0.06045,5,G,139,Y
-1.682,-0.2502,1,V,140,-
3.555,0.05909,6,V,140,A
2.255,0.0544,3,V,140,C
-0.08255,-0.005169,4,V,140,D
-0.5692,-0.04569,5,V,140,E
-0.09343,-0.005882,4,V,140,F
-0.2538,-0.01731,2,V,140,G
-0.5757,-0.04637,4,V,140,I
0.06216,0.003626,2,V,140,K
-1.716,-0.2601,11,V,140,L
-1.469,-0.1934,5,V,140,M
2.965,0.05768,6,V,140,N
3.344,0.05868,1,V,140,P
-1.761,-0.274,8,V,140,Q
1.107,0.04057,5,V,140,R
-0.1741,-0.01141,3,V,140,S
-0.274,-0.01888,1,V,140,T
0,0,,V,140,V
-0.673,-0.05709,1,V,140,W
2.471,0.05565,5,V,140,Y
-1.877,-0.3123,2,V,141,-
-3.322,-1.22,3,V,141,A
3.042,0.05791,7,V,141,C
1.471,0.04674,5,V,141,D
2.461,0.0556,2,V,141,E
2.282,0.05457,6,V,141,F
0.9688,0.03758,3,V,141,G
-1.319,-0.1595,3,V,141,H
1.938,0.052,4,V,141,I
2.061,0.05302,5,V,141,K
2.472,0.05566,7,V,141,L
4.091,0.05982,6,V,141,M
6.495,0.06076,5,V,141,N
-7.138,-4.756,4,V,141,P
-2.293,-0.4841,1,V,141,Q
1.912,0.05177,3,V,141,R
2.989,0.05775,3,V,141,S
2.876,0.05738,5,V,141,T
0,0,,V,141,V
4.236,0.05996,5,V,141,W
4.147,0.05988,3,V,141,Y
-1.623,-0.2333,3,V,142,-
-2.654,-0.6866,3,V,142,A
-1.219,-0.1393,3,V,142,C
-0.06653,-0.004134,5,V,142,D
-2.08,-0.389,7,V,142,E
-1.953,-0.3396,4,V,142,F
-5.481,-3.751,4,V,142,G
1.99,0.05244,4,V,142,H
-1.518,-0.2056,3,V,142,I
2.942,0.0576,2,V,142,K
-0.2803,-0.01938,8,V,142,L
-2.349,-0.5124,9,V,142,M
1.346,0.04488,4,V,142,P
5.561,0.06061,4,V,142,Q
0.8226,0.03394,1,V,142,R
-3.043,-0.971,7,V,142,S
0.8924,0.03575,2,V,142,T
0,0,,V,142,V
2.253,0.05439,4,V,142,W
-0.3905,-0.02857,7,V,142,Y
-3.16,-1.07,5,F,143,-
-4.758,-2.932,6,F,143,A
-5.164,-3.416,4,F,143,C
-8.361,-4.977,3,F,143,D
-4.771,-2.949,4,F,143,E
0,0,,F,143,F
-9.304,-5.036,3,F,143,G
-3.011,-0.945,4,F,143,H
-8.288,-4.97,2,F,143,I
-10.85,-5.067,1,F,143,K
-2.355,-0.5151,17,F,143,L
-2.773,-0.7659,4,F,143,M
-7.103,-4.745,4,F,143,N
-3.334,-1.232,7,F,143,P
-13.35,-5.075,4,F,143,Q
-9.816,-5.052,6,F,143,R
-4.714,-2.877,5,F,143,S
-4.446,-2.535,3,F,143,T
-4.946,-3.163,3,F,143,V
1.205,0.04245,2,F,143,W
-2.594,-0.6494,5,F,143,Y
-0.4861,-0.03736,1,Y,144,*
-3.058,-0.9834,5,Y,144,-
-10.13,-5.058,1,Y,144,A
-6.135,-4.29,6,Y,144,C
-7.728,-4.893,4,Y,144,D
-9.095,-5.028,1,Y,144,E
3.358,0.05871,3,Y,144,F
-2.916,-0.8703,2,Y,144,G
-2.631,-0.6721,6,Y,144,H
-6.144,-4.295,5,Y,144,I
-4.45,-2.541,6,Y,144,K
-5.251,-3.513,6,Y,144,L
-5.836,-4.069,6,Y,144,M
-6.239,-4.356,5,Y,144,N
-5.684,-3.94,3,Y,144,P
-10.65,-5.065,7,Y,144,Q
-4.491,-2.594,2,Y,144,R
-1.455,-0.1901,1,Y,144,S
-9.328,-5.037,7,Y,144,T
-5.717,-3.969,7,Y,144,V
-2.805,-0.7886,3,Y,144,W
0,0,,Y,144,Y
-2.254,-0.4658,1,C,145,*
-1.492,-0.1991,5,C,145,-
-3.368,-1.265,1,C,145,A
0,0,,C,145,C
-6.951,-4.695,6,C,145,D
-12.24,-5.073,1,C,145,E
-6.281,-4.382,4,C,145,F
-9.262,-5.035,2,C,145,G
-8.932,-5.019,1,C,145,H
-5.561,-3.828,5,C,145,I
-2.246,-0.4618,2,C,145,K
-8.867,-5.016,2,C,145,L
-4.423,-2.506,3,C,145,M
-4.642,-2.787,5,C,145,N
-6.484,-4.495,4,C,145,P
-0.9857,-0.09904,3,C,145,Q
-3.766,-1.691,5,C,145,R
-4.703,-2.863,2,C,145,S
-8.85,-5.015,1,C,145,T
-5.849,-4.08,5,C,145,V
-3.119,-1.035,5,C,145,W
-12.14,-5.073,19,C,145,Y
-3.338,-1.236,6,T,146,-
-3.997,-1.968,7,T,146,A
-4.398,-2.475,2,T,146,C
-4.061,-2.047,8,T,146,D
-4.894,-3.1,4,T,146,F
-4.714,-2.877,6,T,146,G
-3.9,-1.85,8,T,146,H
-4.396,-2.472,7,T,146,I
0.8835,0.03552,6,T,146,K
-6.283,-4.383,4,T,146,L
-5.435,-3.705,5,T,146,M
-1.238,-0.1431,9,T,146,P
-3.573,-1.477,5,T,146,Q
-0.1035,-0.006546,6,T,146,R
4.317,0.06003,3,T,146,S
0,0,,T,146,T
-3.524,-1.424,3,T,146,V
-5.147,-3.397,2,T,146,W
-4.938,-3.153,5,T,146,Y
-0.6579,-0.05535,4,N,147,-
-3.595,-1.501,5,N,147,C
-0.9365,-0.09158,8,N,147,D
-2.742,-0.7448,2,N,147,E
-4.096,-2.09,4,N,147,F
-4.345,-2.407,5,N,147,G
-4.871,-3.072,7,N,147,H
-4.052,-2.036,7,N,147,I
-4.707,-2.869,8,N,147,K
-4.608,-2.743,3,N,147,L
-4.199,-2.22,5,N,147,M
0,0,,N,147,N
-2.509,-0.5987,6,N,147,P
-1.997,-0.356,7,N,147,Q
-4.433,-2.52,3,N,147,R
-3.785,-1.713,4,N,147,S
-2.472,-0.5781,4,N,147,T
-3.261,-1.163,5,N,147,V
-4.547,-2.665,4,N,147,W
-3.333,-1.231,8,N,147,Y
-2.149,-0.4182,3,N,148,-
-8.413,-4.982,6,N,148,A
-2.013,-0.3623,3,N,148,C
1.26,0.04344,2,N,148,D
-2.185,-0.4339,5,N,148,E
-0.8221,-0.07555,8,N,148,F
-2.546,-0.6202,6,N,148,G
-0.999,-0.1011,6,N,148,H
-3.648,-1.558,5,N,148,I
-4.028,-2.005,6,N,148,K
-2.768,-0.7625,1,N,148,L
-0.7196,-0.06257,10,N,148,M
0,0,,N,148,N
-3.61,-1.517,4,N,148,P
-0.2054,-0.01367,4,N,148,R
-0.8858,-0.08426,5,N,148,S
-0.04811,-0.002962,9,N,148,T
-3.593,-1.498,4,N,148,V
-3.447,-1.344,5,N,148,W
-2.223,-0.4509,3,N,148,Y
-3.101,-1.02,3,T,149,-
-1.838,-0.2989,6,T,149,A
-3.098,-1.017,4,T,149,C
-4.715,-2.879,3,T,149,D
-4.354,-2.418,9,T,149,E
-2.183,-0.4332,6,T,149,F
-2.642,-0.6794,3,T,149,G
-1.926,-0.3297,5,T,149,H
2.437,0.05547,4,T,149,I
-2.281,-0.4785,1,T,149,K
-2.069,-0.3844,5,T,149,L
-2.797,-0.7828,4,T,149,M
-3.971,-1.935,6,T,149,N
-0.7196,-0.06258,3,T,149,P
-3.052,-0.9787,6,T,149,Q
1.316,0.04438,2,T,149,R
-1.84,-0.2996,4,T,149,S
0,0,,T,149,T
-3.207,-1.113,2,T,149,V
-3.358,-1.255,5,T,149,W
-0.5002,-0.03873,4,T,149,Y
-3.492,-1.39,3,L,150,-
3.544,0.05907,4,L,150,A
0.154,0.008597,5,L,150,E
-5.039,-3.273,1,L,150,F
-0.9004,-0.08633,7,L,150,G
-0.08026,-0.00502,1,L,150,H
-2.012,-0.3619,4,L,150,I
1.139,0.04122,1,L,150,K
0,0,,L,150,L
-0.2559,-0.01748,12,L,150,M
0.2333,0.01254,1,L,150,N
3.956,0.05967,6,L,150,P
5.226,0.06052,6,L,150,Q
1.047,0.03933,5,L,150,R
-2.23,-0.4546,3,L,150,S
3.842,0.05953,3,L,150,T
-1.625,-0.2339,4,L,150,V
-3.034,-0.9639,1,L,150,W
10.39,0.06085,2,L,150,Y
-1.013,-0.1034,3,V,151,-
4.026,0.05975,6,V,151,A
-2.78,-0.7713,3,V,151,C
-3.072,-0.9947,1,V,151,D
-2.835,-0.81,6,V,151,E
0.4652,0.02247,4,V,151,F
2.077,0.05315,6,V,151,G
-0.5427,-0.04297,6,V,151,H
-1.411,-0.1798,9,V,151,I
3.97,0.05969,2,V,151,K
1.024,0.03884,6,V,151,L
1.834,0.05104,2,V,151,M
-0.5128,-0.03996,6,V,151,P
3.759,0.05942,5,V,151,Q
0.4836,0.02316,2,V,151,R
-2.668,-0.6957,2,V,151,S
1.852,0.0512,3,V,151,T
0,0,,V,151,V
-0.1583,-0.01029,7,V,151,W
6.162,0.06072,2,V,151,Y
-1.633,-0.2361,4,S,152,-
1.808,0.05078,3,S,152,A
-4.377,-2.447,2,S,152,C
-4.237,-2.269,2,S,152,D
-2.702,-0.7182,4,S,152,E
-0.4348,-0.03254,6,S,152,F
-2.583,-0.6425,5,S,152,G
4.416,0.06011,6,S,152,H
2.03,0.05277,6,S,152,I
-0.54,-0.04269,2,S,152,K
5.174,0.0605,2,S,152,L
-1.901,-0.3208,5,S,152,M
-3.979,-1.945,6,S,152,N
0.1183,0.006719,3,S,152,P
7.76,0.06083,3,S,152,Q
-2.355,-0.5154,6,S,152,R
0,0,,S,152,S
1.197,0.04231,3,S,152,T
-3.282,-1.182,4,S,152,V
-3.398,-1.295,4,S,152,W
-1.735,-0.2659,10,S,152,Y
1.648,0.04903,4,G,153,-
-2.332,-0.5035,15,G,153,C
-2.39,-0.5334,8,G,153,D
-2.278,-0.4772,3,G,153,E
-2.764,-0.7597,5,G,153,F
0,0,,G,153,G
-2.718,-0.7284,5,G,153,H
-2.796,-0.7822,4,G,153,I
4.157,0.05989,3,G,153,K
-2.734,-0.7394,7,G,153,L
-0.6801,-0.0579,3,G,153,M
1.831,0.05101,3,G,153,N
-1.364,-0.1692,4,G,153,P
-0.7933,-0.07176,5,G,153,Q
1.407,0.04582,3,G,153,R
-0.4607,-0.03495,8,G,153,S
1.156,0.04153,6,G,153,T
1.528,0.04752,11,G,153,V
-3.548,-1.449,6,G,153,W
-0.1591,-0.01035,3,G,153,Y
-0.9825,-0.09854,3,D,154,-
-1.019,-0.1043,7,D,154,A
-3.26,-1.161,3,D,154,C
0,0,,D,154,D
1.341,0.04479,7,D,154,E
2.203,0.05406,4,D,154,F
-0.6219,-0.05133,7,D,154,G
-1.506,-0.2026,4,D,154,H
3.439,0.05888,1,D,154,I
6.746,0.06078,5,D,154,K
-1.438,-0.186,4,D,154,L
0.2786,0.01466,5,D,154,M
-2.157,-0.4213,11,D,154,N
-0.8311,-0.07674,2,D,154,P
1.669,0.04928,5,D,154,Q
0.5747,0.02642,4,D,154,R
3.119,0.05813,3,D,154,S
-6.124,-4.282,6,D,154,T
-1.469,-0.1935,1,D,154,V
-0.3885,-0.02839,1,D,154,W
4.537,0.06019,10,D,154,Y
2.264,0.05446,3,A,155,-
0,0,,A,155,A
-3.18,-1.089,4,A,155,C
0.641,0.02862,9,A,155,D
4.18,0.05991,2,A,155,E
-1.351,-0.1663,2,A,155,F
-1.11,-0.1195,3,A,155,G
1.391,0.04558,1,A,155,H
-2.602,-0.6545,6,A,155,I
2.057,0.05299,7,A,155,K
0.1171,0.006651,3,A,155,L
-2.949,-0.8958,4,A,155,M
-1.203,-0.1364,5,A,155,N
0.1358,0.007645,4,A,155,P
-2.748,-0.7487,9,A,155,Q
-1.189,-0.1337,4,A,155,R
-0.409,-0.03021,3,A,155,S
-2.12,-0.4057,11,A,155,T
-1.901,-0.3206,13,A,155,V
0.352,0.0179,4,A,155,W
0.474,0.0228,7,A,155,Y
1.629,0.0488,3,H,156,-
-5.34,-3.608,1,H,156,A
0.009485,0.0005676,8,H,156,C
-1.823,-0.294,4,H,156,D
-1.237,-0.1429,9,H,156,E
3.323,0.05863,3,H,156,F
-1.576,-0.2206,3,H,156,G
0,0,,H,156,H
0.2539,0.01352,5,H,156,I
-1.085,-0.1152,3,H,156,K
3.786,0.05946,1,H,156,L
0.4905,0.02342,3,H,156,M
-1.013,-0.1032,9,H,156,N
-2.662,-0.6919,7,H,156,P
-1.117,-0.1206,5,H,156,Q
-2.385,-0.5307,8,H,156,R
3.482,0.05896,2,H,156,S
-1.153,-0.1271,3,H,156,T
-2.907,-0.8632,3,H,156,V
0.7027,0.03053,9,H,156,W
5.135,0.06049,9,H,156,Y
-0.2716,-0.0187,3,I,157,-
-0.8694,-0.08196,3,I,157,A
-5.578,-3.844,2,I,157,C
-0.4398,-0.033,5,I,157,D
3.189,0.05831,1,I,157,E
-1.056,-0.1103,3,I,157,F
-2.389,-0.533,2,I,157,G
-2.875,-0.8397,4,I,157,H
0,0,,I,157,I
3.684,0.0593,1,I,157,K
3.628,0.05922,5,I,157,L
0.1632,0.009073,6,I,157,M
-4.048,-2.031,2,I,157,N
-1.63,-0.2353,5,I,157,P
-2.928,-0.8798,5,I,157,Q
-1.654,-0.242,4,I,157,R
0.9047,0.03605,4,I,157,S
-4.756,-2.93,4,I,157,T
2.034,0.05281,9,I,157,V
5.373,0.06057,4,I,157,W
0.9731,0.03768,6,I,157,Y
0.7674,0.03242,3,P,158,-
-1.53,-0.2085,7,P,158,A
-9.224,-5.033,6,P,158,C
-2.866,-0.8329,4,P,158,D
3.657,0.05926,1,P,158,E
0.9335,0.03675,3,P,158,F
7.551,0.06082,5,P,158,G
-0.8625,-0.081,11,P,158,H
-1.01,-0.1028,2,P,158,I
-1.217,-0.139,6,P,158,K
-0.6777,-0.05763,8,P,158,L
-2.85,-0.8207,3,P,158,M
-0.935,-0.09136,13,P,158,N
0,0,,P,158,P
-2.334,-0.5045,5,P,158,Q
0.00011,6.735e-06,5,P,158,R
-1.804,-0.2876,8,P,158,S
-0.8309,-0.07672,9,P,158,T
-1.368,-0.1702,4,P,158,V
-2.229,-0.4538,5,P,158,W
-2.923,-0.8757,3,P,158,Y
-0.3475,-0.02486,3,F,159,-
-2.603,-0.655,4,F,159,A
3.647,0.05925,1,F,159,C
2.777,0.05702,1,F,159,D
3.421,0.05884,2,F,159,E
0,0,,F,159,F
0.8167,0.03378,6,F,159,G
-0.225,-0.01513,5,F,159,H
2.651,0.05651,4,F,159,I
0.4864,0.02327,2,F,159,K
-0.6732,-0.0571,6,F,159,L
-1.197,-0.1351,3,F,159,M
0.02394,0.001423,6,F,159,N
0.4478,0.0218,10,F,159,P
4.53,0.06019,5,F,159,R
3.271,0.05851,5,F,159,S
-0.0917,-0.005768,5,F,159,T
0.1016,0.005818,5,F,159,V
-1.136,-0.1239,1,F,159,W
-0.9498,-0.09356,6,F,159,Y
0.7629,0.0323,3,G,160,-
-4.089,-2.081,8,G,160,A
-7.965,-4.931,14,G,160,C
-0.7309,-0.06394,9,G,160,D
-3.036,-0.9655,8,G,160,E
-6.235,-4.354,3,G,160,F
0,0,,G,160,G
-5.121,-3.368,3,G,160,I
-2.309,-0.492,2,G,160,K
-4.826,-3.017,7,G,160,L
-6.734,-4.612,2,G,160,M
-2.473,-0.5787,3,G,160,N
0.2548,0.01356,3,G,160,P
-4.232,-2.262,9,G,160,Q
-4.809,-2.996,6,G,160,R
-3.802,-1.734,12,G,160,S
-4.993,-3.219,3,G,160,T
-3.625,-1.532,6,G,160,V
-4.89,-3.095,2,G,160,W
-6.021,-4.211,10,G,160,Y
0.9423,0.03696,3,T,161,-
1.446,0.04639,6,T,161,A
-1.01,-0.1028,6,T,161,C
2.163,0.05378,7,T,161,D
4.957,0.06042,5,T,161,E
1.268,0.04359,9,T,161,F
-1.43,-0.1842,2,T,161,G
-1.132,-0.1234,3,T,161,H
-0.3557,-0.02556,10,T,161,I
1.765,0.05033,4,T,161,K
-2.12,-0.4057,3,T,161,L
0.5259,0.02471,5,T,161,M
-1.731,-0.2647,6,T,161,N
0.8859,0.03558,9,T,161,P
-2.502,-0.5948,6,T,161,Q
-2.135,-0.4122,3,T,161,R
-1.095,-0.1169,10,T,161,S
0,0,,T,161,T
-3.118,-1.034,5,T,161,V
7.435,0.06082,5,T,161,W
-0.04814,-0.002963,6,T,161,Y
0.3155,0.01632,3,V,162,-
1.232,0.04295,3,V,162,A
-1.917,-0.3265,7,V,162,C
3.6,0.05917,1,V,162,D
-2.718,-0.7284,4,V,162,E
-2.595,-0.6501,3,V,162,F
2.301,0.05469,9,V,162,G
-1.609,-0.2295,2,V,162,H
3.539,0.05906,4,V,162,I
0.3638,0.0184,8,V,162,K
-0.9396,-0.09203,9,V,162,L
2.92,0.05753,10,V,162,M
0.7647,0.03235,4,V,162,N
-3.51,-1.409,3,V,162,P
2.882,0.0574,2,V,162,Q
0.7182,0.031,4,V,162,R
-0.9298,-0.09059,3,V,162,S
1.38,0.04541,4,V,162,T
0,0,,V,162,V
0.1038,0.005938,5,V,162,W
2.164,0.05379,2,V,162,Y
-2.174,-0.429,4,L,163,-
2.737,0.05687,3,L,163,A
4.441,0.06013,6,L,163,C
-1.337,-0.1634,2,L,163,D
0.9212,0.03646,5,L,163,E
-1.989,-0.3531,2,L,163,F
1.171,0.04183,2,L,163,G
0.2744,0.01447,3,L,163,H
-3.78,-1.709,3,L,163,I
2.707,0.05674,3,L,163,K
0,0,,L,163,L
1.031,0.03898,7,L,163,M
-2.563,-0.6307,3,L,163,N
-2.818,-0.7977,4,L,163,P
2.77,0.057,1,L,163,Q
0.8158,0.03376,3,L,163,R
2.398,0.05526,1,L,163,S
3.469,0.05893,6,L,163,T
3.086,0.05804,4,L,163,V
1.28,0.04379,2,L,163,W
1.955,0.05215,6,L,163,Y
-1.295,-0.1545,4,G,164,-
2.812,0.05716,6,G,164,A
-0.6111,-0.05016,16,G,164,C
-0.4741,-0.03622,10,G,164,D
-3.053,-0.9791,1,G,164,E
-2.298,-0.4867,5,G,164,F
0,0,,G,164,G
0.4951,0.02359,4,G,164,H
2.141,0.05362,3,G,164,I
3.113,0.05812,3,G,164,K
-1.072,-0.1129,1,G,164,L
0.4378,0.02141,5,G,164,M
0.7526,0.032,6,G,164,N
1.345,0.04486,5,G,164,P
0.1403,0.007882,7,G,164,Q
-1.097,-0.1172,6,G,164,R
-0.8746,-0.08269,12,G,164,S
-0.2305,-0.01554,3,G,164,T
-0.5716,-0.04595,6,G,164,V
-3.038,-0.9669,9,G,164,W
5.891,0.06068,4,G,164,Y
-0.7102,-0.06145,4,N,165,-
2.024,0.05273,4,N,165,A
-2.772,-0.7656,3,N,165,C
-2.724,-0.7327,2,N,165,D
-1.952,-0.3392,6,N,165,E
-1.51,-0.2036,8,N,165,F
-3.531,-1.432,2,N,165,G
5.889,0.06068,3,N,165,H
-2.699,-0.7161,1,N,165,I
-3.231,-1.135,7,N,165,K
-0.5013,-0.03884,9,N,165,L
0.2885,0.01512,7,N,165,M
0,0,,N,165,N
1.014,0.03861,2,N,165,P
0.2634,0.01396,4,N,165,Q
-1.635,-0.2367,6,N,165,R
0.5309,0.02489,3,N,165,T
1.743,0.0501,5,N,165,V
-2.435,-0.5574,9,N,165,W
2.901,0.05747,8,N,165,Y
1.177,0.04195,3,F,166,-
-2.737,-0.7415,3,F,166,A
3.236,0.05843,1,F,166,C
7.817,0.06083,10,F,166,D
3.711,0.05935,7,F,166,E
0,0,,F,166,F
-3.775,-1.702,1,F,166,G
0.5915,0.02699,4,F,166,H
-3.539,-1.44,5,F,166,I
-1.949,-0.338,4,F,166,K
-1.002,-0.1016,9,F,166,L
-3.02,-0.9522,8,F,166,M
1.123,0.04089,6,F,166,N
-0.5294,-0.04162,3,F,166,P
-3.099,-1.018,2,F,166,Q
-0.93,-0.09062,1,F,166,R
3.805,0.05948,5,F,166,S
-1.11,-0.1194,2,F,166,T
-3.781,-1.709,5,F,166,V
-2.511,-0.6,1,F,166,W
-1.082,-0.1146,4,F,166,Y
-3.244,-1.147,1,Y,167,*
0.3731,0.01879,3,Y,167,-
0.5487,0.02552,3,Y,167,A
-1.554,-0.2148,3,Y,167,C
3.333,0.05866,8,Y,167,D
-0.114,-0.007251,2,Y,167,E
-0.3499,-0.02507,3,Y,167,F
-2.876,-0.84,1,Y,167,G
-1.195,-0.1349,5,Y,167,H
-4.144,-2.15,8,Y,167,I
-3.893,-1.841,6,Y,167,K
-3.8,-1.731,1,Y,167,L
-0.5336,-0.04204,3,Y,167,M
0.7537,0.03203,3,Y,167,N
-5.427,-3.698,4,Y,167,P
-4.212,-2.236,4,Y,167,Q
-3.885,-1.832,5,Y,167,R
-8.719,-5.006,3,Y,167,S
-5.919,-4.135,5,Y,167,T
-3.63,-1.539,6,Y,167,V
-2.283,-0.4794,2,Y,167,W
0,0,,Y,167,Y
-1.25,-0.1454,3,C,168,-
-2.51,-0.5995,6,C,168,A
0,0,,C,168,C
-7.285,-4.797,4,C,168,D
-5.313,-3.579,4,C,168,E
-7.702,-4.889,10,C,168,F
-0.5271,-0.0414,3,C,168,H
-5.343,-3.611,4,C,168,I
-4.468,-2.564,4,C,168,K
-5.484,-3.754,5,C,168,L
2.152,0.0537,1,C,168,M
-4.753,-2.926,3,C,168,N
-6.705,-4.599,1,C,168,P
-6.398,-4.449,7,C,168,Q
-5.292,-3.557,2,C,168,R
-3.833,-1.77,2,C,168,S
-6.228,-4.349,6,C,168,T
-4.734,-2.903,3,C,168,V
-11.04,-5.068,6,C,168,W
-10.55,-5.064,8,C,168,Y
-2.899,-0.8576,6,F,169,-
-3.832,-1.768,4,F,169,A
-4.207,-2.231,1,F,169,C
-6.948,-4.694,6,F,169,D
-6.47,-4.488,3,F,169,E
0,0,,F,169,F
-4.484,-2.584,4,F,169,G
-5.305,-3.571,8,F,169,I
-3.216,-1.121,4,F,169,K
-4.283,-2.326,10,F,169,L
-5.153,-3.404,5,F,169,M
-3.226,-1.13,4,F,169,N
-9.925,-5.054,5,F,169,P
-5.745,-3.994,2,F,169,Q
-3.246,-1.148,2,F,169,R
-4.622,-2.761,6,F,169,S
-6.005,-4.199,6,F,169,T
-20.34,-5.075,4,F,169,V
-2.473,-0.5787,8,F,169,W
-2.31,-0.4927,8,F,169,Y
-3.679,-1.593,6,V,170,-
-1.031,-0.1063,14,V,170,A
3.148,0.05821,3,V,170,C
-5.213,-3.471,5,V,170,D
-4.309,-2.36,3,V,170,E
-2.917,-0.8713,5,V,170,F
-4.55,-2.669,5,V,170,G
-0.3935,-0.02883,1,V,170,H
-2.333,-0.504,5,V,170,I
-3.749,-1.672,3,V,170,K
-2.79,-0.7782,5,V,170,L
-2.578,-0.6395,8,V,170,M
0.4359,0.02133,4,V,170,N
-7.442,-4.836,4,V,170,P
-0.9953,-0.1005,5,V,170,Q
1.514,0.04734,4,V,170,R
-0.1492,-0.009656,3,V,170,S
1.115,0.04073,8,V,170,T
0,0,,V,170,V
-3.926,-1.881,3,V,170,W
1.027,0.0389,4,V,170,Y
0.2926,0.0153,5,N,171,-
-3.112,-1.029,5,N,171,A
-4.865,-3.065,3,N,171,C
-1.712,-0.2589,6,N,171,D
-6.09,-4.259,5,N,171,E
-7.773,-4.901,3,N,171,F
-5.189,-3.444,2,N,171,G
-3.757,-1.681,7,N,171,H
-4.716,-2.879,5,N,171,I
-1.954,-0.3398,3,N,171,K
-5.166,-3.418,2,N,171,L
-6.8,-4.638,3,N,171,M
0,0,,N,171,N
-8.672,-5.003,7,N,171,P
-3.916,-1.869,7,N,171,Q
-2.681,-0.7045,1,N,171,R
-3.538,-1.439,9,N,171,S
-4,-1.972,6,N,171,T
-4.336,-2.395,7,N,171,V
-6.098,-4.264,4,N,171,W
-4.381,-2.452,2,N,171,Y
1.862,0.05131,5,T,172,-
-0.3555,-0.02554,6,T,172,A
-3.72,-1.639,5,T,172,C
-2.692,-0.7114,5,T,172,D
-0.3349,-0.02381,4,T,172,E
-2.594,-0.6494,7,T,172,F
3.113,0.05811,4,T,172,G
-2.404,-0.5406,1,T,172,H
-0.9976,-0.1009,5,T,172,I
-1.376,-0.1719,5,T,172,K
1.923,0.05187,1,T,172,L
-3.889,-1.836,2,T,172,M
1.115,0.04074,2,T,172,N
-4.682,-2.836,6,T,172,P
3.868,0.05956,3,T,172,Q
4.796,0.06034,2,T,172,R
-2.798,-0.7834,1,T,172,S
0,0,,T,172,T
-0.3533,-0.02536,8,T,172,V
0.1907,0.01046,1,T,172,W
6.59,0.06077,4,T,172,Y
0.452,0.02196,5,T,173,-
-0.9197,-0.08912,6,T,173,A
-3.525,-1.425,6,T,173,C
-2.954,-0.8992,6,T,173,D
-0.7515,-0.06648,1,T,173,E
-3.784,-1.712,7,T,173,F
3.152,0.05822,3,T,173,G
-3.21,-1.115,7,T,173,H
-4.358,-2.423,4,T,173,I
-2.975,-0.9164,4,T,173,K
-3.531,-1.432,4,T,173,L
-3.188,-1.095,6,T,173,M
-3.651,-1.562,3,T,173,N
0.5483,0.02551,3,T,173,P
-3.525,-1.426,5,T,173,Q
-3.043,-0.9709,2,T,173,R
2.94,0.0576,4,T,173,S
0,0,,T,173,T
-3.485,-1.383,7,T,173,V
-5.403,-3.673,5,T,173,W
-4.968,-3.189,6,T,173,Y
0.449,0.02185,5,I,174,-
-4.249,-2.284,1,I,174,A
-3.193,-1.101,6,I,174,C
3.616,0.0592,4,I,174,D
1.76,0.05028,1,I,174,E
-0.1912,-0.01264,9,I,174,F
3.236,0.05843,5,I,174,G
-2.246,-0.4616,7,I,174,H
0,0,,I,174,I
-1.719,-0.2612,7,I,174,K
2.83,0.05722,7,I,174,L
2.561,0.0561,10,I,174,N
-0.8217,-0.07549,3,I,174,P
3.356,0.05871,2,I,174,Q
-1.728,-0.264,2,I,174,R
4.321,0.06003,6,I,174,S
-0.741,-0.06518,2,I,174,T
-3.563,-1.466,6,I,174,V
-0.002395,-0.0001439,7,I,174,W
1.834,0.05103,6,I,174,Y
-11.05,-5.068,8,G,175,*
-0.0808,-0.005055,5,G,175,-
-0.1821,-0.01198,4,G,175,A
-2.503,-0.5955,1,G,175,C
-0.9061,-0.08716,5,G,175,D
-0.05994,-0.003712,26,G,175,E
-2.892,-0.8523,10,G,175,F
0,0,,G,175,G
-2.296,-0.486,8,G,175,H
-0.757,-0.06716,2,G,175,I
-1.432,-0.1847,2,G,175,K
1.329,0.04459,8,G,175,L
-0.7579,-0.06727,1,G,175,M
-1.045,-0.1084,5,G,175,N
4.72,0.0603,1,G,175,P
2.496,0.05578,1,G,175,Q
-0.2413,-0.01636,22,G,175,R
-0.2314,-0.01561,4,G,175,S
-1.396,-0.1764,5,G,175,T
-0.2152,-0.0144,8,G,175,V
-6.771,-4.627,2,G,175,W
-2.651,-0.6847,4,G,175,Y
-0.009215,-0.0005565,4,N,176,-
-3.047,-0.974,2,N,176,A
-4.355,-2.419,5,N,176,C
1.653,0.04909,10,N,176,D
1.514,0.04734,5,N,176,E
-0.4869,-0.03744,6,N,176,F
1.939,0.05201,8,N,176,H
-3.622,-1.53,1,N,176,I
-2.148,-0.4175,11,N,176,K
-2.256,-0.4665,9,N,176,L
-1.668,-0.246,4,N,176,M
0,0,,N,176,N
5.166,0.0605,1,N,176,P
0.7723,0.03256,5,N,176,Q
1.141,0.04125,3,N,176,R
3.302,0.05859,8,N,176,S
3.656,0.05926,3,N,176,T
-0.7656,-0.06824,1,N,176,V
2.092,0.05326,2,N,176,W
2.091,0.05325,2,N,176,Y
-6.638,-4.569,6,E,177,*
-0.9018,-0.08653,4,E,177,-
-1.592,-0.2248,4,E,177,A
-2.248,-0.4626,6,E,177,C
-1.447,-0.1883,14,E,177,D
0,0,,E,177,E
1.838,0.05107,2,E,177,F
3.073,0.058,1,E,177,G
-0.7359,-0.06455,7,E,177,H
-1.034,-0.1067,5,E,177,I
-0.8752,-0.08277,12,E,177,K
-1.357,-0.1678,2,E,177,L
-2.054,-0.3783,5,E,177,M
-2.023,-0.366,6,E,177,N
-1.629,-0.2351,5,E,177,P
-2.346,-0.5106,6,E,177,Q
-1.503,-0.2017,4,E,177,R
-0.2494,-0.01698,4,E,177,S
2.848,0.05728,5,E,177,T
1.175,0.04191,4,E,177,V
-0.9379,-0.09179,5,E,177,W
-0.6328,-0.05254,3,E,177,Y
0.2717,0.01435,4,T,178,-
-0.09969,-0.006296,6,T,178,A
-2.545,-0.6201,4,T,178,C
-0.155,-0.01006,4,T,178,D
-1.01,-0.1029,10,T,178,E
-1.248,-0.145,4,T,178,F
-1.248,-0.1451,1,T,178,G
-0.448,-0.03376,5,T,178,H
-2.814,-0.7948,7,T,178,I
-2.408,-0.5428,8,T,178,K
-4.534,-2.649,2,T,178,L
-1.657,-0.243,5,T,178,M
-2.932,-0.8827,2,T,178,N
0.1745,0.009647,5,T,178,P
-1.12,-0.1212,7,T,178,Q
-1.398,-0.1768,4,T,178,R
9.854,0.06085,7,T,178,S
0,0,,T,178,T
-0.293,-0.02039,4,T,178,V
-2.125,-0.4077,10,T,178,W
-2.458,-0.5703,3,T,178,Y
-1.654,-0.2422,4,T,179,-
1.761,0.05029,4,T,179,A
-2.435,-0.5577,3,T,179,C
-2.75,-0.7502,4,T,179,D
-0.7192,-0.06253,3,T,179,E
-2.068,-0.3839,6,T,179,F
-1.784,-0.2813,8,T,179,G
8.01,0.06083,2,T,179,H
0.8247,0.034,8,T,179,I
-1.627,-0.2344,5,T,179,K
3.028,0.05787,2,T,179,L
-1.725,-0.2629,2,T,179,M
-1.089,-0.1158,3,T,179,N
-1.933,-0.3322,7,T,179,P
4.597,0.06023,3,T,179,Q
2.244,0.05433,5,T,179,R
0.1334,0.007519,8,T,179,S
0,0,,T,179,T
0.9565,0.0373,7,T,179,V
4.013,0.05974,6,T,179,W
2.884,0.05741,2,T,179,Y
-3.218,-1.123,4,S,180,-
-1.161,-0.1285,2,S,180,A
2.337,0.05491,4,S,180,D
-2.443,-0.5617,1,S,180,E
-0.3114,-0.02187,7,S,180,F
-1.857,-0.3055,2,S,180,G
-3.579,-1.483,3,S,180,H
0.8258,0.03403,2,S,180,I
-2.782,-0.7723,3,S,180,K
-0.6625,-0.05588,5,S,180,L
3.785,0.05945,8,S,180,M
2.763,0.05697,3,S,180,N
0.2509,0.01338,7,S,180,P
-1.126,-0.1222,6,S,180,Q
0.4535,0.02202,2,S,180,R
0,0,,S,180,S
0.7959,0.03322,6,S,180,T
-2.283,-0.4795,6,S,180,V
-0.2763,-0.01906,5,S,180,W
-0.9579,-0.09478,8,S,180,Y
-1.221,-0.1398,4,A,181,-
0,0,,A,181,A
1.787,0.05056,4,A,181,D
-2.671,-0.6976,3,A,181,E
-4.478,-2.577,3,A,181,F
-2.319,-0.4971,4,A,181,G
7.164,0.0608,6,A,181,H
-0.1106,-0.007024,1,A,181,K
-1.448,-0.1885,7,A,181,L
-3.028,-0.9583,2,A,181,M
1.17,0.0418,3,A,181,N
-3.993,-1.963,2,A,181,P
1.232,0.04295,2,A,181,Q
1.248,0.04323,6,A,181,R
-0.5004,-0.03875,10,A,181,S
1.559,0.04793,9,A,181,T
-1.878,-0.3125,5,A,181,V
-2.393,-0.5348,5,A,181,W
-5.463,-3.733,3,A,181,Y
-4.054,-2.038,3,F,182,A
-2.368,-0.522,1,F,182,C
-5.145,-3.395,6,F,182,D
-3.453,-1.35,5,F,182,E
0,0,,F,182,F
-4.398,-2.474,4,F,182,G
-9.653,-5.048,3,F,182,H
-2.969,-0.9112,2,F,182,K
1.293,0.04401,5,F,182,L
-1.399,-0.1771,3,F,182,M
-5.02,-3.251,4,F,182,N
-4.529,-2.642,3,F,182,P
-6.811,-4.643,1,F,182,Q
0.7565,0.03211,3,F,182,R
-4.065,-2.051,4,F,182,S
-3.34,-1.238,3,F,182,T
-4.572,-2.697,5,F,182,V
-4.434,-2.52,2,F,182,W
-1.226,-0.1408,3,F,182,Y
0.3919,0.01957,4,V,183,A
0.3264,0.0168,4,V,183,C
-5.155,-3.406,2,V,183,D
-8.398,-4.98,3,V,183,E
-6.493,-4.499,6,V,183,F
-1.316,-0.1588,3,V,183,G
-5.825,-4.061,2,V,183,H
-4.38,-2.451,3,V,183,I
-2.232,-0.4552,5,V,183,K
-1.239,-0.1433,3,V,183,L
-2.944,-0.8914,3,V,183,M
-5.751,-3.998,4,V,183,N
-4.685,-2.841,2,V,183,P
-2.392,-0.5344,2,V,183,Q
-3.453,-1.35,5,V,183,R
-1.563,-0.2172,6,V,183,S
-2.376,-0.5259,2,V,183,T
0,0,,V,183,V
-6.762,-4.623,5,V,183,W
-8.827,-5.013,2,V,183,Y
-6.69,-4.593,6,G,184,A
-2.81,-0.7921,9,G,184,C
-3.52,-1.42,7,G,184,D
-6.2,-4.332,3,G,184,F
0,0,,G,184,G
-4.618,-2.755,7,G,184,H
-6.361,-4.428,3,G,184,I
-3.876,-1.821,6,G,184,K
-4.687,-2.843,1,G,184,L
-5.883,-4.107,9,G,184,M
-0.4286,-0.03197,5,G,184,N
-4.455,-2.547,1,G,184,P
-3.939,-1.897,2,G,184,Q
-3.84,-1.778,6,G,184,R
-4.105,-2.101,6,G,184,S
1.68,0.0494,2,G,184,T
-7.417,-4.83,7,G,184,V
-3.65,-1.561,2,G,184,W
0,0,,A,185,A
-2.7,-0.7168,3,A,185,C
-0.62,-0.05112,3,A,185,D
-3.211,-1.116,3,A,185,E
-0.2661,-0.01827,6,A,185,F
2.924,0.05755,1,A,185,G
-1.931,-0.3314,1,A,185,H
-0.02099,-0.001275,3,A,185,I
-1.053,-0.1098,6,A,185,K
1.678,0.04938,3,A,185,L
3.924,0.05963,6,A,185,M
-2.506,-0.5973,7,A,185,N
2.174,0.05386,1,A,185,P
0.4101,0.02031,3,A,185,Q
-4.161,-2.171,3,A,185,R
-1.546,-0.2126,10,A,185,S
3.385,0.05877,7,A,185,T
2.373,0.05512,4,A,185,V
-4.209,-2.232,5,A,185,W
1.244,0.04316,2,A,185,Y
3.95,0.05967,4,L,186,A
0.4717,0.02271,2,L,186,C
-3.009,-0.943,4,L,186,D
2.01,0.05261,1,L,186,E
6.92,0.06079,4,L,186,F
-3.768,-1.695,1,L,186,G
1.249,0.04324,1,L,186,H
-2.58,-0.6405,3,L,186,I
-1.068,-0.1123,6,L,186,K
0,0,,L,186,L
-1.07,-0.1126,9,L,186,M
-3.047,-0.9741,8,L,186,N
3.267,0.05851,4,L,186,P
-2.061,-0.381,5,L,186,Q
0.1668,0.009253,3,L,186,R
-1.438,-0.1862,2,L,186,S
4.367,0.06007,2,L,186,T
3.196,0.05833,1,L,186,V
-0.3589,-0.02583,5,L,186,W
1.336,0.04472,5,L,186,Y
-3.504,-1.403,3,P,187,A
-5.879,-4.104,5,P,187,C
-2.996,-0.9325,3,P,187,D
-2.782,-0.7727,5,P,187,E
-4.094,-2.088,5,P,187,F
-3.296,-1.196,4,P,187,G
-4.338,-2.398,4,P,187,H
-3.269,-1.17,5,P,187,I
-4.153,-2.162,4,P,187,K
-4.647,-2.792,4,P,187,L
-7.169,-4.765,2,P,187,M
-6.673,-4.585,3,P,187,N
0,0,,P,187,P
-4.353,-2.416,1,P,187,Q
-4.5,-2.605,7,P,187,R
-2.917,-0.8711,6,P,187,S
-6.276,-4.379,1,P,187,T
-0.3852,-0.0281,4,P,187,V
-4.984,-3.208,7,P,187,W
-3.757,-1.681,4,P,187,Y
-3.19,-1.098,1,K,188,-
1.471,0.04675,4,K,188,A
0.83,0.03414,4,K,188,C
1.352,0.04497,1,K,188,D
1.893,0.05159,3,K,188,E
2.178,0.05389,7,K,188,F
3.649,0.05925,2,K,188,G
-1.53,-0.2085,2,K,188,H
2.284,0.05459,3,K,188,I
0,0,,K,188,K
-0.08528,-0.005347,6,K,188,L
-0.02699,-0.001644,2,K,188,M
-0.6539,-0.05491,12,K,188,N
2.357,0.05503,4,K,188,P
-1.902,-0.3211,2,K,188,Q
-3.612,-1.519,2,K,188,R
0.6658,0.0294,2,K,188,S
2.507,0.05584,4,K,188,T
-0.3566,-0.02563,1,K,188,V
1.448,0.04642,2,K,188,W
-0.6745,-0.05725,4,K,188,Y
-2.073,-0.386,1,T,189,-
3.476,0.05895,3,T,189,C
-2.143,-0.4154,7,T,189,D
-2.438,-0.5592,2,T,189,E
-1.85,-0.303,3,T,189,F
-1.495,-0.1997,4,T,189,G
3.879,0.05958,2,T,189,H
3.008,0.05781,7,T,189,I
1.429,0.04614,3,T,189,K
3.771,0.05943,4,T,189,L
0.8188,0.03384,4,T,189,M
5.135,0.06049,2,T,189,N
-1.564,-0.2174,5,T,189,P
-1.577,-0.2209,1,T,189,Q
-1.37,-0.1706,3,T,189,R
0.4995,0.02375,2,T,189,S
0,0,,T,189,T
-2.505,-0.5964,4,T,189,V
-1.355,-0.1672,5,T,189,W
1.164,0.04169,1,T,189,Y
-1.078,-0.1139,4,T,19,A
-0.8185,-0.07506,1,T,19,C
-0.3294,-0.02335,10,T,19,D
-0.9569,-0.09463,7,T,19,E
3.755,0.05941,7,T,19,F
1.143,0.04129,2,T,19,G
-3.237,-1.14,2,T,19,H
-1.86,-0.3066,4,T,19,I
-1.121,-0.1215,5,T,19,K
2.846,0.05728,3,T,19,L
3.04,0.05791,12,T,19,M
3.498,0.05899,3,T,19,N
0.1039,0.005943,5,T,19,P
3.214,0.05838,4,T,19,Q
3.768,0.05943,2,T,19,R
2.627,0.0564,6,T,19,S
0,0,,T,19,T
-2.524,-0.6076,7,T,19,V
2.81,0.05715,6,T,19,W
-1.535,-0.21,3,T,19,Y
-0.3064,-0.02147,5,V,190,A
-0.4176,-0.03098,4,V,190,C
-3.18,-1.089,3,V,190,D
-1.938,-0.3339,4,V,190,E
-3.417,-1.313,1,V,190,F
-2.757,-0.755,3,V,190,G
-4.682,-2.837,1,V,190,H
-2.669,-0.6968,3,V,190,K
0.4055,0.02013,10,V,190,L
-0.2738,-0.01886,8,V,190,M
-6.154,-4.302,1,V,190,N
-1.371,-0.1707,1,V,190,P
2.086,0.05322,2,V,190,Q
-1.828,-0.2956,2,V,190,R
-2.422,-0.5503,3,V,190,S
0.2858,0.01499,3,V,190,T
0,0,,V,190,V
-3.603,-1.509,3,V,190,W
0.7192,0.03103,3,V,190,Y
7.117,0.0608,3,R,191,A
-1.741,-0.2678,9,R,191,C
-3.379,-1.276,1,R,191,D
3.225,0.0584,3,R,191,E
-3.103,-1.021,5,R,191,F
-0.08777,-0.00551,2,R,191,G
1.98,0.05236,5,R,191,H
0.3024,0.01574,6,R,191,I
4.14,0.05987,4,R,191,K
-3.038,-0.9672,10,R,191,L
-3.172,-1.081,5,R,191,M
4.735,0.06031,3,R,191,N
-3.792,-1.722,5,R,191,P
-1.605,-0.2284,15,R,191,Q
0,0,,R,191,R
-2.968,-0.9107,3,R,191,S
5.797,0.06066,5,R,191,T
0.9369,0.03683,1,R,191,V
0.02906,0.001723,10,R,191,W
-4.262,-2.3,3,R,191,Y
-5.706,-3.96,5,E,192,*
-0.9356,-0.09146,1,E,192,A
-6.544,-4.525,3,E,192,C
-3.67,-1.582,5,E,192,D
0,0,,E,192,E
-9.123,-5.029,2,E,192,F
-6.036,-4.221,9,E,192,G
-6.589,-4.547,3,E,192,I
-5.994,-4.191,21,E,192,K
-9.286,-5.036,2,E,192,L
-7.566,-4.863,3,E,192,M
-7.419,-4.831,7,E,192,N
-7.162,-4.763,9,E,192,P
-8.123,-4.951,4,E,192,Q
-6.837,-4.653,12,E,192,R
-6.578,-4.542,6,E,192,S
-2.995,-0.9317,1,E,192,T
-7.335,-4.81,4,E,192,V
2.682,0.05664,1,E,192,W
-5.19,-3.445,4,E,192,Y
1.401,0.04573,1,F,193,A
0.4665,0.02252,11,F,193,C
-9.402,-5.04,10,F,193,D
0,0,,F,193,F
-1.842,-0.3004,2,F,193,G
-2.053,-0.3781,4,F,193,H
3.652,0.05925,4,F,193,I
-8.749,-5.008,4,F,193,K
0.1592,0.008867,5,F,193,L
3.298,0.05858,1,F,193,M
-4.444,-2.533,4,F,193,N
-11.98,-5.073,3,F,193,P
-2.197,-0.4391,3,F,193,Q
-5.949,-4.158,1,F,193,R
-3.213,-1.119,13,F,193,S
3.161,0.05824,1,F,193,T
1.437,0.04625,3,F,193,V
2.28,0.05456,1,F,193,W
0.4447,0.02168,5,F,193,Y
-3.724,-1.643,7,V,194,A
-3.24,-1.143,5,V,194,C
-3.041,-0.9692,2,V,194,D
-6.442,-4.473,7,V,194,E
-10,-5.056,7,V,194,F
-1.936,-0.3332,3,V,194,G
-6.823,-4.648,1,V,194,H
-2.36,-0.5178,3,V,194,I
-9.349,-5.038,3,V,194,K
-3.708,-1.626,8,V,194,L
-4.441,-2.529,10,V,194,M
-6.17,-4.313,9,V,194,N
-10.07,-5.057,6,V,194,P
-2.194,-0.438,2,V,194,Q
-8.822,-5.013,1,V,194,R
-2.46,-0.5714,9,V,194,S
0,0,,V,194,V
-7.176,-4.767,7,V,194,W
-9.398,-5.04,6,V,194,Y
2.275,0.05453,4,I,195,A
2.506,0.05583,4,I,195,C
-7.437,-4.835,2,I,195,D
-6.038,-4.223,4,I,195,E
2.77,0.057,8,I,195,F
-5.696,-3.951,1,I,195,G
-8.017,-4.938,3,I,195,H
0,0,,I,195,I
-7.769,-4.9,4,I,195,K
-2.938,-0.8872,7,I,195,L
4.923,0.0604,3,I,195,M
-7.056,-4.731,2,I,195,N
-7.703,-4.889,1,I,195,P
-5.725,-3.976,4,I,195,Q
-9.718,-5.05,4,I,195,R
-1.286,-0.1527,1,I,195,S
-1.54,-0.2112,5,I,195,T
-0.7644,-0.06809,1,I,195,V
-1.046,-0.1087,2,I,195,W
-4.718,-2.883,6,I,195,Y
-1.463,-0.192,1,S,196,-
2.462,0.05561,2,S,196,A
-3.398,-1.294,8,S,196,C
-0.7285,-0.06364,2,S,196,D
-1.807,-0.2888,2,S,196,E
-2.388,-0.5322,14,S,196,F
0.5939,0.02707,7,S,196,G
-2.596,-0.6505,4,S,196,H
-3.721,-1.64,13,S,196,I
-3.134,-1.048,3,S,196,K
-2.483,-0.5839,4,S,196,L
-2.677,-0.7018,1,S,196,M
-6.379,-4.438,10,S,196,N
-10.81,-5.067,6,S,196,P
-0.7004,-0.06028,2,S,196,Q
-3.105,-1.023,10,S,196,R
0,0,,S,196,S
-1.023,-0.105,5,S,196,T
-3.496,-1.395,3,S,196,V
-5.697,-3.952,7,S,196,W
-0.07088,-0.004413,5,S,196,Y
-0.3776,-0.02743,4,R,197,A
3.995,0.05972,1,R,197,C
0.4368,0.02137,3,R,197,D
8.174,0.06083,6,R,197,E
-3.069,-0.9922,8,R,197,F
-0.3918,-0.02868,3,R,197,G
-2.641,-0.6788,3,R,197,H
-0.3526,-0.02529,25,R,197,I
1.985,0.05241,10,R,197,K
-0.811,-0.07408,5,R,197,L
-1.56,-0.2163,9,R,197,M
-0.3058,-0.02142,4,R,197,N
-3.738,-1.66,5,R,197,P
1.07,0.03982,2,R,197,Q
0,0,,R,197,R
-2.662,-0.6917,3,R,197,S
0.2313,0.01245,1,R,197,T
-3.23,-1.133,8,R,197,W
0.09226,0.005305,3,R,197,Y
-1.656,-0.2426,3,T,198,A
1.255,0.04336,2,T,198,C
-4.107,-2.103,11,T,198,D
-0.1567,-0.01018,4,T,198,E
4.516,0.06018,3,T,198,F
-2.013,-0.3622,4,T,198,G
3.755,0.05941,3,T,198,H
0.6806,0.02986,10,T,198,I
0.6322,0.02833,8,T,198,K
6.824,0.06078,5,T,198,L
1.871,0.05139,5,T,198,M
-2.046,-0.3751,1,T,198,Q
1.616,0.04864,2,T,198,R
-4.02,-1.996,3,T,198,S
0,0,,T,198,T
-2.497,-0.5923,3,T,198,V
-0.346,-0.02474,2,T,198,W
1.215,0.04264,7,T,198,Y
-6.756,-4.621,8,G,199,*
-9.094,-5.028,5,G,199,A
-6.783,-4.632,5,G,199,C
-10.44,-5.063,6,G,199,D
-6.716,-4.604,9,G,199,E
-4.814,-3.002,2,G,199,F
0,0,,G,199,G
-6.922,-4.685,4,G,199,H
-10.17,-5.059,2,G,199,I
-9.315,-5.037,2,G,199,K
-9.883,-5.053,3,G,199,L
-10.04,-5.057,4,G,199,M
-9.314,-5.037,5,G,199,N
-3.234,-1.137,2,G,199,P
-3.711,-1.629,2,G,199,Q
-8.998,-5.023,2,G,199,R
-12.06,-5.073,3,G,199,S
-9.311,-5.037,4,G,199,T
-12.34,-5.073,16,G,199,V
-9.332,-5.038,1,G,199,W
-8.828,-5.013,3,G,199,Y
-6.362,-4.429,9,N,20,*
0.0524,0.003071,1,N,20,-
3.189,0.05831,1,N,20,A
-2.868,-0.8345,4,N,20,C
3.731,0.05938,1,N,20,D
4.426,0.06012,5,N,20,E
-2.307,-0.4913,4,N,20,F
1.468,0.04671,5,N,20,G
8.397,0.06084,3,N,20,H
0.5426,0.02531,5,N,20,K
0.01613,0.0009622,6,N,20,L
3.099,0.05808,5,N,20,M
0,0,,N,20,N
-1.269,-0.1492,3,N,20,P
-0.1837,-0.0121,6,N,20,Q
0.9035,0.03602,3,N,20,R
0.46,0.02227,7,N,20,S
2.3,0.05469,7,N,20,T
0.3603,0.01826,2,N,20,V
-0.06515,-0.004045,1,N,20,W
0.3956,0.01972,9,N,20,Y
-0.7816,-0.07026,8,H,200,A
-2.347,-0.5114,3,H,200,C
-0.06211,-0.00385,5,H,200,D
-1.38,-0.1728,5,H,200,E
1.327,0.04457,5,H,200,F
3.727,0.05937,1,H,200,G
0,0,,H,200,H
0.9336,0.03676,1,H,200,I
-2.313,-0.4942,5,H,200,K
3.34,0.05867,5,H,200,L
3.144,0.0582,2,H,200,M
-3.467,-1.365,6,H,200,N
-5.294,-3.559,3,H,200,P
3.224,0.0584,4,H,200,Q
-2.995,-0.932,6,H,200,R
0.6476,0.02883,2,H,200,S
-1.425,-0.1829,2,H,200,T
-2.743,-0.7459,4,H,200,V
-3.311,-1.21,4,H,200,W
-2.844,-0.8164,4,H,200,Y
0.0596,0.003482,4,F,201,A
2.27,0.0545,5,F,201,C
-9.79,-5.051,5,F,201,D
-7.129,-4.753,5,F,201,E
0,0,,F,201,F
-2.101,-0.3977,6,F,201,G
2.383,0.05518,4,F,201,I
-5.463,-3.733,5,F,201,K
-1.359,-0.1681,5,F,201,L
-4.034,-2.013,2,F,201,M
-9.136,-5.029,2,F,201,N
-5.983,-4.183,4,F,201,P
-4.692,-2.849,2,F,201,Q
-9.824,-5.052,6,F,201,R
-1.325,-0.1608,5,F,201,S
-3.69,-1.605,4,F,201,T
1.576,0.04814,5,F,201,V
-3.835,-1.773,2,F,201,Y
-8.009,-4.937,3,Y,202,A
-4.903,-3.111,4,Y,202,C
-8.309,-4.972,3,Y,202,D
-7.784,-4.903,7,Y,202,E
-0.6427,-0.05364,4,Y,202,F
-9.299,-5.036,2,Y,202,G
0.2595,0.01378,2,Y,202,H
-2.29,-0.4827,4,Y,202,I
-4.886,-3.09,5,Y,202,K
-8.633,-5,2,Y,202,L
-2.812,-0.7933,4,Y,202,M
-8.001,-4.936,3,Y,202,N
-10.53,-5.064,6,Y,202,P
-8.841,-5.014,1,Y,202,Q
-6.129,-4.285,5,Y,202,R
-3.378,-1.275,4,Y,202,S
-4.624,-2.764,4,Y,202,T
-3.276,-1.177,1,Y,202,V
4.602,0.06023,3,Y,202,W
0,0,,Y,202,Y
1.155,0.04153,8,I,203,A
-2.531,-0.6118,5,I,203,C
-9.473,-5.042,2,I,203,D
0.8142,0.03372,4,I,203,F
-3.006,-0.9409,2,I,203,G
-8.177,-4.958,6,I,203,H
0,0,,I,203,I
-7.741,-4.896,6,I,203,K
-1.209,-0.1375,4,I,203,L
-1.201,-0.136,4,I,203,M
-7.199,-4.774,2,I,203,N
-9.551,-5.045,4,I,203,P
-7.708,-4.89,2,I,203,Q
-6.616,-4.559,5,I,203,R
0.5522,0.02564,3,I,203,S
-1.44,-0.1865,1,I,203,T
2.39,0.05522,4,I,203,V
-0.8407,-0.07804,4,I,203,W
-6.564,-4.535,1,I,203,Y
0.9011,0.03596,1,N,204,-
-5.707,-3.961,3,N,204,A
-9.947,-5.055,5,N,204,C
1.1,0.04043,5,N,204,D
-2.689,-0.7098,1,N,204,E
-7.283,-4.797,5,N,204,F
-0.9515,-0.09381,2,N,204,G
-4.219,-2.246,3,N,204,H
-5.77,-4.014,6,N,204,I
-7.605,-4.87,3,N,204,K
-9.829,-5.052,4,N,204,L
-4.883,-3.087,2,N,204,M
0,0,,N,204,N
-8.748,-5.008,3,N,204,P
-1.815,-0.2914,3,N,204,Q
-5.536,-3.804,2,N,204,R
-2.833,-0.8085,5,N,204,S
-5.052,-3.288,4,N,204,T
-5.427,-3.697,1,N,204,V
-10.84,-5.067,4,N,204,W
-8.808,-5.012,3,N,204,Y
-1.222,-0.14,1,G,205,-
-3.402,-1.299,14,G,205,A
7.169,0.0608,2,G,205,C
-6.886,-4.672,9,G,205,D
-5.138,-3.387,1,G,205,E
-6.872,-4.667,4,G,205,F
0,0,,G,205,G
-9.689,-5.049,3,G,205,H
-6.093,-4.261,3,G,205,I
-9.1,-5.028,2,G,205,K
-9.068,-5.026,3,G,205,L
-5.331,-3.599,4,G,205,M
-9.141,-5.03,3,G,205,N
-9.195,-5.032,4,G,205,P
-6.764,-4.624,3,G,205,Q
-9.496,-5.043,4,G,205,R
-4.89,-3.095,5,G,205,S
-9.536,-5.044,5,G,205,T
-10.07,-5.057,3,G,205,V
-9.525,-5.044,3,G,205,W
-9.542,-5.045,4,G,205,Y
-0.5725,-0.04604,2,Y,206,*
-0.06307,-0.003911,1,Y,206,-
-4.559,-2.681,3,Y,206,A
1.513,0.04733,4,Y,206,C
-4.62,-2.759,4,Y,206,D
-6.192,-4.327,5,Y,206,E
-1.716,-0.2602,4,Y,206,F
-0.7335,-0.06426,1,Y,206,G
-1.548,-0.2132,4,Y,206,H
-2.596,-0.6505,2,Y,206,I
-3.953,-1.913,4,Y,206,K
-6.141,-4.294,3,Y,206,L
-2.806,-0.789,3,Y,206,M
-3.294,-1.194,8,Y,206,N
-4.207,-2.23,5,Y,206,P
-3.779,-1.707,5,Y,206,Q
0.8086,0.03357,2,Y,206,R
-10.08,-5.057,5,Y,206,S
-5.148,-3.399,2,Y,206,T
-1.41,-0.1796,5,Y,206,V
-0.817,-0.07486,5,Y,206,W
0,0,,Y,206,Y
-2.267,-0.472,1,R,207,-
-4.509,-2.617,6,R,207,A
-2.787,-0.7761,4,R,207,C
-3.653,-1.564,1,R,207,D
-3.49,-1.388,5,R,207,E
-3.073,-0.9955,6,R,207,F
-2.271,-0.4738,5,R,207,G
1.15,0.04142,3,R,207,H
-4.419,-2.501,9,R,207,I
-1.898,-0.3198,10,R,207,K
-4.396,-2.472,4,R,207,L
-3.839,-1.777,7,R,207,M
-0.4586,-0.03475,6,R,207,N
-2.338,-0.5069,2,R,207,P
-1.839,-0.2994,4,R,207,Q
0,0,,R,207,R
-4.912,-3.122,1,R,207,S
-4.147,-2.154,5,R,207,T
-4.141,-2.147,7,R,207,V
-3.011,-0.9446,7,R,207,Y
-5.538,-3.806,5,Y,208,*
-13.06,-5.074,2,Y,208,-
-1.077,-0.1137,5,Y,208,A
-3.971,-1.935,5,Y,208,C
-8.709,-5.005,6,Y,208,D
5.923,0.06069,3,Y,208,F
-0.08065,-0.005045,6,Y,208,H
-2.885,-0.8466,4,Y,208,I
-9.064,-5.026,1,Y,208,K
0.5608,0.02594,4,Y,208,L
-2.682,-0.7046,3,Y,208,M
-8.042,-4.941,9,Y,208,P
-3.31,-1.208,6,Y,208,Q
-4.489,-2.591,2,Y,208,R
-1.543,-0.2119,2,Y,208,S
-2.312,-0.4939,1,Y,208,T
-1.372,-0.171,2,Y,208,V
-2.925,-0.8768,3,Y,208,W
0,0,,Y,208,Y
-0.8839,-0.08399,7,F,209,A
-0.07411,-0.004622,6,F,209,C
-1.699,-0.2551,6,F,209,D
-0.1944,-0.01287,6,F,209,E
0,0,,F,209,F
-2.028,-0.3682,5,F,209,H
-2.223,-0.4513,6,F,209,I
1.706,0.0497,3,F,209,K
-1.74,-0.2677,7,F,209,L
-2.438,-0.5593,3,F,209,M
-1.43,-0.1842,2,F,209,N
-4.256,-2.292,5,F,209,P
-2.192,-0.4369,3,F,209,Q
-3.096,-1.016,3,F,209,R
-0.449,-0.03385,5,F,209,S
0.4677,0.02256,2,F,209,T
-3.031,-0.9608,6,F,209,V
1.764,0.05033,1,F,209,W
2.053,0.05296,3,F,209,Y
-0.6495,-0.05441,1,G,21,-
3.458,0.05891,2,G,21,A
4.059,0.05979,8,G,21,C
3.915,0.05962,4,G,21,D
4.375,0.06008,2,G,21,E
2.023,0.05272,1,G,21,F
0,0,,G,21,G
3.734,0.05938,3,G,21,H
-0.8954,-0.08562,3,G,21,I
3.285,0.05855,2,G,21,K
3.444,0.05889,6,G,21,L
4.06,0.05979,2,G,21,M
1.803,0.05072,2,G,21,N
1.161,0.04165,4,G,21,P
1.137,0.04118,4,G,21,Q
-5.634,-3.896,1,G,21,R
0.2152,0.01167,8,G,21,S
-1.063,-0.1114,3,G,21,T
3.353,0.0587,3,G,21,V
2.022,0.05271,2,G,21,W
5.26,0.06053,2,G,21,Y
-2.574,-0.6373,4,T,210,A
-1.495,-0.1998,6,T,210,C
1.709,0.04973,2,T,210,D
-0.5209,-0.04077,7,T,210,E
-2.983,-0.9227,6,T,210,F
0.6373,0.0285,8,T,210,G
-0.4552,-0.03443,3,T,210,H
2.015,0.05265,6,T,210,I
2.552,0.05606,9,T,210,K
-2.431,-0.5551,3,T,210,L
-1.965,-0.344,3,T,210,M
-1.734,-0.2656,3,T,210,N
-2.98,-0.9202,3,T,210,P
-3.521,-1.421,2,T,210,R
-0.3664,-0.02647,2,T,210,S
0,0,,T,210,T
-1.59,-0.2243,3,T,210,V
-3.629,-1.537,3,T,210,W
1.995,0.05249,3,T,210,Y
-1.342,-0.1644,4,L,211,A
-12.64,-5.074,4,L,211,D
-19.25,-5.075,2,L,211,E
-0.3319,-0.02356,3,L,211,F
5.345,0.06056,3,L,211,G
-4.418,-2.5,2,L,211,H
-0.1751,-0.01148,6,L,211,I
-3.855,-1.796,1,L,211,K
0,0,,L,211,L
2.605,0.05631,9,L,211,M
-4.27,-2.31,2,L,211,N
-4.996,-3.223,3,L,211,P
-2.686,-0.7075,4,L,211,Q
-3.178,-1.087,6,L,211,R
-2.332,-0.5039,3,L,211,S
1.074,0.03989,4,L,211,T
0.5451,0.02539,7,L,211,V
-7.052,-4.729,7,L,211,W
-4.193,-2.212,3,L,211,Y
-2.677,-0.7017,2,G,212,A
-3.631,-1.54,17,G,212,C
-0.1449,-0.009358,5,G,212,D
-2.791,-0.7789,1,G,212,E
-0.7391,-0.06494,2,G,212,F
0,0,,G,212,G
3.735,0.05938,3,G,212,H
-2.495,-0.5912,3,G,212,I
-3.523,-1.423,9,G,212,K
-5.963,-4.168,5,G,212,L
-1.315,-0.1588,5,G,212,M
3.422,0.05884,2,G,212,N
-0.3688,-0.02668,4,G,212,P
0.2054,0.01119,8,G,212,Q
-8.776,-5.01,1,G,212,R
-2.341,-0.5082,9,G,212,S
-2.202,-0.4417,2,G,212,T
-1.384,-0.1738,9,G,212,V
-3.145,-1.057,5,G,212,W
-1.636,-0.2369,1,G,212,Y
-1.404,-0.1783,1,N,213,-
-0.7117,-0.06162,2,N,213,A
-0.5057,-0.03927,3,N,213,C
-1.927,-0.33,4,N,213,D
3.442,0.05888,7,N,213,E
0.1942,0.01064,1,N,213,G
-1.575,-0.2205,4,N,213,H
-1.774,-0.278,3,N,213,I
0.2445,0.01308,6,N,213,K
1.154,0.0415,3,N,213,L
-1.997,-0.3558,6,N,213,M
0,0,,N,213,N
-3.08,-1.001,3,N,213,P
-2.184,-0.4334,3,N,213,Q
1.605,0.04851,4,N,213,R
0.7779,0.03272,3,N,213,S
7.856,0.06083,3,N,213,T
3.321,0.05863,2,N,213,V
0.7533,0.03202,5,N,213,W
-1.677,-0.2486,2,N,213,Y
-1.123,-0.1217,1,V,214,-
-0.4799,-0.03677,8,V,214,A
-2.336,-0.5057,3,V,214,C
-9.3,-5.036,4,V,214,D
-9.671,-5.048,9,V,214,E
4.732,0.06031,6,V,214,F
-4.858,-3.057,2,V,214,G
-4.649,-2.796,7,V,214,H
4.714,0.0603,4,V,214,I
-6.931,-4.688,5,V,214,K
1.149,0.04141,9,V,214,L
4.355,0.06006,6,V,214,M
-3.83,-1.767,2,V,214,N
-7.883,-4.919,1,V,214,P
-7.688,-4.886,3,V,214,Q
-6.937,-4.69,7,V,214,R
-4.402,-2.479,2,V,214,S
0.7304,0.03136,4,V,214,T
0,0,,V,214,V
-4.624,-2.764,6,V,214,W
-3.138,-1.052,3,V,214,Y
-9.336,-5.038,4,E,215,*
-1.781,-0.2803,1,E,215,-
2.186,0.05394,3,E,215,A
-0.06426,-0.003987,6,E,215,C
-0.6657,-0.05625,4,E,215,D
0,0,,E,215,E
-5.285,-3.55,1,E,215,F
-3.035,-0.9645,2,E,215,G
-0.7054,-0.06088,3,E,215,H
-1.011,-0.1031,6,E,215,I
-1.639,-0.238,8,E,215,K
0.09493,0.005452,3,E,215,L
0.4623,0.02236,4,E,215,M
-0.6245,-0.05163,3,E,215,N
-7.684,-4.885,3,E,215,P
-3.797,-1.728,2,E,215,Q
-0.3539,-0.0254,1,E,215,R
0.3515,0.01788,5,E,215,S
2.321,0.05482,3,E,215,T
-2.566,-0.6326,5,E,215,V
-2.044,-0.3742,4,E,215,W
-0.5166,-0.04034,2,E,215,Y
-1.258,-0.1471,2,A,216,-
0,0,,A,216,A
-1.747,-0.2697,2,A,216,C
-6.144,-4.295,3,A,216,D
-8.028,-4.939,7,A,216,E
-3.557,-1.459,8,A,216,F
-1.432,-0.1847,5,A,216,G
-3.37,-1.267,1,A,216,H
-4.281,-2.324,3,A,216,I
-3.333,-1.23,5,A,216,K
-4.034,-2.013,2,A,216,L
-4.017,-1.992,4,A,216,M
-3.887,-1.834,8,A,216,N
-9.246,-5.034,2,A,216,P
-3.774,-1.701,9,A,216,Q
-1.416,-0.1809,3,A,216,R
-2.608,-0.658,10,A,216,S
-3.331,-1.228,9,A,216,T
-3.984,-1.952,11,A,216,V
-3.778,-1.706,3,A,216,W
-0.8099,-0.07393,3,A,216,Y
-3.086,-1.007,2,V,217,-
-1.572,-0.2195,4,V,217,A
-2.589,-0.6461,2,V,217,C
-6.569,-4.537,9,V,217,D
-6.291,-4.388,4,V,217,E
0.06704,0.003902,4,V,217,F
-6.28,-4.381,2,V,217,G
5.166,0.0605,8,V,217,I
-6.229,-4.35,6,V,217,K
-0.2469,-0.01679,2,V,217,L
8.261,0.06084,2,V,217,M
-9.196,-5.032,2,V,217,N
-9.364,-5.039,4,V,217,P
-0.976,-0.09754,3,V,217,Q
-11.95,-5.072,5,V,217,R
-3.053,-0.9794,2,V,217,S
-17.83,-5.075,1,V,217,T
0,0,,V,217,V
-4.463,-2.557,6,V,217,W
-5.451,-3.722,3,V,217,Y
0.5454,0.02541,1,N,218,-
-1.449,-0.1887,3,N,218,A
-0.5181,-0.04049,2,N,218,C
-2.009,-0.3605,5,N,218,D
-3.302,-1.201,1,N,218,E
-2.54,-0.6171,3,N,218,F
3.01,0.05782,5,N,218,G
0.423,0.02082,2,N,218,H
-2.355,-0.5154,2,N,218,I
3.341,0.05867,5,N,218,K
-2.457,-0.5694,6,N,218,L
-1.24,-0.1434,2,N,218,M
0,0,,N,218,N
-7.683,-4.885,9,N,218,P
4.863,0.06038,5,N,218,Q
2.635,0.05644,1,N,218,R
-3.773,-1.699,4,N,218,S
-0.2765,-0.01908,4,N,218,T
-3.338,-1.236,5,N,218,V
-0.6624,-0.05587,7,N,218,W
-2.357,-0.5163,3,N,218,Y
0.3117,0.01615,1,F,219,-
-3.058,-0.9832,2,F,219,C
-8.75,-5.008,2,F,219,D
-6.619,-4.561,2,F,219,E
0,0,,F,219,F
-6.796,-4.637,2,F,219,G
-3.078,-0.9999,4,F,219,H
-0.6961,-0.05977,6,F,219,I
-8.772,-5.01,3,F,219,K
4.188,0.05992,8,F,219,L
-3.089,-1.01,2,F,219,M
-4.796,-2.98,5,F,219,N
-2.978,-0.9182,3,F,219,P
-4.44,-2.528,2,F,219,Q
-5.542,-3.81,3,F,219,R
-5.103,-3.347,5,F,219,S
2.399,0.05526,2,F,219,T
5.369,0.06056,5,F,219,V
3.263,0.0585,1,F,219,Y
-10.46,-5.063,1,L,22,*
0.05886,0.003439,1,L,22,-
5.017,0.06044,3,L,22,A
4.487,0.06016,2,L,22,C
-3.28,-1.18,1,L,22,D
-4.236,-2.267,2,L,22,E
2.713,0.05677,2,L,22,F
2.696,0.0567,2,L,22,G
2.762,0.05697,3,L,22,H
0.5344,0.02502,2,L,22,I
1.559,0.04793,3,L,22,K
0,0,,L,22,L
0.3997,0.01989,10,L,22,M
2.7,0.05672,1,L,22,N
-1.817,-0.292,4,L,22,P
3.416,0.05883,6,L,22,R
-0.6209,-0.05123,2,L,22,S
-0.05486,-0.003389,2,L,22,T
4.295,0.06001,4,L,22,V
1.455,0.04652,1,L,22,W
4.502,0.06017,2,L,22,Y
-4.345,-2.407,3,N,220,-
-2.732,-0.7379,6,N,220,A
-1.13,-0.1229,1,N,220,C
-4.491,-2.594,6,N,220,D
-4.306,-2.356,8,N,220,E
-6.291,-4.388,3,N,220,F
-6.757,-4.621,8,N,220,G
-5.04,-3.274,3,N,220,H
-5.391,-3.66,3,N,220,I
-4.055,-2.039,4,N,220,K
2.256,0.05441,2,N,220,L
-3.763,-1.688,6,N,220,M
0,0,,N,220,N
-3.518,-1.418,3,N,220,P
0.908,0.03613,2,N,220,Q
-1.744,-0.2687,5,N,220,R
-4.115,-2.114,2,N,220,S
-3.545,-1.446,4,N,220,T
-0.8083,-0.07372,5,N,220,V
-4.942,-3.158,5,N,220,W
-2.953,-0.8988,5,N,220,Y
-0.139,-0.00895,2,V,221,-
-0.6701,-0.05675,6,V,221,A
3.426,0.05885,5,V,221,C
-2.455,-0.5682,1,V,221,D
1.016,0.03865,6,V,221,E
1.082,0.04006,5,V,221,F
3.234,0.05843,4,V,221,G
6.583,0.06077,6,V,221,H
1.544,0.04774,6,V,221,I
-3.98,-1.946,1,V,221,K
11.18,0.06085,8,V,221,L
0.5336,0.02499,3,V,221,M
-0.1049,-0.006641,2,V,221,N
-3.687,-1.601,4,V,221,P
-4.021,-1.997,1,V,221,Q
-0.06351,-0.00394,6,V,221,R
0.5499,0.02556,5,V,221,S
-0.3565,-0.02563,6,V,221,T
0,0,,V,221,V
-8.778,-5.01,2,V,221,W
-1.938,-0.3338,3,V,221,Y
0.2174,0.01178,2,T,222,-
-3.147,-1.06,4,T,222,A
-3.102,-1.02,5,T,222,C
-3.968,-1.932,5,T,222,D
-4.245,-2.279,5,T,222,E
-0.9038,-0.08682,4,T,222,F
2.824,0.0572,4,T,222,G
-3.014,-0.9471,3,T,222,H
-3.781,-1.71,7,T,222,I
-3.706,-1.623,3,T,222,L
-2.346,-0.5108,1,T,222,M
-3.108,-1.026,5,T,222,N
-0.4864,-0.03739,3,T,222,P
-2.709,-0.7226,3,T,222,Q
-2.861,-0.829,7,T,222,R
3.31,0.0586,3,T,222,S
0,0,,T,222,T
-3.547,-1.448,6,T,222,V
-3.675,-1.589,4,T,222,W
6.794,0.06078,3,T,222,Y
-0.3542,-0.02543,1,N,223,-
-4.196,-2.216,5,N,223,A
1.938,0.052,2,N,223,C
-0.06244,-0.003871,5,N,223,D
4.674,0.06028,2,N,223,E
-3.458,-1.356,8,N,223,F
2.345,0.05496,3,N,223,G
-2.273,-0.4747,4,N,223,H
0.05252,0.003078,6,N,223,I
-3.243,-1.146,6,N,223,K
-3.006,-0.9407,6,N,223,L
-0.7866,-0.0709,5,N,223,M
0,0,,N,223,N
1.353,0.04498,1,N,223,P
-0.9391,-0.09197,3,N,223,Q
6.004,0.0607,2,N,223,R
-3.789,-1.719,2,N,223,S
-2.764,-0.76,4,N,223,T
-3.039,-0.9679,2,N,223,V
-1.522,-0.2066,6,N,223,W
-4.665,-2.816,2,N,223,Y
-0.6062,-0.04962,1,A,224,-
0,0,,A,224,A
-3.482,-1.38,5,A,224,C
1.36,0.0451,5,A,224,D
-0.6939,-0.05952,2,A,224,E
-0.436,-0.03265,5,A,224,F
0.8376,0.03434,3,A,224,G
-0.7687,-0.06863,6,A,224,H
2.494,0.05577,2,A,224,I
1.377,0.04537,4,A,224,K
-1.342,-0.1645,5,A,224,L
2.139,0.05361,1,A,224,M
-0.7862,-0.07086,2,A,224,N
1.335,0.04469,2,A,224,P
1.803,0.05073,4,A,224,Q
-2.686,-0.7076,2,A,224,R
-1.017,-0.104,8,A,224,S
0.6116,0.02766,5,A,224,T
3.485,0.05896,6,A,224,V
-2.249,-0.4632,4,A,224,W
-0.1973,-0.01308,1,A,224,Y
-9.257,-5.035,5,E,225,*
-0.9124,-0.08806,1,E,225,-
0.6425,0.02866,3,E,225,A
-2.273,-0.4747,4,E,225,C
3.473,0.05894,10,E,225,D
0,0,,E,225,E
-2.139,-0.4138,5,E,225,F
2.294,0.05465,6,E,225,G
-0.127,-0.008131,6,E,225,H
-2.868,-0.834,2,E,225,I
1.882,0.05149,6,E,225,K
3.804,0.05948,2,E,225,L
2.458,0.05558,6,E,225,M
0.835,0.03427,1,E,225,N
0.6956,0.03032,5,E,225,P
-0.6487,-0.05431,6,E,225,Q
-0.9278,-0.09031,5,E,225,R
0.3655,0.01848,6,E,225,S
-1.988,-0.3527,3,E,225,T
-2.607,-0.6575,7,E,225,V
0.9068,0.0361,2,E,225,W
3.986,0.05971,6,E,225,Y
0.1957,0.01071,1,T,226,-
-0.3008,-0.02101,5,T,226,A
3.982,0.0597,3,T,226,C
0.1111,0.006329,5,T,226,D
4.435,0.06012,3,T,226,E
3,0.05779,5,T,226,F
7.585,0.06082,2,T,226,G
-0.2789,-0.01926,3,T,226,H
-1.762,-0.2744,8,T,226,I
2.813,0.05716,4,T,226,K
2.2,0.05404,3,T,226,L
1.169,0.04179,5,T,226,M
4.563,0.06021,3,T,226,N
-2.103,-0.3986,5,T,226,P
-1.792,-0.284,3,T,226,Q
0.1077,0.006146,2,T,226,R
0.6171,0.02784,10,T,226,S
0,0,,T,226,T
-1.952,-0.3392,1,T,226,V
-1.237,-0.1429,5,T,226,W
1.322,0.04448,7,T,226,Y
1.609,0.04856,1,T,227,-
-3.565,-1.468,4,T,227,A
4.318,0.06003,2,T,227,C
-0.8029,-0.07302,6,T,227,D
1.459,0.04657,1,T,227,E
2.181,0.05391,5,T,227,F
-1.482,-0.1967,1,T,227,G
-2.267,-0.4716,4,T,227,H
-0.5427,-0.04297,10,T,227,I
0.2842,0.01492,4,T,227,K
1.187,0.04213,3,T,227,L
3.008,0.05781,2,T,227,M
1.253,0.04332,5,T,227,N
-3.433,-1.33,4,T,227,P
-2.304,-0.4899,1,T,227,Q
2.061,0.05302,1,T,227,R
3.121,0.05814,5,T,227,S
0,0,,T,227,T
-0.7189,-0.06249,2,T,227,V
1.185,0.04208,2,T,227,W
-0.9471,-0.09315,4,T,227,Y
-0.3533,-0.02535,1,V,229,-
0.4149,0.0205,3,V,229,A
1.057,0.03953,3,V,229,C
-0.5168,-0.04036,10,V,229,D
-1.105,-0.1185,2,V,229,E
2.203,0.05406,4,V,229,F
1.835,0.05104,4,V,229,G
-3.753,-1.677,3,V,229,H
-1.859,-0.306,5,V,229,I
2.274,0.05452,4,V,229,K
2.132,0.05356,1,V,229,L
-1.815,-0.2914,6,V,229,M
0.4536,0.02202,4,V,229,N
3.861,0.05956,3,V,229,P
-3.87,-1.814,3,V,229,Q
-3.727,-1.648,2,V,229,R
-4.69,-2.847,1,V,229,S
-3.704,-1.621,4,V,229,T
0,0,,V,229,V
-2.402,-0.5396,5,V,229,W
-3.516,-1.416,2,V,229,Y
-1.498,-0.2005,2,N,23,-
4.629,0.06025,2,N,23,A
1.538,0.04766,2,N,23,C
3.043,0.05792,2,N,23,D
-1.36,-0.1683,2,N,23,E
-0.5706,-0.04584,4,N,23,F
-3.218,-1.123,3,N,23,G
-0.6403,-0.05337,4,N,23,H
-2.582,-0.6423,1,N,23,I
-2.636,-0.6756,4,N,23,L
-4.249,-2.283,3,N,23,M
0,0,,N,23,N
3.881,0.05958,4,N,23,P
-0.3065,-0.02148,2,N,23,Q
0.1976,0.0108,2,N,23,R
0.4357,0.02133,1,N,23,S
-2.703,-0.7189,3,N,23,T
-1.497,-0.2002,3,N,23,V
-2.287,-0.4812,3,N,23,W
0.2325,0.01251,7,N,23,Y
-2.777,-0.7687,1,C,230,*
0.8121,0.03366,1,C,230,-
3.521,0.05903,4,C,230,A
0,0,,C,230,C
-0.4757,-0.03636,8,C,230,D
14.91,0.06085,3,C,230,E
0.6813,0.02988,11,C,230,F
-3.245,-1.147,1,C,230,G
2.933,0.05757,7,C,230,H
-1.325,-0.1608,5,C,230,I
1.374,0.04531,2,C,230,K
-3.941,-1.899,1,C,230,L
-2.899,-0.8576,8,C,230,M
2.742,0.05689,3,C,230,N
-2.799,-0.7842,5,C,230,Q
-2.189,-0.4357,2,C,230,R
-1.848,-0.3023,4,C,230,S
-0.5455,-0.04325,9,C,230,T
3.379,0.05875,1,C,230,V
4.759,0.06032,4,C,230,W
0.1646,0.009144,15,C,230,Y
0.695,0.0303,1,T,231,-
-1.441,-0.1868,4,T,231,A
-2.345,-0.51,2,T,231,C
-0.4579,-0.03468,6,T,231,D
-2.714,-0.7258,2,T,231,E
-5.148,-3.399,1,T,231,F
-4.753,-2.926,4,T,231,G
2.415,0.05536,6,T,231,H
-3.077,-0.9995,5,T,231,I
-5.133,-3.381,4,T,231,K
-1.513,-0.2043,2,T,231,L
-4.634,-2.777,3,T,231,M
-0.9337,-0.09117,7,T,231,N
-2.153,-0.4196,2,T,231,P
-2.986,-0.9247,4,T,231,Q
-1.808,-0.2892,4,T,231,R
-1.636,-0.2371,4,T,231,S
0,0,,T,231,T
-4.751,-2.924,4,T,231,V
-2.261,-0.4689,3,T,231,W
1.099,0.04041,1,T,231,Y
2.076,0.05314,1,V,232,-
-0.5283,-0.04151,8,V,232,A
-8.693,-5.004,2,V,232,D
-1.463,-0.1919,5,V,232,E
-0.5085,-0.03954,4,V,232,F
-0.01412,-0.0008547,4,V,232,G
-2.829,-0.8061,5,V,232,H
1.079,0.04,2,V,232,I
-8.284,-4.969,3,V,232,K
-1.496,-0.2,4,V,232,L
2.666,0.05657,9,V,232,M
-3.339,-1.236,2,V,232,N
-12.16,-5.073,3,V,232,P
0.7869,0.03297,4,V,232,Q
-1.902,-0.3211,2,V,232,R
-0.4317,-0.03226,2,V,232,S
-3.507,-1.406,5,V,232,T
0,0,,V,232,V
4.713,0.0603,3,V,232,W
-3.33,-1.227,1,V,232,Y
-0.1307,-0.008381,1,A,233,-
0,0,,A,233,A
-2.235,-0.4568,1,A,233,C
-10.96,-5.068,6,A,233,D
-3.988,-1.957,1,A,233,E
-4.781,-2.962,1,A,233,F
0.8641,0.03503,3,A,233,G
-4.897,-3.103,7,A,233,H
-3.646,-1.556,2,A,233,I
-6.112,-4.274,7,A,233,K
-3.966,-1.93,5,A,233,L
-3.205,-1.111,3,A,233,M
-2.393,-0.5349,2,A,233,N
-7.674,-4.884,3,A,233,P
-4.306,-2.356,3,A,233,Q
-6.574,-4.539,2,A,233,R
-3.161,-1.071,5,A,233,S
-1.667,-0.2458,3,A,233,T
0.1898,0.01042,3,A,233,V
-4.906,-3.115,6,A,233,W
-4.496,-2.599,4,A,233,Y
-0.09962,-0.006291,1,L,234,-
7.675,0.06082,2,L,234,A
-2.978,-0.9183,3,L,234,C
-5.752,-4,5,L,234,D
6.107,0.06071,3,L,234,E
-3.131,-1.045,3,L,234,F
-2.675,-0.7006,3,L,234,G
3.078,0.05802,4,L,234,H
-2.002,-0.3579,3,L,234,I
-4.762,-2.938,5,L,234,K
0,0,,L,234,L
-2.336,-0.5056,11,L,234,M
-5.151,-3.402,4,L,234,N
-8.718,-5.006,7,L,234,P
-1.693,-0.2535,1,L,234,Q
-7.509,-4.851,8,L,234,R
-0.7413,-0.06522,5,L,234,S
0.8013,0.03336,4,L,234,T
-4.716,-2.88,3,L,234,V
-4.858,-3.056,2,L,234,W
-3.341,-1.238,2,L,234,Y
-0.1883,-0.01243,2,A,235,-
0,0,,A,235,A
-1.199,-0.1355,7,A,235,C
-9.027,-5.024,6,A,235,D
-9.138,-5.03,4,A,235,E
-7.33,-4.809,2,A,235,F
3.856,0.05955,6,A,235,G
-6.45,-4.477,5,A,235,H
-16.11,-5.075,4,A,235,I
-5.982,-4.182,3,A,235,K
-4.685,-2.84,3,A,235,L
-6.324,-4.407,2,A,235,M
-6.989,-4.709,7,A,235,N
-6.669,-4.583,6,A,235,P
-4.203,-2.225,3,A,235,Q
-9.415,-5.041,2,A,235,R
-0.5268,-0.04136,11,A,235,S
-0.9524,-0.09395,10,A,235,T
-2.136,-0.4123,14,A,235,V
-17.37,-5.075,3,A,235,W
-10.57,-5.064,6,A,235,Y
0.6949,0.0303,1,S,236,-
-3.91,-1.862,1,S,236,A
3.722,0.05936,2,S,236,C
-2.325,-0.5001,2,S,236,E
0.8947,0.0358,3,S,236,F
-2.296,-0.4857,6,S,236,G
0.7651,0.03236,9,S,236,H
-0.04811,-0.002962,13,S,236,I
-0.7207,-0.06271,1,S,236,K
-1.591,-0.2245,6,S,236,L
-0.5306,-0.04174,2,S,236,M
0.7335,0.03145,7,S,236,N
-6.056,-4.236,3,S,236,P
3.203,0.05835,6,S,236,Q
1.998,0.05251,5,S,236,R
0,0,,S,236,S
1.943,0.05205,3,S,236,T
-1.886,-0.3154,4,S,236,V
-2.694,-0.7125,5,S,236,W
-2.718,-0.7285,2,S,236,Y
1.213,0.04261,1,Y,237,-
-2.864,-0.8314,2,Y,237,A
-3.116,-1.032,3,Y,237,C
-0.2599,-0.01778,1,Y,237,D
-2.886,-0.8476,2,Y,237,E
5.122,0.06048,2,Y,237,F
1.306,0.04422,6,Y,237,G
-0.5046,-0.03916,3,Y,237,H
0.5261,0.02472,1,Y,237,I
-1.607,-0.229,3,Y,237,K
-0.2344,-0.01584,3,Y,237,L
1.959,0.05218,8,Y,237,M
0.2855,0.01498,1,Y,237,N
-3.155,-1.067,7,Y,237,P
2.645,0.05648,1,Y,237,Q
-2.812,-0.7935,3,Y,237,R
-3.023,-0.9546,3,Y,237,S
-2.297,-0.4863,10,Y,237,T
0.4863,0.02326,4,Y,237,V
-0.3074,-0.02155,7,Y,237,W
0,0,,Y,237,Y
-0.1917,-0.01268,1,A,238,-
0,0,,A,238,A
-0.8408,-0.07805,3,A,238,C
-2.458,-0.5699,9,A,238,D
-1.541,-0.2114,6,A,238,E
0.06583,0.003833,3,A,238,F
-1.371,-0.1707,3,A,238,H
-1.505,-0.2024,9,A,238,I
-2.773,-0.766,1,A,238,L
-0.9597,-0.09506,3,A,238,M
-4.212,-2.237,3,A,238,N
-6.46,-4.482,4,A,238,P
-0.6011,-0.04908,5,A,238,Q
-7.217,-4.779,2,A,238,R
0.0328,0.001941,5,A,238,S
-0.4854,-0.0373,10,A,238,T
1.258,0.0434,11,A,238,V
4.269,0.05999,7,A,238,W
-3.873,-1.818,1,A,238,Y
0.9963,0.03821,1,D,239,-
-2.882,-0.8447,7,D,239,A
-7.569,-4.863,4,D,239,C
0,0,,D,239,D
-2.186,-0.4344,6,D,239,E
-3.892,-1.84,6,D,239,F
-9.301,-5.036,5,D,239,G
-4.168,-2.18,3,D,239,H
-8.774,-5.01,2,D,239,I
-5.669,-3.927,5,D,239,K
-3.39,-1.287,1,D,239,L
-4.435,-2.521,4,D,239,M
-2.595,-0.6499,9,D,239,N
-4.441,-2.529,5,D,239,P
-4.385,-2.458,1,D,239,Q
-6.137,-4.291,4,D,239,R
-3.208,-1.114,2,D,239,S
-9.873,-5.053,2,D,239,T
-4.129,-2.132,2,D,239,V
-2.706,-0.7206,2,D,239,W
-3.871,-1.815,11,D,239,Y
-5.806,-4.045,5,T,24,*
-1.559,-0.2162,3,T,24,-
2.377,0.05514,4,T,24,A
-0.6346,-0.05274,4,T,24,C
-1.694,-0.2536,5,T,24,D
0.1671,0.009271,4,T,24,E
0.9778,0.03779,1,T,24,F
-2.94,-0.8883,3,T,24,G
1.319,0.04444,3,T,24,H
-2.129,-0.4094,7,T,24,I
1.586,0.04828,6,T,24,K
1.579,0.04819,3,T,24,L
-2.438,-0.5591,6,T,24,M
-0.651,-0.05458,3,T,24,N
-1.753,-0.2715,5,T,24,P
-1.663,-0.2447,3,T,24,Q
-0.1046,-0.006623,2,T,24,R
-2.785,-0.7746,5,T,24,S
0,0,,T,24,T
1.969,0.05227,5,T,24,V
-2.842,-0.8149,1,T,24,W
3.309,0.0586,4,T,24,Y
1.051,0.03942,1,V,240,-
0.2997,0.01562,4,V,240,A
-2.333,-0.5043,2,V,240,C
-8.031,-4.94,8,V,240,D
-5.696,-3.951,3,V,240,E
-9.143,-5.03,3,V,240,F
-8.24,-4.965,4,V,240,G
-9.628,-5.047,3,V,240,H
-1.436,-0.1855,4,V,240,I
-6.167,-4.31,3,V,240,K
-2.54,-0.6171,5,V,240,L
1.429,0.04614,6,V,240,M
-1.454,-0.1899,1,V,240,N
-7.986,-4.933,4,V,240,P
-6.752,-4.619,7,V,240,Q
-9.346,-5.038,3,V,240,R
-2.652,-0.6854,7,V,240,S
0.02298,0.001367,5,V,240,T
0,0,,V,240,V
-7.123,-4.752,5,V,240,W
-8.788,-5.011,1,V,240,Y
-0.9682,-0.09635,1,L,241,-
-5.815,-4.053,8,L,241,A
-3.46,-1.357,5,L,241,C
-6.003,-4.198,2,L,241,D
-7.993,-4.934,2,L,241,E
-4.995,-3.221,5,L,241,F
-4.703,-2.864,2,L,241,G
-6.167,-4.311,3,L,241,H
-4.474,-2.571,3,L,241,I
-5.457,-3.727,5,L,241,K
0,0,,L,241,L
0.72,0.03105,5,L,241,M
-8.746,-5.008,4,L,241,N
-10.6,-5.065,6,L,241,P
-11.32,-5.07,4,L,241,Q
-10.31,-5.061,5,L,241,R
-9.006,-5.023,2,L,241,S
-9.02,-5.024,6,L,241,T
-5.278,-3.542,8,L,241,V
-5.495,-3.765,3,L,241,W
-7.068,-4.734,5,L,241,Y
-3.035,-0.9642,5,V,242,C
-8.041,-4.941,7,V,242,D
-4.455,-2.547,6,V,242,F
-6.609,-4.556,3,V,242,G
-5.383,-3.653,4,V,242,H
-2.958,-0.9028,4,V,242,I
-7.488,-4.846,3,V,242,K
-0.9416,-0.09234,9,V,242,L
1.989,0.05244,6,V,242,M
-6.305,-4.396,8,V,242,N
-9.213,-5.033,3,V,242,P
-9.406,-5.04,2,V,242,Q
-5.342,-3.61,8,V,242,R
-2.278,-0.477,2,V,242,S
-2.624,-0.6679,2,V,242,T
0,0,,V,242,V
-6.557,-4.531,2,V,242,W
-6.694,-4.594,10,V,242,Y
1.501,0.04716,3,N,243,A
-6.445,-4.474,2,N,243,C
-1.68,-0.2497,6,N,243,D
-2.316,-0.4958,3,N,243,E
-2.08,-0.3889,3,N,243,F
-3.104,-1.023,2,N,243,G
-3.266,-1.167,6,N,243,H
-4.552,-2.672,6,N,243,I
1.977,0.05234,5,N,243,K
-0.2993,-0.0209,2,N,243,L
-2.684,-0.7061,6,N,243,M
0,0,,N,243,N
-9.109,-5.028,2,N,243,P
3.232,0.05842,2,N,243,Q
3.138,0.05818,7,N,243,R
-0.02264,-0.001376,5,N,243,S
-3.125,-1.04,2,N,243,T
-3.374,-1.271,5,N,243,V
-2.245,-0.4615,5,N,243,W
-1.625,-0.2341,3,N,243,Y
-3.574,-1.477,4,V,244,A
-2.783,-0.7729,4,V,244,C
-6.535,-4.52,4,V,244,D
-6.587,-4.546,4,V,244,E
-6.017,-4.207,7,V,244,F
-9.744,-5.05,4,V,244,G
-5.083,-3.324,2,V,244,H
-1.303,-0.1563,2,V,244,I
-9.243,-5.034,4,V,244,K
-1.408,-0.179,10,V,244,L
-0.6301,-0.05224,4,V,244,M
-10.74,-5.066,1,V,244,N
-7.149,-4.759,6,V,244,P
-5.413,-3.683,1,V,244,Q
-5.438,-3.708,6,V,244,R
-5.076,-3.316,4,V,244,S
-2.971,-0.9132,9,V,244,T
0,0,,V,244,V
-6.11,-4.272,1,V,244,W
-6.864,-4.663,1,V,244,Y
-0.2685,-0.01845,1,S,245,A
-2.621,-0.6661,5,S,245,C
-0.9479,-0.09328,2,S,245,D
3.392,0.05878,3,S,245,E
3.159,0.05824,2,S,245,F
-3.459,-1.356,4,S,245,G
2.347,0.05497,3,S,245,H
-3.712,-1.63,9,S,245,I
-0.07825,-0.00489,3,S,245,K
-2.256,-0.4667,3,S,245,L
1.673,0.04932,3,S,245,M
-2.576,-0.6383,10,S,245,N
-9.653,-5.048,5,S,245,P
-1.577,-0.2209,5,S,245,Q
-5.089,-3.331,5,S,245,R
0,0,,S,245,S
-1.986,-0.3519,6,S,245,T
2.311,0.05475,3,S,245,V
-4.182,-2.198,3,S,245,W
2.569,0.05614,6,S,245,Y
-9.167,-5.031,6,Q,246,*
4.548,0.0602,5,Q,246,A
-1.585,-0.2231,4,Q,246,C
0.9428,0.03698,3,Q,246,D
1.563,0.04798,6,Q,246,E
-2.271,-0.4739,8,Q,246,F
-2.224,-0.4515,5,Q,246,G
-0.9849,-0.0989,10,Q,246,H
-2.926,-0.8776,3,Q,246,I
-0.2576,-0.01761,5,Q,246,K
-0.1815,-0.01194,2,Q,246,L
-4.254,-2.29,4,Q,246,M
-2.263,-0.4698,2,Q,246,N
-9.71,-5.049,6,Q,246,P
0,0,,Q,246,Q
-0.57,-0.04578,3,Q,246,R
-0.9864,-0.09913,3,Q,246,S
-1.66,-0.2439,4,Q,246,T
-1.657,-0.2428,4,Q,246,V
-1.434,-0.1852,2,Q,246,W
0.2972,0.01551,4,Q,246,Y
1.005,0.0384,3,T,247,A
1.95,0.0521,3,T,247,C
-6.875,-4.668,2,T,247,D
-6.461,-4.483,6,T,247,E
-7.183,-4.769,2,T,247,F
-4.526,-2.638,5,T,247,G
-6.393,-4.446,3,T,247,H
-5.805,-4.044,9,T,247,I
-9.718,-5.05,4,T,247,K
-9.917,-5.054,1,T,247,L
-7.405,-4.827,6,T,247,M
-8.752,-5.008,3,T,247,N
-6.066,-4.242,3,T,247,P
-5.93,-4.143,3,T,247,R
-3.269,-1.17,9,T,247,S
0,0,,T,247,T
-2.364,-0.5198,3,T,247,V
-6.185,-4.322,3,T,247,W
-4.837,-3.03,3,T,247,Y
-5.384,-3.654,3,A,248,-
0,0,,A,248,A
3.895,0.0596,4,A,248,C
-2.223,-0.4511,3,A,248,D
-0.8843,-0.08405,2,A,248,E
2.971,0.0577,1,A,248,F
-0.08824,-0.005541,3,A,248,G
3.286,0.05855,1,A,248,H
-1.066,-0.112,4,A,248,I
1.184,0.04208,6,A,248,K
-0.5614,-0.04489,8,A,248,L
1.437,0.04626,3,A,248,M
3.271,0.05851,3,A,248,N
-5.476,-3.746,1,A,248,P
2.112,0.05341,3,A,248,Q
2.234,0.05427,5,A,248,R
-2.177,-0.4303,7,A,248,S
0.4619,0.02234,9,A,248,T
2.693,0.05669,7,A,248,V
-1.076,-0.1137,8,A,248,W
2.927,0.05755,6,A,248,Y
-4.566,-2.689,3,I,249,-
-10.6,-5.065,1,I,249,A
-3.696,-1.613,3,I,249,C
-7.111,-4.748,4,I,249,D
-6.082,-4.254,6,I,249,E
-4.56,-2.682,7,I,249,F
-11.17,-5.069,2,I,249,G
-6.331,-4.411,2,I,249,H
0,0,,I,249,I
-8.072,-4.945,3,I,249,K
-1.966,-0.3442,3,I,249,L
-1.102,-0.118,7,I,249,M
-6.512,-4.509,5,I,249,N
-10.69,-5.065,3,I,249,P
-9.254,-5.035,5,I,249,Q
-11.46,-5.071,6,I,249,R
-6.596,-4.55,4,I,249,S
-6.279,-4.38,7,I,249,T
-2.974,-0.9149,2,I,249,V
-9.579,-5.046,9,I,249,W
-6.913,-4.682,4,I,249,Y
-2.384,-0.5301,3,S,25,-
-3.639,-1.549,2,S,25,A
-3.664,-1.576,1,S,25,C
1.004,0.03838,7,S,25,D
-1.465,-0.1925,5,S,25,E
1.287,0.0439,5,S,25,F
-1.434,-0.185,8,S,25,G
-0.5696,-0.04574,4,S,25,I
-2.519,-0.6049,6,S,25,K
-0.09599,-0.006051,2,S,25,L
2.512,0.05586,4,S,25,M
5.317,0.06055,5,S,25,N
1.627,0.04878,4,S,25,P
-1.088,-0.1156,1,S,25,Q
-1.897,-0.3191,7,S,25,R
0,0,,S,25,S
-0.6477,-0.0542,4,S,25,T
1.502,0.04718,6,S,25,V
-4.528,-2.641,2,S,25,W
-4.7,-2.859,2,S,25,Y
0,0,,A,250,A
-3.51,-1.409,2,A,250,C
-0.03461,-0.002117,8,A,250,D
-2.922,-0.8748,2,A,250,E
-1.89,-0.3169,8,A,250,F
-1.726,-0.2633,8,A,250,G
-4.971,-3.193,1,A,250,H
-1.327,-0.1612,6,A,250,I
1.189,0.04216,2,A,250,K
-2.937,-0.8864,1,A,250,L
-3.368,-1.265,7,A,250,M
-2.591,-0.6473,3,A,250,N
-1.089,-0.1159,4,A,250,Q
-0.3613,-0.02604,3,A,250,R
0.966,0.03752,14,A,250,S
-1.917,-0.3265,13,A,250,T
1.875,0.05143,4,A,250,V
-2.002,-0.3577,4,A,250,W
-2.643,-0.6802,4,A,250,Y
-3.656,-1.567,3,N,251,A
-1.821,-0.2933,6,N,251,C
2.548,0.05604,2,N,251,D
-2.398,-0.5376,2,N,251,E
-3.127,-1.042,2,N,251,F
-3.995,-1.965,1,N,251,G
-3.002,-0.938,8,N,251,H
-9.603,-5.046,2,N,251,I
1.83,0.051,3,N,251,K
-5.194,-3.451,5,N,251,L
-4.539,-2.655,2,N,251,M
0,0,,N,251,N
-0.9411,-0.09226,1,N,251,P
2.534,0.05597,6,N,251,Q
-1.54,-0.2111,1,N,251,R
-0.859,-0.08053,8,N,251,S
0.2216,0.01198,3,N,251,T
-5.647,-3.907,7,N,251,V
-0.6797,-0.05785,2,N,251,W
3.543,0.05907,2,N,251,Y
-1.513,-0.2043,1,I,252,A
1.633,0.04886,6,I,252,C
-7.095,-4.743,4,I,252,D
-6.379,-4.438,4,I,252,E
0.5826,0.02669,9,I,252,F
-6.121,-4.28,4,I,252,G
1.202,0.04241,1,I,252,H
0,0,,I,252,I
-4.527,-2.64,3,I,252,K
0.2751,0.0145,4,I,252,L
-9.033,-5.025,3,I,252,M
-3.785,-1.714,3,I,252,N
-4.32,-2.374,4,I,252,Q
-6.104,-4.268,3,I,252,R
-3.286,-1.186,5,I,252,S
-0.1008,-0.006368,6,I,252,T
2.565,0.05612,1,I,252,V
-3.261,-1.163,5,I,252,W
2.674,0.05661,2,I,252,Y
-3.693,-1.609,2,I,253,A
1.11,0.04064,5,I,253,C
-5.209,-3.466,5,I,253,D
-3.915,-1.868,4,I,253,E
-4.91,-3.12,3,I,253,F
-3.7,-1.617,8,I,253,G
-4.224,-2.252,6,I,253,H
0,0,,I,253,I
-2.515,-0.6025,6,I,253,K
1.732,0.04998,4,I,253,L
3.706,0.05934,4,I,253,M
-1.854,-0.3045,2,I,253,N
-4.499,-2.604,3,I,253,P
3.486,0.05897,2,I,253,Q
-3.261,-1.162,1,I,253,R
1.269,0.0436,6,I,253,S
-3.237,-1.141,2,I,253,T
2.433,0.05545,5,I,253,V
-5.334,-3.602,4,I,253,W
-5.16,-3.412,2,I,253,Y
-9.071,-5.026,2,Y,254,*
-5.233,-3.493,4,Y,254,A
-9.57,-5.045,5,Y,254,C
-8.03,-4.939,3,Y,254,D
-3.837,-1.775,4,Y,254,E
0.7932,0.03314,7,Y,254,F
-5.119,-3.365,2,Y,254,G
-2.315,-0.4949,7,Y,254,H
-4.341,-2.401,4,Y,254,I
-5.023,-3.254,2,Y,254,K
-3.29,-1.19,4,Y,254,L
-3.033,-0.9628,2,Y,254,M
-5.241,-3.502,2,Y,254,N
-4.068,-2.056,6,Y,254,P
2.644,0.05648,3,Y,254,Q
-6.329,-4.41,3,Y,254,R
-5.942,-4.152,7,Y,254,S
-5.353,-3.621,3,Y,254,T
-4.237,-2.268,3,Y,254,V
-5.071,-3.31,2,Y,254,W
0,0,,Y,254,Y
-7.116,-4.749,3,C,255,A
0,0,,C,255,C
-4.069,-2.057,3,C,255,D
-6.064,-4.241,6,C,255,E
-7.208,-4.776,14,C,255,F
-9.602,-5.046,3,C,255,G
-9.151,-5.03,1,C,255,H
-7.125,-4.752,5,C,255,I
-3.361,-1.258,2,C,255,K
-13.74,-5.075,5,C,255,L
-8.28,-4.969,4,C,255,M
-5.259,-3.522,1,C,255,N
-7.18,-4.768,1,C,255,P
-3.139,-1.053,1,C,255,Q
-7.622,-4.874,7,C,255,R
-7.786,-4.903,6,C,255,S
-10.38,-5.062,4,C,255,T
-8.85,-5.015,8,C,255,V
-8.817,-5.012,3,C,255,W
-6.587,-4.546,13,C,255,Y
-1.538,-0.2106,2,N,256,A
-3.059,-0.984,4,N,256,C
0.2814,0.01479,1,N,256,D
-0.4246,-0.03161,6,N,256,E
-1.436,-0.1856,4,N,256,F
-5.272,-3.535,3,N,256,G
1.998,0.05252,3,N,256,H
-1.754,-0.272,3,N,256,I
-1.565,-0.2177,5,N,256,K
-0.9801,-0.09817,5,N,256,L
-0.7661,-0.0683,8,N,256,M
0,0,,N,256,N
-7.68,-4.885,3,N,256,P
0.8431,0.03449,3,N,256,Q
-3.64,-1.549,4,N,256,R
-1.625,-0.234,3,N,256,S
-0.6742,-0.05722,5,N,256,T
-9.561,-5.045,4,N,256,V
-4.328,-2.384,4,N,256,W
-2.479,-0.5817,6,N,256,Y
-4.374,-2.444,6,S,257,A
-4.026,-2.003,7,S,257,C
-1.632,-0.2358,1,S,257,D
-5.35,-3.618,4,S,257,E
-6.156,-4.303,2,S,257,F
-3.038,-0.9672,6,S,257,G
-4.322,-2.377,2,S,257,H
-4.399,-2.476,13,S,257,I
-9.26,-5.035,2,S,257,K
-6.129,-4.286,1,S,257,L
-9.772,-5.051,6,S,257,M
-0.544,-0.0431,2,S,257,N
-3.702,-1.619,6,S,257,P
-9.41,-5.04,9,S,257,Q
-9.9,-5.054,11,S,257,R
0,0,,S,257,S
-0.8934,-0.08533,5,S,257,T
-9.165,-5.031,2,S,257,V
-5.707,-3.961,4,S,257,W
-8.825,-5.013,2,S,257,Y
-2.418,-0.5485,4,V,258,A
-3.663,-1.575,8,V,258,C
-3.173,-1.082,5,V,258,D
-5.823,-4.058,7,V,258,E
-5.569,-3.835,2,V,258,F
-6.484,-4.495,6,V,258,G
-1.769,-0.2765,3,V,258,H
-6.068,-4.244,3,V,258,K
4.283,0.06,6,V,258,L
-0.494,-0.03813,10,V,258,M
-1.109,-0.1193,4,V,258,N
-0.9377,-0.09177,3,V,258,P
-3.455,-1.352,7,V,258,Q
-10.25,-5.06,2,V,258,R
-3.592,-1.497,4,V,258,S
-0.7521,-0.06654,5,V,258,T
0,0,,V,258,V
-2.107,-0.3999,7,V,258,W
-3.935,-1.892,7,V,258,Y
-4.903,-3.111,5,I,259,A
-4.466,-2.562,2,I,259,C
-4.954,-3.172,2,I,259,D
-6.195,-4.329,4,I,259,E
-0.587,-0.04757,10,I,259,F
-5.344,-3.612,4,I,259,G
0,0,,I,259,I
-4.837,-3.03,5,I,259,K
2.839,0.05725,8,I,259,L
-0.1302,-0.008345,7,I,259,M
-4.424,-2.508,4,I,259,N
-4.74,-2.91,4,I,259,P
-7.735,-4.895,8,I,259,Q
-5.471,-3.741,3,I,259,R
-2.9,-0.8583,3,I,259,S
-2.828,-0.8053,6,I,259,T
-1.066,-0.112,3,I,259,V
-0.5383,-0.04252,5,I,259,W
4.073,0.0598,2,I,259,Y
-7.569,-4.863,5,H,26,*
-0.07369,-0.004594,3,H,26,-
-2.054,-0.3782,4,H,26,A
-0.5025,-0.03896,4,H,26,C
0.9934,0.03815,3,H,26,D
0.03005,0.00178,3,H,26,E
2.864,0.05734,3,H,26,F
3.136,0.05818,2,H,26,G
0,0,,H,26,H
5.229,0.06052,3,H,26,I
-0.533,-0.04198,4,H,26,K
-3.389,-1.286,4,H,26,L
-6.401,-4.451,3,H,26,M
0.9666,0.03753,5,H,26,N
2.208,0.05409,3,H,26,P
-0.2506,-0.01707,5,H,26,Q
-2.703,-0.7185,4,H,26,R
0.1809,0.009971,3,H,26,S
-0.1102,-0.006996,3,H,26,T
-3.275,-1.176,3,H,26,V
-2.801,-0.7855,7,H,26,W
-0.1311,-0.008411,3,H,26,Y
-0.4868,-0.03743,1,N,260,-
-9.232,-5.034,6,N,260,C
2.499,0.0558,6,N,260,D
-3.385,-1.282,4,N,260,E
-6.64,-4.57,4,N,260,F
-3.814,-1.748,6,N,260,G
-3.698,-1.614,6,N,260,H
-9.772,-5.051,9,N,260,I
-6.463,-4.484,10,N,260,K
-3.653,-1.564,3,N,260,L
-4.785,-2.966,2,N,260,M
0,0,,N,260,N
-9.306,-5.037,2,N,260,P
-3.644,-1.554,4,N,260,Q
-3.529,-1.43,1,N,260,R
-2.872,-0.8373,3,N,260,S
-4.92,-3.132,6,N,260,T
-7.587,-4.867,5,N,260,V
-5.565,-3.832,8,N,260,W
-4.197,-2.218,5,N,260,Y
-2.652,-0.6857,1,R,261,-
-2.949,-0.8956,3,R,261,A
-2.785,-0.7743,7,R,261,C
-4.262,-2.3,4,R,261,D
-3.603,-1.508,8,R,261,E
-4.937,-3.152,9,R,261,F
-3.847,-1.786,7,R,261,G
-0.2111,-0.0141,5,R,261,I
0.4412,0.02154,6,R,261,K
-0.2453,-0.01666,9,R,261,L
0.5124,0.02423,4,R,261,M
-0.5848,-0.04734,6,R,261,N
-12.47,-5.074,4,R,261,P
-1.799,-0.2863,9,R,261,Q
0,0,,R,261,R
-2.267,-0.4719,7,R,261,S
-2.154,-0.4201,9,R,261,T
-2.66,-0.6904,1,R,261,V
-3.4,-1.296,13,R,261,W
0.8764,0.03535,4,R,261,Y
-1.891,-0.3172,2,L,262,-
-9.208,-5.033,2,L,262,A
-6.923,-4.685,4,L,262,C
-9.31,-5.037,3,L,262,D
-7.889,-4.92,6,L,262,E
-9.528,-5.044,3,L,262,F
-9.078,-5.027,2,L,262,G
-6.574,-4.539,2,L,262,H
-0.079,-0.004938,5,L,262,I
2.364,0.05507,3,L,262,K
0,0,,L,262,L
-9.32,-5.037,6,L,262,M
-10.06,-5.057,6,L,262,N
-12.96,-5.074,7,L,262,P
-8.122,-4.951,5,L,262,Q
-8.757,-5.009,3,L,262,R
-9.449,-5.042,4,L,262,S
-6.504,-4.505,4,L,262,T
-3.227,-1.131,4,L,262,V
-8.953,-5.02,5,L,262,W
-2.97,-0.912,1,R,263,-
-2.844,-0.8165,3,R,263,A
-7.316,-4.805,6,R,263,D
-5.569,-3.835,4,R,263,E
-3.756,-1.681,10,R,263,F
-1.775,-0.2783,6,R,263,G
-2.85,-0.8212,4,R,263,H
-6.984,-4.707,13,R,263,I
2.56,0.05609,8,R,263,K
-2.638,-0.6768,6,R,263,L
-2.931,-0.8818,3,R,263,M
-4.851,-3.048,8,R,263,N
-7.96,-4.93,5,R,263,P
-9.345,-5.038,4,R,263,Q
0,0,,R,263,R
-3.777,-1.704,6,R,263,S
-5.915,-4.132,7,R,263,T
-9.434,-5.041,4,R,263,V
-5.67,-3.928,5,R,263,W
-3.29,-1.189,7,R,263,Y
-2.499,-0.5929,1,C,264,-
-9.582,-5.046,4,C,264,A
0,0,,C,264,C
-13.63,-5.075,12,C,264,D
-3.124,-1.039,3,C,264,E
-9.901,-5.054,8,C,264,F
-14.66,-5.075,7,C,264,G
-4.609,-2.744,1,C,264,H
-9.322,-5.037,3,C,264,I
-8.589,-4.997,4,C,264,K
-9.034,-5.025,2,C,264,L
-11.41,-5.07,6,C,264,M
-12.42,-5.073,2,C,264,N
-9.224,-5.033,2,C,264,P
-5.036,-3.27,4,C,264,Q
-10.21,-5.06,8,C,264,R
-4.96,-3.18,6,C,264,S
-8.891,-5.017,8,C,264,T
-6.182,-4.32,11,C,264,V
-8.796,-5.011,7,C,264,W
-12.85,-5.074,5,C,264,Y
-9.047,-5.025,2,D,265,-
-0.3526,-0.0253,7,D,265,A
-2.554,-0.6255,7,D,265,C
0,0,,D,265,D
-0.7256,-0.06329,9,D,265,E
-1.615,-0.2312,3,D,265,F
-2.834,-0.8092,4,D,265,G
0.1694,0.009388,6,D,265,H
-4.558,-2.679,8,D,265,I
-4.209,-2.233,2,D,265,K
5.041,0.06045,3,D,265,L
2.318,0.0548,3,D,265,M
-0.6391,-0.05323,2,D,265,N
-7.041,-4.726,6,D,265,P
0.8526,0.03473,3,D,265,Q
4.191,0.05992,8,D,265,R
-1.508,-0.203,7,D,265,S
-1.727,-0.2636,7,D,265,T
-3.75,-1.674,5,D,265,V
-2.221,-0.4505,1,D,265,W
-4.093,-2.086,18,D,265,Y
-7.621,-4.874,2,Q,266,*
-2.644,-0.6806,1,Q,266,-
-4.179,-2.194,5,Q,266,A
-3.124,-1.039,4,Q,266,C
-0.9641,-0.09572,4,Q,266,E
-1.125,-0.1222,1,Q,266,F
-3.752,-1.675,2,Q,266,G
-0.8042,-0.07319,9,Q,266,H
2.921,0.05754,5,Q,266,I
-0.8331,-0.07701,6,Q,266,K
-0.5459,-0.04329,4,Q,266,L
-2.342,-0.5086,4,Q,266,M
-4.329,-2.386,3,Q,266,N
-10.05,-5.057,4,Q,266,P
0,0,,Q,266,Q
4.383,0.06008,6,Q,266,R
-2.865,-0.8318,3,Q,266,S
-2.647,-0.6827,4,Q,266,T
-0.1858,-0.01225,1,Q,266,V
-2.838,-0.8126,7,Q,266,W
1.729,0.04995,6,Q,266,Y
-3.321,-1.219,3,L,267,C
-3.546,-1.447,2,L,267,D
-3.949,-1.908,2,L,267,E
-3.91,-1.862,6,L,267,F
-1.256,-0.1466,9,L,267,H
-2.969,-0.9109,3,L,267,I
2.853,0.0573,3,L,267,K
0,0,,L,267,L
1.159,0.0416,5,L,267,M
-1.292,-0.1538,5,L,267,N
-6.716,-4.604,9,L,267,P
-1.533,-0.2094,1,L,267,Q
0.234,0.01258,2,L,267,R
-1.137,-0.1243,1,L,267,S
-2.322,-0.4987,5,L,267,T
-2.196,-0.439,10,L,267,V
-16.1,-5.075,2,L,267,W
-2.928,-0.8793,4,L,267,Y
-2.311,-0.4932,6,S,268,A
0.08411,0.004856,3,S,268,C
0.02128,0.001266,5,S,268,D
-0.2661,-0.01827,2,S,268,E
2.211,0.05411,1,S,268,F
-2.279,-0.4778,4,S,268,G
-2.525,-0.6081,6,S,268,H
-0.6338,-0.05265,13,S,268,I
-2.362,-0.5186,4,S,268,K
-1.701,-0.2559,6,S,268,L
-0.7752,-0.06946,1,S,268,M
-1.826,-0.2951,9,S,268,N
-2.191,-0.4366,3,S,268,Q
-2.578,-0.6395,5,S,268,R
0,0,,S,268,S
-3.116,-1.032,2,S,268,T
1.336,0.04471,1,S,268,V
-2.533,-0.6126,1,S,268,W
-2.734,-0.7395,3,S,268,Y
-4.491,-2.593,2,F,269,A
-6.596,-4.55,3,F,269,C
-13.42,-5.075,1,F,269,D
-4.89,-3.096,8,F,269,E
0,0,,F,269,F
-5.455,-3.725,3,F,269,G
-5.057,-3.294,4,F,269,H
-3.254,-1.156,1,F,269,I
-3.899,-1.848,4,F,269,K
-3.743,-1.666,12,F,269,L
-3.042,-0.9701,4,F,269,M
-2.803,-0.7875,1,F,269,N
-8.733,-5.007,2,F,269,P
-5.978,-4.179,3,F,269,Q
-5.164,-3.416,4,F,269,R
-5.039,-3.273,11,F,269,S
-5.079,-3.32,1,F,269,T
-4.098,-2.093,5,F,269,V
0.04017,0.002369,4,F,269,W
3.688,0.05931,1,F,269,Y
-1.471,-0.1938,2,S,27,-
-3.04,-0.9681,4,S,27,C
-1.177,-0.1314,6,S,27,D
0.3275,0.01685,2,S,27,E
-1.086,-0.1153,4,S,27,F
-3.584,-1.489,8,S,27,G
-2.644,-0.6808,1,S,27,H
-0.4474,-0.03371,7,S,27,I
-5.678,-3.935,2,S,27,K
1.578,0.04818,6,S,27,L
-1.632,-0.2358,3,S,27,M
-0.9206,-0.08925,4,S,27,N
-1.635,-0.2367,3,S,27,P
-2.837,-0.8115,3,S,27,Q
-1.302,-0.156,4,S,27,R
0,0,,S,27,S
-2.054,-0.3782,3,S,27,T
-0.4479,-0.03375,6,S,27,V
-0.1789,-0.01175,6,S,27,W
2.202,0.05405,2,S,27,Y
-0.6753,-0.05735,5,D,270,A
-2.385,-0.5309,2,D,270,C
0,0,,D,270,D
-2.187,-0.4349,5,D,270,E
5.076,0.06047,6,D,270,F
-2.99,-0.9277,11,D,270,G
2.157,0.05374,8,D,270,H
3.13,0.05816,3,D,270,I
0.3982,0.01983,9,D,270,K
2.969,0.05769,5,D,270,L
0.5181,0.02443,2,D,270,M
0.8348,0.03427,7,D,270,N
-9.284,-5.036,3,D,270,P
2.638,0.05645,5,D,270,Q
5.932,0.06069,5,D,270,R
-0.4544,-0.03436,2,D,270,S
2.779,0.05703,3,D,270,T
-2.702,-0.7183,4,D,270,V
2.313,0.05477,17,D,270,Y
-7.014,-4.717,5,V,271,A
-4.381,-2.453,4,V,271,C
-8.482,-4.988,4,V,271,D
-3.786,-1.715,2,V,271,E
-6.126,-4.283,7,V,271,F
-9.288,-5.036,3,V,271,G
-6.4,-4.45,3,V,271,H
-0.01902,-0.001154,9,V,271,I
-7.009,-4.715,5,V,271,K
0.1803,0.009939,6,V,271,L
-1.526,-0.2076,4,V,271,M
-7.042,-4.726,4,V,271,N
-8.764,-5.009,1,V,271,P
-6.574,-4.539,6,V,271,Q
-6.725,-4.608,5,V,271,R
-8.865,-5.015,1,V,271,S
-5.048,-3.284,5,V,271,T
0,0,,V,271,V
-2.951,-0.897,1,V,271,W
-8.231,-4.964,10,V,271,Y
-1.771,-0.2771,5,P,272,A
-3.486,-1.384,4,P,272,C
-2.406,-0.542,4,P,272,D
-2.926,-0.8781,3,P,272,E
-5.039,-3.273,10,P,272,F
-2.287,-0.4813,2,P,272,G
-3.056,-0.9817,3,P,272,H
-1.69,-0.2526,6,P,272,I
5.555,0.06061,9,P,272,L
-3.124,-1.039,2,P,272,M
0.8393,0.03439,2,P,272,N
0,0,,P,272,P
-0.521,-0.04078,12,P,272,Q
-1.188,-0.1335,3,P,272,R
0.08461,0.004883,9,P,272,S
1.264,0.04351,6,P,272,T
0.8414,0.03444,2,P,272,V
-5.246,-3.507,2,P,272,W
-2.918,-0.8716,1,P,272,Y
-8.955,-5.021,1,D,273,*
-6.19,-4.325,4,D,273,A
-11.26,-5.07,2,D,273,C
0,0,,D,273,D
-9.215,-5.033,4,D,273,E
-5.762,-4.008,5,D,273,F
-7.977,-4.932,4,D,273,G
-6.185,-4.322,11,D,273,H
-4.103,-2.099,2,D,273,I
-5.746,-3.995,3,D,273,K
-10.42,-5.062,9,D,273,L
-5.211,-3.469,4,D,273,M
-3.042,-0.9702,4,D,273,N
-5.296,-3.561,2,D,273,P
-7.358,-4.816,2,D,273,Q
-7.853,-4.914,3,D,273,R
-4.105,-2.101,4,D,273,S
-28.62,-5.075,3,D,273,T
-10.43,-5.063,2,D,273,V
-6.997,-4.711,5,D,273,W
-11.73,-5.072,7,D,273,Y
-5.75,-3.998,2,G,274,A
-6.29,-4.387,15,G,274,C
-10.13,-5.058,14,G,274,D
-6.884,-4.671,6,G,274,E
-11.42,-5.071,8,G,274,F
0,0,,G,274,G
-10.73,-5.066,2,G,274,H
-9.176,-5.031,3,G,274,I
-11,-5.068,7,G,274,K
-8.661,-5.002,4,G,274,L
-7.489,-4.846,4,G,274,M
-6.773,-4.628,2,G,274,N
-5.29,-3.555,5,G,274,P
-6.224,-4.347,2,G,274,Q
-11.71,-5.072,3,G,274,R
-5.804,-4.043,8,G,274,S
-6.133,-4.288,6,G,274,T
-6.539,-4.523,5,G,274,V
-0.9932,-0.1002,1,G,274,W
-9.558,-5.045,4,G,274,Y
-5.576,-3.842,1,F,275,*
-0.5532,-0.04404,1,F,275,-
-7.35,-4.814,10,F,275,A
-3.923,-1.877,2,F,275,C
-9.984,-5.056,6,F,275,D
-7.063,-4.733,5,F,275,E
0,0,,F,275,F
-10.47,-5.063,8,F,275,G
-8.762,-5.009,2,F,275,H
3.156,0.05823,8,F,275,I
-11.2,-5.069,3,F,275,K
-2.199,-0.4401,12,F,275,L
-1.978,-0.3488,2,F,275,M
-9.106,-5.028,3,F,275,N
-7.343,-4.812,7,F,275,P
-8.712,-5.006,4,F,275,Q
-8.122,-4.951,3,F,275,R
-9.177,-5.031,6,F,275,S
-6.148,-4.298,4,F,275,T
1.293,0.04401,7,F,275,V
-9.272,-5.035,3,F,275,Y
-1.416,-0.1809,1,Y,276,*
-9.206,-5.033,5,Y,276,A
-7.406,-4.827,8,Y,276,C
-6.142,-4.294,3,Y,276,D
-6.351,-4.423,5,Y,276,E
-4.682,-2.837,8,Y,276,F
-7.306,-4.803,11,Y,276,G
-6.181,-4.32,5,Y,276,H
-7.201,-4.774,5,Y,276,I
-6.554,-4.53,4,Y,276,K
-8.735,-5.007,3,Y,276,L
-6.74,-4.614,3,Y,276,M
-6.425,-4.464,8,Y,276,N
-8.347,-4.976,5,Y,276,P
-4.345,-2.406,2,Y,276,Q
-10.63,-5.065,7,Y,276,R
-5.229,-3.489,8,Y,276,S
-9.766,-5.051,4,Y,276,T
-9.061,-5.026,2,Y,276,V
-6.515,-4.511,5,Y,276,W
0,0,,Y,276,Y
-2.635,-0.6746,3,S,277,A
-3.444,-1.341,4,S,277,C
-10.16,-5.059,3,S,277,D
-6.212,-4.34,10,S,277,E
-1.818,-0.2925,3,S,277,F
-5.354,-3.623,3,S,277,G
3.642,0.05924,3,S,277,H
-4.171,-2.185,6,S,277,I
-8.517,-4.991,3,S,277,K
3.419,0.05884,2,S,277,L
-3.16,-1.071,8,S,277,M
-6.805,-4.641,9,S,277,N
-3.034,-0.9633,4,S,277,P
-3.989,-1.958,4,S,277,Q
-7.813,-4.908,9,S,277,R
0,0,,S,277,S
-2.29,-0.483,6,S,277,T
-2.395,-0.5359,6,S,277,V
-1.902,-0.3212,2,S,277,W
-2.019,-0.3645,7,S,277,Y
-3.792,-1.722,1,T,278,-
-2.637,-0.6758,4,T,278,A
-1.522,-0.2067,5,T,278,C
-4.634,-2.776,6,T,278,D
-5.455,-3.725,3,T,278,E
4.038,0.05977,6,T,278,F
-4.184,-2.2,3,T,278,G
-1.512,-0.204,5,T,278,H
-1.371,-0.1708,1,T,278,I
-0.5253,-0.04121,3,T,278,K
-1.307,-0.1569,8,T,278,L
4.322,0.06003,4,T,278,M
-2.238,-0.4582,6,T,278,N
-5.31,-3.576,5,T,278,P
3.228,0.05841,1,T,278,Q
-4.084,-2.075,3,T,278,R
-3.18,-1.089,2,T,278,S
0,0,,T,278,T
1.329,0.0446,10,T,278,V
-1.557,-0.2157,6,T,278,W
3.871,0.05957,3,T,278,Y
-3.295,-1.194,1,S,279,-
-1.365,-0.1695,3,S,279,A
-2.353,-0.5142,4,S,279,C
-4.632,-2.774,6,S,279,D
-3.99,-1.959,7,S,279,E
-1.875,-0.3117,3,S,279,F
-5.302,-3.567,2,S,279,G
-4.144,-2.151,3,S,279,H
-4.028,-2.006,3,S,279,I
-2.995,-0.9321,4,S,279,K
-10.47,-5.063,2,S,279,L
-3.882,-1.828,7,S,279,M
-1.362,-0.1688,10,S,279,N
-5.032,-3.265,9,S,279,P
-2.7,-0.7165,6,S,279,Q
2.924,0.05755,9,S,279,R
0,0,,S,279,S
-4.369,-2.437,3,S,279,T
3.769,0.05943,8,S,279,V
-4.806,-2.993,4,S,279,W
-1.537,-0.2103,11,S,279,Y
-9.059,-5.026,2,V,28,*
1.419,0.046,2,V,28,-
1.501,0.04716,5,V,28,A
3.004,0.0578,2,V,28,C
5.55,0.06061,6,V,28,D
3.555,0.05909,1,V,28,E
1.517,0.04737,4,V,28,G
-0.3773,-0.02741,4,V,28,H
-4.987,-3.212,3,V,28,I
1.547,0.04778,2,V,28,K
-0.6148,-0.05056,10,V,28,L
-0.1431,-0.009234,8,V,28,M
-1.45,-0.1889,4,V,28,N
2.597,0.05627,6,V,28,P
8.897,0.06084,3,V,28,Q
-0.155,-0.01006,3,V,28,R
2.242,0.05432,4,V,28,S
-0.6509,-0.05457,2,V,28,T
0,0,,V,28,V
-0.07148,-0.004451,4,V,28,Y
-2.264,-0.4704,1,P,280,-
0.04741,0.002786,1,P,280,A
-2.521,-0.6059,2,P,280,C
3.228,0.05841,1,P,280,D
-3.102,-1.021,5,P,280,E
-5.468,-3.739,3,P,280,F
2.9,0.05747,6,P,280,H
-4.749,-2.921,1,P,280,I
-2.754,-0.7529,3,P,280,K
4.504,0.06017,5,P,280,L
-0.5258,-0.04126,5,P,280,M
3.679,0.0593,1,P,280,N
0,0,,P,280,P
3.304,0.05859,5,P,280,Q
3.498,0.05899,3,P,280,R
1.979,0.05236,3,P,280,S
-0.2079,-0.01386,10,P,280,T
-2.142,-0.4148,7,P,280,V
-2.328,-0.5015,2,P,280,W
0.03562,0.002105,7,P,280,Y
-3.54,-1.441,1,I,281,-
-0.02217,-0.001348,4,I,281,A
-2.714,-0.7257,6,I,281,D
-0.9434,-0.0926,5,I,281,E
-1.754,-0.2718,2,I,281,F
3.449,0.0589,8,I,281,G
0.8602,0.03493,7,I,281,H
0,0,,I,281,I
-2.383,-0.5299,5,I,281,K
-1.987,-0.3521,3,I,281,L
-1.224,-0.1403,3,I,281,M
-3.142,-1.055,3,I,281,N
-1.478,-0.1957,6,I,281,P
-0.7036,-0.06067,3,I,281,Q
-0.01808,-0.001097,3,I,281,R
-3.345,-1.243,6,I,281,S
0.07567,0.004386,7,I,281,T
3.723,0.05936,5,I,281,V
1.366,0.04519,2,I,281,W
-1.652,-0.2415,3,I,281,Y
-10.68,-5.065,3,Q,282,*
-0.4269,-0.03181,3,Q,282,A
-2.523,-0.6068,3,Q,282,C
-2.268,-0.4723,2,Q,282,D
2.313,0.05477,1,Q,282,E
-3.052,-0.9786,7,Q,282,F
4.57,0.06021,7,Q,282,G
1.756,0.05024,5,Q,282,H
0.03214,0.001903,5,Q,282,I
-1.644,-0.2392,11,Q,282,K
0.9376,0.03685,7,Q,282,L
2.644,0.05648,3,Q,282,M
3.525,0.05904,2,Q,282,N
3.171,0.05827,4,Q,282,P
0,0,,Q,282,Q
-1.57,-0.2191,14,Q,282,R
1.213,0.04261,8,Q,282,S
-1.415,-0.1808,4,Q,282,T
0.5155,0.02433,1,Q,282,V
-3.185,-1.093,5,Q,282,W
0.5621,0.02599,10,Q,282,Y
1.862,0.0513,4,S,283,A
-3.618,-1.526,10,S,283,C
-0.3929,-0.02878,6,S,283,D
2.394,0.05524,2,S,283,E
-1.879,-0.3128,2,S,283,F
-1.393,-0.1757,6,S,283,G
-0.7398,-0.06503,5,S,283,H
-1.926,-0.3295,13,S,283,I
-1.801,-0.2868,3,S,283,K
-2.57,-0.6346,8,S,283,L
-1.434,-0.1851,6,S,283,M
-0.6374,-0.05304,8,S,283,N
-9.202,-5.032,1,S,283,P
1.795,0.05064,6,S,283,Q
0.672,0.0296,9,S,283,R
0,0,,S,283,S
0.7818,0.03283,10,S,283,T
0.4386,0.02144,5,S,283,V
-3.149,-1.061,6,S,283,W
10.19,0.06085,7,S,283,Y
4.64,0.06026,9,V,284,A
-2.503,-0.5955,4,V,284,C
0.09298,0.005344,5,V,284,D
-1.193,-0.1345,4,V,284,E
-0.9472,-0.09317,18,V,284,F
2.006,0.05258,2,V,284,G
-1.963,-0.3433,3,V,284,H
-1.45,-0.1888,4,V,284,I
-0.8596,-0.08061,3,V,284,K
0.3203,0.01653,4,V,284,L
1.532,0.04758,3,V,284,M
0.5938,0.02707,2,V,284,N
-3.054,-0.98,3,V,284,P
-0.3087,-0.02166,7,V,284,Q
-2.223,-0.451,8,V,284,R
2.66,0.05655,1,V,284,S
-0.3465,-0.02478,10,V,284,T
0,0,,V,284,V
-2.041,-0.373,3,V,284,W
1.78,0.05048,5,V,284,Y
-10.92,-5.067,9,E,285,*
-0.2437,-0.01654,2,E,285,A
-3.862,-1.804,4,E,285,C
-0.1067,-0.00676,11,E,285,D
0,0,,E,285,E
-1.791,-0.2837,3,E,285,F
-0.2294,-0.01545,3,E,285,G
1.109,0.04061,10,E,285,H
-3.493,-1.391,2,E,285,I
-1.386,-0.1742,9,E,285,K
-2.135,-0.412,11,E,285,L
-2.465,-0.5739,4,E,285,M
1.584,0.04825,2,E,285,N
-1.616,-0.2314,1,E,285,P
-0.6272,-0.05192,3,E,285,Q
-0.2096,-0.01398,8,E,285,R
2.212,0.05412,1,E,285,S
-0.5661,-0.04538,2,E,285,T
4.651,0.06026,3,E,285,V
-3.781,-1.709,8,E,285,W
0.8282,0.03409,4,E,285,Y
-4.68,-2.835,5,L,286,A
-4.112,-2.11,6,L,286,C
-3.269,-1.17,2,L,286,D
-0.2923,-0.02033,3,L,286,E
-3.577,-1.481,3,L,286,F
-2.3,-0.4878,5,L,286,G
-1.532,-0.2092,5,L,286,H
0.9278,0.03662,3,L,286,I
-2.874,-0.8389,4,L,286,K
0,0,,L,286,L
-0.0227,-0.00138,2,L,286,M
-2.749,-0.7493,3,L,286,N
-1.595,-0.2258,1,L,286,P
-3.077,-0.9996,3,L,286,Q
-2.934,-0.8837,3,L,286,R
-4.493,-2.597,4,L,286,S
-3.014,-0.9469,6,L,286,T
-1.335,-0.1629,8,L,286,V
-3.445,-1.342,3,L,286,W
4.854,0.06037,4,L,286,Y
-4.319,-2.373,4,P,287,A
-6.407,-4.454,9,P,287,C
-2.815,-0.7957,2,P,287,D
-3.274,-1.175,8,P,287,E
-6.175,-4.316,1,P,287,F
-3.517,-1.416,2,P,287,G
-9.012,-5.023,4,P,287,H
-5.582,-3.848,2,P,287,I
-6.265,-4.372,1,P,287,K
-6.13,-4.286,4,P,287,L
-7.603,-4.87,6,P,287,M
-10.76,-5.066,3,P,287,N
0,0,,P,287,P
-6.569,-4.537,5,P,287,Q
-8.71,-5.006,7,P,287,R
-4.548,-2.667,9,P,287,S
-6.005,-4.199,9,P,287,T
-9.895,-5.054,6,P,287,V
-6.293,-4.389,3,P,287,W
-8.416,-4.982,7,P,287,Y
-0.07392,-0.004609,5,V,288,A
-1.992,-0.3542,6,V,288,C
-0.3336,-0.0237,3,V,288,D
-2.964,-0.9075,4,V,288,E
-1.944,-0.336,2,V,288,F
0.9235,0.03651,4,V,288,G
2.374,0.05512,3,V,288,H
3.455,0.05891,2,V,288,I
-2.337,-0.5062,1,V,288,K
-2.154,-0.4203,7,V,288,L
-1.763,-0.2748,4,V,288,M
-1.835,-0.2981,2,V,288,N
-1.79,-0.2833,4,V,288,P
4.322,0.06003,4,V,288,Q
-2.614,-0.6615,7,V,288,R
0.2264,0.01221,5,V,288,S
4.134,0.05987,6,V,288,T
0,0,,V,288,V
-2.894,-0.8538,3,V,288,W
6.88,0.06079,9,V,288,Y
-3.905,-1.856,7,S,289,A
-4.394,-2.469,3,S,289,C
-6.58,-4.543,6,S,289,D
-6.303,-4.395,4,S,289,E
-10.27,-5.06,7,S,289,F
-4.794,-2.977,5,S,289,G
-3.839,-1.777,3,S,289,H
-8.764,-5.009,4,S,289,I
-7.939,-4.927,4,S,289,K
-5.034,-3.267,3,S,289,L
-5.328,-3.595,3,S,289,M
-6.013,-4.205,4,S,289,N
-9.415,-5.041,5,S,289,P
-5.36,-3.628,5,S,289,Q
-8.205,-4.961,4,S,289,R
0,0,,S,289,S
3.342,0.05867,3,S,289,T
-4.451,-2.543,5,S,289,V
-5.046,-3.282,2,S,289,W
-5.2,-3.457,7,S,289,Y
0.4815,0.02308,2,C,29,-
2.479,0.05569,2,C,29,A
0,0,,C,29,C
8.469,0.06084,3,C,29,D
4.415,0.06011,2,C,29,E
3.713,0.05935,5,C,29,F
-1.786,-0.2821,1,C,29,G
-2.531,-0.6118,2,C,29,H
-0.857,-0.08025,2,C,29,I
0.1171,0.006653,4,C,29,K
-2.463,-0.5727,1,C,29,L
-0.7111,-0.06155,5,C,29,M
3.154,0.05822,1,C,29,N
0.3464,0.01767,3,C,29,P
-0.06805,-0.004231,3,C,29,Q
1.422,0.04605,3,C,29,R
4.563,0.06021,5,C,29,S
2.95,0.05763,5,C,29,T
-1.335,-0.163,4,C,29,V
-0.916,-0.08858,2,C,29,W
-0.6342,-0.0527,6,C,29,Y
-1.955,-0.3403,1,I,290,-
-1.753,-0.2715,2,I,290,A
-2.274,-0.4754,1,I,290,C
-3.76,-1.685,5,I,290,D
-0.8294,-0.07652,7,I,290,E
-1.653,-0.2417,7,I,290,F
-3.952,-1.912,3,I,290,G
-2.06,-0.3806,1,I,290,H
0,0,,I,290,I
-4.978,-3.202,2,I,290,K
-2.879,-0.8421,5,I,290,L
11.2,0.06085,9,I,290,M
-0.6186,-0.05098,4,I,290,N
-9.006,-5.023,3,I,290,P
2.156,0.05373,3,I,290,Q
-2.83,-0.8066,2,I,290,R
1.833,0.05102,4,I,290,S
-3,-0.9357,2,I,290,T
0.8013,0.03337,7,I,290,V
-2.591,-0.6475,3,I,290,W
-1.459,-0.191,2,I,290,Y
-2.959,-0.9035,1,V,291,-
-2.815,-0.7957,7,V,291,A
-1.952,-0.3391,5,V,291,C
-5.702,-3.956,4,V,291,D
-6.717,-4.604,2,V,291,E
-2.163,-0.4243,6,V,291,F
-5.979,-4.18,3,V,291,G
-3.987,-1.955,2,V,291,H
1.388,0.04552,7,V,291,I
-5.008,-3.237,3,V,291,K
1.051,0.03942,11,V,291,L
-1.235,-0.1425,8,V,291,M
-5.701,-3.956,10,V,291,N
-14.69,-5.075,1,V,291,P
-5.33,-3.597,1,V,291,Q
-9.174,-5.031,6,V,291,R
-4.409,-2.488,9,V,291,T
0,0,,V,291,V
-3.52,-1.42,10,V,291,W
3.341,0.05867,4,V,291,Y
-2.545,-0.6198,1,S,292,-
-3.18,-1.089,8,S,292,C
3.155,0.05823,3,S,292,D
-1.558,-0.2159,4,S,292,E
-3.454,-1.352,3,S,292,F
2.11,0.0534,4,S,292,G
-2.518,-0.6039,2,S,292,H
-3.973,-1.938,5,S,292,I
-5.305,-3.571,6,S,292,K
-3.168,-1.078,7,S,292,L
-4.757,-2.931,2,S,292,M
-0.9372,-0.09168,4,S,292,N
-7.685,-4.886,8,S,292,P
-2.968,-0.9106,3,S,292,Q
0.36,0.01824,5,S,292,R
0,0,,S,292,S
5.231,0.06052,3,S,292,T
-4.04,-2.021,8,S,292,V
1.481,0.04689,4,S,292,W
-3.714,-1.632,11,S,292,Y
-3.332,-1.23,1,L,293,-
-4.898,-3.105,5,L,293,A
-7.725,-4.893,6,L,293,C
-4.96,-3.18,7,L,293,E
-1.991,-0.3535,3,L,293,F
-5.046,-3.282,5,L,293,G
-3.724,-1.644,5,L,293,H
-1.881,-0.3135,3,L,293,I
-3.692,-1.607,1,L,293,K
0,0,,L,293,L
-3.094,-1.013,7,L,293,M
-4.371,-2.439,2,L,293,N
-4.824,-3.014,6,L,293,P
-3.431,-1.328,2,L,293,Q
-8.427,-4.983,8,L,293,R
-4.771,-2.949,4,L,293,S
-4.525,-2.637,4,L,293,T
-3.603,-1.509,5,L,293,V
-3.82,-1.755,5,L,293,W
-3.153,-1.065,9,L,293,Y
-2.763,-0.7593,1,P,294,-
-6.242,-4.358,3,P,294,A
-5.986,-4.185,1,P,294,C
-4.672,-2.825,2,P,294,D
-4.812,-2.999,5,P,294,E
-3.184,-1.092,4,P,294,F
-4.612,-2.748,2,P,294,G
-4.084,-2.075,8,P,294,H
-5.456,-3.726,6,P,294,I
-8.826,-5.013,3,P,294,K
-5.39,-3.66,4,P,294,L
-6.701,-4.598,1,P,294,M
-5.119,-3.366,9,P,294,N
0,0,,P,294,P
-4.695,-2.853,6,P,294,Q
-11.86,-5.072,6,P,294,R
-4.145,-2.152,9,P,294,S
-3.838,-1.776,3,P,294,T
-4.904,-3.112,6,P,294,V
-5.195,-3.451,1,P,294,W
-3.179,-1.088,8,P,294,Y
-2.355,-0.5153,1,V,295,-
2.606,0.05631,2,V,295,A
2.39,0.05522,2,V,295,C
-3.604,-1.51,5,V,295,D
-1.73,-0.2645,5,V,295,E
-3.305,-1.204,2,V,295,F
-4.275,-2.316,3,V,295,G
3.229,0.05842,3,V,295,H
-3.152,-1.064,2,V,295,I
-3.649,-1.559,2,V,295,K
-2.952,-0.8983,6,V,295,L
-0.7234,-0.06303,15,V,295,M
-1.657,-0.2429,2,V,295,N
-11.77,-5.072,6,V,295,P
-1.981,-0.3499,3,V,295,Q
-1.273,-0.15,2,V,295,R
-2.103,-0.3986,4,V,295,S
-1.111,-0.1196,9,V,295,T
0,0,,V,295,V
-3.463,-1.361,5,V,295,W
-3.734,-1.655,3,V,295,Y
-7.781,-4.902,2,Y,296,*
-2.189,-0.4356,1,Y,296,-
-3.502,-1.401,7,Y,296,A
-3.842,-1.78,5,Y,296,C
-5.15,-3.401,6,Y,296,D
-4.059,-2.044,6,Y,296,E
-0.06086,-0.00377,2,Y,296,F
-4.028,-2.006,7,Y,296,G
-2.364,-0.52,4,Y,296,H
5.226,0.06052,5,Y,296,I
-4.124,-2.126,3,Y,296,K
-2.084,-0.3905,2,Y,296,L
-0.671,-0.05686,5,Y,296,M
-2.152,-0.4192,3,Y,296,N
-3.748,-1.672,5,Y,296,P
-2.927,-0.8788,6,Y,296,Q
4.098,0.05983,3,Y,296,R
-3.566,-1.469,3,Y,296,S
-4.153,-2.161,2,Y,296,T
-2.184,-0.4334,4,Y,296,V
-0.2093,-0.01396,11,Y,296,W
0,0,,Y,296,Y
-3.043,-0.9712,3,H,297,A
-2.63,-0.6717,6,H,297,C
-2.729,-0.7363,10,H,297,D
-3.571,-1.474,2,H,297,E
-0.6329,-0.05255,6,H,297,F
-3.844,-1.784,4,H,297,G
0,0,,H,297,H
-2.764,-0.76,1,H,297,I
-4.049,-2.032,3,H,297,K
0.1422,0.007983,7,H,297,L
1.518,0.04739,2,H,297,M
4.22,0.05995,16,H,297,N
-4.775,-2.953,5,H,297,P
-4.679,-2.833,4,H,297,Q
3.133,0.05817,5,H,297,R
0.5737,0.02639,5,H,297,S
-2.381,-0.529,5,H,297,T
-2.299,-0.4871,6,H,297,V
-3.314,-1.212,4,H,297,W
1.075,0.03993,5,H,297,Y
-0.5531,-0.04403,1,K,298,*
-2.239,-0.4588,1,K,298,-
8.551,0.06084,5,K,298,A
-3.597,-1.502,5,K,298,C
-0.4535,-0.03427,6,K,298,D
0.8621,0.03498,9,K,298,E
2.16,0.05376,5,K,298,F
-0.6519,-0.05467,3,K,298,G
1.102,0.04047,8,K,298,H
3.348,0.05869,5,K,298,I
0,0,,K,298,K
-0.173,-0.01133,5,K,298,L
-2.228,-0.4537,5,K,298,M
-3.121,-1.036,7,K,298,N
-3.905,-1.856,5,K,298,P
3.216,0.05838,4,K,298,Q
-0.4674,-0.03558,3,K,298,R
-3.497,-1.396,2,K,298,S
-3.54,-1.441,2,K,298,T
-0.2252,-0.01514,8,K,298,V
-1.8,-0.2866,5,K,298,W
3.676,0.05929,3,K,298,Y
-1.047,-0.1088,1,H,299,-
-3.446,-1.343,2,H,299,A
-3.457,-1.354,6,H,299,C
-8.88,-5.016,7,H,299,D
-11.19,-5.069,4,H,299,E
-3.405,-1.301,5,H,299,F
-10.18,-5.059,3,H,299,G
0,0,,H,299,H
-8.536,-4.993,1,H,299,I
-6.877,-4.669,3,H,299,K
-4.945,-3.162,2,H,299,L
0.387,0.01937,3,H,299,M
-3.719,-1.638,9,H,299,N
-3.934,-1.891,1,H,299,P
-3.86,-1.802,2,H,299,Q
-5.158,-3.409,6,H,299,R
-3.397,-1.293,4,H,299,S
-9.244,-5.034,2,H,299,T
-3.486,-1.384,3,H,299,V
-2.656,-0.6884,4,H,299,W
-3.23,-1.133,8,H,299,Y
-7.436,-4.835,4,N,30,*
-1.532,-0.2091,1,N,30,-
-3.045,-0.9729,3,N,30,A
5.706,0.06065,5,N,30,C
-3.535,-1.436,5,N,30,D
3.74,0.05939,1,N,30,E
1.782,0.05051,5,N,30,F
-1.083,-0.1148,8,N,30,G
-2.039,-0.3722,3,N,30,H
-1.025,-0.1053,3,N,30,I
-1.546,-0.2126,3,N,30,K
-3.522,-1.422,6,N,30,L
-1.402,-0.1777,3,N,30,M
0,0,,N,30,N
-3.061,-0.9856,2,N,30,P
-2.252,-0.4647,6,N,30,Q
-2.337,-0.5059,4,N,30,R
-0.04813,-0.002963,4,N,30,S
3.017,0.05784,5,N,30,T
-1.257,-0.1468,7,N,30,V
-1.708,-0.2578,4,N,30,W
-1.59,-0.2244,4,N,30,Y
-3.2,-1.107,1,T,300,-
0.5996,0.02726,4,T,300,A
-1.791,-0.2837,5,T,300,C
-1.577,-0.2209,3,T,300,D
-0.5008,-0.03879,3,T,300,E
-3.786,-1.715,5,T,300,F
-3.194,-1.101,2,T,300,G
-3.295,-1.194,6,T,300,H
-1.749,-0.2703,7,T,300,I
1.002,0.03834,3,T,300,K
-1.917,-0.3262,7,T,300,L
-3.083,-1.004,4,T,300,M
-2.579,-0.6404,6,T,300,N
-6.416,-4.459,6,T,300,P
-1.562,-0.217,4,T,300,Q
-1.422,-0.1823,5,T,300,R
1.218,0.0427,3,T,300,S
0,0,,T,300,T
-2.15,-0.4186,2,T,300,V
-4.05,-2.033,1,T,300,W
-5.041,-3.275,1,T,300,Y
-2.787,-0.7761,1,F,301,-
0.7113,0.03079,11,F,301,A
-2.566,-0.6323,8,F,301,C
-1.059,-0.1108,7,F,301,D
4.554,0.0602,2,F,301,E
0,0,,F,301,F
3.546,0.05908,2,F,301,G
1.874,0.05141,5,F,301,H
2.237,0.05429,2,F,301,I
-2.128,-0.4089,4,F,301,K
0.1512,0.008453,8,F,301,L
-0.4886,-0.03761,1,F,301,M
1.352,0.04496,3,F,301,N
2.207,0.05408,5,F,301,P
7.267,0.06081,6,F,301,Q
0.3326,0.01707,3,F,301,R
1.999,0.05253,2,F,301,S
-0.9863,-0.09912,5,F,301,T
0.7668,0.03241,2,F,301,V
4.239,0.05996,6,F,301,W
-0.3936,-0.02883,3,F,301,Y
-9.372,-5.039,2,I,302,A
-7.153,-4.76,2,I,302,C
1.788,0.05057,5,I,302,D
-8.764,-5.009,2,I,302,E
-4.721,-2.886,7,I,302,F
-12.21,-5.073,4,I,302,G
-6.68,-4.588,3,I,302,H
0,0,,I,302,I
-9.978,-5.055,7,I,302,K
3.356,0.0587,1,I,302,L
2.316,0.05478,3,I,302,M
-6.628,-4.565,5,I,302,N
-7.283,-4.797,8,I,302,P
-7.094,-4.743,4,I,302,Q
-13.65,-5.075,5,I,302,R
-7.543,-4.858,6,I,302,S
-6.726,-4.608,8,I,302,T
2.858,0.05732,5,I,302,V
-6.636,-4.569,2,I,302,W
-1.782,-0.2808,3,I,302,Y
1.058,0.03957,9,V,303,A
2.139,0.05361,2,V,303,C
-2.972,-0.9138,5,V,303,D
2.376,0.05513,6,V,303,E
-2.549,-0.6221,3,V,303,F
-2.494,-0.5904,5,V,303,G
-1.203,-0.1364,4,V,303,H
-1.944,-0.336,4,V,303,I
0.8862,0.03559,4,V,303,K
-2.485,-0.5852,1,V,303,L
-1.062,-0.1112,7,V,303,M
1.642,0.04896,3,V,303,N
-2.832,-0.8079,2,V,303,P
-1.608,-0.2293,6,V,303,Q
-1.986,-0.3517,2,V,303,R
5.874,0.06068,2,V,303,S
-0.2608,-0.01785,10,V,303,T
0,0,,V,303,V
3.055,0.05795,6,V,303,W
0.4067,0.02017,6,V,303,Y
-3.922,-1.876,4,L,304,A
-9.724,-5.05,1,L,304,C
-9.134,-5.029,9,L,304,D
-8.789,-5.011,2,L,304,E
-6.316,-4.403,6,L,304,F
-7.983,-4.933,9,L,304,G
-5.058,-3.296,2,L,304,H
-2.021,-0.3654,3,L,304,I
-7.983,-4.933,7,L,304,K
0,0,,L,304,L
2.262,0.05445,1,L,304,M
-8.66,-5.002,5,L,304,P
-8.171,-4.957,9,L,304,Q
-4.42,-2.502,2,L,304,R
-9.406,-5.04,5,L,304,S
-2.182,-0.4328,1,L,304,T
2.446,0.05552,2,L,304,V
-7.043,-4.726,4,L,304,W
-11.06,-5.069,6,L,304,Y
-11.48,-5.071,2,Y,305,*
2.217,0.05415,1,Y,305,-
-3.125,-1.04,3,Y,305,A
0.09969,0.005712,4,Y,305,C
0.0146,0.0008719,7,Y,305,D
-0.833,-0.07699,4,Y,305,E
-0.1467,-0.009486,6,Y,305,F
1.8,0.05069,3,Y,305,G
-0.7589,-0.0674,3,Y,305,H
-1.452,-0.1893,6,Y,305,I
-1.241,-0.1436,6,Y,305,K
-2.495,-0.5911,5,Y,305,L
-2.663,-0.6924,4,Y,305,M
-0.8692,-0.08193,8,Y,305,N
-7.398,-4.826,6,Y,305,P
-0.1094,-0.006943,3,Y,305,Q
5.843,0.06067,4,Y,305,R
2.208,0.05409,2,Y,305,S
6.47,0.06076,4,Y,305,T
0.5474,0.02548,2,Y,305,V
3.307,0.0586,3,Y,305,W
0,0,,Y,305,Y
-0.2095,-0.01398,1,V,306,-
4.873,0.06038,4,V,306,A
-5.165,-3.417,6,V,306,C
-15.01,-5.075,6,V,306,D
-6.314,-4.401,4,V,306,E
-8.083,-4.946,10,V,306,F
-3.693,-1.608,1,V,306,G
-6.054,-4.234,3,V,306,H
-2.42,-0.5496,1,V,306,I
-9.926,-5.054,7,V,306,K
-2.746,-0.7477,7,V,306,L
-5.244,-3.505,9,V,306,M
-6.338,-4.415,9,V,306,N
-6.926,-4.687,4,V,306,P
-6.8,-4.639,4,V,306,Q
-14.39,-5.075,2,V,306,R
-2.51,-0.5993,7,V,306,S
-1.951,-0.3388,4,V,306,T
0,0,,V,306,V
-6.632,-4.567,6,V,306,W
-7.072,-4.736,9,V,306,Y
-0.1258,-0.008051,1,D,307,-
-2.169,-0.4269,3,D,307,A
-4.552,-2.671,6,D,307,C
0,0,,D,307,D
-1.572,-0.2196,7,D,307,E
-1.006,-0.1022,2,D,307,F
-3.122,-1.038,7,D,307,G
-0.6972,-0.05991,3,D,307,H
-3.154,-1.065,2,D,307,I
-3.341,-1.238,11,D,307,K
-1.708,-0.2579,7,D,307,M
2.008,0.0526,6,D,307,N
-7.752,-4.897,4,D,307,P
-2.416,-0.5475,7,D,307,Q
-2.825,-0.8031,10,D,307,R
3.657,0.05926,1,D,307,T
-1.764,-0.2751,1,D,307,V
-3.318,-1.216,3,D,307,W
0.5851,0.02678,10,D,307,Y
0.07487,0.004341,1,F,308,-
-2.048,-0.376,7,F,308,A
-9.19,-5.032,9,F,308,D
-7.576,-4.865,4,F,308,E
0,0,,F,308,F
-11.75,-5.072,4,F,308,G
-2.921,-0.8744,3,F,308,H
-1.925,-0.3292,3,F,308,I
-8.196,-4.96,5,F,308,K
-1.484,-0.1971,7,F,308,L
4.144,0.05987,5,F,308,M
-8.52,-4.991,5,F,308,N
-3.2,-1.107,3,F,308,P
-6.568,-4.537,4,F,308,Q
-8.419,-4.982,2,F,308,R
-4.363,-2.429,3,F,308,S
-3.512,-1.412,6,F,308,T
4.02,0.05975,3,F,308,V
-1.633,-0.2363,5,F,308,W
-0.5193,-0.04061,2,F,308,Y
1.315,0.04436,1,K,309,-
-2.404,-0.5406,7,K,309,A
-2.736,-0.7407,3,K,309,C
-0.3592,-0.02585,1,K,309,D
0.911,0.03621,4,K,309,E
-1.67,-0.2466,1,K,309,F
-0.00514,-0.0003095,7,K,309,G
-0.7692,-0.0687,13,K,309,H
0.4343,0.02127,6,K,309,I
0,0,,K,309,K
-1.855,-0.3048,4,K,309,L
0.4661,0.0225,3,K,309,M
-1.462,-0.1917,13,K,309,N
-2.979,-0.9192,3,K,309,P
1.096,0.04034,3,K,309,Q
-2.578,-0.6394,10,K,309,R
-2.488,-0.587,3,K,309,S
-4.164,-2.175,3,K,309,T
4.209,0.05994,6,K,309,V
2.499,0.0558,1,K,309,W
1.846,0.05115,4,K,309,Y
-2.302,-0.4889,1,G,31,-
3.017,0.05784,1,G,31,A
-1.144,-0.1255,8,G,31,C
-1.085,-0.1152,8,G,31,D
-1.453,-0.1897,2,G,31,E
-1.89,-0.3167,4,G,31,F
0,0,,G,31,G
4.454,0.06014,5,G,31,H
5.261,0.06053,1,G,31,I
-2.148,-0.4175,3,G,31,K
-0.9458,-0.09297,10,G,31,L
-1.935,-0.3329,2,G,31,M
2.657,0.05653,5,G,31,N
-2.769,-0.7635,1,G,31,P
-2.424,-0.5516,5,G,31,Q
-3.074,-0.9966,7,G,31,R
2.37,0.0551,4,G,31,S
-1.146,-0.1258,4,G,31,T
1.03,0.03895,8,G,31,V
-0.1273,-0.008148,4,G,31,W
2.574,0.05616,2,G,31,Y
-0.4393,-0.03296,1,L,310,-
-1.236,-0.1427,5,L,310,A
-1.012,-0.1032,9,L,310,C
1.865,0.05133,4,L,310,D
1.437,0.04626,10,L,310,E
-0.01135,-0.000686,3,L,310,F
2.515,0.05588,1,L,310,G
3.681,0.0593,1,L,310,H
1.163,0.04168,2,L,310,I
-3.224,-1.128,3,L,310,K
0,0,,L,310,L
-0.2993,-0.02089,8,L,310,M
-5.606,-3.87,1,L,310,N
-0.5757,-0.04638,1,L,310,P
-0.5715,-0.04594,3,L,310,Q
-2.403,-0.5404,3,L,310,R
-0.7025,-0.06053,2,L,310,S
0.6136,0.02773,3,L,310,T
-0.446,-0.03357,2,L,310,V
-3.021,-0.9531,6,L,310,W
-2.916,-0.8704,1,L,310,Y
-9.076,-5.027,2,Q,311,*
-0.291,-0.02023,1,Q,311,-
5.371,0.06057,7,Q,311,A
-4.138,-2.142,2,Q,311,C
1.519,0.0474,2,Q,311,D
2.977,0.05772,1,Q,311,E
-2.497,-0.5918,2,Q,311,F
1.832,0.05101,4,Q,311,G
0.2774,0.01461,17,Q,311,H
-0.1203,-0.007673,2,Q,311,I
-3.081,-1.002,9,Q,311,K
-1.991,-0.3538,7,Q,311,L
-1.237,-0.1429,6,Q,311,M
1.986,0.05242,4,Q,311,N
-2.445,-0.5628,2,Q,311,P
0,0,,Q,311,Q
2.073,0.05312,3,Q,311,R
-0.3645,-0.0263,2,Q,311,S
-3.479,-1.377,4,Q,311,T
0.289,0.01514,7,Q,311,V
-2.529,-0.6107,4,Q,311,W
1.912,0.05177,3,Q,311,Y
1.581,0.04821,1,S,312,-
-1.562,-0.2169,5,S,312,A
-5.049,-3.285,6,S,312,C
-0.7968,-0.07222,6,S,312,D
0.567,0.02616,3,S,312,E
-1.6,-0.227,3,S,312,F
-2.142,-0.4152,4,S,312,G
3.011,0.05782,4,S,312,H
-1.109,-0.1193,6,S,312,I
-1.812,-0.2904,3,S,312,K
-1.827,-0.2952,4,S,312,L
-1.684,-0.2507,3,S,312,M
2.512,0.05586,8,S,312,N
-4.754,-2.928,3,S,312,P
1.165,0.04171,4,S,312,Q
-2.835,-0.8098,17,S,312,R
0,0,,S,312,S
-0.3984,-0.02926,1,S,312,T
-1.41,-0.1797,3,S,312,V
-1.873,-0.3107,10,S,312,W
0.6381,0.02852,5,S,312,Y
0.3997,0.01989,2,G,313,-
3.189,0.05831,6,G,313,A
-7.38,-4.821,7,G,313,C
-1.367,-0.1698,7,G,313,D
0.5314,0.02491,3,G,313,E
-2.698,-0.7155,6,G,313,F
0,0,,G,313,G
-3.095,-1.015,4,G,313,H
-1.096,-0.117,2,G,313,I
2.123,0.05349,1,G,313,K
-2.854,-0.8241,3,G,313,L
-2.492,-0.5893,5,G,313,M
0.05753,0.003364,2,G,313,N
-0.9094,-0.08763,2,G,313,P
-2.628,-0.6701,4,G,313,Q
-3.179,-1.087,2,G,313,R
0.6425,0.02867,5,G,313,S
-2.274,-0.475,1,G,313,T
0.5387,0.02517,10,G,313,V
-0.8444,-0.07854,8,G,313,W
-2.981,-0.9207,2,G,313,Y
-1.337,-0.1634,3,V,314,-
5.283,0.06054,5,V,314,A
-7.612,-4.872,3,V,314,C
-3.872,-1.817,3,V,314,D
-2.511,-0.6001,4,V,314,E
0.3343,0.01715,3,V,314,G
1.238,0.04306,3,V,314,H
2.399,0.05526,4,V,314,I
-0.6925,-0.05935,7,V,314,K
-3.015,-0.9482,4,V,314,L
-1.194,-0.1347,9,V,314,M
-1.684,-0.2509,5,V,314,N
-2.488,-0.587,2,V,314,Q
-2.846,-0.8179,10,V,314,R
-1.943,-0.3357,8,V,314,S
-0.1912,-0.01264,6,V,314,T
0,0,,V,314,V
2.194,0.05399,4,V,314,W
1.057,0.03954,5,V,314,Y
-0.7168,-0.06223,3,G,315,-
-2.241,-0.4593,4,G,315,A
-6.554,-4.53,12,G,315,C
3.408,0.05881,3,G,315,D
-3.837,-1.775,3,G,315,E
-1.322,-0.1602,5,G,315,F
0,0,,G,315,G
-1.47,-0.1936,7,G,315,H
-4.026,-2.003,3,G,315,I
-1.447,-0.1881,3,G,315,K
-2.912,-0.8674,3,G,315,L
-1.993,-0.3546,3,G,315,M
1.799,0.05068,5,G,315,N
-0.1675,-0.01094,7,G,315,P
-3.552,-1.454,4,G,315,Q
7.56,0.06082,3,G,315,R
0.8219,0.03392,5,G,315,S
-2.627,-0.6698,2,G,315,T
1.891,0.05157,9,G,315,V
-3.86,-1.802,3,G,315,W
0.9837,0.03793,5,G,315,Y
-8.329,-4.974,1,R,316,*
0.04983,0.002924,3,R,316,-
-3.329,-1.227,4,R,316,A
-4.156,-2.165,6,R,316,C
-5.154,-3.405,2,R,316,D
-7.671,-4.883,6,R,316,E
-2.753,-0.7523,4,R,316,F
-1.393,-0.1756,3,R,316,G
-0.6892,-0.05896,3,R,316,H
-2.163,-0.4241,2,R,316,I
-1.048,-0.1089,5,R,316,K
-3.48,-1.378,5,R,316,L
-2.424,-0.5518,4,R,316,M
-4.203,-2.225,4,R,316,N
-4.076,-2.066,1,R,316,P
4.651,0.06026,1,R,316,Q
0,0,,R,316,R
0.8939,0.03578,4,R,316,S
-1.793,-0.2844,6,R,316,T
-5.622,-3.884,3,R,316,W
-4.196,-2.216,5,R,316,Y
0.5277,0.02478,3,C,317,-
-10.13,-5.058,4,C,317,A
0,0,,C,317,C
-4.517,-2.627,1,C,317,D
-5.483,-3.753,6,C,317,E
-9.842,-5.053,6,C,317,F
-4.478,-2.577,5,C,317,G
-4.786,-2.968,2,C,317,H
-5.439,-3.71,5,C,317,I
-3.914,-1.866,1,C,317,K
-14.02,-5.075,2,C,317,L
-7.566,-4.863,12,C,317,M
-5.27,-3.533,4,C,317,N
-8.372,-4.978,1,C,317,P
-8.706,-5.005,5,C,317,Q
-4.868,-3.069,3,C,317,R
-6.198,-4.33,8,C,317,S
-6.488,-4.497,2,C,317,T
-6.969,-4.702,3,C,317,V
-24.09,-5.075,2,C,317,W
-10.83,-5.067,8,C,317,Y
-1.644,-0.2393,5,F,318,-
4.623,0.06025,5,F,318,A
-4.182,-2.199,4,F,318,C
-6.442,-4.473,2,F,318,D
-4.642,-2.787,2,F,318,E
0,0,,F,318,F
2.509,0.05585,4,F,318,H
3.144,0.0582,3,F,318,I
-1.122,-0.1216,11,F,318,K
-1.005,-0.1021,11,F,318,L
3.952,0.05967,4,F,318,M
-4.817,-3.005,6,F,318,N
-14.72,-5.075,6,F,318,P
-0.3604,-0.02595,6,F,318,Q
2.545,0.05603,5,F,318,R
-2.707,-0.721,5,F,318,S
1.999,0.05252,1,F,318,T
-1.224,-0.1404,1,F,318,V
-2.118,-0.4046,1,F,318,W
0.6576,0.02915,14,F,318,Y
-2.907,-0.8636,5,N,319,-
-8.768,-5.009,2,N,319,A
-11.12,-5.069,3,N,319,C
-7.751,-4.897,3,N,319,D
-8.625,-4.999,3,N,319,E
-14.19,-5.075,3,N,319,F
-6.766,-4.625,7,N,319,G
-9.702,-5.049,6,N,319,H
-7.019,-4.718,3,N,319,I
-7.885,-4.919,9,N,319,K
-7.969,-4.931,10,N,319,L
-9.091,-5.027,3,N,319,M
0,0,,N,319,N
-7.724,-4.893,1,N,319,P
-6.227,-4.349,6,N,319,Q
-9.215,-5.033,3,N,319,R
-1.637,-0.2372,5,N,319,S
-8.146,-4.954,5,N,319,T
-4.162,-2.173,3,N,319,V
-8.104,-4.949,6,N,319,W
-7.173,-4.766,3,N,319,Y
-9.689,-5.049,4,C,32,*
-2.151,-0.4188,3,C,32,A
0,0,,C,32,C
-0.7218,-0.06284,6,C,32,D
4.481,0.06015,3,C,32,E
2.47,0.05565,10,C,32,F
-1.531,-0.2088,5,C,32,G
-5.745,-3.994,1,C,32,H
0.6444,0.02873,6,C,32,I
0.9778,0.03779,2,C,32,K
1.78,0.05048,5,C,32,L
-1.201,-0.1359,3,C,32,M
4.842,0.06037,5,C,32,N
-1.107,-0.1189,3,C,32,P
1.455,0.04652,2,C,32,Q
-2.966,-0.9092,6,C,32,R
-0.9304,-0.09068,3,C,32,S
-2.911,-0.8666,1,C,32,T
-3.32,-1.218,1,C,32,V
-1.949,-0.3379,5,C,32,W
-0.05746,-0.003553,13,C,32,Y
0.02593,0.00154,5,C,320,-
-9.675,-5.048,4,C,320,A
0,0,,C,320,C
-8.469,-4.987,2,C,320,D
-12.55,-5.074,3,C,320,E
-12.83,-5.074,8,C,320,F
-5.165,-3.417,3,C,320,G
-7.67,-4.883,5,C,320,H
-7.019,-4.719,2,C,320,I
-9.424,-5.041,3,C,320,K
-7.907,-4.922,8,C,320,L
-10.08,-5.057,3,C,320,M
-3.055,-0.9806,1,C,320,N
-10.22,-5.06,3,C,320,P
-6.799,-4.638,6,C,320,Q
-11.93,-5.072,4,C,320,R
-9.28,-5.036,6,C,320,S
-8.313,-4.972,8,C,320,T
-7.029,-4.722,2,C,320,V
-6.478,-4.492,3,C,320,W
-8.749,-5.008,3,C,320,Y
-0.7221,-0.06288,5,R,321,-
0.8046,0.03345,3,R,321,A
-3.48,-1.378,4,R,321,C
-0.7092,-0.06133,3,R,321,D
-1.307,-0.1571,6,R,321,E
-0.04752,-0.002925,7,R,321,F
-1.617,-0.2316,5,R,321,G
2.758,0.05695,2,R,321,H
-0.6759,-0.05741,10,R,321,I
2.376,0.05513,6,R,321,K
-1.669,-0.2465,3,R,321,L
-1.128,-0.1226,2,R,321,M
-1.805,-0.2882,4,R,321,N
-2.708,-0.7219,3,R,321,P
-1.175,-0.131,7,R,321,Q
0,0,,R,321,R
-7.63,-4.875,1,R,321,S
3.521,0.05903,4,R,321,V
-3.166,-1.076,6,R,321,W
-0.8428,-0.07832,6,R,321,Y
-2.632,-0.673,5,P,322,-
-5.267,-3.53,9,P,322,A
-9.277,-5.035,5,P,322,C
-16.49,-5.075,9,P,322,D
-8.776,-5.01,2,P,322,E
-5.394,-3.664,4,P,322,F
-7.947,-4.928,5,P,322,G
-8.658,-5.002,5,P,322,H
-8.521,-4.991,3,P,322,L
-5.145,-3.395,3,P,322,M
-6.454,-4.479,2,P,322,N
0,0,,P,322,P
-5.139,-3.388,5,P,322,Q
-6.21,-4.338,5,P,322,R
-8.739,-5.008,5,P,322,S
-6.383,-4.441,1,P,322,T
-2.26,-0.4683,5,P,322,V
-8.167,-4.956,3,P,322,W
-13.8,-5.075,3,P,322,Y
-1.057,-0.1105,4,A,323,-
0,0,,A,323,A
-3.385,-1.281,7,A,323,C
-1.623,-0.2335,3,A,323,D
-2.802,-0.7862,6,A,323,E
-3.244,-1.147,2,A,323,F
1.396,0.04565,4,A,323,G
2.262,0.05445,5,A,323,H
0.5177,0.02442,3,A,323,I
1.645,0.04899,1,A,323,K
-0.5371,-0.0424,4,A,323,L
-2.072,-0.3858,6,A,323,M
3.582,0.05914,5,A,323,N
-2.332,-0.5038,6,A,323,P
2.296,0.05466,4,A,323,Q
0.5463,0.02544,8,A,323,R
0.1042,0.005957,9,A,323,S
-2.078,-0.3882,9,A,323,T
-1.645,-0.2396,9,A,323,V
-1.246,-0.1446,1,A,323,W
4.329,0.06004,5,A,323,Y
-2.263,-0.4697,3,V,324,-
-3.084,-1.006,2,V,324,A
-2.741,-0.7441,4,V,324,C
1.733,0.04999,2,V,324,D
3.101,0.05808,7,V,324,E
0.8562,0.03483,4,V,324,F
-2.684,-0.7064,2,V,324,H
-2.074,-0.3866,7,V,324,I
-1.576,-0.2205,13,V,324,K
0.0859,0.004954,8,V,324,L
2.134,0.05357,7,V,324,M
-0.9163,-0.08862,6,V,324,N
4.6,0.06023,3,V,324,P
-3.095,-1.015,4,V,324,Q
-0.08529,-0.005348,2,V,324,R
3.07,0.058,1,V,324,S
-0.9842,-0.0988,10,V,324,T
0,0,,V,324,V
0.6787,0.0298,4,V,324,W
-4.418,-2.5,4,V,324,Y
0.5311,0.0249,2,V,325,-
0.4328,0.02121,8,V,325,A
1.84,0.05109,5,V,325,C
-3.119,-1.035,1,V,325,D
0.9822,0.03789,9,V,325,E
-0.8746,-0.08268,5,V,325,F
-2.622,-0.6666,6,V,325,G
3.629,0.05922,3,V,325,H
-0.4325,-0.03233,5,V,325,I
-0.8461,-0.07877,6,V,325,K
0.8751,0.03531,5,V,325,L
-2.081,-0.3893,5,V,325,M
-1.721,-0.2618,8,V,325,N
-3.053,-0.979,8,V,325,P
-0.8048,-0.07326,5,V,325,Q
-2.451,-0.5665,3,V,325,R
-0.6377,-0.05308,6,V,325,S
0.8804,0.03545,5,V,325,T
0,0,,V,325,V
-0.5344,-0.04212,3,V,325,W
0.1616,0.008988,7,V,325,Y
-0.2869,-0.0199,1,N,326,-
-3.371,-1.268,2,N,326,A
-12.11,-5.073,3,N,326,C
-2.573,-0.6368,6,N,326,D
2.987,0.05775,2,N,326,E
-3.211,-1.116,8,N,326,F
-3.723,-1.642,4,N,326,G
-3.322,-1.22,7,N,326,H
-4.626,-2.765,4,N,326,I
-3.828,-1.765,2,N,326,K
-4.632,-2.774,11,N,326,L
-3.891,-1.839,4,N,326,M
0,0,,N,326,N
-8.381,-4.979,6,N,326,P
-3.512,-1.412,2,N,326,Q
-2.407,-0.5427,1,N,326,R
-3.04,-0.9685,6,N,326,S
-2.695,-0.7137,2,N,326,T
-4.709,-2.871,7,N,326,V
-5.023,-3.254,5,N,326,W
-3.982,-1.95,5,N,326,Y
0.8413,0.03444,1,I,327,-
-4.374,-2.443,4,I,327,A
-3.37,-1.267,4,I,327,C
-8.537,-4.993,4,I,327,D
-6.504,-4.505,3,I,327,E
-3.875,-1.82,4,I,327,F
-8.093,-4.948,6,I,327,G
-8.8,-5.011,2,I,327,H
0,0,,I,327,I
-7.587,-4.867,5,I,327,K
2.374,0.05512,1,I,327,L
-3.815,-1.749,3,I,327,M
-6.548,-4.527,7,I,327,N
-6.498,-4.502,7,I,327,P
-8.624,-4.999,2,I,327,Q
-4.273,-2.314,1,I,327,R
-9.313,-5.037,11,I,327,S
6.612,0.06077,5,I,327,T
0.185,0.01018,4,I,327,V
-5.082,-3.323,3,I,327,W
-4.851,-3.048,7,I,327,Y
-2.141,-0.4147,1,T,328,-
-4.363,-2.43,2,T,328,A
-5.456,-3.726,6,T,328,C
-2.694,-0.7125,3,T,328,D
-2.344,-0.5098,4,T,328,E
-2.089,-0.3926,5,T,328,F
-3.569,-1.472,5,T,328,G
-1.363,-0.169,3,T,328,H
-2.993,-0.9307,3,T,328,I
-2.97,-0.9124,3,T,328,K
-1.067,-0.1121,3,T,328,L
0.3783,0.01901,4,T,328,M
-3.026,-0.9573,6,T,328,N
-6.647,-4.574,5,T,328,P
-0.762,-0.06779,2,T,328,Q
-1.118,-0.1208,5,T,328,R
3.792,0.05946,2,T,328,S
0,0,,T,328,T
-2.965,-0.9082,4,T,328,V
-0.7831,-0.07045,6,T,328,W
0.9707,0.03763,2,T,328,Y
-1.312,-0.158,1,L,329,-
-13.12,-5.074,4,L,329,A
-10.68,-5.065,6,L,329,C
-7.293,-4.799,6,L,329,D
-16.91,-5.075,1,L,329,E
-2.048,-0.376,6,L,329,F
-6.684,-4.59,2,L,329,G
-8.749,-5.008,2,L,329,H
-1.352,-0.1666,3,L,329,I
-8.256,-4.966,3,L,329,K
0,0,,L,329,L
-2.987,-0.9253,4,L,329,M
-6.291,-4.388,3,L,329,N
-9.485,-5.043,7,L,329,P
-8.112,-4.95,11,L,329,Q
-12.34,-5.073,5,L,329,R
-8.017,-4.938,8,L,329,S
1.043,0.03925,1,L,329,T
-4.909,-3.119,2,L,329,V
-6.956,-4.697,4,L,329,W
-5.869,-4.096,4,L,329,Y
-3.419,-1.316,6,V,33,A
0.4961,0.02362,4,V,33,C
1.468,0.04671,3,V,33,D
0.8585,0.03489,5,V,33,E
-1.047,-0.1088,8,V,33,F
0.5306,0.02488,8,V,33,H
-1.451,-0.1891,7,V,33,I
-3.292,-1.191,2,V,33,K
-0.2832,-0.01961,7,V,33,L
-3.986,-1.954,7,V,33,M
0.3567,0.01811,2,V,33,N
-0.4836,-0.03712,1,V,33,P
0.8895,0.03568,1,V,33,Q
-3.054,-0.9799,7,V,33,R
2.108,0.05338,5,V,33,S
3.662,0.05927,1,V,33,T
0,0,,V,33,V
4.34,0.06005,5,V,33,W
4.93,0.06041,7,V,33,Y
0.1487,0.008322,1,A,330,-
0,0,,A,330,A
-3.681,-1.595,4,A,330,C
0.5376,0.02513,4,A,330,D
3.57,0.05912,2,A,330,E
4.025,0.05975,6,A,330,F
-0.3675,-0.02657,2,A,330,G
-10.14,-5.058,1,A,330,H
3.113,0.05812,1,A,330,I
-1.054,-0.1099,2,A,330,K
3.314,0.05861,6,A,330,L
-0.6123,-0.05029,4,A,330,M
-0.3302,-0.02342,7,A,330,N
-0.3851,-0.02809,3,A,330,P
-2.068,-0.3839,7,A,330,Q
2.954,0.05764,5,A,330,R
-0.5314,-0.04182,6,A,330,S
-0.7494,-0.06621,14,A,330,T
-0.8407,-0.07803,9,A,330,V
0.05177,0.003035,7,A,330,W
5.813,0.06067,6,A,330,Y
0.6738,0.02965,1,N,331,-
1.17,0.04181,3,N,331,A
-2.84,-0.8134,1,N,331,C
2.93,0.05757,8,N,331,D
-1.049,-0.1091,5,N,331,E
-1.268,-0.1491,4,N,331,F
2.059,0.05301,6,N,331,G
-0.3634,-0.02622,10,N,331,H
-3.83,-1.766,2,N,331,I
-1.377,-0.1722,11,N,331,K
2.267,0.05448,8,N,331,L
-4.397,-2.473,1,N,331,M
0,0,,N,331,N
-2.741,-0.7439,4,N,331,P
-1.868,-0.309,4,N,331,R
3.438,0.05887,1,N,331,S
3.791,0.05946,1,N,331,T
-2.416,-0.5472,9,N,331,V
-1.99,-0.3533,11,N,331,W
1.122,0.04087,7,N,331,Y
-1.749,-0.2705,2,F,332,-
4.239,0.05996,3,F,332,A
-2.466,-0.5745,5,F,332,C
-1.132,-0.1234,6,F,332,D
4.489,0.06016,3,F,332,E
0,0,,F,332,F
-2.432,-0.5561,6,F,332,G
2.579,0.05618,2,F,332,H
-3.024,-0.9556,2,F,332,I
2.809,0.05714,4,F,332,K
-0.9035,-0.08678,9,F,332,L
-2.469,-0.5763,4,F,332,M
0.3446,0.01759,3,F,332,N
-2.454,-0.5678,5,F,332,P
-2.872,-0.8373,4,F,332,Q
2.723,0.05681,4,F,332,R
1.042,0.03921,3,F,332,S
-2.192,-0.4369,3,F,332,T
-2.11,-0.4013,6,F,332,V
4.123,0.05985,3,F,332,W
0.247,0.0132,1,N,333,-
-2.409,-0.5434,4,N,333,A
-2.104,-0.3988,4,N,333,C
0.783,0.03286,9,N,333,D
-0.08151,-0.005102,7,N,333,E
3.811,0.05949,1,N,333,F
-0.3678,-0.02659,1,N,333,G
0.1201,0.006814,4,N,333,H
-1.504,-0.2019,1,N,333,I
0.9577,0.03733,2,N,333,K
-0.9036,-0.08679,6,N,333,L
-0.7225,-0.06293,4,N,333,M
0,0,,N,333,N
0.6677,0.02946,3,N,333,P
-1.234,-0.1423,1,N,333,Q
-2.404,-0.5406,1,N,333,R
1.89,0.05156,5,N,333,S
0.3547,0.01802,6,N,333,V
-0.6077,-0.04979,5,N,333,W
0.01242,0.0007421,4,N,333,Y
-5.526,-3.795,12,E,334,*
-2.243,-0.4604,1,E,334,-
2.501,0.0558,1,E,334,A
-2.211,-0.4457,10,E,334,C
-0.7229,-0.06297,2,E,334,D
0,0,,E,334,E
2.656,0.05653,9,E,334,F
1.045,0.03928,2,E,334,G
4.355,0.06006,3,E,334,H
0.05781,0.00338,3,E,334,I
-2.691,-0.7106,20,E,334,K
3.071,0.058,3,E,334,L
-1.595,-0.2257,4,E,334,M
0.1454,0.008152,4,E,334,N
-2.727,-0.7348,2,E,334,P
2.69,0.05668,2,E,334,Q
-0.9569,-0.09462,5,E,334,R
2.062,0.05303,3,E,334,S
6.922,0.06079,7,E,334,T
-0.9786,-0.09793,2,E,334,V
-3.355,-1.253,3,E,334,W
-0.933,-0.09106,18,E,334,Y
-0.5231,-0.04099,1,T,335,-
-0.6611,-0.05572,8,T,335,A
2.487,0.05574,4,T,335,C
-0.3883,-0.02837,2,T,335,D
4.191,0.05992,2,T,335,E
-1.019,-0.1043,4,T,335,F
-2.058,-0.3801,8,T,335,G
3.013,0.05783,5,T,335,H
0.3251,0.01675,13,T,335,I
-2.442,-0.5614,3,T,335,K
4.96,0.06042,4,T,335,L
-2.928,-0.8797,5,T,335,M
2.264,0.05446,6,T,335,N
-0.8099,-0.07394,5,T,335,P
3.322,0.05863,3,T,335,Q
1.705,0.04968,7,T,335,R
0,0,,T,335,T
1.23,0.04291,4,T,335,V
3.183,0.0583,5,T,335,W
-1.581,-0.2219,4,T,335,Y
3.652,0.05925,3,K,336,A
-5.861,-4.089,5,K,336,C
-3.516,-1.415,5,K,336,D
-0.8412,-0.0781,9,K,336,E
0.8678,0.03513,6,K,336,F
-5.412,-3.682,1,K,336,G
-1.648,-0.2404,6,K,336,H
1.826,0.05095,2,K,336,I
0,0,,K,336,K
3.385,0.05877,2,K,336,L
3.393,0.05878,5,K,336,M
-2.153,-0.4198,6,K,336,N
2.6,0.05628,1,K,336,P
-1.243,-0.1441,6,K,336,Q
0.2007,0.01096,4,K,336,R
-1.379,-0.1726,8,K,336,S
0.5847,0.02676,2,K,336,T
-1.638,-0.2377,4,K,336,V
4.746,0.06032,3,K,336,W
-0.805,-0.07329,7,K,336,Y
-0.06336,-0.00393,4,G,337,A
-3.675,-1.589,9,G,337,C
-3.804,-1.736,6,G,337,D
-1.456,-0.1902,1,G,337,E
-3.427,-1.324,3,G,337,F
0,0,,G,337,G
-1.464,-0.1923,3,G,337,H
-1.548,-0.2134,11,G,337,I
-3.177,-1.086,4,G,337,K
-2.491,-0.5888,4,G,337,L
2.365,0.05507,2,G,337,M
-2.023,-0.3661,4,G,337,N
-2.769,-0.7631,2,G,337,P
0.3912,0.01954,2,G,337,Q
-1.938,-0.3338,10,G,337,R
-2.699,-0.7161,5,G,337,S
4.368,0.06007,4,G,337,T
-3.184,-1.092,7,G,337,V
-3.492,-1.39,5,G,337,W
-2.269,-0.4727,3,G,337,Y
-0.7579,-0.06728,6,P,338,A
-1.039,-0.1074,4,P,338,C
-3.266,-1.167,4,P,338,D
-1.567,-0.2183,1,P,338,E
-1.536,-0.2101,2,P,338,F
-2.827,-0.8042,11,P,338,G
-0.6427,-0.05364,12,P,338,H
-0.7698,-0.06877,8,P,338,I
-3.652,-1.563,4,P,338,K
-0.1356,-0.008716,2,P,338,L
-1.201,-0.1359,4,P,338,M
-2.384,-0.5301,5,P,338,N
0,0,,P,338,P
2.084,0.0532,3,P,338,Q
-2.973,-0.9146,3,P,338,R
-2.394,-0.5357,1,P,338,S
0.885,0.03556,5,P,338,T
-1.372,-0.1709,3,P,338,V
-4.159,-2.169,3,P,338,W
-2.799,-0.7842,2,P,338,Y
-1.95,-0.3382,3,L,339,A
-0.675,-0.05732,7,L,339,C
-6.36,-4.428,3,L,339,D
-2.3,-0.4877,3,L,339,E
-1.595,-0.2256,3,L,339,F
-6.829,-4.65,2,L,339,G
-0.3242,-0.02293,1,L,339,H
4.128,0.05986,5,L,339,I
-2.115,-0.4034,4,L,339,K
0,0,,L,339,L
-1.428,-0.1838,4,L,339,M
0.4602,0.02228,4,L,339,N
-9.953,-5.055,7,L,339,P
0.602,0.02734,5,L,339,Q
-1.629,-0.235,7,L,339,R
-3.22,-1.125,3,L,339,S
2.838,0.05725,9,L,339,T
-1.916,-0.3261,7,L,339,V
-1.51,-0.2036,7,L,339,W
-2.173,-0.4284,6,L,339,Y
-8.121,-4.951,5,G,34,*
-2.671,-0.6975,2,G,34,A
-0.8663,-0.08153,2,G,34,C
2.263,0.05445,4,G,34,D
-2.052,-0.3774,1,G,34,E
-1.501,-0.2014,3,G,34,F
0,0,,G,34,G
-0.1767,-0.0116,4,G,34,H
-3.452,-1.349,2,G,34,I
0.7055,0.03062,3,G,34,L
2.343,0.05495,5,G,34,M
1.936,0.05198,3,G,34,P
-2.117,-0.4045,7,G,34,R
-0.3981,-0.02923,7,G,34,S
1.111,0.04066,1,G,34,T
-1.468,-0.1931,5,G,34,V
-2.581,-0.6414,17,G,34,W
3.229,0.05841,4,G,34,Y
-11.26,-5.07,2,C,340,*
-5.925,-4.139,2,C,340,A
0,0,,C,340,C
-5.325,-3.592,3,C,340,D
-7.139,-4.756,8,C,340,E
-5.745,-3.994,9,C,340,F
-8.097,-4.948,7,C,340,G
-9.275,-5.035,4,C,340,H
-13.02,-5.074,6,C,340,I
-8.818,-5.013,3,C,340,K
-10.15,-5.059,2,C,340,L
-5.355,-3.623,5,C,340,M
2.191,0.05397,4,C,340,N
-12.6,-5.074,6,C,340,P
-6.814,-4.644,12,C,340,Q
-5.865,-4.092,9,C,340,R
-10.01,-5.056,4,C,340,S
-5.823,-4.059,4,C,340,T
-9.04,-5.025,3,C,340,V
-7.026,-4.721,3,C,340,W
-5.141,-3.391,2,C,340,Y
-2.877,-0.8412,3,V,341,A
0.6544,0.02904,1,V,341,C
-6.689,-4.592,4,V,341,D
-8.812,-5.012,3,V,341,E
-9.107,-5.028,13,V,341,F
-9.223,-5.033,2,V,341,G
-9.798,-5.052,4,V,341,H
-0.5623,-0.04498,9,V,341,I
-8.626,-4.999,7,V,341,K
-4.123,-2.123,3,V,341,L
-9.034,-5.025,1,V,341,M
-8.466,-4.987,5,V,341,N
-1.951,-0.3386,3,V,341,P
-12.3,-5.073,3,V,341,Q
-8.273,-4.968,7,V,341,R
-6.158,-4.304,5,V,341,S
-4.831,-3.023,5,V,341,T
0,0,,V,341,V
-6.454,-4.479,3,V,341,W
-9.167,-5.031,3,V,341,Y
1.744,0.05011,7,D,342,A
-2.205,-0.443,2,D,342,C
0,0,,D,342,D
-1.309,-0.1574,4,D,342,E
-2.506,-0.5971,7,D,342,F
0.7897,0.03305,4,D,342,G
-0.5147,-0.04015,9,D,342,H
-1.786,-0.282,1,D,342,I
-1.717,-0.2605,7,D,342,K
-1.199,-0.1356,5,D,342,L
0.01375,0.0008217,7,D,342,M
-4.174,-2.189,3,D,342,N
-0.8724,-0.08238,3,D,342,P
2.394,0.05524,2,D,342,Q
0.9597,0.03737,6,D,342,R
1.044,0.03926,2,D,342,S
-1.771,-0.2772,4,D,342,T
0.5089,0.0241,6,D,342,V
-1.192,-0.1343,8,D,342,W
-0.6927,-0.05937,16,D,342,Y
-3.287,-1.187,5,T,343,A
-3.461,-1.359,5,T,343,C
-2.737,-0.7417,7,T,343,D
-3.14,-1.053,4,T,343,E
-6.658,-4.578,6,T,343,F
-2.557,-0.6271,2,T,343,G
-1.902,-0.321,2,T,343,H
-7.035,-4.724,5,T,343,I
-3.058,-0.9832,3,T,343,K
-5.646,-3.907,6,T,343,L
-5.287,-3.551,4,T,343,M
-0.8948,-0.08554,2,T,343,N
-3.513,-1.413,1,T,343,P
-0.5632,-0.04507,6,T,343,Q
-0.02888,-0.001761,2,T,343,R
-3.495,-1.394,5,T,343,S
0,0,,T,343,T
1.309,0.04427,3,T,343,V
-3.963,-1.926,5,T,343,W
-1.863,-0.3073,3,T,343,Y
-1.178,-0.1317,1,S,344,-
-0.1358,-0.008731,2,S,344,A
-6.432,-4.468,3,S,344,C
-0.922,-0.08945,3,S,344,E
-3.616,-1.523,5,S,344,F
-4.069,-2.056,7,S,344,G
-3.346,-1.244,3,S,344,H
-4.458,-2.551,19,S,344,I
-4.99,-3.216,6,S,344,K
-3.973,-1.938,2,S,344,L
-5.13,-3.378,2,S,344,M
-3.826,-1.761,3,S,344,N
-3.814,-1.748,1,S,344,P
-3.719,-1.638,7,S,344,Q
-3.773,-1.7,7,S,344,R
0,0,,S,344,S
4.853,0.06037,1,S,344,T
-3.721,-1.641,3,S,344,V
-5.325,-3.592,1,S,344,W
-3.976,-1.941,3,S,344,Y
-0.1787,-0.01174,1,H,345,-
-2.399,-0.5384,1,H,345,A
-3.593,-1.498,11,H,345,C
-2.273,-0.4748,5,H,345,D
-3.642,-1.551,3,H,345,E
-6.943,-4.693,3,H,345,F
-2.317,-0.4963,5,H,345,G
0,0,,H,345,H
-3.506,-1.405,10,H,345,I
-1.838,-0.2989,5,H,345,K
-2.685,-0.707,4,H,345,L
-6.558,-4.532,14,H,345,N
-10.61,-5.065,2,H,345,P
-3.186,-1.094,11,H,345,Q
-0.4581,-0.0347,5,H,345,R
-3.366,-1.263,5,H,345,S
-3.054,-0.9799,3,H,345,T
-0.4944,-0.03816,2,H,345,V
-4.027,-2.004,3,H,345,W
-2.896,-0.8551,12,H,345,Y
-1.143,-0.1254,1,F,346,-
-5.365,-3.634,6,F,346,A
-5.652,-3.912,4,F,346,C
-7.866,-4.916,4,F,346,D
-14.43,-5.075,7,F,346,E
0,0,,F,346,F
-5.77,-4.015,1,F,346,G
-7.04,-4.726,2,F,346,H
2.281,0.05457,3,F,346,I
-8.919,-5.018,6,F,346,K
-2.148,-0.4178,11,F,346,L
-1.006,-0.1023,3,F,346,M
-9.7,-5.049,7,F,346,N
-8.751,-5.008,4,F,346,P
-8.668,-5.003,3,F,346,Q
-9.283,-5.036,3,F,346,R
-8.928,-5.019,5,F,346,S
-5.899,-4.119,5,F,346,T
0.5006,0.02379,8,F,346,V
-9.407,-5.04,6,F,346,W
-1.41,-0.1796,7,F,346,Y
-7.027,-4.721,7,T,347,A
-6.836,-4.653,2,T,347,C
-11.24,-5.07,3,T,347,D
-6.099,-4.265,2,T,347,E
-7.135,-4.755,5,T,347,F
-4.951,-3.169,5,T,347,G
-5.559,-3.826,11,T,347,H
-7.514,-4.852,12,T,347,I
-5.544,-3.812,2,T,347,K
-8.336,-4.974,9,T,347,L
-9.059,-5.026,7,T,347,M
-2.436,-0.5583,2,T,347,N
-10.48,-5.063,3,T,347,P
-5.242,-3.503,7,T,347,Q
-5.574,-3.841,6,T,347,R
-2.442,-0.5614,7,T,347,S
0,0,,T,347,T
-6.101,-4.267,6,T,347,V
-6.594,-4.549,5,T,347,W
-7.578,-4.865,2,T,347,Y
-3.376,-1.273,3,T,348,A
-3.786,-1.716,2,T,348,C
-9.071,-5.026,5,T,348,D
-9.778,-5.051,2,T,348,E
-6.971,-4.702,6,T,348,F
-4.144,-2.151,5,T,348,G
-5.885,-4.108,5,T,348,H
-3.362,-1.259,8,T,348,I
-16.29,-5.075,5,T,348,K
-1.185,-0.133,6,T,348,L
-1.053,-0.1098,1,T,348,M
-3.358,-1.255,8,T,348,N
-8.731,-5.007,4,T,348,P
-7.429,-4.833,5,T,348,Q
-6.632,-4.567,5,T,348,R
3.697,0.05932,6,T,348,S
0,0,,T,348,T
-0.1478,-0.009557,5,T,348,V
-9.359,-5.039,4,T,348,W
-6.955,-4.697,3,T,348,Y
2.138,0.0536,4,K,349,A
-4.186,-2.203,3,K,349,C
1.776,0.05045,5,K,349,D
0.7674,0.03242,4,K,349,E
-1.394,-0.1759,5,K,349,F
1.246,0.0432,7,K,349,G
2.021,0.0527,8,K,349,H
0.7043,0.03058,5,K,349,I
0,0,,K,349,K
3.684,0.0593,2,K,349,L
-1.401,-0.1776,7,K,349,M
0.196,0.01073,9,K,349,N
-5.026,-3.258,5,K,349,P
-2.886,-0.8476,7,K,349,Q
-2.174,-0.4292,4,K,349,R
-2.849,-0.8202,2,K,349,S
2.545,0.05602,12,K,349,T
-1.521,-0.2063,2,K,349,V
5.224,0.06052,3,K,349,W
-2.145,-0.4163,5,K,349,Y
-2.487,-0.5865,4,H,35,A
0.6103,0.02762,5,H,35,C
-1.309,-0.1574,3,H,35,D
-2.367,-0.5215,4,H,35,E
3.361,0.05871,4,H,35,F
-1.594,-0.2254,3,H,35,G
0,0,,H,35,H
1.803,0.05072,3,H,35,I
3.038,0.0579,1,H,35,K
-11.61,-5.071,2,H,35,L
4.371,0.06007,6,H,35,M
1.059,0.03959,6,H,35,N
-1.327,-0.1612,3,H,35,P
1.609,0.04856,5,H,35,Q
4.231,0.05996,5,H,35,R
-0.976,-0.09754,2,H,35,S
2.911,0.0575,3,H,35,T
-4.113,-2.112,5,H,35,V
-2.502,-0.5948,1,H,35,W
7.462,0.06082,5,H,35,Y
-2.856,-0.8254,2,F,350,A
-5.276,-3.54,3,F,350,C
-6.229,-4.35,1,F,350,D
-8.953,-5.02,1,F,350,E
0,0,,F,350,F
-6.969,-4.702,3,F,350,G
-4.591,-2.721,3,F,350,H
-2.698,-0.7156,6,F,350,I
-9.936,-5.055,4,F,350,K
-2.366,-0.5211,11,F,350,L
-1.894,-0.3182,1,F,350,M
-8.764,-5.009,1,F,350,N
-9.604,-5.046,3,F,350,P
-3.825,-1.76,5,F,350,Q
-8.753,-5.008,2,F,350,R
-8.822,-5.013,4,F,350,S
-3.6,-1.506,3,F,350,T
-4.949,-3.167,2,F,350,V
-0.5663,-0.04539,3,F,350,W
-3.109,-1.027,2,F,350,Y
2.927,0.05756,2,V,351,A
1.46,0.04659,4,V,351,C
-2.77,-0.7643,7,V,351,D
-3.155,-1.067,1,V,351,E
-2.874,-0.8383,2,V,351,F
-4.493,-2.597,2,V,351,G
-0.4699,-0.03582,6,V,351,H
2.117,0.05345,2,V,351,I
-2.922,-0.875,5,V,351,K
-1.538,-0.2107,4,V,351,L
-0.7565,-0.06709,8,V,351,M
3.258,0.05848,2,V,351,N
-5.381,-3.651,2,V,351,P
2.731,0.05684,6,V,351,Q
-0.9838,-0.09873,1,V,351,R
2.84,0.05726,4,V,351,S
-0.2085,-0.0139,3,V,351,T
0,0,,V,351,V
0.3693,0.01864,5,V,351,W
0.3293,0.01693,4,V,351,Y
-5.712,-3.965,10,G,352,*
0.1038,0.005937,8,G,352,A
-2.97,-0.9119,11,G,352,C
-1.57,-0.219,13,G,352,D
-0.9454,-0.0929,9,G,352,E
-2.844,-0.8165,6,G,352,F
0,0,,G,352,G
5.34,0.06056,5,G,352,H
-2.301,-0.4883,7,G,352,I
-4.83,-3.021,1,G,352,K
-2.41,-0.5438,7,G,352,L
-0.1477,-0.009554,7,G,352,M
-2.946,-0.8936,6,G,352,N
2.805,0.05713,4,G,352,P
2.704,0.05674,2,G,352,Q
4.786,0.06034,6,G,352,R
0.4332,0.02123,4,G,352,S
-1.871,-0.3101,6,G,352,T
-1.399,-0.177,13,G,352,V
-3.574,-1.477,2,G,352,W
-3.779,-1.707,3,G,352,Y
0,0,,A,355,A
-2.255,-0.466,1,A,355,C
0.2703,0.01428,2,A,355,D
3.765,0.05942,5,A,355,E
5.099,0.06048,5,A,355,F
-0.9207,-0.08926,6,A,355,G
0.03183,0.001885,7,A,355,H
1.406,0.04581,6,A,355,I
-0.8657,-0.08145,3,A,355,K
0.4093,0.02028,8,A,355,L
0.7832,0.03287,4,A,355,M
-1.033,-0.1066,24,A,355,N
-2.926,-0.8776,5,A,355,P
-0.2331,-0.01573,6,A,355,Q
0.03427,0.002027,9,A,355,R
0.3763,0.01893,11,A,355,S
1.654,0.04909,9,A,355,T
-2.42,-0.5493,13,A,355,V
1.995,0.05249,5,A,355,W
-0.4082,-0.03013,5,A,355,Y
2.153,0.05371,2,N,356,C
0.1034,0.005913,6,N,356,D
-1.832,-0.2971,3,N,356,E
3.641,0.05924,1,N,356,F
-1.873,-0.311,2,N,356,G
-1,-0.1013,5,N,356,H
-0.6576,-0.05533,6,N,356,I
-1.552,-0.2144,3,N,356,K
3.473,0.05894,3,N,356,L
1.019,0.03872,2,N,356,M
0,0,,N,356,N
-2.117,-0.4045,7,N,356,P
-1.424,-0.1828,3,N,356,Q
5.878,0.06068,8,N,356,R
3.635,0.05923,5,N,356,S
-1.664,-0.2451,1,N,356,T
1.757,0.05024,5,N,356,V
-0.7007,-0.06032,10,N,356,W
-0.7036,-0.06066,3,N,356,Y
0.8996,0.03593,4,F,357,A
-1.38,-0.1728,3,F,357,C
-3.67,-1.583,3,F,357,D
2.565,0.05612,1,F,357,E
0,0,,F,357,F
-9.241,-5.034,1,F,357,G
3.257,0.05848,1,F,357,H
-0.8194,-0.07518,7,F,357,I
1.945,0.05206,1,F,357,K
-0.316,-0.02225,5,F,357,L
3.512,0.05901,8,F,357,M
1.047,0.03932,1,F,357,N
3.264,0.0585,6,F,357,P
1.575,0.04814,3,F,357,R
-4.87,-3.071,1,F,357,S
-0.6183,-0.05095,2,F,357,T
2.243,0.05432,4,F,357,V
-1.939,-0.3343,6,F,357,W
0.03603,0.002129,5,F,357,Y
1.594,0.04837,4,G,358,A
-3.408,-1.305,12,G,358,C
0.1349,0.007602,6,G,358,D
2.48,0.0557,5,G,358,E
0.04875,0.002862,4,G,358,F
0,0,,G,358,G
-2.155,-0.4207,7,G,358,H
3.699,0.05933,2,G,358,I
-0.8337,-0.07709,3,G,358,K
-1.605,-0.2284,4,G,358,L
-0.5512,-0.04383,5,G,358,M
-2.4,-0.5385,4,G,358,N
4.52,0.06018,3,G,358,P
-2.289,-0.4823,7,G,358,Q
1.983,0.05239,7,G,358,R
-1.561,-0.2167,9,G,358,S
-1.907,-0.3227,2,G,358,T
-1.018,-0.1041,8,G,358,V
-1.811,-0.2901,2,G,358,W
-2.625,-0.6683,2,G,358,Y
-11.46,-5.071,5,R,359,A
-7.689,-4.886,10,R,359,C
-8.573,-4.995,2,R,359,D
-9.587,-5.046,4,R,359,E
-8.616,-4.999,7,R,359,F
-7.449,-4.837,3,R,359,G
-4.61,-2.746,5,R,359,H
-8.463,-4.986,4,R,359,I
-1.491,-0.1989,4,R,359,K
-8.099,-4.948,5,R,359,L
-8.279,-4.969,8,R,359,M
-8.832,-5.013,3,R,359,N
-16.52,-5.075,4,R,359,P
-6.971,-4.702,6,R,359,Q
0,0,,R,359,R
-6.39,-4.445,3,R,359,S
-3.996,-1.966,3,R,359,T
-7.32,-4.806,3,R,359,V
-8.864,-5.015,2,R,359,W
-6.843,-4.655,5,R,359,Y
-6.669,-4.584,2,S,36,*
1.705,0.04968,1,S,36,-
-1.637,-0.2373,5,S,36,A
3.581,0.05914,6,S,36,C
1.345,0.04486,4,S,36,D
-1.505,-0.2023,6,S,36,E
0.4005,0.01992,2,S,36,F
2.446,0.05552,6,S,36,G
-2.193,-0.4375,9,S,36,I
0.3059,0.0159,5,S,36,K
-2.273,-0.4747,5,S,36,L
0.3886,0.01944,4,S,36,M
0.3742,0.01884,4,S,36,N
3.575,0.05913,4,S,36,P
-1.828,-0.2957,6,S,36,Q
0.3691,0.01863,4,S,36,R
0,0,,S,36,S
1.296,0.04406,4,S,36,T
-1.445,-0.1878,2,S,36,V
-0.2124,-0.01419,1,S,36,W
5.029,0.06045,5,S,36,Y
-7.723,-4.892,11,W,360,*
-8.469,-4.987,5,W,360,A
-6.839,-4.654,12,W,360,C
-7.126,-4.752,3,W,360,D
-7.297,-4.801,3,W,360,E
-4.632,-2.774,3,W,360,F
-12.08,-5.073,2,W,360,G
-4.82,-3.009,3,W,360,H
-8.434,-4.984,4,W,360,I
-6.614,-4.558,8,W,360,K
-6.651,-4.575,17,W,360,L
-10.04,-5.057,3,W,360,M
-6.383,-4.441,5,W,360,N
-3.254,-1.156,2,W,360,P
-7.676,-4.884,2,W,360,Q
-6.201,-4.332,5,W,360,R
-4.766,-2.943,3,W,360,S
-7.884,-4.919,4,W,360,T
-4.8,-2.985,1,W,360,V
0,0,,W,360,W
-7.662,-4.881,2,W,360,Y
0.7972,0.03325,1,S,361,A
-3.288,-1.187,6,S,361,C
1.954,0.05214,2,S,361,D
0.1745,0.009647,7,S,361,E
-0.8587,-0.08049,6,S,361,F
2.925,0.05755,4,S,361,G
-0.4086,-0.03017,4,S,361,H
-1.117,-0.1207,4,S,361,I
-1.772,-0.2776,2,S,361,K
-2.407,-0.5426,10,S,361,L
3.136,0.05818,2,S,361,M
-3.43,-1.327,3,S,361,N
-7.649,-4.879,6,S,361,P
0.5627,0.02601,6,S,361,Q
-2.13,-0.4098,5,S,361,R
0,0,,S,361,S
1.46,0.04659,2,S,361,T
0.8227,0.03394,6,S,361,V
-1.898,-0.3196,4,S,361,W
-1.325,-0.1608,6,S,361,Y
0,0,,A,362,A
-2.091,-0.3933,3,A,362,C
-6.815,-4.645,9,A,362,D
-6.42,-4.461,2,A,362,E
-3.664,-1.576,4,A,362,F
-2.629,-0.6709,3,A,362,G
-4.023,-2,6,A,362,H
-2.63,-0.6716,4,A,362,I
-7.505,-4.85,5,A,362,K
-1.804,-0.2877,9,A,362,L
-2.391,-0.5341,2,A,362,M
-4.055,-2.04,3,A,362,N
-0.5789,-0.04672,5,A,362,P
-4.187,-2.205,7,A,362,Q
-7.446,-4.837,5,A,362,R
1.257,0.04339,9,A,362,S
-2.998,-0.9346,8,A,362,T
0.1356,0.007639,9,A,362,V
-3.976,-1.942,3,A,362,W
-3.193,-1.1,3,A,362,Y
-0.6356,-0.05284,4,S,363,A
-2.985,-0.9241,4,S,363,C
0.7424,0.03171,2,S,363,D
-0.2078,-0.01385,2,S,363,E
-0.004973,-0.0003,2,S,363,F
-1.421,-0.1821,7,S,363,G
2.703,0.05673,1,S,363,H
-1.816,-0.2917,9,S,363,I
3.149,0.05821,6,S,363,K
-2.226,-0.4523,2,S,363,L
-0.3372,-0.024,2,S,363,M
-0.1799,-0.01183,9,S,363,N
-12.9,-5.074,4,S,363,P
3.345,0.05868,3,S,363,Q
-0.7235,-0.06305,8,S,363,R
0,0,,S,363,S
-3.448,-1.345,3,S,363,T
-0.1976,-0.01311,7,S,363,V
-0.5296,-0.04164,2,S,363,W
-2.666,-0.6946,4,S,363,Y
-5.575,-3.842,3,I,364,A
-3.516,-1.416,8,I,364,C
-9.427,-5.041,5,I,364,D
-6.23,-4.351,5,I,364,E
-9.8,-5.052,5,I,364,F
2.993,0.05777,1,I,364,G
-7.741,-4.896,8,I,364,H
0,0,,I,364,I
-9.272,-5.035,6,I,364,K
-2.04,-0.3729,3,I,364,L
2.634,0.05643,7,I,364,M
-7.004,-4.714,3,I,364,P
-9.221,-5.033,2,I,364,Q
-6.253,-4.365,5,I,364,R
-8.773,-5.01,1,I,364,S
-3.936,-1.894,8,I,364,T
-0.5511,-0.04382,5,I,364,V
-8.808,-5.012,1,I,364,W
-6.703,-4.598,3,I,364,Y
4.158,0.05989,5,N,365,A
-2.592,-0.6482,4,N,365,C
-0.374,-0.02713,8,N,365,D
1.898,0.05164,8,N,365,E
-1.314,-0.1586,5,N,365,F
-1.633,-0.2363,6,N,365,G
5.882,0.06068,2,N,365,H
-1.492,-0.1991,3,N,365,I
0.7427,0.03172,8,N,365,K
5.941,0.06069,7,N,365,L
1.713,0.04977,2,N,365,M
0,0,,N,365,N
-3.451,-1.348,7,N,365,P
1.476,0.04681,5,N,365,Q
-1.536,-0.2102,3,N,365,R
-0.6681,-0.05652,3,N,365,S
2.088,0.05323,3,N,365,T
-1.117,-0.1207,2,N,365,V
-0.3815,-0.02778,2,N,365,W
0.5757,0.02646,2,N,365,Y
-3.206,-1.112,5,T,366,A
-0.147,-0.009501,8,T,366,C
-12.54,-5.074,2,T,366,D
-6.208,-4.337,8,T,366,E
-3.535,-1.435,1,T,366,F
-1.316,-0.1589,2,T,366,G
-5.179,-3.434,1,T,366,H
-4.717,-2.881,6,T,366,I
-7.618,-4.873,5,T,366,K
-4.38,-2.451,4,T,366,L
-2.536,-0.6148,3,T,366,M
-3.322,-1.22,11,T,366,N
-1.679,-0.2494,4,T,366,P
-3.176,-1.085,5,T,366,Q
-11.04,-5.068,3,T,366,R
2.363,0.05506,4,T,366,S
0,0,,T,366,T
-3.133,-1.047,2,T,366,V
-9.713,-5.049,3,T,366,W
-2.253,-0.4652,1,T,366,Y
-2.113,-0.4026,1,G,367,-
-4.383,-2.456,4,G,367,A
-9.055,-5.026,12,G,367,C
-4.348,-2.41,10,G,367,D
-0.01328,-0.0008039,3,G,367,E
-4.73,-2.898,6,G,367,F
0,0,,G,367,G
-4.656,-2.805,5,G,367,H
-4.466,-2.562,2,G,367,I
-6.352,-4.423,5,G,367,K
-4.125,-2.126,9,G,367,L
-6.582,-4.544,8,G,367,M
-4.542,-2.659,10,G,367,N
-8.249,-4.966,3,G,367,P
-6.029,-4.216,4,G,367,Q
-4.025,-2.002,1,G,367,R
-7.3,-4.801,6,G,367,S
-11.64,-5.071,7,G,367,T
-5.739,-3.988,4,G,367,V
-7.545,-4.858,1,G,367,W
-3.841,-1.78,3,G,367,Y
-2.547,-0.6212,1,N,368,-
-1.876,-0.312,4,N,368,A
-4.121,-2.122,5,N,368,C
1.074,0.0399,6,N,368,D
-0.4168,-0.0309,4,N,368,E
-2.757,-0.7552,4,N,368,F
1.094,0.04031,6,N,368,G
-3.209,-1.115,4,N,368,H
1.764,0.05033,3,N,368,I
-2.615,-0.6624,3,N,368,K
-2.246,-0.4618,9,N,368,L
-2.627,-0.6698,2,N,368,M
0,0,,N,368,N
-2.124,-0.4072,2,N,368,P
-1.108,-0.1191,6,N,368,Q
-3.19,-1.097,3,N,368,R
-1.321,-0.1599,9,N,368,S
-2.216,-0.4479,6,N,368,T
-1.514,-0.2045,4,N,368,V
-4.063,-2.05,5,N,368,W
-2.362,-0.5189,1,N,368,Y
-7.84,-4.912,5,C,369,A
0,0,,C,369,C
-6.823,-4.648,2,C,369,D
-7.558,-4.861,5,C,369,E
-6.509,-4.507,13,C,369,F
-8.678,-5.003,2,C,369,G
-6.733,-4.611,5,C,369,H
-9.702,-5.049,12,C,369,I
-8.151,-4.954,7,C,369,K
-7.06,-4.732,6,C,369,L
-5.816,-4.053,3,C,369,M
-6.104,-4.269,5,C,369,N
-8.924,-5.019,4,C,369,P
-8.099,-4.948,5,C,369,Q
-9.645,-5.048,3,C,369,R
-8.082,-4.946,4,C,369,S
-6.132,-4.288,6,C,369,T
-7.439,-4.835,9,C,369,V
-10.4,-5.062,5,C,369,W
-12.85,-5.074,16,C,369,Y
-10.14,-5.058,8,E,37,*
1.361,0.04512,1,E,37,-
2.783,0.05704,2,E,37,A
4.278,0.06,4,E,37,C
0.04327,0.002548,11,E,37,D
0,0,,E,37,E
-1.679,-0.2494,7,E,37,F
-1.682,-0.2501,2,E,37,G
-1.183,-0.1326,6,E,37,H
2.441,0.05549,1,E,37,I
0.5652,0.0261,13,E,37,K
2.162,0.05377,4,E,37,L
-0.87,-0.08205,7,E,37,M
-0.4919,-0.03792,4,E,37,N
0.219,0.01186,2,E,37,P
-1.905,-0.322,3,E,37,Q
-3.576,-1.48,2,E,37,R
0.1428,0.008014,5,E,37,S
-8.759,-5.009,2,E,37,T
-1.792,-0.284,6,E,37,V
0.2011,0.01098,3,E,37,W
-2.151,-0.419,2,E,37,Y
-0.3962,-0.02907,3,P,370,A
-6.482,-4.494,6,P,370,C
-2.878,-0.8418,4,P,370,D
2.976,0.05771,6,P,370,E
0.3689,0.01862,2,P,370,G
-0.9799,-0.09814,11,P,370,H
-3.336,-1.234,4,P,370,I
-3.836,-1.774,3,P,370,K
-0.941,-0.09225,5,P,370,L
-2.553,-0.6246,3,P,370,M
-5.917,-4.133,5,P,370,N
0,0,,P,370,P
-1.355,-0.1672,6,P,370,Q
-3.127,-1.042,2,P,370,R
-1.025,-0.1053,6,P,370,S
-3.207,-1.113,6,P,370,T
-2.087,-0.3919,2,P,370,W
-3.004,-0.9391,5,P,370,Y
-10.86,-5.067,6,F,371,A
-5.666,-3.924,6,F,371,C
-5.983,-4.183,2,F,371,D
-11.01,-5.068,11,F,371,E
0,0,,F,371,F
-8.769,-5.009,2,F,371,G
-9.325,-5.037,4,F,371,H
-0.02866,-0.001747,1,F,371,I
-7.766,-4.9,3,F,371,K
-3.855,-1.796,4,F,371,L
0.6164,0.02782,7,F,371,M
-9.038,-5.025,4,F,371,N
-5.973,-4.175,6,F,371,P
-10.08,-5.057,1,F,371,Q
-5.563,-3.83,1,F,371,R
-7.095,-4.743,1,F,371,S
-7.033,-4.723,2,F,371,T
-3.335,-1.232,2,F,371,V
-4.271,-2.312,4,F,371,W
-1.836,-0.2984,4,F,371,Y
2.437,0.05547,3,S,372,A
-4.046,-2.028,5,S,372,C
0.8035,0.03343,1,S,372,D
-3.89,-1.837,5,S,372,E
-7.246,-4.787,3,S,372,F
-2.991,-0.9291,7,S,372,G
-3.412,-1.308,5,S,372,H
-5.883,-4.106,10,S,372,I
-4.396,-2.472,5,S,372,K
-5.146,-3.396,4,S,372,L
-1.953,-0.3396,2,S,372,M
-2.709,-0.7225,9,S,372,N
-3.883,-1.829,4,S,372,P
1.199,0.04235,1,S,372,Q
-5.869,-4.095,5,S,372,R
0,0,,S,372,S
2.414,0.05535,3,S,372,T
-4.39,-2.464,3,S,372,V
-8.786,-5.011,2,S,372,W
-4.96,-3.18,6,S,372,Y
-4.833,-3.025,3,F,373,A
-7.283,-4.797,6,F,373,C
-6.612,-4.558,6,F,373,D
-7.052,-4.729,3,F,373,E
0,0,,F,373,F
-5.017,-3.248,3,F,373,G
-7.59,-4.867,6,F,373,H
-4.626,-2.766,5,F,373,I
-11.34,-5.07,1,F,373,K
-3.299,-1.198,6,F,373,L
-3.709,-1.627,5,F,373,M
-8.833,-5.013,3,F,373,N
-6.263,-4.371,7,F,373,P
-16.34,-5.075,1,F,373,Q
-8.867,-5.016,5,F,373,R
-5.541,-3.81,4,F,373,S
-10.53,-5.064,4,F,373,T
-13.84,-5.075,5,F,373,V
-0.1775,-0.01165,3,F,373,W
1.399,0.04569,7,F,373,Y
0.6418,0.02864,1,G,374,-
0.3218,0.0166,7,G,374,A
2.392,0.05523,15,G,374,C
-3.323,-1.221,2,G,374,D
1.071,0.03984,2,G,374,E
-2.077,-0.3875,3,G,374,F
0,0,,G,374,G
-8.738,-5.007,2,G,374,H
3.397,0.05879,4,G,374,I
0.4448,0.02168,4,G,374,K
-3.405,-1.301,5,G,374,L
4.011,0.05974,2,G,374,M
-0.7725,-0.06911,3,G,374,N
4.226,0.05995,4,G,374,P
-3.679,-1.593,3,G,374,Q
-2.689,-0.7095,6,G,374,R
0.1921,0.01053,9,G,374,S
-1.029,-0.1059,7,G,374,T
0.4457,0.02172,9,G,374,V
-3.808,-1.741,3,G,374,W
0.7667,0.0324,3,G,374,Y
0.5426,0.0253,1,K,375,-
-3.308,-1.206,2,K,375,A
-4.305,-2.355,5,K,375,C
-9.011,-5.023,4,K,375,D
-6.745,-4.616,5,K,375,E
-8.395,-4.98,5,K,375,F
-3.906,-1.857,1,K,375,G
-4.665,-2.816,2,K,375,H
-9.311,-5.037,3,K,375,I
0,0,,K,375,K
-2.856,-0.8251,4,K,375,L
-4.171,-2.185,4,K,375,M
-9.266,-5.035,9,K,375,N
-4.523,-2.635,3,K,375,P
-16.31,-5.075,5,K,375,Q
3.899,0.0596,6,K,375,R
-7.803,-4.906,5,K,375,S
-6.941,-4.692,6,K,375,T
-7.329,-4.809,3,K,375,V
-8.739,-5.007,2,K,375,W
-7.006,-4.714,3,K,375,Y
-3.388,-1.285,1,V,376,-
0.04029,0.002376,9,V,376,A
-0.9238,-0.08971,6,V,376,C
-7.816,-4.908,8,V,376,D
-8.773,-5.01,1,V,376,E
-3.212,-1.117,5,V,376,F
-5.621,-3.884,4,V,376,G
-9.215,-5.033,3,V,376,H
-1.024,-0.105,3,V,376,I
-6.743,-4.615,4,V,376,K
-1.301,-0.1559,8,V,376,L
5.273,0.06054,8,V,376,M
-6.105,-4.269,4,V,376,N
-9.066,-5.026,2,V,376,P
-3.534,-1.434,7,V,376,Q
-7.72,-4.892,4,V,376,R
0.2332,0.01254,4,V,376,S
0.1522,0.008501,5,V,376,T
0,0,,V,376,V
-5.02,-3.251,7,V,376,W
-5.377,-3.646,8,V,376,Y
1.68,0.0494,1,N,377,-
2.981,0.05773,6,N,377,A
-2.923,-0.8753,4,N,377,C
-3.749,-1.673,5,N,377,D
-3.897,-1.846,5,N,377,E
-5.311,-3.577,6,N,377,F
3.403,0.0588,2,N,377,G
-4.226,-2.255,5,N,377,H
1.9,0.05166,4,N,377,I
-2.358,-0.5169,7,N,377,K
-4.756,-2.93,5,N,377,L
-7.191,-4.771,6,N,377,M
0,0,,N,377,N
-5.534,-3.802,9,N,377,P
-2.522,-0.6063,5,N,377,Q
-1.698,-0.255,3,N,377,R
-1.028,-0.1058,6,N,377,S
3.016,0.05783,2,N,377,T
3.313,0.05861,1,N,377,V
-6.421,-4.462,5,N,377,W
-6.546,-4.526,4,N,377,Y
-5.895,-4.116,2,N,378,-
-2.551,-0.6235,3,N,378,A
-5.223,-3.482,1,N,378,C
-4.245,-2.279,6,N,378,D
-9.846,-5.053,5,N,378,E
0.9674,0.03755,1,N,378,G
-3.799,-1.731,6,N,378,H
-5.628,-3.89,9,N,378,I
-5.543,-3.811,2,N,378,K
-5.303,-3.569,5,N,378,L
-3.919,-1.873,7,N,378,M
0,0,,N,378,N
-13.82,-5.075,3,N,378,P
-3.648,-1.558,2,N,378,Q
-5.496,-3.765,4,N,378,R
-1.075,-0.1135,2,N,378,S
-4.254,-2.289,3,N,378,T
-6.338,-4.416,7,N,378,V
-1.8,-0.2865,2,N,378,W
-4.538,-2.654,9,N,378,Y
-4.168,-2.181,2,F,379,-
-4.186,-2.204,6,F,379,A
-6.145,-4.296,3,F,379,C
-9.524,-5.044,5,F,379,D
-8.768,-5.009,3,F,379,E
0,0,,F,379,F
-4.009,-1.982,2,F,379,G
-2.585,-0.6441,2,F,379,H
-2.619,-0.6645,4,F,379,I
-5.274,-3.538,5,F,379,K
-0.9132,-0.08817,14,F,379,L
0.7596,0.0322,6,F,379,M
-4.55,-2.67,3,F,379,N
-13.01,-5.074,8,F,379,P
-4.836,-3.029,3,F,379,Q
-2.85,-0.8209,3,F,379,R
-3.994,-1.964,4,F,379,S
-4.889,-3.094,4,F,379,T
-2.904,-0.8612,2,F,379,V
-0.4048,-0.02983,2,F,379,W
2.106,0.05337,4,F,379,Y
-9.373,-5.039,6,N,38,*
1.414,0.04592,2,N,38,A
-2.916,-0.87,3,N,38,C
0.7642,0.03233,1,N,38,D
0.6022,0.02735,1,N,38,E
3.98,0.0597,7,N,38,F
0.3423,0.01749,4,N,38,G
1.057,0.03954,5,N,38,H
2.365,0.05507,2,N,38,I
7.519,0.06082,4,N,38,K
-2.112,-0.4023,7,N,38,L
0.07041,0.004091,7,N,38,M
0,0,,N,38,N
-3.644,-1.554,3,N,38,P
-0.6493,-0.05438,5,N,38,Q
-3.251,-1.154,2,N,38,R
1.933,0.05195,8,N,38,S
0.7304,0.03136,5,N,38,T
-0.449,-0.03386,4,N,38,V
-2.184,-0.4335,6,N,38,W
-0.3095,-0.02172,1,V,380,-
-1.02,-0.1044,4,V,380,A
-0.5337,-0.04205,3,V,380,C
-8.245,-4.965,5,V,380,D
-6.946,-4.694,3,V,380,E
-4.33,-2.387,3,V,380,F
-3.838,-1.776,9,V,380,G
-3.198,-1.105,3,V,380,H
-1.268,-0.149,7,V,380,I
-7.134,-4.755,3,V,380,K
-2.185,-0.434,7,V,380,L
-5.394,-3.664,8,V,380,M
3.09,0.05805,6,V,380,Q
-9.008,-5.023,1,V,380,R
-5.209,-3.467,5,V,380,S
-12.11,-5.073,5,V,380,T
0,0,,V,380,V
-1.005,-0.1021,5,V,380,W
-4.777,-2.956,5,V,380,Y
-1.354,-0.167,1,K,381,-
-2.557,-0.6273,2,K,381,A
-18.4,-5.075,5,K,381,C
-4.773,-2.951,6,K,381,D
-4.546,-2.664,4,K,381,E
-4.738,-2.907,1,K,381,F
-3.624,-1.532,3,K,381,G
-3.073,-0.9959,4,K,381,H
-3.228,-1.132,4,K,381,I
0,0,,K,381,K
-2.445,-0.5629,7,K,381,L
-2.984,-0.9232,2,K,381,M
-2.638,-0.6767,9,K,381,N
-2.822,-0.8009,4,K,381,P
1.894,0.0516,6,K,381,Q
-2.568,-0.6334,7,K,381,R
-2.001,-0.3573,2,K,381,S
-2.638,-0.6769,3,K,381,T
-13.22,-5.074,1,K,381,V
-6.342,-4.418,1,K,381,W
-3.15,-1.062,3,K,381,Y
-0.7189,-0.06249,1,F,382,-
-9.235,-5.034,2,F,382,A
-9.816,-5.052,4,F,382,C
-6.724,-4.607,4,F,382,D
-7.631,-4.876,5,F,382,E
0,0,,F,382,F
-7.92,-4.924,1,F,382,G
-11.85,-5.072,6,F,382,H
-3.352,-1.249,8,F,382,I
-7.319,-4.806,7,F,382,K
-1.253,-0.146,10,F,382,L
-2.473,-0.5783,9,F,382,M
-7.29,-4.799,2,F,382,N
-9.797,-5.051,4,F,382,P
-10.09,-5.057,4,F,382,Q
-6.71,-4.601,3,F,382,R
-9.123,-5.029,5,F,382,S
-7.459,-4.84,3,F,382,T
-4.512,-2.621,2,F,382,V
-1.086,-0.1154,7,F,382,W
-3.473,-1.371,6,F,382,Y
0.1432,0.008038,1,G,383,-
-1.552,-0.2142,6,G,383,A
-3.911,-1.863,15,G,383,C
0.7248,0.03119,5,G,383,D
-0.165,-0.01076,7,G,383,E
6.524,0.06076,6,G,383,F
0,0,,G,383,G
-1.133,-0.1234,6,G,383,H
-6.661,-4.58,4,G,383,I
2.586,0.05622,6,G,383,K
3.37,0.05873,6,G,383,L
0.4929,0.02351,2,G,383,M
1.754,0.05022,3,G,383,N
-8.777,-5.01,5,G,383,P
0.8379,0.03435,5,G,383,Q
0.2409,0.01291,2,G,383,R
-0.1617,-0.01053,8,G,383,S
-0.7249,-0.06321,6,G,383,T
-4.161,-2.172,7,G,383,V
-3.233,-1.136,1,G,383,W
-2.492,-0.5891,5,G,383,Y
-0.9771,-0.09771,1,S,384,-
-1.911,-0.3241,5,S,384,A
-3.218,-1.123,2,S,384,C
0.4137,0.02045,5,S,384,E
-0.6543,-0.05495,3,S,384,F
5.445,0.06059,3,S,384,G
2.796,0.0571,6,S,384,H
-2.771,-0.7647,12,S,384,I
-3.813,-1.747,4,S,384,L
-0.2192,-0.0147,5,S,384,M
-2.293,-0.4846,12,S,384,N
-6.999,-4.712,6,S,384,P
0.1827,0.01006,6,S,384,Q
-2.205,-0.4431,15,S,384,R
0,0,,S,384,S
4.654,0.06027,5,S,384,T
2.023,0.05272,2,S,384,V
1.052,0.03943,4,S,384,W
-1.842,-0.3005,7,S,384,Y
-1.528,-0.208,1,V,385,-
1.34,0.04478,4,V,385,A
0.9076,0.03612,4,V,385,C
-8.716,-5.006,5,V,385,D
-11.11,-5.069,5,V,385,E
-2.361,-0.5184,19,V,385,F
-6.092,-4.261,4,V,385,G
4.933,0.06041,8,V,385,I
-11.6,-5.071,5,V,385,K
3.625,0.05921,5,V,385,L
-1.104,-0.1184,6,V,385,M
-6.149,-4.298,5,V,385,N
-5.352,-3.621,2,V,385,P
-5.082,-3.323,3,V,385,Q
-7.141,-4.757,1,V,385,R
-6.908,-4.68,5,V,385,S
-2.606,-0.6567,9,V,385,T
0,0,,V,385,V
-7.129,-4.753,5,V,385,W
-6.276,-4.379,5,V,385,Y
-0.851,-0.07943,1,C,386,-
-2.326,-0.5006,1,C,386,A
0,0,,C,386,C
-5.798,-4.038,3,C,386,D
-1.997,-0.3558,2,C,386,E
-8.788,-5.011,5,C,386,F
-6.773,-4.628,6,C,386,G
-10.01,-5.056,3,C,386,H
-7.624,-4.874,9,C,386,I
-8.515,-4.991,5,C,386,K
-7.199,-4.774,3,C,386,L
-7.133,-4.755,5,C,386,M
-9.784,-5.051,6,C,386,P
-2.216,-0.4478,1,C,386,Q
-6.673,-4.585,11,C,386,R
-9.767,-5.051,7,C,386,S
-6.102,-4.267,6,C,386,T
-10.43,-5.063,3,C,386,V
-8.22,-4.962,2,C,386,W
-10.09,-5.058,13,C,386,Y
-1.143,-0.1253,1,F,387,-
-11.77,-5.072,4,F,387,A
-8.74,-5.008,2,F,387,C
-7.024,-4.72,4,F,387,D
-9.011,-5.023,1,F,387,E
0,0,,F,387,F
-10.18,-5.059,5,F,387,G
-6.324,-4.407,5,F,387,H
-6.364,-4.43,4,F,387,I
-9.01,-5.023,4,F,387,K
-2.452,-0.5667,9,F,387,L
-2.515,-0.6024,6,F,387,M
-7.97,-4.931,8,F,387,N
-9.675,-5.048,5,F,387,P
-9.313,-5.037,3,F,387,Q
-8.967,-5.021,7,F,387,R
-8.225,-4.963,4,F,387,S
-7.665,-4.882,3,F,387,T
0.4259,0.02094,1,F,387,V
-2.087,-0.3917,4,F,387,W
-2.686,-0.7073,3,F,387,Y
-0.4327,-0.03235,2,S,388,-
0.05632,0.003295,3,S,388,A
-4.537,-2.653,6,S,388,C
-3.62,-1.527,3,S,388,D
-8.637,-5,9,S,388,E
-6.403,-4.452,4,S,388,F
-2.809,-0.7912,3,S,388,G
-2.684,-0.7062,5,S,388,H
-9.854,-5.053,7,S,388,I
-6.73,-4.61,8,S,388,L
-9.079,-5.027,4,S,388,M
-3.942,-1.9,8,S,388,N
-3.307,-1.206,3,S,388,Q
-5.17,-3.423,6,S,388,R
0,0,,S,388,S
-1.786,-0.2821,5,S,388,T
-6.516,-4.511,8,S,388,V
-6.957,-4.697,1,S,388,W
-7.085,-4.74,5,S,388,Y
0.2745,0.01448,1,L,389,-
-3.445,-1.342,5,L,389,A
-5.559,-3.826,11,L,389,C
-6.972,-4.703,5,L,389,D
-2.311,-0.4932,5,L,389,E
-5.4,-3.67,4,L,389,G
-0.9939,-0.1003,2,L,389,H
3.244,0.05845,3,L,389,I
5.695,0.06064,1,L,389,K
0,0,,L,389,L
-2.54,-0.617,7,L,389,M
-0.5867,-0.04754,2,L,389,N
2.004,0.05257,10,L,389,P
-2.062,-0.3817,6,L,389,Q
-3.37,-1.267,3,L,389,R
-4.504,-2.61,2,L,389,S
1.892,0.05158,2,L,389,T
-2.42,-0.5493,2,L,389,V
-9.694,-5.049,7,L,389,W
-4.581,-2.708,3,L,389,Y
4.225,0.05995,1,V,39,-
6.136,0.06072,5,V,39,A
-1.761,-0.2742,2,V,39,C
3.286,0.05855,13,V,39,D
-0.1221,-0.007793,4,V,39,E
0.4154,0.02052,6,V,39,F
-0.1279,-0.008188,2,V,39,G
2.079,0.05316,5,V,39,H
-2.172,-0.4283,5,V,39,I
-3.164,-1.074,4,V,39,K
-0.2673,-0.01836,13,V,39,L
-2.154,-0.4202,9,V,39,M
2.472,0.05566,3,V,39,N
1.831,0.051,2,V,39,P
-1.717,-0.2605,7,V,39,Q
-0.5714,-0.04592,3,V,39,R
-3.49,-1.388,2,V,39,S
-0.8533,-0.07975,4,V,39,T
0,0,,V,39,V
2.153,0.05371,4,V,39,W
-2.901,-0.8585,2,V,39,Y
0.007868,0.0004711,1,K,390,-
2.401,0.05528,7,K,390,A
-5.871,-4.097,1,K,390,C
-0.5874,-0.04762,5,K,390,D
4.993,0.06043,4,K,390,E
-0.1112,-0.007063,5,K,390,F
2.468,0.05564,5,K,390,G
0.5919,0.027,5,K,390,H
0,0,,K,390,K
3.681,0.0593,6,K,390,L
-0.965,-0.09586,5,K,390,M
-0.767,-0.06842,12,K,390,N
-8.26,-4.967,5,K,390,P
1.942,0.05204,3,K,390,Q
-1.222,-0.1401,3,K,390,R
2.545,0.05602,3,K,390,S
-0.6517,-0.05466,3,K,390,T
6.942,0.06079,6,K,390,V
-2.626,-0.6691,2,K,390,W
-3.2,-1.107,4,K,390,Y
-0.3479,-0.0249,1,D,391,-
-3.317,-1.215,5,D,391,A
-2.393,-0.535,1,D,391,C
0,0,,D,391,D
-3.477,-1.375,6,D,391,E
0.1582,0.008814,4,D,391,F
-1.552,-0.2142,7,D,391,G
-1.849,-0.3026,4,D,391,H
3.669,0.05928,2,D,391,I
1.694,0.04956,7,D,391,K
-1.095,-0.1169,3,D,391,L
-0.2378,-0.01609,5,D,391,M
-0.03576,-0.002188,24,D,391,N
-1.476,-0.1951,8,D,391,P
4.423,0.06011,4,D,391,Q
4.73,0.06031,3,D,391,R
2.965,0.05768,8,D,391,S
-0.9856,-0.09901,5,D,391,T
-0.499,-0.03861,4,D,391,V
-2.472,-0.5781,4,D,391,W
-3.709,-1.627,7,D,391,Y
0.6567,0.02912,1,I,392,-
-2.885,-0.8472,3,I,392,A
-3.624,-1.532,4,I,392,C
-2.245,-0.4615,10,I,392,D
0.03689,0.002178,2,I,392,E
0.4793,0.023,9,I,392,F
-2.283,-0.4796,7,I,392,G
1.916,0.05181,1,I,392,H
0,0,,I,392,I
-0.3424,-0.02443,7,I,392,K
3.709,0.05934,4,I,392,L
-2.436,-0.5581,1,I,392,M
3.23,0.05842,2,I,392,N
-3.7,-1.616,4,I,392,P
-1.547,-0.2129,2,I,392,R
-1.047,-0.1088,5,I,392,S
-2.466,-0.5747,7,I,392,T
-0.1608,-0.01047,3,I,392,V
-2.534,-0.6134,5,I,392,W
-2.482,-0.5835,2,I,392,Y
-1.242,-0.1438,1,P,393,-
-2.291,-0.4836,8,P,393,C
0.7879,0.033,4,P,393,D
-3.011,-0.9449,1,P,393,E
-2.71,-0.7237,2,P,393,F
2.462,0.05561,3,P,393,G
-1.915,-0.3257,13,P,393,H
1.154,0.04151,9,P,393,I
-1.147,-0.126,2,P,393,K
1.79,0.05059,12,P,393,L
0.7425,0.03171,2,P,393,M
-2.073,-0.3861,7,P,393,N
0,0,,P,393,P
-1.609,-0.2294,5,P,393,R
2.111,0.0534,9,P,393,S
0.7903,0.03306,11,P,393,T
-1.012,-0.1032,5,P,393,V
-1.071,-0.1128,3,P,393,Y
-1.314,-0.1586,1,G,394,-
-2.187,-0.4349,4,G,394,A
-1.806,-0.2885,11,G,394,C
-4.137,-2.142,6,G,394,D
-1.157,-0.1279,2,G,394,E
-2.28,-0.4778,4,G,394,F
0,0,,G,394,G
0.4485,0.02182,3,G,394,H
0.5714,0.02631,3,G,394,I
-4.654,-2.801,2,G,394,K
-2.952,-0.8976,1,G,394,L
-3.342,-1.239,2,G,394,M
-1.929,-0.3307,6,G,394,N
-3.626,-1.533,1,G,394,P
-2.447,-0.5642,2,G,394,Q
-1.801,-0.2869,1,G,394,R
0.5956,0.02713,8,G,394,S
-0.4918,-0.03792,8,G,394,T
0.5726,0.02635,5,G,394,V
-3.61,-1.517,6,G,394,W
5.052,0.06046,4,G,394,Y
-3.542,-1.443,12,G,395,*
-1.017,-0.104,1,G,395,-
1.124,0.04092,9,G,395,A
-1.394,-0.1758,2,G,395,C
-2.333,-0.504,2,G,395,D
-7.782,-4.902,8,G,395,E
-1.718,-0.2609,5,G,395,F
0,0,,G,395,G
-3.875,-1.819,1,G,395,H
-6.924,-4.686,5,G,395,I
-3.272,-1.173,4,G,395,K
-5.289,-3.554,6,G,395,L
-4.027,-2.004,3,G,395,M
-2.482,-0.5837,4,G,395,N
-9.09,-5.027,2,G,395,P
-0.5766,-0.04648,5,G,395,Q
-3.46,-1.357,13,G,395,R
2.579,0.05619,3,G,395,S
0.1865,0.01025,9,G,395,T
-3.799,-1.73,10,G,395,V
-1.682,-0.2501,1,G,395,W
-2.191,-0.4364,3,G,395,Y
-9.079,-5.027,1,C,396,*
-2.492,-0.5894,1,C,396,-
-7.739,-4.895,6,C,396,A
0,0,,C,396,C
-6.892,-4.674,14,C,396,D
-5.59,-3.855,3,C,396,E
-10.8,-5.067,4,C,396,F
-9.019,-5.024,4,C,396,G
-8.68,-5.003,6,C,396,H
-7.853,-4.914,4,C,396,I
-9.621,-5.047,2,C,396,K
-7.298,-4.801,3,C,396,L
-10.04,-5.057,8,C,396,M
-5.138,-3.388,3,C,396,N
-8.918,-5.018,6,C,396,P
-7.156,-4.761,3,C,396,Q
-3.136,-1.05,1,C,396,R
-10.93,-5.068,6,C,396,S
-9.121,-5.029,2,C,396,T
-5.43,-3.7,5,C,396,V
-5.251,-3.513,2,C,396,W
-9.647,-5.048,6,C,396,Y
-2.747,-0.7483,1,A,397,-
0,0,,A,397,A
-1.083,-0.1148,6,A,397,C
-1.024,-0.105,7,A,397,D
3.058,0.05796,1,A,397,E
3.296,0.05857,7,A,397,F
-1.55,-0.2137,4,A,397,G
-1.038,-0.1073,1,A,397,H
0.4145,0.02049,9,A,397,I
-1.258,-0.147,1,A,397,K
-0.9232,-0.08962,5,A,397,L
-2.757,-0.7548,1,A,397,M
3.902,0.05961,6,A,397,N
-3.136,-1.05,4,A,397,P
0.8464,0.03457,2,A,397,Q
-1.331,-0.1621,7,A,397,R
0.05375,0.003149,8,A,397,S
0.5227,0.0246,21,A,397,T
-0.02041,-0.00124,13,A,397,V
-1.661,-0.2441,3,A,397,W
-1.677,-0.2489,6,A,397,Y
-1.018,-0.1041,1,M,398,-
-6.037,-4.222,5,M,398,A
-11.66,-5.071,3,M,398,C
-9.324,-5.037,5,M,398,D
-2.332,-0.5037,2,M,398,E
-3.838,-1.776,7,M,398,F
-6.988,-4.708,10,M,398,G
-2.599,-0.6527,5,M,398,H
-6.866,-4.664,18,M,398,I
-5.564,-3.831,2,M,398,K
-7.613,-4.872,3,M,398,L
0,0,,M,398,M
-8.17,-4.957,9,M,398,N
-6.875,-4.668,6,M,398,P
-3.056,-0.9818,5,M,398,Q
-9.342,-5.038,5,M,398,R
-4.561,-2.683,5,M,398,S
-11.25,-5.07,7,M,398,T
-8.75,-5.008,6,M,398,V
-2.936,-0.8859,5,M,398,W
-2.237,-0.4574,1,P,399,-
-1.419,-0.1816,10,P,399,A
-7.616,-4.873,7,P,399,C
-4.337,-2.395,4,P,399,D
-3.735,-1.657,5,P,399,E
-4.295,-2.342,1,P,399,F
4.374,0.06008,3,P,399,G
-3.531,-1.431,9,P,399,H
0.4707,0.02268,5,P,399,I
-3.296,-1.195,6,P,399,K
8.328,0.06084,3,P,399,L
-3.029,-0.9594,2,P,399,N
0,0,,P,399,P
-2.007,-0.3598,5,P,399,Q
-3.508,-1.408,3,P,399,R
-2.05,-0.3769,9,P,399,S
-2.351,-0.5133,6,P,399,T
0.7418,0.03169,1,P,399,V
-3.115,-1.031,4,P,399,W
-17.66,-5.075,1,P,399,Y
-8.491,-4.989,2,F,40,*
3.598,0.05917,1,F,40,-
-2.367,-0.5213,1,F,40,A
-1.551,-0.214,1,F,40,C
-4.044,-2.026,2,F,40,D
0,0,,F,40,F
-2.603,-0.6549,3,F,40,G
-0.435,-0.03256,4,F,40,H
-3.161,-1.071,2,F,40,I
-3.916,-1.868,3,F,40,K
0.8201,0.03388,10,F,40,L
-2.928,-0.8793,5,F,40,M
-1.717,-0.2604,5,F,40,N
-1.477,-0.1955,6,F,40,P
-1.613,-0.2305,5,F,40,Q
1.661,0.04919,3,F,40,R
1.387,0.04551,3,F,40,S
-2.564,-0.6313,4,F,40,T
-2.931,-0.882,4,F,40,V
-3.927,-1.882,4,F,40,W
-1.442,-0.1871,5,F,40,Y
-1.276,-0.1506,1,I,400,-
-9.535,-5.044,3,I,400,A
-5.948,-4.157,6,I,400,C
-6.021,-4.21,5,I,400,D
-9.223,-5.033,2,I,400,E
-5.174,-3.428,2,I,400,F
-3.845,-1.784,3,I,400,G
-5.464,-3.734,5,I,400,H
0,0,,I,400,I
-10.27,-5.06,5,I,400,K
-0.4334,-0.03241,10,I,400,L
-2.752,-0.7516,2,I,400,M
-10.04,-5.057,8,I,400,N
-7.39,-4.824,7,I,400,P
-4.376,-2.445,2,I,400,Q
-8.966,-5.021,2,I,400,R
-8.821,-5.013,3,I,400,S
-8.524,-4.992,4,I,400,T
-8.654,-5.002,5,I,400,W
-6.051,-4.232,3,I,400,Y
-2.579,-0.6403,5,V,401,A
-2.713,-0.7254,6,V,401,D
-0.2287,-0.0154,3,V,401,E
2.439,0.05549,3,V,401,G
3.496,0.05898,2,V,401,H
-2.807,-0.79,4,V,401,I
-1.804,-0.2879,3,V,401,K
-2.549,-0.6224,5,V,401,L
3.284,0.05854,8,V,401,M
2.081,0.05318,3,V,401,N
-9.575,-5.046,8,V,401,P
1.363,0.04514,5,V,401,Q
-1.649,-0.2405,3,V,401,R
-1.946,-0.337,5,V,401,S
2.285,0.05459,2,V,401,T
0,0,,V,401,V
-2.55,-0.6229,4,V,401,W
4.618,0.06024,3,V,401,Y
0,0,,A,402,A
-2.191,-0.4368,4,A,402,C
-6.718,-4.605,6,A,402,D
-8.876,-5.016,3,A,402,E
-2.996,-0.9329,7,A,402,F
1.504,0.0472,3,A,402,G
-12.29,-5.073,2,A,402,H
-0.9705,-0.0967,5,A,402,I
-7.818,-4.908,7,A,402,K
-0.3722,-0.02697,4,A,402,L
-1.203,-0.1363,5,A,402,M
-3.126,-1.041,10,A,402,N
-9.207,-5.033,2,A,402,P
-4.26,-2.297,1,A,402,Q
-7.219,-4.779,8,A,402,R
-3.405,-1.301,11,A,402,S
-2.892,-0.8521,6,A,402,T
-1.424,-0.1828,6,A,402,V
-6.43,-4.466,4,A,402,W
3.886,0.05959,1,A,402,Y
-5.008,-3.237,1,N,403,-
-2.952,-0.8978,3,N,403,A
-0.02175,-0.001321,2,N,403,C
3.967,0.05969,4,N,403,D
2.543,0.05601,3,N,403,E
-1.698,-0.2548,5,N,403,F
-1.087,-0.1156,3,N,403,G
0.5019,0.02384,7,N,403,H
0.7535,0.03203,4,N,403,I
-2.748,-0.7486,5,N,403,K
-2.706,-0.7209,1,N,403,L
-3.544,-1.445,5,N,403,M
0,0,,N,403,N
-6.676,-4.587,4,N,403,P
0.02802,0.001662,3,N,403,Q
-0.1272,-0.008144,6,N,403,R
4.552,0.0602,7,N,403,S
3.204,0.05835,5,N,403,T
0.9107,0.0362,3,N,403,V
-2.502,-0.5948,5,N,403,W
-3.008,-0.9427,4,N,403,Y
-2.177,-0.4303,4,L,404,A
-7.213,-4.778,5,L,404,C
-11.03,-5.068,7,L,404,D
-3.732,-1.653,1,L,404,E
-1.875,-0.3116,1,L,404,F
-6.248,-4.361,4,L,404,G
-4.334,-2.392,3,L,404,H
-1.545,-0.2124,3,L,404,I
-6.326,-4.408,7,L,404,K
0,0,,L,404,L
3.688,0.05931,4,L,404,M
-6.241,-4.357,4,L,404,N
5.904,0.06068,3,L,404,P
-12.47,-5.074,2,L,404,Q
-4.325,-2.381,6,L,404,R
-10.25,-5.06,3,L,404,S
-2.181,-0.4322,2,L,404,T
-3.326,-1.224,2,L,404,V
-3.806,-1.738,2,L,404,W
3.595,0.05916,3,L,404,Y
0,0,,A,405,A
-2.926,-0.8783,6,A,405,C
-3.164,-1.074,11,A,405,D
-4.025,-2.001,2,A,405,E
-2.498,-0.5924,9,A,405,F
-1.048,-0.109,9,A,405,G
1.889,0.05156,5,A,405,H
3.02,0.05785,5,A,405,I
-1.221,-0.1398,4,A,405,K
3.784,0.05945,6,A,405,L
-2.275,-0.4757,3,A,405,M
-0.5818,-0.04701,3,A,405,N
0.2768,0.01458,5,A,405,P
-1.267,-0.1488,2,A,405,Q
-10.57,-5.064,5,A,405,S
-4.367,-2.434,14,A,405,T
-0.2132,-0.01425,5,A,405,V
-0.1965,-0.01302,3,A,405,W
0.6562,0.0291,4,A,405,Y
-5.787,-4.029,1,Y,406,*
-2.459,-0.5706,5,Y,406,A
-0.8789,-0.08329,8,Y,406,C
-1.666,-0.2456,2,Y,406,D
3.354,0.0587,2,Y,406,E
-4.147,-2.155,4,Y,406,F
3.217,0.05839,1,Y,406,G
-1.689,-0.2523,2,Y,406,H
0.5124,0.02422,2,Y,406,I
-5.231,-3.491,2,Y,406,K
-0.6215,-0.0513,3,Y,406,L
-1.077,-0.1138,4,Y,406,M
0.08585,0.004951,4,Y,406,N
0.9878,0.03802,3,Y,406,P
-1.773,-0.278,6,Y,406,Q
-1.694,-0.2538,5,Y,406,R
-0.2083,-0.01389,1,Y,406,S
0.6002,0.02728,3,Y,406,W
0,0,,Y,406,Y
-2.732,-0.7384,6,L,407,A
-8.526,-4.992,5,L,407,C
-3.42,-1.316,1,L,407,D
-2.454,-0.5678,7,L,407,E
2.078,0.05315,4,L,407,F
2.008,0.05259,3,L,407,G
-0.9356,-0.09145,5,L,407,H
-3.746,-1.669,1,L,407,I
-2.213,-0.4467,2,L,407,K
0,0,,L,407,L
-1.059,-0.1107,11,L,407,M
-11.39,-5.07,1,L,407,N
-3.795,-1.725,9,L,407,P
0.03145,0.001863,2,L,407,Q
-3.218,-1.123,7,L,407,R
-0.5553,-0.04425,2,L,407,S
-2.629,-0.6712,2,L,407,T
6.93,0.06079,4,L,407,V
-0.8886,-0.08466,2,L,407,W
0.4209,0.02074,6,L,407,Y
0.2439,0.01305,6,N,408,A
-3.957,-1.918,2,N,408,C
2.472,0.05566,7,N,408,D
-2.693,-0.7124,9,N,408,E
-3.868,-1.812,3,N,408,F
-0.225,-0.01513,3,N,408,G
-1.064,-0.1116,4,N,408,H
-2.777,-0.7687,4,N,408,I
-0.9506,-0.09368,6,N,408,K
-2.842,-0.8152,5,N,408,L
1.177,0.04193,6,N,408,M
0,0,,N,408,N
-3.56,-1.462,3,N,408,P
-2.37,-0.5229,3,N,408,Q
-1.501,-0.2014,1,N,408,R
-3.062,-0.9869,5,N,408,S
2.113,0.05342,3,N,408,T
-2.858,-0.8265,3,N,408,V
-2.886,-0.8477,5,N,408,W
-3.152,-1.063,3,N,408,Y
-2.893,-0.8526,4,S,409,A
-2.157,-0.4214,6,S,409,C
3.79,0.05946,4,S,409,D
-0.2081,-0.01387,6,S,409,E
0.8088,0.03357,7,S,409,F
-2.614,-0.6619,1,S,409,G
-0.5651,-0.04527,3,S,409,H
-3.2,-1.106,3,S,409,I
-0.3825,-0.02787,6,S,409,K
3.851,0.05954,4,S,409,L
5.252,0.06053,3,S,409,M
-6.851,-4.658,5,S,409,N
-3.211,-1.116,9,S,409,P
-4.952,-3.17,2,S,409,Q
-2.349,-0.512,4,S,409,R
0,0,,S,409,S
-2.081,-0.3895,3,S,409,T
1.386,0.04549,5,S,409,V
-1.305,-0.1566,5,S,409,W
1.953,0.05213,8,S,409,Y
2.888,0.05743,1,A,41,-
0,0,,A,41,A
0.1099,0.006268,4,A,41,C
1.305,0.0442,6,A,41,D
-1.777,-0.2792,1,A,41,E
0.2097,0.0114,3,A,41,F
3.525,0.05904,2,A,41,G
-1.32,-0.1598,1,A,41,H
0.5667,0.02615,5,A,41,I
0.5357,0.02506,6,A,41,K
0.01873,0.001116,1,A,41,L
0.6603,0.02923,4,A,41,M
1.004,0.03839,4,A,41,N
2.512,0.05586,3,A,41,P
-1.442,-0.1871,2,A,41,R
2.562,0.0561,5,A,41,S
2.97,0.0577,4,A,41,T
-2.821,-0.8003,6,A,41,V
1.674,0.04933,2,A,41,W
0.9512,0.03717,4,A,41,Y
-1.104,-0.1184,3,Y,410,A
-9.761,-5.051,9,Y,410,C
-1.332,-0.1624,5,Y,410,D
-1.894,-0.3182,5,Y,410,F
-5.9,-4.12,3,Y,410,G
5.984,0.0607,6,Y,410,H
-3.694,-1.61,2,Y,410,I
-3.894,-1.842,5,Y,410,K
-2.531,-0.6117,8,Y,410,L
-3.18,-1.088,3,Y,410,M
2.694,0.05669,3,Y,410,N
-4.754,-2.927,3,Y,410,P
-3.753,-1.677,1,Y,410,Q
-1.889,-0.3164,3,Y,410,R
-3.606,-1.512,2,Y,410,S
-4.421,-2.504,5,Y,410,T
-1.84,-0.2997,3,Y,410,V
-1.575,-0.2203,1,Y,410,W
0,0,,Y,410,Y
-0.9246,-0.08982,2,T,411,A
-2.851,-0.8214,5,T,411,C
-1.308,-0.1572,3,T,411,D
-7.423,-4.831,2,T,411,E
-3.413,-1.309,3,T,411,F
-1.925,-0.3294,6,T,411,G
-2.956,-0.9008,11,T,411,H
0.5221,0.02457,7,T,411,I
3.363,0.05872,4,T,411,K
0.657,0.02912,3,T,411,L
5.79,0.06066,4,T,411,M
-1.379,-0.1726,4,T,411,N
-3.327,-1.225,7,T,411,P
-2.69,-0.7102,2,T,411,Q
2.235,0.05427,3,T,411,R
0.289,0.01514,6,T,411,S
0,0,,T,411,T
-2.142,-0.4152,5,T,411,V
-3.182,-1.091,3,T,411,W
2.287,0.0546,1,T,411,Y
-3.047,-0.9745,2,I,412,A
0.141,0.00792,9,I,412,C
-4.643,-2.787,3,I,412,D
-5.132,-3.381,1,I,412,E
-1.617,-0.2318,6,I,412,F
-8.459,-4.986,6,I,412,G
-6.862,-4.663,6,I,412,H
0,0,,I,412,I
-6.569,-4.537,3,I,412,K
1.545,0.04775,3,I,412,L
3.06,0.05797,2,I,412,M
-7.643,-4.878,4,I,412,N
-7.817,-4.908,3,I,412,Q
-9.365,-5.039,6,I,412,R
-5.377,-3.646,4,I,412,S
-2.88,-0.8434,2,I,412,T
-2.179,-0.4312,4,I,412,V
-4.282,-2.326,6,I,412,W
-3.567,-1.47,6,I,412,Y
-1.29,-0.1535,1,G,413,*
3.7,0.05933,2,G,413,A
-6.783,-4.632,16,G,413,C
-3.345,-1.243,13,G,413,D
-6.102,-4.267,5,G,413,E
-6.124,-4.282,1,G,413,F
0,0,,G,413,G
-3.974,-1.94,1,G,413,H
-3.634,-1.543,1,G,413,I
-4.356,-2.42,2,G,413,K
-5.807,-4.045,5,G,413,L
-7.948,-4.928,6,G,413,M
-4.695,-2.853,4,G,413,N
-13.47,-5.075,2,G,413,P
-1.343,-0.1647,1,G,413,Q
-3.84,-1.778,4,G,413,R
-1.032,-0.1064,6,G,413,S
-0.7513,-0.06645,2,G,413,T
-11.01,-5.068,12,G,413,V
-12.22,-5.073,13,G,413,W
-8.769,-5.009,2,G,413,Y
-0.48,-0.03678,1,S,414,-
-4.356,-2.42,4,S,414,A
-1.931,-0.3313,5,S,414,C
1.039,0.03915,1,S,414,D
-2.738,-0.7421,2,S,414,E
-2.331,-0.5032,5,S,414,F
-4.667,-2.818,2,S,414,G
0.0718,0.004169,4,S,414,H
0.2649,0.01403,14,S,414,I
-2.629,-0.671,2,S,414,K
-2.545,-0.6199,3,S,414,L
1.799,0.05068,2,S,414,M
-0.01126,-0.0006808,8,S,414,N
-9.488,-5.043,1,S,414,P
-1.445,-0.1877,2,S,414,Q
-3.665,-1.577,4,S,414,R
0,0,,S,414,S
-0.8672,-0.08166,2,S,414,T
1.011,0.03855,4,S,414,V
3.48,0.05895,1,S,414,W
-1.066,-0.112,4,S,414,Y
-1.438,-0.1862,1,L,415,-
-5.554,-3.822,2,L,415,A
-15.22,-5.075,1,L,415,C
-7.269,-4.793,3,L,415,D
-6.934,-4.689,4,L,415,E
-0.8162,-0.07475,5,L,415,F
-7.637,-4.877,2,L,415,G
-8.443,-4.985,4,L,415,H
-2.776,-0.7684,5,L,415,I
-6.921,-4.685,2,L,415,K
0,0,,L,415,L
0.9966,0.03822,6,L,415,M
-6.916,-4.683,1,L,415,N
-9.182,-5.032,7,L,415,P
-9.771,-5.051,4,L,415,Q
-6.499,-4.503,6,L,415,R
-8.947,-5.02,6,L,415,S
-6.115,-4.276,3,L,415,T
-0.5577,-0.0445,3,L,415,V
-7.032,-4.723,3,L,415,W
-10.53,-5.064,5,L,415,Y
-6.606,-4.555,3,Y,416,*
-0.395,-0.02896,1,Y,416,-
-0.03622,-0.002217,4,Y,416,A
-3.117,-1.034,4,Y,416,C
-4.364,-2.431,6,Y,416,D
-8.242,-4.965,2,Y,416,E
-1.196,-0.1351,5,Y,416,F
2.687,0.05666,3,Y,416,G
-0.8506,-0.07938,5,Y,416,H
-3.794,-1.724,4,Y,416,I
-0.7049,-0.06082,2,Y,416,K
-4.289,-2.334,2,Y,416,L
5.326,0.06055,3,Y,416,M
-8.544,-4.993,4,Y,416,N
-8.671,-5.003,5,Y,416,P
-1.535,-0.21,6,Y,416,Q
-1.235,-0.1426,4,Y,416,R
1.726,0.04992,3,Y,416,S
-3.666,-1.578,4,Y,416,T
-2.845,-0.8171,7,Y,416,V
4.367,0.06007,6,Y,416,W
0,0,,Y,416,Y
1.19,0.04219,1,V,417,-
-1.067,-0.1121,6,V,417,A
3.289,0.05856,2,V,417,C
-8.95,-5.02,4,V,417,D
-8.934,-5.019,5,V,417,E
-2.182,-0.4328,3,V,417,F
-7.111,-4.748,5,V,417,G
1.689,0.04951,3,V,417,I
-7.351,-4.814,4,V,417,K
-1.499,-0.2007,8,V,417,L
4.931,0.06041,9,V,417,M
-7.55,-4.859,5,V,417,N
-10.24,-5.06,3,V,417,P
-4.553,-2.673,2,V,417,Q
-8.555,-4.994,5,V,417,R
5.082,0.06047,4,V,417,S
-3.288,-1.188,1,V,417,T
0,0,,V,417,V
3.637,0.05923,5,V,417,W
-6.984,-4.707,4,V,417,Y
-0.9815,-0.09839,1,S,418,-
-0.2192,-0.01469,1,S,418,A
-1.967,-0.3447,3,S,418,C
-2.44,-0.5602,4,S,418,D
-2.234,-0.456,1,S,418,E
0.8703,0.03519,5,S,418,F
-3.293,-1.192,1,S,418,H
2.911,0.0575,8,S,418,I
2.734,0.05685,2,S,418,K
0.4818,0.02309,3,S,418,L
-0.8494,-0.07921,8,S,418,M
-1.919,-0.327,6,S,418,N
-4.696,-2.855,2,S,418,P
0.1316,0.007423,1,S,418,Q
3.694,0.05932,7,S,418,R
0,0,,S,418,S
3.495,0.05898,2,S,418,T
1.503,0.04718,1,S,418,V
-4.544,-2.662,1,S,418,W
1.421,0.04602,1,S,418,Y
-12.19,-5.073,10,W,419,*
-0.7258,-0.06333,1,W,419,-
-3.482,-1.381,2,W,419,A
-1.428,-0.1838,9,W,419,C
-5.375,-3.644,1,W,419,D
3.221,0.0584,4,W,419,F
-4.042,-2.023,4,W,419,G
-0.9451,-0.09286,3,W,419,H
0.6563,0.0291,3,W,419,I
-3.687,-1.601,5,W,419,K
0.8415,0.03444,3,W,419,L
-1.319,-0.1595,6,W,419,M
-4.53,-2.644,5,W,419,N
-7.39,-4.824,8,W,419,P
2.133,0.05356,5,W,419,Q
-5.114,-3.36,12,W,419,R
-2.477,-0.5808,6,W,419,S
-1.838,-0.2991,9,W,419,T
-1.732,-0.2652,5,W,419,V
0,0,,W,419,W
-2.634,-0.6741,6,W,419,Y
-5.742,-3.991,4,V,42,*
-6.072,-4.247,8,V,42,A
-3.331,-1.229,4,V,42,C
-0.4388,-0.03291,3,V,42,D
-1.784,-0.2815,4,V,42,E
-4.214,-2.239,6,V,42,F
-3.014,-0.947,3,V,42,G
-4.228,-2.256,5,V,42,H
-0.7545,-0.06684,5,V,42,I
-3.512,-1.411,4,V,42,K
-1.304,-0.1564,4,V,42,L
-3.312,-1.211,14,V,42,M
-2.017,-0.3638,2,V,42,N
-4.057,-2.041,1,V,42,Q
-2.475,-0.5794,2,V,42,R
4.515,0.06018,3,V,42,S
-1.147,-0.126,6,V,42,T
0,0,,V,42,V
-1.48,-0.196,3,V,42,W
-3.445,-1.342,5,V,42,Y
0.4271,0.02099,2,S,420,-
3.36,0.05871,7,S,420,A
-2.92,-0.8731,3,S,420,C
3.861,0.05956,2,S,420,D
1.712,0.04976,1,S,420,E
-3.269,-1.17,8,S,420,F
10.74,0.06085,5,S,420,G
-3.926,-1.881,6,S,420,H
1.534,0.04761,4,S,420,I
1.74,0.05007,1,S,420,K
-1.428,-0.1838,1,S,420,L
3.485,0.05896,4,S,420,M
-2.087,-0.3917,1,S,420,N
-8.944,-5.02,7,S,420,P
-1.53,-0.2086,5,S,420,Q
-0.6545,-0.05497,3,S,420,R
0,0,,S,420,S
-3.505,-1.405,2,S,420,T
-7.303,-4.802,5,S,420,V
-2.044,-0.3745,2,S,420,W
0.8426,0.03447,6,S,420,Y
-1.143,-0.1253,2,D,421,-
2.453,0.05556,5,D,421,A
-2.386,-0.5312,6,D,421,C
0,0,,D,421,D
-0.05027,-0.003098,12,D,421,E
-2.702,-0.7179,4,D,421,F
-3.036,-0.9656,9,D,421,G
-0.3976,-0.02919,6,D,421,H
-0.8643,-0.08126,1,D,421,I
-1.191,-0.1341,4,D,421,K
1.324,0.04453,10,D,421,L
1.316,0.04438,2,D,421,M
-3.312,-1.21,3,D,421,N
2.594,0.05626,5,D,421,P
-2.31,-0.4929,5,D,421,Q
-7.071,-4.735,1,D,421,R
-3.699,-1.615,1,D,421,S
3.35,0.05869,5,D,421,T
-1.741,-0.2679,6,D,421,V
2.858,0.05732,2,D,421,W
-0.4088,-0.03019,9,D,421,Y
-2.39,-0.5332,3,G,422,-
-6.228,-4.349,3,G,422,A
-8.53,-4.992,17,G,422,C
-7.446,-4.837,13,G,422,D
-6.465,-4.485,2,G,422,E
-11.85,-5.072,6,G,422,F
0,0,,G,422,G
-6.052,-4.232,8,G,422,H
-9.655,-5.048,4,G,422,I
-5.721,-3.973,1,G,422,K
-10.77,-5.066,6,G,422,L
-6.397,-4.449,5,G,422,M
-5.812,-4.049,3,G,422,N
-8.527,-4.992,6,G,422,P
-17.26,-5.075,4,G,422,Q
-9.129,-5.029,3,G,422,R
-7.342,-4.812,10,G,422,S
-11.93,-5.072,5,G,422,T
-8.788,-5.011,4,G,422,V
-9.49,-5.043,4,G,422,W
-9.347,-5.038,5,G,422,Y
-0.09485,-0.005975,2,D,423,-
-0.2519,-0.01716,4,D,423,A
-1.801,-0.2868,2,D,423,C
0,0,,D,423,D
1.25,0.04327,9,D,423,E
-1.032,-0.1063,8,D,423,F
-2.156,-0.4212,10,D,423,G
-2.616,-0.6629,5,D,423,H
0.3365,0.01724,1,D,423,I
3.521,0.05903,4,D,423,K
2.188,0.05396,5,D,423,L
0.5886,0.02689,4,D,423,M
-0.7484,-0.0661,14,D,423,N
-2.221,-0.45,3,D,423,P
-1.459,-0.191,2,D,423,Q
0.709,0.03072,4,D,423,R
-0.4082,-0.03013,3,D,423,S
-2.519,-0.6045,3,D,423,T
-2.398,-0.5379,4,D,423,V
-3.343,-1.241,8,D,423,W
0.08413,0.004857,10,D,423,Y
-1.112,-0.1198,2,V,424,-
-1.589,-0.2241,6,V,424,A
0.6224,0.02802,4,V,424,C
4.751,0.06032,1,V,424,D
-3.374,-1.27,3,V,424,E
-0.8037,-0.07311,5,V,424,F
-0.1246,-0.007963,7,V,424,G
-2.065,-0.3828,7,V,424,H
-1.97,-0.3458,5,V,424,I
-2.559,-0.6284,3,V,424,K
3.416,0.05883,6,V,424,L
0.9964,0.03822,7,V,424,M
-4.782,-2.962,3,V,424,N
-2.626,-0.6692,3,V,424,P
-0.9815,-0.09839,5,V,424,Q
-2.915,-0.8695,5,V,424,R
2.172,0.05385,4,V,424,S
1.63,0.04882,6,V,424,T
0,0,,V,424,V
1.65,0.04906,2,V,424,W
2.343,0.05495,3,V,424,Y
-0.8518,-0.07954,2,I,425,-
-0.1667,-0.01088,2,I,425,A
-2.82,-0.7992,7,I,425,C
-7.572,-4.864,4,I,425,D
6.683,0.06077,2,I,425,E
-1.517,-0.2054,3,I,425,F
-5.205,-3.462,2,I,425,G
-3.112,-1.029,8,I,425,H
0,0,,I,425,I
0.4114,0.02036,1,I,425,K
-0.6271,-0.05191,2,I,425,L
-0.1423,-0.00918,8,I,425,M
-3.08,-1.002,3,I,425,N
-9.653,-5.048,1,I,425,P
-5.237,-3.497,4,I,425,Q
-2.13,-0.4099,8,I,425,R
-3.208,-1.114,2,I,425,S
2.533,0.05596,4,I,425,T
1.507,0.04724,7,I,425,V
-4.927,-3.14,3,I,425,W
-2.569,-0.634,3,I,425,Y
-1.443,-0.1872,2,T,426,-
-3.03,-0.9605,15,T,426,A
-1.641,-0.2385,2,T,426,C
-8.193,-4.959,4,T,426,D
-3.407,-1.303,7,T,426,F
-0.0861,-0.005401,5,T,426,G
0.9561,0.03729,5,T,426,H
0.4207,0.02073,11,T,426,I
3.088,0.05804,5,T,426,K
-2.417,-0.5477,3,T,426,L
-2.777,-0.7687,6,T,426,M
-3.232,-1.135,3,T,426,N
-6.026,-4.214,4,T,426,P
1.626,0.04876,3,T,426,R
1.826,0.05095,4,T,426,S
0,0,,T,426,T
3.716,0.05935,2,T,426,V
-3.22,-1.125,4,T,426,W
-5.425,-3.695,3,T,426,Y
1.419,0.04599,3,G,427,-
-2.626,-0.6692,5,G,427,A
-7.37,-4.819,2,G,427,D
-7.992,-4.934,8,G,427,E
-13.85,-5.075,4,G,427,F
0,0,,G,427,G
-5.412,-3.682,1,G,427,H
-8.85,-5.014,5,G,427,I
-9.265,-5.035,2,G,427,K
-10.6,-5.065,5,G,427,L
-9.212,-5.033,2,G,427,M
-7.15,-4.76,10,G,427,N
-11.87,-5.072,5,G,427,P
-4.871,-3.072,4,G,427,Q
-7.008,-4.715,14,G,427,R
-4.286,-2.33,3,G,427,S
-4.236,-2.267,7,G,427,T
-11.46,-5.071,18,G,427,V
-11.29,-5.07,21,G,427,W
-9.15,-5.03,5,G,427,Y
1.447,0.0464,2,V,428,-
-2.73,-0.7366,2,V,428,A
-2.461,-0.5719,2,V,428,C
-10.17,-5.059,5,V,428,D
-7.181,-4.769,4,V,428,E
-3.343,-1.24,3,V,428,F
-4.662,-2.812,7,V,428,G
-2.155,-0.4205,7,V,428,H
-0.004567,-0.0002755,3,V,428,I
-9.055,-5.026,1,V,428,K
-3.039,-0.9676,10,V,428,L
-1.485,-0.1974,11,V,428,M
-3.837,-1.775,8,V,428,N
-9.442,-5.041,3,V,428,P
-0.007208,-0.000435,4,V,428,Q
-0.3541,-0.02542,3,V,428,R
-15.6,-5.075,3,V,428,S
-1.849,-0.3029,4,V,428,T
0,0,,V,428,V
-3.013,-0.9466,4,V,428,W
2.162,0.05377,5,V,428,Y
1.668,0.04927,3,P,429,-
-1.135,-0.1238,6,P,429,A
-4.297,-2.345,5,P,429,C
1.326,0.04455,3,P,429,D
-3.233,-1.137,3,P,429,F
-3.026,-0.9567,6,P,429,G
4.564,0.06021,5,P,429,H
-3.031,-0.9608,8,P,429,I
2.37,0.0551,2,P,429,K
-3.029,-0.9596,8,P,429,L
-3.476,-1.374,2,P,429,M
-2.142,-0.4148,1,P,429,N
0,0,,P,429,P
-2.175,-0.4292,11,P,429,Q
2.208,0.05409,2,P,429,R
2.637,0.05645,6,P,429,S
-0.2022,-0.01344,12,P,429,T
-2.671,-0.6976,5,P,429,W
-2.72,-0.7303,5,P,429,Y
-6.519,-4.513,3,E,43,*
-2.176,-0.43,2,E,43,-
-8.162,-4.956,3,E,43,A
-4.921,-3.133,1,E,43,C
1.47,0.04674,2,E,43,D
0,0,,E,43,E
-3.096,-1.015,9,E,43,F
-0.5064,-0.03933,2,E,43,G
-7.722,-4.892,2,E,43,H
2.47,0.05565,2,E,43,I
0.07029,0.004084,16,E,43,K
2.051,0.05295,5,E,43,L
0.2541,0.01353,8,E,43,M
-3.003,-0.9382,4,E,43,N
-2.883,-0.8453,6,E,43,P
-1.304,-0.1565,5,E,43,Q
3.322,0.05863,1,E,43,R
-1.563,-0.2172,6,E,43,S
3.678,0.0593,1,E,43,T
-2.786,-0.775,4,E,43,V
-0.7802,-0.07009,8,E,43,W
-3.305,-1.204,6,E,43,Y
-3.004,-0.9392,1,K,430,*
-0.136,-0.008746,3,K,430,-
0.3046,0.01584,2,K,430,A
-1.194,-0.1347,3,K,430,C
5.849,0.06067,5,K,430,D
3.452,0.0589,6,K,430,E
2.668,0.05658,7,K,430,F
1,0.03831,3,K,430,G
2.194,0.054,6,K,430,H
-1.857,-0.3055,7,K,430,I
0,0,,K,430,K
-1.443,-0.1873,7,K,430,L
2.45,0.05554,7,K,430,M
-1.246,-0.1447,13,K,430,N
-6.142,-4.294,6,K,430,P
-0.8447,-0.07857,4,K,430,Q
-0.1302,-0.008346,5,K,430,R
4.354,0.06006,4,K,430,S
-2.408,-0.5427,6,K,430,T
4.332,0.06004,5,K,430,V
5.393,0.06057,4,K,430,W
-0.02792,-0.001702,6,K,430,Y
0.4357,0.02133,3,P,431,-
1.225,0.04283,2,P,431,A
-1.479,-0.196,4,P,431,C
1.726,0.04992,4,P,431,D
-0.4961,-0.03833,2,P,431,E
7.607,0.06082,6,P,431,F
-0.1493,-0.009662,5,P,431,G
1.553,0.04785,2,P,431,H
-3.341,-1.238,7,P,431,I
-2.845,-0.8176,5,P,431,K
0.6995,0.03044,8,P,431,L
-3.052,-0.9784,2,P,431,M
-1.05,-0.1093,4,P,431,N
0,0,,P,431,P
5.494,0.0606,2,P,431,Q
-0.5716,-0.04595,2,P,431,R
-2.119,-0.4054,4,P,431,S
-1.985,-0.3514,9,P,431,T
-4.044,-2.026,4,P,431,V
-1.736,-0.2664,3,P,431,W
-0.673,-0.05709,6,P,431,Y
1.954,0.05214,3,V,432,-
0.9778,0.03779,4,V,432,A
-0.9072,-0.08731,5,V,432,C
2.594,0.05625,2,V,432,D
-2.736,-0.7405,4,V,432,E
0.2698,0.01426,1,V,432,F
-3.571,-1.474,3,V,432,G
-2.504,-0.596,7,V,432,H
0.8936,0.03578,3,V,432,I
3.295,0.05857,2,V,432,K
0.536,0.02507,6,V,432,L
0.241,0.01291,13,V,432,M
1.131,0.04105,3,V,432,N
-4.392,-2.466,3,V,432,P
-2.216,-0.4481,7,V,432,Q
-1.533,-0.2093,1,V,432,R
-2.039,-0.3725,4,V,432,S
-3.051,-0.9776,6,V,432,T
0,0,,V,432,V
-2.742,-0.7447,3,V,432,W
-2.238,-0.4583,8,V,432,Y
-12.05,-5.073,7,E,433,*
-0.007009,-0.0004231,3,E,433,-
1.238,0.04305,4,E,433,A
-1.331,-0.1621,3,E,433,C
-3.478,-1.376,17,E,433,D
0,0,,E,433,E
0.3571,0.01812,5,E,433,G
3.661,0.05927,5,E,433,H
-2.267,-0.4719,10,E,433,I
0.5058,0.02398,8,E,433,K
-3.332,-1.23,5,E,433,L
-2.857,-0.8264,1,E,433,M
-0.6518,-0.05466,2,E,433,N
-3.684,-1.599,10,E,433,P
0.2644,0.01401,5,E,433,Q
-2.848,-0.8195,6,E,433,R
-2.67,-0.6975,1,E,433,S
-1.313,-0.1582,5,E,433,T
-4.659,-2.808,4,E,433,V
-0.8422,-0.07824,7,E,433,W
-1.688,-0.2518,1,E,433,Y
-0.9189,-0.089,4,G,434,-
-5.179,-3.434,7,G,434,A
-4.047,-2.029,14,G,434,C
-10.47,-5.063,10,G,434,D
-4.063,-2.049,5,G,434,E
-3.572,-1.476,4,G,434,F
0,0,,G,434,G
-4.365,-2.432,8,G,434,H
-5.416,-3.687,6,G,434,I
-8.779,-5.01,1,G,434,K
-4.748,-2.919,5,G,434,L
-2.349,-0.512,2,G,434,M
-4.816,-3.005,4,G,434,N
0.2272,0.01225,4,G,434,P
-5.413,-3.683,2,G,434,Q
-6.591,-4.548,5,G,434,R
-4.354,-2.417,8,G,434,S
-4.172,-2.185,5,G,434,T
-5.356,-3.625,11,G,434,V
-2.978,-0.9186,6,G,434,W
-4.65,-2.797,4,G,434,Y
-5.112,-3.357,5,V,435,-
-0.4936,-0.03809,4,V,435,A
-5.801,-4.04,7,V,435,C
-5.038,-3.272,4,V,435,D
-4.964,-3.185,5,V,435,E
-4.096,-2.091,7,V,435,F
-4.151,-2.159,5,V,435,G
-4.895,-3.101,7,V,435,H
4.039,0.05977,8,V,435,I
-4.31,-2.361,2,V,435,K
-1.899,-0.3199,11,V,435,L
-3.019,-0.9514,4,V,435,M
-5.991,-4.188,6,V,435,N
-4.47,-2.566,6,V,435,P
-8.862,-5.015,3,V,435,Q
-3.323,-1.221,2,V,435,R
-4.109,-2.106,6,V,435,S
-3.511,-1.41,4,V,435,T
0,0,,V,435,V
-4.373,-2.442,5,V,435,Y
-3.668,-1.581,4,S,436,-
-1.843,-0.3008,4,S,436,A
-2.998,-0.9343,6,S,436,C
1.8,0.05069,2,S,436,D
-3.16,-1.071,4,S,436,E
-2.946,-0.8936,10,S,436,F
-4.265,-2.304,3,S,436,G
3.535,0.05906,5,S,436,H
-0.4521,-0.03414,15,S,436,I
-1.945,-0.3364,3,S,436,K
-3.413,-1.31,1,S,436,L
-0.4347,-0.03253,2,S,436,M
0.2992,0.0156,9,S,436,N
-6.641,-4.571,3,S,436,P
2.386,0.05519,2,S,436,Q
-1.106,-0.1188,5,S,436,R
0,0,,S,436,S
-0.2529,-0.01725,3,S,436,T
-0.5472,-0.04342,2,S,436,V
0.05053,0.002964,1,S,436,W
-3.607,-1.513,1,S,436,Y
1.907,0.05172,3,S,437,-
0.04532,0.002666,6,S,437,A
-1.079,-0.1142,2,S,437,C
-5.097,-3.341,6,S,437,D
1.824,0.05093,5,S,437,E
-4.336,-2.395,3,S,437,F
0.1487,0.008322,8,S,437,G
-4.205,-2.228,4,S,437,H
-8.042,-4.941,12,S,437,I
2.2,0.05404,2,S,437,K
-3.681,-1.595,5,S,437,L
-2.059,-0.3802,5,S,437,M
4.368,0.06007,11,S,437,N
-1.834,-0.2976,7,S,437,P
-1.881,-0.3136,8,S,437,Q
-0.2904,-0.02018,7,S,437,R
0,0,,S,437,S
-0.02671,-0.001627,4,S,437,T
-4.979,-3.202,1,S,437,V
-2.785,-0.7745,5,S,437,W
-6.397,-4.448,3,S,437,Y
-2.104,-0.3988,3,F,438,-
2.794,0.05709,4,F,438,A
-2.498,-0.5923,9,F,438,D
-0.8143,-0.07451,1,F,438,E
0,0,,F,438,F
-0.4711,-0.03593,8,F,438,G
-1.843,-0.3009,3,F,438,H
-2.822,-0.8007,5,F,438,I
-1.785,-0.2817,1,F,438,K
-0.6508,-0.05455,10,F,438,L
1.309,0.04427,3,F,438,M
1.083,0.04008,4,F,438,N
1.099,0.04042,4,F,438,P
3.844,0.05953,9,F,438,Q
-3.564,-1.466,3,F,438,R
3.36,0.05871,2,F,438,S
-2.081,-0.3892,12,F,438,T
-3.54,-1.441,6,F,438,V
2.567,0.05613,3,F,438,W
-1.142,-0.1251,6,F,438,Y
-1.497,-0.2003,3,M,439,-
0.8489,0.03464,2,M,439,A
-2.332,-0.5037,7,M,439,C
-1.329,-0.1616,11,M,439,D
1.213,0.04261,6,M,439,E
-3.911,-1.863,1,M,439,F
-0.9445,-0.09278,3,M,439,G
-1.807,-0.2887,1,M,439,H
-0.4629,-0.03515,37,M,439,I
-1.178,-0.1316,4,M,439,K
3.448,0.05889,2,M,439,L
0,0,,M,439,M
-3.375,-1.272,3,M,439,N
-1.69,-0.2525,3,M,439,P
-1.21,-0.1376,3,M,439,Q
-0.04136,-0.002538,7,M,439,R
-0.9375,-0.09173,4,M,439,S
0.2475,0.01322,4,M,439,T
3.908,0.05962,3,M,439,V
1.307,0.04424,1,M,439,W
2.803,0.05712,2,M,439,Y
-6.533,-4.519,7,S,44,*
-2.066,-0.3834,2,S,44,-
-2.637,-0.6759,3,S,44,A
-0.9195,-0.08909,5,S,44,C
-2.358,-0.5169,1,S,44,D
-2.671,-0.6979,2,S,44,E
-2.111,-0.4019,5,S,44,F
0.8234,0.03396,7,S,44,G
0.4233,0.02084,4,S,44,H
0.04183,0.002465,8,S,44,I
3.999,0.05972,3,S,44,K
2.383,0.05517,1,S,44,L
1.121,0.04086,3,S,44,M
1.845,0.05114,8,S,44,N
-1.318,-0.1593,3,S,44,P
3.517,0.05902,3,S,44,Q
3.925,0.05964,6,S,44,R
0,0,,S,44,S
-0.7773,-0.06972,4,S,44,T
3.626,0.05921,3,S,44,V
-1.159,-0.1282,4,S,44,W
1.911,0.05175,3,S,44,Y
-1.584,-0.2229,2,N,440,-
-4.279,-2.322,6,N,440,A
-4.734,-2.902,8,N,440,C
-2.298,-0.4867,6,N,440,D
-1.237,-0.1429,6,N,440,E
-1.978,-0.3489,1,N,440,F
-3.3,-1.199,7,N,440,G
-0.722,-0.06286,5,N,440,H
-5.63,-3.893,3,N,440,I
-3.064,-0.9882,6,N,440,K
-3.548,-1.449,3,N,440,L
-3.15,-1.062,6,N,440,M
0,0,,N,440,N
-6.119,-4.279,7,N,440,P
-3.098,-1.017,2,N,440,Q
-1.483,-0.1968,5,N,440,R
-1.696,-0.2543,8,N,440,S
-1.712,-0.2591,2,N,440,T
-4.25,-2.284,2,N,440,V
-5.828,-4.063,3,N,440,W
-3.52,-1.42,6,N,440,Y
-0.744,-0.06554,2,V,441,-
1.305,0.0442,1,V,441,A
-4.554,-2.675,3,V,441,C
-7.017,-4.718,7,V,441,D
-6.801,-4.639,3,V,441,E
-0.08452,-0.005298,8,V,441,F
-6.772,-4.627,2,V,441,G
-5.79,-4.032,3,V,441,H
0.4254,0.02092,8,V,441,I
-5.545,-3.813,8,V,441,K
-3.448,-1.345,3,V,441,L
1.97,0.05227,5,V,441,M
-7.572,-4.864,7,V,441,N
-8.461,-4.986,9,V,441,P
-9.025,-5.024,4,V,441,Q
-9.991,-5.056,6,V,441,R
-9.867,-5.053,5,V,441,S
-3.979,-1.945,8,V,441,T
0,0,,V,441,V
-2.516,-0.603,2,V,441,Y
0.2069,0.01127,3,T,442,-
-3.278,-1.178,5,T,442,A
-4.345,-2.406,7,T,442,C
-8.769,-5.009,1,T,442,D
-0.9509,-0.09372,1,T,442,E
-3.167,-1.077,9,T,442,F
-7.898,-4.921,2,T,442,G
-2.364,-0.5198,5,T,442,H
-0.5259,-0.04127,7,T,442,I
-0.898,-0.08599,2,T,442,K
-4.028,-2.005,3,T,442,L
-4.347,-2.409,3,T,442,M
-9.163,-5.031,6,T,442,N
-7.6,-4.869,7,T,442,P
-1.089,-0.1159,2,T,442,Q
-4.602,-2.735,12,T,442,R
-2.421,-0.5498,2,T,442,S
0,0,,T,442,T
-1.905,-0.3222,5,T,442,V
-2.581,-0.6416,6,T,442,W
-2.238,-0.458,6,T,442,Y
0.983,0.03791,3,L,443,-
-7.598,-4.869,4,L,443,A
-5.712,-3.965,3,L,443,C
-6.897,-4.676,8,L,443,D
-8.244,-4.965,2,L,443,E
-0.3144,-0.02212,7,L,443,F
-8.617,-4.999,3,L,443,G
-2.778,-0.7694,2,L,443,H
3.321,0.05863,2,L,443,I
-4.198,-2.219,3,L,443,K
0,0,,L,443,L
-2.448,-0.5646,10,L,443,M
-5.72,-3.972,2,L,443,N
-6.537,-4.521,7,L,443,P
-2.886,-0.8473,4,L,443,Q
-8.126,-4.952,1,L,443,R
-8.657,-5.002,4,L,443,S
-3.046,-0.9731,5,L,443,T
-2.089,-0.3925,5,L,443,V
-8.368,-4.978,3,L,443,W
-3.734,-1.655,3,L,443,Y
-0.4535,-0.03427,3,N,444,-
0.7068,0.03066,4,N,444,A
-4.071,-2.059,5,N,444,C
-0.7665,-0.06835,9,N,444,D
-3.335,-1.233,8,N,444,E
-3.429,-1.326,3,N,444,F
3.669,0.05928,3,N,444,G
-1.967,-0.3447,1,N,444,H
-4.984,-3.208,2,N,444,I
-3.401,-1.297,5,N,444,K
-2.969,-0.9111,3,N,444,L
2.889,0.05743,1,N,444,M
0,0,,N,444,N
-7.423,-4.831,6,N,444,P
-3.102,-1.021,3,N,444,Q
-5.383,-3.653,3,N,444,R
-0.567,-0.04547,5,N,444,S
-4.142,-2.148,3,N,444,T
-9.717,-5.05,7,N,444,V
-4.371,-2.439,2,N,444,W
-3.736,-1.657,3,N,444,Y
-2.361,-0.5182,3,K,445,-
-0.6248,-0.05165,5,K,445,A
0.06556,0.003818,7,K,445,C
-2.304,-0.4895,2,K,445,D
0.2779,0.01463,15,K,445,E
-2.692,-0.7113,6,K,445,F
3.305,0.05859,4,K,445,G
-0.9567,-0.0946,4,K,445,H
2.573,0.05616,4,K,445,I
0,0,,K,445,K
0.8729,0.03525,9,K,445,L
1.109,0.04061,2,K,445,M
-1.937,-0.3336,4,K,445,N
-8.464,-4.986,4,K,445,P
2.826,0.05721,3,K,445,Q
-0.4131,-0.03057,2,K,445,R
0.1471,0.008237,5,K,445,S
1.703,0.04965,2,K,445,T
-2.059,-0.3804,2,K,445,V
-3.986,-1.954,5,K,445,W
-2.887,-0.8485,4,K,445,Y
-12.87,-5.074,1,C,446,*
-1.427,-0.1836,4,C,446,-
-7.996,-4.935,8,C,446,A
0,0,,C,446,C
-14.87,-5.075,3,C,446,D
-9.501,-5.043,1,C,446,E
-7.445,-4.837,14,C,446,F
-8.84,-5.014,3,C,446,G
-8.689,-5.004,5,C,446,H
-4.848,-3.044,3,C,446,I
-9.081,-5.027,3,C,446,K
-9.294,-5.036,2,C,446,L
-9.862,-5.053,5,C,446,M
-9.212,-5.033,2,C,446,N
-6.364,-4.43,7,C,446,P
-5.923,-4.138,2,C,446,Q
-6.99,-4.709,5,C,446,R
-5.859,-4.088,3,C,446,S
-0.2157,-0.01443,2,C,446,T
-6.772,-4.627,4,C,446,W
-11.6,-5.071,8,C,446,Y
-4.459,-2.553,4,T,447,-
-5.363,-3.631,7,T,447,A
1.08,0.04003,3,T,447,C
-9.125,-5.029,4,T,447,D
-10.16,-5.059,7,T,447,E
-4.77,-2.947,2,T,447,F
-7.627,-4.875,2,T,447,G
-5.479,-3.749,3,T,447,H
-6.051,-4.232,6,T,447,I
-9.702,-5.049,6,T,447,K
-6.542,-4.524,9,T,447,L
-7.455,-4.839,6,T,447,M
-6.899,-4.677,2,T,447,N
-6.444,-4.474,7,T,447,P
-6.456,-4.48,6,T,447,Q
-8.795,-5.011,1,T,447,R
-1.482,-0.1967,3,T,447,S
0,0,,T,447,T
-6.841,-4.655,5,T,447,V
-3.753,-1.676,2,T,447,W
-14.35,-5.075,5,T,447,Y
-2.621,-0.6662,3,K,448,-
-4.282,-2.325,4,K,448,A
-4.848,-3.044,6,K,448,C
-9.278,-5.035,5,K,448,D
-7.584,-4.866,7,K,448,E
-6.359,-4.427,4,K,448,G
-1.409,-0.1793,4,K,448,H
-1.423,-0.1827,1,K,448,I
0,0,,K,448,K
-0.5791,-0.04674,1,K,448,L
-3.531,-1.431,7,K,448,M
-4.308,-2.359,8,K,448,N
-6.741,-4.615,5,K,448,P
-1.652,-0.2414,6,K,448,Q
-1.781,-0.2806,7,K,448,R
-3.491,-1.389,3,K,448,S
-2.842,-0.815,6,K,448,T
-2.26,-0.4683,2,K,448,V
-6.767,-4.625,2,K,448,W
0.5431,0.02532,1,K,448,Y
-9.025,-5.024,3,Y,449,*
-1.356,-0.1675,2,Y,449,-
-11.74,-5.072,8,Y,449,A
-6.251,-4.364,3,Y,449,C
-8.118,-4.951,3,Y,449,D
-6.441,-4.472,4,Y,449,E
0.3665,0.01852,3,Y,449,F
-9.237,-5.034,2,Y,449,G
-7.834,-4.911,10,Y,449,H
-8.416,-4.982,5,Y,449,I
-11.8,-5.072,4,Y,449,K
-9.687,-5.049,4,Y,449,L
-9.152,-5.03,1,Y,449,N
-5.666,-3.924,3,Y,449,P
-8.366,-4.977,3,Y,449,Q
-5.763,-4.009,3,Y,449,R
-11.72,-5.072,5,Y,449,S
-9.311,-5.037,5,Y,449,T
-9.728,-5.05,5,Y,449,V
-4.528,-2.641,8,Y,449,W
0,0,,Y,449,Y
-2.85,-0.8207,2,G,45,-
1.727,0.04992,5,G,45,A
-2.913,-0.8682,8,G,45,C
0.4976,0.02368,11,G,45,D
-4.371,-2.44,5,G,45,F
0,0,,G,45,G
-3.361,-1.258,7,G,45,H
-4.035,-2.014,6,G,45,I
3.153,0.05822,4,G,45,K
-3.799,-1.73,2,G,45,M
0.3,0.01563,4,G,45,N
-2.472,-0.578,1,G,45,P
-1.4,-0.1773,7,G,45,Q
0.04262,0.002511,6,G,45,R
-2.957,-0.9021,5,G,45,S
-2.927,-0.8784,3,G,45,T
-3.234,-1.137,3,G,45,V
-2.982,-0.9219,4,G,45,W
-3.743,-1.665,7,N,450,A
-3.502,-1.401,6,N,450,C
-8.752,-5.008,13,N,450,D
-6.283,-4.383,5,N,450,E
-4.214,-2.238,2,N,450,F
-9.134,-5.029,1,N,450,G
-1.821,-0.2932,7,N,450,H
-1.307,-0.157,2,N,450,I
-5.205,-3.462,6,N,450,K
3.869,0.05957,1,N,450,L
0.2344,0.0126,4,N,450,M
0,0,,N,450,N
-10.25,-5.06,3,N,450,P
-4.964,-3.185,1,N,450,Q
-4.226,-2.254,4,N,450,R
1.528,0.04753,4,N,450,S
-4.623,-2.762,4,N,450,T
-3.233,-1.137,2,N,450,V
1.924,0.05187,1,N,450,W
1.604,0.04849,1,N,450,Y
-5.423,-3.693,1,I,451,-
-10.45,-5.063,5,I,451,A
-5.741,-3.99,4,I,451,C
-8.673,-5.003,7,I,451,D
-10.83,-5.067,5,I,451,E
-9.06,-5.026,3,I,451,F
-10.05,-5.057,6,I,451,G
-7.563,-4.862,4,I,451,H
0,0,,I,451,I
-6.992,-4.709,1,I,451,K
-10.76,-5.066,5,I,451,L
-9.407,-5.04,5,I,451,M
-9.903,-5.054,3,I,451,N
-6.173,-4.314,5,I,451,P
-9.213,-5.033,4,I,451,Q
-8.815,-5.012,7,I,451,R
-7.668,-4.882,4,I,451,S
-7.924,-4.925,2,I,451,T
-1.169,-0.1299,7,I,451,V
-5.661,-3.92,3,I,451,W
-9.53,-5.044,6,I,451,Y
-8.735,-5.007,2,Y,452,*
-4.097,-2.091,1,Y,452,-
-6.858,-4.661,6,Y,452,A
-10.26,-5.06,6,Y,452,C
-7.805,-4.906,3,Y,452,D
-3.471,-1.368,2,Y,452,F
-8.787,-5.011,1,Y,452,G
-3.307,-1.206,2,Y,452,H
-6.389,-4.444,3,Y,452,I
-9.644,-5.048,6,Y,452,K
-5.372,-3.641,4,Y,452,L
-6.437,-4.47,1,Y,452,M
-6.77,-4.626,6,Y,452,N
-9.447,-5.042,5,Y,452,P
-10.5,-5.063,3,Y,452,Q
-5.496,-3.766,2,Y,452,R
-10.93,-5.068,3,Y,452,S
-6.736,-4.612,5,Y,452,T
-7.385,-4.822,6,Y,452,V
-10.71,-5.066,4,Y,452,W
0,0,,Y,452,Y
-1.627,-0.2344,4,D,453,A
-3.665,-1.578,3,D,453,C
0,0,,D,453,D
0.4615,0.02233,3,D,453,E
-4.352,-2.415,7,D,453,F
-4.025,-2.002,4,D,453,G
-2.084,-0.3905,2,D,453,H
-4.846,-3.041,2,D,453,I
-3.136,-1.049,1,D,453,K
-3.467,-1.364,4,D,453,L
-4.466,-2.561,4,D,453,M
-8.771,-5.01,2,D,453,N
-8.79,-5.011,4,D,453,P
-4.194,-2.213,2,D,453,Q
-5.168,-3.421,3,D,453,R
-3.989,-1.958,6,D,453,S
-12.41,-5.073,5,D,453,V
-4.714,-2.877,2,D,453,W
-4.535,-2.65,13,D,453,Y
-1.097,-0.1173,1,V,454,A
-2.251,-0.4642,6,V,454,C
-1.253,-0.1461,4,V,454,D
-2.933,-0.8835,1,V,454,E
3.586,0.05915,3,V,454,F
-8.007,-4.936,4,V,454,G
-0.07141,-0.004447,7,V,454,H
-1.149,-0.1263,3,V,454,I
0.3135,0.01624,3,V,454,K
1.457,0.04655,8,V,454,L
-0.4224,-0.03141,5,V,454,M
2.66,0.05655,5,V,454,N
-15.87,-5.075,7,V,454,P
-0.1278,-0.008184,10,V,454,Q
-3.256,-1.158,6,V,454,R
-4.218,-2.244,1,V,454,S
-3.025,-0.9565,3,V,454,T
0,0,,V,454,V
-1.728,-0.2639,4,V,454,W
0.3765,0.01894,5,V,454,Y
-2.298,-0.487,9,S,455,A
-6.786,-4.633,2,S,455,C
-10.39,-5.062,2,S,455,D
-6.324,-4.407,8,S,455,E
-10.21,-5.06,8,S,455,F
-1.239,-0.1432,3,S,455,G
-4.362,-2.428,3,S,455,H
-10.95,-5.068,1,S,455,I
-6.585,-4.545,5,S,455,K
8.199,0.06083,2,S,455,L
-6.451,-4.477,5,S,455,M
-8.432,-4.984,6,S,455,N
3.417,0.05883,3,S,455,P
-7.251,-4.788,6,S,455,Q
-2.493,-0.5898,6,S,455,R
0,0,,S,455,S
-4.146,-2.152,1,S,455,V
-1.86,-0.3064,1,S,455,W
-9.287,-5.036,12,S,455,Y
-2.956,-0.9009,1,G,456,-
0.3994,0.01988,1,G,456,A
-4.821,-3.01,11,G,456,C
-6.184,-4.321,10,G,456,D
-9.25,-5.034,6,G,456,E
-7.708,-4.89,8,G,456,F
0,0,,G,456,G
-5.992,-4.19,7,G,456,H
-4.659,-2.808,2,G,456,K
-8.857,-5.015,4,G,456,L
-9.271,-5.035,4,G,456,M
-12,-5.073,2,G,456,N
-5.818,-4.055,3,G,456,P
-3.327,-1.225,1,G,456,Q
-6.974,-4.703,3,G,456,R
-6.348,-4.421,5,G,456,S
-11.56,-5.071,3,G,456,T
-8.908,-5.018,11,G,456,V
-6.43,-4.467,1,G,456,W
-7.229,-4.782,4,G,456,Y
-1.737,-0.2667,4,V,457,A
-0.9035,-0.08678,4,V,457,C
-12.96,-5.074,5,V,457,D
-3.709,-1.626,6,V,457,E
-5.016,-3.246,3,V,457,F
-9.482,-5.043,4,V,457,G
-3.384,-1.28,3,V,457,H
0.5263,0.02472,3,V,457,I
-3.809,-1.742,9,V,457,K
-4.359,-2.425,4,V,457,L
-2.911,-0.8662,6,V,457,M
-1.784,-0.2814,4,V,457,N
-9.409,-5.04,3,V,457,P
-2.366,-0.5211,1,V,457,Q
-4.697,-2.856,5,V,457,R
-3.361,-1.258,10,V,457,S
-0.5604,-0.04479,5,V,457,T
0,0,,V,457,V
-7.444,-4.836,5,V,457,W
-4.29,-2.335,4,V,457,Y
-7.841,-4.912,2,G,458,-
-12.96,-5.074,4,G,458,A
-9.668,-5.048,16,G,458,C
-9.588,-5.046,9,G,458,D
-7.749,-4.897,4,G,458,E
-10.97,-5.068,4,G,458,F
0,0,,G,458,G
-7.969,-4.931,3,G,458,H
-13.46,-5.075,3,G,458,I
-6.483,-4.494,3,G,458,K
-7.053,-4.73,4,G,458,L
1.548,0.04778,1,G,458,M
-8.208,-4.961,7,G,458,N
-9.13,-5.029,2,G,458,P
-8.374,-4.978,6,G,458,Q
-8.387,-4.979,3,G,458,R
-9.668,-5.048,9,G,458,S
-8.776,-5.01,1,G,458,T
-7.106,-4.746,10,G,458,V
-8.905,-5.018,4,G,458,W
-9.239,-5.034,6,G,458,Y
1.396,0.04564,1,V,459,-
-8.898,-5.017,8,V,459,A
-5.563,-3.83,4,V,459,C
-9.297,-5.036,3,V,459,D
-8.396,-4.98,5,V,459,E
-4.291,-2.337,5,V,459,F
-9.178,-5.031,3,V,459,G
-5.854,-4.084,6,V,459,H
-2.444,-0.5626,4,V,459,I
5.568,0.06062,4,V,459,K
-2.469,-0.5763,8,V,459,L
-3.165,-1.075,4,V,459,M
-6.179,-4.319,4,V,459,N
-9.306,-5.037,2,V,459,P
-2.524,-0.6077,1,V,459,Q
-2.065,-0.3828,2,V,459,R
-6.886,-4.672,4,V,459,S
-1.109,-0.1194,2,V,459,T
0,0,,V,459,V
-7.995,-4.935,6,V,459,W
-4.759,-2.934,6,V,459,Y
-6.499,-4.502,5,G,46,*
-3.329,-1.226,2,G,46,-
-4.199,-2.22,5,G,46,A
-3.066,-0.99,9,G,46,C
-3.83,-1.767,7,G,46,D
-3.506,-1.405,6,G,46,E
-3.356,-1.253,7,G,46,F
0,0,,G,46,G
-4.051,-2.034,7,G,46,H
-4.653,-2.801,1,G,46,I
-2.02,-0.365,4,G,46,K
-4.563,-2.686,5,G,46,L
-4.64,-2.784,3,G,46,M
-3.621,-1.529,3,G,46,N
-4.849,-3.046,5,G,46,P
-3.253,-1.155,3,G,46,Q
-3.902,-1.852,3,G,46,R
-2.661,-0.6914,8,G,46,S
-3.914,-1.867,5,G,46,T
-4.25,-2.284,9,G,46,V
-5.969,-4.172,3,G,46,W
-3.949,-1.909,4,G,46,Y
-0.6951,-0.05965,2,I,460,-
-5.239,-3.5,3,I,460,A
-8.028,-4.939,5,I,460,C
-8.169,-4.957,3,I,460,D
-9.979,-5.055,1,I,460,E
-9.84,-5.052,3,I,460,F
-9.712,-5.049,5,I,460,G
-7.559,-4.861,10,I,460,H
0,0,,I,460,I
-9.084,-5.027,4,I,460,K
-12.82,-5.074,2,I,460,L
-7.252,-4.789,1,I,460,M
-5.785,-4.027,8,I,460,N
-10.9,-5.067,10,I,460,P
-8.664,-5.002,10,I,460,Q
-7.22,-4.78,3,I,460,R
-8.766,-5.009,3,I,460,S
-7.66,-4.881,2,I,460,T
-2.388,-0.5324,3,I,460,V
-6.395,-4.447,1,I,460,W
-8.109,-4.949,3,I,460,Y
-6.241,-4.357,3,R,461,-
-3.762,-1.687,2,R,461,A
-0.7729,-0.06915,4,R,461,D
-8.761,-5.009,4,R,461,E
-6.958,-4.698,6,R,461,F
-4.372,-2.441,7,R,461,G
-0.965,-0.09586,10,R,461,H
-9.912,-5.054,8,R,461,I
-2.585,-0.6436,14,R,461,K
-9.068,-5.026,5,R,461,L
-5.642,-3.903,4,R,461,M
-4.452,-2.544,4,R,461,N
-8.255,-4.966,5,R,461,P
-4.263,-2.301,3,R,461,Q
0,0,,R,461,R
-5.067,-3.306,5,R,461,S
-5.423,-3.693,1,R,461,T
-6.201,-4.332,4,R,461,V
-4.325,-2.38,3,R,461,W
-5.164,-3.417,7,R,461,Y
-1.546,-0.2128,2,I,462,-
-2.404,-0.5407,5,I,462,A
-2.648,-0.6828,3,I,462,C
-4.489,-2.591,5,I,462,D
0.4896,0.02338,1,I,462,E
2.737,0.05687,6,I,462,F
-3.71,-1.628,6,I,462,G
-4.585,-2.714,1,I,462,H
0,0,,I,462,I
-0.9616,-0.09534,4,I,462,K
-4.405,-2.483,4,I,462,L
-2.371,-0.5234,9,I,462,M
-2.887,-0.848,8,I,462,N
1.163,0.04167,3,I,462,P
0.1478,0.008278,4,I,462,Q
-1.436,-0.1856,1,I,462,R
-0.08545,-0.005358,3,I,462,S
-1.173,-0.1308,4,I,462,T
-2.587,-0.6448,6,I,462,V
3.047,0.05793,7,I,462,W
-1.579,-0.2215,1,I,462,Y
0.2611,0.01385,1,S,463,-
-2.576,-0.6385,4,S,463,A
-6.788,-4.634,3,S,463,D
-9.059,-5.026,7,S,463,E
-10.04,-5.057,4,S,463,F
-4.573,-2.698,5,S,463,G
-5.549,-3.817,1,S,463,H
8.437,0.06084,2,S,463,I
-6.606,-4.555,10,S,463,K
-3.785,-1.714,5,S,463,L
-5.091,-3.334,6,S,463,M
-9.249,-5.034,2,S,463,N
-7.374,-4.82,7,S,463,P
-4.835,-3.028,4,S,463,Q
-8.061,-4.944,6,S,463,R
0,0,,S,463,S
2.782,0.05704,6,S,463,T
7.59,0.06082,1,S,463,V
-7.754,-4.898,3,S,463,W
-6.483,-4.494,12,S,463,Y
1.826,0.05095,1,N,464,-
-2.969,-0.9112,5,N,464,A
-3.115,-1.032,2,N,464,C
-0.2847,-0.01973,6,N,464,D
4.132,0.05986,2,N,464,E
-3.462,-1.359,6,N,464,F
-0.5802,-0.04685,4,N,464,G
1.728,0.04994,5,N,464,H
0.7423,0.0317,7,N,464,I
-2.003,-0.3582,11,N,464,K
-2.605,-0.6562,3,N,464,L
-3.057,-0.9827,3,N,464,M
0,0,,N,464,N
-3.106,-1.024,5,N,464,P
-1.711,-0.2586,6,N,464,Q
1.404,0.04577,1,N,464,R
-2.122,-0.4063,2,N,464,T
-3.036,-0.9656,2,N,464,V
-2.331,-0.5029,3,N,464,W
5.46,0.06059,5,N,464,Y
0.04028,0.002375,1,D,465,-
-3.053,-0.9792,5,D,465,A
-2.805,-0.7887,5,D,465,C
0,0,,D,465,D
1.665,0.04923,8,D,465,E
-4.867,-3.068,5,D,465,F
-4.067,-2.054,5,D,465,G
-2.704,-0.7195,5,D,465,H
-3.36,-1.257,5,D,465,I
-4.687,-2.844,3,D,465,K
-2.718,-0.729,2,D,465,L
-4.81,-2.998,5,D,465,M
-3.123,-1.038,5,D,465,N
-3.921,-1.875,2,D,465,P
-0.9813,-0.09836,3,D,465,Q
-4.39,-2.464,7,D,465,R
-1.615,-0.2312,9,D,465,S
0.939,0.03688,5,D,465,T
-1.686,-0.2514,6,D,465,V
-4.164,-2.176,9,D,465,W
-3.516,-1.415,13,D,465,Y
2.555,0.05607,1,T,466,-
-2.703,-0.7188,2,T,466,A
-3.066,-0.9898,3,T,466,C
-2.051,-0.377,7,T,466,D
-2.286,-0.4809,1,T,466,E
-4.291,-2.337,2,T,466,F
-2.192,-0.437,2,T,466,G
-2.638,-0.677,1,T,466,H
-1.212,-0.1381,3,T,466,I
-5.911,-4.128,1,T,466,K
-0.9168,-0.0887,4,T,466,L
-2.77,-0.7639,3,T,466,M
-0.09268,-0.005832,10,T,466,N
-1.203,-0.1364,3,T,466,P
3.039,0.0579,2,T,466,Q
1.85,0.05118,3,T,466,S
0,0,,T,466,T
-0.4418,-0.03318,1,T,466,V
-5.043,-3.278,2,T,466,W
-2.732,-0.7384,5,T,466,Y
-1.342,-0.1645,1,F,467,-
-8.94,-5.02,1,F,467,C
-5.804,-4.043,1,F,467,D
-3.169,-1.079,4,F,467,E
0,0,,F,467,F
-2.941,-0.8893,5,F,467,G
-0.1484,-0.009603,2,F,467,H
-4.87,-3.071,2,F,467,I
-5.136,-3.386,5,F,467,K
-1.647,-0.2401,5,F,467,L
-6.84,-4.654,4,F,467,N
-14.97,-5.075,3,F,467,P
-4.071,-2.059,5,F,467,Q
-4.551,-2.67,7,F,467,R
-4.188,-2.207,5,F,467,S
-5.075,-3.315,3,F,467,T
-7.799,-4.905,1,F,467,V
-2.38,-0.5285,5,F,467,W
-1.703,-0.2564,7,F,467,Y
-0.4238,-0.03154,1,L,468,-
-2.47,-0.577,2,L,468,A
-2.729,-0.7363,4,L,468,C
-1.207,-0.1371,8,L,468,D
-1.43,-0.1843,4,L,468,E
-4.725,-2.891,4,L,468,F
-2.749,-0.7494,7,L,468,G
-1.675,-0.2482,5,L,468,H
-1.885,-0.315,5,L,468,I
0.8282,0.03409,3,L,468,K
0,0,,L,468,L
-0.492,-0.03794,5,L,468,M
3.233,0.05842,2,L,468,N
-2.924,-0.876,5,L,468,P
-2.733,-0.7384,4,L,468,Q
-1.887,-0.3158,3,L,468,R
1.85,0.05119,2,L,468,S
-0.0007162,-4.286e-05,3,L,468,T
-1.263,-0.148,6,L,468,V
-6.397,-4.449,2,L,468,W
3.255,0.05848,1,L,468,Y
-8.846,-5.014,1,N,469,*
-0.4696,-0.03579,2,N,469,-
4.808,0.06035,6,N,469,A
-1.777,-0.2792,2,N,469,C
-4.073,-2.061,5,N,469,D
-3.933,-1.89,2,N,469,E
-4.805,-2.991,3,N,469,F
-0.1019,-0.00644,7,N,469,G
-3.968,-1.932,3,N,469,H
-3.29,-1.19,6,N,469,I
-3.958,-1.919,10,N,469,K
-2.99,-0.9281,2,N,469,L
-4.469,-2.565,2,N,469,M
0,0,,N,469,N
-2.037,-0.3717,5,N,469,P
-9.058,-5.026,2,N,469,Q
-8.86,-5.015,1,N,469,R
0.04313,0.00254,8,N,469,S
-2.96,-0.9041,3,N,469,T
-2.088,-0.3923,7,N,469,V
-2.997,-0.9337,3,N,469,W
-3.885,-1.832,4,N,469,Y
-9.111,-5.028,4,Y,47,*
-0.8759,-0.08287,2,Y,47,-
0.8785,0.0354,6,Y,47,C
-3.622,-1.53,4,Y,47,D
-3.634,-1.543,6,Y,47,E
2.601,0.05628,5,Y,47,F
-2.361,-0.5183,5,Y,47,G
-1.552,-0.2142,7,Y,47,H
-2.761,-0.7581,3,Y,47,K
0.5773,0.02651,5,Y,47,L
5.847,0.06067,8,Y,47,M
-2.666,-0.6943,12,Y,47,N
-3.769,-1.695,2,Y,47,P
0.1914,0.0105,3,Y,47,Q
1.928,0.05191,5,Y,47,R
-5.462,-3.732,2,Y,47,S
0.3714,0.01872,2,Y,47,T
-0.297,-0.02071,4,Y,47,V
1.567,0.04803,9,Y,47,W
0,0,,Y,47,Y
0.7652,0.03236,2,G,470,-
-5.372,-3.642,3,G,470,A
-10.99,-5.068,13,G,470,C
-9.282,-5.036,17,G,470,D
-5.12,-3.366,1,G,470,E
-5.233,-3.493,8,G,470,F
0,0,,G,470,G
-9.659,-5.048,3,G,470,H
-7.995,-4.935,7,G,470,I
-5.582,-3.847,5,G,470,K
-6.848,-4.658,5,G,470,L
-9.716,-5.049,6,G,470,M
-7.244,-4.786,5,G,470,N
-8.18,-4.958,6,G,470,P
-7.53,-4.855,7,G,470,Q
-15.4,-5.075,5,G,470,R
-4.756,-2.931,8,G,470,S
-8.771,-5.01,1,G,470,T
-8.985,-5.022,6,G,470,V
-8.847,-5.014,2,G,470,W
-9.281,-5.036,5,G,470,Y
-1.729,-0.2642,2,I,471,-
-4.809,-2.996,8,I,471,A
-4.966,-3.187,1,I,471,C
-8.884,-5.016,2,I,471,D
-9.479,-5.043,7,I,471,E
-3.544,-1.445,7,I,471,F
-6.613,-4.558,4,I,471,G
-2.625,-0.6687,3,I,471,H
0,0,,I,471,I
-4.576,-2.703,7,I,471,K
5.654,0.06064,7,I,471,L
-2.499,-0.5929,5,I,471,M
-3.578,-1.481,6,I,471,N
-3.419,-1.316,6,I,471,P
-3.459,-1.356,8,I,471,R
-7.43,-4.833,12,I,471,S
-6.561,-4.533,3,I,471,T
3.896,0.0596,2,I,471,V
-4.886,-3.091,8,I,471,W
2.008,0.0526,1,I,471,Y
-3.233,-1.137,2,T,472,-
5.835,0.06067,1,T,472,A
-3.376,-1.273,6,T,472,C
-6.998,-4.712,2,T,472,D
4.769,0.06033,3,T,472,E
-2.179,-0.4312,6,T,472,F
-4.419,-2.501,6,T,472,G
-2.295,-0.4855,8,T,472,H
0.06041,0.003528,1,T,472,I
1.086,0.04015,4,T,472,K
-0.3938,-0.02886,3,T,472,L
3.868,0.05956,4,T,472,M
-9.816,-5.052,10,T,472,N
-6.67,-4.584,5,T,472,P
2.419,0.05538,4,T,472,Q
2.67,0.05659,4,T,472,S
0,0,,T,472,T
-2.503,-0.5952,5,T,472,V
-2.03,-0.3689,4,T,472,W
-0.6441,-0.0538,5,T,472,Y
-0.5936,-0.04827,1,Y,473,-
-8.678,-5.003,7,Y,473,A
-9.861,-5.053,5,Y,473,C
-8.778,-5.01,3,Y,473,D
-6.582,-4.543,4,Y,473,E
2.344,0.05495,6,Y,473,F
-8.311,-4.972,2,Y,473,G
-4.728,-2.895,6,Y,473,H
-6.945,-4.693,6,Y,473,I
-7.868,-4.916,4,Y,473,K
-5.408,-3.678,4,Y,473,L
-7.115,-4.749,7,Y,473,M
-8.774,-5.01,3,Y,473,N
-8.75,-5.008,2,Y,473,P
-6.682,-4.589,5,Y,473,Q
-5.847,-4.078,6,Y,473,R
-4.94,-3.156,4,Y,473,S
-4.788,-2.97,3,Y,473,T
-9.192,-5.032,2,Y,473,V
-4.276,-2.317,5,Y,473,W
0,0,,Y,473,Y
-0.6205,-0.05118,1,T,474,-
-2.898,-0.8564,7,T,474,A
-2.906,-0.863,5,T,474,C
-6.217,-4.343,2,T,474,D
1.559,0.04793,4,T,474,E
2.735,0.05686,1,T,474,F
-5.101,-3.345,1,T,474,G
3.751,0.05941,1,T,474,H
2.897,0.05745,7,T,474,I
-1.509,-0.2033,6,T,474,K
-2.978,-0.9181,7,T,474,L
-1.103,-0.1182,3,T,474,M
-8.852,-5.015,9,T,474,N
-5.699,-3.954,3,T,474,P
2.555,0.05607,3,T,474,Q
2.655,0.05653,1,T,474,R
-1.36,-0.1684,1,T,474,S
0,0,,T,474,T
1.252,0.0433,4,T,474,V
-2.977,-0.9175,3,T,474,W
-3.147,-1.059,3,T,474,Y
-0.962,-0.09539,1,S,475,-
-2.559,-0.6282,7,S,475,A
-3.757,-1.681,4,S,475,C
-4.314,-2.367,6,S,475,D
-5.112,-3.357,4,S,475,E
-3.754,-1.678,7,S,475,F
-3.285,-1.185,6,S,475,G
-2.714,-0.726,5,S,475,H
-8.842,-5.014,4,S,475,I
-6.095,-4.262,3,S,475,K
-6.312,-4.4,2,S,475,L
-6.669,-4.584,5,S,475,M
-8.805,-5.012,1,S,475,N
-7.945,-4.928,4,S,475,P
-5.773,-4.017,2,S,475,Q
-7.39,-4.824,7,S,475,R
0,0,,S,475,S
-4.854,-3.051,8,S,475,T
-5.224,-3.483,2,S,475,V
-7.765,-4.9,2,S,475,W
-6.506,-4.506,10,S,475,Y
0.5477,0.02549,1,T,476,-
-1.801,-0.2867,4,T,476,A
-10.02,-5.056,2,T,476,C
5.606,0.06063,5,T,476,D
0.1203,0.006827,6,T,476,E
1.235,0.043,6,T,476,F
-1.785,-0.2816,3,T,476,G
-2.837,-0.8114,5,T,476,H
1.873,0.05141,15,T,476,I
-4.321,-2.375,2,T,476,K
0.8557,0.03481,3,T,476,L
-0.7919,-0.07159,3,T,476,M
-2.388,-0.5326,6,T,476,N
5.461,0.06059,3,T,476,P
1.456,0.04654,5,T,476,Q
-6.075,-4.249,5,T,476,R
-2.162,-0.4238,7,T,476,S
0,0,,T,476,T
6.89,0.06079,5,T,476,V
-2.297,-0.4864,3,T,476,W
-0.1298,-0.008319,3,T,476,Y
-4.439,-2.526,1,S,477,*
-2.624,-0.6676,1,S,477,-
4.03,0.05976,4,S,477,A
-4.579,-2.706,6,S,477,C
-9.364,-5.039,1,S,477,D
-10.69,-5.066,3,S,477,E
-6.34,-4.416,2,S,477,F
-0.4045,-0.0298,4,S,477,G
-5.765,-4.011,6,S,477,H
-3.976,-1.942,11,S,477,I
-6.556,-4.531,4,S,477,K
-6.637,-4.569,6,S,477,L
-7.924,-4.925,1,S,477,M
-4.948,-3.165,8,S,477,N
-8.448,-4.985,3,S,477,P
1.181,0.04203,2,S,477,Q
-6.876,-4.668,6,S,477,R
0,0,,S,477,S
-3.255,-1.156,8,S,477,T
-2.944,-0.892,1,S,477,V
0.01946,0.001159,4,S,477,W
-6.609,-4.556,1,S,477,Y
-1.501,-0.2013,1,G,478,-
-4.283,-2.327,2,G,478,A
-6.872,-4.667,14,G,478,C
-4.297,-2.345,10,G,478,D
-6.415,-4.458,5,G,478,E
-9.404,-5.04,1,G,478,F
0,0,,G,478,G
-7.829,-4.91,4,G,478,H
-9.931,-5.054,6,G,478,I
-8.512,-4.99,3,G,478,K
-6.982,-4.706,7,G,478,L
-4.866,-3.067,8,G,478,M
-3.604,-1.51,6,G,478,N
-9.608,-5.047,7,G,478,P
-8.911,-5.018,5,G,478,Q
-7.602,-4.87,6,G,478,R
-5.303,-3.569,11,G,478,S
-6.303,-4.395,4,G,478,T
-9.229,-5.033,5,G,478,V
-6.788,-4.634,5,G,478,W
-1.596,-0.226,1,N,479,-
-2.581,-0.6412,4,N,479,A
-3.801,-1.733,4,N,479,C
5.946,0.06069,3,N,479,D
-3.756,-1.681,1,N,479,E
0.05249,0.003077,3,N,479,F
0.8647,0.03504,5,N,479,G
0.4036,0.02005,9,N,479,H
-11.45,-5.071,2,N,479,I
-3.578,-1.482,8,N,479,K
-2.678,-0.7023,5,N,479,L
2.321,0.05481,7,N,479,M
0,0,,N,479,N
-5.335,-3.602,4,N,479,P
1.634,0.04886,4,N,479,Q
-3.073,-0.9963,4,N,479,R
-2.394,-0.5356,2,N,479,S
1.949,0.05209,7,N,479,T
-3.18,-1.089,5,N,479,V
-4.343,-2.404,7,N,479,W
1.86,0.05128,4,N,479,Y
-7.409,-4.828,3,I,48,*
-2.53,-0.6109,2,I,48,-
-2.004,-0.3586,4,I,48,A
-2.16,-0.4229,8,I,48,C
-3.797,-1.728,7,I,48,D
-3.944,-1.903,2,I,48,E
-3.46,-1.357,6,I,48,F
-3.936,-1.893,6,I,48,G
-3.65,-1.56,4,I,48,H
0,0,,I,48,I
-2.401,-0.5395,3,I,48,K
-2.509,-0.599,1,I,48,L
1.728,0.04994,4,I,48,M
-2.978,-0.9186,6,I,48,N
-2.987,-0.926,2,I,48,P
-4.767,-2.943,3,I,48,Q
-4.907,-3.116,3,I,48,R
-2.816,-0.7961,4,I,48,S
-2.941,-0.8898,6,I,48,T
1.072,0.03987,7,I,48,V
-3.069,-0.9927,7,I,48,W
-1.053,-0.1098,6,I,48,Y
-1.545,-0.2124,1,L,480,-
-6.417,-4.46,7,L,480,A
-7.366,-4.818,6,L,480,C
-11.71,-5.072,4,L,480,D
-9.481,-5.043,4,L,480,E
-9.031,-5.024,3,L,480,F
-5.953,-4.161,4,L,480,G
-6.949,-4.695,10,L,480,H
-3.255,-1.157,4,L,480,I
-11.1,-5.069,6,L,480,K
0,0,,L,480,L
-2.443,-0.5621,8,L,480,M
-5.217,-3.476,4,L,480,N
-6.245,-4.36,8,L,480,P
-9.666,-5.048,9,L,480,Q
-6.777,-4.629,8,L,480,R
-5.66,-3.919,5,L,480,S
-7.157,-4.762,10,L,480,T
-4.119,-2.119,2,L,480,V
-9.467,-5.042,2,L,480,W
-7.105,-4.746,5,L,480,Y
0.3501,0.01782,1,L,481,-
-4.839,-3.033,2,L,481,A
-4.012,-1.986,3,L,481,C
-8.216,-4.962,8,L,481,D
-8.819,-5.013,3,L,481,E
-8.04,-4.941,8,L,481,F
-6.738,-4.613,3,L,481,G
0.2983,0.01556,3,L,481,I
-10.14,-5.058,3,L,481,K
0,0,,L,481,L
-3.209,-1.114,7,L,481,M
-3.789,-1.719,3,L,481,N
-9.078,-5.027,9,L,481,P
-14.65,-5.075,3,L,481,Q
-4.471,-2.568,1,L,481,R
-9.675,-5.048,8,L,481,S
-5.547,-3.815,2,L,481,T
-2.457,-0.5696,5,L,481,V
-6.304,-4.395,2,L,481,W
-6.968,-4.701,6,L,481,Y
-0.5535,-0.04407,1,G,482,-
-4.512,-2.62,4,G,482,A
-6.6,-4.552,5,G,482,C
-9.524,-5.044,5,G,482,D
-0.8325,-0.07693,2,G,482,E
-10.74,-5.066,4,G,482,F
0,0,,G,482,G
-5.765,-4.01,5,G,482,H
-6.709,-4.601,5,G,482,I
-9.108,-5.028,1,G,482,K
-8.765,-5.009,2,G,482,L
-9.288,-5.036,3,G,482,M
-6.376,-4.437,8,G,482,N
-5.277,-3.54,1,G,482,P
-5.438,-3.709,2,G,482,Q
-6.935,-4.69,2,G,482,R
-8.101,-4.949,6,G,482,S
-7.872,-4.917,6,G,482,T
-6.94,-4.691,6,G,482,V
-8.896,-5.017,4,G,482,W
-6.752,-4.619,7,G,482,Y
-1.589,-0.2241,1,F,483,-
-8.843,-5.014,3,F,483,A
-7.144,-4.758,6,F,483,C
-8.686,-5.004,3,F,483,D
-5.512,-3.781,2,F,483,E
0,0,,F,483,F
-6.721,-4.606,4,F,483,G
-10.61,-5.065,6,F,483,H
-10.2,-5.059,2,F,483,I
-8.182,-4.958,2,F,483,K
-6.261,-4.369,11,F,483,L
-7.262,-4.791,4,F,483,M
-8.722,-5.006,2,F,483,N
-11.81,-5.072,3,F,483,P
-5.812,-4.05,2,F,483,Q
-9.708,-5.049,3,F,483,R
-14.2,-5.075,5,F,483,S
-11.1,-5.069,5,F,483,T
-7.104,-4.746,10,F,483,V
-3.299,-1.198,3,F,483,W
-1.3,-0.1555,7,F,483,Y
-2.824,-0.8024,1,K,484,-
-3.274,-1.174,2,K,484,A
-5.431,-3.701,2,K,484,C
-6.97,-4.702,3,K,484,D
-6.215,-4.341,5,K,484,E
-6.163,-4.308,6,K,484,F
-5.628,-3.891,1,K,484,G
-5.144,-3.394,5,K,484,H
-10.19,-5.059,5,K,484,I
0,0,,K,484,K
-4.309,-2.36,8,K,484,L
-7.139,-4.756,3,K,484,M
-6.444,-4.474,18,K,484,N
-8.357,-4.977,5,K,484,P
-4.484,-2.585,2,K,484,Q
-4.808,-2.994,4,K,484,R
-4.555,-2.676,4,K,484,S
-4.826,-3.017,6,K,484,T
-9.385,-5.039,3,K,484,W
-6.094,-4.262,6,K,484,Y
-0.2864,-0.01986,1,D,485,-
-3.386,-1.283,4,D,485,A
-0.9321,-0.09093,8,D,485,C
0,0,,D,485,D
-0.2601,-0.0178,6,D,485,E
-4.401,-2.478,1,D,485,F
-3.48,-1.378,5,D,485,G
-2.659,-0.6904,4,D,485,H
-1.829,-0.2961,3,D,485,I
-8.934,-5.019,2,D,485,K
-1.053,-0.1098,4,D,485,L
-0.8132,-0.07436,3,D,485,M
-5.477,-3.747,10,D,485,N
-9.347,-5.038,4,D,485,P
-2.793,-0.7803,4,D,485,Q
-4.962,-3.183,2,D,485,R
2.975,0.05771,3,D,485,S
-1.017,-0.1039,7,D,485,T
-2.673,-0.6993,7,D,485,V
0.2558,0.01361,6,D,485,W
-3.405,-1.302,10,D,485,Y
-1.388,-0.1747,1,V,486,-
-2.234,-0.4564,6,V,486,A
2.203,0.05406,1,V,486,C
-4.427,-2.511,2,V,486,D
-6.099,-4.265,10,V,486,E
-1.358,-0.1678,6,V,486,F
-2.511,-0.6003,1,V,486,G
1.897,0.05163,4,V,486,H
-1.978,-0.3487,4,V,486,I
-5.127,-3.375,4,V,486,K
3.023,0.05786,3,V,486,L
-0.1335,-0.008576,7,V,486,M
-3.045,-0.9723,8,V,486,N
-1.719,-0.2612,2,V,486,P
-10.42,-5.062,1,V,486,Q
-9.089,-5.027,4,V,486,R
-2.977,-0.9174,1,V,486,S
-2.161,-0.4234,4,V,486,T
0,0,,V,486,V
-3.274,-1.175,3,V,486,W
1.307,0.04423,5,V,486,Y
-0.7806,-0.07014,2,T,487,-
-1.856,-0.3051,8,T,487,A
-0.02924,-0.001784,4,T,487,C
-3.35,-1.247,3,T,487,D
1.697,0.04959,2,T,487,E
0.5336,0.02499,5,T,487,F
-1.705,-0.257,3,T,487,G
-3.071,-0.994,9,T,487,H
-1.606,-0.2286,4,T,487,I
-0.789,-0.07122,3,T,487,K
-1.184,-0.1328,3,T,487,L
4.478,0.06015,6,T,487,M
-3.11,-1.028,5,T,487,P
4.776,0.06033,3,T,487,Q
-1.655,-0.2424,4,T,487,R
3.596,0.05916,3,T,487,S
0,0,,T,487,T
-0.4224,-0.03141,8,T,487,V
-3.333,-1.231,1,T,487,W
1.507,0.04724,1,T,487,Y
-1.298,-0.1551,3,N,488,-
0.2445,0.01307,6,N,488,A
-2.49,-0.588,4,N,488,C
-0.3769,-0.02738,6,N,488,D
-2.047,-0.3757,7,N,488,E
-4.31,-2.362,4,N,488,F
1.501,0.04716,2,N,488,G
-0.651,-0.05457,5,N,488,H
-1.453,-0.1897,7,N,488,I
-1.26,-0.1474,7,N,488,K
2.795,0.05709,8,N,488,L
0.9879,0.03802,3,N,488,M
0,0,,N,488,N
-9.68,-5.049,4,N,488,P
5.698,0.06065,2,N,488,Q
0.01467,0.0008755,5,N,488,R
-2.754,-0.7533,4,N,488,S
-0.6666,-0.05634,8,N,488,V
-2.274,-0.475,11,N,488,W
-2.021,-0.3652,6,N,488,Y
-1.048,-0.1089,3,G,489,*
-1.482,-0.1965,3,G,489,-
-3.427,-1.324,8,G,489,A
0.2474,0.01321,3,G,489,D
-0.8725,-0.08239,19,G,489,E
-4.569,-2.693,4,G,489,F
0,0,,G,489,G
-3.151,-1.063,4,G,489,H
-8.687,-5.004,6,G,489,I
-5.376,-3.645,6,G,489,K
-3.962,-1.925,2,G,489,L
-3.158,-1.069,1,G,489,M
-2.541,-0.6173,2,G,489,N
-5.869,-4.096,4,G,489,P
-4.76,-2.936,4,G,489,Q
-5.967,-4.171,11,G,489,R
-1.806,-0.2886,4,G,489,S
-3.487,-1.385,5,G,489,T
-6.226,-4.348,14,G,489,V
-3.508,-1.408,4,G,489,W
-3.985,-1.952,4,G,489,Y
-2.05,-0.3768,2,P,49,-
1.344,0.04484,1,P,49,A
1.411,0.04588,1,P,49,C
-1.204,-0.1365,6,P,49,D
0.07348,0.004263,3,P,49,E
-1.769,-0.2766,2,P,49,F
-4.696,-2.854,4,P,49,G
-0.9198,-0.08913,13,P,49,H
-2.914,-0.8683,5,P,49,I
1.517,0.04738,2,P,49,K
-4.311,-2.363,3,P,49,L
-4.018,-1.993,9,P,49,M
-0.0206,-0.001251,5,P,49,N
0,0,,P,49,P
-4.661,-2.811,2,P,49,Q
-0.8633,-0.08112,4,P,49,R
-1.664,-0.2451,6,P,49,S
0.174,0.009621,7,P,49,T
-2.37,-0.523,1,P,49,V
-3.978,-1.944,7,P,49,W
-3.393,-1.289,5,P,49,Y
1.702,0.04965,3,T,490,-
-3.702,-1.619,5,T,490,A
-2.983,-0.9223,3,T,490,C
-2.634,-0.6739,3,T,490,D
-3.901,-1.851,3,T,490,E
-2.272,-0.4741,4,T,490,F
-2.783,-0.7732,4,T,490,G
-3.928,-1.884,2,T,490,H
-0.5577,-0.0445,11,T,490,I
-1.096,-0.1171,9,T,490,K
-2.883,-0.8457,9,T,490,L
-2.75,-0.7505,4,T,490,M
-2.731,-0.7376,5,T,490,N
-6.523,-4.514,4,T,490,P
-2.929,-0.8802,1,T,490,Q
-3.518,-1.418,3,T,490,R
-2.553,-0.6245,6,T,490,S
0,0,,T,490,T
-2.738,-0.742,2,T,490,V
0.9935,0.03815,2,T,490,W
-1.311,-0.1578,5,T,490,Y
0.128,0.007232,3,I,491,-
-7.672,-4.883,1,I,491,A
-4.085,-2.077,5,I,491,C
-6.391,-4.445,3,I,491,D
-7.647,-4.878,7,I,491,E
-5.665,-3.924,4,I,491,F
-10.67,-5.065,5,I,491,G
-4.451,-2.542,5,I,491,H
0,0,,I,491,I
-6.601,-4.552,4,I,491,K
-2.401,-0.5392,3,I,491,L
-2.759,-0.7566,6,I,491,M
-3.175,-1.084,3,I,491,N
-4.648,-2.794,9,I,491,P
-3.927,-1.882,4,I,491,Q
-7.657,-4.88,2,I,491,S
-4.152,-2.16,3,I,491,T
0.5181,0.02443,3,I,491,V
-5.638,-3.899,6,I,491,W
-10.03,-5.056,3,Y,492,*
-0.04699,-0.002891,3,Y,492,-
-7.143,-4.758,8,Y,492,A
-5.817,-4.054,6,Y,492,C
-8.298,-4.971,7,Y,492,D
-5.048,-3.283,3,Y,492,E
3.492,0.05898,3,Y,492,F
-9.45,-5.042,3,Y,492,G
-4.613,-2.75,3,Y,492,H
-7.875,-4.917,6,Y,492,I
-7.493,-4.847,1,Y,492,K
-5.814,-4.051,3,Y,492,L
-8.124,-4.951,2,Y,492,M
-17.27,-5.075,4,Y,492,N
-5.691,-3.947,4,Y,492,P
-8.442,-4.985,2,Y,492,Q
-9.59,-5.046,4,Y,492,R
-9.073,-5.027,4,Y,492,T
-6.206,-4.335,8,Y,492,V
-6.01,-4.202,11,Y,492,W
0,0,,Y,492,Y
-0.3487,-0.02496,4,S,493,-
5.386,0.06057,3,S,493,A
-4.563,-2.686,2,S,493,C
-5.798,-4.038,2,S,493,D
-4.268,-2.308,2,S,493,E
-5.063,-3.301,8,S,493,F
-3.955,-1.916,7,S,493,G
-8.876,-5.016,5,S,493,H
-5.351,-3.619,5,S,493,I
-2.66,-0.6907,1,S,493,K
-4.005,-1.978,2,S,493,L
-4.777,-2.957,2,S,493,M
-7.438,-4.835,6,S,493,N
-7.543,-4.858,4,S,493,P
-3.981,-1.948,7,S,493,Q
-3.73,-1.65,7,S,493,R
0,0,,S,493,S
-2.027,-0.3675,3,S,493,T
-4.045,-2.027,3,S,493,V
-6.658,-4.579,5,S,493,W
-4.38,-2.451,6,S,493,Y
-0.7657,-0.06825,4,I,494,-
-7.553,-4.86,8,I,494,A
-6.692,-4.594,2,I,494,C
-5.716,-3.968,7,I,494,D
-13.44,-5.075,7,I,494,E
-8.806,-5.012,2,I,494,F
-6.546,-4.526,2,I,494,G
-7.152,-4.76,2,I,494,H
0,0,,I,494,I
-8.765,-5.009,1,I,494,K
-4.683,-2.838,5,I,494,M
-6.774,-4.628,2,I,494,N
-7.357,-4.816,6,I,494,P
-8.772,-5.01,2,I,494,Q
-8.908,-5.018,4,I,494,R
-9.395,-5.04,2,I,494,S
-5.949,-4.158,7,I,494,T
1.662,0.04919,7,I,494,V
-9.674,-5.048,4,I,494,W
-6.83,-4.65,5,I,494,Y
0.07245,0.004206,3,T,495,-
-1.327,-0.1613,3,T,495,A
-1.617,-0.2317,4,T,495,C
-5.514,-3.783,1,T,495,D
-6.222,-4.346,2,T,495,F
-2.919,-0.8727,7,T,495,G
-1.347,-0.1656,3,T,495,H
-1.22,-0.1396,4,T,495,I
-1.404,-0.1782,6,T,495,K
-4.63,-2.771,3,T,495,L
-3.134,-1.048,6,T,495,M
-5.109,-3.355,2,T,495,N
-9.528,-5.044,4,T,495,P
-1.993,-0.3543,2,T,495,Q
-2.271,-0.4739,2,T,495,R
-3.02,-0.9522,2,T,495,S
0,0,,T,495,T
4.521,0.06018,8,T,495,V
-8.609,-4.998,3,T,495,W
-5.656,-3.915,5,T,495,Y
1.9,0.05166,3,P,496,-
-3.641,-1.551,4,P,496,A
-5.488,-3.758,1,P,496,C
-7.218,-4.779,4,P,496,D
-6.605,-4.554,6,P,496,E
-9.05,-5.025,5,P,496,F
-4.01,-1.984,2,P,496,G
-5.936,-4.148,9,P,496,H
-4.785,-2.966,1,P,496,I
-6.716,-4.604,4,P,496,K
-10.59,-5.064,9,P,496,L
-6.747,-4.617,6,P,496,N
0,0,,P,496,P
-3.425,-1.322,6,P,496,S
-4.676,-2.83,13,P,496,T
-9.223,-5.033,3,P,496,V
-5.222,-3.482,2,P,496,W
-9.275,-5.035,3,P,496,Y
-8.755,-5.009,2,C,497,*
-0.2977,-0.02077,3,C,497,-
-9.179,-5.031,2,C,497,A
0,0,,C,497,C
-1.808,-0.2892,1,C,497,D
-10.42,-5.062,5,C,497,E
-8.789,-5.011,10,C,497,F
-6.006,-4.2,2,C,497,G
-7.657,-4.88,5,C,497,H
-6.153,-4.301,4,C,497,I
-8.702,-5.005,5,C,497,K
-7.577,-4.865,4,C,497,L
-6.293,-4.389,2,C,497,M
-6.523,-4.514,4,C,497,N
-10.42,-5.062,4,C,497,P
-8.674,-5.003,3,C,497,Q
-9.046,-5.025,12,C,497,R
-9.242,-5.034,2,C,497,S
-9.149,-5.03,3,C,497,T
-6.546,-4.526,3,C,497,V
-2.407,-0.5423,1,C,497,W
-8.625,-4.999,11,C,497,Y
0.1079,0.006156,1,N,498,-
1.069,0.03979,4,N,498,A
-3.369,-1.266,6,N,498,C
-5.275,-3.538,3,N,498,D
-4.421,-2.504,3,N,498,E
6.308,0.06074,6,N,498,F
-2.741,-0.7444,5,N,498,G
1.825,0.05095,4,N,498,H
-6.188,-4.324,3,N,498,I
-3.143,-1.056,2,N,498,K
-9.071,-5.026,4,N,498,L
-6.224,-4.347,4,N,498,M
0,0,,N,498,N
-8.19,-4.959,6,N,498,P
-2.851,-0.822,7,N,498,Q
-3.503,-1.402,3,N,498,R
-0.9107,-0.08781,5,N,498,S
-3.904,-1.854,2,N,498,T
1.035,0.03907,1,N,498,V
-0.6185,-0.05096,2,N,498,W
2.981,0.05773,4,N,498,Y
1.903,0.05168,2,P,499,-
-2.851,-0.8216,2,P,499,A
-2.694,-0.7127,9,P,499,C
-4.234,-2.264,4,P,499,D
-6.821,-4.647,5,P,499,E
-3.56,-1.462,2,P,499,F
-4.411,-2.491,6,P,499,G
-0.9112,-0.08788,18,P,499,H
-4.094,-2.087,9,P,499,I
-4.016,-1.991,2,P,499,K
1.826,0.05095,5,P,499,L
-0.8648,-0.08133,7,P,499,M
-3.494,-1.393,6,P,499,N
0,0,,P,499,P
-4.737,-2.906,4,P,499,Q
-3.888,-1.836,1,P,499,R
-2.857,-0.8264,5,P,499,S
-2.519,-0.6044,9,P,499,T
1.261,0.04346,6,P,499,V
-5.418,-3.688,3,P,499,W
-8.071,-4.945,5,S,50,*
1.536,0.04763,2,S,50,A
-3.049,-0.9761,2,S,50,C
1.327,0.04457,5,S,50,D
-0.838,-0.07767,3,S,50,E
-12.41,-5.073,2,S,50,F
-0.4831,-0.03708,4,S,50,G
0.1911,0.01048,2,S,50,I
-1.118,-0.1208,4,S,50,K
-1.776,-0.2787,1,S,50,L
-1.887,-0.3156,7,S,50,M
-0.2678,-0.0184,2,S,50,N
-1.039,-0.1075,1,S,50,P
0.6255,0.02812,2,S,50,Q
-1.184,-0.1328,8,S,50,R
0,0,,S,50,S
2.724,0.05681,3,S,50,T
4.233,0.05996,3,S,50,V
-1.435,-0.1854,6,S,50,W
-1.268,-0.149,11,S,50,Y
0.3022,0.01573,2,P,500,-
-6.994,-4.71,4,P,500,A
-17.49,-5.075,1,P,500,C
-0.5188,-0.04056,1,P,500,D
-7.614,-4.872,3,P,500,E
-1.444,-0.1875,1,P,500,F
-5.318,-3.585,3,P,500,G
-6.484,-4.495,10,P,500,H
-0.3312,-0.0235,6,P,500,I
-8.746,-5.008,2,P,500,K
-3.13,-1.044,7,P,500,L
-3.965,-1.928,4,P,500,M
-9.279,-5.036,4,P,500,N
0,0,,P,500,P
-6.695,-4.595,4,P,500,Q
-9.274,-5.035,2,P,500,R
-5.217,-3.476,7,P,500,S
-3.754,-1.678,15,P,500,T
1.252,0.04331,2,P,500,V
-1.284,-0.1524,4,P,500,W
-5.225,-3.484,3,P,500,Y
-1.883,-0.3142,2,D,501,-
-2.227,-0.4528,3,D,501,A
-2.861,-0.8288,4,D,501,C
0,0,,D,501,D
-1.785,-0.2816,1,D,501,E
1.31,0.04429,2,D,501,F
-2.779,-0.7703,10,D,501,G
-2.245,-0.4612,1,D,501,H
-2.784,-0.7739,3,D,501,K
-3.281,-1.181,5,D,501,L
-0.8764,-0.08294,2,D,501,M
0.6712,0.02957,8,D,501,N
-5.394,-3.664,4,D,501,P
-0.6911,-0.05918,2,D,501,Q
-2.41,-0.5442,2,D,501,R
-4.936,-3.151,3,D,501,S
0.3347,0.01716,6,D,501,T
2.138,0.0536,2,D,501,V
-4.147,-2.154,6,D,501,W
-1.324,-0.1606,5,D,501,Y
-3.115,-1.032,4,Q,502,*
0.8023,0.03339,2,Q,502,-
-3.894,-1.842,5,Q,502,A
-3.023,-0.9545,5,Q,502,C
-8.462,-4.986,5,Q,502,D
-5.378,-3.647,3,Q,502,E
1.126,0.04096,6,Q,502,F
-5.624,-3.886,4,Q,502,G
3.247,0.05846,6,Q,502,H
4.75,0.06032,3,Q,502,I
-1.828,-0.2957,6,Q,502,K
1.917,0.05181,4,Q,502,M
-3.722,-1.642,3,Q,502,N
-7.095,-4.743,4,Q,502,P
0,0,,Q,502,Q
2.406,0.0553,7,Q,502,R
6.754,0.06078,3,Q,502,T
2.163,0.05378,4,Q,502,W
3.787,0.05946,3,Q,502,Y
0.8129,0.03368,2,L,503,-
-7.877,-4.918,9,L,503,A
-11.08,-5.069,4,L,503,C
-7.544,-4.858,1,L,503,D
-6.374,-4.436,3,L,503,E
-4.155,-2.164,3,L,503,F
-7.046,-4.728,1,L,503,G
-9.259,-5.035,4,L,503,H
2.663,0.05656,3,L,503,I
-11.26,-5.07,7,L,503,K
0,0,,L,503,L
-7.57,-4.863,8,L,503,M
-5.861,-4.089,2,L,503,N
-13.29,-5.074,9,L,503,P
-9.235,-5.034,4,L,503,Q
-6.247,-4.361,3,L,503,R
-7.137,-4.756,6,L,503,S
-9.987,-5.056,5,L,503,T
-1.188,-0.1335,3,L,503,V
-11.42,-5.071,6,L,503,W
-5.505,-3.775,6,L,503,Y
-0.5941,-0.04833,3,V,504,-
-5.078,-3.319,5,V,504,A
-8.671,-5.003,1,V,504,C
-4.89,-3.095,3,V,504,D
-3.464,-1.361,2,V,504,F
-8.7,-5.005,2,V,504,G
-6.998,-4.711,7,V,504,H
3.303,0.05859,2,V,504,I
-12.25,-5.073,3,V,504,K
-15.04,-5.075,6,V,504,M
-9.445,-5.042,8,V,504,N
-5.192,-3.447,3,V,504,P
-6.872,-4.667,3,V,504,Q
-13.01,-5.074,1,V,504,R
-5.165,-3.418,4,V,504,S
-8.829,-5.013,5,V,504,T
0,0,,V,504,V
-6.707,-4.6,1,V,504,W
-10.55,-5.064,3,V,504,Y
0.6858,0.03002,3,V,505,-
-14.49,-5.075,3,V,505,A
-6.785,-4.633,8,V,505,C
-7.594,-4.868,4,V,505,D
-9.744,-5.05,5,V,505,E
-9.292,-5.036,3,V,505,F
-11.59,-5.071,2,V,505,G
-3.928,-1.883,4,V,505,H
-2.363,-0.5194,6,V,505,I
-7.679,-4.884,7,V,505,K
-8.498,-4.989,5,V,505,L
-5.148,-3.399,4,V,505,M
-5.346,-3.614,2,V,505,N
-6.16,-4.306,2,V,505,P
-6.642,-4.571,3,V,505,Q
-5.564,-3.831,4,V,505,S
-9.59,-5.046,6,V,505,T
0,0,,V,505,V
-9.176,-5.031,4,V,505,W
-6.911,-4.681,6,V,505,Y
-4.115,-2.114,5,Y,506,-
-9.226,-5.033,1,Y,506,A
-9.312,-5.037,3,Y,506,C
-5.654,-3.914,4,Y,506,D
-5.713,-3.966,6,Y,506,E
-1.459,-0.1911,6,Y,506,F
-6.045,-4.228,5,Y,506,G
-4.62,-2.758,9,Y,506,H
3.369,0.05873,4,Y,506,I
-7.103,-4.745,7,Y,506,K
-2.359,-0.5173,6,Y,506,L
-4.544,-2.662,4,Y,506,M
-12.02,-5.073,9,Y,506,N
-8.92,-5.019,4,Y,506,P
-10.28,-5.061,2,Y,506,R
-7.316,-4.805,4,Y,506,S
-5.885,-4.108,7,Y,506,T
-2.33,-0.5024,5,Y,506,V
-3.374,-1.27,7,Y,506,W
0,0,,Y,506,Y
-6.063,-4.24,4,Q,507,*
-4.905,-3.114,5,Q,507,-
-1.864,-0.3079,1,Q,507,A
-9.167,-5.031,9,Q,507,C
-3.186,-1.094,5,Q,507,D
-3.479,-1.377,3,Q,507,E
-11.31,-5.07,6,Q,507,F
-3.218,-1.123,3,Q,507,G
-2.746,-0.7477,6,Q,507,H
-7.618,-4.873,3,Q,507,I
2.24,0.0543,12,Q,507,K
-9.641,-5.047,2,Q,507,L
-3.729,-1.65,4,Q,507,M
0.1698,0.009409,8,Q,507,N
-9.903,-5.054,3,Q,507,P
0,0,,Q,507,Q
4.795,0.06034,7,Q,507,R
-3.15,-1.062,3,Q,507,S
-6.321,-4.406,5,Q,507,T
-9.951,-5.055,5,Q,507,V
-9.224,-5.033,4,Q,507,W
-7.49,-4.847,4,Q,507,Y
-1.544,-0.2123,2,Q,508,*
-1.122,-0.1216,4,Q,508,-
-2.216,-0.4478,2,Q,508,A
-5.579,-3.845,7,Q,508,C
-3.222,-1.127,4,Q,508,D
-10.8,-5.067,2,Q,508,E
-9.381,-5.039,6,Q,508,F
-1.293,-0.1541,7,Q,508,G
0.2827,0.01485,11,Q,508,H
-2.525,-0.608,2,Q,508,I
-0.954,-0.09419,6,Q,508,K
-5.399,-3.669,8,Q,508,L
-3.282,-1.182,4,Q,508,M
-5.573,-3.839,1,Q,508,N
-5.396,-3.666,4,Q,508,P
0,0,,Q,508,Q
-1.051,-0.1094,6,Q,508,R
2.883,0.05741,6,Q,508,S
-3.21,-1.116,6,Q,508,T
-7.106,-4.746,2,Q,508,V
-6.926,-4.686,4,Q,508,W
-6.957,-4.697,3,Q,508,Y
0.355,0.01803,4,A,509,-
0,0,,A,509,A
-2.592,-0.6481,3,A,509,C
-4.5,-2.605,2,A,509,D
-1.623,-0.2334,6,A,509,E
-5.719,-3.972,7,A,509,F
-5.162,-3.415,2,A,509,G
-1.969,-0.3453,2,A,509,H
-2.581,-0.6414,6,A,509,I
0.3215,0.01658,1,A,509,K
-4.376,-2.446,2,A,509,L
-0.1143,-0.007272,8,A,509,M
-2.424,-0.5517,2,A,509,N
-0.896,-0.0857,3,A,509,P
5.336,0.06056,5,A,509,Q
-0.7924,-0.07165,4,A,509,R
-0.09616,-0.006062,14,A,509,S
-2.525,-0.6083,7,A,509,T
-2.248,-0.4627,5,A,509,V
-9.171,-5.031,2,A,509,W
-4.675,-2.828,8,A,509,Y
-0.01969,-0.001195,5,D,51,A
-1.839,-0.2993,2,D,51,C
0,0,,D,51,D
-1.641,-0.2385,7,D,51,E
3.053,0.05795,2,D,51,F
-1.617,-0.2317,3,D,51,G
1.335,0.0447,5,D,51,H
-1.347,-0.1656,6,D,51,I
-1.525,-0.2072,3,D,51,K
-1.224,-0.1404,3,D,51,L
1.332,0.04465,3,D,51,M
-0.5215,-0.04083,20,D,51,N
1.697,0.0496,5,D,51,Q
-4.036,-2.016,1,D,51,R
-1.569,-0.2186,4,D,51,S
0.522,0.02457,4,D,51,T
-1.479,-0.1958,6,D,51,V
-2.332,-0.5037,7,D,51,W
-1.566,-0.2179,8,D,51,Y
0.699,0.03042,4,V,510,-
-5.399,-3.669,5,V,510,A
-8.774,-5.01,6,V,510,C
-8.137,-4.953,4,V,510,E
-9.295,-5.036,2,V,510,F
-8.582,-4.996,3,V,510,G
-8.216,-4.962,1,V,510,H
2.668,0.05658,2,V,510,I
-6.994,-4.71,5,V,510,K
-4.744,-2.915,6,V,510,L
-5.264,-3.527,20,V,510,M
-3.566,-1.469,2,V,510,N
-6.361,-4.428,4,V,510,P
-7.326,-4.808,5,V,510,Q
-13.08,-5.074,6,V,510,R
5.83,0.06067,1,V,510,S
-10.82,-5.067,5,V,510,T
0,0,,V,510,V
-4.901,-3.109,2,V,510,W
-9.22,-5.033,2,V,510,Y
0.0111,0.0006637,4,V,511,-
-10.41,-5.062,6,V,511,A
-9.422,-5.041,3,V,511,C
-6.509,-4.507,4,V,511,D
-8.143,-4.954,5,V,511,E
-7.477,-4.844,3,V,511,F
-7.035,-4.724,3,V,511,G
-12.28,-5.073,5,V,511,H
-2.16,-0.4227,4,V,511,I
-6.913,-4.682,6,V,511,K
-4.363,-2.43,7,V,511,L
-7.134,-4.755,13,V,511,M
-6.9,-4.677,6,V,511,N
-7.265,-4.792,4,V,511,P
-9.301,-5.036,2,V,511,Q
-8.652,-5.001,3,V,511,R
-9.106,-5.028,1,V,511,S
-7.461,-4.84,9,V,511,T
0,0,,V,511,V
-3.497,-1.396,3,V,511,W
-8.78,-5.01,1,V,511,Y
-0.5978,-0.04872,4,G,512,-
-6.153,-4.301,6,G,512,A
-14.25,-5.075,13,G,512,C
-6.569,-4.537,12,G,512,D
-10.18,-5.059,4,G,512,E
-9.652,-5.048,8,G,512,F
0,0,,G,512,G
-7.251,-4.788,5,G,512,H
-4.781,-2.962,2,G,512,I
-5.077,-3.318,4,G,512,K
-7.147,-4.759,6,G,512,L
-5.394,-3.664,2,G,512,M
-8.861,-5.015,1,G,512,N
-8.133,-4.952,4,G,512,P
-8.867,-5.016,1,G,512,Q
-7.904,-4.922,5,G,512,R
-6.196,-4.329,7,G,512,S
-5.576,-3.843,8,G,512,T
-5.669,-3.927,12,G,512,V
-9.609,-5.047,6,G,512,W
-7.714,-4.891,5,G,512,Y
-0.7528,-0.06664,4,A,513,-
0,0,,A,513,A
-5.08,-3.321,6,A,513,C
-6.257,-4.367,7,A,513,D
-7.905,-4.922,3,A,513,E
-10.38,-5.062,1,A,513,F
-6.481,-4.493,4,A,513,G
-6.401,-4.451,4,A,513,H
-3.935,-1.892,9,A,513,I
-7.453,-4.838,3,A,513,K
-5.099,-3.343,3,A,513,L
-2.494,-0.5905,10,A,513,M
-9.819,-5.052,5,A,513,N
-5.537,-3.806,6,A,513,P
-11.61,-5.071,2,A,513,Q
-6.085,-4.255,6,A,513,R
-15.69,-5.075,13,A,513,S
-6.633,-4.567,15,A,513,T
0.9826,0.0379,10,A,513,V
-9.285,-5.036,2,A,513,W
-9.093,-5.027,2,A,513,Y
-0.7153,-0.06205,3,M,514,-
-5.65,-3.91,3,M,514,A
-2.184,-0.4335,1,M,514,C
-6.637,-4.569,2,M,514,D
-7.526,-4.854,5,M,514,E
2.437,0.05547,4,M,514,F
-6.867,-4.665,6,M,514,G
-8.891,-5.017,2,M,514,H
3.931,0.05964,8,M,514,I
-7.34,-4.812,4,M,514,K
-1.045,-0.1084,1,M,514,L
0,0,,M,514,M
-5.45,-3.72,3,M,514,N
-7.575,-4.864,5,M,514,P
-6.651,-4.575,4,M,514,Q
-10.02,-5.056,1,M,514,R
-7.731,-4.894,4,M,514,S
-7.223,-4.781,11,M,514,T
0.2781,0.01464,5,M,514,V
-3.865,-1.808,4,M,514,W
-9.576,-5.046,4,M,514,Y
0.4068,0.02018,3,L,515,-
-3.304,-1.203,5,L,515,C
-5.573,-3.84,3,L,515,D
-9.72,-5.05,6,L,515,E
-4.91,-3.12,8,L,515,F
-9.254,-5.035,3,L,515,G
-4.798,-2.982,2,L,515,H
1.615,0.04864,4,L,515,I
-4.526,-2.638,3,L,515,K
0,0,,L,515,L
-1.1,-0.1177,11,L,515,M
-7.973,-4.932,8,L,515,N
-6.835,-4.653,2,L,515,P
-2.679,-0.7032,8,L,515,Q
-3.029,-0.9596,8,L,515,R
0.8995,0.03592,4,L,515,S
1.483,0.04692,1,L,515,T
0.648,0.02884,2,L,515,V
-8.697,-5.005,2,L,515,W
-5.573,-3.84,7,L,515,Y
-0.5766,-0.04647,3,S,516,-
-3.067,-0.9911,3,S,516,A
-2.273,-0.4749,4,S,516,C
-6.421,-4.461,3,S,516,D
-3.431,-1.328,4,S,516,F
-0.1214,-0.007752,2,S,516,G
-0.9928,-0.1001,5,S,516,H
-6.372,-4.435,2,S,516,I
-4.524,-2.636,7,S,516,K
-3.764,-1.689,7,S,516,L
-0.03976,-0.002437,5,S,516,M
-3.544,-1.445,6,S,516,N
-3.362,-1.259,4,S,516,P
-4.819,-3.009,10,S,516,Q
-4.209,-2.232,12,S,516,R
0,0,,S,516,S
7.724,0.06082,3,S,516,T
-4.356,-2.42,2,S,516,V
-3.937,-1.894,6,S,516,W
-3.966,-1.929,2,S,516,Y
-10.3,-5.061,10,E,517,*
0.364,0.01841,3,E,517,-
1.671,0.0493,6,E,517,A
-4.256,-2.292,5,E,517,C
0.5782,0.02654,15,E,517,D
0,0,,E,517,E
-3.247,-1.15,5,E,517,F
6.118,0.06072,5,E,517,G
1.288,0.04393,5,E,517,H
-1.858,-0.3057,5,E,517,I
-0.05942,-0.003679,9,E,517,K
-2.802,-0.7862,8,E,517,L
-3.277,-1.178,8,E,517,M
-3.359,-1.256,3,E,517,N
-6.307,-4.397,2,E,517,P
-1.323,-0.1603,2,E,517,Q
-2.258,-0.4675,5,E,517,R
-0.4379,-0.03283,7,E,517,S
-1.884,-0.3145,4,E,517,T
-3.356,-1.253,8,E,517,V
-3.387,-1.283,3,E,517,W
-3.963,-1.925,4,E,517,Y
1.057,0.03955,2,N,518,-
-3.683,-1.598,5,N,518,A
-8.933,-5.019,4,N,518,C
-3.024,-0.9555,3,N,518,D
-0.6031,-0.04929,1,N,518,E
-5.338,-3.606,3,N,518,F
-3.715,-1.634,5,N,518,G
-4.622,-2.761,6,N,518,H
-5.9,-4.12,3,N,518,I
-3.533,-1.433,9,N,518,K
-13.93,-5.075,2,N,518,L
-8.897,-5.017,4,N,518,M
0,0,,N,518,N
2.353,0.055,3,N,518,P
-3.437,-1.334,4,N,518,Q
-2.213,-0.4464,4,N,518,R
-3.779,-1.707,2,N,518,S
-7.291,-4.799,11,N,518,T
-7.077,-4.737,16,N,518,V
-7.008,-4.715,5,N,518,W
-6.9,-4.677,7,N,518,Y
0.2535,0.0135,2,F,519,-
-2.296,-0.486,3,F,519,C
0.1742,0.009631,5,F,519,D
-1.575,-0.2204,7,F,519,E
0,0,,F,519,F
1.657,0.04914,4,F,519,G
-2.057,-0.3795,2,F,519,H
2.148,0.05367,4,F,519,I
2.428,0.05542,4,F,519,K
-1.222,-0.1401,3,F,519,L
5.002,0.06044,2,F,519,M
0.6927,0.03023,1,F,519,N
-6.48,-4.493,4,F,519,P
-0.7708,-0.0689,2,F,519,Q
6.618,0.06077,6,F,519,R
-1.339,-0.1638,7,F,519,S
5.282,0.06054,4,F,519,T
0.6296,0.02825,6,F,519,V
-2.49,-0.5881,5,F,519,W
-1.719,-0.2612,1,F,519,Y
-10.28,-5.061,2,F,52,*
-0.3908,-0.02859,2,F,52,A
-1.594,-0.2255,7,F,52,C
-4.107,-2.103,4,F,52,D
-1.738,-0.267,3,F,52,E
0,0,,F,52,F
-2.148,-0.4178,4,F,52,G
-3.328,-1.226,3,F,52,I
-3.058,-0.9831,7,F,52,K
-3.241,-1.144,7,F,52,L
-3.651,-1.561,2,F,52,N
-3.365,-1.262,3,F,52,P
-6.074,-4.248,1,F,52,Q
0.09587,0.005503,1,F,52,R
0.05019,0.002945,9,F,52,S
2.729,0.05683,1,F,52,T
-4.217,-2.243,1,F,52,V
0.7684,0.03245,3,F,52,W
-0.7106,-0.0615,2,F,52,Y
-0.4715,-0.03596,2,T,520,-
1.389,0.04555,5,T,520,A
-4.772,-2.95,2,T,520,C
-1.322,-0.1602,6,T,520,D
-3.644,-1.554,4,T,520,E
-4.853,-3.05,4,T,520,F
-1.647,-0.2402,6,T,520,G
-1.764,-0.2749,5,T,520,H
-5.219,-3.477,7,T,520,I
-3.279,-1.18,1,T,520,K
-3.346,-1.243,4,T,520,L
-3.907,-1.858,5,T,520,M
-0.1594,-0.01037,3,T,520,N
-1.163,-0.1289,4,T,520,P
-3.524,-1.424,4,T,520,R
4.536,0.06019,5,T,520,S
0,0,,T,520,T
-4.315,-2.368,3,T,520,V
-5.572,-3.838,6,T,520,W
0.6566,0.02911,1,T,520,Y
-1.767,-0.2759,4,S,521,-
3.89,0.05959,4,S,521,A
-2.792,-0.7794,3,S,521,C
-1.676,-0.2483,3,S,521,D
-4.409,-2.489,1,S,521,E
-1.428,-0.1837,1,S,521,F
0.7703,0.0325,6,S,521,G
2.604,0.0563,5,S,521,H
-2.6,-0.6529,6,S,521,I
4.441,0.06013,5,S,521,K
-1.872,-0.3104,3,S,521,L
-2.122,-0.4064,6,S,521,M
-0.006394,-0.0003854,6,S,521,N
-2.861,-0.8288,5,S,521,P
-3.006,-0.9412,2,S,521,Q
0.7259,0.03122,5,S,521,R
0,0,,S,521,S
-0.614,-0.05047,1,S,521,T
-4.055,-2.039,2,S,521,V
-3.717,-1.635,7,S,521,W
-0.4923,-0.03797,3,S,521,Y
-1.255,-0.1464,6,Y,522,-
-11.92,-5.072,3,Y,522,A
-6.156,-4.303,6,Y,522,C
-9.076,-5.027,1,Y,522,D
-12.45,-5.074,3,Y,522,E
-4.329,-2.386,5,Y,522,F
-6.301,-4.394,1,Y,522,G
-5.073,-3.313,4,Y,522,H
-8.817,-5.013,2,Y,522,I
-4.449,-2.54,4,Y,522,K
-3.598,-1.503,3,Y,522,L
-3.64,-1.55,4,Y,522,M
-9.547,-5.045,2,Y,522,N
-5.965,-4.17,4,Y,522,P
-4.804,-2.989,4,Y,522,Q
-7.873,-4.917,7,Y,522,R
-7.427,-4.833,4,Y,522,S
-7.817,-4.908,5,Y,522,V
-9.229,-5.033,3,Y,522,W
0,0,,Y,522,Y
-3.597,-1.502,5,G,523,-
-5.218,-3.477,10,G,523,A
-9.717,-5.05,16,G,523,C
-2.065,-0.3827,18,G,523,D
-3.925,-1.88,6,G,523,E
-7.186,-4.77,5,G,523,F
0,0,,G,523,G
-3.299,-1.199,3,G,523,H
-6.432,-4.467,9,G,523,I
-2.931,-0.8821,2,G,523,K
-7.264,-4.792,10,G,523,L
-6.219,-4.344,5,G,523,M
-3.885,-1.832,4,G,523,N
-0.4099,-0.03028,2,G,523,P
-4.534,-2.648,2,G,523,Q
-6.667,-4.582,6,G,523,R
-4.143,-2.149,7,G,523,S
-3.149,-1.062,4,G,523,T
-9.058,-5.026,7,G,523,V
-5.3,-3.565,6,G,523,W
-5.722,-3.974,5,G,523,Y
-0.4732,-0.03613,3,F,524,-
-9.325,-5.037,4,F,524,A
-6.189,-4.325,7,F,524,C
-5.152,-3.404,5,F,524,D
-8.859,-5.015,1,F,524,E
0,0,,F,524,F
-1.215,-0.1386,1,F,524,G
-10.23,-5.06,5,F,524,H
-4.634,-2.777,2,F,524,I
-6.953,-4.696,4,F,524,K
-4.702,-2.862,14,F,524,L
-6.249,-4.363,3,F,524,M
-5.54,-3.808,4,F,524,N
-6.553,-4.53,5,F,524,P
-9.109,-5.028,3,F,524,Q
-8.764,-5.009,2,F,524,R
-5.021,-3.252,9,F,524,S
-6.059,-4.238,5,F,524,T
-8.257,-4.966,5,F,524,V
-5.841,-4.073,1,F,524,W
-10.47,-5.063,3,F,524,Y
-2.907,-0.8631,3,S,525,-
-0.1139,-0.007246,2,S,525,A
-5.63,-3.892,4,S,525,C
-1.838,-0.2989,3,S,525,D
-2.217,-0.4484,4,S,525,E
-3.67,-1.583,6,S,525,F
-3.416,-1.313,9,S,525,G
-0.574,-0.0462,2,S,525,H
-0.4094,-0.03024,8,S,525,I
0.2655,0.01406,1,S,525,K
0.5157,0.02435,5,S,525,L
-0.2576,-0.0176,8,S,525,M
-1.41,-0.1795,11,S,525,N
-7.458,-4.839,5,S,525,P
1.267,0.04357,2,S,525,Q
-0.3087,-0.02165,7,S,525,R
0,0,,S,525,S
-4.324,-2.379,2,S,525,T
-1.011,-0.1029,6,S,525,V
-2.62,-0.6653,2,S,525,W
-2.691,-0.7106,4,S,525,Y
-3.926,-1.881,2,N,526,-
-4.587,-2.716,5,N,526,A
-5.534,-3.803,1,N,526,C
-4.524,-2.635,5,N,526,D
-5.337,-3.605,1,N,526,E
-4.39,-2.463,3,N,526,F
-0.6641,-0.05606,4,N,526,G
1.399,0.0457,9,N,526,H
-4.608,-2.744,3,N,526,I
-1.08,-0.1142,5,N,526,K
-4.789,-2.971,5,N,526,L
-4.857,-3.055,2,N,526,M
0,0,,N,526,N
-9.38,-5.039,3,N,526,P
-4.045,-2.026,5,N,526,Q
-2.24,-0.4591,4,N,526,S
-1.616,-0.2314,5,N,526,T
-3.898,-1.847,9,N,526,V
-13.05,-5.074,3,N,526,W
-4,-1.971,7,N,526,Y
-0.523,-0.04099,1,V,527,-
-6.6,-4.552,5,V,527,A
-6.372,-4.435,6,V,527,C
-7.114,-4.749,8,V,527,E
-3.94,-1.898,7,V,527,F
-7.592,-4.868,5,V,527,G
-4.285,-2.33,5,V,527,H
1.639,0.04892,5,V,527,I
-8.904,-5.018,2,V,527,K
-3.115,-1.032,7,V,527,L
-1.632,-0.2358,16,V,527,M
-9.589,-5.046,5,V,527,N
-5.753,-4,6,V,527,P
-5.726,-3.978,3,V,527,Q
-7.313,-4.805,9,V,527,R
-5.465,-3.735,3,V,527,S
-8.588,-4.997,2,V,527,T
0,0,,V,527,V
-7.301,-4.802,3,V,527,W
-9.01,-5.023,2,V,527,Y
-0.848,-0.07903,1,V,528,-
-5.116,-3.363,5,V,528,A
-7.316,-4.805,5,V,528,C
-8.178,-4.958,10,V,528,D
-6.594,-4.549,3,V,528,E
-4.864,-3.063,5,V,528,F
-8.133,-4.952,10,V,528,G
-2.04,-0.3726,4,V,528,H
-1.607,-0.229,7,V,528,I
-2.359,-0.5172,3,V,528,K
-3.634,-1.543,5,V,528,L
-3.378,-1.275,6,V,528,M
-5.427,-3.698,3,V,528,N
-7.537,-4.857,3,V,528,P
-4.521,-2.632,4,V,528,Q
-2.118,-0.4048,4,V,528,R
-4.81,-2.997,4,V,528,S
-1.251,-0.1456,1,V,528,T
0,0,,V,528,V
-5.46,-3.731,10,V,528,W
-4.13,-2.133,7,V,528,Y
-10.05,-5.057,18,E,529,*
-2.046,-0.3753,1,E,529,-
-1.001,-0.1015,7,E,529,A
-6.761,-4.623,6,E,529,C
-4.763,-2.939,6,E,529,D
0,0,,E,529,E
-0.8605,-0.08074,3,E,529,F
-10.72,-5.066,3,E,529,G
-8.065,-4.944,1,E,529,H
-5.195,-3.451,4,E,529,I
-3.077,-0.9989,49,E,529,K
-9.82,-5.052,7,E,529,L
-4.386,-2.459,8,E,529,M
-5.255,-3.517,7,E,529,N
-5.237,-3.497,6,E,529,P
-4.36,-2.425,4,E,529,R
-5.546,-3.814,1,E,529,S
-4.182,-2.199,6,E,529,T
-3.865,-1.808,3,E,529,V
-8.802,-5.012,2,E,529,W
-5.81,-4.048,3,E,529,Y
0,0,,A,53,A
-0.5036,-0.03906,2,A,53,C
-0.4096,-0.03025,3,A,53,D
-4.379,-2.449,2,A,53,E
-3.601,-1.506,7,A,53,F
3.729,0.05937,6,A,53,G
1.391,0.04557,3,A,53,H
1.206,0.04248,4,A,53,I
-1.91,-0.3239,7,A,53,K
1.528,0.04753,4,A,53,L
8.212,0.06084,3,A,53,M
0.6344,0.02841,3,A,53,N
-2.078,-0.3881,5,A,53,P
1.746,0.05013,2,A,53,Q
-0.5023,-0.03894,6,A,53,S
1.888,0.05154,8,A,53,T
2.17,0.05383,14,A,53,V
-2.776,-0.7681,4,A,53,W
-0.5983,-0.04878,2,A,53,Y
-0.3549,-0.02549,1,M,530,-
-4.789,-2.971,4,M,530,A
-4.302,-2.352,4,M,530,C
-9.306,-5.037,3,M,530,D
-6.153,-4.301,4,M,530,E
-1.153,-0.1271,3,M,530,F
-3.99,-1.959,4,M,530,G
-4.958,-3.177,5,M,530,H
-4.817,-3.005,16,M,530,I
-4.955,-3.174,2,M,530,K
1.495,0.04707,2,M,530,L
0,0,,M,530,M
-8.499,-4.989,5,M,530,N
-10.46,-5.063,4,M,530,P
-4.301,-2.349,5,M,530,Q
-5.387,-3.656,4,M,530,R
-7.58,-4.865,4,M,530,S
-1.861,-0.3069,8,M,530,T
-9.301,-5.036,2,M,530,V
4.153,0.05988,1,M,530,W
-2.483,-0.5844,6,M,530,Y
-5.942,-4.152,1,P,531,*
-8.909,-5.018,3,P,531,-
-2.438,-0.5591,9,P,531,A
-8.909,-5.018,7,P,531,C
1.111,0.04065,8,P,531,D
2.822,0.05719,3,P,531,E
-5.206,-3.463,3,P,531,F
-3.173,-1.083,4,P,531,G
-3.125,-1.04,5,P,531,H
-7.966,-4.931,7,P,531,I
-2.148,-0.4177,4,P,531,K
-8.587,-4.997,12,P,531,L
-8.413,-4.982,5,P,531,M
-3.396,-1.292,4,P,531,N
0,0,,P,531,P
-2.336,-0.5058,19,P,531,Q
-3.833,-1.77,2,P,531,R
-2.643,-0.6796,6,P,531,S
-2.687,-0.708,3,P,531,T
-7.04,-4.725,4,P,531,V
-9.485,-5.043,6,P,531,W
-7.709,-4.89,4,P,531,Y
-0.1124,-0.007141,1,K,532,-
0,0,,K,532,K
-2.523,-0.6069,1,K,532,N
-1.439,-0.1862,1,K,532,R
1.794,0.05063,2,F,533,-
0,0,,F,533,F
-4.642,-2.787,2,F,533,L
-12.51,-5.074,2,F,533,S
0,0,,F,534,F
-4.239,-2.27,2,F,534,I
-9.713,-5.049,6,F,534,L
-10.91,-5.067,6,F,534,S
-7.326,-4.808,2,Y,535,*
-4.992,-3.218,1,Y,535,H
0,0,,Y,535,Y
0,0,,A,536,A
-8.556,-4.994,5,A,536,D
-9.773,-5.051,1,A,536,P
-8.254,-4.966,2,A,536,S
3.734,0.05938,5,A,536,T
-4.894,-3.1,5,A,536,V
-6.174,-4.315,2,S,537,N
-4.047,-2.029,1,S,537,R
0,0,,S,537,S
-3.712,-1.631,2,N,538,K
0,0,,N,538,N
-9.848,-5.053,9,G,539,*
-9.078,-5.027,20,G,539,E
0,0,,G,539,G
-8.54,-4.993,6,G,539,R
-9.544,-5.045,5,G,539,V
-8.437,-4.984,3,F,54,*
-3.288,-1.188,2,F,54,A
-9.242,-5.034,2,F,54,C
-2.709,-0.723,7,F,54,D
0,0,,F,54,F
-2.642,-0.6794,2,F,54,G
0.1573,0.008769,5,F,54,H
-1.287,-0.1528,4,F,54,I
-2.257,-0.4668,1,F,54,K
-0.08379,-0.00525,10,F,54,L
-2.189,-0.4356,4,F,54,M
-3.328,-1.226,6,F,54,N
-3.899,-1.848,7,F,54,Q
-3.209,-1.115,8,F,54,R
-3.452,-1.35,4,F,54,S
-4.506,-2.613,3,F,54,T
-3.99,-1.958,3,F,54,V
-0.5515,-0.04387,5,F,54,W
-2.621,-0.6658,4,F,54,Y
-8.964,-5.021,1,Y,541,*
-3.296,-1.195,1,Y,541,C
-4.324,-2.38,1,Y,541,F
-0.7574,-0.0672,1,Y,541,H
0.6704,0.02954,1,Y,541,S
0,0,,Y,541,Y
-4.553,-2.673,2,N,542,K
0,0,,N,542,N
-3.715,-1.634,1,N,542,S
-11.83,-5.072,1,N,542,Y
-8.142,-4.954,3,C,543,*
0,0,,C,543,C
3.562,0.0591,1,C,543,R
-5.924,-4.139,6,C,543,Y
-3.999,-1.97,4,T,544,I
-1.025,-0.1052,1,T,544,N
0,0,,T,544,T
0,0,,D,545,D
-3.525,-1.426,1,D,545,G
-0.6232,-0.05148,5,D,545,N
-3.191,-1.098,9,D,545,Y
-1.571,-0.2193,1,A,546,-
0,0,,A,546,A
-0.9654,-0.09591,2,A,546,D
-5.507,-3.776,2,A,546,S
-4.751,-2.923,3,A,546,T
-0.5838,-0.04723,2,V,547,-
-4.969,-3.19,2,V,547,A
-8.031,-4.94,1,V,547,L
-6.804,-4.64,9,V,547,M
0,0,,V,547,V
-2.042,-0.3737,2,L,548,-
0,0,,L,548,L
-9.794,-5.051,2,L,548,S
-1.68,-0.2496,2,T,549,-
-4.551,-2.671,2,T,549,I
0,0,,T,549,T
-5.664,-3.923,1,N,55,-
3.331,0.05865,4,N,55,A
-2.14,-0.4143,1,N,55,C
1.287,0.0439,3,N,55,D
-3.502,-1.401,4,N,55,E
2.02,0.05269,3,N,55,F
-4.095,-2.089,3,N,55,G
2.61,0.05633,5,N,55,H
5.114,0.06048,5,N,55,I
3.467,0.05893,4,N,55,K
0.03718,0.002195,3,N,55,L
3.95,0.05967,5,N,55,M
0,0,,N,55,N
1.014,0.03861,3,N,55,P
-3.592,-1.497,1,N,55,Q
-2.904,-0.8614,2,N,55,R
-0.1025,-0.006483,5,N,55,S
2.084,0.0532,3,N,55,T
-0.6744,-0.05725,8,N,55,V
-1.924,-0.3288,2,N,55,W
1.69,0.04951,4,N,55,Y
-9.948,-5.055,1,Y,550,*
-2.285,-0.4805,2,Y,550,-
-7.25,-4.788,1,Y,550,C
-1.438,-0.1861,1,Y,550,H
-3.05,-0.9768,1,Y,550,N
0,0,,Y,550,Y
0.07414,0.004301,1,S,551,-
10.87,0.06085,3,S,551,F
-2.015,-0.3631,1,S,551,P
0,0,,S,551,S
-6.267,-4.373,7,S,551,Y
-0.8833,-0.0839,1,S,552,-
-2.921,-0.8737,2,S,552,F
-8.095,-4.948,1,S,552,P
0,0,,S,552,S
1.353,0.04498,4,S,552,Y
-1.243,-0.1441,1,F,553,-
0,0,,F,553,F
-2.965,-0.9084,1,F,553,I
-4.469,-2.566,3,F,553,L
-0.1723,-0.01128,1,F,553,V
-1.819,-0.2928,1,G,554,-
-7.281,-4.796,6,G,554,C
-6.84,-4.654,2,G,554,D
0,0,,G,554,G
-3.516,-1.416,3,G,554,S
-6.743,-4.615,1,G,554,V
-3.208,-1.114,1,V,555,A
-6.945,-4.693,1,V,555,L
-4.578,-2.705,9,V,555,M
0,0,,V,555,V
-7.844,-4.913,4,C,556,*
0,0,,C,556,C
-6.092,-4.26,1,C,556,F
-1.484,-0.1971,1,C,556,H
-7.754,-4.898,3,C,556,Y
0,0,,A,557,A
-3.92,-1.874,2,A,557,D
-0.5724,-0.04603,1,A,557,P
4.294,0.06001,2,A,557,S
-1.749,-0.2703,7,A,557,T
-4.471,-2.568,1,A,557,V
0,0,,D,558,D
-0.5381,-0.04249,1,D,558,E
1.459,0.04658,6,D,558,N
-9.641,-5.047,5,D,558,Y
-12.21,-5.073,5,G,559,C
-12.86,-5.074,4,G,559,D
0,0,,G,559,G
0.002354,0.0001411,1,G,559,S
-9.306,-5.037,7,N,56,*
-2.479,-0.5818,5,N,56,A
-1.064,-0.1116,3,N,56,C
4.917,0.0604,4,N,56,D
0.003172,0.0001901,3,N,56,E
-3.667,-1.579,1,N,56,F
-0.4824,-0.03701,4,N,56,G
-0.9521,-0.09391,2,N,56,H
-3.367,-1.264,2,N,56,I
-3.249,-1.151,7,N,56,K
-1.425,-0.1829,6,N,56,L
-2.992,-0.9293,9,N,56,M
0,0,,N,56,N
-4.014,-1.989,5,N,56,P
4.039,0.05977,1,N,56,Q
-9.058,-5.026,2,N,56,R
-0.6183,-0.05094,9,N,56,S
8.477,0.06084,5,N,56,T
-10.56,-5.064,5,N,56,V
-3.013,-0.9465,4,N,56,W
1.589,0.04831,4,N,56,Y
-1.868,-0.3093,1,S,560,-
-10.06,-5.057,1,S,560,C
-5.886,-4.109,1,S,560,I
-6.167,-4.311,13,S,560,N
-4.025,-2.002,1,S,560,R
0,0,,S,560,S
0,0,,I,561,I
-3.498,-1.397,3,I,561,V
0,0,,I,562,I
-7.292,-4.799,1,I,562,S
0,0,,A,563,A
-4.413,-2.493,2,A,563,S
-1.538,-0.2105,5,A,563,T
-2.627,-0.6696,2,A,563,V
-0.4765,-0.03644,2,V,564,A
0.563,0.02602,1,V,564,L
-0.8693,-0.08194,11,V,564,M
0,0,,V,564,V
-8.921,-5.019,4,Q,565,*
-2.246,-0.4618,3,Q,565,H
-6.747,-4.617,2,Q,565,K
0,0,,Q,565,Q
-3.451,-1.348,1,Q,565,R
-3.572,-1.475,3,P,566,H
-1.313,-0.1583,1,P,566,L
0,0,,P,566,P
-7.582,-4.866,2,P,566,S
-1.516,-0.2052,1,P,566,T
-7.291,-4.799,2,R,567,*
0.2043,0.01113,2,R,567,L
0.432,0.02118,16,R,567,Q
0,0,,R,567,R
7.671,0.06082,7,N,568,D
-1.664,-0.2451,1,N,568,K
0,0,,N,568,N
-1.26,-0.1475,1,V,569,-
1.975,0.05232,1,V,569,D
-0.9847,-0.09888,3,V,569,I
0,0,,V,569,V
-13.04,-5.074,12,W,57,*
-3.893,-1.841,2,W,57,A
-6.477,-4.491,6,W,57,C
-9.173,-5.031,3,W,57,D
-9.287,-5.036,4,W,57,E
4.369,0.06007,3,W,57,F
-8.933,-5.019,4,W,57,G
-3.622,-1.529,8,W,57,H
-2.563,-0.6306,1,W,57,I
-8.989,-5.022,2,W,57,K
-3.34,-1.237,10,W,57,L
-3.335,-1.232,7,W,57,M
-4.752,-2.925,2,W,57,P
-7.317,-4.806,5,W,57,Q
-4.465,-2.56,4,W,57,R
-3.905,-1.856,2,W,57,T
-4.149,-2.156,5,W,57,V
0,0,,W,57,W
-0.5595,-0.04469,4,W,57,Y
1.532,0.04757,1,S,570,-
3.708,0.05934,2,S,570,G
-5.395,-3.665,2,S,570,I
-2.981,-0.9207,4,S,570,N
-1.211,-0.1379,2,S,570,R
0,0,,S,570,S
-1.104,-0.1184,1,Y,571,-
3.357,0.05871,1,Y,571,H
-1.277,-0.151,1,Y,571,S
0,0,,Y,571,Y
-3.484,-1.382,1,D,572,-
0,0,,D,572,D
-2.115,-0.4033,1,D,572,E
-2.421,-0.5498,3,D,572,N
-0.826,-0.07606,7,D,572,Y
8.821,0.06084,2,S,573,G
-3.239,-1.142,2,S,573,N
-4.808,-2.995,3,S,573,R
0,0,,S,573,S
-1.495,-0.1997,3,V,574,L
-0.6351,-0.05279,13,V,574,M
0,0,,V,574,V
-0.0003676,-2.204e-05,1,S,575,A
1.564,0.048,1,S,575,F
-2.682,-0.705,2,S,575,P
0,0,,S,575,S
4.851,0.06037,7,S,575,Y
0,0,,A,576,A
1.79,0.05059,2,A,576,S
4.49,0.06016,5,A,576,T
-1.211,-0.138,5,A,576,V
-1.005,-0.102,6,V,578,M
0,0,,V,578,V
1.011,0.03853,1,T,579,A
-0.177,-0.01162,2,T,579,I
0.3424,0.01749,3,T,579,N
0,0,,T,579,T
-8.52,-4.991,6,F,58,*
-1.106,-0.1187,3,F,58,A
-1.409,-0.1794,5,F,58,C
-6.284,-4.384,4,F,58,D
-5.655,-3.915,2,F,58,E
0,0,,F,58,F
-4.983,-3.207,4,F,58,G
-3.139,-1.053,3,F,58,H
-6.781,-4.631,8,F,58,I
-6.303,-4.395,9,F,58,K
-4.294,-2.341,12,F,58,L
-2.885,-0.8466,5,F,58,M
-6.099,-4.265,6,F,58,P
-9.562,-5.045,4,F,58,R
-3.584,-1.488,4,F,58,S
-5.759,-4.005,4,F,58,T
-7.441,-4.836,3,F,58,V
-8.695,-5.004,4,F,58,W
-6.404,-4.452,4,F,58,Y
0,0,,A,580,A
-3.613,-1.52,2,A,580,D
-0.2578,-0.01762,4,A,580,S
0.3089,0.01603,4,A,580,T
0,0,,L,582,L
-1.64,-0.2382,3,L,582,M
-9.617,-5.047,3,L,582,P
-3.34,-1.237,4,S,583,G
-3.015,-0.9479,1,S,583,I
-3.093,-1.013,6,S,583,N
-3.105,-1.023,2,S,583,R
0,0,,S,583,S
-1.542,-0.2117,1,S,583,T
0,0,,I,584,I
-1.675,-0.2482,1,I,584,M
-12.34,-5.073,1,I,584,T
-5.079,-3.319,1,P,585,L
0,0,,P,585,P
-4.938,-3.153,4,P,585,Q
-12.71,-5.074,4,P,585,S
-4.882,-3.086,3,P,585,T
-1.777,-0.2792,1,S,586,G
3.086,0.05804,3,S,586,N
-0.3038,-0.02126,3,S,586,R
0,0,,S,586,S
-1.574,-0.2201,2,N,587,D
0.8977,0.03588,1,N,587,K
0,0,,N,587,N
-11.41,-5.07,21,W,588,*
-8.636,-5,4,W,588,C
-9.176,-5.031,4,W,588,L
-2.99,-0.9278,1,W,588,R
0,0,,W,588,W
-2.386,-0.5315,1,T,589,I
0,0,,T,589,T
-1.474,-0.1946,2,L,59,A
-3.489,-1.388,2,L,59,C
-6.755,-4.62,2,L,59,D
-6.783,-4.632,3,L,59,E
-3.146,-1.058,3,L,59,F
-6.943,-4.692,4,L,59,G
1.249,0.04325,10,L,59,H
-1.414,-0.1806,6,L,59,I
-5.454,-3.724,10,L,59,K
0,0,,L,59,L
-0.8878,-0.08454,4,L,59,M
-8.855,-5.015,4,L,59,N
1.94,0.05201,3,L,59,P
-2.85,-0.8211,7,L,59,Q
-5.079,-3.32,7,L,59,R
-6.126,-4.284,4,L,59,S
-3.259,-1.16,3,L,59,T
-4.386,-2.459,1,L,59,V
-3.873,-1.818,5,L,59,W
-3.17,-1.079,3,L,59,Y
-0.4597,-0.03485,2,T,590,A
-0.9885,-0.09946,1,T,590,I
-6.624,-4.563,2,T,590,N
0,0,,T,590,T
-3.238,-1.141,4,S,591,F
-7.584,-4.866,2,S,591,P
0,0,,S,591,S
-1.202,-0.1361,9,S,591,Y
0.8549,0.03479,1,V,592,-
-2.937,-0.8865,1,V,592,F
-8.567,-4.995,2,V,592,G
5.148,0.06049,3,V,592,I
0,0,,V,592,V
5.682,0.06064,2,Q,593,*
0.5324,0.02495,1,Q,593,-
-3.158,-1.069,6,Q,593,H
-9.094,-5.028,7,Q,593,K
0,0,,Q,593,Q
-0.6897,-0.05903,1,V,594,-
-2.736,-0.7407,4,V,594,A
-10.18,-5.059,1,V,594,E
-2.983,-0.9223,5,V,594,M
0,0,,V,594,V
-6.355,-4.425,5,E,595,*
-1.248,-0.1451,1,E,595,-
0,0,,E,595,E
-3.644,-1.553,3,E,595,G
-9.674,-5.048,43,E,595,K
-6.548,-4.527,3,Y,596,*
1.622,0.04872,1,Y,596,-
-7.616,-4.873,1,Y,596,C
0,0,,Y,596,Y
1.521,0.04743,1,L,597,-
0,0,,L,597,L
-0.4115,-0.03043,4,L,597,M
-8.81,-5.012,2,L,597,P
-9.716,-5.049,9,Q,598,*
0.3581,0.01816,1,Q,598,-
-16.86,-5.075,3,Q,598,H
0,0,,Q,598,Q
0.5813,0.02664,1,I,599,-
0,0,,I,599,I
-9.279,-5.036,3,I,599,N
-9.818,-5.052,2,L,60,A
-2.052,-0.3774,4,L,60,C
-9.291,-5.036,4,L,60,D
-6.055,-4.235,26,L,60,E
-10.82,-5.067,4,L,60,F
-9.718,-5.05,4,L,60,H
-1.923,-0.3286,3,L,60,I
-8.73,-5.007,4,L,60,K
0,0,,L,60,L
2.88,0.0574,2,L,60,M
-9.116,-5.029,1,L,60,N
-11.71,-5.072,5,L,60,P
-4.535,-2.65,4,L,60,Q
-6.263,-4.371,4,L,60,R
-7.4,-4.826,3,L,60,S
-3.19,-1.097,2,L,60,T
-2.615,-0.6621,6,L,60,V
-7.777,-4.902,6,L,60,W
-5.515,-3.784,1,L,60,Y
0.5785,0.02655,1,T,600,-
-4.198,-2.218,3,T,600,A
-11.27,-5.07,3,T,600,I
-7.293,-4.799,1,T,600,N
0,0,,T,600,T
-0.8308,-0.07671,1,S,601,-
0.9135,0.03627,1,S,601,A
-1.574,-0.2199,3,S,601,F
0,0,,S,601,S
-4.317,-2.37,1,S,601,T
-2.422,-0.5503,2,S,601,Y
0.228,0.01229,2,T,602,-
-2.989,-0.9274,7,T,602,I
-3.366,-1.263,1,T,602,K
0,0,,T,602,T
0.08861,0.005104,2,P,603,-
-3.581,-1.485,3,P,603,H
-1.326,-0.1611,1,P,603,L
0,0,,P,603,P
-1.539,-0.2109,1,P,603,S
-1.273,-0.15,1,P,603,T
0.695,0.0303,2,I,604,-
0,0,,I,604,I
-0.6785,-0.05772,2,I,604,M
-1.897,-0.3191,1,I,604,V
-1.681,-0.2499,1,V,605,-
-1.614,-0.2308,6,V,605,M
0,0,,V,605,V
-0.8762,-0.08292,1,V,606,-
-11.99,-5.073,5,V,606,M
0,0,,V,606,V
-1.816,-0.2918,1,D,607,-
0,0,,D,607,D
-5.114,-3.36,9,D,607,N
-6.388,-4.444,2,D,607,Y
1.615,0.04863,1,C,608,-
0,0,,C,608,C
-8.367,-4.978,1,C,608,F
-6.8,-4.639,4,C,608,Y
-2.835,-0.8098,1,S,609,-
-3.227,-1.131,3,S,609,I
1.714,0.04978,2,S,609,N
5.147,0.06049,3,S,609,R
0,0,,S,609,S
-2.739,-0.7431,6,T,61,A
-5.005,-3.233,6,T,61,C
-4.132,-2.135,7,T,61,D
-2.976,-0.9172,4,T,61,E
-3.798,-1.729,5,T,61,F
-3.828,-1.764,3,T,61,G
-1.734,-0.2657,2,T,61,H
-4.718,-2.882,6,T,61,I
-1.525,-0.2073,5,T,61,K
-5.294,-3.559,5,T,61,L
-9.018,-5.024,17,T,61,M
-7.866,-4.916,4,T,61,N
-10.27,-5.06,6,T,61,P
-3.926,-1.881,2,T,61,Q
-3.726,-1.646,4,T,61,R
-3.034,-0.9637,8,T,61,S
0,0,,T,61,T
-4.667,-2.818,4,T,61,V
-2.16,-0.423,4,T,61,W
-3.429,-1.326,4,T,61,Y
-0.6022,-0.04919,1,T,610,-
-6.694,-4.594,2,T,610,A
-1.21,-0.1377,1,T,610,I
-1.717,-0.2606,2,T,610,K
0,0,,T,610,T
-3.408,-1.305,1,Y,611,*
-1.546,-0.2127,1,Y,611,-
0,0,,Y,611,Y
0.004425,0.0002654,1,V,612,-
-2.259,-0.468,1,V,612,A
-8.804,-5.012,2,V,612,L
9.336,0.06085,2,V,612,M
0,0,,V,612,V
-2.591,-0.6474,1,C,613,*
0.6739,0.02965,1,C,613,-
0,0,,C,613,C
-12.61,-5.074,4,C,613,F
-3.731,-1.652,2,C,613,R
-5.109,-3.355,11,C,613,Y
-0.2528,-0.01724,1,N,614,-
-13.97,-5.075,1,N,614,K
0,0,,N,614,N
-6.917,-4.683,1,G,615,A
-7.989,-4.934,6,G,615,C
-6.196,-4.329,11,G,615,D
0,0,,G,615,G
-1.588,-0.2237,4,G,615,S
-7.948,-4.928,1,G,615,V
3.599,0.05917,1,N,616,K
0,0,,N,616,N
1.502,0.04717,4,V,617,A
-3.509,-1.409,1,V,617,E
1.996,0.0525,1,V,617,L
0.4489,0.02184,3,V,617,M
0,0,,V,617,V
-4.116,-2.115,1,R,618,G
-6.561,-4.533,3,R,618,I
-5.348,-3.616,10,R,618,K
0,0,,R,618,R
-7.431,-4.833,5,C,619,*
0,0,,C,619,C
-3.793,-1.724,4,C,619,F
-2.23,-0.4543,1,C,619,S
-8.614,-4.999,5,C,619,Y
-3,-0.936,5,N,62,A
-5.095,-3.339,4,N,62,C
-2.027,-0.3676,4,N,62,D
-2.348,-0.5116,6,N,62,E
-3.749,-1.673,4,N,62,G
-1.689,-0.2523,5,N,62,H
-4.45,-2.542,3,N,62,I
-4.707,-2.868,6,N,62,K
-3.92,-1.873,5,N,62,L
-2.61,-0.6593,5,N,62,M
0,0,,N,62,N
-3.944,-1.903,2,N,62,P
-3.735,-1.657,3,N,62,Q
-4.44,-2.528,4,N,62,R
-2.127,-0.4084,2,N,62,S
-2.668,-0.6958,7,N,62,T
-4.47,-2.566,3,N,62,V
-4.551,-2.671,6,N,62,W
-3.555,-1.457,4,N,62,Y
-0.9949,-0.1005,2,V,620,A
-0.3664,-0.02647,1,V,620,G
-8.124,-4.951,1,V,620,L
-0.5242,-0.0411,3,V,620,M
0,0,,V,620,V
-2.033,-0.3699,1,E,621,*
0,0,,E,621,E
0.3632,0.01838,18,E,621,K
-0.3541,-0.02542,1,E,621,Q
0,0,,L,622,L
-2.096,-0.3955,1,L,622,M
0.1477,0.008268,1,L,622,P
-4.386,-2.459,2,L,623,F
-4.846,-3.042,1,L,623,I
0,0,,L,623,L
-0.9223,-0.08949,1,L,623,P
0,0,,K,624,K
-7.327,-4.808,2,K,624,N
-0.1074,-0.006806,2,K,624,R
1.204,0.04244,2,Q,625,H
-2.727,-0.7347,2,Q,625,K
0,0,,Q,625,Q
-0.5505,-0.04376,1,Q,625,R
-8.346,-4.976,1,Y,626,*
-8.733,-5.007,2,Y,626,C
-3.838,-1.776,1,Y,626,H
0,0,,Y,626,Y
-3.607,-1.513,5,T,627,M
0,0,,T,627,T
3.877,0.05958,1,S,628,G
-1.663,-0.2445,2,S,628,I
0.2904,0.0152,2,S,628,N
-2.043,-0.3741,4,S,628,R
0,0,,S,628,S
0,0,,A,629,A
-4.222,-2.249,2,A,629,E
-7.375,-4.82,2,A,629,S
0.5877,0.02687,3,A,629,T
-5.25,-3.512,4,A,629,V
-0.3355,-0.02386,5,T,63,A
0.02792,0.001656,6,T,63,C
1.061,0.03963,6,T,63,D
-2.86,-0.8282,4,T,63,E
1.306,0.04422,8,T,63,F
3.272,0.05852,4,T,63,G
-2.598,-0.6516,7,T,63,H
3.604,0.05918,9,T,63,I
-1.332,-0.1623,6,T,63,K
2.722,0.05681,6,T,63,L
2.944,0.05761,2,T,63,M
-1.099,-0.1175,10,T,63,N
-4.294,-2.341,1,T,63,P
-2.767,-0.7623,4,T,63,Q
-2.655,-0.6874,2,T,63,R
0.1622,0.009021,9,T,63,S
0,0,,T,63,T
2.415,0.05535,4,T,63,V
-2.818,-0.7978,2,T,63,W
1.284,0.04386,4,T,63,Y
0,0,,C,630,C
-9.002,-5.023,3,C,630,R
-8.48,-4.988,1,C,630,S
-8.662,-5.002,5,C,630,Y
-7.693,-4.887,5,K,631,E
0,0,,K,631,K
-1.105,-0.1186,1,K,631,N
1.977,0.05233,1,K,631,R
1.858,0.05126,1,T,632,A
-0.2865,-0.01987,2,T,632,I
0.2559,0.01361,1,T,632,N
4.43,0.06012,1,T,632,P
-3.324,-1.222,1,T,632,S
0,0,,T,632,T
-10.7,-5.066,2,E,634,*
-2.995,-0.9322,4,E,634,D
0,0,,E,634,E
-2.954,-0.8994,2,E,634,G
-8.152,-4.955,6,E,634,K
0,0,,D,635,D
-1.574,-0.2202,2,D,635,E
-8.745,-5.008,1,D,635,G
-1.72,-0.2615,5,D,635,N
-3.181,-1.09,3,D,635,Y
0,0,,A,636,A
-2.664,-0.6935,1,A,636,D
0.9164,0.03634,3,A,636,S
-2.146,-0.4169,2,A,636,T
0.3686,0.01861,1,A,636,V
0,0,,L,637,L
-1.442,-0.1871,4,L,637,M
-4.749,-2.922,3,L,637,P
1.806,0.05075,1,R,638,G
-6.325,-4.408,5,R,638,I
-0.7631,-0.06792,44,R,638,K
0,0,,R,638,R
0.7403,0.03165,1,N,639,K
0,0,,N,639,N
-2.16,-0.423,3,S,64,A
-2.825,-0.8031,2,S,64,C
-0.9329,-0.09105,7,S,64,D
-2.744,-0.7462,6,S,64,E
-5.024,-3.256,1,S,64,F
-2.599,-0.6523,8,S,64,G
-3.873,-1.817,3,S,64,H
-6.581,-4.543,6,S,64,I
-7.304,-4.802,4,S,64,K
-4.147,-2.154,3,S,64,L
-5.118,-3.365,1,S,64,M
-1.983,-0.3507,9,S,64,N
-5.462,-3.733,7,S,64,P
-3.788,-1.718,3,S,64,Q
-6.298,-4.392,6,S,64,R
0,0,,S,64,S
-2.739,-0.7427,5,S,64,T
-3.297,-1.196,6,S,64,V
-4.209,-2.233,7,S,64,W
-4.525,-2.637,4,S,64,Y
-2.043,-0.3739,7,S,640,I
4.832,0.06036,1,S,640,N
-2.253,-0.465,2,S,640,R
0,0,,S,640,S
0,0,,A,641,A
-8.583,-4.996,2,A,641,D
-7.442,-4.836,11,A,641,T
-2.519,-0.6047,1,A,641,V
-3.014,-0.9476,15,M,642,I
0,0,,M,642,M
0,0,,L,643,L
-6.608,-4.556,2,L,643,M
-6.513,-4.51,3,L,643,P
-5.745,-3.993,4,E,644,*
0,0,,E,644,E
-7.32,-4.806,57,E,644,K
-1.76,-0.2736,3,S,645,N
0,0,,S,645,S
-3.209,-1.114,1,S,645,T
0,0,,A,646,A
2.666,0.05658,2,A,646,S
-0.3027,-0.02116,13,A,646,T
-1.102,-0.118,1,A,646,V
0,0,,D,647,D
-1.466,-0.1928,2,D,647,E
-6.558,-4.532,40,D,647,N
-9.997,-5.056,2,D,647,Y
0.638,0.02852,7,V,648,M
0,0,,V,648,V
-5.746,-3.994,13,S,649,*
-2.849,-0.8201,1,S,649,-
2.855,0.05731,2,S,649,L
-7.503,-4.849,1,S,649,P
0,0,,S,649,S
-3.936,-1.893,5,S,65,A
-1.945,-0.3364,4,S,65,C
-5.353,-3.622,4,S,65,D
-6.038,-4.223,3,S,65,E
-5.386,-3.655,7,S,65,F
-4.21,-2.234,5,S,65,G
-3.128,-1.043,4,S,65,H
-3.06,-0.9847,16,S,65,I
-10.09,-5.058,4,S,65,K
-1.938,-0.3338,2,S,65,L
-1.35,-0.1662,3,S,65,M
-3.321,-1.22,11,S,65,N
-6.035,-4.22,3,S,65,P
-4.179,-2.195,6,S,65,Q
-5.048,-3.284,7,S,65,R
0,0,,S,65,S
1.239,0.04308,4,S,65,T
1.394,0.04562,1,S,65,V
-4.246,-2.28,2,S,65,W
-6.259,-4.368,5,S,65,Y
-7.482,-4.845,7,E,650,*
-2.373,-0.5246,1,E,650,-
0,0,,E,650,E
0.2734,0.01442,4,E,650,G
-0.3268,-0.02313,11,E,650,K
-3.128,-1.043,1,M,651,-
-5.685,-3.941,28,M,651,I
-5.341,-3.609,6,M,651,K
0,0,,M,651,M
-8.834,-5.014,2,M,651,T
0,0,,L,652,L
-2.882,-0.8448,2,L,652,P
-1.579,-0.2215,2,T,653,N
0,0,,T,653,T
0,0,,F,654,F
-5.515,-3.784,1,F,654,L
0.4856,0.02324,1,F,654,V
0,0,,D,655,D
-3.521,-1.421,23,D,655,N
-14.39,-5.075,6,D,655,Y
0,0,,K,656,K
-0.5131,-0.03999,2,K,656,N
-1.267,-0.1488,2,K,657,E
0,0,,K,657,K
-1.859,-0.3062,1,K,657,M
0.01832,0.001091,6,K,657,N
0,0,,A,658,A
-5.994,-4.191,1,A,658,D
-0.7688,-0.06864,1,A,658,S
-0.1963,-0.01301,2,A,658,T
-6.571,-4.538,1,A,658,V
-4.27,-2.31,1,F,659,C
0,0,,F,659,F
1.087,0.04017,2,F,659,L
-1.563,-0.2172,4,V,66,A
-1.793,-0.2842,3,V,66,C
-1.704,-0.2566,4,V,66,D
-7.814,-4.908,4,V,66,E
-0.9843,-0.09881,8,V,66,F
-8.414,-4.982,5,V,66,G
-3.715,-1.634,9,V,66,H
-0.5085,-0.03955,11,V,66,I
-2.982,-0.9217,7,V,66,K
-1.978,-0.3487,5,V,66,L
-1.089,-0.1158,7,V,66,M
-3.45,-1.347,6,V,66,N
-4.925,-3.138,3,V,66,P
-2.447,-0.5641,5,V,66,Q
-6.643,-4.572,6,V,66,R
-2.932,-0.8826,3,V,66,S
-1.266,-0.1487,5,V,66,T
0,0,,V,66,V
-3.354,-1.251,4,V,66,W
1.046,0.03931,5,V,66,Y
-1.613,-0.2306,1,T,660,I
-2.275,-0.4757,1,T,660,N
0,0,,T,660,T
-4.425,-2.509,1,T,660,Y
-3.758,-1.682,1,L,661,-
0.6581,0.02916,2,L,661,F
-2.194,-0.438,2,L,661,H
-2.005,-0.3591,17,L,661,I
0,0,,L,661,L
-5.41,-3.68,3,L,661,P
-2.376,-0.5263,1,A,662,-
0,0,,A,662,A
-11.21,-5.069,4,A,662,D
-4.744,-2.915,1,A,662,S
-1.421,-0.1821,4,A,662,T
-1.805,-0.288,1,A,662,V
2.593,0.05625,3,N,663,D
4.047,0.05978,2,N,663,K
0,0,,N,663,N
0.7063,0.03064,1,V,664,D
-0.8274,-0.07625,1,V,664,F
0,0,,V,664,V
-1.482,-0.1966,1,S,665,-
3.434,0.05887,1,S,665,I
1.771,0.05039,7,S,665,N
2.826,0.0572,1,S,665,R
0,0,,S,665,S
-1.199,-0.1355,1,S,666,-
-0.1183,-0.007539,3,S,666,N
0,0,,S,666,S
-4.2,-2.221,1,S,666,T
1.011,0.03854,8,S,666,V
-1.684,-0.2507,1,F,667,-
0,0,,F,667,F
-6.901,-4.677,1,F,667,V
-3.916,-1.868,3,F,667,Y
-1.214,-0.1384,1,G,668,-
-1.214,-0.1384,1,G,668,C
-6.785,-4.632,6,G,668,D
0,0,,G,668,G
0.36,0.01824,3,G,668,S
-3.001,-0.9368,1,G,668,V
-2.717,-0.7282,1,D,669,-
-4.445,-2.534,1,D,669,A
0,0,,D,669,D
4.006,0.05973,4,D,669,G
-2.319,-0.4971,5,D,669,Y
-3.196,-1.103,6,V,67,A
-2.709,-0.7224,6,V,67,C
-6.156,-4.303,3,V,67,D
-10.9,-5.067,2,V,67,E
1.306,0.04422,5,V,67,F
-5.58,-3.846,4,V,67,G
0.5896,0.02693,2,V,67,H
-3.17,-1.08,1,V,67,K
-0.8854,-0.0842,1,V,67,L
-2.129,-0.4093,15,V,67,M
-6.683,-4.589,3,V,67,N
-4.334,-2.392,1,V,67,P
-6.472,-4.489,7,V,67,Q
-4.101,-2.097,2,V,67,R
-4.962,-3.182,2,V,67,S
6.335,0.06074,2,V,67,T
0,0,,V,67,V
-4.441,-2.53,5,V,67,W
3.747,0.0594,6,V,67,Y
-2.397,-0.5372,2,Y,670,*
0.3823,0.01918,1,Y,670,-
-6.638,-4.569,2,Y,670,C
0,0,,Y,670,Y
0,0,,N,671,N
-9.364,-5.039,1,N,671,S
0,0,,L,672,L
-2.282,-0.4792,1,L,672,V
-2.576,-0.6382,1,S,673,I
-0.3835,-0.02795,2,S,673,N
1.261,0.04345,2,S,673,R
0,0,,S,673,S
0,0,,S,674,S
0.1455,0.008156,5,S,674,Y
-2.113,-0.4024,2,V,675,A
-3.822,-1.757,1,V,675,F
-6.37,-4.433,5,V,675,I
0,0,,V,675,V
0,0,,I,676,I
-5.097,-3.341,1,I,676,T
-6.44,-4.472,10,P,677,H
0,0,,P,677,P
-8.326,-4.973,3,P,677,S
-9.647,-5.048,7,P,677,T
-1.172,-0.1305,1,S,678,I
1.464,0.04665,2,S,678,N
0,0,,S,678,S
0,0,,L,679,L
1.639,0.04892,4,L,679,M
-4.597,-2.729,1,L,679,P
3.982,0.0597,1,L,679,R
0.661,0.02925,4,D,68,A
-3.133,-1.047,7,D,68,C
0,0,,D,68,D
-1.133,-0.1234,4,D,68,E
2.76,0.05696,3,D,68,F
3.6,0.05917,1,D,68,G
0.4841,0.02318,3,D,68,H
-3.934,-1.89,1,D,68,I
-3.126,-1.041,5,D,68,K
-2.923,-0.8756,4,D,68,L
-0.9595,-0.09502,7,D,68,M
-0.2556,-0.01745,8,D,68,N
-8.734,-5.007,2,D,68,P
4.177,0.05991,3,D,68,Q
2.438,0.05548,2,D,68,R
-5.183,-3.437,3,D,68,S
3.13,0.05816,2,D,68,T
-4.246,-2.279,2,D,68,V
1.796,0.05065,1,D,68,W
-2.818,-0.7978,9,D,68,Y
1.445,0.04638,5,P,680,H
-1.322,-0.1601,1,P,680,L
0,0,,P,680,P
-2.562,-0.6299,1,P,680,S
-0.7022,-0.06049,4,P,680,T
-0.7501,-0.0663,2,T,681,A
-5.55,-3.818,1,T,681,I
-1.36,-0.1684,1,T,681,K
0,0,,T,681,T
-0.0371,-0.002272,3,S,682,F
0,0,,S,682,S
-0.3021,-0.02112,9,S,682,Y
-6.819,-4.646,4,G,683,*
-0.204,-0.01357,14,G,683,E
0,0,,G,683,G
14.47,0.06085,6,G,683,R
-6.123,-4.281,1,G,683,V
1.516,0.04736,1,S,684,I
4.647,0.06026,3,S,684,N
0,0,,S,684,S
-3.583,-1.488,2,R,685,G
-6.478,-4.491,6,R,685,I
-1.263,-0.1481,4,R,685,K
0,0,,R,685,R
-1.498,-0.2005,2,V,686,A
4.306,0.06002,1,V,686,M
0,0,,V,686,V
0,0,,A,687,A
-0.7109,-0.06153,2,A,687,D
-4.651,-2.797,4,A,687,S
-0.4081,-0.03012,2,A,687,T
-5.355,-3.623,4,A,687,V
-4.661,-2.811,9,G,688,C
-5.405,-3.675,6,G,688,D
0,0,,G,688,G
-3.829,-1.765,2,G,688,S
0.6421,0.02865,1,G,688,V
-4.19,-2.209,3,R,689,G
-10.17,-5.059,4,R,689,I
-8.138,-4.953,8,R,689,K
0,0,,R,689,R
0.5745,0.02642,1,G,69,-
-0.6121,-0.05027,2,G,69,A
-4.151,-2.16,8,G,69,C
-4.538,-2.654,7,G,69,D
-4.804,-2.99,7,G,69,E
-5.343,-3.611,5,G,69,F
0,0,,G,69,G
-8.81,-5.012,2,G,69,H
-3.679,-1.593,1,G,69,I
-4.581,-2.709,1,G,69,K
-3.803,-1.735,4,G,69,L
-5.239,-3.5,5,G,69,M
-4.764,-2.94,1,G,69,N
-4.749,-2.922,3,G,69,P
-6.227,-4.349,3,G,69,Q
-4.698,-2.857,3,G,69,R
-4.464,-2.559,8,G,69,S
-4.473,-2.571,1,G,69,T
-0.07458,-0.004652,2,G,69,V
-4.492,-2.595,4,G,69,W
-10.75,-5.066,3,G,69,Y
-8.83,-5.013,4,S,690,*
-0.05181,-0.003195,1,S,690,D
-4.772,-2.95,1,S,690,L
0,0,,S,690,S
2.964,0.05768,1,S,690,T
0,0,,A,691,A
-7.964,-4.93,2,A,691,D
-2.586,-0.6446,4,A,691,T
3.252,0.05847,2,A,691,V
-9.412,-5.04,1,I,692,-
0,0,,I,692,I
-11.49,-5.071,7,E,693,*
-8.619,-4.999,9,E,693,D
0,0,,E,693,E
-3.739,-1.66,1,E,693,G
-8.789,-5.011,4,E,693,K
0,0,,D,694,D
-3.922,-1.876,1,D,694,E
-4.279,-2.322,2,D,694,G
1.294,0.04403,2,D,694,N
-4.498,-2.603,6,D,694,Y
0,0,,I,695,I
-8.698,-5.005,3,I,695,N
0.06456,0.003762,1,I,695,T
-2.104,-0.3987,1,I,695,V
0,0,,L,696,L
-4.401,-2.478,5,L,696,M
-0.9275,-0.09026,1,L,696,P
3.568,0.05911,1,L,696,Q
-2.387,-0.5319,1,F,697,-
0,0,,F,697,F
-7.478,-4.844,1,F,697,I
-7.253,-4.789,5,F,697,L
-2.531,-0.6114,2,F,697,Y
0.03221,0.001907,1,S,698,-
0.5567,0.0258,5,S,698,N
-5.345,-3.613,2,S,698,R
0,0,,S,698,S
0.3074,0.01596,1,K,699,-
0,0,,K,699,K
2.267,0.05448,2,K,699,N
1.926,0.05189,3,V,70,A
0.3561,0.01808,5,V,70,C
-6.717,-4.604,7,V,70,D
-3.757,-1.682,6,V,70,E
5.101,0.06048,8,V,70,F
-5.127,-3.375,4,V,70,G
3.641,0.05924,4,V,70,H
0.1217,0.006901,6,V,70,I
-0.4604,-0.03491,1,V,70,K
-1.322,-0.1601,8,V,70,L
-2.266,-0.4714,3,V,70,M
-1.627,-0.2346,6,V,70,N
-2.824,-0.8024,1,V,70,P
-2.1,-0.3973,2,V,70,Q
-0.8958,-0.08568,1,V,70,R
-1.623,-0.2333,6,V,70,S
6.631,0.06077,3,V,70,T
0,0,,V,70,V
-3.719,-1.638,1,V,70,W
-1.355,-0.1674,5,V,70,Y
0,0,,L,700,L
-3.15,-1.062,2,L,700,M
-6.269,-4.375,2,L,700,P
-1.673,-0.2477,1,L,700,V
-5.918,-4.134,1,V,701,L
5.05,0.06046,3,V,701,M
0,0,,V,701,V
1.407,0.04581,3,T,702,I
6.19,0.06073,1,T,702,N
0,0,,T,702,T
-5.337,-3.604,4,S,703,F
0,0,,S,703,S
-2.624,-0.6681,1,S,703,T
-3.869,-1.813,5,S,703,Y
-17,-5.075,3,G,704,C
-2.285,-0.4806,7,G,704,D
0,0,,G,704,G
0.07768,0.004498,4,G,704,S
-5.374,-3.643,2,G,704,V
0,0,,L,705,L
-2.504,-0.596,7,L,705,M
-5.268,-3.531,4,L,705,P
-2.357,-0.5161,3,L,705,Q
-8.034,-4.94,4,G,706,*
-1.251,-0.1457,1,G,706,A
-3.694,-1.61,39,G,706,E
0,0,,G,706,G
-0.5151,-0.0402,12,G,706,R
-3.784,-1.713,6,G,706,V
-0.6538,-0.05489,4,T,707,I
-1.583,-0.2224,2,T,707,N
1.504,0.0472,1,T,707,S
0,0,,T,707,T
-5.264,-3.527,3,V,708,A
-4.153,-2.161,1,V,708,E
-4.171,-2.185,3,V,708,M
0,0,,V,708,V
0,0,,D,709,D
-1.015,-0.1037,3,D,709,E
-1.713,-0.2593,1,D,709,H
-4.073,-2.062,11,D,709,N
-7.318,-4.806,3,D,709,Y
3.227,0.05841,2,V,71,A
-1.208,-0.1373,2,V,71,C
-2.403,-0.5404,3,V,71,D
-2.108,-0.4006,6,V,71,E
-0.6329,-0.05254,9,V,71,F
-2.954,-0.8993,2,V,71,G
-6.817,-4.646,3,V,71,H
-1.718,-0.2608,8,V,71,I
-2.632,-0.6731,3,V,71,K
-3.516,-1.416,5,V,71,L
0.3954,0.01972,3,V,71,M
-6.644,-4.572,2,V,71,N
-7.519,-4.853,7,V,71,P
-2.264,-0.4705,3,V,71,Q
-4.333,-2.391,3,V,71,R
-0.2665,-0.0183,3,V,71,S
2.558,0.05609,3,V,71,T
0,0,,V,71,V
-2.597,-0.651,3,V,71,W
-1.996,-0.3557,5,V,71,Y
0,0,,A,710,A
-10.64,-5.065,3,A,710,D
-1.122,-0.1216,2,A,710,T
1.739,0.05005,5,A,710,V
0,0,,D,711,D
-9.073,-5.027,1,D,711,E
-0.9941,-0.1003,1,D,711,F
-3.799,-1.73,1,D,711,G
-8.155,-4.955,5,D,711,N
-3.613,-1.52,5,D,711,Y
-9.527,-5.044,3,Y,712,*
-6.745,-4.616,2,Y,712,C
0,0,,Y,712,Y
-8.805,-5.012,2,K,713,E
0,0,,K,713,K
-7.78,-4.902,4,K,713,N
1.204,0.04245,2,K,713,R
-2.954,-0.8996,1,K,714,E
0,0,,K,714,K
-4.072,-2.06,1,K,714,R
0,0,,C,715,C
-13.14,-5.074,4,C,715,F
-10.25,-5.06,11,C,715,Y
2.136,0.05359,3,T,716,A
3.768,0.05943,3,T,716,I
-0.5055,-0.03925,1,T,716,K
-1.615,-0.2312,1,T,716,S
0,0,,T,716,T
0.5735,0.02638,1,K,717,E
0,0,,K,717,K
-0.9664,-0.09606,2,K,717,N
-0.6655,-0.05622,1,G,718,D
0,0,,G,718,G
-1.165,-0.1292,1,G,718,R
-3.959,-1.921,4,G,718,S
-8.763,-5.009,3,G,718,V
-4.915,-3.126,2,L,719,F
-2.511,-0.5998,1,L,719,H
-4.074,-2.063,3,L,719,I
0,0,,L,719,L
-3.16,-1.071,1,L,719,P
-3.658,-1.569,2,R,72,A
-8.584,-4.996,1,R,72,C
-9.551,-5.045,6,R,72,D
-10.43,-5.063,10,R,72,F
-4.476,-2.574,3,R,72,G
-3.494,-1.393,7,R,72,H
-8.899,-5.017,3,R,72,I
-1.004,-0.1019,5,R,72,K
-4.313,-2.365,13,R,72,L
-6.505,-4.505,5,R,72,M
-3.95,-1.91,6,R,72,N
-8.304,-4.971,5,R,72,P
-2.098,-0.3961,14,R,72,Q
0,0,,R,72,R
-3.465,-1.362,2,R,72,S
-4.379,-2.45,3,R,72,T
-5.531,-3.8,6,R,72,V
-8.98,-5.022,9,R,72,W
-4.631,-2.772,7,R,72,Y
-2.886,-0.8472,4,S,720,G
-0.2147,-0.01436,4,S,720,N
0,0,,S,720,S
0,0,,I,721,I
-6.64,-4.57,1,I,721,S
0,0,,A,722,A
-5.303,-3.568,2,A,722,D
-2.174,-0.429,3,A,722,T
0,0,,D,723,D
-5.333,-3.601,1,D,723,E
-0.5633,-0.04509,3,D,723,N
-5.186,-3.441,6,D,723,Y
0,0,,L,724,L
0.6136,0.02772,5,L,724,M
-3.096,-1.015,1,L,724,P
-0.4554,-0.03445,1,L,724,Q
0,0,,A,725,A
-7.958,-4.93,1,A,725,S
0.04534,0.002667,4,A,725,T
-1.327,-0.1612,2,A,725,V
-5.398,-3.668,3,C,726,*
0,0,,C,726,C
-6.825,-4.649,2,C,726,F
-7.151,-4.76,2,C,726,R
-11.54,-5.071,6,C,726,Y
0,0,,A,727,A
-1.448,-0.1883,1,A,727,S
-8.423,-4.983,3,A,727,T
-4.112,-2.11,3,A,727,V
-10.8,-5.066,4,Q,728,*
-3.906,-1.857,1,Q,728,-
-3.742,-1.664,1,Q,728,H
-8.945,-5.02,4,Q,728,K
0,0,,Q,728,Q
-7.076,-4.737,4,Y,729,*
-3.018,-0.9507,1,Y,729,-
-4.657,-2.805,2,Y,729,C
-8.03,-4.939,2,Y,729,H
0,0,,Y,729,Y
3.917,0.05963,4,S,73,A
3.97,0.05969,2,S,73,C
0.3908,0.01952,5,S,73,D
-3.662,-1.574,2,S,73,E
-3.605,-1.511,4,S,73,F
-2.974,-0.9153,3,S,73,H
1.329,0.0446,9,S,73,I
-0.3979,-0.02921,4,S,73,K
-2.69,-0.7102,7,S,73,L
0.3745,0.01885,2,S,73,M
-0.2384,-0.01614,7,S,73,N
-4.788,-2.97,2,S,73,P
0.2244,0.01212,6,S,73,Q
-0.8509,-0.07942,3,S,73,R
0,0,,S,73,S
-2.399,-0.5383,5,S,73,T
3.022,0.05786,2,S,73,V
-6.578,-4.541,5,S,73,W
-3.539,-1.44,5,S,73,Y
-4.815,-3.003,1,Y,730,C
-0.4903,-0.03777,1,Y,730,N
0,0,,Y,730,Y
-0.2048,-0.01363,1,N,731,D
0,0,,N,731,N
-4.16,-2.171,1,N,731,S
-11.25,-5.07,9,G,732,C
-5.997,-4.193,12,G,732,D
0,0,,G,732,G
-10.11,-5.058,4,G,732,S
-3.937,-1.895,1,G,732,V
-0.4382,-0.03286,1,I,733,F
0,0,,I,733,I
-1.295,-0.1545,1,I,733,V
-1.24,-0.1435,13,M,734,I
0,0,,M,734,M
-3.129,-1.043,1,M,734,V
-4.426,-2.511,3,V,735,A
-1.604,-0.2282,1,V,735,E
-1.075,-0.1135,1,V,735,L
-4.763,-2.938,4,V,735,M
0,0,,V,735,V
-3.759,-1.684,1,L,736,-
0,0,,L,736,L
-8.013,-4.937,2,L,736,M
-8.022,-4.938,1,L,736,P
-2.514,-0.6017,1,P,737,-
-5.592,-3.857,7,P,737,H
-6.086,-4.256,1,P,737,L
0,0,,P,737,P
-8.765,-5.009,1,P,737,T
-1.183,-0.1326,1,G,738,-
-2.21,-0.4451,2,G,738,C
4.086,0.05982,5,G,738,D
0,0,,G,738,G
-1.812,-0.2904,7,G,738,S
-2.543,-0.6186,2,G,738,V
-3.925,-1.88,1,V,739,-
-1.726,-0.2632,2,V,739,A
-6.645,-4.573,1,V,739,F
-0.8712,-0.08221,3,V,739,I
0,0,,V,739,V
3.367,0.05873,3,F,74,A
-2.694,-0.713,3,F,74,C
-2.04,-0.3728,7,F,74,D
-3.278,-1.179,4,F,74,E
0,0,,F,74,F
3.115,0.05812,2,F,74,G
1.279,0.04377,4,F,74,H
-2.627,-0.6697,5,F,74,I
1.374,0.04532,4,F,74,L
1.932,0.05195,1,F,74,M
5.108,0.06048,4,F,74,N
-1.217,-0.1389,4,F,74,P
3.378,0.05875,2,F,74,Q
0.2868,0.01504,8,F,74,R
2.011,0.05262,2,F,74,S
3.484,0.05896,4,F,74,T
3.278,0.05853,1,F,74,V
-0.08672,-0.005442,2,F,74,W
0.6046,0.02743,5,F,74,Y
-3.373,-1.27,1,A,740,-
0,0,,A,740,A
-6.532,-4.519,1,A,740,D
-3.006,-0.9407,3,A,740,S
-1.794,-0.2846,4,A,740,T
-1.201,-0.1359,11,A,740,V
-2.394,-0.5358,1,D,741,-
0,0,,D,741,D
-0.8477,-0.07898,1,D,741,E
0.5718,0.02632,9,D,741,N
-4.104,-2.1,1,D,741,V
-5.385,-3.654,11,D,741,Y
-2.022,-0.3655,1,A,742,-
0,0,,A,742,A
-2.371,-0.5234,1,A,742,D
-5.512,-3.781,3,A,742,S
8.101,0.06083,5,A,742,T
-11.25,-5.07,6,E,743,*
-3.512,-1.412,1,E,743,-
-3.87,-1.814,2,E,743,D
0,0,,E,743,E
-6.484,-4.495,7,E,743,K
-2.269,-0.4727,1,R,744,-
-9.485,-5.043,3,R,744,L
-5.12,-3.367,4,R,744,Q
0,0,,R,744,R
-5.192,-3.448,4,R,744,W
-3.14,-1.053,1,M,745,-
-4.254,-2.29,16,M,745,I
-8.913,-5.018,2,M,745,K
0,0,,M,745,M
-10.38,-5.062,3,M,745,T
-2.962,-0.9062,2,M,745,V
-2.441,-0.5609,1,A,746,-
0,0,,A,746,A
-6.31,-4.399,3,A,746,D
-3.482,-1.38,4,A,746,S
-3.57,-1.473,7,A,746,T
-4.311,-2.362,6,A,746,V
-1.686,-0.2514,1,M,747,-
-6.129,-4.286,9,M,747,I
-4.419,-2.502,1,M,747,K
0,0,,M,747,M
-3.84,-1.779,1,M,747,V
-7.011,-4.716,3,Y,748,*
0,0,,Y,748,Y
2.283,0.05458,4,T,749,I
-3.287,-1.187,2,T,749,K
-0.537,-0.04239,1,T,749,P
0,0,,T,749,T
-5.858,-4.087,8,Q,75,*
-5.8,-4.04,3,Q,75,C
-4.07,-2.057,3,Q,75,D
-2.036,-0.3713,1,Q,75,E
-4.813,-3.001,2,Q,75,F
-9.109,-5.028,1,Q,75,G
-6.431,-4.467,5,Q,75,H
-12.77,-5.074,3,Q,75,I
-10.17,-5.059,4,Q,75,K
-9.204,-5.032,3,Q,75,L
-4.308,-2.359,3,Q,75,M
-10.19,-5.059,5,Q,75,N
-15.93,-5.075,3,Q,75,P
0,0,,Q,75,Q
-9.171,-5.031,4,Q,75,R
-7.827,-4.91,5,Q,75,S
-4.836,-3.029,2,Q,75,T
-6.999,-4.712,2,Q,75,V
-7.178,-4.768,5,Q,75,Y
-0.2874,-0.01994,1,G,750,A
-3.368,-1.265,5,G,750,C
-8.396,-4.98,10,G,750,D
0,0,,G,750,G
-3.626,-1.534,2,G,750,S
-6.988,-4.708,1,G,750,V
0,0,,S,751,S
1.21,0.04256,1,S,751,T
-12.85,-5.074,4,S,751,Y
-0.5447,-0.04317,1,L,752,I
0,0,,L,752,L
-5.969,-4.173,7,L,752,M
0,0,,I,753,I
-5.189,-3.445,1,I,753,N
-2.541,-0.6174,1,I,753,T
-10.59,-5.064,5,G,754,*
-11.08,-5.069,6,G,754,E
0,0,,G,754,G
-5.982,-4.182,12,G,754,R
-8.681,-5.004,3,G,754,V
-16.3,-5.075,1,G,755,*
-5.352,-3.62,44,G,755,E
0,0,,G,755,G
-6.221,-4.345,9,G,755,R
-3.259,-1.161,1,G,755,V
0,0,,I,756,I
2.879,0.05739,3,I,756,M
-1.153,-0.1272,1,I,756,V
0,0,,A,757,A
-14.87,-5.075,2,A,757,D
-1.067,-0.1121,4,A,757,T
-0.6094,-0.04997,4,A,757,V
0,0,,L,758,L
-2.37,-0.523,9,L,758,M
-3.154,-1.065,2,L,758,Q
-8.538,-4.993,6,G,759,*
-2.356,-0.5156,4,G,759,E
0,0,,G,759,G
-6.334,-4.413,6,G,759,R
-10.2,-5.059,1,G,759,V
-6.414,-4.457,2,P,76,-
-4.99,-3.216,4,P,76,A
-6.16,-4.306,7,P,76,C
-7.641,-4.877,5,P,76,D
-6.388,-4.443,4,P,76,E
-7.759,-4.899,6,P,76,F
-7.25,-4.788,3,P,76,G
-5.374,-3.644,7,P,76,H
-6.181,-4.32,2,P,76,I
-7.738,-4.895,4,P,76,K
-6.389,-4.444,10,P,76,L
-12.63,-5.074,4,P,76,M
-7.175,-4.767,2,P,76,N
0,0,,P,76,P
-7.943,-4.927,6,P,76,Q
-9.652,-5.048,5,P,76,R
-6.874,-4.667,4,P,76,S
-6.898,-4.676,2,P,76,T
-6.454,-4.479,3,P,76,V
-2.188,-0.4353,1,P,76,W
-7.336,-4.811,6,P,76,Y
-2.696,-0.7141,5,G,760,C
-7.675,-4.884,5,G,760,D
0,0,,G,760,G
-3.361,-1.258,2,G,760,S
-9.9,-5.054,2,G,760,V
0,0,,L,761,L
5.021,0.06045,7,L,761,M
-5.278,-3.542,6,L,761,P
-2.039,-0.3724,1,L,761,Q
-5.837,-4.07,2,L,761,R
-3.686,-1.601,2,T,762,A
0,0,,T,762,T
-1.558,-0.2159,1,S,763,G
-5.128,-3.376,2,S,763,I
-3.939,-1.897,3,S,763,N
-3.043,-0.9709,2,S,763,R
0,0,,S,763,S
0,0,,A,764,A
-3.527,-1.427,1,A,764,D
-3.581,-1.485,2,A,764,S
-4.226,-2.254,5,A,764,T
2.232,0.05425,1,A,764,V
0,0,,A,765,A
-4.779,-2.959,3,A,765,D
-1.992,-0.3542,4,A,765,T
0.1173,0.006662,2,A,765,V
-5.32,-3.587,8,S,766,*
-4.84,-3.034,4,S,766,L
-0.6486,-0.0543,1,S,766,P
0,0,,S,766,S
-3.392,-1.289,1,S,766,T
0,0,,I,767,I
-4.752,-2.925,1,I,767,N
-0.0313,-0.001911,1,I,767,T
-5.037,-3.271,1,P,768,-
-6.578,-4.542,2,P,768,L
0,0,,P,768,P
-9.615,-5.047,10,P,768,Q
-4.03,-2.008,1,P,768,S
-4.465,-2.56,1,P,768,T
-4.284,-2.328,1,F,769,-
0,0,,F,769,F
-8.908,-5.018,3,F,769,L
-0.1965,-0.01302,1,L,77,-
-3.423,-1.319,3,L,77,A
-2.761,-0.7575,5,L,77,C
-7.688,-4.886,6,L,77,D
-10.88,-5.067,3,L,77,E
1.238,0.04306,5,L,77,F
-9.305,-5.037,4,L,77,H
-5.594,-3.859,1,L,77,I
-8.982,-5.022,4,L,77,K
0,0,,L,77,L
-2.17,-0.4275,10,L,77,M
-1.92,-0.3274,1,L,77,N
-6.681,-4.589,6,L,77,P
-7.772,-4.901,5,L,77,Q
-5.232,-3.492,4,L,77,R
-18.11,-5.075,5,L,77,S
2.415,0.05536,1,L,77,T
-0.2364,-0.01599,3,L,77,V
-6.027,-4.215,2,L,77,W
-4.569,-2.694,4,L,77,Y
-4.75,-2.922,3,S,770,I
-1.743,-0.2686,1,S,770,N
0.8488,0.03463,1,S,770,R
0,0,,S,770,S
0,0,,L,771,L
1.217,0.04268,5,L,771,M
-2.436,-0.558,4,L,771,P
-11.67,-5.072,2,L,771,Q
-2.842,-0.8151,1,L,771,R
0,0,,A,772,A
-5.19,-3.446,2,A,772,E
-3.151,-1.063,2,A,772,S
-10.95,-5.068,9,A,772,T
-3.387,-1.284,2,A,772,V
0,0,,I,773,I
0.5989,0.02724,1,I,773,M
-2.22,-0.4498,1,I,773,V
-9.596,-5.046,4,Q,774,*
-1.838,-0.2991,6,Q,774,K
0,0,,Q,774,Q
-5.543,-3.811,1,Q,774,R
-4.224,-2.251,1,S,775,F
-0.3527,-0.0253,2,S,775,P
0,0,,S,775,S
-3.562,-1.465,2,S,775,Y
-6.926,-4.686,3,R,776,C
-1.842,-0.3004,1,R,776,G
-2.99,-0.9283,11,R,776,H
-6.071,-4.246,2,R,776,L
0,0,,R,776,R
-6.33,-4.411,8,R,776,S
0,0,,L,777,L
-1.004,-0.1019,7,L,777,M
-7.271,-4.794,1,L,777,P
0.07905,0.004575,1,L,777,R
-3.663,-1.575,2,N,778,D
-3.892,-1.84,3,N,778,K
0,0,,N,778,N
-0.02115,-0.001285,2,N,778,S
-0.6637,-0.05602,1,Y,779,*
-2.678,-0.7026,1,Y,779,H
0,0,,Y,779,Y
3.364,0.05872,1,L,78,A
-1.755,-0.2721,6,L,78,C
-2.028,-0.368,2,L,78,D
3.187,0.05831,8,L,78,E
-1.664,-0.2448,2,L,78,F
-1.871,-0.3103,11,L,78,G
1.917,0.05181,4,L,78,H
-1.164,-0.129,3,L,78,I
2.652,0.05651,2,L,78,K
0,0,,L,78,L
1.144,0.04131,8,L,78,M
-2.157,-0.4214,6,L,78,N
-3.1,-1.019,3,L,78,P
-1.738,-0.267,7,L,78,Q
-1.893,-0.3177,2,L,78,R
-2.318,-0.4968,4,L,78,S
2.734,0.05686,3,L,78,V
-3.292,-1.191,3,L,78,W
0.8978,0.03588,3,L,78,Y
-0.4749,-0.03629,1,V,780,A
-4.432,-2.518,1,V,780,E
-0.2685,-0.01845,3,V,780,L
-6.722,-4.606,1,V,780,M
0,0,,V,780,V
0,0,,A,781,A
6.09,0.06071,2,A,781,D
1.428,0.04613,1,A,781,G
-2.207,-0.444,3,A,781,S
-1.734,-0.2657,2,A,781,V
0,0,,L,782,L
-0.9039,-0.08683,10,L,782,M
-6.167,-4.311,13,L,782,P
-1.484,-0.1972,1,L,782,Q
0.9601,0.03738,1,Q,783,*
-0.238,-0.01611,4,Q,783,H
-3.524,-1.425,1,Q,783,P
0,0,,Q,783,Q
-0.853,-0.0797,1,T,784,I
0,0,,T,784,T
0,0,,D,785,D
1.332,0.04465,2,D,785,E
-1.579,-0.2215,3,D,785,G
0.4986,0.02372,6,D,785,N
-3.179,-1.087,5,D,785,Y
0.1611,0.008965,1,V,786,E
-4.767,-2.943,3,V,786,L
-2.784,-0.7737,3,V,786,M
0,0,,V,786,V
0,0,,L,787,L
0.5414,0.02526,3,L,787,M
-6.651,-4.575,2,L,787,P
-4.351,-2.414,1,Q,788,*
-3.513,-1.412,2,Q,788,K
0,0,,Q,788,Q
-3.316,-1.214,1,Q,788,R
-12.84,-5.074,8,E,789,*
3.532,0.05905,7,E,789,D
0,0,,E,789,E
-3.065,-0.989,12,E,789,K
0.4812,0.02307,1,E,789,Q
2.605,0.0563,1,L,79,A
5.475,0.06059,5,L,79,C
-10.05,-5.057,5,L,79,D
-5.944,-4.154,1,L,79,E
-4.177,-2.192,2,L,79,F
-4.586,-2.716,2,L,79,G
-5.226,-3.485,4,L,79,H
-2.789,-0.7773,3,L,79,I
-5.838,-4.071,3,L,79,K
0,0,,L,79,L
0.3542,0.018,5,L,79,M
-4.258,-2.295,3,L,79,N
-1.356,-0.1675,4,L,79,P
-4.481,-2.58,6,L,79,Q
-7.138,-4.756,3,L,79,R
-3.253,-1.155,3,L,79,S
-2.602,-0.6544,7,L,79,T
0.9021,0.03599,3,L,79,V
-5.012,-3.242,3,L,79,W
-3.273,-1.174,3,L,79,Y
-4.157,-2.166,3,N,790,K
0,0,,N,790,N
-9.084,-5.027,2,Q,791,*
2.74,0.05688,1,Q,791,E
-0.8234,-0.07571,4,Q,791,H
-5.53,-3.798,4,Q,791,K
0,0,,Q,791,Q
-3.616,-1.523,2,Q,791,R
0,0,,K,792,K
1.751,0.05018,2,K,792,N
3.594,0.05916,1,K,792,R
0,0,,I,793,I
-5.019,-3.25,1,I,793,N
0,0,,L,794,L
-3.222,-1.126,2,L,794,M
-8.944,-5.02,6,L,794,P
0,0,,A,795,A
-6.415,-4.458,2,A,795,D
-4.53,-2.643,2,A,795,S
-1.231,-0.1417,4,A,795,T
-0.9452,-0.09288,1,A,795,V
0,0,,A,796,A
2.902,0.05747,9,A,796,D
-1.58,-0.2218,1,A,796,G
-0.2809,-0.01943,2,A,796,S
-1.77,-0.2768,6,A,796,T
-3.32,-1.218,4,A,796,V
-3.517,-1.417,3,S,797,I
3.236,0.05843,1,S,797,N
0,0,,S,797,S
0,0,,F,798,F
-4.292,-2.339,6,F,798,L
-6.405,-4.453,2,N,799,D
-5.527,-3.796,1,N,799,K
0,0,,N,799,N
-0.9641,-0.09572,1,N,799,S
13.7,0.06085,4,N,80,A
-2.429,-0.5545,6,N,80,C
0.3643,0.01843,5,N,80,D
0.1902,0.01043,3,N,80,E
-3.238,-1.141,3,N,80,F
-2.44,-0.5605,1,N,80,G
-2.225,-0.4519,2,N,80,H
-0.2128,-0.01422,6,N,80,I
14.42,0.06085,5,N,80,K
-3.377,-1.274,7,N,80,L
-3.677,-1.591,3,N,80,M
0,0,,N,80,N
-12.46,-5.074,2,N,80,P
-1.818,-0.2922,1,N,80,R
-3.235,-1.138,4,N,80,S
-3.497,-1.396,3,N,80,T
-2.212,-0.4463,6,N,80,V
-2.189,-0.4358,2,N,80,W
-3.62,-1.527,3,N,80,Y
1.029,0.03893,1,K,800,E
0,0,,K,800,K
-3.232,-1.136,1,K,800,N
0,0,,A,801,A
-10.66,-5.065,5,A,801,T
-4.121,-2.122,4,A,801,V
2.857,0.05732,8,M,802,I
0,0,,M,802,M
-7.644,-4.878,1,M,802,T
1.094,0.04031,2,T,803,A
2.413,0.05535,6,T,803,I
0,0,,T,803,T
0.446,0.02173,1,N,804,D
0,0,,N,804,N
-2.869,-0.8346,1,I,805,F
0,0,,I,805,I
-8.749,-5.008,2,I,805,T
8.319,0.06084,1,V,806,A
-0.5495,-0.04366,6,V,806,I
-0.509,-0.03959,1,V,806,L
0,0,,V,806,V
0,0,,D,807,D
1.952,0.05212,2,D,807,E
-8.776,-5.01,1,D,807,H
-1.602,-0.2277,2,D,807,N
-3.014,-0.947,4,D,807,Y
0,0,,A,808,A
-8.564,-4.995,1,A,808,D
-1.755,-0.2721,2,A,808,S
-2.943,-0.891,3,A,808,T
-1.461,-0.1916,2,A,808,V
-11.55,-5.071,1,F,809,-
0,0,,F,809,F
0.2574,0.01368,4,F,809,L
-8.593,-4.997,3,C,81,*
-4.112,-2.11,4,C,81,A
0,0,,C,81,C
-6.209,-4.337,5,C,81,D
-6.591,-4.548,5,C,81,E
-9.632,-5.047,6,C,81,F
-3.268,-1.169,5,C,81,G
-5.015,-3.246,5,C,81,H
-8.317,-4.973,5,C,81,I
-10.11,-5.058,3,C,81,K
-5.889,-4.111,5,C,81,L
-8.928,-5.019,4,C,81,M
-6.347,-4.421,4,C,81,N
-7.852,-4.914,10,C,81,P
-9.069,-5.026,1,C,81,Q
-5.686,-3.942,8,C,81,R
-10.37,-5.062,6,C,81,S
-8.633,-5,4,C,81,T
-9.255,-5.035,4,C,81,V
-6.769,-4.626,4,C,81,W
-3.509,-1.408,9,C,81,Y
-2.368,-0.522,1,T,810,A
-0.5116,-0.03984,1,T,810,N
0,0,,T,810,T
-7.355,-4.815,4,G,811,*
-0.9576,-0.09473,6,G,811,E
0,0,,G,811,G
-2.844,-0.8165,9,G,811,R
-6.312,-4.4,4,G,811,V
-2.188,-0.4354,1,V,812,L
-3.681,-1.595,3,V,812,M
0,0,,V,812,V
1.149,0.04141,4,N,813,D
2.896,0.05745,1,N,813,H
-1.415,-0.1807,1,N,813,I
0,0,,N,813,N
-10.6,-5.065,1,N,813,S
0,0,,D,814,D
-1.984,-0.3509,1,D,814,E
2.432,0.05545,2,D,814,G
1.54,0.04768,5,D,814,N
-3.851,-1.792,1,D,814,V
1.322,0.04449,7,D,814,Y
0,0,,A,815,A
-0.4265,-0.03178,4,A,815,D
1.405,0.04579,3,A,815,S
-2.498,-0.5926,6,A,815,T
3.718,0.05936,2,A,815,V
-1.56,-0.2164,1,T,817,I
0,0,,T,817,T
-10.11,-5.058,1,Q,818,*
2.943,0.05761,6,Q,818,H
-0.9139,-0.08828,6,Q,818,K
0,0,,Q,818,Q
-0.3447,-0.02463,1,Q,818,R
-0.2421,-0.01642,1,T,819,-
1.039,0.03915,1,T,819,A
-7.412,-4.829,2,T,819,I
-0.3631,-0.02619,3,T,819,K
-3.63,-1.538,1,T,819,R
0,0,,T,819,T
-2.293,-0.4846,6,L,82,A
-3.459,-1.356,4,L,82,C
-8.546,-4.993,6,L,82,D
-4.31,-2.361,7,L,82,E
-3.681,-1.595,4,L,82,F
-3.008,-0.9425,3,L,82,G
-1.19,-0.134,5,L,82,H
-3.437,-1.334,5,L,82,I
-1.334,-0.1628,7,L,82,K
0,0,,L,82,L
5.301,0.06054,4,L,82,M
-3.404,-1.3,3,L,82,N
-8.76,-5.009,4,L,82,P
1.862,0.0513,3,L,82,Q
-4.242,-2.275,6,L,82,R
-9.541,-5.045,4,L,82,S
-9.101,-5.028,4,L,82,T
-2.953,-0.899,4,L,82,V
5.764,0.06066,5,L,82,W
-0.4946,-0.03819,6,L,82,Y
-0.008435,-0.0005091,1,S,820,-
0.2735,0.01443,3,S,820,F
0,0,,S,820,S
-7.091,-4.742,1,S,820,T
-6.527,-4.516,3,S,820,Y
-7.045,-4.727,6,Q,821,*
1.018,0.03871,1,Q,821,-
-6.819,-4.646,1,Q,821,H
-0.8356,-0.07734,8,Q,821,K
0,0,,Q,821,Q
5.093,0.06047,2,Q,821,R
-0.5636,-0.04512,1,A,822,-
0,0,,A,822,A
0.7744,0.03262,2,A,822,D
2.065,0.05305,2,A,822,S
1.328,0.04459,4,A,822,T
-0.2396,-0.01623,1,A,822,V
-0.1535,-0.009957,1,L,823,-
3.548,0.05908,3,L,823,I
0,0,,L,823,L
-8.375,-4.978,2,L,823,P
-8.787,-5.011,3,Q,824,*
-0.5101,-0.0397,1,Q,824,-
0.7887,0.03302,3,Q,824,H
0,0,,Q,824,Q
-1.293,-0.1541,1,T,825,-
-4.196,-2.216,1,T,825,A
-8.668,-5.003,3,T,825,I
1.565,0.04801,1,T,825,N
-1.055,-0.11,2,T,825,S
0,0,,T,825,T
-0.05291,-0.003265,1,V,826,-
2.857,0.05732,1,V,826,L
-8.782,-5.01,3,V,826,M
0,0,,V,826,V
-0.6221,-0.05136,1,A,827,-
0,0,,A,827,A
-2.85,-0.8208,1,A,827,D
-3.05,-0.9771,1,A,827,G
-5.37,-3.639,1,A,827,P
1.04,0.03918,3,A,827,T
2.114,0.05342,1,A,827,V
0.8162,0.03377,1,T,828,-
2.246,0.05434,3,T,828,A
-0.5294,-0.04162,7,T,828,I
-2.88,-0.8435,4,T,828,K
0,0,,T,828,T
0.5282,0.02479,1,A,829,-
0,0,,A,829,A
-7.331,-4.809,2,A,829,D
-3.515,-1.415,2,A,829,S
-0.5202,-0.0407,3,A,829,T
-8.854,-5.015,1,A,829,V
-10.01,-5.056,10,W,83,*
-2.82,-0.7993,4,W,83,A
-2.423,-0.5512,10,W,83,C
-3.893,-1.841,3,W,83,D
-4.195,-2.214,1,W,83,E
0.6908,0.03017,4,W,83,F
-2.404,-0.5406,3,W,83,G
-2.909,-0.8648,9,W,83,H
-0.1534,-0.009947,9,W,83,I
-1.786,-0.2821,1,W,83,K
-1.84,-0.2996,11,W,83,L
-1.722,-0.2621,5,W,83,M
-3.415,-1.311,6,W,83,N
-1.193,-0.1345,3,W,83,P
-2.942,-0.8903,2,W,83,Q
-0.5114,-0.03983,3,W,83,R
3.275,0.05852,3,W,83,S
1.492,0.04703,3,W,83,T
4.127,0.05986,4,W,83,V
0,0,,W,83,W
-1.281,-0.1516,4,W,83,Y
0.5783,0.02654,1,L,830,-
-1.023,-0.1049,13,L,830,I
0,0,,L,830,L
-8.63,-5,1,L,830,P
-0.01251,-0.0007568,1,N,831,-
0.09281,0.005335,2,N,831,K
0,0,,N,831,N
3.738,0.05939,1,N,831,S
-0.9015,-0.08648,1,N,831,Y
-1.41,-0.1796,1,K,832,-
-2.327,-0.5012,2,K,832,E
0,0,,K,832,K
0,0,,I,833,I
-7.215,-4.778,1,I,833,T
-4.981,-3.204,2,Q,834,*
-0.7781,-0.06982,4,Q,834,H
-0.1182,-0.007532,5,Q,834,K
-6.574,-4.54,2,Q,834,L
-4.372,-2.441,1,Q,834,P
0,0,,Q,834,Q
2.875,0.05738,5,Q,834,R
0,0,,D,835,D
0.6737,0.02965,2,D,835,E
-1.576,-0.2206,5,D,835,N
-3.133,-1.047,1,D,835,V
-1.031,-0.1062,2,D,835,Y
-6.461,-4.483,2,V,836,A
-6.643,-4.572,1,V,836,F
-7.134,-4.755,3,V,836,G
-3.436,-1.333,4,V,836,I
0,0,,V,836,V
-4.338,-2.398,1,V,837,A
-1.292,-0.154,1,V,837,M
0,0,,V,837,V
-0.9539,-0.09417,1,N,838,D
-0.4942,-0.03815,1,N,838,I
3.479,0.05895,2,N,838,K
0,0,,N,838,N
-0.3891,-0.02844,1,N,838,S
-6.119,-4.279,2,Q,839,*
2.148,0.05367,2,Q,839,H
-0.1162,-0.007396,6,Q,839,K
0,0,,Q,839,Q
3.726,0.05937,1,Q,839,R
-10.97,-5.068,6,S,84,*
-0.5278,-0.04146,1,S,84,-
-1.249,-0.1452,4,S,84,A
-2.36,-0.5179,2,S,84,C
-0.07055,-0.004392,5,S,84,D
0.8456,0.03455,2,S,84,E
-0.376,-0.0273,5,S,84,F
0.3414,0.01745,3,S,84,G
0.4273,0.021,6,S,84,H
-1.987,-0.3522,3,S,84,I
2.608,0.05632,5,S,84,K
-0.7674,-0.06846,11,S,84,L
-0.3254,-0.02302,5,S,84,M
0.7625,0.03229,6,S,84,N
-1.056,-0.1103,5,S,84,P
0.1067,0.006091,6,S,84,Q
4.802,0.06035,3,S,84,R
0,0,,S,84,S
2.748,0.05691,2,S,84,T
-1.505,-0.2024,4,S,84,V
3.719,0.05936,1,S,84,W
2.164,0.05379,4,S,84,Y
-10.78,-5.066,4,Q,840,*
-1.087,-0.1155,7,Q,840,H
1.797,0.05066,3,Q,840,K
-1.484,-0.1972,1,Q,840,L
0,0,,Q,840,Q
1.499,0.04713,1,Q,840,R
-4.631,-2.772,3,G,841,C
-3.892,-1.84,8,G,841,D
0,0,,G,841,G
-1.531,-0.2088,1,G,841,S
0.5971,0.02718,2,N,842,D
1.52,0.04742,3,N,842,K
0,0,,N,842,N
-2.959,-0.9036,5,S,843,F
-2.402,-0.5395,1,S,843,P
0,0,,S,843,S
-5.197,-3.453,3,S,843,Y
0,0,,L,844,L
-3.75,-1.673,8,L,844,M
-8.203,-4.96,1,L,844,P
0.5088,0.02409,1,N,845,K
0,0,,N,845,N
-0.9592,-0.09497,2,H,846,D
0,0,,H,846,H
-8.165,-4.956,6,H,846,N
2.044,0.05289,1,H,846,R
-0.2163,-0.01448,3,H,846,Y
0,0,,L,847,L
-0.1276,-0.008172,1,L,847,M
-3.346,-1.243,1,L,847,P
2.665,0.05657,1,L,847,Q
1.263,0.0435,1,T,848,A
3.573,0.05912,4,T,848,N
0,0,,T,848,T
2.095,0.05328,3,S,849,G
-4.65,-2.796,2,S,849,I
1.354,0.045,2,S,849,N
-2.71,-0.7232,3,S,849,R
0,0,,S,849,S
4.455,0.06014,4,V,85,A
0.003783,0.0002272,2,V,85,C
-2.12,-0.4056,5,V,85,D
-0.13,-0.008333,7,V,85,E
-1.4,-0.1772,5,V,85,F
7.412,0.06081,5,V,85,G
1.927,0.0519,2,V,85,H
-1.242,-0.1438,8,V,85,I
0.9742,0.03771,5,V,85,K
-0.3539,-0.0254,9,V,85,L
2.673,0.0566,4,V,85,M
4.373,0.06008,3,V,85,N
7.033,0.0608,5,V,85,P
4.976,0.06043,5,V,85,Q
3.561,0.0591,6,V,85,R
-0.4911,-0.03785,6,V,85,S
1.809,0.05079,3,V,85,T
0,0,,V,85,V
-1.513,-0.2044,3,V,85,W
-0.2569,-0.01755,9,V,85,Y
6.056,0.06071,1,Q,850,-
-3.244,-1.147,1,Q,850,H
-9.617,-5.047,1,Q,850,K
0,0,,Q,850,Q
-0.04721,-0.002906,2,Q,850,R
0,0,,L,851,L
-0.951,-0.09375,1,L,851,M
-9.051,-5.025,2,L,851,P
-7.76,-4.899,2,R,852,G
-8.838,-5.014,6,R,852,I
0,0,,R,852,R
-5.878,-4.103,4,Q,853,*
0.1297,0.007328,8,Q,853,H
0,0,,Q,853,Q
-2.752,-0.7519,1,Q,853,R
-3.323,-1.221,3,N,854,K
0,0,,N,854,N
0,0,,F,855,F
-9.069,-5.026,1,F,855,I
-8.715,-5.006,8,F,855,L
-12.44,-5.074,2,F,855,S
-7.197,-4.773,2,Q,856,*
-3.049,-0.9762,3,Q,856,H
0.3174,0.0164,2,Q,856,K
-4.644,-2.789,1,Q,856,L
-9.848,-5.053,4,Q,856,P
0,0,,Q,856,Q
-4.035,-2.015,5,Q,856,R
0,0,,A,857,A
-6.595,-4.549,1,A,857,D
-1.684,-0.2508,1,A,857,S
-5.421,-3.691,2,A,857,T
-4.303,-2.353,2,A,857,V
0,0,,I,858,I
3.171,0.05827,1,I,858,L
-7.67,-4.883,2,I,858,N
-4.437,-2.524,1,I,858,S
-3.454,-1.351,2,S,859,G
-4.121,-2.121,1,S,859,I
-6.105,-4.27,4,S,859,N
0,0,,S,859,S
4.801,0.06035,9,S,86,A
-1.613,-0.2305,5,S,86,C
-2.581,-0.6414,8,S,86,D
-1.493,-0.1993,7,S,86,E
-2.466,-0.5747,7,S,86,F
-1.447,-0.1883,3,S,86,G
-1.618,-0.2319,4,S,86,H
-1.962,-0.3426,4,S,86,I
1.909,0.05174,1,S,86,L
0.5083,0.02408,2,S,86,M
3.216,0.05838,9,S,86,N
-1.397,-0.1766,6,S,86,P
-1.95,-0.3383,1,S,86,Q
0,0,,S,86,S
3.482,0.05896,3,S,86,T
1.633,0.04885,7,S,86,V
-0.5423,-0.04293,12,S,86,Y
-7.571,-4.864,1,S,860,G
-4.856,-3.053,2,S,860,I
0.9211,0.03645,1,S,860,N
-8.837,-5.014,1,S,860,R
0,0,,S,860,S
-9.375,-5.039,1,S,861,G
-7.339,-4.811,1,S,861,I
0.3911,0.01954,4,S,861,N
-5.541,-3.81,2,S,861,R
0,0,,S,861,S
-4.485,-2.586,1,S,861,T
0,0,,I,862,I
-6.24,-4.357,1,I,862,M
-5.644,-3.905,1,I,862,N
1.244,0.04316,1,I,862,T
-4.873,-3.074,6,Q,863,*
2.463,0.05561,2,Q,863,H
-8.454,-4.986,3,Q,863,K
0,0,,Q,863,Q
-5.769,-4.014,1,Q,863,R
0,0,,A,864,A
-11.55,-5.071,1,A,864,D
-2.86,-0.8285,5,A,864,T
-2.889,-0.85,1,A,864,V
-5.22,-3.479,1,I,865,F
0,0,,I,865,I
-9.115,-5.029,4,Y,866,*
-4.22,-2.246,1,Y,866,C
-3.705,-1.622,2,Y,866,H
-5.07,-3.31,1,Y,866,N
0,0,,Y,866,Y
-2.212,-0.4462,1,D,867,A
0,0,,D,867,D
-3.583,-1.488,1,D,867,E
-1.775,-0.2784,1,D,867,G
-6.899,-4.677,2,D,867,N
-8.309,-4.972,4,D,867,Y
-10.14,-5.058,11,R,868,I
-3.068,-0.992,2,R,868,K
0,0,,R,868,R
0,0,,L,869,L
-1.951,-0.3388,1,L,869,M
-2.637,-0.6762,1,L,869,P
-0.04646,-0.002858,4,G,87,A
-11.27,-5.07,8,G,87,C
1.237,0.04304,14,G,87,D
-1.194,-0.1346,5,G,87,E
-3.596,-1.501,3,G,87,F
0,0,,G,87,G
-0.5031,-0.03902,2,G,87,H
-2.949,-0.896,5,G,87,I
2.782,0.05704,2,G,87,K
2.552,0.05606,1,G,87,L
4.17,0.0599,2,G,87,M
0.1555,0.008675,2,G,87,N
-1.835,-0.2979,5,G,87,P
0.6828,0.02993,4,G,87,Q
6.541,0.06076,6,G,87,R
2.213,0.05412,6,G,87,S
5.527,0.06061,4,G,87,T
2.641,0.05647,8,G,87,V
-1.306,-0.1568,4,G,87,W
-2.414,-0.5461,3,G,87,Y
0,0,,D,870,D
-4.75,-2.922,1,D,870,E
-1.554,-0.2148,2,D,870,G
-9.901,-5.054,1,D,870,H
-5.226,-3.485,4,D,870,N
-5.216,-3.475,2,D,870,Y
-7.608,-4.871,2,I,871,-
0,0,,I,871,I
-1.256,-0.1465,1,I,871,N
-2.689,-0.7097,1,I,871,T
0,0,,I,872,I
1.542,0.04771,1,I,872,T
-2.211,-0.4458,1,I,872,V
-7.729,-4.893,3,Q,873,*
-0.1632,-0.01064,5,Q,873,H
-1.846,-0.3016,7,Q,873,K
-3.214,-1.12,1,Q,873,L
0,0,,Q,873,Q
-1.024,-0.1051,3,Q,873,R
0,0,,A,874,A
-7.08,-4.738,5,A,874,D
-5.813,-4.051,2,A,874,S
-8.353,-4.976,8,A,874,T
1.768,0.05037,3,A,874,V
0,0,,D,875,D
-8.75,-5.008,3,D,875,E
-3.823,-1.758,9,D,875,N
-7.89,-4.92,11,D,875,Y
-7.801,-4.906,5,Q,876,*
-1.68,-0.2495,5,Q,876,K
0,0,,Q,876,Q
-0.283,-0.01959,3,Q,876,R
-10.46,-5.063,3,Q,877,*
-3.152,-1.064,6,Q,877,H
-6.615,-4.559,3,Q,877,K
-1.903,-0.3214,1,Q,877,P
0,0,,Q,877,Q
-10.77,-5.066,1,V,878,E
-9.24,-5.034,1,V,878,G
0.7708,0.03252,2,V,878,M
0,0,,V,878,V
0,0,,D,879,D
-3.01,-0.9439,2,D,879,E
10.43,0.06085,1,D,879,G
-7.101,-4.745,1,D,879,H
-7.051,-4.729,6,D,879,N
-4.437,-2.524,5,D,879,Y
3.964,0.05968,2,S,88,-
0.5272,0.02476,4,S,88,A
2.489,0.05575,5,S,88,C
-2.469,-0.5762,3,S,88,D
1.729,0.04995,3,S,88,E
0.927,0.0366,3,S,88,F
3.249,0.05846,1,S,88,G
-3.377,-1.274,3,S,88,H
-2.097,-0.3957,9,S,88,I
-1.647,-0.2401,9,S,88,K
-1.328,-0.1615,4,S,88,L
-1.73,-0.2644,2,S,88,M
-1.632,-0.2358,9,S,88,N
-2.516,-0.6029,4,S,88,P
-1.804,-0.2878,4,S,88,Q
-0.1399,-0.009011,7,S,88,R
0,0,,S,88,S
0.6018,0.02734,6,S,88,T
-0.02053,-0.001247,3,S,88,V
0.0479,0.002814,6,S,88,W
6.487,0.06076,3,S,88,Y
-8.715,-5.006,5,R,880,L
-8.265,-4.967,5,R,880,Q
0,0,,R,880,R
-3.146,-1.058,1,L,881,*
-8.657,-5.002,10,L,881,F
0,0,,L,881,L
-1.015,-0.1037,1,L,881,M
0.498,0.0237,1,L,881,S
0,0,,I,882,I
-1.836,-0.2984,1,I,882,K
-3.821,-1.756,1,I,882,R
-2.515,-0.6023,1,I,882,V
0.4362,0.02135,1,T,883,N
0,0,,T,883,T
-11.98,-5.073,6,G,884,C
-5.129,-3.377,11,G,884,D
0,0,,G,884,G
-1.748,-0.27,4,G,884,S
-7.406,-4.828,8,R,885,I
0,0,,R,885,R
0,0,,L,886,L
-3.649,-1.559,1,L,886,M
-7.599,-4.869,4,L,886,P
-11.69,-5.072,1,L,886,Q
0,0,,A,887,A
0.0974,0.005587,3,A,887,D
-2.014,-0.3626,11,A,887,T
-3.82,-1.754,1,A,887,V
0,0,,A,888,A
-0.8236,-0.07574,1,A,888,S
-1.079,-0.1142,11,A,888,T
-1.133,-0.1235,2,A,888,V
0,0,,L,889,L
-10.22,-5.06,10,L,889,M
5.421,0.06058,1,L,889,P
-2.383,-0.5296,3,R,89,A
4.808,0.06035,6,R,89,C
-1.72,-0.2615,4,R,89,D
-3.593,-1.498,5,R,89,E
-2.266,-0.4713,4,R,89,F
2.543,0.05601,3,R,89,G
-1.198,-0.1354,48,R,89,H
0.6518,0.02896,2,R,89,I
-2.82,-0.7996,2,R,89,K
0.4552,0.02208,13,R,89,L
-2.845,-0.8175,4,R,89,M
4.698,0.06029,4,R,89,N
4.949,0.06042,6,R,89,P
-1.767,-0.276,13,R,89,Q
0,0,,R,89,R
-1.894,-0.3183,6,R,89,S
-1.731,-0.2648,5,R,89,T
-0.9387,-0.09191,4,R,89,V
-1.223,-0.1402,8,R,89,W
1.622,0.04871,9,R,89,Y
-1.548,-0.2133,1,N,890,D
-1.008,-0.1026,3,N,890,K
0,0,,N,890,N
-1.83,-0.2965,1,N,890,Y
-2.082,-0.3897,1,V,891,A
4.206,0.05993,3,V,891,L
-6.098,-4.264,7,V,891,M
0,0,,V,891,V
0,0,,F,892,F
-10.18,-5.059,3,F,892,I
-7.797,-4.905,15,F,892,L
1.014,0.0386,1,F,892,V
-0.9173,-0.08877,1,F,892,Y
-9.43,-5.041,2,V,893,D
-3.293,-1.193,3,V,893,I
0,0,,V,893,V
-2.366,-0.5209,1,S,894,-
-6.315,-4.402,1,S,894,C
-2.788,-0.7764,3,S,894,F
-6.61,-4.556,2,S,894,P
0,0,,S,894,S
-1.321,-0.16,1,S,894,T
-3.512,-1.411,3,S,894,Y
0,0,,H,895,H
-5.575,-3.842,1,H,895,L
-0.8885,-0.08464,6,H,895,N
1.309,0.04427,2,H,895,Q
-8.116,-4.95,2,H,895,R
-2.344,-0.5096,5,H,895,Y
-4.768,-2.945,1,T,896,A
2.216,0.05415,2,T,896,I
-0.5647,-0.04523,2,T,896,K
0,0,,T,896,T
0,0,,L,897,L
-0.2699,-0.01856,6,L,897,M
1.896,0.05162,1,L,897,Q
-4.607,-2.742,1,L,897,R
-1.902,-0.3209,1,T,898,-
-3.516,-1.416,3,T,898,I
3.045,0.05792,1,T,898,K
0,0,,T,898,T
-1.322,-0.1602,1,K,899,-
-2.115,-0.4037,1,K,899,E
0,0,,K,899,K
-4.951,-3.169,2,K,899,N
-2.186,-0.4343,1,K,899,R
-0.1716,-0.01123,2,F,90,A
-0.9434,-0.09261,2,F,90,C
-0.6967,-0.05985,4,F,90,D
-0.4089,-0.03019,4,F,90,E
0,0,,F,90,F
-2.425,-0.5523,4,F,90,G
-6.579,-4.542,2,F,90,H
5.14,0.06049,4,F,90,I
3.59,0.05915,1,F,90,K
-0.7802,-0.07008,13,F,90,L
-1.167,-0.1297,6,F,90,M
1.781,0.0505,5,F,90,N
1.49,0.047,3,F,90,P
-2.258,-0.4677,4,F,90,Q
0.4745,0.02282,9,F,90,S
-3.108,-1.025,1,F,90,T
-2.308,-0.4918,4,F,90,V
1.987,0.05242,1,F,90,Y
-9.269,-5.035,3,Y,900,*
-2.252,-0.4646,1,Y,900,-
-8.687,-5.004,1,Y,900,D
-0.722,-0.06287,1,Y,900,H
-1.607,-0.2289,1,Y,900,N
0,0,,Y,900,Y
0.4063,0.02016,1,T,901,A
-3.394,-1.291,4,T,901,I
-4.537,-2.653,2,T,901,N
0,0,,T,901,T
-4.337,-2.396,3,E,902,*
-0.4271,-0.03183,4,E,902,D
0,0,,E,902,E
-0.1066,-0.006752,9,E,902,K
-1.204,-0.1365,1,V,903,A
-6.784,-4.632,2,V,903,L
0,0,,V,903,V
-14.28,-5.075,7,R,904,L
-2.336,-0.5057,4,R,904,Q
0,0,,R,904,R
-4.552,-2.672,7,R,904,W
0,0,,A,905,A
-1.258,-0.147,2,A,905,D
-1.249,-0.1452,1,A,905,S
-7.966,-4.931,2,A,905,T
0.398,0.01982,1,A,905,V
-1.865,-0.308,1,S,906,F
-3.188,-1.096,1,S,906,P
0,0,,S,906,S
-1.425,-0.1831,1,S,906,T
-3.991,-1.96,4,S,906,Y
-4.551,-2.671,4,R,907,C
-6.14,-4.293,12,R,907,H
-0.5373,-0.04242,1,R,907,L
0,0,,R,907,R
-8.286,-4.969,8,R,907,S
-5.796,-4.036,2,Q,908,*
-1.802,-0.2871,7,Q,908,K
0,0,,Q,908,Q
0,0,,L,909,L
0.8342,0.03425,3,L,909,M
-9.585,-5.046,3,L,909,P
-3.982,-1.949,2,L,909,Q
-1.182,-0.1324,1,T,91,-
-2.29,-0.483,3,T,91,A
4.409,0.0601,5,T,91,C
-3.223,-1.128,2,T,91,D
-4.325,-2.38,5,T,91,E
0.3075,0.01597,4,T,91,F
4.262,0.05998,5,T,91,G
10.02,0.06085,6,T,91,H
0.1251,0.007079,7,T,91,I
-2.353,-0.5145,3,T,91,K
0.2117,0.0115,3,T,91,L
0.07131,0.004142,5,T,91,M
-0.3482,-0.02492,3,T,91,N
-3.08,-1.002,5,T,91,P
-2.009,-0.3608,2,T,91,Q
4.958,0.06042,2,T,91,R
-0.03025,-0.001846,4,T,91,S
0,0,,T,91,T
0.6613,0.02926,5,T,91,V
0.2377,0.01275,5,T,91,W
3.875,0.05957,4,T,91,Y
0,0,,A,910,A
-3.902,-1.852,1,A,910,D
-6.235,-4.354,2,A,910,S
-10.92,-5.067,5,A,910,T
-10.15,-5.058,5,A,910,V
-8.122,-4.951,1,Q,911,*
-0.9718,-0.09689,6,Q,911,K
0,0,,Q,911,Q
2.252,0.05438,1,Q,912,*
-2.18,-0.4315,1,Q,912,-
7.354,0.06081,3,Q,912,H
1.812,0.05081,1,Q,912,K
0,0,,Q,912,Q
-1.033,-0.1065,1,Q,912,R
-1.291,-0.1536,1,K,913,-
0,0,,K,913,K
-10.73,-5.066,5,K,913,N
-4.087,-2.078,1,K,913,R
-1.41,-0.1796,1,V,914,-
-1.668,-0.2462,1,V,914,D
-11.39,-5.07,3,V,914,F
1.96,0.05219,3,V,914,I
0,0,,V,914,V
-1.466,-0.1928,2,N,915,D
5.169,0.0605,1,N,915,I
3.388,0.05877,4,N,915,K
0,0,,N,915,N
-6.959,-4.698,7,E,916,*
0,0,,E,916,E
-3.928,-1.883,11,E,916,K
-2.549,-0.6222,1,E,916,V
-10.81,-5.067,3,C,917,*
0,0,,C,917,C
-6.595,-4.549,4,C,917,F
-8.845,-5.014,1,C,917,R
-11.81,-5.072,4,C,917,Y
-2.647,-0.6826,6,V,918,A
-14.56,-5.075,12,V,918,M
0,0,,V,918,V
-6.436,-4.47,4,K,919,E
-0.9716,-0.09687,2,K,919,I
0,0,,K,919,K
-3.595,-1.5,2,K,919,N
-1.009,-0.1027,1,T,92,-
-0.959,-0.09494,5,T,92,A
-0.7629,-0.06789,2,T,92,C
-2.259,-0.468,3,T,92,D
-1.22,-0.1396,3,T,92,E
-2.953,-0.8991,2,T,92,F
3.136,0.05818,4,T,92,G
-2.274,-0.4752,2,T,92,H
0.1729,0.009565,9,T,92,I
-3.724,-1.644,3,T,92,K
-1.587,-0.2235,2,T,92,L
-0.3701,-0.02679,5,T,92,M
1.292,0.04399,7,T,92,N
3.109,0.0581,2,T,92,P
3.765,0.05942,1,T,92,Q
0.8519,0.03472,2,T,92,R
-3.557,-1.46,3,T,92,S
0,0,,T,92,T
-1.862,-0.3072,3,T,92,V
-2.395,-0.5362,6,T,92,W
-1.265,-0.1484,3,T,92,Y
3.641,0.05924,1,S,920,G
0.7483,0.03188,2,S,920,I
0.2683,0.01419,1,S,920,N
0.8197,0.03386,2,S,920,R
0,0,,S,920,S
-1.859,-0.3059,7,Q,921,H
-3.961,-1.923,4,Q,921,K
-5.427,-3.698,2,Q,921,L
0,0,,Q,921,Q
-3.557,-1.459,1,S,922,G
-11.97,-5.073,2,S,922,N
-8.288,-4.97,3,S,922,R
0,0,,S,922,S
9.484,0.06085,1,K,923,*
-2.995,-0.932,2,K,923,E
0,0,,K,923,K
-0.666,-0.05628,1,K,923,R
-2.388,-0.5327,1,R,924,G
-0.1382,-0.008896,3,R,924,I
0.4664,0.02251,15,R,924,K
0,0,,R,924,R
0.5297,0.02485,5,Y,925,*
-1.544,-0.2122,1,Y,925,D
0,0,,Y,925,Y
-6.144,-4.295,6,G,926,C
0.7007,0.03047,6,G,926,D
0,0,,G,926,G
-3.16,-1.071,4,G,926,S
-7.304,-4.802,1,G,926,V
0,0,,F,927,F
-4.898,-3.106,3,F,927,L
-3.381,-1.278,1,F,927,S
-0.6676,-0.05646,1,F,927,V
2.303,0.0547,1,F,927,Y
-9.81,-5.052,3,C,928,*
0,0,,C,928,C
-6.807,-4.642,1,C,928,F
-8.582,-4.996,1,C,928,R
-9.599,-5.046,7,C,928,Y
-10.92,-5.067,6,G,929,C
-9.212,-5.033,6,G,929,D
0,0,,G,929,G
-15.52,-5.075,6,G,929,S
-3.928,-1.884,1,G,93,-
-1.271,-0.1497,3,G,93,A
-4.002,-1.974,14,G,93,C
-6.823,-4.648,3,G,93,D
1.911,0.05175,3,G,93,E
-1.045,-0.1084,3,G,93,F
0,0,,G,93,G
7.138,0.0608,4,G,93,H
-7.451,-4.838,2,G,93,I
-1.288,-0.1532,8,G,93,K
-3.07,-0.9936,3,G,93,L
-1.715,-0.2598,2,G,93,M
4.391,0.06009,3,G,93,N
-1.792,-0.2838,6,G,93,P
-0.06049,-0.003746,3,G,93,Q
3.741,0.05939,1,G,93,R
1.962,0.05221,6,G,93,S
1.208,0.04252,4,G,93,T
-2.727,-0.735,13,G,93,V
-2.487,-0.5863,5,G,93,W
0.8912,0.03572,5,G,93,Y
-0.6572,-0.05528,4,N,930,K
0,0,,N,930,N
0.8748,0.0353,1,G,931,-
-11.1,-5.069,3,G,931,C
-9.707,-5.049,12,G,931,D
0,0,,G,931,G
-9.39,-5.04,4,G,931,S
0.5589,0.02588,1,G,931,V
-2.488,-0.5869,1,T,932,-
-2.544,-0.6194,2,T,932,A
-0.7142,-0.06192,1,T,932,I
-3.167,-1.077,2,T,932,N
0,0,,T,932,T
-0.69,-0.05906,1,H,933,-
0,0,,H,933,H
-7.438,-4.835,9,H,933,N
0.08753,0.005045,2,I,934,-
0,0,,I,934,I
1.174,0.04189,2,F,935,-
0,0,,F,935,F
-5.103,-3.347,1,F,935,I
-10.32,-5.061,1,F,935,V
-6.735,-4.612,3,F,935,Y
-2.577,-0.6393,2,S,936,-
-12.89,-5.074,2,S,936,I
-15.28,-5.075,6,S,936,N
-8.804,-5.012,2,S,936,R
0,0,,S,936,S
0.04589,0.002698,2,I,937,-
-2.44,-0.5603,1,I,937,F
0,0,,I,937,I
-6.273,-4.377,2,I,937,N
4.982,0.06043,2,I,937,V
-0.3089,-0.02167,1,V,938,-
-1.569,-0.2187,1,V,938,L
-5.83,-4.064,2,V,938,M
0,0,,V,938,V
0.8178,0.03381,1,N,939,-
-7.417,-4.83,2,N,939,D
0,0,,N,939,N
-2.125,-0.4077,1,F,94,-
0.6391,0.02855,7,F,94,A
-7.623,-4.874,3,F,94,C
-1.358,-0.168,5,F,94,D
-2.287,-0.4812,5,F,94,E
0,0,,F,94,F
-1.892,-0.3174,7,F,94,H
-2.171,-0.4277,5,F,94,I
-3.805,-1.737,4,F,94,K
-2.72,-0.7302,13,F,94,L
-3.589,-1.494,2,F,94,M
-3.44,-1.337,6,F,94,N
-0.2688,-0.01848,6,F,94,P
-3.067,-0.9906,6,F,94,Q
-2.961,-0.9052,5,F,94,R
-2.35,-0.5125,6,F,94,S
-2.401,-0.5392,7,F,94,T
-3.603,-1.509,3,F,94,V
-2.486,-0.586,4,F,94,W
0.2827,0.01485,7,F,94,Y
1.007,0.03844,1,A,940,-
0,0,,A,940,A
-11.4,-5.07,2,A,940,E
-0.2739,-0.01887,3,A,940,S
-4.325,-2.38,24,A,940,T
-5.208,-3.466,4,A,940,V
-2.093,-0.3944,1,A,941,-
0,0,,A,941,A
-5.889,-4.112,1,A,941,D
-6.068,-4.244,1,A,941,S
-5.327,-3.595,1,A,941,V
0.44,0.02149,1,P,942,-
-7.829,-4.91,4,P,942,H
-10.93,-5.068,2,P,942,L
0,0,,P,942,P
-7.256,-4.79,10,P,942,T
-3.105,-1.023,3,E,943,*
0.2204,0.01192,1,E,943,-
-2.345,-0.51,5,E,943,D
0,0,,E,943,E
-3.924,-1.878,1,E,943,G
-5.149,-3.399,5,E,943,K
0.9677,0.03756,1,G,944,-
-8.145,-4.954,4,G,944,C
-8.734,-5.007,3,G,944,D
0,0,,G,944,G
-14.21,-5.075,5,G,944,S
-1.698,-0.2547,1,L,945,-
0,0,,L,945,L
-2.55,-0.6226,2,L,945,M
-8.42,-4.983,7,L,945,P
-10.5,-5.063,3,L,945,Q
-9.337,-5.038,2,L,945,R
1.411,0.04588,1,V,946,-
-9.545,-5.045,2,V,946,A
-7.28,-4.796,2,V,946,E
-4.815,-3.003,4,V,946,M
0,0,,V,946,V
-1.903,-0.3214,1,F,947,-
0,0,,F,947,F
-5.085,-3.326,9,F,947,L
-7.933,-4.926,1,F,947,S
-6.669,-4.583,1,F,947,V
-0.05095,-0.003141,1,L,948,-
0,0,,L,948,L
1.475,0.0468,3,L,948,M
-13.05,-5.074,3,L,948,P
4.494,0.06016,1,L,948,Q
-7.305,-4.802,1,L,948,R
-0.7414,-0.06522,1,H,949,-
0,0,,H,949,H
-4.22,-2.247,2,H,949,N
-2.321,-0.4981,1,H,949,R
-6.454,-4.479,4,H,949,Y
-1.509,-0.2034,1,V,95,-
-2.022,-0.3657,5,V,95,A
-3.639,-1.548,5,V,95,C
-4.36,-2.425,4,V,95,D
-4.481,-2.581,12,V,95,E
-3.735,-1.657,5,V,95,F
-6.594,-4.549,5,V,95,G
-2.803,-0.787,8,V,95,H
-3.627,-1.535,6,V,95,I
-3.978,-1.944,3,V,95,K
0.9006,0.03595,12,V,95,L
-1.033,-0.1066,10,V,95,M
-3.235,-1.138,5,V,95,N
-8.833,-5.013,1,V,95,P
5.486,0.0606,4,V,95,Q
-5.403,-3.673,6,V,95,R
-1.652,-0.2414,3,V,95,S
3.343,0.05868,9,V,95,T
0,0,,V,95,V
-3.809,-1.742,5,V,95,W
-3.787,-1.716,5,V,95,Y
3.607,0.05918,1,T,950,I
-3.456,-1.354,2,T,950,N
-5.2,-3.457,1,T,950,S
0,0,,T,950,T
-5.569,-3.835,3,V,951,A
0.04896,0.002875,2,V,951,L
-4.068,-2.055,11,V,951,M
0,0,,V,951,V
0,0,,L,952,L
1.394,0.04562,1,L,952,M
-8.148,-4.954,1,L,952,P
-6.274,-4.377,1,L,952,Q
0,0,,L,953,L
4.981,0.06043,1,L,953,M
-7.134,-4.755,1,L,953,P
-8.988,-5.022,1,L,953,R
0,0,,P,954,P
-7.656,-4.88,4,P,954,Q
-5.304,-3.57,1,P,954,S
-2.581,-0.6414,4,T,955,I
-3.739,-1.661,4,T,955,K
0,0,,T,955,T
-9.356,-5.038,4,Q,956,*
-0.08192,-0.005128,2,Q,956,H
1.362,0.04513,1,Q,956,K
0,0,,Q,956,Q
-4.026,-2.003,2,Q,956,R
-6.383,-4.441,2,Y,957,*
-3.044,-0.9721,1,Y,957,C
3.492,0.05898,2,Y,957,H
0,0,,Y,957,Y
0,0,,K,958,K
-2.505,-0.5964,1,K,958,N
-0.1241,-0.007935,1,K,958,T
0,0,,D,959,D
-0.5612,-0.04486,3,D,959,E
-2.767,-0.7621,2,D,959,H
2.257,0.05441,7,D,959,N
-4.909,-3.118,1,D,959,Y
-8.859,-5.015,3,Y,96,*
-1.935,-0.3329,2,Y,96,-
-1.421,-0.1821,7,Y,96,A
-2.924,-0.8764,6,Y,96,C
3.012,0.05782,2,Y,96,D
-3.392,-1.289,4,Y,96,E
6.075,0.06071,4,Y,96,F
6.96,0.06079,5,Y,96,G
-6.094,-4.262,2,Y,96,I
-3.459,-1.357,6,Y,96,K
-3.556,-1.458,7,Y,96,L
0.3561,0.01808,7,Y,96,M
2.287,0.0546,3,Y,96,N
-5.147,-3.397,11,Y,96,P
-3,-0.9359,6,Y,96,Q
-1.809,-0.2894,4,Y,96,R
-2.893,-0.8531,7,Y,96,S
-2.896,-0.8552,7,Y,96,T
-4.412,-2.493,2,Y,96,V
-0.993,-0.1002,3,Y,96,W
0,0,,Y,96,Y
-1.301,-0.1559,1,V,960,L
-3.251,-1.153,2,V,960,M
0,0,,V,960,V
-14.85,-5.075,3,E,961,*
0.524,0.02464,7,E,961,D
0,0,,E,961,E
-0.2596,-0.01776,3,E,961,K
0,0,,A,962,A
-0.1125,-0.007147,2,A,962,T
-4.709,-2.872,1,A,962,V
-9.069,-5.026,12,W,963,*
-13.15,-5.074,1,W,963,C
-2.835,-0.8102,1,W,963,G
-3.06,-0.9847,6,W,963,L
-6.755,-4.62,2,W,963,R
0,0,,W,963,W
-13.04,-5.074,11,S,964,*
0.9896,0.03806,6,S,964,L
-1.869,-0.3096,1,S,964,P
0,0,,S,964,S
-11.44,-5.071,5,G,965,*
-8.701,-5.005,5,G,965,E
0,0,,G,965,G
-7.269,-4.793,10,G,965,R
-8.825,-5.013,5,G,965,V
-1.036,-0.107,1,L,966,F
-2.859,-0.8273,2,L,966,I
0,0,,L,966,L
-4.087,-2.079,3,L,966,P
-4.164,-2.176,2,C,967,*
0,0,,C,967,C
-2.592,-0.6483,2,C,967,F
-0.1681,-0.01099,2,C,967,R
-3.885,-1.832,10,C,967,Y
-0.05695,-0.003522,6,V,968,M
0,0,,V,968,V
0,0,,D,969,D
3.98,0.0597,2,D,969,E
0.8229,0.03395,1,D,969,G
0.3834,0.01922,8,D,969,N
-17.5,-5.075,3,D,969,Y
-3.836,-1.773,3,F,97,-
-4.913,-3.124,6,F,97,C
-10.18,-5.059,7,F,97,D
-9.528,-5.044,5,F,97,E
0,0,,F,97,F
-0.7415,-0.06524,2,F,97,G
0.9108,0.0362,2,F,97,H
-2.75,-0.75,6,F,97,I
-11.25,-5.07,3,F,97,K
-2.711,-0.7239,10,F,97,L
0.3187,0.01646,1,F,97,M
-7.608,-4.871,7,F,97,N
-9.657,-5.048,3,F,97,P
-4.033,-2.012,2,F,97,Q
-12.25,-5.073,3,F,97,R
-9.033,-5.025,9,F,97,S
-3.812,-1.745,6,F,97,T
-4.266,-2.306,4,F,97,V
-0.7623,-0.06782,7,F,97,W
0.6865,0.03004,4,F,97,Y
-4.425,-2.509,8,G,970,C
2.39,0.05522,5,G,970,D
0,0,,G,970,G
-0.4104,-0.03033,6,G,970,S
-9.364,-5.039,5,G,970,V
-0.3937,-0.02884,3,R,971,L
0.6332,0.02837,19,R,971,Q
0,0,,R,971,R
9.385,0.06085,4,R,971,W
-1.983,-0.3508,2,N,972,D
1.172,0.04184,2,N,972,K
0,0,,N,972,N
-9.54,-5.045,6,G,973,*
-1.218,-0.1392,2,G,973,A
-8.162,-4.956,63,G,973,E
0,0,,G,973,G
3.764,0.05942,1,G,973,K
-12.49,-5.074,33,G,973,R
-0.01764,-0.00107,1,G,973,V
-4.358,-2.422,1,Y,974,C
-3.124,-1.039,1,Y,974,F
0,0,,Y,974,Y
6.279,0.06074,2,V,975,A
0.3319,0.01704,1,V,975,E
-2.46,-0.5712,2,V,975,L
4.628,0.06025,7,V,975,M
0,0,,V,975,V
0,0,,L,976,L
2.876,0.05738,1,L,976,M
-1.138,-0.1243,1,R,977,G
-1.088,-0.1156,7,R,977,I
0.1691,0.009373,4,R,977,K
0,0,,R,977,R
-4.118,-2.118,3,Q,978,*
-2.195,-0.4383,1,Q,978,H
-1.364,-0.1691,1,Q,978,K
0,0,,Q,978,Q
3.047,0.05793,6,P,979,H
-0.2265,-0.01524,1,P,979,L
0,0,,P,979,P
1.837,0.05106,2,P,979,S
-0.2734,-0.01883,1,P,979,T
-0.9653,-0.09589,2,N,98,-
0.8586,0.03489,6,N,98,A
-6.819,-4.646,8,N,98,C
1.209,0.04254,3,N,98,D
-2.293,-0.4846,4,N,98,E
-10.92,-5.067,6,N,98,F
-1.519,-0.2059,5,N,98,G
-4.733,-2.901,6,N,98,H
-3.32,-1.218,11,N,98,I
-3.981,-1.948,6,N,98,K
-4.127,-2.129,3,N,98,L
-2.963,-0.9064,7,N,98,M
0,0,,N,98,N
-7.485,-4.846,6,N,98,P
-3.261,-1.162,8,N,98,R
5.595,0.06062,5,N,98,S
-0.1548,-0.01005,7,N,98,T
-6.516,-4.511,2,N,98,V
-5.811,-4.049,4,N,98,W
-4.954,-3.173,11,N,98,Y
2.139,0.05361,1,N,980,K
0,0,,N,980,N
0,0,,L,981,L
-0.02221,-0.00135,2,L,981,M
-1.66,-0.2437,1,L,981,Q
1.908,0.05173,1,L,981,V
0,0,,A,982,A
-5.99,-4.188,1,A,982,D
-0.2199,-0.01475,1,A,982,S
-5.823,-4.059,1,A,982,T
-3.497,-1.396,1,A,982,V
0,0,,L,983,L
-1.155,-0.1274,5,L,983,M
6.018,0.0607,2,L,983,Q
-6.496,-4.501,1,L,983,R
-6.406,-4.454,2,Y,984,H
-8.894,-5.017,2,Y,984,N
0,0,,Y,984,Y
-3.581,-1.485,1,K,985,E
0,0,,K,985,K
3.038,0.0579,1,K,985,M
-1.865,-0.3083,9,K,985,N
-6.172,-4.314,2,K,985,R
-8.436,-4.984,5,E,986,*
0,0,,E,986,E
-0.1415,-0.009125,1,E,986,G
0.8656,0.03507,22,E,986,K
-7.612,-4.872,4,G,987,C
8.267,0.06084,7,G,987,D
0,0,,G,987,G
-1.894,-0.3184,1,G,987,S
-2.021,-0.3655,1,G,987,V
-0.7841,-0.07058,1,N,988,D
1.182,0.04204,5,N,988,K
0,0,,N,988,N
-7.911,-4.923,7,Y,989,*
3.502,0.059,1,Y,989,C
0,0,,Y,989,Y
-0.9583,-0.09484,2,G,99,-
-3.035,-0.9642,3,G,99,A
-8.505,-4.99,14,G,99,C
-2.486,-0.5857,16,G,99,D
-2.928,-0.8797,7,G,99,E
-6.175,-4.316,1,G,99,F
0,0,,G,99,G
0.02872,0.001703,3,G,99,H
-3.86,-1.802,5,G,99,I
-2.282,-0.4789,3,G,99,K
5.01,0.06044,5,G,99,L
-0.1358,-0.008731,2,G,99,M
3.814,0.05949,3,G,99,N
10.81,0.06085,3,G,99,P
-3.079,-1.001,5,G,99,Q
-2.38,-0.528,3,G,99,R
-2.031,-0.3693,10,G,99,S
2.878,0.05739,1,G,99,T
-3.192,-1.1,8,G,99,V
-3.92,-1.873,5,G,99,W
-3.536,-1.437,5,G,99,Y
-8.886,-5.017,2,Y,990,*
-12.8,-5.074,1,Y,990,C
0,0,,Y,990,Y
-0.609,-0.04993,1,R,991,-
-4.095,-2.088,2,R,991,G
-0.6237,-0.05154,1,R,991,I
-3.201,-1.108,10,R,991,K
0,0,,R,991,R
-0.8625,-0.08101,1,I,992,-
0,0,,I,992,I
-3.425,-1.322,1,I,992,N
0.4015,0.01996,1,T,993,-
-4.936,-3.151,6,T,993,I
-10.82,-5.067,1,T,993,N
0,0,,T,993,T
-3.499,-1.398,7,S,994,N
2.12,0.05347,2,S,994,R
0,0,,S,994,S
-6.402,-4.451,7,R,995,I
2.071,0.0531,17,R,995,K
0,0,,R,995,R
0,0,,I,996,I
-4.49,-2.592,1,I,996,T
4.22,0.05995,1,I,996,V
-1.749,-0.2704,7,M,997,I
0,0,,M,997,M
1.201,0.04239,2,M,997,T
0,0,,F,998,F
-2.894,-0.8534,3,F,998,L
-8.873,-5.016,9,E,999,*
-0.3022,-0.02113,2,E,999,D
0,0,,E,999,E
-1.436,-0.1855,11,E,999,K
